strategy_date,training_date,audit_status,audit_scope,audit_result,lesson_type,lesson_note,rank,code,name,push_level,fast_level,fast_score,market_price_date,market_lag_days,market_source,observed_days,latest_return_pct,tail_next_open_pct,tail_next_close_pct,tail_next_max_gain_pct,return_1d_pct,return_3d_pct,return_5d_pct,open_buy_return_3d_pct,open_buy_return_5d_pct,max_gain_5d_pct,capture_type,snapshot_time,reasons,risks,strategy_version
2026-06-17,2026-06-10,等待结算,快策略候选,等待下个交易日,pending,已记录本次策略，等下个交易日行情更新后自动结算。,17,002585,双星新材,重点观察,下个交易日主盯,97.9,2026-06-16,1,common_index_cache,0,,,,,,,,,,,intraday_0950,2026-06-17 09:50:00,人气Top20；当日上涨；收盘承接较强；温和放量；近5日趋势升温；连续上榜确认；人气排名明显上升；市场强势且个股相对强势；v2连榜升温修正,偏离20日线较大,v2
2026-06-17,2026-06-10,等待结算,快策略候选,等待下个交易日,pending,已记录本次策略，等下个交易日行情更新后自动结算。,22,002741,光华科技,观察池,下个交易日主盯,83.65,2026-06-16,1,common_index_cache,0,,,,,,,,,,,intraday_0950,2026-06-17 09:50:00,人气Top50；当日涨停附近；收在日内高位；近5日强势延续；连续上榜确认；人气排名明显上升；市场强势且个股相对强势,量能不足；短线涨幅偏高；偏离20日线较大；涨停封板不可买,v2
2026-06-17,2026-06-10,等待结算,快策略候选,等待下个交易日,pending,已记录本次策略，等下个交易日行情更新后自动结算。,49,002217,合力泰,普通观察,下个交易日主盯,80.6,2026-06-16,1,common_index_cache,0,,,,,,,,,,,intraday_0950,2026-06-17 09:50:00,人气Top50；当日上涨；收盘承接较强；温和放量；近5日趋势升温；站上20日线且不过热；人气排名明显上升；市场强势且个股相对强势,-,v2
2026-06-17,2026-06-10,等待结算,快策略候选,等待下个交易日,pending,已记录本次策略，等下个交易日行情更新后自动结算。,55,600460,士兰微,观察池,下个交易日主盯,80.2,2026-06-16,1,common_index_cache,0,,,,,,,,,,,intraday_0950,2026-06-17 09:50:00,当日涨停附近；收在日内高位；近5日趋势升温；站上20日线且不过热；连续上榜确认；市场强势且个股相对强势；v2低分涨停修正,涨停封板不可买,v2
2026-06-17,2026-06-10,等待结算,快策略候选,等待下个交易日,pending,已记录本次策略，等下个交易日行情更新后自动结算。,3,600206,有研新材,观察池,下个交易日主盯,79.0,2026-06-16,1,common_index_cache,0,,,,,,,,,,,intraday_0950,2026-06-17 09:50:00,人气Top3；当日涨停附近；收在日内高位；近5日趋势升温；站上20日线且不过热；持续霸榜；人气排名明显上升；市场强势且个股相对强势；v2强势延续修正；v2低分涨停修正,热度可能进入后段；涨停封板不可买,v2
2026-06-17,2026-06-10,等待结算,快策略候选,等待下个交易日,pending,已记录本次策略，等下个交易日行情更新后自动结算。,5,600392,盛和资源,观察池,下个交易日主盯,79.0,2026-06-16,1,common_index_cache,0,,,,,,,,,,,intraday_0950,2026-06-17 09:50:00,人气Top10；当日涨停附近；收在日内高位；近5日趋势升温；站上20日线且不过热；连续上榜确认；人气排名明显上升；市场强势且个股相对强势；v2强势延续修正；v2低分涨停修正,涨停封板不可买,v2
2026-06-17,2026-06-10,等待结算,快策略候选,等待下个交易日,pending,已记录本次策略，等下个交易日行情更新后自动结算。,25,603002,宏昌电子,观察池,下个交易日主盯,78.35,2026-06-16,1,common_index_cache,0,,,,,,,,,,,intraday_0950,2026-06-17 09:50:00,人气Top50；当日涨停附近；收在日内高位；近5日强势延续；连续上榜确认；人气排名明显上升；市场强势且个股相对强势；v2低分涨停修正,量能不足；短线涨幅偏高；偏离20日线较大；涨停封板不可买,v2
2026-06-17,2026-06-10,等待结算,快策略候选,等待下个交易日,pending,已记录本次策略，等下个交易日行情更新后自动结算。,11,300014,亿纬锂能,观察池,下个交易日主盯,75.8,2026-06-16,1,common_index_cache,0,,,,,,,,,,,intraday_0950,2026-06-17 09:50:00,人气Top20；当日涨停附近；放量仍可控；近5日趋势升温；站上20日线且不过热；连续上榜确认；市场强势且个股相对强势；v2低分涨停修正,涨停封板不可买,v2
2026-06-17,2026-06-10,等待结算,快策略候选,等待下个交易日,pending,已记录本次策略，等下个交易日行情更新后自动结算。,56,603618,杭电股份,观察池,下个交易日主盯,75.25,2026-06-16,1,common_index_cache,0,,,,,,,,,,,intraday_0950,2026-06-17 09:50:00,当日涨停附近；收在日内高位；近5日强势延续；站上20日线且不过热；连续上榜确认；人气排名明显上升；市场强势且个股相对强势；v2低分涨停修正,量能不足；短线涨幅偏高；涨停封板不可买,v2
2026-06-17,2026-06-10,等待结算,快策略候选,等待下个交易日,pending,已记录本次策略，等下个交易日行情更新后自动结算。,10,000725,京东方A,观察池,下个交易日主盯,74.5,2026-06-16,1,common_index_cache,0,,,,,,,,,,,intraday_0950,2026-06-17 09:50:00,人气Top10；当日涨停附近；收在日内高位；近5日趋势升温；站上20日线且不过热；持续霸榜；市场强势且个股相对强势,热度可能进入后段；涨停封板不可买,v2
2026-06-17,2026-06-10,等待结算,快策略候选,等待下个交易日,pending,已记录本次策略，等下个交易日行情更新后自动结算。,15,002436,兴森科技,普通观察,下个交易日主盯,74.35,2026-06-16,1,common_index_cache,0,,,,,,,,,,,intraday_0950,2026-06-17 09:50:00,人气Top20；当日强涨；收盘承接较强；近5日强势延续；站上20日线且不过热；连续上榜确认；人气排名明显上升；市场强势且个股相对强势,量能不足；短线涨幅偏高,v2
2026-06-17,2026-06-10,等待结算,快策略候选,等待下个交易日,pending,已记录本次策略，等下个交易日行情更新后自动结算。,81,002080,中材科技,观察池,下个交易日主盯,73.45,2026-06-16,1,common_index_cache,0,,,,,,,,,,,intraday_0950,2026-06-17 09:50:00,当日涨停附近；收在日内高位；近5日强势延续；站上20日线且不过热；市场强势且个股相对强势；v2低分涨停修正,短线涨幅偏高；涨停封板不可买,v2
2026-06-17,2026-06-10,等待结算,快策略候选,等待下个交易日,pending,已记录本次策略，等下个交易日行情更新后自动结算。,32,603773,沃格光电,观察池,下个交易日主盯,73.0,2026-06-16,1,common_index_cache,0,,,,,,,,,,,intraday_0950,2026-06-17 09:50:00,人气Top50；当日涨停附近；收在日内高位；近5日趋势升温；持续霸榜；人气排名明显上升；市场强势且个股相对强势,量能不足；偏离20日线较大；热度可能进入后段；涨停封板不可买,v2
2026-06-17,2026-06-10,等待结算,快策略候选,等待下个交易日,pending,已记录本次策略，等下个交易日行情更新后自动结算。,80,000733,振华科技,不推送,下个交易日主盯,72.1,2026-06-16,1,common_index_cache,0,,,,,,,,,,,intraday_0950,2026-06-17 09:50:00,当日强涨；收盘承接较强；近5日趋势升温；站上20日线且不过热；连续上榜确认；市场强势且个股相对强势,-,v2
2026-06-17,2026-06-10,等待结算,快策略候选,等待下个交易日,pending,已记录本次策略，等下个交易日行情更新后自动结算。,47,002185,华天科技,不推送,下个交易日主盯,69.4,2026-06-16,1,common_index_cache,0,,,,,,,,,,,intraday_0950,2026-06-17 09:50:00,人气Top50；当日上涨；收在日内高位；近5日趋势升温；站上20日线且不过热；持续霸榜；市场强势且个股相对强势,量能不足；热度可能进入后段,v2
2026-06-17,2026-06-10,等待结算,快策略候选,等待下个交易日,pending,已记录本次策略，等下个交易日行情更新后自动结算。,84,300285,国瓷材料,不推送,下个交易日主盯,69.4,2026-06-16,1,common_index_cache,0,,,,,,,,,,,intraday_0950,2026-06-17 09:50:00,当日强涨；收在日内高位；近5日趋势升温；站上20日线且不过热；连续上榜确认；市场强势且个股相对强势,量能不足；人气排名明显回落,v2
2026-06-17,2026-06-10,等待结算,快策略候选,等待下个交易日,pending,已记录本次策略，等下个交易日行情更新后自动结算。,83,000564,供销大集,观察池,下个交易日主盯,68.6,2026-06-16,1,common_index_cache,0,,,,,,,,,,,intraday_0950,2026-06-17 09:50:00,当日涨停附近；收在日内高位；近5日趋势升温；站上20日线且不过热；市场强势且个股相对强势；v2低分涨停修正,涨停封板不可买,v2
2026-06-17,2026-06-10,等待结算,快策略候选,等待下个交易日,pending,已记录本次策略，等下个交易日行情更新后自动结算。,26,002463,沪电股份,不推送,下个交易日主盯,68.5,2026-06-16,1,common_index_cache,0,,,,,,,,,,,intraday_0950,2026-06-17 09:50:00,人气Top50；当日上涨；收盘承接较强；近5日趋势升温；站上20日线且不过热；持续霸榜；人气排名明显上升；市场强势且个股相对强势,量能不足；热度可能进入后段,v2
2026-06-17,2026-06-10,等待结算,快策略候选,等待下个交易日,pending,已记录本次策略，等下个交易日行情更新后自动结算。,4,601991,大唐发电,普通观察,下个交易日主盯,65.5,2026-06-16,1,common_index_cache,0,,,,,,,,,,,intraday_0950,2026-06-17 09:50:00,人气Top10；当日上涨；收盘承接较强；近5日趋势升温；站上20日线且不过热；持续霸榜；市场强势且个股相对强势,热度可能进入后段,v2
2026-06-17,2026-06-10,等待结算,快策略候选,等待下个交易日,pending,已记录本次策略，等下个交易日行情更新后自动结算。,1,600110,诺德股份,观察池,下个交易日主盯,63.05,2026-06-16,1,common_index_cache,0,,,,,,,,,,,intraday_0950,2026-06-17 09:50:00,人气Top3；当日涨停附近；收在日内高位；近5日强势延续；连续上榜确认；市场强势且个股相对强势,量能不足；短线涨幅偏高；偏离20日线较大；一字或近似一字，参与点差；一字板不可买,v2
2026-06-17,2026-06-10,等待结算,快策略候选,等待下个交易日,pending,已记录本次策略，等下个交易日行情更新后自动结算。,24,600176,中国巨石,观察池,下个交易日主盯,58.05,2026-06-16,1,common_index_cache,0,,,,,,,,,,,intraday_0950,2026-06-17 09:50:00,人气Top50；当日涨停附近；收在日内高位；近5日强势延续；持续霸榜；市场强势且个股相对强势,量能不足；短线涨幅偏高；偏离20日线较大；热度可能进入后段；涨停封板不可买,v2
2026-06-17,2026-06-10,等待结算,快策略候选,等待下个交易日,pending,已记录本次策略，等下个交易日行情更新后自动结算。,39,603260,合盛硅业,不推送,下个交易日主盯,57.75,2026-06-16,1,common_index_cache,0,,,,,,,,,,,intraday_0950,2026-06-17 09:50:00,人气Top50；收在日内高位；近5日强势延续；站上20日线且不过热；市场强势且个股相对强势,短线涨幅偏高；v2回避前段过热样本,v2
2026-06-17,2026-06-10,等待结算,快策略候选,等待下个交易日,pending,已记录本次策略，等下个交易日行情更新后自动结算。,7,600522,中天科技,不推送,下个交易日主盯,57.4,2026-06-16,1,common_index_cache,0,,,,,,,,,,,intraday_0950,2026-06-17 09:50:00,人气Top10；当日上涨；近5日趋势升温；站上20日线且不过热；持续霸榜；市场强势且个股相对强势,量能不足；热度可能进入后段,v2
2026-06-17,2026-06-10,等待结算,快策略候选,等待下个交易日,pending,已记录本次策略，等下个交易日行情更新后自动结算。,8,000636,风华高科,不推送,下个交易日主盯,57.4,2026-06-16,1,common_index_cache,0,,,,,,,,,,,intraday_0950,2026-06-17 09:50:00,人气Top10；当日上涨；收盘承接较强；近5日趋势升温；持续霸榜；市场强势且个股相对强势,量能不足；偏离20日线较大；热度可能进入后段,v2
2026-06-17,2026-06-10,等待结算,快策略候选,等待下个交易日,pending,已记录本次策略，等下个交易日行情更新后自动结算。,63,605006,山东玻纤,观察池,下个交易日主盯,57.15,2026-06-16,1,common_index_cache,0,,,,,,,,,,,intraday_0950,2026-06-17 09:50:00,当日涨停附近；收在日内高位；近5日强势延续；人气排名明显上升；市场强势且个股相对强势；v2低分涨停修正,量能不足；短线涨幅偏高；偏离20日线较大；涨停封板不可买,v2
2026-06-17,2026-06-10,等待结算,快策略候选,等待下个交易日,pending,已记录本次策略，等下个交易日行情更新后自动结算。,29,002709,天赐材料,不推送,下个交易日主盯,56.7,2026-06-16,1,common_index_cache,0,,,,,,,,,,,intraday_0950,2026-06-17 09:50:00,人气Top50；收盘承接较强；近5日趋势升温；站上20日线且不过热；连续上榜确认；人气排名明显上升；市场强势且个股相对强势,量能不足,v2
2026-06-17,2026-06-10,等待结算,快策略候选,等待下个交易日,pending,已记录本次策略，等下个交易日行情更新后自动结算。,60,002491,通鼎互联,不推送,下个交易日主盯,56.7,2026-06-16,1,common_index_cache,0,,,,,,,,,,,intraday_0950,2026-06-17 09:50:00,当日上涨；收盘承接较强；近5日趋势升温；站上20日线且不过热；连续上榜确认；人气排名明显上升；市场强势且个股相对强势,量能不足,v2
2026-06-17,2026-06-10,等待结算,快策略候选,等待下个交易日,pending,已记录本次策略，等下个交易日行情更新后自动结算。,94,601899,紫金矿业,不推送,下个交易日主盯,56.5,2026-06-16,1,common_index_cache,0,,,,,,,,,,,intraday_0950,2026-06-17 09:50:00,当日强涨；收盘承接较强；近5日趋势升温；站上20日线且不过热；持续霸榜；市场强势且个股相对强势,热度可能进入后段；人气排名明显回落,v2
2026-06-17,2026-06-10,等待结算,快策略候选,等待下个交易日,pending,已记录本次策略，等下个交易日行情更新后自动结算。,95,002484,江海股份,不推送,下个交易日主盯,54.0,2026-06-16,1,common_index_cache,0,,,,,,,,,,,intraday_0950,2026-06-17 09:50:00,当日上涨；收在日内高位；近5日趋势升温；站上20日线且不过热；市场强势且个股相对强势,量能不足,v2
2026-06-17,2026-06-10,等待结算,快策略候选,等待下个交易日,pending,已记录本次策略，等下个交易日行情更新后自动结算。,14,600498,烽火通信,普通观察,下个交易日主盯,53.9,2026-06-16,1,common_index_cache,0,,,,,,,,,,,intraday_0950,2026-06-17 09:50:00,人气Top20；当日上涨；收盘承接较强；近5日趋势升温；站上20日线且不过热；连续上榜确认；人气排名明显上升；市场强势且个股相对强势,量能不足,v2
2026-06-16,2026-06-09,次日已审,快策略候选,优先成功,priority_success,下个交易日主盯 后续最高表现达到 17.61%，保留这类命中特征。,37,600498,烽火通信,不推送,下个交易日主盯,65.5,2026-06-15,1,common_index_cache,1,17.61,11.96,17.61,22.24,17.61,,,,,,intraday_0950,2026-06-16 09:50:00,人气Top50；当日上涨；收盘承接较强；近5日趋势升温；站上20日线且不过热；连续上榜确认；市场强势且个股相对强势,量能不足,v2
2026-06-16,2026-06-09,次日已审,快策略候选,优先成功,priority_success,下个交易日主盯 后续最高表现达到 17.11%，保留这类命中特征。,62,300285,国瓷材料,不推送,下个交易日主盯,57.9,2026-06-15,1,common_index_cache,1,17.11,1.75,17.11,20.1,17.11,,,,,,intraday_0950,2026-06-16 09:50:00,当日上涨；收盘承接较强；站上20日线且不过热；市场强势且个股相对强势,量能不足,v2
2026-06-16,2026-06-09,次日已审,快策略候选,优先走弱,priority_failed,下个交易日主盯 未兑现，复盘风险项：人气排名明显回落；涨停封板不可买,84,600392,盛和资源,观察池,下个交易日主盯,103.7,2026-06-15,1,common_index_cache,1,-0.86,0.0,-0.86,3.07,-0.86,,,,,,intraday_0950,2026-06-16 09:50:00,当日涨停附近；收在日内高位；温和放量；近5日趋势升温；站上20日线且不过热；连续上榜确认；市场强势且个股相对强势；v2低分涨停修正,人气排名明显回落；涨停封板不可买,v2
2026-06-16,2026-06-09,次日已审,快策略候选,优先走弱,priority_failed,下个交易日主盯 未兑现，复盘风险项：短线涨幅偏高；偏离20日线较大；人气排名明显回落；涨停封板不可买,54,001257,盛龙股份,观察池,下个交易日主盯,93.35,2026-06-15,1,common_index_cache,1,-2.5,4.29,-2.5,10.01,-2.5,,,,,,intraday_0950,2026-06-16 09:50:00,当日涨停附近；收在日内高位；温和放量；近5日强势延续；连续上榜确认；市场强势且个股相对强势,短线涨幅偏高；偏离20日线较大；人气排名明显回落；涨停封板不可买,v2
2026-06-16,2026-06-09,次日已审,快策略候选,优先走弱,priority_failed,下个交易日主盯 未兑现，复盘风险项：短线涨幅偏高；偏离20日线较大；涨停封板不可买,5,301217,铜冠铜箔,观察池,下个交易日主盯,80.15,2026-06-15,1,common_index_cache,1,-3.06,-4.93,-3.06,2.75,-3.06,,,,,,intraday_0950,2026-06-16 09:50:00,人气Top10；当日涨停附近；收在日内高位；近5日强势延续；连续上榜确认；人气排名明显上升；市场强势且个股相对强势；v2低分涨停修正,短线涨幅偏高；偏离20日线较大；涨停封板不可买,v2
2026-06-16,2026-06-09,次日已审,快策略候选,优先走弱,priority_failed,下个交易日主盯 未兑现，复盘风险项：短线涨幅偏高；人气排名明显回落,100,600141,兴发集团,不推送,下个交易日主盯,73.85,2026-06-15,1,common_index_cache,1,-7.37,-4.41,-7.37,-4.41,-7.37,,,,,,intraday_0950,2026-06-16 09:50:00,当日强涨；收在日内高位；近5日强势延续；站上20日线且不过热；连续上榜确认；市场强势且个股相对强势,短线涨幅偏高；人气排名明显回落,v2
2026-06-16,2026-06-09,次日已审,快策略候选,优先走弱,priority_failed,下个交易日主盯 未兑现，复盘风险项：量能不足,9,002428,云南锗业,不推送,下个交易日主盯,66.4,2026-06-15,1,common_index_cache,1,-3.96,-5.21,-3.96,-2.95,-3.96,,,,,,intraday_0950,2026-06-16 09:50:00,人气Top10；近5日趋势升温；站上20日线且不过热；连续上榜确认；人气排名明显上升；市场强势且个股相对强势,量能不足,v2
2026-06-16,2026-06-09,次日已审,快策略候选,优先走弱,priority_failed,下个交易日主盯 未兑现，复盘风险项：量能不足；短线涨幅偏高；人气排名明显回落,90,002378,章源钨业,不推送,下个交易日主盯,64.65,2026-06-15,1,common_index_cache,1,-11.25,-6.23,-11.25,-5.09,-11.25,,,,,,intraday_0950,2026-06-16 09:50:00,当日上涨；收在日内高位；近5日强势延续；站上20日线且不过热；连续上榜确认；市场强势且个股相对强势,量能不足；短线涨幅偏高；人气排名明显回落,v2
2026-06-16,2026-06-09,次日已审,快策略候选,优先走弱,priority_failed,下个交易日主盯 未兑现，复盘风险项：热度可能进入后段,39,601899,紫金矿业,普通观察,下个交易日主盯,61.9,2026-06-15,1,common_index_cache,1,-2.47,-2.24,-2.47,-0.8,-2.47,,,,,,intraday_0950,2026-06-16 09:50:00,人气Top50；当日强涨；收盘承接较强；近5日趋势升温；站上20日线且不过热；持续霸榜；市场强势且个股相对强势,热度可能进入后段,v2
2026-06-16,2026-06-09,次日已审,快策略候选,优先走弱,priority_failed,下个交易日主盯 未兑现，复盘风险项：短线涨幅偏高；v2回避中后段放量追高样本,24,601958,金钼股份,普通观察,下个交易日主盯,59.7,2026-06-15,1,common_index_cache,1,-2.27,-3.88,-2.27,-0.45,-2.27,,,,,,intraday_0950,2026-06-16 09:50:00,人气Top50；当日上涨；收在日内高位；温和放量；近5日强势延续；站上20日线且不过热；连续上榜确认；市场强势且个股相对强势,短线涨幅偏高；v2回避中后段放量追高样本,v2
2026-06-16,2026-06-09,次日已审,快策略候选,优先走弱,priority_failed,下个交易日主盯 未兑现，复盘风险项：量能不足,52,601179,中国西电,不推送,下个交易日主盯,58.5,2026-06-15,1,common_index_cache,1,-0.13,3.86,-0.13,4.87,-0.13,,,,,,intraday_0950,2026-06-16 09:50:00,收盘承接较强；近5日趋势升温；站上20日线且不过热；人气排名明显上升；市场强势且个股相对强势,量能不足,v2
2026-06-16,2026-06-09,次日已审,快策略候选,优先走弱,priority_failed,下个交易日主盯 未兑现，复盘风险项：上影线偏长,85,300548,长芯博创,不推送,下个交易日主盯,57.3,2026-06-15,1,common_index_cache,1,-8.16,-4.72,-8.16,-2.67,-8.16,,,,,,intraday_0950,2026-06-16 09:50:00,当日强涨；近5日趋势升温；站上20日线且不过热；市场强势且个股相对强势,上影线偏长,v2
2026-06-16,2026-06-09,次日已审,快策略候选,暂未强势,neutral,继续等待更多交易日或降低权重。,77,603618,杭电股份,观察池,下个交易日主盯,100.0,2026-06-15,1,common_index_cache,1,9.99,2.06,9.99,9.99,9.99,,,,,,intraday_0950,2026-06-16 09:50:00,当日涨停附近；收在日内高位；近5日趋势升温；站上20日线且不过热；市场强势且个股相对强势；v2低分涨停修正,量能不足；涨停封板不可买,v2
2026-06-16,2026-06-09,次日已审,快策略候选,暂未强势,neutral,继续等待更多交易日或降低权重。,42,600460,士兰微,观察池,下个交易日主盯,98.0,2026-06-15,1,common_index_cache,1,4.93,-2.75,4.93,5.76,4.93,,,,,,intraday_0950,2026-06-16 09:50:00,人气Top50；当日涨停附近；收在日内高位；温和放量；近5日趋势升温；站上20日线且不过热；市场强势且个股相对强势；v2强势延续修正；v2低分涨停修正,涨停封板不可买,v2
2026-06-16,2026-06-09,次日已审,快策略候选,暂未强势,neutral,继续等待更多交易日或降低权重。,27,002585,双星新材,观察池,下个交易日主盯,93.4,2026-06-15,1,common_index_cache,1,6.07,-3.21,6.07,8.35,6.07,,,,,,intraday_0950,2026-06-16 09:50:00,人气Top50；当日涨停附近；收在日内高位；近5日趋势升温；站上20日线且不过热；人气排名明显上升；市场强势且个股相对强势；v2低分涨停修正,量能不足；涨停封板不可买,v2
2026-06-16,2026-06-09,次日已审,快策略候选,暂未强势,neutral,继续等待更多交易日或降低权重。,6,000636,风华高科,观察池,下个交易日主盯,85.9,2026-06-15,1,common_index_cache,1,3.54,-2.17,3.54,3.58,3.54,,,,,,intraday_0950,2026-06-16 09:50:00,人气Top10；当日涨停附近；收在日内高位；近5日趋势升温；持续霸榜；人气排名明显上升；市场强势且个股相对强势；v2低分涨停修正,量能不足；偏离20日线较大；热度可能进入后段；涨停封板不可买,v2
2026-06-16,2026-06-09,次日已审,快策略候选,暂未强势,neutral,继续等待更多交易日或降低权重。,64,000733,振华科技,普通观察,下个交易日主盯,85.0,2026-06-15,1,common_index_cache,1,3.9,0.27,3.9,5.18,3.9,,,,,,intraday_0950,2026-06-16 09:50:00,当日强涨；收盘承接较强；温和放量；近5日趋势升温；站上20日线且不过热；市场强势且个股相对强势,人气排名明显回落,v2
2026-06-16,2026-06-09,次日已审,快策略候选,暂未强势,neutral,继续等待更多交易日或降低权重。,63,002436,兴森科技,不推送,下个交易日主盯,69.4,2026-06-15,1,common_index_cache,1,9.21,2.83,9.21,10.83,9.21,,,,,,intraday_0950,2026-06-16 09:50:00,当日强涨；收在日内高位；近5日趋势升温；站上20日线且不过热；连续上榜确认；人气排名明显上升；市场强势且个股相对强势,量能不足；v2回避非封板高位追涨样本,v2
2026-06-16,2026-06-09,次日已审,快策略候选,暂未强势,neutral,继续等待更多交易日或降低权重。,67,300433,蓝思科技,不推送,下个交易日主盯,69.4,2026-06-15,1,common_index_cache,1,4.17,-2.77,4.17,5.07,4.17,,,,,,intraday_0950,2026-06-16 09:50:00,当日上涨；收在日内高位；近5日趋势升温；站上20日线且不过热；连续上榜确认；人气排名明显上升；市场强势且个股相对强势,量能不足,v2
2026-06-16,2026-06-09,次日已审,快策略候选,暂未强势,neutral,继续等待更多交易日或降低权重。,56,603256,宏和科技,不推送,下个交易日主盯,68.7,2026-06-15,1,common_index_cache,1,6.57,5.38,6.57,13.61,6.57,,,,,,intraday_0950,2026-06-16 09:50:00,当日上涨；收盘承接较强；近5日趋势升温；站上20日线且不过热；连续上榜确认；人气排名明显上升；市场强势且个股相对强势,量能不足,v2
2026-06-16,2026-06-09,次日已审,快策略候选,暂未强势,neutral,继续等待更多交易日或降低权重。,2,601991,大唐发电,普通观察,下个交易日主盯,67.3,2026-06-15,1,common_index_cache,1,1.67,-1.45,1.67,4.34,1.67,,,,,,intraday_0950,2026-06-16 09:50:00,人气Top3；当日上涨；收在日内高位；近5日趋势升温；站上20日线且不过热；持续霸榜；市场强势且个股相对强势,量能不足；热度可能进入后段,v2
2026-06-16,2026-06-09,次日已审,快策略候选,暂未强势,neutral,继续等待更多交易日或降低权重。,83,300726,宏达电子,观察池,下个交易日主盯,66.1,2026-06-15,1,common_index_cache,1,3.88,-2.2,3.88,5.67,3.88,,,,,,intraday_0950,2026-06-16 09:50:00,当日涨停附近；温和放量；近5日趋势升温；站上20日线且不过热；市场强势且个股相对强势；v2低分涨停修正,收盘承接偏弱；人气排名明显回落；上影线偏长；v2回避人气转弱样本；涨停封板不可买,v2
2026-06-16,2026-06-09,次日已审,快策略候选,暂未强势,neutral,继续等待更多交易日或降低权重。,34,600206,有研新材,观察池,下个交易日主盯,66.05,2026-06-15,1,common_index_cache,1,1.74,-0.77,1.74,4.27,1.74,,,,,,intraday_0950,2026-06-16 09:50:00,人气Top50；当日涨停附近；收在日内高位；近5日强势延续；连续上榜确认；市场强势且个股相对强势；v2强势延续修正；v2低分涨停修正,短线涨幅偏高；偏离20日线较大；v2回避后段过热样本；涨停封板不可买,v2
2026-06-16,2026-06-09,次日已审,快策略候选,暂未强势,neutral,继续等待更多交易日或降低权重。,35,000777,中核科技,观察池,下个交易日主盯,62.4,2026-06-15,1,common_index_cache,1,10.02,10.02,10.02,10.02,10.02,,,,,,intraday_0950,2026-06-16 09:50:00,人气Top50；当日涨停附近；收在日内高位；站上20日线且不过热；市场强势且个股相对强势,一字或近似一字，参与点差；一字板不可买,v2
2026-06-16,2026-06-09,次日已审,快策略候选,暂未强势,neutral,继续等待更多交易日或降低权重。,79,301176,逸豪新材,观察池,下个交易日主盯,62.3,2026-06-15,1,common_index_cache,1,1.34,-3.26,1.34,4.02,1.34,,,,,,intraday_0950,2026-06-16 09:50:00,当日涨停附近；站上20日线且不过热；市场强势且个股相对强势,涨停封板不可买,v2
2026-06-16,2026-06-09,次日已审,快策略候选,暂未强势,neutral,继续等待更多交易日或降低权重。,50,002741,光华科技,观察池,下个交易日主盯,60.65,2026-06-15,1,common_index_cache,1,10.01,7.89,10.01,10.01,10.01,,,,,,intraday_0950,2026-06-16 09:50:00,人气Top50；当日涨停附近；收在日内高位；近5日强势延续；站上20日线且不过热；连续上榜确认；市场强势且个股相对强势,量能不足；短线涨幅偏高；一字或近似一字，参与点差；一字板不可买,v2
2026-06-16,2026-06-09,次日已审,快策略候选,暂未强势,neutral,继续等待更多交易日或降低权重。,72,000032,深桑达A,普通观察,下个交易日主盯,59.45,2026-06-15,1,common_index_cache,1,3.29,3.25,3.29,5.52,3.29,,,,,,intraday_0950,2026-06-16 09:50:00,当日强涨；收在日内高位；温和放量；近5日强势延续；站上20日线且不过热；连续上榜确认；人气排名明显上升；市场强势且个股相对强势,短线涨幅偏高；v2回避非封板高位追涨样本；v2回避前段过热样本,v2
2026-06-16,2026-06-09,次日已审,快策略候选,暂未强势,neutral,继续等待更多交易日或降低权重。,4,600183,生益科技,不推送,下个交易日主盯,58.3,2026-06-15,1,common_index_cache,1,0.06,-0.02,0.06,6.09,0.06,,,,,,intraday_0950,2026-06-16 09:50:00,人气Top10；当日强涨；近5日趋势升温；持续霸榜；人气排名明显上升；市场强势且个股相对强势,量能不足；偏离20日线较大；热度可能进入后段,v2
2026-06-16,2026-06-09,次日已审,快策略候选,暂未强势,neutral,继续等待更多交易日或降低权重。,55,600549,厦门钨业,不推送,下个交易日主盯,57.6,2026-06-15,1,common_index_cache,1,4.07,2.99,4.07,6.71,4.07,,,,,,intraday_0950,2026-06-16 09:50:00,当日上涨；收在日内高位；近5日趋势升温；站上20日线且不过热；连续上榜确认；市场强势且个股相对强势,量能不足,v2
2026-06-16,2026-06-09,次日已审,快策略候选,暂未强势,neutral,继续等待更多交易日或降低权重。,10,600110,诺德股份,观察池,下个交易日主盯,57.15,2026-06-15,1,common_index_cache,1,10.03,10.03,10.03,10.03,10.03,,,,,,intraday_0950,2026-06-16 09:50:00,人气Top10；当日涨停附近；收在日内高位；近5日强势延续；连续上榜确认；人气排名明显上升；市场强势且个股相对强势,量能不足；短线涨幅偏高；偏离20日线较大；一字或近似一字，参与点差；一字板不可买,v2
2026-06-16,,次日已审,低层级强势反哺,普通/不推送走强,low_level_winner,不推送 后来走强，原因反哺：站上20日线且不过热,73,601208,东材科技,不推送,未入快策略,,2026-06-16,0,common_index_cache,1,30.6,29.35,30.6,36.81,30.6,,,,,,intraday_0950,2026-06-16 09:50:00,站上20日线且不过热,当日转弱；量能不足；近5日趋势未确认；强势市里个股相对走弱；v2回避人气转弱样本,v2
2026-06-16,,次日已审,低层级强势反哺,普通/不推送走强,low_level_winner,不推送 后来走强，原因反哺：人气排名明显上升、市场强势且个股相对强势、持续霸榜,60,600186,莲花控股,不推送,未入快策略,,2026-06-16,0,common_index_cache,1,24.13,14.9,24.13,24.13,24.13,,,,,,intraday_0950,2026-06-16 09:50:00,收盘承接较强；站上20日线且不过热；持续霸榜；人气排名明显上升；市场强势且个股相对强势,量能不足；热度可能进入后段,v2
2026-06-16,,次日已审,低层级强势反哺,普通/不推送走强,low_level_winner,不推送 后来走强，原因反哺：站上20日线且不过热,69,603678,火炬电子,不推送,未入快策略,,2026-06-16,0,common_index_cache,1,17.0,11.28,17.0,17.04,17.0,,,,,,intraday_0950,2026-06-16 09:50:00,站上20日线且不过热,当日转弱；收盘承接偏弱；量能不足；近5日趋势未确认；强势市里个股相对走弱；v2回避转弱弱收盘样本,v2
2026-06-16,,次日已审,低层级强势反哺,普通/不推送走强,low_level_winner,不推送 后来走强，原因反哺：人气Top10、持续霸榜、站上20日线且不过热,8,600487,亨通光电,不推送,未入快策略,,2026-06-16,0,common_index_cache,1,15.32,8.17,15.32,15.75,15.32,,,,,,intraday_0950,2026-06-16 09:50:00,人气Top10；站上20日线且不过热；持续霸榜,当日转弱；量能不足；近5日趋势未确认；热度可能进入后段；强势市里个股相对走弱；v2回避转弱弱收盘样本,v2
2026-06-16,,次日已审,低层级强势反哺,普通/不推送走强,low_level_winner,不推送 后来走强，原因反哺：人气Top50、市场强势且个股相对强势、当日上涨,37,600498,烽火通信,不推送,已入快策略,,2026-06-16,0,common_index_cache,1,17.61,11.96,17.61,22.24,17.61,,,,,,intraday_0950,2026-06-16 09:50:00,人气Top50；当日上涨；收盘承接较强；近5日趋势升温；站上20日线且不过热；连续上榜确认；市场强势且个股相对强势,量能不足,v2
2026-06-16,,次日已审,低层级强势反哺,普通/不推送走强,low_level_winner,不推送 后来走强，原因反哺：市场强势且个股相对强势、当日上涨、收盘承接较强,62,300285,国瓷材料,不推送,已入快策略,,2026-06-16,0,common_index_cache,1,17.11,1.75,17.11,20.1,17.11,,,,,,intraday_0950,2026-06-16 09:50:00,当日上涨；收盘承接较强；站上20日线且不过热；市场强势且个股相对强势,量能不足,v2
2026-06-15,2026-06-08,次日已审,快策略候选,优先成功,priority_success,下个交易日主盯 后续最高表现达到 21.01%，保留这类命中特征。,37,600110,诺德股份,观察池,下个交易日主盯,98.47,2026-06-12,3,common_index_cache,2,21.01,9.98,9.98,9.98,9.98,,,,,,intraday_0950,2026-06-15 09:50:00,人气Top50；当日涨停附近；收在日内高位；近5日强势延续；站上20日线且不过热；人气排名明显上升；震荡市里保持相对强势；震荡市里承接未失控；v2低分涨停修正,量能不足；短线涨幅偏高；涨停封板不可买,v2
2026-06-15,2026-06-08,次日已审,快策略候选,优先成功,priority_success,下个交易日主盯 后续最高表现达到 21.02%，保留这类命中特征。,51,002741,光华科技,观察池,下个交易日主盯,84.0,2026-06-12,3,common_index_cache,2,21.02,10.0,10.0,10.0,10.0,,,,,,intraday_0950,2026-06-15 09:50:00,当日涨停附近；收在日内高位；近5日强势延续；站上20日线且不过热；震荡市里保持相对强势；震荡市里承接未失控；v2低分涨停修正,短线涨幅偏高；后段人气股在偏弱环境里更谨慎；涨停封板不可买,v2
2026-06-15,2026-06-08,次日已审,快策略候选,优先成功,priority_success,下个交易日主盯 后续最高表现达到 17.61%，保留这类命中特征。,39,600498,烽火通信,不推送,下个交易日主盯,76.72,2026-06-12,3,common_index_cache,2,17.61,4.94,13.5,14.2,13.5,,,,,,intraday_0950,2026-06-15 09:50:00,人气Top50；当日上涨；收盘承接较强；近5日趋势升温；站上20日线且不过热；连续上榜确认；震荡市里保持相对强势；震荡市里承接未失控,量能不足,v2
2026-06-15,2026-06-08,次日已审,快策略候选,优先成功,priority_success,下个交易日主盯 后续最高表现达到 15.38%，保留这类命中特征。,19,000636,风华高科,普通观察,下个交易日主盯,68.83,2026-06-12,3,common_index_cache,2,15.38,6.31,10.0,11.43,10.0,,,,,,intraday_0950,2026-06-15 09:50:00,人气Top20；当日强涨；收在日内高位；近5日趋势升温；站上20日线且不过热；持续霸榜；震荡市里保持相对强势；震荡市里承接未失控,量能不足；热度可能进入后段,v2
2026-06-15,2026-06-08,次日已审,快策略候选,优先成功,priority_success,下个交易日主盯 后续最高表现达到 21.04%，保留这类命中特征。,1,002491,通鼎互联,不推送,下个交易日主盯,64.72,2026-06-12,3,common_index_cache,2,21.04,2.74,10.03,11.89,10.03,,,,,,intraday_0950,2026-06-15 09:50:00,人气Top3；当日上涨；收在日内高位；人气排名明显上升；震荡市里保持相对强势；震荡市里承接未失控,量能不足；近5日趋势未确认,v2
2026-06-15,2026-06-08,次日已审,快策略候选,优先成功,priority_success,下个交易日主盯 后续最高表现达到 18.40%，保留这类命中特征。,99,603256,宏和科技,不推送,下个交易日主盯,61.15,2026-06-12,3,common_index_cache,2,18.4,8.39,15.04,15.04,15.04,,,,,,intraday_0950,2026-06-15 09:50:00,当日上涨；收在日内高位；近5日趋势升温；站上20日线且不过热；连续上榜确认；震荡市里保持相对强势；震荡市里承接未失控,量能不足；后段人气股在偏弱环境里更谨慎,v2
2026-06-15,2026-06-08,次日已审,快策略候选,优先成功,priority_success,下个交易日主盯 后续最高表现达到 17.44%，保留这类命中特征。,89,603986,兆易创新,不推送,下个交易日主盯,58.45,2026-06-12,3,common_index_cache,2,17.44,5.41,6.77,8.79,6.77,,,,,,intraday_0950,2026-06-15 09:50:00,当日上涨；收盘承接较强；近5日趋势升温；站上20日线且不过热；连续上榜确认；震荡市里保持相对强势；震荡市里承接未失控,量能不足；后段人气股在偏弱环境里更谨慎,v2
2026-06-15,2026-06-08,次日已审,快策略候选,优先成功,priority_success,下个交易日主盯 后续最高表现达到 17.83%，保留这类命中特征。,38,600206,有研新材,不推送,下个交易日主盯,57.33,2026-06-12,3,common_index_cache,2,17.83,4.41,15.81,15.81,15.81,,,,,,intraday_0950,2026-06-15 09:50:00,人气Top50；收盘承接较强；近5日趋势升温；站上20日线且不过热；连续上榜确认；震荡市里保持相对强势；震荡市里承接未失控,量能不足；人气排名明显回落,v2
2026-06-15,2026-06-08,次日已审,快策略候选,优先成功,priority_success,下个交易日主盯 后续最高表现达到 15.21%，保留这类命中特征。,86,300433,蓝思科技,不推送,下个交易日主盯,54.85,2026-06-12,3,common_index_cache,2,15.21,1.98,8.77,13.84,8.77,,,,,,intraday_0950,2026-06-15 09:50:00,当日强涨；收盘承接较强；站上20日线且不过热；人气排名明显上升；震荡市里保持相对强势；震荡市里承接未失控,量能不足；后段人气股在偏弱环境里更谨慎,v2
2026-06-15,2026-06-08,次日已审,快策略候选,优先成功,priority_success,下个交易日主盯 后续最高表现达到 22.17%，保留这类命中特征。,40,600176,中国巨石,不推送,下个交易日主盯,54.48,2026-06-12,3,common_index_cache,2,22.17,5.03,11.08,12.33,11.08,,,,,,intraday_0950,2026-06-15 09:50:00,人气Top50；当日强涨；收在日内高位；近5日强势延续；站上20日线且不过热；连续上榜确认；人气排名明显上升；震荡市里保持相对强势；震荡市里承接未失控,量能不足；短线涨幅偏高；v2回避后段过热样本；v2回避非封板高位追涨样本,v2
2026-06-15,2026-06-08,次日已审,快策略候选,优先走弱,priority_failed,下个交易日主盯 未兑现，复盘风险项：-,8,603993,洛阳钼业,强推观察,下个交易日主盯,97.65,2026-06-12,3,common_index_cache,2,-1.51,-0.39,-2.2,1.17,-2.2,,,,,,intraday_0950,2026-06-15 09:50:00,人气Top10；当日强涨；温和放量；近5日趋势升温；站上20日线且不过热；连续上榜确认；人气排名明显上升；震荡市里保持相对强势；v2连榜升温修正,-,v2
2026-06-15,2026-06-08,次日已审,快策略候选,优先走弱,priority_failed,下个交易日主盯 未兑现，复盘风险项：热度可能进入后段,42,601899,紫金矿业,普通观察,下个交易日主盯,79.92,2026-06-12,3,common_index_cache,2,-2.47,-0.64,-2.92,-0.32,-2.92,,,,,,intraday_0950,2026-06-15 09:50:00,人气Top50；当日强涨；收盘承接较强；近5日趋势升温；站上20日线且不过热；持续霸榜；人气排名明显上升；震荡市里保持相对强势；震荡市里承接未失控,热度可能进入后段,v2
2026-06-15,2026-06-08,次日已审,快策略候选,优先走弱,priority_failed,下个交易日主盯 未兑现，复盘风险项：-,29,002203,海亮股份,不推送,下个交易日主盯,56.03,2026-06-12,3,common_index_cache,2,-5.31,-2.04,0.0,2.86,0.0,,,,,,intraday_0950,2026-06-15 09:50:00,人气Top50；当日上涨；收在日内高位；站上20日线且不过热；震荡市里保持相对强势；震荡市里承接未失控,-,v2
2026-06-15,2026-06-08,次日已审,快策略候选,优先走弱,priority_failed,下个交易日主盯 未兑现，复盘风险项：量能不足；热度可能进入后段,27,001896,豫能控股,不推送,下个交易日主盯,53.83,2026-06-12,3,common_index_cache,2,-2.68,1.43,-1.34,6.44,-1.34,,,,,,intraday_0950,2026-06-15 09:50:00,人气Top50；收在日内高位；近5日趋势升温；站上20日线且不过热；持续霸榜；人气排名明显上升；震荡市里保持相对强势；震荡市里承接未失控,量能不足；热度可能进入后段,v2
2026-06-15,2026-06-08,次日已审,快策略候选,暂未强势,neutral,继续等待更多交易日或降低权重。,32,001257,盛龙股份,观察池,下个交易日主盯,106.0,2026-06-12,3,common_index_cache,2,7.24,1.8,10.0,10.0,10.0,,,,,,intraday_0950,2026-06-15 09:50:00,人气Top50；当日涨停附近；收在日内高位；温和放量；近5日强势延续；站上20日线且不过热；连续上榜确认；人气排名明显上升；震荡市里保持相对强势；震荡市里承接未失控；v2强势延续修正；v2连榜升温修正；v2低分涨停修正,短线涨幅偏高；涨停封板不可买,v2
2026-06-15,2026-06-08,次日已审,快策略候选,暂未强势,neutral,继续等待更多交易日或降低权重。,11,601958,金钼股份,观察池,下个交易日主盯,94.0,2026-06-12,3,common_index_cache,2,1.43,0.11,2.89,6.02,2.89,,,,,,intraday_0950,2026-06-15 09:50:00,人气Top20；当日涨停附近；收在日内高位；放量仍可控；近5日强势延续；站上20日线且不过热；连续上榜确认；震荡市里保持相对强势；震荡市里承接未失控；v2强势延续修正；v2连榜升温修正；v2低分涨停修正,短线涨幅偏高；涨停封板不可买,v2
2026-06-15,2026-06-08,次日已审,快策略候选,暂未强势,neutral,继续等待更多交易日或降低权重。,78,000510,新金路,观察池,下个交易日主盯,88.85,2026-06-12,3,common_index_cache,2,3.33,3.24,7.7,9.24,7.7,,,,,,intraday_0950,2026-06-15 09:50:00,当日涨停附近；收在日内高位；近5日趋势升温；站上20日线且不过热；震荡市里保持相对强势；震荡市里承接未失控,量能不足；后段人气股在偏弱环境里更谨慎；涨停封板不可买,v2
2026-06-15,2026-06-08,次日已审,快策略候选,暂未强势,neutral,继续等待更多交易日或降低权重。,10,601991,大唐发电,普通观察,下个交易日主盯,80.83,2026-06-12,3,common_index_cache,2,8.56,3.57,3.45,5.83,3.45,,,,,,intraday_0950,2026-06-15 09:50:00,人气Top10；当日上涨；收在日内高位；近5日趋势升温；站上20日线且不过热；持续霸榜；震荡市里保持相对强势；震荡市里承接未失控,量能不足；热度可能进入后段,v2
2026-06-15,2026-06-08,次日已审,快策略候选,暂未强势,neutral,继续等待更多交易日或降低权重。,21,002428,云南锗业,不推送,下个交易日主盯,79.17,2026-06-12,3,common_index_cache,2,0.64,4.77,2.61,10.17,2.61,,,,,,intraday_0950,2026-06-15 09:50:00,人气Top50；当日上涨；收在日内高位；近5日强势延续；站上20日线且不过热；连续上榜确认；震荡市里保持相对强势；震荡市里承接未失控,短线涨幅偏高；v2回避前段过热样本,v2
2026-06-15,2026-06-08,次日已审,快策略候选,暂未强势,neutral,继续等待更多交易日或降低权重。,22,600183,生益科技,普通观察,下个交易日主盯,79.03,2026-06-12,3,common_index_cache,2,8.82,6.31,8.37,10.57,8.37,,,,,,intraday_0950,2026-06-15 09:50:00,人气Top50；当日强涨；收在日内高位；近5日趋势升温；站上20日线且不过热；持续霸榜；人气排名明显上升；震荡市里保持相对强势；震荡市里承接未失控,量能不足；热度可能进入后段,v2
2026-06-15,2026-06-08,次日已审,快策略候选,暂未强势,neutral,继续等待更多交易日或降低权重。,41,002384,东山精密,不推送,下个交易日主盯,75.42,2026-06-12,3,common_index_cache,2,14.38,8.63,10.89,12.68,10.89,,,,,,intraday_0950,2026-06-15 09:50:00,人气Top50；当日上涨；收在日内高位；近5日趋势升温；站上20日线且不过热；持续霸榜；人气排名明显上升；震荡市里保持相对强势；震荡市里承接未失控,量能不足；热度可能进入后段,v2
2026-06-15,2026-06-08,次日已审,快策略候选,暂未强势,neutral,继续等待更多交易日或降低权重。,47,600392,盛和资源,不推送,下个交易日主盯,73.83,2026-06-12,3,common_index_cache,2,9.26,0.23,10.21,10.21,10.21,,,,,,intraday_0950,2026-06-15 09:50:00,人气Top50；收在日内高位；近5日趋势升温；站上20日线且不过热；连续上榜确认；震荡市里保持相对强势；震荡市里承接未失控,量能不足,v2
2026-06-15,2026-06-08,次日已审,快策略候选,暂未强势,neutral,继续等待更多交易日或降低权重。,2,600160,巨化股份,重点观察,下个交易日主盯,72.43,2026-06-12,3,common_index_cache,1,5.04,3.6,5.04,7.96,5.04,,,,,,intraday_0950,2026-06-15 09:50:00,人气Top3；当日上涨；收盘承接较强；近5日趋势升温；站上20日线且不过热；连续上榜确认；人气排名明显上升；震荡市里保持相对强势；震荡市里承接未失控,量能不足,v2
2026-06-15,2026-06-08,次日已审,快策略候选,暂未强势,neutral,继续等待更多交易日或降低权重。,46,000960,锡业股份,不推送,下个交易日主盯,66.85,2026-06-12,3,common_index_cache,2,2.98,3.63,3.5,7.01,3.5,,,,,,intraday_0950,2026-06-15 09:50:00,人气Top50；当日上涨；近5日趋势升温；站上20日线且不过热；震荡市里保持相对强势,v2回避人气转弱样本,v2
2026-06-15,2026-06-08,次日已审,快策略候选,暂未强势,neutral,继续等待更多交易日或降低权重。,34,301217,铜冠铜箔,观察池,下个交易日主盯,66.72,2026-06-12,3,common_index_cache,2,10.13,10.38,7.99,20.5,7.99,,,,,,intraday_0950,2026-06-15 09:50:00,人气Top50；当日涨停附近；收在日内高位；震荡市里保持相对强势；震荡市里承接未失控,短线涨幅过热；远离20日线过多；涨停封板不可买,v2
2026-06-15,2026-06-08,次日已审,快策略候选,暂未强势,neutral,继续等待更多交易日或降低权重。,28,600667,太极实业,不推送,下个交易日主盯,59.12,2026-06-12,3,common_index_cache,2,11.49,3.11,5.45,6.62,5.45,,,,,,intraday_0950,2026-06-15 09:50:00,人气Top50；当日上涨；收盘承接较强；近5日趋势升温；站上20日线且不过热；持续霸榜；震荡市里保持相对强势；震荡市里承接未失控,量能不足；热度可能进入后段；人气排名明显回落,v2
2026-06-15,2026-06-08,次日已审,快策略候选,暂未强势,neutral,继续等待更多交易日或降低权重。,23,600584,长电科技,不推送,下个交易日主盯,56.42,2026-06-12,3,common_index_cache,2,14.11,4.76,7.37,9.39,7.37,,,,,,intraday_0950,2026-06-15 09:50:00,人气Top50；当日上涨；收在日内高位；持续霸榜；人气排名明显上升；震荡市里保持相对强势；震荡市里承接未失控,量能不足；热度可能进入后段,v2
2026-06-15,2026-06-08,次日已审,快策略候选,暂未强势,neutral,继续等待更多交易日或降低权重。,35,603738,泰晶科技,不推送,下个交易日主盯,56.25,2026-06-12,3,common_index_cache,2,9.99,6.26,3.49,9.25,3.49,,,,,,intraday_0950,2026-06-15 09:50:00,人气Top50；当日上涨；温和放量；近5日趋势升温；站上20日线且不过热；人气排名明显上升；震荡市里保持相对强势,收盘承接偏弱,v2
2026-06-15,2026-06-08,次日已审,快策略候选,暂未强势,neutral,继续等待更多交易日或降低权重。,79,002297,博云新材,不推送,下个交易日主盯,55.75,2026-06-12,3,common_index_cache,2,14.53,3.95,6.18,11.55,6.18,,,,,,intraday_0950,2026-06-15 09:50:00,收在日内高位；近5日趋势升温；连续上榜确认；人气排名明显上升；震荡市里保持相对强势；震荡市里承接未失控,量能不足；后段人气股在偏弱环境里更谨慎,v2
2026-06-15,2026-06-08,次日已审,快策略候选,暂未强势,neutral,继续等待更多交易日或降低权重。,77,600601,方正科技,不推送,下个交易日主盯,53.05,2026-06-12,3,common_index_cache,2,8.22,1.43,6.33,8.75,6.33,,,,,,intraday_0950,2026-06-15 09:50:00,收盘承接较强；近5日趋势升温；站上20日线且不过热；震荡市里保持相对强势；震荡市里承接未失控,人气排名明显回落；后段人气股在偏弱环境里更谨慎,v2
2026-06-15,,次日已审,低层级强势反哺,普通/不推送走强,low_level_winner,不推送 后来走强，原因反哺：人气Top50、持续霸榜、收在日内高位,45,603773,沃格光电,不推送,未入快策略,,2026-06-15,0,common_index_cache,2,26.8,4.56,15.27,15.27,15.27,,,,,,intraday_0950,2026-06-15 09:50:00,人气Top50；收在日内高位；站上20日线且不过热；持续霸榜,量能不足；近5日趋势未确认；热度可能进入后段；强势市里个股相对走弱,v2
2026-06-15,,次日已审,低层级强势反哺,普通/不推送走强,low_level_winner,不推送 后来走强，原因反哺：市场强势且个股相对强势、持续霸榜、收盘承接较强,92,600186,莲花控股,不推送,未入快策略,,2026-06-15,0,common_index_cache,2,24.13,2.46,12.87,12.87,12.87,,,,,,intraday_0950,2026-06-15 09:50:00,收盘承接较强；近5日趋势升温；站上20日线且不过热；持续霸榜；市场强势且个股相对强势,量能不足；热度可能进入后段；人气排名明显回落,v2
2026-06-15,,次日已审,低层级强势反哺,普通/不推送走强,low_level_winner,不推送 后来走强，原因反哺：当日上涨、收在日内高位、站上20日线且不过热,84,002436,兴森科技,不推送,未入快策略,,2026-06-15,0,common_index_cache,2,21.6,1.73,12.19,12.19,12.19,,,,,,intraday_0950,2026-06-15 09:50:00,当日上涨；收在日内高位；近5日趋势升温；站上20日线且不过热,量能不足,v2
2026-06-15,,次日已审,低层级强势反哺,普通/不推送走强,low_level_winner,不推送 后来走强，原因反哺：市场强势且个股相对强势、当日上涨、收在日内高位,59,600549,厦门钨业,不推送,未入快策略,,2026-06-15,0,common_index_cache,2,19.37,9.27,15.79,15.79,15.79,,,,,,intraday_0950,2026-06-15 09:50:00,当日上涨；收在日内高位；近5日趋势升温；站上20日线且不过热；连续上榜确认；市场强势且个股相对强势,量能不足；人气排名明显回落,v2
2026-06-15,,次日已审,低层级强势反哺,普通/不推送走强,low_level_winner,不推送 后来走强，原因反哺：人气Top50、市场强势且个股相对强势、近5日强势延续,25,002971,和远气体,不推送,未入快策略,,2026-06-15,0,common_index_cache,2,17.27,8.86,13.42,19.47,13.42,,,,,,intraday_0950,2026-06-15 09:50:00,人气Top50；近5日强势延续；连续上榜确认；市场强势且个股相对强势,当日转弱；收盘承接偏弱；短线涨幅偏高；偏离20日线较大；v2回避转弱弱收盘样本,v2
2026-06-15,,次日已审,低层级强势反哺,普通/不推送走强,low_level_winner,不推送 后来走强，原因反哺：市场强势且个股相对强势、当日上涨、收在日内高位,83,000032,深桑达A,不推送,未入快策略,,2026-06-15,0,common_index_cache,2,16.33,7.57,14.68,14.68,14.68,,,,,,intraday_0950,2026-06-15 09:50:00,当日上涨；收在日内高位；温和放量；近5日强势延续；站上20日线且不过热；市场强势且个股相对强势,短线涨幅偏高；v2回避前段过热样本,v2
2026-06-15,,次日已审,低层级强势反哺,普通/不推送走强,low_level_winner,不推送 后来走强，原因反哺：人气Top10、市场强势且个股相对强势、持续霸榜,4,600378,昊华科技,不推送,未入快策略,,2026-06-15,0,common_index_cache,2,15.68,3.74,5.17,11.66,5.17,,,,,,intraday_0950,2026-06-15 09:50:00,人气Top10；近5日趋势升温；站上20日线且不过热；持续霸榜；市场强势且个股相对强势,当日转弱；量能不足；热度可能进入后段；v2回避转弱弱收盘样本,v2
2026-06-15,,次日已审,低层级强势反哺,普通/不推送走强,low_level_winner,不推送 后来走强，原因反哺：人气Top10、持续霸榜、站上20日线且不过热,7,600487,亨通光电,不推送,未入快策略,,2026-06-15,0,common_index_cache,2,15.32,2.04,11.69,12.89,11.69,,,,,,intraday_0950,2026-06-15 09:50:00,人气Top10；站上20日线且不过热；持续霸榜,当日转弱；量能不足；热度可能进入后段；强势市里个股相对走弱；v2回避转弱弱收盘样本,v2
2026-06-15,,次日已审,低层级强势反哺,普通/不推送走强,low_level_winner,不推送 后来走强，原因反哺：人气Top50、人气排名明显上升、市场强势且个股相对强势,40,600176,中国巨石,不推送,已入快策略,,2026-06-15,0,common_index_cache,2,22.17,5.03,11.08,12.33,11.08,,,,,,intraday_0950,2026-06-15 09:50:00,人气Top50；当日强涨；收在日内高位；近5日强势延续；站上20日线且不过热；连续上榜确认；人气排名明显上升；市场强势且个股相对强势,量能不足；短线涨幅偏高；v2回避后段过热样本；v2回避非封板高位追涨样本,v2
2026-06-15,,次日已审,低层级强势反哺,普通/不推送走强,low_level_winner,不推送 后来走强，原因反哺：人气Top3、人气排名明显上升、市场强势且个股相对强势,1,002491,通鼎互联,不推送,已入快策略,,2026-06-15,0,common_index_cache,2,21.04,2.74,10.03,11.89,10.03,,,,,,intraday_0950,2026-06-15 09:50:00,人气Top3；当日上涨；收在日内高位；人气排名明显上升；市场强势且个股相对强势,量能不足；近5日趋势未确认,v2
2026-06-15,,次日已审,低层级强势反哺,普通/不推送走强,low_level_winner,不推送 后来走强，原因反哺：市场强势且个股相对强势、当日上涨、收在日内高位,99,603256,宏和科技,不推送,已入快策略,,2026-06-15,0,common_index_cache,2,18.4,8.39,15.04,15.04,15.04,,,,,,intraday_0950,2026-06-15 09:50:00,当日上涨；收在日内高位；近5日趋势升温；站上20日线且不过热；连续上榜确认；市场强势且个股相对强势,量能不足,v2
2026-06-15,,次日已审,低层级强势反哺,普通/不推送走强,low_level_winner,不推送 后来走强，原因反哺：人气Top50、市场强势且个股相对强势、收盘承接较强,38,600206,有研新材,不推送,已入快策略,,2026-06-15,0,common_index_cache,2,17.83,4.41,15.81,15.81,15.81,,,,,,intraday_0950,2026-06-15 09:50:00,人气Top50；收盘承接较强；近5日趋势升温；站上20日线且不过热；连续上榜确认；市场强势且个股相对强势,量能不足；人气排名明显回落,v2
2026-06-15,,次日已审,低层级强势反哺,普通/不推送走强,low_level_winner,不推送 后来走强，原因反哺：人气Top50、市场强势且个股相对强势、当日上涨,39,600498,烽火通信,不推送,已入快策略,,2026-06-15,0,common_index_cache,2,17.61,4.94,13.5,14.2,13.5,,,,,,intraday_0950,2026-06-15 09:50:00,人气Top50；当日上涨；收盘承接较强；近5日趋势升温；站上20日线且不过热；连续上榜确认；市场强势且个股相对强势,量能不足,v2
2026-06-15,,次日已审,低层级强势反哺,普通/不推送走强,low_level_winner,不推送 后来走强，原因反哺：当日上涨、收盘承接较强、站上20日线且不过热,89,603986,兆易创新,不推送,已入快策略,,2026-06-15,0,common_index_cache,2,17.44,5.41,6.77,8.79,6.77,,,,,,intraday_0950,2026-06-15 09:50:00,当日上涨；收盘承接较强；近5日趋势升温；站上20日线且不过热；连续上榜确认,量能不足,v2
2026-06-15,,次日已审,低层级强势反哺,普通/不推送走强,low_level_winner,普通观察 后来走强，原因反哺：人气Top20、市场强势且个股相对强势、当日强涨,19,000636,风华高科,普通观察,已入快策略,,2026-06-15,0,common_index_cache,2,15.38,6.31,10.0,11.43,10.0,,,,,,intraday_0950,2026-06-15 09:50:00,人气Top20；当日强涨；收在日内高位；近5日趋势升温；站上20日线且不过热；持续霸榜；市场强势且个股相对强势,量能不足；热度可能进入后段,v2
2026-06-15,,次日已审,低层级强势反哺,普通/不推送走强,low_level_winner,不推送 后来走强，原因反哺：人气排名明显上升、市场强势且个股相对强势、当日强涨,86,300433,蓝思科技,不推送,已入快策略,,2026-06-15,0,common_index_cache,2,15.21,1.98,8.77,13.84,8.77,,,,,,intraday_0950,2026-06-15 09:50:00,当日强涨；收盘承接较强；站上20日线且不过热；人气排名明显上升；市场强势且个股相对强势,量能不足,v2
2026-06-12,2026-06-05,次日已审,快策略候选,优先成功,priority_success,下个交易日主盯 后续最高表现达到 22.30%，保留这类命中特征。,35,600549,厦门钨业,普通观察,下个交易日主盯,89.7,2026-06-11,1,common_index_cache,3,15.9,-5.23,2.19,2.19,2.19,15.9,,22.3,,,intraday_0950,2026-06-12 09:50:00,人气Top50；当日上涨；收在日内高位；近5日趋势升温；站上20日线且不过热；连续上榜确认；人气排名明显上升；弱市中个股相对抗跌,-,v2
2026-06-12,2026-06-05,次日已审,快策略候选,优先成功,priority_success,下个交易日主盯 后续最高表现达到 19.11%，保留这类命中特征。,30,600498,烽火通信,普通观察,下个交易日主盯,77.7,2026-06-11,1,common_index_cache,3,17.45,-1.39,3.89,4.92,3.89,17.45,,19.11,,,intraday_0950,2026-06-12 09:50:00,人气Top50；当日强涨；收在日内高位；近5日趋势升温；站上20日线且不过热；人气排名明显上升；弱市中个股相对抗跌,-,v2
2026-06-12,2026-06-05,次日已审,快策略候选,优先成功,priority_success,下个交易日主盯 后续最高表现达到 19.92%，保留这类命中特征。,12,600206,有研新材,不推送,下个交易日主盯,71.4,2026-06-11,1,common_index_cache,3,14.31,-4.68,2.13,2.13,2.13,14.31,,19.92,,,intraday_0950,2026-06-12 09:50:00,人气Top20；温和放量；近5日趋势升温；站上20日线且不过热；连续上榜确认；v2热点回踩观察,收盘承接偏弱；弱市先收缩执行,v2
2026-06-12,2026-06-05,次日已审,快策略候选,优先成功,priority_success,下个交易日主盯 后续最高表现达到 17.20%，保留这类命中特征。,31,600500,中化国际,观察池,下个交易日主盯,64.15,2026-06-11,1,common_index_cache,3,16.02,-1.01,3.91,7.06,3.91,16.02,,17.2,,,intraday_0950,2026-06-12 09:50:00,人气Top50；当日涨停附近；收在日内高位；近5日强势延续；连续上榜确认；弱市中个股相对抗跌,放量过猛；短线涨幅偏高；偏离20日线较大；涨停封板不可买,v2
2026-06-12,2026-06-05,次日已审,快策略候选,优先成功,priority_success,下个交易日主盯 后续最高表现达到 17.95%，保留这类命中特征。,61,001257,盛龙股份,观察池,下个交易日主盯,54.12,2026-06-11,1,common_index_cache,3,17.95,7.79,9.99,9.99,9.99,17.95,,9.43,,,intraday_0950,2026-06-12 09:50:00,当日涨停附近；收在日内高位；近5日趋势升温；站上20日线且不过热,一字或近似一字，参与点差；弱市先收缩执行；后段人气股在偏弱环境里更谨慎；一字板不可买,v2
2026-06-12,2026-06-05,次日已审,快策略候选,优先走弱,priority_failed,下个交易日主盯 未兑现，复盘风险项：短线涨幅偏高；偏离20日线较大；涨停封板不可买,10,002119,康强电子,观察池,下个交易日主盯,90.55,2026-06-11,1,common_index_cache,3,-3.35,-6.73,-1.63,-0.5,-1.63,-3.35,,3.62,,,intraday_0950,2026-06-12 09:50:00,人气Top10；当日涨停附近；收在日内高位；近5日强势延续；连续上榜确认；人气排名明显上升；弱市中个股相对抗跌,短线涨幅偏高；偏离20日线较大；涨停封板不可买,v2
2026-06-12,2026-06-05,次日已审,快策略候选,优先走弱,priority_failed,下个交易日主盯 未兑现，复盘风险项：当日转弱；热度可能进入后段；弱市里的长连榜样本优先降权；Top3高热度拥挤，次日兑现风险,3,002354,天娱数科,普通观察,下个交易日主盯,82.6,2026-06-11,1,common_index_cache,3,-9.64,-2.83,-3.6,2.57,-3.6,-9.64,,-7.01,,,intraday_0950,2026-06-12 09:50:00,人气Top3；收在日内高位；温和放量；近5日趋势升温；站上20日线且不过热；持续霸榜；弱市中个股相对抗跌,当日转弱；热度可能进入后段；弱市里的长连榜样本优先降权；Top3高热度拥挤，次日兑现风险,v2
2026-06-12,2026-06-05,次日已审,快策略候选,优先走弱,priority_failed,下个交易日主盯 未兑现，复盘风险项：当日转弱；收盘承接偏弱；弱市先收缩执行；v2回避转弱弱收盘样本,28,002165,红宝丽,不推送,下个交易日主盯,56.75,2026-06-11,1,common_index_cache,3,-1.99,-0.8,3.98,5.57,3.98,-1.99,,-1.2,,,intraday_0950,2026-06-12 09:50:00,人气Top50；温和放量；近5日趋势升温；站上20日线且不过热；连续上榜确认；人气排名明显上升,当日转弱；收盘承接偏弱；弱市先收缩执行；v2回避转弱弱收盘样本,v2
2026-06-12,2026-06-05,次日已审,快策略候选,优先走弱,priority_failed,下个交易日主盯 未兑现，复盘风险项：后段人气股在偏弱环境里更谨慎,89,002490,山东墨龙,不推送,下个交易日主盯,54.33,2026-06-11,1,common_index_cache,3,-16.63,-6.74,-7.64,-4.83,-7.64,-16.63,,-10.6,,,intraday_0950,2026-06-12 09:50:00,当日上涨；收在日内高位；温和放量；近5日趋势升温；站上20日线且不过热；弱市中个股相对抗跌,后段人气股在偏弱环境里更谨慎,v2
2026-06-12,2026-06-05,次日已审,快策略候选,暂未强势,neutral,继续等待更多交易日或降低权重。,8,002409,雅克科技,普通观察,下个交易日主盯,76.8,2026-06-11,1,common_index_cache,3,4.28,-6.01,-2.13,-2.09,-2.13,4.28,,10.95,,,intraday_0950,2026-06-12 09:50:00,人气Top10；当日上涨；近5日趋势升温；站上20日线且不过热；连续上榜确认；人气排名明显上升；v2连榜升温修正,弱市先收缩执行,v2
2026-06-12,2026-06-05,次日已审,快策略候选,暂未强势,neutral,继续等待更多交易日或降低权重。,62,300054,鼎龙股份,观察池,下个交易日主盯,76.42,2026-06-11,1,common_index_cache,3,4.55,-6.03,-1.94,-1.07,-1.94,4.55,,11.27,,,intraday_0950,2026-06-12 09:50:00,当日涨停附近；温和放量；近5日趋势升温；站上20日线且不过热；人气排名明显上升；v2低分涨停修正,弱市先收缩执行；后段人气股在偏弱环境里更谨慎；涨停封板不可买,v2
2026-06-12,2026-06-05,次日已审,快策略候选,暂未强势,neutral,继续等待更多交易日或降低权重。,24,002971,和远气体,观察池,下个交易日主盯,75.5,2026-06-11,1,common_index_cache,3,5.55,-3.91,-2.15,3.22,-2.15,5.55,,9.85,,,intraday_0950,2026-06-12 09:50:00,人气Top50；当日涨停附近；收在日内高位；温和放量；连续上榜确认；弱市中个股相对抗跌,短线涨幅过热；远离20日线过多；涨停封板不可买,v2
2026-06-12,2026-06-05,次日已审,快策略候选,暂未强势,neutral,继续等待更多交易日或降低权重。,21,002378,章源钨业,不推送,下个交易日主盯,72.3,2026-06-11,1,common_index_cache,3,1.19,0.75,8.5,9.89,8.5,1.19,,0.43,,,intraday_0950,2026-06-12 09:50:00,人气Top50；收盘承接较强；温和放量；近5日趋势升温；站上20日线且不过热；弱市中个股相对抗跌,-,v2
2026-06-12,2026-06-05,次日已审,快策略候选,暂未强势,neutral,继续等待更多交易日或降低权重。,16,000657,中钨高新,普通观察,下个交易日主盯,69.3,2026-06-11,1,common_index_cache,3,10.67,-0.12,7.42,7.42,7.42,10.67,,10.8,,,intraday_0950,2026-06-12 09:50:00,人气Top20；当日上涨；收在日内高位；近5日趋势升温；站上20日线且不过热；连续上榜确认；人气排名明显上升；弱市中个股相对抗跌,-,v2
2026-06-12,2026-06-05,次日已审,快策略候选,暂未强势,neutral,继续等待更多交易日或降低权重。,7,601958,金钼股份,观察池,下个交易日主盯,65.8,2026-06-11,1,common_index_cache,3,11.56,6.78,9.99,9.99,9.99,11.56,,4.48,,,intraday_0950,2026-06-12 09:50:00,人气Top10；当日涨停附近；收在日内高位；近5日趋势升温；站上20日线且不过热；人气排名明显上升,量能不足；一字或近似一字，参与点差；弱市先收缩执行；一字板不可买,v2
2026-06-12,2026-06-05,次日已审,快策略候选,暂未强势,neutral,继续等待更多交易日或降低权重。,23,002636,金安国纪,观察池,下个交易日主盯,63.6,2026-06-11,1,common_index_cache,3,2.61,-2.53,4.35,5.06,4.35,2.61,,5.27,,,intraday_0950,2026-06-12 09:50:00,人气Top50；当日涨停附近；收在日内高位；连续上榜确认；弱市中个股相对抗跌,量能不足；短线涨幅过热；远离20日线过多；涨停封板不可买,v2
2026-06-12,2026-06-05,次日已审,快策略候选,暂未强势,neutral,继续等待更多交易日或降低权重。,27,002842,翔鹭钨业,不推送,下个交易日主盯,62.7,2026-06-11,1,common_index_cache,3,8.78,4.14,8.53,9.1,8.53,8.78,,4.45,,,intraday_0950,2026-06-12 09:50:00,人气Top50；温和放量；近5日趋势升温；站上20日线且不过热；连续上榜确认；人气排名明显上升,弱市先收缩执行,v2
2026-06-12,2026-06-05,次日已审,快策略候选,暂未强势,neutral,继续等待更多交易日或降低权重。,49,600392,盛和资源,不推送,下个交易日主盯,59.6,2026-06-11,1,common_index_cache,3,8.97,-1.55,-0.08,0.49,-0.08,8.97,,10.69,,,intraday_0950,2026-06-12 09:50:00,人气Top50；当日上涨；收盘承接较强；近5日趋势升温；站上20日线且不过热；弱市中个股相对抗跌,-,v2
2026-06-12,2026-06-05,次日已审,快策略候选,暂未强势,neutral,继续等待更多交易日或降低权重。,2,002407,多氟多,不推送,下个交易日主盯,57.65,2026-06-11,1,common_index_cache,3,2.02,4.16,6.44,8.72,6.44,2.02,,-2.06,,,intraday_0950,2026-06-12 09:50:00,人气Top3；近5日趋势升温；站上20日线且不过热；连续上榜确认；人气排名明显上升,当日转弱；收盘承接偏弱；弱市先收缩执行；Top3高热度拥挤，次日兑现风险；v2回避转弱弱收盘样本,v2
2026-06-12,2026-06-05,次日已审,快策略候选,暂未强势,neutral,继续等待更多交易日或降低权重。,17,001696,宗申动力,不推送,下个交易日主盯,57.4,2026-06-11,1,common_index_cache,3,6.84,-2.73,0.79,1.68,0.79,6.84,,9.84,,,intraday_0950,2026-06-12 09:50:00,人气Top20；当日强涨；收在日内高位；连续上榜确认；人气排名明显上升；弱市中个股相对抗跌,短线涨幅过热；偏离20日线较大,v2
2026-06-12,2026-06-05,次日已审,快策略候选,优先成功,priority_success,优先观察 后续最高表现达到 26.38%，保留这类命中特征。,26,600186,莲花控股,不推送,优先观察,50.0,2026-06-11,1,common_index_cache,3,22.58,-3.01,1.34,2.01,1.34,22.58,,26.38,,,intraday_0950,2026-06-12 09:50:00,人气Top50；近5日趋势升温；站上20日线且不过热；持续霸榜；人气排名明显上升,当日转弱；收盘承接偏弱；量能不足；热度可能进入后段；弱市先收缩执行；弱市里的长连榜样本优先降权；v2回避转弱弱收盘样本,v2
2026-06-12,2026-06-05,次日已审,快策略候选,优先成功,priority_success,优先观察 后续最高表现达到 29.27%，保留这类命中特征。,38,603773,沃格光电,不推送,优先观察,50.0,2026-06-11,1,common_index_cache,3,19.61,-7.47,-1.14,-0.01,-1.14,19.61,,29.27,,,intraday_0950,2026-06-12 09:50:00,人气Top50；站上20日线且不过热；持续霸榜,当日转弱；热度可能进入后段；弱市先收缩执行；弱市里的长连榜样本优先降权,v2
2026-06-12,2026-06-05,次日已审,快策略候选,暂未强势,neutral,继续等待更多交易日或降低权重。,50,300706,阿石创,观察池,优先观察,50.7,2026-06-11,1,common_index_cache,3,2.49,-3.48,1.47,5.33,1.47,2.49,,6.19,,,intraday_0950,2026-06-12 09:50:00,人气Top50；当日涨停附近；温和放量,短线涨幅过热；偏离20日线较大；弱市先收缩执行；涨停封板不可买,v2
2026-06-12,2026-06-05,次日已审,快策略候选,暂未强势,neutral,继续等待更多交易日或降低权重。,1,600378,昊华科技,不推送,优先观察,50.0,2026-06-11,1,common_index_cache,3,6.19,-4.96,-6.34,-3.71,-6.34,6.19,,11.73,,,intraday_0950,2026-06-12 09:50:00,人气Top3；近5日强势延续；持续霸榜,当日转弱；收盘承接偏弱；短线涨幅偏高；偏离20日线较大；热度可能进入后段；弱市先收缩执行；弱市里的长连榜样本优先降权；Top3高热度拥挤，次日兑现风险；v2回避转弱弱收盘样本,v2
2026-06-12,2026-06-05,次日已审,快策略候选,暂未强势,neutral,继续等待更多交易日或降低权重。,45,600183,生益科技,不推送,备选观察,47.6,2026-06-11,1,common_index_cache,3,14.45,1.09,5.72,5.72,5.72,14.45,,13.22,,,intraday_0950,2026-06-12 09:50:00,人气Top50；当日上涨；近5日趋势升温；站上20日线且不过热；持续霸榜；人气排名明显上升,收盘承接偏弱；量能不足；热度可能进入后段；上影线偏长；弱市先收缩执行；弱市里的长连榜样本优先降权,v2
2026-06-12,2026-06-05,次日已审,快策略候选,暂未强势,neutral,继续等待更多交易日或降低权重。,40,603993,洛阳钼业,不推送,备选观察,47.0,2026-06-11,1,common_index_cache,3,9.92,6.21,14.01,14.44,14.01,9.92,,3.49,,,intraday_0950,2026-06-12 09:50:00,人气Top50；当日上涨；站上20日线且不过热；人气排名明显上升,弱市先收缩执行,v2
2026-06-12,2026-06-05,次日已审,快策略候选,备选走强,backup_success,备选观察 后续最高表现达到 20.42%，保留这类命中特征。,15,000636,风华高科,不推送,备选观察,47.1,2026-06-11,1,common_index_cache,3,1.58,-15.65,-10.81,-10.81,-10.81,1.58,,20.42,,,intraday_0950,2026-06-12 09:50:00,人气Top20；当日上涨；收盘承接较强；站上20日线且不过热；持续霸榜；人气排名明显上升；弱市中个股相对抗跌,量能不足；近5日趋势未确认；热度可能进入后段；弱市里的长连榜样本优先降权,v2
2026-06-12,2026-06-05,次日已审,快策略候选,暂未强势,neutral,继续等待更多交易日或降低权重。,51,600160,巨化股份,不推送,只看不追,43.62,2026-06-11,1,common_index_cache,2,10.4,6.38,10.14,10.24,10.14,,,,,,intraday_0950,2026-06-12 09:50:00,当日上涨；近5日趋势升温；站上20日线且不过热；连续上榜确认,量能不足；弱市先收缩执行；后段人气股在偏弱环境里更谨慎；v2回避人气转弱样本,v2
2026-06-12,,次日已审,低层级强势反哺,普通/不推送走强,low_level_winner,不推送 后来走强，原因反哺：人气Top50、人气排名明显上升、站上20日线且不过热,46,600353,旭光电子,不推送,未入快策略,,2026-06-12,0,common_index_cache,3,26.08,-0.96,4.19,4.19,4.19,26.08,,27.3,,,intraday_0950,2026-06-12 09:50:00,人气Top50；近5日趋势升温；站上20日线且不过热；人气排名明显上升；震荡市里保持相对强势,收盘承接偏弱；上影线偏长,v2
2026-06-12,,次日已审,低层级强势反哺,普通/不推送走强,low_level_winner,不推送 后来走强，原因反哺：人气排名明显上升、当日上涨、站上20日线且不过热,55,600176,中国巨石,不推送,未入快策略,,2026-06-12,0,common_index_cache,3,26.04,-0.74,5.66,5.66,5.66,26.04,,26.98,,,intraday_0950,2026-06-12 09:50:00,当日上涨；近5日趋势升温；站上20日线且不过热；连续上榜确认；人气排名明显上升；震荡市里保持相对强势,量能不足；后段人气股在偏弱环境里更谨慎,v2
2026-06-12,,次日已审,低层级强势反哺,普通/不推送走强,low_level_winner,不推送 后来走强，原因反哺：站上20日线且不过热、连续上榜确认,98,002585,双星新材,不推送,未入快策略,,2026-06-12,0,common_index_cache,3,26.04,-0.25,8.06,8.06,8.06,26.04,,26.36,,,intraday_0950,2026-06-12 09:50:00,站上20日线且不过热；连续上榜确认,当日转弱；收盘承接偏弱；量能不足；近5日趋势未确认；人气排名明显回落；震荡市里相对走弱；后段人气股在偏弱环境里更谨慎；市场健康度不足，收缩推送；v2回避转弱弱收盘样本；v2回避人气转弱样本,v2
2026-06-12,,次日已审,低层级强势反哺,普通/不推送走强,low_level_winner,不推送 后来走强，原因反哺：站上20日线且不过热、连续上榜确认,99,600105,永鼎股份,不推送,未入快策略,,2026-06-12,0,common_index_cache,3,21.26,0.48,2.86,3.77,2.86,21.26,,20.68,,,intraday_0950,2026-06-12 09:50:00,站上20日线且不过热；连续上榜确认,当日转弱；收盘承接偏弱；量能不足；近5日趋势未确认；人气排名明显回落；震荡市里相对走弱；后段人气股在偏弱环境里更谨慎；市场健康度不足，收缩推送；v2回避转弱弱收盘样本；v2回避人气转弱样本,v2
2026-06-12,,次日已审,低层级强势反哺,普通/不推送走强,low_level_winner,不推送 后来走强，原因反哺：站上20日线且不过热、近5日趋势升温、连续上榜确认,74,605006,山东玻纤,不推送,未入快策略,,2026-06-12,0,common_index_cache,3,20.2,-3.42,0.79,1.06,0.79,20.2,,24.46,,,intraday_0950,2026-06-12 09:50:00,近5日趋势升温；站上20日线且不过热；连续上榜确认；震荡市里保持相对强势,当日转弱；收盘承接偏弱；人气排名明显回落；后段人气股在偏弱环境里更谨慎；v2回避转弱弱收盘样本；v2回避人气转弱样本,v2
2026-06-12,,次日已审,低层级强势反哺,普通/不推送走强,low_level_winner,不推送 后来走强，原因反哺：近5日趋势升温、震荡市里保持相对强势,92,002297,博云新材,不推送,未入快策略,,2026-06-12,0,common_index_cache,3,19.52,1.53,7.09,7.65,7.09,19.52,,17.72,,,intraday_0950,2026-06-12 09:50:00,近5日趋势升温；震荡市里保持相对强势,收盘承接偏弱；量能不足；人气排名明显回落；后段人气股在偏弱环境里更谨慎；v2回避人气转弱样本,v2
2026-06-12,,次日已审,低层级强势反哺,普通/不推送走强,low_level_winner,不推送 后来走强，原因反哺：当日上涨、持续霸榜、站上20日线且不过热,73,002384,东山精密,不推送,未入快策略,,2026-06-12,0,common_index_cache,3,17.96,2.14,9.88,9.88,9.88,17.96,,15.49,,,intraday_0950,2026-06-12 09:50:00,当日上涨；站上20日线且不过热；持续霸榜；震荡市里保持相对强势,量能不足；近5日趋势未确认；热度可能进入后段；后段人气股在偏弱环境里更谨慎,v2
2026-06-12,,次日已审,低层级强势反哺,普通/不推送走强,low_level_winner,不推送 后来走强，原因反哺：持续霸榜,86,002281,光迅科技,不推送,未入快策略,,2026-06-12,0,common_index_cache,3,17.75,0.66,9.71,9.71,9.71,17.75,,16.98,,,intraday_0950,2026-06-12 09:50:00,持续霸榜,收盘承接偏弱；量能不足；近5日趋势未确认；热度可能进入后段；人气排名明显回落；震荡市里相对走弱；后段人气股在偏弱环境里更谨慎；市场健康度不足，收缩推送；v2回避人气转弱样本,v2
2026-06-12,,次日已审,低层级强势反哺,普通/不推送走强,low_level_winner,不推送 后来走强，原因反哺：当日上涨、站上20日线且不过热、近5日趋势升温,80,603256,宏和科技,不推送,未入快策略,,2026-06-12,0,common_index_cache,3,17.57,-3.7,3.85,3.85,3.85,17.57,,22.09,,,intraday_0950,2026-06-12 09:50:00,当日上涨；近5日趋势升温；站上20日线且不过热；震荡市里保持相对强势,量能不足；人气排名明显回落；后段人气股在偏弱环境里更谨慎；v2回避人气转弱样本,v2
2026-06-12,,次日已审,低层级强势反哺,普通/不推送走强,low_level_winner,不推送 后来走强，原因反哺：人气排名明显上升、站上20日线且不过热,66,603678,火炬电子,不推送,未入快策略,,2026-06-12,0,common_index_cache,3,17.0,0.54,7.37,7.37,7.37,17.0,,16.38,,,intraday_0950,2026-06-12 09:50:00,站上20日线且不过热；人气排名明显上升,当日转弱；收盘承接偏弱；量能不足；近5日趋势未确认；震荡市里相对走弱；后段人气股在偏弱环境里更谨慎；市场健康度不足，收缩推送；v2回避转弱弱收盘样本,v2
2026-06-12,,次日已审,低层级强势反哺,普通/不推送走强,low_level_winner,不推送 后来走强，原因反哺：人气Top50、人气排名明显上升、收在日内高位,37,688549,中巨芯,不推送,未入快策略,,2026-06-12,0,common_index_cache,3,16.7,-12.34,-7.15,-3.33,-7.15,16.7,,33.12,,,intraday_0950,2026-06-12 09:50:00,人气Top50；收在日内高位；连续上榜确认；人气排名明显上升；震荡市里保持相对强势,当日转弱；量能不足；短线涨幅过热；远离20日线过多；v2回避前段过热样本,v2
2026-06-12,,次日已审,低层级强势反哺,普通/不推送走强,low_level_winner,不推送 后来走强，原因反哺：当日上涨、站上20日线且不过热、震荡市里保持相对强势,72,603986,兆易创新,不推送,未入快策略,,2026-06-12,0,common_index_cache,3,16.62,-1.5,3.08,3.28,3.08,16.62,,18.4,,,intraday_0950,2026-06-12 09:50:00,当日上涨；站上20日线且不过热；震荡市里保持相对强势,收盘承接偏弱；量能不足；后段人气股在偏弱环境里更谨慎；v2回避人气转弱样本,v2
2026-06-12,,次日已审,低层级强势反哺,普通/不推送走强,low_level_winner,不推送 后来走强，原因反哺：人气Top50、温和放量、站上20日线且不过热,29,605589,圣泉集团,不推送,未入快策略,,2026-06-12,0,common_index_cache,3,15.98,1.29,12.05,12.05,12.05,15.98,,14.5,,,intraday_0950,2026-06-12 09:50:00,人气Top50；温和放量；近5日趋势升温；站上20日线且不过热；连续上榜确认；震荡市里保持相对强势,当日转弱；收盘承接偏弱；人气排名明显回落；v2回避转弱弱收盘样本；v2回避人气转弱样本,v2
2026-06-12,,次日已审,低层级强势反哺,普通/不推送走强,low_level_winner,不推送 后来走强，原因反哺：人气Top10、人气排名明显上升、持续霸榜,5,600703,三安光电,不推送,未入快策略,,2026-06-12,0,common_index_cache,3,15.87,-5.67,3.38,3.38,3.38,15.87,,22.83,,,intraday_0950,2026-06-12 09:50:00,人气Top10；持续霸榜；人气排名明显上升,当日转弱；量能不足；近5日趋势未确认；仍在20日线下方；热度可能进入后段；震荡市里相对走弱；市场健康度不足，收缩推送；v2回避转弱弱收盘样本,v2
2026-06-12,,次日已审,低层级强势反哺,普通/不推送走强,low_level_winner,不推送 后来走强，原因反哺：人气Top20、持续霸榜、站上20日线且不过热,11,000725,京东方A,不推送,未入快策略,,2026-06-12,0,common_index_cache,3,15.69,-1.03,2.07,3.62,2.07,15.69,,16.9,,,intraday_0950,2026-06-12 09:50:00,人气Top20；站上20日线且不过热；持续霸榜,当日转弱；收盘承接偏弱；量能不足；近5日趋势未确认；热度可能进入后段；震荡市里相对走弱；市场健康度不足，收缩推送；v2回避转弱弱收盘样本,v2
2026-06-12,,次日已审,低层级强势反哺,普通/不推送走强,low_level_winner,不推送 后来走强，原因反哺：持续霸榜,78,002185,华天科技,不推送,未入快策略,,2026-06-12,0,common_index_cache,3,12.19,-3.53,0.88,0.94,0.88,12.19,,16.3,,,intraday_0950,2026-06-12 09:50:00,持续霸榜,收盘承接偏弱；量能不足；近5日趋势未确认；热度可能进入后段；震荡市里相对走弱；后段人气股在偏弱环境里更谨慎；市场健康度不足，收缩推送；v2回避人气转弱样本,v2
2026-06-12,,次日已审,低层级强势反哺,普通/不推送走强,low_level_winner,不推送 后来走强，原因反哺：人气Top50、持续霸榜、震荡市里保持相对强势,33,600584,长电科技,不推送,未入快策略,,2026-06-12,0,common_index_cache,3,10.91,-4.64,0.81,1.02,0.81,10.91,,16.3,,,intraday_0950,2026-06-12 09:50:00,人气Top50；持续霸榜；震荡市里保持相对强势,收盘承接偏弱；量能不足；近5日趋势未确认；热度可能进入后段,v2
2026-06-12,,次日已审,低层级强势反哺,普通/不推送走强,low_level_winner,不推送 后来走强，原因反哺：人气排名明显上升、温和放量、站上20日线且不过热,52,603155,新亚强,不推送,未入快策略,,2026-06-12,0,common_index_cache,3,6.79,-7.22,-4.08,-2.92,-4.08,6.79,,15.09,,,intraday_0950,2026-06-12 09:50:00,温和放量；近5日趋势升温；站上20日线且不过热；连续上榜确认；人气排名明显上升；震荡市里保持相对强势,当日转弱；收盘承接偏弱；后段人气股在偏弱环境里更谨慎；v2回避转弱弱收盘样本,v2
2026-06-12,,次日已审,低层级强势反哺,普通/不推送走强,low_level_winner,不推送 后来走强，原因反哺：人气Top50、人气排名明显上升、持续霸榜,26,600186,莲花控股,不推送,已入快策略,,2026-06-12,0,common_index_cache,3,22.58,-3.01,1.34,2.01,1.34,22.58,,26.38,,,intraday_0950,2026-06-12 09:50:00,人气Top50；近5日趋势升温；站上20日线且不过热；持续霸榜；人气排名明显上升；震荡市里保持相对强势,当日转弱；收盘承接偏弱；量能不足；热度可能进入后段；v2回避转弱弱收盘样本,v2
2026-06-12,,次日已审,低层级强势反哺,普通/不推送走强,low_level_winner,不推送 后来走强，原因反哺：人气Top50、持续霸榜、站上20日线且不过热,38,603773,沃格光电,不推送,已入快策略,,2026-06-12,0,common_index_cache,3,19.61,-7.47,-1.14,-0.01,-1.14,19.61,,29.27,,,intraday_0950,2026-06-12 09:50:00,人气Top50；站上20日线且不过热；持续霸榜；震荡市里保持相对强势,当日转弱；热度可能进入后段,v2
2026-06-12,,次日已审,低层级强势反哺,普通/不推送走强,low_level_winner,普通观察 后来走强，原因反哺：人气Top50、人气排名明显上升、当日强涨,30,600498,烽火通信,普通观察,已入快策略,,2026-06-12,0,common_index_cache,3,17.45,-1.39,3.89,4.92,3.89,17.45,,19.11,,,intraday_0950,2026-06-12 09:50:00,人气Top50；当日强涨；收在日内高位；近5日趋势升温；站上20日线且不过热；人气排名明显上升；震荡市里保持相对强势；震荡市里承接未失控,-,v2
2026-06-12,,次日已审,低层级强势反哺,普通/不推送走强,low_level_winner,普通观察 后来走强，原因反哺：人气Top50、人气排名明显上升、当日上涨,35,600549,厦门钨业,普通观察,已入快策略,,2026-06-12,0,common_index_cache,3,15.9,-5.23,2.19,2.19,2.19,15.9,,22.3,,,intraday_0950,2026-06-12 09:50:00,人气Top50；当日上涨；收在日内高位；近5日趋势升温；站上20日线且不过热；连续上榜确认；人气排名明显上升；震荡市里保持相对强势；震荡市里承接未失控,-,v2
2026-06-12,,次日已审,低层级强势反哺,普通/不推送走强,low_level_winner,普通观察 后来走强，原因反哺：v2热点回踩观察、人气Top20、温和放量,12,600206,有研新材,普通观察,已入快策略,,2026-06-12,0,common_index_cache,3,14.31,-4.68,2.13,2.13,2.13,14.31,,19.92,,,intraday_0950,2026-06-12 09:50:00,人气Top20；温和放量；近5日趋势升温；站上20日线且不过热；连续上榜确认；震荡市里保持相对强势；v2热点回踩观察,收盘承接偏弱,v2
2026-06-12,,次日已审,低层级强势反哺,普通/不推送走强,low_level_winner,不推送 后来走强，原因反哺：人气Top20、人气排名明显上升、当日上涨,15,000636,风华高科,不推送,已入快策略,,2026-06-12,0,common_index_cache,3,1.58,-15.65,-10.81,-10.81,-10.81,1.58,,20.42,,,intraday_0950,2026-06-12 09:50:00,人气Top20；当日上涨；收盘承接较强；近5日趋势升温；持续霸榜；人气排名明显上升；震荡市里保持相对强势；震荡市里承接未失控,量能不足；偏离20日线较大；热度可能进入后段,v2
2026-06-11,2026-06-04,次日已审,快策略候选,优先成功,priority_success,下个交易日主盯 后续最高表现达到 27.60%，保留这类命中特征。,18,600500,中化国际,观察池,下个交易日主盯,64.95,2026-06-10,1,common_index_cache,4,27.6,9.57,9.99,9.99,9.99,25.66,,14.68,,,intraday_0950,2026-06-11 09:50:00,人气Top20；当日涨停附近；收在日内高位；近5日强势延续；站上20日线且不过热；首次上榜即强势,量能不足；短线涨幅偏高；一字或近似一字，参与点差；弱市先收缩执行；一字板不可买,v2
2026-06-11,2026-06-04,次日已审,快策略候选,优先成功,priority_success,下个交易日主盯 后续最高表现达到 17.43%，保留这类命中特征。,24,603002,宏昌电子,观察池,下个交易日主盯,62.2,2026-06-10,1,common_index_cache,4,0.0,-22.59,-24.87,-20.26,-24.87,-9.09,,17.43,,,intraday_0950,2026-06-11 09:50:00,人气Top50；当日涨停附近；收在日内高位；放量仍可控；站上20日线且不过热；连续上榜确认；人气排名明显上升；弱市中个股相对抗跌,涨停封板不可买,v2
2026-06-11,2026-06-04,次日已审,快策略候选,优先成功,priority_success,下个交易日主盯 后续最高表现达到 17.79%，保留这类命中特征。,17,002971,和远气体,不推送,下个交易日主盯,59.25,2026-06-10,1,common_index_cache,4,17.79,5.77,11.6,11.6,11.6,13.92,,7.71,,,intraday_0950,2026-06-11 09:50:00,人气Top20；当日强涨；收盘承接较强；近5日强势延续；人气排名明显上升；弱市中个股相对抗跌,短线涨幅偏高；偏离20日线较大；v2回避前段过热样本,v2
2026-06-11,2026-06-04,次日已审,快策略候选,优先成功,priority_success,下个交易日主盯 后续最高表现达到 24.13%，保留这类命中特征。,41,600186,莲花控股,不推送,下个交易日主盯,57.6,2026-06-10,1,common_index_cache,4,24.13,4.57,-2.03,9.65,-2.03,12.87,,7.94,,,intraday_0950,2026-06-11 09:50:00,人气Top50；收盘承接较强；近5日趋势升温；连续上榜确认；弱市中个股相对抗跌,量能不足；人气排名明显回落,v2
2026-06-11,2026-06-04,次日已审,快策略候选,优先成功,priority_success,下个交易日主盯 后续最高表现达到 17.82%，保留这类命中特征。,76,002842,翔鹭钨业,观察池,下个交易日主盯,57.03,2026-06-10,1,common_index_cache,4,10.27,5.36,0.53,9.63,0.53,17.82,,11.82,,,intraday_0950,2026-06-11 09:50:00,当日涨停附近；收在日内高位；近5日趋势升温；站上20日线且不过热；弱市中个股相对抗跌；v2低分涨停修正,后段人气股在偏弱环境里更谨慎；涨停封板不可买,v2
2026-06-11,2026-06-04,次日已审,快策略候选,优先成功,priority_success,下个交易日主盯 后续最高表现达到 19.62%，保留这类命中特征。,65,600549,厦门钨业,不推送,下个交易日主盯,54.73,2026-06-10,1,common_index_cache,4,19.62,2.1,-4.11,3.77,-4.11,16.03,,13.64,,,intraday_0950,2026-06-11 09:50:00,当日上涨；收盘承接较强；近5日趋势升温；站上20日线且不过热；弱市中个股相对抗跌,量能不足；后段人气股在偏弱环境里更谨慎,v2
2026-06-11,2026-06-04,次日已审,快策略候选,优先走弱,priority_failed,下个交易日主盯 未兑现，复盘风险项：短线涨幅偏高；Top3高热度拥挤，次日兑现风险；涨停封板不可买,2,002354,天娱数科,观察池,下个交易日主盯,97.0,2026-06-10,1,common_index_cache,4,-0.71,4.8,6.21,14.69,6.21,2.54,,-2.16,,,intraday_0950,2026-06-11 09:50:00,人气Top3；当日涨停附近；收在日内高位；温和放量；近5日强势延续；站上20日线且不过热；连续上榜确认；弱市中个股相对抗跌；v2强势延续修正；v2低分涨停修正,短线涨幅偏高；Top3高热度拥挤，次日兑现风险；涨停封板不可买,v2
2026-06-11,2026-06-04,次日已审,快策略候选,优先走弱,priority_failed,下个交易日主盯 未兑现，复盘风险项：量能不足；短线涨幅偏高；偏离20日线较大；涨停封板不可买,8,002636,金安国纪,观察池,下个交易日主盯,74.65,2026-06-10,1,common_index_cache,4,-3.11,-8.9,-9.01,-5.57,-9.01,2.74,,12.78,,,intraday_0950,2026-06-11 09:50:00,人气Top10；当日涨停附近；收在日内高位；近5日强势延续；连续上榜确认；人气排名明显上升；弱市中个股相对抗跌；v2低分涨停修正,量能不足；短线涨幅偏高；偏离20日线较大；涨停封板不可买,v2
2026-06-11,2026-06-04,次日已审,快策略候选,优先走弱,priority_failed,下个交易日主盯 未兑现，复盘风险项：热度可能进入后段；弱市先收缩执行；弱市里的长连榜样本优先降权,13,002421,达实智能,不推送,下个交易日主盯,70.5,2026-06-10,1,common_index_cache,4,-3.53,10.83,10.83,16.88,10.83,4.53,,-5.68,,,intraday_0950,2026-06-11 09:50:00,人气Top20；近5日趋势升温；站上20日线且不过热；持续霸榜,热度可能进入后段；弱市先收缩执行；弱市里的长连榜样本优先降权,v2
2026-06-11,2026-06-04,次日已审,快策略候选,优先走弱,priority_failed,下个交易日主盯 未兑现，复盘风险项：当日转弱；弱市先收缩执行；v2回避转弱弱收盘样本,10,002361,神剑股份,不推送,下个交易日主盯,66.05,2026-06-10,1,common_index_cache,4,-1.95,5.59,-1.19,10.17,-1.19,0.88,,-4.46,,,intraday_0950,2026-06-11 09:50:00,人气Top10；近5日趋势升温；站上20日线且不过热；连续上榜确认；人气排名明显上升,当日转弱；弱市先收缩执行；v2回避转弱弱收盘样本,v2
2026-06-11,2026-06-04,次日已审,快策略候选,优先走弱,priority_failed,下个交易日主盯 未兑现，复盘风险项：涨停封板不可买,39,002459,晶澳科技,观察池,下个交易日主盯,61.3,2026-06-10,1,common_index_cache,4,-4.83,0.34,-0.56,2.02,-0.56,-2.36,,-2.69,,,intraday_0950,2026-06-11 09:50:00,人气Top50；当日涨停附近；收在日内高位；温和放量；近5日趋势升温；弱市中个股相对抗跌,涨停封板不可买,v2
2026-06-11,2026-06-04,次日已审,快策略候选,优先走弱,priority_failed,下个交易日主盯 未兑现，复盘风险项：短线涨幅偏高；后段人气股在偏弱环境里更谨慎；v2回避后段过热样本,57,603859,能科科技,不推送,下个交易日主盯,61.28,2026-06-10,1,common_index_cache,4,-11.15,-14.77,-10.03,-2.61,-10.03,-10.4,,5.13,,,intraday_0950,2026-06-11 09:50:00,当日强涨；收在日内高位；近5日强势延续；站上20日线且不过热；连续上榜确认；人气排名明显上升；弱市中个股相对抗跌,短线涨幅偏高；后段人气股在偏弱环境里更谨慎；v2回避后段过热样本,v2
2026-06-11,2026-06-04,次日已审,快策略候选,优先走弱,priority_failed,下个交易日主盯 未兑现，复盘风险项：量能不足；一字或近似一字，参与点差；弱市先收缩执行；一字板不可买,7,605589,圣泉集团,观察池,下个交易日主盯,59.2,2026-06-10,1,common_index_cache,4,-2.58,-13.44,-14.44,-6.87,-14.44,-1.61,,13.66,,,intraday_0950,2026-06-11 09:50:00,人气Top10；当日涨停附近；收在日内高位；站上20日线且不过热；连续上榜确认,量能不足；一字或近似一字，参与点差；弱市先收缩执行；一字板不可买,v2
2026-06-11,2026-06-04,次日已审,快策略候选,优先走弱,priority_failed,下个交易日主盯 未兑现，复盘风险项：量能不足；热度可能进入后段；上影线偏长；弱市先收缩执行；弱市里的长连榜样本优先降权,6,000725,京东方A,不推送,下个交易日主盯,57.8,2026-06-10,1,common_index_cache,4,0.0,-11.33,-16.99,-10.43,-16.99,-9.09,,2.52,,,intraday_0950,2026-06-11 09:50:00,人气Top10；近5日趋势升温；站上20日线且不过热；持续霸榜,量能不足；热度可能进入后段；上影线偏长；弱市先收缩执行；弱市里的长连榜样本优先降权,v2
2026-06-11,2026-06-04,次日已审,快策略候选,优先走弱,priority_failed,下个交易日主盯 未兑现，复盘风险项：弱市先收缩执行,28,605006,山东玻纤,不推送,下个交易日主盯,54.6,2026-06-10,1,common_index_cache,4,-1.44,-18.12,-21.95,-13.0,-21.95,-9.1,,11.02,,,intraday_0950,2026-06-11 09:50:00,人气Top50；当日上涨；近5日趋势升温；站上20日线且不过热；连续上榜确认；人气排名明显上升；v2连榜升温修正,弱市先收缩执行,v2
2026-06-11,2026-06-04,次日已审,快策略候选,暂未强势,neutral,继续等待更多交易日或降低权重。,15,002585,双星新材,不推送,下个交易日主盯,87.3,2026-06-10,1,common_index_cache,4,0.34,-16.14,-21.81,-13.64,-21.81,-5.4,,12.8,,,intraday_0950,2026-06-11 09:50:00,人气Top20；收在日内高位；站上20日线且不过热；连续上榜确认；人气排名明显上升；弱市中个股相对抗跌,-,v2
2026-06-11,2026-06-04,次日已审,快策略候选,暂未强势,neutral,继续等待更多交易日或降低权重。,53,001696,宗申动力,观察池,下个交易日主盯,78.93,2026-06-10,1,common_index_cache,4,3.11,-9.28,-2.77,-2.77,-2.77,0.89,,11.22,,,intraday_0950,2026-06-11 09:50:00,当日涨停附近；收在日内高位；温和放量；近5日趋势升温；站上20日线且不过热；连续上榜确认；弱市中个股相对抗跌；v2低分涨停修正,后段人气股在偏弱环境里更谨慎；涨停封板不可买,v2
2026-06-11,2026-06-04,次日已审,快策略候选,暂未强势,neutral,继续等待更多交易日或降低权重。,9,600522,中天科技,不推送,下个交易日主盯,77.5,2026-06-10,1,common_index_cache,4,8.86,0.56,-3.65,3.49,-3.65,7.36,,6.76,,,intraday_0950,2026-06-11 09:50:00,人气Top10；收盘承接较强；近5日趋势升温；站上20日线且不过热；持续霸榜；弱市中个股相对抗跌,量能不足；热度可能进入后段；弱市里的长连榜样本优先降权,v2
2026-06-11,2026-06-04,次日已审,快策略候选,暂未强势,neutral,继续等待更多交易日或降低权重。,71,603778,国晟科技,不推送,下个交易日主盯,72.12,2026-06-10,1,common_index_cache,4,3.35,21.12,13.29,22.36,13.29,-0.37,,-17.74,,,intraday_0950,2026-06-11 09:50:00,当日上涨；收盘承接较强；近5日趋势升温；站上20日线且不过热；连续上榜确认；弱市中个股相对抗跌,人气排名明显回落；后段人气股在偏弱环境里更谨慎,v2
2026-06-11,2026-06-04,次日已审,快策略候选,暂未强势,neutral,继续等待更多交易日或降低权重。,1,600378,昊华科技,不推送,下个交易日主盯,70.85,2026-06-10,1,common_index_cache,4,7.77,6.72,-3.46,6.84,-3.46,-2.03,,-8.2,,,intraday_0950,2026-06-11 09:50:00,人气Top3；近5日趋势升温；站上20日线且不过热；连续上榜确认,当日转弱；收盘承接偏弱；弱市先收缩执行；Top3高热度拥挤，次日兑现风险；v2回避转弱弱收盘样本,v2
2026-06-11,2026-06-04,次日已审,快策略候选,暂未强势,neutral,继续等待更多交易日或降低权重。,14,300308,中际旭创,不推送,下个交易日主盯,70.5,2026-06-10,1,common_index_cache,4,9.45,1.37,-1.46,1.93,-1.46,7.04,,5.59,,,intraday_0950,2026-06-11 09:50:00,人气Top20；收盘承接较强；站上20日线且不过热；持续霸榜；人气排名明显上升；弱市中个股相对抗跌,量能不足；近5日趋势未确认；热度可能进入后段；弱市里的长连榜样本优先降权,v2
2026-06-11,2026-06-04,次日已审,快策略候选,暂未强势,neutral,继续等待更多交易日或降低权重。,42,002119,康强电子,观察池,下个交易日主盯,68.95,2026-06-10,1,common_index_cache,4,6.31,9.94,2.44,10.0,2.44,6.6,,-3.03,,,intraday_0950,2026-06-11 09:50:00,人气Top50；当日涨停附近；收在日内高位；温和放量；近5日强势延续；站上20日线且不过热；弱市中个股相对抗跌；v2强势延续修正；v2低分涨停修正,短线涨幅偏高；涨停封板不可买,v2
2026-06-11,2026-06-04,次日已审,快策略候选,暂未强势,neutral,继续等待更多交易日或降低权重。,74,600226,亨通股份,不推送,下个交易日主盯,68.42,2026-06-10,1,common_index_cache,4,3.99,-10.67,-12.08,-7.15,-12.08,2.58,,14.83,,,intraday_0950,2026-06-11 09:50:00,当日上涨；收盘承接较强；温和放量；近5日趋势升温；站上20日线且不过热；连续上榜确认；弱市中个股相对抗跌,人气排名明显回落；后段人气股在偏弱环境里更谨慎,v2
2026-06-11,2026-06-04,次日已审,快策略候选,暂未强势,neutral,继续等待更多交易日或降低权重。,26,000636,风华高科,不推送,下个交易日主盯,64.7,2026-06-10,1,common_index_cache,4,1.58,-8.79,-18.91,-8.79,-18.91,-3.15,,6.18,,,intraday_0950,2026-06-11 09:50:00,人气Top50；当日上涨；收盘承接较强；站上20日线且不过热；持续霸榜；弱市中个股相对抗跌,量能不足；近5日趋势未确认；热度可能进入后段；弱市里的长连榜样本优先降权,v2
2026-06-11,2026-06-04,次日已审,快策略候选,暂未强势,neutral,继续等待更多交易日或降低权重。,51,000063,中兴通讯,不推送,下个交易日主盯,60.42,2026-06-10,1,common_index_cache,4,2.42,5.03,-1.09,5.31,-1.09,3.4,,-1.55,,,intraday_0950,2026-06-11 09:50:00,当日上涨；收盘承接较强；站上20日线且不过热；持续霸榜；弱市中个股相对抗跌,量能不足；热度可能进入后段；人气排名明显回落；后段人气股在偏弱环境里更谨慎；弱市里的长连榜样本优先降权,v2
2026-06-11,2026-06-04,次日已审,快策略候选,暂未强势,neutral,继续等待更多交易日或降低权重。,54,603011,合锻智能,观察池,下个交易日主盯,59.62,2026-06-10,1,common_index_cache,4,2.48,-6.96,-11.32,-2.71,-11.32,-1.37,,6.0,,,intraday_0950,2026-06-11 09:50:00,当日涨停附近；收在日内高位；近5日趋势升温；人气排名明显上升；弱市中个股相对抗跌,偏离20日线较大；后段人气股在偏弱环境里更谨慎；涨停封板不可买,v2
2026-06-11,2026-06-04,次日已审,快策略候选,暂未强势,neutral,继续等待更多交易日或降低权重。,12,688146,中船特气,不推送,下个交易日主盯,57.0,2026-06-10,1,common_index_cache,4,7.03,2.96,-4.91,6.09,-4.91,1.76,,-1.16,,,intraday_0950,2026-06-11 09:50:00,人气Top20；近5日趋势升温；持续霸榜；人气排名明显上升,当日转弱；收盘承接偏弱；量能不足；偏离20日线较大；热度可能进入后段；弱市先收缩执行；弱市里的长连榜样本优先降权；v2回避转弱弱收盘样本,v2
2026-06-11,2026-06-04,次日已审,快策略候选,暂未强势,neutral,继续等待更多交易日或降低权重。,72,300502,新易盛,不推送,下个交易日主盯,55.62,2026-06-10,1,common_index_cache,4,11.22,7.66,0.97,8.65,0.97,9.45,,1.67,,,intraday_0950,2026-06-11 09:50:00,当日上涨；收在日内高位；站上20日线且不过热；连续上榜确认；弱市中个股相对抗跌,量能不足；后段人气股在偏弱环境里更谨慎,v2
2026-06-11,2026-06-04,次日已审,快策略候选,暂未强势,neutral,继续等待更多交易日或降低权重。,83,300666,江丰电子,普通观察,下个交易日主盯,55.23,2026-06-10,1,common_index_cache,4,7.73,20.46,-2.09,21.06,-2.09,7.03,,-11.15,,,intraday_0950,2026-06-11 09:50:00,当日强涨；收盘承接较强；温和放量；近5日趋势升温；站上20日线且不过热；弱市中个股相对抗跌,后段人气股在偏弱环境里更谨慎,v2
2026-06-11,2026-06-04,次日已审,快策略候选,暂未强势,neutral,继续等待更多交易日或降低权重。,20,002409,雅克科技,不推送,下个交易日主盯,55.1,2026-06-10,1,common_index_cache,4,7.64,1.88,-3.22,5.15,-3.22,0.25,,-1.61,,,intraday_0950,2026-06-11 09:50:00,人气Top20；近5日趋势升温；站上20日线且不过热；人气排名明显上升,量能不足；上影线偏长；弱市先收缩执行,v2
2026-06-11,,次日已审,低层级强势反哺,普通/不推送走强,low_level_winner,不推送 后来走强，原因反哺：近5日强势延续、连续上榜确认,87,603186,华正新材,不推送,未入快策略,,2026-06-11,0,common_index_cache,4,39.06,7.98,4.48,14.98,4.48,26.42,,17.08,,,intraday_0950,2026-06-11 09:50:00,近5日强势延续；连续上榜确认,当日转弱；收盘承接偏弱；量能不足；短线涨幅偏高；偏离20日线较大；弱市先收缩执行；后段人气股在偏弱环境里更谨慎；v2回避转弱弱收盘样本,v2
2026-06-11,,次日已审,低层级强势反哺,普通/不推送走强,low_level_winner,不推送 后来走强，原因反哺：站上20日线且不过热、连续上榜确认,60,601208,东材科技,不推送,未入快策略,,2026-06-11,0,common_index_cache,4,30.6,11.03,8.94,16.56,8.94,27.99,,15.28,,,intraday_0950,2026-06-11 09:50:00,站上20日线且不过热；连续上榜确认,当日转弱；量能不足；近5日趋势未确认；人气排名明显回落；弱市先收缩执行；后段人气股在偏弱环境里更谨慎；市场健康度不足，收缩推送；市场健康度偏弱；v2回避人气转弱样本,v2
2026-06-11,,次日已审,低层级强势反哺,普通/不推送走强,low_level_winner,不推送 后来走强，原因反哺：人气Top50、人气排名明显上升、持续霸榜,33,600667,太极实业,不推送,未入快策略,,2026-06-11,0,common_index_cache,4,21.3,19.26,4.72,20.28,4.72,14.73,,-3.8,,,intraday_0950,2026-06-11 09:50:00,人气Top50；站上20日线且不过热；持续霸榜；人气排名明显上升,当日转弱；量能不足；近5日趋势未确认；热度可能进入后段；弱市先收缩执行；弱市里的长连榜样本优先降权；市场健康度不足，收缩推送；市场健康度偏弱,v2
2026-06-11,,次日已审,低层级强势反哺,普通/不推送走强,low_level_winner,不推送 后来走强，原因反哺：站上20日线且不过热、连续上榜确认,78,600105,永鼎股份,不推送,未入快策略,,2026-06-11,0,common_index_cache,4,21.26,3.81,-1.42,4.11,-1.42,13.17,,9.02,,,intraday_0950,2026-06-11 09:50:00,站上20日线且不过热；连续上榜确认,当日转弱；收盘承接偏弱；量能不足；近5日趋势未确认；人气排名明显回落；弱市先收缩执行；后段人气股在偏弱环境里更谨慎；市场健康度不足，收缩推送；市场健康度偏弱；v2回避转弱弱收盘样本；v2回避人气转弱样本,v2
2026-06-11,,次日已审,低层级强势反哺,普通/不推送走强,low_level_winner,不推送 后来走强，原因反哺：弱市中个股相对抗跌、收在日内高位,97,688549,中巨芯,不推送,未入快策略,,2026-06-11,0,common_index_cache,4,16.7,-3.78,-14.6,0.34,-14.6,2.71,,6.75,,,intraday_0950,2026-06-11 09:50:00,收在日内高位；弱市中个股相对抗跌,当日转弱；量能不足；短线涨幅过热；远离20日线过多；人气排名明显回落；后段人气股在偏弱环境里更谨慎；v2回避前段过热样本,v2
2026-06-11,,次日已审,低层级强势反哺,普通/不推送走强,low_level_winner,不推送 后来走强，原因反哺：站上20日线且不过热、近5日趋势升温、连续上榜确认,70,002138,顺络电子,不推送,未入快策略,,2026-06-11,0,common_index_cache,4,15.89,-0.17,-2.16,2.94,-2.16,6.78,,6.96,,,intraday_0950,2026-06-11 09:50:00,近5日趋势升温；站上20日线且不过热；连续上榜确认,当日转弱；量能不足；人气排名明显回落；弱市先收缩执行；后段人气股在偏弱环境里更谨慎；v2回避转弱弱收盘样本；v2回避人气转弱样本,v2
2026-06-11,,次日已审,低层级强势反哺,普通/不推送走强,low_level_winner,不推送 后来走强，原因反哺：人气Top10、人气排名明显上升、持续霸榜,4,603629,利通电子,不推送,未入快策略,,2026-06-11,0,common_index_cache,4,15.55,0.48,6.53,7.29,6.53,14.2,,13.66,,,intraday_0950,2026-06-11 09:50:00,人气Top10；持续霸榜；人气排名明显上升,当日转弱；量能不足；近5日趋势未确认；仍在20日线下方；热度可能进入后段；弱市先收缩执行；弱市里的长连榜样本优先降权；市场健康度不足，收缩推送；市场健康度偏弱；v2回避转弱弱收盘样本,v2
2026-06-11,,次日已审,低层级强势反哺,普通/不推送走强,low_level_winner,不推送 后来走强，原因反哺：人气Top10、持续霸榜、站上20日线且不过热,5,600487,亨通光电,不推送,未入快策略,,2026-06-11,0,common_index_cache,4,15.32,9.17,0.78,9.6,0.78,11.69,,2.3,,,intraday_0950,2026-06-11 09:50:00,人气Top10；站上20日线且不过热；持续霸榜,当日转弱；量能不足；近5日趋势未确认；热度可能进入后段；弱市先收缩执行；弱市里的长连榜样本优先降权；v2回避转弱弱收盘样本,v2
2026-06-11,,次日已审,低层级强势反哺,普通/不推送走强,low_level_winner,不推送 后来走强，原因反哺：人气Top50、弱市中个股相对抗跌、当日强涨,40,600703,三安光电,不推送,未入快策略,,2026-06-11,0,common_index_cache,4,12.6,-4.99,-8.66,-0.39,-8.66,10.5,,16.3,,,intraday_0950,2026-06-11 09:50:00,人气Top50；当日强涨；收在日内高位；持续霸榜；弱市中个股相对抗跌,量能不足；近5日趋势未确认；仍在20日线下方；热度可能进入后段；人气排名明显回落；弱市里的长连榜样本优先降权；v2回避非封板高位追涨样本,v2
2026-06-11,,次日已审,低层级强势反哺,普通/不推送走强,low_level_winner,不推送 后来走强，原因反哺：人气Top50、人气排名明显上升、近5日趋势升温,27,000657,中钨高新,不推送,未入快策略,,2026-06-11,0,common_index_cache,4,0.52,-9.83,-11.31,-5.33,-11.31,3.85,,15.18,,,intraday_0950,2026-06-11 09:50:00,人气Top50；近5日趋势升温；连续上榜确认；人气排名明显上升,当日转弱；收盘承接偏弱；量能不足；偏离20日线较大；弱市先收缩执行；v2回避转弱弱收盘样本,v2
2026-06-11,,次日已审,低层级强势反哺,普通/不推送走强,low_level_winner,不推送 后来走强，原因反哺：当日上涨、持续霸榜、近5日强势延续,63,600183,生益科技,不推送,未入快策略,,2026-06-11,0,common_index_cache,4,-3.46,-16.41,-18.93,-12.85,-18.93,-3.86,,15.01,,,intraday_0950,2026-06-11 09:50:00,当日上涨；近5日强势延续；持续霸榜,量能不足；短线涨幅偏高；远离20日线过多；热度可能进入后段；人气排名明显回落；弱市先收缩执行；后段人气股在偏弱环境里更谨慎；弱市里的长连榜样本优先降权；v2回避后段过热样本；v2回避人气转弱样本,v2
2026-06-11,,次日已审,低层级强势反哺,普通/不推送走强,low_level_winner,不推送 后来走强，原因反哺：连续上榜确认,55,600162,香江控股,不推送,未入快策略,,2026-06-11,0,common_index_cache,4,-7.41,-14.81,-1.14,-1.14,-1.14,-0.57,,16.72,,,intraday_0950,2026-06-11 09:50:00,连续上榜确认,量能不足；偏离20日线较大；弱市先收缩执行；后段人气股在偏弱环境里更谨慎,v2
2026-06-11,,次日已审,低层级强势反哺,普通/不推送走强,low_level_winner,不推送 后来走强，原因反哺：人气Top50、弱市中个股相对抗跌、收盘承接较强,41,600186,莲花控股,不推送,已入快策略,,2026-06-11,0,common_index_cache,4,24.13,4.57,-2.03,9.65,-2.03,12.87,,7.94,,,intraday_0950,2026-06-11 09:50:00,人气Top50；收盘承接较强；近5日趋势升温；站上20日线且不过热；连续上榜确认；弱市中个股相对抗跌,量能不足；人气排名明显回落；v2回避后段过热样本,v2
2026-06-11,,次日已审,低层级强势反哺,普通/不推送走强,low_level_winner,不推送 后来走强，原因反哺：弱市中个股相对抗跌、当日上涨、收盘承接较强,65,600549,厦门钨业,不推送,已入快策略,,2026-06-11,0,common_index_cache,4,19.62,2.1,-4.11,3.77,-4.11,16.03,,13.64,,,intraday_0950,2026-06-11 09:50:00,当日上涨；收盘承接较强；近5日趋势升温；站上20日线且不过热；弱市中个股相对抗跌,量能不足；后段人气股在偏弱环境里更谨慎,v2
2026-06-11,,次日已审,低层级强势反哺,普通/不推送走强,low_level_winner,不推送 后来走强，原因反哺：人气Top20、人气排名明显上升、弱市中个股相对抗跌,17,002971,和远气体,不推送,已入快策略,,2026-06-11,0,common_index_cache,4,17.79,5.77,11.6,11.6,11.6,13.92,,7.71,,,intraday_0950,2026-06-11 09:50:00,人气Top20；当日强涨；收盘承接较强；近5日强势延续；人气排名明显上升；弱市中个股相对抗跌,短线涨幅偏高；偏离20日线较大；v2回避前段过热样本,v2
2026-06-10,2026-06-03,次日已审,快策略候选,优先成功,priority_success,下个交易日主盯 后续最高表现达到 28.83%，保留这类命中特征。,40,001696,宗申动力,观察池,下个交易日主盯,98.0,2026-06-09,1,common_index_cache,5,3.11,-19.97,-11.62,-11.62,-11.62,-2.72,3.11,21.54,28.83,3.75,intraday_0950,2026-06-10 09:50:00,人气Top50；当日涨停附近；收在日内高位；放量仍可控；近5日趋势升温；站上20日线且不过热；连续上榜确认；人气排名明显上升；市场强势且个股相对强势；v2强势延续修正；v2连榜升温修正；v2低分涨停修正,涨停封板不可买,v2
2026-06-10,2026-06-03,次日已审,快策略候选,优先成功,priority_success,下个交易日主盯 后续最高表现达到 16.40%，保留这类命中特征。,44,600226,亨通股份,观察池,下个交易日主盯,94.0,2026-06-09,1,common_index_cache,5,3.99,-10.67,-12.08,-4.34,-12.08,-3.28,3.99,8.27,16.4,7.5,intraday_0950,2026-06-10 09:50:00,人气Top50；当日涨停附近；收在日内高位；温和放量；近5日趋势升温；站上20日线且不过热；人气排名明显上升；市场强势且个股相对强势；v2强势延续修正；v2低分涨停修正,涨停封板不可买,v2
2026-06-10,2026-06-03,次日已审,快策略候选,优先成功,priority_success,下个交易日主盯 后续最高表现达到 24.72%，保留这类命中特征。,5,002354,天娱数科,观察池,下个交易日主盯,86.0,2026-06-09,1,common_index_cache,5,-0.71,23.59,12.71,24.72,12.71,5.93,-0.71,-14.29,-19.66,24.72,intraday_0950,2026-06-10 09:50:00,人气Top10；当日涨停附近；收在日内高位；温和放量；近5日强势延续；站上20日线且不过热；连续上榜确认；市场强势且个股相对强势；v2强势延续修正；v2连榜升温修正；v2低分涨停修正,短线涨幅偏高；涨停封板不可买,v2
2026-06-10,2026-06-03,次日已审,快策略候选,优先成功,priority_success,下个交易日主盯 后续最高表现达到 25.70%，保留这类命中特征。,23,002636,金安国纪,观察池,下个交易日主盯,76.85,2026-06-09,1,common_index_cache,5,-3.11,-21.6,-14.15,-13.79,-14.15,-1.46,-3.11,25.7,23.59,4.17,intraday_0950,2026-06-10 09:50:00,人气Top50；当日涨停附近；收在日内高位；近5日强势延续；连续上榜确认；市场强势且个股相对强势,量能不足；短线涨幅偏高；偏离20日线较大；涨停封板不可买,v2
2026-06-10,2026-06-03,次日已审,快策略候选,优先成功,priority_success,下个交易日主盯 后续最高表现达到 26.50%，保留这类命中特征。,49,603002,宏昌电子,观察池,下个交易日主盯,71.6,2026-06-09,1,common_index_cache,5,0.0,-20.95,-22.89,-20.34,-22.89,-17.37,0.0,4.53,26.5,0.0,intraday_0950,2026-06-10 09:50:00,人气Top50；当日涨停附近；收在日内高位；温和放量；站上20日线且不过热；市场强势且个股相对强势,近5日趋势未确认；涨停封板不可买,v2
2026-06-10,2026-06-03,次日已审,快策略候选,优先成功,priority_success,下个交易日主盯 后续最高表现达到 23.17%，保留这类命中特征。,13,002421,达实智能,不推送,下个交易日主盯,60.6,2026-06-09,1,common_index_cache,5,-3.53,23.17,23.17,23.17,23.17,1.01,-3.53,-18.0,-21.68,23.17,intraday_0950,2026-06-10 09:50:00,人气Top20；近5日趋势升温；持续霸榜；市场强势且个股相对强势,偏离20日线较大；热度可能进入后段；v2回避人气转弱样本,v2
2026-06-10,2026-06-03,次日已审,快策略候选,优先成功,priority_success,下个交易日主盯 后续最高表现达到 23.41%，保留这类命中特征。,9,000636,风华高科,不推送,下个交易日主盯,60.5,2026-06-09,1,common_index_cache,5,1.58,-17.69,-11.81,-9.77,-11.81,-10.81,1.58,8.37,23.41,1.62,intraday_0950,2026-06-10 09:50:00,人气Top10；当日上涨；收盘承接较强；站上20日线且不过热；持续霸榜；人气排名明显上升；市场强势且个股相对强势,量能不足；近5日趋势未确认；热度可能进入后段,v2
2026-06-10,2026-06-03,次日已审,快策略候选,优先成功,priority_success,下个交易日主盯 后续最高表现达到 17.67%，保留这类命中特征。,6,688525,佰维存储,普通观察,下个交易日主盯,57.5,2026-06-09,1,common_index_cache,5,16.46,-1.02,2.0,2.85,2.0,6.94,16.46,8.05,17.67,16.46,intraday_0950,2026-06-10 09:50:00,人气Top10；当日强涨；收盘承接较强；近5日趋势升温；站上20日线且不过热；人气排名明显上升；市场强势且个股相对强势,量能不足,v2
2026-06-10,2026-06-03,次日已审,快策略候选,优先走弱,priority_failed,下个交易日主盯 未兑现，复盘风险项：-,4,603778,国晟科技,重点观察,下个交易日主盯,81.1,2026-06-09,1,common_index_cache,5,-19.3,0.92,-3.98,5.72,-3.98,-13.58,-19.3,-14.37,-20.04,5.72,intraday_0950,2026-06-10 09:50:00,人气Top10；当日上涨；收盘承接较强；近5日趋势升温；站上20日线且不过热；连续上榜确认；人气排名明显上升；市场强势且个股相对强势,-,v2
2026-06-10,2026-06-03,次日已审,快策略候选,优先走弱,priority_failed,下个交易日主盯 未兑现，复盘风险项：涨停封板不可买,92,000158,常山北明,观察池,下个交易日主盯,70.2,2026-06-09,1,common_index_cache,5,-5.16,0.0,-2.48,1.31,-2.48,0.33,-5.16,0.33,-5.16,3.14,intraday_0950,2026-06-10 09:50:00,当日涨停附近；收在日内高位；温和放量；市场强势且个股相对强势,涨停封板不可买,v2
2026-06-10,2026-06-03,次日已审,快策略候选,优先走弱,priority_failed,下个交易日主盯 未兑现，复盘风险项：短线涨幅偏高；人气排名明显回落,72,603859,能科科技,不推送,下个交易日主盯,69.85,2026-06-09,1,common_index_cache,5,-11.15,-3.75,-9.19,-2.59,-9.19,-9.36,-11.15,-5.84,-7.69,-2.59,intraday_0950,2026-06-10 09:50:00,当日强涨；收在日内高位；近5日强势延续；站上20日线且不过热；连续上榜确认；市场强势且个股相对强势,短线涨幅偏高；人气排名明显回落,v2
2026-06-10,2026-06-03,次日已审,快策略候选,优先走弱,priority_failed,下个交易日主盯 未兑现，复盘风险项：量能不足；近5日趋势未确认；一字或近似一字，参与点差；一字板不可买,7,605589,圣泉集团,观察池,下个交易日主盯,69.6,2026-06-09,1,common_index_cache,5,-2.58,-9.99,-11.46,-5.47,-11.46,-5.88,-2.58,4.56,8.23,1.92,intraday_0950,2026-06-10 09:50:00,人气Top10；当日涨停附近；收在日内高位；站上20日线且不过热；连续上榜确认；人气排名明显上升；市场强势且个股相对强势,量能不足；近5日趋势未确认；一字或近似一字，参与点差；一字板不可买,v2
2026-06-10,2026-06-03,次日已审,快策略候选,优先走弱,priority_failed,下个交易日主盯 未兑现，复盘风险项：量能不足；人气排名明显回落；涨停封板不可买,85,002137,实益达,观察池,下个交易日主盯,60.1,2026-06-09,1,common_index_cache,5,-2.31,0.1,-4.71,0.96,-4.71,-2.69,-2.31,-2.79,-2.4,0.96,intraday_0950,2026-06-10 09:50:00,当日涨停附近；收在日内高位；站上20日线且不过热；市场强势且个股相对强势,量能不足；人气排名明显回落；涨停封板不可买,v2
2026-06-10,2026-06-03,次日已审,快策略候选,暂未强势,neutral,继续等待更多交易日或降低权重。,17,002747,埃斯顿,观察池,下个交易日主盯,99.25,2026-06-09,1,common_index_cache,5,0.97,6.51,1.49,8.46,1.49,1.13,0.97,-5.06,-5.2,8.58,intraday_0950,2026-06-10 09:50:00,人气Top20；当日涨停附近；收在日内高位；近5日强势延续；连续上榜确认；市场强势且个股相对强势；v2强势延续修正；v2低分涨停修正,短线涨幅偏高；偏离20日线较大；涨停封板不可买,v2
2026-06-10,2026-06-03,次日已审,快策略候选,暂未强势,neutral,继续等待更多交易日或降低权重。,27,000063,中兴通讯,不推送,下个交易日主盯,68.5,2026-06-09,1,common_index_cache,5,2.42,3.16,2.88,7.48,2.88,1.28,2.42,-1.82,-0.71,7.48,intraday_0950,2026-06-10 09:50:00,人气Top50；当日上涨；收盘承接较强；近5日趋势升温；站上20日线且不过热；持续霸榜；人气排名明显上升；市场强势且个股相对强势,量能不足；热度可能进入后段,v2
2026-06-10,2026-06-03,次日已审,快策略候选,暂未强势,neutral,继续等待更多交易日或降低权重。,47,002585,双星新材,不推送,下个交易日主盯,54.4,2026-06-09,1,common_index_cache,5,0.34,-11.14,-16.14,-8.98,-16.14,-13.98,0.34,-3.19,12.92,2.5,intraday_0950,2026-06-10 09:50:00,人气Top50；收在日内高位；近5日趋势升温；站上20日线且不过热；人气排名明显上升；市场强势且个股相对强势,-,v2
2026-06-10,2026-06-03,次日已审,快策略候选,暂未强势,neutral,继续等待更多交易日或降低权重。,77,600707,彩虹股份,不推送,下个交易日主盯,52.2,2026-06-09,1,common_index_cache,5,4.8,-7.2,-12.17,-7.2,-12.17,-13.33,4.8,-6.6,12.93,4.8,intraday_0950,2026-06-10 09:50:00,当日上涨；收在日内高位；近5日趋势升温；站上20日线且不过热；市场强势且个股相对强势,量能不足；人气排名明显回落,v2
2026-06-10,2026-06-03,次日已审,快策略候选,优先成功,priority_success,优先观察 后续最高表现达到 29.00%，保留这类命中特征。,74,605006,山东玻纤,不推送,优先观察,50.4,2026-06-09,1,common_index_cache,5,27.14,5.09,8.85,10.32,8.85,6.6,27.14,1.44,20.99,29.0,intraday_0950,2026-06-10 09:50:00,当日上涨；近5日趋势升温；站上20日线且不过热；市场强势且个股相对强势,-,v2
2026-06-10,2026-06-03,次日已审,快策略候选,优先成功,priority_success,优先观察 后续最高表现达到 18.83%，保留这类命中特征。,55,002491,通鼎互联,不推送,优先观察,48.1,2026-06-09,1,common_index_cache,5,6.41,-10.45,-10.82,-7.86,-10.82,-10.56,6.41,-0.12,18.83,6.41,intraday_0950,2026-06-10 09:50:00,当日上涨；近5日趋势升温；站上20日线且不过热；持续霸榜；市场强势且个股相对强势,量能不足；热度可能进入后段；人气排名明显回落；v2回避人气转弱样本,v2
2026-06-10,2026-06-03,次日已审,快策略候选,优先走弱,priority_failed,优先观察 未兑现，复盘风险项：-,78,002240,盛新锂能,不推送,优先观察,50.4,2026-06-09,1,common_index_cache,5,-0.39,-1.63,5.14,7.65,5.14,6.48,-0.39,8.24,1.26,11.47,intraday_0950,2026-06-10 09:50:00,当日上涨；近5日趋势升温；站上20日线且不过热；市场强势且个股相对强势,-,v2
2026-06-10,2026-06-03,次日已审,快策略候选,暂未强势,neutral,继续等待更多交易日或降低权重。,8,001896,豫能控股,不推送,优先观察,47.8,2026-06-09,1,common_index_cache,5,0.79,-4.12,-1.76,3.75,-1.76,5.14,0.79,9.66,5.12,10.24,intraday_0950,2026-06-10 09:50:00,人气Top10；站上20日线且不过热；持续霸榜；人气排名明显上升；市场强势且个股相对强势,热度可能进入后段,v2
2026-06-10,2026-06-03,次日已审,快策略候选,暂未强势,neutral,继续等待更多交易日或降低权重。,73,000100,TCL科技,不推送,备选观察,45.5,2026-06-09,1,common_index_cache,5,6.89,-5.01,-5.85,-3.97,-5.85,-3.55,6.89,1.54,12.53,6.89,intraday_0950,2026-06-10 09:50:00,当日上涨；收盘承接较强；站上20日线且不过热；持续霸榜；人气排名明显上升；市场强势且个股相对强势,量能不足；热度可能进入后段,v2
2026-06-10,2026-06-03,次日已审,快策略候选,暂未强势,neutral,继续等待更多交易日或降低权重。,81,603330,天洋新材,观察池,备选观察,43.4,2026-06-09,1,common_index_cache,5,-5.85,1.29,3.39,4.21,3.39,-2.11,-5.85,-3.35,-7.04,7.95,intraday_0950,2026-06-10 09:50:00,当日涨停附近；收在日内高位；站上20日线且不过热；市场强势且个股相对强势,量能不足；人气排名明显回落；一字或近似一字，参与点差；一字板不可买,v2
2026-06-10,2026-06-03,次日已审,快策略候选,备选走强,backup_success,备选观察 后续最高表现达到 36.54%，保留这类命中特征。,90,603186,华正新材,不推送,备选观察,46.0,2026-06-09,1,common_index_cache,5,0.0,-26.76,-24.83,-23.05,-24.83,-17.36,0.0,12.84,36.54,0.0,intraday_0950,2026-06-10 09:50:00,近5日趋势升温；站上20日线且不过热；连续上榜确认；市场强势且个股相对强势,收盘承接偏弱,v2
2026-06-10,2026-06-03,次日已审,快策略候选,备选走强,backup_success,备选观察 后续最高表现达到 29.73%，保留这类命中特征。,15,600186,莲花控股,不推送,备选观察,45.7,2026-06-09,1,common_index_cache,5,24.13,-4.32,6.94,8.04,6.94,2.62,24.13,7.26,29.73,24.13,intraday_0950,2026-06-10 09:50:00,人气Top20；收盘承接较强；近5日趋势升温；连续上榜确认；人气排名明显上升；市场强势且个股相对强势,量能不足,v2
2026-06-10,2026-06-03,次日已审,快策略候选,暂未强势,neutral,继续等待更多交易日或降低权重。,62,300502,新易盛,不推送,只看不追,42.4,2026-06-09,1,common_index_cache,5,11.22,10.05,4.86,14.63,4.86,7.75,11.22,-2.09,1.07,14.63,intraday_0950,2026-06-10 09:50:00,当日上涨；收在日内高位；站上20日线且不过热；人气排名明显上升；市场强势且个股相对强势,量能不足,v2
2026-06-10,2026-06-03,次日已审,快策略候选,暂未强势,neutral,继续等待更多交易日或降低权重。,18,603773,沃格光电,不推送,只看不追,41.95,2026-06-09,1,common_index_cache,5,0.0,-9.7,-16.05,-4.97,-16.05,-17.35,0.0,-8.47,10.75,0.0,intraday_0950,2026-06-10 09:50:00,人气Top20；近5日趋势升温；持续霸榜；人气排名明显上升；市场强势且个股相对强势,当日转弱；量能不足；偏离20日线较大；热度可能进入后段；v2回避转弱弱收盘样本,v2
2026-06-10,2026-06-03,次日已审,快策略候选,暂未强势,neutral,继续等待更多交易日或降低权重。,12,600703,三安光电,不推送,只看不追,41.6,2026-06-09,1,common_index_cache,5,12.6,-1.44,0.13,2.3,0.13,0.46,12.6,1.93,14.25,14.37,intraday_0950,2026-06-10 09:50:00,人气Top20；近5日趋势升温；站上20日线且不过热；持续霸榜；人气排名明显上升；市场强势且个股相对强势,收盘承接偏弱；量能不足；热度可能进入后段,v2
2026-06-10,2026-06-03,次日已审,快策略候选,暂未强势,neutral,继续等待更多交易日或降低权重。,42,002463,沪电股份,不推送,只看不追,41.1,2026-06-09,1,common_index_cache,5,1.1,-10.96,-12.45,-9.75,-12.45,-7.73,1.1,3.63,13.54,3.41,intraday_0950,2026-06-10 09:50:00,人气Top50；近5日趋势升温；站上20日线且不过热；持续霸榜；市场强势且个股相对强势,量能不足；热度可能进入后段；人气排名明显回落；v2回避人气转弱样本,v2
2026-06-10,2026-06-03,次日已审,快策略候选,备选走强,backup_success,只看不追 后续最高表现达到 19.50%，保留这类命中特征。,69,002384,东山精密,不推送,只看不追,41.9,2026-06-09,1,common_index_cache,5,-0.24,-16.52,-18.08,-13.93,-18.08,-7.08,-0.24,11.31,19.5,3.29,intraday_0950,2026-06-10 09:50:00,当日上涨；收盘承接较强；站上20日线且不过热；持续霸榜；市场强势且个股相对强势,量能不足；近5日趋势未确认；热度可能进入后段,v2
2026-06-10,,次日已审,低层级强势反哺,普通/不推送走强,low_level_winner,不推送 后来走强，原因反哺：人气Top50、人气排名明显上升、站上20日线且不过热,35,601208,东材科技,不推送,未入快策略,,2026-06-10,0,common_index_cache,5,30.6,9.81,10.12,13.29,10.12,16.36,30.6,5.96,18.93,36.81,intraday_0950,2026-06-10 09:50:00,人气Top50；站上20日线且不过热；人气排名明显上升,当日转弱；量能不足；近5日趋势未确认；弱市先收缩执行,v2
2026-06-10,,次日已审,低层级强势反哺,普通/不推送走强,low_level_winner,不推送 后来走强，原因反哺：人气Top50、弱市中个股相对抗跌、持续霸榜,46,600667,太极实业,不推送,未入快策略,,2026-06-10,0,common_index_cache,5,26.13,1.99,16.11,16.11,16.11,14.92,26.13,12.68,23.67,29.58,intraday_0950,2026-06-10 09:50:00,人气Top50；收盘承接较强；站上20日线且不过热；持续霸榜；弱市中个股相对抗跌,当日转弱；量能不足；热度可能进入后段；弱市里的长连榜样本优先降权,v2
2026-06-10,,次日已审,低层级强势反哺,普通/不推送走强,low_level_winner,不推送 后来走强，原因反哺：人气排名明显上升、站上20日线且不过热、近5日趋势升温,61,300285,国瓷材料,不推送,未入快策略,,2026-06-10,0,common_index_cache,5,22.85,-4.37,-2.35,1.69,-2.35,-0.94,22.85,3.58,28.46,25.98,intraday_0950,2026-06-10 09:50:00,近5日趋势升温；站上20日线且不过热；人气排名明显上升,当日转弱；收盘承接偏弱；量能不足；弱市先收缩执行；后段人气股在偏弱环境里更谨慎；v2回避转弱弱收盘样本,v2
2026-06-10,,次日已审,低层级强势反哺,普通/不推送走强,low_level_winner,不推送 后来走强，原因反哺：站上20日线且不过热,93,301013,利和兴,不推送,未入快策略,,2026-06-10,0,common_index_cache,5,22.83,14.52,9.55,18.15,9.55,9.63,22.83,-4.27,7.26,22.94,intraday_0950,2026-06-10 09:50:00,站上20日线且不过热,当日转弱；量能不足；近5日趋势未确认；弱市先收缩执行；后段人气股在偏弱环境里更谨慎；v2回避转弱弱收盘样本,v2
2026-06-10,,次日已审,低层级强势反哺,普通/不推送走强,low_level_winner,不推送 后来走强，原因反哺：人气Top50、人气排名明显上升、站上20日线且不过热,48,600105,永鼎股份,不推送,未入快策略,,2026-06-10,0,common_index_cache,5,21.26,-1.04,0.58,6.21,0.58,2.86,21.26,3.94,22.53,24.33,intraday_0950,2026-06-10 09:50:00,人气Top50；站上20日线且不过热；人气排名明显上升,当日转弱；收盘承接偏弱；量能不足；弱市先收缩执行；v2回避转弱弱收盘样本,v2
2026-06-10,,次日已审,低层级强势反哺,普通/不推送走强,low_level_winner,不推送 后来走强，原因反哺：弱市中个股相对抗跌、持续霸榜、收盘承接较强,58,603986,兆易创新,不推送,未入快策略,,2026-06-10,0,common_index_cache,5,18.88,-2.53,-1.92,-1.42,-1.92,5.08,18.88,7.8,21.96,18.88,intraday_0950,2026-06-10 09:50:00,收盘承接较强；站上20日线且不过热；持续霸榜；弱市中个股相对抗跌,当日转弱；量能不足；热度可能进入后段；后段人气股在偏弱环境里更谨慎；弱市里的长连榜样本优先降权,v2
2026-06-10,,次日已审,低层级强势反哺,普通/不推送走强,low_level_winner,不推送 后来走强，原因反哺：持续霸榜,60,002281,光迅科技,不推送,未入快策略,,2026-06-10,0,common_index_cache,5,18.79,-0.99,0.82,3.43,0.82,10.68,18.79,11.78,19.98,20.75,intraday_0950,2026-06-10 09:50:00,持续霸榜,当日转弱；量能不足；近5日趋势未确认；热度可能进入后段；人气排名明显回落；弱市先收缩执行；后段人气股在偏弱环境里更谨慎；弱市里的长连榜样本优先降权；市场健康度不足，收缩推送；市场健康度偏弱,v2
2026-06-10,,次日已审,低层级强势反哺,普通/不推送走强,low_level_winner,不推送 后来走强，原因反哺：站上20日线且不过热、连续上榜确认,96,300433,蓝思科技,不推送,未入快策略,,2026-06-10,0,common_index_cache,5,18.08,-5.05,-1.59,-1.01,-1.59,6.02,18.08,11.66,24.36,19.09,intraday_0950,2026-06-10 09:50:00,站上20日线且不过热；连续上榜确认,当日转弱；量能不足；近5日趋势未确认；人气排名明显回落；弱市先收缩执行；后段人气股在偏弱环境里更谨慎；市场健康度不足，收缩推送；市场健康度偏弱；v2回避转弱弱收盘样本；v2回避人气转弱样本,v2
2026-06-10,,次日已审,低层级强势反哺,普通/不推送走强,low_level_winner,不推送 后来走强，原因反哺：弱市中个股相对抗跌、当日上涨、收盘承接较强,64,600498,烽火通信,不推送,未入快策略,,2026-06-10,0,common_index_cache,5,17.61,-14.57,-6.46,-6.03,-6.46,4.03,17.61,21.78,37.67,22.24,intraday_0950,2026-06-10 09:50:00,当日上涨；收盘承接较强；近5日强势延续；站上20日线且不过热；弱市中个股相对抗跌,量能不足；短线涨幅偏高；人气排名明显回落；后段人气股在偏弱环境里更谨慎；v2回避前段过热样本,v2
2026-06-10,,次日已审,低层级强势反哺,普通/不推送走强,low_level_winner,不推送 后来走强，原因反哺：人气Top50、人气排名明显上升、站上20日线且不过热,37,002138,顺络电子,不推送,未入快策略,,2026-06-10,0,common_index_cache,5,15.89,0.7,-3.08,2.63,-3.08,6.79,15.89,6.06,15.09,17.46,intraday_0950,2026-06-10 09:50:00,人气Top50；近5日趋势升温；站上20日线且不过热；连续上榜确认；人气排名明显上升,当日转弱；量能不足；弱市先收缩执行；v2回避转弱弱收盘样本,v2
2026-06-10,,次日已审,低层级强势反哺,普通/不推送走强,low_level_winner,不推送 后来走强，原因反哺：人气Top3、持续霸榜、站上20日线且不过热,3,600487,亨通光电,不推送,未入快策略,,2026-06-10,0,common_index_cache,5,15.32,9.19,6.39,12.21,6.39,3.15,15.32,-5.54,5.61,15.75,intraday_0950,2026-06-10 09:50:00,人气Top3；近5日趋势升温；站上20日线且不过热；持续霸榜,当日转弱；量能不足；热度可能进入后段；弱市先收缩执行；弱市里的长连榜样本优先降权；Top3高热度拥挤，次日兑现风险；v2回避转弱弱收盘样本,v2
2026-06-10,,次日已审,低层级强势反哺,普通/不推送走强,low_level_winner,不推送 后来走强，原因反哺：弱市中个股相对抗跌、收在日内高位、站上20日线且不过热,86,300408,三环集团,不推送,未入快策略,,2026-06-10,0,common_index_cache,5,13.42,-3.29,-3.96,2.63,-3.96,9.62,13.42,13.35,17.28,16.01,intraday_0950,2026-06-10 09:50:00,收在日内高位；站上20日线且不过热；弱市中个股相对抗跌,当日转弱；量能不足；后段人气股在偏弱环境里更谨慎,v2
2026-06-10,,次日已审,低层级强势反哺,普通/不推送走强,low_level_winner,不推送 后来走强，原因反哺：人气Top50、人气排名明显上升、站上20日线且不过热,50,688126,沪硅产业,不推送,未入快策略,,2026-06-10,0,common_index_cache,5,10.88,10.54,11.23,15.33,11.23,6.84,10.88,-3.34,0.31,22.18,intraday_0950,2026-06-10 09:50:00,人气Top50；近5日趋势升温；站上20日线且不过热；人气排名明显上升,当日转弱；收盘承接偏弱；量能不足；弱市先收缩执行；v2回避转弱弱收盘样本,v2
2026-06-10,,次日已审,低层级强势反哺,普通/不推送走强,low_level_winner,不推送 后来走强，原因反哺：弱市中个股相对抗跌、持续霸榜、收在日内高位,54,002579,中京电子,不推送,未入快策略,,2026-06-10,0,common_index_cache,5,10.8,-6.9,-8.28,-4.02,-8.28,-1.92,10.8,5.35,19.01,10.8,intraday_0950,2026-06-10 09:50:00,收在日内高位；站上20日线且不过热；持续霸榜；弱市中个股相对抗跌,量能不足；近5日趋势未确认；热度可能进入后段；人气排名明显回落；后段人气股在偏弱环境里更谨慎；弱市里的长连榜样本优先降权,v2
2026-06-10,,次日已审,低层级强势反哺,普通/不推送走强,low_level_winner,不推送 后来走强，原因反哺：持续霸榜,79,603601,再升科技,不推送,未入快策略,,2026-06-10,0,common_index_cache,5,10.05,-4.4,-3.28,0.14,-3.28,-2.65,10.05,1.82,15.11,10.05,intraday_0950,2026-06-10 09:50:00,持续霸榜,当日转弱；收盘承接偏弱；量能不足；近5日趋势未确认；仍在20日线下方；热度可能进入后段；人气排名明显回落；弱市先收缩执行；后段人气股在偏弱环境里更谨慎；弱市里的长连榜样本优先降权；市场健康度不足，收缩推送；市场健康度偏弱；v2回避转弱弱收盘样本；v2回避人气转弱样本,v2
2026-06-10,,次日已审,低层级强势反哺,普通/不推送走强,low_level_winner,不推送 后来走强，原因反哺：持续霸榜、近5日趋势升温,51,600367,红星发展,不推送,未入快策略,,2026-06-10,0,common_index_cache,5,9.14,12.77,3.27,12.79,3.27,3.12,9.14,-8.56,-3.22,18.85,intraday_0950,2026-06-10 09:50:00,近5日趋势升温；持续霸榜,当日转弱；收盘承接偏弱；远离20日线过多；热度可能进入后段；弱市先收缩执行；后段人气股在偏弱环境里更谨慎；弱市里的长连榜样本优先降权；v2回避转弱弱收盘样本；v2回避后段过热样本,v2
2026-06-10,,次日已审,低层级强势反哺,普通/不推送走强,low_level_winner,不推送 后来走强，原因反哺：连续上榜确认,71,688146,中船特气,不推送,未入快策略,,2026-06-10,0,common_index_cache,5,7.03,-2.94,10.21,10.21,10.21,0.22,7.03,3.26,10.27,15.0,intraday_0950,2026-06-10 09:50:00,连续上榜确认,当日转弱；量能不足；短线涨幅过热；远离20日线过多；人气排名明显回落；弱市先收缩执行；后段人气股在偏弱环境里更谨慎；v2回避转弱弱收盘样本；v2回避后段过热样本；v2回避人气转弱样本,v2
2026-06-10,,次日已审,低层级强势反哺,普通/不推送走强,low_level_winner,不推送 后来走强，原因反哺：人气Top50、人气排名明显上升、站上20日线且不过热,26,605358,立昂微,不推送,未入快策略,,2026-06-10,0,common_index_cache,5,6.92,9.25,7.25,12.66,7.25,2.55,6.92,-6.14,-2.14,16.91,intraday_0950,2026-06-10 09:50:00,人气Top50；近5日趋势升温；站上20日线且不过热；人气排名明显上升,当日转弱；收盘承接偏弱；量能不足；弱市先收缩执行；v2回避转弱弱收盘样本,v2
2026-06-10,,次日已审,低层级强势反哺,普通/不推送走强,low_level_winner,不推送 后来走强，原因反哺：弱市中个股相对抗跌、当日上涨、收在日内高位,76,002484,江海股份,不推送,未入快策略,,2026-06-10,0,common_index_cache,5,3.25,-13.99,-18.53,-11.44,-18.53,-14.66,3.25,-0.78,20.04,3.26,intraday_0950,2026-06-10 09:50:00,当日上涨；收在日内高位；近5日趋势升温；弱市中个股相对抗跌,量能不足；偏离20日线较大；人气排名明显回落；后段人气股在偏弱环境里更谨慎,v2
2026-06-10,,次日已审,低层级强势反哺,普通/不推送走强,low_level_winner,不推送 后来走强，原因反哺：人气Top50、持续霸榜,22,603629,利通电子,不推送,未入快策略,,2026-06-10,0,common_index_cache,5,2.71,-11.63,-13.31,-8.34,-13.31,4.16,2.71,17.87,16.22,8.27,intraday_0950,2026-06-10 09:50:00,人气Top50；持续霸榜,当日转弱；收盘承接偏弱；量能不足；近5日趋势未确认；仍在20日线下方；热度可能进入后段；弱市先收缩执行；弱市里的长连榜样本优先降权；市场健康度不足，收缩推送；市场健康度偏弱；v2回避转弱弱收盘样本；v2回避人气转弱样本,v2
2026-06-10,,次日已审,低层级强势反哺,普通/不推送走强,low_level_winner,不推送 后来走强，原因反哺：当日上涨、站上20日线且不过热、近5日趋势升温,99,002851,麦格米特,不推送,未入快策略,,2026-06-10,0,common_index_cache,5,2.54,-16.31,-20.09,-14.87,-20.09,-14.73,2.54,1.89,22.53,3.16,intraday_0950,2026-06-10 09:50:00,当日上涨；近5日趋势升温；站上20日线且不过热,人气排名明显回落；上影线偏长；弱市先收缩执行；后段人气股在偏弱环境里更谨慎；v2回避人气转弱样本,v2
2026-06-10,,次日已审,低层级强势反哺,普通/不推送走强,low_level_winner,不推送 后来走强，原因反哺：人气Top20、弱市中个股相对抗跌、当日上涨,14,601991,大唐发电,不推送,未入快策略,,2026-06-10,0,common_index_cache,5,1.67,-14.48,-11.02,-9.24,-11.02,-2.78,1.67,13.67,18.88,4.34,intraday_0950,2026-06-10 09:50:00,人气Top20；当日上涨；收盘承接较强；站上20日线且不过热；持续霸榜；弱市中个股相对抗跌,量能不足；近5日趋势未确认；热度可能进入后段；弱市里的长连榜样本优先降权,v2
2026-06-10,,次日已审,低层级强势反哺,普通/不推送走强,low_level_winner,不推送 后来走强，原因反哺：弱市中个股相对抗跌、持续霸榜、收盘承接较强,59,000988,华工科技,不推送,未入快策略,,2026-06-10,0,common_index_cache,5,1.03,-12.45,-10.97,-9.79,-10.97,-4.62,1.03,8.95,15.4,2.39,intraday_0950,2026-06-10 09:50:00,收盘承接较强；近5日趋势升温；站上20日线且不过热；持续霸榜；弱市中个股相对抗跌,量能不足；热度可能进入后段；后段人气股在偏弱环境里更谨慎；弱市里的长连榜样本优先降权,v2
2026-06-10,,次日已审,低层级强势反哺,普通/不推送走强,low_level_winner,不推送 后来走强，原因反哺：近5日趋势升温,88,000657,中钨高新,不推送,未入快策略,,2026-06-10,0,common_index_cache,5,0.52,-18.27,-12.48,-10.63,-12.48,-2.44,0.52,19.37,22.98,5.69,intraday_0950,2026-06-10 09:50:00,近5日趋势升温,当日转弱；收盘承接偏弱；量能不足；偏离20日线较大；人气排名明显回落；弱市先收缩执行；后段人气股在偏弱环境里更谨慎；v2回避转弱弱收盘样本；v2回避人气转弱样本,v2
2026-06-10,,次日已审,低层级强势反哺,普通/不推送走强,low_level_winner,不推送 后来走强，原因反哺：人气Top50、弱市中个股相对抗跌、收盘承接较强,45,002361,神剑股份,不推送,未入快策略,,2026-06-10,0,common_index_cache,5,-1.95,13.06,9.67,16.7,9.67,0.0,-1.95,-11.55,-13.27,16.7,intraday_0950,2026-06-10 09:50:00,人气Top50；收盘承接较强；连续上榜确认；弱市中个股相对抗跌,量能不足；仍在20日线下方；人气排名明显回落,v2
2026-06-10,,次日已审,低层级强势反哺,普通/不推送走强,low_level_winner,不推送 后来走强，原因反哺：弱市中个股相对抗跌、当日强涨、收盘承接较强,91,601899,紫金矿业,不推送,未入快策略,,2026-06-10,0,common_index_cache,5,-2.47,-12.82,-12.4,-11.25,-12.4,0.35,-2.47,15.11,11.87,0.48,intraday_0950,2026-06-10 09:50:00,当日强涨；收盘承接较强；温和放量；站上20日线且不过热；连续上榜确认；弱市中个股相对抗跌,近5日趋势未确认；人气排名明显回落；后段人气股在偏弱环境里更谨慎,v2
2026-06-10,,次日已审,低层级强势反哺,普通/不推送走强,low_level_winner,不推送 后来走强，原因反哺：人气Top50、人气排名明显上升、当日上涨,29,600183,生益科技,不推送,未入快策略,,2026-06-10,0,common_index_cache,5,-3.46,-21.25,-19.76,-17.74,-19.76,-10.82,-3.46,13.24,22.59,2.36,intraday_0950,2026-06-10 09:50:00,人气Top50；当日上涨；近5日强势延续；持续霸榜；人气排名明显上升,量能不足；短线涨幅偏高；远离20日线过多；热度可能进入后段；弱市先收缩执行；弱市里的长连榜样本优先降权,v2
2026-06-10,,次日已审,低层级强势反哺,普通/不推送走强,low_level_winner,不推送 后来走强，原因反哺：人气Top50、人气排名明显上升、弱市中个股相对抗跌,25,603256,宏和科技,不推送,未入快策略,,2026-06-10,0,common_index_cache,5,-4.09,-27.1,-21.84,-20.36,-21.84,-15.29,-4.09,16.2,31.55,2.24,intraday_0950,2026-06-10 09:50:00,人气Top50；当日强涨；收盘承接较强；近5日强势延续；人气排名明显上升；弱市中个股相对抗跌,量能不足；短线涨幅偏高；远离20日线过多；v2回避前段过热样本,v2
2026-06-10,,次日已审,低层级强势反哺,普通/不推送走强,low_level_winner,不推送 后来走强，原因反哺：当日上涨、站上20日线且不过热、近5日趋势升温,74,605006,山东玻纤,不推送,已入快策略,,2026-06-10,0,common_index_cache,5,27.14,5.09,8.85,10.32,8.85,6.6,27.14,1.44,20.99,29.0,intraday_0950,2026-06-10 09:50:00,当日上涨；近5日趋势升温；站上20日线且不过热,弱市先收缩执行；后段人气股在偏弱环境里更谨慎,v2
2026-06-10,,次日已审,低层级强势反哺,普通/不推送走强,low_level_winner,不推送 后来走强，原因反哺：人气Top20、人气排名明显上升、弱市中个股相对抗跌,15,600186,莲花控股,不推送,已入快策略,,2026-06-10,0,common_index_cache,5,24.13,-4.32,6.94,8.04,6.94,2.62,24.13,7.26,29.73,24.13,intraday_0950,2026-06-10 09:50:00,人气Top20；收盘承接较强；近5日趋势升温；站上20日线且不过热；连续上榜确认；人气排名明显上升；弱市中个股相对抗跌,量能不足,v2
2026-06-10,,次日已审,低层级强势反哺,普通/不推送走强,low_level_winner,不推送 后来走强，原因反哺：人气Top10、人气排名明显上升、当日上涨,6,688525,佰维存储,不推送,已入快策略,,2026-06-10,0,common_index_cache,5,16.46,-1.02,2.0,2.85,2.0,6.94,16.46,8.05,17.67,16.46,intraday_0950,2026-06-10 09:50:00,人气Top10；当日上涨；站上20日线且不过热；人气排名明显上升,收盘承接偏弱；量能不足；上影线偏长；弱市先收缩执行,v2
2026-06-10,,次日已审,低层级强势反哺,普通/不推送走强,low_level_winner,不推送 后来走强，原因反哺：弱市中个股相对抗跌、当日上涨、持续霸榜,55,002491,通鼎互联,不推送,已入快策略,,2026-06-10,0,common_index_cache,5,6.41,-10.45,-10.82,-7.86,-10.82,-10.56,6.41,-0.12,18.83,6.41,intraday_0950,2026-06-10 09:50:00,当日上涨；收盘承接较强；近5日趋势升温；站上20日线且不过热；持续霸榜；弱市中个股相对抗跌,量能不足；热度可能进入后段；人气排名明显回落；后段人气股在偏弱环境里更谨慎；弱市里的长连榜样本优先降权,v2
2026-06-10,,次日已审,低层级强势反哺,普通/不推送走强,low_level_winner,不推送 后来走强，原因反哺：人气Top50、人气排名明显上升、当日上涨,44,600226,亨通股份,不推送,已入快策略,,2026-06-10,0,common_index_cache,5,3.99,-10.67,-12.08,-4.34,-12.08,-3.28,3.99,8.27,16.4,7.5,intraday_0950,2026-06-10 09:50:00,人气Top50；当日上涨；近5日强势延续；人气排名明显上升,短线涨幅偏高；偏离20日线较大；弱市先收缩执行；v2回避前段过热样本,v2
2026-06-10,,次日已审,低层级强势反哺,普通/不推送走强,low_level_winner,不推送 后来走强，原因反哺：人气Top50、人气排名明显上升、温和放量,40,001696,宗申动力,不推送,已入快策略,,2026-06-10,0,common_index_cache,5,3.11,-19.97,-11.62,-11.62,-11.62,-2.72,3.11,21.54,28.83,3.75,intraday_0950,2026-06-10 09:50:00,人气Top50；温和放量；连续上榜确认；人气排名明显上升,当日转弱；短线涨幅过热；远离20日线过多；弱市先收缩执行；v2回避转弱弱收盘样本；v2回避中后段放量追高样本；v2回避前段过热样本,v2
2026-06-10,,次日已审,低层级强势反哺,普通/不推送走强,low_level_winner,不推送 后来走强，原因反哺：人气Top10、人气排名明显上升、弱市中个股相对抗跌,9,000636,风华高科,不推送,已入快策略,,2026-06-10,0,common_index_cache,5,1.58,-17.69,-11.81,-9.77,-11.81,-10.81,1.58,8.37,23.41,1.62,intraday_0950,2026-06-10 09:50:00,人气Top10；当日上涨；收盘承接较强；近5日趋势升温；持续霸榜；人气排名明显上升；弱市中个股相对抗跌,量能不足；远离20日线过多；热度可能进入后段；弱市里的长连榜样本优先降权,v2
2026-06-10,,次日已审,低层级强势反哺,普通/不推送走强,low_level_winner,不推送 后来走强，原因反哺：当日上涨、持续霸榜、站上20日线且不过热,69,002384,东山精密,不推送,已入快策略,,2026-06-10,0,common_index_cache,5,-0.24,-16.52,-18.08,-13.93,-18.08,-7.08,-0.24,11.31,19.5,3.29,intraday_0950,2026-06-10 09:50:00,当日上涨；近5日趋势升温；站上20日线且不过热；持续霸榜,收盘承接偏弱；量能不足；热度可能进入后段；上影线偏长；弱市先收缩执行；后段人气股在偏弱环境里更谨慎；弱市里的长连榜样本优先降权,v2
2026-06-10,,次日已审,低层级强势反哺,普通/不推送走强,low_level_winner,不推送 后来走强，原因反哺：人气Top10、站上20日线且不过热、近5日趋势升温,5,002354,天娱数科,不推送,已入快策略,,2026-06-10,0,common_index_cache,5,-0.71,23.59,12.71,24.72,12.71,5.93,-0.71,-14.29,-19.66,24.72,intraday_0950,2026-06-10 09:50:00,人气Top10；近5日趋势升温；站上20日线且不过热；连续上榜确认,当日转弱；收盘承接偏弱；量能不足；弱市先收缩执行；v2回避转弱弱收盘样本,v2
2026-06-10,,次日已审,低层级强势反哺,普通/不推送走强,low_level_winner,不推送 后来走强，原因反哺：人气Top50、连续上榜确认,23,002636,金安国纪,不推送,已入快策略,,2026-06-10,0,common_index_cache,5,-3.11,-21.6,-14.15,-13.79,-14.15,-1.46,-3.11,25.7,23.59,4.17,intraday_0950,2026-06-10 09:50:00,人气Top50；连续上榜确认,当日转弱；收盘承接偏弱；量能不足；短线涨幅过热；远离20日线过多；弱市先收缩执行；v2回避转弱弱收盘样本；v2回避前段过热样本,v2
2026-06-10,,次日已审,低层级强势反哺,普通/不推送走强,low_level_winner,不推送 后来走强，原因反哺：人气Top20、持续霸榜,13,002421,达实智能,不推送,已入快策略,,2026-06-10,0,common_index_cache,5,-3.53,23.17,23.17,23.17,23.17,1.01,-3.53,-18.0,-21.68,23.17,intraday_0950,2026-06-10 09:50:00,人气Top20；持续霸榜,当日转弱；量能不足；近5日趋势未确认；仍在20日线下方；热度可能进入后段；弱市先收缩执行；弱市里的长连榜样本优先降权；市场健康度不足，收缩推送；市场健康度偏弱；v2回避转弱弱收盘样本；v2回避人气转弱样本,v2
2026-06-09,2026-06-02,次日已审,快策略候选,优先成功,priority_success,下个交易日主盯 后续最高表现达到 46.21%，保留这类命中特征。,17,002636,金安国纪,观察池,下个交易日主盯,67.75,2026-06-08,1,common_index_cache,6,35.99,7.99,10.0,10.0,10.0,27.71,44.2,18.26,33.54,46.21,intraday_0950,2026-06-09 09:50:00,人气Top20；当日涨停附近；收在日内高位；近5日强势延续；人气排名明显上升；弱市中个股相对抗跌,量能不足；短线涨幅偏高；偏离20日线较大；涨停封板不可买,v2
2026-06-09,2026-06-02,次日已审,快策略候选,优先成功,priority_success,下个交易日主盯 后续最高表现达到 27.05%，保留这类命中特征。,35,000636,风华高科,不推送,下个交易日主盯,57.2,2026-06-08,1,common_index_cache,6,27.05,7.93,2.61,9.78,2.61,1.42,21.14,-6.02,12.24,22.71,intraday_0950,2026-06-09 09:50:00,人气Top50；当日上涨；收盘承接较强；持续霸榜；弱市中个股相对抗跌,量能不足；近5日趋势未确认；偏离20日线较大；热度可能进入后段；弱市里的长连榜样本优先降权,v2
2026-06-09,2026-06-02,次日已审,快策略候选,优先成功,priority_success,下个交易日主盯 后续最高表现达到 38.30%，保留这类命中特征。,27,600186,莲花控股,不推送,下个交易日主盯,54.2,2026-06-08,1,common_index_cache,6,38.3,5.19,9.62,11.32,9.62,9.15,25.75,3.77,19.55,25.75,intraday_0950,2026-06-09 09:50:00,人气Top50；收盘承接较强；近5日趋势升温；连续上榜确认；人气排名明显上升；弱市中个股相对抗跌,量能不足,v2
2026-06-09,2026-06-02,次日已审,快策略候选,优先走弱,priority_failed,下个交易日主盯 未兑现，复盘风险项：涨停封板不可买,31,000620,盈新发展,观察池,下个交易日主盯,94.6,2026-06-08,1,common_index_cache,6,-6.23,-2.8,-4.67,-0.62,-4.67,-8.41,-9.03,-5.77,-6.41,-0.62,intraday_0950,2026-06-09 09:50:00,人气Top50；当日涨停附近；收在日内高位；近5日趋势升温；站上20日线且不过热；人气排名明显上升；弱市中个股相对抗跌；v2强势延续修正；v2低分涨停修正,涨停封板不可买,v2
2026-06-09,2026-06-02,次日已审,快策略候选,优先走弱,priority_failed,下个交易日主盯 未兑现，复盘风险项：涨停封板不可买,4,002354,天娱数科,观察池,下个交易日主盯,88.0,2026-06-08,1,common_index_cache,6,-12.78,2.73,10.05,10.05,10.05,-6.7,-9.93,-9.18,-12.32,10.05,intraday_0950,2026-06-09 09:50:00,人气Top10；当日涨停附近；收在日内高位；温和放量；近5日趋势升温；站上20日线且不过热；连续上榜确认；弱市中个股相对抗跌；v2强势延续修正；v2连榜升温修正；v2低分涨停修正,涨停封板不可买,v2
2026-06-09,2026-06-02,次日已审,快策略候选,优先走弱,priority_failed,下个交易日主盯 未兑现，复盘风险项：短线涨幅偏高；偏离20日线较大；涨停封板不可买,6,002747,埃斯顿,观察池,下个交易日主盯,82.15,2026-06-08,1,common_index_cache,6,-11.59,5.68,-4.61,6.31,-4.61,-14.15,-9.67,-18.76,-14.52,6.31,intraday_0950,2026-06-09 09:50:00,人气Top10；当日涨停附近；收在日内高位；近5日强势延续；连续上榜确认；人气排名明显上升；弱市中个股相对抗跌；v2连榜升温修正,短线涨幅偏高；偏离20日线较大；涨停封板不可买,v2
2026-06-09,2026-06-02,次日已审,快策略候选,优先走弱,priority_failed,下个交易日主盯 未兑现，复盘风险项：人气排名明显回落；后段人气股在偏弱环境里更谨慎；涨停封板不可买,68,000759,中百集团,观察池,下个交易日主盯,73.83,2026-06-08,1,common_index_cache,6,-3.51,-1.75,-9.89,-0.32,-9.89,-7.02,-0.96,-5.36,0.81,3.67,intraday_0950,2026-06-09 09:50:00,当日涨停附近；收在日内高位；温和放量；近5日趋势升温；站上20日线且不过热；弱市中个股相对抗跌,人气排名明显回落；后段人气股在偏弱环境里更谨慎；涨停封板不可买,v2
2026-06-09,2026-06-02,次日已审,快策略候选,优先走弱,priority_failed,下个交易日主盯 未兑现，复盘风险项：弱市先收缩执行,14,603859,能科科技,普通观察,下个交易日主盯,59.5,2026-06-08,1,common_index_cache,6,-1.36,1.63,12.01,12.69,12.01,-0.12,-0.52,-1.72,-2.12,12.69,intraday_0950,2026-06-09 09:50:00,人气Top20；当日上涨；温和放量；近5日趋势升温；站上20日线且不过热；连续上榜确认；人气排名明显上升；v2连榜升温修正,弱市先收缩执行,v2
2026-06-09,2026-06-02,次日已审,快策略候选,优先走弱,priority_failed,下个交易日主盯 未兑现，复盘风险项：弱市先收缩执行,45,603778,国晟科技,不推送,下个交易日主盯,53.3,2026-06-08,1,common_index_cache,6,-15.32,1.73,3.82,6.16,3.82,-7.18,-18.37,-8.75,-19.76,10.94,intraday_0950,2026-06-09 09:50:00,人气Top50；当日上涨；温和放量；近5日趋势升温,弱市先收缩执行,v2
2026-06-09,2026-06-02,次日已审,快策略候选,暂未强势,neutral,继续等待更多交易日或降低权重。,37,002254,泰和新材,普通观察,下个交易日主盯,68.8,2026-06-08,1,common_index_cache,6,1.64,1.81,-5.91,1.81,-5.91,-1.2,-7.6,-2.96,-9.24,3.5,intraday_0950,2026-06-09 09:50:00,人气Top50；当日强涨；收盘承接较强；温和放量；近5日趋势升温；人气排名明显上升；弱市中个股相对抗跌,偏离20日线较大,v2
2026-06-09,2026-06-02,次日已审,快策略候选,暂未强势,neutral,继续等待更多交易日或降低权重。,36,002281,光迅科技,不推送,下个交易日主盯,58.2,2026-06-08,1,common_index_cache,6,12.87,-4.94,-5.5,-3.22,-5.5,-4.4,7.28,0.57,12.86,10.96,intraday_0950,2026-06-09 09:50:00,人气Top50；当日上涨；收在日内高位；站上20日线且不过热；持续霸榜；人气排名明显上升；弱市中个股相对抗跌,量能不足；近5日趋势未确认；热度可能进入后段；弱市里的长连榜样本优先降权,v2
2026-06-09,2026-06-02,次日已审,快策略候选,暂未强势,neutral,继续等待更多交易日或降低权重。,26,002491,通鼎互联,不推送,下个交易日主盯,56.3,2026-06-08,1,common_index_cache,6,10.68,-0.5,-6.36,0.15,-6.36,-12.37,0.62,-11.93,1.12,2.31,intraday_0950,2026-06-09 09:50:00,人气Top50；当日上涨；站上20日线且不过热；持续霸榜；人气排名明显上升,量能不足；热度可能进入后段；弱市先收缩执行；弱市里的长连榜样本优先降权,v2
2026-06-09,2026-06-02,次日已审,快策略候选,暂未强势,neutral,继续等待更多交易日或降低权重。,40,001896,豫能控股,不推送,下个交易日主盯,55.4,2026-06-08,1,common_index_cache,6,0.79,-2.69,-1.95,3.52,-1.95,0.97,2.18,3.76,5.0,10.24,intraday_0950,2026-06-09 09:50:00,人气Top50；近5日趋势升温；站上20日线且不过热；持续霸榜,热度可能进入后段；人气排名明显回落；弱市先收缩执行；弱市里的长连榜样本优先降权；v2回避人气转弱样本,v2
2026-06-09,2026-06-02,次日已审,快策略候选,优先成功,priority_success,优先观察 后续最高表现达到 22.51%，保留这类命中特征。,32,603773,沃格光电,不推送,优先观察,50.0,2026-06-08,1,common_index_cache,6,22.51,6.99,14.28,17.11,14.28,-4.28,11.38,-10.53,4.1,17.11,intraday_0950,2026-06-09 09:50:00,人气Top50；近5日趋势升温；持续霸榜,当日转弱；量能不足；偏离20日线较大；热度可能进入后段；弱市先收缩执行；弱市里的长连榜样本优先降权；v2回避转弱弱收盘样本,v2
2026-06-09,2026-06-02,次日已审,快策略候选,优先成功,priority_success,优先观察 后续最高表现达到 20.58%，保留这类命中特征。,48,603986,兆易创新,不推送,优先观察,50.0,2026-06-08,1,common_index_cache,6,20.58,0.64,-1.06,2.32,-1.06,-0.93,9.62,-1.56,8.92,11.7,intraday_0950,2026-06-09 09:50:00,人气Top50；站上20日线且不过热；持续霸榜,收盘承接偏弱；量能不足；热度可能进入后段；弱市先收缩执行；弱市里的长连榜样本优先降权,v2
2026-06-09,2026-06-02,次日已审,快策略候选,优先走弱,priority_failed,优先观察 未兑现，复盘风险项：量能不足；热度可能进入后段；人气排名明显回落；后段人气股在偏弱环境里更谨慎；弱市里的长连榜样本优先降权,53,000063,中兴通讯,不推送,优先观察,50.83,2026-06-08,1,common_index_cache,6,-3.04,-0.36,-1.03,4.38,-1.03,-6.36,-2.11,-6.02,-1.76,4.38,intraday_0950,2026-06-09 09:50:00,当日上涨；收盘承接较强；近5日趋势升温；站上20日线且不过热；持续霸榜；弱市中个股相对抗跌,量能不足；热度可能进入后段；人气排名明显回落；后段人气股在偏弱环境里更谨慎；弱市里的长连榜样本优先降权,v2
2026-06-09,2026-06-02,次日已审,快策略候选,优先走弱,priority_failed,优先观察 未兑现，复盘风险项：偏离20日线较大；热度可能进入后段；弱市先收缩执行；弱市里的长连榜样本优先降权；Top3高热度拥挤，次日兑现风险,2,002421,达实智能,不推送,优先观察,50.6,2026-06-08,1,common_index_cache,6,-34.97,-3.23,-7.81,1.19,-7.81,-25.3,-29.54,-22.81,-27.19,1.19,intraday_0950,2026-06-09 09:50:00,人气Top3；近5日趋势升温；持续霸榜,偏离20日线较大；热度可能进入后段；弱市先收缩执行；弱市里的长连榜样本优先降权；Top3高热度拥挤，次日兑现风险,v2
2026-06-09,2026-06-02,次日已审,快策略候选,暂未强势,neutral,继续等待更多交易日或降低权重。,96,000100,TCL科技,不推送,优先观察,50.83,2026-06-08,1,common_index_cache,6,6.89,-2.3,-4.38,-2.09,-4.38,-5.01,-2.92,-2.78,-0.64,-0.21,intraday_0950,2026-06-09 09:50:00,当日上涨；收盘承接较强；近5日趋势升温；站上20日线且不过热；持续霸榜；弱市中个股相对抗跌,量能不足；热度可能进入后段；人气排名明显回落；后段人气股在偏弱环境里更谨慎；弱市里的长连榜样本优先降权,v2
2026-06-09,2026-06-02,次日已审,快策略候选,暂未强势,neutral,继续等待更多交易日或降低权重。,25,300308,中际旭创,不推送,优先观察,50.0,2026-06-08,1,common_index_cache,6,8.88,-1.88,-2.14,0.16,-2.14,-1.97,6.49,-0.09,8.53,8.67,intraday_0950,2026-06-09 09:50:00,人气Top50；站上20日线且不过热；持续霸榜,量能不足；近5日趋势未确认；热度可能进入后段；弱市先收缩执行；弱市里的长连榜样本优先降权；v2回避人气转弱样本,v2
2026-06-09,2026-06-02,次日已审,快策略候选,备选走强,backup_success,备选观察 后续最高表现达到 16.09%，保留这类命中特征。,66,002384,东山精密,不推送,备选观察,47.23,2026-06-08,1,common_index_cache,6,16.09,-2.14,-4.09,3.01,-4.09,-1.7,12.53,0.44,14.99,14.36,intraday_0950,2026-06-09 09:50:00,当日上涨；收盘承接较强；站上20日线且不过热；持续霸榜；弱市中个股相对抗跌,量能不足；热度可能进入后段；后段人气股在偏弱环境里更谨慎；弱市里的长连榜样本优先降权,v2
2026-06-09,2026-06-02,次日已审,快策略候选,备选走强,backup_success,备选观察 后续最高表现达到 38.01%，保留这类命中特征。,71,001696,宗申动力,观察池,备选观察,45.92,2026-06-08,1,common_index_cache,6,38.01,1.48,7.41,8.89,7.41,30.14,35.04,28.24,33.07,36.18,intraday_0950,2026-06-09 09:50:00,当日涨停附近；收在日内高位；站上20日线且不过热；弱市中个股相对抗跌,后段人气股在偏弱环境里更谨慎；涨停封板不可买,v2
2026-06-09,2026-06-02,次日已审,快策略候选,暂未强势,neutral,继续等待更多交易日或降低权重。,19,002463,沪电股份,不推送,只看不追,44.3,2026-06-08,1,common_index_cache,6,6.97,-0.73,-4.67,-0.01,-4.67,-8.61,2.66,-7.94,3.41,5.58,intraday_0950,2026-06-09 09:50:00,人气Top20；站上20日线且不过热；持续霸榜；人气排名明显上升,量能不足；热度可能进入后段；弱市先收缩执行；弱市里的长连榜样本优先降权,v2
2026-06-09,2026-06-02,次日已审,快策略候选,暂未强势,neutral,继续等待更多交易日或降低权重。,23,002931,锋龙股份,不推送,只看不追,43.25,2026-06-08,1,common_index_cache,6,13.12,1.19,2.5,12.2,2.5,-4.0,7.05,-5.13,5.79,12.2,intraday_0950,2026-06-09 09:50:00,人气Top50；温和放量；近5日强势延续；站上20日线且不过热；人气排名明显上升,短线涨幅偏高；弱市先收缩执行；v2回避前段过热样本,v2
2026-06-09,,次日已审,低层级强势反哺,普通/不推送走强,low_level_winner,不推送 后来走强，原因反哺：市场强势且个股相对强势、当日上涨、站上20日线且不过热,77,688549,中巨芯,不推送,未入快策略,,2026-06-09,0,common_index_cache,6,69.46,12.03,25.0,31.34,25.0,24.0,49.15,10.69,33.14,61.78,intraday_0950,2026-06-09 09:50:00,当日上涨；近5日强势延续；站上20日线且不过热；市场强势且个股相对强势,收盘承接偏弱；量能不足；短线涨幅偏高；上影线偏长；v2回避人气转弱样本；v2回避前段过热样本,v2
2026-06-09,,次日已审,低层级强势反哺,普通/不推送走强,low_level_winner,不推送 后来走强，原因反哺：市场强势且个股相对强势、站上20日线且不过热、近5日趋势升温,97,603186,华正新材,不推送,未入快策略,,2026-06-09,0,common_index_cache,6,62.69,9.45,17.22,18.13,17.22,22.23,47.89,11.67,35.12,47.89,intraday_0950,2026-06-09 09:50:00,近5日趋势升温；站上20日线且不过热；市场强势且个股相对强势,收盘承接偏弱,v2
2026-06-09,,次日已审,低层级强势反哺,普通/不推送走强,low_level_winner,不推送 后来走强，原因反哺：市场强势且个股相对强势、站上20日线且不过热、近5日趋势升温,85,603823,百合花,不推送,未入快策略,,2026-06-09,0,common_index_cache,6,45.59,8.7,20.53,20.53,20.53,33.57,37.73,22.89,26.71,45.25,intraday_0950,2026-06-09 09:50:00,近5日趋势升温；站上20日线且不过热；市场强势且个股相对强势,当日转弱；收盘承接偏弱；量能不足；v2回避转弱弱收盘样本,v2
2026-06-09,,次日已审,低层级强势反哺,普通/不推送走强,low_level_winner,不推送 后来走强，原因反哺：人气Top50、人气排名明显上升、市场强势且个股相对强势,50,688146,中船特气,不推送,未入快策略,,2026-06-09,0,common_index_cache,6,39.82,8.25,20.18,23.02,20.18,24.22,32.94,14.75,22.81,50.23,intraday_0950,2026-06-09 09:50:00,人气Top50；近5日强势延续；连续上榜确认；人气排名明显上升；市场强势且个股相对强势,当日转弱；收盘承接偏弱；量能不足；短线涨幅偏高；远离20日线过多；v2回避转弱弱收盘样本,v2
2026-06-09,,次日已审,低层级强势反哺,普通/不推送走强,low_level_winner,不推送 后来走强，原因反哺：人气Top10、持续霸榜,10,601991,大唐发电,不推送,未入快策略,,2026-06-09,0,common_index_cache,6,30.99,7.6,11.33,16.93,11.33,16.07,24.82,7.87,16.0,27.69,intraday_0950,2026-06-09 09:50:00,人气Top10；持续霸榜,当日转弱；收盘承接偏弱；量能不足；近5日趋势未确认；仍在20日线下方；热度可能进入后段；强势市里个股相对走弱；市场健康度不足，收缩推送；v2回避转弱弱收盘样本,v2
2026-06-09,,次日已审,低层级强势反哺,普通/不推送走强,low_level_winner,不推送 后来走强，原因反哺：站上20日线且不过热,95,603678,火炬电子,不推送,未入快策略,,2026-06-09,0,common_index_cache,6,30.84,6.49,5.63,10.77,5.63,9.14,27.06,2.49,19.32,30.18,intraday_0950,2026-06-09 09:50:00,站上20日线且不过热,当日转弱；收盘承接偏弱；量能不足；近5日趋势未确认；人气排名明显回落；强势市里个股相对走弱；市场健康度不足，收缩推送；v2回避转弱弱收盘样本；v2回避人气转弱样本,v2
2026-06-09,,次日已审,低层级强势反哺,普通/不推送走强,low_level_winner,不推送 后来走强，原因反哺：人气Top50、持续霸榜、站上20日线且不过热,33,600667,太极实业,不推送,未入快策略,,2026-06-09,0,common_index_cache,6,27.65,0.74,6.85,11.68,6.85,10.2,20.74,9.39,19.85,26.58,intraday_0950,2026-06-09 09:50:00,人气Top50；站上20日线且不过热；持续霸榜,当日转弱；收盘承接偏弱；量能不足；近5日趋势未确认；热度可能进入后段；强势市里个股相对走弱；市场健康度不足，收缩推送；v2回避转弱弱收盘样本；v2回避人气转弱样本,v2
2026-06-09,,次日已审,低层级强势反哺,普通/不推送走强,low_level_winner,不推送 后来走强，原因反哺：人气Top20、市场强势且个股相对强势、站上20日线且不过热,11,600378,昊华科技,不推送,未入快策略,,2026-06-09,0,common_index_cache,6,27.4,7.05,15.2,15.2,15.2,14.12,15.81,6.6,8.19,26.8,intraday_0950,2026-06-09 09:50:00,人气Top20；近5日趋势升温；站上20日线且不过热；连续上榜确认；市场强势且个股相对强势,当日转弱；收盘承接偏弱；v2回避转弱弱收盘样本,v2
2026-06-09,,次日已审,低层级强势反哺,普通/不推送走强,low_level_winner,不推送 后来走强，原因反哺：人气排名明显上升、市场强势且个股相对强势、当日上涨,80,600183,生益科技,不推送,未入快策略,,2026-06-09,0,common_index_cache,6,27.06,3.68,3.61,8.97,3.61,6.7,26.53,2.91,22.04,29.11,intraday_0950,2026-06-09 09:50:00,当日上涨；站上20日线且不过热；持续霸榜；人气排名明显上升；市场强势且个股相对强势,量能不足；热度可能进入后段,v2
2026-06-09,,次日已审,低层级强势反哺,普通/不推送走强,low_level_winner,不推送 后来走强，原因反哺：人气排名明显上升、市场强势且个股相对强势、当日上涨,59,000630,铜陵有色,不推送,未入快策略,,2026-06-09,0,common_index_cache,6,22.93,-0.49,3.25,4.55,3.25,15.45,23.09,16.01,23.69,25.37,intraday_0950,2026-06-09 09:50:00,当日上涨；人气排名明显上升；市场强势且个股相对强势,收盘承接偏弱；量能不足；近5日趋势未确认；上影线偏长,v2
2026-06-09,,次日已审,低层级强势反哺,普通/不推送走强,low_level_winner,不推送 后来走强，原因反哺：市场强势且个股相对强势、站上20日线且不过热、连续上榜确认,65,300433,蓝思科技,不推送,未入快策略,,2026-06-09,0,common_index_cache,6,21.06,2.88,-0.45,3.55,-0.45,-2.74,14.3,-5.47,11.1,19.62,intraday_0950,2026-06-09 09:50:00,站上20日线且不过热；连续上榜确认；市场强势且个股相对强势,当日转弱；收盘承接偏弱；量能不足；v2回避转弱弱收盘样本,v2
2026-06-09,,次日已审,低层级强势反哺,普通/不推送走强,low_level_winner,不推送 后来走强，原因反哺：人气排名明显上升,75,002407,多氟多,不推送,未入快策略,,2026-06-09,0,common_index_cache,6,19.4,3.04,7.76,9.68,7.76,23.12,22.07,19.49,18.46,28.8,intraday_0950,2026-06-09 09:50:00,人气排名明显上升,当日转弱；收盘承接偏弱；量能不足；近5日趋势未确认；仍在20日线下方；强势市里个股相对走弱；市场健康度不足，收缩推送；v2回避转弱弱收盘样本,v2
2026-06-09,,次日已审,低层级强势反哺,普通/不推送走强,low_level_winner,不推送 后来走强，原因反哺：温和放量、站上20日线且不过热,57,603203,快克智能,不推送,未入快策略,,2026-06-09,0,common_index_cache,6,18.95,-1.24,5.41,5.7,5.41,3.13,12.35,4.42,13.76,22.76,intraday_0950,2026-06-09 09:50:00,温和放量；站上20日线且不过热,当日转弱；收盘承接偏弱；近5日趋势未确认；强势市里个股相对走弱；市场健康度不足，收缩推送；v2回避转弱弱收盘样本,v2
2026-06-09,,次日已审,低层级强势反哺,普通/不推送走强,low_level_winner,不推送 后来走强，原因反哺：当日上涨、持续霸榜,88,000021,深科技,不推送,未入快策略,,2026-06-09,0,common_index_cache,6,17.79,0.14,5.24,7.33,5.24,1.81,11.91,1.67,11.76,13.48,intraday_0950,2026-06-09 09:50:00,当日上涨；持续霸榜,量能不足；近5日趋势未确认；热度可能进入后段；市场健康度不足，收缩推送,v2
2026-06-09,,次日已审,低层级强势反哺,普通/不推送走强,low_level_winner,不推送 后来走强，原因反哺：市场强势且个股相对强势、站上20日线且不过热、近5日趋势升温,58,600552,凯盛科技,不推送,未入快策略,,2026-06-09,0,common_index_cache,6,16.35,5.01,-0.53,5.35,-0.53,-8.63,5.79,-12.99,0.73,6.46,intraday_0950,2026-06-09 09:50:00,近5日趋势升温；站上20日线且不过热；连续上榜确认；市场强势且个股相对强势,当日转弱；收盘承接偏弱；人气排名明显回落；v2回避转弱弱收盘样本；v2回避人气转弱样本,v2
2026-06-09,,次日已审,低层级强势反哺,普通/不推送走强,low_level_winner,不推送 后来走强，原因反哺：市场强势且个股相对强势、当日上涨、站上20日线且不过热,52,002138,顺络电子,不推送,未入快策略,,2026-06-09,0,common_index_cache,6,15.59,1.65,1.3,7.19,1.3,-2.42,6.5,-4.0,4.77,9.12,intraday_0950,2026-06-09 09:50:00,当日上涨；近5日趋势升温；站上20日线且不过热；连续上榜确认；市场强势且个股相对强势,收盘承接偏弱；人气排名明显回落；上影线偏长；v2回避人气转弱样本,v2
2026-06-09,,次日已审,低层级强势反哺,普通/不推送走强,low_level_winner,不推送 后来走强，原因反哺：人气Top50、市场强势且个股相对强势、持续霸榜,44,600367,红星发展,不推送,未入快策略,,2026-06-09,0,common_index_cache,6,12.8,8.85,16.32,16.71,16.32,4.76,11.68,-3.76,2.6,16.71,intraday_0950,2026-06-09 09:50:00,人气Top50；近5日强势延续；持续霸榜；市场强势且个股相对强势,当日转弱；收盘承接偏弱；量能不足；短线涨幅偏高；远离20日线过多；热度可能进入后段；v2回避转弱弱收盘样本；v2回避后段过热样本；v2回避人气转弱样本,v2
2026-06-09,,次日已审,低层级强势反哺,普通/不推送走强,low_level_winner,不推送 后来走强，原因反哺：人气Top50、人气排名明显上升、连续上榜确认,41,601012,隆基绿能,不推送,未入快策略,,2026-06-09,0,common_index_cache,6,6.61,3.75,14.85,15.99,14.85,9.79,8.48,5.82,4.56,15.99,intraday_0950,2026-06-09 09:50:00,人气Top50；连续上榜确认；人气排名明显上升,当日转弱；收盘承接偏弱；量能不足；近5日趋势未确认；仍在20日线下方；强势市里个股相对走弱；市场健康度不足，收缩推送；v2回避转弱弱收盘样本,v2
2026-06-09,,次日已审,低层级强势反哺,普通/不推送走强,low_level_winner,不推送 后来走强，原因反哺：市场强势且个股相对强势、温和放量、连续上榜确认,90,000833,粤桂股份,不推送,未入快策略,,2026-06-09,0,common_index_cache,6,-7.83,1.62,6.37,10.12,6.37,0.0,-3.42,-1.6,-4.96,16.99,intraday_0950,2026-06-09 09:50:00,温和放量；连续上榜确认；市场强势且个股相对强势,v2回避人气转弱样本,v2
2026-06-09,,次日已审,低层级强势反哺,普通/不推送走强,low_level_winner,不推送 后来走强，原因反哺：原因待补充,98,002181,粤传媒,不推送,未入快策略,,2026-06-09,0,common_index_cache,6,-9.31,22.04,28.0,32.06,28.0,3.98,-4.53,-14.8,-21.77,32.06,intraday_0950,2026-06-09 09:50:00,-,当日转弱；量能不足；近5日趋势未确认；仍在20日线下方；人气排名明显回落；强势市里个股相对走弱；市场健康度不足，收缩推送；v2回避转弱弱收盘样本；v2回避人气转弱样本,v2
2026-06-09,,次日已审,低层级强势反哺,普通/不推送走强,low_level_winner,不推送 后来走强，原因反哺：人气Top50、人气排名明显上升、市场强势且个股相对强势,27,600186,莲花控股,不推送,已入快策略,,2026-06-09,0,common_index_cache,6,38.3,5.19,9.62,11.32,9.62,9.15,25.75,3.77,19.55,25.75,intraday_0950,2026-06-09 09:50:00,人气Top50；收盘承接较强；近5日趋势升温；连续上榜确认；人气排名明显上升；市场强势且个股相对强势,量能不足,v2
2026-06-09,,次日已审,低层级强势反哺,普通/不推送走强,low_level_winner,不推送 后来走强，原因反哺：人气Top50、市场强势且个股相对强势、当日上涨,35,000636,风华高科,不推送,已入快策略,,2026-06-09,0,common_index_cache,6,27.05,7.93,2.61,9.78,2.61,1.42,21.14,-6.02,12.24,22.71,intraday_0950,2026-06-09 09:50:00,人气Top50；当日上涨；收盘承接较强；持续霸榜；市场强势且个股相对强势,量能不足；近5日趋势未确认；偏离20日线较大；热度可能进入后段,v2
2026-06-09,,次日已审,低层级强势反哺,普通/不推送走强,low_level_winner,不推送 后来走强，原因反哺：人气Top50、市场强势且个股相对强势、持续霸榜,32,603773,沃格光电,不推送,已入快策略,,2026-06-09,0,common_index_cache,6,22.51,6.99,14.28,17.11,14.28,-4.28,11.38,-10.53,4.1,17.11,intraday_0950,2026-06-09 09:50:00,人气Top50；近5日趋势升温；持续霸榜；市场强势且个股相对强势,当日转弱；量能不足；偏离20日线较大；热度可能进入后段；v2回避转弱弱收盘样本,v2
2026-06-09,,次日已审,低层级强势反哺,普通/不推送走强,low_level_winner,不推送 后来走强，原因反哺：人气Top50、市场强势且个股相对强势、持续霸榜,48,603986,兆易创新,不推送,已入快策略,,2026-06-09,0,common_index_cache,6,20.58,0.64,-1.06,2.32,-1.06,-0.93,9.62,-1.56,8.92,11.7,intraday_0950,2026-06-09 09:50:00,人气Top50；站上20日线且不过热；持续霸榜；市场强势且个股相对强势,收盘承接偏弱；量能不足；热度可能进入后段,v2
2026-06-09,,次日已审,低层级强势反哺,普通/不推送走强,low_level_winner,不推送 后来走强，原因反哺：市场强势且个股相对强势、当日上涨、持续霸榜,66,002384,东山精密,不推送,已入快策略,,2026-06-09,0,common_index_cache,6,16.09,-2.14,-4.09,3.01,-4.09,-1.7,12.53,0.44,14.99,14.36,intraday_0950,2026-06-09 09:50:00,当日上涨；收盘承接较强；站上20日线且不过热；持续霸榜；市场强势且个股相对强势,量能不足；热度可能进入后段,v2
2026-06-08,2026-06-01,次日已审,快策略候选,优先成功,priority_success,下个交易日主盯 后续最高表现达到 26.47%，保留这类命中特征。,6,600378,昊华科技,观察池,下个交易日主盯,102.15,2026-06-05,3,common_index_cache,7,24.46,-2.05,2.24,3.88,2.24,23.88,9.77,26.47,12.07,23.88,intraday_0950,2026-06-08 09:50:00,人气Top10；当日涨停附近；收在日内高位；近5日强势延续；人气排名明显上升；弱市中个股相对抗跌；v2强势延续修正；v2低分涨停修正,短线涨幅偏高；偏离20日线较大；涨停封板不可买,v2
2026-06-08,2026-06-01,次日已审,快策略候选,优先成功,priority_success,下个交易日主盯 后续最高表现达到 21.01%，保留这类命中特征。,5,002354,天娱数科,观察池,下个交易日主盯,91.8,2026-06-05,3,common_index_cache,7,-4.09,5.73,9.96,9.96,9.96,8.87,2.32,2.97,-3.23,21.01,intraday_0950,2026-06-08 09:50:00,人气Top10；当日涨停附近；收在日内高位；站上20日线且不过热；人气排名明显上升；弱市中个股相对抗跌,量能不足；近5日趋势未确认；涨停封板不可买,v2
2026-06-08,2026-06-01,次日已审,快策略候选,优先成功,priority_success,下个交易日主盯 后续最高表现达到 19.29%，保留这类命中特征。,23,603773,沃格光电,不推送,下个交易日主盯,69.8,2026-06-05,3,common_index_cache,7,19.29,-1.62,7.82,7.82,7.82,0.14,-1.41,1.8,0.22,14.03,intraday_0950,2026-06-08 09:50:00,人气Top50；当日上涨；收盘承接较强；近5日趋势升温；持续霸榜；人气排名明显上升；弱市中个股相对抗跌,偏离20日线较大；热度可能进入后段；弱市里的长连榜样本优先降权,v2
2026-06-08,2026-06-01,次日已审,快策略候选,优先成功,priority_success,下个交易日主盯 后续最高表现达到 22.81%，保留这类命中特征。,84,002585,双星新材,不推送,下个交易日主盯,56.23,2026-06-05,3,common_index_cache,7,22.81,-6.86,0.83,0.83,0.83,2.64,5.29,10.2,13.04,11.4,intraday_0950,2026-06-08 09:50:00,收在日内高位；近5日趋势升温；站上20日线且不过热；连续上榜确认；弱市中个股相对抗跌,人气排名明显回落；后段人气股在偏弱环境里更谨慎,v2
2026-06-08,2026-06-01,次日已审,快策略候选,优先走弱,priority_failed,下个交易日主盯 未兑现，复盘风险项：短线涨幅偏高；偏离20日线较大；热度可能进入后段；弱市里的长连榜样本优先降权；Top3高热度拥挤，次日兑现风险；涨停封板不可买,2,002421,达实智能,观察池,下个交易日主盯,102.55,2026-06-05,3,common_index_cache,7,-33.16,4.54,-0.52,7.5,-0.52,-14.66,-30.02,-18.36,-33.06,7.5,intraday_0950,2026-06-08 09:50:00,人气Top3；当日涨停附近；收在日内高位；近5日强势延续；持续霸榜；人气排名明显上升；弱市中个股相对抗跌；v2低分涨停修正,短线涨幅偏高；偏离20日线较大；热度可能进入后段；弱市里的长连榜样本优先降权；Top3高热度拥挤，次日兑现风险；涨停封板不可买,v2
2026-06-08,2026-06-01,次日已审,快策略候选,优先走弱,priority_failed,下个交易日主盯 未兑现，复盘风险项：涨停封板不可买,11,002361,神剑股份,观察池,下个交易日主盯,88.0,2026-06-05,3,common_index_cache,7,-15.52,-0.38,-4.0,2.49,-4.0,-5.52,-13.85,-5.16,-13.52,5.62,intraday_0950,2026-06-08 09:50:00,人气Top20；当日涨停附近；收在日内高位；温和放量；近5日趋势升温；站上20日线且不过热；人气排名明显上升；弱市中个股相对抗跌；v2强势延续修正；v2低分涨停修正,涨停封板不可买,v2
2026-06-08,2026-06-01,次日已审,快策略候选,优先走弱,priority_failed,下个交易日主盯 未兑现，复盘风险项：-,38,600879,航天电子,不推送,下个交易日主盯,74.1,2026-06-05,3,common_index_cache,7,-9.25,-3.23,-1.3,-0.76,-1.3,-9.61,-10.69,-6.59,-7.71,0.4,intraday_0950,2026-06-08 09:50:00,人气Top50；当日上涨；收在日内高位；近5日趋势升温；站上20日线且不过热；人气排名明显上升；弱市中个股相对抗跌,-,v2
2026-06-08,2026-06-01,次日已审,快策略候选,优先走弱,priority_failed,下个交易日主盯 未兑现，复盘风险项：涨停封板不可买,27,603135,中重科技,观察池,下个交易日主盯,72.2,2026-06-05,3,common_index_cache,7,-17.43,-1.17,2.4,4.86,2.4,-17.04,-18.15,-16.07,-17.18,4.86,intraday_0950,2026-06-08 09:50:00,人气Top50；当日涨停附近；收在日内高位；站上20日线且不过热；弱市中个股相对抗跌,涨停封板不可买,v2
2026-06-08,2026-06-01,次日已审,快策略候选,优先走弱,priority_failed,下个交易日主盯 未兑现，复盘风险项：量能不足；热度可能进入后段；弱市里的长连榜样本优先降权,20,600396,华电辽能,不推送,下个交易日主盯,56.9,2026-06-05,3,common_index_cache,7,-12.36,-3.5,4.53,4.53,4.53,-12.7,-12.21,-9.54,-9.03,4.53,intraday_0950,2026-06-08 09:50:00,人气Top20；收盘承接较强；近5日趋势升温；站上20日线且不过热；持续霸榜；弱市中个股相对抗跌,量能不足；热度可能进入后段；弱市里的长连榜样本优先降权,v2
2026-06-08,2026-06-01,次日已审,快策略候选,优先走弱,priority_failed,下个交易日主盯 未兑现，复盘风险项：当日转弱；量能不足；仍在20日线下方；热度可能进入后段；弱市里的长连榜样本优先降权,49,002050,三花智控,不推送,下个交易日主盯,53.6,2026-06-05,3,common_index_cache,7,-5.27,0.62,0.87,1.64,0.87,-2.95,-2.82,-3.55,-3.42,1.64,intraday_0950,2026-06-08 09:50:00,人气Top50；收盘承接较强；近5日趋势升温；持续霸榜；弱市中个股相对抗跌,当日转弱；量能不足；仍在20日线下方；热度可能进入后段；弱市里的长连榜样本优先降权,v2
2026-06-08,2026-06-01,次日已审,快策略候选,暂未强势,neutral,继续等待更多交易日或降低权重。,87,603500,祥和实业,观察池,下个交易日主盯,90.78,2026-06-05,3,common_index_cache,7,1.12,-3.27,-0.59,1.86,-0.59,-2.45,-0.07,0.85,3.31,3.35,intraday_0950,2026-06-08 09:50:00,当日涨停附近；收在日内高位；温和放量；近5日强势延续；站上20日线且不过热；连续上榜确认；弱市中个股相对抗跌；v2低分涨停修正,短线涨幅偏高；后段人气股在偏弱环境里更谨慎；涨停封板不可买,v2
2026-06-08,2026-06-01,次日已审,快策略候选,暂未强势,neutral,继续等待更多交易日或降低权重。,8,600522,中天科技,普通观察,下个交易日主盯,88.8,2026-06-05,3,common_index_cache,7,11.54,2.64,10.66,10.66,10.66,0.08,4.31,-2.49,1.62,10.66,intraday_0950,2026-06-08 09:50:00,人气Top10；当日上涨；收在日内高位；近5日趋势升温；站上20日线且不过热；持续霸榜；弱市中个股相对抗跌,量能不足；热度可能进入后段；弱市里的长连榜样本优先降权,v2
2026-06-08,2026-06-01,次日已审,快策略候选,优先成功,priority_success,优先观察 后续最高表现达到 18.62%，保留这类命中特征。,77,000833,粤桂股份,观察池,优先观察,52.92,2026-06-05,3,common_index_cache,7,-6.55,1.65,3.59,4.86,3.59,12.67,-0.97,10.84,-2.58,18.62,intraday_0950,2026-06-08 09:50:00,当日涨停附近；收在日内高位；弱市中个股相对抗跌,近5日趋势未确认；仍在20日线下方；后段人气股在偏弱环境里更谨慎；涨停封板不可买,v2
2026-06-08,2026-06-01,次日已审,快策略候选,优先成功,priority_success,优先观察 后续最高表现达到 15.93%，保留这类命中特征。,17,001896,豫能控股,不推送,优先观察,51.5,2026-06-05,3,common_index_cache,7,6.67,-4.02,5.69,5.69,5.69,3.97,11.27,8.32,15.93,15.15,intraday_0950,2026-06-08 09:50:00,人气Top20；近5日趋势升温；站上20日线且不过热；持续霸榜,热度可能进入后段；弱市先收缩执行；弱市里的长连榜样本优先降权,v2
2026-06-08,2026-06-01,次日已审,快策略候选,优先走弱,priority_failed,优先观察 未兑现，复盘风险项：量能不足；人气排名明显回落；后段人气股在偏弱环境里更谨慎,57,600703,三安光电,不推送,优先观察,49.92,2026-06-05,3,common_index_cache,7,-0.12,-1.75,0.7,0.76,0.7,-11.18,-10.88,-9.6,-9.3,0.76,intraday_0950,2026-06-08 09:50:00,收盘承接较强；近5日趋势升温；站上20日线且不过热；连续上榜确认；弱市中个股相对抗跌,量能不足；人气排名明显回落；后段人气股在偏弱环境里更谨慎,v2
2026-06-08,2026-06-01,次日已审,快策略候选,优先走弱,priority_failed,优先观察 未兑现，复盘风险项：量能不足；人气排名明显回落；后段人气股在偏弱环境里更谨慎,98,603005,晶方科技,不推送,优先观察,49.92,2026-06-05,3,common_index_cache,7,-1.26,-1.93,0.17,0.73,0.17,-5.57,-6.02,-3.71,-4.17,3.62,intraday_0950,2026-06-08 09:50:00,收盘承接较强；近5日趋势升温；站上20日线且不过热；连续上榜确认；弱市中个股相对抗跌,量能不足；人气排名明显回落；后段人气股在偏弱环境里更谨慎,v2
2026-06-08,2026-06-01,次日已审,快策略候选,暂未强势,neutral,继续等待更多交易日或降低权重。,72,605358,立昂微,不推送,优先观察,52.62,2026-06-05,3,common_index_cache,7,4.88,-1.7,5.2,5.2,5.2,5.2,0.59,7.02,2.33,14.68,intraday_0950,2026-06-08 09:50:00,收在日内高位；近5日趋势升温；站上20日线且不过热；连续上榜确认；弱市中个股相对抗跌,量能不足；人气排名明显回落；后段人气股在偏弱环境里更谨慎,v2
2026-06-08,2026-06-01,次日已审,快策略候选,暂未强势,neutral,继续等待更多交易日或降低权重。,39,000100,TCL科技,不推送,优先观察,50.45,2026-06-05,3,common_index_cache,7,6.89,-2.92,-0.42,0.42,-0.42,-5.85,-3.55,-3.01,-0.65,0.42,intraday_0950,2026-06-08 09:50:00,人气Top50；近5日趋势升温；站上20日线且不过热；连续上榜确认,当日转弱；量能不足；弱市先收缩执行；v2回避转弱弱收盘样本,v2
2026-06-08,2026-06-01,次日已审,快策略候选,暂未强势,neutral,继续等待更多交易日或降低权重。,12,600552,凯盛科技,普通观察,优先观察,50.35,2026-06-05,3,common_index_cache,7,4.91,-3.52,-1.35,-0.43,-1.35,-10.7,-10.96,-7.44,-7.71,-0.43,intraday_0950,2026-06-08 09:50:00,人气Top20；当日上涨；收在日内高位；温和放量；近5日强势延续；站上20日线且不过热；弱市中个股相对抗跌,短线涨幅偏高；v2回避前段过热样本,v2
2026-06-08,2026-06-01,次日已审,快策略候选,暂未强势,neutral,继续等待更多交易日或降低权重。,1,000725,京东方A,不推送,优先观察,50.3,2026-06-05,3,common_index_cache,7,2.13,-1.22,-0.76,1.07,-0.76,-11.26,-9.89,-10.17,-8.78,1.07,intraday_0950,2026-06-08 09:50:00,人气Top3；近5日趋势升温；持续霸榜,量能不足；偏离20日线较大；热度可能进入后段；上影线偏长；弱市先收缩执行；弱市里的长连榜样本优先降权；Top3高热度拥挤，次日兑现风险,v2
2026-06-08,2026-06-01,次日已审,快策略候选,暂未强势,neutral,继续等待更多交易日或降低权重。,30,002471,中超控股,不推送,备选观察,48.9,2026-06-05,3,common_index_cache,7,-16.12,-3.54,-5.13,-2.93,-5.13,-14.29,-12.82,-11.14,-9.62,-2.93,intraday_0950,2026-06-08 09:50:00,人气Top50；当日上涨；温和放量；近5日趋势升温；站上20日线且不过热,弱市先收缩执行,v2
2026-06-08,2026-06-01,次日已审,快策略候选,暂未强势,neutral,继续等待更多交易日或降低权重。,54,600707,彩虹股份,不推送,备选观察,47.83,2026-06-05,3,common_index_cache,7,4.8,-1.82,3.06,4.47,3.06,-12.17,-13.33,-10.54,-11.72,4.47,intraday_0950,2026-06-08 09:50:00,当日上涨；收在日内高位；近5日趋势升温；站上20日线且不过热；人气排名明显上升；弱市中个股相对抗跌,后段人气股在偏弱环境里更谨慎,v2
2026-06-08,2026-06-01,次日已审,快策略候选,暂未强势,neutral,继续等待更多交易日或降低权重。,65,002613,北玻股份,观察池,备选观察,45.92,2026-06-05,3,common_index_cache,7,-6.59,2.93,-4.95,3.48,-4.95,-11.9,-12.27,-14.41,-14.77,3.48,intraday_0950,2026-06-08 09:50:00,当日涨停附近；收在日内高位；站上20日线且不过热；弱市中个股相对抗跌,后段人气股在偏弱环境里更谨慎；涨停封板不可买,v2
2026-06-08,2026-06-01,次日已审,快策略候选,暂未强势,neutral,继续等待更多交易日或降低权重。,61,002463,沪电股份,不推送,备选观察,45.42,2026-06-05,3,common_index_cache,7,12.15,5.61,7.97,8.9,7.97,-2.88,2.36,-8.04,-3.07,8.9,intraday_0950,2026-06-08 09:50:00,收在日内高位；近5日趋势升温；站上20日线且不过热；持续霸榜；弱市中个股相对抗跌,当日转弱；量能不足；热度可能进入后段；人气排名明显回落；后段人气股在偏弱环境里更谨慎；弱市里的长连榜样本优先降权,v2
2026-06-08,2026-06-01,次日已审,快策略候选,暂未强势,neutral,继续等待更多交易日或降低权重。,69,600578,京能电力,不推送,备选观察,45.42,2026-06-05,3,common_index_cache,7,-8.86,-2.16,3.75,4.32,3.75,-11.59,-6.36,-9.64,-4.3,4.32,intraday_0950,2026-06-08 09:50:00,当日上涨；收盘承接较强；站上20日线且不过热；持续霸榜；弱市中个股相对抗跌,量能不足；热度可能进入后段；人气排名明显回落；后段人气股在偏弱环境里更谨慎；弱市里的长连榜样本优先降权,v2
2026-06-08,2026-06-01,次日已审,快策略候选,备选走强,backup_success,备选观察 后续最高表现达到 27.19%，保留这类命中特征。,41,002747,埃斯顿,不推送,备选观察,48.8,2026-06-05,3,common_index_cache,7,5.77,14.79,19.64,19.64,19.64,6.31,5.93,-7.39,-7.72,27.19,intraday_0950,2026-06-08 09:50:00,人气Top50；近5日趋势升温；站上20日线且不过热；人气排名明显上升,弱市先收缩执行,v2
2026-06-08,2026-06-01,次日已审,快策略候选,备选走强,backup_success,备选观察 后续最高表现达到 41.82%，保留这类命中特征。,36,600498,烽火通信,不推送,备选观察,46.1,2026-06-05,3,common_index_cache,7,41.82,3.57,8.84,9.95,8.84,12.8,25.45,8.91,21.12,26.69,intraday_0950,2026-06-08 09:50:00,人气Top50；收盘承接较强；近5日趋势升温；人气排名明显上升；弱市中个股相对抗跌,当日转弱；量能不足,v2
2026-06-08,2026-06-01,次日已审,快策略候选,备选走强,backup_success,备选观察 后续最高表现达到 17.09%，保留这类命中特征。,31,002138,顺络电子,不推送,备选观察,45.3,2026-06-05,3,common_index_cache,7,17.09,2.09,7.78,7.78,7.78,-2.08,7.9,-4.09,5.69,8.75,intraday_0950,2026-06-08 09:50:00,人气Top50；温和放量；近5日趋势升温；站上20日线且不过热,弱市先收缩执行,v2
2026-06-08,,次日已审,低层级强势反哺,普通/不推送走强,low_level_winner,不推送 后来走强，原因反哺：人气Top50、人气排名明显上升,47,600186,莲花控股,不推送,未入快策略,,2026-06-08,0,common_index_cache,7,46.02,4.38,14.94,14.94,14.94,25.8,20.72,20.52,15.65,28.98,intraday_0950,2026-06-08 09:50:00,人气Top50；人气排名明显上升,当日转弱；量能不足；仍在20日线下方；弱市先收缩执行；v2回避转弱弱收盘样本,v2
2026-06-08,,次日已审,低层级强势反哺,普通/不推送走强,low_level_winner,不推送 后来走强，原因反哺：人气Top50、人气排名明显上升、近5日趋势升温,29,003036,泰坦股份,不推送,未入快策略,,2026-06-08,0,common_index_cache,7,36.2,2.16,6.51,6.51,6.51,4.22,17.47,2.02,14.99,17.47,intraday_0950,2026-06-08 09:50:00,人气Top50；近5日趋势升温；人气排名明显上升,当日转弱；收盘承接偏弱；量能不足；偏离20日线较大；弱市先收缩执行；v2回避转弱弱收盘样本,v2
2026-06-08,,次日已审,低层级强势反哺,普通/不推送走强,low_level_winner,不推送 后来走强，原因反哺：持续霸榜、收在日内高位、站上20日线且不过热,94,600183,生益科技,不推送,未入快策略,,2026-06-08,0,common_index_cache,7,35.89,4.84,11.24,11.24,11.24,12.94,25.53,7.73,19.73,25.53,intraday_0950,2026-06-08 09:50:00,收在日内高位；站上20日线且不过热；持续霸榜,当日转弱；量能不足；近5日趋势未确认；热度可能进入后段；人气排名明显回落；弱市先收缩执行；后段人气股在偏弱环境里更谨慎；弱市里的长连榜样本优先降权；市场健康度不足，收缩推送；市场健康度偏弱,v2
2026-06-08,,次日已审,低层级强势反哺,普通/不推送走强,low_level_winner,不推送 后来走强，原因反哺：人气Top50、持续霸榜,26,000636,风华高科,不推送,未入快策略,,2026-06-08,0,common_index_cache,7,29.95,-2.09,7.18,7.18,7.18,12.83,14.11,15.23,16.54,16.69,intraday_0950,2026-06-08 09:50:00,人气Top50；持续霸榜,当日转弱；收盘承接偏弱；量能不足；偏离20日线较大；热度可能进入后段；人气排名明显回落；弱市先收缩执行；弱市里的长连榜样本优先降权；v2回避转弱弱收盘样本；v2回避人气转弱样本,v2
2026-06-08,,次日已审,低层级强势反哺,普通/不推送走强,low_level_winner,不推送 后来走强，原因反哺：收在日内高位、站上20日线且不过热、连续上榜确认,88,002436,兴森科技,不推送,未入快策略,,2026-06-08,0,common_index_cache,7,28.88,2.43,2.86,3.4,2.86,-0.92,8.09,-3.26,5.53,8.2,intraday_0950,2026-06-08 09:50:00,收在日内高位；站上20日线且不过热；连续上榜确认,当日转弱；量能不足；近5日趋势未确认；弱市先收缩执行；后段人气股在偏弱环境里更谨慎；市场健康度不足，收缩推送；市场健康度偏弱,v2
2026-06-08,,次日已审,低层级强势反哺,普通/不推送走强,low_level_winner,不推送 后来走强，原因反哺：人气Top50、弱市中个股相对抗跌、持续霸榜,46,603986,兆易创新,不推送,未入快策略,,2026-06-08,0,common_index_cache,7,22.86,3.36,4.93,5.43,4.93,1.37,8.6,-1.93,5.07,8.81,intraday_0950,2026-06-08 09:50:00,人气Top50；收在日内高位；站上20日线且不过热；持续霸榜；弱市中个股相对抗跌,当日转弱；量能不足；热度可能进入后段；人气排名明显回落；弱市里的长连榜样本优先降权,v2
2026-06-08,,次日已审,低层级强势反哺,普通/不推送走强,low_level_winner,不推送 后来走强，原因反哺：人气Top50、持续霸榜、站上20日线且不过热,21,600667,太极实业,不推送,未入快策略,,2026-06-08,0,common_index_cache,7,22.16,-0.45,0.26,1.54,0.26,12.46,11.3,12.97,11.81,21.13,intraday_0950,2026-06-08 09:50:00,人气Top50；近5日趋势升温；站上20日线且不过热；持续霸榜,当日转弱；收盘承接偏弱；量能不足；热度可能进入后段；弱市先收缩执行；弱市里的长连榜样本优先降权；v2回避转弱弱收盘样本；v2回避人气转弱样本,v2
2026-06-08,,次日已审,低层级强势反哺,普通/不推送走强,low_level_winner,不推送 后来走强，原因反哺：人气Top50、站上20日线且不过热、近5日趋势升温,50,600869,远东股份,不推送,未入快策略,,2026-06-08,0,common_index_cache,7,21.08,2.18,7.83,9.1,7.83,7.39,18.97,5.09,16.42,22.13,intraday_0950,2026-06-08 09:50:00,人气Top50；近5日趋势升温；站上20日线且不过热,当日转弱；收盘承接偏弱；量能不足；弱市先收缩执行；v2回避转弱弱收盘样本,v2
2026-06-08,,次日已审,低层级强势反哺,普通/不推送走强,low_level_winner,不推送 后来走强，原因反哺：人气Top10、持续霸榜,4,601991,大唐发电,不推送,未入快策略,,2026-06-08,0,common_index_cache,7,20.13,-5.26,1.45,2.37,1.45,5.13,14.87,10.97,21.25,15.39,intraday_0950,2026-06-08 09:50:00,人气Top10；持续霸榜,当日转弱；量能不足；近5日趋势未确认；热度可能进入后段；弱市先收缩执行；弱市里的长连榜样本优先降权；市场健康度不足，收缩推送；市场健康度偏弱；v2回避转弱弱收盘样本,v2
2026-06-08,,次日已审,低层级强势反哺,普通/不推送走强,low_level_winner,不推送 后来走强，原因反哺：弱市中个股相对抗跌、持续霸榜、收盘承接较强,55,002384,东山精密,不推送,未入快策略,,2026-06-08,0,common_index_cache,7,18.43,-0.06,3.44,3.99,3.44,-2.74,10.31,-2.69,10.37,10.31,intraday_0950,2026-06-08 09:50:00,收盘承接较强；近5日趋势升温；持续霸榜；弱市中个股相对抗跌,当日转弱；量能不足；热度可能进入后段；人气排名明显回落；后段人气股在偏弱环境里更谨慎；弱市里的长连榜样本优先降权,v2
2026-06-08,,次日已审,低层级强势反哺,普通/不推送走强,low_level_winner,不推送 后来走强，原因反哺：弱市中个股相对抗跌、收盘承接较强、站上20日线且不过热,53,002491,通鼎互联,不推送,未入快策略,,2026-06-08,0,common_index_cache,7,18.2,6.22,9.51,10.17,9.51,-0.95,-0.66,-6.74,-6.47,10.17,intraday_0950,2026-06-08 09:50:00,收盘承接较强；站上20日线且不过热；连续上榜确认；弱市中个股相对抗跌,当日转弱；量能不足；人气排名明显回落；后段人气股在偏弱环境里更谨慎,v2
2026-06-08,,次日已审,低层级强势反哺,普通/不推送走强,low_level_winner,不推送 后来走强，原因反哺：弱市中个股相对抗跌、持续霸榜、收在日内高位,96,000021,深科技,不推送,未入快策略,,2026-06-08,0,common_index_cache,7,17.24,-1.56,1.97,2.08,1.97,6.78,7.84,8.47,9.55,10.79,intraday_0950,2026-06-08 09:50:00,收在日内高位；持续霸榜；弱市中个股相对抗跌,当日转弱；量能不足；热度可能进入后段；人气排名明显回落；后段人气股在偏弱环境里更谨慎；弱市里的长连榜样本优先降权,v2
2026-06-08,,次日已审,低层级强势反哺,普通/不推送走强,low_level_winner,不推送 后来走强，原因反哺：站上20日线且不过热,66,300433,蓝思科技,不推送,未入快策略,,2026-06-08,0,common_index_cache,7,17.16,-0.69,2.45,3.5,2.45,-2.36,5.19,-1.68,5.92,8.79,intraday_0950,2026-06-08 09:50:00,站上20日线且不过热,当日转弱；量能不足；弱市先收缩执行；后段人气股在偏弱环境里更谨慎,v2
2026-06-08,,次日已审,低层级强势反哺,普通/不推送走强,low_level_winner,不推送 后来走强，原因反哺：人气Top20、持续霸榜、站上20日线且不过热,19,600487,亨通光电,不推送,未入快策略,,2026-06-08,0,common_index_cache,7,16.47,4.69,10.2,10.2,10.2,7.45,4.18,2.64,-0.49,15.41,intraday_0950,2026-06-08 09:50:00,人气Top20；近5日强势延续；站上20日线且不过热；持续霸榜,当日转弱；量能不足；短线涨幅偏高；热度可能进入后段；弱市先收缩执行；弱市里的长连榜样本优先降权；v2回避人气转弱样本,v2
2026-06-08,,次日已审,低层级强势反哺,普通/不推送走强,low_level_winner,不推送 后来走强，原因反哺：弱市中个股相对抗跌、收盘承接较强、站上20日线且不过热,58,600105,永鼎股份,不推送,未入快策略,,2026-06-08,0,common_index_cache,7,15.55,-0.35,4.21,4.69,4.21,-4.16,-1.98,-3.82,-1.64,4.69,intraday_0950,2026-06-08 09:50:00,收盘承接较强；近5日趋势升温；站上20日线且不过热；连续上榜确认；弱市中个股相对抗跌,当日转弱；量能不足；人气排名明显回落；后段人气股在偏弱环境里更谨慎；v2回避后段过热样本,v2
2026-06-08,,次日已审,低层级强势反哺,普通/不推送走强,low_level_winner,不推送 后来走强，原因反哺：弱市中个股相对抗跌、收在日内高位、站上20日线且不过热,80,603078,江化微,不推送,未入快策略,,2026-06-08,0,common_index_cache,7,14.12,5.0,9.68,11.08,9.68,11.9,3.07,6.57,-1.84,16.39,intraday_0950,2026-06-08 09:50:00,收在日内高位；近5日趋势升温；站上20日线且不过热；弱市中个股相对抗跌,当日转弱；量能不足；后段人气股在偏弱环境里更谨慎,v2
2026-06-08,,次日已审,低层级强势反哺,普通/不推送走强,low_level_winner,不推送 后来走强，原因反哺：站上20日线且不过热、近5日趋势升温,73,603938,三孚股份,不推送,未入快策略,,2026-06-08,0,common_index_cache,7,9.37,6.67,7.58,9.19,7.58,16.33,8.03,9.06,1.28,27.8,intraday_0950,2026-06-08 09:50:00,近5日趋势升温；站上20日线且不过热,当日转弱；量能不足；弱市先收缩执行；后段人气股在偏弱环境里更谨慎,v2
2026-06-08,,次日已审,低层级强势反哺,普通/不推送走强,low_level_winner,不推送 后来走强，原因反哺：人气Top50、弱市中个股相对抗跌、当日强涨,37,603859,能科科技,不推送,未入快策略,,2026-06-08,0,common_index_cache,7,4.04,4.51,8.5,9.96,8.5,6.33,6.13,1.75,1.55,18.85,intraday_0950,2026-06-08 09:50:00,人气Top50；当日强涨；收盘承接较强；放量仍可控；近5日趋势升温；站上20日线且不过热；弱市中个股相对抗跌,v2回避中后段放量追高样本,v2
2026-06-08,,次日已审,低层级强势反哺,普通/不推送走强,low_level_winner,不推送 后来走强，原因反哺：人气Top50、人气排名明显上升、弱市中个股相对抗跌,36,600498,烽火通信,不推送,已入快策略,,2026-06-08,0,common_index_cache,7,41.82,3.57,8.84,9.95,8.84,12.8,25.45,8.91,21.12,26.69,intraday_0950,2026-06-08 09:50:00,人气Top50；收盘承接较强；近5日趋势升温；人气排名明显上升；弱市中个股相对抗跌,当日转弱；量能不足,v2
2026-06-08,,次日已审,低层级强势反哺,普通/不推送走强,low_level_winner,不推送 后来走强，原因反哺：弱市中个股相对抗跌、收在日内高位、站上20日线且不过热,84,002585,双星新材,不推送,已入快策略,,2026-06-08,0,common_index_cache,7,22.81,-6.86,0.83,0.83,0.83,2.64,5.29,10.2,13.04,11.4,intraday_0950,2026-06-08 09:50:00,收在日内高位；近5日趋势升温；站上20日线且不过热；连续上榜确认；弱市中个股相对抗跌,人气排名明显回落；后段人气股在偏弱环境里更谨慎,v2
2026-06-08,,次日已审,低层级强势反哺,普通/不推送走强,low_level_winner,不推送 后来走强，原因反哺：人气Top50、人气排名明显上升、弱市中个股相对抗跌,23,603773,沃格光电,不推送,已入快策略,,2026-06-08,0,common_index_cache,7,19.29,-1.62,7.82,7.82,7.82,0.14,-1.41,1.8,0.22,14.03,intraday_0950,2026-06-08 09:50:00,人气Top50；当日上涨；收盘承接较强；近5日趋势升温；持续霸榜；人气排名明显上升；弱市中个股相对抗跌,偏离20日线较大；热度可能进入后段；弱市里的长连榜样本优先降权,v2
2026-06-08,,次日已审,低层级强势反哺,普通/不推送走强,low_level_winner,不推送 后来走强，原因反哺：人气Top50、温和放量、站上20日线且不过热,31,002138,顺络电子,不推送,已入快策略,,2026-06-08,0,common_index_cache,7,17.09,2.09,7.78,7.78,7.78,-2.08,7.9,-4.09,5.69,8.75,intraday_0950,2026-06-08 09:50:00,人气Top50；温和放量；近5日趋势升温；站上20日线且不过热,弱市先收缩执行,v2
2026-06-08,,次日已审,低层级强势反哺,普通/不推送走强,low_level_winner,不推送 后来走强，原因反哺：人气Top20、持续霸榜、站上20日线且不过热,17,001896,豫能控股,不推送,已入快策略,,2026-06-08,0,common_index_cache,7,6.67,-4.02,5.69,5.69,5.69,3.97,11.27,8.32,15.93,15.15,intraday_0950,2026-06-08 09:50:00,人气Top20；近5日趋势升温；站上20日线且不过热；持续霸榜,热度可能进入后段；弱市先收缩执行；弱市里的长连榜样本优先降权,v2
2026-06-08,,次日已审,低层级强势反哺,普通/不推送走强,low_level_winner,不推送 后来走强，原因反哺：人气Top50、人气排名明显上升、站上20日线且不过热,41,002747,埃斯顿,不推送,已入快策略,,2026-06-08,0,common_index_cache,7,5.77,14.79,19.64,19.64,19.64,6.31,5.93,-7.39,-7.72,27.19,intraday_0950,2026-06-08 09:50:00,人气Top50；近5日趋势升温；站上20日线且不过热；人气排名明显上升,弱市先收缩执行,v2
2026-06-05,2026-05-29,次日已审,快策略候选,优先成功,priority_success,下个交易日主盯 后续最高表现达到 18.03%，保留这类命中特征。,61,600226,亨通股份,观察池,下个交易日主盯,102.75,2026-06-04,1,common_index_cache,8,3.99,-22.63,-20.87,-18.76,-20.87,-8.68,-12.08,18.03,13.64,-4.34,intraday_0950,2026-06-05 09:50:00,当日涨停附近；收在日内高位；温和放量；近5日趋势升温；站上20日线且不过热；震荡市里保持相对强势；震荡市里承接未失控,后段人气股在偏弱环境里更谨慎；涨停封板不可买,v2
2026-06-05,2026-05-29,次日已审,快策略候选,优先成功,priority_success,下个交易日主盯 后续最高表现达到 15.48%，保留这类命中特征。,2,600487,亨通光电,观察池,下个交易日主盯,92.83,2026-06-04,1,common_index_cache,8,15.32,-3.84,-0.81,6.32,-0.81,11.04,0.78,15.48,4.81,14.28,intraday_0950,2026-06-05 09:50:00,人气Top3；当日涨停附近；收在日内高位；近5日趋势升温；站上20日线且不过热；持续霸榜；震荡市里保持相对强势；震荡市里承接未失控；v2低分涨停修正,量能不足；热度可能进入后段；Top3高热度拥挤，次日兑现风险；涨停封板不可买,v2
2026-06-05,2026-05-29,次日已审,快策略候选,优先成功,priority_success,下个交易日主盯 后续最高表现达到 18.23%，保留这类命中特征。,81,002421,达实智能,观察池,下个交易日主盯,68.8,2026-06-04,1,common_index_cache,8,-26.49,0.0,9.98,9.98,9.98,4.22,-15.55,4.22,-15.55,18.23,intraday_0950,2026-06-05 09:50:00,当日涨停附近；收在日内高位；近5日强势延续；站上20日线且不过热；持续霸榜；震荡市里保持相对强势；震荡市里承接未失控；v2低分涨停修正,量能不足；短线涨幅偏高；热度可能进入后段；人气排名明显回落；后段人气股在偏弱环境里更谨慎；v2回避后段过热样本；涨停封板不可买,v2
2026-06-05,2026-05-29,次日已审,快策略候选,优先成功,priority_success,下个交易日主盯 后续最高表现达到 16.13%，保留这类命中特征。,40,603330,天洋新材,观察池,下个交易日主盯,64.88,2026-06-04,1,common_index_cache,8,-5.85,-9.36,-9.36,-3.98,-9.36,5.26,-0.12,16.13,10.19,8.54,intraday_0950,2026-06-05 09:50:00,人气Top50；当日涨停附近；收在日内高位；近5日强势延续；站上20日线且不过热；连续上榜确认；震荡市里保持相对强势；震荡市里承接未失控,量能不足；短线涨幅偏高；一字或近似一字，参与点差；一字板不可买,v2
2026-06-05,2026-05-29,次日已审,快策略候选,优先成功,priority_success,下个交易日主盯 后续最高表现达到 43.84%，保留这类命中特征。,77,600353,旭光电子,不推送,下个交易日主盯,61.67,2026-06-04,1,common_index_cache,8,43.84,-5.84,-7.53,-1.51,-7.53,2.52,8.06,8.88,14.76,21.54,intraday_0950,2026-06-05 09:50:00,近5日趋势升温；站上20日线且不过热；震荡市里保持相对强势,后段人气股在偏弱环境里更谨慎,v2
2026-06-05,2026-05-29,次日已审,快策略候选,优先走弱,priority_failed,下个交易日主盯 未兑现，复盘风险项：后段人气股在偏弱环境里更谨慎；涨停封板不可买,70,600408,安泰集团,观察池,下个交易日主盯,105.45,2026-06-04,1,common_index_cache,8,-25.91,-5.01,-5.01,4.18,-5.01,-18.11,-19.78,-13.78,-15.54,4.18,intraday_0950,2026-06-05 09:50:00,当日涨停附近；收在日内高位；温和放量；近5日趋势升温；站上20日线且不过热；震荡市里保持相对强势；震荡市里承接未失控；v2低分涨停修正,后段人气股在偏弱环境里更谨慎；涨停封板不可买,v2
2026-06-05,2026-05-29,次日已审,快策略候选,优先走弱,priority_failed,下个交易日主盯 未兑现，复盘风险项：后段人气股在偏弱环境里更谨慎；涨停封板不可买,98,600868,梅雁吉祥,观察池,下个交易日主盯,100.05,2026-06-04,1,common_index_cache,8,-20.37,-8.2,-12.7,-4.23,-12.7,-20.11,-19.84,-12.97,-12.68,-4.23,intraday_0950,2026-06-05 09:50:00,当日涨停附近；收在日内高位；放量仍可控；近5日趋势升温；站上20日线且不过热；震荡市里保持相对强势；震荡市里承接未失控,后段人气股在偏弱环境里更谨慎；涨停封板不可买,v2
2026-06-05,2026-05-29,次日已审,快策略候选,优先走弱,priority_failed,下个交易日主盯 未兑现，复盘风险项：短线涨幅偏高；偏离20日线较大；涨停封板不可买,30,002951,金时科技,观察池,下个交易日主盯,98.08,2026-06-04,1,common_index_cache,8,-31.1,-14.44,-14.44,-14.44,-14.44,-30.68,-32.89,-18.97,-21.56,-14.44,intraday_0950,2026-06-05 09:50:00,人气Top50；当日涨停附近；收在日内高位；近5日强势延续；人气排名明显上升；震荡市里保持相对强势；震荡市里承接未失控；v2强势延续修正；v2低分涨停修正,短线涨幅偏高；偏离20日线较大；涨停封板不可买,v2
2026-06-05,2026-05-29,次日已审,快策略候选,优先走弱,priority_failed,下个交易日主盯 未兑现，复盘风险项：短线涨幅偏高；偏离20日线较大；后段人气股在偏弱环境里更谨慎；v2回避前段过热样本,99,300319,麦捷科技,不推送,下个交易日主盯,58.7,2026-06-04,1,common_index_cache,8,-0.17,1.38,-0.6,8.85,-0.6,-4.7,-15.49,-6.0,-16.65,8.85,intraday_0950,2026-06-05 09:50:00,当日强涨；收在日内高位；温和放量；近5日强势延续；震荡市里保持相对强势；震荡市里承接未失控,短线涨幅偏高；偏离20日线较大；后段人气股在偏弱环境里更谨慎；v2回避前段过热样本,v2
2026-06-05,2026-05-29,次日已审,快策略候选,暂未强势,neutral,继续等待更多交易日或降低权重。,79,002645,华宏科技,观察池,下个交易日主盯,102.75,2026-06-04,1,common_index_cache,8,3.98,-8.84,-4.5,2.19,-4.5,-3.68,-10.88,5.67,-2.23,4.74,intraday_0950,2026-06-05 09:50:00,当日涨停附近；收在日内高位；温和放量；近5日趋势升温；站上20日线且不过热；震荡市里保持相对强势；震荡市里承接未失控,后段人气股在偏弱环境里更谨慎；涨停封板不可买,v2
2026-06-05,2026-05-29,次日已审,快策略候选,暂未强势,neutral,继续等待更多交易日或降低权重。,65,301123,奕东电子,观察池,下个交易日主盯,98.25,2026-06-04,1,common_index_cache,8,4.81,-4.2,-10.71,-0.73,-10.71,-12.82,-14.8,-9.0,-11.07,-0.73,intraday_0950,2026-06-05 09:50:00,当日涨停附近；收在日内高位；温和放量；近5日趋势升温；震荡市里保持相对强势；震荡市里承接未失控,偏离20日线较大；后段人气股在偏弱环境里更谨慎；涨停封板不可买,v2
2026-06-05,2026-05-29,次日已审,快策略候选,暂未强势,neutral,继续等待更多交易日或降低权重。,8,001896,豫能控股,观察池,下个交易日主盯,97.18,2026-06-04,1,common_index_cache,8,0.79,-7.97,-9.22,-0.42,-9.22,-1.95,0.97,6.54,9.71,3.75,intraday_0950,2026-06-05 09:50:00,人气Top10；当日涨停附近；收在日内高位；近5日强势延续；持续霸榜；震荡市里保持相对强势；震荡市里承接未失控；v2低分涨停修正,量能不足；短线涨幅偏高；偏离20日线较大；热度可能进入后段；涨停封板不可买,v2
2026-06-05,2026-05-29,次日已审,快策略候选,暂未强势,neutral,继续等待更多交易日或降低权重。,37,000100,TCL科技,观察池,下个交易日主盯,95.53,2026-06-04,1,common_index_cache,8,6.89,-2.92,-4.8,0.21,-4.8,-4.38,-5.01,-1.51,-2.15,0.42,intraday_0950,2026-06-05 09:50:00,人气Top50；当日涨停附近；收在日内高位；近5日趋势升温；站上20日线且不过热；连续上榜确认；震荡市里保持相对强势；震荡市里承接未失控；v2强势延续修正；v2低分涨停修正,涨停封板不可买,v2
2026-06-05,2026-05-29,次日已审,快策略候选,暂未强势,neutral,继续等待更多交易日或降低权重。,100,002213,大为股份,不推送,下个交易日主盯,85.85,2026-06-04,1,common_index_cache,8,3.64,-8.48,-9.45,-4.02,-9.45,-8.46,-2.73,0.03,6.29,0.94,intraday_0950,2026-06-05 09:50:00,收在日内高位；温和放量；近5日趋势升温；站上20日线且不过热；震荡市里保持相对强势；震荡市里承接未失控,后段人气股在偏弱环境里更谨慎,v2
2026-06-05,2026-05-29,次日已审,快策略候选,暂未强势,neutral,继续等待更多交易日或降低权重。,5,600667,太极实业,普通观察,下个交易日主盯,81.72,2026-06-04,1,common_index_cache,8,5.78,-14.74,-16.91,-9.12,-16.91,-11.46,-8.68,3.85,7.11,4.89,intraday_0950,2026-06-05 09:50:00,人气Top10；当日上涨；收盘承接较强；近5日趋势升温；站上20日线且不过热；连续上榜确认；人气排名明显上升；震荡市里保持相对强势；震荡市里承接未失控,量能不足,v2
2026-06-05,2026-05-29,次日已审,快策略候选,暂未强势,neutral,继续等待更多交易日或降低权重。,27,002156,通富微电,观察池,下个交易日主盯,81.12,2026-06-04,1,common_index_cache,8,3.81,-2.7,-3.85,-0.26,-3.85,-5.11,-11.63,-2.48,-9.17,0.08,intraday_0950,2026-06-05 09:50:00,人气Top50；当日涨停附近；收在日内高位；近5日趋势升温；站上20日线且不过热；持续霸榜；震荡市里保持相对强势；震荡市里承接未失控,量能不足；热度可能进入后段；人气排名明显回落；涨停封板不可买,v2
2026-06-05,2026-05-29,次日已审,快策略候选,暂未强势,neutral,继续等待更多交易日或降低权重。,63,600549,厦门钨业,不推送,下个交易日主盯,79.2,2026-06-04,1,common_index_cache,8,4.07,-24.69,-24.09,-19.26,-24.09,-18.45,-16.58,8.29,10.77,-9.72,intraday_0950,2026-06-05 09:50:00,当日上涨；收在日内高位；温和放量；近5日趋势升温；站上20日线且不过热；震荡市里保持相对强势；震荡市里承接未失控,后段人气股在偏弱环境里更谨慎；v2回避中后段放量追高样本,v2
2026-06-05,2026-05-29,次日已审,快策略候选,暂未强势,neutral,继续等待更多交易日或降低权重。,7,002491,通鼎互联,不推送,下个交易日主盯,76.55,2026-06-04,1,common_index_cache,8,6.41,-17.12,-6.97,-1.11,-6.97,-9.97,-15.75,8.63,1.65,-0.82,intraday_0950,2026-06-05 09:50:00,人气Top10；当日上涨；近5日趋势升温；站上20日线且不过热；连续上榜确认；人气排名明显上升；震荡市里保持相对强势,量能不足,v2
2026-06-05,2026-05-29,次日已审,快策略候选,暂未强势,neutral,继续等待更多交易日或降低权重。,18,000733,振华科技,不推送,下个交易日主盯,74.53,2026-06-04,1,common_index_cache,8,3.9,-5.27,-9.81,-2.59,-9.81,-8.7,-15.71,-3.62,-11.02,-2.59,intraday_0950,2026-06-05 09:50:00,人气Top20；当日上涨；收盘承接较强；近5日趋势升温；站上20日线且不过热；人气排名明显上升；震荡市里保持相对强势；震荡市里承接未失控,量能不足,v2
2026-06-05,2026-05-29,次日已审,快策略候选,暂未强势,neutral,继续等待更多交易日或降低权重。,6,000636,风华高科,不推送,下个交易日主盯,74.53,2026-06-04,1,common_index_cache,8,1.58,-19.41,-23.84,-17.71,-23.84,-17.97,-18.91,1.79,0.61,-8.79,intraday_0950,2026-06-05 09:50:00,人气Top10；收在日内高位；近5日趋势升温；持续霸榜；人气排名明显上升；震荡市里保持相对强势；震荡市里承接未失控,量能不足；偏离20日线较大；热度可能进入后段,v2
2026-06-05,2026-05-29,次日已审,快策略候选,暂未强势,neutral,继续等待更多交易日或降低权重。,1,000725,京东方A,普通观察,下个交易日主盯,66.12,2026-06-04,1,common_index_cache,8,5.5,1.89,-1.1,5.97,-1.1,-5.19,-12.42,-6.94,-14.04,5.97,intraday_0950,2026-06-05 09:50:00,人气Top3；当日上涨；收盘承接较强；近5日趋势升温；站上20日线且不过热；持续霸榜；震荡市里保持相对强势；震荡市里承接未失控,量能不足；热度可能进入后段；Top3高热度拥挤，次日兑现风险,v2
2026-06-05,2026-05-29,次日已审,快策略候选,暂未强势,neutral,继续等待更多交易日或降低权重。,82,300285,国瓷材料,不推送,下个交易日主盯,65.05,2026-06-04,1,common_index_cache,8,8.28,-14.4,-20.54,-10.34,-20.54,-15.68,-22.3,-1.5,-9.23,-7.75,intraday_0950,2026-06-05 09:50:00,当日上涨；收盘承接较强；近5日趋势升温；站上20日线且不过热；震荡市里保持相对强势；震荡市里承接未失控,量能不足；人气排名明显回落；后段人气股在偏弱环境里更谨慎,v2
2026-06-05,2026-05-29,次日已审,快策略候选,暂未强势,neutral,继续等待更多交易日或降低权重。,22,603986,兆易创新,不推送,下个交易日主盯,63.42,2026-06-04,1,common_index_cache,8,9.03,-14.21,-11.81,-8.71,-11.81,-10.54,-10.42,4.28,4.42,-5.12,intraday_0950,2026-06-05 09:50:00,人气Top50；当日上涨；收在日内高位；近5日趋势升温；站上20日线且不过热；持续霸榜；人气排名明显上升；震荡市里保持相对强势；震荡市里承接未失控,量能不足；热度可能进入后段,v2
2026-06-05,2026-05-29,次日已审,快策略候选,暂未强势,neutral,继续等待更多交易日或降低权重。,38,600105,永鼎股份,不推送,下个交易日主盯,63.42,2026-06-04,1,common_index_cache,8,8.68,-10.46,-8.72,-2.17,-8.72,-9.91,-11.65,0.62,-1.33,-1.53,intraday_0950,2026-06-05 09:50:00,人气Top50；当日上涨；收在日内高位；近5日趋势升温；站上20日线且不过热；连续上榜确认；震荡市里保持相对强势；震荡市里承接未失控,量能不足,v2
2026-06-05,2026-05-29,次日已审,快策略候选,暂未强势,neutral,继续等待更多交易日或降低权重。,19,002185,华天科技,不推送,下个交易日主盯,63.42,2026-06-04,1,common_index_cache,8,3.42,-8.25,-8.9,-4.83,-8.9,-7.11,-12.81,1.24,-4.97,-3.58,intraday_0950,2026-06-05 09:50:00,人气Top20；当日强涨；收在日内高位；站上20日线且不过热；持续霸榜；震荡市里保持相对强势；震荡市里承接未失控,量能不足；热度可能进入后段,v2
2026-06-05,2026-05-29,次日已审,快策略候选,暂未强势,neutral,继续等待更多交易日或降低权重。,12,600522,中天科技,不推送,下个交易日主盯,62.53,2026-06-04,1,common_index_cache,8,2.87,-17.57,-7.21,-5.06,-7.21,-5.96,-8.95,14.09,10.45,2.06,intraday_0950,2026-06-05 09:50:00,人气Top20；当日上涨；收盘承接较强；近5日趋势升温；站上20日线且不过热；持续霸榜；震荡市里保持相对强势；震荡市里承接未失控,量能不足；热度可能进入后段,v2
2026-06-05,2026-05-29,次日已审,快策略候选,暂未强势,neutral,继续等待更多交易日或降低权重。,16,002463,沪电股份,不推送,下个交易日主盯,61.62,2026-06-04,1,common_index_cache,8,1.1,-13.77,-5.49,-3.42,-5.49,-9.91,-13.63,4.48,0.16,-1.83,intraday_0950,2026-06-05 09:50:00,人气Top20；当日上涨；收在日内高位；站上20日线且不过热；持续霸榜；人气排名明显上升；震荡市里保持相对强势；震荡市里承接未失控,量能不足；热度可能进入后段,v2
2026-06-05,2026-05-29,次日已审,快策略候选,暂未强势,neutral,继续等待更多交易日或降低权重。,34,601869,长飞光纤,不推送,下个交易日主盯,60.73,2026-06-04,1,common_index_cache,8,5.72,-6.79,1.08,6.13,1.08,3.93,0.21,11.5,7.51,13.64,intraday_0950,2026-06-05 09:50:00,人气Top50；当日上涨；收盘承接较强；近5日趋势升温；站上20日线且不过热；连续上榜确认；震荡市里保持相对强势；震荡市里承接未失控,量能不足,v2
2026-06-05,2026-05-29,次日已审,快策略候选,暂未强势,neutral,继续等待更多交易日或降低权重。,96,300502,新易盛,不推送,下个交易日主盯,59.35,2026-06-04,1,common_index_cache,8,11.22,1.12,3.1,5.95,3.1,9.86,0.97,8.65,-0.15,14.63,intraday_0950,2026-06-05 09:50:00,当日上涨；收在日内高位；近5日趋势升温；站上20日线且不过热；连续上榜确认；震荡市里保持相对强势；震荡市里承接未失控,量能不足；人气排名明显回落；后段人气股在偏弱环境里更谨慎,v2
2026-06-05,2026-05-29,次日已审,快策略候选,暂未强势,neutral,继续等待更多交易日或降低权重。,71,603011,合锻智能,不推送,下个交易日主盯,55.75,2026-06-04,1,common_index_cache,8,2.48,-10.89,-15.42,-6.33,-15.42,-9.06,-11.32,2.05,-0.48,0.03,intraday_0950,2026-06-05 09:50:00,收在日内高位；近5日趋势升温；站上20日线且不过热；持续霸榜；震荡市里保持相对强势；震荡市里承接未失控,量能不足；热度可能进入后段；后段人气股在偏弱环境里更谨慎,v2
2026-06-05,,次日已审,低层级强势反哺,普通/不推送走强,low_level_winner,不推送 后来走强，原因反哺：当日上涨、近5日强势延续,64,688146,中船特气,不推送,未入快策略,,2026-06-05,0,common_index_cache,8,47.59,0.28,9.48,15.27,9.48,26.87,31.13,26.52,30.76,51.98,intraday_0950,2026-06-05 09:50:00,当日上涨；近5日强势延续,量能不足；短线涨幅偏高；远离20日线过多；弱市先收缩执行；后段人气股在偏弱环境里更谨慎；v2回避人气转弱样本；v2回避前段过热样本,v2
2026-06-05,,次日已审,低层级强势反哺,普通/不推送走强,low_level_winner,不推送 后来走强，原因反哺：温和放量、近5日趋势升温,62,301319,唯特偶,不推送,未入快策略,,2026-06-05,0,common_index_cache,8,37.35,-5.04,19.8,20.0,19.8,9.63,14.1,15.45,20.16,27.87,intraday_0950,2026-06-05 09:50:00,温和放量；近5日趋势升温,当日转弱；收盘承接偏弱；偏离20日线较大；弱市先收缩执行；后段人气股在偏弱环境里更谨慎；v2回避转弱弱收盘样本,v2
2026-06-05,,次日已审,低层级强势反哺,普通/不推送走强,low_level_winner,不推送 后来走强，原因反哺：站上20日线且不过热、近5日趋势升温、连续上榜确认,72,601208,东材科技,不推送,未入快策略,,2026-06-05,0,common_index_cache,8,30.6,-6.65,-3.3,0.75,-3.3,11.24,8.94,19.17,16.7,16.56,intraday_0950,2026-06-05 09:50:00,近5日趋势升温；站上20日线且不过热；连续上榜确认,当日转弱；量能不足；弱市先收缩执行；后段人气股在偏弱环境里更谨慎；v2回避人气转弱样本,v2
2026-06-05,,次日已审,低层级强势反哺,普通/不推送走强,low_level_winner,不推送 后来走强，原因反哺：人气Top50、人气排名明显上升、当日上涨,21,002585,双星新材,不推送,未入快策略,,2026-06-05,0,common_index_cache,8,21.31,-10.78,-9.47,0.41,-9.47,9.55,-5.47,22.78,5.95,10.04,intraday_0950,2026-06-05 09:50:00,人气Top50；当日上涨；温和放量；近5日趋势升温；站上20日线且不过热；人气排名明显上升,收盘承接偏弱；弱市先收缩执行,v2
2026-06-05,,次日已审,低层级强势反哺,普通/不推送走强,low_level_winner,不推送 后来走强，原因反哺：人气Top50、近5日趋势升温、连续上榜确认,50,603678,火炬电子,不推送,未入快策略,,2026-06-05,0,common_index_cache,8,17.0,-2.64,-4.87,10.44,-4.87,-5.54,-2.4,-2.98,0.24,10.44,intraday_0950,2026-06-05 09:50:00,人气Top50；近5日趋势升温；连续上榜确认,当日转弱；收盘承接偏弱；量能不足；偏离20日线较大；弱市先收缩执行；v2回避转弱弱收盘样本；v2回避后段过热样本,v2
2026-06-05,,次日已审,低层级强势反哺,普通/不推送走强,low_level_winner,不推送 后来走强，原因反哺：人气Top20、弱市中个股相对抗跌、当日上涨,15,600367,红星发展,不推送,未入快策略,,2026-06-05,0,common_index_cache,8,15.96,-1.0,7.29,9.65,7.29,19.58,7.7,20.78,8.78,19.98,intraday_0950,2026-06-05 09:50:00,人气Top20；当日上涨；收盘承接较强；连续上榜确认；弱市中个股相对抗跌,短线涨幅过热；远离20日线过多,v2
2026-06-05,,次日已审,低层级强势反哺,普通/不推送走强,low_level_winner,不推送 后来走强，原因反哺：人气Top50、人气排名明显上升、站上20日线且不过热,39,605358,立昂微,不推送,未入快策略,,2026-06-05,0,common_index_cache,8,6.92,-5.08,-2.5,4.19,-2.5,10.76,-0.39,16.69,4.94,16.91,intraday_0950,2026-06-05 09:50:00,人气Top50；近5日趋势升温；站上20日线且不过热；人气排名明显上升,当日转弱；收盘承接偏弱；量能不足；弱市先收缩执行；v2回避转弱弱收盘样本,v2
2026-06-05,,次日已审,低层级强势反哺,普通/不推送走强,low_level_winner,不推送 后来走强，原因反哺：近5日强势延续、连续上榜确认,67,000657,中钨高新,不推送,未入快策略,,2026-06-05,0,common_index_cache,8,0.52,-25.9,-23.75,-18.9,-23.75,-18.15,-11.31,10.45,19.7,-5.33,intraday_0950,2026-06-05 09:50:00,近5日强势延续；连续上榜确认,当日转弱；收盘承接偏弱；量能不足；短线涨幅偏高；偏离20日线较大；人气排名明显回落；弱市先收缩执行；后段人气股在偏弱环境里更谨慎；v2回避转弱弱收盘样本；v2回避人气转弱样本；v2回避前段过热样本,v2
2026-06-05,,次日已审,低层级强势反哺,普通/不推送走强,low_level_winner,不推送 后来走强，原因反哺：人气Top50、持续霸榜、站上20日线且不过热,32,603890,春秋电子,不推送,未入快策略,,2026-06-05,0,common_index_cache,8,0.4,15.57,12.53,17.65,12.53,-5.56,-8.6,-18.28,-20.91,17.65,intraday_0950,2026-06-05 09:50:00,人气Top50；站上20日线且不过热；持续霸榜,当日转弱；量能不足；热度可能进入后段；弱市先收缩执行；弱市里的长连榜样本优先降权；v2回避人气转弱样本,v2
2026-06-05,,次日已审,低层级强势反哺,普通/不推送走强,low_level_winner,不推送 后来走强，原因反哺：人气Top50、当日上涨、持续霸榜,47,600183,生益科技,不推送,未入快策略,,2026-06-05,0,common_index_cache,8,-3.46,-32.48,-28.16,-24.78,-28.16,-21.28,-18.93,16.59,20.06,-12.85,intraday_0950,2026-06-05 09:50:00,人气Top50；当日上涨；近5日强势延续；持续霸榜,量能不足；短线涨幅偏高；远离20日线过多；热度可能进入后段；弱市先收缩执行；弱市里的长连榜样本优先降权；v2回避后段过热样本,v2
2026-06-05,,次日已审,低层级强势反哺,普通/不推送走强,low_level_winner,不推送 后来走强，原因反哺：持续霸榜,55,002081,金螳螂,不推送,未入快策略,,2026-06-05,0,common_index_cache,8,-7.2,11.28,5.64,14.4,5.64,15.56,-2.14,3.85,-12.06,15.56,intraday_0950,2026-06-05 09:50:00,持续霸榜,当日转弱；收盘承接偏弱；量能不足；近5日趋势未确认；仍在20日线下方；热度可能进入后段；弱市先收缩执行；后段人气股在偏弱环境里更谨慎；弱市里的长连榜样本优先降权；市场健康度不足，收缩推送；市场健康度偏弱；v2回避转弱弱收盘样本；v2回避人气转弱样本,v2
2026-06-05,,次日已审,低层级强势反哺,普通/不推送走强,low_level_winner,不推送 后来走强，原因反哺：站上20日线且不过热、近5日趋势升温,77,600353,旭光电子,不推送,已入快策略,,2026-06-05,0,common_index_cache,8,43.84,-5.84,-7.53,-1.51,-7.53,2.52,8.06,8.88,14.76,21.54,intraday_0950,2026-06-05 09:50:00,近5日趋势升温；站上20日线且不过热,弱市先收缩执行；后段人气股在偏弱环境里更谨慎,v2
2026-06-05,,次日已审,低层级强势反哺,普通/不推送走强,low_level_winner,不推送 后来走强，原因反哺：人气Top3、持续霸榜、站上20日线且不过热,2,600487,亨通光电,不推送,已入快策略,,2026-06-05,0,common_index_cache,8,15.32,-3.84,-0.81,6.32,-0.81,11.04,0.78,15.48,4.81,14.28,intraday_0950,2026-06-05 09:50:00,人气Top3；近5日趋势升温；站上20日线且不过热；持续霸榜,当日转弱；量能不足；热度可能进入后段；弱市先收缩执行；弱市里的长连榜样本优先降权；Top3高热度拥挤，次日兑现风险；v2回避转弱弱收盘样本,v2
2026-06-05,,次日已审,低层级强势反哺,普通/不推送走强,low_level_winner,不推送 后来走强，原因反哺：当日上涨、温和放量、近5日强势延续,61,600226,亨通股份,不推送,已入快策略,,2026-06-05,0,common_index_cache,8,3.99,-22.63,-20.87,-18.76,-20.87,-8.68,-12.08,18.03,13.64,-4.34,intraday_0950,2026-06-05 09:50:00,当日上涨；温和放量；近5日强势延续,短线涨幅偏高；偏离20日线较大；弱市先收缩执行；后段人气股在偏弱环境里更谨慎；v2回避前段过热样本,v2
2026-06-04,2026-05-28,次日已审,快策略候选,优先成功,priority_success,下个交易日主盯 后续最高表现达到 15.32%，保留这类命中特征。,2,600487,亨通光电,观察池,下个交易日主盯,101.68,2026-06-03,1,common_index_cache,9,15.32,-0.26,-0.14,6.97,-0.14,9.11,6.39,9.4,6.67,14.28,intraday_0950,2026-06-04 09:50:00,人气Top3；当日涨停附近；收在日内高位；近5日强势延续；站上20日线且不过热；持续霸榜；震荡市里保持相对强势；震荡市里承接未失控；v2低分涨停修正,量能不足；短线涨幅偏高；热度可能进入后段；Top3高热度拥挤，次日兑现风险；涨停封板不可买,v2
2026-06-04,2026-05-28,次日已审,快策略候选,优先成功,priority_success,下个交易日主盯 后续最高表现达到 21.05%，保留这类命中特征。,47,603330,天洋新材,观察池,下个交易日主盯,98.67,2026-06-03,1,common_index_cache,9,-5.85,18.71,0.7,21.05,0.7,-0.23,3.39,-15.96,-12.91,21.05,intraday_0950,2026-06-04 09:50:00,人气Top50；当日涨停附近；收在日内高位；近5日强势延续；站上20日线且不过热；连续上榜确认；人气排名明显上升；震荡市里保持相对强势；震荡市里承接未失控,量能不足；短线涨幅偏高；一字或近似一字，参与点差；一字板不可买,v2
2026-06-04,2026-05-28,次日已审,快策略候选,优先成功,priority_success,下个交易日主盯 后续最高表现达到 21.26%，保留这类命中特征。,34,600105,永鼎股份,不推送,下个交易日主盯,88.33,2026-06-03,1,common_index_cache,9,21.26,3.96,6.5,14.76,6.5,9.36,0.58,5.2,-3.25,14.76,intraday_0950,2026-06-04 09:50:00,人气Top50；当日强涨；收盘承接较强；近5日趋势升温；站上20日线且不过热；连续上榜确认；震荡市里保持相对强势；震荡市里承接未失控,量能不足,v2
2026-06-04,2026-05-28,次日已审,快策略候选,优先成功,priority_success,下个交易日主盯 后续最高表现达到 20.85%，保留这类命中特征。,13,600522,中天科技,不推送,下个交易日主盯,86.53,2026-06-03,1,common_index_cache,9,2.87,-15.55,-13.69,-7.51,-13.69,2.06,-7.7,20.85,9.29,2.06,intraday_0950,2026-06-04 09:50:00,人气Top20；当日上涨；收盘承接较强；近5日趋势升温；站上20日线且不过热；持续霸榜；震荡市里保持相对强势；震荡市里承接未失控,量能不足；热度可能进入后段,v2
2026-06-04,2026-05-28,次日已审,快策略候选,优先成功,priority_success,下个交易日主盯 后续最高表现达到 26.54%，保留这类命中特征。,21,600367,红星发展,不推送,下个交易日主盯,86.08,2026-06-03,1,common_index_cache,9,22.3,4.2,6.02,10.69,6.02,18.98,15.72,14.18,11.06,26.54,intraday_0950,2026-06-04 09:50:00,人气Top50；当日强涨；收盘承接较强；温和放量；近5日强势延续；连续上榜确认；震荡市里保持相对强势；震荡市里承接未失控,短线涨幅偏高；远离20日线过多,v2
2026-06-04,2026-05-28,次日已审,快策略候选,优先成功,priority_success,下个交易日主盯 后续最高表现达到 20.95%，保留这类命中特征。,46,600403,大有能源,观察池,下个交易日主盯,70.33,2026-06-03,1,common_index_cache,9,-15.95,0.0,10.0,10.0,10.0,8.92,8.78,8.92,8.78,20.95,intraday_0950,2026-06-04 09:50:00,人气Top50；当日涨停附近；收在日内高位；连续上榜确认；人气排名明显上升；震荡市里保持相对强势；震荡市里承接未失控,量能不足；短线涨幅过热；偏离20日线较大；一字或近似一字，参与点差；一字板不可买,v2
2026-06-04,2026-05-28,次日已审,快策略候选,优先走弱,priority_failed,下个交易日主盯 未兑现，复盘风险项：涨停封板不可买,28,002137,实益达,观察池,下个交易日主盯,122.0,2026-06-03,1,common_index_cache,9,-2.31,-1.54,-0.48,5.29,-0.48,3.75,-4.71,5.37,-3.22,14.13,intraday_0950,2026-06-04 09:50:00,人气Top50；当日涨停附近；收在日内高位；温和放量；近5日趋势升温；站上20日线且不过热；连续上榜确认；人气排名明显上升；震荡市里保持相对强势；震荡市里承接未失控；v2强势延续修正；v2连榜升温修正；v2低分涨停修正,涨停封板不可买,v2
2026-06-04,2026-05-28,次日已审,快策略候选,优先走弱,priority_failed,下个交易日主盯 未兑现，复盘风险项：量能不足；短线涨幅偏高；偏离20日线较大；涨停封板不可买,5,001896,豫能控股,观察池,下个交易日主盯,110.08,2026-06-03,1,common_index_cache,9,-1.49,4.16,-10.0,8.83,-10.0,-2.4,-3.98,-6.3,-7.82,8.83,intraday_0950,2026-06-04 09:50:00,人气Top10；当日涨停附近；收在日内高位；近5日强势延续；连续上榜确认；人气排名明显上升；震荡市里保持相对强势；震荡市里承接未失控,量能不足；短线涨幅偏高；偏离20日线较大；涨停封板不可买,v2
2026-06-04,2026-05-28,次日已审,快策略候选,优先走弱,priority_failed,下个交易日主盯 未兑现，复盘风险项：短线涨幅偏高,22,600121,郑州煤电,普通观察,下个交易日主盯,93.28,2026-06-03,1,common_index_cache,9,-22.24,3.68,-4.04,7.17,-4.04,-10.85,-18.01,-14.01,-20.92,7.17,intraday_0950,2026-06-04 09:50:00,人气Top50；收盘承接较强；温和放量；近5日强势延续；站上20日线且不过热；连续上榜确认；人气排名明显上升；震荡市里保持相对强势；震荡市里承接未失控；v2连榜升温修正,短线涨幅偏高,v2
2026-06-04,2026-05-28,次日已审,快策略候选,优先走弱,priority_failed,下个交易日主盯 未兑现，复盘风险项：放量过猛；短线涨幅偏高；偏离20日线较大；涨停封板不可买,25,600255,鑫科材料,观察池,下个交易日主盯,89.78,2026-06-03,1,common_index_cache,9,-9.52,-6.83,-7.04,-1.24,-7.04,-7.66,-11.59,-0.89,-5.11,0.0,intraday_0950,2026-06-04 09:50:00,人气Top50；当日涨停附近；收在日内高位；近5日强势延续；连续上榜确认；人气排名明显上升；震荡市里保持相对强势；震荡市里承接未失控；v2低分涨停修正,放量过猛；短线涨幅偏高；偏离20日线较大；涨停封板不可买,v2
2026-06-04,2026-05-28,次日已审,快策略候选,优先走弱,priority_failed,下个交易日主盯 未兑现，复盘风险项：量能不足；热度可能进入后段,12,300308,中际旭创,不推送,下个交易日主盯,87.42,2026-06-03,1,common_index_cache,9,-0.36,-0.59,-7.87,1.62,-7.87,-7.87,-12.24,-7.32,-11.72,1.62,intraday_0950,2026-06-04 09:50:00,人气Top20；收在日内高位；近5日趋势升温；站上20日线且不过热；持续霸榜；人气排名明显上升；震荡市里保持相对强势；震荡市里承接未失控,量能不足；热度可能进入后段,v2
2026-06-04,2026-05-28,次日已审,快策略候选,优先走弱,priority_failed,下个交易日主盯 未兑现，复盘风险项：量能不足,26,601869,长飞光纤,不推送,下个交易日主盯,84.72,2026-06-03,1,common_index_cache,9,-0.51,-1.49,-4.57,5.24,-4.57,4.64,-4.39,6.22,-2.95,6.95,intraday_0950,2026-06-04 09:50:00,人气Top50；当日上涨；收盘承接较强；近5日趋势升温；站上20日线且不过热；连续上榜确认；震荡市里保持相对强势；震荡市里承接未失控,量能不足,v2
2026-06-04,2026-05-28,次日已审,快策略候选,优先走弱,priority_failed,下个交易日主盯 未兑现，复盘风险项：量能不足；后段人气股在偏弱环境里更谨慎；涨停封板不可买,57,300394,天孚通信,观察池,下个交易日主盯,76.38,2026-06-03,1,common_index_cache,9,-34.3,-31.27,-34.98,-28.58,-34.98,-36.84,-41.35,-8.1,-14.66,-28.58,intraday_0950,2026-06-04 09:50:00,当日涨停附近；近5日趋势升温；站上20日线且不过热；连续上榜确认；人气排名明显上升；震荡市里保持相对强势,量能不足；后段人气股在偏弱环境里更谨慎；涨停封板不可买,v2
2026-06-04,2026-05-28,次日已审,快策略候选,优先走弱,priority_failed,下个交易日主盯 未兑现，复盘风险项：量能不足；热度可能进入后段,8,000725,京东方A,不推送,下个交易日主盯,69.55,2026-06-03,1,common_index_cache,9,0.0,-8.94,-4.17,0.89,-4.17,-2.83,-13.11,6.71,-4.58,0.89,intraday_0950,2026-06-04 09:50:00,人气Top10；当日上涨；站上20日线且不过热；持续霸榜；震荡市里保持相对强势,量能不足；热度可能进入后段,v2
2026-06-04,2026-05-28,次日已审,快策略候选,优先走弱,priority_failed,下个交易日主盯 未兑现，复盘风险项：仍在20日线下方；后段人气股在偏弱环境里更谨慎；涨停封板不可买,64,600103,青山纸业,观察池,下个交易日主盯,68.85,2026-06-03,1,common_index_cache,9,-11.79,-3.93,-5.41,-1.97,-5.41,-7.62,-13.76,-3.84,-10.23,-1.97,intraday_0950,2026-06-04 09:50:00,当日涨停附近；收在日内高位；放量仍可控；近5日趋势升温；震荡市里保持相对强势；震荡市里承接未失控,仍在20日线下方；后段人气股在偏弱环境里更谨慎；涨停封板不可买,v2
2026-06-04,2026-05-28,次日已审,快策略候选,暂未强势,neutral,继续等待更多交易日或降低权重。,23,000100,TCL科技,观察池,下个交易日主盯,120.43,2026-06-03,1,common_index_cache,9,6.89,0.21,0.21,5.64,0.21,-0.42,-5.85,-0.63,-6.04,5.64,intraday_0950,2026-06-04 09:50:00,人气Top50；当日涨停附近；收在日内高位；温和放量；近5日趋势升温；站上20日线且不过热；连续上榜确认；人气排名明显上升；震荡市里保持相对强势；震荡市里承接未失控,涨停封板不可买,v2
2026-06-04,2026-05-28,次日已审,快策略候选,暂未强势,neutral,继续等待更多交易日或降低权重。,4,002156,通富微电,观察池,下个交易日主盯,110.53,2026-06-03,1,common_index_cache,9,3.81,9.34,3.23,9.67,3.23,-0.49,-7.2,-9.0,-15.13,9.67,intraday_0950,2026-06-04 09:50:00,人气Top10；当日涨停附近；收在日内高位；站上20日线且不过热；持续霸榜；人气排名明显上升；震荡市里保持相对强势；震荡市里承接未失控,量能不足；热度可能进入后段；涨停封板不可买,v2
2026-06-04,2026-05-28,次日已审,快策略候选,暂未强势,neutral,继续等待更多交易日或降低权重。,49,300747,锐科激光,观察池,下个交易日主盯,95.03,2026-06-03,1,common_index_cache,9,14.92,-3.35,-3.08,2.47,-3.08,-5.54,2.2,-2.27,5.74,5.23,intraday_0950,2026-06-04 09:50:00,人气Top50；当日涨停附近；收盘承接较强；温和放量；近5日趋势升温；站上20日线且不过热；震荡市里保持相对强势；震荡市里承接未失控；v2低分涨停修正,涨停封板不可买,v2
2026-06-04,2026-05-28,次日已审,快策略候选,暂未强势,neutral,继续等待更多交易日或降低权重。,71,301366,一博科技,观察池,下个交易日主盯,89.45,2026-06-03,1,common_index_cache,9,7.46,-7.13,-10.62,-4.54,-10.62,-13.16,-15.75,-6.5,-9.28,-4.54,intraday_0950,2026-06-04 09:50:00,当日涨停附近；收在日内高位；温和放量；近5日趋势升温；站上20日线且不过热；震荡市里保持相对强势；震荡市里承接未失控；v2低分涨停修正,后段人气股在偏弱环境里更谨慎；涨停封板不可买,v2
2026-06-04,2026-05-28,次日已审,快策略候选,暂未强势,neutral,继续等待更多交易日或降低权重。,18,002384,东山精密,普通观察,下个交易日主盯,89.22,2026-06-03,1,common_index_cache,9,6.6,-3.71,-8.13,0.33,-8.13,-6.89,-12.46,-3.31,-9.09,0.33,intraday_0950,2026-06-04 09:50:00,人气Top20；当日强涨；收在日内高位；近5日趋势升温；站上20日线且不过热；持续霸榜；震荡市里保持相对强势；震荡市里承接未失控,量能不足；热度可能进入后段；v2回避非封板高位追涨样本,v2
2026-06-04,2026-05-28,次日已审,快策略候选,暂未强势,neutral,继续等待更多交易日或降低权重。,97,002171,楚江新材,观察池,下个交易日主盯,86.75,2026-06-03,1,common_index_cache,9,8.7,-7.97,-6.88,-3.84,-6.88,-2.61,-6.67,5.83,1.42,-2.39,intraday_0950,2026-06-04 09:50:00,当日涨停附近；收在日内高位；温和放量；近5日趋势升温；站上20日线且不过热；震荡市里保持相对强势；震荡市里承接未失控,后段人气股在偏弱环境里更谨慎；涨停封板不可买,v2
2026-06-04,2026-05-28,次日已审,快策略候选,暂未强势,neutral,继续等待更多交易日或降低权重。,6,600584,长电科技,不推送,下个交易日主盯,85.62,2026-06-03,1,common_index_cache,9,6.58,3.85,-1.38,4.84,-1.38,-1.85,-6.21,-5.49,-9.68,4.84,intraday_0950,2026-06-04 09:50:00,人气Top10；当日强涨；收在日内高位；站上20日线且不过热；持续霸榜；震荡市里保持相对强势；震荡市里承接未失控,量能不足；近5日趋势未确认；热度可能进入后段；v2回避非封板高位追涨样本,v2
2026-06-04,2026-05-28,次日已审,快策略候选,暂未强势,neutral,继续等待更多交易日或降低权重。,14,002185,华天科技,不推送,下个交易日主盯,85.62,2026-06-03,1,common_index_cache,9,3.42,2.93,-1.95,3.91,-1.95,-4.34,-9.07,-7.07,-11.66,3.91,intraday_0950,2026-06-04 09:50:00,人气Top20；当日强涨；收在日内高位；站上20日线且不过热；持续霸榜；震荡市里保持相对强势；震荡市里承接未失控,量能不足；近5日趋势未确认；热度可能进入后段,v2
2026-06-04,2026-05-28,次日已审,快策略候选,暂未强势,neutral,继续等待更多交易日或降低权重。,93,603311,金海高科,观察池,下个交易日主盯,76.95,2026-06-03,1,common_index_cache,9,4.83,-1.01,6.2,6.9,6.2,-0.05,1.04,0.97,2.07,6.9,intraday_0950,2026-06-04 09:50:00,当日涨停附近；收在日内高位；温和放量；近5日趋势升温；震荡市里保持相对强势；震荡市里承接未失控；v2低分涨停修正,偏离20日线较大；后段人气股在偏弱环境里更谨慎；涨停封板不可买,v2
2026-06-04,2026-05-28,次日已审,快策略候选,暂未强势,neutral,继续等待更多交易日或降低权重。,74,002851,麦格米特,不推送,下个交易日主盯,72.95,2026-06-03,1,common_index_cache,9,2.54,-11.15,-16.03,-9.02,-16.03,-7.26,-20.09,4.37,-10.06,-6.21,intraday_0950,2026-06-04 09:50:00,当日上涨；收在日内高位；近5日趋势升温；站上20日线且不过热；连续上榜确认；震荡市里保持相对强势；震荡市里承接未失控,人气排名明显回落；后段人气股在偏弱环境里更谨慎,v2
2026-06-04,2026-05-28,次日已审,快策略候选,暂未强势,neutral,继续等待更多交易日或降低权重。,16,600172,黄河旋风,不推送,下个交易日主盯,72.92,2026-06-03,1,common_index_cache,9,2.7,10.19,3.71,13.13,3.71,-0.77,-8.73,-9.95,-17.17,13.13,intraday_0950,2026-06-04 09:50:00,人气Top20；当日上涨；收盘承接较强；站上20日线且不过热；连续上榜确认；人气排名明显上升；震荡市里保持相对强势；震荡市里承接未失控,量能不足；近5日趋势未确认,v2
2026-06-04,2026-05-28,次日已审,快策略候选,暂未强势,neutral,继续等待更多交易日或降低权重。,39,603986,兆易创新,不推送,下个交易日主盯,72.03,2026-06-03,1,common_index_cache,9,9.03,-5.67,-9.21,-3.29,-9.21,-6.88,-10.05,-1.28,-4.64,-3.29,intraday_0950,2026-06-04 09:50:00,人气Top50；当日上涨；收在日内高位；站上20日线且不过热；持续霸榜；人气排名明显上升；震荡市里保持相对强势；震荡市里承接未失控,量能不足；热度可能进入后段,v2
2026-06-04,2026-05-28,次日已审,快策略候选,暂未强势,neutral,继续等待更多交易日或降低权重。,31,002281,光迅科技,不推送,下个交易日主盯,72.03,2026-06-03,1,common_index_cache,9,6.58,-3.12,0.23,5.12,0.23,-7.41,-9.54,-4.43,-6.62,5.12,intraday_0950,2026-06-04 09:50:00,人气Top50；收在日内高位；近5日趋势升温；站上20日线且不过热；持续霸榜；震荡市里保持相对强势；震荡市里承接未失控,量能不足；热度可能进入后段,v2
2026-06-04,2026-05-28,次日已审,快策略候选,暂未强势,neutral,继续等待更多交易日或降低权重。,41,002491,通鼎互联,不推送,下个交易日主盯,69.55,2026-06-03,1,common_index_cache,9,6.41,-2.08,-8.01,5.93,-8.01,-1.41,-10.82,0.68,-8.93,5.93,intraday_0950,2026-06-04 09:50:00,人气Top50；当日上涨；近5日趋势升温；站上20日线且不过热；连续上榜确认；震荡市里保持相对强势,量能不足,v2
2026-06-04,2026-05-28,次日已审,快策略候选,暂未强势,neutral,继续等待更多交易日或降低权重。,17,000636,风华高科,不推送,下个交易日主盯,66.62,2026-06-03,1,common_index_cache,9,1.58,-17.71,-18.19,-14.73,-18.19,-16.23,-11.81,1.8,7.17,-9.77,intraday_0950,2026-06-04 09:50:00,人气Top20；收在日内高位；近5日趋势升温；持续霸榜；震荡市里保持相对强势；震荡市里承接未失控,量能不足；远离20日线过多；热度可能进入后段,v2
2026-06-04,,次日已审,低层级强势反哺,普通/不推送走强,low_level_winner,不推送 后来走强，原因反哺：站上20日线且不过热、震荡市里保持相对强势,58,601208,东材科技,不推送,未入快策略,,2026-06-04,0,common_index_cache,9,30.6,5.55,1.27,7.05,1.27,6.37,10.12,0.78,4.33,14.79,intraday_0950,2026-06-04 09:50:00,站上20日线且不过热；震荡市里保持相对强势,当日转弱；量能不足；后段人气股在偏弱环境里更谨慎,v2
2026-06-04,,次日已审,低层级强势反哺,普通/不推送走强,low_level_winner,不推送 后来走强，原因反哺：人气排名明显上升、当日上涨、收盘承接较强,88,600498,烽火通信,不推送,未入快策略,,2026-06-04,0,common_index_cache,9,17.61,-20.25,-13.37,-11.0,-13.37,-9.74,-6.46,13.17,17.29,-6.03,intraday_0950,2026-06-04 09:50:00,当日上涨；收盘承接较强；近5日强势延续；站上20日线且不过热；人气排名明显上升；震荡市里保持相对强势；震荡市里承接未失控,短线涨幅偏高；后段人气股在偏弱环境里更谨慎；v2回避前段过热样本,v2
2026-06-04,,次日已审,低层级强势反哺,普通/不推送走强,low_level_winner,不推送 后来走强，原因反哺：人气Top50、近5日强势延续、连续上榜确认,43,603678,火炬电子,不推送,未入快策略,,2026-06-04,0,common_index_cache,9,17.0,7.12,5.71,9.0,5.71,0.07,3.91,-6.58,-2.99,10.44,intraday_0950,2026-06-04 09:50:00,人气Top50；近5日强势延续；连续上榜确认；震荡市里保持相对强势,当日转弱；收盘承接偏弱；量能不足；短线涨幅偏高；偏离20日线较大；人气排名明显回落；v2回避转弱弱收盘样本；v2回避人气转弱样本,v2
2026-06-04,,次日已审,低层级强势反哺,普通/不推送走强,low_level_winner,不推送 后来走强，原因反哺：人气排名明显上升、当日强涨、收在日内高位,70,600703,三安光电,不推送,未入快策略,,2026-06-04,0,common_index_cache,9,12.6,11.94,10.96,15.49,10.96,13.52,0.13,1.41,-10.55,15.49,intraday_0950,2026-06-04 09:50:00,当日强涨；收在日内高位；人气排名明显上升；震荡市里保持相对强势；震荡市里承接未失控,近5日趋势未确认；仍在20日线下方；后段人气股在偏弱环境里更谨慎；v2回避非封板高位追涨样本,v2
2026-06-04,,次日已审,低层级强势反哺,普通/不推送走强,low_level_winner,不推送 后来走强，原因反哺：站上20日线且不过热、连续上榜确认,61,300502,新易盛,不推送,未入快策略,,2026-06-04,0,common_index_cache,9,11.22,12.35,6.37,16.4,6.37,11.75,4.86,-0.54,-6.67,16.4,intraday_0950,2026-06-04 09:50:00,站上20日线且不过热；连续上榜确认,当日转弱；收盘承接偏弱；量能不足；近5日趋势未确认；人气排名明显回落；后段人气股在偏弱环境里更谨慎；市场健康度不足，收缩推送；v2回避转弱弱收盘样本；v2回避人气转弱样本,v2
2026-06-04,,次日已审,低层级强势反哺,普通/不推送走强,low_level_winner,不推送 后来走强，原因反哺：站上20日线且不过热,98,002046,国机精工,不推送,未入快策略,,2026-06-04,0,common_index_cache,9,11.03,1.22,-2.09,1.61,-2.09,16.44,3.01,15.04,1.77,18.68,intraday_0950,2026-06-04 09:50:00,站上20日线且不过热,当日转弱；收盘承接偏弱；量能不足；震荡市里相对走弱；后段人气股在偏弱环境里更谨慎；市场健康度不足，收缩推送；v2回避转弱弱收盘样本,v2
2026-06-04,,次日已审,低层级强势反哺,普通/不推送走强,low_level_winner,不推送 后来走强，原因反哺：人气Top10、持续霸榜、收在日内高位,9,002579,中京电子,不推送,未入快策略,,2026-06-04,0,common_index_cache,9,10.8,17.46,12.12,19.38,12.12,0.42,-8.28,-14.5,-21.91,19.38,intraday_0950,2026-06-04 09:50:00,人气Top10；收在日内高位；站上20日线且不过热；持续霸榜；震荡市里保持相对强势；震荡市里承接未失控,量能不足；近5日趋势未确认；热度可能进入后段,v2
2026-06-04,,次日已审,低层级强势反哺,普通/不推送走强,low_level_winner,不推送 后来走强，原因反哺：人气Top50、持续霸榜,29,603601,再升科技,不推送,未入快策略,,2026-06-04,0,common_index_cache,9,10.05,10.75,15.0,15.77,15.0,1.05,-3.28,-8.76,-12.67,15.77,intraday_0950,2026-06-04 09:50:00,人气Top50；持续霸榜,当日转弱；收盘承接偏弱；量能不足；近5日趋势未确认；仍在20日线下方；热度可能进入后段；人气排名明显回落；震荡市里相对走弱；市场健康度不足，收缩推送；v2回避转弱弱收盘样本；v2回避人气转弱样本,v2
2026-06-04,,次日已审,低层级强势反哺,普通/不推送走强,low_level_winner,不推送 后来走强，原因反哺：站上20日线且不过热、近5日趋势升温、震荡市里保持相对强势,81,603938,三孚股份,不推送,未入快策略,,2026-06-04,0,common_index_cache,9,9.37,-7.71,4.16,4.16,4.16,7.58,16.33,16.57,26.06,27.8,intraday_0950,2026-06-04 09:50:00,近5日趋势升温；站上20日线且不过热；震荡市里保持相对强势,当日转弱；量能不足；人气排名明显回落；后段人气股在偏弱环境里更谨慎；v2回避人气转弱样本,v2
2026-06-04,,次日已审,低层级强势反哺,普通/不推送走强,low_level_winner,不推送 后来走强，原因反哺：当日上涨、温和放量、近5日强势延续,94,002735,王子新材,不推送,未入快策略,,2026-06-04,0,common_index_cache,9,5.11,-14.76,-7.92,-3.93,-7.92,-7.92,-0.92,8.03,16.24,4.29,intraday_0950,2026-06-04 09:50:00,当日上涨；温和放量；近5日强势延续；震荡市里保持相对强势,收盘承接偏弱；短线涨幅偏高；偏离20日线较大；上影线偏长；后段人气股在偏弱环境里更谨慎；v2回避前段过热样本,v2
2026-06-04,,次日已审,低层级强势反哺,普通/不推送走强,low_level_winner,不推送 后来走强，原因反哺：人气Top20、持续霸榜,19,603629,利通电子,不推送,未入快策略,,2026-06-04,0,common_index_cache,9,2.71,24.74,12.26,26.08,12.26,0.02,-13.31,-19.82,-30.5,26.08,intraday_0950,2026-06-04 09:50:00,人气Top20；持续霸榜,当日转弱；收盘承接偏弱；量能不足；近5日趋势未确认；仍在20日线下方；热度可能进入后段；震荡市里相对走弱；市场健康度不足，收缩推送；v2回避转弱弱收盘样本；v2回避人气转弱样本,v2
2026-06-04,,次日已审,低层级强势反哺,普通/不推送走强,low_level_winner,不推送 后来走强，原因反哺：人气Top20、站上20日线且不过热、近5日趋势升温,15,603890,春秋电子,不推送,未入快策略,,2026-06-04,0,common_index_cache,9,0.4,13.49,25.01,29.25,25.01,1.76,-8.76,-10.33,-19.61,29.25,intraday_0950,2026-06-04 09:50:00,人气Top20；近5日趋势升温；站上20日线且不过热；连续上榜确认；震荡市里保持相对强势,当日转弱,v2
2026-06-04,,次日已审,低层级强势反哺,普通/不推送走强,low_level_winner,不推送 后来走强，原因反哺：人气Top50、持续霸榜、站上20日线且不过热,45,002421,达实智能,不推送,未入快策略,,2026-06-04,0,common_index_cache,9,-3.53,22.42,31.23,31.23,31.23,43.58,23.17,17.28,0.62,55.16,intraday_0950,2026-06-04 09:50:00,人气Top50；站上20日线且不过热；持续霸榜,当日转弱；量能不足；近5日趋势未确认；热度可能进入后段；人气排名明显回落；震荡市里相对走弱；市场健康度不足，收缩推送；v2回避转弱弱收盘样本；v2回避人气转弱样本,v2
2026-06-04,,次日已审,低层级强势反哺,普通/不推送走强,low_level_winner,不推送 后来走强，原因反哺：人气Top10、人气排名明显上升、持续霸榜,7,600578,京能电力,不推送,未入快策略,,2026-06-04,0,common_index_cache,9,-5.2,12.65,0.0,16.43,0.0,7.92,-8.04,-4.2,-18.36,16.43,intraday_0950,2026-06-04 09:50:00,人气Top10；站上20日线且不过热；持续霸榜；人气排名明显上升；震荡市里保持相对强势,收盘承接偏弱；量能不足；近5日趋势未确认；热度可能进入后段；上影线偏长,v2
2026-06-04,,次日已审,低层级强势反哺,普通/不推送走强,low_level_winner,不推送 后来走强，原因反哺：人气Top50、连续上榜确认,36,002081,金螳螂,不推送,未入快策略,,2026-06-04,0,common_index_cache,9,-7.2,18.87,12.45,24.12,12.45,5.06,4.09,-11.62,-12.44,24.12,intraday_0950,2026-06-04 09:50:00,人气Top50；连续上榜确认,当日转弱；收盘承接偏弱；量能不足；近5日趋势未确认；仍在20日线下方；人气排名明显回落；震荡市里相对走弱；市场健康度不足，收缩推送；v2回避转弱弱收盘样本；v2回避人气转弱样本,v2
2026-06-04,,次日已审,低层级强势反哺,普通/不推送走强,low_level_winner,不推送 后来走强，原因反哺：人气Top50、人气排名明显上升、持续霸榜,27,600726,华电能源,不推送,未入快策略,,2026-06-04,0,common_index_cache,9,-9.19,11.38,2.3,15.97,2.3,-0.98,-11.16,-11.1,-20.24,15.97,intraday_0950,2026-06-04 09:50:00,人气Top50；站上20日线且不过热；持续霸榜；人气排名明显上升,当日转弱；量能不足；近5日趋势未确认；热度可能进入后段；震荡市里相对走弱；市场健康度不足，收缩推送,v2
2026-06-04,,次日已审,低层级强势反哺,普通/不推送走强,low_level_winner,不推送 后来走强，原因反哺：人气Top50、持续霸榜,48,002181,粤传媒,不推送,未入快策略,,2026-06-04,0,common_index_cache,9,-9.31,22.35,19.65,26.25,19.65,20.05,15.19,-1.89,-5.85,32.06,intraday_0950,2026-06-04 09:50:00,人气Top50；持续霸榜,当日转弱；量能不足；近5日趋势未确认；仍在20日线下方；热度可能进入后段；人气排名明显回落；震荡市里相对走弱；市场健康度不足，收缩推送；v2回避转弱弱收盘样本；v2回避人气转弱样本,v2
2026-06-04,,次日已审,低层级强势反哺,普通/不推送走强,low_level_winner,不推送 后来走强，原因反哺：人气Top50、当日强涨、收盘承接较强,21,600367,红星发展,不推送,已入快策略,,2026-06-04,0,common_index_cache,9,22.3,4.2,6.02,10.69,6.02,18.98,15.72,14.18,11.06,26.54,intraday_0950,2026-06-04 09:50:00,人气Top50；当日强涨；收盘承接较强；温和放量；近5日强势延续；连续上榜确认；震荡市里保持相对强势；震荡市里承接未失控,短线涨幅偏高；远离20日线过多,v2
2026-06-04,,次日已审,低层级强势反哺,普通/不推送走强,low_level_winner,不推送 后来走强，原因反哺：人气Top50、站上20日线且不过热、近5日趋势升温,34,600105,永鼎股份,不推送,已入快策略,,2026-06-04,0,common_index_cache,9,21.26,3.96,6.5,14.76,6.5,9.36,0.58,5.2,-3.25,14.76,intraday_0950,2026-06-04 09:50:00,人气Top50；近5日趋势升温；站上20日线且不过热；连续上榜确认；震荡市里保持相对强势,当日转弱；收盘承接偏弱；量能不足；v2回避转弱弱收盘样本；v2回避人气转弱样本,v2
2026-06-04,,次日已审,低层级强势反哺,普通/不推送走强,low_level_winner,不推送 后来走强，原因反哺：人气Top3、持续霸榜、站上20日线且不过热,2,600487,亨通光电,不推送,已入快策略,,2026-06-04,0,common_index_cache,9,15.32,-0.26,-0.14,6.97,-0.14,9.11,6.39,9.4,6.67,14.28,intraday_0950,2026-06-04 09:50:00,人气Top3；近5日强势延续；站上20日线且不过热；持续霸榜；震荡市里保持相对强势,当日转弱；量能不足；短线涨幅偏高；热度可能进入后段；Top3高热度拥挤，次日兑现风险；v2回避转弱弱收盘样本,v2
2026-06-04,,次日已审,低层级强势反哺,普通/不推送走强,low_level_winner,不推送 后来走强，原因反哺：人气Top20、当日上涨、持续霸榜,13,600522,中天科技,不推送,已入快策略,,2026-06-04,0,common_index_cache,9,2.87,-15.55,-13.69,-7.51,-13.69,2.06,-7.7,20.85,9.29,2.06,intraday_0950,2026-06-04 09:50:00,人气Top20；当日上涨；近5日强势延续；站上20日线且不过热；持续霸榜；震荡市里保持相对强势,量能不足；短线涨幅偏高；热度可能进入后段,v2
2026-06-03,2026-05-27,次日已审,快策略候选,优先成功,priority_success,下个交易日主盯 后续最高表现达到 19.72%，保留这类命中特征。,49,001896,豫能控股,观察池,下个交易日主盯,110.35,2026-06-02,1,common_index_cache,10,8.37,7.82,10.01,10.01,10.01,-2.39,5.43,-9.47,-2.22,19.72,intraday_0950,2026-06-03 09:50:00,人气Top50；当日涨停附近；收在日内高位；近5日强势延续；站上20日线且不过热；连续上榜确认；市场强势且个股相对强势；v2强势延续修正；v2低分涨停修正,短线涨幅偏高；人气排名明显回落；涨停封板不可买,v2
2026-06-03,2026-05-27,次日已审,快策略候选,优先成功,priority_success,下个交易日主盯 后续最高表现达到 23.59%，保留这类命中特征。,14,600667,太极实业,普通观察,下个交易日主盯,88.9,2026-06-02,1,common_index_cache,10,23.59,-5.13,6.3,6.3,6.3,-2.92,3.44,2.33,9.04,11.63,intraday_0950,2026-06-03 09:50:00,人气Top20；当日上涨；收盘承接较强；近5日趋势升温；站上20日线且不过热；连续上榜确认；人气排名明显上升；市场强势且个股相对强势,量能不足,v2
2026-06-03,2026-05-27,次日已审,快策略候选,优先成功,priority_success,下个交易日主盯 后续最高表现达到 18.10%，保留这类命中特征。,20,600105,永鼎股份,普通观察,下个交易日主盯,88.9,2026-06-02,1,common_index_cache,10,18.1,-4.55,1.61,2.85,1.61,-0.8,-2.1,3.92,2.57,11.77,intraday_0950,2026-06-03 09:50:00,人气Top20；当日强涨；收盘承接较强；近5日趋势升温；站上20日线且不过热；人气排名明显上升；市场强势且个股相对强势,量能不足,v2
2026-06-03,2026-05-27,次日已审,快策略候选,优先成功,priority_success,下个交易日主盯 后续最高表现达到 21.40%，保留这类命中特征。,2,600487,亨通光电,观察池,下个交易日主盯,87.25,2026-06-02,1,common_index_cache,10,21.4,1.72,7.04,8.27,7.04,4.42,16.9,2.66,14.92,20.3,intraday_0950,2026-06-03 09:50:00,人气Top3；当日涨停附近；收在日内高位；近5日强势延续；站上20日线且不过热；持续霸榜；人气排名明显上升；市场强势且个股相对强势；v2低分涨停修正,量能不足；短线涨幅偏高；热度可能进入后段；Top3高热度拥挤，次日兑现风险；涨停封板不可买,v2
2026-06-03,2026-05-27,次日已审,快策略候选,优先成功,priority_success,下个交易日主盯 后续最高表现达到 20.28%，保留这类命中特征。,9,600522,中天科技,普通观察,下个交易日主盯,82.3,2026-06-02,1,common_index_cache,10,20.28,-4.03,0.9,3.35,0.9,8.5,9.97,13.06,14.59,19.34,intraday_0950,2026-06-03 09:50:00,人气Top10；当日上涨；收盘承接较强；近5日趋势升温；站上20日线且不过热；持续霸榜；人气排名明显上升；市场强势且个股相对强势,热度可能进入后段,v2
2026-06-03,2026-05-27,次日已审,快策略候选,优先成功,priority_success,下个交易日主盯 后续最高表现达到 32.99%，保留这类命中特征。,94,600403,大有能源,观察池,下个交易日主盯,72.05,2026-06-02,1,common_index_cache,10,-7.58,9.96,9.96,9.96,9.96,32.99,13.67,20.95,3.38,32.99,intraday_0950,2026-06-03 09:50:00,当日涨停附近；收在日内高位；近5日强势延续；站上20日线且不过热；连续上榜确认；市场强势且个股相对强势；v2低分涨停修正,短线涨幅偏高；涨停封板不可买,v2
2026-06-03,2026-05-27,次日已审,快策略候选,优先成功,priority_success,下个交易日主盯 后续最高表现达到 15.79%，保留这类命中特征。,38,002851,麦格米特,不推送,下个交易日主盯,71.2,2026-06-02,1,common_index_cache,10,15.79,-0.76,-0.25,4.28,-0.25,-3.56,-5.75,-2.82,-5.03,5.91,intraday_0950,2026-06-03 09:50:00,人气Top50；当日上涨；收在日内高位；近5日趋势升温；站上20日线且不过热；市场强势且个股相对强势,-,v2
2026-06-03,2026-05-27,次日已审,快策略候选,优先成功,priority_success,下个交易日主盯 后续最高表现达到 26.53%，保留这类命中特征。,44,603256,宏和科技,不推送,下个交易日主盯,69.4,2026-06-02,1,common_index_cache,10,26.53,-5.22,-4.73,-2.97,-4.73,-7.88,-3.31,-2.81,2.02,2.83,intraday_0950,2026-06-03 09:50:00,人气Top50；收在日内高位；近5日趋势升温；站上20日线且不过热；连续上榜确认；人气排名明显上升；市场强势且个股相对强势,量能不足,v2
2026-06-03,2026-05-27,次日已审,快策略候选,优先成功,priority_success,下个交易日主盯 后续最高表现达到 38.30%，保留这类命中特征。,27,600367,红星发展,观察池,下个交易日主盯,56.15,2026-06-02,1,common_index_cache,10,33.66,5.9,9.97,9.97,9.97,23.67,37.83,16.78,30.15,38.3,intraday_0950,2026-06-03 09:50:00,人气Top50；当日涨停附近；收在日内高位；近5日强势延续；连续上榜确认；人气排名明显上升；市场强势且个股相对强势,量能不足；短线涨幅偏高；远离20日线过多；涨停封板不可买,v2
2026-06-03,2026-05-27,次日已审,快策略候选,优先成功,priority_success,下个交易日主盯 后续最高表现达到 15.83%，保留这类命中特征。,68,300197,节能铁汉,观察池,下个交易日主盯,55.5,2026-06-02,1,common_index_cache,10,-16.91,3.24,0.36,15.83,0.36,8.63,-1.8,5.23,-4.88,15.83,intraday_0950,2026-06-03 09:50:00,当日涨停附近；收在日内高位；站上20日线且不过热；市场强势且个股相对强势,涨停封板不可买,v2
2026-06-03,2026-05-27,次日已审,快策略候选,优先成功,priority_success,下个交易日主盯 后续最高表现达到 18.09%，保留这类命中特征。,18,600396,华电辽能,不推送,下个交易日主盯,53.7,2026-06-02,1,common_index_cache,10,-8.76,6.61,12.61,13.28,12.61,-1.08,-2.05,-7.21,-8.13,18.09,intraday_0950,2026-06-03 09:50:00,人气Top20；收盘承接较强；近5日趋势升温；站上20日线且不过热；持续霸榜；市场强势且个股相对强势,量能不足；热度可能进入后段,v2
2026-06-03,2026-05-27,次日已审,快策略候选,优先成功,priority_success,下个交易日主盯 后续最高表现达到 23.45%，保留这类命中特征。,12,002421,达实智能,不推送,下个交易日主盯,52.8,2026-06-02,1,common_index_cache,10,-23.25,-2.4,-5.01,1.8,-5.01,14.83,8.82,17.66,11.5,23.45,intraday_0950,2026-06-03 09:50:00,人气Top20；近5日趋势升温；站上20日线且不过热；持续霸榜；市场强势且个股相对强势,热度可能进入后段,v2
2026-06-03,2026-05-27,次日已审,快策略候选,优先走弱,priority_failed,下个交易日主盯 未兑现，复盘风险项：量能不足,28,300502,新易盛,普通观察,下个交易日主盯,88.0,2026-06-02,1,common_index_cache,10,-30.0,-30.77,-30.54,-29.64,-30.54,-35.11,-30.85,-6.27,-0.13,-26.74,intraday_0950,2026-06-03 09:50:00,人气Top50；当日上涨；收在日内高位；近5日趋势升温；站上20日线且不过热；连续上榜确认；人气排名明显上升；市场强势且个股相对强势,量能不足,v2
2026-06-03,2026-05-27,次日已审,快策略候选,优先走弱,priority_failed,下个交易日主盯 未兑现，复盘风险项：量能不足；热度可能进入后段,5,601138,工业富联,普通观察,下个交易日主盯,77.8,2026-06-02,1,common_index_cache,10,-10.98,-1.96,-3.74,-0.91,-3.74,-13.63,-12.83,-11.9,-11.09,-0.91,intraday_0950,2026-06-03 09:50:00,人气Top10；收在日内高位；近5日趋势升温；站上20日线且不过热；持续霸榜；人气排名明显上升；市场强势且个股相对强势,量能不足；热度可能进入后段,v2
2026-06-03,2026-05-27,次日已审,快策略候选,优先走弱,priority_failed,下个交易日主盯 未兑现，复盘风险项：量能不足；近5日趋势未确认；热度可能进入后段；涨停封板不可买,40,002156,通富微电,观察池,下个交易日主盯,77.3,2026-06-02,1,common_index_cache,10,-4.27,-0.3,1.25,3.25,1.25,-11.34,-12.5,-11.07,-12.24,3.25,intraday_0950,2026-06-03 09:50:00,人气Top50；当日涨停附近；收在日内高位；站上20日线且不过热；持续霸榜；人气排名明显上升；市场强势且个股相对强势,量能不足；近5日趋势未确认；热度可能进入后段；涨停封板不可买,v2
2026-06-03,2026-05-27,次日已审,快策略候选,优先走弱,priority_failed,下个交易日主盯 未兑现，复盘风险项：量能不足；热度可能进入后段,33,002475,立讯精密,不推送,下个交易日主盯,68.5,2026-06-02,1,common_index_cache,10,-12.33,-4.54,-2.86,-1.55,-2.86,-13.87,-14.69,-9.77,-10.63,-1.55,intraday_0950,2026-06-03 09:50:00,人气Top50；当日上涨；收盘承接较强；近5日趋势升温；站上20日线且不过热；持续霸榜；人气排名明显上升；市场强势且个股相对强势,量能不足；热度可能进入后段,v2
2026-06-03,2026-05-27,次日已审,快策略候选,优先走弱,priority_failed,下个交易日主盯 未兑现，复盘风险项：-,48,600362,江西铜业,不推送,下个交易日主盯,62.3,2026-06-02,1,common_index_cache,10,-1.04,-3.9,-5.96,-2.59,-5.96,-16.54,-17.32,-13.15,-13.96,-2.59,intraday_0950,2026-06-03 09:50:00,人气Top50；当日上涨；温和放量；近5日趋势升温；站上20日线且不过热；市场强势且个股相对强势,-,v2
2026-06-03,2026-05-27,次日已审,快策略候选,优先走弱,priority_failed,下个交易日主盯 未兑现，复盘风险项：量能不足；近5日趋势未确认；热度可能进入后段,16,002185,华天科技,不推送,下个交易日主盯,61.4,2026-06-02,1,common_index_cache,10,-2.91,-4.99,-1.94,-0.71,-1.94,-14.48,-12.79,-9.98,-8.21,-0.71,intraday_0950,2026-06-03 09:50:00,人气Top20；当日强涨；收在日内高位；站上20日线且不过热；持续霸榜；市场强势且个股相对强势,量能不足；近5日趋势未确认；热度可能进入后段,v2
2026-06-03,2026-05-27,次日已审,快策略候选,优先走弱,priority_failed,下个交易日主盯 未兑现，复盘风险项：量能不足；涨停封板不可买,80,300394,天孚通信,观察池,下个交易日主盯,60.6,2026-06-02,1,common_index_cache,10,-34.3,-31.85,-31.63,-30.09,-31.63,-39.52,-41.52,-11.25,-14.18,-28.58,intraday_0950,2026-06-03 09:50:00,当日涨停附近；近5日趋势升温；站上20日线且不过热；人气排名明显上升；市场强势且个股相对强势；v2低分涨停修正,量能不足；涨停封板不可买,v2
2026-06-03,2026-05-27,次日已审,快策略候选,优先走弱,priority_failed,下个交易日主盯 未兑现，复盘风险项：涨停封板不可买,91,002137,实益达,观察池,下个交易日主盯,55.5,2026-06-02,1,common_index_cache,10,-2.31,-1.83,1.35,9.62,1.35,-5.67,2.88,-3.92,4.8,14.13,intraday_0950,2026-06-03 09:50:00,当日涨停附近；收在日内高位；站上20日线且不过热；市场强势且个股相对强势,涨停封板不可买,v2
2026-06-03,2026-05-27,次日已审,快策略候选,优先走弱,priority_failed,下个交易日主盯 未兑现，复盘风险项：短线涨幅过热；偏离20日线较大；涨停封板不可买,52,002951,金时科技,观察池,下个交易日主盯,53.1,2026-06-02,1,common_index_cache,10,-31.1,-8.78,5.62,5.62,5.62,-14.44,-30.68,-6.21,-24.01,5.62,intraday_0950,2026-06-03 09:50:00,当日涨停附近；收在日内高位；温和放量；连续上榜确认；人气排名明显上升；市场强势且个股相对强势,短线涨幅过热；偏离20日线较大；涨停封板不可买,v2
2026-06-03,2026-05-27,次日已审,快策略候选,优先走弱,priority_failed,下个交易日主盯 未兑现，复盘风险项：当日转弱；量能不足；v2回避人气转弱样本,15,002081,金螳螂,不推送,下个交易日主盯,52.2,2026-06-02,1,common_index_cache,10,-28.49,-4.5,-9.3,-4.2,-9.3,-18.59,-10.94,-14.76,-6.75,-4.2,intraday_0950,2026-06-03 09:50:00,人气Top20；近5日趋势升温；连续上榜确认；市场强势且个股相对强势,当日转弱；量能不足；v2回避人气转弱样本,v2
2026-06-03,2026-05-27,次日已审,快策略候选,暂未强势,neutral,继续等待更多交易日或降低权重。,21,601869,长飞光纤,观察池,下个交易日主盯,97.0,2026-06-02,1,common_index_cache,10,2.61,-3.1,1.58,4.72,1.58,-1.89,0.87,1.24,4.09,10.29,intraday_0950,2026-06-03 09:50:00,人气Top50；当日涨停附近；收在日内高位；近5日趋势升温；站上20日线且不过热；人气排名明显上升；市场强势且个股相对强势；v2低分涨停修正,涨停封板不可买,v2
2026-06-03,2026-05-27,次日已审,快策略候选,暂未强势,neutral,继续等待更多交易日或降低权重。,43,002463,沪电股份,不推送,下个交易日主盯,71.2,2026-06-02,1,common_index_cache,10,8.2,-6.17,3.97,5.42,3.97,1.15,-3.57,7.81,2.77,5.42,intraday_0950,2026-06-03 09:50:00,人气Top50；当日上涨；收在日内高位；近5日趋势升温；站上20日线且不过热；持续霸榜；人气排名明显上升；市场强势且个股相对强势,量能不足；热度可能进入后段,v2
2026-06-03,2026-05-27,次日已审,快策略候选,暂未强势,neutral,继续等待更多交易日或降低权重。,23,300308,中际旭创,不推送,下个交易日主盯,71.2,2026-06-02,1,common_index_cache,10,0.81,-1.26,1.11,1.9,1.11,-8.76,-9.39,-7.6,-8.24,2.81,intraday_0950,2026-06-03 09:50:00,人气Top50；当日上涨；收在日内高位；近5日趋势升温；站上20日线且不过热；持续霸榜；人气排名明显上升；市场强势且个股相对强势,量能不足；热度可能进入后段,v2
2026-06-03,2026-05-27,次日已审,快策略候选,暂未强势,neutral,继续等待更多交易日或降低权重。,11,002384,东山精密,不推送,下个交易日主盯,68.5,2026-06-02,1,common_index_cache,10,11.59,-3.53,3.29,6.29,3.29,-7.48,-7.8,-4.1,-4.43,6.29,intraday_0950,2026-06-03 09:50:00,人气Top20；当日强涨；收盘承接较强；站上20日线且不过热；持续霸榜；市场强势且个股相对强势,量能不足；热度可能进入后段,v2
2026-06-03,2026-05-27,次日已审,快策略候选,暂未强势,neutral,继续等待更多交易日或降低权重。,25,002281,光迅科技,不推送,下个交易日主盯,68.5,2026-06-02,1,common_index_cache,10,5.26,-6.12,-4.07,-1.18,-4.07,-9.97,-11.88,-4.1,-6.13,3.81,intraday_0950,2026-06-03 09:50:00,人气Top50；当日上涨；收盘承接较强；近5日趋势升温；站上20日线且不过热；持续霸榜；人气排名明显上升；市场强势且个股相对强势,量能不足；热度可能进入后段,v2
2026-06-03,2026-05-27,次日已审,快策略候选,暂未强势,neutral,继续等待更多交易日或降低权重。,70,000100,TCL科技,观察池,下个交易日主盯,68.0,2026-06-02,1,common_index_cache,10,5.13,-4.93,-0.82,1.44,-0.82,-6.37,-5.95,-1.51,-1.08,3.9,intraday_0950,2026-06-03 09:50:00,当日涨停附近；收在日内高位；温和放量；站上20日线且不过热；市场强势且个股相对强势,人气排名明显回落；涨停封板不可买,v2
2026-06-03,2026-05-27,次日已审,快策略候选,暂未强势,neutral,继续等待更多交易日或降低权重。,35,002491,通鼎互联,不推送,下个交易日主盯,52.2,2026-06-02,1,common_index_cache,10,10.21,-9.71,2.99,2.99,2.99,-3.65,-6.76,6.72,3.27,9.71,intraday_0950,2026-06-03 09:50:00,人气Top50；当日上涨；近5日趋势升温；站上20日线且不过热；人气排名明显上升；市场强势且个股相对强势,量能不足,v2
2026-06-03,2026-05-27,次日已审,快策略候选,优先走弱,priority_failed,优先观察 未兑现，复盘风险项：-,31,000960,锡业股份,不推送,优先观察,50.4,2026-06-02,1,common_index_cache,10,-6.63,-3.09,-5.7,-2.12,-5.7,-21.1,-23.44,-18.58,-21.0,-2.12,intraday_0950,2026-06-03 09:50:00,人气Top50；近5日趋势升温；站上20日线且不过热；市场强势且个股相对强势,-,v2
2026-06-03,,次日已审,低层级强势反哺,普通/不推送走强,low_level_winner,不推送 后来走强，原因反哺：人气Top50、持续霸榜、近5日趋势升温,41,603773,沃格光电,不推送,未入快策略,,2026-06-03,0,common_index_cache,10,39.02,-4.69,2.43,5.99,2.43,14.23,29.67,19.84,36.05,32.89,intraday_0950,2026-06-03 09:50:00,人气Top50；近5日趋势升温；持续霸榜；震荡市里保持相对强势,当日转弱；收盘承接偏弱；量能不足；偏离20日线较大；热度可能进入后段；v2回避转弱弱收盘样本,v2
2026-06-03,,次日已审,低层级强势反哺,普通/不推送走强,low_level_winner,不推送 后来走强，原因反哺：站上20日线且不过热、震荡市里保持相对强势,97,002585,双星新材,不推送,未入快策略,,2026-06-03,0,common_index_cache,10,32.44,-4.28,5.17,5.17,5.17,-1.16,19.61,3.26,24.95,19.61,intraday_0950,2026-06-03 09:50:00,站上20日线且不过热；震荡市里保持相对强势,收盘承接偏弱；量能不足；人气排名明显回落；后段人气股在偏弱环境里更谨慎；v2回避人气转弱样本,v2
2026-06-03,,次日已审,低层级强势反哺,普通/不推送走强,low_level_winner,不推送 后来走强，原因反哺：当日上涨、收盘承接较强、近5日趋势升温,57,300285,国瓷材料,不推送,未入快策略,,2026-06-03,0,common_index_cache,10,29.88,-1.44,5.89,9.4,5.89,-4.68,1.14,-3.29,2.62,11.85,intraday_0950,2026-06-03 09:50:00,当日上涨；收盘承接较强；近5日趋势升温；震荡市里保持相对强势；震荡市里承接未失控,量能不足；偏离20日线较大；后段人气股在偏弱环境里更谨慎,v2
2026-06-03,,次日已审,低层级强势反哺,普通/不推送走强,low_level_winner,不推送 后来走强，原因反哺：持续霸榜、收盘承接较强、近5日趋势升温,56,600183,生益科技,不推送,未入快策略,,2026-06-03,0,common_index_cache,10,29.49,-2.1,2.9,5.66,2.9,-3.64,5.59,-1.57,7.86,11.06,intraday_0950,2026-06-03 09:50:00,收盘承接较强；近5日趋势升温；持续霸榜；震荡市里保持相对强势,当日转弱；量能不足；偏离20日线较大；热度可能进入后段；后段人气股在偏弱环境里更谨慎,v2
2026-06-03,,次日已审,低层级强势反哺,普通/不推送走强,low_level_winner,不推送 后来走强，原因反哺：人气Top50、当日上涨、站上20日线且不过热,24,600869,远东股份,不推送,未入快策略,,2026-06-03,0,common_index_cache,10,24.99,-0.41,-0.41,2.41,-0.41,3.16,18.56,3.58,19.06,19.73,intraday_0950,2026-06-03 09:50:00,人气Top50；当日上涨；近5日强势延续；站上20日线且不过热；震荡市里保持相对强势,短线涨幅偏高；v2回避前段过热样本,v2
2026-06-03,,次日已审,低层级强势反哺,普通/不推送走强,low_level_winner,不推送 后来走强，原因反哺：近5日趋势升温、震荡市里保持相对强势,88,301013,利和兴,不推送,未入快策略,,2026-06-03,0,common_index_cache,10,22.83,4.93,11.62,18.24,11.62,-4.46,16.4,-8.94,10.93,21.85,intraday_0950,2026-06-03 09:50:00,近5日趋势升温；震荡市里保持相对强势,当日转弱；量能不足；偏离20日线较大；人气排名明显回落；后段人气股在偏弱环境里更谨慎；v2回避转弱弱收盘样本；v2回避人气转弱样本,v2
2026-06-03,,次日已审,低层级强势反哺,普通/不推送走强,low_level_winner,不推送 后来走强，原因反哺：人气Top10、持续霸榜、收在日内高位,7,000636,风华高科,不推送,未入快策略,,2026-06-03,0,common_index_cache,10,22.74,-2.55,5.24,7.04,5.24,-7.97,-0.88,-5.56,1.72,7.04,intraday_0950,2026-06-03 09:50:00,人气Top10；收在日内高位；近5日强势延续；持续霸榜；震荡市里保持相对强势；震荡市里承接未失控,量能不足；短线涨幅偏高；远离20日线过多；热度可能进入后段,v2
2026-06-03,,次日已审,低层级强势反哺,普通/不推送走强,low_level_winner,不推送 后来走强，原因反哺：人气Top50、收在日内高位、近5日强势延续,36,603011,合锻智能,不推送,未入快策略,,2026-06-03,0,common_index_cache,10,21.45,1.35,8.99,11.89,8.99,0.24,7.77,-1.1,6.33,15.2,intraday_0950,2026-06-03 09:50:00,人气Top50；收在日内高位；近5日强势延续；连续上榜确认；震荡市里保持相对强势；震荡市里承接未失控,短线涨幅偏高；偏离20日线较大；v2回避后段过热样本,v2
2026-06-03,,次日已审,低层级强势反哺,普通/不推送走强,low_level_winner,不推送 后来走强，原因反哺：人气排名明显上升、站上20日线且不过热、近5日趋势升温,71,603618,杭电股份,不推送,未入快策略,,2026-06-03,0,common_index_cache,10,21.26,-0.33,2.16,5.06,2.16,-7.88,-6.47,-7.57,-6.16,8.86,intraday_0950,2026-06-03 09:50:00,近5日趋势升温；站上20日线且不过热；连续上榜确认；人气排名明显上升；震荡市里保持相对强势,收盘承接偏弱；量能不足；后段人气股在偏弱环境里更谨慎,v2
2026-06-03,,次日已审,低层级强势反哺,普通/不推送走强,low_level_winner,不推送 后来走强，原因反哺：人气排名明显上升、收盘承接较强、站上20日线且不过热,53,605589,圣泉集团,不推送,未入快策略,,2026-06-03,0,common_index_cache,10,20.57,-3.96,-2.4,0.18,-2.4,-10.99,7.95,-7.32,12.4,7.95,intraday_0950,2026-06-03 09:50:00,收盘承接较强；近5日趋势升温；站上20日线且不过热；人气排名明显上升；震荡市里保持相对强势；震荡市里承接未失控,量能不足；后段人气股在偏弱环境里更谨慎,v2
2026-06-03,,次日已审,低层级强势反哺,普通/不推送走强,low_level_winner,不推送 后来走强，原因反哺：收在日内高位、站上20日线且不过热、近5日趋势升温,73,600160,巨化股份,不推送,未入快策略,,2026-06-03,0,common_index_cache,9,19.81,-2.92,-2.87,-0.36,-2.87,-3.1,2.64,-0.18,5.73,4.21,intraday_0950,2026-06-03 09:50:00,收在日内高位；近5日趋势升温；站上20日线且不过热；连续上榜确认；震荡市里保持相对强势；震荡市里承接未失控,量能不足；后段人气股在偏弱环境里更谨慎,v2
2026-06-03,,次日已审,低层级强势反哺,普通/不推送走强,low_level_winner,不推送 后来走强，原因反哺：人气Top20、当日上涨、持续霸榜,13,000725,京东方A,不推送,未入快策略,,2026-06-03,0,common_index_cache,10,17.93,0.0,8.08,8.08,8.08,10.54,5.98,10.54,5.98,18.98,intraday_0950,2026-06-03 09:50:00,人气Top20；当日上涨；站上20日线且不过热；持续霸榜；震荡市里保持相对强势,量能不足；近5日趋势未确认；热度可能进入后段,v2
2026-06-03,,次日已审,低层级强势反哺,普通/不推送走强,low_level_winner,不推送 后来走强，原因反哺：当日上涨、持续霸榜、收在日内高位,74,603986,兆易创新,不推送,未入快策略,,2026-06-03,0,common_index_cache,10,17.88,-2.03,6.47,8.21,6.47,-4.66,-3.28,-2.68,-1.28,8.21,intraday_0950,2026-06-03 09:50:00,当日上涨；收在日内高位；站上20日线且不过热；持续霸榜；震荡市里保持相对强势；震荡市里承接未失控,量能不足；近5日趋势未确认；热度可能进入后段；人气排名明显回落；后段人气股在偏弱环境里更谨慎,v2
2026-06-03,,次日已审,低层级强势反哺,普通/不推送走强,low_level_winner,不推送 后来走强，原因反哺：收盘承接较强、连续上榜确认、震荡市里承接未失控,78,603399,永杉锂业,不推送,未入快策略,,2026-06-03,0,common_index_cache,10,16.2,-2.34,-4.5,-0.82,-4.5,-0.76,1.99,1.62,4.43,7.54,intraday_0950,2026-06-03 09:50:00,收盘承接较强；连续上榜确认；震荡市里承接未失控,仍在20日线下方；后段人气股在偏弱环境里更谨慎,v2
2026-06-03,,次日已审,低层级强势反哺,普通/不推送走强,low_level_winner,不推送 后来走强，原因反哺：收盘承接较强、站上20日线且不过热、近5日趋势升温,89,300408,三环集团,不推送,未入快策略,,2026-06-03,0,common_index_cache,10,15.7,-1.93,3.48,4.94,3.48,-8.51,-1.76,-6.72,0.17,7.17,intraday_0950,2026-06-03 09:50:00,收盘承接较强；近5日趋势升温；站上20日线且不过热；震荡市里保持相对强势,当日转弱；量能不足；后段人气股在偏弱环境里更谨慎,v2
2026-06-03,,次日已审,低层级强势反哺,普通/不推送走强,low_level_winner,不推送 后来走强，原因反哺：当日强涨、站上20日线且不过热、近5日强势延续,90,300620,光库科技,不推送,未入快策略,,2026-06-03,0,common_index_cache,10,15.02,-4.14,-7.08,-2.39,-7.08,-12.79,-16.59,-9.02,-12.99,4.69,intraday_0950,2026-06-03 09:50:00,当日强涨；近5日强势延续；站上20日线且不过热；震荡市里保持相对强势,量能不足；短线涨幅偏高；后段人气股在偏弱环境里更谨慎；v2回避前段过热样本,v2
2026-06-03,,次日已审,低层级强势反哺,普通/不推送走强,low_level_winner,不推送 后来走强，原因反哺：收盘承接较强、近5日强势延续、震荡市里保持相对强势,95,002859,洁美科技,不推送,未入快策略,,2026-06-03,0,common_index_cache,10,11.88,3.97,16.49,17.68,16.49,-0.9,1.91,-4.69,-1.98,17.68,intraday_0950,2026-06-03 09:50:00,收盘承接较强；近5日强势延续；震荡市里保持相对强势；震荡市里承接未失控,量能不足；短线涨幅偏高；偏离20日线较大；后段人气股在偏弱环境里更谨慎；v2回避前段过热样本,v2
2026-06-03,,次日已审,低层级强势反哺,普通/不推送走强,low_level_winner,不推送 后来走强，原因反哺：站上20日线且不过热、近5日趋势升温、震荡市里保持相对强势,99,603045,福达合金,不推送,未入快策略,,2026-06-03,0,common_index_cache,10,9.23,-4.74,0.01,0.88,0.01,16.16,3.59,21.95,8.75,17.79,intraday_0950,2026-06-03 09:50:00,近5日趋势升温；站上20日线且不过热；震荡市里保持相对强势,收盘承接偏弱；量能不足；人气排名明显回落；上影线偏长；后段人气股在偏弱环境里更谨慎；v2回避人气转弱样本,v2
2026-06-03,,次日已审,低层级强势反哺,普通/不推送走强,low_level_winner,不推送 后来走强，原因反哺：人气Top50、人气排名明显上升、持续霸榜,34,600162,香江控股,不推送,未入快策略,,2026-06-03,0,common_index_cache,10,3.5,11.78,8.92,17.52,8.92,17.83,4.78,5.41,-6.27,23.25,intraday_0950,2026-06-03 09:50:00,人气Top50；近5日强势延续；持续霸榜；人气排名明显上升；震荡市里保持相对强势,当日转弱；短线涨幅偏高；远离20日线过多；热度可能进入后段；v2回避转弱弱收盘样本；v2回避后段过热样本,v2
2026-06-03,,次日已审,低层级强势反哺,普通/不推送走强,low_level_winner,不推送 后来走强，原因反哺：站上20日线且不过热,96,002896,中大力德,不推送,未入快策略,,2026-06-03,0,common_index_cache,10,-3.76,-5.81,-4.73,-0.98,-4.73,14.98,9.44,22.07,16.19,15.22,intraday_0950,2026-06-03 09:50:00,站上20日线且不过热,近5日趋势未确认；人气排名明显回落；震荡市里相对走弱；后段人气股在偏弱环境里更谨慎；v2回避人气转弱样本,v2
2026-06-03,,次日已审,低层级强势反哺,普通/不推送走强,low_level_winner,不推送 后来走强，原因反哺：持续霸榜、收盘承接较强、站上20日线且不过热,61,600578,京能电力,不推送,未入快策略,,2026-06-03,0,common_index_cache,10,-4.86,12.69,11.03,18.15,11.03,4.63,-2.49,-7.16,-13.47,18.15,intraday_0950,2026-06-03 09:50:00,收盘承接较强；站上20日线且不过热；持续霸榜,当日转弱；量能不足；近5日趋势未确认；热度可能进入后段；人气排名明显回落；震荡市里相对走弱；后段人气股在偏弱环境里更谨慎,v2
2026-06-03,,次日已审,低层级强势反哺,普通/不推送走强,low_level_winner,不推送 后来走强，原因反哺：持续霸榜、站上20日线且不过热、近5日趋势升温,98,600726,华电能源,不推送,未入快策略,,2026-06-03,0,common_index_cache,10,-10.37,0.43,12.2,15.33,12.2,-4.97,-8.96,-5.38,-9.35,15.33,intraday_0950,2026-06-03 09:50:00,近5日趋势升温；站上20日线且不过热；持续霸榜；震荡市里保持相对强势,热度可能进入后段；人气排名明显回落；上影线偏长；后段人气股在偏弱环境里更谨慎；v2回避人气转弱样本,v2
2026-06-03,,次日已审,低层级强势反哺,普通/不推送走强,low_level_winner,不推送 后来走强，原因反哺：收盘承接较强、温和放量、站上20日线且不过热,75,600121,郑州煤电,不推送,未入快策略,,2026-06-03,0,common_index_cache,10,-19.12,8.8,8.99,19.5,8.99,0.38,-12.62,-7.73,-19.68,19.5,intraday_0950,2026-06-03 09:50:00,收盘承接较强；温和放量；近5日强势延续；站上20日线且不过热；连续上榜确认；震荡市里保持相对强势；震荡市里承接未失控,短线涨幅偏高；人气排名明显回落；后段人气股在偏弱环境里更谨慎；v2回避前段过热样本,v2
2026-06-03,,次日已审,低层级强势反哺,普通/不推送走强,low_level_winner,不推送 后来走强，原因反哺：收在日内高位、站上20日线且不过热、近5日趋势升温,59,603296,华勤技术,不推送,未入快策略,,2026-06-03,0,common_index_cache,10,-35.21,-34.01,-34.03,-30.81,-34.03,-42.93,-15.88,-13.52,27.48,-14.69,intraday_0950,2026-06-03 09:50:00,收在日内高位；近5日趋势升温；站上20日线且不过热；连续上榜确认；震荡市里保持相对强势,当日转弱；人气排名明显回落；后段人气股在偏弱环境里更谨慎,v2
2026-06-03,,次日已审,低层级强势反哺,普通/不推送走强,low_level_winner,不推送 后来走强，原因反哺：人气Top50、人气排名明显上升、收在日内高位,44,603256,宏和科技,不推送,已入快策略,,2026-06-03,0,common_index_cache,10,26.53,-5.22,-4.73,-2.97,-4.73,-7.88,-3.31,-2.81,2.02,2.83,intraday_0950,2026-06-03 09:50:00,人气Top50；收在日内高位；近5日趋势升温；站上20日线且不过热；连续上榜确认；人气排名明显上升；震荡市里保持相对强势；震荡市里承接未失控,量能不足,v2
2026-06-03,,次日已审,低层级强势反哺,普通/不推送走强,low_level_winner,普通观察 后来走强，原因反哺：人气Top20、人气排名明显上升、当日上涨,14,600667,太极实业,普通观察,已入快策略,,2026-06-03,0,common_index_cache,10,23.59,-5.13,6.3,6.3,6.3,-2.92,3.44,2.33,9.04,11.63,intraday_0950,2026-06-03 09:50:00,人气Top20；当日上涨；收盘承接较强；近5日趋势升温；站上20日线且不过热；连续上榜确认；人气排名明显上升；震荡市里保持相对强势；震荡市里承接未失控,量能不足,v2
2026-06-03,,次日已审,低层级强势反哺,普通/不推送走强,low_level_winner,普通观察 后来走强，原因反哺：人气Top10、人气排名明显上升、当日上涨,9,600522,中天科技,普通观察,已入快策略,,2026-06-03,0,common_index_cache,10,20.28,-4.03,0.9,3.35,0.9,8.5,9.97,13.06,14.59,19.34,intraday_0950,2026-06-03 09:50:00,人气Top10；当日上涨；收盘承接较强；近5日趋势升温；站上20日线且不过热；持续霸榜；人气排名明显上升；震荡市里保持相对强势；震荡市里承接未失控,热度可能进入后段,v2
2026-06-03,,次日已审,低层级强势反哺,普通/不推送走强,low_level_winner,普通观察 后来走强，原因反哺：人气Top20、人气排名明显上升、当日强涨,20,600105,永鼎股份,普通观察,已入快策略,,2026-06-03,0,common_index_cache,10,18.1,-4.55,1.61,2.85,1.61,-0.8,-2.1,3.92,2.57,11.77,intraday_0950,2026-06-03 09:50:00,人气Top20；当日强涨；收盘承接较强；近5日趋势升温；站上20日线且不过热；人气排名明显上升；震荡市里保持相对强势；震荡市里承接未失控,量能不足,v2
2026-06-03,,次日已审,低层级强势反哺,普通/不推送走强,low_level_winner,不推送 后来走强，原因反哺：人气Top50、当日上涨、收在日内高位,38,002851,麦格米特,不推送,已入快策略,,2026-06-03,0,common_index_cache,10,15.79,-0.76,-0.25,4.28,-0.25,-3.56,-5.75,-2.82,-5.03,5.91,intraday_0950,2026-06-03 09:50:00,人气Top50；当日上涨；收在日内高位；近5日趋势升温；站上20日线且不过热；震荡市里保持相对强势；震荡市里承接未失控,-,v2
2026-06-03,,次日已审,低层级强势反哺,普通/不推送走强,low_level_winner,不推送 后来走强，原因反哺：人气Top20、持续霸榜、收盘承接较强,18,600396,华电辽能,不推送,已入快策略,,2026-06-03,0,common_index_cache,10,-8.76,6.61,12.61,13.28,12.61,-1.08,-2.05,-7.21,-8.13,18.09,intraday_0950,2026-06-03 09:50:00,人气Top20；收盘承接较强；近5日趋势升温；站上20日线且不过热；持续霸榜；震荡市里保持相对强势；震荡市里承接未失控,量能不足；热度可能进入后段,v2
2026-06-03,,次日已审,低层级强势反哺,普通/不推送走强,low_level_winner,不推送 后来走强，原因反哺：人气Top20、持续霸榜、站上20日线且不过热,12,002421,达实智能,不推送,已入快策略,,2026-06-03,0,common_index_cache,10,-23.25,-2.4,-5.01,1.8,-5.01,14.83,8.82,17.66,11.5,23.45,intraday_0950,2026-06-03 09:50:00,人气Top20；近5日趋势升温；站上20日线且不过热；持续霸榜；震荡市里保持相对强势,热度可能进入后段,v2
2026-06-02,2026-05-26,次日已审,快策略候选,优先成功,priority_success,下个交易日主盯 后续最高表现达到 20.89%，保留这类命中特征。,47,600121,郑州煤电,观察池,下个交易日主盯,72.2,2026-06-01,1,common_index_cache,11,-18.18,-1.35,10.06,10.06,10.06,0.97,-6.19,2.35,-4.9,20.89,intraday_0950,2026-06-02 09:50:00,人气Top50；当日涨停附近；收在日内高位；站上20日线且不过热；弱市中个股相对抗跌,涨停封板不可买,v2
2026-06-02,2026-05-26,次日已审,快策略候选,优先成功,priority_success,下个交易日主盯 后续最高表现达到 20.75%，保留这类命中特征。,20,600396,华电辽能,不推送,下个交易日主盯,70.5,2026-06-01,1,common_index_cache,11,-6.71,-1.57,11.84,11.84,11.84,4.87,11.27,6.55,13.05,20.75,intraday_0950,2026-06-02 09:50:00,人气Top20；当日上涨；收盘承接较强；近5日趋势升温；站上20日线且不过热；持续霸榜；弱市中个股相对抗跌,量能不足；热度可能进入后段；弱市里的长连榜样本优先降权,v2
2026-06-02,2026-05-26,次日已审,快策略候选,优先成功,priority_success,下个交易日主盯 后续最高表现达到 47.01%，保留这类命中特征。,52,600367,红星发展,观察池,下个交易日主盯,66.17,2026-06-01,1,common_index_cache,11,47.01,9.91,9.96,9.96,9.96,27.45,43.02,15.95,30.12,43.1,intraday_0950,2026-06-02 09:50:00,当日涨停附近；收在日内高位；近5日强势延续；人气排名明显上升；弱市中个股相对抗跌；v2低分涨停修正,短线涨幅偏高；偏离20日线较大；后段人气股在偏弱环境里更谨慎；涨停封板不可买,v2
2026-06-02,2026-05-26,次日已审,快策略候选,优先成功,priority_success,下个交易日主盯 后续最高表现达到 19.73%，保留这类命中特征。,78,300433,蓝思科技,不推送,下个交易日主盯,56.23,2026-06-01,1,common_index_cache,11,19.73,-3.9,3.79,9.42,3.79,6.64,4.7,10.97,8.95,11.74,intraday_0950,2026-06-02 09:50:00,收在日内高位；近5日趋势升温；站上20日线且不过热；连续上榜确认；人气排名明显上升；弱市中个股相对抗跌,量能不足；后段人气股在偏弱环境里更谨慎,v2
2026-06-02,2026-05-26,次日已审,快策略候选,优先成功,priority_success,下个交易日主盯 后续最高表现达到 38.44%，保留这类命中特征。,39,600487,亨通光电,不推送,下个交易日主盯,55.1,2026-06-01,1,common_index_cache,11,38.44,12.25,14.03,14.03,14.03,19.88,30.98,6.8,16.69,30.98,intraday_0950,2026-06-02 09:50:00,人气Top50；当日上涨；收盘承接较强；近5日趋势升温；站上20日线且不过热；持续霸榜；弱市中个股相对抗跌,量能不足；热度可能进入后段；人气排名明显回落；弱市里的长连榜样本优先降权,v2
2026-06-02,2026-05-26,次日已审,快策略候选,优先走弱,priority_failed,下个交易日主盯 未兑现，复盘风险项：短线涨幅偏高；偏离20日线较大；热度可能进入后段；弱市里的长连榜样本优先降权；涨停封板不可买,4,002579,中京电子,观察池,下个交易日主盯,82.15,2026-06-01,1,common_index_cache,11,-11.03,-2.7,-6.31,5.39,-6.31,-9.97,-19.36,-7.48,-17.13,5.39,intraday_0950,2026-06-02 09:50:00,人气Top10；当日涨停附近；收在日内高位；温和放量；近5日强势延续；持续霸榜；人气排名明显上升；弱市中个股相对抗跌,短线涨幅偏高；偏离20日线较大；热度可能进入后段；弱市里的长连榜样本优先降权；涨停封板不可买,v2
2026-06-02,2026-05-26,次日已审,快策略候选,优先走弱,priority_failed,下个交易日主盯 未兑现，复盘风险项：量能不足；偏离20日线较大；一字或近似一字，参与点差；弱市先收缩执行；一字板不可买,2,603890,春秋电子,观察池,下个交易日主盯,81.8,2026-06-01,1,common_index_cache,11,-16.42,5.23,4.36,8.53,4.36,4.06,-15.29,-1.11,-19.5,8.53,intraday_0950,2026-06-02 09:50:00,人气Top3；当日涨停附近；收在日内高位；近5日趋势升温；连续上榜确认,量能不足；偏离20日线较大；一字或近似一字，参与点差；弱市先收缩执行；一字板不可买,v2
2026-06-02,2026-05-26,次日已审,快策略候选,优先走弱,priority_failed,下个交易日主盯 未兑现，复盘风险项：弱市先收缩执行,27,603296,华勤技术,普通观察,下个交易日主盯,79.9,2026-06-01,1,common_index_cache,11,-34.65,-0.71,-3.29,2.25,-3.29,-37.53,-15.7,-37.09,-15.1,2.25,intraday_0950,2026-06-02 09:50:00,人气Top50；当日上涨；温和放量；近5日趋势升温；站上20日线且不过热；连续上榜确认；人气排名明显上升；v2连榜升温修正,弱市先收缩执行,v2
2026-06-02,2026-05-26,次日已审,快策略候选,优先走弱,priority_failed,下个交易日主盯 未兑现，复盘风险项：收盘承接偏弱；弱市先收缩执行,17,002580,圣阳股份,不推送,下个交易日主盯,63.6,2026-06-01,1,common_index_cache,11,-21.23,-7.66,-10.24,-4.81,-10.24,-19.34,-21.08,-12.66,-14.54,-4.81,intraday_0950,2026-06-02 09:50:00,人气Top20；温和放量；近5日趋势升温；连续上榜确认；人气排名明显上升；v2热点回踩观察,收盘承接偏弱；弱市先收缩执行,v2
2026-06-02,2026-05-26,次日已审,快策略候选,优先走弱,priority_failed,下个交易日主盯 未兑现，复盘风险项：弱市先收缩执行；v2回避中后段放量追高样本,33,000681,视觉中国,不推送,下个交易日主盯,60.45,2026-06-01,1,common_index_cache,11,-9.35,-0.61,0.53,2.98,0.53,6.67,8.6,7.33,9.27,8.6,intraday_0950,2026-06-02 09:50:00,人气Top50；温和放量；近5日趋势升温；站上20日线且不过热；连续上榜确认；人气排名明显上升,弱市先收缩执行；v2回避中后段放量追高样本,v2
2026-06-02,2026-05-26,次日已审,快策略候选,优先走弱,priority_failed,下个交易日主盯 未兑现，复盘风险项：短线涨幅偏高；弱市先收缩执行；v2回避前段过热样本,1,002081,金螳螂,不推送,下个交易日主盯,58.05,2026-06-01,1,common_index_cache,11,-33.19,-6.58,-8.68,-3.36,-8.68,-19.05,-24.37,-13.34,-19.04,-3.36,intraday_0950,2026-06-02 09:50:00,人气Top3；当日上涨；近5日强势延续；站上20日线且不过热；连续上榜确认；人气排名明显上升,短线涨幅偏高；弱市先收缩执行；v2回避前段过热样本,v2
2026-06-02,2026-05-26,次日已审,快策略候选,优先走弱,priority_failed,优先观察 未兑现，复盘风险项：当日转弱；量能不足；后段人气股在偏弱环境里更谨慎,81,600693,东百集团,不推送,优先观察,51.73,2026-06-01,1,common_index_cache,11,-18.69,-1.33,-1.14,1.71,-1.14,-1.8,-10.63,-0.48,-9.42,3.42,intraday_0950,2026-06-02 09:50:00,收在日内高位；近5日趋势升温；站上20日线且不过热；连续上榜确认；人气排名明显上升；弱市中个股相对抗跌,当日转弱；量能不足；后段人气股在偏弱环境里更谨慎,v2
2026-06-02,2026-05-26,次日已审,快策略候选,优先走弱,priority_failed,优先观察 未兑现，复盘风险项：收盘承接偏弱；上影线偏长；弱市先收缩执行,11,000767,晋控电力,不推送,优先观察,50.4,2026-06-01,1,common_index_cache,11,-19.61,-4.82,-2.41,2.09,-2.41,-14.15,-20.42,-9.8,-16.39,2.09,intraday_0950,2026-06-02 09:50:00,人气Top20；温和放量；近5日趋势升温；站上20日线且不过热；连续上榜确认,收盘承接偏弱；上影线偏长；弱市先收缩执行,v2
2026-06-02,2026-05-26,次日已审,快策略候选,暂未强势,neutral,继续等待更多交易日或降低权重。,42,000037,深南电A,不推送,备选观察,48.75,2026-06-01,1,common_index_cache,11,-5.11,-3.38,-2.14,1.32,-2.14,-9.8,-6.18,-6.65,-2.9,1.32,intraday_0950,2026-06-02 09:50:00,人气Top50；温和放量；近5日趋势升温；站上20日线且不过热；连续上榜确认；人气排名明显上升,当日转弱；收盘承接偏弱；弱市先收缩执行；v2回避转弱弱收盘样本,v2
2026-06-02,2026-05-26,次日已审,快策略候选,暂未强势,neutral,继续等待更多交易日或降低权重。,22,301236,软通动力,不推送,备选观察,46.65,2026-06-01,1,common_index_cache,11,-6.01,-0.44,6.35,6.38,6.35,1.98,9.33,2.43,9.81,14.36,intraday_0950,2026-06-02 09:50:00,人气Top50；当日上涨；温和放量；近5日趋势升温；站上20日线且不过热,弱市先收缩执行；v2回避中后段放量追高样本,v2
2026-06-02,2026-05-26,次日已审,快策略候选,备选走强,backup_success,备选观察 后续最高表现达到 30.23%，保留这类命中特征。,18,002421,达实智能,不推送,备选观察,47.9,2026-06-01,1,common_index_cache,11,-19.03,3.17,3.17,7.82,3.17,10.15,20.51,6.76,16.8,30.23,intraday_0950,2026-06-02 09:50:00,人气Top20；当日上涨；站上20日线且不过热；持续霸榜；人气排名明显上升,量能不足；热度可能进入后段；弱市先收缩执行；弱市里的长连榜样本优先降权,v2
2026-06-02,2026-05-26,次日已审,快策略候选,备选走强,backup_success,备选观察 后续最高表现达到 46.24%，保留这类命中特征。,76,600403,大有能源,观察池,备选观察,45.92,2026-06-01,1,common_index_cache,11,1.63,9.97,9.97,9.97,9.97,33.01,31.7,20.95,19.76,46.24,intraday_0950,2026-06-02 09:50:00,当日涨停附近；收在日内高位；站上20日线且不过热；弱市中个股相对抗跌,后段人气股在偏弱环境里更谨慎；涨停封板不可买,v2
2026-06-02,,次日已审,低层级强势反哺,普通/不推送走强,low_level_winner,不推送 后来走强，原因反哺：人气排名明显上升、持续霸榜,70,600186,莲花控股,不推送,未入快策略,,2026-06-02,0,common_index_cache,11,59.52,2.94,3.92,9.25,3.92,10.23,25.57,7.08,21.99,25.57,intraday_0950,2026-06-02 09:50:00,持续霸榜；人气排名明显上升,当日转弱；收盘承接偏弱；量能不足；近5日趋势未确认；仍在20日线下方；热度可能进入后段；强势市里个股相对走弱；市场健康度不足，收缩推送；v2回避转弱弱收盘样本,v2
2026-06-02,,次日已审,低层级强势反哺,普通/不推送走强,low_level_winner,不推送 后来走强，原因反哺：人气Top50、人气排名明显上升、市场强势且个股相对强势,32,603773,沃格光电,不推送,未入快策略,,2026-06-02,0,common_index_cache,11,47.68,6.68,5.63,14.48,5.63,17.7,33.48,10.33,25.12,33.48,intraday_0950,2026-06-02 09:50:00,人气Top50；近5日趋势升温；持续霸榜；人气排名明显上升；市场强势且个股相对强势,当日转弱；收盘承接偏弱；偏离20日线较大；热度可能进入后段；v2回避转弱弱收盘样本；v2回避后段过热样本,v2
2026-06-02,,次日已审,低层级强势反哺,普通/不推送走强,low_level_winner,不推送 后来走强，原因反哺：站上20日线且不过热、连续上榜确认,83,603256,宏和科技,不推送,未入快策略,,2026-06-02,0,common_index_cache,11,46.81,10.54,11.88,17.72,11.88,11.14,17.57,0.54,6.37,19.32,intraday_0950,2026-06-02 09:50:00,站上20日线且不过热；连续上榜确认,当日转弱；近5日趋势未确认；强势市里个股相对走弱；市场健康度不足，收缩推送,v2
2026-06-02,,次日已审,低层级强势反哺,普通/不推送走强,low_level_winner,不推送 后来走强，原因反哺：连续上榜确认,74,600176,中国巨石,不推送,未入快策略,,2026-06-02,0,common_index_cache,11,45.33,3.27,0.9,6.87,0.9,-1.62,4.13,-4.74,0.82,6.87,intraday_0950,2026-06-02 09:50:00,连续上榜确认,当日转弱；收盘承接偏弱；量能不足；近5日趋势未确认；强势市里个股相对走弱；市场健康度不足，收缩推送；v2回避转弱弱收盘样本,v2
2026-06-02,,次日已审,低层级强势反哺,普通/不推送走强,low_level_winner,不推送 后来走强，原因反哺：人气排名明显上升、市场强势且个股相对强势、站上20日线且不过热,79,600667,太极实业,不推送,未入快策略,,2026-06-02,0,common_index_cache,11,40.06,10.46,9.5,14.87,9.5,18.92,14.95,7.67,4.07,26.51,intraday_0950,2026-06-02 09:50:00,站上20日线且不过热；人气排名明显上升；市场强势且个股相对强势,收盘承接偏弱；量能不足,v2
2026-06-02,,次日已审,低层级强势反哺,普通/不推送走强,low_level_winner,不推送 后来走强，原因反哺：市场强势且个股相对强势、持续霸榜、站上20日线且不过热,56,600183,生益科技,不推送,未入快策略,,2026-06-02,0,common_index_cache,11,38.58,5.38,7.92,12.84,7.92,5.66,13.44,0.26,7.64,13.44,intraday_0950,2026-06-02 09:50:00,站上20日线且不过热；持续霸榜；市场强势且个股相对强势,当日转弱；收盘承接偏弱；量能不足；热度可能进入后段；人气排名明显回落；v2回避转弱弱收盘样本；v2回避人气转弱样本,v2
2026-06-02,,次日已审,低层级强势反哺,普通/不推送走强,low_level_winner,不推送 后来走强，原因反哺：人气Top50、持续霸榜,37,600522,中天科技,不推送,未入快策略,,2026-06-02,0,common_index_cache,11,37.48,9.89,12.62,17.63,12.62,15.35,36.4,4.97,24.13,36.4,intraday_0950,2026-06-02 09:50:00,人气Top50；持续霸榜,量能不足；近5日趋势未确认；热度可能进入后段；人气排名明显回落；上影线偏长；市场健康度不足，收缩推送；v2回避人气转弱样本,v2
2026-06-02,,次日已审,低层级强势反哺,普通/不推送走强,low_level_winner,不推送 后来走强，原因反哺：市场强势且个股相对强势、近5日趋势升温、连续上榜确认,89,603618,杭电股份,不推送,未入快策略,,2026-06-02,0,common_index_cache,11,36.96,16.31,15.83,19.67,15.83,10.43,9.21,-5.05,-6.1,22.95,intraday_0950,2026-06-02 09:50:00,近5日趋势升温；连续上榜确认；市场强势且个股相对强势,当日转弱；收盘承接偏弱；量能不足；人气排名明显回落；v2回避转弱弱收盘样本；v2回避人气转弱样本,v2
2026-06-02,,次日已审,低层级强势反哺,普通/不推送走强,low_level_winner,不推送 后来走强，原因反哺：人气Top50、市场强势且个股相对强势、温和放量,25,603011,合锻智能,不推送,未入快策略,,2026-06-02,0,common_index_cache,11,36.07,4.09,16.99,20.7,16.99,23.77,9.77,18.91,5.45,29.07,intraday_0950,2026-06-02 09:50:00,人气Top50；温和放量；近5日强势延续；站上20日线且不过热；连续上榜确认；市场强势且个股相对强势,当日转弱；短线涨幅偏高；v2回避转弱弱收盘样本,v2
2026-06-02,,次日已审,低层级强势反哺,普通/不推送走强,low_level_winner,不推送 后来走强，原因反哺：人气Top50、人气排名明显上升、站上20日线且不过热,29,001896,豫能控股,不推送,未入快策略,,2026-06-02,0,common_index_cache,11,31.24,9.77,21.11,21.11,21.11,19.9,30.04,9.23,18.46,44.99,intraday_0950,2026-06-02 09:50:00,人气Top50；站上20日线且不过热；连续上榜确认；人气排名明显上升,当日转弱；收盘承接偏弱；量能不足；强势市里个股相对走弱；市场健康度不足，收缩推送；v2回避转弱弱收盘样本,v2
2026-06-02,,次日已审,低层级强势反哺,普通/不推送走强,low_level_winner,不推送 后来走强，原因反哺：人气Top10、持续霸榜、站上20日线且不过热,10,000725,京东方A,不推送,未入快策略,,2026-06-02,0,common_index_cache,11,30.04,8.14,8.33,14.73,8.33,24.61,26.36,15.23,16.85,31.2,intraday_0950,2026-06-02 09:50:00,人气Top10；站上20日线且不过热；持续霸榜,当日转弱；收盘承接偏弱；量能不足；近5日趋势未确认；热度可能进入后段；强势市里个股相对走弱；市场健康度不足，收缩推送；v2回避转弱弱收盘样本,v2
2026-06-02,,次日已审,低层级强势反哺,普通/不推送走强,low_level_winner,不推送 后来走强，原因反哺：人气Top10、人气排名明显上升、市场强势且个股相对强势,8,002384,东山精密,不推送,未入快策略,,2026-06-02,0,common_index_cache,11,29.69,10.85,13.06,17.12,13.06,11.76,13.27,0.82,2.19,23.52,intraday_0950,2026-06-02 09:50:00,人气Top10；当日上涨；持续霸榜；人气排名明显上升；市场强势且个股相对强势,收盘承接偏弱；近5日趋势未确认；仍在20日线下方；热度可能进入后段；上影线偏长,v2
2026-06-02,,次日已审,低层级强势反哺,普通/不推送走强,low_level_winner,不推送 后来走强，原因反哺：人气排名明显上升、市场强势且个股相对强势、站上20日线且不过热,60,600160,巨化股份,不推送,未入快策略,,2026-06-02,0,common_index_cache,10,27.81,3.39,5.12,8.43,5.12,6.43,2.19,2.94,-1.16,11.0,intraday_0950,2026-06-02 09:50:00,站上20日线且不过热；人气排名明显上升；市场强势且个股相对强势,收盘承接偏弱,v2
2026-06-02,,次日已审,低层级强势反哺,普通/不推送走强,low_level_winner,不推送 后来走强，原因反哺：人气Top50、持续霸榜、站上20日线且不过热,50,603986,兆易创新,不推送,未入快策略,,2026-06-02,0,common_index_cache,11,27.38,4.09,6.99,10.85,6.99,6.07,8.79,1.9,4.51,16.94,intraday_0950,2026-06-02 09:50:00,人气Top50；站上20日线且不过热；持续霸榜,当日转弱；收盘承接偏弱；量能不足；近5日趋势未确认；热度可能进入后段；强势市里个股相对走弱；市场健康度不足，收缩推送；v2回避转弱弱收盘样本,v2
2026-06-02,,次日已审,低层级强势反哺,普通/不推送走强,low_level_winner,不推送 后来走强，原因反哺：人气Top20、市场强势且个股相对强势、当日上涨,13,000636,风华高科,不推送,未入快策略,,2026-06-02,0,common_index_cache,11,27.03,1.36,3.84,5.78,3.84,2.32,4.77,0.95,3.37,10.79,intraday_0950,2026-06-02 09:50:00,人气Top20；当日上涨；收盘承接较强；近5日强势延续；持续霸榜；市场强势且个股相对强势,量能不足；短线涨幅偏高；远离20日线过多；热度可能进入后段,v2
2026-06-02,,次日已审,低层级强势反哺,普通/不推送走强,low_level_winner,不推送 后来走强，原因反哺：连续上榜确认,62,002428,云南锗业,不推送,未入快策略,,2026-06-02,0,common_index_cache,11,25.25,10.49,12.29,17.11,12.29,7.89,6.84,-2.35,-3.3,17.11,intraday_0950,2026-06-02 09:50:00,连续上榜确认,当日转弱；收盘承接偏弱；量能不足；近5日趋势未确认；仍在20日线下方；强势市里个股相对走弱；市场健康度不足，收缩推送；v2回避转弱弱收盘样本,v2
2026-06-02,,次日已审,低层级强势反哺,普通/不推送走强,low_level_winner,不推送 后来走强，原因反哺：市场强势且个股相对强势、当日上涨、收在日内高位,51,603678,火炬电子,不推送,未入快策略,,2026-06-02,0,common_index_cache,11,22.77,5.51,12.45,13.4,12.45,10.92,5.0,5.12,-0.48,15.99,intraday_0950,2026-06-02 09:50:00,当日上涨；收在日内高位；近5日强势延续；市场强势且个股相对强势,短线涨幅偏高；远离20日线过多；v2回避前段过热样本,v2
2026-06-02,,次日已审,低层级强势反哺,普通/不推送走强,low_level_winner,不推送 后来走强，原因反哺：持续霸榜、站上20日线且不过热,65,002463,沪电股份,不推送,未入快策略,,2026-06-02,0,common_index_cache,11,21.96,9.05,8.02,15.2,8.02,10.87,17.42,1.66,7.67,18.82,intraday_0950,2026-06-02 09:50:00,站上20日线且不过热；持续霸榜,当日转弱；收盘承接偏弱；量能不足；近5日趋势未确认；热度可能进入后段；人气排名明显回落；强势市里个股相对走弱；市场健康度不足，收缩推送；v2回避转弱弱收盘样本；v2回避人气转弱样本,v2
2026-06-02,,次日已审,低层级强势反哺,普通/不推送走强,low_level_winner,不推送 后来走强，原因反哺：人气Top50、持续霸榜,49,000021,深科技,不推送,未入快策略,,2026-06-02,0,common_index_cache,11,20.33,4.12,6.79,10.96,6.79,6.31,4.66,2.1,0.51,12.54,intraday_0950,2026-06-02 09:50:00,人气Top50；持续霸榜,当日转弱；收盘承接偏弱；量能不足；近5日趋势未确认；热度可能进入后段；强势市里个股相对走弱；市场健康度不足，收缩推送；v2回避转弱弱收盘样本；v2回避人气转弱样本,v2
2026-06-02,,次日已审,低层级强势反哺,普通/不推送走强,low_level_winner,不推送 后来走强，原因反哺：持续霸榜,80,000988,华工科技,不推送,未入快策略,,2026-06-02,0,common_index_cache,11,19.79,8.0,8.29,12.71,8.29,10.26,9.09,2.09,1.01,16.36,intraday_0950,2026-06-02 09:50:00,持续霸榜,当日转弱；收盘承接偏弱；量能不足；近5日趋势未确认；热度可能进入后段；人气排名明显回落；强势市里个股相对走弱；市场健康度不足，收缩推送；v2回避转弱弱收盘样本；v2回避人气转弱样本,v2
2026-06-02,,次日已审,低层级强势反哺,普通/不推送走强,low_level_winner,不推送 后来走强，原因反哺：持续霸榜,87,002281,光迅科技,不推送,未入快策略,,2026-06-02,0,common_index_cache,11,19.59,8.75,10.7,15.64,10.7,12.47,3.89,3.42,-4.47,17.95,intraday_0950,2026-06-02 09:50:00,持续霸榜,当日转弱；收盘承接偏弱；量能不足；近5日趋势未确认；热度可能进入后段；人气排名明显回落；强势市里个股相对走弱；市场健康度不足，收缩推送；v2回避转弱弱收盘样本；v2回避人气转弱样本,v2
2026-06-02,,次日已审,低层级强势反哺,普通/不推送走强,low_level_winner,不推送 后来走强，原因反哺：持续霸榜,98,002407,多氟多,不推送,未入快策略,,2026-06-02,0,common_index_cache,11,18.73,1.88,2.69,4.32,2.69,2.47,4.75,0.58,2.82,7.38,intraday_0950,2026-06-02 09:50:00,持续霸榜,当日转弱；收盘承接偏弱；量能不足；近5日趋势未确认；仍在20日线下方；热度可能进入后段；强势市里个股相对走弱；市场健康度不足，收缩推送；v2回避转弱弱收盘样本,v2
2026-06-02,,次日已审,低层级强势反哺,普通/不推送走强,low_level_winner,不推送 后来走强，原因反哺：人气排名明显上升,59,603399,永杉锂业,不推送,未入快策略,,2026-06-02,0,common_index_cache,11,16.61,-5.81,-1.41,1.64,-1.41,1.41,6.16,7.66,12.71,7.92,intraday_0950,2026-06-02 09:50:00,人气排名明显上升,当日转弱；收盘承接偏弱；量能不足；近5日趋势未确认；仍在20日线下方；强势市里个股相对走弱；市场健康度不足，收缩推送；v2回避转弱弱收盘样本,v2
2026-06-02,,次日已审,低层级强势反哺,普通/不推送走强,low_level_winner,不推送 后来走强，原因反哺：连续上榜确认,99,301308,江波龙,不推送,未入快策略,,2026-06-02,0,common_index_cache,11,15.1,4.45,7.21,11.93,7.21,4.7,3.62,0.24,-0.8,16.78,intraday_0950,2026-06-02 09:50:00,连续上榜确认,当日转弱；收盘承接偏弱；量能不足；近5日趋势未确认；仍在20日线下方；强势市里个股相对走弱；市场健康度不足，收缩推送；v2回避转弱弱收盘样本,v2
2026-06-02,,次日已审,低层级强势反哺,普通/不推送走强,low_level_winner,不推送 后来走强，原因反哺：持续霸榜,55,002156,通富微电,不推送,未入快策略,,2026-06-02,0,common_index_cache,11,12.35,13.14,17.37,17.37,17.37,11.72,7.69,-1.26,-4.82,21.18,intraday_0950,2026-06-02 09:50:00,持续霸榜,当日转弱；收盘承接偏弱；量能不足；近5日趋势未确认；热度可能进入后段；强势市里个股相对走弱；市场健康度不足，收缩推送；v2回避转弱弱收盘样本,v2
2026-06-02,,次日已审,低层级强势反哺,普通/不推送走强,low_level_winner,不推送 后来走强，原因反哺：人气Top50、市场强势且个股相对强势、持续霸榜,40,300308,中际旭创,不推送,未入快策略,,2026-06-02,0,common_index_cache,11,11.8,6.89,11.7,15.65,11.7,3.38,3.38,-3.28,-3.28,15.65,intraday_0950,2026-06-02 09:50:00,人气Top50；站上20日线且不过热；持续霸榜；市场强势且个股相对强势,收盘承接偏弱；量能不足；热度可能进入后段；人气排名明显回落；上影线偏长；v2回避人气转弱样本,v2
2026-06-02,,次日已审,低层级强势反哺,普通/不推送走强,low_level_winner,不推送 后来走强，原因反哺：人气Top3、市场强势且个股相对强势、持续霸榜,3,601991,大唐发电,不推送,未入快策略,,2026-06-02,0,common_index_cache,11,11.75,1.84,11.38,21.42,11.38,-2.94,-5.63,-4.69,-7.33,21.42,intraday_0950,2026-06-02 09:50:00,人气Top3；近5日趋势升温；站上20日线且不过热；持续霸榜；市场强势且个股相对强势,当日转弱；量能不足；热度可能进入后段；Top3高热度拥挤，次日兑现风险；v2回避转弱弱收盘样本,v2
2026-06-02,,次日已审,低层级强势反哺,普通/不推送走强,low_level_winner,不推送 后来走强，原因反哺：连续上榜确认,96,000063,中兴通讯,不推送,未入快策略,,2026-06-02,0,common_index_cache,11,7.45,5.05,4.03,9.33,4.03,11.7,11.73,6.33,6.36,17.9,intraday_0950,2026-06-02 09:50:00,连续上榜确认,当日转弱；收盘承接偏弱；量能不足；近5日趋势未确认；仍在20日线下方；强势市里个股相对走弱；市场健康度不足，收缩推送；v2回避转弱弱收盘样本；v2回避人气转弱样本,v2
2026-06-02,,次日已审,低层级强势反哺,普通/不推送走强,low_level_winner,不推送 后来走强，原因反哺：人气排名明显上升、站上20日线且不过热、连续上榜确认,63,002354,天娱数科,不推送,未入快策略,,2026-06-02,0,common_index_cache,11,1.3,-7.78,-10.95,-5.91,-10.95,-4.03,16.14,4.06,25.94,16.14,intraday_0950,2026-06-02 09:50:00,站上20日线且不过热；连续上榜确认；人气排名明显上升,当日转弱；收盘承接偏弱；近5日趋势未确认；强势市里个股相对走弱；市场健康度不足，收缩推送；v2回避转弱弱收盘样本,v2
2026-06-02,,次日已审,低层级强势反哺,普通/不推送走强,low_level_winner,不推送 后来走强，原因反哺：人气Top50、持续霸榜、站上20日线且不过热,26,600578,京能电力,不推送,未入快策略,,2026-06-02,0,common_index_cache,11,-0.87,1.85,15.45,15.45,15.45,4.57,12.86,2.67,10.8,23.11,intraday_0950,2026-06-02 09:50:00,人气Top50；站上20日线且不过热；持续霸榜,当日转弱；收盘承接偏弱；量能不足；近5日趋势未确认；热度可能进入后段；强势市里个股相对走弱；市场健康度不足，收缩推送；v2回避转弱弱收盘样本,v2
2026-06-02,,次日已审,低层级强势反哺,普通/不推送走强,low_level_winner,不推送 后来走强，原因反哺：人气Top50、市场强势且个股相对强势、持续霸榜,31,600726,华电能源,不推送,未入快策略,,2026-06-02,0,common_index_cache,11,-7.37,0.0,8.37,11.94,8.37,4.35,1.0,4.35,1.0,19.2,intraday_0950,2026-06-02 09:50:00,人气Top50；近5日趋势升温；站上20日线且不过热；持续霸榜；市场强势且个股相对强势,当日转弱；收盘承接偏弱；热度可能进入后段；人气排名明显回落；v2回避转弱弱收盘样本；v2回避人气转弱样本,v2
2026-06-02,,次日已审,低层级强势反哺,普通/不推送走强,low_level_winner,不推送 后来走强，原因反哺：市场强势且个股相对强势、站上20日线且不过热、近5日趋势升温,93,002951,金时科技,不推送,未入快策略,,2026-06-02,0,common_index_cache,11,-12.97,18.84,21.31,26.32,21.31,20.08,-2.69,1.04,-18.12,33.42,intraday_0950,2026-06-02 09:50:00,近5日趋势升温；站上20日线且不过热；市场强势且个股相对强势,当日转弱；v2回避转弱弱收盘样本,v2
2026-06-02,,次日已审,低层级强势反哺,普通/不推送走强,low_level_winner,不推送 后来走强，原因反哺：市场强势且个股相对强势、温和放量、站上20日线且不过热,84,600280,中央商场,不推送,未入快策略,,2026-06-02,0,common_index_cache,11,-15.62,6.53,13.35,19.32,13.35,-3.41,-2.84,-9.33,-8.8,19.32,intraday_0950,2026-06-02 09:50:00,温和放量；近5日趋势升温；站上20日线且不过热；市场强势且个股相对强势,v2回避中后段放量追高样本,v2
2026-06-02,,次日已审,低层级强势反哺,普通/不推送走强,low_level_winner,不推送 后来走强，原因反哺：人气Top50、市场强势且个股相对强势、当日上涨,39,600487,亨通光电,不推送,已入快策略,,2026-06-02,0,common_index_cache,11,38.44,12.25,14.03,14.03,14.03,19.88,30.98,6.8,16.69,30.98,intraday_0950,2026-06-02 09:50:00,人气Top50；当日上涨；收盘承接较强；近5日趋势升温；站上20日线且不过热；持续霸榜；市场强势且个股相对强势,量能不足；热度可能进入后段；人气排名明显回落,v2
2026-06-02,,次日已审,低层级强势反哺,普通/不推送走强,low_level_winner,不推送 后来走强，原因反哺：人气排名明显上升、市场强势且个股相对强势、收在日内高位,78,300433,蓝思科技,不推送,已入快策略,,2026-06-02,0,common_index_cache,11,19.73,-3.9,3.79,9.42,3.79,6.64,4.7,10.97,8.95,11.74,intraday_0950,2026-06-02 09:50:00,收在日内高位；近5日趋势升温；站上20日线且不过热；连续上榜确认；人气排名明显上升；市场强势且个股相对强势,量能不足,v2
2026-06-02,,次日已审,低层级强势反哺,普通/不推送走强,low_level_winner,不推送 后来走强，原因反哺：人气Top20、市场强势且个股相对强势、当日上涨,20,600396,华电辽能,不推送,已入快策略,,2026-06-02,0,common_index_cache,11,-6.71,-1.57,11.84,11.84,11.84,4.87,11.27,6.55,13.05,20.75,intraday_0950,2026-06-02 09:50:00,人气Top20；当日上涨；收盘承接较强；近5日趋势升温；站上20日线且不过热；持续霸榜；市场强势且个股相对强势,量能不足；热度可能进入后段,v2
2026-06-02,,次日已审,低层级强势反哺,普通/不推送走强,low_level_winner,不推送 后来走强，原因反哺：人气Top20、人气排名明显上升、市场强势且个股相对强势,18,002421,达实智能,不推送,已入快策略,,2026-06-02,0,common_index_cache,11,-19.03,3.17,3.17,7.82,3.17,10.15,20.51,6.76,16.8,30.23,intraday_0950,2026-06-02 09:50:00,人气Top20；当日上涨；站上20日线且不过热；持续霸榜；人气排名明显上升；市场强势且个股相对强势,量能不足；热度可能进入后段,v2
2026-06-01,2026-05-25,次日已审,快策略候选,优先成功,priority_success,下个交易日主盯 后续最高表现达到 31.16%，保留这类命中特征。,30,603011,合锻智能,观察池,下个交易日主盯,101.75,2026-05-29,3,common_index_cache,12,31.16,2.99,5.76,7.37,5.76,17.69,8.25,14.28,5.1,24.41,intraday_0950,2026-06-01 09:50:00,人气Top50；当日涨停附近；收在日内高位；温和放量；近5日强势延续；站上20日线且不过热；连续上榜确认；人气排名明显上升；弱市中个股相对抗跌；v2连榜升温修正,短线涨幅偏高；涨停封板不可买,v2
2026-06-01,2026-05-25,次日已审,快策略候选,优先成功,priority_success,下个交易日主盯 后续最高表现达到 41.67%，保留这类命中特征。,10,600487,亨通光电,普通观察,下个交易日主盯,90.6,2026-05-29,3,common_index_cache,12,41.67,-4.77,6.09,6.09,6.09,24.91,21.85,31.18,27.96,31.41,intraday_0950,2026-06-01 09:50:00,人气Top10；收在日内高位；近5日趋势升温；站上20日线且不过热；持续霸榜；人气排名明显上升；弱市中个股相对抗跌,热度可能进入后段；弱市里的长连榜样本优先降权,v2
2026-06-01,2026-05-25,次日已审,快策略候选,优先成功,priority_success,下个交易日主盯 后续最高表现达到 19.38%，保留这类命中特征。,3,603890,春秋电子,观察池,下个交易日主盯,88.0,2026-05-29,3,common_index_cache,12,-8.06,10.0,10.0,10.0,10.0,7.59,3.04,-2.2,-6.33,19.38,intraday_0950,2026-06-01 09:50:00,人气Top3；当日涨停附近；收在日内高位；近5日趋势升温；人气排名明显上升,量能不足；偏离20日线较大；一字或近似一字，参与点差；弱市先收缩执行；一字板不可买,v2
2026-06-01,2026-05-25,次日已审,快策略候选,优先成功,priority_success,下个交易日主盯 后续最高表现达到 23.77%，保留这类命中特征。,8,000725,京东方A,不推送,下个交易日主盯,84.3,2026-05-29,3,common_index_cache,12,22.67,-2.93,0.0,1.28,0.0,12.43,14.99,15.82,18.46,23.77,intraday_0950,2026-06-01 09:50:00,人气Top10；当日强涨；收盘承接较强；站上20日线且不过热；持续霸榜；弱市中个股相对抗跌,量能不足；热度可能进入后段；弱市里的长连榜样本优先降权,v2
2026-06-01,2026-05-25,次日已审,快策略候选,优先成功,priority_success,下个交易日主盯 后续最高表现达到 16.97%，保留这类命中特征。,50,002806,华锋股份,观察池,下个交易日主盯,84.2,2026-05-29,3,common_index_cache,12,2.16,-13.08,-0.05,-0.05,-0.05,1.67,-5.36,16.97,8.88,4.47,intraday_0950,2026-06-01 09:50:00,人气Top50；当日涨停附近；收在日内高位；站上20日线且不过热；弱市中个股相对抗跌,涨停封板不可买,v2
2026-06-01,2026-05-25,次日已审,快策略候选,优先成功,priority_success,下个交易日主盯 后续最高表现达到 31.83%，保留这类命中特征。,1,000636,风华高科,不推送,下个交易日主盯,74.95,2026-05-29,3,common_index_cache,12,31.83,-4.81,6.64,7.8,6.64,13.03,-1.16,18.74,3.83,14.97,intraday_0950,2026-06-01 09:50:00,人气Top3；当日上涨；收在日内高位；近5日强势延续；持续霸榜；弱市中个股相对抗跌,短线涨幅偏高；远离20日线过多；热度可能进入后段；弱市里的长连榜样本优先降权,v2
2026-06-01,2026-05-25,次日已审,快策略候选,优先成功,priority_success,下个交易日主盯 后续最高表现达到 20.74%，保留这类命中特征。,25,002436,兴森科技,不推送,下个交易日主盯,66.2,2026-05-29,3,common_index_cache,12,20.74,-5.96,6.64,7.3,6.64,3.23,-6.54,9.78,-0.62,7.6,intraday_0950,2026-06-01 09:50:00,人气Top50；收盘承接较强；近5日趋势升温；站上20日线且不过热；人气排名明显上升；弱市中个股相对抗跌,量能不足,v2
2026-06-01,2026-05-25,次日已审,快策略候选,优先成功,priority_success,下个交易日主盯 后续最高表现达到 17.51%，保留这类命中特征。,28,002579,中京电子,不推送,下个交易日主盯,61.35,2026-05-29,3,common_index_cache,12,-0.81,2.9,11.49,11.49,11.49,10.69,-9.67,7.57,-12.21,17.51,intraday_0950,2026-06-01 09:50:00,人气Top50；当日强涨；收盘承接较强；近5日强势延续；连续上榜确认；弱市中个股相对抗跌,短线涨幅偏高；偏离20日线较大；人气排名明显回落,v2
2026-06-01,2026-05-25,次日已审,快策略候选,优先成功,priority_success,下个交易日主盯 后续最高表现达到 26.77%，保留这类命中特征。,66,002421,达实智能,观察池,下个交易日主盯,59.62,2026-05-29,3,common_index_cache,12,-15.27,3.98,9.96,9.96,9.96,4.87,26.77,0.85,21.91,26.77,intraday_0950,2026-06-01 09:50:00,当日涨停附近；收在日内高位；站上20日线且不过热；持续霸榜；弱市中个股相对抗跌,量能不足；近5日趋势未确认；热度可能进入后段；人气排名明显回落；后段人气股在偏弱环境里更谨慎；弱市里的长连榜样本优先降权；涨停封板不可买,v2
2026-06-01,2026-05-25,次日已审,快策略候选,优先成功,priority_success,下个交易日主盯 后续最高表现达到 19.37%，保留这类命中特征。,2,601991,大唐发电,不推送,下个交易日主盯,57.65,2026-05-29,3,common_index_cache,12,9.87,-2.53,10.47,10.59,10.47,6.02,-12.52,8.77,-10.25,19.37,intraday_0950,2026-06-01 09:50:00,人气Top3；近5日趋势升温；站上20日线且不过热；持续霸榜,当日转弱；量能不足；热度可能进入后段；弱市先收缩执行；弱市里的长连榜样本优先降权；v2回避转弱弱收盘样本,v2
2026-06-01,2026-05-25,次日已审,快策略候选,优先成功,priority_success,下个交易日主盯 后续最高表现达到 20.29%，保留这类命中特征。,29,002552,宝鼎科技,不推送,下个交易日主盯,55.05,2026-05-29,3,common_index_cache,12,20.29,-3.68,1.32,4.98,1.32,-1.65,1.12,2.11,4.98,4.98,intraday_0950,2026-06-01 09:50:00,人气Top50；当日上涨；收在日内高位；近5日强势延续；持续霸榜；弱市中个股相对抗跌,短线涨幅偏高；远离20日线过多；热度可能进入后段；弱市里的长连榜样本优先降权,v2
2026-06-01,2026-05-25,次日已审,快策略候选,优先走弱,priority_failed,下个交易日主盯 未兑现，复盘风险项：涨停封板不可买,36,002580,圣阳股份,观察池,下个交易日主盯,103.8,2026-05-29,3,common_index_cache,12,-20.25,4.68,0.79,6.51,0.79,-13.7,-22.28,-17.56,-25.75,6.51,intraday_0950,2026-06-01 09:50:00,人气Top50；当日涨停附近；收在日内高位；近5日趋势升温；人气排名明显上升；弱市中个股相对抗跌,涨停封板不可买,v2
2026-06-01,2026-05-25,次日已审,快策略候选,优先走弱,priority_failed,下个交易日主盯 未兑现，复盘风险项：涨停封板不可买,14,002081,金螳螂,观察池,下个交易日主盯,100.0,2026-05-29,3,common_index_cache,12,-29.65,1.33,-0.88,7.67,-0.88,-10.77,-19.91,-11.94,-20.96,7.67,intraday_0950,2026-06-01 09:50:00,人气Top20；当日涨停附近；收在日内高位；温和放量；近5日趋势升温；站上20日线且不过热；人气排名明显上升；弱市中个股相对抗跌；v2强势延续修正；v2低分涨停修正,涨停封板不可买,v2
2026-06-01,2026-05-25,次日已审,快策略候选,优先走弱,priority_failed,下个交易日主盯 未兑现，复盘风险项：后段人气股在偏弱环境里更谨慎；涨停封板不可买,53,000037,深南电A,观察池,下个交易日主盯,90.33,2026-05-29,3,common_index_cache,12,-5.11,4.2,-1.07,6.59,-1.07,-5.6,-14.74,-9.41,-18.18,6.59,intraday_0950,2026-06-01 09:50:00,当日涨停附近；收在日内高位；温和放量；近5日趋势升温；站上20日线且不过热；弱市中个股相对抗跌；v2低分涨停修正,后段人气股在偏弱环境里更谨慎；涨停封板不可买,v2
2026-06-01,2026-05-25,次日已审,快策略候选,优先走弱,priority_failed,下个交易日主盯 未兑现，复盘风险项：-,7,600011,华能国际,重点观察,下个交易日主盯,89.8,2026-05-29,3,common_index_cache,12,-14.29,1.62,-1.62,1.62,-1.62,-5.3,-8.98,-6.82,-10.44,3.46,intraday_0950,2026-06-01 09:50:00,人气Top10；当日上涨；收在日内高位；温和放量；近5日趋势升温；站上20日线且不过热；弱市中个股相对抗跌,-,v2
2026-06-01,2026-05-25,次日已审,快策略候选,优先走弱,priority_failed,下个交易日主盯 未兑现，复盘风险项：后段人气股在偏弱环境里更谨慎,97,600693,东百集团,不推送,下个交易日主盯,66.33,2026-05-29,3,common_index_cache,12,-19.0,-1.42,1.32,4.91,1.32,-7.09,-5.29,-5.75,-3.93,4.91,intraday_0950,2026-06-01 09:50:00,当日上涨；收在日内高位；温和放量；近5日趋势升温；站上20日线且不过热；弱市中个股相对抗跌,后段人气股在偏弱环境里更谨慎,v2
2026-06-01,2026-05-25,次日已审,快策略候选,优先走弱,priority_failed,下个交易日主盯 未兑现，复盘风险项：当日转弱；量能不足；热度可能进入后段；弱市里的长连榜样本优先降权,6,603629,利通电子,不推送,下个交易日主盯,62.7,2026-05-29,3,common_index_cache,12,-23.83,-10.0,-9.81,-3.07,-9.81,-7.5,-25.07,2.78,-16.74,-2.29,intraday_0950,2026-06-01 09:50:00,人气Top10；收在日内高位；近5日趋势升温；站上20日线且不过热；持续霸榜；弱市中个股相对抗跌,当日转弱；量能不足；热度可能进入后段；弱市里的长连榜样本优先降权,v2
2026-06-01,2026-05-25,次日已审,快策略候选,优先走弱,priority_failed,下个交易日主盯 未兑现，复盘风险项：后段人气股在偏弱环境里更谨慎；涨停封板不可买,100,000681,视觉中国,观察池,下个交易日主盯,57.92,2026-05-29,3,common_index_cache,12,-8.79,2.3,2.38,5.08,2.38,2.43,-0.66,0.13,-2.89,7.73,intraday_0950,2026-06-01 09:50:00,当日涨停附近；收在日内高位；站上20日线且不过热；弱市中个股相对抗跌,后段人气股在偏弱环境里更谨慎；涨停封板不可买,v2
2026-06-01,2026-05-25,次日已审,快策略候选,优先走弱,priority_failed,下个交易日主盯 未兑现，复盘风险项：后段人气股在偏弱环境里更谨慎；涨停封板不可买,68,603296,华勤技术,观察池,下个交易日主盯,57.92,2026-05-29,3,common_index_cache,12,-32.11,3.96,6.46,8.25,6.46,-30.88,-40.2,-33.51,-42.48,8.25,intraday_0950,2026-06-01 09:50:00,当日涨停附近；收在日内高位；站上20日线且不过热；弱市中个股相对抗跌,后段人气股在偏弱环境里更谨慎；涨停封板不可买,v2
2026-06-01,2026-05-25,次日已审,快策略候选,暂未强势,neutral,继续等待更多交易日或降低权重。,20,300308,中际旭创,不推送,下个交易日主盯,59.6,2026-05-29,3,common_index_cache,12,8.37,-2.03,1.22,2.38,1.22,8.7,-1.91,10.96,0.12,12.1,intraday_0950,2026-06-01 09:50:00,人气Top20；收在日内高位；近5日趋势升温；站上20日线且不过热；持续霸榜；弱市中个股相对抗跌,量能不足；热度可能进入后段；弱市里的长连榜样本优先降权,v2
2026-06-01,2026-05-25,次日已审,快策略候选,暂未强势,neutral,继续等待更多交易日或降低权重。,45,002281,光迅科技,不推送,下个交易日主盯,53.7,2026-05-29,3,common_index_cache,12,14.38,-5.0,1.67,2.87,1.67,4.24,-2.17,9.73,2.98,12.8,intraday_0950,2026-06-01 09:50:00,人气Top50；当日上涨；收盘承接较强；站上20日线且不过热；持续霸榜；弱市中个股相对抗跌,量能不足；近5日趋势未确认；热度可能进入后段；弱市里的长连榜样本优先降权,v2
2026-06-01,2026-05-25,次日已审,快策略候选,优先成功,priority_success,优先观察 后续最高表现达到 45.10%，保留这类命中特征。,90,603773,沃格光电,观察池,优先观察,52.27,2026-05-29,3,common_index_cache,12,45.1,3.25,6.56,7.82,6.56,6.91,19.22,3.54,15.47,25.82,intraday_0950,2026-06-01 09:50:00,当日涨停附近；收在日内高位；近5日强势延续；连续上榜确认；弱市中个股相对抗跌,量能不足；短线涨幅偏高；偏离20日线较大；人气排名明显回落；后段人气股在偏弱环境里更谨慎；v2回避后段过热样本；涨停封板不可买,v2
2026-06-01,2026-05-25,次日已审,快策略候选,优先成功,priority_success,优先观察 后续最高表现达到 22.98%，保留这类命中特征。,98,300433,蓝思科技,不推送,优先观察,49.02,2026-05-29,3,common_index_cache,12,22.98,0.1,-0.98,3.27,-0.98,4.8,2.4,4.7,2.3,14.77,intraday_0950,2026-06-01 09:50:00,收在日内高位；近5日趋势升温；站上20日线且不过热；弱市中个股相对抗跌,量能不足；人气排名明显回落；后段人气股在偏弱环境里更谨慎,v2
2026-06-01,2026-05-25,次日已审,快策略候选,优先走弱,priority_failed,优先观察 未兑现，复盘风险项：量能不足；短线涨幅偏高；热度可能进入后段；弱市里的长连榜样本优先降权；v2回避后段过热样本,41,600745,*ST闻泰,不推送,优先观察,52.65,2026-05-29,3,common_index_cache,12,-18.16,5.02,5.02,5.02,5.02,-5.21,-3.64,-9.74,-8.25,10.28,intraday_0950,2026-06-01 09:50:00,人气Top50；当日上涨；收在日内高位；近5日强势延续；站上20日线且不过热；持续霸榜；人气排名明显上升；弱市中个股相对抗跌,量能不足；短线涨幅偏高；热度可能进入后段；弱市里的长连榜样本优先降权；v2回避后段过热样本,v2
2026-06-01,2026-05-25,次日已审,快策略候选,优先走弱,priority_failed,优先观察 未兑现，复盘风险项：后段人气股在偏弱环境里更谨慎,69,600488,津药药业,不推送,优先观察,51.73,2026-05-29,3,common_index_cache,12,-19.72,-3.49,-5.06,0.52,-5.06,-4.71,-0.7,-1.27,2.89,1.4,intraday_0950,2026-06-01 09:50:00,当日上涨；收盘承接较强；近5日趋势升温；弱市中个股相对抗跌,后段人气股在偏弱环境里更谨慎,v2
2026-06-01,2026-05-25,次日已审,快策略候选,暂未强势,neutral,继续等待更多交易日或降低权重。,40,002463,沪电股份,不推送,优先观察,50.0,2026-05-29,3,common_index_cache,12,12.83,-4.53,0.86,1.62,0.86,8.42,5.48,13.56,10.48,9.93,intraday_0950,2026-06-01 09:50:00,人气Top50；近5日趋势升温；站上20日线且不过热；持续霸榜,当日转弱；量能不足；热度可能进入后段；弱市先收缩执行；弱市里的长连榜样本优先降权；v2回避转弱弱收盘样本,v2
2026-06-01,2026-05-25,次日已审,快策略候选,暂未强势,neutral,继续等待更多交易日或降低权重。,12,000767,晋控电力,不推送,备选观察,48.9,2026-05-29,3,common_index_cache,12,-13.19,6.77,6.08,14.58,6.08,-0.35,-14.41,-6.67,-19.84,14.58,intraday_0950,2026-06-01 09:50:00,人气Top20；当日上涨；温和放量；近5日趋势升温；站上20日线且不过热；人气排名明显上升,收盘承接偏弱；弱市先收缩执行,v2
2026-06-01,2026-05-25,次日已审,快策略候选,暂未强势,neutral,继续等待更多交易日或降低权重。,13,601138,工业富联,不推送,备选观察,47.9,2026-05-29,3,common_index_cache,12,-3.15,0.0,6.68,8.15,6.68,4.73,-6.03,4.73,-6.03,13.27,intraday_0950,2026-06-01 09:50:00,人气Top20；近5日趋势升温；站上20日线且不过热；持续霸榜,量能不足；热度可能进入后段；弱市先收缩执行；弱市里的长连榜样本优先降权,v2
2026-06-01,2026-05-25,次日已审,快策略候选,暂未强势,neutral,继续等待更多交易日或降低权重。,54,002181,粤传媒,不推送,备选观察,46.28,2026-05-29,3,common_index_cache,12,-36.77,-0.44,-9.37,-0.28,-9.37,-14.98,-13.31,-14.6,-12.92,-0.28,intraday_0950,2026-06-01 09:50:00,当日强涨；收在日内高位；近5日强势延续；站上20日线且不过热；连续上榜确认；人气排名明显上升；弱市中个股相对抗跌,短线涨幅偏高；后段人气股在偏弱环境里更谨慎；v2回避后段过热样本,v2
2026-06-01,,次日已审,低层级强势反哺,普通/不推送走强,low_level_winner,不推送 后来走强，原因反哺：持续霸榜,81,600186,莲花控股,不推送,未入快策略,,2026-06-01,0,common_index_cache,12,42.33,-5.92,-6.41,-2.62,-6.41,-8.06,1.84,-2.27,8.26,3.88,intraday_0950,2026-06-01 09:50:00,持续霸榜,收盘承接偏弱；量能不足；近5日趋势未确认；仍在20日线下方；热度可能进入后段；人气排名明显回落；上影线偏长；弱市先收缩执行；后段人气股在偏弱环境里更谨慎；弱市里的长连榜样本优先降权；v2回避人气转弱样本,v2
2026-06-01,,次日已审,低层级强势反哺,普通/不推送走强,low_level_winner,不推送 后来走强，原因反哺：站上20日线且不过热、连续上榜确认,88,603256,宏和科技,不推送,未入快策略,,2026-06-01,0,common_index_cache,12,42.3,-10.04,9.23,9.96,9.23,7.15,3.6,19.1,15.16,15.65,intraday_0950,2026-06-01 09:50:00,站上20日线且不过热；连续上榜确认,当日转弱；收盘承接偏弱；量能不足；人气排名明显回落；弱市先收缩执行；后段人气股在偏弱环境里更谨慎；v2回避转弱弱收盘样本；v2回避人气转弱样本,v2
2026-06-01,,次日已审,低层级强势反哺,普通/不推送走强,low_level_winner,不推送 后来走强，原因反哺：人气Top50,42,001896,豫能控股,不推送,未入快策略,,2026-06-01,0,common_index_cache,12,42.04,11.81,19.13,23.24,19.13,44.19,27.94,28.96,14.42,56.92,intraday_0950,2026-06-01 09:50:00,人气Top50,当日转弱；收盘承接偏弱；量能不足；近5日趋势未确认；仍在20日线下方；弱市先收缩执行；市场健康度不足，收缩推送；市场健康度偏弱；v2回避转弱弱收盘样本,v2
2026-06-01,,次日已审,低层级强势反哺,普通/不推送走强,low_level_winner,不推送 后来走强，原因反哺：人气Top50、站上20日线且不过热、近5日趋势升温,24,600869,远东股份,不推送,未入快策略,,2026-06-01,0,common_index_cache,12,40.34,-2.15,6.67,6.67,6.67,11.81,15.82,14.27,18.37,23.0,intraday_0950,2026-06-01 09:50:00,人气Top50；近5日趋势升温；站上20日线且不过热,当日转弱；收盘承接偏弱；量能不足；弱市先收缩执行；v2回避转弱弱收盘样本；v2回避人气转弱样本,v2
2026-06-01,,次日已审,低层级强势反哺,普通/不推送走强,low_level_winner,不推送 后来走强，原因反哺：站上20日线且不过热、连续上榜确认,72,600176,中国巨石,不推送,未入快策略,,2026-06-01,0,common_index_cache,12,39.75,-3.86,-0.44,1.46,-0.44,-1.74,-8.98,2.21,-5.32,2.76,intraday_0950,2026-06-01 09:50:00,站上20日线且不过热；连续上榜确认,当日转弱；收盘承接偏弱；量能不足；近5日趋势未确认；人气排名明显回落；弱市先收缩执行；后段人气股在偏弱环境里更谨慎；v2回避转弱弱收盘样本；v2回避人气转弱样本,v2
2026-06-01,,次日已审,低层级强势反哺,普通/不推送走强,low_level_winner,不推送 后来走强，原因反哺：人气Top20、人气排名明显上升、站上20日线且不过热,19,600110,诺德股份,不推送,未入快策略,,2026-06-01,0,common_index_cache,12,35.59,-4.09,-6.77,-2.99,-6.77,-9.13,-15.43,-5.25,-11.82,0.24,intraday_0950,2026-06-01 09:50:00,人气Top20；近5日强势延续；站上20日线且不过热；连续上榜确认；人气排名明显上升,收盘承接偏弱；短线涨幅偏高；上影线偏长；弱市先收缩执行；v2回避前段过热样本,v2
2026-06-01,,次日已审,低层级强势反哺,普通/不推送走强,low_level_winner,不推送 后来走强，原因反哺：近5日强势延续、连续上榜确认,70,002484,江海股份,不推送,未入快策略,,2026-06-01,0,common_index_cache,12,35.55,-0.17,7.82,11.23,7.82,24.47,8.02,24.68,8.2,24.47,intraday_0950,2026-06-01 09:50:00,近5日强势延续；连续上榜确认,当日转弱；量能不足；短线涨幅偏高；偏离20日线较大；人气排名明显回落；弱市先收缩执行；后段人气股在偏弱环境里更谨慎；v2回避转弱弱收盘样本；v2回避人气转弱样本,v2
2026-06-01,,次日已审,低层级强势反哺,普通/不推送走强,low_level_winner,不推送 后来走强，原因反哺：人气Top20、人气排名明显上升、持续霸榜,16,600522,中天科技,不推送,未入快策略,,2026-06-01,0,common_index_cache,12,35.25,-3.87,5.64,6.72,5.64,13.45,22.0,18.01,26.9,24.83,intraday_0950,2026-06-01 09:50:00,人气Top20；持续霸榜；人气排名明显上升,当日转弱；量能不足；近5日趋势未确认；热度可能进入后段；弱市先收缩执行；弱市里的长连榜样本优先降权；市场健康度不足，收缩推送；市场健康度偏弱；v2回避转弱弱收盘样本,v2
2026-06-01,,次日已审,低层级强势反哺,普通/不推送走强,low_level_winner,不推送 后来走强，原因反哺：人气Top50、人气排名明显上升、站上20日线且不过热,26,603618,杭电股份,不推送,未入快策略,,2026-06-01,0,common_index_cache,12,34.57,-5.05,9.89,9.99,9.89,13.37,2.24,19.4,7.67,20.81,intraday_0950,2026-06-01 09:50:00,人气Top50；站上20日线且不过热；连续上榜确认；人气排名明显上升,当日转弱；收盘承接偏弱；量能不足；弱市先收缩执行；v2回避转弱弱收盘样本,v2
2026-06-01,,次日已审,低层级强势反哺,普通/不推送走强,low_level_winner,不推送 后来走强，原因反哺：人气排名明显上升、弱市中个股相对抗跌、收在日内高位,60,600105,永鼎股份,不推送,未入快策略,,2026-06-01,0,common_index_cache,12,31.3,-6.12,3.27,3.27,3.27,12.97,10.28,20.33,17.47,24.27,intraday_0950,2026-06-01 09:50:00,收在日内高位；连续上榜确认；人气排名明显上升；弱市中个股相对抗跌,量能不足；后段人气股在偏弱环境里更谨慎,v2
2026-06-01,,次日已审,低层级强势反哺,普通/不推送走强,low_level_winner,不推送 后来走强，原因反哺：人气Top20、人气排名明显上升、持续霸榜,18,600183,生益科技,不推送,未入快策略,,2026-06-01,0,common_index_cache,12,28.69,-5.41,0.2,2.53,0.2,2.26,-4.24,8.12,1.25,5.01,intraday_0950,2026-06-01 09:50:00,人气Top20；近5日趋势升温；持续霸榜；人气排名明显上升,当日转弱；收盘承接偏弱；量能不足；偏离20日线较大；热度可能进入后段；弱市先收缩执行；弱市里的长连榜样本优先降权；v2回避转弱弱收盘样本,v2
2026-06-01,,次日已审,低层级强势反哺,普通/不推送走强,low_level_winner,不推送 后来走强，原因反哺：人气Top50、持续霸榜,49,002297,博云新材,不推送,未入快策略,,2026-06-01,0,common_index_cache,12,27.25,-1.33,-1.53,-0.49,-1.53,2.57,-2.22,3.95,-0.9,6.81,intraday_0950,2026-06-01 09:50:00,人气Top50；持续霸榜,当日转弱；收盘承接偏弱；量能不足；近5日趋势未确认；仍在20日线下方；热度可能进入后段；人气排名明显回落；弱市先收缩执行；弱市里的长连榜样本优先降权；市场健康度不足，收缩推送；市场健康度偏弱；v2回避转弱弱收盘样本；v2回避人气转弱样本,v2
2026-06-01,,次日已审,低层级强势反哺,普通/不推送走强,low_level_winner,不推送 后来走强，原因反哺：持续霸榜,59,002384,东山精密,不推送,未入快策略,,2026-06-01,0,common_index_cache,12,26.75,-1.33,4.06,4.06,4.06,17.32,5.08,18.9,6.5,20.72,intraday_0950,2026-06-01 09:50:00,持续霸榜,当日转弱；收盘承接偏弱；量能不足；近5日趋势未确认；热度可能进入后段；弱市先收缩执行；后段人气股在偏弱环境里更谨慎；弱市里的长连榜样本优先降权；市场健康度不足，收缩推送；市场健康度偏弱；v2回避转弱弱收盘样本,v2
2026-06-01,,次日已审,低层级强势反哺,普通/不推送走强,low_level_winner,不推送 后来走强，原因反哺：弱市中个股相对抗跌、当日上涨、持续霸榜,55,603986,兆易创新,不推送,未入快策略,,2026-06-01,0,common_index_cache,12,20.82,-2.9,-2.14,-0.91,-2.14,9.12,-2.28,12.38,0.64,10.91,intraday_0950,2026-06-01 09:50:00,当日上涨；收在日内高位；站上20日线且不过热；持续霸榜；弱市中个股相对抗跌,量能不足；近5日趋势未确认；热度可能进入后段；人气排名明显回落；后段人气股在偏弱环境里更谨慎；弱市里的长连榜样本优先降权,v2
2026-06-01,,次日已审,低层级强势反哺,普通/不推送走强,low_level_winner,不推送 后来走强，原因反哺：人气Top50、人气排名明显上升、站上20日线且不过热,48,002491,通鼎互联,不推送,未入快策略,,2026-06-01,0,common_index_cache,12,19.97,-5.89,4.85,5.31,4.85,12.12,4.89,19.14,11.46,19.43,intraday_0950,2026-06-01 09:50:00,人气Top50；站上20日线且不过热；连续上榜确认；人气排名明显上升,量能不足；弱市先收缩执行,v2
2026-06-01,,次日已审,低层级强势反哺,普通/不推送走强,low_level_winner,不推送 后来走强，原因反哺：连续上榜确认,65,002428,云南锗业,不推送,未入快策略,,2026-06-01,0,common_index_cache,12,18.22,-2.64,2.87,4.98,2.87,5.54,-6.34,8.4,-3.79,10.54,intraday_0950,2026-06-01 09:50:00,连续上榜确认,当日转弱；收盘承接偏弱；量能不足；近5日趋势未确认；人气排名明显回落；弱市先收缩执行；后段人气股在偏弱环境里更谨慎；市场健康度不足，收缩推送；市场健康度偏弱；v2回避转弱弱收盘样本；v2回避人气转弱样本,v2
2026-06-01,,次日已审,低层级强势反哺,普通/不推送走强,low_level_winner,不推送 后来走强，原因反哺：人气Top50、人气排名明显上升、弱市中个股相对抗跌,39,601869,长飞光纤,不推送,未入快策略,,2026-06-01,0,common_index_cache,12,17.46,-4.83,4.26,4.26,4.26,16.29,12.31,22.19,18.01,24.25,intraday_0950,2026-06-01 09:50:00,人气Top50；收盘承接较强；站上20日线且不过热；人气排名明显上升；弱市中个股相对抗跌,当日转弱,v2
2026-06-01,,次日已审,低层级强势反哺,普通/不推送走强,low_level_winner,不推送 后来走强，原因反哺：人气Top50、人气排名明显上升、弱市中个股相对抗跌,44,600162,香江控股,不推送,未入快策略,,2026-06-01,0,common_index_cache,12,11.68,0.0,10.31,10.31,10.31,17.53,27.15,17.53,27.15,27.15,intraday_0950,2026-06-01 09:50:00,人气Top50；当日上涨；收在日内高位；放量仍可控；连续上榜确认；人气排名明显上升；弱市中个股相对抗跌,短线涨幅过热；偏离20日线较大；v2回避中后段放量追高样本,v2
2026-06-01,,次日已审,低层级强势反哺,普通/不推送走强,low_level_winner,不推送 后来走强，原因反哺：持续霸榜,96,300136,信维通信,不推送,未入快策略,,2026-06-01,0,common_index_cache,12,11.48,-2.76,-2.87,-0.74,-2.87,3.5,9.46,6.43,12.57,16.36,intraday_0950,2026-06-01 09:50:00,持续霸榜,当日转弱；收盘承接偏弱；量能不足；近5日趋势未确认；仍在20日线下方；热度可能进入后段；弱市先收缩执行；后段人气股在偏弱环境里更谨慎；弱市里的长连榜样本优先降权；市场健康度不足，收缩推送；市场健康度偏弱；v2回避转弱弱收盘样本,v2
2026-06-01,,次日已审,低层级强势反哺,普通/不推送走强,low_level_winner,不推送 后来走强，原因反哺：持续霸榜、站上20日线且不过热,52,002156,通富微电,不推送,未入快策略,,2026-06-01,0,common_index_cache,12,5.2,-3.93,-0.09,1.24,-0.09,11.27,-2.57,15.82,1.42,13.46,intraday_0950,2026-06-01 09:50:00,站上20日线且不过热；持续霸榜,当日转弱；收盘承接偏弱；量能不足；近5日趋势未确认；热度可能进入后段；人气排名明显回落；弱市先收缩执行；后段人气股在偏弱环境里更谨慎；弱市里的长连榜样本优先降权；市场健康度不足，收缩推送；市场健康度偏弱；v2回避转弱弱收盘样本；v2回避人气转弱样本,v2
2026-06-01,,次日已审,低层级强势反哺,普通/不推送走强,low_level_winner,不推送 后来走强，原因反哺：人气Top20、持续霸榜、站上20日线且不过热,15,600396,华电辽能,不推送,未入快策略,,2026-06-01,0,common_index_cache,12,-1.28,2.61,7.6,10.26,7.6,21.85,7.04,18.76,4.32,27.79,intraday_0950,2026-06-01 09:50:00,人气Top20；近5日趋势升温；站上20日线且不过热；持续霸榜,当日转弱；收盘承接偏弱；量能不足；热度可能进入后段；弱市先收缩执行；弱市里的长连榜样本优先降权；v2回避转弱弱收盘样本,v2
2026-06-01,,次日已审,低层级强势反哺,普通/不推送走强,low_level_winner,不推送 后来走强，原因反哺：站上20日线且不过热,76,000601,韶能股份,不推送,未入快策略,,2026-06-01,0,common_index_cache,12,-10.04,1.91,14.23,14.23,14.23,9.28,-3.94,7.23,-5.74,25.67,intraday_0950,2026-06-01 09:50:00,站上20日线且不过热,当日转弱；收盘承接偏弱；人气排名明显回落；弱市先收缩执行；后段人气股在偏弱环境里更谨慎；v2回避转弱弱收盘样本；v2回避人气转弱样本,v2
2026-06-01,,次日已审,低层级强势反哺,普通/不推送走强,low_level_winner,普通观察 后来走强，原因反哺：人气Top10、人气排名明显上升、弱市中个股相对抗跌,10,600487,亨通光电,普通观察,已入快策略,,2026-06-01,0,common_index_cache,12,41.67,-4.77,6.09,6.09,6.09,24.91,21.85,31.18,27.96,31.41,intraday_0950,2026-06-01 09:50:00,人气Top10；收在日内高位；近5日趋势升温；站上20日线且不过热；持续霸榜；人气排名明显上升；弱市中个股相对抗跌,热度可能进入后段；弱市里的长连榜样本优先降权,v2
2026-06-01,,次日已审,低层级强势反哺,普通/不推送走强,low_level_winner,不推送 后来走强，原因反哺：人气Top3、弱市中个股相对抗跌、当日上涨,1,000636,风华高科,不推送,已入快策略,,2026-06-01,0,common_index_cache,12,31.83,-4.81,6.64,7.8,6.64,13.03,-1.16,18.74,3.83,14.97,intraday_0950,2026-06-01 09:50:00,人气Top3；当日上涨；收在日内高位；近5日强势延续；持续霸榜；弱市中个股相对抗跌,短线涨幅偏高；远离20日线过多；热度可能进入后段；弱市里的长连榜样本优先降权；Top3高热度拥挤，次日兑现风险,v2
2026-06-01,,次日已审,低层级强势反哺,普通/不推送走强,low_level_winner,不推送 后来走强，原因反哺：弱市中个股相对抗跌、收在日内高位、站上20日线且不过热,98,300433,蓝思科技,不推送,已入快策略,,2026-06-01,0,common_index_cache,12,22.98,0.1,-0.98,3.27,-0.98,4.8,2.4,4.7,2.3,14.77,intraday_0950,2026-06-01 09:50:00,收在日内高位；近5日趋势升温；站上20日线且不过热；弱市中个股相对抗跌,量能不足；人气排名明显回落；后段人气股在偏弱环境里更谨慎,v2
2026-06-01,,次日已审,低层级强势反哺,普通/不推送走强,low_level_winner,不推送 后来走强，原因反哺：人气Top10、弱市中个股相对抗跌、当日强涨,8,000725,京东方A,不推送,已入快策略,,2026-06-01,0,common_index_cache,12,22.67,-2.93,0.0,1.28,0.0,12.43,14.99,15.82,18.46,23.77,intraday_0950,2026-06-01 09:50:00,人气Top10；当日强涨；收盘承接较强；站上20日线且不过热；持续霸榜；弱市中个股相对抗跌,量能不足；热度可能进入后段；弱市里的长连榜样本优先降权,v2
2026-06-01,,次日已审,低层级强势反哺,普通/不推送走强,low_level_winner,不推送 后来走强，原因反哺：人气Top50、人气排名明显上升、弱市中个股相对抗跌,25,002436,兴森科技,不推送,已入快策略,,2026-06-01,0,common_index_cache,12,20.74,-5.96,6.64,7.3,6.64,3.23,-6.54,9.78,-0.62,7.6,intraday_0950,2026-06-01 09:50:00,人气Top50；收盘承接较强；站上20日线且不过热；人气排名明显上升；弱市中个股相对抗跌,量能不足,v2
2026-06-01,,次日已审,低层级强势反哺,普通/不推送走强,low_level_winner,不推送 后来走强，原因反哺：人气Top50、弱市中个股相对抗跌、当日上涨,29,002552,宝鼎科技,不推送,已入快策略,,2026-06-01,0,common_index_cache,12,20.29,-3.68,1.32,4.98,1.32,-1.65,1.12,2.11,4.98,4.98,intraday_0950,2026-06-01 09:50:00,人气Top50；当日上涨；收在日内高位；近5日强势延续；持续霸榜；弱市中个股相对抗跌,短线涨幅偏高；远离20日线过多；热度可能进入后段；弱市里的长连榜样本优先降权,v2
2026-06-01,,次日已审,低层级强势反哺,普通/不推送走强,low_level_winner,不推送 后来走强，原因反哺：人气Top3、持续霸榜、站上20日线且不过热,2,601991,大唐发电,不推送,已入快策略,,2026-06-01,0,common_index_cache,12,9.87,-2.53,10.47,10.59,10.47,6.02,-12.52,8.77,-10.25,19.37,intraday_0950,2026-06-01 09:50:00,人气Top3；近5日趋势升温；站上20日线且不过热；持续霸榜,当日转弱；量能不足；热度可能进入后段；弱市先收缩执行；弱市里的长连榜样本优先降权；Top3高热度拥挤，次日兑现风险；v2回避转弱弱收盘样本,v2
2026-06-01,,次日已审,低层级强势反哺,普通/不推送走强,low_level_winner,不推送 后来走强，原因反哺：人气Top50、弱市中个股相对抗跌、当日强涨,28,002579,中京电子,不推送,已入快策略,,2026-06-01,0,common_index_cache,12,-0.81,2.9,11.49,11.49,11.49,10.69,-9.67,7.57,-12.21,17.51,intraday_0950,2026-06-01 09:50:00,人气Top50；当日强涨；收盘承接较强；近5日强势延续；连续上榜确认；弱市中个股相对抗跌,短线涨幅偏高；偏离20日线较大；人气排名明显回落,v2
2026-05-29,2026-05-22,次日已审,快策略候选,优先成功,priority_success,下个交易日主盯 后续最高表现达到 21.72%，保留这类命中特征。,8,601991,大唐发电,不推送,下个交易日主盯,82.8,2026-05-28,1,common_index_cache,13,12.02,5.89,2.7,6.75,2.7,11.66,-2.7,5.45,-8.11,21.72,intraday_0950,2026-05-29 09:50:00,人气Top10；近5日趋势升温；站上20日线且不过热；持续霸榜；市场强势且个股相对强势,量能不足；热度可能进入后段,v2
2026-05-29,2026-05-22,次日已审,快策略候选,优先成功,priority_success,下个交易日主盯 后续最高表现达到 36.13%，保留这类命中特征。,33,600110,诺德股份,观察池,下个交易日主盯,77.65,2026-05-28,1,common_index_cache,13,36.13,-0.32,-2.21,4.27,-2.21,-4.82,-10.75,-4.52,-10.47,4.27,intraday_0950,2026-05-29 09:50:00,人气Top50；当日涨停附近；收在日内高位；温和放量；近5日强势延续；站上20日线且不过热；人气排名明显上升；市场强势且个股相对强势；v2强势延续修正；v2低分涨停修正,短线涨幅偏高；涨停封板不可买,v2
2026-05-29,2026-05-22,次日已审,快策略候选,优先成功,priority_success,下个交易日主盯 后续最高表现达到 44.31%，保留这类命中特征。,3,000636,风华高科,不推送,下个交易日主盯,74.35,2026-05-28,1,common_index_cache,13,44.31,-4.56,7.27,13.52,7.27,17.97,16.23,23.6,21.78,25.86,intraday_0950,2026-05-29 09:50:00,人气Top3；当日上涨；近5日强势延续；持续霸榜；人气排名明显上升；市场强势且个股相对强势,短线涨幅偏高；远离20日线过多；热度可能进入后段,v2
2026-05-29,2026-05-22,次日已审,快策略候选,优先成功,priority_success,下个交易日主盯 后续最高表现达到 26.10%，保留这类命中特征。,20,600176,中国巨石,不推送,下个交易日主盯,55.65,2026-05-28,1,common_index_cache,13,26.1,-4.64,-11.5,-3.79,-11.5,-12.45,-14.64,-8.19,-10.49,-3.79,intraday_0950,2026-05-29 09:50:00,人气Top20；近5日趋势升温；站上20日线且不过热；人气排名明显上升；市场强势且个股相对强势,当日转弱；量能不足；v2回避转弱弱收盘样本,v2
2026-05-29,2026-05-22,次日已审,快策略候选,优先成功,priority_success,下个交易日主盯 后续最高表现达到 16.89%，保留这类命中特征。,36,600863,华能蒙电,不推送,下个交易日主盯,54.45,2026-05-28,1,common_index_cache,13,-17.32,11.5,15.28,16.89,15.28,7.57,-9.32,-3.52,-18.67,16.89,intraday_0950,2026-05-29 09:50:00,人气Top50；当日上涨；收盘承接较强；近5日强势延续；连续上榜确认；市场强势且个股相对强势,量能不足；短线涨幅偏高；偏离20日线较大；人气排名明显回落；v2回避后段过热样本,v2
2026-05-29,2026-05-22,次日已审,快策略候选,优先成功,priority_success,下个交易日主盯 后续最高表现达到 16.84%，保留这类命中特征。,13,600396,华电辽能,不推送,下个交易日主盯,52.15,2026-05-28,1,common_index_cache,13,-9.74,1.37,-6.19,1.42,-6.19,8.22,1.47,6.75,0.1,16.84,intraday_0950,2026-05-29 09:50:00,人气Top20；近5日强势延续；持续霸榜；市场强势且个股相对强势,量能不足；短线涨幅偏高；偏离20日线较大；热度可能进入后段；上影线偏长；v2回避人气转弱样本,v2
2026-05-29,2026-05-22,次日已审,快策略候选,优先成功,priority_success,下个交易日主盯 后续最高表现达到 26.78%，保留这类命中特征。,9,000725,京东方A,不推送,下个交易日主盯,52.0,2026-05-28,1,common_index_cache,13,25.66,-4.12,0.37,4.68,0.37,4.68,20.41,9.18,25.59,26.78,intraday_0950,2026-05-29 09:50:00,人气Top10；站上20日线且不过热；持续霸榜,当日转弱；收盘承接偏弱；量能不足；热度可能进入后段；强势市里个股相对走弱；v2回避转弱弱收盘样本,v2
2026-05-29,2026-05-22,次日已审,快策略候选,优先成功,priority_success,下个交易日主盯 后续最高表现达到 30.51%，保留这类命中特征。,18,002484,江海股份,不推送,下个交易日主盯,51.05,2026-05-28,1,common_index_cache,13,30.51,-3.17,-1.55,2.61,-1.55,8.94,11.94,12.51,15.61,19.84,intraday_0950,2026-05-29 09:50:00,人气Top20；当日强涨；温和放量；近5日强势延续；连续上榜确认；人气排名明显上升；市场强势且个股相对强势,短线涨幅偏高；远离20日线过多；v2回避前段过热样本,v2
2026-05-29,2026-05-22,次日已审,快策略候选,优先走弱,priority_failed,下个交易日主盯 未兑现，复盘风险项：量能不足；偏离20日线较大；热度可能进入后段,4,600584,长电科技,不推送,下个交易日主盯,99.1,2026-05-28,1,common_index_cache,13,-8.82,-10.67,-15.64,-6.87,-15.64,-10.64,-15.64,0.04,-5.56,-6.87,intraday_0950,2026-05-29 09:50:00,人气Top10；当日上涨；收在日内高位；近5日趋势升温；持续霸榜；市场强势且个股相对强势,量能不足；偏离20日线较大；热度可能进入后段,v2
2026-05-29,2026-05-22,次日已审,快策略候选,优先走弱,priority_failed,下个交易日主盯 未兑现，复盘风险项：短线涨幅过热；偏离20日线较大；涨停封板不可买,15,600726,华电能源,观察池,下个交易日主盯,75.5,2026-05-28,1,common_index_cache,13,-18.07,2.47,-6.22,7.5,-6.22,-4.15,-7.7,-6.45,-9.92,7.5,intraday_0950,2026-05-29 09:50:00,人气Top20；当日涨停附近；收在日内高位；温和放量；连续上榜确认；市场强势且个股相对强势,短线涨幅过热；偏离20日线较大；涨停封板不可买,v2
2026-05-29,2026-05-22,次日已审,快策略候选,优先走弱,priority_failed,下个交易日主盯 未兑现，复盘风险项：收盘承接偏弱；热度可能进入后段,10,601138,工业富联,不推送,下个交易日主盯,74.8,2026-05-28,1,common_index_cache,13,-5.96,-2.64,-4.52,-0.96,-4.52,4.93,-4.12,7.78,-1.52,9.98,intraday_0950,2026-05-29 09:50:00,人气Top10；近5日趋势升温；站上20日线且不过热；持续霸榜；人气排名明显上升；市场强势且个股相对强势,收盘承接偏弱；热度可能进入后段,v2
2026-05-29,2026-05-22,次日已审,快策略候选,优先走弱,priority_failed,下个交易日主盯 未兑现，复盘风险项：-,84,600021,上海电力,不推送,下个交易日主盯,71.5,2026-05-28,1,common_index_cache,13,-21.64,0.59,-6.2,0.59,-6.2,-4.97,-11.62,-5.53,-12.14,0.59,intraday_0950,2026-05-29 09:50:00,当日上涨；收盘承接较强；近5日趋势升温；站上20日线且不过热；连续上榜确认；市场强势且个股相对强势,-,v2
2026-05-29,2026-05-22,次日已审,快策略候选,优先走弱,priority_failed,下个交易日主盯 未兑现，复盘风险项：量能不足；偏离20日线较大；热度可能进入后段；上影线偏长,11,603629,利通电子,不推送,下个交易日主盯,71.4,2026-05-28,1,common_index_cache,13,-28.87,-6.61,-6.61,-6.61,-6.61,-10.4,-22.25,-4.05,-16.75,-6.61,intraday_0950,2026-05-29 09:50:00,人气Top20；当日上涨；近5日趋势升温；持续霸榜；人气排名明显上升；市场强势且个股相对强势,量能不足；偏离20日线较大；热度可能进入后段；上影线偏长,v2
2026-05-29,2026-05-22,次日已审,快策略候选,优先走弱,priority_failed,下个交易日主盯 未兑现，复盘风险项：短线涨幅偏高；涨停封板不可买,31,000539,粤电力A,观察池,下个交易日主盯,64.25,2026-05-28,1,common_index_cache,13,-7.43,10.02,10.02,10.02,10.02,5.86,-7.09,-3.79,-15.56,10.59,intraday_0950,2026-05-29 09:50:00,人气Top50；当日涨停附近；收在日内高位；温和放量；近5日强势延续；站上20日线且不过热；连续上榜确认；市场强势且个股相对强势,短线涨幅偏高；涨停封板不可买,v2
2026-05-29,2026-05-22,次日已审,快策略候选,优先走弱,priority_failed,下个交易日主盯 未兑现，复盘风险项：当日转弱；收盘承接偏弱；量能不足；热度可能进入后段；v2回避转弱弱收盘样本,1,603601,再升科技,不推送,下个交易日主盯,62.35,2026-05-28,1,common_index_cache,13,-25.54,-10.06,-10.06,-10.06,-10.06,-20.21,-22.19,-11.29,-13.49,-10.06,intraday_0950,2026-05-29 09:50:00,人气Top3；近5日趋势升温；站上20日线且不过热；持续霸榜；人气排名明显上升；市场强势且个股相对强势,当日转弱；收盘承接偏弱；量能不足；热度可能进入后段；v2回避转弱弱收盘样本,v2
2026-05-29,2026-05-22,次日已审,快策略候选,优先走弱,priority_failed,下个交易日主盯 未兑现，复盘风险项：收盘承接偏弱；量能不足；热度可能进入后段,19,002156,通富微电,不推送,下个交易日主盯,54.8,2026-05-28,1,common_index_cache,13,-3.41,-6.6,-11.78,-5.16,-11.78,0.91,-3.95,8.03,2.83,4.18,intraday_0950,2026-05-29 09:50:00,人气Top20；近5日趋势升温；站上20日线且不过热；持续霸榜；市场强势且个股相对强势,收盘承接偏弱；量能不足；热度可能进入后段,v2
2026-05-29,2026-05-22,次日已审,快策略候选,优先走弱,priority_failed,下个交易日主盯 未兑现，复盘风险项：量能不足；热度可能进入后段；人气排名明显回落,93,600519,贵州茅台,不推送,下个交易日主盯,53.7,2026-05-28,1,common_index_cache,13,-4.56,2.13,0.79,2.13,0.79,-1.34,-2.04,-3.4,-4.08,2.13,intraday_0950,2026-05-29 09:50:00,收盘承接较强；持续霸榜；市场强势且个股相对强势,量能不足；热度可能进入后段；人气排名明显回落,v2
2026-05-29,2026-05-22,次日已审,快策略候选,优先走弱,priority_failed,下个交易日主盯 未兑现，复盘风险项：量能不足,67,002181,粤传媒,不推送,下个交易日主盯,52.2,2026-05-28,1,common_index_cache,13,-29.06,2.74,13.01,13.01,13.01,-1.74,-6.41,-4.36,-8.9,13.01,intraday_0950,2026-05-29 09:50:00,收在日内高位；近5日趋势升温；连续上榜确认；人气排名明显上升；市场强势且个股相对强势,量能不足,v2
2026-05-29,2026-05-22,次日已审,快策略候选,优先走弱,priority_failed,下个交易日主盯 未兑现，复盘风险项：当日转弱；量能不足；偏离20日线较大；热度可能进入后段,24,600578,京能电力,不推送,下个交易日主盯,51.6,2026-05-28,1,common_index_cache,13,-12.45,1.86,-7.86,2.4,-7.86,1.97,-7.64,0.11,-9.32,8.73,intraday_0950,2026-05-29 09:50:00,人气Top50；近5日趋势升温；持续霸榜；市场强势且个股相对强势,当日转弱；量能不足；偏离20日线较大；热度可能进入后段,v2
2026-05-29,2026-05-22,次日已审,快策略候选,优先走弱,priority_failed,下个交易日主盯 未兑现，复盘风险项：量能不足；短线涨幅过热；远离20日线过多；热度可能进入后段；涨停封板不可买,16,600172,黄河旋风,观察池,下个交易日主盯,51.1,2026-05-28,1,common_index_cache,13,-17.19,-12.2,-16.13,-10.02,-16.13,-6.35,-16.38,6.67,-4.75,-4.79,intraday_0950,2026-05-29 09:50:00,人气Top20；当日涨停附近；收在日内高位；持续霸榜；人气排名明显上升；市场强势且个股相对强势,量能不足；短线涨幅过热；远离20日线过多；热度可能进入后段；涨停封板不可买,v2
2026-05-29,2026-05-22,次日已审,快策略候选,暂未强势,neutral,继续等待更多交易日或降低权重。,37,002463,沪电股份,不推送,下个交易日主盯,63.9,2026-05-28,1,common_index_cache,13,6.71,-3.86,-10.8,-1.71,-10.8,-5.49,-3.0,-1.7,0.89,3.96,intraday_0950,2026-05-29 09:50:00,人气Top50；当日上涨；收盘承接较强；近5日趋势升温；站上20日线且不过热；持续霸榜；人气排名明显上升；市场强势且个股相对强势,量能不足；热度可能进入后段；v2回避后段过热样本,v2
2026-05-29,2026-05-22,次日已审,快策略候选,暂未强势,neutral,继续等待更多交易日或降低权重。,14,002428,云南锗业,不推送,下个交易日主盯,57.4,2026-05-28,1,common_index_cache,13,7.3,-5.66,-11.3,-3.92,-11.3,-3.8,-7.58,1.97,-2.03,0.32,intraday_0950,2026-05-29 09:50:00,人气Top20；近5日趋势升温；站上20日线且不过热；人气排名明显上升；市场强势且个股相对强势,收盘承接偏弱,v2
2026-05-29,2026-05-22,次日已审,快策略候选,暂未强势,neutral,继续等待更多交易日或降低权重。,12,300308,中际旭创,不推送,下个交易日主盯,56.05,2026-05-28,1,common_index_cache,13,8.0,-1.74,-4.37,0.17,-4.37,7.9,-0.14,9.82,1.64,11.71,intraday_0950,2026-05-29 09:50:00,人气Top20；近5日趋势升温；站上20日线且不过热；持续霸榜；人气排名明显上升；市场强势且个股相对强势,当日转弱；收盘承接偏弱；量能不足；热度可能进入后段；v2回避转弱弱收盘样本,v2
2026-05-29,2026-05-22,次日已审,快策略候选,暂未强势,neutral,继续等待更多交易日或降低权重。,17,000021,深科技,不推送,下个交易日主盯,54.1,2026-05-28,1,common_index_cache,13,0.47,-9.18,-15.22,-7.56,-15.22,-10.84,-11.24,-1.83,-2.27,-6.04,intraday_0950,2026-05-29 09:50:00,人气Top20；近5日趋势升温；站上20日线且不过热；持续霸榜；市场强势且个股相对强势,收盘承接偏弱；量能不足；热度可能进入后段；上影线偏长,v2
2026-05-29,2026-05-22,次日已审,快策略候选,优先成功,priority_success,优先观察 后续最高表现达到 27.82%，保留这类命中特征。,35,600183,生益科技,不推送,优先观察,49.15,2026-05-28,1,common_index_cache,13,27.82,-0.79,-4.34,4.37,-4.34,-0.46,-2.54,0.34,-1.76,4.37,intraday_0950,2026-05-29 09:50:00,人气Top50；当日上涨；收在日内高位；近5日强势延续；持续霸榜；市场强势且个股相对强势,量能不足；短线涨幅偏高；偏离20日线较大；热度可能进入后段；v2回避后段过热样本,v2
2026-05-29,2026-05-22,次日已审,快策略候选,优先成功,priority_success,优先观察 后续最高表现达到 15.94%，保留这类命中特征。,59,600759,ST洲际,不推送,优先观察,48.4,2026-05-28,1,common_index_cache,13,-12.32,5.07,5.07,5.07,5.07,8.33,4.35,3.1,-0.69,15.94,intraday_0950,2026-05-29 09:50:00,当日上涨；收在日内高位；持续霸榜；市场强势且个股相对强势,量能不足；仍在20日线下方；热度可能进入后段；人气排名明显回落,v2
2026-05-29,2026-05-22,次日已审,快策略候选,优先成功,priority_success,优先观察 后续最高表现达到 71.71%，保留这类命中特征。,49,002636,金安国纪,不推送,优先观察,48.3,2026-05-28,1,common_index_cache,13,71.71,-4.92,-10.53,-4.0,-10.53,-7.19,4.34,-2.4,9.74,6.57,intraday_0950,2026-05-29 09:50:00,人气Top50；当日上涨；近5日趋势升温；站上20日线且不过热；市场强势且个股相对强势,上影线偏长,v2
2026-05-29,2026-05-22,次日已审,快策略候选,优先成功,priority_success,优先观察 后续最高表现达到 15.77%，保留这类命中特征。,52,600745,*ST闻泰,不推送,优先观察,48.25,2026-05-28,1,common_index_cache,13,-14.08,4.98,4.98,4.98,4.98,4.74,3.48,-0.23,-1.43,15.77,intraday_0950,2026-05-29 09:50:00,当日上涨；收在日内高位；近5日强势延续；站上20日线且不过热；持续霸榜；市场强势且个股相对强势,量能不足；短线涨幅偏高；热度可能进入后段；人气排名明显回落；v2回避后段过热样本,v2
2026-05-29,2026-05-22,次日已审,快策略候选,优先走弱,priority_failed,优先观察 未兑现，复盘风险项：收盘承接偏弱,7,002594,比亚迪,不推送,优先观察,47.2,2026-05-28,1,common_index_cache,13,-9.5,-0.49,-3.1,-0.44,-3.1,-1.89,-3.77,-1.41,-3.3,0.24,intraday_0950,2026-05-29 09:50:00,人气Top10；人气排名明显上升,收盘承接偏弱,v2
2026-05-29,2026-05-22,次日已审,快策略候选,备选走强,backup_success,备选观察 后续最高表现达到 24.60%，保留这类命中特征。,6,002579,中京电子,不推送,备选观察,46.4,2026-05-28,1,common_index_cache,13,5.18,-1.14,7.46,7.46,7.46,10.76,6.44,12.04,7.66,24.6,intraday_0950,2026-05-29 09:50:00,人气Top10；温和放量；近5日强势延续；站上20日线且不过热；连续上榜确认；市场强势且个股相对强势,当日转弱；收盘承接偏弱；短线涨幅偏高；v2回避转弱弱收盘样本,v2
2026-05-29,,次日已审,低层级强势反哺,普通/不推送走强,low_level_winner,不推送 后来走强，原因反哺：站上20日线且不过热、近5日趋势升温,79,600367,红星发展,不推送,未入快策略,,2026-05-29,0,common_index_cache,13,77.88,5.58,9.97,9.97,9.97,33.05,54.21,26.03,46.06,61.0,intraday_0950,2026-05-29 09:50:00,近5日趋势升温；站上20日线且不过热,当日转弱；收盘承接偏弱；人气排名明显回落；弱市先收缩执行；后段人气股在偏弱环境里更谨慎；v2回避转弱弱收盘样本；v2回避人气转弱样本,v2
2026-05-29,,次日已审,低层级强势反哺,普通/不推送走强,low_level_winner,不推送 后来走强，原因反哺：人气排名明显上升、持续霸榜,57,600487,亨通光电,不推送,未入快策略,,2026-05-29,0,common_index_cache,13,57.22,6.57,7.03,14.46,7.03,29.5,36.15,21.52,27.75,45.84,intraday_0950,2026-05-29 09:50:00,持续霸榜；人气排名明显上升,收盘承接偏弱；量能不足；近5日趋势未确认；热度可能进入后段；上影线偏长；弱市先收缩执行；后段人气股在偏弱环境里更谨慎；弱市里的长连榜样本优先降权,v2
2026-05-29,,次日已审,低层级强势反哺,普通/不推送走强,low_level_winner,不推送 后来走强，原因反哺：人气Top50、近5日强势延续、连续上榜确认,29,603773,沃格光电,不推送,未入快策略,,2026-05-29,0,common_index_cache,13,52.99,1.3,5.43,5.43,5.43,9.42,21.93,8.02,20.36,23.99,intraday_0950,2026-05-29 09:50:00,人气Top50；近5日强势延续；连续上榜确认,当日转弱；收盘承接偏弱；量能不足；短线涨幅偏高；偏离20日线较大；弱市先收缩执行；v2回避转弱弱收盘样本,v2
2026-05-29,,次日已审,低层级强势反哺,普通/不推送走强,low_level_winner,不推送 后来走强，原因反哺：人气Top50、人气排名明显上升、弱市中个股相对抗跌,43,301217,铜冠铜箔,不推送,未入快策略,,2026-05-29,0,common_index_cache,13,50.53,-8.42,-13.1,-4.52,-13.1,-11.02,-7.82,-2.84,0.65,-3.35,intraday_0950,2026-05-29 09:50:00,人气Top50；收盘承接较强；近5日强势延续；人气排名明显上升；弱市中个股相对抗跌,量能不足；短线涨幅偏高；偏离20日线较大；v2回避前段过热样本,v2
2026-05-29,,次日已审,低层级强势反哺,普通/不推送走强,low_level_winner,不推送 后来走强，原因反哺：人气Top50、当日上涨、近5日强势延续,39,603678,火炬电子,不推送,未入快策略,,2026-05-29,0,common_index_cache,13,40.26,-6.52,7.04,7.04,7.04,28.47,26.72,37.43,35.56,32.52,intraday_0950,2026-05-29 09:50:00,人气Top50；当日上涨；近5日强势延续,短线涨幅偏高；偏离20日线较大；弱市先收缩执行；v2回避前段过热样本,v2
2026-05-29,,次日已审,低层级强势反哺,普通/不推送走强,low_level_winner,不推送 后来走强，原因反哺：站上20日线且不过热、近5日趋势升温、连续上榜确认,96,600667,太极实业,不推送,未入快策略,,2026-05-29,0,common_index_cache,13,39.55,-4.7,-0.37,3.82,-0.37,9.1,18.49,14.47,24.33,26.05,intraday_0950,2026-05-29 09:50:00,近5日趋势升温；站上20日线且不过热；连续上榜确认,收盘承接偏弱；量能不足；人气排名明显回落；弱市先收缩执行；后段人气股在偏弱环境里更谨慎；v2回避人气转弱样本,v2
2026-05-29,,次日已审,低层级强势反哺,普通/不推送走强,low_level_winner,不推送 后来走强，原因反哺：人气Top50、持续霸榜,44,600186,莲花控股,不推送,未入快策略,,2026-05-29,0,common_index_cache,13,39.49,-4.85,-6.37,2.66,-6.37,-9.13,-3.62,-4.5,1.3,2.66,intraday_0950,2026-05-29 09:50:00,人气Top50；持续霸榜,当日转弱；收盘承接偏弱；量能不足；近5日趋势未确认；仍在20日线下方；热度可能进入后段；人气排名明显回落；弱市先收缩执行；弱市里的长连榜样本优先降权；市场健康度不足，收缩推送；市场健康度偏弱；v2回避转弱弱收盘样本；v2回避人气转弱样本,v2
2026-05-29,,次日已审,低层级强势反哺,普通/不推送走强,low_level_winner,不推送 后来走强，原因反哺：人气Top50、持续霸榜,30,600522,中天科技,不推送,未入快策略,,2026-05-29,0,common_index_cache,13,38.52,5.95,-0.63,6.33,-0.63,13.47,16.22,7.1,9.69,24.55,intraday_0950,2026-05-29 09:50:00,人气Top50；持续霸榜,当日转弱；收盘承接偏弱；量能不足；近5日趋势未确认；热度可能进入后段；弱市先收缩执行；弱市里的长连榜样本优先降权；市场健康度不足，收缩推送；市场健康度偏弱；v2回避转弱弱收盘样本,v2
2026-05-29,,次日已审,低层级强势反哺,普通/不推送走强,low_level_winner,不推送 后来走强，原因反哺：站上20日线且不过热、近5日趋势升温,92,605589,圣泉集团,不推送,未入快策略,,2026-05-29,0,common_index_cache,13,37.67,-3.9,0.66,4.46,0.66,11.96,7.92,16.5,12.3,16.73,intraday_0950,2026-05-29 09:50:00,近5日趋势升温；站上20日线且不过热,当日转弱；收盘承接偏弱；量能不足；弱市先收缩执行；后段人气股在偏弱环境里更谨慎；v2回避转弱弱收盘样本,v2
2026-05-29,,次日已审,低层级强势反哺,普通/不推送走强,low_level_winner,不推送 后来走强，原因反哺：当日强涨,64,003036,泰坦股份,不推送,未入快策略,,2026-05-29,0,common_index_cache,13,37.2,-7.03,-6.0,-4.27,-6.0,-10.91,7.82,-4.17,15.97,7.82,intraday_0950,2026-05-29 09:50:00,当日强涨,短线涨幅过热；远离20日线过多；弱市先收缩执行；后段人气股在偏弱环境里更谨慎；v2回避前段过热样本,v2
2026-05-29,,次日已审,低层级强势反哺,普通/不推送走强,low_level_winner,不推送 后来走强，原因反哺：站上20日线且不过热、近5日趋势升温、连续上榜确认,68,605006,山东玻纤,不推送,未入快策略,,2026-05-29,0,common_index_cache,13,36.84,-8.42,-13.21,-3.16,-13.21,-9.53,-3.21,-1.21,5.69,3.74,intraday_0950,2026-05-29 09:50:00,近5日趋势升温；站上20日线且不过热；连续上榜确认,当日转弱；收盘承接偏弱；量能不足；弱市先收缩执行；后段人气股在偏弱环境里更谨慎；v2回避转弱弱收盘样本；v2回避人气转弱样本,v2
2026-05-29,,次日已审,低层级强势反哺,普通/不推送走强,low_level_winner,不推送 后来走强，原因反哺：人气Top50、人气排名明显上升,47,600206,有研新材,不推送,未入快策略,,2026-05-29,0,common_index_cache,13,33.97,-4.38,-8.52,-3.47,-8.52,-2.15,-1.95,2.32,2.54,1.99,intraday_0950,2026-05-29 09:50:00,人气Top50；人气排名明显上升,当日转弱；收盘承接偏弱；弱市先收缩执行；市场健康度不足，收缩推送；市场健康度偏弱；v2回避转弱弱收盘样本,v2
2026-05-29,,次日已审,低层级强势反哺,普通/不推送走强,low_level_winner,不推送 后来走强，原因反哺：弱市中个股相对抗跌、收在日内高位、站上20日线且不过热,87,603618,杭电股份,不推送,未入快策略,,2026-05-29,0,common_index_cache,13,32.51,2.46,-1.54,3.94,-1.54,12.06,6.84,9.38,4.28,18.95,intraday_0950,2026-05-29 09:50:00,收在日内高位；站上20日线且不过热；弱市中个股相对抗跌,量能不足；近5日趋势未确认；后段人气股在偏弱环境里更谨慎,v2
2026-05-29,,次日已审,低层级强势反哺,普通/不推送走强,low_level_winner,不推送 后来走强，原因反哺：站上20日线且不过热、近5日趋势升温,69,000657,中钨高新,不推送,未入快策略,,2026-05-29,0,common_index_cache,13,31.31,-0.23,-7.33,3.84,-7.33,5.18,2.82,5.42,3.06,9.72,intraday_0950,2026-05-29 09:50:00,近5日趋势升温；站上20日线且不过热,当日转弱；收盘承接偏弱；量能不足；弱市先收缩执行；后段人气股在偏弱环境里更谨慎；v2回避转弱弱收盘样本,v2
2026-05-29,,次日已审,低层级强势反哺,普通/不推送走强,low_level_winner,不推送 后来走强，原因反哺：站上20日线且不过热,80,002491,通鼎互联,不推送,未入快策略,,2026-05-29,0,common_index_cache,13,29.27,6.3,4.46,11.21,4.46,9.82,11.75,3.3,5.12,28.68,intraday_0950,2026-05-29 09:50:00,站上20日线且不过热,当日转弱；收盘承接偏弱；量能不足；近5日趋势未确认；弱市先收缩执行；后段人气股在偏弱环境里更谨慎；市场健康度不足，收缩推送；市场健康度偏弱；v2回避转弱弱收盘样本,v2
2026-05-29,,次日已审,低层级强势反哺,普通/不推送走强,low_level_winner,不推送 后来走强，原因反哺：站上20日线且不过热、连续上榜确认,95,600105,永鼎股份,不推送,未入快策略,,2026-05-29,0,common_index_cache,13,28.83,-4.19,-7.9,0.82,-7.9,6.02,13.15,10.66,18.09,21.93,intraday_0950,2026-05-29 09:50:00,站上20日线且不过热；连续上榜确认,收盘承接偏弱；量能不足；人气排名明显回落；上影线偏长；弱市先收缩执行；后段人气股在偏弱环境里更谨慎；v2回避人气转弱样本,v2
2026-05-29,,次日已审,低层级强势反哺,普通/不推送走强,low_level_winner,不推送 后来走强，原因反哺：人气Top50、人气排名明显上升、当日上涨,28,603256,宏和科技,不推送,未入快策略,,2026-05-29,0,common_index_cache,13,27.0,-10.79,-10.79,-6.29,-10.79,-3.22,-3.86,8.48,7.76,3.22,intraday_0950,2026-05-29 09:50:00,人气Top50；当日上涨；近5日强势延续；人气排名明显上升,量能不足；短线涨幅偏高；偏离20日线较大；弱市先收缩执行；v2回避前段过热样本,v2
2026-05-29,,次日已审,低层级强势反哺,普通/不推送走强,low_level_winner,不推送 后来走强，原因反哺：持续霸榜,89,600707,彩虹股份,不推送,未入快策略,,2026-05-29,0,common_index_cache,13,24.36,-4.03,-2.95,4.03,-2.95,2.36,15.03,6.65,19.86,18.37,intraday_0950,2026-05-29 09:50:00,持续霸榜,当日转弱；收盘承接偏弱；量能不足；近5日趋势未确认；热度可能进入后段；弱市先收缩执行；后段人气股在偏弱环境里更谨慎；弱市里的长连榜样本优先降权；市场健康度不足，收缩推送；市场健康度偏弱；v2回避转弱弱收盘样本；v2回避人气转弱样本,v2
2026-05-29,,次日已审,低层级强势反哺,普通/不推送走强,low_level_winner,不推送 后来走强，原因反哺：站上20日线且不过热、近5日趋势升温、连续上榜确认,78,605358,立昂微,不推送,未入快策略,,2026-05-29,0,common_index_cache,13,23.91,-3.39,-2.03,3.04,-2.03,1.45,16.61,5.01,20.7,19.4,intraday_0950,2026-05-29 09:50:00,近5日趋势升温；站上20日线且不过热；连续上榜确认,当日转弱；收盘承接偏弱；量能不足；人气排名明显回落；弱市先收缩执行；后段人气股在偏弱环境里更谨慎；v2回避转弱弱收盘样本；v2回避人气转弱样本,v2
2026-05-29,,次日已审,低层级强势反哺,普通/不推送走强,low_level_winner,不推送 后来走强，原因反哺：人气Top50、人气排名明显上升、弱市中个股相对抗跌,27,002552,宝鼎科技,不推送,未入快策略,,2026-05-29,0,common_index_cache,13,23.54,-11.09,-0.82,6.3,-0.82,1.81,-0.15,14.52,12.31,7.82,intraday_0950,2026-05-29 09:50:00,人气Top50；当日上涨；收在日内高位；持续霸榜；人气排名明显上升；弱市中个股相对抗跌,量能不足；短线涨幅过热；远离20日线过多；热度可能进入后段；弱市里的长连榜样本优先降权,v2
2026-05-29,,次日已审,低层级强势反哺,普通/不推送走强,low_level_winner,不推送 后来走强，原因反哺：人气Top50、持续霸榜、站上20日线且不过热,25,603986,兆易创新,不推送,未入快策略,,2026-05-29,0,common_index_cache,13,21.17,-1.58,-3.24,1.3,-3.24,1.77,0.9,3.41,2.52,11.24,intraday_0950,2026-05-29 09:50:00,人气Top50；站上20日线且不过热；持续霸榜,收盘承接偏弱；量能不足；热度可能进入后段；弱市先收缩执行；弱市里的长连榜样本优先降权,v2
2026-05-29,,次日已审,低层级强势反哺,普通/不推送走强,low_level_winner,不推送 后来走强，原因反哺：人气Top50、持续霸榜,22,002297,博云新材,不推送,未入快策略,,2026-05-29,0,common_index_cache,13,20.3,-4.85,-8.26,-3.03,-8.26,-1.17,-4.62,3.87,0.25,0.98,intraday_0950,2026-05-29 09:50:00,人气Top50；持续霸榜,当日转弱；收盘承接偏弱；量能不足；近5日趋势未确认；仍在20日线下方；热度可能进入后段；弱市先收缩执行；弱市里的长连榜样本优先降权；市场健康度不足，收缩推送；市场健康度偏弱；v2回避转弱弱收盘样本,v2
2026-05-29,,次日已审,低层级强势反哺,普通/不推送走强,low_level_winner,不推送 后来走强，原因反哺：近5日趋势升温,81,300408,三环集团,不推送,未入快策略,,2026-05-29,0,common_index_cache,13,20.21,-3.34,-2.85,6.04,-2.85,4.31,4.26,7.91,7.86,10.5,intraday_0950,2026-05-29 09:50:00,近5日趋势升温,当日转弱；收盘承接偏弱；量能不足；偏离20日线较大；人气排名明显回落；弱市先收缩执行；后段人气股在偏弱环境里更谨慎；v2回避转弱弱收盘样本；v2回避人气转弱样本,v2
2026-05-29,,次日已审,低层级强势反哺,普通/不推送走强,low_level_winner,不推送 后来走强，原因反哺：站上20日线且不过热、近5日趋势升温,100,600237,铜峰电子,不推送,未入快策略,,2026-05-29,0,common_index_cache,13,16.84,-4.19,-4.93,0.09,-4.93,3.35,12.28,7.86,17.18,17.21,intraday_0950,2026-05-29 09:50:00,近5日趋势升温；站上20日线且不过热,当日转弱；收盘承接偏弱；弱市先收缩执行；后段人气股在偏弱环境里更谨慎；v2回避转弱弱收盘样本,v2
2026-05-29,,次日已审,低层级强势反哺,普通/不推送走强,low_level_winner,不推送 后来走强，原因反哺：持续霸榜、站上20日线且不过热,55,002384,东山精密,不推送,未入快策略,,2026-05-29,0,common_index_cache,13,16.16,-5.41,-13.31,-4.15,-13.31,1.27,0.1,7.06,5.83,10.63,intraday_0950,2026-05-29 09:50:00,站上20日线且不过热；持续霸榜,收盘承接偏弱；量能不足；热度可能进入后段；上影线偏长；弱市先收缩执行；后段人气股在偏弱环境里更谨慎；弱市里的长连榜样本优先降权,v2
2026-05-29,,次日已审,低层级强势反哺,普通/不推送走强,low_level_winner,不推送 后来走强，原因反哺：温和放量、站上20日线且不过热、近5日趋势升温,51,601958,金钼股份,不推送,未入快策略,,2026-05-29,0,common_index_cache,13,16.01,-4.28,-5.46,2.69,-5.46,-2.36,-10.51,2.0,-6.51,2.69,intraday_0950,2026-05-29 09:50:00,温和放量；近5日趋势升温；站上20日线且不过热,当日转弱；收盘承接偏弱；弱市先收缩执行；后段人气股在偏弱环境里更谨慎；v2回避转弱弱收盘样本,v2
2026-05-29,,次日已审,低层级强势反哺,普通/不推送走强,low_level_winner,不推送 后来走强，原因反哺：原因待补充,74,300975,商络电子,不推送,未入快策略,,2026-05-29,0,common_index_cache,13,13.17,1.54,5.65,13.06,5.65,17.12,22.91,15.35,21.05,24.14,intraday_0950,2026-05-29 09:50:00,-,当日转弱；收盘承接偏弱；量能不足；短线涨幅过热；远离20日线过多；弱市先收缩执行；后段人气股在偏弱环境里更谨慎；v2回避转弱弱收盘样本；v2回避前段过热样本,v2
2026-05-29,,次日已审,低层级强势反哺,普通/不推送走强,low_level_winner,不推送 后来走强，原因反哺：站上20日线且不过热、近5日趋势升温,73,000733,振华科技,不推送,未入快策略,,2026-05-29,0,common_index_cache,13,9.35,-4.78,-4.31,0.02,-4.31,1.43,5.47,6.52,10.77,16.2,intraday_0950,2026-05-29 09:50:00,近5日趋势升温；站上20日线且不过热,当日转弱；收盘承接偏弱；量能不足；弱市先收缩执行；后段人气股在偏弱环境里更谨慎；v2回避转弱弱收盘样本；v2回避人气转弱样本,v2
2026-05-29,,次日已审,低层级强势反哺,普通/不推送走强,low_level_winner,不推送 后来走强，原因反哺：当日上涨、站上20日线且不过热、近5日趋势升温,85,603267,鸿远电子,不推送,未入快策略,,2026-05-29,0,common_index_cache,13,3.86,-6.8,-0.57,2.48,-0.57,6.77,3.59,14.56,11.14,15.73,intraday_0950,2026-05-29 09:50:00,当日上涨；近5日趋势升温；站上20日线且不过热,收盘承接偏弱；人气排名明显回落；弱市先收缩执行；后段人气股在偏弱环境里更谨慎；v2回避人气转弱样本,v2
2026-05-29,,次日已审,低层级强势反哺,普通/不推送走强,low_level_winner,不推送 后来走强，原因反哺：弱市中个股相对抗跌、当日上涨、收盘承接较强,62,002585,双星新材,不推送,未入快策略,,2026-05-29,0,common_index_cache,13,0.34,-31.33,-28.63,-25.39,-28.63,-27.55,-20.19,5.51,16.22,-12.36,intraday_0950,2026-05-29 09:50:00,当日上涨；收盘承接较强；弱市中个股相对抗跌,短线涨幅过热；远离20日线过多；人气排名明显回落；后段人气股在偏弱环境里更谨慎；v2回避前段过热样本,v2
2026-05-29,,次日已审,低层级强势反哺,普通/不推送走强,low_level_winner,不推送 后来走强，原因反哺：站上20日线且不过热、近5日趋势升温,75,002056,横店东磁,不推送,未入快策略,,2026-05-29,0,common_index_cache,10,-2.53,-0.79,-3.68,3.37,-3.68,8.87,15.44,9.74,16.36,19.71,intraday_0950,2026-05-29 09:50:00,近5日趋势升温；站上20日线且不过热,当日转弱；收盘承接偏弱；量能不足；弱市先收缩执行；后段人气股在偏弱环境里更谨慎；v2回避转弱弱收盘样本,v2
2026-05-29,,次日已审,低层级强势反哺,普通/不推送走强,low_level_winner,不推送 后来走强，原因反哺：近5日强势延续,88,002957,科瑞技术,不推送,未入快策略,,2026-05-29,0,common_index_cache,13,-7.65,1.19,-2.38,2.37,-2.38,6.44,-3.08,5.19,-4.22,16.57,intraday_0950,2026-05-29 09:50:00,近5日强势延续,收盘承接偏弱；量能不足；短线涨幅偏高；偏离20日线较大；人气排名明显回落；弱市先收缩执行；后段人气股在偏弱环境里更谨慎；v2回避人气转弱样本；v2回避前段过热样本,v2
2026-05-29,,次日已审,低层级强势反哺,普通/不推送走强,low_level_winner,不推送 后来走强，原因反哺：人气Top50、持续霸榜、站上20日线且不过热,42,002421,达实智能,不推送,未入快策略,,2026-05-29,0,common_index_cache,13,-14.51,-11.83,0.89,0.89,0.89,8.93,16.29,23.54,31.9,16.29,intraday_0950,2026-05-29 09:50:00,人气Top50；站上20日线且不过热；持续霸榜,当日转弱；收盘承接偏弱；量能不足；热度可能进入后段；弱市先收缩执行；弱市里的长连榜样本优先降权；v2回避转弱弱收盘样本,v2
2026-05-29,,次日已审,低层级强势反哺,普通/不推送走强,low_level_winner,不推送 后来走强，原因反哺：人气Top50、当日上涨、站上20日线且不过热,49,002636,金安国纪,不推送,已入快策略,,2026-05-29,0,common_index_cache,13,71.71,-4.92,-10.53,-4.0,-10.53,-7.19,4.34,-2.4,9.74,6.57,intraday_0950,2026-05-29 09:50:00,人气Top50；当日上涨；近5日趋势升温；站上20日线且不过热,上影线偏长；弱市先收缩执行,v2
2026-05-29,,次日已审,低层级强势反哺,普通/不推送走强,low_level_winner,不推送 后来走强，原因反哺：人气Top3、人气排名明显上升、当日上涨,3,000636,风华高科,不推送,已入快策略,,2026-05-29,0,common_index_cache,13,44.31,-4.56,7.27,13.52,7.27,17.97,16.23,23.6,21.78,25.86,intraday_0950,2026-05-29 09:50:00,人气Top3；当日上涨；近5日强势延续；持续霸榜；人气排名明显上升,短线涨幅偏高；远离20日线过多；热度可能进入后段；弱市先收缩执行；弱市里的长连榜样本优先降权；Top3高热度拥挤，次日兑现风险,v2
2026-05-29,,次日已审,低层级强势反哺,普通/不推送走强,low_level_winner,不推送 后来走强，原因反哺：人气Top20、人气排名明显上升、当日强涨,18,002484,江海股份,不推送,已入快策略,,2026-05-29,0,common_index_cache,13,30.51,-3.17,-1.55,2.61,-1.55,8.94,11.94,12.51,15.61,19.84,intraday_0950,2026-05-29 09:50:00,人气Top20；当日强涨；温和放量；近5日强势延续；连续上榜确认；人气排名明显上升,短线涨幅偏高；远离20日线过多；弱市先收缩执行；v2回避前段过热样本,v2
2026-05-29,,次日已审,低层级强势反哺,普通/不推送走强,low_level_winner,不推送 后来走强，原因反哺：人气Top50、弱市中个股相对抗跌、当日上涨,35,600183,生益科技,不推送,已入快策略,,2026-05-29,0,common_index_cache,13,27.82,-0.79,-4.34,4.37,-4.34,-0.46,-2.54,0.34,-1.76,4.37,intraday_0950,2026-05-29 09:50:00,人气Top50；当日上涨；收在日内高位；近5日强势延续；持续霸榜；弱市中个股相对抗跌,量能不足；短线涨幅偏高；偏离20日线较大；热度可能进入后段；弱市里的长连榜样本优先降权；v2回避后段过热样本,v2
2026-05-29,,次日已审,低层级强势反哺,普通/不推送走强,low_level_winner,不推送 后来走强，原因反哺：人气Top20、人气排名明显上升、站上20日线且不过热,20,600176,中国巨石,不推送,已入快策略,,2026-05-29,0,common_index_cache,13,26.1,-4.64,-11.5,-3.79,-11.5,-12.45,-14.64,-8.19,-10.49,-3.79,intraday_0950,2026-05-29 09:50:00,人气Top20；近5日趋势升温；站上20日线且不过热；人气排名明显上升,当日转弱；量能不足；弱市先收缩执行；v2回避转弱弱收盘样本,v2
2026-05-29,,次日已审,低层级强势反哺,普通/不推送走强,low_level_winner,不推送 后来走强，原因反哺：人气Top10、持续霸榜、站上20日线且不过热,9,000725,京东方A,不推送,已入快策略,,2026-05-29,0,common_index_cache,13,25.66,-4.12,0.37,4.68,0.37,4.68,20.41,9.18,25.59,26.78,intraday_0950,2026-05-29 09:50:00,人气Top10；站上20日线且不过热；持续霸榜,当日转弱；收盘承接偏弱；量能不足；热度可能进入后段；弱市先收缩执行；弱市里的长连榜样本优先降权；v2回避转弱弱收盘样本,v2
2026-05-29,,次日已审,低层级强势反哺,普通/不推送走强,low_level_winner,不推送 后来走强，原因反哺：人气Top10、持续霸榜、站上20日线且不过热,8,601991,大唐发电,不推送,已入快策略,,2026-05-29,0,common_index_cache,13,12.02,5.89,2.7,6.75,2.7,11.66,-2.7,5.45,-8.11,21.72,intraday_0950,2026-05-29 09:50:00,人气Top10；近5日趋势升温；站上20日线且不过热；持续霸榜,量能不足；热度可能进入后段；弱市先收缩执行；弱市里的长连榜样本优先降权,v2
2026-05-29,,次日已审,低层级强势反哺,普通/不推送走强,low_level_winner,不推送 后来走强，原因反哺：人气Top10、温和放量、站上20日线且不过热,6,002579,中京电子,不推送,已入快策略,,2026-05-29,0,common_index_cache,13,5.18,-1.14,7.46,7.46,7.46,10.76,6.44,12.04,7.66,24.6,intraday_0950,2026-05-29 09:50:00,人气Top10；温和放量；近5日强势延续；站上20日线且不过热；连续上榜确认,当日转弱；收盘承接偏弱；短线涨幅偏高；弱市先收缩执行；v2回避转弱弱收盘样本,v2
2026-05-29,,次日已审,低层级强势反哺,普通/不推送走强,low_level_winner,不推送 后来走强，原因反哺：人气Top20、持续霸榜、近5日强势延续,13,600396,华电辽能,不推送,已入快策略,,2026-05-29,0,common_index_cache,13,-9.74,1.37,-6.19,1.42,-6.19,8.22,1.47,6.75,0.1,16.84,intraday_0950,2026-05-29 09:50:00,人气Top20；近5日强势延续；持续霸榜,量能不足；短线涨幅偏高；偏离20日线较大；热度可能进入后段；上影线偏长；弱市先收缩执行；弱市里的长连榜样本优先降权；v2回避人气转弱样本,v2
2026-05-29,,次日已审,低层级强势反哺,普通/不推送走强,low_level_winner,不推送 后来走强，原因反哺：弱市中个股相对抗跌、当日上涨、持续霸榜,59,600759,ST洲际,不推送,已入快策略,,2026-05-29,0,common_index_cache,13,-12.32,5.07,5.07,5.07,5.07,8.33,4.35,3.1,-0.69,15.94,intraday_0950,2026-05-29 09:50:00,当日上涨；收在日内高位；持续霸榜；弱市中个股相对抗跌,量能不足；仍在20日线下方；热度可能进入后段；人气排名明显回落；后段人气股在偏弱环境里更谨慎；弱市里的长连榜样本优先降权,v2
2026-05-29,,次日已审,低层级强势反哺,普通/不推送走强,low_level_winner,不推送 后来走强，原因反哺：弱市中个股相对抗跌、当日上涨、持续霸榜,52,600745,*ST闻泰,不推送,已入快策略,,2026-05-29,0,common_index_cache,13,-14.08,4.98,4.98,4.98,4.98,4.74,3.48,-0.23,-1.43,15.77,intraday_0950,2026-05-29 09:50:00,当日上涨；收在日内高位；近5日强势延续；站上20日线且不过热；持续霸榜；弱市中个股相对抗跌,量能不足；短线涨幅偏高；热度可能进入后段；人气排名明显回落；后段人气股在偏弱环境里更谨慎；弱市里的长连榜样本优先降权；v2回避后段过热样本,v2
2026-05-29,,次日已审,低层级强势反哺,普通/不推送走强,low_level_winner,不推送 后来走强，原因反哺：人气Top50、弱市中个股相对抗跌、当日上涨,36,600863,华能蒙电,不推送,已入快策略,,2026-05-29,0,common_index_cache,13,-17.32,11.5,15.28,16.89,15.28,7.57,-9.32,-3.52,-18.67,16.89,intraday_0950,2026-05-29 09:50:00,人气Top50；当日上涨；收盘承接较强；近5日强势延续；连续上榜确认；弱市中个股相对抗跌,量能不足；短线涨幅偏高；偏离20日线较大；人气排名明显回落；v2回避后段过热样本,v2
2026-05-28,2026-05-21,次日已审,快策略候选,优先成功,priority_success,下个交易日主盯 后续最高表现达到 19.98%，保留这类命中特征。,3,600396,华电辽能,普通观察,下个交易日主盯,101.18,2026-05-27,1,common_index_cache,14,-3.37,4.13,8.74,12.92,8.74,5.32,19.27,1.15,14.55,19.98,intraday_0950,2026-05-28 09:50:00,人气Top3；当日上涨；收在日内高位；近5日强势延续；站上20日线且不过热；持续霸榜；人气排名明显上升；震荡市里保持相对强势；震荡市里承接未失控,量能不足；短线涨幅偏高；热度可能进入后段,v2
2026-05-28,2026-05-21,次日已审,快策略候选,优先成功,priority_success,下个交易日主盯 后续最高表现达到 18.24%，保留这类命中特征。,11,600726,华电能源,观察池,下个交易日主盯,77.03,2026-05-27,1,common_index_cache,14,-9.88,5.86,9.99,9.99,9.99,0.33,12.81,-5.23,6.56,18.24,intraday_0950,2026-05-28 09:50:00,人气Top20；当日涨停附近；收在日内高位；温和放量；站上20日线且不过热；连续上榜确认；人气排名明显上升；震荡市里保持相对强势；震荡市里承接未失控,短线涨幅过热；涨停封板不可买,v2
2026-05-28,2026-05-21,次日已审,快策略候选,优先成功,priority_success,下个交易日主盯 后续最高表现达到 41.66%，保留这类命中特征。,31,002484,江海股份,观察池,下个交易日主盯,73.97,2026-05-27,1,common_index_cache,14,41.66,10.0,5.1,10.0,5.1,12.68,30.08,2.43,18.25,30.08,intraday_0950,2026-05-28 09:50:00,人气Top50；当日涨停附近；收在日内高位；近5日强势延续；人气排名明显上升；震荡市里保持相对强势；震荡市里承接未失控；v2低分涨停修正,量能不足；短线涨幅偏高；偏离20日线较大；涨停封板不可买,v2
2026-05-28,2026-05-21,次日已审,快策略候选,优先成功,priority_success,下个交易日主盯 后续最高表现达到 16.50%，保留这类命中特征。,6,601991,大唐发电,不推送,下个交易日主盯,65.83,2026-05-27,1,common_index_cache,14,1.67,-12.25,-3.9,-2.12,-3.9,2.23,-1.89,16.5,11.8,10.47,intraday_0950,2026-05-28 09:50:00,人气Top10；收在日内高位；站上20日线且不过热；持续霸榜；震荡市里保持相对强势；震荡市里承接未失控,量能不足；热度可能进入后段,v2
2026-05-28,2026-05-21,次日已审,快策略候选,优先成功,priority_success,下个交易日主盯 后续最高表现达到 18.08%，保留这类命中特征。,34,601138,工业富联,不推送,下个交易日主盯,65.83,2026-05-27,1,common_index_cache,14,0.97,9.47,2.03,10.69,2.03,11.22,9.19,1.6,-0.25,18.08,intraday_0950,2026-05-28 09:50:00,人气Top50；收在日内高位；近5日趋势升温；站上20日线且不过热；持续霸榜；人气排名明显上升；震荡市里保持相对强势；震荡市里承接未失控,量能不足；热度可能进入后段,v2
2026-05-28,2026-05-21,次日已审,快策略候选,优先成功,priority_success,下个交易日主盯 后续最高表现达到 23.28%，保留这类命中特征。,47,300433,蓝思科技,不推送,下个交易日主盯,65.62,2026-05-27,1,common_index_cache,14,23.28,-3.95,-2.5,-0.58,-2.5,-0.75,5.06,3.33,9.37,12.66,intraday_0950,2026-05-28 09:50:00,人气Top50；当日上涨；收在日内高位；近5日趋势升温；站上20日线且不过热；人气排名明显上升；震荡市里保持相对强势；震荡市里承接未失控,量能不足,v2
2026-05-28,2026-05-21,次日已审,快策略候选,优先成功,priority_success,下个交易日主盯 后续最高表现达到 29.10%，保留这类命中特征。,7,600863,华能蒙电,不推送,下个交易日主盯,64.95,2026-05-27,1,common_index_cache,14,-8.68,6.75,17.36,17.36,17.36,18.65,10.61,11.14,3.61,29.1,intraday_0950,2026-05-28 09:50:00,人气Top10；近5日趋势升温；站上20日线且不过热；连续上榜确认；人气排名明显上升；震荡市里保持相对强势,量能不足,v2
2026-05-28,2026-05-21,次日已审,快策略候选,优先成功,priority_success,下个交易日主盯 后续最高表现达到 17.88%，保留这类命中特征。,26,600745,*ST闻泰,不推送,下个交易日主盯,62.23,2026-05-27,1,common_index_cache,14,-12.51,1.82,1.82,1.82,1.82,12.27,1.33,10.26,-0.48,17.88,intraday_0950,2026-05-28 09:50:00,人气Top50；当日上涨；收在日内高位；近5日趋势升温；持续霸榜；人气排名明显上升；震荡市里保持相对强势；震荡市里承接未失控,量能不足；仍在20日线下方；热度可能进入后段,v2
2026-05-28,2026-05-21,次日已审,快策略候选,优先成功,priority_success,下个交易日主盯 后续最高表现达到 56.44%，保留这类命中特征。,14,000636,风华高科,不推送,下个交易日主盯,56.5,2026-05-27,1,common_index_cache,14,56.44,9.46,12.02,13.01,12.02,26.55,34.14,15.61,22.54,36.44,intraday_0950,2026-05-28 09:50:00,人气Top20；当日强涨；温和放量；近5日强势延续；连续上榜确认；震荡市里保持相对强势,短线涨幅偏高；远离20日线过多,v2
2026-05-28,2026-05-21,次日已审,快策略候选,优先走弱,priority_failed,下个交易日主盯 未兑现，复盘风险项：涨停封板不可买,32,600744,华银电力,观察池,下个交易日主盯,107.53,2026-05-27,1,common_index_cache,14,-14.97,0.34,3.54,5.03,3.54,0.91,0.46,0.57,0.11,6.29,intraday_0950,2026-05-28 09:50:00,人气Top50；当日涨停附近；收在日内高位；温和放量；近5日趋势升温；站上20日线且不过热；震荡市里保持相对强势；震荡市里承接未失控；v2强势延续修正,涨停封板不可买,v2
2026-05-28,2026-05-21,次日已审,快策略候选,优先走弱,priority_failed,下个交易日主盯 未兑现，复盘风险项：涨停封板不可买,18,000539,粤电力A,观察池,下个交易日主盯,98.0,2026-05-27,1,common_index_cache,14,-4.97,1.39,2.66,2.66,2.66,5.55,6.01,4.1,4.56,13.53,intraday_0950,2026-05-28 09:50:00,人气Top20；当日涨停附近；收在日内高位；放量仍可控；近5日趋势升温；站上20日线且不过热；首次上榜即强势；首次上榜强势提权；震荡市里保持相对强势；震荡市里承接未失控；v2强势延续修正；v2低分涨停修正,涨停封板不可买,v2
2026-05-28,2026-05-21,次日已审,快策略候选,优先走弱,priority_failed,下个交易日主盯 未兑现，复盘风险项：量能不足；偏离20日线较大；涨停封板不可买,28,603773,沃格光电,观察池,下个交易日主盯,86.92,2026-05-27,1,common_index_cache,14,0.0,-32.58,-37.35,-30.84,-37.35,-26.56,-26.32,8.93,9.29,-22.48,intraday_0950,2026-05-28 09:50:00,人气Top50；当日涨停附近；收在日内高位；近5日趋势升温；连续上榜确认；震荡市里保持相对强势；震荡市里承接未失控；v2低分涨停修正,量能不足；偏离20日线较大；涨停封板不可买,v2
2026-05-28,2026-05-21,次日已审,快策略候选,优先走弱,priority_failed,下个交易日主盯 未兑现，复盘风险项：量能不足；热度可能进入后段,13,603601,再升科技,普通观察,下个交易日主盯,86.03,2026-05-27,1,common_index_cache,14,-29.85,-5.83,-5.83,-2.18,-5.83,-23.75,-30.78,-19.04,-26.5,-2.18,intraday_0950,2026-05-28 09:50:00,人气Top20；当日上涨；收在日内高位；近5日趋势升温；站上20日线且不过热；持续霸榜；人气排名明显上升；震荡市里保持相对强势；震荡市里承接未失控,量能不足；热度可能进入后段,v2
2026-05-28,2026-05-21,次日已审,快策略候选,优先走弱,priority_failed,下个交易日主盯 未兑现，复盘风险项：放量过猛；涨停封板不可买,46,000759,中百集团,观察池,下个交易日主盯,80.03,2026-05-27,1,common_index_cache,14,-3.51,-9.09,-2.55,0.96,-2.55,-6.54,-17.38,2.81,-9.12,0.96,intraday_0950,2026-05-28 09:50:00,人气Top50；当日涨停附近；收在日内高位；近5日趋势升温；站上20日线且不过热；震荡市里保持相对强势；震荡市里承接未失控；v2低分涨停修正,放量过猛；涨停封板不可买,v2
2026-05-28,2026-05-21,次日已审,快策略候选,优先走弱,priority_failed,下个交易日主盯 未兑现，复盘风险项：短线涨幅偏高；v2回避前段过热样本,12,002251,步步高,普通观察,下个交易日主盯,74.0,2026-05-27,1,common_index_cache,14,-15.4,-3.47,5.86,5.86,5.86,5.86,-4.12,9.66,-0.67,12.8,intraday_0950,2026-05-28 09:50:00,人气Top20；温和放量；近5日强势延续；站上20日线且不过热；连续上榜确认；人气排名明显上升；震荡市里保持相对强势；v2连榜升温修正,短线涨幅偏高；v2回避前段过热样本,v2
2026-05-28,2026-05-21,次日已审,快策略候选,优先走弱,priority_failed,下个交易日主盯 未兑现，复盘风险项：放量过猛；后段人气股在偏弱环境里更谨慎；涨停封板不可买,80,600779,水井坊,观察池,下个交易日主盯,59.05,2026-05-27,1,common_index_cache,14,-17.19,-2.04,2.9,6.24,2.9,-6.9,-11.12,-4.96,-9.27,6.24,intraday_0950,2026-05-28 09:50:00,当日涨停附近；收在日内高位；近5日趋势升温；站上20日线且不过热；震荡市里保持相对强势；震荡市里承接未失控,放量过猛；后段人气股在偏弱环境里更谨慎；涨停封板不可买,v2
2026-05-28,2026-05-21,次日已审,快策略候选,优先走弱,priority_failed,下个交易日主盯 未兑现，复盘风险项：-,15,002241,歌尔股份,不推送,下个交易日主盯,56.33,2026-05-27,1,common_index_cache,14,-18.26,-3.35,-7.39,-2.0,-7.39,-7.84,-13.91,-4.64,-10.93,-2.0,intraday_0950,2026-05-28 09:50:00,人气Top20；收盘承接较强；近5日趋势升温；站上20日线且不过热；连续上榜确认；震荡市里保持相对强势；震荡市里承接未失控,-,v2
2026-05-28,2026-05-21,次日已审,快策略候选,优先走弱,priority_failed,下个交易日主盯 未兑现，复盘风险项：偏离20日线较大；热度可能进入后段；v2回避后段过热样本,36,002421,达实智能,不推送,下个交易日主盯,54.42,2026-05-27,1,common_index_cache,14,-21.19,-7.2,-15.43,-0.41,-15.43,2.26,-2.47,10.2,5.1,4.94,intraday_0950,2026-05-28 09:50:00,人气Top50；当日上涨；收盘承接较强；近5日趋势升温；持续霸榜；震荡市里保持相对强势；震荡市里承接未失控,偏离20日线较大；热度可能进入后段；v2回避后段过热样本,v2
2026-05-28,2026-05-21,次日已审,快策略候选,优先走弱,priority_failed,下个交易日主盯 未兑现，复盘风险项：当日转弱；量能不足；短线涨幅偏高；偏离20日线较大；热度可能进入后段,1,600584,长电科技,不推送,下个交易日主盯,53.9,2026-05-27,1,common_index_cache,14,-2.53,2.53,-2.18,7.02,-2.18,-10.17,-4.53,-12.38,-6.88,7.02,intraday_0950,2026-05-28 09:50:00,人气Top3；近5日强势延续；持续霸榜；震荡市里保持相对强势,当日转弱；量能不足；短线涨幅偏高；偏离20日线较大；热度可能进入后段,v2
2026-05-28,2026-05-21,次日已审,快策略候选,优先走弱,priority_failed,下个交易日主盯 未兑现，复盘风险项：量能不足；短线涨幅过热；偏离20日线较大；涨停封板不可买,29,000509,华塑控股,观察池,下个交易日主盯,53.03,2026-05-27,1,common_index_cache,14,-27.05,9.95,-9.95,9.95,-9.95,-10.12,-16.4,-18.25,-23.97,9.95,intraday_0950,2026-05-28 09:50:00,人气Top50；当日涨停附近；收在日内高位；连续上榜确认；人气排名明显上升；震荡市里保持相对强势；震荡市里承接未失控,量能不足；短线涨幅过热；偏离20日线较大；涨停封板不可买,v2
2026-05-28,2026-05-21,次日已审,快策略候选,暂未强势,neutral,继续等待更多交易日或降低权重。,8,000021,深科技,观察池,下个交易日主盯,109.28,2026-05-27,1,common_index_cache,14,6.87,4.98,-1.44,8.67,-1.44,-7.95,-1.72,-12.31,-6.38,8.67,intraday_0950,2026-05-28 09:50:00,人气Top10；当日涨停附近；收在日内高位；近5日强势延续；持续霸榜；震荡市里保持相对强势；震荡市里承接未失控；v2强势延续修正；v2低分涨停修正,短线涨幅偏高；偏离20日线较大；热度可能进入后段；涨停封板不可买,v2
2026-05-28,2026-05-21,次日已审,快策略候选,暂未强势,neutral,继续等待更多交易日或降低权重。,19,002129,TCL中环,重点观察,下个交易日主盯,76.93,2026-05-27,1,common_index_cache,14,3.08,-0.58,-6.16,0.38,-6.16,-12.22,-8.08,-11.71,-7.55,0.38,intraday_0950,2026-05-28 09:50:00,人气Top20；当日上涨；收盘承接较强；温和放量；近5日趋势升温；站上20日线且不过热；人气排名明显上升；震荡市里保持相对强势；震荡市里承接未失控；v2早段升温样本提权,-,v2
2026-05-28,2026-05-21,次日已审,快策略候选,暂未强势,neutral,继续等待更多交易日或降低权重。,23,603989,艾华集团,观察池,下个交易日主盯,73.72,2026-05-27,1,common_index_cache,14,6.04,4.27,0.65,7.62,0.65,-10.79,-3.74,-14.45,-7.68,7.62,intraday_0950,2026-05-28 09:50:00,人气Top50；当日涨停附近；收在日内高位；近5日趋势升温；人气排名明显上升；震荡市里保持相对强势；震荡市里承接未失控,量能不足；偏离20日线较大；一字或近似一字，参与点差；一字板不可买,v2
2026-05-28,2026-05-21,次日已审,快策略候选,暂未强势,neutral,继续等待更多交易日或降低权重。,33,000988,华工科技,不推送,下个交易日主盯,58.62,2026-05-27,1,common_index_cache,14,5.56,2.82,-6.1,2.82,-6.1,-7.76,-2.12,-10.29,-4.8,2.82,intraday_0950,2026-05-28 09:50:00,人气Top50；收在日内高位；站上20日线且不过热；持续霸榜；震荡市里保持相对强势；震荡市里承接未失控,量能不足；热度可能进入后段,v2
2026-05-28,2026-05-21,次日已审,快策略候选,优先成功,priority_success,优先观察 后续最高表现达到 32.69%，保留这类命中特征。,9,002579,中京电子,不推送,优先观察,51.55,2026-05-27,1,common_index_cache,14,12.01,17.04,4.0,18.56,4.0,25.89,24.98,7.56,6.79,32.69,intraday_0950,2026-05-28 09:50:00,人气Top10；温和放量；近5日强势延续；站上20日线且不过热；连续上榜确认；震荡市里保持相对强势；v2热点回踩观察,当日转弱；收盘承接偏弱；短线涨幅偏高；v2回避转弱弱收盘样本；v2回避前段过热样本,v2
2026-05-28,2026-05-21,次日已审,快策略候选,优先走弱,priority_failed,优先观察 未兑现，复盘风险项：当日转弱；收盘承接偏弱；量能不足；热度可能进入后段；v2回避转弱弱收盘样本,10,002156,通富微电,不推送,优先观察,49.4,2026-05-27,1,common_index_cache,14,-2.15,2.05,-3.93,3.2,-3.93,-7.07,3.49,-8.94,1.41,5.53,intraday_0950,2026-05-28 09:50:00,人气Top10；近5日趋势升温；站上20日线且不过热；持续霸榜；震荡市里保持相对强势,当日转弱；收盘承接偏弱；量能不足；热度可能进入后段；v2回避转弱弱收盘样本,v2
2026-05-28,2026-05-21,次日已审,快策略候选,暂未强势,neutral,继续等待更多交易日或降低权重。,42,603005,晶方科技,不推送,优先观察,49.92,2026-05-27,1,common_index_cache,14,4.51,2.04,-7.0,2.2,-7.0,-12.46,1.02,-14.21,-1.0,2.2,intraday_0950,2026-05-28 09:50:00,人气Top50；收盘承接较强；近5日趋势升温；站上20日线且不过热；持续霸榜；震荡市里保持相对强势；震荡市里承接未失控,量能不足；热度可能进入后段；人气排名明显回落；v2回避后段过热样本,v2
2026-05-28,2026-05-21,次日已审,快策略候选,暂未强势,neutral,继续等待更多交易日或降低权重。,35,600703,三安光电,不推送,优先观察,49.33,2026-05-27,1,common_index_cache,14,2.33,1.37,-6.74,2.39,-6.74,-9.6,1.73,-10.82,0.35,2.39,intraday_0950,2026-05-28 09:50:00,人气Top50；收盘承接较强；近5日趋势升温；站上20日线且不过热；人气排名明显上升；震荡市里保持相对强势；震荡市里承接未失控,量能不足,v2
2026-05-28,2026-05-21,次日已审,快策略候选,暂未强势,neutral,继续等待更多交易日或降低权重。,48,002463,沪电股份,不推送,优先观察,48.58,2026-05-27,1,common_index_cache,14,12.12,1.88,1.02,6.24,1.02,0.22,7.73,-1.63,5.74,9.23,intraday_0950,2026-05-28 09:50:00,人气Top50；收盘承接较强；近5日强势延续；站上20日线且不过热；连续上榜确认；震荡市里保持相对强势；震荡市里承接未失控,量能不足；短线涨幅偏高；人气排名明显回落；v2回避后段过热样本,v2
2026-05-28,2026-05-21,次日已审,快策略候选,暂未强势,neutral,继续等待更多交易日或降低权重。,2,002185,华天科技,不推送,备选观察,45.3,2026-05-27,1,common_index_cache,14,-8.15,1.49,-6.85,3.57,-6.85,-11.72,-7.23,-13.02,-8.6,3.57,intraday_0950,2026-05-28 09:50:00,人气Top3；近5日强势延续；持续霸榜；震荡市里保持相对强势,短线涨幅偏高；偏离20日线较大；热度可能进入后段；上影线偏长,v2
2026-05-28,,次日已审,低层级强势反哺,普通/不推送走强,low_level_winner,不推送 后来走强，原因反哺：人气Top50、持续霸榜,37,600522,中天科技,不推送,未入快策略,,2026-05-28,0,common_index_cache,14,43.37,7.05,10.16,13.84,10.16,11.98,20.26,4.61,12.34,23.19,intraday_0950,2026-05-28 09:50:00,人气Top50；持续霸榜,当日转弱；收盘承接偏弱；量能不足；近5日趋势未确认；仍在20日线下方；热度可能进入后段；强势市里个股相对走弱；v2回避转弱弱收盘样本；v2回避人气转弱样本,v2
2026-05-28,,次日已审,低层级强势反哺,普通/不推送走强,low_level_winner,不推送 后来走强，原因反哺：人气Top50、人气排名明显上升、市场强势且个股相对强势,39,600667,太极实业,不推送,未入快策略,,2026-05-28,0,common_index_cache,14,41.94,2.46,-4.03,6.72,-4.03,11.49,22.09,8.81,19.16,22.09,intraday_0950,2026-05-28 09:50:00,人气Top50；近5日趋势升温；站上20日线且不过热；连续上榜确认；人气排名明显上升；市场强势且个股相对强势,当日转弱；收盘承接偏弱；量能不足；v2回避转弱弱收盘样本,v2
2026-05-28,,次日已审,低层级强势反哺,普通/不推送走强,low_level_winner,不推送 后来走强，原因反哺：市场强势且个股相对强势、站上20日线且不过热、近5日趋势升温,83,300088,长信科技,不推送,未入快策略,,2026-05-28,0,common_index_cache,14,36.39,-0.65,-9.03,-0.39,-9.03,-7.35,8.65,-6.75,9.35,9.68,intraday_0950,2026-05-28 09:50:00,近5日趋势升温；站上20日线且不过热；市场强势且个股相对强势,当日转弱；收盘承接偏弱；v2回避转弱弱收盘样本,v2
2026-05-28,,次日已审,低层级强势反哺,普通/不推送走强,low_level_winner,不推送 后来走强，原因反哺：市场强势且个股相对强势、当日上涨、收在日内高位,77,002552,宝鼎科技,不推送,未入快策略,,2026-05-28,0,common_index_cache,14,34.93,2.47,7.89,11.57,7.89,13.65,10.32,10.91,7.66,17.76,intraday_0950,2026-05-28 09:50:00,当日上涨；收在日内高位；连续上榜确认；市场强势且个股相对强势,量能不足；短线涨幅过热；远离20日线过多；人气排名明显回落；v2回避后段过热样本,v2
2026-05-28,,次日已审,低层级强势反哺,普通/不推送走强,low_level_winner,不推送 后来走强，原因反哺：人气Top50、市场强势且个股相对强势、持续霸榜,24,600186,莲花控股,不推送,未入快策略,,2026-05-28,0,common_index_cache,14,24.13,-8.55,-14.06,-6.6,-14.06,-18.37,-19.81,-10.74,-12.31,-6.6,intraday_0950,2026-05-28 09:50:00,人气Top50；收盘承接较强；近5日趋势升温；站上20日线且不过热；持续霸榜；市场强势且个股相对强势,量能不足；热度可能进入后段,v2
2026-05-28,,次日已审,低层级强势反哺,普通/不推送走强,low_level_winner,不推送 后来走强，原因反哺：人气排名明显上升、市场强势且个股相对强势、站上20日线且不过热,65,603045,福达合金,不推送,未入快策略,,2026-05-28,0,common_index_cache,14,22.81,-1.38,-9.81,-0.51,-9.81,9.17,12.44,10.7,14.02,17.14,intraday_0950,2026-05-28 09:50:00,近5日趋势升温；站上20日线且不过热；人气排名明显上升；市场强势且个股相对强势,当日转弱；收盘承接偏弱；v2回避转弱弱收盘样本,v2
2026-05-28,,次日已审,低层级强势反哺,普通/不推送走强,low_level_winner,不推送 后来走强，原因反哺：市场强势且个股相对强势、站上20日线且不过热、近5日强势延续,63,603663,三祥新材,不推送,未入快策略,,2026-05-28,0,common_index_cache,10,22.21,6.41,-3.29,6.42,-3.29,1.51,9.91,-4.6,3.29,16.97,intraday_0950,2026-05-28 09:50:00,近5日强势延续；站上20日线且不过热；市场强势且个股相对强势,当日转弱；收盘承接偏弱；短线涨幅偏高；v2回避转弱弱收盘样本；v2回避前段过热样本,v2
2026-05-28,,次日已审,低层级强势反哺,普通/不推送走强,low_level_winner,不推送 后来走强，原因反哺：人气排名明显上升、市场强势且个股相对强势、站上20日线且不过热,59,600105,永鼎股份,不推送,未入快策略,,2026-05-28,0,common_index_cache,14,21.26,-6.21,-8.11,-3.0,-8.11,-4.63,4.32,1.68,11.23,5.59,intraday_0950,2026-05-28 09:50:00,近5日趋势升温；站上20日线且不过热；人气排名明显上升；市场强势且个股相对强势,当日转弱；收盘承接偏弱；量能不足；v2回避转弱弱收盘样本,v2
2026-05-28,,次日已审,低层级强势反哺,普通/不推送走强,low_level_winner,不推送 后来走强，原因反哺：人气Top10、市场强势且个股相对强势、持续霸榜,4,000725,京东方A,不推送,未入快策略,,2026-05-28,0,common_index_cache,14,20.04,0.72,-8.59,0.89,-8.59,-2.15,10.02,-2.84,9.24,10.02,intraday_0950,2026-05-28 09:50:00,人气Top10；近5日趋势升温；站上20日线且不过热；持续霸榜；市场强势且个股相对强势,当日转弱；收盘承接偏弱；量能不足；热度可能进入后段；v2回避转弱弱收盘样本,v2
2026-05-28,,次日已审,低层级强势反哺,普通/不推送走强,low_level_winner,不推送 后来走强，原因反哺：人气排名明显上升、持续霸榜、站上20日线且不过热,61,002384,东山精密,不推送,未入快策略,,2026-05-28,0,common_index_cache,14,19.17,3.4,-1.18,6.66,-1.18,-2.16,10.3,-5.38,6.67,13.5,intraday_0950,2026-05-28 09:50:00,站上20日线且不过热；持续霸榜；人气排名明显上升,当日转弱；收盘承接偏弱；量能不足；热度可能进入后段；强势市里个股相对走弱；v2回避转弱弱收盘样本,v2
2026-05-28,,次日已审,低层级强势反哺,普通/不推送走强,low_level_winner,不推送 后来走强，原因反哺：人气Top20、持续霸榜、温和放量,17,002297,博云新材,不推送,未入快策略,,2026-05-28,0,common_index_cache,14,17.5,-1.19,-6.06,0.27,-6.06,-9.07,-5.29,-7.98,-4.15,0.27,intraday_0950,2026-05-28 09:50:00,人气Top20；温和放量；持续霸榜,当日转弱；收盘承接偏弱；近5日趋势未确认；仍在20日线下方；热度可能进入后段；强势市里个股相对走弱；v2回避转弱弱收盘样本,v2
2026-05-28,,次日已审,低层级强势反哺,普通/不推送走强,low_level_winner,不推送 后来走强，原因反哺：人气Top50、人气排名明显上升、市场强势且个股相对强势,43,300308,中际旭创,不推送,未入快策略,,2026-05-28,0,common_index_cache,14,17.28,9.36,6.71,11.2,6.71,9.53,17.64,0.15,7.56,21.31,intraday_0950,2026-05-28 09:50:00,人气Top50；近5日趋势升温；站上20日线且不过热；持续霸榜；人气排名明显上升；市场强势且个股相对强势,当日转弱；收盘承接偏弱；量能不足；热度可能进入后段；v2回避转弱弱收盘样本,v2
2026-05-28,,次日已审,低层级强势反哺,普通/不推送走强,low_level_winner,不推送 后来走强，原因反哺：市场强势且个股相对强势、持续霸榜、收盘承接较强,69,002281,光迅科技,不推送,未入快策略,,2026-05-28,0,common_index_cache,14,16.46,2.9,-1.85,5.48,-1.85,3.52,6.14,0.6,3.15,12.61,intraday_0950,2026-05-28 09:50:00,收盘承接较强；站上20日线且不过热；持续霸榜；市场强势且个股相对强势,量能不足；近5日趋势未确认；热度可能进入后段；人气排名明显回落,v2
2026-05-28,,次日已审,低层级强势反哺,普通/不推送走强,low_level_winner,不推送 后来走强，原因反哺：市场强势且个股相对强势、站上20日线且不过热、近5日趋势升温,64,001257,盛龙股份,不推送,未入快策略,,2026-05-28,0,common_index_cache,14,15.95,0.53,-10.7,0.99,-10.7,-10.91,-12.47,-11.39,-12.94,0.99,intraday_0950,2026-05-28 09:50:00,近5日趋势升温；站上20日线且不过热；市场强势且个股相对强势,当日转弱,v2
2026-05-28,,次日已审,低层级强势反哺,普通/不推送走强,low_level_winner,不推送 后来走强，原因反哺：市场强势且个股相对强势、持续霸榜、近5日强势延续,67,600487,亨通光电,不推送,未入快策略,,2026-05-28,0,common_index_cache,14,15.32,-26.76,-19.88,-19.45,-19.88,-13.64,1.68,17.92,38.84,2.85,intraday_0950,2026-05-28 09:50:00,近5日强势延续；持续霸榜；市场强势且个股相对强势,当日转弱；量能不足；短线涨幅偏高；偏离20日线较大；热度可能进入后段；v2回避转弱弱收盘样本；v2回避后段过热样本；v2回避人气转弱样本,v2
2026-05-28,,次日已审,低层级强势反哺,普通/不推送走强,low_level_winner,不推送 后来走强，原因反哺：市场强势且个股相对强势、收在日内高位、站上20日线且不过热,68,600172,黄河旋风,不推送,未入快策略,,2026-05-28,0,common_index_cache,14,2.7,23.55,8.73,24.02,8.73,7.34,11.81,-13.12,-9.5,24.02,intraday_0950,2026-05-28 09:50:00,收在日内高位；近5日强势延续；站上20日线且不过热；连续上榜确认；市场强势且个股相对强势,当日转弱；量能不足；短线涨幅偏高；人气排名明显回落；v2回避后段过热样本,v2
2026-05-28,,次日已审,低层级强势反哺,普通/不推送走强,low_level_winner,不推送 后来走强，原因反哺：人气Top50、人气排名明显上升,40,300058,蓝色光标,不推送,未入快策略,,2026-05-28,0,common_index_cache,14,-4.78,6.37,6.37,10.25,6.37,8.85,1.34,2.34,-4.73,16.56,intraday_0950,2026-05-28 09:50:00,人气Top50；人气排名明显上升,当日转弱；收盘承接偏弱；量能不足；近5日趋势未确认；仍在20日线下方；强势市里个股相对走弱；v2回避转弱弱收盘样本,v2
2026-05-28,,次日已审,低层级强势反哺,普通/不推送走强,low_level_winner,不推送 后来走强，原因反哺：市场强势且个股相对强势、放量仍可控,66,600162,香江控股,不推送,未入快策略,,2026-05-28,0,common_index_cache,14,-7.41,-22.51,-20.51,-20.51,-20.51,-8.55,-2.56,18.01,25.74,5.13,intraday_0950,2026-05-28 09:50:00,放量仍可控；市场强势且个股相对强势,短线涨幅过热；远离20日线过多；v2回避中后段放量追高样本；v2回避前段过热样本,v2
2026-05-28,,次日已审,低层级强势反哺,普通/不推送走强,low_level_winner,不推送 后来走强，原因反哺：人气Top10,5,688635,长进光子,不推送,未入快策略,,2026-05-28,0,common_index_cache,14,-18.52,-1.93,16.99,21.75,16.99,-0.79,5.54,1.16,7.62,21.75,intraday_0950,2026-05-28 09:50:00,人气Top10,当日转弱；量能不足；强势市里个股相对走弱；v2回避转弱弱收盘样本,v2
2026-05-28,,次日已审,低层级强势反哺,普通/不推送走强,low_level_winner,不推送 后来走强，原因反哺：市场强势且个股相对强势、近5日趋势升温、连续上榜确认,79,002181,粤传媒,不推送,未入快策略,,2026-05-28,0,common_index_cache,14,-24.0,4.67,10.07,13.33,10.07,8.93,2.2,4.08,-2.36,21.07,intraday_0950,2026-05-28 09:50:00,近5日趋势升温；连续上榜确认；市场强势且个股相对强势,量能不足；仍在20日线下方；人气排名明显回落；v2回避人气转弱样本,v2
2026-05-28,,次日已审,低层级强势反哺,普通/不推送走强,low_level_winner,不推送 后来走强，原因反哺：人气Top20、市场强势且个股相对强势、当日强涨,14,000636,风华高科,不推送,已入快策略,,2026-05-28,0,common_index_cache,14,56.44,9.46,12.02,13.01,12.02,26.55,34.14,15.61,22.54,36.44,intraday_0950,2026-05-28 09:50:00,人气Top20；当日强涨；温和放量；近5日强势延续；连续上榜确认；市场强势且个股相对强势,短线涨幅偏高；远离20日线过多,v2
2026-05-28,,次日已审,低层级强势反哺,普通/不推送走强,low_level_winner,不推送 后来走强，原因反哺：人气Top50、人气排名明显上升、市场强势且个股相对强势,47,300433,蓝思科技,不推送,已入快策略,,2026-05-28,0,common_index_cache,14,23.28,-3.95,-2.5,-0.58,-2.5,-0.75,5.06,3.33,9.37,12.66,intraday_0950,2026-05-28 09:50:00,人气Top50；当日上涨；收在日内高位；近5日趋势升温；站上20日线且不过热；人气排名明显上升；市场强势且个股相对强势,量能不足,v2
2026-05-28,,次日已审,低层级强势反哺,普通/不推送走强,low_level_winner,不推送 后来走强，原因反哺：v2热点回踩观察、人气Top10、市场强势且个股相对强势,9,002579,中京电子,不推送,已入快策略,,2026-05-28,0,common_index_cache,14,12.01,17.04,4.0,18.56,4.0,25.89,24.98,7.56,6.79,32.69,intraday_0950,2026-05-28 09:50:00,人气Top10；温和放量；近5日强势延续；站上20日线且不过热；连续上榜确认；市场强势且个股相对强势；v2热点回踩观察,当日转弱；收盘承接偏弱；短线涨幅偏高；v2回避转弱弱收盘样本；v2回避前段过热样本,v2
2026-05-28,,次日已审,低层级强势反哺,普通/不推送走强,low_level_winner,不推送 后来走强，原因反哺：人气Top10、市场强势且个股相对强势、当日上涨,6,601991,大唐发电,不推送,已入快策略,,2026-05-28,0,common_index_cache,14,1.67,-12.25,-3.9,-2.12,-3.9,2.23,-1.89,16.5,11.8,10.47,intraday_0950,2026-05-28 09:50:00,人气Top10；当日上涨；收盘承接较强；近5日强势延续；持续霸榜；市场强势且个股相对强势,量能不足；短线涨幅偏高；偏离20日线较大；热度可能进入后段,v2
2026-05-28,,次日已审,低层级强势反哺,普通/不推送走强,low_level_winner,不推送 后来走强，原因反哺：人气Top50、人气排名明显上升、市场强势且个股相对强势,34,601138,工业富联,不推送,已入快策略,,2026-05-28,0,common_index_cache,14,0.97,9.47,2.03,10.69,2.03,11.22,9.19,1.6,-0.25,18.08,intraday_0950,2026-05-28 09:50:00,人气Top50；收在日内高位；近5日趋势升温；站上20日线且不过热；持续霸榜；人气排名明显上升；市场强势且个股相对强势,当日转弱；量能不足；热度可能进入后段,v2
2026-05-28,,次日已审,低层级强势反哺,普通/不推送走强,low_level_winner,不推送 后来走强，原因反哺：人气Top3、人气排名明显上升、市场强势且个股相对强势,3,600396,华电辽能,不推送,已入快策略,,2026-05-28,0,common_index_cache,14,-3.37,4.13,8.74,12.92,8.74,5.32,19.27,1.15,14.55,19.98,intraday_0950,2026-05-28 09:50:00,人气Top3；近5日强势延续；站上20日线且不过热；持续霸榜；人气排名明显上升；市场强势且个股相对强势,当日转弱；量能不足；短线涨幅偏高；热度可能进入后段；v2回避转弱弱收盘样本,v2
2026-05-28,,次日已审,低层级强势反哺,普通/不推送走强,low_level_winner,不推送 后来走强，原因反哺：人气Top10、人气排名明显上升、市场强势且个股相对强势,7,600863,华能蒙电,不推送,已入快策略,,2026-05-28,0,common_index_cache,14,-8.68,6.75,17.36,17.36,17.36,18.65,10.61,11.14,3.61,29.1,intraday_0950,2026-05-28 09:50:00,人气Top10；近5日趋势升温；站上20日线且不过热；连续上榜确认；人气排名明显上升；市场强势且个股相对强势,当日转弱；量能不足；v2回避转弱弱收盘样本,v2
2026-05-28,,次日已审,低层级强势反哺,普通/不推送走强,low_level_winner,不推送 后来走强，原因反哺：人气Top50、人气排名明显上升、市场强势且个股相对强势,26,600745,*ST闻泰,不推送,已入快策略,,2026-05-28,0,common_index_cache,14,-12.51,1.82,1.82,1.82,1.82,12.27,1.33,10.26,-0.48,17.88,intraday_0950,2026-05-28 09:50:00,人气Top50；近5日趋势升温；持续霸榜；人气排名明显上升；市场强势且个股相对强势,当日转弱；收盘承接偏弱；量能不足；热度可能进入后段；v2回避转弱弱收盘样本,v2
2026-05-27,2026-05-20,次日已审,快策略候选,优先成功,priority_success,下个交易日主盯 后续最高表现达到 30.11%，保留这类命中特征。,34,600726,华电能源,观察池,下个交易日主盯,118.18,2026-05-26,1,common_index_cache,15,-0.84,10.04,10.04,10.04,10.04,13.5,16.01,3.15,5.43,30.11,intraday_0950,2026-05-27 09:50:00,人气Top50；当日涨停附近；收在日内高位；近5日强势延续；站上20日线且不过热；连续上榜确认；人气排名明显上升；震荡市里保持相对强势；震荡市里承接未失控；v2强势延续修正；v2低分涨停修正,短线涨幅偏高；涨停封板不可买,v2
2026-05-27,2026-05-20,次日已审,快策略候选,优先成功,priority_success,下个交易日主盯 后续最高表现达到 30.27%，保留这类命中特征。,90,600667,太极实业,观察池,下个交易日主盯,96.05,2026-05-26,1,common_index_cache,15,30.27,-5.68,-6.64,-4.66,-6.64,-6.99,1.85,-1.38,7.99,6.85,intraday_0950,2026-05-27 09:50:00,当日涨停附近；收在日内高位；近5日趋势升温；站上20日线且不过热；连续上榜确认；震荡市里保持相对强势；震荡市里承接未失控,后段人气股在偏弱环境里更谨慎；涨停封板不可买,v2
2026-05-27,2026-05-20,次日已审,快策略候选,优先成功,priority_success,下个交易日主盯 后续最高表现达到 64.99%，保留这类命中特征。,25,603773,沃格光电,观察池,下个交易日主盯,89.97,2026-05-26,1,common_index_cache,15,64.99,-2.66,9.24,9.24,9.24,13.71,18.01,16.81,21.23,27.9,intraday_0950,2026-05-27 09:50:00,人气Top50；当日涨停附近；收在日内高位；近5日强势延续；人气排名明显上升；震荡市里保持相对强势；震荡市里承接未失控；v2低分涨停修正,量能不足；短线涨幅偏高；偏离20日线较大；涨停封板不可买,v2
2026-05-27,2026-05-20,次日已审,快策略候选,优先成功,priority_success,下个交易日主盯 后续最高表现达到 30.07%，保留这类命中特征。,10,600183,生益科技,不推送,下个交易日主盯,88.78,2026-05-26,1,common_index_cache,15,30.07,-4.71,-2.64,-1.16,-2.64,-2.65,1.29,2.17,6.3,6.21,intraday_0950,2026-05-27 09:50:00,人气Top10；当日强涨；收盘承接较强；近5日强势延续；连续上榜确认；人气排名明显上升；震荡市里保持相对强势；震荡市里承接未失控,短线涨幅偏高；远离20日线过多,v2
2026-05-27,2026-05-20,次日已审,快策略候选,优先成功,priority_success,下个交易日主盯 后续最高表现达到 32.29%，保留这类命中特征。,6,002579,中京电子,观察池,下个交易日主盯,83.18,2026-05-26,1,common_index_cache,15,11.67,1.87,9.98,9.98,9.98,14.09,17.59,11.99,15.43,32.29,intraday_0950,2026-05-27 09:50:00,人气Top10；当日涨停附近；收在日内高位；近5日强势延续；站上20日线且不过热；首次上榜即强势；震荡市里保持相对强势；震荡市里承接未失控,量能不足；短线涨幅偏高；一字或近似一字，参与点差；一字板不可买,v2
2026-05-27,2026-05-20,次日已审,快策略候选,优先成功,priority_success,下个交易日主盯 后续最高表现达到 66.58%，保留这类命中特征。,22,000636,风华高科,不推送,下个交易日主盯,66.17,2026-05-26,1,common_index_cache,15,66.58,0.31,9.4,9.4,9.4,23.82,36.17,23.43,35.74,38.71,intraday_0950,2026-05-27 09:50:00,人气Top50；当日上涨；收盘承接较强；近5日强势延续；连续上榜确认；震荡市里保持相对强势；震荡市里承接未失控,短线涨幅偏高；远离20日线过多,v2
2026-05-27,2026-05-20,次日已审,快策略候选,优先成功,priority_success,下个交易日主盯 后续最高表现达到 18.56%，保留这类命中特征。,20,600396,华电辽能,普通观察,下个交易日主盯,65.22,2026-05-26,1,common_index_cache,15,-1.11,8.33,7.0,12.28,7.0,2.78,18.56,-5.13,9.44,18.56,intraday_0950,2026-05-27 09:50:00,人气Top20；当日上涨；收在日内高位；近5日趋势升温；站上20日线且不过热；持续霸榜；震荡市里保持相对强势；震荡市里承接未失控,量能不足；热度可能进入后段,v2
2026-05-27,2026-05-20,次日已审,快策略候选,优先成功,priority_success,下个交易日主盯 后续最高表现达到 41.27%，保留这类命中特征。,18,002552,宝鼎科技,不推送,下个交易日主盯,62.28,2026-05-26,1,common_index_cache,15,41.27,-4.48,8.81,8.81,8.81,13.41,16.43,18.73,21.89,23.3,intraday_0950,2026-05-27 09:50:00,人气Top20；当日上涨；收在日内高位；近5日强势延续；连续上榜确认；人气排名明显上升；震荡市里保持相对强势；震荡市里承接未失控,短线涨幅偏高；远离20日线过多,v2
2026-05-27,2026-05-20,次日已审,快策略候选,优先成功,priority_success,下个交易日主盯 后续最高表现达到 21.30%，保留这类命中特征。,15,600172,黄河旋风,不推送,下个交易日主盯,55.3,2026-05-26,1,common_index_cache,15,0.45,-0.15,10.27,10.27,10.27,1.74,13.6,1.89,13.77,21.3,intraday_0950,2026-05-27 09:50:00,人气Top20；温和放量；近5日趋势升温；站上20日线且不过热；连续上榜确认；人气排名明显上升；震荡市里保持相对强势,当日转弱；收盘承接偏弱；v2回避转弱弱收盘样本,v2
2026-05-27,2026-05-20,次日已审,快策略候选,优先成功,priority_success,下个交易日主盯 后续最高表现达到 40.59%，保留这类命中特征。,19,002585,双星新材,不推送,下个交易日主盯,52.15,2026-05-26,1,common_index_cache,15,40.59,-1.42,7.57,11.45,7.57,0.0,1.51,1.44,2.98,11.45,intraday_0950,2026-05-27 09:50:00,人气Top20；温和放量；近5日强势延续；站上20日线且不过热；连续上榜确认；人气排名明显上升；震荡市里保持相对强势,当日转弱；收盘承接偏弱；短线涨幅偏高；v2回避转弱弱收盘样本,v2
2026-05-27,2026-05-20,次日已审,快策略候选,优先走弱,priority_failed,下个交易日主盯 未兑现，复盘风险项：偏离20日线较大；热度可能进入后段；涨停封板不可买,4,000021,深科技,观察池,下个交易日主盯,105.72,2026-05-26,1,common_index_cache,15,-8.68,-10.85,-9.7,-7.09,-9.7,-22.94,-18.96,-13.56,-9.1,-7.09,intraday_0950,2026-05-27 09:50:00,人气Top10；当日涨停附近；收在日内高位；近5日趋势升温；持续霸榜；人气排名明显上升；震荡市里保持相对强势；震荡市里承接未失控；v2低分涨停修正,偏离20日线较大；热度可能进入后段；涨停封板不可买,v2
2026-05-27,2026-05-20,次日已审,快策略候选,优先走弱,priority_failed,下个交易日主盯 未兑现，复盘风险项：短线涨幅偏高；偏离20日线较大；热度可能进入后段；涨停封板不可买,2,002185,华天科技,观察池,下个交易日主盯,97.78,2026-05-26,1,common_index_cache,15,-7.25,-2.0,4.53,6.82,4.53,-10.37,-6.82,-8.54,-4.92,6.82,intraday_0950,2026-05-27 09:50:00,人气Top3；当日涨停附近；收在日内高位；温和放量；近5日强势延续；持续霸榜；震荡市里保持相对强势；震荡市里承接未失控；v2低分涨停修正,短线涨幅偏高；偏离20日线较大；热度可能进入后段；涨停封板不可买,v2
2026-05-27,2026-05-20,次日已审,快策略候选,优先走弱,priority_failed,下个交易日主盯 未兑现，复盘风险项：-,7,002241,歌尔股份,强推观察,下个交易日主盯,92.53,2026-05-26,1,common_index_cache,15,-17.23,-3.15,-1.43,1.29,-1.43,-7.38,-6.29,-4.37,-3.25,1.29,intraday_0950,2026-05-27 09:50:00,人气Top10；当日上涨；收盘承接较强；温和放量；近5日趋势升温；站上20日线且不过热；震荡市里保持相对强势；震荡市里承接未失控；v2早段升温样本提权；v2首次强势样本提权,-,v2
2026-05-27,2026-05-20,次日已审,快策略候选,优先走弱,priority_failed,下个交易日主盯 未兑现，复盘风险项：-,28,002617,露笑科技,普通观察,下个交易日主盯,90.12,2026-05-26,1,common_index_cache,15,-11.62,-2.42,-0.68,0.19,-0.68,-10.84,-16.17,-8.63,-14.09,0.19,intraday_0950,2026-05-27 09:50:00,人气Top50；当日上涨；收盘承接较强；近5日趋势升温；站上20日线且不过热；连续上榜确认；人气排名明显上升；震荡市里保持相对强势；震荡市里承接未失控,-,v2
2026-05-27,2026-05-20,次日已审,快策略候选,优先走弱,priority_failed,下个交易日主盯 未兑现，复盘风险项：量能不足；偏离20日线较大；热度可能进入后段,5,002156,通富微电,不推送,下个交易日主盯,73.62,2026-05-26,1,common_index_cache,15,-13.54,-10.61,-10.87,-8.84,-10.87,-21.04,-9.68,-11.67,1.04,-8.81,intraday_0950,2026-05-27 09:50:00,人气Top10；当日上涨；收盘承接较强；近5日趋势升温；持续霸榜；震荡市里保持相对强势；震荡市里承接未失控,量能不足；偏离20日线较大；热度可能进入后段,v2
2026-05-27,2026-05-20,次日已审,快策略候选,优先走弱,priority_failed,下个交易日主盯 未兑现，复盘风险项：量能不足,50,600580,卧龙电驱,不推送,下个交易日主盯,65.83,2026-05-26,1,common_index_cache,15,-21.73,-0.38,-6.53,-0.38,-6.53,-9.87,-12.96,-9.52,-12.63,-0.38,intraday_0950,2026-05-27 09:50:00,人气Top50；收在日内高位；近5日趋势升温；站上20日线且不过热；连续上榜确认；震荡市里保持相对强势；震荡市里承接未失控,量能不足,v2
2026-05-27,2026-05-20,次日已审,快策略候选,优先走弱,priority_failed,下个交易日主盯 未兑现，复盘风险项：-,32,600021,上海电力,不推送,下个交易日主盯,61.83,2026-05-26,1,common_index_cache,15,-18.02,-1.86,0.95,2.24,0.95,-1.86,-0.57,0.0,1.31,6.53,intraday_0950,2026-05-27 09:50:00,人气Top50；收在日内高位；近5日趋势升温；站上20日线且不过热；震荡市里保持相对强势；震荡市里承接未失控,-,v2
2026-05-27,2026-05-20,次日已审,快策略候选,暂未强势,neutral,继续等待更多交易日或降低权重。,98,300223,北京君正,观察池,下个交易日主盯,81.58,2026-05-26,1,common_index_cache,15,1.21,-3.8,-4.75,-1.01,-4.75,-15.05,-14.91,-11.7,-11.54,0.73,intraday_0950,2026-05-27 09:50:00,当日涨停附近；温和放量；近5日趋势升温；站上20日线且不过热；震荡市里保持相对强势；v2低分涨停修正,后段人气股在偏弱环境里更谨慎；涨停封板不可买,v2
2026-05-27,2026-05-20,次日已审,快策略候选,暂未强势,neutral,继续等待更多交易日或降低权重。,47,002938,鹏鼎控股,不推送,下个交易日主盯,56.5,2026-05-26,1,common_index_cache,15,8.19,-3.71,-4.55,-2.97,-4.55,-6.96,-2.45,-3.38,1.3,2.43,intraday_0950,2026-05-27 09:50:00,人气Top50；近5日趋势升温；站上20日线且不过热；连续上榜确认；震荡市里保持相对强势,当日转弱；人气排名明显回落；v2回避转弱弱收盘样本；v2回避人气转弱样本,v2
2026-05-27,2026-05-20,次日已审,快策略候选,暂未强势,neutral,继续等待更多交易日或降低权重。,85,002980,华盛昌,不推送,下个交易日主盯,55.75,2026-05-26,1,common_index_cache,15,6.43,-0.48,-3.7,-0.48,-3.7,-13.59,3.76,-13.17,4.26,4.55,intraday_0950,2026-05-27 09:50:00,收在日内高位；近5日趋势升温；站上20日线且不过热；连续上榜确认；震荡市里保持相对强势；震荡市里承接未失控,量能不足；人气排名明显回落；后段人气股在偏弱环境里更谨慎,v2
2026-05-27,2026-05-20,次日已审,快策略候选,优先成功,priority_success,优先观察 后续最高表现达到 74.30%，保留这类命中特征。,55,600367,红星发展,观察池,优先观察,49.05,2026-05-26,1,common_index_cache,15,74.3,-8.3,1.37,1.37,1.37,7.75,30.37,17.51,42.18,30.37,intraday_0950,2026-05-27 09:50:00,当日涨停附近；收在日内高位；站上20日线且不过热；震荡市里保持相对强势；震荡市里承接未失控,后段人气股在偏弱环境里更谨慎；涨停封板不可买,v2
2026-05-27,2026-05-20,次日已审,快策略候选,优先成功,priority_success,优先观察 后续最高表现达到 20.92%，保留这类命中特征。,73,000509,华塑控股,观察池,优先观察,49.05,2026-05-26,1,common_index_cache,15,-19.77,9.79,9.98,9.98,9.98,-5.57,-6.14,-13.99,-14.51,20.92,intraday_0950,2026-05-27 09:50:00,当日涨停附近；收在日内高位；站上20日线且不过热；震荡市里保持相对强势；震荡市里承接未失控,后段人气股在偏弱环境里更谨慎；涨停封板不可买,v2
2026-05-27,2026-05-20,次日已审,快策略候选,优先走弱,priority_failed,优先观察 未兑现，复盘风险项：当日转弱；量能不足；v2回避转弱弱收盘样本,41,300502,新易盛,不推送,优先观察,51.2,2026-05-26,1,common_index_cache,15,-19.38,-28.37,-25.96,-25.06,-25.96,-29.93,-19.36,-2.19,12.57,-15.88,intraday_0950,2026-05-27 09:50:00,人气Top50；近5日趋势升温；站上20日线且不过热；连续上榜确认；人气排名明显上升；震荡市里保持相对强势,当日转弱；量能不足；v2回避转弱弱收盘样本,v2
2026-05-27,2026-05-20,次日已审,快策略候选,暂未强势,neutral,继续等待更多交易日或降低权重。,14,002463,沪电股份,不推送,优先观察,48.2,2026-05-26,1,common_index_cache,15,11.43,-4.12,1.17,2.91,1.17,-6.85,-1.31,-2.85,2.93,5.59,intraday_0950,2026-05-27 09:50:00,人气Top20；收盘承接较强；近5日强势延续；站上20日线且不过热；连续上榜确认；人气排名明显上升；震荡市里保持相对强势,当日转弱；量能不足；短线涨幅偏高,v2
2026-05-27,2026-05-20,次日已审,快策略候选,暂未强势,neutral,继续等待更多交易日或降低权重。,97,600376,首开股份,不推送,备选观察,46.98,2026-05-26,1,common_index_cache,15,-30.14,-4.28,-13.24,-3.46,-13.24,-11.81,-16.29,-7.87,-12.55,-3.46,intraday_0950,2026-05-27 09:50:00,近5日趋势升温；站上20日线且不过热；连续上榜确认；震荡市里保持相对强势,当日转弱；人气排名明显回落；后段人气股在偏弱环境里更谨慎,v2
2026-05-27,2026-05-20,次日已审,快策略候选,暂未强势,neutral,继续等待更多交易日或降低权重。,45,002896,中大力德,不推送,备选观察,46.3,2026-05-26,1,common_index_cache,15,-9.33,-3.0,-6.43,-1.7,-6.43,-15.5,-10.23,-12.88,-7.45,-1.7,intraday_0950,2026-05-27 09:50:00,人气Top50；温和放量；近5日趋势升温；站上20日线且不过热；震荡市里保持相对强势,当日转弱；收盘承接偏弱；v2回避转弱弱收盘样本,v2
2026-05-27,2026-05-20,次日已审,快策略候选,暂未强势,neutral,继续等待更多交易日或降低权重。,3,000725,京东方A,不推送,备选观察,46.0,2026-05-26,1,common_index_cache,15,12.77,-3.87,-4.54,-2.86,-4.54,-9.92,-6.05,-6.29,-2.27,-0.5,intraday_0950,2026-05-27 09:50:00,人气Top3；当日上涨；近5日强势延续；持续霸榜；震荡市里保持相对强势,量能不足；短线涨幅偏高；偏离20日线较大；热度可能进入后段,v2
2026-05-27,2026-05-20,次日已审,快策略候选,暂未强势,neutral,继续等待更多交易日或降低权重。,35,301269,华大九天,不推送,备选观察,46.0,2026-05-26,1,common_index_cache,15,-19.66,-5.19,-1.74,-0.96,-1.74,-19.1,-19.03,-14.66,-14.6,-0.96,intraday_0950,2026-05-27 09:50:00,人气Top50；近5日强势延续；连续上榜确认；震荡市里保持相对强势,当日转弱；量能不足；短线涨幅偏高；偏离20日线较大；人气排名明显回落；v2回避前段过热样本,v2
2026-05-27,2026-05-20,次日已审,快策略候选,暂未强势,neutral,继续等待更多交易日或降低权重。,48,000100,TCL科技,不推送,备选观察,45.95,2026-05-26,1,common_index_cache,15,5.57,-7.01,-7.22,-5.15,-7.22,-11.13,-4.12,-4.43,3.1,-1.44,intraday_0950,2026-05-27 09:50:00,人气Top50；当日上涨；近5日趋势升温；站上20日线且不过热；震荡市里保持相对强势,量能不足,v2
2026-05-27,2026-05-20,次日已审,快策略候选,备选走强,backup_success,备选观察 后续最高表现达到 27.63%，保留这类命中特征。,43,600745,*ST闻泰,不推送,备选观察,46.62,2026-05-26,1,common_index_cache,15,-5.28,5.01,5.01,5.01,5.01,15.73,15.47,10.21,9.95,27.63,intraday_0950,2026-05-27 09:50:00,人气Top50；当日上涨；收在日内高位；近5日趋势升温；持续霸榜；震荡市里保持相对强势；震荡市里承接未失控,量能不足；仍在20日线下方；热度可能进入后段；人气排名明显回落,v2
2026-05-27,,次日已审,低层级强势反哺,普通/不推送走强,low_level_winner,不推送 后来走强，原因反哺：当日上涨、近5日强势延续、震荡市里保持相对强势,63,003036,泰坦股份,不推送,未入快策略,,2026-05-27,0,common_index_cache,15,62.44,-2.45,10.51,10.51,10.51,11.3,5.49,14.1,8.14,21.56,intraday_0950,2026-05-27 09:50:00,当日上涨；近5日强势延续；震荡市里保持相对强势,量能不足；短线涨幅偏高；远离20日线过多；后段人气股在偏弱环境里更谨慎；v2回避前段过热样本,v2
2026-05-27,,次日已审,低层级强势反哺,普通/不推送走强,low_level_winner,不推送 后来走强，原因反哺：持续霸榜,53,600487,亨通光电,不推送,未入快策略,,2026-05-27,0,common_index_cache,15,61.01,-2.09,2.23,2.96,2.23,9.6,32.62,11.94,35.45,32.62,intraday_0950,2026-05-27 09:50:00,持续霸榜,当日转弱；收盘承接偏弱；量能不足；近5日趋势未确认；热度可能进入后段；震荡市里相对走弱；后段人气股在偏弱环境里更谨慎；市场健康度不足，收缩推送；v2回避转弱弱收盘样本；v2回避人气转弱样本,v2
2026-05-27,,次日已审,低层级强势反哺,普通/不推送走强,low_level_winner,不推送 后来走强，原因反哺：温和放量、站上20日线且不过热、近5日趋势升温,99,600378,昊华科技,不推送,未入快策略,,2026-05-27,0,common_index_cache,15,59.38,-1.32,-0.1,0.57,-0.1,1.15,3.07,2.51,4.46,10.27,intraday_0950,2026-05-27 09:50:00,温和放量；近5日趋势升温；站上20日线且不过热；震荡市里保持相对强势,收盘承接偏弱；上影线偏长；后段人气股在偏弱环境里更谨慎,v2
2026-05-27,,次日已审,低层级强势反哺,普通/不推送走强,low_level_winner,不推送 后来走强，原因反哺：人气Top50、站上20日线且不过热、近5日强势延续,31,605006,山东玻纤,不推送,未入快策略,,2026-05-27,0,common_index_cache,15,43.09,-2.04,11.17,11.72,11.17,-9.25,-5.39,-7.36,-3.43,11.72,intraday_0950,2026-05-27 09:50:00,人气Top50；近5日强势延续；站上20日线且不过热；震荡市里保持相对强势,短线涨幅偏高；v2回避前段过热样本,v2
2026-05-27,,次日已审,低层级强势反哺,普通/不推送走强,low_level_winner,不推送 后来走强，原因反哺：人气Top50、人气排名明显上升、持续霸榜,36,001896,豫能控股,不推送,未入快策略,,2026-05-27,0,common_index_cache,15,40.66,1.23,1.42,6.79,1.42,14.09,29.8,12.71,28.22,29.8,intraday_0950,2026-05-27 09:50:00,人气Top50；持续霸榜；人气排名明显上升；震荡市里保持相对强势,当日转弱；量能不足；热度可能进入后段；v2回避转弱弱收盘样本,v2
2026-05-27,,次日已审,低层级强势反哺,普通/不推送走强,low_level_winner,不推送 后来走强，原因反哺：人气Top50、持续霸榜,23,600522,中天科技,不推送,未入快策略,,2026-05-27,0,common_index_cache,15,38.73,-0.83,2.37,2.93,2.37,-0.48,13.64,0.36,14.6,18.7,intraday_0950,2026-05-27 09:50:00,人气Top50；持续霸榜,当日转弱；收盘承接偏弱；量能不足；近5日趋势未确认；热度可能进入后段；震荡市里相对走弱；市场健康度不足，收缩推送；v2回避转弱弱收盘样本,v2
2026-05-27,,次日已审,低层级强势反哺,普通/不推送走强,low_level_winner,不推送 后来走强，原因反哺：收在日内高位、近5日强势延续、连续上榜确认,91,603256,宏和科技,不推送,未入快策略,,2026-05-27,0,common_index_cache,15,38.59,-3.15,5.9,5.9,5.9,-2.64,5.62,0.52,9.05,11.31,intraday_0950,2026-05-27 09:50:00,收在日内高位；近5日强势延续；连续上榜确认；震荡市里保持相对强势；震荡市里承接未失控,量能不足；短线涨幅偏高；偏离20日线较大；人气排名明显回落；后段人气股在偏弱环境里更谨慎,v2
2026-05-27,,次日已审,低层级强势反哺,普通/不推送走强,low_level_winner,不推送 后来走强，原因反哺：站上20日线且不过热、近5日趋势升温、震荡市里保持相对强势,61,000657,中钨高新,不推送,未入快策略,,2026-05-27,0,common_index_cache,15,37.17,-0.9,5.67,7.83,5.67,-3.2,9.87,-2.32,10.87,12.09,intraday_0950,2026-05-27 09:50:00,近5日趋势升温；站上20日线且不过热；震荡市里保持相对强势,当日转弱；收盘承接偏弱；量能不足；后段人气股在偏弱环境里更谨慎；v2回避转弱弱收盘样本；v2回避人气转弱样本,v2
2026-05-27,,次日已审,低层级强势反哺,普通/不推送走强,low_level_winner,不推送 后来走强，原因反哺：站上20日线且不过热、近5日趋势升温、震荡市里保持相对强势,76,600176,中国巨石,不推送,未入快策略,,2026-05-27,0,common_index_cache,15,35.62,-2.46,8.0,8.0,8.0,-4.82,-5.84,-2.42,-3.46,9.24,intraday_0950,2026-05-27 09:50:00,近5日趋势升温；站上20日线且不过热；震荡市里保持相对强势,当日转弱；收盘承接偏弱；量能不足；后段人气股在偏弱环境里更谨慎；v2回避转弱弱收盘样本,v2
2026-05-27,,次日已审,低层级强势反哺,普通/不推送走强,low_level_winner,不推送 后来走强，原因反哺：站上20日线且不过热、近5日趋势升温、连续上榜确认,57,002436,兴森科技,不推送,未入快策略,,2026-05-27,0,common_index_cache,15,27.64,-3.87,-2.96,-2.14,-2.96,3.12,6.33,7.28,10.61,13.75,intraday_0950,2026-05-27 09:50:00,近5日趋势升温；站上20日线且不过热；连续上榜确认；震荡市里保持相对强势,当日转弱；量能不足；人气排名明显回落；后段人气股在偏弱环境里更谨慎；v2回避转弱弱收盘样本；v2回避人气转弱样本,v2
2026-05-27,,次日已审,低层级强势反哺,普通/不推送走强,low_level_winner,不推送 后来走强，原因反哺：人气Top20、持续霸榜、收在日内高位,12,601991,大唐发电,不推送,未入快策略,,2026-05-27,0,common_index_cache,15,23.88,4.88,8.55,11.53,8.55,13.57,23.47,8.28,17.72,34.6,intraday_0950,2026-05-27 09:50:00,人气Top20；收在日内高位；站上20日线且不过热；持续霸榜；震荡市里保持相对强势；震荡市里承接未失控,量能不足；近5日趋势未确认；热度可能进入后段,v2
2026-05-27,,次日已审,低层级强势反哺,普通/不推送走强,low_level_winner,不推送 后来走强，原因反哺：人气Top10、持续霸榜、站上20日线且不过热,9,600186,莲花控股,不推送,未入快策略,,2026-05-27,0,common_index_cache,15,20.26,-7.22,-10.17,-5.25,-10.17,-19.28,-21.66,-13.0,-15.56,-5.25,intraday_0950,2026-05-27 09:50:00,人气Top10；近5日趋势升温；站上20日线且不过热；持续霸榜；震荡市里保持相对强势,当日转弱；收盘承接偏弱；量能不足；热度可能进入后段；v2回避转弱弱收盘样本,v2
2026-05-27,,次日已审,低层级强势反哺,普通/不推送走强,low_level_winner,不推送 后来走强，原因反哺：站上20日线且不过热、近5日强势延续、震荡市里保持相对强势,68,000510,新金路,不推送,未入快策略,,2026-05-27,0,common_index_cache,15,18.9,-3.24,-4.16,-1.67,-4.16,-1.08,3.56,2.23,7.03,8.42,intraday_0950,2026-05-27 09:50:00,近5日强势延续；站上20日线且不过热；震荡市里保持相对强势,收盘承接偏弱；短线涨幅偏高；上影线偏长；后段人气股在偏弱环境里更谨慎；v2回避前段过热样本,v2
2026-05-27,,次日已审,低层级强势反哺,普通/不推送走强,low_level_winner,不推送 后来走强，原因反哺：人气Top50、持续霸榜、收盘承接较强,33,002281,光迅科技,不推送,未入快策略,,2026-05-27,0,common_index_cache,15,18.05,-2.44,4.83,6.89,4.83,-0.34,9.27,2.15,12.0,14.15,intraday_0950,2026-05-27 09:50:00,人气Top50；收盘承接较强；站上20日线且不过热；持续霸榜,当日转弱；量能不足；近5日趋势未确认；热度可能进入后段；震荡市里相对走弱；市场健康度不足，收缩推送,v2
2026-05-27,,次日已审,低层级强势反哺,普通/不推送走强,low_level_winner,不推送 后来走强，原因反哺：站上20日线且不过热、连续上榜确认、震荡市里保持相对强势,83,002409,雅克科技,不推送,未入快策略,,2026-05-27,0,common_index_cache,15,18.05,-8.61,-8.18,-6.95,-8.18,-16.21,-9.18,-8.31,-0.62,-6.39,intraday_0950,2026-05-27 09:50:00,站上20日线且不过热；连续上榜确认；震荡市里保持相对强势,量能不足；人气排名明显回落；上影线偏长；后段人气股在偏弱环境里更谨慎；v2回避人气转弱样本,v2
2026-05-27,,次日已审,低层级强势反哺,普通/不推送走强,low_level_winner,不推送 后来走强，原因反哺：持续霸榜、站上20日线且不过热、近5日趋势升温,69,300308,中际旭创,不推送,未入快策略,,2026-05-27,0,common_index_cache,15,16.01,-0.0,8.91,9.07,8.91,2.73,15.91,2.73,15.91,20.0,intraday_0950,2026-05-27 09:50:00,近5日趋势升温；站上20日线且不过热；持续霸榜；震荡市里保持相对强势,当日转弱；收盘承接偏弱；量能不足；热度可能进入后段；人气排名明显回落；后段人气股在偏弱环境里更谨慎；v2回避转弱弱收盘样本；v2回避人气转弱样本,v2
2026-05-27,,次日已审,低层级强势反哺,普通/不推送走强,low_level_winner,不推送 后来走强，原因反哺：持续霸榜、收在日内高位、站上20日线且不过热,77,002384,东山精密,不推送,未入快策略,,2026-05-27,0,common_index_cache,15,16.0,0.23,-1.12,0.68,-1.12,-13.43,1.13,-13.63,0.9,4.75,intraday_0950,2026-05-27 09:50:00,收在日内高位；站上20日线且不过热；持续霸榜；震荡市里承接未失控,量能不足；近5日趋势未确认；热度可能进入后段；人气排名明显回落；后段人气股在偏弱环境里更谨慎；市场健康度不足，收缩推送,v2
2026-05-27,,次日已审,低层级强势反哺,普通/不推送走强,low_level_winner,不推送 后来走强，原因反哺：人气Top50、持续霸榜,40,600759,ST洲际,不推送,未入快策略,,2026-05-27,0,common_index_cache,15,4.76,9.09,13.85,13.85,13.85,25.54,29.44,15.08,18.65,38.53,intraday_0950,2026-05-27 09:50:00,人气Top50；持续霸榜,当日转弱；收盘承接偏弱；近5日趋势未确认；仍在20日线下方；热度可能进入后段；震荡市里相对走弱；市场健康度不足，收缩推送；v2回避转弱弱收盘样本；v2回避人气转弱样本,v2
2026-05-27,,次日已审,低层级强势反哺,普通/不推送走强,low_level_winner,不推送 后来走强，原因反哺：当日上涨、站上20日线且不过热、近5日趋势升温,67,002957,科瑞技术,不推送,未入快策略,,2026-05-27,0,common_index_cache,15,3.37,1.01,11.66,11.66,11.66,9.26,19.14,8.17,17.95,30.47,intraday_0950,2026-05-27 09:50:00,当日上涨；近5日趋势升温；站上20日线且不过热；震荡市里保持相对强势,后段人气股在偏弱环境里更谨慎,v2
2026-05-27,,次日已审,低层级强势反哺,普通/不推送走强,low_level_winner,不推送 后来走强，原因反哺：持续霸榜、收在日内高位、站上20日线且不过热,51,601138,工业富联,不推送,未入快策略,,2026-05-27,0,common_index_cache,15,0.87,-2.79,4.15,5.93,4.15,2.42,12.55,5.36,15.79,17.97,intraday_0950,2026-05-27 09:50:00,收在日内高位；近5日趋势升温；站上20日线且不过热；持续霸榜；震荡市里保持相对强势；震荡市里承接未失控,量能不足；热度可能进入后段；人气排名明显回落；后段人气股在偏弱环境里更谨慎,v2
2026-05-27,,次日已审,低层级强势反哺,普通/不推送走强,low_level_winner,不推送 后来走强，原因反哺：温和放量、站上20日线且不过热、近5日趋势升温,84,002251,步步高,不推送,未入快策略,,2026-05-27,0,common_index_cache,15,-3.94,11.58,9.36,18.23,9.36,23.15,19.21,10.38,6.84,28.08,intraday_0950,2026-05-27 09:50:00,温和放量；近5日趋势升温；站上20日线且不过热；震荡市里保持相对强势,当日转弱；收盘承接偏弱；后段人气股在偏弱环境里更谨慎；v2回避转弱弱收盘样本,v2
2026-05-27,,次日已审,低层级强势反哺,普通/不推送走强,low_level_winner,不推送 后来走强，原因反哺：站上20日线且不过热、近5日趋势升温、连续上榜确认,62,600863,华能蒙电,不推送,未入快策略,,2026-05-27,0,common_index_cache,15,-7.34,12.56,8.32,19.25,8.32,29.2,20.55,14.78,7.1,31.0,intraday_0950,2026-05-27 09:50:00,近5日趋势升温；站上20日线且不过热；连续上榜确认；震荡市里保持相对强势,量能不足；人气排名明显回落；后段人气股在偏弱环境里更谨慎；v2回避人气转弱样本,v2
2026-05-27,,次日已审,低层级强势反哺,普通/不推送走强,low_level_winner,不推送 后来走强，原因反哺：人气Top50、持续霸榜、站上20日线且不过热,29,603601,再升科技,不推送,未入快策略,,2026-05-27,0,common_index_cache,15,-18.88,7.46,20.99,20.99,20.99,-2.01,-13.07,-8.81,-19.1,20.99,intraday_0950,2026-05-27 09:50:00,人气Top50；近5日趋势升温；站上20日线且不过热；持续霸榜；震荡市里保持相对强势,当日转弱；收盘承接偏弱；量能不足；热度可能进入后段；v2回避转弱弱收盘样本,v2
2026-05-27,,次日已审,低层级强势反哺,普通/不推送走强,low_level_winner,不推送 后来走强，原因反哺：人气Top50、持续霸榜、收盘承接较强,24,002421,达实智能,不推送,未入快策略,,2026-05-27,0,common_index_cache,15,-19.54,-10.92,-3.99,4.2,-3.99,-5.04,2.52,6.6,15.09,7.14,intraday_0950,2026-05-27 09:50:00,人气Top50；收盘承接较强；近5日趋势升温；持续霸榜；震荡市里保持相对强势；震荡市里承接未失控,量能不足；偏离20日线较大；热度可能进入后段,v2
2026-05-27,,次日已审,低层级强势反哺,普通/不推送走强,low_level_winner,不推送 后来走强，原因反哺：人气Top50、人气排名明显上升、收盘承接较强,39,002181,粤传媒,不推送,未入快策略,,2026-05-27,0,common_index_cache,15,-22.24,0.27,9.14,11.05,9.14,23.87,7.71,23.54,7.41,23.87,intraday_0950,2026-05-27 09:50:00,人气Top50；收盘承接较强；人气排名明显上升；震荡市里保持相对强势；震荡市里承接未失控,仍在20日线下方,v2
2026-05-27,,次日已审,低层级强势反哺,普通/不推送走强,low_level_winner,不推送 后来走强，原因反哺：人气Top50、当日上涨、收盘承接较强,22,000636,风华高科,不推送,已入快策略,,2026-05-27,0,common_index_cache,15,66.58,0.31,9.4,9.4,9.4,23.82,36.17,23.43,35.74,38.71,intraday_0950,2026-05-27 09:50:00,人气Top50；当日上涨；收盘承接较强；近5日强势延续；连续上榜确认；震荡市里保持相对强势；震荡市里承接未失控,短线涨幅偏高；远离20日线过多,v2
2026-05-27,,次日已审,低层级强势反哺,普通/不推送走强,low_level_winner,不推送 后来走强，原因反哺：人气Top20、人气排名明显上升、当日上涨,18,002552,宝鼎科技,不推送,已入快策略,,2026-05-27,0,common_index_cache,15,41.27,-4.48,8.81,8.81,8.81,13.41,16.43,18.73,21.89,23.3,intraday_0950,2026-05-27 09:50:00,人气Top20；当日上涨；收在日内高位；近5日强势延续；连续上榜确认；人气排名明显上升；震荡市里保持相对强势；震荡市里承接未失控,短线涨幅偏高；远离20日线过多,v2
2026-05-27,,次日已审,低层级强势反哺,普通/不推送走强,low_level_winner,不推送 后来走强，原因反哺：人气Top20、人气排名明显上升、温和放量,19,002585,双星新材,不推送,已入快策略,,2026-05-27,0,common_index_cache,15,40.59,-1.42,7.57,11.45,7.57,0.0,1.51,1.44,2.98,11.45,intraday_0950,2026-05-27 09:50:00,人气Top20；温和放量；近5日强势延续；站上20日线且不过热；连续上榜确认；人气排名明显上升；震荡市里保持相对强势,当日转弱；收盘承接偏弱；短线涨幅偏高；v2回避转弱弱收盘样本,v2
2026-05-27,,次日已审,低层级强势反哺,普通/不推送走强,low_level_winner,不推送 后来走强，原因反哺：人气Top10、人气排名明显上升、当日强涨,10,600183,生益科技,不推送,已入快策略,,2026-05-27,0,common_index_cache,15,30.07,-4.71,-2.64,-1.16,-2.64,-2.65,1.29,2.17,6.3,6.21,intraday_0950,2026-05-27 09:50:00,人气Top10；当日强涨；收盘承接较强；近5日强势延续；连续上榜确认；人气排名明显上升；震荡市里保持相对强势；震荡市里承接未失控,短线涨幅偏高；远离20日线过多,v2
2026-05-27,,次日已审,低层级强势反哺,普通/不推送走强,low_level_winner,不推送 后来走强，原因反哺：人气Top20、人气排名明显上升、温和放量,15,600172,黄河旋风,不推送,已入快策略,,2026-05-27,0,common_index_cache,15,0.45,-0.15,10.27,10.27,10.27,1.74,13.6,1.89,13.77,21.3,intraday_0950,2026-05-27 09:50:00,人气Top20；温和放量；近5日趋势升温；站上20日线且不过热；连续上榜确认；人气排名明显上升；震荡市里保持相对强势,当日转弱；收盘承接偏弱；v2回避转弱弱收盘样本,v2
2026-05-27,,次日已审,低层级强势反哺,普通/不推送走强,low_level_winner,普通观察 后来走强，原因反哺：人气Top20、当日上涨、持续霸榜,20,600396,华电辽能,普通观察,已入快策略,,2026-05-27,0,common_index_cache,15,-1.11,8.33,7.0,12.28,7.0,2.78,18.56,-5.13,9.44,18.56,intraday_0950,2026-05-27 09:50:00,人气Top20；当日上涨；收在日内高位；近5日趋势升温；站上20日线且不过热；持续霸榜；震荡市里保持相对强势；震荡市里承接未失控,量能不足；热度可能进入后段,v2
2026-05-27,,次日已审,低层级强势反哺,普通/不推送走强,low_level_winner,不推送 后来走强，原因反哺：人气Top50、当日上涨、持续霸榜,43,600745,*ST闻泰,不推送,已入快策略,,2026-05-27,0,common_index_cache,15,-5.28,5.01,5.01,5.01,5.01,15.73,15.47,10.21,9.95,27.63,intraday_0950,2026-05-27 09:50:00,人气Top50；当日上涨；收在日内高位；近5日趋势升温；持续霸榜；震荡市里保持相对强势；震荡市里承接未失控,量能不足；仍在20日线下方；热度可能进入后段；人气排名明显回落,v2
2026-05-26,2026-05-19,次日已审,快策略候选,优先成功,priority_success,下个交易日主盯 后续最高表现达到 36.71%，保留这类命中特征。,48,002585,双星新材,观察池,下个交易日主盯,94.4,2026-05-25,1,common_index_cache,16,36.71,-4.23,-1.29,3.13,-1.29,-5.89,3.22,-1.73,7.78,8.37,intraday_0950,2026-05-26 09:50:00,人气Top50；当日涨停附近；收在日内高位；放量仍可控；近5日趋势升温；连续上榜确认；市场强势且个股相对强势；v2强势延续修正；v2低分涨停修正,偏离20日线较大；涨停封板不可买,v2
2026-05-26,2026-05-19,次日已审,快策略候选,优先成功,priority_success,下个交易日主盯 后续最高表现达到 17.58%，保留这类命中特征。,2,002185,华天科技,观察池,下个交易日主盯,94.0,2026-05-25,1,common_index_cache,16,2.09,5.73,7.88,9.97,7.88,3.54,-1.88,-2.08,-7.2,17.58,intraday_0950,2026-05-26 09:50:00,人气Top3；当日涨停附近；收在日内高位；温和放量；近5日趋势升温；持续霸榜；市场强势且个股相对强势；v2强势延续修正；v2低分涨停修正,偏离20日线较大；热度可能进入后段；涨停封板不可买,v2
2026-05-26,2026-05-19,次日已审,快策略候选,优先成功,priority_success,下个交易日主盯 后续最高表现达到 43.10%，保留这类命中特征。,65,600726,华电能源,观察池,下个交易日主盯,93.4,2026-05-25,1,common_index_cache,16,9.07,3.29,9.99,9.99,9.99,33.11,21.42,28.88,17.56,43.1,intraday_0950,2026-05-26 09:50:00,当日涨停附近；收在日内高位；温和放量；近5日趋势升温；站上20日线且不过热；市场强势且个股相对强势,人气排名明显回落；涨停封板不可买,v2
2026-05-26,2026-05-19,次日已审,快策略候选,优先成功,priority_success,下个交易日主盯 后续最高表现达到 24.11%，保留这类命中特征。,19,600396,华电辽能,不推送,下个交易日主盯,70.3,2026-05-25,1,common_index_cache,16,6.21,-1.61,10.8,10.8,10.8,19.51,15.75,21.47,17.65,24.11,intraday_0950,2026-05-26 09:50:00,人气Top20；当日上涨；收盘承接较强；站上20日线且不过热；持续霸榜；人气排名明显上升；市场强势且个股相对强势,热度可能进入后段,v2
2026-05-26,2026-05-19,次日已审,快策略候选,优先成功,priority_success,下个交易日主盯 后续最高表现达到 29.86%，保留这类命中特征。,18,600745,*ST闻泰,不推送,下个交易日主盯,69.4,2026-05-25,1,common_index_cache,16,1.2,0.8,6.84,6.84,6.84,17.78,29.86,16.85,28.83,29.86,intraday_0950,2026-05-26 09:50:00,人气Top20；当日上涨；收盘承接较强；温和放量；持续霸榜；人气排名明显上升；市场强势且个股相对强势,仍在20日线下方；热度可能进入后段,v2
2026-05-26,2026-05-19,次日已审,快策略候选,优先成功,priority_success,下个交易日主盯 后续最高表现达到 32.51%，保留这类命中特征。,27,600863,华能蒙电,不推送,下个交易日主盯,68.7,2026-05-25,1,common_index_cache,16,-6.27,-2.15,10.73,10.73,10.73,20.46,21.78,23.1,24.45,32.51,intraday_0950,2026-05-26 09:50:00,人气Top50；收盘承接较强；近5日趋势升温；站上20日线且不过热；人气排名明显上升；市场强势且个股相对强势,-,v2
2026-05-26,2026-05-19,次日已审,快策略候选,优先成功,priority_success,下个交易日主盯 后续最高表现达到 49.44%，保留这类命中特征。,49,600183,生益科技,不推送,下个交易日主盯,52.2,2026-05-25,1,common_index_cache,16,49.44,9.66,8.64,15.47,8.64,15.99,16.36,5.76,6.1,22.02,intraday_0950,2026-05-26 09:50:00,人气Top50；当日上涨；收盘承接较强；近5日趋势升温；连续上榜确认；市场强势且个股相对强势,量能不足；偏离20日线较大；人气排名明显回落,v2
2026-05-26,2026-05-19,次日已审,快策略候选,优先成功,priority_success,下个交易日主盯 后续最高表现达到 24.98%，保留这类命中特征。,26,600172,黄河旋风,不推送,下个交易日主盯,51.6,2026-05-25,1,common_index_cache,16,3.5,3.5,3.27,6.54,3.27,9.57,8.17,5.86,4.51,24.98,intraday_0950,2026-05-26 09:50:00,人气Top50；当日上涨；温和放量；近5日趋势升温；站上20日线且不过热；连续上榜确认；人气排名明显上升；市场强势且个股相对强势,收盘承接偏弱；上影线偏长,v2
2026-05-26,2026-05-19,次日已审,快策略候选,优先走弱,priority_failed,下个交易日主盯 未兑现，复盘风险项：-,42,600580,卧龙电驱,不推送,下个交易日主盯,82.3,2026-05-25,1,common_index_cache,16,-22.75,-4.83,-1.68,0.0,-1.68,-12.66,-11.69,-8.23,-7.21,0.0,intraday_0950,2026-05-26 09:50:00,人气Top50；当日上涨；温和放量；近5日趋势升温；站上20日线且不过热；市场强势且个股相对强势,-,v2
2026-05-26,2026-05-19,次日已审,快策略候选,优先走弱,priority_failed,下个交易日主盯 未兑现，复盘风险项：上影线偏长,40,002617,露笑科技,不推送,下个交易日主盯,75.4,2026-05-25,1,common_index_cache,16,-8.88,-1.2,4.39,8.48,4.39,-7.88,-9.28,-6.77,-8.18,8.48,intraday_0950,2026-05-26 09:50:00,人气Top50；当日上涨；温和放量；近5日趋势升温；站上20日线且不过热；人气排名明显上升；市场强势且个股相对强势,上影线偏长,v2
2026-05-26,2026-05-19,次日已审,快策略候选,优先走弱,priority_failed,下个交易日主盯 未兑现，复盘风险项：涨停封板不可买,51,600376,首开股份,观察池,下个交易日主盯,67.5,2026-05-25,1,common_index_cache,16,-34.67,-8.57,-10.48,-4.38,-10.48,-15.62,-18.1,-7.71,-10.42,-4.38,intraday_0950,2026-05-26 09:50:00,当日涨停附近；收在日内高位；站上20日线且不过热；市场强势且个股相对强势,涨停封板不可买,v2
2026-05-26,2026-05-19,次日已审,快策略候选,优先走弱,priority_failed,下个交易日主盯 未兑现，复盘风险项：收盘承接偏弱；热度可能进入后段；上影线偏长,3,002156,通富微电,不推送,下个交易日主盯,51.4,2026-05-25,1,common_index_cache,16,-7.55,0.25,-1.75,7.94,-1.75,-9.23,-12.2,-9.45,-12.42,7.94,intraday_0950,2026-05-26 09:50:00,人气Top3；当日上涨；近5日趋势升温；站上20日线且不过热；持续霸榜；人气排名明显上升；市场强势且个股相对强势,收盘承接偏弱；热度可能进入后段；上影线偏长,v2
2026-05-26,2026-05-19,次日已审,快策略候选,优先走弱,priority_failed,下个交易日主盯 未兑现，复盘风险项：量能不足；热度可能进入后段；人气排名明显回落,33,002050,三花智控,不推送,下个交易日主盯,51.3,2026-05-25,1,common_index_cache,16,-19.26,-4.0,-7.64,-3.19,-7.64,-16.11,-18.23,-12.62,-14.82,-3.19,intraday_0950,2026-05-26 09:50:00,人气Top50；收盘承接较强；近5日趋势升温；站上20日线且不过热；持续霸榜；市场强势且个股相对强势,量能不足；热度可能进入后段；人气排名明显回落,v2
2026-05-26,2026-05-19,次日已审,快策略候选,优先走弱,priority_failed,下个交易日主盯 未兑现，复盘风险项：短线涨幅偏高；偏离20日线较大；v2回避前段过热样本,10,301269,华大九天,不推送,下个交易日主盯,51.15,2026-05-25,1,common_index_cache,16,-21.24,-2.61,-4.55,-0.89,-4.55,-14.24,-21.02,-11.94,-18.91,-0.89,intraday_0950,2026-05-26 09:50:00,人气Top10；当日上涨；温和放量；近5日强势延续；市场强势且个股相对强势,短线涨幅偏高；偏离20日线较大；v2回避前段过热样本,v2
2026-05-26,2026-05-19,次日已审,快策略候选,暂未强势,neutral,继续等待更多交易日或降低权重。,20,002938,鹏鼎控股,不推送,下个交易日主盯,56.7,2026-05-25,1,common_index_cache,16,2.08,-6.33,-10.01,-3.76,-10.01,-10.78,-4.88,-4.75,1.55,-3.35,intraday_0950,2026-05-26 09:50:00,人气Top20；温和放量；近5日趋势升温；连续上榜确认；市场强势且个股相对强势,偏离20日线较大；v2回避人气转弱样本,v2
2026-05-26,2026-05-19,次日已审,快策略候选,暂未强势,neutral,继续等待更多交易日或降低权重。,12,603005,晶方科技,不推送,下个交易日主盯,52.65,2026-05-25,1,common_index_cache,16,4.23,-2.58,-2.8,5.18,-2.8,-7.25,-12.7,-4.8,-10.39,5.18,intraday_0950,2026-05-26 09:50:00,人气Top20；温和放量；近5日强势延续；连续上榜确认；人气排名明显上升；市场强势且个股相对强势,收盘承接偏弱；短线涨幅偏高；偏离20日线较大,v2
2026-05-26,2026-05-19,次日已审,快策略候选,优先成功,priority_success,优先观察 后续最高表现达到 25.19%，保留这类命中特征。,4,000725,京东方A,不推送,优先观察,50.5,2026-05-25,1,common_index_cache,16,25.19,8.21,6.72,13.62,6.72,-4.66,2.05,-11.9,-5.69,13.62,intraday_0950,2026-05-26 09:50:00,人气Top10；近5日趋势升温；站上20日线且不过热；连续上榜确认；市场强势且个股相对强势,上影线偏长,v2
2026-05-26,2026-05-19,次日已审,快策略候选,暂未强势,neutral,继续等待更多交易日或降低权重。,36,603936,博敏电子,不推送,优先观察,50.25,2026-05-25,1,common_index_cache,16,3.04,-0.19,-7.12,1.04,-7.12,-7.7,-14.82,-7.52,-14.66,1.04,intraday_0950,2026-05-26 09:50:00,人气Top50；当日上涨；收在日内高位；近5日强势延续；连续上榜确认；人气排名明显上升；市场强势且个股相对强势,短线涨幅偏高；偏离20日线较大；v2回避前段过热样本,v2
2026-05-26,2026-05-19,次日已审,快策略候选,暂未强势,neutral,继续等待更多交易日或降低权重。,28,002463,沪电股份,不推送,优先观察,49.5,2026-05-25,1,common_index_cache,16,14.99,2.17,0.66,5.53,0.66,3.6,2.79,1.41,0.61,8.96,intraday_0950,2026-05-26 09:50:00,人气Top50；当日上涨；近5日趋势升温；站上20日线且不过热；连续上榜确认；市场强势且个股相对强势,量能不足；人气排名明显回落；v2回避人气转弱样本,v2
2026-05-26,2026-05-19,次日已审,快策略候选,暂未强势,neutral,继续等待更多交易日或降低权重。,47,688820,盛合晶微,不推送,备选观察,45.4,2026-05-25,1,common_index_cache,16,-18.84,-0.99,-5.45,4.68,-5.45,-12.31,-19.48,-11.43,-18.68,4.68,intraday_0950,2026-05-26 09:50:00,人气Top50；当日上涨；近5日趋势升温；市场强势且个股相对强势,量能不足；远离20日线过多,v2
2026-05-26,2026-05-19,次日已审,快策略候选,备选走强,backup_success,备选观察 后续最高表现达到 43.21%，保留这类命中特征。,43,002741,光华科技,不推送,备选观察,43.45,2026-05-25,1,common_index_cache,16,43.21,0.98,8.75,9.77,8.75,4.79,-1.42,3.78,-2.37,13.14,intraday_0950,2026-05-26 09:50:00,人气Top50；温和放量；近5日趋势升温；站上20日线且不过热；连续上榜确认；人气排名明显上升；市场强势且个股相对强势；v2热点回踩观察,当日转弱；收盘承接偏弱；v2回避转弱弱收盘样本,v2
2026-05-26,,次日已审,低层级强势反哺,普通/不推送走强,low_level_winner,不推送 后来走强，原因反哺：人气Top20、温和放量、近5日趋势升温,15,000636,风华高科,不推送,未入快策略,,2026-05-26,0,common_index_cache,16,83.18,3.88,9.37,11.28,9.37,31.16,48.18,26.26,42.64,49.79,intraday_0950,2026-05-26 09:50:00,人气Top20；温和放量；近5日趋势升温；连续上榜确认；震荡市里保持相对强势,当日转弱；收盘承接偏弱；偏离20日线较大；v2回避转弱弱收盘样本；v2回避人气转弱样本,v2
2026-05-26,,次日已审,低层级强势反哺,普通/不推送走强,low_level_winner,不推送 后来走强，原因反哺：人气Top50、持续霸榜,41,600487,亨通光电,不推送,未入快策略,,2026-05-26,0,common_index_cache,16,59.71,-1.24,-1.17,3.02,-1.17,10.96,19.6,12.35,21.1,19.6,intraday_0950,2026-05-26 09:50:00,人气Top50；持续霸榜,当日转弱；收盘承接偏弱；量能不足；近5日趋势未确认；热度可能进入后段；震荡市里相对走弱；v2回避转弱弱收盘样本,v2
2026-05-26,,次日已审,低层级强势反哺,普通/不推送走强,low_level_winner,不推送 后来走强，原因反哺：当日上涨、收盘承接较强、近5日趋势升温,76,002552,宝鼎科技,不推送,未入快策略,,2026-05-26,0,common_index_cache,16,58.07,5.15,10.69,16.1,10.69,26.4,33.14,20.21,26.63,37.96,intraday_0950,2026-05-26 09:50:00,当日上涨；收盘承接较强；近5日趋势升温；连续上榜确认；震荡市里保持相对强势；震荡市里承接未失控,远离20日线过多；人气排名明显回落；后段人气股在偏弱环境里更谨慎,v2
2026-05-26,,次日已审,低层级强势反哺,普通/不推送走强,low_level_winner,不推送 后来走强，原因反哺：温和放量、站上20日线且不过热、近5日趋势升温,79,300975,商络电子,不推送,未入快策略,,2026-05-26,0,common_index_cache,16,50.0,4.95,13.56,18.51,13.56,30.22,57.85,24.08,50.42,63.31,intraday_0950,2026-05-26 09:50:00,温和放量；近5日趋势升温；站上20日线且不过热；震荡市里保持相对强势,收盘承接偏弱；上影线偏长；后段人气股在偏弱环境里更谨慎,v2
2026-05-26,,次日已审,低层级强势反哺,普通/不推送走强,low_level_winner,不推送 后来走强，原因反哺：人气排名明显上升、站上20日线且不过热,84,600667,太极实业,不推送,未入快策略,,2026-05-26,0,common_index_cache,16,45.41,7.42,6.42,11.62,6.42,-1.68,14.22,-8.47,6.33,14.22,intraday_0950,2026-05-26 09:50:00,站上20日线且不过热；人气排名明显上升,当日转弱；收盘承接偏弱；量能不足；近5日趋势未确认；震荡市里相对走弱；后段人气股在偏弱环境里更谨慎；v2回避转弱弱收盘样本,v2
2026-05-26,,次日已审,低层级强势反哺,普通/不推送走强,low_level_winner,不推送 后来走强，原因反哺：人气Top50、人气排名明显上升、当日上涨,31,603256,宏和科技,不推送,未入快策略,,2026-05-26,0,common_index_cache,16,43.04,1.34,-0.64,4.39,-0.64,11.65,9.8,10.17,8.34,14.88,intraday_0950,2026-05-26 09:50:00,人气Top50；当日上涨；近5日强势延续；连续上榜确认；人气排名明显上升；震荡市里保持相对强势,量能不足；短线涨幅偏高；偏离20日线较大；v2回避前段过热样本,v2
2026-05-26,,次日已审,低层级强势反哺,普通/不推送走强,low_level_winner,不推送 后来走强，原因反哺：人气Top50、持续霸榜、站上20日线且不过热,22,600522,中天科技,不推送,未入快策略,,2026-05-26,0,common_index_cache,16,35.75,-1.61,-3.46,1.11,-3.46,4.3,6.03,6.01,7.76,7.79,intraday_0950,2026-05-26 09:50:00,人气Top50；站上20日线且不过热；持续霸榜,当日转弱；收盘承接偏弱；量能不足；近5日趋势未确认；热度可能进入后段；震荡市里相对走弱；v2回避转弱弱收盘样本,v2
2026-05-26,,次日已审,低层级强势反哺,普通/不推送走强,low_level_winner,不推送 后来走强，原因反哺：人气排名明显上升、持续霸榜,67,001896,豫能控股,不推送,未入快策略,,2026-05-26,0,common_index_cache,16,34.57,-7.24,-2.66,0.99,-2.66,1.24,12.86,9.13,21.67,16.76,intraday_0950,2026-05-26 09:50:00,持续霸榜；人气排名明显上升,当日转弱；收盘承接偏弱；量能不足；近5日趋势未确认；热度可能进入后段；震荡市里相对走弱；后段人气股在偏弱环境里更谨慎；v2回避转弱弱收盘样本,v2
2026-05-26,,次日已审,低层级强势反哺,普通/不推送走强,low_level_winner,不推送 后来走强，原因反哺：人气Top50、站上20日线且不过热、近5日趋势升温,34,002436,兴森科技,不推送,未入快策略,,2026-05-26,0,common_index_cache,16,28.32,1.48,-0.7,3.14,-0.7,3.84,13.34,2.33,11.69,14.04,intraday_0950,2026-05-26 09:50:00,人气Top50；近5日趋势升温；站上20日线且不过热；连续上榜确认；震荡市里保持相对强势,当日转弱；收盘承接偏弱；量能不足；v2回避转弱弱收盘样本,v2
2026-05-26,,次日已审,低层级强势反哺,普通/不推送走强,low_level_winner,不推送 后来走强，原因反哺：人气Top20、持续霸榜、站上20日线且不过热,13,601991,大唐发电,不推送,未入快策略,,2026-05-26,0,common_index_cache,16,26.28,-3.18,6.64,7.88,6.64,19.36,26.97,23.29,31.14,27.11,intraday_0950,2026-05-26 09:50:00,人气Top20；站上20日线且不过热；持续霸榜,当日转弱；收盘承接偏弱；量能不足；近5日趋势未确认；热度可能进入后段；震荡市里相对走弱；v2回避转弱弱收盘样本,v2
2026-05-26,,次日已审,低层级强势反哺,普通/不推送走强,low_level_winner,不推送 后来走强，原因反哺：人气Top50、人气排名明显上升、站上20日线且不过热,37,002409,雅克科技,不推送,未入快策略,,2026-05-26,0,common_index_cache,16,22.87,3.57,-1.9,5.63,-1.9,-10.82,-8.94,-13.9,-12.08,5.63,intraday_0950,2026-05-26 09:50:00,人气Top50；站上20日线且不过热；人气排名明显上升；震荡市里保持相对强势,当日转弱；收盘承接偏弱；量能不足；v2回避转弱弱收盘样本,v2
2026-05-26,,次日已审,低层级强势反哺,普通/不推送走强,low_level_winner,不推送 后来走强，原因反哺：站上20日线且不过热,57,600460,士兰微,不推送,未入快策略,,2026-05-26,0,common_index_cache,16,22.87,2.47,7.07,12.19,7.07,4.12,-0.6,1.62,-3.0,17.79,intraday_0950,2026-05-26 09:50:00,站上20日线且不过热,当日转弱；收盘承接偏弱；量能不足；震荡市里相对走弱；后段人气股在偏弱环境里更谨慎；v2回避转弱弱收盘样本,v2
2026-05-26,,次日已审,低层级强势反哺,普通/不推送走强,low_level_winner,不推送 后来走强，原因反哺：原因待补充,97,002428,云南锗业,不推送,未入快策略,,2026-05-26,0,common_index_cache,16,19.55,-1.42,-1.63,3.3,-1.63,9.82,4.02,11.4,5.52,16.83,intraday_0950,2026-05-26 09:50:00,-,当日转弱；收盘承接偏弱；量能不足；近5日趋势未确认；人气排名明显回落；震荡市里相对走弱；后段人气股在偏弱环境里更谨慎；v2回避转弱弱收盘样本；v2回避人气转弱样本,v2
2026-05-26,,次日已审,低层级强势反哺,普通/不推送走强,low_level_winner,不推送 后来走强，原因反哺：人气Top50、人气排名明显上升、持续霸榜,45,300308,中际旭创,不推送,未入快策略,,2026-05-26,0,common_index_cache,16,17.48,0.34,2.31,5.59,2.31,6.89,9.71,6.53,9.34,11.39,intraday_0950,2026-05-26 09:50:00,人气Top50；近5日趋势升温；站上20日线且不过热；持续霸榜；人气排名明显上升；震荡市里保持相对强势,当日转弱；收盘承接偏弱；量能不足；热度可能进入后段；v2回避转弱弱收盘样本,v2
2026-05-26,,次日已审,低层级强势反哺,普通/不推送走强,low_level_winner,不推送 后来走强，原因反哺：持续霸榜、站上20日线且不过热,55,002384,东山精密,不推送,未入快策略,,2026-05-26,0,common_index_cache,16,17.3,-1.02,1.99,6.84,1.99,-2.73,-3.69,-1.72,-2.7,6.84,intraday_0950,2026-05-26 09:50:00,站上20日线且不过热；持续霸榜,当日转弱；收盘承接偏弱；量能不足；近5日趋势未确认；热度可能进入后段；人气排名明显回落；震荡市里相对走弱；后段人气股在偏弱环境里更谨慎；v2回避转弱弱收盘样本；v2回避人气转弱样本,v2
2026-05-26,,次日已审,低层级强势反哺,普通/不推送走强,low_level_winner,不推送 后来走强，原因反哺：站上20日线且不过热、近5日趋势升温、震荡市里保持相对强势,59,605111,新洁能,不推送,未入快策略,,2026-05-26,0,common_index_cache,16,17.1,7.65,13.07,16.51,13.07,9.32,2.06,1.54,-5.2,16.51,intraday_0950,2026-05-26 09:50:00,近5日趋势升温；站上20日线且不过热；震荡市里保持相对强势,当日转弱；收盘承接偏弱；后段人气股在偏弱环境里更谨慎；v2回避转弱弱收盘样本,v2
2026-05-26,,次日已审,低层级强势反哺,普通/不推送走强,low_level_winner,不推送 后来走强，原因反哺：站上20日线且不过热、震荡市里保持相对强势,81,300054,鼎龙股份,不推送,未入快策略,,2026-05-26,0,common_index_cache,16,16.68,1.18,-6.02,1.46,-6.02,-14.03,-13.65,-15.03,-14.65,1.46,intraday_0950,2026-05-26 09:50:00,站上20日线且不过热；震荡市里保持相对强势,收盘承接偏弱；后段人气股在偏弱环境里更谨慎,v2
2026-05-26,,次日已审,低层级强势反哺,普通/不推送走强,low_level_winner,不推送 后来走强，原因反哺：人气Top10、持续霸榜、近5日强势延续,8,603986,兆易创新,不推送,未入快策略,,2026-05-26,0,common_index_cache,16,15.97,7.05,1.75,9.39,1.75,-7.59,-6.07,-13.68,-12.26,9.39,intraday_0950,2026-05-26 09:50:00,人气Top10；近5日强势延续；持续霸榜；震荡市里保持相对强势,当日转弱；量能不足；短线涨幅偏高；偏离20日线较大；热度可能进入后段；v2回避转弱弱收盘样本,v2
2026-05-26,,次日已审,低层级强势反哺,普通/不推送走强,low_level_winner,不推送 后来走强，原因反哺：站上20日线且不过热,68,600330,天通股份,不推送,未入快策略,,2026-05-26,0,common_index_cache,16,13.49,-2.89,6.01,7.85,6.01,11.18,8.7,14.48,11.93,18.27,intraday_0950,2026-05-26 09:50:00,站上20日线且不过热,当日转弱；收盘承接偏弱；量能不足；近5日趋势未确认；震荡市里相对走弱；后段人气股在偏弱环境里更谨慎；v2回避转弱弱收盘样本,v2
2026-05-26,,次日已审,低层级强势反哺,普通/不推送走强,low_level_winner,不推送 后来走强，原因反哺：人气Top20、持续霸榜、站上20日线且不过热,14,000021,深科技,不推送,未入快策略,,2026-05-26,0,common_index_cache,16,7.22,16.97,9.35,16.97,9.35,-1.12,-7.65,-15.47,-21.04,16.97,intraday_0950,2026-05-26 09:50:00,人气Top20；近5日趋势升温；站上20日线且不过热；持续霸榜；震荡市里保持相对强势,当日转弱；收盘承接偏弱；量能不足；热度可能进入后段；v2回避转弱弱收盘样本,v2
2026-05-26,,次日已审,低层级强势反哺,普通/不推送走强,low_level_winner,不推送 后来走强，原因反哺：人气Top50、人气排名明显上升、持续霸榜,24,601138,工业富联,不推送,未入快策略,,2026-05-26,0,common_index_cache,16,5.89,1.9,2.16,7.49,2.16,7.0,16.63,5.01,14.46,18.24,intraday_0950,2026-05-26 09:50:00,人气Top50；站上20日线且不过热；持续霸榜；人气排名明显上升,当日转弱；收盘承接偏弱；量能不足；热度可能进入后段；震荡市里相对走弱；v2回避转弱弱收盘样本,v2
2026-05-26,,次日已审,低层级强势反哺,普通/不推送走强,low_level_winner,不推送 后来走强，原因反哺：温和放量、站上20日线且不过热、近5日趋势升温,91,300196,长海股份,不推送,未入快策略,,2026-05-26,0,common_index_cache,10,5.73,5.43,3.91,9.47,3.91,6.43,15.41,0.95,9.47,25.14,intraday_0950,2026-05-26 09:50:00,温和放量；近5日趋势升温；站上20日线且不过热；震荡市里保持相对强势,当日转弱；收盘承接偏弱；后段人气股在偏弱环境里更谨慎；v2回避转弱弱收盘样本,v2
2026-05-26,,次日已审,低层级强势反哺,普通/不推送走强,low_level_winner,不推送 后来走强，原因反哺：人气Top50、近5日强势延续、震荡市里保持相对强势,38,688347,华虹公司,不推送,未入快策略,,2026-05-26,0,common_index_cache,12,2.52,0.96,-0.13,6.76,-0.13,9.62,4.91,8.58,3.91,19.5,intraday_0950,2026-05-26 09:50:00,人气Top50；近5日强势延续；震荡市里保持相对强势,收盘承接偏弱；量能不足；短线涨幅偏高；偏离20日线较大；上影线偏长；v2回避前段过热样本,v2
2026-05-26,,次日已审,低层级强势反哺,普通/不推送走强,low_level_winner,不推送 后来走强，原因反哺：人气Top50、人气排名明显上升、持续霸榜,25,600759,ST洲际,不推送,未入快策略,,2026-05-26,0,common_index_cache,16,-4.72,-7.09,-1.57,0.39,-1.57,8.66,20.08,16.95,29.24,20.08,intraday_0950,2026-05-26 09:50:00,人气Top50；温和放量；持续霸榜；人气排名明显上升,近5日趋势未确认；仍在20日线下方；热度可能进入后段；震荡市里相对走弱,v2
2026-05-26,,次日已审,低层级强势反哺,普通/不推送走强,low_level_winner,不推送 后来走强，原因反哺：持续霸榜,62,002580,圣阳股份,不推送,未入快策略,,2026-05-26,0,common_index_cache,16,-8.15,0.43,-0.86,2.67,-0.86,4.53,16.08,4.08,15.59,22.68,intraday_0950,2026-05-26 09:50:00,持续霸榜,当日转弱；收盘承接偏弱；量能不足；近5日趋势未确认；仍在20日线下方；热度可能进入后段；震荡市里相对走弱；后段人气股在偏弱环境里更谨慎；v2回避转弱弱收盘样本,v2
2026-05-26,,次日已审,低层级强势反哺,普通/不推送走强,low_level_winner,不推送 后来走强，原因反哺：人气Top50、持续霸榜、站上20日线且不过热,29,603601,再升科技,不推送,未入快策略,,2026-05-26,0,common_index_cache,16,-14.76,6.97,15.57,18.86,15.57,14.43,-7.35,6.97,-13.39,27.14,intraday_0950,2026-05-26 09:50:00,人气Top50；站上20日线且不过热；持续霸榜,当日转弱；收盘承接偏弱；量能不足；热度可能进入后段；人气排名明显回落；震荡市里相对走弱；v2回避转弱弱收盘样本；v2回避人气转弱样本,v2
2026-05-26,,次日已审,低层级强势反哺,普通/不推送走强,low_level_winner,不推送 后来走强，原因反哺：人气Top50、持续霸榜、站上20日线且不过热,23,603629,利通电子,不推送,未入快策略,,2026-05-26,0,common_index_cache,16,-16.44,5.32,8.4,8.89,8.4,21.89,-1.05,15.74,-6.05,21.97,intraday_0950,2026-05-26 09:50:00,人气Top50；近5日趋势升温；站上20日线且不过热；持续霸榜；震荡市里保持相对强势,当日转弱；量能不足；热度可能进入后段；v2回避转弱弱收盘样本；v2回避人气转弱样本,v2
2026-05-26,,次日已审,低层级强势反哺,普通/不推送走强,low_level_winner,不推送 后来走强，原因反哺：人气Top50、当日上涨、收盘承接较强,49,600183,生益科技,不推送,已入快策略,,2026-05-26,0,common_index_cache,16,49.44,9.66,8.64,15.47,8.64,15.99,16.36,5.76,6.1,22.02,intraday_0950,2026-05-26 09:50:00,人气Top50；当日上涨；收盘承接较强；近5日趋势升温；连续上榜确认；震荡市里保持相对强势；震荡市里承接未失控,量能不足；偏离20日线较大；人气排名明显回落,v2
2026-05-26,,次日已审,低层级强势反哺,普通/不推送走强,low_level_winner,不推送 后来走强，原因反哺：v2热点回踩观察、人气Top50、人气排名明显上升,43,002741,光华科技,不推送,已入快策略,,2026-05-26,0,common_index_cache,16,43.21,0.98,8.75,9.77,8.75,4.79,-1.42,3.78,-2.37,13.14,intraday_0950,2026-05-26 09:50:00,人气Top50；温和放量；近5日趋势升温；站上20日线且不过热；连续上榜确认；人气排名明显上升；震荡市里保持相对强势；v2热点回踩观察,当日转弱；收盘承接偏弱；v2回避转弱弱收盘样本,v2
2026-05-26,,次日已审,低层级强势反哺,普通/不推送走强,low_level_winner,不推送 后来走强，原因反哺：人气Top10、站上20日线且不过热、近5日趋势升温,4,000725,京东方A,不推送,已入快策略,,2026-05-26,0,common_index_cache,16,25.19,8.21,6.72,13.62,6.72,-4.66,2.05,-11.9,-5.69,13.62,intraday_0950,2026-05-26 09:50:00,人气Top10；近5日趋势升温；站上20日线且不过热；连续上榜确认；震荡市里保持相对强势,上影线偏长,v2
2026-05-26,,次日已审,低层级强势反哺,普通/不推送走强,low_level_winner,不推送 后来走强，原因反哺：人气Top20、人气排名明显上升、当日上涨,19,600396,华电辽能,不推送,已入快策略,,2026-05-26,0,common_index_cache,16,6.21,-1.61,10.8,10.8,10.8,19.51,15.75,21.47,17.65,24.11,intraday_0950,2026-05-26 09:50:00,人气Top20；当日上涨；收盘承接较强；站上20日线且不过热；持续霸榜；人气排名明显上升；震荡市里保持相对强势；震荡市里承接未失控,热度可能进入后段,v2
2026-05-26,,次日已审,低层级强势反哺,普通/不推送走强,low_level_winner,不推送 后来走强，原因反哺：人气Top50、人气排名明显上升、当日上涨,26,600172,黄河旋风,不推送,已入快策略,,2026-05-26,0,common_index_cache,16,3.5,3.5,3.27,6.54,3.27,9.57,8.17,5.86,4.51,24.98,intraday_0950,2026-05-26 09:50:00,人气Top50；当日上涨；温和放量；近5日趋势升温；站上20日线且不过热；连续上榜确认；人气排名明显上升；震荡市里保持相对强势,收盘承接偏弱；上影线偏长,v2
2026-05-26,,次日已审,低层级强势反哺,普通/不推送走强,low_level_winner,不推送 后来走强，原因反哺：人气Top20、人气排名明显上升、当日上涨,18,600745,*ST闻泰,不推送,已入快策略,,2026-05-26,0,common_index_cache,16,1.2,0.8,6.84,6.84,6.84,17.78,29.86,16.85,28.83,29.86,intraday_0950,2026-05-26 09:50:00,人气Top20；当日上涨；收盘承接较强；温和放量；持续霸榜；人气排名明显上升；震荡市里保持相对强势；震荡市里承接未失控,仍在20日线下方；热度可能进入后段,v2
2026-05-26,,次日已审,低层级强势反哺,普通/不推送走强,low_level_winner,不推送 后来走强，原因反哺：人气Top50、人气排名明显上升、收盘承接较强,27,600863,华能蒙电,不推送,已入快策略,,2026-05-26,0,common_index_cache,16,-6.27,-2.15,10.73,10.73,10.73,20.46,21.78,23.1,24.45,32.51,intraday_0950,2026-05-26 09:50:00,人气Top50；收盘承接较强；近5日趋势升温；站上20日线且不过热；人气排名明显上升；震荡市里保持相对强势；震荡市里承接未失控,-,v2
2026-05-25,2026-05-18,次日已审,快策略候选,暂未强势,neutral,继续等待更多交易日或降低权重。,18,600186,莲花控股,观察池,备选观察,43.3,2026-05-22,3,common_index_cache,17,13.91,0.93,2.49,6.45,2.49,-14.92,-23.54,-15.7,-24.25,6.45,intraday_0950,2026-05-25 09:50:00,人气Top20；当日涨停附近；收在日内高位；站上20日线且不过热；持续霸榜；人气排名明显上升；市场强势且个股相对强势,热度可能进入后段；涨停封板不可买,v2
2026-05-25,2026-05-18,次日已审,快策略候选,备选走强,backup_success,备选观察 后续最高表现达到 29.29%，保留这类命中特征。,6,002185,华天科技,观察池,备选观察,46.9,2026-05-22,3,common_index_cache,17,12.26,9.9,9.9,9.9,9.9,26.52,8.49,15.12,-1.29,29.29,intraday_0950,2026-05-25 09:50:00,人气Top10；当日涨停附近；收在日内高位；站上20日线且不过热；持续霸榜；人气排名明显上升；市场强势且个股相对强势,热度可能进入后段；涨停封板不可买,v2
2026-05-25,2026-05-18,次日已审,快策略候选,暂未强势,neutral,继续等待更多交易日或降低权重。,19,600578,京能电力,观察池,只看不追,41.5,2026-05-22,3,common_index_cache,17,-11.28,4.98,1.44,9.4,1.44,1.88,-6.64,-2.95,-11.06,11.17,intraday_0950,2026-05-25 09:50:00,人气Top20；当日涨停附近；收在日内高位；站上20日线且不过热；持续霸榜；市场强势且个股相对强势,热度可能进入后段；涨停封板不可买,v2
2026-05-25,,次日已审,低层级强势反哺,普通/不推送走强,low_level_winner,不推送 后来走强，原因反哺：人气Top50、市场强势且个股相对强势、当日上涨,42,603678,火炬电子,不推送,未入快策略,,2026-05-25,0,common_index_cache,17,77.06,0.1,3.02,4.14,3.02,19.96,35.13,19.84,34.99,35.13,intraday_0950,2026-05-25 09:50:00,人气Top50；当日上涨；温和放量；近5日趋势升温；站上20日线且不过热；市场强势且个股相对强势,收盘承接偏弱,v2
2026-05-25,,次日已审,低层级强势反哺,普通/不推送走强,low_level_winner,不推送 后来走强，原因反哺：人气Top50、人气排名明显上升、市场强势且个股相对强势,47,002552,宝鼎科技,不推送,未入快策略,,2026-05-25,0,common_index_cache,17,72.55,6.67,15.21,15.21,15.21,32.9,38.52,24.59,29.86,48.47,intraday_0950,2026-05-25 09:50:00,人气Top50；当日上涨；近5日趋势升温；人气排名明显上升；市场强势且个股相对强势,收盘承接偏弱；偏离20日线较大,v2
2026-05-25,,次日已审,低层级强势反哺,普通/不推送走强,low_level_winner,不推送 后来走强，原因反哺：人气Top50、人气排名明显上升、市场强势且个股相对强势,23,600183,生益科技,不推送,未入快策略,,2026-05-25,0,common_index_cache,17,60.38,2.27,13.39,13.39,13.39,20.04,20.03,17.37,17.37,30.95,intraday_0950,2026-05-25 09:50:00,人气Top50；当日上涨；近5日趋势升温；人气排名明显上升；市场强势且个股相对强势,收盘承接偏弱；量能不足；偏离20日线较大；上影线偏长,v2
2026-05-25,,次日已审,低层级强势反哺,普通/不推送走强,low_level_winner,不推送 后来走强，原因反哺：人气Top50、持续霸榜,44,600487,亨通光电,不推送,未入快策略,,2026-05-25,0,common_index_cache,17,58.39,2.75,-0.96,2.85,-0.96,0.57,7.82,-2.12,4.93,15.31,intraday_0950,2026-05-25 09:50:00,人气Top50；持续霸榜,当日转弱；收盘承接偏弱；量能不足；近5日趋势未确认；热度可能进入后段；强势市里个股相对走弱；v2回避转弱弱收盘样本；v2回避人气转弱样本,v2
2026-05-25,,次日已审,低层级强势反哺,普通/不推送走强,low_level_winner,不推送 后来走强，原因反哺：人气Top50、市场强势且个股相对强势、当日上涨,39,300285,国瓷材料,不推送,未入快策略,,2026-05-25,0,common_index_cache,17,52.04,-0.14,-4.03,1.1,-4.03,2.44,-0.25,2.58,-0.12,8.66,intraday_0950,2026-05-25 09:50:00,人气Top50；当日上涨；近5日强势延续；市场强势且个股相对强势,收盘承接偏弱；短线涨幅偏高；偏离20日线较大；上影线偏长；v2回避前段过热样本,v2
2026-05-25,,次日已审,低层级强势反哺,普通/不推送走强,low_level_winner,不推送 后来走强，原因反哺：人气Top50、人气排名明显上升、市场强势且个股相对强势,49,603256,宏和科技,不推送,未入快策略,,2026-05-25,0,common_index_cache,17,50.53,1.89,6.88,10.94,6.88,15.03,5.74,12.9,3.78,20.9,intraday_0950,2026-05-25 09:50:00,人气Top50；当日强涨；收盘承接较强；近5日强势延续；站上20日线且不过热；人气排名明显上升；市场强势且个股相对强势,短线涨幅偏高；v2回避前段过热样本,v2
2026-05-25,,次日已审,低层级强势反哺,普通/不推送走强,low_level_winner,不推送 后来走强，原因反哺：市场强势且个股相对强势、当日上涨,53,301013,利和兴,不推送,未入快策略,,2026-05-25,0,common_index_cache,17,46.56,-5.54,3.19,4.2,3.19,2.11,3.88,8.1,9.98,15.12,intraday_0950,2026-05-25 09:50:00,当日上涨；市场强势且个股相对强势,收盘承接偏弱；短线涨幅过热；远离20日线过多；v2回避前段过热样本,v2
2026-05-25,,次日已审,低层级强势反哺,普通/不推送走强,low_level_winner,不推送 后来走强，原因反哺：人气Top50、人气排名明显上升、市场强势且个股相对强势,45,000657,中钨高新,不推送,未入快策略,,2026-05-25,0,common_index_cache,17,41.84,1.3,7.24,9.16,7.24,9.27,0.1,7.87,-1.19,12.42,intraday_0950,2026-05-25 09:50:00,人气Top50；近5日趋势升温；站上20日线且不过热；人气排名明显上升；市场强势且个股相对强势,收盘承接偏弱,v2
2026-05-25,,次日已审,低层级强势反哺,普通/不推送走强,low_level_winner,不推送 后来走强，原因反哺：市场强势且个股相对强势、站上20日线且不过热、近5日趋势升温,79,600176,中国巨石,不推送,未入快策略,,2026-05-25,0,common_index_cache,17,41.45,0.52,6.45,10.78,6.45,12.64,-0.73,12.06,-1.24,13.94,intraday_0950,2026-05-25 09:50:00,近5日趋势升温；站上20日线且不过热；市场强势且个股相对强势,收盘承接偏弱；量能不足,v2
2026-05-25,,次日已审,低层级强势反哺,普通/不推送走强,low_level_winner,不推送 后来走强，原因反哺：市场强势且个股相对强势、近5日趋势升温、连续上榜确认,83,001896,豫能控股,不推送,未入快策略,,2026-05-25,0,common_index_cache,17,36.6,3.64,3.89,7.03,3.89,-1.51,10.8,-4.97,6.9,13.06,intraday_0950,2026-05-25 09:50:00,近5日趋势升温；连续上榜确认；市场强势且个股相对强势,收盘承接偏弱；量能不足；人气排名明显回落；上影线偏长；v2回避人气转弱样本,v2
2026-05-25,,次日已审,低层级强势反哺,普通/不推送走强,low_level_winner,不推送 后来走强，原因反哺：人气排名明显上升、市场强势且个股相对强势、当日上涨,52,601208,东材科技,不推送,未入快策略,,2026-05-25,0,common_index_cache,17,35.48,-3.29,-1.35,1.76,-1.35,0.74,-11.55,4.17,-8.54,3.18,intraday_0950,2026-05-25 09:50:00,当日上涨；近5日趋势升温；站上20日线且不过热；人气排名明显上升；市场强势且个股相对强势,收盘承接偏弱；量能不足；上影线偏长,v2
2026-05-25,,次日已审,低层级强势反哺,普通/不推送走强,low_level_winner,不推送 后来走强，原因反哺：人气Top50、市场强势且个股相对强势、近5日强势延续,34,300408,三环集团,不推送,未入快策略,,2026-05-25,0,common_index_cache,17,33.07,-3.28,0.09,0.64,0.09,13.08,7.53,16.91,11.18,17.38,intraday_0950,2026-05-25 09:50:00,人气Top50；近5日强势延续；市场强势且个股相对强势,收盘承接偏弱；短线涨幅偏高；偏离20日线较大；v2回避前段过热样本,v2
2026-05-25,,次日已审,低层级强势反哺,普通/不推送走强,low_level_winner,不推送 后来走强，原因反哺：人气排名明显上升、市场强势且个股相对强势、站上20日线且不过热,76,600160,巨化股份,不推送,未入快策略,,2026-05-25,0,common_index_cache,16,31.36,-2.03,-0.48,2.45,-0.48,-3.83,1.1,-1.84,3.19,3.26,intraday_0950,2026-05-25 09:50:00,近5日趋势升温；站上20日线且不过热；人气排名明显上升；市场强势且个股相对强势,当日转弱；收盘承接偏弱；量能不足；v2回避转弱弱收盘样本,v2
2026-05-25,,次日已审,低层级强势反哺,普通/不推送走强,low_level_winner,不推送 后来走强，原因反哺：人气Top20、持续霸榜、站上20日线且不过热,17,600522,中天科技,不推送,未入快策略,,2026-05-25,0,common_index_cache,17,30.74,0.0,-3.62,0.12,-3.62,-3.52,-6.21,-3.52,-6.21,3.81,intraday_0950,2026-05-25 09:50:00,人气Top20；站上20日线且不过热；持续霸榜,当日转弱；收盘承接偏弱；量能不足；近5日趋势未确认；热度可能进入后段；强势市里个股相对走弱；v2回避转弱弱收盘样本,v2
2026-05-25,,次日已审,低层级强势反哺,普通/不推送走强,low_level_winner,普通观察 后来走强，原因反哺：人气Top3、市场强势且个股相对强势、温和放量,1,000725,京东方A,普通观察,未入快策略,,2026-05-25,0,common_index_cache,17,29.79,0.97,11.61,12.19,11.61,9.86,3.68,8.81,2.68,17.79,intraday_0950,2026-05-25 09:50:00,人气Top3；温和放量；近5日趋势升温；站上20日线且不过热；连续上榜确认；市场强势且个股相对强势,上影线偏长,v2
2026-05-25,,次日已审,低层级强势反哺,普通/不推送走强,low_level_winner,不推送 后来走强，原因反哺：人气排名明显上升、市场强势且个股相对强势、持续霸榜,61,300433,蓝思科技,不推送,未入快策略,,2026-05-25,0,common_index_cache,17,29.61,-1.27,-2.61,-0.38,-2.61,1.82,5.87,3.13,7.23,8.53,intraday_0950,2026-05-25 09:50:00,站上20日线且不过热；持续霸榜；人气排名明显上升；市场强势且个股相对强势,量能不足；热度可能进入后段,v2
2026-05-25,,次日已审,低层级强势反哺,普通/不推送走强,low_level_winner,不推送 后来走强，原因反哺：人气Top10、市场强势且个股相对强势、持续霸榜,10,601991,大唐发电,不推送,未入快策略,,2026-05-25,0,common_index_cache,17,28.95,4.38,1.13,7.91,1.13,12.99,18.22,8.25,13.26,24.15,intraday_0950,2026-05-25 09:50:00,人气Top10；收盘承接较强；站上20日线且不过热；持续霸榜；市场强势且个股相对强势,量能不足；近5日趋势未确认；热度可能进入后段,v2
2026-05-25,,次日已审,低层级强势反哺,普通/不推送走强,low_level_winner,不推送 后来走强，原因反哺：人气Top50、人气排名明显上升、市场强势且个股相对强势,31,002436,兴森科技,不推送,未入快策略,,2026-05-25,0,common_index_cache,17,27.26,-0.24,1.38,5.09,1.38,-3.25,2.82,-3.02,3.07,7.03,intraday_0950,2026-05-25 09:50:00,人气Top50；当日上涨；收盘承接较强；近5日趋势升温；站上20日线且不过热；人气排名明显上升；市场强势且个股相对强势,量能不足,v2
2026-05-25,,次日已审,低层级强势反哺,普通/不推送走强,low_level_winner,不推送 后来走强，原因反哺：持续霸榜、站上20日线且不过热,68,300308,中际旭创,不推送,未入快策略,,2026-05-25,0,common_index_cache,17,23.09,4.08,6.39,7.07,6.39,15.55,8.99,11.03,4.73,16.71,intraday_0950,2026-05-25 09:50:00,站上20日线且不过热；持续霸榜,当日转弱；收盘承接偏弱；量能不足；近5日趋势未确认；热度可能进入后段；人气排名明显回落；强势市里个股相对走弱；v2回避转弱弱收盘样本；v2回避人气转弱样本,v2
2026-05-25,,次日已审,低层级强势反哺,普通/不推送走强,low_level_winner,普通观察 后来走强，原因反哺：人气Top10、人气排名明显上升、市场强势且个股相对强势,8,002463,沪电股份,普通观察,未入快策略,,2026-05-25,0,common_index_cache,17,20.12,0.74,9.31,10.48,9.31,9.07,0.42,8.27,-0.32,13.83,intraday_0950,2026-05-25 09:50:00,人气Top10；当日上涨；近5日趋势升温；站上20日线且不过热；人气排名明显上升；市场强势且个股相对强势,-,v2
2026-05-25,,次日已审,低层级强势反哺,普通/不推送走强,low_level_winner,不推送 后来走强，原因反哺：人气Top20、市场强势且个股相对强势、当日上涨,16,603986,兆易创新,不推送,未入快策略,,2026-05-25,0,common_index_cache,17,19.63,4.11,7.42,9.83,7.42,-1.4,-4.46,-5.29,-8.24,12.85,intraday_0950,2026-05-25 09:50:00,人气Top20；当日上涨；收盘承接较强；近5日趋势升温；持续霸榜；市场强势且个股相对强势,量能不足；偏离20日线较大；热度可能进入后段,v2
2026-05-25,,次日已审,低层级强势反哺,普通/不推送走强,low_level_winner,不推送 后来走强，原因反哺：人气Top50、人气排名明显上升、市场强势且个股相对强势,35,002384,东山精密,不推送,未入快策略,,2026-05-25,0,common_index_cache,17,15.39,-0.75,-0.66,1.1,-0.66,-1.64,-13.88,-0.9,-13.24,5.09,intraday_0950,2026-05-25 09:50:00,人气Top50；近5日趋势升温；站上20日线且不过热；持续霸榜；人气排名明显上升；市场强势且个股相对强势,收盘承接偏弱；量能不足；热度可能进入后段；上影线偏长,v2
2026-05-25,,次日已审,低层级强势反哺,普通/不推送走强,low_level_winner,不推送 后来走强，原因反哺：人气Top50、市场强势且个股相对强势、当日上涨,50,600172,黄河旋风,不推送,未入快策略,,2026-05-25,0,common_index_cache,17,14.26,9.45,14.26,14.26,14.26,25.43,15.72,14.6,5.73,37.97,intraday_0950,2026-05-25 09:50:00,人气Top50；当日上涨；温和放量；近5日趋势升温；站上20日线且不过热；市场强势且个股相对强势,v2回避人气转弱样本,v2
2026-05-25,,次日已审,低层级强势反哺,普通/不推送走强,low_level_winner,不推送 后来走强，原因反哺：市场强势且个股相对强势、当日强涨、持续霸榜,78,600396,华电辽能,不推送,未入快策略,,2026-05-25,0,common_index_cache,17,14.25,2.82,8.34,12.97,8.34,23.62,18.74,20.22,15.48,33.5,intraday_0950,2026-05-25 09:50:00,当日强涨；收在日内高位；站上20日线且不过热；持续霸榜；市场强势且个股相对强势,量能不足；近5日趋势未确认；热度可能进入后段；人气排名明显回落；v2回避非封板高位追涨样本,v2
2026-05-25,,次日已审,低层级强势反哺,普通/不推送走强,low_level_winner,不推送 后来走强，原因反哺：人气Top50、人气排名明显上升、市场强势且个股相对强势,22,000021,深科技,不推送,未入快策略,,2026-05-25,0,common_index_cache,17,9.19,5.04,8.22,14.27,8.22,7.96,-7.86,2.79,-12.28,19.11,intraday_0950,2026-05-25 09:50:00,人气Top50；当日上涨；近5日趋势升温；站上20日线且不过热；持续霸榜；人气排名明显上升；市场强势且个股相对强势,量能不足；热度可能进入后段,v2
2026-05-25,,次日已审,低层级强势反哺,普通/不推送走强,low_level_winner,不推送 后来走强，原因反哺：人气Top3、市场强势且个股相对强势、当日上涨,3,600584,长电科技,不推送,未入快策略,,2026-05-25,0,common_index_cache,17,7.91,9.54,16.39,16.39,16.39,11.84,-0.16,2.1,-8.86,25.25,intraday_0950,2026-05-25 09:50:00,人气Top3；当日上涨；收盘承接较强；近5日强势延续；持续霸榜；市场强势且个股相对强势,量能不足；短线涨幅偏高；偏离20日线较大；热度可能进入后段,v2
2026-05-25,,次日已审,低层级强势反哺,普通/不推送走强,low_level_winner,不推送 后来走强，原因反哺：市场强势且个股相对强势、当日上涨、持续霸榜,66,600745,*ST闻泰,不推送,未入快策略,,2026-05-25,0,common_index_cache,17,4.41,2.94,5.0,5.0,5.0,15.76,27.57,12.45,23.93,27.57,intraday_0950,2026-05-25 09:50:00,当日上涨；收在日内高位；持续霸榜；市场强势且个股相对强势,近5日趋势未确认；仍在20日线下方；热度可能进入后段；人气排名明显回落,v2
2026-05-25,,次日已审,低层级强势反哺,普通/不推送走强,low_level_winner,不推送 后来走强，原因反哺：人气排名明显上升、市场强势且个股相对强势、站上20日线且不过热,67,002245,蔚蓝锂芯,不推送,未入快策略,,2026-05-25,0,common_index_cache,17,4.18,7.71,12.65,12.65,12.65,8.47,2.22,0.7,-5.1,16.99,intraday_0950,2026-05-25 09:50:00,近5日趋势升温；站上20日线且不过热；人气排名明显上升；市场强势且个股相对强势,当日转弱；收盘承接偏弱；v2回避转弱弱收盘样本,v2
2026-05-25,,次日已审,低层级强势反哺,普通/不推送走强,low_level_winner,不推送 后来走强，原因反哺：市场强势且个股相对强势、当日强涨、温和放量,87,605376,博迁新材,不推送,未入快策略,,2026-05-25,0,common_index_cache,10,3.87,-2.61,-4.23,0.98,-4.23,9.55,7.34,12.48,10.22,16.23,intraday_0950,2026-05-25 09:50:00,当日强涨；温和放量；近5日强势延续；站上20日线且不过热；市场强势且个股相对强势,短线涨幅偏高；v2回避前段过热样本,v2
2026-05-25,,次日已审,低层级强势反哺,普通/不推送走强,low_level_winner,不推送 后来走强，原因反哺：市场强势且个股相对强势、当日上涨、温和放量,70,603890,春秋电子,不推送,未入快策略,,2026-05-25,0,common_index_cache,17,3.42,-2.93,0.04,0.82,0.04,-7.05,12.49,-4.25,15.88,12.49,intraday_0950,2026-05-25 09:50:00,当日上涨；温和放量；近5日趋势升温；站上20日线且不过热；市场强势且个股相对强势,-,v2
2026-05-25,,次日已审,低层级强势反哺,普通/不推送走强,low_level_winner,不推送 后来走强，原因反哺：人气Top50、人气排名明显上升、市场强势且个股相对强势,27,002156,通富微电,不推送,未入快策略,,2026-05-25,0,common_index_cache,17,1.74,10.4,13.99,16.06,13.99,4.89,-7.08,-4.99,-15.83,18.78,intraday_0950,2026-05-25 09:50:00,人气Top50；当日上涨；收在日内高位；近5日趋势升温；站上20日线且不过热；持续霸榜；人气排名明显上升；市场强势且个股相对强势,量能不足；热度可能进入后段,v2
2026-05-25,,次日已审,低层级强势反哺,普通/不推送走强,low_level_winner,不推送 后来走强，原因反哺：持续霸榜、收在日内高位,58,600759,ST洲际,不推送,未入快策略,,2026-05-25,0,common_index_cache,17,-3.97,-4.76,-3.57,4.76,-3.57,4.37,15.08,9.58,20.83,15.08,intraday_0950,2026-05-25 09:50:00,收在日内高位；持续霸榜,当日转弱；量能不足；近5日趋势未确认；仍在20日线下方；热度可能进入后段；人气排名明显回落；强势市里个股相对走弱,v2
2026-05-25,,次日已审,低层级强势反哺,普通/不推送走强,low_level_winner,不推送 后来走强，原因反哺：人气Top10、人气排名明显上升、持续霸榜,5,603601,再升科技,不推送,未入快策略,,2026-05-25,0,common_index_cache,17,-17.82,-2.08,4.59,6.72,4.59,22.56,-0.73,25.17,1.38,22.56,intraday_0950,2026-05-25 09:50:00,人气Top10；站上20日线且不过热；持续霸榜；人气排名明显上升,当日转弱；收盘承接偏弱；量能不足；热度可能进入后段；强势市里个股相对走弱；v2回避转弱弱收盘样本,v2
2026-05-25,,次日已审,低层级强势反哺,普通/不推送走强,low_level_winner,不推送 后来走强，原因反哺：人气Top10、市场强势且个股相对强势、持续霸榜,9,603629,利通电子,不推送,未入快策略,,2026-05-25,0,common_index_cache,17,-17.98,-1.65,5.34,7.79,5.34,9.36,7.68,11.19,9.49,19.72,intraday_0950,2026-05-25 09:50:00,人气Top10；近5日趋势升温；站上20日线且不过热；持续霸榜；市场强势且个股相对强势,收盘承接偏弱；量能不足；热度可能进入后段；上影线偏长,v2
2026-05-22,2026-05-15,次日已审,快策略候选,优先成功,priority_success,下个交易日主盯 后续最高表现达到 19.98%，保留这类命中特征。,38,002931,锋龙股份,不推送,下个交易日主盯,83.3,2026-05-21,1,common_index_cache,18,19.98,5.95,2.1,10.29,2.1,-5.4,-17.06,-10.71,-21.72,10.29,intraday_0950,2026-05-22 09:50:00,人气Top50；当日上涨；收在日内高位；站上20日线且不过热；连续上榜确认；人气排名明显上升；弱市中个股相对抗跌,-,v2
2026-05-22,2026-05-15,次日已审,快策略候选,优先成功,priority_success,下个交易日主盯 后续最高表现达到 38.95%，保留这类命中特征。,7,600584,长电科技,不推送,下个交易日主盯,70.4,2026-05-21,1,common_index_cache,18,19.71,8.35,17.38,17.38,17.38,26.15,20.13,16.43,10.88,38.95,intraday_0950,2026-05-22 09:50:00,人气Top10；收在日内高位；站上20日线且不过热；持续霸榜；弱市中个股相对抗跌,热度可能进入后段；弱市里的长连榜样本优先降权,v2
2026-05-22,2026-05-15,次日已审,快策略候选,优先成功,priority_success,下个交易日主盯 后续最高表现达到 26.03%，保留这类命中特征。,16,600522,中天科技,不推送,下个交易日主盯,69.7,2026-05-21,1,common_index_cache,18,26.03,1.65,-1.56,2.5,-1.56,-10.37,-3.17,-11.83,-4.74,2.5,intraday_0950,2026-05-22 09:50:00,人气Top20；当日上涨；收盘承接较强；站上20日线且不过热；持续霸榜；弱市中个股相对抗跌,热度可能进入后段；弱市里的长连榜样本优先降权,v2
2026-05-22,2026-05-15,次日已审,快策略候选,优先成功,priority_success,下个交易日主盯 后续最高表现达到 22.27%，保留这类命中特征。,19,002421,达实智能,不推送,下个交易日主盯,69.7,2026-05-21,1,common_index_cache,18,-9.24,8.77,13.74,13.74,13.74,8.53,-2.61,-0.22,-10.46,22.27,intraday_0950,2026-05-22 09:50:00,人气Top20；当日上涨；收盘承接较强；站上20日线且不过热；持续霸榜；弱市中个股相对抗跌,热度可能进入后段；弱市里的长连榜样本优先降权,v2
2026-05-22,2026-05-15,次日已审,快策略候选,优先成功,priority_success,下个交易日主盯 后续最高表现达到 25.33%，保留这类命中特征。,45,000021,深科技,不推送,下个交易日主盯,65.2,2026-05-21,1,common_index_cache,18,14.89,1.71,9.59,10.52,9.59,17.16,5.94,15.19,4.16,25.33,intraday_0950,2026-05-22 09:50:00,人气Top50；收在日内高位；站上20日线且不过热；持续霸榜；弱市中个股相对抗跌,热度可能进入后段；弱市里的长连榜样本优先降权,v2
2026-05-22,2026-05-15,次日已审,快策略候选,优先成功,priority_success,下个交易日主盯 后续最高表现达到 20.02%，保留这类命中特征。,31,601138,工业富联,不推送,下个交易日主盯,65.2,2026-05-21,1,common_index_cache,18,9.48,2.49,5.95,6.25,5.95,5.62,10.63,3.06,7.94,20.02,intraday_0950,2026-05-22 09:50:00,人气Top50；收在日内高位；站上20日线且不过热；持续霸榜；弱市中个股相对抗跌,热度可能进入后段；弱市里的长连榜样本优先降权,v2
2026-05-22,2026-05-15,次日已审,快策略候选,优先成功,priority_success,下个交易日主盯 后续最高表现达到 55.38%，保留这类命中特征。,32,600487,亨通光电,不推送,下个交易日主盯,62.5,2026-05-21,1,common_index_cache,18,55.38,2.32,2.76,3.22,2.76,-3.85,7.95,-6.03,5.5,8.52,intraday_0950,2026-05-22 09:50:00,人气Top50；收盘承接较强；站上20日线且不过热；持续霸榜；弱市中个股相对抗跌,热度可能进入后段；弱市里的长连榜样本优先降权,v2
2026-05-22,2026-05-15,次日已审,快策略候选,优先成功,priority_success,下个交易日主盯 后续最高表现达到 31.79%，保留这类命中特征。,15,603629,利通电子,不推送,下个交易日主盯,57.1,2026-05-21,1,common_index_cache,18,-9.71,9.91,10.52,13.8,10.52,17.12,31.7,6.56,19.83,31.79,intraday_0950,2026-05-22 09:50:00,人气Top20；站上20日线且不过热；持续霸榜,热度可能进入后段；弱市先收缩执行；弱市里的长连榜样本优先降权,v2
2026-05-22,2026-05-15,次日已审,快策略候选,优先成功,priority_success,下个交易日主盯 后续最高表现达到 24.77%，保留这类命中特征。,68,600186,莲花控股,观察池,下个交易日主盯,55.62,2026-05-21,1,common_index_cache,18,24.77,2.55,10.04,10.04,10.04,1.02,-13.62,-1.49,-15.77,16.6,intraday_0950,2026-05-22 09:50:00,当日涨停附近；收在日内高位；站上20日线且不过热；持续霸榜；人气排名明显上升；弱市中个股相对抗跌,热度可能进入后段；后段人气股在偏弱环境里更谨慎；弱市里的长连榜样本优先降权；涨停封板不可买,v2
2026-05-22,2026-05-15,次日已审,快策略候选,优先走弱,priority_failed,下个交易日主盯 未兑现，复盘风险项：-,14,002920,德赛西威,不推送,下个交易日主盯,85.1,2026-05-21,1,common_index_cache,18,-19.46,-3.01,-1.09,1.36,-1.09,2.31,-7.08,5.49,-4.19,4.98,intraday_0950,2026-05-22 09:50:00,人气Top20；当日上涨；收在日内高位；站上20日线且不过热；连续上榜确认；弱市中个股相对抗跌,-,v2
2026-05-22,2026-05-15,次日已审,快策略候选,优先走弱,priority_failed,下个交易日主盯 未兑现，复盘风险项：-,13,002703,浙江世宝,不推送,下个交易日主盯,82.4,2026-05-21,1,common_index_cache,18,-24.77,-1.27,3.34,4.65,3.34,-3.01,-11.47,-1.76,-10.33,6.11,intraday_0950,2026-05-22 09:50:00,人气Top20；当日上涨；收盘承接较强；站上20日线且不过热；连续上榜确认；弱市中个股相对抗跌,-,v2
2026-05-22,2026-05-15,次日已审,快策略候选,优先走弱,priority_failed,下个交易日主盯 未兑现，复盘风险项：涨停封板不可买,40,002442,龙星科技,观察池,下个交易日主盯,74.6,2026-05-21,1,common_index_cache,18,-38.59,5.92,-3.21,9.99,-3.21,-9.99,-27.13,-15.02,-31.2,9.99,intraday_0950,2026-05-22 09:50:00,人气Top50；当日涨停附近；收在日内高位；站上20日线且不过热；连续上榜确认；人气排名明显上升；弱市中个股相对抗跌,涨停封板不可买,v2
2026-05-22,2026-05-15,次日已审,快策略候选,优先走弱,priority_failed,下个交易日主盯 未兑现，复盘风险项：涨停封板不可买,34,000518,四环生物,观察池,下个交易日主盯,72.8,2026-05-21,1,common_index_cache,18,-23.97,-6.3,9.93,9.93,9.93,-4.84,-15.25,1.55,-9.56,9.93,intraday_0950,2026-05-22 09:50:00,人气Top50；当日涨停附近；收在日内高位；站上20日线且不过热；连续上榜确认；弱市中个股相对抗跌,涨停封板不可买,v2
2026-05-22,2026-05-15,次日已审,快策略候选,优先走弱,priority_failed,下个交易日主盯 未兑现，复盘风险项：热度可能进入后段；弱市里的长连榜样本优先降权,8,002050,三花智控,不推送,下个交易日主盯,70.4,2026-05-21,1,common_index_cache,18,-17.05,1.17,0.26,2.25,0.26,-5.11,-13.82,-6.21,-14.82,4.15,intraday_0950,2026-05-22 09:50:00,人气Top10；收在日内高位；站上20日线且不过热；持续霸榜；弱市中个股相对抗跌,热度可能进入后段；弱市里的长连榜样本优先降权,v2
2026-05-22,2026-05-15,次日已审,快策略候选,优先走弱,priority_failed,下个交易日主盯 未兑现，复盘风险项：-,50,603459,红板科技,不推送,下个交易日主盯,68.8,2026-05-21,1,common_index_cache,18,-12.88,2.43,5.65,12.33,5.65,1.46,-0.6,-0.94,-2.96,12.33,intraday_0950,2026-05-22 09:50:00,人气Top50；当日上涨；收盘承接较强；站上20日线且不过热；连续上榜确认；弱市中个股相对抗跌,-,v2
2026-05-22,2026-05-15,次日已审,快策略候选,优先走弱,priority_failed,下个交易日主盯 未兑现，复盘风险项：-,49,300503,昊志机电,不推送,下个交易日主盯,67.9,2026-05-21,1,common_index_cache,18,-9.41,-1.95,-1.57,2.44,-1.57,-10.75,-17.79,-8.98,-16.15,4.92,intraday_0950,2026-05-22 09:50:00,人气Top50；收在日内高位；站上20日线且不过热；连续上榜确认；弱市中个股相对抗跌,-,v2
2026-05-22,2026-05-15,次日已审,快策略候选,优先走弱,priority_failed,下个交易日主盯 未兑现，复盘风险项：弱市先收缩执行,25,002036,联创电子,不推送,下个交易日主盯,59.8,2026-05-21,1,common_index_cache,18,-11.41,4.99,5.09,11.3,5.09,2.04,-6.21,-2.81,-10.67,11.3,intraday_0950,2026-05-22 09:50:00,人气Top50；当日上涨；站上20日线且不过热；连续上榜确认,弱市先收缩执行,v2
2026-05-22,2026-05-15,次日已审,快策略候选,优先走弱,priority_failed,下个交易日主盯 未兑现，复盘风险项：热度可能进入后段；弱市里的长连榜样本优先降权,4,002342,巨力索具,普通观察,下个交易日主盯,59.0,2026-05-21,1,common_index_cache,18,-24.45,-1.62,-6.11,-1.03,-6.11,-14.95,-16.86,-13.55,-15.49,-1.03,intraday_0950,2026-05-22 09:50:00,人气Top10；当日上涨；收在日内高位；站上20日线且不过热；持续霸榜；弱市中个股相对抗跌,热度可能进入后段；弱市里的长连榜样本优先降权,v2
2026-05-22,2026-05-15,次日已审,快策略候选,优先走弱,priority_failed,下个交易日主盯 未兑现，复盘风险项：后段人气股在偏弱环境里更谨慎；涨停封板不可买,80,600303,曙光股份,观察池,下个交易日主盯,58.33,2026-05-21,1,common_index_cache,18,-27.68,4.44,-2.61,4.44,-2.61,-10.44,-15.67,-14.25,-19.25,4.44,intraday_0950,2026-05-22 09:50:00,当日涨停附近；收在日内高位；站上20日线且不过热；连续上榜确认；人气排名明显上升；弱市中个股相对抗跌,后段人气股在偏弱环境里更谨慎；涨停封板不可买,v2
2026-05-22,2026-05-15,次日已审,快策略候选,优先走弱,priority_failed,下个交易日主盯 未兑现，复盘风险项：一字或近似一字，参与点差；弱市先收缩执行；一字板不可买,6,600611,大众交通,观察池,下个交易日主盯,54.8,2026-05-21,1,common_index_cache,18,-26.75,7.5,0.16,7.5,0.16,-15.66,-22.84,-21.55,-28.22,7.5,intraday_0950,2026-05-22 09:50:00,人气Top10；当日涨停附近；收在日内高位；站上20日线且不过热；连续上榜确认,一字或近似一字，参与点差；弱市先收缩执行；一字板不可买,v2
2026-05-22,2026-05-15,次日已审,快策略候选,暂未强势,neutral,继续等待更多交易日或降低权重。,24,603986,兆易创新,观察池,下个交易日主盯,70.1,2026-05-21,1,common_index_cache,18,9.03,-11.19,-4.21,-4.21,-4.21,-4.34,-13.11,7.71,-2.17,2.85,intraday_0950,2026-05-22 09:50:00,人气Top50；当日涨停附近；收在日内高位；站上20日线且不过热；持续霸榜；弱市中个股相对抗跌,热度可能进入后段；弱市里的长连榜样本优先降权；涨停封板不可买,v2
2026-05-22,2026-05-15,次日已审,快策略候选,暂未强势,neutral,继续等待更多交易日或降低权重。,39,002747,埃斯顿,不推送,下个交易日主盯,67.9,2026-05-21,1,common_index_cache,18,13.94,-0.89,-1.75,4.74,-1.75,-2.37,-4.81,-1.49,-3.95,4.74,intraday_0950,2026-05-22 09:50:00,人气Top50；收在日内高位；站上20日线且不过热；连续上榜确认；弱市中个股相对抗跌,-,v2
2026-05-22,2026-05-15,次日已审,快策略候选,暂未强势,neutral,继续等待更多交易日或降低权重。,62,002428,云南锗业,不推送,下个交易日主盯,54.33,2026-05-21,1,common_index_cache,18,13.69,3.68,2.39,5.3,2.39,-6.45,4.43,-9.77,0.73,11.1,intraday_0950,2026-05-22 09:50:00,当日上涨；收盘承接较强；站上20日线且不过热；连续上榜确认；人气排名明显上升；弱市中个股相对抗跌,后段人气股在偏弱环境里更谨慎,v2
2026-05-22,2026-05-15,次日已审,快策略候选,优先成功,priority_success,优先观察 后续最高表现达到 20.07%，保留这类命中特征。,3,600578,京能电力,不推送,优先观察,51.4,2026-05-21,1,common_index_cache,18,-4.18,0.12,8.0,8.0,8.0,15.89,12.07,15.75,11.93,20.07,intraday_0950,2026-05-22 09:50:00,人气Top3；站上20日线且不过热；持续霸榜,热度可能进入后段；弱市先收缩执行；弱市里的长连榜样本优先降权,v2
2026-05-22,2026-05-15,次日已审,快策略候选,优先成功,priority_success,优先观察 后续最高表现达到 97.75%，保留这类命中特征。,64,603773,沃格光电,不推送,优先观察,49.83,2026-05-21,1,common_index_cache,18,97.75,-4.77,-0.94,3.67,-0.94,19.02,23.89,24.99,30.1,36.77,intraday_0950,2026-05-22 09:50:00,当日上涨；收盘承接较强；站上20日线且不过热；持续霸榜；弱市中个股相对抗跌,热度可能进入后段；后段人气股在偏弱环境里更谨慎；弱市里的长连榜样本优先降权,v2
2026-05-22,2026-05-15,次日已审,快策略候选,优先走弱,priority_failed,优先观察 未兑现，复盘风险项：热度可能进入后段；后段人气股在偏弱环境里更谨慎；弱市里的长连榜样本优先降权,97,002475,立讯精密,不推送,优先观察,52.52,2026-05-21,1,common_index_cache,18,-5.41,2.99,4.96,5.28,4.96,0.59,2.98,-2.33,-0.01,9.32,intraday_0950,2026-05-22 09:50:00,当日上涨；收在日内高位；站上20日线且不过热；持续霸榜；弱市中个股相对抗跌,热度可能进入后段；后段人气股在偏弱环境里更谨慎；弱市里的长连榜样本优先降权,v2
2026-05-22,2026-05-15,次日已审,快策略候选,优先走弱,priority_failed,优先观察 未兑现，复盘风险项：后段人气股在偏弱环境里更谨慎,51,603667,五洲新春,不推送,优先观察,51.62,2026-05-21,1,common_index_cache,18,-23.65,0.87,-0.18,3.55,-0.18,-10.55,-17.77,-11.32,-18.48,3.97,intraday_0950,2026-05-22 09:50:00,收在日内高位；站上20日线且不过热；连续上榜确认；弱市中个股相对抗跌,后段人气股在偏弱环境里更谨慎,v2
2026-05-22,2026-05-15,次日已审,快策略候选,优先走弱,priority_failed,优先观察 未兑现，复盘风险项：-,28,601689,拓普集团,不推送,优先观察,51.0,2026-05-21,1,common_index_cache,18,-16.66,1.21,-0.33,1.34,-0.33,-6.49,-13.49,-7.6,-14.52,3.77,intraday_0950,2026-05-22 09:50:00,人气Top50；收盘承接较强；站上20日线且不过热；连续上榜确认；人气排名明显上升；弱市中个股相对抗跌,-,v2
2026-05-22,2026-05-15,次日已审,快策略候选,优先走弱,priority_failed,优先观察 未兑现，复盘风险项：收盘承接偏弱；热度可能进入后段；弱市先收缩执行；弱市里的长连榜样本优先降权,27,000066,中国长城,不推送,优先观察,49.9,2026-05-21,1,common_index_cache,18,-13.92,-0.53,-0.53,0.43,-0.53,-11.26,-13.97,-10.79,-13.51,0.43,intraday_0950,2026-05-22 09:50:00,人气Top50；站上20日线且不过热；持续霸榜；人气排名明显上升,收盘承接偏弱；热度可能进入后段；弱市先收缩执行；弱市里的长连榜样本优先降权,v2
2026-05-22,2026-05-15,次日已审,快策略候选,暂未强势,neutral,继续等待更多交易日或降低权重。,75,688008,澜起科技,不推送,优先观察,50.73,2026-05-21,1,common_index_cache,18,1.82,3.56,10.19,10.81,10.19,2.98,-1.87,-0.56,-5.24,12.02,intraday_0950,2026-05-22 09:50:00,收盘承接较强；站上20日线且不过热；连续上榜确认；人气排名明显上升；弱市中个股相对抗跌,后段人气股在偏弱环境里更谨慎,v2
2026-05-22,,次日已审,低层级强势反哺,普通/不推送走强,low_level_winner,不推送 后来走强，原因反哺：人气Top3、市场强势且个股相对强势、放量仍可控,1,000725,京东方A,不推送,未入快策略,,2026-05-22,0,common_index_cache,18,46.51,12.88,15.07,17.25,15.07,24.89,11.57,10.64,-1.16,32.97,intraday_0950,2026-05-22 09:50:00,人气Top3；放量仍可控；近5日趋势升温；站上20日线且不过热；连续上榜确认；市场强势且个股相对强势,当日转弱；v2回避转弱弱收盘样本,v2
2026-05-22,,次日已审,低层级强势反哺,普通/不推送走强,low_level_winner,不推送 后来走强，原因反哺：人气Top10、市场强势且个股相对强势、连续上榜确认,9,001896,豫能控股,不推送,未入快策略,,2026-05-22,0,common_index_cache,18,39.85,2.89,8.74,11.18,8.74,1.16,5.21,-1.69,2.25,11.18,intraday_0950,2026-05-22 09:50:00,人气Top10；连续上榜确认；市场强势且个股相对强势,当日转弱；收盘承接偏弱；量能不足；v2回避转弱弱收盘样本,v2
2026-05-22,,次日已审,低层级强势反哺,普通/不推送走强,low_level_winner,不推送 后来走强，原因反哺：市场强势且个股相对强势、持续霸榜、收在日内高位,90,300433,蓝思科技,不推送,未入快策略,,2026-05-22,0,common_index_cache,18,37.48,3.62,6.09,8.64,6.09,8.13,8.72,4.35,4.92,11.95,intraday_0950,2026-05-22 09:50:00,收在日内高位；近5日趋势升温；站上20日线且不过热；持续霸榜；市场强势且个股相对强势,量能不足；热度可能进入后段,v2
2026-05-22,,次日已审,低层级强势反哺,普通/不推送走强,low_level_winner,不推送 后来走强，原因反哺：连续上榜确认,83,600105,永鼎股份,不推送,未入快策略,,2026-05-22,0,common_index_cache,18,33.1,-0.68,-0.42,-0.19,-0.42,2.32,0.86,3.02,1.55,6.48,intraday_0950,2026-05-22 09:50:00,连续上榜确认,量能不足；近5日趋势未确认；强势市里个股相对走弱；市场健康度不足，收缩推送,v2
2026-05-22,,次日已审,低层级强势反哺,普通/不推送走强,low_level_winner,不推送 后来走强，原因反哺：人气Top10、持续霸榜、站上20日线且不过热,5,601991,大唐发电,不推送,未入快策略,,2026-05-22,0,common_index_cache,18,32.51,-1.31,7.4,7.98,7.4,11.9,25.25,13.38,26.91,27.58,intraday_0950,2026-05-22 09:50:00,人气Top10；站上20日线且不过热；持续霸榜,当日转弱；收盘承接偏弱；量能不足；近5日趋势未确认；热度可能进入后段；强势市里个股相对走弱；市场健康度不足，收缩推送；v2回避转弱弱收盘样本,v2
2026-05-22,,次日已审,低层级强势反哺,普通/不推送走强,low_level_winner,不推送 后来走强，原因反哺：市场强势且个股相对强势、当日上涨、站上20日线且不过热,73,002491,通鼎互联,不推送,未入快策略,,2026-05-22,0,common_index_cache,18,27.66,3.2,4.85,5.65,4.85,-5.56,6.4,-8.49,3.1,10.54,intraday_0950,2026-05-22 09:50:00,当日上涨；站上20日线且不过热；连续上榜确认；市场强势且个股相对强势,量能不足；近5日趋势未确认；v2回避人气转弱样本,v2
2026-05-22,,次日已审,低层级强势反哺,普通/不推送走强,low_level_winner,不推送 后来走强，原因反哺：人气Top50、市场强势且个股相对强势、持续霸榜,44,002185,华天科技,不推送,未入快策略,,2026-05-22,0,common_index_cache,18,27.08,6.6,13.08,13.08,13.08,34.29,28.89,25.97,20.9,46.36,intraday_0950,2026-05-22 09:50:00,人气Top50；站上20日线且不过热；持续霸榜；市场强势且个股相对强势,当日转弱；收盘承接偏弱；量能不足；热度可能进入后段；v2回避转弱弱收盘样本,v2
2026-05-22,,次日已审,低层级强势反哺,普通/不推送走强,low_level_winner,不推送 后来走强，原因反哺：市场强势且个股相对强势、站上20日线且不过热、近5日趋势升温,65,603005,晶方科技,不推送,未入快策略,,2026-05-22,0,common_index_cache,18,26.88,10.56,18.43,18.43,18.43,18.32,12.9,7.02,2.11,30.21,intraday_0950,2026-05-22 09:50:00,近5日趋势升温；站上20日线且不过热；连续上榜确认；市场强势且个股相对强势,量能不足,v2
2026-05-22,,次日已审,低层级强势反哺,普通/不推送走强,low_level_winner,不推送 后来走强，原因反哺：持续霸榜、站上20日线且不过热,58,600396,华电辽能,不推送,未入快策略,,2026-05-22,0,common_index_cache,18,26.24,4.61,13.62,13.62,13.62,31.7,42.06,25.9,35.8,47.52,intraday_0950,2026-05-22 09:50:00,站上20日线且不过热；持续霸榜,当日转弱；收盘承接偏弱；量能不足；近5日趋势未确认；热度可能进入后段；强势市里个股相对走弱；市场健康度不足，收缩推送；v2回避转弱弱收盘样本,v2
2026-05-22,,次日已审,低层级强势反哺,普通/不推送走强,low_level_winner,不推送 后来走强，原因反哺：人气Top10、人气排名明显上升、持续霸榜,10,300308,中际旭创,不推送,未入快策略,,2026-05-22,0,common_index_cache,18,25.48,3.74,7.48,7.67,7.48,9.28,14.18,5.34,10.06,18.98,intraday_0950,2026-05-22 09:50:00,人气Top10；站上20日线且不过热；持续霸榜；人气排名明显上升,量能不足；近5日趋势未确认；热度可能进入后段；上影线偏长；强势市里个股相对走弱；市场健康度不足，收缩推送,v2
2026-05-22,,次日已审,低层级强势反哺,普通/不推送走强,low_level_winner,不推送 后来走强，原因反哺：人气Top50、市场强势且个股相对强势、连续上榜确认,33,000100,TCL科技,不推送,未入快策略,,2026-05-22,0,common_index_cache,18,22.49,2.63,4.07,5.74,4.07,9.81,0.24,6.99,-2.33,15.79,intraday_0950,2026-05-22 09:50:00,人气Top50；连续上榜确认；市场强势且个股相对强势,当日转弱；收盘承接偏弱；v2回避转弱弱收盘样本,v2
2026-05-22,,次日已审,低层级强势反哺,普通/不推送走强,low_level_winner,不推送 后来走强，原因反哺：市场强势且个股相对强势、当日上涨、持续霸榜,55,002384,东山精密,不推送,未入快策略,,2026-05-22,0,common_index_cache,18,19.32,3.52,5.07,6.02,5.07,3.74,-1.05,0.21,-4.42,8.68,intraday_0950,2026-05-22 09:50:00,当日上涨；近5日趋势升温；站上20日线且不过热；持续霸榜；市场强势且个股相对强势,量能不足；热度可能进入后段,v2
2026-05-22,,次日已审,低层级强势反哺,普通/不推送走强,low_level_winner,不推送 后来走强，原因反哺：市场强势且个股相对强势、温和放量、近5日趋势升温,100,000012,南玻A,不推送,未入快策略,,2026-05-22,0,common_index_cache,11,9.67,12.21,17.05,22.9,17.05,13.23,3.05,0.91,-8.16,22.9,intraday_0950,2026-05-22 09:50:00,温和放量；近5日趋势升温；市场强势且个股相对强势,当日转弱；v2回避转弱弱收盘样本,v2
2026-05-22,,次日已审,低层级强势反哺,普通/不推送走强,low_level_winner,不推送 后来走强，原因反哺：人气Top50、市场强势且个股相对强势、持续霸榜,43,002156,通富微电,不推送,未入快策略,,2026-05-22,0,common_index_cache,18,8.58,3.68,12.58,12.58,12.58,15.39,6.61,11.29,2.82,26.76,intraday_0950,2026-05-22 09:50:00,人气Top50；收盘承接较强；近5日趋势升温；站上20日线且不过热；持续霸榜；市场强势且个股相对强势,量能不足；热度可能进入后段,v2
2026-05-22,,次日已审,低层级强势反哺,普通/不推送走强,low_level_winner,不推送 后来走强，原因反哺：人气Top3、持续霸榜、温和放量,2,600745,*ST闻泰,不推送,未入快策略,,2026-05-22,0,common_index_cache,18,7.83,-0.49,3.28,3.28,3.28,13.84,25.5,14.4,26.11,25.5,intraday_0950,2026-05-22 09:50:00,人气Top3；温和放量；持续霸榜,当日转弱；近5日趋势未确认；仍在20日线下方；热度可能进入后段；强势市里个股相对走弱；市场健康度不足，收缩推送；Top3高热度拥挤，次日兑现风险；v2回避转弱弱收盘样本,v2
2026-05-22,,次日已审,低层级强势反哺,普通/不推送走强,low_level_winner,不推送 后来走强，原因反哺：市场强势且个股相对强势、站上20日线且不过热、近5日趋势升温,69,600863,华能蒙电,不推送,未入快策略,,2026-05-22,0,common_index_cache,18,6.17,-0.19,10.84,10.84,10.84,25.42,36.45,25.66,36.7,36.64,intraday_0950,2026-05-22 09:50:00,近5日趋势升温；站上20日线且不过热；连续上榜确认；市场强势且个股相对强势,当日转弱；量能不足；v2回避转弱弱收盘样本,v2
2026-05-22,,次日已审,低层级强势反哺,普通/不推送走强,low_level_winner,不推送 后来走强，原因反哺：收盘承接较强、站上20日线且不过热、连续上榜确认,54,002297,博云新材,不推送,未入快策略,,2026-05-22,0,common_index_cache,18,1.66,7.97,15.3,15.3,15.3,-6.59,-18.73,-13.48,-24.73,15.3,intraday_0950,2026-05-22 09:50:00,收盘承接较强；站上20日线且不过热；连续上榜确认,量能不足；近5日趋势未确认；市场健康度不足，收缩推送,v2
2026-05-22,,次日已审,低层级强势反哺,普通/不推送走强,low_level_winner,不推送 后来走强，原因反哺：人气Top20、市场强势且个股相对强势、当日上涨,20,300394,天孚通信,不推送,未入快策略,,2026-05-22,0,common_index_cache,18,-5.55,-23.75,-18.87,-18.66,-18.87,-12.34,-6.89,14.97,22.11,17.59,intraday_0950,2026-05-22 09:50:00,人气Top20；当日上涨；近5日趋势升温；站上20日线且不过热；市场强势且个股相对强势,量能不足；上影线偏长,v2
2026-05-22,,次日已审,低层级强势反哺,普通/不推送走强,low_level_winner,不推送 后来走强，原因反哺：人气Top50、市场强势且个股相对强势、连续上榜确认,26,301666,大普微,不推送,未入快策略,,2026-05-22,0,common_index_cache,18,-10.81,9.4,6.44,18.26,6.44,-5.64,-2.45,-13.74,-10.82,18.26,intraday_0950,2026-05-22 09:50:00,人气Top50；连续上榜确认；市场强势且个股相对强势,当日转弱；短线涨幅过热；远离20日线过多；v2回避转弱弱收盘样本；v2回避人气转弱样本；v2回避前段过热样本,v2
2026-05-22,,次日已审,低层级强势反哺,普通/不推送走强,low_level_winner,不推送 后来走强，原因反哺：人气Top50、市场强势且个股相对强势、持续霸榜,23,603601,再升科技,不推送,未入快策略,,2026-05-22,0,common_index_cache,18,-13.64,5.64,5.48,13.69,5.48,17.09,15.94,10.83,9.75,28.81,intraday_0950,2026-05-22 09:50:00,人气Top50；收盘承接较强；近5日趋势升温；站上20日线且不过热；持续霸榜；市场强势且个股相对强势,量能不足；热度可能进入后段,v2
2026-05-22,,次日已审,低层级强势反哺,普通/不推送走强,low_level_winner,不推送 后来走强，原因反哺：持续霸榜,88,002181,粤传媒,不推送,未入快策略,,2026-05-22,0,common_index_cache,18,-17.93,-2.16,-5.18,0.0,-5.18,7.99,18.86,10.38,21.49,22.39,intraday_0950,2026-05-22 09:50:00,持续霸榜,量能不足；近5日趋势未确认；仍在20日线下方；热度可能进入后段；强势市里个股相对走弱；市场健康度不足，收缩推送；v2回避人气转弱样本,v2
2026-05-22,,次日已审,低层级强势反哺,普通/不推送走强,low_level_winner,不推送 后来走强，原因反哺：市场强势且个股相对强势、当日上涨、持续霸榜,64,603773,沃格光电,不推送,已入快策略,,2026-05-22,0,common_index_cache,18,97.75,-4.77,-0.94,3.67,-0.94,19.02,23.89,24.99,30.1,36.77,intraday_0950,2026-05-22 09:50:00,当日上涨；收盘承接较强；近5日趋势升温；站上20日线且不过热；持续霸榜；市场强势且个股相对强势,热度可能进入后段,v2
2026-05-22,,次日已审,低层级强势反哺,普通/不推送走强,low_level_winner,不推送 后来走强，原因反哺：人气Top50、市场强势且个股相对强势、持续霸榜,32,600487,亨通光电,不推送,已入快策略,,2026-05-22,0,common_index_cache,18,55.38,2.32,2.76,3.22,2.76,-3.85,7.95,-6.03,5.5,8.52,intraday_0950,2026-05-22 09:50:00,人气Top50；收盘承接较强；持续霸榜；市场强势且个股相对强势,量能不足；热度可能进入后段,v2
2026-05-22,,次日已审,低层级强势反哺,普通/不推送走强,low_level_winner,不推送 后来走强，原因反哺：人气Top20、市场强势且个股相对强势、当日上涨,16,600522,中天科技,不推送,已入快策略,,2026-05-22,0,common_index_cache,18,26.03,1.65,-1.56,2.5,-1.56,-10.37,-3.17,-11.83,-4.74,2.5,intraday_0950,2026-05-22 09:50:00,人气Top20；当日上涨；收盘承接较强；近5日趋势升温；站上20日线且不过热；持续霸榜；市场强势且个股相对强势,量能不足；热度可能进入后段,v2
2026-05-22,,次日已审,低层级强势反哺,普通/不推送走强,low_level_winner,不推送 后来走强，原因反哺：人气Top10、市场强势且个股相对强势、持续霸榜,7,600584,长电科技,不推送,已入快策略,,2026-05-22,0,common_index_cache,18,19.71,8.35,17.38,17.38,17.38,26.15,20.13,16.43,10.88,38.95,intraday_0950,2026-05-22 09:50:00,人气Top10；收在日内高位；近5日趋势升温；持续霸榜；市场强势且个股相对强势,量能不足；偏离20日线较大；热度可能进入后段,v2
2026-05-22,,次日已审,低层级强势反哺,普通/不推送走强,low_level_winner,不推送 后来走强，原因反哺：人气Top50、市场强势且个股相对强势、持续霸榜,45,000021,深科技,不推送,已入快策略,,2026-05-22,0,common_index_cache,18,14.89,1.71,9.59,10.52,9.59,17.16,5.94,15.19,4.16,25.33,intraday_0950,2026-05-22 09:50:00,人气Top50；收在日内高位；近5日趋势升温；站上20日线且不过热；持续霸榜；市场强势且个股相对强势,量能不足；热度可能进入后段,v2
2026-05-22,,次日已审,低层级强势反哺,普通/不推送走强,low_level_winner,不推送 后来走强，原因反哺：人气Top50、持续霸榜、收在日内高位,31,601138,工业富联,不推送,已入快策略,,2026-05-22,0,common_index_cache,18,9.48,2.49,5.95,6.25,5.95,5.62,10.63,3.06,7.94,20.02,intraday_0950,2026-05-22 09:50:00,人气Top50；收在日内高位；持续霸榜,量能不足；近5日趋势未确认；热度可能进入后段；市场健康度不足，收缩推送,v2
2026-05-22,,次日已审,低层级强势反哺,普通/不推送走强,low_level_winner,不推送 后来走强，原因反哺：人气Top3、市场强势且个股相对强势、持续霸榜,3,600578,京能电力,不推送,已入快策略,,2026-05-22,0,common_index_cache,18,-4.18,0.12,8.0,8.0,8.0,15.89,12.07,15.75,11.93,20.07,intraday_0950,2026-05-22 09:50:00,人气Top3；近5日趋势升温；持续霸榜；市场强势且个股相对强势,偏离20日线较大；热度可能进入后段；Top3高热度拥挤，次日兑现风险,v2
2026-05-22,,次日已审,低层级强势反哺,普通/不推送走强,low_level_winner,不推送 后来走强，原因反哺：人气Top20、市场强势且个股相对强势、当日上涨,19,002421,达实智能,不推送,已入快策略,,2026-05-22,0,common_index_cache,18,-9.24,8.77,13.74,13.74,13.74,8.53,-2.61,-0.22,-10.46,22.27,intraday_0950,2026-05-22 09:50:00,人气Top20；当日上涨；收盘承接较强；温和放量；近5日强势延续；持续霸榜；市场强势且个股相对强势,短线涨幅偏高；偏离20日线较大；热度可能进入后段,v2
2026-05-22,,次日已审,低层级强势反哺,普通/不推送走强,low_level_winner,不推送 后来走强，原因反哺：人气Top20、市场强势且个股相对强势、持续霸榜,15,603629,利通电子,不推送,已入快策略,,2026-05-22,0,common_index_cache,18,-9.71,9.91,10.52,13.8,10.52,17.12,31.7,6.56,19.83,31.79,intraday_0950,2026-05-22 09:50:00,人气Top20；近5日趋势升温；站上20日线且不过热；持续霸榜；市场强势且个股相对强势,量能不足；热度可能进入后段,v2
2026-05-21,2026-05-14,次日已审,快策略候选,优先成功,priority_success,下个交易日主盯 后续最高表现达到 22.86%，保留这类命中特征。,3,600578,京能电力,观察池,下个交易日主盯,109.75,2026-05-21,0,common_index_cache,19,-1.96,-3.18,0.49,8.8,0.49,12.1,12.59,15.78,16.29,22.86,post_close,2026-05-21 15:00:00,人气Top3；当日涨停附近；收在日内高位；温和放量；近5日强势延续；持续霸榜；弱市中个股相对抗跌；v2低分涨停修正,短线涨幅偏高；偏离20日线较大；热度可能进入后段；弱市里的长连榜样本优先降权；涨停封板不可买,v2
2026-05-21,2026-05-14,次日已审,快策略候选,优先成功,priority_success,下个交易日主盯 后续最高表现达到 32.93%，保留这类命中特征。,9,001896,豫能控股,观察池,下个交易日主盯,93.7,2026-05-21,0,common_index_cache,19,32.93,-2.26,-3.73,-1.28,-3.73,1.1,-4.15,3.44,-1.94,5.68,post_close,2026-05-21 15:00:00,人气Top10；当日涨停附近；收在日内高位；温和放量；连续上榜确认；人气排名明显上升；弱市中个股相对抗跌,近5日趋势未确认；涨停封板不可买,v2
2026-05-21,2026-05-14,次日已审,快策略候选,优先成功,priority_success,下个交易日主盯 后续最高表现达到 43.07%，保留这类命中特征。,1,000725,京东方A,观察池,下个交易日主盯,91.3,2026-05-21,0,common_index_cache,19,43.07,0.21,10.02,10.02,10.02,23.03,21.11,22.77,20.85,29.85,post_close,2026-05-21 15:00:00,人气Top3；当日涨停附近；收在日内高位；温和放量；近5日趋势升温；站上20日线且不过热；首次上榜即强势,一字或近似一字，参与点差；弱市先收缩执行；一字板不可买,v2
2026-05-21,2026-05-14,次日已审,快策略候选,优先成功,priority_success,下个交易日主盯 后续最高表现达到 23.04%，保留这类命中特征。,14,603629,利通电子,普通观察,下个交易日主盯,88.8,2026-05-21,0,common_index_cache,19,-8.12,3.41,8.93,8.93,8.93,18.0,22.5,14.11,18.46,23.04,post_close,2026-05-21 15:00:00,人气Top20；收在日内高位；温和放量；近5日趋势升温；站上20日线且不过热；持续霸榜；人气排名明显上升；弱市中个股相对抗跌,当日转弱；热度可能进入后段；弱市里的长连榜样本优先降权,v2
2026-05-21,2026-05-14,次日已审,快策略候选,优先成功,priority_success,下个交易日主盯 后续最高表现达到 18.31%，保留这类命中特征。,7,600611,大众交通,观察池,下个交易日主盯,86.8,2026-05-21,0,common_index_cache,19,-19.39,10.05,10.05,10.05,10.05,-0.54,-13.11,-9.62,-21.04,18.31,post_close,2026-05-21 15:00:00,人气Top10；当日涨停附近；收在日内高位；近5日趋势升温；站上20日线且不过热；首次上榜即强势；弱市中个股相对抗跌；v2低分涨停修正,放量过猛；涨停封板不可买,v2
2026-05-21,2026-05-14,次日已审,快策略候选,优先成功,priority_success,下个交易日主盯 后续最高表现达到 15.61%，保留这类命中特征。,35,002747,埃斯顿,观察池,下个交易日主盯,84.4,2026-05-21,0,common_index_cache,19,15.61,-1.22,1.29,2.2,1.29,4.63,-1.32,5.93,-0.11,6.27,post_close,2026-05-21 15:00:00,人气Top50；当日涨停附近；收在日内高位；放量仍可控；近5日趋势升温；站上20日线且不过热；弱市中个股相对抗跌；v2强势延续修正；v2低分涨停修正,涨停封板不可买,v2
2026-05-21,2026-05-14,次日已审,快策略候选,优先成功,priority_success,下个交易日主盯 后续最高表现达到 16.77%，保留这类命中特征。,34,002036,联创电子,观察池,下个交易日主盯,81.7,2026-05-21,0,common_index_cache,19,-7.05,7.8,10.04,10.04,10.04,15.17,4.49,6.84,-3.07,16.77,post_close,2026-05-21 15:00:00,人气Top50；当日涨停附近；收在日内高位；放量仍可控；近5日趋势升温；站上20日线且不过热；弱市中个股相对抗跌；v2强势延续修正,涨停封板不可买,v2
2026-05-21,2026-05-14,次日已审,快策略候选,优先成功,priority_success,下个交易日主盯 后续最高表现达到 32.58%，保留这类命中特征。,23,603601,再升科技,重点观察,下个交易日主盯,76.0,2026-05-21,0,common_index_cache,19,-12.97,-2.1,6.4,6.46,6.4,10.76,29.8,13.13,32.58,29.8,post_close,2026-05-21 15:00:00,人气Top50；当日上涨；收在日内高位；温和放量；近5日趋势升温；站上20日线且不过热；连续上榜确认；人气排名明显上升；弱市中个股相对抗跌,-,v2
2026-05-21,2026-05-14,次日已审,快策略候选,优先成功,priority_success,下个交易日主盯 后续最高表现达到 26.62%，保留这类命中特征。,48,002931,锋龙股份,观察池,下个交易日主盯,73.6,2026-05-21,0,common_index_cache,19,26.62,1.6,9.99,9.99,9.99,10.93,-4.46,9.18,-5.97,16.39,post_close,2026-05-21 15:00:00,人气Top50；当日涨停附近；收在日内高位；放量仍可控；近5日趋势升温；弱市中个股相对抗跌,涨停封板不可买,v2
2026-05-21,2026-05-14,次日已审,快策略候选,优先成功,priority_success,下个交易日主盯 后续最高表现达到 21.07%，保留这类命中特征。,40,000518,四环生物,观察池,下个交易日主盯,64.9,2026-05-21,0,common_index_cache,19,-16.27,8.53,10.13,10.13,10.13,9.07,-5.07,0.49,-12.53,21.07,post_close,2026-05-21 15:00:00,人气Top50；当日涨停附近；收在日内高位；近5日趋势升温；站上20日线且不过热；弱市中个股相对抗跌；v2低分涨停修正,放量过猛；涨停封板不可买,v2
2026-05-21,2026-05-14,次日已审,快策略候选,优先成功,priority_success,下个交易日主盯 后续最高表现达到 21.03%，保留这类命中特征。,55,002442,龙星科技,观察池,下个交易日主盯,60.62,2026-05-21,0,common_index_cache,19,-32.43,1.63,10.04,10.04,10.04,0.27,-10.85,-1.34,-12.28,21.03,post_close,2026-05-21 15:00:00,当日涨停附近；收在日内高位；近5日趋势升温；站上20日线且不过热；弱市中个股相对抗跌；v2低分涨停修正,放量过猛；后段人气股在偏弱环境里更谨慎；涨停封板不可买,v2
2026-05-21,2026-05-14,次日已审,快策略候选,优先走弱,priority_failed,下个交易日主盯 未兑现，复盘风险项：涨停封板不可买,17,002703,浙江世宝,观察池,下个交易日主盯,100.0,2026-05-21,0,common_index_cache,19,-19.63,3.26,6.88,7.93,6.88,7.93,0.4,4.52,-2.77,13.35,post_close,2026-05-21 15:00:00,人气Top20；当日涨停附近；收在日内高位；温和放量；近5日趋势升温；站上20日线且不过热；首次上榜即强势；首次上榜强势提权；弱市中个股相对抗跌,涨停封板不可买,v2
2026-05-21,2026-05-14,次日已审,快策略候选,优先走弱,priority_failed,下个交易日主盯 未兑现，复盘风险项：涨停封板不可买,18,002920,德赛西威,观察池,下个交易日主盯,90.1,2026-05-21,0,common_index_cache,19,-16.89,0.32,4.13,4.26,4.13,3.36,1.96,3.03,1.63,8.33,post_close,2026-05-21 15:00:00,人气Top20；当日涨停附近；收在日内高位；放量仍可控；站上20日线且不过热；首次上榜即强势；弱市中个股相对抗跌,涨停封板不可买,v2
2026-05-21,2026-05-14,次日已审,快策略候选,优先走弱,priority_failed,下个交易日主盯 未兑现，复盘风险项：涨停封板不可买,39,600936,北投科技,观察池,下个交易日主盯,83.5,2026-05-21,0,common_index_cache,19,-14.51,-0.86,-0.17,2.42,-0.17,1.21,-6.04,2.09,-5.23,7.94,post_close,2026-05-21 15:00:00,人气Top50；当日涨停附近；收在日内高位；放量仍可控；近5日趋势升温；站上20日线且不过热；人气排名明显上升；弱市中个股相对抗跌；v2强势延续修正,涨停封板不可买,v2
2026-05-21,2026-05-14,次日已审,快策略候选,优先走弱,priority_failed,下个交易日主盯 未兑现，复盘风险项：热度可能进入后段；弱市先收缩执行；弱市里的长连榜样本优先降权,10,002050,三花智控,普通观察,下个交易日主盯,80.8,2026-05-21,0,common_index_cache,19,-15.58,-0.61,2.31,2.5,2.31,3.05,-7.99,3.68,-7.43,6.0,post_close,2026-05-21 15:00:00,人气Top10；当日上涨；温和放量；近5日趋势升温；站上20日线且不过热；持续霸榜；人气排名明显上升,热度可能进入后段；弱市先收缩执行；弱市里的长连榜样本优先降权,v2
2026-05-21,2026-05-14,次日已审,快策略候选,优先走弱,priority_failed,下个交易日主盯 未兑现，复盘风险项：后段人气股在偏弱环境里更谨慎；涨停封板不可买,95,002940,昂利康,观察池,下个交易日主盯,80.03,2026-05-21,0,common_index_cache,19,-38.86,-6.9,-9.99,-4.49,-9.99,-21.23,-22.23,-15.39,-16.47,-4.49,post_close,2026-05-21 15:00:00,当日涨停附近；收在日内高位；近5日趋势升温；站上20日线且不过热；弱市中个股相对抗跌；v2低分涨停修正,后段人气股在偏弱环境里更谨慎；涨停封板不可买,v2
2026-05-21,2026-05-14,次日已审,快策略候选,优先走弱,priority_failed,下个交易日主盯 未兑现，复盘风险项：后段人气股在偏弱环境里更谨慎；涨停封板不可买,53,603127,昭衍新药,观察池,下个交易日主盯,78.33,2026-05-21,0,common_index_cache,19,-24.2,-0.7,-3.32,0.54,-3.32,-12.37,-14.75,-11.75,-14.15,0.54,post_close,2026-05-21 15:00:00,当日涨停附近；收在日内高位；温和放量；近5日趋势升温；站上20日线且不过热；弱市中个股相对抗跌；v2低分涨停修正,后段人气股在偏弱环境里更谨慎；涨停封板不可买,v2
2026-05-21,2026-05-14,次日已审,快策略候选,优先走弱,priority_failed,下个交易日主盯 未兑现，复盘风险项：后段人气股在偏弱环境里更谨慎；涨停封板不可买,60,603767,中马传动,观察池,下个交易日主盯,78.33,2026-05-21,0,common_index_cache,19,-35.5,3.7,2.38,4.77,2.38,-2.83,-21.2,-6.3,-24.01,4.77,post_close,2026-05-21 15:00:00,当日涨停附近；收在日内高位；温和放量；近5日趋势升温；站上20日线且不过热；弱市中个股相对抗跌；v2低分涨停修正,后段人气股在偏弱环境里更谨慎；涨停封板不可买,v2
2026-05-21,2026-05-14,次日已审,快策略候选,优先走弱,priority_failed,下个交易日主盯 未兑现，复盘风险项：短线涨幅过热；远离20日线过多；涨停封板不可买,15,301666,大普微,观察池,下个交易日主盯,71.5,2026-05-21,0,common_index_cache,19,-15.07,-3.19,8.94,10.29,8.94,-12.62,-11.63,-9.75,-8.72,12.61,post_close,2026-05-21 15:00:00,人气Top20；当日涨停附近；收在日内高位；温和放量；弱市中个股相对抗跌,短线涨幅过热；远离20日线过多；涨停封板不可买,v2
2026-05-21,2026-05-14,次日已审,快策略候选,优先走弱,priority_failed,下个交易日主盯 未兑现，复盘风险项：-,26,600481,双良节能,强推观察,下个交易日主盯,70.3,2026-05-21,0,common_index_cache,19,-35.38,-3.59,-1.92,0.26,-1.92,-12.44,-22.69,-9.18,-19.81,0.26,post_close,2026-05-21 15:00:00,人气Top50；当日上涨；收在日内高位；温和放量；近5日趋势升温；站上20日线且不过热；连续上榜确认；弱市中个股相对抗跌；v2连榜升温修正；v2早段升温样本提权,-,v2
2026-05-21,2026-05-14,次日已审,快策略候选,优先走弱,priority_failed,下个交易日主盯 未兑现，复盘风险项：近5日趋势未确认；后段人气股在偏弱环境里更谨慎；涨停封板不可买,58,600156,华升股份,观察池,下个交易日主盯,70.22,2026-05-21,0,common_index_cache,19,-29.68,0.38,4.22,6.21,4.22,-15.57,-22.09,-15.89,-22.38,6.21,post_close,2026-05-21 15:00:00,当日涨停附近；收在日内高位；温和放量；站上20日线且不过热；人气排名明显上升；弱市中个股相对抗跌,近5日趋势未确认；后段人气股在偏弱环境里更谨慎；涨停封板不可买,v2
2026-05-21,2026-05-14,次日已审,快策略候选,优先走弱,priority_failed,下个交易日主盯 未兑现，复盘风险项：短线涨幅偏高；弱市先收缩执行；涨停封板不可买,49,300503,昊志机电,观察池,下个交易日主盯,55.05,2026-05-21,0,common_index_cache,19,-6.77,0.0,2.73,3.6,2.73,-2.84,-9.51,-2.84,-9.51,7.98,post_close,2026-05-21 15:00:00,人气Top50；当日涨停附近；放量仍可控；近5日强势延续；站上20日线且不过热；v2低分涨停修正,短线涨幅偏高；弱市先收缩执行；涨停封板不可买,v2
2026-05-21,2026-05-14,次日已审,快策略候选,暂未强势,neutral,继续等待更多交易日或降低权重。,21,600707,彩虹股份,观察池,下个交易日主盯,81.7,2026-05-21,0,common_index_cache,19,10.86,-4.29,-2.8,0.09,-2.8,4.03,-4.9,8.69,-0.64,12.35,post_close,2026-05-21 15:00:00,人气Top50；当日涨停附近；收在日内高位；温和放量；近5日趋势升温；站上20日线且不过热；人气排名明显上升；弱市中个股相对抗跌,涨停封板不可买,v2
2026-05-21,2026-05-14,次日已审,快策略候选,暂未强势,neutral,继续等待更多交易日或降低权重。,68,600246,万通发展,不推送,下个交易日主盯,53.88,2026-05-21,0,common_index_cache,19,14.28,1.82,1.82,6.29,1.82,-2.4,9.09,-4.14,7.14,9.09,post_close,2026-05-21 15:00:00,当日强涨；收盘承接较强；温和放量；近5日趋势升温；连续上榜确认；人气排名明显上升；弱市中个股相对抗跌,偏离20日线较大；后段人气股在偏弱环境里更谨慎；v2回避中后段放量追高样本,v2
2026-05-21,2026-05-14,次日已审,快策略候选,暂未强势,neutral,继续等待更多交易日或降低权重。,8,002281,光迅科技,不推送,优先观察,51.45,2026-05-21,0,common_index_cache,19,11.37,-1.98,-0.66,0.87,-0.66,-4.87,-1.1,-2.95,0.89,4.14,post_close,2026-05-21 15:00:00,人气Top10；温和放量；近5日趋势升温；站上20日线且不过热；持续霸榜,当日转弱；收盘承接偏弱；热度可能进入后段；弱市先收缩执行；弱市里的长连榜样本优先降权；v2回避转弱弱收盘样本,v2
2026-05-21,2026-05-14,次日已审,快策略候选,暂未强势,neutral,继续等待更多交易日或降低权重。,59,000536,华映科技,观察池,备选观察,47.92,2026-05-21,0,common_index_cache,19,-10.26,-3.5,2.1,3.96,2.1,7.23,-0.7,11.11,2.9,9.79,post_close,2026-05-21 15:00:00,当日涨停附近；收在日内高位；近5日趋势升温；站上20日线且不过热；弱市中个股相对抗跌,放量过猛；后段人气股在偏弱环境里更谨慎；涨停封板不可买,v2
2026-05-21,2026-05-14,次日已审,快策略候选,暂未强势,neutral,继续等待更多交易日或降低权重。,90,600303,曙光股份,观察池,备选观察,47.92,2026-05-21,0,common_index_cache,19,-20.4,4.89,10.06,10.06,10.06,5.75,-3.16,0.82,-7.67,14.94,post_close,2026-05-21 15:00:00,当日涨停附近；收在日内高位；近5日趋势升温；站上20日线且不过热；弱市中个股相对抗跌,放量过猛；后段人气股在偏弱环境里更谨慎；涨停封板不可买,v2
2026-05-21,2026-05-14,次日已审,快策略候选,暂未强势,neutral,继续等待更多交易日或降低权重。,19,603316,诚邦股份,观察池,备选观察,47.2,2026-05-21,0,common_index_cache,19,-23.93,-2.75,-1.28,2.68,-1.28,-14.94,-25.94,-12.53,-23.85,2.68,post_close,2026-05-21 15:00:00,人气Top20；当日涨停附近；收在日内高位；连续上榜确认；人气排名明显上升；弱市中个股相对抗跌,放量过猛；短线涨幅过热；远离20日线过多；涨停封板不可买,v2
2026-05-21,2026-05-14,次日已审,快策略候选,暂未强势,neutral,继续等待更多交易日或降低权重。,11,603779,威龙股份,观察池,备选观察,47.2,2026-05-21,0,common_index_cache,19,-46.69,-9.99,-9.99,-5.72,-9.99,-11.98,-24.93,-2.22,-16.6,-2.0,post_close,2026-05-21 15:00:00,人气Top20；当日涨停附近；收在日内高位；连续上榜确认；人气排名明显上升；弱市中个股相对抗跌,放量过猛；短线涨幅过热；远离20日线过多；涨停封板不可买,v2
2026-05-21,2026-05-14,次日已审,快策略候选,暂未强势,neutral,继续等待更多交易日或降低权重。,43,600360,华微电子,观察池,备选观察,46.8,2026-05-21,0,common_index_cache,19,1.08,-2.41,-1.24,0.0,-1.24,-12.37,1.74,-10.2,4.25,1.74,post_close,2026-05-21 15:00:00,人气Top50；当日涨停附近；收在日内高位；站上20日线且不过热；弱市中个股相对抗跌,放量过猛；涨停封板不可买,v2
2026-05-21,,次日已审,低层级强势反哺,普通/不推送走强,low_level_winner,不推送 后来走强，原因反哺：人气排名明显上升、当日上涨、持续霸榜,65,603773,沃格光电,不推送,未入快策略,,2026-05-21,0,common_index_cache,19,105.05,-0.02,-1.26,4.85,-1.26,12.98,35.76,13.01,35.79,35.76,post_close,2026-05-21 15:00:00,当日上涨；温和放量；站上20日线且不过热；持续霸榜；人气排名明显上升,收盘承接偏弱；近5日趋势未确认；热度可能进入后段；弱市先收缩执行；后段人气股在偏弱环境里更谨慎；弱市里的长连榜样本优先降权；v2回避中后段放量追高样本,v2
2026-05-21,,次日已审,低层级强势反哺,普通/不推送走强,low_level_winner,不推送 后来走强，原因反哺：人气Top50、持续霸榜、温和放量,29,600487,亨通光电,不推送,未入快策略,,2026-05-21,0,common_index_cache,19,58.8,1.09,4.51,4.86,4.51,-0.7,0.83,-1.77,-0.25,5.49,post_close,2026-05-21 15:00:00,人气Top50；温和放量；持续霸榜,当日转弱；收盘承接偏弱；近5日趋势未确认；热度可能进入后段；弱市先收缩执行；弱市里的长连榜样本优先降权；市场健康度不足，收缩推送；市场健康度偏弱；v2回避转弱弱收盘样本；v2回避人气转弱样本,v2
2026-05-21,,次日已审,低层级强势反哺,普通/不推送走强,low_level_winner,不推送 后来走强，原因反哺：温和放量、站上20日线且不过热,99,600667,太极实业,不推送,未入快策略,,2026-05-21,0,common_index_cache,19,53.14,1.69,1.53,3.46,1.53,6.84,9.74,5.07,7.92,17.55,post_close,2026-05-21 15:00:00,温和放量；站上20日线且不过热,当日转弱；收盘承接偏弱；近5日趋势未确认；人气排名明显回落；弱市先收缩执行；后段人气股在偏弱环境里更谨慎；市场健康度不足，收缩推送；市场健康度偏弱；v2回避转弱弱收盘样本；v2回避人气转弱样本,v2
2026-05-21,,次日已审,低层级强势反哺,普通/不推送走强,low_level_winner,不推送 后来走强，原因反哺：持续霸榜、温和放量、站上20日线且不过热,83,300433,蓝思科技,不推送,未入快策略,,2026-05-21,0,common_index_cache,19,40.26,-1.78,5.18,5.59,5.18,5.4,10.19,7.31,12.19,14.22,post_close,2026-05-21 15:00:00,温和放量；近5日趋势升温；站上20日线且不过热；持续霸榜,收盘承接偏弱；热度可能进入后段；上影线偏长；弱市先收缩执行；后段人气股在偏弱环境里更谨慎；弱市里的长连榜样本优先降权；v2回避人气转弱样本,v2
2026-05-21,,次日已审,低层级强势反哺,普通/不推送走强,low_level_winner,不推送 后来走强，原因反哺：持续霸榜、温和放量、站上20日线且不过热,98,600186,莲花控股,不推送,未入快策略,,2026-05-21,0,common_index_cache,19,37.27,2.06,10.02,10.02,10.02,23.5,2.53,21.01,0.46,28.28,post_close,2026-05-21 15:00:00,温和放量；站上20日线且不过热；持续霸榜,当日转弱；收盘承接偏弱；热度可能进入后段；人气排名明显回落；弱市先收缩执行；后段人气股在偏弱环境里更谨慎；弱市里的长连榜样本优先降权；v2回避转弱弱收盘样本；v2回避人气转弱样本,v2
2026-05-21,,次日已审,低层级强势反哺,普通/不推送走强,low_level_winner,不推送 后来走强，原因反哺：温和放量,85,600105,永鼎股份,不推送,未入快策略,,2026-05-21,0,common_index_cache,19,36.32,2.03,2.23,3.18,2.23,0.0,4.86,-1.99,2.77,7.78,post_close,2026-05-21 15:00:00,温和放量,当日转弱；收盘承接偏弱；近5日趋势未确认；弱市先收缩执行；后段人气股在偏弱环境里更谨慎；市场健康度不足，收缩推送；市场健康度偏弱；v2回避转弱弱收盘样本,v2
2026-05-21,,次日已审,低层级强势反哺,普通/不推送走强,low_level_winner,不推送 后来走强，原因反哺：人气Top50、人气排名明显上升、温和放量,22,603986,兆易创新,不推送,未入快策略,,2026-05-21,0,common_index_cache,19,35.92,3.73,8.54,9.53,8.54,22.05,12.03,17.66,7.99,28.22,post_close,2026-05-21 15:00:00,人气Top50；温和放量；近5日趋势升温；站上20日线且不过热；连续上榜确认；人气排名明显上升,当日转弱；收盘承接偏弱；弱市先收缩执行；v2回避转弱弱收盘样本,v2
2026-05-21,,次日已审,低层级强势反哺,普通/不推送走强,low_level_winner,不推送 后来走强，原因反哺：人气排名明显上升、温和放量、站上20日线且不过热,61,002491,通鼎互联,不推送,未入快策略,,2026-05-21,0,common_index_cache,19,32.06,3.86,4.88,5.01,4.88,0.05,6.35,-3.68,2.39,9.29,post_close,2026-05-21 15:00:00,温和放量；站上20日线且不过热；人气排名明显上升,当日转弱；收盘承接偏弱；近5日趋势未确认；弱市先收缩执行；后段人气股在偏弱环境里更谨慎；市场健康度不足，收缩推送；市场健康度偏弱；v2回避转弱弱收盘样本,v2
2026-05-21,,次日已审,低层级强势反哺,普通/不推送走强,low_level_winner,不推送 后来走强，原因反哺：人气Top20、持续霸榜、温和放量,12,600522,中天科技,不推送,未入快策略,,2026-05-21,0,common_index_cache,19,31.05,1.89,4.58,4.73,4.58,-3.39,-3.29,-5.18,-5.08,6.59,post_close,2026-05-21 15:00:00,人气Top20；温和放量；站上20日线且不过热；持续霸榜,当日转弱；收盘承接偏弱；近5日趋势未确认；热度可能进入后段；弱市先收缩执行；弱市里的长连榜样本优先降权；市场健康度不足，收缩推送；市场健康度偏弱；v2回避转弱弱收盘样本,v2
2026-05-21,,次日已审,低层级强势反哺,普通/不推送走强,low_level_winner,不推送 后来走强，原因反哺：人气Top10、持续霸榜、站上20日线且不过热,5,601991,大唐发电,不推送,未入快策略,,2026-05-21,0,common_index_cache,19,29.5,-0.71,-2.27,1.56,-2.27,1.56,13.48,2.29,14.29,16.6,post_close,2026-05-21 15:00:00,人气Top10；站上20日线且不过热；持续霸榜,当日转弱；收盘承接偏弱；近5日趋势未确认；热度可能进入后段；弱市先收缩执行；弱市里的长连榜样本优先降权；市场健康度不足，收缩推送；市场健康度偏弱；v2回避转弱弱收盘样本,v2
2026-05-21,,次日已审,低层级强势反哺,普通/不推送走强,low_level_winner,不推送 后来走强，原因反哺：人气Top50、人气排名明显上升、持续霸榜,36,300308,中际旭创,不推送,未入快策略,,2026-05-21,0,common_index_cache,19,28.47,1.68,4.49,5.19,4.49,11.04,20.6,9.2,18.61,20.78,post_close,2026-05-21 15:00:00,人气Top50；温和放量；站上20日线且不过热；持续霸榜；人气排名明显上升,当日转弱；收盘承接偏弱；近5日趋势未确认；热度可能进入后段；弱市先收缩执行；弱市里的长连榜样本优先降权；市场健康度不足，收缩推送；市场健康度偏弱；v2回避转弱弱收盘样本,v2
2026-05-21,,次日已审,低层级强势反哺,普通/不推送走强,low_level_winner,不推送 后来走强，原因反哺：站上20日线且不过热、近5日趋势升温,71,603005,晶方科技,不推送,未入快策略,,2026-05-21,0,common_index_cache,19,27.83,0.06,8.48,9.92,8.48,25.0,26.39,24.93,26.32,31.18,post_close,2026-05-21 15:00:00,近5日趋势升温；站上20日线且不过热,当日转弱；收盘承接偏弱；弱市先收缩执行；后段人气股在偏弱环境里更谨慎；v2回避转弱弱收盘样本；v2回避中后段放量追高样本,v2
2026-05-21,,次日已审,低层级强势反哺,普通/不推送走强,low_level_winner,不推送 后来走强，原因反哺：人气Top50、温和放量、站上20日线且不过热,41,002185,华天科技,不推送,未入快策略,,2026-05-21,0,common_index_cache,19,25.58,1.58,1.58,2.18,1.58,22.94,41.53,21.03,39.33,44.63,post_close,2026-05-21 15:00:00,人气Top50；温和放量；近5日趋势升温；站上20日线且不过热；连续上榜确认,当日转弱；收盘承接偏弱；弱市先收缩执行；v2回避转弱弱收盘样本；v2回避人气转弱样本,v2
2026-05-21,,次日已审,低层级强势反哺,普通/不推送走强,low_level_winner,不推送 后来走强，原因反哺：持续霸榜、站上20日线且不过热,67,600396,华电辽能,不推送,未入快策略,,2026-05-21,0,common_index_cache,19,25.09,1.12,2.32,3.3,2.32,18.62,35.35,17.3,33.84,42.02,post_close,2026-05-21 15:00:00,站上20日线且不过热；持续霸榜,当日转弱；收盘承接偏弱；近5日趋势未确认；热度可能进入后段；人气排名明显回落；弱市先收缩执行；后段人气股在偏弱环境里更谨慎；弱市里的长连榜样本优先降权；市场健康度不足，收缩推送；市场健康度偏弱；v2回避转弱弱收盘样本；v2回避人气转弱样本,v2
2026-05-21,,次日已审,低层级强势反哺,普通/不推送走强,low_level_winner,不推送 后来走强，原因反哺：人气Top50、持续霸榜、温和放量,45,002384,东山精密,不推送,未入快策略,,2026-05-21,0,common_index_cache,19,24.13,1.91,6.56,7.13,6.56,6.88,5.81,4.87,3.83,13.06,post_close,2026-05-21 15:00:00,人气Top50；温和放量；站上20日线且不过热；持续霸榜,当日转弱；收盘承接偏弱；近5日趋势未确认；热度可能进入后段；弱市先收缩执行；弱市里的长连榜样本优先降权；市场健康度不足，收缩推送；市场健康度偏弱；v2回避转弱弱收盘样本；v2回避人气转弱样本,v2
2026-05-21,,次日已审,低层级强势反哺,普通/不推送走强,low_level_winner,不推送 后来走强，原因反哺：人气Top10、持续霸榜、温和放量,6,600584,长电科技,不推送,未入快策略,,2026-05-21,0,common_index_cache,19,22.32,0.31,9.04,9.43,9.04,31.94,26.78,31.53,26.38,41.98,post_close,2026-05-21 15:00:00,人气Top10；温和放量；近5日趋势升温；持续霸榜,收盘承接偏弱；偏离20日线较大；热度可能进入后段；上影线偏长；弱市先收缩执行；弱市里的长连榜样本优先降权,v2
2026-05-21,,次日已审,低层级强势反哺,普通/不推送走强,low_level_winner,不推送 后来走强，原因反哺：人气Top50、当日上涨、站上20日线且不过热,27,000100,TCL科技,不推送,未入快策略,,2026-05-21,0,common_index_cache,19,19.63,-2.8,0.23,1.87,0.23,6.54,5.14,9.62,8.17,13.08,post_close,2026-05-21 15:00:00,人气Top50；当日上涨；站上20日线且不过热,收盘承接偏弱；放量过猛；弱市先收缩执行；v2回避中后段放量追高样本,v2
2026-05-21,,次日已审,低层级强势反哺,普通/不推送走强,low_level_winner,不推送 后来走强，原因反哺：温和放量、站上20日线且不过热、近5日趋势升温,52,000021,深科技,不推送,未入快策略,,2026-05-21,0,common_index_cache,19,18.7,2.35,3.76,4.45,3.76,17.65,17.37,14.95,14.68,29.49,post_close,2026-05-21 15:00:00,温和放量；近5日趋势升温；站上20日线且不过热；连续上榜确认,当日转弱；收盘承接偏弱；人气排名明显回落；弱市先收缩执行；后段人气股在偏弱环境里更谨慎；v2回避转弱弱收盘样本；v2回避人气转弱样本,v2
2026-05-21,,次日已审,低层级强势反哺,普通/不推送走强,low_level_winner,不推送 后来走强，原因反哺：人气排名明显上升、温和放量、站上20日线且不过热,82,002428,云南锗业,不推送,未入快策略,,2026-05-21,0,common_index_cache,19,18.45,2.76,3.94,4.95,3.94,-0.84,7.22,-3.5,4.34,9.71,post_close,2026-05-21 15:00:00,温和放量；站上20日线且不过热；人气排名明显上升,当日转弱；收盘承接偏弱；近5日趋势未确认；弱市先收缩执行；后段人气股在偏弱环境里更谨慎；市场健康度不足，收缩推送；市场健康度偏弱；v2回避转弱弱收盘样本,v2
2026-05-21,,次日已审,低层级强势反哺,普通/不推送走强,low_level_winner,不推送 后来走强，原因反哺：人气排名明显上升、弱市中个股相对抗跌、当日强涨,69,603115,海星股份,不推送,未入快策略,,2026-05-21,0,common_index_cache,19,13.43,1.0,10.0,10.0,10.0,-2.78,4.41,-3.75,3.37,15.38,post_close,2026-05-21 15:00:00,当日强涨；收盘承接较强；温和放量；连续上榜确认；人气排名明显上升；弱市中个股相对抗跌,短线涨幅过热；远离20日线过多；后段人气股在偏弱环境里更谨慎；v2回避前段过热样本,v2
2026-05-21,,次日已审,低层级强势反哺,普通/不推送走强,low_level_winner,不推送 后来走强，原因反哺：人气Top50、持续霸榜,28,601138,工业富联,不推送,未入快策略,,2026-05-21,0,common_index_cache,19,10.9,0.93,2.53,3.3,2.53,6.84,14.5,5.85,13.45,16.46,post_close,2026-05-21 15:00:00,人气Top50；持续霸榜,当日转弱；收盘承接偏弱；近5日趋势未确认；热度可能进入后段；弱市先收缩执行；弱市里的长连榜样本优先降权；市场健康度不足，收缩推送；市场健康度偏弱；v2回避转弱弱收盘样本；v2回避人气转弱样本,v2
2026-05-21,,次日已审,低层级强势反哺,普通/不推送走强,low_level_winner,不推送 后来走强，原因反哺：人气Top50、人气排名明显上升、持续霸榜,37,002156,通富微电,不推送,未入快策略,,2026-05-21,0,common_index_cache,19,8.98,0.08,2.72,4.18,2.72,22.1,12.35,22.0,12.26,27.24,post_close,2026-05-21 15:00:00,人气Top50；温和放量；近5日趋势升温；站上20日线且不过热；持续霸榜；人气排名明显上升,当日转弱；收盘承接偏弱；热度可能进入后段；弱市先收缩执行；弱市里的长连榜样本优先降权；v2回避转弱弱收盘样本；v2回避中后段放量追高样本,v2
2026-05-21,,次日已审,低层级强势反哺,普通/不推送走强,low_level_winner,不推送 后来走强，原因反哺：人气Top3、弱市中个股相对抗跌、当日上涨,2,600745,*ST闻泰,不推送,未入快策略,,2026-05-21,0,common_index_cache,19,5.71,-2.5,-3.57,-0.18,-3.57,6.31,17.2,9.04,20.21,17.2,post_close,2026-05-21 15:00:00,人气Top3；当日上涨；收在日内高位；持续霸榜；弱市中个股相对抗跌,放量过猛；近5日趋势未确认；仍在20日线下方；热度可能进入后段；弱市里的长连榜样本优先降权；Top3高热度拥挤，次日兑现风险,v2
2026-05-21,,次日已审,低层级强势反哺,普通/不推送走强,low_level_winner,不推送 后来走强，原因反哺：人气Top50、人气排名明显上升、当日上涨,47,002297,博云新材,不推送,未入快策略,,2026-05-21,0,common_index_cache,19,4.33,-0.08,7.57,8.66,7.57,6.52,-7.32,6.6,-7.25,18.33,post_close,2026-05-21 15:00:00,人气Top50；当日上涨；温和放量；站上20日线且不过热；人气排名明显上升,近5日趋势未确认；弱市先收缩执行,v2
2026-05-21,,次日已审,低层级强势反哺,普通/不推送走强,low_level_winner,不推送 后来走强，原因反哺：当日上涨、放量仍可控、站上20日线且不过热,77,600863,华能蒙电,不推送,未入快策略,,2026-05-21,0,common_index_cache,19,1.79,-4.66,-3.41,3.05,-3.41,9.32,19.0,14.66,24.81,31.0,post_close,2026-05-21 15:00:00,当日上涨；放量仍可控；近5日趋势升温；站上20日线且不过热；连续上榜确认,人气排名明显回落；弱市先收缩执行；后段人气股在偏弱环境里更谨慎；v2回避人气转弱样本；v2回避中后段放量追高样本,v2
2026-05-21,,次日已审,低层级强势反哺,普通/不推送走强,low_level_winner,不推送 后来走强，原因反哺：人气Top20、站上20日线且不过热、近5日强势延续,13,002421,达实智能,不推送,未入快策略,,2026-05-21,0,common_index_cache,19,-3.28,-2.53,10.1,10.1,10.1,17.42,15.4,20.47,18.39,30.3,post_close,2026-05-21 15:00:00,人气Top20；近5日强势延续；站上20日线且不过热；连续上榜确认,当日转弱；收盘承接偏弱；放量过猛；短线涨幅偏高；弱市先收缩执行；v2回避转弱弱收盘样本,v2
2026-05-21,,次日已审,低层级强势反哺,普通/不推送走强,low_level_winner,不推送 后来走强，原因反哺：人气Top50、人气排名明显上升、当日上涨,38,603459,红板科技,不推送,未入快策略,,2026-05-21,0,common_index_cache,19,-6.98,1.55,10.0,10.0,10.0,17.65,7.83,15.86,6.18,19.94,post_close,2026-05-21 15:00:00,人气Top50；当日上涨；温和放量；近5日趋势升温；站上20日线且不过热；人气排名明显上升,弱市先收缩执行,v2
2026-05-21,,次日已审,低层级强势反哺,普通/不推送走强,low_level_winner,不推送 后来走强，原因反哺：人气排名明显上升、温和放量、站上20日线且不过热,76,300274,阳光电源,不推送,未入快策略,,2026-05-21,0,common_index_cache,19,-9.81,1.58,-0.53,3.97,-0.53,8.23,14.94,6.54,13.15,15.92,post_close,2026-05-21 15:00:00,温和放量；近5日趋势升温；站上20日线且不过热；连续上榜确认；人气排名明显上升,当日转弱；收盘承接偏弱；弱市先收缩执行；后段人气股在偏弱环境里更谨慎；v2回避转弱弱收盘样本,v2
2026-05-21,,次日已审,低层级强势反哺,普通/不推送走强,low_level_winner,不推送 后来走强，原因反哺：温和放量、连续上榜确认,74,002181,粤传媒,不推送,未入快策略,,2026-05-21,0,common_index_cache,19,-16.48,0.59,0.73,3.08,0.73,6.15,17.22,5.54,16.53,19.27,post_close,2026-05-21 15:00:00,温和放量；连续上榜确认,当日转弱；收盘承接偏弱；近5日趋势未确认；仍在20日线下方；人气排名明显回落；弱市先收缩执行；后段人气股在偏弱环境里更谨慎；市场健康度不足，收缩推送；市场健康度偏弱；v2回避转弱弱收盘样本；v2回避人气转弱样本,v2
2026-05-21,,次日已审,低层级强势反哺,普通/不推送走强,low_level_winner,不推送 后来走强，原因反哺：近5日趋势升温、连续上榜确认,79,000417,合百集团,不推送,未入快策略,,2026-05-21,0,common_index_cache,19,-16.54,5.26,9.99,9.99,9.99,0.11,-18.26,-4.9,-22.35,15.9,post_close,2026-05-21 15:00:00,近5日趋势升温；连续上榜确认,当日转弱；收盘承接偏弱；放量过猛；偏离20日线较大；人气排名明显回落；弱市先收缩执行；后段人气股在偏弱环境里更谨慎；v2回避转弱弱收盘样本；v2回避人气转弱样本；v2回避中后段放量追高样本,v2
2026-05-21,,次日已审,低层级强势反哺,普通/不推送走强,low_level_winner,普通观察 后来走强，原因反哺：人气Top20、人气排名明显上升、弱市中个股相对抗跌,14,603629,利通电子,普通观察,已入快策略,,2026-05-21,0,common_index_cache,19,-8.12,3.41,8.93,8.93,8.93,18.0,22.5,14.11,18.46,23.04,post_close,2026-05-21 15:00:00,人气Top20；收在日内高位；温和放量；近5日趋势升温；站上20日线且不过热；持续霸榜；人气排名明显上升；弱市中个股相对抗跌,当日转弱；热度可能进入后段；弱市里的长连榜样本优先降权,v2
2026-05-20,2026-05-13,次日已审,快策略候选,优先成功,priority_success,下个交易日主盯 后续最高表现达到 21.13%，保留这类命中特征。,8,002421,达实智能,观察池,下个交易日主盯,74.12,2026-05-19,1,common_index_cache,20,-10.09,2.82,-7.04,10.33,-7.04,12.68,7.51,9.59,4.57,21.13,intraday_0950,2026-05-20 09:50:00,人气Top10；当日涨停附近；收在日内高位；站上20日线且不过热；连续上榜确认；震荡市里保持相对强势；震荡市里承接未失控,涨停封板不可买,v2
2026-05-20,2026-05-13,次日已审,快策略候选,优先成功,priority_success,下个交易日主盯 后续最高表现达到 17.78%，保留这类命中特征。,9,002131,利欧股份,普通观察,下个交易日主盯,67.53,2026-05-19,1,common_index_cache,20,-12.56,13.05,7.67,17.78,7.67,4.24,-3.75,-7.79,-14.86,17.78,intraday_0950,2026-05-20 09:50:00,人气Top10；当日强涨；收盘承接较强；站上20日线且不过热；连续上榜确认；人气排名明显上升；震荡市里保持相对强势；震荡市里承接未失控,-,v2
2026-05-20,2026-05-13,次日已审,快策略候选,优先成功,priority_success,下个交易日主盯 后续最高表现达到 15.89%，保留这类命中特征。,36,603986,兆易创新,观察池,下个交易日主盯,65.12,2026-05-19,1,common_index_cache,20,9.03,-17.35,-19.79,-13.66,-19.79,-4.21,-4.34,15.89,15.74,2.85,intraday_0950,2026-05-20 09:50:00,人气Top50；当日涨停附近；收在日内高位；站上20日线且不过热；连续上榜确认；震荡市里保持相对强势；震荡市里承接未失控,人气排名明显回落；涨停封板不可买,v2
2026-05-20,2026-05-13,次日已审,快策略候选,优先成功,priority_success,下个交易日主盯 后续最高表现达到 29.54%，保留这类命中特征。,43,600863,华能蒙电,观察池,下个交易日主盯,63.33,2026-05-19,1,common_index_cache,20,-8.68,-16.72,-10.29,-5.47,-10.29,-4.66,7.88,14.48,29.54,7.88,intraday_0950,2026-05-20 09:50:00,人气Top50；当日涨停附近；收在日内高位；站上20日线且不过热；震荡市里保持相对强势；震荡市里承接未失控,涨停封板不可买,v2
2026-05-20,2026-05-13,次日已审,快策略候选,优先成功,priority_success,下个交易日主盯 后续最高表现达到 22.26%，保留这类命中特征。,24,301139,*ST元道,观察池,下个交易日主盯,63.33,2026-05-19,1,common_index_cache,20,-21.38,-12.54,17.67,22.26,17.67,-10.6,-11.48,2.22,1.21,22.26,intraday_0950,2026-05-20 09:50:00,人气Top50；当日涨停附近；收在日内高位；站上20日线且不过热；震荡市里保持相对强势；震荡市里承接未失控,涨停封板不可买,v2
2026-05-20,2026-05-13,次日已审,快策略候选,优先走弱,priority_failed,下个交易日主盯 未兑现，复盘风险项：涨停封板不可买,46,600850,电科数字,观察池,下个交易日主盯,80.72,2026-05-19,1,common_index_cache,20,-11.68,-2.67,-4.26,1.42,-4.26,-4.0,1.07,-1.37,3.83,3.69,intraday_0950,2026-05-20 09:50:00,人气Top50；当日涨停附近；收在日内高位；站上20日线且不过热；连续上榜确认；人气排名明显上升；震荡市里保持相对强势；震荡市里承接未失控,涨停封板不可买,v2
2026-05-20,2026-05-13,次日已审,快策略候选,优先走弱,priority_failed,下个交易日主盯 未兑现，复盘风险项：涨停封板不可买,44,000417,合百集团,观察池,下个交易日主盯,80.72,2026-05-19,1,common_index_cache,20,-18.47,9.97,-2.31,9.97,-2.31,8.6,-11.96,-1.24,-19.94,13.22,intraday_0950,2026-05-20 09:50:00,人气Top50；当日涨停附近；收在日内高位；站上20日线且不过热；连续上榜确认；人气排名明显上升；震荡市里保持相对强势；震荡市里承接未失控,涨停封板不可买,v2
2026-05-20,2026-05-13,次日已审,快策略候选,优先走弱,priority_failed,下个交易日主盯 未兑现，复盘风险项：后段人气股在偏弱环境里更谨慎；涨停封板不可买,71,600903,贵州燃气,观察池,下个交易日主盯,76.45,2026-05-19,1,common_index_cache,20,-17.03,-4.23,2.99,4.64,2.99,2.06,-0.41,6.57,3.99,9.7,intraday_0950,2026-05-20 09:50:00,当日涨停附近；收在日内高位；站上20日线且不过热；连续上榜确认；人气排名明显上升；震荡市里保持相对强势；震荡市里承接未失控,后段人气股在偏弱环境里更谨慎；涨停封板不可买,v2
2026-05-20,2026-05-13,次日已审,快策略候选,优先走弱,priority_failed,下个交易日主盯 未兑现，复盘风险项：涨停封板不可买,39,002272,川润股份,观察池,下个交易日主盯,63.33,2026-05-19,1,common_index_cache,20,-15.44,-1.52,-9.98,-0.36,-9.98,-3.37,-15.68,-1.87,-14.37,0.08,intraday_0950,2026-05-20 09:50:00,人气Top50；当日涨停附近；收在日内高位；站上20日线且不过热；震荡市里保持相对强势；震荡市里承接未失控,涨停封板不可买,v2
2026-05-20,2026-05-13,次日已审,快策略候选,优先走弱,priority_failed,下个交易日主盯 未兑现，复盘风险项：一字或近似一字，参与点差；一字板不可买,32,603082,北自科技,观察池,下个交易日主盯,58.23,2026-05-19,1,common_index_cache,20,-27.12,-14.03,-16.37,-10.38,-16.37,-20.13,-25.77,-7.09,-13.66,-10.38,intraday_0950,2026-05-20 09:50:00,人气Top50；当日涨停附近；收在日内高位；站上20日线且不过热；连续上榜确认；震荡市里保持相对强势；震荡市里承接未失控,一字或近似一字，参与点差；一字板不可买,v2
2026-05-20,2026-05-13,次日已审,快策略候选,暂未强势,neutral,继续等待更多交易日或降低权重。,48,603938,三孚股份,观察池,下个交易日主盯,80.72,2026-05-19,1,common_index_cache,20,9.37,11.97,-0.26,11.97,-0.26,-5.88,-16.0,-15.94,-24.98,11.97,intraday_0950,2026-05-20 09:50:00,人气Top50；当日涨停附近；收在日内高位；站上20日线且不过热；连续上榜确认；人气排名明显上升；震荡市里保持相对强势；震荡市里承接未失控,涨停封板不可买,v2
2026-05-20,2026-05-13,次日已审,快策略候选,暂未强势,neutral,继续等待更多交易日或降低权重。,12,000988,华工科技,不推送,下个交易日主盯,56.73,2026-05-19,1,common_index_cache,20,3.36,-0.73,-6.82,0.36,-6.82,4.08,-3.23,4.84,-2.52,6.57,intraday_0950,2026-05-20 09:50:00,人气Top20；当日上涨；收盘承接较强；站上20日线且不过热；持续霸榜；震荡市里保持相对强势；震荡市里承接未失控,热度可能进入后段,v2
2026-05-20,2026-05-13,次日已审,快策略候选,备选走强,backup_success,备选观察 后续最高表现达到 20.43%，保留这类命中特征。,6,000021,深科技,不推送,备选观察,44.95,2026-05-19,1,common_index_cache,20,10.39,-1.67,-7.0,0.51,-7.0,5.3,12.58,7.09,14.5,20.43,intraday_0950,2026-05-20 09:50:00,人气Top10；当日上涨；站上20日线且不过热；连续上榜确认；震荡市里保持相对强势,-,v2
2026-05-20,,次日已审,低层级强势反哺,普通/不推送走强,low_level_winner,不推送 后来走强，原因反哺：人气Top50、人气排名明显上升、当日上涨,38,000636,风华高科,不推送,未入快策略,,2026-05-20,0,common_index_cache,20,115.29,1.37,-0.58,5.2,-0.58,20.29,28.55,18.67,26.81,30.78,intraday_0950,2026-05-20 09:50:00,人气Top50；当日上涨；温和放量；近5日趋势升温；人气排名明显上升；震荡市里保持相对强势,偏离20日线较大,v2
2026-05-20,,次日已审,低层级强势反哺,普通/不推送走强,low_level_winner,不推送 后来走强，原因反哺：震荡市里保持相对强势,84,002552,宝鼎科技,不推送,未入快策略,,2026-05-20,0,common_index_cache,20,97.59,0.55,-0.88,7.64,-0.88,19.93,38.36,19.28,37.61,45.13,intraday_0950,2026-05-20 09:50:00,震荡市里保持相对强势,当日转弱；收盘承接偏弱；偏离20日线较大；人气排名明显回落；后段人气股在偏弱环境里更谨慎；v2回避转弱弱收盘样本；v2回避人气转弱样本,v2
2026-05-20,,次日已审,低层级强势反哺,普通/不推送走强,low_level_winner,不推送 后来走强，原因反哺：近5日趋势升温、震荡市里保持相对强势,96,002484,江海股份,不推送,未入快策略,,2026-05-20,0,common_index_cache,20,81.01,0.4,-4.69,1.16,-4.69,6.35,16.16,5.93,15.7,16.16,intraday_0950,2026-05-20 09:50:00,近5日趋势升温；震荡市里保持相对强势,当日转弱；收盘承接偏弱；量能不足；偏离20日线较大；后段人气股在偏弱环境里更谨慎；v2回避转弱弱收盘样本,v2
2026-05-20,,次日已审,低层级强势反哺,普通/不推送走强,low_level_winner,不推送 后来走强，原因反哺：人气Top50、人气排名明显上升,21,001896,豫能控股,不推送,未入快策略,,2026-05-20,0,common_index_cache,20,41.76,-3.06,6.64,6.64,6.64,10.23,2.54,13.71,5.78,12.7,intraday_0950,2026-05-20 09:50:00,人气Top50；人气排名明显上升,当日转弱；收盘承接偏弱；量能不足；近5日趋势未确认；仍在20日线下方；震荡市里相对走弱；市场健康度不足，收缩推送；v2回避转弱弱收盘样本,v2
2026-05-20,,次日已审,低层级强势反哺,普通/不推送走强,low_level_winner,不推送 后来走强，原因反哺：收盘承接较强、温和放量、近5日强势延续,99,603311,金海高科,不推送,未入快策略,,2026-05-20,0,common_index_cache,20,41.17,-1.64,9.05,10.0,9.05,0.45,5.59,2.13,7.36,15.31,intraday_0950,2026-05-20 09:50:00,收盘承接较强；温和放量；近5日强势延续；震荡市里保持相对强势；震荡市里承接未失控,短线涨幅偏高；偏离20日线较大；后段人气股在偏弱环境里更谨慎；v2回避中后段放量追高样本；v2回避前段过热样本,v2
2026-05-20,,次日已审,低层级强势反哺,普通/不推送走强,low_level_winner,不推送 后来走强，原因反哺：站上20日线且不过热、近5日趋势升温、连续上榜确认,69,300433,蓝思科技,不推送,未入快策略,,2026-05-20,0,common_index_cache,20,38.33,-0.08,-1.38,2.97,-1.38,6.75,8.81,6.84,8.89,10.75,intraday_0950,2026-05-20 09:50:00,近5日趋势升温；站上20日线且不过热；连续上榜确认；震荡市里保持相对强势,当日转弱；量能不足；人气排名明显回落；后段人气股在偏弱环境里更谨慎；v2回避人气转弱样本,v2
2026-05-20,,次日已审,低层级强势反哺,普通/不推送走强,low_level_winner,不推送 后来走强，原因反哺：近5日趋势升温、震荡市里保持相对强势,79,603078,江化微,不推送,未入快策略,,2026-05-20,0,common_index_cache,20,36.06,3.65,0.37,10.62,0.37,-0.29,-7.45,-3.8,-10.72,10.62,intraday_0950,2026-05-20 09:50:00,近5日趋势升温；震荡市里保持相对强势,当日转弱；量能不足；偏离20日线较大；人气排名明显回落；后段人气股在偏弱环境里更谨慎；v2回避人气转弱样本,v2
2026-05-20,,次日已审,低层级强势反哺,普通/不推送走强,low_level_winner,不推送 后来走强，原因反哺：人气Top20、人气排名明显上升、持续霸榜,13,600186,莲花控股,不推送,未入快策略,,2026-05-20,0,common_index_cache,20,29.96,-2.39,-5.32,1.86,-5.32,14.63,5.23,17.44,7.81,21.45,intraday_0950,2026-05-20 09:50:00,人气Top20；近5日趋势升温；站上20日线且不过热；持续霸榜；人气排名明显上升；震荡市里保持相对强势,当日转弱；收盘承接偏弱；热度可能进入后段；v2回避转弱弱收盘样本,v2
2026-05-20,,次日已审,低层级强势反哺,普通/不推送走强,low_level_winner,不推送 后来走强，原因反哺：人气Top50、人气排名明显上升、站上20日线且不过热,23,605358,立昂微,不推送,未入快策略,,2026-05-20,0,common_index_cache,20,24.87,-1.85,-9.79,0.18,-9.79,-4.68,-0.56,-2.89,1.31,0.95,intraday_0950,2026-05-20 09:50:00,人气Top50；近5日趋势升温；站上20日线且不过热；人气排名明显上升；震荡市里保持相对强势,-,v2
2026-05-20,,次日已审,低层级强势反哺,普通/不推送走强,low_level_winner,不推送 后来走强，原因反哺：人气Top50、人气排名明显上升、收盘承接较强,27,002185,华天科技,不推送,未入快策略,,2026-05-20,0,common_index_cache,20,22.19,2.5,-2.69,5.45,-2.69,8.72,29.12,6.07,25.97,31.62,intraday_0950,2026-05-20 09:50:00,人气Top50；收盘承接较强；近5日趋势升温；站上20日线且不过热；连续上榜确认；人气排名明显上升；震荡市里保持相对强势；震荡市里承接未失控,量能不足,v2
2026-05-20,,次日已审,低层级强势反哺,普通/不推送走强,low_level_winner,不推送 后来走强，原因反哺：当日上涨、收盘承接较强、站上20日线且不过热,66,002409,雅克科技,不推送,未入快策略,,2026-05-20,0,common_index_cache,20,21.84,0.83,-6.44,2.7,-6.44,5.3,-2.73,4.43,-3.53,5.3,intraday_0950,2026-05-20 09:50:00,当日上涨；收盘承接较强；近5日趋势升温；站上20日线且不过热；连续上榜确认；震荡市里保持相对强势；震荡市里承接未失控,量能不足；后段人气股在偏弱环境里更谨慎,v2
2026-05-20,,次日已审,低层级强势反哺,普通/不推送走强,low_level_winner,不推送 后来走强，原因反哺：人气Top3、持续霸榜、震荡市里保持相对强势,1,601991,大唐发电,不推送,未入快策略,,2026-05-20,0,common_index_cache,20,20.93,-8.61,-6.62,3.71,-6.62,-1.99,2.12,7.25,11.74,3.71,intraday_0950,2026-05-20 09:50:00,人气Top3；持续霸榜；震荡市里保持相对强势,当日转弱；收盘承接偏弱；量能不足；偏离20日线较大；热度可能进入后段；Top3高热度拥挤，次日兑现风险；v2回避转弱弱收盘样本,v2
2026-05-20,,次日已审,低层级强势反哺,普通/不推送走强,low_level_winner,不推送 后来走强，原因反哺：人气Top50、持续霸榜、站上20日线且不过热,28,600396,华电辽能,不推送,未入快策略,,2026-05-20,0,common_index_cache,20,20.92,-1.49,-3.33,3.74,-3.33,8.83,26.15,10.48,28.07,26.15,intraday_0950,2026-05-20 09:50:00,人气Top50；站上20日线且不过热；持续霸榜,当日转弱；收盘承接偏弱；量能不足；近5日趋势未确认；热度可能进入后段；震荡市里相对走弱；市场健康度不足，收缩推送；v2回避转弱弱收盘样本；v2回避人气转弱样本,v2
2026-05-20,,次日已审,低层级强势反哺,普通/不推送走强,low_level_winner,不推送 后来走强，原因反哺：当日上涨、站上20日线且不过热、近5日趋势升温,97,600246,万通发展,不推送,未入快策略,,2026-05-20,0,common_index_cache,20,19.71,-0.07,4.76,6.25,4.76,5.37,3.87,5.44,3.95,12.03,intraday_0950,2026-05-20 09:50:00,当日上涨；近5日趋势升温；站上20日线且不过热；震荡市里保持相对强势,上影线偏长；后段人气股在偏弱环境里更谨慎,v2
2026-05-20,,次日已审,低层级强势反哺,普通/不推送走强,low_level_winner,不推送 后来走强，原因反哺：当日上涨、持续霸榜、收在日内高位,75,300308,中际旭创,不推送,未入快策略,,2026-05-20,0,common_index_cache,20,19.6,-0.66,-6.9,-0.19,-6.9,2.44,4.16,3.11,4.85,7.5,intraday_0950,2026-05-20 09:50:00,当日上涨；收在日内高位；站上20日线且不过热；持续霸榜；震荡市里保持相对强势；震荡市里承接未失控,量能不足；热度可能进入后段；后段人气股在偏弱环境里更谨慎,v2
2026-05-20,,次日已审,低层级强势反哺,普通/不推送走强,low_level_winner,不推送 后来走强，原因反哺：人气Top50、人气排名明显上升、持续霸榜,35,002384,东山精密,不推送,未入快策略,,2026-05-20,0,common_index_cache,20,15.74,0.56,-6.76,1.36,-6.76,1.92,0.63,1.35,0.06,5.41,intraday_0950,2026-05-20 09:50:00,人气Top50；站上20日线且不过热；持续霸榜；人气排名明显上升；震荡市里保持相对强势,当日转弱；量能不足；热度可能进入后段；v2回避转弱弱收盘样本,v2
2026-05-20,,次日已审,低层级强势反哺,普通/不推送走强,low_level_winner,不推送 后来走强，原因反哺：人气Top20、人气排名明显上升、持续霸榜,17,600487,亨通光电,不推送,未入快策略,,2026-05-20,0,common_index_cache,20,15.32,-21.05,-27.38,-21.04,-27.38,-23.73,-28.63,-3.4,-9.61,-21.04,intraday_0950,2026-05-20 09:50:00,人气Top20；近5日强势延续；持续霸榜；人气排名明显上升；震荡市里保持相对强势,当日转弱；量能不足；短线涨幅偏高；偏离20日线较大；热度可能进入后段；v2回避转弱弱收盘样本,v2
2026-05-20,,次日已审,低层级强势反哺,普通/不推送走强,low_level_winner,不推送 后来走强，原因反哺：人气Top10、持续霸榜、收在日内高位,7,600745,*ST闻泰,不推送,未入快策略,,2026-05-20,0,common_index_cache,20,11.0,-5.0,5.0,5.0,5.0,6.31,17.19,11.91,23.36,17.19,intraday_0950,2026-05-20 09:50:00,人气Top10；收在日内高位；持续霸榜,当日转弱；量能不足；近5日趋势未确认；仍在20日线下方；热度可能进入后段；震荡市里相对走弱；市场健康度不足，收缩推送,v2
2026-05-20,,次日已审,低层级强势反哺,普通/不推送走强,low_level_winner,不推送 后来走强，原因反哺：震荡市里保持相对强势,87,603115,海星股份,不推送,未入快策略,,2026-05-20,0,common_index_cache,20,7.76,-13.31,-5.0,-3.58,-5.0,2.62,1.6,18.37,17.19,9.61,intraday_0950,2026-05-20 09:50:00,震荡市里保持相对强势,当日转弱；收盘承接偏弱；短线涨幅过热；远离20日线过多；后段人气股在偏弱环境里更谨慎；v2回避转弱弱收盘样本；v2回避前段过热样本,v2
2026-05-20,,次日已审,低层级强势反哺,普通/不推送走强,low_level_winner,不推送 后来走强，原因反哺：人气Top10、当日上涨、持续霸榜,10,600584,长电科技,不推送,未入快策略,,2026-05-20,0,common_index_cache,20,6.58,-12.81,-12.87,-7.08,-12.87,4.51,12.32,19.87,28.83,23.71,intraday_0950,2026-05-20 09:50:00,人气Top10；当日上涨；近5日强势延续；持续霸榜；震荡市里保持相对强势,量能不足；短线涨幅偏高；远离20日线过多；热度可能进入后段；上影线偏长,v2
2026-05-20,,次日已审,低层级强势反哺,普通/不推送走强,low_level_winner,不推送 后来走强，原因反哺：人气Top50、持续霸榜、收在日内高位,50,002156,通富微电,不推送,未入快策略,,2026-05-20,0,common_index_cache,20,3.81,-1.28,-4.74,3.17,-4.74,7.64,10.33,9.04,11.76,21.2,intraday_0950,2026-05-20 09:50:00,人气Top50；收在日内高位；近5日趋势升温；站上20日线且不过热；持续霸榜；震荡市里保持相对强势；震荡市里承接未失控,量能不足；热度可能进入后段,v2
2026-05-20,,次日已审,低层级强势反哺,普通/不推送走强,low_level_winner,不推送 后来走强，原因反哺：连续上榜确认,92,603778,国晟科技,不推送,未入快策略,,2026-05-20,0,common_index_cache,20,3.35,51.43,47.76,53.29,47.76,33.54,17.58,-11.81,-22.35,53.29,intraday_0950,2026-05-20 09:50:00,连续上榜确认,近5日趋势未确认；仍在20日线下方；人气排名明显回落；震荡市里相对走弱；后段人气股在偏弱环境里更谨慎；市场健康度不足，收缩推送,v2
2026-05-20,,次日已审,低层级强势反哺,普通/不推送走强,low_level_winner,不推送 后来走强，原因反哺：人气Top50、持续霸榜、站上20日线且不过热,33,603629,利通电子,不推送,未入快策略,,2026-05-20,0,common_index_cache,20,2.71,10.78,11.78,12.09,11.78,25.72,33.23,13.48,20.27,34.98,intraday_0950,2026-05-20 09:50:00,人气Top50；站上20日线且不过热；持续霸榜,当日转弱；收盘承接偏弱；量能不足；近5日趋势未确认；热度可能进入后段；震荡市里相对走弱；市场健康度不足，收缩推送；v2回避转弱弱收盘样本,v2
2026-05-20,,次日已审,低层级强势反哺,普通/不推送走强,low_level_winner,不推送 后来走强，原因反哺：站上20日线且不过热、近5日趋势升温、震荡市里保持相对强势,82,002364,中恒电气,不推送,未入快策略,,2026-05-20,0,common_index_cache,20,1.58,1.9,-3.93,5.28,-3.93,9.91,10.92,7.86,8.86,15.42,intraday_0950,2026-05-20 09:50:00,近5日趋势升温；站上20日线且不过热；震荡市里保持相对强势,当日转弱；收盘承接偏弱；量能不足；人气排名明显回落；后段人气股在偏弱环境里更谨慎；v2回避转弱弱收盘样本；v2回避人气转弱样本,v2
2026-05-20,,次日已审,低层级强势反哺,普通/不推送走强,low_level_winner,不推送 后来走强，原因反哺：人气Top50、当日上涨、站上20日线且不过热,37,002407,多氟多,不推送,未入快策略,,2026-05-20,0,common_index_cache,20,0.81,9.25,6.94,15.02,6.94,0.71,-6.21,-7.82,-14.15,15.02,intraday_0950,2026-05-20 09:50:00,人气Top50；当日上涨；近5日趋势升温；站上20日线且不过热；连续上榜确认；震荡市里保持相对强势,量能不足,v2
2026-05-20,,次日已审,低层级强势反哺,普通/不推送走强,low_level_winner,不推送 后来走强，原因反哺：连续上榜确认,51,002149,西部材料,不推送,未入快策略,,2026-05-20,0,common_index_cache,20,-2.56,11.93,13.82,15.76,13.82,13.55,6.44,1.45,-4.9,20.04,intraday_0950,2026-05-20 09:50:00,连续上榜确认,当日转弱；收盘承接偏弱；量能不足；近5日趋势未确认；仍在20日线下方；震荡市里相对走弱；后段人气股在偏弱环境里更谨慎；市场健康度不足，收缩推送；v2回避转弱弱收盘样本；v2回避人气转弱样本,v2
2026-05-20,,次日已审,低层级强势反哺,普通/不推送走强,low_level_winner,不推送 后来走强，原因反哺：人气Top20、持续霸榜、震荡市里保持相对强势,11,600578,京能电力,不推送,未入快策略,,2026-05-20,0,common_index_cache,20,-5.2,-16.9,-3.31,-3.31,-3.31,6.86,14.66,28.59,37.98,16.9,intraday_0950,2026-05-20 09:50:00,人气Top20；持续霸榜；震荡市里保持相对强势,收盘承接偏弱；量能不足；短线涨幅过热；远离20日线过多；热度可能进入后段；上影线偏长,v2
2026-05-20,,次日已审,低层级强势反哺,普通/不推送走强,low_level_winner,不推送 后来走强，原因反哺：收盘承接较强、站上20日线且不过热、近5日趋势升温,91,300274,阳光电源,不推送,未入快策略,,2026-05-20,0,common_index_cache,20,-6.65,4.71,3.51,8.28,3.51,4.68,15.22,-0.04,10.04,19.99,intraday_0950,2026-05-20 09:50:00,收盘承接较强；近5日趋势升温；站上20日线且不过热；震荡市里保持相对强势；震荡市里承接未失控,量能不足；人气排名明显回落；后段人气股在偏弱环境里更谨慎,v2
2026-05-20,,次日已审,低层级强势反哺,普通/不推送走强,low_level_winner,不推送 后来走强，原因反哺：人气Top50、人气排名明显上升、当日上涨,31,001259,利仁科技,不推送,未入快策略,,2026-05-20,0,common_index_cache,20,-9.06,6.67,15.91,16.67,15.91,-6.15,-1.5,-12.02,-7.67,18.54,intraday_0950,2026-05-20 09:50:00,人气Top50；当日上涨；放量仍可控；连续上榜确认；人气排名明显上升；震荡市里保持相对强势,短线涨幅过热；远离20日线过多；v2回避中后段放量追高样本；v2回避前段过热样本,v2
2026-05-20,,次日已审,低层级强势反哺,普通/不推送走强,low_level_winner,不推送 后来走强，原因反哺：人气Top50、站上20日线且不过热、连续上榜确认,49,603601,再升科技,不推送,未入快策略,,2026-05-20,0,common_index_cache,20,-9.37,2.24,4.14,4.31,4.14,10.69,22.87,8.26,20.18,26.38,intraday_0950,2026-05-20 09:50:00,人气Top50；站上20日线且不过热；连续上榜确认,当日转弱；量能不足；近5日趋势未确认；人气排名明显回落；震荡市里相对走弱；市场健康度不足，收缩推送；v2回避转弱弱收盘样本；v2回避人气转弱样本,v2
2026-05-20,,次日已审,低层级强势反哺,普通/不推送走强,low_level_winner,不推送 后来走强，原因反哺：人气Top20、人气排名明显上升、收在日内高位,16,300394,天孚通信,不推送,未入快策略,,2026-05-20,0,common_index_cache,20,-10.46,-30.18,-34.65,-29.33,-34.65,-23.08,-16.9,10.16,19.03,11.48,intraday_0950,2026-05-20 09:50:00,人气Top20；收在日内高位；近5日强势延续；站上20日线且不过热；人气排名明显上升；震荡市里保持相对强势；震荡市里承接未失控,量能不足；短线涨幅偏高；v2回避前段过热样本,v2
2026-05-20,,次日已审,低层级强势反哺,普通/不推送走强,low_level_winner,不推送 后来走强，原因反哺：温和放量、近5日趋势升温、震荡市里保持相对强势,88,603316,诚邦股份,不推送,未入快策略,,2026-05-20,0,common_index_cache,20,-10.57,9.58,17.56,17.56,17.56,11.13,-10.01,1.42,-17.87,20.71,intraday_0950,2026-05-20 09:50:00,温和放量；近5日趋势升温；震荡市里保持相对强势,当日转弱；收盘承接偏弱；偏离20日线较大；后段人气股在偏弱环境里更谨慎；v2回避转弱弱收盘样本,v2
2026-05-20,,次日已审,低层级强势反哺,普通/不推送走强,low_level_winner,普通观察 后来走强，原因反哺：人气Top10、当日上涨、站上20日线且不过热,6,000021,深科技,普通观察,已入快策略,,2026-05-20,0,common_index_cache,20,10.39,-1.67,-7.0,0.51,-7.0,5.3,12.58,7.09,14.5,20.43,intraday_0950,2026-05-20 09:50:00,人气Top10；当日上涨；近5日趋势升温；站上20日线且不过热；连续上榜确认；震荡市里保持相对强势,-,v2
2026-05-20,,次日已审,低层级强势反哺,普通/不推送走强,low_level_winner,不推送 后来走强，原因反哺：人气Top50、收盘承接较强、连续上榜确认,36,603986,兆易创新,不推送,已入快策略,,2026-05-20,0,common_index_cache,20,9.03,-17.35,-19.79,-13.66,-19.79,-4.21,-4.34,15.89,15.74,2.85,intraday_0950,2026-05-20 09:50:00,人气Top50；收盘承接较强；连续上榜确认；震荡市里保持相对强势；震荡市里承接未失控,量能不足；短线涨幅过热；远离20日线过多；人气排名明显回落,v2
2026-05-20,,次日已审,低层级强势反哺,普通/不推送走强,low_level_winner,不推送 后来走强，原因反哺：人气Top50、温和放量、站上20日线且不过热,43,600863,华能蒙电,不推送,已入快策略,,2026-05-20,0,common_index_cache,20,-8.68,-16.72,-10.29,-5.47,-10.29,-4.66,7.88,14.48,29.54,7.88,intraday_0950,2026-05-20 09:50:00,人气Top50；温和放量；近5日强势延续；站上20日线且不过热；震荡市里保持相对强势,当日转弱；短线涨幅偏高；v2回避转弱弱收盘样本；v2回避前段过热样本,v2
2026-05-20,,次日已审,低层级强势反哺,普通/不推送走强,low_level_winner,不推送 后来走强，原因反哺：人气Top10、人气排名明显上升、连续上榜确认,9,002131,利欧股份,不推送,已入快策略,,2026-05-20,0,common_index_cache,20,-12.56,13.05,7.67,17.78,7.67,4.24,-3.75,-7.79,-14.86,17.78,intraday_0950,2026-05-20 09:50:00,人气Top10；连续上榜确认；人气排名明显上升,当日转弱；收盘承接偏弱；量能不足；近5日趋势未确认；仍在20日线下方；震荡市里相对走弱；市场健康度不足，收缩推送；v2回避转弱弱收盘样本,v2
2026-05-19,2026-05-12,次日已审,快策略候选,优先成功,priority_success,下个交易日主盯 后续最高表现达到 29.21%，保留这类命中特征。,16,603986,兆易创新,观察池,下个交易日主盯,70.53,2026-05-18,1,common_index_cache,21,9.03,-24.23,-17.35,-17.35,-17.35,-12.93,-2.1,14.91,29.21,0.1,intraday_0950,2026-05-19 09:50:00,人气Top20；当日涨停附近；收在日内高位；站上20日线且不过热；连续上榜确认；震荡市里保持相对强势；震荡市里承接未失控,涨停封板不可买,v2
2026-05-19,2026-05-12,次日已审,快策略候选,优先成功,priority_success,下个交易日主盯 后续最高表现达到 32.99%，保留这类命中特征。,15,002421,达实智能,观察池,下个交易日主盯,63.62,2026-05-18,1,common_index_cache,21,-1.29,10.05,10.05,10.05,10.05,12.37,19.85,2.11,8.9,32.99,intraday_0950,2026-05-19 09:50:00,人气Top20；当日涨停附近；收在日内高位；站上20日线且不过热；连续上榜确认；人气排名明显上升；震荡市里保持相对强势；震荡市里承接未失控,一字或近似一字，参与点差；一字板不可买,v2
2026-05-19,2026-05-12,次日已审,快策略候选,优先走弱,priority_failed,下个交易日主盯 未兑现，复盘风险项：-,3,002208,合肥城建,普通观察,下个交易日主盯,75.25,2026-05-18,1,common_index_cache,21,-28.42,-2.16,5.37,7.33,5.37,-11.77,-23.05,-9.82,-21.35,7.33,intraday_0950,2026-05-19 09:50:00,人气Top3；当日强涨；站上20日线且不过热；连续上榜确认；震荡市里保持相对强势,-,v2
2026-05-19,2026-05-12,次日已审,快策略候选,优先走弱,priority_failed,下个交易日主盯 未兑现，复盘风险项：涨停封板不可买,27,300657,弘信电子,观察池,下个交易日主盯,66.92,2026-05-18,1,common_index_cache,21,-8.18,7.7,-0.92,12.42,-0.92,-3.51,-10.62,-10.41,-17.01,12.42,intraday_0950,2026-05-19 09:50:00,人气Top50；当日涨停附近；收在日内高位；站上20日线且不过热；连续上榜确认；震荡市里保持相对强势；震荡市里承接未失控,涨停封板不可买,v2
2026-05-19,2026-05-12,次日已审,快策略候选,优先走弱,priority_failed,下个交易日主盯 未兑现，复盘风险项：涨停封板不可买,47,300302,同有科技,观察池,下个交易日主盯,62.42,2026-05-18,1,common_index_cache,20,-22.26,-6.38,-6.77,-4.27,-6.77,-13.14,-25.76,-7.22,-20.7,-1.6,intraday_0950,2026-05-19 09:50:00,人气Top50；当日涨停附近；收盘承接较强；站上20日线且不过热；人气排名明显上升；震荡市里保持相对强势；震荡市里承接未失控,涨停封板不可买,v2
2026-05-19,2026-05-12,次日已审,快策略候选,优先走弱,priority_failed,下个交易日主盯 未兑现，复盘风险项：一字或近似一字，参与点差；一字板不可买,29,603082,北自科技,观察池,下个交易日主盯,58.23,2026-05-18,1,common_index_cache,21,-27.12,-10.0,-10.0,0.23,-10.0,-16.51,-17.98,-7.23,-8.86,0.23,intraday_0950,2026-05-19 09:50:00,人气Top50；当日涨停附近；收在日内高位；站上20日线且不过热；连续上榜确认；震荡市里保持相对强势；震荡市里承接未失控,一字或近似一字，参与点差；一字板不可买,v2
2026-05-19,2026-05-12,次日已审,快策略候选,暂未强势,neutral,继续等待更多交易日或降低权重。,7,000021,深科技,观察池,下个交易日主盯,86.12,2026-05-18,1,common_index_cache,21,6.87,-4.96,-6.28,-0.95,-6.28,-6.58,5.93,-1.7,11.45,11.86,intraday_0950,2026-05-19 09:50:00,人气Top10；当日涨停附近；收在日内高位；站上20日线且不过热；连续上榜确认；震荡市里保持相对强势；震荡市里承接未失控,涨停封板不可买,v2
2026-05-19,2026-05-12,次日已审,快策略候选,暂未强势,neutral,继续等待更多交易日或降低权重。,5,601991,大唐发电,不推送,下个交易日主盯,72.33,2026-05-18,1,common_index_cache,21,11.48,-7.69,-7.94,-0.12,-7.94,-15.87,-12.58,-8.86,-5.29,-0.12,intraday_0950,2026-05-19 09:50:00,人气Top10；当日上涨；收盘承接较强；站上20日线且不过热；持续霸榜；震荡市里保持相对强势；震荡市里承接未失控,热度可能进入后段,v2
2026-05-19,2026-05-12,次日已审,快策略候选,暂未强势,neutral,继续等待更多交易日或降低权重。,14,600396,华电辽能,不推送,下个交易日主盯,56.73,2026-05-18,1,common_index_cache,21,8.47,-5.24,-11.4,-5.24,-11.4,-11.27,2.86,-6.37,8.55,7.25,intraday_0950,2026-05-19 09:50:00,人气Top20；当日上涨；收盘承接较强；站上20日线且不过热；持续霸榜；震荡市里保持相对强势；震荡市里承接未失控,热度可能进入后段,v2
2026-05-19,2026-05-12,次日已审,快策略候选,优先成功,priority_success,优先观察 后续最高表现达到 15.20%，保留这类命中特征。,9,000988,华工科技,不推送,优先观察,50.25,2026-05-18,1,common_index_cache,21,11.74,3.64,6.93,11.82,6.93,2.27,11.61,-1.33,7.69,15.2,intraday_0950,2026-05-19 09:50:00,人气Top10；当日上涨；站上20日线且不过热；持续霸榜；人气排名明显上升；震荡市里保持相对强势,热度可能进入后段；上影线偏长,v2
2026-05-19,2026-05-12,次日已审,快策略候选,优先成功,priority_success,优先观察 后续最高表现达到 22.77%，保留这类命中特征。,64,001259,利仁科技,观察池,优先观察,49.05,2026-05-18,1,common_index_cache,21,-5.82,9.83,9.83,9.83,9.83,8.02,0.11,-1.65,-8.85,22.77,intraday_0950,2026-05-19 09:50:00,当日涨停附近；收在日内高位；站上20日线且不过热；震荡市里保持相对强势；震荡市里承接未失控,后段人气股在偏弱环境里更谨慎；涨停封板不可买,v2
2026-05-19,2026-05-12,次日已审,快策略候选,优先走弱,priority_failed,优先观察 未兑现，复盘风险项：当日转弱；热度可能进入后段；震荡市里相对走弱,1,002342,巨力索具,不推送,优先观察,50.9,2026-05-18,1,common_index_cache,21,-34.82,-10.04,-9.78,-0.06,-9.78,-16.39,-22.94,-7.06,-14.34,-0.06,intraday_0950,2026-05-19 09:50:00,人气Top3；收在日内高位；站上20日线且不过热；持续霸榜,当日转弱；热度可能进入后段；震荡市里相对走弱,v2
2026-05-19,2026-05-12,次日已审,快策略候选,优先走弱,priority_failed,优先观察 未兑现，复盘风险项：后段人气股在偏弱环境里更谨慎；涨停封板不可买,80,600850,电科数字,观察池,优先观察,49.05,2026-05-18,1,common_index_cache,21,-11.68,2.18,-0.04,6.26,-0.04,-3.6,1.51,-5.65,-0.65,6.26,intraday_0950,2026-05-19 09:50:00,当日涨停附近；收在日内高位；站上20日线且不过热；震荡市里保持相对强势；震荡市里承接未失控,后段人气股在偏弱环境里更谨慎；涨停封板不可买,v2
2026-05-19,2026-05-12,次日已审,快策略候选,优先走弱,priority_failed,优先观察 未兑现，复盘风险项：后段人气股在偏弱环境里更谨慎；涨停封板不可买,92,003018,金富科技,观察池,优先观察,49.05,2026-05-18,1,common_index_cache,21,-13.5,-7.36,-2.4,0.0,-2.4,-6.93,-10.91,0.47,-3.83,0.0,intraday_0950,2026-05-19 09:50:00,当日涨停附近；收在日内高位；站上20日线且不过热；震荡市里保持相对强势；震荡市里承接未失控,后段人气股在偏弱环境里更谨慎；涨停封板不可买,v2
2026-05-19,2026-05-12,次日已审,快策略候选,优先走弱,priority_failed,优先观察 未兑现，复盘风险项：后段人气股在偏弱环境里更谨慎；涨停封板不可买,98,600903,贵州燃气,观察池,优先观察,49.05,2026-05-18,1,common_index_cache,21,-17.03,6.09,1.34,9.91,1.34,7.43,3.51,1.26,-2.43,9.91,intraday_0950,2026-05-19 09:50:00,当日涨停附近；收在日内高位；站上20日线且不过热；震荡市里保持相对强势；震荡市里承接未失控,后段人气股在偏弱环境里更谨慎；涨停封板不可买,v2
2026-05-19,2026-05-12,次日已审,快策略候选,优先走弱,priority_failed,优先观察 未兑现，复盘风险项：当日转弱；热度可能进入后段；震荡市里相对走弱,6,600759,ST洲际,不推送,优先观察,48.2,2026-05-18,1,common_index_cache,21,-13.57,-5.0,5.0,5.0,5.0,-5.36,-13.21,-0.38,-8.65,5.0,intraday_0950,2026-05-19 09:50:00,人气Top10；收在日内高位；站上20日线且不过热；持续霸榜,当日转弱；热度可能进入后段；震荡市里相对走弱,v2
2026-05-19,2026-05-12,次日已审,快策略候选,暂未强势,neutral,继续等待更多交易日或降低权重。,66,920096,嘉晨智能,观察池,备选观察,46.35,2026-05-18,1,common_index_cache,21,-41.5,-11.17,1.02,7.76,1.02,-24.0,-36.64,-14.44,-28.67,7.76,intraday_0950,2026-05-19 09:50:00,当日涨停附近；收盘承接较强；站上20日线且不过热；震荡市里保持相对强势；震荡市里承接未失控,后段人气股在偏弱环境里更谨慎；涨停封板不可买,v2
2026-05-19,2026-05-12,次日已审,快策略候选,暂未强势,neutral,继续等待更多交易日或降低权重。,37,002131,利欧股份,不推送,备选观察,44.73,2026-05-18,1,common_index_cache,21,-28.15,-2.95,-7.51,-2.01,-7.51,-11.26,-17.29,-8.56,-14.78,-2.01,intraday_0950,2026-05-19 09:50:00,人气Top50；当日强涨；收盘承接较强；站上20日线且不过热；人气排名明显上升；震荡市里保持相对强势；震荡市里承接未失控,-,v2
2026-05-19,2026-05-12,次日已审,快策略候选,暂未强势,neutral,继续等待更多交易日或降低权重。,32,001365,天海电子,不推送,备选观察,44.73,2026-05-18,1,common_index_cache,21,-42.8,-7.51,-2.46,-0.13,-2.46,-16.48,-30.28,-9.69,-24.62,4.51,intraday_0950,2026-05-19 09:50:00,人气Top50；当日上涨；收盘承接较强；站上20日线且不过热；连续上榜确认；人气排名明显上升；震荡市里保持相对强势；震荡市里承接未失控,-,v2
2026-05-19,2026-05-12,次日已审,快策略候选,备选走强,backup_success,备选观察 后续最高表现达到 28.71%，保留这类命中特征。,91,600186,莲花控股,不推送,备选观察,45.15,2026-05-18,1,common_index_cache,21,28.71,1.84,-3.16,4.04,-3.16,3.16,15.8,1.29,13.71,20.28,intraday_0950,2026-05-19 09:50:00,当日强涨；收在日内高位；站上20日线且不过热；持续霸榜；震荡市里保持相对强势；震荡市里承接未失控,热度可能进入后段；后段人气股在偏弱环境里更谨慎,v2
2026-05-19,,次日已审,低层级强势反哺,普通/不推送走强,low_level_winner,不推送 后来走强，原因反哺：人气Top50、人气排名明显上升、站上20日线且不过热,43,600183,生益科技,不推送,未入快策略,,2026-05-19,0,common_index_cache,21,85.68,1.74,2.82,4.69,2.82,10.5,31.28,8.61,29.03,31.28,intraday_0950,2026-05-19 09:50:00,人气Top50；近5日趋势升温；站上20日线且不过热；人气排名明显上升；震荡市里保持相对强势,当日转弱；收盘承接偏弱；量能不足；v2回避转弱弱收盘样本,v2
2026-05-19,,次日已审,低层级强势反哺,普通/不推送走强,low_level_winner,不推送 后来走强，原因反哺：人气Top50、持续霸榜,41,600487,亨通光电,不推送,未入快策略,,2026-05-19,0,common_index_cache,21,61.13,8.43,10.0,13.41,10.0,6.04,0.75,-2.21,-7.08,13.41,intraday_0950,2026-05-19 09:50:00,人气Top50；持续霸榜,当日转弱；收盘承接偏弱；量能不足；近5日趋势未确认；热度可能进入后段；震荡市里相对走弱；市场健康度不足，收缩推送；v2回避转弱弱收盘样本,v2
2026-05-19,,次日已审,低层级强势反哺,普通/不推送走强,low_level_winner,不推送 后来走强，原因反哺：人气Top50、人气排名明显上升、站上20日线且不过热,48,600667,太极实业,不推送,未入快策略,,2026-05-19,0,common_index_cache,21,50.12,3.0,8.05,9.87,8.05,-0.47,4.74,-3.37,1.69,9.94,intraday_0950,2026-05-19 09:50:00,人气Top50；站上20日线且不过热；连续上榜确认；人气排名明显上升；震荡市里保持相对强势,当日转弱；收盘承接偏弱；量能不足；v2回避转弱弱收盘样本,v2
2026-05-19,,次日已审,低层级强势反哺,普通/不推送走强,low_level_winner,不推送 后来走强，原因反哺：人气Top20、持续霸榜、站上20日线且不过热,17,600584,长电科技,不推送,未入快策略,,2026-05-19,0,common_index_cache,21,42.32,4.06,15.27,16.43,15.27,26.86,53.51,21.91,47.52,53.51,intraday_0950,2026-05-19 09:50:00,人气Top20；站上20日线且不过热；持续霸榜；震荡市里保持相对强势,当日转弱；量能不足；热度可能进入后段；v2回避转弱弱收盘样本；v2回避人气转弱样本,v2
2026-05-19,,次日已审,低层级强势反哺,普通/不推送走强,low_level_winner,不推送 后来走强，原因反哺：站上20日线且不过热,95,603618,杭电股份,不推送,未入快策略,,2026-05-19,0,common_index_cache,21,41.53,5.28,16.5,16.5,16.5,10.89,-3.8,5.33,-8.63,21.75,intraday_0950,2026-05-19 09:50:00,站上20日线且不过热,当日转弱；收盘承接偏弱；量能不足；近5日趋势未确认；人气排名明显回落；震荡市里相对走弱；后段人气股在偏弱环境里更谨慎；市场健康度不足，收缩推送；v2回避转弱弱收盘样本；v2回避人气转弱样本,v2
2026-05-19,,次日已审,低层级强势反哺,普通/不推送走强,low_level_winner,不推送 后来走强，原因反哺：人气Top3、人气排名明显上升、站上20日线且不过热,2,300433,蓝思科技,不推送,未入快策略,,2026-05-19,0,common_index_cache,21,37.51,-0.11,-2.5,0.64,-2.5,3.11,3.33,3.23,3.44,8.67,intraday_0950,2026-05-19 09:50:00,人气Top3；近5日趋势升温；站上20日线且不过热；连续上榜确认；人气排名明显上升；震荡市里保持相对强势,当日转弱；收盘承接偏弱；量能不足；Top3高热度拥挤，次日兑现风险；v2回避转弱弱收盘样本,v2
2026-05-19,,次日已审,低层级强势反哺,普通/不推送走强,low_level_winner,不推送 后来走强，原因反哺：人气Top50、站上20日线且不过热、近5日趋势升温,49,002409,雅克科技,不推送,未入快策略,,2026-05-19,0,common_index_cache,21,34.51,5.32,9.35,11.55,9.35,5.66,11.76,0.32,6.11,16.25,intraday_0950,2026-05-19 09:50:00,人气Top50；近5日趋势升温；站上20日线且不过热；连续上榜确认；震荡市里保持相对强势,当日转弱；收盘承接偏弱；量能不足；人气排名明显回落；v2回避转弱弱收盘样本；v2回避人气转弱样本,v2
2026-05-19,,次日已审,低层级强势反哺,普通/不推送走强,low_level_winner,不推送 后来走强，原因反哺：人气Top50、人气排名明显上升、收盘承接较强,45,002185,华天科技,不推送,未入快策略,,2026-05-19,0,common_index_cache,21,29.59,2.93,7.89,14.01,7.89,4.83,26.87,1.85,23.27,26.87,intraday_0950,2026-05-19 09:50:00,人气Top50；收盘承接较强；站上20日线且不过热；连续上榜确认；人气排名明显上升；震荡市里保持相对强势；震荡市里承接未失控,量能不足,v2
2026-05-19,,次日已审,低层级强势反哺,普通/不推送走强,low_level_winner,不推送 后来走强，原因反哺：人气Top20、持续霸榜、站上20日线且不过热,13,600522,中天科技,不推送,未入快策略,,2026-05-19,0,common_index_cache,21,28.84,4.53,6.55,11.22,6.55,2.82,-5.02,-1.64,-9.14,11.22,intraday_0950,2026-05-19 09:50:00,人气Top20；站上20日线且不过热；持续霸榜,当日转弱；收盘承接偏弱；量能不足；近5日趋势未确认；热度可能进入后段；震荡市里相对走弱；市场健康度不足，收缩推送；v2回避转弱弱收盘样本,v2
2026-05-19,,次日已审,低层级强势反哺,普通/不推送走强,low_level_winner,不推送 后来走强，原因反哺：持续霸榜、站上20日线且不过热,77,300308,中际旭创,不推送,未入快策略,,2026-05-19,0,common_index_cache,21,27.3,1.66,3.45,6.84,3.45,3.55,10.03,1.85,8.23,10.73,intraday_0950,2026-05-19 09:50:00,站上20日线且不过热；持续霸榜,当日转弱；收盘承接偏弱；量能不足；近5日趋势未确认；热度可能进入后段；震荡市里相对走弱；后段人气股在偏弱环境里更谨慎；市场健康度不足，收缩推送；v2回避转弱弱收盘样本,v2
2026-05-19,,次日已审,低层级强势反哺,普通/不推送走强,low_level_winner,不推送 后来走强，原因反哺：站上20日线且不过热,82,600105,永鼎股份,不推送,未入快策略,,2026-05-19,0,common_index_cache,21,27.04,1.79,1.95,3.66,1.95,-4.73,-6.81,-6.41,-8.45,3.66,intraday_0950,2026-05-19 09:50:00,站上20日线且不过热,当日转弱；量能不足；近5日趋势未确认；人气排名明显回落；震荡市里相对走弱；后段人气股在偏弱环境里更谨慎；市场健康度不足，收缩推送；v2回避转弱弱收盘样本；v2回避人气转弱样本,v2
2026-05-19,,次日已审,低层级强势反哺,普通/不推送走强,low_level_winner,不推送 后来走强，原因反哺：持续霸榜、站上20日线且不过热,71,002384,东山精密,不推送,未入快策略,,2026-05-19,0,common_index_cache,21,26.86,8.68,10.11,11.38,10.11,8.9,9.22,0.2,0.5,12.71,intraday_0950,2026-05-19 09:50:00,站上20日线且不过热；持续霸榜,当日转弱；收盘承接偏弱；量能不足；近5日趋势未确认；热度可能进入后段；震荡市里相对走弱；后段人气股在偏弱环境里更谨慎；市场健康度不足，收缩推送；v2回避转弱弱收盘样本,v2
2026-05-19,,次日已审,低层级强势反哺,普通/不推送走强,low_level_winner,不推送 后来走强，原因反哺：站上20日线且不过热,72,002491,通鼎互联,不推送,未入快策略,,2026-05-19,0,common_index_cache,21,24.72,1.91,4.91,8.08,4.91,-0.96,-5.52,-2.81,-7.29,8.08,intraday_0950,2026-05-19 09:50:00,站上20日线且不过热,当日转弱；收盘承接偏弱；量能不足；近5日趋势未确认；震荡市里相对走弱；后段人气股在偏弱环境里更谨慎；市场健康度不足，收缩推送；v2回避转弱弱收盘样本；v2回避人气转弱样本,v2
2026-05-19,,次日已审,低层级强势反哺,普通/不推送走强,low_level_winner,不推送 后来走强，原因反哺：人气Top50、站上20日线且不过热、近5日强势延续,44,002980,华盛昌,不推送,未入快策略,,2026-05-19,0,common_index_cache,21,19.69,-2.33,5.83,7.61,5.83,10.94,10.1,13.59,12.73,27.31,intraday_0950,2026-05-19 09:50:00,人气Top50；近5日强势延续；站上20日线且不过热；震荡市里保持相对强势,当日转弱；量能不足；短线涨幅偏高；v2回避前段过热样本,v2
2026-05-19,,次日已审,低层级强势反哺,普通/不推送走强,low_level_winner,不推送 后来走强，原因反哺：持续霸榜、站上20日线且不过热,51,002156,通富微电,不推送,未入快策略,,2026-05-19,0,common_index_cache,21,18.66,3.27,9.8,12.55,9.8,11.84,32.94,8.31,28.74,35.36,intraday_0950,2026-05-19 09:50:00,站上20日线且不过热；持续霸榜,当日转弱；收盘承接偏弱；量能不足；近5日趋势未确认；热度可能进入后段；人气排名明显回落；震荡市里相对走弱；后段人气股在偏弱环境里更谨慎；市场健康度不足，收缩推送；v2回避转弱弱收盘样本；v2回避人气转弱样本,v2
2026-05-19,,次日已审,低层级强势反哺,普通/不推送走强,low_level_winner,不推送 后来走强，原因反哺：人气Top50、人气排名明显上升、持续霸榜,33,002281,光迅科技,不推送,未入快策略,,2026-05-19,0,common_index_cache,21,15.1,8.92,12.44,17.38,12.44,2.67,-1.68,-5.74,-9.73,17.38,intraday_0950,2026-05-19 09:50:00,人气Top50；持续霸榜；人气排名明显上升；震荡市里保持相对强势,收盘承接偏弱；量能不足；偏离20日线较大；热度可能进入后段；上影线偏长,v2
2026-05-19,,次日已审,低层级强势反哺,普通/不推送走强,low_level_winner,不推送 后来走强，原因反哺：人气Top50、人气排名明显上升、温和放量,34,601133,柏诚股份,不推送,未入快策略,,2026-05-19,0,common_index_cache,21,11.22,0.57,11.82,11.82,11.82,10.78,4.2,10.15,3.61,19.74,intraday_0950,2026-05-19 09:50:00,人气Top50；温和放量；近5日趋势升温；站上20日线且不过热；连续上榜确认；人气排名明显上升；震荡市里保持相对强势,当日转弱；收盘承接偏弱；v2回避转弱弱收盘样本,v2
2026-05-19,,次日已审,低层级强势反哺,普通/不推送走强,low_level_winner,不推送 后来走强，原因反哺：持续霸榜、站上20日线且不过热,83,002297,博云新材,不推送,未入快策略,,2026-05-19,0,common_index_cache,21,7.69,-0.17,-1.59,0.08,-1.59,11.03,9.94,11.21,10.13,22.14,intraday_0950,2026-05-19 09:50:00,站上20日线且不过热；持续霸榜,当日转弱；收盘承接偏弱；量能不足；近5日趋势未确认；热度可能进入后段；人气排名明显回落；震荡市里相对走弱；后段人气股在偏弱环境里更谨慎；市场健康度不足，收缩推送；v2回避转弱弱收盘样本；v2回避人气转弱样本,v2
2026-05-19,,次日已审,低层级强势反哺,普通/不推送走强,low_level_winner,不推送 后来走强，原因反哺：人气Top20、站上20日线且不过热、近5日趋势升温,19,002407,多氟多,不推送,未入快策略,,2026-05-19,0,common_index_cache,21,4.91,-0.46,10.96,10.96,10.96,16.44,-1.06,16.99,-0.6,19.69,intraday_0950,2026-05-19 09:50:00,人气Top20；近5日趋势升温；站上20日线且不过热；连续上榜确认；震荡市里保持相对强势,当日转弱；收盘承接偏弱；量能不足；v2回避转弱弱收盘样本；v2回避人气转弱样本,v2
2026-05-19,,次日已审,低层级强势反哺,普通/不推送走强,low_level_winner,不推送 后来走强，原因反哺：人气排名明显上升,62,603778,国晟科技,不推送,未入快策略,,2026-05-19,0,common_index_cache,21,3.35,49.07,54.72,55.28,54.72,48.39,20.19,-0.46,-19.37,55.28,intraday_0950,2026-05-19 09:50:00,人气排名明显上升,量能不足；近5日趋势未确认；仍在20日线下方；震荡市里相对走弱；后段人气股在偏弱环境里更谨慎；市场健康度不足，收缩推送,v2
2026-05-19,,次日已审,低层级强势反哺,普通/不推送走强,low_level_winner,不推送 后来走强，原因反哺：人气Top20、温和放量、连续上榜确认,11,600578,京能电力,不推送,未入快策略,,2026-05-19,0,common_index_cache,21,2.95,2.95,-4.49,3.85,-4.49,5.52,17.72,2.49,14.34,26.96,intraday_0950,2026-05-19 09:50:00,人气Top20；温和放量；连续上榜确认；震荡市里保持相对强势,短线涨幅过热；偏离20日线较大,v2
2026-05-19,,次日已审,低层级强势反哺,普通/不推送走强,low_level_winner,不推送 后来走强，原因反哺：当日上涨、收盘承接较强、震荡市里保持相对强势,57,688507,索辰科技,不推送,未入快策略,,2026-05-19,0,common_index_cache,21,2.69,-38.98,-34.64,-33.08,-34.64,-31.44,-19.2,12.35,32.41,-16.11,intraday_0950,2026-05-19 09:50:00,当日上涨；收盘承接较强；震荡市里保持相对强势；震荡市里承接未失控,量能不足；短线涨幅过热；远离20日线过多；后段人气股在偏弱环境里更谨慎；v2回避前段过热样本,v2
2026-05-19,,次日已审,低层级强势反哺,普通/不推送走强,low_level_winner,不推送 后来走强，原因反哺：震荡市里保持相对强势,52,688808,联讯仪器,不推送,未入快策略,,2026-05-19,0,common_index_cache,21,2.67,-37.98,-30.18,-29.74,-30.18,-22.2,-21.12,25.45,27.18,-15.82,intraday_0950,2026-05-19 09:50:00,震荡市里保持相对强势,当日转弱；收盘承接偏弱；量能不足；短线涨幅过热；远离20日线过多；后段人气股在偏弱环境里更谨慎；v2回避转弱弱收盘样本；v2回避前段过热样本,v2
2026-05-19,,次日已审,低层级强势反哺,普通/不推送走强,low_level_winner,不推送 后来走强，原因反哺：站上20日线且不过热,73,603459,红板科技,不推送,未入快策略,,2026-05-19,0,common_index_cache,21,2.19,-2.49,2.87,7.17,2.87,20.84,29.24,23.93,32.55,31.75,intraday_0950,2026-05-19 09:50:00,站上20日线且不过热,当日转弱；量能不足；近5日趋势未确认；震荡市里相对走弱；后段人气股在偏弱环境里更谨慎；市场健康度不足，收缩推送；v2回避转弱弱收盘样本；v2回避人气转弱样本,v2
2026-05-19,,次日已审,低层级强势反哺,普通/不推送走强,low_level_winner,不推送 后来走强，原因反哺：站上20日线且不过热、近5日趋势升温、连续上榜确认,65,002617,露笑科技,不推送,未入快策略,,2026-05-19,0,common_index_cache,21,1.9,3.24,6.14,7.7,6.14,2.12,11.5,-1.08,8.0,17.63,intraday_0950,2026-05-19 09:50:00,近5日趋势升温；站上20日线且不过热；连续上榜确认；震荡市里保持相对强势,当日转弱；量能不足；人气排名明显回落；后段人气股在偏弱环境里更谨慎；v2回避人气转弱样本,v2
2026-05-19,,次日已审,低层级强势反哺,普通/不推送走强,low_level_winner,不推送 后来走强，原因反哺：人气Top50、站上20日线且不过热、近5日趋势升温,40,002654,万润科技,不推送,未入快策略,,2026-05-19,0,common_index_cache,21,-1.1,11.3,11.77,11.77,11.77,2.9,-2.61,-7.55,-12.5,16.52,intraday_0950,2026-05-19 09:50:00,人气Top50；近5日趋势升温；站上20日线且不过热；震荡市里保持相对强势,当日转弱；收盘承接偏弱；v2回避转弱弱收盘样本,v2
2026-05-19,,次日已审,低层级强势反哺,普通/不推送走强,low_level_winner,不推送 后来走强，原因反哺：人气Top50、持续霸榜、站上20日线且不过热,30,603629,利通电子,不推送,未入快策略,,2026-05-19,0,common_index_cache,21,-2.93,1.75,6.71,6.75,6.71,15.07,24.66,13.1,22.52,27.56,intraday_0950,2026-05-19 09:50:00,人气Top50；近5日趋势升温；站上20日线且不过热；持续霸榜；震荡市里保持相对强势,当日转弱；量能不足；热度可能进入后段；v2回避转弱弱收盘样本,v2
2026-05-19,,次日已审,低层级强势反哺,普通/不推送走强,low_level_winner,不推送 后来走强，原因反哺：人气Top50、当日上涨、收盘承接较强,50,001393,维通利,不推送,未入快策略,,2026-05-19,0,common_index_cache,21,-41.24,-9.17,8.99,15.83,8.99,-16.18,-25.83,-7.72,-18.34,15.83,intraday_0950,2026-05-19 09:50:00,人气Top50；当日上涨；收盘承接较强；连续上榜确认；震荡市里保持相对强势；震荡市里承接未失控,量能不足；仍在20日线下方,v2
2026-05-19,,次日已审,低层级强势反哺,普通/不推送走强,low_level_winner,不推送 后来走强，原因反哺：当日强涨、持续霸榜、收在日内高位,91,600186,莲花控股,不推送,已入快策略,,2026-05-19,0,common_index_cache,21,28.71,1.84,-3.16,4.04,-3.16,3.16,15.8,1.29,13.71,20.28,intraday_0950,2026-05-19 09:50:00,当日强涨；收在日内高位；近5日趋势升温；站上20日线且不过热；持续霸榜；震荡市里保持相对强势；震荡市里承接未失控,热度可能进入后段；后段人气股在偏弱环境里更谨慎,v2
2026-05-19,,次日已审,低层级强势反哺,普通/不推送走强,low_level_winner,不推送 后来走强，原因反哺：人气Top10、人气排名明显上升、当日上涨,9,000988,华工科技,不推送,已入快策略,,2026-05-19,0,common_index_cache,21,11.74,3.64,6.93,11.82,6.93,2.27,11.61,-1.33,7.69,15.2,intraday_0950,2026-05-19 09:50:00,人气Top10；当日上涨；近5日趋势升温；站上20日线且不过热；持续霸榜；人气排名明显上升；震荡市里保持相对强势,热度可能进入后段；上影线偏长,v2
2026-05-19,,次日已审,低层级强势反哺,普通/不推送走强,low_level_winner,不推送 后来走强，原因反哺：人气Top20、收盘承接较强、连续上榜确认,16,603986,兆易创新,不推送,已入快策略,,2026-05-19,0,common_index_cache,21,9.03,-24.23,-17.35,-17.35,-17.35,-12.93,-2.1,14.91,29.21,0.1,intraday_0950,2026-05-19 09:50:00,人气Top20；收盘承接较强；连续上榜确认；震荡市里保持相对强势；震荡市里承接未失控,量能不足；短线涨幅过热；远离20日线过多；v2回避前段过热样本,v2
2026-05-18,2026-05-11,次日已审,快策略候选,优先成功,priority_success,下个交易日主盯 后续最高表现达到 40.51%，保留这类命中特征。,1,002208,合肥城建,观察池,下个交易日主盯,102.62,2026-05-15,3,common_index_cache,22,-6.29,25.27,33.9,33.9,33.9,24.15,7.68,-0.89,-14.04,40.51,intraday_0950,2026-05-18 09:50:00,人气Top3；当日涨停附近；收在日内高位；站上20日线且不过热；连续上榜确认；人气排名明显上升；震荡市里保持相对强势；震荡市里承接未失控,涨停封板不可买,v2
2026-05-18,2026-05-11,次日已审,快策略候选,优先成功,priority_success,下个交易日主盯 后续最高表现达到 41.94%，保留这类命中特征。,2,603986,兆易创新,观察池,下个交易日主盯,87.03,2026-05-15,3,common_index_cache,22,41.94,-5.72,-2.19,-0.88,-2.19,4.43,24.7,10.76,32.27,24.7,intraday_0950,2026-05-18 09:50:00,人气Top3；当日涨停附近；收在日内高位；站上20日线且不过热；人气排名明显上升；震荡市里保持相对强势；震荡市里承接未失控,涨停封板不可买,v2
2026-05-18,2026-05-11,次日已审,快策略候选,优先成功,priority_success,下个交易日主盯 后续最高表现达到 15.88%，保留这类命中特征。,9,000021,深科技,观察池,下个交易日主盯,84.33,2026-05-15,3,common_index_cache,22,15.88,-0.59,1.13,3.05,1.13,-2.38,10.53,-1.79,11.19,11.48,intraday_0950,2026-05-18 09:50:00,人气Top10；当日涨停附近；收在日内高位；站上20日线且不过热；人气排名明显上升；震荡市里保持相对强势；震荡市里承接未失控,涨停封板不可买,v2
2026-05-18,2026-05-11,次日已审,快策略候选,优先成功,priority_success,下个交易日主盯 后续最高表现达到 17.25%，保留这类命中特征。,12,600578,京能电力,观察池,下个交易日主盯,84.33,2026-05-15,3,common_index_cache,22,-5.2,-8.87,-2.25,0.24,-2.25,-3.31,6.86,6.1,17.25,6.86,intraday_0950,2026-05-18 09:50:00,人气Top20；当日涨停附近；收在日内高位；站上20日线且不过热；连续上榜确认；人气排名明显上升；震荡市里保持相对强势；震荡市里承接未失控,涨停封板不可买,v2
2026-05-18,2026-05-11,次日已审,快策略候选,优先成功,priority_success,下个交易日主盯 后续最高表现达到 34.91%，保留这类命中特征。,8,300657,弘信电子,观察池,下个交易日主盯,76.53,2026-05-15,3,common_index_cache,22,10.18,10.62,20.0,20.0,20.0,12.86,12.67,2.02,1.85,34.91,intraday_0950,2026-05-18 09:50:00,人气Top10；当日涨停附近；收在日内高位；站上20日线且不过热；首次上榜即强势；震荡市里保持相对强势；震荡市里承接未失控,一字或近似一字，参与点差；一字板不可买,v2
2026-05-18,2026-05-11,次日已审,快策略候选,优先成功,priority_success,下个交易日主盯 后续最高表现达到 25.13%，保留这类命中特征。,11,002409,雅克科技,观察池,下个交易日主盯,68.72,2026-05-15,3,common_index_cache,22,25.13,-4.7,-2.17,-2.17,-2.17,-3.91,8.15,0.83,13.47,8.15,intraday_0950,2026-05-18 09:50:00,人气Top20；当日涨停附近；收在日内高位；站上20日线且不过热；人气排名明显上升；震荡市里保持相对强势；震荡市里承接未失控,涨停封板不可买,v2
2026-05-18,2026-05-11,次日已审,快策略候选,优先成功,priority_success,下个交易日主盯 后续最高表现达到 16.49%，保留这类命中特征。,54,000988,华工科技,观察池,下个交易日主盯,60.85,2026-05-15,3,common_index_cache,22,15.69,2.33,7.31,8.18,7.31,4.3,16.49,1.92,13.85,16.49,intraday_0950,2026-05-18 09:50:00,当日涨停附近；收在日内高位；站上20日线且不过热；持续霸榜；震荡市里保持相对强势；震荡市里承接未失控,热度可能进入后段；后段人气股在偏弱环境里更谨慎；涨停封板不可买,v2
2026-05-18,2026-05-11,次日已审,快策略候选,优先成功,priority_success,下个交易日主盯 后续最高表现达到 15.90%，保留这类命中特征。,7,002407,多氟多,不推送,下个交易日主盯,58.75,2026-05-15,3,common_index_cache,22,1.58,-2.75,-2.32,-0.18,-2.32,7.76,1.48,10.81,4.34,15.9,intraday_0950,2026-05-18 09:50:00,人气Top10；当日上涨；站上20日线且不过热；连续上榜确认；人气排名明显上升；震荡市里保持相对强势,-,v2
2026-05-18,2026-05-11,次日已审,快策略候选,优先走弱,priority_failed,下个交易日主盯 未兑现，复盘风险项：涨停封板不可买,6,002031,巨轮智能,观察池,下个交易日主盯,87.93,2026-05-15,3,common_index_cache,22,-26.13,2.59,8.41,10.35,8.41,-6.08,-6.73,-8.45,-9.08,10.35,intraday_0950,2026-05-18 09:50:00,人气Top10；当日涨停附近；收在日内高位；站上20日线且不过热；连续上榜确认；人气排名明显上升；震荡市里保持相对强势；震荡市里承接未失控,涨停封板不可买,v2
2026-05-18,2026-05-11,次日已审,快策略候选,优先走弱,priority_failed,下个交易日主盯 未兑现，复盘风险项：涨停封板不可买,27,601678,滨化股份,观察池,下个交易日主盯,75.33,2026-05-15,3,common_index_cache,22,-4.07,-0.63,-3.76,-0.63,-3.76,-7.36,-8.76,-6.77,-8.19,5.63,intraday_0950,2026-05-18 09:50:00,人气Top50；当日涨停附近；收在日内高位；站上20日线且不过热；震荡市里保持相对强势；震荡市里承接未失控,涨停封板不可买,v2
2026-05-18,2026-05-11,次日已审,快策略候选,优先走弱,priority_failed,下个交易日主盯 未兑现，复盘风险项：人气排名明显回落；后段人气股在偏弱环境里更谨慎；涨停封板不可买,53,002918,蒙娜丽莎,观察池,下个交易日主盯,60.85,2026-05-15,3,common_index_cache,22,-32.74,-12.61,-9.98,-3.11,-9.98,-24.8,-21.1,-13.94,-9.71,-3.11,intraday_0950,2026-05-18 09:50:00,当日涨停附近；收在日内高位；站上20日线且不过热；连续上榜确认；震荡市里保持相对强势；震荡市里承接未失控,人气排名明显回落；后段人气股在偏弱环境里更谨慎；涨停封板不可买,v2
2026-05-18,2026-05-11,次日已审,快策略候选,暂未强势,neutral,继续等待更多交易日或降低权重。,4,601991,大唐发电,观察池,下个交易日主盯,84.33,2026-05-15,3,common_index_cache,22,1.67,-11.69,-6.68,-3.79,-6.68,-21.49,-17.59,-11.1,-6.68,-3.79,intraday_0950,2026-05-18 09:50:00,人气Top10；当日涨停附近；收在日内高位；站上20日线且不过热；持续霸榜；震荡市里保持相对强势；震荡市里承接未失控,热度可能进入后段；涨停封板不可买,v2
2026-05-18,2026-05-11,次日已审,快策略候选,优先成功,priority_success,优先观察 后续最高表现达到 15.03%，保留这类命中特征。,82,601133,柏诚股份,观察池,优先观察,49.05,2026-05-15,3,common_index_cache,22,6.84,0.0,-2.35,0.0,-2.35,6.87,8.71,6.87,8.71,15.03,intraday_0950,2026-05-18 09:50:00,当日涨停附近；收在日内高位；站上20日线且不过热；震荡市里保持相对强势；震荡市里承接未失控,后段人气股在偏弱环境里更谨慎；涨停封板不可买,v2
2026-05-18,2026-05-11,次日已审,快策略候选,优先走弱,priority_failed,优先观察 未兑现，复盘风险项：热度可能进入后段,17,600396,华电辽能,不推送,优先观察,48.33,2026-05-15,3,common_index_cache,22,-3.37,-23.18,-12.32,-8.25,-12.32,-22.75,-13.03,0.57,13.22,-8.25,intraday_0950,2026-05-18 09:50:00,人气Top20；当日强涨；收盘承接较强；站上20日线且不过热；持续霸榜；震荡市里保持相对强势；震荡市里承接未失控,热度可能进入后段,v2
2026-05-18,2026-05-11,次日已审,快策略候选,暂未强势,neutral,继续等待更多交易日或降低权重。,33,300442,润泽科技,不推送,备选观察,45.95,2026-05-15,3,common_index_cache,22,-20.97,-1.76,-4.26,-1.68,-4.26,-10.84,-7.92,-9.24,-6.26,-1.68,intraday_0950,2026-05-18 09:50:00,人气Top50；站上20日线且不过热；连续上榜确认；人气排名明显上升；震荡市里保持相对强势,-,v2
2026-05-18,2026-05-11,次日已审,快策略候选,暂未强势,neutral,继续等待更多交易日或降低权重。,45,001309,德明利,不推送,备选观察,44.03,2026-05-15,3,common_index_cache,22,-3.53,-3.21,-4.96,-2.67,-4.96,-10.81,-5.52,-7.85,-2.39,-2.47,intraday_0950,2026-05-18 09:50:00,人气Top50；当日上涨；收在日内高位；站上20日线且不过热；持续霸榜；震荡市里保持相对强势；震荡市里承接未失控,热度可能进入后段；人气排名明显回落,v2
2026-05-18,2026-05-11,次日已审,快策略候选,备选走强,backup_success,备选观察 后续最高表现达到 26.28%，保留这类命中特征。,24,603278,大业股份,不推送,备选观察,44.92,2026-05-15,3,common_index_cache,22,-9.24,14.3,18.92,26.28,18.92,0.07,-3.68,-12.44,-15.73,26.28,intraday_0950,2026-05-18 09:50:00,人气Top50；当日强涨；收盘承接较强；站上20日线且不过热；震荡市里保持相对强势；震荡市里承接未失控,-,v2
2026-05-18,,次日已审,低层级强势反哺,普通/不推送走强,low_level_winner,不推送 后来走强，原因反哺：收在日内高位、连续上榜确认,67,603773,沃格光电,不推送,未入快策略,,2026-05-18,0,common_index_cache,22,146.15,-9.04,4.8,9.65,4.8,20.05,23.31,31.98,35.56,29.04,intraday_0950,2026-05-18 09:50:00,收在日内高位；连续上榜确认,当日转弱；量能不足；近5日趋势未确认；人气排名明显回落；震荡市里相对走弱；后段人气股在偏弱环境里更谨慎；市场健康度不足，收缩推送,v2
2026-05-18,,次日已审,低层级强势反哺,普通/不推送走强,low_level_winner,不推送 后来走强，原因反哺：连续上榜确认,92,001896,豫能控股,不推送,未入快策略,,2026-05-18,0,common_index_cache,22,45.26,-2.74,8.08,8.08,8.08,9.28,12.95,12.35,16.13,15.49,intraday_0950,2026-05-18 09:50:00,连续上榜确认,当日转弱；收盘承接偏弱；量能不足；近5日趋势未确认；仍在20日线下方；震荡市里相对走弱；后段人气股在偏弱环境里更谨慎；市场健康度不足，收缩推送；v2回避转弱弱收盘样本；v2回避人气转弱样本,v2
2026-05-18,,次日已审,低层级强势反哺,普通/不推送走强,low_level_winner,不推送 后来走强，原因反哺：人气Top20、人气排名明显上升、当日上涨,19,300433,蓝思科技,不推送,未入快策略,,2026-05-18,0,common_index_cache,22,43.16,6.23,6.12,10.2,6.12,2.07,10.48,-3.92,4.0,13.14,intraday_0950,2026-05-18 09:50:00,人气Top20；当日上涨；近5日趋势升温；站上20日线且不过热；连续上榜确认；人气排名明显上升；震荡市里保持相对强势,-,v2
2026-05-18,,次日已审,低层级强势反哺,普通/不推送走强,low_level_winner,不推送 后来走强，原因反哺：站上20日线且不过热,60,300604,长川科技,不推送,未入快策略,,2026-05-18,0,common_index_cache,22,27.04,0.28,7.77,9.51,7.77,12.93,19.29,12.61,18.96,24.43,intraday_0950,2026-05-18 09:50:00,站上20日线且不过热,当日转弱；量能不足；近5日趋势未确认；震荡市里相对走弱；后段人气股在偏弱环境里更谨慎；市场健康度不足，收缩推送；v2回避转弱弱收盘样本；v2回避人气转弱样本,v2
2026-05-18,,次日已审,低层级强势反哺,普通/不推送走强,low_level_winner,不推送 后来走强，原因反哺：持续霸榜、站上20日线且不过热、震荡市里保持相对强势,69,002384,东山精密,不推送,未入快策略,,2026-05-18,0,common_index_cache,22,24.38,-0.27,7.51,8.69,7.51,0.2,9.53,0.47,9.83,10.52,intraday_0950,2026-05-18 09:50:00,站上20日线且不过热；持续霸榜；震荡市里保持相对强势,量能不足；近5日趋势未确认；热度可能进入后段；后段人气股在偏弱环境里更谨慎,v2
2026-05-18,,次日已审,低层级强势反哺,普通/不推送走强,low_level_winner,不推送 后来走强，原因反哺：持续霸榜、收盘承接较强、站上20日线且不过热,99,600186,莲花控股,不推送,未入快策略,,2026-05-18,0,common_index_cache,22,24.13,-10.33,-2.12,-2.12,-2.12,-9.57,9.48,0.85,22.1,9.48,intraday_0950,2026-05-18 09:50:00,收盘承接较强；近5日趋势升温；站上20日线且不过热；持续霸榜；震荡市里保持相对强势；震荡市里承接未失控,量能不足；热度可能进入后段；人气排名明显回落；后段人气股在偏弱环境里更谨慎,v2
2026-05-18,,次日已审,低层级强势反哺,普通/不推送走强,low_level_winner,不推送 后来走强，原因反哺：持续霸榜、收盘承接较强、站上20日线且不过热,70,300308,中际旭创,不推送,未入快策略,,2026-05-18,0,common_index_cache,22,20.42,-3.18,-2.81,-2.11,-2.81,-6.27,3.14,-3.18,6.53,3.32,intraday_0950,2026-05-18 09:50:00,收盘承接较强；近5日趋势升温；站上20日线且不过热；持续霸榜；震荡市里保持相对强势；震荡市里承接未失控,量能不足；热度可能进入后段；人气排名明显回落；后段人气股在偏弱环境里更谨慎,v2
2026-05-18,,次日已审,低层级强势反哺,普通/不推送走强,low_level_winner,不推送 后来走强，原因反哺：收在日内高位、震荡市里保持相对强势,66,688549,中巨芯,不推送,未入快策略,,2026-05-18,0,common_index_cache,22,16.7,-39.0,-40.89,-36.84,-40.89,-45.88,-45.05,-11.27,-9.92,-36.6,intraday_0950,2026-05-18 09:50:00,收在日内高位；震荡市里保持相对强势,当日转弱；量能不足；短线涨幅过热；远离20日线过多；后段人气股在偏弱环境里更谨慎；v2回避前段过热样本,v2
2026-05-18,,次日已审,低层级强势反哺,普通/不推送走强,low_level_winner,不推送 后来走强，原因反哺：人气Top50、持续霸榜、近5日强势延续,35,600487,亨通光电,不推送,未入快策略,,2026-05-18,0,common_index_cache,22,15.32,-26.86,-21.59,-20.92,-21.59,-27.38,-23.73,-0.71,4.28,-18.83,intraday_0950,2026-05-18 09:50:00,人气Top50；近5日强势延续；持续霸榜；震荡市里保持相对强势,当日转弱；量能不足；短线涨幅偏高；偏离20日线较大；热度可能进入后段；v2回避转弱弱收盘样本；v2回避后段过热样本,v2
2026-05-18,,次日已审,低层级强势反哺,普通/不推送走强,low_level_winner,不推送 后来走强，原因反哺：人气Top50、持续霸榜、收在日内高位,50,002297,博云新材,不推送,未入快策略,,2026-05-18,0,common_index_cache,22,14.53,11.06,6.62,12.35,6.62,9.77,29.9,-1.16,16.96,29.9,intraday_0950,2026-05-18 09:50:00,人气Top50；收在日内高位；持续霸榜；震荡市里承接未失控,量能不足；近5日趋势未确认；热度可能进入后段；震荡市里相对走弱；市场健康度不足，收缩推送,v2
2026-05-18,,次日已审,低层级强势反哺,普通/不推送走强,low_level_winner,不推送 后来走强，原因反哺：原因待补充,63,603601,再升科技,不推送,未入快策略,,2026-05-18,0,common_index_cache,22,10.05,33.22,25.47,39.43,25.47,26.45,34.4,-5.08,0.89,44.87,intraday_0950,2026-05-18 09:50:00,-,当日转弱；收盘承接偏弱；量能不足；近5日趋势未确认；仍在20日线下方；人气排名明显回落；震荡市里相对走弱；后段人气股在偏弱环境里更谨慎；市场健康度不足，收缩推送；v2回避转弱弱收盘样本；v2回避人气转弱样本,v2
2026-05-18,,次日已审,低层级强势反哺,普通/不推送走强,low_level_winner,不推送 后来走强，原因反哺：震荡市里保持相对强势,96,002837,英维克,不推送,未入快策略,,2026-05-18,0,common_index_cache,22,9.25,13.57,15.14,16.33,15.14,13.03,19.3,-0.48,5.04,24.23,intraday_0950,2026-05-18 09:50:00,震荡市里保持相对强势,量能不足；近5日趋势未确认；仍在20日线下方；后段人气股在偏弱环境里更谨慎,v2
2026-05-18,,次日已审,低层级强势反哺,普通/不推送走强,low_level_winner,不推送 后来走强，原因反哺：人气Top10、人气排名明显上升、当日上涨,5,600584,长电科技,不推送,未入快策略,,2026-05-18,0,common_index_cache,22,6.58,-25.81,-20.73,-20.48,-20.73,-12.87,4.51,17.45,40.87,4.51,intraday_0950,2026-05-18 09:50:00,人气Top10；当日上涨；近5日强势延续；持续霸榜；人气排名明显上升；震荡市里保持相对强势,量能不足；短线涨幅偏高；远离20日线过多；热度可能进入后段；上影线偏长,v2
2026-05-18,,次日已审,低层级强势反哺,普通/不推送走强,low_level_winner,不推送 后来走强，原因反哺：人气Top50、人气排名明显上升、持续霸榜,26,002156,通富微电,不推送,未入快策略,,2026-05-18,0,common_index_cache,22,3.81,-12.28,-9.22,-8.76,-9.22,-4.74,7.64,8.59,22.71,7.64,intraday_0950,2026-05-18 09:50:00,人气Top50；收在日内高位；近5日趋势升温；站上20日线且不过热；持续霸榜；人气排名明显上升；震荡市里保持相对强势；震荡市里承接未失控,量能不足；热度可能进入后段,v2
2026-05-18,,次日已审,低层级强势反哺,普通/不推送走强,low_level_winner,不推送 后来走强，原因反哺：当日上涨、收在日内高位、近5日强势延续,85,002185,华天科技,不推送,未入快策略,,2026-05-18,0,common_index_cache,22,3.42,-21.39,-17.05,-16.29,-17.05,-17.64,-7.98,4.77,17.06,-7.98,intraday_0950,2026-05-18 09:50:00,当日上涨；收在日内高位；近5日强势延续；震荡市里保持相对强势；震荡市里承接未失控,量能不足；短线涨幅偏高；偏离20日线较大；后段人气股在偏弱环境里更谨慎；v2回避前段过热样本,v2
2026-05-18,,次日已审,低层级强势反哺,普通/不推送走强,low_level_winner,不推送 后来走强，原因反哺：人气排名明显上升、收盘承接较强、连续上榜确认,77,688008,澜起科技,不推送,未入快策略,,2026-05-18,0,common_index_cache,22,3.37,-5.87,-2.69,-1.71,-2.69,3.24,11.86,9.67,18.84,13.15,intraday_0950,2026-05-18 09:50:00,收盘承接较强；连续上榜确认；人气排名明显上升；震荡市里保持相对强势；震荡市里承接未失控,量能不足；偏离20日线较大；后段人气股在偏弱环境里更谨慎,v2
2026-05-18,,次日已审,低层级强势反哺,普通/不推送走强,low_level_winner,不推送 后来走强，原因反哺：当日上涨、收盘承接较强、站上20日线且不过热,52,002371,北方华创,不推送,未入快策略,,2026-05-18,0,common_index_cache,16,0.85,-3.58,1.28,2.5,1.28,8.35,14.11,12.37,18.34,17.93,intraday_0950,2026-05-18 09:50:00,当日上涨；收盘承接较强；近5日趋势升温；站上20日线且不过热；震荡市里保持相对强势；震荡市里承接未失控,量能不足；后段人气股在偏弱环境里更谨慎,v2
2026-05-18,,次日已审,低层级强势反哺,普通/不推送走强,low_level_winner,不推送 后来走强，原因反哺：当日上涨、站上20日线且不过热、震荡市里保持相对强势,93,300136,信维通信,不推送,未入快策略,,2026-05-18,0,common_index_cache,22,-0.6,5.39,4.47,7.64,4.47,3.11,11.7,-2.16,6.0,17.28,intraday_0950,2026-05-18 09:50:00,当日上涨；站上20日线且不过热；震荡市里保持相对强势,量能不足；近5日趋势未确认；人气排名明显回落；后段人气股在偏弱环境里更谨慎；v2回避人气转弱样本,v2
2026-05-18,,次日已审,低层级强势反哺,普通/不推送走强,low_level_winner,不推送 后来走强，原因反哺：人气Top20、人气排名明显上升、持续霸榜,18,002050,三花智控,不推送,未入快策略,,2026-05-18,0,common_index_cache,22,-1.55,17.0,15.52,18.76,15.52,16.62,19.01,-0.32,1.72,21.37,intraday_0950,2026-05-18 09:50:00,人气Top20；持续霸榜；人气排名明显上升；震荡市里保持相对强势,量能不足；近5日趋势未确认；热度可能进入后段,v2
2026-05-18,,次日已审,低层级强势反哺,普通/不推送走强,low_level_winner,不推送 后来走强，原因反哺：人气Top50、持续霸榜、站上20日线且不过热,21,603629,利通电子,不推送,未入快策略,,2026-05-18,0,common_index_cache,22,-2.23,0.71,3.26,4.22,3.26,6.4,19.67,5.65,18.82,23.22,intraday_0950,2026-05-18 09:50:00,人气Top50；站上20日线且不过热；持续霸榜；震荡市里保持相对强势,当日转弱；量能不足；热度可能进入后段；v2回避转弱弱收盘样本,v2
2026-05-18,,次日已审,低层级强势反哺,普通/不推送走强,low_level_winner,不推送 后来走强，原因反哺：人气Top50、持续霸榜,23,002580,圣阳股份,不推送,未入快策略,,2026-05-18,0,common_index_cache,22,-2.56,23.56,25.62,27.9,25.62,22.92,10.48,-0.52,-10.59,27.9,intraday_0950,2026-05-18 09:50:00,人气Top50；持续霸榜,当日转弱；收盘承接偏弱；量能不足；近5日趋势未确认；仍在20日线下方；热度可能进入后段；震荡市里相对走弱；市场健康度不足，收缩推送；v2回避转弱弱收盘样本,v2
2026-05-18,,次日已审,低层级强势反哺,普通/不推送走强,low_level_winner,不推送 后来走强，原因反哺：人气排名明显上升,72,002149,西部材料,不推送,未入快策略,,2026-05-18,0,common_index_cache,22,-2.56,19.99,10.73,23.04,10.73,13.82,13.55,-5.14,-5.37,23.04,intraday_0950,2026-05-18 09:50:00,人气排名明显上升,当日转弱；收盘承接偏弱；量能不足；近5日趋势未确认；震荡市里相对走弱；后段人气股在偏弱环境里更谨慎；市场健康度不足，收缩推送；v2回避转弱弱收盘样本,v2
2026-05-18,,次日已审,低层级强势反哺,普通/不推送走强,low_level_winner,不推送 后来走强，原因反哺：人气Top50、温和放量、近5日强势延续,49,002421,达实智能,不推送,未入快策略,,2026-05-18,0,common_index_cache,22,-3.53,-2.27,-2.27,-2.27,-2.27,-0.25,20.91,2.06,23.71,20.91,intraday_0950,2026-05-18 09:50:00,人气Top50；温和放量；近5日强势延续；震荡市里保持相对强势,当日转弱；短线涨幅偏高；偏离20日线较大；v2回避转弱弱收盘样本；v2回避中后段放量追高样本；v2回避前段过热样本,v2
2026-05-18,,次日已审,低层级强势反哺,普通/不推送走强,low_level_winner,不推送 后来走强，原因反哺：人气Top20、持续霸榜,14,002081,金螳螂,不推送,未入快策略,,2026-05-18,0,common_index_cache,22,-7.2,28.79,31.71,40.08,31.71,8.56,12.06,-15.71,-12.99,40.08,intraday_0950,2026-05-18 09:50:00,人气Top20；持续霸榜,当日转弱；收盘承接偏弱；量能不足；近5日趋势未确认；仍在20日线下方；热度可能进入后段；震荡市里相对走弱；市场健康度不足，收缩推送；v2回避转弱弱收盘样本,v2
2026-05-18,,次日已审,低层级强势反哺,普通/不推送走强,low_level_winner,不推送 后来走强，原因反哺：人气Top50、人气排名明显上升,30,002181,粤传媒,不推送,未入快策略,,2026-05-18,0,common_index_cache,22,-9.31,30.23,26.89,33.09,26.89,8.59,4.77,-16.62,-19.55,33.09,intraday_0950,2026-05-18 09:50:00,人气Top50；人气排名明显上升,当日转弱；量能不足；近5日趋势未确认；仍在20日线下方；震荡市里相对走弱；市场健康度不足，收缩推送；v2回避转弱弱收盘样本,v2
2026-05-18,,次日已审,低层级强势反哺,普通/不推送走强,low_level_winner,不推送 后来走强，原因反哺：人气Top20、人气排名明显上升、连续上榜确认,12,600578,京能电力,不推送,已入快策略,,2026-05-18,0,common_index_cache,22,-5.2,-8.87,-2.25,0.24,-2.25,-3.31,6.86,6.1,17.25,6.86,intraday_0950,2026-05-18 09:50:00,人气Top20；连续上榜确认；人气排名明显上升；震荡市里保持相对强势,收盘承接偏弱；短线涨幅过热；远离20日线过多；上影线偏长,v2
2026-05-18,,次日已审,低层级强势反哺,普通/不推送走强,low_level_winner,不推送 后来走强，原因反哺：人气Top3、人气排名明显上升、近5日强势延续,1,002208,合肥城建,不推送,已入快策略,,2026-05-18,0,common_index_cache,22,-6.29,25.27,33.9,33.9,33.9,24.15,7.68,-0.89,-14.04,40.51,intraday_0950,2026-05-18 09:50:00,人气Top3；近5日强势延续；连续上榜确认；人气排名明显上升；震荡市里保持相对强势,当日转弱；收盘承接偏弱；量能不足；短线涨幅偏高；偏离20日线较大；Top3高热度拥挤，次日兑现风险；v2回避转弱弱收盘样本,v2
2026-05-18,,次日已审,低层级强势反哺,普通/不推送走强,low_level_winner,不推送 后来走强，原因反哺：人气Top50、站上20日线且不过热,24,603278,大业股份,不推送,已入快策略,,2026-05-18,0,common_index_cache,22,-9.24,14.3,18.92,26.28,18.92,0.07,-3.68,-12.44,-15.73,26.28,intraday_0950,2026-05-18 09:50:00,人气Top50；站上20日线且不过热,当日转弱；收盘承接偏弱；量能不足；近5日趋势未确认；震荡市里相对走弱；市场健康度不足，收缩推送；v2回避转弱弱收盘样本；v2回避人气转弱样本,v2
2026-05-15,2026-05-08,次日已审,快策略候选,优先成功,priority_success,下个交易日主盯 后续最高表现达到 40.51%，保留这类命中特征。,21,002208,合肥城建,观察池,下个交易日主盯,77.6,2026-05-14,1,common_index_cache,23,-6.29,21.75,21.75,21.75,21.75,37.95,15.51,13.31,-5.12,40.51,intraday_0950,2026-05-15 09:50:00,人气Top50；当日涨停附近；收在日内高位；站上20日线且不过热；连续上榜确认；人气排名明显上升；弱市中个股相对抗跌,涨停封板不可买,v2
2026-05-15,2026-05-08,次日已审,快策略候选,优先成功,priority_success,下个交易日主盯 后续最高表现达到 28.91%，保留这类命中特征。,70,002165,红宝丽,观察池,下个交易日主盯,57.92,2026-05-14,1,common_index_cache,23,-1.99,28.25,25.2,28.38,25.2,15.78,6.63,-9.72,-16.86,28.91,intraday_0950,2026-05-15 09:50:00,当日涨停附近；收在日内高位；站上20日线且不过热；弱市中个股相对抗跌,后段人气股在偏弱环境里更谨慎；涨停封板不可买,v2
2026-05-15,2026-05-08,次日已审,快策略候选,优先走弱,priority_failed,下个交易日主盯 未兑现，复盘风险项：涨停封板不可买,45,001267,汇绿生态,观察池,下个交易日主盯,60.2,2026-05-14,1,common_index_cache,23,-11.89,4.33,7.12,10.66,7.12,-2.2,-2.87,-6.25,-6.9,10.66,intraday_0950,2026-05-15 09:50:00,人气Top50；当日涨停附近；收在日内高位；站上20日线且不过热；弱市中个股相对抗跌,涨停封板不可买,v2
2026-05-15,2026-05-08,次日已审,快策略候选,优先走弱,priority_failed,下个交易日主盯 未兑现，复盘风险项：人气排名明显回落；后段人气股在偏弱环境里更谨慎；涨停封板不可买,66,002031,巨轮智能,观察池,下个交易日主盯,56.12,2026-05-14,1,common_index_cache,23,-26.13,7.63,5.82,13.84,5.82,-2.46,-4.27,-9.38,-11.06,13.84,intraday_0950,2026-05-15 09:50:00,当日涨停附近；收在日内高位；站上20日线且不过热；弱市中个股相对抗跌,人气排名明显回落；后段人气股在偏弱环境里更谨慎；涨停封板不可买,v2
2026-05-15,2026-05-08,次日已审,快策略候选,暂未强势,neutral,继续等待更多交易日或降低权重。,2,601991,大唐发电,观察池,下个交易日主盯,83.0,2026-05-14,1,common_index_cache,23,1.67,-14.48,-11.69,-9.58,-11.69,-16.04,-23.27,-1.82,-10.29,-3.79,intraday_0950,2026-05-15 09:50:00,人气Top3；当日涨停附近；收在日内高位；站上20日线且不过热；持续霸榜；弱市中个股相对抗跌,热度可能进入后段；弱市里的长连榜样本优先降权；涨停封板不可买,v2
2026-05-15,2026-05-08,次日已审,快策略候选,暂未强势,neutral,继续等待更多交易日或降低权重。,54,002491,通鼎互联,观察池,下个交易日主盯,57.03,2026-05-14,1,common_index_cache,23,6.41,-15.2,-12.19,-7.89,-12.19,-10.49,-15.49,5.55,-0.35,-7.78,intraday_0950,2026-05-15 09:50:00,当日涨停附近；收在日内高位；站上20日线且不过热；持续霸榜；弱市中个股相对抗跌,热度可能进入后段；人气排名明显回落；后段人气股在偏弱环境里更谨慎；弱市里的长连榜样本优先降权；涨停封板不可买,v2
2026-05-15,2026-05-08,次日已审,快策略候选,暂未强势,neutral,继续等待更多交易日或降低权重。,77,001896,豫能控股,不推送,优先观察,52.23,2026-05-14,1,common_index_cache,23,0.79,-31.91,-31.82,-28.86,-31.82,-31.08,-27.0,1.22,7.21,-22.93,intraday_0950,2026-05-15 09:50:00,当日强涨；收在日内高位；站上20日线且不过热；连续上榜确认；弱市中个股相对抗跌,后段人气股在偏弱环境里更谨慎；v2回避非封板高位追涨样本,v2
2026-05-15,2026-05-08,次日已审,快策略候选,暂未强势,neutral,继续等待更多交易日或降低权重。,12,600396,华电辽能,不推送,只看不追,44.3,2026-05-14,1,common_index_cache,23,-3.37,-10.42,-14.82,-6.89,-14.82,-21.06,-20.96,-11.88,-11.76,-6.89,intraday_0950,2026-05-15 09:50:00,人气Top20；当日强涨；收盘承接较强；站上20日线且不过热；持续霸榜；弱市中个股相对抗跌,热度可能进入后段；弱市里的长连榜样本优先降权,v2
2026-05-15,2026-05-08,次日已审,快策略候选,暂未强势,neutral,继续等待更多交易日或降低权重。,47,002428,云南锗业,不推送,只看不追,43.4,2026-05-14,1,common_index_cache,23,0.2,-9.15,-7.69,-2.99,-7.69,-8.14,-12.07,1.11,-3.22,-2.99,intraday_0950,2026-05-15 09:50:00,人气Top50；当日强涨；收在日内高位；站上20日线且不过热；持续霸榜；弱市中个股相对抗跌,热度可能进入后段；弱市里的长连榜样本优先降权,v2
2026-05-15,,次日已审,低层级强势反哺,普通/不推送走强,low_level_winner,不推送 后来走强，原因反哺：人气Top50、持续霸榜、站上20日线且不过热,41,600487,亨通光电,不推送,未入快策略,,2026-05-15,0,common_index_cache,23,59.14,-1.06,2.94,4.59,2.94,8.65,4.73,9.81,5.85,12.01,intraday_0950,2026-05-15 09:50:00,人气Top50；站上20日线且不过热；持续霸榜,当日转弱；收盘承接偏弱；量能不足；近5日趋势未确认；热度可能进入后段；震荡市里相对走弱；市场健康度不足，收缩推送；v2回避转弱弱收盘样本,v2
2026-05-15,,次日已审,低层级强势反哺,普通/不推送走强,low_level_winner,不推送 后来走强，原因反哺：温和放量、站上20日线且不过热、近5日趋势升温,61,002254,泰和新材,不推送,未入快策略,,2026-05-15,0,common_index_cache,23,30.48,-1.97,2.88,4.42,2.88,5.97,11.87,8.09,14.11,11.87,intraday_0950,2026-05-15 09:50:00,温和放量；近5日趋势升温；站上20日线且不过热；震荡市里保持相对强势,当日转弱；收盘承接偏弱；后段人气股在偏弱环境里更谨慎；v2回避转弱弱收盘样本,v2
2026-05-15,,次日已审,低层级强势反哺,普通/不推送走强,low_level_winner,不推送 后来走强，原因反哺：人气Top20、人气排名明显上升、持续霸榜,20,002281,光迅科技,不推送,未入快策略,,2026-05-15,0,common_index_cache,23,28.44,3.5,11.41,14.02,11.41,25.47,14.57,21.23,10.7,30.99,intraday_0950,2026-05-15 09:50:00,人气Top20；站上20日线且不过热；持续霸榜；人气排名明显上升；震荡市里保持相对强势,当日转弱；收盘承接偏弱；量能不足；热度可能进入后段；v2回避转弱弱收盘样本,v2
2026-05-15,,次日已审,低层级强势反哺,普通/不推送走强,low_level_winner,不推送 后来走强，原因反哺：人气Top50、当日上涨、站上20日线且不过热,36,002980,华盛昌,不推送,未入快策略,,2026-05-15,0,common_index_cache,23,26.22,-5.47,6.46,6.46,6.46,11.61,17.0,18.07,23.77,17.0,intraday_0950,2026-05-15 09:50:00,人气Top50；当日上涨；近5日趋势升温；站上20日线且不过热；震荡市里保持相对强势,-,v2
2026-05-15,,次日已审,低层级强势反哺,普通/不推送走强,low_level_winner,不推送 后来走强，原因反哺：持续霸榜、收盘承接较强、站上20日线且不过热,67,600186,莲花控股,不推送,未入快策略,,2026-05-15,0,common_index_cache,23,24.13,-12.28,-11.01,-9.99,-11.01,-6.6,-0.51,6.47,13.42,0.34,intraday_0950,2026-05-15 09:50:00,收盘承接较强；近5日趋势升温；站上20日线且不过热；持续霸榜；震荡市里保持相对强势；震荡市里承接未失控,量能不足；热度可能进入后段；人气排名明显回落；后段人气股在偏弱环境里更谨慎,v2
2026-05-15,,次日已审,低层级强势反哺,普通/不推送走强,low_level_winner,不推送 后来走强，原因反哺：人气Top50、人气排名明显上升、持续霸榜,24,600105,永鼎股份,不推送,未入快策略,,2026-05-15,0,common_index_cache,23,21.26,-3.02,-0.94,0.96,-0.94,-2.69,-9.07,0.34,-6.24,0.96,intraday_0950,2026-05-15 09:50:00,人气Top50；站上20日线且不过热；持续霸榜；人气排名明显上升；震荡市里保持相对强势,当日转弱；收盘承接偏弱；量能不足；热度可能进入后段；v2回避转弱弱收盘样本,v2
2026-05-15,,次日已审,低层级强势反哺,普通/不推送走强,low_level_winner,不推送 后来走强，原因反哺：人气Top20、持续霸榜、站上20日线且不过热,16,300308,中际旭创,不推送,未入快策略,,2026-05-15,0,common_index_cache,23,21.25,-2.13,-0.71,2.14,-0.71,-1.47,-1.38,0.68,0.77,2.14,intraday_0950,2026-05-15 09:50:00,人气Top20；近5日趋势升温；站上20日线且不过热；持续霸榜；震荡市里保持相对强势,当日转弱；收盘承接偏弱；量能不足；热度可能进入后段；v2回避转弱弱收盘样本,v2
2026-05-15,,次日已审,低层级强势反哺,普通/不推送走强,low_level_winner,不推送 后来走强，原因反哺：收盘承接较强、近5日趋势升温、震荡市里保持相对强势,93,603045,福达合金,不推送,未入快策略,,2026-05-15,0,common_index_cache,23,20.22,-4.74,0.74,1.66,0.74,-5.08,-7.31,-0.36,-2.7,3.16,intraday_0950,2026-05-15 09:50:00,收盘承接较强；近5日趋势升温；震荡市里保持相对强势；震荡市里承接未失控,量能不足；偏离20日线较大；人气排名明显回落；后段人气股在偏弱环境里更谨慎,v2
2026-05-15,,次日已审,低层级强势反哺,普通/不推送走强,low_level_winner,不推送 后来走强，原因反哺：站上20日线且不过热、近5日趋势升温、连续上榜确认,78,000767,晋控电力,不推送,未入快策略,,2026-05-15,0,common_index_cache,23,12.87,5.42,14.9,16.25,14.9,3.39,6.55,-1.93,1.07,19.64,intraday_0950,2026-05-15 09:50:00,近5日趋势升温；站上20日线且不过热；连续上榜确认；震荡市里保持相对强势,当日转弱；收盘承接偏弱；人气排名明显回落；后段人气股在偏弱环境里更谨慎；v2回避转弱弱收盘样本；v2回避人气转弱样本,v2
2026-05-15,,次日已审,低层级强势反哺,普通/不推送走强,low_level_winner,不推送 后来走强，原因反哺：人气Top50、当日上涨、持续霸榜,27,600584,长电科技,不推送,未入快策略,,2026-05-15,0,common_index_cache,23,6.58,-25.08,-23.96,-19.23,-23.96,-13.67,-4.99,15.23,26.81,-4.65,intraday_0950,2026-05-15 09:50:00,人气Top50；当日上涨；持续霸榜；震荡市里保持相对强势,量能不足；短线涨幅过热；远离20日线过多；热度可能进入后段；上影线偏长；v2回避人气转弱样本,v2
2026-05-15,,次日已审,低层级强势反哺,普通/不推送走强,low_level_winner,不推送 后来走强，原因反哺：持续霸榜、震荡市里保持相对强势,92,603778,国晟科技,不推送,未入快策略,,2026-05-15,0,common_index_cache,23,3.35,34.16,39.5,41.55,39.5,54.72,48.39,15.32,10.6,55.28,intraday_0950,2026-05-15 09:50:00,持续霸榜；震荡市里保持相对强势,量能不足；近5日趋势未确认；仍在20日线下方；热度可能进入后段；人气排名明显回落；后段人气股在偏弱环境里更谨慎,v2
2026-05-15,,次日已审,低层级强势反哺,普通/不推送走强,low_level_winner,不推送 后来走强，原因反哺：人气Top50、持续霸榜、站上20日线且不过热,26,603629,利通电子,不推送,未入快策略,,2026-05-15,0,common_index_cache,23,2.71,4.32,8.65,8.7,8.65,12.91,21.76,8.24,16.72,21.76,intraday_0950,2026-05-15 09:50:00,人气Top50；站上20日线且不过热；持续霸榜,当日转弱；收盘承接偏弱；量能不足；近5日趋势未确认；热度可能进入后段；震荡市里相对走弱；市场健康度不足，收缩推送；v2回避转弱弱收盘样本；v2回避人气转弱样本,v2
2026-05-15,,次日已审,低层级强势反哺,普通/不推送走强,low_level_winner,不推送 后来走强，原因反哺：持续霸榜、收盘承接较强、近5日趋势升温,60,000988,华工科技,不推送,未入快策略,,2026-05-15,0,common_index_cache,23,1.03,-18.66,-12.82,-12.82,-12.82,-3.32,-7.53,18.86,13.68,1.1,intraday_0950,2026-05-15 09:50:00,收盘承接较强；近5日趋势升温；持续霸榜；震荡市里保持相对强势；震荡市里承接未失控,量能不足；偏离20日线较大；热度可能进入后段；人气排名明显回落；后段人气股在偏弱环境里更谨慎；v2回避后段过热样本,v2
2026-05-15,,次日已审,低层级强势反哺,普通/不推送走强,low_level_winner,不推送 后来走强，原因反哺：站上20日线且不过热、近5日趋势升温、震荡市里保持相对强势,99,002407,多氟多,不推送,未入快策略,,2026-05-15,0,common_index_cache,23,0.76,-3.01,-1.52,3.51,-1.52,6.57,11.84,9.88,15.31,14.96,intraday_0950,2026-05-15 09:50:00,近5日趋势升温；站上20日线且不过热；震荡市里保持相对强势,当日转弱；量能不足；后段人气股在偏弱环境里更谨慎,v2
2026-05-15,,次日已审,低层级强势反哺,普通/不推送走强,low_level_winner,不推送 后来走强，原因反哺：持续霸榜、震荡市里保持相对强势,76,002050,三花智控,不推送,未入快策略,,2026-05-15,0,common_index_cache,23,-1.55,14.79,16.82,18.83,16.82,11.59,19.32,-2.79,3.94,20.26,intraday_0950,2026-05-15 09:50:00,持续霸榜；震荡市里保持相对强势,量能不足；近5日趋势未确认；热度可能进入后段；后段人气股在偏弱环境里更谨慎,v2
2026-05-15,,次日已审,低层级强势反哺,普通/不推送走强,low_level_winner,不推送 后来走强，原因反哺：人气Top50、人气排名明显上升、持续霸榜,38,002361,神剑股份,不推送,未入快策略,,2026-05-15,0,common_index_cache,23,-1.95,15.51,18.71,22.41,18.71,10.61,8.98,-4.24,-5.65,22.41,intraday_0950,2026-05-15 09:50:00,人气Top50；收盘承接较强；持续霸榜；人气排名明显上升；震荡市里保持相对强势；震荡市里承接未失控,量能不足；近5日趋势未确认；仍在20日线下方；热度可能进入后段,v2
2026-05-15,,次日已审,低层级强势反哺,普通/不推送走强,low_level_winner,不推送 后来走强，原因反哺：人气Top20、持续霸榜,15,002580,圣阳股份,不推送,未入快策略,,2026-05-15,0,common_index_cache,23,-2.56,28.0,20.81,28.68,20.81,19.72,19.12,-6.47,-6.93,28.68,intraday_0950,2026-05-15 09:50:00,人气Top20；持续霸榜,当日转弱；收盘承接偏弱；量能不足；近5日趋势未确认；仍在20日线下方；热度可能进入后段；震荡市里相对走弱；市场健康度不足，收缩推送；v2回避转弱弱收盘样本,v2
2026-05-15,,次日已审,低层级强势反哺,普通/不推送走强,low_level_winner,不推送 后来走强，原因反哺：人气Top10、持续霸榜,7,002081,金螳螂,不推送,未入快策略,,2026-05-15,0,common_index_cache,23,-7.2,35.02,35.02,43.0,35.02,18.29,13.04,-12.39,-16.28,43.0,intraday_0950,2026-05-15 09:50:00,人气Top10；持续霸榜,当日转弱；收盘承接偏弱；量能不足；近5日趋势未确认；仍在20日线下方；热度可能进入后段；震荡市里相对走弱；市场健康度不足，收缩推送；v2回避转弱弱收盘样本,v2
2026-05-15,,次日已审,低层级强势反哺,普通/不推送走强,low_level_winner,不推送 后来走强，原因反哺：人气Top50、收盘承接较强、震荡市里保持相对强势,30,600118,中国卫星,不推送,未入快策略,,2026-05-15,0,common_index_cache,23,-11.44,11.01,13.25,16.32,13.25,0.91,-0.46,-9.09,-10.33,16.32,intraday_0950,2026-05-15 09:50:00,人气Top50；收盘承接较强；震荡市里保持相对强势；震荡市里承接未失控,量能不足；近5日趋势未确认；仍在20日线下方,v2
2026-05-15,,次日已审,低层级强势反哺,普通/不推送走强,low_level_winner,不推送 后来走强，原因反哺：原因待补充,89,603538,美诺华,不推送,未入快策略,,2026-05-15,0,common_index_cache,23,-15.55,13.96,12.0,16.87,12.0,18.45,12.69,3.94,-1.12,22.45,intraday_0950,2026-05-15 09:50:00,-,当日转弱；收盘承接偏弱；量能不足；近5日趋势未确认；仍在20日线下方；人气排名明显回落；震荡市里相对走弱；后段人气股在偏弱环境里更谨慎；市场健康度不足，收缩推送；v2回避转弱弱收盘样本；v2回避人气转弱样本,v2
2026-05-15,,次日已审,低层级强势反哺,普通/不推送走强,low_level_winner,不推送 后来走强，原因反哺：震荡市里保持相对强势,91,002245,蔚蓝锂芯,不推送,未入快策略,,2026-05-15,0,common_index_cache,23,-22.26,-34.86,-29.3,-27.83,-29.3,-31.97,-23.24,4.45,17.84,-23.24,intraday_0950,2026-05-15 09:50:00,震荡市里保持相对强势,当日转弱；短线涨幅过热；远离20日线过多；人气排名明显回落；后段人气股在偏弱环境里更谨慎；v2回避转弱弱收盘样本；v2回避人气转弱样本；v2回避前段过热样本,v2
2026-05-15,,次日已审,低层级强势反哺,普通/不推送走强,low_level_winner,不推送 后来走强，原因反哺：人气Top50、温和放量、站上20日线且不过热,43,600481,双良节能,不推送,未入快策略,,2026-05-15,0,common_index_cache,23,-23.29,0.3,-0.3,2.28,-0.3,11.42,16.44,11.08,16.08,19.63,intraday_0950,2026-05-15 09:50:00,人气Top50；温和放量；站上20日线且不过热；震荡市里保持相对强势,当日转弱；收盘承接偏弱；v2回避转弱弱收盘样本,v2
2026-05-15,,次日已审,低层级强势反哺,普通/不推送走强,low_level_winner,不推送 后来走强，原因反哺：收在日内高位、震荡市里保持相对强势,82,603779,威龙股份,不推送,未入快策略,,2026-05-15,0,common_index_cache,23,-40.78,-16.53,-16.53,-16.53,-16.53,0.99,0.0,20.99,19.8,11.09,intraday_0950,2026-05-15 09:50:00,收在日内高位；震荡市里保持相对强势,当日转弱；量能不足；短线涨幅过热；远离20日线过多；后段人气股在偏弱环境里更谨慎；v2回避前段过热样本,v2
2026-05-15,,次日已审,低层级强势反哺,普通/不推送走强,low_level_winner,不推送 后来走强，原因反哺：温和放量,70,002165,红宝丽,不推送,已入快策略,,2026-05-15,0,common_index_cache,23,-1.99,28.25,25.2,28.38,25.2,15.78,6.63,-9.72,-16.86,28.91,intraday_0950,2026-05-15 09:50:00,温和放量,当日转弱；收盘承接偏弱；近5日趋势未确认；仍在20日线下方；震荡市里相对走弱；后段人气股在偏弱环境里更谨慎；市场健康度不足，收缩推送；v2回避转弱弱收盘样本,v2
2026-05-15,,次日已审,低层级强势反哺,普通/不推送走强,low_level_winner,不推送 后来走强，原因反哺：人气Top50、人气排名明显上升、近5日强势延续,21,002208,合肥城建,不推送,已入快策略,,2026-05-15,0,common_index_cache,23,-6.29,21.75,21.75,21.75,21.75,37.95,15.51,13.31,-5.12,40.51,intraday_0950,2026-05-15 09:50:00,人气Top50；近5日强势延续；连续上榜确认；人气排名明显上升；震荡市里保持相对强势,当日转弱；收盘承接偏弱；短线涨幅偏高；偏离20日线较大；v2回避转弱弱收盘样本；v2回避前段过热样本,v2
2026-05-14,2026-05-07,次日已审,快策略候选,优先成功,priority_success,下个交易日主盯 后续最高表现达到 19.89%，保留这类命中特征。,1,601991,大唐发电,观察池,下个交易日主盯,70.8,2026-05-13,1,common_index_cache,24,1.67,-22.16,-11.8,-11.8,-11.8,-6.68,-21.49,19.89,0.86,-3.79,intraday_0950,2026-05-14 09:50:00,人气Top3；当日涨停附近；收在日内高位；站上20日线且不过热；持续霸榜；市场强势且个股相对强势,热度可能进入后段；涨停封板不可买,v2
2026-05-14,2026-05-07,次日已审,快策略候选,优先成功,priority_success,下个交易日主盯 后续最高表现达到 41.56%，保留这类命中特征。,41,301666,大普微,观察池,下个交易日主盯,70.2,2026-05-13,1,common_index_cache,21,-9.76,-18.23,-11.46,-11.46,-11.46,15.75,-7.16,41.56,13.54,19.65,intraday_0950,2026-05-14 09:50:00,人气Top50；当日涨停附近；收盘承接较强；站上20日线且不过热；人气排名明显上升；市场强势且个股相对强势,涨停封板不可买,v2
2026-05-14,2026-05-07,次日已审,快策略候选,优先成功,priority_success,下个交易日主盯 后续最高表现达到 33.13%，保留这类命中特征。,87,002208,合肥城建,观察池,下个交易日主盯,55.5,2026-05-13,1,common_index_cache,24,-11.21,-0.96,4.85,9.85,4.85,26.87,17.63,28.1,18.77,33.13,intraday_0950,2026-05-14 09:50:00,当日涨停附近；收在日内高位；站上20日线且不过热；市场强势且个股相对强势,涨停封板不可买,v2
2026-05-14,2026-05-07,次日已审,快策略候选,优先走弱,priority_failed,下个交易日主盯 未兑现，复盘风险项：热度可能进入后段,44,600726,华电能源,普通观察,下个交易日主盯,72.0,2026-05-13,1,common_index_cache,24,-9.19,-17.07,-16.63,-8.1,-16.63,-23.41,-32.28,-7.65,-18.34,-8.1,intraday_0950,2026-05-14 09:50:00,人气Top50；当日强涨；收在日内高位；站上20日线且不过热；持续霸榜；人气排名明显上升；市场强势且个股相对强势,热度可能进入后段,v2
2026-05-14,2026-05-07,次日已审,快策略候选,优先走弱,priority_failed,下个交易日主盯 未兑现，复盘风险项：热度可能进入后段,3,600396,华电辽能,普通观察,下个交易日主盯,65.4,2026-05-13,1,common_index_cache,24,-3.37,-14.22,-5.37,-2.28,-5.37,-12.32,-22.75,2.22,-9.94,-2.28,intraday_0950,2026-05-14 09:50:00,人气Top3；当日强涨；收盘承接较强；站上20日线且不过热；持续霸榜；市场强势且个股相对强势,热度可能进入后段,v2
2026-05-14,2026-05-07,次日已审,快策略候选,优先走弱,priority_failed,下个交易日主盯 未兑现，复盘风险项：强势市里个股相对走弱,4,002015,协鑫能科,不推送,下个交易日主盯,61.95,2026-05-13,1,common_index_cache,24,-11.61,7.79,1.26,10.07,1.26,4.43,-6.06,-3.12,-12.85,10.07,intraday_0950,2026-05-14 09:50:00,人气Top10；收盘承接较强；站上20日线且不过热；连续上榜确认；人气排名明显上升,强势市里个股相对走弱,v2
2026-05-14,2026-05-07,次日已审,快策略候选,优先走弱,priority_failed,下个交易日主盯 未兑现，复盘风险项：热度可能进入后段；v2回避非封板高位追涨样本,19,001309,德明利,普通观察,下个交易日主盯,60.0,2026-05-13,1,common_index_cache,24,-2.63,-0.93,-2.3,4.28,-2.3,-4.07,-9.98,-3.16,-9.13,4.28,intraday_0950,2026-05-14 09:50:00,人气Top20；当日强涨；收在日内高位；站上20日线且不过热；持续霸榜；人气排名明显上升；市场强势且个股相对强势,热度可能进入后段；v2回避非封板高位追涨样本,v2
2026-05-14,2026-05-07,次日已审,快策略候选,暂未强势,neutral,继续等待更多交易日或降低权重。,21,002491,通鼎互联,观察池,下个交易日主盯,72.9,2026-05-13,1,common_index_cache,24,6.41,-10.79,-16.27,-9.45,-16.27,-12.19,-19.42,-1.58,-9.68,-7.78,intraday_0950,2026-05-14 09:50:00,人气Top50；当日涨停附近；收在日内高位；站上20日线且不过热；持续霸榜；市场强势且个股相对强势,热度可能进入后段；涨停封板不可买,v2
2026-05-14,2026-05-07,次日已审,快策略候选,暂未强势,neutral,继续等待更多交易日或降低权重。,35,600667,太极实业,不推送,下个交易日主盯,65.4,2026-05-13,1,common_index_cache,24,5.78,-29.59,-31.31,-27.36,-31.31,-27.14,-30.92,3.48,-1.9,-22.53,intraday_0950,2026-05-14 09:50:00,人气Top50；当日上涨；收在日内高位；站上20日线且不过热；连续上榜确认；市场强势且个股相对强势,-,v2
2026-05-14,2026-05-07,次日已审,快策略候选,暂未强势,neutral,继续等待更多交易日或降低权重。,43,002428,云南锗业,不推送,下个交易日主盯,53.4,2026-05-13,1,common_index_cache,24,0.2,-3.07,-8.81,-1.8,-8.81,-8.55,-15.4,-5.66,-12.73,-1.8,intraday_0950,2026-05-14 09:50:00,人气Top50；当日强涨；收在日内高位；站上20日线且不过热；持续霸榜；市场强势且个股相对强势,热度可能进入后段；人气排名明显回落,v2
2026-05-14,2026-05-07,次日已审,快策略候选,备选走强,backup_success,备选观察 后续最高表现达到 17.67%，保留这类命中特征。,10,601868,中国能建,不推送,备选观察,45.4,2026-05-13,1,common_index_cache,24,2.12,12.01,14.49,17.67,14.49,12.72,5.3,0.63,-5.99,17.67,intraday_0950,2026-05-14 09:50:00,人气Top10；当日上涨；站上20日线且不过热；持续霸榜；人气排名明显上升；市场强势且个股相对强势,热度可能进入后段,v2
2026-05-14,2026-05-07,次日已审,快策略候选,暂未强势,neutral,继续等待更多交易日或降低权重。,78,001896,豫能控股,不推送,只看不追,41.6,2026-05-13,1,common_index_cache,24,13.1,-16.79,-21.05,-15.28,-21.05,-15.85,-14.92,1.12,2.25,-13.51,intraday_0950,2026-05-14 09:50:00,当日强涨；收在日内高位；站上20日线且不过热；连续上榜确认；人气排名明显上升；市场强势且个股相对强势,v2回避非封板高位追涨样本,v2
2026-05-14,2026-05-07,次日已审,快策略候选,备选走强,backup_success,只看不追 后续最高表现达到 15.32%，保留这类命中特征。,36,600487,亨通光电,不推送,只看不追,41.6,2026-05-13,1,common_index_cache,24,15.32,-23.14,-27.48,-22.59,-27.48,-21.59,-27.38,2.01,-5.52,-18.83,intraday_0950,2026-05-14 09:50:00,人气Top50；当日上涨；收在日内高位；站上20日线且不过热；持续霸榜；市场强势且个股相对强势,热度可能进入后段,v2
2026-05-14,2026-05-07,次日已审,快策略候选,备选走强,backup_success,只看不追 后续最高表现达到 16.96%，保留这类命中特征。,15,000988,华工科技,不推送,只看不追,41.4,2026-05-13,1,common_index_cache,24,16.88,-5.51,-8.34,-2.17,-8.34,8.4,5.36,14.73,11.51,16.96,intraday_0950,2026-05-14 09:50:00,人气Top20；收在日内高位；站上20日线且不过热；持续霸榜；人气排名明显上升；市场强势且个股相对强势,热度可能进入后段,v2
2026-05-14,,次日已审,低层级强势反哺,普通/不推送走强,low_level_winner,不推送 后来走强，原因反哺：站上20日线且不过热、近5日趋势升温,89,603773,沃格光电,不推送,未入快策略,,2026-05-14,0,common_index_cache,24,102.4,-8.64,-8.64,-8.64,-8.64,-13.83,-1.29,-5.68,8.04,4.22,intraday_0950,2026-05-14 09:50:00,近5日趋势升温；站上20日线且不过热,当日转弱；收盘承接偏弱；量能不足；人气排名明显回落；弱市先收缩执行；后段人气股在偏弱环境里更谨慎；v2回避转弱弱收盘样本；v2回避人气转弱样本,v2
2026-05-14,,次日已审,低层级强势反哺,普通/不推送走强,low_level_winner,不推送 后来走强，原因反哺：站上20日线且不过热、近5日趋势升温,60,600183,生益科技,不推送,未入快策略,,2026-05-14,0,common_index_cache,24,88.72,-3.02,-6.61,-2.54,-6.61,4.73,2.02,7.99,5.2,11.77,intraday_0950,2026-05-14 09:50:00,近5日趋势升温；站上20日线且不过热,收盘承接偏弱；上影线偏长；弱市先收缩执行；后段人气股在偏弱环境里更谨慎,v2
2026-05-14,,次日已审,低层级强势反哺,普通/不推送走强,low_level_winner,不推送 后来走强，原因反哺：持续霸榜、站上20日线且不过热,95,603986,兆易创新,不推送,未入快策略,,2026-05-14,0,common_index_cache,24,61.08,-3.18,2.96,5.34,2.96,10.99,18.51,14.64,22.4,27.56,intraday_0950,2026-05-14 09:50:00,站上20日线且不过热；持续霸榜,当日转弱；收盘承接偏弱；量能不足；热度可能进入后段；弱市先收缩执行；后段人气股在偏弱环境里更谨慎；弱市里的长连榜样本优先降权；v2回避转弱弱收盘样本,v2
2026-05-14,,次日已审,低层级强势反哺,普通/不推送走强,low_level_winner,不推送 后来走强，原因反哺：人气Top20、站上20日线且不过热、近5日趋势升温,14,600584,长电科技,不推送,未入快策略,,2026-05-14,0,common_index_cache,24,46.0,-1.48,3.66,6.66,3.66,8.59,19.36,10.22,21.15,27.29,intraday_0950,2026-05-14 09:50:00,人气Top20；近5日趋势升温；站上20日线且不过热；连续上榜确认,当日转弱；收盘承接偏弱；量能不足；弱市先收缩执行；v2回避转弱弱收盘样本,v2
2026-05-14,,次日已审,低层级强势反哺,普通/不推送走强,low_level_winner,不推送 后来走强，原因反哺：人气Top50、人气排名明显上升、持续霸榜,22,600186,莲花控股,不推送,未入快策略,,2026-05-14,0,common_index_cache,24,41.64,-0.19,-0.1,4.73,-0.1,11.69,3.19,11.91,3.39,14.49,intraday_0950,2026-05-14 09:50:00,人气Top50；站上20日线且不过热；持续霸榜；人气排名明显上升,当日转弱；收盘承接偏弱；量能不足；近5日趋势未确认；热度可能进入后段；弱市先收缩执行；弱市里的长连榜样本优先降权；市场健康度不足，收缩推送；市场健康度偏弱；v2回避转弱弱收盘样本,v2
2026-05-14,,次日已审,低层级强势反哺,普通/不推送走强,low_level_winner,不推送 后来走强，原因反哺：近5日趋势升温,69,603936,博敏电子,不推送,未入快策略,,2026-05-14,0,common_index_cache,24,22.92,-1.38,-3.08,1.56,-3.08,-5.05,-5.7,-3.73,-4.38,1.98,intraday_0950,2026-05-14 09:50:00,近5日趋势升温,当日转弱；收盘承接偏弱；量能不足；偏离20日线较大；弱市先收缩执行；后段人气股在偏弱环境里更谨慎；v2回避转弱弱收盘样本,v2
2026-05-14,,次日已审,低层级强势反哺,普通/不推送走强,low_level_winner,不推送 后来走强，原因反哺：持续霸榜、站上20日线且不过热、近5日趋势升温,70,600105,永鼎股份,不推送,未入快策略,,2026-05-14,0,common_index_cache,24,21.26,3.75,-1.04,6.67,-1.04,-3.02,-11.05,-6.52,-14.26,6.67,intraday_0950,2026-05-14 09:50:00,近5日趋势升温；站上20日线且不过热；持续霸榜,当日转弱；收盘承接偏弱；量能不足；热度可能进入后段；人气排名明显回落；弱市先收缩执行；后段人气股在偏弱环境里更谨慎；弱市里的长连榜样本优先降权；v2回避转弱弱收盘样本；v2回避人气转弱样本,v2
2026-05-14,,次日已审,低层级强势反哺,普通/不推送走强,low_level_winner,不推送 后来走强，原因反哺：弱市中个股相对抗跌、收在日内高位、站上20日线且不过热,96,000021,深科技,不推送,未入快策略,,2026-05-14,0,common_index_cache,24,21.21,-2.63,-5.54,-1.21,-5.54,5.79,2.12,8.65,4.87,12.34,intraday_0950,2026-05-14 09:50:00,收在日内高位；近5日趋势升温；站上20日线且不过热；弱市中个股相对抗跌,量能不足；后段人气股在偏弱环境里更谨慎,v2
2026-05-14,,次日已审,低层级强势反哺,普通/不推送走强,low_level_winner,不推送 后来走强，原因反哺：弱市中个股相对抗跌、当日上涨、收盘承接较强,99,600498,烽火通信,不推送,未入快策略,,2026-05-14,0,common_index_cache,24,17.61,-9.26,-16.73,-8.16,-16.73,-13.17,-17.12,-4.31,-8.65,-6.47,intraday_0950,2026-05-14 09:50:00,当日上涨；收盘承接较强；近5日强势延续；站上20日线且不过热；弱市中个股相对抗跌,量能不足；短线涨幅偏高；人气排名明显回落；后段人气股在偏弱环境里更谨慎；v2回避前段过热样本,v2
2026-05-14,,次日已审,低层级强势反哺,普通/不推送走强,low_level_winner,不推送 后来走强，原因反哺：人气Top50、弱市中个股相对抗跌、当日上涨,32,002281,光迅科技,不推送,未入快策略,,2026-05-14,0,common_index_cache,24,17.55,-2.85,-4.56,-1.01,-4.56,12.15,5.55,15.44,8.65,19.88,intraday_0950,2026-05-14 09:50:00,人气Top50；当日上涨；收盘承接较强；近5日强势延续；持续霸榜；弱市中个股相对抗跌,量能不足；短线涨幅偏高；偏离20日线较大；热度可能进入后段；弱市里的长连榜样本优先降权；v2回避后段过热样本,v2
2026-05-14,,次日已审,低层级强势反哺,普通/不推送走强,low_level_winner,不推送 后来走强，原因反哺：人气Top50、人气排名明显上升、持续霸榜,48,301308,江波龙,不推送,未入快策略,,2026-05-14,0,common_index_cache,24,15.1,19.99,18.69,22.21,18.69,13.04,8.32,-5.8,-9.73,24.03,intraday_0950,2026-05-14 09:50:00,人气Top50；站上20日线且不过热；持续霸榜；人气排名明显上升,当日转弱；收盘承接偏弱；量能不足；热度可能进入后段；弱市先收缩执行；弱市里的长连榜样本优先降权；市场健康度不足，收缩推送；市场健康度偏弱；v2回避转弱弱收盘样本,v2
2026-05-14,,次日已审,低层级强势反哺,普通/不推送走强,low_level_winner,不推送 后来走强，原因反哺：人气排名明显上升、弱市中个股相对抗跌、持续霸榜,52,002297,博云新材,不推送,未入快策略,,2026-05-14,0,common_index_cache,24,14.53,15.1,14.84,21.01,14.84,6.62,9.77,-7.37,-4.63,21.01,intraday_0950,2026-05-14 09:50:00,收在日内高位；站上20日线且不过热；持续霸榜；人气排名明显上升；弱市中个股相对抗跌,量能不足；近5日趋势未确认；热度可能进入后段；后段人气股在偏弱环境里更谨慎；弱市里的长连榜样本优先降权,v2
2026-05-14,,次日已审,低层级强势反哺,普通/不推送走强,low_level_winner,不推送 后来走强，原因反哺：近5日趋势升温,85,000811,冰轮环境,不推送,未入快策略,,2026-05-14,0,common_index_cache,24,13.8,4.55,3.21,8.88,3.21,18.6,9.66,13.44,4.89,19.85,intraday_0950,2026-05-14 09:50:00,近5日趋势升温,收盘承接偏弱；偏离20日线较大；上影线偏长；弱市先收缩执行；后段人气股在偏弱环境里更谨慎,v2
2026-05-14,,次日已审,低层级强势反哺,普通/不推送走强,low_level_winner,不推送 后来走强，原因反哺：弱市中个股相对抗跌、当日强涨、持续霸榜,68,600703,三安光电,不推送,未入快策略,,2026-05-14,0,common_index_cache,24,12.6,16.08,6.04,17.32,6.04,10.56,3.02,-4.75,-11.25,17.32,intraday_0950,2026-05-14 09:50:00,当日强涨；收在日内高位；站上20日线且不过热；持续霸榜；弱市中个股相对抗跌,量能不足；热度可能进入后段；人气排名明显回落；后段人气股在偏弱环境里更谨慎；弱市里的长连榜样本优先降权；v2回避非封板高位追涨样本,v2
2026-05-14,,次日已审,低层级强势反哺,普通/不推送走强,low_level_winner,不推送 后来走强，原因反哺：人气Top50、人气排名明显上升,37,603601,再升科技,不推送,未入快策略,,2026-05-14,0,common_index_cache,24,10.05,14.72,17.66,21.35,17.66,25.47,26.45,9.37,10.22,39.43,intraday_0950,2026-05-14 09:50:00,人气Top50；人气排名明显上升,当日转弱；收盘承接偏弱；量能不足；近5日趋势未确认；仍在20日线下方；弱市先收缩执行；市场健康度不足，收缩推送；市场健康度偏弱；v2回避转弱弱收盘样本,v2
2026-05-14,,次日已审,低层级强势反哺,普通/不推送走强,low_level_winner,不推送 后来走强，原因反哺：弱市中个股相对抗跌、收盘承接较强,91,000977,浪潮信息,不推送,未入快策略,,2026-05-14,0,common_index_cache,24,2.81,14.06,11.84,15.84,11.84,15.06,5.69,0.88,-7.34,18.35,intraday_0950,2026-05-14 09:50:00,收盘承接较强；弱市中个股相对抗跌,当日转弱；量能不足；近5日趋势未确认；仍在20日线下方；人气排名明显回落；后段人气股在偏弱环境里更谨慎,v2
2026-05-14,,次日已审,低层级强势反哺,普通/不推送走强,low_level_winner,不推送 后来走强，原因反哺：人气排名明显上升、持续霸榜,73,002050,三花智控,不推送,未入快策略,,2026-05-14,0,common_index_cache,24,-1.55,8.79,14.92,18.7,14.92,15.52,16.62,6.19,7.2,20.26,intraday_0950,2026-05-14 09:50:00,持续霸榜；人气排名明显上升,量能不足；近5日趋势未确认；热度可能进入后段；弱市先收缩执行；后段人气股在偏弱环境里更谨慎；弱市里的长连榜样本优先降权,v2
2026-05-14,,次日已审,低层级强势反哺,普通/不推送走强,low_level_winner,不推送 后来走强，原因反哺：弱市中个股相对抗跌、持续霸榜、收盘承接较强,66,002361,神剑股份,不推送,未入快策略,,2026-05-14,0,common_index_cache,24,-1.95,15.19,18.71,22.91,18.71,14.81,8.6,-0.33,-5.72,22.91,intraday_0950,2026-05-14 09:50:00,收盘承接较强；持续霸榜；弱市中个股相对抗跌,量能不足；近5日趋势未确认；仍在20日线下方；热度可能进入后段；人气排名明显回落；后段人气股在偏弱环境里更谨慎；弱市里的长连榜样本优先降权,v2
2026-05-14,,次日已审,低层级强势反哺,普通/不推送走强,low_level_winner,不推送 后来走强，原因反哺：持续霸榜,84,002149,西部材料,不推送,未入快策略,,2026-05-14,0,common_index_cache,24,-2.56,15.2,11.99,16.5,11.99,10.73,13.82,-3.89,-1.2,23.19,intraday_0950,2026-05-14 09:50:00,持续霸榜,当日转弱；收盘承接偏弱；量能不足；近5日趋势未确认；热度可能进入后段；人气排名明显回落；弱市先收缩执行；后段人气股在偏弱环境里更谨慎；弱市里的长连榜样本优先降权；v2回避转弱弱收盘样本；v2回避人气转弱样本,v2
2026-05-14,,次日已审,低层级强势反哺,普通/不推送走强,low_level_winner,不推送 后来走强，原因反哺：人气Top50、温和放量,46,600578,京能电力,不推送,未入快策略,,2026-05-14,0,common_index_cache,24,-5.2,-23.17,-17.14,-17.14,-17.14,-2.25,-3.31,27.23,25.85,0.24,intraday_0950,2026-05-14 09:50:00,人气Top50；温和放量,收盘承接偏弱；短线涨幅过热；远离20日线过多；上影线偏长；弱市先收缩执行；v2回避中后段放量追高样本；v2回避前段过热样本,v2
2026-05-14,,次日已审,低层级强势反哺,普通/不推送走强,low_level_winner,不推送 后来走强，原因反哺：持续霸榜,90,002342,巨力索具,不推送,未入快策略,,2026-05-14,0,common_index_cache,24,-7.07,75.18,75.91,84.24,75.91,42.48,15.76,-18.67,-33.92,84.24,intraday_0950,2026-05-14 09:50:00,持续霸榜,当日转弱；收盘承接偏弱；量能不足；近5日趋势未确认；仍在20日线下方；热度可能进入后段；人气排名明显回落；弱市先收缩执行；后段人气股在偏弱环境里更谨慎；弱市里的长连榜样本优先降权；市场健康度不足，收缩推送；市场健康度偏弱；v2回避转弱弱收盘样本；v2回避人气转弱样本,v2
2026-05-14,,次日已审,低层级强势反哺,普通/不推送走强,low_level_winner,不推送 后来走强，原因反哺：人气Top10、持续霸榜,7,002081,金螳螂,不推送,未入快策略,,2026-05-14,0,common_index_cache,24,-7.2,47.08,50.19,64.79,50.19,31.71,8.56,-10.45,-26.19,64.79,intraday_0950,2026-05-14 09:50:00,人气Top10；持续霸榜,当日转弱；收盘承接偏弱；量能不足；近5日趋势未确认；热度可能进入后段；弱市先收缩执行；弱市里的长连榜样本优先降权；市场健康度不足，收缩推送；市场健康度偏弱；v2回避转弱弱收盘样本,v2
2026-05-14,,次日已审,低层级强势反哺,普通/不推送走强,low_level_winner,不推送 后来走强，原因反哺：站上20日线且不过热,71,600589,大位科技,不推送,未入快策略,,2026-05-14,0,common_index_cache,24,-11.5,12.62,11.06,19.97,11.06,13.05,7.35,0.38,-4.68,21.0,intraday_0950,2026-05-14 09:50:00,站上20日线且不过热,当日转弱；收盘承接偏弱；量能不足；人气排名明显回落；弱市先收缩执行；后段人气股在偏弱环境里更谨慎；市场健康度不足，收缩推送；市场健康度偏弱；v2回避转弱弱收盘样本；v2回避人气转弱样本,v2
2026-05-14,,次日已审,低层级强势反哺,普通/不推送走强,low_level_winner,不推送 后来走强，原因反哺：人气Top20、人气排名明显上升、弱市中个股相对抗跌,15,000988,华工科技,不推送,已入快策略,,2026-05-14,0,common_index_cache,24,16.88,-5.51,-8.34,-2.17,-8.34,8.4,5.36,14.73,11.51,16.96,intraday_0950,2026-05-14 09:50:00,人气Top20；收在日内高位；近5日趋势升温；站上20日线且不过热；持续霸榜；人气排名明显上升；弱市中个股相对抗跌,量能不足；热度可能进入后段；弱市里的长连榜样本优先降权,v2
2026-05-14,,次日已审,低层级强势反哺,普通/不推送走强,low_level_winner,不推送 后来走强，原因反哺：人气Top50、持续霸榜、近5日强势延续,36,600487,亨通光电,不推送,已入快策略,,2026-05-14,0,common_index_cache,24,15.32,-23.14,-27.48,-22.59,-27.48,-21.59,-27.38,2.01,-5.52,-18.83,intraday_0950,2026-05-14 09:50:00,人气Top50；近5日强势延续；持续霸榜,当日转弱；量能不足；短线涨幅偏高；偏离20日线较大；热度可能进入后段；弱市先收缩执行；弱市里的长连榜样本优先降权；v2回避转弱弱收盘样本；v2回避后段过热样本；v2回避人气转弱样本,v2
2026-05-14,,次日已审,低层级强势反哺,普通/不推送走强,low_level_winner,不推送 后来走强，原因反哺：人气Top10、人气排名明显上升、持续霸榜,10,601868,中国能建,不推送,已入快策略,,2026-05-14,0,common_index_cache,24,2.12,12.01,14.49,17.67,14.49,12.72,5.3,0.63,-5.99,17.67,intraday_0950,2026-05-14 09:50:00,人气Top10；持续霸榜；人气排名明显上升,当日转弱；量能不足；近5日趋势未确认；仍在20日线下方；热度可能进入后段；弱市先收缩执行；弱市里的长连榜样本优先降权；市场健康度不足，收缩推送；市场健康度偏弱；v2回避转弱弱收盘样本,v2
2026-05-14,,次日已审,低层级强势反哺,普通/不推送走强,low_level_winner,不推送 后来走强，原因反哺：人气Top3、弱市中个股相对抗跌、当日上涨,1,601991,大唐发电,不推送,已入快策略,,2026-05-14,0,common_index_cache,24,1.67,-22.16,-11.8,-11.8,-11.8,-6.68,-21.49,19.89,0.86,-3.79,intraday_0950,2026-05-14 09:50:00,人气Top3；当日上涨；收盘承接较强；持续霸榜；弱市中个股相对抗跌,短线涨幅过热；远离20日线过多；热度可能进入后段；弱市里的长连榜样本优先降权；Top3高热度拥挤，次日兑现风险,v2
2026-05-14,,次日已审,低层级强势反哺,普通/不推送走强,low_level_winner,不推送 后来走强，原因反哺：人气Top50、人气排名明显上升、当日强涨,41,301666,大普微,不推送,已入快策略,,2026-05-14,0,common_index_cache,21,-9.76,-18.23,-11.46,-11.46,-11.46,15.75,-7.16,41.56,13.54,19.65,intraday_0950,2026-05-14 09:50:00,人气Top50；当日强涨；人气排名明显上升,量能不足；短线涨幅过热；远离20日线过多；弱市先收缩执行；v2回避前段过热样本,v2
2026-05-13,2026-05-06,次日已审,快策略候选,优先成功,priority_success,下个交易日主盯 后续最高表现达到 15.37%，保留这类命中特征。,94,002222,福晶科技,观察池,下个交易日主盯,52.7,2026-05-12,1,common_index_cache,25,-3.27,7.17,5.33,15.37,5.33,-3.03,0.09,-9.51,-6.6,15.37,intraday_0950,2026-05-13 09:50:00,当日涨停附近；收在日内高位；站上20日线且不过热；市场强势且个股相对强势,人气排名明显回落；涨停封板不可买,v2
2026-05-13,2026-05-06,次日已审,快策略候选,优先走弱,priority_failed,下个交易日主盯 未兑现，复盘风险项：热度可能进入后段,4,600396,华电辽能,普通观察,下个交易日主盯,74.7,2026-05-12,1,common_index_cache,25,-3.37,-4.18,-9.66,-1.47,-9.66,-14.82,-21.06,-11.1,-17.62,-1.47,intraday_0950,2026-05-13 09:50:00,人气Top10；当日强涨；收盘承接较强；站上20日线且不过热；持续霸榜；市场强势且个股相对强势,热度可能进入后段,v2
2026-05-13,2026-05-06,次日已审,快策略候选,优先走弱,priority_failed,下个交易日主盯 未兑现，复盘风险项：涨停封板不可买,44,603618,杭电股份,观察池,下个交易日主盯,56.1,2026-05-12,1,common_index_cache,25,0.0,-23.68,-26.93,-23.0,-26.93,-25.38,-17.69,-2.23,7.85,-17.69,intraday_0950,2026-05-13 09:50:00,人气Top50；当日涨停附近；收在日内高位；站上20日线且不过热；市场强势且个股相对强势,涨停封板不可买,v2
2026-05-13,2026-05-06,次日已审,快策略候选,优先走弱,priority_failed,下个交易日主盯 未兑现，复盘风险项：热度可能进入后段,67,600726,华电能源,不推送,下个交易日主盯,53.4,2026-05-12,1,common_index_cache,25,-0.95,5.73,-4.53,8.11,-4.53,-16.71,-23.27,-21.22,-27.43,8.11,intraday_0950,2026-05-13 09:50:00,当日强涨；收在日内高位；站上20日线且不过热；持续霸榜；人气排名明显上升；市场强势且个股相对强势,热度可能进入后段,v2
2026-05-13,2026-05-06,次日已审,快策略候选,暂未强势,neutral,继续等待更多交易日或降低权重。,5,002428,云南锗业,重点观察,下个交易日主盯,79.2,2026-05-12,1,common_index_cache,25,0.2,0.95,-1.88,6.17,-1.88,-7.69,-8.14,-8.56,-9.0,6.17,intraday_0950,2026-05-13 09:50:00,人气Top10；当日强涨；收在日内高位；站上20日线且不过热；持续霸榜；人气排名明显上升；市场强势且个股相对强势,热度可能进入后段,v2
2026-05-13,2026-05-06,次日已审,快策略候选,暂未强势,neutral,继续等待更多交易日或降低权重。,11,600869,远东股份,观察池,下个交易日主盯,77.1,2026-05-12,1,common_index_cache,25,4.3,-27.56,-32.17,-26.47,-32.17,-33.27,-30.54,-7.88,-4.11,-26.47,intraday_0950,2026-05-13 09:50:00,人气Top20；当日涨停附近；收在日内高位；站上20日线且不过热；连续上榜确认；人气排名明显上升；市场强势且个股相对强势,涨停封板不可买,v2
2026-05-13,2026-05-06,次日已审,快策略候选,暂未强势,neutral,继续等待更多交易日或降低权重。,10,002491,通鼎互联,观察池,下个交易日主盯,65.1,2026-05-12,1,common_index_cache,25,6.41,-3.04,-8.64,-2.19,-8.64,-12.19,-10.49,-9.44,-7.68,-2.19,intraday_0950,2026-05-13 09:50:00,人气Top10；当日涨停附近；收在日内高位；站上20日线且不过热；持续霸榜；市场强势且个股相对强势,热度可能进入后段；涨停封板不可买,v2
2026-05-13,2026-05-06,次日已审,快策略候选,暂未强势,neutral,继续等待更多交易日或降低权重。,1,601991,大唐发电,观察池,下个交易日主盯,55.8,2026-05-12,1,common_index_cache,25,1.67,-9.69,-19.82,-9.69,-19.82,-11.69,-16.04,-2.22,-7.03,-3.79,intraday_0950,2026-05-13 09:50:00,人气Top3；当日涨停附近；收在日内高位；站上20日线且不过热；持续霸榜；市场强势且个股相对强势,热度可能进入后段；涨停封板不可买,v2
2026-05-13,2026-05-06,次日已审,快策略候选,暂未强势,neutral,继续等待更多交易日或降低权重。,78,600198,大唐电信,不推送,优先观察,48.2,2026-05-12,1,common_index_cache,25,1.54,10.86,4.17,11.95,4.17,1.86,-0.11,-8.11,-9.89,11.95,intraday_0950,2026-05-13 09:50:00,当日强涨；站上20日线且不过热；连续上榜确认；市场强势且个股相对强势,-,v2
2026-05-13,2026-05-06,次日已审,快策略候选,暂未强势,neutral,继续等待更多交易日或降低权重。,66,603045,福达合金,观察池,优先观察,47.4,2026-05-12,1,common_index_cache,25,1.83,-10.81,-16.54,-9.62,-16.54,-14.67,-19.6,-4.32,-9.85,-9.62,intraday_0950,2026-05-13 09:50:00,当日涨停附近；收在日内高位；站上20日线且不过热；连续上榜确认；市场强势且个股相对强势,一字或近似一字，参与点差；一字板不可买,v2
2026-05-13,2026-05-06,次日已审,快策略候选,备选走强,backup_success,只看不追 后续最高表现达到 103.55%，保留这类命中特征。,51,002552,宝鼎科技,不推送,只看不追,41.0,2026-05-12,1,common_index_cache,25,103.55,-3.64,-4.51,-0.03,-4.51,-0.31,5.5,3.45,9.48,13.09,intraday_0950,2026-05-13 09:50:00,当日上涨；站上20日线且不过热；市场强势且个股相对强势,-,v2
2026-05-13,,次日已审,低层级强势反哺,普通/不推送走强,low_level_winner,不推送 后来走强，原因反哺：原因待补充,75,301217,铜冠铜箔,不推送,未入快策略,,2026-05-13,0,common_index_cache,25,99.05,4.08,-5.92,5.17,-5.92,-4.57,-3.6,-8.31,-7.38,5.17,intraday_0950,2026-05-13 09:50:00,-,当日转弱；量能不足；偏离20日线较大；人气排名明显回落；强势市里个股相对走弱；v2回避转弱弱收盘样本；v2回避人气转弱样本,v2
2026-05-13,,次日已审,低层级强势反哺,普通/不推送走强,low_level_winner,不推送 后来走强，原因反哺：持续霸榜、站上20日线且不过热,89,603986,兆易创新,不推送,未入快策略,,2026-05-13,0,common_index_cache,25,70.52,6.0,3.42,8.46,3.42,16.17,29.27,9.59,21.95,29.27,intraday_0950,2026-05-13 09:50:00,站上20日线且不过热；持续霸榜,当日转弱；收盘承接偏弱；量能不足；热度可能进入后段；人气排名明显回落；强势市里个股相对走弱；v2回避转弱弱收盘样本；v2回避人气转弱样本,v2
2026-05-13,,次日已审,低层级强势反哺,普通/不推送走强,low_level_winner,不推送 后来走强，原因反哺：人气Top50、市场强势且个股相对强势、当日上涨,21,600667,太极实业,不推送,未入快策略,,2026-05-13,0,common_index_cache,25,47.1,2.55,-2.09,5.41,-2.09,1.24,5.88,-1.28,3.24,7.66,intraday_0950,2026-05-13 09:50:00,人气Top50；当日上涨；收在日内高位；温和放量；近5日强势延续；站上20日线且不过热；市场强势且个股相对强势,短线涨幅偏高；v2回避前段过热样本,v2
2026-05-13,,次日已审,低层级强势反哺,普通/不推送走强,low_level_winner,不推送 后来走强，原因反哺：持续霸榜、收盘承接较强、站上20日线且不过热,59,600186,莲花控股,不推送,未入快策略,,2026-05-13,0,common_index_cache,25,24.13,-8.38,-10.75,-5.76,-10.75,-11.01,-6.6,-2.87,1.94,0.34,intraday_0950,2026-05-13 09:50:00,收盘承接较强；站上20日线且不过热；持续霸榜,量能不足；热度可能进入后段,v2
2026-05-13,,次日已审,低层级强势反哺,普通/不推送走强,low_level_winner,不推送 后来走强，原因反哺：人气Top50、市场强势且个股相对强势、持续霸榜,41,000988,华工科技,不推送,未入快策略,,2026-05-13,0,common_index_cache,25,22.93,3.55,-1.12,5.22,-1.12,6.07,17.63,2.44,13.6,23.01,intraday_0950,2026-05-13 09:50:00,人气Top50；近5日趋势升温；站上20日线且不过热；持续霸榜；市场强势且个股相对强势,当日转弱；收盘承接偏弱；量能不足；热度可能进入后段；人气排名明显回落；v2回避转弱弱收盘样本；v2回避人气转弱样本,v2
2026-05-13,,次日已审,低层级强势反哺,普通/不推送走强,low_level_winner,不推送 后来走强，原因反哺：人气Top50、市场强势且个股相对强势、持续霸榜,33,600105,永鼎股份,不推送,未入快策略,,2026-05-13,0,common_index_cache,25,21.26,1.56,3.75,8.36,3.75,-0.94,-2.69,-2.46,-4.18,8.36,intraday_0950,2026-05-13 09:50:00,人气Top50；近5日趋势升温；站上20日线且不过热；持续霸榜；市场强势且个股相对强势,当日转弱；收盘承接偏弱；量能不足；热度可能进入后段；v2回避转弱弱收盘样本,v2
2026-05-13,,次日已审,低层级强势反哺,普通/不推送走强,low_level_winner,不推送 后来走强，原因反哺：人气排名明显上升、持续霸榜、站上20日线且不过热,55,001309,德明利,不推送,未入快策略,,2026-05-13,0,common_index_cache,25,16.32,14.58,18.29,21.21,18.29,20.48,14.08,5.16,-0.43,24.57,intraday_0950,2026-05-13 09:50:00,近5日趋势升温；站上20日线且不过热；持续霸榜；人气排名明显上升,当日转弱；量能不足；热度可能进入后段；强势市里个股相对走弱,v2
2026-05-13,,次日已审,低层级强势反哺,普通/不推送走强,low_level_winner,不推送 后来走强，原因反哺：人气Top50、市场强势且个股相对强势、持续霸榜,24,600487,亨通光电,不推送,未入快策略,,2026-05-13,0,common_index_cache,25,15.32,-20.12,-23.12,-19.79,-23.12,-25.4,-21.27,-6.61,-1.43,-18.83,intraday_0950,2026-05-13 09:50:00,人气Top50；近5日强势延续；持续霸榜；市场强势且个股相对强势,当日转弱；量能不足；短线涨幅偏高；偏离20日线较大；热度可能进入后段；v2回避转弱弱收盘样本；v2回避人气转弱样本,v2
2026-05-13,,次日已审,低层级强势反哺,普通/不推送走强,low_level_winner,不推送 后来走强，原因反哺：市场强势且个股相对强势、持续霸榜、近5日趋势升温,91,301308,江波龙,不推送,未入快策略,,2026-05-13,0,common_index_cache,25,4.95,11.03,9.78,17.03,9.78,8.54,4.73,-2.24,-5.67,17.03,intraday_0950,2026-05-13 09:50:00,近5日趋势升温；持续霸榜；市场强势且个股相对强势,当日转弱；收盘承接偏弱；量能不足；偏离20日线较大；热度可能进入后段；人气排名明显回落；v2回避转弱弱收盘样本；v2回避人气转弱样本,v2
2026-05-13,,次日已审,低层级强势反哺,普通/不推送走强,low_level_winner,不推送 后来走强，原因反哺：人气Top20、市场强势且个股相对强势、持续霸榜,19,002281,光迅科技,不推送,未入快策略,,2026-05-13,0,common_index_cache,25,3.72,-14.73,-12.66,-8.8,-12.66,-10.04,1.32,5.5,18.82,5.77,intraday_0950,2026-05-13 09:50:00,人气Top20；收在日内高位；持续霸榜；市场强势且个股相对强势,量能不足；短线涨幅过热；远离20日线过多；热度可能进入后段,v2
2026-05-13,,次日已审,低层级强势反哺,普通/不推送走强,low_level_winner,不推送 后来走强，原因反哺：人气Top50、持续霸榜,30,603778,国晟科技,不推送,未入快策略,,2026-05-13,0,common_index_cache,25,3.35,45.09,39.94,48.45,39.94,39.5,54.72,-3.85,6.64,55.28,intraday_0950,2026-05-13 09:50:00,人气Top50；持续霸榜,量能不足；近5日趋势未确认；仍在20日线下方；热度可能进入后段；强势市里个股相对走弱,v2
2026-05-13,,次日已审,低层级强势反哺,普通/不推送走强,low_level_winner,不推送 后来走强，原因反哺：人气Top50、人气排名明显上升、持续霸榜,45,601868,中国能建,不推送,未入快策略,,2026-05-13,0,common_index_cache,25,2.12,25.44,13.78,26.5,13.78,11.31,8.83,-11.27,-13.24,26.5,intraday_0950,2026-05-13 09:50:00,人气Top50；持续霸榜；人气排名明显上升,当日转弱；量能不足；近5日趋势未确认；热度可能进入后段；强势市里个股相对走弱；v2回避转弱弱收盘样本,v2
2026-05-13,,次日已审,低层级强势反哺,普通/不推送走强,low_level_winner,不推送 后来走强，原因反哺：人气Top20、人气排名明显上升、连续上榜确认,18,601179,中国西电,不推送,未入快策略,,2026-05-13,0,common_index_cache,25,-0.13,18.91,11.39,19.8,11.39,8.29,8.03,-8.94,-9.15,19.8,intraday_0950,2026-05-13 09:50:00,人气Top20；连续上榜确认；人气排名明显上升,当日转弱；收盘承接偏弱；近5日趋势未确认；仍在20日线下方；强势市里个股相对走弱；v2回避转弱弱收盘样本,v2
2026-05-13,,次日已审,低层级强势反哺,普通/不推送走强,low_level_winner,不推送 后来走强，原因反哺：持续霸榜、站上20日线且不过热,54,002475,立讯精密,不推送,未入快策略,,2026-05-13,0,common_index_cache,25,-0.63,17.03,11.29,17.12,11.29,7.6,3.42,-8.06,-11.63,17.12,intraday_0950,2026-05-13 09:50:00,站上20日线且不过热；持续霸榜,当日转弱；收盘承接偏弱；量能不足；热度可能进入后段；人气排名明显回落；强势市里个股相对走弱；v2回避转弱弱收盘样本；v2回避人气转弱样本,v2
2026-05-13,,次日已审,低层级强势反哺,普通/不推送走强,low_level_winner,不推送 后来走强，原因反哺：人气Top50、市场强势且个股相对强势、当日上涨,27,002217,合力泰,不推送,未入快策略,,2026-05-13,0,common_index_cache,25,-1.12,30.48,24.91,31.6,24.91,11.9,5.58,-14.25,-19.09,31.6,intraday_0950,2026-05-13 09:50:00,人气Top50；当日上涨；收盘承接较强；持续霸榜；市场强势且个股相对强势,量能不足；近5日趋势未确认；仍在20日线下方；热度可能进入后段,v2
2026-05-13,,次日已审,低层级强势反哺,普通/不推送走强,low_level_winner,不推送 后来走强，原因反哺：持续霸榜,84,002050,三花智控,不推送,未入快策略,,2026-05-13,0,common_index_cache,25,-1.55,14.13,9.12,14.92,9.12,16.82,11.59,2.36,-2.22,18.83,intraday_0950,2026-05-13 09:50:00,持续霸榜,量能不足；近5日趋势未确认；热度可能进入后段；强势市里个股相对走弱,v2
2026-05-13,,次日已审,低层级强势反哺,普通/不推送走强,low_level_winner,不推送 后来走强，原因反哺：人气Top20、人气排名明显上升、持续霸榜,12,002361,神剑股份,不推送,未入快策略,,2026-05-13,0,common_index_cache,25,-1.95,29.82,17.51,29.82,17.51,18.71,10.61,-8.56,-14.8,29.82,intraday_0950,2026-05-13 09:50:00,人气Top20；收盘承接较强；持续霸榜；人气排名明显上升,量能不足；近5日趋势未确认；仍在20日线下方；热度可能进入后段；强势市里个股相对走弱,v2
2026-05-13,,次日已审,低层级强势反哺,普通/不推送走强,low_level_winner,不推送 后来走强，原因反哺：人气Top20、持续霸榜,13,002580,圣阳股份,不推送,未入快策略,,2026-05-13,0,common_index_cache,25,-2.56,63.59,43.09,66.79,43.09,20.81,19.72,-26.15,-26.82,66.79,intraday_0950,2026-05-13 09:50:00,人气Top20；持续霸榜,当日转弱；收盘承接偏弱；量能不足；近5日趋势未确认；仍在20日线下方；热度可能进入后段；强势市里个股相对走弱；v2回避转弱弱收盘样本,v2
2026-05-13,,次日已审,低层级强势反哺,普通/不推送走强,low_level_winner,不推送 后来走强，原因反哺：持续霸榜、站上20日线且不过热,61,002149,西部材料,不推送,未入快策略,,2026-05-13,0,common_index_cache,25,-2.56,21.63,11.96,23.93,11.96,19.91,12.1,-1.41,-7.83,23.93,intraday_0950,2026-05-13 09:50:00,站上20日线且不过热；持续霸榜,当日转弱；收盘承接偏弱；量能不足；近5日趋势未确认；热度可能进入后段；强势市里个股相对走弱；v2回避转弱弱收盘样本；v2回避人气转弱样本,v2
2026-05-13,,次日已审,低层级强势反哺,普通/不推送走强,low_level_winner,不推送 后来走强，原因反哺：人气Top50、人气排名明显上升、持续霸榜,39,002342,巨力索具,不推送,未入快策略,,2026-05-13,0,common_index_cache,25,-7.07,82.97,80.25,90.13,80.25,58.33,28.62,-13.47,-29.7,90.13,intraday_0950,2026-05-13 09:50:00,人气Top50；持续霸榜；人气排名明显上升,当日转弱；收盘承接偏弱；量能不足；近5日趋势未确认；仍在20日线下方；热度可能进入后段；强势市里个股相对走弱；v2回避转弱弱收盘样本,v2
2026-05-13,,次日已审,低层级强势反哺,普通/不推送走强,low_level_winner,不推送 后来走强，原因反哺：人气Top3、持续霸榜、站上20日线且不过热,2,002081,金螳螂,不推送,未入快策略,,2026-05-13,0,common_index_cache,25,-7.2,45.53,51.75,53.7,51.75,35.02,18.29,-7.22,-18.72,64.79,intraday_0950,2026-05-13 09:50:00,人气Top3；站上20日线且不过热；持续霸榜,当日转弱；收盘承接偏弱；量能不足；近5日趋势未确认；热度可能进入后段；强势市里个股相对走弱；v2回避转弱弱收盘样本,v2
2026-05-13,,次日已审,低层级强势反哺,普通/不推送走强,low_level_winner,不推送 后来走强，原因反哺：人气Top50、人气排名明显上升、持续霸榜,38,002202,金风科技,不推送,未入快策略,,2026-05-13,0,common_index_cache,25,-7.72,17.34,9.28,17.55,9.28,8.27,6.21,-7.73,-9.48,17.55,intraday_0950,2026-05-13 09:50:00,人气Top50；持续霸榜；人气排名明显上升,量能不足；近5日趋势未确认；仍在20日线下方；热度可能进入后段；强势市里个股相对走弱,v2
2026-05-13,,次日已审,低层级强势反哺,普通/不推送走强,low_level_winner,不推送 后来走强，原因反哺：人气Top50、人气排名明显上升、市场强势且个股相对强势,34,002015,协鑫能科,不推送,未入快策略,,2026-05-13,0,common_index_cache,25,-11.61,18.38,9.61,19.54,9.61,0.14,-2.29,-15.41,-17.45,19.54,intraday_0950,2026-05-13 09:50:00,人气Top50；近5日趋势升温；站上20日线且不过热；人气排名明显上升；市场强势且个股相对强势,当日转弱；收盘承接偏弱；量能不足；v2回避转弱弱收盘样本,v2
2026-05-13,,次日已审,低层级强势反哺,普通/不推送走强,low_level_winner,不推送 后来走强，原因反哺：人气Top20、人气排名明显上升、持续霸榜,14,600759,ST洲际,不推送,未入快策略,,2026-05-13,0,common_index_cache,25,-14.18,15.96,15.96,15.96,15.96,4.61,4.26,-9.79,-10.09,15.96,intraday_0950,2026-05-13 09:50:00,人气Top20；持续霸榜；人气排名明显上升,当日转弱；放量过猛；近5日趋势未确认；仍在20日线下方；热度可能进入后段；强势市里个股相对走弱；v2回避转弱弱收盘样本,v2
2026-05-13,,次日已审,低层级强势反哺,普通/不推送走强,low_level_winner,不推送 后来走强，原因反哺：人气Top50、持续霸榜,46,603538,美诺华,不推送,未入快策略,,2026-05-13,0,common_index_cache,25,-15.55,22.94,17.58,27.35,17.58,12.0,18.45,-8.9,-3.65,27.35,intraday_0950,2026-05-13 09:50:00,人气Top50；持续霸榜,当日转弱；收盘承接偏弱；量能不足；近5日趋势未确认；仍在20日线下方；热度可能进入后段；人气排名明显回落；强势市里个股相对走弱；v2回避转弱弱收盘样本；v2回避人气转弱样本,v2
2026-05-13,,次日已审,低层级强势反哺,普通/不推送走强,low_level_winner,不推送 后来走强，原因反哺：站上20日线且不过热、连续上榜确认,53,601016,节能风电,不推送,未入快策略,,2026-05-13,0,common_index_cache,25,-16.18,23.74,7.14,23.74,7.14,4.83,-1.89,-15.28,-20.71,23.74,intraday_0950,2026-05-13 09:50:00,站上20日线且不过热；连续上榜确认,当日转弱；收盘承接偏弱；量能不足；人气排名明显回落；强势市里个股相对走弱；v2回避转弱弱收盘样本；v2回避人气转弱样本,v2
2026-05-13,,次日已审,低层级强势反哺,普通/不推送走强,low_level_winner,不推送 后来走强，原因反哺：人气Top50、人气排名明显上升、市场强势且个股相对强势,26,600488,津药药业,不推送,未入快策略,,2026-05-13,0,common_index_cache,25,-19.72,23.21,35.95,38.22,35.95,10.12,3.14,-10.62,-16.29,38.22,intraday_0950,2026-05-13 09:50:00,人气Top50；当日上涨；收盘承接较强；连续上榜确认；人气排名明显上升；市场强势且个股相对强势,近5日趋势未确认；仍在20日线下方,v2
2026-05-13,,次日已审,低层级强势反哺,普通/不推送走强,low_level_winner,不推送 后来走强，原因反哺：站上20日线且不过热、连续上榜确认,68,600379,宝光股份,不推送,未入快策略,,2026-05-13,0,common_index_cache,25,-27.71,14.53,11.24,22.18,11.24,-1.41,-16.88,-13.92,-27.43,22.18,intraday_0950,2026-05-13 09:50:00,站上20日线且不过热；连续上榜确认,当日转弱；收盘承接偏弱；量能不足；近5日趋势未确认；人气排名明显回落；强势市里个股相对走弱；v2回避转弱弱收盘样本；v2回避人气转弱样本,v2
2026-05-13,,次日已审,低层级强势反哺,普通/不推送走强,low_level_winner,不推送 后来走强，原因反哺：人气Top50、人气排名明显上升、连续上榜确认,47,000592,平潭发展,不推送,未入快策略,,2026-05-13,0,common_index_cache,25,-30.15,15.17,4.21,15.73,4.21,-2.62,-2.72,-15.45,-15.53,15.73,intraday_0950,2026-05-13 09:50:00,人气Top50；连续上榜确认；人气排名明显上升,当日转弱；收盘承接偏弱；量能不足；近5日趋势未确认；强势市里个股相对走弱；v2回避转弱弱收盘样本,v2
2026-05-13,,次日已审,低层级强势反哺,普通/不推送走强,low_level_winner,不推送 后来走强，原因反哺：市场强势且个股相对强势、当日上涨、温和放量,51,002552,宝鼎科技,不推送,已入快策略,,2026-05-13,0,common_index_cache,25,103.55,-3.64,-4.51,-0.03,-4.51,-0.31,5.5,3.45,9.48,13.09,intraday_0950,2026-05-13 09:50:00,当日上涨；温和放量；市场强势且个股相对强势,短线涨幅过热；远离20日线过多；v2回避前段过热样本,v2
2026-05-13,,次日已审,低层级强势反哺,普通/不推送走强,low_level_winner,不推送 后来走强，原因反哺：市场强势且个股相对强势、当日强涨、收在日内高位,94,002222,福晶科技,不推送,已入快策略,,2026-05-13,0,common_index_cache,25,-3.27,7.17,5.33,15.37,5.33,-3.03,0.09,-9.51,-6.6,15.37,intraday_0950,2026-05-13 09:50:00,当日强涨；收在日内高位；近5日趋势升温；站上20日线且不过热；市场强势且个股相对强势,人气排名明显回落,v2
2026-05-12,2026-04-22,次日已审,快策略候选,优先成功,priority_success,下个交易日主盯 后续最高表现达到 17.37%，保留这类命中特征。,1,601991,大唐发电,观察池,下个交易日主盯,79.8,2026-05-11,1,common_index_cache,26,1.67,-20.49,-17.93,-17.93,-17.93,-11.8,-6.68,10.92,17.37,-3.79,intraday_0950,2026-05-12 09:50:00,人气Top3；当日涨停附近；收在日内高位；站上20日线且不过热；持续霸榜；市场强势且个股相对强势,热度可能进入后段；涨停封板不可买,v2
2026-05-12,2026-04-10,次日已审,快策略候选,优先成功,priority_success,下个交易日主盯 后续最高表现达到 27.04%，保留这类命中特征。,45,300604,长川科技,观察池,下个交易日主盯,68.1,2026-05-11,1,common_index_cache,26,27.04,1.06,9.67,9.67,9.67,0.77,7.77,-0.3,6.63,9.67,intraday_0950,2026-05-12 09:50:00,人气Top50；当日涨停附近；收在日内高位；站上20日线且不过热；市场强势且个股相对强势,涨停封板不可买,v2
2026-05-12,2026-04-10,次日已审,快策略候选,优先成功,priority_success,下个交易日主盯 后续最高表现达到 17.37%，保留这类命中特征。,1,601991,大唐发电,观察池,下个交易日主盯,67.8,2026-05-11,1,common_index_cache,26,1.67,-20.49,-17.93,-17.93,-17.93,-11.8,-6.68,10.92,17.37,-3.79,intraday_0950,2026-05-12 09:50:00,人气Top3；当日涨停附近；收在日内高位；站上20日线且不过热；持续霸榜；市场强势且个股相对强势,热度可能进入后段；涨停封板不可买,v2
2026-05-12,2026-04-22,次日已审,快策略候选,优先成功,priority_success,下个交易日主盯 后续最高表现达到 15.81%，保留这类命中特征。,5,600396,华电辽能,普通观察,下个交易日主盯,61.5,2026-05-11,1,common_index_cache,26,-3.37,-18.3,-10.1,-10.1,-10.1,-5.37,-12.32,15.81,7.31,-1.47,intraday_0950,2026-05-12 09:50:00,人气Top10；当日强涨；收盘承接较强；站上20日线且不过热；持续霸榜；人气排名明显上升；市场强势且个股相对强势,热度可能进入后段,v2
2026-05-12,2026-04-10,次日已审,快策略候选,优先成功,priority_success,下个交易日主盯 后续最高表现达到 15.81%，保留这类命中特征。,5,600396,华电辽能,普通观察,下个交易日主盯,61.5,2026-05-11,1,common_index_cache,26,-3.37,-18.3,-10.1,-10.1,-10.1,-5.37,-12.32,15.81,7.31,-1.47,intraday_0950,2026-05-12 09:50:00,人气Top10；当日强涨；收盘承接较强；站上20日线且不过热；持续霸榜；人气排名明显上升；市场强势且个股相对强势,热度可能进入后段,v2
2026-05-12,2026-04-22,次日已审,快策略候选,优先成功,priority_success,下个交易日主盯 后续最高表现达到 15.32%，保留这类命中特征。,10,600487,亨通光电,普通观察,下个交易日主盯,60.6,2026-05-11,1,common_index_cache,26,15.32,-23.8,-21.63,-20.0,-21.63,-27.48,-21.59,-4.83,2.9,-19.79,intraday_0950,2026-05-12 09:50:00,人气Top10；当日上涨；收在日内高位；站上20日线且不过热；持续霸榜；人气排名明显上升；市场强势且个股相对强势,热度可能进入后段,v2
2026-05-12,2026-04-10,次日已审,快策略候选,优先成功,priority_success,下个交易日主盯 后续最高表现达到 15.32%，保留这类命中特征。,10,600487,亨通光电,普通观察,下个交易日主盯,60.6,2026-05-11,1,common_index_cache,26,15.32,-23.8,-21.63,-20.0,-21.63,-27.48,-21.59,-4.83,2.9,-19.79,intraday_0950,2026-05-12 09:50:00,人气Top10；当日上涨；收在日内高位；站上20日线且不过热；持续霸榜；人气排名明显上升；市场强势且个股相对强势,热度可能进入后段,v2
2026-05-12,2026-04-22,次日已审,快策略候选,优先成功,priority_success,下个交易日主盯 后续最高表现达到 26.02%，保留这类命中特征。,51,600589,大位科技,观察池,下个交易日主盯,54.3,2026-05-11,1,common_index_cache,26,-11.5,7.52,17.2,19.19,17.2,11.06,13.05,3.3,5.14,26.02,intraday_0950,2026-05-12 09:50:00,当日涨停附近；收在日内高位；站上20日线且不过热；连续上榜确认；市场强势且个股相对强势,人气排名明显回落；涨停封板不可买,v2
2026-05-12,2026-04-10,次日已审,快策略候选,优先成功,priority_success,下个交易日主盯 后续最高表现达到 45.24%，保留这类命中特征。,81,600869,远东股份,观察池,下个交易日主盯,52.5,2026-05-11,1,common_index_cache,26,45.24,0.48,0.74,2.62,0.74,-5.55,-6.11,-6.0,-6.56,2.62,intraday_0950,2026-05-12 09:50:00,当日涨停附近；收在日内高位；站上20日线且不过热；市场强势且个股相对强势,涨停封板不可买,v2
2026-05-12,2026-04-22,次日已审,快策略候选,优先走弱,priority_failed,下个交易日主盯 未兑现，复盘风险项：涨停封板不可买,40,605006,山东玻纤,观察池,下个交易日主盯,61.5,2026-05-11,1,common_index_cache,26,-1.44,-37.49,-39.31,-37.15,-39.31,-44.47,-43.52,-11.16,-9.64,-37.04,intraday_0950,2026-05-12 09:50:00,人气Top50；当日涨停附近；收在日内高位；站上20日线且不过热；连续上榜确认；人气排名明显上升；市场强势且个股相对强势,涨停封板不可买,v2
2026-05-12,2026-04-10,次日已审,快策略候选,优先走弱,priority_failed,下个交易日主盯 未兑现，复盘风险项：涨停封板不可买,40,605006,山东玻纤,观察池,下个交易日主盯,61.5,2026-05-11,1,common_index_cache,26,-1.44,-37.49,-39.31,-37.15,-39.31,-44.47,-43.52,-11.16,-9.64,-37.04,intraday_0950,2026-05-12 09:50:00,人气Top50；当日涨停附近；收在日内高位；站上20日线且不过热；连续上榜确认；人气排名明显上升；市场强势且个股相对强势,涨停封板不可买,v2
2026-05-12,2026-04-22,次日已审,快策略候选,优先走弱,priority_failed,下个交易日主盯 未兑现，复盘风险项：一字或近似一字，参与点差；一字板不可买,35,603459,红板科技,观察池,下个交易日主盯,52.8,2026-05-11,1,common_index_cache,26,-8.94,-7.86,-3.44,1.85,-3.44,-14.56,-11.5,-7.27,-3.95,1.85,intraday_0950,2026-05-12 09:50:00,人气Top50；当日涨停附近；收在日内高位；站上20日线且不过热；连续上榜确认；人气排名明显上升；市场强势且个股相对强势,一字或近似一字，参与点差；一字板不可买,v2
2026-05-12,2026-04-10,次日已审,快策略候选,优先走弱,priority_failed,下个交易日主盯 未兑现，复盘风险项：一字或近似一字，参与点差；一字板不可买,35,603459,红板科技,观察池,下个交易日主盯,52.8,2026-05-11,1,common_index_cache,26,-8.94,-7.86,-3.44,1.85,-3.44,-14.56,-11.5,-7.27,-3.95,1.85,intraday_0950,2026-05-12 09:50:00,人气Top50；当日涨停附近；收在日内高位；站上20日线且不过热；连续上榜确认；人气排名明显上升；市场强势且个股相对强势,一字或近似一字，参与点差；一字板不可买,v2
2026-05-12,2026-04-22,次日已审,快策略候选,暂未强势,neutral,继续等待更多交易日或降低权重。,12,002491,通鼎互联,观察池,下个交易日主盯,75.3,2026-05-11,1,common_index_cache,26,14.84,0.04,7.8,9.8,7.8,-9.64,-5.24,-9.68,-5.28,9.8,intraday_0950,2026-05-12 09:50:00,人气Top20；当日涨停附近；收在日内高位；站上20日线且不过热；连续上榜确认；市场强势且个股相对强势,涨停封板不可买,v2
2026-05-12,2026-04-22,次日已审,快策略候选,暂未强势,neutral,继续等待更多交易日或降低权重。,58,688008,澜起科技,观察池,下个交易日主盯,55.2,2026-05-11,1,common_index_cache,26,1.82,-9.62,0.38,0.38,0.38,-3.81,-4.15,6.43,6.06,9.38,intraday_0950,2026-05-12 09:50:00,当日涨停附近；收盘承接较强；站上20日线且不过热；连续上榜确认；人气排名明显上升；市场强势且个股相对强势,涨停封板不可买,v2
2026-05-12,2026-04-22,次日已审,快策略候选,暂未强势,neutral,继续等待更多交易日或降低权重。,24,002428,云南锗业,不推送,下个交易日主盯,55.2,2026-05-11,1,common_index_cache,26,0.2,0.95,2.47,6.1,2.47,-8.81,-8.55,-9.67,-9.41,6.17,intraday_0950,2026-05-12 09:50:00,人气Top50；当日强涨；收在日内高位；站上20日线且不过热；持续霸榜；市场强势且个股相对强势,热度可能进入后段,v2
2026-05-12,2026-04-10,次日已审,快策略候选,暂未强势,neutral,继续等待更多交易日或降低权重。,24,002428,云南锗业,不推送,下个交易日主盯,55.2,2026-05-11,1,common_index_cache,26,0.2,0.95,2.47,6.1,2.47,-8.81,-8.55,-9.67,-9.41,6.17,intraday_0950,2026-05-12 09:50:00,人气Top50；当日强涨；收在日内高位；站上20日线且不过热；持续霸榜；市场强势且个股相对强势,热度可能进入后段,v2
2026-05-12,2026-04-22,次日已审,快策略候选,暂未强势,neutral,继续等待更多交易日或降低权重。,47,603045,福达合金,观察池,下个交易日主盯,52.8,2026-05-11,1,common_index_cache,26,1.83,-13.2,-7.24,-5.63,-7.24,-15.9,-15.76,-3.11,-2.96,-5.63,intraday_0950,2026-05-12 09:50:00,人气Top50；当日涨停附近；收在日内高位；站上20日线且不过热；连续上榜确认；人气排名明显上升；市场强势且个股相对强势,一字或近似一字，参与点差；一字板不可买,v2
2026-05-12,2026-04-10,次日已审,快策略候选,暂未强势,neutral,继续等待更多交易日或降低权重。,47,603045,福达合金,观察池,下个交易日主盯,52.8,2026-05-11,1,common_index_cache,26,1.83,-13.2,-7.24,-5.63,-7.24,-15.9,-15.76,-3.11,-2.96,-5.63,intraday_0950,2026-05-12 09:50:00,人气Top50；当日涨停附近；收在日内高位；站上20日线且不过热；连续上榜确认；人气排名明显上升；市场强势且个股相对强势,一字或近似一字，参与点差；一字板不可买,v2
2026-05-12,2026-04-10,次日已审,快策略候选,暂未强势,neutral,继续等待更多交易日或降低权重。,12,002491,通鼎互联,观察池,下个交易日主盯,51.3,2026-05-11,1,common_index_cache,26,14.84,0.04,7.8,9.8,7.8,-9.64,-5.24,-9.68,-5.28,9.8,intraday_0950,2026-05-12 09:50:00,人气Top20；当日涨停附近；收在日内高位；站上20日线且不过热；连续上榜确认；市场强势且个股相对强势,涨停封板不可买,v2
2026-05-12,2026-04-22,次日已审,快策略候选,暂未强势,neutral,继续等待更多交易日或降低权重。,20,600330,天通股份,不推送,备选观察,45.6,2026-05-11,1,common_index_cache,26,-2.62,-6.73,2.22,2.89,2.22,-13.96,-14.08,-7.75,-7.87,3.61,intraday_0950,2026-05-12 09:50:00,人气Top20；当日上涨；站上20日线且不过热；连续上榜确认；人气排名明显上升；市场强势且个股相对强势,-,v2
2026-05-12,2026-04-22,次日已审,快策略候选,暂未强势,neutral,继续等待更多交易日或降低权重。,18,600745,*ST闻泰,不推送,备选观察,44.75,2026-05-11,1,common_index_cache,26,-18.38,-5.01,-5.01,-5.01,-5.01,-14.25,-22.61,-9.72,-18.53,-5.01,intraday_0950,2026-05-12 09:50:00,人气Top20；收在日内高位；站上20日线且不过热；持续霸榜；人气排名明显上升,当日转弱；热度可能进入后段；强势市里个股相对走弱,v2
2026-05-12,2026-04-10,次日已审,快策略候选,暂未强势,neutral,继续等待更多交易日或降低权重。,58,688008,澜起科技,观察池,备选观察,43.2,2026-05-11,1,common_index_cache,26,1.82,-9.62,0.38,0.38,0.38,-3.81,-4.15,6.43,6.06,9.38,intraday_0950,2026-05-12 09:50:00,当日涨停附近；收盘承接较强；站上20日线且不过热；连续上榜确认；人气排名明显上升；市场强势且个股相对强势,涨停封板不可买,v2
2026-05-12,2026-04-22,次日已审,快策略候选,备选走强,backup_success,备选观察 后续最高表现达到 27.04%，保留这类命中特征。,45,300604,长川科技,观察池,备选观察,44.1,2026-05-11,1,common_index_cache,26,27.04,1.06,9.67,9.67,9.67,0.77,7.77,-0.3,6.63,9.67,intraday_0950,2026-05-12 09:50:00,人气Top50；当日涨停附近；收在日内高位；站上20日线且不过热；市场强势且个股相对强势,涨停封板不可买,v2
2026-05-12,2026-04-22,次日已审,快策略候选,暂未强势,neutral,继续等待更多交易日或降低权重。,3,600522,中天科技,不推送,只看不追,42.9,2026-05-11,1,common_index_cache,26,2.87,-20.31,-18.32,-17.68,-18.32,-23.21,-16.54,-3.64,4.72,-13.9,intraday_0950,2026-05-12 09:50:00,人气Top3；当日上涨；站上20日线且不过热；持续霸榜；市场强势且个股相对强势,收盘承接偏弱；热度可能进入后段,v2
2026-05-12,2026-04-10,次日已审,快策略候选,备选走强,backup_success,只看不追 后续最高表现达到 26.02%，保留这类命中特征。,51,600589,大位科技,观察池,只看不追,42.3,2026-05-11,1,common_index_cache,26,-11.5,7.52,17.2,19.19,17.2,11.06,13.05,3.3,5.14,26.02,intraday_0950,2026-05-12 09:50:00,当日涨停附近；收在日内高位；站上20日线且不过热；连续上榜确认；市场强势且个股相对强势,人气排名明显回落；涨停封板不可买,v2
2026-05-12,,次日已审,低层级强势反哺,普通/不推送走强,low_level_winner,不推送 后来走强，原因反哺：市场强势且个股相对强势、站上20日线且不过热、近5日趋势升温,68,000636,风华高科,不推送,未入快策略,,2026-05-12,0,common_index_cache,26,157.15,0.28,2.67,3.37,2.67,-6.25,12.4,-6.51,12.08,12.4,intraday_0950,2026-05-12 09:50:00,近5日趋势升温；站上20日线且不过热；市场强势且个股相对强势,-,v2
2026-05-12,,次日已审,低层级强势反哺,普通/不推送走强,low_level_winner,不推送 后来走强，原因反哺：持续霸榜、站上20日线且不过热,63,600186,莲花控股,不推送,未入快策略,,2026-05-12,0,common_index_cache,26,47.04,-1.2,7.52,8.83,7.52,3.71,15.95,4.97,17.36,15.95,intraday_0950,2026-05-12 09:50:00,站上20日线且不过热；持续霸榜,当日转弱；收盘承接偏弱；量能不足；近5日趋势未确认；热度可能进入后段；人气排名明显回落；强势市里个股相对走弱；v2回避转弱弱收盘样本；v2回避人气转弱样本,v2
2026-05-12,,次日已审,低层级强势反哺,普通/不推送走强,low_level_winner,不推送 后来走强，原因反哺：人气排名明显上升、站上20日线且不过热、近5日趋势升温,64,002463,沪电股份,不推送,未入快策略,,2026-05-12,0,common_index_cache,26,36.35,-0.88,4.75,5.02,4.75,-4.18,-4.54,-3.32,-3.69,6.49,intraday_0950,2026-05-12 09:50:00,近5日趋势升温；站上20日线且不过热；人气排名明显上升,当日转弱；收盘承接偏弱；量能不足；v2回避转弱弱收盘样本,v2
2026-05-12,,次日已审,低层级强势反哺,普通/不推送走强,low_level_winner,不推送 后来走强，原因反哺：市场强势且个股相对强势、温和放量、站上20日线且不过热,69,600172,黄河旋风,不推送,未入快策略,,2026-05-12,0,common_index_cache,26,33.4,9.53,18.76,18.76,18.76,10.93,8.53,1.28,-0.92,25.18,intraday_0950,2026-05-12 09:50:00,温和放量；近5日趋势升温；站上20日线且不过热；市场强势且个股相对强势,收盘承接偏弱；v2回避中后段放量追高样本,v2
2026-05-12,,次日已审,低层级强势反哺,普通/不推送走强,low_level_winner,不推送 后来走强，原因反哺：人气Top20、人气排名明显上升、市场强势且个股相对强势,11,002185,华天科技,不推送,未入快策略,,2026-05-12,0,common_index_cache,26,31.93,-2.63,1.18,2.01,1.18,-1.11,5.82,1.56,8.68,6.79,intraday_0950,2026-05-12 09:50:00,人气Top20；近5日趋势升温；站上20日线且不过热；持续霸榜；人气排名明显上升；市场强势且个股相对强势,当日转弱；收盘承接偏弱；量能不足；热度可能进入后段；v2回避转弱弱收盘样本,v2
2026-05-12,,次日已审,低层级强势反哺,普通/不推送走强,low_level_winner,不推送 后来走强，原因反哺：人气Top50、市场强势且个股相对强势、站上20日线且不过热,38,600206,有研新材,不推送,未入快策略,,2026-05-12,0,common_index_cache,26,25.92,-2.25,-1.84,0.7,-1.84,-3.54,-3.45,-1.33,-1.23,5.44,intraday_0950,2026-05-12 09:50:00,人气Top50；近5日趋势升温；站上20日线且不过热；连续上榜确认；市场强势且个股相对强势,当日转弱；量能不足；v2回避转弱弱收盘样本,v2
2026-05-12,,次日已审,低层级强势反哺,普通/不推送走强,low_level_winner,不推送 后来走强，原因反哺：人气Top10、市场强势且个股相对强势、持续霸榜,4,002281,光迅科技,不推送,未入快策略,,2026-05-12,0,common_index_cache,26,22.22,-1.01,-0.02,2.88,-0.02,-0.76,16.61,0.24,17.8,16.61,intraday_0950,2026-05-12 09:50:00,人气Top10；近5日强势延续；持续霸榜；市场强势且个股相对强势,当日转弱；收盘承接偏弱；量能不足；短线涨幅偏高；远离20日线过多；热度可能进入后段；v2回避转弱弱收盘样本,v2
2026-05-12,,次日已审,低层级强势反哺,普通/不推送走强,low_level_winner,不推送 后来走强，原因反哺：人气Top50、市场强势且个股相对强势、站上20日线且不过热,41,600105,永鼎股份,不推送,未入快策略,,2026-05-12,0,common_index_cache,26,21.26,-1.17,-0.4,1.61,-0.4,-1.04,-3.02,0.14,-1.87,8.36,intraday_0950,2026-05-12 09:50:00,人气Top50；近5日趋势升温；站上20日线且不过热；连续上榜确认；市场强势且个股相对强势,当日转弱；收盘承接偏弱；量能不足；v2回避转弱弱收盘样本；v2回避后段过热样本；v2回避人气转弱样本,v2
2026-05-12,,次日已审,低层级强势反哺,普通/不推送走强,low_level_winner,不推送 后来走强，原因反哺：市场强势且个股相对强势、当日上涨、收盘承接较强,79,600498,烽火通信,不推送,未入快策略,,2026-05-12,0,common_index_cache,26,17.61,-9.57,-6.72,-5.4,-6.72,-16.73,-13.17,-7.92,-3.99,-3.39,intraday_0950,2026-05-12 09:50:00,当日上涨；收盘承接较强；近5日强势延续；站上20日线且不过热；连续上榜确认；市场强势且个股相对强势,量能不足；短线涨幅偏高；人气排名明显回落；v2回避前段过热样本,v2
2026-05-12,,次日已审,低层级强势反哺,普通/不推送走强,low_level_winner,不推送 后来走强，原因反哺：人气Top20、人气排名明显上升、市场强势且个股相对强势,13,000988,华工科技,不推送,未入快策略,,2026-05-12,0,common_index_cache,26,16.84,-4.23,-2.8,-1.75,-2.8,-8.36,8.37,-4.31,13.17,9.26,intraday_0950,2026-05-12 09:50:00,人气Top20；近5日趋势升温；站上20日线且不过热；持续霸榜；人气排名明显上升；市场强势且个股相对强势,当日转弱；收盘承接偏弱；量能不足；热度可能进入后段；v2回避转弱弱收盘样本,v2
2026-05-12,,次日已审,低层级强势反哺,普通/不推送走强,low_level_winner,不推送 后来走强，原因反哺：人气Top50、人气排名明显上升、市场强势且个股相对强势,43,301308,江波龙,不推送,未入快策略,,2026-05-12,0,common_index_cache,26,15.1,10.94,23.0,23.8,23.0,18.69,13.04,6.99,1.89,28.35,intraday_0950,2026-05-12 09:50:00,人气Top50；近5日趋势升温；站上20日线且不过热；持续霸榜；人气排名明显上升；市场强势且个股相对强势,当日转弱；收盘承接偏弱；量能不足；热度可能进入后段；v2回避转弱弱收盘样本；v2回避后段过热样本,v2
2026-05-12,,次日已审,低层级强势反哺,普通/不推送走强,low_level_winner,不推送 后来走强，原因反哺：市场强势且个股相对强势、持续霸榜、站上20日线且不过热,85,001309,德明利,不推送,未入快策略,,2026-05-12,0,common_index_cache,26,13.94,-4.43,9.15,9.15,9.15,14.33,12.26,19.63,17.46,22.03,intraday_0950,2026-05-12 09:50:00,近5日趋势升温；站上20日线且不过热；持续霸榜；市场强势且个股相对强势,当日转弱；量能不足；热度可能进入后段；人气排名明显回落；v2回避转弱弱收盘样本；v2回避人气转弱样本,v2
2026-05-12,,次日已审,低层级强势反哺,普通/不推送走强,low_level_winner,不推送 后来走强，原因反哺：市场强势且个股相对强势、持续霸榜、近5日趋势升温,99,600726,华电能源,不推送,未入快策略,,2026-05-12,0,common_index_cache,26,9.5,-1.58,11.74,11.74,11.74,0.53,-7.65,2.14,-6.17,19.53,intraday_0950,2026-05-12 09:50:00,近5日趋势升温；持续霸榜；市场强势且个股相对强势,当日转弱；量能不足；偏离20日线较大；热度可能进入后段,v2
2026-05-12,,次日已审,低层级强势反哺,普通/不推送走强,low_level_winner,不推送 后来走强，原因反哺：人气Top50、人气排名明显上升、市场强势且个股相对强势,46,603986,兆易创新,不推送,未入快策略,,2026-05-12,0,common_index_cache,26,9.03,-36.14,-32.23,-31.91,-32.23,-30.31,-24.87,9.13,17.64,-23.33,intraday_0950,2026-05-12 09:50:00,人气Top50；收盘承接较强；持续霸榜；人气排名明显上升；市场强势且个股相对强势,量能不足；短线涨幅过热；远离20日线过多；热度可能进入后段；v2回避后段过热样本,v2
2026-05-12,,次日已审,低层级强势反哺,普通/不推送走强,low_level_winner,不推送 后来走强，原因反哺：人气Top20、人气排名明显上升、市场强势且个股相对强势,16,002008,大族激光,不推送,未入快策略,,2026-05-12,0,common_index_cache,26,5.38,7.15,14.76,14.76,14.76,11.02,6.12,3.61,-0.96,21.26,intraday_0950,2026-05-12 09:50:00,人气Top20；近5日强势延续；连续上榜确认；人气排名明显上升；市场强势且个股相对强势,当日转弱；收盘承接偏弱；量能不足；短线涨幅偏高；偏离20日线较大；v2回避转弱弱收盘样本,v2
2026-05-12,,次日已审,低层级强势反哺,普通/不推送走强,low_level_winner,不推送 后来走强，原因反哺：人气Top20、持续霸榜,17,603778,国晟科技,不推送,未入快策略,,2026-05-12,0,common_index_cache,26,3.35,54.66,49.94,54.66,49.94,35.53,47.7,-12.37,-4.5,54.66,intraday_0950,2026-05-12 09:50:00,人气Top20；持续霸榜,量能不足；近5日趋势未确认；仍在20日线下方；热度可能进入后段；强势市里个股相对走弱,v2
2026-05-12,,次日已审,低层级强势反哺,普通/不推送走强,low_level_winner,不推送 后来走强，原因反哺：连续上榜确认,61,601868,中国能建,不推送,未入快策略,,2026-05-12,0,common_index_cache,26,2.12,17.67,24.73,26.15,24.73,14.49,12.72,-2.7,-4.2,26.5,intraday_0950,2026-05-12 09:50:00,连续上榜确认,当日转弱；量能不足；人气排名明显回落；强势市里个股相对走弱；v2回避转弱弱收盘样本；v2回避人气转弱样本,v2
2026-05-12,,次日已审,低层级强势反哺,普通/不推送走强,low_level_winner,不推送 后来走强，原因反哺：人气排名明显上升,53,601179,中国西电,不推送,未入快策略,,2026-05-12,0,common_index_cache,26,-0.13,22.14,20.3,25.81,20.3,8.41,11.32,-11.24,-8.86,25.81,intraday_0950,2026-05-12 09:50:00,人气排名明显上升,当日转弱；收盘承接偏弱；近5日趋势未确认；仍在20日线下方；强势市里个股相对走弱；v2回避转弱弱收盘样本,v2
2026-05-12,,次日已审,低层级强势反哺,普通/不推送走强,low_level_winner,不推送 后来走强，原因反哺：人气Top50、市场强势且个股相对强势、持续霸榜,27,002361,神剑股份,不推送,未入快策略,,2026-05-12,0,common_index_cache,26,-1.95,25.61,29.76,33.08,29.76,18.71,14.81,-5.5,-8.6,33.08,intraday_0950,2026-05-12 09:50:00,人气Top50；收盘承接较强；持续霸榜；市场强势且个股相对强势,量能不足；近5日趋势未确认；仍在20日线下方；热度可能进入后段,v2
2026-05-12,,次日已审,低层级强势反哺,普通/不推送走强,low_level_winner,不推送 后来走强，原因反哺：持续霸榜,54,002342,巨力索具,不推送,未入快策略,,2026-05-12,0,common_index_cache,26,-7.07,83.33,85.24,92.12,85.24,75.91,42.48,-4.05,-22.28,92.12,intraday_0950,2026-05-12 09:50:00,持续霸榜,当日转弱；收盘承接偏弱；量能不足；近5日趋势未确认；仍在20日线下方；热度可能进入后段；人气排名明显回落；强势市里个股相对走弱；v2回避转弱弱收盘样本；v2回避人气转弱样本,v2
2026-05-12,,次日已审,低层级强势反哺,普通/不推送走强,low_level_winner,不推送 后来走强，原因反哺：市场强势且个股相对强势、持续霸榜、站上20日线且不过热,94,603601,再升科技,不推送,未入快策略,,2026-05-12,0,common_index_cache,26,-8.21,-1.11,5.12,7.97,5.12,-1.86,4.66,-0.77,5.83,16.3,intraday_0950,2026-05-12 09:50:00,近5日趋势升温；站上20日线且不过热；持续霸榜；市场强势且个股相对强势,当日转弱；收盘承接偏弱；量能不足；热度可能进入后段；人气排名明显回落；v2回避转弱弱收盘样本；v2回避人气转弱样本,v2
2026-05-12,,次日已审,低层级强势反哺,普通/不推送走强,low_level_winner,不推送 后来走强，原因反哺：市场强势且个股相对强势、收盘承接较强,98,300302,同有科技,不推送,未入快策略,,2026-05-12,0,common_index_cache,25,-16.67,-26.61,-24.35,-23.35,-24.35,-22.23,3.66,5.97,41.26,8.2,intraday_0950,2026-05-12 09:50:00,收盘承接较强；市场强势且个股相对强势,当日转弱；量能不足；短线涨幅过热；远离20日线过多；v2回避前段过热样本,v2
2026-05-12,,次日已审,低层级强势反哺,普通/不推送走强,low_level_winner,不推送 后来走强，原因反哺：市场强势且个股相对强势、当日上涨、收盘承接较强,70,600488,津药药业,不推送,未入快策略,,2026-05-12,0,common_index_cache,26,-19.72,28.8,25.65,37.7,25.65,22.34,4.71,-5.01,-18.7,38.22,intraday_0950,2026-05-12 09:50:00,当日上涨；收盘承接较强；市场强势且个股相对强势,仍在20日线下方,v2
2026-05-12,,次日已审,低层级强势反哺,普通/不推送走强,low_level_winner,不推送 后来走强，原因反哺：人气Top50、人气排名明显上升、市场强势且个股相对强势,25,601016,节能风电,不推送,未入快策略,,2026-05-12,0,common_index_cache,26,-20.36,0.2,12.38,12.38,12.38,0.4,2.4,0.2,2.19,17.56,intraday_0950,2026-05-12 09:50:00,人气Top50；近5日趋势升温；站上20日线且不过热；人气排名明显上升；市场强势且个股相对强势,当日转弱；量能不足；v2回避转弱弱收盘样本,v2
2026-05-12,,次日已审,低层级强势反哺,普通/不推送走强,low_level_winner,不推送 后来走强，原因反哺：人气Top50、人气排名明显上升、站上20日线且不过热,30,600379,宝光股份,不推送,未入快策略,,2026-05-12,0,common_index_cache,26,-27.71,-0.76,11.06,11.06,11.06,9.59,-11.29,10.43,-10.61,22.18,intraday_0950,2026-05-12 09:50:00,人气Top50；站上20日线且不过热；人气排名明显上升,当日转弱；收盘承接偏弱；量能不足；强势市里个股相对走弱；v2回避转弱弱收盘样本,v2
2026-05-12,,次日已审,低层级强势反哺,普通/不推送走强,low_level_winner,不推送 后来走强，原因反哺：人气Top50、市场强势且个股相对强势、站上20日线且不过热,45,300604,长川科技,不推送,已入快策略,,2026-05-12,0,common_index_cache,26,27.04,1.06,9.67,9.67,9.67,0.77,7.77,-0.3,6.63,9.67,intraday_0950,2026-05-12 09:50:00,人气Top50；近5日趋势升温；站上20日线且不过热；市场强势且个股相对强势,当日转弱；量能不足；v2回避转弱弱收盘样本,v2
2026-05-12,,次日已审,低层级强势反哺,普通/不推送走强,low_level_winner,不推送 后来走强，原因反哺：人气Top10、人气排名明显上升、市场强势且个股相对强势,10,600487,亨通光电,不推送,已入快策略,,2026-05-12,0,common_index_cache,26,15.32,-23.8,-21.63,-20.0,-21.63,-27.48,-21.59,-4.83,2.9,-19.79,intraday_0950,2026-05-12 09:50:00,人气Top10；持续霸榜；人气排名明显上升；市场强势且个股相对强势,当日转弱；量能不足；短线涨幅过热；远离20日线过多；热度可能进入后段；v2回避转弱弱收盘样本,v2
2026-05-12,,次日已审,低层级强势反哺,普通/不推送走强,low_level_winner,不推送 后来走强，原因反哺：人气Top3、市场强势且个股相对强势、当日上涨,1,601991,大唐发电,不推送,已入快策略,,2026-05-12,0,common_index_cache,26,1.67,-20.49,-17.93,-17.93,-17.93,-11.8,-6.68,10.92,17.37,-3.79,intraday_0950,2026-05-12 09:50:00,人气Top3；当日上涨；收盘承接较强；持续霸榜；市场强势且个股相对强势,短线涨幅过热；远离20日线过多；热度可能进入后段,v2
2026-05-12,,次日已审,低层级强势反哺,普通/不推送走强,low_level_winner,不推送 后来走强，原因反哺：人气Top10、人气排名明显上升、市场强势且个股相对强势,5,600396,华电辽能,不推送,已入快策略,,2026-05-12,0,common_index_cache,26,-3.37,-18.3,-10.1,-10.1,-10.1,-5.37,-12.32,15.81,7.31,-1.47,intraday_0950,2026-05-12 09:50:00,人气Top10；持续霸榜；人气排名明显上升；市场强势且个股相对强势,当日转弱；量能不足；短线涨幅过热；远离20日线过多；热度可能进入后段；v2回避转弱弱收盘样本,v2
2026-05-12,,次日已审,低层级强势反哺,普通/不推送走强,low_level_winner,不推送 后来走强，原因反哺：市场强势且个股相对强势、站上20日线且不过热、近5日趋势升温,51,600589,大位科技,不推送,已入快策略,,2026-05-12,0,common_index_cache,26,-11.5,7.52,17.2,19.19,17.2,11.06,13.05,3.3,5.14,26.02,intraday_0950,2026-05-12 09:50:00,近5日趋势升温；站上20日线且不过热；连续上榜确认；市场强势且个股相对强势,当日转弱；收盘承接偏弱；量能不足；人气排名明显回落；v2回避转弱弱收盘样本；v2回避人气转弱样本,v2
2026-05-11,2026-04-22,次日已审,快策略候选,优先成功,priority_success,下个交易日主盯 后续最高表现达到 49.92%，保留这类命中特征。,3,601991,大唐发电,观察池,下个交易日主盯,81.6,2026-05-08,3,common_index_cache,27,49.92,9.69,10.02,10.02,10.02,18.23,30.21,7.78,18.71,33.33,intraday_0950,2026-05-11 09:50:00,人气Top3；当日涨停附近；收在日内高位；站上20日线且不过热；连续上榜确认；市场强势且个股相对强势,涨停封板不可买,v2
2026-05-11,2026-04-10,次日已审,快策略候选,优先成功,priority_success,下个交易日主盯 后续最高表现达到 26.02%，保留这类命中特征。,5,600589,大位科技,观察池,下个交易日主盯,77.1,2026-05-08,3,common_index_cache,27,-11.5,11.58,9.33,12.27,9.33,13.92,8.64,2.09,-2.63,26.02,intraday_0950,2026-05-11 09:50:00,人气Top10；当日涨停附近；收在日内高位；站上20日线且不过热；人气排名明显上升；市场强势且个股相对强势,涨停封板不可买,v2
2026-05-11,2026-04-10,次日已审,快策略候选,优先成功,priority_success,下个交易日主盯 后续最高表现达到 49.92%，保留这类命中特征。,3,601991,大唐发电,观察池,下个交易日主盯,69.6,2026-05-08,3,common_index_cache,27,49.92,9.69,10.02,10.02,10.02,18.23,30.21,7.78,18.71,33.33,intraday_0950,2026-05-11 09:50:00,人气Top3；当日涨停附近；收在日内高位；站上20日线且不过热；连续上榜确认；市场强势且个股相对强势,涨停封板不可买,v2
2026-05-11,2026-04-10,次日已审,快策略候选,优先成功,priority_success,下个交易日主盯 后续最高表现达到 15.37%，保留这类命中特征。,30,002222,福晶科技,观察池,下个交易日主盯,68.1,2026-05-08,3,common_index_cache,27,-3.27,2.72,4.96,8.84,4.96,5.33,-3.03,2.54,-5.6,15.37,intraday_0950,2026-05-11 09:50:00,人气Top50；当日涨停附近；收在日内高位；站上20日线且不过热；市场强势且个股相对强势,涨停封板不可买,v2
2026-05-11,2026-04-10,次日已审,快策略候选,优先成功,priority_success,下个交易日主盯 后续最高表现达到 66.79%，保留这类命中特征。,8,002580,圣阳股份,观察池,下个交易日主盯,66.9,2026-05-08,3,common_index_cache,27,-2.56,58.05,56.13,63.59,56.13,43.09,20.81,-9.46,-23.56,66.79,intraday_0950,2026-05-11 09:50:00,人气Top10；当日涨停附近；收在日内高位；站上20日线且不过热；连续上榜确认；市场强势且个股相对强势,涨停封板不可买,v2
2026-05-11,2026-04-22,次日已审,快策略候选,优先成功,priority_success,下个交易日主盯 后续最高表现达到 66.79%，保留这类命中特征。,8,002580,圣阳股份,观察池,下个交易日主盯,66.9,2026-05-08,3,common_index_cache,27,-2.56,58.05,56.13,63.59,56.13,43.09,20.81,-9.46,-23.56,66.79,intraday_0950,2026-05-11 09:50:00,人气Top10；当日涨停附近；收在日内高位；站上20日线且不过热；连续上榜确认；市场强势且个股相对强势,涨停封板不可买,v2
2026-05-11,2026-04-10,次日已审,快策略候选,优先成功,priority_success,下个交易日主盯 后续最高表现达到 35.31%，保留这类命中特征。,38,600118,中国卫星,不推送,下个交易日主盯,64.5,2026-05-08,3,common_index_cache,27,-11.44,34.38,30.47,35.31,30.47,17.78,13.25,-12.35,-15.72,35.31,intraday_0950,2026-05-11 09:50:00,人气Top50；当日强涨；收盘承接较强；站上20日线且不过热；人气排名明显上升；市场强势且个股相对强势,-,v2
2026-05-11,2026-04-10,次日已审,快策略候选,优先成功,priority_success,下个交易日主盯 后续最高表现达到 20.71%，保留这类命中特征。,36,002475,立讯精密,不推送,下个交易日主盯,55.2,2026-05-08,3,common_index_cache,27,-0.63,14.23,13.93,16.28,13.93,11.29,7.6,-2.57,-5.8,20.71,intraday_0950,2026-05-11 09:50:00,人气Top50；当日上涨；收在日内高位；站上20日线且不过热；连续上榜确认；人气排名明显上升；市场强势且个股相对强势,-,v2
2026-05-11,2026-04-22,次日已审,快策略候选,优先成功,priority_success,下个交易日主盯 后续最高表现达到 20.71%，保留这类命中特征。,36,002475,立讯精密,不推送,下个交易日主盯,55.2,2026-05-08,3,common_index_cache,27,-0.63,14.23,13.93,16.28,13.93,11.29,7.6,-2.57,-5.8,20.71,intraday_0950,2026-05-11 09:50:00,人气Top50；当日上涨；收在日内高位；站上20日线且不过热；连续上榜确认；人气排名明显上升；市场强势且个股相对强势,-,v2
2026-05-11,2026-04-10,次日已审,快策略候选,优先成功,priority_success,下个交易日主盯 后续最高表现达到 35.96%，保留这类命中特征。,27,600396,华电辽能,不推送,下个交易日主盯,54.3,2026-05-08,3,common_index_cache,27,33.33,4.87,12.73,12.73,12.73,24.64,17.53,18.86,12.07,35.96,intraday_0950,2026-05-11 09:50:00,人气Top50；当日强涨；收盘承接较强；站上20日线且不过热；连续上榜确认；市场强势且个股相对强势,-,v2
2026-05-11,2026-04-22,次日已审,快策略候选,优先成功,priority_success,下个交易日主盯 后续最高表现达到 35.96%，保留这类命中特征。,27,600396,华电辽能,不推送,下个交易日主盯,54.3,2026-05-08,3,common_index_cache,27,33.33,4.87,12.73,12.73,12.73,24.64,17.53,18.86,12.07,35.96,intraday_0950,2026-05-11 09:50:00,人气Top50；当日强涨；收盘承接较强；站上20日线且不过热；连续上榜确认；市场强势且个股相对强势,-,v2
2026-05-11,2026-04-10,次日已审,快策略候选,优先成功,priority_success,下个交易日主盯 后续最高表现达到 15.32%，保留这类命中特征。,21,600487,亨通光电,不推送,下个交易日主盯,53.4,2026-05-08,3,common_index_cache,27,15.32,-21.56,-21.97,-18.44,-21.97,-23.12,-25.4,-1.99,-4.9,-18.44,intraday_0950,2026-05-11 09:50:00,人气Top50；当日上涨；收在日内高位；站上20日线且不过热；连续上榜确认；市场强势且个股相对强势,-,v2
2026-05-11,2026-04-22,次日已审,快策略候选,优先成功,priority_success,下个交易日主盯 后续最高表现达到 15.32%，保留这类命中特征。,21,600487,亨通光电,不推送,下个交易日主盯,53.4,2026-05-08,3,common_index_cache,27,15.32,-21.56,-21.97,-18.44,-21.97,-23.12,-25.4,-1.99,-4.9,-18.44,intraday_0950,2026-05-11 09:50:00,人气Top50；当日上涨；收在日内高位；站上20日线且不过热；连续上榜确认；市场强势且个股相对强势,-,v2
2026-05-11,2026-04-22,次日已审,快策略候选,优先成功,priority_success,下个交易日主盯 后续最高表现达到 26.02%，保留这类命中特征。,5,600589,大位科技,观察池,下个交易日主盯,53.1,2026-05-08,3,common_index_cache,27,-11.5,11.58,9.33,12.27,9.33,13.92,8.64,2.09,-2.63,26.02,intraday_0950,2026-05-11 09:50:00,人气Top10；当日涨停附近；收在日内高位；站上20日线且不过热；人气排名明显上升；市场强势且个股相对强势,涨停封板不可买,v2
2026-05-11,2026-04-10,次日已审,快策略候选,优先成功,priority_success,下个交易日主盯 后续最高表现达到 18.93%，保留这类命中特征。,83,002902,铭普光磁,观察池,下个交易日主盯,52.5,2026-05-08,3,common_index_cache,27,-2.85,5.67,2.76,9.18,2.76,8.13,7.16,2.33,1.41,18.93,intraday_0950,2026-05-11 09:50:00,当日涨停附近；收在日内高位；站上20日线且不过热；市场强势且个股相对强势,涨停封板不可买,v2
2026-05-11,2026-04-10,次日已审,快策略候选,优先成功,priority_success,下个交易日主盯 后续最高表现达到 26.96%，保留这类命中特征。,87,002624,完美世界,观察池,下个交易日主盯,52.5,2026-05-08,3,common_index_cache,27,-7.9,19.28,19.71,23.48,19.71,16.09,9.42,-2.67,-8.26,26.96,intraday_0950,2026-05-11 09:50:00,当日涨停附近；收在日内高位；站上20日线且不过热；市场强势且个股相对强势,涨停封板不可买,v2
2026-05-11,2026-04-22,次日已审,快策略候选,优先走弱,priority_failed,下个交易日主盯 未兑现，复盘风险项：涨停封板不可买,20,002031,巨轮智能,观察池,下个交易日主盯,77.1,2026-05-08,3,common_index_cache,27,-26.13,-6.86,-6.86,-3.75,-6.86,-1.16,5.82,6.11,13.61,13.84,intraday_0950,2026-05-11 09:50:00,人气Top20；当日涨停附近；收在日内高位；站上20日线且不过热；连续上榜确认；人气排名明显上升；市场强势且个股相对强势,涨停封板不可买,v2
2026-05-11,2026-04-10,次日已审,快策略候选,优先走弱,priority_failed,下个交易日主盯 未兑现，复盘风险项：涨停封板不可买,49,603459,红板科技,观察池,下个交易日主盯,61.5,2026-05-08,3,common_index_cache,27,-11.92,-3.27,-8.09,-3.27,-8.09,-15.62,-11.19,-12.77,-8.19,-1.49,intraday_0950,2026-05-11 09:50:00,人气Top50；当日涨停附近；收在日内高位；站上20日线且不过热；连续上榜确认；人气排名明显上升；市场强势且个股相对强势,涨停封板不可买,v2
2026-05-11,2026-04-22,次日已审,快策略候选,优先走弱,priority_failed,下个交易日主盯 未兑现，复盘风险项：涨停封板不可买,49,603459,红板科技,观察池,下个交易日主盯,61.5,2026-05-08,3,common_index_cache,27,-11.92,-3.27,-8.09,-3.27,-8.09,-15.62,-11.19,-12.77,-8.19,-1.49,intraday_0950,2026-05-11 09:50:00,人气Top50；当日涨停附近；收在日内高位；站上20日线且不过热；连续上榜确认；人气排名明显上升；市场强势且个股相对强势,涨停封板不可买,v2
2026-05-11,2026-04-10,次日已审,快策略候选,优先走弱,priority_failed,下个交易日主盯 未兑现，复盘风险项：-,11,603278,大业股份,普通观察,下个交易日主盯,60.6,2026-05-08,3,common_index_cache,27,-21.44,-6.87,-1.38,1.31,-1.38,-3.63,6.69,3.49,14.56,14.06,intraday_0950,2026-05-11 09:50:00,人气Top20；当日强涨；收盘承接较强；站上20日线且不过热；首次上榜即强势；首次上榜强势提权；市场强势且个股相对强势,-,v2
2026-05-11,2026-04-22,次日已审,快策略候选,优先走弱,priority_failed,下个交易日主盯 未兑现，复盘风险项：-,11,603278,大业股份,普通观察,下个交易日主盯,60.6,2026-05-08,3,common_index_cache,27,-21.44,-6.87,-1.38,1.31,-1.38,-3.63,6.69,3.49,14.56,14.06,intraday_0950,2026-05-11 09:50:00,人气Top20；当日强涨；收盘承接较强；站上20日线且不过热；首次上榜即强势；首次上榜强势提权；市场强势且个股相对强势,-,v2
2026-05-11,2026-04-10,次日已审,快策略候选,优先走弱,priority_failed,下个交易日主盯 未兑现，复盘风险项：涨停封板不可买,31,603618,杭电股份,观察池,下个交易日主盯,59.7,2026-05-08,3,common_index_cache,27,0.0,-27.51,-21.81,-20.68,-21.81,-26.93,-25.38,0.8,2.93,-20.28,intraday_0950,2026-05-11 09:50:00,人气Top50；当日涨停附近；收在日内高位；站上20日线且不过热；连续上榜确认；市场强势且个股相对强势,涨停封板不可买,v2
2026-05-11,2026-04-22,次日已审,快策略候选,优先走弱,priority_failed,下个交易日主盯 未兑现，复盘风险项：涨停封板不可买,31,603618,杭电股份,观察池,下个交易日主盯,59.7,2026-05-08,3,common_index_cache,27,0.0,-27.51,-21.81,-20.68,-21.81,-26.93,-25.38,0.8,2.93,-20.28,intraday_0950,2026-05-11 09:50:00,人气Top50；当日涨停附近；收在日内高位；站上20日线且不过热；连续上榜确认；市场强势且个股相对强势,涨停封板不可买,v2
2026-05-11,2026-04-10,次日已审,快策略候选,优先走弱,priority_failed,下个交易日主盯 未兑现，复盘风险项：-,41,002655,共达电声,普通观察,下个交易日主盯,57.0,2026-05-08,3,common_index_cache,27,-12.39,-14.47,-21.21,-13.14,-21.21,-16.53,-20.53,-2.41,-7.09,-12.98,intraday_0950,2026-05-11 09:50:00,人气Top50；当日强涨；收在日内高位；站上20日线且不过热；连续上榜确认；市场强势且个股相对强势,-,v2
2026-05-11,2026-04-22,次日已审,快策略候选,优先走弱,priority_failed,下个交易日主盯 未兑现，复盘风险项：-,41,002655,共达电声,普通观察,下个交易日主盯,57.0,2026-05-08,3,common_index_cache,27,-12.39,-14.47,-21.21,-13.14,-21.21,-16.53,-20.53,-2.41,-7.09,-12.98,intraday_0950,2026-05-11 09:50:00,人气Top50；当日强涨；收在日内高位；站上20日线且不过热；连续上榜确认；市场强势且个股相对强势,-,v2
2026-05-11,2026-04-10,次日已审,快策略候选,优先走弱,priority_failed,下个交易日主盯 未兑现，复盘风险项：-,44,000720,新能泰山,不推送,下个交易日主盯,55.2,2026-05-08,3,common_index_cache,27,-28.14,-6.03,-4.69,2.18,-4.69,-2.35,-9.05,3.92,-3.21,5.03,intraday_0950,2026-05-11 09:50:00,人气Top50；当日上涨；收在日内高位；站上20日线且不过热；连续上榜确认；人气排名明显上升；市场强势且个股相对强势,-,v2
2026-05-11,2026-04-22,次日已审,快策略候选,优先走弱,priority_failed,下个交易日主盯 未兑现，复盘风险项：-,44,000720,新能泰山,不推送,下个交易日主盯,55.2,2026-05-08,3,common_index_cache,27,-28.14,-6.03,-4.69,2.18,-4.69,-2.35,-9.05,3.92,-3.21,5.03,intraday_0950,2026-05-11 09:50:00,人气Top50；当日上涨；收在日内高位；站上20日线且不过热；连续上榜确认；人气排名明显上升；市场强势且个股相对强势,-,v2
2026-05-11,2026-04-10,次日已审,快策略候选,优先走弱,priority_failed,下个交易日主盯 未兑现，复盘风险项：涨停封板不可买,20,002031,巨轮智能,观察池,下个交易日主盯,53.1,2026-05-08,3,common_index_cache,27,-26.13,-6.86,-6.86,-3.75,-6.86,-1.16,5.82,6.11,13.61,13.84,intraday_0950,2026-05-11 09:50:00,人气Top20；当日涨停附近；收在日内高位；站上20日线且不过热；连续上榜确认；人气排名明显上升；市场强势且个股相对强势,涨停封板不可买,v2
2026-05-11,2026-04-10,次日已审,快策略候选,优先走弱,priority_failed,下个交易日主盯 未兑现，复盘风险项：涨停封板不可买,70,605006,山东玻纤,观察池,下个交易日主盯,52.5,2026-05-08,3,common_index_cache,27,-1.44,-33.66,-35.6,-32.9,-35.6,-41.36,-45.03,-11.6,-17.14,-32.9,intraday_0950,2026-05-11 09:50:00,当日涨停附近；收在日内高位；站上20日线且不过热；市场强势且个股相对强势,涨停封板不可买,v2
2026-05-11,2026-04-10,次日已审,快策略候选,优先走弱,priority_failed,下个交易日主盯 未兑现，复盘风险项：涨停封板不可买,65,600936,北投科技,观察池,下个交易日主盯,52.5,2026-05-08,3,common_index_cache,27,-20.8,-18.4,-17.6,-16.0,-17.6,-14.24,-15.04,5.1,4.12,-5.6,intraday_0950,2026-05-11 09:50:00,当日涨停附近；收在日内高位；站上20日线且不过热；市场强势且个股相对强势,涨停封板不可买,v2
2026-05-11,2026-04-10,次日已审,快策略候选,优先走弱,priority_failed,下个交易日主盯 未兑现，复盘风险项：涨停封板不可买,81,002256,兆新股份,观察池,下个交易日主盯,52.5,2026-05-08,3,common_index_cache,27,-21.21,3.98,-0.38,4.17,-0.38,-8.14,-7.01,-11.66,-10.56,4.17,intraday_0950,2026-05-11 09:50:00,当日涨停附近；收在日内高位；站上20日线且不过热；市场强势且个股相对强势,涨停封板不可买,v2
2026-05-11,2026-04-10,次日已审,快策略候选,优先走弱,priority_failed,下个交易日主盯 未兑现，复盘风险项：涨停封板不可买,57,603667,五洲新春,观察池,下个交易日主盯,52.5,2026-05-08,3,common_index_cache,27,-23.25,-9.22,-7.9,-4.37,-7.9,-11.35,-2.07,-2.35,7.88,1.17,intraday_0950,2026-05-11 09:50:00,当日涨停附近；收在日内高位；站上20日线且不过热；市场强势且个股相对强势,涨停封板不可买,v2
2026-05-11,2026-04-10,次日已审,快策略候选,优先走弱,priority_failed,下个交易日主盯 未兑现，复盘风险项：涨停封板不可买,92,002009,天奇股份,观察池,下个交易日主盯,52.5,2026-05-08,3,common_index_cache,27,-23.55,-0.41,-1.34,2.41,-1.34,2.23,5.93,2.64,6.37,11.13,intraday_0950,2026-05-11 09:50:00,当日涨停附近；收在日内高位；站上20日线且不过热；市场强势且个股相对强势,涨停封板不可买,v2
2026-05-11,2026-04-10,次日已审,快策略候选,优先走弱,priority_failed,下个交易日主盯 未兑现，复盘风险项：涨停封板不可买,76,600343,航天动力,观察池,下个交易日主盯,52.5,2026-05-08,3,common_index_cache,27,-36.33,-0.57,0.05,5.43,0.05,-4.6,-8.0,-4.05,-7.48,5.43,intraday_0950,2026-05-11 09:50:00,当日涨停附近；收在日内高位；站上20日线且不过热；市场强势且个股相对强势,涨停封板不可买,v2
2026-05-11,2026-04-22,次日已审,快策略候选,暂未强势,neutral,继续等待更多交易日或降低权重。,18,603629,利通电子,普通观察,下个交易日主盯,69.0,2026-05-08,3,common_index_cache,27,2.71,1.33,-2.28,5.38,-2.28,6.05,8.65,4.66,7.22,12.96,intraday_0950,2026-05-11 09:50:00,人气Top20；当日上涨；收在日内高位；站上20日线且不过热；连续上榜确认；市场强势且个股相对强势,-,v2
2026-05-11,2026-04-10,次日已审,快策略候选,暂未强势,neutral,继续等待更多交易日或降低权重。,10,002491,通鼎互联,观察池,下个交易日主盯,68.7,2026-05-08,3,common_index_cache,27,6.41,-9.19,-7.34,-7.34,-7.34,-8.64,-12.19,0.61,-3.31,1.74,intraday_0950,2026-05-11 09:50:00,人气Top10；当日涨停附近；收在日内高位；站上20日线且不过热；连续上榜确认；人气排名明显上升；市场强势且个股相对强势,涨停封板不可买,v2
2026-05-11,2026-04-22,次日已审,快策略候选,暂未强势,neutral,继续等待更多交易日或降低权重。,10,002491,通鼎互联,观察池,下个交易日主盯,68.7,2026-05-08,3,common_index_cache,27,6.41,-9.19,-7.34,-7.34,-7.34,-8.64,-12.19,0.61,-3.31,1.74,intraday_0950,2026-05-11 09:50:00,人气Top10；当日涨停附近；收在日内高位；站上20日线且不过热；连续上榜确认；人气排名明显上升；市场强势且个股相对强势,涨停封板不可买,v2
2026-05-11,2026-04-10,次日已审,快策略候选,暂未强势,neutral,继续等待更多交易日或降低权重。,6,002281,光迅科技,观察池,下个交易日主盯,68.7,2026-05-08,3,common_index_cache,27,3.72,-14.28,-13.64,-10.51,-13.64,-12.66,-10.04,1.9,4.95,-7.93,intraday_0950,2026-05-11 09:50:00,人气Top10；当日涨停附近；收在日内高位；站上20日线且不过热；连续上榜确认；人气排名明显上升；市场强势且个股相对强势,涨停封板不可买,v2
2026-05-11,2026-04-22,次日已审,快策略候选,暂未强势,neutral,继续等待更多交易日或降低权重。,6,002281,光迅科技,观察池,下个交易日主盯,68.7,2026-05-08,3,common_index_cache,27,3.72,-14.28,-13.64,-10.51,-13.64,-12.66,-10.04,1.9,4.95,-7.93,intraday_0950,2026-05-11 09:50:00,人气Top10；当日涨停附近；收在日内高位；站上20日线且不过热；连续上榜确认；人气排名明显上升；市场强势且个股相对强势,涨停封板不可买,v2
2026-05-11,2026-04-10,次日已审,快策略候选,暂未强势,neutral,继续等待更多交易日或降低权重。,39,605358,立昂微,观察池,下个交易日主盯,68.1,2026-05-08,3,common_index_cache,27,6.92,-24.43,-23.1,-20.74,-23.1,-22.32,-24.43,2.79,0.0,-17.63,intraday_0950,2026-05-11 09:50:00,人气Top50；当日涨停附近；收在日内高位；站上20日线且不过热；市场强势且个股相对强势,涨停封板不可买,v2
2026-05-11,2026-04-10,次日已审,快策略候选,暂未强势,neutral,继续等待更多交易日或降低权重。,48,603738,泰晶科技,观察池,下个交易日主盯,61.5,2026-05-08,3,common_index_cache,27,0.17,-13.41,-7.84,-6.64,-7.84,-10.05,-8.32,3.88,5.88,-1.05,intraday_0950,2026-05-11 09:50:00,人气Top50；当日涨停附近；收在日内高位；站上20日线且不过热；连续上榜确认；人气排名明显上升；市场强势且个股相对强势,涨停封板不可买,v2
2026-05-11,2026-04-22,次日已审,快策略候选,暂未强势,neutral,继续等待更多交易日或降低权重。,48,603738,泰晶科技,观察池,下个交易日主盯,61.5,2026-05-08,3,common_index_cache,27,0.17,-13.41,-7.84,-6.64,-7.84,-10.05,-8.32,3.88,5.88,-1.05,intraday_0950,2026-05-11 09:50:00,人气Top50；当日涨停附近；收在日内高位；站上20日线且不过热；连续上榜确认；人气排名明显上升；市场强势且个股相对强势,涨停封板不可买,v2
2026-05-11,2026-04-10,次日已审,快策略候选,暂未强势,neutral,继续等待更多交易日或降低权重。,22,002428,云南锗业,普通观察,下个交易日主盯,58.8,2026-05-08,3,common_index_cache,27,0.2,-7.85,2.38,2.38,2.38,-1.88,-7.69,6.49,0.18,6.17,intraday_0950,2026-05-11 09:50:00,人气Top50；当日强涨；收在日内高位；站上20日线且不过热；连续上榜确认；人气排名明显上升；市场强势且个股相对强势,-,v2
2026-05-11,2026-04-22,次日已审,快策略候选,暂未强势,neutral,继续等待更多交易日或降低权重。,22,002428,云南锗业,普通观察,下个交易日主盯,58.8,2026-05-08,3,common_index_cache,27,0.2,-7.85,2.38,2.38,2.38,-1.88,-7.69,6.49,0.18,6.17,intraday_0950,2026-05-11 09:50:00,人气Top50；当日强涨；收在日内高位；站上20日线且不过热；连续上榜确认；人气排名明显上升；市场强势且个股相对强势,-,v2
2026-05-11,2026-04-22,次日已审,快策略候选,优先成功,priority_success,优先观察 后续最高表现达到 23.61%，保留这类命中特征。,74,603045,福达合金,观察池,优先观察,47.4,2026-05-08,3,common_index_cache,27,23.61,9.79,7.48,9.79,7.48,1.32,3.58,-7.72,-5.65,14.56,intraday_0950,2026-05-11 09:50:00,当日涨停附近；收在日内高位；站上20日线且不过热；连续上榜确认；市场强势且个股相对强势,一字或近似一字，参与点差；一字板不可买,v2
2026-05-11,2026-04-10,次日已审,快策略候选,暂未强势,neutral,继续等待更多交易日或降低权重。,18,603629,利通电子,普通观察,备选观察,45.0,2026-05-08,3,common_index_cache,27,2.71,1.33,-2.28,5.38,-2.28,6.05,8.65,4.66,7.22,12.96,intraday_0950,2026-05-11 09:50:00,人气Top20；当日上涨；收在日内高位；站上20日线且不过热；连续上榜确认；市场强势且个股相对强势,-,v2
2026-05-11,2026-04-22,次日已审,快策略候选,暂未强势,neutral,继续等待更多交易日或降低权重。,2,000066,中国长城,不推送,备选观察,44.7,2026-05-08,3,common_index_cache,27,-25.79,-2.0,5.67,7.25,5.67,-5.54,-15.79,-3.61,-14.07,7.25,intraday_0950,2026-05-11 09:50:00,人气Top3；当日上涨；站上20日线且不过热；连续上榜确认；市场强势且个股相对强势,收盘承接偏弱,v2
2026-05-11,2026-04-22,次日已审,快策略候选,暂未强势,neutral,继续等待更多交易日或降低权重。,39,605358,立昂微,观察池,备选观察,44.1,2026-05-08,3,common_index_cache,27,6.92,-24.43,-23.1,-20.74,-23.1,-22.32,-24.43,2.79,0.0,-17.63,intraday_0950,2026-05-11 09:50:00,人气Top50；当日涨停附近；收在日内高位；站上20日线且不过热；市场强势且个股相对强势,涨停封板不可买,v2
2026-05-11,2026-04-22,次日已审,快策略候选,备选走强,backup_success,备选观察 后续最高表现达到 38.29%，保留这类命中特征。,17,002361,神剑股份,不推送,备选观察,45.6,2026-05-08,3,common_index_cache,27,-1.95,38.29,27.12,38.29,27.12,17.51,18.71,-15.02,-14.16,38.29,intraday_0950,2026-05-11 09:50:00,人气Top20；当日上涨；站上20日线且不过热；连续上榜确认；人气排名明显上升；市场强势且个股相对强势,-,v2
2026-05-11,2026-04-22,次日已审,快策略候选,备选走强,backup_success,备选观察 后续最高表现达到 25.71%，保留这类命中特征。,1,600522,中天科技,不推送,备选观察,44.7,2026-05-08,3,common_index_cache,27,25.71,0.73,0.92,5.72,0.92,0.96,0.62,0.23,-0.11,5.72,intraday_0950,2026-05-11 09:50:00,人气Top3；当日上涨；站上20日线且不过热；连续上榜确认；市场强势且个股相对强势,收盘承接偏弱,v2
2026-05-11,2026-04-22,次日已审,快策略候选,备选走强,backup_success,备选观察 后续最高表现达到 15.37%，保留这类命中特征。,30,002222,福晶科技,观察池,备选观察,44.1,2026-05-08,3,common_index_cache,27,-3.27,2.72,4.96,8.84,4.96,5.33,-3.03,2.54,-5.6,15.37,intraday_0950,2026-05-11 09:50:00,人气Top50；当日涨停附近；收在日内高位；站上20日线且不过热；市场强势且个股相对强势,涨停封板不可买,v2
2026-05-11,2026-04-10,次日已审,快策略候选,暂未强势,neutral,继续等待更多交易日或降低权重。,7,000547,航天发展,不推送,只看不追,42.8,2026-05-08,3,common_index_cache,26,-28.25,3.63,-0.58,4.24,-0.58,-6.43,-8.7,-9.71,-11.9,4.24,intraday_0950,2026-05-11 09:50:00,人气Top10；站上20日线且不过热；市场强势且个股相对强势,收盘承接偏弱,v2
2026-05-11,,次日已审,低层级强势反哺,普通/不推送走强,low_level_winner,不推送 后来走强，原因反哺：市场强势且个股相对强势、近5日趋势升温、连续上榜确认,88,603256,宏和科技,不推送,未入快策略,,2026-05-11,0,common_index_cache,27,81.84,3.2,4.12,6.01,4.12,-0.44,-7.7,-3.52,-10.56,6.01,intraday_0950,2026-05-11 09:50:00,近5日趋势升温；连续上榜确认；市场强势且个股相对强势,当日转弱；收盘承接偏弱；量能不足；偏离20日线较大；人气排名明显回落；v2回避转弱弱收盘样本；v2回避人气转弱样本,v2
2026-05-11,,次日已审,低层级强势反哺,普通/不推送走强,low_level_winner,不推送 后来走强，原因反哺：站上20日线且不过热、连续上榜确认,89,300308,中际旭创,不推送,未入快策略,,2026-05-11,0,common_index_cache,27,46.01,9.95,16.47,17.04,16.47,23.34,19.57,12.17,8.74,25.84,intraday_0950,2026-05-11 09:50:00,站上20日线且不过热；连续上榜确认,当日转弱；收盘承接偏弱；量能不足；强势市里个股相对走弱；v2回避转弱弱收盘样本,v2
2026-05-11,,次日已审,低层级强势反哺,普通/不推送走强,low_level_winner,不推送 后来走强，原因反哺：人气Top20、市场强势且个股相对强势、站上20日线且不过热,16,600498,烽火通信,不推送,未入快策略,,2026-05-11,0,common_index_cache,27,34.88,3.1,3.8,5.95,3.8,4.08,-1.2,0.96,-4.16,10.8,intraday_0950,2026-05-11 09:50:00,人气Top20；近5日趋势升温；站上20日线且不过热；市场强势且个股相对强势,当日转弱；收盘承接偏弱；v2回避转弱弱收盘样本,v2
2026-05-11,,次日已审,低层级强势反哺,普通/不推送走强,low_level_winner,不推送 后来走强，原因反哺：市场强势且个股相对强势、当日上涨、收盘承接较强,91,002185,华天科技,不推送,未入快策略,,2026-05-11,0,common_index_cache,27,32.02,2.43,-0.14,2.43,-0.14,-1.32,1.66,-3.65,-0.74,4.16,intraday_0950,2026-05-11 09:50:00,当日上涨；收盘承接较强；近5日趋势升温；站上20日线且不过热；连续上榜确认；市场强势且个股相对强势,-,v2
2026-05-11,,次日已审,低层级强势反哺,普通/不推送走强,low_level_winner,不推送 后来走强，原因反哺：人气Top50、市场强势且个股相对强势、收盘承接较强,42,600186,莲花控股,不推送,未入快策略,,2026-05-11,0,common_index_cache,27,24.13,-14.06,-15.41,-13.55,-15.41,-10.75,-11.01,3.84,3.55,-5.76,intraday_0950,2026-05-11 09:50:00,人气Top50；收盘承接较强；近5日趋势升温；连续上榜确认；市场强势且个股相对强势,量能不足；偏离20日线较大；人气排名明显回落,v2
2026-05-11,,次日已审,低层级强势反哺,普通/不推送走强,low_level_winner,不推送 后来走强，原因反哺：人气Top50、市场强势且个股相对强势、站上20日线且不过热,23,600105,永鼎股份,不推送,未入快策略,,2026-05-11,0,common_index_cache,27,21.26,-0.79,0.54,7.59,0.54,3.75,-0.94,4.57,-0.15,8.36,intraday_0950,2026-05-11 09:50:00,人气Top50；近5日趋势升温；站上20日线且不过热；连续上榜确认；市场强势且个股相对强势,当日转弱；收盘承接偏弱；量能不足；v2回避转弱弱收盘样本,v2
2026-05-11,,次日已审,低层级强势反哺,普通/不推送走强,low_level_winner,不推送 后来走强，原因反哺：市场强势且个股相对强势、站上20日线且不过热、近5日趋势升温,94,301308,江波龙,不推送,未入快策略,,2026-05-11,0,common_index_cache,27,15.1,9.97,12.88,15.0,12.88,20.4,19.04,9.49,8.25,28.35,intraday_0950,2026-05-11 09:50:00,近5日趋势升温；站上20日线且不过热；连续上榜确认；市场强势且个股相对强势,当日转弱；收盘承接偏弱；量能不足；v2回避转弱弱收盘样本；v2回避后段过热样本,v2
2026-05-11,,次日已审,低层级强势反哺,普通/不推送走强,low_level_winner,不推送 后来走强，原因反哺：人气Top50、人气排名明显上升、收在日内高位,32,002297,博云新材,不推送,未入快策略,,2026-05-11,0,common_index_cache,27,14.53,10.08,7.06,11.55,7.06,10.66,12.75,0.52,2.42,21.01,intraday_0950,2026-05-11 09:50:00,人气Top50；收在日内高位；站上20日线且不过热；连续上榜确认；人气排名明显上升,量能不足；近5日趋势未确认；强势市里个股相对走弱,v2
2026-05-11,,次日已审,低层级强势反哺,普通/不推送走强,low_level_winner,普通观察 后来走强，原因反哺：人气Top50、人气排名明显上升、市场强势且个股相对强势,43,600703,三安光电,普通观察,未入快策略,,2026-05-11,0,common_index_cache,27,12.6,5.71,9.71,11.55,9.71,14.5,6.17,8.32,0.43,18.37,intraday_0950,2026-05-11 09:50:00,人气Top50；当日强涨；收在日内高位；近5日趋势升温；站上20日线且不过热；连续上榜确认；人气排名明显上升；市场强势且个股相对强势,v2回避非封板高位追涨样本,v2
2026-05-11,,次日已审,低层级强势反哺,普通/不推送走强,low_level_winner,不推送 后来走强，原因反哺：连续上榜确认,59,603601,再升科技,不推送,未入快策略,,2026-05-11,0,common_index_cache,27,10.05,25.19,17.66,25.47,17.66,15.56,29.45,-7.69,3.4,29.45,intraday_0950,2026-05-11 09:50:00,连续上榜确认,当日转弱；收盘承接偏弱；量能不足；近5日趋势未确认；仍在20日线下方；强势市里个股相对走弱；v2回避转弱弱收盘样本,v2
2026-05-11,,次日已审,低层级强势反哺,普通/不推送走强,low_level_winner,不推送 后来走强，原因反哺：市场强势且个股相对强势、近5日强势延续、连续上榜确认,55,001309,德明利,不推送,未入快策略,,2026-05-11,0,common_index_cache,27,5.57,-6.19,-8.06,-5.75,-8.06,7.36,9.36,14.45,16.57,13.07,intraday_0950,2026-05-11 09:50:00,近5日强势延续；连续上榜确认；市场强势且个股相对强势,收盘承接偏弱；量能不足；短线涨幅偏高；偏离20日线较大；上影线偏长；v2回避后段过热样本,v2
2026-05-11,,次日已审,低层级强势反哺,普通/不推送走强,low_level_winner,不推送 后来走强，原因反哺：人气Top20、连续上榜确认,14,603778,国晟科技,不推送,未入快策略,,2026-05-11,0,common_index_cache,27,3.35,49.69,54.6,57.64,54.6,39.94,39.5,-6.51,-6.8,57.64,intraday_0950,2026-05-11 09:50:00,人气Top20；连续上榜确认,量能不足；近5日趋势未确认；仍在20日线下方；强势市里个股相对走弱,v2
2026-05-11,,次日已审,低层级强势反哺,普通/不推送走强,low_level_winner,不推送 后来走强，原因反哺：收盘承接较强,53,000977,浪潮信息,不推送,未入快策略,,2026-05-11,0,common_index_cache,27,2.81,21.87,16.5,21.95,16.5,14.06,12.48,-6.41,-7.7,24.5,intraday_0950,2026-05-11 09:50:00,收盘承接较强,当日转弱；量能不足；近5日趋势未确认；仍在20日线下方；强势市里个股相对走弱,v2
2026-05-11,,次日已审,低层级强势反哺,普通/不推送走强,low_level_winner,不推送 后来走强，原因反哺：人气Top50、连续上榜确认,26,601868,中国能建,不推送,未入快策略,,2026-05-11,0,common_index_cache,27,2.12,14.84,17.31,19.79,17.31,13.78,11.31,-0.92,-3.08,26.5,intraday_0950,2026-05-11 09:50:00,人气Top50；连续上榜确认,当日转弱；量能不足；近5日趋势未确认；强势市里个股相对走弱；v2回避转弱弱收盘样本；v2回避人气转弱样本,v2
2026-05-11,,次日已审,低层级强势反哺,普通/不推送走强,low_level_winner,不推送 后来走强，原因反哺：人气排名明显上升、连续上榜确认,56,600111,北方稀土,不推送,未入快策略,,2026-05-11,0,common_index_cache,27,0.54,15.42,8.51,15.52,8.51,6.17,3.04,-8.01,-10.73,15.52,intraday_0950,2026-05-11 09:50:00,连续上榜确认；人气排名明显上升,量能不足；近5日趋势未确认；强势市里个股相对走弱,v2
2026-05-11,,次日已审,低层级强势反哺,普通/不推送走强,low_level_winner,不推送 后来走强，原因反哺：人气Top50、连续上榜确认,25,002050,三花智控,不推送,未入快策略,,2026-05-11,0,common_index_cache,27,-1.55,13.58,12.41,15.01,12.41,9.12,16.82,-3.93,2.86,18.83,intraday_0950,2026-05-11 09:50:00,人气Top50；连续上榜确认,量能不足；强势市里个股相对走弱；v2回避人气转弱样本,v2
2026-05-11,,次日已审,低层级强势反哺,普通/不推送走强,low_level_winner,不推送 后来走强，原因反哺：市场强势且个股相对强势、当日上涨、收在日内高位,97,601698,中国卫通,不推送,未入快策略,,2026-05-11,0,common_index_cache,27,-2.01,24.14,19.94,24.45,19.94,11.91,11.19,-9.85,-10.43,24.45,intraday_0950,2026-05-11 09:50:00,当日上涨；收在日内高位；市场强势且个股相对强势,近5日趋势未确认；仍在20日线下方,v2
2026-05-11,,次日已审,低层级强势反哺,普通/不推送走强,low_level_winner,不推送 后来走强，原因反哺：人气Top50、市场强势且个股相对强势、站上20日线且不过热,45,002149,西部材料,不推送,未入快策略,,2026-05-11,0,common_index_cache,27,-2.56,22.44,20.62,27.97,20.62,11.96,19.91,-8.56,-2.07,27.97,intraday_0950,2026-05-11 09:50:00,人气Top50；近5日趋势升温；站上20日线且不过热；连续上榜确认；市场强势且个股相对强势,当日转弱；收盘承接偏弱；量能不足；人气排名明显回落；v2回避转弱弱收盘样本；v2回避人气转弱样本,v2
2026-05-11,,次日已审,低层级强势反哺,普通/不推送走强,low_level_winner,不推送 后来走强，原因反哺：人气Top50、市场强势且个股相对强势、温和放量,40,603399,永杉锂业,不推送,未入快策略,,2026-05-11,0,common_index_cache,27,-3.96,19.72,16.38,21.27,16.38,1.98,-5.56,-14.82,-21.11,21.27,intraday_0950,2026-05-11 09:50:00,人气Top50；温和放量；近5日趋势升温；连续上榜确认；市场强势且个股相对强势,偏离20日线较大；人气排名明显回落；上影线偏长；v2回避人气转弱样本,v2
2026-05-11,,次日已审,低层级强势反哺,普通/不推送走强,low_level_winner,不推送 后来走强，原因反哺：原因待补充,51,600879,航天电子,不推送,未入快策略,,2026-05-11,0,common_index_cache,27,-6.35,24.15,20.63,24.15,20.63,11.73,9.23,-10.01,-12.02,24.15,intraday_0950,2026-05-11 09:50:00,-,当日转弱；量能不足；近5日趋势未确认；仍在20日线下方；强势市里个股相对走弱,v2
2026-05-11,,次日已审,低层级强势反哺,普通/不推送走强,low_level_winner,不推送 后来走强，原因反哺：人气Top20、连续上榜确认,15,002342,巨力索具,不推送,未入快策略,,2026-05-11,0,common_index_cache,27,-7.07,97.64,84.69,98.73,84.69,80.25,58.33,-8.8,-19.89,98.73,intraday_0950,2026-05-11 09:50:00,人气Top20；连续上榜确认,当日转弱；收盘承接偏弱；量能不足；近5日趋势未确认；仍在20日线下方；强势市里个股相对走弱；v2回避转弱弱收盘样本；v2回避人气转弱样本,v2
2026-05-11,,次日已审,低层级强势反哺,普通/不推送走强,low_level_winner,不推送 后来走强，原因反哺：人气Top10、站上20日线且不过热、连续上榜确认,9,002081,金螳螂,不推送,未入快策略,,2026-05-11,0,common_index_cache,27,-7.2,42.02,52.72,52.72,52.72,51.75,35.02,6.85,-4.93,64.79,intraday_0950,2026-05-11 09:50:00,人气Top10；站上20日线且不过热；连续上榜确认,当日转弱；收盘承接偏弱；量能不足；近5日趋势未确认；强势市里个股相对走弱；v2回避转弱弱收盘样本,v2
2026-05-11,,次日已审,低层级强势反哺,普通/不推送走强,low_level_winner,不推送 后来走强，原因反哺：人气排名明显上升、收盘承接较强、连续上榜确认,72,000938,紫光股份,不推送,未入快策略,,2026-05-11,0,common_index_cache,27,-8.2,8.4,3.34,8.77,3.34,8.23,7.19,-0.16,-1.12,16.16,intraday_0950,2026-05-11 09:50:00,收盘承接较强；连续上榜确认；人气排名明显上升,量能不足；近5日趋势未确认；强势市里个股相对走弱,v2
2026-05-11,,次日已审,低层级强势反哺,普通/不推送走强,low_level_winner,不推送 后来走强，原因反哺：市场强势且个股相对强势、当日强涨,86,301666,大普微,不推送,未入快策略,,2026-05-11,0,common_index_cache,24,-9.76,-36.6,-31.51,-31.5,-31.51,-17.84,6.25,29.6,67.6,6.25,intraday_0950,2026-05-11 09:50:00,当日强涨；市场强势且个股相对强势,量能不足；短线涨幅过热；远离20日线过多；v2回避前段过热样本,v2
2026-05-11,,次日已审,低层级强势反哺,普通/不推送走强,low_level_winner,不推送 后来走强，原因反哺：市场强势且个股相对强势、站上20日线且不过热、近5日趋势升温,67,002015,协鑫能科,不推送,未入快策略,,2026-05-11,0,common_index_cache,27,-11.61,-3.92,-0.84,1.21,-0.84,9.61,0.14,14.08,4.22,19.54,intraday_0950,2026-05-11 09:50:00,近5日趋势升温；站上20日线且不过热；连续上榜确认；市场强势且个股相对强势,当日转弱；收盘承接偏弱；量能不足；v2回避转弱弱收盘样本,v2
2026-05-11,,次日已审,低层级强势反哺,普通/不推送走强,low_level_winner,不推送 后来走强，原因反哺：连续上榜确认,84,600759,ST洲际,不推送,未入快策略,,2026-05-11,0,common_index_cache,27,-14.18,28.37,28.37,28.37,28.37,15.96,4.61,-9.67,-18.51,28.37,intraday_0950,2026-05-11 09:50:00,连续上榜确认,当日转弱；放量过猛；近5日趋势未确认；仍在20日线下方；人气排名明显回落；强势市里个股相对走弱；v2回避转弱弱收盘样本；v2回避人气转弱样本；v2回避中后段放量追高样本,v2
2026-05-11,,次日已审,低层级强势反哺,普通/不推送走强,low_level_winner,不推送 后来走强，原因反哺：人气Top50、连续上榜确认,37,603538,美诺华,不推送,未入快策略,,2026-05-11,0,common_index_cache,27,-15.55,25.16,20.67,26.23,20.67,17.58,12.0,-6.05,-10.51,27.68,intraday_0950,2026-05-11 09:50:00,人气Top50；连续上榜确认,当日转弱；收盘承接偏弱；量能不足；近5日趋势未确认；仍在20日线下方；人气排名明显回落；强势市里个股相对走弱；v2回避转弱弱收盘样本；v2回避人气转弱样本,v2
2026-05-11,,次日已审,低层级强势反哺,普通/不推送走强,low_level_winner,不推送 后来走强，原因反哺：市场强势且个股相对强势、站上20日线且不过热、近5日趋势升温,61,002183,怡亚通,不推送,未入快策略,,2026-05-11,0,common_index_cache,27,-16.62,4.12,1.91,5.0,1.91,10.44,6.62,6.07,2.4,16.62,intraday_0950,2026-05-11 09:50:00,近5日趋势升温；站上20日线且不过热；连续上榜确认；市场强势且个股相对强势,当日转弱；量能不足；v2回避转弱弱收盘样本,v2
2026-05-11,,次日已审,低层级强势反哺,普通/不推送走强,low_level_winner,不推送 后来走强，原因反哺：人气Top20、人气排名明显上升、市场强势且个股相对强势,19,002929,润建股份,不推送,未入快策略,,2026-05-11,0,common_index_cache,27,-18.81,2.02,5.18,7.42,5.18,14.54,26.52,12.27,24.02,31.66,intraday_0950,2026-05-11 09:50:00,人气Top20；温和放量；近5日强势延续；站上20日线且不过热；连续上榜确认；人气排名明显上升；市场强势且个股相对强势,当日转弱；收盘承接偏弱；短线涨幅偏高；v2回避转弱弱收盘样本,v2
2026-05-11,,次日已审,低层级强势反哺,普通/不推送走强,low_level_winner,不推送 后来走强，原因反哺：人气Top50、市场强势且个股相对强势、当日强涨,27,600396,华电辽能,不推送,已入快策略,,2026-05-11,0,common_index_cache,27,33.33,4.87,12.73,12.73,12.73,24.64,17.53,18.86,12.07,35.96,intraday_0950,2026-05-11 09:50:00,人气Top50；当日强涨；收盘承接较强；近5日强势延续；连续上榜确认；市场强势且个股相对强势,量能不足；短线涨幅偏高；偏离20日线较大,v2
2026-05-11,,次日已审,低层级强势反哺,普通/不推送走强,low_level_winner,不推送 后来走强，原因反哺：人气Top3、市场强势且个股相对强势、当日上涨,1,600522,中天科技,不推送,已入快策略,,2026-05-11,0,common_index_cache,27,25.71,0.73,0.92,5.72,0.92,0.96,0.62,0.23,-0.11,5.72,intraday_0950,2026-05-11 09:50:00,人气Top3；当日上涨；近5日强势延续；连续上榜确认；市场强势且个股相对强势,收盘承接偏弱；短线涨幅偏高；偏离20日线较大,v2
2026-05-11,,次日已审,低层级强势反哺,普通/不推送走强,low_level_winner,不推送 后来走强，原因反哺：人气Top50、市场强势且个股相对强势、近5日强势延续,21,600487,亨通光电,不推送,已入快策略,,2026-05-11,0,common_index_cache,27,15.32,-21.56,-21.97,-18.44,-21.97,-23.12,-25.4,-1.99,-4.9,-18.44,intraday_0950,2026-05-11 09:50:00,人气Top50；近5日强势延续；连续上榜确认；市场强势且个股相对强势,当日转弱；量能不足；短线涨幅偏高；远离20日线过多；v2回避转弱弱收盘样本,v2
2026-05-11,,次日已审,低层级强势反哺,普通/不推送走强,low_level_winner,不推送 后来走强，原因反哺：人气Top50、人气排名明显上升、站上20日线且不过热,36,002475,立讯精密,不推送,已入快策略,,2026-05-11,0,common_index_cache,27,-0.63,14.23,13.93,16.28,13.93,11.29,7.6,-2.57,-5.8,20.71,intraday_0950,2026-05-11 09:50:00,人气Top50；站上20日线且不过热；连续上榜确认；人气排名明显上升,当日转弱；收盘承接偏弱；量能不足；近5日趋势未确认；强势市里个股相对走弱；v2回避转弱弱收盘样本,v2
2026-05-11,,次日已审,低层级强势反哺,普通/不推送走强,low_level_winner,不推送 后来走强，原因反哺：人气Top20、人气排名明显上升、收盘承接较强,17,002361,神剑股份,不推送,已入快策略,,2026-05-11,0,common_index_cache,27,-1.95,38.29,27.12,38.29,27.12,17.51,18.71,-15.02,-14.16,38.29,intraday_0950,2026-05-11 09:50:00,人气Top20；收盘承接较强；连续上榜确认；人气排名明显上升,量能不足；近5日趋势未确认；仍在20日线下方；强势市里个股相对走弱,v2
2026-05-11,,次日已审,低层级强势反哺,普通/不推送走强,low_level_winner,不推送 后来走强，原因反哺：人气Top10、连续上榜确认,8,002580,圣阳股份,不推送,已入快策略,,2026-05-11,0,common_index_cache,27,-2.56,58.05,56.13,63.59,56.13,43.09,20.81,-9.46,-23.56,66.79,intraday_0950,2026-05-11 09:50:00,人气Top10；连续上榜确认,当日转弱；收盘承接偏弱；量能不足；近5日趋势未确认；仍在20日线下方；强势市里个股相对走弱；v2回避转弱弱收盘样本,v2
2026-05-11,,次日已审,低层级强势反哺,普通/不推送走强,low_level_winner,不推送 后来走强，原因反哺：市场强势且个股相对强势、当日上涨、温和放量,87,002624,完美世界,不推送,已入快策略,,2026-05-11,0,common_index_cache,27,-7.9,19.28,19.71,23.48,19.71,16.09,9.42,-2.67,-8.26,26.96,intraday_0950,2026-05-11 09:50:00,当日上涨；温和放量；市场强势且个股相对强势,近5日趋势未确认；仍在20日线下方,v2
2026-05-11,,次日已审,低层级强势反哺,普通/不推送走强,low_level_winner,不推送 后来走强，原因反哺：人气Top50、人气排名明显上升、收盘承接较强,38,600118,中国卫星,不推送,已入快策略,,2026-05-11,0,common_index_cache,27,-11.44,34.38,30.47,35.31,30.47,17.78,13.25,-12.35,-15.72,35.31,intraday_0950,2026-05-11 09:50:00,人气Top50；收盘承接较强；人气排名明显上升,量能不足；近5日趋势未确认；仍在20日线下方；强势市里个股相对走弱,v2
2026-05-11,,次日已审,低层级强势反哺,普通/不推送走强,low_level_winner,不推送 后来走强，原因反哺：人气Top10、人气排名明显上升、市场强势且个股相对强势,5,600589,大位科技,不推送,已入快策略,,2026-05-11,0,common_index_cache,27,-11.5,11.58,9.33,12.27,9.33,13.92,8.64,2.09,-2.63,26.02,intraday_0950,2026-05-11 09:50:00,人气Top10；近5日趋势升温；站上20日线且不过热；人气排名明显上升；市场强势且个股相对强势,当日转弱；收盘承接偏弱；量能不足；v2回避转弱弱收盘样本,v2
2026-05-08,2026-04-10,次日已审,快策略候选,优先成功,priority_success,下个交易日主盯 后续最高表现达到 37.24%，保留这类命中特征。,9,600522,中天科技,重点观察,下个交易日主盯,90.8,2026-05-07,1,common_index_cache,28,37.24,12.42,9.62,12.45,9.62,8.97,2.45,-3.07,-8.87,15.42,intraday_0950,2026-05-08 09:50:00,人气Top10；当日上涨；收在日内高位；近5日趋势升温；站上20日线且不过热；连续上榜确认；人气排名明显上升；市场强势且个股相对强势,-,v2
2026-05-08,2026-04-10,次日已审,快策略候选,优先成功,priority_success,下个交易日主盯 后续最高表现达到 38.09%，保留这类命中特征。,34,603618,杭电股份,观察池,下个交易日主盯,79.4,2026-05-07,1,common_index_cache,28,38.09,4.64,-0.43,6.78,-0.43,5.26,-2.83,0.59,-7.14,10.09,intraday_0950,2026-05-08 09:50:00,人气Top50；当日涨停附近；收在日内高位；温和放量；近5日趋势升温；连续上榜确认；人气排名明显上升；市场强势且个股相对强势；v2低分涨停修正,偏离20日线较大；涨停封板不可买,v2
2026-05-08,2026-04-10,次日已审,快策略候选,优先成功,priority_success,下个交易日主盯 后续最高表现达到 42.12%，保留这类命中特征。,32,002361,神剑股份,普通观察,下个交易日主盯,73.9,2026-05-07,1,common_index_cache,28,-1.95,35.91,39.67,42.12,39.67,29.76,18.71,-4.53,-12.66,42.12,intraday_0950,2026-05-08 09:50:00,人气Top50；当日上涨；温和放量；近5日趋势升温；站上20日线且不过热；连续上榜确认；市场强势且个股相对强势,-,v2
2026-05-08,2026-04-10,次日已审,快策略候选,优先成功,priority_success,下个交易日主盯 后续最高表现达到 23.43%，保留这类命中特征。,36,002929,润建股份,观察池,下个交易日主盯,73.55,2026-05-07,1,common_index_cache,28,-21.26,0.97,-0.74,2.61,-0.74,12.21,18.87,11.13,17.72,23.43,intraday_0950,2026-05-08 09:50:00,人气Top50；当日涨停附近；收在日内高位；温和放量；近5日强势延续；连续上榜确认；人气排名明显上升；市场强势且个股相对强势,短线涨幅偏高；偏离20日线较大；涨停封板不可买,v2
2026-05-08,2026-04-10,次日已审,快策略候选,优先成功,priority_success,下个交易日主盯 后续最高表现达到 38.96%，保留这类命中特征。,27,002491,通鼎互联,观察池,下个交易日主盯,69.5,2026-05-07,1,common_index_cache,28,38.96,10.02,10.02,10.02,10.02,30.45,9.34,18.57,-0.62,32.87,intraday_0950,2026-05-08 09:50:00,人气Top50；当日涨停附近；收在日内高位；近5日趋势升温；连续上榜确认；人气排名明显上升；市场强势且个股相对强势；v2低分涨停修正,量能不足；偏离20日线较大；涨停封板不可买,v2
2026-05-08,2026-04-10,次日已审,快策略候选,优先成功,priority_success,下个交易日主盯 后续最高表现达到 23.24%，保留这类命中特征。,65,603459,红板科技,观察池,下个交易日主盯,67.25,2026-05-07,1,common_index_cache,28,10.19,10.01,10.01,10.01,10.01,16.85,3.39,6.22,-6.01,23.24,intraday_0950,2026-05-08 09:50:00,当日涨停附近；收在日内高位；温和放量；近5日强势延续；市场强势且个股相对强势；v2低分涨停修正,短线涨幅偏高；偏离20日线较大；涨停封板不可买,v2
2026-05-08,2026-04-10,次日已审,快策略候选,优先成功,priority_success,下个交易日主盯 后续最高表现达到 39.99%，保留这类命中特征。,24,600487,亨通光电,不推送,下个交易日主盯,63.2,2026-05-07,1,common_index_cache,28,39.99,0.01,-5.42,0.77,-5.42,-4.87,-11.97,-4.88,-11.98,0.77,intraday_0950,2026-05-08 09:50:00,人气Top50；当日上涨；收在日内高位；近5日趋势升温；站上20日线且不过热；连续上榜确认；市场强势且个股相对强势,量能不足,v2
2026-05-08,2026-04-10,次日已审,快策略候选,优先成功,priority_success,下个交易日主盯 后续最高表现达到 64.80%，保留这类命中特征。,5,601991,大唐发电,观察池,下个交易日主盯,55.95,2026-05-07,1,common_index_cache,28,64.8,8.3,9.93,9.93,9.93,33.03,42.96,22.83,32.0,46.39,intraday_0950,2026-05-08 09:50:00,人气Top10；当日涨停附近；收在日内高位；近5日强势延续；连续上榜确认；市场强势且个股相对强势,短线涨幅偏高；偏离20日线较大；一字或近似一字，参与点差；一字板不可买,v2
2026-05-08,2026-04-10,次日已审,快策略候选,优先成功,priority_success,下个交易日主盯 后续最高表现达到 25.51%，保留这类命中特征。,68,603738,泰晶科技,观察池,下个交易日主盯,53.9,2026-05-07,1,common_index_cache,28,25.51,7.79,10.0,10.0,10.0,14.87,18.23,6.57,9.69,23.97,intraday_0950,2026-05-08 09:50:00,当日涨停附近；收在日内高位；近5日趋势升温；连续上榜确认；人气排名明显上升；市场强势且个股相对强势；v2低分涨停修正,量能不足；偏离20日线较大；涨停封板不可买,v2
2026-05-08,2026-04-10,次日已审,快策略候选,优先成功,priority_success,下个交易日主盯 后续最高表现达到 18.98%，保留这类命中特征。,61,002031,巨轮智能,观察池,下个交易日主盯,52.5,2026-05-07,1,common_index_cache,28,-19.12,4.25,2.83,7.65,2.83,3.26,18.98,-0.95,14.13,18.98,intraday_0950,2026-05-08 09:50:00,当日涨停附近；收在日内高位；站上20日线且不过热；市场强势且个股相对强势,涨停封板不可买,v2
2026-05-08,2026-04-10,次日已审,快策略候选,优先走弱,priority_failed,下个交易日主盯 未兑现，复盘风险项：-,8,601868,中国能建,重点观察,下个交易日主盯,97.0,2026-05-07,1,common_index_cache,28,-10.8,-0.31,0.31,5.25,0.31,8.95,0.0,9.29,0.31,10.49,intraday_0950,2026-05-08 09:50:00,人气Top10；当日上涨；放量仍可控；近5日趋势升温；站上20日线且不过热；连续上榜确认；市场强势且个股相对强势；v2连榜升温修正,-,v2
2026-05-08,2026-04-10,次日已审,快策略候选,优先走弱,priority_failed,下个交易日主盯 未兑现，复盘风险项：涨停封板不可买,91,000720,新能泰山,观察池,下个交易日主盯,82.9,2026-05-07,1,common_index_cache,28,-24.6,1.41,2.46,5.98,2.46,10.02,-3.16,8.49,-4.51,10.19,intraday_0950,2026-05-08 09:50:00,当日涨停附近；收在日内高位；温和放量；近5日趋势升温；站上20日线且不过热；市场强势且个股相对强势；v2低分涨停修正,涨停封板不可买,v2
2026-05-08,2026-04-10,次日已审,快策略候选,优先走弱,priority_failed,下个交易日主盯 未兑现，复盘风险项：涨停封板不可买,12,002580,圣阳股份,观察池,下个交易日主盯,71.0,2026-05-07,1,common_index_cache,28,-35.26,0.21,4.04,9.88,4.04,5.65,-14.44,5.43,-14.62,10.82,intraday_0950,2026-05-08 09:50:00,人气Top20；当日涨停附近；收在日内高位；近5日趋势升温；站上20日线且不过热；连续上榜确认；人气排名明显上升；市场强势且个股相对强势；v2强势延续修正；v2低分涨停修正,涨停封板不可买,v2
2026-05-08,2026-04-10,次日已审,快策略候选,优先走弱,priority_failed,下个交易日主盯 未兑现，复盘风险项：量能不足,50,603601,再升科技,不推送,下个交易日主盯,62.3,2026-05-07,1,common_index_cache,28,-13.83,-0.27,-2.24,1.04,-2.24,-1.31,-7.87,-1.04,-7.62,1.37,intraday_0950,2026-05-08 09:50:00,人气Top50；当日上涨；收盘承接较强；近5日趋势升温；站上20日线且不过热；连续上榜确认；人气排名明显上升；市场强势且个股相对强势,量能不足,v2
2026-05-08,2026-04-10,次日已审,快策略候选,优先走弱,priority_failed,下个交易日主盯 未兑现，复盘风险项：量能不足,4,002342,巨力索具,不推送,下个交易日主盯,58.4,2026-05-07,1,common_index_cache,28,-53.62,-2.26,0.18,2.94,0.18,-7.55,-12.21,-5.41,-10.18,2.94,intraday_0950,2026-05-08 09:50:00,人气Top10；近5日趋势升温；站上20日线且不过热；连续上榜确认；人气排名明显上升；市场强势且个股相对强势,量能不足,v2
2026-05-08,2026-04-10,次日已审,快策略候选,优先走弱,priority_failed,下个交易日主盯 未兑现，复盘风险项：涨停封板不可买,90,603598,引力传媒,观察池,下个交易日主盯,52.5,2026-05-07,1,common_index_cache,28,-27.86,-5.75,-5.0,-1.63,-5.0,-8.14,-4.13,-2.53,1.73,-1.63,intraday_0950,2026-05-08 09:50:00,当日涨停附近；收在日内高位；站上20日线且不过热；市场强势且个股相对强势,涨停封板不可买,v2
2026-05-08,2026-04-10,次日已审,快策略候选,暂未强势,neutral,继续等待更多交易日或降低权重。,33,002281,光迅科技,观察池,下个交易日主盯,69.95,2026-05-07,1,common_index_cache,28,3.72,-19.43,-14.8,-14.8,-14.8,-15.15,-15.79,5.3,4.52,-8.8,intraday_0950,2026-05-08 09:50:00,人气Top50；当日涨停附近；收在日内高位；温和放量；近5日强势延续；连续上榜确认；市场强势且个股相对强势；v2低分涨停修正,短线涨幅偏高；远离20日线过多；涨停封板不可买,v2
2026-05-08,2026-04-10,次日已审,快策略候选,优先成功,priority_success,优先观察 后续最高表现达到 16.34%，保留这类命中特征。,11,300058,蓝色光标,不推送,优先观察,49.2,2026-05-07,1,common_index_cache,28,-11.49,11.78,12.08,16.34,12.08,11.55,4.56,-0.21,-6.46,16.34,intraday_0950,2026-05-08 09:50:00,人气Top20；温和放量；近5日趋势升温；站上20日线且不过热；人气排名明显上升；市场强势且个股相对强势,当日转弱；收盘承接偏弱,v2
2026-05-08,2026-04-10,次日已审,快策略候选,优先成功,priority_success,优先观察 后续最高表现达到 19.91%，保留这类命中特征。,55,002428,云南锗业,不推送,优先观察,48.5,2026-05-07,1,common_index_cache,28,13.17,0.9,5.12,5.21,5.12,15.73,2.99,14.7,2.07,19.91,intraday_0950,2026-05-08 09:50:00,当日强涨；收在日内高位；近5日趋势升温；连续上榜确认；人气排名明显上升；市场强势且个股相对强势,量能不足；偏离20日线较大,v2
2026-05-08,2026-04-10,次日已审,快策略候选,优先成功,priority_success,优先观察 后续最高表现达到 20.71%，保留这类命中特征。,62,002475,立讯精密,不推送,优先观察,48.5,2026-05-07,1,common_index_cache,28,-0.63,11.44,12.27,15.75,12.27,18.3,9.23,6.16,-1.99,20.71,intraday_0950,2026-05-08 09:50:00,当日上涨；收在日内高位；温和放量；站上20日线且不过热；连续上榜确认；市场强势且个股相对强势,近5日趋势未确认；人气排名明显回落,v2
2026-05-08,2026-04-10,次日已审,快策略候选,优先走弱,priority_failed,优先观察 未兑现，复盘风险项：-,54,000070,特发信息,不推送,优先观察,49.4,2026-05-07,1,common_index_cache,28,-1.24,5.74,-0.1,5.74,-0.1,1.39,-8.89,-4.11,-13.83,5.74,intraday_0950,2026-05-08 09:50:00,当日上涨；收盘承接较强；温和放量；站上20日线且不过热；连续上榜确认；市场强势且个股相对强势,-,v2
2026-05-08,2026-04-10,次日已审,快策略候选,暂未强势,neutral,继续等待更多交易日或降低权重。,22,600673,东阳光,不推送,备选观察,46.05,2026-05-07,1,common_index_cache,28,-12.74,-2.36,-5.13,-0.32,-5.13,-4.5,-11.23,-2.19,-9.09,-0.32,intraday_0950,2026-05-08 09:50:00,人气Top50；温和放量；近5日强势延续；站上20日线且不过热；连续上榜确认；人气排名明显上升；市场强势且个股相对强势,当日转弱；收盘承接偏弱；短线涨幅偏高,v2
2026-05-08,2026-04-10,次日已审,快策略候选,暂未强势,neutral,继续等待更多交易日或降低权重。,6,002217,合力泰,不推送,备选观察,44.8,2026-05-07,1,common_index_cache,28,-24.22,1.42,1.71,7.12,1.71,0.85,-11.97,-0.56,-13.2,7.12,intraday_0950,2026-05-08 09:50:00,人气Top10；近5日趋势升温；站上20日线且不过热；连续上榜确认；市场强势且个股相对强势,收盘承接偏弱,v2
2026-05-08,2026-04-10,次日已审,快策略候选,暂未强势,neutral,继续等待更多交易日或降低权重。,37,601778,晶科科技,不推送,备选观察,43.9,2026-05-07,1,common_index_cache,28,-32.98,0.13,-2.54,2.8,-2.54,-4.67,-7.08,-4.8,-7.2,4.81,intraday_0950,2026-05-08 09:50:00,人气Top50；收盘承接较强；近5日趋势升温；站上20日线且不过热；连续上榜确认；市场强势且个股相对强势,量能不足,v2
2026-05-08,2026-04-10,次日已审,快策略候选,暂未强势,neutral,继续等待更多交易日或降低权重。,66,002837,英维克,不推送,只看不追,42.4,2026-05-07,1,common_index_cache,28,-28.31,-24.44,-24.63,-24.0,-24.63,-21.5,-25.86,3.89,-1.87,-17.87,intraday_0950,2026-05-08 09:50:00,收在日内高位；近5日趋势升温；站上20日线且不过热；市场强势且个股相对强势,量能不足,v2
2026-05-08,2026-04-10,次日已审,快策略候选,备选走强,backup_success,只看不追 后续最高表现达到 27.70%，保留这类命中特征。,38,000988,华工科技,不推送,只看不追,42.1,2026-05-07,1,common_index_cache,28,27.7,4.65,10.33,11.24,10.33,6.24,0.16,1.52,-4.29,12.53,intraday_0950,2026-05-08 09:50:00,人气Top50；收盘承接较强；近5日趋势升温；站上20日线且不过热；连续上榜确认；市场强势且个股相对强势,量能不足；人气排名明显回落,v2
2026-05-08,2026-04-10,次日已审,快策略候选,备选走强,backup_success,只看不追 后续最高表现达到 21.44%，保留这类命中特征。,10,002384,东山精密,不推送,只看不追,42.1,2026-05-07,1,common_index_cache,28,21.44,0.21,3.19,5.22,3.19,4.34,-3.88,4.13,-4.08,8.72,intraday_0950,2026-05-08 09:50:00,人气Top10；近5日趋势升温；连续上榜确认；市场强势且个股相对强势,量能不足；偏离20日线较大,v2
2026-05-08,,次日已审,低层级强势反哺,普通/不推送走强,low_level_winner,不推送 后来走强，原因反哺：人气Top20、人气排名明显上升、市场强势且个股相对强势,18,603256,宏和科技,不推送,未入快策略,,2026-05-08,0,common_index_cache,28,73.98,-0.64,0.74,2.9,0.74,-1.79,-9.93,-1.16,-9.35,2.9,intraday_0950,2026-05-08 09:50:00,人气Top20；当日上涨；收在日内高位；近5日强势延续；连续上榜确认；人气排名明显上升；市场强势且个股相对强势,量能不足；短线涨幅偏高；偏离20日线较大；v2回避前段过热样本,v2
2026-05-08,,次日已审,低层级强势反哺,普通/不推送走强,low_level_winner,不推送 后来走强，原因反哺：市场强势且个股相对强势、站上20日线且不过热、近5日趋势升温,70,603986,兆易创新,不推送,未入快策略,,2026-05-08,0,common_index_cache,28,73.41,3.37,6.93,8.52,6.93,7.78,10.84,4.27,7.22,13.4,intraday_0950,2026-05-08 09:50:00,近5日趋势升温；站上20日线且不过热；连续上榜确认；市场强势且个股相对强势,当日转弱；收盘承接偏弱；量能不足；v2回避转弱弱收盘样本,v2
2026-05-08,,次日已审,低层级强势反哺,普通/不推送走强,low_level_winner,不推送 后来走强，原因反哺：市场强势且个股相对强势、当日上涨、收在日内高位,88,601208,东材科技,不推送,未入快策略,,2026-05-08,0,common_index_cache,28,54.11,-3.37,-3.58,-1.26,-3.58,4.42,-4.04,8.06,-0.7,5.24,intraday_0950,2026-05-08 09:50:00,当日上涨；收在日内高位；近5日强势延续；连续上榜确认；市场强势且个股相对强势,量能不足；短线涨幅偏高；偏离20日线较大；人气排名明显回落；v2回避前段过热样本,v2
2026-05-08,,次日已审,低层级强势反哺,普通/不推送走强,low_level_winner,不推送 后来走强，原因反哺：市场强势且个股相对强势、收盘承接较强、站上20日线且不过热,51,002436,兴森科技,不推送,未入快策略,,2026-05-08,0,common_index_cache,28,46.9,1.94,1.84,3.2,1.84,4.98,-3.32,2.98,-5.16,6.67,intraday_0950,2026-05-08 09:50:00,收盘承接较强；近5日趋势升温；站上20日线且不过热；市场强势且个股相对强势,量能不足,v2
2026-05-08,,次日已审,低层级强势反哺,普通/不推送走强,low_level_winner,不推送 后来走强，原因反哺：市场强势且个股相对强势、站上20日线且不过热、近5日趋势升温,96,300308,中际旭创,不推送,未入快策略,,2026-05-08,0,common_index_cache,28,45.6,1.44,7.27,8.03,7.27,19.71,19.79,18.01,18.09,25.49,intraday_0950,2026-05-08 09:50:00,近5日趋势升温；站上20日线且不过热；连续上榜确认；市场强势且个股相对强势,当日转弱；量能不足；人气排名明显回落,v2
2026-05-08,,次日已审,低层级强势反哺,普通/不推送走强,low_level_winner,不推送 后来走强，原因反哺：市场强势且个股相对强势、站上20日线且不过热、近5日趋势升温,97,002185,华天科技,不推送,未入快策略,,2026-05-08,0,common_index_cache,28,39.25,2.27,7.6,7.68,7.6,6.8,4.39,4.43,2.07,8.63,intraday_0950,2026-05-08 09:50:00,近5日趋势升温；站上20日线且不过热；连续上榜确认；市场强势且个股相对强势,当日转弱；量能不足,v2
2026-05-08,,次日已审,低层级强势反哺,普通/不推送走强,low_level_winner,不推送 后来走强，原因反哺：人气Top20、市场强势且个股相对强势、站上20日线且不过热,19,600186,莲花控股,不推送,未入快策略,,2026-05-08,0,common_index_cache,28,38.3,-0.94,-2.83,0.66,-2.83,1.13,-2.45,2.1,-1.52,5.0,intraday_0950,2026-05-08 09:50:00,人气Top20；近5日趋势升温；站上20日线且不过热；连续上榜确认；市场强势且个股相对强势,当日转弱；量能不足；v2回避转弱弱收盘样本；v2回避人气转弱样本,v2
2026-05-08,,次日已审,低层级强势反哺,普通/不推送走强,low_level_winner,不推送 后来走强，原因反哺：人气Top20、市场强势且个股相对强势、当日强涨,13,600396,华电辽能,不推送,未入快策略,,2026-05-08,0,common_index_cache,28,35.67,-3.43,4.27,4.27,4.27,26.22,32.85,30.7,37.57,38.34,intraday_0950,2026-05-08 09:50:00,人气Top20；当日强涨；收在日内高位；近5日趋势升温；连续上榜确认；市场强势且个股相对强势,量能不足；远离20日线过多,v2
2026-05-08,,次日已审,低层级强势反哺,普通/不推送走强,low_level_winner,不推送 后来走强，原因反哺：人气Top50、市场强势且个股相对强势、收在日内高位,31,600105,永鼎股份,不推送,未入快策略,,2026-05-08,0,common_index_cache,28,29.42,3.73,5.42,7.67,5.42,6.3,5.62,2.47,1.82,15.65,intraday_0950,2026-05-08 09:50:00,人气Top50；收在日内高位；近5日趋势升温；站上20日线且不过热；连续上榜确认；市场强势且个股相对强势,量能不足；人气排名明显回落,v2
2026-05-08,,次日已审,低层级强势反哺,普通/不推送走强,low_level_winner,不推送 后来走强，原因反哺：市场强势且个股相对强势、站上20日线且不过热、近5日强势延续,87,301308,江波龙,不推送,未入快策略,,2026-05-08,0,common_index_cache,28,19.85,10.48,16.49,18.23,16.49,28.07,23.59,15.92,11.86,33.65,intraday_0950,2026-05-08 09:50:00,近5日强势延续；站上20日线且不过热；连续上榜确认；市场强势且个股相对强势,当日转弱；收盘承接偏弱；量能不足；短线涨幅偏高；人气排名明显回落；v2回避转弱弱收盘样本；v2回避人气转弱样本,v2
2026-05-08,,次日已审,低层级强势反哺,普通/不推送走强,low_level_winner,不推送 后来走强，原因反哺：人气Top50、市场强势且个股相对强势、站上20日线且不过热,46,002008,大族激光,不推送,未入快策略,,2026-05-08,0,common_index_cache,28,19.81,9.63,18.25,18.25,18.25,30.47,26.21,19.01,15.12,37.86,intraday_0950,2026-05-08 09:50:00,人气Top50；近5日趋势升温；站上20日线且不过热；连续上榜确认；市场强势且个股相对强势,收盘承接偏弱；量能不足；上影线偏长；v2回避人气转弱样本,v2
2026-05-08,,次日已审,低层级强势反哺,普通/不推送走强,low_level_winner,不推送 后来走强，原因反哺：市场强势且个股相对强势、站上20日线且不过热、近5日趋势升温,52,001309,德明利,不推送,未入快策略,,2026-05-08,0,common_index_cache,28,19.06,5.89,7.25,8.21,7.25,14.06,19.47,7.71,12.83,27.52,intraday_0950,2026-05-08 09:50:00,近5日趋势升温；站上20日线且不过热；连续上榜确认；市场强势且个股相对强势,当日转弱；收盘承接偏弱；量能不足；人气排名明显回落；v2回避转弱弱收盘样本；v2回避人气转弱样本,v2
2026-05-08,,次日已审,低层级强势反哺,普通/不推送走强,low_level_winner,不推送 后来走强，原因反哺：收在日内高位、站上20日线且不过热、连续上榜确认,75,601869,长飞光纤,不推送,未入快策略,,2026-05-08,0,common_index_cache,28,18.26,3.85,2.8,4.01,2.8,4.51,-3.84,0.63,-7.41,10.43,intraday_0950,2026-05-08 09:50:00,收在日内高位；站上20日线且不过热；连续上榜确认,量能不足；人气排名明显回落,v2
2026-05-08,,次日已审,低层级强势反哺,普通/不推送走强,low_level_winner,不推送 后来走强，原因反哺：人气Top20、市场强势且个股相对强势、站上20日线且不过热,17,002156,通富微电,不推送,未入快策略,,2026-05-08,0,common_index_cache,28,16.68,4.03,6.13,7.88,6.13,5.5,-1.16,1.42,-4.99,7.88,intraday_0950,2026-05-08 09:50:00,人气Top20；近5日趋势升温；站上20日线且不过热；连续上榜确认；市场强势且个股相对强势,当日转弱；收盘承接偏弱；量能不足；v2回避转弱弱收盘样本,v2
2026-05-08,,次日已审,低层级强势反哺,普通/不推送走强,low_level_winner,不推送 后来走强，原因反哺：人气排名明显上升、市场强势且个股相对强势、收盘承接较强,82,600703,三安光电,不推送,未入快策略,,2026-05-08,0,common_index_cache,28,11.86,1.83,4.56,6.45,4.56,9.78,5.35,7.81,3.46,17.6,intraday_0950,2026-05-08 09:50:00,收盘承接较强；近5日趋势升温；站上20日线且不过热；连续上榜确认；人气排名明显上升；市场强势且个股相对强势,量能不足,v2
2026-05-08,,次日已审,低层级强势反哺,普通/不推送走强,low_level_winner,不推送 后来走强，原因反哺：市场强势且个股相对强势、站上20日线且不过热、近5日趋势升温,69,300136,信维通信,不推送,未入快策略,,2026-05-08,0,common_index_cache,28,5.03,6.22,14.95,15.97,14.95,13.08,-0.94,6.46,-6.74,17.53,intraday_0950,2026-05-08 09:50:00,近5日趋势升温；站上20日线且不过热；连续上榜确认；市场强势且个股相对强势,当日转弱；收盘承接偏弱；量能不足；人气排名明显回落；v2回避转弱弱收盘样本；v2回避人气转弱样本,v2
2026-05-08,,次日已审,低层级强势反哺,普通/不推送走强,low_level_winner,不推送 后来走强，原因反哺：人气Top50、市场强势且个股相对强势、近5日趋势升温,44,300394,天孚通信,不推送,未入快策略,,2026-05-08,0,common_index_cache,28,-0.42,-28.16,-28.46,-27.79,-28.46,-18.47,-13.76,13.49,20.04,-10.72,intraday_0950,2026-05-08 09:50:00,人气Top50；近5日趋势升温；市场强势且个股相对强势,量能不足,v2
2026-05-08,,次日已审,低层级强势反哺,普通/不推送走强,low_level_winner,不推送 后来走强，原因反哺：市场强势且个股相对强势、收盘承接较强、站上20日线且不过热,76,002015,协鑫能科,不推送,未入快策略,,2026-05-08,0,common_index_cache,28,-8.28,1.21,-1.84,5.03,-1.84,13.21,5.08,11.86,3.83,24.06,intraday_0950,2026-05-08 09:50:00,收盘承接较强；近5日趋势升温；站上20日线且不过热；连续上榜确认；市场强势且个股相对强势,量能不足；人气排名明显回落,v2
2026-05-08,,次日已审,低层级强势反哺,普通/不推送走强,low_level_winner,不推送 后来走强，原因反哺：市场强势且个股相对强势、温和放量、站上20日线且不过热,53,002183,怡亚通,不推送,未入快策略,,2026-05-08,0,common_index_cache,28,-15.12,6.44,7.49,11.53,7.49,14.07,7.34,7.17,0.84,18.71,intraday_0950,2026-05-08 09:50:00,温和放量；近5日趋势升温；站上20日线且不过热；市场强势且个股相对强势,v2回避中后段放量追高样本,v2
2026-05-08,,次日已审,低层级强势反哺,普通/不推送走强,low_level_winner,不推送 后来走强，原因反哺：人气Top50、站上20日线且不过热、近5日趋势升温,45,601016,节能风电,不推送,未入快策略,,2026-05-08,0,common_index_cache,28,-20.04,-2.0,2.61,5.41,2.61,12.83,0.8,15.13,2.86,18.04,intraday_0950,2026-05-08 09:50:00,人气Top50；近5日趋势升温；站上20日线且不过热；连续上榜确认,收盘承接偏弱；量能不足；人气排名明显回落；v2回避人气转弱样本,v2
2026-05-08,,次日已审,低层级强势反哺,普通/不推送走强,low_level_winner,不推送 后来走强，原因反哺：原因待补充,64,920200,振宏股份,不推送,未入快策略,,2026-05-08,0,common_index_cache,11,-23.73,-14.12,-4.43,-2.09,-4.43,2.3,-7.52,19.11,7.68,12.85,intraday_0950,2026-05-08 09:50:00,-,当日转弱；量能不足；仍在20日线下方；强势市里个股相对走弱,v2
2026-05-08,,次日已审,低层级强势反哺,普通/不推送走强,low_level_winner,不推送 后来走强，原因反哺：人气Top50、市场强势且个股相对强势、站上20日线且不过热,42,600379,宝光股份,不推送,未入快策略,,2026-05-08,0,common_index_cache,28,-27.71,0.35,8.24,8.24,8.24,11.06,9.59,10.67,9.2,22.18,intraday_0950,2026-05-08 09:50:00,人气Top50；近5日趋势升温；站上20日线且不过热；连续上榜确认；市场强势且个股相对强势,当日转弱；收盘承接偏弱；v2回避转弱弱收盘样本；v2回避人气转弱样本,v2
2026-05-08,,次日已审,低层级强势反哺,普通/不推送走强,low_level_winner,不推送 后来走强，原因反哺：人气Top3、市场强势且个股相对强势、近5日强势延续,1,002081,金螳螂,不推送,未入快策略,,2026-05-08,0,common_index_cache,28,-30.36,-0.15,3.94,7.3,3.94,13.14,12.7,13.3,12.87,23.65,intraday_0950,2026-05-08 09:50:00,人气Top3；近5日强势延续；连续上榜确认；市场强势且个股相对强势,当日转弱；短线涨幅偏高；远离20日线过多；Top3高热度拥挤，次日兑现风险；v2回避转弱弱收盘样本,v2
2026-05-08,,次日已审,低层级强势反哺,普通/不推送走强,low_level_winner,不推送 后来走强，原因反哺：人气Top50、市场强势且个股相对强势、当日上涨,24,600487,亨通光电,不推送,已入快策略,,2026-05-08,0,common_index_cache,28,39.99,0.01,-5.42,0.77,-5.42,-4.87,-11.97,-4.88,-11.98,0.77,intraday_0950,2026-05-08 09:50:00,人气Top50；当日上涨；收在日内高位；近5日趋势升温；站上20日线且不过热；连续上榜确认；市场强势且个股相对强势,量能不足,v2
2026-05-08,,次日已审,低层级强势反哺,普通/不推送走强,low_level_winner,不推送 后来走强，原因反哺：人气Top50、市场强势且个股相对强势、收盘承接较强,38,000988,华工科技,不推送,已入快策略,,2026-05-08,0,common_index_cache,28,27.7,4.65,10.33,11.24,10.33,6.24,0.16,1.52,-4.29,12.53,intraday_0950,2026-05-08 09:50:00,人气Top50；收盘承接较强；近5日趋势升温；站上20日线且不过热；连续上榜确认；市场强势且个股相对强势,量能不足；人气排名明显回落,v2
2026-05-08,,次日已审,低层级强势反哺,普通/不推送走强,low_level_winner,不推送 后来走强，原因反哺：人气Top10、市场强势且个股相对强势、站上20日线且不过热,10,002384,东山精密,不推送,已入快策略,,2026-05-08,0,common_index_cache,28,21.44,0.21,3.19,5.22,3.19,4.34,-3.88,4.13,-4.08,8.72,intraday_0950,2026-05-08 09:50:00,人气Top10；近5日趋势升温；站上20日线且不过热；连续上榜确认；市场强势且个股相对强势,量能不足,v2
2026-05-08,,次日已审,低层级强势反哺,普通/不推送走强,low_level_winner,不推送 后来走强，原因反哺：人气排名明显上升、市场强势且个股相对强势、当日强涨,55,002428,云南锗业,不推送,已入快策略,,2026-05-08,0,common_index_cache,28,13.17,0.9,5.12,5.21,5.12,15.73,2.99,14.7,2.07,19.91,intraday_0950,2026-05-08 09:50:00,当日强涨；收在日内高位；近5日强势延续；连续上榜确认；人气排名明显上升；市场强势且个股相对强势,量能不足；短线涨幅偏高；偏离20日线较大,v2
2026-05-08,,次日已审,低层级强势反哺,普通/不推送走强,low_level_winner,不推送 后来走强，原因反哺：站上20日线且不过热、连续上榜确认,62,002475,立讯精密,不推送,已入快策略,,2026-05-08,0,common_index_cache,28,-0.63,11.44,12.27,15.75,12.27,18.3,9.23,6.16,-1.99,20.71,intraday_0950,2026-05-08 09:50:00,站上20日线且不过热；连续上榜确认,当日转弱；收盘承接偏弱；量能不足；近5日趋势未确认；人气排名明显回落；强势市里个股相对走弱；v2回避转弱弱收盘样本；v2回避人气转弱样本,v2
2026-05-08,,次日已审,低层级强势反哺,普通/不推送走强,low_level_winner,不推送 后来走强，原因反哺：人气Top50、市场强势且个股相对强势、收盘承接较强,32,002361,神剑股份,不推送,已入快策略,,2026-05-08,0,common_index_cache,28,-1.95,35.91,39.67,42.12,39.67,29.76,18.71,-4.53,-12.66,42.12,intraday_0950,2026-05-08 09:50:00,人气Top50；收盘承接较强；连续上榜确认；市场强势且个股相对强势,量能不足；近5日趋势未确认；仍在20日线下方,v2
2026-05-08,,次日已审,低层级强势反哺,普通/不推送走强,low_level_winner,不推送 后来走强，原因反哺：人气Top20、人气排名明显上升、收在日内高位,11,300058,蓝色光标,不推送,已入快策略,,2026-05-08,0,common_index_cache,28,-11.49,11.78,12.08,16.34,12.08,11.55,4.56,-0.21,-6.46,16.34,intraday_0950,2026-05-08 09:50:00,人气Top20；收在日内高位；人气排名明显上升,当日转弱；量能不足；强势市里个股相对走弱,v2
2026-05-07,2026-04-30,次日已审,快策略候选,优先成功,priority_success,下个交易日主盯 后续最高表现达到 22.06%，保留这类命中特征。,26,002580,圣阳股份,重点观察,下个交易日主盯,96.7,2026-05-07,0,common_index_cache,29,-28.69,1.31,10.01,10.01,10.01,14.26,4.72,12.79,3.37,22.06,post_close,2026-05-07 15:00:00,人气Top50；当日强涨；收在日内高位；温和放量；近5日趋势升温；站上20日线且不过热；连续上榜确认；市场强势且个股相对强势,-,v2
2026-05-07,2026-04-30,次日已审,快策略候选,优先成功,priority_success,下个交易日主盯 后续最高表现达到 24.48%，保留这类命中特征。,42,002015,协鑫能科,观察池,下个交易日主盯,94.0,2026-05-07,0,common_index_cache,29,-7.97,-1.46,-1.02,0.73,-1.02,3.25,14.13,4.78,15.82,24.48,post_close,2026-05-07 15:00:00,人气Top50；当日涨停附近；收在日内高位；温和放量；站上20日线且不过热；连续上榜确认；市场强势且个股相对强势,涨停封板不可买,v2
2026-05-07,2026-04-30,次日已审,快策略候选,优先成功,priority_success,下个交易日主盯 后续最高表现达到 18.04%，保留这类命中特征。,21,601016,节能风电,观察池,下个交易日主盯,94.0,2026-05-07,0,common_index_cache,29,-20.04,-1.4,-1.8,2.2,-1.8,2.61,2.2,4.07,3.66,18.04,post_close,2026-05-07 15:00:00,人气Top50；当日涨停附近；收在日内高位；温和放量；站上20日线且不过热；连续上榜确认；市场强势且个股相对强势,涨停封板不可买,v2
2026-05-07,2026-04-30,次日已审,快策略候选,优先成功,priority_success,下个交易日主盯 后续最高表现达到 46.13%，保留这类命中特征。,28,600487,亨通光电,普通观察,下个交易日主盯,91.3,2026-05-07,0,common_index_cache,29,46.13,-2.25,1.72,4.65,1.72,-1.13,-2.58,1.14,-0.34,5.19,post_close,2026-05-07 15:00:00,人气Top50；当日强涨；收在日内高位；温和放量；站上20日线且不过热；连续上榜确认；市场强势且个股相对强势,-,v2
2026-05-07,2026-04-30,次日已审,快策略候选,优先成功,priority_success,下个交易日主盯 后续最高表现达到 19.05%，保留这类命中特征。,33,600726,华电能源,普通观察,下个交易日主盯,91.3,2026-05-07,0,common_index_cache,29,9.07,2.5,-1.31,7.88,-1.31,1.18,5.12,-1.28,2.56,19.05,post_close,2026-05-07 15:00:00,人气Top50；当日上涨；收盘承接较强；温和放量；近5日趋势升温；连续上榜确认；人气排名明显上升；市场强势且个股相对强势；v2连榜升温修正,偏离20日线较大,v2
2026-05-07,2026-04-30,次日已审,快策略候选,优先成功,priority_success,下个交易日主盯 后续最高表现达到 81.15%，保留这类命中特征。,7,601991,大唐发电,观察池,下个交易日主盯,91.0,2026-05-07,0,common_index_cache,29,81.15,9.92,9.92,9.92,9.92,32.94,42.86,20.94,29.96,60.91,post_close,2026-05-07 15:00:00,人气Top10；当日涨停附近；收在日内高位；温和放量；近5日趋势升温；站上20日线且不过热；连续上榜确认；市场强势且个股相对强势；v2强势延续修正；v2连榜升温修正；v2低分涨停修正,涨停封板不可买,v2
2026-05-07,2026-04-30,次日已审,快策略候选,优先成功,priority_success,下个交易日主盯 后续最高表现达到 51.25%，保留这类命中特征。,10,600396,华电辽能,观察池,下个交易日主盯,91.0,2026-05-07,0,common_index_cache,29,48.33,3.17,3.67,10.0,3.67,25.42,38.67,21.57,34.41,51.25,post_close,2026-05-07 15:00:00,人气Top10；当日涨停附近；收在日内高位；温和放量；近5日趋势升温；连续上榜确认；市场强势且个股相对强势；v2强势延续修正；v2连榜升温修正；v2低分涨停修正,偏离20日线较大；涨停封板不可买,v2
2026-05-07,2026-04-30,次日已审,快策略候选,优先成功,priority_success,下个交易日主盯 后续最高表现达到 20.43%，保留这类命中特征。,22,001309,德明利,观察池,下个交易日主盯,87.8,2026-05-07,0,common_index_cache,29,15.1,-2.8,-3.05,-1.06,-3.05,0.24,17.05,3.13,20.43,19.95,post_close,2026-05-07 15:00:00,人气Top50；当日涨停附近；收在日内高位；近5日趋势升温；站上20日线且不过热；连续上榜确认；市场强势且个股相对强势；v2低分涨停修正,涨停封板不可买,v2
2026-05-07,2026-04-30,次日已审,快策略候选,优先成功,priority_success,下个交易日主盯 后续最高表现达到 16.26%，保留这类命中特征。,45,300136,信维通信,普通观察,下个交易日主盯,86.8,2026-05-07,0,common_index_cache,29,3.9,-0.64,-0.3,1.51,-0.3,7.53,0.85,8.22,1.5,16.26,post_close,2026-05-07 15:00:00,人气Top50；当日上涨；温和放量；近5日趋势升温；连续上榜确认；人气排名明显上升；市场强势且个股相对强势；v2连榜升温修正,偏离20日线较大,v2
2026-05-07,2026-04-30,次日已审,快策略候选,优先成功,priority_success,下个交易日主盯 后续最高表现达到 24.60%，保留这类命中特征。,2,002081,金螳螂,观察池,下个交易日主盯,85.55,2026-05-07,0,common_index_cache,29,-31.95,-10.13,-4.85,0.57,-4.85,11.98,11.27,24.6,23.81,18.83,post_close,2026-05-07 15:00:00,人气Top3；当日涨停附近；收在日内高位；近5日强势延续；连续上榜确认；市场强势且个股相对强势；v2低分涨停修正,短线涨幅偏高；远离20日线过多；涨停封板不可买,v2
2026-05-07,2026-04-30,次日已审,快策略候选,优先成功,priority_success,下个交易日主盯 后续最高表现达到 67.72%，保留这类命中特征。,71,603986,兆易创新,观察池,下个交易日主盯,84.7,2026-05-07,0,common_index_cache,29,67.72,-2.62,-4.6,-1.96,-4.6,0.97,1.73,3.69,4.46,6.68,post_close,2026-05-07 15:00:00,当日涨停附近；收在日内高位；温和放量；近5日趋势升温；站上20日线且不过热；连续上榜确认；市场强势且个股相对强势；v2低分涨停修正,人气排名明显回落；涨停封板不可买,v2
2026-05-07,2026-04-30,次日已审,快策略候选,优先成功,priority_success,下个交易日主盯 后续最高表现达到 31.72%，保留这类命中特征。,6,600186,莲花控股,重点观察,下个交易日主盯,84.7,2026-05-07,0,common_index_cache,29,31.72,-2.96,-5.66,-2.52,-5.66,-10.24,-5.3,-7.5,-2.41,0.0,post_close,2026-05-07 15:00:00,人气Top10；当日上涨；收盘承接较强；温和放量；近5日趋势升温；连续上榜确认；市场强势且个股相对强势；v2连榜升温修正,偏离20日线较大,v2
2026-05-07,2026-04-30,次日已审,快策略候选,优先成功,priority_success,下个交易日主盯 后续最高表现达到 43.07%，保留这类命中特征。,19,600522,中天科技,重点观察,下个交易日主盯,83.8,2026-05-07,0,common_index_cache,29,43.07,-0.47,6.57,7.24,6.57,14.85,14.9,15.39,15.45,20.32,post_close,2026-05-07 15:00:00,人气Top20；当日上涨；收盘承接较强；温和放量；近5日趋势升温；站上20日线且不过热；连续上榜确认；人气排名明显上升；市场强势且个股相对强势,-,v2
2026-05-07,2026-04-30,次日已审,快策略候选,优先成功,priority_success,下个交易日主盯 后续最高表现达到 52.88%，保留这类命中特征。,38,002491,通鼎互联,普通观察,下个交易日主盯,78.4,2026-05-07,0,common_index_cache,29,52.88,6.71,10.01,10.01,10.01,33.12,31.26,24.75,23.0,46.17,post_close,2026-05-07 15:00:00,人气Top50；当日强涨；收盘承接较强；温和放量；近5日趋势升温；站上20日线且不过热；市场强势且个股相对强势,-,v2
2026-05-07,2026-04-30,次日已审,快策略候选,优先成功,priority_success,下个交易日主盯 后续最高表现达到 32.17%，保留这类命中特征。,55,301308,江波龙,观察池,下个交易日主盯,77.05,2026-05-07,0,common_index_cache,29,18.52,-1.8,-0.69,0.35,-0.69,16.24,23.98,18.37,26.26,32.17,post_close,2026-05-07 15:00:00,当日涨停附近；收在日内高位；温和放量；近5日强势延续；连续上榜确认；市场强势且个股相对强势；v2低分涨停修正,短线涨幅偏高；偏离20日线较大；人气排名明显回落；涨停封板不可买,v2
2026-05-07,2026-04-30,次日已审,快策略候选,优先成功,priority_success,下个交易日主盯 后续最高表现达到 51.26%，保留这类命中特征。,46,603618,杭电股份,观察池,下个交易日主盯,76.1,2026-05-07,0,common_index_cache,29,51.26,0.82,10.0,10.0,10.0,18.27,10.53,17.31,9.63,20.58,post_close,2026-05-07 15:00:00,人气Top50；当日涨停附近；收在日内高位；站上20日线且不过热；连续上榜确认；市场强势且个股相对强势,量能不足；涨停封板不可买,v2
2026-05-07,2026-04-30,次日已审,快策略候选,优先成功,priority_success,下个交易日主盯 后续最高表现达到 31.13%，保留这类命中特征。,66,002428,云南锗业,观察池,下个交易日主盯,74.8,2026-05-07,0,common_index_cache,29,23.77,-0.54,7.32,10.0,7.32,26.46,21.2,27.14,21.85,31.13,post_close,2026-05-07 15:00:00,当日涨停附近；收在日内高位；温和放量；站上20日线且不过热；连续上榜确认；市场强势且个股相对强势,近5日趋势未确认；人气排名明显回落；涨停封板不可买,v2
2026-05-07,2026-04-30,次日已审,快策略候选,优先成功,priority_success,下个交易日主盯 后续最高表现达到 21.72%，保留这类命中特征。,3,002384,东山精密,不推送,下个交易日主盯,74.5,2026-05-07,0,common_index_cache,29,21.72,-0.51,0.15,1.19,0.15,3.97,1.81,4.5,2.33,8.97,post_close,2026-05-07 15:00:00,人气Top3；温和放量；站上20日线且不过热；连续上榜确认；人气排名明显上升；市场强势且个股相对强势,收盘承接偏弱；上影线偏长,v2
2026-05-07,2026-04-30,次日已审,快策略候选,优先走弱,priority_failed,下个交易日主盯 未兑现，复盘风险项：涨停封板不可买,48,002044,美年健康,观察池,下个交易日主盯,103.0,2026-05-07,0,common_index_cache,29,-15.65,0.0,-0.48,4.03,-0.48,-1.94,-1.13,-1.94,-1.13,4.19,post_close,2026-05-07 15:00:00,人气Top50；当日涨停附近；收在日内高位；温和放量；近5日趋势升温；站上20日线且不过热；连续上榜确认；市场强势且个股相对强势；v2强势延续修正；v2连榜升温修正；v2低分涨停修正,涨停封板不可买,v2
2026-05-07,2026-04-30,次日已审,快策略候选,优先走弱,priority_failed,下个交易日主盯 未兑现，复盘风险项：涨停封板不可买,36,000815,美利云,观察池,下个交易日主盯,103.0,2026-05-07,0,common_index_cache,29,-21.92,-0.9,3.75,5.96,3.75,-3.57,-3.57,-2.69,-2.69,5.96,post_close,2026-05-07 15:00:00,人气Top50；当日涨停附近；收在日内高位；温和放量；近5日趋势升温；站上20日线且不过热；连续上榜确认；市场强势且个股相对强势；v2强势延续修正,涨停封板不可买,v2
2026-05-07,2026-04-30,次日已审,快策略候选,优先走弱,priority_failed,下个交易日主盯 未兑现，复盘风险项：-,39,002466,天齐锂业,重点观察,下个交易日主盯,92.2,2026-05-07,0,common_index_cache,29,-19.0,-0.96,-3.81,2.24,-3.81,-5.45,-10.59,-4.53,-9.72,2.24,post_close,2026-05-07 15:00:00,人气Top50；收盘承接较强；温和放量；近5日趋势升温；站上20日线且不过热；连续上榜确认；人气排名明显上升；市场强势且个股相对强势；v2连榜升温修正,-,v2
2026-05-07,2026-04-30,次日已审,快策略候选,优先走弱,priority_failed,下个交易日主盯 未兑现，复盘风险项：涨停封板不可买,9,002149,西部材料,观察池,下个交易日主盯,91.0,2026-05-07,0,common_index_cache,29,-18.27,-0.94,-1.4,1.37,-1.4,1.18,-6.08,2.14,-5.19,7.35,post_close,2026-05-07 15:00:00,人气Top10；当日涨停附近；收在日内高位；温和放量；近5日趋势升温；站上20日线且不过热；连续上榜确认；人气排名明显上升；市场强势且个股相对强势；v2强势延续修正；v2连榜升温修正；v2低分涨停修正,涨停封板不可买,v2
2026-05-07,2026-04-30,次日已审,快策略候选,优先走弱,priority_failed,下个交易日主盯 未兑现，复盘风险项：-,20,002709,天赐材料,重点观察,下个交易日主盯,85.6,2026-05-07,0,common_index_cache,29,-15.84,-1.88,-6.99,0.96,-6.99,-6.7,-11.61,-4.92,-9.92,0.96,post_close,2026-05-07 15:00:00,人气Top20；当日上涨；收盘承接较强；温和放量；近5日趋势升温；站上20日线且不过热；连续上榜确认；市场强势且个股相对强势；v2连榜升温修正,-,v2
2026-05-07,2026-04-30,次日已审,快策略候选,优先走弱,priority_failed,下个交易日主盯 未兑现，复盘风险项：涨停封板不可买,5,002217,合力泰,观察池,下个交易日主盯,83.0,2026-05-07,0,common_index_cache,29,-24.0,3.14,-2.0,4.29,-2.0,-0.86,-4.0,-3.88,-6.93,7.43,post_close,2026-05-07 15:00:00,人气Top10；当日涨停附近；收在日内高位；近5日趋势升温；站上20日线且不过热；连续上榜确认；市场强势且个股相对强势；v2强势延续修正；v2低分涨停修正,涨停封板不可买,v2
2026-05-07,2026-04-30,次日已审,快策略候选,优先走弱,priority_failed,下个交易日主盯 未兑现，复盘风险项：-,24,002050,三花智控,普通观察,下个交易日主盯,80.6,2026-05-07,0,common_index_cache,29,-11.37,-0.64,2.72,7.07,2.72,1.19,-1.77,1.84,-1.14,7.07,post_close,2026-05-07 15:00:00,人气Top50；收盘承接较强；温和放量；近5日趋势升温；站上20日线且不过热；连续上榜确认；人气排名明显上升；市场强势且个股相对强势,-,v2
2026-05-07,2026-04-30,次日已审,快策略候选,优先走弱,priority_failed,下个交易日主盯 未兑现，复盘风险项：偏离20日线较大；人气排名明显回落；涨停封板不可买,61,603538,美诺华,观察池,下个交易日主盯,80.2,2026-05-07,0,common_index_cache,29,-38.69,-1.05,3.33,4.38,3.33,-12.39,-14.63,-11.46,-13.72,4.38,post_close,2026-05-07 15:00:00,当日涨停附近；收在日内高位；温和放量；近5日趋势升温；连续上榜确认；市场强势且个股相对强势；v2低分涨停修正,偏离20日线较大；人气排名明显回落；涨停封板不可买,v2
2026-05-07,2026-04-30,次日已审,快策略候选,优先走弱,priority_failed,下个交易日主盯 未兑现，复盘风险项：-,50,603019,中科曙光,普通观察,下个交易日主盯,78.8,2026-05-07,0,common_index_cache,29,-12.06,-0.77,-2.49,-0.77,-2.49,-1.35,-1.18,-0.58,-0.41,6.35,post_close,2026-05-07 15:00:00,人气Top50；当日强涨；放量仍可控；近5日趋势升温；站上20日线且不过热；连续上榜确认；市场强势且个股相对强势,-,v2
2026-05-07,2026-04-30,次日已审,快策略候选,优先走弱,priority_failed,下个交易日主盯 未兑现，复盘风险项：近5日趋势未确认；涨停封板不可买,29,601778,晶科科技,观察池,下个交易日主盯,77.9,2026-05-07,0,common_index_cache,29,-32.35,-0.13,-0.4,1.48,-0.4,-4.31,1.35,-4.18,1.48,5.8,post_close,2026-05-07 15:00:00,人气Top50；当日涨停附近；收在日内高位；站上20日线且不过热；连续上榜确认；市场强势且个股相对强势,近5日趋势未确认；涨停封板不可买,v2
2026-05-07,2026-04-30,次日已审,快策略候选,优先走弱,priority_failed,下个交易日主盯 未兑现，复盘风险项：量能不足；短线涨幅偏高；偏离20日线较大；一字或近似一字，参与点差；一字板不可买,1,000066,中国长城,观察池,下个交易日主盯,75.05,2026-05-07,0,common_index_cache,29,-25.73,-0.83,-3.71,1.83,-3.71,5.75,-5.46,6.64,-4.67,7.34,post_close,2026-05-07 15:00:00,人气Top3；当日涨停附近；收在日内高位；近5日强势延续；连续上榜确认；市场强势且个股相对强势,量能不足；短线涨幅偏高；偏离20日线较大；一字或近似一字，参与点差；一字板不可买,v2
2026-05-07,2026-04-30,次日已审,快策略候选,暂未强势,neutral,继续等待更多交易日或降低权重。,49,002407,多氟多,普通观察,下个交易日主盯,90.4,2026-05-07,0,common_index_cache,29,3.0,-1.34,-6.83,1.98,-6.83,-8.62,-11.75,-7.38,-10.56,1.98,post_close,2026-05-07 15:00:00,人气Top50；当日上涨；收盘承接较强；温和放量；近5日趋势升温；站上20日线且不过热；连续上榜确认；市场强势且个股相对强势,-,v2
2026-05-07,,次日已审,低层级强势反哺,普通/不推送走强,low_level_winner,不推送 后来走强，原因反哺：温和放量、站上20日线且不过热、近5日趋势升温,84,600584,长电科技,不推送,未入快策略,,2026-05-07,0,common_index_cache,29,67.68,-1.56,4.08,5.8,4.08,13.29,11.38,15.08,13.15,18.89,post_close,2026-05-07 15:00:00,温和放量；近5日趋势升温；站上20日线且不过热；连续上榜确认,人气排名明显回落；v2回避人气转弱样本,v2
2026-05-07,,次日已审,低层级强势反哺,普通/不推送走强,low_level_winner,不推送 后来走强，原因反哺：人气Top50、人气排名明显上升、市场强势且个股相对强势,43,300308,中际旭创,不推送,未入快策略,,2026-05-07,0,common_index_cache,29,45.43,-1.43,0.97,2.45,0.97,16.01,22.85,17.69,24.63,24.09,post_close,2026-05-07 15:00:00,人气Top50；收盘承接较强；温和放量；站上20日线且不过热；连续上榜确认；人气排名明显上升；市场强势且个股相对强势,-,v2
2026-05-07,,次日已审,低层级强势反哺,普通/不推送走强,low_level_winner,不推送 后来走强，原因反哺：市场强势且个股相对强势、收盘承接较强、温和放量,89,600176,中国巨石,不推送,未入快策略,,2026-05-07,0,common_index_cache,29,44.67,-1.27,0.19,2.04,0.19,-0.29,-0.82,0.99,0.46,5.17,post_close,2026-05-07 15:00:00,收盘承接较强；温和放量；近5日趋势升温；站上20日线且不过热；连续上榜确认；市场强势且个股相对强势,-,v2
2026-05-07,,次日已审,低层级强势反哺,普通/不推送走强,low_level_winner,普通观察 后来走强，原因反哺：人气Top10、人气排名明显上升、市场强势且个股相对强势,8,300502,新易盛,普通观察,未入快策略,,2026-05-07,0,common_index_cache,29,38.85,-1.87,-2.1,-0.45,-2.1,5.16,9.67,7.16,11.76,16.03,post_close,2026-05-07 15:00:00,人气Top10；当日强涨；收在日内高位；温和放量；连续上榜确认；人气排名明显上升；市场强势且个股相对强势,近5日趋势未确认；仍在20日线下方；v2回避非封板高位追涨样本,v2
2026-05-07,,次日已审,低层级强势反哺,普通/不推送走强,low_level_winner,不推送 后来走强，原因反哺：市场强势且个股相对强势、收在日内高位、温和放量,100,002185,华天科技,不推送,未入快策略,,2026-05-07,0,common_index_cache,29,36.85,-1.72,-1.44,-0.65,-1.44,3.52,2.3,5.34,4.09,6.75,post_close,2026-05-07 15:00:00,收在日内高位；温和放量；近5日趋势升温；站上20日线且不过热；连续上榜确认；市场强势且个股相对强势,人气排名明显回落,v2
2026-05-07,,次日已审,低层级强势反哺,普通/不推送走强,low_level_winner,不推送 后来走强，原因反哺：市场强势且个股相对强势、收盘承接较强、温和放量,94,002463,沪电股份,不推送,未入快策略,,2026-05-07,0,common_index_cache,29,36.48,-1.44,1.24,3.71,1.24,1.21,-0.34,2.69,1.12,6.59,post_close,2026-05-07 15:00:00,收盘承接较强；温和放量；站上20日线且不过热；市场强势且个股相对强势,-,v2
2026-05-07,,次日已审,低层级强势反哺,普通/不推送走强,low_level_winner,不推送 后来走强，原因反哺：市场强势且个股相对强势、当日上涨、温和放量,68,600330,天通股份,不推送,未入快策略,,2026-05-07,0,common_index_cache,29,19.41,-0.64,4.22,7.9,4.22,16.73,17.23,17.48,17.99,27.06,post_close,2026-05-07 15:00:00,当日上涨；温和放量；站上20日线且不过热；连续上榜确认；市场强势且个股相对强势,-,v2
2026-05-07,,次日已审,低层级强势反哺,普通/不推送走强,low_level_winner,普通观察 后来走强，原因反哺：人气Top50、市场强势且个股相对强势、当日强涨,34,601869,长飞光纤,普通观察,未入快策略,,2026-05-07,0,common_index_cache,29,18.32,-4.06,2.06,4.06,2.06,5.72,3.98,10.2,8.39,10.48,post_close,2026-05-07 15:00:00,人气Top50；当日强涨；收盘承接较强；温和放量；站上20日线且不过热；市场强势且个股相对强势,-,v2
2026-05-07,,次日已审,低层级强势反哺,普通/不推送走强,low_level_winner,不推送 后来走强，原因反哺：市场强势且个股相对强势、当日上涨、收盘承接较强,99,600703,三安光电,不推送,未入快策略,,2026-05-07,0,common_index_cache,29,13.34,-1.25,0.92,2.05,0.92,10.44,15.26,11.84,16.72,19.15,post_close,2026-05-07 15:00:00,当日上涨；收盘承接较强；温和放量；站上20日线且不过热；连续上榜确认；市场强势且个股相对强势,人气排名明显回落,v2
2026-05-07,,次日已审,低层级强势反哺,普通/不推送走强,low_level_winner,不推送 后来走强，原因反哺：人气Top50、温和放量、站上20日线且不过热,30,601138,工业富联,不推送,未入快策略,,2026-05-07,0,common_index_cache,29,13.18,-1.84,-1.4,0.03,-1.4,0.34,6.89,2.22,8.89,15.3,post_close,2026-05-07 15:00:00,人气Top50；温和放量；站上20日线且不过热；连续上榜确认,近5日趋势未确认；强势市里个股相对走弱,v2
2026-05-07,,次日已审,低层级强势反哺,普通/不推送走强,low_level_winner,不推送 后来走强，原因反哺：市场强势且个股相对强势、当日上涨、温和放量,83,300476,胜宏科技,不推送,未入快策略,,2026-05-07,0,common_index_cache,29,6.99,-1.49,6.09,8.56,6.09,11.05,4.96,12.73,6.55,15.36,post_close,2026-05-07 15:00:00,当日上涨；温和放量；近5日趋势升温；站上20日线且不过热；市场强势且个股相对强势,-,v2
2026-05-07,,次日已审,低层级强势反哺,普通/不推送走强,low_level_winner,普通观察 后来走强，原因反哺：人气Top50、人气排名明显上升、市场强势且个股相对强势,31,002475,立讯精密,普通观察,未入快策略,,2026-05-07,0,common_index_cache,29,-3.16,-2.0,2.55,3.68,2.55,11.03,8.46,13.3,10.67,17.64,post_close,2026-05-07 15:00:00,人气Top50；当日上涨；收盘承接较强；温和放量；站上20日线且不过热；连续上榜确认；人气排名明显上升；市场强势且个股相对强势,近5日趋势未确认,v2
2026-05-07,,次日已审,低层级强势反哺,普通/不推送走强,low_level_winner,不推送 后来走强，原因反哺：市场强势且个股相对强势、当日上涨、收盘承接较强,81,002498,汉缆股份,不推送,未入快策略,,2026-05-07,0,common_index_cache,29,-18.16,-0.32,-1.84,0.97,-1.84,7.78,9.3,8.13,9.65,26.05,post_close,2026-05-07 15:00:00,当日上涨；收盘承接较强；温和放量；近5日趋势升温；站上20日线且不过热；市场强势且个股相对强势,v2回避中后段放量追高样本,v2
2026-05-07,,次日已审,低层级强势反哺,普通/不推送走强,low_level_winner,不推送 后来走强，原因反哺：人气Top50、市场强势且个股相对强势、近5日强势延续,23,600379,宝光股份,不推送,未入快策略,,2026-05-07,0,common_index_cache,29,-31.03,-1.4,-6.17,-1.4,-6.17,-3.7,6.12,-2.33,7.63,16.55,post_close,2026-05-07 15:00:00,人气Top50；近5日强势延续；连续上榜确认；市场强势且个股相对强势,当日转弱；收盘承接偏弱；短线涨幅偏高；偏离20日线较大；v2回避转弱弱收盘样本；v2回避中后段放量追高样本；v2回避前段过热样本,v2
2026-05-07,,次日已审,低层级强势反哺,普通/不推送走强,low_level_winner,不推送 后来走强，原因反哺：市场强势且个股相对强势、温和放量、站上20日线且不过热,71,603986,兆易创新,不推送,已入快策略,,2026-05-07,0,common_index_cache,29,67.72,-2.62,-4.6,-1.96,-4.6,0.97,1.73,3.69,4.46,6.68,post_close,2026-05-07 15:00:00,温和放量；近5日趋势升温；站上20日线且不过热；连续上榜确认；市场强势且个股相对强势,人气排名明显回落；v2回避人气转弱样本,v2
2026-05-07,,次日已审,低层级强势反哺,普通/不推送走强,low_level_winner,不推送 后来走强，原因反哺：人气Top10、市场强势且个股相对强势、温和放量,6,600186,莲花控股,不推送,已入快策略,,2026-05-07,0,common_index_cache,29,31.72,-2.96,-5.66,-2.52,-5.66,-10.24,-5.3,-7.5,-2.41,0.0,post_close,2026-05-07 15:00:00,人气Top10；温和放量；近5日趋势升温；站上20日线且不过热；连续上榜确认；市场强势且个股相对强势,当日转弱；v2回避转弱弱收盘样本,v2
2026-05-07,,次日已审,低层级强势反哺,普通/不推送走强,low_level_winner,普通观察 后来走强，原因反哺：市场强势且个股相对强势、当日上涨、收盘承接较强,66,002428,云南锗业,普通观察,已入快策略,,2026-05-07,0,common_index_cache,29,23.77,-0.54,7.32,10.0,7.32,26.46,21.2,27.14,21.85,31.13,post_close,2026-05-07 15:00:00,当日上涨；收盘承接较强；温和放量；近5日趋势升温；站上20日线且不过热；连续上榜确认；市场强势且个股相对强势,人气排名明显回落,v2
2026-05-07,,次日已审,低层级强势反哺,普通/不推送走强,low_level_winner,不推送 后来走强，原因反哺：市场强势且个股相对强势、温和放量、站上20日线且不过热,55,301308,江波龙,不推送,已入快策略,,2026-05-07,0,common_index_cache,29,18.52,-1.8,-0.69,0.35,-0.69,16.24,23.98,18.37,26.26,32.17,post_close,2026-05-07 15:00:00,温和放量；近5日趋势升温；站上20日线且不过热；连续上榜确认；市场强势且个股相对强势,收盘承接偏弱；人气排名明显回落；上影线偏长；v2回避人气转弱样本,v2
2026-05-07,,次日已审,低层级强势反哺,普通/不推送走强,low_level_winner,不推送 后来走强，原因反哺：人气Top50、市场强势且个股相对强势、当日上涨,22,001309,德明利,不推送,已入快策略,,2026-05-07,0,common_index_cache,29,15.1,-2.8,-3.05,-1.06,-3.05,0.24,17.05,3.13,20.43,19.95,post_close,2026-05-07 15:00:00,人气Top50；当日上涨；放量仍可控；近5日强势延续；站上20日线且不过热；连续上榜确认；市场强势且个股相对强势,短线涨幅偏高；上影线偏长；v2回避中后段放量追高样本；v2回避前段过热样本,v2
2026-05-07,,次日已审,低层级强势反哺,普通/不推送走强,low_level_winner,普通观察 后来走强，原因反哺：v2连榜升温修正、人气Top50、人气排名明显上升,45,300136,信维通信,普通观察,已入快策略,,2026-05-07,0,common_index_cache,29,3.9,-0.64,-0.3,1.51,-0.3,7.53,0.85,8.22,1.5,16.26,post_close,2026-05-07 15:00:00,人气Top50；当日上涨；温和放量；近5日趋势升温；连续上榜确认；人气排名明显上升；市场强势且个股相对强势；v2连榜升温修正,偏离20日线较大,v2
2026-05-07,,次日已审,低层级强势反哺,普通/不推送走强,low_level_winner,不推送 后来走强，原因反哺：人气Top50、市场强势且个股相对强势、当日上涨,42,002015,协鑫能科,不推送,已入快策略,,2026-05-07,0,common_index_cache,29,-7.97,-1.46,-1.02,0.73,-1.02,3.25,14.13,4.78,15.82,24.48,post_close,2026-05-07 15:00:00,人气Top50；当日上涨；温和放量；近5日趋势升温；站上20日线且不过热；连续上榜确认；市场强势且个股相对强势,v2回避人气转弱样本；v2回避中后段放量追高样本,v2
2026-05-07,,次日已审,低层级强势反哺,普通/不推送走强,low_level_winner,不推送 后来走强，原因反哺：人气Top50、市场强势且个股相对强势、当日上涨,21,601016,节能风电,不推送,已入快策略,,2026-05-07,0,common_index_cache,29,-20.04,-1.4,-1.8,2.2,-1.8,2.61,2.2,4.07,3.66,18.04,post_close,2026-05-07 15:00:00,人气Top50；当日上涨；温和放量；近5日趋势升温；站上20日线且不过热；连续上榜确认；市场强势且个股相对强势,v2回避中后段放量追高样本,v2
2026-05-07,,次日已审,低层级强势反哺,普通/不推送走强,low_level_winner,不推送 后来走强，原因反哺：人气Top50、温和放量、站上20日线且不过热,26,002580,圣阳股份,不推送,已入快策略,,2026-05-07,0,common_index_cache,29,-28.69,1.31,10.01,10.01,10.01,14.26,4.72,12.79,3.37,22.06,post_close,2026-05-07 15:00:00,人气Top50；温和放量；站上20日线且不过热；连续上榜确认,收盘承接偏弱；上影线偏长；v2回避人气转弱样本,v2
2026-05-06,2026-04-29,次日已审,快策略候选,优先成功,priority_success,下个交易日主盯 后续最高表现达到 19.89%，保留这类命中特征。,19,002181,粤传媒,强推观察,下个交易日主盯,118.0,2026-05-06,0,common_index_cache,31,-30.87,0.0,10.01,10.01,10.01,11.28,13.1,11.28,13.1,19.89,intraday_1430,2026-05-06 14:49:28,人气Top20；当日涨停附近；收在日内高位；温和放量；近5日强势延续；站上20日线且不过热；连续上榜确认；人气排名明显上升；v2强势延续修正；v2连榜升温修正；v2低分涨停修正,短线涨幅偏高,v2
2026-05-06,2026-04-29,次日已审,快策略候选,优先成功,priority_success,下个交易日主盯 后续最高表现达到 29.87%，保留这类命中特征。,6,000066,中国长城,强推观察,下个交易日主盯,106.0,2026-05-06,0,common_index_cache,30,-10.14,17.51,20.99,20.99,20.99,18.06,27.09,0.47,8.16,29.87,intraday_1430,2026-05-06 14:49:28,人气Top10；当日涨停附近；收在日内高位；温和放量；近5日趋势升温；站上20日线且不过热；持续霸榜；v2强势延续修正；v2低分涨停修正,热度可能进入后段,v2
2026-05-06,2026-04-29,次日已审,快策略候选,优先成功,priority_success,下个交易日主盯 后续最高表现达到 33.05%，保留这类命中特征。,5,002081,金螳螂,强推观察,下个交易日主盯,101.5,2026-05-06,0,common_index_cache,31,-19.15,4.24,7.8,7.8,7.8,13.05,33.05,8.46,27.64,33.05,intraday_1430,2026-05-06 14:49:28,人气Top10；当日涨停附近；收在日内高位；温和放量；近5日趋势升温；持续霸榜,偏离20日线较大；热度可能进入后段,v2
2026-05-06,2026-04-29,次日已审,快策略候选,优先成功,priority_success,下个交易日主盯 后续最高表现达到 20.20%，保留这类命中特征。,7,603629,利通电子,重点观察,下个交易日主盯,99.7,2026-05-06,0,common_index_cache,31,14.28,3.84,10.0,10.0,10.0,16.05,8.73,11.76,4.71,20.2,intraday_1430,2026-05-06 14:49:28,人气Top10；当日涨停附近；收在日内高位；温和放量；近5日趋势升温；持续霸榜；v2低分涨停修正,远离20日线过多；热度可能进入后段,v2
2026-05-06,2026-04-29,次日已审,快策略候选,优先成功,priority_success,下个交易日主盯 后续最高表现达到 24.19%，保留这类命中特征。,20,002149,西部材料,重点观察,下个交易日主盯,89.0,2026-05-06,0,common_index_cache,31,-5.45,3.01,10.0,10.0,10.0,14.06,17.05,10.73,13.63,24.19,intraday_1430,2026-05-06 14:49:28,人气Top20；当日涨停附近；收在日内高位；温和放量；站上20日线且不过热；连续上榜确认,近5日趋势未确认,v2
2026-05-06,2026-04-29,次日已审,快策略候选,优先成功,priority_success,下个交易日主盯 后续最高表现达到 21.08%，保留这类命中特征。,16,601016,节能风电,普通观察,下个交易日主盯,86.8,2026-05-06,0,common_index_cache,30,-14.19,3.66,7.31,9.25,7.31,10.11,21.08,6.22,16.8,21.08,intraday_1430,2026-05-06 14:49:28,人气Top20；当日上涨；收盘承接较强；温和放量；站上20日线且不过热；持续霸榜；人气排名明显上升,热度可能进入后段,v2
2026-05-06,2026-04-29,次日已审,快策略候选,优先成功,priority_success,下个交易日主盯 后续最高表现达到 18.74%，保留这类命中特征。,91,002475,立讯精密,普通观察,下个交易日主盯,85.0,2026-05-06,0,common_index_cache,30,-6.46,-6.21,-3.4,-2.32,-3.4,5.68,11.37,12.68,18.74,13.63,intraday_1430,2026-05-06 14:49:28,当日强涨；收盘承接较强；温和放量；近5日趋势升温；站上20日线且不过热；持续霸榜,热度可能进入后段；人气排名明显回落,v2
2026-05-06,2026-04-29,次日已审,快策略候选,优先成功,priority_success,下个交易日主盯 后续最高表现达到 75.89%，保留这类命中特征。,62,600396,华电辽能,不推送,下个交易日主盯,84.1,2026-05-06,0,common_index_cache,30,75.89,7.81,18.58,18.58,18.58,35.18,63.64,25.39,51.79,63.64,intraday_1430,2026-05-06 14:49:28,当日涨停附近；收在日内高位；近5日趋势升温；站上20日线且不过热；持续霸榜,热度可能进入后段；人气排名明显回落,v2
2026-05-06,2026-04-29,次日已审,快策略候选,优先成功,priority_success,下个交易日主盯 后续最高表现达到 29.84%，保留这类命中特征。,12,002156,通富微电,普通观察,下个交易日主盯,81.5,2026-05-06,0,common_index_cache,31,29.84,9.85,9.85,9.85,9.85,10.26,14.74,0.37,4.45,20.05,intraday_1430,2026-05-06 14:49:28,人气Top20；当日上涨；温和放量；近5日趋势升温；站上20日线且不过热；连续上榜确认；人气排名明显上升,-,v2
2026-05-06,2026-04-29,次日已审,快策略候选,优先成功,priority_success,下个交易日主盯 后续最高表现达到 20.86%，保留这类命中特征。,83,600379,宝光股份,不推送,下个交易日主盯,76.55,2026-05-06,0,common_index_cache,31,-26.76,8.58,9.83,9.83,9.83,-0.36,2.26,-8.23,-5.82,20.86,intraday_1430,2026-05-06 14:49:28,当日涨停附近；收在日内高位；温和放量；近5日强势延续；连续上榜确认,短线涨幅偏高；偏离20日线较大；人气排名明显回落,v2
2026-05-06,2026-04-29,次日已审,快策略候选,优先成功,priority_success,下个交易日主盯 后续最高表现达到 15.97%，保留这类命中特征。,75,002805,丰元股份,不推送,下个交易日主盯,75.65,2026-05-06,0,common_index_cache,31,6.96,2.14,10.02,10.02,10.02,7.88,8.62,5.61,6.34,15.97,intraday_1430,2026-05-06 14:49:28,当日涨停附近；收在日内高位；近5日强势延续；站上20日线且不过热；v2低分涨停修正,短线涨幅偏高,v2
2026-05-06,2026-04-29,次日已审,快策略候选,优先成功,priority_success,下个交易日主盯 后续最高表现达到 67.73%，保留这类命中特征。,61,002281,光迅科技,普通观察,下个交易日主盯,74.8,2026-05-06,0,common_index_cache,31,67.73,2.0,4.53,9.72,4.53,25.26,39.66,22.81,36.93,44.72,intraday_1430,2026-05-06 14:49:28,当日强涨；收盘承接较强；温和放量；近5日趋势升温；站上20日线且不过热；连续上榜确认,人气排名明显回落,v2
2026-05-06,2026-04-29,次日已审,快策略候选,优先成功,priority_success,下个交易日主盯 后续最高表现达到 21.91%，保留这类命中特征。,93,600330,天通股份,普通观察,下个交易日主盯,74.8,2026-05-06,0,common_index_cache,31,19.79,-2.83,-3.16,-0.11,-3.16,4.55,17.1,7.6,20.52,21.91,intraday_1430,2026-05-06 14:49:28,当日强涨；收盘承接较强；温和放量；近5日趋势升温；站上20日线且不过热；连续上榜确认,人气排名明显回落,v2
2026-05-06,2026-04-29,次日已审,快策略候选,优先成功,priority_success,下个交易日主盯 后续最高表现达到 53.47%，保留这类命中特征。,53,600522,中天科技,不推送,下个交易日主盯,74.3,2026-05-06,0,common_index_cache,30,53.47,0.89,7.27,7.27,7.27,22.58,21.86,21.5,20.78,29.07,intraday_1430,2026-05-06 14:49:28,当日强涨；温和放量；近5日趋势升温；站上20日线且不过热；持续霸榜,热度可能进入后段,v2
2026-05-06,2026-04-29,次日已审,快策略候选,优先成功,priority_success,下个交易日主盯 后续最高表现达到 51.66%，保留这类命中特征。,52,002384,东山精密,不推送,下个交易日主盯,73.4,2026-05-06,0,common_index_cache,30,51.66,11.23,24.6,24.6,24.6,28.87,30.31,15.85,17.15,35.77,intraday_1430,2026-05-06 14:49:28,当日强涨；收盘承接较强；温和放量；站上20日线且不过热；持续霸榜；人气排名明显上升,近5日趋势未确认；热度可能进入后段,v2
2026-05-06,2026-04-29,次日已审,快策略候选,优先成功,priority_success,下个交易日主盯 后续最高表现达到 25.43%，保留这类命中特征。,13,002580,圣阳股份,不推送,下个交易日主盯,72.5,2026-05-06,0,common_index_cache,30,-26.09,1.87,3.64,8.08,3.64,18.77,20.61,16.59,18.39,25.43,intraday_1430,2026-05-06 14:49:28,人气Top20；当日上涨；温和放量；站上20日线且不过热；持续霸榜,热度可能进入后段,v2
2026-05-06,2026-04-29,次日已审,快策略候选,优先成功,priority_success,下个交易日主盯 后续最高表现达到 15.27%，保留这类命中特征。,30,002709,天赐材料,不推送,下个交易日主盯,72.1,2026-05-06,0,common_index_cache,30,-4.36,15.2,13.64,15.27,13.64,7.78,4.81,-6.44,-9.02,15.27,intraday_1430,2026-05-06 14:49:28,人气Top50；当日上涨；收在日内高位；温和放量；站上20日线且不过热；持续霸榜,热度可能进入后段,v2
2026-05-06,2026-04-29,次日已审,快策略候选,优先成功,priority_success,下个交易日主盯 后续最高表现达到 21.11%，保留这类命中特征。,10,688041,海光信息,普通观察,下个交易日主盯,69.5,2026-05-06,0,common_index_cache,31,4.04,8.73,16.26,20.0,16.26,9.12,17.87,0.37,8.41,21.11,intraday_1430,2026-05-06 14:49:28,人气Top10；当日上涨；温和放量；近5日趋势升温；站上20日线且不过热；人气排名明显上升,-,v2
2026-05-06,2026-04-29,次日已审,快策略候选,优先成功,priority_success,下个交易日主盯 后续最高表现达到 45.31%，保留这类命中特征。,40,002185,华天科技,不推送,下个交易日主盯,69.4,2026-05-06,0,common_index_cache,31,45.31,4.2,3.74,7.09,3.74,4.65,9.92,0.44,5.49,12.74,intraday_1430,2026-05-06 14:49:28,人气Top50；收盘承接较强；温和放量；近5日趋势升温；站上20日线且不过热,-,v2
2026-05-06,2026-04-29,次日已审,快策略候选,优先成功,priority_success,下个交易日主盯 后续最高表现达到 69.52%，保留这类命中特征。,57,002428,云南锗业,普通观察,下个交易日主盯,65.0,2026-05-06,0,common_index_cache,30,60.1,24.21,29.35,31.44,29.35,48.71,63.73,19.72,31.81,69.52,intraday_1430,2026-05-06 14:49:28,当日涨停附近；收在日内高位；温和放量；连续上榜确认；人气排名明显上升,近5日趋势未确认,v2
2026-05-06,2026-04-29,次日已审,快策略候选,优先成功,priority_success,下个交易日主盯 后续最高表现达到 33.53%，保留这类命中特征。,54,300136,信维通信,不推送,下个交易日主盯,64.1,2026-05-06,0,common_index_cache,30,19.33,9.6,14.85,17.32,14.85,30.59,28.48,19.15,17.23,33.53,intraday_1430,2026-05-06 14:49:28,当日强涨；温和放量；近5日趋势升温；站上20日线且不过热；连续上榜确认,-,v2
2026-05-06,2026-04-29,次日已审,快策略候选,优先走弱,priority_failed,下个交易日主盯 未兑现，复盘风险项：热度可能进入后段；人气排名明显回落,37,002342,巨力索具,强推观察,下个交易日主盯,104.2,2026-05-06,0,common_index_cache,30,-52.1,-7.14,3.22,3.22,3.22,3.45,-4.53,11.41,2.82,12.0,intraday_1430,2026-05-06 14:49:28,人气Top50；当日涨停附近；收在日内高位；温和放量；近5日趋势升温；站上20日线且不过热；持续霸榜；v2强势延续修正；v2低分涨停修正,热度可能进入后段；人气排名明显回落,v2
2026-05-06,2026-04-29,次日已审,快策略候选,优先走弱,priority_failed,下个交易日主盯 未兑现，复盘风险项：-,41,000815,美利云,强推观察,下个交易日主盯,103.3,2026-05-06,0,common_index_cache,30,-17.4,2.29,5.78,9.94,5.78,4.4,7.41,2.06,5.0,12.09,intraday_1430,2026-05-06 14:49:28,人气Top50；当日涨停附近；收在日内高位；温和放量；近5日趋势升温；站上20日线且不过热；人气排名明显上升；v2强势延续修正,-,v2
2026-05-06,2026-04-29,次日已审,快策略候选,优先走弱,priority_failed,下个交易日主盯 未兑现，复盘风险项：短线涨幅偏高；偏离20日线较大,2,688256,寒武纪,强推观察,下个交易日主盯,86.0,2026-05-06,0,common_index_cache,31,-22.35,-29.6,-28.01,-22.44,-28.01,-30.44,-24.83,-1.19,6.77,-22.44,intraday_1430,2026-05-06 14:49:28,人气Top3；当日涨停附近；收在日内高位；放量仍可控；近5日强势延续；连续上榜确认；v2强势延续修正；v2连榜升温修正；v2低分涨停修正,短线涨幅偏高；偏离20日线较大,v2
2026-05-06,2026-04-29,次日已审,快策略候选,优先走弱,priority_failed,下个交易日主盯 未兑现，复盘风险项：人气排名明显回落,73,002466,天齐锂业,不推送,下个交易日主盯,83.2,2026-05-06,0,common_index_cache,31,-19.98,0.0,2.1,3.07,2.1,-4.97,-6.6,-4.97,-6.6,3.07,intraday_1430,2026-05-06 14:49:28,当日上涨；收盘承接较强；温和放量；近5日趋势升温；站上20日线且不过热；连续上榜确认,人气排名明显回落,v2
2026-05-06,2026-04-29,次日已审,快策略候选,优先走弱,priority_failed,下个交易日主盯 未兑现，复盘风险项：当日转弱；收盘承接偏弱,17,600884,杉杉股份,不推送,下个交易日主盯,71.3,2026-05-06,0,common_index_cache,31,-14.71,0.96,6.25,8.53,6.25,0.24,-3.18,-0.71,-4.1,8.53,intraday_1430,2026-05-06 14:49:28,人气Top20；温和放量；近5日趋势升温；站上20日线且不过热；连续上榜确认；人气排名明显上升；v2热点回踩观察,当日转弱；收盘承接偏弱,v2
2026-05-06,2026-04-29,次日已审,快策略候选,优先走弱,priority_failed,下个交易日主盯 未兑现，复盘风险项：-,55,002050,三花智控,不推送,下个交易日主盯,66.9,2026-05-06,0,common_index_cache,31,-4.94,0.0,2.64,3.58,2.64,10.17,8.53,10.17,8.53,14.83,intraday_1430,2026-05-06 14:49:28,当日上涨；收盘承接较强；放量仍可控；站上20日线且不过热；连续上榜确认,-,v2
2026-05-06,2026-04-29,次日已审,快策略候选,优先走弱,priority_failed,下个交易日主盯 未兑现，复盘风险项：-,35,600111,北方稀土,不推送,下个交易日主盯,62.3,2026-05-06,0,common_index_cache,31,-5.13,-0.09,4.43,4.49,4.43,2.98,2.39,3.08,2.49,9.03,intraday_1430,2026-05-06 14:49:28,人气Top50；当日上涨；收盘承接较强；近5日趋势升温；站上20日线且不过热；连续上榜确认,-,v2
2026-05-06,2026-04-29,次日已审,快策略候选,暂未强势,neutral,继续等待更多交易日或降低权重。,56,688981,中芯国际,普通观察,下个交易日主盯,74.8,2026-05-06,0,common_index_cache,31,13.45,2.75,3.68,7.91,3.68,1.33,2.74,-1.39,-0.02,7.91,intraday_1430,2026-05-06 14:49:28,当日上涨；收盘承接较强；温和放量；近5日趋势升温；站上20日线且不过热；连续上榜确认；人气排名明显上升,-,v2
2026-05-06,2026-04-29,次日已审,快策略候选,暂未强势,neutral,继续等待更多交易日或降低权重。,47,002407,多氟多,不推送,下个交易日主盯,68.2,2026-05-06,0,common_index_cache,31,5.95,-1.51,4.46,6.89,4.46,-4.16,-6.0,-2.68,-4.56,6.89,intraday_1430,2026-05-06 14:49:28,人气Top50；收盘承接较强；温和放量；近5日趋势升温；站上20日线且不过热；持续霸榜,热度可能进入后段,v2
2026-05-06,,次日已审,低层级强势反哺,普通/不推送走强,low_level_winner,不推送 后来走强，原因反哺：人气Top20、温和放量、站上20日线且不过热,11,601991,大唐发电,不推送,未入快策略,,2026-05-06,0,common_index_cache,31,119.47,10.1,10.1,10.1,10.1,33.17,61.06,20.96,46.29,61.06,intraday_1430,2026-05-06 14:49:28,人气Top20；温和放量；站上20日线且不过热,当日转弱；收盘承接偏弱；近5日趋势未确认,v2
2026-05-06,,次日已审,低层级强势反哺,普通/不推送走强,low_level_winner,不推送 后来走强，原因反哺：当日强涨、温和放量、近5日强势延续,64,301666,大普微,不推送,未入快策略,,2026-05-06,0,common_index_cache,28,117.93,10.41,19.18,20.0,19.18,58.75,65.41,43.78,49.81,83.36,intraday_1430,2026-05-06 14:49:28,当日强涨；温和放量；近5日强势延续,短线涨幅偏高；偏离20日线较大；人气排名明显回落,v2
2026-05-06,,次日已审,低层级强势反哺,普通/不推送走强,low_level_winner,不推送 后来走强，原因反哺：人气Top50、人气排名明显上升、温和放量,22,603986,兆易创新,不推送,未入快策略,,2026-05-06,0,common_index_cache,31,87.24,5.2,9.76,9.76,9.76,6.51,12.72,1.25,7.15,17.18,intraday_1430,2026-05-06 14:49:28,人气Top50；温和放量；站上20日线且不过热；连续上榜确认；人气排名明显上升,收盘承接偏弱,v2
2026-05-06,,次日已审,低层级强势反哺,普通/不推送走强,low_level_winner,不推送 后来走强，原因反哺：人气Top50、人气排名明显上升、收盘承接较强,29,600584,长电科技,不推送,未入快策略,,2026-05-06,0,common_index_cache,31,79.46,5.05,5.79,7.95,5.79,11.39,21.25,6.04,15.42,25.09,intraday_1430,2026-05-06 14:49:28,人气Top50；收盘承接较强；温和放量；站上20日线且不过热；人气排名明显上升,-,v2
2026-05-06,,次日已审,低层级强势反哺,普通/不推送走强,low_level_winner,不推送 后来走强，原因反哺：人气Top50、人气排名明显上升、持续霸榜,24,600487,亨通光电,不推送,未入快策略,,2026-05-06,0,common_index_cache,31,68.95,2.74,9.28,10.0,9.28,17.61,14.31,14.47,11.26,21.61,intraday_1430,2026-05-06 14:49:28,人气Top50；站上20日线且不过热；持续霸榜；人气排名明显上升,当日转弱；近5日趋势未确认；热度可能进入后段,v2
2026-05-06,,次日已审,低层级强势反哺,普通/不推送走强,low_level_winner,不推送 后来走强，原因反哺：温和放量、站上20日线且不过热、连续上榜确认,82,600176,中国巨石,不推送,未入快策略,,2026-05-06,0,common_index_cache,31,58.26,1.48,6.7,8.96,6.7,9.59,9.07,8.0,7.48,15.04,intraday_1430,2026-05-06 14:49:28,温和放量；站上20日线且不过热；连续上榜确认,当日转弱；人气排名明显回落,v2
2026-05-06,,次日已审,低层级强势反哺,普通/不推送走强,low_level_winner,不推送 后来走强，原因反哺：人气Top50、温和放量、站上20日线且不过热,36,688008,澜起科技,不推送,未入快策略,,2026-05-06,0,common_index_cache,31,51.47,9.81,14.82,18.62,14.82,21.33,38.89,10.49,26.48,45.6,intraday_1430,2026-05-06 14:49:28,人气Top50；温和放量；近5日趋势升温；站上20日线且不过热,-,v2
2026-05-06,,次日已审,低层级强势反哺,普通/不推送走强,low_level_winner,不推送 后来走强，原因反哺：站上20日线且不过热、连续上榜确认,68,300308,中际旭创,不推送,未入快策略,,2026-05-06,0,common_index_cache,31,48.82,3.62,-0.17,3.67,-0.17,3.32,18.72,-0.28,14.57,19.29,intraday_1430,2026-05-06 14:49:28,站上20日线且不过热；连续上榜确认,收盘承接偏弱；近5日趋势未确认,v2
2026-05-06,,次日已审,低层级强势反哺,普通/不推送走强,low_level_winner,不推送 后来走强，原因反哺：站上20日线且不过热,97,600105,永鼎股份,不推送,未入快策略,,2026-05-06,0,common_index_cache,31,48.76,2.12,2.99,5.59,2.99,17.73,23.34,15.29,20.78,32.0,intraday_1430,2026-05-06 14:49:28,站上20日线且不过热,当日转弱；收盘承接偏弱；近5日趋势未确认；人气排名明显回落,v2
2026-05-06,,次日已审,低层级强势反哺,普通/不推送走强,low_level_winner,不推送 后来走强，原因反哺：收盘承接较强、温和放量、站上20日线且不过热,85,600206,有研新材,不推送,未入快策略,,2026-05-06,0,common_index_cache,31,45.38,3.25,2.23,6.65,2.23,10.71,16.26,7.22,12.6,21.81,intraday_1430,2026-05-06 14:49:28,收盘承接较强；温和放量；近5日趋势升温；站上20日线且不过热,人气排名明显回落,v2
2026-05-06,,次日已审,低层级强势反哺,普通/不推送走强,low_level_winner,不推送 后来走强，原因反哺：人气Top50、人气排名明显上升、收盘承接较强,42,000988,华工科技,不推送,未入快策略,,2026-05-06,0,common_index_cache,31,42.65,2.7,4.53,8.08,4.53,14.15,20.4,11.14,17.23,25.7,intraday_1430,2026-05-06 14:49:28,人气Top50；收盘承接较强；温和放量；站上20日线且不过热；连续上榜确认；人气排名明显上升,-,v2
2026-05-06,,次日已审,低层级强势反哺,普通/不推送走强,low_level_winner,不推送 后来走强，原因反哺：人气Top10、人气排名明显上升、温和放量,9,301308,江波龙,不推送,未入快策略,,2026-05-06,0,common_index_cache,31,42.52,7.45,19.75,19.75,19.75,19.42,39.77,11.13,30.08,42.39,intraday_1430,2026-05-06 14:49:28,人气Top10；温和放量；近5日趋势升温；站上20日线且不过热；人气排名明显上升,当日转弱；收盘承接偏弱,v2
2026-05-06,,次日已审,低层级强势反哺,普通/不推送走强,low_level_winner,不推送 后来走强，原因反哺：人气排名明显上升、站上20日线且不过热、近5日趋势升温,59,300475,香农芯创,不推送,未入快策略,,2026-05-06,0,common_index_cache,31,40.41,8.18,11.43,16.77,11.43,3.62,5.67,-4.22,-2.32,16.77,intraday_1430,2026-05-06 14:49:28,近5日趋势升温；站上20日线且不过热；人气排名明显上升,上影线偏长,v2
2026-05-06,,次日已审,低层级强势反哺,普通/不推送走强,low_level_winner,不推送 后来走强，原因反哺：人气Top50、人气排名明显上升、温和放量,31,688525,佰维存储,不推送,未入快策略,,2026-05-06,0,common_index_cache,31,39.58,8.16,17.37,19.98,17.37,9.49,16.48,1.23,7.69,21.96,intraday_1430,2026-05-06 14:49:28,人气Top50；温和放量；站上20日线且不过热；人气排名明显上升,当日转弱；收盘承接偏弱,v2
2026-05-06,,次日已审,低层级强势反哺,普通/不推送走强,low_level_winner,不推送 后来走强，原因反哺：人气Top3、持续霸榜、温和放量,3,600186,莲花控股,不推送,未入快策略,,2026-05-06,0,common_index_cache,31,36.75,2.15,6.34,7.56,6.34,-2.05,-6.81,-4.11,-8.77,7.56,intraday_1430,2026-05-06 14:49:28,人气Top3；温和放量；近5日趋势升温；持续霸榜,当日转弱；收盘承接偏弱；偏离20日线较大；热度可能进入后段,v2
2026-05-06,,次日已审,低层级强势反哺,普通/不推送走强,low_level_winner,不推送 后来走强，原因反哺：人气Top50、人气排名明显上升、温和放量,34,001309,德明利,不推送,未入快策略,,2026-05-06,0,common_index_cache,31,35.21,8.61,10.0,10.0,10.0,13.89,17.76,4.86,8.42,22.89,intraday_1430,2026-05-06 14:49:28,人气Top50；温和放量；近5日趋势升温；站上20日线且不过热；连续上榜确认；人气排名明显上升,-,v2
2026-05-06,,次日已审,低层级强势反哺,普通/不推送走强,low_level_winner,不推送 后来走强，原因反哺：人气Top20、人气排名明显上升、站上20日线且不过热,14,600703,三安光电,不推送,未入快策略,,2026-05-06,0,common_index_cache,31,25.53,2.85,7.39,10.02,7.39,11.78,22.31,8.68,18.92,24.36,intraday_1430,2026-05-06 14:49:28,人气Top20；站上20日线且不过热；连续上榜确认；人气排名明显上升,当日转弱；收盘承接偏弱；近5日趋势未确认,v2
2026-05-06,,次日已审,低层级强势反哺,普通/不推送走强,low_level_winner,不推送 后来走强，原因反哺：人气Top50、人气排名明显上升、温和放量,33,002015,协鑫能科,不推送,未入快策略,,2026-05-06,0,common_index_cache,31,6.76,2.37,10.03,10.03,10.03,14.82,19.77,12.16,17.01,22.25,intraday_1430,2026-05-06 14:49:28,人气Top50；温和放量；连续上榜确认；人气排名明显上升,当日转弱；收盘承接偏弱；近5日趋势未确认,v2
2026-05-06,,次日已审,低层级强势反哺,普通/不推送走强,low_level_winner,不推送 后来走强，原因反哺：温和放量,90,000818,航锦科技,不推送,未入快策略,,2026-05-06,0,common_index_cache,14,6.66,2.15,9.99,9.99,9.99,22.85,13.97,20.26,11.57,28.2,intraday_1430,2026-05-06 14:49:28,温和放量,当日转弱；收盘承接偏弱,v2
2026-05-06,,次日已审,低层级强势反哺,普通/不推送走强,low_level_winner,不推送 后来走强，原因反哺：当日上涨、温和放量、站上20日线且不过热,67,001287,中电港,不推送,未入快策略,,2026-05-06,0,common_index_cache,17,4.84,1.85,10.02,10.02,10.02,9.6,9.37,7.61,7.38,16.74,intraday_1430,2026-05-06 14:49:28,当日上涨；温和放量；站上20日线且不过热,近5日趋势未确认,v2
2026-05-06,,次日已审,低层级强势反哺,普通/不推送走强,low_level_winner,不推送 后来走强，原因反哺：收在日内高位、站上20日线且不过热、连续上榜确认,87,301599,理奇智能,不推送,未入快策略,,2026-05-06,0,common_index_cache,14,2.58,0.45,12.47,28.21,12.47,4.73,5.85,4.26,5.38,28.21,intraday_1430,2026-05-06 14:49:28,收在日内高位；站上20日线且不过热；连续上榜确认,人气排名明显回落,v2
2026-05-06,,次日已审,低层级强势反哺,普通/不推送走强,low_level_winner,不推送 后来走强，原因反哺：人气Top50、当日涨停附近、收在日内高位,38,603399,永杉锂业,不推送,未入快策略,,2026-05-06,0,common_index_cache,31,2.48,10.01,10.01,10.01,10.01,23.72,24.19,12.47,12.89,31.61,intraday_1430,2026-05-06 14:49:28,人气Top50；当日涨停附近；收在日内高位；近5日强势延续；连续上榜确认,量能不足；短线涨幅偏高；远离20日线过多；一字或近似一字，参与点差,v2
2026-05-06,,次日已审,低层级强势反哺,普通/不推送走强,low_level_winner,不推送 后来走强，原因反哺：人气Top50、人气排名明显上升、当日上涨,44,600589,大位科技,不推送,未入快策略,,2026-05-06,0,common_index_cache,31,1.69,5.86,10.03,10.03,10.03,24.23,25.62,17.35,18.67,33.86,intraday_1430,2026-05-06 14:49:28,人气Top50；当日上涨；收盘承接较强；温和放量；人气排名明显上升,近5日趋势未确认；仍在20日线下方,v2
2026-05-06,,次日已审,低层级强势反哺,普通/不推送走强,low_level_winner,不推送 后来走强，原因反哺：人气Top50、当日上涨、收盘承接较强,39,600673,东阳光,不推送,未入快策略,,2026-05-06,0,common_index_cache,31,1.38,10.0,10.0,10.0,10.0,12.71,5.79,2.47,-3.83,20.99,intraday_1430,2026-05-06 14:49:28,人气Top50；当日上涨；收盘承接较强；温和放量；站上20日线且不过热,-,v2
2026-05-06,,次日已审,低层级强势反哺,普通/不推送走强,low_level_winner,不推送 后来走强，原因反哺：温和放量、站上20日线且不过热,100,300502,新易盛,不推送,未入快策略,,2026-05-06,0,common_index_cache,30,1.14,-32.3,-27.16,-26.97,-27.16,-27.13,-18.68,7.62,20.11,-18.45,intraday_1430,2026-05-06 14:30:00,温和放量；站上20日线且不过热,-,v2
2026-05-06,,次日已审,低层级强势反哺,普通/不推送走强,low_level_winner,不推送 后来走强，原因反哺：温和放量,66,300166,东方国信,不推送,未入快策略,,2026-05-06,0,common_index_cache,31,0.91,6.67,20.01,20.01,20.01,25.32,21.37,17.49,13.78,31.87,intraday_1430,2026-05-06 14:49:28,温和放量,当日转弱；近5日趋势未确认,v2
2026-05-06,,次日已审,低层级强势反哺,普通/不推送走强,low_level_winner,不推送 后来走强，原因反哺：市场强势且个股相对强势、温和放量,52,301217,铜冠铜箔,不推送,未入快策略,,2026-05-06,0,common_index_cache,30,0.38,-53.04,-52.04,-50.44,-52.04,-51.88,-45.3,2.47,16.48,-42.56,intraday_1430,2026-05-06 14:30:00,温和放量；市场强势且个股相对强势,收盘承接偏弱；短线涨幅过热；远离20日线过多；上影线偏长；v2回避前段过热样本,v2
2026-05-06,,次日已审,低层级强势反哺,普通/不推送走强,low_level_winner,普通观察 后来走强，原因反哺：人气Top50、人气排名明显上升、当日上涨,23,603601,再升科技,普通观察,未入快策略,,2026-05-06,0,common_index_cache,31,-0.5,0.88,5.49,9.97,5.49,12.87,6.37,11.88,5.44,18.23,intraday_1430,2026-05-06 14:49:28,人气Top50；当日上涨；收盘承接较强；温和放量；站上20日线且不过热；连续上榜确认；人气排名明显上升,-,v2
2026-05-06,,次日已审,低层级强势反哺,普通/不推送走强,low_level_winner,不推送 后来走强，原因反哺：当日涨停附近、近5日强势延续、连续上榜确认,95,300769,德方纳米,不推送,未入快策略,,2026-05-06,0,common_index_cache,14,-3.0,0.54,11.4,12.11,11.4,9.74,7.21,9.15,6.64,22.72,intraday_1430,2026-05-06 14:49:28,当日涨停附近；近5日强势延续；连续上榜确认,收盘承接偏弱；短线涨幅偏高；远离20日线过多；上影线偏长,v2
2026-05-06,,次日已审,低层级强势反哺,普通/不推送走强,low_level_winner,不推送 后来走强，原因反哺：当日上涨、站上20日线且不过热,70,002044,美年健康,不推送,未入快策略,,2026-05-06,0,common_index_cache,31,-3.68,6.81,9.94,9.94,9.94,13.63,11.97,6.38,4.83,18.97,intraday_1430,2026-05-06 14:49:28,当日上涨；站上20日线且不过热,放量过猛,v2
2026-05-06,,次日已审,低层级强势反哺,普通/不推送走强,low_level_winner,不推送 后来走强，原因反哺：人气Top50、人气排名明显上升、持续霸榜,48,600736,苏州高新,不推送,未入快策略,,2026-05-06,0,common_index_cache,31,-7.12,1.96,7.61,10.06,7.61,20.98,22.21,18.65,19.86,30.18,intraday_1430,2026-05-06 14:49:28,人气Top50；温和放量；站上20日线且不过热；持续霸榜；人气排名明显上升,当日转弱；收盘承接偏弱；近5日趋势未确认；热度可能进入后段,v2
2026-05-06,,次日已审,低层级强势反哺,普通/不推送走强,low_level_winner,不推送 后来走强，原因反哺：市场强势且个股相对强势,63,600726,华电能源,不推送,未入快策略,,2026-05-06,0,common_index_cache,30,-7.68,-24.69,-15.35,-15.35,-15.35,-13.24,-5.78,15.21,25.11,-5.78,intraday_1430,2026-05-06 14:30:00,市场强势且个股相对强势,短线涨幅过热；远离20日线过多；v2回避前段过热样本,v2
2026-05-06,,次日已审,低层级强势反哺,普通/不推送走强,low_level_winner,不推送 后来走强，原因反哺：人气Top20、人气排名明显上升、持续霸榜,15,002217,合力泰,不推送,未入快策略,,2026-05-06,0,common_index_cache,31,-7.96,4.84,10.03,10.03,10.03,18.69,20.07,13.2,14.52,30.1,intraday_1430,2026-05-06 14:49:28,人气Top20；温和放量；站上20日线且不过热；持续霸榜；人气排名明显上升,当日转弱；收盘承接偏弱；热度可能进入后段,v2
2026-05-06,,次日已审,低层级强势反哺,普通/不推送走强,low_level_winner,不推送 后来走强，原因反哺：原因待补充,89,300442,润泽科技,不推送,未入快策略,,2026-05-06,0,common_index_cache,31,-8.86,4.42,8.03,12.15,8.03,10.13,2.6,5.46,-1.74,15.65,intraday_1430,2026-05-06 14:49:28,-,当日转弱；近5日趋势未确认,v2
2026-05-06,,次日已审,低层级强势反哺,普通/不推送走强,low_level_winner,不推送 后来走强，原因反哺：市场强势且个股相对强势、当日上涨、收盘承接较强,82,002565,顺灏股份,不推送,未入快策略,,2026-05-06,0,common_index_cache,30,-10.94,29.1,30.14,31.0,30.14,42.79,32.83,10.61,2.89,44.17,intraday_1430,2026-05-06 14:30:00,当日上涨；收盘承接较强；市场强势且个股相对强势,近5日趋势未确认；仍在20日线下方,v2
2026-05-06,,次日已审,低层级强势反哺,普通/不推送走强,low_level_winner,不推送 后来走强，原因反哺：站上20日线且不过热,63,300058,蓝色光标,不推送,未入快策略,,2026-05-06,0,common_index_cache,31,-12.68,3.39,5.43,6.95,5.43,9.17,6.37,5.59,2.88,16.12,intraday_1430,2026-05-06 14:49:28,站上20日线且不过热,当日转弱；收盘承接偏弱；近5日趋势未确认；人气排名明显回落,v2
2026-05-06,,次日已审,低层级强势反哺,普通/不推送走强,low_level_winner,不推送 后来走强，原因反哺：温和放量、站上20日线且不过热,69,000925,众合科技,不推送,未入快策略,,2026-05-06,0,common_index_cache,30,-13.66,4.07,3.23,6.88,3.23,1.98,23.46,-2.0,18.64,23.46,intraday_1430,2026-05-06 14:30:00,温和放量；站上20日线且不过热,当日转弱；收盘承接偏弱；强势市里个股相对走弱；v2回避转弱弱收盘样本,v2
2026-05-06,,次日已审,低层级强势反哺,普通/不推送走强,low_level_winner,不推送 后来走强，原因反哺：温和放量、连续上榜确认,69,600821,金开新能,不推送,未入快策略,,2026-05-06,0,common_index_cache,31,-14.49,0.0,10.0,10.0,10.0,12.56,15.38,12.56,15.38,17.56,intraday_1430,2026-05-06 14:49:28,温和放量；连续上榜确认,当日转弱；收盘承接偏弱；近5日趋势未确认；仍在20日线下方,v2
2026-05-06,,次日已审,低层级强势反哺,普通/不推送走强,low_level_winner,不推送 后来走强，原因反哺：收盘承接较强、温和放量,98,002792,通宇通讯,不推送,未入快策略,,2026-05-06,0,common_index_cache,31,-15.03,1.08,10.01,10.01,10.01,17.18,19.19,15.93,17.92,24.55,intraday_1430,2026-05-06 14:49:28,收盘承接较强；温和放量,近5日趋势未确认；仍在20日线下方,v2
2026-05-06,,次日已审,低层级强势反哺,普通/不推送走强,low_level_winner,不推送 后来走强，原因反哺：温和放量,84,002759,天际股份,不推送,未入快策略,,2026-05-06,0,common_index_cache,30,-15.84,23.82,18.59,24.61,18.59,16.75,13.97,-5.7,-7.95,24.61,intraday_1430,2026-05-06 14:30:00,温和放量,当日转弱；收盘承接偏弱；近5日趋势未确认；仍在20日线下方；强势市里个股相对走弱；v2回避转弱弱收盘样本,v2
2026-05-06,,次日已审,低层级强势反哺,普通/不推送走强,low_level_winner,不推送 后来走强，原因反哺：持续霸榜、温和放量、站上20日线且不过热,84,600770,综艺股份,不推送,未入快策略,,2026-05-06,0,common_index_cache,31,-21.0,7.61,9.97,9.97,9.97,2.89,5.91,-4.39,-1.59,15.22,intraday_1430,2026-05-06 14:49:28,温和放量；近5日趋势升温；站上20日线且不过热；持续霸榜,当日转弱；收盘承接偏弱；热度可能进入后段,v2
2026-05-06,,次日已审,低层级强势反哺,普通/不推送走强,low_level_winner,不推送 后来走强，原因反哺：人气Top10、人气排名明显上升、持续霸榜,4,601778,晶科科技,不推送,未入快策略,,2026-05-06,0,common_index_cache,31,-22.77,3.38,10.0,10.0,10.0,13.69,9.23,9.97,5.65,18.46,intraday_1430,2026-05-06 14:49:28,人气Top10；站上20日线且不过热；持续霸榜；人气排名明显上升,当日转弱；收盘承接偏弱；近5日趋势未确认；热度可能进入后段,v2
2026-05-06,,次日已审,低层级强势反哺,普通/不推送走强,low_level_winner,不推送 后来走强，原因反哺：当日上涨、温和放量、站上20日线且不过热,58,600118,中国卫星,不推送,未入快策略,,2026-05-06,0,common_index_cache,30,-23.83,8.94,7.84,9.51,7.84,16.69,12.56,7.11,3.32,20.1,intraday_1430,2026-05-06 14:49:28,当日上涨；温和放量；站上20日线且不过热；连续上榜确认,-,v2
2026-05-06,,次日已审,低层级强势反哺,普通/不推送走强,low_level_winner,不推送 后来走强，原因反哺：当日涨停附近、持续霸榜、收在日内高位,62,600396,华电辽能,不推送,已入快策略,,2026-05-06,0,common_index_cache,30,75.89,7.81,18.58,18.58,18.58,35.18,63.64,25.39,51.79,63.64,intraday_1430,2026-05-06 14:49:28,当日涨停附近；收在日内高位；近5日趋势升温；站上20日线且不过热；持续霸榜,热度可能进入后段；人气排名明显回落,v2
2026-05-06,,次日已审,低层级强势反哺,普通/不推送走强,low_level_winner,普通观察 后来走强，原因反哺：当日强涨、收盘承接较强、温和放量,61,002281,光迅科技,普通观察,已入快策略,,2026-05-06,0,common_index_cache,31,67.73,2.0,4.53,9.72,4.53,25.26,39.66,22.81,36.93,44.72,intraday_1430,2026-05-06 14:49:28,当日强涨；收盘承接较强；温和放量；近5日趋势升温；站上20日线且不过热；连续上榜确认,人气排名明显回落,v2
2026-05-06,,次日已审,低层级强势反哺,普通/不推送走强,low_level_winner,普通观察 后来走强，原因反哺：人气排名明显上升、当日涨停附近、收在日内高位,57,002428,云南锗业,普通观察,已入快策略,,2026-05-06,0,common_index_cache,30,60.1,24.21,29.35,31.44,29.35,48.71,63.73,19.72,31.81,69.52,intraday_1430,2026-05-06 14:49:28,当日涨停附近；收在日内高位；温和放量；连续上榜确认；人气排名明显上升,近5日趋势未确认,v2
2026-05-06,,次日已审,低层级强势反哺,普通/不推送走强,low_level_winner,不推送 后来走强，原因反哺：当日强涨、持续霸榜、温和放量,53,600522,中天科技,不推送,已入快策略,,2026-05-06,0,common_index_cache,30,53.47,0.89,7.27,7.27,7.27,22.58,21.86,21.5,20.78,29.07,intraday_1430,2026-05-06 14:49:28,当日强涨；温和放量；近5日趋势升温；站上20日线且不过热；持续霸榜,热度可能进入后段,v2
2026-05-06,,次日已审,低层级强势反哺,普通/不推送走强,low_level_winner,不推送 后来走强，原因反哺：人气排名明显上升、当日强涨、持续霸榜,52,002384,东山精密,不推送,已入快策略,,2026-05-06,0,common_index_cache,30,51.66,11.23,24.6,24.6,24.6,28.87,30.31,15.85,17.15,35.77,intraday_1430,2026-05-06 14:49:28,当日强涨；收盘承接较强；温和放量；站上20日线且不过热；持续霸榜；人气排名明显上升,近5日趋势未确认；热度可能进入后段,v2
2026-05-06,,次日已审,低层级强势反哺,普通/不推送走强,low_level_winner,不推送 后来走强，原因反哺：人气Top50、收盘承接较强、温和放量,40,002185,华天科技,不推送,已入快策略,,2026-05-06,0,common_index_cache,31,45.31,4.2,3.74,7.09,3.74,4.65,9.92,0.44,5.49,12.74,intraday_1430,2026-05-06 14:49:28,人气Top50；收盘承接较强；温和放量；近5日趋势升温；站上20日线且不过热,-,v2
2026-05-06,,次日已审,低层级强势反哺,普通/不推送走强,low_level_winner,普通观察 后来走强，原因反哺：人气Top20、人气排名明显上升、当日上涨,12,002156,通富微电,普通观察,已入快策略,,2026-05-06,0,common_index_cache,31,29.84,9.85,9.85,9.85,9.85,10.26,14.74,0.37,4.45,20.05,intraday_1430,2026-05-06 14:49:28,人气Top20；当日上涨；温和放量；近5日趋势升温；站上20日线且不过热；连续上榜确认；人气排名明显上升,-,v2
2026-05-06,,次日已审,低层级强势反哺,普通/不推送走强,low_level_winner,普通观察 后来走强，原因反哺：当日强涨、收盘承接较强、温和放量,93,600330,天通股份,普通观察,已入快策略,,2026-05-06,0,common_index_cache,31,19.79,-2.83,-3.16,-0.11,-3.16,4.55,17.1,7.6,20.52,21.91,intraday_1430,2026-05-06 14:49:28,当日强涨；收盘承接较强；温和放量；近5日趋势升温；站上20日线且不过热；连续上榜确认,人气排名明显回落,v2
2026-05-06,,次日已审,低层级强势反哺,普通/不推送走强,low_level_winner,不推送 后来走强，原因反哺：当日强涨、温和放量、站上20日线且不过热,54,300136,信维通信,不推送,已入快策略,,2026-05-06,0,common_index_cache,30,19.33,9.6,14.85,17.32,14.85,30.59,28.48,19.15,17.23,33.53,intraday_1430,2026-05-06 14:49:28,当日强涨；温和放量；近5日趋势升温；站上20日线且不过热；连续上榜确认,-,v2
2026-05-06,,次日已审,低层级强势反哺,普通/不推送走强,low_level_winner,不推送 后来走强，原因反哺：v2低分涨停修正、当日涨停附近、收在日内高位,75,002805,丰元股份,不推送,已入快策略,,2026-05-06,0,common_index_cache,31,6.96,2.14,10.02,10.02,10.02,7.88,8.62,5.61,6.34,15.97,intraday_1430,2026-05-06 14:49:28,当日涨停附近；收在日内高位；近5日强势延续；站上20日线且不过热；v2低分涨停修正,短线涨幅偏高,v2
2026-05-06,,次日已审,低层级强势反哺,普通/不推送走强,low_level_winner,普通观察 后来走强，原因反哺：人气Top10、人气排名明显上升、当日上涨,10,688041,海光信息,普通观察,已入快策略,,2026-05-06,0,common_index_cache,31,4.04,8.73,16.26,20.0,16.26,9.12,17.87,0.37,8.41,21.11,intraday_1430,2026-05-06 14:49:28,人气Top10；当日上涨；温和放量；近5日趋势升温；站上20日线且不过热；人气排名明显上升,-,v2
2026-05-06,,次日已审,低层级强势反哺,普通/不推送走强,low_level_winner,不推送 后来走强，原因反哺：人气Top50、当日上涨、持续霸榜,30,002709,天赐材料,不推送,已入快策略,,2026-05-06,0,common_index_cache,30,-4.36,15.2,13.64,15.27,13.64,7.78,4.81,-6.44,-9.02,15.27,intraday_1430,2026-05-06 14:49:28,人气Top50；当日上涨；收在日内高位；温和放量；站上20日线且不过热；持续霸榜,热度可能进入后段,v2
2026-05-06,,次日已审,低层级强势反哺,普通/不推送走强,low_level_winner,普通观察 后来走强，原因反哺：当日强涨、持续霸榜、收盘承接较强,91,002475,立讯精密,普通观察,已入快策略,,2026-05-06,0,common_index_cache,30,-6.46,-6.21,-3.4,-2.32,-3.4,5.68,11.37,12.68,18.74,13.63,intraday_1430,2026-05-06 14:49:28,当日强涨；收盘承接较强；温和放量；近5日趋势升温；站上20日线且不过热；持续霸榜,热度可能进入后段；人气排名明显回落,v2
2026-05-06,,次日已审,低层级强势反哺,普通/不推送走强,low_level_winner,普通观察 后来走强，原因反哺：人气Top20、人气排名明显上升、当日上涨,16,601016,节能风电,普通观察,已入快策略,,2026-05-06,0,common_index_cache,30,-14.19,3.66,7.31,9.25,7.31,10.11,21.08,6.22,16.8,21.08,intraday_1430,2026-05-06 14:49:28,人气Top20；当日上涨；收盘承接较强；温和放量；站上20日线且不过热；持续霸榜；人气排名明显上升,热度可能进入后段,v2
2026-05-06,,次日已审,低层级强势反哺,普通/不推送走强,low_level_winner,不推送 后来走强，原因反哺：人气Top20、当日上涨、持续霸榜,13,002580,圣阳股份,不推送,已入快策略,,2026-05-06,0,common_index_cache,30,-26.09,1.87,3.64,8.08,3.64,18.77,20.61,16.59,18.39,25.43,intraday_1430,2026-05-06 14:49:28,人气Top20；当日上涨；温和放量；站上20日线且不过热；持续霸榜,热度可能进入后段,v2
2026-05-06,,次日已审,低层级强势反哺,普通/不推送走强,low_level_winner,不推送 后来走强，原因反哺：当日涨停附近、收在日内高位、温和放量,83,600379,宝光股份,不推送,已入快策略,,2026-05-06,0,common_index_cache,31,-26.76,8.58,9.83,9.83,9.83,-0.36,2.26,-8.23,-5.82,20.86,intraday_1430,2026-05-06 14:49:28,当日涨停附近；收在日内高位；温和放量；近5日强势延续；连续上榜确认,短线涨幅偏高；偏离20日线较大；人气排名明显回落,v2
2026-04-30,2026-04-23,次日已审,快策略候选,优先成功,priority_success,下个交易日主盯 后续最高表现达到 29.87%，保留这类命中特征。,7,000066,中国长城,强推观察,下个交易日主盯,122.0,2026-04-30,0,common_index_cache,31,-10.14,9.99,9.99,9.99,9.99,16.5,27.95,5.92,16.33,29.87,post_close,2026-04-30 15:00:00,人气Top10；当日涨停附近；收在日内高位；温和放量；近5日趋势升温；站上20日线且不过热；持续霸榜；人气排名明显上升；v2强势延续修正；v2低分涨停修正,热度可能进入后段,v2
2026-04-30,2026-04-23,次日已审,快策略候选,优先成功,priority_success,下个交易日主盯 后续最高表现达到 33.05%，保留这类命中特征。,2,002081,金螳螂,强推观察,下个交易日主盯,120.2,2026-04-30,0,common_index_cache,31,-19.15,4.24,7.8,7.8,7.8,13.05,33.05,8.46,27.64,33.05,post_close,2026-04-30 15:00:00,人气Top3；当日涨停附近；收在日内高位；温和放量；近5日趋势升温；持续霸榜,偏离20日线较大；热度可能进入后段,v2
2026-04-30,2026-04-23,次日已审,快策略候选,优先成功,priority_success,下个交易日主盯 后续最高表现达到 20.20%，保留这类命中特征。,3,603629,利通电子,强推观察,下个交易日主盯,118.4,2026-04-30,0,common_index_cache,31,14.28,3.84,10.0,10.0,10.0,16.05,8.73,11.76,4.71,20.2,post_close,2026-04-30 15:00:00,人气Top3；当日涨停附近；收在日内高位；温和放量；近5日趋势升温；持续霸榜；v2低分涨停修正,远离20日线过多；热度可能进入后段,v2
2026-04-30,2026-04-23,次日已审,快策略候选,优先成功,priority_success,下个交易日主盯 后续最高表现达到 20.86%，保留这类命中特征。,41,600379,宝光股份,重点观察,下个交易日主盯,102.35,2026-04-30,0,common_index_cache,31,-26.76,8.58,9.83,9.83,9.83,-0.36,2.26,-8.23,-5.82,20.86,post_close,2026-04-30 15:00:00,人气Top50；当日涨停附近；收在日内高位；温和放量；近5日强势延续；连续上榜确认；人气排名明显上升；v2连榜升温修正,短线涨幅偏高；偏离20日线较大,v2
2026-04-30,2026-04-23,次日已审,快策略候选,优先成功,priority_success,下个交易日主盯 后续最高表现达到 19.89%，保留这类命中特征。,34,002181,粤传媒,强推观察,下个交易日主盯,102.0,2026-04-30,0,common_index_cache,31,-30.87,0.0,10.01,10.01,10.01,11.28,13.1,11.28,13.1,19.89,post_close,2026-04-30 15:00:00,人气Top50；当日涨停附近；收在日内高位；温和放量；近5日强势延续；站上20日线且不过热；连续上榜确认；v2强势延续修正；v2连榜升温修正；v2低分涨停修正,短线涨幅偏高,v2
2026-04-30,2026-04-23,次日已审,快策略候选,优先成功,priority_success,下个交易日主盯 后续最高表现达到 67.73%，保留这类命中特征。,18,002281,光迅科技,重点观察,下个交易日主盯,89.0,2026-04-30,0,common_index_cache,31,67.73,2.0,4.53,9.72,4.53,25.26,39.66,22.81,36.93,44.72,post_close,2026-04-30 15:00:00,人气Top20；当日强涨；收盘承接较强；温和放量；近5日趋势升温；站上20日线且不过热；人气排名明显上升,-,v2
2026-04-30,2026-04-23,次日已审,快策略候选,优先成功,priority_success,下个交易日主盯 后续最高表现达到 56.12%，保留这类命中特征。,96,600246,万通发展,重点观察,下个交易日主盯,88.1,2026-04-30,0,common_index_cache,31,56.12,4.79,2.22,6.03,2.22,8.78,16.13,3.81,10.83,19.33,post_close,2026-04-30 15:00:00,当日涨停附近；收在日内高位；温和放量；近5日趋势升温；站上20日线且不过热；v2低分涨停修正,-,v2
2026-04-30,2026-04-23,次日已审,快策略候选,优先成功,priority_success,下个交易日主盯 后续最高表现达到 21.91%，保留这类命中特征。,27,600330,天通股份,普通观察,下个交易日主盯,82.4,2026-04-30,0,common_index_cache,31,19.79,-2.83,-3.16,-0.11,-3.16,4.55,17.1,7.6,20.52,21.91,post_close,2026-04-30 15:00:00,人气Top50；当日强涨；收盘承接较强；温和放量；近5日趋势升温；站上20日线且不过热；人气排名明显上升,-,v2
2026-04-30,2026-04-23,次日已审,快策略候选,优先成功,priority_success,下个交易日主盯 后续最高表现达到 29.38%，保留这类命中特征。,50,300136,信维通信,普通观察,下个交易日主盯,79.7,2026-04-30,0,common_index_cache,31,15.62,0.71,6.44,9.91,6.44,10.95,19.66,10.17,18.81,29.38,post_close,2026-04-30 15:00:00,人气Top50；当日上涨；收在日内高位；温和放量；近5日趋势升温；站上20日线且不过热,-,v2
2026-04-30,2026-04-23,次日已审,快策略候选,优先成功,priority_success,下个交易日主盯 后续最高表现达到 21.10%，保留这类命中特征。,11,002342,巨力索具,不推送,下个交易日主盯,74.3,2026-04-30,0,common_index_cache,31,-48.21,-0.86,1.46,3.94,1.46,11.56,2.93,12.53,3.82,21.1,post_close,2026-04-30 15:00:00,人气Top20；当日上涨；温和放量；站上20日线且不过热；持续霸榜；人气排名明显上升,热度可能进入后段,v2
2026-04-30,2026-04-23,次日已审,快策略候选,优先成功,priority_success,下个交易日主盯 后续最高表现达到 29.84%，保留这类命中特征。,57,002156,通富微电,不推送,下个交易日主盯,60.5,2026-04-30,0,common_index_cache,31,29.84,9.85,9.85,9.85,9.85,10.26,14.74,0.37,4.45,20.05,post_close,2026-04-30 15:00:00,当日上涨；温和放量；近5日趋势升温；站上20日线且不过热；连续上榜确认,-,v2
2026-04-30,2026-04-23,次日已审,快策略候选,优先成功,priority_success,下个交易日主盯 后续最高表现达到 36.75%，保留这类命中特征。,9,600186,莲花控股,不推送,下个交易日主盯,57.5,2026-04-30,0,common_index_cache,31,36.75,2.15,6.34,7.56,6.34,-2.05,-6.81,-4.11,-8.77,7.56,post_close,2026-04-30 15:00:00,人气Top10；温和放量；近5日趋势升温；持续霸榜,当日转弱；收盘承接偏弱；偏离20日线较大；热度可能进入后段,v2
2026-04-30,2026-04-23,次日已审,快策略候选,优先走弱,priority_failed,下个交易日主盯 未兑现，复盘风险项：短线涨幅偏高；偏离20日线较大,30,002240,盛新锂能,强推观察,下个交易日主盯,109.55,2026-04-30,0,common_index_cache,31,-19.62,1.11,3.41,5.06,3.41,-4.28,-5.33,-5.33,-6.37,5.06,post_close,2026-04-30 15:00:00,人气Top50；当日涨停附近；收在日内高位；温和放量；近5日强势延续；连续上榜确认；人气排名明显上升；v2强势延续修正；v2连榜升温修正；v2低分涨停修正,短线涨幅偏高；偏离20日线较大,v2
2026-04-30,2026-04-23,次日已审,快策略候选,优先走弱,priority_failed,下个交易日主盯 未兑现，复盘风险项：热度可能进入后段,4,002202,金风科技,重点观察,下个交易日主盯,103.2,2026-04-30,0,common_index_cache,31,-20.22,1.63,1.42,2.9,1.42,3.41,-1.02,1.75,-2.61,5.23,post_close,2026-04-30 15:00:00,人气Top10；当日强涨；放量仍可控；近5日趋势升温；站上20日线且不过热；持续霸榜；人气排名明显上升,热度可能进入后段,v2
2026-04-30,2026-04-23,次日已审,快策略候选,优先走弱,priority_failed,下个交易日主盯 未兑现，复盘风险项：短线涨幅偏高；偏离20日线较大,1,688256,寒武纪,强推观察,下个交易日主盯,102.0,2026-04-30,0,common_index_cache,31,-22.35,-29.6,-28.01,-22.44,-28.01,-30.44,-24.83,-1.19,6.77,-22.44,post_close,2026-04-30 15:00:00,人气Top3；当日涨停附近；收在日内高位；放量仍可控；近5日强势延续；首次上榜即强势；v2强势延续修正；v2低分涨停修正,短线涨幅偏高；偏离20日线较大,v2
2026-04-30,2026-04-23,次日已审,快策略候选,优先走弱,priority_failed,下个交易日主盯 未兑现，复盘风险项：短线涨幅偏高；偏离20日线较大,28,002192,融捷股份,重点观察,下个交易日主盯,94.35,2026-04-30,0,common_index_cache,31,-18.36,5.29,1.79,5.29,1.79,-9.27,-7.87,-13.83,-12.5,5.29,post_close,2026-04-30 15:00:00,人气Top50；当日涨停附近；收在日内高位；温和放量；近5日强势延续；连续上榜确认；人气排名明显上升；v2连榜升温修正,短线涨幅偏高；偏离20日线较大,v2
2026-04-30,2026-04-23,次日已审,快策略候选,优先走弱,priority_failed,下个交易日主盯 未兑现，复盘风险项：-,17,002466,天齐锂业,重点观察,下个交易日主盯,92.6,2026-04-30,0,common_index_cache,31,-19.98,0.0,2.1,3.07,2.1,-4.97,-6.6,-4.97,-6.6,3.07,post_close,2026-04-30 15:00:00,人气Top20；当日上涨；收盘承接较强；温和放量；近5日趋势升温；站上20日线且不过热；连续上榜确认；人气排名明显上升；v2连榜升温修正,-,v2
2026-04-30,2026-04-23,次日已审,快策略候选,优先走弱,priority_failed,下个交易日主盯 未兑现，复盘风险项：短线涨幅偏高,43,605299,舒华体育,重点观察,下个交易日主盯,90.75,2026-04-30,0,common_index_cache,31,-43.19,0.04,0.12,3.77,0.12,4.43,-3.85,4.39,-3.89,6.47,post_close,2026-04-30 15:00:00,人气Top50；当日涨停附近；收在日内高位；近5日强势延续；站上20日线且不过热；v2强势延续修正；v2低分涨停修正,短线涨幅偏高,v2
2026-04-30,2026-04-23,次日已审,快策略候选,优先走弱,priority_failed,下个交易日主盯 未兑现，复盘风险项：热度可能进入后段,37,000062,深圳华强,不推送,下个交易日主盯,88.1,2026-04-30,0,common_index_cache,31,-14.0,2.9,-0.11,8.69,-0.11,-3.74,1.27,-6.45,-1.58,8.69,post_close,2026-04-30 15:00:00,人气Top50；当日上涨；温和放量；近5日趋势升温；站上20日线且不过热；持续霸榜；人气排名明显上升,热度可能进入后段,v2
2026-04-30,2026-04-23,次日已审,快策略候选,优先走弱,priority_failed,下个交易日主盯 未兑现，复盘风险项：-,74,688521,芯原股份,重点观察,下个交易日主盯,80.1,2026-04-30,0,common_index_cache,31,-8.34,3.96,-0.81,5.72,-0.81,-6.72,-3.17,-10.27,-6.85,5.72,post_close,2026-04-30 15:00:00,当日涨停附近；收在日内高位；温和放量；近5日趋势升温；站上20日线且不过热；v2低分涨停修正,-,v2
2026-04-30,2026-04-23,次日已审,快策略候选,优先走弱,priority_failed,下个交易日主盯 未兑现，复盘风险项：热度可能进入后段,12,002709,天赐材料,普通观察,下个交易日主盯,78.8,2026-04-30,0,common_index_cache,31,-12.66,0.12,5.77,7.39,5.77,-3.47,-3.17,-3.58,-3.28,7.39,post_close,2026-04-30 15:00:00,人气Top20；收盘承接较强；温和放量；近5日趋势升温；站上20日线且不过热；持续霸榜,热度可能进入后段,v2
2026-04-30,2026-04-23,次日已审,快策略候选,优先走弱,priority_failed,下个交易日主盯 未兑现，复盘风险项：-,21,600111,北方稀土,不推送,下个交易日主盯,78.3,2026-04-30,0,common_index_cache,31,-5.13,-0.09,4.43,4.49,4.43,2.98,2.39,3.08,2.49,9.03,post_close,2026-04-30 15:00:00,人气Top50；当日上涨；收盘承接较强；近5日趋势升温；站上20日线且不过热；连续上榜确认,-,v2
2026-04-30,2026-04-23,次日已审,快策略候选,优先走弱,priority_failed,下个交易日主盯 未兑现，复盘风险项：当日转弱；热度可能进入后段,36,603538,美诺华,不推送,下个交易日主盯,72.7,2026-04-30,0,common_index_cache,31,-39.48,3.51,9.67,10.01,9.67,1.99,-13.53,-1.47,-16.46,12.7,post_close,2026-04-30 15:00:00,人气Top50；收盘承接较强；温和放量；近5日趋势升温；站上20日线且不过热；持续霸榜,当日转弱；热度可能进入后段,v2
2026-04-30,2026-04-23,次日已审,快策略候选,优先走弱,priority_failed,下个交易日主盯 未兑现，复盘风险项：短线涨幅偏高,78,000833,粤桂股份,普通观察,下个交易日主盯,69.95,2026-04-30,0,common_index_cache,31,-30.23,-2.05,-5.99,-1.61,-5.99,-16.99,-15.29,-15.26,-13.52,-1.61,post_close,2026-04-30 15:00:00,当日涨停附近；收在日内高位；温和放量；近5日强势延续；站上20日线且不过热；v2低分涨停修正,短线涨幅偏高,v2
2026-04-30,2026-04-23,次日已审,快策略候选,优先走弱,priority_failed,下个交易日主盯 未兑现，复盘风险项：-,45,002050,三花智控,不推送,下个交易日主盯,66.3,2026-04-30,0,common_index_cache,31,-4.94,0.0,2.64,3.58,2.64,10.17,8.53,10.17,8.53,14.83,post_close,2026-04-30 15:00:00,人气Top50；当日上涨；收盘承接较强；放量仍可控；站上20日线且不过热；连续上榜确认；人气排名明显上升,-,v2
2026-04-30,2026-04-23,次日已审,快策略候选,暂未强势,neutral,继续等待更多交易日或降低权重。,19,002842,翔鹭钨业,强推观察,下个交易日主盯,90.0,2026-04-30,0,common_index_cache,31,12.7,1.4,2.29,3.01,2.29,-2.81,-6.11,-4.15,-7.4,4.08,post_close,2026-04-30 15:00:00,人气Top20；当日涨停附近；收在日内高位；放量仍可控；近5日趋势升温；站上20日线且不过热；首次上榜即强势；v2强势延续修正；v2低分涨停修正,-,v2
2026-04-30,2026-04-23,次日已审,快策略候选,暂未强势,neutral,继续等待更多交易日或降低权重。,33,002407,多氟多,不推送,下个交易日主盯,87.2,2026-04-30,0,common_index_cache,31,5.95,-1.51,4.46,6.89,4.46,-4.16,-6.0,-2.68,-4.56,6.89,post_close,2026-04-30 15:00:00,人气Top50；收盘承接较强；温和放量；近5日趋势升温；站上20日线且不过热；持续霸榜,热度可能进入后段,v2
2026-04-30,2026-04-23,次日已审,快策略候选,暂未强势,neutral,继续等待更多交易日或降低权重。,8,002297,博云新材,不推送,下个交易日主盯,84.5,2026-04-30,0,common_index_cache,31,5.22,0.0,-2.0,6.12,-2.0,4.94,-1.63,4.94,-1.63,8.78,post_close,2026-04-30 15:00:00,人气Top10；当日上涨；温和放量；近5日趋势升温；持续霸榜,远离20日线过多；热度可能进入后段,v2
2026-04-30,2026-04-23,次日已审,快策略候选,暂未强势,neutral,继续等待更多交易日或降低权重。,29,300083,创世纪,普通观察,下个交易日主盯,63.0,2026-04-30,0,common_index_cache,31,10.3,-2.06,-4.12,-1.18,-4.12,2.16,-0.1,4.31,2.0,7.26,post_close,2026-04-30 15:00:00,人气Top50；当日涨停附近；收在日内高位；近5日趋势升温；站上20日线且不过热；v2低分涨停修正,放量过猛,v2
2026-04-30,2026-04-23,次日已审,快策略候选,暂未强势,neutral,继续等待更多交易日或降低权重。,81,688981,中芯国际,不推送,下个交易日主盯,61.4,2026-04-30,0,common_index_cache,31,13.45,2.75,3.68,7.91,3.68,1.33,2.74,-1.39,-0.02,7.91,post_close,2026-04-30 15:00:00,当日上涨；收盘承接较强；温和放量；近5日趋势升温；站上20日线且不过热,-,v2
2026-04-30,,次日已审,低层级强势反哺,普通/不推送走强,low_level_winner,不推送 后来走强，原因反哺：温和放量、近5日趋势升温、连续上榜确认,87,603773,沃格光电,不推送,未入快策略,,2026-04-30,0,common_index_cache,31,139.55,3.82,-3.68,3.82,-3.68,4.9,17.89,1.04,13.56,24.05,post_close,2026-04-30 15:00:00,温和放量；近5日趋势升温；连续上榜确认,当日转弱；偏离20日线较大,v2
2026-04-30,,次日已审,低层级强势反哺,普通/不推送走强,low_level_winner,不推送 后来走强，原因反哺：人气Top50、当日涨停附近、温和放量,32,301217,铜冠铜箔,不推送,未入快策略,,2026-04-30,0,common_index_cache,31,131.92,0.27,13.03,18.08,13.03,13.02,20.64,12.72,20.32,22.54,post_close,2026-04-30 15:00:00,人气Top50；当日涨停附近；温和放量；连续上榜确认,短线涨幅过热；远离20日线过多,v2
2026-04-30,,次日已审,低层级强势反哺,普通/不推送走强,low_level_winner,不推送 后来走强，原因反哺：人气Top50、当日涨停附近、收盘承接较强,35,688808,联讯仪器,不推送,未入快策略,,2026-04-30,0,common_index_cache,31,124.13,-1.48,-1.48,1.9,-1.48,10.23,8.1,11.89,9.72,17.58,post_close,2026-04-30 15:00:00,人气Top50；当日涨停附近；收盘承接较强；站上20日线且不过热,人气排名明显回落,v2
2026-04-30,,次日已审,低层级强势反哺,普通/不推送走强,low_level_winner,不推送 后来走强，原因反哺：温和放量、站上20日线且不过热、连续上榜确认,60,603986,兆易创新,不推送,未入快策略,,2026-04-30,0,common_index_cache,31,87.24,5.2,9.76,9.76,9.76,6.51,12.72,1.25,7.15,17.18,post_close,2026-04-30 15:00:00,温和放量；站上20日线且不过热；连续上榜确认,收盘承接偏弱；人气排名明显回落,v2
2026-04-30,,次日已审,低层级强势反哺,普通/不推送走强,low_level_winner,不推送 后来走强，原因反哺：人气Top50、持续霸榜、站上20日线且不过热,22,600396,华电辽能,不推送,未入快策略,,2026-04-30,0,common_index_cache,31,79.44,1.61,9.98,9.98,9.98,25.4,51.71,23.41,49.31,51.71,post_close,2026-04-30 15:00:00,人气Top50；站上20日线且不过热；持续霸榜,当日转弱；收盘承接偏弱；热度可能进入后段,v2
2026-04-30,,次日已审,低层级强势反哺,普通/不推送走强,low_level_winner,不推送 后来走强，原因反哺：人气Top50、持续霸榜、站上20日线且不过热,40,600487,亨通光电,不推送,未入快策略,,2026-04-30,0,common_index_cache,31,68.95,2.74,9.28,10.0,9.28,17.61,14.31,14.47,11.26,21.61,post_close,2026-04-30 15:00:00,人气Top50；站上20日线且不过热；持续霸榜,当日转弱；近5日趋势未确认；热度可能进入后段,v2
2026-04-30,,次日已审,低层级强势反哺,普通/不推送走强,low_level_winner,不推送 后来走强，原因反哺：人气Top50、人气排名明显上升、持续霸榜,49,600522,中天科技,不推送,未入快策略,,2026-04-30,0,common_index_cache,31,65.79,1.66,5.34,6.43,5.34,23.49,33.09,21.47,30.92,39.43,post_close,2026-04-30 15:00:00,人气Top50；温和放量；站上20日线且不过热；持续霸榜；人气排名明显上升,当日转弱；收盘承接偏弱；近5日趋势未确认；热度可能进入后段,v2
2026-04-30,,次日已审,低层级强势反哺,普通/不推送走强,low_level_winner,不推送 后来走强，原因反哺：人气排名明显上升、温和放量、连续上榜确认,58,600498,烽火通信,不推送,未入快策略,,2026-04-30,0,common_index_cache,31,64.27,1.54,4.09,6.79,4.09,22.11,26.41,20.25,24.49,29.03,post_close,2026-04-30 15:00:00,温和放量；连续上榜确认；人气排名明显上升,当日转弱；收盘承接偏弱；近5日趋势未确认；仍在20日线下方,v2
2026-04-30,,次日已审,低层级强势反哺,普通/不推送走强,low_level_winner,不推送 后来走强，原因反哺：人气排名明显上升、温和放量、站上20日线且不过热,53,600176,中国巨石,不推送,未入快策略,,2026-04-30,0,common_index_cache,31,58.26,1.48,6.7,8.96,6.7,9.59,9.07,8.0,7.48,15.04,post_close,2026-04-30 15:00:00,温和放量；站上20日线且不过热；人气排名明显上升,当日转弱,v2
2026-04-30,,次日已审,低层级强势反哺,普通/不推送走强,low_level_winner,不推送 后来走强，原因反哺：站上20日线且不过热,71,300308,中际旭创,不推送,未入快策略,,2026-04-30,0,common_index_cache,31,48.82,3.62,-0.17,3.67,-0.17,3.32,18.72,-0.28,14.57,19.29,post_close,2026-04-30 15:00:00,站上20日线且不过热,收盘承接偏弱；近5日趋势未确认；人气排名明显回落,v2
2026-04-30,,次日已审,低层级强势反哺,普通/不推送走强,low_level_winner,不推送 后来走强，原因反哺：人气Top50、持续霸榜、温和放量,25,001896,豫能控股,不推送,未入快策略,,2026-04-30,0,common_index_cache,31,42.78,-1.44,7.61,9.32,7.61,7.68,11.42,9.25,13.05,15.22,post_close,2026-04-30 15:00:00,人气Top50；温和放量；持续霸榜,当日转弱；收盘承接偏弱；近5日趋势未确认；热度可能进入后段,v2
2026-04-30,,次日已审,低层级强势反哺,普通/不推送走强,low_level_winner,不推送 后来走强，原因反哺：收盘承接较强、温和放量、站上20日线且不过热,76,000988,华工科技,不推送,未入快策略,,2026-04-30,0,common_index_cache,31,42.65,2.7,4.53,8.08,4.53,14.15,20.4,11.14,17.23,25.7,post_close,2026-04-30 15:00:00,收盘承接较强；温和放量；站上20日线且不过热,-,v2
2026-04-30,,次日已审,低层级强势反哺,普通/不推送走强,low_level_winner,不推送 后来走强，原因反哺：温和放量、站上20日线且不过热,75,002428,云南锗业,不推送,未入快策略,,2026-04-30,0,common_index_cache,31,41.78,7.13,10.0,10.0,10.0,22.94,44.87,14.76,35.23,44.87,post_close,2026-04-30 15:00:00,温和放量；站上20日线且不过热,收盘承接偏弱；近5日趋势未确认；上影线偏长,v2
2026-04-30,,次日已审,低层级强势反哺,普通/不推送走强,low_level_winner,不推送 后来走强，原因反哺：人气排名明显上升、持续霸榜、温和放量,69,002384,东山精密,不推送,未入快策略,,2026-04-30,0,common_index_cache,31,37.59,2.72,2.76,6.61,2.76,13.21,17.53,10.21,14.42,23.17,post_close,2026-04-30 15:00:00,温和放量；站上20日线且不过热；持续霸榜；人气排名明显上升,热度可能进入后段,v2
2026-04-30,,次日已审,低层级强势反哺,普通/不推送走强,low_level_winner,不推送 后来走强，原因反哺：温和放量、站上20日线且不过热、近5日趋势升温,64,001309,德明利,不推送,未入快策略,,2026-04-30,0,common_index_cache,31,35.21,8.61,10.0,10.0,10.0,13.89,17.76,4.86,8.42,22.89,post_close,2026-04-30 15:00:00,温和放量；近5日趋势升温；站上20日线且不过热；连续上榜确认,人气排名明显回落,v2
2026-04-30,,次日已审,低层级强势反哺,普通/不推送走强,low_level_winner,不推送 后来走强，原因反哺：人气Top50、温和放量、连续上榜确认,47,601869,长飞光纤,不推送,未入快策略,,2026-04-30,0,common_index_cache,31,30.12,2.29,2.02,4.55,2.02,12.24,16.26,9.73,13.66,21.5,post_close,2026-04-30 15:00:00,人气Top50；温和放量；连续上榜确认,当日转弱；近5日趋势未确认；人气排名明显回落,v2
2026-04-30,,次日已审,低层级强势反哺,普通/不推送走强,low_level_winner,不推送 后来走强，原因反哺：人气Top50、持续霸榜、温和放量,38,600726,华电能源,不推送,未入快策略,,2026-04-30,0,common_index_cache,31,25.95,0.15,5.01,6.22,5.01,13.96,16.84,13.79,16.67,24.58,post_close,2026-04-30 15:00:00,人气Top50；温和放量；近5日强势延续；站上20日线且不过热；持续霸榜,当日转弱；收盘承接偏弱；短线涨幅偏高；热度可能进入后段,v2
2026-04-30,,次日已审,低层级强势反哺,普通/不推送走强,low_level_winner,不推送 后来走强，原因反哺：站上20日线且不过热,90,600703,三安光电,不推送,未入快策略,,2026-04-30,0,common_index_cache,31,25.53,2.85,7.39,10.02,7.39,11.78,22.31,8.68,18.92,24.36,post_close,2026-04-30 15:00:00,站上20日线且不过热,当日转弱；收盘承接偏弱；近5日趋势未确认,v2
2026-04-30,,次日已审,低层级强势反哺,普通/不推送走强,low_level_winner,不推送 后来走强，原因反哺：当日涨停附近、收在日内高位、放量仍可控,84,300632,光莆股份,不推送,未入快策略,,2026-04-30,0,common_index_cache,31,20.27,2.13,0.41,3.76,0.41,2.13,16.31,0.0,13.89,22.6,post_close,2026-04-30 15:00:00,当日涨停附近；收在日内高位；放量仍可控,短线涨幅过热；偏离20日线较大,v2
2026-04-30,,次日已审,低层级强势反哺,普通/不推送走强,low_level_winner,不推送 后来走强，原因反哺：人气Top10、持续霸榜、温和放量,10,601138,工业富联,不推送,未入快策略,,2026-04-30,0,common_index_cache,31,15.52,0.64,0.32,1.59,0.32,0.64,2.42,0.0,1.77,4.8,post_close,2026-04-30 15:00:00,人气Top10；温和放量；站上20日线且不过热；持续霸榜,当日转弱；收盘承接偏弱；近5日趋势未确认；热度可能进入后段,v2
2026-04-30,,次日已审,低层级强势反哺,普通/不推送走强,low_level_winner,不推送 后来走强，原因反哺：温和放量,98,002015,协鑫能科,不推送,未入快策略,,2026-04-30,0,common_index_cache,31,6.76,2.37,10.03,10.03,10.03,14.82,19.77,12.16,17.01,22.25,post_close,2026-04-30 15:00:00,温和放量,当日转弱；收盘承接偏弱；近5日趋势未确认；人气排名明显回落,v2
2026-04-30,,次日已审,低层级强势反哺,普通/不推送走强,low_level_winner,不推送 后来走强，原因反哺：人气Top10、收在日内高位、站上20日线且不过热,6,301599,理奇智能,不推送,未入快策略,,2026-04-30,0,common_index_cache,14,2.58,0.45,12.47,28.21,12.47,4.73,5.85,4.26,5.38,28.21,post_close,2026-04-30 15:00:00,人气Top10；收在日内高位；站上20日线且不过热,-,v2
2026-04-30,,次日已审,低层级强势反哺,普通/不推送走强,low_level_winner,不推送 后来走强，原因反哺：人气Top50、人气排名明显上升、当日涨停附近,24,603399,永杉锂业,不推送,未入快策略,,2026-04-30,0,common_index_cache,31,2.48,10.01,10.01,10.01,10.01,23.72,24.19,12.47,12.89,31.61,post_close,2026-04-30 15:00:00,人气Top50；当日涨停附近；收在日内高位；近5日强势延续；连续上榜确认；人气排名明显上升,量能不足；短线涨幅偏高；远离20日线过多；一字或近似一字，参与点差,v2
2026-04-30,,次日已审,低层级强势反哺,普通/不推送走强,low_level_winner,不推送 后来走强，原因反哺：人气Top50、人气排名明显上升、持续霸榜,46,002475,立讯精密,不推送,未入快策略,,2026-04-30,0,common_index_cache,31,0.48,1.9,0.12,5.97,0.12,6.4,15.21,4.42,13.07,17.58,post_close,2026-04-30 15:00:00,人气Top50；站上20日线且不过热；持续霸榜；人气排名明显上升,当日转弱；收盘承接偏弱；近5日趋势未确认；热度可能进入后段,v2
2026-04-30,,次日已审,低层级强势反哺,普通/不推送走强,low_level_winner,不推送 后来走强，原因反哺：人气排名明显上升、当日上涨、收盘承接较强,68,603601,再升科技,不推送,未入快策略,,2026-04-30,0,common_index_cache,31,-0.5,0.88,5.49,9.97,5.49,12.87,6.37,11.88,5.44,18.23,post_close,2026-04-30 15:00:00,当日上涨；收盘承接较强；温和放量；站上20日线且不过热；人气排名明显上升,-,v2
2026-04-30,,次日已审,低层级强势反哺,普通/不推送走强,low_level_winner,不推送 后来走强，原因反哺：当日涨停附近、近5日强势延续、连续上榜确认,85,300769,德方纳米,不推送,未入快策略,,2026-04-30,0,common_index_cache,14,-3.0,0.54,11.4,12.11,11.4,9.74,7.21,9.15,6.64,22.72,post_close,2026-04-30 15:00:00,当日涨停附近；近5日强势延续；连续上榜确认,收盘承接偏弱；短线涨幅偏高；远离20日线过多；人气排名明显回落；上影线偏长,v2
2026-04-30,,次日已审,低层级强势反哺,普通/不推送走强,low_level_winner,普通观察 后来走强，原因反哺：人气Top20、当日涨停附近、收在日内高位,13,002149,西部材料,普通观察,未入快策略,,2026-04-30,0,common_index_cache,31,-5.45,3.01,10.0,10.0,10.0,14.06,17.05,10.73,13.63,24.19,post_close,2026-04-30 15:00:00,人气Top20；当日涨停附近；收在日内高位；温和放量；站上20日线且不过热,近5日趋势未确认,v2
2026-04-30,,次日已审,低层级强势反哺,普通/不推送走强,low_level_winner,不推送 后来走强，原因反哺：持续霸榜、站上20日线且不过热,95,601016,节能风电,不推送,未入快策略,,2026-04-30,0,common_index_cache,31,-6.34,-0.47,10.09,10.09,10.09,15.02,20.19,15.57,20.75,25.59,post_close,2026-04-30 15:00:00,站上20日线且不过热；持续霸榜,当日转弱；收盘承接偏弱；近5日趋势未确认；热度可能进入后段；人气排名明显回落,v2
2026-04-30,,次日已审,低层级强势反哺,普通/不推送走强,low_level_winner,不推送 后来走强，原因反哺：持续霸榜、温和放量、站上20日线且不过热,94,600736,苏州高新,不推送,未入快策略,,2026-04-30,0,common_index_cache,31,-7.12,1.96,7.61,10.06,7.61,20.98,22.21,18.65,19.86,30.18,post_close,2026-04-30 15:00:00,温和放量；站上20日线且不过热；持续霸榜,当日转弱；收盘承接偏弱；近5日趋势未确认；热度可能进入后段；人气排名明显回落,v2
2026-04-30,,次日已审,低层级强势反哺,普通/不推送走强,low_level_winner,不推送 后来走强，原因反哺：人气Top50、人气排名明显上升、温和放量,31,002217,合力泰,不推送,未入快策略,,2026-04-30,0,common_index_cache,31,-7.96,4.84,10.03,10.03,10.03,18.69,20.07,13.2,14.52,30.1,post_close,2026-04-30 15:00:00,人气Top50；温和放量；站上20日线且不过热；连续上榜确认；人气排名明显上升,当日转弱；收盘承接偏弱,v2
2026-04-30,,次日已审,低层级强势反哺,普通/不推送走强,low_level_winner,不推送 后来走强，原因反哺：人气排名明显上升、温和放量、站上20日线且不过热,79,000925,众合科技,不推送,未入快策略,,2026-04-30,0,common_index_cache,31,-9.9,3.16,8.81,9.68,8.81,6.86,17.08,3.59,13.5,17.08,post_close,2026-04-30 15:00:00,温和放量；近5日趋势升温；站上20日线且不过热；连续上榜确认；人气排名明显上升,当日转弱；收盘承接偏弱,v2
2026-04-30,,次日已审,低层级强势反哺,普通/不推送走强,low_level_winner,不推送 后来走强，原因反哺：温和放量、连续上榜确认,55,600821,金开新能,不推送,未入快策略,,2026-04-30,0,common_index_cache,31,-14.49,0.0,10.0,10.0,10.0,12.56,15.38,12.56,15.38,17.56,post_close,2026-04-30 15:00:00,温和放量；连续上榜确认,当日转弱；收盘承接偏弱；近5日趋势未确认；仍在20日线下方；人气排名明显回落,v2
2026-04-30,,次日已审,低层级强势反哺,普通/不推送走强,low_level_winner,不推送 后来走强，原因反哺：人气Top50、温和放量,42,002624,完美世界,不推送,未入快策略,,2026-04-30,0,common_index_cache,31,-16.44,1.97,4.87,7.3,4.87,13.21,8.61,11.03,6.51,16.17,post_close,2026-04-30 15:00:00,人气Top50；温和放量,当日转弱；收盘承接偏弱；近5日趋势未确认；仍在20日线下方,v2
2026-04-30,,次日已审,低层级强势反哺,普通/不推送走强,low_level_winner,不推送 后来走强，原因反哺：人气排名明显上升、站上20日线且不过热、近5日趋势升温,54,002210,飞马国际,不推送,未入快策略,,2026-04-30,0,common_index_cache,31,-18.79,1.01,10.07,10.07,10.07,8.39,5.7,7.31,4.65,15.1,post_close,2026-04-30 15:00:00,近5日趋势升温；站上20日线且不过热；连续上榜确认；人气排名明显上升,当日转弱；收盘承接偏弱；放量过猛,v2
2026-04-30,,次日已审,低层级强势反哺,普通/不推送走强,low_level_winner,不推送 后来走强，原因反哺：持续霸榜、温和放量、站上20日线且不过热,80,600770,综艺股份,不推送,未入快策略,,2026-04-30,0,common_index_cache,31,-21.0,7.61,9.97,9.97,9.97,2.89,5.91,-4.39,-1.59,15.22,post_close,2026-04-30 15:00:00,温和放量；近5日趋势升温；站上20日线且不过热；持续霸榜,当日转弱；收盘承接偏弱；热度可能进入后段,v2
2026-04-30,,次日已审,低层级强势反哺,普通/不推送走强,low_level_winner,不推送 后来走强，原因反哺：人气Top20、持续霸榜、站上20日线且不过热,16,002580,圣阳股份,不推送,未入快策略,,2026-04-30,0,common_index_cache,31,-22.49,1.56,8.22,8.41,8.22,19.58,24.2,17.74,22.29,31.55,post_close,2026-04-30 15:00:00,人气Top20；站上20日线且不过热；持续霸榜,当日转弱；收盘承接偏弱；热度可能进入后段,v2
2026-04-30,,次日已审,低层级强势反哺,普通/不推送走强,low_level_winner,不推送 后来走强，原因反哺：人气Top50、持续霸榜、站上20日线且不过热,23,601778,晶科科技,不推送,未入快策略,,2026-04-30,0,common_index_cache,31,-22.77,3.38,10.0,10.0,10.0,13.69,9.23,9.97,5.65,18.46,post_close,2026-04-30 15:00:00,人气Top50；站上20日线且不过热；持续霸榜,当日转弱；收盘承接偏弱；近5日趋势未确认；热度可能进入后段,v2
2026-04-30,,次日已审,低层级强势反哺,普通/不推送走强,low_level_winner,不推送 后来走强，原因反哺：当日上涨、收盘承接较强、温和放量,56,600118,中国卫星,不推送,未入快策略,,2026-04-30,0,common_index_cache,31,-26.27,-0.78,4.18,6.98,4.18,11.07,8.62,11.94,9.47,16.25,post_close,2026-04-30 15:00:00,当日上涨；收盘承接较强；温和放量；站上20日线且不过热,人气排名明显回落,v2
2026-04-30,,次日已审,低层级强势反哺,普通/不推送走强,low_level_winner,不推送 后来走强，原因反哺：收盘承接较强、站上20日线且不过热,91,002565,顺灏股份,不推送,未入快策略,,2026-04-30,0,common_index_cache,31,-28.55,-0.68,0.95,4.05,0.95,8.52,4.89,9.26,5.61,15.67,post_close,2026-04-30 15:00:00,收盘承接较强；站上20日线且不过热,近5日趋势未确认,v2
2026-04-30,,次日已审,低层级强势反哺,普通/不推送走强,low_level_winner,不推送 后来走强，原因反哺：人气Top10、持续霸榜、温和放量,9,600186,莲花控股,不推送,已入快策略,,2026-04-30,0,common_index_cache,31,36.75,2.15,6.34,7.56,6.34,-2.05,-6.81,-4.11,-8.77,7.56,post_close,2026-04-30 15:00:00,人气Top10；温和放量；近5日趋势升温；持续霸榜,当日转弱；收盘承接偏弱；偏离20日线较大；热度可能进入后段,v2
2026-04-30,,次日已审,低层级强势反哺,普通/不推送走强,low_level_winner,不推送 后来走强，原因反哺：当日上涨、温和放量、站上20日线且不过热,57,002156,通富微电,不推送,已入快策略,,2026-04-30,0,common_index_cache,31,29.84,9.85,9.85,9.85,9.85,10.26,14.74,0.37,4.45,20.05,post_close,2026-04-30 15:00:00,当日上涨；温和放量；近5日趋势升温；站上20日线且不过热；连续上榜确认,-,v2
2026-04-30,,次日已审,低层级强势反哺,普通/不推送走强,low_level_winner,普通观察 后来走强，原因反哺：人气Top50、人气排名明显上升、当日强涨,27,600330,天通股份,普通观察,已入快策略,,2026-04-30,0,common_index_cache,31,19.79,-2.83,-3.16,-0.11,-3.16,4.55,17.1,7.6,20.52,21.91,post_close,2026-04-30 15:00:00,人气Top50；当日强涨；收盘承接较强；温和放量；近5日趋势升温；站上20日线且不过热；人气排名明显上升,-,v2
2026-04-30,,次日已审,低层级强势反哺,普通/不推送走强,low_level_winner,普通观察 后来走强，原因反哺：人气Top50、当日上涨、收在日内高位,50,300136,信维通信,普通观察,已入快策略,,2026-04-30,0,common_index_cache,31,15.62,0.71,6.44,9.91,6.44,10.95,19.66,10.17,18.81,29.38,post_close,2026-04-30 15:00:00,人气Top50；当日上涨；收在日内高位；温和放量；近5日趋势升温；站上20日线且不过热,-,v2
2026-04-30,,次日已审,低层级强势反哺,普通/不推送走强,low_level_winner,不推送 后来走强，原因反哺：人气Top20、人气排名明显上升、当日上涨,11,002342,巨力索具,不推送,已入快策略,,2026-04-30,0,common_index_cache,31,-48.21,-0.86,1.46,3.94,1.46,11.56,2.93,12.53,3.82,21.1,post_close,2026-04-30 15:00:00,人气Top20；当日上涨；温和放量；站上20日线且不过热；持续霸榜；人气排名明显上升,热度可能进入后段,v2
2026-04-29,2026-04-22,次日已审,快策略候选,优先成功,priority_success,下个交易日主盯 后续最高表现达到 41.27%，保留这类命中特征。,8,002081,金螳螂,强推观察,下个交易日主盯,93.5,2026-04-29,0,common_index_cache,32,-11.01,-5.97,7.65,7.65,7.65,30.78,32.84,39.09,41.27,37.13,post_close,2026-04-29 15:00:00,人气Top10；当日涨停附近；收在日内高位；温和放量；近5日趋势升温；持续霸榜,偏离20日线较大；热度可能进入后段,v2
2026-04-29,2026-04-22,次日已审,快策略候选,优先成功,priority_success,下个交易日主盯 后续最高表现达到 44.75%，保留这类命中特征。,36,603399,永杉锂业,重点观察,下个交易日主盯,82.45,2026-04-29,0,common_index_cache,32,12.71,9.98,9.98,9.98,9.98,28.08,39.31,16.45,26.66,44.75,post_close,2026-04-29 15:00:00,人气Top50；当日涨停附近；收在日内高位；温和放量；近5日强势延续；连续上榜确认；人气排名明显上升；v2低分涨停修正,短线涨幅偏高；偏离20日线较大,v2
2026-04-29,2026-04-22,次日已审,快策略候选,优先成功,priority_success,下个交易日主盯 后续最高表现达到 48.17%，保留这类命中特征。,45,603738,泰晶科技,强推观察,下个交易日主盯,81.5,2026-04-29,0,common_index_cache,32,48.17,1.21,-3.77,2.46,-3.77,7.33,29.86,6.05,28.31,29.86,post_close,2026-04-29 15:00:00,人气Top50；当日涨停附近；收在日内高位；温和放量；近5日趋势升温；人气排名明显上升；v2强势延续修正；v2低分涨停修正,偏离20日线较大,v2
2026-04-29,2026-04-22,次日已审,快策略候选,优先成功,priority_success,下个交易日主盯 后续最高表现达到 35.49%，保留这类命中特征。,9,600186,莲花控股,重点观察,下个交易日主盯,78.05,2026-04-29,0,common_index_cache,32,35.49,4.71,-0.92,6.75,-0.92,2.87,-4.81,-1.77,-9.09,6.75,post_close,2026-04-29 15:00:00,人气Top10；当日涨停附近；收在日内高位；近5日强势延续；持续霸榜；人气排名明显上升；v2强势延续修正；v2低分涨停修正,短线涨幅偏高；偏离20日线较大；热度可能进入后段,v2
2026-04-29,2026-04-22,次日已审,快策略候选,优先成功,priority_success,下个交易日主盯 后续最高表现达到 155.97%，保留这类命中特征。,15,301217,铜冠铜箔,普通观察,下个交易日主盯,76.15,2026-04-29,0,common_index_cache,32,155.97,1.89,10.37,16.22,10.37,22.29,22.71,20.02,20.44,30.32,post_close,2026-04-29 15:00:00,人气Top20；当日涨停附近；收在日内高位；温和放量；近5日强势延续；首次上榜即强势,短线涨幅偏高；远离20日线过多,v2
2026-04-29,2026-04-22,次日已审,快策略候选,优先成功,priority_success,下个交易日主盯 后续最高表现达到 32.21%，保留这类命中特征。,12,603629,利通电子,不推送,下个交易日主盯,75.2,2026-04-29,0,common_index_cache,32,25.7,8.4,9.99,10.0,9.99,20.56,24.02,11.21,14.4,32.21,post_close,2026-04-29 15:00:00,人气Top20；当日涨停附近；收在日内高位；近5日趋势升温；持续霸榜；v2低分涨停修正,量能不足；远离20日线过多；热度可能进入后段,v2
2026-04-29,2026-04-22,次日已审,快策略候选,优先成功,priority_success,下个交易日主盯 后续最高表现达到 37.99%，保留这类命中特征。,44,301308,江波龙,重点观察,下个交易日主盯,74.9,2026-04-29,0,common_index_cache,32,37.99,-1.28,-3.42,-0.31,-3.42,16.42,34.12,17.93,35.86,36.12,post_close,2026-04-29 15:00:00,人气Top50；当日强涨；收在日内高位；温和放量；近5日趋势升温；站上20日线且不过热；连续上榜确认,-,v2
2026-04-29,2026-04-22,次日已审,快策略候选,优先成功,priority_success,下个交易日主盯 后续最高表现达到 26.31%，保留这类命中特征。,65,600736,苏州高新,普通观察,下个交易日主盯,74.8,2026-04-29,0,common_index_cache,32,-9.88,-2.98,-2.98,2.98,-2.98,14.88,17.98,18.4,21.6,26.31,post_close,2026-04-29 15:00:00,当日强涨；收盘承接较强；温和放量；近5日趋势升温；站上20日线且不过热；持续霸榜,热度可能进入后段,v2
2026-04-29,2026-04-22,次日已审,快策略候选,优先成功,priority_success,下个交易日主盯 后续最高表现达到 15.82%，保留这类命中特征。,52,002192,融捷股份,重点观察,下个交易日主盯,70.9,2026-04-29,0,common_index_cache,32,-10.19,4.59,10.0,10.0,10.0,5.85,2.8,1.2,-1.71,15.82,post_close,2026-04-29 15:00:00,当日涨停附近；收在日内高位；温和放量；近5日趋势升温；站上20日线且不过热；人气排名明显上升；v2低分涨停修正,-,v2
2026-04-29,2026-04-22,次日已审,快策略候选,优先成功,priority_success,下个交易日主盯 后续最高表现达到 37.46%，保留这类命中特征。,77,000066,中国长城,不推送,下个交易日主盯,67.3,2026-04-29,0,common_index_cache,32,-1.17,5.44,9.99,9.99,9.99,33.07,29.86,26.21,23.16,37.46,post_close,2026-04-29 15:00:00,收在日内高位；温和放量；近5日趋势升温；站上20日线且不过热；连续上榜确认,人气排名明显回落,v2
2026-04-29,2026-04-22,次日已审,快策略候选,优先成功,priority_success,下个交易日主盯 后续最高表现达到 28.53%，保留这类命中特征。,28,001896,豫能控股,普通观察,下个交易日主盯,65.0,2026-04-29,0,common_index_cache,32,28.53,-4.31,-9.98,-3.72,-9.98,-1.0,-0.71,3.46,3.77,3.72,post_close,2026-04-29 15:00:00,人气Top50；当日强涨；收盘承接较强；温和放量；站上20日线且不过热；持续霸榜；人气排名明显上升,近5日趋势未确认；热度可能进入后段,v2
2026-04-29,2026-04-22,次日已审,快策略候选,优先成功,priority_success,下个交易日主盯 后续最高表现达到 89.72%，保留这类命中特征。,2,603986,兆易创新,普通观察,下个交易日主盯,62.9,2026-04-29,0,common_index_cache,32,89.72,3.35,1.08,3.68,1.08,13.12,16.99,9.45,13.2,18.73,post_close,2026-04-29 15:00:00,人气Top3；收盘承接较强；温和放量；站上20日线且不过热；人气排名明显上升,近5日趋势未确认,v2
2026-04-29,2026-04-22,次日已审,快策略候选,优先成功,priority_success,下个交易日主盯 后续最高表现达到 22.48%，保留这类命中特征。,42,002217,合力泰,不推送,下个交易日主盯,61.4,2026-04-29,0,common_index_cache,32,-13.36,-1.63,-5.86,-0.65,-5.86,14.01,16.29,15.89,18.21,22.48,post_close,2026-04-29 15:00:00,人气Top50；当日上涨；收盘承接较强；温和放量；站上20日线且不过热；连续上榜确认,人气排名明显回落,v2
2026-04-29,2026-04-22,次日已审,快策略候选,优先走弱,priority_failed,下个交易日主盯 未兑现，复盘风险项：-,5,002709,天赐材料,强推观察,下个交易日主盯,106.0,2026-04-29,0,common_index_cache,32,-10.91,0.46,2.01,2.83,2.01,5.87,0.4,5.39,-0.05,9.54,post_close,2026-04-29 15:00:00,人气Top10；当日涨停附近；收在日内高位；温和放量；近5日趋势升温；站上20日线且不过热；连续上榜确认；v2强势延续修正；v2低分涨停修正,-,v2
2026-04-29,2026-04-22,次日已审,快策略候选,优先走弱,priority_failed,下个交易日主盯 未兑现，复盘风险项：短线涨幅偏高；偏离20日线较大,4,002176,江特电机,强推观察,下个交易日主盯,104.65,2026-04-29,0,common_index_cache,32,-28.59,1.12,-0.25,5.47,-0.25,-3.54,-4.85,-4.61,-5.9,5.47,post_close,2026-04-29 15:00:00,人气Top10；当日涨停附近；收在日内高位；温和放量；近5日强势延续；连续上榜确认；人气排名明显上升；v2低分涨停修正,短线涨幅偏高；偏离20日线较大,v2
2026-04-29,2026-04-22,次日已审,快策略候选,优先走弱,priority_failed,下个交易日主盯 未兑现，复盘风险项：-,48,000973,佛塑科技,强推观察,下个交易日主盯,94.0,2026-04-29,0,common_index_cache,32,-25.65,3.76,-1.46,4.46,-1.46,-1.93,-4.27,-5.48,-7.74,4.46,post_close,2026-04-29 15:00:00,人气Top50；当日涨停附近；收在日内高位；温和放量；近5日趋势升温；站上20日线且不过热；人气排名明显上升；v2强势延续修正；v2低分涨停修正,-,v2
2026-04-29,2026-04-22,次日已审,快策略候选,优先走弱,priority_failed,下个交易日主盯 未兑现，复盘风险项：-,6,600111,北方稀土,强推观察,下个交易日主盯,85.5,2026-04-29,0,common_index_cache,32,-1.24,1.83,4.1,4.71,4.1,8.3,13.29,6.36,11.26,13.5,post_close,2026-04-29 15:00:00,人气Top10；当日涨停附近；收在日内高位；放量仍可控；站上20日线且不过热；连续上榜确认；人气排名明显上升,-,v2
2026-04-29,2026-04-22,次日已审,快策略候选,优先走弱,priority_failed,下个交易日主盯 未兑现，复盘风险项：热度可能进入后段,18,603778,国晟科技,普通观察,下个交易日主盯,78.8,2026-04-29,0,common_index_cache,32,-39.2,-2.81,-2.81,-0.26,-2.81,-5.33,-11.25,-2.59,-8.68,7.64,post_close,2026-04-29 15:00:00,人气Top20；当日强涨；收盘承接较强；温和放量；持续霸榜；人气排名明显上升,热度可能进入后段,v2
2026-04-29,2026-04-22,次日已审,快策略候选,优先走弱,priority_failed,下个交易日主盯 未兑现，复盘风险项：短线涨幅偏高；偏离20日线较大；热度可能进入后段,21,603538,美诺华,普通观察,下个交易日主盯,75.25,2026-04-29,0,common_index_cache,32,-42.11,-3.54,-4.35,-2.83,-4.35,-5.59,-12.21,-2.13,-8.99,7.79,post_close,2026-04-29 15:00:00,人气Top50；当日强涨；收在日内高位；温和放量；近5日强势延续；持续霸榜；人气排名明显上升,短线涨幅偏高；偏离20日线较大；热度可能进入后段,v2
2026-04-29,2026-04-22,次日已审,快策略候选,优先走弱,priority_failed,下个交易日主盯 未兑现，复盘风险项：短线涨幅偏高,84,002210,飞马国际,普通观察,下个交易日主盯,70.85,2026-04-29,0,common_index_cache,32,-26.89,1.51,-9.97,1.51,-9.97,-0.6,-3.93,-2.08,-5.36,3.63,post_close,2026-04-29 15:00:00,当日涨停附近；收在日内高位；放量仍可控；近5日强势延续；站上20日线且不过热；连续上榜确认；v2低分涨停修正,短线涨幅偏高,v2
2026-04-29,2026-04-22,次日已审,快策略候选,优先走弱,priority_failed,下个交易日主盯 未兑现，复盘风险项：-,37,600884,杉杉股份,重点观察,下个交易日主盯,69.1,2026-04-29,0,common_index_cache,32,-15.98,1.66,-1.48,3.73,-1.48,0.53,-2.25,-1.11,-3.84,6.92,post_close,2026-04-29 15:00:00,人气Top50；当日强涨；收在日内高位；温和放量；近5日趋势升温；站上20日线且不过热；人气排名明显上升,-,v2
2026-04-29,2026-04-22,次日已审,快策略候选,优先走弱,priority_failed,下个交易日主盯 未兑现，复盘风险项：人气排名明显回落,93,603026,石大胜华,普通观察,下个交易日主盯,67.3,2026-04-29,0,common_index_cache,32,-19.09,0.6,-3.66,2.41,-3.66,-8.98,-12.27,-9.52,-12.79,2.41,post_close,2026-04-29 15:00:00,当日涨停附近；收在日内高位；温和放量；近5日趋势升温；站上20日线且不过热；v2低分涨停修正,人气排名明显回落,v2
2026-04-29,2026-04-22,次日已审,快策略候选,优先走弱,priority_failed,下个交易日主盯 未兑现，复盘风险项：-,3,600887,伊利股份,重点观察,下个交易日主盯,66.9,2026-04-29,0,common_index_cache,32,-7.15,0.11,-0.04,1.96,-0.04,0.23,2.22,0.11,2.11,2.75,post_close,2026-04-29 15:00:00,人气Top3；当日上涨；收在日内高位；放量仍可控；近5日趋势升温；站上20日线且不过热,-,v2
2026-04-29,2026-04-22,次日已审,快策略候选,优先走弱,priority_failed,下个交易日主盯 未兑现，复盘风险项：短线涨幅偏高；偏离20日线较大,30,300390,天华新能,普通观察,下个交易日主盯,66.85,2026-04-29,0,common_index_cache,32,-16.97,-1.07,0.0,1.83,0.0,0.52,-4.52,1.61,-3.49,7.75,post_close,2026-04-29 15:00:00,人气Top50；当日涨停附近；收在日内高位；温和放量；近5日强势延续；人气排名明显上升；v2低分涨停修正,短线涨幅偏高；偏离20日线较大,v2
2026-04-29,2026-04-22,次日已审,快策略候选,优先走弱,priority_failed,下个交易日主盯 未兑现，复盘风险项：偏离20日线较大,70,600338,西藏珠峰,普通观察,下个交易日主盯,66.4,2026-04-29,0,common_index_cache,32,-35.13,1.16,-0.11,2.43,-0.11,-7.21,-12.57,-8.27,-13.57,2.43,post_close,2026-04-29 15:00:00,当日涨停附近；收在日内高位；温和放量；近5日趋势升温；人气排名明显上升；v2低分涨停修正,偏离20日线较大,v2
2026-04-29,2026-04-22,次日已审,快策略候选,优先走弱,priority_failed,下个交易日主盯 未兑现，复盘风险项：-,22,000890,法尔胜,普通观察,下个交易日主盯,66.4,2026-04-29,0,common_index_cache,32,-46.98,-4.07,-8.95,-3.9,-8.95,-12.03,-22.44,-8.3,-19.15,-1.16,post_close,2026-04-29 15:00:00,人气Top50；当日强涨；收盘承接较强；温和放量；近5日趋势升温；站上20日线且不过热；人气排名明显上升,-,v2
2026-04-29,2026-04-22,次日已审,快策略候选,优先走弱,priority_failed,下个交易日主盯 未兑现，复盘风险项：偏离20日线较大,57,300438,鹏辉能源,普通观察,下个交易日主盯,61.9,2026-04-29,0,common_index_cache,32,-2.73,2.4,6.22,7.09,6.22,10.3,9.0,7.72,6.45,13.36,post_close,2026-04-29 15:00:00,当日涨停附近；收在日内高位；放量仍可控；近5日趋势升温；v2低分涨停修正,偏离20日线较大,v2
2026-04-29,2026-04-22,次日已审,快策略候选,优先走弱,priority_failed,下个交易日主盯 未兑现，复盘风险项：偏离20日线较大,33,603906,龙蟠科技,重点观察,下个交易日主盯,60.2,2026-04-29,0,common_index_cache,32,-24.31,1.55,0.55,4.64,0.55,-4.21,-8.76,-5.67,-10.15,4.64,post_close,2026-04-29 15:00:00,人气Top50；当日涨停附近；收在日内高位；近5日趋势升温；人气排名明显上升；v2强势延续修正；v2低分涨停修正,偏离20日线较大,v2
2026-04-29,2026-04-22,次日已审,快策略候选,暂未强势,neutral,继续等待更多交易日或降低权重。,39,002407,多氟多,普通观察,下个交易日主盯,78.4,2026-04-29,0,common_index_cache,32,7.25,-0.45,0.7,1.76,0.7,4.13,-1.62,4.59,-1.18,8.2,post_close,2026-04-29 15:00:00,人气Top50；当日上涨；收盘承接较强；温和放量；近5日趋势升温；站上20日线且不过热；连续上榜确认；人气排名明显上升,-,v2
2026-04-29,2026-04-22,次日已审,快策略候选,暂未强势,neutral,继续等待更多交易日或降低权重。,83,300274,阳光电源,不推送,下个交易日主盯,62.3,2026-04-29,0,common_index_cache,32,8.02,-0.21,-0.98,1.05,-0.98,0.54,3.82,0.75,4.04,5.82,post_close,2026-04-29 15:00:00,当日上涨；收在日内高位；温和放量；站上20日线且不过热；连续上榜确认,-,v2
2026-04-29,,次日已审,低层级强势反哺,普通/不推送走强,low_level_winner,不推送 后来走强，原因反哺：当日涨停附近、收在日内高位、温和放量,78,603773,沃格光电,不推送,未入快策略,,2026-04-29,0,common_index_cache,32,138.21,3.0,-0.56,4.32,-0.56,-1.63,14.75,-4.5,11.42,14.75,post_close,2026-04-29 15:00:00,当日涨停附近；收在日内高位；温和放量；近5日趋势升温,偏离20日线较大；人气排名明显回落,v2
2026-04-29,,次日已审,低层级强势反哺,普通/不推送走强,low_level_winner,不推送 后来走强，原因反哺：人气Top20、持续霸榜、温和放量,11,600396,华电辽能,不推送,未入快策略,,2026-04-29,0,common_index_cache,32,70.66,-0.86,-4.89,4.12,-4.89,15.05,31.16,16.05,32.3,31.16,post_close,2026-04-29 15:00:00,人气Top20；温和放量；近5日趋势升温；站上20日线且不过热；持续霸榜,当日转弱；收盘承接偏弱；热度可能进入后段,v2
2026-04-29,,次日已审,低层级强势反哺,普通/不推送走强,low_level_winner,不推送 后来走强，原因反哺：人气Top50、人气排名明显上升、持续霸榜,25,600487,亨通光电,不推送,未入快策略,,2026-04-29,0,common_index_cache,32,64.74,0.47,-2.49,0.92,-2.49,12.73,11.29,12.2,10.77,18.58,post_close,2026-04-29 15:00:00,人气Top50；站上20日线且不过热；持续霸榜；人气排名明显上升,当日转弱；热度可能进入后段,v2
2026-04-29,,次日已审,低层级强势反哺,普通/不推送走强,low_level_winner,不推送 后来走强，原因反哺：人气排名明显上升、持续霸榜、收盘承接较强,67,600522,中天科技,不推送,未入快策略,,2026-04-29,0,common_index_cache,32,60.18,0.06,-3.38,0.2,-3.38,11.96,27.95,11.9,27.87,31.24,post_close,2026-04-29 15:00:00,收盘承接较强；站上20日线且不过热；持续霸榜；人气排名明显上升,当日转弱；近5日趋势未确认；热度可能进入后段,v2
2026-04-29,,次日已审,低层级强势反哺,普通/不推送走强,low_level_winner,不推送 后来走强，原因反哺：当日涨停附近、收在日内高位、温和放量,72,000657,中钨高新,不推送,未入快策略,,2026-04-29,0,common_index_cache,32,56.22,1.2,1.54,4.52,1.54,10.26,5.81,8.95,4.55,12.21,post_close,2026-04-29 15:00:00,当日涨停附近；收在日内高位；温和放量；站上20日线且不过热,近5日趋势未确认,v2
2026-04-29,,次日已审,低层级强势反哺,普通/不推送走强,low_level_winner,不推送 后来走强，原因反哺：站上20日线且不过热,74,600498,烽火通信,不推送,未入快策略,,2026-04-29,0,common_index_cache,32,48.89,-4.47,-9.36,-2.97,-9.36,0.62,13.81,5.33,19.13,16.5,post_close,2026-04-29 15:00:00,站上20日线且不过热,当日转弱；收盘承接偏弱；近5日趋势未确认,v2
2026-04-29,,次日已审,低层级强势反哺,普通/不推送走强,low_level_winner,不推送 后来走强，原因反哺：温和放量、站上20日线且不过热,60,600460,士兰微,不推送,未入快策略,,2026-04-29,0,common_index_cache,32,46.66,3.02,3.81,4.78,3.81,6.5,9.45,3.38,6.24,10.31,post_close,2026-04-29 15:00:00,温和放量；站上20日线且不过热,当日转弱,v2
2026-04-29,,次日已审,低层级强势反哺,普通/不推送走强,low_level_winner,不推送 后来走强，原因反哺：当日涨停附近、收在日内高位、站上20日线且不过热,54,002645,华宏科技,不推送,未入快策略,,2026-04-29,0,common_index_cache,32,46.05,-11.87,-8.71,-8.71,-8.71,-4.52,6.66,8.33,21.02,6.79,post_close,2026-04-29 15:00:00,当日涨停附近；收在日内高位；站上20日线且不过热,-,v2
2026-04-29,,次日已审,低层级强势反哺,普通/不推送走强,low_level_winner,不推送 后来走强，原因反哺：站上20日线且不过热,81,920186,中科仪,不推送,未入快策略,,2026-04-29,0,common_index_cache,15,40.32,-3.03,6.14,9.29,6.14,19.82,52.81,23.57,57.58,52.82,post_close,2026-04-29 15:00:00,站上20日线且不过热,-,v2
2026-04-29,,次日已审,低层级强势反哺,普通/不推送走强,low_level_winner,不推送 后来走强，原因反哺：持续霸榜、温和放量、站上20日线且不过热,98,002384,东山精密,不推送,未入快策略,,2026-04-29,0,common_index_cache,32,39.44,3.0,1.35,4.18,1.35,14.56,18.48,11.22,15.03,20.81,post_close,2026-04-29 15:00:00,温和放量；站上20日线且不过热；持续霸榜,近5日趋势未确认；热度可能进入后段；人气排名明显回落,v2
2026-04-29,,次日已审,低层级强势反哺,普通/不推送走强,low_level_winner,不推送 后来走强，原因反哺：人气Top50、收盘承接较强、温和放量,47,002156,通富微电,不推送,未入快策略,,2026-04-29,0,common_index_cache,32,35.8,2.83,4.42,6.69,4.42,19.19,23.52,15.91,20.12,25.56,post_close,2026-04-29 15:00:00,人气Top50；收盘承接较强；温和放量；站上20日线且不过热,当日转弱；人气排名明显回落,v2
2026-04-29,,次日已审,低层级强势反哺,普通/不推送走强,low_level_winner,不推送 后来走强，原因反哺：人气Top50、人气排名明显上升、当日上涨,35,001309,德明利,不推送,未入快策略,,2026-04-29,0,common_index_cache,32,35.7,-1.0,0.36,2.31,0.36,17.9,22.24,19.08,23.47,23.34,post_close,2026-04-29 15:00:00,人气Top50；当日上涨；收在日内高位；温和放量；站上20日线且不过热；人气排名明显上升,近5日趋势未确认,v2
2026-04-29,,次日已审,低层级强势反哺,普通/不推送走强,low_level_winner,不推送 后来走强，原因反哺：v2低分涨停修正、当日涨停附近、收在日内高位,91,002655,共达电声,不推送,未入快策略,,2026-04-29,0,common_index_cache,32,26.19,-0.07,2.57,4.76,2.57,16.55,18.37,16.62,18.45,33.81,post_close,2026-04-29 15:00:00,当日涨停附近；收在日内高位；放量仍可控；近5日强势延续；v2低分涨停修正,短线涨幅偏高；偏离20日线较大,v2
2026-04-29,,次日已审,低层级强势反哺,普通/不推送走强,low_level_winner,不推送 后来走强，原因反哺：人气Top3、人气排名明显上升、站上20日线且不过热,1,601869,长飞光纤,不推送,未入快策略,,2026-04-29,0,common_index_cache,32,24.28,-3.08,-4.49,-1.49,-4.49,5.04,8.04,8.38,11.48,9.31,post_close,2026-04-29 15:00:00,人气Top3；站上20日线且不过热；人气排名明显上升,当日转弱；近5日趋势未确认,v2
2026-04-29,,次日已审,低层级强势反哺,普通/不推送走强,low_level_winner,不推送 后来走强，原因反哺：人气Top50、持续霸榜、温和放量,29,600726,华电能源,不推送,未入快策略,,2026-04-29,0,common_index_cache,32,16.9,-0.28,-7.18,0.99,-7.18,7.18,9.86,7.49,10.17,15.63,post_close,2026-04-29 15:00:00,人气Top50；温和放量；持续霸榜,短线涨幅过热；偏离20日线较大；热度可能进入后段；人气排名明显回落；上影线偏长,v2
2026-04-29,,次日已审,低层级强势反哺,普通/不推送走强,low_level_winner,不推送 后来走强，原因反哺：收盘承接较强、站上20日线且不过热、近5日趋势升温,96,000338,潍柴动力,不推送,未入快策略,,2026-04-29,0,common_index_cache,15,16.42,2.49,3.48,8.33,3.48,16.09,11.21,13.27,8.51,18.91,post_close,2026-04-29 15:00:00,收盘承接较强；近5日趋势升温；站上20日线且不过热,-,v2
2026-04-29,,次日已审,低层级强势反哺,普通/不推送走强,low_level_winner,不推送 后来走强，原因反哺：v2低分涨停修正、当日涨停附近、收在日内高位,62,300769,德方纳米,不推送,未入快策略,,2026-04-29,0,common_index_cache,15,9.53,9.76,12.92,17.67,12.92,26.73,26.0,15.46,14.8,38.58,post_close,2026-04-29 15:00:00,当日涨停附近；收在日内高位；放量仍可控；近5日强势延续；v2低分涨停修正,短线涨幅偏高；偏离20日线较大,v2
2026-04-29,,次日已审,低层级强势反哺,普通/不推送走强,low_level_winner,不推送 后来走强，原因反哺：收盘承接较强,90,601868,中国能建,不推送,未入快策略,,2026-04-29,0,common_index_cache,32,1.4,-0.7,-0.7,-0.35,-0.7,9.47,14.04,10.25,14.84,19.65,post_close,2026-04-29 15:00:00,收盘承接较强,近5日趋势未确认,v2
2026-04-29,,次日已审,低层级强势反哺,普通/不推送走强,low_level_winner,不推送 后来走强，原因反哺：人气排名明显上升、收盘承接较强、站上20日线且不过热,71,002050,三花智控,不推送,未入快策略,,2026-04-29,0,common_index_cache,32,-0.49,-0.29,4.69,5.69,4.69,12.27,14.26,12.6,14.59,20.21,post_close,2026-04-29 15:00:00,收盘承接较强；站上20日线且不过热；人气排名明显上升,近5日趋势未确认,v2
2026-04-29,,次日已审,低层级强势反哺,普通/不推送走强,low_level_winner,不推送 后来走强，原因反哺：当日强涨、收盘承接较强、温和放量,56,002240,盛新锂能,不推送,未入快策略,,2026-04-29,0,common_index_cache,32,-11.59,1.15,9.99,9.99,9.99,9.1,5.82,7.85,4.61,15.56,post_close,2026-04-29 15:00:00,当日强涨；收盘承接较强；温和放量；近5日趋势升温；站上20日线且不过热,人气排名明显回落,v2
2026-04-29,,次日已审,低层级强势反哺,普通/不推送走强,low_level_winner,不推送 后来走强，原因反哺：人气Top50、人气排名明显上升、持续霸榜,41,601016,节能风电,不推送,未入快策略,,2026-04-29,0,common_index_cache,32,-12.5,-1.32,-6.58,-0.44,-6.58,9.43,12.28,10.89,13.78,15.35,post_close,2026-04-29 15:00:00,人气Top50；近5日趋势升温；站上20日线且不过热；持续霸榜；人气排名明显上升,当日转弱；收盘承接偏弱；热度可能进入后段,v2
2026-04-29,,次日已审,低层级强势反哺,普通/不推送走强,low_level_winner,不推送 后来走强，原因反哺：当日涨停附近、收在日内高位、近5日趋势升温,92,600156,华升股份,不推送,未入快策略,,2026-04-29,0,common_index_cache,32,-17.91,5.73,-3.4,9.94,-3.4,5.19,8.24,-0.51,2.37,17.46,post_close,2026-04-29 15:00:00,当日涨停附近；收在日内高位；近5日趋势升温,量能不足；偏离20日线较大；人气排名明显回落,v2
2026-04-29,,次日已审,低层级强势反哺,普通/不推送走强,low_level_winner,不推送 后来走强，原因反哺：v2低分涨停修正、当日涨停附近、收在日内高位,89,600379,宝光股份,不推送,未入快策略,,2026-04-29,0,common_index_cache,32,-19.41,8.2,10.03,10.03,10.03,16.85,20.66,8.0,11.52,32.98,post_close,2026-04-29 15:00:00,当日涨停附近；收在日内高位；近5日强势延续；站上20日线且不过热；v2低分涨停修正,短线涨幅偏高,v2
2026-04-29,,次日已审,低层级强势反哺,普通/不推送走强,low_level_winner,不推送 后来走强，原因反哺：持续霸榜、站上20日线且不过热,51,002361,神剑股份,不推送,未入快策略,,2026-04-29,0,common_index_cache,32,-22.09,1.8,2.49,3.84,2.49,7.73,10.97,5.83,9.02,17.46,post_close,2026-04-29 15:00:00,站上20日线且不过热；持续霸榜,收盘承接偏弱；近5日趋势未确认；热度可能进入后段；人气排名明显回落；上影线偏长,v2
2026-04-29,,次日已审,低层级强势反哺,普通/不推送走强,low_level_winner,不推送 后来走强，原因反哺：人气Top50、人气排名明显上升、当日上涨,34,002181,粤传媒,不推送,未入快策略,,2026-04-29,0,common_index_cache,32,-23.95,1.4,10.01,10.01,10.01,24.88,27.15,23.16,25.39,31.89,post_close,2026-04-29 15:00:00,人气Top50；当日上涨；温和放量；近5日趋势升温；站上20日线且不过热；人气排名明显上升,-,v2
2026-04-29,,次日已审,低层级强势反哺,普通/不推送走强,low_level_winner,不推送 后来走强，原因反哺：人气Top50、持续霸榜、温和放量,24,002580,圣阳股份,不推送,未入快策略,,2026-04-29,0,common_index_cache,32,-25.52,-0.35,-3.92,2.03,-3.92,4.44,19.69,4.81,20.11,26.4,post_close,2026-04-29 15:00:00,人气Top50；温和放量；近5日趋势升温；站上20日线且不过热；持续霸榜,当日转弱；收盘承接偏弱；热度可能进入后段,v2
2026-04-29,,次日已审,低层级强势反哺,普通/不推送走强,low_level_winner,不推送 后来走强，原因反哺：持续霸榜、温和放量、站上20日线且不过热,95,002342,巨力索具,不推送,未入快策略,,2026-04-29,0,common_index_cache,32,-45.71,0.11,4.76,7.35,4.76,16.98,17.25,16.86,17.12,26.93,post_close,2026-04-29 15:00:00,温和放量；站上20日线且不过热；持续霸榜,近5日趋势未确认；热度可能进入后段,v2
2026-04-29,,次日已审,低层级强势反哺,普通/不推送走强,low_level_winner,普通观察 后来走强，原因反哺：人气Top20、当日涨停附近、收在日内高位,15,301217,铜冠铜箔,普通观察,已入快策略,,2026-04-29,0,common_index_cache,32,155.97,1.89,10.37,16.22,10.37,22.29,22.71,20.02,20.44,30.32,post_close,2026-04-29 15:00:00,人气Top20；当日涨停附近；收在日内高位；温和放量；近5日强势延续；首次上榜即强势,短线涨幅偏高；远离20日线过多,v2
2026-04-29,,次日已审,低层级强势反哺,普通/不推送走强,low_level_winner,普通观察 后来走强，原因反哺：人气Top3、人气排名明显上升、收盘承接较强,2,603986,兆易创新,普通观察,已入快策略,,2026-04-29,0,common_index_cache,32,89.72,3.35,1.08,3.68,1.08,13.12,16.99,9.45,13.2,18.73,post_close,2026-04-29 15:00:00,人气Top3；收盘承接较强；温和放量；站上20日线且不过热；人气排名明显上升,近5日趋势未确认,v2
2026-04-29,,次日已审,低层级强势反哺,普通/不推送走强,low_level_winner,普通观察 后来走强，原因反哺：人气Top50、人气排名明显上升、当日强涨,28,001896,豫能控股,普通观察,已入快策略,,2026-04-29,0,common_index_cache,32,28.53,-4.31,-9.98,-3.72,-9.98,-1.0,-0.71,3.46,3.77,3.72,post_close,2026-04-29 15:00:00,人气Top50；当日强涨；收盘承接较强；温和放量；站上20日线且不过热；持续霸榜；人气排名明显上升,近5日趋势未确认；热度可能进入后段,v2
2026-04-29,,次日已审,低层级强势反哺,普通/不推送走强,low_level_winner,不推送 后来走强，原因反哺：v2低分涨停修正、人气Top20、当日涨停附近,12,603629,利通电子,不推送,已入快策略,,2026-04-29,0,common_index_cache,32,25.7,8.4,9.99,10.0,9.99,20.56,24.02,11.21,14.4,32.21,post_close,2026-04-29 15:00:00,人气Top20；当日涨停附近；收在日内高位；近5日趋势升温；持续霸榜；v2低分涨停修正,量能不足；远离20日线过多；热度可能进入后段,v2
2026-04-29,,次日已审,低层级强势反哺,普通/不推送走强,low_level_winner,不推送 后来走强，原因反哺：收在日内高位、温和放量、站上20日线且不过热,77,000066,中国长城,不推送,已入快策略,,2026-04-29,0,common_index_cache,32,-1.17,5.44,9.99,9.99,9.99,33.07,29.86,26.21,23.16,37.46,post_close,2026-04-29 15:00:00,收在日内高位；温和放量；近5日趋势升温；站上20日线且不过热；连续上榜确认,人气排名明显回落,v2
2026-04-29,,次日已审,低层级强势反哺,普通/不推送走强,low_level_winner,普通观察 后来走强，原因反哺：当日强涨、持续霸榜、收盘承接较强,65,600736,苏州高新,普通观察,已入快策略,,2026-04-29,0,common_index_cache,32,-9.88,-2.98,-2.98,2.98,-2.98,14.88,17.98,18.4,21.6,26.31,post_close,2026-04-29 15:00:00,当日强涨；收盘承接较强；温和放量；近5日趋势升温；站上20日线且不过热；持续霸榜,热度可能进入后段,v2
2026-04-29,,次日已审,低层级强势反哺,普通/不推送走强,low_level_winner,不推送 后来走强，原因反哺：人气Top50、当日上涨、收盘承接较强,42,002217,合力泰,不推送,已入快策略,,2026-04-29,0,common_index_cache,32,-13.36,-1.63,-5.86,-0.65,-5.86,14.01,16.29,15.89,18.21,22.48,post_close,2026-04-29 15:00:00,人气Top50；当日上涨；收盘承接较强；温和放量；站上20日线且不过热；连续上榜确认,人气排名明显回落,v2
2026-04-28,2026-04-21,次日已审,快策略候选,优先成功,priority_success,下个交易日主盯 后续最高表现达到 19.96%，保留这类命中特征。,47,000889,中嘉博创,强推观察,下个交易日主盯,106.4,2026-04-28,0,common_index_cache,33,-25.66,-1.83,-2.04,1.43,-2.04,-1.02,10.18,0.83,12.24,19.96,post_close,2026-04-28 15:00:00,人气Top50；当日涨停附近；收在日内高位；温和放量；近5日趋势升温；站上20日线且不过热；连续上榜确认；人气排名明显上升,-,v2
2026-04-28,2026-04-21,次日已审,快策略候选,优先成功,priority_success,下个交易日主盯 后续最高表现达到 36.96%，保留这类命中特征。,8,000066,中国长城,强推观察,下个交易日主盯,105.5,2026-04-28,0,common_index_cache,33,-0.11,-2.8,1.07,1.23,1.07,22.27,29.5,25.79,33.24,36.96,post_close,2026-04-28 15:00:00,人气Top10；当日上涨；收盘承接较强；放量仍可控；近5日趋势升温；站上20日线且不过热；连续上榜确认；人气排名明显上升；v2连榜升温修正,-,v2
2026-04-28,2026-04-21,次日已审,快策略候选,优先成功,priority_success,下个交易日主盯 后续最高表现达到 44.76%，保留这类命中特征。,4,002081,金螳螂,强推观察,下个交易日主盯,98.0,2026-04-28,0,common_index_cache,33,-2.05,-4.11,7.39,7.39,7.39,30.6,36.96,36.19,42.83,44.76,post_close,2026-04-28 15:00:00,人气Top10；当日涨停附近；收在日内高位；温和放量；近5日趋势升温；站上20日线且不过热；持续霸榜；人气排名明显上升；v2强势延续修正,热度可能进入后段,v2
2026-04-28,2026-04-21,次日已审,快策略候选,优先成功,priority_success,下个交易日主盯 后续最高表现达到 20.99%，保留这类命中特征。,9,002297,博云新材,重点观察,下个交易日主盯,91.7,2026-04-28,0,common_index_cache,33,14.17,-5.89,2.79,7.88,2.79,6.33,13.86,12.99,20.99,15.15,post_close,2026-04-28 15:00:00,人气Top10；当日涨停附近；收在日内高位；温和放量；近5日趋势升温；持续霸榜；v2低分涨停修正,远离20日线过多；热度可能进入后段,v2
2026-04-28,2026-04-21,次日已审,快策略候选,优先成功,priority_success,下个交易日主盯 后续最高表现达到 15.99%，保留这类命中特征。,39,002176,江特电机,不推送,下个交易日主盯,76.1,2026-04-28,0,common_index_cache,33,-21.46,-5.88,9.98,9.98,9.98,7.31,3.55,14.02,10.02,15.99,post_close,2026-04-28 15:00:00,人气Top50；温和放量；近5日趋势升温；站上20日线且不过热；连续上榜确认；v2连榜升温修正,-,v2
2026-04-28,2026-04-21,次日已审,快策略候选,优先成功,priority_success,下个交易日主盯 后续最高表现达到 18.23%，保留这类命中特征。,5,600726,华电能源,重点观察,下个交易日主盯,74.1,2026-04-28,0,common_index_cache,33,18.23,-1.0,1.14,8.69,1.14,-1.42,6.98,-0.43,8.06,16.95,post_close,2026-04-28 15:00:00,人气Top10；当日涨停附近；收在日内高位；温和放量；连续上榜确认；人气排名明显上升,短线涨幅过热；偏离20日线较大,v2
2026-04-28,2026-04-21,次日已审,快策略候选,优先成功,priority_success,下个交易日主盯 后续最高表现达到 106.81%，保留这类命中特征。,19,002636,金安国纪,不推送,下个交易日主盯,69.2,2026-04-28,0,common_index_cache,33,106.81,-2.27,-2.29,4.02,-2.29,0.35,3.31,2.68,5.7,8.25,post_close,2026-04-28 15:00:00,人气Top20；当日上涨；温和放量；近5日趋势升温；站上20日线且不过热；人气排名明显上升,上影线偏长,v2
2026-04-28,2026-04-21,次日已审,快策略候选,优先成功,priority_success,下个交易日主盯 后续最高表现达到 20.52%，保留这类命中特征。,98,000967,盈峰环境,普通观察,下个交易日主盯,68.6,2026-04-28,0,common_index_cache,33,-27.72,-3.39,-0.49,4.44,-0.49,5.29,14.95,8.98,18.98,20.52,post_close,2026-04-28 15:00:00,当日涨停附近；收在日内高位；温和放量；近5日趋势升温；站上20日线且不过热,人气排名明显回落,v2
2026-04-28,2026-04-21,次日已审,快策略候选,优先成功,priority_success,下个交易日主盯 后续最高表现达到 16.56%，保留这类命中特征。,42,301396,宏景科技,普通观察,下个交易日主盯,65.9,2026-04-28,0,common_index_cache,33,-35.83,-37.11,-30.43,-29.04,-30.43,-27.95,-26.7,14.58,16.56,-20.83,post_close,2026-04-28 15:00:00,人气Top50；当日强涨；收盘承接较强；温和放量；近5日趋势升温；人气排名明显上升,偏离20日线较大,v2
2026-04-28,2026-04-21,次日已审,快策略候选,优先成功,priority_success,下个交易日主盯 后续最高表现达到 17.08%，保留这类命中特征。,50,603538,美诺华,普通观察,下个交易日主盯,65.0,2026-04-28,0,common_index_cache,33,-37.13,1.9,8.62,8.62,8.62,13.94,5.95,11.82,3.98,17.08,post_close,2026-04-28 15:00:00,人气Top50；当日上涨；收盘承接较强；温和放量；近5日趋势升温；站上20日线且不过热；持续霸榜,热度可能进入后段；人气排名明显回落,v2
2026-04-28,2026-04-21,次日已审,快策略候选,优先成功,priority_success,下个交易日主盯 后续最高表现达到 48.98%，保留这类命中特征。,33,600186,莲花控股,不推送,下个交易日主盯,64.1,2026-04-28,0,common_index_cache,33,48.98,0.1,9.96,9.96,9.96,15.85,6.71,15.74,6.6,17.38,post_close,2026-04-28 15:00:00,人气Top50；当日上涨；温和放量；近5日趋势升温；站上20日线且不过热；持续霸榜；人气排名明显上升,热度可能进入后段,v2
2026-04-28,2026-04-21,次日已审,快策略候选,优先成功,priority_success,下个交易日主盯 后续最高表现达到 64.81%，保留这类命中特征。,11,600396,华电辽能,不推送,下个交易日主盯,62.05,2026-04-28,0,common_index_cache,33,64.81,-6.48,-3.43,4.63,-3.43,1.02,15.19,8.02,23.17,22.22,post_close,2026-04-28 15:00:00,人气Top20；当日上涨；温和放量；近5日强势延续；持续霸榜；人气排名明显上升,短线涨幅偏高；偏离20日线较大；热度可能进入后段,v2
2026-04-28,2026-04-21,次日已审,快策略候选,优先成功,priority_success,下个交易日主盯 后续最高表现达到 54.96%，保留这类命中特征。,90,603399,永杉锂业,普通观察,下个交易日主盯,58.8,2026-04-28,0,common_index_cache,33,23.96,-0.69,9.98,9.98,9.98,33.06,49.66,33.98,50.69,54.96,post_close,2026-04-28 15:00:00,当日涨停附近；收在日内高位；近5日趋势升温；站上20日线且不过热；v2低分涨停修正,-,v2
2026-04-28,2026-04-21,次日已审,快策略候选,优先走弱,priority_failed,下个交易日主盯 未兑现，复盘风险项：偏离20日线较大,20,600152,维科技术,强推观察,下个交易日主盯,110.4,2026-04-28,0,common_index_cache,33,-29.45,-3.12,-7.58,-2.17,-7.58,-3.82,-1.78,-0.72,1.38,5.93,post_close,2026-04-28 15:00:00,人气Top20；当日涨停附近；收在日内高位；近5日趋势升温；连续上榜确认；人气排名明显上升；v2强势延续修正；v2低分涨停修正,偏离20日线较大,v2
2026-04-28,2026-04-21,次日已审,快策略候选,优先走弱,priority_failed,下个交易日主盯 未兑现，复盘风险项：-,13,603259,药明康德,强推观察,下个交易日主盯,110.0,2026-04-28,0,common_index_cache,33,-11.19,-1.04,-0.88,2.13,-0.88,-2.85,-4.84,-1.83,-3.84,2.13,post_close,2026-04-28 15:00:00,人气Top20；当日涨停附近；收在日内高位；温和放量；近5日趋势升温；站上20日线且不过热；人气排名明显上升；v2强势延续修正；v2低分涨停修正,-,v2
2026-04-28,2026-04-21,次日已审,快策略候选,优先走弱,priority_failed,下个交易日主盯 未兑现，复盘风险项：-,41,002175,东方智造,强推观察,下个交易日主盯,93.5,2026-04-28,0,common_index_cache,31,-24.91,-4.84,-4.84,-4.84,-4.84,-14.19,-10.38,-9.82,-5.82,-4.84,post_close,2026-04-28 15:00:00,人气Top50；当日涨停附近；收在日内高位；放量仍可控；近5日趋势升温；站上20日线且不过热；v2强势延续修正；v2低分涨停修正,-,v2
2026-04-28,2026-04-21,次日已审,快策略候选,优先走弱,priority_failed,下个交易日主盯 未兑现，复盘风险项：短线涨幅偏高；偏离20日线较大,24,600770,综艺股份,重点观察,下个交易日主盯,91.65,2026-04-28,0,common_index_cache,33,-21.41,-4.44,3.0,9.53,3.0,9.4,2.35,14.48,7.1,14.62,post_close,2026-04-28 15:00:00,人气Top50；当日涨停附近；收在日内高位；放量仍可控；近5日强势延续；连续上榜确认；人气排名明显上升；v2连榜升温修正,短线涨幅偏高；偏离20日线较大,v2
2026-04-28,2026-04-21,次日已审,快策略候选,优先走弱,priority_failed,下个交易日主盯 未兑现，复盘风险项：-,77,003026,中晶科技,重点观察,下个交易日主盯,88.1,2026-04-28,0,common_index_cache,33,-19.35,-29.77,-28.0,-24.36,-28.0,-20.58,-28.33,13.08,2.04,-17.89,post_close,2026-04-28 15:00:00,当日涨停附近；收在日内高位；温和放量；近5日趋势升温；站上20日线且不过热；v2低分涨停修正,-,v2
2026-04-28,2026-04-21,次日已审,快策略候选,优先走弱,priority_failed,下个交易日主盯 未兑现，复盘风险项：-,58,600227,赤天化,重点观察,下个交易日主盯,88.1,2026-04-28,0,common_index_cache,33,-33.58,0.49,3.95,7.41,3.95,0.0,-4.94,-0.49,-5.41,7.41,post_close,2026-04-28 15:00:00,当日涨停附近；收在日内高位；温和放量；近5日趋势升温；站上20日线且不过热；v2低分涨停修正,-,v2
2026-04-28,2026-04-21,次日已审,快策略候选,优先走弱,priority_failed,下个交易日主盯 未兑现，复盘风险项：短线涨幅过热；远离20日线过多,15,603318,水发燃气,不推送,下个交易日主盯,70.5,2026-04-28,0,common_index_cache,33,-28.16,-1.02,5.59,8.06,5.59,5.22,-14.01,6.3,-13.12,9.58,post_close,2026-04-28 15:00:00,人气Top20；当日涨停附近；收在日内高位；放量仍可控；连续上榜确认,短线涨幅过热；远离20日线过多,v2
2026-04-28,2026-04-21,次日已审,快策略候选,优先走弱,priority_failed,下个交易日主盯 未兑现，复盘风险项：-,22,600744,华银电力,普通观察,下个交易日主盯,70.4,2026-04-28,0,common_index_cache,33,-14.19,3.69,2.77,6.81,2.77,3.81,1.15,0.11,-2.45,7.84,post_close,2026-04-28 15:00:00,人气Top50；当日涨停附近；收在日内高位；温和放量；站上20日线且不过热；人气排名明显上升,-,v2
2026-04-28,2026-04-21,次日已审,快策略候选,优先走弱,priority_failed,下个交易日主盯 未兑现，复盘风险项：-,65,002210,飞马国际,普通观察,下个交易日主盯,66.8,2026-04-28,0,common_index_cache,33,-19.6,9.3,9.97,9.97,9.97,8.97,7.31,-0.3,-1.82,13.95,post_close,2026-04-28 15:00:00,当日涨停附近；收在日内高位；近5日趋势升温；站上20日线且不过热；v2低分涨停修正,-,v2
2026-04-28,2026-04-21,次日已审,快策略候选,优先走弱,priority_failed,下个交易日主盯 未兑现，复盘风险项：-,55,600150,中国船舶,普通观察,下个交易日主盯,65.0,2026-04-28,0,common_index_cache,33,-10.09,-0.77,-0.39,0.39,-0.39,-0.34,-0.41,0.44,0.37,5.08,post_close,2026-04-28 15:00:00,当日强涨；收盘承接较强；温和放量；近5日趋势升温；站上20日线且不过热,-,v2
2026-04-28,2026-04-21,次日已审,快策略候选,优先走弱,priority_failed,下个交易日主盯 未兑现，复盘风险项：人气排名明显回落,84,603985,恒润股份,不推送,下个交易日主盯,62.3,2026-04-28,0,common_index_cache,33,-8.25,-1.2,-2.22,7.23,-2.22,4.18,3.92,5.44,5.19,7.34,post_close,2026-04-28 15:00:00,当日上涨；收在日内高位；温和放量；近5日趋势升温；站上20日线且不过热,人气排名明显回落,v2
2026-04-28,2026-04-21,次日已审,快策略候选,优先走弱,priority_failed,下个交易日主盯 未兑现，复盘风险项：短线涨幅偏高；远离20日线过多,67,300540,蜀道装备,不推送,下个交易日主盯,60.95,2026-04-28,0,common_index_cache,33,-29.43,-1.44,-5.84,-0.44,-5.84,-9.16,-12.26,-7.84,-10.98,-0.14,post_close,2026-04-28 15:00:00,当日涨停附近；收在日内高位；温和放量；近5日强势延续；v2低分涨停修正,短线涨幅偏高；远离20日线过多,v2
2026-04-28,2026-04-21,次日已审,快策略候选,优先走弱,priority_failed,下个交易日主盯 未兑现，复盘风险项：短线涨幅偏高；偏离20日线较大,45,000593,德龙汇能,普通观察,下个交易日主盯,58.35,2026-04-28,0,common_index_cache,33,-1.14,1.77,4.99,9.59,4.99,6.13,3.34,4.29,1.54,10.02,post_close,2026-04-28 15:00:00,人气Top50；当日涨停附近；收在日内高位；温和放量；近5日强势延续,短线涨幅偏高；偏离20日线较大,v2
2026-04-28,2026-04-21,次日已审,快策略候选,优先走弱,priority_failed,下个交易日主盯 未兑现，复盘风险项：收盘承接偏弱；热度可能进入后段；上影线偏长,2,601778,晶科科技,不推送,下个交易日主盯,54.5,2026-04-28,0,common_index_cache,33,-29.49,-7.72,-2.25,0.84,-2.25,0.42,3.79,8.83,12.48,6.46,post_close,2026-04-28 15:00:00,人气Top3；温和放量；近5日趋势升温；站上20日线且不过热；持续霸榜,收盘承接偏弱；热度可能进入后段；上影线偏长,v2
2026-04-28,2026-04-21,次日已审,快策略候选,暂未强势,neutral,继续等待更多交易日或降低权重。,59,002902,铭普光磁,普通观察,下个交易日主盯,70.4,2026-04-28,0,common_index_cache,33,11.69,0.1,-1.53,2.76,-1.53,1.02,14.97,0.92,14.86,14.97,post_close,2026-04-28 15:00:00,当日涨停附近；收在日内高位；温和放量；近5日趋势升温；站上20日线且不过热,-,v2
2026-04-28,2026-04-21,次日已审,快策略候选,暂未强势,neutral,继续等待更多交易日或降低权重。,3,601138,工业富联,普通观察,下个交易日主盯,68.6,2026-04-28,0,common_index_cache,33,6.51,-0.63,-2.84,-0.63,-2.84,-7.51,-7.21,-6.92,-6.63,-0.63,post_close,2026-04-28 15:00:00,人气Top3；温和放量；近5日趋势升温；站上20日线且不过热；持续霸榜,热度可能进入后段,v2
2026-04-28,2026-04-21,次日已审,快策略候选,暂未强势,neutral,继续等待更多交易日或降低权重。,85,000539,粤电力A,不推送,下个交易日主盯,60.5,2026-04-28,0,common_index_cache,33,13.07,-3.03,-3.71,-0.14,-3.71,-3.3,-2.48,-0.28,0.57,2.34,post_close,2026-04-28 15:00:00,当日上涨；温和放量；近5日趋势升温；站上20日线且不过热；连续上榜确认,-,v2
2026-04-28,,次日已审,低层级强势反哺,普通/不推送走强,low_level_winner,不推送 后来走强，原因反哺：温和放量、站上20日线且不过热、近5日趋势升温,96,600183,生益科技,不推送,未入快策略,,2026-04-28,0,common_index_cache,33,135.12,-0.99,0.76,4.5,0.76,4.42,5.98,5.47,7.04,8.78,post_close,2026-04-28 15:00:00,温和放量；近5日趋势升温；站上20日线且不过热,当日转弱,v2
2026-04-28,,次日已审,低层级强势反哺,普通/不推送走强,low_level_winner,不推送 后来走强，原因反哺：人气排名明显上升、温和放量、站上20日线且不过热,72,600584,长电科技,不推送,未入快策略,,2026-04-28,0,common_index_cache,33,81.29,-2.0,-1.64,-1.04,-1.64,6.87,12.53,9.05,14.82,14.39,post_close,2026-04-28 15:00:00,温和放量；站上20日线且不过热；连续上榜确认；人气排名明显上升,当日转弱；收盘承接偏弱,v2
2026-04-28,,次日已审,低层级强势反哺,普通/不推送走强,low_level_winner,不推送 后来走强，原因反哺：人气Top50、站上20日线且不过热,35,002851,麦格米特,不推送,未入快策略,,2026-04-28,0,common_index_cache,33,70.22,4.66,10.0,10.0,10.0,14.49,16.75,9.39,11.55,18.53,post_close,2026-04-28 15:00:00,人气Top50；站上20日线且不过热,当日转弱；收盘承接偏弱；近5日趋势未确认,v2
2026-04-28,,次日已审,低层级强势反哺,普通/不推送走强,low_level_winner,不推送 后来走强，原因反哺：人气Top50、持续霸榜、站上20日线且不过热,38,600487,亨通光电,不推送,未入快策略,,2026-04-28,0,common_index_cache,33,62.54,-1.89,-1.33,-0.13,-1.33,5.14,13.15,7.16,15.33,16.4,post_close,2026-04-28 15:00:00,人气Top50；近5日趋势升温；站上20日线且不过热；持续霸榜,当日转弱；收盘承接偏弱；热度可能进入后段；人气排名明显回落,v2
2026-04-28,,次日已审,低层级强势反哺,普通/不推送走强,low_level_winner,不推送 后来走强，原因反哺：持续霸榜、温和放量、站上20日线且不过热,83,600522,中天科技,不推送,未入快策略,,2026-04-28,0,common_index_cache,33,56.89,-2.29,-2.06,-1.46,-2.06,-0.31,16.86,2.02,19.59,17.6,post_close,2026-04-28 15:00:00,温和放量；近5日趋势升温；站上20日线且不过热；持续霸榜,当日转弱；收盘承接偏弱；热度可能进入后段；人气排名明显回落,v2
2026-04-28,,次日已审,低层级强势反哺,普通/不推送走强,low_level_winner,不推送 后来走强，原因反哺：人气Top50、持续霸榜、温和放量,36,300308,中际旭创,不推送,未入快策略,,2026-04-28,0,common_index_cache,33,54.87,-1.06,2.55,4.61,2.55,3.88,7.52,5.0,8.68,9.1,post_close,2026-04-28 15:00:00,人气Top50；温和放量；站上20日线且不过热；持续霸榜,当日转弱；收盘承接偏弱；近5日趋势未确认；热度可能进入后段,v2
2026-04-28,,次日已审,低层级强势反哺,普通/不推送走强,low_level_winner,不推送 后来走强，原因反哺：人气Top50、温和放量、站上20日线且不过热,46,301308,江波龙,不推送,未入快策略,,2026-04-28,0,common_index_cache,33,49.77,-0.42,8.28,8.81,8.28,25.84,25.49,26.37,26.02,32.98,post_close,2026-04-28 15:00:00,人气Top50；温和放量；站上20日线且不过热；连续上榜确认,当日转弱；收盘承接偏弱,v2
2026-04-28,,次日已审,低层级强势反哺,普通/不推送走强,low_level_winner,不推送 后来走强，原因反哺：人气排名明显上升、持续霸榜、站上20日线且不过热,54,002463,沪电股份,不推送,未入快策略,,2026-04-28,0,common_index_cache,33,43.85,-1.35,-0.39,1.73,-0.39,2.37,6.7,3.77,8.17,9.31,post_close,2026-04-28 15:00:00,站上20日线且不过热；持续霸榜；人气排名明显上升,当日转弱；收盘承接偏弱；热度可能进入后段,v2
2026-04-28,,次日已审,低层级强势反哺,普通/不推送走强,low_level_winner,不推送 后来走强，原因反哺：持续霸榜、温和放量、站上20日线且不过热,62,600105,永鼎股份,不推送,未入快策略,,2026-04-28,0,common_index_cache,33,40.67,-0.54,-3.41,0.45,-3.41,-2.61,11.33,-2.08,11.93,12.55,post_close,2026-04-28 15:00:00,温和放量；近5日趋势升温；站上20日线且不过热；持续霸榜,当日转弱；收盘承接偏弱；热度可能进入后段,v2
2026-04-28,,次日已审,低层级强势反哺,普通/不推送走强,low_level_winner,不推送 后来走强，原因反哺：持续霸榜、站上20日线且不过热、近5日趋势升温,60,002384,东山精密,不推送,未入快策略,,2026-04-28,0,common_index_cache,33,39.71,-1.79,0.19,2.84,0.19,4.34,14.95,6.24,17.04,16.14,post_close,2026-04-28 15:00:00,近5日趋势升温；站上20日线且不过热；持续霸榜,当日转弱；收盘承接偏弱；热度可能进入后段,v2
2026-04-28,,次日已审,低层级强势反哺,普通/不推送走强,low_level_winner,不推送 后来走强，原因反哺：温和放量、站上20日线且不过热,92,300223,北京君正,不推送,未入快策略,,2026-04-28,0,common_index_cache,33,38.45,0.67,0.93,2.19,0.93,10.1,7.83,9.36,7.11,13.55,post_close,2026-04-28 15:00:00,温和放量；站上20日线且不过热,收盘承接偏弱；上影线偏长,v2
2026-04-28,,次日已审,低层级强势反哺,普通/不推送走强,low_level_winner,不推送 后来走强，原因反哺：持续霸榜、温和放量、站上20日线且不过热,95,001896,豫能控股,不推送,未入快策略,,2026-04-28,0,common_index_cache,33,38.33,-2.73,7.63,9.98,7.63,4.26,4.32,7.19,7.25,9.98,post_close,2026-04-28 15:00:00,温和放量；站上20日线且不过热；持续霸榜,当日转弱；收盘承接偏弱；近5日趋势未确认；热度可能进入后段；人气排名明显回落,v2
2026-04-28,,次日已审,低层级强势反哺,普通/不推送走强,low_level_winner,普通观察 后来走强，原因反哺：人气Top10、人气排名明显上升、当日涨停附近,10,603629,利通电子,普通观察,未入快策略,,2026-04-28,0,common_index_cache,33,38.27,9.75,10.0,10.0,10.0,33.1,40.42,21.27,27.94,45.44,post_close,2026-04-28 15:00:00,人气Top10；当日涨停附近；收在日内高位；近5日趋势升温；持续霸榜；人气排名明显上升,量能不足；偏离20日线较大；热度可能进入后段；一字或近似一字，参与点差,v2
2026-04-28,,次日已审,低层级强势反哺,普通/不推送走强,low_level_winner,不推送 后来走强，原因反哺：站上20日线且不过热,52,300757,罗博特科,不推送,未入快策略,,2026-04-28,0,common_index_cache,16,22.91,-4.55,-3.5,-1.67,-3.5,-5.04,2.6,-0.51,7.49,4.54,post_close,2026-04-28 15:00:00,站上20日线且不过热,当日转弱；收盘承接偏弱；近5日趋势未确认,v2
2026-04-28,,次日已审,低层级强势反哺,普通/不推送走强,low_level_winner,不推送 后来走强，原因反哺：持续霸榜、站上20日线且不过热,86,600703,三安光电,不推送,未入快策略,,2026-04-28,0,common_index_cache,33,22.66,-1.36,-0.36,2.0,-0.36,4.93,9.22,6.38,10.72,10.44,post_close,2026-04-28 15:00:00,站上20日线且不过热；持续霸榜,当日转弱；收盘承接偏弱；热度可能进入后段,v2
2026-04-28,,次日已审,低层级强势反哺,普通/不推送走强,low_level_winner,不推送 后来走强，原因反哺：温和放量,79,002617,露笑科技,不推送,未入快策略,,2026-04-28,0,common_index_cache,33,21.57,-1.33,1.86,2.8,1.86,6.52,6.66,7.96,8.1,8.12,post_close,2026-04-28 15:00:00,温和放量,当日转弱；收盘承接偏弱；近5日趋势未确认,v2
2026-04-28,,次日已审,低层级强势反哺,普通/不推送走强,low_level_winner,不推送 后来走强，原因反哺：人气Top3、人气排名明显上升、站上20日线且不过热,1,300476,胜宏科技,不推送,未入快策略,,2026-04-28,0,common_index_cache,33,15.54,-2.26,6.65,9.6,6.65,4.11,14.57,6.51,17.21,17.23,post_close,2026-04-28 15:00:00,人气Top3；站上20日线且不过热；人气排名明显上升,当日转弱；收盘承接偏弱；近5日趋势未确认,v2
2026-04-28,,次日已审,低层级强势反哺,普通/不推送走强,low_level_winner,不推送 后来走强，原因反哺：人气Top50、人气排名明显上升,29,600111,北方稀土,不推送,未入快策略,,2026-04-28,0,common_index_cache,33,8.64,2.55,10.0,10.0,10.0,19.58,17.92,16.61,14.99,21.65,post_close,2026-04-28 15:00:00,人气Top50；人气排名明显上升,当日转弱；收盘承接偏弱；近5日趋势未确认；仍在20日线下方,v2
2026-04-28,,次日已审,低层级强势反哺,普通/不推送走强,low_level_winner,不推送 后来走强，原因反哺：持续霸榜、温和放量、站上20日线且不过热,89,603601,再升科技,不推送,未入快策略,,2026-04-28,0,common_index_cache,33,3.34,-2.75,-0.46,3.21,-0.46,9.57,17.23,12.67,20.55,22.8,post_close,2026-04-28 15:00:00,温和放量；站上20日线且不过热；持续霸榜,近5日趋势未确认；热度可能进入后段,v2
2026-04-28,,次日已审,低层级强势反哺,普通/不推送走强,low_level_winner,不推送 后来走强，原因反哺：人气Top20、温和放量、站上20日线且不过热,14,002709,天赐材料,不推送,未入快策略,,2026-04-28,0,common_index_cache,33,-2.0,0.35,9.99,9.99,9.99,18.67,8.31,18.26,7.93,20.49,post_close,2026-04-28 15:00:00,人气Top20；温和放量；站上20日线且不过热；连续上榜确认,当日转弱；收盘承接偏弱,v2
2026-04-28,,次日已审,低层级强势反哺,普通/不推送走强,low_level_winner,不推送 后来走强，原因反哺：人气排名明显上升、持续霸榜、放量仍可控,69,600736,苏州高新,不推送,未入快策略,,2026-04-28,0,common_index_cache,33,-3.2,1.41,7.42,9.85,7.42,12.15,26.09,10.59,24.34,35.68,post_close,2026-04-28 15:00:00,放量仍可控；近5日趋势升温；站上20日线且不过热；持续霸榜；人气排名明显上升,热度可能进入后段,v2
2026-04-28,,次日已审,低层级强势反哺,普通/不推送走强,low_level_winner,不推送 后来走强，原因反哺：连续上榜确认,87,600879,航天电子,不推送,未入快策略,,2026-04-28,0,common_index_cache,33,-9.58,0.72,3.27,4.66,3.27,12.67,19.29,11.87,18.44,20.73,post_close,2026-04-28 15:00:00,连续上榜确认,当日转弱；收盘承接偏弱；近5日趋势未确认；人气排名明显回落,v2
2026-04-28,,次日已审,低层级强势反哺,普通/不推送走强,low_level_winner,不推送 后来走强，原因反哺：人气Top20、人气排名明显上升、放量仍可控,16,002217,合力泰,不推送,未入快策略,,2026-04-28,0,common_index_cache,33,-10.74,-1.34,3.02,5.03,3.02,6.71,15.1,8.16,16.67,22.48,post_close,2026-04-28 15:00:00,人气Top20；放量仍可控；站上20日线且不过热；连续上榜确认；人气排名明显上升,收盘承接偏弱,v2
2026-04-28,,次日已审,低层级强势反哺,普通/不推送走强,low_level_winner,不推送 后来走强，原因反哺：人气Top50、温和放量、连续上榜确认,40,000547,航天发展,不推送,未入快策略,,2026-04-28,0,common_index_cache,32,-15.06,0.0,2.38,3.15,2.38,6.17,17.4,6.17,17.4,17.4,post_close,2026-04-28 15:00:00,人气Top50；温和放量；连续上榜确认,当日转弱；收盘承接偏弱；近5日趋势未确认；仍在20日线下方；人气排名明显回落,v2
2026-04-28,,次日已审,低层级强势反哺,普通/不推送走强,low_level_winner,不推送 后来走强，原因反哺：人气Top50、温和放量、站上20日线且不过热,44,603516,淳中科技,不推送,未入快策略,,2026-04-28,0,common_index_cache,16,-15.85,1.18,10.0,10.0,10.0,-6.74,-0.74,-7.82,-1.9,16.56,post_close,2026-04-28 15:00:00,人气Top50；温和放量；站上20日线且不过热,当日转弱；近5日趋势未确认,v2
2026-04-28,,次日已审,低层级强势反哺,普通/不推送走强,low_level_winner,不推送 后来走强，原因反哺：温和放量,100,002759,天际股份,不推送,未入快策略,,2026-04-28,0,common_index_cache,33,-19.03,0.03,5.91,6.76,5.91,21.5,10.09,21.46,10.06,23.24,post_close,2026-04-28 15:00:00,温和放量,当日转弱；收盘承接偏弱；近5日趋势未确认；人气排名明显回落,v2
2026-04-28,,次日已审,低层级强势反哺,普通/不推送走强,low_level_winner,不推送 后来走强，原因反哺：人气Top50、持续霸榜、温和放量,21,002361,神剑股份,不推送,未入快策略,,2026-04-28,0,common_index_cache,33,-21.98,-0.8,0.15,4.0,0.15,5.94,9.39,6.8,10.27,17.63,post_close,2026-04-28 15:00:00,人气Top50；温和放量；站上20日线且不过热；持续霸榜,当日转弱；收盘承接偏弱；近5日趋势未确认；热度可能进入后段,v2
2026-04-28,,次日已审,低层级强势反哺,普通/不推送走强,low_level_winner,不推送 后来走强，原因反哺：持续霸榜,75,603778,国晟科技,不推送,未入快策略,,2026-04-28,0,common_index_cache,33,-34.15,-1.07,8.31,9.42,8.31,10.45,6.81,11.64,7.96,16.58,post_close,2026-04-28 15:00:00,持续霸榜,当日转弱；收盘承接偏弱；近5日趋势未确认；仍在20日线下方；热度可能进入后段；人气排名明显回落,v2
2026-04-28,,次日已审,低层级强势反哺,普通/不推送走强,low_level_winner,不推送 后来走强，原因反哺：持续霸榜、站上20日线且不过热,80,002342,巨力索具,不推送,未入快策略,,2026-04-28,0,common_index_cache,33,-44.48,-1.95,2.22,4.38,2.22,8.77,19.59,10.93,21.96,29.82,post_close,2026-04-28 15:00:00,站上20日线且不过热；持续霸榜,近5日趋势未确认；热度可能进入后段；人气排名明显回落,v2
2026-04-28,,次日已审,低层级强势反哺,普通/不推送走强,low_level_winner,不推送 后来走强，原因反哺：人气Top20、人气排名明显上升、当日上涨,19,002636,金安国纪,不推送,已入快策略,,2026-04-28,0,common_index_cache,33,106.81,-2.27,-2.29,4.02,-2.29,0.35,3.31,2.68,5.7,8.25,post_close,2026-04-28 15:00:00,人气Top20；当日上涨；温和放量；近5日趋势升温；站上20日线且不过热；人气排名明显上升,上影线偏长,v2
2026-04-28,,次日已审,低层级强势反哺,普通/不推送走强,low_level_winner,不推送 后来走强，原因反哺：人气Top20、人气排名明显上升、当日上涨,11,600396,华电辽能,不推送,已入快策略,,2026-04-28,0,common_index_cache,33,64.81,-6.48,-3.43,4.63,-3.43,1.02,15.19,8.02,23.17,22.22,post_close,2026-04-28 15:00:00,人气Top20；当日上涨；温和放量；近5日强势延续；持续霸榜；人气排名明显上升,短线涨幅偏高；偏离20日线较大；热度可能进入后段,v2
2026-04-28,,次日已审,低层级强势反哺,普通/不推送走强,low_level_winner,不推送 后来走强，原因反哺：人气Top50、人气排名明显上升、当日上涨,33,600186,莲花控股,不推送,已入快策略,,2026-04-28,0,common_index_cache,33,48.98,0.1,9.96,9.96,9.96,15.85,6.71,15.74,6.6,17.38,post_close,2026-04-28 15:00:00,人气Top50；当日上涨；温和放量；近5日趋势升温；站上20日线且不过热；持续霸榜；人气排名明显上升,热度可能进入后段,v2
2026-04-28,,次日已审,低层级强势反哺,普通/不推送走强,low_level_winner,普通观察 后来走强，原因反哺：v2低分涨停修正、当日涨停附近、收在日内高位,90,603399,永杉锂业,普通观察,已入快策略,,2026-04-28,0,common_index_cache,33,23.96,-0.69,9.98,9.98,9.98,33.06,49.66,33.98,50.69,54.96,post_close,2026-04-28 15:00:00,当日涨停附近；收在日内高位；近5日趋势升温；站上20日线且不过热；v2低分涨停修正,-,v2
2026-04-28,,次日已审,低层级强势反哺,普通/不推送走强,low_level_winner,不推送 后来走强，原因反哺：v2连榜升温修正、人气Top50、温和放量,39,002176,江特电机,不推送,已入快策略,,2026-04-28,0,common_index_cache,33,-21.46,-5.88,9.98,9.98,9.98,7.31,3.55,14.02,10.02,15.99,post_close,2026-04-28 15:00:00,人气Top50；温和放量；近5日趋势升温；站上20日线且不过热；连续上榜确认；v2连榜升温修正,-,v2
2026-04-28,,次日已审,低层级强势反哺,普通/不推送走强,low_level_winner,普通观察 后来走强，原因反哺：当日涨停附近、收在日内高位、温和放量,98,000967,盈峰环境,普通观察,已入快策略,,2026-04-28,0,common_index_cache,33,-27.72,-3.39,-0.49,4.44,-0.49,5.29,14.95,8.98,18.98,20.52,post_close,2026-04-28 15:00:00,当日涨停附近；收在日内高位；温和放量；近5日趋势升温；站上20日线且不过热,人气排名明显回落,v2
2026-04-28,,次日已审,低层级强势反哺,普通/不推送走强,low_level_winner,普通观察 后来走强，原因反哺：人气Top50、人气排名明显上升、当日强涨,42,301396,宏景科技,普通观察,已入快策略,,2026-04-28,0,common_index_cache,33,-35.83,-37.11,-30.43,-29.04,-30.43,-27.95,-26.7,14.58,16.56,-20.83,post_close,2026-04-28 15:00:00,人气Top50；当日强涨；收盘承接较强；温和放量；近5日趋势升温；人气排名明显上升,偏离20日线较大,v2
2026-04-28,,次日已审,低层级强势反哺,普通/不推送走强,low_level_winner,普通观察 后来走强，原因反哺：人气Top50、当日上涨、持续霸榜,50,603538,美诺华,普通观察,已入快策略,,2026-04-28,0,common_index_cache,33,-37.13,1.9,8.62,8.62,8.62,13.94,5.95,11.82,3.98,17.08,post_close,2026-04-28 15:00:00,人气Top50；当日上涨；收盘承接较强；温和放量；近5日趋势升温；站上20日线且不过热；持续霸榜,热度可能进入后段；人气排名明显回落,v2
2026-04-27,2026-04-20,次日已审,快策略候选,优先成功,priority_success,下个交易日主盯 后续最高表现达到 18.23%，保留这类命中特征。,8,002709,天赐材料,强推观察,下个交易日主盯,122.0,2026-04-27,0,common_index_cache,34,-3.84,2.26,-1.87,3.17,-1.87,10.1,14.26,7.67,11.74,18.23,post_close,2026-04-27 15:00:00,人气Top10；当日上涨；收在日内高位；温和放量；近5日趋势升温；站上20日线且不过热；连续上榜确认；人气排名明显上升；v2连榜升温修正,-,v2
2026-04-27,2026-04-20,次日已审,快策略候选,优先成功,priority_success,下个交易日主盯 后续最高表现达到 77.54%，保留这类命中特征。,93,300570,太辰光,普通观察,下个交易日主盯,85.4,2026-04-27,0,common_index_cache,34,77.54,-0.55,-4.81,1.67,-4.81,-9.28,0.15,-8.78,0.7,5.51,post_close,2026-04-27 15:00:00,当日涨停附近；收在日内高位；温和放量；近5日趋势升温；站上20日线且不过热,-,v2
2026-04-27,2026-04-20,次日已审,快策略候选,优先成功,priority_success,下个交易日主盯 后续最高表现达到 53.47%，保留这类命中特征。,6,600522,中天科技,重点观察,下个交易日主盯,85.1,2026-04-27,0,common_index_cache,34,53.47,0.0,-2.18,1.9,-2.18,-7.43,7.27,-7.43,7.27,7.27,post_close,2026-04-27 15:00:00,人气Top10；当日强涨；温和放量；近5日趋势升温；站上20日线且不过热；持续霸榜,热度可能进入后段,v2
2026-04-27,2026-04-20,次日已审,快策略候选,优先成功,priority_success,下个交易日主盯 后续最高表现达到 19.33%，保留这类命中特征。,36,300136,信维通信,重点观察,下个交易日主盯,85.1,2026-04-27,0,common_index_cache,34,19.33,-0.58,-1.15,2.78,-1.15,3.15,14.85,3.75,15.52,17.32,post_close,2026-04-27 15:00:00,人气Top50；当日强涨；温和放量；近5日趋势升温；站上20日线且不过热；连续上榜确认；人气排名明显上升；v2连榜升温修正,-,v2
2026-04-27,2026-04-20,次日已审,快策略候选,优先成功,priority_success,下个交易日主盯 后续最高表现达到 30.09%，保留这类命中特征。,26,600726,华电能源,重点观察,下个交易日主盯,82.05,2026-04-27,0,common_index_cache,34,30.09,-0.78,10.03,10.03,10.03,3.29,19.28,4.11,20.22,19.59,post_close,2026-04-27 15:00:00,人气Top50；当日涨停附近；收在日内高位；温和放量；近5日强势延续；站上20日线且不过热；连续上榜确认；v2连榜升温修正,短线涨幅偏高,v2
2026-04-27,2026-04-20,次日已审,快策略候选,优先成功,priority_success,下个交易日主盯 后续最高表现达到 64.31%，保留这类命中特征。,29,600110,诺德股份,普通观察,下个交易日主盯,78.3,2026-04-27,0,common_index_cache,34,64.31,-0.76,0.76,4.58,0.76,2.58,7.73,3.37,8.56,14.41,post_close,2026-04-27 15:00:00,人气Top50；当日强涨；收在日内高位；温和放量；站上20日线且不过热；连续上榜确认；人气排名明显上升,-,v2
2026-04-27,2026-04-20,次日已审,快策略候选,优先成功,priority_success,下个交易日主盯 后续最高表现达到 75.89%，保留这类命中特征。,41,600396,华电辽能,普通观察,下个交易日主盯,77.85,2026-04-27,0,common_index_cache,34,75.89,0.1,6.72,9.98,6.72,-1.98,18.58,-2.07,18.46,18.58,post_close,2026-04-27 15:00:00,人气Top50；当日涨停附近；收在日内高位；温和放量；近5日强势延续；站上20日线且不过热；持续霸榜,短线涨幅偏高；热度可能进入后段；人气排名明显回落,v2
2026-04-27,2026-04-20,次日已审,快策略候选,优先成功,priority_success,下个交易日主盯 后续最高表现达到 42.57%，保留这类命中特征。,31,600707,彩虹股份,普通观察,下个交易日主盯,77.4,2026-04-27,0,common_index_cache,34,42.57,0.34,-2.48,1.8,-2.48,-8.9,1.8,-9.2,1.46,2.48,post_close,2026-04-27 15:00:00,人气Top50；当日涨停附近；收在日内高位；温和放量；站上20日线且不过热；人气排名明显上升,-,v2
2026-04-27,2026-04-20,次日已审,快策略候选,优先成功,priority_success,下个交易日主盯 后续最高表现达到 17.12%，保留这类命中特征。,35,002176,江特电机,不推送,下个交易日主盯,75.65,2026-04-27,0,common_index_cache,34,-20.7,-2.21,0.97,3.38,0.97,10.77,7.11,13.27,9.53,17.12,post_close,2026-04-27 15:00:00,人气Top50；当日上涨；收盘承接较强；放量仍可控；近5日强势延续；连续上榜确认；人气排名明显上升；v2连榜升温修正,短线涨幅偏高；偏离20日线较大,v2
2026-04-27,2026-04-20,次日已审,快策略候选,优先成功,priority_success,下个交易日主盯 后续最高表现达到 70.69%，保留这类命中特征。,16,002491,通鼎互联,普通观察,下个交易日主盯,75.6,2026-04-27,0,common_index_cache,34,70.69,-2.79,-1.55,3.21,-1.55,-6.06,11.65,-3.36,14.86,11.65,post_close,2026-04-27 15:00:00,人气Top20；当日强涨；收盘承接较强；温和放量；站上20日线且不过热；人气排名明显上升,-,v2
2026-04-27,2026-04-20,次日已审,快策略候选,优先成功,priority_success,下个交易日主盯 后续最高表现达到 50.85%，保留这类命中特征。,97,300604,长川科技,普通观察,下个交易日主盯,74.7,2026-04-27,0,common_index_cache,34,50.85,0.77,2.39,7.36,2.39,-0.53,6.1,-1.28,5.3,7.36,post_close,2026-04-27 15:00:00,当日涨停附近；收盘承接较强；放量仍可控；近5日趋势升温；站上20日线且不过热；v2低分涨停修正,-,v2
2026-04-27,2026-04-20,次日已审,快策略候选,优先成功,priority_success,下个交易日主盯 后续最高表现达到 26.35%，保留这类命中特征。,60,300390,天华新能,不推送,下个交易日主盯,72.5,2026-04-27,0,common_index_cache,34,-2.63,-0.41,-1.32,0.64,-1.32,17.27,17.88,17.75,18.37,26.35,post_close,2026-04-27 15:00:00,当日上涨；温和放量；近5日趋势升温；站上20日线且不过热；连续上榜确认,-,v2
2026-04-27,2026-04-20,次日已审,快策略候选,优先成功,priority_success,下个交易日主盯 后续最高表现达到 56.96%，保留这类命中特征。,43,600186,莲花控股,不推送,下个交易日主盯,60.5,2026-04-27,0,common_index_cache,34,56.96,0.21,5.35,8.67,5.35,14.78,19.16,14.53,18.91,23.66,post_close,2026-04-27 15:00:00,人气Top50；温和放量；近5日趋势升温；站上20日线且不过热；持续霸榜；人气排名明显上升,热度可能进入后段,v2
2026-04-27,2026-04-20,次日已审,快策略候选,优先成功,priority_success,下个交易日主盯 后续最高表现达到 41.13%，保留这类命中特征。,47,600460,士兰微,不推送,下个交易日主盯,54.3,2026-04-27,0,common_index_cache,34,41.13,-0.1,-1.69,1.31,-1.69,-0.1,2.49,0.0,2.6,4.04,post_close,2026-04-27 15:00:00,人气Top50；当日上涨；收盘承接较强；放量仍可控；近5日趋势升温；站上20日线且不过热,-,v2
2026-04-27,2026-04-20,次日已审,快策略候选,优先成功,priority_success,下个交易日主盯 后续最高表现达到 31.29%，保留这类命中特征。,24,002156,通富微电,不推送,下个交易日主盯,54.3,2026-04-27,0,common_index_cache,34,31.29,-0.84,-2.01,1.6,-2.01,0.96,15.23,1.81,16.21,18.59,post_close,2026-04-27 15:00:00,人气Top50；当日上涨；温和放量；近5日趋势升温；站上20日线且不过热；人气排名明显上升,-,v2
2026-04-27,2026-04-20,次日已审,快策略候选,优先成功,priority_success,下个交易日主盯 后续最高表现达到 43.45%，保留这类命中特征。,76,300475,香农芯创,不推送,下个交易日主盯,53.6,2026-04-27,0,common_index_cache,34,43.45,-0.15,0.36,4.5,0.36,2.17,10.64,2.33,10.81,19.31,post_close,2026-04-27 15:00:00,当日上涨；收盘承接较强；温和放量；站上20日线且不过热；连续上榜确认,-,v2
2026-04-27,2026-04-20,次日已审,快策略候选,优先成功,priority_success,下个交易日主盯 后续最高表现达到 26.64%，保留这类命中特征。,3,002297,博云新材,不推送,下个交易日主盯,53.4,2026-04-27,0,common_index_cache,34,25.57,2.29,9.99,9.99,9.99,19.34,20.56,16.67,17.86,26.64,post_close,2026-04-27 15:00:00,人气Top3；温和放量；近5日趋势升温；持续霸榜；人气排名明显上升,当日转弱；偏离20日线较大；热度可能进入后段,v2
2026-04-27,2026-04-20,次日已审,快策略候选,优先走弱,priority_failed,下个交易日主盯 未兑现，复盘风险项：热度可能进入后段,7,002475,立讯精密,强推观察,下个交易日主盯,106.4,2026-04-27,0,common_index_cache,34,-6.46,-1.32,-2.9,0.6,-2.9,-6.91,-3.4,-5.66,-2.11,0.6,post_close,2026-04-27 15:00:00,人气Top10；当日强涨；收盘承接较强；温和放量；近5日趋势升温；站上20日线且不过热；持续霸榜；人气排名明显上升,热度可能进入后段,v2
2026-04-27,2026-04-20,次日已审,快策略候选,优先走弱,priority_failed,下个交易日主盯 未兑现，复盘风险项：偏离20日线较大；人气排名明显回落,65,000062,深圳华强,普通观察,下个交易日主盯,97.4,2026-04-27,0,common_index_cache,34,-15.72,1.35,-4.17,3.8,-4.17,-1.99,-0.56,-3.3,-1.89,6.53,post_close,2026-04-27 15:00:00,当日涨停附近；收在日内高位；温和放量；近5日趋势升温；连续上榜确认；v2低分涨停修正,偏离20日线较大；人气排名明显回落,v2
2026-04-27,2026-04-20,次日已审,快策略候选,优先走弱,priority_failed,下个交易日主盯 未兑现，复盘风险项：-,84,600152,维科技术,普通观察,下个交易日主盯,87.6,2026-04-27,0,common_index_cache,34,-22.37,2.03,10.03,10.03,10.03,4.14,5.96,2.06,3.85,10.03,post_close,2026-04-27 15:00:00,当日涨停附近；收在日内高位；温和放量；站上20日线且不过热；连续上榜确认,-,v2
2026-04-27,2026-04-20,次日已审,快策略候选,优先走弱,priority_failed,下个交易日主盯 未兑现，复盘风险项：-,37,601016,节能风电,重点观察,下个交易日主盯,84.2,2026-04-27,0,common_index_cache,34,-14.19,-3.01,1.72,4.3,1.72,-8.39,7.31,-5.54,10.64,9.25,post_close,2026-04-27 15:00:00,人气Top50；当日上涨；收盘承接较强；温和放量；近5日趋势升温；站上20日线且不过热；连续上榜确认；v2连榜升温修正,-,v2
2026-04-27,2026-04-20,次日已审,快策略候选,优先走弱,priority_failed,下个交易日主盯 未兑现，复盘风险项：-,40,600415,小商品城,普通观察,下个交易日主盯,80.0,2026-04-27,0,common_index_cache,34,-18.23,-1.3,-0.72,2.31,-0.72,-4.54,-5.04,-3.28,-3.8,2.31,post_close,2026-04-27 15:00:00,人气Top50；当日上涨；收盘承接较强；温和放量；近5日趋势升温；站上20日线且不过热,-,v2
2026-04-27,2026-04-20,次日已审,快策略候选,优先走弱,priority_failed,下个交易日主盯 未兑现，复盘风险项：-,99,603501,豪威集团,普通观察,下个交易日主盯,74.7,2026-04-27,0,common_index_cache,34,-13.87,2.12,-0.8,2.12,-0.8,-6.15,-4.27,-8.1,-6.26,2.12,post_close,2026-04-27 15:00:00,当日涨停附近；收在日内高位；放量仍可控；近5日趋势升温；站上20日线且不过热,-,v2
2026-04-27,2026-04-20,次日已审,快策略候选,优先走弱,priority_failed,下个交易日主盯 未兑现，复盘风险项：近5日趋势未确认；热度可能进入后段,1,002580,圣阳股份,普通观察,下个交易日主盯,73.8,2026-04-27,0,common_index_cache,34,-26.09,-1.28,2.36,3.4,2.36,-4.65,3.64,-3.41,4.99,8.08,post_close,2026-04-27 15:00:00,人气Top3；当日上涨；温和放量；站上20日线且不过热；持续霸榜；人气排名明显上升,近5日趋势未确认；热度可能进入后段,v2
2026-04-27,2026-04-20,次日已审,快策略候选,优先走弱,priority_failed,下个交易日主盯 未兑现，复盘风险项：热度可能进入后段,2,600118,中国卫星,普通观察,下个交易日主盯,66.7,2026-04-27,0,common_index_cache,34,-23.83,-1.51,-2.52,1.48,-2.52,3.32,7.84,4.9,9.49,10.53,post_close,2026-04-27 15:00:00,人气Top3；当日上涨；近5日趋势升温；站上20日线且不过热；持续霸榜；人气排名明显上升,热度可能进入后段,v2
2026-04-27,2026-04-20,次日已审,快策略候选,优先走弱,priority_failed,下个交易日主盯 未兑现，复盘风险项：-,27,002445,中南文化,不推送,下个交易日主盯,62.3,2026-04-27,0,common_index_cache,34,-15.83,-5.01,-1.85,2.37,-1.85,-3.96,2.9,1.11,8.33,7.65,post_close,2026-04-27 15:00:00,人气Top50；当日上涨；收盘承接较强；放量仍可控；近5日趋势升温；站上20日线且不过热,-,v2
2026-04-27,2026-04-20,次日已审,快策略候选,暂未强势,neutral,继续等待更多交易日或降低权重。,11,601138,工业富联,普通观察,下个交易日主盯,82.7,2026-04-27,0,common_index_cache,34,8.01,0.0,1.41,2.59,1.41,-6.5,-4.57,-6.5,-4.57,2.59,post_close,2026-04-27 15:00:00,人气Top20；当日上涨；温和放量；近5日趋势升温；站上20日线且不过热；持续霸榜；人气排名明显上升,热度可能进入后段,v2
2026-04-27,2026-04-20,次日已审,快策略候选,暂未强势,neutral,继续等待更多交易日或降低权重。,25,002407,多氟多,不推送,下个交易日主盯,76.1,2026-04-27,0,common_index_cache,34,11.44,-1.54,-2.75,-0.9,-2.75,4.63,8.2,6.27,9.89,12.43,post_close,2026-04-27 15:00:00,人气Top50；当日上涨；温和放量；近5日趋势升温；站上20日线且不过热；连续上榜确认,-,v2
2026-04-27,2026-04-20,次日已审,快策略候选,优先成功,priority_success,优先观察 后续最高表现达到 44.20%，保留这类命中特征。,80,000066,中国长城,不推送,优先观察,50.9,2026-04-27,0,common_index_cache,34,6.2,-0.83,6.32,8.53,6.32,18.19,42.99,19.18,44.2,42.99,post_close,2026-04-27 15:00:00,温和放量；近5日趋势升温；站上20日线且不过热；连续上榜确认,-,v2
2026-04-27,2026-04-20,次日已审,快策略候选,备选走强,backup_success,备选观察 后续最高表现达到 20.51%，保留这类命中特征。,23,603318,水发燃气,不推送,备选观察,46.7,2026-04-27,0,common_index_cache,34,-20.99,3.75,9.98,9.98,9.98,13.81,4.15,9.69,0.38,20.51,post_close,2026-04-27 15:00:00,人气Top50；当日涨停附近；收在日内高位；放量仍可控；连续上榜确认；人气排名明显上升,短线涨幅过热；远离20日线过多,v2
2026-04-27,,次日已审,低层级强势反哺,普通/不推送走强,low_level_winner,不推送 后来走强，原因反哺：当日上涨、温和放量、站上20日线且不过热,63,002281,光迅科技,不推送,未入快策略,,2026-04-27,0,common_index_cache,34,79.9,-1.93,1.84,4.81,1.84,7.26,22.13,9.37,24.54,23.33,post_close,2026-04-27 15:00:00,当日上涨；温和放量；近5日趋势升温；站上20日线且不过热,收盘承接偏弱；人气排名明显回落；上影线偏长,v2
2026-04-27,,次日已审,低层级强势反哺,普通/不推送走强,low_level_winner,不推送 后来走强，原因反哺：当日上涨、温和放量、站上20日线且不过热,90,600584,长电科技,不推送,未入快策略,,2026-04-27,0,common_index_cache,34,76.51,-0.47,-2.63,0.37,-2.63,-1.64,5.27,-1.17,5.77,6.87,post_close,2026-04-27 15:00:00,当日上涨；温和放量；站上20日线且不过热,上影线偏长,v2
2026-04-27,,次日已审,低层级强势反哺,普通/不推送走强,low_level_winner,不推送 后来走强，原因反哺：温和放量、站上20日线且不过热、近5日趋势升温,61,300054,鼎龙股份,不推送,未入快策略,,2026-04-27,0,common_index_cache,34,61.84,2.98,5.13,9.57,5.13,10.74,22.18,7.54,18.64,24.29,post_close,2026-04-27 15:00:00,温和放量；近5日趋势升温；站上20日线且不过热,当日转弱；收盘承接偏弱,v2
2026-04-27,,次日已审,低层级强势反哺,普通/不推送走强,low_level_winner,不推送 后来走强，原因反哺：人气Top10、持续霸榜、温和放量,5,600487,亨通光电,不推送,未入快策略,,2026-04-27,0,common_index_cache,34,55.51,-1.93,-4.33,0.31,-4.33,-7.96,6.42,-6.14,8.51,7.36,post_close,2026-04-27 15:00:00,人气Top10；温和放量；近5日趋势升温；站上20日线且不过热；持续霸榜,收盘承接偏弱；热度可能进入后段；上影线偏长,v2
2026-04-27,,次日已审,低层级强势反哺,普通/不推送走强,low_level_winner,不推送 后来走强，原因反哺：持续霸榜,66,603629,利通电子,不推送,未入快策略,,2026-04-27,0,common_index_cache,34,52.1,10.0,10.0,10.0,10.0,33.1,45.88,21.0,32.62,53.5,post_close,2026-04-27 15:00:00,持续霸榜,当日转弱；偏离20日线较大；热度可能进入后段,v2
2026-04-27,,次日已审,低层级强势反哺,普通/不推送走强,low_level_winner,不推送 后来走强，原因反哺：人气Top50、持续霸榜、温和放量,39,300308,中际旭创,不推送,未入快策略,,2026-04-27,0,common_index_cache,34,49.07,-0.35,-3.74,-0.35,-3.74,0.17,2.5,0.53,2.87,3.87,post_close,2026-04-27 15:00:00,人气Top50；温和放量；站上20日线且不过热；持续霸榜,当日转弱；收盘承接偏弱；热度可能进入后段,v2
2026-04-27,,次日已审,低层级强势反哺,普通/不推送走强,low_level_winner,不推送 后来走强，原因反哺：人气排名明显上升、温和放量、站上20日线且不过热,56,600498,烽火通信,不推送,未入快策略,,2026-04-27,0,common_index_cache,34,48.6,-0.87,1.36,4.57,1.36,-9.53,0.43,-8.74,1.31,4.57,post_close,2026-04-27 15:00:00,温和放量；站上20日线且不过热；连续上榜确认；人气排名明显上升,当日转弱；收盘承接偏弱；近5日趋势未确认,v2
2026-04-27,,次日已审,低层级强势反哺,普通/不推送走强,low_level_winner,不推送 后来走强，原因反哺：人气Top50、当日上涨、收盘承接较强,33,301308,江波龙,不推送,未入快策略,,2026-04-27,0,common_index_cache,34,45.3,1.41,-3.24,4.21,-3.24,1.7,22.59,0.28,20.89,29.01,post_close,2026-04-27 15:00:00,人气Top50；当日上涨；收盘承接较强；温和放量；站上20日线且不过热,-,v2
2026-04-27,,次日已审,低层级强势反哺,普通/不推送走强,low_level_winner,不推送 后来走强，原因反哺：人气排名明显上升、当日上涨、持续霸榜,59,000988,华工科技,不推送,未入快策略,,2026-04-27,0,common_index_cache,34,43.54,-0.24,-2.69,0.39,-2.69,0.62,12.17,0.87,12.45,13.03,post_close,2026-04-27 15:00:00,当日上涨；温和放量；站上20日线且不过热；持续霸榜；人气排名明显上升,热度可能进入后段；上影线偏长,v2
2026-04-27,,次日已审,低层级强势反哺,普通/不推送走强,low_level_winner,不推送 后来走强，原因反哺：人气排名明显上升、温和放量,55,600549,厦门钨业,不推送,未入快策略,,2026-04-27,0,common_index_cache,34,42.35,0.37,-3.2,1.18,-3.2,1.74,4.6,1.37,4.21,6.41,post_close,2026-04-27 15:00:00,温和放量；人气排名明显上升,当日转弱；收盘承接偏弱；近5日趋势未确认,v2
2026-04-27,,次日已审,低层级强势反哺,普通/不推送走强,low_level_winner,不推送 后来走强，原因反哺：持续霸榜、温和放量、站上20日线且不过热,85,002463,沪电股份,不推送,未入快策略,,2026-04-27,0,common_index_cache,34,39.64,-0.49,-3.4,-0.11,-3.4,-2.74,2.32,-2.27,2.82,3.19,post_close,2026-04-27 15:00:00,温和放量；近5日趋势升温；站上20日线且不过热；持续霸榜,热度可能进入后段；上影线偏长,v2
2026-04-27,,次日已审,低层级强势反哺,普通/不推送走强,low_level_winner,不推送 后来走强，原因反哺：人气Top50、持续霸榜、温和放量,42,002384,东山精密,不推送,未入快策略,,2026-04-27,0,common_index_cache,34,37.61,0.16,-1.5,1.87,-1.5,0.02,13.05,-0.14,12.87,13.05,post_close,2026-04-27 15:00:00,人气Top50；温和放量；近5日趋势升温；持续霸榜,当日转弱；偏离20日线较大；热度可能进入后段,v2
2026-04-27,,次日已审,低层级强势反哺,普通/不推送走强,low_level_winner,不推送 后来走强，原因反哺：持续霸榜、温和放量、站上20日线且不过热,62,002428,云南锗业,不推送,未入快策略,,2026-04-27,0,common_index_cache,34,36.35,-0.27,-4.29,0.27,-4.29,-3.83,10.16,-3.57,10.47,11.94,post_close,2026-04-27 15:00:00,温和放量；近5日趋势升温；站上20日线且不过热；持续霸榜,当日转弱；收盘承接偏弱；热度可能进入后段,v2
2026-04-27,,次日已审,低层级强势反哺,普通/不推送走强,low_level_winner,不推送 后来走强，原因反哺：人气Top50、持续霸榜、站上20日线且不过热,46,001896,豫能控股,不推送,未入快策略,,2026-04-27,0,common_index_cache,34,32.76,-1.83,-4.03,3.11,-4.03,-7.02,2.26,-5.28,4.16,5.55,post_close,2026-04-27 15:00:00,人气Top50；站上20日线且不过热；持续霸榜,当日转弱；收盘承接偏弱；近5日趋势未确认；热度可能进入后段,v2
2026-04-27,,次日已审,低层级强势反哺,普通/不推送走强,low_level_winner,不推送 后来走强，原因反哺：放量仍可控,87,300763,锦浪科技,不推送,未入快策略,,2026-04-27,0,common_index_cache,17,31.21,-0.02,3.31,4.67,3.31,13.71,16.63,13.74,16.65,20.73,post_close,2026-04-27 15:00:00,放量仍可控,当日转弱；收盘承接偏弱；近5日趋势未确认；仍在20日线下方,v2
2026-04-27,,次日已审,低层级强势反哺,普通/不推送走强,low_level_winner,不推送 后来走强，原因反哺：人气Top50、持续霸榜、温和放量,49,600105,永鼎股份,不推送,未入快策略,,2026-04-27,0,common_index_cache,34,30.03,0.16,-7.56,1.71,-7.56,-12.59,-2.06,-12.74,-2.22,1.71,post_close,2026-04-27 15:00:00,人气Top50；温和放量；近5日趋势升温；持续霸榜,当日转弱；收盘承接偏弱；偏离20日线较大；热度可能进入后段；人气排名明显回落,v2
2026-04-27,,次日已审,低层级强势反哺,普通/不推送走强,low_level_winner,不推送 后来走强，原因反哺：人气Top20、温和放量、站上20日线且不过热,17,300346,南大光电,不推送,未入快策略,,2026-04-27,0,common_index_cache,34,26.29,-0.64,-2.15,0.68,-2.15,-0.95,7.37,-0.31,8.05,7.95,post_close,2026-04-27 15:00:00,人气Top20；温和放量；站上20日线且不过热,当日转弱；收盘承接偏弱,v2
2026-04-27,,次日已审,低层级强势反哺,普通/不推送走强,low_level_winner,不推送 后来走强，原因反哺：温和放量、站上20日线且不过热、连续上榜确认,92,601869,长飞光纤,不推送,未入快策略,,2026-04-27,0,common_index_cache,34,21.99,-1.85,-1.06,0.97,-1.06,-6.25,3.1,-4.48,5.04,3.84,post_close,2026-04-27 15:00:00,温和放量；站上20日线且不过热；连续上榜确认,收盘承接偏弱；近5日趋势未确认；上影线偏长,v2
2026-04-27,,次日已审,低层级强势反哺,普通/不推送走强,low_level_winner,不推送 后来走强，原因反哺：人气Top50、人气排名明显上升、当日上涨,45,600330,天通股份,不推送,未入快策略,,2026-04-27,0,common_index_cache,34,21.85,-1.5,-3.65,1.75,-3.65,1.71,2.04,3.26,3.59,6.49,post_close,2026-04-27 15:00:00,人气Top50；当日上涨；温和放量；近5日趋势升温；人气排名明显上升,收盘承接偏弱；偏离20日线较大；上影线偏长,v2
2026-04-27,,次日已审,低层级强势反哺,普通/不推送走强,low_level_winner,不推送 后来走强，原因反哺：当日上涨、温和放量、站上20日线且不过热,88,000539,粤电力A,不推送,未入快策略,,2026-04-27,0,common_index_cache,34,19.3,-2.76,5.52,8.71,5.52,-5.22,5.52,-2.54,8.51,8.71,post_close,2026-04-27 15:00:00,当日上涨；温和放量；近5日趋势升温；站上20日线且不过热,人气排名明显回落,v2
2026-04-27,,次日已审,低层级强势反哺,普通/不推送走强,low_level_winner,不推送 后来走强，原因反哺：持续霸榜、温和放量、站上20日线且不过热,67,600703,三安光电,不推送,未入快策略,,2026-04-27,0,common_index_cache,34,16.5,-1.43,-5.02,-0.34,-5.02,-7.2,2.78,-5.85,4.27,3.53,post_close,2026-04-27 15:00:00,温和放量；近5日趋势升温；站上20日线且不过热；持续霸榜,当日转弱；收盘承接偏弱；热度可能进入后段；人气排名明显回落,v2
2026-04-27,,次日已审,低层级强势反哺,普通/不推送走强,low_level_winner,不推送 后来走强，原因反哺：人气Top50、持续霸榜、温和放量,30,002081,金螳螂,不推送,未入快策略,,2026-04-27,0,common_index_cache,34,7.67,-2.03,7.0,7.0,7.0,30.25,58.24,32.95,61.52,58.24,post_close,2026-04-27 15:00:00,人气Top50；温和放量；近5日趋势升温；站上20日线且不过热；持续霸榜,当日转弱；收盘承接偏弱；热度可能进入后段,v2
2026-04-27,,次日已审,低层级强势反哺,普通/不推送走强,low_level_winner,不推送 后来走强，原因反哺：人气排名明显上升、当日上涨、持续霸榜,73,603601,再升科技,不推送,未入快策略,,2026-04-27,0,common_index_cache,34,5.56,-1.94,2.14,6.76,2.14,6.02,15.86,8.12,18.16,16.67,post_close,2026-04-27 15:00:00,当日上涨；收盘承接较强；站上20日线且不过热；持续霸榜；人气排名明显上升,近5日趋势未确认；热度可能进入后段,v2
2026-04-27,,次日已审,低层级强势反哺,普通/不推送走强,low_level_winner,不推送 后来走强，原因反哺：人气Top20、持续霸榜、站上20日线且不过热,18,002149,西部材料,不推送,未入快策略,,2026-04-27,0,common_index_cache,34,3.75,-3.08,-2.21,1.59,-2.21,9.73,26.94,13.21,30.96,28.89,post_close,2026-04-27 15:00:00,人气Top20；站上20日线且不过热；持续霸榜,当日转弱；近5日趋势未确认；热度可能进入后段,v2
2026-04-27,,次日已审,低层级强势反哺,普通/不推送走强,low_level_winner,不推送 后来走强，原因反哺：持续霸榜、温和放量、站上20日线且不过热,81,600736,苏州高新,不推送,未入快策略,,2026-04-27,0,common_index_cache,34,-1.05,-5.23,2.22,9.67,2.22,6.54,26.14,12.41,33.1,26.14,post_close,2026-04-27 15:00:00,温和放量；近5日趋势升温；站上20日线且不过热；持续霸榜,当日转弱；收盘承接偏弱；热度可能进入后段；人气排名明显回落,v2
2026-04-27,,次日已审,低层级强势反哺,普通/不推送走强,low_level_winner,不推送 后来走强，原因反哺：人气排名明显上升、站上20日线且不过热,57,603178,圣龙股份,不推送,未入快策略,,2026-04-27,0,common_index_cache,34,-5.98,-0.98,5.23,8.33,5.23,11.84,16.26,12.94,17.41,20.57,post_close,2026-04-27 15:00:00,站上20日线且不过热；人气排名明显上升,近5日趋势未确认,v2
2026-04-27,,次日已审,低层级强势反哺,普通/不推送走强,low_level_winner,不推送 后来走强，原因反哺：当日涨停附近、收在日内高位、站上20日线且不过热,78,002217,合力泰,不推送,未入快策略,,2026-04-27,0,common_index_cache,34,-10.14,10.14,0.68,10.14,0.68,-2.36,18.24,-11.35,7.36,18.24,post_close,2026-04-27 15:00:00,当日涨停附近；收在日内高位；站上20日线且不过热,-,v2
2026-04-27,,次日已审,低层级强势反哺,普通/不推送走强,low_level_winner,不推送 后来走强，原因反哺：人气排名明显上升、连续上榜确认,58,000815,美利云,不推送,未入快策略,,2026-04-27,0,common_index_cache,34,-12.02,-1.73,2.29,3.31,2.29,-3.16,12.68,-1.45,14.66,17.11,post_close,2026-04-27 15:00:00,连续上榜确认；人气排名明显上升,近5日趋势未确认,v2
2026-04-27,,次日已审,低层级强势反哺,普通/不推送走强,low_level_winner,不推送 后来走强，原因反哺：站上20日线且不过热、近5日趋势升温、连续上榜确认,75,600770,综艺股份,不推送,未入快策略,,2026-04-27,0,common_index_cache,34,-13.51,-3.59,10.06,10.06,10.06,9.48,17.39,13.56,21.76,26.15,post_close,2026-04-27 15:00:00,近5日趋势升温；站上20日线且不过热；连续上榜确认,当日转弱；收盘承接偏弱；放量过猛,v2
2026-04-27,,次日已审,低层级强势反哺,普通/不推送走强,low_level_winner,不推送 后来走强，原因反哺：温和放量、站上20日线且不过热、连续上榜确认,82,000889,中嘉博创,不推送,未入快策略,,2026-04-27,0,common_index_cache,34,-18.16,0.0,10.09,10.09,10.09,-0.9,19.96,-0.9,19.96,19.96,post_close,2026-04-27 15:00:00,温和放量；站上20日线且不过热；连续上榜确认,当日转弱；收盘承接偏弱；近5日趋势未确认,v2
2026-04-27,,次日已审,低层级强势反哺,普通/不推送走强,low_level_winner,不推送 后来走强，原因反哺：人气Top20、人气排名明显上升、持续霸榜,19,603538,美诺华,不推送,未入快策略,,2026-04-27,0,common_index_cache,34,-32.98,-0.71,6.6,9.04,6.6,10.74,9.31,11.54,10.09,24.8,post_close,2026-04-27 15:00:00,人气Top20；温和放量；近5日趋势升温；站上20日线且不过热；持续霸榜；人气排名明显上升,当日转弱；收盘承接偏弱；热度可能进入后段,v2
2026-04-27,,次日已审,低层级强势反哺,普通/不推送走强,low_level_winner,不推送 后来走强，原因反哺：人气Top20、持续霸榜、站上20日线且不过热,13,002342,巨力索具,不推送,未入快策略,,2026-04-27,0,common_index_cache,34,-44.3,0.05,0.27,2.77,0.27,7.49,20.03,7.43,19.97,20.03,post_close,2026-04-27 15:00:00,人气Top20；站上20日线且不过热；持续霸榜,当日转弱；近5日趋势未确认；热度可能进入后段,v2
2026-04-27,,次日已审,低层级强势反哺,普通/不推送走强,low_level_winner,普通观察 后来走强，原因反哺：当日涨停附近、收在日内高位、温和放量,93,300570,太辰光,普通观察,已入快策略,,2026-04-27,0,common_index_cache,34,77.54,-0.55,-4.81,1.67,-4.81,-9.28,0.15,-8.78,0.7,5.51,post_close,2026-04-27 15:00:00,当日涨停附近；收在日内高位；温和放量；近5日趋势升温；站上20日线且不过热,-,v2
2026-04-27,,次日已审,低层级强势反哺,普通/不推送走强,low_level_winner,普通观察 后来走强，原因反哺：人气Top50、当日涨停附近、持续霸榜,41,600396,华电辽能,普通观察,已入快策略,,2026-04-27,0,common_index_cache,34,75.89,0.1,6.72,9.98,6.72,-1.98,18.58,-2.07,18.46,18.58,post_close,2026-04-27 15:00:00,人气Top50；当日涨停附近；收在日内高位；温和放量；近5日强势延续；站上20日线且不过热；持续霸榜,短线涨幅偏高；热度可能进入后段；人气排名明显回落,v2
2026-04-27,,次日已审,低层级强势反哺,普通/不推送走强,low_level_winner,普通观察 后来走强，原因反哺：人气Top20、人气排名明显上升、当日强涨,16,002491,通鼎互联,普通观察,已入快策略,,2026-04-27,0,common_index_cache,34,70.69,-2.79,-1.55,3.21,-1.55,-6.06,11.65,-3.36,14.86,11.65,post_close,2026-04-27 15:00:00,人气Top20；当日强涨；收盘承接较强；温和放量；站上20日线且不过热；人气排名明显上升,-,v2
2026-04-27,,次日已审,低层级强势反哺,普通/不推送走强,low_level_winner,普通观察 后来走强，原因反哺：人气Top50、人气排名明显上升、当日强涨,29,600110,诺德股份,普通观察,已入快策略,,2026-04-27,0,common_index_cache,34,64.31,-0.76,0.76,4.58,0.76,2.58,7.73,3.37,8.56,14.41,post_close,2026-04-27 15:00:00,人气Top50；当日强涨；收在日内高位；温和放量；站上20日线且不过热；连续上榜确认；人气排名明显上升,-,v2
2026-04-27,,次日已审,低层级强势反哺,普通/不推送走强,low_level_winner,不推送 后来走强，原因反哺：人气Top50、人气排名明显上升、持续霸榜,43,600186,莲花控股,不推送,已入快策略,,2026-04-27,0,common_index_cache,34,56.96,0.21,5.35,8.67,5.35,14.78,19.16,14.53,18.91,23.66,post_close,2026-04-27 15:00:00,人气Top50；温和放量；近5日趋势升温；站上20日线且不过热；持续霸榜；人气排名明显上升,热度可能进入后段,v2
2026-04-27,,次日已审,低层级强势反哺,普通/不推送走强,low_level_winner,普通观察 后来走强，原因反哺：v2低分涨停修正、当日涨停附近、收盘承接较强,97,300604,长川科技,普通观察,已入快策略,,2026-04-27,0,common_index_cache,34,50.85,0.77,2.39,7.36,2.39,-0.53,6.1,-1.28,5.3,7.36,post_close,2026-04-27 15:00:00,当日涨停附近；收盘承接较强；放量仍可控；近5日趋势升温；站上20日线且不过热；v2低分涨停修正,-,v2
2026-04-27,,次日已审,低层级强势反哺,普通/不推送走强,low_level_winner,不推送 后来走强，原因反哺：当日上涨、收盘承接较强、温和放量,76,300475,香农芯创,不推送,已入快策略,,2026-04-27,0,common_index_cache,34,43.45,-0.15,0.36,4.5,0.36,2.17,10.64,2.33,10.81,19.31,post_close,2026-04-27 15:00:00,当日上涨；收盘承接较强；温和放量；站上20日线且不过热；连续上榜确认,-,v2
2026-04-27,,次日已审,低层级强势反哺,普通/不推送走强,low_level_winner,普通观察 后来走强，原因反哺：人气Top50、人气排名明显上升、当日涨停附近,31,600707,彩虹股份,普通观察,已入快策略,,2026-04-27,0,common_index_cache,34,42.57,0.34,-2.48,1.8,-2.48,-8.9,1.8,-9.2,1.46,2.48,post_close,2026-04-27 15:00:00,人气Top50；当日涨停附近；收在日内高位；温和放量；站上20日线且不过热；人气排名明显上升,-,v2
2026-04-27,,次日已审,低层级强势反哺,普通/不推送走强,low_level_winner,不推送 后来走强，原因反哺：人气Top50、当日上涨、收盘承接较强,47,600460,士兰微,不推送,已入快策略,,2026-04-27,0,common_index_cache,34,41.13,-0.1,-1.69,1.31,-1.69,-0.1,2.49,0.0,2.6,4.04,post_close,2026-04-27 15:00:00,人气Top50；当日上涨；收盘承接较强；放量仍可控；近5日趋势升温；站上20日线且不过热,-,v2
2026-04-27,,次日已审,低层级强势反哺,普通/不推送走强,low_level_winner,不推送 后来走强，原因反哺：人气Top50、人气排名明显上升、当日上涨,24,002156,通富微电,不推送,已入快策略,,2026-04-27,0,common_index_cache,34,31.29,-0.84,-2.01,1.6,-2.01,0.96,15.23,1.81,16.21,18.59,post_close,2026-04-27 15:00:00,人气Top50；当日上涨；温和放量；近5日趋势升温；站上20日线且不过热；人气排名明显上升,-,v2
2026-04-27,,次日已审,低层级强势反哺,普通/不推送走强,low_level_winner,不推送 后来走强，原因反哺：人气Top3、人气排名明显上升、持续霸榜,3,002297,博云新材,不推送,已入快策略,,2026-04-27,0,common_index_cache,34,25.57,2.29,9.99,9.99,9.99,19.34,20.56,16.67,17.86,26.64,post_close,2026-04-27 15:00:00,人气Top3；温和放量；近5日趋势升温；持续霸榜；人气排名明显上升,当日转弱；偏离20日线较大；热度可能进入后段,v2
2026-04-27,,次日已审,低层级强势反哺,普通/不推送走强,low_level_winner,不推送 后来走强，原因反哺：温和放量、站上20日线且不过热、近5日趋势升温,80,000066,中国长城,不推送,已入快策略,,2026-04-27,0,common_index_cache,34,6.2,-0.83,6.32,8.53,6.32,18.19,42.99,19.18,44.2,42.99,post_close,2026-04-27 15:00:00,温和放量；近5日趋势升温；站上20日线且不过热；连续上榜确认,-,v2
2026-04-27,,次日已审,低层级强势反哺,普通/不推送走强,low_level_winner,不推送 后来走强，原因反哺：当日上涨、温和放量、站上20日线且不过热,60,300390,天华新能,不推送,已入快策略,,2026-04-27,0,common_index_cache,34,-2.63,-0.41,-1.32,0.64,-1.32,17.27,17.88,17.75,18.37,26.35,post_close,2026-04-27 15:00:00,当日上涨；温和放量；近5日趋势升温；站上20日线且不过热；连续上榜确认,-,v2
2026-04-27,,次日已审,低层级强势反哺,普通/不推送走强,low_level_winner,不推送 后来走强，原因反哺：v2连榜升温修正、人气Top50、人气排名明显上升,35,002176,江特电机,不推送,已入快策略,,2026-04-27,0,common_index_cache,34,-20.7,-2.21,0.97,3.38,0.97,10.77,7.11,13.27,9.53,17.12,post_close,2026-04-27 15:00:00,人气Top50；当日上涨；收盘承接较强；放量仍可控；近5日强势延续；连续上榜确认；人气排名明显上升；v2连榜升温修正,短线涨幅偏高；偏离20日线较大,v2
2026-04-27,,次日已审,低层级强势反哺,普通/不推送走强,low_level_winner,不推送 后来走强，原因反哺：人气Top50、人气排名明显上升、当日涨停附近,23,603318,水发燃气,不推送,已入快策略,,2026-04-27,0,common_index_cache,34,-20.99,3.75,9.98,9.98,9.98,13.81,4.15,9.69,0.38,20.51,post_close,2026-04-27 15:00:00,人气Top50；当日涨停附近；收在日内高位；放量仍可控；连续上榜确认；人气排名明显上升,短线涨幅过热；远离20日线过多,v2
2026-04-24,2026-04-17,次日已审,快策略候选,优先成功,priority_success,下个交易日主盯 后续最高表现达到 17.46%，保留这类命中特征。,7,002407,多氟多,强推观察,下个交易日主盯,122.0,2026-04-24,0,common_index_cache,35,16.43,1.21,3.9,5.02,3.9,7.99,14.8,6.7,13.43,17.46,post_close,2026-04-24 15:00:00,人气Top10；当日涨停附近；收在日内高位；放量仍可控；近5日趋势升温；站上20日线且不过热；人气排名明显上升；v2强势延续修正,-,v2
2026-04-24,2026-04-17,次日已审,快策略候选,优先成功,priority_success,下个交易日主盯 后续最高表现达到 17.20%，保留这类命中特征。,20,000062,深圳华强,强推观察,下个交易日主盯,122.0,2026-04-24,0,common_index_cache,35,-7.27,3.01,10.02,10.02,10.02,4.12,7.71,1.08,4.56,17.2,post_close,2026-04-24 15:00:00,人气Top20；当日涨停附近；收在日内高位；温和放量；近5日趋势升温；站上20日线且不过热；人气排名明显上升；v2强势延续修正；v2低分涨停修正,-,v2
2026-04-24,2026-04-17,次日已审,快策略候选,优先成功,priority_success,下个交易日主盯 后续最高表现达到 43.10%，保留这类命中特征。,17,600726,华电能源,强推观察,下个交易日主盯,114.0,2026-04-24,0,common_index_cache,35,43.1,-2.76,10.0,10.0,10.0,22.41,19.31,25.89,22.7,31.55,post_close,2026-04-24 15:00:00,人气Top20；当日涨停附近；收在日内高位；放量仍可控；近5日强势延续；站上20日线且不过热；连续上榜确认；人气排名明显上升；v2强势延续修正；v2连榜升温修正；v2低分涨停修正,短线涨幅偏高,v2
2026-04-24,2026-04-17,次日已审,快策略候选,优先成功,priority_success,下个交易日主盯 后续最高表现达到 16.74%，保留这类命中特征。,47,000925,众合科技,强推观察,下个交易日主盯,108.2,2026-04-24,0,common_index_cache,35,-10.0,10.0,10.0,10.0,10.0,6.09,8.7,-3.56,-1.19,16.74,post_close,2026-04-24 15:00:00,人气Top50；当日涨停附近；收在日内高位；温和放量；近5日趋势升温；站上20日线且不过热；v2强势延续修正；v2低分涨停修正,-,v2
2026-04-24,2026-04-17,次日已审,快策略候选,优先成功,priority_success,下个交易日主盯 后续最高表现达到 24.60%，保留这类命中特征。,50,002176,江特电机,强推观察,下个交易日主盯,108.2,2026-04-24,0,common_index_cache,35,-15.64,1.54,6.39,8.59,6.39,18.14,15.27,16.34,13.52,24.6,post_close,2026-04-24 15:00:00,人气Top50；当日涨停附近；收在日内高位；温和放量；近5日趋势升温；站上20日线且不过热；v2强势延续修正；v2低分涨停修正,-,v2
2026-04-24,2026-04-17,次日已审,快策略候选,优先成功,priority_success,下个交易日主盯 后续最高表现达到 23.21%，保留这类命中特征。,21,002709,天赐材料,普通观察,下个交易日主盯,82.4,2026-04-24,0,common_index_cache,35,0.21,0.08,4.21,4.47,4.21,12.48,21.35,12.39,21.26,23.21,post_close,2026-04-24 15:00:00,人气Top50；当日强涨；收盘承接较强；温和放量；近5日趋势升温；站上20日线且不过热；人气排名明显上升,-,v2
2026-04-24,2026-04-17,次日已审,快策略候选,优先成功,priority_success,下个交易日主盯 后续最高表现达到 30.84%，保留这类命中特征。,42,300390,天华新能,普通观察,下个交易日主盯,79.7,2026-04-24,0,common_index_cache,35,0.82,-1.0,3.55,6.79,3.55,21.43,26.04,22.66,27.32,30.84,post_close,2026-04-24 15:00:00,人气Top50；当日涨停附近；收盘承接较强；温和放量；站上20日线且不过热；人气排名明显上升,-,v2
2026-04-24,2026-04-17,次日已审,快策略候选,优先成功,priority_success,下个交易日主盯 后续最高表现达到 17.11%，保留这类命中特征。,74,000973,佛塑科技,普通观察,下个交易日主盯,78.8,2026-04-24,0,common_index_cache,35,-16.64,0.58,3.84,6.37,3.84,12.11,11.85,11.47,11.2,17.11,post_close,2026-04-24 15:00:00,当日涨停附近；收在日内高位；温和放量；站上20日线且不过热；人气排名明显上升,-,v2
2026-04-24,2026-04-17,次日已审,快策略候选,优先成功,priority_success,下个交易日主盯 后续最高表现达到 59.62%，保留这类命中特征。,10,600487,亨通光电,普通观察,下个交易日主盯,77.9,2026-04-24,0,common_index_cache,35,59.62,0.0,2.65,7.12,2.65,-3.11,3.25,-3.11,3.25,7.12,post_close,2026-04-24 15:00:00,人气Top10；温和放量；近5日趋势升温；站上20日线且不过热；持续霸榜,热度可能进入后段,v2
2026-04-24,2026-04-17,次日已审,快策略候选,优先成功,priority_success,下个交易日主盯 后续最高表现达到 23.95%，保留这类命中特征。,33,002240,盛新锂能,普通观察,下个交易日主盯,74.4,2026-04-24,0,common_index_cache,35,-5.16,0.16,2.34,4.77,2.34,7.26,22.01,7.1,21.82,23.95,post_close,2026-04-24 15:00:00,人气Top50；当日涨停附近；收在日内高位；温和放量；站上20日线且不过热；人气排名明显上升,-,v2
2026-04-24,2026-04-17,次日已审,快策略候选,优先成功,priority_success,下个交易日主盯 后续最高表现达到 52.57%，保留这类命中特征。,80,002980,华盛昌,不推送,下个交易日主盯,72.5,2026-04-24,0,common_index_cache,35,52.57,-3.17,-1.69,-0.44,-1.69,-1.14,-7.86,2.1,-4.84,5.97,post_close,2026-04-24 15:00:00,当日强涨；收盘承接较强；温和放量；近5日趋势升温,偏离20日线较大,v2
2026-04-24,2026-04-17,次日已审,快策略候选,优先成功,priority_success,下个交易日主盯 后续最高表现达到 20.37%，保留这类命中特征。,84,600770,综艺股份,普通观察,下个交易日主盯,70.8,2026-04-24,0,common_index_cache,35,-13.63,8.03,-0.14,10.04,-0.14,13.2,20.23,4.78,11.29,20.37,post_close,2026-04-24 15:00:00,当日涨停附近；收在日内高位；近5日趋势升温；站上20日线且不过热；v2低分涨停修正,-,v2
2026-04-24,2026-04-17,次日已审,快策略候选,优先成功,priority_success,下个交易日主盯 后续最高表现达到 33.29%，保留这类命中特征。,79,002192,融捷股份,普通观察,下个交易日主盯,69.0,2026-04-24,0,common_index_cache,35,3.35,3.19,4.8,9.86,4.8,15.08,28.86,11.52,24.88,33.29,post_close,2026-04-24 15:00:00,当日涨停附近；收在日内高位；温和放量；站上20日线且不过热,-,v2
2026-04-24,2026-04-17,次日已审,快策略候选,优先成功,priority_success,下个交易日主盯 后续最高表现达到 25.30%，保留这类命中特征。,95,600338,西藏珠峰,不推送,下个交易日主盯,66.3,2026-04-24,0,common_index_cache,35,-20.65,1.02,10.01,10.01,10.01,22.33,17.32,21.1,16.14,25.3,post_close,2026-04-24 15:00:00,当日涨停附近；收在日内高位；放量仍可控；站上20日线且不过热,-,v2
2026-04-24,2026-04-17,次日已审,快策略候选,优先成功,priority_success,下个交易日主盯 后续最高表现达到 21.24%，保留这类命中特征。,32,603538,美诺华,不推送,下个交易日主盯,62.3,2026-04-24,0,common_index_cache,35,-34.35,-1.88,-2.05,3.13,-2.05,13.41,18.96,15.58,21.24,19.33,post_close,2026-04-24 15:00:00,人气Top50；当日上涨；温和放量；近5日趋势升温；站上20日线且不过热；持续霸榜,热度可能进入后段,v2
2026-04-24,2026-04-17,次日已审,快策略候选,优先成功,priority_success,下个交易日主盯 后续最高表现达到 49.47%，保留这类命中特征。,34,600206,有研新材,不推送,下个交易日主盯,60.7,2026-04-24,0,common_index_cache,35,49.47,1.05,0.3,4.24,0.3,0.41,5.11,-0.63,4.01,9.65,post_close,2026-04-24 15:00:00,人气Top50；温和放量；近5日趋势升温；站上20日线且不过热；人气排名明显上升,-,v2
2026-04-24,2026-04-17,次日已审,快策略候选,优先成功,priority_success,下个交易日主盯 后续最高表现达到 30.05%，保留这类命中特征。,52,605299,舒华体育,不推送,下个交易日主盯,60.7,2026-04-24,0,common_index_cache,35,-28.8,-0.14,6.37,9.99,6.37,13.94,25.47,14.11,25.65,30.05,post_close,2026-04-24 15:00:00,当日上涨；温和放量；近5日趋势升温；站上20日线且不过热；人气排名明显上升,-,v2
2026-04-24,2026-04-17,次日已审,快策略候选,优先成功,priority_success,下个交易日主盯 后续最高表现达到 24.74%，保留这类命中特征。,98,688041,海光信息,不推送,下个交易日主盯,59.8,2026-04-24,0,common_index_cache,35,8.15,5.26,3.95,7.02,3.95,-2.19,20.85,-7.08,14.8,24.74,post_close,2026-04-24 15:00:00,当日强涨；放量仍可控；近5日趋势升温；站上20日线且不过热,-,v2
2026-04-24,2026-04-17,次日已审,快策略候选,优先走弱,priority_failed,下个交易日主盯 未兑现，复盘风险项：-,14,002466,天齐锂业,重点观察,下个交易日主盯,113.0,2026-04-24,0,common_index_cache,35,-13.11,-0.27,-0.07,2.39,-0.07,2.47,10.87,2.75,11.17,11.93,post_close,2026-04-24 15:00:00,人气Top20；当日强涨；收盘承接较强；温和放量；近5日趋势升温；站上20日线且不过热；人气排名明显上升,-,v2
2026-04-24,2026-04-17,次日已审,快策略候选,优先走弱,priority_failed,下个交易日主盯 未兑现，复盘风险项：-,25,002812,恩捷股份,重点观察,下个交易日主盯,101.0,2026-04-24,0,common_index_cache,35,-8.81,3.96,4.76,8.84,4.76,9.45,13.44,5.27,9.11,13.64,post_close,2026-04-24 15:00:00,人气Top50；当日涨停附近；收在日内高位；温和放量；近5日趋势升温；站上20日线且不过热,-,v2
2026-04-24,2026-04-17,次日已审,快策略候选,优先走弱,priority_failed,下个交易日主盯 未兑现，复盘风险项：-,35,600519,贵州茅台,不推送,下个交易日主盯,76.1,2026-04-24,0,common_index_cache,35,-14.98,-2.64,-3.79,-2.64,-3.79,-3.93,-5.72,-1.33,-3.17,-2.64,post_close,2026-04-24 15:00:00,人气Top50；收在日内高位；温和放量；站上20日线且不过热；连续上榜确认；人气排名明显上升,-,v2
2026-04-24,2026-04-17,次日已审,快策略候选,优先走弱,priority_failed,下个交易日主盯 未兑现，复盘风险项：热度可能进入后段,5,002565,顺灏股份,不推送,下个交易日主盯,72.5,2026-04-24,0,common_index_cache,35,-31.36,-3.99,-6.21,-2.42,-6.21,-6.46,-3.03,-2.58,1.0,-0.05,post_close,2026-04-24 15:00:00,人气Top10；温和放量；站上20日线且不过热；持续霸榜,热度可能进入后段,v2
2026-04-24,2026-04-17,次日已审,快策略候选,优先走弱,priority_failed,下个交易日主盯 未兑现，复盘风险项：短线涨幅偏高；偏离20日线较大,100,600208,衢州发展,普通观察,下个交易日主盯,69.45,2026-04-24,0,common_index_cache,35,-34.67,1.69,-9.94,2.33,-9.94,-12.47,-1.69,-13.93,-3.33,2.33,post_close,2026-04-24 15:00:00,当日涨停附近；收在日内高位；温和放量；近5日强势延续；v2低分涨停修正,短线涨幅偏高；偏离20日线较大,v2
2026-04-24,2026-04-17,次日已审,快策略候选,优先走弱,priority_failed,下个交易日主盯 未兑现，复盘风险项：近5日趋势未确认,65,000889,中嘉博创,不推送,下个交易日主盯,67.2,2026-04-24,0,common_index_cache,35,-23.8,-1.88,-6.89,-0.84,-6.89,0.42,1.46,2.34,3.4,3.97,post_close,2026-04-24 15:00:00,当日涨停附近；收在日内高位；温和放量；站上20日线且不过热,近5日趋势未确认,v2
2026-04-24,2026-04-17,次日已审,快策略候选,优先走弱,priority_failed,下个交易日主盯 未兑现，复盘风险项：短线涨幅偏高；偏离20日线较大,28,603906,龙蟠科技,普通观察,下个交易日主盯,66.35,2026-04-24,0,common_index_cache,35,-23.31,0.12,-3.22,3.81,-3.22,1.32,3.19,1.2,3.07,6.02,post_close,2026-04-24 15:00:00,人气Top50；当日上涨；收盘承接较强；温和放量；近5日强势延续；连续上榜确认；人气排名明显上升；v2连榜升温修正,短线涨幅偏高；偏离20日线较大,v2
2026-04-24,2026-04-17,次日已审,快策略候选,优先走弱,priority_failed,下个交易日主盯 未兑现，复盘风险项：放量过猛,41,600633,浙数文化,普通观察,下个交易日主盯,63.0,2026-04-24,0,common_index_cache,35,-28.76,-5.04,-10.01,-4.11,-10.01,-10.8,-10.47,-6.07,-5.72,-4.11,post_close,2026-04-24 15:00:00,人气Top50；当日涨停附近；收在日内高位；近5日趋势升温；站上20日线且不过热；v2低分涨停修正,放量过猛,v2
2026-04-24,2026-04-17,次日已审,快策略候选,优先走弱,priority_failed,下个交易日主盯 未兑现，复盘风险项：放量过猛,83,603390,通达电气,不推送,下个交易日主盯,59.4,2026-04-24,0,common_index_cache,35,-17.26,-3.42,-2.6,-1.16,-2.6,-7.12,-6.92,-3.83,-3.62,-1.16,post_close,2026-04-24 15:00:00,当日涨停附近；收在日内高位；近5日趋势升温；站上20日线且不过热；v2低分涨停修正,放量过猛,v2
2026-04-24,2026-04-17,次日已审,快策略候选,优先走弱,priority_failed,下个交易日主盯 未兑现，复盘风险项：-,24,002261,拓维信息,不推送,下个交易日主盯,58.9,2026-04-24,0,common_index_cache,35,-25.28,0.18,-2.99,0.76,-2.99,-11.58,-4.76,-11.73,-4.93,0.76,post_close,2026-04-24 15:00:00,人气Top50；当日上涨；温和放量；站上20日线且不过热；人气排名明显上升,-,v2
2026-04-24,2026-04-17,次日已审,快策略候选,暂未强势,neutral,继续等待更多交易日或降低权重。,55,002990,盛视科技,普通观察,下个交易日主盯,79.7,2026-04-24,0,common_index_cache,34,0.55,-5.91,-10.18,-4.08,-10.18,-9.74,7.76,-4.07,14.54,8.78,post_close,2026-04-24 15:00:00,当日涨停附近；收在日内高位；温和放量；近5日趋势升温；人气排名明显上升,偏离20日线较大,v2
2026-04-24,2026-04-17,次日已审,快策略候选,暂未强势,neutral,继续等待更多交易日或降低权重。,15,603993,洛阳钼业,不推送,下个交易日主盯,61.6,2026-04-24,0,common_index_cache,35,4.13,-1.86,-3.41,-1.29,-3.41,-2.43,-0.93,-0.58,0.95,-0.62,post_close,2026-04-24 15:00:00,人气Top20；收盘承接较强；温和放量；站上20日线且不过热；人气排名明显上升,近5日趋势未确认,v2
2026-04-24,,次日已审,低层级强势反哺,普通/不推送走强,low_level_winner,不推送 后来走强，原因反哺：人气Top3、站上20日线且不过热,1,688808,联讯仪器,不推送,未入快策略,,2026-04-24,0,common_index_cache,35,189.86,2.63,10.14,12.64,10.14,16.15,27.41,13.17,24.15,32.67,post_close,2026-04-24 15:00:00,人气Top3；站上20日线且不过热,-,v2
2026-04-24,,次日已审,低层级强势反哺,普通/不推送走强,low_level_winner,不推送 后来走强，原因反哺：人气Top10、持续霸榜、温和放量,4,600396,华电辽能,不推送,未入快策略,,2026-04-24,0,common_index_cache,35,93.48,-7.39,10.0,10.0,10.0,13.37,18.59,22.42,28.05,22.83,post_close,2026-04-24 15:00:00,人气Top10；温和放量；近5日强势延续；站上20日线且不过热；持续霸榜,当日转弱；收盘承接偏弱；短线涨幅偏高；热度可能进入后段,v2
2026-04-24,,次日已审,低层级强势反哺,普通/不推送走强,low_level_winner,不推送 后来走强，原因反哺：当日上涨、收盘承接较强、温和放量,99,600110,诺德股份,不推送,未入快策略,,2026-04-24,0,common_index_cache,35,76.43,-1.64,7.38,7.58,7.38,12.6,17.32,14.48,19.27,17.73,post_close,2026-04-24 15:00:00,当日上涨；收盘承接较强；温和放量；站上20日线且不过热；连续上榜确认,近5日趋势未确认；人气排名明显回落,v2
2026-04-24,,次日已审,低层级强势反哺,普通/不推送走强,low_level_winner,不推送 后来走强，原因反哺：温和放量、站上20日线且不过热、近5日强势延续,96,603618,杭电股份,不推送,未入快策略,,2026-04-24,0,common_index_cache,35,69.27,-1.67,-0.65,0.26,-0.65,-3.57,1.73,-1.93,3.46,1.73,post_close,2026-04-24 15:00:00,温和放量；近5日强势延续；站上20日线且不过热；连续上榜确认,当日转弱；收盘承接偏弱；短线涨幅偏高；人气排名明显回落,v2
2026-04-24,,次日已审,低层级强势反哺,普通/不推送走强,low_level_winner,不推送 后来走强，原因反哺：人气Top10、人气排名明显上升、持续霸榜,8,600522,中天科技,不推送,未入快策略,,2026-04-24,0,common_index_cache,35,65.34,3.25,7.74,10.0,7.74,3.22,5.06,-0.03,1.75,10.0,post_close,2026-04-24 15:00:00,人气Top10；近5日趋势升温；站上20日线且不过热；持续霸榜；人气排名明显上升,当日转弱；收盘承接偏弱；热度可能进入后段,v2
2026-04-24,,次日已审,低层级强势反哺,普通/不推送走强,low_level_winner,不推送 后来走强，原因反哺：v2热点回踩观察、温和放量、站上20日线且不过热,56,600186,莲花控股,不推送,未入快策略,,2026-04-24,0,common_index_cache,35,60.39,0.55,2.19,4.81,2.19,18.38,24.73,17.74,24.05,26.37,post_close,2026-04-24 15:00:00,温和放量；近5日趋势升温；站上20日线且不过热；连续上榜确认；v2热点回踩观察,当日转弱；收盘承接偏弱；人气排名明显回落,v2
2026-04-24,,次日已审,低层级强势反哺,普通/不推送走强,low_level_winner,不推送 后来走强，原因反哺：当日上涨、放量仍可控、站上20日线且不过热,58,300475,香农芯创,不推送,未入快策略,,2026-04-24,0,common_index_cache,35,51.37,1.12,5.52,6.67,5.52,7.56,20.12,6.36,18.79,25.89,post_close,2026-04-24 15:00:00,当日上涨；放量仍可控；站上20日线且不过热,收盘承接偏弱；上影线偏长,v2
2026-04-24,,次日已审,低层级强势反哺,普通/不推送走强,low_level_winner,不推送 后来走强，原因反哺：持续霸榜、温和放量,72,603629,利通电子,不推送,未入快策略,,2026-04-24,0,common_index_cache,35,50.82,-2.11,-0.84,2.35,-0.84,19.99,45.17,22.57,48.31,45.17,post_close,2026-04-24 15:00:00,温和放量；持续霸榜,当日转弱；收盘承接偏弱；偏离20日线较大；热度可能进入后段；人气排名明显回落,v2
2026-04-24,,次日已审,低层级强势反哺,普通/不推送走强,low_level_winner,不推送 后来走强，原因反哺：当日强涨、温和放量、近5日强势延续,68,603738,泰晶科技,不推送,未入快策略,,2026-04-24,0,common_index_cache,35,48.2,2.76,-2.21,8.01,-2.21,0.03,-2.41,-2.66,-5.04,8.01,post_close,2026-04-24 15:00:00,当日强涨；温和放量；近5日强势延续,短线涨幅偏高；偏离20日线较大,v2
2026-04-24,,次日已审,低层级强势反哺,普通/不推送走强,low_level_winner,不推送 后来走强，原因反哺：持续霸榜、站上20日线且不过热,97,000988,华工科技,不推送,未入快策略,,2026-04-24,0,common_index_cache,35,47.86,0.68,3.01,5.14,3.01,3.23,8.34,2.53,7.61,12.03,post_close,2026-04-24 15:00:00,站上20日线且不过热；持续霸榜,当日转弱；近5日趋势未确认；热度可能进入后段,v2
2026-04-24,,次日已审,低层级强势反哺,普通/不推送走强,low_level_winner,不推送 后来走强，原因反哺：温和放量、站上20日线且不过热、近5日趋势升温,77,600498,烽火通信,不推送,未入快策略,,2026-04-24,0,common_index_cache,35,46.73,-2.32,-1.26,3.29,-1.26,-1.45,-7.02,0.88,-4.82,3.29,post_close,2026-04-24 15:00:00,温和放量；近5日趋势升温；站上20日线且不过热,当日转弱；收盘承接偏弱；人气排名明显回落,v2
2026-04-24,,次日已审,低层级强势反哺,普通/不推送走强,low_level_winner,不推送 后来走强，原因反哺：人气Top50、持续霸榜、温和放量,22,300308,中际旭创,不推送,未入快策略,,2026-04-24,0,common_index_cache,35,44.03,1.36,-3.38,1.47,-3.38,-4.63,-3.38,-5.9,-4.68,1.47,post_close,2026-04-24 15:00:00,人气Top50；温和放量；站上20日线且不过热；持续霸榜,当日转弱；热度可能进入后段,v2
2026-04-24,,次日已审,低层级强势反哺,普通/不推送走强,low_level_winner,不推送 后来走强，原因反哺：持续霸榜、温和放量、站上20日线且不过热,88,002463,沪电股份,不推送,未入快策略,,2026-04-24,0,common_index_cache,35,43.14,1.1,2.02,3.91,2.02,-0.88,1.87,-1.96,0.75,4.51,post_close,2026-04-24 15:00:00,温和放量；站上20日线且不过热；持续霸榜,当日转弱；收盘承接偏弱；热度可能进入后段；人气排名明显回落,v2
2026-04-24,,次日已审,低层级强势反哺,普通/不推送走强,low_level_winner,不推送 后来走强，原因反哺：人气Top50、持续霸榜、温和放量,38,002384,东山精密,不推送,未入快策略,,2026-04-24,0,common_index_cache,35,36.73,0.05,-0.64,1.41,-0.64,-1.94,2.12,-1.99,2.06,5.94,post_close,2026-04-24 15:00:00,人气Top50；温和放量；近5日趋势升温；持续霸榜,偏离20日线较大；热度可能进入后段,v2
2026-04-24,,次日已审,低层级强势反哺,普通/不推送走强,low_level_winner,不推送 后来走强，原因反哺：人气Top50、持续霸榜、站上20日线且不过热,48,001896,豫能控股,不推送,未入快策略,,2026-04-24,0,common_index_cache,35,29.91,-2.69,-2.15,2.45,-2.15,1.07,-2.09,3.87,0.61,3.28,post_close,2026-04-24 15:00:00,人气Top50；站上20日线且不过热；持续霸榜,当日转弱；收盘承接偏弱；近5日趋势未确认；热度可能进入后段,v2
2026-04-24,,次日已审,低层级强势反哺,普通/不推送走强,low_level_winner,不推送 后来走强，原因反哺：温和放量、站上20日线且不过热、近5日趋势升温,64,300136,信维通信,不推送,未入快策略,,2026-04-24,0,common_index_cache,35,29.84,-0.21,8.75,11.87,8.75,5.12,19.53,5.34,19.78,23.43,post_close,2026-04-24 15:00:00,温和放量；近5日趋势升温；站上20日线且不过热；连续上榜确认,当日转弱；收盘承接偏弱；人气排名明显回落,v2
2026-04-24,,次日已审,低层级强势反哺,普通/不推送走强,low_level_winner,不推送 后来走强，原因反哺：人气Top50、持续霸榜、温和放量,29,600105,永鼎股份,不推送,未入快策略,,2026-04-24,0,common_index_cache,35,28.73,1.84,-1.0,2.84,-1.0,-11.61,-10.88,-13.2,-12.48,2.84,post_close,2026-04-24 15:00:00,人气Top50；温和放量；近5日趋势升温；持续霸榜,收盘承接偏弱；偏离20日线较大；热度可能进入后段；上影线偏长,v2
2026-04-24,,次日已审,低层级强势反哺,普通/不推送走强,low_level_winner,不推送 后来走强，原因反哺：持续霸榜、温和放量、近5日趋势升温,62,002428,云南锗业,不推送,未入快策略,,2026-04-24,0,common_index_cache,35,28.71,-0.25,-5.6,1.08,-5.6,-10.24,-0.14,-10.02,0.1,1.08,post_close,2026-04-24 15:00:00,温和放量；近5日趋势升温；持续霸榜,偏离20日线较大；热度可能进入后段；人气排名明显回落；上影线偏长,v2
2026-04-24,,次日已审,低层级强势反哺,普通/不推送走强,low_level_winner,不推送 后来走强，原因反哺：温和放量、站上20日线且不过热、连续上榜确认,91,601869,长飞光纤,不推送,未入快策略,,2026-04-24,0,common_index_cache,35,25.08,2.67,2.54,7.02,2.54,0.64,-1.93,-1.98,-4.48,7.02,post_close,2026-04-24 15:00:00,温和放量；站上20日线且不过热；连续上榜确认,当日转弱；收盘承接偏弱；人气排名明显回落,v2
2026-04-24,,次日已审,低层级强势反哺,普通/不推送走强,low_level_winner,不推送 后来走强，原因反哺：当日上涨、放量仍可控、站上20日线且不过热,89,688981,中芯国际,不推送,未入快策略,,2026-04-24,0,common_index_cache,35,21.4,2.06,5.06,6.07,5.06,1.36,10.94,-0.69,8.7,15.47,post_close,2026-04-24 15:00:00,当日上涨；放量仍可控；近5日趋势升温；站上20日线且不过热,-,v2
2026-04-24,,次日已审,低层级强势反哺,普通/不推送走强,low_level_winner,不推送 后来走强，原因反哺：v2低分涨停修正、当日涨停附近、收在日内高位,78,300613,富瀚微,不推送,未入快策略,,2026-04-24,0,common_index_cache,18,18.42,7.36,13.91,16.89,13.91,6.24,6.22,-1.05,-1.06,18.85,post_close,2026-04-24 15:00:00,当日涨停附近；收在日内高位；近5日强势延续；连续上榜确认；v2低分涨停修正,放量过猛；短线涨幅偏高；偏离20日线较大,v2
2026-04-24,,次日已审,低层级强势反哺,普通/不推送走强,low_level_winner,不推送 后来走强，原因反哺：人气Top20、持续霸榜、收盘承接较强,19,002297,博云新材,不推送,未入快策略,,2026-04-24,0,common_index_cache,35,15.61,-5.83,-7.94,-5.83,-7.94,4.08,7.67,10.52,14.33,16.59,post_close,2026-04-24 15:00:00,人气Top20；收盘承接较强；温和放量；近5日强势延续；持续霸榜,短线涨幅偏高；远离20日线过多；热度可能进入后段,v2
2026-04-24,,次日已审,低层级强势反哺,普通/不推送走强,low_level_winner,不推送 后来走强，原因反哺：持续霸榜、温和放量,87,603601,再升科技,不推送,未入快策略,,2026-04-24,0,common_index_cache,35,11.21,-2.12,5.36,7.69,5.36,7.12,17.91,9.44,20.46,22.92,post_close,2026-04-24 15:00:00,温和放量；持续霸榜,当日转弱；收盘承接偏弱；近5日趋势未确认；热度可能进入后段,v2
2026-04-24,,次日已审,低层级强势反哺,普通/不推送走强,low_level_winner,不推送 后来走强，原因反哺：站上20日线且不过热,71,000066,中国长城,不推送,未入快策略,,2026-04-24,0,common_index_cache,35,8.27,1.03,1.95,4.86,1.95,9.54,32.52,8.42,31.17,32.52,post_close,2026-04-24 15:00:00,站上20日线且不过热,收盘承接偏弱,v2
2026-04-24,,次日已审,低层级强势反哺,普通/不推送走强,low_level_winner,不推送 后来走强，原因反哺：人气Top50、当日涨停附近、收在日内高位,31,688268,华特气体,不推送,未入快策略,,2026-04-24,0,common_index_cache,35,5.97,4.99,2.94,13.6,2.94,7.6,9.5,2.48,4.29,20.51,post_close,2026-04-24 15:00:00,人气Top50；当日涨停附近；收在日内高位；温和放量,短线涨幅过热；远离20日线过多,v2
2026-04-24,,次日已审,低层级强势反哺,普通/不推送走强,low_level_winner,不推送 后来走强，原因反哺：人气Top20、人气排名明显上升、持续霸榜,18,002149,西部材料,不推送,未入快策略,,2026-04-24,0,common_index_cache,35,3.71,-0.86,-0.03,2.25,-0.03,-0.28,20.66,0.59,21.71,20.66,post_close,2026-04-24 15:00:00,人气Top20；温和放量；近5日趋势升温；站上20日线且不过热；持续霸榜；人气排名明显上升,当日转弱；收盘承接偏弱；热度可能进入后段,v2
2026-04-24,,次日已审,低层级强势反哺,普通/不推送走强,low_level_winner,不推送 后来走强，原因反哺：人气Top20、持续霸榜、近5日强势延续,11,002081,金螳螂,不推送,未入快策略,,2026-04-24,0,common_index_cache,35,-2.45,-10.22,-12.07,-3.89,-12.07,6.95,30.06,19.13,44.87,30.06,post_close,2026-04-24 15:00:00,人气Top20；近5日强势延续；持续霸榜,当日转弱；收盘承接偏弱；短线涨幅偏高；偏离20日线较大；热度可能进入后段,v2
2026-04-24,,次日已审,低层级强势反哺,普通/不推送走强,low_level_winner,不推送 后来走强，原因反哺：连续上榜确认,51,300067,安诺其,不推送,未入快策略,,2026-04-24,0,common_index_cache,18,-2.85,1.35,-2.25,2.85,-2.25,6.75,13.49,5.33,11.98,17.69,post_close,2026-04-24 15:00:00,连续上榜确认,当日转弱；收盘承接偏弱；放量过猛；短线涨幅过热；偏离20日线较大,v2
2026-04-24,,次日已审,低层级强势反哺,普通/不推送走强,low_level_winner,不推送 后来走强，原因反哺：人气Top50、当日涨停附近、收在日内高位,40,603318,水发燃气,不推送,未入快策略,,2026-04-24,0,common_index_cache,35,-13.08,7.46,10.01,10.01,10.01,27.74,27.3,18.87,18.46,32.57,post_close,2026-04-24 15:00:00,人气Top50；当日涨停附近；收在日内高位,量能不足；短线涨幅过热；偏离20日线较大；一字或近似一字，参与点差,v2
2026-04-24,,次日已审,低层级强势反哺,普通/不推送走强,low_level_winner,不推送 后来走强，原因反哺：人气排名明显上升、当日涨停附近、收在日内高位,76,600152,维科技术,不推送,未入快策略,,2026-04-24,0,common_index_cache,35,-14.58,3.63,10.03,10.03,10.03,11.88,16.44,7.97,12.36,21.06,post_close,2026-04-24 15:00:00,当日涨停附近；收在日内高位；站上20日线且不过热；人气排名明显上升,近5日趋势未确认,v2
2026-04-24,,次日已审,低层级强势反哺,普通/不推送走强,low_level_winner,普通观察 后来走强，原因反哺：人气Top10、持续霸榜、温和放量,10,600487,亨通光电,普通观察,已入快策略,,2026-04-24,0,common_index_cache,35,59.62,0.0,2.65,7.12,2.65,-3.11,3.25,-3.11,3.25,7.12,post_close,2026-04-24 15:00:00,人气Top10；温和放量；近5日趋势升温；站上20日线且不过热；持续霸榜,热度可能进入后段,v2
2026-04-24,,次日已审,低层级强势反哺,普通/不推送走强,low_level_winner,不推送 后来走强，原因反哺：当日强涨、收盘承接较强、温和放量,80,002980,华盛昌,不推送,已入快策略,,2026-04-24,0,common_index_cache,35,52.57,-3.17,-1.69,-0.44,-1.69,-1.14,-7.86,2.1,-4.84,5.97,post_close,2026-04-24 15:00:00,当日强涨；收盘承接较强；温和放量；近5日趋势升温,偏离20日线较大,v2
2026-04-24,,次日已审,低层级强势反哺,普通/不推送走强,low_level_winner,不推送 后来走强，原因反哺：人气Top50、人气排名明显上升、温和放量,34,600206,有研新材,不推送,已入快策略,,2026-04-24,0,common_index_cache,35,49.47,1.05,0.3,4.24,0.3,0.41,5.11,-0.63,4.01,9.65,post_close,2026-04-24 15:00:00,人气Top50；温和放量；近5日趋势升温；站上20日线且不过热；人气排名明显上升,-,v2
2026-04-24,,次日已审,低层级强势反哺,普通/不推送走强,low_level_winner,不推送 后来走强，原因反哺：当日强涨、放量仍可控、站上20日线且不过热,98,688041,海光信息,不推送,已入快策略,,2026-04-24,0,common_index_cache,35,8.15,5.26,3.95,7.02,3.95,-2.19,20.85,-7.08,14.8,24.74,post_close,2026-04-24 15:00:00,当日强涨；放量仍可控；近5日趋势升温；站上20日线且不过热,-,v2
2026-04-24,,次日已审,低层级强势反哺,普通/不推送走强,low_level_winner,普通观察 后来走强，原因反哺：当日涨停附近、收在日内高位、温和放量,79,002192,融捷股份,普通观察,已入快策略,,2026-04-24,0,common_index_cache,35,3.35,3.19,4.8,9.86,4.8,15.08,28.86,11.52,24.88,33.29,post_close,2026-04-24 15:00:00,当日涨停附近；收在日内高位；温和放量；站上20日线且不过热,-,v2
2026-04-24,,次日已审,低层级强势反哺,普通/不推送走强,low_level_winner,普通观察 后来走强，原因反哺：人气Top50、人气排名明显上升、当日涨停附近,42,300390,天华新能,普通观察,已入快策略,,2026-04-24,0,common_index_cache,35,0.82,-1.0,3.55,6.79,3.55,21.43,26.04,22.66,27.32,30.84,post_close,2026-04-24 15:00:00,人气Top50；当日涨停附近；收盘承接较强；温和放量；站上20日线且不过热；人气排名明显上升,-,v2
2026-04-24,,次日已审,低层级强势反哺,普通/不推送走强,low_level_winner,普通观察 后来走强，原因反哺：人气Top50、人气排名明显上升、当日强涨,21,002709,天赐材料,普通观察,已入快策略,,2026-04-24,0,common_index_cache,35,0.21,0.08,4.21,4.47,4.21,12.48,21.35,12.39,21.26,23.21,post_close,2026-04-24 15:00:00,人气Top50；当日强涨；收盘承接较强；温和放量；近5日趋势升温；站上20日线且不过热；人气排名明显上升,-,v2
2026-04-24,,次日已审,低层级强势反哺,普通/不推送走强,low_level_winner,普通观察 后来走强，原因反哺：人气Top50、人气排名明显上升、当日涨停附近,33,002240,盛新锂能,普通观察,已入快策略,,2026-04-24,0,common_index_cache,35,-5.16,0.16,2.34,4.77,2.34,7.26,22.01,7.1,21.82,23.95,post_close,2026-04-24 15:00:00,人气Top50；当日涨停附近；收在日内高位；温和放量；站上20日线且不过热；人气排名明显上升,-,v2
2026-04-24,,次日已审,低层级强势反哺,普通/不推送走强,low_level_winner,普通观察 后来走强，原因反哺：v2低分涨停修正、当日涨停附近、收在日内高位,84,600770,综艺股份,普通观察,已入快策略,,2026-04-24,0,common_index_cache,35,-13.63,8.03,-0.14,10.04,-0.14,13.2,20.23,4.78,11.29,20.37,post_close,2026-04-24 15:00:00,当日涨停附近；收在日内高位；近5日趋势升温；站上20日线且不过热；v2低分涨停修正,-,v2
2026-04-24,,次日已审,低层级强势反哺,普通/不推送走强,low_level_winner,普通观察 后来走强，原因反哺：人气排名明显上升、当日涨停附近、收在日内高位,74,000973,佛塑科技,普通观察,已入快策略,,2026-04-24,0,common_index_cache,35,-16.64,0.58,3.84,6.37,3.84,12.11,11.85,11.47,11.2,17.11,post_close,2026-04-24 15:00:00,当日涨停附近；收在日内高位；温和放量；站上20日线且不过热；人气排名明显上升,-,v2
2026-04-24,,次日已审,低层级强势反哺,普通/不推送走强,low_level_winner,不推送 后来走强，原因反哺：当日涨停附近、收在日内高位、放量仍可控,95,600338,西藏珠峰,不推送,已入快策略,,2026-04-24,0,common_index_cache,35,-20.65,1.02,10.01,10.01,10.01,22.33,17.32,21.1,16.14,25.3,post_close,2026-04-24 15:00:00,当日涨停附近；收在日内高位；放量仍可控；站上20日线且不过热,-,v2
2026-04-24,,次日已审,低层级强势反哺,普通/不推送走强,low_level_winner,不推送 后来走强，原因反哺：人气排名明显上升、当日上涨、温和放量,52,605299,舒华体育,不推送,已入快策略,,2026-04-24,0,common_index_cache,35,-28.8,-0.14,6.37,9.99,6.37,13.94,25.47,14.11,25.65,30.05,post_close,2026-04-24 15:00:00,当日上涨；温和放量；近5日趋势升温；站上20日线且不过热；人气排名明显上升,-,v2
2026-04-24,,次日已审,低层级强势反哺,普通/不推送走强,low_level_winner,不推送 后来走强，原因反哺：人气Top50、当日上涨、持续霸榜,32,603538,美诺华,不推送,已入快策略,,2026-04-24,0,common_index_cache,35,-34.35,-1.88,-2.05,3.13,-2.05,13.41,18.96,15.58,21.24,19.33,post_close,2026-04-24 15:00:00,人气Top50；当日上涨；温和放量；近5日趋势升温；站上20日线且不过热；持续霸榜,热度可能进入后段,v2
2026-04-23,2026-04-16,次日已审,快策略候选,优先成功,priority_success,下个交易日主盯 后续最高表现达到 15.92%，保留这类命中特征。,7,002297,博云新材,重点观察,下个交易日主盯,111.65,2026-04-23,0,common_index_cache,36,15.92,-3.01,0.27,0.94,0.27,1.53,10.16,4.68,13.58,14.21,post_close,2026-04-23 15:00:00,人气Top10；当日涨停附近；收在日内高位；温和放量；近5日强势延续；持续霸榜；人气排名明显上升,短线涨幅偏高；远离20日线过多；热度可能进入后段,v2
2026-04-23,2026-04-16,次日已审,快策略候选,优先成功,priority_success,下个交易日主盯 后续最高表现达到 59.67%，保留这类命中特征。,8,600487,亨通光电,普通观察,下个交易日主盯,109.85,2026-04-23,0,common_index_cache,36,59.67,-2.19,0.03,2.56,0.03,-1.77,-5.49,0.43,-3.38,7.15,post_close,2026-04-23 15:00:00,人气Top10；当日上涨；收盘承接较强；温和放量；近5日强势延续；站上20日线且不过热；持续霸榜,短线涨幅偏高；热度可能进入后段,v2
2026-04-23,2026-04-16,次日已审,快策略候选,优先成功,priority_success,下个交易日主盯 后续最高表现达到 81.08%，保留这类命中特征。,1,600396,华电辽能,强推观察,下个交易日主盯,107.0,2026-04-23,0,common_index_cache,36,81.08,-1.83,-6.41,9.87,-6.41,9.87,0.92,11.92,2.8,14.95,post_close,2026-04-23 15:00:00,人气Top3；当日涨停附近；收在日内高位；温和放量；近5日强势延续；站上20日线且不过热；持续霸榜；人气排名明显上升；v2强势延续修正；v2低分涨停修正,短线涨幅偏高；热度可能进入后段,v2
2026-04-23,2026-04-16,次日已审,快策略候选,优先成功,priority_success,下个交易日主盯 后续最高表现达到 17.55%，保留这类命中特征。,16,603538,美诺华,重点观察,下个交易日主盯,93.0,2026-04-23,0,common_index_cache,36,-31.95,-0.99,3.65,6.93,3.65,8.23,12.44,9.31,13.56,17.55,post_close,2026-04-23 15:00:00,人气Top20；当日涨停附近；收在日内高位；温和放量；站上20日线且不过热；持续霸榜；人气排名明显上升,近5日趋势未确认；热度可能进入后段,v2
2026-04-23,2026-04-16,次日已审,快策略候选,优先成功,priority_success,下个交易日主盯 后续最高表现达到 31.12%，保留这类命中特征。,17,002008,大族激光,重点观察,下个交易日主盯,92.6,2026-04-23,0,common_index_cache,36,31.12,-0.19,-1.29,2.11,-1.29,1.37,-2.97,1.57,-2.79,6.91,post_close,2026-04-23 15:00:00,人气Top20；当日涨停附近；收在日内高位；温和放量；近5日趋势升温；人气排名明显上升；v2低分涨停修正,偏离20日线较大,v2
2026-04-23,2026-04-16,次日已审,快策略候选,优先成功,priority_success,下个交易日主盯 后续最高表现达到 21.09%，保留这类命中特征。,29,001896,豫能控股,普通观察,下个交易日主盯,92.0,2026-04-23,0,common_index_cache,36,21.09,-2.67,-6.79,-0.45,-6.79,-12.47,-15.19,-10.06,-12.86,-0.45,post_close,2026-04-23 15:00:00,人气Top50；收盘承接较强；温和放量；近5日趋势升温；站上20日线且不过热；持续霸榜；人气排名明显上升,热度可能进入后段,v2
2026-04-23,2026-04-16,次日已审,快策略候选,优先成功,priority_success,下个交易日主盯 后续最高表现达到 42.26%，保留这类命中特征。,10,300308,中际旭创,普通观察,下个交易日主盯,90.0,2026-04-23,0,common_index_cache,36,42.26,0.25,-1.23,1.9,-1.23,-8.14,-4.4,-8.37,-4.64,1.9,post_close,2026-04-23 15:00:00,人气Top10；温和放量；近5日趋势升温；站上20日线且不过热；持续霸榜；人气排名明显上升,热度可能进入后段；上影线偏长,v2
2026-04-23,2026-04-16,次日已审,快策略候选,优先成功,priority_success,下个交易日主盯 后续最高表现达到 26.56%，保留这类命中特征。,12,300136,信维通信,重点观察,下个交易日主盯,88.1,2026-04-23,0,common_index_cache,36,26.56,-0.55,-2.59,5.42,-2.59,4.83,9.4,5.41,10.01,10.21,post_close,2026-04-23 15:00:00,人气Top20；当日上涨；收在日内高位；温和放量；近5日趋势升温；站上20日线且不过热；人气排名明显上升,-,v2
2026-04-23,2026-04-16,次日已审,快策略候选,优先成功,priority_success,下个交易日主盯 后续最高表现达到 55.13%，保留这类命中特征。,13,600186,莲花控股,强推观察,下个交易日主盯,83.0,2026-04-23,0,common_index_cache,36,55.13,1.38,-3.28,3.7,-3.28,4.13,13.44,2.71,11.9,22.22,post_close,2026-04-23 15:00:00,人气Top20；当日涨停附近；收在日内高位；温和放量；近5日趋势升温；站上20日线且不过热；连续上榜确认；v2强势延续修正；v2连榜升温修正；v2低分涨停修正,-,v2
2026-04-23,2026-04-16,次日已审,快策略候选,优先成功,priority_success,下个交易日主盯 后续最高表现达到 64.69%，保留这类命中特征。,23,603618,杭电股份,强推观察,下个交易日主盯,79.85,2026-04-23,0,common_index_cache,36,64.69,0.8,-2.71,5.48,-2.71,-7.48,-10.03,-8.21,-10.74,5.48,post_close,2026-04-23 15:00:00,人气Top50；当日涨停附近；收在日内高位；温和放量；近5日强势延续；站上20日线且不过热；连续上榜确认；人气排名明显上升；v2连榜升温修正,短线涨幅偏高,v2
2026-04-23,2026-04-16,次日已审,快策略候选,优先成功,priority_success,下个交易日主盯 后续最高表现达到 41.68%，保留这类命中特征。,31,603629,利通电子,不推送,下个交易日主盯,75.2,2026-04-23,0,common_index_cache,36,41.68,-4.12,-6.06,-0.33,-6.06,2.46,23.98,6.87,29.31,23.99,post_close,2026-04-23 15:00:00,人气Top50；当日强涨；收盘承接较强；温和放量；近5日趋势升温；持续霸榜；人气排名明显上升,远离20日线过多；热度可能进入后段,v2
2026-04-23,2026-04-16,次日已审,快策略候选,优先成功,priority_success,下个交易日主盯 后续最高表现达到 57.50%，保留这类命中特征。,42,600726,华电能源,强推观察,下个交易日主盯,73.2,2026-04-23,0,common_index_cache,36,57.5,4.93,10.06,10.06,10.06,33.21,25.05,26.94,19.17,44.78,post_close,2026-04-23 15:00:00,人气Top50；当日涨停附近；收在日内高位；温和放量；近5日趋势升温；站上20日线且不过热；v2强势延续修正；v2低分涨停修正,-,v2
2026-04-23,2026-04-16,次日已审,快策略候选,优先走弱,priority_failed,下个交易日主盯 未兑现，复盘风险项：热度可能进入后段,2,601778,晶科科技,强推观察,下个交易日主盯,107.0,2026-04-23,0,common_index_cache,36,-30.18,4.87,-0.28,9.6,-0.28,-0.97,-9.6,-5.57,-13.79,9.6,post_close,2026-04-23 15:00:00,人气Top3；当日涨停附近；收在日内高位；温和放量；近5日趋势升温；站上20日线且不过热；持续霸榜；人气排名明显上升,热度可能进入后段,v2
2026-04-23,2026-04-16,次日已审,快策略候选,优先走弱,priority_failed,下个交易日主盯 未兑现，复盘风险项：短线涨幅偏高,15,000890,法尔胜,重点观察,下个交易日主盯,105.05,2026-04-23,0,common_index_cache,36,-45.58,-0.78,-3.1,4.3,-3.1,-5.13,-6.56,-4.39,-5.83,4.36,post_close,2026-04-23 15:00:00,人气Top20；当日涨停附近；收在日内高位；温和放量；近5日强势延续；站上20日线且不过热；连续上榜确认,短线涨幅偏高,v2
2026-04-23,2026-04-16,次日已审,快策略候选,优先走弱,priority_failed,下个交易日主盯 未兑现，复盘风险项：热度可能进入后段,18,600821,金开新能,普通观察,下个交易日主盯,86.7,2026-04-23,0,common_index_cache,36,-30.38,-1.98,-7.31,-0.84,-7.31,-12.94,-18.58,-11.18,-16.93,-0.84,post_close,2026-04-23 15:00:00,人气Top20；当日上涨；温和放量；近5日趋势升温；站上20日线且不过热；持续霸榜；人气排名明显上升,热度可能进入后段,v2
2026-04-23,2026-04-16,次日已审,快策略候选,优先走弱,priority_failed,下个交易日主盯 未兑现，复盘风险项：-,9,601016,节能风电,强推观察,下个交易日主盯,86.1,2026-04-23,0,common_index_cache,36,-10.94,1.12,0.0,6.03,0.0,5.58,-4.91,4.42,-5.96,8.26,post_close,2026-04-23 15:00:00,人气Top10；当日涨停附近；收在日内高位；近5日趋势升温；站上20日线且不过热；首次上榜即强势；v2强势延续修正,-,v2
2026-04-23,2026-04-16,次日已审,快策略候选,优先走弱,priority_failed,下个交易日主盯 未兑现，复盘风险项：-,40,600118,中国卫星,普通观察,下个交易日主盯,84.9,2026-04-23,0,common_index_cache,36,-25.7,-2.0,-5.59,-1.31,-5.59,-4.91,0.78,-2.97,2.84,1.76,post_close,2026-04-23 15:00:00,人气Top50；当日上涨；温和放量；近5日趋势升温；站上20日线且不过热；连续上榜确认；人气排名明显上升,-,v2
2026-04-23,2026-04-16,次日已审,快策略候选,优先走弱,priority_failed,下个交易日主盯 未兑现，复盘风险项：短线涨幅偏高,34,002429,兆驰股份,重点观察,下个交易日主盯,82.35,2026-04-23,0,common_index_cache,36,-9.47,-10.69,-10.69,-10.69,-10.69,-14.05,-16.34,-3.76,-6.32,-7.18,post_close,2026-04-23 15:00:00,人气Top50；当日涨停附近；收在日内高位；放量仍可控；近5日强势延续；站上20日线且不过热；v2强势延续修正；v2低分涨停修正,短线涨幅偏高,v2
2026-04-23,2026-04-16,次日已审,快策略候选,优先走弱,priority_failed,下个交易日主盯 未兑现，复盘风险项：-,36,603220,中贝通信,强推观察,下个交易日主盯,79.4,2026-04-23,0,common_index_cache,36,-29.1,-2.95,-6.98,-2.13,-6.98,-14.61,-17.44,-12.01,-14.93,-2.13,post_close,2026-04-23 15:00:00,人气Top50；当日涨停附近；收在日内高位；温和放量；近5日趋势升温；站上20日线且不过热；连续上榜确认；人气排名明显上升,-,v2
2026-04-23,2026-04-16,次日已审,快策略候选,优先走弱,priority_failed,下个交易日主盯 未兑现，复盘风险项：-,60,600310,广西能源,普通观察,下个交易日主盯,77.4,2026-04-23,0,common_index_cache,36,-11.55,0.19,-3.6,4.73,-3.6,0.57,-7.01,0.38,-7.18,4.73,post_close,2026-04-23 15:00:00,当日涨停附近；收在日内高位；放量仍可控；近5日趋势升温；站上20日线且不过热；v2低分涨停修正,-,v2
2026-04-23,2026-04-16,次日已审,快策略候选,优先走弱,priority_failed,下个交易日主盯 未兑现，复盘风险项：短线涨幅偏高；人气排名明显回落,98,603017,中衡设计,普通观察,下个交易日主盯,75.15,2026-04-23,0,common_index_cache,36,-32.75,-2.79,-7.29,-2.0,-7.29,-15.55,-6.44,-13.12,-3.75,-2.0,post_close,2026-04-23 15:00:00,当日涨停附近；收在日内高位；温和放量；近5日强势延续；站上20日线且不过热；v2低分涨停修正,短线涨幅偏高；人气排名明显回落,v2
2026-04-23,2026-04-16,次日已审,快策略候选,优先走弱,priority_failed,下个交易日主盯 未兑现，复盘风险项：-,95,002490,山东墨龙,普通观察,下个交易日主盯,74.7,2026-04-23,0,common_index_cache,36,-24.05,1.33,5.12,8.29,5.12,4.61,2.97,3.23,1.62,11.36,post_close,2026-04-23 15:00:00,当日涨停附近；收在日内高位；放量仍可控；近5日趋势升温；站上20日线且不过热,-,v2
2026-04-23,2026-04-16,次日已审,快策略候选,优先走弱,priority_failed,下个交易日主盯 未兑现，复盘风险项：-,68,000537,绿发电力,普通观察,下个交易日主盯,73.8,2026-04-23,0,common_index_cache,36,-26.61,0.0,-5.75,0.0,-5.75,-11.59,-15.11,-11.59,-15.11,0.0,post_close,2026-04-23 15:00:00,当日涨停附近；收在日内高位；近5日趋势升温；站上20日线且不过热；v2低分涨停修正,-,v2
2026-04-23,2026-04-16,次日已审,快策略候选,优先走弱,priority_failed,下个交易日主盯 未兑现，复盘风险项：-,21,600986,浙文互联,强推观察,下个交易日主盯,72.3,2026-04-23,0,common_index_cache,36,-34.13,-3.54,1.4,7.09,1.4,-12.28,-17.64,-9.06,-14.62,7.09,post_close,2026-04-23 15:00:00,人气Top50；当日涨停附近；收在日内高位；温和放量；近5日趋势升温；站上20日线且不过热；人气排名明显上升；v2强势延续修正,-,v2
2026-04-23,2026-04-16,次日已审,快策略候选,优先走弱,priority_failed,下个交易日主盯 未兑现，复盘风险项：-,59,003035,南网能源,普通观察,下个交易日主盯,72.0,2026-04-23,0,common_index_cache,35,-30.72,-1.96,-8.71,-1.96,-8.71,-11.98,-19.39,-10.22,-17.78,-1.96,post_close,2026-04-23 15:00:00,当日强涨；收在日内高位；放量仍可控；近5日趋势升温；站上20日线且不过热,-,v2
2026-04-23,2026-04-16,次日已审,快策略候选,优先走弱,priority_failed,下个交易日主盯 未兑现，复盘风险项：-,39,603308,应流股份,强推观察,下个交易日主盯,70.5,2026-04-23,0,common_index_cache,36,-22.93,-1.0,-0.98,2.0,-0.98,-7.87,-8.94,-6.94,-8.02,2.0,post_close,2026-04-23 15:00:00,人气Top50；当日涨停附近；收在日内高位；放量仍可控；近5日趋势升温；站上20日线且不过热；v2强势延续修正；v2低分涨停修正,-,v2
2026-04-23,2026-04-16,次日已审,快策略候选,优先走弱,priority_failed,下个交易日主盯 未兑现，复盘风险项：短线涨幅偏高,32,300342,天银机电,不推送,下个交易日主盯,68.55,2026-04-23,0,common_index_cache,36,-38.35,-1.78,-2.02,2.77,-2.02,-6.22,-5.59,-4.52,-3.87,2.77,post_close,2026-04-23 15:00:00,人气Top50；当日强涨；温和放量；近5日强势延续；站上20日线且不过热；连续上榜确认,短线涨幅偏高,v2
2026-04-23,2026-04-16,次日已审,快策略候选,优先走弱,priority_failed,下个交易日主盯 未兑现，复盘风险项：热度可能进入后段,24,002015,协鑫能科,不推送,下个交易日主盯,68.1,2026-04-23,0,common_index_cache,36,-8.37,-3.0,-5.66,0.97,-5.66,-8.75,-14.17,-5.93,-11.52,0.97,post_close,2026-04-23 15:00:00,人气Top50；当日上涨；温和放量；近5日趋势升温；站上20日线且不过热；持续霸榜；人气排名明显上升,热度可能进入后段,v2
2026-04-23,2026-04-16,次日已审,快策略候选,暂未强势,neutral,继续等待更多交易日或降低权重。,47,001267,汇绿生态,强推观察,下个交易日主盯,81.2,2026-04-23,0,common_index_cache,36,7.93,1.65,-1.34,5.24,-1.34,1.59,5.85,-0.06,4.13,11.23,post_close,2026-04-23 15:00:00,人气Top50；当日涨停附近；收在日内高位；温和放量；近5日趋势升温；站上20日线且不过热；v2强势延续修正；v2低分涨停修正,-,v2
2026-04-23,2026-04-16,次日已审,快策略候选,暂未强势,neutral,继续等待更多交易日或降低权重。,20,000539,粤电力A,普通观察,下个交易日主盯,77.85,2026-04-23,0,common_index_cache,36,14.97,-5.17,-8.25,-2.1,-8.25,1.68,-8.67,7.23,-3.69,4.76,post_close,2026-04-23 15:00:00,人气Top20；当日强涨；收在日内高位；放量仍可控；近5日强势延续；站上20日线且不过热；人气排名明显上升,短线涨幅偏高,v2
2026-04-23,,次日已审,低层级强势反哺,普通/不推送走强,low_level_winner,不推送 后来走强，原因反哺：人气Top50、温和放量、连续上榜确认,43,600110,诺德股份,不推送,未入快策略,,2026-04-23,0,common_index_cache,36,85.76,-3.56,5.29,7.34,5.29,13.92,15.97,18.12,20.25,22.33,post_close,2026-04-23 15:00:00,人气Top50；温和放量；连续上榜确认,当日转弱；收盘承接偏弱；近5日趋势未确认；人气排名明显回落,v2
2026-04-23,,次日已审,低层级强势反哺,普通/不推送走强,low_level_winner,不推送 后来走强，原因反哺：人气Top50、当日上涨、持续霸榜,27,002281,光迅科技,不推送,未入快策略,,2026-04-23,0,common_index_cache,36,83.78,-1.5,-2.26,3.03,-2.26,4.04,9.57,5.63,11.24,11.0,post_close,2026-04-23 15:00:00,人气Top50；当日上涨；温和放量；近5日趋势升温；站上20日线且不过热；持续霸榜,热度可能进入后段；人气排名明显回落,v2
2026-04-23,,次日已审,低层级强势反哺,普通/不推送走强,low_level_winner,不推送 后来走强，原因反哺：持续霸榜、温和放量、站上20日线且不过热,94,002491,通鼎互联,不推送,未入快策略,,2026-04-23,0,common_index_cache,36,70.59,-2.91,-7.01,-0.18,-7.01,-1.6,-6.12,1.35,-3.3,3.15,post_close,2026-04-23 15:00:00,温和放量；近5日趋势升温；站上20日线且不过热；持续霸榜,当日转弱；收盘承接偏弱；热度可能进入后段,v2
2026-04-23,,次日已审,低层级强势反哺,普通/不推送走强,low_level_winner,不推送 后来走强，原因反哺：持续霸榜、温和放量、站上20日线且不过热,53,600522,中天科技,不推送,未入快策略,,2026-04-23,0,common_index_cache,36,61.17,-0.21,-2.52,1.26,-2.52,2.73,-2.79,2.94,-2.59,7.22,post_close,2026-04-23 15:00:00,温和放量；近5日趋势升温；站上20日线且不过热；持续霸榜,当日转弱；热度可能进入后段；人气排名明显回落,v2
2026-04-23,,次日已审,低层级强势反哺,普通/不推送走强,low_level_winner,不推送 后来走强，原因反哺：持续霸榜、温和放量、站上20日线且不过热,83,000988,华工科技,不推送,未入快策略,,2026-04-23,0,common_index_cache,36,44.93,-2.25,-1.98,-0.25,-1.98,-1.75,1.6,0.51,3.94,3.06,post_close,2026-04-23 15:00:00,温和放量；站上20日线且不过热；持续霸榜,当日转弱；收盘承接偏弱；热度可能进入后段；人气排名明显回落,v2
2026-04-23,,次日已审,低层级强势反哺,普通/不推送走强,low_level_winner,不推送 后来走强，原因反哺：收盘承接较强、放量仍可控、站上20日线且不过热,79,300613,富瀚微,不推送,未入快策略,,2026-04-23,0,common_index_cache,19,42.11,19.62,20.01,20.01,20.01,29.96,26.36,8.64,5.64,42.63,post_close,2026-04-23 15:00:00,收盘承接较强；放量仍可控；近5日趋势升温；站上20日线且不过热,-,v2
2026-04-23,,次日已审,低层级强势反哺,普通/不推送走强,low_level_winner,不推送 后来走强，原因反哺：人气Top50、持续霸榜、温和放量,35,002384,东山精密,不推送,未入快策略,,2026-04-23,0,common_index_cache,36,37.64,3.66,0.66,5.0,0.66,-1.48,0.04,-4.96,-3.5,5.0,post_close,2026-04-23 15:00:00,人气Top50；温和放量；近5日趋势升温；持续霸榜,收盘承接偏弱；偏离20日线较大；热度可能进入后段；人气排名明显回落,v2
2026-04-23,,次日已审,低层级强势反哺,普通/不推送走强,low_level_winner,不推送 后来走强，原因反哺：当日上涨、持续霸榜、温和放量,57,002463,沪电股份,不推送,未入快策略,,2026-04-23,0,common_index_cache,36,37.45,-1.07,-4.45,0.68,-4.45,-4.91,-4.27,-3.89,-3.23,0.68,post_close,2026-04-23 15:00:00,当日上涨；温和放量；近5日趋势升温；站上20日线且不过热；持续霸榜,热度可能进入后段；人气排名明显回落,v2
2026-04-23,,次日已审,低层级强势反哺,普通/不推送走强,low_level_winner,不推送 后来走强，原因反哺：持续霸榜、放量仍可控、近5日强势延续,81,600330,天通股份,不推送,未入快策略,,2026-04-23,0,common_index_cache,36,30.51,-1.13,1.13,6.99,1.13,3.2,8.95,4.39,10.19,11.25,post_close,2026-04-23 15:00:00,放量仍可控；近5日强势延续；持续霸榜,当日转弱；收盘承接偏弱；短线涨幅偏高；偏离20日线较大；热度可能进入后段；人气排名明显回落,v2
2026-04-23,,次日已审,低层级强势反哺,普通/不推送走强,low_level_winner,不推送 后来走强，原因反哺：人气Top20、当日上涨、持续霸榜,19,600105,永鼎股份,不推送,未入快策略,,2026-04-23,0,common_index_cache,36,30.08,0.0,1.05,5.15,1.05,-7.53,-12.56,-7.53,-12.56,5.15,post_close,2026-04-23 15:00:00,人气Top20；当日上涨；温和放量；近5日趋势升温；持续霸榜,偏离20日线较大；热度可能进入后段；上影线偏长,v2
2026-04-23,,次日已审,低层级强势反哺,普通/不推送走强,low_level_winner,不推送 后来走强，原因反哺：人气Top50、持续霸榜、温和放量,37,002428,云南锗业,不推送,未入快策略,,2026-04-23,0,common_index_cache,36,29.11,-1.05,0.31,5.75,0.31,-9.37,-8.94,-8.4,-7.97,5.75,post_close,2026-04-23 15:00:00,人气Top50；温和放量；近5日强势延续；持续霸榜,收盘承接偏弱；短线涨幅偏高；偏离20日线较大；热度可能进入后段；上影线偏长,v2
2026-04-23,,次日已审,低层级强势反哺,普通/不推送走强,low_level_winner,不推送 后来走强，原因反哺：温和放量、站上20日线且不过热、连续上榜确认,61,601869,长飞光纤,不推送,未入快策略,,2026-04-23,0,common_index_cache,36,19.6,-1.72,-4.38,-0.01,-4.38,-2.99,-8.08,-1.29,-6.47,2.33,post_close,2026-04-23 15:00:00,温和放量；站上20日线且不过热；连续上榜确认,当日转弱；收盘承接偏弱；人气排名明显回落,v2
2026-04-23,,次日已审,低层级强势反哺,普通/不推送走强,low_level_winner,不推送 后来走强，原因反哺：持续霸榜、温和放量、站上20日线且不过热,80,002217,合力泰,不推送,未入快策略,,2026-04-23,0,common_index_cache,36,-3.97,-0.36,-2.89,3.25,-2.89,7.58,4.33,7.97,4.71,17.69,post_close,2026-04-23 15:00:00,温和放量；近5日趋势升温；站上20日线且不过热；持续霸榜,当日转弱；收盘承接偏弱；热度可能进入后段；人气排名明显回落,v2
2026-04-23,,次日已审,低层级强势反哺,普通/不推送走强,low_level_winner,普通观察 后来走强，原因反哺：人气Top10、当日上涨、持续霸榜,8,600487,亨通光电,普通观察,已入快策略,,2026-04-23,0,common_index_cache,36,59.67,-2.19,0.03,2.56,0.03,-1.77,-5.49,0.43,-3.38,7.15,post_close,2026-04-23 15:00:00,人气Top10；当日上涨；收盘承接较强；温和放量；近5日强势延续；站上20日线且不过热；持续霸榜,短线涨幅偏高；热度可能进入后段,v2
2026-04-23,,次日已审,低层级强势反哺,普通/不推送走强,low_level_winner,普通观察 后来走强，原因反哺：人气Top10、人气排名明显上升、持续霸榜,10,300308,中际旭创,普通观察,已入快策略,,2026-04-23,0,common_index_cache,36,42.26,0.25,-1.23,1.9,-1.23,-8.14,-4.4,-8.37,-4.64,1.9,post_close,2026-04-23 15:00:00,人气Top10；温和放量；近5日趋势升温；站上20日线且不过热；持续霸榜；人气排名明显上升,热度可能进入后段；上影线偏长,v2
2026-04-23,,次日已审,低层级强势反哺,普通/不推送走强,low_level_winner,不推送 后来走强，原因反哺：人气Top50、人气排名明显上升、当日强涨,31,603629,利通电子,不推送,已入快策略,,2026-04-23,0,common_index_cache,36,41.68,-4.12,-6.06,-0.33,-6.06,2.46,23.98,6.87,29.31,23.99,post_close,2026-04-23 15:00:00,人气Top50；当日强涨；收盘承接较强；温和放量；近5日趋势升温；持续霸榜；人气排名明显上升,远离20日线过多；热度可能进入后段,v2
2026-04-23,,次日已审,低层级强势反哺,普通/不推送走强,low_level_winner,普通观察 后来走强，原因反哺：人气Top50、人气排名明显上升、持续霸榜,29,001896,豫能控股,普通观察,已入快策略,,2026-04-23,0,common_index_cache,36,21.09,-2.67,-6.79,-0.45,-6.79,-12.47,-15.19,-10.06,-12.86,-0.45,post_close,2026-04-23 15:00:00,人气Top50；收盘承接较强；温和放量；近5日趋势升温；站上20日线且不过热；持续霸榜；人气排名明显上升,热度可能进入后段,v2
2026-04-22,2026-04-15,次日已审,快策略候选,优先成功,priority_success,下个交易日主盯 后续最高表现达到 99.11%，保留这类命中特征。,15,600396,华电辽能,强推观察,下个交易日主盯,103.0,2026-04-22,0,common_index_cache,37,99.11,3.91,9.96,9.96,9.96,13.2,16.67,8.93,12.27,26.4,post_close,2026-04-22 15:00:00,人气Top20；当日涨停附近；收在日内高位；温和放量；近5日趋势升温；站上20日线且不过热；持续霸榜；v2强势延续修正,热度可能进入后段,v2
2026-04-22,2026-04-15,次日已审,快策略候选,优先成功,priority_success,下个交易日主盯 后续最高表现达到 68.74%，保留这类命中特征。,13,600487,亨通光电,强推观察,下个交易日主盯,103.0,2026-04-22,0,common_index_cache,37,68.74,1.51,5.69,6.87,5.69,8.51,2.43,6.9,0.91,13.24,post_close,2026-04-22 15:00:00,人气Top20；当日涨停附近；收在日内高位；温和放量；近5日强势延续；站上20日线且不过热；持续霸榜；人气排名明显上升；v2强势延续修正；v2低分涨停修正,短线涨幅偏高；热度可能进入后段,v2
2026-04-22,2026-04-15,次日已审,快策略候选,优先成功,priority_success,下个交易日主盯 后续最高表现达到 70.66%，保留这类命中特征。,14,600186,莲花控股,重点观察,下个交易日主盯,97.6,2026-04-22,0,common_index_cache,37,70.66,-0.23,10.01,10.01,10.01,8.73,25.96,8.98,26.25,25.96,post_close,2026-04-22 15:00:00,人气Top20；当日上涨；收盘承接较强；温和放量；近5日趋势升温；站上20日线且不过热；连续上榜确认；人气排名明显上升；v2连榜升温修正,-,v2
2026-04-22,2026-04-15,次日已审,快策略候选,优先成功,priority_success,下个交易日主盯 后续最高表现达到 57.70%，保留这类命中特征。,19,600522,中天科技,重点观察,下个交易日主盯,95.35,2026-04-22,0,common_index_cache,37,57.7,-2.35,-2.15,0.63,-2.15,2.76,-1.55,5.24,0.82,4.91,post_close,2026-04-22 15:00:00,人气Top20；当日强涨；收在日内高位；温和放量；近5日强势延续；站上20日线且不过热；连续上榜确认,短线涨幅偏高,v2
2026-04-22,2026-04-15,次日已审,快策略候选,优先成功,priority_success,下个交易日主盯 后续最高表现达到 41.91%，保留这类命中特征。,18,002463,沪电股份,重点观察,下个交易日主盯,84.2,2026-04-22,0,common_index_cache,37,41.91,1.22,2.76,5.32,2.76,1.14,-1.73,-0.08,-2.92,5.32,post_close,2026-04-22 15:00:00,人气Top20；当日上涨；收盘承接较强；温和放量；近5日趋势升温；站上20日线且不过热；持续霸榜；人气排名明显上升,热度可能进入后段,v2
2026-04-22,2026-04-15,次日已审,快策略候选,优先成功,priority_success,下个交易日主盯 后续最高表现达到 37.88%，保留这类命中特征。,3,002384,东山精密,强推观察,下个交易日主盯,80.75,2026-04-22,0,common_index_cache,37,37.88,3.04,0.17,4.11,0.17,0.19,-1.12,-2.76,-4.04,5.18,post_close,2026-04-22 15:00:00,人气Top3；当日涨停附近；收在日内高位；温和放量；近5日强势延续；持续霸榜；v2低分涨停修正,短线涨幅偏高；偏离20日线较大；热度可能进入后段,v2
2026-04-22,2026-04-15,次日已审,快策略候选,优先成功,priority_success,下个交易日主盯 后续最高表现达到 81.19%，保留这类命中特征。,41,603618,杭电股份,强推观察,下个交易日主盯,79.85,2026-04-22,0,common_index_cache,37,81.19,1.09,10.02,10.02,10.02,6.34,3.22,5.2,2.11,16.04,post_close,2026-04-22 15:00:00,人气Top50；当日涨停附近；收在日内高位；温和放量；近5日强势延续；站上20日线且不过热；连续上榜确认；v2强势延续修正；v2低分涨停修正,短线涨幅偏高；人气排名明显回落,v2
2026-04-22,2026-04-15,次日已审,快策略候选,优先成功,priority_success,下个交易日主盯 后续最高表现达到 40.98%，保留这类命中特征。,49,000988,华工科技,普通观察,下个交易日主盯,79.3,2026-04-22,0,common_index_cache,37,40.98,0.81,-2.73,2.11,-2.73,-1.79,-1.58,-2.58,-2.37,2.11,post_close,2026-04-22 15:00:00,人气Top50；当日上涨；收在日内高位；温和放量；近5日趋势升温；站上20日线且不过热；持续霸榜；人气排名明显上升,热度可能进入后段,v2
2026-04-22,2026-04-15,次日已审,快策略候选,优先成功,priority_success,下个交易日主盯 后续最高表现达到 95.21%，保留这类命中特征。,5,002281,光迅科技,普通观察,下个交易日主盯,77.5,2026-04-22,0,common_index_cache,37,95.21,0.71,6.22,8.89,6.22,8.51,7.18,7.75,6.42,14.11,post_close,2026-04-22 15:00:00,人气Top10；温和放量；近5日趋势升温；站上20日线且不过热；连续上榜确认；人气排名明显上升,-,v2
2026-04-22,2026-04-15,次日已审,快策略候选,优先成功,priority_success,下个交易日主盯 后续最高表现达到 19.79%，保留这类命中特征。,43,000062,深圳华强,强推观察,下个交易日主盯,77.2,2026-04-22,0,common_index_cache,37,-2.73,1.1,-4.66,1.1,-4.66,15.41,9.22,14.15,8.03,19.79,post_close,2026-04-22 15:00:00,人气Top50；当日涨停附近；收在日内高位；温和放量；近5日趋势升温；站上20日线且不过热；v2强势延续修正；v2低分涨停修正,-,v2
2026-04-22,2026-04-15,次日已审,快策略候选,优先成功,priority_success,下个交易日主盯 后续最高表现达到 18.10%，保留这类命中特征。,36,603906,龙蟠科技,强推观察,下个交易日主盯,75.85,2026-04-22,0,common_index_cache,37,-12.75,0.0,6.39,9.71,6.39,10.1,15.27,10.1,15.27,18.1,post_close,2026-04-22 15:00:00,人气Top50；当日涨停附近；收在日内高位；温和放量；近5日强势延续；站上20日线且不过热；人气排名明显上升；v2强势延续修正；v2低分涨停修正,短线涨幅偏高,v2
2026-04-22,2026-04-15,次日已审,快策略候选,优先成功,priority_success,下个交易日主盯 后续最高表现达到 67.18%，保留这类命中特征。,7,600110,诺德股份,不推送,下个交易日主盯,75.1,2026-04-22,0,common_index_cache,37,67.18,2.43,-10.0,2.91,-10.0,1.75,6.7,-0.66,4.17,7.86,post_close,2026-04-22 15:00:00,人气Top10；当日上涨；温和放量；站上20日线且不过热；人气排名明显上升,-,v2
2026-04-22,2026-04-15,次日已审,快策略候选,优先成功,priority_success,下个交易日主盯 后续最高表现达到 29.15%，保留这类命中特征。,28,600330,天通股份,重点观察,下个交易日主盯,74.45,2026-04-22,0,common_index_cache,37,29.15,4.29,-1.04,6.42,-1.04,5.99,-0.81,1.63,-4.89,10.09,post_close,2026-04-22 15:00:00,人气Top50；当日涨停附近；收在日内高位；温和放量；近5日强势延续；连续上榜确认；人气排名明显上升；v2低分涨停修正,短线涨幅偏高；偏离20日线较大,v2
2026-04-22,2026-04-15,次日已审,快策略候选,优先成功,priority_success,下个交易日主盯 后续最高表现达到 48.47%，保留这类命中特征。,94,600206,有研新材,不推送,下个交易日主盯,74.2,2026-04-22,0,common_index_cache,37,48.47,0.07,-3.17,2.76,-3.17,-0.37,-0.26,-0.45,-0.34,3.54,post_close,2026-04-22 15:00:00,当日强涨；收盘承接较强；温和放量；近5日趋势升温；站上20日线且不过热,人气排名明显回落,v2
2026-04-22,2026-04-15,次日已审,快策略候选,优先成功,priority_success,下个交易日主盯 后续最高表现达到 38.57%，保留这类命中特征。,9,600105,永鼎股份,重点观察,下个交易日主盯,73.1,2026-04-22,0,common_index_cache,37,38.57,5.64,6.52,9.97,6.52,6.57,-4.85,0.87,-9.94,12.01,post_close,2026-04-22 15:00:00,人气Top10；当日涨停附近；收在日内高位；近5日趋势升温；持续霸榜；人气排名明显上升；v2低分涨停修正,量能不足；偏离20日线较大；热度可能进入后段,v2
2026-04-22,2026-04-15,次日已审,快策略候选,优先成功,priority_success,下个交易日主盯 后续最高表现达到 43.93%，保留这类命中特征。,24,300308,中际旭创,普通观察,下个交易日主盯,73.0,2026-04-22,0,common_index_cache,37,43.93,0.27,1.06,3.65,1.06,-3.45,-4.69,-3.71,-4.95,3.65,post_close,2026-04-22 15:00:00,人气Top50；收盘承接较强；温和放量；近5日趋势升温；站上20日线且不过热；持续霸榜；人气排名明显上升,热度可能进入后段,v2
2026-04-22,2026-04-15,次日已审,快策略候选,优先成功,priority_success,下个交易日主盯 后续最高表现达到 43.96%，保留这类命中特征。,78,300620,光库科技,不推送,下个交易日主盯,72.4,2026-04-22,0,common_index_cache,37,43.96,2.0,-10.12,2.76,-10.12,-12.76,-14.38,-14.46,-16.05,2.76,post_close,2026-04-22 15:00:00,当日上涨；收盘承接较强；温和放量；近5日趋势升温；站上20日线且不过热,-,v2
2026-04-22,2026-04-15,次日已审,快策略候选,优先成功,priority_success,下个交易日主盯 后续最高表现达到 36.30%，保留这类命中特征。,52,600498,烽火通信,不推送,下个交易日主盯,72.4,2026-04-22,0,common_index_cache,37,36.3,-0.46,-2.22,1.94,-2.22,-8.28,-8.46,-7.86,-8.04,1.94,post_close,2026-04-22 15:00:00,当日上涨；收盘承接较强；温和放量；近5日趋势升温；站上20日线且不过热,-,v2
2026-04-22,2026-04-15,次日已审,快策略候选,优先走弱,priority_failed,下个交易日主盯 未兑现，复盘风险项：热度可能进入后段,16,300058,蓝色光标,不推送,下个交易日主盯,99.1,2026-04-22,0,common_index_cache,37,-22.3,0.83,-1.25,6.08,-1.25,-10.24,-9.62,-10.98,-10.36,6.08,post_close,2026-04-22 15:00:00,人气Top20；温和放量；近5日趋势升温；站上20日线且不过热；持续霸榜；人气排名明显上升,热度可能进入后段,v2
2026-04-22,2026-04-15,次日已审,快策略候选,优先走弱,priority_failed,下个交易日主盯 未兑现，复盘风险项：-,32,002418,康盛股份,强推观察,下个交易日主盯,91.0,2026-04-22,0,common_index_cache,37,-37.24,2.52,-3.41,5.64,-3.41,-11.13,-13.06,-13.31,-15.2,5.64,post_close,2026-04-22 15:00:00,人气Top50；当日涨停附近；收在日内高位；温和放量；近5日趋势升温；站上20日线且不过热；连续上榜确认；人气排名明显上升；v2强势延续修正；v2低分涨停修正,-,v2
2026-04-22,2026-04-15,次日已审,快策略候选,优先走弱,priority_failed,下个交易日主盯 未兑现，复盘风险项：人气排名明显回落,66,002149,西部材料,不推送,下个交易日主盯,86.2,2026-04-22,0,common_index_cache,37,-6.32,-0.19,0.36,4.38,0.36,-9.7,-9.92,-9.53,-9.75,4.38,post_close,2026-04-22 15:00:00,当日上涨；收盘承接较强；温和放量；近5日趋势升温；站上20日线且不过热；连续上榜确认,人气排名明显回落,v2
2026-04-22,2026-04-15,次日已审,快策略候选,优先走弱,priority_failed,下个交易日主盯 未兑现，复盘风险项：-,10,000890,法尔胜,重点观察,下个交易日主盯,81.1,2026-04-22,0,common_index_cache,37,-40.16,6.63,9.97,9.97,9.97,8.33,12.86,1.6,5.85,14.76,post_close,2026-04-22 15:00:00,人气Top10；当日上涨；温和放量；近5日趋势升温；站上20日线且不过热；连续上榜确认；人气排名明显上升,-,v2
2026-04-22,2026-04-15,次日已审,快策略候选,优先走弱,priority_failed,下个交易日主盯 未兑现，复盘风险项：热度可能进入后段,47,002015,协鑫能科,普通观察,下个交易日主盯,79.3,2026-04-22,0,common_index_cache,37,-4.63,1.66,4.08,8.71,4.08,-7.85,-5.94,-9.36,-7.48,8.71,post_close,2026-04-22 15:00:00,人气Top50；当日上涨；收在日内高位；温和放量；近5日趋势升温；站上20日线且不过热；持续霸榜；人气排名明显上升,热度可能进入后段,v2
2026-04-22,2026-04-15,次日已审,快策略候选,优先走弱,priority_failed,下个交易日主盯 未兑现，复盘风险项：热度可能进入后段,45,002475,立讯精密,普通观察,下个交易日主盯,74.8,2026-04-22,0,common_index_cache,37,-1.04,1.43,-0.38,3.9,-0.38,5.79,0.9,4.3,-0.52,6.72,post_close,2026-04-22 15:00:00,人气Top50；当日上涨；收盘承接较强；温和放量；近5日趋势升温；站上20日线且不过热；持续霸榜,热度可能进入后段,v2
2026-04-22,2026-04-15,次日已审,快策略候选,优先走弱,priority_failed,下个交易日主盯 未兑现，复盘风险项：-,37,002261,拓维信息,不推送,下个交易日主盯,73.3,2026-04-22,0,common_index_cache,37,-23.24,-1.01,-0.55,1.9,-0.55,-0.34,-9.16,0.68,-8.23,5.8,post_close,2026-04-22 15:00:00,人气Top50；当日上涨；温和放量；近5日趋势升温；站上20日线且不过热；人气排名明显上升,-,v2
2026-04-22,2026-04-15,次日已审,快策略候选,优先走弱,priority_failed,下个交易日主盯 未兑现，复盘风险项：-,82,300394,天孚通信,普通观察,下个交易日主盯,73.0,2026-04-22,0,common_index_cache,37,-12.27,0.05,-6.74,0.69,-6.74,-14.16,-17.13,-14.2,-17.18,0.69,post_close,2026-04-22 15:00:00,当日上涨；收盘承接较强；温和放量；近5日趋势升温；站上20日线且不过热；连续上榜确认,-,v2
2026-04-22,2026-04-15,次日已审,快策略候选,优先走弱,priority_failed,下个交易日主盯 未兑现，复盘风险项：热度可能进入后段,63,600410,华胜天成,不推送,下个交易日主盯,72.6,2026-04-22,0,common_index_cache,37,-38.25,-1.04,-4.21,0.73,-4.21,-9.5,-21.65,-8.55,-20.82,0.73,post_close,2026-04-22 15:00:00,收盘承接较强；温和放量；近5日趋势升温；站上20日线且不过热；持续霸榜,热度可能进入后段,v2
2026-04-22,2026-04-15,次日已审,快策略候选,暂未强势,neutral,继续等待更多交易日或降低权重。,12,600703,三安光电,强推观察,下个交易日主盯,95.0,2026-04-22,0,common_index_cache,37,14.86,6.43,3.82,7.5,3.82,-1.41,-6.69,-7.36,-12.33,7.5,post_close,2026-04-22 15:00:00,人气Top20；当日涨停附近；收在日内高位；近5日趋势升温；站上20日线且不过热；连续上榜确认；人气排名明显上升；v2强势延续修正；v2低分涨停修正,-,v2
2026-04-22,2026-04-15,次日已审,快策略候选,暂未强势,neutral,继续等待更多交易日或降低权重。,2,601138,工业富联,强推观察,下个交易日主盯,90.1,2026-04-22,0,common_index_cache,37,8.6,0.13,1.54,3.3,1.54,0.54,-0.94,0.4,-1.07,3.3,post_close,2026-04-22 15:00:00,人气Top3；当日强涨；收盘承接较强；温和放量；近5日趋势升温；站上20日线且不过热；持续霸榜；人气排名明显上升,热度可能进入后段,v2
2026-04-22,2026-04-15,次日已审,快策略候选,暂未强势,neutral,继续等待更多交易日或降低权重。,91,300476,胜宏科技,普通观察,下个交易日主盯,73.0,2026-04-22,0,common_index_cache,37,5.52,0.97,-3.16,1.52,-3.16,-7.4,-2.6,-8.3,-3.54,1.52,post_close,2026-04-22 15:00:00,当日上涨；收盘承接较强；温和放量；近5日趋势升温；站上20日线且不过热；连续上榜确认,-,v2
2026-04-22,,次日已审,低层级强势反哺,普通/不推送走强,low_level_winner,不推送 后来走强，原因反哺：v2低分涨停修正、人气Top50、当日涨停附近,46,603773,沃格光电,不推送,未入快策略,,2026-04-22,0,common_index_cache,37,158.13,-4.44,-6.0,2.55,-6.0,-0.36,8.36,4.28,13.4,8.36,post_close,2026-04-22 15:00:00,人气Top50；当日涨停附近；收在日内高位；温和放量；近5日强势延续；v2低分涨停修正,短线涨幅偏高；远离20日线过多,v2
2026-04-22,,次日已审,低层级强势反哺,普通/不推送走强,low_level_winner,普通观察 后来走强，原因反哺：v2低分涨停修正、当日涨停附近、收在日内高位,88,002636,金安国纪,普通观察,未入快策略,,2026-04-22,0,common_index_cache,37,107.75,1.61,-6.38,2.56,-6.38,-4.54,-1.85,-6.05,-3.4,5.04,post_close,2026-04-22 15:00:00,当日涨停附近；收在日内高位；温和放量；近5日趋势升温；v2低分涨停修正,偏离20日线较大,v2
2026-04-22,,次日已审,低层级强势反哺,普通/不推送走强,low_level_winner,普通观察 后来走强，原因反哺：人气排名明显上升、当日涨停附近、收在日内高位,59,600869,远东股份,普通观察,未入快策略,,2026-04-22,0,common_index_cache,37,93.6,-0.29,-3.84,0.29,-3.84,0.35,1.28,0.64,1.58,4.71,post_close,2026-04-22 15:00:00,当日涨停附近；收在日内高位；放量仍可控；近5日趋势升温；站上20日线且不过热；人气排名明显上升,-,v2
2026-04-22,,次日已审,低层级强势反哺,普通/不推送走强,low_level_winner,不推送 后来走强，原因反哺：当日涨停附近、收在日内高位、站上20日线且不过热,70,688820,盛合晶微,不推送,未入快策略,,2026-04-22,0,common_index_cache,37,91.44,-0.53,-6.74,7.89,-6.74,6.42,-2.63,6.98,-2.12,8.42,post_close,2026-04-22 15:00:00,当日涨停附近；收在日内高位；站上20日线且不过热；连续上榜确认,人气排名明显回落,v2
2026-04-22,,次日已审,低层级强势反哺,普通/不推送走强,low_level_winner,不推送 后来走强，原因反哺：持续霸榜、温和放量、站上20日线且不过热,100,002491,通鼎互联,不推送,未入快策略,,2026-04-22,0,common_index_cache,37,66.72,-1.22,-2.26,5.69,-2.26,-2.32,-3.77,-1.12,-2.59,5.69,post_close,2026-04-22 15:00:00,温和放量；近5日趋势升温；站上20日线且不过热；持续霸榜,热度可能进入后段；人气排名明显回落,v2
2026-04-22,,次日已审,低层级强势反哺,普通/不推送走强,low_level_winner,不推送 后来走强，原因反哺：收盘承接较强、温和放量、近5日强势延续,54,603738,泰晶科技,不推送,未入快策略,,2026-04-22,0,common_index_cache,37,66.1,1.35,4.17,5.72,4.17,9.6,12.11,8.14,10.61,21.06,post_close,2026-04-22 15:00:00,收盘承接较强；温和放量；近5日强势延续；连续上榜确认,短线涨幅偏高；偏离20日线较大；人气排名明显回落,v2
2026-04-22,,次日已审,低层级强势反哺,普通/不推送走强,low_level_winner,普通观察 后来走强，原因反哺：v2低分涨停修正、当日涨停附近、收在日内高位,57,002938,鹏鼎控股,普通观察,未入快策略,,2026-04-22,0,common_index_cache,37,56.22,1.64,-1.0,3.26,-1.0,1.31,-4.41,-0.32,-5.95,3.26,post_close,2026-04-22 15:00:00,当日涨停附近；收在日内高位；温和放量；近5日强势延续；v2低分涨停修正,短线涨幅偏高；偏离20日线较大,v2
2026-04-22,,次日已审,低层级强势反哺,普通/不推送走强,low_level_winner,不推送 后来走强，原因反哺：当日上涨、持续霸榜、收盘承接较强,68,603629,利通电子,不推送,未入快策略,,2026-04-22,0,common_index_cache,37,52.52,-0.18,7.65,10.0,7.65,0.28,21.34,0.46,21.56,21.34,post_close,2026-04-22 15:00:00,当日上涨；收盘承接较强；温和放量；近5日趋势升温；持续霸榜,偏离20日线较大；热度可能进入后段,v2
2026-04-22,,次日已审,低层级强势反哺,普通/不推送走强,low_level_winner,不推送 后来走强，原因反哺：人气Top50、当日上涨、持续霸榜,42,002297,博云新材,不推送,未入快策略,,2026-04-22,0,common_index_cache,37,27.06,1.23,9.61,10.0,9.61,1.18,14.39,-0.05,13.0,20.06,post_close,2026-04-22 15:00:00,人气Top50；当日上涨；温和放量；近5日强势延续；持续霸榜,短线涨幅偏高；远离20日线过多；热度可能进入后段；人气排名明显回落,v2
2026-04-22,,次日已审,低层级强势反哺,普通/不推送走强,low_level_winner,不推送 后来走强，原因反哺：持续霸榜、温和放量、站上20日线且不过热,55,001896,豫能控股,不推送,未入快策略,,2026-04-22,0,common_index_cache,37,24.34,1.14,2.69,5.49,2.69,-6.34,-3.26,-7.4,-4.35,5.49,post_close,2026-04-22 15:00:00,温和放量；近5日趋势升温；站上20日线且不过热；持续霸榜,热度可能进入后段；人气排名明显回落,v2
2026-04-22,,次日已审,低层级强势反哺,普通/不推送走强,low_level_winner,普通观察 后来走强，原因反哺：v2低分涨停修正、当日涨停附近、收在日内高位,95,600641,先导基电,普通观察,未入快策略,,2026-04-22,0,common_index_cache,37,21.95,-0.59,-0.22,6.65,-0.22,-2.0,0.0,-1.41,0.59,6.65,post_close,2026-04-22 15:00:00,当日涨停附近；收在日内高位；温和放量；近5日趋势升温；v2低分涨停修正,偏离20日线较大,v2
2026-04-22,,次日已审,低层级强势反哺,普通/不推送走强,low_level_winner,不推送 后来走强，原因反哺：当日涨停附近、收在日内高位、温和放量,65,003018,金富科技,不推送,未入快策略,,2026-04-22,0,common_index_cache,37,18.58,5.36,4.92,10.0,4.92,6.38,5.48,0.96,0.11,11.59,post_close,2026-04-22 15:00:00,当日涨停附近；收在日内高位；温和放量；连续上榜确认,短线涨幅过热；远离20日线过多,v2
2026-04-22,,次日已审,低层级强势反哺,普通/不推送走强,low_level_winner,不推送 后来走强，原因反哺：人气排名明显上升、当日上涨、收盘承接较强,71,603083,剑桥科技,不推送,未入快策略,,2026-04-22,0,common_index_cache,37,18.07,-1.43,-4.72,0.26,-4.72,-10.96,-1.02,-9.67,0.42,0.26,post_close,2026-04-22 15:00:00,当日上涨；收盘承接较强；温和放量；近5日强势延续；连续上榜确认；人气排名明显上升,短线涨幅偏高；偏离20日线较大,v2
2026-04-22,,次日已审,低层级强势反哺,普通/不推送走强,low_level_winner,不推送 后来走强，原因反哺：当日涨停附近、收在日内高位、温和放量,72,300067,安诺其,不推送,未入快策略,,2026-04-22,0,common_index_cache,20,6.93,19.97,19.97,19.97,19.97,7.59,17.49,-10.32,-2.06,27.89,post_close,2026-04-22 15:00:00,当日涨停附近；收在日内高位；温和放量；近5日强势延续,短线涨幅偏高；偏离20日线较大；一字或近似一字，参与点差,v2
2026-04-22,,次日已审,低层级强势反哺,普通/不推送走强,low_level_winner,普通观察 后来走强，原因反哺：v2低分涨停修正、人气Top50、人气排名明显上升,48,600736,苏州高新,普通观察,未入快策略,,2026-04-22,0,common_index_cache,37,-0.53,9.99,9.99,9.99,9.99,0.53,10.38,-8.6,0.36,21.02,post_close,2026-04-22 15:00:00,人气Top50；当日涨停附近；收在日内高位；近5日趋势升温；站上20日线且不过热；连续上榜确认；人气排名明显上升；v2低分涨停修正,放量过猛,v2
2026-04-22,,次日已审,低层级强势反哺,普通/不推送走强,low_level_winner,不推送 后来走强，原因反哺：人气Top50、持续霸榜、温和放量,40,601778,晶科科技,不推送,未入快策略,,2026-04-22,0,common_index_cache,37,-23.24,5.05,9.94,9.94,9.94,6.12,6.42,1.02,1.31,20.49,post_close,2026-04-22 15:00:00,人气Top50；温和放量；近5日趋势升温；站上20日线且不过热；持续霸榜,收盘承接偏弱；热度可能进入后段；人气排名明显回落；上影线偏长,v2
2026-04-22,,次日已审,低层级强势反哺,普通/不推送走强,low_level_winner,不推送 后来走强，原因反哺：持续霸榜、温和放量、站上20日线且不过热,74,603538,美诺华,不推送,未入快策略,,2026-04-22,0,common_index_cache,37,-25.15,0.81,10.0,10.0,10.0,11.68,29.31,10.78,28.27,29.31,post_close,2026-04-22 15:00:00,温和放量；站上20日线且不过热；持续霸榜,当日转弱；收盘承接偏弱；近5日趋势未确认；热度可能进入后段,v2
2026-04-22,,次日已审,低层级强势反哺,普通/不推送走强,low_level_winner,普通观察 后来走强，原因反哺：人气Top10、人气排名明显上升、温和放量,5,002281,光迅科技,普通观察,已入快策略,,2026-04-22,0,common_index_cache,37,95.21,0.71,6.22,8.89,6.22,8.51,7.18,7.75,6.42,14.11,post_close,2026-04-22 15:00:00,人气Top10；温和放量；近5日趋势升温；站上20日线且不过热；连续上榜确认；人气排名明显上升,-,v2
2026-04-22,,次日已审,低层级强势反哺,普通/不推送走强,low_level_winner,不推送 后来走强，原因反哺：人气Top10、人气排名明显上升、当日上涨,7,600110,诺德股份,不推送,已入快策略,,2026-04-22,0,common_index_cache,37,67.18,2.43,-10.0,2.91,-10.0,1.75,6.7,-0.66,4.17,7.86,post_close,2026-04-22 15:00:00,人气Top10；当日上涨；温和放量；站上20日线且不过热；人气排名明显上升,-,v2
2026-04-22,,次日已审,低层级强势反哺,普通/不推送走强,low_level_winner,不推送 后来走强，原因反哺：当日强涨、收盘承接较强、温和放量,94,600206,有研新材,不推送,已入快策略,,2026-04-22,0,common_index_cache,37,48.47,0.07,-3.17,2.76,-3.17,-0.37,-0.26,-0.45,-0.34,3.54,post_close,2026-04-22 15:00:00,当日强涨；收盘承接较强；温和放量；近5日趋势升温；站上20日线且不过热,人气排名明显回落,v2
2026-04-22,,次日已审,低层级强势反哺,普通/不推送走强,low_level_winner,不推送 后来走强，原因反哺：当日上涨、收盘承接较强、温和放量,78,300620,光库科技,不推送,已入快策略,,2026-04-22,0,common_index_cache,37,43.96,2.0,-10.12,2.76,-10.12,-12.76,-14.38,-14.46,-16.05,2.76,post_close,2026-04-22 15:00:00,当日上涨；收盘承接较强；温和放量；近5日趋势升温；站上20日线且不过热,-,v2
2026-04-22,,次日已审,低层级强势反哺,普通/不推送走强,low_level_winner,普通观察 后来走强，原因反哺：人气Top50、人气排名明显上升、持续霸榜,24,300308,中际旭创,普通观察,已入快策略,,2026-04-22,0,common_index_cache,37,43.93,0.27,1.06,3.65,1.06,-3.45,-4.69,-3.71,-4.95,3.65,post_close,2026-04-22 15:00:00,人气Top50；收盘承接较强；温和放量；近5日趋势升温；站上20日线且不过热；持续霸榜；人气排名明显上升,热度可能进入后段,v2
2026-04-22,,次日已审,低层级强势反哺,普通/不推送走强,low_level_winner,普通观察 后来走强，原因反哺：人气Top50、人气排名明显上升、当日上涨,49,000988,华工科技,普通观察,已入快策略,,2026-04-22,0,common_index_cache,37,40.98,0.81,-2.73,2.11,-2.73,-1.79,-1.58,-2.58,-2.37,2.11,post_close,2026-04-22 15:00:00,人气Top50；当日上涨；收在日内高位；温和放量；近5日趋势升温；站上20日线且不过热；持续霸榜；人气排名明显上升,热度可能进入后段,v2
2026-04-22,,次日已审,低层级强势反哺,普通/不推送走强,low_level_winner,不推送 后来走强，原因反哺：当日上涨、收盘承接较强、温和放量,52,600498,烽火通信,不推送,已入快策略,,2026-04-22,0,common_index_cache,37,36.3,-0.46,-2.22,1.94,-2.22,-8.28,-8.46,-7.86,-8.04,1.94,post_close,2026-04-22 15:00:00,当日上涨；收盘承接较强；温和放量；近5日趋势升温；站上20日线且不过热,-,v2
2026-04-21,2026-04-14,次日已审,快策略候选,优先成功,priority_success,下个交易日主盯 后续最高表现达到 28.64%，保留这类命中特征。,39,000539,粤电力A,强推观察,下个交易日主盯,108.2,2026-04-21,0,common_index_cache,38,28.64,6.26,2.5,7.98,2.5,2.66,13.77,-3.39,7.07,17.21,post_close,2026-04-21 15:00:00,人气Top50；当日涨停附近；收在日内高位；温和放量；近5日趋势升温；站上20日线且不过热；v2强势延续修正；v2低分涨停修正,-,v2
2026-04-21,2026-04-14,次日已审,快策略候选,优先成功,priority_success,下个交易日主盯 后续最高表现达到 70.18%，保留这类命中特征。,28,603738,泰晶科技,强推观察,下个交易日主盯,105.5,2026-04-21,0,common_index_cache,38,70.18,0.95,2.45,4.7,2.45,14.83,4.41,13.74,3.43,24.03,post_close,2026-04-21 15:00:00,人气Top50；当日涨停附近；收在日内高位；温和放量；近5日趋势升温；人气排名明显上升；v2强势延续修正；v2低分涨停修正,偏离20日线较大,v2
2026-04-21,2026-04-14,次日已审,快策略候选,优先成功,priority_success,下个交易日主盯 后续最高表现达到 21.60%，保留这类命中特征。,12,002081,金螳螂,强推观察,下个交易日主盯,102.0,2026-04-21,0,common_index_cache,38,6.24,10.02,10.02,10.02,10.02,8.91,5.57,-1.01,-4.05,21.6,post_close,2026-04-21 15:00:00,人气Top20；当日涨停附近；收在日内高位；放量仍可控；近5日强势延续；连续上榜确认；人气排名明显上升；v2强势延续修正；v2连榜升温修正；v2低分涨停修正,短线涨幅偏高；偏离20日线较大,v2
2026-04-21,2026-04-14,次日已审,快策略候选,优先成功,priority_success,下个交易日主盯 后续最高表现达到 20.96%，保留这类命中特征。,19,002201,九鼎新材,强推观察,下个交易日主盯,98.0,2026-04-21,0,common_index_cache,38,-8.4,0.0,9.98,9.98,9.98,1.94,3.52,1.94,3.52,20.96,post_close,2026-04-21 15:00:00,人气Top20；当日涨停附近；收在日内高位；放量仍可控；近5日趋势升温；站上20日线且不过热；首次上榜即强势；v2强势延续修正；v2低分涨停修正,-,v2
2026-04-21,2026-04-14,次日已审,快策略候选,优先成功,priority_success,下个交易日主盯 后续最高表现达到 19.81%，保留这类命中特征。,64,000890,法尔胜,普通观察,下个交易日主盯,93.8,2026-04-21,0,common_index_cache,38,-37.49,1.1,4.46,8.98,4.46,11.31,8.98,10.1,7.8,19.81,post_close,2026-04-21 15:00:00,当日强涨；收盘承接较强；温和放量；近5日趋势升温；站上20日线且不过热；连续上榜确认,人气排名明显回落,v2
2026-04-21,2026-04-14,次日已审,快策略候选,优先成功,priority_success,下个交易日主盯 后续最高表现达到 69.27%，保留这类命中特征。,23,600522,中天科技,普通观察,下个交易日主盯,88.5,2026-04-21,0,common_index_cache,38,69.27,0.31,7.34,7.4,7.34,2.37,7.89,2.06,7.56,12.61,post_close,2026-04-21 15:00:00,人气Top50；当日上涨；收盘承接较强；放量仍可控；近5日趋势升温；站上20日线且不过热；连续上榜确认；v2连榜升温修正,-,v2
2026-04-21,2026-04-14,次日已审,快策略候选,优先成功,priority_success,下个交易日主盯 后续最高表现达到 51.66%，保留这类命中特征。,9,002384,东山精密,重点观察,下个交易日主盯,74.9,2026-04-21,0,common_index_cache,38,51.66,1.57,10.0,10.0,10.0,10.92,8.56,9.21,6.88,15.7,post_close,2026-04-21 15:00:00,人气Top10；当日强涨；收盘承接较强；温和放量；近5日趋势升温；持续霸榜；人气排名明显上升,偏离20日线较大；热度可能进入后段,v2
2026-04-21,2026-04-14,次日已审,快策略候选,优先成功,priority_success,下个交易日主盯 后续最高表现达到 118.94%，保留这类命中特征。,15,600396,华电辽能,重点观察,下个交易日主盯,67.8,2026-04-21,0,common_index_cache,38,118.94,0.0,9.96,9.96,9.96,13.16,32.84,13.16,32.84,36.9,post_close,2026-04-21 15:00:00,人气Top20；当日涨停附近；收在日内高位；温和放量；站上20日线且不过热；持续霸榜；人气排名明显上升,热度可能进入后段,v2
2026-04-21,2026-04-14,次日已审,快策略候选,优先成功,priority_success,下个交易日主盯 后续最高表现达到 47.55%，保留这类命中特征。,40,300308,中际旭创,不推送,下个交易日主盯,67.2,2026-04-21,0,common_index_cache,38,47.55,-0.76,2.4,3.16,2.4,2.44,-4.72,3.23,-4.0,6.26,post_close,2026-04-21 15:00:00,人气Top50；收盘承接较强；温和放量；近5日趋势升温；站上20日线且不过热；持续霸榜,热度可能进入后段,v2
2026-04-21,2026-04-14,次日已审,快策略候选,优先成功,priority_success,下个交易日主盯 后续最高表现达到 20.41%，保留这类命中特征。,32,002407,多氟多,不推送,下个交易日主盯,65.4,2026-04-21,0,common_index_cache,38,20.41,-1.44,-0.72,0.5,-0.72,2.82,5.07,4.32,6.61,8.61,post_close,2026-04-21 15:00:00,人气Top50；当日上涨；收盘承接较强；温和放量；站上20日线且不过热；人气排名明显上升,-,v2
2026-04-21,2026-04-14,次日已审,快策略候选,优先走弱,priority_failed,下个交易日主盯 未兑现，复盘风险项：-,41,600032,浙江新能,强推观察,下个交易日主盯,105.5,2026-04-21,0,common_index_cache,38,-24.68,0.92,4.51,8.38,4.51,-0.09,-3.22,-1.0,-4.11,14.18,post_close,2026-04-21 15:00:00,人气Top50；当日涨停附近；收在日内高位；温和放量；近5日趋势升温；站上20日线且不过热；v2强势延续修正,-,v2
2026-04-21,2026-04-14,次日已审,快策略候选,优先走弱,priority_failed,下个交易日主盯 未兑现，复盘风险项：-,2,600118,中国卫星,强推观察,下个交易日主盯,101.1,2026-04-21,0,common_index_cache,38,-24.36,-6.28,-2.61,-2.2,-2.61,-3.89,-3.2,2.54,3.28,4.79,post_close,2026-04-21 15:00:00,人气Top3；当日上涨；收在日内高位；放量仍可控；近5日趋势升温；站上20日线且不过热；连续上榜确认；v2连榜升温修正,-,v2
2026-04-21,2026-04-14,次日已审,快策略候选,优先走弱,priority_failed,下个交易日主盯 未兑现，复盘风险项：-,50,603017,中衡设计,强推观察,下个交易日主盯,100.2,2026-04-21,0,common_index_cache,38,-29.17,0.0,-4.29,0.0,-4.29,-2.37,-11.07,-2.37,-11.07,5.31,post_close,2026-04-21 15:00:00,人气Top50；当日涨停附近；收在日内高位；温和放量；近5日趋势升温；站上20日线且不过热；v2强势延续修正；v2低分涨停修正,-,v2
2026-04-21,2026-04-14,次日已审,快策略候选,优先走弱,priority_failed,下个交易日主盯 未兑现，复盘风险项：热度可能进入后段,26,603601,再升科技,普通观察,下个交易日主盯,98.3,2026-04-21,0,common_index_cache,38,-3.01,-4.92,-2.71,2.4,-2.71,-12.79,-6.15,-8.28,-1.29,2.4,post_close,2026-04-21 15:00:00,人气Top50；当日上涨；收在日内高位；温和放量；近5日趋势升温；站上20日线且不过热；持续霸榜；人气排名明显上升,热度可能进入后段,v2
2026-04-21,2026-04-14,次日已审,快策略候选,优先走弱,priority_failed,下个交易日主盯 未兑现，复盘风险项：偏离20日线较大；热度可能进入后段,3,002342,巨力索具,强推观察,下个交易日主盯,98.0,2026-04-21,0,common_index_cache,38,-52.1,-5.14,-5.93,-0.51,-5.93,-11.11,-13.77,-6.3,-9.1,-0.51,post_close,2026-04-21 15:00:00,人气Top3；当日涨停附近；收在日内高位；温和放量；近5日趋势升温；持续霸榜；人气排名明显上升；v2低分涨停修正,偏离20日线较大；热度可能进入后段,v2
2026-04-21,2026-04-14,次日已审,快策略候选,优先走弱,priority_failed,下个交易日主盯 未兑现，复盘风险项：短线涨幅偏高,94,300342,天银机电,普通观察,下个交易日主盯,95.15,2026-04-21,0,common_index_cache,38,-35.08,-4.15,-3.64,-1.32,-3.64,3.19,-1.24,7.66,3.04,9.9,post_close,2026-04-21 15:00:00,当日强涨；收在日内高位；温和放量；近5日强势延续；站上20日线且不过热；连续上榜确认,短线涨幅偏高,v2
2026-04-21,2026-04-14,次日已审,快策略候选,优先走弱,priority_failed,下个交易日主盯 未兑现，复盘风险项：偏离20日线较大,11,600103,青山纸业,强推观察,下个交易日主盯,94.4,2026-04-21,0,common_index_cache,38,-30.96,5.58,5.58,9.81,5.58,-6.92,-12.88,-11.84,-17.49,9.81,post_close,2026-04-21 15:00:00,人气Top20；当日涨停附近；收在日内高位；温和放量；近5日趋势升温；连续上榜确认；v2低分涨停修正,偏离20日线较大,v2
2026-04-21,2026-04-14,次日已审,快策略候选,优先走弱,priority_failed,下个交易日主盯 未兑现，复盘风险项：-,36,603687,大胜达,普通观察,下个交易日主盯,93.8,2026-04-21,0,common_index_cache,38,-5.63,-2.81,-4.91,-1.84,-4.91,-14.58,-22.66,-12.11,-20.42,2.3,post_close,2026-04-21 15:00:00,人气Top50；收盘承接较强；温和放量；近5日趋势升温；站上20日线且不过热；连续上榜确认；人气排名明显上升,-,v2
2026-04-21,2026-04-14,次日已审,快策略候选,优先走弱,priority_failed,下个交易日主盯 未兑现，复盘风险项：-,16,600699,均胜电子,强推观察,下个交易日主盯,85.5,2026-04-21,0,common_index_cache,38,-13.48,-3.17,1.01,1.85,1.01,-0.03,-2.47,3.24,0.72,4.21,post_close,2026-04-21 15:00:00,人气Top20；当日涨停附近；收在日内高位；近5日趋势升温；站上20日线且不过热；首次上榜即强势；v2强势延续修正,-,v2
2026-04-21,2026-04-14,次日已审,快策略候选,优先走弱,priority_failed,下个交易日主盯 未兑现，复盘风险项：-,89,000980,众泰汽车,普通观察,下个交易日主盯,85.4,2026-04-21,0,common_index_cache,38,-5.04,0.84,0.42,7.14,0.42,-11.76,-12.61,-12.5,-13.33,7.14,post_close,2026-04-21 15:00:00,当日涨停附近；收在日内高位；温和放量；近5日趋势升温；站上20日线且不过热,-,v2
2026-04-21,2026-04-14,次日已审,快策略候选,优先走弱,priority_failed,下个交易日主盯 未兑现，复盘风险项：上影线偏长,34,002506,协鑫集成,不推送,下个交易日主盯,78.5,2026-04-21,0,common_index_cache,38,-34.22,-3.69,-3.48,-2.46,-3.48,-10.66,-10.86,-7.23,-7.45,-1.84,post_close,2026-04-21 15:00:00,人气Top50；当日上涨；放量仍可控；近5日趋势升温；站上20日线且不过热；连续上榜确认；人气排名明显上升,上影线偏长,v2
2026-04-21,2026-04-14,次日已审,快策略候选,优先走弱,priority_failed,下个交易日主盯 未兑现，复盘风险项：放量过猛,38,600979,广安爱众,普通观察,下个交易日主盯,78.0,2026-04-21,0,common_index_cache,38,-11.84,-0.19,-1.13,7.33,-1.13,-7.14,-1.32,-6.97,-1.13,7.33,post_close,2026-04-21 15:00:00,人气Top50；当日涨停附近；收在日内高位；近5日趋势升温；站上20日线且不过热；v2低分涨停修正,放量过猛,v2
2026-04-21,2026-04-14,次日已审,快策略候选,优先走弱,priority_failed,下个交易日主盯 未兑现，复盘风险项：热度可能进入后段,7,300750,宁德时代,普通观察,下个交易日主盯,77.4,2026-04-21,0,common_index_cache,38,-9.46,0.07,-0.98,1.65,-0.98,0.96,-2.95,0.88,-3.02,1.83,post_close,2026-04-21 15:00:00,人气Top10；当日上涨；收盘承接较强；温和放量；站上20日线且不过热；持续霸榜；人气排名明显上升,热度可能进入后段,v2
2026-04-21,2026-04-14,次日已审,快策略候选,优先走弱,priority_failed,下个交易日主盯 未兑现，复盘风险项：近5日趋势未确认；热度可能进入后段,10,603778,国晟科技,普通观察,下个交易日主盯,77.4,2026-04-21,0,common_index_cache,38,-42.62,-10.0,-10.0,-6.24,-10.0,-8.52,-12.86,1.65,-3.18,-4.55,post_close,2026-04-21 15:00:00,人气Top10；当日强涨；收盘承接较强；温和放量；站上20日线且不过热；持续霸榜,近5日趋势未确认；热度可能进入后段,v2
2026-04-21,2026-04-14,次日已审,快策略候选,优先走弱,priority_failed,下个交易日主盯 未兑现，复盘风险项：-,52,600678,四川金顶,普通观察,下个交易日主盯,73.8,2026-04-21,0,common_index_cache,37,-46.17,-0.93,2.95,6.07,2.95,2.61,-7.92,3.57,-7.06,6.07,post_close,2026-04-21 15:00:00,当日涨停附近；收在日内高位；近5日趋势升温；站上20日线且不过热；v2低分涨停修正,-,v2
2026-04-21,2026-04-14,次日已审,快策略候选,优先走弱,priority_failed,下个交易日主盯 未兑现，复盘风险项：-,87,300533,冰川网络,普通观察,下个交易日主盯,73.8,2026-04-21,0,common_index_cache,38,-53.11,-32.28,-32.37,-32.18,-32.37,-32.18,-34.63,0.14,-3.48,-28.81,post_close,2026-04-21 15:00:00,当日涨停附近；收在日内高位；近5日趋势升温；站上20日线且不过热；v2低分涨停修正,-,v2
2026-04-21,2026-04-14,次日已审,快策略候选,优先走弱,priority_failed,下个交易日主盯 未兑现，复盘风险项：-,86,002812,恩捷股份,普通观察,下个交易日主盯,72.9,2026-04-21,0,common_index_cache,38,-7.2,-1.0,-1.45,2.56,-1.45,1.77,3.52,2.8,4.57,10.76,post_close,2026-04-21 15:00:00,当日上涨；收在日内高位；温和放量；近5日趋势升温；站上20日线且不过热；人气排名明显上升,-,v2
2026-04-21,2026-04-14,次日已审,快策略候选,优先走弱,priority_failed,下个交易日主盯 未兑现，复盘风险项：短线涨幅偏高；偏离20日线较大；热度可能进入后段,6,002361,神剑股份,重点观察,下个交易日主盯,70.05,2026-04-21,0,common_index_cache,38,-31.16,-1.01,4.23,5.55,4.23,-5.42,-11.77,-4.45,-10.86,5.55,post_close,2026-04-21 15:00:00,人气Top10；当日涨停附近；收在日内高位；温和放量；近5日强势延续；持续霸榜；v2低分涨停修正,短线涨幅偏高；偏离20日线较大；热度可能进入后段,v2
2026-04-21,2026-04-14,次日已审,快策略候选,暂未强势,neutral,继续等待更多交易日或降低权重。,13,002709,天赐材料,普通观察,下个交易日主盯,77.4,2026-04-21,0,common_index_cache,38,0.11,-0.57,-1.88,1.72,-1.88,-0.09,2.16,0.48,2.74,7.41,post_close,2026-04-21 15:00:00,人气Top20；当日上涨；收盘承接较强；温和放量；近5日趋势升温；站上20日线且不过热；人气排名明显上升,-,v2
2026-04-21,2026-04-14,次日已审,快策略候选,暂未强势,neutral,继续等待更多交易日或降低权重。,33,002475,立讯精密,不推送,下个交易日主盯,76.1,2026-04-21,0,common_index_cache,38,2.39,-0.55,3.47,4.47,3.47,0.38,6.28,0.93,6.87,10.42,post_close,2026-04-21 15:00:00,人气Top50；收在日内高位；温和放量；近5日趋势升温；站上20日线且不过热；持续霸榜,热度可能进入后段；人气排名明显回落,v2
2026-04-21,,次日已审,低层级强势反哺,普通/不推送走强,low_level_winner,不推送 后来走强，原因反哺：人气Top50、站上20日线且不过热,30,688820,盛合晶微,不推送,未入快策略,,2026-04-21,0,common_index_cache,38,137.27,-0.83,23.94,25.53,23.94,22.4,21.33,23.43,22.35,34.38,post_close,2026-04-21 15:00:00,人气Top50；站上20日线且不过热,收盘承接偏弱,v2
2026-04-21,,次日已审,低层级强势反哺,普通/不推送走强,low_level_winner,不推送 后来走强，原因反哺：人气Top20、收在日内高位、站上20日线且不过热,14,603618,杭电股份,不推送,未入快策略,,2026-04-21,0,common_index_cache,38,99.34,1.81,10.02,10.02,10.02,17.76,11.98,15.67,9.99,27.67,post_close,2026-04-21 15:00:00,人气Top20；收在日内高位；近5日趋势升温；站上20日线且不过热,-,v2
2026-04-21,,次日已审,低层级强势反哺,普通/不推送走强,low_level_winner,不推送 后来走强，原因反哺：收盘承接较强、温和放量、站上20日线且不过热,72,002281,光迅科技,不推送,未入快策略,,2026-04-21,0,common_index_cache,38,98.7,-0.24,1.79,3.13,1.79,5.67,12.49,5.93,12.76,16.15,post_close,2026-04-21 15:00:00,收盘承接较强；温和放量；近5日趋势升温；站上20日线且不过热；连续上榜确认,-,v2
2026-04-21,,次日已审,低层级强势反哺,普通/不推送走强,low_level_winner,不推送 后来走强，原因反哺：当日上涨、收盘承接较强、温和放量,91,603986,兆易创新,不推送,未入快策略,,2026-04-21,0,common_index_cache,38,91.35,-1.15,2.27,2.47,2.27,-3.04,0.16,-1.92,1.32,6.2,post_close,2026-04-21 15:00:00,当日上涨；收盘承接较强；温和放量；近5日趋势升温；站上20日线且不过热,人气排名明显回落,v2
2026-04-21,,次日已审,低层级强势反哺,普通/不推送走强,low_level_winner,不推送 后来走强，原因反哺：人气Top50、持续霸榜、收盘承接较强,35,600487,亨通光电,不推送,未入快策略,,2026-04-21,0,common_index_cache,38,85.62,-0.17,10.0,10.0,10.0,16.29,14.2,16.48,14.39,24.57,post_close,2026-04-21 15:00:00,人气Top50；收盘承接较强；温和放量；近5日趋势升温；站上20日线且不过热；持续霸榜,当日转弱；热度可能进入后段；人气排名明显回落,v2
2026-04-21,,次日已审,低层级强势反哺,普通/不推送走强,low_level_winner,不推送 后来走强，原因反哺：收在日内高位、温和放量、站上20日线且不过热,99,600186,莲花控股,不推送,未入快策略,,2026-04-21,0,common_index_cache,38,81.21,-1.11,6.18,8.41,6.18,12.98,21.63,14.25,23.0,25.46,post_close,2026-04-21 15:00:00,收在日内高位；温和放量；近5日趋势升温；站上20日线且不过热,人气排名明显回落,v2
2026-04-21,,次日已审,低层级强势反哺,普通/不推送走强,low_level_winner,不推送 后来走强，原因反哺：持续霸榜、温和放量、站上20日线且不过热,68,002491,通鼎互联,不推送,未入快策略,,2026-04-21,0,common_index_cache,38,71.4,-0.78,2.81,4.48,2.81,-6.57,-1.13,-5.84,-0.36,8.66,post_close,2026-04-21 15:00:00,温和放量；近5日趋势升温；站上20日线且不过热；持续霸榜,热度可能进入后段；人气排名明显回落；上影线偏长,v2
2026-04-21,,次日已审,低层级强势反哺,普通/不推送走强,low_level_winner,不推送 后来走强，原因反哺：当日上涨、收盘承接较强、温和放量,98,002436,兴森科技,不推送,未入快策略,,2026-04-21,0,common_index_cache,38,69.44,2.69,1.38,4.4,1.38,0.99,-1.28,-1.66,-3.87,7.59,post_close,2026-04-21 15:00:00,当日上涨；收盘承接较强；温和放量；近5日趋势升温；站上20日线且不过热,-,v2
2026-04-21,,次日已审,低层级强势反哺,普通/不推送走强,low_level_winner,不推送 后来走强，原因反哺：持续霸榜、温和放量、近5日强势延续,63,603629,利通电子,不推送,未入快策略,,2026-04-21,0,common_index_cache,38,63.09,0.11,6.93,8.88,6.93,8.13,17.95,8.02,17.82,17.95,post_close,2026-04-21 15:00:00,温和放量；近5日强势延续；持续霸榜,当日转弱；收盘承接偏弱；短线涨幅偏高；偏离20日线较大；热度可能进入后段,v2
2026-04-21,,次日已审,低层级强势反哺,普通/不推送走强,low_level_winner,不推送 后来走强，原因反哺：持续霸榜、温和放量、站上20日线且不过热,51,600105,永鼎股份,不推送,未入快策略,,2026-04-21,0,common_index_cache,38,52.43,0.0,10.0,10.0,10.0,18.41,8.36,18.41,8.36,23.22,post_close,2026-04-21 15:00:00,温和放量；近5日趋势升温；站上20日线且不过热；持续霸榜,当日转弱；热度可能进入后段,v2
2026-04-21,,次日已审,低层级强势反哺,普通/不推送走强,low_level_winner,不推送 后来走强，原因反哺：持续霸榜、收盘承接较强、站上20日线且不过热,83,002463,沪电股份,不推送,未入快策略,,2026-04-21,0,common_index_cache,38,46.81,-0.4,2.96,3.69,2.96,2.06,1.56,2.47,1.97,8.96,post_close,2026-04-21 15:00:00,收盘承接较强；站上20日线且不过热；持续霸榜,热度可能进入后段,v2
2026-04-21,,次日已审,低层级强势反哺,普通/不推送走强,low_level_winner,不推送 后来走强，原因反哺：持续霸榜、收盘承接较强、站上20日线且不过热,90,000988,华工科技,不推送,未入快策略,,2026-04-21,0,common_index_cache,38,46.64,-0.69,4.02,4.34,4.02,-0.83,-0.59,-0.14,0.1,6.21,post_close,2026-04-21 15:00:00,收盘承接较强；站上20日线且不过热；持续霸榜,近5日趋势未确认；热度可能进入后段；人气排名明显回落,v2
2026-04-21,,次日已审,低层级强势反哺,普通/不推送走强,low_level_winner,不推送 后来走强，原因反哺：温和放量、站上20日线且不过热、近5日趋势升温,73,002428,云南锗业,不推送,未入快策略,,2026-04-21,0,common_index_cache,38,45.12,0.19,10.0,10.0,10.0,12.75,1.87,12.53,1.68,20.99,post_close,2026-04-21 15:00:00,温和放量；近5日趋势升温；站上20日线且不过热；连续上榜确认,收盘承接偏弱；人气排名明显回落；上影线偏长,v2
2026-04-21,,次日已审,低层级强势反哺,普通/不推送走强,low_level_winner,不推送 后来走强，原因反哺：人气Top50、站上20日线且不过热、近5日趋势升温,48,600330,天通股份,不推送,未入快策略,,2026-04-21,0,common_index_cache,38,42.05,-0.3,9.99,9.99,9.99,10.08,12.33,10.41,12.67,21.09,post_close,2026-04-21 15:00:00,人气Top50；近5日趋势升温；站上20日线且不过热；连续上榜确认,当日转弱；收盘承接偏弱；放量过猛,v2
2026-04-21,,次日已审,低层级强势反哺,普通/不推送走强,low_level_winner,不推送 后来走强，原因反哺：人气Top20、近5日强势延续、连续上榜确认,18,002297,博云新材,不推送,未入快策略,,2026-04-21,0,common_index_cache,38,35.76,0.58,6.85,9.95,6.85,17.43,18.9,16.75,18.22,18.9,post_close,2026-04-21 15:00:00,人气Top20；近5日强势延续；连续上榜确认,当日转弱；收盘承接偏弱；短线涨幅偏高；远离20日线过多,v2
2026-04-21,,次日已审,低层级强势反哺,普通/不推送走强,low_level_winner,不推送 后来走强，原因反哺：v2低分涨停修正、当日涨停附近、收在日内高位,55,003018,金富科技,不推送,未入快策略,,2026-04-21,0,common_index_cache,38,30.45,4.53,10.01,10.01,10.01,20.72,16.35,15.48,11.31,22.76,post_close,2026-04-21 15:00:00,当日涨停附近；收在日内高位；近5日强势延续；v2低分涨停修正,短线涨幅偏高；远离20日线过多,v2
2026-04-21,,次日已审,低层级强势反哺,普通/不推送走强,low_level_winner,不推送 后来走强，原因反哺：人气Top50、持续霸榜、温和放量,21,001896,豫能控股,不推送,未入快策略,,2026-04-21,0,common_index_cache,38,27.25,-1.29,2.34,4.68,2.34,-2.05,-8.01,-0.77,-6.81,7.95,post_close,2026-04-21 15:00:00,人气Top50；温和放量；近5日趋势升温；站上20日线且不过热；持续霸榜,当日转弱；收盘承接偏弱；热度可能进入后段,v2
2026-04-21,,次日已审,低层级强势反哺,普通/不推送走强,low_level_winner,不推送 后来走强，原因反哺：温和放量、站上20日线且不过热、近5日趋势升温,57,600703,三安光电,不推送,未入快策略,,2026-04-21,0,common_index_cache,38,26.36,0.07,10.01,10.01,10.01,11.27,3.02,11.18,2.94,18.26,post_close,2026-04-21 15:00:00,温和放量；近5日趋势升温；站上20日线且不过热；连续上榜确认,当日转弱；收盘承接偏弱,v2
2026-04-21,,次日已审,低层级强势反哺,普通/不推送走强,low_level_winner,不推送 后来走强，原因反哺：当日上涨、收盘承接较强、温和放量,84,603083,剑桥科技,不推送,未入快策略,,2026-04-21,0,common_index_cache,38,26.13,-2.02,6.66,9.56,6.66,-4.85,-3.88,-2.89,-1.91,9.56,post_close,2026-04-21 15:00:00,当日上涨；收盘承接较强；温和放量；近5日强势延续,短线涨幅偏高；偏离20日线较大；人气排名明显回落,v2
2026-04-21,,次日已审,低层级强势反哺,普通/不推送走强,low_level_winner,不推送 后来走强，原因反哺：持续霸榜、收在日内高位、站上20日线且不过热,59,601138,工业富联,不推送,未入快策略,,2026-04-21,0,common_index_cache,38,18.29,-0.36,8.92,10.0,8.92,5.86,11.06,6.24,11.46,12.52,post_close,2026-04-21 15:00:00,收在日内高位；站上20日线且不过热；持续霸榜,当日转弱；热度可能进入后段,v2
2026-04-21,,次日已审,低层级强势反哺,普通/不推送走强,low_level_winner,不推送 后来走强，原因反哺：人气Top50、持续霸榜、温和放量,47,002364,中恒电气,不推送,未入快策略,,2026-04-21,0,common_index_cache,38,17.73,0.32,-0.95,1.81,-0.95,-5.59,-9.42,-5.89,-9.71,1.81,post_close,2026-04-21 15:00:00,人气Top50；温和放量；持续霸榜,偏离20日线较大；热度可能进入后段,v2
2026-04-21,,次日已审,低层级强势反哺,普通/不推送走强,low_level_winner,不推送 后来走强，原因反哺：当日涨停附近、收在日内高位、站上20日线且不过热,65,600736,苏州高新,不推送,未入快策略,,2026-04-21,0,common_index_cache,38,9.39,5.78,9.97,9.97,9.97,22.83,13.01,16.12,6.83,33.09,post_close,2026-04-21 15:00:00,当日涨停附近；收在日内高位；近5日趋势升温；站上20日线且不过热,-,v2
2026-04-21,,次日已审,低层级强势反哺,普通/不推送走强,low_level_winner,不推送 后来走强，原因反哺：人气Top50、人气排名明显上升、当日涨停附近,27,600961,株冶集团,不推送,未入快策略,,2026-04-21,0,common_index_cache,21,2.66,3.89,9.17,9.99,9.17,13.06,2.47,8.82,-1.37,17.85,post_close,2026-04-21 15:00:00,人气Top50；当日涨停附近；收在日内高位；温和放量；连续上榜确认；人气排名明显上升,短线涨幅过热；偏离20日线较大；一字或近似一字，参与点差,v2
2026-04-21,,次日已审,低层级强势反哺,普通/不推送走强,low_level_winner,不推送 后来走强，原因反哺：人气Top20、持续霸榜、收盘承接较强,20,601778,晶科科技,不推送,未入快策略,,2026-04-21,0,common_index_cache,38,-20.94,1.57,2.99,7.87,2.99,12.91,12.13,11.16,10.39,24.09,post_close,2026-04-21 15:00:00,人气Top20；收盘承接较强；温和放量；近5日趋势升温；站上20日线且不过热；持续霸榜,当日转弱；热度可能进入后段,v2
2026-04-21,,次日已审,低层级强势反哺,普通/不推送走强,low_level_winner,不推送 后来走强，原因反哺：持续霸榜、温和放量、站上20日线且不过热,80,603538,美诺华,不推送,未入快策略,,2026-04-21,0,common_index_cache,38,-28.04,-1.96,-3.86,2.8,-3.86,9.61,14.45,11.81,16.74,17.08,post_close,2026-04-21 15:00:00,温和放量；站上20日线且不过热；持续霸榜,热度可能进入后段；上影线偏长,v2
2026-04-21,,次日已审,低层级强势反哺,普通/不推送走强,low_level_winner,不推送 后来走强，原因反哺：人气Top50、温和放量、站上20日线且不过热,45,002418,康盛股份,不推送,未入快策略,,2026-04-21,0,common_index_cache,38,-31.0,-2.61,9.95,9.95,9.95,0.33,-7.18,3.02,-4.69,16.15,post_close,2026-04-21 15:00:00,人气Top50；温和放量；站上20日线且不过热；连续上榜确认,当日转弱；收盘承接偏弱；人气排名明显回落,v2
2026-04-21,,次日已审,低层级强势反哺,普通/不推送走强,low_level_winner,普通观察 后来走强，原因反哺：v2连榜升温修正、人气Top50、当日上涨,23,600522,中天科技,普通观察,已入快策略,,2026-04-21,0,common_index_cache,38,69.27,0.31,7.34,7.4,7.34,2.37,7.89,2.06,7.56,12.61,post_close,2026-04-21 15:00:00,人气Top50；当日上涨；收盘承接较强；放量仍可控；近5日趋势升温；站上20日线且不过热；连续上榜确认；v2连榜升温修正,-,v2
2026-04-21,,次日已审,低层级强势反哺,普通/不推送走强,low_level_winner,不推送 后来走强，原因反哺：人气Top50、持续霸榜、收盘承接较强,40,300308,中际旭创,不推送,已入快策略,,2026-04-21,0,common_index_cache,38,47.55,-0.76,2.4,3.16,2.4,2.44,-4.72,3.23,-4.0,6.26,post_close,2026-04-21 15:00:00,人气Top50；收盘承接较强；温和放量；近5日趋势升温；站上20日线且不过热；持续霸榜,热度可能进入后段,v2
2026-04-21,,次日已审,低层级强势反哺,普通/不推送走强,low_level_winner,不推送 后来走强，原因反哺：人气Top50、人气排名明显上升、当日上涨,32,002407,多氟多,不推送,已入快策略,,2026-04-21,0,common_index_cache,38,20.41,-1.44,-0.72,0.5,-0.72,2.82,5.07,4.32,6.61,8.61,post_close,2026-04-21 15:00:00,人气Top50；当日上涨；收盘承接较强；温和放量；站上20日线且不过热；人气排名明显上升,-,v2
2026-04-21,,次日已审,低层级强势反哺,普通/不推送走强,low_level_winner,普通观察 后来走强，原因反哺：当日强涨、收盘承接较强、温和放量,64,000890,法尔胜,普通观察,已入快策略,,2026-04-21,0,common_index_cache,38,-37.49,1.1,4.46,8.98,4.46,11.31,8.98,10.1,7.8,19.81,post_close,2026-04-21 15:00:00,当日强涨；收盘承接较强；温和放量；近5日趋势升温；站上20日线且不过热；连续上榜确认,人气排名明显回落,v2
2026-04-20,2026-04-13,次日已审,快策略候选,优先成功,priority_success,下个交易日主盯 后续最高表现达到 16.09%，保留这类命中特征。,2,002361,神剑股份,强推观察,下个交易日主盯,91.0,2026-04-20,0,common_index_cache,39,-24.29,4.07,9.99,9.99,9.99,11.44,4.99,7.08,0.88,16.09,post_close,2026-04-20 15:00:00,人气Top3；当日涨停附近；收在日内高位；温和放量；近5日趋势升温；持续霸榜；v2强势延续修正；v2低分涨停修正,偏离20日线较大；热度可能进入后段,v2
2026-04-20,2026-04-13,次日已审,快策略候选,优先成功,priority_success,下个交易日主盯 后续最高表现达到 47.72%，保留这类命中特征。,50,600707,彩虹股份,普通观察,下个交易日主盯,90.7,2026-04-20,0,common_index_cache,39,47.72,1.28,-1.4,4.2,-1.4,-0.47,3.62,-1.73,2.3,7.0,post_close,2026-04-20 15:00:00,人气Top50；当日涨停附近；收在日内高位；近5日趋势升温；连续上榜确认；v2低分涨停修正,偏离20日线较大；人气排名明显回落,v2
2026-04-20,2026-04-13,次日已审,快策略候选,优先成功,priority_success,下个交易日主盯 后续最高表现达到 77.42%，保留这类命中特征。,24,600522,中天科技,强推观察,下个交易日主盯,90.1,2026-04-20,0,common_index_cache,39,77.42,0.16,4.81,6.24,4.81,10.08,15.61,9.9,15.42,18.03,post_close,2026-04-20 15:00:00,人气Top50；当日涨停附近；收在日内高位；温和放量；近5日趋势升温；站上20日线且不过热；连续上榜确认；v2强势延续修正,-,v2
2026-04-20,2026-04-13,次日已审,快策略候选,优先成功,priority_success,下个交易日主盯 后续最高表现达到 19.77%，保留这类命中特征。,79,300342,天银机电,普通观察,下个交易日主盯,88.9,2026-04-20,0,common_index_cache,39,-29.24,0.81,8.95,9.46,8.95,14.74,13.93,13.82,13.02,19.77,post_close,2026-04-20 15:00:00,当日涨停附近；温和放量；近5日趋势升温；站上20日线且不过热；v2低分涨停修正,-,v2
2026-04-20,2026-04-13,次日已审,快策略候选,优先成功,priority_success,下个交易日主盯 后续最高表现达到 33.82%，保留这类命中特征。,38,002081,金螳螂,普通观察,下个交易日主盯,86.0,2026-04-20,0,common_index_cache,39,16.91,8.09,10.05,10.05,10.05,33.09,5.39,23.13,-2.49,33.82,post_close,2026-04-20 15:00:00,人气Top50；当日涨停附近；收在日内高位；近5日趋势升温；站上20日线且不过热；v2低分涨停修正,放量过猛,v2
2026-04-20,2026-04-13,次日已审,快策略候选,优先成功,priority_success,下个交易日主盯 后续最高表现达到 72.54%，保留这类命中特征。,30,002491,通鼎互联,普通观察,下个交易日主盯,85.4,2026-04-20,0,common_index_cache,39,72.54,0.18,0.66,3.55,0.66,1.14,1.08,0.96,0.9,9.38,post_close,2026-04-20 15:00:00,人气Top50；当日涨停附近；收在日内高位；近5日趋势升温；站上20日线且不过热；连续上榜确认；v2低分涨停修正,量能不足,v2
2026-04-20,2026-04-13,次日已审,快策略候选,优先成功,priority_success,下个交易日主盯 后续最高表现达到 55.31%，保留这类命中特征。,61,600206,有研新材,普通观察,下个交易日主盯,85.4,2026-04-20,0,common_index_cache,39,55.31,-1.8,-2.89,-0.35,-2.89,1.29,4.22,3.14,6.12,8.31,post_close,2026-04-20 15:00:00,当日涨停附近；收在日内高位；放量仍可控；近5日趋势升温；站上20日线且不过热；v2低分涨停修正,-,v2
2026-04-20,2026-04-13,次日已审,快策略候选,优先成功,priority_success,下个交易日主盯 后续最高表现达到 22.13%，保留这类命中特征。,74,600601,方正科技,重点观察,下个交易日主盯,81.1,2026-04-20,0,common_index_cache,39,22.13,-0.94,-2.47,-0.94,-2.47,-0.68,1.7,0.26,2.66,2.81,post_close,2026-04-20 15:00:00,当日涨停附近；收在日内高位；温和放量；近5日趋势升温；站上20日线且不过热；v2低分涨停修正,-,v2
2026-04-20,2026-04-13,次日已审,快策略候选,优先成功,priority_success,下个交易日主盯 后续最高表现达到 21.03%，保留这类命中特征。,28,603178,圣龙股份,普通观察,下个交易日主盯,79.4,2026-04-20,0,common_index_cache,39,-14.61,-3.39,10.02,10.02,10.02,-0.42,-9.19,3.08,-6.0,21.03,post_close,2026-04-20 15:00:00,人气Top50；当日涨停附近；收在日内高位；近5日趋势升温；站上20日线且不过热；连续上榜确认；人气排名明显上升；v2低分涨停修正,放量过猛,v2
2026-04-20,2026-04-13,次日已审,快策略候选,优先成功,priority_success,下个交易日主盯 后续最高表现达到 45.54%，保留这类命中特征。,19,002428,云南锗业,强推观察,下个交易日主盯,79.0,2026-04-20,0,common_index_cache,39,45.54,0.18,0.29,3.34,0.29,12.73,6.74,12.53,6.56,21.35,post_close,2026-04-20 15:00:00,人气Top20；当日涨停附近；收在日内高位；温和放量；近5日趋势升温；连续上榜确认；v2强势延续修正；v2连榜升温修正；v2低分涨停修正,偏离20日线较大,v2
2026-04-20,2026-04-13,次日已审,快策略候选,优先成功,priority_success,下个交易日主盯 后续最高表现达到 15.81%，保留这类命中特征。,4,001896,豫能控股,强推观察,下个交易日主盯,79.0,2026-04-20,0,common_index_cache,39,15.81,-0.05,-8.99,0.32,-8.99,-4.36,-12.77,-4.31,-12.73,0.32,post_close,2026-04-20 15:00:00,人气Top10；当日涨停附近；收在日内高位；温和放量；近5日强势延续；站上20日线且不过热；持续霸榜；人气排名明显上升；v2强势延续修正；v2低分涨停修正,短线涨幅偏高；热度可能进入后段,v2
2026-04-20,2026-04-13,次日已审,快策略候选,优先成功,priority_success,下个交易日主盯 后续最高表现达到 20.72%，保留这类命中特征。,18,600103,青山纸业,强推观察,下个交易日主盯,79.0,2026-04-20,0,common_index_cache,39,-24.1,-0.63,9.73,9.73,9.73,8.46,0.21,9.15,0.85,20.72,post_close,2026-04-20 15:00:00,人气Top20；当日涨停附近；收在日内高位；温和放量；近5日趋势升温；站上20日线且不过热；连续上榜确认；人气排名明显上升；v2强势延续修正；v2连榜升温修正；v2低分涨停修正,-,v2
2026-04-20,2026-04-13,次日已审,快策略候选,优先走弱,priority_failed,下个交易日主盯 未兑现，复盘风险项：-,22,600879,航天电子,普通观察,下个交易日主盯,105.4,2026-04-20,0,common_index_cache,39,-20.88,0.04,-0.04,1.8,-0.04,-2.0,-8.38,-2.04,-8.42,1.8,post_close,2026-04-20 15:00:00,人气Top50；当日强涨；收在日内高位；放量仍可控；近5日趋势升温；站上20日线且不过热；人气排名明显上升,-,v2
2026-04-20,2026-04-13,次日已审,快策略候选,优先走弱,priority_failed,下个交易日主盯 未兑现，复盘风险项：热度可能进入后段,21,002202,金风科技,普通观察,下个交易日主盯,91.6,2026-04-20,0,common_index_cache,39,-17.34,-0.71,-1.73,0.38,-1.73,-3.35,-0.23,-2.65,0.49,1.47,post_close,2026-04-20 15:00:00,人气Top50；当日上涨；收盘承接较强；温和放量；近5日趋势升温；站上20日线且不过热；持续霸榜；人气排名明显上升,热度可能进入后段,v2
2026-04-20,2026-04-13,次日已审,快策略候选,优先走弱,priority_failed,下个交易日主盯 未兑现，复盘风险项：短线涨幅偏高,39,600156,华升股份,强推观察,下个交易日主盯,91.0,2026-04-20,0,common_index_cache,39,-10.01,9.91,-4.02,9.91,-4.02,-3.53,-9.52,-12.23,-17.68,9.91,post_close,2026-04-20 15:00:00,人气Top50；当日涨停附近；收在日内高位；温和放量；近5日强势延续；站上20日线且不过热；连续上榜确认；人气排名明显上升；v2强势延续修正；v2连榜升温修正；v2低分涨停修正,短线涨幅偏高,v2
2026-04-20,2026-04-13,次日已审,快策略候选,优先走弱,priority_failed,下个交易日主盯 未兑现，复盘风险项：-,11,600118,中国卫星,强推观察,下个交易日主盯,91.0,2026-04-20,0,common_index_cache,39,-19.82,3.68,6.01,6.43,6.01,7.91,5.27,4.08,1.53,11.09,post_close,2026-04-20 15:00:00,人气Top20；当日涨停附近；收在日内高位；温和放量；近5日趋势升温；站上20日线且不过热；首次上榜即强势；v2强势延续修正；v2低分涨停修正,-,v2
2026-04-20,2026-04-13,次日已审,快策略候选,优先走弱,priority_failed,下个交易日主盯 未兑现，复盘风险项：-,33,601698,中国卫通,强推观察,下个交易日主盯,90.5,2026-04-20,0,common_index_cache,39,-16.37,3.29,2.11,4.76,2.11,2.19,-1.44,-1.06,-4.58,5.67,post_close,2026-04-20 15:00:00,人气Top50；当日涨停附近；收在日内高位；放量仍可控；近5日趋势升温；站上20日线且不过热；v2强势延续修正；v2低分涨停修正,-,v2
2026-04-20,2026-04-13,次日已审,快策略候选,优先走弱,priority_failed,下个交易日主盯 未兑现，复盘风险项：短线涨幅偏高；偏离20日线较大,88,605222,起帆电缆,普通观察,下个交易日主盯,88.45,2026-04-20,0,common_index_cache,39,-18.85,2.75,4.03,7.39,4.03,6.5,7.04,3.64,4.17,14.85,post_close,2026-04-20 15:00:00,当日涨停附近；收在日内高位；温和放量；近5日强势延续；v2低分涨停修正,短线涨幅偏高；偏离20日线较大,v2
2026-04-20,2026-04-13,次日已审,快策略候选,优先走弱,priority_failed,下个交易日主盯 未兑现，复盘风险项：-,26,002837,英维克,强推观察,下个交易日主盯,88.3,2026-04-20,0,common_index_cache,39,-38.37,-30.88,-30.88,-30.88,-30.88,-36.14,-39.11,-7.61,-11.91,-30.88,post_close,2026-04-20 15:00:00,人气Top50；当日强涨；收在日内高位；温和放量；近5日趋势升温；站上20日线且不过热；连续上榜确认；人气排名明显上升；v2连榜升温修正,-,v2
2026-04-20,2026-04-13,次日已审,快策略候选,优先走弱,priority_failed,下个交易日主盯 未兑现，复盘风险项：热度可能进入后段,29,002560,通达股份,普通观察,下个交易日主盯,86.3,2026-04-20,0,common_index_cache,39,-45.58,-24.89,-34.05,-23.31,-34.05,-33.66,-27.05,-11.68,-2.88,-23.31,post_close,2026-04-20 15:00:00,人气Top50；当日涨停附近；收在日内高位；近5日趋势升温；站上20日线且不过热；持续霸榜；人气排名明显上升,热度可能进入后段,v2
2026-04-20,2026-04-13,次日已审,快策略候选,优先走弱,priority_failed,下个交易日主盯 未兑现，复盘风险项：放量过猛,34,002242,九阳股份,普通观察,下个交易日主盯,86.0,2026-04-20,0,common_index_cache,39,-25.07,-2.13,-6.31,-2.13,-6.31,0.09,-2.22,2.27,-0.09,10.22,post_close,2026-04-20 15:00:00,人气Top50；当日涨停附近；收在日内高位；近5日趋势升温；站上20日线且不过热；v2低分涨停修正,放量过猛,v2
2026-04-20,2026-04-13,次日已审,快策略候选,优先走弱,priority_failed,下个交易日主盯 未兑现，复盘风险项：近5日趋势未确认,20,002309,中利集团,普通观察,下个交易日主盯,83.6,2026-04-20,0,common_index_cache,39,-27.17,2.97,-1.6,3.88,-1.6,-4.11,-5.02,-6.87,-7.76,3.88,post_close,2026-04-20 15:00:00,人气Top20；当日涨停附近；收在日内高位；温和放量；人气排名明显上升,近5日趋势未确认,v2
2026-04-20,2026-04-13,次日已审,快策略候选,优先走弱,priority_failed,下个交易日主盯 未兑现，复盘风险项：-,84,002300,太阳电缆,普通观察,下个交易日主盯,82.7,2026-04-20,0,common_index_cache,39,-28.5,2.02,-0.77,2.59,-0.77,1.63,-1.15,-0.38,-3.1,4.51,post_close,2026-04-20 15:00:00,当日涨停附近；收在日内高位；放量仍可控；近5日趋势升温；站上20日线且不过热,-,v2
2026-04-20,2026-04-13,次日已审,快策略候选,优先走弱,priority_failed,下个交易日主盯 未兑现，复盘风险项：-,23,000547,航天发展,不推送,下个交易日主盯,82.3,2026-04-20,0,common_index_cache,38,-30.57,-0.17,-2.57,1.11,-2.57,-8.8,-11.86,-8.64,-11.71,1.11,post_close,2026-04-20 15:00:00,人气Top50；当日上涨；温和放量；近5日趋势升温；站上20日线且不过热；人气排名明显上升,-,v2
2026-04-20,2026-04-13,次日已审,快策略候选,优先走弱,priority_failed,下个交易日主盯 未兑现，复盘风险项：-,36,600821,金开新能,重点观察,下个交易日主盯,81.1,2026-04-20,0,common_index_cache,39,-28.97,0.11,-2.88,1.49,-2.88,2.02,-8.73,1.91,-8.83,5.32,post_close,2026-04-20 15:00:00,人气Top50；当日上涨；收在日内高位；温和放量；近5日趋势升温；站上20日线且不过热；连续上榜确认；人气排名明显上升,-,v2
2026-04-20,2026-04-13,次日已审,快策略候选,优先走弱,priority_failed,下个交易日主盯 未兑现，复盘风险项：短线涨幅偏高,17,002149,西部材料,强推观察,下个交易日主盯,79.0,2026-04-20,0,common_index_cache,39,-0.38,4.16,1.74,5.76,1.74,6.72,-3.98,2.45,-7.82,11.0,post_close,2026-04-20 15:00:00,人气Top20；当日涨停附近；收在日内高位；温和放量；近5日强势延续；站上20日线且不过热；连续上榜确认；人气排名明显上升；v2强势延续修正；v2连榜升温修正；v2低分涨停修正,短线涨幅偏高,v2
2026-04-20,2026-04-13,次日已审,快策略候选,优先走弱,priority_failed,下个交易日主盯 未兑现，复盘风险项：-,13,002217,合力泰,强推观察,下个交易日主盯,79.0,2026-04-20,0,common_index_cache,39,-9.83,4.07,1.02,7.12,1.02,-6.1,0.34,-9.77,-3.58,7.12,post_close,2026-04-20 15:00:00,人气Top20；当日涨停附近；收在日内高位；温和放量；近5日趋势升温；站上20日线且不过热；连续上榜确认；v2强势延续修正；v2连榜升温修正；v2低分涨停修正,-,v2
2026-04-20,2026-04-13,次日已审,快策略候选,暂未强势,neutral,继续等待更多交易日或降低权重。,37,002536,飞龙股份,普通观察,下个交易日主盯,97.4,2026-04-20,0,common_index_cache,39,9.2,-7.23,-6.01,1.56,-6.01,-6.96,-9.52,0.29,-2.47,1.56,post_close,2026-04-20 15:00:00,人气Top50；当日涨停附近；收在日内高位；近5日趋势升温；v2强势延续修正；v2低分涨停修正,偏离20日线较大,v2
2026-04-20,2026-04-13,次日已审,快策略候选,暂未强势,neutral,继续等待更多交易日或降低权重。,87,300265,通光线缆,普通观察,下个交易日主盯,85.4,2026-04-20,0,common_index_cache,39,10.94,-1.78,-3.7,-1.22,-3.7,-10.43,-11.69,-8.81,-10.1,1.08,post_close,2026-04-20 15:00:00,当日涨停附近；收在日内高位；放量仍可控；近5日趋势升温；站上20日线且不过热；v2低分涨停修正,-,v2
2026-04-20,2026-04-13,次日已审,快策略候选,暂未强势,neutral,继续等待更多交易日或降低权重。,3,002475,立讯精密,强推观察,下个交易日主盯,83.0,2026-04-20,0,common_index_cache,39,2.42,-1.32,0.03,0.41,0.03,3.1,9.49,4.49,10.96,10.45,post_close,2026-04-20 15:00:00,人气Top3；当日涨停附近；收在日内高位；放量仍可控；近5日趋势升温；站上20日线且不过热；持续霸榜；人气排名明显上升；v2强势延续修正；v2低分涨停修正,热度可能进入后段,v2
2026-04-20,,次日已审,低层级强势反哺,普通/不推送走强,low_level_winner,不推送 后来走强，原因反哺：v2低分涨停修正、人气Top50、当日涨停附近,48,603773,沃格光电,不推送,未入快策略,,2026-04-20,0,common_index_cache,39,185.5,3.11,0.55,8.15,0.55,3.97,10.21,0.83,6.88,13.42,post_close,2026-04-20 15:00:00,人气Top50；当日涨停附近；收在日内高位；近5日强势延续；连续上榜确认；v2低分涨停修正,量能不足；短线涨幅偏高；远离20日线过多,v2
2026-04-20,,次日已审,低层级强势反哺,普通/不推送走强,low_level_winner,不推送 后来走强，原因反哺：人气排名明显上升、当日上涨、持续霸榜,83,600396,华电辽能,不推送,未入快策略,,2026-04-20,0,common_index_cache,39,140.87,0.14,10.01,10.01,10.01,33.02,36.94,32.84,36.76,46.14,post_close,2026-04-20 15:00:00,当日上涨；收盘承接较强；温和放量；持续霸榜；人气排名明显上升,热度可能进入后段,v2
2026-04-20,,次日已审,低层级强势反哺,普通/不推送走强,low_level_winner,不推送 后来走强，原因反哺：温和放量、站上20日线且不过热、近5日趋势升温,78,002281,光迅科技,不推送,未入快策略,,2026-04-20,0,common_index_cache,39,101.58,-0.87,1.45,2.72,1.45,9.69,12.05,10.66,13.04,17.83,post_close,2026-04-20 15:00:00,温和放量；近5日趋势升温；站上20日线且不过热；连续上榜确认,收盘承接偏弱；人气排名明显回落；上影线偏长,v2
2026-04-20,,次日已审,低层级强势反哺,普通/不推送走强,low_level_winner,不推送 后来走强，原因反哺：温和放量、站上20日线且不过热,94,600176,中国巨石,不推送,未入快策略,,2026-04-20,0,common_index_cache,39,72.19,-0.6,-0.47,0.47,-0.47,5.11,4.86,5.74,5.49,10.44,post_close,2026-04-20 15:00:00,温和放量；站上20日线且不过热,当日转弱；收盘承接偏弱；近5日趋势未确认,v2
2026-04-20,,次日已审,低层级强势反哺,普通/不推送走强,low_level_winner,不推送 后来走强，原因反哺：持续霸榜、温和放量、站上20日线且不过热,63,002384,东山精密,不推送,未入快策略,,2026-04-20,0,common_index_cache,39,63.64,0.12,7.9,9.99,7.9,18.89,18.92,18.75,18.77,24.84,post_close,2026-04-20 15:00:00,温和放量；近5日趋势升温；站上20日线且不过热；持续霸榜,当日转弱；收盘承接偏弱；热度可能进入后段；人气排名明显回落,v2
2026-04-20,,次日已审,低层级强势反哺,普通/不推送走强,low_level_winner,不推送 后来走强，原因反哺：当日上涨、收盘承接较强、温和放量,85,002980,华盛昌,不推送,未入快策略,,2026-04-20,0,common_index_cache,39,60.96,-2.41,5.38,7.97,5.38,-2.69,3.72,-0.29,6.28,7.97,post_close,2026-04-20 15:00:00,当日上涨；收盘承接较强；温和放量；近5日强势延续；连续上榜确认,短线涨幅偏高；远离20日线过多；人气排名明显回落,v2
2026-04-20,,次日已审,低层级强势反哺,普通/不推送走强,low_level_winner,不推送 后来走强，原因反哺：当日上涨、站上20日线且不过热,90,000725,京东方A,不推送,未入快策略,,2026-04-20,0,common_index_cache,39,60.14,0.0,0.72,3.58,0.72,0.0,0.48,0.0,0.48,3.58,post_close,2026-04-20 15:00:00,当日上涨；站上20日线且不过热,-,v2
2026-04-20,,次日已审,低层级强势反哺,普通/不推送走强,low_level_winner,不推送 后来走强，原因反哺：持续霸榜、温和放量,53,603629,利通电子,不推送,未入快策略,,2026-04-20,0,common_index_cache,39,53.83,-3.06,-5.68,-1.19,-5.68,8.58,1.14,12.0,4.33,10.94,post_close,2026-04-20 15:00:00,温和放量；持续霸榜,短线涨幅过热；远离20日线过多；热度可能进入后段；人气排名明显回落,v2
2026-04-20,,次日已审,低层级强势反哺,普通/不推送走强,low_level_winner,不推送 后来走强，原因反哺：当日上涨、温和放量、站上20日线且不过热,77,000657,中钨高新,不推送,未入快策略,,2026-04-20,0,common_index_cache,39,52.94,-0.92,-1.25,0.26,-1.25,-3.37,-8.05,-2.47,-7.19,1.91,post_close,2026-04-20 15:00:00,当日上涨；温和放量；近5日趋势升温；站上20日线且不过热；连续上榜确认,收盘承接偏弱；人气排名明显回落；上影线偏长,v2
2026-04-20,,次日已审,低层级强势反哺,普通/不推送走强,low_level_winner,不推送 后来走强，原因反哺：温和放量、站上20日线且不过热、近5日趋势升温,71,002008,大族激光,不推送,未入快策略,,2026-04-20,0,common_index_cache,39,52.32,0.25,3.83,7.2,3.83,15.95,17.15,15.66,16.86,19.76,post_close,2026-04-20 15:00:00,温和放量；近5日趋势升温；站上20日线且不过热,上影线偏长,v2
2026-04-20,,次日已审,低层级强势反哺,普通/不推送走强,low_level_winner,不推送 后来走强，原因反哺：人气Top50、持续霸榜、温和放量,42,600105,永鼎股份,不推送,未入快策略,,2026-04-20,0,common_index_cache,39,50.93,-4.43,-0.98,1.2,-0.98,16.03,16.08,21.4,21.45,22.01,post_close,2026-04-20 15:00:00,人气Top50；温和放量；近5日趋势升温；持续霸榜,收盘承接偏弱；偏离20日线较大；热度可能进入后段；人气排名明显回落；上影线偏长,v2
2026-04-20,,次日已审,低层级强势反哺,普通/不推送走强,low_level_winner,不推送 后来走强，原因反哺：人气Top50、持续霸榜、温和放量,43,300308,中际旭创,不推送,未入快策略,,2026-04-20,0,common_index_cache,39,50.13,-0.15,1.63,2.0,1.63,5.41,0.71,5.57,0.86,8.12,post_close,2026-04-20 15:00:00,人气Top50；温和放量；近5日趋势升温；站上20日线且不过热；持续霸榜,收盘承接偏弱；热度可能进入后段；人气排名明显回落,v2
2026-04-20,,次日已审,低层级强势反哺,普通/不推送走强,low_level_winner,不推送 后来走强，原因反哺：持续霸榜、温和放量、站上20日线且不过热,91,002463,沪电股份,不推送,未入快策略,,2026-04-20,0,common_index_cache,39,49.54,-2.03,1.35,2.55,1.35,8.29,6.58,10.53,8.79,10.98,post_close,2026-04-20 15:00:00,温和放量；近5日趋势升温；站上20日线且不过热；持续霸榜,收盘承接偏弱；热度可能进入后段；上影线偏长,v2
2026-04-20,,次日已审,低层级强势反哺,普通/不推送走强,low_level_winner,不推送 后来走强，原因反哺：持续霸榜、温和放量、站上20日线且不过热,62,000988,华工科技,不推送,未入快策略,,2026-04-20,0,common_index_cache,39,48.3,-1.72,1.13,1.83,1.13,2.32,3.31,4.12,5.12,7.41,post_close,2026-04-20 15:00:00,温和放量；站上20日线且不过热；持续霸榜,当日转弱；收盘承接偏弱；近5日趋势未确认；热度可能进入后段；人气排名明显回落,v2
2026-04-20,,次日已审,低层级强势反哺,普通/不推送走强,low_level_winner,不推送 后来走强，原因反哺：当日强涨、温和放量、站上20日线且不过热,59,600498,烽火通信,不推送,未入快策略,,2026-04-20,0,common_index_cache,39,44.76,-1.74,0.15,0.83,0.15,3.85,-2.59,5.69,-0.86,8.27,post_close,2026-04-20 15:00:00,当日强涨；温和放量；近5日趋势升温；站上20日线且不过热；连续上榜确认,-,v2
2026-04-20,,次日已审,低层级强势反哺,普通/不推送走强,low_level_winner,不推送 后来走强，原因反哺：温和放量、站上20日线且不过热,73,603459,红板科技,不推送,未入快策略,,2026-04-20,0,common_index_cache,39,41.96,-2.24,-1.45,1.1,-1.45,-6.12,1.0,-3.97,3.32,2.16,post_close,2026-04-20 15:00:00,温和放量；站上20日线且不过热,当日转弱；收盘承接偏弱；人气排名明显回落,v2
2026-04-20,,次日已审,低层级强势反哺,普通/不推送走强,low_level_winner,不推送 后来走强，原因反哺：人气Top50、当日涨停附近、收在日内高位,35,600330,天通股份,不推送,未入快策略,,2026-04-20,0,common_index_cache,39,39.79,0.0,-1.59,5.48,-1.59,7.11,14.73,7.11,14.73,19.16,post_close,2026-04-20 15:00:00,人气Top50；当日涨停附近；收在日内高位；近5日趋势升温；连续上榜确认,量能不足；偏离20日线较大；人气排名明显回落；一字或近似一字，参与点差,v2
2026-04-20,,次日已审,低层级强势反哺,普通/不推送走强,low_level_winner,不推送 后来走强，原因反哺：当日上涨、收盘承接较强、温和放量,96,300136,信维通信,不推送,未入快策略,,2026-04-20,0,common_index_cache,39,35.68,-0.58,-1.04,2.76,-1.04,7.15,13.64,7.77,14.3,16.9,post_close,2026-04-20 15:00:00,当日上涨；收盘承接较强；温和放量；近5日趋势升温；站上20日线且不过热；连续上榜确认,人气排名明显回落,v2
2026-04-20,,次日已审,低层级强势反哺,普通/不推送走强,low_level_winner,普通观察 后来走强，原因反哺：人气Top10、当日涨停附近、收在日内高位,5,002297,博云新材,普通观察,未入快策略,,2026-04-20,0,common_index_cache,39,32.48,6.32,-2.42,7.45,-2.42,14.29,5.5,7.49,-0.77,15.36,post_close,2026-04-20 15:00:00,人气Top10；当日涨停附近；收在日内高位；温和放量；连续上榜确认,短线涨幅过热；远离20日线过多,v2
2026-04-20,,次日已审,低层级强势反哺,普通/不推送走强,low_level_winner,不推送 后来走强，原因反哺：人气Top50、温和放量、站上20日线且不过热,45,600703,三安光电,不推送,未入快策略,,2026-04-20,0,common_index_cache,39,25.71,-0.07,-0.51,3.37,-0.51,13.63,7.91,13.71,7.99,17.66,post_close,2026-04-20 15:00:00,人气Top50；温和放量；近5日趋势升温；站上20日线且不过热；连续上榜确认,人气排名明显回落；上影线偏长,v2
2026-04-20,,次日已审,低层级强势反哺,普通/不推送走强,low_level_winner,不推送 后来走强，原因反哺：人气Top50、当日上涨、持续霸榜,49,601869,长飞光纤,不推送,未入快策略,,2026-04-20,0,common_index_cache,39,19.61,-2.0,-0.89,0.43,-0.89,0.01,-1.95,2.05,0.05,9.84,post_close,2026-04-20 15:00:00,人气Top50；当日上涨；温和放量；站上20日线且不过热；持续霸榜,收盘承接偏弱；热度可能进入后段；人气排名明显回落；上影线偏长,v2
2026-04-20,,次日已审,低层级强势反哺,普通/不推送走强,low_level_winner,不推送 后来走强，原因反哺：人气Top50、人气排名明显上升、当日上涨,32,002364,中恒电气,不推送,未入快策略,,2026-04-20,0,common_index_cache,39,18.97,-0.07,1.05,4.0,1.05,-0.39,-5.84,-0.32,-5.77,4.0,post_close,2026-04-20 15:00:00,人气Top50；当日上涨；收盘承接较强；温和放量；近5日趋势升温；持续霸榜；人气排名明显上升,偏离20日线较大；热度可能进入后段,v2
2026-04-20,,次日已审,低层级强势反哺,普通/不推送走强,low_level_winner,不推送 后来走强，原因反哺：人气Top50、持续霸榜、温和放量,40,601138,工业富联,不推送,未入快策略,,2026-04-20,0,common_index_cache,39,18.09,-0.88,-0.16,-0.02,-0.16,10.42,9.33,11.4,10.3,12.34,post_close,2026-04-20 15:00:00,人气Top50；温和放量；近5日趋势升温；站上20日线且不过热；持续霸榜,收盘承接偏弱；热度可能进入后段；人气排名明显回落；上影线偏长,v2
2026-04-20,,次日已审,低层级强势反哺,普通/不推送走强,low_level_winner,不推送 后来走强，原因反哺：当日涨停附近、收在日内高位、近5日强势延续,80,600961,株冶集团,不推送,未入快策略,,2026-04-20,0,common_index_cache,22,12.92,10.0,10.0,10.0,10.0,20.0,19.59,9.09,8.72,29.63,post_close,2026-04-20 15:00:00,当日涨停附近；收在日内高位；近5日强势延续；连续上榜确认,量能不足；短线涨幅偏高；偏离20日线较大；一字或近似一字，参与点差,v2
2026-04-20,,次日已审,低层级强势反哺,普通/不推送走强,low_level_winner,普通观察 后来走强，原因反哺：当日上涨、收盘承接较强、温和放量,95,603906,龙蟠科技,普通观察,未入快策略,,2026-04-20,0,common_index_cache,39,-8.57,-3.99,-4.72,-2.38,-4.72,11.5,15.38,16.13,20.18,23.76,post_close,2026-04-20 15:00:00,当日上涨；收盘承接较强；温和放量；近5日趋势升温；站上20日线且不过热；连续上榜确认,-,v2
2026-04-20,,次日已审,低层级强势反哺,普通/不推送走强,low_level_winner,不推送 后来走强，原因反哺：人气Top10、持续霸榜、温和放量,9,601778,晶科科技,不推送,未入快策略,,2026-04-20,0,common_index_cache,39,-22.89,-1.38,-2.46,-0.92,-2.46,10.45,6.61,11.99,8.1,21.04,post_close,2026-04-20 15:00:00,人气Top10；温和放量；近5日趋势升温；站上20日线且不过热；持续霸榜,当日转弱；收盘承接偏弱；热度可能进入后段,v2
2026-04-20,,次日已审,低层级强势反哺,普通/不推送走强,low_level_winner,不推送 后来走强，原因反哺：人气排名明显上升、持续霸榜、站上20日线且不过热,65,603538,美诺华,不推送,未入快策略,,2026-04-20,0,common_index_cache,39,-26.47,-0.25,2.18,5.49,2.18,8.05,9.71,8.33,9.98,15.54,post_close,2026-04-20 15:00:00,近5日趋势升温；站上20日线且不过热；持续霸榜；人气排名明显上升,当日转弱；收盘承接偏弱；热度可能进入后段,v2
2026-04-20,,次日已审,低层级强势反哺,普通/不推送走强,low_level_winner,不推送 后来走强，原因反哺：人气Top50、人气排名明显上升、当日强涨,44,000890,法尔胜,不推送,未入快策略,,2026-04-20,0,common_index_cache,39,-32.69,-3.47,7.68,9.23,7.68,23.69,21.85,28.13,26.22,29.0,post_close,2026-04-20 15:00:00,人气Top50；当日强涨；收在日内高位；温和放量；人气排名明显上升,-,v2
2026-04-20,,次日已审,低层级强势反哺,普通/不推送走强,low_level_winner,普通观察 后来走强，原因反哺：v2低分涨停修正、人气Top50、当日涨停附近,30,002491,通鼎互联,普通观察,已入快策略,,2026-04-20,0,common_index_cache,39,72.54,0.18,0.66,3.55,0.66,1.14,1.08,0.96,0.9,9.38,post_close,2026-04-20 15:00:00,人气Top50；当日涨停附近；收在日内高位；近5日趋势升温；站上20日线且不过热；连续上榜确认；v2低分涨停修正,量能不足,v2
2026-04-20,,次日已审,低层级强势反哺,普通/不推送走强,low_level_winner,普通观察 后来走强，原因反哺：v2低分涨停修正、当日涨停附近、收在日内高位,61,600206,有研新材,普通观察,已入快策略,,2026-04-20,0,common_index_cache,39,55.31,-1.8,-2.89,-0.35,-2.89,1.29,4.22,3.14,6.12,8.31,post_close,2026-04-20 15:00:00,当日涨停附近；收在日内高位；放量仍可控；近5日趋势升温；站上20日线且不过热；v2低分涨停修正,-,v2
2026-04-20,,次日已审,低层级强势反哺,普通/不推送走强,low_level_winner,普通观察 后来走强，原因反哺：v2低分涨停修正、人气Top50、当日涨停附近,50,600707,彩虹股份,普通观察,已入快策略,,2026-04-20,0,common_index_cache,39,47.72,1.28,-1.4,4.2,-1.4,-0.47,3.62,-1.73,2.3,7.0,post_close,2026-04-20 15:00:00,人气Top50；当日涨停附近；收在日内高位；近5日趋势升温；连续上榜确认；v2低分涨停修正,偏离20日线较大；人气排名明显回落,v2
2026-04-20,,次日已审,低层级强势反哺,普通/不推送走强,low_level_winner,普通观察 后来走强，原因反哺：v2低分涨停修正、人气Top50、当日涨停附近,38,002081,金螳螂,普通观察,已入快策略,,2026-04-20,0,common_index_cache,39,16.91,8.09,10.05,10.05,10.05,33.09,5.39,23.13,-2.49,33.82,post_close,2026-04-20 15:00:00,人气Top50；当日涨停附近；收在日内高位；近5日趋势升温；站上20日线且不过热；v2低分涨停修正,放量过猛,v2
2026-04-20,,次日已审,低层级强势反哺,普通/不推送走强,low_level_winner,普通观察 后来走强，原因反哺：v2低分涨停修正、人气Top50、人气排名明显上升,28,603178,圣龙股份,普通观察,已入快策略,,2026-04-20,0,common_index_cache,39,-14.61,-3.39,10.02,10.02,10.02,-0.42,-9.19,3.08,-6.0,21.03,post_close,2026-04-20 15:00:00,人气Top50；当日涨停附近；收在日内高位；近5日趋势升温；站上20日线且不过热；连续上榜确认；人气排名明显上升；v2低分涨停修正,放量过猛,v2
2026-04-20,,次日已审,低层级强势反哺,普通/不推送走强,low_level_winner,普通观察 后来走强，原因反哺：v2低分涨停修正、当日涨停附近、温和放量,79,300342,天银机电,普通观察,已入快策略,,2026-04-20,0,common_index_cache,39,-29.24,0.81,8.95,9.46,8.95,14.74,13.93,13.82,13.02,19.77,post_close,2026-04-20 15:00:00,当日涨停附近；温和放量；近5日趋势升温；站上20日线且不过热；v2低分涨停修正,-,v2
2026-04-17,2026-04-10,次日已审,快策略候选,优先成功,priority_success,下个交易日主盯 后续最高表现达到 28.64%，保留这类命中特征。,3,600703,三安光电,强推观察,下个交易日主盯,118.0,2026-04-17,0,common_index_cache,40,28.64,1.2,2.32,4.35,2.32,11.99,13.27,10.67,11.93,20.39,post_close,2026-04-17 15:00:00,人气Top3；当日涨停附近；收在日内高位；放量仍可控；近5日趋势升温；站上20日线且不过热；人气排名明显上升；v2强势延续修正,-,v2
2026-04-17,2026-04-10,次日已审,快策略候选,优先成功,priority_success,下个交易日主盯 后续最高表现达到 17.91%，保留这类命中特征。,6,002217,合力泰,强推观察,下个交易日主盯,116.2,2026-04-17,0,common_index_cache,40,-0.75,8.58,10.07,10.07,10.07,9.33,0.37,0.69,-7.56,17.91,post_close,2026-04-17 15:00:00,人气Top10；当日涨停附近；收在日内高位；放量仍可控；近5日趋势升温；站上20日线且不过热；首次上榜即强势,-,v2
2026-04-17,2026-04-10,次日已审,快策略候选,优先成功,priority_success,下个交易日主盯 后续最高表现达到 40.92%，保留这类命中特征。,50,300136,信维通信,重点观察,下个交易日主盯,108.1,2026-04-17,0,common_index_cache,40,40.92,-4.39,3.79,5.39,3.79,6.09,8.46,10.96,13.45,17.38,post_close,2026-04-17 15:00:00,人气Top50；当日强涨；收在日内高位；温和放量；近5日趋势升温；站上20日线且不过热；人气排名明显上升,-,v2
2026-04-17,2026-04-10,次日已审,快策略候选,优先成功,priority_success,下个交易日主盯 后续最高表现达到 107.14%，保留这类命中特征。,12,002281,光迅科技,强推观察,下个交易日主盯,106.0,2026-04-17,0,common_index_cache,40,107.14,4.43,2.76,7.56,2.76,6.11,10.16,1.61,5.49,16.13,post_close,2026-04-17 15:00:00,人气Top20；当日涨停附近；收在日内高位；温和放量；近5日趋势升温；站上20日线且不过热；人气排名明显上升；v2强势延续修正,-,v2
2026-04-17,2026-04-10,次日已审,快策略候选,优先成功,priority_success,下个交易日主盯 后续最高表现达到 60.10%，保留这类命中特征。,16,002428,云南锗业,强推观察,下个交易日主盯,106.0,2026-04-17,0,common_index_cache,40,60.1,3.0,10.0,10.0,10.0,21.35,24.39,17.82,20.76,33.48,post_close,2026-04-17 15:00:00,人气Top20；当日涨停附近；收在日内高位；温和放量；近5日趋势升温；站上20日线且不过热；人气排名明显上升；v2强势延续修正,-,v2
2026-04-17,2026-04-10,次日已审,快策略候选,优先成功,priority_success,下个交易日主盯 后续最高表现达到 15.02%，保留这类命中特征。,18,002418,康盛股份,强推观察,下个交易日主盯,106.0,2026-04-17,0,common_index_cache,40,-31.66,10.02,10.02,10.02,10.02,8.89,-0.65,-1.03,-9.69,15.02,post_close,2026-04-17 15:00:00,人气Top20；当日涨停附近；收在日内高位；温和放量；近5日趋势升温；站上20日线且不过热；人气排名明显上升；v2强势延续修正,-,v2
2026-04-17,2026-04-10,次日已审,快策略候选,优先成功,priority_success,下个交易日主盯 后续最高表现达到 62.52%，保留这类命中特征。,27,600707,彩虹股份,强推观察,下个交易日主盯,105.5,2026-04-17,0,common_index_cache,40,62.52,6.16,10.01,10.01,10.01,13.74,3.59,7.13,-2.42,17.72,post_close,2026-04-17 15:00:00,人气Top50；当日涨停附近；收在日内高位；温和放量；近5日趋势升温；站上20日线且不过热；v2强势延续修正,-,v2
2026-04-17,2026-04-10,次日已审,快策略候选,优先成功,priority_success,下个交易日主盯 后续最高表现达到 39.92%，保留这类命中特征。,37,603083,剑桥科技,重点观察,下个交易日主盯,99.2,2026-04-17,0,common_index_cache,40,39.92,9.7,4.63,9.78,4.63,18.32,5.55,7.85,-3.78,21.54,post_close,2026-04-17 15:00:00,人气Top50；当日涨停附近；收在日内高位；近5日趋势升温；人气排名明显上升；v2强势延续修正；v2低分涨停修正,偏离20日线较大,v2
2026-04-17,2026-04-10,次日已审,快策略候选,优先成功,priority_success,下个交易日主盯 后续最高表现达到 95.56%，保留这类命中特征。,64,603738,泰晶科技,重点观察,下个交易日主盯,96.1,2026-04-17,0,common_index_cache,40,95.56,2.49,4.47,7.99,4.47,17.73,31.95,14.88,28.75,34.9,post_close,2026-04-17 15:00:00,当日涨停附近；收在日内高位；温和放量；近5日趋势升温；站上20日线且不过热；v2低分涨停修正,-,v2
2026-04-17,2026-04-10,次日已审,快策略候选,优先成功,priority_success,下个交易日主盯 后续最高表现达到 42.48%，保留这类命中特征。,98,003031,中瓷电子,重点观察,下个交易日主盯,96.1,2026-04-17,0,common_index_cache,40,42.48,6.95,5.81,9.35,5.81,11.49,13.61,4.24,6.23,18.31,post_close,2026-04-17 15:00:00,当日涨停附近；收在日内高位；温和放量；近5日趋势升温；站上20日线且不过热；v2低分涨停修正,-,v2
2026-04-17,2026-04-10,次日已审,快策略候选,优先成功,priority_success,下个交易日主盯 后续最高表现达到 17.58%，保留这类命中特征。,79,603052,可川科技,重点观察,下个交易日主盯,96.1,2026-04-17,0,common_index_cache,40,10.19,4.8,10.01,10.01,10.01,9.61,9.26,4.59,4.26,17.58,post_close,2026-04-17 15:00:00,当日涨停附近；收在日内高位；温和放量；近5日趋势升温；站上20日线且不过热；v2低分涨停修正,-,v2
2026-04-17,2026-04-10,次日已审,快策略候选,优先成功,priority_success,下个交易日主盯 后续最高表现达到 21.51%，保留这类命中特征。,15,002565,顺灏股份,重点观察,下个交易日主盯,85.0,2026-04-17,0,common_index_cache,40,-28.17,0.16,7.24,8.67,7.24,16.01,4.65,15.83,4.49,21.51,post_close,2026-04-17 15:00:00,人气Top20；当日上涨；收盘承接较强；温和放量；近5日趋势升温；站上20日线且不过热；连续上榜确认；人气排名明显上升,-,v2
2026-04-17,2026-04-10,次日已审,快策略候选,优先成功,priority_success,下个交易日主盯 后续最高表现达到 24.78%，保留这类命中特征。,42,002957,科瑞技术,普通观察,下个交易日主盯,79.7,2026-04-17,0,common_index_cache,40,24.78,7.61,4.33,7.61,4.33,8.46,1.04,0.79,-6.1,12.14,post_close,2026-04-17 15:00:00,人气Top50；当日涨停附近；收在日内高位；近5日趋势升温；人气排名明显上升；v2低分涨停修正,偏离20日线较大,v2
2026-04-17,2026-04-10,次日已审,快策略候选,优先成功,priority_success,下个交易日主盯 后续最高表现达到 60.65%，保留这类命中特征。,69,600552,凯盛科技,普通观察,下个交易日主盯,78.4,2026-04-17,0,common_index_cache,40,60.65,-0.07,0.07,2.93,0.07,4.53,0.4,4.6,0.47,6.52,post_close,2026-04-17 15:00:00,当日涨停附近；收在日内高位；温和放量；近5日趋势升温；站上20日线且不过热,-,v2
2026-04-17,2026-04-10,次日已审,快策略候选,优先成功,priority_success,下个交易日主盯 后续最高表现达到 59.53%，保留这类命中特征。,41,000657,中钨高新,普通观察,下个交易日主盯,78.4,2026-04-17,0,common_index_cache,40,59.53,1.85,4.31,8.25,4.31,3.58,-1.67,1.7,-3.46,8.25,post_close,2026-04-17 15:00:00,人气Top50；当日强涨；放量仍可控；近5日趋势升温；站上20日线且不过热；连续上榜确认；人气排名明显上升；v2连榜升温修正,-,v2
2026-04-17,2026-04-10,次日已审,快策略候选,优先成功,priority_success,下个交易日主盯 后续最高表现达到 20.95%，保留这类命中特征。,55,600156,华升股份,普通观察,下个交易日主盯,78.4,2026-04-17,0,common_index_cache,40,-0.97,0.11,9.94,9.94,9.94,9.07,-1.62,8.95,-1.73,20.95,post_close,2026-04-17 15:00:00,当日涨停附近；收在日内高位；放量仍可控；近5日趋势升温；站上20日线且不过热；v2低分涨停修正,-,v2
2026-04-17,2026-04-10,次日已审,快策略候选,优先成功,priority_success,下个交易日主盯 后续最高表现达到 33.89%，保留这类命中特征。,14,300184,力源信息,普通观察,下个交易日主盯,76.6,2026-04-17,0,common_index_cache,40,33.89,4.35,2.53,6.73,2.53,6.81,8.47,2.35,3.95,8.55,post_close,2026-04-17 15:00:00,人气Top20；当日上涨；收在日内高位；放量仍可控；近5日趋势升温；站上20日线且不过热,-,v2
2026-04-17,2026-04-10,次日已审,快策略候选,优先成功,priority_success,下个交易日主盯 后续最高表现达到 53.75%，保留这类命中特征。,9,600330,天通股份,普通观察,下个交易日主盯,76.4,2026-04-17,0,common_index_cache,40,53.75,9.99,9.99,9.99,9.99,19.05,19.14,8.24,8.33,26.69,post_close,2026-04-17 15:00:00,人气Top10；当日涨停附近；收在日内高位；近5日趋势升温；站上20日线且不过热；人气排名明显上升,量能不足；一字或近似一字，参与点差,v2
2026-04-17,2026-04-10,次日已审,快策略候选,优先成功,priority_success,下个交易日主盯 后续最高表现达到 58.49%，保留这类命中特征。,34,002384,东山精密,普通观察,下个交易日主盯,73.9,2026-04-17,0,common_index_cache,40,58.49,-0.01,-3.15,3.76,-3.15,14.95,15.92,14.97,15.93,20.91,post_close,2026-04-17 15:00:00,人气Top50；当日强涨；收盘承接较强；温和放量；近5日趋势升温；持续霸榜,偏离20日线较大；热度可能进入后段,v2
2026-04-17,2026-04-10,次日已审,快策略候选,优先成功,priority_success,下个交易日主盯 后续最高表现达到 71.70%，保留这类命中特征。,44,002980,华盛昌,不推送,下个交易日主盯,73.85,2026-04-17,0,common_index_cache,40,71.7,2.82,6.67,8.81,6.67,11.08,12.54,8.03,9.46,15.18,post_close,2026-04-17 15:00:00,人气Top50；当日涨停附近；收在日内高位；温和放量；近5日强势延续,短线涨幅偏高；远离20日线过多,v2
2026-04-17,2026-04-10,次日已审,快策略候选,优先走弱,priority_failed,下个交易日主盯 未兑现，复盘风险项：短线涨幅偏高,48,002940,昂利康,重点观察,下个交易日主盯,110.35,2026-04-17,0,common_index_cache,40,-28.73,7.51,1.63,10.01,1.63,1.58,1.89,-5.51,-5.23,10.01,post_close,2026-04-17 15:00:00,人气Top50；当日涨停附近；收在日内高位；放量仍可控；近5日强势延续；站上20日线且不过热；v2强势延续修正；v2低分涨停修正,短线涨幅偏高,v2
2026-04-17,2026-04-10,次日已审,快策略候选,优先走弱,priority_failed,下个交易日主盯 未兑现，复盘风险项：-,62,002866,传艺科技,重点观察,下个交易日主盯,96.1,2026-04-17,0,common_index_cache,40,-31.11,1.29,0.68,5.15,0.68,3.22,-1.55,1.91,-2.81,10.46,post_close,2026-04-17 15:00:00,当日涨停附近；收在日内高位；温和放量；近5日趋势升温；站上20日线且不过热；v2低分涨停修正,-,v2
2026-04-17,2026-04-10,次日已审,快策略候选,优先走弱,priority_failed,下个交易日主盯 未兑现，复盘风险项：热度可能进入后段；人气排名明显回落,56,300502,新易盛,重点观察,下个交易日主盯,84.1,2026-04-17,0,common_index_cache,40,-5.28,0.0,-1.02,1.35,-1.02,5.72,-8.78,5.72,-8.78,6.59,post_close,2026-04-17 15:00:00,当日涨停附近；收在日内高位；温和放量；近5日趋势升温；站上20日线且不过热；持续霸榜；v2低分涨停修正,热度可能进入后段；人气排名明显回落,v2
2026-04-17,2026-04-10,次日已审,快策略候选,优先走弱,priority_failed,下个交易日主盯 未兑现，复盘风险项：-,36,002108,沧州明珠,普通观察,下个交易日主盯,82.4,2026-04-17,0,common_index_cache,40,-15.23,2.33,4.48,7.71,4.48,9.68,3.94,7.18,1.58,11.65,post_close,2026-04-17 15:00:00,人气Top50；当日涨停附近；收在日内高位；近5日趋势升温；站上20日线且不过热；v2低分涨停修正,-,v2
2026-04-17,2026-04-10,次日已审,快策略候选,优先走弱,priority_failed,下个交易日主盯 未兑现，复盘风险项：短线涨幅偏高；偏离20日线较大,33,600152,维科技术,普通观察,下个交易日主盯,80.15,2026-04-17,0,common_index_cache,40,-20.36,2.95,0.22,10.0,0.22,-9.78,-6.76,-12.37,-9.43,10.0,post_close,2026-04-17 15:00:00,人气Top50；当日涨停附近；收在日内高位；温和放量；近5日强势延续；人气排名明显上升,短线涨幅偏高；偏离20日线较大,v2
2026-04-17,2026-04-10,次日已审,快策略候选,优先走弱,priority_failed,下个交易日主盯 未兑现，复盘风险项：-,54,603118,共进股份,普通观察,下个交易日主盯,78.4,2026-04-17,0,common_index_cache,40,-12.25,-0.99,-2.17,-0.99,-2.17,-0.13,-0.46,0.86,0.53,2.04,post_close,2026-04-17 15:00:00,当日涨停附近；收在日内高位；温和放量；近5日趋势升温；站上20日线且不过热,-,v2
2026-04-17,2026-04-10,次日已审,快策略候选,优先走弱,priority_failed,下个交易日主盯 未兑现，复盘风险项：-,51,001330,博纳影业,普通观察,下个交易日主盯,78.4,2026-04-17,0,common_index_cache,40,-16.04,1.7,1.94,5.1,1.94,-0.61,-5.1,-2.27,-6.69,11.79,post_close,2026-04-17 15:00:00,当日涨停附近；收在日内高位；放量仍可控；近5日趋势升温；站上20日线且不过热；v2低分涨停修正,-,v2
2026-04-17,2026-04-10,次日已审,快策略候选,优先走弱,priority_failed,下个交易日主盯 未兑现，复盘风险项：热度可能进入后段,8,600666,奥瑞德,普通观察,下个交易日主盯,77.5,2026-04-17,0,common_index_cache,40,-34.13,-0.28,0.99,6.77,0.99,-3.81,-15.51,-3.54,-15.28,6.77,post_close,2026-04-17 15:00:00,人气Top10；当日上涨；温和放量；近5日趋势升温；站上20日线且不过热；持续霸榜,热度可能进入后段,v2
2026-04-17,2026-04-10,次日已审,快策略候选,优先走弱,priority_failed,下个交易日主盯 未兑现，复盘风险项：热度可能进入后段,22,300058,蓝色光标,普通观察,下个交易日主盯,74.8,2026-04-17,0,common_index_cache,40,-16.94,-0.39,8.5,14.94,8.5,6.89,-3.33,7.31,-2.96,14.94,post_close,2026-04-17 15:00:00,人气Top50；当日上涨；收盘承接较强；温和放量；近5日趋势升温；站上20日线且不过热；持续霸榜,热度可能进入后段,v2
2026-04-17,2026-04-10,次日已审,快策略候选,暂未强势,neutral,继续等待更多交易日或降低权重。,31,688498,源杰科技,重点观察,下个交易日主盯,109.0,2026-04-17,0,common_index_cache,40,11.56,-31.67,-33.74,-31.67,-33.74,-30.09,-33.39,2.31,-2.52,-28.56,post_close,2026-04-17 15:00:00,人气Top50；当日涨停附近；收盘承接较强；温和放量；近5日趋势升温；站上20日线且不过热；v2低分涨停修正,-,v2
2026-04-17,,次日已审,低层级强势反哺,普通/不推送走强,low_level_winner,普通观察 后来走强，原因反哺：v2低分涨停修正、当日涨停附近、收在日内高位,53,603773,沃格光电,普通观察,未入快策略,,2026-04-17,0,common_index_cache,40,214.05,6.99,10.0,10.0,10.0,21.66,10.21,13.71,3.0,24.76,post_close,2026-04-17 15:00:00,当日涨停附近；收在日内高位；温和放量；近5日趋势升温；v2低分涨停修正,偏离20日线较大,v2
2026-04-17,,次日已审,低层级强势反哺,普通/不推送走强,low_level_winner,不推送 后来走强，原因反哺：持续霸榜、温和放量、近5日趋势升温,95,600396,华电辽能,不推送,未入快策略,,2026-04-17,0,common_index_cache,40,149.3,-1.12,3.5,5.18,3.5,25.21,28.85,26.63,30.31,51.26,post_close,2026-04-17 15:00:00,温和放量；近5日趋势升温；持续霸榜,当日转弱；收盘承接偏弱；仍在20日线下方；热度可能进入后段；人气排名明显回落,v2
2026-04-17,,次日已审,低层级强势反哺,普通/不推送走强,low_level_winner,普通观察 后来走强，原因反哺：人气Top3、人气排名明显上升、当日上涨,2,600487,亨通光电,普通观察,未入快策略,,2026-04-17,0,common_index_cache,40,99.46,4.85,9.42,9.6,9.42,18.2,24.96,12.73,19.18,28.12,post_close,2026-04-17 15:00:00,人气Top3；当日上涨；收盘承接较强；温和放量；站上20日线且不过热；持续霸榜；人气排名明显上升,近5日趋势未确认；热度可能进入后段,v2
2026-04-17,,次日已审,低层级强势反哺,普通/不推送走强,low_level_winner,不推送 后来走强，原因反哺：人气Top50、温和放量、连续上榜确认,32,300433,蓝思科技,不推送,未入快策略,,2026-04-17,0,common_index_cache,40,97.04,3.42,4.66,7.0,4.66,4.85,-0.12,1.38,-3.42,7.0,post_close,2026-04-17 15:00:00,人气Top50；温和放量；连续上榜确认,近5日趋势未确认；仍在20日线下方,v2
2026-04-17,,次日已审,低层级强势反哺,普通/不推送走强,low_level_winner,不推送 后来走强，原因反哺：人气Top50、人气排名明显上升、温和放量,29,600522,中天科技,不推送,未入快策略,,2026-04-17,0,common_index_cache,40,95.13,2.7,9.99,9.99,9.99,23.74,18.02,20.48,14.91,24.52,post_close,2026-04-17 15:00:00,人气Top50；温和放量；人气排名明显上升,近5日趋势未确认,v2
2026-04-17,,次日已审,低层级强势反哺,普通/不推送走强,low_level_winner,不推送 后来走强，原因反哺：人气Top50、温和放量、站上20日线且不过热,39,002491,通鼎互联,不推送,未入快策略,,2026-04-17,0,common_index_cache,40,89.76,7.73,9.98,9.98,9.98,13.81,3.44,5.64,-3.99,20.29,post_close,2026-04-17 15:00:00,人气Top50；温和放量；站上20日线且不过热；连续上榜确认,当日转弱；收盘承接偏弱；人气排名明显回落,v2
2026-04-17,,次日已审,低层级强势反哺,普通/不推送走强,low_level_winner,普通观察 后来走强，原因反哺：人气Top10、当日涨停附近、持续霸榜,10,603629,利通电子,普通观察,未入快策略,,2026-04-17,0,common_index_cache,40,56.52,2.43,1.75,4.3,1.75,2.62,3.77,0.19,1.31,12.88,post_close,2026-04-17 15:00:00,人气Top10；当日涨停附近；收在日内高位；温和放量；持续霸榜,短线涨幅过热；远离20日线过多；热度可能进入后段,v2
2026-04-17,,次日已审,低层级强势反哺,普通/不推送走强,low_level_winner,不推送 后来走强，原因反哺：站上20日线且不过热,63,600498,烽火通信,不推送,未入快策略,,2026-04-17,0,common_index_cache,40,55.63,2.7,7.51,9.36,7.51,14.19,6.07,11.19,3.28,16.4,post_close,2026-04-17 15:00:00,站上20日线且不过热,近5日趋势未确认,v2
2026-04-17,,次日已审,低层级强势反哺,普通/不推送走强,low_level_winner,不推送 后来走强，原因反哺：人气Top50、人气排名明显上升、当日上涨,21,600105,永鼎股份,不推送,未入快策略,,2026-04-17,0,common_index_cache,40,52.76,0.02,1.21,6.2,1.21,10.24,18.67,10.22,18.64,23.49,post_close,2026-04-17 15:00:00,人气Top50；当日上涨；近5日趋势升温；持续霸榜；人气排名明显上升,偏离20日线较大；热度可能进入后段,v2
2026-04-17,,次日已审,低层级强势反哺,普通/不推送走强,low_level_winner,普通观察 后来走强，原因反哺：人气Top20、当日上涨、持续霸榜,11,300308,中际旭创,普通观察,未入快策略,,2026-04-17,0,common_index_cache,40,50.13,-0.24,-0.12,3.29,-0.12,4.19,4.23,4.44,4.48,8.12,post_close,2026-04-17 15:00:00,人气Top20；当日上涨；温和放量；近5日趋势升温；站上20日线且不过热；持续霸榜,热度可能进入后段,v2
2026-04-17,,次日已审,低层级强势反哺,普通/不推送走强,low_level_winner,不推送 后来走强，原因反哺：人气排名明显上升、当日上涨、持续霸榜,76,002463,沪电股份,不推送,未入快策略,,2026-04-17,0,common_index_cache,40,50.06,-1.19,-0.16,3.24,-0.16,5.23,4.32,6.5,5.58,11.37,post_close,2026-04-17 15:00:00,当日上涨；温和放量；近5日趋势升温；站上20日线且不过热；持续霸榜；人气排名明显上升,热度可能进入后段,v2
2026-04-17,,次日已审,低层级强势反哺,普通/不推送走强,low_level_winner,不推送 后来走强，原因反哺：人气Top50、人气排名明显上升、当日上涨,26,000988,华工科技,不推送,未入快策略,,2026-04-17,0,common_index_cache,40,46.13,-1.29,-1.46,1.3,-1.46,3.66,-1.17,5.01,0.12,5.85,post_close,2026-04-17 15:00:00,人气Top50；当日上涨；收盘承接较强；温和放量；站上20日线且不过热；持续霸榜；人气排名明显上升,热度可能进入后段,v2
2026-04-17,,次日已审,低层级强势反哺,普通/不推送走强,low_level_winner,不推送 后来走强，原因反哺：人气Top10、人气排名明显上升、当日涨停附近,7,002297,博云新材,不推送,未入快策略,,2026-04-17,0,common_index_cache,40,45.73,5.88,10.01,10.01,10.01,14.7,26.06,8.33,19.06,26.91,post_close,2026-04-17 15:00:00,人气Top10；当日涨停附近；收在日内高位；连续上榜确认；人气排名明显上升,短线涨幅过热；远离20日线过多,v2
2026-04-17,,次日已审,低层级强势反哺,普通/不推送走强,low_level_winner,不推送 后来走强，原因反哺：温和放量、站上20日线且不过热、近5日趋势升温,87,002156,通富微电,不推送,未入快策略,,2026-04-17,0,common_index_cache,40,39.52,-0.06,0.48,2.03,0.48,1.31,0.33,1.37,0.39,6.06,post_close,2026-04-17 15:00:00,温和放量；近5日趋势升温；站上20日线且不过热,收盘承接偏弱；上影线偏长,v2
2026-04-17,,次日已审,低层级强势反哺,普通/不推送走强,low_level_winner,不推送 后来走强，原因反哺：人气Top50、持续霸榜、温和放量,40,001896,豫能控股,不推送,未入快策略,,2026-04-17,0,common_index_cache,40,27.4,1.41,10.01,10.01,10.01,2.46,-1.93,1.04,-3.29,10.36,post_close,2026-04-17 15:00:00,人气Top50；温和放量；近5日强势延续；站上20日线且不过热；持续霸榜,收盘承接偏弱；短线涨幅偏高；热度可能进入后段；上影线偏长,v2
2026-04-17,,次日已审,低层级强势反哺,普通/不推送走强,low_level_winner,不推送 后来走强，原因反哺：持续霸榜、温和放量、站上20日线且不过热,61,002364,中恒电气,不推送,未入快策略,,2026-04-17,0,common_index_cache,40,27.08,1.39,6.82,7.97,6.82,6.92,1.91,5.45,0.51,11.1,post_close,2026-04-17 15:00:00,温和放量；近5日趋势升温；站上20日线且不过热；持续霸榜,当日转弱；收盘承接偏弱；热度可能进入后段；人气排名明显回落,v2
2026-04-17,,次日已审,低层级强势反哺,普通/不推送走强,low_level_winner,不推送 后来走强，原因反哺：人气Top50、人气排名明显上升、持续霸榜,23,601869,长飞光纤,不推送,未入快策略,,2026-04-17,0,common_index_cache,40,25.86,2.28,5.22,9.86,5.22,12.6,0.62,10.09,-1.62,15.58,post_close,2026-04-17 15:00:00,人气Top50；站上20日线且不过热；持续霸榜；人气排名明显上升,当日转弱；近5日趋势未确认；热度可能进入后段,v2
2026-04-17,,次日已审,低层级强势反哺,普通/不推送走强,low_level_winner,不推送 后来走强，原因反哺：当日涨停附近、收在日内高位、站上20日线且不过热,66,600961,株冶集团,不推送,未入快策略,,2026-04-17,0,common_index_cache,23,24.22,10.0,10.0,10.0,10.0,32.1,36.8,20.08,24.36,40.7,post_close,2026-04-17 15:00:00,当日涨停附近；收在日内高位；近5日趋势升温；站上20日线且不过热,量能不足；一字或近似一字，参与点差,v2
2026-04-17,,次日已审,低层级强势反哺,普通/不推送走强,low_level_winner,普通观察 后来走强，原因反哺：人气Top20、人气排名明显上升、持续霸榜,17,601138,工业富联,普通观察,未入快策略,,2026-04-17,0,common_index_cache,40,19.14,1.51,0.89,3.87,0.89,9.71,6.63,8.08,5.04,13.33,post_close,2026-04-17 15:00:00,人气Top20；收盘承接较强；温和放量；近5日趋势升温；站上20日线且不过热；持续霸榜；人气排名明显上升,热度可能进入后段,v2
2026-04-17,,次日已审,低层级强势反哺,普通/不推送走强,low_level_winner,不推送 后来走强，原因反哺：温和放量、站上20日线且不过热、近5日趋势升温,57,000630,铜陵有色,不推送,未入快策略,,2026-04-17,0,common_index_cache,40,17.57,0.31,1.4,3.27,1.4,1.56,-2.18,1.24,-2.48,3.73,post_close,2026-04-17 15:00:00,温和放量；近5日趋势升温；站上20日线且不过热,-,v2
2026-04-17,,次日已审,低层级强势反哺,普通/不推送走强,low_level_winner,不推送 后来走强，原因反哺：人气Top50、持续霸榜、站上20日线且不过热,45,002475,立讯精密,不推送,未入快策略,,2026-04-17,0,common_index_cache,40,12.67,4.84,10.01,10.01,10.01,13.86,10.46,8.6,5.36,18.29,post_close,2026-04-17 15:00:00,人气Top50；站上20日线且不过热；持续霸榜,当日转弱；收盘承接偏弱；热度可能进入后段,v2
2026-04-17,,次日已审,低层级强势反哺,普通/不推送走强,low_level_winner,不推送 后来走强，原因反哺：温和放量、站上20日线且不过热、近5日趋势升温,75,002149,西部材料,不推送,未入快策略,,2026-04-17,0,common_index_cache,40,9.58,0.02,10.0,10.0,10.0,16.97,5.66,16.95,5.64,22.1,post_close,2026-04-17 15:00:00,温和放量；近5日趋势升温；站上20日线且不过热,人气排名明显回落,v2
2026-04-17,,次日已审,低层级强势反哺,普通/不推送走强,low_level_winner,不推送 后来走强，原因反哺：温和放量、站上20日线且不过热、近5日趋势升温,52,002015,协鑫能科,不推送,未入快策略,,2026-04-17,0,common_index_cache,40,2.27,0.05,3.4,5.67,3.4,7.23,5.29,7.17,5.23,16.57,post_close,2026-04-17 15:00:00,温和放量；近5日趋势升温；站上20日线且不过热；连续上榜确认,收盘承接偏弱；上影线偏长,v2
2026-04-17,,次日已审,低层级强势反哺,普通/不推送走强,low_level_winner,不推送 后来走强，原因反哺：当日上涨、站上20日线且不过热、近5日趋势升温,80,603906,龙蟠科技,不推送,未入快策略,,2026-04-17,0,common_index_cache,40,-3.92,-0.27,5.08,6.5,5.08,10.12,25.28,10.42,25.62,27.93,post_close,2026-04-17 15:00:00,当日上涨；近5日趋势升温；站上20日线且不过热；连续上榜确认,收盘承接偏弱；上影线偏长,v2
2026-04-17,,次日已审,低层级强势反哺,普通/不推送走强,low_level_winner,不推送 后来走强，原因反哺：v2低分涨停修正、当日涨停附近、收在日内高位,91,603178,圣龙股份,不推送,未入快策略,,2026-04-17,0,common_index_cache,40,-6.08,4.65,9.99,9.99,9.99,21.47,-1.44,16.07,-5.81,33.12,post_close,2026-04-17 15:00:00,当日涨停附近；收在日内高位；近5日趋势升温；站上20日线且不过热；v2低分涨停修正,放量过猛,v2
2026-04-17,,次日已审,低层级强势反哺,普通/不推送走强,low_level_winner,不推送 后来走强，原因反哺：当日上涨、温和放量、站上20日线且不过热,72,600103,青山纸业,不推送,未入快策略,,2026-04-17,0,common_index_cache,40,-16.51,-0.7,9.77,9.77,9.77,27.67,12.56,28.57,13.35,32.79,post_close,2026-04-17 15:00:00,当日上涨；温和放量；近5日趋势升温；站上20日线且不过热,人气排名明显回落,v2
2026-04-17,,次日已审,低层级强势反哺,普通/不推送走强,low_level_winner,不推送 后来走强，原因反哺：人气Top10、持续霸榜、温和放量,4,002361,神剑股份,不推送,未入快策略,,2026-04-17,0,common_index_cache,40,-16.69,0.53,10.03,10.03,10.03,26.13,14.45,25.46,13.85,27.73,post_close,2026-04-17 15:00:00,人气Top10；温和放量；近5日趋势升温；站上20日线且不过热；持续霸榜,当日转弱；收盘承接偏弱；热度可能进入后段,v2
2026-04-17,,次日已审,低层级强势反哺,普通/不推送走强,low_level_winner,不推送 后来走强，原因反哺：人气Top50、持续霸榜、温和放量,24,603778,国晟科技,不推送,未入快策略,,2026-04-17,0,common_index_cache,40,-31.38,2.35,10.02,10.02,10.02,7.63,9.4,5.16,6.89,21.03,post_close,2026-04-17 15:00:00,人气Top50；温和放量；持续霸榜,当日转弱；收盘承接偏弱；近5日趋势未确认；仍在20日线下方；热度可能进入后段；人气排名明显回落,v2
2026-04-17,,次日已审,低层级强势反哺,普通/不推送走强,low_level_winner,不推送 后来走强，原因反哺：人气Top50、当日涨停附近、收在日内高位,44,002980,华盛昌,不推送,已入快策略,,2026-04-17,0,common_index_cache,40,71.7,2.82,6.67,8.81,6.67,11.08,12.54,8.03,9.46,15.18,post_close,2026-04-17 15:00:00,人气Top50；当日涨停附近；收在日内高位；温和放量；近5日强势延续,短线涨幅偏高；远离20日线过多,v2
2026-04-17,,次日已审,低层级强势反哺,普通/不推送走强,low_level_winner,普通观察 后来走强，原因反哺：当日涨停附近、收在日内高位、温和放量,69,600552,凯盛科技,普通观察,已入快策略,,2026-04-17,0,common_index_cache,40,60.65,-0.07,0.07,2.93,0.07,4.53,0.4,4.6,0.47,6.52,post_close,2026-04-17 15:00:00,当日涨停附近；收在日内高位；温和放量；近5日趋势升温；站上20日线且不过热,-,v2
2026-04-17,,次日已审,低层级强势反哺,普通/不推送走强,low_level_winner,普通观察 后来走强，原因反哺：v2连榜升温修正、人气Top50、人气排名明显上升,41,000657,中钨高新,普通观察,已入快策略,,2026-04-17,0,common_index_cache,40,59.53,1.85,4.31,8.25,4.31,3.58,-1.67,1.7,-3.46,8.25,post_close,2026-04-17 15:00:00,人气Top50；当日强涨；放量仍可控；近5日趋势升温；站上20日线且不过热；连续上榜确认；人气排名明显上升；v2连榜升温修正,-,v2
2026-04-17,,次日已审,低层级强势反哺,普通/不推送走强,low_level_winner,普通观察 后来走强，原因反哺：人气Top50、当日强涨、持续霸榜,34,002384,东山精密,普通观察,已入快策略,,2026-04-17,0,common_index_cache,40,58.49,-0.01,-3.15,3.76,-3.15,14.95,15.92,14.97,15.93,20.91,post_close,2026-04-17 15:00:00,人气Top50；当日强涨；收盘承接较强；温和放量；近5日趋势升温；持续霸榜,偏离20日线较大；热度可能进入后段,v2
2026-04-17,,次日已审,低层级强势反哺,普通/不推送走强,low_level_winner,普通观察 后来走强，原因反哺：人气Top10、人气排名明显上升、当日涨停附近,9,600330,天通股份,普通观察,已入快策略,,2026-04-17,0,common_index_cache,40,53.75,9.99,9.99,9.99,9.99,19.05,19.14,8.24,8.33,26.69,post_close,2026-04-17 15:00:00,人气Top10；当日涨停附近；收在日内高位；近5日趋势升温；站上20日线且不过热；人气排名明显上升,量能不足；一字或近似一字，参与点差,v2
2026-04-17,,次日已审,低层级强势反哺,普通/不推送走强,low_level_winner,普通观察 后来走强，原因反哺：人气Top20、当日上涨、收在日内高位,14,300184,力源信息,普通观察,已入快策略,,2026-04-17,0,common_index_cache,40,33.89,4.35,2.53,6.73,2.53,6.81,8.47,2.35,3.95,8.55,post_close,2026-04-17 15:00:00,人气Top20；当日上涨；收在日内高位；放量仍可控；近5日趋势升温；站上20日线且不过热,-,v2
2026-04-17,,次日已审,低层级强势反哺,普通/不推送走强,low_level_winner,普通观察 后来走强，原因反哺：v2低分涨停修正、人气Top50、人气排名明显上升,42,002957,科瑞技术,普通观察,已入快策略,,2026-04-17,0,common_index_cache,40,24.78,7.61,4.33,7.61,4.33,8.46,1.04,0.79,-6.1,12.14,post_close,2026-04-17 15:00:00,人气Top50；当日涨停附近；收在日内高位；近5日趋势升温；人气排名明显上升；v2低分涨停修正,偏离20日线较大,v2
2026-04-17,,次日已审,低层级强势反哺,普通/不推送走强,low_level_winner,普通观察 后来走强，原因反哺：v2低分涨停修正、当日涨停附近、收在日内高位,55,600156,华升股份,普通观察,已入快策略,,2026-04-17,0,common_index_cache,40,-0.97,0.11,9.94,9.94,9.94,9.07,-1.62,8.95,-1.73,20.95,post_close,2026-04-17 15:00:00,当日涨停附近；收在日内高位；放量仍可控；近5日趋势升温；站上20日线且不过热；v2低分涨停修正,-,v2
2026-04-16,2026-04-10,次日已审,快策略候选,优先成功,priority_success,下个交易日主盯 后续最高表现达到 16.80%，保留这类命中特征。,10,300502,新易盛,强推观察,下个交易日主盯,105.1,2026-04-16,0,common_index_cache,41,3.79,2.33,9.58,9.76,9.58,7.63,13.17,5.18,10.6,16.8,post_close,2026-04-16 15:00:00,人气Top10；当日强涨；收在日内高位；温和放量；近5日趋势升温；站上20日线且不过热；持续霸榜；人气排名明显上升,热度可能进入后段,v2
2026-04-16,2026-04-10,次日已审,快策略候选,优先成功,priority_success,下个交易日主盯 后续最高表现达到 56.73%，保留这类命中特征。,64,002008,大族激光,重点观察,下个交易日主盯,97.9,2026-04-16,0,common_index_cache,41,56.73,1.77,0.8,3.28,0.8,6.84,19.3,4.99,17.23,19.3,post_close,2026-04-16 15:00:00,当日涨停附近；收在日内高位；温和放量；近5日趋势升温；站上20日线且不过热；人气排名明显上升；v2低分涨停修正,-,v2
2026-04-16,2026-04-10,次日已审,快策略候选,优先成功,priority_success,下个交易日主盯 后续最高表现达到 72.50%，保留这类命中特征。,60,000657,中钨高新,重点观察,下个交易日主盯,86.8,2026-04-16,0,common_index_cache,41,72.5,3.08,8.13,10.0,8.13,11.39,9.0,8.06,5.74,17.05,post_close,2026-04-16 15:00:00,当日涨停附近；收在日内高位；温和放量；近5日趋势升温；站上20日线且不过热；连续上榜确认；人气排名明显上升,-,v2
2026-04-16,2026-04-10,次日已审,快策略候选,优先成功,priority_success,下个交易日主盯 后续最高表现达到 57.82%，保留这类命中特征。,11,300308,中际旭创,重点观察,下个交易日主盯,85.9,2026-04-16,0,common_index_cache,41,57.82,3.88,5.12,6.85,5.12,6.83,10.81,2.84,6.67,13.65,post_close,2026-04-16 15:00:00,人气Top20；当日上涨；收在日内高位；温和放量；近5日趋势升温；站上20日线且不过热；持续霸榜；人气排名明显上升,热度可能进入后段,v2
2026-04-16,2026-04-10,次日已审,快策略候选,优先成功,priority_success,下个交易日主盯 后续最高表现达到 104.39%，保留这类命中特征。,43,603986,兆易创新,普通观察,下个交易日主盯,79.3,2026-04-16,0,common_index_cache,41,104.39,-1.21,0.52,2.85,0.52,6.55,6.04,7.86,7.34,13.44,post_close,2026-04-16 15:00:00,人气Top50；当日上涨；收在日内高位；温和放量；近5日趋势升温；站上20日线且不过热；持续霸榜；人气排名明显上升,热度可能进入后段,v2
2026-04-16,2026-04-10,次日已审,快策略候选,优先成功,priority_success,下个交易日主盯 后续最高表现达到 83.80%，保留这类命中特征。,17,002491,通鼎互联,重点观察,下个交易日主盯,78.8,2026-04-16,0,common_index_cache,41,83.8,0.0,-3.14,2.24,-3.14,7.23,7.75,7.23,7.75,16.52,post_close,2026-04-16 15:00:00,人气Top20；当日涨停附近；收在日内高位；温和放量；站上20日线且不过热；连续上榜确认；人气排名明显上升,近5日趋势未确认,v2
2026-04-16,2026-04-10,次日已审,快策略候选,优先成功,priority_success,下个交易日主盯 后续最高表现达到 24.35%，保留这类命中特征。,1,002361,神剑股份,普通观察,下个交易日主盯,77.5,2026-04-16,0,common_index_cache,41,-18.9,-2.39,-2.65,2.28,-2.65,17.81,19.37,20.69,22.29,24.35,post_close,2026-04-16 15:00:00,人气Top3；当日上涨；温和放量；近5日趋势升温；持续霸榜；人气排名明显上升,偏离20日线较大；热度可能进入后段,v2
2026-04-16,2026-04-10,次日已审,快策略候选,优先成功,priority_success,下个交易日主盯 后续最高表现达到 30.64%，保留这类命中特征。,67,600549,厦门钨业,普通观察,下个交易日主盯,75.7,2026-04-16,0,common_index_cache,41,30.64,0.47,1.57,3.14,1.57,3.41,1.24,2.93,0.77,7.9,post_close,2026-04-16 15:00:00,当日涨停附近；收在日内高位；放量仍可控；近5日趋势升温；站上20日线且不过热,-,v2
2026-04-16,2026-04-10,次日已审,快策略候选,优先成功,priority_success,下个交易日主盯 后续最高表现达到 17.75%，保留这类命中特征。,38,300857,协创数据,普通观察,下个交易日主盯,69.95,2026-04-16,0,common_index_cache,41,17.3,-2.9,-0.66,0.94,-0.66,-4.53,12.96,-1.67,16.34,17.75,post_close,2026-04-16 15:00:00,人气Top50；当日涨停附近；收在日内高位；温和放量；近5日强势延续；连续上榜确认,短线涨幅偏高；偏离20日线较大,v2
2026-04-16,2026-04-10,次日已审,快策略候选,优先成功,priority_success,下个交易日主盯 后续最高表现达到 59.84%，保留这类命中特征。,33,600105,永鼎股份,不推送,下个交易日主盯,68.5,2026-04-16,0,common_index_cache,41,59.84,0.0,4.64,7.68,4.64,4.86,22.88,4.86,22.88,26.86,post_close,2026-04-16 15:00:00,人气Top50；当日上涨；温和放量；近5日趋势升温；站上20日线且不过热；持续霸榜,热度可能进入后段；人气排名明显回落,v2
2026-04-16,2026-04-10,次日已审,快策略候选,优先走弱,priority_failed,下个交易日主盯 未兑现，复盘风险项：-,14,603687,大胜达,强推观察,下个交易日主盯,105.1,2026-04-16,0,common_index_cache,41,-7.01,-2.32,-2.97,4.84,-2.97,-1.46,-6.45,0.88,-4.23,4.84,post_close,2026-04-16 15:00:00,人气Top20；当日涨停附近；收在日内高位；放量仍可控；近5日趋势升温；站上20日线且不过热；首次上榜即强势；v2强势延续修正,-,v2
2026-04-16,2026-04-10,次日已审,快策略候选,优先走弱,priority_failed,下个交易日主盯 未兑现，复盘风险项：热度可能进入后段,4,300750,宁德时代,重点观察,下个交易日主盯,98.8,2026-04-16,0,common_index_cache,41,-10.75,0.44,-2.19,0.82,-2.19,-1.43,-1.83,-1.86,-2.26,0.82,post_close,2026-04-16 15:00:00,人气Top10；当日上涨；收盘承接较强；温和放量；近5日趋势升温；站上20日线且不过热；持续霸榜；人气排名明显上升,热度可能进入后段,v2
2026-04-16,2026-04-10,次日已审,快策略候选,优先走弱,priority_failed,下个交易日主盯 未兑现，复盘风险项：-,70,002929,润建股份,重点观察,下个交易日主盯,96.1,2026-04-16,0,common_index_cache,41,-5.65,-1.21,-6.05,-1.0,-6.05,-14.73,-12.51,-13.69,-11.44,-1.0,post_close,2026-04-16 15:00:00,当日涨停附近；收在日内高位；温和放量；近5日趋势升温；站上20日线且不过热；v2低分涨停修正,-,v2
2026-04-16,2026-04-10,次日已审,快策略候选,优先走弱,priority_failed,下个交易日主盯 未兑现，复盘风险项：-,52,600875,东方电气,重点观察,下个交易日主盯,95.2,2026-04-16,0,common_index_cache,41,-24.57,1.09,-0.76,2.24,-0.76,-0.07,4.23,-1.15,3.11,7.64,post_close,2026-04-16 15:00:00,当日涨停附近；收在日内高位；温和放量；近5日趋势升温；站上20日线且不过热；人气排名明显上升,-,v2
2026-04-16,2026-04-10,次日已审,快策略候选,优先走弱,priority_failed,下个交易日主盯 未兑现，复盘风险项：短线涨幅偏高,12,601778,晶科科技,强推观察,下个交易日主盯,94.0,2026-04-16,0,common_index_cache,41,-24.62,5.11,3.75,10.06,3.75,-4.65,7.96,-9.29,2.71,10.06,post_close,2026-04-16 15:00:00,人气Top20；当日涨停附近；收在日内高位；放量仍可控；近5日强势延续；站上20日线且不过热；连续上榜确认；人气排名明显上升；v2强势延续修正；v2连榜升温修正；v2低分涨停修正,短线涨幅偏高,v2
2026-04-16,2026-04-10,次日已审,快策略候选,优先走弱,priority_failed,下个交易日主盯 未兑现，复盘风险项：热度可能进入后段,48,002263,大东南,强推观察,下个交易日主盯,93.5,2026-04-16,0,common_index_cache,41,-15.47,1.74,-3.68,3.48,-3.68,-2.9,-15.47,-4.56,-16.92,3.48,post_close,2026-04-16 15:00:00,人气Top50；当日涨停附近；收在日内高位；近5日趋势升温；站上20日线且不过热；持续霸榜；人气排名明显上升；v2强势延续修正；v2低分涨停修正,热度可能进入后段,v2
2026-04-16,2026-04-10,次日已审,快策略候选,优先走弱,priority_failed,下个交易日主盯 未兑现，复盘风险项：-,26,000815,美利云,重点观察,下个交易日主盯,92.6,2026-04-16,0,common_index_cache,41,-22.2,3.56,-2.75,4.01,-2.75,-5.94,-8.28,-9.17,-11.43,4.01,post_close,2026-04-16 15:00:00,人气Top50；当日涨停附近；收在日内高位；近5日趋势升温；站上20日线且不过热；连续上榜确认；人气排名明显上升；v2强势延续修正,-,v2
2026-04-16,2026-04-10,次日已审,快策略候选,优先走弱,priority_failed,下个交易日主盯 未兑现，复盘风险项：-,31,603799,华友钴业,普通观察,下个交易日主盯,87.7,2026-04-16,0,common_index_cache,41,-20.21,1.23,-0.3,3.63,-0.3,-1.38,-6.36,-2.58,-7.49,3.63,post_close,2026-04-16 15:00:00,人气Top50；当日上涨；收在日内高位；温和放量；近5日趋势升温；站上20日线且不过热,-,v2
2026-04-16,2026-04-10,次日已审,快策略候选,优先走弱,priority_failed,下个交易日主盯 未兑现，复盘风险项：热度可能进入后段,13,600666,奥瑞德,重点观察,下个交易日主盯,85.0,2026-04-16,0,common_index_cache,41,-31.82,0.0,3.5,6.86,3.5,-1.61,-4.23,-1.61,-4.23,10.51,post_close,2026-04-16 15:00:00,人气Top20；当日涨停附近；收在日内高位；温和放量；站上20日线且不过热；持续霸榜,热度可能进入后段,v2
2026-04-16,2026-04-10,次日已审,快策略候选,优先走弱,priority_failed,下个交易日主盯 未兑现，复盘风险项：近5日趋势未确认,19,000070,特发信息,重点观察,下个交易日主盯,78.8,2026-04-16,0,common_index_cache,41,-0.53,-0.14,-2.12,0.48,-2.12,-1.4,1.06,-1.25,1.21,6.88,post_close,2026-04-16 15:00:00,人气Top20；当日涨停附近；收在日内高位；温和放量；站上20日线且不过热；连续上榜确认；人气排名明显上升,近5日趋势未确认,v2
2026-04-16,2026-04-10,次日已审,快策略候选,优先走弱,priority_failed,下个交易日主盯 未兑现，复盘风险项：-,95,300738,奥飞数据,普通观察,下个交易日主盯,78.4,2026-04-16,0,common_index_cache,41,-22.59,0.12,-3.66,0.62,-3.66,-8.4,-5.32,-8.51,-5.43,0.62,post_close,2026-04-16 15:00:00,当日涨停附近；收在日内高位；放量仍可控；近5日趋势升温；站上20日线且不过热；v2低分涨停修正,-,v2
2026-04-16,2026-04-10,次日已审,快策略候选,优先走弱,priority_failed,下个交易日主盯 未兑现，复盘风险项：-,58,603220,中贝通信,普通观察,下个交易日主盯,78.4,2026-04-16,0,common_index_cache,41,-23.99,1.97,0.97,4.07,0.97,-7.67,7.2,-9.46,5.13,7.2,post_close,2026-04-16 15:00:00,当日涨停附近；收在日内高位；放量仍可控；近5日趋势升温；站上20日线且不过热；v2低分涨停修正,-,v2
2026-04-16,2026-04-10,次日已审,快策略候选,优先走弱,priority_failed,下个交易日主盯 未兑现，复盘风险项：热度可能进入后段,50,002594,比亚迪,普通观察,下个交易日主盯,73.0,2026-04-16,0,common_index_cache,41,-17.12,-0.52,-1.67,-0.08,-1.67,-3.8,-5.27,-3.3,-4.77,-0.08,post_close,2026-04-16 15:00:00,人气Top50；收盘承接较强；温和放量；近5日趋势升温；站上20日线且不过热；持续霸榜；人气排名明显上升,热度可能进入后段,v2
2026-04-16,2026-04-10,次日已审,快策略候选,优先走弱,priority_failed,下个交易日主盯 未兑现，复盘风险项：短线涨幅偏高；偏离20日线较大；热度可能进入后段,6,000889,中嘉博创,不推送,下个交易日主盯,71.65,2026-04-16,0,common_index_cache,41,-27.0,-3.0,5.8,8.8,5.8,-6.8,-13.0,-3.92,-10.31,9.0,post_close,2026-04-16 15:00:00,人气Top10；当日上涨；温和放量；近5日强势延续；持续霸榜；人气排名明显上升,短线涨幅偏高；偏离20日线较大；热度可能进入后段,v2
2026-04-16,2026-04-10,次日已审,快策略候选,优先走弱,priority_failed,下个交易日主盯 未兑现，复盘风险项：热度可能进入后段,37,600654,中安科,不推送,下个交易日主盯,71.2,2026-04-16,0,common_index_cache,41,-38.03,-4.27,-4.49,-2.78,-4.49,-12.82,-16.88,-8.93,-13.17,-2.78,post_close,2026-04-16 15:00:00,人气Top50；当日上涨；收盘承接较强；温和放量；站上20日线且不过热；持续霸榜；人气排名明显上升,热度可能进入后段,v2
2026-04-16,2026-04-10,次日已审,快策略候选,优先走弱,priority_failed,下个交易日主盯 未兑现，复盘风险项：-,100,002181,粤传媒,不推送,下个交易日主盯,69.4,2026-04-16,0,common_index_cache,41,-16.3,-2.64,0.66,3.67,0.66,-1.69,-3.67,0.98,-1.06,6.09,post_close,2026-04-16 15:00:00,当日上涨；收盘承接较强；温和放量；近5日趋势升温；站上20日线且不过热,-,v2
2026-04-16,2026-04-10,次日已审,快策略候选,优先走弱,priority_failed,下个交易日主盯 未兑现，复盘风险项：-,55,600986,浙文互联,不推送,下个交易日主盯,68.5,2026-04-16,0,common_index_cache,41,-27.23,-0.36,-1.82,0.64,-1.82,-0.18,10.47,0.18,10.88,10.47,post_close,2026-04-16 15:00:00,当日强涨；温和放量；近5日趋势升温；站上20日线且不过热,-,v2
2026-04-16,2026-04-10,次日已审,快策略候选,暂未强势,neutral,继续等待更多交易日或降低权重。,42,603601,再升科技,普通观察,下个交易日主盯,75.7,2026-04-16,0,common_index_cache,41,4.92,-2.2,-1.73,-0.6,-1.73,8.18,0.8,10.61,3.06,10.78,post_close,2026-04-16 15:00:00,人气Top50；当日上涨；温和放量；近5日趋势升温；站上20日线且不过热；连续上榜确认；v2连榜升温修正,-,v2
2026-04-16,2026-04-10,次日已审,快策略候选,暂未强势,neutral,继续等待更多交易日或降低权重。,40,300390,天华新能,不推送,下个交易日主盯,72.95,2026-04-16,0,common_index_cache,41,7.08,-0.79,2.46,6.21,2.46,0.15,-6.55,0.95,-5.8,6.21,post_close,2026-04-16 15:00:00,人气Top50；当日涨停附近；温和放量；近5日强势延续；人气排名明显上升,短线涨幅偏高；偏离20日线较大,v2
2026-04-16,2026-04-10,次日已审,快策略候选,暂未强势,neutral,继续等待更多交易日或降低权重。,93,002213,大为股份,普通观察,下个交易日主盯,71.3,2026-04-16,0,common_index_cache,41,6.13,1.88,-1.59,2.9,-1.59,-5.63,-10.98,-7.37,-12.62,2.9,post_close,2026-04-16 15:00:00,当日涨停附近；收在日内高位；温和放量；近5日趋势升温；站上20日线且不过热；v2低分涨停修正,人气排名明显回落,v2
2026-04-16,,次日已审,低层级强势反哺,普通/不推送走强,low_level_winner,不推送 后来走强，原因反哺：人气Top10、收盘承接较强、站上20日线且不过热,5,301666,大普微,不推送,未入快策略,,2026-04-16,0,common_index_cache,38,183.38,7.14,-5.34,8.77,-5.34,-12.27,-9.23,-18.11,-15.27,8.77,post_close,2026-04-16 15:00:00,人气Top10；收盘承接较强；站上20日线且不过热,-,v2
2026-04-16,,次日已审,低层级强势反哺,普通/不推送走强,low_level_winner,不推送 后来走强，原因反哺：人气Top20、持续霸榜、温和放量,20,600396,华电辽能,不推送,未入快策略,,2026-04-16,0,common_index_cache,41,144.17,0.0,-2.06,5.62,-2.06,11.52,34.84,11.52,34.84,34.84,post_close,2026-04-16 15:00:00,人气Top20；温和放量；持续霸榜,当日转弱；收盘承接偏弱；热度可能进入后段,v2
2026-04-16,,次日已审,低层级强势反哺,普通/不推送走强,low_level_winner,不推送 后来走强，原因反哺：持续霸榜、收盘承接较强、温和放量,87,600487,亨通光电,不推送,未入快策略,,2026-04-16,0,common_index_cache,41,108.88,-1.04,4.72,5.57,4.72,12.53,30.82,13.71,32.19,32.29,post_close,2026-04-16 15:00:00,收盘承接较强；温和放量；站上20日线且不过热；持续霸榜,近5日趋势未确认；热度可能进入后段,v2
2026-04-16,,次日已审,低层级强势反哺,普通/不推送走强,low_level_winner,不推送 后来走强，原因反哺：人气Top20,18,300433,蓝思科技,不推送,未入快策略,,2026-04-16,0,common_index_cache,41,99.73,-0.7,1.37,3.35,1.37,4.68,3.74,5.42,4.48,8.46,post_close,2026-04-16 15:00:00,人气Top20,当日转弱；收盘承接偏弱；近5日趋势未确认；仍在20日线下方,v2
2026-04-16,,次日已审,低层级强势反哺,普通/不推送走强,low_level_winner,不推送 后来走强，原因反哺：当日上涨、温和放量、站上20日线且不过热,53,600186,莲花控股,不推送,未入快策略,,2026-04-16,0,common_index_cache,41,80.1,-1.47,-3.07,-0.86,-3.07,-0.61,16.09,0.87,17.83,16.09,post_close,2026-04-16 15:00:00,当日上涨；温和放量；近5日趋势升温；站上20日线且不过热；连续上榜确认,人气排名明显回落,v2
2026-04-16,,次日已审,低层级强势反哺,普通/不推送走强,low_level_winner,普通观察 后来走强，原因反哺：人气Top20、当日强涨、收盘承接较强,16,603629,利通电子,普通观察,未入快策略,,2026-04-16,0,common_index_cache,41,72.18,0.79,10.01,10.01,10.01,5.57,21.52,4.74,20.57,24.17,post_close,2026-04-16 15:00:00,人气Top20；当日强涨；收盘承接较强；温和放量；近5日强势延续；连续上榜确认,短线涨幅偏高；偏离20日线较大,v2
2026-04-16,,次日已审,低层级强势反哺,普通/不推送走强,low_level_winner,不推送 后来走强，原因反哺：人气Top50、人气排名明显上升、持续霸榜,25,002384,东山精密,不推送,未入快策略,,2026-04-16,0,common_index_cache,41,71.8,3.64,8.39,9.96,8.39,13.27,24.81,9.29,20.43,29.72,post_close,2026-04-16 15:00:00,人气Top50；收在日内高位；近5日趋势升温；站上20日线且不过热；持续霸榜；人气排名明显上升,热度可能进入后段,v2
2026-04-16,,次日已审,低层级强势反哺,普通/不推送走强,low_level_winner,不推送 后来走强，原因反哺：持续霸榜、站上20日线且不过热,96,600110,诺德股份,不推送,未入快策略,,2026-04-16,0,common_index_cache,41,71.34,-1.49,-0.6,3.08,-0.6,-0.6,-7.76,0.91,-6.36,5.47,post_close,2026-04-16 15:00:00,站上20日线且不过热；持续霸榜,当日转弱；收盘承接偏弱；近5日趋势未确认；热度可能进入后段；人气排名明显回落,v2
2026-04-16,,次日已审,低层级强势反哺,普通/不推送走强,low_level_winner,不推送 后来走强，原因反哺：当日上涨、温和放量、站上20日线且不过热,85,600176,中国巨石,不推送,未入快策略,,2026-04-16,0,common_index_cache,41,65.45,-1.64,0.94,3.97,0.94,-4.36,1.0,-2.77,2.68,3.97,post_close,2026-04-16 15:00:00,当日上涨；温和放量；近5日趋势升温；站上20日线且不过热,人气排名明显回落,v2
2026-04-16,,次日已审,低层级强势反哺,普通/不推送走强,low_level_winner,不推送 后来走强，原因反哺：人气Top50、当日涨停附近、收在日内高位,39,002297,博云新材,不推送,未入快策略,,2026-04-16,0,common_index_cache,41,60.32,5.78,10.01,10.01,10.01,18.1,38.31,11.64,30.75,38.81,post_close,2026-04-16 15:00:00,人气Top50；当日涨停附近；收在日内高位；近5日强势延续,放量过猛；短线涨幅偏高；偏离20日线较大,v2
2026-04-16,,次日已审,低层级强势反哺,普通/不推送走强,low_level_winner,不推送 后来走强，原因反哺：持续霸榜、站上20日线且不过热、近5日趋势升温,92,002463,沪电股份,不推送,未入快策略,,2026-04-16,0,common_index_cache,41,55.24,-1.29,2.92,4.75,2.92,5.21,12.42,6.59,13.89,15.21,post_close,2026-04-16 15:00:00,近5日趋势升温；站上20日线且不过热；持续霸榜,热度可能进入后段；人气排名明显回落,v2
2026-04-16,,次日已审,低层级强势反哺,普通/不推送走强,low_level_winner,不推送 后来走强，原因反哺：人气Top50、持续霸榜、收盘承接较强,45,000988,华工科技,不推送,未入快策略,,2026-04-16,0,common_index_cache,41,51.81,0.61,3.88,4.68,3.88,3.53,4.75,2.9,4.12,9.95,post_close,2026-04-16 15:00:00,人气Top50；收盘承接较强；站上20日线且不过热；持续霸榜,近5日趋势未确认；热度可能进入后段；人气排名明显回落,v2
2026-04-16,,次日已审,低层级强势反哺,普通/不推送走强,low_level_winner,不推送 后来走强，原因反哺：当日上涨、持续霸榜、温和放量,89,001309,德明利,不推送,未入快策略,,2026-04-16,0,common_index_cache,41,37.31,-1.32,-0.6,0.47,-0.6,-0.43,-4.28,0.9,-3.0,5.44,post_close,2026-04-16 15:00:00,当日上涨；温和放量；近5日强势延续；持续霸榜,短线涨幅偏高；偏离20日线较大；热度可能进入后段,v2
2026-04-16,,次日已审,低层级强势反哺,普通/不推送走强,low_level_winner,不推送 后来走强，原因反哺：v2低分涨停修正、当日涨停附近、站上20日线且不过热,61,300088,长信科技,不推送,未入快策略,,2026-04-16,0,common_index_cache,41,36.04,-3.22,-2.32,1.8,-2.32,-7.59,-8.88,-4.52,-5.85,1.8,post_close,2026-04-16 15:00:00,当日涨停附近；近5日强势延续；站上20日线且不过热；v2低分涨停修正,放量过猛；短线涨幅偏高,v2
2026-04-16,,次日已审,低层级强势反哺,普通/不推送走强,low_level_winner,不推送 后来走强，原因反哺：人气Top50、温和放量、站上20日线且不过热,30,603459,红板科技,不推送,未入快策略,,2026-04-16,0,common_index_cache,41,30.02,-2.9,-2.04,2.97,-2.04,-9.74,-14.02,-7.05,-11.45,2.97,post_close,2026-04-16 15:00:00,人气Top50；温和放量；近5日强势延续；站上20日线且不过热,短线涨幅偏高；人气排名明显回落,v2
2026-04-16,,次日已审,低层级强势反哺,普通/不推送走强,low_level_winner,不推送 后来走强，原因反哺：温和放量、站上20日线且不过热、近5日强势延续,88,688525,佰维存储,不推送,未入快策略,,2026-04-16,0,common_index_cache,41,29.01,-4.78,-5.62,-3.07,-5.62,-3.78,-7.85,1.05,-3.22,2.86,post_close,2026-04-16 15:00:00,温和放量；近5日强势延续；站上20日线且不过热,短线涨幅偏高；人气排名明显回落,v2
2026-04-16,,次日已审,低层级强势反哺,普通/不推送走强,low_level_winner,不推送 后来走强，原因反哺：人气Top50、温和放量、站上20日线且不过热,35,001896,豫能控股,不推送,未入快策略,,2026-04-16,0,common_index_cache,41,27.55,1.29,0.12,6.04,0.12,0.23,5.33,-1.04,3.99,10.49,post_close,2026-04-16 15:00:00,人气Top50；温和放量；近5日强势延续；站上20日线且不过热；连续上榜确认,短线涨幅偏高,v2
2026-04-16,,次日已审,低层级强势反哺,普通/不推送走强,low_level_winner,不推送 后来走强，原因反哺：持续霸榜、收盘承接较强、温和放量,74,601869,长飞光纤,不推送,未入快策略,,2026-04-16,0,common_index_cache,41,24.96,-0.29,-0.71,1.12,-0.71,3.54,4.48,3.85,4.78,14.75,post_close,2026-04-16 15:00:00,收盘承接较强；温和放量；站上20日线且不过热；持续霸榜,近5日趋势未确认；热度可能进入后段,v2
2026-04-16,,次日已审,低层级强势反哺,普通/不推送走强,low_level_winner,不推送 后来走强，原因反哺：人气Top50、人气排名明显上升、站上20日线且不过热,41,002536,飞龙股份,不推送,未入快策略,,2026-04-16,0,common_index_cache,41,24.22,-0.94,3.42,5.53,3.42,6.91,5.83,7.93,6.84,15.52,post_close,2026-04-16 15:00:00,人气Top50；近5日趋势升温；站上20日线且不过热；连续上榜确认；人气排名明显上升,-,v2
2026-04-16,,次日已审,低层级强势反哺,普通/不推送走强,low_level_winner,不推送 后来走强，原因反哺：人气Top50、持续霸榜、温和放量,29,601138,工业富联,不推送,未入快策略,,2026-04-16,0,common_index_cache,41,22.45,0.47,2.78,3.17,2.78,3.52,14.5,3.04,13.96,16.49,post_close,2026-04-16 15:00:00,人气Top50；温和放量；近5日趋势升温；站上20日线且不过热；持续霸榜,热度可能进入后段,v2
2026-04-16,,次日已审,低层级强势反哺,普通/不推送走强,low_level_winner,不推送 后来走强，原因反哺：人气Top50、持续霸榜、放量仍可控,36,002364,中恒电气,不推送,未入快策略,,2026-04-16,0,common_index_cache,41,21.47,0.54,-4.42,2.01,-4.42,3.18,1.71,2.63,1.16,6.19,post_close,2026-04-16 15:00:00,人气Top50；放量仍可控；近5日强势延续；持续霸榜,当日转弱；短线涨幅偏高；偏离20日线较大；热度可能进入后段,v2
2026-04-16,,次日已审,低层级强势反哺,普通/不推送走强,low_level_winner,普通观察 后来走强，原因反哺：当日涨停附近、收在日内高位、温和放量,78,002990,盛视科技,普通观察,未入快策略,,2026-04-16,0,common_index_cache,40,17.47,3.56,9.78,9.78,9.78,-2.74,5.98,-6.09,2.33,16.47,post_close,2026-04-16 15:00:00,当日涨停附近；收在日内高位；温和放量；近5日强势延续；连续上榜确认,短线涨幅偏高；偏离20日线较大,v2
2026-04-16,,次日已审,低层级强势反哺,普通/不推送走强,low_level_winner,不推送 后来走强，原因反哺：人气Top50、人气排名明显上升、持续霸榜,44,002475,立讯精密,不推送,未入快策略,,2026-04-16,0,common_index_cache,41,11.36,-0.99,-1.16,0.71,-1.16,8.77,12.11,9.86,13.23,16.92,post_close,2026-04-16 15:00:00,人气Top50；收在日内高位；近5日趋势升温；站上20日线且不过热；持续霸榜；人气排名明显上升,热度可能进入后段,v2
2026-04-16,,次日已审,低层级强势反哺,普通/不推送走强,low_level_winner,不推送 后来走强，原因反哺：人气排名明显上升、当日上涨、温和放量,51,002015,协鑫能科,不推送,未入快策略,,2026-04-16,0,common_index_cache,41,2.88,0.0,0.6,5.05,0.6,2.66,12.27,2.66,12.27,17.26,post_close,2026-04-16 15:00:00,当日上涨；温和放量；近5日趋势升温；站上20日线且不过热；连续上榜确认；人气排名明显上升,-,v2
2026-04-16,,次日已审,低层级强势反哺,普通/不推送走强,low_level_winner,普通观察 后来走强，原因反哺：v2低分涨停修正、当日涨停附近、收在日内高位,65,603906,龙蟠科技,普通观察,未入快策略,,2026-04-16,0,common_index_cache,41,-0.32,2.99,3.75,8.58,3.75,3.87,21.56,0.85,18.02,25.35,post_close,2026-04-16 15:00:00,当日涨停附近；收在日内高位；近5日趋势升温；站上20日线且不过热；v2低分涨停修正,-,v2
2026-04-16,,次日已审,低层级强势反哺,普通/不推送走强,low_level_winner,不推送 后来走强，原因反哺：人气Top50、人气排名明显上升、当日上涨,27,300058,蓝色光标,不推送,未入快策略,,2026-04-16,0,common_index_cache,41,-13.08,-1.4,4.65,5.93,4.65,9.24,10.47,10.79,12.03,20.29,post_close,2026-04-16 15:00:00,人气Top50；当日上涨；温和放量；站上20日线且不过热；持续霸榜；人气排名明显上升,收盘承接偏弱；热度可能进入后段；上影线偏长,v2
2026-04-16,,次日已审,低层级强势反哺,普通/不推送走强,low_level_winner,不推送 后来走强，原因反哺：人气Top3、人气排名明显上升、当日涨停附近,2,002580,圣阳股份,不推送,未入快策略,,2026-04-16,0,common_index_cache,41,-23.38,4.78,10.0,10.0,10.0,6.83,-2.99,1.96,-7.42,21.01,post_close,2026-04-16 15:00:00,人气Top3；当日涨停附近；收在日内高位；持续霸榜；人气排名明显上升,量能不足；短线涨幅过热；远离20日线过多；热度可能进入后段,v2
2026-04-16,,次日已审,低层级强势反哺,普通/不推送走强,low_level_winner,不推送 后来走强，原因反哺：收盘承接较强、温和放量、站上20日线且不过热,63,002565,顺灏股份,不推送,未入快策略,,2026-04-16,0,common_index_cache,41,-23.44,0.62,6.59,9.24,6.59,25.75,11.32,24.97,10.64,29.52,post_close,2026-04-16 15:00:00,收盘承接较强；温和放量；站上20日线且不过热；连续上榜确认,人气排名明显回落,v2
2026-04-16,,次日已审,低层级强势反哺,普通/不推送走强,low_level_winner,不推送 后来走强，原因反哺：人气Top3、持续霸榜、放量仍可控,3,603778,国晟科技,不推送,未入快策略,,2026-04-16,0,common_index_cache,41,-36.97,-6.06,-8.14,-4.28,-8.14,9.85,0.53,16.94,7.02,11.17,post_close,2026-04-16 15:00:00,人气Top3；放量仍可控；持续霸榜,当日转弱；近5日趋势未确认；热度可能进入后段,v2
2026-04-16,,次日已审,低层级强势反哺,普通/不推送走强,low_level_winner,不推送 后来走强，原因反哺：人气Top10、持续霸榜、温和放量,9,002342,巨力索具,不推送,未入快策略,,2026-04-16,0,common_index_cache,41,-44.57,-2.38,2.97,4.27,2.97,15.72,2.38,18.54,4.87,15.72,post_close,2026-04-16 15:00:00,人气Top10；温和放量；近5日趋势升温；持续霸榜,偏离20日线较大；热度可能进入后段；上影线偏长,v2
2026-04-16,,次日已审,低层级强势反哺,普通/不推送走强,low_level_winner,普通观察 后来走强，原因反哺：人气Top50、人气排名明显上升、当日上涨,43,603986,兆易创新,普通观察,已入快策略,,2026-04-16,0,common_index_cache,41,104.39,-1.21,0.52,2.85,0.52,6.55,6.04,7.86,7.34,13.44,post_close,2026-04-16 15:00:00,人气Top50；当日上涨；收在日内高位；温和放量；近5日趋势升温；站上20日线且不过热；持续霸榜；人气排名明显上升,热度可能进入后段,v2
2026-04-16,,次日已审,低层级强势反哺,普通/不推送走强,low_level_winner,不推送 后来走强，原因反哺：人气Top50、当日上涨、持续霸榜,33,600105,永鼎股份,不推送,已入快策略,,2026-04-16,0,common_index_cache,41,59.84,0.0,4.64,7.68,4.64,4.86,22.88,4.86,22.88,26.86,post_close,2026-04-16 15:00:00,人气Top50；当日上涨；温和放量；近5日趋势升温；站上20日线且不过热；持续霸榜,热度可能进入后段；人气排名明显回落,v2
2026-04-16,,次日已审,低层级强势反哺,普通/不推送走强,low_level_winner,普通观察 后来走强，原因反哺：当日涨停附近、收在日内高位、放量仍可控,67,600549,厦门钨业,普通观察,已入快策略,,2026-04-16,0,common_index_cache,41,30.64,0.47,1.57,3.14,1.57,3.41,1.24,2.93,0.77,7.9,post_close,2026-04-16 15:00:00,当日涨停附近；收在日内高位；放量仍可控；近5日趋势升温；站上20日线且不过热,-,v2
2026-04-16,,次日已审,低层级强势反哺,普通/不推送走强,low_level_winner,普通观察 后来走强，原因反哺：人气Top50、当日涨停附近、收在日内高位,38,300857,协创数据,普通观察,已入快策略,,2026-04-16,0,common_index_cache,41,17.3,-2.9,-0.66,0.94,-0.66,-4.53,12.96,-1.67,16.34,17.75,post_close,2026-04-16 15:00:00,人气Top50；当日涨停附近；收在日内高位；温和放量；近5日强势延续；连续上榜确认,短线涨幅偏高；偏离20日线较大,v2
2026-04-16,,次日已审,低层级强势反哺,普通/不推送走强,low_level_winner,普通观察 后来走强，原因反哺：人气Top3、人气排名明显上升、当日上涨,1,002361,神剑股份,普通观察,已入快策略,,2026-04-16,0,common_index_cache,41,-18.9,-2.39,-2.65,2.28,-2.65,17.81,19.37,20.69,22.29,24.35,post_close,2026-04-16 15:00:00,人气Top3；当日上涨；温和放量；近5日趋势升温；持续霸榜；人气排名明显上升,偏离20日线较大；热度可能进入后段,v2
2026-04-15,2026-04-10,次日已审,快策略候选,优先成功,priority_success,下个交易日主盯 后续最高表现达到 87.64%，保留这类命中特征。,18,603629,利通电子,强推观察,下个交易日主盯,94.0,2026-04-15,0,common_index_cache,42,87.64,0.0,8.98,10.01,8.98,21.98,23.02,21.98,23.02,25.28,post_close,2026-04-15 15:00:00,人气Top20；当日涨停附近；收在日内高位；温和放量；近5日趋势升温；连续上榜确认；人气排名明显上升；v2强势延续修正；v2连榜升温修正；v2低分涨停修正,偏离20日线较大,v2
2026-04-15,2026-04-10,次日已审,快策略候选,优先成功,priority_success,下个交易日主盯 后续最高表现达到 31.32%，保留这类命中特征。,16,001896,豫能控股,强推观察,下个交易日主盯,94.0,2026-04-15,0,common_index_cache,42,31.32,-0.97,2.96,6.7,2.96,13.4,5.61,14.5,6.64,13.76,post_close,2026-04-15 15:00:00,人气Top20；当日涨停附近；收在日内高位；放量仍可控；近5日强势延续；站上20日线且不过热；连续上榜确认；人气排名明显上升；v2强势延续修正；v2连榜升温修正；v2低分涨停修正,短线涨幅偏高,v2
2026-04-15,2026-04-10,次日已审,快策略候选,优先成功,priority_success,下个交易日主盯 后续最高表现达到 29.18%，保留这类命中特征。,15,002361,神剑股份,强推观察,下个交易日主盯,94.0,2026-04-15,0,common_index_cache,42,-15.75,-0.22,3.88,9.98,3.88,11.27,27.56,11.51,27.84,29.18,post_close,2026-04-15 15:00:00,人气Top20；当日涨停附近；收在日内高位；温和放量；近5日趋势升温；站上20日线且不过热；连续上榜确认；人气排名明显上升；v2强势延续修正,-,v2
2026-04-15,2026-04-10,次日已审,快策略候选,优先成功,priority_success,下个交易日主盯 后续最高表现达到 33.33%，保留这类命中特征。,45,300857,协创数据,普通观察,下个交易日主盯,78.4,2026-04-15,0,common_index_cache,42,33.33,0.47,13.66,14.35,13.66,9.74,30.22,9.23,29.61,30.22,post_close,2026-04-15 15:00:00,人气Top50；当日涨停附近；放量仍可控；近5日趋势升温；站上20日线且不过热；连续上榜确认；v2低分涨停修正,-,v2
2026-04-15,2026-04-10,次日已审,快策略候选,优先成功,priority_success,下个交易日主盯 后续最高表现达到 77.98%，保留这类命中特征。,44,002980,华盛昌,普通观察,下个交易日主盯,68.15,2026-04-15,0,common_index_cache,42,77.98,0.52,-5.77,2.78,-5.77,10.58,15.14,10.0,14.54,19.39,post_close,2026-04-15 15:00:00,人气Top50；当日涨停附近；收在日内高位；温和放量；近5日强势延续；连续上榜确认；v2低分涨停修正,短线涨幅偏高；远离20日线过多,v2
2026-04-15,2026-04-10,次日已审,快策略候选,优先成功,priority_success,下个交易日主盯 后续最高表现达到 68.06%，保留这类命中特征。,1,600105,永鼎股份,不推送,下个交易日主盯,66.1,2026-04-15,0,common_index_cache,42,68.06,-0.11,5.14,7.88,5.14,11.35,21.28,11.47,21.41,21.28,post_close,2026-04-15 15:00:00,人气Top3；温和放量；近5日趋势升温；站上20日线且不过热；连续上榜确认；人气排名明显上升,收盘承接偏弱；上影线偏长,v2
2026-04-15,2026-04-10,次日已审,快策略候选,优先成功,priority_success,下个交易日主盯 后续最高表现达到 29.21%，保留这类命中特征。,61,002990,盛视科技,普通观察,下个交易日主盯,62.35,2026-04-15,0,common_index_cache,41,29.21,0.5,9.76,9.76,9.76,16.12,15.01,15.55,14.44,28.12,post_close,2026-04-15 15:00:00,当日涨停附近；收在日内高位；放量仍可控；近5日强势延续；连续上榜确认；v2低分涨停修正,短线涨幅偏高；偏离20日线较大,v2
2026-04-15,2026-04-10,次日已审,快策略候选,优先成功,priority_success,下个交易日主盯 后续最高表现达到 22.16%，保留这类命中特征。,32,002149,西部材料,不推送,下个交易日主盯,61.4,2026-04-15,0,common_index_cache,42,11.93,-1.14,-0.02,1.55,-0.02,12.36,19.48,13.65,20.85,22.16,post_close,2026-04-15 15:00:00,人气Top50；当日强涨；近5日趋势升温；站上20日线且不过热；连续上榜确认,-,v2
2026-04-15,2026-04-10,次日已审,快策略候选,优先成功,priority_success,下个交易日主盯 后续最高表现达到 17.11%，保留这类命中特征。,17,002342,巨力索具,不推送,下个交易日主盯,60.55,2026-04-15,0,common_index_cache,42,-43.9,-1.53,1.2,7.6,1.2,6.45,10.17,8.11,11.88,17.11,post_close,2026-04-15 15:00:00,人气Top20；当日上涨；收盘承接较强；温和放量；近5日强势延续；连续上榜确认,短线涨幅偏高；偏离20日线较大,v2
2026-04-15,2026-04-10,次日已审,快策略候选,优先成功,priority_success,下个交易日主盯 后续最高表现达到 90.64%，保留这类命中特征。,21,600186,莲花控股,不推送,下个交易日主盯,57.1,2026-04-15,0,common_index_cache,42,90.64,-1.95,5.85,8.84,5.85,2.34,11.7,4.38,13.93,14.04,post_close,2026-04-15 15:00:00,人气Top50；当日上涨；温和放量；站上20日线且不过热,-,v2
2026-04-15,2026-04-10,次日已审,快策略候选,优先走弱,priority_failed,下个交易日主盯 未兑现，复盘风险项：-,10,000078,海王生物,强推观察,下个交易日主盯,118.0,2026-04-15,0,common_index_cache,41,-61.44,-3.98,-2.74,-1.99,-2.74,-2.99,-11.69,1.04,-8.03,-1.99,post_close,2026-04-15 15:00:00,人气Top10；当日涨停附近；收在日内高位；温和放量；近5日趋势升温；站上20日线且不过热；首次上榜即强势；v2强势延续修正；v2低分涨停修正,-,v2
2026-04-15,2026-04-10,次日已审,快策略候选,优先走弱,priority_failed,下个交易日主盯 未兑现，复盘风险项：-,2,601179,中国西电,强推观察,下个交易日主盯,115.3,2026-04-15,0,common_index_cache,42,-10.79,-0.06,-1.47,-0.06,-1.47,2.94,1.41,3.0,1.47,3.95,post_close,2026-04-15 15:00:00,人气Top3；当日强涨；收在日内高位；放量仍可控；近5日趋势升温；站上20日线且不过热；人气排名明显上升,-,v2
2026-04-15,2026-04-10,次日已审,快策略候选,优先走弱,priority_failed,下个交易日主盯 未兑现，复盘风险项：短线涨幅偏高；偏离20日线较大,4,603538,美诺华,重点观察,下个交易日主盯,99.25,2026-04-15,0,common_index_cache,42,-31.89,0.0,0.9,3.23,0.9,-7.37,-9.01,-7.37,-9.01,3.23,post_close,2026-04-15 15:00:00,人气Top10；当日强涨；收在日内高位；温和放量；近5日强势延续；连续上榜确认；人气排名明显上升,短线涨幅偏高；偏离20日线较大,v2
2026-04-15,2026-04-10,次日已审,快策略候选,优先走弱,priority_failed,下个交易日主盯 未兑现，复盘风险项：近5日趋势未确认,3,600488,津药药业,强推观察,下个交易日主盯,97.1,2026-04-15,0,common_index_cache,42,-32.75,-4.39,-8.04,-2.19,-8.04,-6.29,-4.09,-1.99,0.31,-1.32,post_close,2026-04-15 15:00:00,人气Top3；当日涨停附近；收在日内高位；温和放量；站上20日线且不过热；连续上榜确认；人气排名明显上升,近5日趋势未确认,v2
2026-04-15,2026-04-10,次日已审,快策略候选,优先走弱,priority_failed,下个交易日主盯 未兑现，复盘风险项：短线涨幅偏高；偏离20日线较大,42,000889,中嘉博创,重点观察,下个交易日主盯,91.25,2026-04-15,0,common_index_cache,42,-23.0,-3.59,5.49,9.92,5.49,8.44,-2.53,12.47,1.09,14.98,post_close,2026-04-15 15:00:00,人气Top50；当日涨停附近；收在日内高位；放量仍可控；近5日强势延续；连续上榜确认；人气排名明显上升；v2强势延续修正；v2低分涨停修正,短线涨幅偏高；偏离20日线较大,v2
2026-04-15,2026-04-10,次日已审,快策略候选,优先走弱,priority_failed,下个交易日主盯 未兑现，复盘风险项：-,49,000788,北大医药,普通观察,下个交易日主盯,88.6,2026-04-15,0,common_index_cache,42,-20.53,1.92,-1.62,3.25,-1.62,-2.51,-3.84,-4.35,-5.65,3.25,post_close,2026-04-15 15:00:00,人气Top50；当日涨停附近；收在日内高位；温和放量；站上20日线且不过热,-,v2
2026-04-15,2026-04-10,次日已审,快策略候选,优先走弱,priority_failed,下个交易日主盯 未兑现，复盘风险项：人气排名明显回落,88,600664,哈药股份,重点观察,下个交易日主盯,83.2,2026-04-15,0,common_index_cache,42,-30.86,5.86,-0.9,9.91,-0.9,-3.6,-11.49,-8.94,-16.38,9.91,post_close,2026-04-15 15:00:00,当日涨停附近；收在日内高位；放量仍可控；近5日趋势升温；站上20日线且不过热；连续上榜确认；v2低分涨停修正,人气排名明显回落,v2
2026-04-15,2026-04-10,次日已审,快策略候选,优先走弱,priority_failed,下个交易日主盯 未兑现，复盘风险项：-,24,000533,顺钠股份,普通观察,下个交易日主盯,80.6,2026-04-15,0,common_index_cache,42,-33.31,-5.15,-2.67,-0.74,-2.67,-0.87,-0.43,4.51,4.97,4.09,post_close,2026-04-15 15:00:00,人气Top50；当日强涨；收在日内高位；放量仍可控；近5日趋势升温；站上20日线且不过热,-,v2
2026-04-15,2026-04-10,次日已审,快策略候选,优先走弱,priority_failed,下个交易日主盯 未兑现，复盘风险项：-,100,002498,汉缆股份,普通观察,下个交易日主盯,78.4,2026-04-15,0,common_index_cache,42,-10.94,0.0,5.76,7.65,5.76,10.59,5.41,10.59,5.41,11.76,post_close,2026-04-15 15:00:00,当日涨停附近；收在日内高位；温和放量；近5日趋势升温；站上20日线且不过热,-,v2
2026-04-15,2026-04-10,次日已审,快策略候选,优先走弱,priority_failed,下个交易日主盯 未兑现，复盘风险项：-,96,002705,新宝股份,普通观察,下个交易日主盯,78.4,2026-04-15,0,common_index_cache,42,-31.14,4.56,3.17,9.57,3.17,4.21,3.4,-0.33,-1.1,9.57,post_close,2026-04-15 15:00:00,当日涨停附近；收在日内高位；放量仍可控；近5日趋势升温；站上20日线且不过热；v2低分涨停修正,-,v2
2026-04-15,2026-04-10,次日已审,快策略候选,优先走弱,priority_failed,下个交易日主盯 未兑现，复盘风险项：近5日趋势未确认,28,603122,合富中国,不推送,下个交易日主盯,76.1,2026-04-15,0,common_index_cache,42,-34.0,-3.41,-5.53,-3.29,-5.53,-8.54,-11.11,-5.32,-7.98,-3.29,post_close,2026-04-15 15:00:00,人气Top50；当日强涨；收在日内高位；温和放量；站上20日线且不过热,近5日趋势未确认,v2
2026-04-15,2026-04-10,次日已审,快策略候选,优先走弱,priority_failed,下个交易日主盯 未兑现，复盘风险项：-,92,600594,益佰制药,普通观察,下个交易日主盯,73.0,2026-04-15,0,common_index_cache,42,-33.82,-1.26,-1.68,3.57,-1.68,-3.78,-0.21,-2.55,1.06,5.88,post_close,2026-04-15 15:00:00,当日涨停附近；收在日内高位；温和放量；站上20日线且不过热,-,v2
2026-04-15,2026-04-10,次日已审,快策略候选,优先走弱,priority_failed,下个交易日主盯 未兑现，复盘风险项：-,83,002038,双鹭药业,普通观察,下个交易日主盯,73.0,2026-04-15,0,common_index_cache,42,-37.67,1.61,-1.98,5.7,-1.98,-5.7,-8.8,-7.2,-10.24,5.7,post_close,2026-04-15 15:00:00,当日涨停附近；收在日内高位；温和放量；站上20日线且不过热,-,v2
2026-04-15,2026-04-10,次日已审,快策略候选,优先走弱,priority_failed,下个交易日主盯 未兑现，复盘风险项：收盘承接偏弱,31,300750,宁德时代,不推送,下个交易日主盯,71.2,2026-04-15,0,common_index_cache,42,-5.92,2.36,5.42,6.84,5.42,0.35,2.89,-1.96,0.52,6.84,post_close,2026-04-15 15:00:00,人气Top50；温和放量；近5日趋势升温；站上20日线且不过热；连续上榜确认；人气排名明显上升；v2热点回踩观察,收盘承接偏弱,v2
2026-04-15,2026-04-10,次日已审,快策略候选,优先走弱,priority_failed,下个交易日主盯 未兑现，复盘风险项：-,72,301408,华人健康,不推送,下个交易日主盯,70.3,2026-04-15,0,common_index_cache,42,-26.28,1.68,-1.4,3.37,-1.4,-0.72,-3.75,-2.37,-5.35,3.56,post_close,2026-04-15 15:00:00,当日涨停附近；收在日内高位；放量仍可控；站上20日线且不过热,-,v2
2026-04-15,2026-04-10,次日已审,快策略候选,优先走弱,priority_failed,下个交易日主盯 未兑现，复盘风险项：-,38,002519,银河电子,不推送,下个交易日主盯,62.4,2026-04-15,0,common_index_cache,42,-24.97,-2.37,-1.42,-0.12,-1.42,2.6,0.83,5.09,3.27,5.56,post_close,2026-04-15 15:00:00,人气Top50；当日上涨；放量仍可控；站上20日线且不过热,-,v2
2026-04-15,2026-04-10,次日已审,快策略候选,优先走弱,priority_failed,下个交易日主盯 未兑现，复盘风险项：-,23,002560,通达股份,不推送,下个交易日主盯,61.4,2026-04-15,0,common_index_cache,42,-40.81,-30.34,-29.7,-28.21,-29.7,-22.72,-30.06,10.94,0.41,-16.6,post_close,2026-04-15 15:00:00,人气Top50；收盘承接较强；温和放量；站上20日线且不过热；连续上榜确认；人气排名明显上升,-,v2
2026-04-15,2026-04-10,次日已审,快策略候选,优先走弱,priority_failed,下个交易日主盯 未兑现，复盘风险项：-,47,600550,保变电气,不推送,下个交易日主盯,58.9,2026-04-15,0,common_index_cache,42,-20.15,-1.12,-0.69,-0.25,-0.69,2.12,0.19,3.28,1.32,2.12,post_close,2026-04-15 15:00:00,人气Top50；当日强涨；收盘承接较强；站上20日线且不过热,-,v2
2026-04-15,2026-04-10,次日已审,快策略候选,优先走弱,priority_failed,下个交易日主盯 未兑现，复盘风险项：-,82,603127,昭衍新药,不推送,下个交易日主盯,55.8,2026-04-15,0,common_index_cache,42,-17.44,-0.99,-1.88,-0.38,-1.88,-4.1,-3.95,-3.14,-2.98,-0.38,post_close,2026-04-15 15:00:00,收盘承接较强；温和放量；近5日趋势升温；站上20日线且不过热,-,v2
2026-04-15,2026-04-10,次日已审,快策略候选,优先走弱,priority_failed,下个交易日主盯 未兑现，复盘风险项：-,27,600089,特变电工,不推送,下个交易日主盯,54.9,2026-04-15,0,common_index_cache,42,-16.94,-1.67,-0.96,-0.92,-0.96,-1.17,-2.59,0.5,-0.94,-0.78,post_close,2026-04-15 15:00:00,人气Top50；温和放量；站上20日线且不过热；连续上榜确认；人气排名明显上升,-,v2
2026-04-15,,次日已审,低层级强势反哺,普通/不推送走强,low_level_winner,不推送 后来走强，原因反哺：人气Top20、放量仍可控、站上20日线且不过热,11,600396,华电辽能,不推送,未入快策略,,2026-04-15,0,common_index_cache,42,121.12,-4.6,-9.44,-3.73,-9.44,-8.2,11.06,-3.78,16.41,11.06,post_close,2026-04-15 15:00:00,人气Top20；放量仍可控；站上20日线且不过热；连续上榜确认,收盘承接偏弱；上影线偏长,v2
2026-04-15,,次日已审,低层级强势反哺,普通/不推送走强,low_level_winner,不推送 后来走强，原因反哺：站上20日线且不过热、近5日趋势升温、连续上榜确认,73,603986,兆易创新,不推送,未入快策略,,2026-04-15,0,common_index_cache,42,113.88,-1.7,4.37,4.47,4.37,5.76,14.32,7.59,16.29,14.54,post_close,2026-04-15 15:00:00,近5日趋势升温；站上20日线且不过热；连续上榜确认,当日转弱；收盘承接偏弱；人气排名明显回落,v2
2026-04-15,,次日已审,低层级强势反哺,普通/不推送走强,low_level_winner,不推送 后来走强，原因反哺：站上20日线且不过热、连续上榜确认,85,600487,亨通光电,不推送,未入快策略,,2026-04-15,0,common_index_cache,42,112.93,-0.61,1.94,2.51,1.94,16.8,26.18,17.53,26.96,26.18,post_close,2026-04-15 15:00:00,站上20日线且不过热；连续上榜确认,当日转弱；收盘承接偏弱；近5日趋势未确认,v2
2026-04-15,,次日已审,低层级强势反哺,普通/不推送走强,low_level_winner,不推送 后来走强，原因反哺：温和放量、站上20日线且不过热,76,002491,通鼎互联,不推送,未入快策略,,2026-04-15,0,common_index_cache,42,102.18,-1.76,10.0,10.0,10.0,17.18,21.27,19.28,23.44,23.24,post_close,2026-04-15 15:00:00,温和放量；站上20日线且不过热,当日转弱；收盘承接偏弱；近5日趋势未确认；人气排名明显回落,v2
2026-04-15,,次日已审,低层级强势反哺,普通/不推送走强,low_level_winner,不推送 后来走强，原因反哺：温和放量,70,000657,中钨高新,不推送,未入快策略,,2026-04-15,0,common_index_cache,42,89.76,0.91,10.0,10.0,10.0,24.08,23.21,22.96,22.1,28.76,post_close,2026-04-15 15:00:00,温和放量,当日转弱；收盘承接偏弱；近5日趋势未确认,v2
2026-04-15,,次日已审,低层级强势反哺,普通/不推送走强,low_level_winner,不推送 后来走强，原因反哺：人气Top50、人气排名明显上升、温和放量,36,002384,东山精密,不推送,未入快策略,,2026-04-15,0,common_index_cache,42,76.21,-0.47,2.57,2.57,2.57,7.68,27.81,8.19,28.4,27.81,post_close,2026-04-15 15:00:00,人气Top50；温和放量；近5日趋势升温；站上20日线且不过热；连续上榜确认；人气排名明显上升,当日转弱；收盘承接偏弱,v2
2026-04-15,,次日已审,低层级强势反哺,普通/不推送走强,low_level_winner,不推送 后来走强，原因反哺：人气排名明显上升、站上20日线且不过热、连续上榜确认,52,600110,诺德股份,不推送,未入快策略,,2026-04-15,0,common_index_cache,42,68.0,0.68,-1.95,1.37,-1.95,-2.44,0.49,-3.1,-0.19,2.15,post_close,2026-04-15 15:00:00,站上20日线且不过热；连续上榜确认；人气排名明显上升,当日转弱；收盘承接偏弱,v2
2026-04-15,,次日已审,低层级强势反哺,普通/不推送走强,low_level_winner,不推送 后来走强，原因反哺：人气Top50、温和放量、站上20日线且不过热,35,300308,中际旭创,不推送,未入快策略,,2026-04-15,0,common_index_cache,42,63.61,-1.1,3.67,3.73,3.67,8.85,13.54,10.06,14.81,14.39,post_close,2026-04-15 15:00:00,人气Top50；温和放量；近5日趋势升温；站上20日线且不过热；连续上榜确认,收盘承接偏弱；人气排名明显回落；上影线偏长,v2
2026-04-15,,次日已审,低层级强势反哺,普通/不推送走强,low_level_winner,不推送 后来走强，原因反哺：当日上涨、温和放量、站上20日线且不过热,97,603083,剑桥科技,不推送,未入快策略,,2026-04-15,0,common_index_cache,42,61.6,-0.72,4.77,5.22,4.77,20.84,36.65,21.71,37.63,40.37,post_close,2026-04-15 15:00:00,当日上涨；温和放量；近5日趋势升温；站上20日线且不过热,收盘承接偏弱；上影线偏长,v2
2026-04-15,,次日已审,低层级强势反哺,普通/不推送走强,low_level_winner,不推送 后来走强，原因反哺：站上20日线且不过热,65,600498,烽火通信,不推送,未入快策略,,2026-04-15,0,common_index_cache,42,58.17,-0.99,0.31,1.07,0.31,9.26,16.05,10.35,17.21,17.31,post_close,2026-04-15 15:00:00,站上20日线且不过热,当日转弱；收盘承接偏弱；近5日趋势未确认,v2
2026-04-15,,次日已审,低层级强势反哺,普通/不推送走强,low_level_winner,不推送 后来走强，原因反哺：人气Top50、温和放量、站上20日线且不过热,43,002463,沪电股份,不推送,未入快策略,,2026-04-15,0,common_index_cache,42,57.95,-1.11,1.21,2.35,1.21,5.09,10.77,6.27,12.01,11.55,post_close,2026-04-15 15:00:00,人气Top50；温和放量；近5日趋势升温；站上20日线且不过热；连续上榜确认,当日转弱；收盘承接偏弱；人气排名明显回落,v2
2026-04-15,,次日已审,低层级强势反哺,普通/不推送走强,low_level_winner,不推送 后来走强，原因反哺：温和放量、站上20日线且不过热,89,300136,信维通信,不推送,未入快策略,,2026-04-15,0,common_index_cache,42,54.1,-0.79,1.82,3.14,1.82,13.5,16.01,14.41,16.94,16.72,post_close,2026-04-15 15:00:00,温和放量；站上20日线且不过热,当日转弱；收盘承接偏弱,v2
2026-04-15,,次日已审,低层级强势反哺,普通/不推送走强,low_level_winner,不推送 后来走强，原因反哺：温和放量、站上20日线且不过热,77,600172,黄河旋风,不推送,未入快策略,,2026-04-15,0,common_index_cache,42,52.0,-1.6,0.23,1.14,0.23,2.4,-3.31,4.07,-1.74,4.69,post_close,2026-04-15 15:00:00,温和放量；站上20日线且不过热,当日转弱；收盘承接偏弱,v2
2026-04-15,,次日已审,低层级强势反哺,普通/不推送走强,low_level_winner,不推送 后来走强，原因反哺：人气Top10、温和放量、站上20日线且不过热,9,000988,华工科技,不推送,未入快策略,,2026-04-15,0,common_index_cache,42,51.83,-2.14,0.02,1.34,0.02,2.39,7.7,4.62,10.05,8.04,post_close,2026-04-15 15:00:00,人气Top10；温和放量；站上20日线且不过热；连续上榜确认,当日转弱；收盘承接偏弱,v2
2026-04-15,,次日已审,低层级强势反哺,普通/不推送走强,low_level_winner,不推送 后来走强，原因反哺：温和放量、近5日强势延续、连续上榜确认,91,001309,德明利,不推送,未入快策略,,2026-04-15,0,common_index_cache,42,41.58,-2.23,3.11,5.74,3.11,2.75,4.75,5.1,7.14,7.34,post_close,2026-04-15 15:00:00,温和放量；近5日强势延续；连续上榜确认,收盘承接偏弱；短线涨幅偏高；偏离20日线较大；人气排名明显回落；上影线偏长,v2
2026-04-15,,次日已审,低层级强势反哺,普通/不推送走强,low_level_winner,不推送 后来走强，原因反哺：站上20日线且不过热、连续上榜确认,64,601869,长飞光纤,不推送,未入快策略,,2026-04-15,0,common_index_cache,42,28.41,-2.4,2.76,4.03,2.76,7.36,14.89,10.0,17.71,16.55,post_close,2026-04-15 15:00:00,站上20日线且不过热；连续上榜确认,当日转弱；收盘承接偏弱；近5日趋势未确认,v2
2026-04-15,,次日已审,低层级强势反哺,普通/不推送走强,low_level_winner,不推送 后来走强，原因反哺：人气Top50、温和放量、站上20日线且不过热,34,601138,工业富联,不推送,未入快策略,,2026-04-15,0,common_index_cache,42,25.63,0.29,2.59,3.75,2.59,6.38,15.69,6.07,15.35,16.83,post_close,2026-04-15 15:00:00,人气Top50；温和放量；站上20日线且不过热；连续上榜确认,当日转弱；收盘承接偏弱；人气排名明显回落,v2
2026-04-15,,次日已审,低层级强势反哺,普通/不推送走强,low_level_winner,不推送 后来走强，原因反哺：温和放量、站上20日线且不过热、近5日趋势升温,87,002536,飞龙股份,不推送,未入快策略,,2026-04-15,0,common_index_cache,42,24.94,0.25,0.59,2.18,0.59,14.41,11.28,14.13,11.01,16.2,post_close,2026-04-15 15:00:00,温和放量；近5日趋势升温；站上20日线且不过热,当日转弱；收盘承接偏弱,v2
2026-04-15,,次日已审,低层级强势反哺,普通/不推送走强,low_level_winner,不推送 后来走强，原因反哺：温和放量、站上20日线且不过热、连续上榜确认,63,300476,胜宏科技,不推送,未入快策略,,2026-04-15,0,common_index_cache,42,22.43,1.1,2.73,3.74,2.73,16.1,16.02,14.83,14.76,18.4,post_close,2026-04-15 15:00:00,温和放量；站上20日线且不过热；连续上榜确认,当日转弱；收盘承接偏弱,v2
2026-04-15,,次日已审,低层级强势反哺,普通/不推送走强,low_level_winner,不推送 后来走强，原因反哺：人气Top50、连续上榜确认,29,002364,中恒电气,不推送,未入快策略,,2026-04-15,0,common_index_cache,42,19.79,1.38,-1.38,1.38,-1.38,0.69,0.78,-0.68,-0.59,4.72,post_close,2026-04-15 15:00:00,人气Top50；连续上榜确认,放量过猛；短线涨幅过热；偏离20日线较大；人气排名明显回落,v2
2026-04-15,,次日已审,低层级强势反哺,普通/不推送走强,low_level_winner,不推送 后来走强，原因反哺：站上20日线且不过热、近5日趋势升温、连续上榜确认,58,002475,立讯精密,不推送,未入快策略,,2026-04-15,0,common_index_cache,42,14.53,-0.03,2.84,3.18,2.84,11.82,15.74,11.86,15.78,16.86,post_close,2026-04-15 15:00:00,近5日趋势升温；站上20日线且不过热；连续上榜确认,当日转弱；收盘承接偏弱；人气排名明显回落,v2
2026-04-15,,次日已审,低层级强势反哺,普通/不推送走强,low_level_winner,不推送 后来走强，原因反哺：人气Top50、人气排名明显上升、温和放量,33,300502,新易盛,不推送,未入快策略,,2026-04-15,0,common_index_cache,42,12.25,0.0,8.15,8.64,8.15,17.31,25.3,17.3,25.29,25.81,post_close,2026-04-15 15:00:00,人气Top50；温和放量；站上20日线且不过热；连续上榜确认；人气排名明显上升,当日转弱；收盘承接偏弱；近5日趋势未确认,v2
2026-04-15,,次日已审,低层级强势反哺,普通/不推送走强,low_level_winner,不推送 后来走强，原因反哺：人气Top50、人气排名明显上升、温和放量,37,603601,再升科技,不推送,未入快策略,,2026-04-15,0,common_index_cache,42,10.13,-0.07,4.96,9.64,4.96,8.73,10.47,8.81,10.55,16.27,post_close,2026-04-15 15:00:00,人气Top50；温和放量；站上20日线且不过热；人气排名明显上升,收盘承接偏弱；上影线偏长,v2
2026-04-15,,次日已审,低层级强势反哺,普通/不推送走强,low_level_winner,不推送 后来走强，原因反哺：人气Top50、人气排名明显上升、温和放量,46,000070,特发信息,不推送,未入快策略,,2026-04-15,0,common_index_cache,42,9.43,-1.43,10.01,10.01,10.01,11.39,12.55,13.0,14.19,17.58,post_close,2026-04-15 15:00:00,人气Top50；温和放量；站上20日线且不过热；人气排名明显上升,当日转弱；收盘承接偏弱；近5日趋势未确认,v2
2026-04-15,,次日已审,低层级强势反哺,普通/不推送走强,low_level_winner,不推送 后来走强，原因反哺：温和放量、站上20日线且不过热,75,300394,天孚通信,不推送,未入快策略,,2026-04-15,0,common_index_cache,42,-0.4,-0.8,7.53,8.8,7.53,13.26,13.53,14.18,14.45,17.34,post_close,2026-04-15 15:00:00,温和放量；站上20日线且不过热,当日转弱；收盘承接偏弱；近5日趋势未确认,v2
2026-04-15,,次日已审,低层级强势反哺,普通/不推送走强,low_level_winner,不推送 后来走强，原因反哺：放量仍可控、站上20日线且不过热、近5日趋势升温,62,600152,维科技术,不推送,未入快策略,,2026-04-15,0,common_index_cache,42,-8.29,-1.41,4.72,5.22,4.72,15.41,3.89,17.06,5.38,26.68,post_close,2026-04-15 15:00:00,放量仍可控；近5日趋势升温；站上20日线且不过热；连续上榜确认,收盘承接偏弱；人气排名明显回落；上影线偏长,v2
2026-04-15,,次日已审,低层级强势反哺,普通/不推送走强,low_level_winner,不推送 后来走强，原因反哺：人气Top50、温和放量、站上20日线且不过热,41,300058,蓝色光标,不推送,未入快策略,,2026-04-15,0,common_index_cache,42,-9.01,2.56,4.69,7.91,4.69,18.87,17.1,15.91,14.18,25.93,post_close,2026-04-15 15:00:00,人气Top50；温和放量；站上20日线且不过热；连续上榜确认,当日转弱；收盘承接偏弱,v2
2026-04-15,,次日已审,低层级强势反哺,普通/不推送走强,low_level_winner,不推送 后来走强，原因反哺：当日强涨、温和放量、近5日强势延续,80,301396,宏景科技,不推送,未入快策略,,2026-04-15,0,common_index_cache,42,-10.6,2.83,20.0,20.0,20.0,-14.47,-4.02,-16.82,-6.66,20.0,post_close,2026-04-15 15:00:00,当日强涨；温和放量；近5日强势延续,短线涨幅偏高；偏离20日线较大,v2
2026-04-15,,次日已审,低层级强势反哺,普通/不推送走强,low_level_winner,不推送 后来走强，原因反哺：人气Top20、当日涨停附近、收在日内高位,14,002580,圣阳股份,不推送,未入快策略,,2026-04-15,0,common_index_cache,42,-15.71,5.14,10.01,10.01,10.01,30.59,5.78,24.2,0.6,33.12,post_close,2026-04-15 15:00:00,人气Top20；当日涨停附近；收在日内高位；连续上榜确认,短线涨幅过热；远离20日线过多,v2
2026-04-15,,次日已审,低层级强势反哺,普通/不推送走强,low_level_winner,不推送 后来走强，原因反哺：收盘承接较强、放量仍可控、站上20日线且不过热,55,601778,晶科科技,不推送,未入快策略,,2026-04-15,0,common_index_cache,42,-17.02,3.31,10.08,10.08,10.08,7.6,8.1,4.16,4.64,21.16,post_close,2026-04-15 15:00:00,收盘承接较强；放量仍可控；近5日趋势升温；站上20日线且不过热；连续上榜确认,人气排名明显回落,v2
2026-04-15,,次日已审,低层级强势反哺,普通/不推送走强,low_level_winner,不推送 后来走强，原因反哺：温和放量、站上20日线且不过热、近5日趋势升温,59,002418,康盛股份,不推送,未入快策略,,2026-04-15,0,common_index_cache,42,-23.09,0.0,2.36,4.73,2.36,23.82,22.55,23.82,22.55,28.73,post_close,2026-04-15 15:00:00,温和放量；近5日趋势升温；站上20日线且不过热；连续上榜确认,当日转弱；收盘承接偏弱,v2
2026-04-15,,次日已审,低层级强势反哺,普通/不推送走强,low_level_winner,不推送 后来走强，原因反哺：人气Top10、人气排名明显上升、温和放量,7,002565,顺灏股份,不推送,未入快策略,,2026-04-15,0,common_index_cache,42,-23.22,-0.17,0.28,1.02,0.28,14.63,24.01,14.83,24.22,29.89,post_close,2026-04-15 15:00:00,人气Top10；温和放量；站上20日线且不过热；连续上榜确认；人气排名明显上升,收盘承接偏弱；上影线偏长,v2
2026-04-15,,次日已审,低层级强势反哺,普通/不推送走强,low_level_winner,不推送 后来走强，原因反哺：人气Top20、人气排名明显上升、温和放量,20,600666,奥瑞德,不推送,未入快策略,,2026-04-15,0,common_index_cache,42,-25.04,0.32,9.95,9.95,9.95,14.93,9.47,14.56,9.12,21.51,post_close,2026-04-15 15:00:00,人气Top20；温和放量；站上20日线且不过热；连续上榜确认；人气排名明显上升,当日转弱；收盘承接偏弱；近5日趋势未确认,v2
2026-04-15,,次日已审,低层级强势反哺,普通/不推送走强,low_level_winner,不推送 后来走强，原因反哺：温和放量、连续上榜确认,86,002506,协鑫集成,不推送,未入快策略,,2026-04-15,0,common_index_cache,42,-26.54,-0.69,1.37,2.29,1.37,6.41,7.78,7.14,8.53,16.7,post_close,2026-04-15 15:00:00,温和放量；连续上榜确认,当日转弱；收盘承接偏弱；近5日趋势未确认；仍在20日线下方,v2
2026-04-15,,次日已审,低层级强势反哺,普通/不推送走强,low_level_winner,不推送 后来走强，原因反哺：人气Top50、当日上涨、温和放量,21,600186,莲花控股,不推送,已入快策略,,2026-04-15,0,common_index_cache,42,90.64,-1.95,5.85,8.84,5.85,2.34,11.7,4.38,13.93,14.04,post_close,2026-04-15 15:00:00,人气Top50；当日上涨；温和放量；站上20日线且不过热,-,v2
2026-04-15,,次日已审,低层级强势反哺,普通/不推送走强,low_level_winner,普通观察 后来走强，原因反哺：v2低分涨停修正、人气Top50、当日涨停附近,44,002980,华盛昌,普通观察,已入快策略,,2026-04-15,0,common_index_cache,42,77.98,0.52,-5.77,2.78,-5.77,10.58,15.14,10.0,14.54,19.39,post_close,2026-04-15 15:00:00,人气Top50；当日涨停附近；收在日内高位；温和放量；近5日强势延续；连续上榜确认；v2低分涨停修正,短线涨幅偏高；远离20日线过多,v2
2026-04-15,,次日已审,低层级强势反哺,普通/不推送走强,low_level_winner,不推送 后来走强，原因反哺：人气Top3、人气排名明显上升、温和放量,1,600105,永鼎股份,不推送,已入快策略,,2026-04-15,0,common_index_cache,42,68.06,-0.11,5.14,7.88,5.14,11.35,21.28,11.47,21.41,21.28,post_close,2026-04-15 15:00:00,人气Top3；温和放量；近5日趋势升温；站上20日线且不过热；连续上榜确认；人气排名明显上升,收盘承接偏弱；上影线偏长,v2
2026-04-15,,次日已审,低层级强势反哺,普通/不推送走强,low_level_winner,普通观察 后来走强，原因反哺：v2低分涨停修正、人气Top50、当日涨停附近,45,300857,协创数据,普通观察,已入快策略,,2026-04-15,0,common_index_cache,42,33.33,0.47,13.66,14.35,13.66,9.74,30.22,9.23,29.61,30.22,post_close,2026-04-15 15:00:00,人气Top50；当日涨停附近；放量仍可控；近5日趋势升温；站上20日线且不过热；连续上榜确认；v2低分涨停修正,-,v2
2026-04-15,,次日已审,低层级强势反哺,普通/不推送走强,low_level_winner,普通观察 后来走强，原因反哺：v2低分涨停修正、当日涨停附近、收在日内高位,61,002990,盛视科技,普通观察,已入快策略,,2026-04-15,0,common_index_cache,41,29.21,0.5,9.76,9.76,9.76,16.12,15.01,15.55,14.44,28.12,post_close,2026-04-15 15:00:00,当日涨停附近；收在日内高位；放量仍可控；近5日强势延续；连续上榜确认；v2低分涨停修正,短线涨幅偏高；偏离20日线较大,v2
2026-04-15,,次日已审,低层级强势反哺,普通/不推送走强,low_level_winner,不推送 后来走强，原因反哺：人气Top50、当日强涨、站上20日线且不过热,32,002149,西部材料,不推送,已入快策略,,2026-04-15,0,common_index_cache,42,11.93,-1.14,-0.02,1.55,-0.02,12.36,19.48,13.65,20.85,22.16,post_close,2026-04-15 15:00:00,人气Top50；当日强涨；近5日趋势升温；站上20日线且不过热；连续上榜确认,-,v2
2026-04-15,,次日已审,低层级强势反哺,普通/不推送走强,low_level_winner,不推送 后来走强，原因反哺：人气Top20、当日上涨、收盘承接较强,17,002342,巨力索具,不推送,已入快策略,,2026-04-15,0,common_index_cache,42,-43.9,-1.53,1.2,7.6,1.2,6.45,10.17,8.11,11.88,17.11,post_close,2026-04-15 15:00:00,人气Top20；当日上涨；收盘承接较强；温和放量；近5日强势延续；连续上榜确认,短线涨幅偏高；偏离20日线较大,v2
2026-04-14,2026-04-10,次日已审,快策略候选,优先成功,priority_success,下个交易日主盯 后续最高表现达到 49.96%，保留这类命中特征。,29,300857,协创数据,强推观察,下个交易日主盯,118.0,2026-04-14,0,common_index_cache,43,49.96,12.27,12.47,15.68,12.47,27.0,22.06,13.12,8.71,29.05,post_close,2026-04-14 15:00:00,人气Top50；当日涨停附近；收在日内高位；温和放量；近5日趋势升温；站上20日线且不过热；人气排名明显上升；v2强势延续修正；v2低分涨停修正,-,v2
2026-04-14,2026-04-10,次日已审,快策略候选,优先成功,priority_success,下个交易日主盯 后续最高表现达到 28.60%，保留这类命中特征。,39,600152,维科技术,强推观察,下个交易日主盯,116.2,2026-04-14,0,common_index_cache,43,-6.9,4.29,1.51,10.01,1.51,16.9,9.42,12.1,4.92,28.6,post_close,2026-04-14 15:00:00,人气Top50；当日涨停附近；收在日内高位；温和放量；近5日趋势升温；站上20日线且不过热；v2强势延续修正；v2低分涨停修正,-,v2
2026-04-14,2026-04-10,次日已审,快策略候选,优先成功,priority_success,下个交易日主盯 后续最高表现达到 50.25%，保留这类命中特征。,4,002463,沪电股份,强推观察,下个交易日主盯,106.0,2026-04-14,0,common_index_cache,43,50.25,0.57,-5.39,1.12,-5.39,-0.39,1.82,-0.96,1.24,3.36,post_close,2026-04-14 15:00:00,人气Top10；当日涨停附近；收在日内高位；温和放量；近5日强势延续；站上20日线且不过热；连续上榜确认；人气排名明显上升；v2强势延续修正；v2连榜升温修正；v2低分涨停修正,短线涨幅偏高,v2
2026-04-14,2026-04-10,次日已审,快策略候选,优先成功,priority_success,下个交易日主盯 后续最高表现达到 27.50%，保留这类命中特征。,13,002149,西部材料,强推观察,下个交易日主盯,106.0,2026-04-14,0,common_index_cache,43,20.1,4.0,7.3,10.0,7.3,9.6,22.66,5.38,17.94,27.5,post_close,2026-04-14 15:00:00,人气Top20；当日涨停附近；收在日内高位；温和放量；近5日趋势升温；站上20日线且不过热；首次上榜即强势；v2强势延续修正,-,v2
2026-04-14,2026-04-10,次日已审,快策略候选,优先成功,priority_success,下个交易日主盯 后续最高表现达到 21.56%，保留这类命中特征。,21,601778,晶科科技,重点观察,下个交易日主盯,101.9,2026-04-14,0,common_index_cache,43,-16.75,-0.17,0.33,1.82,0.33,14.59,5.31,14.78,5.48,21.56,post_close,2026-04-14 15:00:00,人气Top50；当日涨停附近；收在日内高位；近5日趋势升温；站上20日线且不过热；v2强势延续修正；v2低分涨停修正,-,v2
2026-04-14,2026-04-10,次日已审,快策略候选,优先成功,priority_success,下个交易日主盯 后续最高表现达到 65.09%，保留这类命中特征。,8,300308,中际旭创,重点观察,下个交易日主盯,99.7,2026-04-14,0,common_index_cache,43,65.09,1.68,0.77,4.51,0.77,9.96,11.75,8.14,9.91,13.58,post_close,2026-04-14 15:00:00,人气Top10；当日上涨；温和放量；近5日趋势升温；站上20日线且不过热；连续上榜确认；人气排名明显上升；v2连榜升温修正,-,v2
2026-04-14,2026-04-10,次日已审,快策略候选,优先成功,priority_success,下个交易日主盯 后续最高表现达到 28.43%，保留这类命中特征。,49,688525,佰维存储,重点观察,下个交易日主盯,99.65,2026-04-14,0,common_index_cache,43,28.43,0.73,-0.93,1.42,-0.93,-6.05,-4.21,-6.73,-4.9,1.42,post_close,2026-04-14 15:00:00,人气Top50；当日涨停附近；收盘承接较强；温和放量；近5日强势延续；站上20日线且不过热；人气排名明显上升；v2低分涨停修正,短线涨幅偏高,v2
2026-04-14,2026-04-10,次日已审,快策略候选,优先成功,priority_success,下个交易日主盯 后续最高表现达到 106.42%，保留这类命中特征。,33,603629,利通电子,强推观察,下个交易日主盯,98.0,2026-04-14,0,common_index_cache,43,106.42,2.0,10.01,10.01,10.01,31.88,26.57,29.29,24.08,37.55,post_close,2026-04-14 15:00:00,人气Top50；当日涨停附近；收在日内高位；温和放量；近5日趋势升温；站上20日线且不过热；连续上榜确认；人气排名明显上升；v2强势延续修正；v2连榜升温修正；v2低分涨停修正,-,v2
2026-04-14,2026-04-10,次日已审,快策略候选,优先成功,priority_success,下个交易日主盯 后续最高表现达到 109.29%，保留这类命中特征。,42,603986,兆易创新,重点观察,下个交易日主盯,96.1,2026-04-14,0,common_index_cache,43,109.29,1.51,-2.41,2.46,-2.41,2.93,9.11,1.39,7.48,10.09,post_close,2026-04-14 15:00:00,人气Top50；当日上涨；收在日内高位；温和放量；近5日趋势升温；站上20日线且不过热；连续上榜确认；人气排名明显上升,-,v2
2026-04-14,2026-04-10,次日已审,快策略候选,优先成功,priority_success,下个交易日主盯 后续最高表现达到 46.45%，保留这类命中特征。,2,002580,圣阳股份,强推观察,下个交易日主盯,94.85,2026-04-14,0,common_index_cache,43,-7.27,6.57,10.01,10.01,10.01,33.13,29.3,24.92,21.32,46.45,post_close,2026-04-14 15:00:00,人气Top3；当日涨停附近；收在日内高位；温和放量；近5日强势延续；连续上榜确认,短线涨幅偏高；偏离20日线较大,v2
2026-04-14,2026-04-10,次日已审,快策略候选,优先成功,priority_success,下个交易日主盯 后续最高表现达到 121.67%，保留这类命中特征。,10,600396,华电辽能,强推观察,下个交易日主盯,93.5,2026-04-14,0,common_index_cache,43,121.67,1.25,0.25,7.85,0.25,-11.08,1.25,-12.18,0.0,7.85,post_close,2026-04-14 15:00:00,人气Top10；当日涨停附近；收在日内高位；近5日趋势升温；站上20日线且不过热；连续上榜确认,-,v2
2026-04-14,2026-04-10,次日已审,快策略候选,优先成功,priority_success,下个交易日主盯 后续最高表现达到 23.29%，保留这类命中特征。,14,601138,工业富联,重点观察,下个交易日主盯,88.6,2026-04-14,0,common_index_cache,43,23.29,0.75,-1.87,1.78,-1.87,3.48,4.23,2.71,3.45,7.48,post_close,2026-04-14 15:00:00,人气Top20；当日上涨；收盘承接较强；温和放量；近5日趋势升温；站上20日线且不过热；连续上榜确认；人气排名明显上升；v2连榜升温修正,-,v2
2026-04-14,2026-04-10,次日已审,快策略候选,优先成功,priority_success,下个交易日主盯 后续最高表现达到 20.79%，保留这类命中特征。,37,600664,哈药股份,普通观察,下个交易日主盯,88.6,2026-04-14,0,common_index_cache,43,-24.01,5.94,9.9,9.9,9.9,3.22,1.49,-2.57,-4.21,20.79,post_close,2026-04-14 15:00:00,人气Top50；当日涨停附近；收在日内高位；温和放量；站上20日线且不过热,-,v2
2026-04-14,2026-04-10,次日已审,快策略候选,优先成功,priority_success,下个交易日主盯 后续最高表现达到 29.02%，保留这类命中特征。,50,002565,顺灏股份,普通观察,下个交易日主盯,87.7,2026-04-14,0,common_index_cache,43,-21.45,0.12,2.31,7.34,2.31,9.36,29.02,9.24,28.87,29.02,post_close,2026-04-14 15:00:00,人气Top50；当日上涨；收在日内高位；温和放量；近5日趋势升温；站上20日线且不过热,-,v2
2026-04-14,2026-04-10,次日已审,快策略候选,优先成功,priority_success,下个交易日主盯 后续最高表现达到 25.78%，保留这类命中特征。,22,002342,巨力索具,重点观察,下个交易日主盯,86.75,2026-04-14,0,common_index_cache,43,-40.17,-0.7,6.65,9.1,6.65,11.14,24.9,11.92,25.78,24.9,post_close,2026-04-14 15:00:00,人气Top50；当日上涨；收在日内高位；温和放量；近5日强势延续；站上20日线且不过热；连续上榜确认；v2连榜升温修正,短线涨幅偏高,v2
2026-04-14,2026-04-10,次日已审,快策略候选,优先成功,priority_success,下个交易日主盯 后续最高表现达到 80.40%，保留这类命中特征。,78,603002,宏昌电子,重点观察,下个交易日主盯,79.7,2026-04-14,0,common_index_cache,43,80.4,1.09,0.16,9.95,0.16,0.62,7.78,-0.46,6.62,13.53,post_close,2026-04-14 15:00:00,当日涨停附近；收在日内高位；温和放量；近5日趋势升温；站上20日线且不过热；连续上榜确认；v2低分涨停修正,-,v2
2026-04-14,2026-04-10,次日已审,快策略候选,优先成功,priority_success,下个交易日主盯 后续最高表现达到 42.14%，保留这类命中特征。,57,002990,盛视科技,普通观察,下个交易日主盯,78.4,2026-04-14,0,common_index_cache,42,42.14,-1.1,9.74,9.74,9.74,32.84,17.69,34.31,18.99,40.94,post_close,2026-04-14 15:00:00,当日涨停附近；收在日内高位；放量仍可控；近5日趋势升温；站上20日线且不过热；v2低分涨停修正,-,v2
2026-04-14,2026-04-10,次日已审,快策略候选,优先成功,priority_success,下个交易日主盯 后续最高表现达到 24.72%，保留这类命中特征。,65,000967,盈峰环境,普通观察,下个交易日主盯,75.25,2026-04-14,0,common_index_cache,43,-12.32,4.19,1.63,5.05,1.63,19.76,15.06,14.94,10.43,24.72,post_close,2026-04-14 15:00:00,当日涨停附近；收在日内高位；放量仍可控；近5日强势延续；站上20日线且不过热；v2低分涨停修正,短线涨幅偏高,v2
2026-04-14,2026-04-10,次日已审,快策略候选,优先走弱,priority_failed,下个交易日主盯 未兑现，复盘风险项：-,45,000620,盈新发展,强推观察,下个交易日主盯,116.2,2026-04-14,0,common_index_cache,43,-3.22,0.0,-6.11,2.89,-6.11,-8.04,-9.97,-8.04,-9.97,2.89,post_close,2026-04-14 15:00:00,人气Top50；当日涨停附近；收在日内高位；温和放量；近5日趋势升温；站上20日线且不过热；v2强势延续修正；v2低分涨停修正,-,v2
2026-04-14,2026-04-10,次日已审,快策略候选,优先走弱,priority_failed,下个交易日主盯 未兑现，复盘风险项：-,9,002759,天际股份,强推观察,下个交易日主盯,113.5,2026-04-14,0,common_index_cache,43,-29.27,0.21,-6.96,0.21,-6.96,-9.64,-10.38,-9.82,-10.56,0.21,post_close,2026-04-14 15:00:00,人气Top10；当日强涨；收盘承接较强；温和放量；近5日趋势升温；站上20日线且不过热；首次上榜即强势,-,v2
2026-04-14,2026-04-10,次日已审,快策略候选,优先走弱,priority_failed,下个交易日主盯 未兑现，复盘风险项：偏离20日线较大,25,301292,海科新源,重点观察,下个交易日主盯,111.7,2026-04-14,0,common_index_cache,43,-26.17,-4.55,-12.67,-3.24,-12.67,-13.34,-8.34,-9.22,-3.97,-3.24,post_close,2026-04-14 15:00:00,人气Top50；当日涨停附近；收在日内高位；温和放量；近5日趋势升温；v2强势延续修正；v2低分涨停修正,偏离20日线较大,v2
2026-04-14,2026-04-10,次日已审,快策略候选,优先走弱,priority_failed,下个交易日主盯 未兑现，复盘风险项：-,16,002083,孚日股份,强推观察,下个交易日主盯,106.0,2026-04-14,0,common_index_cache,43,-25.6,-7.09,-9.98,-5.37,-9.98,-18.31,-18.79,-12.07,-12.59,-5.37,post_close,2026-04-14 15:00:00,人气Top20；当日涨停附近；收在日内高位；温和放量；近5日趋势升温；站上20日线且不过热；首次上榜即强势；v2强势延续修正；v2低分涨停修正,-,v2
2026-04-14,2026-04-10,次日已审,快策略候选,优先走弱,priority_failed,下个交易日主盯 未兑现，复盘风险项：-,24,603026,石大胜华,重点观察,下个交易日主盯,101.9,2026-04-14,0,common_index_cache,43,-2.07,5.52,0.09,9.6,0.09,-0.52,0.59,-5.72,-4.67,9.6,post_close,2026-04-14 15:00:00,人气Top50；当日涨停附近；收在日内高位；近5日趋势升温；站上20日线且不过热；v2强势延续修正；v2低分涨停修正,-,v2
2026-04-14,2026-04-10,次日已审,快策略候选,优先走弱,priority_failed,下个交易日主盯 未兑现，复盘风险项：-,36,002229,鸿博股份,重点观察,下个交易日主盯,99.2,2026-04-14,0,common_index_cache,43,-38.53,0.0,-2.94,0.76,-2.94,-0.1,-3.86,-0.1,-3.86,2.44,post_close,2026-04-14 15:00:00,人气Top50；当日涨停附近；收在日内高位；近5日趋势升温；站上20日线且不过热；v2强势延续修正,-,v2
2026-04-14,2026-04-10,次日已审,快策略候选,优先走弱,priority_failed,下个交易日主盯 未兑现，复盘风险项：-,19,002460,赣锋锂业,强推观察,下个交易日主盯,91.3,2026-04-14,0,common_index_cache,43,-19.21,-0.88,-6.92,-0.54,-6.92,-4.78,-5.57,-3.93,-4.73,-0.34,post_close,2026-04-14 15:00:00,人气Top20；当日上涨；收在日内高位；温和放量；近5日趋势升温；站上20日线且不过热；连续上榜确认；人气排名明显上升；v2连榜升温修正,-,v2
2026-04-14,2026-04-10,次日已审,快策略候选,优先走弱,priority_failed,下个交易日主盯 未兑现，复盘风险项：短线涨幅偏高；远离20日线过多,6,002328,新朋股份,重点观察,下个交易日主盯,89.45,2026-04-14,0,common_index_cache,43,-32.01,0.51,5.57,9.8,5.57,9.8,-0.51,9.24,-1.01,14.7,post_close,2026-04-14 15:00:00,人气Top10；当日涨停附近；收在日内高位；温和放量；近5日强势延续；连续上榜确认；人气排名明显上升,短线涨幅偏高；远离20日线过多,v2
2026-04-14,2026-04-10,次日已审,快策略候选,优先走弱,priority_failed,下个交易日主盯 未兑现，复盘风险项：-,26,002240,盛新锂能,普通观察,下个交易日主盯,88.6,2026-04-14,0,common_index_cache,43,-0.37,-1.05,-4.56,-0.99,-4.56,3.75,-0.06,4.86,1.0,6.17,post_close,2026-04-14 15:00:00,人气Top50；当日强涨；收在日内高位；放量仍可控；近5日趋势升温；站上20日线且不过热,-,v2
2026-04-14,2026-04-10,次日已审,快策略候选,优先走弱,priority_failed,下个交易日主盯 未兑现，复盘风险项：-,12,002202,金风科技,重点观察,下个交易日主盯,84.1,2026-04-14,0,common_index_cache,43,-13.12,0.51,-1.11,2.57,-1.11,0.36,3.28,-0.16,2.75,6.52,post_close,2026-04-14 15:00:00,人气Top20；当日上涨；收在日内高位；温和放量；近5日趋势升温；连续上榜确认；人气排名明显上升,-,v2
2026-04-14,2026-04-10,次日已审,快策略候选,优先走弱,priority_failed,下个交易日主盯 未兑现，复盘风险项：短线涨幅偏高,46,002837,英维克,普通观察,下个交易日主盯,78.85,2026-04-14,0,common_index_cache,43,-32.03,0.2,-4.08,0.27,-4.08,0.8,-23.77,0.6,-23.93,2.59,post_close,2026-04-14 15:00:00,人气Top50；当日上涨；收盘承接较强；温和放量；近5日强势延续；站上20日线且不过热；连续上榜确认；人气排名明显上升；v2连榜升温修正,短线涨幅偏高,v2
2026-04-14,2026-04-10,次日已审,快策略候选,暂未强势,neutral,继续等待更多交易日或降低权重。,20,002709,天赐材料,强推观察,下个交易日主盯,91.3,2026-04-14,0,common_index_cache,43,7.09,-0.61,-3.34,0.69,-3.34,-1.74,6.36,-1.14,7.01,8.04,post_close,2026-04-14 15:00:00,人气Top20；当日上涨；收在日内高位；温和放量；近5日趋势升温；站上20日线且不过热；连续上榜确认；人气排名明显上升；v2连榜升温修正,-,v2
2026-04-14,,次日已审,低层级强势反哺,普通/不推送走强,low_level_winner,普通观察 后来走强，原因反哺：人气Top50、当日涨停附近、收在日内高位,40,603256,宏和科技,普通观察,未入快策略,,2026-04-14,0,common_index_cache,43,164.18,0.28,4.15,10.0,4.15,7.45,8.59,7.15,8.29,11.81,post_close,2026-04-14 15:00:00,人气Top50；当日涨停附近；收在日内高位；温和放量；近5日强势延续；连续上榜确认,短线涨幅偏高；偏离20日线较大,v2
2026-04-14,,次日已审,低层级强势反哺,普通/不推送走强,low_level_winner,不推送 后来走强，原因反哺：v2热点回踩观察、温和放量、站上20日线且不过热,84,002281,光迅科技,不推送,未入快策略,,2026-04-14,0,common_index_cache,43,117.24,0.18,-4.22,1.04,-4.22,4.87,9.33,4.69,9.13,12.8,post_close,2026-04-14 15:00:00,温和放量；近5日趋势升温；站上20日线且不过热；连续上榜确认；v2热点回踩观察,当日转弱；收盘承接偏弱；人气排名明显回落,v2
2026-04-14,,次日已审,低层级强势反哺,普通/不推送走强,low_level_winner,不推送 后来走强，原因反哺：温和放量、站上20日线且不过热、连续上榜确认,91,600487,亨通光电,不推送,未入快策略,,2026-04-14,0,common_index_cache,43,110.75,0.36,-1.03,2.51,-1.03,5.66,13.54,5.28,13.13,15.8,post_close,2026-04-14 15:00:00,温和放量；站上20日线且不过热；连续上榜确认,当日转弱；收盘承接偏弱；近5日趋势未确认；人气排名明显回落,v2
2026-04-14,,次日已审,低层级强势反哺,普通/不推送走强,low_level_winner,普通观察 后来走强，原因反哺：v2低分涨停修正、人气排名明显上升、当日涨停附近,51,002980,华盛昌,普通观察,未入快策略,,2026-04-14,0,common_index_cache,43,95.74,6.69,9.98,9.99,9.98,14.0,28.16,6.85,20.12,31.31,post_close,2026-04-14 15:00:00,当日涨停附近；收在日内高位；温和放量；近5日强势延续；连续上榜确认；人气排名明显上升；v2低分涨停修正,短线涨幅偏高；偏离20日线较大,v2
2026-04-14,,次日已审,低层级强势反哺,普通/不推送走强,low_level_winner,普通观察 后来走强，原因反哺：人气Top50、人气排名明显上升、当日涨停附近,34,002297,博云新材,普通观察,未入快策略,,2026-04-14,0,common_index_cache,43,93.98,10.01,10.01,10.01,10.01,33.11,42.89,21.0,29.89,57.34,post_close,2026-04-14 15:00:00,人气Top50；当日涨停附近；收在日内高位；近5日趋势升温；站上20日线且不过热；连续上榜确认；人气排名明显上升,一字或近似一字，参与点差,v2
2026-04-14,,次日已审,低层级强势反哺,普通/不推送走强,low_level_winner,不推送 后来走强，原因反哺：温和放量、站上20日线且不过热、近5日强势延续,79,002384,东山精密,不推送,未入快策略,,2026-04-14,0,common_index_cache,43,75.97,-0.21,-0.14,3.42,-0.14,11.03,16.03,11.26,16.27,18.27,post_close,2026-04-14 15:00:00,温和放量；近5日强势延续；站上20日线且不过热；连续上榜确认,当日转弱；短线涨幅偏高；人气排名明显回落,v2
2026-04-14,,次日已审,低层级强势反哺,普通/不推送走强,low_level_winner,不推送 后来走强，原因反哺：v2热点回踩观察、人气Top50、温和放量,41,600105,永鼎股份,不推送,未入快策略,,2026-04-14,0,common_index_cache,43,69.69,0.22,0.97,8.31,0.97,11.08,11.32,10.84,11.08,17.97,post_close,2026-04-14 15:00:00,人气Top50；温和放量；近5日趋势升温；站上20日线且不过热；连续上榜确认；v2热点回踩观察,当日转弱；收盘承接偏弱；人气排名明显回落,v2
2026-04-14,,次日已审,低层级强势反哺,普通/不推送走强,low_level_winner,不推送 后来走强，原因反哺：当日上涨、温和放量、站上20日线且不过热,73,002428,云南锗业,不推送,未入快策略,,2026-04-14,0,common_index_cache,43,68.58,1.41,-2.94,1.65,-2.94,5.3,16.17,3.84,14.55,19.7,post_close,2026-04-14 15:00:00,当日上涨；温和放量；近5日趋势升温；站上20日线且不过热,-,v2
2026-04-14,,次日已审,低层级强势反哺,普通/不推送走强,low_level_winner,不推送 后来走强，原因反哺：站上20日线且不过热、近5日趋势升温、连续上榜确认,70,600110,诺德股份,不推送,未入快策略,,2026-04-14,0,common_index_cache,43,66.06,0.0,-1.16,4.92,-1.16,-3.66,-3.66,-3.66,-3.66,4.92,post_close,2026-04-14 15:00:00,近5日趋势升温；站上20日线且不过热；连续上榜确认,人气排名明显回落,v2
2026-04-14,,次日已审,低层级强势反哺,普通/不推送走强,low_level_winner,不推送 后来走强，原因反哺：当日强涨、收在日内高位、温和放量,83,002008,大族激光,不推送,未入快策略,,2026-04-14,0,common_index_cache,43,64.26,-0.34,-4.97,-0.11,-4.97,5.63,11.97,5.99,12.35,15.6,post_close,2026-04-14 15:00:00,当日强涨；收在日内高位；温和放量；近5日强势延续；站上20日线且不过热,短线涨幅偏高,v2
2026-04-14,,次日已审,低层级强势反哺,普通/不推送走强,low_level_winner,不推送 后来走强，原因反哺：人气Top50、当日上涨、温和放量,48,001896,豫能控股,不推送,未入快策略,,2026-04-14,0,common_index_cache,43,44.49,0.0,10.03,10.03,10.03,13.41,13.55,13.41,13.55,25.17,post_close,2026-04-14 15:00:00,人气Top50；当日上涨；温和放量；近5日趋势升温；站上20日线且不过热；连续上榜确认,收盘承接偏弱；上影线偏长,v2
2026-04-14,,次日已审,低层级强势反哺,普通/不推送走强,low_level_winner,不推送 后来走强，原因反哺：v2连榜升温修正、人气Top50、当日上涨,32,001309,德明利,不推送,未入快策略,,2026-04-14,0,common_index_cache,43,41.75,0.11,0.11,3.87,0.11,2.61,2.79,2.49,2.67,7.46,post_close,2026-04-14 15:00:00,人气Top50；当日上涨；温和放量；近5日强势延续；连续上榜确认；v2连榜升温修正,短线涨幅偏高；偏离20日线较大,v2
2026-04-14,,次日已审,低层级强势反哺,普通/不推送走强,low_level_winner,不推送 后来走强，原因反哺：人气Top20、温和放量、站上20日线且不过热,11,000988,华工科技,不推送,未入快策略,,2026-04-14,0,common_index_cache,43,41.35,-0.2,-6.91,-0.2,-6.91,-3.27,-3.61,-3.08,-3.41,-0.2,post_close,2026-04-14 15:00:00,人气Top20；温和放量；近5日趋势升温；站上20日线且不过热；连续上榜确认,当日转弱；收盘承接偏弱,v2
2026-04-14,,次日已审,低层级强势反哺,普通/不推送走强,low_level_winner,不推送 后来走强，原因反哺：当日涨停附近、收在日内高位、温和放量,85,301189,奥尼电子,不推送,未入快策略,,2026-04-14,0,common_index_cache,26,38.64,17.5,20.0,20.0,20.0,13.9,19.5,-3.06,1.7,24.81,post_close,2026-04-14 15:00:00,当日涨停附近；收在日内高位；温和放量,短线涨幅过热；远离20日线过多,v2
2026-04-14,,次日已审,低层级强势反哺,普通/不推送走强,low_level_winner,不推送 后来走强，原因反哺：温和放量、站上20日线且不过热、连续上榜确认,60,601869,长飞光纤,不推送,未入快策略,,2026-04-14,0,common_index_cache,43,26.34,-1.2,-1.62,2.0,-1.62,0.38,4.69,1.6,5.96,10.28,post_close,2026-04-14 15:00:00,温和放量；站上20日线且不过热；连续上榜确认,当日转弱；收盘承接偏弱；人气排名明显回落,v2
2026-04-14,,次日已审,低层级强势反哺,普通/不推送走强,low_level_winner,普通观察 后来走强，原因反哺：当日强涨、收在日内高位、放量仍可控,54,002407,多氟多,普通观察,未入快策略,,2026-04-14,0,common_index_cache,43,24.58,-0.62,-3.34,0.06,-3.34,-3.43,2.85,-2.83,3.49,4.24,post_close,2026-04-14 15:00:00,当日强涨；收在日内高位；放量仍可控；近5日趋势升温；站上20日线且不过热,-,v2
2026-04-14,,次日已审,低层级强势反哺,普通/不推送走强,low_level_winner,不推送 后来走强，原因反哺：人气Top10、人气排名明显上升、当日涨停附近,5,002364,中恒电气,不推送,未入快策略,,2026-04-14,0,common_index_cache,43,22.36,0.0,2.14,3.93,2.14,-3.72,3.93,-3.72,3.93,6.97,post_close,2026-04-14 15:00:00,人气Top10；当日涨停附近；收在日内高位；连续上榜确认；人气排名明显上升,放量过猛；短线涨幅过热；偏离20日线较大,v2
2026-04-14,,次日已审,低层级强势反哺,普通/不推送走强,low_level_winner,普通观察 后来走强，原因反哺：当日上涨、收盘承接较强、温和放量,62,300476,胜宏科技,普通观察,未入快策略,,2026-04-14,0,common_index_cache,43,17.43,0.65,-4.08,1.55,-4.08,5.98,7.43,5.3,6.74,13.56,post_close,2026-04-14 15:00:00,当日上涨；收盘承接较强；温和放量；近5日趋势升温；站上20日线且不过热；连续上榜确认,-,v2
2026-04-14,,次日已审,低层级强势反哺,普通/不推送走强,low_level_winner,普通观察 后来走强，原因反哺：当日涨停附近、收在日内高位、温和放量,68,002051,中工国际,普通观察,未入快策略,,2026-04-14,0,common_index_cache,43,15.53,5.27,9.98,9.98,9.98,6.47,9.8,1.14,4.3,13.4,post_close,2026-04-14 15:00:00,当日涨停附近；收在日内高位；温和放量；站上20日线且不过热；连续上榜确认,-,v2
2026-04-14,,次日已审,低层级强势反哺,普通/不推送走强,low_level_winner,普通观察 后来走强，原因反哺：v2连榜升温修正、人气Top50、人气排名明显上升,30,002361,神剑股份,普通观察,未入快策略,,2026-04-14,0,common_index_cache,43,-7.3,0.0,10.03,10.03,10.03,11.28,34.66,11.28,34.66,34.66,post_close,2026-04-14 15:00:00,人气Top50；温和放量；近5日趋势升温；站上20日线且不过热；连续上榜确认；人气排名明显上升；v2连榜升温修正,-,v2
2026-04-14,,次日已审,低层级强势反哺,普通/不推送走强,low_level_winner,不推送 后来走强，原因反哺：当日上涨、收在日内高位、放量仍可控,96,600879,航天电子,不推送,未入快策略,,2026-04-14,0,common_index_cache,43,-10.26,1.16,3.07,5.91,3.07,4.04,13.37,2.85,12.08,15.46,post_close,2026-04-14 15:00:00,当日上涨；收在日内高位；放量仍可控；近5日趋势升温；站上20日线且不过热,-,v2
2026-04-14,,次日已审,低层级强势反哺,普通/不推送走强,low_level_winner,普通观察 后来走强，原因反哺：v2连榜升温修正、人气Top50、人气排名明显上升,23,300058,蓝色光标,普通观察,未入快策略,,2026-04-14,0,common_index_cache,43,-13.43,-0.81,-4.86,0.75,-4.86,4.23,8.8,5.08,9.69,19.8,post_close,2026-04-14 15:00:00,人气Top50；当日上涨；温和放量；近5日强势延续；站上20日线且不过热；连续上榜确认；人气排名明显上升；v2连榜升温修正,短线涨幅偏高,v2
2026-04-14,,次日已审,低层级强势反哺,普通/不推送走强,low_level_winner,普通观察 后来走强，原因反哺：v2低分涨停修正、人气Top50、人气排名明显上升,27,002124,天邦食品,普通观察,未入快策略,,2026-04-14,0,common_index_cache,43,-21.05,4.91,10.18,10.18,10.18,8.07,1.05,3.01,-3.68,15.09,post_close,2026-04-14 15:00:00,人气Top50；当日涨停附近；收在日内高位；近5日趋势升温；站上20日线且不过热；连续上榜确认；人气排名明显上升；v2低分涨停修正,放量过猛,v2
2026-04-14,,次日已审,低层级强势反哺,普通/不推送走强,low_level_winner,不推送 后来走强，原因反哺：温和放量、连续上榜确认,76,000890,法尔胜,不推送,未入快策略,,2026-04-14,0,common_index_cache,43,-24.63,-3.31,5.45,6.03,5.45,2.56,20.58,6.07,24.7,22.31,post_close,2026-04-14 15:00:00,温和放量；连续上榜确认,当日转弱；收盘承接偏弱；近5日趋势未确认；仍在20日线下方；人气排名明显回落,v2
2026-04-14,,次日已审,低层级强势反哺,普通/不推送走强,low_level_winner,不推送 后来走强，原因反哺：温和放量、连续上榜确认,89,002506,协鑫集成,不推送,未入快策略,,2026-04-14,0,common_index_cache,43,-27.54,0.45,-1.35,2.93,-1.35,0.45,10.16,0.0,9.66,15.12,post_close,2026-04-14 15:00:00,温和放量；连续上榜确认,当日转弱；收盘承接偏弱；仍在20日线下方；人气排名明显回落,v2
2026-04-14,,次日已审,低层级强势反哺,普通/不推送走强,low_level_winner,不推送 后来走强，原因反哺：人气Top50、温和放量、站上20日线且不过热,38,600666,奥瑞德,不推送,未入快策略,,2026-04-14,0,common_index_cache,43,-27.93,-2.62,-3.86,1.08,-3.86,9.41,4.01,12.36,6.81,16.82,post_close,2026-04-14 15:00:00,人气Top50；温和放量；近5日趋势升温；站上20日线且不过热；连续上榜确认,收盘承接偏弱；人气排名明显回落,v2
2026-04-14,,次日已审,低层级强势反哺,普通/不推送走强,low_level_winner,不推送 后来走强，原因反哺：站上20日线且不过热、近5日强势延续、连续上榜确认,55,002418,康盛股份,不推送,未入快策略,,2026-04-14,0,common_index_cache,43,-30.66,-1.8,-9.84,-0.33,-9.84,1.48,0.49,3.34,2.34,16.07,post_close,2026-04-14 15:00:00,近5日强势延续；站上20日线且不过热；连续上榜确认,当日转弱；短线涨幅偏高；人气排名明显回落,v2
2026-04-14,,次日已审,低层级强势反哺,普通/不推送走强,low_level_winner,普通观察 后来走强，原因反哺：v2低分涨停修正、当日涨停附近、收在日内高位,57,002990,盛视科技,普通观察,已入快策略,,2026-04-14,0,common_index_cache,42,42.14,-1.1,9.74,9.74,9.74,32.84,17.69,34.31,18.99,40.94,post_close,2026-04-14 15:00:00,当日涨停附近；收在日内高位；放量仍可控；近5日趋势升温；站上20日线且不过热；v2低分涨停修正,-,v2
2026-04-14,,次日已审,低层级强势反哺,普通/不推送走强,low_level_winner,普通观察 后来走强，原因反哺：v2低分涨停修正、当日涨停附近、收在日内高位,65,000967,盈峰环境,普通观察,已入快策略,,2026-04-14,0,common_index_cache,43,-12.32,4.19,1.63,5.05,1.63,19.76,15.06,14.94,10.43,24.72,post_close,2026-04-14 15:00:00,当日涨停附近；收在日内高位；放量仍可控；近5日强势延续；站上20日线且不过热；v2低分涨停修正,短线涨幅偏高,v2
2026-04-14,,次日已审,低层级强势反哺,普通/不推送走强,low_level_winner,普通观察 后来走强，原因反哺：人气Top50、当日上涨、收在日内高位,50,002565,顺灏股份,普通观察,已入快策略,,2026-04-14,0,common_index_cache,43,-21.45,0.12,2.31,7.34,2.31,9.36,29.02,9.24,28.87,29.02,post_close,2026-04-14 15:00:00,人气Top50；当日上涨；收在日内高位；温和放量；近5日趋势升温；站上20日线且不过热,-,v2
2026-04-14,,次日已审,低层级强势反哺,普通/不推送走强,low_level_winner,普通观察 后来走强，原因反哺：人气Top50、当日涨停附近、收在日内高位,37,600664,哈药股份,普通观察,已入快策略,,2026-04-14,0,common_index_cache,43,-24.01,5.94,9.9,9.9,9.9,3.22,1.49,-2.57,-4.21,20.79,post_close,2026-04-14 15:00:00,人气Top50；当日涨停附近；收在日内高位；温和放量；站上20日线且不过热,-,v2
2026-04-13,2026-04-10,次日已审,快策略候选,优先成功,priority_success,下个交易日主盯 后续最高表现达到 64.36%，保留这类命中特征。,37,002080,中材科技,重点观察,下个交易日主盯,113.05,2026-04-13,0,common_index_cache,44,64.36,0.78,3.11,3.57,3.11,-2.57,-2.55,-3.32,-3.3,3.57,post_close,2026-04-13 15:00:00,人气Top50；当日涨停附近；收在日内高位；温和放量；近5日强势延续；站上20日线且不过热；v2强势延续修正；v2低分涨停修正,短线涨幅偏高,v2
2026-04-13,2026-04-10,次日已审,快策略候选,优先成功,priority_success,下个交易日主盯 后续最高表现达到 70.04%，保留这类命中特征。,11,600176,中国巨石,强推观察,下个交易日主盯,106.0,2026-04-13,0,common_index_cache,44,70.04,2.99,1.12,3.71,1.12,2.18,-1.84,-0.79,-4.69,6.85,post_close,2026-04-13 15:00:00,人气Top20；当日涨停附近；收在日内高位；温和放量；近5日趋势升温；站上20日线且不过热；首次上榜即强势；v2强势延续修正；v2低分涨停修正,-,v2
2026-04-13,2026-04-10,次日已审,快策略候选,优先成功,priority_success,下个交易日主盯 后续最高表现达到 36.23%，保留这类命中特征。,3,000988,华工科技,强推观察,下个交易日主盯,106.0,2026-04-13,0,common_index_cache,44,36.23,-4.12,-3.62,-0.66,-3.62,-10.26,-8.13,-6.4,-4.18,-0.66,post_close,2026-04-13 15:00:00,人气Top3；当日强涨；收在日内高位；温和放量；近5日趋势升温；站上20日线且不过热；连续上榜确认；人气排名明显上升；v2连榜升温修正,-,v2
2026-04-13,2026-04-10,次日已审,快策略候选,优先成功,priority_success,下个交易日主盯 后续最高表现达到 143.84%，保留这类命中特征。,5,600396,华电辽能,强推观察,下个交易日主盯,104.2,2026-04-13,0,common_index_cache,44,143.84,4.11,10.0,10.0,10.0,-0.14,1.23,-4.08,-2.76,18.63,post_close,2026-04-13 15:00:00,人气Top10；当日涨停附近；收在日内高位；温和放量；站上20日线且不过热；连续上榜确认；人气排名明显上升,-,v2
2026-04-13,2026-04-10,次日已审,快策略候选,优先成功,priority_success,下个交易日主盯 后续最高表现达到 189.92%，保留这类命中特征。,31,603256,宏和科技,重点观察,下个交易日主盯,98.75,2026-04-13,0,common_index_cache,44,189.92,6.38,9.74,10.0,9.74,13.66,16.42,6.84,9.43,22.7,post_close,2026-04-13 15:00:00,人气Top50；当日涨停附近；收在日内高位；近5日强势延续；站上20日线且不过热；v2强势延续修正；v2低分涨停修正,短线涨幅偏高,v2
2026-04-13,2026-04-10,次日已审,快策略候选,优先成功,priority_success,下个交易日主盯 后续最高表现达到 51.01%，保留这类命中特征。,39,001896,豫能控股,普通观察,下个交易日主盯,91.3,2026-04-13,0,common_index_cache,44,51.01,3.19,4.51,9.99,4.51,18.39,30.4,14.73,26.36,30.4,post_close,2026-04-13 15:00:00,人气Top50；当日强涨；收在日内高位；温和放量；近5日趋势升温；站上20日线且不过热,-,v2
2026-04-13,2026-04-10,次日已审,快策略候选,优先成功,priority_success,下个交易日主盯 后续最高表现达到 61.11%，保留这类命中特征。,1,002580,圣阳股份,强推观察,下个交易日主盯,90.0,2026-04-13,0,common_index_cache,44,2.01,9.15,10.01,10.01,10.01,33.14,58.05,21.98,44.8,61.11,post_close,2026-04-13 15:00:00,人气Top3；当日涨停附近；收在日内高位；温和放量；近5日强势延续；连续上榜确认；v2连榜升温修正,短线涨幅偏高；偏离20日线较大,v2
2026-04-13,2026-04-10,次日已审,快策略候选,优先成功,priority_success,下个交易日主盯 后续最高表现达到 68.99%，保留这类命中特征。,21,600110,诺德股份,重点观察,下个交易日主盯,89.0,2026-04-13,0,common_index_cache,44,68.99,0.1,1.77,3.53,1.77,-1.37,-1.86,-1.47,-1.96,6.77,post_close,2026-04-13 15:00:00,人气Top50；当日上涨；收盘承接较强；温和放量；近5日趋势升温；站上20日线且不过热；连续上榜确认；人气排名明显上升；v2连榜升温修正,-,v2
2026-04-13,2026-04-10,次日已审,快策略候选,优先成功,priority_success,下个交易日主盯 后续最高表现达到 42.17%，保留这类命中特征。,2,603459,红板科技,重点观察,下个交易日主盯,83.0,2026-04-13,0,common_index_cache,44,42.17,2.99,-1.02,4.0,-1.02,9.34,0.14,6.17,-2.77,15.6,post_close,2026-04-13 15:00:00,人气Top3；当日涨停附近；温和放量；站上20日线且不过热；连续上榜确认；人气排名明显上升,上影线偏长,v2
2026-04-13,2026-04-10,次日已审,快策略候选,优先成功,priority_success,下个交易日主盯 后续最高表现达到 15.25%，保留这类命中特征。,72,000791,甘肃能源,普通观察,下个交易日主盯,78.4,2026-04-13,0,common_index_cache,44,15.25,-2.12,-1.0,1.37,-1.0,-1.25,-0.12,0.89,2.04,2.5,post_close,2026-04-13 15:00:00,当日涨停附近；收在日内高位；温和放量；近5日趋势升温；站上20日线且不过热,-,v2
2026-04-13,2026-04-10,次日已审,快策略候选,优先成功,priority_success,下个交易日主盯 后续最高表现达到 22.13%，保留这类命中特征。,47,300476,胜宏科技,普通观察,下个交易日主盯,76.6,2026-04-13,0,common_index_cache,44,22.13,0.5,4.0,5.35,4.0,2.48,15.82,1.97,15.24,18.11,post_close,2026-04-13 15:00:00,人气Top50；收盘承接较强；温和放量；近5日趋势升温；站上20日线且不过热；连续上榜确认；v2连榜升温修正,-,v2
2026-04-13,2026-04-10,次日已审,快策略候选,优先成功,priority_success,下个交易日主盯 后续最高表现达到 53.95%，保留这类命中特征。,99,003031,中瓷电子,普通观察,下个交易日主盯,75.7,2026-04-13,0,common_index_cache,44,53.95,0.86,0.29,2.11,0.29,-1.78,14.32,-2.62,13.34,18.16,post_close,2026-04-13 15:00:00,当日强涨；收在日内高位；温和放量；近5日趋势升温；站上20日线且不过热,-,v2
2026-04-13,2026-04-10,次日已审,快策略候选,优先成功,priority_success,下个交易日主盯 后续最高表现达到 112.78%，保留这类命中特征。,17,002281,光迅科技,重点观察,下个交易日主盯,75.65,2026-04-13,0,common_index_cache,44,112.78,-0.2,-2.05,0.55,-2.05,-6.61,5.56,-6.42,5.77,10.49,post_close,2026-04-13 15:00:00,人气Top20；当日上涨；收盘承接较强；温和放量；近5日强势延续；站上20日线且不过热；连续上榜确认；v2连榜升温修正,短线涨幅偏高,v2
2026-04-13,2026-04-10,次日已审,快策略候选,优先成功,priority_success,下个交易日主盯 后续最高表现达到 22.40%，保留这类命中特征。,28,002342,巨力索具,普通观察,下个交易日主盯,74.35,2026-04-13,0,common_index_cache,44,-37.21,0.0,4.96,5.32,4.96,13.28,19.16,13.28,19.16,22.4,post_close,2026-04-13 15:00:00,人气Top50；当日上涨；温和放量；近5日强势延续；站上20日线且不过热；连续上榜确认；人气排名明显上升；v2连榜升温修正,短线涨幅偏高,v2
2026-04-13,2026-04-10,次日已审,快策略候选,优先成功,priority_success,下个交易日主盯 后续最高表现达到 93.72%，保留这类命中特征。,38,002491,通鼎互联,不推送,下个交易日主盯,72.1,2026-04-13,0,common_index_cache,44,93.72,-1.96,1.82,4.59,1.82,5.4,12.28,7.5,14.52,12.28,post_close,2026-04-13 15:00:00,人气Top50；温和放量；近5日趋势升温；站上20日线且不过热；连续上榜确认；v2连榜升温修正,-,v2
2026-04-13,2026-04-10,次日已审,快策略候选,优先走弱,priority_failed,下个交易日主盯 未兑现，复盘风险项：-,42,600527,江南高纤,强推观察,下个交易日主盯,116.2,2026-04-13,0,common_index_cache,44,-14.23,1.07,-2.14,4.63,-2.14,-2.49,-2.49,-3.52,-3.52,4.63,post_close,2026-04-13 15:00:00,人气Top50；当日涨停附近；收在日内高位；温和放量；近5日趋势升温；站上20日线且不过热；v2强势延续修正；v2低分涨停修正,-,v2
2026-04-13,2026-04-10,次日已审,快策略候选,优先走弱,priority_failed,下个交易日主盯 未兑现，复盘风险项：-,6,603778,国晟科技,重点观察,下个交易日主盯,97.9,2026-04-13,0,common_index_cache,44,-49.73,-10.0,-10.0,-10.0,-10.0,-20.24,-19.4,-11.38,-10.44,-10.0,post_close,2026-04-13 15:00:00,人气Top10；当日上涨；温和放量；近5日趋势升温；站上20日线且不过热；连续上榜确认；v2连榜升温修正,-,v2
2026-04-13,2026-04-10,次日已审,快策略候选,优先走弱,priority_failed,下个交易日主盯 未兑现，复盘风险项：-,35,603803,瑞斯康达,强推观察,下个交易日主盯,95.3,2026-04-13,0,common_index_cache,44,-15.53,10.03,-1.7,10.03,-1.7,-0.39,2.88,-9.47,-6.49,10.03,post_close,2026-04-13 15:00:00,人气Top50；当日涨停附近；收在日内高位；近5日趋势升温；站上20日线且不过热；连续上榜确认；人气排名明显上升；v2强势延续修正；v2低分涨停修正,-,v2
2026-04-13,2026-04-10,次日已审,快策略候选,优先走弱,priority_failed,下个交易日主盯 未兑现，复盘风险项：-,19,002467,二六三,强推观察,下个交易日主盯,93.5,2026-04-13,0,common_index_cache,44,-34.18,0.25,-1.78,1.4,-1.78,0.51,-3.94,0.25,-4.18,2.8,post_close,2026-04-13 15:00:00,人气Top20；当日涨停附近；收在日内高位；近5日趋势升温；站上20日线且不过热；首次上榜即强势；v2强势延续修正,-,v2
2026-04-13,2026-04-10,次日已审,快策略候选,优先走弱,priority_failed,下个交易日主盯 未兑现，复盘风险项：-,10,000815,美利云,普通观察,下个交易日主盯,86.8,2026-04-13,0,common_index_cache,44,-14.79,1.82,3.11,5.03,3.11,9.52,8.23,7.55,6.3,13.91,post_close,2026-04-13 15:00:00,人气Top10；当日上涨；收盘承接较强；温和放量；站上20日线且不过热,-,v2
2026-04-13,2026-04-10,次日已审,快策略候选,优先走弱,priority_failed,下个交易日主盯 未兑现，复盘风险项：-,12,600654,中安科,强推观察,下个交易日主盯,86.0,2026-04-13,0,common_index_cache,44,-35.41,-0.67,0.67,3.79,0.67,4.23,-4.9,4.93,-4.26,6.01,post_close,2026-04-13 15:00:00,人气Top20；当日涨停附近；收在日内高位；温和放量；近5日趋势升温；站上20日线且不过热；连续上榜确认；人气排名明显上升；v2强势延续修正；v2连榜升温修正；v2低分涨停修正,-,v2
2026-04-13,2026-04-10,次日已审,快策略候选,优先走弱,priority_failed,下个交易日主盯 未兑现，复盘风险项：-,94,600982,宁波能源,普通观察,下个交易日主盯,78.4,2026-04-13,0,common_index_cache,44,-3.63,3.45,0.0,6.04,0.0,-4.49,-0.17,-7.68,-3.51,6.04,post_close,2026-04-13 15:00:00,当日涨停附近；收在日内高位；温和放量；近5日趋势升温；站上20日线且不过热,-,v2
2026-04-13,2026-04-10,次日已审,快策略候选,优先走弱,priority_failed,下个交易日主盯 未兑现，复盘风险项：-,87,000612,焦作万方,普通观察,下个交易日主盯,78.4,2026-04-13,0,common_index_cache,44,-18.8,2.0,0.37,2.07,0.37,-0.74,-2.59,-2.69,-4.5,2.07,post_close,2026-04-13 15:00:00,当日涨停附近；收在日内高位；放量仍可控；近5日趋势升温；站上20日线且不过热；v2低分涨停修正,-,v2
2026-04-13,2026-04-10,次日已审,快策略候选,优先走弱,priority_failed,下个交易日主盯 未兑现，复盘风险项：-,8,300750,宁德时代,普通观察,下个交易日主盯,77.5,2026-04-13,0,common_index_cache,44,-5.05,-1.34,0.87,1.28,0.87,6.39,1.28,7.83,2.65,7.82,post_close,2026-04-13 15:00:00,人气Top10；温和放量；近5日趋势升温；站上20日线且不过热；连续上榜确认；人气排名明显上升,-,v2
2026-04-13,2026-04-10,次日已审,快策略候选,优先走弱,priority_failed,下个交易日主盯 未兑现，复盘风险项：短线涨幅偏高；偏离20日线较大,20,002418,康盛股份,重点观察,下个交易日主盯,77.45,2026-04-13,0,common_index_cache,44,-32.43,-0.8,-2.56,0.48,-2.56,-10.06,8.79,-9.34,9.66,8.79,post_close,2026-04-13 15:00:00,人气Top20；当日涨停附近；收在日内高位；放量仍可控；近5日强势延续；连续上榜确认；v2连榜升温修正,短线涨幅偏高；偏离20日线较大,v2
2026-04-13,2026-04-10,次日已审,快策略候选,优先走弱,priority_failed,下个交易日主盯 未兑现，复盘风险项：-,27,002594,比亚迪,普通观察,下个交易日主盯,73.0,2026-04-13,0,common_index_cache,44,-16.1,-1.2,-0.41,-0.06,-0.41,1.24,-1.29,2.47,-0.09,1.65,post_close,2026-04-13 15:00:00,人气Top50；收盘承接较强；温和放量；近5日趋势升温；站上20日线且不过热；连续上榜确认,-,v2
2026-04-13,2026-04-10,次日已审,快策略候选,优先走弱,priority_failed,下个交易日主盯 未兑现，复盘风险项：-,49,603019,中科曙光,不推送,下个交易日主盯,71.2,2026-04-13,0,common_index_cache,44,-2.79,0.61,-0.16,0.89,-0.16,0.0,2.92,-0.6,2.3,5.52,post_close,2026-04-13 15:00:00,人气Top50；当日上涨；放量仍可控；近5日趋势升温；站上20日线且不过热；连续上榜确认；人气排名明显上升,-,v2
2026-04-13,2026-04-10,次日已审,快策略候选,优先走弱,priority_failed,下个交易日主盯 未兑现，复盘风险项：上影线偏长,4,600010,包钢股份,普通观察,下个交易日主盯,70.6,2026-04-13,0,common_index_cache,44,-19.46,-0.67,-4.03,-0.34,-4.03,-3.36,-3.36,-2.7,-2.7,-0.34,post_close,2026-04-13 15:00:00,人气Top10；当日上涨；温和放量；近5日趋势升温；站上20日线且不过热；连续上榜确认,上影线偏长,v2
2026-04-13,2026-04-10,次日已审,快策略候选,暂未强势,neutral,继续等待更多交易日或降低权重。,45,002902,铭普光磁,强推观察,下个交易日主盯,116.2,2026-04-13,0,common_index_cache,44,13.83,-0.84,-1.91,3.47,-1.91,-0.84,-2.2,0.0,-1.37,3.47,post_close,2026-04-13 15:00:00,人气Top50；当日涨停附近；收在日内高位；温和放量；近5日趋势升温；站上20日线且不过热；v2强势延续修正；v2低分涨停修正,-,v2
2026-04-13,2026-04-10,次日已审,快策略候选,暂未强势,neutral,继续等待更多交易日或降低权重。,88,002192,融捷股份,普通观察,下个交易日主盯,73.0,2026-04-13,0,common_index_cache,44,13.85,-1.0,1.51,1.81,1.51,2.17,5.12,3.2,6.18,12.39,post_close,2026-04-13 15:00:00,当日强涨；收盘承接较强；温和放量；近5日趋势升温；站上20日线且不过热,-,v2
2026-04-13,,次日已审,低层级强势反哺,普通/不推送走强,low_level_winner,不推送 后来走强，原因反哺：v2低分涨停修正、当日涨停附近、收盘承接较强,70,301526,国际复材,不推送,未入快策略,,2026-04-13,0,common_index_cache,44,171.27,-4.92,0.2,3.03,0.2,-3.03,-6.47,1.99,-1.63,3.03,post_close,2026-04-13 15:00:00,当日涨停附近；收盘承接较强；放量仍可控；近5日强势延续；站上20日线且不过热；v2低分涨停修正,短线涨幅偏高,v2
2026-04-13,,次日已审,低层级强势反哺,普通/不推送走强,low_level_winner,不推送 后来走强，原因反哺：温和放量、站上20日线且不过热、近5日趋势升温,79,603629,利通电子,不推送,未入快策略,,2026-04-13,0,common_index_cache,44,127.06,7.32,10.0,10.0,10.0,31.88,47.61,22.88,37.54,51.31,post_close,2026-04-13 15:00:00,温和放量；近5日趋势升温；站上20日线且不过热,收盘承接偏弱,v2
2026-04-13,,次日已审,低层级强势反哺,普通/不推送走强,low_level_winner,不推送 后来走强，原因反哺：温和放量、近5日趋势升温、连续上榜确认,100,603986,兆易创新,不推送,未入快策略,,2026-04-13,0,common_index_cache,44,123.56,2.81,6.82,7.28,6.82,9.09,10.55,6.12,7.53,12.62,post_close,2026-04-13 15:00:00,温和放量；近5日趋势升温；连续上榜确认,当日转弱；收盘承接偏弱；人气排名明显回落,v2
2026-04-13,,次日已审,低层级强势反哺,普通/不推送走强,low_level_winner,不推送 后来走强，原因反哺：v2低分涨停修正、当日涨停附近、收在日内高位,85,002980,华盛昌,不推送,未入快策略,,2026-04-13,0,common_index_cache,44,115.31,2.21,10.0,10.0,10.0,13.99,33.77,11.53,30.87,36.44,post_close,2026-04-13 15:00:00,当日涨停附近；收在日内高位；近5日强势延续；v2低分涨停修正,量能不足；短线涨幅偏高；偏离20日线较大,v2
2026-04-13,,次日已审,低层级强势反哺,普通/不推送走强,low_level_winner,普通观察 后来走强，原因反哺：当日涨停附近、收在日内高位、站上20日线且不过热,54,002297,博云新材,普通观察,未入快策略,,2026-04-13,0,common_index_cache,44,113.41,10.02,10.02,10.02,10.02,33.11,61.09,20.99,46.43,61.09,post_close,2026-04-13 15:00:00,当日涨停附近；收在日内高位；近5日趋势升温；站上20日线且不过热；连续上榜确认,一字或近似一字，参与点差,v2
2026-04-13,,次日已审,低层级强势反哺,普通/不推送走强,low_level_winner,不推送 后来走强，原因反哺：人气Top50、温和放量、站上20日线且不过热,33,600487,亨通光电,不推送,未入快策略,,2026-04-13,0,common_index_cache,44,107.52,0.04,-1.53,1.72,-1.53,-0.65,13.83,-0.69,13.79,14.02,post_close,2026-04-13 15:00:00,人气Top50；温和放量；站上20日线且不过热；连续上榜确认,当日转弱；收盘承接偏弱；近5日趋势未确认,v2
2026-04-13,,次日已审,低层级强势反哺,普通/不推送走强,low_level_winner,不推送 后来走强，原因反哺：当日上涨、收盘承接较强、温和放量,75,603002,宏昌电子,不推送,未入快策略,,2026-04-13,0,common_index_cache,44,98.46,1.11,10.01,10.01,10.01,10.27,13.6,9.05,12.35,20.96,post_close,2026-04-13 15:00:00,当日上涨；收盘承接较强；温和放量；近5日趋势升温；站上20日线且不过热,-,v2
2026-04-13,,次日已审,低层级强势反哺,普通/不推送走强,low_level_winner,不推送 后来走强，原因反哺：人气Top50、温和放量、近5日强势延续,34,002384,东山精密,不推送,未入快策略,,2026-04-13,0,common_index_cache,44,74.98,0.12,-0.57,1.48,-0.57,1.85,6.93,1.73,6.8,14.55,post_close,2026-04-13 15:00:00,人气Top50；温和放量；近5日强势延续；连续上榜确认,短线涨幅偏高；偏离20日线较大；人气排名明显回落；上影线偏长,v2
2026-04-13,,次日已审,低层级强势反哺,普通/不推送走强,low_level_winner,不推送 后来走强，原因反哺：收盘承接较强、站上20日线且不过热、近5日趋势升温,67,300308,中际旭创,不推送,未入快策略,,2026-04-13,0,common_index_cache,44,72.91,1.49,4.61,6.4,4.61,9.57,15.04,7.96,13.35,18.97,post_close,2026-04-13 15:00:00,收盘承接较强；近5日趋势升温；站上20日线且不过热；连续上榜确认,人气排名明显回落,v2
2026-04-13,,次日已审,低层级强势反哺,普通/不推送走强,low_level_winner,不推送 后来走强，原因反哺：温和放量、站上20日线且不过热、近5日趋势升温,83,002463,沪电股份,不推送,未入快策略,,2026-04-13,0,common_index_cache,44,65.28,2.83,9.44,9.44,9.44,5.9,9.96,2.98,6.93,13.7,post_close,2026-04-13 15:00:00,温和放量；近5日趋势升温；站上20日线且不过热；连续上榜确认,人气排名明显回落；上影线偏长,v2
2026-04-13,,次日已审,低层级强势反哺,普通/不推送走强,low_level_winner,不推送 后来走强，原因反哺：人气Top20、温和放量、近5日趋势升温,15,600105,永鼎股份,不推送,未入快策略,,2026-04-13,0,common_index_cache,44,63.02,-1.55,-3.93,-0.21,-3.93,1.99,8.01,3.6,9.71,13.33,post_close,2026-04-13 15:00:00,人气Top20；温和放量；近5日趋势升温；连续上榜确认,偏离20日线较大,v2
2026-04-13,,次日已审,低层级强势反哺,普通/不推送走强,low_level_winner,不推送 后来走强，原因反哺：人气排名明显上升、温和放量、站上20日线且不过热,62,600498,烽火通信,不推送,未入快策略,,2026-04-13,0,common_index_cache,44,52.84,0.76,1.22,1.46,1.22,-3.07,5.58,-3.8,4.79,7.39,post_close,2026-04-13 15:00:00,温和放量；站上20日线且不过热；连续上榜确认；人气排名明显上升,当日转弱,v2
2026-04-13,,次日已审,低层级强势反哺,普通/不推送走强,low_level_winner,普通观察 后来走强，原因反哺：人气Top50、当日强涨、收盘承接较强,36,001309,德明利,普通观察,未入快策略,,2026-04-13,0,common_index_cache,44,47.38,0.77,3.98,6.11,3.98,7.33,6.96,6.51,6.14,11.74,post_close,2026-04-13 15:00:00,人气Top50；当日强涨；收盘承接较强；温和放量；近5日强势延续；站上20日线且不过热；连续上榜确认,短线涨幅偏高；人气排名明显回落,v2
2026-04-13,,次日已审,低层级强势反哺,普通/不推送走强,low_level_winner,不推送 后来走强，原因反哺：当日涨停附近、收在日内高位、近5日强势延续,57,002957,科瑞技术,不推送,未入快策略,,2026-04-13,0,common_index_cache,44,38.68,1.55,-1.55,1.91,-1.55,1.04,15.96,-0.5,14.19,19.61,post_close,2026-04-13 15:00:00,当日涨停附近；收在日内高位；近5日强势延续,短线涨幅偏高；偏离20日线较大,v2
2026-04-13,,次日已审,低层级强势反哺,普通/不推送走强,low_level_winner,不推送 后来走强，原因反哺：人气Top50、当日上涨、收盘承接较强,43,600703,三安光电,不推送,未入快策略,,2026-04-13,0,common_index_cache,44,37.83,-1.2,-1.85,1.12,-1.85,-2.57,9.64,-1.38,10.98,11.81,post_close,2026-04-13 15:00:00,人气Top50；当日上涨；收盘承接较强；温和放量；近5日趋势升温；连续上榜确认,仍在20日线下方,v2
2026-04-13,,次日已审,低层级强势反哺,普通/不推送走强,low_level_winner,不推送 后来走强，原因反哺：站上20日线且不过热,65,920012,创达新材,不推送,未入快策略,,2026-04-13,0,common_index_cache,27,35.77,-9.04,-1.86,1.72,-1.86,-4.97,21.73,4.47,33.83,42.29,post_close,2026-04-13 15:00:00,站上20日线且不过热,-,v2
2026-04-13,,次日已审,低层级强势反哺,普通/不推送走强,low_level_winner,不推送 后来走强，原因反哺：人气Top50、当日涨停附近、收在日内高位,24,002364,中恒电气,不推送,未入快策略,,2026-04-13,0,common_index_cache,44,34.58,8.72,9.99,9.99,9.99,10.79,13.12,1.9,4.05,14.34,post_close,2026-04-13 15:00:00,人气Top50；当日涨停附近；收在日内高位；近5日强势延续；连续上榜确认,短线涨幅偏高；偏离20日线较大；一字或近似一字，参与点差,v2
2026-04-13,,次日已审,低层级强势反哺,普通/不推送走强,low_level_winner,不推送 后来走强，原因反哺：温和放量、站上20日线且不过热、近5日趋势升温,55,601138,工业富联,不推送,未入快策略,,2026-04-13,0,common_index_cache,44,30.41,1.38,5.78,6.45,5.78,6.5,10.43,5.05,8.93,13.7,post_close,2026-04-13 15:00:00,温和放量；近5日趋势升温；站上20日线且不过热；连续上榜确认,当日转弱；收盘承接偏弱；人气排名明显回落,v2
2026-04-13,,次日已审,低层级强势反哺,普通/不推送走强,low_level_winner,不推送 后来走强，原因反哺：温和放量、站上20日线且不过热、连续上榜确认,71,002051,中工国际,不推送,未入快策略,,2026-04-13,0,common_index_cache,44,27.03,2.74,9.96,9.96,9.96,17.78,21.65,14.64,18.4,23.88,post_close,2026-04-13 15:00:00,温和放量；站上20日线且不过热；连续上榜确认,当日转弱；收盘承接偏弱,v2
2026-04-13,,次日已审,低层级强势反哺,普通/不推送走强,low_level_winner,不推送 后来走强，原因反哺：人气Top20、温和放量、站上20日线且不过热,14,601869,长飞光纤,不推送,未入快策略,,2026-04-13,0,common_index_cache,44,24.74,0.22,-1.27,2.05,-1.27,-0.18,4.29,-0.4,4.06,8.88,post_close,2026-04-13 15:00:00,人气Top20；温和放量；站上20日线且不过热；连续上榜确认,当日转弱,v2
2026-04-13,,次日已审,低层级强势反哺,普通/不推送走强,low_level_winner,不推送 后来走强，原因反哺：当日上涨、站上20日线且不过热,93,603601,再升科技,不推送,未入快策略,,2026-04-13,0,common_index_cache,44,14.94,0.95,3.5,4.15,3.5,9.55,13.48,8.52,12.42,16.25,post_close,2026-04-13 15:00:00,当日上涨；站上20日线且不过热,近5日趋势未确认,v2
2026-04-13,,次日已审,低层级强势反哺,普通/不推送走强,low_level_winner,不推送 后来走强，原因反哺：温和放量、站上20日线且不过热、近5日趋势升温,96,300502,新易盛,不推送,未入快策略,,2026-04-13,0,common_index_cache,44,8.81,1.99,1.42,5.11,1.42,4.83,13.71,2.78,11.49,16.43,post_close,2026-04-13 15:00:00,温和放量；近5日趋势升温；站上20日线且不过热；连续上榜确认,当日转弱；人气排名明显回落,v2
2026-04-13,,次日已审,低层级强势反哺,普通/不推送走强,low_level_winner,不推送 后来走强，原因反哺：温和放量、站上20日线且不过热,61,301015,百洋医药,不推送,未入快策略,,2026-04-13,0,common_index_cache,27,-5.09,-0.62,4.27,4.76,4.27,8.57,10.19,9.25,10.87,19.13,post_close,2026-04-13 15:00:00,温和放量；站上20日线且不过热,收盘承接偏弱；近5日趋势未确认；上影线偏长,v2
2026-04-13,,次日已审,低层级强势反哺,普通/不推送走强,low_level_winner,不推送 后来走强，原因反哺：人气Top50、温和放量、站上20日线且不过热,48,002361,神剑股份,不推送,未入快策略,,2026-04-13,0,common_index_cache,44,-6.47,-0.9,0.9,2.34,0.9,15.33,23.53,16.37,24.65,23.53,post_close,2026-04-13 15:00:00,人气Top50；温和放量；近5日趋势升温；站上20日线且不过热；连续上榜确认,收盘承接偏弱；上影线偏长,v2
2026-04-13,,次日已审,低层级强势反哺,普通/不推送走强,low_level_winner,不推送 后来走强，原因反哺：人气Top50、站上20日线且不过热、近5日趋势升温,44,000889,中嘉博创,不推送,未入快策略,,2026-04-13,0,common_index_cache,44,-6.89,-0.77,9.95,9.95,9.95,27.55,31.12,28.53,32.13,39.03,post_close,2026-04-13 15:00:00,人气Top50；近5日趋势升温；站上20日线且不过热；连续上榜确认,当日转弱；收盘承接偏弱,v2
2026-04-13,,次日已审,低层级强势反哺,普通/不推送走强,low_level_winner,不推送 后来走强，原因反哺：人气排名明显上升、温和放量、站上20日线且不过热,69,300058,蓝色光标,不推送,未入快策略,,2026-04-13,0,common_index_cache,44,-9.61,2.36,4.41,5.68,4.41,3.99,18.08,1.59,15.36,25.09,post_close,2026-04-13 15:00:00,温和放量；近5日趋势升温；站上20日线且不过热；连续上榜确认；人气排名明显上升,-,v2
2026-04-13,,次日已审,低层级强势反哺,普通/不推送走强,low_level_winner,不推送 后来走强，原因反哺：人气Top50、站上20日线且不过热、近5日趋势升温,25,600103,青山纸业,不推送,未入快策略,,2026-04-13,0,common_index_cache,44,-10.25,-2.25,3.75,5.25,3.75,1.25,18.0,3.58,20.72,18.0,post_close,2026-04-13 15:00:00,人气Top50；近5日趋势升温；站上20日线且不过热；连续上榜确认,收盘承接偏弱；放量过猛,v2
2026-04-13,,次日已审,低层级强势反哺,普通/不推送走强,low_level_winner,普通观察 后来走强，原因反哺：v2低分涨停修正、当日涨停附近、收在日内高位,52,002124,天邦食品,普通观察,未入快策略,,2026-04-13,0,common_index_cache,44,-13.13,0.77,10.04,10.04,10.04,13.13,18.15,12.26,17.24,26.64,post_close,2026-04-13 15:00:00,当日涨停附近；收在日内高位；近5日趋势升温；站上20日线且不过热；v2低分涨停修正,-,v2
2026-04-13,,次日已审,低层级强势反哺,普通/不推送走强,low_level_winner,不推送 后来走强，原因反哺：人气Top50、温和放量、近5日趋势升温,32,603538,美诺华,不推送,未入快策略,,2026-04-13,0,common_index_cache,44,-21.36,0.0,6.01,7.74,6.01,16.5,6.95,16.5,6.95,19.18,post_close,2026-04-13 15:00:00,人气Top50；温和放量；近5日趋势升温；连续上榜确认,当日转弱；收盘承接偏弱；偏离20日线较大；人气排名明显回落,v2
2026-04-13,,次日已审,低层级强势反哺,普通/不推送走强,low_level_winner,不推送 后来走强，原因反哺：温和放量、站上20日线且不过热、连续上榜确认,82,600488,津药药业,不推送,未入快策略,,2026-04-13,0,common_index_cache,44,-22.17,0.51,5.25,6.09,5.25,6.43,8.46,5.89,7.91,15.74,post_close,2026-04-13 15:00:00,温和放量；站上20日线且不过热；连续上榜确认,当日转弱；收盘承接偏弱；近5日趋势未确认,v2
2026-04-13,,次日已审,低层级强势反哺,普通/不推送走强,low_level_winner,不推送 后来走强，原因反哺：人气Top50、当日上涨、放量仍可控,22,002328,新朋股份,不推送,未入快策略,,2026-04-13,0,common_index_cache,44,-25.19,3.35,10.04,10.04,10.04,24.54,15.15,20.5,11.42,26.21,post_close,2026-04-13 15:00:00,人气Top50；当日上涨；放量仍可控；近5日强势延续；连续上榜确认,短线涨幅偏高；偏离20日线较大,v2
2026-04-13,,次日已审,低层级强势反哺,普通/不推送走强,low_level_winner,普通观察 后来走强，原因反哺：人气Top20、收盘承接较强、温和放量,16,600666,奥瑞德,普通观察,未入快策略,,2026-04-13,0,common_index_cache,44,-27.26,2.96,0.93,5.3,0.93,6.7,11.53,3.63,8.32,17.91,post_close,2026-04-13 15:00:00,人气Top20；收盘承接较强；温和放量；近5日趋势升温；站上20日线且不过热；连续上榜确认,-,v2
2026-04-13,,次日已审,低层级强势反哺,普通/不推送走强,low_level_winner,不推送 后来走强，原因反哺：人气Top50、当日涨停附近、收在日内高位,29,600743,华远控股,不推送,未入快策略,,2026-04-13,0,common_index_cache,44,-28.08,9.93,9.93,9.93,9.93,-9.25,-11.3,-17.45,-19.31,20.89,post_close,2026-04-13 15:00:00,人气Top50；当日涨停附近；收在日内高位；连续上榜确认,短线涨幅过热；偏离20日线较大,v2
2026-04-13,,次日已审,低层级强势反哺,普通/不推送走强,low_level_winner,不推送 后来走强，原因反哺：v2连榜升温修正、人气Top50、温和放量,38,002491,通鼎互联,不推送,已入快策略,,2026-04-13,0,common_index_cache,44,93.72,-1.96,1.82,4.59,1.82,5.4,12.28,7.5,14.52,12.28,post_close,2026-04-13 15:00:00,人气Top50；温和放量；近5日趋势升温；站上20日线且不过热；连续上榜确认；v2连榜升温修正,-,v2
2026-04-13,,次日已审,低层级强势反哺,普通/不推送走强,low_level_winner,普通观察 后来走强，原因反哺：当日强涨、收在日内高位、温和放量,99,003031,中瓷电子,普通观察,已入快策略,,2026-04-13,0,common_index_cache,44,53.95,0.86,0.29,2.11,0.29,-1.78,14.32,-2.62,13.34,18.16,post_close,2026-04-13 15:00:00,当日强涨；收在日内高位；温和放量；近5日趋势升温；站上20日线且不过热,-,v2
2026-04-13,,次日已审,低层级强势反哺,普通/不推送走强,low_level_winner,普通观察 后来走强，原因反哺：人气Top50、当日强涨、收在日内高位,39,001896,豫能控股,普通观察,已入快策略,,2026-04-13,0,common_index_cache,44,51.01,3.19,4.51,9.99,4.51,18.39,30.4,14.73,26.36,30.4,post_close,2026-04-13 15:00:00,人气Top50；当日强涨；收在日内高位；温和放量；近5日趋势升温；站上20日线且不过热,-,v2
2026-04-13,,次日已审,低层级强势反哺,普通/不推送走强,low_level_winner,普通观察 后来走强，原因反哺：v2连榜升温修正、人气Top50、收盘承接较强,47,300476,胜宏科技,普通观察,已入快策略,,2026-04-13,0,common_index_cache,44,22.13,0.5,4.0,5.35,4.0,2.48,15.82,1.97,15.24,18.11,post_close,2026-04-13 15:00:00,人气Top50；收盘承接较强；温和放量；近5日趋势升温；站上20日线且不过热；连续上榜确认；v2连榜升温修正,-,v2
2026-04-13,,次日已审,低层级强势反哺,普通/不推送走强,low_level_winner,普通观察 后来走强，原因反哺：当日涨停附近、收在日内高位、温和放量,72,000791,甘肃能源,普通观察,已入快策略,,2026-04-13,0,common_index_cache,44,15.25,-2.12,-1.0,1.37,-1.0,-1.25,-0.12,0.89,2.04,2.5,post_close,2026-04-13 15:00:00,当日涨停附近；收在日内高位；温和放量；近5日趋势升温；站上20日线且不过热,-,v2
2026-04-13,,次日已审,低层级强势反哺,普通/不推送走强,low_level_winner,普通观察 后来走强，原因反哺：v2连榜升温修正、人气Top50、人气排名明显上升,28,002342,巨力索具,普通观察,已入快策略,,2026-04-13,0,common_index_cache,44,-37.21,0.0,4.96,5.32,4.96,13.28,19.16,13.28,19.16,22.4,post_close,2026-04-13 15:00:00,人气Top50；当日上涨；温和放量；近5日强势延续；站上20日线且不过热；连续上榜确认；人气排名明显上升；v2连榜升温修正,短线涨幅偏高,v2
