strategy_date,training_date,audit_status,audit_scope,audit_result,lesson_type,lesson_note,rank,code,name,push_level,fast_level,fast_score,market_price_date,market_lag_days,market_source,observed_days,latest_return_pct,tail_next_open_pct,tail_next_close_pct,tail_next_max_gain_pct,return_1d_pct,return_3d_pct,return_5d_pct,open_buy_return_3d_pct,open_buy_return_5d_pct,max_gain_5d_pct,capture_type,snapshot_time,reasons,risks,strategy_version
2026-06-04,2026-05-28,等待结算,快策略候选,等待下个交易日,pending,已记录本次策略，等下个交易日行情更新后自动结算。,13,002491,通鼎互联,观察池,下个交易日主盯,106.83,2026-06-04,0,common_index_cache,0,,,,,,,,,,,post_close,2026-06-04 15:00:00,人气Top20；当日涨停附近；收在日内高位；温和放量；近5日趋势升温；站上20日线且不过热；持续霸榜；人气排名明显上升；震荡市里保持相对强势；震荡市里承接未失控；v4多头排列技术加分,热度可能进入后段；v4乖离率过大；v4远离短中期均线；涨停封板不可买,v4
2026-06-04,2026-05-28,等待结算,快策略候选,等待下个交易日,pending,已记录本次策略，等下个交易日行情更新后自动结算。,26,600703,三安光电,观察池,下个交易日主盯,97.83,2026-06-04,0,common_index_cache,0,,,,,,,,,,,post_close,2026-06-04 15:00:00,人气Top50；当日涨停附近；收在日内高位；温和放量；站上20日线且不过热；连续上榜确认；人气排名明显上升；震荡市里保持相对强势；震荡市里承接未失控,v4乖离率过大；涨停封板不可买,v4
2026-06-04,2026-05-28,等待结算,快策略候选,等待下个交易日,pending,已记录本次策略，等下个交易日行情更新后自动结算。,15,001896,豫能控股,观察池,下个交易日主盯,97.38,2026-06-04,0,common_index_cache,0,,,,,,,,,,,post_close,2026-06-04 15:00:00,人气Top20；当日涨停附近；收在日内高位；温和放量；近5日强势延续；持续霸榜；震荡市里保持相对强势；震荡市里承接未失控；v4多头排列技术加分,短线涨幅偏高；偏离20日线较大；热度可能进入后段；v4乖离率过大；v4远离短中期均线；涨停封板不可买,v4
2026-06-04,2026-05-28,等待结算,快策略候选,等待下个交易日,pending,已记录本次策略，等下个交易日行情更新后自动结算。,3,000725,京东方A,观察池,下个交易日主盯,96.36,2026-06-04,0,common_index_cache,0,,,,,,,,,,,post_close,2026-06-04 15:00:00,人气Top3；当日涨停附近；收在日内高位；温和放量；近5日趋势升温；站上20日线且不过热；持续霸榜；震荡市里保持相对强势；震荡市里承接未失控；v4多头排列技术加分,热度可能进入后段；Top3高热度拥挤，次日兑现风险；v4乖离率过大；v4远离短中期均线；涨停封板不可买,v4
2026-06-04,2026-05-28,等待结算,快策略候选,等待下个交易日,pending,已记录本次策略，等下个交易日行情更新后自动结算。,6,002463,沪电股份,普通观察,下个交易日主盯,93.03,2026-06-04,0,common_index_cache,0,,,,,,,,,,,post_close,2026-06-04 15:00:00,人气Top10；当日强涨；收盘承接较强；温和放量；近5日趋势升温；站上20日线且不过热；持续霸榜；人气排名明显上升；震荡市里保持相对强势；震荡市里承接未失控；v4多头排列技术加分,热度可能进入后段；v4乖离率过大；v4远离短中期均线,v4
2026-06-04,2026-05-28,等待结算,快策略候选,等待下个交易日,pending,已记录本次策略，等下个交易日行情更新后自动结算。,34,000733,振华科技,观察池,下个交易日主盯,87.63,2026-06-04,0,common_index_cache,0,,,,,,,,,,,post_close,2026-06-04 15:00:00,人气Top50；当日涨停附近；收在日内高位；温和放量；近5日趋势升温；站上20日线且不过热；震荡市里保持相对强势；震荡市里承接未失控；v4多头排列技术加分,v4乖离率过大；v4远离短中期均线；涨停封板不可买,v4
2026-06-04,2026-05-28,等待结算,快策略候选,等待下个交易日,pending,已记录本次策略，等下个交易日行情更新后自动结算。,87,600237,铜峰电子,观察池,下个交易日主盯,83.28,2026-06-04,0,common_index_cache,0,,,,,,,,,,,post_close,2026-06-04 15:00:00,当日涨停附近；收在日内高位；温和放量；近5日趋势升温；站上20日线且不过热；震荡市里保持相对强势；震荡市里承接未失控；v4多头排列技术加分,后段人气股在偏弱环境里更谨慎；v4乖离率过大；v4远离短中期均线；涨停封板不可买,v4
2026-06-04,2026-05-28,等待结算,快策略候选,等待下个交易日,pending,已记录本次策略，等下个交易日行情更新后自动结算。,27,001309,德明利,观察池,下个交易日主盯,82.23,2026-06-04,0,common_index_cache,0,,,,,,,,,,,post_close,2026-06-04 15:00:00,人气Top50；当日涨停附近；收在日内高位；温和放量；站上20日线且不过热；人气排名明显上升；震荡市里保持相对强势；震荡市里承接未失控,v4乖离率过大；涨停封板不可买,v4
2026-06-04,2026-05-28,等待结算,快策略候选,等待下个交易日,pending,已记录本次策略，等下个交易日行情更新后自动结算。,14,002570,贝因美,观察池,下个交易日主盯,82.03,2026-06-04,0,common_index_cache,0,,,,,,,,,,,post_close,2026-06-04 15:00:00,人气Top20；当日涨停附近；收在日内高位；近5日趋势升温；站上20日线且不过热；首次上榜即强势；震荡市里保持相对强势；震荡市里承接未失控；v4多头排列技术加分,v4乖离率过大；v4远离短中期均线；v4放量冲高过热；涨停封板不可买,v4
2026-06-04,2026-05-28,等待结算,快策略候选,等待下个交易日,pending,已记录本次策略，等下个交易日行情更新后自动结算。,83,603435,嘉德利,观察池,下个交易日主盯,81.03,2026-06-04,0,common_index_cache,0,,,,,,,,,,,post_close,2026-06-04 15:00:00,当日涨停附近；收在日内高位；温和放量；近5日趋势升温；震荡市里保持相对强势；震荡市里承接未失控,后段人气股在偏弱环境里更谨慎；v4短线偏离MA5过多；涨停封板不可买,v4
2026-06-04,2026-05-28,等待结算,快策略候选,等待下个交易日,pending,已记录本次策略，等下个交易日行情更新后自动结算。,63,000657,中钨高新,不推送,下个交易日主盯,80.28,2026-06-04,0,common_index_cache,0,,,,,,,,,,,post_close,2026-06-04 15:00:00,当日强涨；收盘承接较强；温和放量；近5日趋势升温；站上20日线且不过热；连续上榜确认；震荡市里保持相对强势；震荡市里承接未失控；v4多头排列技术加分；v4沿短均线抬升,后段人气股在偏弱环境里更谨慎；v4乖离率过大；v4远离短中期均线,v4
2026-06-04,2026-05-28,等待结算,快策略候选,等待下个交易日,pending,已记录本次策略，等下个交易日行情更新后自动结算。,12,603459,红板科技,不推送,下个交易日主盯,80.13,2026-06-04,0,common_index_cache,0,,,,,,,,,,,post_close,2026-06-04 15:00:00,人气Top20；当日强涨；收在日内高位；温和放量；站上20日线且不过热；人气排名明显上升；震荡市里保持相对强势；震荡市里承接未失控,v4乖离率过大,v4
2026-06-04,2026-05-28,等待结算,快策略候选,等待下个交易日,pending,已记录本次策略，等下个交易日行情更新后自动结算。,33,301666,大普微,观察池,下个交易日主盯,79.53,2026-06-04,0,common_index_cache,0,,,,,,,,,,,post_close,2026-06-04 15:00:00,人气Top50；当日涨停附近；收在日内高位；温和放量；近5日趋势升温；人气排名明显上升；震荡市里保持相对强势；震荡市里承接未失控,偏离20日线较大；v4乖离率过大；v4远离短中期均线；涨停封板不可买,v4
2026-06-04,2026-05-28,等待结算,快策略候选,等待下个交易日,pending,已记录本次策略，等下个交易日行情更新后自动结算。,75,301123,奕东电子,观察池,下个交易日主盯,78.78,2026-06-04,0,common_index_cache,0,,,,,,,,,,,post_close,2026-06-04 15:00:00,当日涨停附近；收在日内高位；温和放量；近5日趋势升温；震荡市里保持相对强势；震荡市里承接未失控；v4多头排列技术加分,偏离20日线较大；后段人气股在偏弱环境里更谨慎；v4乖离率过大；v4远离短中期均线；涨停封板不可买,v4
2026-06-04,2026-05-28,等待结算,快策略候选,等待下个交易日,pending,已记录本次策略，等下个交易日行情更新后自动结算。,91,300726,宏达电子,观察池,下个交易日主盯,78.78,2026-06-04,0,common_index_cache,0,,,,,,,,,,,post_close,2026-06-04 15:00:00,当日涨停附近；收在日内高位；温和放量；近5日趋势升温；震荡市里保持相对强势；震荡市里承接未失控；v4多头排列技术加分,偏离20日线较大；后段人气股在偏弱环境里更谨慎；v4乖离率过大；v4远离短中期均线；涨停封板不可买,v4
2026-06-04,2026-05-28,等待结算,快策略候选,等待下个交易日,pending,已记录本次策略，等下个交易日行情更新后自动结算。,28,600667,太极实业,观察池,下个交易日主盯,78.73,2026-06-04,0,common_index_cache,0,,,,,,,,,,,post_close,2026-06-04 15:00:00,人气Top50；当日涨停附近；收在日内高位；近5日趋势升温；站上20日线且不过热；连续上榜确认；人气排名明显上升；震荡市里保持相对强势；震荡市里承接未失控；v4多头排列技术加分,v4乖离率过大；v4远离短中期均线；涨停封板不可买,v4
2026-06-04,2026-05-28,等待结算,快策略候选,等待下个交易日,pending,已记录本次策略，等下个交易日行情更新后自动结算。,25,300657,弘信电子,观察池,下个交易日主盯,71.53,2026-06-04,0,common_index_cache,0,,,,,,,,,,,post_close,2026-06-04 15:00:00,人气Top50；当日涨停附近；收盘承接较强；温和放量；站上20日线且不过热；人气排名明显上升；震荡市里保持相对强势；震荡市里承接未失控,v4乖离率过大；涨停封板不可买,v4
2026-06-04,2026-05-28,等待结算,快策略候选,等待下个交易日,pending,已记录本次策略，等下个交易日行情更新后自动结算。,29,600367,红星发展,观察池,下个交易日主盯,70.18,2026-06-04,0,common_index_cache,0,,,,,,,,,,,post_close,2026-06-04 15:00:00,人气Top50；当日涨停附近；收在日内高位；放量仍可控；近5日强势延续；连续上榜确认；人气排名明显上升；震荡市里保持相对强势；震荡市里承接未失控；v4多头排列技术加分,短线涨幅偏高；远离20日线过多；v4乖离率过大；v4远离短中期均线；涨停封板不可买,v4
2026-06-04,2026-05-28,等待结算,快策略候选,等待下个交易日,pending,已记录本次策略，等下个交易日行情更新后自动结算。,61,603002,宏昌电子,不推送,下个交易日主盯,70.09,2026-06-04,0,common_index_cache,0,,,,,,,,,,,post_close,2026-06-04 15:00:00,收在日内高位；温和放量；站上20日线且不过热；震荡市里保持相对强势；震荡市里承接未失控；v4多头排列技术加分；v4缩量回踩MA5；v4靠近MA10承接,后段人气股在偏弱环境里更谨慎,v4
2026-06-04,2026-05-28,等待结算,快策略候选,等待下个交易日,pending,已记录本次策略，等下个交易日行情更新后自动结算。,4,600487,亨通光电,不推送,下个交易日主盯,68.58,2026-06-04,0,common_index_cache,0,,,,,,,,,,,post_close,2026-06-04 15:00:00,人气Top10；当日强涨；收盘承接较强；温和放量；近5日强势延续；持续霸榜；震荡市里保持相对强势；震荡市里承接未失控；v4多头排列技术加分,短线涨幅偏高；偏离20日线较大；热度可能进入后段；v4乖离率过大；v4远离短中期均线,v4
2026-06-04,2026-05-28,等待结算,快策略候选,等待下个交易日,pending,已记录本次策略，等下个交易日行情更新后自动结算。,5,002579,中京电子,不推送,下个交易日主盯,68.13,2026-06-04,0,common_index_cache,0,,,,,,,,,,,post_close,2026-06-04 15:00:00,人气Top10；当日上涨；收盘承接较强；温和放量；近5日趋势升温；持续霸榜；震荡市里保持相对强势；震荡市里承接未失控；v4多头排列技术加分,偏离20日线较大；热度可能进入后段；v4乖离率过大；v4远离短中期均线,v4
2026-06-04,2026-05-28,等待结算,快策略候选,等待下个交易日,pending,已记录本次策略，等下个交易日行情更新后自动结算。,23,603986,兆易创新,不推送,下个交易日主盯,67.23,2026-06-04,0,common_index_cache,0,,,,,,,,,,,post_close,2026-06-04 15:00:00,人气Top50；当日强涨；收盘承接较强；温和放量；近5日趋势升温；站上20日线且不过热；持续霸榜；人气排名明显上升；震荡市里保持相对强势；震荡市里承接未失控,热度可能进入后段；v4乖离率过大；v4趋势未转强且热度偏后,v4
2026-06-04,2026-05-28,等待结算,快策略候选,等待下个交易日,pending,已记录本次策略，等下个交易日行情更新后自动结算。,2,600396,华电辽能,不推送,下个交易日主盯,66.96,2026-06-04,0,common_index_cache,0,,,,,,,,,,,post_close,2026-06-04 15:00:00,人气Top3；收在日内高位；温和放量；近5日趋势升温；持续霸榜；震荡市里保持相对强势；震荡市里承接未失控；v4多头排列技术加分,偏离20日线较大；热度可能进入后段；Top3高热度拥挤，次日兑现风险；v4乖离率过大；v4远离短中期均线,v4
2026-06-04,2026-05-28,等待结算,快策略候选,等待下个交易日,pending,已记录本次策略，等下个交易日行情更新后自动结算。,92,688525,佰维存储,不推送,下个交易日主盯,66.48,2026-06-04,0,common_index_cache,0,,,,,,,,,,,post_close,2026-06-04 15:00:00,当日强涨；收盘承接较强；温和放量；近5日趋势升温；站上20日线且不过热；震荡市里保持相对强势；震荡市里承接未失控；v4多头排列技术加分,后段人气股在偏弱环境里更谨慎；v4乖离率过大,v4
2026-06-04,2026-05-28,等待结算,快策略候选,等待下个交易日,pending,已记录本次策略，等下个交易日行情更新后自动结算。,24,000100,TCL科技,不推送,下个交易日主盯,65.98,2026-06-04,0,common_index_cache,0,,,,,,,,,,,post_close,2026-06-04 15:00:00,人气Top50；当日上涨；温和放量；近5日趋势升温；站上20日线且不过热；连续上榜确认；震荡市里保持相对强势；v4多头排列技术加分,v4乖离率过大；v4远离短中期均线,v4
2026-06-04,2026-05-28,等待结算,快策略候选,等待下个交易日,pending,已记录本次策略，等下个交易日行情更新后自动结算。,100,000670,盈方微,观察池,下个交易日主盯,64.28,2026-06-04,0,common_index_cache,0,,,,,,,,,,,post_close,2026-06-04 15:00:00,当日涨停附近；收在日内高位；温和放量；站上20日线且不过热；震荡市里保持相对强势；震荡市里承接未失控,人气排名明显回落；后段人气股在偏弱环境里更谨慎；v4乖离率过大；涨停封板不可买,v4
2026-06-04,2026-05-28,等待结算,快策略候选,等待下个交易日,pending,已记录本次策略，等下个交易日行情更新后自动结算。,8,600726,华电能源,不推送,下个交易日主盯,63.88,2026-06-04,0,common_index_cache,0,,,,,,,,,,,post_close,2026-06-04 15:00:00,人气Top10；当日上涨；放量仍可控；近5日趋势升温；站上20日线且不过热；持续霸榜；人气排名明显上升；震荡市里保持相对强势；v4多头排列技术加分,热度可能进入后段；v4远离短中期均线,v4
2026-06-04,2026-05-28,等待结算,快策略候选,等待下个交易日,pending,已记录本次策略，等下个交易日行情更新后自动结算。,51,605358,立昂微,不推送,下个交易日主盯,63.04,2026-06-04,0,common_index_cache,0,,,,,,,,,,,post_close,2026-06-04 15:00:00,当日强涨；温和放量；站上20日线且不过热；人气排名明显上升；震荡市里保持相对强势；v4多头排列技术加分,后段人气股在偏弱环境里更谨慎,v4
2026-06-04,2026-05-28,等待结算,快策略候选,等待下个交易日,pending,已记录本次策略，等下个交易日行情更新后自动结算。,78,920161,龙辰科技,观察池,下个交易日主盯,62.03,2026-06-04,0,common_index_cache,0,,,,,,,,,,,post_close,2026-06-04 15:00:00,当日涨停附近；收在日内高位；温和放量；近5日强势延续；人气排名明显上升；震荡市里保持相对强势；震荡市里承接未失控,短线涨幅偏高；偏离20日线较大；后段人气股在偏弱环境里更谨慎；v4乖离率过大；v4远离短中期均线；涨停封板不可买,v4
2026-06-04,2026-05-28,等待结算,快策略候选,等待下个交易日,pending,已记录本次策略，等下个交易日行情更新后自动结算。,86,688146,中船特气,观察池,下个交易日主盯,61.13,2026-06-04,0,common_index_cache,0,,,,,,,,,,,post_close,2026-06-04 15:00:00,当日涨停附近；收在日内高位；温和放量；近5日强势延续；震荡市里保持相对强势；震荡市里承接未失控；v4多头排列技术加分,短线涨幅偏高；远离20日线过多；后段人气股在偏弱环境里更谨慎；v4乖离率过大；v4远离短中期均线；涨停封板不可买,v4
2026-06-03,2026-05-27,次日已审,快策略候选,优先走弱,priority_failed,下个交易日主盯 未兑现，复盘风险项：热度可能进入后段；v4乖离率过大；v4远离短中期均线,10,600172,黄河旋风,普通观察,下个交易日主盯,91.83,2026-06-03,0,common_index_cache,1,-3.72,-5.32,-3.72,-1.6,-3.72,,,,,,post_close,2026-06-03 15:00:00,人气Top10；当日强涨；收盘承接较强；温和放量；近5日趋势升温；站上20日线且不过热；持续霸榜；人气排名明显上升；震荡市里保持相对强势；震荡市里承接未失控；v4多头排列技术加分；v4沿短均线抬升,热度可能进入后段；v4乖离率过大；v4远离短中期均线,v4
2026-06-03,2026-05-27,次日已审,快策略候选,优先走弱,priority_failed,下个交易日主盯 未兑现，复盘风险项：热度可能进入后段；v4远离短中期均线；v4长上影承接转弱,11,600863,华能蒙电,不推送,下个交易日主盯,88.69,2026-06-03,0,common_index_cache,1,-6.9,-3.38,-6.9,0.0,-6.9,,,,,,post_close,2026-06-03 15:00:00,人气Top20；温和放量；近5日趋势升温；站上20日线且不过热；持续霸榜；震荡市里保持相对强势；v4多头排列技术加分；v4沿短均线抬升,热度可能进入后段；v4远离短中期均线；v4长上影承接转弱,v4
2026-06-03,2026-05-27,次日已审,快策略候选,优先走弱,priority_failed,下个交易日主盯 未兑现，复盘风险项：热度可能进入后段；v4短线偏离MA5过多；v4远离短中期均线；v4长上影承接转弱,21,002015,协鑫能科,不推送,下个交易日主盯,88.23,2026-06-03,0,common_index_cache,1,-1.03,-2.3,-1.03,3.57,-1.03,,,,,,post_close,2026-06-03 15:00:00,人气Top50；当日上涨；温和放量；近5日趋势升温；站上20日线且不过热；持续霸榜；人气排名明显上升；震荡市里保持相对强势；v4多头排列技术加分；v4沿短均线抬升,热度可能进入后段；v4短线偏离MA5过多；v4远离短中期均线；v4长上影承接转弱,v4
2026-06-03,2026-05-27,次日已审,快策略候选,优先走弱,priority_failed,下个交易日主盯 未兑现，复盘风险项：热度可能进入后段；v4乖离率过大；v4远离短中期均线；v4长上影承接转弱,48,300433,蓝思科技,不推送,下个交易日主盯,85.09,2026-06-03,0,common_index_cache,1,-1.69,-0.81,-1.69,1.76,-1.69,,,,,,post_close,2026-06-03 15:00:00,人气Top50；当日强涨；温和放量；近5日趋势升温；站上20日线且不过热；持续霸榜；震荡市里保持相对强势；v4多头排列技术加分,热度可能进入后段；v4乖离率过大；v4远离短中期均线；v4长上影承接转弱,v4
2026-06-03,2026-05-27,次日已审,快策略候选,优先走弱,priority_failed,下个交易日主盯 未兑现，复盘风险项：近5日趋势未确认；热度可能进入后段,7,603629,利通电子,不推送,下个交易日主盯,83.73,2026-06-03,0,common_index_cache,1,-3.59,-1.8,-3.59,1.83,-3.59,,,,,,post_close,2026-06-03 15:00:00,人气Top10；当日上涨；收在日内高位；温和放量；站上20日线且不过热；持续霸榜；震荡市里保持相对强势；震荡市里承接未失控,近5日趋势未确认；热度可能进入后段,v4
2026-06-03,2026-05-27,次日已审,快策略候选,优先走弱,priority_failed,下个交易日主盯 未兑现，复盘风险项：后段人气股在偏弱环境里更谨慎；v4乖离率过大；v4远离短中期均线；涨停封板不可买,65,688498,源杰科技,观察池,下个交易日主盯,80.59,2026-06-03,0,common_index_cache,1,-2.21,-3.91,-2.21,0.07,-2.21,,,,,,post_close,2026-06-03 15:00:00,当日涨停附近；收盘承接较强；温和放量；近5日趋势升温；站上20日线且不过热；震荡市里保持相对强势；震荡市里承接未失控；v4多头排列技术加分,后段人气股在偏弱环境里更谨慎；v4乖离率过大；v4远离短中期均线；涨停封板不可买,v4
2026-06-03,2026-05-27,次日已审,快策略候选,优先走弱,priority_failed,下个交易日主盯 未兑现，复盘风险项：近5日趋势未确认；热度可能进入后段；Top3高热度拥挤，次日兑现风险；v4长上影承接转弱,3,600584,长电科技,不推送,下个交易日主盯,78.22,2026-06-03,0,common_index_cache,1,-0.06,-1.41,-0.06,2.16,-0.06,,,,,,post_close,2026-06-03 15:00:00,人气Top3；当日上涨；温和放量；站上20日线且不过热；持续霸榜；震荡市里保持相对强势；v4多头排列技术加分,近5日趋势未确认；热度可能进入后段；Top3高热度拥挤，次日兑现风险；v4长上影承接转弱,v4
2026-06-03,2026-05-27,次日已审,快策略候选,优先走弱,priority_failed,下个交易日主盯 未兑现，复盘风险项：后段人气股在偏弱环境里更谨慎；v4乖离率过大；v4远离短中期均线；涨停封板不可买,60,301418,协昌科技,观察池,下个交易日主盯,77.88,2026-06-03,0,common_index_cache,1,-4.38,-9.98,-4.38,-3.4,-4.38,,,,,,post_close,2026-06-03 15:00:00,当日涨停附近；收在日内高位；温和放量；近5日趋势升温；站上20日线且不过热；震荡市里保持相对强势；震荡市里承接未失控,后段人气股在偏弱环境里更谨慎；v4乖离率过大；v4远离短中期均线；涨停封板不可买,v4
2026-06-03,2026-05-27,次日已审,快策略候选,优先走弱,priority_failed,下个交易日主盯 未兑现，复盘风险项：热度可能进入后段；后段人气股在偏弱环境里更谨慎；v4趋势未转强且热度偏后,55,600021,上海电力,不推送,下个交易日主盯,73.98,2026-06-03,0,common_index_cache,1,-5.08,-2.21,-5.08,-1.1,-5.08,,,,,,post_close,2026-06-03 15:00:00,当日上涨；收在日内高位；温和放量；站上20日线且不过热；持续霸榜；人气排名明显上升；震荡市里保持相对强势；震荡市里承接未失控,热度可能进入后段；后段人气股在偏弱环境里更谨慎；v4趋势未转强且热度偏后,v4
2026-06-03,2026-05-27,次日已审,快策略候选,优先走弱,priority_failed,下个交易日主盯 未兑现，复盘风险项：短线涨幅偏高；v4乖离率过大；v4远离短中期均线；v4长上影承接转弱,41,600869,远东股份,不推送,下个交易日主盯,71.94,2026-06-03,0,common_index_cache,1,-1.49,-1.49,-1.49,1.3,-1.49,,,,,,post_close,2026-06-03 15:00:00,人气Top50；当日上涨；温和放量；近5日强势延续；站上20日线且不过热；连续上榜确认；人气排名明显上升；震荡市里保持相对强势；v4多头排列技术加分,短线涨幅偏高；v4乖离率过大；v4远离短中期均线；v4长上影承接转弱,v4
2026-06-03,2026-05-27,次日已审,快策略候选,优先走弱,priority_failed,下个交易日主盯 未兑现，复盘风险项：后段人气股在偏弱环境里更谨慎；v4乖离率过大；v4远离短中期均线；涨停封板不可买,79,600310,广西能源,观察池,下个交易日主盯,70.78,2026-06-03,0,common_index_cache,1,-0.94,6.93,-0.94,10.08,-0.94,,,,,,post_close,2026-06-03 15:00:00,当日涨停附近；收在日内高位；近5日趋势升温；站上20日线且不过热；震荡市里保持相对强势；震荡市里承接未失控；v4多头排列技术加分；v4沿短均线抬升,后段人气股在偏弱环境里更谨慎；v4乖离率过大；v4远离短中期均线；涨停封板不可买,v4
2026-06-03,2026-05-27,次日已审,快策略候选,优先走弱,priority_failed,下个交易日主盯 未兑现，复盘风险项：人气排名明显回落；v4远离短中期均线；v4长上影承接转弱；v4正涨但收盘承接一般,47,600011,华能国际,不推送,下个交易日主盯,69.69,2026-06-03,0,common_index_cache,1,-4.16,-2.41,-4.16,-0.77,-4.16,,,,,,post_close,2026-06-03 15:00:00,人气Top50；温和放量；近5日趋势升温；站上20日线且不过热；连续上榜确认；震荡市里保持相对强势；v4多头排列技术加分,人气排名明显回落；v4远离短中期均线；v4长上影承接转弱；v4正涨但收盘承接一般,v4
2026-06-03,2026-05-27,次日已审,快策略候选,优先走弱,priority_failed,下个交易日主盯 未兑现，复盘风险项：上影线偏长；v4乖离率过大；v4远离短中期均线；v4长上影承接转弱；v4正涨但收盘承接一般,33,000601,韶能股份,不推送,下个交易日主盯,62.78,2026-06-03,0,common_index_cache,1,-7.53,-4.84,-7.53,-1.51,-7.53,,,,,,post_close,2026-06-03 15:00:00,人气Top50；当日上涨；温和放量；近5日趋势升温；站上20日线且不过热；连续上榜确认；人气排名明显上升；震荡市里保持相对强势；v4多头排列技术加分,上影线偏长；v4乖离率过大；v4远离短中期均线；v4长上影承接转弱；v4正涨但收盘承接一般,v4
2026-06-03,2026-05-27,次日已审,快策略候选,优先走弱,priority_failed,下个交易日主盯 未兑现，复盘风险项：当日转弱；收盘承接偏弱；热度可能进入后段；v4乖离率过大；v4长上影承接转弱,40,002421,达实智能,不推送,下个交易日主盯,61.59,2026-06-03,0,common_index_cache,1,-2.87,-0.2,-2.87,4.1,-2.87,,,,,,post_close,2026-06-03 15:00:00,人气Top50；温和放量；近5日趋势升温；站上20日线且不过热；持续霸榜；震荡市里保持相对强势；v4多头排列技术加分,当日转弱；收盘承接偏弱；热度可能进入后段；v4乖离率过大；v4长上影承接转弱,v4
2026-06-03,2026-05-27,次日已审,快策略候选,优先走弱,priority_failed,下个交易日主盯 未兑现，复盘风险项：收盘承接偏弱；上影线偏长；v4乖离率过大；v4远离短中期均线；v4长上影承接转弱；v4正涨但收盘承接一般,46,300394,天孚通信,不推送,下个交易日主盯,60.98,2026-06-03,0,common_index_cache,1,-3.4,-3.71,-3.4,-1.22,-3.4,,,,,,post_close,2026-06-03 15:00:00,人气Top50；当日强涨；温和放量；近5日趋势升温；站上20日线且不过热；连续上榜确认；人气排名明显上升；震荡市里保持相对强势；v4多头排列技术加分,收盘承接偏弱；上影线偏长；v4乖离率过大；v4远离短中期均线；v4长上影承接转弱；v4正涨但收盘承接一般,v4
2026-06-03,2026-05-27,次日已审,快策略候选,优先走弱,priority_failed,下个交易日主盯 未兑现，复盘风险项：当日转弱；v4短线偏离MA5过多；v4远离短中期均线,36,000767,晋控电力,不推送,下个交易日主盯,59.03,2026-06-03,0,common_index_cache,1,-5.44,-6.1,-5.44,-1.65,-5.44,,,,,,post_close,2026-06-03 15:00:00,人气Top50；温和放量；近5日趋势升温；站上20日线且不过热；连续上榜确认；震荡市里保持相对强势；v4多头排列技术加分,当日转弱；v4短线偏离MA5过多；v4远离短中期均线,v4
2026-06-03,2026-05-27,次日已审,快策略候选,暂未强势,neutral,继续等待更多交易日或降低权重。,39,600105,永鼎股份,观察池,下个交易日主盯,112.98,2026-06-03,0,common_index_cache,1,4.56,-1.77,4.56,5.84,4.56,,,,,,post_close,2026-06-03 15:00:00,人气Top50；当日涨停附近；收在日内高位；温和放量；近5日趋势升温；站上20日线且不过热；持续霸榜；震荡市里保持相对强势；震荡市里承接未失控,热度可能进入后段；v4短线偏离MA5过多；v4趋势未转强且热度偏后；涨停封板不可买,v4
2026-06-03,2026-05-27,次日已审,快策略候选,暂未强势,neutral,继续等待更多交易日或降低权重。,9,600578,京能电力,观察池,下个交易日主盯,109.98,2026-06-03,0,common_index_cache,1,0.21,1.71,0.21,6.64,0.21,,,,,,post_close,2026-06-03 15:00:00,人气Top10；当日涨停附近；收在日内高位；温和放量；站上20日线且不过热；持续霸榜；人气排名明显上升；震荡市里保持相对强势；震荡市里承接未失控；v4多头排列技术加分,近5日趋势未确认；热度可能进入后段；v4短线偏离MA5过多；涨停封板不可买,v4
2026-06-03,2026-05-27,次日已审,快策略候选,暂未强势,neutral,继续等待更多交易日或降低权重。,13,002156,通富微电,观察池,下个交易日主盯,109.83,2026-06-03,0,common_index_cache,1,1.25,-0.3,1.25,3.25,1.25,,,,,,post_close,2026-06-03 15:00:00,人气Top20；当日涨停附近；收在日内高位；温和放量；站上20日线且不过热；持续霸榜；人气排名明显上升；震荡市里保持相对强势；震荡市里承接未失控,近5日趋势未确认；热度可能进入后段；v4乖离率过大；涨停封板不可买,v4
2026-06-03,2026-05-27,次日已审,快策略候选,暂未强势,neutral,继续等待更多交易日或降低权重。,2,600396,华电辽能,观察池,下个交易日主盯,107.46,2026-06-03,0,common_index_cache,1,2.95,-2.53,2.95,3.56,2.95,,,,,,post_close,2026-06-03 15:00:00,人气Top3；当日涨停附近；收在日内高位；温和放量；近5日趋势升温；持续霸榜；人气排名明显上升；震荡市里保持相对强势；震荡市里承接未失控；v4多头排列技术加分；v4沿短均线抬升,偏离20日线较大；热度可能进入后段；Top3高热度拥挤，次日兑现风险；v4乖离率过大；v4远离短中期均线；涨停封板不可买,v4
2026-06-03,2026-05-27,次日已审,快策略候选,暂未强势,neutral,继续等待更多交易日或降低权重。,22,001896,豫能控股,观察池,下个交易日主盯,105.78,2026-06-03,0,common_index_cache,1,10.01,7.82,10.01,10.01,10.01,,,,,,post_close,2026-06-03 15:00:00,人气Top50；当日涨停附近；收在日内高位；近5日强势延续；站上20日线且不过热；持续霸榜；人气排名明显上升；震荡市里保持相对强势；震荡市里承接未失控；v4多头排列技术加分,短线涨幅偏高；热度可能进入后段；v4乖离率过大；v4远离短中期均线；涨停封板不可买,v4
2026-06-03,2026-05-27,次日已审,快策略候选,暂未强势,neutral,继续等待更多交易日或降低权重。,14,300308,中际旭创,重点观察,下个交易日主盯,105.63,2026-06-03,0,common_index_cache,1,0.39,-1.96,0.39,1.18,0.39,,,,,,post_close,2026-06-03 15:00:00,人气Top20；当日上涨；收盘承接较强；温和放量；近5日趋势升温；站上20日线且不过热；持续霸榜；人气排名明显上升；震荡市里保持相对强势；震荡市里承接未失控；v4多头排列技术加分；v4沿短均线抬升,热度可能进入后段,v4
2026-06-03,2026-05-27,次日已审,快策略候选,暂未强势,neutral,继续等待更多交易日或降低权重。,28,601869,长飞光纤,不推送,下个交易日主盯,89.43,2026-06-03,0,common_index_cache,1,2.45,-2.27,2.45,5.62,2.45,,,,,,post_close,2026-06-03 15:00:00,人气Top50；当日强涨；收盘承接较强；温和放量；近5日趋势升温；站上20日线且不过热；连续上榜确认；震荡市里保持相对强势；震荡市里承接未失控,v4乖离率过大；v4远离短中期均线,v4
2026-06-03,2026-05-27,次日已审,快策略候选,暂未强势,neutral,继续等待更多交易日或降低权重。,68,601208,东材科技,观察池,下个交易日主盯,83.28,2026-06-03,0,common_index_cache,1,5.51,-1.84,5.51,7.1,5.51,,,,,,post_close,2026-06-03 15:00:00,当日涨停附近；收在日内高位；温和放量；近5日趋势升温；站上20日线且不过热；震荡市里保持相对强势；震荡市里承接未失控；v4多头排列技术加分,后段人气股在偏弱环境里更谨慎；v4乖离率过大；v4远离短中期均线；涨停封板不可买,v4
2026-06-03,2026-05-27,次日已审,快策略候选,暂未强势,neutral,继续等待更多交易日或降低权重。,5,600487,亨通光电,观察池,下个交易日主盯,79.58,2026-06-03,0,common_index_cache,1,7.04,1.72,7.04,8.27,7.04,,,,,,post_close,2026-06-03 15:00:00,人气Top10；当日涨停附近；收在日内高位；近5日强势延续；站上20日线且不过热；持续霸榜；震荡市里保持相对强势；震荡市里承接未失控；v4多头排列技术加分,量能不足；短线涨幅偏高；热度可能进入后段；v4乖离率过大；v4远离短中期均线；涨停封板不可买,v4
2026-06-03,2026-05-27,次日已审,快策略候选,暂未强势,neutral,继续等待更多交易日或降低权重。,71,002951,金时科技,观察池,下个交易日主盯,77.44,2026-06-03,0,common_index_cache,1,9.98,-5.01,9.98,9.98,9.98,,,,,,post_close,2026-06-03 15:00:00,当日涨停附近；收在日内高位；放量仍可控；近5日强势延续；站上20日线且不过热；震荡市里保持相对强势；震荡市里承接未失控；v4多头排列技术加分,短线涨幅偏高；后段人气股在偏弱环境里更谨慎；v4乖离率过大；v4远离短中期均线；涨停封板不可买,v4
2026-06-03,2026-05-27,次日已审,快策略候选,暂未强势,neutral,继续等待更多交易日或降低权重。,18,600726,华电能源,不推送,下个交易日主盯,71.48,2026-06-03,0,common_index_cache,1,7.0,-4.22,7.0,9.99,7.0,,,,,,post_close,2026-06-03 15:00:00,人气Top20；温和放量；近5日趋势升温；站上20日线且不过热；持续霸榜；人气排名明显上升；震荡市里保持相对强势,当日转弱；热度可能进入后段；v4远离短中期均线,v4
2026-06-03,2026-05-27,次日已审,快策略候选,暂未强势,neutral,继续等待更多交易日或降低权重。,45,600367,红星发展,观察池,下个交易日主盯,68.98,2026-06-03,0,common_index_cache,1,9.97,5.9,9.97,9.97,9.97,,,,,,post_close,2026-06-03 15:00:00,人气Top50；当日涨停附近；收在日内高位；近5日强势延续；连续上榜确认；人气排名明显上升；震荡市里保持相对强势；震荡市里承接未失控；v4多头排列技术加分,量能不足；短线涨幅偏高；远离20日线过多；v4乖离率过大；v4远离短中期均线；涨停封板不可买,v4
2026-06-03,2026-05-27,次日已审,快策略候选,暂未强势,neutral,继续等待更多交易日或降低权重。,89,000600,建投能源,不推送,下个交易日主盯,66.48,2026-06-03,0,common_index_cache,1,0.96,-3.61,0.96,4.26,0.96,,,,,,post_close,2026-06-03 15:00:00,当日上涨；收盘承接较强；温和放量；近5日趋势升温；站上20日线且不过热；震荡市里保持相对强势；震荡市里承接未失控；v4多头排列技术加分；v4沿短均线抬升,后段人气股在偏弱环境里更谨慎；v4远离短中期均线,v4
2026-06-03,2026-05-27,次日已审,快策略候选,暂未强势,neutral,继续等待更多交易日或降低权重。,16,002185,华天科技,不推送,下个交易日主盯,59.19,2026-06-03,0,common_index_cache,1,0.52,-2.61,0.52,1.77,0.52,,,,,,post_close,2026-06-03 15:00:00,人气Top20；当日上涨；温和放量；站上20日线且不过热；持续霸榜；震荡市里保持相对强势,近5日趋势未确认；热度可能进入后段；上影线偏长；v4长上影承接转弱；v4正涨但收盘承接一般,v4
2026-06-02,2026-05-26,次日已审,快策略候选,优先成功,priority_success,下个交易日主盯 后续最高表现达到 17.75%，保留这类命中特征。,10,600487,亨通光电,观察池,下个交易日主盯,92.78,2026-06-02,0,common_index_cache,2,17.75,8.28,10.0,10.0,10.0,,,,,,post_close,2026-06-02 15:00:00,人气Top10；当日涨停附近；收在日内高位；温和放量；近5日趋势升温；站上20日线且不过热；持续霸榜；人气排名明显上升；市场强势且个股相对强势,热度可能进入后段；v4乖离率过大；v4远离短中期均线；涨停封板不可买,v4
2026-06-02,2026-05-26,次日已审,快策略候选,优先走弱,priority_failed,下个交易日主盯 未兑现，复盘风险项：v4短线偏离MA5过多；v4远离短中期均线,31,603256,宏和科技,普通观察,下个交易日主盯,96.43,2026-06-02,0,common_index_cache,2,-1.91,-1.91,-0.72,4.46,-0.72,,,,,,post_close,2026-06-02 15:00:00,人气Top50；当日强涨；收在日内高位；温和放量；近5日趋势升温；站上20日线且不过热；人气排名明显上升；市场强势且个股相对强势；v4多头排列技术加分；v4沿短均线抬升,v4短线偏离MA5过多；v4远离短中期均线,v4
2026-06-02,2026-05-26,次日已审,快策略候选,优先走弱,priority_failed,下个交易日主盯 未兑现，复盘风险项：v4乖离率过大；v4远离短中期均线,30,002436,兴森科技,不推送,下个交易日主盯,89.68,2026-06-02,0,common_index_cache,2,-3.2,0.26,-5.68,0.9,-5.68,,,,,,post_close,2026-06-02 15:00:00,人气Top50；当日强涨；收在日内高位；温和放量；近5日趋势升温；站上20日线且不过热；市场强势且个股相对强势；v4多头排列技术加分,v4乖离率过大；v4远离短中期均线,v4
2026-06-02,2026-05-26,次日已审,快策略候选,优先走弱,priority_failed,下个交易日主盯 未兑现，复盘风险项：短线涨幅偏高；热度可能进入后段；Top3高热度拥挤，次日兑现风险；v4乖离率过大；v4远离短中期均线；涨停封板不可买,1,601991,大唐发电,观察池,下个交易日主盯,88.96,2026-06-02,0,common_index_cache,2,-4.03,-9.37,-0.87,8.06,-0.87,,,,,,post_close,2026-06-02 15:00:00,人气Top3；当日涨停附近；收在日内高位；温和放量；近5日强势延续；站上20日线且不过热；持续霸榜；市场强势且个股相对强势；v4多头排列技术加分,短线涨幅偏高；热度可能进入后段；Top3高热度拥挤，次日兑现风险；v4乖离率过大；v4远离短中期均线；涨停封板不可买,v4
2026-06-02,2026-05-26,次日已审,快策略候选,优先走弱,priority_failed,下个交易日主盯 未兑现，复盘风险项：短线涨幅偏高；v4乖离率过大；v4远离短中期均线；涨停封板不可买,77,300620,光库科技,观察池,下个交易日主盯,88.63,2026-06-02,0,common_index_cache,2,-0.24,4.06,5.32,9.68,5.32,,,,,,post_close,2026-06-02 15:00:00,当日涨停附近；收在日内高位；温和放量；近5日强势延续；站上20日线且不过热；市场强势且个股相对强势；v4多头排列技术加分,短线涨幅偏高；v4乖离率过大；v4远离短中期均线；涨停封板不可买,v4
2026-06-02,2026-05-26,次日已审,快策略候选,优先走弱,priority_failed,下个交易日主盯 未兑现，复盘风险项：热度可能进入后段；v4乖离率过大；v4远离短中期均线,4,601138,工业富联,普通观察,下个交易日主盯,87.58,2026-06-02,0,common_index_cache,2,-1.82,-0.07,1.3,6.17,1.3,,,,,,post_close,2026-06-02 15:00:00,人气Top10；当日强涨；收盘承接较强；温和放量；近5日趋势升温；站上20日线且不过热；持续霸榜；人气排名明显上升；市场强势且个股相对强势；v4多头排列技术加分；v4沿短均线抬升,热度可能进入后段；v4乖离率过大；v4远离短中期均线,v4
2026-06-02,2026-05-26,次日已审,快策略候选,优先走弱,priority_failed,下个交易日主盯 未兑现，复盘风险项：偏离20日线较大；热度可能进入后段；v4乖离率过大；v4远离短中期均线；涨停封板不可买,25,002421,达实智能,观察池,下个交易日主盯,86.48,2026-06-02,0,common_index_cache,2,-4.63,-1.81,-1.81,2.62,-1.81,,,,,,post_close,2026-06-02 15:00:00,人气Top50；当日涨停附近；收在日内高位；温和放量；近5日趋势升温；持续霸榜；人气排名明显上升；市场强势且个股相对强势；v4多头排列技术加分,偏离20日线较大；热度可能进入后段；v4乖离率过大；v4远离短中期均线；涨停封板不可买,v4
2026-06-02,2026-05-26,次日已审,快策略候选,优先走弱,priority_failed,下个交易日主盯 未兑现，复盘风险项：v4乖离率过大；v4远离短中期均线；涨停封板不可买,73,300184,力源信息,观察池,下个交易日主盯,86.38,2026-06-02,0,common_index_cache,2,-0.66,0.05,-2.35,2.57,-2.35,,,,,,post_close,2026-06-02 15:00:00,当日涨停附近；温和放量；近5日趋势升温；站上20日线且不过热；市场强势且个股相对强势；v4多头排列技术加分；v4沿短均线抬升,v4乖离率过大；v4远离短中期均线；涨停封板不可买,v4
2026-06-02,2026-05-26,次日已审,快策略候选,优先走弱,priority_failed,下个交易日主盯 未兑现，复盘风险项：v4乖离率过大；v4远离短中期均线；涨停封板不可买,65,000601,韶能股份,观察池,下个交易日主盯,85.58,2026-06-02,0,common_index_cache,2,-4.34,-2.45,3.45,10.01,3.45,,,,,,post_close,2026-06-02 15:00:00,当日涨停附近；收在日内高位；温和放量；近5日趋势升温；站上20日线且不过热；人气排名明显上升；市场强势且个股相对强势；v4多头排列技术加分,v4乖离率过大；v4远离短中期均线；涨停封板不可买,v4
2026-06-02,2026-05-26,次日已审,快策略候选,优先走弱,priority_failed,下个交易日主盯 未兑现，复盘风险项：v4趋势未转强且热度偏后,38,002594,比亚迪,不推送,下个交易日主盯,82.48,2026-06-02,0,common_index_cache,2,-3.43,-0.79,-2.0,-0.79,-2.0,,,,,,post_close,2026-06-02 15:00:00,人气Top50；当日上涨；收在日内高位；温和放量；连续上榜确认；市场强势且个股相对强势,v4趋势未转强且热度偏后,v4
2026-06-02,2026-05-26,次日已审,快策略候选,优先走弱,priority_failed,下个交易日主盯 未兑现，复盘风险项：短线涨幅偏高；偏离20日线较大；热度可能进入后段；v4乖离率过大；v4远离短中期均线；涨停封板不可买,9,002579,中京电子,观察池,下个交易日主盯,80.73,2026-06-02,0,common_index_cache,2,-0.72,-2.7,-6.31,5.39,-6.31,,,,,,post_close,2026-06-02 15:00:00,人气Top10；当日涨停附近；收在日内高位；温和放量；近5日强势延续；持续霸榜；市场强势且个股相对强势；v4多头排列技术加分,短线涨幅偏高；偏离20日线较大；热度可能进入后段；v4乖离率过大；v4远离短中期均线；涨停封板不可买,v4
2026-06-02,2026-05-26,次日已审,快策略候选,优先走弱,priority_failed,下个交易日主盯 未兑现，复盘风险项：近5日趋势未确认,43,601899,紫金矿业,不推送,下个交易日主盯,80.68,2026-06-02,0,common_index_cache,2,-3.93,-1.8,-0.98,0.76,-0.98,,,,,,post_close,2026-06-02 15:00:00,人气Top50；当日上涨；收在日内高位；温和放量；人气排名明显上升；市场强势且个股相对强势,近5日趋势未确认,v4
2026-06-02,2026-05-26,次日已审,快策略候选,优先走弱,priority_failed,下个交易日主盯 未兑现，复盘风险项：v4乖离率过大；涨停封板不可买,54,600362,江西铜业,观察池,下个交易日主盯,71.88,2026-06-02,0,common_index_cache,2,-3.01,2.15,1.14,4.21,1.14,,,,,,post_close,2026-06-02 15:00:00,当日涨停附近；收在日内高位；放量仍可控；站上20日线且不过热；市场强势且个股相对强势,v4乖离率过大；涨停封板不可买,v4
2026-06-02,2026-05-26,次日已审,快策略候选,优先走弱,priority_failed,下个交易日主盯 未兑现，复盘风险项：v4乖离率过大；v4远离短中期均线；涨停封板不可买,74,000960,锡业股份,观察池,下个交易日主盯,70.98,2026-06-02,0,common_index_cache,2,-3.13,1.48,1.3,4.1,1.3,,,,,,post_close,2026-06-02 15:00:00,当日涨停附近；收在日内高位；温和放量；站上20日线且不过热；市场强势且个股相对强势,v4乖离率过大；v4远离短中期均线；涨停封板不可买,v4
2026-06-02,2026-05-26,次日已审,快策略候选,优先走弱,priority_failed,下个交易日主盯 未兑现，复盘风险项：v4短线偏离MA5过多,84,000630,铜陵有色,不推送,下个交易日主盯,70.93,2026-06-02,0,common_index_cache,2,-5.51,-1.84,-0.14,3.11,-0.14,,,,,,post_close,2026-06-02 15:00:00,当日上涨；收盘承接较强；温和放量；站上20日线且不过热；市场强势且个股相对强势；v4多头排列技术加分；v4沿短均线抬升,v4短线偏离MA5过多,v4
2026-06-02,2026-05-26,次日已审,快策略候选,优先走弱,priority_failed,下个交易日主盯 未兑现，复盘风险项：近5日趋势未确认；v4短线偏离MA5过多,58,603993,洛阳钼业,不推送,下个交易日主盯,70.03,2026-06-02,0,common_index_cache,2,-5.07,-1.06,0.76,2.08,0.76,,,,,,post_close,2026-06-02 15:00:00,当日强涨；收在日内高位；温和放量；站上20日线且不过热；人气排名明显上升；市场强势且个股相对强势,近5日趋势未确认；v4短线偏离MA5过多,v4
2026-06-02,2026-05-26,次日已审,快策略候选,暂未强势,neutral,继续等待更多交易日或降低权重。,37,601869,长飞光纤,观察池,下个交易日主盯,107.38,2026-06-02,0,common_index_cache,2,11.54,3.49,8.87,10.0,8.87,,,,,,post_close,2026-06-02 15:00:00,人气Top50；当日涨停附近；收在日内高位；温和放量；近5日趋势升温；站上20日线且不过热；人气排名明显上升；市场强势且个股相对强势,v4乖离率过大；涨停封板不可买,v4
2026-06-02,2026-05-26,次日已审,快策略候选,暂未强势,neutral,继续等待更多交易日或降低权重。,36,603618,杭电股份,观察池,下个交易日主盯,104.38,2026-06-02,0,common_index_cache,2,3.17,4.0,3.57,7.01,3.57,,,,,,post_close,2026-06-02 15:00:00,人气Top50；当日涨停附近；收在日内高位；温和放量；近5日趋势升温；站上20日线且不过热；连续上榜确认；人气排名明显上升；市场强势且个股相对强势；v4多头排列技术加分,v4乖离率过大；涨停封板不可买,v4
2026-06-02,2026-05-26,次日已审,快策略候选,暂未强势,neutral,继续等待更多交易日或降低权重。,19,300502,新易盛,观察池,下个交易日主盯,102.58,2026-06-02,0,common_index_cache,2,3.87,1.74,4.72,9.23,4.72,,,,,,post_close,2026-06-02 15:00:00,人气Top20；当日涨停附近；收在日内高位；温和放量；近5日趋势升温；站上20日线且不过热；人气排名明显上升；市场强势且个股相对强势；v4多头排列技术加分；v4沿短均线抬升,v4乖离率过大；v4远离短中期均线；涨停封板不可买,v4
2026-06-02,2026-05-26,次日已审,快策略候选,暂未强势,neutral,继续等待更多交易日或降低权重。,16,600667,太极实业,观察池,下个交易日主盯,92.38,2026-06-02,0,common_index_cache,2,9.5,0.4,-0.47,4.42,-0.47,,,,,,post_close,2026-06-02 15:00:00,人气Top20；当日涨停附近；收在日内高位；温和放量；近5日趋势升温；站上20日线且不过热；连续上榜确认；人气排名明显上升；市场强势且个股相对强势；v4多头排列技术加分,v4乖离率过大；v4远离短中期均线；涨停封板不可买,v4
2026-06-02,2026-05-26,次日已审,快策略候选,暂未强势,neutral,继续等待更多交易日或降低权重。,20,600105,永鼎股份,观察池,下个交易日主盯,91.93,2026-06-02,0,common_index_cache,2,9.41,2.78,4.64,10.0,4.64,,,,,,post_close,2026-06-02 15:00:00,人气Top20；当日涨停附近；收在日内高位；温和放量；近5日趋势升温；站上20日线且不过热；持续霸榜；人气排名明显上升；市场强势且个股相对强势,热度可能进入后段；v4短线偏离MA5过多；涨停封板不可买,v4
2026-06-02,2026-05-26,次日已审,快策略候选,暂未强势,neutral,继续等待更多交易日或降低权重。,64,600869,远东股份,观察池,下个交易日主盯,91.78,2026-06-02,0,common_index_cache,2,4.83,2.45,6.41,10.01,6.41,,,,,,post_close,2026-06-02 15:00:00,当日涨停附近；收在日内高位；温和放量；近5日趋势升温；站上20日线且不过热；市场强势且个股相对强势；v4多头排列技术加分,v4乖离率过大；v4远离短中期均线；涨停封板不可买,v4
2026-06-02,2026-05-26,次日已审,快策略候选,暂未强势,neutral,继续等待更多交易日或降低权重。,78,605589,圣泉集团,观察池,下个交易日主盯,91.78,2026-06-02,0,common_index_cache,2,0.52,-1.46,0.98,5.23,0.98,,,,,,post_close,2026-06-02 15:00:00,当日涨停附近；收在日内高位；温和放量；近5日趋势升温；站上20日线且不过热；市场强势且个股相对强势；v4多头排列技术加分,v4乖离率过大；v4远离短中期均线；涨停封板不可买,v4
2026-06-02,2026-05-26,次日已审,快策略候选,暂未强势,neutral,继续等待更多交易日或降低权重。,51,002806,华锋股份,观察池,下个交易日主盯,85.93,2026-06-02,0,common_index_cache,2,1.72,-3.25,-7.53,-0.05,-7.53,,,,,,post_close,2026-06-02 15:00:00,当日涨停附近；收在日内高位；放量仍可控；近5日强势延续；站上20日线且不过热；市场强势且个股相对强势；v4多头排列技术加分,短线涨幅偏高；v4乖离率过大；v4远离短中期均线；涨停封板不可买,v4
2026-06-02,2026-05-26,次日已审,快策略候选,暂未强势,neutral,继续等待更多交易日或降低权重。,76,300285,国瓷材料,观察池,下个交易日主盯,84.58,2026-06-02,0,common_index_cache,2,9.5,1.59,3.46,7.44,3.46,,,,,,post_close,2026-06-02 15:00:00,当日涨停附近；收盘承接较强；温和放量；近5日趋势升温；市场强势且个股相对强势；v4多头排列技术加分,偏离20日线较大；v4乖离率过大；v4远离短中期均线；涨停封板不可买,v4
2026-06-02,2026-05-26,次日已审,快策略候选,暂未强势,neutral,继续等待更多交易日或降低权重。,26,300308,中际旭创,普通观察,下个交易日主盯,83.98,2026-06-02,0,common_index_cache,2,7.4,2.37,6.98,10.76,6.98,,,,,,post_close,2026-06-02 15:00:00,人气Top50；当日上涨；收盘承接较强；温和放量；近5日趋势升温；站上20日线且不过热；持续霸榜；市场强势且个股相对强势；v4多头排列技术加分；v4沿短均线抬升,热度可能进入后段,v4
2026-06-02,2026-05-26,次日已审,快策略候选,暂未强势,neutral,继续等待更多交易日或降低权重。,24,002491,通鼎互联,普通观察,下个交易日主盯,83.08,2026-06-02,0,common_index_cache,2,6.94,-0.32,-2.79,5.62,-2.79,,,,,,post_close,2026-06-02 15:00:00,人气Top50；当日强涨；收在日内高位；温和放量；近5日趋势升温；站上20日线且不过热；连续上榜确认；人气排名明显上升；市场强势且个股相对强势；v4多头排列技术加分,v4乖离率过大；v4远离短中期均线,v4
2026-06-02,2026-05-26,次日已审,快策略候选,暂未强势,neutral,继续等待更多交易日或降低权重。,11,002384,东山精密,观察池,下个交易日主盯,81.58,2026-06-02,0,common_index_cache,2,12.74,4.11,6.19,10.0,6.19,,,,,,post_close,2026-06-02 15:00:00,人气Top20；当日涨停附近；收在日内高位；温和放量；持续霸榜；市场强势且个股相对强势,近5日趋势未确认；热度可能进入后段；涨停封板不可买,v4
2026-06-02,2026-05-26,次日已审,快策略候选,暂未强势,neutral,继续等待更多交易日或降低权重。,47,600183,生益科技,不推送,下个交易日主盯,73.63,2026-06-02,0,common_index_cache,2,2.05,-2.32,0.01,4.55,0.01,,,,,,post_close,2026-06-02 15:00:00,人气Top50；当日上涨；收盘承接较强；温和放量；近5日趋势升温；持续霸榜；市场强势且个股相对强势；v4多头排列技术加分；v4沿短均线抬升,偏离20日线较大；热度可能进入后段；v4短线偏离MA5过多；v4远离短中期均线,v4
2026-06-02,2026-05-26,次日已审,快策略候选,暂未强势,neutral,继续等待更多交易日或降低权重。,50,002475,立讯精密,不推送,下个交易日主盯,71.38,2026-06-02,0,common_index_cache,2,0.8,1.35,1.08,5.41,1.08,,,,,,post_close,2026-06-02 15:00:00,人气Top50；当日上涨；收盘承接较强；温和放量；站上20日线且不过热；持续霸榜；人气排名明显上升；市场强势且个股相对强势,热度可能进入后段；v4趋势未转强且热度偏后,v4
2026-06-02,,次日已审,低层级强势反哺,普通/不推送走强,low_level_winner,不推送 后来走强，原因反哺：v4多头排列技术加分、人气Top50、市场强势且个股相对强势,32,001896,豫能控股,不推送,未入快策略,,2026-06-02,0,common_index_cache,2,21.04,-0.27,10.03,10.03,10.03,,,,,,post_close,2026-06-02 15:00:00,人气Top50；当日上涨；温和放量；近5日趋势升温；站上20日线且不过热；持续霸榜；市场强势且个股相对强势；v4多头排列技术加分,热度可能进入后段；人气排名明显回落；v4乖离率过大；v4远离短中期均线,v4
2026-06-01,2026-05-25,次日已审,快策略候选,优先成功,priority_success,下个交易日主盯 后续最高表现达到 29.05%，保留这类命中特征。,75,002951,金时科技,观察池,下个交易日主盯,72.05,2026-06-01,0,common_index_cache,3,27.78,-0.98,10.0,10.0,10.0,27.78,,29.05,,,post_close,2026-06-01 15:00:00,当日涨停附近；收在日内高位；温和放量；近5日趋势升温；站上20日线且不过热；弱市中个股相对抗跌；v4多头排列技术加分,后段人气股在偏弱环境里更谨慎；v4乖离率过大；v4远离短中期均线；涨停封板不可买,v4
2026-06-01,2026-05-25,次日已审,快策略候选,优先成功,priority_success,下个交易日主盯 后续最高表现达到 19.40%，保留这类命中特征。,74,603618,杭电股份,观察池,下个交易日主盯,66.65,2026-06-01,0,common_index_cache,3,13.37,-5.05,9.89,9.99,9.89,13.37,,19.4,,,post_close,2026-06-01 15:00:00,当日涨停附近；收在日内高位；温和放量；近5日趋势升温；站上20日线且不过热；连续上榜确认；弱市中个股相对抗跌,人气排名明显回落；后段人气股在偏弱环境里更谨慎；v4乖离率过大；v4远离短中期均线；v4趋势未转强且热度偏后；涨停封板不可买,v4
2026-06-01,2026-05-25,次日已审,快策略候选,优先成功,priority_success,下个交易日主盯 后续最高表现达到 28.96%，保留这类命中特征。,6,001896,豫能控股,不推送,下个交易日主盯,62.25,2026-06-01,0,common_index_cache,3,25.16,-2.95,3.4,6.97,3.4,25.16,,28.96,,,post_close,2026-06-01 15:00:00,人气Top10；当日上涨；温和放量；站上20日线且不过热；持续霸榜；人气排名明显上升,热度可能进入后段；弱市先收缩执行；弱市里的长连榜样本优先降权；v4长上影承接转弱,v4
2026-06-01,2026-05-25,次日已审,快策略候选,优先成功,priority_success,下个交易日主盯 后续最高表现达到 17.69%，保留这类命中特征。,45,603011,合锻智能,观察池,下个交易日主盯,55.14,2026-06-01,0,common_index_cache,3,17.69,2.99,5.76,7.37,5.76,17.69,,14.28,,,post_close,2026-06-01 15:00:00,人气Top50；当日涨停附近；收在日内高位；放量仍可控；近5日强势延续；站上20日线且不过热；弱市中个股相对抗跌,短线涨幅偏高；v4乖离率过大；v4远离短中期均线；涨停封板不可买,v4
2026-06-01,2026-05-25,次日已审,快策略候选,优先走弱,priority_failed,下个交易日主盯 未兑现，复盘风险项：短线涨幅偏高；热度可能进入后段；弱市里的长连榜样本优先降权；v4乖离率过大；v4远离短中期均线；涨停封板不可买,16,002181,粤传媒,观察池,下个交易日主盯,104.25,2026-06-01,0,common_index_cache,3,-15.58,-1.16,-10.02,-0.99,-10.02,-15.58,,-14.6,,,post_close,2026-06-01 15:00:00,人气Top20；当日涨停附近；收在日内高位；温和放量；近5日强势延续；站上20日线且不过热；持续霸榜；弱市中个股相对抗跌,短线涨幅偏高；热度可能进入后段；弱市里的长连榜样本优先降权；v4乖离率过大；v4远离短中期均线；涨停封板不可买,v4
2026-06-01,2026-05-25,次日已审,快策略候选,优先走弱,priority_failed,下个交易日主盯 未兑现，复盘风险项：v4乖离率过大；v4远离短中期均线；涨停封板不可买,19,000767,晋控电力,观察池,下个交易日主盯,101.79,2026-06-01,0,common_index_cache,3,-6.51,0.16,-0.49,7.49,-0.49,-6.51,,-6.67,,,post_close,2026-06-01 15:00:00,人气Top20；当日涨停附近；收在日内高位；温和放量；近5日趋势升温；站上20日线且不过热；人气排名明显上升；弱市中个股相对抗跌；v4多头排列技术加分,v4乖离率过大；v4远离短中期均线；涨停封板不可买,v4
2026-06-01,2026-05-25,次日已审,快策略候选,优先走弱,priority_failed,下个交易日主盯 未兑现，复盘风险项：短线涨幅偏高；v4乖离率过大；v4远离短中期均线；v4放量冲高过热；涨停封板不可买,3,600011,华能国际,观察池,下个交易日主盯,96.64,2026-06-01,0,common_index_cache,3,-10.35,-3.79,-6.86,-3.79,-6.86,-10.35,,-6.82,,,post_close,2026-06-01 15:00:00,人气Top3；当日涨停附近；收在日内高位；近5日强势延续；站上20日线且不过热；连续上榜确认；人气排名明显上升；弱市中个股相对抗跌；v4多头排列技术加分,短线涨幅偏高；v4乖离率过大；v4远离短中期均线；v4放量冲高过热；涨停封板不可买,v4
2026-06-01,2026-05-25,次日已审,快策略候选,优先走弱,priority_failed,下个交易日主盯 未兑现，复盘风险项：近5日趋势未确认；仍在20日线下方；热度可能进入后段；弱市里的长连榜样本优先降权；涨停封板不可买,18,603778,国晟科技,观察池,下个交易日主盯,95.8,2026-06-01,0,common_index_cache,3,-1.69,-2.45,-0.6,7.67,-0.6,-1.69,,0.78,,,post_close,2026-06-01 15:00:00,人气Top20；当日涨停附近；收在日内高位；温和放量；持续霸榜；人气排名明显上升；弱市中个股相对抗跌,近5日趋势未确认；仍在20日线下方；热度可能进入后段；弱市里的长连榜样本优先降权；涨停封板不可买,v4
2026-06-01,2026-05-25,次日已审,快策略候选,优先走弱,priority_failed,下个交易日主盯 未兑现，复盘风险项：v4乖离率过大；v4远离短中期均线；v4放量冲高过热；涨停封板不可买,7,002081,金螳螂,观察池,下个交易日主盯,95.29,2026-06-01,0,common_index_cache,3,-8.85,3.24,1.03,9.59,1.03,-8.85,,-11.71,,,post_close,2026-06-01 15:00:00,人气Top10；当日涨停附近；收在日内高位；放量仍可控；近5日趋势升温；站上20日线且不过热；连续上榜确认；人气排名明显上升；弱市中个股相对抗跌,v4乖离率过大；v4远离短中期均线；v4放量冲高过热；涨停封板不可买,v4
2026-06-01,2026-05-25,次日已审,快策略候选,优先走弱,priority_failed,下个交易日主盯 未兑现，复盘风险项：v4短线偏离MA5过多,30,002354,天娱数科,普通观察,下个交易日主盯,91.14,2026-06-01,0,common_index_cache,3,-18.68,0.67,-9.95,0.81,-9.95,-18.68,,-19.23,,,post_close,2026-06-01 15:00:00,人气Top50；当日上涨；收在日内高位；温和放量；近5日趋势升温；站上20日线且不过热；人气排名明显上升；弱市中个股相对抗跌；v4多头排列技术加分；v4放量突破但不过热；v4沿短均线抬升,v4短线偏离MA5过多,v4
2026-06-01,2026-05-25,次日已审,快策略候选,优先走弱,priority_failed,下个交易日主盯 未兑现，复盘风险项：v4乖离率过大；涨停封板不可买,26,002580,圣阳股份,观察池,下个交易日主盯,90.09,2026-06-01,0,common_index_cache,3,-13.55,4.83,0.94,6.66,0.94,-13.55,,-17.54,,,post_close,2026-06-01 15:00:00,人气Top50；当日涨停附近；收在日内高位；近5日趋势升温；连续上榜确认；人气排名明显上升；弱市中个股相对抗跌,v4乖离率过大；涨停封板不可买,v4
2026-06-01,2026-05-25,次日已审,快策略候选,优先走弱,priority_failed,下个交易日主盯 未兑现，复盘风险项：短线涨幅偏高；偏离20日线较大；热度可能进入后段；弱市里的长连榜样本优先降权；v4乖离率过大；v4远离短中期均线,2,600863,华能蒙电,不推送,下个交易日主盯,84.85,2026-06-01,0,common_index_cache,3,-13.13,-5.43,-6.82,-4.17,-6.82,-13.13,,-8.14,,,post_close,2026-06-01 15:00:00,人气Top3；当日强涨；收盘承接较强；温和放量；近5日强势延续；持续霸榜；人气排名明显上升；弱市中个股相对抗跌；v4多头排列技术加分,短线涨幅偏高；偏离20日线较大；热度可能进入后段；弱市里的长连榜样本优先降权；v4乖离率过大；v4远离短中期均线,v4
2026-06-01,2026-05-25,次日已审,快策略候选,优先走弱,priority_failed,下个交易日主盯 未兑现，复盘风险项：v4乖离率过大；v4远离短中期均线；涨停封板不可买,39,600758,辽宁能源,观察池,下个交易日主盯,80.79,2026-06-01,0,common_index_cache,3,-0.78,0.78,1.74,10.08,1.74,-0.78,,-1.54,,,post_close,2026-06-01 15:00:00,人气Top50；当日涨停附近；收在日内高位；温和放量；近5日趋势升温；站上20日线且不过热；人气排名明显上升；弱市中个股相对抗跌,v4乖离率过大；v4远离短中期均线；涨停封板不可买,v4
2026-06-01,2026-05-25,次日已审,快策略候选,优先走弱,priority_failed,下个交易日主盯 未兑现，复盘风险项：v4乖离率过大,14,300058,蓝色光标,不推送,下个交易日主盯,79.19,2026-06-01,0,common_index_cache,3,-11.41,-1.34,-4.84,-1.28,-4.84,-11.41,,-10.21,,,post_close,2026-06-01 15:00:00,人气Top20；当日强涨；收盘承接较强；温和放量；近5日趋势升温；站上20日线且不过热；连续上榜确认；人气排名明显上升；弱市中个股相对抗跌,v4乖离率过大,v4
2026-06-01,2026-05-25,次日已审,快策略候选,优先走弱,priority_failed,下个交易日主盯 未兑现，复盘风险项：后段人气股在偏弱环境里更谨慎；v4短线偏离MA5过多；涨停封板不可买,72,600693,东百集团,观察池,下个交易日主盯,69.8,2026-06-01,0,common_index_cache,3,-8.39,-2.8,-0.09,3.45,-0.09,-8.39,,-5.75,,,post_close,2026-06-01 15:00:00,当日涨停附近；收在日内高位；温和放量；近5日趋势升温；弱市中个股相对抗跌,后段人气股在偏弱环境里更谨慎；v4短线偏离MA5过多；涨停封板不可买,v4
2026-06-01,2026-05-25,次日已审,快策略候选,优先走弱,priority_failed,下个交易日主盯 未兑现，复盘风险项：当日转弱；量能不足；热度可能进入后段；弱市里的长连榜样本优先降权,12,603629,利通电子,不推送,下个交易日主盯,59.1,2026-06-01,0,common_index_cache,3,-7.5,-10.0,-9.81,-3.07,-9.81,-7.5,,2.78,,,post_close,2026-06-01 15:00:00,人气Top20；收在日内高位；近5日趋势升温；站上20日线且不过热；持续霸榜；弱市中个股相对抗跌,当日转弱；量能不足；热度可能进入后段；弱市里的长连榜样本优先降权,v4
2026-06-01,2026-05-25,次日已审,快策略候选,优先走弱,priority_failed,下个交易日主盯 未兑现，复盘风险项：后段人气股在偏弱环境里更谨慎；v4乖离率过大；v4远离短中期均线,56,002606,大连电瓷,不推送,下个交易日主盯,56.15,2026-06-01,0,common_index_cache,3,-20.66,-4.09,-5.73,-3.52,-5.73,-20.66,,-17.28,,,post_close,2026-06-01 15:00:00,当日强涨；收在日内高位；温和放量；近5日趋势升温；站上20日线且不过热；弱市中个股相对抗跌；v4多头排列技术加分；v4沿短均线抬升,后段人气股在偏弱环境里更谨慎；v4乖离率过大；v4远离短中期均线,v4
2026-06-01,2026-05-25,次日已审,快策略候选,优先走弱,priority_failed,下个交易日主盯 未兑现，复盘风险项：后段人气股在偏弱环境里更谨慎；v4乖离率过大；涨停封板不可买,89,603296,华勤技术,观察池,下个交易日主盯,54.85,2026-06-01,0,common_index_cache,3,-2.21,3.96,6.46,8.25,6.46,-2.21,,-5.94,,,post_close,2026-06-01 15:00:00,当日涨停附近；收在日内高位；温和放量；站上20日线且不过热；弱市中个股相对抗跌,后段人气股在偏弱环境里更谨慎；v4乖离率过大；涨停封板不可买,v4
2026-06-01,2026-05-25,次日已审,快策略候选,暂未强势,neutral,继续等待更多交易日或降低权重。,15,002579,中京电子,观察池,下个交易日主盯,97.15,2026-06-01,0,common_index_cache,3,9.22,1.54,10.02,10.02,10.02,9.22,,7.57,,,post_close,2026-06-01 15:00:00,人气Top20；当日涨停附近；收在日内高位；温和放量；近5日强势延续；持续霸榜；弱市中个股相对抗跌；v4多头排列技术加分,短线涨幅偏高；偏离20日线较大；热度可能进入后段；弱市里的长连榜样本优先降权；v4乖离率过大；v4远离短中期均线；涨停封板不可买,v4
2026-06-01,2026-05-25,次日已审,快策略候选,暂未强势,neutral,继续等待更多交易日或降低权重。,35,002421,达实智能,观察池,下个交易日主盯,86.5,2026-06-01,0,common_index_cache,3,4.87,3.98,9.96,9.96,9.96,4.87,,0.85,,,post_close,2026-06-01 15:00:00,人气Top50；当日涨停附近；收在日内高位；站上20日线且不过热；持续霸榜；人气排名明显上升；弱市中个股相对抗跌；v4多头排列技术加分,近5日趋势未确认；热度可能进入后段；弱市里的长连榜样本优先降权；涨停封板不可买,v4
2026-06-01,2026-05-25,次日已审,快策略候选,暂未强势,neutral,继续等待更多交易日或降低权重。,31,603890,春秋电子,观察池,下个交易日主盯,79.89,2026-06-01,0,common_index_cache,3,7.59,10.0,10.0,10.0,10.0,7.59,,-2.2,,,post_close,2026-06-01 15:00:00,人气Top50；当日涨停附近；收在日内高位；近5日趋势升温；站上20日线且不过热；弱市中个股相对抗跌；v4多头排列技术加分；v4沿短均线抬升,v4乖离率过大；v4远离短中期均线；涨停封板不可买,v4
2026-06-01,2026-05-25,次日已审,快策略候选,暂未强势,neutral,继续等待更多交易日或降低权重。,83,000681,视觉中国,观察池,下个交易日主盯,66.65,2026-06-01,0,common_index_cache,3,2.43,2.3,2.38,5.08,2.38,2.43,,0.13,,,post_close,2026-06-01 15:00:00,当日涨停附近；收在日内高位；温和放量；近5日趋势升温；站上20日线且不过热；弱市中个股相对抗跌,后段人气股在偏弱环境里更谨慎；v4乖离率过大；v4远离短中期均线；涨停封板不可买,v4
2026-06-01,2026-05-25,次日已审,快策略候选,暂未强势,neutral,继续等待更多交易日或降低权重。,8,600578,京能电力,不推送,下个交易日主盯,64.05,2026-06-01,0,common_index_cache,3,10.9,-0.59,0.59,3.67,0.59,10.9,,11.56,,,post_close,2026-06-01 15:00:00,人气Top10；温和放量；近5日趋势升温；持续霸榜；v4多头排列技术加分；v4沿短均线抬升,偏离20日线较大；热度可能进入后段；弱市先收缩执行；弱市里的长连榜样本优先降权；v4远离短中期均线,v4
2026-06-01,2026-05-25,次日已审,快策略候选,暂未强势,neutral,继续等待更多交易日或降低权重。,1,601991,大唐发电,不推送,下个交易日主盯,62.7,2026-06-01,0,common_index_cache,3,5.26,-3.23,9.68,9.8,9.68,5.26,,8.77,,,post_close,2026-06-01 15:00:00,人气Top3；温和放量；近5日趋势升温；站上20日线且不过热；持续霸榜；v4多头排列技术加分,当日转弱；热度可能进入后段；弱市先收缩执行；弱市里的长连榜样本优先降权；v4短线偏离MA5过多；v4远离短中期均线,v4
2026-06-01,2026-05-25,次日已审,快策略候选,暂未强势,neutral,继续等待更多交易日或降低权重。,52,301236,软通动力,观察池,下个交易日主盯,54.85,2026-06-01,0,common_index_cache,3,4.87,4.44,6.94,10.74,6.94,4.87,,0.41,,,post_close,2026-06-01 15:00:00,当日涨停附近；收在日内高位；温和放量；站上20日线且不过热；弱市中个股相对抗跌,后段人气股在偏弱环境里更谨慎；v4乖离率过大；涨停封板不可买,v4
2026-06-01,2026-05-25,次日已审,快策略候选,暂未强势,neutral,继续等待更多交易日或降低权重。,25,600726,华电能源,观察池,下个交易日主盯,54.3,2026-06-01,0,common_index_cache,3,9.37,0.0,-2.74,1.58,-2.74,9.37,,9.37,,,post_close,2026-06-01 15:00:00,人气Top50；当日涨停附近；收在日内高位；温和放量；持续霸榜；人气排名明显上升；弱市中个股相对抗跌,短线涨幅过热；偏离20日线较大；热度可能进入后段；弱市里的长连榜样本优先降权；v4乖离率过大；v4远离短中期均线；v4趋势未转强且热度偏后；涨停封板不可买,v4
2026-06-01,2026-05-25,次日已审,快策略候选,暂未强势,neutral,继续等待更多交易日或降低权重。,11,002185,华天科技,不推送,优先观察,51.45,2026-06-01,0,common_index_cache,3,4.5,-0.98,-0.54,1.19,-0.54,4.5,,5.53,,,post_close,2026-06-01 15:00:00,人气Top20；温和放量；近5日趋势升温；站上20日线且不过热；持续霸榜,当日转弱；收盘承接偏弱；热度可能进入后段；弱市先收缩执行；弱市里的长连榜样本优先降权,v4
2026-06-01,2026-05-25,次日已审,快策略候选,暂未强势,neutral,继续等待更多交易日或降低权重。,57,300433,蓝思科技,不推送,优先观察,50.05,2026-06-01,0,common_index_cache,3,4.33,-0.36,-1.43,2.8,-1.43,4.33,,4.7,,,post_close,2026-06-01 15:00:00,当日上涨；温和放量；近5日趋势升温；站上20日线且不过热；连续上榜确认；v4多头排列技术加分；v4沿短均线抬升,弱市先收缩执行；后段人气股在偏弱环境里更谨慎；v4短线偏离MA5过多；v4长上影承接转弱,v4
2026-06-01,2026-05-25,次日已审,快策略候选,暂未强势,neutral,继续等待更多交易日或降低权重。,46,000722,湖南发展,观察池,备选观察,48.69,2026-06-01,0,common_index_cache,3,-2.95,1.97,-1.11,9.53,-1.11,-2.95,,-4.83,,,post_close,2026-06-01 15:00:00,人气Top50；当日涨停附近；收在日内高位；放量仍可控；近5日趋势升温；站上20日线且不过热；弱市中个股相对抗跌,v4乖离率过大；v4远离短中期均线；v4放量冲高过热；涨停封板不可买,v4
2026-06-01,2026-05-25,次日已审,快策略候选,暂未强势,neutral,继续等待更多交易日或降低权重。,13,000539,粤电力A,观察池,备选观察,46.84,2026-06-01,0,common_index_cache,3,-6.14,-0.92,-6.55,-0.2,-6.55,-6.14,,-5.27,,,post_close,2026-06-01 15:00:00,人气Top20；当日涨停附近；收在日内高位；近5日强势延续；人气排名明显上升；弱市中个股相对抗跌；v4多头排列技术加分,放量过猛；短线涨幅偏高；偏离20日线较大；v4乖离率过大；v4远离短中期均线；v4放量冲高过热；涨停封板不可买,v4
2026-06-01,,次日已审,低层级强势反哺,普通/不推送走强,low_level_winner,不推送 后来走强，原因反哺：人气Top50、持续霸榜、温和放量,24,600487,亨通光电,不推送,未入快策略,,2026-06-01,0,common_index_cache,3,29.53,-1.26,10.01,10.01,10.01,29.53,,31.18,,,post_close,2026-06-01 15:00:00,人气Top50；温和放量；站上20日线且不过热；持续霸榜,当日转弱；收盘承接偏弱；热度可能进入后段；弱市先收缩执行；弱市里的长连榜样本优先降权；v4短线偏离MA5过多；v4长上影承接转弱；v4趋势未转强且热度偏后,v4
2026-06-01,,次日已审,低层级强势反哺,普通/不推送走强,low_level_winner,不推送 后来走强，原因反哺：v4龙虎榜提示关注、人气Top10、人气排名明显上升,5,002384,东山精密,不推送,未入快策略,,2026-06-01,0,common_index_cache,3,24.02,4.3,10.0,10.0,10.0,24.02,,18.9,,,post_close,2026-06-01 15:00:00,人气Top10；温和放量；持续霸榜；人气排名明显上升；v4龙虎榜提示关注,当日转弱；收盘承接偏弱；近5日趋势未确认；仍在20日线下方；热度可能进入后段；弱市先收缩执行；弱市里的长连榜样本优先降权；市场健康度不足，收缩推送；市场健康度偏弱；v4跌破短均线,v4
2026-06-01,,次日已审,低层级强势反哺,普通/不推送走强,low_level_winner,不推送 后来走强，原因反哺：v4多头排列技术加分、当日上涨、温和放量,85,600667,太极实业,不推送,未入快策略,,2026-06-01,0,common_index_cache,3,20.47,0.37,10.01,10.01,10.01,20.47,,20.03,,,post_close,2026-06-01 15:00:00,当日上涨；温和放量；站上20日线且不过热；v4多头排列技术加分,人气排名明显回落；上影线偏长；弱市先收缩执行；后段人气股在偏弱环境里更谨慎；v4长上影承接转弱；v4正涨但收盘承接一般,v4
2026-06-01,,次日已审,低层级强势反哺,普通/不推送走强,low_level_winner,不推送 后来走强，原因反哺：持续霸榜,60,600105,永鼎股份,不推送,未入快策略,,2026-06-01,0,common_index_cache,3,20.35,0.0,10.0,10.0,10.0,20.35,,20.35,,,post_close,2026-06-01 15:00:00,持续霸榜,当日转弱；收盘承接偏弱；近5日趋势未确认；仍在20日线下方；热度可能进入后段；人气排名明显回落；弱市先收缩执行；后段人气股在偏弱环境里更谨慎；弱市里的长连榜样本优先降权；市场健康度不足，收缩推送；市场健康度偏弱；v4长上影承接转弱；v4跌破短均线；v4趋势未转强且热度偏后,v4
2026-06-01,,次日已审,低层级强势反哺,普通/不推送走强,low_level_winner,不推送 后来走强，原因反哺：v4龙虎榜提示关注、人气Top10、持续霸榜,10,600396,华电辽能,不推送,未入快策略,,2026-06-01,0,common_index_cache,3,18.76,0.0,4.86,7.46,4.86,18.76,,18.76,,,post_close,2026-06-01 15:00:00,人气Top10；温和放量；近5日趋势升温；站上20日线且不过热；持续霸榜；v4龙虎榜提示关注,当日转弱；收盘承接偏弱；热度可能进入后段；弱市先收缩执行；弱市里的长连榜样本优先降权；v4远离短中期均线,v4
2026-06-01,,次日已审,低层级强势反哺,普通/不推送走强,low_level_winner,不推送 后来走强，原因反哺：温和放量、站上20日线且不过热,69,301666,大普微,不推送,未入快策略,,2026-06-01,0,common_index_cache,3,18.66,-2.02,4.7,4.98,4.7,18.66,,21.1,,,post_close,2026-06-01 15:00:00,温和放量；站上20日线且不过热,当日转弱；收盘承接偏弱；近5日趋势未确认；弱市先收缩执行；后段人气股在偏弱环境里更谨慎；市场健康度不足，收缩推送；市场健康度偏弱；v4长上影承接转弱；v4跌破短均线,v4
2026-06-01,,次日已审,低层级强势反哺,普通/不推送走强,low_level_winner,不推送 后来走强，原因反哺：v4多头排列技术加分、v4龙虎榜活跃、当日上涨,91,600162,香江控股,不推送,未入快策略,,2026-06-01,0,common_index_cache,3,17.12,-0.34,9.93,9.93,9.93,17.12,,17.53,,,post_close,2026-06-01 15:00:00,当日上涨；v4多头排列技术加分；v4龙虎榜活跃,放量过猛；短线涨幅过热；偏离20日线较大；弱市先收缩执行；后段人气股在偏弱环境里更谨慎；v4乖离率过大；v4远离短中期均线,v4
2026-06-01,,次日已审,低层级强势反哺,普通/不推送走强,low_level_winner,不推送 后来走强，原因反哺：人气Top50、持续霸榜、温和放量,21,600522,中天科技,不推送,未入快策略,,2026-06-01,0,common_index_cache,3,16.93,-0.91,8.89,10.0,8.89,16.93,,18.01,,,post_close,2026-06-01 15:00:00,人气Top50；温和放量；持续霸榜,当日转弱；收盘承接偏弱；近5日趋势未确认；热度可能进入后段；弱市先收缩执行；弱市里的长连榜样本优先降权；市场健康度不足，收缩推送；市场健康度偏弱；v4跌破短均线；v4趋势未转强且热度偏后,v4
2026-06-01,,次日已审,低层级强势反哺,普通/不推送走强,low_level_winner,不推送 后来走强，原因反哺：v4龙虎榜提示关注、持续霸榜、站上20日线且不过热,73,603459,红板科技,不推送,未入快策略,,2026-06-01,0,common_index_cache,3,16.67,0.0,5.9,9.05,5.9,16.67,,16.67,,,post_close,2026-06-01 15:00:00,站上20日线且不过热；持续霸榜；v4龙虎榜提示关注,当日转弱；收盘承接偏弱；近5日趋势未确认；热度可能进入后段；弱市先收缩执行；后段人气股在偏弱环境里更谨慎；弱市里的长连榜样本优先降权；市场健康度不足，收缩推送；市场健康度偏弱；v4跌破短均线；v4趋势未转强且热度偏后,v4
2026-06-01,,次日已审,低层级强势反哺,普通/不推送走强,low_level_winner,不推送 后来走强，原因反哺：人气Top50、持续霸榜,32,002156,通富微电,不推送,未入快策略,,2026-06-01,0,common_index_cache,3,15.82,0.0,3.99,5.38,3.99,15.82,,15.82,,,post_close,2026-06-01 15:00:00,人气Top50；持续霸榜,当日转弱；收盘承接偏弱；近5日趋势未确认；热度可能进入后段；弱市先收缩执行；弱市里的长连榜样本优先降权；市场健康度不足，收缩推送；市场健康度偏弱；v4跌破短均线；v4趋势未转强且热度偏后；v4事件风险扣分（问询）,v4
2026-06-01,,次日已审,低层级强势反哺,普通/不推送走强,low_level_winner,不推送 后来走强，原因反哺：v4筹码集中加分、人气Top50、温和放量,48,002491,通鼎互联,不推送,未入快策略,,2026-06-01,0,common_index_cache,3,15.65,-2.93,8.15,8.62,8.15,15.65,,19.14,,,post_close,2026-06-01 15:00:00,人气Top50；温和放量；站上20日线且不过热；连续上榜确认；v4筹码集中加分,当日转弱；收盘承接偏弱；近5日趋势未确认；弱市先收缩执行；市场健康度不足，收缩推送；市场健康度偏弱；v4长上影承接转弱；v4趋势未转强且热度偏后；v4获利盘结构偏弱,v4
2026-06-01,,次日已审,低层级强势反哺,普通/不推送走强,low_level_winner,不推送 后来走强，原因反哺：v4多头排列技术加分、v4龙虎榜提示关注、人气Top20,17,000636,风华高科,不推送,未入快策略,,2026-06-01,0,common_index_cache,3,15.35,-2.85,8.83,10.01,8.83,15.35,,18.74,,,post_close,2026-06-01 15:00:00,人气Top20；当日上涨；温和放量；近5日强势延续；持续霸榜；v4多头排列技术加分；v4龙虎榜提示关注,短线涨幅偏高；远离20日线过多；热度可能进入后段；弱市先收缩执行；弱市里的长连榜样本优先降权；v4乖离率过大；v4远离短中期均线；v4事件谨慎扣分（异常波动）,v4
2026-06-01,,次日已审,低层级强势反哺,普通/不推送走强,low_level_winner,不推送 后来走强，原因反哺：人气Top10、当日上涨、持续霸榜,9,000725,京东方A,不推送,未入快策略,,2026-06-01,0,common_index_cache,3,14.74,-0.93,2.05,3.36,2.05,14.74,,15.82,,,post_close,2026-06-01 15:00:00,人气Top10；当日上涨；站上20日线且不过热；持续霸榜,热度可能进入后段；上影线偏长；弱市先收缩执行；弱市里的长连榜样本优先降权；v4长上影承接转弱；v4正涨但收盘承接一般,v4
2026-06-01,,次日已审,低层级强势反哺,普通/不推送走强,low_level_winner,不推送 后来走强，原因反哺：v4龙虎榜活跃、人气Top10、人气排名明显上升,6,001896,豫能控股,不推送,已入快策略,,2026-06-01,0,common_index_cache,3,25.16,-2.95,3.4,6.97,3.4,25.16,,28.96,,,post_close,2026-06-01 15:00:00,人气Top10；当日强涨；收盘承接较强；温和放量；站上20日线且不过热；持续霸榜；人气排名明显上升；弱市中个股相对抗跌；v4龙虎榜活跃,热度可能进入后段；弱市里的长连榜样本优先降权；v4乖离率过大；v4远离短中期均线,v4
2026-06-01,,次日已审,低层级强势反哺,普通/不推送走强,low_level_winner,不推送 后来走强，原因反哺：站上20日线且不过热、连续上榜确认,74,603618,杭电股份,不推送,已入快策略,,2026-06-01,0,common_index_cache,3,13.37,-5.05,9.89,9.99,9.89,13.37,,19.4,,,post_close,2026-06-01 15:00:00,站上20日线且不过热；连续上榜确认,当日转弱；收盘承接偏弱；人气排名明显回落；弱市先收缩执行；后段人气股在偏弱环境里更谨慎；v4趋势未转强且热度偏后,v4
2026-05-29,2026-05-22,次日已审,快策略候选,优先成功,priority_success,下个交易日主盯 后续最高表现达到 26.91%，保留这类命中特征。,6,600487,亨通光电,不推送,下个交易日主盯,66.4,2026-05-29,0,common_index_cache,4,26.91,-2.44,-2.02,4.78,-2.02,18.56,,21.52,,,post_close,2026-05-29 15:00:00,人气Top10；当日强涨；收在日内高位；放量仍可控；近5日趋势升温；站上20日线且不过热；持续霸榜；人气排名明显上升；弱市中个股相对抗跌,热度可能进入后段；弱市里的长连榜样本优先降权；v4乖离率过大；v4放量冲高过热,v4
2026-05-29,2026-05-22,次日已审,快策略候选,优先成功,priority_success,下个交易日主盯 后续最高表现达到 23.60%，保留这类命中特征。,8,000636,风华高科,不推送,下个交易日主盯,63.85,2026-05-29,0,common_index_cache,4,19.74,-7.64,3.81,9.86,3.81,14.16,,23.6,,,post_close,2026-05-29 15:00:00,人气Top10；当日强涨；收盘承接较强；温和放量；近5日强势延续；持续霸榜；弱市中个股相对抗跌；v4多头排列技术加分,短线涨幅偏高；远离20日线过多；热度可能进入后段；弱市里的长连榜样本优先降权；v4乖离率过大；v4远离短中期均线,v4
2026-05-29,2026-05-22,次日已审,快策略候选,优先走弱,priority_failed,下个交易日主盯 未兑现，复盘风险项：v4乖离率过大；v4远离短中期均线；v4放量冲高过热；涨停封板不可买,29,600011,华能国际,观察池,下个交易日主盯,88.09,2026-05-29,0,common_index_cache,4,-1.35,1.47,10.03,10.03,10.03,2.93,,1.44,,,post_close,2026-05-29 15:00:00,人气Top50；当日涨停附近；收在日内高位；放量仍可控；近5日趋势升温；站上20日线且不过热；弱市中个股相对抗跌；v4多头排列技术加分,v4乖离率过大；v4远离短中期均线；v4放量冲高过热；涨停封板不可买,v4
2026-05-29,2026-05-22,次日已审,快策略候选,优先走弱,priority_failed,下个交易日主盯 未兑现，复盘风险项：人气排名明显回落；后段人气股在偏弱环境里更谨慎；v4乖离率过大；v4远离短中期均线；涨停封板不可买,73,600176,中国巨石,观察池,下个交易日主盯,81.85,2026-05-29,0,common_index_cache,4,-8.81,-1.92,-8.98,-1.05,-8.98,-9.95,,-8.19,,,post_close,2026-05-29 15:00:00,当日涨停附近；收在日内高位；温和放量；近5日趋势升温；站上20日线且不过热；连续上榜确认；弱市中个股相对抗跌；v4多头排列技术加分,人气排名明显回落；后段人气股在偏弱环境里更谨慎；v4乖离率过大；v4远离短中期均线；涨停封板不可买,v4
2026-05-29,2026-05-22,次日已审,快策略候选,优先走弱,priority_failed,下个交易日主盯 未兑现，复盘风险项：短线涨幅偏高；v4乖离率过大；v4远离短中期均线,32,600021,上海电力,不推送,下个交易日主盯,81.34,2026-05-29,0,common_index_cache,4,-11.13,-0.9,-7.59,-0.9,-7.59,-6.37,,-5.53,,,post_close,2026-05-29 15:00:00,人气Top50；当日上涨；收在日内高位；温和放量；近5日强势延续；站上20日线且不过热；连续上榜确认；人气排名明显上升；弱市中个股相对抗跌；v4多头排列技术加分,短线涨幅偏高；v4乖离率过大；v4远离短中期均线,v4
2026-05-29,2026-05-22,次日已审,快策略候选,优先走弱,priority_failed,下个交易日主盯 未兑现，复盘风险项：热度可能进入后段；弱市里的长连榜样本优先降权；v4乖离率过大；v4远离短中期均线,5,603629,利通电子,不推送,下个交易日主盯,79.5,2026-05-29,0,common_index_cache,4,-16.74,-10.0,-10.0,-10.0,-10.0,-13.65,,-4.05,,,post_close,2026-05-29 15:00:00,人气Top10；收在日内高位；温和放量；近5日趋势升温；站上20日线且不过热；持续霸榜；弱市中个股相对抗跌；v4多头排列技术加分,热度可能进入后段；弱市里的长连榜样本优先降权；v4乖离率过大；v4远离短中期均线,v4
2026-05-29,2026-05-22,次日已审,快策略候选,优先走弱,priority_failed,下个交易日主盯 未兑现，复盘风险项：短线涨幅偏高；后段人气股在偏弱环境里更谨慎；v4乖离率过大；v4远离短中期均线；涨停封板不可买,89,600110,诺德股份,观察池,下个交易日主盯,67.1,2026-05-29,0,common_index_cache,4,-8.85,-0.39,-2.29,4.19,-2.29,-4.9,,-4.52,,,post_close,2026-05-29 15:00:00,当日涨停附近；收在日内高位；温和放量；近5日强势延续；站上20日线且不过热；连续上榜确认；弱市中个股相对抗跌,短线涨幅偏高；后段人气股在偏弱环境里更谨慎；v4乖离率过大；v4远离短中期均线；涨停封板不可买,v4
2026-05-29,2026-05-22,次日已审,快策略候选,优先走弱,priority_failed,下个交易日主盯 未兑现，复盘风险项：近5日趋势未确认；v4趋势未转强且热度偏后,28,600276,恒瑞医药,不推送,下个交易日主盯,56.99,2026-05-29,0,common_index_cache,4,-7.09,0.26,-2.03,2.01,-2.03,-5.96,,-6.2,,,post_close,2026-05-29 15:00:00,人气Top50；当日上涨；收盘承接较强；温和放量；连续上榜确认；弱市中个股相对抗跌,近5日趋势未确认；v4趋势未转强且热度偏后,v4
2026-05-29,2026-05-22,次日已审,快策略候选,优先走弱,priority_failed,下个交易日主盯 未兑现，复盘风险项：当日转弱；收盘承接偏弱；短线涨幅偏高；热度可能进入后段；弱市先收缩执行；弱市里的长连榜样本优先降权；v4远离短中期均线,3,002185,华天科技,不推送,下个交易日主盯,56.4,2026-05-29,0,common_index_cache,4,-0.41,1.6,-4.71,4.81,-4.71,-0.93,,-2.49,,,post_close,2026-05-29 15:00:00,人气Top3；温和放量；近5日强势延续；站上20日线且不过热；持续霸榜；v4多头排列技术加分,当日转弱；收盘承接偏弱；短线涨幅偏高；热度可能进入后段；弱市先收缩执行；弱市里的长连榜样本优先降权；v4远离短中期均线,v4
2026-05-29,2026-05-22,次日已审,快策略候选,优先走弱,priority_failed,下个交易日主盯 未兑现，复盘风险项：热度可能进入后段；后段人气股在偏弱环境里更谨慎；弱市里的长连榜样本优先降权；v4趋势未转强且热度偏后,65,600519,贵州茅台,不推送,下个交易日主盯,54.36,2026-05-29,0,common_index_cache,4,-4.37,0.08,-1.24,0.08,-1.24,-3.33,,-3.4,,,post_close,2026-05-29 15:00:00,当日上涨；收在日内高位；温和放量；持续霸榜；弱市中个股相对抗跌,热度可能进入后段；后段人气股在偏弱环境里更谨慎；弱市里的长连榜样本优先降权；v4趋势未转强且热度偏后,v4
2026-05-29,2026-05-22,次日已审,快策略候选,暂未强势,neutral,继续等待更多交易日或降低权重。,31,603618,杭电股份,观察池,下个交易日主盯,96.39,2026-05-29,0,common_index_cache,4,2.04,-6.35,-10.0,-4.99,-10.0,2.44,,9.38,,,post_close,2026-05-29 15:00:00,人气Top50；当日涨停附近；收在日内高位；温和放量；近5日趋势升温；站上20日线且不过热；连续上榜确认；人气排名明显上升；弱市中个股相对抗跌,v4乖离率过大；v4远离短中期均线；涨停封板不可买,v4
2026-05-29,2026-05-22,次日已审,快策略候选,暂未强势,neutral,继续等待更多交易日或降低权重。,17,300308,中际旭创,不推送,下个交易日主盯,83.1,2026-05-29,0,common_index_cache,4,10.23,-0.01,-2.68,1.93,-2.68,9.8,,9.82,,,post_close,2026-05-29 15:00:00,人气Top20；当日强涨；收在日内高位；温和放量；近5日趋势升温；站上20日线且不过热；持续霸榜；弱市中个股相对抗跌；v4多头排列技术加分,热度可能进入后段；弱市里的长连榜样本优先降权；v4乖离率过大；v4远离短中期均线,v4
2026-05-29,2026-05-22,次日已审,快策略候选,暂未强势,neutral,继续等待更多交易日或降低权重。,1,601991,大唐发电,不推送,下个交易日主盯,75.85,2026-05-29,0,common_index_cache,4,2.09,0.0,-3.01,0.81,-3.01,5.45,,5.45,,,post_close,2026-05-29 15:00:00,人气Top3；当日上涨；温和放量；近5日趋势升温；站上20日线且不过热；持续霸榜,热度可能进入后段；弱市先收缩执行；弱市里的长连榜样本优先降权；v4乖离率过大,v4
2026-05-29,2026-05-22,次日已审,快策略候选,暂未强势,neutral,继续等待更多交易日或降低权重。,21,600172,黄河旋风,观察池,下个交易日主盯,71.7,2026-05-29,0,common_index_cache,4,2.84,0.14,-4.33,2.63,-4.33,6.82,,6.67,,,post_close,2026-05-29 15:00:00,人气Top50；当日涨停附近；收在日内高位；温和放量；持续霸榜；弱市中个股相对抗跌；v4多头排列技术加分,短线涨幅过热；偏离20日线较大；热度可能进入后段；弱市里的长连榜样本优先降权；v4乖离率过大；v4远离短中期均线；涨停封板不可买,v4
2026-05-29,2026-05-22,次日已审,快策略候选,暂未强势,neutral,继续等待更多交易日或降低权重。,53,002491,通鼎互联,不推送,下个交易日主盯,69.55,2026-05-29,0,common_index_cache,4,12.12,-1.34,-3.05,3.22,-3.05,1.92,,3.3,,,post_close,2026-05-29 15:00:00,当日强涨；收在日内高位；温和放量；近5日趋势升温；站上20日线且不过热；连续上榜确认；弱市中个股相对抗跌,后段人气股在偏弱环境里更谨慎,v4
2026-05-29,2026-05-22,次日已审,快策略候选,暂未强势,neutral,继续等待更多交易日或降低权重。,83,002081,金螳螂,观察池,下个交易日主盯,67.65,2026-05-29,0,common_index_cache,4,0.32,2.11,10.06,10.06,10.06,7.95,,5.72,,,post_close,2026-05-29 15:00:00,当日涨停附近；收在日内高位；温和放量；弱市中个股相对抗跌,仍在20日线下方；后段人气股在偏弱环境里更谨慎；v4乖离率过大；涨停封板不可买,v4
2026-05-29,2026-05-22,次日已审,快策略候选,暂未强势,neutral,继续等待更多交易日或降低权重。,50,600726,华电能源,观察池,下个交易日主盯,65.49,2026-05-29,0,common_index_cache,4,2.57,2.47,-6.22,7.5,-6.22,-4.15,,-6.45,,,post_close,2026-05-29 15:00:00,人气Top50；当日涨停附近；收在日内高位；温和放量；连续上榜确认；弱市中个股相对抗跌,短线涨幅过热；偏离20日线较大；人气排名明显回落；v4乖离率过大；v4远离短中期均线；v4趋势未转强且热度偏后；涨停封板不可买,v4
2026-05-29,2026-05-22,次日已审,快策略候选,暂未强势,neutral,继续等待更多交易日或降低权重。,19,600460,士兰微,普通观察,下个交易日主盯,64.99,2026-05-29,0,common_index_cache,4,2.08,-1.24,-5.2,0.0,-5.2,0.29,,1.55,,,post_close,2026-05-29 15:00:00,人气Top20；当日强涨；收盘承接较强；温和放量；近5日趋势升温；站上20日线且不过热；连续上榜确认；人气排名明显上升；弱市中个股相对抗跌；v4多头排列技术加分,v4乖离率过大；v4远离短中期均线,v4
2026-05-29,2026-05-22,次日已审,快策略候选,暂未强势,neutral,继续等待更多交易日或降低权重。,25,002015,协鑫能科,不推送,下个交易日主盯,63.49,2026-05-29,0,common_index_cache,4,3.17,3.04,-3.21,3.04,-3.21,4.23,,1.16,,,post_close,2026-05-29 15:00:00,人气Top50；温和放量；近5日趋势升温；站上20日线且不过热；连续上榜确认；人气排名明显上升；v4多头排列技术加分,弱市先收缩执行；v4短线偏离MA5过多,v4
2026-05-29,2026-05-22,次日已审,快策略候选,优先成功,priority_success,优先观察 后续最高表现达到 34.94%，保留这类命中特征。,46,001896,豫能控股,不推送,优先观察,53.25,2026-05-29,0,common_index_cache,4,34.94,0.18,7.82,10.02,7.82,22.66,,22.44,,,post_close,2026-05-29 15:00:00,人气Top50；当日上涨；温和放量；站上20日线且不过热；持续霸榜；人气排名明显上升,热度可能进入后段；弱市先收缩执行；弱市里的长连榜样本优先降权；v4长上影承接转弱；v4趋势未转强且热度偏后,v4
2026-05-29,2026-05-22,次日已审,快策略候选,优先走弱,priority_failed,优先观察 未兑现，复盘风险项：后段人气股在偏弱环境里更谨慎；v4短线偏离MA5过多；v4趋势未转强且热度偏后,67,601016,节能风电,不推送,优先观察,53.0,2026-05-29,0,common_index_cache,4,-1.39,-0.79,-2.78,0.6,-2.78,-3.37,,-2.6,,,post_close,2026-05-29 15:00:00,当日上涨；收盘承接较强；温和放量；近5日趋势升温；站上20日线且不过热；连续上榜确认；人气排名明显上升；弱市中个股相对抗跌,后段人气股在偏弱环境里更谨慎；v4短线偏离MA5过多；v4趋势未转强且热度偏后,v4
2026-05-29,2026-05-22,次日已审,快策略候选,优先走弱,priority_failed,优先观察 未兑现，复盘风险项：偏离20日线较大；热度可能进入后段；弱市先收缩执行；弱市里的长连榜样本优先降权；v4远离短中期均线,9,600578,京能电力,不推送,优先观察,52.05,2026-05-29,0,common_index_cache,4,-0.21,-0.53,-10.02,0.0,-10.02,-0.43,,0.11,,,post_close,2026-05-29 15:00:00,人气Top10；温和放量；近5日趋势升温；持续霸榜；v4多头排列技术加分；v4沿短均线抬升,偏离20日线较大；热度可能进入后段；弱市先收缩执行；弱市里的长连榜样本优先降权；v4远离短中期均线,v4
2026-05-29,2026-05-22,次日已审,快策略候选,优先走弱,priority_failed,优先观察 未兑现，复盘风险项：热度可能进入后段；后段人气股在偏弱环境里更谨慎；弱市里的长连榜样本优先降权；v4趋势未转强且热度偏后,52,000858,五粮液,不推送,优先观察,51.66,2026-05-29,0,common_index_cache,4,-4.46,-1.11,-1.74,-1.11,-1.74,-2.99,,-1.91,,,post_close,2026-05-29 15:00:00,当日上涨；收盘承接较强；温和放量；持续霸榜；弱市中个股相对抗跌,热度可能进入后段；后段人气股在偏弱环境里更谨慎；弱市里的长连榜样本优先降权；v4趋势未转强且热度偏后,v4
2026-05-29,2026-05-22,次日已审,快策略候选,优先走弱,priority_failed,优先观察 未兑现，复盘风险项：弱市先收缩执行；v4乖离率过大；v4远离短中期均线；v4趋势未转强且热度偏后,23,002181,粤传媒,不推送,优先观察,51.54,2026-05-29,0,common_index_cache,4,-7.15,0.0,9.99,9.99,9.99,-4.36,,-4.36,,,post_close,2026-05-29 15:00:00,人气Top50；当日上涨；温和放量；近5日趋势升温；连续上榜确认；人气排名明显上升,弱市先收缩执行；v4乖离率过大；v4远离短中期均线；v4趋势未转强且热度偏后,v4
2026-05-29,2026-05-22,次日已审,快策略候选,暂未强势,neutral,继续等待更多交易日或降低权重。,44,002281,光迅科技,不推送,优先观察,52.0,2026-05-29,0,common_index_cache,4,8.14,2.02,0.17,4.85,0.17,9.83,,7.66,,,post_close,2026-05-29 15:00:00,人气Top50；当日上涨；收盘承接较强；温和放量；站上20日线且不过热；持续霸榜；弱市中个股相对抗跌,近5日趋势未确认；热度可能进入后段；人气排名明显回落；弱市里的长连榜样本优先降权；v4趋势未转强且热度偏后,v4
2026-05-29,2026-05-22,次日已审,快策略候选,暂未强势,neutral,继续等待更多交易日或降低权重。,94,000601,韶能股份,不推送,优先观察,50.05,2026-05-29,0,common_index_cache,4,1.65,0.12,-3.43,0.35,-3.43,9.93,,9.8,,,post_close,2026-05-29 15:00:00,当日上涨；收盘承接较强；温和放量；近5日趋势升温；站上20日线且不过热；弱市中个股相对抗跌；v4多头排列技术加分,后段人气股在偏弱环境里更谨慎；v4乖离率过大；v4远离短中期均线,v4
2026-05-29,2026-05-22,次日已审,快策略候选,暂未强势,neutral,继续等待更多交易日或降低权重。,30,002436,兴森科技,不推送,备选观察,49.39,2026-05-29,0,common_index_cache,4,5.66,-0.47,-0.16,3.93,-0.16,2.95,,3.43,,,post_close,2026-05-29 15:00:00,人气Top50；收盘承接较强；近5日趋势升温；站上20日线且不过热；人气排名明显上升；弱市中个股相对抗跌,当日转弱,v4
2026-05-29,2026-05-22,次日已审,快策略候选,暂未强势,neutral,继续等待更多交易日或降低权重。,41,002241,歌尔股份,不推送,备选观察,48.84,2026-05-29,0,common_index_cache,4,-7.04,1.79,-1.23,4.29,-1.23,-0.07,,-1.83,,,post_close,2026-05-29 15:00:00,人气Top50；温和放量；近5日趋势升温；站上20日线且不过热；连续上榜确认,当日转弱；收盘承接偏弱；弱市先收缩执行；v4趋势未转强且热度偏后,v4
2026-05-29,2026-05-22,次日已审,快策略候选,暂未强势,neutral,继续等待更多交易日或降低权重。,36,002463,沪电股份,不推送,备选观察,48.75,2026-05-29,0,common_index_cache,4,6.65,0.0,-7.22,2.23,-7.22,-1.7,,-1.7,,,post_close,2026-05-29 15:00:00,人气Top50；温和放量；近5日趋势升温；站上20日线且不过热；持续霸榜；v4多头排列技术加分；v4沿短均线抬升,当日转弱；收盘承接偏弱；热度可能进入后段；弱市先收缩执行；弱市里的长连榜样本优先降权；v4远离短中期均线；v4长上影承接转弱,v4
2026-05-29,2026-05-22,次日已审,快策略候选,暂未强势,neutral,继续等待更多交易日或降低权重。,40,688981,中芯国际,不推送,备选观察,47.85,2026-05-29,0,common_index_cache,4,-3.6,-0.11,-5.34,0.64,-5.34,-4.22,,-4.12,,,post_close,2026-05-29 15:00:00,人气Top50；温和放量；近5日趋势升温；站上20日线且不过热；持续霸榜；人气排名明显上升,当日转弱；收盘承接偏弱；热度可能进入后段；弱市先收缩执行；弱市里的长连榜样本优先降权；v4趋势未转强且热度偏后,v4
2026-05-29,,次日已审,低层级强势反哺,普通/不推送走强,low_level_winner,不推送 后来走强，原因反哺：v4事件催化加分（回购）、v4龙虎榜提示关注、人气Top10,4,000725,京东方A,不推送,未入快策略,,2026-05-29,0,common_index_cache,4,20.35,0.2,4.89,9.39,4.89,9.39,,9.18,,,post_close,2026-05-29 15:00:00,人气Top10；站上20日线且不过热；持续霸榜；v4龙虎榜提示关注；v4事件催化加分（回购）,当日转弱；收盘承接偏弱；近5日趋势未确认；热度可能进入后段；弱市先收缩执行；弱市里的长连榜样本优先降权；市场健康度不足，收缩推送；市场健康度偏弱,v4
2026-05-29,,次日已审,低层级强势反哺,普通/不推送走强,low_level_winner,不推送 后来走强，原因反哺：v4多头排列技术加分、v4龙虎榜提示关注、人气Top50,22,002579,中京电子,不推送,未入快策略,,2026-05-29,0,common_index_cache,4,20.17,1.22,10.03,10.03,10.03,13.41,,12.04,,,post_close,2026-05-29 15:00:00,人气Top50；放量仍可控；近5日强势延续；站上20日线且不过热；连续上榜确认；v4多头排列技术加分；v4龙虎榜提示关注,当日转弱；收盘承接偏弱；短线涨幅偏高；弱市先收缩执行；v4乖离率过大；v4远离短中期均线,v4
2026-05-29,,次日已审,低层级强势反哺,普通/不推送走强,low_level_winner,不推送 后来走强，原因反哺：人气排名明显上升、温和放量、站上20日线且不过热,59,601208,东材科技,不推送,未入快策略,,2026-05-29,0,common_index_cache,4,19.2,-0.4,-4.42,1.9,-4.42,12.98,,13.43,,,post_close,2026-05-29 15:00:00,温和放量；站上20日线且不过热；人气排名明显上升,当日转弱；收盘承接偏弱；近5日趋势未确认；弱市先收缩执行；后段人气股在偏弱环境里更谨慎；市场健康度不足，收缩推送；市场健康度偏弱；v4跌破短均线,v4
2026-05-29,,次日已审,低层级强势反哺,普通/不推送走强,low_level_winner,不推送 后来走强，原因反哺：v4龙虎榜提示关注、持续霸榜、温和放量,58,002421,达实智能,不推送,未入快策略,,2026-05-29,0,common_index_cache,4,15.33,-3.89,9.98,9.98,9.98,18.73,,23.54,,,post_close,2026-05-29 15:00:00,温和放量；站上20日线且不过热；持续霸榜；v4龙虎榜提示关注,当日转弱；收盘承接偏弱；近5日趋势未确认；热度可能进入后段；人气排名明显回落；弱市先收缩执行；后段人气股在偏弱环境里更谨慎；弱市里的长连榜样本优先降权；市场健康度不足，收缩推送；市场健康度偏弱；v4长上影承接转弱；v4跌破短均线；v4趋势未转强且热度偏后,v4
2026-05-29,,次日已审,低层级强势反哺,普通/不推送走强,low_level_winner,不推送 后来走强，原因反哺：人气Top50、人气排名明显上升、当日上涨,46,001896,豫能控股,不推送,已入快策略,,2026-05-29,0,common_index_cache,4,34.94,0.18,7.82,10.02,7.82,22.66,,22.44,,,post_close,2026-05-29 15:00:00,人气Top50；当日上涨；温和放量；站上20日线且不过热；持续霸榜；人气排名明显上升,热度可能进入后段；弱市先收缩执行；弱市里的长连榜样本优先降权；v4长上影承接转弱；v4趋势未转强且热度偏后,v4
2026-05-29,,次日已审,低层级强势反哺,普通/不推送走强,low_level_winner,不推送 后来走强，原因反哺：人气Top10、人气排名明显上升、弱市中个股相对抗跌,6,600487,亨通光电,不推送,已入快策略,,2026-05-29,0,common_index_cache,4,26.91,-2.44,-2.02,4.78,-2.02,18.56,,21.52,,,post_close,2026-05-29 15:00:00,人气Top10；当日强涨；收在日内高位；放量仍可控；近5日趋势升温；站上20日线且不过热；持续霸榜；人气排名明显上升；弱市中个股相对抗跌,热度可能进入后段；弱市里的长连榜样本优先降权；v4乖离率过大；v4放量冲高过热,v4
2026-05-29,,次日已审,低层级强势反哺,普通/不推送走强,low_level_winner,不推送 后来走强，原因反哺：v4多头排列技术加分、v4龙虎榜活跃、人气Top10,8,000636,风华高科,不推送,已入快策略,,2026-05-29,0,common_index_cache,4,19.74,-7.64,3.81,9.86,3.81,14.16,,23.6,,,post_close,2026-05-29 15:00:00,人气Top10；当日强涨；收盘承接较强；温和放量；近5日强势延续；持续霸榜；弱市中个股相对抗跌；v4多头排列技术加分；v4龙虎榜活跃,短线涨幅偏高；远离20日线过多；热度可能进入后段；弱市里的长连榜样本优先降权；v4乖离率过大；v4远离短中期均线,v4
2026-05-28,2026-05-21,次日已审,快策略候选,优先成功,priority_success,下个交易日主盯 后续最高表现达到 24.00%，保留这类命中特征。,5,601991,大唐发电,不推送,下个交易日主盯,86.08,2026-05-28,0,common_index_cache,5,10.13,-1.5,7.88,9.87,7.88,14.75,10.13,16.5,11.8,24.0,post_close,2026-05-28 15:00:00,人气Top10；当日上涨；温和放量；近5日趋势升温；站上20日线且不过热；持续霸榜；市场强势且个股相对强势,热度可能进入后段；v4乖离率过大,v4
2026-05-28,2026-05-21,次日已审,快策略候选,优先成功,priority_success,下个交易日主盯 后续最高表现达到 16.65%，保留这类命中特征。,46,002491,通鼎互联,普通观察,下个交易日主盯,83.08,2026-05-28,0,common_index_cache,5,16.05,-0.52,3.5,7.53,3.5,8.52,16.05,9.09,16.65,16.05,post_close,2026-05-28 15:00:00,人气Top50；当日强涨；收在日内高位；温和放量；近5日趋势升温；站上20日线且不过热；人气排名明显上升；市场强势且个股相对强势,-,v4
2026-05-28,2026-05-21,次日已审,快策略候选,优先成功,priority_success,下个交易日主盯 后续最高表现达到 16.33%，保留这类命中特征。,88,300433,蓝思科技,不推送,下个交易日主盯,74.53,2026-05-28,0,common_index_cache,5,8.48,-0.82,0.67,2.66,0.67,2.49,8.48,3.33,9.37,16.33,post_close,2026-05-28 15:00:00,当日上涨；收盘承接较强；温和放量；近5日趋势升温；站上20日线且不过热；连续上榜确认；市场强势且个股相对强势；v4多头排列技术加分；v4沿短均线抬升,人气排名明显回落；v4短线偏离MA5过多；v4远离短中期均线,v4
2026-05-28,2026-05-21,次日已审,快策略候选,优先成功,priority_success,下个交易日主盯 后续最高表现达到 21.69%，保留这类命中特征。,54,000539,粤电力A,观察池,下个交易日主盯,71.83,2026-05-28,0,common_index_cache,5,13.63,8.67,10.04,10.04,10.04,13.14,13.63,4.1,4.56,21.69,post_close,2026-05-28 15:00:00,当日涨停附近；收在日内高位；温和放量；近5日强势延续；站上20日线且不过热；连续上榜确认；市场强势且个股相对强势,短线涨幅偏高；v4乖离率过大；v4远离短中期均线；涨停封板不可买,v4
2026-05-28,2026-05-21,次日已审,快策略候选,优先成功,priority_success,下个交易日主盯 后续最高表现达到 40.45%，保留这类命中特征。,36,600487,亨通光电,不推送,下个交易日主盯,68.88,2026-05-28,0,common_index_cache,5,38.86,0.01,9.42,10.0,9.42,17.93,38.86,17.92,38.84,40.45,post_close,2026-05-28 15:00:00,人气Top50；收在日内高位；温和放量；持续霸榜；人气排名明显上升；市场强势且个股相对强势,热度可能进入后段；v4趋势未转强且热度偏后,v4
2026-05-28,2026-05-21,次日已审,快策略候选,优先成功,priority_success,下个交易日主盯 后续最高表现达到 16.44%，保留这类命中特征。,21,600522,中天科技,不推送,下个交易日主盯,68.88,2026-05-28,0,common_index_cache,5,13.67,1.18,4.12,7.6,4.12,5.85,13.67,4.61,12.34,16.44,post_close,2026-05-28 15:00:00,人气Top50；当日上涨；收在日内高位；温和放量；持续霸榜；市场强势且个股相对强势,近5日趋势未确认；热度可能进入后段；v4趋势未转强且热度偏后,v4
2026-05-28,2026-05-21,次日已审,快策略候选,优先成功,priority_success,下个交易日主盯 后续最高表现达到 32.79%，保留这类命中特征。,15,000636,风华高科,不推送,下个交易日主盯,61.13,2026-05-28,0,common_index_cache,5,30.55,6.54,9.03,9.99,9.03,23.17,30.55,15.61,22.54,32.79,post_close,2026-05-28 15:00:00,人气Top20；当日上涨；收盘承接较强；温和放量；近5日强势延续；持续霸榜；市场强势且个股相对强势；v4多头排列技术加分,短线涨幅偏高；偏离20日线较大；热度可能进入后段；v4乖离率过大；v4远离短中期均线,v4
2026-05-28,2026-05-21,次日已审,快策略候选,优先成功,priority_success,下个交易日主盯 后续最高表现达到 17.08%，保留这类命中特征。,48,603773,沃格光电,观察池,下个交易日主盯,60.33,2026-05-28,0,common_index_cache,5,11.28,1.83,-5.37,4.46,-5.37,10.92,11.28,8.93,9.29,17.08,post_close,2026-05-28 15:00:00,人气Top50；当日涨停附近；收在日内高位；温和放量；近5日强势延续；连续上榜确认；市场强势且个股相对强势；v4多头排列技术加分,短线涨幅偏高；偏离20日线较大；v4乖离率过大；v4远离短中期均线；涨停封板不可买,v4
2026-05-28,2026-05-21,次日已审,快策略候选,优先走弱,priority_failed,下个交易日主盯 未兑现，复盘风险项：热度可能进入后段；v4乖离率过大；v4远离短中期均线,1,603629,利通电子,普通观察,下个交易日主盯,95.98,2026-05-28,0,common_index_cache,5,-8.91,4.53,9.41,9.48,9.41,-11.19,-8.91,-15.04,-12.86,9.48,post_close,2026-05-28 15:00:00,人气Top3；收在日内高位；温和放量；近5日趋势升温；站上20日线且不过热；持续霸榜；人气排名明显上升；市场强势且个股相对强势；v4多头排列技术加分,热度可能进入后段；v4乖离率过大；v4远离短中期均线,v4
2026-05-28,2026-05-21,次日已审,快策略候选,优先走弱,priority_failed,下个交易日主盯 未兑现，复盘风险项：v4乖离率过大；v4远离短中期均线；涨停封板不可买,44,600330,天通股份,观察池,下个交易日主盯,95.98,2026-05-28,0,common_index_cache,5,-13.28,-0.96,-4.66,1.43,-4.66,-6.79,-13.28,-5.88,-12.44,1.43,post_close,2026-05-28 15:00:00,人气Top50；当日涨停附近；收在日内高位；温和放量；近5日趋势升温；站上20日线且不过热；连续上榜确认；市场强势且个股相对强势；v4多头排列技术加分,v4乖离率过大；v4远离短中期均线；涨停封板不可买,v4
2026-05-28,2026-05-21,次日已审,快策略候选,优先走弱,priority_failed,下个交易日主盯 未兑现，复盘风险项：v4乖离率过大；v4远离短中期均线,32,600460,士兰微,不推送,下个交易日主盯,92.38,2026-05-28,0,common_index_cache,5,-8.12,-1.14,-9.99,-0.42,-9.99,-14.07,-8.12,-13.08,-7.05,-0.42,post_close,2026-05-28 15:00:00,人气Top50；当日强涨；收盘承接较强；温和放量；近5日趋势升温；站上20日线且不过热；连续上榜确认；人气排名明显上升；市场强势且个股相对强势；v4多头排列技术加分,v4乖离率过大；v4远离短中期均线,v4
2026-05-28,2026-05-21,次日已审,快策略候选,优先走弱,priority_failed,下个交易日主盯 未兑现，复盘风险项：v4乖离率过大；涨停封板不可买,10,000063,中兴通讯,观察池,下个交易日主盯,87.58,2026-05-28,0,common_index_cache,5,-1.46,0.52,-4.13,1.25,-4.13,-5.22,-1.46,-5.71,-1.97,1.25,post_close,2026-05-28 15:00:00,人气Top10；当日涨停附近；收在日内高位；温和放量；近5日趋势升温；站上20日线且不过热；人气排名明显上升；市场强势且个股相对强势,v4乖离率过大；涨停封板不可买,v4
2026-05-28,2026-05-21,次日已审,快策略候选,优先走弱,priority_failed,下个交易日主盯 未兑现，复盘风险项：短线涨幅偏高；偏离20日线较大；热度可能进入后段；v4乖离率过大；v4远离短中期均线；涨停封板不可买,4,603601,再升科技,观察池,下个交易日主盯,85.73,2026-05-28,0,common_index_cache,5,-33.83,-9.99,-9.99,-6.5,-9.99,-27.11,-33.83,-19.03,-26.49,-6.5,post_close,2026-05-28 15:00:00,人气Top10；当日涨停附近；收在日内高位；温和放量；近5日强势延续；持续霸榜；市场强势且个股相对强势；v4多头排列技术加分,短线涨幅偏高；偏离20日线较大；热度可能进入后段；v4乖离率过大；v4远离短中期均线；涨停封板不可买,v4
2026-05-28,2026-05-21,次日已审,快策略候选,优先走弱,priority_failed,下个交易日主盯 未兑现，复盘风险项：热度可能进入后段；人气排名明显回落,42,000988,华工科技,不推送,下个交易日主盯,82.58,2026-05-28,0,common_index_cache,5,-4.39,0.43,-8.28,0.43,-8.28,-9.89,-4.39,-10.27,-4.8,0.43,post_close,2026-05-28 15:00:00,人气Top50；当日上涨；收盘承接较强；近5日趋势升温；站上20日线且不过热；持续霸榜；市场强势且个股相对强势；v4多头排列技术加分；v4缩量回踩MA5,热度可能进入后段；人气排名明显回落,v4
2026-05-28,2026-05-21,次日已审,快策略候选,优先走弱,priority_failed,下个交易日主盯 未兑现，复盘风险项：v4乖离率过大；v4远离短中期均线,41,002655,共达电声,不推送,下个交易日主盯,79.48,2026-05-28,0,common_index_cache,5,-12.81,1.03,-4.75,5.31,-4.75,-11.66,-12.81,-12.56,-13.7,5.31,post_close,2026-05-28 15:00:00,人气Top50；当日强涨；收在日内高位；温和放量；近5日趋势升温；站上20日线且不过热；人气排名明显上升；市场强势且个股相对强势；v4多头排列技术加分,v4乖离率过大；v4远离短中期均线,v4
2026-05-28,2026-05-21,次日已审,快策略候选,优先走弱,priority_failed,下个交易日主盯 未兑现，复盘风险项：短线涨幅偏高；偏离20日线较大；热度可能进入后段；v4乖离率过大；v4远离短中期均线,2,002185,华天科技,不推送,下个交易日主盯,74.93,2026-05-28,0,common_index_cache,5,-10.38,-1.95,-10.0,0.05,-10.0,-14.7,-10.38,-13.0,-8.59,0.05,post_close,2026-05-28 15:00:00,人气Top3；当日上涨；温和放量；近5日强势延续；持续霸榜；市场强势且个股相对强势；v4多头排列技术加分,短线涨幅偏高；偏离20日线较大；热度可能进入后段；v4乖离率过大；v4远离短中期均线,v4
2026-05-28,2026-05-21,次日已审,快策略候选,优先走弱,priority_failed,下个交易日主盯 未兑现，复盘风险项：v4乖离率过大；v4远离短中期均线；涨停封板不可买,17,600176,中国巨石,观察池,下个交易日主盯,73.78,2026-05-28,0,common_index_cache,5,-11.71,0.0,-3.17,1.15,-3.17,-10.53,-11.71,-10.53,-11.71,1.15,post_close,2026-05-28 15:00:00,人气Top20；当日涨停附近；收在日内高位；温和放量；近5日趋势升温；站上20日线且不过热；人气排名明显上升；市场强势且个股相对强势；v4多头排列技术加分,v4乖离率过大；v4远离短中期均线；涨停封板不可买,v4
2026-05-28,2026-05-21,次日已审,快策略候选,优先走弱,priority_failed,下个交易日主盯 未兑现，复盘风险项：v4乖离率过大；v4远离短中期均线,43,600021,上海电力,不推送,下个交易日主盯,73.18,2026-05-28,0,common_index_cache,5,-6.52,-0.85,5.19,5.52,5.19,-6.04,-6.52,-5.24,-5.71,5.52,post_close,2026-05-28 15:00:00,人气Top50；收盘承接较强；温和放量；近5日趋势升温；站上20日线且不过热；连续上榜确认；人气排名明显上升；市场强势且个股相对强势；v4多头排列技术加分,v4乖离率过大；v4远离短中期均线,v4
2026-05-28,2026-05-21,次日已审,快策略候选,优先走弱,priority_failed,下个交易日主盯 未兑现，复盘风险项：v4乖离率过大；v4远离短中期均线；v4长上影承接转弱,38,002617,露笑科技,不推送,下个交易日主盯,69.78,2026-05-28,0,common_index_cache,5,-14.81,-0.97,-10.04,0.39,-10.04,-11.4,-14.81,-10.53,-13.98,0.39,post_close,2026-05-28 15:00:00,人气Top50；当日上涨；温和放量；近5日趋势升温；站上20日线且不过热；连续上榜确认；市场强势且个股相对强势；v4多头排列技术加分,v4乖离率过大；v4远离短中期均线；v4长上影承接转弱,v4
2026-05-28,2026-05-21,次日已审,快策略候选,优先走弱,priority_failed,下个交易日主盯 未兑现，复盘风险项：v4短线偏离MA5过多；涨停封板不可买,65,600206,有研新材,观察池,下个交易日主盯,67.93,2026-05-28,0,common_index_cache,5,-4.82,0.19,-7.89,2.13,-7.89,-9.92,-4.82,-10.1,-5.0,2.13,post_close,2026-05-28 15:00:00,当日涨停附近；收在日内高位；温和放量；近5日趋势升温；站上20日线且不过热；人气排名明显上升；市场强势且个股相对强势,v4短线偏离MA5过多；涨停封板不可买,v4
2026-05-28,2026-05-21,次日已审,快策略候选,优先走弱,priority_failed,下个交易日主盯 未兑现，复盘风险项：当日转弱；热度可能进入后段；v4远离短中期均线；v4长上影承接转弱,20,000021,深科技,不推送,下个交易日主盯,65.68,2026-05-28,0,common_index_cache,5,-6.96,-0.66,-6.71,2.81,-6.71,-12.83,-6.96,-12.25,-6.35,2.81,post_close,2026-05-28 15:00:00,人气Top20；温和放量；近5日趋势升温；站上20日线且不过热；持续霸榜；市场强势且个股相对强势；v4多头排列技术加分；v4沿短均线抬升,当日转弱；热度可能进入后段；v4远离短中期均线；v4长上影承接转弱,v4
2026-05-28,2026-05-21,次日已审,快策略候选,优先走弱,priority_failed,下个交易日主盯 未兑现，复盘风险项：短线涨幅偏高；偏离20日线较大；v4乖离率过大；v4远离短中期均线；涨停封板不可买,30,301217,铜冠铜箔,观察池,下个交易日主盯,63.83,2026-05-28,0,common_index_cache,5,-7.84,-6.62,-4.27,5.71,-4.27,-12.97,-7.84,-6.81,-1.3,5.71,post_close,2026-05-28 15:00:00,人气Top50；当日涨停附近；收盘承接较强；温和放量；近5日强势延续；人气排名明显上升；市场强势且个股相对强势；v4多头排列技术加分,短线涨幅偏高；偏离20日线较大；v4乖离率过大；v4远离短中期均线；涨停封板不可买,v4
2026-05-28,2026-05-21,次日已审,快策略候选,暂未强势,neutral,继续等待更多交易日或降低权重。,7,300308,中际旭创,重点观察,下个交易日主盯,115.48,2026-05-28,0,common_index_cache,5,6.85,-0.67,-3.07,1.0,-3.07,-0.52,6.85,0.15,7.56,10.18,post_close,2026-05-28 15:00:00,人气Top10；当日强涨；收在日内高位；温和放量；近5日趋势升温；站上20日线且不过热；持续霸榜；人气排名明显上升；市场强势且个股相对强势；v4多头排列技术加分,热度可能进入后段；v4乖离率过大；v4远离短中期均线,v4
2026-05-28,2026-05-21,次日已审,快策略候选,暂未强势,neutral,继续等待更多交易日或降低权重。,8,601138,工业富联,普通观察,下个交易日主盯,99.58,2026-05-28,0,common_index_cache,5,4.73,5.0,-2.13,6.17,-2.13,6.68,4.73,1.6,-0.25,13.27,post_close,2026-05-28 15:00:00,人气Top10；当日强涨；收盘承接较强；温和放量；近5日趋势升温；站上20日线且不过热；持续霸榜；人气排名明显上升；市场强势且个股相对强势；v4多头排列技术加分；v4沿短均线抬升,热度可能进入后段；v4乖离率过大；v4远离短中期均线,v4
2026-05-28,2026-05-21,次日已审,快策略候选,暂未强势,neutral,继续等待更多交易日或降低权重。,37,002015,协鑫能科,普通观察,下个交易日主盯,87.13,2026-05-28,0,common_index_cache,5,4.87,0.39,1.65,3.74,1.65,1.3,4.87,0.91,4.46,11.17,post_close,2026-05-28 15:00:00,人气Top50；当日上涨；收在日内高位；温和放量；近5日趋势升温；站上20日线且不过热；人气排名明显上升；市场强势且个股相对强势；v4多头排列技术加分；v4放量突破但不过热；v4沿短均线抬升,v4短线偏离MA5过多,v4
2026-05-28,2026-05-21,次日已审,快策略候选,暂未强势,neutral,继续等待更多交易日或降低权重。,23,002281,光迅科技,不推送,下个交易日主盯,81.58,2026-05-28,0,common_index_cache,5,2.63,-0.5,-5.1,2.0,-5.1,0.1,2.63,0.6,3.15,8.89,post_close,2026-05-28 15:00:00,人气Top50；当日上涨；收盘承接较强；温和放量；站上20日线且不过热；持续霸榜；人气排名明显上升；市场强势且个股相对强势,近5日趋势未确认；热度可能进入后段；v4趋势未转强且热度偏后,v4
2026-05-28,2026-05-21,次日已审,快策略候选,暂未强势,neutral,继续等待更多交易日或降低权重。,40,002463,沪电股份,不推送,下个交易日主盯,74.03,2026-05-28,0,common_index_cache,5,5.83,0.08,-0.77,4.37,-0.77,-1.55,5.83,-1.63,5.74,7.3,post_close,2026-05-28 15:00:00,人气Top50；当日上涨；收盘承接较强；温和放量；近5日强势延续；站上20日线且不过热；持续霸榜；市场强势且个股相对强势；v4多头排列技术加分,短线涨幅偏高；热度可能进入后段；v4乖离率过大；v4远离短中期均线,v4
2026-05-28,2026-05-21,次日已审,快策略候选,暂未强势,neutral,继续等待更多交易日或降低权重。,89,600237,铜峰电子,观察池,下个交易日主盯,62.08,2026-05-28,0,common_index_cache,5,12.73,-0.18,-2.95,1.75,-2.95,0.28,12.73,0.46,12.94,12.73,post_close,2026-05-28 15:00:00,当日涨停附近；收在日内高位；放量仍可控；近5日趋势升温；站上20日线且不过热；市场强势且个股相对强势；v4多头排列技术加分,v4乖离率过大；v4远离短中期均线；涨停封板不可买,v4
2026-05-28,2026-05-21,次日已审,快策略候选,暂未强势,neutral,继续等待更多交易日或降低权重。,82,300184,力源信息,观察池,下个交易日主盯,62.08,2026-05-28,0,common_index_cache,5,5.83,1.05,-3.79,7.35,-3.79,6.53,5.83,5.43,4.73,11.03,post_close,2026-05-28 15:00:00,当日涨停附近；收盘承接较强；温和放量；近5日趋势升温；站上20日线且不过热；市场强势且个股相对强势；v4多头排列技术加分,v4乖离率过大；v4远离短中期均线；涨停封板不可买,v4
2026-05-28,2026-05-21,次日已审,快策略候选,暂未强势,neutral,继续等待更多交易日或降低权重。,45,002384,东山精密,不推送,下个交易日主盯,61.38,2026-05-28,0,common_index_cache,5,8.58,1.79,-2.72,5.0,-2.72,-3.68,8.58,-5.38,6.67,11.74,post_close,2026-05-28 15:00:00,人气Top50；温和放量；近5日趋势升温；站上20日线且不过热；持续霸榜；市场强势且个股相对强势,当日转弱；热度可能进入后段；v4趋势未转强且热度偏后,v4
2026-05-28,,次日已审,低层级强势反哺,普通/不推送走强,low_level_winner,不推送 后来走强，原因反哺：持续霸榜,98,001896,豫能控股,不推送,未入快策略,,2026-05-28,0,common_index_cache,5,40.79,-1.4,4.33,9.05,4.33,16.32,40.79,17.97,42.79,40.79,post_close,2026-05-28 15:00:00,持续霸榜,当日转弱；近5日趋势未确认；热度可能进入后段；人气排名明显回落；强势市里个股相对走弱；v4长上影承接转弱；v4跌破短均线；v4趋势未转强且热度偏后,v4
2026-05-28,,次日已审,低层级强势反哺,普通/不推送走强,low_level_winner,不推送 后来走强，原因反哺：人气排名明显上升、市场强势且个股相对强势、当日强涨,52,603618,杭电股份,不推送,未入快策略,,2026-05-28,0,common_index_cache,5,12.23,-2.14,9.99,9.99,9.99,8.78,12.23,11.16,14.68,16.4,post_close,2026-05-28 15:00:00,当日强涨；收盘承接较强；温和放量；站上20日线且不过热；人气排名明显上升；市场强势且个股相对强势,近5日趋势未确认；v4短线偏离MA5过多,v4
2026-05-28,,次日已审,低层级强势反哺,普通/不推送走强,low_level_winner,不推送 后来走强，原因反哺：市场强势且个股相对强势、当日上涨、持续霸榜,55,600759,ST洲际,不推送,未入快策略,,2026-05-28,0,common_index_cache,5,7.98,4.94,4.94,4.94,4.94,15.97,7.98,10.51,2.9,21.67,post_close,2026-05-28 15:00:00,当日上涨；收在日内高位；温和放量；持续霸榜；市场强势且个股相对强势,近5日趋势未确认；仍在20日线下方；热度可能进入后段；人气排名明显回落；v4短线偏离MA5过多；v4趋势未转强且热度偏后,v4
2026-05-28,,次日已审,低层级强势反哺,普通/不推送走强,low_level_winner,不推送 后来走强，原因反哺：v4多头排列技术加分、市场强势且个股相对强势、当日上涨,76,300394,天孚通信,不推送,未入快策略,,2026-05-28,0,common_index_cache,5,7.35,4.34,1.71,10.01,1.71,2.11,7.35,-2.14,2.88,17.3,post_close,2026-05-28 15:00:00,当日上涨；收在日内高位；温和放量；近5日强势延续；站上20日线且不过热；连续上榜确认；市场强势且个股相对强势；v4多头排列技术加分,短线涨幅偏高；v4乖离率过大；v4远离短中期均线,v4
2026-05-28,,次日已审,低层级强势反哺,普通/不推送走强,low_level_winner,不推送 后来走强，原因反哺：连续上榜确认,91,688635,长进光子,不推送,未入快策略,,2026-05-28,0,common_index_cache,5,6.33,-1.2,17.86,22.66,17.86,-0.05,6.33,1.16,7.62,22.66,post_close,2026-05-28 15:00:00,连续上榜确认,当日转弱；人气排名明显回落；强势市里个股相对走弱；v4长上影承接转弱；v4跌破短均线,v4
2026-05-28,,次日已审,低层级强势反哺,普通/不推送走强,low_level_winner,不推送 后来走强，原因反哺：人气Top20、人气排名明显上升、持续霸榜,16,603778,国晟科技,不推送,未入快策略,,2026-05-28,0,common_index_cache,5,5.73,1.93,-2.22,3.22,-2.22,6.9,5.73,4.88,3.73,15.79,post_close,2026-05-28 15:00:00,人气Top20；温和放量；持续霸榜；人气排名明显上升,当日转弱；收盘承接偏弱；近5日趋势未确认；仍在20日线下方；热度可能进入后段；强势市里个股相对走弱；v4跌破短均线,v4
2026-05-28,,次日已审,低层级强势反哺,普通/不推送走强,low_level_winner,不推送 后来走强，原因反哺：人气Top50、市场强势且个股相对强势、当日上涨,50,600745,*ST闻泰,不推送,未入快策略,,2026-05-28,0,common_index_cache,5,4.47,4.98,4.98,4.98,4.98,15.74,4.47,10.26,-0.48,21.53,post_close,2026-05-28 15:00:00,人气Top50；当日上涨；收在日内高位；近5日趋势升温；持续霸榜；市场强势且个股相对强势,量能不足；仍在20日线下方；热度可能进入后段；人气排名明显回落；v4乖离率过大；v4远离短中期均线；v4趋势未转强且热度偏后；v4主力资金净流出；v4事件谨慎扣分（异常波动）,v4
2026-05-28,,次日已审,低层级强势反哺,普通/不推送走强,low_level_winner,不推送 后来走强，原因反哺：v4多头排列技术加分、人气Top20、市场强势且个股相对强势,12,600863,华能蒙电,不推送,未入快策略,,2026-05-28,0,common_index_cache,5,3.61,0.0,9.94,9.94,9.94,11.14,3.61,11.14,3.61,20.93,post_close,2026-05-28 15:00:00,人气Top20；温和放量；近5日趋势升温；站上20日线且不过热；持续霸榜；市场强势且个股相对强势；v4多头排列技术加分,当日转弱；收盘承接偏弱；热度可能进入后段；v4乖离率过大；v4远离短中期均线；v4长上影承接转弱；v4事件谨慎扣分（异常波动）,v4
2026-05-28,,次日已审,低层级强势反哺,普通/不推送走强,low_level_winner,不推送 后来走强，原因反哺：市场强势且个股相对强势、站上20日线且不过热、近5日趋势升温,68,002251,步步高,不推送,未入快策略,,2026-05-28,0,common_index_cache,5,-0.45,0.23,9.91,9.91,9.91,9.91,-0.45,9.66,-0.67,17.12,post_close,2026-05-28 15:00:00,近5日趋势升温；站上20日线且不过热；连续上榜确认；市场强势且个股相对强势,当日转弱；收盘承接偏弱；放量过猛；人气排名明显回落；v4乖离率过大；v4远离短中期均线；v4长上影承接转弱；v4事件谨慎扣分（异常波动）,v4
2026-05-28,,次日已审,低层级强势反哺,普通/不推送走强,low_level_winner,不推送 后来走强，原因反哺：人气Top50、人气排名明显上升、市场强势且个股相对强势,36,600487,亨通光电,不推送,已入快策略,,2026-05-28,0,common_index_cache,5,38.86,0.01,9.42,10.0,9.42,17.93,38.86,17.92,38.84,40.45,post_close,2026-05-28 15:00:00,人气Top50；收在日内高位；温和放量；持续霸榜；人气排名明显上升；市场强势且个股相对强势,热度可能进入后段；v4趋势未转强且热度偏后,v4
2026-05-28,,次日已审,低层级强势反哺,普通/不推送走强,low_level_winner,普通观察 后来走强，原因反哺：v4筹码集中加分、人气Top50、人气排名明显上升,46,002491,通鼎互联,普通观察,已入快策略,,2026-05-28,0,common_index_cache,5,16.05,-0.52,3.5,7.53,3.5,8.52,16.05,9.09,16.65,16.05,post_close,2026-05-28 15:00:00,人气Top50；当日强涨；收在日内高位；温和放量；近5日趋势升温；站上20日线且不过热；人气排名明显上升；市场强势且个股相对强势；v4筹码集中加分,v4获利盘结构偏弱,v4
2026-05-28,,次日已审,低层级强势反哺,普通/不推送走强,low_level_winner,不推送 后来走强，原因反哺：v4主力资金净流入、人气Top50、市场强势且个股相对强势,21,600522,中天科技,不推送,已入快策略,,2026-05-28,0,common_index_cache,5,13.67,1.18,4.12,7.6,4.12,5.85,13.67,4.61,12.34,16.44,post_close,2026-05-28 15:00:00,人气Top50；当日上涨；收在日内高位；温和放量；持续霸榜；市场强势且个股相对强势；v4主力资金净流入,近5日趋势未确认；热度可能进入后段；v4趋势未转强且热度偏后,v4
2026-05-28,,次日已审,低层级强势反哺,普通/不推送走强,low_level_winner,不推送 后来走强，原因反哺：人气Top10、市场强势且个股相对强势、当日上涨,5,601991,大唐发电,不推送,已入快策略,,2026-05-28,0,common_index_cache,5,10.13,-1.5,7.88,9.87,7.88,14.75,10.13,16.5,11.8,24.0,post_close,2026-05-28 15:00:00,人气Top10；当日上涨；温和放量；近5日趋势升温；站上20日线且不过热；持续霸榜；市场强势且个股相对强势,热度可能进入后段；v4乖离率过大,v4
2026-05-28,,次日已审,低层级强势反哺,普通/不推送走强,low_level_winner,不推送 后来走强，原因反哺：v4多头排列技术加分、v4沿短均线抬升、市场强势且个股相对强势,88,300433,蓝思科技,不推送,已入快策略,,2026-05-28,0,common_index_cache,5,8.48,-0.82,0.67,2.66,0.67,2.49,8.48,3.33,9.37,16.33,post_close,2026-05-28 15:00:00,温和放量；近5日趋势升温；站上20日线且不过热；连续上榜确认；市场强势且个股相对强势；v4多头排列技术加分；v4沿短均线抬升,当日转弱；收盘承接偏弱；人气排名明显回落；v4长上影承接转弱,v4
2026-05-27,2026-05-20,次日已审,快策略候选,优先成功,priority_success,下个交易日主盯 后续最高表现达到 32.29%，保留这类命中特征。,28,002579,中京电子,观察池,下个交易日主盯,105.88,2026-05-27,0,common_index_cache,6,24.61,1.87,9.98,9.98,9.98,14.09,17.59,11.99,15.43,32.29,post_close,2026-05-27 15:00:00,人气Top50；当日涨停附近；收在日内高位；温和放量；近5日强势延续；站上20日线且不过热；连续上榜确认；人气排名明显上升；震荡市里保持相对强势；震荡市里承接未失控；v4多头排列技术加分,短线涨幅偏高；v4乖离率过大；v4远离短中期均线；涨停封板不可买,v4
2026-05-27,2026-05-20,次日已审,快策略候选,优先成功,priority_success,下个交易日主盯 后续最高表现达到 18.31%，保留这类命中特征。,9,600396,华电辽能,观察池,下个交易日主盯,99.58,2026-05-27,0,common_index_cache,6,18.31,5.01,3.72,8.83,3.72,-0.38,14.92,-5.13,9.44,14.92,post_close,2026-05-27 15:00:00,人气Top10；当日涨停附近；收在日内高位；温和放量；近5日强势延续；持续霸榜；震荡市里保持相对强势；震荡市里承接未失控,短线涨幅偏高；偏离20日线较大；热度可能进入后段；v4乖离率过大；v4远离短中期均线；涨停封板不可买,v4
2026-05-27,2026-05-20,次日已审,快策略候选,优先成功,priority_success,下个交易日主盯 后续最高表现达到 33.79%，保留这类命中特征。,47,000539,粤电力A,观察池,下个交易日主盯,95.13,2026-05-27,0,common_index_cache,6,24.93,7.63,9.95,9.95,9.95,33.11,28.07,23.67,18.99,33.79,post_close,2026-05-27 15:00:00,人气Top50；当日涨停附近；收在日内高位；放量仍可控；近5日趋势升温；站上20日线且不过热；震荡市里保持相对强势；震荡市里承接未失控,v4乖离率过大；涨停封板不可买,v4
2026-05-27,2026-05-20,次日已审,快策略候选,优先成功,priority_success,下个交易日主盯 后续最高表现达到 19.67%，保留这类命中特征。,17,600863,华能蒙电,观察池,下个交易日主盯,94.33,2026-05-27,0,common_index_cache,6,2.53,2.83,-1.04,8.94,-1.04,18.03,10.13,14.78,7.1,19.67,post_close,2026-05-27 15:00:00,人气Top20；当日涨停附近；收在日内高位；温和放量；近5日趋势升温；持续霸榜；人气排名明显上升；震荡市里保持相对强势；震荡市里承接未失控；v4多头排列技术加分,偏离20日线较大；热度可能进入后段；v4乖离率过大；v4远离短中期均线；涨停封板不可买,v4
2026-05-27,2026-05-20,次日已审,快策略候选,优先成功,priority_success,下个交易日主盯 后续最高表现达到 30.11%，保留这类命中特征。,33,600726,华电能源,观察池,下个交易日主盯,94.18,2026-05-27,0,common_index_cache,6,24.13,10.04,10.04,10.04,10.04,13.5,16.01,3.15,5.43,30.11,post_close,2026-05-27 15:00:00,人气Top50；当日涨停附近；收在日内高位；近5日强势延续；站上20日线且不过热；连续上榜确认；人气排名明显上升；震荡市里保持相对强势；震荡市里承接未失控,短线涨幅偏高；v4乖离率过大；v4远离短中期均线；涨停封板不可买,v4
2026-05-27,2026-05-20,次日已审,快策略候选,优先成功,priority_success,下个交易日主盯 后续最高表现达到 28.66%，保留这类命中特征。,4,601991,大唐发电,不推送,下个交易日主盯,93.03,2026-05-27,0,common_index_cache,6,14.27,0.26,3.76,6.61,3.76,8.56,18.03,8.28,17.72,28.66,post_close,2026-05-27 15:00:00,人气Top10；当日强涨；收盘承接较强；温和放量；站上20日线且不过热；持续霸榜；震荡市里保持相对强势；震荡市里承接未失控,热度可能进入后段；v4乖离率过大,v4
2026-05-27,2026-05-20,次日已审,快策略候选,优先成功,priority_success,下个交易日主盯 后续最高表现达到 16.19%，保留这类命中特征。,21,300433,蓝思科技,不推送,下个交易日主盯,82.38,2026-05-27,0,common_index_cache,6,8.34,-1.19,-0.12,3.53,-0.12,3.85,10.2,5.1,11.53,16.19,post_close,2026-05-27 15:00:00,人气Top50；当日上涨；收盘承接较强；温和放量；近5日趋势升温；站上20日线且不过热；人气排名明显上升；震荡市里保持相对强势；震荡市里承接未失控；v4多头排列技术加分；v4沿短均线抬升,v4短线偏离MA5过多；v4远离短中期均线,v4
2026-05-27,2026-05-20,次日已审,快策略候选,优先成功,priority_success,下个交易日主盯 后续最高表现达到 28.79%，保留这类命中特征。,35,603773,沃格光电,不推送,下个交易日主盯,80.98,2026-05-27,0,common_index_cache,6,22.41,-1.98,10.0,10.0,10.0,14.5,18.83,16.81,21.23,28.79,post_close,2026-05-27 15:00:00,人气Top50；当日强涨；收盘承接较强；温和放量；近5日强势延续；连续上榜确认；人气排名明显上升；震荡市里保持相对强势；震荡市里承接未失控；v4多头排列技术加分,短线涨幅偏高；偏离20日线较大；v4乖离率过大；v4远离短中期均线,v4
2026-05-27,2026-05-20,次日已审,快策略候选,优先成功,priority_success,下个交易日主盯 后续最高表现达到 21.02%，保留这类命中特征。,46,600172,黄河旋风,观察池,下个交易日主盯,80.63,2026-05-27,0,common_index_cache,6,9.12,-0.38,10.02,10.02,10.02,1.51,13.34,1.89,13.77,21.02,post_close,2026-05-27 15:00:00,人气Top50；当日涨停附近；收在日内高位；放量仍可控；近5日趋势升温；连续上榜确认；震荡市里保持相对强势；震荡市里承接未失控；v4多头排列技术加分,偏离20日线较大；人气排名明显回落；v4乖离率过大；v4远离短中期均线；v4放量冲高过热；涨停封板不可买,v4
2026-05-27,2026-05-20,次日已审,快策略候选,优先成功,priority_success,下个交易日主盯 后续最高表现达到 24.64%，保留这类命中特征。,96,002552,宝鼎科技,观察池,下个交易日主盯,80.09,2026-05-27,0,common_index_cache,6,16.76,-3.44,9.99,9.99,9.99,14.64,17.69,18.73,21.89,24.64,post_close,2026-05-27 15:00:00,当日涨停附近；收在日内高位；温和放量；近5日趋势升温；连续上榜确认；震荡市里保持相对强势；震荡市里承接未失控；v4多头排列技术加分,远离20日线过多；人气排名明显回落；后段人气股在偏弱环境里更谨慎；v4乖离率过大；v4远离短中期均线；涨停封板不可买,v4
2026-05-27,2026-05-20,次日已审,快策略候选,优先成功,priority_success,下个交易日主盯 后续最高表现达到 15.09%，保留这类命中特征。,32,002421,达实智能,不推送,下个交易日主盯,63.38,2026-05-27,0,common_index_cache,6,3.49,-7.42,-0.22,8.3,-0.22,-1.31,6.55,6.6,15.09,11.35,post_close,2026-05-27 15:00:00,人气Top50；温和放量；近5日趋势升温；持续霸榜；震荡市里保持相对强势；v4多头排列技术加分；v4沿短均线抬升,当日转弱；收盘承接偏弱；偏离20日线较大；热度可能进入后段；v4远离短中期均线,v4
2026-05-27,2026-05-20,次日已审,快策略候选,优先成功,priority_success,下个交易日主盯 后续最高表现达到 28.00%，保留这类命中特征。,23,600759,ST洲际,不推送,下个交易日主盯,63.23,2026-05-27,0,common_index_cache,6,13.6,0.8,5.2,5.2,5.2,16.0,19.6,15.08,18.65,28.0,post_close,2026-05-27 15:00:00,人气Top50；收盘承接较强；温和放量；持续霸榜；震荡市里保持相对强势；震荡市里承接未失控,近5日趋势未确认；仍在20日线下方；热度可能进入后段；v4趋势未转强且热度偏后,v4
2026-05-27,2026-05-20,次日已审,快策略候选,优先成功,priority_success,下个交易日主盯 后续最高表现达到 18.77%，保留这类命中特征。,43,300308,中际旭创,不推送,下个交易日主盯,60.53,2026-05-27,0,common_index_cache,6,15.17,-1.02,7.79,7.96,7.79,1.68,14.72,2.73,15.91,18.77,post_close,2026-05-27 15:00:00,人气Top50；温和放量；近5日趋势升温；站上20日线且不过热；持续霸榜；人气排名明显上升；震荡市里保持相对强势；v4多头排列技术加分；v4沿短均线抬升,收盘承接偏弱；热度可能进入后段；上影线偏长；v4短线偏离MA5过多；v4长上影承接转弱；v4正涨但收盘承接一般,v4
2026-05-27,2026-05-20,次日已审,快策略候选,优先走弱,priority_failed,下个交易日主盯 未兑现，复盘风险项：后段人气股在偏弱环境里更谨慎；v4乖离率过大；v4远离短中期均线；涨停封板不可买,74,600021,上海电力,观察池,下个交易日主盯,98.88,2026-05-27,0,common_index_cache,6,-3.84,0.0,2.87,4.18,2.87,0.0,1.31,0.0,1.31,8.55,post_close,2026-05-27 15:00:00,当日涨停附近；收在日内高位；温和放量；近5日趋势升温；站上20日线且不过热；连续上榜确认；震荡市里保持相对强势；震荡市里承接未失控；v4多头排列技术加分,后段人气股在偏弱环境里更谨慎；v4乖离率过大；v4远离短中期均线；涨停封板不可买,v4
2026-05-27,2026-05-20,次日已审,快策略候选,优先走弱,priority_failed,下个交易日主盯 未兑现，复盘风险项：热度可能进入后段；v4乖离率过大；v4远离短中期均线,8,603601,再升科技,普通观察,下个交易日主盯,90.43,2026-05-27,0,common_index_cache,6,-27.21,-2.29,10.0,10.0,10.0,-10.89,-20.94,-8.8,-19.09,10.0,post_close,2026-05-27 15:00:00,人气Top10；当日上涨；收盘承接较强；温和放量；近5日趋势升温；站上20日线且不过热；持续霸榜；人气排名明显上升；震荡市里保持相对强势；震荡市里承接未失控；v4多头排列技术加分,热度可能进入后段；v4乖离率过大；v4远离短中期均线,v4
2026-05-27,2026-05-20,次日已审,快策略候选,优先走弱,priority_failed,下个交易日主盯 未兑现，复盘风险项：热度可能进入后段；v4乖离率过大；v4远离短中期均线；v4长上影承接转弱,7,000021,深科技,不推送,下个交易日主盯,88.69,2026-05-27,0,common_index_cache,6,-9.78,-4.25,-3.02,-0.23,-3.02,-17.17,-12.91,-13.49,-9.05,-0.23,post_close,2026-05-27 15:00:00,人气Top10；当日上涨；温和放量；近5日趋势升温；站上20日线且不过热；持续霸榜；震荡市里保持相对强势；v4多头排列技术加分,热度可能进入后段；v4乖离率过大；v4远离短中期均线；v4长上影承接转弱,v4
2026-05-27,2026-05-20,次日已审,快策略候选,优先走弱,priority_failed,下个交易日主盯 未兑现，复盘风险项：偏离20日线较大；人气排名明显回落；后段人气股在偏弱环境里更谨慎；v4乖离率过大；v4远离短中期均线；涨停封板不可买,98,002245,蔚蓝锂芯,观察池,下个交易日主盯,84.59,2026-05-27,0,common_index_cache,6,-8.47,-0.44,-5.53,1.89,-5.53,-10.97,-12.51,-10.58,-12.13,1.89,post_close,2026-05-27 15:00:00,当日涨停附近；收在日内高位；温和放量；近5日趋势升温；连续上榜确认；震荡市里保持相对强势；震荡市里承接未失控；v4多头排列技术加分,偏离20日线较大；人气排名明显回落；后段人气股在偏弱环境里更谨慎；v4乖离率过大；v4远离短中期均线；涨停封板不可买,v4
2026-05-27,2026-05-20,次日已审,快策略候选,优先走弱,priority_failed,下个交易日主盯 未兑现，复盘风险项：短线涨幅偏高；偏离20日线较大；热度可能进入后段；v4乖离率过大；v4远离短中期均线,6,002156,通富微电,不推送,下个交易日主盯,84.58,2026-05-27,0,common_index_cache,6,-0.48,-2.72,-3.0,-0.78,-3.0,-14.07,-1.71,-11.67,1.04,-0.76,post_close,2026-05-27 15:00:00,人气Top10；当日强涨；收盘承接较强；温和放量；近5日强势延续；持续霸榜；震荡市里保持相对强势；震荡市里承接未失控；v4多头排列技术加分,短线涨幅偏高；偏离20日线较大；热度可能进入后段；v4乖离率过大；v4远离短中期均线,v4
2026-05-27,2026-05-20,次日已审,快策略候选,优先走弱,priority_failed,下个交易日主盯 未兑现，复盘风险项：后段人气股在偏弱环境里更谨慎；v4乖离率过大；v4远离短中期均线,56,300274,阳光电源,不推送,下个交易日主盯,78.48,2026-05-27,0,common_index_cache,6,-10.72,-0.65,3.26,3.74,3.26,-5.48,-7.22,-4.86,-6.61,3.74,post_close,2026-05-27 15:00:00,当日强涨；收盘承接较强；温和放量；近5日趋势升温；站上20日线且不过热；连续上榜确认；震荡市里保持相对强势；震荡市里承接未失控；v4多头排列技术加分,后段人气股在偏弱环境里更谨慎；v4乖离率过大；v4远离短中期均线,v4
2026-05-27,2026-05-20,次日已审,快策略候选,优先走弱,priority_failed,下个交易日主盯 未兑现，复盘风险项：后段人气股在偏弱环境里更谨慎；v4乖离率过大；涨停封板不可买,58,002129,TCL中环,观察池,下个交易日主盯,77.88,2026-05-27,0,common_index_cache,6,-3.83,-0.4,5.14,6.85,5.14,-3.73,-8.06,-3.34,-7.68,6.85,post_close,2026-05-27 15:00:00,当日涨停附近；收在日内高位；温和放量；站上20日线且不过热；人气排名明显上升；震荡市里保持相对强势；震荡市里承接未失控,后段人气股在偏弱环境里更谨慎；v4乖离率过大；涨停封板不可买,v4
2026-05-27,2026-05-20,次日已审,快策略候选,优先走弱,priority_failed,下个交易日主盯 未兑现，复盘风险项：v4乖离率过大,50,600330,天通股份,不推送,下个交易日主盯,77.43,2026-05-27,0,common_index_cache,6,-4.61,-2.27,10.0,10.0,10.0,-1.95,0.93,0.33,3.28,11.57,post_close,2026-05-27 15:00:00,人气Top50；当日强涨；收盘承接较强；温和放量；近5日趋势升温；站上20日线且不过热；震荡市里保持相对强势；震荡市里承接未失控,v4乖离率过大,v4
2026-05-27,2026-05-20,次日已审,快策略候选,优先走弱,priority_failed,下个交易日主盯 未兑现，复盘风险项：近5日趋势未确认；热度可能进入后段,18,002149,西部材料,不推送,下个交易日主盯,76.53,2026-05-27,0,common_index_cache,6,-4.71,-2.0,1.08,2.68,1.08,-13.64,-5.95,-11.88,-4.03,2.68,post_close,2026-05-27 15:00:00,人气Top20；当日上涨；收在日内高位；温和放量；持续霸榜；震荡市里保持相对强势；震荡市里承接未失控,近5日趋势未确认；热度可能进入后段,v4
2026-05-27,2026-05-20,次日已审,快策略候选,优先走弱,priority_failed,下个交易日主盯 未兑现，复盘风险项：热度可能进入后段；v4乖离率过大；v4远离短中期均线,12,603629,利通电子,不推送,下个交易日主盯,73.83,2026-05-27,0,common_index_cache,6,-6.38,-0.74,2.78,3.23,2.78,1.21,-2.9,1.96,-2.17,12.52,post_close,2026-05-27 15:00:00,人气Top20；收在日内高位；近5日趋势升温；站上20日线且不过热；持续霸榜；震荡市里保持相对强势；震荡市里承接未失控；v4多头排列技术加分,热度可能进入后段；v4乖离率过大；v4远离短中期均线,v4
2026-05-27,2026-05-20,次日已审,快策略候选,优先走弱,priority_failed,下个交易日主盯 未兑现，复盘风险项：短线涨幅偏高；远离20日线过多；热度可能进入后段；v4乖离率过大；v4远离短中期均线,10,600578,京能电力,不推送,下个交易日主盯,66.48,2026-05-27,0,common_index_cache,6,-3.51,-2.06,-5.05,3.61,-5.05,-12.99,-3.71,-11.16,-1.68,3.61,post_close,2026-05-27 15:00:00,人气Top10；当日上涨；收盘承接较强；温和放量；近5日强势延续；持续霸榜；震荡市里保持相对强势；震荡市里承接未失控；v4多头排列技术加分,短线涨幅偏高；远离20日线过多；热度可能进入后段；v4乖离率过大；v4远离短中期均线,v4
2026-05-27,2026-05-20,次日已审,快策略候选,优先走弱,priority_failed,下个交易日主盯 未兑现，复盘风险项：上影线偏长；v4乖离率过大；v4长上影承接转弱；v4正涨但收盘承接一般,31,002617,露笑科技,不推送,下个交易日主盯,64.59,2026-05-27,0,common_index_cache,6,-16.44,-3.63,-1.91,-1.05,-1.91,-11.95,-17.21,-8.63,-14.09,-1.05,post_close,2026-05-27 15:00:00,人气Top50；当日上涨；温和放量；近5日趋势升温；站上20日线且不过热；连续上榜确认；震荡市里保持相对强势；v4多头排列技术加分,上影线偏长；v4乖离率过大；v4长上影承接转弱；v4正涨但收盘承接一般,v4
2026-05-27,2026-05-20,次日已审,快策略候选,优先走弱,priority_failed,下个交易日主盯 未兑现，复盘风险项：短线涨幅偏高；v4乖离率过大；v4远离短中期均线；v4长上影承接转弱,38,605006,山东玻纤,不推送,下个交易日主盯,63.94,2026-05-27,0,common_index_cache,6,-0.65,-4.04,8.89,9.43,8.89,-11.11,-7.33,-7.36,-3.43,9.43,post_close,2026-05-27 15:00:00,人气Top50；当日上涨；温和放量；近5日强势延续；站上20日线且不过热；连续上榜确认；人气排名明显上升；震荡市里保持相对强势；v4多头排列技术加分,短线涨幅偏高；v4乖离率过大；v4远离短中期均线；v4长上影承接转弱,v4
2026-05-27,2026-05-20,次日已审,快策略候选,优先走弱,priority_failed,下个交易日主盯 未兑现，复盘风险项：近5日趋势未确认；热度可能进入后段,19,600519,贵州茅台,不推送,下个交易日主盯,59.33,2026-05-27,0,common_index_cache,6,-2.69,-1.0,-2.07,0.08,-2.07,0.51,-1.62,1.52,-0.63,2.0,post_close,2026-05-27 15:00:00,人气Top20；收盘承接较强；放量仍可控；持续霸榜；人气排名明显上升；震荡市里保持相对强势；震荡市里承接未失控,近5日趋势未确认；热度可能进入后段,v4
2026-05-27,2026-05-20,次日已审,快策略候选,优先走弱,priority_failed,下个交易日主盯 未兑现，复盘风险项：放量过猛；v4乖离率过大；v4放量冲高过热；涨停封板不可买,41,600779,水井坊,观察池,下个交易日主盯,58.53,2026-05-27,0,common_index_cache,6,-8.9,2.06,2.5,6.07,2.5,-0.65,-3.74,-2.66,-5.69,8.9,post_close,2026-05-27 15:00:00,人气Top50；当日涨停附近；收在日内高位；近5日趋势升温；站上20日线且不过热；震荡市里保持相对强势；震荡市里承接未失控,放量过猛；v4乖离率过大；v4放量冲高过热；涨停封板不可买,v4
2026-05-27,2026-05-20,次日已审,快策略候选,暂未强势,neutral,继续等待更多交易日或降低权重。,85,600744,华银电力,观察池,下个交易日主盯,81.48,2026-05-27,0,common_index_cache,6,2.21,4.07,1.86,7.56,1.86,0.35,6.98,-3.58,2.79,8.14,post_close,2026-05-27 15:00:00,当日涨停附近；收在日内高位；温和放量；近5日趋势升温；站上20日线且不过热；震荡市里保持相对强势；震荡市里承接未失控,后段人气股在偏弱环境里更谨慎；v4乖离率过大；涨停封板不可买,v4
2026-05-27,2026-05-20,次日已审,快策略候选,暂未强势,neutral,继续等待更多交易日或降低权重。,49,600105,永鼎股份,不推送,下个交易日主盯,72.38,2026-05-27,0,common_index_cache,6,11.94,-1.86,0.06,0.58,0.06,-6.99,7.05,-5.23,9.08,12.54,post_close,2026-05-27 15:00:00,人气Top50；当日上涨；温和放量；站上20日线且不过热；连续上榜确认；震荡市里保持相对强势,近5日趋势未确认,v4
2026-05-27,,次日已审,低层级强势反哺,普通/不推送走强,low_level_winner,不推送 后来走强，原因反哺：v4多头排列技术加分、人气Top20、人气排名明显上升,16,000636,风华高科,不推送,未入快策略,,2026-05-27,0,common_index_cache,6,43.6,0.86,10.0,10.0,10.0,24.49,36.91,23.43,35.74,39.46,post_close,2026-05-27 15:00:00,人气Top20；当日上涨；收盘承接较强；温和放量；近5日强势延续；连续上榜确认；人气排名明显上升；震荡市里保持相对强势；震荡市里承接未失控；v4多头排列技术加分,短线涨幅偏高；偏离20日线较大；v4乖离率过大；v4远离短中期均线,v4
2026-05-27,,次日已审,低层级强势反哺,普通/不推送走强,low_level_winner,不推送 后来走强，原因反哺：持续霸榜、温和放量,52,600487,亨通光电,不推送,未入快策略,,2026-05-27,0,common_index_cache,6,42.48,-1.73,2.61,3.33,2.61,10.0,33.11,11.94,35.45,33.11,post_close,2026-05-27 15:00:00,温和放量；持续霸榜,当日转弱；收盘承接偏弱；近5日趋势未确认；热度可能进入后段；震荡市里相对走弱；后段人气股在偏弱环境里更谨慎；市场健康度不足，收缩推送；v4长上影承接转弱；v4跌破短均线；v4趋势未转强且热度偏后,v4
2026-05-27,,次日已审,低层级强势反哺,普通/不推送走强,low_level_winner,不推送 后来走强，原因反哺：人气排名明显上升、持续霸榜、温和放量,54,001896,豫能控股,不推送,未入快策略,,2026-05-27,0,common_index_cache,6,40.34,-0.51,-0.32,4.96,-0.32,12.13,27.57,12.71,28.22,27.57,post_close,2026-05-27 15:00:00,温和放量；近5日趋势升温；持续霸榜；人气排名明显上升；震荡市里保持相对强势,当日转弱；热度可能进入后段；后段人气股在偏弱环境里更谨慎；v4长上影承接转弱；v4跌破短均线；v4趋势未转强且热度偏后；v4事件风险扣分（监管）,v4
2026-05-27,,次日已审,低层级强势反哺,普通/不推送走强,low_level_winner,不推送 后来走强，原因反哺：站上20日线且不过热,88,920161,龙辰科技,不推送,未入快策略,,2026-05-27,0,common_index_cache,6,39.71,-13.68,-3.3,-2.37,-3.3,-8.4,7.47,6.11,24.5,25.25,post_close,2026-05-27 15:00:00,站上20日线且不过热,收盘承接偏弱；后段人气股在偏弱环境里更谨慎；市场健康度不足，收缩推送,v4
2026-05-27,,次日已审,低层级强势反哺,普通/不推送走强,low_level_winner,不推送 后来走强，原因反哺：人气Top50、持续霸榜,30,600522,中天科技,不推送,未入快策略,,2026-05-27,0,common_index_cache,6,17.95,0.51,3.76,4.33,3.76,0.87,15.19,0.36,14.6,20.31,post_close,2026-05-27 15:00:00,人气Top50；持续霸榜,当日转弱；收盘承接偏弱；近5日趋势未确认；热度可能进入后段；震荡市里相对走弱；市场健康度不足，收缩推送；v4长上影承接转弱；v4跌破短均线；v4趋势未转强且热度偏后；v4主力资金强净流出,v4
2026-05-27,,次日已审,低层级强势反哺,普通/不推送走强,low_level_winner,不推送 后来走强，原因反哺：v4多头排列技术加分、人气Top50、人气排名明显上升,29,600667,太极实业,不推送,未入快策略,,2026-05-27,0,common_index_cache,6,17.53,-1.08,-2.08,0.0,-2.08,-2.44,6.82,-1.38,7.99,12.07,post_close,2026-05-27 15:00:00,人气Top50；当日上涨；温和放量；站上20日线且不过热；人气排名明显上升；震荡市里保持相对强势；v4多头排列技术加分,收盘承接偏弱；上影线偏长；v4乖离率过大；v4长上影承接转弱；v4正涨但收盘承接一般,v4
2026-05-27,,次日已审,低层级强势反哺,普通/不推送走强,low_level_winner,不推送 后来走强，原因反哺：连续上榜确认,73,603435,嘉德利,不推送,未入快策略,,2026-05-27,0,common_index_cache,6,15.84,-4.1,-0.22,7.58,-0.22,16.53,5.31,21.51,9.81,20.66,post_close,2026-05-27 15:00:00,连续上榜确认,当日转弱；收盘承接偏弱；仍在20日线下方；震荡市里相对走弱；后段人气股在偏弱环境里更谨慎；市场健康度不足，收缩推送；v4长上影承接转弱；v4跌破短均线；v4趋势未转强且热度偏后,v4
2026-05-27,,次日已审,低层级强势反哺,普通/不推送走强,low_level_winner,不推送 后来走强，原因反哺：v4多头排列技术加分、人气Top50、人气排名明显上升,22,601138,工业富联,不推送,未入快策略,,2026-05-27,0,common_index_cache,6,12.09,-0.11,7.02,8.85,7.02,5.24,15.65,5.36,15.79,21.22,post_close,2026-05-27 15:00:00,人气Top50；温和放量；站上20日线且不过热；持续霸榜；人气排名明显上升；震荡市里保持相对强势；v4多头排列技术加分,收盘承接偏弱；热度可能进入后段；上影线偏长；v4长上影承接转弱；v4正涨但收盘承接一般,v4
2026-05-27,,次日已审,低层级强势反哺,普通/不推送走强,low_level_winner,不推送 后来走强，原因反哺：v4多头排列技术加分、当日上涨、温和放量,84,300394,天孚通信,不推送,未入快策略,,2026-05-27,0,common_index_cache,6,12.09,-0.24,4.42,5.03,4.42,0.06,16.04,0.3,16.32,22.49,post_close,2026-05-27 15:00:00,当日上涨；温和放量；近5日趋势升温；站上20日线且不过热；震荡市里保持相对强势；v4多头排列技术加分,人气排名明显回落；后段人气股在偏弱环境里更谨慎；v4乖离率过大；v4远离短中期均线；v4长上影承接转弱,v4
2026-05-27,,次日已审,低层级强势反哺,普通/不推送走强,low_level_winner,不推送 后来走强，原因反哺：v4多头排列技术加分、温和放量、站上20日线且不过热,92,300502,新易盛,不推送,未入快策略,,2026-05-27,0,common_index_cache,6,11.65,0.0,3.36,4.6,3.36,-2.18,12.55,-2.18,12.55,17.41,post_close,2026-05-27 15:00:00,温和放量；近5日趋势升温；站上20日线且不过热；连续上榜确认；震荡市里保持相对强势；v4多头排列技术加分,当日转弱；收盘承接偏弱；人气排名明显回落；后段人气股在偏弱环境里更谨慎；v4乖离率过大；v4远离短中期均线；v4长上影承接转弱,v4
2026-05-27,,次日已审,低层级强势反哺,普通/不推送走强,low_level_winner,不推送 后来走强，原因反哺：v4主力资金强净流入、v4龙虎榜活跃、人气Top20,20,600745,*ST闻泰,不推送,未入快策略,,2026-05-27,0,common_index_cache,6,9.71,5.01,5.01,5.01,5.01,15.73,15.47,10.21,9.95,27.63,post_close,2026-05-27 15:00:00,人气Top20；当日上涨；收在日内高位；近5日趋势升温；持续霸榜；人气排名明显上升；震荡市里保持相对强势；震荡市里承接未失控；v4主力资金强净流入；v4龙虎榜活跃,量能不足；仍在20日线下方；热度可能进入后段；v4乖离率过大,v4
2026-05-27,,次日已审,低层级强势反哺,普通/不推送走强,low_level_winner,不推送 后来走强，原因反哺：持续霸榜、站上20日线且不过热,61,002281,光迅科技,不推送,未入快策略,,2026-05-27,0,common_index_cache,6,8.81,-1.33,6.02,8.1,6.02,0.79,10.51,2.15,12.0,15.44,post_close,2026-05-27 15:00:00,站上20日线且不过热；持续霸榜,当日转弱；收盘承接偏弱；近5日趋势未确认；热度可能进入后段；人气排名明显回落；震荡市里相对走弱；后段人气股在偏弱环境里更谨慎；市场健康度不足，收缩推送；v4长上影承接转弱；v4跌破短均线；v4趋势未转强且热度偏后,v4
2026-05-27,,次日已审,低层级强势反哺,普通/不推送走强,low_level_winner,不推送 后来走强，原因反哺：人气Top50、当日上涨、温和放量,42,002181,粤传媒,不推送,未入快策略,,2026-05-27,0,common_index_cache,6,2.2,-2.0,6.67,8.53,6.67,21.07,5.27,23.54,7.41,21.07,post_close,2026-05-27 15:00:00,人气Top50；当日上涨；温和放量；连续上榜确认；震荡市里保持相对强势,仍在20日线下方；v4乖离率过大；v4长上影承接转弱；v4正涨但收盘承接一般,v4
2026-05-27,,次日已审,低层级强势反哺,普通/不推送走强,low_level_winner,不推送 后来走强，原因反哺：持续霸榜、温和放量,100,300058,蓝色光标,不推送,未入快策略,,2026-05-27,0,common_index_cache,6,0.89,-0.38,2.47,3.68,2.47,13.89,4.95,14.32,5.35,16.04,post_close,2026-05-27 15:00:00,温和放量；持续霸榜,当日转弱；收盘承接偏弱；近5日趋势未确认；仍在20日线下方；热度可能进入后段；震荡市里相对走弱；后段人气股在偏弱环境里更谨慎；市场健康度不足，收缩推送；v4跌破短均线；v4趋势未转强且热度偏后,v4
2026-05-27,,次日已审,低层级强势反哺,普通/不推送走强,low_level_winner,不推送 后来走强，原因反哺：人气Top3、收盘承接较强、站上20日线且不过热,2,688635,长进光子,不推送,未入快策略,,2026-05-27,0,common_index_cache,6,-1.52,-15.15,-7.38,-0.04,-7.38,-9.73,1.97,6.39,20.18,13.62,post_close,2026-05-27 15:00:00,人气Top3；收盘承接较强；站上20日线且不过热,市场健康度不足，收缩推送,v4
2026-05-27,,次日已审,低层级强势反哺,普通/不推送走强,low_level_winner,不推送 后来走强，原因反哺：v4多头排列技术加分、v4龙虎榜活跃、人气Top50,35,603773,沃格光电,不推送,已入快策略,,2026-05-27,0,common_index_cache,6,22.41,-1.98,10.0,10.0,10.0,14.5,18.83,16.81,21.23,28.79,post_close,2026-05-27 15:00:00,人气Top50；当日强涨；收盘承接较强；温和放量；近5日强势延续；连续上榜确认；人气排名明显上升；震荡市里保持相对强势；震荡市里承接未失控；v4多头排列技术加分；v4龙虎榜活跃,短线涨幅偏高；偏离20日线较大；v4乖离率过大；v4远离短中期均线,v4
2026-05-27,,次日已审,低层级强势反哺,普通/不推送走强,low_level_winner,不推送 后来走强，原因反哺：v4多头排列技术加分、v4龙虎榜提示关注、当日上涨,96,002552,宝鼎科技,不推送,已入快策略,,2026-05-27,0,common_index_cache,6,16.76,-3.44,9.99,9.99,9.99,14.64,17.69,18.73,21.89,24.64,post_close,2026-05-27 15:00:00,当日上涨；温和放量；近5日强势延续；连续上榜确认；震荡市里保持相对强势；v4多头排列技术加分；v4龙虎榜提示关注,短线涨幅偏高；远离20日线过多；人气排名明显回落；后段人气股在偏弱环境里更谨慎；v4乖离率过大；v4远离短中期均线；v4长上影承接转弱；v4事件谨慎扣分（风险提示/异常波动）,v4
2026-05-27,,次日已审,低层级强势反哺,普通/不推送走强,low_level_winner,不推送 后来走强，原因反哺：v4多头排列技术加分、v4沿短均线抬升、人气Top50,43,300308,中际旭创,不推送,已入快策略,,2026-05-27,0,common_index_cache,6,15.17,-1.02,7.79,7.96,7.79,1.68,14.72,2.73,15.91,18.77,post_close,2026-05-27 15:00:00,人气Top50；温和放量；近5日趋势升温；站上20日线且不过热；持续霸榜；人气排名明显上升；震荡市里保持相对强势；v4多头排列技术加分；v4沿短均线抬升,收盘承接偏弱；热度可能进入后段；上影线偏长；v4短线偏离MA5过多；v4长上影承接转弱；v4正涨但收盘承接一般,v4
2026-05-27,,次日已审,低层级强势反哺,普通/不推送走强,low_level_winner,不推送 后来走强，原因反哺：人气Top10、当日强涨、持续霸榜,4,601991,大唐发电,不推送,已入快策略,,2026-05-27,0,common_index_cache,6,14.27,0.26,3.76,6.61,3.76,8.56,18.03,8.28,17.72,28.66,post_close,2026-05-27 15:00:00,人气Top10；当日强涨；收盘承接较强；温和放量；站上20日线且不过热；持续霸榜；震荡市里保持相对强势；震荡市里承接未失控,热度可能进入后段；v4乖离率过大,v4
2026-05-27,,次日已审,低层级强势反哺,普通/不推送走强,low_level_winner,不推送 后来走强，原因反哺：人气Top50、持续霸榜、收盘承接较强,23,600759,ST洲际,不推送,已入快策略,,2026-05-27,0,common_index_cache,6,13.6,0.8,5.2,5.2,5.2,16.0,19.6,15.08,18.65,28.0,post_close,2026-05-27 15:00:00,人气Top50；收盘承接较强；温和放量；持续霸榜；震荡市里保持相对强势；震荡市里承接未失控,近5日趋势未确认；仍在20日线下方；热度可能进入后段；v4趋势未转强且热度偏后,v4
2026-05-27,,次日已审,低层级强势反哺,普通/不推送走强,low_level_winner,不推送 后来走强，原因反哺：v4多头排列技术加分、v4龙虎榜提示关注、人气Top50,46,600172,黄河旋风,不推送,已入快策略,,2026-05-27,0,common_index_cache,6,9.12,-0.38,10.02,10.02,10.02,1.51,13.34,1.89,13.77,21.02,post_close,2026-05-27 15:00:00,人气Top50；放量仍可控；近5日趋势升温；连续上榜确认；震荡市里保持相对强势；v4多头排列技术加分；v4龙虎榜提示关注,当日转弱；收盘承接偏弱；偏离20日线较大；人气排名明显回落；v4乖离率过大；v4远离短中期均线；v4长上影承接转弱；v4事件谨慎扣分（异常波动）,v4
2026-05-27,,次日已审,低层级强势反哺,普通/不推送走强,low_level_winner,不推送 后来走强，原因反哺：v4多头排列技术加分、v4沿短均线抬升、人气Top50,21,300433,蓝思科技,不推送,已入快策略,,2026-05-27,0,common_index_cache,6,8.34,-1.19,-0.12,3.53,-0.12,3.85,10.2,5.1,11.53,16.19,post_close,2026-05-27 15:00:00,人气Top50；当日上涨；收盘承接较强；温和放量；近5日趋势升温；站上20日线且不过热；人气排名明显上升；震荡市里保持相对强势；震荡市里承接未失控；v4多头排列技术加分；v4沿短均线抬升,v4短线偏离MA5过多；v4远离短中期均线,v4
2026-05-27,,次日已审,低层级强势反哺,普通/不推送走强,low_level_winner,不推送 后来走强，原因反哺：v4多头排列技术加分、v4沿短均线抬升、v4龙虎榜提示关注,32,002421,达实智能,不推送,已入快策略,,2026-05-27,0,common_index_cache,6,3.49,-7.42,-0.22,8.3,-0.22,-1.31,6.55,6.6,15.09,11.35,post_close,2026-05-27 15:00:00,人气Top50；温和放量；近5日趋势升温；持续霸榜；震荡市里保持相对强势；v4多头排列技术加分；v4沿短均线抬升；v4龙虎榜提示关注,当日转弱；收盘承接偏弱；偏离20日线较大；热度可能进入后段；v4远离短中期均线,v4
2026-05-26,2026-05-19,次日已审,快策略候选,优先成功,priority_success,下个交易日主盯 后续最高表现达到 15.39%，保留这类命中特征。,17,600183,生益科技,观察池,下个交易日主盯,97.98,2026-05-26,0,common_index_cache,7,12.32,3.77,2.8,9.23,2.8,9.71,10.06,5.73,6.07,15.39,post_close,2026-05-26 15:00:00,人气Top20；当日涨停附近；收在日内高位；温和放量；近5日强势延续；连续上榜确认；人气排名明显上升；震荡市里保持相对强势；震荡市里承接未失控；v4多头排列技术加分,短线涨幅偏高；偏离20日线较大；v4乖离率过大；v4远离短中期均线；涨停封板不可买,v4
2026-05-26,2026-05-19,次日已审,快策略候选,优先成功,priority_success,下个交易日主盯 后续最高表现达到 17.18%，保留这类命中特征。,19,603601,再升科技,不推送,下个交易日主盯,97.83,2026-05-26,0,common_index_cache,7,-22.46,-1.39,6.52,9.56,6.52,5.48,-14.59,6.97,-13.38,17.18,post_close,2026-05-26 15:00:00,人气Top20；当日上涨；收盘承接较强；温和放量；近5日趋势升温；站上20日线且不过热；连续上榜确认；震荡市里保持相对强势；震荡市里承接未失控；v4多头排列技术加分,v4乖离率过大；v4远离短中期均线,v4
2026-05-26,2026-05-19,次日已审,快策略候选,优先成功,priority_success,下个交易日主盯 后续最高表现达到 15.74%，保留这类命中特征。,11,603629,利通电子,不推送,下个交易日主盯,91.53,2026-05-26,0,common_index_cache,7,-5.44,-1.86,1.01,1.47,1.01,13.58,-7.8,15.74,-6.05,13.65,post_close,2026-05-26 15:00:00,人气Top20；当日上涨；收盘承接较强；温和放量；近5日趋势升温；持续霸榜；震荡市里保持相对强势；震荡市里承接未失控；v4多头排列技术加分,偏离20日线较大；热度可能进入后段；v4乖离率过大；v4远离短中期均线,v4
2026-05-26,2026-05-19,次日已审,快策略候选,优先成功,priority_success,下个交易日主盯 后续最高表现达到 22.87%，保留这类命中特征。,66,301217,铜冠铜箔,不推送,下个交易日主盯,82.38,2026-05-26,0,common_index_cache,7,7.13,-2.39,-0.52,4.05,-0.52,11.27,1.15,14.0,3.63,22.87,post_close,2026-05-26 15:00:00,当日强涨；收在日内高位；温和放量；近5日趋势升温；站上20日线且不过热；人气排名明显上升；震荡市里保持相对强势；震荡市里承接未失控；v4多头排列技术加分,后段人气股在偏弱环境里更谨慎；v4乖离率过大；v4远离短中期均线,v4
2026-05-26,2026-05-19,次日已审,快策略候选,优先成功,priority_success,下个交易日主盯 后续最高表现达到 16.05%，保留这类命中特征。,63,300308,中际旭创,不推送,下个交易日主盯,77.44,2026-05-26,0,common_index_cache,7,16.05,-1.18,0.76,3.99,0.76,5.27,8.05,6.53,9.34,9.7,post_close,2026-05-26 15:00:00,收盘承接较强；温和放量；近5日趋势升温；站上20日线且不过热；持续霸榜；震荡市里保持相对强势；震荡市里承接未失控；v4多头排列技术加分,热度可能进入后段；人气排名明显回落；后段人气股在偏弱环境里更谨慎；v4短线偏离MA5过多,v4
2026-05-26,2026-05-19,次日已审,快策略候选,优先成功,priority_success,下个交易日主盯 后续最高表现达到 30.72%，保留这类命中特征。,48,002552,宝鼎科技,观察池,下个交易日主盯,77.43,2026-05-26,0,common_index_cache,7,22.46,-0.37,4.88,10.0,4.88,19.76,26.15,20.21,26.63,30.72,post_close,2026-05-26 15:00:00,人气Top50；当日涨停附近；收在日内高位；温和放量；近5日趋势升温；人气排名明显上升；震荡市里保持相对强势；震荡市里承接未失控；v4多头排列技术加分,远离20日线过多；v4乖离率过大；v4远离短中期均线；涨停封板不可买,v4
2026-05-26,2026-05-19,次日已审,快策略候选,优先成功,priority_success,下个交易日主盯 后续最高表现达到 20.75%，保留这类命中特征。,23,600172,黄河旋风,观察池,下个交易日主盯,77.23,2026-05-26,0,common_index_cache,7,8.87,0.0,-0.23,2.93,-0.23,5.86,4.51,5.86,4.51,20.75,post_close,2026-05-26 15:00:00,人气Top50；当日涨停附近；收在日内高位；放量仍可控；近5日趋势升温；连续上榜确认；人气排名明显上升；震荡市里保持相对强势；震荡市里承接未失控；v4多头排列技术加分,偏离20日线较大；v4乖离率过大；v4远离短中期均线；v4放量冲高过热；涨停封板不可买,v4
2026-05-26,2026-05-19,次日已审,快策略候选,优先成功,priority_success,下个交易日主盯 后续最高表现达到 17.62%，保留这类命中特征。,6,002185,华天科技,观察池,下个交易日主盯,77.13,2026-05-26,0,common_index_cache,7,3.16,5.78,7.93,10.02,7.93,3.59,-1.82,-2.08,-7.19,17.62,post_close,2026-05-26 15:00:00,人气Top10；当日涨停附近；收在日内高位；温和放量；近5日趋势升温；持续霸榜；震荡市里保持相对强势；震荡市里承接未失控；v4多头排列技术加分,偏离20日线较大；热度可能进入后段；v4乖离率过大；v4远离短中期均线；涨停封板不可买,v4
2026-05-26,2026-05-19,次日已审,快策略候选,优先成功,priority_success,下个交易日主盯 后续最高表现达到 28.83%，保留这类命中特征。,37,600745,*ST闻泰,不推送,下个交易日主盯,74.33,2026-05-26,0,common_index_cache,7,15.17,-0.95,4.98,4.98,4.98,15.73,27.6,16.85,28.83,27.6,post_close,2026-05-26 15:00:00,人气Top50；当日上涨；收在日内高位；温和放量；近5日趋势升温；持续霸榜；震荡市里保持相对强势；震荡市里承接未失控,仍在20日线下方；热度可能进入后段；v4乖离率过大；v4趋势未转强且热度偏后,v4
2026-05-26,2026-05-19,次日已审,快策略候选,优先成功,priority_success,下个交易日主盯 后续最高表现达到 31.64%，保留这类命中特征。,45,600863,华能蒙电,不推送,下个交易日主盯,73.59,2026-05-26,0,common_index_cache,7,12.79,-2.79,10.0,10.0,10.0,19.67,20.98,23.1,24.45,31.64,post_close,2026-05-26 15:00:00,人气Top50；温和放量；近5日趋势升温；站上20日线且不过热；持续霸榜；震荡市里保持相对强势；v4多头排列技术加分,热度可能进入后段；v4乖离率过大；v4远离短中期均线,v4
2026-05-26,2026-05-19,次日已审,快策略候选,优先走弱,priority_failed,下个交易日主盯 未兑现，复盘风险项：-,30,002617,露笑科技,重点观察,下个交易日主盯,106.53,2026-05-26,0,common_index_cache,7,-12.51,-0.9,4.7,8.81,4.7,-7.61,-9.01,-6.77,-8.18,8.81,post_close,2026-05-26 15:00:00,人气Top50；当日上涨；收盘承接较强；温和放量；近5日趋势升温；站上20日线且不过热；连续上榜确认；人气排名明显上升；震荡市里保持相对强势；震荡市里承接未失控；v4多头排列技术加分；v4放量突破但不过热；v4沿短均线抬升,-,v4
2026-05-26,2026-05-19,次日已审,快策略候选,优先走弱,priority_failed,下个交易日主盯 未兑现，复盘风险项：v4乖离率过大；v4远离短中期均线,47,601615,明阳智能,不推送,下个交易日主盯,105.33,2026-05-26,0,common_index_cache,7,-21.87,0.21,-5.19,5.13,-5.19,-11.6,-19.04,-11.79,-19.21,5.13,post_close,2026-05-26 15:00:00,人气Top50；当日上涨；收盘承接较强；放量仍可控；近5日趋势升温；站上20日线且不过热；连续上榜确认；人气排名明显上升；震荡市里保持相对强势；震荡市里承接未失控；v4多头排列技术加分,v4乖离率过大；v4远离短中期均线,v4
2026-05-26,2026-05-19,次日已审,快策略候选,优先走弱,priority_failed,下个交易日主盯 未兑现，复盘风险项：v4乖离率过大；v4远离短中期均线,50,300274,阳光电源,不推送,下个交易日主盯,96.03,2026-05-26,0,common_index_cache,7,-8.18,2.02,2.85,7.11,2.85,-0.56,-3.51,-2.52,-5.42,7.11,post_close,2026-05-26 15:00:00,人气Top50；当日强涨；收盘承接较强；温和放量；近5日趋势升温；站上20日线且不过热；人气排名明显上升；震荡市里保持相对强势；震荡市里承接未失控；v4多头排列技术加分,v4乖离率过大；v4远离短中期均线,v4
2026-05-26,2026-05-19,次日已审,快策略候选,优先走弱,priority_failed,下个交易日主盯 未兑现，复盘风险项：v4乖离率过大,3,002241,歌尔股份,重点观察,下个交易日主盯,95.0,2026-05-26,0,common_index_cache,7,-7.97,-0.07,3.58,6.2,3.58,-1.0,-1.48,-0.92,-1.4,6.94,post_close,2026-05-26 15:00:00,人气Top3；当日强涨；收在日内高位；温和放量；近5日趋势升温；站上20日线且不过热；人气排名明显上升；震荡市里保持相对强势；震荡市里承接未失控；v4多头排列技术加分,v4乖离率过大,v4
2026-05-26,2026-05-19,次日已审,快策略候选,优先走弱,priority_failed,下个交易日主盯 未兑现，复盘风险项：v4乖离率过大；v4远离短中期均线,39,000670,盈方微,不推送,下个交易日主盯,94.23,2026-05-26,0,common_index_cache,7,-2.81,-2.31,-7.94,-2.31,-7.94,-12.56,-12.56,-10.49,-10.49,-0.7,post_close,2026-05-26 15:00:00,人气Top50；当日强涨；收盘承接较强；温和放量；近5日趋势升温；站上20日线且不过热；震荡市里保持相对强势；震荡市里承接未失控；v4多头排列技术加分,v4乖离率过大；v4远离短中期均线,v4
2026-05-26,2026-05-19,次日已审,快策略候选,优先走弱,priority_failed,下个交易日主盯 未兑现，复盘风险项：v4乖离率过大,31,601899,紫金矿业,不推送,下个交易日主盯,89.73,2026-05-26,0,common_index_cache,7,-7.78,-0.97,-3.89,-0.03,-3.89,-7.48,-4.01,-6.57,-3.07,-0.03,post_close,2026-05-26 15:00:00,人气Top50；当日上涨；收在日内高位；温和放量；近5日趋势升温；人气排名明显上升；震荡市里保持相对强势；震荡市里承接未失控,v4乖离率过大,v4
2026-05-26,2026-05-19,次日已审,快策略候选,优先走弱,priority_failed,下个交易日主盯 未兑现，复盘风险项：后段人气股在偏弱环境里更谨慎；v4短线偏离MA5过多,91,300496,中科创达,不推送,下个交易日主盯,85.53,2026-05-26,0,common_index_cache,7,-17.62,-1.08,-1.24,0.59,-1.24,-14.97,-14.31,-14.04,-13.37,0.59,post_close,2026-05-26 15:00:00,当日上涨；收在日内高位；温和放量；近5日趋势升温；站上20日线且不过热；震荡市里保持相对强势；震荡市里承接未失控；v4多头排列技术加分；v4沿短均线抬升,后段人气股在偏弱环境里更谨慎；v4短线偏离MA5过多,v4
2026-05-26,2026-05-19,次日已审,快策略候选,优先走弱,priority_failed,下个交易日主盯 未兑现，复盘风险项：短线涨幅偏高；偏离20日线较大；热度可能进入后段；v4乖离率过大；v4远离短中期均线,4,002156,通富微电,不推送,下个交易日主盯,83.58,2026-05-26,0,common_index_cache,7,-5.59,-3.21,-5.14,4.21,-5.14,-12.36,-15.23,-9.45,-12.42,4.21,post_close,2026-05-26 15:00:00,人气Top10；当日强涨；收盘承接较强；温和放量；近5日强势延续；持续霸榜；震荡市里保持相对强势；震荡市里承接未失控；v4多头排列技术加分,短线涨幅偏高；偏离20日线较大；热度可能进入后段；v4乖离率过大；v4远离短中期均线,v4
2026-05-26,2026-05-19,次日已审,快策略候选,优先走弱,priority_failed,下个交易日主盯 未兑现，复盘风险项：偏离20日线较大；v4乖离率过大；v4远离短中期均线；涨停封板不可买,29,002245,蔚蓝锂芯,观察池,下个交易日主盯,81.93,2026-05-26,0,common_index_cache,7,-6.71,-1.57,1.92,3.85,1.92,-7.47,-7.96,-6.0,-6.5,3.85,post_close,2026-05-26 15:00:00,人气Top50；当日涨停附近；收在日内高位；温和放量；近5日趋势升温；人气排名明显上升；震荡市里保持相对强势；震荡市里承接未失控；v4多头排列技术加分,偏离20日线较大；v4乖离率过大；v4远离短中期均线；涨停封板不可买,v4
2026-05-26,2026-05-19,次日已审,快策略候选,优先走弱,priority_failed,下个交易日主盯 未兑现，复盘风险项：后段人气股在偏弱环境里更谨慎；v4乖离率过大；v4远离短中期均线,80,002036,联创电子,不推送,下个交易日主盯,80.59,2026-05-26,0,common_index_cache,7,-17.9,-3.15,-7.05,0.46,-7.05,-14.56,-14.56,-11.78,-11.78,0.46,post_close,2026-05-26 15:00:00,当日上涨；收在日内高位；温和放量；近5日趋势升温；站上20日线且不过热；连续上榜确认；震荡市里保持相对强势；震荡市里承接未失控；v4多头排列技术加分,后段人气股在偏弱环境里更谨慎；v4乖离率过大；v4远离短中期均线,v4
2026-05-26,2026-05-19,次日已审,快策略候选,优先走弱,priority_failed,下个交易日主盯 未兑现，复盘风险项：热度可能进入后段；v4乖离率过大；v4远离短中期均线；v4长上影承接转弱,5,000021,深科技,不推送,下个交易日主盯,79.69,2026-05-26,0,common_index_cache,7,-7.18,10.01,2.88,10.01,2.88,-6.92,-13.03,-15.39,-20.94,10.01,post_close,2026-05-26 15:00:00,人气Top10；当日上涨；温和放量；近5日趋势升温；站上20日线且不过热；持续霸榜；震荡市里保持相对强势；v4多头排列技术加分,热度可能进入后段；v4乖离率过大；v4远离短中期均线；v4长上影承接转弱,v4
2026-05-26,2026-05-19,次日已审,快策略候选,优先走弱,priority_failed,下个交易日主盯 未兑现，复盘风险项：后段人气股在偏弱环境里更谨慎；v4短线偏离MA5过多,56,600580,卧龙电驱,不推送,下个交易日主盯,77.44,2026-05-26,0,common_index_cache,7,-11.87,-2.43,0.79,2.52,0.79,-10.46,-9.46,-8.23,-7.21,2.52,post_close,2026-05-26 15:00:00,当日上涨；收盘承接较强；温和放量；站上20日线且不过热；震荡市里保持相对强势；震荡市里承接未失控；v4多头排列技术加分；v4沿短均线抬升,后段人气股在偏弱环境里更谨慎；v4短线偏离MA5过多,v4
2026-05-26,2026-05-19,次日已审,快策略候选,优先走弱,priority_failed,下个交易日主盯 未兑现，复盘风险项：后段人气股在偏弱环境里更谨慎；v4乖离率过大,72,603993,洛阳钼业,不推送,下个交易日主盯,76.98,2026-05-26,0,common_index_cache,7,-6.77,-0.5,-3.88,0.3,-3.88,-7.91,-1.79,-7.45,-1.3,0.3,post_close,2026-05-26 15:00:00,当日上涨；收在日内高位；温和放量；近5日趋势升温；站上20日线且不过热；人气排名明显上升；震荡市里保持相对强势；震荡市里承接未失控,后段人气股在偏弱环境里更谨慎；v4乖离率过大,v4
2026-05-26,2026-05-19,次日已审,快策略候选,暂未强势,neutral,继续等待更多交易日或降低权重。,20,300502,新易盛,不推送,下个交易日主盯,112.53,2026-05-26,0,common_index_cache,7,10.85,-1.35,-0.71,2.14,-0.71,0.92,6.71,2.31,8.18,7.43,post_close,2026-05-26 15:00:00,人气Top20；当日上涨；收在日内高位；温和放量；近5日趋势升温；站上20日线且不过热；连续上榜确认；震荡市里保持相对强势；震荡市里承接未失控；v4多头排列技术加分,v4乖离率过大；v4远离短中期均线,v4
2026-05-26,2026-05-19,次日已审,快策略候选,暂未强势,neutral,继续等待更多交易日或降低权重。,16,002463,沪电股份,不推送,下个交易日主盯,112.08,2026-05-26,0,common_index_cache,7,5.59,-2.36,-3.8,0.85,-3.8,-0.99,-1.77,1.41,0.61,4.13,post_close,2026-05-26 15:00:00,人气Top20；当日强涨；收盘承接较强；温和放量；近5日强势延续；站上20日线且不过热；连续上榜确认；人气排名明显上升；震荡市里保持相对强势；震荡市里承接未失控；v4多头排列技术加分,短线涨幅偏高；v4乖离率过大；v4远离短中期均线,v4
2026-05-26,2026-05-19,次日已审,快策略候选,暂未强势,neutral,继续等待更多交易日或降低权重。,2,000725,京东方A,不推送,下个交易日主盯,90.48,2026-05-26,0,common_index_cache,7,6.59,0.52,-0.87,5.55,-0.87,-11.44,-5.2,-11.9,-5.69,5.55,post_close,2026-05-26 15:00:00,人气Top3；当日强涨；收在日内高位；放量仍可控；近5日强势延续；连续上榜确认；震荡市里保持相对强势；震荡市里承接未失控；v4多头排列技术加分,短线涨幅偏高；偏离20日线较大；v4乖离率过大；v4远离短中期均线；v4放量冲高过热,v4
2026-05-26,2026-05-19,次日已审,快策略候选,暂未强势,neutral,继续等待更多交易日或降低权重。,12,603986,兆易创新,观察池,下个交易日主盯,82.38,2026-05-26,0,common_index_cache,7,0.59,2.81,-2.29,5.05,-2.29,-11.25,-9.79,-13.68,-12.26,5.05,post_close,2026-05-26 15:00:00,人气Top20；当日涨停附近；收在日内高位；温和放量；近5日强势延续；持续霸榜；震荡市里保持相对强势；震荡市里承接未失控；v4多头排列技术加分,短线涨幅偏高；偏离20日线较大；热度可能进入后段；v4乖离率过大；v4远离短中期均线；涨停封板不可买,v4
2026-05-26,2026-05-19,次日已审,快策略候选,暂未强势,neutral,继续等待更多交易日或降低权重。,73,002384,东山精密,不推送,下个交易日主盯,81.48,2026-05-26,0,common_index_cache,7,7.5,-2.0,0.98,5.79,0.98,-3.68,-4.64,-1.72,-2.7,5.79,post_close,2026-05-26 15:00:00,收盘承接较强；温和放量；近5日趋势升温；站上20日线且不过热；持续霸榜；震荡市里保持相对强势；震荡市里承接未失控；v4多头排列技术加分；v4沿短均线抬升,热度可能进入后段；人气排名明显回落；后段人气股在偏弱环境里更谨慎,v4
2026-05-26,2026-05-19,次日已审,快策略候选,暂未强势,neutral,继续等待更多交易日或降低权重。,33,000100,TCL科技,不推送,下个交易日主盯,79.69,2026-05-26,0,common_index_cache,7,5.81,0.22,0.65,6.02,0.65,-7.96,-4.73,-8.15,-4.94,6.02,post_close,2026-05-26 15:00:00,人气Top50；温和放量；近5日趋势升温；站上20日线且不过热；人气排名明显上升；震荡市里保持相对强势；v4多头排列技术加分；v4沿短均线抬升,v4长上影承接转弱,v4
2026-05-26,2026-05-19,次日已审,快策略候选,暂未强势,neutral,继续等待更多交易日或降低权重。,14,002421,达实智能,观察池,下个交易日主盯,77.88,2026-05-26,0,common_index_cache,7,1.94,1.08,-1.51,4.09,-1.51,-11.61,6.88,-12.55,5.74,6.88,post_close,2026-05-26 15:00:00,人气Top20；当日涨停附近；收在日内高位；温和放量；近5日强势延续；持续霸榜；震荡市里保持相对强势；震荡市里承接未失控；v4多头排列技术加分,短线涨幅偏高；远离20日线过多；热度可能进入后段；v4乖离率过大；v4远离短中期均线；涨停封板不可买,v4
2026-05-26,,次日已审,低层级强势反哺,普通/不推送走强,low_level_winner,不推送 后来走强，原因反哺：v4多头排列技术加分、人气Top50、近5日强势延续,28,000636,风华高科,不推送,未入快策略,,2026-05-26,0,common_index_cache,7,52.28,0.72,6.04,7.89,6.04,27.17,43.67,26.26,42.64,45.23,post_close,2026-05-26 15:00:00,人气Top50；近5日强势延续；连续上榜确认；震荡市里保持相对强势；v4多头排列技术加分,短线涨幅偏高；偏离20日线较大；v4乖离率过大；v4远离短中期均线；v4长上影承接转弱；v4正涨但收盘承接一般；v4事件谨慎扣分（异常波动）,v4
2026-05-26,,次日已审,低层级强势反哺,普通/不推送走强,low_level_winner,不推送 后来走强，原因反哺：人气Top50、持续霸榜、温和放量,36,600487,亨通光电,不推送,未入快策略,,2026-05-26,0,common_index_cache,7,41.0,-1.11,-1.04,3.16,-1.04,11.11,19.75,12.35,21.1,19.75,post_close,2026-05-26 15:00:00,人气Top50；温和放量；持续霸榜,当日转弱；收盘承接偏弱；近5日趋势未确认；热度可能进入后段；震荡市里相对走弱；v4跌破短均线；v4趋势未转强且热度偏后,v4
2026-05-26,,次日已审,低层级强势反哺,普通/不推送走强,low_level_winner,不推送 后来走强，原因反哺：持续霸榜、温和放量、站上20日线且不过热,100,001896,豫能控股,不推送,未入快策略,,2026-05-26,0,common_index_cache,7,33.47,-9.37,-4.89,-1.33,-4.89,-1.09,10.27,9.13,21.67,14.08,post_close,2026-05-26 15:00:00,温和放量；站上20日线且不过热；持续霸榜,当日转弱；热度可能进入后段；人气排名明显回落；震荡市里相对走弱；后段人气股在偏弱环境里更谨慎；v4长上影承接转弱；v4趋势未转强且热度偏后,v4
2026-05-26,,次日已审,低层级强势反哺,普通/不推送走强,low_level_winner,不推送 后来走强，原因反哺：人气Top10、当日上涨、持续霸榜,9,600396,华电辽能,不推送,未入快策略,,2026-05-26,0,common_index_cache,7,30.15,-2.31,10.01,10.01,10.01,18.66,14.93,21.47,17.65,23.22,post_close,2026-05-26 15:00:00,人气Top10；当日上涨；温和放量；站上20日线且不过热；持续霸榜；震荡市里保持相对强势,热度可能进入后段；v4乖离率过大,v4
2026-05-26,,次日已审,低层级强势反哺,普通/不推送走强,low_level_winner,不推送 后来走强，原因反哺：人气Top10、持续霸榜、温和放量,7,601991,大唐发电,不推送,未入快策略,,2026-05-26,0,common_index_cache,7,23.04,-2.23,7.68,8.94,7.68,20.53,28.21,23.29,31.14,28.35,post_close,2026-05-26 15:00:00,人气Top10；温和放量；站上20日线且不过热；持续霸榜,当日转弱；收盘承接偏弱；近5日趋势未确认；热度可能进入后段；震荡市里相对走弱；v4长上影承接转弱；v4跌破短均线,v4
2026-05-26,,次日已审,低层级强势反哺,普通/不推送走强,low_level_winner,不推送 后来走强，原因反哺：温和放量、近5日趋势升温、连续上榜确认,57,301666,大普微,不推送,未入快策略,,2026-05-26,0,common_index_cache,7,20.32,5.19,2.83,10.08,2.83,6.31,6.17,1.07,0.93,14.87,post_close,2026-05-26 15:00:00,温和放量；近5日趋势升温；连续上榜确认；震荡市里保持相对强势,当日转弱；收盘承接偏弱；远离20日线过多；人气排名明显回落；后段人气股在偏弱环境里更谨慎；v4远离短中期均线；v4趋势未转强且热度偏后,v4
2026-05-26,,次日已审,低层级强势反哺,普通/不推送走强,low_level_winner,不推送 后来走强，原因反哺：人气Top50、人气排名明显上升、收盘承接较强,42,600105,永鼎股份,不推送,未入快策略,,2026-05-26,0,common_index_cache,7,17.31,-1.99,4.8,7.78,4.8,3.31,7.22,5.4,9.39,9.05,post_close,2026-05-26 15:00:00,人气Top50；收盘承接较强；温和放量；人气排名明显上升,当日转弱；近5日趋势未确认；震荡市里相对走弱；v4跌破短均线,v4
2026-05-26,,次日已审,低层级强势反哺,普通/不推送走强,low_level_winner,不推送 后来走强，原因反哺：人气Top50、持续霸榜、放量仍可控,25,600759,ST洲际,不推送,未入快策略,,2026-05-26,0,common_index_cache,7,16.87,-2.88,2.88,4.94,2.88,13.58,25.51,16.95,29.24,25.51,post_close,2026-05-26 15:00:00,人气Top50；放量仍可控；持续霸榜,当日转弱；收盘承接偏弱；近5日趋势未确认；仍在20日线下方；热度可能进入后段；震荡市里相对走弱；v4长上影承接转弱；v4跌破短均线；v4趋势未转强且热度偏后；v4事件谨慎扣分（异常波动）,v4
2026-05-26,,次日已审,低层级强势反哺,普通/不推送走强,low_level_winner,不推送 后来走强，原因反哺：人气Top50、持续霸榜、温和放量,41,601138,工业富联,不推送,未入快策略,,2026-05-26,0,common_index_cache,7,12.25,-0.11,0.14,5.37,0.14,4.89,14.33,5.01,14.46,15.9,post_close,2026-05-26 15:00:00,人气Top50；温和放量；站上20日线且不过热；持续霸榜,当日转弱；热度可能进入后段；人气排名明显回落；v4趋势未转强且热度偏后,v4
2026-05-26,,次日已审,低层级强势反哺,普通/不推送走强,low_level_winner,不推送 后来走强，原因反哺：v4多头排列技术加分、当日上涨、温和放量,67,688347,华虹公司,不推送,未入快策略,,2026-05-26,0,common_index_cache,7,9.7,-2.0,-3.06,3.63,-3.06,6.41,1.83,8.58,3.91,16.0,post_close,2026-05-26 15:00:00,当日上涨；温和放量；连续上榜确认；震荡市里保持相对强势；v4多头排列技术加分,短线涨幅过热；偏离20日线较大；后段人气股在偏弱环境里更谨慎；v4乖离率过大；v4远离短中期均线,v4
2026-05-26,,次日已审,低层级强势反哺,普通/不推送走强,low_level_winner,不推送 后来走强，原因反哺：v4多头排列技术加分、当日上涨、收盘承接较强,97,300223,北京君正,不推送,未入快策略,,2026-05-26,0,common_index_cache,7,0.54,15.14,6.96,17.63,6.96,5.25,-4.9,-8.59,-17.4,17.63,post_close,2026-05-26 15:00:00,当日上涨；收盘承接较强；放量仍可控；近5日趋势升温；站上20日线且不过热；震荡市里保持相对强势；震荡市里承接未失控；v4多头排列技术加分,后段人气股在偏弱环境里更谨慎；v4乖离率过大,v4
2026-05-26,,次日已审,低层级强势反哺,普通/不推送走强,low_level_winner,不推送 后来走强，原因反哺：v4多头排列技术加分、持续霸榜、收盘承接较强,63,300308,中际旭创,不推送,已入快策略,,2026-05-26,0,common_index_cache,7,16.05,-1.18,0.76,3.99,0.76,5.27,8.05,6.53,9.34,9.7,post_close,2026-05-26 15:00:00,收盘承接较强；温和放量；近5日趋势升温；站上20日线且不过热；持续霸榜；震荡市里保持相对强势；震荡市里承接未失控；v4多头排列技术加分,热度可能进入后段；人气排名明显回落；后段人气股在偏弱环境里更谨慎；v4短线偏离MA5过多,v4
2026-05-26,,次日已审,低层级强势反哺,普通/不推送走强,low_level_winner,不推送 后来走强，原因反哺：人气Top50、当日上涨、持续霸榜,37,600745,*ST闻泰,不推送,已入快策略,,2026-05-26,0,common_index_cache,7,15.17,-0.95,4.98,4.98,4.98,15.73,27.6,16.85,28.83,27.6,post_close,2026-05-26 15:00:00,人气Top50；当日上涨；收在日内高位；温和放量；近5日趋势升温；持续霸榜；震荡市里保持相对强势；震荡市里承接未失控,仍在20日线下方；热度可能进入后段；v4乖离率过大；v4趋势未转强且热度偏后；v4主力资金净流出,v4
2026-05-26,,次日已审,低层级强势反哺,普通/不推送走强,low_level_winner,不推送 后来走强，原因反哺：v4多头排列技术加分、人气Top50、持续霸榜,45,600863,华能蒙电,不推送,已入快策略,,2026-05-26,0,common_index_cache,7,12.79,-2.79,10.0,10.0,10.0,19.67,20.98,23.1,24.45,31.64,post_close,2026-05-26 15:00:00,人气Top50；温和放量；近5日趋势升温；站上20日线且不过热；持续霸榜；震荡市里保持相对强势；v4多头排列技术加分,热度可能进入后段；v4乖离率过大；v4远离短中期均线,v4
2026-05-26,,次日已审,低层级强势反哺,普通/不推送走强,low_level_winner,不推送 后来走强，原因反哺：v4多头排列技术加分、人气排名明显上升、当日强涨,66,301217,铜冠铜箔,不推送,已入快策略,,2026-05-26,0,common_index_cache,7,7.13,-2.39,-0.52,4.05,-0.52,11.27,1.15,14.0,3.63,22.87,post_close,2026-05-26 15:00:00,当日强涨；收在日内高位；温和放量；近5日趋势升温；站上20日线且不过热；人气排名明显上升；震荡市里保持相对强势；震荡市里承接未失控；v4多头排列技术加分,后段人气股在偏弱环境里更谨慎；v4乖离率过大；v4远离短中期均线,v4
2026-05-26,,次日已审,低层级强势反哺,普通/不推送走强,low_level_winner,不推送 后来走强，原因反哺：v4多头排列技术加分、人气Top20、当日上涨,11,603629,利通电子,不推送,已入快策略,,2026-05-26,0,common_index_cache,7,-5.44,-1.86,1.01,1.47,1.01,13.58,-7.8,15.74,-6.05,13.65,post_close,2026-05-26 15:00:00,人气Top20；当日上涨；收盘承接较强；温和放量；近5日趋势升温；持续霸榜；震荡市里保持相对强势；震荡市里承接未失控；v4多头排列技术加分,偏离20日线较大；热度可能进入后段；v4乖离率过大；v4远离短中期均线,v4
2026-05-26,,次日已审,低层级强势反哺,普通/不推送走强,low_level_winner,不推送 后来走强，原因反哺：v4多头排列技术加分、人气Top20、当日上涨,19,603601,再升科技,不推送,已入快策略,,2026-05-26,0,common_index_cache,7,-22.46,-1.39,6.52,9.56,6.52,5.48,-14.59,6.97,-13.38,17.18,post_close,2026-05-26 15:00:00,人气Top20；当日上涨；收盘承接较强；温和放量；近5日趋势升温；站上20日线且不过热；连续上榜确认；震荡市里保持相对强势；震荡市里承接未失控；v4多头排列技术加分,v4乖离率过大；v4远离短中期均线,v4
2026-05-25,2026-05-18,次日已审,快策略候选,优先成功,priority_success,下个交易日主盯 后续最高表现达到 19.05%，保留这类命中特征。,4,601991,大唐发电,普通观察,下个交易日主盯,98.08,2026-05-25,0,common_index_cache,8,19.05,-0.14,-3.24,3.24,-3.24,8.11,13.11,8.25,13.26,18.78,post_close,2026-05-25 15:00:00,人气Top10；当日强涨；收在日内高位；温和放量；站上20日线且不过热；持续霸榜；市场强势且个股相对强势,近5日趋势未确认；热度可能进入后段,v4
2026-05-25,2026-05-18,次日已审,快策略候选,优先成功,priority_success,下个交易日主盯 后续最高表现达到 29.40%，保留这类命中特征。,11,002185,华天科技,观察池,下个交易日主盯,95.08,2026-05-25,0,common_index_cache,8,13.49,10.02,10.02,10.02,10.02,26.64,8.6,15.1,-1.29,29.4,post_close,2026-05-25 15:00:00,人气Top20；当日涨停附近；收在日内高位；近5日趋势升温；站上20日线且不过热；持续霸榜；人气排名明显上升；市场强势且个股相对强势；v4多头排列技术加分；v4沿短均线抬升,热度可能进入后段；v4乖离率过大；v4远离短中期均线；涨停封板不可买,v4
2026-05-25,2026-05-18,次日已审,快策略候选,优先成功,priority_success,下个交易日主盯 后续最高表现达到 35.41%，保留这类命中特征。,28,600863,华能蒙电,观察池,下个交易日主盯,85.78,2026-05-25,0,common_index_cache,8,16.02,-0.17,2.87,6.24,2.87,11.97,33.56,12.16,33.78,35.41,post_close,2026-05-25 15:00:00,人气Top50；当日涨停附近；收在日内高位；温和放量；近5日趋势升温；站上20日线且不过热；连续上榜确认；人气排名明显上升；市场强势且个股相对强势；v4多头排列技术加分,v4乖离率过大；v4远离短中期均线；涨停封板不可买,v4
2026-05-25,2026-05-18,次日已审,快策略候选,优先成功,priority_success,下个交易日主盯 后续最高表现达到 37.14%，保留这类命中特征。,9,600396,华电辽能,观察池,下个交易日主盯,83.98,2026-05-25,0,common_index_cache,8,37.14,0.0,5.37,9.86,5.37,20.22,15.48,20.22,15.48,29.84,post_close,2026-05-25 15:00:00,人气Top10；当日涨停附近；收在日内高位；温和放量；站上20日线且不过热；持续霸榜；人气排名明显上升；市场强势且个股相对强势,热度可能进入后段；v4乖离率过大；涨停封板不可买,v4
2026-05-25,2026-05-18,次日已审,快策略候选,优先成功,priority_success,下个交易日主盯 后续最高表现达到 18.37%，保留这类命中特征。,1,600584,长电科技,观察池,下个交易日主盯,83.93,2026-05-25,0,common_index_cache,8,-0.11,3.53,10.0,10.0,10.0,5.7,-5.64,2.1,-8.86,18.37,post_close,2026-05-25 15:00:00,人气Top3；当日涨停附近；收在日内高位；温和放量；近5日强势延续；持续霸榜；市场强势且个股相对强势；v4多头排列技术加分,短线涨幅偏高；远离20日线过多；热度可能进入后段；v4乖离率过大；v4远离短中期均线；涨停封板不可买,v4
2026-05-25,2026-05-18,次日已审,快策略候选,优先成功,priority_success,下个交易日主盯 后续最高表现达到 17.74%，保留这类命中特征。,27,300502,新易盛,不推送,下个交易日主盯,77.68,2026-05-25,0,common_index_cache,8,17.74,-0.46,6.22,6.76,6.22,9.0,3.16,9.5,3.63,11.38,post_close,2026-05-25 15:00:00,人气Top50；当日强涨；收在日内高位；温和放量；近5日趋势升温；站上20日线且不过热；连续上榜确认；人气排名明显上升；市场强势且个股相对强势,v4乖离率过大；v4远离短中期均线,v4
2026-05-25,2026-05-18,次日已审,快策略候选,优先成功,priority_success,下个交易日主盯 后续最高表现达到 32.84%，保留这类命中特征。,52,600172,黄河旋风,观察池,下个交易日主盯,76.78,2026-05-25,0,common_index_cache,8,19.77,5.38,10.01,10.01,10.01,20.76,11.41,14.6,5.73,32.84,post_close,2026-05-25 15:00:00,当日涨停附近；收在日内高位；温和放量；近5日趋势升温；站上20日线且不过热；连续上榜确认；人气排名明显上升；市场强势且个股相对强势,v4乖离率过大；v4远离短中期均线；涨停封板不可买,v4
2026-05-25,2026-05-18,次日已审,快策略候选,优先成功,priority_success,下个交易日主盯 后续最高表现达到 18.65%，保留这类命中特征。,76,603256,宏和科技,观察池,下个交易日主盯,74.53,2026-05-25,0,common_index_cache,8,11.24,0.0,4.9,8.88,4.9,12.89,3.78,12.89,3.78,18.65,post_close,2026-05-25 15:00:00,当日涨停附近；收在日内高位；温和放量；近5日强势延续；连续上榜确认；人气排名明显上升；市场强势且个股相对强势；v4多头排列技术加分,短线涨幅偏高；偏离20日线较大；v4乖离率过大；v4远离短中期均线；涨停封板不可买,v4
2026-05-25,2026-05-18,次日已审,快策略候选,优先成功,priority_success,下个交易日主盯 后续最高表现达到 26.93%，保留这类命中特征。,60,600183,生益科技,不推送,下个交易日主盯,70.48,2026-05-25,0,common_index_cache,8,23.55,-0.72,10.0,10.0,10.0,16.41,16.4,17.25,17.25,26.93,post_close,2026-05-25 15:00:00,当日强涨；收盘承接较强；温和放量；近5日趋势升温；连续上榜确认；市场强势且个股相对强势；v4多头排列技术加分,偏离20日线较大；v4乖离率过大；v4远离短中期均线,v4
2026-05-25,2026-05-18,次日已审,快策略候选,优先成功,priority_success,下个交易日主盯 后续最高表现达到 19.25%，保留这类命中特征。,16,603629,利通电子,不推送,下个交易日主盯,69.78,2026-05-25,0,common_index_cache,8,-0.78,-2.03,4.92,7.37,4.92,8.93,7.26,11.19,9.49,19.25,post_close,2026-05-25 15:00:00,人气Top20；当日上涨；温和放量；近5日趋势升温；持续霸榜；市场强势且个股相对强势；v4多头排列技术加分,偏离20日线较大；热度可能进入后段；v4乖离率过大；v4远离短中期均线,v4
2026-05-25,2026-05-18,次日已审,快策略候选,优先走弱,priority_failed,下个交易日主盯 未兑现，复盘风险项：热度可能进入后段,8,000021,深科技,强推观察,下个交易日主盯,91.0,2026-05-25,0,common_index_cache,8,-3.57,0.85,3.89,9.67,3.89,3.65,-11.47,2.77,-12.22,14.29,post_close,2026-05-25 15:00:00,人气Top10；当日上涨；收盘承接较强；温和放量；近5日趋势升温；站上20日线且不过热；持续霸榜；人气排名明显上升；市场强势且个股相对强势；v4多头排列技术加分；v4缩量回踩MA5；v4沿短均线抬升,热度可能进入后段,v4
2026-05-25,2026-05-18,次日已审,快策略候选,优先走弱,priority_failed,下个交易日主盯 未兑现，复盘风险项：热度可能进入后段；v4乖离率过大；v4远离短中期均线；涨停封板不可买,10,000988,华工科技,观察池,下个交易日主盯,91.0,2026-05-25,0,common_index_cache,8,-7.9,0.0,-0.94,2.24,-0.94,-3.67,-16.79,-3.67,-16.79,2.24,post_close,2026-05-25 15:00:00,人气Top10；当日涨停附近；收在日内高位；温和放量；近5日趋势升温；站上20日线且不过热；持续霸榜；人气排名明显上升；市场强势且个股相对强势；v4多头排列技术加分；v4沿短均线抬升,热度可能进入后段；v4乖离率过大；v4远离短中期均线；涨停封板不可买,v4
2026-05-25,2026-05-18,次日已审,快策略候选,优先走弱,priority_failed,下个交易日主盯 未兑现，复盘风险项：-,51,002617,露笑科技,普通观察,下个交易日主盯,86.08,2026-05-25,0,common_index_cache,8,-8.77,1.25,4.28,10.02,4.28,7.1,-3.86,5.77,-5.05,13.47,post_close,2026-05-25 15:00:00,当日上涨；收盘承接较强；温和放量；近5日趋势升温；站上20日线且不过热；人气排名明显上升；市场强势且个股相对强势；v4多头排列技术加分；v4放量突破但不过热；v4沿短均线抬升,-,v4
2026-05-25,2026-05-18,次日已审,快策略候选,优先走弱,priority_failed,下个交易日主盯 未兑现，复盘风险项：短线涨幅偏高；偏离20日线较大；v4乖离率过大；v4远离短中期均线；涨停封板不可买,5,688981,中芯国际,观察池,下个交易日主盯,82.63,2026-05-25,0,common_index_cache,8,-13.54,-3.38,-4.37,-1.0,-4.37,-1.47,-15.1,1.97,-12.13,1.96,post_close,2026-05-25 15:00:00,人气Top10；当日涨停附近；收在日内高位；放量仍可控；近5日强势延续；连续上榜确认；人气排名明显上升；市场强势且个股相对强势；v4多头排列技术加分,短线涨幅偏高；偏离20日线较大；v4乖离率过大；v4远离短中期均线；涨停封板不可买,v4
2026-05-25,2026-05-18,次日已审,快策略候选,优先走弱,priority_failed,下个交易日主盯 未兑现，复盘风险项：热度可能进入后段；v4乖离率过大；v4远离短中期均线；涨停封板不可买,24,600186,莲花控股,观察池,下个交易日主盯,82.18,2026-05-25,0,common_index_cache,8,-26.76,0.46,2.01,5.96,2.01,-15.31,-23.9,-15.7,-24.25,5.96,post_close,2026-05-25 15:00:00,人气Top50；当日涨停附近；收在日内高位；温和放量；近5日趋势升温；站上20日线且不过热；持续霸榜；市场强势且个股相对强势；v4多头排列技术加分,热度可能进入后段；v4乖离率过大；v4远离短中期均线；涨停封板不可买,v4
2026-05-25,2026-05-18,次日已审,快策略候选,优先走弱,priority_failed,下个交易日主盯 未兑现，复盘风险项：热度可能进入后段；v4趋势未转强且热度偏后,25,002281,光迅科技,不推送,下个交易日主盯,77.68,2026-05-25,0,common_index_cache,8,-1.53,-2.59,-7.71,-2.4,-7.71,-4.05,-8.79,-1.5,-6.36,-2.14,post_close,2026-05-25 15:00:00,人气Top50；当日上涨；收在日内高位；温和放量；近5日趋势升温；站上20日线且不过热；持续霸榜；市场强势且个股相对强势,热度可能进入后段；v4趋势未转强且热度偏后,v4
2026-05-25,2026-05-18,次日已审,快策略候选,优先走弱,priority_failed,下个交易日主盯 未兑现，复盘风险项：短线涨幅偏高；远离20日线过多；热度可能进入后段；v4乖离率过大；v4远离短中期均线；涨停封板不可买,14,002421,达实智能,观察池,下个交易日主盯,77.63,2026-05-25,0,common_index_cache,8,-1.25,2.29,-3.12,7.5,-3.12,-4.79,-5.83,-6.92,-7.94,7.5,post_close,2026-05-25 15:00:00,人气Top20；当日涨停附近；收在日内高位；温和放量；近5日强势延续；持续霸榜；市场强势且个股相对强势；v4多头排列技术加分,短线涨幅偏高；远离20日线过多；热度可能进入后段；v4乖离率过大；v4远离短中期均线；涨停封板不可买,v4
2026-05-25,2026-05-18,次日已审,快策略候选,优先走弱,priority_failed,下个交易日主盯 未兑现，复盘风险项：v4乖离率过大；v4远离短中期均线；涨停封板不可买,35,002297,博云新材,观察池,下个交易日主盯,71.98,2026-05-25,0,common_index_cache,8,-28.93,-9.99,-9.99,-8.69,-9.99,-21.68,-32.76,-12.99,-25.3,-8.69,post_close,2026-05-25 15:00:00,人气Top50；当日涨停附近；收在日内高位；温和放量；近5日趋势升温；站上20日线且不过热；连续上榜确认；市场强势且个股相对强势；v4多头排列技术加分,v4乖离率过大；v4远离短中期均线；涨停封板不可买,v4
2026-05-25,2026-05-18,次日已审,快策略候选,优先走弱,priority_failed,下个交易日主盯 未兑现，复盘风险项：短线涨幅偏高；偏离20日线较大；v4乖离率过大；v4远离短中期均线；涨停封板不可买,43,002938,鹏鼎控股,观察池,下个交易日主盯,71.83,2026-05-25,0,common_index_cache,8,-2.9,1.47,1.47,7.57,1.47,-7.28,-9.6,-8.62,-10.91,7.57,post_close,2026-05-25 15:00:00,人气Top50；当日涨停附近；收在日内高位；近5日强势延续；连续上榜确认；人气排名明显上升；市场强势且个股相对强势；v4多头排列技术加分,短线涨幅偏高；偏离20日线较大；v4乖离率过大；v4远离短中期均线；涨停封板不可买,v4
2026-05-25,2026-05-18,次日已审,快策略候选,优先走弱,priority_failed,下个交易日主盯 未兑现，复盘风险项：热度可能进入后段；v4短线偏离MA5过多；v4趋势未转强且热度偏后,48,002475,立讯精密,不推送,下个交易日主盯,70.03,2026-05-25,0,common_index_cache,8,-0.15,-1.34,-3.01,-1.33,-3.01,-2.54,-5.34,-1.22,-4.06,4.15,post_close,2026-05-25 15:00:00,人气Top50；当日上涨；收在日内高位；温和放量；站上20日线且不过热；持续霸榜；市场强势且个股相对强势,热度可能进入后段；v4短线偏离MA5过多；v4趋势未转强且热度偏后,v4
2026-05-25,2026-05-18,次日已审,快策略候选,优先走弱,priority_failed,下个交易日主盯 未兑现，复盘风险项：v4短线偏离MA5过多,90,603501,豪威集团,不推送,下个交易日主盯,69.73,2026-05-25,0,common_index_cache,8,-9.25,0.0,-2.63,0.01,-2.63,-6.55,-15.43,-6.55,-15.43,0.01,post_close,2026-05-25 15:00:00,当日上涨；收在日内高位；温和放量；近5日趋势升温；站上20日线且不过热；市场强势且个股相对强势；v4多头排列技术加分；v4放量突破但不过热；v4沿短均线抬升,v4短线偏离MA5过多,v4
2026-05-25,2026-05-18,次日已审,快策略候选,优先走弱,priority_failed,下个交易日主盯 未兑现，复盘风险项：v4短线偏离MA5过多,98,601615,明阳智能,不推送,下个交易日主盯,69.73,2026-05-25,0,common_index_cache,8,-16.66,0.29,6.67,8.67,6.67,0.4,-7.76,0.11,-8.02,12.15,post_close,2026-05-25 15:00:00,当日上涨；收在日内高位；温和放量；近5日趋势升温；站上20日线且不过热；市场强势且个股相对强势；v4多头排列技术加分；v4放量突破但不过热；v4沿短均线抬升,v4短线偏离MA5过多,v4
2026-05-25,2026-05-18,次日已审,快策略候选,暂未强势,neutral,继续等待更多交易日或降低权重。,13,002156,通富微电,观察池,下个交易日主盯,99.58,2026-05-25,0,common_index_cache,8,2.01,4.65,8.05,10.01,8.05,-0.57,-11.92,-4.99,-15.83,12.6,post_close,2026-05-25 15:00:00,人气Top20；当日涨停附近；收在日内高位；温和放量；近5日趋势升温；站上20日线且不过热；持续霸榜；人气排名明显上升；市场强势且个股相对强势；v4多头排列技术加分,热度可能进入后段；v4乖离率过大；v4远离短中期均线；涨停封板不可买,v4
2026-05-25,2026-05-18,次日已审,快策略候选,暂未强势,neutral,继续等待更多交易日或降低权重。,40,002436,兴森科技,普通观察,下个交易日主盯,98.08,2026-05-25,0,common_index_cache,8,7.3,-1.63,-0.03,3.62,-0.03,-4.59,1.39,-3.02,3.07,5.54,post_close,2026-05-25 15:00:00,人气Top50；当日强涨；收在日内高位；温和放量；近5日趋势升温；站上20日线且不过热；连续上榜确认；人气排名明显上升；市场强势且个股相对强势；v4多头排列技术加分,v4乖离率过大；v4远离短中期均线,v4
2026-05-25,2026-05-18,次日已审,快策略候选,暂未强势,neutral,继续等待更多交易日或降低权重。,2,603986,兆易创新,观察池,下个交易日主盯,96.43,2026-05-25,0,common_index_cache,8,2.81,-0.94,2.21,4.5,2.21,-6.19,-9.1,-5.29,-8.24,7.37,post_close,2026-05-25 15:00:00,人气Top3；当日涨停附近；收在日内高位；温和放量；近5日强势延续；持续霸榜；市场强势且个股相对强势；v4多头排列技术加分,短线涨幅偏高；偏离20日线较大；热度可能进入后段；v4乖离率过大；v4远离短中期均线；涨停封板不可买,v4
2026-05-25,2026-05-18,次日已审,快策略候选,暂未强势,neutral,继续等待更多交易日或降低权重。,19,601138,工业富联,不推送,下个交易日主盯,89.23,2026-05-25,0,common_index_cache,8,11.74,-0.63,-0.46,0.71,-0.46,6.69,4.91,7.36,5.57,13.27,post_close,2026-05-25 15:00:00,人气Top20；当日上涨；收在日内高位；温和放量；站上20日线且不过热；持续霸榜；人气排名明显上升；市场强势且个股相对强势,热度可能进入后段；v4短线偏离MA5过多,v4
2026-05-25,2026-05-18,次日已审,快策略候选,暂未强势,neutral,继续等待更多交易日或降低权重。,17,600578,京能电力,观察池,下个交易日主盯,82.48,2026-05-25,0,common_index_cache,8,3.54,4.98,1.44,9.4,1.44,1.88,-6.64,-2.95,-11.06,11.17,post_close,2026-05-25 15:00:00,人气Top20；当日涨停附近；收在日内高位；近5日趋势升温；持续霸榜；市场强势且个股相对强势；v4多头排列技术加分,远离20日线过多；热度可能进入后段；v4乖离率过大；v4远离短中期均线；涨停封板不可买,v4
2026-05-25,2026-05-18,次日已审,快策略候选,暂未强势,neutral,继续等待更多交易日或降低权重。,49,002384,东山精密,不推送,下个交易日主盯,80.38,2026-05-25,0,common_index_cache,8,5.11,-2.32,-2.23,-0.5,-2.23,-3.2,-15.24,-0.9,-13.24,3.43,post_close,2026-05-25 15:00:00,人气Top50；收盘承接较强；温和放量；近5日趋势升温；站上20日线且不过热；持续霸榜；市场强势且个股相对强势；v4多头排列技术加分；v4沿短均线抬升,热度可能进入后段,v4
2026-05-25,2026-05-18,次日已审,快策略候选,暂未强势,neutral,继续等待更多交易日或降低权重。,36,603005,晶方科技,观察池,下个交易日主盯,78.13,2026-05-25,0,common_index_cache,8,3.55,6.99,4.76,9.94,4.76,5.92,-12.36,-1.0,-18.09,9.94,post_close,2026-05-25 15:00:00,人气Top50；当日涨停附近；收在日内高位；温和放量；近5日强势延续；连续上榜确认；人气排名明显上升；市场强势且个股相对强势；v4多头排列技术加分,短线涨幅偏高；偏离20日线较大；v4乖离率过大；v4远离短中期均线；涨停封板不可买,v4
2026-05-25,2026-05-18,次日已审,快策略候选,暂未强势,neutral,继续等待更多交易日或降低权重。,31,002463,沪电股份,不推送,下个交易日主盯,74.08,2026-05-25,0,common_index_cache,8,14.92,0.29,8.83,10.0,8.83,8.58,-0.02,8.27,-0.32,13.33,post_close,2026-05-25 15:00:00,人气Top50；当日强涨；温和放量；近5日趋势升温；站上20日线且不过热；连续上榜确认；市场强势且个股相对强势；v4多头排列技术加分,v4乖离率过大；v4远离短中期均线,v4
2026-05-25,,次日已审,低层级强势反哺,普通/不推送走强,low_level_winner,不推送 后来走强，原因反哺：人气Top50、持续霸榜、收在日内高位,22,600487,亨通光电,不推送,未入快策略,,2026-05-25,0,common_index_cache,8,33.32,-1.91,-5.45,-1.81,-5.45,-3.99,2.93,-2.12,4.93,10.08,post_close,2026-05-25 15:00:00,人气Top50；收在日内高位；温和放量；站上20日线且不过热；持续霸榜,热度可能进入后段；强势市里个股相对走弱；v4趋势未转强且热度偏后,v4
2026-05-25,,次日已审,低层级强势反哺,普通/不推送走强,low_level_winner,不推送 后来走强，原因反哺：人气Top50、市场强势且个股相对强势、当日强涨,44,001896,豫能控股,不推送,未入快策略,,2026-05-25,0,common_index_cache,8,30.56,-2.42,-2.19,0.77,-2.19,-7.27,4.31,-4.97,6.9,6.44,post_close,2026-05-25 15:00:00,人气Top50；当日强涨；温和放量；近5日趋势升温；站上20日线且不过热；持续霸榜；市场强势且个股相对强势,热度可能进入后段；v4乖离率过大；v4趋势未转强且热度偏后,v4
2026-05-25,,次日已审,低层级强势反哺,普通/不推送走强,low_level_winner,不推送 后来走强，原因反哺：v4主力资金强净流入、人气Top50、市场强势且个股相对强势,39,600745,*ST闻泰,不推送,未入快策略,,2026-05-25,0,common_index_cache,8,20.93,2.94,5.0,5.0,5.0,15.76,27.57,12.45,23.93,27.57,post_close,2026-05-25 15:00:00,人气Top50；当日上涨；收在日内高位；持续霸榜；市场强势且个股相对强势；v4主力资金强净流入,近5日趋势未确认；仍在20日线下方；热度可能进入后段；人气排名明显回落；v4趋势未转强且热度偏后,v4
2026-05-25,,次日已审,低层级强势反哺,普通/不推送走强,low_level_winner,不推送 后来走强，原因反哺：人气Top50、人气排名明显上升、市场强势且个股相对强势,33,300308,中际旭创,不推送,未入快策略,,2026-05-25,0,common_index_cache,8,17.11,-1.28,0.91,1.56,0.91,9.61,3.39,11.03,4.73,10.7,post_close,2026-05-25 15:00:00,人气Top50；当日上涨；收在日内高位；温和放量；站上20日线且不过热；持续霸榜；人气排名明显上升；市场强势且个股相对强势,热度可能进入后段；v4乖离率过大；v4趋势未转强且热度偏后,v4
2026-05-25,,次日已审,低层级强势反哺,普通/不推送走强,low_level_winner,不推送 后来走强，原因反哺：v4多头排列技术加分、人气Top3、市场强势且个股相对强势,3,000725,京东方A,不推送,未入快策略,,2026-05-25,0,common_index_cache,8,16.7,-0.95,9.49,10.06,9.49,7.78,1.71,8.81,2.68,15.56,post_close,2026-05-25 15:00:00,人气Top3；放量仍可控；近5日强势延续；站上20日线且不过热；连续上榜确认；市场强势且个股相对强势；v4多头排列技术加分,短线涨幅偏高；v4乖离率过大；v4远离短中期均线；v4事件谨慎扣分（异常波动）,v4
2026-05-25,,次日已审,低层级强势反哺,普通/不推送走强,low_level_winner,不推送 后来走强，原因反哺：v4龙虎榜活跃、人气Top50、持续霸榜,32,600759,ST洲际,不推送,未入快策略,,2026-05-25,0,common_index_cache,8,12.7,-4.76,-3.57,4.76,-3.57,4.37,15.08,9.58,20.83,15.08,post_close,2026-05-25 15:00:00,人气Top50；收在日内高位；持续霸榜；v4龙虎榜活跃,当日转弱；量能不足；近5日趋势未确认；仍在20日线下方；热度可能进入后段；强势市里个股相对走弱；v4跌破短均线；v4趋势未转强且热度偏后,v4
2026-05-25,,次日已审,低层级强势反哺,普通/不推送走强,low_level_winner,不推送 后来走强，原因反哺：持续霸榜、温和放量,72,002081,金螳螂,不推送,未入快策略,,2026-05-25,0,common_index_cache,8,4.92,-2.38,-5.94,-1.53,-5.94,-4.92,15.11,-2.61,17.91,15.11,post_close,2026-05-25 15:00:00,温和放量；持续霸榜,当日转弱；近5日趋势未确认；仍在20日线下方；热度可能进入后段；强势市里个股相对走弱；v4长上影承接转弱；v4跌破短均线；v4趋势未转强且热度偏后,v4
2026-05-25,,次日已审,低层级强势反哺,普通/不推送走强,low_level_winner,不推送 后来走强，原因反哺：v4多头排列技术加分、v4龙虎榜提示关注、人气Top10,7,603601,再升科技,不推送,未入快策略,,2026-05-25,0,common_index_cache,8,-19.2,-2.44,4.2,6.33,4.2,22.11,-1.09,25.16,1.38,22.11,post_close,2026-05-25 15:00:00,人气Top10；温和放量；站上20日线且不过热；连续上榜确认；市场强势且个股相对强势；v4多头排列技术加分；v4龙虎榜提示关注,当日转弱；收盘承接偏弱；v4短线偏离MA5过多；v4长上影承接转弱,v4
2026-05-25,,次日已审,低层级强势反哺,普通/不推送走强,low_level_winner,不推送 后来走强，原因反哺：v4多头排列技术加分、市场强势且个股相对强势、当日强涨,60,600183,生益科技,不推送,已入快策略,,2026-05-25,0,common_index_cache,8,23.55,-0.72,10.0,10.0,10.0,16.41,16.4,17.25,17.25,26.93,post_close,2026-05-25 15:00:00,当日强涨；收盘承接较强；温和放量；近5日趋势升温；连续上榜确认；市场强势且个股相对强势；v4多头排列技术加分,偏离20日线较大；v4乖离率过大；v4远离短中期均线,v4
2026-05-25,,次日已审,低层级强势反哺,普通/不推送走强,low_level_winner,普通观察 后来走强，原因反哺：人气Top10、市场强势且个股相对强势、当日强涨,4,601991,大唐发电,普通观察,已入快策略,,2026-05-25,0,common_index_cache,8,19.05,-0.14,-3.24,3.24,-3.24,8.11,13.11,8.25,13.26,18.78,post_close,2026-05-25 15:00:00,人气Top10；当日强涨；收在日内高位；温和放量；站上20日线且不过热；持续霸榜；市场强势且个股相对强势,近5日趋势未确认；热度可能进入后段,v4
2026-05-25,,次日已审,低层级强势反哺,普通/不推送走强,low_level_winner,不推送 后来走强，原因反哺：人气Top50、人气排名明显上升、市场强势且个股相对强势,27,300502,新易盛,不推送,已入快策略,,2026-05-25,0,common_index_cache,8,17.74,-0.46,6.22,6.76,6.22,9.0,3.16,9.5,3.63,11.38,post_close,2026-05-25 15:00:00,人气Top50；当日强涨；收在日内高位；温和放量；近5日趋势升温；站上20日线且不过热；连续上榜确认；人气排名明显上升；市场强势且个股相对强势,v4乖离率过大；v4远离短中期均线,v4
2026-05-25,,次日已审,低层级强势反哺,普通/不推送走强,low_level_winner,不推送 后来走强，原因反哺：v4多头排列技术加分、人气Top20、市场强势且个股相对强势,16,603629,利通电子,不推送,已入快策略,,2026-05-25,0,common_index_cache,8,-0.78,-2.03,4.92,7.37,4.92,8.93,7.26,11.19,9.49,19.25,post_close,2026-05-25 15:00:00,人气Top20；当日上涨；温和放量；近5日趋势升温；持续霸榜；市场强势且个股相对强势；v4多头排列技术加分,偏离20日线较大；热度可能进入后段；v4乖离率过大；v4远离短中期均线,v4
2026-05-22,2026-05-15,次日已审,快策略候选,优先成功,priority_success,下个交易日主盯 后续最高表现达到 23.12%，保留这类命中特征。,2,603629,利通电子,重点观察,下个交易日主盯,103.0,2026-05-22,0,common_index_cache,9,2.44,2.68,3.25,6.31,3.25,9.42,23.04,6.56,19.83,23.12,post_close,2026-05-22 15:00:00,人气Top3；当日强涨；收在日内高位；温和放量；近5日趋势升温；站上20日线且不过热；持续霸榜；人气排名明显上升；市场强势且个股相对强势；v4多头排列技术加分,热度可能进入后段；v4乖离率过大；v4远离短中期均线,v4
2026-05-22,2026-05-15,次日已审,快策略候选,优先成功,priority_success,下个交易日主盯 后续最高表现达到 21.98%，保留这类命中特征。,8,603601,再升科技,强推观察,下个交易日主盯,103.0,2026-05-22,0,common_index_cache,9,-19.28,0.05,-0.1,7.67,-0.1,10.89,9.8,10.83,9.74,21.98,post_close,2026-05-22 15:00:00,人气Top10；当日上涨；收在日内高位；温和放量；近5日趋势升温；站上20日线且不过热；连续上榜确认；人气排名明显上升；市场强势且个股相对强势；v4多头排列技术加分；v4缩量回踩MA5；v4靠近MA10承接,-,v4
2026-05-22,2026-05-15,次日已审,快策略候选,优先成功,priority_success,下个交易日主盯 后续最高表现达到 16.60%，保留这类命中特征。,30,600186,莲花控股,观察池,下个交易日主盯,96.28,2026-05-22,0,common_index_cache,9,-19.4,2.55,10.04,10.04,10.04,1.02,-13.62,-1.49,-15.77,16.6,post_close,2026-05-22 15:00:00,人气Top50；当日涨停附近；收在日内高位；近5日趋势升温；站上20日线且不过热；连续上榜确认；人气排名明显上升；市场强势且个股相对强势；v4多头排列技术加分；v4沿短均线抬升,v4乖离率过大；v4远离短中期均线；涨停封板不可买,v4
2026-05-22,2026-05-15,次日已审,快策略候选,优先成功,priority_success,下个交易日主盯 后续最高表现达到 24.65%，保留这类命中特征。,36,000021,深科技,重点观察,下个交易日主盯,90.28,2026-05-22,0,common_index_cache,9,5.17,1.27,9.06,9.99,9.06,16.57,5.46,15.1,4.14,24.65,post_close,2026-05-22 15:00:00,人气Top50；当日上涨；收盘承接较强；温和放量；近5日趋势升温；站上20日线且不过热；持续霸榜；人气排名明显上升；市场强势且个股相对强势；v4多头排列技术加分；v4缩量回踩MA5；v4沿短均线抬升,热度可能进入后段,v4
2026-05-22,2026-05-15,次日已审,快策略候选,优先成功,priority_success,下个交易日主盯 后续最高表现达到 30.21%，保留这类命中特征。,3,600584,长电科技,普通观察,下个交易日主盯,87.98,2026-05-22,0,common_index_cache,9,9.88,1.54,10.0,10.0,10.0,18.22,12.58,16.43,10.88,30.21,post_close,2026-05-22 15:00:00,人气Top3；当日强涨；收在日内高位；温和放量；近5日强势延续；持续霸榜；市场强势且个股相对强势；v4多头排列技术加分；v4龙虎榜活跃,短线涨幅偏高；偏离20日线较大；热度可能进入后段；v4乖离率过大；v4远离短中期均线,v4
2026-05-22,2026-05-15,次日已审,快策略候选,优先成功,priority_success,下个交易日主盯 后续最高表现达到 18.35%，保留这类命中特征。,15,002421,达实智能,观察池,下个交易日主盯,86.03,2026-05-22,0,common_index_cache,9,8.72,5.28,10.09,10.09,10.09,5.05,-5.73,-0.22,-10.46,18.35,post_close,2026-05-22 15:00:00,人气Top20；当日涨停附近；收在日内高位；温和放量；近5日强势延续；持续霸榜；市场强势且个股相对强势；v4多头排列技术加分；v4龙虎榜提示关注,短线涨幅偏高；偏离20日线较大；热度可能进入后段；v4乖离率过大；v4远离短中期均线；涨停封板不可买,v4
2026-05-22,2026-05-15,次日已审,快策略候选,优先成功,priority_success,下个交易日主盯 后续最高表现达到 42.32%，保留这类命中特征。,46,002185,华天科技,重点观察,下个交易日主盯,85.48,2026-05-22,0,common_index_cache,9,24.82,3.69,9.98,9.98,9.98,30.59,25.34,25.94,20.88,42.32,post_close,2026-05-22 15:00:00,人气Top50；收盘承接较强；温和放量；近5日趋势升温；站上20日线且不过热；持续霸榜；市场强势且个股相对强势；v4多头排列技术加分；v4缩量回踩MA5；v4靠近MA10承接；v4沿短均线抬升,热度可能进入后段,v4
2026-05-22,2026-05-15,次日已审,快策略候选,优先成功,priority_success,下个交易日主盯 后续最高表现达到 18.13%，保留这类命中特征。,6,603986,兆易创新,不推送,下个交易日主盯,85.28,2026-05-22,0,common_index_cache,9,13.1,2.0,10.01,10.02,10.01,9.87,-0.21,7.71,-2.17,18.13,post_close,2026-05-22 15:00:00,人气Top10；当日强涨；收盘承接较强；温和放量；近5日趋势升温；持续霸榜；人气排名明显上升；市场强势且个股相对强势；v4多头排列技术加分,偏离20日线较大；热度可能进入后段；v4乖离率过大；v4远离短中期均线,v4
2026-05-22,2026-05-15,次日已审,快策略候选,优先成功,priority_success,下个交易日主盯 后续最高表现达到 23.45%，保留这类命中特征。,28,002463,沪电股份,观察池,下个交易日主盯,84.28,2026-05-22,0,common_index_cache,9,23.45,6.09,7.43,8.55,7.43,12.47,15.75,6.01,9.11,21.74,post_close,2026-05-22 15:00:00,人气Top50；当日涨停附近；收在日内高位；温和放量；近5日趋势升温；站上20日线且不过热；人气排名明显上升；市场强势且个股相对强势；v4龙虎榜提示关注,v4乖离率过大；涨停封板不可买,v4
2026-05-22,2026-05-15,次日已审,快策略候选,优先成功,priority_success,下个交易日主盯 后续最高表现达到 19.19%，保留这类命中特征。,1,000725,京东方A,观察池,下个交易日主盯,83.13,2026-05-22,0,common_index_cache,9,19.19,0.19,2.13,4.07,2.13,10.85,-0.97,10.64,-1.16,18.02,post_close,2026-05-22 15:00:00,人气Top3；当日涨停附近；收在日内高位；近5日趋势升温；站上20日线且不过热；连续上榜确认；市场强势且个股相对强势；v4多头排列技术加分；v4龙虎榜提示关注,放量过猛；v4乖离率过大；v4远离短中期均线；v4放量冲高过热；v4事件谨慎扣分（风险提示）；涨停封板不可买,v4
2026-05-22,2026-05-15,次日已审,快策略候选,优先成功,priority_success,下个交易日主盯 后续最高表现达到 23.32%，保留这类命中特征。,49,300308,中际旭创,普通观察,下个交易日主盯,83.08,2026-05-22,0,common_index_cache,9,23.32,1.64,5.3,5.49,5.3,7.07,11.87,5.34,10.06,16.57,post_close,2026-05-22 15:00:00,人气Top50；当日上涨；收盘承接较强；温和放量；站上20日线且不过热；持续霸榜；市场强势且个股相对强势；v4多头排列技术加分；v4缩量回踩MA5；v4靠近MA10承接,近5日趋势未确认；热度可能进入后段,v4
2026-05-22,2026-05-15,次日已审,快策略候选,优先成功,priority_success,下个交易日主盯 后续最高表现达到 22.01%，保留这类命中特征。,82,301526,国际复材,观察池,下个交易日主盯,79.78,2026-05-22,0,common_index_cache,9,10.74,2.54,5.22,6.54,5.22,5.32,13.96,2.71,11.14,22.01,post_close,2026-05-22 15:00:00,当日涨停附近；收在日内高位；温和放量；近5日趋势升温；站上20日线且不过热；市场强势且个股相对强势；v4多头排列技术加分,v4乖离率过大；v4远离短中期均线；涨停封板不可买,v4
2026-05-22,2026-05-15,次日已审,快策略候选,优先成功,priority_success,下个交易日主盯 后续最高表现达到 19.16%，保留这类命中特征。,90,000657,中钨高新,观察池,下个交易日主盯,78.88,2026-05-22,0,common_index_cache,9,19.16,3.88,2.93,4.68,2.93,3.93,9.01,0.05,4.94,13.75,post_close,2026-05-22 15:00:00,当日涨停附近；收在日内高位；温和放量；近5日趋势升温；站上20日线且不过热；市场强势且个股相对强势；v4龙虎榜提示关注,v4乖离率过大；涨停封板不可买,v4
2026-05-22,2026-05-15,次日已审,快策略候选,优先成功,priority_success,下个交易日主盯 后续最高表现达到 23.86%，保留这类命中特征。,42,002156,通富微电,不推送,下个交易日主盯,78.13,2026-05-22,0,common_index_cache,9,12.22,1.31,10.01,10.01,10.01,12.75,4.17,11.29,2.82,23.86,post_close,2026-05-22 15:00:00,人气Top50；收盘承接较强；温和放量；近5日趋势升温；站上20日线且不过热；持续霸榜；市场强势且个股相对强势；v4多头排列技术加分；v4沿短均线抬升,热度可能进入后段；v4短线偏离MA5过多,v4
2026-05-22,2026-05-15,次日已审,快策略候选,优先成功,priority_success,下个交易日主盯 后续最高表现达到 32.18%，保留这类命中特征。,64,300394,天孚通信,观察池,下个交易日主盯,77.98,2026-05-22,0,common_index_cache,9,28.98,0.11,6.51,6.78,6.51,15.06,22.2,14.94,22.07,32.18,post_close,2026-05-22 15:00:00,当日涨停附近；收在日内高位；温和放量；站上20日线且不过热；人气排名明显上升；市场强势且个股相对强势,近5日趋势未确认；涨停封板不可买,v4
2026-05-22,2026-05-15,次日已审,快策略候选,优先成功,priority_success,下个交易日主盯 后续最高表现达到 33.98%，保留这类命中特征。,20,600487,亨通光电,不推送,下个交易日主盯,77.68,2026-05-22,0,common_index_cache,9,33.98,0.07,0.49,0.94,0.49,-5.97,5.57,-6.03,5.5,6.13,post_close,2026-05-22 15:00:00,人气Top20；当日上涨；收在日内高位；温和放量；站上20日线且不过热；持续霸榜；市场强势且个股相对强势,热度可能进入后段,v4
2026-05-22,2026-05-15,次日已审,快策略候选,优先走弱,priority_failed,下个交易日主盯 未兑现，复盘风险项：v4乖离率过大,9,300136,信维通信,重点观察,下个交易日主盯,95.0,2026-05-22,0,common_index_cache,9,-17.63,2.54,-0.29,4.68,-0.29,-5.88,-17.09,-8.21,-19.14,4.68,post_close,2026-05-22 15:00:00,人气Top10；当日强涨；收在日内高位；温和放量；近5日趋势升温；站上20日线且不过热；连续上榜确认；人气排名明显上升；市场强势且个股相对强势；v4多头排列技术加分,v4乖离率过大,v4
2026-05-22,2026-05-15,次日已审,快策略候选,优先走弱,priority_failed,下个交易日主盯 未兑现，复盘风险项：v4短线偏离MA5过多；涨停封板不可买,96,002273,水晶光电,观察池,下个交易日主盯,89.23,2026-05-22,0,common_index_cache,9,-7.83,0.67,-0.5,0.89,-0.5,3.74,-2.93,3.05,-3.57,9.32,post_close,2026-05-22 15:00:00,当日涨停附近；收在日内高位；温和放量；近5日趋势升温；站上20日线且不过热；市场强势且个股相对强势；v4多头排列技术加分；v4沿短均线抬升；v4龙虎榜提示关注,v4短线偏离MA5过多；涨停封板不可买,v4
2026-05-22,2026-05-15,次日已审,快策略候选,优先走弱,priority_failed,下个交易日主盯 未兑现，复盘风险项：热度可能进入后段,12,002050,三花智控,不推送,下个交易日主盯,81.28,2026-05-22,0,common_index_cache,9,-13.02,0.65,-0.26,1.72,-0.26,-5.61,-14.26,-6.21,-14.82,3.61,post_close,2026-05-22 15:00:00,人气Top20；收在日内高位；温和放量；站上20日线且不过热；持续霸榜；市场强势且个股相对强势；v4多头排列技术加分；v4沿短均线抬升,热度可能进入后段,v4
2026-05-22,2026-05-15,次日已审,快策略候选,优先走弱,priority_failed,下个交易日主盯 未兑现，复盘风险项：短线涨幅偏高；v4乖离率过大；v4远离短中期均线；涨停封板不可买,38,002272,川润股份,观察池,下个交易日主盯,78.53,2026-05-22,0,common_index_cache,9,-19.8,0.69,-2.43,1.05,-2.43,-14.86,-15.67,-15.44,-16.24,1.05,post_close,2026-05-22 15:00:00,人气Top50；当日涨停附近；收在日内高位；温和放量；近5日强势延续；站上20日线且不过热；连续上榜确认；人气排名明显上升；市场强势且个股相对强势；v4多头排列技术加分；v4龙虎榜提示关注,短线涨幅偏高；v4乖离率过大；v4远离短中期均线；涨停封板不可买,v4
2026-05-22,2026-05-15,次日已审,快策略候选,优先走弱,priority_failed,下个交易日主盯 未兑现，复盘风险项：v4乖离率过大,26,002297,博云新材,不推送,下个交易日主盯,78.13,2026-05-22,0,common_index_cache,9,-21.82,3.01,10.01,10.01,10.01,-10.87,-22.46,-13.48,-24.73,10.01,post_close,2026-05-22 15:00:00,人气Top50；当日强涨；收在日内高位；温和放量；站上20日线且不过热；连续上榜确认；人气排名明显上升；市场强势且个股相对强势；v4龙虎榜活跃,v4乖离率过大,v4
2026-05-22,2026-05-15,次日已审,快策略候选,优先走弱,priority_failed,下个交易日主盯 未兑现，复盘风险项：v4短线偏离MA5过多,63,603667,五洲新春,不推送,下个交易日主盯,77.23,2026-05-22,0,common_index_cache,9,-18.52,-0.19,-1.24,2.45,-1.24,-11.48,-18.61,-11.31,-18.45,2.73,post_close,2026-05-22 15:00:00,当日上涨；收盘承接较强；温和放量；站上20日线且不过热；连续上榜确认；市场强势且个股相对强势；v4多头排列技术加分；v4放量突破但不过热；v4沿短均线抬升,v4短线偏离MA5过多,v4
2026-05-22,2026-05-15,次日已审,快策略候选,优先走弱,priority_failed,下个交易日主盯 未兑现，复盘风险项：热度可能进入后段；v4乖离率过大；v4远离短中期均线,17,002407,多氟多,不推送,下个交易日主盯,76.78,2026-05-22,0,common_index_cache,9,-23.28,-0.61,-10.0,-0.61,-10.0,-16.18,-21.08,-15.67,-20.59,-0.61,post_close,2026-05-22 15:00:00,人气Top20；当日上涨；收盘承接较强；温和放量；近5日趋势升温；站上20日线且不过热；持续霸榜；市场强势且个股相对强势；v4多头排列技术加分,热度可能进入后段；v4乖离率过大；v4远离短中期均线,v4
2026-05-22,2026-05-15,次日已审,快策略候选,优先走弱,priority_failed,下个交易日主盯 未兑现，复盘风险项：v4短线偏离MA5过多,68,600156,华升股份,不推送,下个交易日主盯,76.78,2026-05-22,0,common_index_cache,9,-28.92,0.07,-10.01,1.91,-10.01,-24.94,-24.58,-25.0,-24.63,1.91,post_close,2026-05-22 15:00:00,当日上涨；收盘承接较强；温和放量；站上20日线且不过热；连续上榜确认；市场强势且个股相对强势；v4多头排列技术加分；v4沿短均线抬升；v4龙虎榜活跃,v4短线偏离MA5过多,v4
2026-05-22,2026-05-15,次日已审,快策略候选,优先走弱,priority_failed,下个交易日主盯 未兑现，复盘风险项：v4短线偏离MA5过多；涨停封板不可买,76,600601,方正科技,观察池,下个交易日主盯,75.73,2026-05-22,0,common_index_cache,9,-1.33,1.8,1.72,4.38,1.72,1.95,5.0,0.15,3.15,11.49,post_close,2026-05-22 15:00:00,当日涨停附近；收在日内高位；温和放量；站上20日线且不过热；市场强势且个股相对强势,v4短线偏离MA5过多；涨停封板不可买,v4
2026-05-22,2026-05-15,次日已审,快策略候选,暂未强势,neutral,继续等待更多交易日或降低权重。,27,300433,蓝思科技,普通观察,下个交易日主盯,87.58,2026-05-22,0,common_index_cache,9,13.65,0.52,2.92,5.39,2.92,4.9,5.47,4.35,4.92,8.59,post_close,2026-05-22 15:00:00,人气Top50；当日上涨；收在日内高位；温和放量；近5日趋势升温；站上20日线且不过热；持续霸榜；人气排名明显上升；市场强势且个股相对强势；v4多头排列技术加分；v4放量突破但不过热；v4沿短均线抬升,热度可能进入后段；v4远离短中期均线,v4
2026-05-22,2026-05-15,次日已审,快策略候选,暂未强势,neutral,继续等待更多交易日或降低权重。,45,002384,东山精密,普通观察,下个交易日主盯,86.68,2026-05-22,0,common_index_cache,9,7.82,1.07,2.58,3.5,2.58,1.28,-3.4,0.21,-4.42,6.1,post_close,2026-05-22 15:00:00,人气Top50；当日上涨；收盘承接较强；温和放量；近5日趋势升温；站上20日线且不过热；持续霸榜；市场强势且个股相对强势；v4多头排列技术加分；v4放量突破但不过热；v4沿短均线抬升,热度可能进入后段,v4
2026-05-22,2026-05-15,次日已审,快策略候选,暂未强势,neutral,继续等待更多交易日或降低权重。,80,601208,东材科技,观察池,下个交易日主盯,79.78,2026-05-22,0,common_index_cache,9,13.63,2.96,2.46,5.34,2.46,-0.38,-4.67,-3.24,-7.41,6.29,post_close,2026-05-22 15:00:00,当日涨停附近；收在日内高位；温和放量；近5日趋势升温；站上20日线且不过热；市场强势且个股相对强势；v4多头排列技术加分,v4乖离率过大；v4远离短中期均线；涨停封板不可买,v4
2026-05-22,2026-05-15,次日已审,快策略候选,暂未强势,neutral,继续等待更多交易日或降低权重。,71,002245,蔚蓝锂芯,观察池,下个交易日主盯,77.98,2026-05-22,0,common_index_cache,9,2.16,2.84,-0.44,2.89,-0.44,11.61,1.32,8.53,-1.48,13.72,post_close,2026-05-22 15:00:00,当日涨停附近；收在日内高位；温和放量；近5日趋势升温；站上20日线且不过热；市场强势且个股相对强势；v4多头排列技术加分,人气排名明显回落；v4乖离率过大；v4远离短中期均线；涨停封板不可买,v4
2026-05-22,2026-05-15,次日已审,快策略候选,暂未强势,neutral,继续等待更多交易日或降低权重。,16,603459,红板科技,观察池,下个交易日主盯,77.63,2026-05-22,0,common_index_cache,9,1.31,-0.58,2.55,9.03,2.55,-1.52,-3.52,-0.94,-2.96,9.03,post_close,2026-05-22 15:00:00,人气Top20；当日涨停附近；收在日内高位；温和放量；近5日强势延续；连续上榜确认；人气排名明显上升；市场强势且个股相对强势；v4多头排列技术加分；v4龙虎榜提示关注,短线涨幅偏高；偏离20日线较大；v4乖离率过大；v4远离短中期均线；涨停封板不可买,v4
2026-05-22,,次日已审,低层级强势反哺,普通/不推送走强,low_level_winner,不推送 后来走强，原因反哺：人气排名明显上升、持续霸榜、收盘承接较强,55,600396,华电辽能,不推送,未入快策略,,2026-05-22,0,common_index_cache,9,50.89,1.3,10.03,10.03,10.03,27.54,37.57,25.9,35.8,42.86,post_close,2026-05-22 15:00:00,收盘承接较强；站上20日线且不过热；持续霸榜；人气排名明显上升,近5日趋势未确认；热度可能进入后段；强势市里个股相对走弱；市场健康度不足，收缩推送；v4趋势未转强且热度偏后,v4
2026-05-22,,次日已审,低层级强势反哺,普通/不推送走强,low_level_winner,不推送 后来走强，原因反哺：市场强势且个股相对强势、持续霸榜、温和放量,52,001896,豫能控股,不推送,未入快策略,,2026-05-22,0,common_index_cache,9,40.16,1.59,7.36,9.77,7.36,-0.13,3.87,-1.69,2.25,9.77,post_close,2026-05-22 15:00:00,温和放量；持续霸榜；市场强势且个股相对强势,当日转弱；热度可能进入后段；人气排名明显回落；v4趋势未转强且热度偏后,v4
2026-05-22,,次日已审,低层级强势反哺,普通/不推送走强,low_level_winner,不推送 后来走强，原因反哺：人气排名明显上升、市场强势且个股相对强势、当日强涨,57,300502,新易盛,不推送,未入快策略,,2026-05-22,0,common_index_cache,9,27.88,2.2,8.61,8.78,8.61,14.54,16.43,12.07,13.92,20.97,post_close,2026-05-22 15:00:00,当日强涨；收盘承接较强；温和放量；站上20日线且不过热；人气排名明显上升；市场强势且个股相对强势,近5日趋势未确认；v4短线偏离MA5过多,v4
2026-05-22,,次日已审,低层级强势反哺,普通/不推送走强,low_level_winner,不推送 后来走强，原因反哺：人气Top10、持续霸榜、站上20日线且不过热,7,601991,大唐发电,不推送,未入快策略,,2026-05-22,0,common_index_cache,9,27.87,-1.31,7.4,7.98,7.4,11.9,25.25,13.38,26.91,27.58,post_close,2026-05-22 15:00:00,人气Top10；站上20日线且不过热；持续霸榜,当日转弱；收盘承接偏弱；近5日趋势未确认；热度可能进入后段；强势市里个股相对走弱；市场健康度不足，收缩推送；v4跌破短均线,v4
2026-05-22,,次日已审,低层级强势反哺,普通/不推送走强,low_level_winner,不推送 后来走强，原因反哺：v4多头排列技术加分、v4沿短均线抬升、市场强势且个股相对强势,87,600863,华能蒙电,不推送,未入快策略,,2026-05-22,0,common_index_cache,9,27.64,-0.93,10.02,10.02,10.02,24.49,35.44,25.66,36.7,35.62,post_close,2026-05-22 15:00:00,温和放量；近5日趋势升温；站上20日线且不过热；连续上榜确认；市场强势且个股相对强势；v4多头排列技术加分；v4沿短均线抬升,当日转弱；收盘承接偏弱；v4长上影承接转弱,v4
2026-05-22,,次日已审,低层级强势反哺,普通/不推送走强,low_level_winner,不推送 后来走强，原因反哺：v4事件催化加分（增持）、人气Top20、持续霸榜,19,600745,*ST闻泰,不推送,未入快策略,,2026-05-22,0,common_index_cache,9,26.98,1.17,5.0,5.0,5.0,15.74,27.59,14.4,26.11,27.59,post_close,2026-05-22 15:00:00,人气Top20；放量仍可控；持续霸榜；v4事件催化加分（增持）,当日转弱；收盘承接偏弱；近5日趋势未确认；仍在20日线下方；热度可能进入后段；强势市里个股相对走弱；市场健康度不足，收缩推送；v4长上影承接转弱；v4跌破短均线；v4主力资金强净流出,v4
2026-05-22,,次日已审,低层级强势反哺,普通/不推送走强,low_level_winner,不推送 后来走强，原因反哺：v4筹码集中加分、市场强势且个股相对强势、当日上涨,89,002491,通鼎互联,不推送,未入快策略,,2026-05-22,0,common_index_cache,9,17.68,1.8,3.42,4.21,3.42,-6.84,4.96,-8.49,3.1,9.04,post_close,2026-05-22 15:00:00,当日上涨；收在日内高位；站上20日线且不过热；持续霸榜；市场强势且个股相对强势；v4筹码集中加分,热度可能进入后段；人气排名明显回落；v4趋势未转强且热度偏后；v4获利盘结构偏弱,v4
2026-05-22,,次日已审,低层级强势反哺,普通/不推送走强,low_level_winner,不推送 后来走强，原因反哺：人气Top50、持续霸榜、收盘承接较强,44,601138,工业富联,不推送,未入快策略,,2026-05-22,0,common_index_cache,9,16.96,1.25,4.68,4.97,4.68,4.35,9.29,3.06,7.94,18.57,post_close,2026-05-22 15:00:00,人气Top50；收盘承接较强；温和放量；站上20日线且不过热；持续霸榜,近5日趋势未确认；热度可能进入后段；市场健康度不足，收缩推送；v4趋势未转强且热度偏后,v4
2026-05-22,,次日已审,低层级强势反哺,普通/不推送走强,low_level_winner,不推送 后来走强，原因反哺：v4多头排列技术加分、v4沿短均线抬升、市场强势且个股相对强势,88,002436,兴森科技,不推送,未入快策略,,2026-05-22,0,common_index_cache,9,15.48,1.64,7.63,7.86,7.63,4.52,9.3,2.84,7.53,12.94,post_close,2026-05-22 15:00:00,当日上涨；温和放量；近5日趋势升温；站上20日线且不过热；市场强势且个股相对强势；v4多头排列技术加分；v4沿短均线抬升,v4短线偏离MA5过多,v4
2026-05-22,,次日已审,低层级强势反哺,普通/不推送走强,low_level_winner,不推送 后来走强，原因反哺：v4多头排列技术加分、v4筹码集中加分、人气Top50,50,603005,晶方科技,不推送,未入快策略,,2026-05-22,0,common_index_cache,9,13.9,2.68,9.99,9.99,9.99,9.89,4.85,7.02,2.11,20.92,post_close,2026-05-22 15:00:00,人气Top50；当日强涨；收盘承接较强；放量仍可控；近5日趋势升温；站上20日线且不过热；连续上榜确认；人气排名明显上升；市场强势且个股相对强势；v4多头排列技术加分；v4筹码集中加分,v4乖离率过大；v4远离短中期均线；v4获利盘结构偏弱,v4
2026-05-22,,次日已审,低层级强势反哺,普通/不推送走强,low_level_winner,不推送 后来走强，原因反哺：v4多头排列技术加分、v4沿短均线抬升、v4龙虎榜提示关注,11,600578,京能电力,不推送,未入快策略,,2026-05-22,0,common_index_cache,9,13.87,1.95,9.98,9.98,9.98,18.0,14.11,15.75,11.93,22.26,post_close,2026-05-22 15:00:00,人气Top20；温和放量；近5日趋势升温；持续霸榜；市场强势且个股相对强势；v4多头排列技术加分；v4沿短均线抬升；v4龙虎榜提示关注,偏离20日线较大；热度可能进入后段；上影线偏长；v4短线偏离MA5过多；v4远离短中期均线；v4长上影承接转弱；v4正涨但收盘承接一般,v4
2026-05-22,,次日已审,低层级强势反哺,普通/不推送走强,low_level_winner,不推送 后来走强，原因反哺：v4多头排列技术加分、市场强势且个股相对强势、当日上涨,98,688981,中芯国际,不推送,未入快策略,,2026-05-22,0,common_index_cache,9,2.7,3.56,18.78,20.0,18.78,11.34,6.53,7.51,2.88,21.11,post_close,2026-05-22 15:00:00,当日上涨；收盘承接较强；温和放量；近5日趋势升温；站上20日线且不过热；市场强势且个股相对强势；v4多头排列技术加分,人气排名明显回落；v4短线偏离MA5过多,v4
2026-05-22,,次日已审,低层级强势反哺,普通/不推送走强,low_level_winner,不推送 后来走强，原因反哺：人气Top50、人气排名明显上升、市场强势且个股相对强势,40,600176,中国巨石,不推送,未入快策略,,2026-05-22,0,common_index_cache,9,0.6,1.62,2.8,3.01,2.8,3.59,10.32,1.93,8.56,15.25,post_close,2026-05-22 15:00:00,人气Top50；当日强涨；收在日内高位；温和放量；近5日趋势升温；站上20日线且不过热；人气排名明显上升；市场强势且个股相对强势,v4乖离率过大,v4
2026-05-22,,次日已审,低层级强势反哺,普通/不推送走强,low_level_winner,不推送 后来走强，原因反哺：v4多头排列技术加分、v4沿短均线抬升、市场强势且个股相对强势,73,600707,彩虹股份,不推送,未入快策略,,2026-05-22,0,common_index_cache,9,-1.35,0.0,4.5,7.03,4.5,7.48,-11.98,7.48,-11.98,15.59,post_close,2026-05-22 15:00:00,温和放量；站上20日线且不过热；连续上榜确认；市场强势且个股相对强势；v4多头排列技术加分；v4沿短均线抬升,当日转弱；人气排名明显回落；v4长上影承接转弱；v4主力资金强净流出,v4
2026-05-22,,次日已审,低层级强势反哺,普通/不推送走强,low_level_winner,不推送 后来走强，原因反哺：人气Top20、市场强势且个股相对强势、当日上涨,20,600487,亨通光电,不推送,已入快策略,,2026-05-22,0,common_index_cache,9,33.98,0.07,0.49,0.94,0.49,-5.97,5.57,-6.03,5.5,6.13,post_close,2026-05-22 15:00:00,人气Top20；当日上涨；收在日内高位；温和放量；站上20日线且不过热；持续霸榜；市场强势且个股相对强势,热度可能进入后段,v4
2026-05-22,,次日已审,低层级强势反哺,普通/不推送走强,low_level_winner,普通观察 后来走强，原因反哺：v4多头排列技术加分、v4缩量回踩MA5、v4靠近MA10承接,49,300308,中际旭创,普通观察,已入快策略,,2026-05-22,0,common_index_cache,9,23.32,1.64,5.3,5.49,5.3,7.07,11.87,5.34,10.06,16.57,post_close,2026-05-22 15:00:00,人气Top50；当日上涨；收盘承接较强；温和放量；站上20日线且不过热；持续霸榜；市场强势且个股相对强势；v4多头排列技术加分；v4缩量回踩MA5；v4靠近MA10承接,近5日趋势未确认；热度可能进入后段,v4
2026-05-22,,次日已审,低层级强势反哺,普通/不推送走强,low_level_winner,不推送 后来走强，原因反哺：v4多头排列技术加分、人气Top10、人气排名明显上升,6,603986,兆易创新,不推送,已入快策略,,2026-05-22,0,common_index_cache,9,13.1,2.0,10.01,10.02,10.01,9.87,-0.21,7.71,-2.17,18.13,post_close,2026-05-22 15:00:00,人气Top10；当日强涨；收盘承接较强；温和放量；近5日趋势升温；持续霸榜；人气排名明显上升；市场强势且个股相对强势；v4多头排列技术加分,偏离20日线较大；热度可能进入后段；v4乖离率过大；v4远离短中期均线,v4
2026-05-22,,次日已审,低层级强势反哺,普通/不推送走强,low_level_winner,不推送 后来走强，原因反哺：v4多头排列技术加分、v4沿短均线抬升、人气Top50,42,002156,通富微电,不推送,已入快策略,,2026-05-22,0,common_index_cache,9,12.22,1.31,10.01,10.01,10.01,12.75,4.17,11.29,2.82,23.86,post_close,2026-05-22 15:00:00,人气Top50；收盘承接较强；温和放量；近5日趋势升温；站上20日线且不过热；持续霸榜；市场强势且个股相对强势；v4多头排列技术加分；v4沿短均线抬升,热度可能进入后段；v4短线偏离MA5过多,v4
2026-05-22,,次日已审,低层级强势反哺,普通/不推送走强,low_level_winner,不推送 后来走强，原因反哺：v4多头排列技术加分、v4龙虎榜活跃、人气Top3,3,600584,长电科技,不推送,已入快策略,,2026-05-22,0,common_index_cache,9,9.88,1.54,10.0,10.0,10.0,18.22,12.58,16.43,10.88,30.21,post_close,2026-05-22 15:00:00,人气Top3；当日强涨；收在日内高位；温和放量；近5日强势延续；持续霸榜；市场强势且个股相对强势；v4多头排列技术加分；v4龙虎榜活跃,短线涨幅偏高；偏离20日线较大；热度可能进入后段；Top3高热度拥挤，次日兑现风险；v4乖离率过大；v4远离短中期均线,v4
2026-05-22,,次日已审,低层级强势反哺,普通/不推送走强,low_level_winner,普通观察 后来走强，原因反哺：v4多头排列技术加分、人气Top3、人气排名明显上升,2,603629,利通电子,普通观察,已入快策略,,2026-05-22,0,common_index_cache,9,2.44,2.68,3.25,6.31,3.25,9.42,23.04,6.56,19.83,23.12,post_close,2026-05-22 15:00:00,人气Top3；当日强涨；收在日内高位；温和放量；近5日趋势升温；站上20日线且不过热；持续霸榜；人气排名明显上升；市场强势且个股相对强势；v4多头排列技术加分,热度可能进入后段；Top3高热度拥挤，次日兑现风险；v4乖离率过大；v4远离短中期均线,v4
2026-05-21,2026-05-14,次日已审,快策略候选,优先成功,priority_success,下个交易日主盯 后续最高表现达到 22.86%，保留这类命中特征。,3,600578,京能电力,观察池,下个交易日主盯,84.1,2026-05-21,0,common_index_cache,10,14.43,-3.18,0.49,8.8,0.49,12.1,12.59,15.78,16.29,22.86,post_close,2026-05-21 15:00:00,人气Top3；当日涨停附近；收在日内高位；温和放量；近5日强势延续；持续霸榜；人气排名明显上升；弱市中个股相对抗跌；v4多头排列技术加分；v4筹码集中加分；v4主力资金强净流入；v4龙虎榜提示关注,短线涨幅偏高；偏离20日线较大；热度可能进入后段；弱市里的长连榜样本优先降权；v4乖离率过大；v4远离短中期均线；v4获利盘结构偏弱；涨停封板不可买,v4
2026-05-21,2026-05-14,次日已审,快策略候选,优先成功,priority_success,下个交易日主盯 后续最高表现达到 31.13%，保留这类命中特征。,1,000725,京东方A,观察池,下个交易日主盯,83.94,2026-05-21,0,common_index_cache,10,31.13,0.21,10.02,10.02,10.02,23.03,21.11,22.77,20.85,29.85,post_close,2026-05-21 15:00:00,人气Top3；当日涨停附近；收在日内高位；温和放量；近5日趋势升温；站上20日线且不过热；首次上榜即强势；v4多头排列技术加分；v4筹码集中加分；v4龙虎榜提示关注；v4事件催化加分（签订协议）,一字或近似一字，参与点差；弱市先收缩执行；v4乖离率过大；v4远离短中期均线；v4获利盘结构偏弱；一字板不可买,v4
2026-05-21,2026-05-14,次日已审,快策略候选,优先成功,priority_success,下个交易日主盯 后续最高表现达到 32.56%，保留这类命中特征。,23,603601,再升科技,重点观察,下个交易日主盯,81.0,2026-05-21,0,common_index_cache,10,-14.12,-2.1,6.4,6.45,6.4,10.76,29.78,13.13,32.56,29.78,post_close,2026-05-21 15:00:00,人气Top50；当日上涨；收在日内高位；温和放量；近5日趋势升温；站上20日线且不过热；人气排名明显上升；弱市中个股相对抗跌；v4多头排列技术加分；v4缩量回踩MA5；v4靠近MA10承接；v4筹码集中加分,v4获利盘结构偏弱；v4主力资金净流出,v4
2026-05-21,2026-05-14,次日已审,快策略候选,优先成功,priority_success,下个交易日主盯 后续最高表现达到 19.94%，保留这类命中特征。,38,603459,红板科技,不推送,下个交易日主盯,78.99,2026-05-21,0,common_index_cache,10,11.44,1.55,10.0,10.0,10.0,17.65,7.83,15.86,6.18,19.94,post_close,2026-05-21 15:00:00,人气Top50；当日上涨；温和放量；近5日趋势升温；站上20日线且不过热；连续上榜确认；人气排名明显上升；v4多头排列技术加分；v4沿短均线抬升；v4筹码集中加分；v4主力资金强净流入；v4龙虎榜提示关注,弱市先收缩执行；v4乖离率过大；v4远离短中期均线；v4获利盘结构偏弱,v4
2026-05-21,2026-05-14,次日已审,快策略候选,优先成功,priority_success,下个交易日主盯 后续最高表现达到 22.45%，保留这类命中特征。,68,600246,万通发展,不推送,下个交易日主盯,74.4,2026-05-21,0,common_index_cache,10,22.45,1.82,1.82,6.29,1.82,-2.4,9.09,-4.14,7.14,9.09,post_close,2026-05-21 15:00:00,当日强涨；收盘承接较强；温和放量；近5日趋势升温；弱市中个股相对抗跌；v4多头排列技术加分；v4龙虎榜活跃,偏离20日线较大；后段人气股在偏弱环境里更谨慎；v4乖离率过大；v4远离短中期均线,v4
2026-05-21,2026-05-14,次日已审,快策略候选,优先成功,priority_success,下个交易日主盯 后续最高表现达到 34.94%，保留这类命中特征。,9,001896,豫能控股,观察池,下个交易日主盯,68.85,2026-05-21,0,common_index_cache,10,34.94,-2.26,-3.73,-1.28,-3.73,1.1,-4.15,3.44,-1.94,5.68,post_close,2026-05-21 15:00:00,人气Top10；当日涨停附近；收在日内高位；温和放量；持续霸榜；人气排名明显上升；弱市中个股相对抗跌；v4筹码集中加分；v4龙虎榜提示关注,近5日趋势未确认；热度可能进入后段；弱市里的长连榜样本优先降权；v4乖离率过大；v4获利盘结构偏弱；涨停封板不可买,v4
2026-05-21,2026-05-14,次日已审,快策略候选,优先成功,priority_success,下个交易日主盯 后续最高表现达到 23.04%，保留这类命中特征。,14,603629,利通电子,普通观察,下个交易日主盯,66.25,2026-05-21,0,common_index_cache,10,11.59,3.41,8.93,8.93,8.93,18.0,22.5,14.11,18.46,23.04,post_close,2026-05-21 15:00:00,人气Top20；收在日内高位；温和放量；近5日趋势升温；站上20日线且不过热；持续霸榜；人气排名明显上升；弱市中个股相对抗跌；v4多头排列技术加分；v4缩量回踩MA5；v4沿短均线抬升；v4筹码集中加分,当日转弱；热度可能进入后段；弱市里的长连榜样本优先降权；v4获利盘结构偏弱；v4主力资金强净流出,v4
2026-05-21,2026-05-14,次日已审,快策略候选,优先成功,priority_success,下个交易日主盯 后续最高表现达到 16.39%，保留这类命中特征。,48,002931,锋龙股份,观察池,下个交易日主盯,65.34,2026-05-21,0,common_index_cache,10,-3.63,1.6,9.99,9.99,9.99,10.93,-4.46,9.18,-5.97,16.39,post_close,2026-05-21 15:00:00,人气Top50；当日涨停附近；收在日内高位；放量仍可控；近5日趋势升温；弱市中个股相对抗跌；v4龙虎榜提示关注,v4短线偏离MA5过多；涨停封板不可买,v4
2026-05-21,2026-05-14,次日已审,快策略候选,优先成功,priority_success,下个交易日主盯 后续最高表现达到 16.77%，保留这类命中特征。,34,002036,联创电子,观察池,下个交易日主盯,62.29,2026-05-21,0,common_index_cache,10,-5.45,7.8,10.04,10.04,10.04,15.17,4.49,6.84,-3.07,16.77,post_close,2026-05-21 15:00:00,人气Top50；当日涨停附近；收在日内高位；放量仍可控；近5日趋势升温；站上20日线且不过热；弱市中个股相对抗跌；v4多头排列技术加分,v4乖离率过大；涨停封板不可买,v4
2026-05-21,2026-05-14,次日已审,快策略候选,优先成功,priority_success,下个交易日主盯 后续最高表现达到 15.92%，保留这类命中特征。,76,300274,阳光电源,不推送,下个交易日主盯,55.5,2026-05-21,0,common_index_cache,10,-0.62,1.58,-0.53,3.97,-0.53,8.23,14.94,6.54,13.15,15.92,post_close,2026-05-21 15:00:00,温和放量；近5日趋势升温；站上20日线且不过热；连续上榜确认；v4多头排列技术加分；v4筹码集中加分；v4主力资金净流入,当日转弱；收盘承接偏弱；人气排名明显回落；弱市先收缩执行；后段人气股在偏弱环境里更谨慎；v4短线偏离MA5过多；v4远离短中期均线；v4长上影承接转弱；v4获利盘结构偏弱,v4
2026-05-21,2026-05-14,次日已审,快策略候选,优先成功,priority_success,下个交易日主盯 后续最高表现达到 29.31%，保留这类命中特征。,52,000021,深科技,不推送,下个交易日主盯,55.05,2026-05-21,0,common_index_cache,10,9.1,2.34,3.74,4.43,3.74,17.54,17.27,14.86,14.59,29.31,post_close,2026-05-21 15:00:00,温和放量；近5日趋势升温；站上20日线且不过热；连续上榜确认；v4筹码集中加分,当日转弱；收盘承接偏弱；人气排名明显回落；弱市先收缩执行；后段人气股在偏弱环境里更谨慎；v4趋势未转强且热度偏后；v4获利盘结构偏弱,v4
2026-05-21,2026-05-14,次日已审,快策略候选,优先走弱,priority_failed,下个交易日主盯 未兑现，复盘风险项：热度可能进入后段；弱市先收缩执行；弱市里的长连榜样本优先降权；v4长上影承接转弱；v4正涨但收盘承接一般；v4获利盘结构偏弱,10,002050,三花智控,不推送,下个交易日主盯,85.2,2026-05-21,0,common_index_cache,10,-11.02,-0.61,2.31,2.5,2.31,3.05,-7.99,3.68,-7.43,6.0,post_close,2026-05-21 15:00:00,人气Top10；当日上涨；温和放量；近5日趋势升温；站上20日线且不过热；持续霸榜；人气排名明显上升；v4多头排列技术加分；v4沿短均线抬升；v4筹码集中加分；v4主力资金强净流入,热度可能进入后段；弱市先收缩执行；弱市里的长连榜样本优先降权；v4长上影承接转弱；v4正涨但收盘承接一般；v4获利盘结构偏弱,v4
2026-05-21,2026-05-14,次日已审,快策略候选,优先走弱,priority_failed,下个交易日主盯 未兑现，复盘风险项：v4乖离率过大；v4远离短中期均线；v4获利盘结构偏弱,26,600481,双良节能,普通观察,下个交易日主盯,84.09,2026-05-21,0,common_index_cache,10,-36.28,-3.59,-1.92,0.26,-1.92,-12.44,-22.69,-9.18,-19.81,0.26,post_close,2026-05-21 15:00:00,人气Top50；当日上涨；收在日内高位；温和放量；近5日趋势升温；站上20日线且不过热；连续上榜确认；人气排名明显上升；弱市中个股相对抗跌；v4多头排列技术加分；v4筹码集中加分；v4龙虎榜活跃,v4乖离率过大；v4远离短中期均线；v4获利盘结构偏弱,v4
2026-05-21,2026-05-14,次日已审,快策略候选,优先走弱,priority_failed,下个交易日主盯 未兑现，复盘风险项：后段人气股在偏弱环境里更谨慎；v4乖离率过大；v4远离短中期均线；涨停封板不可买,53,603127,昭衍新药,观察池,下个交易日主盯,77.05,2026-05-21,0,common_index_cache,10,-21.86,-0.7,-3.32,0.54,-3.32,-12.37,-14.75,-11.75,-14.15,0.54,post_close,2026-05-21 15:00:00,当日涨停附近；收在日内高位；温和放量；近5日趋势升温；站上20日线且不过热；弱市中个股相对抗跌；v4多头排列技术加分,后段人气股在偏弱环境里更谨慎；v4乖离率过大；v4远离短中期均线；涨停封板不可买,v4
2026-05-21,2026-05-14,次日已审,快策略候选,优先走弱,priority_failed,下个交易日主盯 未兑现，复盘风险项：后段人气股在偏弱环境里更谨慎；v4乖离率过大；v4远离短中期均线；涨停封板不可买,60,603767,中马传动,观察池,下个交易日主盯,77.05,2026-05-21,0,common_index_cache,10,-30.61,3.7,2.38,4.77,2.38,-2.83,-21.2,-6.3,-24.01,4.77,post_close,2026-05-21 15:00:00,当日涨停附近；收在日内高位；温和放量；近5日趋势升温；站上20日线且不过热；弱市中个股相对抗跌；v4多头排列技术加分,后段人气股在偏弱环境里更谨慎；v4乖离率过大；v4远离短中期均线；涨停封板不可买,v4
2026-05-21,2026-05-14,次日已审,快策略候选,优先走弱,priority_failed,下个交易日主盯 未兑现，复盘风险项：v4乖离率过大；涨停封板不可买,17,002703,浙江世宝,观察池,下个交易日主盯,74.79,2026-05-21,0,common_index_cache,10,-13.1,3.26,6.88,7.93,6.88,7.93,0.4,4.52,-2.77,13.35,post_close,2026-05-21 15:00:00,人气Top20；当日涨停附近；收在日内高位；温和放量；近5日趋势升温；站上20日线且不过热；首次上榜即强势；弱市中个股相对抗跌；v4龙虎榜提示关注,v4乖离率过大；涨停封板不可买,v4
2026-05-21,2026-05-14,次日已审,快策略候选,优先走弱,priority_failed,下个交易日主盯 未兑现，复盘风险项：人气排名明显回落；弱市先收缩执行；v4长上影承接转弱；v4获利盘结构偏弱,50,603667,五洲新春,不推送,下个交易日主盯,73.59,2026-05-21,0,common_index_cache,10,-15.22,-0.4,4.05,5.07,4.05,2.34,-11.8,2.75,-11.45,6.89,post_close,2026-05-21 15:00:00,人气Top50；当日上涨；温和放量；近5日趋势升温；站上20日线且不过热；v4多头排列技术加分；v4沿短均线抬升；v4筹码集中加分,人气排名明显回落；弱市先收缩执行；v4长上影承接转弱；v4获利盘结构偏弱,v4
2026-05-21,2026-05-14,次日已审,快策略候选,优先走弱,priority_failed,下个交易日主盯 未兑现，复盘风险项：近5日趋势未确认；后段人气股在偏弱环境里更谨慎；涨停封板不可买,58,600156,华升股份,观察池,下个交易日主盯,71.75,2026-05-21,0,common_index_cache,10,-25.92,0.38,4.22,6.21,4.22,-15.57,-22.09,-15.89,-22.38,6.21,post_close,2026-05-21 15:00:00,当日涨停附近；收在日内高位；温和放量；站上20日线且不过热；弱市中个股相对抗跌；v4多头排列技术加分；v4龙虎榜提示关注,近5日趋势未确认；后段人气股在偏弱环境里更谨慎；涨停封板不可买,v4
2026-05-21,2026-05-14,次日已审,快策略候选,优先走弱,priority_failed,下个交易日主盯 未兑现，复盘风险项：v4乖离率过大；v4远离短中期均线；涨停封板不可买,21,600707,彩虹股份,观察池,下个交易日主盯,71.19,2026-05-21,0,common_index_cache,10,-4.12,-4.29,-2.8,0.09,-2.8,4.03,-4.9,8.69,-0.64,12.35,post_close,2026-05-21 15:00:00,人气Top50；当日涨停附近；收在日内高位；温和放量；近5日趋势升温；站上20日线且不过热；弱市中个股相对抗跌；v4多头排列技术加分；v4沿短均线抬升,v4乖离率过大；v4远离短中期均线；涨停封板不可买,v4
2026-05-21,2026-05-14,次日已审,快策略候选,优先走弱,priority_failed,下个交易日主盯 未兑现，复盘风险项：人气排名明显回落；弱市先收缩执行；后段人气股在偏弱环境里更谨慎；v4长上影承接转弱；v4正涨但收盘承接一般；v4获利盘结构偏弱,73,601689,拓普集团,不推送,下个交易日主盯,67.65,2026-05-21,0,common_index_cache,10,-6.27,-0.17,-0.1,0.62,-0.1,-1.43,-8.74,-1.26,-8.58,3.79,post_close,2026-05-21 15:00:00,当日上涨；温和放量；近5日趋势升温；站上20日线且不过热；v4多头排列技术加分；v4沿短均线抬升；v4筹码集中加分,人气排名明显回落；弱市先收缩执行；后段人气股在偏弱环境里更谨慎；v4长上影承接转弱；v4正涨但收盘承接一般；v4获利盘结构偏弱,v4
2026-05-21,2026-05-14,次日已审,快策略候选,优先走弱,priority_failed,下个交易日主盯 未兑现，复盘风险项：后段人气股在偏弱环境里更谨慎；v4乖离率过大；v4远离短中期均线；涨停封板不可买,95,002940,昂利康,观察池,下个交易日主盯,62.75,2026-05-21,0,common_index_cache,10,-22.87,-6.9,-9.99,-4.49,-9.99,-21.23,-22.23,-15.39,-16.47,-4.49,post_close,2026-05-21 15:00:00,当日涨停附近；收在日内高位；近5日趋势升温；站上20日线且不过热；弱市中个股相对抗跌；v4多头排列技术加分,后段人气股在偏弱环境里更谨慎；v4乖离率过大；v4远离短中期均线；涨停封板不可买,v4
2026-05-21,2026-05-14,次日已审,快策略候选,优先走弱,priority_failed,下个交易日主盯 未兑现，复盘风险项：当日转弱；仍在20日线下方；弱市先收缩执行；v4趋势未转强且热度偏后；v4获利盘结构偏弱,31,603778,国晟科技,不推送,下个交易日主盯,61.19,2026-05-21,0,common_index_cache,10,-24.0,-3.32,0.42,0.8,0.42,-18.66,-28.12,-15.87,-25.65,0.8,post_close,2026-05-21 15:00:00,人气Top50；温和放量；近5日趋势升温；连续上榜确认；人气排名明显上升；v4筹码集中加分,当日转弱；仍在20日线下方；弱市先收缩执行；v4趋势未转强且热度偏后；v4获利盘结构偏弱,v4
2026-05-21,2026-05-14,次日已审,快策略候选,优先走弱,priority_failed,下个交易日主盯 未兑现，复盘风险项：当日转弱；收盘承接偏弱；人气排名明显回落；弱市先收缩执行；后段人气股在偏弱环境里更谨慎；v4长上影承接转弱；v4获利盘结构偏弱；v4主力资金净流出,66,300136,信维通信,不推送,下个交易日主盯,55.95,2026-05-21,0,common_index_cache,10,-10.5,-3.2,8.66,10.14,8.66,0.76,3.82,4.08,7.25,13.74,post_close,2026-05-21 15:00:00,温和放量；近5日趋势升温；站上20日线且不过热；v4多头排列技术加分；v4沿短均线抬升；v4筹码集中加分,当日转弱；收盘承接偏弱；人气排名明显回落；弱市先收缩执行；后段人气股在偏弱环境里更谨慎；v4长上影承接转弱；v4获利盘结构偏弱；v4主力资金净流出,v4
2026-05-21,2026-05-14,次日已审,快策略候选,暂未强势,neutral,继续等待更多交易日或降低权重。,35,002747,埃斯顿,观察池,下个交易日主盯,69.84,2026-05-21,0,common_index_cache,10,2.75,-1.22,1.29,2.2,1.29,4.63,-1.32,5.93,-0.11,6.27,post_close,2026-05-21 15:00:00,人气Top50；当日涨停附近；收在日内高位；放量仍可控；近5日趋势升温；站上20日线且不过热；人气排名明显上升；弱市中个股相对抗跌；v4多头排列技术加分；v4筹码集中加分,v4乖离率过大；v4远离短中期均线；v4获利盘结构偏弱；涨停封板不可买,v4
2026-05-21,2026-05-14,次日已审,快策略候选,暂未强势,neutral,继续等待更多交易日或降低权重。,39,600936,北投科技,观察池,下个交易日主盯,56.74,2026-05-21,0,common_index_cache,10,6.56,-0.86,-0.17,2.42,-0.17,1.21,-6.04,2.09,-5.23,7.94,post_close,2026-05-21 15:00:00,人气Top50；当日涨停附近；收在日内高位；放量仍可控；近5日趋势升温；站上20日线且不过热；弱市中个股相对抗跌；v4多头排列技术加分；v4龙虎榜提示关注,v4短线偏离MA5过多；v4放量冲高过热；涨停封板不可买,v4
2026-05-21,2026-05-14,次日已审,快策略候选,暂未强势,neutral,继续等待更多交易日或降低权重。,24,000988,华工科技,不推送,下个交易日主盯,54.05,2026-05-21,0,common_index_cache,10,2.86,1.03,1.53,3.36,1.53,10.63,7.58,9.5,6.48,14.19,post_close,2026-05-21 15:00:00,人气Top50；温和放量；近5日趋势升温；站上20日线且不过热；持续霸榜；v4多头排列技术加分；v4沿短均线抬升；v4筹码集中加分,当日转弱；收盘承接偏弱；热度可能进入后段；弱市先收缩执行；弱市里的长连榜样本优先降权；v4获利盘结构偏弱；v4事件谨慎扣分（异常波动）,v4
2026-05-21,2026-05-14,次日已审,快策略候选,优先成功,priority_success,优先观察 后续最高表现达到 18.33%，保留这类命中特征。,47,002297,博云新材,不推送,优先观察,53.69,2026-05-21,0,common_index_cache,10,-15.9,-0.08,7.57,8.66,7.57,6.52,-7.32,6.6,-7.25,18.33,post_close,2026-05-21 15:00:00,人气Top50；当日上涨；温和放量；站上20日线且不过热；人气排名明显上升；v4筹码集中加分；v4龙虎榜提示关注,近5日趋势未确认；弱市先收缩执行；v4长上影承接转弱；v4获利盘结构偏弱,v4
2026-05-21,2026-05-14,次日已审,快策略候选,优先成功,priority_success,优先观察 后续最高表现达到 31.00%，保留这类命中特征。,77,600863,华能蒙电,不推送,优先观察,53.35,2026-05-21,0,common_index_cache,10,23.3,-4.66,-3.41,3.05,-3.41,9.32,19.0,14.66,24.81,31.0,post_close,2026-05-21 15:00:00,当日上涨；放量仍可控；近5日趋势升温；站上20日线且不过热；连续上榜确认；v4多头排列技术加分；v4筹码集中加分,人气排名明显回落；弱市先收缩执行；后段人气股在偏弱环境里更谨慎；v4乖离率过大；v4远离短中期均线；v4长上影承接转弱；v4获利盘结构偏弱,v4
2026-05-21,2026-05-14,次日已审,快策略候选,优先走弱,priority_failed,优先观察 未兑现，复盘风险项：弱市先收缩执行；v4获利盘结构偏弱,42,002149,西部材料,不推送,优先观察,53.69,2026-05-21,0,common_index_cache,10,-10.89,-2.81,2.81,3.83,2.81,-9.34,-5.47,-6.72,-2.74,5.46,post_close,2026-05-21 15:00:00,人气Top50；温和放量；站上20日线且不过热；v4筹码集中加分；v4主力资金净流入,弱市先收缩执行；v4获利盘结构偏弱,v4
2026-05-21,2026-05-14,次日已审,快策略候选,优先走弱,priority_failed,优先观察 未兑现，复盘风险项：上影线偏长；弱市先收缩执行；后段人气股在偏弱环境里更谨慎；v4长上影承接转弱；v4正涨但收盘承接一般；v4获利盘结构偏弱,91,600699,均胜电子,不推送,优先观察,53.55,2026-05-21,0,common_index_cache,10,-12.09,0.73,2.12,2.95,2.12,5.27,-6.79,4.51,-7.47,9.18,post_close,2026-05-21 15:00:00,当日上涨；温和放量；站上20日线且不过热；v4多头排列技术加分；v4筹码集中加分,上影线偏长；弱市先收缩执行；后段人气股在偏弱环境里更谨慎；v4长上影承接转弱；v4正涨但收盘承接一般；v4获利盘结构偏弱,v4
2026-05-21,,次日已审,低层级强势反哺,普通/不推送走强,low_level_winner,不推送 后来走强，原因反哺：v4筹码集中加分、持续霸榜、站上20日线且不过热,67,600396,华电辽能,不推送,未入快策略,,2026-05-21,0,common_index_cache,10,54.39,1.12,2.32,3.3,2.32,18.62,35.35,17.3,33.84,42.02,post_close,2026-05-21 15:00:00,站上20日线且不过热；持续霸榜；v4筹码集中加分,当日转弱；收盘承接偏弱；近5日趋势未确认；热度可能进入后段；人气排名明显回落；弱市先收缩执行；后段人气股在偏弱环境里更谨慎；弱市里的长连榜样本优先降权；市场健康度不足，收缩推送；市场健康度偏弱；v4长上影承接转弱；v4跌破短均线；v4趋势未转强且热度偏后；v4获利盘结构偏弱,v4
2026-05-21,,次日已审,低层级强势反哺,普通/不推送走强,low_level_winner,不推送 后来走强，原因反哺：v4筹码集中加分、v4龙虎榜提示关注、当日上涨,65,603773,沃格光电,不推送,未入快策略,,2026-05-21,0,common_index_cache,10,51.07,-0.02,-1.26,4.85,-1.26,12.98,35.76,13.01,35.79,35.76,post_close,2026-05-21 15:00:00,当日上涨；温和放量；站上20日线且不过热；v4筹码集中加分；v4龙虎榜提示关注,收盘承接偏弱；近5日趋势未确认；弱市先收缩执行；后段人气股在偏弱环境里更谨慎；v4乖离率过大；v4长上影承接转弱；v4正涨但收盘承接一般；v4获利盘结构偏弱,v4
2026-05-21,,次日已审,低层级强势反哺,普通/不推送走强,low_level_winner,不推送 后来走强，原因反哺：v4筹码集中加分、人气Top50、持续霸榜,29,600487,亨通光电,不推送,未入快策略,,2026-05-21,0,common_index_cache,10,40.01,1.09,4.51,4.86,4.51,-0.7,0.83,-1.77,-0.25,5.49,post_close,2026-05-21 15:00:00,人气Top50；温和放量；持续霸榜；v4筹码集中加分,当日转弱；收盘承接偏弱；近5日趋势未确认；热度可能进入后段；弱市先收缩执行；弱市里的长连榜样本优先降权；市场健康度不足，收缩推送；市场健康度偏弱；v4跌破短均线；v4趋势未转强且热度偏后；v4获利盘结构偏弱,v4
2026-05-21,,次日已审,低层级强势反哺,普通/不推送走强,low_level_winner,不推送 后来走强，原因反哺：v4筹码集中加分、温和放量、站上20日线且不过热,99,600667,太极实业,不推送,未入快策略,,2026-05-21,0,common_index_cache,10,31.72,1.69,1.53,3.46,1.53,6.84,9.74,5.07,7.92,17.55,post_close,2026-05-21 15:00:00,温和放量；站上20日线且不过热；连续上榜确认；v4筹码集中加分,当日转弱；收盘承接偏弱；近5日趋势未确认；人气排名明显回落；弱市先收缩执行；后段人气股在偏弱环境里更谨慎；市场健康度不足，收缩推送；市场健康度偏弱；v4跌破短均线；v4获利盘结构偏弱,v4
2026-05-21,,次日已审,低层级强势反哺,普通/不推送走强,low_level_winner,不推送 后来走强，原因反哺：v4筹码集中加分、人气Top50、人气排名明显上升,36,300308,中际旭创,不推送,未入快策略,,2026-05-21,0,common_index_cache,10,28.86,1.68,4.49,5.19,4.49,11.04,20.6,9.2,18.61,20.78,post_close,2026-05-21 15:00:00,人气Top50；温和放量；站上20日线且不过热；持续霸榜；人气排名明显上升；v4筹码集中加分,当日转弱；收盘承接偏弱；近5日趋势未确认；热度可能进入后段；弱市先收缩执行；弱市里的长连榜样本优先降权；市场健康度不足，收缩推送；市场健康度偏弱；v4跌破短均线；v4趋势未转强且热度偏后；v4获利盘结构偏弱；v4主力资金强净流出,v4
2026-05-21,,次日已审,低层级强势反哺,普通/不推送走强,low_level_winner,不推送 后来走强，原因反哺：v4多头排列技术加分、v4沿短均线抬升、v4筹码集中加分,41,002185,华天科技,不推送,未入快策略,,2026-05-21,0,common_index_cache,10,26.79,1.58,1.58,2.17,1.58,22.91,41.47,21.0,39.27,44.57,post_close,2026-05-21 15:00:00,人气Top50；温和放量；近5日趋势升温；站上20日线且不过热；持续霸榜；v4多头排列技术加分；v4沿短均线抬升；v4筹码集中加分,当日转弱；收盘承接偏弱；热度可能进入后段；人气排名明显回落；弱市先收缩执行；弱市里的长连榜样本优先降权；v4获利盘结构偏弱；v4主力资金强净流出,v4
2026-05-21,,次日已审,低层级强势反哺,普通/不推送走强,low_level_winner,不推送 后来走强，原因反哺：v4筹码集中加分、人气Top10、持续霸榜,5,601991,大唐发电,不推送,未入快策略,,2026-05-21,0,common_index_cache,10,24.96,-0.71,-2.27,1.56,-2.27,1.56,13.48,2.29,14.29,16.6,post_close,2026-05-21 15:00:00,人气Top10；站上20日线且不过热；持续霸榜；v4筹码集中加分,当日转弱；收盘承接偏弱；近5日趋势未确认；热度可能进入后段；弱市先收缩执行；弱市里的长连榜样本优先降权；市场健康度不足，收缩推送；市场健康度偏弱；v4长上影承接转弱；v4跌破短均线；v4获利盘结构偏弱；v4主力资金强净流出,v4
2026-05-21,,次日已审,低层级强势反哺,普通/不推送走强,low_level_winner,不推送 后来走强，原因反哺：v4多头排列技术加分、v4筹码集中加分、站上20日线且不过热,71,603005,晶方科技,不推送,未入快策略,,2026-05-21,0,common_index_cache,10,23.56,0.06,8.48,9.92,8.48,25.0,26.39,24.93,26.32,31.18,post_close,2026-05-21 15:00:00,近5日趋势升温；站上20日线且不过热；连续上榜确认；v4多头排列技术加分；v4筹码集中加分,当日转弱；收盘承接偏弱；弱市先收缩执行；后段人气股在偏弱环境里更谨慎；v4短线偏离MA5过多；v4获利盘结构偏弱；v4主力资金强净流出,v4
2026-05-21,,次日已审,低层级强势反哺,普通/不推送走强,low_level_winner,不推送 后来走强，原因反哺：v4筹码集中加分、v4龙虎榜提示关注、温和放量,61,002491,通鼎互联,不推送,未入快策略,,2026-05-21,0,common_index_cache,10,23.41,3.86,4.88,5.01,4.88,0.05,6.35,-3.68,2.39,9.29,post_close,2026-05-21 15:00:00,温和放量；站上20日线且不过热；连续上榜确认；v4筹码集中加分；v4龙虎榜提示关注,当日转弱；收盘承接偏弱；近5日趋势未确认；弱市先收缩执行；后段人气股在偏弱环境里更谨慎；市场健康度不足，收缩推送；市场健康度偏弱；v4跌破短均线；v4趋势未转强且热度偏后；v4获利盘结构偏弱,v4
2026-05-21,,次日已审,低层级强势反哺,普通/不推送走强,low_level_winner,不推送 后来走强，原因反哺：v4多头排列技术加分、人气Top50、持续霸榜,22,603986,兆易创新,不推送,未入快策略,,2026-05-21,0,common_index_cache,10,22.77,3.73,8.54,9.53,8.54,22.05,12.03,17.66,7.99,28.22,post_close,2026-05-21 15:00:00,人气Top50；温和放量；近5日趋势升温；站上20日线且不过热；持续霸榜；v4多头排列技术加分,当日转弱；收盘承接偏弱；热度可能进入后段；弱市先收缩执行；弱市里的长连榜样本优先降权；v4短线偏离MA5过多；v4远离短中期均线；v4长上影承接转弱,v4
2026-05-21,,次日已审,低层级强势反哺,普通/不推送走强,low_level_winner,不推送 后来走强，原因反哺：v4主力资金强净流入、v4筹码集中加分、人气Top3,2,600745,*ST闻泰,不推送,未入快策略,,2026-05-21,0,common_index_cache,10,22.44,-2.5,-3.57,-0.18,-3.57,6.31,17.2,9.04,20.21,17.2,post_close,2026-05-21 15:00:00,人气Top3；当日上涨；收在日内高位；持续霸榜；弱市中个股相对抗跌；v4筹码集中加分；v4主力资金强净流入,放量过猛；近5日趋势未确认；仍在20日线下方；热度可能进入后段；弱市里的长连榜样本优先降权；Top3高热度拥挤，次日兑现风险；v4获利盘结构偏弱,v4
2026-05-21,,次日已审,低层级强势反哺,普通/不推送走强,low_level_winner,不推送 后来走强，原因反哺：v4筹码集中加分、人气Top50、持续霸榜,28,601138,工业富联,不推送,未入快策略,,2026-05-21,0,common_index_cache,10,19.92,0.93,2.53,3.3,2.53,6.84,14.5,5.85,13.45,16.46,post_close,2026-05-21 15:00:00,人气Top50；持续霸榜；v4筹码集中加分,当日转弱；收盘承接偏弱；近5日趋势未确认；热度可能进入后段；弱市先收缩执行；弱市里的长连榜样本优先降权；市场健康度不足，收缩推送；市场健康度偏弱；v4跌破短均线；v4趋势未转强且热度偏后；v4获利盘结构偏弱,v4
2026-05-21,,次日已审,低层级强势反哺,普通/不推送走强,low_level_winner,不推送 后来走强，原因反哺：v4多头排列技术加分、v4筹码集中加分、人气Top10,6,600584,长电科技,不推送,未入快策略,,2026-05-21,0,common_index_cache,10,19.81,0.31,9.04,9.43,9.04,31.94,26.78,31.53,26.38,41.98,post_close,2026-05-21 15:00:00,人气Top10；温和放量；近5日趋势升温；持续霸榜；v4多头排列技术加分；v4筹码集中加分,收盘承接偏弱；偏离20日线较大；热度可能进入后段；上影线偏长；弱市先收缩执行；弱市里的长连榜样本优先降权；v4乖离率过大；v4远离短中期均线；v4长上影承接转弱；v4正涨但收盘承接一般；v4获利盘结构偏弱；v4主力资金强净流出；v4拉升但资金未跟随,v4
2026-05-21,,次日已审,低层级强势反哺,普通/不推送走强,low_level_winner,不推送 后来走强，原因反哺：v4多头排列技术加分、v4筹码集中加分、v4龙虎榜提示关注,13,002421,达实智能,不推送,未入快策略,,2026-05-21,0,common_index_cache,10,19.7,-2.53,10.1,10.1,10.1,17.42,15.4,20.47,18.39,30.3,post_close,2026-05-21 15:00:00,人气Top20；近5日强势延续；站上20日线且不过热；连续上榜确认；v4多头排列技术加分；v4筹码集中加分；v4龙虎榜提示关注,当日转弱；收盘承接偏弱；放量过猛；短线涨幅偏高；弱市先收缩执行；v4乖离率过大；v4远离短中期均线；v4长上影承接转弱；v4获利盘结构偏弱；v4主力资金强净流出；v4事件谨慎扣分（风险提示/异常波动）,v4
2026-05-21,,次日已审,低层级强势反哺,普通/不推送走强,low_level_winner,不推送 后来走强，原因反哺：v4筹码集中加分、持续霸榜、温和放量,83,300433,蓝思科技,不推送,未入快策略,,2026-05-21,0,common_index_cache,10,19.53,-1.78,5.18,5.59,5.18,5.4,10.19,7.31,12.19,14.22,post_close,2026-05-21 15:00:00,温和放量；近5日趋势升温；站上20日线且不过热；持续霸榜；v4筹码集中加分,收盘承接偏弱；热度可能进入后段；上影线偏长；弱市先收缩执行；后段人气股在偏弱环境里更谨慎；弱市里的长连榜样本优先降权；v4长上影承接转弱；v4正涨但收盘承接一般；v4趋势未转强且热度偏后；v4获利盘结构偏弱,v4
2026-05-21,,次日已审,低层级强势反哺,普通/不推送走强,low_level_winner,不推送 后来走强，原因反哺：v4筹码集中加分、持续霸榜、温和放量,85,600105,永鼎股份,不推送,未入快策略,,2026-05-21,0,common_index_cache,10,17.28,2.01,2.2,3.15,2.2,-0.02,4.84,-1.99,2.77,7.76,post_close,2026-05-21 15:00:00,温和放量；持续霸榜；v4筹码集中加分,当日转弱；收盘承接偏弱；近5日趋势未确认；热度可能进入后段；弱市先收缩执行；后段人气股在偏弱环境里更谨慎；弱市里的长连榜样本优先降权；市场健康度不足，收缩推送；市场健康度偏弱；v4跌破短均线；v4趋势未转强且热度偏后；v4获利盘结构偏弱,v4
2026-05-21,,次日已审,低层级强势反哺,普通/不推送走强,low_level_winner,不推送 后来走强，原因反哺：人气Top50、放量仍可控,46,002456,欧菲光,不推送,未入快策略,,2026-05-21,0,common_index_cache,10,16.32,1.27,2.89,3.36,2.89,7.29,11.34,5.94,9.94,12.5,post_close,2026-05-21 15:00:00,人气Top50；放量仍可控,收盘承接偏弱；近5日趋势未确认；上影线偏长；弱市先收缩执行；v4长上影承接转弱；v4正涨但收盘承接一般,v4
2026-05-21,,次日已审,低层级强势反哺,普通/不推送走强,low_level_winner,不推送 后来走强，原因反哺：v4多头排列技术加分、v4沿短均线抬升、v4筹码集中加分,37,002156,通富微电,不推送,未入快策略,,2026-05-21,0,common_index_cache,10,15.27,0.08,2.72,4.18,2.72,22.1,12.35,22.0,12.26,27.24,post_close,2026-05-21 15:00:00,人气Top50；温和放量；近5日趋势升温；站上20日线且不过热；持续霸榜；v4多头排列技术加分；v4沿短均线抬升；v4筹码集中加分,当日转弱；收盘承接偏弱；热度可能进入后段；弱市先收缩执行；弱市里的长连榜样本优先降权；v4短线偏离MA5过多；v4长上影承接转弱；v4获利盘结构偏弱；v4主力资金净流出,v4
2026-05-21,,次日已审,低层级强势反哺,普通/不推送走强,low_level_winner,不推送 后来走强，原因反哺：v4筹码集中加分、持续霸榜、温和放量,74,002181,粤传媒,不推送,未入快策略,,2026-05-21,0,common_index_cache,10,12.31,0.59,0.73,3.08,0.73,6.15,17.22,5.54,16.53,19.27,post_close,2026-05-21 15:00:00,温和放量；持续霸榜；v4筹码集中加分,当日转弱；收盘承接偏弱；近5日趋势未确认；仍在20日线下方；热度可能进入后段；弱市先收缩执行；后段人气股在偏弱环境里更谨慎；弱市里的长连榜样本优先降权；市场健康度不足，收缩推送；市场健康度偏弱；v4跌破短均线；v4趋势未转强且热度偏后；v4获利盘结构偏弱；v4主力资金强净流出；v4事件谨慎扣分（异常波动）,v4
2026-05-21,,次日已审,低层级强势反哺,普通/不推送走强,low_level_winner,不推送 后来走强，原因反哺：v4多头排列技术加分、v4筹码集中加分、v4龙虎榜活跃,69,603115,海星股份,不推送,未入快策略,,2026-05-21,0,common_index_cache,10,1.71,1.0,10.0,10.0,10.0,-2.78,4.41,-3.75,3.37,15.38,post_close,2026-05-21 15:00:00,当日强涨；收盘承接较强；温和放量；弱市中个股相对抗跌；v4多头排列技术加分；v4筹码集中加分；v4龙虎榜活跃,短线涨幅过热；远离20日线过多；后段人气股在偏弱环境里更谨慎；v4乖离率过大；v4远离短中期均线；v4获利盘结构偏弱,v4
2026-05-21,,次日已审,低层级强势反哺,普通/不推送走强,low_level_winner,不推送 后来走强，原因反哺：v4筹码集中加分、温和放量、站上20日线且不过热,98,600186,莲花控股,不推送,未入快策略,,2026-05-21,0,common_index_cache,10,-11.33,2.06,10.02,10.02,10.02,23.5,2.53,21.01,0.46,28.28,post_close,2026-05-21 15:00:00,温和放量；站上20日线且不过热；连续上榜确认；v4筹码集中加分,当日转弱；收盘承接偏弱；人气排名明显回落；弱市先收缩执行；后段人气股在偏弱环境里更谨慎；v4长上影承接转弱；v4趋势未转强且热度偏后；v4获利盘结构偏弱；v4主力资金强净流出,v4
2026-05-21,,次日已审,低层级强势反哺,普通/不推送走强,low_level_winner,不推送 后来走强，原因反哺：v4多头排列技术加分、v4筹码集中加分、v4龙虎榜提示关注,79,000417,合百集团,不推送,未入快策略,,2026-05-21,0,common_index_cache,10,-16.43,5.26,9.99,9.99,9.99,0.11,-18.26,-4.9,-22.35,15.9,post_close,2026-05-21 15:00:00,近5日趋势升温；连续上榜确认；v4多头排列技术加分；v4筹码集中加分；v4龙虎榜提示关注,当日转弱；收盘承接偏弱；放量过猛；偏离20日线较大；弱市先收缩执行；后段人气股在偏弱环境里更谨慎；v4乖离率过大；v4远离短中期均线；v4获利盘结构偏弱；v4主力资金强净流出,v4
2026-05-21,,次日已审,低层级强势反哺,普通/不推送走强,low_level_winner,不推送 后来走强，原因反哺：v4多头排列技术加分、v4筹码集中加分、当日上涨,77,600863,华能蒙电,不推送,已入快策略,,2026-05-21,0,common_index_cache,10,23.3,-4.66,-3.41,3.05,-3.41,9.32,19.0,14.66,24.81,31.0,post_close,2026-05-21 15:00:00,当日上涨；放量仍可控；近5日趋势升温；站上20日线且不过热；连续上榜确认；v4多头排列技术加分；v4筹码集中加分,人气排名明显回落；弱市先收缩执行；后段人气股在偏弱环境里更谨慎；v4乖离率过大；v4远离短中期均线；v4长上影承接转弱；v4获利盘结构偏弱,v4
2026-05-21,,次日已审,低层级强势反哺,普通/不推送走强,low_level_winner,不推送 后来走强，原因反哺：v4多头排列技术加分、v4龙虎榜活跃、弱市中个股相对抗跌,68,600246,万通发展,不推送,已入快策略,,2026-05-21,0,common_index_cache,10,22.45,1.82,1.82,6.29,1.82,-2.4,9.09,-4.14,7.14,9.09,post_close,2026-05-21 15:00:00,当日强涨；收盘承接较强；温和放量；近5日趋势升温；弱市中个股相对抗跌；v4多头排列技术加分；v4龙虎榜活跃,偏离20日线较大；后段人气股在偏弱环境里更谨慎；v4乖离率过大；v4远离短中期均线,v4
2026-05-21,,次日已审,低层级强势反哺,普通/不推送走强,low_level_winner,普通观察 后来走强，原因反哺：v4多头排列技术加分、v4沿短均线抬升、v4筹码集中加分,14,603629,利通电子,普通观察,已入快策略,,2026-05-21,0,common_index_cache,10,11.59,3.41,8.93,8.93,8.93,18.0,22.5,14.11,18.46,23.04,post_close,2026-05-21 15:00:00,人气Top20；收在日内高位；温和放量；近5日趋势升温；站上20日线且不过热；持续霸榜；人气排名明显上升；弱市中个股相对抗跌；v4多头排列技术加分；v4缩量回踩MA5；v4沿短均线抬升；v4筹码集中加分,当日转弱；热度可能进入后段；弱市里的长连榜样本优先降权；v4获利盘结构偏弱；v4主力资金强净流出,v4
2026-05-21,,次日已审,低层级强势反哺,普通/不推送走强,low_level_winner,不推送 后来走强，原因反哺：v4主力资金强净流入、v4多头排列技术加分、v4沿短均线抬升,38,603459,红板科技,不推送,已入快策略,,2026-05-21,0,common_index_cache,10,11.44,1.55,10.0,10.0,10.0,17.65,7.83,15.86,6.18,19.94,post_close,2026-05-21 15:00:00,人气Top50；当日上涨；温和放量；近5日趋势升温；站上20日线且不过热；连续上榜确认；人气排名明显上升；v4多头排列技术加分；v4沿短均线抬升；v4筹码集中加分；v4主力资金强净流入；v4龙虎榜提示关注,弱市先收缩执行；v4乖离率过大；v4远离短中期均线；v4获利盘结构偏弱,v4
2026-05-21,,次日已审,低层级强势反哺,普通/不推送走强,low_level_winner,不推送 后来走强，原因反哺：v4筹码集中加分、温和放量、站上20日线且不过热,52,000021,深科技,不推送,已入快策略,,2026-05-21,0,common_index_cache,10,9.1,2.34,3.74,4.43,3.74,17.54,17.27,14.86,14.59,29.31,post_close,2026-05-21 15:00:00,温和放量；近5日趋势升温；站上20日线且不过热；连续上榜确认；v4筹码集中加分,当日转弱；收盘承接偏弱；人气排名明显回落；弱市先收缩执行；后段人气股在偏弱环境里更谨慎；v4趋势未转强且热度偏后；v4获利盘结构偏弱；v4主力资金强净流出,v4
2026-05-21,,次日已审,低层级强势反哺,普通/不推送走强,low_level_winner,不推送 后来走强，原因反哺：v4主力资金净流入、v4多头排列技术加分、v4筹码集中加分,76,300274,阳光电源,不推送,已入快策略,,2026-05-21,0,common_index_cache,10,-0.62,1.58,-0.53,3.97,-0.53,8.23,14.94,6.54,13.15,15.92,post_close,2026-05-21 15:00:00,温和放量；近5日趋势升温；站上20日线且不过热；连续上榜确认；v4多头排列技术加分；v4筹码集中加分；v4主力资金净流入,当日转弱；收盘承接偏弱；人气排名明显回落；弱市先收缩执行；后段人气股在偏弱环境里更谨慎；v4短线偏离MA5过多；v4远离短中期均线；v4长上影承接转弱；v4获利盘结构偏弱,v4
2026-05-21,,次日已审,低层级强势反哺,普通/不推送走强,low_level_winner,不推送 后来走强，原因反哺：v4筹码集中加分、v4龙虎榜提示关注、人气Top50,47,002297,博云新材,不推送,已入快策略,,2026-05-21,0,common_index_cache,10,-15.9,-0.08,7.57,8.66,7.57,6.52,-7.32,6.6,-7.25,18.33,post_close,2026-05-21 15:00:00,人气Top50；当日上涨；温和放量；站上20日线且不过热；人气排名明显上升；v4筹码集中加分；v4龙虎榜提示关注,近5日趋势未确认；弱市先收缩执行；v4长上影承接转弱；v4获利盘结构偏弱,v4
2026-05-20,2026-05-13,次日已审,快策略候选,优先成功,priority_success,下个交易日主盯 后续最高表现达到 24.52%，保留这类命中特征。,9,603986,兆易创新,观察池,下个交易日主盯,109.08,2026-05-20,0,common_index_cache,11,19.22,0.07,-2.89,4.53,-2.89,15.97,15.81,15.89,15.74,24.52,intraday_1430,2026-05-20 14:30:00,人气Top10；当日涨停附近；收在日内高位；温和放量；近5日趋势升温；连续上榜确认；人气排名明显上升；震荡市里保持相对强势；震荡市里承接未失控；v4多头排列技术加分；v4筹码集中加分,偏离20日线较大；v4乖离率过大；v4远离短中期均线；v4获利盘结构偏弱；涨停封板不可买,v4
2026-05-20,2026-05-13,次日已审,快策略候选,优先成功,priority_success,下个交易日主盯 后续最高表现达到 29.54%，保留这类命中特征。,50,600863,华能蒙电,观察池,下个交易日主盯,100.98,2026-05-20,0,common_index_cache,11,-2.27,-26.42,-20.74,-16.48,-20.74,-15.77,-4.69,14.48,29.54,-4.69,intraday_1430,2026-05-20 14:30:00,人气Top50；当日涨停附近；收在日内高位；温和放量；近5日趋势升温；站上20日线且不过热；震荡市里保持相对强势；震荡市里承接未失控；v4多头排列技术加分；v4筹码集中加分,v4乖离率过大；v4远离短中期均线；v4获利盘结构偏弱；涨停封板不可买,v4
2026-05-20,2026-05-13,次日已审,快策略候选,优先成功,priority_success,下个交易日主盯 后续最高表现达到 28.83%，保留这类命中特征。,5,600584,长电科技,重点观察,下个交易日主盯,95.0,2026-05-20,0,common_index_cache,11,-0.14,-16.6,-16.65,-11.11,-16.65,-0.02,7.44,19.87,28.83,18.34,intraday_1430,2026-05-20 14:30:00,人气Top10；当日上涨；收在日内高位；温和放量；近5日趋势升温；站上20日线且不过热；持续霸榜；震荡市里保持相对强势；震荡市里承接未失控；v4多头排列技术加分；v4放量突破但不过热；v4沿短均线抬升；v4筹码集中加分,热度可能进入后段；v4短线偏离MA5过多；v4远离短中期均线；v4获利盘结构偏弱,v4
2026-05-20,2026-05-13,次日已审,快策略候选,优先成功,priority_success,下个交易日主盯 后续最高表现达到 17.99%，保留这类命中特征。,53,603459,红板科技,观察池,下个交易日主盯,83.63,2026-05-20,0,common_index_cache,11,1.12,-13.24,-9.25,-6.52,-9.25,2.36,-1.69,17.99,13.31,8.84,intraday_1430,2026-05-20 14:30:00,当日涨停附近；收在日内高位；站上20日线且不过热；震荡市里保持相对强势；震荡市里承接未失控；v4筹码集中加分；v4龙虎榜提示关注,近5日趋势未确认；后段人气股在偏弱环境里更谨慎；v4获利盘结构偏弱；涨停封板不可买,v4
2026-05-20,2026-05-13,次日已审,快策略候选,优先成功,priority_success,下个交易日主盯 后续最高表现达到 21.56%，保留这类命中特征。,58,300657,弘信电子,观察池,下个交易日主盯,80.73,2026-05-20,0,common_index_cache,11,1.78,17.49,10.37,21.56,10.37,10.18,-1.46,-6.21,-16.13,21.56,intraday_1430,2026-05-20 14:30:00,当日涨停附近；收在日内高位；温和放量；近5日强势延续；连续上榜确认；震荡市里保持相对强势；震荡市里承接未失控；v4多头排列技术加分；v4筹码集中加分；v4龙虎榜提示关注,短线涨幅偏高；偏离20日线较大；人气排名明显回落；后段人气股在偏弱环境里更谨慎；v4乖离率过大；v4远离短中期均线；v4获利盘结构偏弱；v4主力资金强净流出；v4事件谨慎扣分（异常波动）；涨停封板不可买,v4
2026-05-20,2026-05-13,次日已审,快策略候选,优先成功,priority_success,下个交易日主盯 后续最高表现达到 20.84%，保留这类命中特征。,15,002421,达实智能,观察池,下个交易日主盯,79.33,2026-05-20,0,common_index_cache,11,11.01,2.58,-7.26,10.07,-7.26,12.41,7.26,9.59,4.57,20.84,intraday_1430,2026-05-20 14:30:00,人气Top20；当日涨停附近；收在日内高位；近5日强势延续；连续上榜确认；人气排名明显上升；震荡市里保持相对强势；震荡市里承接未失控；v4多头排列技术加分；v4筹码集中加分；v4龙虎榜提示关注,短线涨幅偏高；偏离20日线较大；v4乖离率过大；v4远离短中期均线；v4放量冲高过热；v4获利盘结构偏弱；涨停封板不可买,v4
2026-05-20,2026-05-13,次日已审,快策略候选,优先成功,priority_success,下个交易日主盯 后续最高表现达到 16.42%，保留这类命中特征。,25,688981,中芯国际,观察池,下个交易日主盯,74.38,2026-05-20,0,common_index_cache,11,-3.6,-4.22,-9.07,-1.63,-9.07,11.5,4.51,16.42,9.12,12.64,intraday_1430,2026-05-20 14:30:00,人气Top50；当日涨停附近；收盘承接较强；放量仍可控；近5日趋势升温；站上20日线且不过热；人气排名明显上升；震荡市里保持相对强势；震荡市里承接未失控；v4筹码集中加分,v4乖离率过大；v4远离短中期均线；v4放量冲高过热；v4获利盘结构偏弱；涨停封板不可买,v4
2026-05-20,2026-05-13,次日已审,快策略候选,优先成功,priority_success,下个交易日主盯 后续最高表现达到 37.98%，保留这类命中特征。,18,600578,京能电力,观察池,下个交易日主盯,63.73,2026-05-20,0,common_index_cache,11,-0.74,-25.45,-13.26,-13.26,-13.26,-4.14,2.86,28.59,37.98,4.88,intraday_1430,2026-05-20 14:30:00,人气Top20；当日涨停附近；收在日内高位；温和放量；连续上榜确认；震荡市里保持相对强势；震荡市里承接未失控；v4多头排列技术加分；v4龙虎榜提示关注,短线涨幅过热；远离20日线过多；v4乖离率过大；v4远离短中期均线；涨停封板不可买,v4
2026-05-20,2026-05-13,次日已审,快策略候选,优先成功,priority_success,下个交易日主盯 后续最高表现达到 54.37%，保留这类命中特征。,82,688146,中船特气,观察池,下个交易日主盯,62.99,2026-05-20,0,common_index_cache,11,54.37,-1.4,-9.94,-0.62,-9.94,-5.39,9.16,-4.05,10.71,16.54,intraday_1430,2026-05-20 14:30:00,当日涨停附近；近5日趋势升温；人气排名明显上升；震荡市里保持相对强势；v4多头排列技术加分；v4筹码集中加分,量能不足；远离20日线过多；后段人气股在偏弱环境里更谨慎；v4远离短中期均线；v4获利盘结构偏弱；涨停封板不可买,v4
2026-05-20,2026-05-13,次日已审,快策略候选,优先成功,priority_success,下个交易日主盯 后续最高表现达到 19.11%，保留这类命中特征。,51,002980,华盛昌,不推送,下个交易日主盯,60.94,2026-05-20,0,common_index_cache,11,13.45,0.62,-5.64,2.49,-5.64,14.18,4.99,13.48,4.35,19.11,intraday_1430,2026-05-20 14:30:00,温和放量；近5日趋势升温；站上20日线且不过热；人气排名明显上升；震荡市里保持相对强势；v4多头排列技术加分；v4主力资金净流入；v4龙虎榜活跃,当日转弱；后段人气股在偏弱环境里更谨慎；v4短线偏离MA5过多；v4远离短中期均线,v4
2026-05-20,2026-05-13,次日已审,快策略候选,优先走弱,priority_failed,下个交易日主盯 未兑现，复盘风险项：v4短线偏离MA5过多；v4远离短中期均线；v4获利盘结构偏弱；涨停封板不可买,8,002654,万润科技,观察池,下个交易日主盯,122.0,2026-05-20,0,common_index_cache,11,-13.49,8.61,-0.71,10.26,-0.71,-3.57,-9.93,-11.21,-17.07,10.26,intraday_1430,2026-05-20 14:30:00,人气Top10；当日涨停附近；收在日内高位；温和放量；近5日趋势升温；站上20日线且不过热；人气排名明显上升；震荡市里保持相对强势；震荡市里承接未失控；v4多头排列技术加分；v4筹码集中加分；v4龙虎榜提示关注,v4短线偏离MA5过多；v4远离短中期均线；v4获利盘结构偏弱；涨停封板不可买,v4
2026-05-20,2026-05-13,次日已审,快策略候选,优先走弱,priority_failed,下个交易日主盯 未兑现，复盘风险项：偏离20日线较大；热度可能进入后段；v4远离短中期均线；v4获利盘结构偏弱；v4事件谨慎扣分（异常波动）；涨停封板不可买,3,601991,大唐发电,观察池,下个交易日主盯,110.0,2026-05-20,0,common_index_cache,11,-2.54,-23.67,-22.01,-13.38,-22.01,-18.14,-14.71,7.25,11.74,-13.38,intraday_1430,2026-05-20 14:30:00,人气Top3；当日涨停附近；收在日内高位；温和放量；近5日趋势升温；持续霸榜；震荡市里保持相对强势；震荡市里承接未失控；v4多头排列技术加分；v4沿短均线抬升；v4筹码集中加分；v4龙虎榜提示关注,偏离20日线较大；热度可能进入后段；v4远离短中期均线；v4获利盘结构偏弱；v4事件谨慎扣分（异常波动）；涨停封板不可买,v4
2026-05-20,2026-05-13,次日已审,快策略候选,优先走弱,priority_failed,下个交易日主盯 未兑现，复盘风险项：v4乖离率过大；v4远离短中期均线；v4获利盘结构偏弱；涨停封板不可买,4,002407,多氟多,观察池,下个交易日主盯,110.0,2026-05-20,0,common_index_cache,11,-19.49,2.46,0.29,7.86,0.29,-5.55,-12.04,-7.82,-14.15,7.86,intraday_1430,2026-05-20 14:30:00,人气Top10；当日涨停附近；收在日内高位；温和放量；近5日趋势升温；站上20日线且不过热；连续上榜确认；人气排名明显上升；震荡市里保持相对强势；震荡市里承接未失控；v4多头排列技术加分；v4筹码集中加分；v4龙虎榜提示关注,v4乖离率过大；v4远离短中期均线；v4获利盘结构偏弱；涨停封板不可买,v4
2026-05-20,2026-05-13,次日已审,快策略候选,优先走弱,priority_failed,下个交易日主盯 未兑现，复盘风险项：后段人气股在偏弱环境里更谨慎；v4乖离率过大；v4远离短中期均线；v4获利盘结构偏弱；涨停封板不可买,54,603005,晶方科技,观察池,下个交易日主盯,109.53,2026-05-20,0,common_index_cache,11,0.0,-9.26,-19.07,-9.26,-19.07,-3.43,-3.52,6.43,6.33,6.17,intraday_1430,2026-05-20 14:30:00,当日涨停附近；收在日内高位；温和放量；近5日趋势升温；站上20日线且不过热；震荡市里保持相对强势；震荡市里承接未失控；v4多头排列技术加分；v4筹码集中加分；v4龙虎榜提示关注,后段人气股在偏弱环境里更谨慎；v4乖离率过大；v4远离短中期均线；v4获利盘结构偏弱；涨停封板不可买,v4
2026-05-20,2026-05-13,次日已审,快策略候选,优先走弱,priority_failed,下个交易日主盯 未兑现，复盘风险项：v4乖离率过大；v4远离短中期均线；v4获利盘结构偏弱；v4事件谨慎扣分（异常波动）；涨停封板不可买,44,002272,川润股份,观察池,下个交易日主盯,104.13,2026-05-20,0,common_index_cache,11,-20.57,-1.52,-9.98,-0.36,-9.98,-3.37,-15.68,-1.87,-14.37,0.08,intraday_1430,2026-05-20 14:30:00,人气Top50；当日涨停附近；收在日内高位；温和放量；近5日趋势升温；站上20日线且不过热；震荡市里保持相对强势；震荡市里承接未失控；v4多头排列技术加分；v4筹码集中加分；v4主力资金强净流入；v4龙虎榜提示关注,v4乖离率过大；v4远离短中期均线；v4获利盘结构偏弱；v4事件谨慎扣分（异常波动）；涨停封板不可买,v4
2026-05-20,2026-05-13,次日已审,快策略候选,优先走弱,priority_failed,下个交易日主盯 未兑现，复盘风险项：v4乖离率过大；涨停封板不可买,47,600895,张江高科,观察池,下个交易日主盯,88.03,2026-05-20,0,common_index_cache,11,-14.0,1.97,-2.2,3.25,-2.2,5.82,-3.17,3.78,-5.04,7.34,intraday_1430,2026-05-20 14:30:00,人气Top50；当日涨停附近；收在日内高位；温和放量；站上20日线且不过热；震荡市里保持相对强势；震荡市里承接未失控；v4主力资金强净流入,v4乖离率过大；涨停封板不可买,v4
2026-05-20,2026-05-13,次日已审,快策略候选,优先走弱,priority_failed,下个交易日主盯 未兑现，复盘风险项：热度可能进入后段,10,600522,中天科技,重点观察,下个交易日主盯,86.53,2026-05-20,0,common_index_cache,11,-0.24,-2.53,-9.25,-0.87,-9.25,-7.1,-15.42,-4.69,-13.22,-0.87,intraday_1430,2026-05-20 14:30:00,人气Top10；收盘承接较强；温和放量；站上20日线且不过热；持续霸榜；震荡市里保持相对强势；震荡市里承接未失控；v4多头排列技术加分；v4缩量回踩MA5；v4靠近MA10承接；v4主力资金净流入,热度可能进入后段,v4
2026-05-20,2026-05-13,次日已审,快策略候选,优先走弱,priority_failed,下个交易日主盯 未兑现，复盘风险项：人气排名明显回落；后段人气股在偏弱环境里更谨慎；v4短线偏离MA5过多；v4获利盘结构偏弱；涨停封板不可买,63,600021,上海电力,观察池,下个交易日主盯,86.38,2026-05-20,0,common_index_cache,11,-10.04,-15.95,-18.45,-14.22,-18.45,-15.77,-6.45,0.22,11.3,-1.86,intraday_1430,2026-05-20 14:30:00,当日涨停附近；收在日内高位；温和放量；站上20日线且不过热；连续上榜确认；震荡市里保持相对强势；震荡市里承接未失控；v4筹码集中加分,人气排名明显回落；后段人气股在偏弱环境里更谨慎；v4短线偏离MA5过多；v4获利盘结构偏弱；涨停封板不可买,v4
2026-05-20,2026-05-13,次日已审,快策略候选,优先走弱,priority_failed,下个交易日主盯 未兑现，复盘风险项：近5日趋势未确认；仍在20日线下方；v4短线偏离MA5过多；涨停封板不可买,17,000890,法尔胜,观察池,下个交易日主盯,84.88,2026-05-20,0,common_index_cache,11,-16.96,-0.39,-9.34,0.0,-9.34,-12.53,-18.75,-12.19,-18.44,0.0,intraday_1430,2026-05-20 14:30:00,人气Top20；当日涨停附近；收在日内高位；温和放量；人气排名明显上升；震荡市里保持相对强势；震荡市里承接未失控；v4龙虎榜提示关注,近5日趋势未确认；仍在20日线下方；v4短线偏离MA5过多；涨停封板不可买,v4
2026-05-20,2026-05-13,次日已审,快策略候选,优先走弱,priority_failed,下个交易日主盯 未兑现，复盘风险项：近5日趋势未确认；人气排名明显回落；后段人气股在偏弱环境里更谨慎,73,002008,大族激光,不推送,下个交易日主盯,81.59,2026-05-20,0,common_index_cache,11,-6.37,1.95,-0.85,6.04,-0.85,-1.1,-8.69,-2.99,-10.44,6.04,intraday_1430,2026-05-20 14:30:00,当日上涨；收在日内高位；温和放量；站上20日线且不过热；震荡市里保持相对强势；震荡市里承接未失控；v4多头排列技术加分；v4主力资金强净流入,近5日趋势未确认；人气排名明显回落；后段人气股在偏弱环境里更谨慎,v4
2026-05-20,2026-05-13,次日已审,快策略候选,优先走弱,priority_failed,下个交易日主盯 未兑现，复盘风险项：后段人气股在偏弱环境里更谨慎；v4乖离率过大；v4远离短中期均线；v4获利盘结构偏弱,77,002409,雅克科技,不推送,下个交易日主盯,76.63,2026-05-20,0,common_index_cache,11,-2.95,1.13,-6.15,3.0,-6.15,5.34,-2.69,4.16,-3.77,5.34,intraday_1430,2026-05-20 14:30:00,当日上涨；收盘承接较强；温和放量；近5日趋势升温；站上20日线且不过热；震荡市里保持相对强势；震荡市里承接未失控；v4多头排列技术加分；v4筹码集中加分,后段人气股在偏弱环境里更谨慎；v4乖离率过大；v4远离短中期均线；v4获利盘结构偏弱,v4
2026-05-20,2026-05-13,次日已审,快策略候选,优先走弱,priority_failed,下个交易日主盯 未兑现，复盘风险项：人气排名明显回落；后段人气股在偏弱环境里更谨慎；涨停封板不可买,99,001393,维通利,观察池,下个交易日主盯,73.34,2026-05-20,0,common_index_cache,11,-36.14,-2.35,-13.74,1.41,-13.74,-29.59,-30.99,-27.89,-29.33,1.41,intraday_1430,2026-05-20 14:30:00,当日涨停附近；温和放量；站上20日线且不过热；震荡市里保持相对强势；v4主力资金强净流入,人气排名明显回落；后段人气股在偏弱环境里更谨慎；涨停封板不可买,v4
2026-05-20,2026-05-13,次日已审,快策略候选,优先走弱,priority_failed,下个交易日主盯 未兑现，复盘风险项：短线涨幅偏高；偏离20日线较大；后段人气股在偏弱环境里更谨慎；v4乖离率过大；v4远离短中期均线；v4放量冲高过热；v4获利盘结构偏弱；v4事件谨慎扣分（异常波动）；涨停封板不可买,86,000417,合百集团,观察池,下个交易日主盯,69.34,2026-05-20,0,common_index_cache,11,-18.36,9.97,-2.31,9.97,-2.31,8.6,-11.96,-1.24,-19.94,13.22,intraday_1430,2026-05-20 14:30:00,当日涨停附近；收在日内高位；放量仍可控；近5日强势延续；震荡市里保持相对强势；震荡市里承接未失控；v4多头排列技术加分；v4筹码集中加分,短线涨幅偏高；偏离20日线较大；后段人气股在偏弱环境里更谨慎；v4乖离率过大；v4远离短中期均线；v4放量冲高过热；v4获利盘结构偏弱；v4事件谨慎扣分（异常波动）；涨停封板不可买,v4
2026-05-20,2026-05-13,次日已审,快策略候选,优先走弱,priority_failed,下个交易日主盯 未兑现，复盘风险项：近5日趋势未确认；v4乖离率过大；v4获利盘结构偏弱,14,600111,北方稀土,不推送,下个交易日主盯,68.08,2026-05-20,0,common_index_cache,11,-2.53,1.84,-0.45,4.51,-0.45,0.31,-4.73,-1.5,-6.46,4.51,intraday_1430,2026-05-20 14:30:00,人气Top20；当日上涨；收在日内高位；温和放量；站上20日线且不过热；人气排名明显上升；震荡市里保持相对强势；震荡市里承接未失控；v4筹码集中加分,近5日趋势未确认；v4乖离率过大；v4获利盘结构偏弱,v4
2026-05-20,2026-05-13,次日已审,快策略候选,优先走弱,priority_failed,下个交易日主盯 未兑现，复盘风险项：短线涨幅过热；远离20日线过多；一字或近似一字，参与点差；后段人气股在偏弱环境里更谨慎；v4乖离率过大；v4远离短中期均线；v4获利盘结构偏弱；v4事件谨慎扣分（风险提示）；一字板不可买,68,603779,威龙股份,观察池,下个交易日主盯,67.09,2026-05-20,0,common_index_cache,11,-32.88,10.0,10.0,10.0,10.0,4.7,-11.36,-4.82,-19.42,10.0,intraday_1430,2026-05-20 14:30:00,当日涨停附近；收在日内高位；温和放量；震荡市里保持相对强势；震荡市里承接未失控；v4多头排列技术加分；v4筹码集中加分；v4主力资金强净流入；v4龙虎榜提示关注,短线涨幅过热；远离20日线过多；一字或近似一字，参与点差；后段人气股在偏弱环境里更谨慎；v4乖离率过大；v4远离短中期均线；v4获利盘结构偏弱；v4事件谨慎扣分（风险提示）；一字板不可买,v4
2026-05-20,2026-05-13,次日已审,快策略候选,优先走弱,priority_failed,下个交易日主盯 未兑现，复盘风险项：量能不足；短线涨幅偏高；偏离20日线较大；后段人气股在偏弱环境里更谨慎；v4乖离率过大；v4远离短中期均线；v4主力资金强净流出；v4事件谨慎扣分（异常波动）；涨停封板不可买,57,600903,贵州燃气,观察池,下个交易日主盯,66.78,2026-05-20,0,common_index_cache,11,-9.29,-4.13,3.1,4.75,3.1,2.17,-0.41,6.57,3.88,9.8,intraday_1430,2026-05-20 14:30:00,当日涨停附近；收在日内高位；近5日强势延续；震荡市里保持相对强势；震荡市里承接未失控；v4多头排列技术加分,量能不足；短线涨幅偏高；偏离20日线较大；后段人气股在偏弱环境里更谨慎；v4乖离率过大；v4远离短中期均线；v4主力资金强净流出；v4事件谨慎扣分（异常波动）；涨停封板不可买,v4
2026-05-20,2026-05-13,次日已审,快策略候选,优先走弱,priority_failed,下个交易日主盯 未兑现，复盘风险项：量能不足；短线涨幅偏高；远离20日线过多；v4乖离率过大；v4远离短中期均线；v4获利盘结构偏弱；v4事件谨慎扣分（异常波动）；涨停封板不可买,46,603938,三孚股份,观察池,下个交易日主盯,63.18,2026-05-20,0,common_index_cache,11,-10.68,5.62,-5.92,5.62,-5.92,-11.22,-20.76,-15.94,-24.97,5.62,intraday_1430,2026-05-20 14:30:00,人气Top50；当日涨停附近；收在日内高位；近5日强势延续；震荡市里保持相对强势；震荡市里承接未失控；v4多头排列技术加分；v4筹码集中加分；v4主力资金强净流入,量能不足；短线涨幅偏高；远离20日线过多；v4乖离率过大；v4远离短中期均线；v4获利盘结构偏弱；v4事件谨慎扣分（异常波动）；涨停封板不可买,v4
2026-05-20,2026-05-13,次日已审,快策略候选,优先走弱,priority_failed,下个交易日主盯 未兑现，复盘风险项：短线涨幅过热；偏离20日线较大；人气排名明显回落；一字或近似一字，参与点差；后段人气股在偏弱环境里更谨慎；v4乖离率过大；v4远离短中期均线；v4事件谨慎扣分（异常波动）；一字板不可买,97,603082,北自科技,观察池,下个交易日主盯,62.13,2026-05-20,0,common_index_cache,11,-27.26,-14.03,-16.37,-10.38,-16.37,-20.13,-25.77,-7.09,-13.66,-10.38,intraday_1430,2026-05-20 14:30:00,当日涨停附近；收在日内高位；连续上榜确认；震荡市里保持相对强势；震荡市里承接未失控；v4多头排列技术加分；v4龙虎榜提示关注,短线涨幅过热；偏离20日线较大；人气排名明显回落；一字或近似一字，参与点差；后段人气股在偏弱环境里更谨慎；v4乖离率过大；v4远离短中期均线；v4事件谨慎扣分（异常波动）；一字板不可买,v4
2026-05-20,2026-05-13,次日已审,快策略候选,优先走弱,priority_failed,下个交易日主盯 未兑现，复盘风险项：v4乖离率过大；v4远离短中期均线；v4获利盘结构偏弱,45,600884,杉杉股份,不推送,下个交易日主盯,59.18,2026-05-20,0,common_index_cache,11,-22.58,-12.77,-17.56,-10.78,-17.56,-17.39,-15.22,-5.29,-2.81,-10.78,intraday_1430,2026-05-20 14:30:00,人气Top50；当日上涨；收盘承接较强；温和放量；近5日趋势升温；站上20日线且不过热；人气排名明显上升；震荡市里保持相对强势；震荡市里承接未失控；v4筹码集中加分；v4主力资金净流入,v4乖离率过大；v4远离短中期均线；v4获利盘结构偏弱,v4
2026-05-20,2026-05-13,次日已审,快策略候选,暂未强势,neutral,继续等待更多交易日或降低权重。,30,603618,杭电股份,不推送,下个交易日主盯,58.38,2026-05-20,0,common_index_cache,11,2.01,2.72,-5.74,4.17,-5.74,-11.17,-16.2,-13.51,-18.41,4.17,intraday_1430,2026-05-20 14:30:00,人气Top50；当日强涨；收盘承接较强；温和放量；站上20日线且不过热；人气排名明显上升；震荡市里保持相对强势；震荡市里承接未失控；v4多头排列技术加分,v4短线偏离MA5过多,v4
2026-05-20,,次日已审,低层级强势反哺,普通/不推送走强,low_level_winner,不推送 后来走强，原因反哺：v4筹码集中加分、人气Top20、持续霸榜,19,600396,华电辽能,不推送,未入快策略,,2026-05-20,0,common_index_cache,11,51.1,-0.28,-2.13,5.02,-2.13,10.18,27.72,10.48,28.07,27.72,intraday_1430,2026-05-20 14:30:00,人气Top20；站上20日线且不过热；持续霸榜；v4筹码集中加分,当日转弱；收盘承接偏弱；近5日趋势未确认；热度可能进入后段；震荡市里相对走弱；市场健康度不足，收缩推送；v4跌破短均线；v4获利盘结构偏弱；v4主力资金强净流出,v4
2026-05-20,,次日已审,低层级强势反哺,普通/不推送走强,low_level_winner,不推送 后来走强，原因反哺：v4筹码集中加分、持续霸榜,90,001896,豫能控股,不推送,未入快策略,,2026-05-20,0,common_index_cache,11,48.16,-0.2,9.79,9.79,9.79,13.48,5.57,13.71,5.78,16.03,intraday_1430,2026-05-20 14:30:00,持续霸榜；v4筹码集中加分,当日转弱；收盘承接偏弱；近5日趋势未确认；仍在20日线下方；热度可能进入后段；人气排名明显回落；震荡市里相对走弱；后段人气股在偏弱环境里更谨慎；市场健康度不足，收缩推送；v4跌破短均线；v4趋势未转强且热度偏后；v4获利盘结构偏弱；v4主力资金强净流出,v4
2026-05-20,,次日已审,低层级强势反哺,普通/不推送走强,low_level_winner,不推送 后来走强，原因反哺：v4主力资金净流入、v4筹码集中加分、人气Top50,35,600487,亨通光电,不推送,未入快策略,,2026-05-20,0,common_index_cache,11,29.8,0.78,-7.29,0.8,-7.29,-2.64,-8.9,-3.4,-9.61,0.8,intraday_1430,2026-05-20 14:30:00,人气Top50；温和放量；站上20日线且不过热；持续霸榜；震荡市里保持相对强势；v4筹码集中加分；v4主力资金净流入,当日转弱；收盘承接偏弱；近5日趋势未确认；热度可能进入后段；人气排名明显回落；v4长上影承接转弱；v4趋势未转强且热度偏后；v4获利盘结构偏弱,v4
2026-05-20,,次日已审,低层级强势反哺,普通/不推送走强,low_level_winner,不推送 后来走强，原因反哺：v4多头排列技术加分、v4筹码集中加分、人气Top10,7,002185,华天科技,不推送,未入快策略,,2026-05-20,0,common_index_cache,11,22.13,1.46,-3.68,4.38,-3.68,7.61,27.77,6.06,25.94,30.25,intraday_1430,2026-05-20 14:30:00,人气Top10；当日上涨；温和放量；近5日趋势升温；站上20日线且不过热；连续上榜确认；人气排名明显上升；震荡市里保持相对强势；v4多头排列技术加分；v4筹码集中加分,收盘承接偏弱；上影线偏长；v4乖离率过大；v4远离短中期均线；v4长上影承接转弱；v4正涨但收盘承接一般；v4获利盘结构偏弱；v4主力资金净流出；v4拉升但资金未跟随,v4
2026-05-20,,次日已审,低层级强势反哺,普通/不推送走强,low_level_winner,不推送 后来走强，原因反哺：v4主力资金强净流入、v4筹码集中加分、v4龙虎榜活跃,26,301139,*ST元道,不推送,未入快策略,,2026-05-20,0,common_index_cache,11,21.9,2.27,37.6,42.98,37.6,4.55,3.51,2.22,1.21,42.98,intraday_1430,2026-05-20 14:30:00,人气Top50；收在日内高位；放量仍可控；连续上榜确认；人气排名明显上升；v4筹码集中加分；v4主力资金强净流入；v4龙虎榜活跃,当日转弱；近5日趋势未确认；仍在20日线下方；震荡市里相对走弱；市场健康度不足，收缩推送；v4跌破短均线；v4获利盘结构偏弱,v4
2026-05-20,,次日已审,低层级强势反哺,普通/不推送走强,low_level_winner,不推送 后来走强，原因反哺：v4筹码集中加分、持续霸榜、站上20日线且不过热,59,002015,协鑫能科,不推送,未入快策略,,2026-05-20,0,common_index_cache,11,15.52,0.0,-3.54,2.3,-3.54,7.23,3.93,7.23,3.93,10.15,intraday_1430,2026-05-20 14:30:00,站上20日线且不过热；持续霸榜；v4筹码集中加分,当日转弱；收盘承接偏弱；近5日趋势未确认；热度可能进入后段；震荡市里相对走弱；后段人气股在偏弱环境里更谨慎；市场健康度不足，收缩推送；v4跌破短均线；v4趋势未转强且热度偏后；v4获利盘结构偏弱；v4主力资金强净流出,v4
2026-05-20,,次日已审,低层级强势反哺,普通/不推送走强,low_level_winner,不推送 后来走强，原因反哺：v4主力资金强净流入、v4筹码集中加分、人气Top50,23,002156,通富微电,不推送,未入快策略,,2026-05-20,0,common_index_cache,11,14.57,3.0,-0.61,7.64,-0.61,12.31,15.11,9.04,11.76,26.46,intraday_1430,2026-05-20 14:30:00,人气Top50；当日上涨；温和放量；站上20日线且不过热；持续霸榜；人气排名明显上升；震荡市里保持相对强势；v4筹码集中加分；v4主力资金强净流入,热度可能进入后段；v4乖离率过大；v4趋势未转强且热度偏后；v4获利盘结构偏弱,v4
2026-05-20,,次日已审,低层级强势反哺,普通/不推送走强,low_level_winner,不推送 后来走强，原因反哺：v4主力资金强净流入、v4多头排列技术加分、v4沿短均线抬升,37,603629,利通电子,不推送,未入快策略,,2026-05-20,0,common_index_cache,11,11.24,-1.2,-0.31,-0.03,-0.31,12.12,18.82,13.48,20.27,20.38,intraday_1430,2026-05-20 14:30:00,人气Top50；当日上涨；收在日内高位；站上20日线且不过热；持续霸榜；震荡市里保持相对强势；震荡市里承接未失控；v4多头排列技术加分；v4沿短均线抬升；v4筹码集中加分；v4主力资金强净流入,热度可能进入后段；v4短线偏离MA5过多；v4获利盘结构偏弱,v4
2026-05-20,,次日已审,低层级强势反哺,普通/不推送走强,low_level_winner,不推送 后来走强，原因反哺：v4多头排列技术加分、v4筹码集中加分、人气Top20,12,000021,深科技,不推送,未入快策略,,2026-05-20,0,common_index_cache,11,4.7,1.42,-4.04,3.67,-4.04,8.58,16.04,7.05,14.41,24.09,intraday_1430,2026-05-20 14:30:00,人气Top20；温和放量；近5日趋势升温；站上20日线且不过热；连续上榜确认；震荡市里保持相对强势；v4多头排列技术加分；v4筹码集中加分,收盘承接偏弱；上影线偏长；v4短线偏离MA5过多；v4远离短中期均线；v4长上影承接转弱；v4正涨但收盘承接一般；v4获利盘结构偏弱；v4主力资金强净流出；v4拉升但资金未跟随,v4
2026-05-20,,次日已审,低层级强势反哺,普通/不推送走强,low_level_winner,不推送 后来走强，原因反哺：v4筹码集中加分、持续霸榜,76,002600,领益智造,不推送,未入快策略,,2026-05-20,0,common_index_cache,11,3.17,13.08,6.81,15.07,6.81,10.74,6.81,-2.07,-5.54,15.07,intraday_1430,2026-05-20 14:30:00,持续霸榜；v4筹码集中加分,当日转弱；收盘承接偏弱；近5日趋势未确认；热度可能进入后段；人气排名明显回落；震荡市里相对走弱；后段人气股在偏弱环境里更谨慎；市场健康度不足，收缩推送；v4跌破短均线；v4趋势未转强且热度偏后；v4获利盘结构偏弱；v4主力资金强净流出,v4
2026-05-20,,次日已审,低层级强势反哺,普通/不推送走强,low_level_winner,不推送 后来走强，原因反哺：v4主力资金强净流入、v4筹码集中加分、温和放量,79,002837,英维克,不推送,未入快策略,,2026-05-20,0,common_index_cache,11,1.93,59.62,48.03,61.17,48.03,19.98,7.44,-24.83,-32.69,61.17,intraday_1430,2026-05-20 14:30:00,温和放量；v4筹码集中加分；v4主力资金强净流入,收盘承接偏弱；近5日趋势未确认；仍在20日线下方；上影线偏长；震荡市里相对走弱；后段人气股在偏弱环境里更谨慎；市场健康度不足，收缩推送；v4长上影承接转弱；v4正涨但收盘承接一般；v4获利盘结构偏弱,v4
2026-05-20,,次日已审,低层级强势反哺,普通/不推送走强,low_level_winner,不推送 后来走强，原因反哺：v4主力资金强净流入、v4筹码集中加分、人气Top10,6,002709,天赐材料,不推送,未入快策略,,2026-05-20,0,common_index_cache,11,0.12,17.59,16.96,22.42,16.96,7.56,8.35,-8.53,-7.86,22.42,intraday_1430,2026-05-20 14:30:00,人气Top10；持续霸榜；人气排名明显上升；v4筹码集中加分；v4主力资金强净流入,当日转弱；收盘承接偏弱；近5日趋势未确认；仍在20日线下方；热度可能进入后段；震荡市里相对走弱；市场健康度不足，收缩推送；v4跌破短均线；v4获利盘结构偏弱,v4
2026-05-20,,次日已审,低层级强势反哺,普通/不推送走强,low_level_winner,不推送 后来走强，原因反哺：v4筹码集中加分、人气Top20、持续霸榜,11,600745,*ST闻泰,不推送,未入快策略,,2026-05-20,0,common_index_cache,11,0.0,-26.11,-18.33,-18.33,-18.33,-17.31,-8.85,11.91,23.36,-8.85,intraday_1430,2026-05-20 14:30:00,人气Top20；收在日内高位；温和放量；持续霸榜；震荡市里保持相对强势；v4筹码集中加分,当日转弱；近5日趋势未确认；仍在20日线下方；热度可能进入后段；v4乖离率过大；v4获利盘结构偏弱；v4主力资金强净流出；v4事件谨慎扣分（异常波动）,v4
2026-05-20,,次日已审,低层级强势反哺,普通/不推送走强,low_level_winner,不推送 后来走强，原因反哺：v4主力资金净流入、v4筹码集中加分、人气Top50,29,002812,恩捷股份,不推送,未入快策略,,2026-05-20,0,common_index_cache,11,-7.11,16.28,10.07,16.28,10.07,0.14,3.95,-13.87,-10.6,16.28,intraday_1430,2026-05-20 14:30:00,人气Top50；温和放量；v4筹码集中加分；v4主力资金净流入,当日转弱；收盘承接偏弱；近5日趋势未确认；仍在20日线下方；震荡市里相对走弱；市场健康度不足，收缩推送；v4跌破短均线；v4获利盘结构偏弱,v4
2026-05-20,,次日已审,低层级强势反哺,普通/不推送走强,low_level_winner,不推送 后来走强，原因反哺：v4主力资金净流入、v4多头排列技术加分、v4沿短均线抬升,96,002617,露笑科技,不推送,未入快策略,,2026-05-20,0,common_index_cache,11,-7.32,0.32,-5.73,0.64,-5.73,1.59,10.92,1.27,10.57,15.27,intraday_1430,2026-05-20 14:30:00,近5日趋势升温；站上20日线且不过热；持续霸榜；震荡市里保持相对强势；v4多头排列技术加分；v4沿短均线抬升；v4筹码集中加分；v4主力资金净流入,当日转弱；热度可能进入后段；人气排名明显回落；后段人气股在偏弱环境里更谨慎；v4长上影承接转弱；v4获利盘结构偏弱,v4
2026-05-20,,次日已审,低层级强势反哺,普通/不推送走强,low_level_winner,不推送 后来走强，原因反哺：v4主力资金强净流入、v4筹码集中加分、温和放量,93,603538,美诺华,不推送,未入快策略,,2026-05-20,0,common_index_cache,11,-9.59,11.97,13.81,17.37,13.81,-1.5,-0.51,-12.03,-11.15,17.37,intraday_1430,2026-05-20 14:30:00,温和放量；v4筹码集中加分；v4主力资金强净流入,当日转弱；收盘承接偏弱；近5日趋势未确认；仍在20日线下方；震荡市里相对走弱；后段人气股在偏弱环境里更谨慎；市场健康度不足，收缩推送；v4跌破短均线；v4获利盘结构偏弱,v4
2026-05-20,,次日已审,低层级强势反哺,普通/不推送走强,low_level_winner,不推送 后来走强，原因反哺：v4多头排列技术加分、v4沿短均线抬升、v4筹码集中加分,34,600186,莲花控股,不推送,未入快策略,,2026-05-20,0,common_index_cache,11,-14.45,-0.54,-3.52,3.79,-3.52,16.8,7.23,17.44,7.81,23.76,intraday_1430,2026-05-20 14:30:00,人气Top50；温和放量；站上20日线且不过热；连续上榜确认；震荡市里保持相对强势；v4多头排列技术加分；v4沿短均线抬升；v4筹码集中加分,当日转弱；收盘承接偏弱；v4获利盘结构偏弱；v4主力资金强净流出,v4
2026-05-20,,次日已审,低层级强势反哺,普通/不推送走强,low_level_winner,不推送 后来走强，原因反哺：v4多头排列技术加分、v4筹码集中加分、v4龙虎榜活跃,58,300657,弘信电子,不推送,已入快策略,,2026-05-20,0,common_index_cache,11,1.78,17.49,10.37,21.56,10.37,10.18,-1.46,-6.21,-16.13,21.56,intraday_1430,2026-05-20 14:30:00,当日强涨；收在日内高位；温和放量；近5日趋势升温；站上20日线且不过热；连续上榜确认；震荡市里保持相对强势；震荡市里承接未失控；v4多头排列技术加分；v4筹码集中加分；v4龙虎榜活跃,人气排名明显回落；后段人气股在偏弱环境里更谨慎；v4短线偏离MA5过多；v4远离短中期均线；v4获利盘结构偏弱；v4主力资金强净流出；v4事件谨慎扣分（异常波动）,v4
2026-05-20,,次日已审,低层级强势反哺,普通/不推送走强,low_level_winner,不推送 后来走强，原因反哺：v4主力资金净流入、v4多头排列技术加分、v4筹码集中加分,53,603459,红板科技,不推送,已入快策略,,2026-05-20,0,common_index_cache,11,1.12,-13.24,-9.25,-6.52,-9.25,2.36,-1.69,17.99,13.31,8.84,intraday_1430,2026-05-20 14:30:00,收盘承接较强；近5日趋势升温；震荡市里保持相对强势；震荡市里承接未失控；v4多头排列技术加分；v4筹码集中加分；v4主力资金净流入；v4龙虎榜活跃,偏离20日线较大；后段人气股在偏弱环境里更谨慎；v4乖离率过大；v4远离短中期均线；v4获利盘结构偏弱,v4
2026-05-20,,次日已审,低层级强势反哺,普通/不推送走强,low_level_winner,不推送 后来走强，原因反哺：v4主力资金强净流入、v4多头排列技术加分、v4筹码集中加分,5,600584,长电科技,不推送,已入快策略,,2026-05-20,0,common_index_cache,11,-0.14,-16.6,-16.65,-11.11,-16.65,-0.02,7.44,19.87,28.83,18.34,intraday_1430,2026-05-20 14:30:00,人气Top10；温和放量；近5日强势延续；持续霸榜；震荡市里保持相对强势；v4多头排列技术加分；v4筹码集中加分；v4主力资金强净流入,短线涨幅偏高；远离20日线过多；热度可能进入后段；v4乖离率过大；v4远离短中期均线；v4长上影承接转弱；v4获利盘结构偏弱,v4
2026-05-20,,次日已审,低层级强势反哺,普通/不推送走强,low_level_winner,不推送 后来走强，原因反哺：v4多头排列技术加分、v4筹码集中加分、v4龙虎榜提示关注,18,600578,京能电力,不推送,已入快策略,,2026-05-20,0,common_index_cache,11,-0.74,-25.45,-13.26,-13.26,-13.26,-4.14,2.86,28.59,37.98,4.88,intraday_1430,2026-05-20 14:30:00,人气Top20；温和放量；连续上榜确认；震荡市里保持相对强势；v4多头排列技术加分；v4筹码集中加分；v4龙虎榜提示关注,收盘承接偏弱；短线涨幅过热；远离20日线过多；上影线偏长；v4乖离率过大；v4远离短中期均线；v4长上影承接转弱；v4正涨但收盘承接一般；v4获利盘结构偏弱；v4主力资金强净流出；v4拉升但资金未跟随,v4
2026-05-20,,次日已审,低层级强势反哺,普通/不推送走强,low_level_winner,不推送 后来走强，原因反哺：v4多头排列技术加分、v4筹码集中加分、人气Top50,50,600863,华能蒙电,不推送,已入快策略,,2026-05-20,0,common_index_cache,11,-2.27,-26.42,-20.74,-16.48,-20.74,-15.77,-4.69,14.48,29.54,-4.69,intraday_1430,2026-05-20 14:30:00,人气Top50；近5日强势延续；震荡市里保持相对强势；v4多头排列技术加分；v4筹码集中加分,当日转弱；收盘承接偏弱；短线涨幅偏高；偏离20日线较大；v4乖离率过大；v4远离短中期均线；v4长上影承接转弱；v4获利盘结构偏弱；v4主力资金强净流出,v4
2026-05-20,,次日已审,低层级强势反哺,普通/不推送走强,low_level_winner,不推送 后来走强，原因反哺：v4主力资金强净流入、v4多头排列技术加分、v4筹码集中加分,25,688981,中芯国际,不推送,已入快策略,,2026-05-20,0,common_index_cache,11,-3.6,-4.22,-9.07,-1.63,-9.07,11.5,4.51,16.42,9.12,12.64,intraday_1430,2026-05-20 14:30:00,人气Top50；近5日趋势升温；站上20日线且不过热；人气排名明显上升；震荡市里保持相对强势；v4多头排列技术加分；v4筹码集中加分；v4主力资金强净流入,当日转弱；收盘承接偏弱；量能不足；v4乖离率过大；v4远离短中期均线；v4获利盘结构偏弱,v4
2026-05-19,2026-05-12,次日已审,快策略候选,优先成功,priority_success,下个交易日主盯 后续最高表现达到 15.82%，保留这类命中特征。,22,605358,立昂微,观察池,下个交易日主盯,113.43,2026-05-19,0,common_index_cache,12,15.82,1.31,1.11,4.71,1.11,-5.33,-4.3,-6.55,-5.53,4.71,post_close,2026-05-19 15:00:00,人气Top50；当日涨停附近；收在日内高位；温和放量；近5日趋势升温；站上20日线且不过热；震荡市里保持相对强势；震荡市里承接未失控；v4多头排列技术加分；v4沿短均线抬升,v4乖离率过大；v4远离短中期均线；涨停封板不可买,v4
2026-05-19,2026-05-12,次日已审,快策略候选,优先成功,priority_success,下个交易日主盯 后续最高表现达到 18.51%，保留这类命中特征。,17,600186,莲花控股,观察池,下个交易日主盯,97.03,2026-05-19,0,common_index_cache,12,-18.08,0.35,-4.58,2.51,-4.58,1.64,14.1,1.29,13.71,18.51,post_close,2026-05-19 15:00:00,人气Top20；当日涨停附近；收在日内高位；温和放量；近5日趋势升温；站上20日线且不过热；人气排名明显上升；震荡市里保持相对强势；震荡市里承接未失控；v4多头排列技术加分,v4乖离率过大；v4远离短中期均线；涨停封板不可买,v4
2026-05-19,2026-05-12,次日已审,快策略候选,优先成功,priority_success,下个交易日主盯 后续最高表现达到 25.88%，保留这类命中特征。,29,002185,华天科技,普通观察,下个交易日主盯,92.28,2026-05-19,0,common_index_cache,12,25.88,-0.98,3.79,9.67,3.79,0.85,22.03,1.85,23.23,22.03,post_close,2026-05-19 15:00:00,人气Top50；当日上涨；收盘承接较强；温和放量；近5日趋势升温；站上20日线且不过热；连续上榜确认；人气排名明显上升；震荡市里保持相对强势；震荡市里承接未失控；v4多头排列技术加分；v4放量突破但不过热；v4沿短均线抬升,v4短线偏离MA5过多,v4
2026-05-19,2026-05-12,次日已审,快策略候选,优先成功,priority_success,下个交易日主盯 后续最高表现达到 29.68%，保留这类命中特征。,6,600487,亨通光电,普通观察,下个交易日主盯,75.33,2026-05-19,0,common_index_cache,12,29.68,-1.02,0.41,3.52,0.41,-3.21,-8.03,-2.21,-7.08,3.52,post_close,2026-05-19 15:00:00,人气Top10；当日上涨；收在日内高位；温和放量；站上20日线且不过热；持续霸榜；人气排名明显上升；震荡市里保持相对强势；震荡市里承接未失控,热度可能进入后段,v4
2026-05-19,2026-05-12,次日已审,快策略候选,优先成功,priority_success,下个交易日主盯 后续最高表现达到 33.24%，保留这类命中特征。,40,603986,兆易创新,不推送,下个交易日主盯,73.83,2026-05-19,0,common_index_cache,12,31.08,0.85,10.02,10.02,10.02,15.89,30.31,14.91,29.21,33.24,post_close,2026-05-19 15:00:00,人气Top50；收盘承接较强；温和放量；近5日趋势升温；站上20日线且不过热；连续上榜确认；震荡市里保持相对强势；震荡市里承接未失控；v4多头排列技术加分,人气排名明显回落；v4乖离率过大；v4远离短中期均线,v4
2026-05-19,2026-05-12,次日已审,快策略候选,优先成功,priority_success,下个交易日主盯 后续最高表现达到 65.85%，保留这类命中特征。,59,688012,中微公司,不推送,下个交易日主盯,73.28,2026-05-19,0,common_index_cache,11,-11.09,47.71,52.48,54.86,52.48,-2.07,-3.34,-33.7,-34.56,65.85,post_close,2026-05-19 15:00:00,当日强涨；收在日内高位；温和放量；近5日趋势升温；震荡市里保持相对强势；震荡市里承接未失控；v4多头排列技术加分,偏离20日线较大；人气排名明显回落；后段人气股在偏弱环境里更谨慎；v4乖离率过大；v4远离短中期均线,v4
2026-05-19,2026-05-12,次日已审,快策略候选,优先成功,priority_success,下个交易日主盯 后续最高表现达到 36.44%，保留这类命中特征。,24,001896,豫能控股,观察池,下个交易日主盯,71.93,2026-05-19,0,common_index_cache,12,36.44,2.29,-8.09,2.78,-8.09,-2.66,2.22,-4.83,-0.06,6.86,post_close,2026-05-19 15:00:00,人气Top50；当日涨停附近；收在日内高位；持续霸榜；人气排名明显上升；震荡市里保持相对强势；震荡市里承接未失控,近5日趋势未确认；热度可能进入后段；v4趋势未转强且热度偏后；涨停封板不可买,v4
2026-05-19,2026-05-12,次日已审,快策略候选,优先成功,priority_success,下个交易日主盯 后续最高表现达到 47.52%，保留这类命中特征。,14,600584,长电科技,不推送,下个交易日主盯,71.73,2026-05-19,0,common_index_cache,12,31.69,-1.69,8.9,10.0,8.9,19.85,45.03,21.91,47.52,45.03,post_close,2026-05-19 15:00:00,人气Top20；当日上涨；收在日内高位；温和放量；近5日趋势升温；站上20日线且不过热；持续霸榜；震荡市里保持相对强势；震荡市里承接未失控；v4多头排列技术加分,热度可能进入后段；v4乖离率过大；v4远离短中期均线,v4
2026-05-19,2026-05-12,次日已审,快策略候选,优先走弱,priority_failed,下个交易日主盯 未兑现，复盘风险项：后段人气股在偏弱环境里更谨慎；v4乖离率过大；v4远离短中期均线；涨停封板不可买,74,600481,双良节能,观察池,下个交易日主盯,109.98,2026-05-19,0,common_index_cache,12,-31.07,1.94,1.53,6.93,1.53,6.1,-5.27,4.08,-7.07,9.02,post_close,2026-05-19 15:00:00,当日涨停附近；收在日内高位；温和放量；近5日趋势升温；站上20日线且不过热；震荡市里保持相对强势；震荡市里承接未失控；v4多头排列技术加分；v4沿短均线抬升；v4龙虎榜提示关注,后段人气股在偏弱环境里更谨慎；v4乖离率过大；v4远离短中期均线；涨停封板不可买,v4
2026-05-19,2026-05-12,次日已审,快策略候选,优先走弱,priority_failed,下个交易日主盯 未兑现，复盘风险项：短线涨幅偏高；偏离20日线较大；v4乖离率过大；v4远离短中期均线；涨停封板不可买,26,000811,冰轮环境,观察池,下个交易日主盯,106.68,2026-05-19,0,common_index_cache,12,-16.66,-4.1,-2.84,0.37,-2.84,-9.49,-15.48,-5.62,-11.86,1.05,post_close,2026-05-19 15:00:00,人气Top50；当日涨停附近；收在日内高位；温和放量；近5日强势延续；震荡市里保持相对强势；震荡市里承接未失控；v4多头排列技术加分；v4主力资金净流入；v4龙虎榜提示关注,短线涨幅偏高；偏离20日线较大；v4乖离率过大；v4远离短中期均线；涨停封板不可买,v4
2026-05-19,2026-05-12,次日已审,快策略候选,优先走弱,priority_failed,下个交易日主盯 未兑现，复盘风险项：短线涨幅偏高；后段人气股在偏弱环境里更谨慎；v4乖离率过大；v4远离短中期均线；涨停封板不可买,96,600758,辽宁能源,观察池,下个交易日主盯,105.03,2026-05-19,0,common_index_cache,12,-0.97,0.39,-6.77,8.7,-6.77,-9.86,-18.38,-10.21,-18.69,8.7,post_close,2026-05-19 15:00:00,当日涨停附近；收在日内高位；温和放量；近5日强势延续；站上20日线且不过热；震荡市里保持相对强势；震荡市里承接未失控；v4多头排列技术加分；v4龙虎榜提示关注,短线涨幅偏高；后段人气股在偏弱环境里更谨慎；v4乖离率过大；v4远离短中期均线；涨停封板不可买,v4
2026-05-19,2026-05-12,次日已审,快策略候选,优先走弱,priority_failed,下个交易日主盯 未兑现，复盘风险项：-,42,603881,数据港,普通观察,下个交易日主盯,102.93,2026-05-19,0,common_index_cache,12,-12.47,-1.59,-4.54,0.51,-4.54,-9.67,-13.2,-8.2,-11.8,0.51,post_close,2026-05-19 15:00:00,人气Top50；收盘承接较强；温和放量；近5日趋势升温；站上20日线且不过热；震荡市里保持相对强势；震荡市里承接未失控；v4多头排列技术加分；v4缩量回踩MA5；v4靠近MA10承接；v4沿短均线抬升,-,v4
2026-05-19,2026-05-12,次日已审,快策略候选,优先走弱,priority_failed,下个交易日主盯 未兑现，复盘风险项：后段人气股在偏弱环境里更谨慎,78,000938,紫光股份,普通观察,下个交易日主盯,101.28,2026-05-19,0,common_index_cache,12,-14.68,-0.62,-0.86,1.82,-0.86,-8.09,-11.05,-7.53,-10.5,1.82,post_close,2026-05-19 15:00:00,收在日内高位；温和放量；近5日趋势升温；站上20日线且不过热；震荡市里保持相对强势；震荡市里承接未失控；v4多头排列技术加分；v4缩量回踩MA5；v4靠近MA10承接；v4沿短均线抬升,后段人气股在偏弱环境里更谨慎,v4
2026-05-19,2026-05-12,次日已审,快策略候选,优先走弱,priority_failed,下个交易日主盯 未兑现，复盘风险项：偏离20日线较大；v4乖离率过大；v4远离短中期均线；涨停封板不可买,25,688126,沪硅产业,观察池,下个交易日主盯,100.03,2026-05-19,0,common_index_cache,12,-2.27,-1.76,-0.71,0.85,-0.71,-5.79,-8.88,-4.1,-7.24,7.08,post_close,2026-05-19 15:00:00,人气Top50；当日涨停附近；收在日内高位；温和放量；近5日趋势升温；震荡市里保持相对强势；震荡市里承接未失控；v4多头排列技术加分；v4龙虎榜提示关注,偏离20日线较大；v4乖离率过大；v4远离短中期均线；涨停封板不可买,v4
2026-05-19,2026-05-12,次日已审,快策略候选,优先走弱,priority_failed,下个交易日主盯 未兑现，复盘风险项：短线涨幅偏高；偏离20日线较大；后段人气股在偏弱环境里更谨慎；v4乖离率过大；v4远离短中期均线；涨停封板不可买,89,300608,思特奇,观察池,下个交易日主盯,99.63,2026-05-19,0,common_index_cache,12,-36.94,3.03,-7.58,5.96,-7.58,-13.92,-23.35,-16.46,-25.6,5.96,post_close,2026-05-19 15:00:00,当日涨停附近；收在日内高位；温和放量；近5日强势延续；震荡市里保持相对强势；震荡市里承接未失控；v4多头排列技术加分,短线涨幅偏高；偏离20日线较大；后段人气股在偏弱环境里更谨慎；v4乖离率过大；v4远离短中期均线；涨停封板不可买,v4
2026-05-19,2026-05-12,次日已审,快策略候选,优先走弱,priority_failed,下个交易日主盯 未兑现，复盘风险项：后段人气股在偏弱环境里更谨慎；v4乖离率过大；v4远离短中期均线；涨停封板不可买,62,688521,芯原股份,观察池,下个交易日主盯,99.28,2026-05-19,0,common_index_cache,12,-18.94,-1.64,-1.71,-0.04,-1.71,-8.06,-11.26,-6.53,-9.78,1.21,post_close,2026-05-19 15:00:00,当日涨停附近；收在日内高位；温和放量；近5日趋势升温；站上20日线且不过热；震荡市里保持相对强势；震荡市里承接未失控；v4多头排列技术加分,后段人气股在偏弱环境里更谨慎；v4乖离率过大；v4远离短中期均线；涨停封板不可买,v4
2026-05-19,2026-05-12,次日已审,快策略候选,优先走弱,priority_failed,下个交易日主盯 未兑现，复盘风险项：偏离20日线较大；热度可能进入后段；v4乖离率过大；v4远离短中期均线；涨停封板不可买,3,002281,光迅科技,观察池,下个交易日主盯,97.53,2026-05-19,0,common_index_cache,12,-4.47,-0.81,2.39,6.89,2.39,-6.51,-10.47,-5.74,-9.73,6.89,post_close,2026-05-19 15:00:00,人气Top3；当日涨停附近；收在日内高位；温和放量；近5日趋势升温；持续霸榜；人气排名明显上升；震荡市里保持相对强势；震荡市里承接未失控；v4多头排列技术加分；v4龙虎榜提示关注,偏离20日线较大；热度可能进入后段；v4乖离率过大；v4远离短中期均线；涨停封板不可买,v4
2026-05-19,2026-05-12,次日已审,快策略候选,优先走弱,priority_failed,下个交易日主盯 未兑现，复盘风险项：人气排名明显回落；后段人气股在偏弱环境里更谨慎；v4乖离率过大；v4远离短中期均线；涨停封板不可买,79,300166,东方国信,观察池,下个交易日主盯,94.78,2026-05-19,0,common_index_cache,12,-20.34,1.35,-5.08,3.17,-5.08,-10.59,-17.54,-11.78,-18.64,3.17,post_close,2026-05-19 15:00:00,当日涨停附近；收盘承接较强；温和放量；近5日趋势升温；站上20日线且不过热；震荡市里保持相对强势；震荡市里承接未失控；v4多头排列技术加分,人气排名明显回落；后段人气股在偏弱环境里更谨慎；v4乖离率过大；v4远离短中期均线；涨停封板不可买,v4
2026-05-19,2026-05-12,次日已审,快策略候选,优先走弱,priority_failed,下个交易日主盯 未兑现，复盘风险项：v4远离短中期均线,49,002617,露笑科技,普通观察,下个交易日主盯,86.43,2026-05-19,0,common_index_cache,12,-7.51,-2.12,0.63,2.12,0.63,-3.17,5.71,-1.08,8.0,11.53,post_close,2026-05-19 15:00:00,人气Top50；当日上涨；收盘承接较强；温和放量；近5日趋势升温；站上20日线且不过热；连续上榜确认；人气排名明显上升；震荡市里保持相对强势；震荡市里承接未失控；v4多头排列技术加分,v4远离短中期均线,v4
2026-05-19,2026-05-12,次日已审,快策略候选,优先走弱,priority_failed,下个交易日主盯 未兑现，复盘风险项：人气排名明显回落；后段人气股在偏弱环境里更谨慎；v4短线偏离MA5过多,76,600415,小商品城,不推送,下个交易日主盯,84.73,2026-05-19,0,common_index_cache,12,-15.47,-1.2,-0.35,0.98,-0.35,-6.12,-6.89,-4.98,-5.77,0.98,post_close,2026-05-19 15:00:00,当日上涨；收盘承接较强；温和放量；近5日趋势升温；站上20日线且不过热；震荡市里保持相对强势；震荡市里承接未失控；v4多头排列技术加分；v4放量突破但不过热；v4沿短均线抬升,人气排名明显回落；后段人气股在偏弱环境里更谨慎；v4短线偏离MA5过多,v4
2026-05-19,2026-05-12,次日已审,快策略候选,优先走弱,priority_failed,下个交易日主盯 未兑现，复盘风险项：短线涨幅过热；远离20日线过多；v4乖离率过大；v4远离短中期均线；涨停封板不可买,32,300632,光莆股份,观察池,下个交易日主盯,78.53,2026-05-19,0,common_index_cache,12,-31.98,-2.46,-6.98,-2.34,-6.98,-13.16,-22.68,-10.97,-20.73,-1.16,post_close,2026-05-19 15:00:00,人气Top50；当日涨停附近；收在日内高位；温和放量；震荡市里保持相对强势；震荡市里承接未失控；v4多头排列技术加分；v4龙虎榜提示关注,短线涨幅过热；远离20日线过多；v4乖离率过大；v4远离短中期均线；涨停封板不可买,v4
2026-05-19,2026-05-12,次日已审,快策略候选,优先走弱,priority_failed,下个交易日主盯 未兑现，复盘风险项：短线涨幅偏高；偏离20日线较大；v4乖离率过大；v4远离短中期均线；v4放量冲高过热；涨停封板不可买,38,300657,弘信电子,观察池,下个交易日主盯,77.98,2026-05-19,0,common_index_cache,12,-13.27,7.7,-0.92,12.42,-0.92,-3.51,-10.62,-10.41,-17.01,12.42,post_close,2026-05-19 15:00:00,人气Top50；当日涨停附近；收在日内高位；放量仍可控；近5日强势延续；连续上榜确认；人气排名明显上升；震荡市里保持相对强势；震荡市里承接未失控；v4多头排列技术加分；v4龙虎榜提示关注,短线涨幅偏高；偏离20日线较大；v4乖离率过大；v4远离短中期均线；v4放量冲高过热；涨停封板不可买,v4
2026-05-19,2026-05-12,次日已审,快策略候选,优先走弱,priority_failed,下个交易日主盯 未兑现，复盘风险项：v4乖离率过大；v4远离短中期均线,23,002031,巨轮智能,不推送,下个交易日主盯,75.63,2026-05-19,0,common_index_cache,12,-23.03,-3.34,-10.02,-3.22,-10.02,-11.69,-12.65,-8.64,-9.63,-3.22,post_close,2026-05-19 15:00:00,人气Top50；收盘承接较强；温和放量；近5日趋势升温；站上20日线且不过热；连续上榜确认；震荡市里保持相对强势；震荡市里承接未失控；v4多头排列技术加分,v4乖离率过大；v4远离短中期均线,v4
2026-05-19,2026-05-12,次日已审,快策略候选,暂未强势,neutral,继续等待更多交易日或降低权重。,10,603083,剑桥科技,观察池,下个交易日主盯,110.0,2026-05-19,0,common_index_cache,12,0.86,-2.73,-4.22,-1.69,-4.22,-6.14,1.24,-3.5,4.08,8.43,post_close,2026-05-19 15:00:00,人气Top10；当日涨停附近；收在日内高位；温和放量；近5日趋势升温；站上20日线且不过热；首次上榜即强势；震荡市里保持相对强势；震荡市里承接未失控；v4多头排列技术加分；v4沿短均线抬升；v4龙虎榜提示关注,v4乖离率过大；涨停封板不可买,v4
2026-05-19,2026-05-12,次日已审,快策略候选,暂未强势,neutral,继续等待更多交易日或降低权重。,43,600021,上海电力,观察池,下个交易日主盯,107.58,2026-05-19,0,common_index_cache,12,7.32,6.67,1.25,6.67,1.25,-4.61,10.51,-10.57,3.61,10.51,post_close,2026-05-19 15:00:00,人气Top50；当日涨停附近；收在日内高位；温和放量；站上20日线且不过热；震荡市里保持相对强势；震荡市里承接未失控,v4短线偏离MA5过多；涨停封板不可买,v4
2026-05-19,2026-05-12,次日已审,快策略候选,暂未强势,neutral,继续等待更多交易日或降低权重。,30,002364,中恒电气,不推送,下个交易日主盯,93.03,2026-05-19,0,common_index_cache,12,1.55,0.08,-2.53,1.87,-2.53,-1.48,1.57,-1.55,1.49,8.38,post_close,2026-05-19 15:00:00,人气Top50；当日强涨；收盘承接较强；温和放量；近5日趋势升温；站上20日线且不过热；人气排名明显上升；震荡市里保持相对强势；震荡市里承接未失控；v4多头排列技术加分,v4乖离率过大；v4远离短中期均线,v4
2026-05-19,2026-05-12,次日已审,快策略候选,暂未强势,neutral,继续等待更多交易日或降低权重。,19,688256,寒武纪,普通观察,下个交易日主盯,90.48,2026-05-19,0,common_index_cache,12,3.01,-1.46,3.28,5.82,3.28,-2.52,6.96,-1.08,8.54,9.76,post_close,2026-05-19 15:00:00,人气Top20；当日强涨；收在日内高位；温和放量；站上20日线且不过热；人气排名明显上升；震荡市里保持相对强势；震荡市里承接未失控；v4多头排列技术加分；v4沿短均线抬升,v4短线偏离MA5过多,v4
2026-05-19,2026-05-12,次日已审,快策略候选,暂未强势,neutral,继续等待更多交易日或降低权重。,44,600703,三安光电,普通观察,下个交易日主盯,90.03,2026-05-19,0,common_index_cache,12,1.25,-1.48,-0.59,1.36,-0.59,-3.86,-5.93,-2.41,-4.52,3.68,post_close,2026-05-19 15:00:00,人气Top50；当日上涨；收在日内高位；温和放量；站上20日线且不过热；持续霸榜；人气排名明显上升；震荡市里保持相对强势；震荡市里承接未失控；v4多头排列技术加分；v4缩量回踩MA5,热度可能进入后段,v4
2026-05-19,2026-05-12,次日已审,快策略候选,暂未强势,neutral,继续等待更多交易日或降低权重。,75,603078,江化微,不推送,下个交易日主盯,87.34,2026-05-19,0,common_index_cache,12,7.7,-2.14,0.46,1.05,0.46,-2.37,-5.53,-0.23,-3.47,9.75,post_close,2026-05-19 15:00:00,当日强涨；收在日内高位；温和放量；近5日趋势升温；震荡市里保持相对强势；震荡市里承接未失控；v4多头排列技术加分；v4龙虎榜活跃,偏离20日线较大；后段人气股在偏弱环境里更谨慎；v4乖离率过大；v4远离短中期均线,v4
2026-05-19,2026-05-12,次日已审,快策略候选,暂未强势,neutral,继续等待更多交易日或降低权重。,21,002384,东山精密,不推送,下个交易日主盯,83.28,2026-05-19,0,common_index_cache,12,7.08,-0.89,0.41,1.57,0.41,-0.69,-0.4,0.2,0.5,2.79,post_close,2026-05-19 15:00:00,人气Top50；当日上涨；收在日内高位；温和放量；站上20日线且不过热；持续霸榜；人气排名明显上升；震荡市里保持相对强势；震荡市里承接未失控；v4多头排列技术加分,热度可能进入后段；v4短线偏离MA5过多,v4
2026-05-19,,次日已审,低层级强势反哺,普通/不推送走强,low_level_winner,不推送 后来走强，原因反哺：v4筹码集中加分、v4龙虎榜活跃、人气Top50,47,603773,沃格光电,不推送,未入快策略,,2026-05-19,0,common_index_cache,12,73.05,-3.87,9.94,10.0,9.94,13.11,29.42,17.66,34.64,29.42,post_close,2026-05-19 15:00:00,人气Top50；当日上涨；放量仍可控；站上20日线且不过热；连续上榜确认；人气排名明显上升；震荡市里保持相对强势；v4筹码集中加分；v4龙虎榜活跃,近5日趋势未确认；v4趋势未转强且热度偏后；v4获利盘结构偏弱；v4主力资金净流出；v4拉升但资金未跟随；v4事件谨慎扣分（异常波动）,v4
2026-05-19,,次日已审,低层级强势反哺,普通/不推送走强,low_level_winner,不推送 后来走强，原因反哺：v4主力资金强净流入、v4筹码集中加分、v4龙虎榜活跃,11,600396,华电辽能,不推送,未入快策略,,2026-05-19,0,common_index_cache,12,36.04,-3.72,-9.97,-3.72,-9.97,-9.85,4.52,-6.37,8.55,8.98,post_close,2026-05-19 15:00:00,人气Top20；温和放量；近5日趋势升温；持续霸榜；震荡市里保持相对强势；v4筹码集中加分；v4主力资金强净流入；v4龙虎榜活跃,偏离20日线较大；热度可能进入后段；v4远离短中期均线；v4获利盘结构偏弱,v4
2026-05-19,,次日已审,低层级强势反哺,普通/不推送走强,low_level_winner,不推送 后来走强，原因反哺：v4筹码集中加分、温和放量,80,300502,新易盛,不推送,未入快策略,,2026-05-19,0,common_index_cache,12,35.54,0.5,2.7,4.96,2.7,5.99,22.27,5.45,21.66,22.9,post_close,2026-05-19 15:00:00,温和放量；v4筹码集中加分,当日转弱；收盘承接偏弱；近5日趋势未确认；震荡市里相对走弱；后段人气股在偏弱环境里更谨慎；市场健康度不足，收缩推送；v4跌破短均线；v4获利盘结构偏弱；v4主力资金强净流出,v4
2026-05-19,,次日已审,低层级强势反哺,普通/不推送走强,low_level_winner,不推送 后来走强，原因反哺：v4筹码集中加分、持续霸榜、温和放量,81,300394,天孚通信,不推送,未入快策略,,2026-05-19,0,common_index_cache,12,32.36,-0.75,-1.1,1.65,-1.1,2.62,12.06,3.39,12.9,12.95,post_close,2026-05-19 15:00:00,温和放量；近5日趋势升温；站上20日线且不过热；持续霸榜；震荡市里保持相对强势；v4筹码集中加分,当日转弱；热度可能进入后段；后段人气股在偏弱环境里更谨慎；v4趋势未转强且热度偏后；v4获利盘结构偏弱；v4主力资金强净流出,v4
2026-05-19,,次日已审,低层级强势反哺,普通/不推送走强,low_level_winner,不推送 后来走强，原因反哺：v4筹码集中加分、人气Top50、人气排名明显上升,45,300308,中际旭创,不推送,未入快策略,,2026-05-19,0,common_index_cache,12,24.27,-1.06,0.68,3.98,0.68,0.77,7.09,1.85,8.23,7.77,post_close,2026-05-19 15:00:00,人气Top50；收盘承接较强；温和放量；站上20日线且不过热；持续霸榜；人气排名明显上升；震荡市里保持相对强势；v4筹码集中加分,当日转弱；热度可能进入后段；v4趋势未转强且热度偏后；v4获利盘结构偏弱；v4主力资金强净流出,v4
2026-05-19,,次日已审,低层级强势反哺,普通/不推送走强,low_level_winner,不推送 后来走强，原因反哺：v4筹码集中加分、v4龙虎榜活跃、人气Top20,16,600745,*ST闻泰,不推送,未入快策略,,2026-05-19,0,common_index_cache,12,22.15,-4.99,-4.99,-4.99,-4.99,-3.8,6.06,1.25,11.62,6.06,post_close,2026-05-19 15:00:00,人气Top20；收在日内高位；持续霸榜；v4筹码集中加分；v4龙虎榜活跃,当日转弱；量能不足；近5日趋势未确认；仍在20日线下方；热度可能进入后段；震荡市里相对走弱；市场健康度不足，收缩推送；v4跌破短均线；v4获利盘结构偏弱；v4主力资金强净流出,v4
2026-05-19,,次日已审,低层级强势反哺,普通/不推送走强,low_level_winner,不推送 后来走强，原因反哺：v4筹码集中加分、v4龙虎榜活跃、收在日内高位,90,301139,*ST元道,不推送,未入快策略,,2026-05-19,0,common_index_cache,12,21.9,-13.22,20.04,20.04,20.04,25.62,7.02,44.76,23.33,42.98,post_close,2026-05-19 15:00:00,收在日内高位；v4筹码集中加分；v4龙虎榜活跃,当日转弱；放量过猛；近5日趋势未确认；仍在20日线下方；震荡市里相对走弱；后段人气股在偏弱环境里更谨慎；市场健康度不足，收缩推送；v4跌破短均线；v4获利盘结构偏弱；v4主力资金强净流出；v4事件谨慎扣分（异常波动）,v4
2026-05-19,,次日已审,低层级强势反哺,普通/不推送走强,low_level_winner,不推送 后来走强，原因反哺：v4筹码集中加分、持续霸榜、收在日内高位,60,002156,通富微电,不推送,未入快策略,,2026-05-19,0,common_index_cache,12,20.96,-0.48,5.82,8.47,5.82,7.79,28.12,8.31,28.74,30.45,post_close,2026-05-19 15:00:00,收在日内高位；温和放量；站上20日线且不过热；持续霸榜；震荡市里承接未失控；v4筹码集中加分,近5日趋势未确认；热度可能进入后段；后段人气股在偏弱环境里更谨慎；市场健康度不足，收缩推送；v4趋势未转强且热度偏后；v4获利盘结构偏弱；v4主力资金强净流出,v4
2026-05-19,,次日已审,低层级强势反哺,普通/不推送走强,low_level_winner,不推送 后来走强，原因反哺：v4多头排列技术加分、v4沿短均线抬升、v4筹码集中加分,34,603629,利通电子,不推送,未入快策略,,2026-05-19,0,common_index_cache,12,14.99,-0.75,4.09,4.13,4.09,12.25,21.59,13.1,22.52,24.43,post_close,2026-05-19 15:00:00,人气Top50；收盘承接较强；近5日趋势升温；站上20日线且不过热；持续霸榜；震荡市里保持相对强势；v4多头排列技术加分；v4缩量回踩MA5；v4沿短均线抬升；v4筹码集中加分,当日转弱；热度可能进入后段；v4获利盘结构偏弱；v4主力资金净流出,v4
2026-05-19,,次日已审,低层级强势反哺,普通/不推送走强,low_level_winner,不推送 后来走强，原因反哺：v4多头排列技术加分、v4筹码集中加分、v4龙虎榜活跃,2,600578,京能电力,不推送,未入快策略,,2026-05-19,0,common_index_cache,12,13.18,-3.02,-10.04,-2.18,-10.04,-0.6,10.88,2.49,14.34,19.59,post_close,2026-05-19 15:00:00,人气Top3；当日强涨；收盘承接较强；放量仍可控；连续上榜确认；人气排名明显上升；震荡市里保持相对强势；震荡市里承接未失控；v4多头排列技术加分；v4筹码集中加分；v4龙虎榜活跃,短线涨幅过热；远离20日线过多；Top3高热度拥挤，次日兑现风险；v4乖离率过大；v4远离短中期均线；v4放量冲高过热；v4获利盘结构偏弱；v4主力资金强净流出；v4事件谨慎扣分（风险提示/异常波动）,v4
2026-05-19,,次日已审,低层级强势反哺,普通/不推送走强,low_level_winner,不推送 后来走强，原因反哺：v4多头排列技术加分、v4筹码集中加分、人气Top20,20,000021,深科技,不推送,未入快策略,,2026-05-19,0,common_index_cache,12,5.34,1.88,0.48,6.16,0.48,0.16,13.49,-1.69,11.39,19.8,post_close,2026-05-19 15:00:00,人气Top20；放量仍可控；近5日趋势升温；站上20日线且不过热；连续上榜确认；震荡市里保持相对强势；v4多头排列技术加分；v4筹码集中加分,v4乖离率过大；v4远离短中期均线；v4获利盘结构偏弱；v4主力资金净流出；v4拉升但资金未跟随,v4
2026-05-19,,次日已审,低层级强势反哺,普通/不推送走强,low_level_winner,不推送 后来走强，原因反哺：v4筹码集中加分、收盘承接较强、站上20日线且不过热,51,688008,澜起科技,不推送,未入快策略,,2026-05-19,0,common_index_cache,12,5.08,0.0,4.12,6.02,4.12,10.0,10.19,10.0,10.19,16.28,post_close,2026-05-19 15:00:00,收盘承接较强；站上20日线且不过热；震荡市里保持相对强势；v4筹码集中加分,当日转弱；后段人气股在偏弱环境里更谨慎；v4获利盘结构偏弱；v4主力资金强净流出,v4
2026-05-19,,次日已审,低层级强势反哺,普通/不推送走强,low_level_winner,不推送 后来走强，原因反哺：v4主力资金强净流入、v4多头排列技术加分、v4筹码集中加分,92,300274,阳光电源,不推送,未入快策略,,2026-05-19,0,common_index_cache,12,4.43,0.61,6.24,8.58,6.24,4.53,13.73,3.9,13.04,15.5,post_close,2026-05-19 15:00:00,当日上涨；温和放量；近5日趋势升温；站上20日线且不过热；连续上榜确认；震荡市里保持相对强势；v4多头排列技术加分；v4筹码集中加分；v4主力资金强净流入,上影线偏长；后段人气股在偏弱环境里更谨慎；v4乖离率过大；v4远离短中期均线；v4长上影承接转弱；v4正涨但收盘承接一般；v4获利盘结构偏弱,v4
2026-05-19,,次日已审,低层级强势反哺,普通/不推送走强,low_level_winner,不推送 后来走强，原因反哺：v4筹码集中加分、人气Top50、温和放量,39,002407,多氟多,不推送,未入快策略,,2026-05-19,0,common_index_cache,12,-11.44,-1.32,10.0,10.0,10.0,15.44,-1.92,16.99,-0.6,18.65,post_close,2026-05-19 15:00:00,人气Top50；温和放量；近5日趋势升温；站上20日线且不过热；连续上榜确认；震荡市里保持相对强势；v4筹码集中加分,当日转弱；人气排名明显回落；v4短线偏离MA5过多；v4长上影承接转弱；v4趋势未转强且热度偏后；v4获利盘结构偏弱；v4主力资金净流出,v4
2026-05-19,,次日已审,低层级强势反哺,普通/不推送走强,low_level_winner,不推送 后来走强，原因反哺：v4筹码集中加分、持续霸榜、温和放量,63,002297,博云新材,不推送,未入快策略,,2026-05-19,0,common_index_cache,12,-13.42,-0.42,-1.83,-0.17,-1.83,10.75,9.67,11.21,10.13,21.83,post_close,2026-05-19 15:00:00,温和放量；站上20日线且不过热；持续霸榜；v4筹码集中加分,当日转弱；收盘承接偏弱；近5日趋势未确认；热度可能进入后段；人气排名明显回落；震荡市里相对走弱；后段人气股在偏弱环境里更谨慎；市场健康度不足，收缩推送；v4跌破短均线；v4趋势未转强且热度偏后；v4获利盘结构偏弱；v4主力资金强净流出,v4
2026-05-19,,次日已审,低层级强势反哺,普通/不推送走强,low_level_winner,不推送 后来走强，原因反哺：v4多头排列技术加分、v4筹码集中加分、v4龙虎榜提示关注,36,603601,再升科技,不推送,未入快策略,,2026-05-19,0,common_index_cache,12,-13.45,-0.44,-2.17,-0.11,-2.17,7.23,11.62,7.71,12.12,15.45,post_close,2026-05-19 15:00:00,人气Top50；温和放量；近5日趋势升温；站上20日线且不过热；连续上榜确认；震荡市里保持相对强势；v4多头排列技术加分；v4筹码集中加分；v4龙虎榜提示关注,当日转弱；收盘承接偏弱；v4长上影承接转弱；v4获利盘结构偏弱；v4主力资金强净流出,v4
2026-05-19,,次日已审,低层级强势反哺,普通/不推送走强,low_level_winner,普通观察 后来走强，原因反哺：v4主力资金强净流入、v4多头排列技术加分、v4筹码集中加分,14,600584,长电科技,普通观察,已入快策略,,2026-05-19,0,common_index_cache,12,31.69,-1.69,8.9,10.0,8.9,19.85,45.03,21.91,47.52,45.03,post_close,2026-05-19 15:00:00,人气Top20；当日上涨；收在日内高位；温和放量；近5日趋势升温；站上20日线且不过热；持续霸榜；震荡市里保持相对强势；震荡市里承接未失控；v4多头排列技术加分；v4筹码集中加分；v4主力资金强净流入,热度可能进入后段；v4乖离率过大；v4远离短中期均线；v4获利盘结构偏弱,v4
2026-05-19,,次日已审,低层级强势反哺,普通/不推送走强,low_level_winner,不推送 后来走强，原因反哺：v4多头排列技术加分、v4筹码集中加分、人气Top50,40,603986,兆易创新,不推送,已入快策略,,2026-05-19,0,common_index_cache,12,31.08,0.85,10.02,10.02,10.02,15.89,30.31,14.91,29.21,33.24,post_close,2026-05-19 15:00:00,人气Top50；收盘承接较强；温和放量；近5日趋势升温；站上20日线且不过热；连续上榜确认；震荡市里保持相对强势；震荡市里承接未失控；v4多头排列技术加分；v4筹码集中加分,人气排名明显回落；v4乖离率过大；v4远离短中期均线；v4获利盘结构偏弱；v4主力资金净流出,v4
2026-05-19,,次日已审,低层级强势反哺,普通/不推送走强,low_level_winner,普通观察 后来走强，原因反哺：v4主力资金强净流入、v4筹码集中加分、人气Top10,6,600487,亨通光电,普通观察,已入快策略,,2026-05-19,0,common_index_cache,12,29.68,-1.02,0.41,3.52,0.41,-3.21,-8.03,-2.21,-7.08,3.52,post_close,2026-05-19 15:00:00,人气Top10；当日上涨；收在日内高位；温和放量；站上20日线且不过热；持续霸榜；人气排名明显上升；震荡市里保持相对强势；震荡市里承接未失控；v4筹码集中加分；v4主力资金强净流入,热度可能进入后段；v4获利盘结构偏弱,v4
2026-05-19,,次日已审,低层级强势反哺,普通/不推送走强,low_level_winner,不推送 后来走强，原因反哺：v4主力资金强净流入、v4多头排列技术加分、v4筹码集中加分,59,688012,中微公司,不推送,已入快策略,,2026-05-19,0,common_index_cache,11,-11.09,47.71,52.48,54.86,52.48,-2.07,-3.34,-33.7,-34.56,65.85,post_close,2026-05-19 15:00:00,当日强涨；收在日内高位；温和放量；近5日趋势升温；站上20日线且不过热；震荡市里保持相对强势；震荡市里承接未失控；v4多头排列技术加分；v4筹码集中加分；v4主力资金强净流入,人气排名明显回落；后段人气股在偏弱环境里更谨慎；v4乖离率过大；v4远离短中期均线；v4获利盘结构偏弱,v4
2026-05-14,2026-05-07,次日已审,快策略候选,优先成功,priority_success,下个交易日主盯 后续最高表现达到 15.47%，保留这类命中特征。,39,300776,帝尔激光,观察池,下个交易日主盯,79.94,2026-05-14,0,common_index_cache,15,14.98,0.0,2.91,9.87,2.91,1.21,3.08,1.21,3.08,15.47,post_close,2026-05-14 15:00:00,人气Top50；当日涨停附近；温和放量；近5日强势延续；v4多头排列技术加分；v4筹码集中加分,短线涨幅偏高；偏离20日线较大；弱市先收缩执行；v4乖离率过大；v4远离短中期均线；v4获利盘结构偏弱；涨停封板不可买,v4
2026-05-14,2026-05-07,次日已审,快策略候选,优先成功,priority_success,下个交易日主盯 后续最高表现达到 18.74%，保留这类命中特征。,21,300308,中际旭创,不推送,下个交易日主盯,59.6,2026-05-14,0,common_index_cache,15,18.74,-0.84,-2.61,2.03,-2.61,-4.45,-7.85,-3.65,-7.08,2.03,post_close,2026-05-14 15:00:00,人气Top50；收盘承接较强；温和放量；近5日趋势升温；站上20日线且不过热；持续霸榜；弱市中个股相对抗跌；v4多头排列技术加分,热度可能进入后段；弱市里的长连榜样本优先降权；v4乖离率过大；v4远离短中期均线,v4
2026-05-14,2026-05-07,次日已审,快策略候选,优先走弱,priority_failed,下个交易日主盯 未兑现，复盘风险项：偏离20日线较大；v4乖离率过大；v4远离短中期均线；涨停封板不可买,32,001267,汇绿生态,观察池,下个交易日主盯,104.79,2026-05-14,0,common_index_cache,15,-18.06,-1.03,-10.0,-1.03,-10.0,-8.42,-17.67,-7.46,-16.81,-0.99,post_close,2026-05-14 15:00:00,人气Top50；当日涨停附近；收在日内高位；温和放量；近5日趋势升温；弱市中个股相对抗跌；v4多头排列技术加分；v4龙虎榜提示关注,偏离20日线较大；v4乖离率过大；v4远离短中期均线；涨停封板不可买,v4
2026-05-14,2026-05-07,次日已审,快策略候选,优先走弱,priority_failed,下个交易日主盯 未兑现，复盘风险项：v4乖离率过大；v4远离短中期均线；涨停封板不可买,47,002506,协鑫集成,观察池,下个交易日主盯,93.19,2026-05-14,0,common_index_cache,15,-28.78,0.0,-4.69,0.0,-4.69,-12.24,-23.27,-12.24,-23.27,0.0,post_close,2026-05-14 15:00:00,人气Top50；当日涨停附近；收在日内高位；放量仍可控；近5日趋势升温；站上20日线且不过热；弱市中个股相对抗跌；v4龙虎榜提示关注,v4乖离率过大；v4远离短中期均线；涨停封板不可买,v4
2026-05-14,2026-05-07,次日已审,快策略候选,优先走弱,priority_failed,下个交易日主盯 未兑现，复盘风险项：v4乖离率过大；v4远离短中期均线；v4放量冲高过热；涨停封板不可买,4,002617,露笑科技,观察池,下个交易日主盯,83.29,2026-05-14,0,common_index_cache,15,-9.9,4.95,-3.51,5.57,-3.51,-2.58,-8.35,-7.17,-12.67,5.57,post_close,2026-05-14 15:00:00,人气Top10；当日涨停附近；收在日内高位；近5日趋势升温；站上20日线且不过热；首次上榜即强势；弱市中个股相对抗跌；v4多头排列技术加分；v4龙虎榜提示关注,v4乖离率过大；v4远离短中期均线；v4放量冲高过热；涨停封板不可买,v4
2026-05-14,2026-05-07,次日已审,快策略候选,优先走弱,priority_failed,下个交易日主盯 未兑现，复盘风险项：短线涨幅偏高；偏离20日线较大；后段人气股在偏弱环境里更谨慎；v4乖离率过大；v4远离短中期均线；涨停封板不可买,75,003031,中瓷电子,观察池,下个交易日主盯,75.3,2026-05-14,0,common_index_cache,15,-11.59,-0.66,-3.31,1.75,-3.31,3.81,-7.61,4.5,-7.0,5.95,post_close,2026-05-14 15:00:00,当日涨停附近；收在日内高位；温和放量；近5日强势延续；弱市中个股相对抗跌；v4多头排列技术加分；v4龙虎榜提示关注,短线涨幅偏高；偏离20日线较大；后段人气股在偏弱环境里更谨慎；v4乖离率过大；v4远离短中期均线；涨停封板不可买,v4
2026-05-14,2026-05-07,次日已审,快策略候选,优先走弱,priority_failed,下个交易日主盯 未兑现，复盘风险项：偏离20日线较大；热度可能进入后段；弱市里的长连榜样本优先降权；v4短线偏离MA5过多；v4远离短中期均线,5,002081,金螳螂,不推送,下个交易日主盯,63.45,2026-05-14,0,common_index_cache,15,-22.07,-3.03,-1.01,8.45,-1.01,-12.99,-27.99,-10.27,-25.75,8.45,post_close,2026-05-14 15:00:00,人气Top10；收盘承接较强；温和放量；近5日趋势升温；持续霸榜；弱市中个股相对抗跌；v4多头排列技术加分,偏离20日线较大；热度可能进入后段；弱市里的长连榜样本优先降权；v4短线偏离MA5过多；v4远离短中期均线,v4
2026-05-14,2026-05-07,次日已审,快策略候选,暂未强势,neutral,继续等待更多交易日或降低权重。,34,000995,皇台酒业,不推送,备选观察,47.79,2026-05-14,0,common_index_cache,15,-18.77,-1.08,-1.82,4.66,-1.82,-3.98,-2.84,-2.94,-1.77,4.66,post_close,2026-05-14 15:00:00,人气Top50；当日强涨；近5日趋势升温；站上20日线且不过热；v4多头排列技术加分；v4沿短均线抬升,放量过猛；弱市先收缩执行；v4短线偏离MA5过多；v4放量冲高过热,v4
2026-05-14,2026-05-07,次日已审,快策略候选,暂未强势,neutral,继续等待更多交易日或降低权重。,7,600415,小商品城,不推送,备选观察,47.64,2026-05-14,0,common_index_cache,15,-11.16,-1.63,1.63,3.33,1.63,5.1,0.07,6.84,1.73,6.13,post_close,2026-05-14 15:00:00,人气Top10；当日上涨；放量仍可控；站上20日线且不过热,弱市先收缩执行,v4
2026-05-14,2026-05-07,次日已审,快策略候选,暂未强势,neutral,继续等待更多交易日或降低权重。,81,600481,双良节能,观察池,备选观察,47.35,2026-05-14,0,common_index_cache,15,-28.59,-1.01,-2.87,0.57,-2.87,3.59,12.07,4.64,13.21,12.93,post_close,2026-05-14 15:00:00,当日涨停附近；收在日内高位；近5日趋势升温；站上20日线且不过热；弱市中个股相对抗跌,放量过猛；后段人气股在偏弱环境里更谨慎；v4乖离率过大；v4远离短中期均线；v4放量冲高过热；涨停封板不可买,v4
2026-05-14,2026-05-07,次日已审,快策略候选,暂未强势,neutral,继续等待更多交易日或降低权重。,88,600206,有研新材,不推送,只看不追,45.1,2026-05-14,0,common_index_cache,15,-8.8,-0.96,-5.3,1.89,-5.3,-5.2,-10.44,-4.28,-9.57,1.89,post_close,2026-05-14 15:00:00,当日上涨；温和放量；近5日趋势升温；站上20日线且不过热；v4多头排列技术加分；v4沿短均线抬升,弱市先收缩执行；后段人气股在偏弱环境里更谨慎；v4远离短中期均线；v4长上影承接转弱,v4
2026-05-14,,次日已审,低层级强势反哺,普通/不推送走强,low_level_winner,不推送 后来走强，原因反哺：v4筹码集中加分、人气Top50、温和放量,24,600584,长电科技,不推送,未入快策略,,2026-05-14,0,common_index_cache,15,47.45,1.58,6.89,9.98,6.89,11.97,23.07,10.22,21.15,31.25,post_close,2026-05-14 15:00:00,人气Top50；温和放量；近5日趋势升温；站上20日线且不过热；连续上榜确认；v4筹码集中加分,当日转弱；收盘承接偏弱；弱市先收缩执行；v4趋势未转强且热度偏后；v4获利盘结构偏弱；v4主力资金强净流出,v4
2026-05-14,,次日已审,低层级强势反哺,普通/不推送走强,low_level_winner,不推送 后来走强，原因反哺：v4多头排列技术加分、v4沿短均线抬升、v4筹码集中加分,58,300433,蓝思科技,不推送,未入快策略,,2026-05-14,0,common_index_cache,15,35.07,5.23,5.88,8.33,5.88,17.49,13.0,11.65,7.38,25.35,post_close,2026-05-14 15:00:00,温和放量；近5日趋势升温；站上20日线且不过热；连续上榜确认；人气排名明显上升；v4多头排列技术加分；v4沿短均线抬升；v4筹码集中加分,当日转弱；收盘承接偏弱；弱市先收缩执行；后段人气股在偏弱环境里更谨慎；v4短线偏离MA5过多；v4远离短中期均线；v4长上影承接转弱；v4获利盘结构偏弱；v4主力资金强净流出,v4
2026-05-14,,次日已审,低层级强势反哺,普通/不推送走强,low_level_winner,不推送 后来走强，原因反哺：v4筹码集中加分、人气Top50、持续霸榜,42,600487,亨通光电,不推送,未入快策略,,2026-05-14,0,common_index_cache,15,32.26,-0.03,-5.68,0.69,-5.68,1.99,-5.54,2.01,-5.52,5.58,post_close,2026-05-14 15:00:00,人气Top50；站上20日线且不过热；持续霸榜；v4筹码集中加分,当日转弱；收盘承接偏弱；近5日趋势未确认；热度可能进入后段；弱市先收缩执行；弱市里的长连榜样本优先降权；市场健康度不足，收缩推送；市场健康度偏弱；v4趋势未转强且热度偏后；v4获利盘结构偏弱；v4主力资金强净流出,v4
2026-05-14,,次日已审,低层级强势反哺,普通/不推送走强,low_level_winner,不推送 后来走强，原因反哺：v4多头排列技术加分、v4筹码集中加分、人气Top10,8,600396,华电辽能,不推送,未入快策略,,2026-05-14,0,common_index_cache,15,32.03,-5.05,4.75,8.17,4.75,-2.94,-14.48,2.22,-9.94,8.17,post_close,2026-05-14 15:00:00,人气Top10；温和放量；近5日强势延续；持续霸榜；v4多头排列技术加分；v4筹码集中加分,收盘承接偏弱；短线涨幅偏高；远离20日线过多；热度可能进入后段；弱市先收缩执行；弱市里的长连榜样本优先降权；v4乖离率过大；v4远离短中期均线；v4正涨但收盘承接一般；v4获利盘结构偏弱；v4主力资金强净流出；v4拉升但资金未跟随；v4事件谨慎扣分（风险提示）,v4
2026-05-14,,次日已审,低层级强势反哺,普通/不推送走强,low_level_winner,不推送 后来走强，原因反哺：v4筹码集中加分、人气Top50、人气排名明显上升,41,001896,豫能控股,不推送,未入快策略,,2026-05-14,0,common_index_cache,15,31.33,-4.82,-9.69,-3.09,-9.69,-3.75,-2.68,1.12,2.25,-1.07,post_close,2026-05-14 15:00:00,人气Top50；温和放量；站上20日线且不过热；持续霸榜；人气排名明显上升；v4筹码集中加分,当日转弱；收盘承接偏弱；热度可能进入后段；弱市先收缩执行；弱市里的长连榜样本优先降权；市场健康度不足，收缩推送；市场健康度偏弱；v4长上影承接转弱；v4趋势未转强且热度偏后；v4获利盘结构偏弱；v4主力资金净流出,v4
2026-05-14,,次日已审,低层级强势反哺,普通/不推送走强,low_level_winner,不推送 后来走强，原因反哺：v4多头排列技术加分、v4沿短均线抬升、v4筹码集中加分,72,600726,华电能源,不推送,未入快策略,,2026-05-14,0,common_index_cache,15,29.88,-5.25,-4.75,5.0,-4.75,-12.5,-22.62,-7.65,-18.34,5.0,post_close,2026-05-14 15:00:00,温和放量；近5日趋势升温；持续霸榜；v4多头排列技术加分；v4沿短均线抬升；v4筹码集中加分,当日转弱；收盘承接偏弱；偏离20日线较大；热度可能进入后段；弱市先收缩执行；后段人气股在偏弱环境里更谨慎；弱市里的长连榜样本优先降权；v4远离短中期均线；v4获利盘结构偏弱；v4主力资金强净流出,v4
2026-05-14,,次日已审,低层级强势反哺,普通/不推送走强,low_level_winner,不推送 后来走强，原因反哺：v4多头排列技术加分、v4筹码集中加分、持续霸榜,80,300502,新易盛,不推送,未入快策略,,2026-05-14,0,common_index_cache,15,25.58,-0.15,-1.27,1.91,-1.27,-7.35,-8.4,-7.21,-8.27,1.91,post_close,2026-05-14 15:00:00,温和放量；近5日趋势升温；站上20日线且不过热；持续霸榜；v4多头排列技术加分；v4筹码集中加分,当日转弱；收盘承接偏弱；热度可能进入后段；人气排名明显回落；弱市先收缩执行；后段人气股在偏弱环境里更谨慎；弱市里的长连榜样本优先降权；v4短线偏离MA5过多；v4远离短中期均线；v4获利盘结构偏弱；v4主力资金强净流出,v4
2026-05-14,,次日已审,低层级强势反哺,普通/不推送走强,low_level_winner,不推送 后来走强，原因反哺：v4筹码集中加分、持续霸榜、站上20日线且不过热,66,002156,通富微电,不推送,未入快策略,,2026-05-14,0,common_index_cache,15,24.04,1.05,-0.66,4.75,-0.66,2.55,7.61,1.48,6.49,16.54,post_close,2026-05-14 15:00:00,站上20日线且不过热；持续霸榜；v4筹码集中加分,当日转弱；收盘承接偏弱；近5日趋势未确认；热度可能进入后段；弱市先收缩执行；后段人气股在偏弱环境里更谨慎；弱市里的长连榜样本优先降权；市场健康度不足，收缩推送；市场健康度偏弱；v4趋势未转强且热度偏后；v4获利盘结构偏弱；v4主力资金强净流出,v4
2026-05-14,,次日已审,低层级强势反哺,普通/不推送走强,low_level_winner,不推送 后来走强，原因反哺：v4主力资金净流入、v4筹码集中加分、当日上涨,62,300394,天孚通信,不推送,未入快策略,,2026-05-14,0,common_index_cache,15,22.56,2.3,2.04,5.63,2.04,-7.4,-13.98,-9.48,-15.91,5.63,post_close,2026-05-14 15:00:00,当日上涨；温和放量；近5日趋势升温；站上20日线且不过热；连续上榜确认；v4筹码集中加分；v4主力资金净流入,收盘承接偏弱；上影线偏长；弱市先收缩执行；后段人气股在偏弱环境里更谨慎；v4乖离率过大；v4远离短中期均线；v4长上影承接转弱；v4正涨但收盘承接一般；v4获利盘结构偏弱,v4
2026-05-14,,次日已审,低层级强势反哺,普通/不推送走强,low_level_winner,不推送 后来走强，原因反哺：v4多头排列技术加分、v4筹码集中加分、v4龙虎榜提示关注,19,600172,黄河旋风,不推送,未入快策略,,2026-05-14,0,common_index_cache,15,22.4,-2.03,-6.51,3.13,-6.51,-8.54,-15.55,-6.64,-13.81,3.13,post_close,2026-05-14 15:00:00,人气Top20；放量仍可控；近5日强势延续；连续上榜确认；v4多头排列技术加分；v4筹码集中加分；v4龙虎榜提示关注,当日转弱；收盘承接偏弱；短线涨幅偏高；偏离20日线较大；弱市先收缩执行；v4乖离率过大；v4远离短中期均线；v4长上影承接转弱；v4获利盘结构偏弱；v4主力资金强净流出,v4
2026-05-14,,次日已审,低层级强势反哺,普通/不推送走强,low_level_winner,不推送 后来走强，原因反哺：v4多头排列技术加分、v4筹码集中加分、人气Top3,1,601991,大唐发电,不推送,未入快策略,,2026-05-14,0,common_index_cache,15,22.36,-2.92,10.0,10.0,10.0,16.39,-2.08,19.89,0.86,20.0,post_close,2026-05-14 15:00:00,人气Top3；近5日强势延续；持续霸榜；v4多头排列技术加分；v4筹码集中加分,当日转弱；收盘承接偏弱；短线涨幅偏高；远离20日线过多；热度可能进入后段；弱市先收缩执行；弱市里的长连榜样本优先降权；Top3高热度拥挤，次日兑现风险；v4乖离率过大；v4远离短中期均线；v4获利盘结构偏弱；v4主力资金强净流出；v4事件谨慎扣分（风险提示）,v4
2026-05-14,,次日已审,低层级强势反哺,普通/不推送走强,low_level_winner,不推送 后来走强，原因反哺：v4多头排列技术加分、v4筹码集中加分、v4龙虎榜提示关注,85,000767,晋控电力,不推送,未入快策略,,2026-05-14,0,common_index_cache,15,22.13,0.0,4.26,8.09,4.26,8.3,-5.74,8.3,-5.74,12.77,post_close,2026-05-14 15:00:00,近5日趋势升温；站上20日线且不过热；连续上榜确认；v4多头排列技术加分；v4筹码集中加分；v4龙虎榜提示关注,当日转弱；收盘承接偏弱；弱市先收缩执行；后段人气股在偏弱环境里更谨慎；v4远离短中期均线；v4获利盘结构偏弱；v4主力资金强净流出；v4事件谨慎扣分（异常波动）,v4
2026-05-14,,次日已审,低层级强势反哺,普通/不推送走强,low_level_winner,不推送 后来走强，原因反哺：v4筹码集中加分、温和放量,79,300274,阳光电源,不推送,未入快策略,,2026-05-14,0,common_index_cache,15,21.71,0.72,13.27,15.52,13.27,16.55,22.48,15.72,21.6,28.12,post_close,2026-05-14 15:00:00,温和放量；v4筹码集中加分,当日转弱；收盘承接偏弱；近5日趋势未确认；弱市先收缩执行；后段人气股在偏弱环境里更谨慎；市场健康度不足，收缩推送；市场健康度偏弱；v4跌破短均线；v4获利盘结构偏弱；v4主力资金强净流出,v4
2026-05-14,,次日已审,低层级强势反哺,普通/不推送走强,low_level_winner,不推送 后来走强，原因反哺：v4多头排列技术加分、v4沿短均线抬升、v4筹码集中加分,33,603629,利通电子,不推送,未入快策略,,2026-05-14,0,common_index_cache,15,17.62,-0.32,-0.23,6.51,-0.23,2.29,5.4,2.61,5.74,6.51,post_close,2026-05-14 15:00:00,人气Top50；温和放量；近5日趋势升温；持续霸榜；v4多头排列技术加分；v4沿短均线抬升；v4筹码集中加分,当日转弱；收盘承接偏弱；偏离20日线较大；热度可能进入后段；弱市先收缩执行；弱市里的长连榜样本优先降权；v4远离短中期均线；v4长上影承接转弱；v4获利盘结构偏弱；v4主力资金净流出,v4
2026-05-14,,次日已审,低层级强势反哺,普通/不推送走强,low_level_winner,不推送 后来走强，原因反哺：v4多头排列技术加分、v4沿短均线抬升、v4筹码集中加分,99,000021,深科技,不推送,未入快策略,,2026-05-14,0,common_index_cache,15,15.55,1.02,-1.98,2.48,-1.98,9.7,5.91,8.59,4.84,16.45,post_close,2026-05-14 15:00:00,温和放量；近5日趋势升温；站上20日线且不过热；连续上榜确认；v4多头排列技术加分；v4沿短均线抬升；v4筹码集中加分,当日转弱；收盘承接偏弱；弱市先收缩执行；后段人气股在偏弱环境里更谨慎；v4短线偏离MA5过多；v4远离短中期均线；v4长上影承接转弱；v4获利盘结构偏弱；v4主力资金净流出,v4
2026-05-14,,次日已审,低层级强势反哺,普通/不推送走强,low_level_winner,不推送 后来走强，原因反哺：v4筹码集中加分、持续霸榜、温和放量,64,000988,华工科技,不推送,未入快策略,,2026-05-14,0,common_index_cache,15,15.25,0.51,-2.49,4.06,-2.49,15.28,12.05,14.7,11.48,24.37,post_close,2026-05-14 15:00:00,温和放量；站上20日线且不过热；持续霸榜；v4筹码集中加分,当日转弱；收盘承接偏弱；热度可能进入后段；弱市先收缩执行；后段人气股在偏弱环境里更谨慎；弱市里的长连榜样本优先降权；市场健康度不足，收缩推送；市场健康度偏弱；v4趋势未转强且热度偏后；v4获利盘结构偏弱；v4主力资金强净流出,v4
2026-05-14,,次日已审,低层级强势反哺,普通/不推送走强,low_level_winner,不推送 后来走强，原因反哺：v4多头排列技术加分、v4筹码集中加分、人气Top50,25,002281,光迅科技,不推送,未入快策略,,2026-05-14,0,common_index_cache,15,8.22,-1.86,-3.59,-0.0,-3.59,13.29,6.62,15.44,8.65,21.1,post_close,2026-05-14 15:00:00,人气Top50；温和放量；近5日趋势升温；持续霸榜；人气排名明显上升；v4多头排列技术加分；v4筹码集中加分,偏离20日线较大；热度可能进入后段；上影线偏长；弱市先收缩执行；弱市里的长连榜样本优先降权；v4短线偏离MA5过多；v4远离短中期均线；v4长上影承接转弱；v4正涨但收盘承接一般；v4获利盘结构偏弱；v4主力资金净流出；v4拉升但资金未跟随,v4
2026-05-14,,次日已审,低层级强势反哺,普通/不推送走强,low_level_winner,不推送 后来走强，原因反哺：v4筹码集中加分、人气Top50、温和放量,40,300136,信维通信,不推送,未入快策略,,2026-05-14,0,common_index_cache,15,-4.35,1.26,-2.83,2.21,-2.83,8.29,6.87,6.94,5.54,15.12,post_close,2026-05-14 15:00:00,人气Top50；温和放量；站上20日线且不过热；v4筹码集中加分,当日转弱；收盘承接偏弱；弱市先收缩执行；市场健康度不足，收缩推送；市场健康度偏弱；v4获利盘结构偏弱；v4主力资金强净流出,v4
2026-05-14,,次日已审,低层级强势反哺,普通/不推送走强,low_level_winner,不推送 后来走强，原因反哺：v4筹码集中加分、持续霸榜、温和放量,61,603601,再升科技,不推送,未入快策略,,2026-05-14,0,common_index_cache,15,-6.04,-0.72,1.81,5.01,1.81,8.57,9.41,9.36,10.21,20.64,post_close,2026-05-14 15:00:00,温和放量；站上20日线且不过热；持续霸榜；v4筹码集中加分,当日转弱；收盘承接偏弱；近5日趋势未确认；热度可能进入后段；人气排名明显回落；弱市先收缩执行；后段人气股在偏弱环境里更谨慎；弱市里的长连榜样本优先降权；市场健康度不足，收缩推送；市场健康度偏弱；v4跌破短均线；v4趋势未转强且热度偏后；v4获利盘结构偏弱；v4主力资金强净流出,v4
2026-05-14,,次日已审,低层级强势反哺,普通/不推送走强,low_level_winner,不推送 后来走强，原因反哺：v4主力资金强净流入、v4多头排列技术加分、v4筹码集中加分,20,002031,巨轮智能,不推送,未入快策略,,2026-05-14,0,common_index_cache,15,-15.58,-4.06,9.95,9.95,9.95,9.69,-4.97,14.32,-0.95,15.18,post_close,2026-05-14 15:00:00,人气Top20；当日上涨；放量仍可控；近5日趋势升温；站上20日线且不过热；v4多头排列技术加分；v4筹码集中加分；v4主力资金强净流入,上影线偏长；弱市先收缩执行；v4短线偏离MA5过多；v4远离短中期均线；v4长上影承接转弱；v4正涨但收盘承接一般；v4获利盘结构偏弱,v4
2026-05-14,,次日已审,低层级强势反哺,普通/不推送走强,low_level_winner,不推送 后来走强，原因反哺：v4多头排列技术加分、v4筹码集中加分、v4龙虎榜提示关注,69,002929,润建股份,不推送,未入快策略,,2026-05-14,0,common_index_cache,15,-22.65,1.43,7.01,10.0,7.01,12.52,-6.97,10.94,-8.28,15.18,post_close,2026-05-14 15:00:00,放量仍可控；近5日趋势升温；连续上榜确认；人气排名明显上升；v4多头排列技术加分；v4筹码集中加分；v4龙虎榜提示关注,当日转弱；收盘承接偏弱；偏离20日线较大；弱市先收缩执行；后段人气股在偏弱环境里更谨慎；v4乖离率过大；v4远离短中期均线；v4获利盘结构偏弱；v4主力资金强净流出,v4
2026-05-14,,次日已审,低层级强势反哺,普通/不推送走强,low_level_winner,不推送 后来走强，原因反哺：v4主力资金强净流入、v4多头排列技术加分、v4筹码集中加分,21,300308,中际旭创,不推送,已入快策略,,2026-05-14,0,common_index_cache,15,18.74,-0.84,-2.61,2.03,-2.61,-4.45,-7.85,-3.65,-7.08,2.03,post_close,2026-05-14 15:00:00,人气Top50；收盘承接较强；温和放量；近5日趋势升温；站上20日线且不过热；持续霸榜；弱市中个股相对抗跌；v4多头排列技术加分；v4筹码集中加分；v4主力资金强净流入,热度可能进入后段；弱市里的长连榜样本优先降权；v4乖离率过大；v4远离短中期均线；v4获利盘结构偏弱,v4
