signal_date,code,name,rank,push_level,emotion_score,observed_days,tail_next_open_pct,tail_next_close_pct,tail_next_max_gain_pct,latest_return_pct,best_return_available,return_3d_pct,return_5d_pct,open_buy_return_3d_pct,open_buy_return_5d_pct,return_10d_pct,max_gain_3d_pct,max_gain_5d_pct,max_gain_10d_pct,reasons,risks,strategy_version
2026-04-10,603773,沃格光电,37,不推送,59.0,45,-2.97,1.99,5.24,285.1,285.1,14.79,22.62,18.3,26.37,35.14,14.79,22.62,52.99,人气Top50；当日涨停附近；收在日内高位；近5日强势延续；站上20日线且不过热,短线涨幅偏高,v1
2026-04-17,603773,沃格光电,53,观察池,62.0,40,6.99,10.0,10.0,214.05,214.05,21.66,10.21,13.71,3.0,26.28,21.66,24.76,37.52,当日涨停附近；收在日内高位；温和放量；近5日趋势升温,偏离20日线较大；v1每日精选未入前5,v1
2026-04-13,603256,宏和科技,31,不推送,59.0,44,6.38,9.74,10.0,189.92,189.92,13.66,16.42,6.84,9.43,19.16,20.72,22.7,27.17,人气Top50；当日涨停附近；收在日内高位；近5日强势延续；站上20日线且不过热,短线涨幅偏高,v1
2026-04-24,688808,联讯仪器,1,不推送,38.0,35,2.63,10.14,12.64,189.86,189.86,16.15,27.41,13.17,24.15,42.8,17.65,32.67,52.07,人气Top3；站上20日线且不过热,-,v1
2026-05-13,688146,中船特气,92,不推送,35.0,25,12.27,20.03,20.03,189.35,189.35,15.59,20.6,2.96,7.42,32.03,28.45,28.45,40.95,当日涨停附近；收在日内高位；温和放量；市场强势且个股相对强势；收盘强势，次日确认,短线涨幅过热；远离20日线过多；次日高开或一字风险,v1
2026-04-20,603773,沃格光电,48,不推送,39.0,39,3.11,0.55,8.15,185.5,185.5,3.97,10.21,0.83,6.88,17.89,13.42,13.42,25.02,人气Top50；当日涨停附近；收在日内高位；近5日强势延续；连续上榜确认,量能不足；短线涨幅偏高；远离20日线过多,v1
2026-04-16,301666,大普微,5,不推送,42.0,38,7.14,-5.34,8.77,183.38,183.38,-12.27,-9.23,-18.11,-15.27,30.03,8.77,8.77,38.42,人气Top10；收盘承接较强；站上20日线且不过热,-,v1
2026-05-06,301666,大普微,64,不推送,29.0,28,10.41,19.18,20.0,117.93,183.02,58.75,65.41,43.78,49.81,179.56,59.91,83.36,183.02,当日强涨；温和放量；近5日强势延续,短线涨幅偏高；偏离20日线较大；人气排名明显回落,v1
2026-04-13,301526,国际复材,70,不推送,53.0,44,-4.92,0.2,3.03,171.27,171.27,-3.03,-6.47,1.99,-1.63,4.05,3.03,3.03,7.75,当日涨停附近；收盘承接较强；放量仍可控；近5日强势延续；站上20日线且不过热,短线涨幅偏高,v1
2026-04-10,600396,华电辽能,79,不推送,0.0,45,0.15,9.94,9.94,168.07,168.07,21.23,7.53,21.05,7.37,38.55,30.42,30.42,62.65,温和放量,当日转弱；收盘承接偏弱；近5日趋势未确认,v1
2026-04-14,603256,宏和科技,40,观察池,71.0,43,0.28,4.15,10.0,164.18,164.18,7.45,8.59,7.15,8.29,11.89,11.81,11.81,15.88,人气Top50；当日涨停附近；收在日内高位；温和放量；近5日强势延续；连续上榜确认,短线涨幅偏高；偏离20日线较大；v1每日精选未入前5,v1
2026-04-22,603773,沃格光电,46,不推送,53.0,37,-4.44,-6.0,2.55,158.13,158.13,-0.36,8.36,4.28,13.4,24.35,2.55,8.36,24.35,人气Top50；当日涨停附近；收在日内高位；温和放量；近5日强势延续,短线涨幅偏高；远离20日线过多,v1
2026-04-29,301217,铜冠铜箔,15,观察池,67.0,32,1.89,10.37,16.22,155.97,155.97,22.29,22.71,20.02,20.44,22.72,30.32,30.32,46.46,人气Top20；当日涨停附近；收在日内高位；温和放量；近5日强势延续；首次上榜即强势,短线涨幅偏高；远离20日线过多；v1每日精选未入前5,v1
2026-04-17,600396,华电辽能,95,不推送,0.0,40,-1.12,3.5,5.18,149.3,149.3,25.21,28.85,26.63,30.31,52.8,25.21,51.26,58.26,温和放量；近5日趋势升温；持续霸榜,当日转弱；收盘承接偏弱；仍在20日线下方；热度可能进入后段；人气排名明显回落,v1
2026-04-16,600396,华电辽能,20,不推送,12.0,41,0.0,-2.06,5.62,144.17,144.17,11.52,34.84,11.52,34.84,36.08,11.52,34.84,55.01,人气Top20；温和放量；持续霸榜,当日转弱；收盘承接偏弱；热度可能进入后段,v1
2026-04-13,600396,华电辽能,5,强推观察,96.0,44,4.11,10.0,10.0,143.84,143.84,-0.14,1.23,-4.08,-2.76,38.63,18.63,18.63,47.95,人气Top10；当日涨停附近；收在日内高位；温和放量；站上20日线且不过热；连续上榜确认；人气排名明显上升；v1每日精选入选,-,v1
2026-04-20,600396,华电辽能,83,不推送,40.0,39,0.14,10.01,10.01,140.87,140.87,33.02,36.94,32.84,36.76,62.38,33.02,46.14,62.38,当日上涨；收盘承接较强；温和放量；持续霸榜；人气排名明显上升,热度可能进入后段,v1
2026-04-30,603773,沃格光电,87,不推送,22.0,31,3.82,-3.68,3.82,139.55,139.55,4.9,17.89,1.04,13.56,1.99,6.71,24.05,28.16,温和放量；近5日趋势升温；连续上榜确认,当日转弱；偏离20日线较大,v1
2026-05-20,688146,中船特气,82,不推送,25.12,20,-1.54,-10.09,-0.76,139.24,139.24,-5.39,9.16,-3.91,10.87,28.64,-0.76,16.54,42.26,当日涨停附近；近5日趋势升温；人气排名明显上升；震荡市里保持相对强势；v2低分涨停修正；收盘强势，次日确认,量能不足；远离20日线过多；后段人气股在偏弱环境里更谨慎；次日高开或一字风险,v1
2026-04-29,603773,沃格光电,78,不推送,58.0,32,3.0,-0.56,4.32,138.21,138.21,-1.63,14.75,-4.5,11.42,-3.23,4.32,14.75,27.44,当日涨停附近；收在日内高位；温和放量；近5日趋势升温,偏离20日线较大；人气排名明显回落,v1
2026-04-21,688820,盛合晶微,30,不推送,4.0,38,-0.83,23.94,25.53,137.27,137.27,22.4,21.33,23.43,22.35,65.69,34.38,34.38,68.56,人气Top50；站上20日线且不过热,收盘承接偏弱,v1
2026-04-28,600183,生益科技,96,不推送,24.0,33,-0.99,0.76,4.5,135.12,135.12,4.42,5.98,5.47,7.04,16.35,6.98,8.78,30.12,温和放量；近5日趋势升温；站上20日线且不过热,当日转弱,v1
2026-05-19,603773,沃格光电,47,不推送,42.25,21,-3.87,9.94,10.0,134.88,134.88,13.11,29.42,17.66,34.64,72.49,20.94,29.42,74.52,人气Top50；当日上涨；放量仍可控；站上20日线且不过热；连续上榜确认；人气排名明显上升；震荡市里保持相对强势,近5日趋势未确认,v1
2026-04-10,002297,博云新材,44,不推送,0.0,45,10.02,10.02,10.02,134.79,134.79,33.15,61.11,21.03,46.44,103.1,33.15,61.11,104.46,人气Top50；放量仍可控,当日转弱；收盘承接偏弱,v1
2026-04-30,301217,铜冠铜箔,32,不推送,32.0,31,0.27,13.03,18.08,131.92,131.92,13.02,20.64,12.72,20.32,11.73,18.08,22.54,32.7,人气Top50；当日涨停附近；温和放量；连续上榜确认,短线涨幅过热；远离20日线过多,v1
2026-04-13,603629,利通电子,79,不推送,22.0,44,7.32,10.0,10.0,127.06,127.06,31.88,47.61,22.88,37.54,49.28,33.12,51.31,63.76,温和放量；近5日趋势升温；站上20日线且不过热,收盘承接偏弱,v1
2026-04-10,002281,光迅科技,18,不推送,21.0,45,-0.49,5.48,7.48,124.45,124.45,-1.04,8.36,-0.55,8.89,19.37,7.48,8.36,25.83,人气Top20；温和放量；近5日强势延续；站上20日线且不过热,当日转弱；收盘承接偏弱；短线涨幅偏高,v1
2026-04-30,688808,联讯仪器,35,不推送,44.0,31,-1.48,-1.48,1.9,124.13,124.13,10.23,8.1,11.89,9.72,35.48,13.61,17.58,38.45,人气Top50；当日涨停附近；收盘承接较强；站上20日线且不过热,人气排名明显回落,v1
2026-04-13,603986,兆易创新,100,不推送,8.0,44,2.81,6.82,7.28,123.56,123.56,9.09,10.55,6.12,7.53,15.46,9.45,12.62,24.08,温和放量；近5日趋势升温；连续上榜确认,当日转弱；收盘承接偏弱；人气排名明显回落,v1
2026-04-14,600396,华电辽能,10,强推观察,90.0,43,1.25,0.25,7.85,121.67,121.67,-11.08,1.25,-12.18,0.0,34.5,7.85,7.85,38.61,人气Top10；当日涨停附近；收在日内高位；近5日趋势升温；站上20日线且不过热；连续上榜确认；v1每日精选入选,-,v1
2026-04-15,600396,华电辽能,11,不推送,22.0,42,-4.6,-9.44,-3.73,121.12,121.12,-8.2,11.06,-3.78,16.41,29.57,-3.73,11.06,40.37,人气Top20；放量仍可控；站上20日线且不过热；连续上榜确认,收盘承接偏弱；上影线偏长,v1
2026-04-10,603986,兆易创新,42,不推送,52.0,45,-1.54,-1.11,1.79,121.07,121.07,3.08,8.72,4.69,10.43,12.02,8.23,11.25,22.7,人气Top50；当日上涨；收盘承接较强；温和放量；近5日趋势升温,-,v1
2026-05-06,601991,大唐发电,11,不推送,12.0,31,10.1,10.1,10.1,119.47,119.47,33.17,61.06,20.96,46.29,101.44,33.17,61.06,107.69,人气Top20；温和放量；站上20日线且不过热,当日转弱；收盘承接偏弱；近5日趋势未确认,v1
2026-04-21,600396,华电辽能,15,观察池,84.0,38,0.0,9.96,9.96,118.94,118.94,13.16,32.84,13.16,32.84,53.01,32.84,36.9,62.36,人气Top20；当日涨停附近；收在日内高位；温和放量；站上20日线且不过热；持续霸榜；人气排名明显上升,热度可能进入后段；v1每日精选未入前5,v1
2026-04-14,002281,光迅科技,84,不推送,16.0,43,0.18,-4.22,1.04,117.24,117.24,4.87,9.33,4.69,9.13,22.98,4.87,12.8,26.98,温和放量；近5日趋势升温；站上20日线且不过热；连续上榜确认,当日转弱；收盘承接偏弱；人气排名明显回落,v1
2026-05-12,002552,宝鼎科技,67,不推送,21.0,26,-0.48,4.03,9.65,115.66,115.66,-3.97,16.17,-3.51,16.73,43.99,9.65,16.17,43.99,当日涨停附近；收在日内高位；市场强势且个股相对强势；收盘强势，次日确认,短线涨幅过热；远离20日线过多；次日高开或一字风险,v1
2026-04-13,002980,华盛昌,85,不推送,33.0,44,2.21,10.0,10.0,115.31,115.31,13.99,33.77,11.53,30.87,38.74,24.34,36.44,44.43,当日涨停附近；收在日内高位；近5日强势延续,量能不足；短线涨幅偏高；偏离20日线较大,v1
2026-04-15,603986,兆易创新,73,不推送,2.0,42,-1.7,4.37,4.47,113.88,113.88,5.76,14.32,7.59,16.29,12.46,7.74,14.54,18.71,近5日趋势升温；站上20日线且不过热；连续上榜确认,当日转弱；收盘承接偏弱；人气排名明显回落,v1
2026-04-13,002297,博云新材,54,观察池,60.0,44,10.02,10.02,10.02,113.41,113.41,33.11,61.09,20.99,46.43,69.95,33.11,61.09,85.84,当日涨停附近；收在日内高位；近5日趋势升温；站上20日线且不过热；连续上榜确认,一字或近似一字，参与点差；v1每日精选未入前5,v1
2026-04-10,600869,远东股份,87,不推送,12.0,45,-1.73,-2.44,-0.13,113.21,113.21,-1.41,-5.77,0.33,-4.11,3.97,0.26,0.26,10.45,温和放量；近5日趋势升温；站上20日线且不过热,当日转弱；收盘承接偏弱,v1
2026-04-15,600487,亨通光电,85,不推送,0.0,42,-0.61,1.94,2.51,112.93,112.93,16.8,26.18,17.53,26.96,29.25,17.0,26.18,42.89,站上20日线且不过热；连续上榜确认,当日转弱；收盘承接偏弱；近5日趋势未确认,v1
2026-04-13,002281,光迅科技,17,观察池,69.0,44,-0.2,-2.05,0.55,112.78,112.78,-6.61,5.56,-6.42,5.77,18.28,0.55,10.49,24.38,人气Top20；当日上涨；收盘承接较强；温和放量；近5日强势延续；站上20日线且不过热；连续上榜确认,短线涨幅偏高；v1每日精选未入前5,v1
2026-05-07,301666,大普微,92,不推送,37.0,26,-3.55,16.78,17.63,60.32,112.57,21.68,45.97,26.16,51.34,64.94,34.89,60.15,112.57,当日涨停附近；收盘承接较强；温和放量；连续上榜确认；市场强势且个股相对强势；收盘强势，次日确认,短线涨幅过热；远离20日线过多；次日高开或一字风险,v1
2026-04-14,600487,亨通光电,91,不推送,0.0,43,0.36,-1.03,2.51,110.75,110.75,5.66,13.54,5.28,13.13,29.66,6.51,15.8,41.43,温和放量；站上20日线且不过热；连续上榜确认,当日转弱；收盘承接偏弱；近5日趋势未确认；人气排名明显回落,v1
2026-04-14,603986,兆易创新,42,观察池,78.0,43,1.51,-2.41,2.46,109.29,109.29,2.93,9.11,1.39,7.48,9.55,5.32,10.09,16.16,人气Top50；当日上涨；收在日内高位；温和放量；近5日趋势升温；站上20日线且不过热；连续上榜确认；人气排名明显上升,v1每日精选未入前5,v1
2026-04-16,600487,亨通光电,87,不推送,32.0,41,-1.04,4.72,5.57,108.88,108.88,12.53,30.82,13.71,32.19,23.64,14.77,32.29,40.18,收盘承接较强；温和放量；站上20日线且不过热；持续霸榜,近5日趋势未确认；热度可能进入后段,v1
2026-04-22,002636,金安国纪,88,观察池,62.0,37,1.61,-6.38,2.56,107.75,107.75,-4.54,-1.85,-6.05,-3.4,5.01,2.56,5.04,8.75,当日涨停附近；收在日内高位；温和放量；近5日趋势升温,偏离20日线较大；v1每日精选未入前5,v1
2026-05-11,603773,沃格光电,92,观察池,71.0,27,2.69,2.16,7.5,107.58,107.58,4.11,-15.67,1.39,-17.88,3.99,11.06,11.06,11.06,当日涨停附近；收在日内高位；温和放量；近5日趋势升温；市场强势且个股相对强势；v2低分涨停修正；收盘强势，次日确认,偏离20日线较大；次日高开或一字风险；v1每日精选未入前5,v1
2026-04-13,600487,亨通光电,33,不推送,12.0,44,0.04,-1.53,1.72,107.52,107.52,-0.65,13.83,-0.69,13.79,33.45,1.72,14.02,39.26,人气Top50；温和放量；站上20日线且不过热；连续上榜确认,当日转弱；收盘承接偏弱；近5日趋势未确认,v1
2026-04-17,002281,光迅科技,12,强推观察,92.0,40,4.43,2.76,7.56,107.14,107.14,6.11,10.16,1.61,5.49,29.09,7.56,16.13,35.5,人气Top20；当日涨停附近；收在日内高位；温和放量；近5日趋势升温；站上20日线且不过热；人气排名明显上升；v1每日精选入选,-,v1
2026-04-28,002636,金安国纪,19,不推送,56.0,33,-2.27,-2.29,4.02,106.81,106.81,0.35,3.31,2.68,5.7,-7.56,4.02,8.25,8.25,人气Top20；当日上涨；温和放量；近5日趋势升温；站上20日线且不过热；人气排名明显上升,上影线偏长,v1
2026-04-14,603629,利通电子,33,强推观察,92.0,43,2.0,10.01,10.01,106.42,106.42,31.88,26.57,29.29,24.08,49.28,31.88,37.55,49.28,人气Top50；当日涨停附近；收在日内高位；温和放量；近5日趋势升温；站上20日线且不过热；连续上榜确认；人气排名明显上升；v1每日精选入选,-,v1
2026-05-21,603773,沃格光电,65,不推送,6.88,19,-0.02,-1.26,4.85,105.05,105.05,12.98,35.76,13.01,35.79,51.07,12.98,35.76,58.95,当日上涨；温和放量；站上20日线且不过热,收盘承接偏弱；近5日趋势未确认；弱市先收缩执行；后段人气股在偏弱环境里更谨慎,v1
2026-04-16,603986,兆易创新,43,观察池,74.0,41,-1.21,0.52,2.85,104.39,104.39,6.55,6.04,7.86,7.34,8.9,7.51,13.44,13.44,人气Top50；当日上涨；收在日内高位；温和放量；近5日趋势升温；站上20日线且不过热；持续霸榜；人气排名明显上升,热度可能进入后段；v1每日精选未入前5,v1
2026-04-15,002491,通鼎互联,76,不推送,0.0,42,-1.76,10.0,10.0,102.18,102.18,17.18,21.27,19.28,23.44,16.69,17.18,23.24,28.17,温和放量；站上20日线且不过热,当日转弱；收盘承接偏弱；近5日趋势未确认；人气排名明显回落,v1
2026-04-20,002281,光迅科技,78,不推送,20.0,39,-0.87,1.45,2.72,101.58,101.58,9.69,12.05,10.66,13.04,36.85,12.44,17.83,38.19,温和放量；近5日趋势升温；站上20日线且不过热；连续上榜确认,收盘承接偏弱；人气排名明显回落；上影线偏长,v1
2026-04-16,300433,蓝思科技,18,不推送,0.0,41,-0.7,1.37,3.35,99.73,99.73,4.68,3.74,5.42,4.48,0.2,8.46,8.46,8.46,人气Top20,当日转弱；收盘承接偏弱；近5日趋势未确认；仍在20日线下方,v1
2026-04-17,600487,亨通光电,2,观察池,74.0,40,4.85,9.42,9.6,99.46,99.46,18.2,24.96,12.73,19.18,29.02,18.2,28.12,33.85,人气Top3；当日上涨；收盘承接较强；温和放量；站上20日线且不过热；持续霸榜；人气排名明显上升,近5日趋势未确认；热度可能进入后段；v1每日精选未入前5,v1
2026-04-21,603618,杭电股份,14,不推送,52.0,38,1.81,10.02,10.02,99.34,99.34,17.76,11.98,15.67,9.99,44.97,27.67,27.67,44.97,人气Top20；收在日内高位；近5日趋势升温；站上20日线且不过热,-,v1
2026-04-22,600396,华电辽能,15,强推观察,92.0,37,3.91,9.96,9.96,99.11,99.11,13.2,16.67,8.93,12.27,53.02,20.81,26.4,53.02,人气Top20；当日涨停附近；收在日内高位；温和放量；近5日趋势升温；站上20日线且不过热；持续霸榜；v1每日精选入选,热度可能进入后段,v1
2026-04-21,002281,光迅科技,72,不推送,52.0,38,-0.24,1.79,3.13,98.7,98.7,5.67,12.49,5.93,12.76,48.39,11.4,16.15,48.39,收盘承接较强；温和放量；近5日趋势升温；站上20日线且不过热；连续上榜确认,-,v1
2026-04-13,603002,宏昌电子,75,不推送,52.0,44,1.11,10.01,10.01,98.46,98.46,10.27,13.6,9.05,12.35,29.6,20.96,20.96,31.05,当日上涨；收盘承接较强；温和放量；近5日趋势升温；站上20日线且不过热,-,v1
2026-04-10,600487,亨通光电,23,不推送,8.0,45,-1.75,-4.45,-0.05,98.29,98.29,-6.88,-0.59,-5.22,1.18,24.22,-0.05,0.21,27.37,人气Top50；温和放量；站上20日线且不过热,当日转弱；收盘承接偏弱,v1
2026-04-17,300433,蓝思科技,32,不推送,18.0,40,3.42,4.66,7.0,97.04,97.04,4.85,-0.12,1.38,-3.42,2.42,7.0,7.0,7.0,人气Top50；温和放量；连续上榜确认,近5日趋势未确认；仍在20日线下方,v1
2026-05-22,000636,风华高科,43,不推送,48.0,18,9.99,9.99,9.99,96.86,96.86,17.54,40.96,6.86,28.15,58.56,19.59,42.21,71.69,人气Top50；当日涨停附近；收在日内高位；近5日强势延续；人气排名明显上升；市场强势且个股相对强势；收盘强势，次日确认,量能不足；短线涨幅偏高；偏离20日线较大；次日高开或一字风险,v1
2026-04-10,002491,通鼎互联,39,不推送,20.0,45,-2.81,1.58,6.58,96.78,96.78,-2.67,3.7,0.14,6.7,7.27,6.58,9.46,24.74,人气Top50；温和放量；近5日趋势升温；站上20日线且不过热,当日转弱；收盘承接偏弱,v1
2026-05-22,301526,国际复材,82,观察池,75.0,18,2.54,5.22,6.54,96.34,96.34,5.32,13.96,2.71,11.14,6.15,12.59,22.01,22.01,当日涨停附近；收在日内高位；温和放量；近5日趋势升温；站上20日线且不过热；市场强势且个股相对强势；收盘强势，次日确认,次日高开或一字风险；v1每日精选未入前5,v1
2026-04-14,002980,华盛昌,51,观察池,67.0,43,6.69,9.98,9.99,95.74,95.74,14.0,28.16,6.85,20.12,32.62,14.0,31.31,35.95,当日涨停附近；收在日内高位；温和放量；近5日强势延续；连续上榜确认；人气排名明显上升,短线涨幅偏高；偏离20日线较大；v1每日精选未入前5,v1
2026-04-17,603738,泰晶科技,64,观察池,72.0,40,2.49,4.47,7.99,95.56,95.56,17.73,31.95,14.88,28.75,28.77,20.32,34.9,42.53,当日涨停附近；收在日内高位；温和放量；近5日趋势升温；站上20日线且不过热,v1每日精选未入前5,v1
2026-05-15,920178,锐翔智能,98,不推送,0.0,10,2.29,30.0,30.0,1.18,95.4,78.18,43.18,74.19,39.98,1.18,85.3,95.4,95.4,站上20日线且不过热,收盘承接偏弱；后段人气股在偏弱环境里更谨慎；市场健康度不足，收缩推送,v1
2026-04-22,002281,光迅科技,5,观察池,70.0,37,0.71,6.22,8.89,95.21,95.21,8.51,7.18,7.75,6.42,60.35,14.11,14.11,60.35,人气Top10；温和放量；近5日趋势升温；站上20日线且不过热；连续上榜确认；人气排名明显上升,v1每日精选未入前5,v1
2026-04-17,600522,中天科技,29,不推送,22.0,40,2.7,9.99,9.99,95.13,95.13,23.74,18.02,20.48,14.91,23.99,23.81,24.52,29.82,人气Top50；温和放量；人气排名明显上升,近5日趋势未确认,v1
2026-04-14,002297,博云新材,34,观察池,72.0,43,10.01,10.01,10.01,93.98,93.98,33.11,42.89,21.0,29.89,69.9,33.11,57.34,69.9,人气Top50；当日涨停附近；收在日内高位；近5日趋势升温；站上20日线且不过热；连续上榜确认；人气排名明显上升,一字或近似一字，参与点差；v1每日精选未入前5,v1
2026-04-13,002491,通鼎互联,38,不推送,50.0,44,-1.96,1.82,4.59,93.72,93.72,5.4,12.28,7.5,14.52,13.5,5.4,12.28,22.81,人气Top50；温和放量；近5日趋势升温；站上20日线且不过热；连续上榜确认,-,v1
2026-04-22,600869,远东股份,59,观察池,70.0,37,-0.29,-3.84,0.29,93.6,93.6,0.35,1.28,0.64,1.58,21.19,2.62,4.71,21.19,当日涨停附近；收在日内高位；放量仍可控；近5日趋势升温；站上20日线且不过热；人气排名明显上升,v1每日精选未入前5,v1
2026-04-24,600396,华电辽能,4,不推送,33.0,35,-7.39,10.0,10.0,93.48,93.48,13.37,18.59,22.42,28.05,80.0,22.83,22.83,80.0,人气Top10；温和放量；近5日强势延续；站上20日线且不过热；持续霸榜,当日转弱；收盘承接偏弱；短线涨幅偏高；热度可能进入后段,v1
2026-05-12,301217,铜冠铜箔,19,观察池,63.0,26,-4.77,4.76,10.0,92.24,92.24,-11.97,-7.39,-7.56,-2.74,8.4,10.0,10.0,10.0,人气Top20；当日强涨；收盘承接较强；温和放量；近5日趋势升温；人气排名明显上升；市场强势且个股相对强势,远离20日线过多；v1每日精选未入前5,v1
2026-04-22,688820,盛合晶微,70,不推送,50.0,37,-0.53,-6.74,7.89,91.44,91.44,6.42,-2.63,6.98,-2.12,52.11,8.42,8.42,57.37,当日涨停附近；收在日内高位；站上20日线且不过热；连续上榜确认,人气排名明显回落,v1
2026-04-21,603986,兆易创新,91,不推送,48.0,38,-1.15,2.27,2.47,91.35,91.35,-3.04,0.16,-1.92,1.32,8.84,6.2,6.2,16.44,当日上涨；收盘承接较强；温和放量；近5日趋势升温；站上20日线且不过热,人气排名明显回落,v1
2026-04-15,600186,莲花控股,21,不推送,38.0,42,-1.95,5.85,8.84,90.64,90.64,2.34,11.7,4.38,13.93,40.7,8.84,14.04,40.7,人气Top50；当日上涨；温和放量；站上20日线且不过热,-,v1
2026-04-10,600584,长电科技,84,不推送,16.0,45,-1.21,-0.4,1.12,90.05,90.05,1.32,2.23,2.56,3.48,4.35,4.79,4.79,6.62,温和放量；近5日趋势升温；站上20日线且不过热,收盘承接偏弱；上影线偏长,v1
2026-04-17,002491,通鼎互联,39,不推送,12.0,40,7.73,9.98,9.98,89.76,89.76,13.81,3.44,5.64,-3.99,12.82,15.66,20.29,20.29,人气Top50；温和放量；站上20日线且不过热；连续上榜确认,当日转弱；收盘承接偏弱；人气排名明显回落,v1
2026-04-15,000657,中钨高新,70,不推送,0.0,42,0.91,10.0,10.0,89.76,89.76,24.08,23.21,22.96,22.1,21.47,28.76,28.76,28.76,温和放量,当日转弱；收盘承接偏弱；近5日趋势未确认,v1
2026-04-29,603986,兆易创新,2,观察池,62.0,32,3.35,1.08,3.68,89.72,89.72,13.12,16.99,9.45,13.2,29.25,15.45,18.73,33.42,人气Top3；收盘承接较强；温和放量；站上20日线且不过热；人气排名明显上升,近5日趋势未确认；v1每日精选未入前5,v1
2026-04-27,002081,金螳螂,30,不推送,24.0,34,-2.03,7.0,7.0,7.67,88.04,30.25,58.24,32.95,61.52,76.07,30.25,58.24,88.04,人气Top50；温和放量；近5日趋势升温；站上20日线且不过热；持续霸榜,当日转弱；收盘承接偏弱；热度可能进入后段,v1
2026-04-15,603629,利通电子,18,强推观察,90.0,42,0.0,8.98,10.01,87.64,87.64,21.98,23.02,21.98,23.02,49.28,25.04,25.28,49.28,人气Top20；当日涨停附近；收在日内高位；温和放量；近5日趋势升温；连续上榜确认；人气排名明显上升；v1每日精选入选,偏离20日线较大,v1
2026-04-30,603986,兆易创新,60,不推送,14.0,31,5.2,9.76,9.76,87.24,87.24,6.51,12.72,1.25,7.15,29.02,13.94,17.18,31.67,温和放量；站上20日线且不过热；连续上榜确认,收盘承接偏弱；人气排名明显回落,v1
2026-05-06,603986,兆易创新,22,不推送,30.0,31,5.2,9.76,9.76,87.24,87.24,6.51,12.72,1.25,7.15,29.02,13.94,17.18,31.67,人气Top50；温和放量；站上20日线且不过热；连续上榜确认；人气排名明显上升,收盘承接偏弱,v1
2026-04-23,600110,诺德股份,43,不推送,0.0,36,-3.56,5.29,7.34,85.76,85.76,13.92,15.97,18.12,20.25,16.94,18.23,22.33,29.34,人气Top50；温和放量；连续上榜确认,当日转弱；收盘承接偏弱；近5日趋势未确认；人气排名明显回落,v1
2026-04-21,600487,亨通光电,35,不推送,42.0,38,-0.17,10.0,10.0,85.62,85.62,16.29,14.2,16.48,14.39,29.21,19.23,24.57,32.93,人气Top50；收盘承接较强；温和放量；近5日趋势升温；站上20日线且不过热；持续霸榜,当日转弱；热度可能进入后段；人气排名明显回落,v1
2026-04-10,600522,中天科技,51,不推送,0.0,45,-1.31,-4.3,-0.57,84.26,84.26,-6.71,-5.57,-5.47,-4.32,11.44,-0.57,-0.57,17.58,温和放量；站上20日线且不过热,当日转弱；收盘承接偏弱,v1
2026-04-16,002491,通鼎互联,17,重点观察,84.0,41,0.0,-3.14,2.24,83.8,83.8,7.23,7.75,7.23,7.75,1.15,10.31,16.52,16.52,人气Top20；当日涨停附近；收在日内高位；温和放量；站上20日线且不过热；连续上榜确认；人气排名明显上升；v1每日精选入选,近5日趋势未确认,v1
2026-04-23,002281,光迅科技,27,不推送,50.0,36,-1.5,-2.26,3.03,83.78,83.78,4.04,9.57,5.63,11.24,53.02,7.43,11.0,58.57,人气Top50；当日上涨；温和放量；近5日趋势升温；站上20日线且不过热；持续霸榜,热度可能进入后段；人气排名明显回落,v1
2026-05-13,301217,铜冠铜箔,83,不推送,29.0,25,-4.05,-13.26,-3.04,83.51,83.51,-12.02,-11.13,-8.31,-7.38,2.94,-3.04,-3.04,7.67,当日上涨；温和放量；近5日趋势升温；连续上榜确认；市场强势且个股相对强势,远离20日线过多；人气排名明显回落,v1
2026-05-11,301666,大普微,80,不推送,0.0,24,-2.85,4.95,4.97,38.28,83.35,25.91,62.82,29.6,67.6,43.88,38.13,62.82,83.35,温和放量；连续上榜确认；市场强势且个股相对强势,当日转弱；收盘承接偏弱；短线涨幅过热；远离20日线过多；人气排名明显回落,v1
2026-04-30,600396,华电辽能,22,不推送,0.0,31,1.61,9.98,9.98,79.44,82.96,25.4,51.71,23.41,49.31,62.8,33.06,51.71,82.96,人气Top50；站上20日线且不过热；持续霸榜,当日转弱；收盘承接偏弱；热度可能进入后段,v1
2026-04-20,600487,亨通光电,6,观察池,94.0,39,-2.28,-1.79,-0.8,82.3,82.3,14.17,17.23,16.84,19.97,24.75,15.45,22.34,25.85,人气Top10；当日强涨；收在日内高位；温和放量；近5日趋势升温；站上20日线且不过热；持续霸榜,热度可能进入后段；v1每日精选未入前5,v1
2026-05-08,301666,大普微,55,不推送,47.0,25,5.6,-0.72,15.51,37.28,82.02,25.0,34.7,18.36,27.56,45.24,25.0,37.14,82.02,当日涨停附近；收在日内高位；温和放量；连续上榜确认；人气排名明显上升；市场强势且个股相对强势；收盘强势，次日确认,短线涨幅过热；远离20日线过多；次日高开或一字风险,v1
2026-05-26,603773,沃格光电,78,不推送,59.25,16,6.57,9.23,10.0,81.48,81.48,13.7,33.28,6.69,25.06,64.03,25.52,34.85,64.03,当日涨停附近；收在日内高位；近5日强势延续；站上20日线且不过热；震荡市里保持相对强势；震荡市里承接未失控；v2低分涨停修正；收盘强势，次日确认,短线涨幅偏高；后段人气股在偏弱环境里更谨慎；次日高开或一字风险,v1
2026-04-28,600584,长电科技,72,不推送,12.0,33,-2.0,-1.64,-1.04,81.29,81.29,6.87,12.53,9.05,14.82,28.71,9.05,14.39,32.44,温和放量；站上20日线且不过热；连续上榜确认；人气排名明显上升,当日转弱；收盘承接偏弱,v1
2026-04-21,600186,莲花控股,99,不推送,46.0,38,-1.11,6.18,8.41,81.21,81.21,12.98,21.63,14.25,23.0,29.79,21.14,25.46,42.77,收在日内高位；温和放量；近5日趋势升温；站上20日线且不过热,人气排名明显回落,v1
2026-04-22,603618,杭电股份,41,观察池,77.0,37,1.09,10.02,10.02,81.19,81.19,6.34,3.22,5.2,2.11,30.65,16.04,16.04,40.11,人气Top50；当日涨停附近；收在日内高位；温和放量；近5日强势延续；站上20日线且不过热；连续上榜确认,短线涨幅偏高；人气排名明显回落；v1每日精选未入前5,v1
2026-05-07,601991,大唐发电,7,收盘强势观察,131.0,29,9.92,9.92,9.92,81.15,81.15,32.94,42.86,20.94,29.96,39.88,32.94,60.91,71.43,人气Top10；当日涨停附近；收在日内高位；温和放量；近5日趋势升温；站上20日线且不过热；连续上榜确认；市场强势且个股相对强势；v2强势延续修正；v2连榜升温修正；v2低分涨停修正；收盘强势，次日确认；v1每日精选入选,次日高开或一字风险,v1
2026-04-23,600396,华电辽能,1,强推观察,103.0,36,-1.83,-6.41,9.87,81.08,81.08,9.87,0.92,11.92,2.8,53.1,13.22,14.95,53.1,人气Top3；当日涨停附近；收在日内高位；温和放量；近5日强势延续；站上20日线且不过热；持续霸榜；人气排名明显上升；v1每日精选入选,短线涨幅偏高；热度可能进入后段,v1
2026-04-10,300857,协创数据,77,不推送,0.0,45,4.09,-0.12,5.63,79.78,81.05,34.84,52.25,29.54,46.26,77.89,38.68,54.71,81.05,放量仍可控,当日转弱；收盘承接偏弱；近5日趋势未确认；仍在20日线下方,v1
2026-04-14,603002,宏昌电子,78,观察池,80.0,43,1.09,0.16,9.95,80.4,80.4,0.62,7.78,-0.46,6.62,14.7,9.95,13.53,21.31,当日涨停附近；收在日内高位；温和放量；近5日趋势升温；站上20日线且不过热；连续上榜确认,v1每日精选未入前5,v1
2026-04-10,600707,彩虹股份,29,不推送,47.0,45,-1.0,-1.85,1.42,80.34,80.34,2.42,10.97,3.45,12.09,14.96,6.7,10.97,30.63,人气Top50；当日涨停附近；收在日内高位；近5日强势延续；站上20日线且不过热,放量过猛；短线涨幅偏高,v1
2026-04-16,600186,莲花控股,53,不推送,46.0,41,-1.47,-3.07,-0.86,80.1,80.1,-0.61,16.09,0.87,17.83,31.7,0.0,16.09,41.89,当日上涨；温和放量；近5日趋势升温；站上20日线且不过热；连续上榜确认,人气排名明显回落,v1
2026-04-27,002281,光迅科技,63,不推送,20.0,34,-1.93,1.84,4.81,79.9,79.9,7.26,22.13,9.37,24.54,51.5,8.65,23.33,58.19,当日上涨；温和放量；近5日趋势升温；站上20日线且不过热,收盘承接偏弱；人气排名明显回落；上影线偏长,v1
2026-05-07,603256,宏和科技,90,不推送,58.0,29,0.6,3.3,4.84,79.74,79.74,2.92,-1.58,2.3,-2.17,0.53,6.31,6.31,8.25,当日涨停附近；收在日内高位；温和放量；近5日强势延续；市场强势且个股相对强势；收盘强势，次日确认,短线涨幅偏高；偏离20日线较大；次日高开或一字风险,v1
2026-05-06,600584,长电科技,29,不推送,44.0,31,5.05,5.79,7.95,79.46,79.46,11.39,21.25,6.04,15.42,33.47,13.24,25.09,36.0,人气Top50；收盘承接较强；温和放量；站上20日线且不过热；人气排名明显上升,-,v1
2026-04-27,600396,华电辽能,41,观察池,73.0,34,0.1,6.72,9.98,75.89,79.35,-1.98,18.58,-2.07,18.46,64.43,11.66,18.58,79.35,人气Top50；当日涨停附近；收在日内高位；温和放量；近5日强势延续；站上20日线且不过热；持续霸榜,短线涨幅偏高；热度可能进入后段；人气排名明显回落；v1每日精选未入前5,v1
2026-05-06,600396,华电辽能,62,不推送,58.0,30,7.81,18.58,18.58,75.89,79.35,35.18,63.64,25.39,51.79,43.68,35.18,63.64,79.35,当日涨停附近；收在日内高位；近5日趋势升温；站上20日线且不过热；持续霸榜,热度可能进入后段；人气排名明显回落,v1
2026-04-10,002384,东山精密,5,不推送,59.0,45,0.04,2.28,4.27,78.98,78.98,1.57,12.92,1.52,12.88,30.9,5.19,14.56,36.54,人气Top10；当日强涨；收盘承接较强；近5日强势延续；首次上榜即强势,短线涨幅偏高；偏离20日线较大,v1
2026-05-25,000636,风华高科,30,观察池,40.0,17,1.79,0.77,5.12,78.98,78.98,17.54,33.04,15.48,30.7,34.2,17.54,40.79,56.09,人气Top50；当日涨停附近；收在日内高位；近5日强势延续；连续上榜确认；人气排名明显上升；市场强势且个股相对强势,量能不足；短线涨幅偏高；远离20日线过多；一字或近似一字，参与点差；一字板不可买,v1
2026-05-28,002636,金安国纪,95,观察池,74.0,14,2.8,0.02,6.17,78.9,78.9,-5.36,0.93,-7.95,-1.82,58.5,6.17,6.17,59.18,当日涨停附近；收在日内高位；温和放量；近5日强势延续；站上20日线且不过热；市场强势且个股相对强势；v2低分涨停修正；收盘强势，次日确认,短线涨幅偏高；次日高开或一字风险；v1每日精选未入前5,v1
2026-04-15,002980,华盛昌,44,观察池,61.0,42,0.52,-5.77,2.78,77.98,77.98,10.58,15.14,10.0,14.54,15.32,12.79,19.39,23.62,人气Top50；当日涨停附近；收在日内高位；温和放量；近5日强势延续；连续上榜确认,短线涨幅偏高；远离20日线过多；v1每日精选未入前5,v1
2026-05-26,000636,风华高科,28,不推送,21.25,16,0.72,6.04,7.89,77.6,77.6,27.17,43.67,26.26,42.64,46.47,28.3,45.23,54.89,人气Top50；近5日强势延续；连续上榜确认；震荡市里保持相对强势,短线涨幅偏高；偏离20日线较大,v1
2026-04-27,300570,太辰光,93,普通观察,72.0,34,-0.55,-4.81,1.67,77.54,77.54,-9.28,0.15,-8.78,0.7,17.17,1.67,5.51,28.15,当日涨停附近；收在日内高位；温和放量；近5日趋势升温；站上20日线且不过热；v1每日精选入选,-,v1
2026-04-20,600522,中天科技,24,观察池,88.0,39,0.16,4.81,6.24,77.42,77.42,10.08,15.61,9.9,15.42,24.01,13.21,18.03,24.01,人气Top50；当日涨停附近；收在日内高位；温和放量；近5日趋势升温；站上20日线且不过热；连续上榜确认,v1每日精选未入前5,v1
2026-05-26,301217,铜冠铜箔,66,观察池,72.25,16,-2.39,-0.52,4.05,77.35,77.35,11.27,1.15,14.0,3.63,19.82,22.87,22.87,22.87,当日强涨；收在日内高位；温和放量；近5日趋势升温；站上20日线且不过热；人气排名明显上升；震荡市里保持相对强势；震荡市里承接未失控,后段人气股在偏弱环境里更谨慎；v1每日精选未入前5,v1
2026-04-10,002580,圣阳股份,2,强推观察,108.0,45,2.48,10.01,10.01,12.22,77.24,33.14,61.12,29.92,57.22,45.94,33.14,61.12,77.24,人气Top3；当日涨停附近；收在日内高位；温和放量；近5日趋势升温；站上20日线且不过热；首次上榜即强势；v1每日精选入选,-,v1
2026-06-08,688549,中巨芯,73,观察池,65.38,7,3.86,18.08,19.75,76.97,76.97,56.59,40.8,50.78,35.57,,56.64,56.64,,当日涨停附近；收在日内高位；放量仍可控；近5日强势延续；站上20日线且不过热；弱市中个股相对抗跌；v2低分涨停修正；收盘强势，次日确认,短线涨幅偏高；后段人气股在偏弱环境里更谨慎；次日高开或一字风险；v1每日精选未入前5,v1
2026-04-27,600584,长电科技,90,不推送,24.0,34,-0.47,-2.63,0.37,76.51,76.51,-1.64,5.27,-1.17,5.77,17.25,0.37,6.87,25.15,当日上涨；温和放量；站上20日线且不过热,上影线偏长,v1
2026-04-29,920186,中科仪,81,不推送,8.0,15,-3.03,6.14,9.29,40.32,76.44,19.82,52.81,23.57,57.58,75.05,22.26,52.82,76.44,站上20日线且不过热,-,v1
2026-04-24,600110,诺德股份,99,不推送,40.0,35,-1.64,7.38,7.58,76.43,76.43,12.6,17.32,14.48,19.27,13.42,13.83,17.73,22.85,当日上涨；收盘承接较强；温和放量；站上20日线且不过热；连续上榜确认,近5日趋势未确认；人气排名明显回落,v1
2026-04-15,002384,东山精密,36,不推送,32.0,42,-0.47,2.57,2.57,76.21,76.21,7.68,27.81,8.19,28.4,26.37,15.36,27.81,34.43,人气Top50；温和放量；近5日趋势升温；站上20日线且不过热；连续上榜确认；人气排名明显上升,当日转弱；收盘承接偏弱,v1
2026-04-14,002384,东山精密,79,不推送,21.0,43,-0.21,-0.14,3.42,75.97,75.97,11.03,16.03,11.26,16.27,25.96,12.64,18.27,34.25,温和放量；近5日强势延续；站上20日线且不过热；连续上榜确认,当日转弱；短线涨幅偏高；人气排名明显回落,v1
2026-04-10,600330,天通股份,90,不推送,12.0,45,-0.74,3.26,5.79,75.84,75.84,4.21,14.37,4.98,15.22,36.26,12.32,14.37,44.89,温和放量；近5日趋势升温；站上20日线且不过热,当日转弱；收盘承接偏弱,v1
2026-05-08,603986,兆易创新,84,不推送,23.0,28,4.8,8.41,10.02,75.8,75.8,9.27,12.37,4.27,7.22,40.39,10.02,14.97,41.66,温和放量；近5日趋势升温；站上20日线且不过热；连续上榜确认；市场强势且个股相对强势,当日转弱；收盘承接偏弱,v1
2026-04-13,002384,东山精密,34,不推送,23.0,44,0.12,-0.57,1.48,74.98,74.98,1.85,6.93,1.73,6.8,27.15,2.84,14.55,33.49,人气Top50；温和放量；近5日强势延续；连续上榜确认,短线涨幅偏高；偏离20日线较大；人气排名明显回落；上影线偏长,v1
2026-05-14,600584,长电科技,24,不推送,22.0,24,1.58,6.89,9.98,50.54,74.74,11.97,23.07,10.22,21.15,56.03,14.09,31.25,74.74,人气Top50；温和放量；近5日趋势升温；站上20日线且不过热；连续上榜确认,当日转弱；收盘承接偏弱；弱市先收缩执行,v1
2026-04-10,600110,诺德股份,35,不推送,20.0,45,-3.34,3.14,4.76,74.29,74.29,3.74,1.11,7.33,4.61,-1.21,10.12,10.12,10.12,人气Top50；温和放量；近5日趋势升温；站上20日线且不过热,当日转弱；收盘承接偏弱,v1
2026-04-29,600396,华电辽能,11,不推送,32.0,32,-0.86,-4.89,4.12,70.66,74.02,15.05,31.16,16.05,32.3,50.43,15.05,31.16,74.02,人气Top20；温和放量；近5日趋势升温；站上20日线且不过热；持续霸榜,当日转弱；收盘承接偏弱；热度可能进入后段,v1
2026-04-28,002081,金螳螂,4,强推观察,104.0,33,-4.11,7.39,7.39,-2.05,73.92,30.6,36.96,36.19,42.83,58.52,30.6,44.76,73.92,人气Top10；当日涨停附近；收在日内高位；温和放量；近5日趋势升温；站上20日线且不过热；持续霸榜；人气排名明显上升；v1每日精选入选,热度可能进入后段,v1
2026-04-10,300308,中际旭创,6,观察池,69.0,45,0.43,0.32,1.14,73.7,73.7,6.03,15.7,5.58,15.21,20.6,9.96,17.61,25.09,人气Top10；当日上涨；收盘承接较强；温和放量；近5日强势延续；站上20日线且不过热,短线涨幅偏高；v1每日精选未入前5,v1
2026-06-01,301217,铜冠铜箔,80,不推送,8.88,12,0.1,-1.2,1.06,73.22,73.22,4.63,7.83,4.52,7.71,62.23,7.16,11.22,62.23,温和放量；近5日趋势升温；站上20日线且不过热；连续上榜确认,当日转弱；收盘承接偏弱；人气排名明显回落；弱市先收缩执行；后段人气股在偏弱环境里更谨慎,v1
2026-04-13,300308,中际旭创,67,不推送,34.0,44,1.49,4.61,6.4,72.91,72.91,9.57,15.04,7.96,13.35,15.99,9.64,18.97,24.52,收盘承接较强；近5日趋势升温；站上20日线且不过热；连续上榜确认,人气排名明显回落,v1
2026-05-25,603186,华正新材,83,不推送,44.0,17,-4.01,1.03,6.07,72.7,72.7,0.66,-8.33,4.87,-4.5,3.64,6.07,6.07,6.07,当日上涨；收在日内高位；温和放量；近5日强势延续；市场强势且个股相对强势,短线涨幅偏高；偏离20日线较大,v1
2026-04-30,300632,光莆股份,84,不推送,36.0,31,2.13,0.41,3.76,20.27,72.62,2.13,16.31,0.0,13.89,72.62,6.5,22.6,72.62,当日涨停附近；收在日内高位；放量仍可控,短线涨幅过热；偏离20日线较大,v1
2026-04-20,002491,通鼎互联,30,观察池,66.0,39,0.18,0.66,3.55,72.54,72.54,1.14,1.08,0.96,0.9,12.86,9.38,9.38,12.86,人气Top50；当日涨停附近；收在日内高位；近5日趋势升温；站上20日线且不过热；连续上榜确认,量能不足；v1每日精选未入前5,v1
2026-04-16,000657,中钨高新,60,观察池,84.0,41,3.08,8.13,10.0,72.5,72.5,11.39,9.0,8.06,5.74,12.12,17.05,17.05,17.05,当日涨停附近；收在日内高位；温和放量；近5日趋势升温；站上20日线且不过热；连续上榜确认；人气排名明显上升,v1每日精选未入前5,v1
2026-04-20,600176,中国巨石,94,不推送,0.0,39,-0.6,-0.47,0.47,72.19,72.19,5.11,4.86,5.74,5.49,19.02,7.88,10.44,20.59,温和放量；站上20日线且不过热,当日转弱；收盘承接偏弱；近5日趋势未确认,v1
2026-04-16,603629,利通电子,16,观察池,67.0,41,0.79,10.01,10.01,72.18,72.18,5.57,21.52,4.74,20.57,50.66,14.73,24.17,50.67,人气Top20；当日强涨；收盘承接较强；温和放量；近5日强势延续；连续上榜确认,短线涨幅偏高；偏离20日线较大；v1每日精选未入前5,v1
2026-04-20,002081,金螳螂,38,不推送,54.0,39,8.09,10.05,10.05,16.91,71.81,33.09,5.39,23.13,-2.49,71.81,33.09,33.82,71.81,人气Top50；当日涨停附近；收在日内高位；近5日趋势升温；站上20日线且不过热,放量过猛,v1
2026-04-16,002384,东山精密,25,不推送,52.0,41,3.64,8.39,9.96,71.8,71.8,13.27,24.81,9.29,20.43,24.86,15.47,29.72,31.06,人气Top50；收在日内高位；近5日趋势升温；站上20日线且不过热；持续霸榜；人气排名明显上升,热度可能进入后段,v1
2026-04-17,002980,华盛昌,44,不推送,53.0,40,2.82,6.67,8.81,71.7,71.7,11.08,12.54,8.03,9.46,3.69,15.18,15.18,19.26,人气Top50；当日涨停附近；收在日内高位；温和放量；近5日强势延续,短线涨幅偏高；远离20日线过多,v1
2026-04-21,603629,利通电子,63,不推送,0.0,38,0.11,6.93,8.88,63.09,71.54,8.13,17.95,8.02,17.82,65.62,17.62,17.95,71.54,温和放量；近5日强势延续；持续霸榜,当日转弱；收盘承接偏弱；短线涨幅偏高；偏离20日线较大；热度可能进入后段,v1
2026-04-21,002491,通鼎互联,68,不推送,28.0,38,-0.78,2.81,4.48,71.4,71.4,-6.57,-1.13,-5.84,-0.36,23.34,8.66,8.66,23.34,温和放量；近5日趋势升温；站上20日线且不过热；持续霸榜,热度可能进入后段；人气排名明显回落；上影线偏长,v1
2026-04-16,600110,诺德股份,96,不推送,0.0,41,-1.49,-0.6,3.08,71.34,71.34,-0.6,-7.76,0.91,-6.36,6.97,3.08,5.47,12.84,站上20日线且不过热；持续霸榜,当日转弱；收盘承接偏弱；近5日趋势未确认；热度可能进入后段；人气排名明显回落,v1
2026-04-27,002491,通鼎互联,16,观察池,68.0,34,-2.79,-1.55,3.21,70.69,70.69,-6.06,11.65,-3.36,14.86,46.55,3.21,11.65,63.2,人气Top20；当日强涨；收盘承接较强；温和放量；站上20日线且不过热；人气排名明显上升,v1每日精选未入前5,v1
2026-04-22,600186,莲花控股,14,观察池,80.0,37,-0.23,10.01,10.01,70.66,70.66,8.73,25.96,8.98,26.25,19.91,14.09,25.96,34.46,人气Top20；当日上涨；收盘承接较强；温和放量；近5日趋势升温；站上20日线且不过热；连续上榜确认；人气排名明显上升,v1每日精选未入前5,v1
2026-04-23,002491,通鼎互联,94,不推送,16.0,36,-2.91,-7.01,-0.18,70.59,70.59,-1.6,-6.12,1.35,-3.3,48.54,3.15,3.15,48.54,温和放量；近5日趋势升温；站上20日线且不过热；持续霸榜,当日转弱；收盘承接偏弱；热度可能进入后段,v1
2026-05-26,003036,泰坦股份,94,不推送,44.25,16,-2.37,5.35,8.13,70.36,70.36,15.43,10.23,18.23,12.91,33.23,27.49,27.49,33.88,当日涨停附近；收在日内高位；温和放量；震荡市里保持相对强势；震荡市里承接未失控；收盘强势，次日确认,短线涨幅过热；偏离20日线较大；后段人气股在偏弱环境里更谨慎；次日高开或一字风险,v1
2026-04-24,002081,金螳螂,11,不推送,1.0,35,-10.22,-12.07,-3.89,-2.45,70.35,6.95,30.06,19.13,44.87,58.49,6.95,30.06,70.35,人气Top20；近5日强势延续；持续霸榜,当日转弱；收盘承接偏弱；短线涨幅偏高；偏离20日线较大；热度可能进入后段,v1
2026-04-28,002851,麦格米特,35,不推送,0.0,33,4.66,10.0,10.0,70.22,70.22,14.49,16.75,9.39,11.55,21.91,18.53,18.53,37.77,人气Top50；站上20日线且不过热,当日转弱；收盘承接偏弱；近5日趋势未确认,v1
2026-04-21,603738,泰晶科技,28,观察池,74.0,38,0.95,2.45,4.7,70.18,70.18,14.83,4.41,13.74,3.43,35.59,17.39,24.03,35.59,人气Top50；当日涨停附近；收在日内高位；温和放量；近5日趋势升温；人气排名明显上升,偏离20日线较大；v1每日精选未入前5,v1
2026-04-13,600176,中国巨石,11,强推观察,94.0,44,2.99,1.12,3.71,70.04,70.04,2.18,-1.84,-0.79,-4.69,3.55,4.89,6.85,9.06,人气Top20；当日涨停附近；收在日内高位；温和放量；近5日趋势升温；站上20日线且不过热；首次上榜即强势；v1每日精选入选,-,v1
2026-04-14,600105,永鼎股份,41,不推送,24.0,43,0.22,0.97,8.31,69.69,69.69,11.08,11.32,10.84,11.08,20.63,14.31,17.97,37.17,人气Top50；温和放量；近5日趋势升温；站上20日线且不过热；连续上榜确认,当日转弱；收盘承接偏弱；人气排名明显回落,v1
2026-05-06,002428,云南锗业,57,观察池,60.0,30,24.21,29.35,31.44,60.1,69.63,48.71,63.73,19.72,31.81,46.77,48.84,69.52,69.63,当日涨停附近；收在日内高位；温和放量；连续上榜确认；人气排名明显上升,近5日趋势未确认；v1每日精选未入前5,v1
2026-04-10,002916,深南电路,83,不推送,54.0,45,-1.16,2.54,3.0,69.55,69.55,3.4,8.03,4.61,9.29,14.09,11.4,11.4,18.54,当日强涨；收盘承接较强；放量仍可控；近5日趋势升温；站上20日线且不过热,-,v1
2026-04-21,002436,兴森科技,98,不推送,52.0,38,2.69,1.38,4.4,69.44,69.44,0.99,-1.28,-1.66,-3.87,13.36,4.43,7.59,15.95,当日上涨；收盘承接较强；温和放量；近5日趋势升温；站上20日线且不过热,-,v1
2026-04-21,600522,中天科技,23,观察池,62.0,38,0.31,7.34,7.4,69.27,69.27,2.37,7.89,2.06,7.56,26.08,8.01,12.61,26.88,人气Top50；当日上涨；收盘承接较强；放量仍可控；近5日趋势升温；站上20日线且不过热；连续上榜确认,v1每日精选未入前5,v1
2026-04-24,603618,杭电股份,96,不推送,9.0,35,-1.67,-0.65,0.26,69.27,69.27,-3.57,1.73,-1.93,3.46,29.02,0.26,1.73,34.95,温和放量；近5日强势延续；站上20日线且不过热；连续上榜确认,当日转弱；收盘承接偏弱；短线涨幅偏高；人气排名明显回落,v1
2026-04-13,600110,诺德股份,21,观察池,72.0,44,0.1,1.77,3.53,68.99,68.99,-1.37,-1.86,-1.47,-1.96,2.85,6.77,6.77,6.77,人气Top50；当日上涨；收盘承接较强；温和放量；近5日趋势升温；站上20日线且不过热；连续上榜确认；人气排名明显上升,v1每日精选未入前5,v1
2026-05-06,600487,亨通光电,24,不推送,10.0,31,2.74,9.28,10.0,68.95,68.95,17.61,14.31,14.47,11.26,14.87,20.99,21.61,21.61,人气Top50；站上20日线且不过热；持续霸榜；人气排名明显上升,当日转弱；近5日趋势未确认；热度可能进入后段,v1
2026-04-30,600487,亨通光电,40,不推送,6.0,31,2.74,9.28,10.0,68.95,68.95,17.61,14.31,14.47,11.26,14.87,20.99,21.61,21.61,人气Top50；站上20日线且不过热；持续霸榜,当日转弱；近5日趋势未确认；热度可能进入后段,v1
2026-04-22,600487,亨通光电,13,重点观察,89.0,37,1.51,5.69,6.87,68.74,68.74,8.51,2.43,6.9,0.91,14.0,13.24,13.24,21.47,人气Top20；当日涨停附近；收在日内高位；温和放量；近5日强势延续；站上20日线且不过热；持续霸榜；人气排名明显上升；v1每日精选入选,短线涨幅偏高；热度可能进入后段,v1
2026-04-14,002428,云南锗业,73,不推送,42.0,43,1.41,-2.94,1.65,68.58,68.58,5.3,16.17,3.84,14.55,18.34,5.3,19.7,40.56,当日上涨；温和放量；近5日趋势升温；站上20日线且不过热,-,v1
2026-05-27,920161,龙辰科技,88,不推送,0.0,15,-13.68,-3.3,-2.37,3.37,68.21,-8.4,7.47,6.11,24.5,9.3,25.25,25.25,68.21,站上20日线且不过热,收盘承接偏弱；后段人气股在偏弱环境里更谨慎；市场健康度不足，收缩推送,v1
2026-04-28,600396,华电辽能,11,不推送,49.0,33,-6.48,-3.43,4.63,64.81,68.06,1.02,15.19,8.02,23.17,61.39,4.63,22.22,68.06,人气Top20；当日上涨；温和放量；近5日强势延续；持续霸榜；人气排名明显上升,短线涨幅偏高；偏离20日线较大；热度可能进入后段,v1
2026-04-15,600105,永鼎股份,1,不推送,58.0,42,-0.11,5.14,7.88,68.06,68.06,11.35,21.28,11.47,21.41,15.4,16.84,21.28,35.86,人气Top3；温和放量；近5日趋势升温；站上20日线且不过热；连续上榜确认；人气排名明显上升,收盘承接偏弱；上影线偏长,v1
2026-05-22,600183,生益科技,51,观察池,85.0,18,5.59,7.94,9.14,68.03,68.03,22.15,30.42,15.69,23.52,28.12,29.84,35.02,37.21,当日涨停附近；收在日内高位；温和放量；近5日趋势升温；站上20日线且不过热；人气排名明显上升；市场强势且个股相对强势；v2低分涨停修正；收盘强势，次日确认,次日高开或一字风险；v1每日精选未入前5,v1
2026-04-15,600110,诺德股份,52,不推送,0.0,42,0.68,-1.95,1.37,68.0,68.0,-2.44,0.49,-3.1,-0.19,7.22,1.37,2.15,8.39,站上20日线且不过热；连续上榜确认；人气排名明显上升,当日转弱；收盘承接偏弱,v1
2026-05-06,002281,光迅科技,61,观察池,64.0,31,2.0,4.53,9.72,67.73,67.73,25.26,39.66,22.81,36.93,60.03,25.26,44.72,60.03,当日强涨；收盘承接较强；温和放量；近5日趋势升温；站上20日线且不过热；连续上榜确认,人气排名明显回落；v1每日精选未入前5,v1
2026-04-30,002281,光迅科技,18,观察池,80.0,31,2.0,4.53,9.72,67.73,67.73,25.26,39.66,22.81,36.93,60.03,25.26,44.72,60.03,人气Top20；当日强涨；收盘承接较强；温和放量；近5日趋势升温；站上20日线且不过热；人气排名明显上升,v1每日精选未入前5,v1
2026-05-07,603986,兆易创新,71,不推送,41.0,29,-2.62,-4.6,-1.96,67.72,67.72,0.97,1.73,3.69,4.46,23.39,4.97,6.68,32.82,温和放量；近5日趋势升温；站上20日线且不过热；连续上榜确认；市场强势且个股相对强势,人气排名明显回落,v1
2026-05-07,600584,长电科技,84,不推送,38.0,29,-1.56,4.08,5.8,67.68,67.68,13.29,11.38,15.08,13.15,37.08,16.88,18.89,46.19,温和放量；近5日趋势升温；站上20日线且不过热；连续上榜确认,人气排名明显回落,v1
2026-05-27,000636,风华高科,16,观察池,66.38,15,0.86,10.0,10.0,67.48,67.48,24.49,36.91,23.43,35.74,35.26,31.75,39.46,46.07,人气Top20；当日上涨；收盘承接较强；温和放量；近5日强势延续；连续上榜确认；人气排名明显上升；震荡市里保持相对强势；震荡市里承接未失控,短线涨幅偏高；偏离20日线较大；v1每日精选未入前5,v1
2026-04-22,600110,诺德股份,7,不推送,58.0,37,2.43,-10.0,2.91,67.18,67.18,1.75,6.7,-0.66,4.17,6.31,2.91,7.86,16.41,人气Top10；当日上涨；温和放量；站上20日线且不过热；人气排名明显上升,-,v1
2026-05-15,600584,长电科技,5,不推送,58.25,23,1.22,2.73,9.12,43.99,67.14,16.63,28.36,15.23,26.81,44.51,17.81,28.81,67.14,人气Top10；当日上涨；温和放量；近5日趋势升温；站上20日线且不过热；持续霸榜；人气排名明显上升；震荡市里保持相对强势,收盘承接偏弱；热度可能进入后段；上影线偏长,v1
2026-04-28,301308,江波龙,46,不推送,16.0,33,-0.42,8.28,8.81,49.77,67.02,25.84,25.49,26.37,26.02,54.45,25.84,32.98,67.02,人气Top50；温和放量；站上20日线且不过热；连续上榜确认,当日转弱；收盘承接偏弱,v1
2026-04-22,002491,通鼎互联,100,不推送,34.0,37,-1.22,-2.26,5.69,66.72,66.72,-2.32,-3.77,-1.12,-2.59,32.0,5.69,5.69,32.0,温和放量；近5日趋势升温；站上20日线且不过热；持续霸榜,热度可能进入后段；人气排名明显回落,v1
2026-05-15,002181,粤传媒,65,不推送,0.0,23,60.71,35.99,66.23,-12.51,66.23,11.2,5.53,-30.8,-34.34,26.71,66.23,66.23,66.23,温和放量,当日转弱；收盘承接偏弱；近5日趋势未确认；仍在20日线下方；震荡市里相对走弱；后段人气股在偏弱环境里更谨慎；市场健康度不足，收缩推送,v1
2026-05-11,300433,蓝思科技,72,不推送,57.0,27,-1.85,-1.1,-0.55,66.16,66.16,4.83,25.57,6.81,27.93,28.23,8.7,31.41,31.41,当日强涨；收盘承接较强；放量仍可控；近5日趋势升温；站上20日线且不过热；市场强势且个股相对强势,-,v1
2026-05-27,603773,沃格光电,35,观察池,74.38,15,-1.98,10.0,10.0,66.15,66.15,14.5,18.83,16.81,21.23,54.98,14.91,28.79,58.82,人气Top50；当日强涨；收盘承接较强；温和放量；近5日强势延续；连续上榜确认；人气排名明显上升；震荡市里保持相对强势；震荡市里承接未失控；v2连榜升温修正,短线涨幅偏高；偏离20日线较大；v1每日精选未入前5,v1
2026-04-22,603738,泰晶科技,54,不推送,31.0,37,1.35,4.17,5.72,66.1,66.1,9.6,12.11,8.14,10.61,45.58,21.06,21.06,45.58,收盘承接较强；温和放量；近5日强势延续；连续上榜确认,短线涨幅偏高；偏离20日线较大；人气排名明显回落,v1
2026-04-14,600110,诺德股份,70,不推送,24.0,43,0.0,-1.16,4.92,66.06,66.06,-3.66,-3.66,-3.66,-3.66,1.83,4.92,4.92,5.69,近5日趋势升温；站上20日线且不过热；连续上榜确认,人气排名明显回落,v1
2026-04-10,002463,沪电股份,45,不推送,42.0,45,-2.63,-0.17,2.04,65.93,65.93,4.48,10.01,7.3,12.98,15.35,11.67,11.96,23.14,人气Top50；温和放量；近5日趋势升温；站上20日线且不过热,-,v1
2026-04-30,600522,中天科技,49,不推送,12.0,31,1.66,5.34,6.43,65.79,65.79,23.49,33.09,21.47,30.92,34.51,24.28,39.43,39.43,人气Top50；温和放量；站上20日线且不过热；持续霸榜；人气排名明显上升,当日转弱；收盘承接偏弱；近5日趋势未确认；热度可能进入后段,v1
2026-04-10,600105,永鼎股份,1,强推观察,91.0,45,-0.6,1.57,3.96,65.59,65.59,-1.47,8.4,-0.87,9.06,28.64,5.7,11.55,33.86,人气Top3；当日涨停附近；收在日内高位；温和放量；近5日强势延续；首次上榜即强势；v1每日精选入选,短线涨幅偏高；偏离20日线较大,v1
2026-06-04,301217,铜冠铜箔,97,不推送,22.25,9,-2.5,1.38,6.3,65.55,65.55,11.85,16.61,14.72,19.6,,13.08,19.77,,收在日内高位；站上20日线且不过热；震荡市里保持相对强势；震荡市里承接未失控,近5日趋势未确认；后段人气股在偏弱环境里更谨慎,v1
2026-04-16,600176,中国巨石,85,不推送,38.0,41,-1.64,0.94,3.97,65.45,65.45,-4.36,1.0,-2.77,2.68,3.97,3.97,3.97,9.3,当日上涨；温和放量；近5日趋势升温；站上20日线且不过热,人气排名明显回落,v1
2026-04-24,600522,中天科技,8,不推送,30.0,35,3.25,7.74,10.0,65.34,65.34,3.22,5.06,-0.03,1.75,31.29,10.0,10.0,39.05,人气Top10；近5日趋势升温；站上20日线且不过热；持续霸榜；人气排名明显上升,当日转弱；收盘承接偏弱；热度可能进入后段,v1
2026-04-13,002463,沪电股份,83,不推送,32.0,44,2.83,9.44,9.44,65.28,65.28,5.9,9.96,2.98,6.93,17.8,11.23,13.7,22.66,温和放量；近5日趋势升温；站上20日线且不过热；连续上榜确认,人气排名明显回落；上影线偏长,v1
2026-04-14,300308,中际旭创,8,观察池,78.0,43,1.68,0.77,4.51,65.09,65.09,9.96,11.75,8.14,9.91,6.6,11.77,13.58,18.89,人气Top10；当日上涨；温和放量；近5日趋势升温；站上20日线且不过热；连续上榜确认；人气排名明显上升,v1每日精选未入前5,v1
2026-05-13,600584,长电科技,16,观察池,91.0,25,0.52,-5.53,0.52,42.22,65.07,1.46,15.19,0.93,14.59,49.87,7.78,16.35,65.07,人气Top20；当日上涨；收盘承接较强；温和放量；近5日趋势升温；站上20日线且不过热；连续上榜确认；人气排名明显上升；市场强势且个股相对强势；v2连榜升温修正,v1每日精选未入前5,v1
2026-04-27,603629,利通电子,66,不推送,0.0,34,10.0,10.0,10.0,52.1,64.87,33.1,45.88,21.0,32.62,57.05,33.11,53.5,64.87,持续霸榜,当日转弱；偏离20日线较大；热度可能进入后段,v1
2026-05-08,601991,大唐发电,5,观察池,64.0,28,8.3,9.93,9.93,64.8,64.8,33.03,42.96,22.83,32.0,24.37,33.03,46.39,55.96,人气Top10；当日涨停附近；收在日内高位；近5日强势延续；连续上榜确认；市场强势且个股相对强势；收盘强势，次日确认,放量过猛；短线涨幅偏高；偏离20日线较大；次日高开或一字风险；v1每日精选未入前5,v1
2026-04-29,600487,亨通光电,25,不推送,14.0,32,0.47,-2.49,0.92,64.74,64.74,12.73,11.29,12.2,10.77,6.56,13.73,18.58,18.58,人气Top50；站上20日线且不过热；持续霸榜；人气排名明显上升,当日转弱；热度可能进入后段,v1
2026-04-23,603618,杭电股份,23,观察池,85.0,36,0.8,-2.71,5.48,64.69,64.69,-7.48,-10.03,-8.21,-10.74,28.78,5.48,5.48,30.63,人气Top50；当日涨停附近；收在日内高位；温和放量；近5日强势延续；站上20日线且不过热；连续上榜确认；人气排名明显上升,短线涨幅偏高；v1每日精选未入前5,v1
2026-04-13,002080,中材科技,37,观察池,73.0,44,0.78,3.11,3.57,64.36,64.36,-2.57,-2.55,-3.32,-3.3,2.99,3.57,3.57,9.43,人气Top50；当日涨停附近；收在日内高位；温和放量；近5日强势延续；站上20日线且不过热,短线涨幅偏高；v1每日精选未入前5,v1
2026-04-27,600110,诺德股份,29,观察池,74.0,34,-0.76,0.76,4.58,64.31,64.31,2.58,7.73,3.37,8.56,-0.48,8.21,14.41,14.41,人气Top50；当日强涨；收在日内高位；温和放量；站上20日线且不过热；连续上榜确认；人气排名明显上升,v1每日精选未入前5,v1
2026-04-30,600498,烽火通信,58,不推送,0.0,31,1.54,4.09,6.79,64.27,64.27,22.11,26.41,20.25,24.49,21.27,22.11,29.03,34.94,温和放量；连续上榜确认；人气排名明显上升,当日转弱；收盘承接偏弱；近5日趋势未确认；仍在20日线下方,v1
2026-04-14,002008,大族激光,83,不推送,59.0,43,-0.34,-4.97,-0.11,64.26,64.26,5.63,11.97,5.99,12.35,26.99,8.23,15.6,33.93,当日强涨；收在日内高位；温和放量；近5日强势延续；站上20日线且不过热,短线涨幅偏高,v1
2026-05-08,300570,太辰光,89,不推送,53.0,28,0.94,10.3,13.12,64.09,64.09,10.01,-1.05,8.99,-1.97,-0.42,18.45,18.45,18.45,当日强涨；温和放量；近5日趋势升温；站上20日线且不过热；市场强势且个股相对强势,-,v1
2026-05-18,600584,长电科技,15,不推送,22.25,22,-1.74,4.99,5.32,41.16,63.85,15.4,38.42,17.45,40.87,30.61,23.07,38.42,63.85,人气Top20；温和放量；站上20日线且不过热；持续霸榜；震荡市里保持相对强势,当日转弱；收盘承接偏弱；热度可能进入后段,v1
2026-04-20,002384,东山精密,63,不推送,12.0,39,0.12,7.9,9.99,63.64,63.64,18.89,18.92,18.75,18.77,34.44,23.57,24.84,34.44,温和放量；近5日趋势升温；站上20日线且不过热；持续霸榜,当日转弱；收盘承接偏弱；热度可能进入后段；人气排名明显回落,v1
2026-04-15,300308,中际旭创,35,不推送,28.0,42,-1.1,3.67,3.73,63.61,63.61,8.85,13.54,10.06,14.81,8.34,12.56,14.39,17.82,人气Top50；温和放量；近5日趋势升温；站上20日线且不过热；连续上榜确认,收盘承接偏弱；人气排名明显回落；上影线偏长,v1
2026-04-13,600105,永鼎股份,15,不推送,48.0,44,-1.55,-3.93,-0.21,63.02,63.02,1.99,8.01,3.6,9.71,25.37,4.65,13.33,31.78,人气Top20；温和放量；近5日趋势升温；连续上榜确认,偏离20日线较大,v1
2026-05-06,688008,澜起科技,36,不推送,42.0,31,9.81,14.82,18.62,51.47,62.72,21.33,38.89,10.49,26.48,42.59,22.91,45.6,62.72,人气Top50；温和放量；近5日趋势升温；站上20日线且不过热,-,v1
2026-04-28,600487,亨通光电,38,不推送,6.0,33,-1.89,-1.33,-0.13,62.54,62.54,5.14,13.15,7.16,15.33,2.21,5.83,16.4,17.0,人气Top50；近5日趋势升温；站上20日线且不过热；持续霸榜,当日转弱；收盘承接偏弱；热度可能进入后段；人气排名明显回落,v1
2026-04-17,600707,彩虹股份,27,观察池,80.0,40,6.16,10.01,10.01,62.52,62.52,13.74,3.59,7.13,-2.42,5.52,17.72,17.72,17.72,人气Top50；当日涨停附近；收在日内高位；温和放量；近5日趋势升温；站上20日线且不过热,v1每日精选未入前5,v1
2026-05-22,603256,宏和科技,100,观察池,81.0,18,5.1,10.01,10.01,62.52,62.52,12.9,26.85,7.42,20.7,23.03,19.77,30.53,32.09,当日涨停附近；收在日内高位；温和放量；近5日趋势升温；站上20日线且不过热；市场强势且个股相对强势；v2低分涨停修正；收盘强势，次日确认,次日高开或一字风险；v1每日精选未入前5,v1
2026-05-11,603986,兆易创新,59,观察池,65.0,27,0.0,-2.37,0.02,62.17,62.17,-1.64,10.48,-1.65,10.48,42.47,3.15,14.04,42.47,当日强涨；温和放量；近5日趋势升温；站上20日线且不过热；连续上榜确认；人气排名明显上升；市场强势且个股相对强势,v1每日精选未入前5,v1
2026-04-10,603459,红板科技,25,不推送,52.0,45,-1.72,14.05,27.03,62.15,62.15,24.18,22.17,26.36,24.31,9.11,27.03,31.84,31.84,人气Top50；当日涨停附近；温和放量；站上20日线且不过热,-,v1
2026-05-07,601208,东材科技,57,观察池,74.0,29,2.41,2.08,5.69,62.09,62.09,4.63,2.46,2.16,0.04,5.58,5.85,10.7,16.63,当日涨停附近；收在日内高位；温和放量；近5日强势延续；站上20日线且不过热；市场强势且个股相对强势；v2低分涨停修正；收盘强势，次日确认,短线涨幅偏高；次日高开或一字风险；v1每日精选未入前5,v1
2026-04-27,301308,江波龙,33,不推送,48.0,34,1.41,-3.24,4.21,45.3,62.03,1.7,22.59,0.28,20.89,51.99,5.55,29.01,62.03,人气Top50；当日上涨；收盘承接较强；温和放量；站上20日线且不过热,-,v1
2026-06-10,301217,铜冠铜箔,62,不推送,8.88,5,-1.47,4.22,5.46,47.96,61.89,38.57,47.96,40.63,50.16,,38.57,61.89,,温和放量；近5日趋势升温；站上20日线且不过热,收盘承接偏弱；上影线偏长；弱市先收缩执行；后段人气股在偏弱环境里更谨慎,v1
2026-04-27,300054,鼎龙股份,61,不推送,12.0,34,2.98,5.13,9.57,61.84,61.84,10.74,22.18,7.54,18.64,23.21,12.2,24.29,31.22,温和放量；近5日趋势升温；站上20日线且不过热,当日转弱；收盘承接偏弱,v1
2026-05-15,002342,巨力索具,85,不推送,0.0,23,61.7,61.7,61.7,-5.09,61.7,31.36,21.74,-18.76,-24.71,4.44,61.7,61.7,61.7,持续霸榜,当日转弱；收盘承接偏弱；近5日趋势未确认；仍在20日线下方；热度可能进入后段；人气排名明显回落；震荡市里相对走弱；后段人气股在偏弱环境里更谨慎；市场健康度不足，收缩推送,v1
2026-04-15,603083,剑桥科技,97,不推送,24.0,42,-0.72,4.77,5.22,61.6,61.6,20.84,36.65,21.71,37.63,35.48,26.79,40.37,40.37,当日上涨；温和放量；近5日趋势升温；站上20日线且不过热,收盘承接偏弱；上影线偏长,v1
2026-05-27,600487,亨通光电,52,不推送,0.0,15,-1.73,2.61,3.33,61.6,61.6,10.0,33.11,11.94,35.45,55.6,17.64,33.11,60.13,温和放量；持续霸榜,当日转弱；收盘承接偏弱；近5日趋势未确认；热度可能进入后段；震荡市里相对走弱；后段人气股在偏弱环境里更谨慎；市场健康度不足，收缩推送,v1
2026-06-01,600498,烽火通信,99,不推送,0.0,12,-0.53,4.1,6.01,61.26,61.26,10.94,14.62,11.52,15.22,42.65,13.54,22.15,44.06,温和放量,当日转弱；收盘承接偏弱；近5日趋势未确认；仍在20日线下方；人气排名明显回落；弱市先收缩执行；后段人气股在偏弱环境里更谨慎；市场健康度不足，收缩推送；市场健康度偏弱,v1
2026-04-23,600522,中天科技,53,不推送,24.0,36,-0.21,-2.52,1.26,61.17,61.17,2.73,-2.79,2.94,-2.59,29.38,7.22,7.22,35.54,温和放量；近5日趋势升温；站上20日线且不过热；持续霸榜,当日转弱；热度可能进入后段；人气排名明显回落,v1
2026-04-13,002580,圣阳股份,1,观察池,93.0,44,9.15,10.01,10.01,2.01,61.11,33.14,58.05,21.98,44.8,38.03,33.14,61.11,61.11,人气Top3；当日涨停附近；收在日内高位；温和放量；近5日强势延续；连续上榜确认,短线涨幅偏高；偏离20日线较大；v1每日精选未入前5,v1
2026-04-20,002980,华盛昌,85,不推送,29.0,39,-2.41,5.38,7.97,60.96,60.96,-2.69,3.72,-0.29,6.28,6.92,7.97,7.97,11.79,当日上涨；收盘承接较强；温和放量；近5日强势延续；连续上榜确认,短线涨幅偏高；远离20日线过多；人气排名明显回落,v1
2026-05-13,603986,兆易创新,74,不推送,61.0,25,0.01,-2.42,2.33,60.89,60.89,9.61,21.97,9.59,21.95,41.16,13.14,21.97,51.77,当日上涨；收在日内高位；温和放量；近5日趋势升温；站上20日线且不过热；市场强势且个股相对强势,-,v1
2026-05-15,600487,亨通光电,29,不推送,5.25,23,0.01,4.06,5.72,60.87,60.87,9.83,5.87,9.81,5.85,11.77,13.23,13.23,13.23,人气Top50；温和放量；站上20日线且不过热；持续霸榜；人气排名明显上升,当日转弱；收盘承接偏弱；近5日趋势未确认；热度可能进入后段；震荡市里相对走弱；市场健康度不足，收缩推送,v1
2026-06-08,301217,铜冠铜箔,62,不推送,54.38,7,4.16,8.54,9.73,60.65,60.65,13.16,50.45,8.64,44.45,,16.22,50.45,,收在日内高位；温和放量；近5日趋势升温；站上20日线且不过热；人气排名明显上升；弱市中个股相对抗跌,后段人气股在偏弱环境里更谨慎,v1
2026-04-17,600552,凯盛科技,69,观察池,72.0,40,-0.07,0.07,2.93,60.65,60.65,4.53,0.4,4.6,0.47,5.66,6.52,6.52,10.32,当日涨停附近；收在日内高位；温和放量；近5日趋势升温；站上20日线且不过热,v1每日精选未入前5,v1
2026-05-08,605111,新洁能,42,观察池,63.0,28,3.34,5.77,6.41,60.5,60.5,14.69,7.83,10.98,4.34,29.64,14.71,17.05,33.84,人气Top50；当日上涨；收盘承接较强；温和放量；近5日趋势升温；站上20日线且不过热；市场强势且个股相对强势,v1每日精选未入前5,v1
2026-04-22,603629,利通电子,68,不推送,46.0,37,-0.18,7.65,10.0,52.52,60.43,0.28,21.34,0.46,21.56,50.48,10.0,21.34,60.43,当日上涨；收盘承接较强；温和放量；近5日趋势升温；持续霸榜,偏离20日线较大；热度可能进入后段,v1
2026-04-24,600186,莲花控股,56,不推送,16.0,35,0.55,2.19,4.81,60.39,60.39,18.38,24.73,17.74,24.05,17.29,18.38,26.37,26.37,温和放量；近5日趋势升温；站上20日线且不过热；连续上榜确认,当日转弱；收盘承接偏弱；人气排名明显回落,v1
2026-04-16,002297,博云新材,39,不推送,37.0,41,5.78,10.01,10.01,60.32,60.32,18.1,38.31,11.64,30.75,52.36,30.04,38.81,57.96,人气Top50；当日涨停附近；收在日内高位；近5日强势延续,放量过猛；短线涨幅偏高；偏离20日线较大,v1
2026-04-29,600522,中天科技,67,不推送,12.0,32,0.06,-3.38,0.2,60.18,60.18,11.96,27.95,11.9,27.87,28.21,11.96,31.24,34.71,收盘承接较强；站上20日线且不过热；持续霸榜；人气排名明显上升,当日转弱；近5日趋势未确认；热度可能进入后段,v1
2026-04-20,000725,京东方A,90,不推送,16.0,39,0.0,0.72,3.58,60.14,60.14,0.0,0.48,0.0,0.48,0.48,3.58,3.58,3.58,当日上涨；站上20日线且不过热,-,v1
2026-04-17,002428,云南锗业,16,强推观察,92.0,40,3.0,10.0,10.0,60.1,60.1,21.35,24.39,17.82,20.76,24.21,21.35,33.48,33.48,人气Top20；当日涨停附近；收在日内高位；温和放量；近5日趋势升温；站上20日线且不过热；人气排名明显上升；v1每日精选入选,-,v1
2026-05-26,600487,亨通光电,36,不推送,0.0,16,-1.11,-1.04,3.16,59.92,59.92,11.11,19.75,12.35,21.1,51.3,11.7,19.75,51.3,人气Top50；温和放量；持续霸榜,当日转弱；收盘承接偏弱；近5日趋势未确认；热度可能进入后段；震荡市里相对走弱,v1
2026-04-16,600105,永鼎股份,33,不推送,50.0,41,0.0,4.64,7.68,59.84,59.84,4.86,22.88,4.86,22.88,7.45,11.12,26.86,29.21,人气Top50；当日上涨；温和放量；近5日趋势升温；站上20日线且不过热；持续霸榜,热度可能进入后段；人气排名明显回落,v1
2026-06-04,688146,中船特气,86,不推送,53.25,9,4.48,5.44,10.89,55.12,59.73,14.53,59.73,9.62,52.88,,21.15,59.73,,当日涨停附近；收在日内高位；温和放量；近5日强势延续；震荡市里保持相对强势；震荡市里承接未失控；v2低分涨停修正；收盘强势，次日确认,短线涨幅偏高；远离20日线过多；后段人气股在偏弱环境里更谨慎；次日高开或一字风险,v1
2026-04-23,600487,亨通光电,8,观察池,73.0,36,-2.19,0.03,2.56,59.67,59.67,-1.77,-5.49,0.43,-3.38,8.03,7.15,7.15,14.93,人气Top10；当日上涨；收盘承接较强；温和放量；近5日强势延续；站上20日线且不过热；持续霸榜,短线涨幅偏高；热度可能进入后段；v1每日精选未入前5,v1
2026-05-12,600584,长电科技,33,不推送,45.0,26,-3.13,4.07,4.94,48.01,59.65,5.09,10.08,8.48,13.64,59.65,8.13,12.17,59.65,人气Top50；温和放量；近5日趋势升温；站上20日线且不过热；连续上榜确认；市场强势且个股相对强势；v2热点回踩观察,当日转弱；收盘承接偏弱,v1
2026-04-24,600487,亨通光电,10,观察池,62.0,35,0.0,2.65,7.12,59.62,59.62,-3.11,3.25,-3.11,3.25,8.47,7.12,7.12,14.9,人气Top10；温和放量；近5日趋势升温；站上20日线且不过热；持续霸榜,热度可能进入后段；v1每日精选未入前5,v1
2026-04-17,000657,中钨高新,41,观察池,64.0,40,1.85,4.31,8.25,59.53,59.53,3.58,-1.67,1.7,-3.46,10.46,8.25,8.25,11.96,人气Top50；当日强涨；放量仍可控；近5日趋势升温；站上20日线且不过热；连续上榜确认；人气排名明显上升,v1每日精选未入前5,v1
2026-05-29,301217,铜冠铜箔,16,不推送,27.0,13,-3.04,-7.99,1.1,59.38,59.38,-5.79,-2.4,-2.84,0.65,24.39,1.1,2.33,29.82,人气Top20；温和放量；近5日强势延续；站上20日线且不过热；连续上榜确认；人气排名明显上升,当日转弱；收盘承接偏弱；短线涨幅偏高；弱市先收缩执行,v1
2026-04-28,603399,永杉锂业,90,不推送,58.0,33,-0.69,9.98,9.98,23.96,59.2,33.06,49.66,33.98,50.69,28.51,33.06,54.96,59.2,当日涨停附近；收在日内高位；近5日趋势升温；站上20日线且不过热,-,v1
2026-05-06,301308,江波龙,9,不推送,40.0,31,7.45,19.75,19.75,42.52,58.93,19.42,39.77,11.13,30.08,39.97,26.54,42.39,58.93,人气Top10；温和放量；近5日趋势升温；站上20日线且不过热；人气排名明显上升,当日转弱；收盘承接偏弱,v1
2026-05-11,605006,山东玻纤,76,不推送,42.0,27,6.97,3.85,8.19,58.92,58.92,-5.44,-11.37,-11.6,-17.14,-0.43,8.19,8.19,8.19,当日涨停附近；收在日内高位；近5日强势延续；市场强势且个股相对强势；v2低分涨停修正；收盘强势，次日确认,量能不足；短线涨幅偏高；偏离20日线较大；次日高开或一字风险,v1
2026-05-21,600487,亨通光电,29,不推送,0.0,19,1.09,4.51,4.86,58.8,58.8,-0.7,0.83,-1.77,-0.25,40.01,5.49,5.49,41.62,人气Top50；温和放量；持续霸榜,当日转弱；收盘承接偏弱；近5日趋势未确认；热度可能进入后段；弱市先收缩执行；弱市里的长连榜样本优先降权；市场健康度不足，收缩推送；市场健康度偏弱,v1
2026-04-10,001309,德明利,9,强推观察,102.0,45,0.65,7.66,9.23,58.67,58.67,12.07,14.86,11.34,14.12,9.53,16.27,18.5,21.84,人气Top10；当日涨停附近；收在日内高位；温和放量；近5日趋势升温；站上20日线且不过热；首次上榜即强势；v1每日精选入选,-,v1
2026-04-24,603629,利通电子,72,不推送,0.0,35,-2.11,-0.84,2.35,50.82,58.64,19.99,45.17,22.57,48.31,57.84,19.99,45.17,58.64,温和放量；持续霸榜,当日转弱；收盘承接偏弱；偏离20日线较大；热度可能进入后段；人气排名明显回落,v1
2026-06-09,301526,国际复材,79,观察池,75.0,6,-2.17,-0.59,2.09,58.64,58.64,12.15,52.52,14.63,55.9,,19.52,56.11,,当日涨停附近；收在日内高位；温和放量；近5日趋势升温；站上20日线且不过热；市场强势且个股相对强势；收盘强势，次日确认,次日高开或一字风险；v1每日精选未入前5,v1
2026-05-14,300433,蓝思科技,58,不推送,16.88,24,5.23,5.88,8.33,58.5,58.5,17.49,13.0,11.65,7.38,24.51,25.35,25.35,29.06,温和放量；近5日趋势升温；站上20日线且不过热；连续上榜确认；人气排名明显上升,当日转弱；收盘承接偏弱；弱市先收缩执行；后段人气股在偏弱环境里更谨慎,v1
2026-04-17,002384,东山精密,34,观察池,62.0,40,-0.01,-3.15,3.76,58.49,58.49,14.95,15.92,14.97,15.93,18.37,14.95,20.91,22.81,人气Top50；当日强涨；收盘承接较强；温和放量；近5日趋势升温；持续霸榜,偏离20日线较大；热度可能进入后段；v1每日精选未入前5,v1
2026-05-19,300394,天孚通信,81,不推送,13.12,21,-0.75,-1.11,1.65,27.26,58.43,2.62,57.18,3.4,58.37,25.94,3.31,58.43,58.43,温和放量；近5日趋势升温；持续霸榜；震荡市里保持相对强势,当日转弱；仍在20日线下方；热度可能进入后段；后段人气股在偏弱环境里更谨慎,v1
2026-05-06,600176,中国巨石,82,不推送,16.0,31,1.48,6.7,8.96,58.26,58.26,9.59,9.07,8.0,7.48,0.61,11.62,15.04,15.04,温和放量；站上20日线且不过热；连续上榜确认,当日转弱；人气排名明显回落,v1
2026-04-30,600176,中国巨石,53,不推送,16.0,31,1.48,6.7,8.96,58.26,58.26,9.59,9.07,8.0,7.48,0.61,11.62,15.04,15.04,温和放量；站上20日线且不过热；人气排名明显上升,当日转弱,v1
2026-05-22,600396,华电辽能,55,不推送,15.5,18,1.3,10.03,10.03,22.25,58.24,27.54,37.57,25.9,35.8,37.43,27.54,42.86,58.24,收盘承接较强；站上20日线且不过热；持续霸榜；人气排名明显上升,近5日趋势未确认；热度可能进入后段；强势市里个股相对走弱；市场健康度不足，收缩推送,v1
2026-04-15,600498,烽火通信,65,不推送,0.0,42,-0.99,0.31,1.07,58.17,58.17,9.26,16.05,10.35,17.21,6.23,11.14,17.31,18.3,站上20日线且不过热,当日转弱；收盘承接偏弱；近5日趋势未确认,v1
2026-04-29,002081,金螳螂,8,观察池,90.0,32,-5.97,7.65,7.65,-11.01,58.02,30.78,32.84,39.09,41.27,29.48,30.78,37.13,58.02,人气Top10；当日涨停附近；收在日内高位；温和放量；近5日趋势升温；持续霸榜,偏离20日线较大；热度可能进入后段；v1每日精选未入前5,v1
2026-04-15,002463,沪电股份,43,不推送,24.0,42,-1.11,1.21,2.35,57.95,57.95,5.09,10.77,6.27,12.01,9.38,8.67,11.55,17.22,人气Top50；温和放量；近5日趋势升温；站上20日线且不过热；连续上榜确认,当日转弱；收盘承接偏弱；人气排名明显回落,v1
2026-04-16,300308,中际旭创,11,观察池,82.0,41,3.88,5.12,6.85,57.82,57.82,6.83,10.81,2.84,6.67,6.05,8.58,13.65,13.65,人气Top20；当日上涨；收在日内高位；温和放量；近5日趋势升温；站上20日线且不过热；持续霸榜；人气排名明显上升,热度可能进入后段；v1每日精选未入前5,v1
2026-04-22,600522,中天科技,19,观察池,83.0,37,-2.35,-2.15,0.63,57.7,57.7,2.76,-1.55,5.24,0.82,25.96,4.91,4.91,29.21,人气Top20；当日强涨；收在日内高位；温和放量；近5日强势延续；站上20日线且不过热；连续上榜确认,短线涨幅偏高；v1每日精选未入前5,v1
2026-04-23,600726,华电能源,42,观察池,80.0,36,4.93,10.06,10.06,57.5,57.5,33.21,25.05,26.94,19.17,46.11,33.21,44.78,55.79,人气Top50；当日涨停附近；收在日内高位；温和放量；近5日趋势升温；站上20日线且不过热,v1每日精选未入前5,v1
2026-05-28,600487,亨通光电,36,不推送,49.0,14,0.01,9.42,10.0,57.49,57.49,17.93,38.86,17.92,38.84,45.29,17.93,40.45,56.06,人气Top50；收在日内高位；温和放量；持续霸榜；人气排名明显上升；市场强势且个股相对强势,热度可能进入后段,v1
2026-04-21,002081,金螳螂,12,观察池,77.0,38,10.02,10.02,10.02,6.24,57.02,8.91,5.57,-1.01,-4.05,48.55,21.6,21.6,57.02,人气Top20；当日涨停附近；收在日内高位；放量仍可控；近5日强势延续；连续上榜确认；人气排名明显上升,短线涨幅偏高；偏离20日线较大；v1每日精选未入前5,v1
2026-04-27,600186,莲花控股,43,不推送,50.0,34,0.21,5.35,8.67,56.96,56.96,14.78,19.16,14.53,18.91,12.85,23.66,23.66,23.66,人气Top50；温和放量；近5日趋势升温；站上20日线且不过热；持续霸榜；人气排名明显上升,热度可能进入后段,v1
2026-04-28,600522,中天科技,83,不推送,12.0,33,-2.29,-2.06,-1.46,56.89,56.89,-0.31,16.86,2.02,19.59,17.11,0.71,17.6,31.94,温和放量；近5日趋势升温；站上20日线且不过热；持续霸榜,当日转弱；收盘承接偏弱；热度可能进入后段；人气排名明显回落,v1
2026-04-16,002008,大族激光,64,观察池,76.0,41,1.77,0.8,3.28,56.73,56.73,6.84,19.3,4.99,17.23,15.98,10.3,19.3,27.8,当日涨停附近；收在日内高位；温和放量；近5日趋势升温；站上20日线且不过热；人气排名明显上升,v1每日精选未入前5,v1
2026-05-13,300433,蓝思科技,79,观察池,63.0,25,0.03,-1.16,2.48,56.65,56.65,18.38,11.07,18.35,11.04,23.22,23.89,23.89,25.42,当日强涨；收盘承接较强；温和放量；近5日趋势升温；站上20日线且不过热；市场强势且个股相对强势,v1每日精选未入前5,v1
2026-04-17,603629,利通电子,10,观察池,60.0,40,2.43,1.75,4.3,56.52,56.52,2.62,3.77,0.19,1.31,50.65,4.5,12.88,50.65,人气Top10；当日涨停附近；收在日内高位；温和放量；持续霸榜,短线涨幅过热；远离20日线过多；热度可能进入后段；v1每日精选未入前5,v1
2026-04-24,000066,中国长城,71,不推送,0.0,35,1.03,1.95,4.86,8.27,56.47,9.54,32.52,8.42,31.17,53.13,10.64,32.52,56.47,站上20日线且不过热,收盘承接偏弱,v1
2026-04-29,000657,中钨高新,72,不推送,56.0,32,1.2,1.54,4.52,56.22,56.22,10.26,5.81,8.95,4.55,-0.61,12.21,12.21,12.21,当日涨停附近；收在日内高位；温和放量；站上20日线且不过热,近5日趋势未确认,v1
2026-04-22,002938,鹏鼎控股,57,不推送,55.0,37,1.64,-1.0,3.26,56.22,56.22,1.31,-4.41,-0.32,-5.95,3.83,3.26,3.26,4.9,当日涨停附近；收在日内高位；温和放量；近5日强势延续,短线涨幅偏高；偏离20日线较大,v1
2026-04-30,600246,万通发展,96,观察池,72.0,31,4.79,2.22,6.03,56.12,56.12,8.78,16.13,3.81,10.83,23.4,12.15,19.33,23.4,当日涨停附近；收在日内高位；温和放量；近5日趋势升温；站上20日线且不过热,v1每日精选未入前5,v1
2026-05-19,600584,长电科技,14,观察池,81.38,21,-1.69,8.9,10.0,34.45,56.06,19.85,45.03,21.91,47.52,23.91,20.28,45.03,56.06,人气Top20；当日上涨；收在日内高位；温和放量；近5日趋势升温；站上20日线且不过热；持续霸榜；震荡市里保持相对强势；震荡市里承接未失控,热度可能进入后段；v1每日精选未入前5,v1
2026-05-15,603778,国晟科技,83,不推送,0.0,23,34.66,40.02,42.08,3.74,55.86,55.3,48.94,15.32,10.6,4.24,55.86,55.86,55.86,温和放量,当日转弱；收盘承接偏弱；近5日趋势未确认；仍在20日线下方；人气排名明显回落；震荡市里相对走弱；后段人气股在偏弱环境里更谨慎；市场健康度不足，收缩推送,v1
2026-05-27,002484,江海股份,91,观察池,36.25,15,6.93,9.99,9.99,55.82,55.82,17.54,30.07,9.92,21.64,30.09,22.51,34.99,43.08,当日涨停附近；收在日内高位；近5日趋势升温；震荡市里保持相对强势；震荡市里承接未失控,量能不足；偏离20日线较大；一字或近似一字，参与点差；后段人气股在偏弱环境里更谨慎；一字板不可买,v1
2026-05-25,600183,生益科技,60,不推送,61.0,17,-0.73,10.07,10.07,55.68,55.68,16.52,16.51,17.37,17.37,15.85,20.29,27.12,27.12,当日强涨；收盘承接较强；温和放量；近5日趋势升温；连续上榜确认；市场强势且个股相对强势,偏离20日线较大,v1
2026-04-17,600498,烽火通信,63,不推送,4.0,40,2.7,7.51,9.36,55.63,55.63,14.19,6.07,11.19,3.28,-1.38,15.43,16.4,16.4,站上20日线且不过热,近5日趋势未确认,v1
2026-04-27,600487,亨通光电,5,不推送,44.0,34,-1.93,-4.33,0.31,55.51,55.51,-7.96,6.42,-6.14,8.51,3.67,0.31,7.36,11.94,人气Top10；温和放量；近5日趋势升温；站上20日线且不过热；持续霸榜,收盘承接偏弱；热度可能进入后段；上影线偏长,v1
2026-06-11,301217,铜冠铜箔,82,不推送,56.38,4,5.44,10.8,15.64,41.97,55.34,39.22,,32.04,,,55.34,,,当日上涨；收盘承接较强；温和放量；近5日趋势升温；站上20日线且不过热；连续上榜确认；弱市中个股相对抗跌,人气排名明显回落；后段人气股在偏弱环境里更谨慎,v1
2026-05-21,600396,华电辽能,67,不推送,0.0,19,1.12,2.32,3.3,25.09,55.31,18.62,35.35,17.3,33.84,54.39,23.68,42.02,55.31,站上20日线且不过热；持续霸榜,当日转弱；收盘承接偏弱；近5日趋势未确认；热度可能进入后段；人气排名明显回落；弱市先收缩执行；后段人气股在偏弱环境里更谨慎；弱市里的长连榜样本优先降权；市场健康度不足，收缩推送；市场健康度偏弱,v1
2026-04-20,600206,有研新材,61,观察池,66.0,39,-1.8,-2.89,-0.35,55.31,55.31,1.29,4.22,3.14,6.12,14.09,7.49,8.31,16.08,当日涨停附近；收在日内高位；放量仍可控；近5日趋势升温；站上20日线且不过热,v1每日精选未入前5,v1
2026-04-20,603629,利通电子,53,不推送,0.0,39,-3.06,-5.68,-1.19,53.83,55.25,8.58,1.14,12.0,4.33,47.54,10.94,10.94,55.25,温和放量；持续霸榜,短线涨幅过热；远离20日线过多；热度可能进入后段；人气排名明显回落,v1
2026-04-16,002463,沪电股份,92,不推送,20.0,41,-1.29,2.92,4.75,55.24,55.24,5.21,12.42,6.59,13.89,8.12,6.8,15.21,15.21,近5日趋势升温；站上20日线且不过热；持续霸榜,热度可能进入后段；人气排名明显回落,v1
2026-05-18,600487,亨通光电,45,不推送,18.25,22,-1.54,5.55,6.45,55.24,55.24,-2.24,2.67,-0.71,4.28,5.68,9.27,9.27,13.02,人气Top50；站上20日线且不过热；持续霸榜；震荡市里保持相对强势,近5日趋势未确认；热度可能进入后段,v1
2026-04-23,600186,莲花控股,13,强推观察,96.0,36,1.38,-3.28,3.7,55.13,55.13,4.13,13.44,2.71,11.9,5.71,7.41,22.22,22.22,人气Top20；当日涨停附近；收在日内高位；温和放量；近5日趋势升温；站上20日线且不过热；连续上榜确认；v1每日精选入选,-,v1
2026-04-14,300857,协创数据,29,观察池,84.0,43,12.27,12.47,15.68,49.96,55.02,27.0,22.06,13.12,8.71,46.6,29.05,29.05,55.02,人气Top50；当日涨停附近；收在日内高位；温和放量；近5日趋势升温；站上20日线且不过热；人气排名明显上升,v1每日精选未入前5,v1
2026-05-12,600667,太极实业,22,收盘强势观察,86.0,26,-3.59,8.07,9.7,55.01,55.01,0.65,6.76,4.4,10.74,8.15,11.08,11.08,13.53,人气Top50；当日涨停附近；收在日内高位；放量仍可控；近5日强势延续；站上20日线且不过热；市场强势且个股相对强势；v2强势延续修正；v2低分涨停修正；收盘强势，次日确认；v1每日精选入选,短线涨幅偏高；次日高开或一字风险,v1
2026-05-12,601208,东材科技,38,观察池,67.0,26,-1.29,4.97,5.8,54.92,54.92,-3.53,1.21,-2.27,2.53,12.8,5.8,5.8,16.93,人气Top50；当日上涨；收盘承接较强；温和放量；近5日趋势升温；站上20日线且不过热；人气排名明显上升；市场强势且个股相对强势,v1每日精选未入前5,v1
2026-04-28,300308,中际旭创,36,不推送,8.0,33,-1.06,2.55,4.61,54.87,54.87,3.88,7.52,5.0,8.68,27.41,7.89,9.1,33.48,人气Top50；温和放量；站上20日线且不过热；持续霸榜,当日转弱；收盘承接偏弱；近5日趋势未确认；热度可能进入后段,v1
2026-05-22,300394,天孚通信,64,不推送,47.0,18,0.11,6.52,6.8,24.01,54.38,15.09,22.24,14.97,22.11,22.73,54.38,54.38,54.38,当日涨停附近；收在日内高位；温和放量；人气排名明显上升；市场强势且个股相对强势；收盘强势，次日确认,近5日趋势未确认；仍在20日线下方；次日高开或一字风险,v1
2026-04-15,300136,信维通信,89,不推送,0.0,42,-0.79,1.82,3.14,54.1,54.1,13.5,16.01,14.41,16.94,24.76,15.26,16.72,32.77,温和放量；站上20日线且不过热,当日转弱；收盘承接偏弱,v1
2026-04-13,003031,中瓷电子,99,观察池,66.0,44,0.86,0.29,2.11,53.95,53.95,-1.78,14.32,-2.62,13.34,21.9,4.13,18.16,27.84,当日强涨；收在日内高位；温和放量；近5日趋势升温；站上20日线且不过热,v1每日精选未入前5,v1
2026-04-29,301308,江波龙,44,观察池,82.0,32,-1.28,-3.42,-0.31,37.99,53.88,16.42,34.12,17.93,35.86,42.71,22.52,36.12,53.88,人气Top50；当日强涨；收在日内高位；温和放量；近5日趋势升温；站上20日线且不过热；连续上榜确认,v1每日精选未入前5,v1
2026-04-17,600330,天通股份,9,观察池,72.0,40,9.99,9.99,9.99,53.75,53.75,19.05,19.14,8.24,8.33,24.3,19.05,26.69,31.06,人气Top10；当日涨停附近；收在日内高位；近5日趋势升温；站上20日线且不过热；人气排名明显上升,量能不足；一字或近似一字，参与点差；v1每日精选未入前5,v1
2026-04-27,000066,中国长城,80,不推送,42.0,34,-0.83,6.32,8.53,6.2,53.49,18.19,42.99,19.18,44.2,35.18,18.19,42.99,53.49,温和放量；近5日趋势升温；站上20日线且不过热；连续上榜确认,-,v1
2026-04-27,600522,中天科技,6,重点观察,78.0,34,0.0,-2.18,1.9,53.47,53.47,-7.43,7.27,-7.43,7.27,23.25,1.9,7.27,29.07,人气Top10；当日强涨；温和放量；近5日趋势升温；站上20日线且不过热；持续霸榜；v1每日精选入选,热度可能进入后段,v1
2026-05-06,600522,中天科技,53,不推送,54.0,30,0.89,7.27,7.27,53.47,53.47,22.58,21.86,21.5,20.78,26.91,25.74,29.07,32.48,当日强涨；温和放量；近5日趋势升温；站上20日线且不过热；持续霸榜,热度可能进入后段,v1
2026-04-21,600736,苏州高新,65,不推送,58.0,38,5.78,9.97,9.97,9.39,53.32,22.83,13.01,16.12,6.83,42.49,33.09,33.09,53.32,当日涨停附近；收在日内高位；近5日趋势升温；站上20日线且不过热,-,v1
2026-05-28,001896,豫能控股,98,不推送,0.0,14,-1.4,4.33,9.05,38.69,53.22,16.32,40.79,17.97,42.79,35.18,20.33,40.79,53.22,持续霸榜,当日转弱；近5日趋势未确认；热度可能进入后段；人气排名明显回落；强势市里个股相对走弱,v1
2026-04-10,688525,佰维存储,85,不推送,42.0,45,-0.63,5.94,6.81,53.2,53.2,18.18,12.07,18.92,12.78,10.35,21.83,21.83,22.14,当日上涨；温和放量；近5日趋势升温；站上20日线且不过热,-,v1
2026-06-08,002636,金安国纪,55,不推送,51.38,7,10.0,10.0,10.0,49.59,53.17,32.54,52.14,20.49,38.31,,33.1,53.17,,当日涨停附近；收在日内高位；近5日强势延续；人气排名明显上升；弱市中个股相对抗跌；v2低分涨停修正；收盘强势，次日确认,短线涨幅偏高；偏离20日线较大；后段人气股在偏弱环境里更谨慎；次日高开或一字风险,v1
2026-05-21,600667,太极实业,99,不推送,0.0,19,1.69,1.53,3.46,53.14,53.14,6.84,9.74,5.07,7.92,31.72,10.71,17.55,31.72,温和放量；站上20日线且不过热；连续上榜确认,当日转弱；收盘承接偏弱；近5日趋势未确认；人气排名明显回落；弱市先收缩执行；后段人气股在偏弱环境里更谨慎；市场健康度不足，收缩推送；市场健康度偏弱,v1
2026-06-01,603296,华勤技术,89,不推送,0.0,12,47.05,50.57,53.1,-3.98,53.1,-2.24,-15.42,-33.51,-42.48,-9.35,53.1,53.1,53.1,收在日内高位；温和放量,当日转弱；近5日趋势未确认；仍在20日线下方；弱市先收缩执行；后段人气股在偏弱环境里更谨慎；市场健康度不足，收缩推送；市场健康度偏弱,v1
2026-04-20,000657,中钨高新,77,不推送,28.0,39,-0.92,-1.25,0.26,52.94,52.94,-3.37,-8.05,-2.47,-7.19,7.94,1.91,1.91,9.86,当日上涨；温和放量；近5日趋势升温；站上20日线且不过热；连续上榜确认,收盘承接偏弱；人气排名明显回落；上影线偏长,v1
2026-05-07,002491,通鼎互联,38,不推送,61.0,29,6.71,10.01,10.01,52.88,52.88,33.12,31.26,24.75,23.0,15.76,33.12,46.17,46.17,人气Top50；当日涨停附近；收在日内高位；近5日趋势升温；站上20日线且不过热；市场强势且个股相对强势；收盘强势，次日确认,量能不足；次日高开或一字风险,v1
2026-04-13,600498,烽火通信,62,不推送,24.0,44,0.76,1.22,1.46,52.84,52.84,-3.07,5.58,-3.8,4.79,2.85,2.17,7.39,14.31,温和放量；站上20日线且不过热；连续上榜确认；人气排名明显上升,当日转弱,v1
2026-04-17,600105,永鼎股份,21,不推送,34.0,40,0.02,1.21,6.2,52.76,52.76,10.24,18.67,10.22,18.64,5.76,10.24,23.49,23.49,人气Top50；当日上涨；近5日趋势升温；持续霸榜；人气排名明显上升,偏离20日线较大；热度可能进入后段,v1
2026-05-27,001896,豫能控股,54,不推送,25.12,15,-0.51,-0.32,4.96,38.25,52.73,12.13,27.57,12.71,28.22,34.5,14.42,27.57,52.73,温和放量；近5日趋势升温；持续霸榜；人气排名明显上升；震荡市里保持相对强势,当日转弱；热度可能进入后段；后段人气股在偏弱环境里更谨慎,v1
2026-05-28,301217,铜冠铜箔,30,观察池,64.0,14,-6.62,-4.27,5.71,52.58,52.58,-12.97,-7.84,-6.81,-1.3,7.47,5.71,5.71,10.39,人气Top50；当日涨停附近；收盘承接较强；温和放量；近5日强势延续；人气排名明显上升；市场强势且个股相对强势；收盘强势，次日确认,短线涨幅偏高；偏离20日线较大；次日高开或一字风险；v1每日精选未入前5,v1
2026-04-24,002980,华盛昌,80,不推送,50.0,35,-3.17,-1.69,-0.44,52.57,52.57,-1.14,-7.86,2.1,-4.84,4.58,5.97,5.97,6.94,当日强涨；收盘承接较强；温和放量；近5日趋势升温,偏离20日线较大,v1
2026-05-22,001896,豫能控股,52,不推送,7.0,18,1.59,7.36,9.77,38.07,52.54,-0.13,3.87,-1.69,2.25,26.14,9.77,9.77,52.54,温和放量；持续霸榜；市场强势且个股相对强势,当日转弱；热度可能进入后段；人气排名明显回落,v1
2026-05-22,301013,利和兴,62,不推送,29.0,18,7.42,0.44,9.17,52.47,52.47,2.5,3.5,-4.58,-3.65,31.26,13.21,13.21,46.78,当日涨停附近；收在日内高位；放量仍可控；市场强势且个股相对强势；收盘强势，次日确认,短线涨幅过热；远离20日线过多；次日高开或一字风险,v1
2026-04-21,600105,永鼎股份,51,不推送,28.0,38,0.0,10.0,10.0,52.43,52.43,18.41,8.36,18.41,8.36,20.63,23.22,23.22,23.22,温和放量；近5日趋势升温；站上20日线且不过热；持续霸榜,当日转弱；热度可能进入后段,v1
2026-04-20,002008,大族激光,71,不推送,28.0,39,0.25,3.83,7.2,52.32,52.32,15.95,17.15,15.66,16.86,25.82,15.95,19.76,25.82,温和放量；近5日趋势升温；站上20日线且不过热,上影线偏长,v1
2026-05-28,000636,风华高科,15,观察池,68.0,14,6.54,9.03,9.99,52.26,52.26,23.17,30.55,15.61,22.54,32.2,24.51,32.79,35.26,人气Top20；当日涨停附近；收在日内高位；温和放量；近5日强势延续；持续霸榜；市场强势且个股相对强势；收盘强势，次日确认,短线涨幅偏高；远离20日线过多；热度可能进入后段；次日高开或一字风险；v1每日精选未入前5,v1
2026-06-02,600367,红星发展,75,不推送,50.0,11,9.94,9.99,9.99,47.05,52.15,27.48,43.06,15.95,30.12,45.58,33.09,43.14,52.15,当日涨停附近；收在日内高位；近5日强势延续；市场强势且个股相对强势；v2低分涨停修正；收盘强势，次日确认,短线涨幅偏高；偏离20日线较大；次日高开或一字风险,v1
2026-06-02,600186,莲花控股,91,不推送,0.0,11,-1.87,-0.93,4.15,52.07,52.07,5.08,19.71,7.08,21.99,38.28,6.85,19.71,38.28,温和放量；持续霸榜,当日转弱；近5日趋势未确认；仍在20日线下方；热度可能进入后段；强势市里个股相对走弱；市场健康度不足，收缩推送,v1
2026-04-28,603629,利通电子,10,观察池,66.0,33,9.75,10.0,10.0,38.27,52.07,33.1,40.42,21.27,27.94,42.44,33.1,45.44,52.07,人气Top10；当日涨停附近；收在日内高位；近5日趋势升温；持续霸榜；人气排名明显上升,量能不足；偏离20日线较大；热度可能进入后段；一字或近似一字，参与点差；v1每日精选未入前5,v1
2026-05-13,300394,天孚通信,46,观察池,67.0,25,4.32,3.66,7.51,22.14,52.05,1.79,-5.09,-2.43,-9.02,13.35,9.51,9.51,52.05,人气Top50；当日涨停附近；收盘承接较强；温和放量；近5日趋势升温；市场强势且个股相对强势；v2低分涨停修正；收盘强势，次日确认,仍在20日线下方；次日高开或一字风险；v1每日精选未入前5,v1
2026-04-15,600172,黄河旋风,77,不推送,0.0,42,-1.6,0.23,1.14,52.0,52.0,2.4,-3.31,4.07,-1.74,-4.91,4.69,4.69,5.14,温和放量；站上20日线且不过热,当日转弱；收盘承接偏弱,v1
2026-05-22,600487,亨通光电,20,观察池,69.0,18,0.07,0.49,0.94,51.95,51.95,-5.97,5.57,-6.03,5.5,31.58,0.94,6.13,40.94,人气Top20；当日上涨；收在日内高位；温和放量；站上20日线且不过热；持续霸榜；市场强势且个股相对强势,热度可能进入后段；v1每日精选未入前5,v1
2026-04-15,000988,华工科技,9,不推送,32.0,42,-2.14,0.02,1.34,51.83,51.83,2.39,7.7,4.62,10.05,6.0,5.25,8.04,9.97,人气Top10；温和放量；站上20日线且不过热；连续上榜确认,当日转弱；收盘承接偏弱,v1
2026-04-16,000988,华工科技,45,不推送,22.0,41,0.61,3.88,4.68,51.81,51.81,3.53,4.75,2.9,4.12,6.42,5.24,9.95,9.95,人气Top50；收盘承接较强；站上20日线且不过热；持续霸榜,近5日趋势未确认；热度可能进入后段；人气排名明显回落,v1
2026-05-06,002384,东山精密,52,不推送,52.0,30,11.23,24.6,24.6,51.66,51.66,28.87,30.31,15.85,17.15,31.64,31.4,35.77,35.77,当日强涨；收盘承接较强；温和放量；站上20日线且不过热；持续霸榜；人气排名明显上升,近5日趋势未确认；热度可能进入后段,v1
2026-04-21,002384,东山精密,9,观察池,82.0,38,1.57,10.0,10.0,51.66,51.66,10.92,8.56,9.21,6.88,24.79,15.7,15.7,26.08,人气Top10；当日强涨；收盘承接较强；温和放量；近5日趋势升温；持续霸榜；人气排名明显上升,偏离20日线较大；热度可能进入后段；v1每日精选未入前5,v1
2026-04-24,300475,香农芯创,58,不推送,6.0,35,1.12,5.52,6.67,51.37,51.37,7.56,20.12,6.36,18.79,20.11,10.26,25.89,25.89,当日上涨；放量仍可控；站上20日线且不过热,收盘承接偏弱；上影线偏长,v1
2026-05-07,603618,杭电股份,46,观察池,93.0,29,0.82,10.0,10.0,51.26,51.26,18.27,10.53,17.31,9.63,17.75,19.97,20.58,30.12,人气Top50；当日涨停附近；收在日内高位；近5日趋势升温；站上20日线且不过热；连续上榜确认；市场强势且个股相对强势；v2强势延续修正；v2低分涨停修正；收盘强势，次日确认,次日高开或一字风险；v1每日精选未入前5,v1
2026-05-07,600396,华电辽能,10,观察池,89.0,29,3.17,3.67,10.0,48.33,51.25,25.42,38.67,21.57,34.41,18.58,25.42,51.25,51.25,人气Top10；当日涨停附近；收在日内高位；近5日趋势升温；连续上榜确认；市场强势且个股相对强势；v2低分涨停修正；收盘强势，次日确认,偏离20日线较大；次日高开或一字风险；v1每日精选未入前5,v1
2026-05-25,600487,亨通光电,22,不推送,47.75,17,-1.91,-5.45,-1.81,51.21,51.21,-3.99,2.93,-2.12,4.93,30.05,-1.81,10.08,40.25,人气Top50；收在日内高位；温和放量；站上20日线且不过热；持续霸榜,热度可能进入后段；强势市里个股相对走弱,v1
2026-05-28,603773,沃格光电,48,观察池,74.0,14,1.83,-5.37,4.46,51.04,51.04,10.92,11.28,8.93,9.29,26.79,12.23,17.08,44.38,人气Top50；当日涨停附近；收在日内高位；温和放量；近5日强势延续；连续上榜确认；市场强势且个股相对强势；收盘强势，次日确认,短线涨幅偏高；偏离20日线较大；次日高开或一字风险；v1每日精选未入前5,v1
2026-04-13,001896,豫能控股,39,观察池,74.0,44,3.19,4.51,9.99,51.01,51.01,18.39,30.4,14.73,26.36,13.74,22.69,30.4,30.81,人气Top50；当日强涨；收在日内高位；温和放量；近5日趋势升温；站上20日线且不过热,v1每日精选未入前5,v1
2026-04-20,600105,永鼎股份,42,不推送,14.0,39,-4.43,-0.98,1.2,50.93,50.93,16.03,16.08,21.4,21.45,13.68,19.78,22.01,22.01,人气Top50；温和放量；近5日趋势升温；持续霸榜,收盘承接偏弱；偏离20日线较大；热度可能进入后段；人气排名明显回落；上影线偏长,v1
2026-04-27,300604,长川科技,97,观察池,60.0,34,0.77,2.39,7.36,50.85,50.85,-0.53,6.1,-1.28,5.3,19.28,7.36,7.36,30.21,当日涨停附近；收盘承接较强；放量仍可控；近5日趋势升温；站上20日线且不过热,v1每日精选未入前5,v1
2026-06-09,300666,江丰电子,78,观察池,75.0,6,-0.01,8.36,11.12,34.1,50.69,21.88,33.23,21.89,33.25,,50.69,50.69,,当日涨停附近；收在日内高位；温和放量；近5日趋势升温；站上20日线且不过热；市场强势且个股相对强势；收盘强势，次日确认,次日高开或一字风险；v1每日精选未入前5,v1
2026-04-14,002463,沪电股份,4,强推观察,101.0,43,0.57,-5.39,1.12,50.25,50.25,-0.39,1.82,-0.96,1.24,3.94,1.37,3.36,11.5,人气Top10；当日涨停附近；收在日内高位；温和放量；近5日强势延续；站上20日线且不过热；连续上榜确认；人气排名明显上升；v1每日精选入选,短线涨幅偏高,v1
2026-05-07,002281,光迅科技,17,观察池,95.0,29,-2.61,10.0,10.0,47.3,50.22,22.65,24.05,25.94,27.38,32.27,27.09,29.53,50.22,人气Top20；当日强涨；收在日内高位；温和放量；近5日趋势升温；连续上榜确认；人气排名明显上升；市场强势且个股相对强势；v2连榜升温修正,偏离20日线较大；v1每日精选未入前5,v1
2026-04-30,002428,云南锗业,75,不推送,0.0,31,7.13,10.0,10.0,41.78,50.22,22.94,44.87,14.76,35.23,29.4,26.01,44.87,50.22,温和放量；站上20日线且不过热,收盘承接偏弱；近5日趋势未确认；上影线偏长,v1
2026-04-20,300308,中际旭创,43,不推送,30.0,39,-0.15,1.63,2.0,50.13,50.13,5.41,0.71,5.57,0.86,3.23,8.12,8.12,8.12,人气Top50；温和放量；近5日趋势升温；站上20日线且不过热；持续霸榜,收盘承接偏弱；热度可能进入后段；人气排名明显回落,v1
2026-04-17,300308,中际旭创,11,观察池,62.0,40,-0.24,-0.12,3.29,50.13,50.13,4.19,4.23,4.44,4.48,0.71,4.96,8.12,8.12,人气Top20；当日上涨；温和放量；近5日趋势升温；站上20日线且不过热；持续霸榜,热度可能进入后段；v1每日精选未入前5,v1
2026-04-17,002463,沪电股份,76,不推送,50.0,40,-1.19,-0.16,3.24,50.06,50.06,5.23,4.32,6.5,5.58,6.79,5.98,11.37,11.37,当日上涨；温和放量；近5日趋势升温；站上20日线且不过热；持续霸榜；人气排名明显上升,热度可能进入后段,v1
2026-05-14,600487,亨通光电,42,不推送,0.0,24,-0.03,-5.68,0.69,50.0,50.0,1.99,-5.54,2.01,-5.52,-4.76,2.85,5.58,5.58,人气Top50；站上20日线且不过热；持续霸榜,当日转弱；收盘承接偏弱；近5日趋势未确认；热度可能进入后段；弱市先收缩执行；弱市里的长连榜样本优先降权；市场健康度不足，收缩推送；市场健康度偏弱,v1
2026-05-11,601991,大唐发电,7,观察池,76.0,27,9.69,10.02,10.02,49.92,49.92,18.23,30.21,7.78,18.71,21.51,33.17,33.33,41.87,人气Top10；当日涨停附近；收在日内高位；近5日强势延续；连续上榜确认；市场强势且个股相对强势；收盘强势，次日确认,短线涨幅偏高；偏离20日线较大；次日高开或一字风险；v1每日精选未入前5,v1
2026-05-29,002421,达实智能,58,不推送,0.0,13,-3.89,9.98,9.98,-6.81,49.88,18.73,26.76,23.54,31.9,7.06,24.09,26.76,49.88,温和放量；站上20日线且不过热；持续霸榜,当日转弱；收盘承接偏弱；近5日趋势未确认；热度可能进入后段；人气排名明显回落；弱市先收缩执行；后段人气股在偏弱环境里更谨慎；弱市里的长连榜样本优先降权；市场健康度不足，收缩推送；市场健康度偏弱,v1
2026-05-26,002552,宝鼎科技,48,观察池,73.38,16,-0.37,4.88,10.0,49.77,49.77,19.76,26.15,20.21,26.63,34.83,23.85,30.72,38.4,人气Top50；当日涨停附近；收在日内高位；温和放量；近5日趋势升温；人气排名明显上升；震荡市里保持相对强势；震荡市里承接未失控；v2低分涨停修正；收盘强势，次日确认,远离20日线过多；次日高开或一字风险；v1每日精选未入前5,v1
2026-05-28,600110,诺德股份,93,观察池,81.0,14,1.65,9.99,9.99,49.61,49.61,2.87,0.26,1.2,-1.37,6.17,14.6,14.6,14.6,当日涨停附近；收在日内高位；温和放量；近5日趋势升温；站上20日线且不过热；市场强势且个股相对强势；v2低分涨停修正；收盘强势，次日确认,次日高开或一字风险；v1每日精选未入前5,v1
2026-04-20,002463,沪电股份,91,不推送,20.0,39,-2.03,1.35,2.55,49.54,49.54,8.29,6.58,10.53,8.79,9.57,10.98,10.98,10.98,温和放量；近5日趋势升温；站上20日线且不过热；持续霸榜,收盘承接偏弱；热度可能进入后段；上影线偏长,v1
2026-04-24,600206,有研新材,34,不推送,46.0,35,1.05,0.3,4.24,49.47,49.47,0.41,5.11,-0.63,4.01,16.53,4.24,9.65,25.24,人气Top50；温和放量；近5日趋势升温；站上20日线且不过热；人气排名明显上升,-,v1
2026-05-18,603601,再升科技,19,不推送,57.38,22,21.05,14.01,26.7,0.0,49.14,14.9,22.13,-5.08,0.89,20.8,26.7,31.64,49.14,人气Top20；当日涨停附近；收在日内高位；人气排名明显上升；震荡市里保持相对强势；震荡市里承接未失控；收盘强势，次日确认,近5日趋势未确认；次日高开或一字风险,v1
2026-04-27,300308,中际旭创,39,不推送,12.0,34,-0.35,-3.74,-0.35,49.07,49.07,0.17,2.5,0.53,2.87,25.93,2.18,3.87,27.2,人气Top50；温和放量；站上20日线且不过热；持续霸榜,当日转弱；收盘承接偏弱；热度可能进入后段,v1
2026-04-23,603629,利通电子,31,不推送,56.0,36,-4.12,-6.06,-0.33,41.68,49.02,2.46,23.98,6.87,29.31,34.8,2.46,23.99,49.02,人气Top50；当日强涨；收盘承接较强；温和放量；近5日趋势升温；持续霸榜；人气排名明显上升,远离20日线过多；热度可能进入后段,v1
2026-05-22,600863,华能蒙电,87,不推送,23.0,18,-0.93,10.02,10.02,5.38,48.98,24.49,35.44,25.66,36.7,15.58,24.49,35.62,48.98,温和放量；近5日趋势升温；站上20日线且不过热；连续上榜确认；市场强势且个股相对强势,当日转弱；收盘承接偏弱,v1
2026-06-01,600186,莲花控股,76,不推送,0.0,12,-1.52,-2.03,1.93,48.98,48.98,-3.76,6.61,-2.27,8.26,23.17,2.03,8.74,31.61,温和放量；持续霸榜,当日转弱；收盘承接偏弱；近5日趋势未确认；仍在20日线下方；热度可能进入后段；弱市先收缩执行；后段人气股在偏弱环境里更谨慎；弱市里的长连榜样本优先降权；市场健康度不足，收缩推送；市场健康度偏弱,v1
2026-04-28,600186,莲花控股,33,不推送,58.0,33,0.1,9.96,9.96,48.98,48.98,15.85,6.71,15.74,6.6,5.08,17.38,17.38,17.38,人气Top50；当日上涨；温和放量；近5日趋势升温；站上20日线且不过热；持续霸榜；人气排名明显上升,热度可能进入后段,v1
2026-04-29,600498,烽火通信,74,不推送,0.0,32,-4.47,-9.36,-2.97,48.89,48.89,0.62,13.81,5.33,19.13,9.07,0.72,16.5,22.31,站上20日线且不过热,当日转弱；收盘承接偏弱；近5日趋势未确认,v1
2026-04-30,300308,中际旭创,71,不推送,0.0,31,3.62,-0.17,3.67,48.82,48.82,3.32,18.72,-0.28,14.57,20.12,4.83,19.29,28.26,站上20日线且不过热,收盘承接偏弱；近5日趋势未确认；人气排名明显回落,v1
2026-05-06,300308,中际旭创,68,不推送,0.0,31,3.62,-0.17,3.67,48.82,48.82,3.32,18.72,-0.28,14.57,20.12,4.83,19.29,28.26,站上20日线且不过热；连续上榜确认,收盘承接偏弱；近5日趋势未确认,v1
2026-04-22,002081,金螳螂,17,不推送,46.0,37,9.92,9.92,9.92,-3.44,48.79,-12.96,5.87,-20.81,-3.68,44.13,10.53,10.53,48.79,人气Top20；当日涨停附近；收在日内高位；连续上榜确认,短线涨幅过热；偏离20日线较大；一字或近似一字，参与点差,v1
2026-05-06,600105,永鼎股份,97,不推送,0.0,31,2.12,2.99,5.59,48.76,48.76,17.73,23.34,15.29,20.78,18.98,19.03,32.0,32.94,站上20日线且不过热,当日转弱；收盘承接偏弱；近5日趋势未确认；人气排名明显回落,v1
2026-05-18,603629,利通电子,41,不推送,0.0,22,4.98,7.63,8.64,1.91,48.75,10.91,24.74,5.65,18.82,33.79,12.08,28.44,48.75,人气Top50；站上20日线且不过热；持续霸榜,当日转弱；收盘承接偏弱；近5日趋势未确认；热度可能进入后段；市场健康度不足，收缩推送,v1
2026-04-27,600498,烽火通信,56,不推送,8.0,34,-0.87,1.36,4.57,48.6,48.6,-9.53,0.43,-8.74,1.31,14.67,4.57,4.57,22.07,温和放量；站上20日线且不过热；连续上榜确认；人气排名明显上升,当日转弱；收盘承接偏弱；近5日趋势未确认,v1
2026-04-22,600206,有研新材,94,不推送,56.0,37,0.07,-3.17,2.76,48.47,48.47,-0.37,-0.26,-0.45,-0.34,22.28,3.54,3.54,24.4,当日强涨；收盘承接较强；温和放量；近5日趋势升温；站上20日线且不过热,人气排名明显回落,v1
2026-06-02,600378,昊华科技,68,不推送,45.0,11,-1.42,-4.09,2.51,48.3,48.3,7.42,21.83,8.96,23.58,34.82,10.48,23.78,47.61,当日上涨；温和放量；近5日趋势升温；站上20日线且不过热；市场强势且个股相对强势,-,v1
2026-04-20,000988,华工科技,62,不推送,0.0,39,-1.72,1.13,1.83,48.3,48.3,2.32,3.31,4.12,5.12,15.89,7.41,7.41,16.78,温和放量；站上20日线且不过热；持续霸榜,当日转弱；收盘承接偏弱；近5日趋势未确认；热度可能进入后段；人气排名明显回落,v1
2026-04-24,603738,泰晶科技,68,不推送,33.0,35,2.76,-2.21,8.01,48.2,48.2,0.03,-2.41,-2.66,-5.04,35.64,8.01,8.01,38.96,当日强涨；温和放量；近5日强势延续,短线涨幅偏高；偏离20日线较大,v1
2026-04-29,603738,泰晶科技,45,观察池,74.0,32,1.21,-3.77,2.46,48.17,48.17,7.33,29.86,6.05,28.31,35.61,7.33,29.86,46.36,人气Top50；当日涨停附近；收在日内高位；温和放量；近5日趋势升温；人气排名明显上升,偏离20日线较大；v1每日精选未入前5,v1
2026-04-10,002364,中恒电气,24,不推送,45.0,45,9.99,9.99,9.99,48.04,48.04,23.58,16.49,12.35,5.9,18.71,25.74,25.74,29.41,人气Top50；当日涨停附近；收在日内高位；近5日强势延续；站上20日线且不过热,量能不足；短线涨幅偏高；一字或近似一字，参与点差,v1
2026-05-11,600487,亨通光电,18,不推送,53.0,27,0.68,0.15,4.68,48.02,48.02,-1.32,-4.25,-1.99,-4.9,-2.11,4.68,4.68,4.68,人气Top20；温和放量；近5日趋势升温；站上20日线且不过热；连续上榜确认；市场强势且个股相对强势；v2热点回踩观察,当日转弱；收盘承接偏弱,v1
2026-04-24,000988,华工科技,97,不推送,0.0,35,0.68,3.01,5.14,47.86,47.86,3.23,8.34,2.53,7.61,23.01,5.14,12.03,30.29,站上20日线且不过热；持续霸榜,当日转弱；近5日趋势未确认；热度可能进入后段,v1
2026-05-12,600487,亨通光电,37,不推送,31.0,26,-2.34,0.44,2.53,47.8,47.8,-7.06,0.49,-4.83,2.9,-7.58,2.8,2.8,4.03,人气Top50；温和放量；近5日趋势升温；站上20日线且不过热；持续霸榜；市场强势且个股相对强势,收盘承接偏弱；热度可能进入后段；上影线偏长,v1
2026-05-25,603256,宏和科技,76,观察池,76.0,17,0.0,4.9,8.88,47.74,47.74,12.9,3.78,12.9,3.78,7.56,12.9,18.65,20.08,当日涨停附近；收在日内高位；温和放量；近5日强势延续；连续上榜确认；人气排名明显上升；市场强势且个股相对强势；v2低分涨停修正；收盘强势，次日确认,短线涨幅偏高；偏离20日线较大；次日高开或一字风险；v1每日精选未入前5,v1
2026-06-05,600176,中国巨石,90,不推送,0.0,8,-7.66,-3.79,-0.81,47.73,47.73,6.52,12.58,15.35,21.92,,10.17,19.48,,温和放量,当日转弱；收盘承接偏弱；近5日趋势未确认；弱市先收缩执行；后段人气股在偏弱环境里更谨慎；市场健康度不足，收缩推送；市场健康度偏弱,v1
2026-05-22,600745,*ST闻泰,19,不推送,0.0,18,1.17,5.0,5.0,9.63,47.72,15.74,27.59,14.4,26.11,32.04,15.74,27.59,47.72,人气Top20；放量仍可控；持续霸榜,当日转弱；收盘承接偏弱；近5日趋势未确认；仍在20日线下方；热度可能进入后段；强势市里个股相对走弱；市场健康度不足，收缩推送,v1
2026-04-20,600707,彩虹股份,50,观察池,60.0,39,1.28,-1.4,4.2,47.72,47.72,-0.47,3.62,-1.73,2.3,5.48,7.0,7.0,7.0,人气Top50；当日涨停附近；收在日内高位；近5日趋势升温；连续上榜确认,偏离20日线较大；人气排名明显回落；v1每日精选未入前5,v1
2026-05-28,603678,火炬电子,81,不推送,58.0,14,3.58,2.39,8.74,47.6,47.6,23.93,36.5,19.64,31.79,31.08,23.93,39.45,39.45,当日涨停附近；收在日内高位；温和放量；近5日强势延续；市场强势且个股相对强势；收盘强势，次日确认,短线涨幅偏高；偏离20日线较大；次日高开或一字风险,v1
2026-04-21,300308,中际旭创,40,不推送,56.0,38,-0.76,2.4,3.16,47.55,47.55,2.44,-4.72,3.23,-4.0,2.44,6.26,6.26,6.26,人气Top50；收盘承接较强；温和放量；近5日趋势升温；站上20日线且不过热；持续霸榜,热度可能进入后段,v1
2026-04-13,001309,德明利,36,观察池,65.0,44,0.77,3.98,6.11,47.38,47.38,7.33,6.96,6.51,6.14,1.38,10.07,11.74,13.18,人气Top50；当日强涨；收盘承接较强；温和放量；近5日强势延续；站上20日线且不过热；连续上榜确认,短线涨幅偏高；人气排名明显回落；v1每日精选未入前5,v1
2026-05-18,001896,豫能控股,80,不推送,0.0,22,-1.42,9.54,9.54,47.23,47.23,10.76,14.48,12.35,16.13,19.42,12.58,17.05,21.85,持续霸榜,当日转弱；收盘承接偏弱；近5日趋势未确认；仍在20日线下方；热度可能进入后段；人气排名明显回落；震荡市里相对走弱；后段人气股在偏弱环境里更谨慎；市场健康度不足，收缩推送,v1
2026-05-20,600487,亨通光电,35,不推送,6.25,20,0.78,-7.29,0.8,47.21,47.21,-2.64,-8.9,-3.4,-9.61,21.26,0.8,0.8,21.26,人气Top50；温和放量；站上20日线且不过热；持续霸榜；震荡市里保持相对强势,当日转弱；收盘承接偏弱；近5日趋势未确认；热度可能进入后段；人气排名明显回落,v1
2026-05-13,600487,亨通光电,39,不推送,29.75,25,1.92,-1.9,2.35,47.16,47.16,-4.81,0.46,-6.61,-1.43,-8.94,2.35,3.58,3.58,人气Top50；近5日趋势升温；站上20日线且不过热；持续霸榜,热度可能进入后段；强势市里个股相对走弱,v1
2026-04-10,000988,华工科技,14,不推送,50.0,45,-0.91,7.97,8.01,47.09,47.09,-3.12,0.66,-2.23,1.58,-0.52,8.01,8.01,8.01,人气Top20；温和放量；近5日趋势升温；站上20日线且不过热,-,v1
2026-05-19,600487,亨通光电,6,观察池,81.38,21,-1.02,0.41,3.52,47.08,47.08,-3.21,-8.03,-2.21,-7.08,10.14,3.52,3.52,10.14,人气Top10；当日上涨；收在日内高位；温和放量；站上20日线且不过热；持续霸榜；人气排名明显上升；震荡市里保持相对强势；震荡市里承接未失控,热度可能进入后段；v1每日精选未入前5,v1
2026-05-28,003036,泰坦股份,99,不推送,35.0,14,3.06,-0.41,10.0,46.99,46.99,-4.9,5.01,-7.72,1.89,12.48,10.0,10.0,17.77,当日涨停附近；收在日内高位；温和放量；市场强势且个股相对强势；收盘强势，次日确认,短线涨幅过热；远离20日线过多；次日高开或一字风险,v1
2026-04-17,002297,博云新材,7,不推送,54.0,40,5.88,10.01,10.01,45.73,46.98,14.7,26.06,8.33,19.06,35.73,18.2,26.91,46.98,人气Top10；当日涨停附近；收在日内高位；连续上榜确认；人气排名明显上升,短线涨幅过热；远离20日线过多,v1
2026-06-01,600487,亨通光电,24,不推送,4.5,12,-1.26,10.01,10.01,46.9,46.9,29.53,26.35,31.18,27.96,31.39,31.01,36.26,45.57,人气Top50；温和放量；站上20日线且不过热；持续霸榜,当日转弱；收盘承接偏弱；热度可能进入后段；弱市先收缩执行；弱市里的长连榜样本优先降权,v1
2026-05-20,301139,*ST元道,26,不推送,15.25,20,2.27,37.6,42.98,-8.06,46.9,4.55,3.51,2.22,1.21,30.79,42.98,42.98,46.9,人气Top50；收在日内高位；放量仍可控；连续上榜确认；人气排名明显上升,当日转弱；近5日趋势未确认；仍在20日线下方；震荡市里相对走弱；市场健康度不足，收缩推送,v1
2026-05-29,001896,豫能控股,46,不推送,38.5,13,0.18,7.82,10.02,32.93,46.85,22.66,21.44,22.44,21.22,33.17,22.66,46.85,46.85,人气Top50；当日上涨；温和放量；站上20日线且不过热；持续霸榜；人气排名明显上升,热度可能进入后段；弱市先收缩执行；弱市里的长连榜样本优先降权,v1
2026-04-21,002463,沪电股份,83,不推送,22.0,38,-0.4,2.96,3.69,46.81,46.81,2.06,1.56,2.47,1.97,8.91,8.96,8.96,11.56,收盘承接较强；站上20日线且不过热；持续霸榜,热度可能进入后段,v1
2026-05-20,600396,华电辽能,19,不推送,0.0,20,-0.28,-2.13,5.02,22.42,46.77,10.18,27.72,10.48,28.07,46.77,10.18,27.72,46.77,人气Top20；站上20日线且不过热；持续霸榜,当日转弱；收盘承接偏弱；近5日趋势未确认；热度可能进入后段；震荡市里相对走弱；市场健康度不足，收缩推送,v1
2026-05-12,600186,莲花控股,39,不推送,3.75,26,-1.4,7.31,8.61,46.75,46.75,3.5,15.72,4.97,17.36,32.03,11.41,15.72,37.14,人气Top50；站上20日线且不过热；持续霸榜,当日转弱；近5日趋势未确认；热度可能进入后段；强势市里个股相对走弱,v1
2026-04-24,600498,烽火通信,77,不推送,8.0,35,-2.32,-1.26,3.29,46.73,46.73,-1.45,-7.02,0.88,-4.82,16.38,3.29,3.29,18.03,温和放量；近5日趋势升温；站上20日线且不过热,当日转弱；收盘承接偏弱；人气排名明显回落,v1
2026-05-14,300394,天孚通信,62,不推送,8.88,24,2.3,2.04,5.64,17.83,46.69,-7.41,-14.0,-9.49,-15.94,14.2,5.64,5.64,46.69,当日上涨；温和放量；近5日趋势升温；连续上榜确认,收盘承接偏弱；仍在20日线下方；上影线偏长；弱市先收缩执行；后段人气股在偏弱环境里更谨慎,v1
2026-04-29,600460,士兰微,60,不推送,12.0,32,3.02,3.81,4.78,46.66,46.66,6.5,9.45,3.38,6.24,11.53,8.12,10.31,16.49,温和放量；站上20日线且不过热,当日转弱,v1
2026-04-21,000988,华工科技,90,不推送,14.0,38,-0.69,4.02,4.34,46.64,46.64,-0.83,-0.59,-0.14,0.1,17.34,6.21,6.21,17.52,收盘承接较强；站上20日线且不过热；持续霸榜,近5日趋势未确认；热度可能进入后段；人气排名明显回落,v1
2026-04-14,002580,圣阳股份,2,观察池,93.0,43,6.57,10.01,10.01,-7.27,46.45,33.13,29.3,24.92,21.32,28.43,33.13,46.45,46.45,人气Top3；当日涨停附近；收在日内高位；温和放量；近5日强势延续；连续上榜确认,短线涨幅偏高；偏离20日线较大；v1每日精选未入前5,v1
2026-05-11,600584,长电科技,15,收盘强势观察,104.0,27,1.67,-1.06,2.08,46.44,46.44,-2.72,4.48,-4.32,2.77,43.6,3.83,10.98,43.6,人气Top20；当日涨停附近；收在日内高位；温和放量；近5日强势延续；站上20日线且不过热；人气排名明显上升；市场强势且个股相对强势；v2强势延续修正；v2低分涨停修正；收盘强势，次日确认；v1每日精选入选,短线涨幅偏高；次日高开或一字风险,v1
2026-05-29,601208,东材科技,59,不推送,0.0,13,-0.4,-4.42,1.9,46.4,46.4,12.98,13.52,13.43,13.98,22.12,12.98,21.0,30.66,温和放量；站上20日线且不过热；人气排名明显上升,当日转弱；收盘承接偏弱；近5日趋势未确认；弱市先收缩执行；后段人气股在偏弱环境里更谨慎；市场健康度不足，收缩推送；市场健康度偏弱,v1
2026-04-10,600498,烽火通信,92,不推送,12.0,45,-2.1,-4.26,-1.34,46.34,46.34,-7.48,-5.97,-5.5,-3.96,-0.27,-1.34,-1.34,9.45,温和放量；近5日趋势升温；站上20日线且不过热,当日转弱；收盘承接偏弱,v1
2026-06-09,002636,金安国纪,57,不推送,44.0,6,7.99,10.0,10.0,35.99,46.21,27.71,44.2,18.26,33.54,,32.54,46.21,,当日涨停附近；收在日内高位；近5日强势延续；连续上榜确认；市场强势且个股相对强势；收盘强势，次日确认,量能不足；短线涨幅偏高；偏离20日线较大；次日高开或一字风险,v1
2026-04-17,000988,华工科技,26,不推送,56.0,40,-1.29,-1.46,1.3,46.13,46.13,3.66,-1.17,5.01,0.12,7.08,3.99,5.85,10.72,人气Top50；当日上涨；收盘承接较强；温和放量；站上20日线且不过热；持续霸榜；人气排名明显上升,热度可能进入后段,v1
2026-05-22,600172,黄河旋风,75,不推送,37.0,18,4.64,10.01,10.01,21.02,46.13,20.75,28.12,15.39,22.43,22.2,24.57,46.13,46.13,当日涨停附近；收在日内高位；站上20日线且不过热；市场强势且个股相对强势；收盘强势，次日确认,量能不足；近5日趋势未确认；次日高开或一字风险,v1
2026-05-07,600487,亨通光电,28,观察池,71.0,29,-2.25,1.72,4.65,46.13,46.13,-1.13,-2.58,1.14,-0.34,-7.98,5.19,5.19,5.19,人气Top50；当日上涨；收盘承接较强；温和放量；近5日趋势升温；站上20日线且不过热；连续上榜确认；市场强势且个股相对强势,v1每日精选未入前5,v1
2026-04-29,002645,华宏科技,54,不推送,46.0,32,-11.87,-8.71,-8.71,46.05,46.05,-4.52,6.66,8.33,21.02,-2.73,-4.27,6.79,6.79,当日涨停附近；收在日内高位；站上20日线且不过热,-,v1
2026-04-10,600103,青山纸业,21,观察池,74.0,45,9.72,2.05,9.72,-8.18,46.04,1.79,9.72,-7.23,0.0,23.79,9.72,14.07,46.04,人气Top50；当日涨停附近；收在日内高位；温和放量；近5日趋势升温；站上20日线且不过热,一字或近似一字，参与点差；v1每日精选未入前5,v1
2026-04-24,600726,华电能源,17,重点观察,87.0,35,-2.76,10.0,10.0,43.1,46.03,22.41,19.31,25.89,22.7,46.03,31.55,31.55,46.03,人气Top20；当日涨停附近；收在日内高位；放量仍可控；近5日强势延续；站上20日线且不过热；连续上榜确认；人气排名明显上升；v1每日精选入选,短线涨幅偏高,v1
2026-05-20,001896,豫能控股,90,不推送,0.0,20,-0.2,9.79,9.79,45.94,45.94,13.48,5.57,13.71,5.78,34.67,16.03,16.03,34.67,持续霸榜,当日转弱；收盘承接偏弱；近5日趋势未确认；仍在20日线下方；热度可能进入后段；人气排名明显回落；震荡市里相对走弱；后段人气股在偏弱环境里更谨慎；市场健康度不足，收缩推送,v1
2026-05-08,600396,华电辽能,12,不推送,41.0,28,1.85,9.97,9.97,43.09,45.9,33.12,40.11,30.7,37.57,17.04,33.12,45.9,45.9,人气Top20；当日上涨；温和放量；近5日趋势升温；连续上榜确认；市场强势且个股相对强势,收盘承接偏弱；偏离20日线较大；上影线偏长,v1
2026-05-14,600176,中国巨石,60,不推送,0.0,24,-0.05,-10.05,1.02,45.87,45.87,-7.27,-5.61,-7.22,-5.56,16.16,1.02,1.02,16.16,温和放量；站上20日线且不过热,当日转弱；收盘承接偏弱；近5日趋势未确认；弱市先收缩执行；后段人气股在偏弱环境里更谨慎；市场健康度不足，收缩推送；市场健康度偏弱,v1
2026-05-13,301666,大普微,10,不推送,49.0,22,-0.95,0.0,9.71,9.83,45.62,29.32,31.06,30.56,32.32,14.58,29.32,45.62,45.62,人气Top10；当日涨停附近；收在日内高位；人气排名明显上升；市场强势且个股相对强势；收盘强势，次日确认,短线涨幅过热；远离20日线过多；次日高开或一字风险,v1
2026-06-03,600367,红星发展,45,不推送,46.38,10,5.92,10.0,10.0,33.69,45.59,23.69,37.86,16.78,30.15,33.69,26.41,38.33,45.59,人气Top50；当日涨停附近；收在日内高位；近5日强势延续；连续上榜确认；人气排名明显上升；震荡市里保持相对强势；震荡市里承接未失控；收盘强势，次日确认,量能不足；短线涨幅偏高；远离20日线过多；次日高开或一字风险,v1
2026-04-20,002428,云南锗业,19,观察池,86.0,39,0.18,0.29,3.34,45.54,45.54,12.73,6.74,12.53,6.56,17.6,21.35,21.35,21.35,人气Top20；当日涨停附近；收在日内高位；温和放量；近5日趋势升温；连续上榜确认,偏离20日线较大；v1每日精选未入前5,v1
2026-05-18,002342,巨力索具,1,不推送,0.0,22,45.51,45.51,45.51,-5.09,45.51,18.22,17.95,-18.75,-18.94,6.94,45.51,45.51,45.51,人气Top3；持续霸榜；人气排名明显上升,当日转弱；收盘承接偏弱；近5日趋势未确认；仍在20日线下方；热度可能进入后段；震荡市里相对走弱；市场健康度不足，收缩推送；Top3高热度拥挤，次日兑现风险,v1
2026-05-26,002579,中京电子,55,观察池,74.25,16,9.97,9.97,9.97,22.81,45.48,14.03,38.03,3.69,25.51,11.3,29.99,38.03,45.48,当日涨停附近；收在日内高位；放量仍可控；近5日趋势升温；站上20日线且不过热；震荡市里保持相对强势；震荡市里承接未失控；v2低分涨停修正；收盘强势，次日确认,后段人气股在偏弱环境里更谨慎；次日高开或一字风险；v1每日精选未入前5,v1
2026-05-07,300308,中际旭创,43,不推送,55.0,29,-1.43,0.97,2.45,45.43,45.43,16.01,22.85,17.69,24.63,13.21,16.57,24.09,25.35,人气Top50；收盘承接较强；温和放量；站上20日线且不过热；连续上榜确认；人气排名明显上升；市场强势且个股相对强势,-,v1
2026-05-06,600206,有研新材,85,不推送,40.0,31,3.25,2.23,6.65,45.38,45.38,10.71,16.26,7.22,12.6,11.47,15.05,21.81,21.81,收盘承接较强；温和放量；近5日趋势升温；站上20日线且不过热,人气排名明显回落,v1
2026-04-29,001309,德明利,35,不推送,54.0,32,-1.0,0.36,2.31,35.7,45.33,17.9,22.24,19.08,23.47,40.56,21.05,23.34,45.33,人气Top50；当日上涨；收在日内高位；温和放量；站上20日线且不过热；人气排名明显上升,近5日趋势未确认,v1
2026-05-06,002185,华天科技,40,不推送,52.0,31,4.2,3.74,7.09,45.31,45.31,4.65,9.92,0.44,5.49,16.55,7.09,12.74,17.62,人气Top50；收盘承接较强；温和放量；近5日趋势升温；站上20日线且不过热,-,v1
2026-04-24,300136,信维通信,64,不推送,16.0,35,-0.21,8.75,11.87,29.84,45.29,5.12,19.53,5.34,19.78,39.79,11.87,23.43,45.29,温和放量；近5日趋势升温；站上20日线且不过热；连续上榜确认,当日转弱；收盘承接偏弱；人气排名明显回落,v1
2026-05-26,001896,豫能控股,100,不推送,6.38,16,-9.37,-4.89,-1.33,31.48,45.26,-1.09,10.27,9.13,21.67,30.27,3.38,14.08,45.26,温和放量；站上20日线且不过热；持续霸榜,当日转弱；热度可能进入后段；人气排名明显回落；震荡市里相对走弱；后段人气股在偏弱环境里更谨慎,v1
2026-04-10,002361,神剑股份,48,不推送,8.0,45,-0.06,1.27,5.4,-5.28,45.24,12.43,13.71,12.5,13.77,30.14,12.43,23.65,45.24,人气Top50；温和放量；站上20日线且不过热,收盘承接偏弱；近5日趋势未确认；上影线偏长,v1
2026-05-19,603986,兆易创新,40,不推送,59.38,21,0.85,10.02,10.02,45.13,45.13,15.89,30.31,14.91,29.21,17.55,16.95,33.24,36.9,人气Top50；收盘承接较强；温和放量；近5日趋势升温；站上20日线且不过热；连续上榜确认；震荡市里保持相对强势；震荡市里承接未失控,人气排名明显回落,v1
2026-04-21,002428,云南锗业,73,不推送,20.0,38,0.19,10.0,10.0,45.12,45.12,12.75,1.87,12.53,1.68,25.83,20.99,20.99,28.98,温和放量；近5日趋势升温；站上20日线且不过热；连续上榜确认,收盘承接偏弱；人气排名明显回落；上影线偏长,v1
2026-05-12,600176,中国巨石,47,不推送,55.0,26,-2.18,0.74,1.49,45.1,45.1,-10.52,-7.76,-8.53,-5.7,9.19,3.93,3.93,13.63,人气Top50；收在日内高位；温和放量；近5日趋势升温；站上20日线且不过热；人气排名明显上升；市场强势且个股相对强势,当日转弱,v1
2026-06-01,603773,沃格光电,51,不推送,33.38,12,3.25,6.56,7.82,45.1,45.1,6.91,19.22,3.54,15.47,19.92,12.48,25.82,38.7,当日涨停附近；收在日内高位；近5日强势延续；弱市中个股相对抗跌；收盘强势，次日确认,量能不足；短线涨幅偏高；偏离20日线较大；后段人气股在偏弱环境里更谨慎；次日高开或一字风险,v1
2026-05-26,605006,山东玻纤,58,观察池,84.25,16,2.34,3.52,9.99,45.09,45.09,2.23,-5.97,-0.11,-8.12,6.86,13.28,13.28,13.28,当日涨停附近；收在日内高位；温和放量；近5日趋势升温；站上20日线且不过热；人气排名明显上升；震荡市里保持相对强势；震荡市里承接未失控；v2低分涨停修正；收盘强势，次日确认,后段人气股在偏弱环境里更谨慎；次日高开或一字风险；v1每日精选未入前5,v1
2026-04-23,000988,华工科技,83,不推送,0.0,36,-2.25,-1.98,-0.25,44.93,44.93,-1.75,1.6,0.51,3.94,22.32,3.06,3.06,27.71,温和放量；站上20日线且不过热；持续霸榜,当日转弱；收盘承接偏弱；热度可能进入后段；人气排名明显回落,v1
2026-04-30,001309,德明利,64,不推送,38.0,31,8.61,10.0,10.0,35.21,44.81,13.89,17.76,4.86,8.42,33.22,20.62,22.89,44.81,温和放量；近5日趋势升温；站上20日线且不过热；连续上榜确认,人气排名明显回落,v1
2026-05-06,001309,德明利,34,不推送,54.0,31,8.61,10.0,10.0,35.21,44.81,13.89,17.76,4.86,8.42,33.22,20.62,22.89,44.81,人气Top50；温和放量；近5日趋势升温；站上20日线且不过热；连续上榜确认；人气排名明显上升,-,v1
2026-05-06,600589,大位科技,44,不推送,32.0,31,5.86,10.03,10.03,1.69,44.79,24.23,25.62,17.35,18.67,29.89,24.23,33.86,44.79,人气Top50；当日上涨；收盘承接较强；温和放量；人气排名明显上升,近5日趋势未确认；仍在20日线下方,v1
2026-04-20,600498,烽火通信,59,不推送,58.0,39,-1.74,0.15,0.83,44.76,44.76,3.85,-2.59,5.69,-0.86,-2.17,8.27,8.27,8.27,当日强涨；温和放量；近5日趋势升温；站上20日线且不过热；连续上榜确认,-,v1
2026-04-29,603399,永杉锂业,36,观察池,75.0,32,9.98,9.98,9.98,12.71,44.75,28.08,39.31,16.45,26.66,10.83,33.07,44.75,44.75,人气Top50；当日涨停附近；收在日内高位；温和放量；近5日强势延续；连续上榜确认；人气排名明显上升,短线涨幅偏高；偏离20日线较大；v1每日精选未入前5,v1
2026-06-05,600186,莲花控股,43,不推送,33.5,8,-4.44,3.55,5.63,44.72,44.72,14.71,14.22,20.04,19.52,,16.49,27.84,,人气Top50；当日上涨；收盘承接较强；温和放量；人气排名明显上升；弱市中个股相对抗跌,近5日趋势未确认；仍在20日线下方,v1
2026-05-07,600176,中国巨石,89,不推送,55.0,29,-1.27,0.19,2.04,44.67,44.67,-0.29,-0.82,0.99,0.46,-6.39,5.17,5.17,5.17,收盘承接较强；温和放量；近5日趋势升温；站上20日线且不过热；连续上榜确认；市场强势且个股相对强势,-,v1
2026-05-21,002185,华天科技,41,不推送,12.5,19,1.58,1.58,2.18,25.58,44.63,22.94,41.53,21.03,39.33,26.83,22.94,44.63,44.63,人气Top50；温和放量；近5日趋势升温；站上20日线且不过热；持续霸榜,当日转弱；收盘承接偏弱；热度可能进入后段；人气排名明显回落；弱市先收缩执行；弱市里的长连榜样本优先降权,v1
2026-04-23,002081,金螳螂,5,不推送,42.0,36,0.37,-9.94,0.55,-12.15,44.57,-12.71,6.26,-13.03,5.87,44.57,0.55,6.26,44.57,人气Top10；当日涨停附近；收在日内高位；连续上榜确认；人气排名明显上升,放量过猛；短线涨幅过热；远离20日线过多,v1
2026-04-29,002181,粤传媒,34,不推送,54.0,32,1.4,10.01,10.01,-23.95,44.5,24.88,27.15,23.16,25.39,18.21,31.89,31.89,44.5,人气Top50；当日上涨；温和放量；近5日趋势升温；站上20日线且不过热；人气排名明显上升,-,v1
2026-04-14,001896,豫能控股,48,不推送,40.0,43,0.0,10.03,10.03,44.49,44.49,13.41,13.55,13.41,13.55,4.45,20.12,25.17,25.17,人气Top50；当日上涨；温和放量；近5日趋势升温；站上20日线且不过热；连续上榜确认,收盘承接偏弱；上影线偏长,v1
2026-04-27,002428,云南锗业,62,不推送,16.0,34,-0.27,-4.29,0.27,36.35,44.46,-3.83,10.16,-3.57,10.47,33.52,0.27,11.94,44.46,温和放量；近5日趋势升温；站上20日线且不过热；持续霸榜,当日转弱；收盘承接偏弱；热度可能进入后段,v1
2026-04-14,000890,法尔胜,76,不推送,0.0,43,-3.31,5.45,6.03,-24.63,44.46,2.56,20.58,6.07,24.7,31.4,6.45,22.31,44.46,温和放量；连续上榜确认,当日转弱；收盘承接偏弱；近5日趋势未确认；仍在20日线下方；人气排名明显回落,v1
2026-05-29,600186,莲花控股,64,不推送,0.0,13,-1.48,-3.05,6.31,44.43,44.43,-5.91,-0.2,-4.5,1.3,13.99,6.31,6.31,27.59,温和放量；持续霸榜,当日转弱；收盘承接偏弱；近5日趋势未确认；仍在20日线下方；热度可能进入后段；人气排名明显回落；弱市先收缩执行；后段人气股在偏弱环境里更谨慎；弱市里的长连榜样本优先降权；市场健康度不足，收缩推送；市场健康度偏弱,v1
2026-05-15,603629,利通电子,46,不推送,0.0,23,0.5,4.67,4.72,-1.06,44.42,8.78,17.3,8.24,16.72,44.33,8.82,17.3,44.42,人气Top50；温和放量；站上20日线且不过热；持续霸榜,当日转弱；收盘承接偏弱；近5日趋势未确认；热度可能进入后段；震荡市里相对走弱；市场健康度不足，收缩推送,v1
2026-04-30,002015,协鑫能科,98,不推送,0.0,31,2.37,10.03,10.03,6.76,44.39,14.82,19.77,12.16,17.01,26.14,17.8,22.25,44.39,温和放量,当日转弱；收盘承接偏弱；近5日趋势未确认；人气排名明显回落,v1
2026-05-06,002015,协鑫能科,33,不推送,8.0,31,2.37,10.03,10.03,6.76,44.39,14.82,19.77,12.16,17.01,26.14,17.8,22.25,44.39,人气Top50；温和放量；连续上榜确认；人气排名明显上升,当日转弱；收盘承接偏弱；近5日趋势未确认,v1
2026-04-28,000066,中国长城,8,重点观察,82.0,33,-2.8,1.07,1.23,-0.11,44.36,22.27,29.5,25.79,33.24,14.97,22.27,36.96,44.36,人气Top10；当日上涨；收盘承接较强；放量仍可控；近5日趋势升温；站上20日线且不过热；连续上榜确认；人气排名明显上升；v1每日精选入选,-,v1
2026-05-06,002565,顺灏股份,82,不推送,9.0,30,29.1,30.14,31.0,-10.94,44.17,42.79,32.83,10.61,2.89,11.86,44.17,44.17,44.17,当日上涨；收盘承接较强；市场强势且个股相对强势,近5日趋势未确认；仍在20日线下方,v1
2026-06-03,600176,中国巨石,74,不推送,0.0,10,-1.56,1.27,3.32,44.03,44.03,-6.2,3.85,-4.72,5.49,44.03,3.9,7.41,44.03,温和放量；站上20日线且不过热；持续霸榜；人气排名明显上升,当日转弱；收盘承接偏弱；近5日趋势未确认；热度可能进入后段；震荡市里相对走弱；后段人气股在偏弱环境里更谨慎,v1
2026-05-08,300308,中际旭创,41,不推送,39.0,28,0.35,6.11,6.86,44.03,44.03,18.42,18.5,18.01,18.09,17.15,18.76,24.14,24.14,人气Top50；近5日趋势升温；站上20日线且不过热；连续上榜确认；市场强势且个股相对强势,-,v1
2026-04-24,300308,中际旭创,22,不推送,24.0,35,1.36,-3.38,1.47,44.03,44.03,-4.63,-3.38,-5.9,-4.68,18.42,1.47,1.47,18.76,人气Top50；温和放量；站上20日线且不过热；持续霸榜,当日转弱；热度可能进入后段,v1
2026-05-22,601991,大唐发电,7,不推送,5.5,18,-1.31,7.4,7.98,32.51,43.98,11.9,25.25,13.38,26.91,15.09,13.21,27.58,43.98,人气Top10；站上20日线且不过热；持续霸榜,当日转弱；收盘承接偏弱；近5日趋势未确认；热度可能进入后段；强势市里个股相对走弱；市场健康度不足，收缩推送,v1
2026-04-22,300620,光库科技,78,不推送,52.0,37,2.0,-10.12,2.76,43.96,43.96,-12.76,-14.38,-14.46,-16.05,-3.15,2.76,2.76,2.76,当日上涨；收盘承接较强；温和放量；近5日趋势升温；站上20日线且不过热,-,v1
2026-05-29,600487,亨通光电,6,强推观察,92.0,13,-2.44,-2.02,4.78,43.93,43.93,18.56,24.64,21.52,27.75,25.78,18.56,33.51,42.62,人气Top10；当日强涨；收在日内高位；放量仍可控；近5日趋势升温；站上20日线且不过热；持续霸榜；人气排名明显上升；弱市中个股相对抗跌；v1每日精选入选,热度可能进入后段；弱市里的长连榜样本优先降权,v1
2026-04-22,300308,中际旭创,24,观察池,60.0,37,0.27,1.06,3.65,43.93,43.93,-3.45,-4.69,-3.71,-4.95,6.04,3.65,3.65,6.79,人气Top50；收盘承接较强；温和放量；近5日趋势升温；站上20日线且不过热；持续霸榜；人气排名明显上升,热度可能进入后段；v1每日精选未入前5,v1
2026-05-21,600863,华能蒙电,77,不推送,32.88,19,-4.66,-3.41,3.05,1.79,43.91,9.32,19.0,14.66,24.81,23.3,12.9,31.0,43.91,当日上涨；放量仍可控；近5日趋势升温；站上20日线且不过热；连续上榜确认,人气排名明显回落；弱市先收缩执行；后段人气股在偏弱环境里更谨慎,v1
2026-04-28,002463,沪电股份,54,不推送,0.0,33,-1.35,-0.39,1.73,43.85,43.85,2.37,6.7,3.77,8.17,1.09,5.03,9.31,12.35,站上20日线且不过热；持续霸榜；人气排名明显上升,当日转弱；收盘承接偏弱；热度可能进入后段,v1
2026-05-25,600396,华电辽能,9,观察池,95.0,17,0.0,5.37,9.86,11.11,43.82,20.22,15.48,20.22,15.48,20.47,26.15,29.84,43.82,人气Top10；当日涨停附近；收在日内高位；温和放量；站上20日线且不过热；持续霸榜；人气排名明显上升；市场强势且个股相对强势；收盘强势，次日确认,热度可能进入后段；次日高开或一字风险；v1每日精选未入前5,v1
2026-04-10,600703,三安光电,50,不推送,0.0,45,-0.34,4.27,5.44,43.72,43.72,1.68,11.73,2.02,12.1,26.55,5.44,11.73,34.51,人气Top50；温和放量,收盘承接偏弱；仍在20日线下方；上影线偏长,v1
2026-05-08,600487,亨通光电,22,不推送,61.0,28,2.63,-2.95,3.4,43.65,43.65,-2.38,-9.67,-4.88,-11.98,-5.46,3.4,3.4,3.4,人气Top50；温和放量；近5日趋势升温；站上20日线且不过热；连续上榜确认；市场强势且个股相对强势；v2连榜升温修正,-,v1
2026-05-19,002185,华天科技,29,观察池,75.38,21,-0.98,3.8,9.69,24.67,43.59,0.85,22.05,1.85,23.27,19.83,9.69,22.05,43.59,人气Top50；当日上涨；收盘承接较强；温和放量；近5日趋势升温；站上20日线且不过热；连续上榜确认；人气排名明显上升；震荡市里保持相对强势；震荡市里承接未失控,v1每日精选未入前5,v1
2026-04-30,002081,金螳螂,2,观察池,96.0,31,4.24,7.8,7.8,-19.15,43.56,13.05,33.05,8.46,27.64,14.75,19.49,33.05,43.56,人气Top3；当日涨停附近；收在日内高位；温和放量；近5日趋势升温；持续霸榜,偏离20日线较大；热度可能进入后段；v1每日精选未入前5,v1
2026-05-06,002081,金螳螂,5,观察池,90.0,31,4.24,7.8,7.8,-19.15,43.56,13.05,33.05,8.46,27.64,14.75,19.49,33.05,43.56,人气Top10；当日涨停附近；收在日内高位；温和放量；近5日趋势升温；持续霸榜,偏离20日线较大；热度可能进入后段；v1每日精选未入前5,v1
2026-04-27,000988,华工科技,59,不推送,32.0,34,-0.24,-2.69,0.39,43.54,43.54,0.62,12.17,0.87,12.45,15.46,1.84,13.03,26.48,当日上涨；温和放量；站上20日线且不过热；持续霸榜；人气排名明显上升,热度可能进入后段；上影线偏长,v1
2026-05-22,000657,中钨高新,90,观察池,75.0,18,3.88,2.93,4.68,43.52,43.52,3.93,9.01,0.05,4.94,12.38,10.45,13.75,19.93,当日涨停附近；收在日内高位；温和放量；近5日趋势升温；站上20日线且不过热；市场强势且个股相对强势；收盘强势，次日确认,次日高开或一字风险；v1每日精选未入前5,v1
2026-04-27,300475,香农芯创,76,不推送,48.0,34,-0.15,0.36,4.5,43.45,43.45,2.17,10.64,2.33,10.81,17.26,4.56,19.31,22.73,当日上涨；收盘承接较强；温和放量；站上20日线且不过热；连续上榜确认,-,v1
2026-05-13,600667,太极实业,52,不推送,44.0,25,0.0,-4.52,2.79,43.44,43.44,-1.28,3.24,-1.28,3.24,4.98,2.79,4.98,10.11,当日强涨；收盘承接较强；放量仍可控；近5日强势延续；连续上榜确认；市场强势且个股相对强势,短线涨幅偏高；偏离20日线较大；人气排名明显回落,v1
2026-04-13,002361,神剑股份,48,不推送,32.0,44,-0.9,0.9,2.34,-6.47,43.41,15.33,23.53,16.37,24.65,29.7,22.1,23.53,43.41,人气Top50；温和放量；近5日趋势升温；站上20日线且不过热；连续上榜确认,收盘承接偏弱；上影线偏长,v1
2026-05-15,600578,京能电力,8,收盘强势观察,62.38,23,3.14,9.99,9.99,14.41,43.37,6.13,17.26,2.9,13.69,33.81,20.97,26.96,43.37,人气Top10；当日涨停附近；收在日内高位；近5日强势延续；首次上榜即强势；震荡市里保持相对强势；震荡市里承接未失控；收盘强势，次日确认；v1每日精选入选,放量过猛；短线涨幅偏高；偏离20日线较大；次日高开或一字风险,v1
2026-05-20,600863,华能蒙电,50,不推送,16.25,20,-7.66,-0.53,4.81,1.25,43.14,5.7,19.61,14.48,29.54,31.73,5.7,19.61,43.14,人气Top50；放量仍可控；近5日趋势升温；站上20日线且不过热；震荡市里保持相对强势,当日转弱；收盘承接偏弱,v1
2026-04-24,002463,沪电股份,88,不推送,0.0,35,1.1,2.02,3.91,43.14,43.14,-0.88,1.87,-1.96,0.75,9.96,3.91,4.51,10.26,温和放量；站上20日线且不过热；持续霸榜,当日转弱；收盘承接偏弱；热度可能进入后段；人气排名明显回落,v1
2026-05-26,600726,华电能源,53,观察池,74.25,16,3.29,9.99,9.99,9.07,43.1,33.11,21.42,28.88,17.56,18.92,33.11,43.1,43.1,当日涨停附近；收在日内高位；温和放量；近5日趋势升温；站上20日线且不过热；震荡市里保持相对强势；震荡市里承接未失控；收盘强势，次日确认,后段人气股在偏弱环境里更谨慎；次日高开或一字风险；v1每日精选未入前5,v1
2026-06-10,600498,烽火通信,89,不推送,8.88,5,0.0,9.5,10.0,37.67,43.09,21.78,37.67,21.78,37.67,,22.98,43.09,,温和放量；近5日趋势升温；站上20日线且不过热；连续上榜确认,当日转弱；收盘承接偏弱；人气排名明显回落；弱市先收缩执行；后段人气股在偏弱环境里更谨慎,v1
2026-05-22,600176,中国巨石,40,观察池,81.0,18,1.62,2.8,3.01,43.08,43.08,3.59,10.32,1.93,8.56,-3.14,12.05,15.25,15.25,人气Top50；当日强涨；收在日内高位；温和放量；近5日趋势升温；站上20日线且不过热；人气排名明显上升；市场强势且个股相对强势,v1每日精选未入前5,v1
2026-05-21,000725,京东方A,1,观察池,91.5,19,0.21,10.02,10.02,43.07,43.07,23.03,21.11,22.77,20.85,31.13,23.67,29.85,31.13,人气Top3；当日涨停附近；收在日内高位；温和放量；近5日趋势升温；站上20日线且不过热；首次上榜即强势,一字或近似一字，参与点差；弱市先收缩执行；Top3高热度拥挤，次日兑现风险；一字板不可买,v1
2026-05-07,600522,中天科技,19,收盘强势观察,103.0,29,-0.47,6.57,7.24,43.07,43.07,14.85,14.9,15.39,15.45,9.17,20.32,20.32,23.5,人气Top20；当日涨停附近；收在日内高位；温和放量；近5日趋势升温；站上20日线且不过热；连续上榜确认；人气排名明显上升；市场强势且个股相对强势；收盘强势，次日确认；v1每日精选入选,次日高开或一字风险,v1
2026-05-19,301139,*ST元道,90,不推送,0.0,21,-13.22,20.04,20.04,-8.06,42.98,25.62,7.02,44.76,23.33,28.1,42.98,42.98,42.98,收在日内高位,当日转弱；放量过猛；近5日趋势未确认；仍在20日线下方；震荡市里相对走弱；后段人气股在偏弱环境里更谨慎；市场健康度不足，收缩推送,v1
2026-06-12,300285,国瓷材料,28,不推送,1.25,3,5.68,12.37,13.33,39.36,42.91,39.36,,31.87,,,42.91,,,人气Top50；温和放量；站上20日线且不过热；人气排名明显上升,当日转弱；收盘承接偏弱；近5日趋势未确认；震荡市里相对走弱；市场健康度不足，收缩推送,v1
2026-04-29,000066,中国长城,77,不推送,54.0,32,5.44,9.99,9.99,-1.17,42.84,33.07,29.86,26.21,23.16,12.15,33.07,37.46,42.84,收在日内高位；温和放量；近5日趋势升温；站上20日线且不过热；连续上榜确认,人气排名明显回落,v1
2026-05-27,002552,宝鼎科技,96,不推送,20.12,15,-3.44,9.99,9.99,42.81,42.81,14.64,17.69,18.73,21.89,17.36,22.88,24.64,31.96,当日上涨；温和放量；近5日强势延续；连续上榜确认；震荡市里保持相对强势,短线涨幅偏高；远离20日线过多；人气排名明显回落；后段人气股在偏弱环境里更谨慎,v1
2026-04-30,001896,豫能控股,25,不推送,0.0,31,-1.44,7.61,9.32,42.78,42.78,7.68,11.42,9.25,13.05,6.23,12.34,15.22,27.3,人气Top50；温和放量；持续霸榜,当日转弱；收盘承接偏弱；近5日趋势未确认；热度可能进入后段,v1
2026-04-13,600103,青山纸业,25,不推送,12.0,44,-2.25,3.75,5.25,-10.25,42.75,1.25,18.0,3.58,20.72,18.5,5.25,18.0,42.75,人气Top50；近5日趋势升温；站上20日线且不过热；连续上榜确认,收盘承接偏弱；放量过猛,v1
2026-05-15,600498,烽火通信,94,不推送,0.0,23,2.27,4.56,7.74,42.74,42.74,8.86,2.66,6.44,0.38,-3.41,13.51,13.51,13.51,温和放量；站上20日线且不过热；连续上榜确认,当日转弱；收盘承接偏弱；近5日趋势未确认；震荡市里相对走弱；后段人气股在偏弱环境里更谨慎；市场健康度不足，收缩推送,v1
2026-04-30,000988,华工科技,76,不推送,32.0,31,2.7,4.53,8.08,42.65,42.65,14.15,20.4,11.14,17.23,32.31,14.32,25.7,33.39,收盘承接较强；温和放量；站上20日线且不过热,-,v1
2026-05-06,000988,华工科技,42,不推送,52.0,31,2.7,4.53,8.08,42.65,42.65,14.15,20.4,11.14,17.23,32.31,14.32,25.7,33.39,人气Top50；收盘承接较强；温和放量；站上20日线且不过热；连续上榜确认；人气排名明显上升,-,v1
2026-04-23,300613,富瀚微,79,不推送,38.0,19,19.62,20.01,20.01,42.11,42.63,29.96,26.36,8.64,5.64,29.75,42.63,42.63,42.63,收盘承接较强；放量仍可控；近5日趋势升温；站上20日线且不过热,-,v1
2026-04-17,600961,株冶集团,66,不推送,44.0,23,10.0,10.0,10.0,24.22,42.6,32.1,36.8,20.08,24.36,24.54,33.09,40.7,42.6,当日涨停附近；收在日内高位；近5日趋势升温；站上20日线且不过热,量能不足；一字或近似一字，参与点差,v1
2026-04-27,600707,彩虹股份,31,观察池,72.0,34,0.34,-2.48,1.8,42.57,42.57,-8.9,1.8,-9.2,1.46,21.28,2.48,2.48,25.9,人气Top50；当日涨停附近；收在日内高位；温和放量；站上20日线且不过热；人气排名明显上升,v1每日精选未入前5,v1
2026-04-17,003031,中瓷电子,98,观察池,72.0,40,6.95,5.81,9.35,42.48,42.48,11.49,13.61,4.24,6.23,13.67,13.75,18.31,18.31,当日涨停附近；收在日内高位；温和放量；近5日趋势升温；站上20日线且不过热,v1每日精选未入前5,v1
2026-06-01,600176,中国巨石,61,不推送,0.0,12,-1.98,1.51,3.44,42.48,42.48,0.18,-7.2,2.21,-5.32,19.44,4.78,4.78,19.44,温和放量；站上20日线且不过热；连续上榜确认；人气排名明显上升,当日转弱；收盘承接偏弱；近5日趋势未确认；弱市先收缩执行；后段人气股在偏弱环境里更谨慎；市场健康度不足，收缩推送；市场健康度偏弱,v1
2026-05-21,600745,*ST闻泰,2,不推送,29.5,19,-2.5,-3.57,-0.18,5.71,42.44,6.31,17.2,9.04,20.21,22.44,6.31,17.2,42.44,人气Top3；当日上涨；收在日内高位；持续霸榜；弱市中个股相对抗跌,放量过猛；近5日趋势未确认；仍在20日线下方；热度可能进入后段；弱市里的长连榜样本优先降权；Top3高热度拥挤，次日兑现风险,v1
2026-05-22,002185,华天科技,46,不推送,59.0,18,3.7,9.99,9.99,23.62,42.38,30.63,25.37,25.97,20.9,17.2,33.16,42.38,42.38,人气Top50；收盘承接较强；温和放量；近5日趋势升温；站上20日线且不过热；持续霸榜；市场强势且个股相对强势,热度可能进入后段,v1
2026-05-06,300166,东方国信,66,不推送,0.0,31,6.67,20.01,20.01,0.91,42.36,25.32,21.37,17.49,13.78,38.86,30.7,31.87,42.36,温和放量,当日转弱；近5日趋势未确认,v1
2026-04-27,600549,厦门钨业,55,不推送,0.0,34,0.37,-3.2,1.18,42.35,42.35,1.74,4.6,1.37,4.21,-3.65,5.78,6.41,6.41,温和放量；人气排名明显上升,当日转弱；收盘承接偏弱；近5日趋势未确认,v1
2026-05-11,600186,莲花控股,25,不推送,21.75,27,-1.46,-3.01,-0.87,42.33,42.33,2.33,2.04,3.84,3.55,25.53,8.06,8.06,25.53,人气Top50；温和放量；站上20日线且不过热；连续上榜确认,当日转弱；近5日趋势未确认；强势市里个股相对走弱,v1
2026-04-13,920012,创达新材,65,不推送,8.0,27,-9.04,-1.86,1.72,35.77,42.29,-4.97,21.73,4.47,33.83,13.59,15.73,42.29,42.29,站上20日线且不过热,-,v1
2026-04-23,300308,中际旭创,10,观察池,60.0,36,0.25,-1.23,1.9,42.26,42.26,-8.14,-4.4,-8.37,-4.64,13.49,1.9,1.9,14.04,人气Top10；温和放量；近5日趋势升温；站上20日线且不过热；持续霸榜；人气排名明显上升,热度可能进入后段；上影线偏长；v1每日精选未入前5,v1
2026-04-13,603459,红板科技,2,观察池,80.0,44,2.99,-1.02,4.0,42.17,42.17,9.34,0.14,6.17,-2.77,1.15,15.6,15.6,15.6,人气Top3；当日涨停附近；温和放量；站上20日线且不过热；连续上榜确认；人气排名明显上升,上影线偏长；v1每日精选未入前5,v1
2026-04-14,002990,盛视科技,57,观察池,66.0,42,-1.1,9.74,9.74,42.14,42.14,32.84,17.69,34.31,18.99,28.0,32.84,40.94,41.09,当日涨停附近；收在日内高位；放量仍可控；近5日趋势升温；站上20日线且不过热,v1每日精选未入前5,v1
2026-04-14,002361,神剑股份,30,不推送,54.0,43,0.0,10.03,10.03,-7.3,42.14,11.28,34.66,11.28,34.66,18.81,21.01,34.66,42.14,人气Top50；温和放量；近5日趋势升温；站上20日线且不过热；连续上榜确认；人气排名明显上升,-,v1
2026-05-25,001896,豫能控股,44,观察池,65.0,17,-2.42,-2.19,0.77,28.61,42.08,-7.27,4.31,-4.97,6.9,15.84,0.77,6.44,42.08,人气Top50；当日强涨；温和放量；近5日趋势升温；站上20日线且不过热；持续霸榜；市场强势且个股相对强势,热度可能进入后段；v1每日精选未入前5,v1
2026-04-21,600330,天通股份,48,不推送,2.0,38,-0.3,9.99,9.99,42.05,42.05,10.08,12.33,10.41,12.67,23.98,17.05,21.09,28.36,人气Top50；近5日趋势升温；站上20日线且不过热；连续上榜确认,当日转弱；收盘承接偏弱；放量过猛,v1
2026-05-14,603601,再升科技,61,不推送,0.0,24,-0.72,1.81,5.01,-4.77,42.03,8.57,9.42,9.37,10.22,42.03,20.65,20.65,42.03,温和放量；站上20日线且不过热；持续霸榜,当日转弱；收盘承接偏弱；近5日趋势未确认；热度可能进入后段；人气排名明显回落；弱市先收缩执行；后段人气股在偏弱环境里更谨慎；弱市里的长连榜样本优先降权；市场健康度不足，收缩推送；市场健康度偏弱,v1
2026-04-27,600726,华电能源,26,重点观察,81.0,34,-0.78,10.03,10.03,30.09,42.01,3.29,19.28,4.11,20.22,25.39,19.59,19.59,42.01,人气Top50；当日涨停附近；收在日内高位；温和放量；近5日强势延续；站上20日线且不过热；连续上榜确认；v1每日精选入选,短线涨幅偏高,v1
2026-05-14,300274,阳光电源,79,不推送,0.0,24,0.72,13.27,15.52,10.46,41.98,16.55,22.48,15.72,21.6,40.78,19.47,28.12,41.98,温和放量,当日转弱；收盘承接偏弱；近5日趋势未确认；弱市先收缩执行；后段人气股在偏弱环境里更谨慎；市场健康度不足，收缩推送；市场健康度偏弱,v1
2026-05-21,600584,长电科技,6,不推送,26.5,19,0.31,9.04,9.43,22.32,41.98,31.94,26.78,31.53,26.38,19.81,31.94,41.98,41.98,人气Top10；温和放量；近5日趋势升温；持续霸榜,收盘承接偏弱；偏离20日线较大；热度可能进入后段；上影线偏长；弱市先收缩执行；弱市里的长连榜样本优先降权,v1
2026-04-20,603459,红板科技,73,不推送,0.0,39,-2.24,-1.45,1.1,41.96,41.96,-6.12,1.0,-3.97,3.32,17.12,2.02,2.16,17.12,温和放量；站上20日线且不过热,当日转弱；收盘承接偏弱；人气排名明显回落,v1
2026-05-08,605358,立昂微,30,观察池,82.0,28,3.0,0.32,3.08,41.96,41.96,5.36,3.26,2.29,0.25,4.5,9.36,9.36,15.59,人气Top50；当日涨停附近；收在日内高位；温和放量；近5日强势延续；市场强势且个股相对强势；v2强势延续修正；v2低分涨停修正；收盘强势，次日确认,短线涨幅偏高；偏离20日线较大；次日高开或一字风险；v1每日精选未入前5,v1
2026-04-22,002463,沪电股份,18,观察池,76.0,37,1.22,2.76,5.32,41.91,41.91,1.14,-1.73,-0.08,-2.92,5.24,5.32,5.32,7.83,人气Top20；当日上涨；收盘承接较强；温和放量；近5日趋势升温；站上20日线且不过热；持续霸榜；人气排名明显上升,热度可能进入后段；v1每日精选未入前5,v1
2026-05-08,300502,新易盛,85,不推送,0.0,28,0.42,2.18,3.33,41.83,41.83,14.04,10.6,13.56,10.14,10.0,14.37,18.53,18.53,连续上榜确认,当日转弱；收盘承接偏弱；近5日趋势未确认；仍在20日线下方；人气排名明显回落；强势市里个股相对走弱,v1
2026-05-12,300903,科翔股份,68,不推送,32.0,26,3.57,4.02,6.91,41.81,41.81,8.42,4.16,4.69,0.57,15.53,19.73,19.73,22.64,当日涨停附近；温和放量；近5日强势延续；市场强势且个股相对强势；收盘强势，次日确认,短线涨幅偏高；远离20日线过多；次日高开或一字风险,v1
2026-04-14,001309,德明利,32,不推送,41.0,43,0.11,0.11,3.87,41.75,41.75,2.61,2.79,2.49,2.67,-0.85,5.86,7.46,8.85,人气Top50；当日上涨；温和放量；近5日强势延续；连续上榜确认,短线涨幅偏高；偏离20日线较大,v1
2026-05-28,002484,江海股份,66,不推送,52.0,14,10.0,5.1,10.0,41.66,41.66,12.68,30.08,2.43,18.25,11.79,16.24,30.08,30.08,当日涨停附近；收在日内高位；近5日强势延续；连续上榜确认；人气排名明显上升；市场强势且个股相对强势；v2低分涨停修正；收盘强势，次日确认,短线涨幅偏高；远离20日线过多；次日高开或一字风险,v1
2026-04-23,300136,信维通信,12,观察池,78.0,36,-0.55,-2.59,5.42,26.56,41.61,4.83,9.4,5.41,10.01,30.98,9.04,10.21,41.61,人气Top20；当日上涨；收在日内高位；温和放量；近5日趋势升温；站上20日线且不过热；人气排名明显上升,v1每日精选未入前5,v1
2026-04-15,001309,德明利,91,不推送,3.0,42,-2.23,3.11,5.74,41.58,41.58,2.75,4.75,5.1,7.14,4.34,7.34,7.34,8.73,温和放量；近5日强势延续；连续上榜确认,收盘承接偏弱；短线涨幅偏高；偏离20日线较大；人气排名明显回落；上影线偏长,v1
2026-05-26,600183,生益科技,17,观察池,92.38,16,3.79,2.82,9.29,41.44,41.44,9.77,10.13,5.76,6.1,15.78,13.65,15.49,15.78,人气Top20；当日涨停附近；收在日内高位；温和放量；近5日强势延续；连续上榜确认；人气排名明显上升；震荡市里保持相对强势；震荡市里承接未失控；v2低分涨停修正；收盘强势，次日确认,短线涨幅偏高；偏离20日线较大；次日高开或一字风险；v1每日精选未入前5,v1
2026-04-14,000988,华工科技,11,不推送,36.0,43,-0.2,-6.91,-0.2,41.35,41.35,-3.27,-3.61,-3.08,-3.41,-4.18,-0.2,-0.2,2.38,人气Top20；温和放量；近5日趋势升温；站上20日线且不过热；连续上榜确认,当日转弱；收盘承接偏弱,v1
2026-06-10,600110,诺德股份,59,不推送,26.88,5,0.08,0.16,2.05,41.15,41.15,16.64,41.15,16.54,41.03,,16.64,41.15,,当日上涨；温和放量；站上20日线且不过热；人气排名明显上升,弱市先收缩执行；后段人气股在偏弱环境里更谨慎,v1
2026-04-27,600460,士兰微,47,不推送,54.0,34,-0.1,-1.69,1.31,41.13,41.13,-0.1,2.49,0.0,2.6,8.47,1.31,4.04,12.1,人气Top50；当日上涨；收盘承接较强；放量仍可控；近5日趋势升温；站上20日线且不过热,-,v1
2026-06-04,605006,山东玻纤,66,不推送,46.25,9,-2.88,-0.22,6.95,41.07,41.07,3.91,20.78,6.98,24.36,,6.95,22.41,,当日强涨；收盘承接较强；温和放量；站上20日线且不过热；震荡市里保持相对强势；震荡市里承接未失控,近5日趋势未确认；后段人气股在偏弱环境里更谨慎,v1
2026-04-22,000988,华工科技,49,观察池,74.0,37,0.81,-2.73,2.11,40.98,40.98,-1.79,-1.58,-2.58,-2.37,21.79,2.11,2.11,22.8,人气Top50；当日上涨；收在日内高位；温和放量；近5日趋势升温；站上20日线且不过热；持续霸榜；人气排名明显上升,热度可能进入后段；v1每日精选未入前5,v1
2026-04-17,300136,信维通信,50,观察池,78.0,40,-4.39,3.79,5.39,40.92,40.92,6.09,8.46,10.96,13.45,29.73,6.73,17.38,33.96,人气Top50；当日强涨；收在日内高位；温和放量；近5日趋势升温；站上20日线且不过热；人气排名明显上升,v1每日精选未入前5,v1
2026-05-13,002245,蔚蓝锂芯,51,观察池,73.0,25,5.64,8.98,10.07,25.42,40.84,14.08,9.77,7.98,3.91,38.23,16.44,16.44,40.84,当日强涨；收在日内高位；温和放量；近5日趋势升温；站上20日线且不过热；人气排名明显上升；市场强势且个股相对强势,v1每日精选未入前5,v1
2026-05-07,002929,润建股份,86,不推送,52.0,29,10.0,10.0,10.0,-13.39,40.73,12.2,22.19,2.01,11.08,13.67,14.6,35.77,40.73,当日涨停附近；收在日内高位；近5日强势延续；站上20日线且不过热；市场强势且个股相对强势；v2低分涨停修正；收盘强势，次日确认,量能不足；短线涨幅偏高；次日高开或一字风险,v1
2026-05-21,601991,大唐发电,5,不推送,0.0,19,-0.71,-2.27,1.56,29.5,40.71,1.56,13.48,2.29,14.29,24.96,8.37,16.6,40.71,人气Top10；站上20日线且不过热；持续霸榜,当日转弱；收盘承接偏弱；近5日趋势未确认；热度可能进入后段；弱市先收缩执行；弱市里的长连榜样本优先降权；市场健康度不足，收缩推送；市场健康度偏弱,v1
2026-05-25,600745,*ST闻泰,39,不推送,23.0,17,2.94,5.0,5.0,4.41,40.68,15.76,27.57,12.45,23.93,22.93,15.76,27.57,40.68,人气Top50；当日上涨；收在日内高位；持续霸榜；市场强势且个股相对强势,近5日趋势未确认；仍在20日线下方；热度可能进入后段；人气排名明显回落,v1
2026-04-28,600105,永鼎股份,62,不推送,16.0,33,-0.54,-3.41,0.45,40.67,40.67,-2.61,11.33,-2.08,11.93,14.8,0.45,12.55,25.71,温和放量；近5日趋势升温；站上20日线且不过热；持续霸榜,当日转弱；收盘承接偏弱；热度可能进入后段,v1
2026-05-27,600522,中天科技,30,不推送,0.0,15,0.51,3.76,4.33,40.61,40.61,0.87,15.19,0.36,14.6,28.55,11.65,20.31,39.51,人气Top50；持续霸榜,当日转弱；收盘承接偏弱；近5日趋势未确认；热度可能进入后段；震荡市里相对走弱；市场健康度不足，收缩推送,v1
2026-05-13,002185,华天科技,84,不推送,55.0,25,0.27,-2.53,1.71,30.39,40.45,0.41,8.56,0.14,8.26,37.78,2.87,14.72,40.45,收盘承接较强；温和放量；近5日趋势升温；站上20日线且不过热；连续上榜确认；市场强势且个股相对强势,-,v1
2026-05-06,300475,香农芯创,59,不推送,18.0,31,8.18,11.43,16.77,40.41,40.41,3.62,5.67,-4.22,-2.32,8.12,16.77,16.77,20.13,近5日趋势升温；站上20日线且不过热；人气排名明显上升,上影线偏长,v1
2026-06-02,600176,中国巨石,90,不推送,15.5,11,-0.26,-2.54,3.21,40.36,40.36,-4.99,0.57,-4.74,0.82,27.61,3.21,3.21,29.05,温和放量；站上20日线且不过热；连续上榜确认,近5日趋势未确认；人气排名明显回落；强势市里个股相对走弱；市场健康度不足，收缩推送,v1
2026-06-10,600353,旭光电子,78,不推送,52.38,5,-1.03,9.99,9.99,40.3,40.3,15.94,40.3,17.15,41.76,,18.55,40.3,,当日上涨；收盘承接较强；温和放量；近5日趋势升温；站上20日线且不过热；弱市中个股相对抗跌,后段人气股在偏弱环境里更谨慎,v1
2026-05-21,300433,蓝思科技,83,不推送,11.38,19,-1.78,5.18,5.59,40.26,40.26,5.4,10.19,7.31,12.19,19.53,10.85,14.22,28.18,温和放量；近5日趋势升温；站上20日线且不过热；持续霸榜,收盘承接偏弱；热度可能进入后段；上影线偏长；弱市先收缩执行；后段人气股在偏弱环境里更谨慎；弱市里的长连榜样本优先降权,v1
2026-06-12,301217,铜冠铜箔,27,收盘强势观察,75.25,3,5.08,20.0,20.0,28.13,40.2,28.13,,21.94,,,40.2,,,人气Top50；当日涨停附近；温和放量；近5日强势延续；连续上榜确认；人气排名明显上升；震荡市里保持相对强势；v2连榜升温修正；v2低分涨停修正；收盘强势，次日确认；v1每日精选入选,短线涨幅偏高；偏离20日线较大；次日高开或一字风险,v1
2026-05-27,605006,山东玻纤,38,观察池,65.25,15,-4.04,8.89,9.43,40.16,40.16,-11.11,-7.33,-7.36,-3.43,13.58,9.43,9.43,13.58,人气Top50；当日上涨；温和放量；近5日强势延续；站上20日线且不过热；连续上榜确认；人气排名明显上升；震荡市里保持相对强势；v2连榜升温修正,短线涨幅偏高；v1每日精选未入前5,v1
2026-06-01,600667,太极实业,85,不推送,12.88,12,0.37,10.01,10.01,40.06,40.06,20.47,10.01,20.03,9.61,27.61,20.47,26.51,38.88,当日上涨；温和放量；站上20日线且不过热,人气排名明显回落；上影线偏长；弱市先收缩执行；后段人气股在偏弱环境里更谨慎,v1
2026-04-27,002015,协鑫能科,12,不推送,6.0,34,-1.15,3.06,4.81,3.5,39.98,-3.06,12.45,-1.93,13.76,28.35,6.17,14.2,39.98,人气Top20；站上20日线且不过热；持续霸榜；人气排名明显上升,当日转弱；收盘承接偏弱；近5日趋势未确认；热度可能进入后段,v1
2026-06-09,603002,宏昌电子,88,不推送,55.0,6,2.47,10.01,10.01,39.93,39.93,5.13,27.2,2.59,24.13,,11.58,27.2,,当日涨停附近；收在日内高位；温和放量；站上20日线且不过热；市场强势且个股相对强势；收盘强势，次日确认,近5日趋势未确认；人气排名明显回落；次日高开或一字风险,v1
2026-04-17,603083,剑桥科技,37,观察池,60.0,40,9.7,4.63,9.78,39.92,39.92,18.32,5.55,7.85,-3.78,23.16,21.54,21.54,28.86,人气Top50；当日涨停附近；收在日内高位；近5日趋势升温；人气排名明显上升,偏离20日线较大；v1每日精选未入前5,v1
2026-06-01,600105,永鼎股份,60,不推送,0.0,12,0.02,10.02,10.02,39.89,39.89,20.35,17.49,20.33,17.47,18.67,21.82,32.39,32.39,持续霸榜,当日转弱；收盘承接偏弱；近5日趋势未确认；仍在20日线下方；热度可能进入后段；人气排名明显回落；弱市先收缩执行；后段人气股在偏弱环境里更谨慎；弱市里的长连榜样本优先降权；市场健康度不足，收缩推送；市场健康度偏弱,v1
2026-04-15,300857,协创数据,45,观察池,66.0,42,0.47,13.66,14.35,33.33,39.82,9.74,30.22,9.23,29.61,35.72,14.74,30.22,39.82,人气Top50；当日涨停附近；放量仍可控；近5日趋势升温；站上20日线且不过热；连续上榜确认,v1每日精选未入前5,v1
2026-06-03,603773,沃格光电,85,不推送,7.12,10,-4.14,3.01,6.6,39.82,39.82,14.88,30.42,19.84,36.05,39.82,21.23,33.65,39.82,温和放量；近5日趋势升温；连续上榜确认；震荡市里保持相对强势,当日转弱；收盘承接偏弱；偏离20日线较大；人气排名明显回落；后段人气股在偏弱环境里更谨慎,v1
2026-04-20,600330,天通股份,35,不推送,46.0,39,0.0,-1.59,5.48,39.79,39.79,7.11,14.73,7.11,14.73,17.07,15.19,19.16,22.18,人气Top50；当日涨停附近；收在日内高位；近5日趋势升温；连续上榜确认,量能不足；偏离20日线较大；人气排名明显回落；一字或近似一字，参与点差,v1
2026-04-29,600156,华升股份,92,不推送,36.0,32,5.73,-3.4,9.94,-17.91,39.75,5.19,8.24,-0.51,2.37,20.77,9.94,17.46,39.75,当日涨停附近；收在日内高位；近5日趋势升温,量能不足；偏离20日线较大；人气排名明显回落,v1
2026-06-08,600186,莲花控股,13,观察池,73.5,7,-0.1,10.01,10.01,39.75,39.75,20.4,15.54,20.52,15.65,,21.64,23.45,,人气Top20；当日上涨；收盘承接较强；温和放量；近5日趋势升温；连续上榜确认；人气排名明显上升；弱市中个股相对抗跌,v1每日精选未入前5,v1
2026-04-28,002384,东山精密,60,不推送,2.0,33,-1.79,0.19,2.84,39.71,39.71,4.34,14.95,6.24,17.04,10.58,8.25,16.14,25.07,近5日趋势升温；站上20日线且不过热；持续霸榜,当日转弱；收盘承接偏弱；热度可能进入后段,v1
2026-05-29,000636,风华高科,8,不推送,61.0,13,-7.64,3.81,9.86,39.66,39.66,14.16,12.48,23.6,21.78,11.48,16.29,21.8,25.4,人气Top10；当日强涨；收盘承接较强；温和放量；近5日强势延续；持续霸榜；弱市中个股相对抗跌,短线涨幅偏高；远离20日线过多；热度可能进入后段；弱市里的长连榜样本优先降权,v1
2026-04-27,002463,沪电股份,85,不推送,32.0,34,-0.49,-3.4,-0.11,39.64,39.64,-2.74,2.32,-2.27,2.82,1.97,0.2,3.19,9.06,温和放量；近5日趋势升温；站上20日线且不过热；持续霸榜,热度可能进入后段；上影线偏长,v1
2026-05-08,600186,莲花控股,21,不推送,31.0,28,0.0,-1.9,1.62,39.62,39.62,2.1,-1.52,2.1,-1.52,11.9,3.33,6.0,12.86,人气Top50；温和放量；近5日趋势升温；站上20日线且不过热；连续上榜确认；市场强势且个股相对强势,当日转弱；收盘承接偏弱,v1
2026-06-09,001696,宗申动力,69,观察池,67.0,6,2.65,8.65,10.14,39.6,39.6,31.64,36.6,28.24,33.07,,31.64,37.75,,当日涨停附近；收在日内高位；近5日趋势升温；站上20日线且不过热；市场强势且个股相对强势；v2低分涨停修正；收盘强势，次日确认,次日高开或一字风险；v1每日精选未入前5,v1
2026-05-06,688525,佰维存储,31,不推送,12.0,31,8.16,17.37,19.98,39.58,39.58,9.49,16.48,1.23,7.69,18.16,19.98,21.96,30.07,人气Top50；温和放量；站上20日线且不过热；人气排名明显上升,当日转弱；收盘承接偏弱,v1
2026-06-09,600176,中国巨石,48,观察池,75.0,6,2.25,0.64,4.09,39.57,39.57,6.37,26.89,4.02,24.1,,12.88,28.32,,人气Top50；当日涨停附近；收在日内高位；温和放量；站上20日线且不过热；人气排名明显上升；市场强势且个股相对强势；收盘强势，次日确认,次日高开或一字风险；v1每日精选未入前5,v1
2026-05-22,601208,东材科技,80,观察池,81.0,18,2.96,2.46,5.34,39.56,39.56,-0.38,-4.67,-3.24,-7.41,8.22,6.29,6.29,15.35,当日涨停附近；收在日内高位；温和放量；近5日趋势升温；站上20日线且不过热；市场强势且个股相对强势；v2低分涨停修正；收盘强势，次日确认,次日高开或一字风险；v1每日精选未入前5,v1
2026-04-17,002156,通富微电,87,不推送,16.0,40,-0.06,0.48,2.03,39.52,39.52,1.31,0.33,1.37,0.39,18.04,2.03,6.06,18.04,温和放量；近5日趋势升温；站上20日线且不过热,收盘承接偏弱；上影线偏长,v1
2026-04-29,002384,东山精密,98,不推送,18.0,32,3.0,1.35,4.18,39.44,39.44,14.56,18.48,11.22,15.03,14.65,14.56,20.81,24.83,温和放量；站上20日线且不过热；持续霸榜,近5日趋势未确认；热度可能进入后段；人气排名明显回落,v1
2026-04-22,600736,苏州高新,48,观察池,66.0,37,9.99,9.99,9.99,-0.53,39.42,0.53,10.38,-8.6,0.36,30.22,21.02,21.02,39.42,人气Top50；当日涨停附近；收在日内高位；近5日趋势升温；站上20日线且不过热；连续上榜确认；人气排名明显上升,放量过猛；v1每日精选未入前5,v1
2026-06-01,600522,中天科技,21,不推送,0.0,12,-0.91,8.89,10.0,39.4,39.4,16.93,25.74,18.01,26.9,30.36,19.78,28.66,38.31,人气Top50；温和放量；持续霸榜,当日转弱；收盘承接偏弱；近5日趋势未确认；热度可能进入后段；弱市先收缩执行；弱市里的长连榜样本优先降权；市场健康度不足，收缩推送；市场健康度偏弱,v1
2026-04-22,603538,美诺华,74,不推送,0.0,37,0.81,10.0,10.0,-25.15,39.39,11.68,29.31,10.78,28.27,13.52,17.62,29.31,39.39,温和放量；站上20日线且不过热；持续霸榜,当日转弱；收盘承接偏弱；近5日趋势未确认；热度可能进入后段,v1
2026-05-18,002181,粤传媒,8,不推送,9.25,22,25.63,22.41,28.4,-12.51,39.37,4.76,1.07,-16.62,-19.55,39.37,28.4,28.4,39.37,人气Top10；温和放量；连续上榜确认；人气排名明显上升,当日转弱；收盘承接偏弱；近5日趋势未确认；仍在20日线下方；震荡市里相对走弱；市场健康度不足，收缩推送,v1
2026-05-07,002008,大族激光,35,观察池,69.0,29,2.66,8.6,9.37,21.06,39.29,19.83,32.81,16.72,29.37,27.07,24.43,39.29,39.29,人气Top50；当日涨停附近；收在日内高位；近5日趋势升温；站上20日线且不过热；市场强势且个股相对强势；收盘强势，次日确认,次日高开或一字风险；v1每日精选未入前5,v1
2026-05-25,600176,中国巨石,64,不推送,57.0,17,-1.1,4.74,9.0,39.18,39.18,10.83,-2.32,12.06,-1.24,-9.36,10.83,12.11,12.11,收在日内高位；温和放量；近5日趋势升温；站上20日线且不过热；连续上榜确认；市场强势且个股相对强势,人气排名明显回落,v1
2026-05-20,002185,华天科技,7,观察池,62.25,20,1.33,-3.8,4.25,20.8,39.12,7.48,27.65,6.07,25.97,21.37,7.48,30.12,39.12,人气Top10；当日上涨；温和放量；近5日趋势升温；站上20日线且不过热；连续上榜确认；人气排名明显上升；震荡市里保持相对强势,收盘承接偏弱；上影线偏长；v1每日精选未入前5,v1
2026-05-14,600186,莲花控股,73,不推送,0.0,24,-1.99,-1.9,2.85,39.09,39.09,9.68,1.33,11.91,3.39,3.89,9.68,12.43,29.98,温和放量；站上20日线且不过热；持续霸榜,当日转弱；收盘承接偏弱；近5日趋势未确认；热度可能进入后段；人气排名明显回落；弱市先收缩执行；后段人气股在偏弱环境里更谨慎；弱市里的长连榜样本优先降权；市场健康度不足，收缩推送；市场健康度偏弱,v1
2026-06-10,300666,江丰电子,30,重点观察,89.5,5,4.7,20.0,20.0,23.76,39.07,20.49,23.76,15.08,18.2,,39.07,39.07,,人气Top50；当日强涨；收盘承接较强；温和放量；近5日趋势升温；站上20日线且不过热；连续上榜确认；人气排名明显上升；弱市中个股相对抗跌；v2连榜升温修正；v1每日精选入选,-,v1
2026-04-13,000889,中嘉博创,44,不推送,14.0,44,-0.77,9.95,9.95,-6.89,39.03,27.55,31.12,28.53,32.13,13.78,32.91,39.03,39.03,人气Top50；近5日趋势升温；站上20日线且不过热；连续上榜确认,当日转弱；收盘承接偏弱,v1
2026-05-07,300502,新易盛,8,观察池,73.0,29,-1.87,-2.1,-0.45,38.85,38.85,5.16,9.67,7.16,11.76,0.44,6.44,16.03,16.03,人气Top10；当日强涨；收在日内高位；温和放量；连续上榜确认；人气排名明显上升；市场强势且个股相对强势,近5日趋势未确认；仍在20日线下方；v1每日精选未入前5,v1
2026-05-11,300502,新易盛,93,不推送,17.75,27,2.01,5.12,6.41,38.8,38.8,9.63,6.44,7.47,4.34,16.94,15.99,15.99,17.12,收盘承接较强；温和放量；连续上榜确认,近5日趋势未确认；仍在20日线下方；强势市里个股相对走弱,v1
2026-04-27,600736,苏州高新,81,不推送,12.0,34,-5.23,2.22,9.67,-1.05,38.69,6.54,26.14,12.41,33.1,12.42,13.07,26.14,38.69,温和放量；近5日趋势升温；站上20日线且不过热；持续霸榜,当日转弱；收盘承接偏弱；热度可能进入后段；人气排名明显回落,v1
2026-06-10,600176,中国巨石,45,不推送,20.0,5,-0.66,4.32,5.92,38.68,38.68,16.26,38.68,17.03,39.61,,16.26,38.68,,人气Top50；温和放量；站上20日线且不过热；连续上榜确认,收盘承接偏弱；弱市先收缩执行,v1
2026-04-13,002957,科瑞技术,57,不推送,41.0,44,1.55,-1.55,1.91,38.68,38.68,1.04,15.96,-0.5,14.19,10.76,3.94,19.61,24.64,当日涨停附近；收在日内高位；近5日强势延续,短线涨幅偏高；偏离20日线较大,v1
2026-04-14,301189,奥尼电子,85,不推送,32.0,26,17.5,20.0,20.0,38.64,38.64,13.9,19.5,-3.06,1.7,8.63,24.81,24.81,24.81,当日涨停附近；收在日内高位；温和放量,短线涨幅过热；远离20日线过多,v1
2026-04-29,300769,德方纳米,62,不推送,49.0,15,9.76,12.92,17.67,9.53,38.58,26.73,26.0,15.46,14.8,13.9,32.61,38.58,38.58,当日涨停附近；收在日内高位；放量仍可控；近5日强势延续,短线涨幅偏高；偏离20日线较大,v1
2026-04-22,600105,永鼎股份,9,观察池,72.0,37,5.64,6.52,9.97,38.57,38.57,6.57,-4.85,0.87,-9.94,12.87,12.01,12.01,15.29,人气Top10；当日涨停附近；收在日内高位；近5日趋势升温；持续霸榜；人气排名明显上升,量能不足；偏离20日线较大；热度可能进入后段；v1每日精选未入前5,v1
2026-05-26,601991,大唐发电,7,不推送,19.5,16,-2.23,7.68,8.94,27.51,38.55,20.53,28.21,23.29,31.14,7.68,22.77,28.35,38.55,人气Top10；温和放量；站上20日线且不过热；持续霸榜,当日转弱；收盘承接偏弱；近5日趋势未确认；热度可能进入后段；震荡市里相对走弱,v1
2026-05-27,002585,双星新材,90,不推送,16.12,15,-2.89,5.96,9.79,38.49,38.49,-1.49,0.0,1.44,2.98,25.07,9.79,9.79,25.07,放量仍可控；近5日强势延续；站上20日线且不过热；连续上榜确认；震荡市里保持相对强势,当日转弱；短线涨幅偏高；人气排名明显回落；后段人气股在偏弱环境里更谨慎,v1
2026-04-28,300223,北京君正,92,不推送,4.0,33,0.67,0.93,2.19,38.45,38.45,10.1,7.83,9.36,7.11,9.86,13.55,13.55,20.67,温和放量；站上20日线且不过热,收盘承接偏弱；上影线偏长,v1
2026-04-28,001896,豫能控股,95,不推送,0.0,33,-2.73,7.63,9.98,38.33,38.33,4.26,4.32,7.19,7.25,-3.43,9.98,9.98,23.33,温和放量；站上20日线且不过热；持续霸榜,当日转弱；收盘承接偏弱；近5日趋势未确认；热度可能进入后段；人气排名明显回落,v1
2026-04-30,601016,节能风电,95,不推送,0.0,31,-0.47,10.09,10.09,-6.34,38.26,15.02,20.19,15.57,20.75,20.42,19.72,25.59,38.26,站上20日线且不过热；持续霸榜,当日转弱；收盘承接偏弱；近5日趋势未确认；热度可能进入后段；人气排名明显回落,v1
2026-04-29,603629,利通电子,12,不推送,50.0,32,8.4,9.99,10.0,25.7,38.24,20.56,24.02,11.21,14.4,32.97,26.86,32.21,38.24,人气Top20；当日涨停附近；收在日内高位；近5日趋势升温；持续霸榜,量能不足；远离20日线过多；热度可能进入后段,v1
2026-05-19,603629,利通电子,34,不推送,34.25,21,-0.75,4.09,4.13,-5.32,38.2,12.25,21.59,13.1,22.52,12.11,12.25,24.43,38.2,人气Top50；收盘承接较强；近5日趋势升温；站上20日线且不过热；持续霸榜；震荡市里保持相对强势,当日转弱；热度可能进入后段,v1
2026-04-10,002342,巨力索具,67,不推送,6.0,45,0.39,5.42,7.48,-33.81,38.19,18.0,22.97,17.54,22.49,22.84,20.71,26.97,38.19,放量仍可控；近5日趋势升温；站上20日线且不过热,当日转弱；收盘承接偏弱,v1
2026-05-21,300069,金利华电,64,观察池,0.0,19,20.0,20.0,20.0,-18.43,38.18,16.34,18.91,-3.05,-0.91,11.67,38.18,38.18,38.18,当日涨停附近；收在日内高位,量能不足；短线涨幅过热；远离20日线过多；一字或近似一字，参与点差；弱市先收缩执行；后段人气股在偏弱环境里更谨慎；一字板不可买,v1
2026-05-12,603629,利通电子,58,不推送,5.0,26,-0.01,10.0,10.0,5.11,38.13,8.27,11.01,8.28,11.02,34.99,15.6,15.6,38.13,温和放量；近5日趋势升温；持续霸榜；市场强势且个股相对强势,当日转弱；收盘承接偏弱；偏离20日线较大；热度可能进入后段；人气排名明显回落,v1
2026-05-07,603738,泰晶科技,87,不推送,43.0,29,9.99,9.99,9.99,38.04,38.04,27.0,23.96,15.46,12.7,10.27,28.66,34.07,36.36,当日涨停附近；收在日内高位；近5日趋势升温；市场强势且个股相对强势；收盘强势，次日确认,量能不足；偏离20日线较大；次日高开或一字风险,v1
2026-06-02,600869,远东股份,64,观察池,81.0,11,2.45,6.41,10.01,31.57,37.9,12.78,17.17,10.08,14.36,34.49,15.31,18.55,37.9,当日涨停附近；收在日内高位；温和放量；近5日趋势升温；站上20日线且不过热；市场强势且个股相对强势；v2低分涨停修正；收盘强势，次日确认,次日高开或一字风险；v1每日精选未入前5,v1
2026-04-22,002384,东山精密,3,观察池,89.0,37,3.04,0.17,4.11,37.88,37.88,0.19,-1.12,-2.76,-4.04,17.15,5.18,5.18,19.46,人气Top3；当日涨停附近；收在日内高位；温和放量；近5日强势延续；持续霸榜,短线涨幅偏高；偏离20日线较大；热度可能进入后段；v1每日精选未入前5,v1
2026-04-13,600703,三安光电,43,不推送,52.0,44,-1.2,-1.85,1.12,37.83,37.83,-2.57,9.64,-1.38,10.98,18.31,1.12,11.81,29.0,人气Top50；当日上涨；收盘承接较强；温和放量；近5日趋势升温；连续上榜确认,仍在20日线下方,v1
2026-04-16,603906,龙蟠科技,65,不推送,58.0,41,2.99,3.75,8.58,-0.32,37.8,3.87,21.56,0.85,18.02,32.42,10.5,25.35,37.8,当日涨停附近；收在日内高位；近5日趋势升温；站上20日线且不过热,-,v1
2026-04-23,002384,东山精密,35,不推送,20.0,36,3.66,0.66,5.0,37.64,37.64,-1.48,0.04,-4.96,-3.5,17.57,5.0,5.0,23.22,人气Top50；温和放量；近5日趋势升温；持续霸榜,收盘承接偏弱；偏离20日线较大；热度可能进入后段；人气排名明显回落,v1
2026-04-27,002384,东山精密,42,不推送,26.0,34,0.16,-1.5,1.87,37.61,37.61,0.02,13.05,-0.14,12.87,15.1,2.81,13.05,23.19,人气Top50；温和放量；近5日趋势升温；持续霸榜,当日转弱；偏离20日线较大；热度可能进入后段,v1
2026-04-30,002384,东山精密,69,不推送,30.0,31,2.72,2.76,6.61,37.59,37.59,13.21,17.53,10.21,14.42,18.93,14.38,23.17,23.17,温和放量；站上20日线且不过热；持续霸榜；人气排名明显上升,热度可能进入后段,v1
2026-05-27,600183,生益科技,39,不推送,13.25,15,0.77,2.96,4.54,37.56,37.56,2.96,7.12,2.17,6.3,12.17,12.32,12.32,17.97,人气Top50；温和放量；近5日强势延续；连续上榜确认；震荡市里保持相对强势,收盘承接偏弱；短线涨幅偏高；偏离20日线较大；人气排名明显回落；上影线偏长,v1
2026-05-08,603618,杭电股份,48,观察池,80.0,28,4.2,-0.85,6.33,37.51,37.51,4.81,-3.24,0.59,-7.14,7.74,9.62,9.62,18.29,人气Top50；当日涨停附近；收在日内高位；温和放量；近5日强势延续；连续上榜确认；市场强势且个股相对强势；v2低分涨停修正；收盘强势，次日确认,短线涨幅偏高；偏离20日线较大；次日高开或一字风险；v1每日精选未入前5,v1
2026-04-30,600726,华电能源,38,不推送,17.0,31,0.15,5.01,6.22,25.95,37.48,13.96,16.84,13.79,16.67,6.22,24.58,24.58,37.48,人气Top50；温和放量；近5日强势延续；站上20日线且不过热；持续霸榜,当日转弱；收盘承接偏弱；短线涨幅偏高；热度可能进入后段,v1
2026-04-23,002463,沪电股份,57,不推送,42.0,36,-1.07,-4.45,0.68,37.45,37.45,-4.91,-4.27,-3.89,-3.23,1.93,0.68,0.68,4.45,当日上涨；温和放量；近5日趋势升温；站上20日线且不过热；持续霸榜,热度可能进入后段；人气排名明显回落,v1
2026-05-15,002081,金螳螂,6,不推送,0.0,23,29.72,29.72,37.38,-10.84,37.38,13.64,8.6,-12.39,-16.28,12.71,37.38,37.38,37.38,人气Top10；持续霸榜,当日转弱；收盘承接偏弱；近5日趋势未确认；热度可能进入后段；震荡市里相对走弱；市场健康度不足，收缩推送,v1
2026-04-16,001309,德明利,89,不推送,29.0,41,-1.32,-0.6,0.47,37.31,37.31,-0.43,-4.28,0.9,-3.0,1.55,4.1,5.44,5.44,当日上涨；温和放量；近5日强势延续；持续霸榜,短线涨幅偏高；偏离20日线较大；热度可能进入后段,v1
2026-05-21,600186,莲花控股,98,不推送,0.0,19,2.06,10.02,10.02,37.27,37.27,23.5,2.53,21.01,0.46,-11.33,28.28,28.28,28.28,温和放量；站上20日线且不过热；连续上榜确认,当日转弱；收盘承接偏弱；人气排名明显回落；弱市先收缩执行；后段人气股在偏弱环境里更谨慎,v1
2026-05-14,000021,深科技,99,不推送,12.88,24,1.03,-1.99,2.49,25.76,37.19,9.76,5.95,8.65,4.87,24.36,11.84,16.56,37.19,温和放量；近5日趋势升温；站上20日线且不过热；连续上榜确认,当日转弱；收盘承接偏弱；弱市先收缩执行；后段人气股在偏弱环境里更谨慎,v1
2026-05-26,002957,科瑞技术,22,观察池,93.38,16,-0.45,6.65,9.98,8.6,37.07,17.46,26.26,17.99,26.84,5.6,28.7,28.7,37.07,人气Top50；当日涨停附近；收在日内高位；放量仍可控；近5日趋势升温；站上20日线且不过热；震荡市里保持相对强势；震荡市里承接未失控；v2强势延续修正；v2低分涨停修正；收盘强势，次日确认,次日高开或一字风险；v1每日精选未入前5,v1
2026-05-26,002585,双星新材,51,观察池,64.25,16,-4.06,-1.11,3.32,36.96,36.96,-5.71,3.41,-1.73,7.78,12.44,8.57,8.57,19.63,当日涨停附近；收在日内高位；放量仍可控；近5日趋势升温；震荡市里保持相对强势；震荡市里承接未失控；v2低分涨停修正；收盘强势，次日确认,偏离20日线较大；后段人气股在偏弱环境里更谨慎；次日高开或一字风险；v1每日精选未入前5,v1
2026-04-20,603538,美诺华,65,不推送,6.0,39,-0.25,2.18,5.49,-26.47,36.92,8.05,9.71,8.33,9.98,19.92,8.05,15.54,36.92,近5日趋势升温；站上20日线且不过热；持续霸榜；人气排名明显上升,当日转弱；收盘承接偏弱；热度可能进入后段,v1
2026-05-14,002156,通富微电,66,不推送,0.0,24,1.05,-0.66,4.75,17.27,36.92,2.55,7.61,1.48,6.49,20.9,4.75,16.54,36.92,站上20日线且不过热；持续霸榜,当日转弱；收盘承接偏弱；近5日趋势未确认；热度可能进入后段；弱市先收缩执行；后段人气股在偏弱环境里更谨慎；弱市里的长连榜样本优先降权；市场健康度不足，收缩推送；市场健康度偏弱,v1
2026-04-21,002297,博云新材,18,不推送,0.0,38,0.58,6.85,9.95,35.76,36.91,17.43,18.9,16.75,18.22,35.39,18.22,18.9,36.91,人气Top20；近5日强势延续；连续上榜确认,当日转弱；收盘承接偏弱；短线涨幅偏高；远离20日线过多,v1
2026-05-07,002185,华天科技,100,不推送,57.0,29,-1.72,-1.44,-0.65,36.85,36.85,3.52,2.3,5.34,4.09,8.98,6.18,6.75,20.4,收在日内高位；温和放量；近5日趋势升温；站上20日线且不过热；连续上榜确认；市场强势且个股相对强势,人气排名明显回落,v1
2026-05-13,600186,莲花控股,6,观察池,79.0,25,0.93,-1.68,3.82,36.75,36.75,-1.96,2.89,-2.87,1.94,10.73,3.82,10.54,27.8,人气Top10；当日强涨；收盘承接较强；温和放量；站上20日线且不过热；持续霸榜；人气排名明显上升；市场强势且个股相对强势,近5日趋势未确认；热度可能进入后段；v1每日精选未入前5,v1
2026-04-30,600186,莲花控股,9,不推送,30.0,31,2.15,6.34,7.56,36.75,36.75,-2.05,-6.81,-4.11,-8.77,7.84,7.56,7.56,7.84,人气Top10；温和放量；近5日趋势升温；持续霸榜,当日转弱；收盘承接偏弱；偏离20日线较大；热度可能进入后段,v1
2026-05-06,600186,莲花控股,3,不推送,36.0,31,2.15,6.34,7.56,36.75,36.75,-2.05,-6.81,-4.11,-8.77,7.84,7.56,7.56,7.84,人气Top3；温和放量；近5日趋势升温；持续霸榜,当日转弱；收盘承接偏弱；偏离20日线较大；热度可能进入后段,v1
2026-04-24,002384,东山精密,38,不推送,36.0,35,0.05,-0.64,1.41,36.73,36.73,-1.94,2.12,-1.99,2.06,17.48,1.41,5.94,22.41,人气Top50；温和放量；近5日趋势升温；持续霸榜,偏离20日线较大；热度可能进入后段,v1
2026-04-28,002902,铭普光磁,59,观察池,72.0,33,0.1,-1.53,2.76,11.69,36.73,1.02,14.97,0.92,14.86,25.83,2.76,14.97,36.73,当日涨停附近；收在日内高位；温和放量；近5日趋势升温；站上20日线且不过热,v1每日精选未入前5,v1
2026-05-19,300502,新易盛,80,不推送,0.0,21,0.51,2.71,4.97,36.66,36.66,6.0,22.31,5.46,21.69,30.54,7.24,22.94,31.41,温和放量,当日转弱；收盘承接偏弱；近5日趋势未确认；仍在20日线下方；震荡市里相对走弱；后段人气股在偏弱环境里更谨慎；市场健康度不足，收缩推送,v1
2026-05-27,600667,太极实业,29,不推送,26.25,15,-1.08,-2.08,0.0,36.64,36.64,-2.44,6.82,-1.38,7.99,14.37,2.73,12.07,23.42,人气Top50；当日上涨；温和放量；站上20日线且不过热；人气排名明显上升；震荡市里保持相对强势,收盘承接偏弱；上影线偏长,v1
2026-05-08,002281,光迅科技,6,观察池,100.0,28,4.03,10.0,10.0,33.91,36.56,9.55,8.73,5.3,4.52,19.45,15.54,17.75,36.56,人气Top10；当日涨停附近；收在日内高位；温和放量；近5日强势延续；连续上榜确认；人气排名明显上升；市场强势且个股相对强势；v2低分涨停修正；收盘强势，次日确认,短线涨幅偏高；偏离20日线较大；次日高开或一字风险；v1每日精选未入前5,v1
2026-05-26,600396,华电辽能,9,不推送,60.25,16,-2.31,10.01,10.01,5.45,36.49,18.66,14.93,21.47,17.65,25.77,23.22,23.22,36.49,人气Top10；当日上涨；温和放量；站上20日线且不过热；持续霸榜；震荡市里保持相对强势,热度可能进入后段,v1
2026-05-07,002463,沪电股份,94,不推送,35.0,29,-1.44,1.24,3.71,36.48,36.48,1.21,-0.34,2.69,1.12,-3.43,3.71,6.59,6.59,收盘承接较强；温和放量；站上20日线且不过热；市场强势且个股相对强势,-,v1
2026-04-28,002617,露笑科技,79,不推送,0.0,33,-1.33,1.86,2.8,21.57,36.35,6.52,6.66,7.96,8.1,24.63,7.46,8.12,36.35,温和放量,当日转弱；收盘承接偏弱；近5日趋势未确认,v1
2026-05-21,600105,永鼎股份,85,不推送,0.0,19,2.03,2.23,3.18,36.32,36.32,0.0,4.86,-1.99,2.77,17.29,3.18,7.78,18.71,温和放量；持续霸榜,当日转弱；收盘承接偏弱；近5日趋势未确认；热度可能进入后段；弱市先收缩执行；后段人气股在偏弱环境里更谨慎；弱市里的长连榜样本优先降权；市场健康度不足，收缩推送；市场健康度偏弱,v1
2026-05-26,600105,永鼎股份,42,不推送,17.5,16,-1.99,4.8,7.78,36.32,36.32,3.31,7.22,5.4,9.39,22.95,9.05,9.05,29.02,人气Top50；收盘承接较强；温和放量；人气排名明显上升,当日转弱；近5日趋势未确认；震荡市里相对走弱,v1
2026-04-22,600498,烽火通信,52,不推送,52.0,37,-0.46,-2.22,1.94,36.3,36.3,-8.28,-8.46,-7.86,-8.04,4.18,1.94,1.94,6.65,当日上涨；收盘承接较强；温和放量；近5日趋势升温；站上20日线且不过热,-,v1
2026-06-01,002421,达实智能,35,不推送,58.0,12,3.98,9.96,9.96,-15.27,36.28,4.87,26.77,0.85,21.91,-11.28,12.83,26.77,36.28,人气Top50；当日涨停附近；收在日内高位；站上20日线且不过热；持续霸榜；人气排名明显上升；弱市中个股相对抗跌；收盘强势，次日确认,近5日趋势未确认；热度可能进入后段；弱市里的长连榜样本优先降权；次日高开或一字风险,v1
2026-04-24,002428,云南锗业,62,不推送,18.0,35,-0.25,-5.6,1.08,28.71,36.28,-10.24,-0.14,-10.02,0.1,31.63,1.08,1.08,36.28,温和放量；近5日趋势升温；持续霸榜,偏离20日线较大；热度可能进入后段；人气排名明显回落；上影线偏长,v1
2026-05-12,601991,大唐发电,23,不推送,47.0,26,6.57,10.0,10.0,36.27,36.27,18.21,25.07,10.92,17.37,6.87,21.04,28.96,28.96,人气Top50；当日涨停附近；收在日内高位；温和放量；持续霸榜；市场强势且个股相对强势；收盘强势，次日确认,短线涨幅过热；远离20日线过多；热度可能进入后段；次日高开或一字风险,v1
2026-06-08,300285,国瓷材料,97,不推送,0.88,7,3.12,15.26,16.09,36.26,36.26,8.31,9.88,5.03,6.55,,16.09,16.09,,温和放量；近5日趋势升温；站上20日线且不过热,当日转弱；收盘承接偏弱；人气排名明显回落；弱市先收缩执行；后段人气股在偏弱环境里更谨慎,v1
2026-04-27,002149,西部材料,18,不推送,14.0,34,-3.08,-2.21,1.59,3.75,36.26,9.73,26.94,13.21,30.96,19.21,9.73,28.89,36.26,人气Top20；站上20日线且不过热；持续霸榜,当日转弱；近5日趋势未确认；热度可能进入后段,v1
2026-04-13,000988,华工科技,3,强推观察,108.0,44,-4.12,-3.62,-0.66,36.23,36.23,-10.26,-8.13,-6.4,-4.18,-5.09,-0.66,-0.66,-0.66,人气Top3；当日强涨；收在日内高位；温和放量；近5日趋势升温；站上20日线且不过热；连续上榜确认；人气排名明显上升；v1每日精选入选,-,v1
2026-04-24,002149,西部材料,18,不推送,36.0,35,-0.86,-0.03,2.25,3.71,36.22,-0.28,20.66,0.59,21.71,29.46,2.25,20.66,36.22,人气Top20；温和放量；近5日趋势升温；站上20日线且不过热；持续霸榜；人气排名明显上升,当日转弱；收盘承接偏弱；热度可能进入后段,v1
2026-06-01,001896,豫能控股,6,观察池,80.0,12,-2.95,3.4,6.97,23.29,36.2,25.16,11.05,28.96,14.42,28.61,25.16,36.2,36.2,人气Top10；当日强涨；收盘承接较强；温和放量；站上20日线且不过热；持续霸榜；人气排名明显上升；弱市中个股相对抗跌,热度可能进入后段；弱市里的长连榜样本优先降权；v1每日精选未入前5,v1
2026-04-29,600379,宝光股份,89,不推送,51.0,32,8.2,10.03,10.03,-19.41,36.2,16.85,20.66,8.0,11.52,9.9,32.98,32.98,36.2,当日涨停附近；收在日内高位；近5日强势延续；站上20日线且不过热,短线涨幅偏高,v1
2026-06-02,603773,沃格光电,29,不推送,58.0,11,-1.64,-2.61,5.56,36.17,36.17,8.52,23.07,10.33,25.12,23.8,10.36,23.07,30.16,人气Top50；当日上涨；收盘承接较强；温和放量；近5日强势延续；连续上榜确认；人气排名明显上升；市场强势且个股相对强势,短线涨幅偏高；偏离20日线较大,v1
2026-06-03,600183,生益科技,59,不推送,23.12,10,-2.92,2.05,4.78,28.41,36.15,-4.44,4.71,-1.57,7.86,28.41,4.78,10.13,36.15,温和放量；近5日趋势升温；持续霸榜；震荡市里保持相对强势,偏离20日线较大；热度可能进入后段；上影线偏长；后段人气股在偏弱环境里更谨慎,v1
2026-05-13,000021,深科技,93,观察池,63.0,25,0.55,-0.79,4.04,24.77,36.12,7.04,9.42,6.45,8.82,27.25,7.04,15.64,36.12,当日强涨；收盘承接较强；温和放量；近5日趋势升温；站上20日线且不过热；市场强势且个股相对强势,v1每日精选未入前5,v1
2026-04-16,300088,长信科技,61,不推送,23.0,41,-3.22,-2.32,1.8,36.04,36.04,-7.59,-8.88,-4.52,-5.85,-16.34,1.8,1.8,1.8,当日涨停附近；近5日强势延续；站上20日线且不过热,放量过猛；短线涨幅偏高,v1
2026-05-29,600110,诺德股份,89,收盘强势观察,79.38,13,-0.39,-2.29,4.19,36.02,36.02,-4.9,-10.82,-4.52,-10.47,2.21,4.19,4.19,6.16,当日涨停附近；收在日内高位；温和放量；近5日强势延续；站上20日线且不过热；连续上榜确认；弱市中个股相对抗跌；v2低分涨停修正；收盘强势，次日确认；v1每日精选入选,短线涨幅偏高；后段人气股在偏弱环境里更谨慎；次日高开或一字风险,v1
2026-05-21,603986,兆易创新,22,不推送,16.5,19,3.73,8.54,9.53,35.92,35.92,22.05,12.03,17.66,7.99,22.77,24.79,28.22,28.22,人气Top50；温和放量；近5日趋势升温；站上20日线且不过热；持续霸榜,当日转弱；收盘承接偏弱；热度可能进入后段；弱市先收缩执行；弱市里的长连榜样本优先降权,v1
2026-04-10,300390,天华新能,17,观察池,72.0,45,1.55,17.42,19.62,34.33,35.84,12.64,28.54,10.91,26.57,33.24,19.62,33.24,35.84,人气Top20；当日涨停附近；放量仍可控；近5日趋势升温；站上20日线且不过热；首次上榜即强势,v1每日精选未入前5,v1
2026-04-28,002015,协鑫能科,66,不推送,12.0,33,-1.43,-0.95,3.02,0.42,35.82,3.5,8.0,5.0,9.57,15.05,3.5,10.81,35.82,当日上涨；站上20日线且不过热；持续霸榜,近5日趋势未确认；热度可能进入后段；人气排名明显回落,v1
2026-04-29,002156,通富微电,47,不推送,26.0,32,2.83,4.42,6.69,35.8,35.8,19.19,23.52,15.91,20.12,17.15,22.67,25.56,25.56,人气Top50；收盘承接较强；温和放量；站上20日线且不过热,当日转弱；人气排名明显回落,v1
2026-06-05,600498,烽火通信,35,不推送,50.0,8,-4.92,-3.51,2.83,35.76,35.76,-1.38,11.77,3.72,17.56,,5.26,18.31,,人气Top50；当日强涨；放量仍可控；近5日趋势升温；站上20日线且不过热；人气排名明显上升,弱市先收缩执行,v1
2026-05-11,300308,中际旭创,29,观察池,81.0,27,2.22,8.28,8.8,35.74,35.74,14.66,11.15,12.17,8.74,16.26,15.82,16.99,16.99,人气Top50；当日上涨；收在日内高位；温和放量；近5日趋势升温；站上20日线且不过热；连续上榜确认；人气排名明显上升；市场强势且个股相对强势,v1每日精选未入前5,v1
2026-06-03,601208,东材科技,68,观察池,74.25,10,-1.84,5.51,7.1,29.58,35.74,-4.05,10.37,-2.25,12.44,29.58,7.1,13.9,35.74,当日涨停附近；收在日内高位；温和放量；近5日趋势升温；站上20日线且不过热；震荡市里保持相对强势；震荡市里承接未失控；收盘强势，次日确认,后段人气股在偏弱环境里更谨慎；次日高开或一字风险；v1每日精选未入前5,v1
2026-04-23,002217,合力泰,80,不推送,12.0,36,-0.36,-2.89,3.25,-3.97,35.74,7.58,4.33,7.97,4.71,25.27,17.69,17.69,35.74,温和放量；近5日趋势升温；站上20日线且不过热；持续霸榜,当日转弱；收盘承接偏弱；热度可能进入后段；人气排名明显回落,v1
2026-06-04,603773,沃格光电,85,不推送,52.25,9,-0.08,8.17,10.0,35.73,35.73,22.67,13.94,22.77,14.03,,22.67,29.74,,当日上涨；收盘承接较强；温和放量；近5日趋势升温；连续上榜确认；震荡市里保持相对强势；震荡市里承接未失控,偏离20日线较大；后段人气股在偏弱环境里更谨慎,v1
2026-04-28,600736,苏州高新,69,不推送,36.0,33,1.41,7.42,9.85,-3.2,35.68,12.15,26.09,10.59,24.34,7.29,14.71,35.68,35.68,放量仍可控；近5日趋势升温；站上20日线且不过热；持续霸榜；人气排名明显上升,热度可能进入后段,v1
2026-04-20,300136,信维通信,96,不推送,56.0,39,-0.58,-1.04,2.76,35.68,35.68,7.15,13.64,7.77,14.3,30.59,7.26,16.9,33.39,当日上涨；收盘承接较强；温和放量；近5日趋势升温；站上20日线且不过热；连续上榜确认,人气排名明显回落,v1
2026-05-26,600522,中天科技,18,不推送,11.5,16,-1.68,-3.53,1.04,35.65,35.65,4.22,5.95,6.01,7.76,34.58,7.71,7.71,34.58,人气Top20；温和放量；站上20日线且不过热；持续霸榜,当日转弱；收盘承接偏弱；近5日趋势未确认；热度可能进入后段；震荡市里相对走弱,v1
2026-04-17,300390,天华新能,70,不推送,21.0,40,-1.5,-1.34,0.09,4.51,35.62,-3.34,3.66,-1.86,5.24,30.65,0.09,5.68,35.62,温和放量；近5日强势延续；连续上榜确认,短线涨幅偏高；偏离20日线较大；人气排名明显回落,v1
2026-05-28,600522,中天科技,21,不推送,49.0,14,1.18,4.12,7.6,35.51,35.51,5.85,13.67,4.61,12.34,21.59,7.6,16.44,34.45,人气Top50；当日上涨；收在日内高位；温和放量；持续霸榜；市场强势且个股相对强势,近5日趋势未确认；热度可能进入后段,v1
2026-04-29,600186,莲花控股,9,观察池,73.0,32,4.71,-0.92,6.75,35.49,35.49,2.87,-4.81,-1.77,-9.09,-2.87,6.75,6.75,6.75,人气Top10；当日涨停附近；收在日内高位；近5日强势延续；持续霸榜；人气排名明显上升,短线涨幅偏高；偏离20日线较大；热度可能进入后段；v1每日精选未入前5,v1
2026-05-25,600863,华能蒙电,28,收盘强势观察,111.0,17,-0.17,2.87,6.24,-4.22,35.41,11.97,33.56,12.16,33.78,2.19,23.27,35.41,35.41,人气Top50；当日涨停附近；收在日内高位；温和放量；近5日趋势升温；站上20日线且不过热；连续上榜确认；人气排名明显上升；市场强势且个股相对强势；v2强势延续修正；v2低分涨停修正；收盘强势，次日确认；v1每日精选入选,次日高开或一字风险,v1
2026-05-19,600745,*ST闻泰,16,不推送,0.0,21,-4.99,-4.99,-4.99,5.46,35.33,-3.8,6.06,1.25,11.62,35.33,-0.24,6.06,35.33,人气Top20；收在日内高位；持续霸榜,当日转弱；量能不足；近5日趋势未确认；仍在20日线下方；热度可能进入后段；震荡市里相对走弱；市场健康度不足，收缩推送,v1
2026-04-22,002580,圣阳股份,1,不推送,30.0,37,-2.69,0.9,4.83,-20.31,35.24,7.82,7.0,10.8,9.96,28.06,12.79,12.79,35.24,人气Top3；放量仍可控；近5日趋势升温；持续霸榜,当日转弱；收盘承接偏弱；偏离20日线较大；热度可能进入后段,v1
2026-05-22,300408,三环集团,93,不推送,52.0,18,5.22,0.3,6.96,35.18,35.18,6.95,11.98,1.64,6.43,17.24,12.42,17.39,24.26,当日涨停附近；收盘承接较强；放量仍可控；近5日强势延续；市场强势且个股相对强势；v2低分涨停修正；收盘强势，次日确认,短线涨幅偏高；偏离20日线较大；次日高开或一字风险,v1
2026-05-22,002436,兴森科技,88,不推送,45.0,18,1.64,7.63,7.86,35.07,35.07,4.52,9.3,2.84,7.53,7.09,11.53,12.94,20.37,当日上涨；温和放量；近5日趋势升温；站上20日线且不过热；市场强势且个股相对强势,-,v1
2026-05-19,603078,江化微,75,不推送,58.25,21,-1.97,0.63,1.23,35.01,35.01,-2.2,-5.37,-0.23,-3.47,3.14,9.77,9.77,9.77,当日强涨；收在日内高位；温和放量；近5日趋势升温；震荡市里保持相对强势；震荡市里承接未失控,偏离20日线较大；后段人气股在偏弱环境里更谨慎,v1
2026-05-15,600522,中天科技,12,不推送,9.25,23,3.0,8.04,9.83,34.98,34.98,11.63,7.72,8.38,4.58,3.71,16.52,16.52,16.52,人气Top20；温和放量；站上20日线且不过热；持续霸榜,当日转弱；收盘承接偏弱；近5日趋势未确认；热度可能进入后段；震荡市里相对走弱；市场健康度不足，收缩推送,v1
2026-04-22,300067,安诺其,72,不推送,49.0,20,19.97,19.97,19.97,6.93,34.98,7.59,17.49,-10.32,-2.06,23.27,25.41,27.89,34.98,当日涨停附近；收在日内高位；温和放量；近5日强势延续,短线涨幅偏高；偏离20日线较大；一字或近似一字，参与点差,v1
2026-05-21,001896,豫能控股,9,观察池,80.0,19,-2.26,-3.73,-1.28,32.93,34.94,1.1,-4.15,3.44,-1.94,34.94,5.68,5.68,34.94,人气Top10；当日涨停附近；收在日内高位；温和放量；持续霸榜；人气排名明显上升；弱市中个股相对抗跌；收盘强势，次日确认,近5日趋势未确认；热度可能进入后段；弱市里的长连榜样本优先降权；次日高开或一字风险；v1每日精选未入前5,v1
2026-05-22,300502,新易盛,57,不推送,35.0,18,2.21,8.63,8.8,28.93,34.93,14.56,16.46,12.09,13.94,23.31,17.87,21.0,34.93,当日强涨；收盘承接较强；温和放量；人气排名明显上升；市场强势且个股相对强势,近5日趋势未确认；仍在20日线下方,v1
2026-05-19,300433,蓝思科技,41,不推送,12.25,21,-2.0,-4.35,-1.26,34.91,34.91,1.16,1.37,3.23,3.44,8.61,1.55,6.61,13.28,人气Top50；温和放量；近5日趋势升温；持续霸榜；震荡市里保持相对强势,当日转弱；收盘承接偏弱；偏离20日线较大；热度可能进入后段；人气排名明显回落,v1
2026-06-02,920725,惠丰钻石,45,不推送,43.0,10,2.13,17.25,23.95,-7.83,34.83,3.41,-7.87,1.25,-9.79,-7.83,34.83,34.83,34.83,人气Top50；当日涨停附近；收在日内高位；温和放量；市场强势且个股相对强势；收盘强势，次日确认,短线涨幅过热；远离20日线过多；次日高开或一字风险,v1
2026-05-28,002421,达实智能,19,不推送,41.0,14,-1.31,-10.07,5.91,-16.19,34.79,8.75,3.72,10.2,5.1,7.0,8.75,11.6,34.79,人气Top20；温和放量；近5日趋势升温；持续霸榜；人气排名明显上升；市场强势且个股相对强势,当日转弱；偏离20日线较大；热度可能进入后段,v1
2026-04-10,301696,三瑞智能,46,不推送,4.0,45,13.48,28.8,31.52,26.39,34.78,23.9,14.43,9.19,0.84,0.59,34.78,34.78,34.78,人气Top50；站上20日线且不过热,收盘承接偏弱,v1
2026-04-23,002008,大族激光,17,观察池,82.0,36,-0.19,-1.29,2.11,31.12,34.77,1.37,-2.97,1.57,-2.79,29.79,6.91,6.91,34.77,人气Top20；当日涨停附近；收在日内高位；温和放量；近5日趋势升温；人气排名明显上升,偏离20日线较大；v1每日精选未入前5,v1
2026-04-13,002364,中恒电气,24,不推送,51.0,44,8.72,9.99,9.99,34.58,34.58,10.79,13.12,1.9,4.05,6.52,14.32,14.34,17.65,人气Top50；当日涨停附近；收在日内高位；近5日强势延续；连续上榜确认,短线涨幅偏高；偏离20日线较大；一字或近似一字，参与点差,v1
2026-05-18,002081,金螳螂,4,不推送,0.0,22,23.74,26.54,34.58,-10.84,34.58,4.3,7.66,-15.71,-12.99,24.3,34.58,34.58,34.58,人气Top10；持续霸榜,当日转弱；收盘承接偏弱；近5日趋势未确认；仍在20日线下方；热度可能进入后段；震荡市里相对走弱；市场健康度不足，收缩推送,v1
2026-06-01,603618,杭电股份,74,不推送,0.0,12,-5.05,9.89,9.99,34.57,34.57,13.37,2.24,19.4,7.67,11.21,17.59,20.81,20.81,站上20日线且不过热；连续上榜确认,当日转弱；收盘承接偏弱；人气排名明显回落；弱市先收缩执行；后段人气股在偏弱环境里更谨慎,v1
2026-06-01,000636,风华高科,17,不推送,27.5,12,-2.85,8.83,10.01,34.53,34.53,15.35,0.87,18.74,3.83,18.13,17.33,17.33,20.8,人气Top20；当日上涨；温和放量；近5日强势延续；持续霸榜,短线涨幅偏高；远离20日线过多；热度可能进入后段；弱市先收缩执行；弱市里的长连榜样本优先降权,v1
2026-05-08,600498,烽火通信,8,收盘强势观察,115.0,28,5.26,2.82,5.26,34.53,34.53,6.7,-4.75,1.37,-9.52,-3.25,8.21,10.51,10.51,人气Top10；当日涨停附近；收在日内高位；温和放量；近5日趋势升温；站上20日线且不过热；首次上榜即强势；市场强势且个股相对强势；v2强势延续修正；收盘强势，次日确认；v1每日精选入选,次日高开或一字风险,v1
2026-05-27,002421,达实智能,32,不推送,16.25,15,-7.42,-0.22,8.3,-16.38,34.5,-1.31,6.55,6.6,15.09,18.56,8.3,11.35,34.5,人气Top50；温和放量；近5日趋势升温；持续霸榜；震荡市里保持相对强势,当日转弱；收盘承接偏弱；偏离20日线较大；热度可能进入后段,v1
2026-05-19,001896,豫能控股,24,不推送,53.38,21,2.29,-8.09,2.78,34.4,34.4,-2.66,2.22,-4.83,-0.06,12.72,2.78,6.86,16.62,人气Top50；当日涨停附近；收在日内高位；持续霸榜；人气排名明显上升；震荡市里保持相对强势；震荡市里承接未失控；收盘强势，次日确认,近5日趋势未确认；热度可能进入后段；次日高开或一字风险,v1
2026-05-18,002421,达实智能,43,不推送,0.0,22,1.04,1.04,1.04,-0.26,34.38,3.12,25.0,2.06,23.71,17.71,22.4,25.0,34.38,人气Top50；近5日强势延续；震荡市里保持相对强势,当日转弱；收盘承接偏弱；放量过猛；短线涨幅偏高；偏离20日线较大,v1
2026-06-08,600183,生益科技,89,不推送,0.0,7,3.68,10.0,10.0,34.38,34.38,11.69,24.13,7.73,19.73,,15.25,24.13,,站上20日线且不过热；持续霸榜,当日转弱；近5日趋势未确认；热度可能进入后段；人气排名明显回落；弱市先收缩执行；后段人气股在偏弱环境里更谨慎；弱市里的长连榜样本优先降权,v1
2026-04-10,002328,新朋股份,4,观察池,85.0,45,9.99,6.43,9.99,-20.38,34.32,23.64,28.59,12.41,16.91,9.59,28.59,34.32,34.32,人气Top10；当日涨停附近；收在日内高位；温和放量；近5日强势延续；首次上榜即强势,短线涨幅偏高；偏离20日线较大；v1每日精选未入前5,v1
2026-06-02,300285,国瓷材料,76,观察池,65.0,11,1.59,3.46,7.44,34.3,34.3,11.51,13.6,9.77,11.82,15.36,15.65,15.65,19.18,当日涨停附近；收盘承接较强；温和放量；近5日趋势升温；市场强势且个股相对强势；v2低分涨停修正；收盘强势，次日确认,偏离20日线较大；次日高开或一字风险；v1每日精选未入前5,v1
2026-05-08,600522,中天科技,7,强推观察,105.0,28,9.98,7.24,10.0,34.25,34.25,6.6,0.22,-3.07,-8.87,7.14,12.91,12.91,15.89,人气Top10；当日上涨；收在日内高位；温和放量；近5日趋势升温；站上20日线且不过热；连续上榜确认；人气排名明显上升；市场强势且个股相对强势；v2连榜升温修正；v1每日精选入选,-,v1
2026-05-21,603629,利通电子,14,观察池,64.0,19,3.41,8.93,8.93,-8.12,34.11,18.0,22.5,14.11,18.46,11.59,20.75,23.04,34.11,人气Top20；收在日内高位；温和放量；近5日趋势升温；站上20日线且不过热；持续霸榜；人气排名明显上升；弱市中个股相对抗跌,当日转弱；热度可能进入后段；弱市里的长连榜样本优先降权；v1每日精选未入前5,v1
2026-05-25,601991,大唐发电,4,观察池,81.0,17,-0.14,-3.24,3.24,23.38,34.05,8.11,13.11,8.25,13.26,-1.76,11.08,18.78,34.05,人气Top10；当日强涨；收在日内高位；温和放量；站上20日线且不过热；持续霸榜；市场强势且个股相对强势,近5日趋势未确认；热度可能进入后段；v1每日精选未入前5,v1
2026-04-23,002580,圣阳股份,4,不推送,46.0,36,-1.0,2.71,5.08,-21.02,34.04,9.38,1.89,10.49,2.92,26.55,11.79,11.79,34.04,人气Top10；温和放量；站上20日线且不过热；持续霸榜,近5日趋势未确认；热度可能进入后段,v1
2026-04-21,603538,美诺华,80,不推送,20.0,38,-1.96,-3.86,2.8,-28.04,34.0,9.61,14.45,11.81,16.74,21.26,13.08,17.08,34.0,温和放量；站上20日线且不过热；持续霸榜,热度可能进入后段；上影线偏长,v1
2026-05-26,600745,*ST闻泰,37,不推送,57.38,16,-0.95,4.98,4.98,-0.56,33.99,15.73,27.6,16.85,28.83,11.25,15.73,27.6,33.99,人气Top50；当日上涨；收在日内高位；温和放量；近5日趋势升温；持续霸榜；震荡市里保持相对强势；震荡市里承接未失控,仍在20日线下方；热度可能进入后段,v1
2026-06-01,002384,东山精密,5,不推送,0.0,12,4.3,10.0,10.0,33.99,33.99,24.02,11.08,18.9,6.5,24.8,27.61,27.61,27.61,人气Top10；温和放量；持续霸榜；人气排名明显上升,当日转弱；收盘承接偏弱；近5日趋势未确认；仍在20日线下方；热度可能进入后段；弱市先收缩执行；弱市里的长连榜样本优先降权；市场健康度不足，收缩推送；市场健康度偏弱,v1
2026-05-27,605358,立昂微,65,不推送,46.25,15,-1.77,4.58,6.16,25.58,33.96,-0.71,2.81,1.08,4.67,30.09,8.14,8.14,33.96,当日强涨；收盘承接较强；温和放量；站上20日线且不过热；震荡市里保持相对强势；震荡市里承接未失控,人气排名明显回落；后段人气股在偏弱环境里更谨慎,v1
2026-04-17,300184,力源信息,14,观察池,68.0,40,4.35,2.53,6.73,33.89,33.89,6.81,8.47,2.35,3.95,10.06,8.0,8.55,12.27,人气Top20；当日上涨；收在日内高位；放量仍可控；近5日趋势升温；站上20日线且不过热,v1每日精选未入前5,v1
2026-05-28,600186,莲花控股,25,不推送,1.75,14,-1.37,-7.31,0.73,33.88,33.88,-11.96,-13.52,-10.74,-12.31,15.34,0.73,0.73,16.53,人气Top50；温和放量；持续霸榜,当日转弱；收盘承接偏弱；热度可能进入后段；强势市里个股相对走弱,v1
2026-04-14,002149,西部材料,13,强推观察,94.0,43,4.0,7.3,10.0,20.1,33.82,9.6,22.66,5.38,17.94,13.2,10.94,27.5,33.82,人气Top20；当日涨停附近；收在日内高位；温和放量；近5日趋势升温；站上20日线且不过热；首次上榜即强势；v1每日精选入选,-,v1
2026-04-29,002655,共达电声,91,不推送,49.0,32,-0.07,2.57,4.76,26.19,33.81,16.55,18.37,16.62,18.45,14.46,16.55,33.81,33.81,当日涨停附近；收在日内高位；放量仍可控；近5日强势延续,短线涨幅偏高；偏离20日线较大,v1
2026-05-27,000539,粤电力A,47,收盘强势观察,93.38,15,7.63,9.95,9.95,11.99,33.79,33.11,28.07,23.67,18.99,2.59,33.11,33.79,33.79,人气Top50；当日涨停附近；收在日内高位；放量仍可控；近5日趋势升温；站上20日线且不过热；震荡市里保持相对强势；震荡市里承接未失控；v2强势延续修正；v2低分涨停修正；收盘强势，次日确认；v1每日精选入选,次日高开或一字风险,v1
2026-05-20,603629,利通电子,37,不推送,47.38,20,-1.2,-0.31,-0.03,-8.4,33.7,12.12,18.82,13.48,20.27,15.38,15.45,20.38,33.7,人气Top50；当日上涨；收在日内高位；站上20日线且不过热；持续霸榜；震荡市里保持相对强势；震荡市里承接未失控,热度可能进入后段,v1
2026-06-01,600183,生益科技,34,不推送,6.5,12,-1.79,4.03,6.45,33.61,33.61,6.18,-0.57,8.12,1.25,23.42,9.03,9.03,23.42,人气Top50；温和放量；近5日趋势升温；持续霸榜,当日转弱；收盘承接偏弱；偏离20日线较大；热度可能进入后段；弱市先收缩执行；弱市里的长连榜样本优先降权,v1
2026-04-20,002297,博云新材,5,观察池,64.0,39,6.32,-2.42,7.45,32.48,33.61,14.29,5.5,7.49,-0.77,27.18,14.7,15.36,33.61,人气Top10；当日涨停附近；收在日内高位；温和放量；连续上榜确认,短线涨幅过热；远离20日线过多；v1每日精选未入前5,v1
2026-05-28,600183,生益科技,47,不推送,42.0,14,0.0,3.69,7.35,33.6,33.6,4.03,6.17,4.03,6.17,11.04,9.09,9.09,14.58,人气Top50；收盘承接较强；温和放量；近5日强势延续；持续霸榜；市场强势且个股相对强势,短线涨幅偏高；偏离20日线较大；热度可能进入后段,v1
2026-06-02,600487,亨通光电,10,收盘强势观察,123.0,11,8.28,10.0,10.0,33.54,33.54,15.64,26.35,6.8,16.69,29.33,23.87,26.35,32.33,人气Top10；当日涨停附近；收在日内高位；温和放量；近5日趋势升温；站上20日线且不过热；持续霸榜；人气排名明显上升；市场强势且个股相对强势；v2强势延续修正；v2低分涨停修正；收盘强势，次日确认；v1每日精选入选,热度可能进入后段；次日高开或一字风险,v1
2026-04-27,300136,信维通信,36,观察池,70.0,34,-0.58,-1.15,2.78,19.33,33.53,3.15,14.85,3.75,15.52,15.83,3.92,17.32,33.53,人气Top50；当日强涨；温和放量；近5日趋势升温；站上20日线且不过热；连续上榜确认；人气排名明显上升,v1每日精选未入前5,v1
2026-05-06,300136,信维通信,54,不推送,58.0,30,9.6,14.85,17.32,19.33,33.53,30.59,28.48,19.15,17.23,27.01,31.75,33.53,33.53,当日强涨；温和放量；近5日趋势升温；站上20日线且不过热；连续上榜确认,-,v1
2026-05-19,002156,通富微电,60,不推送,33.75,21,-0.48,5.82,8.47,14.36,33.51,7.79,28.12,8.31,28.74,8.61,13.64,30.45,33.51,收在日内高位；温和放量；站上20日线且不过热；持续霸榜；震荡市里承接未失控,近5日趋势未确认；热度可能进入后段；后段人气股在偏弱环境里更谨慎；市场健康度不足，收缩推送,v1
2026-04-24,605299,舒华体育,52,不推送,46.0,35,-0.14,6.37,9.99,-28.8,33.43,13.94,25.47,14.11,25.65,18.77,13.94,30.05,33.43,当日上涨；温和放量；近5日趋势升温；站上20日线且不过热；人气排名明显上升,-,v1
2026-06-08,000636,风华高科,36,不推送,0.0,7,0.49,9.99,9.99,33.37,33.37,15.79,17.11,15.23,16.54,,18.48,19.76,,人气Top50；温和放量；持续霸榜,当日转弱；收盘承接偏弱；偏离20日线较大；热度可能进入后段；弱市先收缩执行；弱市里的长连榜样本优先降权,v1
2026-05-22,300433,蓝思科技,27,观察池,77.0,18,0.52,2.92,5.39,33.36,33.36,4.9,5.47,4.35,4.92,18.78,6.77,8.59,24.45,人气Top50；当日上涨；收在日内高位；温和放量；近5日趋势升温；站上20日线且不过热；持续霸榜；人气排名明显上升；市场强势且个股相对强势,热度可能进入后段；v1每日精选未入前5,v1
2026-04-24,002192,融捷股份,79,观察池,60.0,35,3.19,4.8,9.86,3.35,33.29,15.08,28.86,11.52,24.88,13.0,15.08,33.29,33.29,当日涨停附近；收在日内高位；温和放量；站上20日线且不过热,v1每日精选未入前5,v1
2026-05-28,603618,杭电股份,52,不推送,51.0,14,-2.14,9.99,9.99,33.22,33.22,8.78,12.23,11.16,14.68,6.62,9.99,16.4,19.6,当日强涨；收盘承接较强；温和放量；站上20日线且不过热；人气排名明显上升；市场强势且个股相对强势,近5日趋势未确认,v1
2026-04-10,600743,华远控股,30,不推送,57.0,45,10.19,10.19,10.19,-20.75,33.21,9.06,1.51,-1.03,-7.88,-10.19,33.21,33.21,33.21,人气Top50；当日涨停附近；收在日内高位；放量仍可控；近5日强势延续,短线涨幅偏高；偏离20日线较大,v1
2026-06-05,002354,天娱数科,56,不推送,34.38,8,6.61,10.06,10.06,5.56,33.18,33.18,12.91,24.93,5.92,,33.18,33.18,,当日涨停附近；收在日内高位；弱市中个股相对抗跌；收盘强势，次日确认,近5日趋势未确认；后段人气股在偏弱环境里更谨慎；次日高开或一字风险,v1
2026-04-15,002580,圣阳股份,14,不推送,42.0,42,5.14,10.01,10.01,-15.71,33.12,30.59,5.78,24.2,0.6,13.18,33.12,33.12,33.12,人气Top20；当日涨停附近；收在日内高位；连续上榜确认,短线涨幅过热；远离20日线过多,v1
2026-04-17,603178,圣龙股份,91,不推送,46.0,40,4.65,9.99,9.99,-6.08,33.12,21.47,-1.44,16.07,-5.81,11.94,33.12,33.12,33.12,当日涨停附近；收在日内高位；近5日趋势升温；站上20日线且不过热,放量过猛,v1
2026-06-12,600110,诺德股份,75,不推送,43.12,3,5.1,9.97,9.97,33.08,33.08,33.08,,26.62,,,33.08,,,当日上涨；温和放量；近5日趋势升温；站上20日线且不过热；震荡市里保持相对强势,后段人气股在偏弱环境里更谨慎,v1
2026-05-21,002181,粤传媒,74,不推送,0.0,19,0.59,0.73,3.08,-16.48,33.04,6.15,17.22,5.54,16.53,12.31,6.15,19.27,33.04,温和放量；持续霸榜,当日转弱；收盘承接偏弱；近5日趋势未确认；仍在20日线下方；热度可能进入后段；弱市先收缩执行；后段人气股在偏弱环境里更谨慎；弱市里的长连榜样本优先降权；市场健康度不足，收缩推送；市场健康度偏弱,v1
2026-06-03,600403,大有能源,76,不推送,47.25,10,9.96,9.96,9.96,-7.58,32.99,32.99,13.67,20.95,3.38,-7.58,32.99,32.99,32.99,当日涨停附近；收在日内高位；近5日强势延续；站上20日线且不过热；震荡市里保持相对强势；震荡市里承接未失控；v2低分涨停修正；收盘强势，次日确认,放量过猛；短线涨幅偏高；后段人气股在偏弱环境里更谨慎；次日高开或一字风险,v1
2026-05-19,002421,达实智能,37,观察池,46.38,21,10.05,10.05,10.05,-1.29,32.99,12.37,19.85,2.11,8.9,28.09,21.13,32.99,32.99,人气Top50；当日涨停附近；收在日内高位；近5日强势延续；连续上榜确认；震荡市里保持相对强势；震荡市里承接未失控,量能不足；短线涨幅偏高；偏离20日线较大；一字或近似一字，参与点差；一字板不可买,v1
2026-06-11,600176,中国巨石,32,观察池,73.5,4,3.48,1.31,7.52,32.94,32.94,20.87,,16.8,,,22.23,,,人气Top50；当日上涨；收盘承接较强；温和放量；近5日趋势升温；站上20日线且不过热；连续上榜确认；人气排名明显上升；弱市中个股相对抗跌,v1每日精选未入前5,v1
2026-04-13,000890,法尔胜,23,不推送,0.0,44,-4.94,-7.98,-2.28,-30.65,32.93,-5.78,3.04,-0.88,8.4,25.55,-2.28,3.42,32.93,人气Top50；连续上榜确认；人气排名明显上升,当日转弱；近5日趋势未确认；仍在20日线下方,v1
2026-06-10,002636,金安国纪,92,不推送,22.38,5,0.03,9.53,10.0,23.62,32.91,25.73,23.62,25.7,23.59,,26.58,32.91,,当日涨停附近；收在日内高位；连续上榜确认；弱市中个股相对抗跌；收盘强势，次日确认,短线涨幅过热；远离20日线过多；人气排名明显回落；后段人气股在偏弱环境里更谨慎；次日高开或一字风险,v1
2026-05-21,300308,中际旭创,36,不推送,0.0,19,1.68,4.49,5.19,28.47,32.89,11.04,20.6,9.2,18.61,28.86,11.74,20.78,32.89,人气Top50；温和放量；站上20日线且不过热；持续霸榜；人气排名明显上升,当日转弱；收盘承接偏弱；近5日趋势未确认；热度可能进入后段；弱市先收缩执行；弱市里的长连榜样本优先降权；市场健康度不足，收缩推送；市场健康度偏弱,v1
2026-04-14,002565,顺灏股份,50,观察池,66.0,43,0.12,2.31,7.34,-21.45,32.89,9.36,29.02,9.24,28.87,8.96,12.08,29.02,32.89,人气Top50；当日上涨；收在日内高位；温和放量；近5日趋势升温；站上20日线且不过热,v1每日精选未入前5,v1
2026-05-26,600176,中国巨石,75,不推送,51.12,16,0.49,-3.8,0.8,32.88,32.88,2.46,-5.33,1.96,-5.79,-4.79,7.03,7.03,7.03,当日上涨；温和放量；近5日趋势升温；站上20日线且不过热；连续上榜确认；震荡市里保持相对强势,后段人气股在偏弱环境里更谨慎,v1
2026-05-25,600172,黄河旋风,52,观察池,87.0,17,5.38,10.01,10.01,10.01,32.84,20.76,11.41,14.6,5.73,3.89,20.76,32.84,32.84,当日涨停附近；收在日内高位；温和放量；近5日趋势升温；站上20日线且不过热；连续上榜确认；人气排名明显上升；市场强势且个股相对强势；收盘强势，次日确认,次日高开或一字风险；v1每日精选未入前5,v1
2026-04-17,603906,龙蟠科技,80,不推送,18.0,40,-0.27,5.08,6.5,-3.92,32.82,10.12,25.28,10.42,25.62,29.28,10.12,27.93,32.82,当日上涨；近5日趋势升温；站上20日线且不过热；连续上榜确认,收盘承接偏弱；上影线偏长,v1
2026-04-23,600330,天通股份,81,不推送,0.0,36,-1.13,1.13,6.99,30.51,32.81,3.2,8.95,4.39,10.19,27.58,11.25,11.25,32.81,放量仍可控；近5日强势延续；持续霸榜,当日转弱；收盘承接偏弱；短线涨幅偏高；偏离20日线较大；热度可能进入后段；人气排名明显回落,v1
2026-04-17,600103,青山纸业,72,不推送,38.0,40,-0.7,9.77,9.77,-16.51,32.79,27.67,12.56,28.57,13.35,8.37,32.79,32.79,32.79,当日上涨；温和放量；近5日趋势升温；站上20日线且不过热,人气排名明显回落,v1
2026-05-18,300657,弘信电子,55,不推送,35.12,22,8.87,18.1,18.1,8.44,32.77,11.07,10.88,2.02,1.85,-9.18,32.77,32.77,32.77,温和放量；近5日趋势升温；站上20日线且不过热；震荡市里保持相对强势,后段人气股在偏弱环境里更谨慎,v1
2026-05-07,600105,永鼎股份,11,观察池,69.0,29,-3.03,5.07,6.23,32.77,32.77,10.08,13.59,13.52,17.14,-2.61,17.8,18.64,18.64,人气Top20；当日强涨；收盘承接较强；温和放量；站上20日线且不过热；首次上榜即强势；市场强势且个股相对强势,近5日趋势未确认；v1每日精选未入前5,v1
2026-04-27,001896,豫能控股,46,不推送,0.0,34,-1.83,-4.03,3.11,32.76,32.76,-7.02,2.26,-5.28,4.16,2.62,5.55,5.55,18.36,人气Top50；站上20日线且不过热；持续霸榜,当日转弱；收盘承接偏弱；近5日趋势未确认；热度可能进入后段,v1
2026-04-30,002580,圣阳股份,16,不推送,6.0,31,1.56,8.22,8.41,-22.49,32.68,19.58,24.2,17.74,22.29,-0.07,19.58,31.55,32.68,人气Top20；站上20日线且不过热；持续霸榜,当日转弱；收盘承接偏弱；热度可能进入后段,v1
2026-05-11,600396,华电辽能,10,收盘强势观察,86.0,27,2.34,10.01,10.01,30.12,32.68,21.64,14.69,18.86,12.07,17.11,32.68,32.68,32.68,人气Top10；当日涨停附近；收在日内高位；温和放量；近5日强势延续；连续上榜确认；市场强势且个股相对强势；v2低分涨停修正；收盘强势，次日确认；v1每日精选入选,短线涨幅偏高；远离20日线过多；次日高开或一字风险,v1
2026-04-17,600156,华升股份,55,观察池,66.0,40,0.11,9.94,9.94,-0.97,32.61,9.07,-1.62,8.95,-1.73,20.84,20.95,20.95,32.61,当日涨停附近；收在日内高位；放量仍可控；近5日趋势升温；站上20日线且不过热,v1每日精选未入前5,v1
2026-05-08,001896,豫能控股,100,不推送,0.0,28,2.13,2.44,7.01,32.6,32.6,8.23,-7.43,5.97,-9.37,-3.96,13.77,18.22,18.22,站上20日线且不过热,当日转弱；收盘承接偏弱；强势市里个股相对走弱,v1
2026-04-24,603318,水发燃气,40,不推送,22.0,35,7.46,10.01,10.01,-13.08,32.57,27.74,27.3,18.87,18.46,1.23,30.73,32.57,32.57,人气Top50；当日涨停附近；收在日内高位,量能不足；短线涨幅过热；偏离20日线较大；一字或近似一字，参与点差,v1
2026-06-01,600162,香江控股,91,不推送,0.0,12,-0.34,9.93,9.93,11.3,32.53,17.12,26.71,17.53,27.15,24.66,26.37,26.71,32.53,当日上涨,放量过猛；短线涨幅过热；偏离20日线较大；弱市先收缩执行；后段人气股在偏弱环境里更谨慎,v1
2026-05-29,000725,京东方A,4,不推送,0.0,13,0.2,4.89,9.39,31.31,32.49,9.39,25.83,9.18,25.59,9.0,15.85,32.49,32.49,人气Top10；站上20日线且不过热；持续霸榜,当日转弱；收盘承接偏弱；近5日趋势未确认；热度可能进入后段；弱市先收缩执行；弱市里的长连榜样本优先降权；市场健康度不足，收缩推送；市场健康度偏弱,v1
2026-06-10,002842,翔鹭钨业,84,不推送,52.38,5,2.18,9.62,9.62,21.31,32.49,21.03,21.31,18.45,18.72,,21.67,32.49,,当日上涨；收盘承接较强；温和放量；近5日趋势升温；站上20日线且不过热；弱市中个股相对抗跌,后段人气股在偏弱环境里更谨慎,v1
2026-05-26,002421,达实智能,14,不推送,24.25,16,1.08,-1.51,4.09,-17.63,32.47,-11.61,6.88,-12.55,5.74,22.58,6.67,6.88,32.47,人气Top20；温和放量；近5日趋势升温；持续霸榜；震荡市里保持相对强势,当日转弱；收盘承接偏弱；偏离20日线较大；热度可能进入后段,v1
2026-06-02,002585,双星新材,97,不推送,39.0,11,-1.87,-4.37,3.21,32.44,32.44,5.35,8.73,7.36,10.81,24.87,15.69,15.69,24.87,当日上涨；收盘承接较强；温和放量；站上20日线且不过热；市场强势且个股相对强势,人气排名明显回落,v1
2026-05-20,600186,莲花控股,34,不推送,18.25,20,-0.54,-3.52,3.79,32.43,32.43,16.8,7.23,17.44,7.81,-13.73,16.8,23.76,23.76,人气Top50；温和放量；站上20日线且不过热；连续上榜确认；震荡市里保持相对强势,当日转弱；收盘承接偏弱,v1
2026-06-02,002354,天娱数科,55,不推送,0.0,11,-4.48,-7.76,-2.54,4.93,32.39,-0.6,20.3,4.06,25.94,8.36,-0.6,20.3,32.39,温和放量；连续上榜确认,当日转弱；收盘承接偏弱；近5日趋势未确认；人气排名明显回落；强势市里个股相对走弱；市场健康度不足，收缩推送,v1
2026-05-22,688808,联讯仪器,67,不推送,17.0,18,-2.39,3.33,8.2,31.97,32.37,0.7,-2.0,3.17,0.41,22.22,8.2,9.4,32.37,当日涨停附近；收在日内高位；市场强势且个股相对强势；收盘强势，次日确认,短线涨幅过热；远离20日线过多；人气排名明显回落；次日高开或一字风险,v1
2026-05-06,000890,法尔胜,48,不推送,37.0,30,25.91,17.74,32.3,-29.03,32.3,3.81,9.81,-17.55,-12.79,0.0,32.3,32.3,32.3,人气Top50；当日涨停附近；收在日内高位；市场强势且个股相对强势；收盘强势，次日确认,近5日趋势未确认；仍在20日线下方；次日高开或一字风险,v1
2026-05-27,002579,中京电子,28,收盘强势观察,112.38,15,1.87,9.98,9.98,11.67,32.29,14.09,17.59,11.99,15.43,-4.35,18.2,32.29,32.29,人气Top50；当日涨停附近；收在日内高位；温和放量；近5日强势延续；站上20日线且不过热；连续上榜确认；人气排名明显上升；震荡市里保持相对强势；震荡市里承接未失控；v2强势延续修正；v2连榜升温修正；v2低分涨停修正；收盘强势，次日确认；v1每日精选入选,短线涨幅偏高；次日高开或一字风险,v1
2026-04-15,603985,恒润股份,19,不推送,46.0,42,1.17,9.73,9.73,13.18,32.27,7.66,13.9,6.42,12.58,20.62,14.93,14.93,32.27,人气Top20；当日上涨；温和放量；站上20日线且不过热,-,v1
2026-05-26,000657,中钨高新,83,不推送,47.25,16,1.64,-4.23,1.67,32.26,32.26,0.46,-1.74,-1.16,-3.33,4.59,4.83,4.83,10.52,当日上涨；收盘承接较强；温和放量；近5日强势延续；站上20日线且不过热；震荡市里保持相对强势；震荡市里承接未失控,短线涨幅偏高；后段人气股在偏弱环境里更谨慎,v1
2026-05-12,002185,华天科技,76,不推送,33.0,26,-2.43,1.39,2.22,32.2,32.2,-0.9,6.04,1.56,8.68,29.42,3.12,7.01,29.42,温和放量；近5日趋势升温；站上20日线且不过热；连续上榜确认；市场强势且个股相对强势；v2热点回踩观察,当日转弱；收盘承接偏弱；人气排名明显回落,v1
2026-05-07,301308,江波龙,55,不推送,23.0,29,-1.8,-0.69,0.35,18.52,32.17,16.24,23.98,18.37,26.26,11.54,18.42,32.17,32.17,温和放量；近5日趋势升温；站上20日线且不过热；连续上榜确认；市场强势且个股相对强势,收盘承接偏弱；人气排名明显回落；上影线偏长,v1
2026-04-24,603601,再升科技,87,不推送,0.0,35,-2.12,5.36,7.69,11.21,32.16,7.12,17.91,9.44,20.46,27.36,12.48,22.92,32.16,温和放量；持续霸榜,当日转弱；收盘承接偏弱；近5日趋势未确认；热度可能进入后段,v1
2026-06-04,603002,宏昌电子,61,不推送,40.25,9,-1.82,-4.67,0.17,32.12,32.12,-5.58,1.88,-3.83,3.77,,0.17,5.24,,收在日内高位；温和放量；站上20日线且不过热；震荡市里保持相对强势；震荡市里承接未失控,后段人气股在偏弱环境里更谨慎,v1
2026-04-27,000889,中嘉博创,82,不推送,4.0,34,0.0,10.09,10.09,-18.16,32.06,-0.9,19.96,-0.9,19.96,19.28,11.66,19.96,32.06,温和放量；站上20日线且不过热；连续上榜确认,当日转弱；收盘承接偏弱；近5日趋势未确认,v1
2026-05-21,002491,通鼎互联,61,不推送,0.0,19,3.86,4.88,5.01,32.06,32.06,0.05,6.35,-3.68,2.39,23.41,9.29,9.29,23.41,温和放量；站上20日线且不过热；连续上榜确认,当日转弱；收盘承接偏弱；近5日趋势未确认；弱市先收缩执行；后段人气股在偏弱环境里更谨慎；市场健康度不足，收缩推送；市场健康度偏弱,v1
2026-05-12,300502,新易盛,65,不推送,21.0,26,-1.25,6.17,6.47,32.04,32.04,2.97,-3.38,4.27,-2.16,18.17,10.34,10.34,18.78,当日上涨；温和放量；持续霸榜；人气排名明显上升；市场强势且个股相对强势,近5日趋势未确认；仍在20日线下方；热度可能进入后段,v1
2026-05-20,603986,兆易创新,9,收盘强势观察,117.38,20,0.07,-2.89,4.53,32.0,32.0,15.97,15.81,15.89,15.74,10.87,15.97,24.52,24.52,人气Top10；当日涨停附近；收在日内高位；温和放量；近5日趋势升温；连续上榜确认；人气排名明显上升；震荡市里保持相对强势；震荡市里承接未失控；v2强势延续修正；v2低分涨停修正；收盘强势，次日确认；v1每日精选入选,偏离20日线较大；次日高开或一字风险,v1
2026-05-06,600703,三安光电,14,不推送,10.0,31,2.85,7.39,10.02,25.53,31.97,11.78,22.31,8.68,18.92,23.26,13.02,24.36,31.97,人气Top20；站上20日线且不过热；连续上榜确认；人气排名明显上升,当日转弱；收盘承接偏弱；近5日趋势未确认,v1
2026-04-30,600703,三安光电,90,不推送,0.0,31,2.85,7.39,10.02,25.53,31.97,11.78,22.31,8.68,18.92,23.26,13.02,24.36,31.97,站上20日线且不过热,当日转弱；收盘承接偏弱；近5日趋势未确认,v1
2026-04-14,600152,维科技术,39,观察池,80.0,43,4.29,1.51,10.01,-6.9,31.96,16.9,9.42,12.1,4.92,31.96,16.9,28.6,31.96,人气Top50；当日涨停附近；收在日内高位；温和放量；近5日趋势升温；站上20日线且不过热,v1每日精选未入前5,v1
2026-05-29,600105,永鼎股份,39,不推送,0.0,13,-1.86,-5.67,3.26,31.96,31.96,8.6,15.9,10.66,18.09,7.28,14.16,24.89,24.89,人气Top50；温和放量；连续上榜确认；人气排名明显上升,当日转弱；收盘承接偏弱；弱市先收缩执行；市场健康度不足，收缩推送；市场健康度偏弱,v1
2026-04-22,002428,云南锗业,22,观察池,61.0,37,1.4,2.18,9.99,31.92,31.92,-3.24,-8.0,-4.57,-9.27,22.54,9.99,9.99,22.65,人气Top50；当日涨停附近；收在日内高位；近5日强势延续；连续上榜确认；人气排名明显上升,短线涨幅偏高；偏离20日线较大；v1每日精选未入前5,v1
2026-04-23,002428,云南锗业,37,不推送,11.0,36,-1.05,0.31,5.75,29.11,31.92,-9.37,-8.94,-8.4,-7.97,31.92,5.75,5.75,31.92,人气Top50；温和放量；近5日强势延续；持续霸榜,收盘承接偏弱；短线涨幅偏高；偏离20日线较大；热度可能进入后段；上影线偏长,v1
2026-06-02,001896,豫能控股,32,不推送,53.0,11,-0.27,10.03,10.03,19.23,31.73,8.93,18.14,9.23,18.46,20.88,31.73,31.73,31.73,人气Top50；当日上涨；温和放量；近5日趋势升温；站上20日线且不过热；持续霸榜；市场强势且个股相对强势,热度可能进入后段；人气排名明显回落,v1
2026-05-07,600186,莲花控股,6,不推送,59.0,29,-2.96,-5.66,-2.52,31.72,31.72,-10.24,-5.3,-7.5,-2.41,-4.04,-2.52,0.0,6.47,人气Top10；温和放量；近5日趋势升温；站上20日线且不过热；连续上榜确认；市场强势且个股相对强势,当日转弱,v1
2026-06-10,300285,国瓷材料,86,不推送,0.0,5,-0.03,2.08,6.3,28.41,31.69,3.55,28.41,3.58,28.46,,7.8,31.69,,温和放量；站上20日线且不过热；连续上榜确认,当日转弱；收盘承接偏弱；人气排名明显回落；弱市先收缩执行；后段人气股在偏弱环境里更谨慎,v1
2026-05-26,600759,ST洲际,25,不推送,0.0,16,-2.88,2.88,4.94,-0.41,31.69,13.58,25.51,16.95,29.24,9.05,13.58,25.51,31.69,人气Top50；放量仍可控；持续霸榜,当日转弱；收盘承接偏弱；近5日趋势未确认；仍在20日线下方；热度可能进入后段；震荡市里相对走弱,v1
2026-05-27,002741,光华科技,82,不推送,47.25,15,-3.17,4.04,4.04,31.69,31.69,-8.68,-5.78,-5.69,-2.69,-4.67,4.04,4.04,4.04,当日上涨；收盘承接较强；温和放量；近5日强势延续；站上20日线且不过热；震荡市里保持相对强势；震荡市里承接未失控,短线涨幅偏高；后段人气股在偏弱环境里更谨慎,v1
2026-05-29,000657,中钨高新,86,不推送,12.88,13,0.03,-7.09,4.12,31.66,31.66,5.46,3.09,5.42,3.06,16.18,7.59,10.01,24.0,温和放量；近5日趋势升温；站上20日线且不过热；连续上榜确认,当日转弱；收盘承接偏弱；弱市先收缩执行；后段人气股在偏弱环境里更谨慎,v1
2026-05-26,600863,华能蒙电,45,不推送,48.25,16,-2.79,10.0,10.0,-6.89,31.64,19.67,20.98,23.1,24.45,-0.33,19.84,31.64,31.64,人气Top50；温和放量；近5日趋势升温；站上20日线且不过热；持续霸榜；震荡市里保持相对强势,热度可能进入后段,v1
2026-04-30,603399,永杉锂业,24,不推送,37.0,31,10.01,10.01,10.01,2.48,31.61,23.72,24.19,12.47,12.89,-4.85,28.11,31.61,31.61,人气Top50；当日涨停附近；收在日内高位；近5日强势延续；连续上榜确认；人气排名明显上升,量能不足；短线涨幅偏高；远离20日线过多；一字或近似一字，参与点差,v1
2026-05-06,603399,永杉锂业,38,不推送,33.0,31,10.01,10.01,10.01,2.48,31.61,23.72,24.19,12.47,12.89,-4.85,28.11,31.61,31.61,人气Top50；当日涨停附近；收在日内高位；近5日强势延续；连续上榜确认,量能不足；短线涨幅偏高；远离20日线过多；一字或近似一字，参与点差,v1
2026-05-20,600498,烽火通信,61,不推送,17.12,20,0.36,-7.28,1.06,31.57,31.57,-5.77,-13.78,-6.1,-14.09,-10.74,1.06,1.06,1.06,温和放量；站上20日线且不过热；人气排名明显上升；震荡市里保持相对强势,近5日趋势未确认；上影线偏长；后段人气股在偏弱环境里更谨慎,v1
2026-05-15,000988,华工科技,79,不推送,0.0,23,2.63,10.0,10.0,27.47,31.43,21.99,16.67,18.86,13.68,13.39,27.56,27.56,31.43,温和放量；站上20日线且不过热；持续霸榜,当日转弱；收盘承接偏弱；近5日趋势未确认；热度可能进入后段；震荡市里相对走弱；后段人气股在偏弱环境里更谨慎；市场健康度不足，收缩推送,v1
2026-05-18,002208,合肥城建,13,不推送,25.25,22,17.15,25.22,25.22,-12.36,31.41,16.1,0.7,-0.89,-14.04,-14.01,31.41,31.41,31.41,人气Top20；温和放量；近5日强势延续；连续上榜确认；人气排名明显上升；震荡市里保持相对强势,当日转弱；收盘承接偏弱；短线涨幅偏高；偏离20日线较大,v1
2026-06-03,600667,太极实业,64,不推送,17.12,10,-1.82,10.02,10.02,27.91,31.41,0.47,7.06,2.33,9.04,27.91,15.53,15.53,31.41,温和放量；近5日趋势升温；站上20日线且不过热；连续上榜确认；震荡市里保持相对强势,当日转弱；收盘承接偏弱；人气排名明显回落；后段人气股在偏弱环境里更谨慎,v1
2026-05-15,002208,合肥城建,78,不推送,0.0,23,13.86,13.86,13.86,-12.36,31.41,29.01,8.03,13.31,-5.12,-14.96,31.41,31.41,31.41,温和放量；近5日强势延续；震荡市里保持相对强势,当日转弱；收盘承接偏弱；短线涨幅偏高；偏离20日线较大；后段人气股在偏弱环境里更谨慎,v1
2026-05-06,002181,粤传媒,19,强推观察,93.0,31,0.0,10.01,10.01,-30.87,31.35,11.28,13.1,11.28,13.1,-3.27,19.89,19.89,31.35,人气Top20；当日涨停附近；收在日内高位；温和放量；近5日强势延续；站上20日线且不过热；连续上榜确认；人气排名明显上升；v1每日精选入选,短线涨幅偏高,v1
2026-04-30,002181,粤传媒,34,重点观察,81.0,31,0.0,10.01,10.01,-30.87,31.35,11.28,13.1,11.28,13.1,-3.27,19.89,19.89,31.35,人气Top50；当日涨停附近；收在日内高位；温和放量；近5日强势延续；站上20日线且不过热；连续上榜确认；v1每日精选入选,短线涨幅偏高,v1
2026-04-22,002297,博云新材,42,不推送,23.0,37,1.23,9.61,10.0,27.06,31.35,1.18,14.39,-0.05,13.0,23.95,10.65,20.06,31.35,人气Top50；当日上涨；温和放量；近5日强势延续；持续霸榜,短线涨幅偏高；远离20日线过多；热度可能进入后段；人气排名明显回落,v1
2026-04-16,300390,天华新能,40,不推送,51.0,41,-0.79,2.46,6.21,7.08,31.33,0.15,-6.55,0.95,-5.8,28.97,6.21,6.21,31.33,人气Top50；当日涨停附近；温和放量；近5日强势延续；人气排名明显上升,短线涨幅偏高；偏离20日线较大,v1
2026-04-15,001896,豫能控股,16,重点观察,87.0,42,-0.97,2.96,6.7,31.32,31.32,13.4,5.61,14.5,6.64,2.17,13.4,13.76,13.76,人气Top20；当日涨停附近；收在日内高位；放量仍可控；近5日强势延续；站上20日线且不过热；连续上榜确认；人气排名明显上升；v1每日精选入选,短线涨幅偏高,v1
2026-04-27,002156,通富微电,24,不推送,54.0,34,-0.84,-2.01,1.6,31.29,31.29,0.96,15.23,1.81,16.21,11.95,3.14,18.59,21.39,人气Top50；当日上涨；温和放量；近5日趋势升温；站上20日线且不过热；人气排名明显上升,-,v1
2026-06-03,000657,中钨高新,51,观察池,66.25,10,-1.69,3.65,4.32,24.85,31.28,-5.29,1.66,-3.66,3.4,24.85,4.32,4.32,31.28,当日强涨；收盘承接较强；温和放量；近5日趋势升温；站上20日线且不过热；人气排名明显上升；震荡市里保持相对强势；震荡市里承接未失控,后段人气股在偏弱环境里更谨慎；v1每日精选未入前5,v1
2026-06-12,600176,中国巨石,52,不推送,21.12,3,3.34,10.0,10.0,31.22,31.22,31.22,,26.98,,,31.22,,,温和放量；近5日趋势升温；站上20日线且不过热；连续上榜确认；震荡市里保持相对强势,收盘承接偏弱；人气排名明显回落；上影线偏长；后段人气股在偏弱环境里更谨慎,v1
2026-04-27,300763,锦浪科技,87,不推送,0.0,17,-0.02,3.31,4.67,31.21,31.21,13.71,16.63,13.74,16.65,17.03,16.02,20.73,25.6,放量仍可控,当日转弱；收盘承接偏弱；近5日趋势未确认；仍在20日线下方,v1
2026-05-22,000725,京东方A,1,观察池,88.5,18,0.19,2.13,4.07,30.04,31.2,10.85,-0.97,10.64,-1.16,24.61,18.02,18.02,31.2,人气Top3；当日涨停附近；收在日内高位；近5日趋势升温；站上20日线且不过热；连续上榜确认；市场强势且个股相对强势；v2低分涨停修正；收盘强势，次日确认,放量过猛；Top3高热度拥挤，次日兑现风险；次日高开或一字风险；v1每日精选未入前5,v1
2026-05-21,603005,晶方科技,71,不推送,0.0,19,0.06,8.48,9.92,27.83,31.18,25.0,26.39,24.93,26.32,23.56,31.18,31.18,31.18,近5日趋势升温；站上20日线且不过热；连续上榜确认,当日转弱；收盘承接偏弱；弱市先收缩执行；后段人气股在偏弱环境里更谨慎,v1
2026-06-01,603011,合锻智能,45,观察池,74.5,12,2.99,5.76,7.37,31.16,31.16,17.69,8.25,14.28,5.1,24.84,20.83,24.41,28.02,人气Top50；当日涨停附近；收在日内高位；温和放量；近5日强势延续；站上20日线且不过热；弱市中个股相对抗跌；收盘强势，次日确认,短线涨幅偏高；次日高开或一字风险；v1每日精选未入前5,v1
2026-06-05,600183,生益科技,53,不推送,0.0,8,-8.27,-2.4,2.18,31.15,31.15,6.95,10.13,16.59,20.06,,12.48,18.39,,站上20日线且不过热；持续霸榜,当日转弱；收盘承接偏弱；近5日趋势未确认；热度可能进入后段；弱市先收缩执行；后段人气股在偏弱环境里更谨慎；弱市里的长连榜样本优先降权；市场健康度不足，收缩推送；市场健康度偏弱,v1
2026-06-01,002297,博云新材,84,不推送,0.0,12,1.68,1.48,2.54,31.13,31.13,5.7,0.76,3.95,-0.9,17.5,10.07,10.07,18.11,温和放量；持续霸榜,当日转弱；收盘承接偏弱；近5日趋势未确认；仍在20日线下方；热度可能进入后段；人气排名明显回落；弱市先收缩执行；后段人气股在偏弱环境里更谨慎；弱市里的长连榜样本优先降权；市场健康度不足，收缩推送；市场健康度偏弱,v1
2026-05-07,002428,云南锗业,66,不推送,59.0,29,-0.54,7.32,10.0,23.77,31.13,26.46,21.2,27.14,21.85,4.49,26.46,31.13,31.13,当日上涨；收盘承接较强；温和放量；近5日趋势升温；站上20日线且不过热；连续上榜确认；市场强势且个股相对强势,人气排名明显回落,v1
2026-04-13,002342,巨力索具,28,不推送,55.0,44,0.0,4.96,5.32,-37.21,31.09,13.28,19.16,13.28,19.16,12.67,20.44,22.4,31.09,人气Top50；当日上涨；温和放量；近5日强势延续；站上20日线且不过热；连续上榜确认；人气排名明显上升,短线涨幅偏高,v1
2026-05-21,600522,中天科技,12,不推送,4.0,19,1.89,4.58,4.73,31.05,31.05,-3.39,-3.29,-5.18,-5.08,9.93,6.59,6.59,12.6,人气Top20；温和放量；站上20日线且不过热；持续霸榜,当日转弱；收盘承接偏弱；近5日趋势未确认；热度可能进入后段；弱市先收缩执行；弱市里的长连榜样本优先降权；市场健康度不足，收缩推送；市场健康度偏弱,v1
2026-06-01,603678,火炬电子,70,不推送,51.38,12,-2.12,10.02,10.02,31.03,31.03,21.18,6.54,23.81,8.85,20.24,23.8,23.8,23.8,当日涨停附近；收在日内高位；近5日强势延续；人气排名明显上升；弱市中个股相对抗跌；v2低分涨停修正；收盘强势，次日确认,短线涨幅偏高；偏离20日线较大；后段人气股在偏弱环境里更谨慎；次日高开或一字风险,v1
2026-04-20,002990,盛视科技,70,不推送,0.0,38,-0.45,-8.06,-0.2,11.04,30.92,0.18,-0.82,0.64,-0.37,30.92,1.55,10.22,30.92,放量仍可控；近5日强势延续；持续霸榜,当日转弱；收盘承接偏弱；短线涨幅偏高；偏离20日线较大；热度可能进入后段；人气排名明显回落,v1
2026-04-17,603538,美诺华,81,不推送,12.0,40,1.6,-2.08,1.92,-28.0,30.88,-3.81,9.68,-5.32,7.95,30.48,3.3,13.14,30.88,温和放量；近5日趋势升温；站上20日线且不过热；持续霸榜,当日转弱；收盘承接偏弱；热度可能进入后段；人气排名明显回落,v1
2026-05-28,603256,宏和科技,58,不推送,48.0,14,5.1,2.14,5.1,30.86,30.86,0.45,-1.47,-4.42,-6.25,6.65,5.1,5.1,8.67,当日涨停附近；收在日内高位；近5日强势延续；人气排名明显上升；市场强势且个股相对强势；收盘强势，次日确认,短线涨幅偏高；偏离20日线较大；次日高开或一字风险,v1
2026-04-24,300390,天华新能,42,观察池,66.0,35,-1.0,3.55,6.79,0.82,30.84,21.43,26.04,22.66,27.32,9.68,22.63,30.84,30.84,人气Top50；当日涨停附近；收盘承接较强；温和放量；站上20日线且不过热；人气排名明显上升,v1每日精选未入前5,v1
2026-05-11,600498,烽火通信,75,不推送,41.0,27,0.0,0.68,2.76,30.83,30.83,0.96,-4.16,0.96,-4.16,-6.3,7.47,7.47,7.47,温和放量；近5日趋势升温；站上20日线且不过热；连续上榜确认；市场强势且个股相对强势,人气排名明显回落,v1
2026-05-21,002081,金螳螂,63,不推送,0.0,19,2.15,4.12,4.48,-14.52,30.82,-3.05,-1.97,-5.09,-4.04,8.42,6.99,6.99,30.82,温和放量；持续霸榜,当日转弱；收盘承接偏弱；近5日趋势未确认；仍在20日线下方；热度可能进入后段；人气排名明显回落；弱市先收缩执行；后段人气股在偏弱环境里更谨慎；弱市里的长连榜样本优先降权；市场健康度不足，收缩推送；市场健康度偏弱,v1
2026-05-19,603601,再升科技,36,不推送,30.25,21,-0.44,-2.17,-0.11,-12.29,30.81,7.23,11.62,7.71,12.12,-4.67,7.29,15.46,30.81,人气Top50；温和放量；近5日趋势升温；站上20日线且不过热；连续上榜确认；震荡市里保持相对强势,当日转弱；收盘承接偏弱,v1
2026-05-28,002585,双星新材,62,不推送,40.0,14,-2.81,-10.03,0.88,30.69,30.69,-1.32,3.78,1.54,6.79,9.23,0.88,3.78,18.56,当日上涨；温和放量；近5日强势延续；连续上榜确认；人气排名明显上升；市场强势且个股相对强势,短线涨幅偏高；偏离20日线较大,v1
2026-04-14,601778,晶科科技,21,观察池,66.0,43,-0.17,0.33,1.82,-16.75,30.68,14.59,5.31,14.78,5.48,18.08,21.56,21.56,30.68,人气Top50；当日涨停附近；收在日内高位；近5日趋势升温；站上20日线且不过热,v1每日精选未入前5,v1
2026-05-28,300975,商络电子,49,不推送,43.0,14,-1.47,-4.46,2.16,10.06,30.68,15.82,16.09,17.55,17.82,3.26,19.82,19.82,30.68,人气Top50；当日涨停附近；收在日内高位；温和放量；市场强势且个股相对强势；收盘强势，次日确认,短线涨幅过热；远离20日线过多；次日高开或一字风险,v1
2026-04-16,600549,厦门钨业,67,观察池,66.0,41,0.47,1.57,3.14,30.64,30.64,3.41,1.24,2.93,0.77,-6.63,5.04,7.9,7.9,当日涨停附近；收在日内高位；放量仍可控；近5日趋势升温；站上20日线且不过热,v1每日精选未入前5,v1
2026-05-08,300283,温州宏丰,37,不推送,56.0,28,3.12,-6.48,5.95,30.52,30.52,1.3,-7.13,-1.77,-9.94,9.07,8.6,8.6,18.97,人气Top50；当日涨停附近；收在日内高位；温和放量；近5日强势延续；市场强势且个股相对强势；收盘强势，次日确认,短线涨幅偏高；远离20日线过多；次日高开或一字风险,v1
2026-04-24,002580,圣阳股份,12,不推送,38.0,35,-1.59,4.04,8.84,-23.1,30.51,3.25,7.36,4.92,9.1,25.49,8.84,8.84,30.51,人气Top20；温和放量；站上20日线且不过热；持续霸榜,近5日趋势未确认；热度可能进入后段,v1
2026-06-02,600183,生益科技,47,不推送,57.0,11,-2.33,0.01,4.58,28.43,30.5,-2.07,5.13,0.26,7.64,27.9,4.8,5.13,30.5,人气Top50；当日上涨；收盘承接较强；温和放量；近5日趋势升温；持续霸榜；市场强势且个股相对强势,偏离20日线较大；热度可能进入后段,v1
2026-04-21,003018,金富科技,55,不推送,31.0,38,4.53,10.01,10.01,30.45,30.45,20.72,16.35,15.48,11.31,1.92,22.23,22.76,22.76,当日涨停附近；收在日内高位；近5日强势延续,短线涨幅偏高；远离20日线过多,v1
2026-04-13,601138,工业富联,55,不推送,16.0,44,1.38,5.78,6.45,30.41,30.41,6.5,10.43,5.05,8.93,20.74,7.7,13.7,24.06,温和放量；近5日趋势升温；站上20日线且不过热；连续上榜确认,当日转弱；收盘承接偏弱；人气排名明显回落,v1
2026-05-29,603778,国晟科技,92,不推送,0.0,13,-1.26,9.99,9.99,-0.48,30.38,10.77,3.05,12.17,4.36,9.09,18.42,18.42,30.38,温和放量；持续霸榜,当日转弱；收盘承接偏弱；近5日趋势未确认；仍在20日线下方；热度可能进入后段；人气排名明显回落；弱市先收缩执行；后段人气股在偏弱环境里更谨慎；弱市里的长连榜样本优先降权；市场健康度不足，收缩推送；市场健康度偏弱,v1
2026-05-18,600578,京能电力,16,观察池,69.38,22,0.0,7.26,9.99,4.02,30.35,6.1,17.25,6.1,17.25,9.47,9.99,17.25,30.35,人气Top20；当日涨停附近；收在日内高位；温和放量；连续上榜确认；震荡市里保持相对强势；震荡市里承接未失控；收盘强势，次日确认,短线涨幅过热；偏离20日线较大；次日高开或一字风险；v1每日精选未入前5,v1
2026-04-10,300131,英唐智控,63,不推送,51.0,28,0.26,0.45,3.05,30.35,30.35,0.26,1.88,0.0,1.62,5.58,3.11,3.57,23.74,当日涨停附近；收在日内高位；近5日强势延续；站上20日线且不过热,短线涨幅偏高,v1
2026-05-18,002131,利欧股份,31,不推送,0.0,22,17.07,27.07,30.34,-7.59,30.34,13.79,10.17,-2.8,-5.89,5.17,30.34,30.34,30.34,人气Top50；温和放量；人气排名明显上升,当日转弱；收盘承接偏弱；近5日趋势未确认；仍在20日线下方；震荡市里相对走弱；市场健康度不足，收缩推送,v1
2026-06-09,600498,烽火通信,49,观察池,71.0,6,-1.44,-5.35,-0.25,30.3,30.3,7.27,25.74,8.84,27.59,,13.54,26.53,,人气Top50；当日强涨；收盘承接较强；温和放量；近5日趋势升温；站上20日线且不过热；市场强势且个股相对强势,v1每日精选未入前5,v1
2026-05-21,002421,达实智能,13,不推送,0.0,19,-2.53,10.1,10.1,-3.28,30.3,17.42,15.4,20.47,18.39,19.7,30.3,30.3,30.3,人气Top20；近5日强势延续；站上20日线且不过热；连续上榜确认,当日转弱；收盘承接偏弱；放量过猛；短线涨幅偏高；弱市先收缩执行,v1
2026-06-02,603256,宏和科技,31,观察池,81.0,11,-1.91,-0.72,4.46,30.28,30.28,-1.38,4.33,0.54,6.37,26.58,5.88,5.88,26.58,人气Top50；当日强涨；收在日内高位；温和放量；近5日趋势升温；站上20日线且不过热；人气排名明显上升；市场强势且个股相对强势,v1每日精选未入前5,v1
2026-06-04,300319,麦捷科技,80,不推送,51.25,9,-0.1,14.51,20.09,19.47,30.27,25.26,7.49,25.39,7.6,,30.27,30.27,,当日强涨；收在日内高位；温和放量；近5日强势延续；震荡市里保持相对强势；震荡市里承接未失控,短线涨幅偏高；偏离20日线较大；后段人气股在偏弱环境里更谨慎,v1
2026-04-15,601778,晶科科技,55,不推送,42.0,42,3.31,10.08,10.08,-17.02,30.25,7.6,8.1,4.16,4.64,15.04,21.16,21.16,30.25,收盘承接较强；放量仍可控；近5日趋势升温；站上20日线且不过热；连续上榜确认,人气排名明显回落,v1
2026-04-27,002342,巨力索具,13,不推送,14.0,34,0.05,0.27,2.77,-44.3,30.24,7.49,20.03,7.43,19.97,8.03,10.15,20.03,30.24,人气Top20；站上20日线且不过热；持续霸榜,当日转弱；近5日趋势未确认；热度可能进入后段,v1
2026-05-22,600584,长电科技,3,观察池,81.5,18,1.54,10.0,10.0,12.18,30.21,18.22,12.58,16.43,10.88,3.8,30.21,30.21,30.21,人气Top3；当日强涨；收在日内高位；温和放量；近5日强势延续；持续霸榜；市场强势且个股相对强势,短线涨幅偏高；偏离20日线较大；热度可能进入后段；Top3高热度拥挤，次日兑现风险；v1每日精选未入前5,v1
2026-04-27,002297,博云新材,3,不推送,52.0,34,2.29,9.99,9.99,25.57,30.2,19.34,20.56,16.67,17.86,21.33,23.72,26.64,30.2,人气Top3；温和放量；近5日趋势升温；持续霸榜；人气排名明显上升,当日转弱；偏离20日线较大；热度可能进入后段,v1
2026-05-06,600736,苏州高新,48,不推送,12.0,31,1.96,7.61,10.06,-7.12,30.18,20.98,22.21,18.65,19.86,-1.84,30.18,30.18,30.18,人气Top50；温和放量；站上20日线且不过热；持续霸榜；人气排名明显上升,当日转弱；收盘承接偏弱；近5日趋势未确认；热度可能进入后段,v1
2026-04-30,600736,苏州高新,94,不推送,0.0,31,1.96,7.61,10.06,-7.12,30.18,20.98,22.21,18.65,19.86,-1.84,30.18,30.18,30.18,温和放量；站上20日线且不过热；持续霸榜,当日转弱；收盘承接偏弱；近5日趋势未确认；热度可能进入后段；人气排名明显回落,v1
2026-05-14,300776,帝尔激光,39,不推送,47.0,24,0.0,2.91,9.87,21.06,30.16,1.21,3.08,1.21,3.08,16.24,9.87,15.47,30.16,人气Top50；当日涨停附近；温和放量；近5日强势延续；v2低分涨停修正；收盘强势，次日确认,短线涨幅偏高；偏离20日线较大；弱市先收缩执行；次日高开或一字风险,v1
2026-05-29,600522,中天科技,10,不推送,50.5,13,-0.45,-6.64,-0.09,30.15,30.15,6.61,9.2,7.1,9.69,15.19,11.35,17.02,29.13,人气Top10；当日上涨；温和放量；站上20日线且不过热；持续霸榜；人气排名明显上升,近5日趋势未确认；热度可能进入后段；弱市先收缩执行；弱市里的长连榜样本优先降权,v1
2026-04-30,601869,长飞光纤,47,不推送,12.0,31,2.29,2.02,4.55,30.12,30.12,12.24,16.26,9.73,13.66,12.43,14.44,21.5,21.5,人气Top50；温和放量；连续上榜确认,当日转弱；近5日趋势未确认；人气排名明显回落,v1
2026-06-10,002436,兴森科技,74,不推送,0.0,5,-0.86,-1.42,1.93,28.22,30.12,7.54,28.22,8.47,29.33,,7.64,30.12,,温和放量；站上20日线且不过热,当日转弱；收盘承接偏弱；近5日趋势未确认；弱市先收缩执行；后段人气股在偏弱环境里更谨慎；市场健康度不足，收缩推送；市场健康度偏弱,v1
2026-05-27,600726,华电能源,33,收盘强势观察,98.38,15,10.04,10.04,10.04,-0.84,30.11,13.5,16.01,3.15,5.43,0.72,30.11,30.11,30.11,人气Top50；当日涨停附近；收在日内高位；近5日强势延续；站上20日线且不过热；连续上榜确认；人气排名明显上升；震荡市里保持相对强势；震荡市里承接未失控；v2强势延续修正；v2连榜升温修正；v2低分涨停修正；收盘强势，次日确认；v1每日精选入选,短线涨幅偏高；次日高开或一字风险,v1
2026-04-30,002217,合力泰,31,不推送,20.0,31,4.84,10.03,10.03,-7.96,30.1,18.69,20.07,13.2,14.52,2.08,26.3,30.1,30.1,人气Top50；温和放量；站上20日线且不过热；连续上榜确认；人气排名明显上升,当日转弱；收盘承接偏弱,v1
2026-05-06,002217,合力泰,15,不推送,24.0,31,4.84,10.03,10.03,-7.96,30.1,18.69,20.07,13.2,14.52,2.08,26.3,30.1,30.1,人气Top20；温和放量；站上20日线且不过热；持续霸榜；人气排名明显上升,当日转弱；收盘承接偏弱；热度可能进入后段,v1
2026-04-23,600105,永鼎股份,19,不推送,46.0,36,0.0,1.05,5.15,30.08,30.08,-7.53,-12.56,-7.53,-12.56,7.86,5.15,5.15,15.42,人气Top20；当日上涨；温和放量；近5日趋势升温；持续霸榜,偏离20日线较大；热度可能进入后段；上影线偏长,v1
2026-05-27,600105,永鼎股份,49,不推送,44.25,15,-1.86,0.06,0.58,30.08,30.08,-7.01,7.05,-5.25,9.08,7.84,4.06,12.54,23.11,人气Top50；当日上涨；温和放量；站上20日线且不过热；连续上榜确认；震荡市里保持相对强势,近5日趋势未确认,v1
2026-04-27,600105,永鼎股份,49,不推送,10.0,34,0.16,-7.56,1.71,30.03,30.03,-12.59,-2.06,-12.74,-2.22,11.25,1.71,1.71,16.2,人气Top50；温和放量；近5日趋势升温；持续霸榜,当日转弱；收盘承接偏弱；偏离20日线较大；热度可能进入后段；人气排名明显回落,v1
2026-04-16,603459,红板科技,30,不推送,31.0,41,-2.9,-2.04,2.97,30.02,30.02,-9.74,-14.02,-7.05,-11.45,-10.13,2.97,2.97,2.97,人气Top50；温和放量；近5日强势延续；站上20日线且不过热,短线涨幅偏高；人气排名明显回落,v1
2026-06-10,600183,生益科技,36,不推送,4.5,5,0.03,1.93,4.49,22.63,30.02,13.28,22.63,13.24,22.59,,13.28,30.02,,人气Top50；温和放量；站上20日线且不过热；持续霸榜,当日转弱；收盘承接偏弱；热度可能进入后段；弱市先收缩执行；弱市里的长连榜样本优先降权,v1
2026-05-28,600105,永鼎股份,51,不推送,46.0,14,0.56,-1.48,4.0,30.0,30.0,2.25,11.85,1.68,11.23,7.83,4.0,13.21,23.04,收在日内高位；温和放量；站上20日线且不过热；连续上榜确认,-,v1
2026-04-15,600152,维科技术,62,不推送,14.0,42,-1.41,4.72,5.22,-8.29,29.99,15.41,3.89,17.06,5.38,20.13,26.68,26.68,29.99,放量仍可控；近5日趋势升温；站上20日线且不过热；连续上榜确认,收盘承接偏弱；人气排名明显回落；上影线偏长,v1
2026-06-04,002421,达实智能,74,不推送,1.12,9,2.53,9.92,9.92,-19.2,29.96,20.25,3.16,17.28,0.62,,29.96,29.96,,温和放量；站上20日线且不过热；持续霸榜；震荡市里保持相对强势,当日转弱；收盘承接偏弱；热度可能进入后段；人气排名明显回落；后段人气股在偏弱环境里更谨慎,v1
2026-05-12,600498,烽火通信,98,不推送,28.0,26,-0.08,3.07,4.52,29.94,29.94,-8.0,-4.07,-7.92,-3.99,-11.88,6.74,6.74,6.74,温和放量；近5日强势延续；站上20日线且不过热；连续上榜确认；市场强势且个股相对强势,短线涨幅偏高；人气排名明显回落；上影线偏长,v1
2026-04-24,001896,豫能控股,48,不推送,0.0,35,-2.69,-2.15,2.45,29.91,29.91,1.07,-2.09,3.87,0.61,6.03,3.28,3.28,11.46,人气Top50；站上20日线且不过热；持续霸榜,当日转弱；收盘承接偏弱；近5日趋势未确认；热度可能进入后段,v1
2026-04-15,002565,顺灏股份,7,不推送,40.0,42,-0.17,0.28,1.02,-23.22,29.89,14.63,24.01,14.83,24.22,4.63,16.16,29.89,29.89,人气Top10；温和放量；站上20日线且不过热；连续上榜确认；人气排名明显上升,收盘承接偏弱；上影线偏长,v1
2026-05-06,000066,中国长城,6,强推观察,100.0,30,17.51,20.99,20.99,-10.14,29.87,18.06,27.09,0.47,8.16,4.79,24.97,29.87,29.87,人气Top10；当日涨停附近；收在日内高位；温和放量；近5日趋势升温；站上20日线且不过热；持续霸榜；v1每日精选入选,热度可能进入后段,v1
2026-04-30,000066,中国长城,7,强推观察,104.0,31,9.99,9.99,9.99,-10.14,29.87,16.5,27.95,5.92,16.33,4.54,23.21,29.87,29.87,人气Top10；当日涨停附近；收在日内高位；温和放量；近5日趋势升温；站上20日线且不过热；持续霸榜；人气排名明显上升；v1每日精选入选,热度可能进入后段,v1
2026-04-30,002156,通富微电,57,不推送,50.0,31,9.85,9.85,9.85,29.84,29.84,10.26,14.74,0.37,4.45,13.54,17.29,20.05,20.05,当日上涨；温和放量；近5日趋势升温；站上20日线且不过热；连续上榜确认,-,v1
2026-05-06,002156,通富微电,12,观察池,70.0,31,9.85,9.85,9.85,29.84,29.84,10.26,14.74,0.37,4.45,13.54,17.29,20.05,20.05,人气Top20；当日上涨；温和放量；近5日趋势升温；站上20日线且不过热；连续上榜确认；人气排名明显上升,v1每日精选未入前5,v1
2026-05-28,002552,宝鼎科技,53,不推送,47.0,14,-1.4,3.81,7.36,29.83,29.83,9.36,6.15,10.91,7.66,-3.98,13.31,13.31,19.97,当日涨停附近；收在日内高位；温和放量；连续上榜确认；人气排名明显上升；市场强势且个股相对强势；收盘强势，次日确认,短线涨幅过热；远离20日线过多；次日高开或一字风险,v1
2026-04-28,002342,巨力索具,80,不推送,4.0,33,-1.95,2.22,4.38,-44.48,29.82,8.77,19.59,10.93,21.96,5.09,11.42,29.82,29.82,站上20日线且不过热；持续霸榜,近5日趋势未确认；热度可能进入后段；人气排名明显回落,v1
2026-05-28,000657,中钨高新,71,不推送,59.0,14,0.0,-1.41,2.89,29.81,29.81,-3.57,7.77,-3.57,7.77,13.02,2.89,8.47,15.41,当日上涨；收盘承接较强；温和放量；近5日趋势升温；站上20日线且不过热；人气排名明显上升；市场强势且个股相对强势,-,v1
2026-05-21,603601,再升科技,23,观察池,71.5,19,-2.1,6.4,6.46,-12.97,29.8,10.76,29.8,13.13,32.58,-14.13,14.57,29.8,29.8,人气Top50；当日上涨；收在日内高位；温和放量；近5日趋势升温；站上20日线且不过热；人气排名明显上升；弱市中个股相对抗跌,v1每日精选未入前5,v1
2026-05-29,600176,中国巨石,73,不推送,22.88,13,-1.92,-8.98,-1.05,29.69,29.69,-9.95,-12.21,-8.19,-10.49,-1.16,-1.05,-1.05,4.89,温和放量；近5日趋势升温；站上20日线且不过热；连续上榜确认；v2热点回踩观察,当日转弱；收盘承接偏弱；人气排名明显回落；弱市先收缩执行；后段人气股在偏弱环境里更谨慎,v1
2026-05-14,603629,利通电子,33,不推送,6.5,24,-0.32,-0.23,6.51,-3.15,29.69,2.29,5.4,2.61,5.74,29.13,6.51,6.51,29.69,人气Top50；温和放量；近5日趋势升温；持续霸榜,当日转弱；收盘承接偏弱；偏离20日线较大；热度可能进入后段；弱市先收缩执行；弱市里的长连榜样本优先降权,v1
2026-05-21,601138,工业富联,28,不推送,0.0,19,0.93,2.53,3.3,10.9,29.69,6.84,14.5,5.85,13.45,19.92,8.09,16.46,29.69,人气Top50；持续霸榜,当日转弱；收盘承接偏弱；近5日趋势未确认；热度可能进入后段；弱市先收缩执行；弱市里的长连榜样本优先降权；市场健康度不足，收缩推送；市场健康度偏弱,v1
2026-05-19,000767,晋控电力,87,不推送,35.12,21,-3.73,-10.02,-2.95,-1.77,29.67,-7.27,-2.16,-3.67,1.63,20.04,-2.95,2.16,29.67,温和放量；近5日趋势升温；站上20日线且不过热；持续霸榜；震荡市里保持相对强势,热度可能进入后段；人气排名明显回落；后段人气股在偏弱环境里更谨慎,v1
2026-04-27,600330,天通股份,45,不推送,26.0,34,-1.5,-3.65,1.75,21.85,29.65,1.71,2.04,3.26,3.59,19.62,2.95,6.49,29.65,人气Top50；当日上涨；温和放量；近5日趋势升温；人气排名明显上升,收盘承接偏弱；偏离20日线较大；上影线偏长,v1
2026-04-20,600961,株冶集团,80,不推送,35.0,22,10.0,10.0,10.0,12.92,29.63,20.0,19.59,9.09,8.72,21.23,23.25,29.63,29.63,当日涨停附近；收在日内高位；近5日强势延续；连续上榜确认,量能不足；短线涨幅偏高；偏离20日线较大；一字或近似一字，参与点差,v1
2026-05-14,600498,烽火通信,77,不推送,8.88,24,-0.02,-8.25,1.2,29.59,29.59,-4.33,-8.67,-4.31,-8.65,-14.23,1.2,3.06,3.06,温和放量；近5日趋势升温；站上20日线且不过热；人气排名明显上升,当日转弱；收盘承接偏弱；弱市先收缩执行；后段人气股在偏弱环境里更谨慎,v1
2026-06-03,600869,远东股份,41,观察池,65.25,10,-1.49,-1.49,1.3,23.64,29.59,2.04,17.29,3.58,19.06,23.64,8.36,18.44,29.59,人气Top50；当日上涨；温和放量；近5日强势延续；站上20日线且不过热；连续上榜确认；人气排名明显上升；震荡市里保持相对强势；v2连榜升温修正,短线涨幅偏高；v1每日精选未入前5,v1
2026-05-25,300433,蓝思科技,55,不推送,19.0,17,-1.29,-2.63,-0.4,29.58,29.58,1.8,5.85,3.13,7.23,7.89,5.52,8.5,20.93,温和放量；站上20日线且不过热；持续霸榜；市场强势且个股相对强势,热度可能进入后段；人气排名明显回落；上影线偏长,v1
2026-04-16,002565,顺灏股份,63,不推送,36.0,41,0.62,6.59,9.24,-23.44,29.52,25.75,11.32,24.97,10.64,7.15,25.75,29.52,29.52,收盘承接较强；温和放量；站上20日线且不过热；连续上榜确认,人气排名明显回落,v1
2026-04-23,001267,汇绿生态,47,观察池,80.0,36,1.65,-1.34,5.24,7.93,29.5,1.59,5.85,-0.06,4.13,26.14,6.4,11.23,29.5,人气Top50；当日涨停附近；收在日内高位；温和放量；近5日趋势升温；站上20日线且不过热,v1每日精选未入前5,v1
2026-05-21,000021,深科技,52,不推送,8.88,19,2.35,3.76,4.45,18.7,29.49,17.65,17.37,14.95,14.68,9.16,24.23,29.49,29.49,温和放量；近5日趋势升温；站上20日线且不过热；连续上榜确认,当日转弱；收盘承接偏弱；人气排名明显回落；弱市先收缩执行；后段人气股在偏弱环境里更谨慎,v1
2026-04-15,002418,康盛股份,59,不推送,20.0,42,0.0,2.36,4.73,-23.09,29.45,23.82,22.55,23.82,22.55,6.55,23.82,28.73,29.45,温和放量；近5日趋势升温；站上20日线且不过热；连续上榜确认,当日转弱；收盘承接偏弱,v1
2026-05-11,001896,豫能控股,95,不推送,5.75,27,0.0,1.01,3.87,29.45,29.45,0.06,-12.43,0.06,-12.43,0.65,15.41,15.41,15.41,温和放量；站上20日线且不过热；连续上榜确认,收盘承接偏弱；近5日趋势未确认；上影线偏长；强势市里个股相对走弱,v1
2026-05-25,002185,华天科技,11,观察池,101.0,17,10.03,10.03,10.03,12.39,29.44,26.67,8.61,15.12,-1.29,-1.0,29.44,29.44,29.44,人气Top20；当日涨停附近；收在日内高位；近5日趋势升温；站上20日线且不过热；持续霸榜；人气排名明显上升；市场强势且个股相对强势；v2强势延续修正；v2低分涨停修正；收盘强势，次日确认,热度可能进入后段；次日高开或一字风险；v1每日精选未入前5,v1
2026-05-11,002185,华天科技,14,重点观察,89.0,27,0.41,-2.11,0.41,29.42,29.42,-3.26,-0.34,-3.65,-0.74,15.15,0.95,2.11,15.15,人气Top20；当日强涨；收在日内高位；温和放量；近5日趋势升温；站上20日线且不过热；人气排名明显上升；市场强势且个股相对强势；v1每日精选入选,-,v1
2026-04-30,300136,信维通信,50,观察池,66.0,31,0.71,6.44,9.91,15.62,29.38,10.95,19.66,10.17,18.81,21.52,13.67,29.38,29.38,人气Top50；当日上涨；收在日内高位；温和放量；近5日趋势升温；站上20日线且不过热,v1每日精选未入前5,v1
2026-05-14,001896,豫能控股,41,不推送,2.0,24,-4.82,-9.69,-3.09,29.37,29.37,-3.75,-2.68,1.12,2.25,-6.72,-3.09,-1.07,2.85,人气Top50；温和放量；站上20日线且不过热；持续霸榜；人气排名明显上升,当日转弱；收盘承接偏弱；热度可能进入后段；弱市先收缩执行；弱市里的长连榜样本优先降权；市场健康度不足，收缩推送；市场健康度偏弱,v1
2026-06-10,001696,宗申动力,21,不推送,48.5,5,-0.27,10.13,10.13,28.49,29.28,21.22,28.49,21.54,28.83,,22.28,29.28,,人气Top50；当日强涨；收盘承接较强；近5日强势延续；站上20日线且不过热；连续上榜确认；人气排名明显上升；弱市中个股相对抗跌,放量过猛；短线涨幅偏高,v1
2026-04-29,002498,汉缆股份,73,观察池,60.0,32,0.0,-3.33,0.55,-16.08,29.27,2.55,0.44,2.55,0.44,6.54,3.66,3.66,29.27,当日涨停附近；收在日内高位；温和放量；站上20日线且不过热,v1每日精选未入前5,v1
2026-04-15,002990,盛视科技,61,不推送,57.0,41,0.5,9.76,9.76,29.21,29.21,16.12,15.01,15.55,14.44,15.98,28.12,28.12,28.26,当日涨停附近；收在日内高位；放量仍可控；近5日强势延续；连续上榜确认,短线涨幅偏高；偏离20日线较大,v1
2026-04-15,002361,神剑股份,15,强推观察,100.0,42,-0.22,3.88,9.98,-15.75,29.18,11.27,27.56,11.51,27.84,8.14,11.27,29.18,29.18,人气Top20；当日涨停附近；收在日内高位；温和放量；近5日趋势升温；站上20日线且不过热；连续上榜确认；人气排名明显上升；v1每日精选入选,-,v1
2026-04-29,601016,节能风电,41,不推送,14.0,32,-1.32,-6.58,-0.44,-12.5,29.17,9.43,12.28,10.89,13.78,9.43,11.4,15.35,29.17,人气Top50；近5日趋势升温；站上20日线且不过热；持续霸榜；人气排名明显上升,当日转弱；收盘承接偏弱；热度可能进入后段,v1
2026-04-22,600330,天通股份,28,观察池,75.0,37,4.29,-1.04,6.42,29.15,29.15,5.99,-0.81,1.63,-4.89,24.0,10.09,10.09,24.0,人气Top50；当日涨停附近；收在日内高位；温和放量；近5日强势延续；连续上榜确认；人气排名明显上升,短线涨幅偏高；偏离20日线较大；v1每日精选未入前5,v1
2026-05-11,603459,红板科技,71,观察池,30.0,27,10.0,4.53,10.0,0.17,29.15,-4.04,1.0,-12.77,-8.19,21.47,12.03,12.03,29.15,当日涨停附近；收在日内高位；近5日强势延续；市场强势且个股相对强势,量能不足；短线涨幅偏高；偏离20日线较大；一字或近似一字，参与点差；一字板不可买,v1
2026-06-10,000657,中钨高新,40,不推送,28.0,5,-0.14,6.93,9.19,22.81,29.14,19.2,22.81,19.37,22.98,,19.2,29.14,,人气Top50；温和放量；站上20日线且不过热；人气排名明显上升,弱市先收缩执行,v1
2026-05-13,002156,通富微电,56,不推送,57.0,25,0.12,-5.69,0.56,10.6,29.12,-4.59,2.34,-4.7,2.22,17.54,0.56,4.9,29.12,收在日内高位；温和放量；近5日趋势升温；站上20日线且不过热；持续霸榜；市场强势且个股相对强势,热度可能进入后段,v1
2026-05-12,002156,通富微电,55,不推送,15.0,26,-2.68,2.32,2.56,13.16,29.09,-4.14,-1.04,-1.5,1.68,26.78,2.9,2.9,29.09,温和放量；近5日趋势升温；站上20日线且不过热；持续霸榜；市场强势且个股相对强势,当日转弱；收盘承接偏弱；热度可能进入后段；人气排名明显回落,v1
2026-04-20,000890,法尔胜,44,不推送,58.0,39,-3.47,7.68,9.23,-32.69,29.08,23.69,21.85,28.13,26.22,11.66,23.69,29.0,29.08,人气Top50；当日强涨；收在日内高位；温和放量；人气排名明显上升,-,v1
2026-04-28,600726,华电能源,5,观察池,78.0,33,-1.0,1.14,8.69,18.23,29.06,-1.42,6.98,-0.43,8.06,8.55,8.69,16.95,29.06,人气Top10；当日涨停附近；收在日内高位；温和放量；连续上榜确认；人气排名明显上升,短线涨幅过热；偏离20日线较大；v1每日精选未入前5,v1
2026-05-28,600206,有研新材,65,观察池,79.0,14,0.19,-7.91,2.14,29.02,29.02,-9.95,-4.83,-10.13,-5.02,11.02,2.14,2.14,13.81,当日涨停附近；收在日内高位；温和放量；近5日趋势升温；站上20日线且不过热；人气排名明显上升；市场强势且个股相对强势；收盘强势，次日确认,次日高开或一字风险；v1每日精选未入前5,v1
2026-04-16,688525,佰维存储,88,不推送,23.0,41,-4.78,-5.62,-3.07,29.01,29.01,-3.78,-7.85,1.05,-3.22,-7.57,-3.07,2.86,2.86,温和放量；近5日强势延续；站上20日线且不过热,短线涨幅偏高；人气排名明显回落,v1
2026-05-20,600578,京能电力,18,不推送,7.25,20,-9.76,5.01,5.01,2.95,29.01,16.05,24.52,28.59,37.98,19.9,16.05,26.96,29.01,人气Top20；近5日强势延续；连续上榜确认；震荡市里保持相对强势,当日转弱；收盘承接偏弱；短线涨幅偏高；偏离20日线较大,v1
2026-04-28,600703,三安光电,86,不推送,0.0,33,-1.36,-0.36,2.0,22.66,28.95,4.93,9.22,6.38,10.72,15.51,7.51,10.44,28.95,站上20日线且不过热；持续霸榜,当日转弱；收盘承接偏弱；热度可能进入后段,v1
2026-04-24,600488,津药药业,57,不推送,0.0,35,-8.5,-8.17,-5.23,-24.84,28.92,-4.25,-3.59,4.64,5.36,17.65,2.45,2.45,28.92,温和放量,当日转弱；收盘承接偏弱,v1
2026-05-29,600183,生益科技,20,不推送,41.5,13,0.0,-3.57,5.21,28.84,28.84,0.34,-1.76,0.34,-1.76,8.2,5.21,5.21,16.31,人气Top20；当日上涨；温和放量；近5日强势延续；持续霸榜；人气排名明显上升,短线涨幅偏高；偏离20日线较大；热度可能进入后段；弱市先收缩执行；弱市里的长连榜样本优先降权,v1
2026-04-30,000925,众合科技,79,不推送,24.0,31,3.16,8.81,9.68,-9.9,28.84,6.86,17.08,3.59,13.5,-3.59,11.53,17.08,28.84,温和放量；近5日趋势升温；站上20日线且不过热；连续上榜确认；人气排名明显上升,当日转弱；收盘承接偏弱,v1
2026-05-19,600396,华电辽能,11,不推送,46.25,21,-3.72,-9.97,-3.72,10.22,28.79,-9.85,4.52,-6.37,8.55,20.12,-3.72,8.98,28.79,人气Top20；温和放量；近5日趋势升温；持续霸榜；震荡市里保持相对强势,偏离20日线较大；热度可能进入后段,v1
2026-04-24,600105,永鼎股份,29,不推送,18.0,35,1.84,-1.0,2.84,28.73,28.73,-11.61,-10.88,-13.2,-12.48,5.73,2.84,2.84,14.22,人气Top50；温和放量；近5日趋势升温；持续霸榜,收盘承接偏弱；偏离20日线较大；热度可能进入后段；上影线偏长,v1
2026-05-28,605006,山东玻纤,60,不推送,56.0,14,-0.99,-9.31,-0.99,28.71,28.71,-16.58,-8.76,-15.75,-7.85,10.2,-0.99,-0.99,11.68,当日强涨；收在日内高位；温和放量；近5日强势延续；连续上榜确认；市场强势且个股相对强势,短线涨幅偏高；偏离20日线较大；人气排名明显回落,v1
2026-04-24,000925,众合科技,47,重点观察,80.0,35,10.0,10.0,10.0,-10.0,28.7,6.09,8.7,-3.56,-1.19,28.7,16.74,16.74,28.7,人气Top50；当日涨停附近；收在日内高位；温和放量；近5日趋势升温；站上20日线且不过热；v1每日精选入选,-,v1
2026-05-27,601991,大唐发电,4,观察池,79.38,15,0.26,3.76,6.61,18.42,28.66,8.56,18.03,8.28,17.72,0.65,14.01,28.66,28.66,人气Top10；当日强涨；收盘承接较强；温和放量；站上20日线且不过热；持续霸榜；震荡市里保持相对强势；震荡市里承接未失控,热度可能进入后段；v1每日精选未入前5,v1
2026-04-21,000539,粤电力A,39,重点观察,80.0,38,6.26,2.5,7.98,28.64,28.64,2.66,13.77,-3.39,7.07,10.95,12.83,17.21,17.21,人气Top50；当日涨停附近；收在日内高位；温和放量；近5日趋势升温；站上20日线且不过热；v1每日精选入选,-,v1
2026-04-17,600703,三安光电,3,强推观察,100.0,40,1.2,2.32,4.35,28.64,28.64,11.99,13.27,10.67,11.93,10.04,11.99,20.39,20.39,人气Top3；当日涨停附近；收在日内高位；放量仍可控；近5日趋势升温；站上20日线且不过热；人气排名明显上升；v1每日精选入选,-,v1
2026-06-05,002747,埃斯顿,80,不推送,30.88,8,-2.0,9.99,9.99,6.96,28.63,15.41,3.87,17.76,5.99,,28.63,28.63,,当日上涨；温和放量；近5日趋势升温；站上20日线且不过热,人气排名明显回落；弱市先收缩执行；后段人气股在偏弱环境里更谨慎,v1
2026-04-16,000973,佛塑科技,86,不推送,0.0,41,-0.12,6.54,9.25,-8.44,28.63,2.78,-0.17,2.9,-0.06,21.34,9.25,9.25,28.63,温和放量；连续上榜确认,当日转弱；收盘承接偏弱；近5日趋势未确认；人气排名明显回落,v1
2026-06-02,600522,中天科技,7,观察池,95.0,11,2.33,4.87,9.54,28.03,28.61,7.41,27.02,4.97,24.13,26.25,15.11,27.02,28.61,人气Top10；当日强涨；收盘承接较强；温和放量；近5日趋势升温；站上20日线且不过热；持续霸榜；人气排名明显上升；市场强势且个股相对强势,热度可能进入后段；v1每日精选未入前5,v1
2026-05-12,002407,多氟多,63,不推送,0.0,26,0.0,-0.23,0.76,12.72,28.6,6.3,8.38,6.3,8.38,6.3,6.3,15.79,28.6,站上20日线且不过热,当日转弱；收盘承接偏弱；近5日趋势未确认；人气排名明显回落；强势市里个股相对走弱,v1
2026-05-19,605358,立昂微,22,收盘强势观察,93.38,21,1.31,1.11,4.71,28.6,28.6,-5.33,-4.3,-6.55,-5.53,-2.41,4.71,4.71,10.75,人气Top50；当日涨停附近；收在日内高位；温和放量；近5日趋势升温；站上20日线且不过热；震荡市里保持相对强势；震荡市里承接未失控；v2强势延续修正；收盘强势，次日确认；v1每日精选入选,次日高开或一字风险,v1
2026-04-29,001896,豫能控股,28,观察池,60.0,32,-4.31,-9.98,-3.72,28.53,28.53,-1.0,-0.71,3.46,3.77,-13.05,0.41,3.72,14.59,人气Top50；当日强涨；收盘承接较强；温和放量；站上20日线且不过热；持续霸榜；人气排名明显上升,近5日趋势未确认；热度可能进入后段；v1每日精选未入前5,v1
2026-04-10,601138,工业富联,12,不推送,50.0,45,-0.92,-1.45,0.05,28.52,28.52,2.3,7.87,3.25,8.87,15.02,6.1,8.28,22.26,人气Top20；温和放量；近5日趋势升温；站上20日线且不过热,-,v1
2026-05-22,002463,沪电股份,28,观察池,97.0,18,6.09,7.43,8.55,28.47,28.47,12.47,15.75,6.01,9.11,16.79,18.16,21.74,25.17,人气Top50；当日涨停附近；收在日内高位；温和放量；近5日趋势升温；站上20日线且不过热；人气排名明显上升；市场强势且个股相对强势；v2强势延续修正；收盘强势，次日确认,次日高开或一字风险；v1每日精选未入前5,v1
2026-05-25,000725,京东方A,3,观察池,70.0,17,-0.95,9.49,10.06,27.32,28.46,7.78,1.71,8.81,2.68,19.35,15.56,15.56,28.46,人气Top3；放量仍可控；近5日强势延续；站上20日线且不过热；连续上榜确认；市场强势且个股相对强势；v2连榜升温修正,短线涨幅偏高；v1每日精选未入前5,v1
2026-04-14,688525,佰维存储,49,观察池,71.0,43,0.73,-0.93,1.42,28.43,28.43,-6.05,-4.21,-6.73,-4.9,-9.48,1.42,1.42,2.39,人气Top50；当日涨停附近；收盘承接较强；温和放量；近5日强势延续；站上20日线且不过热；人气排名明显上升,短线涨幅偏高；v1每日精选未入前5,v1
2026-04-15,601869,长飞光纤,64,不推送,0.0,42,-2.4,2.76,4.03,28.41,28.41,7.36,14.89,10.0,17.71,3.32,12.09,16.55,17.92,站上20日线且不过热；连续上榜确认,当日转弱；收盘承接偏弱；近5日趋势未确认,v1
2026-04-22,002217,合力泰,29,不推送,40.0,37,-1.02,-5.46,1.37,-9.22,28.33,1.02,4.78,2.07,5.86,21.84,1.37,11.26,28.33,人气Top50；温和放量；近5日趋势升温；站上20日线且不过热；连续上榜确认,当日转弱,v1
2026-06-12,002436,兴森科技,79,不推送,1.12,3,1.06,6.06,6.16,26.46,28.33,26.46,,25.13,,,28.33,,,温和放量；站上20日线且不过热；震荡市里保持相对强势,收盘承接偏弱；近5日趋势未确认；上影线偏长；后段人气股在偏弱环境里更谨慎,v1
2026-06-11,601958,金钼股份,84,不推送,46.38,4,10.0,10.0,10.0,22.72,28.28,24.48,,13.17,,,28.28,,,当日涨停附近；收在日内高位；站上20日线且不过热；弱市中个股相对抗跌；收盘强势，次日确认,后段人气股在偏弱环境里更谨慎；次日高开或一字风险,v1
2026-05-08,002008,大族激光,63,观察池,63.0,28,2.0,10.02,10.02,11.47,28.26,21.39,17.43,19.01,15.12,20.04,21.39,28.26,28.26,当日强涨；收在日内高位；温和放量；近5日趋势升温；连续上榜确认；市场强势且个股相对强势,偏离20日线较大；人气排名明显回落；v1每日精选未入前5,v1
2026-04-24,600152,维科技术,76,不推送,46.0,35,3.63,10.03,10.03,-14.58,28.24,11.88,16.44,7.97,12.36,13.27,21.06,21.06,28.24,当日涨停附近；收在日内高位；站上20日线且不过热；人气排名明显上升,近5日趋势未确认,v1
2026-04-30,301599,理奇智能,6,不推送,48.0,14,0.45,12.47,28.21,2.58,28.21,4.73,5.85,4.26,5.38,12.66,28.21,28.21,28.21,人气Top10；收在日内高位；站上20日线且不过热,-,v1
2026-05-06,301599,理奇智能,87,不推送,28.0,14,0.45,12.47,28.21,2.58,28.21,4.73,5.85,4.26,5.38,12.66,28.21,28.21,28.21,收在日内高位；站上20日线且不过热；连续上榜确认,人气排名明显回落,v1
2026-05-06,000818,航锦科技,90,不推送,0.0,14,2.15,9.99,9.99,6.66,28.2,22.85,13.97,20.26,11.57,7.77,28.2,28.2,28.2,温和放量,当日转弱；收盘承接偏弱,v1
2026-05-15,002617,露笑科技,18,不推送,44.25,23,8.49,7.55,10.61,7.67,28.18,12.15,7.9,3.37,-0.54,8.84,14.27,14.27,28.18,人气Top20；当日上涨；放量仍可控；近5日趋势升温；站上20日线且不过热；连续上榜确认；震荡市里保持相对强势,收盘承接偏弱；上影线偏长,v1
2026-05-14,000988,华工科技,64,不推送,0.0,24,0.51,-2.49,4.07,24.32,28.18,15.31,12.07,14.73,11.51,20.58,16.25,24.41,28.18,温和放量；站上20日线且不过热；持续霸榜,当日转弱；收盘承接偏弱；热度可能进入后段；弱市先收缩执行；后段人气股在偏弱环境里更谨慎；弱市里的长连榜样本优先降权；市场健康度不足，收缩推送；市场健康度偏弱,v1
2026-05-12,001896,豫能控股,64,不推送,49.0,26,0.0,4.59,9.95,28.15,28.15,-10.54,-4.65,-10.54,-4.65,-2.53,14.25,14.25,14.25,温和放量；近5日趋势升温；站上20日线且不过热；连续上榜确认；人气排名明显上升；市场强势且个股相对强势,-,v1
2026-05-07,000988,华工科技,18,观察池,97.0,29,-2.03,2.39,2.55,27.96,28.05,8.0,2.93,10.24,5.06,15.35,12.76,12.76,28.05,人气Top20；当日上涨；收在日内高位；温和放量；近5日趋势升温；站上20日线且不过热；连续上榜确认；人气排名明显上升；市场强势且个股相对强势；v2连榜升温修正,v1每日精选未入前5,v1
2026-06-08,600378,昊华科技,21,观察池,63.5,7,0.76,5.18,6.86,28.04,28.04,27.43,12.92,26.47,12.07,,27.43,27.43,,人气Top50；当日强涨；收盘承接较强；温和放量；近5日趋势升温；人气排名明显上升；弱市中个股相对抗跌,偏离20日线较大；v1每日精选未入前5,v1
2026-05-25,600522,中天科技,18,不推送,13.75,17,-2.08,-5.62,-1.96,28.03,28.03,-5.53,-8.16,-3.52,-6.21,15.48,-1.96,1.66,18.16,人气Top20；温和放量；站上20日线且不过热；持续霸榜,当日转弱；收盘承接偏弱；近5日趋势未确认；热度可能进入后段；强势市里个股相对走弱,v1
2026-05-27,600759,ST洲际,23,不推送,27.38,15,0.8,5.2,5.2,-3.2,28.0,16.0,19.6,15.08,18.65,0.8,16.0,28.0,28.0,人气Top50；收盘承接较强；温和放量；持续霸榜；震荡市里保持相对强势；震荡市里承接未失控,近5日趋势未确认；仍在20日线下方；热度可能进入后段,v1
2026-06-12,603773,沃格光电,1,不推送,22.75,3,-0.99,5.78,7.0,27.99,27.99,27.99,,29.27,,,27.99,,,人气Top3；温和放量；站上20日线且不过热；持续霸榜；人气排名明显上升,当日转弱；收盘承接偏弱；近5日趋势未确认；热度可能进入后段；震荡市里相对走弱；市场健康度不足，收缩推送；Top3高热度拥挤，次日兑现风险,v1
2026-05-06,600821,金开新能,69,不推送,0.0,31,0.0,10.0,10.0,-14.49,27.95,12.56,15.38,12.56,15.38,11.92,15.0,17.56,27.95,温和放量；连续上榜确认,当日转弱；收盘承接偏弱；近5日趋势未确认；仍在20日线下方,v1
2026-04-30,600821,金开新能,55,不推送,0.0,31,0.0,10.0,10.0,-14.49,27.95,12.56,15.38,12.56,15.38,11.92,15.0,17.56,27.95,温和放量；连续上榜确认,当日转弱；收盘承接偏弱；近5日趋势未确认；仍在20日线下方；人气排名明显回落,v1
2026-06-12,600549,厦门钨业,33,不推送,30.25,3,2.01,10.0,10.0,24.75,27.92,24.75,,22.3,,,27.92,,,人气Top50；温和放量；近5日趋势升温；站上20日线且不过热；连续上榜确认；震荡市里保持相对强势,当日转弱；收盘承接偏弱,v1
2026-05-12,603618,杭电股份,81,不推送,42.0,26,-4.18,-2.52,1.95,27.89,27.89,-10.01,-4.3,-6.09,-0.13,-13.08,1.95,1.95,10.01,当日强涨；收盘承接较强；温和放量；近5日强势延续；市场强势且个股相对强势,短线涨幅偏高；偏离20日线较大；人气排名明显回落,v1
2026-06-01,002951,金时科技,75,观察池,72.38,12,-0.98,10.0,10.0,-16.65,27.78,27.78,3.51,29.05,4.53,-15.82,27.78,27.78,27.78,当日涨停附近；收在日内高位；温和放量；近5日趋势升温；站上20日线且不过热；弱市中个股相对抗跌；收盘强势，次日确认,后段人气股在偏弱环境里更谨慎；次日高开或一字风险；v1每日精选未入前5,v1
2026-05-11,603629,利通电子,34,不推送,33.0,27,0.0,-3.57,4.0,1.36,27.75,4.66,7.22,4.66,7.22,24.06,9.86,11.47,27.75,人气Top50；温和放量；近5日趋势升温；连续上榜确认；市场强势且个股相对强势,当日转弱；偏离20日线较大,v1
2026-04-17,002361,神剑股份,4,不推送,40.0,40,0.53,10.03,10.03,-16.69,27.73,26.13,14.45,25.46,13.85,13.12,27.73,27.73,27.73,人气Top10；温和放量；近5日趋势升温；站上20日线且不过热；持续霸榜,当日转弱；收盘承接偏弱；热度可能进入后段,v1
2026-06-04,600549,厦门钨业,40,观察池,69.38,9,-1.15,-3.16,3.43,27.65,27.65,0.32,6.49,1.49,7.73,,3.43,8.32,,人气Top50；当日上涨；收在日内高位；温和放量；近5日趋势升温；站上20日线且不过热；震荡市里保持相对强势；震荡市里承接未失控,v1每日精选未入前5,v1
2026-05-27,600745,*ST闻泰,20,不推送,47.38,15,5.01,5.01,5.01,-5.28,27.63,15.73,15.47,10.21,9.95,0.69,15.73,27.63,27.63,人气Top20；当日上涨；收在日内高位；近5日趋势升温；持续霸榜；人气排名明显上升；震荡市里保持相对强势；震荡市里承接未失控,量能不足；仍在20日线下方；热度可能进入后段,v1
2026-05-22,603618,杭电股份,74,不推送,15.0,18,0.0,-6.37,0.0,27.63,27.63,-11.67,5.38,-11.67,5.38,2.91,0.0,5.38,14.58,温和放量；近5日趋势升温；站上20日线且不过热；市场强势且个股相对强势,收盘承接偏弱；人气排名明显回落；上影线偏长,v1
2026-04-29,600726,华电能源,29,不推送,6.0,32,-0.28,-7.18,0.99,16.9,27.61,7.18,9.86,7.49,10.17,-1.69,7.18,15.63,27.61,人气Top50；温和放量；持续霸榜,短线涨幅过热；偏离20日线较大；热度可能进入后段；人气排名明显回落；上影线偏长,v1
2026-06-11,600500,中化国际,51,观察池,37.88,4,9.57,9.99,9.99,27.6,27.6,25.66,,14.68,,,25.66,,,当日涨停附近；收在日内高位；近5日强势延续；站上20日线且不过热,短线涨幅偏高；一字或近似一字，参与点差；弱市先收缩执行；后段人气股在偏弱环境里更谨慎；一字板不可买,v1
2026-05-29,002579,中京电子,22,不推送,9.0,13,1.22,10.03,10.03,7.7,27.58,13.41,8.98,12.04,7.66,-11.95,27.58,27.58,27.58,人气Top50；放量仍可控；近5日强势延续；站上20日线且不过热；连续上榜确认,当日转弱；收盘承接偏弱；短线涨幅偏高；弱市先收缩执行,v1
2026-06-08,920206,彩客科技,94,不推送,0.0,7,-1.21,12.37,27.56,-19.75,27.56,-13.35,-24.7,-12.29,-23.78,,27.56,27.56,,站上20日线且不过热,收盘承接偏弱；弱市先收缩执行；后段人气股在偏弱环境里更谨慎；市场健康度不足，收缩推送；市场健康度偏弱,v1
2026-06-11,600353,旭光电子,38,收盘强势观察,117.5,4,3.54,-4.18,7.78,27.56,27.56,15.97,,12.0,,,15.97,,,人气Top50；当日涨停附近；收在日内高位；温和放量；近5日趋势升温；站上20日线且不过热；连续上榜确认；人气排名明显上升；弱市中个股相对抗跌；v2强势延续修正；v2连榜升温修正；v2低分涨停修正；收盘强势，次日确认；v1每日精选入选,次日高开或一字风险,v1
2026-04-16,001896,豫能控股,35,不推送,43.0,41,1.29,0.12,6.04,27.55,27.55,0.23,5.33,-1.04,3.99,-10.67,10.49,10.49,10.49,人气Top50；温和放量；近5日强势延续；站上20日线且不过热；连续上榜确认,短线涨幅偏高,v1
2026-04-28,000547,航天发展,40,不推送,0.0,32,0.0,2.38,3.15,-15.06,27.53,6.17,17.4,6.17,17.4,7.66,7.83,17.4,27.53,人气Top50；温和放量；连续上榜确认,当日转弱；收盘承接偏弱；近5日趋势未确认；仍在20日线下方；人气排名明显回落,v1
2026-05-28,603778,国晟科技,16,不推送,1.75,14,1.93,-2.22,3.22,-2.69,27.49,6.9,5.73,4.88,3.73,15.79,15.79,15.79,27.49,人气Top20；温和放量；持续霸榜；人气排名明显上升,当日转弱；收盘承接偏弱；近5日趋势未确认；仍在20日线下方；热度可能进入后段；强势市里个股相对走弱,v1
2026-04-22,002256,兆新股份,75,观察池,66.0,37,0.0,-1.11,0.89,-7.76,27.49,0.44,1.33,0.44,1.33,22.39,3.1,3.33,27.49,当日涨停附近；收在日内高位；放量仍可控；近5日趋势升温；站上20日线且不过热,v1每日精选未入前5,v1
2026-04-17,002149,西部材料,75,不推送,30.0,40,0.02,10.0,10.0,9.58,27.48,16.97,5.66,16.95,5.64,27.48,19.6,22.1,27.48,温和放量；近5日趋势升温；站上20日线且不过热,人气排名明显回落,v1
2026-04-29,002580,圣阳股份,24,不推送,24.0,32,-0.35,-3.92,2.03,-25.52,27.48,4.44,19.69,4.81,20.11,-7.66,8.92,26.4,27.48,人气Top50；温和放量；近5日趋势升温；站上20日线且不过热；持续霸榜,当日转弱；收盘承接偏弱；热度可能进入后段,v1
2026-04-30,600330,天通股份,27,观察池,72.0,31,-2.83,-3.16,-0.11,19.79,27.47,4.55,17.1,7.6,20.52,5.7,8.25,21.91,27.47,人气Top50；当日强涨；收盘承接较强；温和放量；近5日趋势升温；站上20日线且不过热；人气排名明显上升,v1每日精选未入前5,v1
2026-05-06,600330,天通股份,93,观察池,64.0,31,-2.83,-3.16,-0.11,19.79,27.47,4.55,17.1,7.6,20.52,5.7,8.25,21.91,27.47,当日强涨；收盘承接较强；温和放量；近5日趋势升温；站上20日线且不过热；连续上榜确认,人气排名明显回落；v1每日精选未入前5,v1
2026-06-02,603399,永杉锂业,70,不推送,0.0,11,-5.81,-1.41,1.64,16.61,27.41,1.41,6.16,7.66,12.71,21.71,5.4,7.92,27.41,温和放量；连续上榜确认,当日转弱；收盘承接偏弱；近5日趋势未确认；仍在20日线下方；人气排名明显回落；强势市里个股相对走弱；市场健康度不足，收缩推送,v1
2026-04-17,001896,豫能控股,40,不推送,21.0,40,1.41,10.01,10.01,27.4,27.4,2.46,-1.93,1.04,-3.29,-3.98,10.36,10.36,10.36,人气Top50；温和放量；近5日强势延续；站上20日线且不过热；持续霸榜,收盘承接偏弱；短线涨幅偏高；热度可能进入后段；上影线偏长,v1
2026-06-02,600667,太极实业,16,收盘强势观察,127.0,11,0.4,-0.47,4.42,27.31,27.31,8.1,4.48,7.67,4.07,20.41,14.99,14.99,26.24,人气Top20；当日涨停附近；收在日内高位；温和放量；近5日趋势升温；站上20日线且不过热；连续上榜确认；人气排名明显上升；市场强势且个股相对强势；v2强势延续修正；v2连榜升温修正；v2低分涨停修正；收盘强势，次日确认；v1每日精选入选,次日高开或一字风险,v1
2026-06-08,600667,太极实业,57,不推送,7.38,7,3.75,4.48,5.82,27.31,27.31,17.2,16.0,12.97,11.81,,17.2,26.24,,温和放量；近5日趋势升温；站上20日线且不过热；持续霸榜,当日转弱；收盘承接偏弱；热度可能进入后段；弱市先收缩执行；后段人气股在偏弱环境里更谨慎；弱市里的长连榜样本优先降权,v1
2026-05-28,300433,蓝思科技,88,不推送,19.0,14,-0.82,0.67,2.66,27.29,27.29,2.49,8.48,3.33,9.37,6.09,6.89,16.33,18.79,温和放量；近5日趋势升温；站上20日线且不过热；连续上榜确认；市场强势且个股相对强势,当日转弱；收盘承接偏弱；人气排名明显回落,v1
2026-04-21,001896,豫能控股,21,不推送,24.0,38,-1.29,2.34,4.68,27.25,27.25,-2.05,-8.01,-0.77,-6.81,-4.04,7.95,7.95,7.95,人气Top50；温和放量；近5日趋势升温；站上20日线且不过热；持续霸榜,当日转弱；收盘承接偏弱；热度可能进入后段,v1
2026-05-21,002156,通富微电,37,不推送,16.5,19,0.08,2.72,4.18,8.98,27.24,22.1,12.35,22.0,12.26,15.27,24.32,27.24,27.24,人气Top50；温和放量；近5日趋势升温；站上20日线且不过热；持续霸榜,当日转弱；收盘承接偏弱；热度可能进入后段；弱市先收缩执行；弱市里的长连榜样本优先降权,v1
2026-06-01,920190,雷神科技,58,不推送,29.38,10,8.39,19.02,27.23,-20.52,27.23,1.88,-4.98,-6.01,-12.34,-20.52,27.23,27.23,27.23,当日涨停附近；收在日内高位；近5日强势延续；弱市中个股相对抗跌；收盘强势，次日确认,放量过猛；短线涨幅偏高；偏离20日线较大；后段人气股在偏弱环境里更谨慎；次日高开或一字风险,v1
2026-06-10,603002,宏昌电子,38,收盘强势观察,87.5,5,0.55,-1.92,1.32,27.19,27.19,5.1,27.19,4.53,26.5,,5.1,27.19,,人气Top50；当日涨停附近；收在日内高位；放量仍可控；近5日趋势升温；站上20日线且不过热；连续上榜确认；人气排名明显上升；弱市中个股相对抗跌；收盘强势，次日确认；v1每日精选入选,次日高开或一字风险,v1
2026-05-22,300308,中际旭创,49,不推送,51.0,18,1.64,5.3,5.49,22.94,27.17,7.07,11.87,5.34,10.06,13.68,10.5,16.57,27.17,人气Top50；当日上涨；收盘承接较强；温和放量；站上20日线且不过热；持续霸榜；市场强势且个股相对强势,近5日趋势未确认；热度可能进入后段,v1
2026-06-02,600105,永鼎股份,20,观察池,99.0,11,2.78,4.64,10.0,27.15,27.15,11.67,14.67,8.65,11.57,18.66,20.33,20.33,20.33,人气Top20；当日涨停附近；收在日内高位；温和放量；近5日趋势升温；站上20日线且不过热；持续霸榜；人气排名明显上升；市场强势且个股相对强势；收盘强势，次日确认,热度可能进入后段；次日高开或一字风险；v1每日精选未入前5,v1
2026-05-27,300433,蓝思科技,21,观察池,67.38,15,-1.19,-0.12,3.53,27.14,27.14,3.85,10.2,5.1,11.53,4.54,6.45,16.19,18.64,人气Top50；当日上涨；收盘承接较强；温和放量；近5日趋势升温；站上20日线且不过热；人气排名明显上升；震荡市里保持相对强势；震荡市里承接未失控,v1每日精选未入前5,v1
2026-06-02,605589,圣泉集团,78,观察池,81.0,11,-1.48,0.99,5.29,24.18,27.14,-2.66,0.97,-1.2,2.49,25.42,5.29,5.29,27.14,当日涨停附近；收在日内高位；温和放量；近5日趋势升温；站上20日线且不过热；市场强势且个股相对强势；v2低分涨停修正；收盘强势，次日确认,次日高开或一字风险；v1每日精选未入前5,v1
2026-04-17,002364,中恒电气,61,不推送,12.0,40,1.39,6.82,7.97,27.08,27.08,6.92,1.91,5.45,0.51,9.68,11.1,11.1,11.1,温和放量；近5日趋势升温；站上20日线且不过热；持续霸榜,当日转弱；收盘承接偏弱；热度可能进入后段；人气排名明显回落,v1
2026-05-07,600330,天通股份,68,不推送,41.0,29,-0.64,4.22,7.9,19.41,27.06,16.73,17.23,17.48,17.99,-1.72,21.52,27.06,27.06,当日上涨；温和放量；站上20日线且不过热；连续上榜确认；市场强势且个股相对强势,-,v1
2026-06-09,600186,莲花控股,7,收盘强势观察,123.0,6,-3.38,0.69,2.25,27.04,27.04,0.26,15.51,3.77,19.55,,12.22,15.51,,人气Top10；当日涨停附近；收在日内高位；温和放量；近5日趋势升温；站上20日线且不过热；连续上榜确认；市场强势且个股相对强势；v2强势延续修正；v2低分涨停修正；收盘强势，次日确认；v1每日精选入选,次日高开或一字风险,v1
2026-04-27,002217,合力泰,78,不推送,46.0,34,10.14,0.68,10.14,-10.14,27.03,-2.36,18.24,-11.35,7.36,13.51,10.14,18.24,27.03,当日涨停附近；收在日内高位；站上20日线且不过热,-,v1
2026-04-13,002051,中工国际,71,不推送,8.0,44,2.74,9.96,9.96,27.03,27.03,17.78,21.65,14.64,18.4,3.86,21.24,23.88,24.7,温和放量；站上20日线且不过热；连续上榜确认,当日转弱；收盘承接偏弱,v1
2026-05-08,002081,金螳螂,13,不推送,24.0,28,2.55,6.75,10.19,-28.49,26.99,16.19,15.74,13.3,12.87,-12.89,24.89,26.99,26.99,人气Top20；温和放量；近5日强势延续；连续上榜确认；市场强势且个股相对强势,当日转弱；短线涨幅偏高；远离20日线过多,v1
2026-05-25,600759,ST洲际,32,不推送,0.0,17,-4.76,-3.57,4.76,-3.97,26.98,4.37,15.08,9.58,20.83,10.71,4.76,15.08,26.98,人气Top50；收在日内高位；持续霸榜,当日转弱；量能不足；近5日趋势未确认；仍在20日线下方；热度可能进入后段；强势市里个股相对走弱,v1
2026-04-21,600156,华升股份,60,不推送,0.0,38,-4.6,3.17,5.92,-6.33,26.97,-6.95,3.58,-2.46,8.57,21.86,8.38,8.38,26.97,近5日强势延续；站上20日线且不过热；连续上榜确认,当日转弱；收盘承接偏弱；放量过猛；短线涨幅偏高；人气排名明显回落,v1
2026-04-29,002342,巨力索具,95,不推送,22.0,32,0.11,4.76,7.35,-45.71,26.93,16.98,17.25,16.86,17.12,-7.51,16.98,26.93,26.93,温和放量；站上20日线且不过热；持续霸榜,近5日趋势未确认；热度可能进入后段,v1
2026-05-19,600186,莲花控股,17,收盘强势观察,111.38,21,0.35,-4.58,2.51,26.82,26.82,1.64,14.1,1.29,13.71,-16.61,2.51,18.51,18.51,人气Top20；当日涨停附近；收在日内高位；温和放量；近5日趋势升温；站上20日线且不过热；人气排名明显上升；震荡市里保持相对强势；震荡市里承接未失控；v2强势延续修正；v2低分涨停修正；收盘强势，次日确认；v1每日精选入选,次日高开或一字风险,v1
2026-06-02,600160,巨化股份,92,不推送,49.0,10,-0.18,1.48,4.68,23.38,26.82,2.75,-1.35,2.94,-1.16,23.38,5.2,7.16,26.82,当日上涨；收盘承接较强；放量仍可控；近5日趋势升温；站上20日线且不过热；市场强势且个股相对强势,-,v1
2026-05-14,601991,大唐发电,1,不推送,0.0,24,-2.92,10.0,10.0,26.81,26.81,16.39,-2.08,19.89,0.86,11.11,20.0,20.0,20.0,人气Top3；近5日强势延续；持续霸榜,当日转弱；收盘承接偏弱；短线涨幅偏高；远离20日线过多；热度可能进入后段；弱市先收缩执行；弱市里的长连榜样本优先降权；Top3高热度拥挤，次日兑现风险,v1
2026-04-23,600736,苏州高新,33,不推送,55.0,36,9.92,1.55,10.04,-9.56,26.76,-6.57,-2.63,-15.0,-11.41,19.0,10.04,10.04,26.76,人气Top50；当日涨停附近；收在日内高位；近5日强势延续；连续上榜确认；人气排名明显上升,短线涨幅偏高；偏离20日线较大；一字或近似一字，参与点差,v1
2026-05-25,002081,金螳螂,72,不推送,0.0,17,-2.43,-6.08,-1.56,-17.19,26.74,-5.03,15.45,-2.67,18.33,-5.73,-1.56,15.45,26.74,温和放量；持续霸榜,当日转弱；近5日趋势未确认；仍在20日线下方；热度可能进入后段；强势市里个股相对走弱,v1
2026-04-23,603538,美诺华,16,观察池,80.0,36,-0.99,3.65,6.93,-31.95,26.71,8.23,12.44,9.31,13.56,-2.77,10.71,17.55,26.71,人气Top20；当日涨停附近；收在日内高位；温和放量；站上20日线且不过热；持续霸榜；人气排名明显上升,近5日趋势未确认；热度可能进入后段；v1每日精选未入前5,v1
2026-06-12,600186,莲花控股,31,不推送,22.25,3,0.26,4.75,5.45,26.71,26.71,26.71,,26.38,,,26.71,,,人气Top50；温和放量；近5日趋势升温；站上20日线且不过热；持续霸榜；震荡市里保持相对强势,当日转弱；收盘承接偏弱；热度可能进入后段；人气排名明显回落,v1
2026-05-06,601016,节能风电,16,观察池,64.0,30,3.66,7.31,9.25,-14.19,26.67,10.11,21.08,6.22,16.8,0.43,13.12,21.08,26.67,人气Top20；当日上涨；收盘承接较强；温和放量；站上20日线且不过热；持续霸榜；人气排名明显上升,热度可能进入后段；v1每日精选未入前5,v1
2026-04-27,601016,节能风电,37,观察池,68.0,34,-3.01,1.72,4.3,-14.19,26.67,-8.39,7.31,-5.54,10.64,9.68,4.3,9.25,26.67,人气Top50；当日上涨；收盘承接较强；温和放量；近5日趋势升温；站上20日线且不过热；连续上榜确认,v1每日精选未入前5,v1
2026-04-13,002124,天邦食品,52,不推送,58.0,44,0.77,10.04,10.04,-13.13,26.64,13.13,18.15,12.26,17.24,-3.86,21.24,26.64,26.64,当日涨停附近；收在日内高位；近5日趋势升温；站上20日线且不过热,-,v1
2026-05-21,002931,锋龙股份,48,观察池,67.5,19,1.6,9.99,9.99,26.62,26.62,10.93,-4.46,9.18,-5.97,-3.63,16.39,16.39,16.39,人气Top50；当日涨停附近；收在日内高位；放量仍可控；近5日趋势升温；弱市中个股相对抗跌；收盘强势，次日确认,次日高开或一字风险；v1每日精选未入前5,v1
2026-05-14,300502,新易盛,80,不推送,0.0,24,-0.15,-1.27,1.91,26.61,26.61,-7.36,-8.41,-7.23,-8.28,16.28,1.91,1.91,17.69,温和放量；近5日趋势升温；持续霸榜,当日转弱；收盘承接偏弱；仍在20日线下方；热度可能进入后段；人气排名明显回落；弱市先收缩执行；后段人气股在偏弱环境里更谨慎；弱市里的长连榜样本优先降权,v1
2026-04-23,002342,巨力索具,30,不推送,0.0,36,-1.0,0.42,6.54,-45.89,26.53,-2.58,4.43,-1.6,5.49,7.54,6.54,7.01,26.53,人气Top50；站上20日线且不过热；持续霸榜,当日转弱；收盘承接偏弱；热度可能进入后段,v1
2026-05-06,002580,圣阳股份,13,不推送,50.0,30,1.87,3.64,8.08,-26.09,26.51,18.77,20.61,16.59,18.39,-9.2,25.43,25.43,26.51,人气Top20；当日上涨；温和放量；站上20日线且不过热；持续霸榜,热度可能进入后段,v1
2026-04-27,002580,圣阳股份,1,观察池,64.0,34,-1.28,2.36,3.4,-26.09,26.51,-4.65,3.64,-3.41,4.99,8.54,3.96,8.08,26.51,人气Top3；当日上涨；温和放量；站上20日线且不过热；持续霸榜；人气排名明显上升,近5日趋势未确认；热度可能进入后段；v1每日精选未入前5,v1
2026-05-22,601138,工业富联,44,不推送,35.75,18,1.25,4.68,4.97,8.16,26.49,4.35,9.29,3.06,7.94,10.27,9.8,18.57,26.49,人气Top50；收盘承接较强；温和放量；站上20日线且不过热；持续霸榜,近5日趋势未确认；热度可能进入后段；市场健康度不足，收缩推送,v1
2026-06-10,600206,有研新材,20,收盘强势观察,97.5,5,0.59,6.2,8.87,23.42,26.49,10.27,23.42,9.62,22.7,,11.88,26.49,,人气Top20；当日涨停附近；收在日内高位；放量仍可控；近5日趋势升温；站上20日线且不过热；人气排名明显上升；弱市中个股相对抗跌；v2强势延续修正；收盘强势，次日确认；v1每日精选入选,次日高开或一字风险,v1
2026-05-20,002156,通富微电,23,不推送,48.25,20,3.0,-0.61,7.64,8.31,26.46,12.31,15.11,9.04,11.76,13.15,12.31,26.46,26.46,人气Top50；当日上涨；温和放量；站上20日线且不过热；持续霸榜；人气排名明显上升；震荡市里保持相对强势,热度可能进入后段,v1
2026-05-18,600522,中天科技,6,不推送,36.25,22,-0.97,2.6,3.41,26.46,26.46,-3.5,-1.22,-2.56,-0.26,-9.28,9.17,9.17,9.17,人气Top10；当日上涨；站上20日线且不过热；持续霸榜；震荡市里保持相对强势,近5日趋势未确认；热度可能进入后段；上影线偏长,v1
2026-04-14,000889,中嘉博创,67,观察池,69.0,43,0.23,9.98,9.98,-15.31,26.45,22.74,8.12,22.45,7.87,13.92,26.22,26.45,26.45,当日涨停附近；收在日内高位；温和放量；近5日强势延续；站上20日线且不过热；连续上榜确认,短线涨幅偏高；人气排名明显回落；v1每日精选未入前5,v1
2026-05-29,300433,蓝思科技,48,不推送,48.0,13,0.52,3.28,5.88,26.44,26.44,9.6,12.62,9.04,12.04,1.58,15.56,18.0,18.0,人气Top50；温和放量；近5日趋势升温；站上20日线且不过热；连续上榜确认；人气排名明显上升,弱市先收缩执行,v1
2026-05-18,300394,天孚通信,83,不推送,48.12,22,-17.33,-20.21,-17.12,1.54,26.41,-25.89,-12.78,-10.36,5.5,-5.7,-17.12,-12.55,26.41,当日上涨；温和放量；近5日强势延续；站上20日线且不过热；连续上榜确认；人气排名明显上升；震荡市里保持相对强势,短线涨幅偏高；后段人气股在偏弱环境里更谨慎,v1
2026-05-18,000021,深科技,28,收盘强势观察,89.38,22,-0.59,1.13,3.05,15.88,26.41,-2.38,10.53,-1.79,11.19,-2.21,7.4,11.48,26.41,人气Top50；当日涨停附近；收在日内高位；近5日趋势升温；站上20日线且不过热；人气排名明显上升；震荡市里保持相对强势；震荡市里承接未失控；v2强势延续修正；v2低分涨停修正；收盘强势，次日确认；v1每日精选入选,次日高开或一字风险,v1
2026-04-20,603906,龙蟠科技,95,观察池,60.0,39,-3.99,-4.72,-2.38,-8.57,26.4,11.5,15.38,16.13,20.18,15.71,14.98,23.76,26.4,当日上涨；收盘承接较强；温和放量；近5日趋势升温；站上20日线且不过热；连续上榜确认,v1每日精选未入前5,v1
2026-05-11,002015,协鑫能科,99,不推送,11.0,27,1.58,4.83,7.0,-6.56,26.38,15.88,5.87,14.08,4.22,10.4,26.38,26.38,26.38,温和放量；近5日趋势升温；站上20日线且不过热；市场强势且个股相对强势,当日转弱；收盘承接偏弱；人气排名明显回落,v1
2026-04-21,600703,三安光电,57,不推送,20.0,38,0.07,10.01,10.01,26.36,26.36,11.27,3.02,11.18,2.94,12.52,18.26,18.26,18.26,温和放量；近5日趋势升温；站上20日线且不过热；连续上榜确认,当日转弱；收盘承接偏弱,v1
2026-05-08,600105,永鼎股份,9,强推观察,95.0,28,1.28,2.92,5.13,26.36,26.36,3.79,3.12,2.47,1.82,-5.25,12.12,12.92,12.92,人气Top10；当日上涨；收盘承接较强；温和放量；近5日趋势升温；站上20日线且不过热；连续上榜确认；市场强势且个股相对强势；v2连榜升温修正；v1每日精选入选,-,v1
2026-04-27,300390,天华新能,60,不推送,50.0,34,-0.41,-1.32,0.64,-2.63,26.35,17.27,17.88,17.75,18.37,2.43,19.41,26.35,26.35,当日上涨；温和放量；近5日趋势升温；站上20日线且不过热；连续上榜确认,-,v1
2026-04-14,601869,长飞光纤,60,不推送,4.0,43,-1.2,-1.62,2.0,26.34,26.34,0.38,4.69,1.6,5.96,2.47,2.35,10.28,16.02,温和放量；站上20日线且不过热；连续上榜确认,当日转弱；收盘承接偏弱；人气排名明显回落,v1
2026-04-15,300502,新易盛,33,不推送,16.0,42,0.0,8.15,8.64,12.25,26.32,17.31,25.3,17.3,25.29,8.05,20.12,25.81,26.32,人气Top50；温和放量；站上20日线且不过热；连续上榜确认；人气排名明显上升,当日转弱；收盘承接偏弱；近5日趋势未确认,v1
2026-04-29,600736,苏州高新,65,观察池,64.0,32,-2.98,-2.98,2.98,-9.88,26.31,14.88,17.98,18.4,21.6,-1.67,14.88,26.31,26.31,当日强涨；收盘承接较强；温和放量；近5日趋势升温；站上20日线且不过热；持续霸榜,热度可能进入后段；v1每日精选未入前5,v1
2026-05-11,002491,通鼎互联,39,不推送,52.0,27,7.79,9.99,9.99,26.31,26.31,8.45,4.22,0.61,-3.31,3.74,20.77,20.77,20.77,人气Top50；当日涨停附近；收在日内高位；近5日强势延续；市场强势且个股相对强势；收盘强势，次日确认,短线涨幅偏高；偏离20日线较大；次日高开或一字风险,v1
2026-06-12,002491,通鼎互联,43,不推送,0.0,3,4.09,6.16,6.16,26.31,26.31,26.31,,21.34,,,26.31,,,人气Top50；温和放量,当日转弱；收盘承接偏弱；近5日趋势未确认；震荡市里相对走弱；市场健康度不足，收缩推送,v1
2026-06-01,000725,京东方A,9,不推送,30.5,12,-0.93,2.05,3.36,25.19,26.31,14.74,17.35,15.82,18.46,10.45,14.74,26.31,26.31,人气Top10；当日上涨；站上20日线且不过热；持续霸榜,热度可能进入后段；上影线偏长；弱市先收缩执行；弱市里的长连榜样本优先降权,v1
2026-04-27,300346,南大光电,17,不推送,16.0,34,-0.64,-2.15,0.68,26.29,26.29,-0.95,7.37,-0.31,8.05,6.75,1.89,7.95,12.39,人气Top20；温和放量；站上20日线且不过热,当日转弱；收盘承接偏弱,v1
2026-05-27,603045,福达合金,79,不推送,60.25,15,-1.75,-4.89,3.05,17.1,26.28,-5.38,0.12,-3.7,1.9,11.06,3.05,11.7,26.28,当日上涨；收在日内高位；温和放量；近5日趋势升温；站上20日线且不过热；震荡市里保持相对强势；震荡市里承接未失控,后段人气股在偏弱环境里更谨慎,v1
2026-06-12,600183,生益科技,50,不推送,30.25,3,5.18,10.0,10.0,19.08,26.26,19.08,,13.22,,,26.26,,,人气Top50；温和放量；近5日趋势升温；站上20日线且不过热；持续霸榜；震荡市里保持相对强势,收盘承接偏弱；热度可能进入后段；上影线偏长,v1
2026-06-12,600498,烽火通信,59,不推送,29.12,3,1.98,7.44,8.51,21.46,26.25,21.46,,19.11,,,26.25,,,当日上涨；温和放量；近5日趋势升温；站上20日线且不过热；连续上榜确认；震荡市里保持相对强势,收盘承接偏弱；人气排名明显回落；上影线偏长；后段人气股在偏弱环境里更谨慎,v1
2026-06-03,002421,达实智能,40,不推送,26.25,10,-0.2,-2.87,4.1,-21.52,26.23,17.42,11.27,17.66,11.5,-21.52,17.42,26.23,26.23,人气Top50；温和放量；近5日趋势升温；站上20日线且不过热；持续霸榜；震荡市里保持相对强势,当日转弱；收盘承接偏弱；热度可能进入后段,v1
2026-04-13,002328,新朋股份,22,不推送,35.0,44,3.35,10.04,10.04,-25.19,26.21,24.54,15.15,20.5,11.42,0.74,26.21,26.21,26.21,人气Top50；当日上涨；放量仍可控；近5日强势延续；连续上榜确认,短线涨幅偏高；偏离20日线较大,v1
2026-04-28,002217,合力泰,16,不推送,32.0,33,-1.34,3.02,5.03,-10.74,26.17,6.71,15.1,8.16,16.67,3.69,6.71,22.48,26.17,人气Top20；放量仍可控；站上20日线且不过热；连续上榜确认；人气排名明显上升,收盘承接偏弱,v1
2026-06-10,600186,莲花控股,12,观察池,69.5,5,-2.75,8.69,9.81,26.16,26.16,4.3,26.16,7.26,29.73,,11.45,26.16,,人气Top20；收盘承接较强；温和放量；近5日趋势升温；站上20日线且不过热；连续上榜确认；弱市中个股相对抗跌,v1每日精选未入前5,v1
2026-04-27,600770,综艺股份,75,不推送,0.0,34,-3.59,10.06,10.06,-13.51,26.15,9.48,17.39,13.56,21.76,9.48,20.55,26.15,26.15,近5日趋势升温；站上20日线且不过热；连续上榜确认,当日转弱；收盘承接偏弱；放量过猛,v1
2026-04-21,603083,剑桥科技,84,不推送,31.0,38,-2.02,6.66,9.56,26.13,26.13,-4.85,-3.88,-2.89,-1.91,17.61,9.56,9.56,20.51,当日上涨；收盘承接较强；温和放量；近5日强势延续,短线涨幅偏高；偏离20日线较大；人气排名明显回落,v1
2026-05-08,002407,多氟多,39,不推送,17.75,28,-0.11,1.41,3.82,10.55,26.12,-2.16,4.25,-2.04,4.37,22.7,3.82,4.25,26.12,人气Top50；温和放量；站上20日线且不过热；连续上榜确认；人气排名明显上升,当日转弱；收盘承接偏弱；强势市里个股相对走弱,v1
2026-06-05,002436,兴森科技,73,不推送,0.0,8,-7.63,-2.37,2.59,26.12,26.12,-1.64,-0.26,6.48,7.97,,5.44,5.44,,温和放量；站上20日线且不过热；连续上榜确认；人气排名明显上升,当日转弱；收盘承接偏弱；近5日趋势未确认；弱市先收缩执行；后段人气股在偏弱环境里更谨慎；市场健康度不足，收缩推送；市场健康度偏弱,v1
2026-04-30,603601,再升科技,68,不推送,44.0,31,0.88,5.49,9.97,-0.5,26.06,12.87,6.37,11.88,5.44,13.44,18.23,18.23,26.06,当日上涨；收盘承接较强；温和放量；站上20日线且不过热；人气排名明显上升,-,v1
2026-05-06,603601,再升科技,23,观察池,60.0,31,0.88,5.49,9.97,-0.5,26.06,12.87,6.37,11.88,5.44,13.44,18.23,18.23,26.06,人气Top50；当日上涨；收盘承接较强；温和放量；站上20日线且不过热；连续上榜确认；人气排名明显上升,v1每日精选未入前5,v1
2026-05-07,002498,汉缆股份,81,不推送,55.0,29,-0.32,-1.84,0.97,-18.16,26.05,7.78,9.3,8.13,9.65,-5.73,7.78,26.05,26.05,当日上涨；收盘承接较强；温和放量；近5日趋势升温；站上20日线且不过热；市场强势且个股相对强势,-,v1
2026-04-24,600770,综艺股份,84,不推送,58.0,35,8.03,-0.14,10.04,-13.63,25.97,13.2,20.23,4.78,11.29,14.2,20.37,20.37,25.97,当日涨停附近；收在日内高位；近5日趋势升温；站上20日线且不过热,-,v1
2026-05-13,600522,中天科技,21,不推送,49.0,25,2.06,1.15,5.41,25.94,25.94,0.8,4.15,-1.24,2.04,-10.44,5.41,8.72,8.72,人气Top50；收盘承接较强；温和放量；近5日趋势升温；站上20日线且不过热；持续霸榜；市场强势且个股相对强势,当日转弱；热度可能进入后段,v1
2026-04-15,300058,蓝色光标,41,不推送,16.0,42,2.56,4.69,7.91,-9.01,25.93,18.87,17.1,15.91,14.18,5.84,25.93,25.93,25.93,人气Top50；温和放量；站上20日线且不过热；连续上榜确认,当日转弱；收盘承接偏弱,v1
2026-06-04,002585,双星新材,90,不推送,40.25,9,10.0,0.17,10.0,25.93,25.93,3.39,5.25,-6.01,-4.31,,10.0,14.24,,当日涨停附近；收在日内高位；站上20日线且不过热；震荡市里保持相对强势；震荡市里承接未失控；收盘强势，次日确认,量能不足；后段人气股在偏弱环境里更谨慎；次日高开或一字风险,v1
2026-04-24,002342,巨力索具,9,不推送,32.0,35,-4.04,-3.36,0.1,-46.14,25.93,-0.84,5.51,3.34,9.96,7.35,1.26,8.08,25.93,人气Top10；温和放量；站上20日线且不过热；持续霸榜；人气排名明显上升,收盘承接偏弱；近5日趋势未确认；热度可能进入后段；上影线偏长,v1
2026-05-22,002491,通鼎互联,89,不推送,35.0,18,1.8,3.42,4.21,25.92,25.92,-6.84,4.96,-8.49,3.1,8.86,4.21,9.04,25.35,当日上涨；收在日内高位；站上20日线且不过热；持续霸榜；市场强势且个股相对强势,热度可能进入后段；人气排名明显回落,v1
2026-06-09,605589,圣泉集团,32,观察池,47.0,6,10.11,10.11,10.11,22.99,25.91,8.02,24.21,-1.9,12.8,,19.34,25.91,,人气Top50；当日涨停附近；收在日内高位；站上20日线且不过热；人气排名明显上升；市场强势且个股相对强势,量能不足；一字或近似一字，参与点差；一字板不可买,v1
2026-04-24,688041,海光信息,98,不推送,44.0,35,5.26,3.95,7.02,8.15,25.89,-2.19,20.85,-7.08,14.8,22.17,7.02,24.74,25.89,当日强涨；放量仍可控；近5日趋势升温；站上20日线且不过热,-,v1
2026-05-28,300179,四方达,67,不推送,31.0,14,13.45,4.95,15.92,5.95,25.87,10.69,19.26,-2.43,5.12,-3.57,15.92,21.43,25.87,当日涨停附近；收在日内高位；市场强势且个股相对强势；收盘强势，次日确认,短线涨幅过热；偏离20日线较大；次日高开或一字风险,v1
2026-04-17,601869,长飞光纤,23,不推送,10.0,40,2.28,5.22,9.86,25.86,25.86,12.6,0.62,10.09,-1.62,-1.32,14.23,15.58,15.58,人气Top50；站上20日线且不过热；持续霸榜；人气排名明显上升,当日转弱；近5日趋势未确认；热度可能进入后段,v1
2026-06-04,600183,生益科技,41,不推送,28.25,9,-2.21,-4.05,1.4,25.84,25.84,3.01,4.59,5.34,6.95,,3.01,7.92,,人气Top50；近5日趋势升温；持续霸榜；人气排名明显上升；震荡市里保持相对强势,偏离20日线较大；热度可能进入后段,v1
2026-06-02,002428,云南锗业,56,不推送,43.0,11,1.38,3.03,7.46,14.92,25.81,-1.01,-1.97,-2.35,-3.3,17.17,7.46,7.46,25.81,当日上涨；收盘承接较强；温和放量；连续上榜确认；市场强势且个股相对强势,-,v1
2026-06-10,002297,博云新材,73,不推送,18.38,5,0.53,2.69,9.31,23.76,25.78,10.9,23.76,10.32,23.11,,11.47,25.78,,收在日内高位；温和放量；弱市中个股相对抗跌,近5日趋势未确认；仍在20日线下方；后段人气股在偏弱环境里更谨慎,v1
2026-06-04,600367,红星发展,29,观察池,62.38,9,3.55,5.36,10.0,21.54,25.76,18.24,15.01,14.18,11.06,,18.31,25.76,,人气Top50；当日涨停附近；收在日内高位；放量仍可控；近5日强势延续；连续上榜确认；人气排名明显上升；震荡市里保持相对强势；震荡市里承接未失控；收盘强势，次日确认,短线涨幅偏高；远离20日线过多；次日高开或一字风险；v1每日精选未入前5,v1
2026-05-18,300058,蓝色光标,35,不推送,0.0,22,17.34,23.1,25.74,-1.06,25.74,16.68,11.05,-0.56,-5.36,18.86,25.74,25.74,25.74,人气Top50；持续霸榜；人气排名明显上升,当日转弱；量能不足；近5日趋势未确认；仍在20日线下方；热度可能进入后段；震荡市里相对走弱；市场健康度不足，收缩推送,v1
2026-06-11,600498,烽火通信,11,收盘强势观察,125.5,4,2.48,3.51,9.56,25.73,25.73,21.33,,18.4,,,22.09,,,人气Top20；当日涨停附近；收在日内高位；温和放量；近5日趋势升温；站上20日线且不过热；连续上榜确认；人气排名明显上升；弱市中个股相对抗跌；v2强势延续修正；v2连榜升温修正；v2低分涨停修正；收盘强势，次日确认；v1每日精选入选,次日高开或一字风险,v1
2026-06-05,002585,双星新材,65,不推送,34.88,8,-7.53,-6.18,4.06,25.72,25.72,13.54,-2.03,22.78,5.95,,13.54,14.04,,放量仍可控；近5日趋势升温；站上20日线且不过热；连续上榜确认；人气排名明显上升；v2热点回踩观察,收盘承接偏弱；弱市先收缩执行；后段人气股在偏弱环境里更谨慎,v1
2026-04-20,600703,三安光电,45,不推送,40.0,39,-0.07,-0.51,3.37,25.71,25.71,13.63,7.91,13.71,7.99,10.92,17.66,17.66,17.66,人气Top50；温和放量；近5日趋势升温；站上20日线且不过热；连续上榜确认,人气排名明显回落；上影线偏长,v1
2026-05-12,002080,中材科技,45,观察池,63.0,26,-2.58,1.4,2.88,25.7,25.7,-1.85,-2.61,0.75,-0.03,12.58,9.01,9.01,16.89,人气Top50；当日上涨；收盘承接较强；温和放量；近5日趋势升温；站上20日线且不过热；市场强势且个股相对强势,v1每日精选未入前5,v1
2026-04-10,300476,胜宏科技,54,不推送,42.0,45,-1.66,2.91,4.25,25.69,25.69,2.66,13.43,4.39,15.34,9.66,8.69,16.41,21.55,当日上涨；温和放量；近5日趋势升温；站上20日线且不过热,-,v1
2026-04-30,603629,利通电子,3,观察池,86.0,31,3.84,10.0,10.0,14.28,25.68,16.05,8.73,11.76,4.71,20.7,20.2,20.2,25.68,人气Top3；当日涨停附近；收在日内高位；温和放量；近5日趋势升温；持续霸榜,远离20日线过多；热度可能进入后段；v1每日精选未入前5,v1
2026-05-06,603629,利通电子,7,观察池,80.0,31,3.84,10.0,10.0,14.28,25.68,16.05,8.73,11.76,4.71,20.7,20.2,20.2,25.68,人气Top10；当日涨停附近；收在日内高位；温和放量；近5日趋势升温；持续霸榜,远离20日线过多；热度可能进入后段；v1每日精选未入前5,v1
2026-04-24,601016,节能风电,39,不推送,28.0,35,-2.23,3.79,6.03,-10.94,25.67,1.79,4.69,4.11,7.08,25.67,8.26,8.26,25.67,人气Top50；放量仍可控；近5日趋势升温；站上20日线且不过热；连续上榜确认,收盘承接偏弱；人气排名明显回落,v1
2026-05-22,002081,金螳螂,65,不推送,19.0,18,0.0,-0.86,2.75,-17.9,25.65,-8.26,3.79,-8.26,3.79,-0.52,2.75,3.79,25.65,当日上涨；收在日内高位；持续霸榜；市场强势且个股相对强势,近5日趋势未确认；仍在20日线下方；热度可能进入后段,v1
2026-04-15,601138,工业富联,34,不推送,12.0,42,0.29,2.59,3.75,25.63,25.63,6.38,15.69,6.07,15.35,14.6,9.53,16.83,19.51,人气Top50；温和放量；站上20日线且不过热；连续上榜确认,当日转弱；收盘承接偏弱；人气排名明显回落,v1
2026-04-29,601868,中国能建,90,不推送,6.0,32,-0.7,-0.7,-0.35,1.4,25.61,9.47,14.04,10.25,14.84,10.53,9.47,19.65,25.61,收盘承接较强,近5日趋势未确认,v1
2026-06-12,601208,东材科技,91,不推送,9.12,3,-0.1,6.81,8.81,19.88,25.58,19.88,,20.0,,,25.58,,,温和放量；近5日趋势升温；站上20日线且不过热；震荡市里保持相对强势,当日转弱；收盘承接偏弱；人气排名明显回落；后段人气股在偏弱环境里更谨慎,v1
2026-06-08,601991,大唐发电,1,不推送,0.0,7,-0.96,6.05,7.02,25.58,25.58,9.9,20.08,10.97,21.25,,12.1,20.63,,人气Top3；持续霸榜,当日转弱；收盘承接偏弱；近5日趋势未确认；仍在20日线下方；热度可能进入后段；弱市先收缩执行；弱市里的长连榜样本优先降权；市场健康度不足，收缩推送；市场健康度偏弱；Top3高热度拥挤，次日兑现风险,v1
2026-05-28,600176,中国巨石,17,收盘强势观察,111.0,14,0.0,-3.17,1.15,25.57,25.57,-10.53,-11.71,-10.53,-11.71,-5.54,1.15,1.15,1.15,人气Top20；当日涨停附近；收在日内高位；温和放量；近5日趋势升温；站上20日线且不过热；人气排名明显上升；市场强势且个股相对强势；v2强势延续修正；v2低分涨停修正；收盘强势，次日确认；v1每日精选入选,次日高开或一字风险,v1
2026-05-13,603629,利通电子,20,观察池,89.0,25,1.33,-1.34,3.57,-4.45,25.57,1.08,5.05,-0.24,3.67,23.95,5.09,5.09,25.57,人气Top20；当日涨停附近；收在日内高位；温和放量；近5日趋势升温；持续霸榜；人气排名明显上升；市场强势且个股相对强势；收盘强势，次日确认,偏离20日线较大；热度可能进入后段；次日高开或一字风险；v1每日精选未入前5,v1
2026-06-12,300433,蓝思科技,41,不推送,0.0,3,4.76,11.76,12.93,24.48,25.55,24.48,,18.82,,,25.55,,,人气Top50；温和放量；站上20日线且不过热,当日转弱；收盘承接偏弱；近5日趋势未确认；震荡市里相对走弱；市场健康度不足，收缩推送,v1
2026-05-26,002436,兴森科技,86,不推送,17.12,16,-0.74,-2.86,0.89,25.53,25.53,1.58,10.87,2.33,11.69,0.18,4.96,11.55,11.87,温和放量；近5日趋势升温；站上20日线且不过热；连续上榜确认；震荡市里保持相对强势,当日转弱；收盘承接偏弱；人气排名明显回落；后段人气股在偏弱环境里更谨慎,v1
2026-05-25,002436,兴森科技,40,观察池,97.0,17,-1.63,-0.03,3.62,25.49,25.49,-4.59,1.39,-3.02,3.07,-2.86,3.62,5.54,11.84,人气Top50；当日强涨；收在日内高位；温和放量；近5日趋势升温；站上20日线且不过热；连续上榜确认；人气排名明显上升；市场强势且个股相对强势；v2连榜升温修正,v1每日精选未入前5,v1
2026-05-29,603986,兆易创新,34,不推送,0.0,13,1.93,0.21,4.91,25.49,25.49,5.4,4.49,3.41,2.52,3.1,9.21,15.2,15.2,人气Top50；温和放量；站上20日线且不过热；持续霸榜,当日转弱；收盘承接偏弱；近5日趋势未确认；热度可能进入后段；弱市先收缩执行；弱市里的长连榜样本优先降权；市场健康度不足，收缩推送；市场健康度偏弱,v1
2026-06-05,603773,沃格光电,46,不推送,59.0,8,-1.99,3.1,8.8,25.48,25.48,17.04,-1.96,19.42,0.03,,19.94,19.94,,人气Top50；当日强涨；收盘承接较强；温和放量；近5日强势延续；持续霸榜；人气排名明显上升；弱市中个股相对抗跌,短线涨幅偏高；偏离20日线较大；热度可能进入后段；弱市里的长连榜样本优先降权,v1
2026-04-10,300058,蓝色光标,89,不推送,12.0,45,-2.0,0.3,2.91,-9.34,25.47,-0.36,9.16,1.67,11.39,5.52,6.0,10.49,25.47,温和放量；近5日趋势升温；站上20日线且不过热,当日转弱；收盘承接偏弱,v1
2026-04-27,603601,再升科技,73,不推送,30.0,34,-1.94,2.14,6.76,5.56,25.44,6.02,15.86,8.12,18.16,10.84,8.1,16.67,25.44,当日上涨；收盘承接较强；站上20日线且不过热；持续霸榜；人气排名明显上升,近5日趋势未确认；热度可能进入后段,v1
2026-05-12,002929,润建股份,91,不推送,20.0,26,0.25,10.0,10.0,-22.81,25.43,16.53,22.53,16.24,22.23,6.63,21.0,25.43,25.43,温和放量；近5日强势延续；市场强势且个股相对强势,短线涨幅偏高；偏离20日线较大,v1
2026-06-02,002407,多氟多,87,不推送,0.0,11,-0.27,0.51,2.11,16.22,25.38,0.3,2.54,0.58,2.82,18.82,3.17,5.11,25.38,持续霸榜,当日转弱；收盘承接偏弱；近5日趋势未确认；仍在20日线下方；热度可能进入后段；强势市里个股相对走弱；市场健康度不足，收缩推送,v1
2026-05-12,300308,中际旭创,8,强推观察,101.0,26,-1.8,3.07,3.36,25.36,25.36,3.13,1.18,5.02,3.03,8.35,8.04,8.04,9.04,人气Top10；当日强涨；收在日内高位；温和放量；近5日趋势升温；站上20日线且不过热；持续霸榜；人气排名明显上升；市场强势且个股相对强势；v1每日精选入选,热度可能进入后段,v1
2026-05-11,301531,春光集团,20,不推送,24.0,16,3.59,17.51,25.35,-22.77,25.35,9.64,13.85,5.84,9.9,-4.8,25.35,25.35,25.35,人气Top20；站上20日线且不过热,-,v1
2026-06-10,002384,东山精密,41,不推送,0.0,5,1.29,-0.6,4.43,21.03,25.33,12.74,21.03,11.31,19.5,,12.74,25.33,,人气Top50；温和放量；持续霸榜；人气排名明显上升,当日转弱；收盘承接偏弱；近5日趋势未确认；热度可能进入后段；弱市先收缩执行；弱市里的长连榜样本优先降权；市场健康度不足，收缩推送；市场健康度偏弱,v1
2026-05-26,002181,粤传媒,38,不推送,55.38,16,0.14,3.52,9.52,-21.33,25.33,13.94,12.77,13.78,12.61,4.14,17.32,25.33,25.33,人气Top50；当日涨停附近；收在日内高位；温和放量；人气排名明显上升；震荡市里保持相对强势；震荡市里承接未失控；收盘强势，次日确认,近5日趋势未确认；仍在20日线下方；次日高开或一字风险,v1
2026-06-12,000636,风华高科,2,不推送,18.75,3,4.03,10.0,10.0,25.27,25.32,25.27,,20.42,,,25.32,,,人气Top3；温和放量；站上20日线且不过热；持续霸榜,当日转弱；收盘承接偏弱；近5日趋势未确认；热度可能进入后段；震荡市里相对走弱；市场健康度不足，收缩推送；Top3高热度拥挤，次日兑现风险,v1
2026-05-22,600522,中天科技,14,观察池,67.0,18,1.07,-2.12,1.92,25.31,25.31,-10.89,-3.72,-11.83,-4.74,5.13,1.92,1.92,12.67,人气Top20；当日上涨；收在日内高位；近5日趋势升温；站上20日线且不过热；持续霸榜；市场强势且个股相对强势,热度可能进入后段；v1每日精选未入前5,v1
2026-04-24,600338,西藏珠峰,95,不推送,54.0,35,1.02,10.01,10.01,-20.65,25.3,22.33,17.32,21.1,16.14,1.46,22.33,25.3,25.3,当日涨停附近；收在日内高位；放量仍可控；站上20日线且不过热,-,v1
2026-05-15,002281,光迅科技,34,不推送,28.25,23,-1.0,6.56,9.07,22.86,25.3,20.02,9.6,21.23,10.7,3.54,25.3,25.3,25.3,人气Top50；温和放量；近5日趋势升温；持续霸榜；震荡市里保持相对强势,当日转弱；偏离20日线较大；热度可能进入后段,v1
2026-04-10,000889,中嘉博创,43,不推送,47.0,45,-1.61,-9.89,0.0,-16.09,25.29,8.97,21.61,10.75,23.6,10.11,8.97,25.06,25.29,人气Top50；当日涨停附近；收在日内高位；近5日强势延续；站上20日线且不过热,放量过猛；短线涨幅偏高,v1
2026-04-27,603178,圣龙股份,57,不推送,8.0,34,-0.98,5.23,8.33,-5.98,25.29,11.84,16.26,12.94,17.41,19.54,11.84,20.57,25.29,站上20日线且不过热；人气排名明显上升,近5日趋势未确认,v1
2026-05-22,603986,兆易创新,6,观察池,85.0,18,2.0,10.01,10.02,25.22,25.22,9.87,-0.21,7.71,-2.17,4.28,18.13,18.13,18.13,人气Top10；当日强涨；收盘承接较强；温和放量；近5日趋势升温；持续霸榜；人气排名明显上升；市场强势且个股相对强势,偏离20日线较大；热度可能进入后段；v1每日精选未入前5,v1
2026-06-01,603986,兆易创新,42,不推送,10.5,12,0.64,1.43,2.71,25.22,25.22,13.1,1.28,12.38,0.64,10.68,14.96,14.96,14.96,人气Top50；温和放量；站上20日线且不过热；持续霸榜,收盘承接偏弱；近5日趋势未确认；热度可能进入后段；弱市先收缩执行；弱市里的长连榜样本优先降权,v1
2026-06-12,600703,三安光电,29,不推送,0.0,3,0.36,9.99,9.99,23.28,25.22,23.28,,22.83,,,25.22,,,人气Top50；温和放量；持续霸榜；人气排名明显上升,当日转弱；收盘承接偏弱；近5日趋势未确认；仍在20日线下方；热度可能进入后段；震荡市里相对走弱；市场健康度不足，收缩推送,v1
2026-06-03,600522,中天科技,15,不推送,46.25,10,-2.6,2.4,4.89,22.08,25.21,10.12,11.61,13.06,14.59,22.08,12.67,21.12,25.21,人气Top20；当日上涨；温和放量；近5日趋势升温；站上20日线且不过热；持续霸榜；震荡市里保持相对强势,收盘承接偏弱；热度可能进入后段；上影线偏长,v1
2026-05-11,600522,中天科技,5,观察池,68.0,27,0.32,0.5,5.29,25.19,25.19,0.55,0.21,0.23,-0.11,-2.21,5.29,5.29,8.07,人气Top10；当日强涨；温和放量；近5日强势延续；连续上榜确认；市场强势且个股相对强势,短线涨幅偏高；偏离20日线较大；v1每日精选未入前5,v1
2026-04-10,002418,康盛股份,20,强推观察,94.0,45,3.51,10.02,10.02,-25.66,25.13,-3.34,8.79,-6.62,5.09,8.08,10.54,10.54,25.13,人气Top20；当日涨停附近；收在日内高位；温和放量；近5日趋势升温；站上20日线且不过热；首次上榜即强势；v1每日精选入选,-,v1
2026-04-13,300058,蓝色光标,69,不推送,46.0,44,2.36,4.41,5.68,-9.61,25.09,3.99,18.08,1.59,15.36,4.41,7.19,25.09,25.09,温和放量；近5日趋势升温；站上20日线且不过热；连续上榜确认；人气排名明显上升,-,v1
2026-05-29,002297,博云新材,43,不推送,0.0,13,-1.07,-4.61,0.82,25.08,25.08,2.77,-0.82,3.87,0.25,8.88,5.0,5.0,11.64,人气Top50；温和放量；持续霸榜,当日转弱；收盘承接偏弱；近5日趋势未确认；仍在20日线下方；热度可能进入后段；人气排名明显回落；弱市先收缩执行；弱市里的长连榜样本优先降权；市场健康度不足，收缩推送；市场健康度偏弱,v1
2026-04-24,601869,长飞光纤,91,不推送,4.0,35,2.67,2.54,7.02,25.08,25.08,0.64,-1.93,-1.98,-4.48,10.54,7.02,7.02,16.8,温和放量；站上20日线且不过热；连续上榜确认,当日转弱；收盘承接偏弱；人气排名明显回落,v1
2026-05-08,000988,华工科技,33,观察池,69.0,28,2.41,7.97,8.86,24.97,25.06,3.97,-1.99,1.52,-4.29,14.38,10.12,10.12,25.06,人气Top50；收在日内高位；温和放量；近5日趋势升温；站上20日线且不过热；连续上榜确认；市场强势且个股相对强势,v1每日精选未入前5,v1
2026-05-12,600206,有研新材,97,不推送,31.0,26,-2.92,-2.51,0.0,25.05,25.05,-4.21,-4.12,-1.33,-1.23,-8.86,4.71,4.71,4.71,温和放量；近5日趋势升温；站上20日线且不过热；连续上榜确认；市场强势且个股相对强势,当日转弱；人气排名明显回落,v1
2026-05-19,600105,永鼎股份,57,不推送,0.0,21,0.18,0.34,2.02,25.03,25.03,-6.24,-8.28,-6.41,-8.45,-1.66,2.02,2.02,2.02,收盘承接较强；站上20日线且不过热；持续霸榜,当日转弱；近5日趋势未确认；热度可能进入后段；震荡市里相对走弱；后段人气股在偏弱环境里更谨慎；市场健康度不足，收缩推送,v1
2026-06-10,688146,中船特气,18,不推送,33.5,5,5.5,19.79,19.79,16.34,25.0,8.94,16.34,3.26,10.27,,19.79,25.0,,人气Top20；当日涨停附近；收盘承接较强；人气排名明显上升；弱市中个股相对抗跌；收盘强势，次日确认,短线涨幅过热；远离20日线过多；次日高开或一字风险,v1
2026-05-19,000021,深科技,20,观察池,62.25,21,1.9,0.48,6.19,14.58,24.99,0.16,13.56,-1.7,11.45,-1.31,6.19,19.92,24.99,人气Top20；放量仍可控；近5日趋势升温；站上20日线且不过热；连续上榜确认；震荡市里保持相对强势；v2连榜升温修正,v1每日精选未入前5,v1
2026-05-26,002747,埃斯顿,60,不推送,50.25,16,-3.76,-5.33,0.5,10.49,24.98,-7.69,-10.22,-4.08,-6.71,24.98,0.5,0.5,24.98,当日上涨；收盘承接较强；温和放量；近5日趋势升温；站上20日线且不过热；震荡市里保持相对强势；震荡市里承接未失控,人气排名明显回落；后段人气股在偏弱环境里更谨慎,v1
2026-04-16,601869,长飞光纤,74,不推送,32.0,41,-0.29,-0.71,1.12,24.96,24.96,3.54,4.48,3.85,4.78,-3.97,9.08,14.75,14.75,收盘承接较强；温和放量；站上20日线且不过热；持续霸榜,近5日趋势未确认；热度可能进入后段,v1
2026-04-15,002536,飞龙股份,87,不推送,12.0,42,0.25,0.59,2.18,24.94,24.94,14.41,11.28,14.13,11.01,1.51,14.41,16.2,16.2,温和放量；近5日趋势升温；站上20日线且不过热,当日转弱；收盘承接偏弱,v1
2026-04-14,002342,巨力索具,22,观察池,67.0,43,-0.7,6.65,9.1,-40.17,24.9,11.14,24.9,11.92,25.78,7.7,14.75,24.9,24.9,人气Top50；当日上涨；收在日内高位；温和放量；近5日强势延续；站上20日线且不过热；连续上榜确认,短线涨幅偏高；v1每日精选未入前5,v1
2026-06-11,603629,利通电子,36,不推送,0.0,4,3.02,9.22,10.0,18.47,24.89,17.09,,13.66,,,24.89,,,人气Top50；温和放量；持续霸榜,当日转弱；收盘承接偏弱；近5日趋势未确认；仍在20日线下方；热度可能进入后段；人气排名明显回落；弱市先收缩执行；弱市里的长连榜样本优先降权；市场健康度不足，收缩推送；市场健康度偏弱,v1
2026-04-28,600111,北方稀土,29,不推送,0.0,33,2.55,10.0,10.0,8.64,24.85,19.58,17.92,16.61,14.99,15.82,19.65,21.65,24.85,人气Top50；人气排名明显上升,当日转弱；收盘承接偏弱；近5日趋势未确认；仍在20日线下方,v1
2026-04-16,002709,天赐材料,98,不推送,34.0,41,-0.33,-0.76,3.07,8.17,24.85,7.43,0.51,7.78,0.84,23.84,9.13,9.91,24.85,温和放量；近5日趋势升温；站上20日线且不过热；持续霸榜,热度可能进入后段；人气排名明显回落,v1
2026-04-24,600736,苏州高新,13,不推送,7.0,35,-4.24,-10.0,-3.65,-10.94,24.82,-1.18,3.18,3.19,7.74,8.82,1.06,5.53,24.82,人气Top20；近5日强势延续；连续上榜确认；人气排名明显上升,收盘承接偏弱；放量过猛；短线涨幅偏高；偏离20日线较大,v1
2026-04-27,603538,美诺华,19,不推送,36.0,34,-0.71,6.6,9.04,-32.98,24.8,10.74,9.31,11.54,10.09,-6.68,15.78,24.8,24.8,人气Top20；温和放量；近5日趋势升温；站上20日线且不过热；持续霸榜；人气排名明显上升,当日转弱；收盘承接偏弱；热度可能进入后段,v1
2026-05-22,000021,深科技,36,观察池,71.0,18,1.28,9.12,10.05,14.4,24.79,16.66,5.49,15.19,4.16,1.07,24.79,24.79,24.79,人气Top50；当日上涨；收盘承接较强；温和放量；近5日趋势升温；站上20日线且不过热；持续霸榜；人气排名明显上升；市场强势且个股相对强势,热度可能进入后段；v1每日精选未入前5,v1
2026-04-17,002957,科瑞技术,42,观察池,60.0,40,7.61,4.33,7.61,24.78,24.78,8.46,1.04,0.79,-6.1,-4.09,12.14,12.14,12.14,人气Top50；当日涨停附近；收在日内高位；近5日趋势升温；人气排名明显上升,偏离20日线较大；v1每日精选未入前5,v1
2026-05-22,600186,莲花控股,30,观察池,97.0,18,2.55,10.04,10.04,24.77,24.77,1.02,-13.62,-1.49,-15.77,-13.79,16.6,16.6,16.6,人气Top50；当日涨停附近；收在日内高位；近5日趋势升温；站上20日线且不过热；连续上榜确认；人气排名明显上升；市场强势且个股相对强势；v2强势延续修正；v2低分涨停修正；收盘强势，次日确认,次日高开或一字风险；v1每日精选未入前5,v1
2026-04-13,601869,长飞光纤,14,不推送,36.0,44,0.22,-1.27,2.05,24.74,24.74,-0.18,4.29,-0.4,4.06,2.25,2.05,8.88,14.55,人气Top20；温和放量；站上20日线且不过热；连续上榜确认,当日转弱,v1
2026-04-15,002149,西部材料,32,不推送,52.0,42,-1.14,-0.02,1.55,11.93,24.72,12.36,19.48,13.65,20.85,7.62,12.36,22.16,24.72,人气Top50；当日强涨；近5日趋势升温；站上20日线且不过热；连续上榜确认,-,v1
2026-04-22,002709,天赐材料,92,不推送,16.0,37,-0.6,-5.74,-0.04,1.44,24.72,5.49,13.86,6.12,14.54,14.32,5.76,13.86,24.72,温和放量；近5日趋势升温；站上20日线且不过热；连续上榜确认,当日转弱；收盘承接偏弱；人气排名明显回落,v1
2026-04-14,000967,盈峰环境,65,不推送,59.0,43,4.19,1.63,5.05,-12.32,24.72,19.76,15.06,14.94,10.43,21.3,22.33,24.72,24.72,当日涨停附近；收在日内高位；放量仍可控；近5日强势延续；站上20日线且不过热,短线涨幅偏高,v1
2026-05-13,002281,光迅科技,37,不推送,22.0,25,0.5,2.94,7.49,22.24,24.67,6.03,19.41,5.5,18.82,2.39,8.52,24.67,24.67,人气Top50；温和放量；近5日强势延续；持续霸榜；市场强势且个股相对强势,当日转弱；短线涨幅偏高；偏离20日线较大；热度可能进入后段,v1
2026-05-20,002181,粤传媒,55,不推送,0.0,20,-0.34,-6.31,0.69,-21.76,24.64,-9.61,2.95,-9.3,3.31,8.37,0.69,8.92,24.64,温和放量；连续上榜确认,当日转弱；收盘承接偏弱；近5日趋势未确认；仍在20日线下方；人气排名明显回落；震荡市里相对走弱；后段人气股在偏弱环境里更谨慎；市场健康度不足，收缩推送,v1
2026-05-06,002759,天际股份,84,不推送,0.0,30,23.82,18.59,24.61,-15.84,24.61,16.75,13.97,-5.7,-7.95,11.65,24.61,24.61,24.61,温和放量,当日转弱；收盘承接偏弱；近5日趋势未确认；仍在20日线下方；强势市里个股相对走弱,v1
2026-05-06,300442,润泽科技,89,不推送,0.0,31,4.42,8.03,12.15,-8.86,24.61,10.13,2.6,5.46,-1.74,10.41,13.29,15.65,24.61,-,当日转弱；近5日趋势未确认,v1
2026-06-03,600105,永鼎股份,39,不推送,38.25,10,-1.79,4.55,5.82,21.51,24.6,2.06,0.73,3.92,2.57,21.51,15.0,15.0,24.6,人气Top50；当日上涨；温和放量；近5日趋势升温；站上20日线且不过热；持续霸榜；震荡市里保持相对强势,收盘承接偏弱；热度可能进入后段；上影线偏长,v1
2026-04-24,002176,江特电机,50,观察池,80.0,35,1.54,6.39,8.59,-15.64,24.6,18.14,15.27,16.34,13.52,5.58,18.14,24.6,24.6,人气Top50；当日涨停附近；收在日内高位；温和放量；近5日趋势升温；站上20日线且不过热,v1每日精选未入前5,v1
2026-04-14,002407,多氟多,54,观察池,60.0,43,-0.62,-3.34,0.06,24.58,24.58,-3.43,2.85,-2.83,3.49,8.71,0.06,4.24,12.37,当日强涨；收在日内高位；放量仍可控；近5日趋势升温；站上20日线且不过热,v1每日精选未入前5,v1
2026-04-28,300476,胜宏科技,1,不推送,16.0,33,-2.26,6.65,9.6,15.54,24.58,4.11,14.57,6.51,17.21,8.68,9.6,17.23,24.58,人气Top3；站上20日线且不过热；人气排名明显上升,当日转弱；收盘承接偏弱；近5日趋势未确认,v1
2026-05-12,600522,中天科技,11,不推送,22.0,26,-3.49,-1.09,-0.32,24.57,24.57,-7.01,1.07,-3.64,4.72,-8.17,4.26,4.26,7.53,人气Top20；温和放量；近5日强势延续；持续霸榜；市场强势且个股相对强势,收盘承接偏弱；短线涨幅偏高；偏离20日线较大；热度可能进入后段；上影线偏长,v1
2026-05-06,002792,通宇通讯,98,不推送,12.0,31,1.08,10.01,10.01,-15.03,24.55,17.18,19.19,15.93,17.92,10.65,20.09,24.55,24.55,收盘承接较强；温和放量,近5日趋势未确认；仍在20日线下方,v1
2026-04-24,002990,盛视科技,55,观察池,66.0,34,-5.91,-10.18,-4.08,0.55,24.54,-9.74,7.76,-4.07,14.54,16.43,-4.08,8.78,24.54,当日涨停附近；收在日内高位；温和放量；近5日趋势升温；人气排名明显上升,偏离20日线较大；v1每日精选未入前5,v1
2026-06-01,600396,华电辽能,10,不推送,32.5,12,0.0,4.86,7.46,-3.78,24.54,18.76,4.32,18.76,4.32,-3.62,19.46,24.54,24.54,人气Top10；温和放量；近5日趋势升温；站上20日线且不过热；持续霸榜,当日转弱；收盘承接偏弱；热度可能进入后段；弱市先收缩执行；弱市里的长连榜样本优先降权,v1
2026-04-28,601016,节能风电,64,不推送,38.0,33,-2.75,-3.59,1.06,-15.64,24.52,-0.85,3.59,1.96,6.52,6.34,1.06,7.82,24.52,温和放量；近5日趋势升温；站上20日线且不过热；连续上榜确认,人气排名明显回落,v1
2026-05-14,600522,中天科技,13,不推送,28.5,24,0.63,-7.05,1.81,24.51,24.51,1.02,-4.99,0.38,-5.59,-8.12,1.81,7.48,7.48,人气Top20；温和放量；近5日趋势升温；站上20日线且不过热；持续霸榜,收盘承接偏弱；热度可能进入后段；上影线偏长；弱市先收缩执行；弱市里的长连榜样本优先降权,v1
2026-05-06,002309,中利集团,96,不推送,0.0,31,1.86,7.23,9.09,-25.64,24.48,7.46,9.09,5.49,7.09,-1.63,12.35,12.35,24.48,温和放量；连续上榜确认,当日转弱；收盘承接偏弱,v1
2026-04-30,002309,中利集团,88,不推送,0.0,31,1.86,7.23,9.09,-25.64,24.48,7.46,9.09,5.49,7.09,-1.63,12.35,12.35,24.48,温和放量；连续上榜确认,当日转弱；收盘承接偏弱,v1
2026-05-07,002015,协鑫能科,42,不推送,61.0,29,-1.46,-1.02,0.73,-7.97,24.48,3.25,14.13,4.78,15.82,-2.19,5.39,24.48,24.48,人气Top50；当日上涨；温和放量；近5日趋势升温；站上20日线且不过热；连续上榜确认；市场强势且个股相对强势,-,v1
2026-05-06,300017,网宿科技,99,不推送,0.0,31,0.37,6.56,10.81,-10.12,24.37,10.19,7.69,9.78,7.29,17.0,12.19,13.62,24.37,-,当日转弱；收盘承接偏弱；近5日趋势未确认；仍在20日线下方；人气排名明显回落,v1
2026-05-13,300502,新易盛,49,不推送,61.0,25,1.99,-1.77,3.93,24.37,24.37,-4.63,-6.53,-6.49,-8.36,10.51,3.93,3.93,13.7,人气Top50；当日上涨；收在日内高位；温和放量；近5日趋势升温；持续霸榜；人气排名明显上升；市场强势且个股相对强势,仍在20日线下方；热度可能进入后段,v1
2026-04-15,002709,天赐材料,67,不推送,16.0,42,1.05,2.43,4.15,10.8,24.36,3.46,8.6,2.39,7.47,24.36,5.58,12.58,24.36,温和放量；近5日趋势升温；站上20日线且不过热；连续上榜确认,当日转弱；收盘承接偏弱；人气排名明显回落,v1
2026-04-16,002361,神剑股份,1,观察池,70.0,41,-2.39,-2.65,2.28,-18.9,24.35,17.81,19.37,20.69,22.29,6.7,17.81,24.35,24.35,人气Top3；当日上涨；温和放量；近5日趋势升温；持续霸榜；人气排名明显上升,偏离20日线较大；热度可能进入后段；v1每日精选未入前5,v1
2026-04-22,001896,豫能控股,55,不推送,34.0,37,1.14,2.69,5.49,24.34,24.34,-6.34,-3.26,-7.4,-4.35,-3.94,5.49,5.49,5.49,温和放量；近5日趋势升温；站上20日线且不过热；持续霸榜,热度可能进入后段；人气排名明显回落,v1
2026-04-29,601869,长飞光纤,1,不推送,28.0,32,-3.08,-4.49,-1.49,24.28,24.28,5.04,8.04,8.38,11.48,7.82,5.8,9.31,16.05,人气Top3；站上20日线且不过热；人气排名明显上升,当日转弱；近5日趋势未确认,v1
2026-04-27,002309,中利集团,86,不推送,2.0,34,1.68,4.09,6.73,-23.32,24.28,3.12,12.26,1.42,10.4,24.28,14.42,14.42,24.28,收盘承接较强；人气排名明显上升,近5日趋势未确认；仍在20日线下方,v1
2026-05-15,002202,金风科技,73,不推送,0.0,23,18.09,21.82,24.23,3.83,24.23,19.51,19.04,1.2,0.8,10.63,24.23,24.23,24.23,持续霸榜,当日转弱；收盘承接偏弱；近5日趋势未确认；仍在20日线下方；热度可能进入后段；人气排名明显回落；震荡市里相对走弱；后段人气股在偏弱环境里更谨慎；市场健康度不足，收缩推送,v1
2026-05-25,300502,新易盛,27,观察池,89.0,17,-0.46,6.23,6.77,18.7,24.22,9.02,3.16,9.52,3.64,10.03,10.33,11.39,24.22,人气Top50；当日强涨；收在日内高位；温和放量；近5日趋势升温；站上20日线且不过热；连续上榜确认；人气排名明显上升；市场强势且个股相对强势,v1每日精选未入前5,v1
2026-04-16,002536,飞龙股份,41,不推送,40.0,41,-0.94,3.42,5.53,24.22,24.22,6.91,5.83,7.93,6.84,-0.36,15.52,15.52,15.52,人气Top50；近5日趋势升温；站上20日线且不过热；连续上榜确认；人气排名明显上升,-,v1
2026-05-08,600379,宝光股份,95,不推送,19.0,28,2.03,10.05,10.05,-26.5,24.22,12.92,11.42,10.67,9.2,-19.2,14.65,24.22,24.22,温和放量；近5日趋势升温；站上20日线且不过热；连续上榜确认；市场强势且个股相对强势,当日转弱；收盘承接偏弱；人气排名明显回落,v1
2026-06-02,300433,蓝思科技,52,不推送,19.0,11,-0.32,7.66,13.51,24.21,24.21,10.62,8.61,10.97,8.95,17.27,15.91,15.91,22.73,温和放量；近5日趋势升温；站上20日线且不过热；持续霸榜；市场强势且个股相对强势,当日转弱；收盘承接偏弱；热度可能进入后段,v1
2026-06-12,600500,中化国际,40,不推送,52.38,3,-1.01,3.91,7.06,16.02,24.21,16.02,,17.2,,,24.21,,,人气Top50；当日涨停附近；收在日内高位；近5日强势延续；连续上榜确认；人气排名明显上升；震荡市里保持相对强势；震荡市里承接未失控；收盘强势，次日确认,放量过猛；短线涨幅偏高；偏离20日线较大；次日高开或一字风险,v1
2026-05-06,002149,西部材料,20,重点观察,80.0,31,3.01,10.0,10.0,-5.45,24.19,14.06,17.05,10.73,13.63,7.45,17.46,24.19,24.19,人气Top20；当日涨停附近；收在日内高位；温和放量；站上20日线且不过热；连续上榜确认；v1每日精选入选,近5日趋势未确认,v1
2026-04-30,002149,西部材料,13,观察池,72.0,31,3.01,10.0,10.0,-5.45,24.19,14.06,17.05,10.73,13.63,7.45,17.46,24.19,24.19,人气Top20；当日涨停附近；收在日内高位；温和放量；站上20日线且不过热,近5日趋势未确认；v1每日精选未入前5,v1
2026-05-28,002491,通鼎互联,46,观察池,81.0,14,-0.52,3.5,7.53,24.18,24.18,8.52,16.05,9.09,16.65,4.07,9.0,16.05,23.62,人气Top50；当日强涨；收在日内高位；温和放量；近5日趋势升温；站上20日线且不过热；人气排名明显上升；市场强势且个股相对强势,v1每日精选未入前5,v1
2026-06-05,000636,风华高科,23,不推送,6.5,8,-1.49,-6.91,0.59,24.16,24.16,0.27,-0.89,1.79,0.61,,7.28,11.48,,人气Top50；温和放量；近5日趋势升温；持续霸榜,当日转弱；收盘承接偏弱；偏离20日线较大；热度可能进入后段；弱市先收缩执行；弱市里的长连榜样本优先降权,v1
2026-05-11,002281,光迅科技,3,观察池,73.0,27,0.61,1.36,5.04,21.74,24.15,2.52,5.59,1.9,4.95,12.67,7.05,8.07,24.15,人气Top3；当日涨停附近；收在日内高位；温和放量；连续上榜确认；市场强势且个股相对强势；收盘强势，次日确认,短线涨幅过热；远离20日线过多；次日高开或一字风险；v1每日精选未入前5,v1
2026-06-09,600183,生益科技,29,观察池,77.0,6,-0.32,-0.39,4.77,22.16,24.13,2.58,21.65,2.91,22.04,,10.27,24.13,,人气Top50；当日涨停附近；收在日内高位；近5日趋势升温；站上20日线且不过热；持续霸榜；人气排名明显上升；市场强势且个股相对强势；收盘强势，次日确认,热度可能进入后段；次日高开或一字风险；v1每日精选未入前5,v1
2026-05-21,002384,东山精密,45,不推送,0.0,19,1.91,6.56,7.13,24.13,24.13,6.88,5.81,4.87,3.83,14.9,10.3,13.06,18.23,人气Top50；温和放量；站上20日线且不过热；持续霸榜；人气排名明显上升,当日转弱；收盘承接偏弱；近5日趋势未确认；热度可能进入后段；弱市先收缩执行；弱市里的长连榜样本优先降权；市场健康度不足，收缩推送；市场健康度偏弱,v1
2026-04-24,600118,中国卫星,85,不推送,12.0,35,-2.39,3.32,7.08,-21.3,24.09,1.69,11.21,4.18,13.94,16.3,7.08,14.21,24.09,温和放量；近5日趋势升温；站上20日线且不过热；持续霸榜,当日转弱；收盘承接偏弱；热度可能进入后段；人气排名明显回落,v1
2026-04-21,601778,晶科科技,20,不推送,54.0,38,1.57,2.99,7.87,-20.94,24.09,12.91,12.13,11.16,10.39,16.38,24.09,24.09,24.09,人气Top20；收盘承接较强；温和放量；近5日趋势升温；站上20日线且不过热；持续霸榜,当日转弱；热度可能进入后段,v1
2026-05-27,600396,华电辽能,9,收盘强势观察,102.38,15,5.01,3.72,8.83,-4.15,24.07,-0.38,14.92,-5.13,9.44,2.91,12.01,14.92,24.07,人气Top10；当日涨停附近；收在日内高位；温和放量；近5日强势延续；持续霸榜；震荡市里保持相对强势；震荡市里承接未失控；v2强势延续修正；v2低分涨停修正；收盘强势，次日确认；v1每日精选入选,短线涨幅偏高；偏离20日线较大；热度可能进入后段；次日高开或一字风险,v1
2026-06-15,300285,国瓷材料,70,观察池,73.0,2,0.52,6.52,10.05,24.01,24.01,,,,,,,,,当日涨停附近；收盘承接较强；温和放量；近5日趋势升温；站上20日线且不过热；连续上榜确认；市场强势且个股相对强势；收盘强势，次日确认,人气排名明显回落；次日高开或一字风险；v1每日精选未入前5,v1
2026-06-02,603011,合锻智能,28,不推送,25.0,11,-5.14,6.62,10.0,24.01,24.01,12.8,0.03,18.91,5.45,19.35,17.63,17.63,22.7,人气Top50；当日上涨；收在日内高位；连续上榜确认；人气排名明显上升；市场强势且个股相对强势,放量过猛；短线涨幅过热；偏离20日线较大,v1
2026-05-28,601991,大唐发电,5,观察池,73.0,14,-1.5,7.88,9.87,14.13,24.0,14.75,10.13,16.5,11.8,-0.12,14.87,24.0,24.0,人气Top10；当日上涨；温和放量；近5日趋势升温；站上20日线且不过热；持续霸榜；市场强势且个股相对强势,热度可能进入后段；v1每日精选未入前5,v1
2026-04-24,002240,盛新锂能,33,观察池,72.0,35,0.16,2.34,4.77,-5.16,23.95,7.26,22.01,7.1,21.82,7.99,9.05,23.95,23.95,人气Top50；当日涨停附近；收在日内高位；温和放量；站上20日线且不过热；人气排名明显上升,v1每日精选未入前5,v1
2026-06-02,002421,达实智能,25,观察池,81.0,11,-1.81,-1.81,2.62,-22.94,23.94,4.83,14.69,6.76,16.8,-16.5,4.83,23.94,23.94,人气Top50；当日涨停附近；收在日内高位；温和放量；近5日趋势升温；持续霸榜；人气排名明显上升；市场强势且个股相对强势；收盘强势，次日确认,偏离20日线较大；热度可能进入后段；次日高开或一字风险；v1每日精选未入前5,v1
2026-05-06,002044,美年健康,70,不推送,4.0,31,6.81,9.94,9.94,-3.68,23.94,13.63,11.97,6.38,4.83,17.5,18.78,18.97,23.94,当日上涨；站上20日线且不过热,放量过猛,v1
2026-06-11,300706,阿石创,75,不推送,55.38,4,6.69,5.85,15.65,13.24,23.94,18.89,,11.43,,,23.94,,,当日涨停附近；收在日内高位；放量仍可控；近5日强势延续；弱市中个股相对抗跌；v2低分涨停修正；收盘强势，次日确认,短线涨幅偏高；偏离20日线较大；后段人气股在偏弱环境里更谨慎；次日高开或一字风险,v1
2026-05-13,000988,华工科技,58,不推送,41.0,25,1.25,-3.31,2.89,20.2,23.93,3.72,15.03,2.44,13.6,12.53,3.72,20.29,23.93,收盘承接较强；温和放量；近5日趋势升温；站上20日线且不过热；持续霸榜；市场强势且个股相对强势,当日转弱；热度可能进入后段,v1
2026-05-22,603005,晶方科技,50,观察池,85.0,18,2.68,9.99,9.99,17.83,23.91,9.89,4.85,7.02,2.11,17.02,20.92,20.92,23.91,人气Top50；当日强涨；收盘承接较强；放量仍可控；近5日趋势升温；站上20日线且不过热；连续上榜确认；人气排名明显上升；市场强势且个股相对强势；v2连榜升温修正,v1每日精选未入前5,v1
2026-04-24,002475,立讯精密,70,不推送,28.0,35,3.0,9.05,10.0,2.0,23.91,4.0,1.64,0.97,-1.32,21.44,10.0,10.0,23.91,温和放量；近5日趋势升温；站上20日线且不过热；持续霸榜,当日转弱；热度可能进入后段,v1
2026-05-19,300308,中际旭创,45,不推送,40.25,21,-1.06,0.68,3.98,23.89,23.89,0.77,7.09,1.85,8.23,15.71,3.98,7.77,17.47,人气Top50；收盘承接较强；温和放量；站上20日线且不过热；持续霸榜；人气排名明显上升；震荡市里保持相对强势,当日转弱；热度可能进入后段,v1
2026-04-13,002475,立讯精密,26,不推送,40.0,44,0.68,0.92,3.5,14.88,23.89,3.16,12.17,2.46,11.41,22.82,4.06,12.17,23.89,人气Top50；温和放量；近5日趋势升温；站上20日线且不过热；连续上榜确认,人气排名明显回落；上影线偏长,v1
2026-06-10,000636,风华高科,19,不推送,0.0,5,0.33,7.51,10.0,23.83,23.88,8.73,23.83,8.37,23.41,,11.19,23.88,,人气Top20；温和放量；持续霸榜,当日转弱；收盘承接偏弱；近5日趋势未确认；偏离20日线较大；热度可能进入后段；弱市先收缩执行；弱市里的长连榜样本优先降权,v1
2026-05-13,601991,大唐发电,1,不推送,51.0,25,10.04,-2.31,10.04,23.88,23.88,7.6,2.31,-2.22,-7.03,4.61,10.18,17.23,17.23,人气Top3；当日涨停附近；收在日内高位；持续霸榜；人气排名明显上升；市场强势且个股相对强势；收盘强势，次日确认,量能不足；短线涨幅过热；远离20日线过多；热度可能进入后段；次日高开或一字风险,v1
2026-05-22,002156,通富微电,42,不推送,59.0,18,1.31,10.01,10.01,6.09,23.86,12.75,4.17,11.29,2.82,5.49,23.86,23.86,23.86,人气Top50；收盘承接较强；温和放量；近5日趋势升温；站上20日线且不过热；持续霸榜；市场强势且个股相对强势,热度可能进入后段,v1
2026-04-28,300757,罗博特科,52,不推送,0.0,16,-4.55,-3.5,-1.67,22.91,23.83,-5.04,2.6,-0.51,7.49,16.59,-1.67,4.54,23.83,站上20日线且不过热,当日转弱；收盘承接偏弱；近5日趋势未确认,v1
2026-05-06,600379,宝光股份,83,不推送,59.0,31,8.58,9.83,9.83,-26.76,23.78,-0.36,2.26,-8.23,-5.82,-10.13,20.86,20.86,23.78,当日涨停附近；收在日内高位；温和放量；近5日强势延续；连续上榜确认,短线涨幅偏高；偏离20日线较大；人气排名明显回落,v1
2026-04-30,600379,宝光股份,41,观察池,75.0,31,8.58,9.83,9.83,-26.76,23.78,-0.36,2.26,-8.23,-5.82,-10.13,20.86,20.86,23.78,人气Top50；当日涨停附近；收在日内高位；温和放量；近5日强势延续；连续上榜确认；人气排名明显上升,短线涨幅偏高；偏离20日线较大；v1每日精选未入前5,v1
2026-06-02,000725,京东方A,5,不推送,37.5,11,2.01,2.19,8.23,22.67,23.77,17.55,19.2,15.23,16.85,11.52,23.77,23.77,23.77,人气Top10；收盘承接较强；站上20日线且不过热；持续霸榜,近5日趋势未确认；热度可能进入后段；强势市里个股相对走弱；市场健康度不足，收缩推送,v1
2026-04-20,002149,西部材料,17,强推观察,93.0,39,4.16,1.74,5.76,-0.38,23.76,6.72,-3.98,2.45,-7.82,21.88,11.0,11.0,23.76,人气Top20；当日涨停附近；收在日内高位；温和放量；近5日强势延续；站上20日线且不过热；连续上榜确认；人气排名明显上升；v1每日精选入选,短线涨幅偏高,v1
2026-06-01,002491,通鼎互联,48,不推送,0.0,12,-2.93,8.15,8.62,23.75,23.75,15.65,8.19,19.14,11.46,4.01,15.65,23.19,23.19,人气Top50；温和放量；站上20日线且不过热；连续上榜确认,当日转弱；收盘承接偏弱；近5日趋势未确认；弱市先收缩执行；市场健康度不足，收缩推送；市场健康度偏弱,v1
2026-04-23,603601,再升科技,90,不推送,0.0,36,0.0,-6.4,5.41,4.09,23.7,0.73,4.55,0.73,4.55,11.29,5.41,6.6,23.7,温和放量；站上20日线且不过热；持续霸榜,当日转弱；收盘承接偏弱；热度可能进入后段；人气排名明显回落,v1
2026-06-03,002297,博云新材,81,不推送,11.12,10,-0.42,-1.89,-0.38,21.72,23.7,-6.47,-1.65,-6.07,-1.23,21.72,0.94,0.94,23.7,当日上涨；温和放量；震荡市里保持相对强势,近5日趋势未确认；仍在20日线下方；后段人气股在偏弱环境里更谨慎,v1
2026-06-10,600105,永鼎股份,67,不推送,0.0,5,-1.55,0.06,5.66,20.63,23.69,2.33,20.63,3.94,22.53,,5.66,23.69,,站上20日线且不过热；持续霸榜,当日转弱；收盘承接偏弱；热度可能进入后段；人气排名明显回落；弱市先收缩执行；后段人气股在偏弱环境里更谨慎；弱市里的长连榜样本优先降权,v1
2026-06-01,002428,云南锗业,44,不推送,0.0,12,-0.39,5.25,7.41,20.96,23.68,7.98,-4.17,8.4,-3.79,23.68,13.1,13.1,23.68,人气Top50；温和放量；连续上榜确认,当日转弱；收盘承接偏弱；近5日趋势未确认；仍在20日线下方；弱市先收缩执行；市场健康度不足，收缩推送；市场健康度偏弱,v1
2026-06-08,603986,兆易创新,58,不推送,3.38,7,4.01,5.59,6.09,23.63,23.63,2.0,9.28,-1.93,5.07,,6.09,9.49,,温和放量；站上20日线且不过热；持续霸榜,当日转弱；热度可能进入后段；人气排名明显回落；弱市先收缩执行；后段人气股在偏弱环境里更谨慎；弱市里的长连榜样本优先降权,v1
2026-06-02,000636,风华高科,6,观察池,74.0,11,-1.37,1.05,2.94,23.62,23.62,-0.43,1.95,0.95,3.37,17.86,7.81,7.81,19.4,人气Top10；当日强涨；收在日内高位；温和放量；近5日强势延续；持续霸榜；人气排名明显上升；市场强势且个股相对强势,短线涨幅偏高；远离20日线过多；热度可能进入后段；v1每日精选未入前5,v1
2026-05-14,600206,有研新材,88,不推送,34.88,24,-0.96,-5.31,1.89,23.61,23.61,-5.22,-10.47,-4.3,-9.6,-4.19,1.89,1.89,1.89,当日上涨；温和放量；近5日趋势升温；站上20日线且不过热,弱市先收缩执行；后段人气股在偏弱环境里更谨慎,v1
2026-06-12,600206,有研新材,78,不推送,25.12,3,0.58,7.76,7.76,20.61,23.61,20.61,,19.92,,,23.61,,,放量仍可控；近5日趋势升温；站上20日线且不过热；连续上榜确认；震荡市里保持相对强势；v2热点回踩观察,当日转弱；收盘承接偏弱；人气排名明显回落；后段人气股在偏弱环境里更谨慎,v1
2026-05-12,600172,黄河旋风,18,收盘强势观察,82.0,26,1.49,10.04,10.04,23.61,23.61,2.79,0.56,1.28,-0.92,23.61,15.99,15.99,23.61,人气Top20；当日涨停附近；收在日内高位；近5日强势延续；站上20日线且不过热；首次上榜即强势；市场强势且个股相对强势；v2低分涨停修正；收盘强势，次日确认；v1每日精选入选,短线涨幅偏高；次日高开或一字风险,v1
2026-06-02,300620,光库科技,77,观察池,74.0,11,4.06,5.32,9.68,23.49,23.59,0.09,-3.55,-3.81,-7.31,22.65,12.41,12.41,23.59,当日涨停附近；收在日内高位；温和放量；近5日强势延续；站上20日线且不过热；市场强势且个股相对强势；v2低分涨停修正；收盘强势，次日确认,短线涨幅偏高；次日高开或一字风险；v1每日精选未入前5,v1
2026-04-28,002580,圣阳股份,27,不推送,36.0,33,-1.36,-3.05,1.56,-27.8,23.59,0.81,11.39,2.2,12.92,-4.58,1.56,11.39,23.59,人气Top50；收盘承接较强；温和放量；站上20日线且不过热；持续霸榜,近5日趋势未确认；热度可能进入后段；人气排名明显回落,v1
2026-05-29,002436,兴森科技,30,不推送,48.0,13,-0.47,-0.16,3.93,23.58,23.58,2.95,-2.02,3.43,-1.56,-2.28,10.13,10.13,10.13,人气Top50；当日上涨；温和放量；近5日趋势升温；站上20日线且不过热；人气排名明显上升,弱市先收缩执行,v1
2026-04-13,603538,美诺华,32,不推送,14.0,44,0.0,6.01,7.74,-21.36,23.57,16.5,6.95,16.5,6.95,17.33,19.18,19.18,23.57,人气Top50；温和放量；近5日趋势升温；连续上榜确认,当日转弱；收盘承接偏弱；偏离20日线较大；人气排名明显回落,v1
2026-05-12,603459,红板科技,43,不推送,29.0,26,-3.04,1.62,7.18,-4.17,23.55,-10.09,-6.87,-7.27,-3.95,21.2,7.18,7.18,23.55,人气Top50；当日上涨；放量仍可控；连续上榜确认；人气排名明显上升；市场强势且个股相对强势,短线涨幅过热；偏离20日线较大,v1
2026-04-15,002475,立讯精密,58,不推送,2.0,42,-0.03,2.84,3.18,14.53,23.51,11.82,15.74,11.86,15.78,16.77,11.82,16.86,23.51,近5日趋势升温；站上20日线且不过热；连续上榜确认,当日转弱；收盘承接偏弱；人气排名明显回落,v1
2026-05-20,000021,深科技,12,不推送,42.25,20,0.84,-4.62,3.09,13.22,23.51,7.99,15.46,7.09,14.5,0.47,8.92,23.51,23.51,人气Top20；温和放量；近5日趋势升温；站上20日线且不过热；连续上榜确认；震荡市里保持相对强势,收盘承接偏弱；上影线偏长,v1
2026-05-27,600186,莲花控股,34,不推送,12.25,15,-4.72,-7.75,-2.7,23.5,23.5,-17.1,-19.55,-13.0,-15.56,-2.11,-2.7,-2.7,-0.59,人气Top50；近5日趋势升温；站上20日线且不过热；持续霸榜；震荡市里保持相对强势,当日转弱；收盘承接偏弱；热度可能进入后段,v1
2026-05-18,002149,西部材料,21,不推送,0.0,22,20.42,11.12,23.48,-2.21,23.48,14.23,13.96,-5.14,-5.37,-7.75,23.48,23.48,23.48,人气Top50；人气排名明显上升,当日转弱；收盘承接偏弱；近5日趋势未确认；震荡市里相对走弱；市场健康度不足，收缩推送,v1
2026-05-06,000925,众合科技,69,不推送,0.0,30,4.07,3.23,6.88,-13.66,23.46,1.98,23.46,-2.0,18.64,-10.32,11.57,23.46,23.46,温和放量；站上20日线且不过热,当日转弱；收盘承接偏弱；强势市里个股相对走弱,v1
2026-05-18,300136,信维通信,22,不推送,28.25,22,10.94,9.98,13.31,4.64,23.46,8.54,17.6,-2.16,6.0,-9.27,16.92,23.46,23.46,人气Top50；当日上涨；温和放量；站上20日线且不过热；人气排名明显上升；震荡市里保持相对强势,收盘承接偏弱；近5日趋势未确认,v1
2026-05-15,601869,长飞光纤,100,不推送,0.0,23,-1.34,7.1,7.77,23.46,23.46,6.69,4.2,8.14,5.61,7.99,8.96,8.96,9.12,温和放量,当日转弱；收盘承接偏弱；近5日趋势未确认；震荡市里相对走弱；后段人气股在偏弱环境里更谨慎；市场健康度不足，收缩推送,v1
2026-06-02,603986,兆易创新,72,不推送,21.5,11,0.88,3.7,7.44,23.46,23.46,2.8,5.44,1.9,4.51,12.23,13.34,13.34,14.36,收盘承接较强；温和放量；站上20日线且不过热；持续霸榜,近5日趋势未确认；热度可能进入后段；人气排名明显回落；强势市里个股相对走弱；市场健康度不足，收缩推送,v1
2026-05-06,301511,德福科技,34,不推送,43.0,13,-1.35,2.77,5.05,19.99,23.42,2.91,13.21,4.32,14.76,21.45,8.16,16.9,23.42,人气Top50；当日涨停附近；收在日内高位；温和放量；市场强势且个股相对强势；收盘强势，次日确认,短线涨幅过热；远离20日线过多；次日高开或一字风险,v1
2026-05-14,600172,黄河旋风,19,不推送,7.0,24,-2.03,-6.51,3.13,12.43,23.42,-8.54,-15.55,-6.64,-13.81,23.42,3.13,3.13,23.42,人气Top20；放量仍可控；近5日强势延续；连续上榜确认,当日转弱；收盘承接偏弱；短线涨幅偏高；偏离20日线较大；弱市先收缩执行,v1
2026-04-14,601138,工业富联,14,观察池,80.0,43,0.75,-1.87,1.78,23.29,23.29,3.48,4.23,2.71,3.45,15.75,3.87,7.48,17.28,人气Top20；当日上涨；收盘承接较强；温和放量；近5日趋势升温；站上20日线且不过热；连续上榜确认；人气排名明显上升,v1每日精选未入前5,v1
2026-05-07,001309,德明利,22,不推送,42.0,29,-2.8,-3.05,-1.06,15.1,23.27,0.24,17.05,3.13,20.43,6.42,4.61,19.95,23.27,人气Top50；当日上涨；放量仍可控；近5日强势延续；站上20日线且不过热；连续上榜确认；市场强势且个股相对强势,短线涨幅偏高；上影线偏长,v1
2026-05-19,600522,中天科技,12,不推送,61.38,21,0.0,1.93,6.4,23.25,23.25,-1.64,-9.14,-1.64,-9.14,-3.73,6.4,6.4,6.4,人气Top20；收在日内高位；温和放量；站上20日线且不过热；持续霸榜；震荡市里保持相对强势；震荡市里承接未失控,热度可能进入后段,v1
2026-05-18,002202,金风科技,66,不推送,0.0,22,20.74,20.08,21.54,3.83,23.24,16.82,17.52,-3.25,-2.66,10.82,23.24,23.24,23.24,持续霸榜,当日转弱；收盘承接偏弱；近5日趋势未确认；仍在20日线下方；热度可能进入后段；震荡市里相对走弱；后段人气股在偏弱环境里更谨慎；市场健康度不足，收缩推送,v1
2026-04-28,002759,天际股份,100,不推送,0.0,33,0.03,5.91,6.76,-19.03,23.24,21.5,10.09,21.46,10.06,7.15,23.24,23.24,23.24,温和放量,当日转弱；收盘承接偏弱；近5日趋势未确认；人气排名明显回落,v1
2026-04-24,002709,天赐材料,21,观察池,72.0,35,0.08,4.21,4.47,0.21,23.21,12.48,21.35,12.39,21.26,9.82,12.48,23.21,23.21,人气Top50；当日强涨；收盘承接较强；温和放量；近5日趋势升温；站上20日线且不过热；人气排名明显上升,v1每日精选未入前5,v1
2026-06-11,002428,云南锗业,19,观察池,71.5,4,1.43,4.56,5.84,12.49,23.14,14.69,,13.07,,,23.14,,,人气Top20；当日涨停附近；收在日内高位；放量仍可控；站上20日线且不过热；人气排名明显上升；弱市中个股相对抗跌；收盘强势，次日确认,近5日趋势未确认；次日高开或一字风险；v1每日精选未入前5,v1
2026-05-12,603601,再升科技,70,不推送,5.0,26,0.77,7.12,10.02,-6.47,23.13,0.0,6.64,-0.77,5.83,19.04,10.02,18.51,23.13,近5日趋势升温；站上20日线且不过热；持续霸榜；市场强势且个股相对强势,当日转弱；收盘承接偏弱；热度可能进入后段,v1
2026-05-22,603629,利通电子,2,观察池,102.5,18,2.68,3.25,6.31,-15.65,23.12,9.42,23.04,6.56,19.83,-7.8,10.85,23.12,23.12,人气Top3；当日强涨；收在日内高位；温和放量；近5日趋势升温；站上20日线且不过热；持续霸榜；人气排名明显上升；市场强势且个股相对强势,热度可能进入后段；Top3高热度拥挤，次日兑现风险；v1每日精选未入前5,v1
2026-04-21,002709,天赐材料,13,观察池,72.0,38,-0.57,-1.88,1.72,0.11,23.09,-0.09,2.16,0.48,2.74,10.65,2.14,7.41,23.09,人气Top20；当日上涨；收盘承接较强；温和放量；近5日趋势升温；站上20日线且不过热；人气排名明显上升,v1每日精选未入前5,v1
2026-04-20,600150,中国船舶,75,不推送,44.0,39,0.45,2.95,3.77,5.3,23.07,9.41,8.87,8.92,8.38,15.11,10.29,11.39,23.07,当日上涨；收在日内高位；近5日趋势升温；站上20日线且不过热,-,v1
2026-04-16,300857,协创数据,38,观察池,71.0,41,-2.9,-0.66,0.94,17.3,23.01,-4.53,12.96,-1.67,16.34,14.1,0.94,17.75,23.01,人气Top50；当日涨停附近；收在日内高位；温和放量；近5日强势延续；连续上榜确认,短线涨幅偏高；偏离20日线较大；v1每日精选未入前5,v1
2026-05-27,000601,韶能股份,80,观察池,70.25,15,0.87,-0.25,3.73,-11.94,23.01,1.62,15.67,0.74,14.67,-11.94,7.34,23.01,23.01,当日涨停附近；收在日内高位；温和放量；近5日趋势升温；站上20日线且不过热；震荡市里保持相对强势；震荡市里承接未失控；收盘强势，次日确认,人气排名明显回落；后段人气股在偏弱环境里更谨慎；次日高开或一字风险；v1每日精选未入前5,v1
2026-04-10,000890,法尔胜,69,不推送,0.0,45,-7.81,-7.46,-5.35,-35.82,23.01,-10.2,-12.67,-2.6,-5.27,14.29,-5.35,-5.35,23.01,温和放量；站上20日线且不过热,当日转弱；收盘承接偏弱；近5日趋势未确认,v1
2026-06-10,601208,东材科技,64,不推送,24.88,5,-1.28,-1.01,1.84,17.4,22.98,4.6,17.4,5.96,18.93,,6.56,22.98,,当日上涨；温和放量；近5日趋势升温；站上20日线且不过热；连续上榜确认,收盘承接偏弱；上影线偏长；弱市先收缩执行；后段人气股在偏弱环境里更谨慎,v1
2026-05-19,001259,利仁科技,67,不推送,34.25,21,10.02,10.02,10.02,-5.66,22.97,8.2,0.27,-1.65,-8.85,-8.29,22.97,22.97,22.97,当日涨停附近；收在日内高位；温和放量；震荡市里保持相对强势；震荡市里承接未失控；收盘强势，次日确认,短线涨幅过热；远离20日线过多；后段人气股在偏弱环境里更谨慎；次日高开或一字风险,v1
2026-04-24,000889,中嘉博创,65,不推送,56.0,35,-1.88,-6.89,-0.84,-23.8,22.96,0.42,1.46,2.34,3.4,16.28,3.97,3.97,22.96,当日涨停附近；收在日内高位；温和放量；站上20日线且不过热,近5日趋势未确认,v1
2026-04-22,000062,深圳华强,43,重点观察,80.0,37,1.1,-4.66,1.1,-2.73,22.95,15.41,9.22,14.15,8.03,19.76,15.41,19.79,22.95,人气Top50；当日涨停附近；收在日内高位；温和放量；近5日趋势升温；站上20日线且不过热；v1每日精选入选,-,v1
2026-05-29,601869,长飞光纤,77,不推送,48.38,13,-0.7,-7.75,-0.7,14.32,22.89,10.47,9.65,11.25,10.42,8.36,11.62,20.93,22.89,当日强涨；收在日内高位；放量仍可控；站上20日线且不过热；弱市中个股相对抗跌,后段人气股在偏弱环境里更谨慎,v1
2026-05-21,600578,京能电力,3,观察池,94.5,19,-3.18,0.49,8.8,-1.96,22.86,12.1,12.59,15.78,16.29,14.43,20.9,22.86,22.86,人气Top3；当日涨停附近；收在日内高位；温和放量；近5日强势延续；持续霸榜；人气排名明显上升；弱市中个股相对抗跌；v2低分涨停修正；收盘强势，次日确认,短线涨幅偏高；偏离20日线较大；热度可能进入后段；弱市里的长连榜样本优先降权；Top3高热度拥挤，次日兑现风险；次日高开或一字风险；v1每日精选未入前5,v1
2026-05-14,002171,楚江新材,84,不推送,0.88,24,2.62,-2.38,3.36,22.85,22.85,-5.41,-12.04,-7.82,-14.29,-0.33,3.36,3.36,3.36,站上20日线且不过热,弱市先收缩执行；后段人气股在偏弱环境里更谨慎,v1
2026-05-15,300308,中际旭创,62,不推送,13.12,23,-0.86,0.58,3.46,22.82,22.82,-0.19,-0.1,0.68,0.77,11.76,3.46,3.46,16.46,温和放量；近5日趋势升温；站上20日线且不过热；持续霸榜；震荡市里保持相对强势,当日转弱；收盘承接偏弱；热度可能进入后段；人气排名明显回落；后段人气股在偏弱环境里更谨慎,v1
2026-04-28,603601,再升科技,89,不推送,22.0,33,-2.75,-0.46,3.21,3.34,22.8,9.57,17.23,12.67,20.55,10.48,14.22,22.8,22.8,温和放量；站上20日线且不过热；持续霸榜,近5日趋势未确认；热度可能进入后段,v1
2026-06-09,601208,东材科技,70,观察池,81.0,6,4.95,4.58,7.92,22.78,22.78,2.42,20.33,-2.41,14.66,,9.58,20.33,,当日涨停附近；收在日内高位；温和放量；近5日趋势升温；站上20日线且不过热；市场强势且个股相对强势；v2低分涨停修正；收盘强势，次日确认,次日高开或一字风险；v1每日精选未入前5,v1
2026-05-11,600105,永鼎股份,49,不推送,49.0,27,0.45,1.79,8.93,22.77,22.77,5.04,0.29,4.57,-0.15,-8.15,9.71,9.71,9.71,人气Top50；温和放量；近5日趋势升温；站上20日线且不过热；连续上榜确认；市场强势且个股相对强势,人气排名明显回落,v1
2026-05-20,300058,蓝色光标,78,不推送,0.0,20,17.8,16.68,22.77,-1.06,22.77,11.05,4.37,-5.73,-11.4,9.53,22.77,22.77,22.77,持续霸榜,当日转弱；近5日趋势未确认；仍在20日线下方；热度可能进入后段；人气排名明显回落；震荡市里相对走弱；后段人气股在偏弱环境里更谨慎；市场健康度不足，收缩推送,v1
2026-04-14,002475,立讯精密,18,不推送,40.0,43,-0.24,-0.61,3.11,13.83,22.76,1.03,11.18,1.27,11.44,18.16,3.11,11.6,22.76,人气Top20；温和放量；近5日趋势升温；站上20日线且不过热；连续上榜确认,收盘承接偏弱；上影线偏长,v1
2026-06-10,600667,太极实业,24,不推送,42.5,5,-3.39,9.99,9.99,19.47,22.74,8.86,19.47,12.68,23.67,,18.47,22.74,,人气Top50；温和放量；近5日趋势升温；站上20日线且不过热；持续霸榜；人气排名明显上升,热度可能进入后段；弱市先收缩执行；弱市里的长连榜样本优先降权,v1
2026-04-30,300769,德方纳米,85,不推送,1.0,14,0.54,11.4,12.11,-3.0,22.72,9.74,7.21,9.15,6.64,-1.64,22.72,22.72,22.72,当日涨停附近；近5日强势延续；连续上榜确认,收盘承接偏弱；短线涨幅偏高；远离20日线过多；人气排名明显回落；上影线偏长,v1
2026-05-06,300769,德方纳米,95,不推送,5.0,14,0.54,11.4,12.11,-3.0,22.72,9.74,7.21,9.15,6.64,-1.64,22.72,22.72,22.72,当日涨停附近；近5日强势延续；连续上榜确认,收盘承接偏弱；短线涨幅偏高；远离20日线过多；上影线偏长,v1
2026-06-11,603256,宏和科技,70,不推送,48.38,4,2.37,-1.47,6.64,22.7,22.7,19.22,,16.46,,,19.22,,,当日上涨；收盘承接较强；温和放量；近5日趋势升温；站上20日线且不过热；弱市中个股相对抗跌,人气排名明显回落；后段人气股在偏弱环境里更谨慎,v1
2026-06-05,603938,三孚股份,69,观察池,74.38,8,-4.02,-1.19,3.12,5.0,22.69,13.6,0.51,18.35,4.72,,13.6,22.69,,当日涨停附近；收在日内高位；温和放量；近5日趋势升温；站上20日线且不过热；弱市中个股相对抗跌；v2低分涨停修正；收盘强势，次日确认,人气排名明显回落；后段人气股在偏弱环境里更谨慎；次日高开或一字风险；v1每日精选未入前5,v1
2026-05-15,600172,黄河旋风,64,不推送,0.0,23,-17.72,-15.66,-8.48,1.6,22.69,-18.26,-16.04,-0.65,2.04,7.56,-8.48,-8.48,22.69,连续上榜确认；震荡市里保持相对强势,短线涨幅过热；偏离20日线较大；人气排名明显回落；上影线偏长；后段人气股在偏弱环境里更谨慎,v1
2026-05-28,688635,长进光子,91,不推送,0.0,14,-1.2,17.86,22.66,-17.91,22.66,-0.05,6.33,1.16,7.62,-27.04,22.66,22.66,22.66,连续上榜确认,当日转弱；人气排名明显回落；强势市里个股相对走弱,v1
2026-06-10,300433,蓝思科技,32,不推送,3.5,5,-2.21,1.35,1.95,21.61,22.65,9.19,21.61,11.66,24.36,,12.92,22.65,,人气Top50；温和放量；站上20日线且不过热；连续上榜确认；人气排名明显上升,当日转弱；收盘承接偏弱；近5日趋势未确认；弱市先收缩执行；市场健康度不足，收缩推送；市场健康度偏弱,v1
2026-04-24,300067,安诺其,51,不推送,0.0,18,1.35,-2.25,2.85,-2.85,22.64,6.75,13.49,5.33,11.98,11.54,16.19,17.69,22.64,连续上榜确认,当日转弱；收盘承接偏弱；放量过猛；短线涨幅过热；偏离20日线较大,v1
2026-04-23,002149,西部材料,64,不推送,32.0,36,-2.58,-10.0,-2.07,-6.65,22.6,-12.02,-1.27,-9.69,1.34,15.56,-2.07,-1.27,22.6,温和放量；近5日趋势升温；站上20日线且不过热；持续霸榜,热度可能进入后段；上影线偏长,v1
2026-05-27,300394,天孚通信,84,不推送,21.12,15,-0.24,4.43,5.04,7.75,22.53,0.06,16.07,0.3,16.34,-4.1,14.9,22.53,22.53,温和放量；近5日趋势升温；站上20日线且不过热；震荡市里保持相对强势,当日转弱；人气排名明显回落；后段人气股在偏弱环境里更谨慎,v1
2026-05-13,001896,豫能控股,54,不推送,51.0,25,-0.23,-5.29,9.23,22.52,22.52,-17.12,-16.22,-16.93,-16.03,-11.37,9.23,9.23,9.23,当日上涨；温和放量；近5日趋势升温；站上20日线且不过热；连续上榜确认；人气排名明显上升；市场强势且个股相对强势,上影线偏长,v1
2026-05-06,001330,博纳影业,76,不推送,28.0,31,0.97,4.84,10.04,-16.44,22.49,8.95,8.95,7.9,7.9,14.15,11.25,13.18,22.49,收盘承接较强；温和放量；站上20日线且不过热,近5日趋势未确认,v1
2026-04-29,002217,合力泰,42,不推送,52.0,32,-1.63,-5.86,-0.65,-13.36,22.48,14.01,16.29,15.89,18.21,-1.95,14.01,22.48,22.48,人气Top50；当日上涨；收盘承接较强；温和放量；站上20日线且不过热；连续上榜确认,人气排名明显回落,v1
2026-04-21,002217,合力泰,22,不推送,24.0,38,-5.37,-1.68,1.68,-10.74,22.48,-9.73,0.0,-4.61,5.67,15.1,1.68,9.4,22.48,人气Top50；近5日趋势升温；站上20日线且不过热；连续上榜确认,放量过猛,v1
2026-05-12,002281,光迅科技,30,不推送,12.0,26,-2.72,-1.75,1.09,20.1,22.48,-2.49,14.59,0.24,17.8,2.59,5.61,14.59,22.48,人气Top50；温和放量；近5日强势延续；持续霸榜；市场强势且个股相对强势,短线涨幅偏高；远离20日线过多；热度可能进入后段；人气排名明显回落；上影线偏长,v1
2026-04-27,600703,三安光电,67,不推送,12.0,34,-1.43,-5.02,-0.34,16.5,22.47,-7.2,2.78,-5.85,4.27,18.47,-0.34,3.53,22.47,温和放量；近5日趋势升温；站上20日线且不过热；持续霸榜,当日转弱；收盘承接偏弱；热度可能进入后段；人气排名明显回落,v1
2026-06-02,603618,杭电股份,36,收盘强势观察,111.0,11,4.0,3.57,7.01,22.47,22.47,-1.25,-2.34,-5.05,-6.1,11.34,9.94,9.94,11.34,人气Top50；当日涨停附近；收在日内高位；温和放量；近5日趋势升温；站上20日线且不过热；连续上榜确认；人气排名明显上升；市场强势且个股相对强势；v2强势延续修正；v2低分涨停修正；收盘强势，次日确认；v1每日精选入选,次日高开或一字风险,v1
2026-04-22,600118,中国卫星,58,不推送,44.0,37,-1.31,4.53,7.6,-22.33,22.46,1.97,0.36,3.32,1.69,18.99,7.6,7.6,22.46,收在日内高位；温和放量；近5日趋势升温；站上20日线且不过热；连续上榜确认,当日转弱；人气排名明显回落,v1
2026-05-20,002015,协鑫能科,59,不推送,0.0,20,0.0,-3.54,2.3,-9.24,22.46,7.23,3.93,7.23,3.93,16.71,10.15,10.15,22.46,站上20日线且不过热；持续霸榜,当日转弱；收盘承接偏弱；近5日趋势未确认；热度可能进入后段；震荡市里相对走弱；后段人气股在偏弱环境里更谨慎；市场健康度不足，收缩推送,v1
2026-04-16,601138,工业富联,29,不推送,46.0,41,0.47,2.78,3.17,22.45,22.45,3.52,14.5,3.04,13.96,6.0,6.76,16.49,16.49,人气Top50；温和放量；近5日趋势升温；站上20日线且不过热；持续霸榜,热度可能进入后段,v1
2026-05-21,600246,万通发展,68,不推送,50.38,19,1.82,1.82,6.29,14.28,22.45,-2.4,9.09,-4.14,7.14,22.45,6.29,9.09,22.45,当日强涨；收盘承接较强；温和放量；近5日趋势升温；弱市中个股相对抗跌,偏离20日线较大；后段人气股在偏弱环境里更谨慎,v1
2026-04-13,300502,新易盛,96,不推送,28.0,44,1.99,1.42,5.11,8.81,22.44,4.83,13.71,2.78,11.49,4.93,5.31,16.43,22.44,温和放量；近5日趋势升温；站上20日线且不过热；连续上榜确认,当日转弱；人气排名明显回落,v1
2026-04-15,300476,胜宏科技,63,不推送,8.0,42,1.1,2.73,3.74,22.43,22.43,16.1,16.02,14.83,14.76,13.01,18.4,18.4,18.4,温和放量；站上20日线且不过热；连续上榜确认,当日转弱；收盘承接偏弱,v1
2026-04-28,600879,航天电子,87,不推送,0.0,33,0.72,3.27,4.66,-9.58,22.43,12.67,19.29,11.87,18.44,3.54,14.15,20.73,22.43,连续上榜确认,当日转弱；收盘承接偏弱；近5日趋势未确认；人气排名明显回落,v1
2026-06-01,300433,蓝思科技,57,不推送,42.88,12,-0.36,-1.43,2.8,22.42,22.42,4.33,1.94,4.7,2.3,9.92,11.88,14.25,14.25,当日上涨；温和放量；近5日趋势升温；站上20日线且不过热；连续上榜确认,弱市先收缩执行；后段人气股在偏弱环境里更谨慎,v1
2026-06-03,000636,风华高科,23,不推送,32.38,10,-2.87,4.89,6.69,22.33,22.38,-8.28,-1.21,-5.56,1.72,22.33,6.69,6.69,22.38,人气Top50；收盘承接较强；温和放量；近5日强势延续；持续霸榜；震荡市里保持相对强势；震荡市里承接未失控,短线涨幅偏高；远离20日线过多；热度可能进入后段,v1
2026-04-30,300083,创世纪,29,不推送,54.0,31,-2.06,-4.12,-1.18,10.3,22.37,2.16,-0.1,4.31,2.0,13.35,4.91,7.26,22.37,人气Top50；当日涨停附近；收在日内高位；近5日趋势升温；站上20日线且不过热,放量过猛,v1
2026-04-14,002364,中恒电气,5,不推送,52.0,43,0.0,2.14,3.93,22.36,22.36,-3.72,3.93,-3.72,3.93,-5.86,3.93,6.97,6.97,人气Top10；当日涨停附近；收在日内高位；连续上榜确认；人气排名明显上升,放量过猛；短线涨幅过热；偏离20日线较大,v1
2026-05-20,300657,弘信电子,58,不推送,39.12,20,18.23,11.07,22.34,8.44,22.34,10.88,-0.84,-6.21,-16.13,-7.96,22.34,22.34,22.34,温和放量；近5日趋势升温；站上20日线且不过热；连续上榜确认；震荡市里保持相对强势,人气排名明显回落；后段人气股在偏弱环境里更谨慎,v1
2026-04-24,000815,美利云,86,不推送,0.0,35,-0.99,2.45,5.74,-9.86,22.33,3.6,9.13,4.64,10.22,17.21,7.2,9.13,22.33,连续上榜确认,当日转弱；收盘承接偏弱；近5日趋势未确认；仍在20日线下方,v1
2026-05-18,002050,三花智控,20,不推送,29.38,22,15.75,14.28,17.49,-2.6,22.3,15.37,17.73,-0.32,1.72,-2.66,18.98,20.07,22.3,人气Top20；收盘承接较强；持续霸榜；震荡市里保持相对强势；震荡市里承接未失控,近5日趋势未确认；热度可能进入后段,v1
2026-05-15,002050,三花智控,3,不推送,42.88,23,13.56,15.57,17.56,-2.6,22.3,10.4,18.04,-2.79,3.94,1.2,17.56,18.98,22.3,人气Top3；收盘承接较强；持续霸榜；人气排名明显上升；震荡市里保持相对强势；震荡市里承接未失控,近5日趋势未确认；热度可能进入后段；Top3高热度拥挤，次日兑现风险,v1
2026-06-12,002384,东山精密,53,不推送,17.12,3,2.26,10.0,10.0,18.1,22.28,18.1,,15.49,,,22.28,,,当日上涨；温和放量；站上20日线且不过热；持续霸榜；人气排名明显上升；震荡市里保持相对强势,收盘承接偏弱；近5日趋势未确认；热度可能进入后段；上影线偏长；后段人气股在偏弱环境里更谨慎,v1
2026-06-09,002407,多氟多,30,不推送,39.0,6,-2.18,2.3,4.12,13.35,22.27,16.88,15.88,19.49,18.46,,18.15,22.27,,人气Top50；收盘承接较强；温和放量；连续上榜确认；人气排名明显上升；市场强势且个股相对强势,仍在20日线下方,v1
2026-05-22,600578,京能电力,11,不推送,41.0,18,1.95,9.98,9.98,-2.43,22.26,18.0,14.11,15.75,11.93,2.92,20.32,22.26,22.26,人气Top20；温和放量；近5日趋势升温；持续霸榜；市场强势且个股相对强势,偏离20日线较大；热度可能进入后段；上影线偏长,v1
2026-04-24,603538,美诺华,32,不推送,54.0,35,-1.88,-2.05,3.13,-34.35,22.25,13.41,18.96,15.58,21.24,-2.74,13.41,19.33,22.25,人气Top50；当日上涨；温和放量；近5日趋势升温；站上20日线且不过热；持续霸榜,热度可能进入后段,v1
2026-06-11,600183,生益科技,35,不推送,26.5,4,4.17,1.04,8.61,20.32,22.25,19.82,,15.01,,,22.25,,,人气Top50；温和放量；站上20日线且不过热；持续霸榜,热度可能进入后段；弱市先收缩执行；弱市里的长连榜样本优先降权,v1
2026-04-10,002222,福晶科技,90,不推送,42.0,45,-1.04,1.08,2.78,22.22,22.22,-2.25,6.08,-1.22,7.2,4.41,2.78,7.6,17.69,当日上涨；温和放量；近5日趋势升温；站上20日线且不过热,-,v1
2026-05-29,000100,TCL科技,61,不推送,0.0,13,-0.24,2.86,5.97,22.2,22.2,10.98,14.56,11.24,14.83,8.59,14.08,20.76,20.76,-,当日转弱；收盘承接偏弱；近5日趋势未确认；弱市先收缩执行；后段人气股在偏弱环境里更谨慎；市场健康度不足，收缩推送；市场健康度偏弱,v1
2026-06-03,603011,合锻智能,75,不推送,28.25,10,-2.94,4.37,7.15,16.31,22.19,-4.01,3.2,-1.1,6.33,16.31,10.32,10.32,22.19,当日上涨；收盘承接较强；温和放量；连续上榜确认；震荡市里保持相对强势；震荡市里承接未失控,短线涨幅过热；偏离20日线较大；人气排名明显回落；后段人气股在偏弱环境里更谨慎,v1
2026-05-08,002428,云南锗业,53,观察池,75.0,28,2.82,7.12,7.22,15.32,22.19,17.94,4.95,14.7,2.07,1.2,22.11,22.19,22.19,当日强涨；收盘承接较强；温和放量；近5日趋势升温；站上20日线且不过热；连续上榜确认；人气排名明显上升；市场强势且个股相对强势,v1每日精选未入前5,v1
2026-05-12,000988,华工科技,42,不推送,23.0,26,-2.89,-1.43,-0.38,18.48,22.16,-7.07,9.9,-4.31,13.17,18.35,1.42,10.79,22.16,人气Top50；温和放量；近5日趋势升温；站上20日线且不过热；持续霸榜；市场强势且个股相对强势,当日转弱；收盘承接偏弱；热度可能进入后段；人气排名明显回落,v1
2026-04-13,300476,胜宏科技,47,观察池,60.0,44,0.5,4.0,5.35,22.13,22.13,2.48,15.82,1.97,15.24,7.17,5.62,18.11,18.11,人气Top50；收盘承接较强；温和放量；近5日趋势升温；站上20日线且不过热；连续上榜确认,v1每日精选未入前5,v1
2026-04-20,600601,方正科技,74,观察池,72.0,39,-0.94,-2.47,-0.94,22.13,22.13,-0.68,1.7,0.26,2.66,2.64,1.36,2.81,4.77,当日涨停附近；收在日内高位；温和放量；近5日趋势升温；站上20日线且不过热,v1每日精选未入前5,v1
2026-05-25,603601,再升科技,7,不推送,35.0,17,-2.44,4.21,6.33,-18.12,22.12,22.12,-1.09,25.17,1.38,-21.39,22.12,22.12,22.12,人气Top10；温和放量；站上20日线且不过热；连续上榜确认；市场强势且个股相对强势,当日转弱；收盘承接偏弱,v1
2026-06-03,002428,云南锗业,78,不推送,17.12,10,-4.48,-0.43,0.75,11.54,22.1,-11.63,-9.86,-7.48,-5.62,11.54,3.93,3.93,22.1,当日上涨；温和放量；近5日趋势升温；持续霸榜；震荡市里保持相对强势,收盘承接偏弱；热度可能进入后段；人气排名明显回落；上影线偏长；后段人气股在偏弱环境里更谨慎,v1
2026-06-02,301013,利和兴,82,不推送,57.0,11,-1.05,1.08,2.88,22.09,22.09,5.1,13.96,6.21,15.17,12.54,17.53,17.53,21.12,当日涨停附近；收在日内高位；温和放量；近5日趋势升温；市场强势且个股相对强势；v2低分涨停修正；收盘强势，次日确认,远离20日线过多；人气排名明显回落；次日高开或一字风险,v1
2026-04-30,002475,立讯精密,46,不推送,0.0,31,1.9,0.12,5.97,0.48,22.06,6.4,15.21,4.42,13.07,8.06,7.58,17.58,22.06,人气Top50；站上20日线且不过热；持续霸榜；人气排名明显上升,当日转弱；收盘承接偏弱；近5日趋势未确认；热度可能进入后段,v1
2026-05-07,002580,圣阳股份,26,不推送,20.0,29,1.31,10.01,10.01,-28.69,22.06,14.26,4.72,12.79,3.37,-10.04,21.02,22.06,22.06,人气Top50；温和放量；站上20日线且不过热；连续上榜确认,收盘承接偏弱；上影线偏长,v1
2026-05-13,002364,中恒电气,82,观察池,71.0,25,5.04,0.7,9.77,7.42,22.05,1.57,6.47,-3.3,1.36,17.29,9.77,11.28,22.05,当日涨停附近；收在日内高位；温和放量；近5日趋势升温；站上20日线且不过热；市场强势且个股相对强势；收盘强势，次日确认,人气排名明显回落；次日高开或一字风险；v1每日精选未入前5,v1
2026-05-22,603601,再升科技,8,强推观察,105.0,18,0.05,-0.1,7.68,-18.21,21.99,10.89,9.8,10.83,9.75,-14.52,14.06,21.99,21.99,人气Top10；当日上涨；收在日内高位；温和放量；近5日趋势升温；站上20日线且不过热；连续上榜确认；人气排名明显上升；市场强势且个股相对强势；v2连榜升温修正；v1每日精选入选,-,v1
2026-04-27,601869,长飞光纤,92,不推送,8.0,34,-1.85,-1.06,0.97,21.99,21.99,-6.25,3.1,-4.48,5.04,7.21,0.97,3.84,13.91,温和放量；站上20日线且不过热；连续上榜确认,收盘承接偏弱；近5日趋势未确认；上影线偏长,v1
2026-04-22,600641,先导基电,95,观察池,62.0,37,-0.59,-0.22,6.65,21.95,21.95,-2.0,0.0,-1.41,0.59,8.68,6.65,6.65,10.75,当日涨停附近；收在日内高位；温和放量；近5日趋势升温,偏离20日线较大；v1每日精选未入前5,v1
2026-06-08,002407,多氟多,64,不推送,6.88,7,0.0,0.92,2.62,14.39,21.91,13.56,19.36,13.56,19.36,,13.56,21.91,,温和放量；连续上榜确认；人气排名明显上升,近5日趋势未确认；仍在20日线下方；弱市先收缩执行；后段人气股在偏弱环境里更谨慎,v1
2026-05-08,600330,天通股份,93,不推送,49.0,28,2.88,10.01,10.01,14.57,21.91,20.27,1.23,16.9,-1.6,0.34,21.06,21.91,21.91,当日上涨；温和放量；近5日趋势升温；站上20日线且不过热；连续上榜确认；市场强势且个股相对强势,人气排名明显回落,v1
2026-05-20,002409,雅克科技,77,不推送,54.25,20,0.87,-6.4,2.74,21.89,21.89,5.34,-2.69,4.43,-3.53,-6.23,5.34,5.34,5.34,当日上涨；收盘承接较强；温和放量；近5日趋势升温；站上20日线且不过热；震荡市里保持相对强势；震荡市里承接未失控,后段人气股在偏弱环境里更谨慎,v1
2026-06-10,603986,兆易创新,63,不推送,0.0,5,-0.07,0.55,1.07,21.88,21.88,7.73,21.88,7.8,21.96,,7.94,21.88,,站上20日线且不过热；持续霸榜,当日转弱；收盘承接偏弱；近5日趋势未确认；热度可能进入后段；弱市先收缩执行；后段人气股在偏弱环境里更谨慎；弱市里的长连榜样本优先降权；市场健康度不足，收缩推送；市场健康度偏弱,v1
2026-06-03,600487,亨通光电,5,观察池,80.38,10,1.72,7.04,8.27,21.4,21.85,4.42,16.9,2.66,14.92,21.4,12.61,20.3,21.85,人气Top10；当日涨停附近；收在日内高位；近5日强势延续；站上20日线且不过热；持续霸榜；震荡市里保持相对强势；震荡市里承接未失控；v2低分涨停修正；收盘强势，次日确认,量能不足；短线涨幅偏高；热度可能进入后段；次日高开或一字风险；v1每日精选未入前5,v1
2026-06-09,600667,太极实业,36,不推送,59.0,6,-3.84,1.99,6.6,21.84,21.84,5.19,15.25,9.39,19.85,,20.82,20.82,,人气Top50；当日上涨；收盘承接较强；温和放量；站上20日线且不过热；持续霸榜；人气排名明显上升；市场强势且个股相对强势,热度可能进入后段,v1
2026-05-15,002580,圣阳股份,17,不推送,0.0,23,21.18,14.38,21.83,-7.75,21.83,13.34,12.78,-6.47,-6.93,4.98,21.83,21.83,21.83,人气Top20；持续霸榜,当日转弱；收盘承接偏弱；近5日趋势未确认；仍在20日线下方；热度可能进入后段；震荡市里相对走弱；市场健康度不足，收缩推送,v1
2026-05-19,002297,博云新材,63,不推送,0.0,21,-0.42,-1.83,-0.17,7.42,21.83,10.75,9.67,11.21,10.13,-16.88,11.88,21.83,21.83,温和放量；站上20日线且不过热；持续霸榜,当日转弱；收盘承接偏弱；近5日趋势未确认；热度可能进入后段；人气排名明显回落；震荡市里相对走弱；后段人气股在偏弱环境里更谨慎；市场健康度不足，收缩推送,v1
2026-06-03,002436,兴森科技,54,不推送,17.12,10,-0.78,2.64,6.73,20.04,21.82,-7.08,-6.38,-6.35,-5.64,20.04,6.73,6.73,21.82,温和放量；近5日趋势升温；站上20日线且不过热；连续上榜确认；震荡市里保持相对强势,当日转弱；收盘承接偏弱；人气排名明显回落；后段人气股在偏弱环境里更谨慎,v1
2026-05-19,300274,阳光电源,92,不推送,45.12,21,0.61,6.24,8.58,-5.23,21.81,4.53,13.73,3.9,13.04,9.73,9.93,15.5,21.81,当日上涨；温和放量；近5日趋势升温；站上20日线且不过热；连续上榜确认；震荡市里保持相对强势,上影线偏长；后段人气股在偏弱环境里更谨慎,v1
2026-06-02,002384,东山精密,11,观察池,71.0,11,4.11,6.19,10.0,21.8,21.8,4.97,6.39,0.82,2.19,18.08,16.01,16.01,19.99,人气Top20；当日涨停附近；收在日内高位；温和放量；持续霸榜；市场强势且个股相对强势；收盘强势，次日确认,近5日趋势未确认；热度可能进入后段；次日高开或一字风险；v1每日精选未入前5,v1
2026-06-11,002384,东山精密,74,不推送,0.0,4,4.51,3.11,7.49,21.77,21.77,18.04,,12.95,,,19.96,,,温和放量；持续霸榜,当日转弱；收盘承接偏弱；近5日趋势未确认；热度可能进入后段；人气排名明显回落；弱市先收缩执行；后段人气股在偏弱环境里更谨慎；弱市里的长连榜样本优先降权；市场健康度不足，收缩推送；市场健康度偏弱,v1
2026-05-13,603601,再升科技,17,观察池,87.0,25,-0.22,-8.31,1.72,-12.68,21.76,2.71,-2.6,2.94,-2.39,18.38,2.71,10.63,21.76,人气Top20；当日强涨；收盘承接较强；温和放量；近5日趋势升温；站上20日线且不过热；持续霸榜；人气排名明显上升；市场强势且个股相对强势,热度可能进入后段；v1每日精选未入前5,v1
2026-05-13,600105,永鼎股份,78,不推送,13.0,25,1.97,4.17,8.8,21.75,21.75,-0.54,-2.3,-2.46,-4.18,-6.41,8.8,8.8,8.8,近5日趋势升温；站上20日线且不过热；持续霸榜；市场强势且个股相对强势,当日转弱；热度可能进入后段；人气排名明显回落,v1
2026-06-09,600378,昊华科技,33,不推送,61.0,6,2.29,10.07,10.07,21.73,21.73,9.04,10.67,6.6,8.19,,21.16,21.16,,人气Top50；当日上涨；收盘承接较强；温和放量；近5日趋势升温；连续上榜确认；市场强势且个股相对强势,偏离20日线较大,v1
2026-05-07,002384,东山精密,3,收盘强势观察,131.0,29,-0.51,0.15,1.19,21.72,21.72,3.97,1.81,4.5,2.33,-1.94,8.97,8.97,8.97,人气Top3；当日涨停附近；收在日内高位；温和放量；近5日趋势升温；连续上榜确认；人气排名明显上升；市场强势且个股相对强势；v2强势延续修正；v2连榜升温修正；v2低分涨停修正；收盘强势，次日确认；v1每日精选入选,偏离20日线较大；次日高开或一字风险,v1
2026-06-12,603986,兆易创新,63,不推送,0.0,3,2.8,7.59,7.79,21.72,21.72,21.72,,18.4,,,21.72,,,温和放量；站上20日线且不过热；持续霸榜；人气排名明显上升,当日转弱；收盘承接偏弱；近5日趋势未确认；热度可能进入后段；震荡市里相对走弱；后段人气股在偏弱环境里更谨慎；市场健康度不足，收缩推送,v1
2026-05-27,603435,嘉德利,73,不推送,0.0,15,-4.1,-0.22,7.58,-4.2,21.71,16.53,5.31,21.51,9.81,-4.07,20.66,20.66,21.71,连续上榜确认,当日转弱；收盘承接偏弱；仍在20日线下方；震荡市里相对走弱；后段人气股在偏弱环境里更谨慎；市场健康度不足，收缩推送,v1
2026-06-08,603773,沃格光电,47,不推送,36.5,7,0.37,10.0,10.0,21.71,21.71,2.17,0.59,1.8,0.22,,16.34,16.34,,人气Top50；当日上涨；温和放量；近5日趋势升温；持续霸榜,偏离20日线较大；热度可能进入后段；弱市先收缩执行；弱市里的长连榜样本优先降权,v1
2026-05-28,000539,粤电力A,54,观察池,82.0,14,8.67,10.04,10.04,1.86,21.69,13.14,13.63,4.1,4.56,-6.44,21.07,21.69,21.69,当日涨停附近；收在日内高位；温和放量；近5日强势延续；站上20日线且不过热；连续上榜确认；市场强势且个股相对强势；v2低分涨停修正；收盘强势，次日确认,短线涨幅偏高；次日高开或一字风险；v1每日精选未入前5,v1
2026-05-28,600759,ST洲际,55,不推送,29.0,14,4.94,4.94,4.94,-7.98,21.67,15.97,7.98,10.51,2.9,-1.9,15.97,21.67,21.67,当日上涨；收在日内高位；温和放量；持续霸榜；市场强势且个股相对强势,近5日趋势未确认；仍在20日线下方；热度可能进入后段；人气排名明显回落,v1
2026-04-17,002217,合力泰,6,强推观察,96.0,40,8.58,10.07,10.07,-0.75,21.64,9.33,0.37,0.69,-7.56,18.66,17.91,17.91,21.64,人气Top10；当日涨停附近；收在日内高位；放量仍可控；近5日趋势升温；站上20日线且不过热；首次上榜即强势；v1每日精选入选,-,v1
2026-04-21,002149,西部材料,46,不推送,46.0,38,-3.78,4.52,6.86,-2.09,21.64,-5.59,-7.71,-1.88,-4.08,18.12,9.1,9.1,21.64,人气Top50；温和放量；近5日趋势升温；站上20日线且不过热；连续上榜确认,人气排名明显回落,v1
2026-05-13,300308,中际旭创,18,观察池,81.0,25,1.51,2.74,3.78,21.63,21.63,-0.4,-1.16,-1.88,-2.63,5.93,4.83,4.83,9.32,人气Top20；当日上涨；收在日内高位；温和放量；近5日趋势升温；站上20日线且不过热；持续霸榜；市场强势且个股相对强势,热度可能进入后段；v1每日精选未入前5,v1
2026-05-14,300136,信维通信,40,不推送,0.0,24,1.26,-2.83,2.21,3.03,21.56,8.29,6.87,6.94,5.54,10.95,14.14,15.12,21.56,人气Top50；温和放量；站上20日线且不过热,当日转弱；收盘承接偏弱；弱市先收缩执行；市场健康度不足，收缩推送；市场健康度偏弱,v1
2026-05-08,002384,东山精密,32,不推送,49.0,28,0.29,3.27,5.3,21.54,21.54,4.43,-3.8,4.13,-4.08,4.33,8.8,8.8,8.8,人气Top50；温和放量；近5日趋势升温；站上20日线且不过热；连续上榜确认；市场强势且个股相对强势,人气排名明显回落,v1
2026-05-28,600745,*ST闻泰,50,不推送,31.0,14,4.98,4.98,4.98,-9.8,21.53,15.74,4.47,10.26,-0.48,-8.89,15.74,21.53,21.53,人气Top50；当日上涨；收在日内高位；近5日趋势升温；持续霸榜；市场强势且个股相对强势,量能不足；仍在20日线下方；热度可能进入后段；人气排名明显回落,v1
2026-05-19,600578,京能电力,2,不推送,54.88,21,-3.02,-10.04,-2.18,-3.02,21.52,-0.6,10.88,2.49,14.34,2.66,7.62,19.59,21.52,人气Top3；当日强涨；收盘承接较强；放量仍可控；连续上榜确认；人气排名明显上升；震荡市里保持相对强势；震荡市里承接未失控,短线涨幅过热；远离20日线过多；Top3高热度拥挤，次日兑现风险,v1
2026-04-13,002466,天齐锂业,92,不推送,52.0,44,0.64,3.91,4.09,3.12,21.51,5.19,7.6,4.51,6.91,18.6,7.34,10.14,21.51,当日上涨；收盘承接较强；温和放量；近5日趋势升温；站上20日线且不过热,-,v1
2026-04-15,600666,奥瑞德,20,不推送,24.0,42,0.32,9.95,9.95,-25.04,21.51,14.93,9.47,14.56,9.12,-10.91,21.51,21.51,21.51,人气Top20；温和放量；站上20日线且不过热；连续上榜确认；人气排名明显上升,当日转弱；收盘承接偏弱；近5日趋势未确认,v1
2026-04-17,002475,立讯精密,45,不推送,0.0,40,4.84,10.01,10.01,12.67,21.51,13.86,10.46,8.6,5.36,12.27,14.96,18.29,21.51,人气Top50；站上20日线且不过热；持续霸榜,当日转弱；收盘承接偏弱；热度可能进入后段,v1
2026-04-17,002565,顺灏股份,15,观察池,80.0,40,0.16,7.24,8.67,-28.17,21.51,16.01,4.65,15.83,4.49,1.48,21.51,21.51,21.51,人气Top20；当日上涨；收盘承接较强；温和放量；近5日趋势升温；站上20日线且不过热；连续上榜确认；人气排名明显上升,v1每日精选未入前5,v1
2026-06-03,600707,彩虹股份,83,不推送,15.12,10,-1.15,5.09,7.29,21.5,21.5,12.86,8.73,14.17,10.0,21.5,18.91,21.11,21.5,当日上涨；温和放量；震荡市里保持相对强势,近5日趋势未确认；人气排名明显回落；后段人气股在偏弱环境里更谨慎,v1
2026-04-13,600488,津药药业,82,不推送,4.0,44,0.51,5.25,6.09,-22.17,21.49,6.43,8.46,5.89,7.91,-4.91,15.74,15.74,21.49,温和放量；站上20日线且不过热；连续上榜确认,当日转弱；收盘承接偏弱；近5日趋势未确认,v1
2026-04-10,002475,立讯精密,3,观察池,68.0,45,-0.69,0.72,2.3,15.71,21.49,1.03,2.7,1.73,3.41,13.44,4.81,4.81,21.49,人气Top3；当日上涨；收盘承接较强；近5日趋势升温；站上20日线且不过热,v1每日精选未入前5,v1
2026-04-16,002364,中恒电气,36,不推送,13.0,41,0.54,-4.42,2.01,21.47,21.47,3.18,1.71,2.63,1.16,-4.7,6.19,6.19,6.19,人气Top50；放量仍可控；近5日强势延续；持续霸榜,当日转弱；短线涨幅偏高；偏离20日线较大；热度可能进入后段,v1
2026-04-21,002407,多氟多,32,不推送,52.0,38,-1.44,-0.72,0.5,20.41,21.47,2.82,5.07,4.32,6.61,8.92,2.82,8.61,21.47,人气Top50；当日上涨；收盘承接较强；温和放量；站上20日线且不过热；人气排名明显上升,-,v1
2026-05-26,301666,大普微,57,不推送,0.0,16,5.19,2.83,10.08,-2.8,21.46,6.31,6.17,1.07,0.93,7.43,10.52,14.87,21.46,温和放量；近5日趋势升温；连续上榜确认；震荡市里保持相对强势,当日转弱；收盘承接偏弱；远离20日线过多；人气排名明显回落；后段人气股在偏弱环境里更谨慎,v1
2026-05-14,600396,华电辽能,8,不推送,15.5,24,-5.05,4.75,8.17,6.97,21.45,-2.94,-14.48,2.22,-9.94,15.75,8.17,8.17,21.45,人气Top10；温和放量；近5日强势延续；持续霸榜,收盘承接偏弱；短线涨幅偏高；远离20日线过多；热度可能进入后段；弱市先收缩执行；弱市里的长连榜样本优先降权,v1
2026-05-11,600206,有研新材,62,观察池,63.0,27,0.0,-2.9,0.0,21.42,21.42,-1.77,-6.87,-1.77,-6.87,-7.6,1.68,1.68,1.68,当日强涨；收盘承接较强；温和放量；近5日趋势升温；站上20日线且不过热；市场强势且个股相对强势,v1每日精选未入前5,v1
2026-06-10,002281,光迅科技,72,不推送,0.0,5,-0.44,1.38,4.0,19.45,21.42,11.29,19.45,11.78,19.98,,11.29,21.42,,持续霸榜,当日转弱；收盘承接偏弱；近5日趋势未确认；仍在20日线下方；热度可能进入后段；弱市先收缩执行；后段人气股在偏弱环境里更谨慎；弱市里的长连榜样本优先降权；市场健康度不足，收缩推送；市场健康度偏弱,v1
2026-04-24,688981,中芯国际,89,不推送,36.0,35,2.06,5.06,6.07,21.4,21.4,1.36,10.94,-0.69,8.7,9.82,6.07,15.47,15.47,当日上涨；放量仍可控；近5日趋势升温；站上20日线且不过热,-,v1
2026-05-26,601138,工业富联,41,不推送,20.0,16,-0.11,0.14,5.37,3.8,21.39,4.89,14.33,5.01,14.46,6.8,13.79,15.9,21.39,人气Top50；温和放量；站上20日线且不过热；持续霸榜,当日转弱；热度可能进入后段；人气排名明显回落,v1
2026-04-13,603601,再升科技,93,不推送,12.0,44,0.95,3.5,4.15,14.94,21.36,9.55,13.48,8.52,12.42,8.89,14.43,16.25,21.36,当日上涨；站上20日线且不过热,近5日趋势未确认,v1
2026-04-15,002015,协鑫能科,74,不推送,4.0,42,0.56,3.48,5.73,6.46,21.35,7.64,11.63,7.04,11.01,5.0,10.0,12.08,21.35,温和放量,近5日趋势未确认；上影线偏长,v1
2026-06-11,002636,金安国纪,15,不推送,55.5,4,6.12,5.99,10.0,12.87,21.34,19.68,,12.78,,,21.34,,,人气Top20；当日涨停附近；收在日内高位；放量仍可控；连续上榜确认；人气排名明显上升；弱市中个股相对抗跌；收盘强势，次日确认,短线涨幅过热；远离20日线过多；次日高开或一字风险,v1
2026-05-28,603986,兆易创新,18,不推送,35.0,14,2.0,-3.31,2.69,21.33,21.33,-1.72,9.59,-3.65,7.44,0.1,2.69,11.39,11.39,人气Top20；温和放量；近5日趋势升温；站上20日线且不过热；持续霸榜；市场强势且个股相对强势,当日转弱；收盘承接偏弱；热度可能进入后段,v1
2026-05-12,002297,博云新材,40,不推送,0.0,26,-1.29,8.51,10.0,6.97,21.33,7.26,-0.41,8.66,0.88,9.21,13.03,13.03,21.33,人气Top50；站上20日线且不过热；持续霸榜,当日转弱；收盘承接偏弱；近5日趋势未确认；热度可能进入后段；强势市里个股相对走弱,v1
2026-04-29,000925,众合科技,100,不推送,5.0,32,0.92,-5.84,3.28,-15.16,21.31,1.43,0.2,0.51,-0.71,-7.48,5.02,9.63,21.31,近5日强势延续；站上20日线且不过热；连续上榜确认,收盘承接偏弱；短线涨幅偏高；人气排名明显回落,v1
2026-04-28,000925,众合科技,53,不推送,0.0,33,-0.92,0.0,10.04,-15.16,21.31,2.46,0.61,3.41,1.55,-1.74,10.04,10.04,21.31,近5日强势延续；站上20日线且不过热,当日转弱；收盘承接偏弱；放量过猛；短线涨幅偏高,v1
2026-06-09,000636,风华高科,17,观察池,77.0,6,3.0,-2.08,4.76,21.25,21.25,-3.21,15.6,-6.02,12.24,,8.87,17.11,,人气Top20；当日涨停附近；收在日内高位；温和放量；持续霸榜；人气排名明显上升；市场强势且个股相对强势；收盘强势，次日确认,偏离20日线较大；热度可能进入后段；次日高开或一字风险；v1每日精选未入前5,v1
2026-05-15,301696,三瑞智能,84,收盘强势观察,64.25,23,3.97,12.66,19.56,-16.33,21.24,14.89,8.54,10.51,4.39,-7.94,21.24,21.24,21.24,当日涨停附近；收在日内高位；温和放量；近5日趋势升温；震荡市里保持相对强势；震荡市里承接未失控；收盘强势，次日确认；v1每日精选入选,偏离20日线较大；后段人气股在偏弱环境里更谨慎；次日高开或一字风险,v1
2026-05-27,601138,工业富联,22,不推送,22.25,15,-0.11,7.02,8.85,3.65,21.22,5.24,15.65,5.36,15.79,1.5,13.63,21.22,21.22,人气Top50；温和放量；站上20日线且不过热；持续霸榜；人气排名明显上升；震荡市里保持相对强势,收盘承接偏弱；热度可能进入后段；上影线偏长,v1
2026-06-11,603986,兆易创新,88,不推送,12.88,4,5.07,-0.42,5.48,21.21,21.21,10.19,,4.87,,,12.27,,,收盘承接较强；站上20日线且不过热；持续霸榜；弱市中个股相对抗跌,近5日趋势未确认；热度可能进入后段；人气排名明显回落；后段人气股在偏弱环境里更谨慎；弱市里的长连榜样本优先降权,v1
2026-05-19,002491,通鼎互联,77,不推送,8.12,21,-0.97,1.94,5.02,21.19,21.19,-3.76,-8.19,-2.81,-7.29,5.91,5.02,5.02,6.37,收盘承接较强；站上20日线且不过热；连续上榜确认,近5日趋势未确认；人气排名明显回落；震荡市里相对走弱；后段人气股在偏弱环境里更谨慎；市场健康度不足，收缩推送,v1
2026-04-13,300390,天华新能,41,观察池,61.0,44,-4.45,1.06,1.3,14.4,21.17,6.83,7.99,11.81,13.02,17.49,10.82,13.47,21.17,人气Top50；当日涨停附近；收盘承接较强；温和放量；近5日强势延续；连续上榜确认,短线涨幅偏高；偏离20日线较大；人气排名明显回落；v1每日精选未入前5,v1
2026-05-19,600021,上海电力,43,观察池,71.38,21,6.67,1.25,6.67,-6.78,21.14,-4.61,10.51,-10.57,3.61,7.86,6.67,10.51,21.14,人气Top50；当日涨停附近；收在日内高位；温和放量；站上20日线且不过热；震荡市里保持相对强势；震荡市里承接未失控；收盘强势，次日确认,次日高开或一字风险；v1每日精选未入前5,v1
2026-05-29,603618,杭电股份,31,收盘强势观察,93.5,13,-6.35,-10.0,-4.99,21.12,21.12,2.44,-2.34,9.38,4.28,-9.01,5.83,8.73,8.73,人气Top50；当日涨停附近；收在日内高位；温和放量；近5日趋势升温；站上20日线且不过热；连续上榜确认；人气排名明显上升；弱市中个股相对抗跌；收盘强势，次日确认；v1每日精选入选,次日高开或一字风险,v1
2026-05-06,688041,海光信息,10,观察池,70.0,31,8.73,16.26,20.0,4.04,21.11,9.12,17.87,0.37,8.41,5.32,20.0,21.11,21.11,人气Top10；当日上涨；温和放量；近5日趋势升温；站上20日线且不过热；人气排名明显上升,v1每日精选未入前5,v1
2026-06-03,000725,京东方A,6,不推送,30.25,10,1.79,10.02,10.02,20.04,21.11,12.52,7.87,10.54,5.98,20.04,21.11,21.11,21.11,人气Top10；温和放量；站上20日线且不过热；持续霸榜；震荡市里保持相对强势,收盘承接偏弱；近5日趋势未确认；热度可能进入后段；上影线偏长,v1
2026-05-22,688981,中芯国际,98,不推送,51.0,18,3.56,18.78,20.0,2.57,21.11,11.34,6.53,7.51,2.88,-2.99,20.0,21.11,21.11,当日上涨；收盘承接较强；温和放量；近5日趋势升温；站上20日线且不过热；市场强势且个股相对强势,人气排名明显回落,v1
2026-06-02,601869,长飞光纤,37,收盘强势观察,103.0,11,3.49,8.87,10.0,12.66,21.1,8.06,18.49,4.41,14.5,13.54,19.17,19.17,21.1,人气Top50；当日涨停附近；收在日内高位；温和放量；近5日趋势升温；站上20日线且不过热；人气排名明显上升；市场强势且个股相对强势；v2强势延续修正；v2低分涨停修正；收盘强势，次日确认；v1每日精选入选,次日高开或一字风险,v1
2026-05-14,002281,光迅科技,25,不推送,26.5,24,-1.86,-3.59,-0.0,18.74,21.1,13.29,6.62,15.44,8.65,5.45,13.29,21.1,21.1,人气Top50；温和放量；近5日趋势升温；持续霸榜；人气排名明显上升,偏离20日线较大；热度可能进入后段；上影线偏长；弱市先收缩执行；弱市里的长连榜样本优先降权,v1
2026-04-30,002342,巨力索具,11,不推送,54.0,31,-0.86,1.46,3.94,-48.21,21.1,11.56,2.93,12.53,3.82,-20.6,21.1,21.1,21.1,人气Top20；当日上涨；温和放量；站上20日线且不过热；持续霸榜；人气排名明显上升,热度可能进入后段,v1
2026-05-18,002580,圣阳股份,26,不推送,0.0,22,16.98,18.93,21.09,-7.75,21.09,16.37,4.59,-0.52,-10.59,15.5,21.09,21.09,21.09,人气Top50；持续霸榜,当日转弱；收盘承接偏弱；近5日趋势未确认；仍在20日线下方；热度可能进入后段；震荡市里相对走弱；市场健康度不足，收缩推送,v1
2026-04-23,001896,豫能控股,29,观察池,60.0,36,-2.67,-6.79,-0.45,21.09,21.09,-12.47,-15.19,-10.06,-12.86,-5.51,-0.45,-0.45,-0.45,人气Top50；收盘承接较强；温和放量；近5日趋势升温；站上20日线且不过热；持续霸榜；人气排名明显上升,热度可能进入后段；v1每日精选未入前5,v1
2026-04-16,002181,粤传媒,100,不推送,52.0,41,-2.64,0.66,3.67,-16.3,21.07,-1.69,-3.67,0.98,-1.06,21.07,6.09,6.09,21.07,当日上涨；收盘承接较强；温和放量；近5日趋势升温；站上20日线且不过热,-,v1
2026-05-27,002181,粤传媒,42,不推送,32.25,15,-2.0,6.67,8.53,-24.0,21.07,21.07,5.27,23.54,7.41,7.27,21.07,21.07,21.07,人气Top50；当日上涨；温和放量；连续上榜确认；震荡市里保持相对强势,仍在20日线下方,v1
2026-05-21,000518,四环生物,40,不推送,61.5,19,8.53,10.13,10.13,-16.27,21.07,9.07,-5.07,0.49,-12.53,-2.93,21.07,21.07,21.07,人气Top50；当日涨停附近；收在日内高位；近5日趋势升温；站上20日线且不过热；弱市中个股相对抗跌；v2低分涨停修正；收盘强势，次日确认,放量过猛；次日高开或一字风险,v1
2026-05-29,002081,金螳螂,83,不推送,44.38,13,2.16,10.28,10.28,-20.9,21.06,8.13,-4.15,5.84,-6.17,-16.58,21.06,21.06,21.06,当日涨停附近；收在日内高位；温和放量；弱市中个股相对抗跌；收盘强势，次日确认,仍在20日线下方；后段人气股在偏弱环境里更谨慎；次日高开或一字风险,v1
2026-05-18,301666,大普微,38,不推送,8.25,19,4.07,17.11,18.56,-8.71,21.05,-6.07,-5.01,-9.75,-8.72,13.02,21.05,21.05,21.05,人气Top50；当日上涨；温和放量；震荡市里保持相对强势,短线涨幅过热；远离20日线过多；人气排名明显回落,v1
2026-04-10,603803,瑞斯康达,83,不推送,0.0,45,3.1,10.02,10.02,-7.07,21.05,11.9,13.55,8.53,10.14,3.68,21.05,21.05,21.05,温和放量；站上20日线且不过热,当日转弱；收盘承接偏弱,v1
2026-05-12,600379,宝光股份,34,不推送,13.75,26,-1.69,10.02,10.02,-28.38,21.04,8.57,-12.12,10.43,-10.61,-20.4,21.04,21.04,21.04,人气Top50；温和放量；站上20日线且不过热；持续霸榜；人气排名明显上升,当日转弱；收盘承接偏弱；热度可能进入后段；强势市里个股相对走弱,v1
2026-04-20,601778,晶科科技,9,不推送,40.0,39,-1.38,-2.46,-0.92,-22.89,21.04,10.45,6.61,11.99,8.1,13.98,10.45,21.04,21.04,人气Top10；温和放量；近5日趋势升温；站上20日线且不过热；持续霸榜,当日转弱；收盘承接偏弱；热度可能进入后段,v1
2026-05-21,002442,龙星科技,55,不推送,52.38,19,1.63,10.04,10.04,-32.43,21.03,0.27,-10.85,-1.34,-12.28,-25.51,21.03,21.03,21.03,当日涨停附近；收在日内高位；近5日趋势升温；站上20日线且不过热；弱市中个股相对抗跌；v2低分涨停修正；收盘强势，次日确认,放量过猛；后段人气股在偏弱环境里更谨慎；次日高开或一字风险,v1
2026-04-20,603178,圣龙股份,28,观察池,66.0,39,-3.39,10.02,10.02,-14.61,21.03,-0.42,-9.19,3.08,-6.0,5.58,21.03,21.03,21.03,人气Top50；当日涨停附近；收在日内高位；近5日趋势升温；站上20日线且不过热；连续上榜确认；人气排名明显上升,放量过猛；v1每日精选未入前5,v1
2026-04-17,603778,国晟科技,24,不推送,0.0,40,2.35,10.02,10.02,-31.38,21.03,7.63,9.4,5.16,6.89,15.09,21.03,21.03,21.03,人气Top50；温和放量；持续霸榜,当日转弱；收盘承接偏弱；近5日趋势未确认；仍在20日线下方；热度可能进入后段；人气排名明显回落,v1
2026-04-13,002192,融捷股份,88,观察池,60.0,44,-1.0,1.51,1.81,13.85,21.03,2.17,5.12,3.2,6.18,15.45,4.44,12.39,21.03,当日强涨；收盘承接较强；温和放量；近5日趋势升温；站上20日线且不过热,v1每日精选未入前5,v1
2026-05-27,600172,黄河旋风,46,不推送,10.25,15,-0.38,10.02,10.02,0.23,21.02,1.51,13.34,1.89,13.77,-8.67,21.02,21.02,21.02,人气Top50；放量仍可控；近5日趋势升温；连续上榜确认；震荡市里保持相对强势,当日转弱；收盘承接偏弱；偏离20日线较大；人气排名明显回落,v1
2026-06-08,002354,天娱数科,16,观察池,71.5,7,5.73,9.96,9.96,-4.09,21.01,8.87,2.32,2.97,-3.23,,21.01,21.01,,人气Top20；当日涨停附近；收在日内高位；站上20日线且不过热；连续上榜确认；人气排名明显上升；弱市中个股相对抗跌；收盘强势，次日确认,近5日趋势未确认；次日高开或一字风险；v1每日精选未入前5,v1
2026-05-13,002181,粤传媒,57,不推送,0.0,25,1.17,0.0,3.91,-36.31,21.01,-1.01,-19.05,-2.15,-19.99,-16.2,21.01,21.01,21.01,温和放量；站上20日线且不过热,当日转弱；收盘承接偏弱；近5日趋势未确认；强势市里个股相对走弱,v1
2026-04-16,002580,圣阳股份,2,不推送,48.0,41,4.78,10.0,10.0,-23.38,21.01,6.83,-2.99,1.96,-7.42,-1.15,21.01,21.01,21.01,人气Top3；当日涨停附近；收在日内高位；持续霸榜；人气排名明显上升,量能不足；短线涨幅过热；远离20日线过多；热度可能进入后段,v1
2026-06-15,603773,沃格光电,49,不推送,57.0,2,-0.22,10.0,10.0,21.0,21.0,,,,,,,,,人气Top50；当日上涨；收在日内高位；温和放量；站上20日线且不过热；持续霸榜；市场强势且个股相对强势,热度可能进入后段；人气排名明显回落,v1
2026-05-06,600673,东阳光,39,不推送,48.0,31,10.0,10.0,10.0,1.38,20.99,12.71,5.79,2.47,-3.83,7.06,20.99,20.99,20.99,人气Top50；当日上涨；收盘承接较强；温和放量；站上20日线且不过热,-,v1
2026-04-21,002201,九鼎新材,19,重点观察,88.0,38,0.0,9.98,9.98,-8.4,20.96,1.94,3.52,1.94,3.52,4.24,20.96,20.96,20.96,人气Top20；当日涨停附近；收在日内高位；放量仍可控；近5日趋势升温；站上20日线且不过热；首次上榜即强势；v1每日精选入选,-,v1
2026-06-15,600186,莲花控股,45,观察池,73.0,2,-0.17,9.98,9.98,20.96,20.96,,,,,,,,,人气Top50；当日上涨；收在日内高位；温和放量；近5日趋势升温；站上20日线且不过热；持续霸榜；市场强势且个股相对强势,热度可能进入后段；v1每日精选未入前5,v1
2026-06-04,600403,大有能源,62,观察池,36.25,9,0.0,10.0,10.0,-15.95,20.95,8.92,8.78,8.92,8.78,,20.95,20.95,,当日涨停附近；收在日内高位；连续上榜确认；人气排名明显上升；震荡市里保持相对强势；震荡市里承接未失控,短线涨幅过热；偏离20日线较大；一字或近似一字，参与点差；后段人气股在偏弱环境里更谨慎；一字板不可买,v1
2026-05-06,001287,中电港,67,不推送,26.0,17,1.85,10.02,10.02,4.84,20.94,9.6,9.37,7.61,7.38,7.18,13.95,16.74,20.94,当日上涨；温和放量；站上20日线且不过热,近5日趋势未确认,v1
2026-05-13,000811,冰轮环境,86,观察池,71.0,25,0.82,5.85,10.0,14.84,20.94,8.81,16.29,7.92,15.35,6.16,10.0,20.13,20.94,当日涨停附近；收在日内高位；温和放量；近5日趋势升温；市场强势且个股相对强势；v2低分涨停修正；收盘强势，次日确认,偏离20日线较大；次日高开或一字风险；v1每日精选未入前5,v1
2026-06-12,688146,中船特气,21,不推送,3.25,3,2.65,5.4,5.61,12.56,20.94,12.56,,9.65,,,20.94,,,人气Top50；温和放量；近5日强势延续；连续上榜确认；震荡市里保持相对强势,当日转弱；收盘承接偏弱；短线涨幅偏高；远离20日线过多,v1
2026-06-03,002171,楚江新材,80,不推送,45.12,10,-1.64,-1.25,0.78,17.19,20.94,3.44,-0.78,5.16,0.87,17.19,3.67,5.23,20.94,当日强涨；放量仍可控；近5日趋势升温；站上20日线且不过热；震荡市里保持相对强势,后段人气股在偏弱环境里更谨慎,v1
2026-05-11,300604,长川科技,55,观察池,64.0,27,0.72,-2.44,0.73,20.93,20.93,-4.37,-4.23,-5.06,-4.92,13.55,4.39,4.39,18.45,当日涨停附近；收在日内高位；温和放量；近5日强势延续；市场强势且个股相对强势；v2低分涨停修正；收盘强势，次日确认,短线涨幅偏高；偏离20日线较大；次日高开或一字风险；v1每日精选未入前5,v1
2026-05-28,600863,华能蒙电,12,不推送,35.0,14,0.0,9.94,9.94,-14.46,20.93,11.14,3.61,11.14,3.61,-17.32,20.93,20.93,20.93,人气Top20；温和放量；近5日趋势升温；站上20日线且不过热；持续霸榜；市场强势且个股相对强势,当日转弱；收盘承接偏弱；热度可能进入后段,v1
2026-04-30,002310,东方新能,59,不推送,8.0,17,1.96,2.94,4.9,-6.86,20.92,5.23,2.29,3.21,0.32,0.65,10.78,10.78,20.92,温和放量；站上20日线且不过热；连续上榜确认,当日转弱；收盘承接偏弱,v1
2026-05-27,000509,华塑控股,40,不推送,52.38,15,9.79,9.98,9.98,-19.77,20.92,-5.57,-6.14,-13.99,-14.51,-17.08,20.92,20.92,20.92,人气Top50；当日涨停附近；收在日内高位；近5日强势延续；震荡市里保持相对强势；震荡市里承接未失控；收盘强势，次日确认,短线涨幅偏高；偏离20日线较大；次日高开或一字风险,v1
2026-06-11,603993,洛阳钼业,77,不推送,20.38,4,5.7,10.02,10.02,16.12,20.9,15.31,,9.1,,,20.9,,,当日上涨；收盘承接较强；温和放量；弱市中个股相对抗跌,近5日趋势未确认；仍在20日线下方；后段人气股在偏弱环境里更谨慎,v1
2026-04-13,600743,华远控股,29,不推送,44.0,44,9.93,9.93,9.93,-28.08,20.89,-9.25,-11.3,-17.45,-19.31,-20.21,20.89,20.89,20.89,人气Top50；当日涨停附近；收在日内高位；连续上榜确认,短线涨幅过热；偏离20日线较大,v1
2026-05-15,002361,神剑股份,33,不推送,0.0,23,14.07,17.23,20.89,-3.16,20.89,9.24,7.63,-4.24,-5.65,-5.58,20.89,20.89,20.89,人气Top50；持续霸榜；震荡市里保持相对强势,近5日趋势未确认；仍在20日线下方；热度可能进入后段；人气排名明显回落,v1
2026-06-11,002842,翔鹭钨业,34,收盘强势观察,117.5,4,5.74,0.89,10.03,10.66,20.87,18.24,,11.82,,,20.87,,,人气Top50；当日涨停附近；收在日内高位；温和放量；近5日趋势升温；站上20日线且不过热；连续上榜确认；人气排名明显上升；弱市中个股相对抗跌；v2强势延续修正；v2连榜升温修正；v2低分涨停修正；收盘强势，次日确认；v1每日精选入选,次日高开或一字风险,v1
2026-05-06,300042,朗科科技,70,观察池,68.0,13,4.07,5.71,14.21,14.35,20.85,8.63,12.01,4.38,7.63,17.68,14.21,14.21,20.85,当日涨停附近；收在日内高位；温和放量；近5日强势延续；站上20日线且不过热；市场强势且个股相对强势；收盘强势，次日确认,短线涨幅偏高；次日高开或一字风险；v1每日精选未入前5,v1
2026-05-25,601138,工业富联,19,观察池,73.0,17,-0.63,-0.46,0.71,3.33,20.84,6.69,4.91,7.36,5.57,0.26,8.51,13.27,20.84,人气Top20；当日上涨；收在日内高位；温和放量；站上20日线且不过热；持续霸榜；人气排名明显上升；市场强势且个股相对强势,热度可能进入后段；v1每日精选未入前5,v1
2026-05-20,002421,达实智能,15,观察池,72.38,20,2.58,-7.26,10.07,-10.3,20.84,12.41,7.26,9.59,4.57,14.29,12.41,20.84,20.84,人气Top20；当日涨停附近；收在日内高位；近5日强势延续；连续上榜确认；人气排名明显上升；震荡市里保持相对强势；震荡市里承接未失控；收盘强势，次日确认,短线涨幅偏高；偏离20日线较大；次日高开或一字风险；v1每日精选未入前5,v1
2026-05-07,002081,金螳螂,2,观察池,73.0,29,-10.13,-4.85,0.57,-31.95,20.83,11.98,11.27,24.6,23.81,-20.4,11.98,18.83,20.83,人气Top3；当日涨停附近；收在日内高位；温和放量；连续上榜确认；市场强势且个股相对强势；收盘强势，次日确认,短线涨幅过热；远离20日线过多；次日高开或一字风险；v1每日精选未入前5,v1
2026-05-18,002491,通鼎互联,47,不推送,38.25,22,-2.48,-0.29,0.29,20.83,20.83,-8.5,-0.76,-6.17,1.77,-2.36,4.71,4.71,4.71,人气Top50；当日上涨；温和放量；站上20日线且不过热；人气排名明显上升；震荡市里保持相对强势,上影线偏长,v1
2026-06-11,002579,中京电子,90,不推送,0.0,4,2.35,-1.24,8.11,20.8,20.8,9.81,,7.28,,,10.66,,,持续霸榜,当日转弱；收盘承接偏弱；近5日趋势未确认；仍在20日线下方；热度可能进入后段；人气排名明显回落；弱市先收缩执行；后段人气股在偏弱环境里更谨慎；弱市里的长连榜样本优先降权；市场健康度不足，收缩推送；市场健康度偏弱,v1
2026-05-06,600666,奥瑞德,80,不推送,0.0,31,2.67,9.92,9.92,-10.88,20.8,11.64,5.34,8.74,2.6,12.6,13.93,13.93,20.8,温和放量,当日转弱；收盘承接偏弱；近5日趋势未确认；仍在20日线下方,v1
2026-04-14,600664,哈药股份,37,观察池,68.0,43,5.94,9.9,9.9,-24.01,20.79,3.22,1.49,-2.57,-4.21,-8.66,20.79,20.79,20.79,人气Top50；当日涨停附近；收在日内高位；温和放量；站上20日线且不过热,v1每日精选未入前5,v1
2026-06-05,002407,多氟多,96,不推送,0.0,8,-4.16,1.3,4.79,15.87,20.78,4.58,19.49,9.11,24.67,,6.45,20.78,,温和放量,近5日趋势未确认；仍在20日线下方；弱市先收缩执行；后段人气股在偏弱环境里更谨慎,v1
2026-04-30,601778,晶科科技,23,不推送,0.0,31,3.38,10.0,10.0,-22.77,20.77,13.69,9.23,9.97,5.65,2.62,16.62,18.46,20.77,人气Top50；站上20日线且不过热；持续霸榜,当日转弱；收盘承接偏弱；近5日趋势未确认；热度可能进入后段,v1
2026-06-11,000657,中钨高新,17,观察池,69.5,4,3.03,1.35,8.17,14.86,20.77,18.67,,15.18,,,20.77,,,人气Top20；当日上涨；收盘承接较强；温和放量；站上20日线且不过热；连续上榜确认；人气排名明显上升；弱市中个股相对抗跌,v1每日精选未入前5,v1
2026-05-25,300308,中际旭创,33,观察池,65.0,17,-1.28,0.91,1.56,16.75,20.77,9.61,3.39,11.03,4.73,5.67,9.77,10.7,20.77,人气Top50；当日上涨；收在日内高位；温和放量；站上20日线且不过热；持续霸榜；人气排名明显上升；市场强势且个股相对强势,热度可能进入后段；v1每日精选未入前5,v1
2026-05-06,601778,晶科科技,4,不推送,14.0,31,3.38,10.0,10.0,-22.77,20.77,13.69,9.23,9.97,5.65,2.62,16.62,18.46,20.77,人气Top10；站上20日线且不过热；持续霸榜；人气排名明显上升,当日转弱；收盘承接偏弱；近5日趋势未确认；热度可能进入后段,v1
2026-06-10,601991,大唐发电,2,不推送,26.0,5,-1.03,2.96,5.03,17.65,20.75,12.5,17.65,13.67,18.88,,13.02,20.75,,人气Top3；温和放量；持续霸榜,近5日趋势未确认；热度可能进入后段；上影线偏长；弱市先收缩执行；弱市里的长连榜样本优先降权；Top3高热度拥挤，次日兑现风险,v1
2026-05-26,600172,黄河旋风,23,收盘强势观察,103.38,16,0.0,-0.23,2.93,0.0,20.75,5.86,4.51,5.86,4.51,-3.38,20.75,20.75,20.75,人气Top50；当日涨停附近；收在日内高位；放量仍可控；近5日趋势升温；连续上榜确认；人气排名明显上升；震荡市里保持相对强势；震荡市里承接未失控；v2强势延续修正；v2连榜升温修正；v2低分涨停修正；收盘强势，次日确认；v1每日精选入选,偏离20日线较大；次日高开或一字风险,v1
2026-05-22,600759,ST洲际,23,不推送,0.0,18,-4.91,-4.91,-4.91,-8.68,20.75,-5.66,4.15,-0.79,9.52,8.68,-0.38,4.15,20.75,人气Top50；收在日内高位；持续霸榜,当日转弱；量能不足；近5日趋势未确认；仍在20日线下方；热度可能进入后段；强势市里个股相对走弱；市场健康度不足，收缩推送,v1
2026-04-14,300502,新易盛,97,不推送,24.0,43,0.97,-4.43,2.69,7.28,20.73,13.27,11.25,12.19,10.19,2.97,13.46,14.8,20.73,温和放量；近5日趋势升温；站上20日线且不过热；连续上榜确认,收盘承接偏弱；上影线偏长,v1
2026-04-20,600103,青山纸业,18,强推观察,100.0,39,-0.63,9.73,9.73,-24.1,20.72,8.46,0.21,9.15,0.85,3.17,20.72,20.72,20.72,人气Top20；当日涨停附近；收在日内高位；温和放量；近5日趋势升温；站上20日线且不过热；连续上榜确认；人气排名明显上升；v1每日精选入选,-,v1
2026-04-14,603538,美诺华,28,不推送,51.0,43,-0.1,8.91,10.01,-25.82,20.68,3.02,3.08,3.12,3.18,17.97,12.42,12.42,20.68,人气Top50；当日上涨；收盘承接较强；温和放量；近5日强势延续；连续上榜确认,短线涨幅偏高；偏离20日线较大,v1
2026-04-22,688048,长光华芯,60,不推送,55.0,37,2.95,-1.58,3.33,-0.38,20.67,3.24,-5.82,0.29,-8.52,16.19,9.95,9.95,20.67,当日涨停附近；收在日内高位；温和放量；近5日强势延续,短线涨幅偏高；偏离20日线较大,v1
2026-04-16,002240,盛新锂能,99,不推送,39.0,41,-0.44,1.0,3.35,-3.01,20.66,-2.71,-7.03,-2.28,-6.62,20.66,3.35,3.35,20.66,当日强涨；温和放量；近5日强势延续；站上20日线且不过热,短线涨幅偏高；人气排名明显回落,v1
2026-04-28,002297,博云新材,9,观察池,80.0,33,-5.89,2.79,7.88,14.17,20.64,6.33,13.86,12.99,20.99,14.48,15.15,15.15,20.64,人气Top10；当日涨停附近；收在日内高位；温和放量；近5日趋势升温；持续霸榜,远离20日线过多；热度可能进入后段；v1每日精选未入前5,v1
2026-05-08,600726,华电能源,47,不推送,21.0,28,-1.2,3.86,5.59,10.52,20.64,12.78,1.46,14.15,2.7,-16.25,12.78,20.64,20.64,人气Top50；温和放量；近5日趋势升温；连续上榜确认；市场强势且个股相对强势,当日转弱；收盘承接偏弱；偏离20日线较大,v1
2026-06-08,002384,东山精密,63,不推送,0.0,7,1.79,5.35,5.92,20.62,20.62,-0.94,12.35,-2.69,10.37,,7.03,12.35,,近5日趋势升温；持续霸榜,当日转弱；收盘承接偏弱；热度可能进入后段；人气排名明显回落；弱市先收缩执行；后段人气股在偏弱环境里更谨慎；弱市里的长连榜样本优先降权,v1
2026-04-22,603906,龙蟠科技,36,观察池,77.0,37,0.0,6.39,9.71,-12.75,20.61,10.1,15.27,10.1,15.27,5.17,18.1,18.1,20.61,人气Top50；当日涨停附近；收在日内高位；温和放量；近5日强势延续；站上20日线且不过热；人气排名明显上升,短线涨幅偏高；v1每日精选未入前5,v1
2026-05-12,600105,永鼎股份,26,不推送,39.0,26,-1.7,-0.94,1.07,20.61,20.61,-1.57,-3.54,0.14,-1.87,-11.53,7.78,7.78,7.78,人气Top50；温和放量；近5日趋势升温；站上20日线且不过热；连续上榜确认；人气排名明显上升；市场强势且个股相对强势,收盘承接偏弱；上影线偏长,v1
2026-05-12,600396,华电辽能,4,观察池,63.0,26,0.0,10.03,10.03,18.27,20.6,15.81,7.31,15.81,7.31,12.16,20.6,20.6,20.6,人气Top10；当日涨停附近；收在日内高位；温和放量；持续霸榜；市场强势且个股相对强势；收盘强势，次日确认,短线涨幅过热；远离20日线过多；热度可能进入后段；次日高开或一字风险；v1每日精选未入前5,v1
2026-05-29,002384,东山精密,37,不推送,0.0,13,-1.8,-10.0,-0.49,20.59,20.59,5.13,3.92,7.06,5.83,2.11,8.9,14.86,14.86,人气Top50；温和放量；站上20日线且不过热；持续霸榜,当日转弱；收盘承接偏弱；近5日趋势未确认；热度可能进入后段；弱市先收缩执行；弱市里的长连榜样本优先降权；市场健康度不足，收缩推送；市场健康度偏弱,v1
2026-06-12,002156,通富微电,32,不推送,0.0,3,2.52,7.55,7.62,17.48,20.59,17.48,,14.59,,,20.59,,,人气Top50；温和放量；连续上榜确认；人气排名明显上升,当日转弱；收盘承接偏弱；近5日趋势未确认；仍在20日线下方；震荡市里相对走弱；市场健康度不足，收缩推送,v1
2026-06-02,600162,香江控股,49,不推送,55.0,11,-0.93,4.36,6.85,1.25,20.56,7.17,14.02,8.18,15.09,8.72,14.95,20.56,20.56,人气Top50；当日涨停附近；收在日内高位；温和放量；连续上榜确认；人气排名明显上升；市场强势且个股相对强势；收盘强势，次日确认,短线涨幅过热；远离20日线过多；次日高开或一字风险,v1
2026-06-11,600105,永鼎股份,59,不推送,0.0,4,3.21,-1.99,3.52,20.56,20.56,12.52,,9.02,,,12.52,,,站上20日线且不过热；持续霸榜,收盘承接偏弱；近5日趋势未确认；热度可能进入后段；上影线偏长；弱市先收缩执行；后段人气股在偏弱环境里更谨慎；弱市里的长连榜样本优先降权；市场健康度不足，收缩推送；市场健康度偏弱,v1
2026-05-12,002015,协鑫能科,54,观察池,67.0,26,1.13,10.02,10.02,-10.87,20.56,2.12,5.32,0.98,4.14,1.27,20.56,20.56,20.56,当日上涨；收盘承接较强；温和放量；近5日趋势升温；站上20日线且不过热；连续上榜确认；人气排名明显上升；市场强势且个股相对强势,v1每日精选未入前5,v1
2026-05-14,002080,中材科技,65,不推送,16.88,24,0.0,-5.87,1.92,20.55,20.55,-6.6,-5.84,-6.6,-5.84,11.29,1.92,1.92,12.1,温和放量；近5日趋势升温；站上20日线且不过热,人气排名明显回落；上影线偏长；弱市先收缩执行；后段人气股在偏弱环境里更谨慎,v1
2026-04-28,000967,盈峰环境,98,观察池,68.0,33,-3.39,-0.49,4.44,-27.72,20.52,5.29,14.95,8.98,18.98,-6.7,5.29,20.52,20.52,当日涨停附近；收在日内高位；温和放量；近5日趋势升温；站上20日线且不过热,人气排名明显回落；v1每日精选未入前5,v1
2026-04-20,600156,华升股份,39,观察池,85.0,39,9.91,-4.02,9.91,-10.01,20.51,-3.53,-9.52,-12.23,-17.68,15.31,9.91,9.91,20.51,人气Top50；当日涨停附近；收在日内高位；温和放量；近5日强势延续；站上20日线且不过热；连续上榜确认；人气排名明显上升,短线涨幅偏高；v1每日精选未入前5,v1
2026-04-24,688268,华特气体,31,不推送,40.0,35,4.99,2.94,13.6,5.97,20.51,7.6,9.5,2.48,4.29,-2.44,20.51,20.51,20.51,人气Top50；当日涨停附近；收在日内高位；温和放量,短线涨幅过热；远离20日线过多,v1
2026-04-27,603318,水发燃气,23,不推送,46.0,34,3.75,9.98,9.98,-20.99,20.51,13.81,4.15,9.69,0.38,-10.38,20.51,20.51,20.51,人气Top50；当日涨停附近；收在日内高位；放量仍可控；连续上榜确认；人气排名明显上升,短线涨幅过热；远离20日线过多,v1
2026-05-18,002617,露笑科技,69,不推送,17.12,22,-1.11,4.77,7.43,1.22,20.51,-1.44,6.21,-0.34,7.4,2.11,7.43,7.43,20.51,温和放量；近5日趋势升温；站上20日线且不过热；连续上榜确认；震荡市里保持相对强势,当日转弱；收盘承接偏弱；人气排名明显回落；后段人气股在偏弱环境里更谨慎,v1
2026-04-28,002709,天赐材料,14,不推送,24.0,33,0.35,9.99,9.99,-2.0,20.49,18.67,8.31,18.26,7.93,6.69,20.49,20.49,20.49,人气Top20；温和放量；站上20日线且不过热；连续上榜确认,当日转弱；收盘承接偏弱,v1
2026-04-22,601778,晶科科技,40,不推送,24.0,37,5.05,9.94,9.94,-23.24,20.49,6.12,6.42,1.02,1.31,11.62,20.49,20.49,20.49,人气Top50；温和放量；近5日趋势升温；站上20日线且不过热；持续霸榜,收盘承接偏弱；热度可能进入后段；人气排名明显回落；上影线偏长,v1
2026-06-12,000725,京东方A,3,不推送,4.75,3,3.05,6.28,7.9,20.47,20.47,20.47,,16.9,,,20.47,,,人气Top3；站上20日线且不过热；持续霸榜,当日转弱；收盘承接偏弱；近5日趋势未确认；热度可能进入后段；震荡市里相对走弱；市场健康度不足，收缩推送；Top3高热度拥挤，次日兑现风险,v1
2026-06-04,000657,中钨高新,63,观察池,68.25,9,-1.75,-5.69,-0.03,20.45,20.45,-4.75,4.87,-3.05,6.74,,-0.03,7.09,,当日上涨；收在日内高位；温和放量；近5日趋势升温；站上20日线且不过热；连续上榜确认；震荡市里保持相对强势；震荡市里承接未失控,后段人气股在偏弱环境里更谨慎；v1每日精选未入前5,v1
2026-06-04,920161,龙辰科技,78,不推送,61.25,9,0.14,-0.7,20.4,-26.01,20.4,-10.84,-31.71,-10.96,-31.8,,20.4,20.4,,当日涨停附近；收在日内高位；温和放量；近5日强势延续；人气排名明显上升；震荡市里保持相对强势；震荡市里承接未失控；收盘强势，次日确认,短线涨幅偏高；偏离20日线较大；后段人气股在偏弱环境里更谨慎；次日高开或一字风险,v1
2026-06-01,300136,信维通信,64,不推送,0.0,12,0.6,0.48,2.69,15.33,20.38,7.07,13.24,6.43,12.57,6.74,9.04,20.38,20.38,温和放量；持续霸榜,当日转弱；收盘承接偏弱；近5日趋势未确认；仍在20日线下方；热度可能进入后段；人气排名明显回落；弱市先收缩执行；后段人气股在偏弱环境里更谨慎；弱市里的长连榜样本优先降权；市场健康度不足，收缩推送；市场健康度偏弱,v1
2026-05-28,002579,中京电子,13,观察池,72.0,14,6.1,-5.72,7.48,1.54,20.29,14.13,13.3,7.56,6.79,-15.94,14.13,20.29,20.29,人气Top20；当日涨停附近；收在日内高位；近5日强势延续；连续上榜确认；人气排名明显上升；市场强势且个股相对强势；收盘强势，次日确认,短线涨幅偏高；偏离20日线较大；次日高开或一字风险；v1每日精选未入前5,v1
2026-04-16,300058,蓝色光标,27,不推送,28.0,41,-1.4,4.65,5.93,-13.08,20.29,9.24,10.47,10.79,12.03,-0.47,20.29,20.29,20.29,人气Top50；当日上涨；温和放量；站上20日线且不过热；持续霸榜；人气排名明显上升,收盘承接偏弱；热度可能进入后段；上影线偏长,v1
2026-06-10,603629,利通电子,9,不推送,0.0,5,-1.83,-3.69,1.83,14.1,20.28,15.71,14.1,17.87,16.22,,15.71,20.28,,人气Top10；温和放量；持续霸榜,当日转弱；收盘承接偏弱；近5日趋势未确认；仍在20日线下方；热度可能进入后段；弱市先收缩执行；弱市里的长连榜样本优先降权；市场健康度不足，收缩推送；市场健康度偏弱,v1
2026-04-29,002050,三花智控,71,不推送,18.0,32,-0.29,4.69,5.69,-0.49,20.21,12.27,14.26,12.6,14.59,18.07,12.45,20.21,20.21,收盘承接较强；站上20日线且不过热；人气排名明显上升,近5日趋势未确认,v1
2026-05-08,601016,节能风电,86,不推送,1.75,28,-0.2,4.49,7.35,-18.57,20.2,14.9,2.65,15.13,2.86,-5.71,14.9,20.2,20.2,温和放量；站上20日线且不过热；连续上榜确认,当日转弱；收盘承接偏弱；人气排名明显回落；强势市里个股相对走弱,v1
2026-06-12,600584,长电科技,11,不推送,0.0,3,2.0,7.84,8.05,18.63,20.18,18.63,,16.3,,,20.18,,,人气Top20；温和放量；持续霸榜；人气排名明显上升,当日转弱；收盘承接偏弱；近5日趋势未确认；仍在20日线下方；热度可能进入后段；震荡市里相对走弱；市场健康度不足，收缩推送,v1
2026-04-10,600666,奥瑞德,16,不推送,16.0,45,-4.6,1.9,3.17,-25.87,20.16,-1.11,12.54,3.66,17.97,-4.92,7.3,16.19,20.16,人气Top20；温和放量；站上20日线且不过热,当日转弱；收盘承接偏弱,v1
2026-04-10,300502,新易盛,33,观察池,60.0,45,-0.86,-1.87,-0.1,6.77,20.15,-4.88,12.73,-4.06,13.71,2.83,3.14,12.91,20.15,人气Top50；当日上涨；收盘承接较强；温和放量；近5日趋势升温；站上20日线且不过热,v1每日精选未入前5,v1
2026-04-14,002432,九安医疗,90,不推送,0.0,43,0.14,-2.85,0.62,-14.1,20.12,-3.15,2.93,-3.29,2.79,-5.63,0.62,6.54,20.12,放量仍可控；站上20日线且不过热；连续上榜确认,当日转弱；收盘承接偏弱；近5日趋势未确认,v1
2026-05-25,688347,华虹公司,50,不推送,53.0,13,0.0,3.55,6.55,3.05,20.11,16.22,3.77,16.22,3.77,-0.47,20.11,20.11,20.11,人气Top50；当日涨停附近；收在日内高位；温和放量；市场强势且个股相对强势；收盘强势，次日确认,短线涨幅过热；偏离20日线较大；次日高开或一字风险,v1
2026-06-08,300433,蓝思科技,33,不推送,14.0,7,1.81,5.02,6.1,20.1,20.1,0.09,7.83,-1.68,5.92,,6.1,11.52,,人气Top50；温和放量；站上20日线且不过热；连续上榜确认；人气排名明显上升,当日转弱；收盘承接偏弱；弱市先收缩执行,v1
2026-04-27,600118,中国卫星,2,观察池,66.0,34,-1.51,-2.52,1.48,-23.83,20.1,3.32,7.84,4.9,9.49,1.31,4.32,10.53,20.1,人气Top3；当日上涨；近5日趋势升温；站上20日线且不过热；持续霸榜；人气排名明显上升,热度可能进入后段；v1每日精选未入前5,v1
2026-04-16,002475,立讯精密,44,不推送,52.0,41,-0.99,-1.16,0.71,11.36,20.1,8.77,12.11,9.86,13.23,10.84,9.18,16.92,20.1,人气Top50；收在日内高位；近5日趋势升温；站上20日线且不过热；持续霸榜；人气排名明显上升,热度可能进入后段,v1
2026-05-06,600118,中国卫星,58,不推送,38.0,30,8.94,7.84,9.51,-23.83,20.1,16.69,12.56,7.11,3.32,-13.21,20.1,20.1,20.1,当日上涨；温和放量；站上20日线且不过热；连续上榜确认,-,v1
2026-06-05,603986,兆易创新,25,不推送,4.5,8,-5.51,-2.87,0.55,20.09,20.09,-1.47,-1.34,4.28,4.42,,3.05,4.51,,人气Top50；温和放量；站上20日线且不过热；持续霸榜,当日转弱；收盘承接偏弱；热度可能进入后段；弱市先收缩执行；弱市里的长连榜样本优先降权,v1
2026-04-28,300274,阳光电源,71,不推送,2.0,33,-1.22,5.77,6.39,14.83,20.09,7.66,7.14,8.99,8.46,17.75,9.08,9.55,20.09,放量仍可控；连续上榜确认,当日转弱；近5日趋势未确认,v1
2026-06-12,002281,光迅科技,60,不推送,0.0,3,0.93,10.0,10.0,18.07,20.02,18.07,,16.98,,,20.02,,,持续霸榜；人气排名明显上升,当日转弱；收盘承接偏弱；近5日趋势未确认；热度可能进入后段；震荡市里相对走弱；后段人气股在偏弱环境里更谨慎；市场健康度不足，收缩推送,v1
2026-05-11,600488,津药药业,81,观察池,81.0,27,0.76,10.0,10.0,-30.3,20.0,18.03,-4.39,17.14,-5.11,-20.61,20.0,20.0,20.0,当日涨停附近；收在日内高位；温和放量；近5日趋势升温；站上20日线且不过热；市场强势且个股相对强势；v2低分涨停修正；收盘强势，次日确认,次日高开或一字风险；v1每日精选未入前5,v1
2026-04-15,301396,宏景科技,80,不推送,33.0,42,2.83,20.0,20.0,-10.6,20.0,-14.47,-4.02,-16.82,-6.66,-3.08,20.0,20.0,20.0,当日强涨；温和放量；近5日强势延续,短线涨幅偏高；偏离20日线较大,v1
2026-05-12,600545,卓郎智能,79,不推送,21.0,20,0.33,2.95,5.08,4.1,20.0,3.61,-3.28,3.27,-3.59,17.54,13.11,13.11,20.0,放量仍可控；近5日趋势升温；市场强势且个股相对强势,偏离20日线较大,v1
2026-05-29,002491,通鼎互联,53,不推送,30.88,13,-1.34,-3.05,3.22,19.97,19.97,1.92,3.72,3.3,5.12,-5.01,10.74,19.43,19.43,当日上涨；温和放量；站上20日线且不过热；连续上榜确认,弱市先收缩执行；后段人气股在偏弱环境里更谨慎,v1
2026-04-28,000889,中嘉博创,47,强推观察,92.0,33,-1.83,-2.04,1.43,-25.66,19.96,-1.02,10.18,0.83,12.24,4.89,1.43,19.96,19.96,人气Top50；当日涨停附近；收在日内高位；温和放量；近5日趋势升温；站上20日线且不过热；连续上榜确认；人气排名明显上升；v1每日精选入选,-,v1
2026-05-21,603459,红板科技,38,观察池,64.0,19,1.55,10.0,10.0,-6.98,19.94,17.65,7.83,15.86,6.18,11.44,19.94,19.94,19.94,人气Top50；当日上涨；温和放量；近5日趋势升温；站上20日线且不过热；连续上榜确认；人气排名明显上升；v2连榜升温修正,弱市先收缩执行；v1每日精选未入前5,v1
2026-05-25,300475,香农芯创,91,观察池,69.0,17,-1.25,-4.71,-0.76,19.91,19.91,-8.1,-18.32,-6.93,-17.28,-22.21,0.21,0.21,0.21,当日强涨；收在日内高位；温和放量；近5日趋势升温；站上20日线且不过热；市场强势且个股相对强势,v1每日精选未入前5,v1
2026-04-14,300390,天华新能,56,不推送,41.0,43,-1.53,-5.08,-1.3,13.2,19.9,8.32,5.87,10.0,7.52,14.73,12.28,12.28,19.9,收在日内高位；温和放量；近5日强势延续；连续上榜确认,短线涨幅偏高；偏离20日线较大,v1
2026-04-24,002015,协鑫能科,27,不推送,10.0,35,-3.13,-6.15,-0.31,-2.87,19.89,-4.2,0.1,-1.11,3.33,19.89,-0.31,0.1,19.89,人气Top50；近5日趋势升温；站上20日线且不过热；持续霸榜,当日转弱；收盘承接偏弱；热度可能进入后段,v1
2026-05-18,002297,博云新材,40,不推送,26.25,22,2.5,-1.6,3.69,5.7,19.89,1.31,19.89,-1.16,16.96,-19.39,6.27,19.89,19.89,人气Top50；当日上涨；站上20日线且不过热；持续霸榜；震荡市里保持相对强势,近5日趋势未确认；热度可能进入后段,v1
2026-04-21,000890,法尔胜,64,观察池,64.0,38,1.1,4.46,8.98,-37.49,19.88,11.31,8.98,10.1,7.8,-3.15,19.81,19.81,19.88,当日强涨；收盘承接较强；温和放量；近5日趋势升温；站上20日线且不过热；连续上榜确认,人气排名明显回落；v1每日精选未入前5,v1
2026-06-11,600549,厦门钨业,31,不推送,61.5,4,2.31,-3.91,3.99,19.87,19.87,16.27,,13.64,,,16.27,,,人气Top50；当日上涨；收盘承接较强；温和放量；近5日趋势升温；站上20日线且不过热；弱市中个股相对抗跌,-,v1
2026-06-08,001896,豫能控股,10,不推送,32.5,7,-0.1,10.0,10.0,11.02,19.85,8.21,15.82,8.32,15.93,,14.29,19.85,,人气Top10；温和放量；近5日趋势升温；站上20日线且不过热；持续霸榜,当日转弱；收盘承接偏弱；热度可能进入后段；弱市先收缩执行；弱市里的长连榜样本优先降权,v1
2026-04-23,002297,博云新材,7,观察池,77.0,36,-3.01,0.27,0.94,15.92,19.83,1.53,10.16,4.68,13.58,8.36,1.53,14.21,19.83,人气Top10；当日涨停附近；收在日内高位；温和放量；近5日强势延续；持续霸榜；人气排名明显上升,短线涨幅偏高；远离20日线过多；热度可能进入后段；v1每日精选未入前5,v1
2026-05-22,000630,铜陵有色,33,观察池,63.0,18,2.22,6.02,7.77,19.81,19.81,1.58,8.56,-0.62,6.2,2.06,8.24,13.79,14.9,人气Top50；当日涨停附近；收在日内高位；温和放量；市场强势且个股相对强势；收盘强势，次日确认,次日高开或一字风险；v1每日精选未入前5,v1
2026-04-14,300058,蓝色光标,23,不推送,55.0,43,-0.81,-4.86,0.75,-13.43,19.8,4.23,8.8,5.08,9.69,-3.36,5.5,19.8,19.8,人气Top50；当日上涨；温和放量；近5日强势延续；站上20日线且不过热；连续上榜确认；人气排名明显上升,短线涨幅偏高,v1
2026-06-12,002842,翔鹭钨业,37,不推送,26.25,3,5.01,9.43,10.01,9.68,19.8,9.68,,4.45,,,19.8,,,人气Top50；近5日趋势升温；站上20日线且不过热；连续上榜确认；震荡市里保持相对强势,收盘承接偏弱,v1
2026-04-10,601869,长飞光纤,8,不推送,38.0,45,-3.22,-3.95,-2.21,19.8,19.8,-6.7,-4.81,-3.6,-1.64,-4.22,-1.98,-1.98,10.02,人气Top10；温和放量；近5日趋势升温,当日转弱；偏离20日线较大,v1
2026-04-15,002364,中恒电气,29,不推送,0.0,42,1.38,-1.38,1.38,19.79,19.79,0.69,0.78,-0.68,-0.59,-8.41,1.77,4.72,4.72,人气Top50；连续上榜确认,放量过猛；短线涨幅过热；偏离20日线较大；人气排名明显回落,v1
2026-04-10,603538,美诺华,7,观察池,86.0,45,-0.18,-3.07,1.23,-23.77,19.78,11.92,5.87,12.12,6.06,16.11,13.05,15.53,19.78,人气Top10；当日强涨；收在日内高位；温和放量；近5日趋势升温；首次上榜即强势,偏离20日线较大；v1每日精选未入前5,v1
2026-06-01,301666,大普微,69,不推送,0.0,12,-2.02,4.7,4.98,-4.15,19.78,18.66,7.89,21.1,10.11,-15.35,19.78,19.78,19.78,温和放量；站上20日线且不过热,当日转弱；收盘承接偏弱；近5日趋势未确认；弱市先收缩执行；后段人气股在偏弱环境里更谨慎；市场健康度不足，收缩推送；市场健康度偏弱,v1
2026-06-09,600226,亨通股份,87,观察池,81.0,6,0.13,4.85,6.19,19.38,19.78,0.94,17.77,0.81,17.61,,9.83,19.78,,当日涨停附近；收在日内高位；温和放量；近5日趋势升温；站上20日线且不过热；市场强势且个股相对强势；v2低分涨停修正；收盘强势，次日确认,次日高开或一字风险；v1每日精选未入前5,v1
2026-04-20,300342,天银机电,79,不推送,56.0,39,0.81,8.95,9.46,-29.24,19.77,14.74,13.93,13.82,13.02,3.09,19.77,19.77,19.77,当日涨停附近；温和放量；近5日趋势升温；站上20日线且不过热,-,v1
2026-04-27,000539,粤电力A,88,不推送,38.0,34,-2.76,5.52,8.71,19.3,19.74,-5.22,5.52,-2.54,8.51,4.93,8.71,8.71,19.74,当日上涨；温和放量；近5日趋势升温；站上20日线且不过热,人气排名明显回落,v1
2026-06-12,002463,沪电股份,56,不推送,0.0,3,2.64,6.84,7.03,17.05,19.73,17.05,,14.05,,,19.73,,,站上20日线且不过热；持续霸榜,当日转弱；收盘承接偏弱；近5日趋势未确认；热度可能进入后段；震荡市里相对走弱；后段人气股在偏弱环境里更谨慎；市场健康度不足，收缩推送,v1
2026-06-03,001896,豫能控股,22,收盘强势观察,86.38,10,7.82,10.01,10.01,8.37,19.72,-2.39,5.43,-9.47,-2.22,8.37,19.72,19.72,19.72,人气Top50；当日涨停附近；收在日内高位；近5日强势延续；站上20日线且不过热；持续霸榜；人气排名明显上升；震荡市里保持相对强势；震荡市里承接未失控；v2强势延续修正；v2低分涨停修正；收盘强势，次日确认；v1每日精选入选,短线涨幅偏高；热度可能进入后段；次日高开或一字风险,v1
2026-04-21,600589,大位科技,95,不推送,0.0,38,-1.63,1.72,1.91,-2.01,19.71,-1.63,-7.46,0.0,-5.93,19.71,9.09,9.09,19.71,温和放量,当日转弱；收盘承接偏弱；近5日趋势未确认,v1
2026-05-26,300308,中际旭创,63,不推送,46.25,16,-1.18,0.76,3.99,15.69,19.67,5.27,8.05,6.53,9.34,6.98,9.7,9.7,19.67,收盘承接较强；温和放量；近5日趋势升温；站上20日线且不过热；持续霸榜；震荡市里保持相对强势；震荡市里承接未失控,热度可能进入后段；人气排名明显回落；后段人气股在偏弱环境里更谨慎,v1
2026-05-27,600863,华能蒙电,17,收盘强势观察,105.38,15,2.83,-1.04,8.94,-15.35,19.67,18.03,10.13,14.78,7.1,-16.24,19.67,19.67,19.67,人气Top20；当日涨停附近；收在日内高位；温和放量；近5日趋势升温；持续霸榜；人气排名明显上升；震荡市里保持相对强势；震荡市里承接未失控；v2强势延续修正；v2低分涨停修正；收盘强势，次日确认；v1每日精选入选,偏离20日线较大；热度可能进入后段；次日高开或一字风险,v1
2026-06-11,002585,双星新材,42,不推送,18.0,4,0.0,-6.76,2.98,19.65,19.65,12.8,,12.8,,,12.8,,,人气Top50；温和放量；近5日趋势升温；站上20日线且不过热；人气排名明显上升,当日转弱；收盘承接偏弱；弱市先收缩执行,v1
2026-05-21,000100,TCL科技,27,不推送,0.0,19,-2.8,0.23,1.87,19.63,19.63,6.54,5.14,9.62,8.17,12.85,8.41,13.08,15.42,人气Top50；当日上涨；站上20日线且不过热,收盘承接偏弱；放量过猛；弱市先收缩执行,v1
2026-05-28,600396,华电辽能,9,不推送,56.0,14,-0.42,4.0,8.0,-7.58,19.63,0.73,14.07,1.15,14.55,-7.94,8.0,14.75,19.63,人气Top10；当日上涨；温和放量；近5日强势延续；持续霸榜；市场强势且个股相对强势,短线涨幅偏高；偏离20日线较大；热度可能进入后段,v1
2026-06-05,002138,顺络电子,77,观察池,72.38,8,-2.9,0.09,7.0,19.62,19.62,4.84,0.99,7.96,4.0,,10.93,10.93,,当日涨停附近；收在日内高位；温和放量；近5日趋势升温；站上20日线且不过热；弱市中个股相对抗跌；收盘强势，次日确认,后段人气股在偏弱环境里更谨慎；次日高开或一字风险；v1每日精选未入前5,v1
2026-06-01,002463,沪电股份,37,不推送,0.5,12,1.22,6.93,7.74,19.62,19.62,14.95,11.83,13.56,10.48,9.18,16.55,16.55,16.55,人气Top50；温和放量；站上20日线且不过热；持续霸榜,当日转弱；收盘承接偏弱；近5日趋势未确认；热度可能进入后段；弱市先收缩执行；弱市里的长连榜样本优先降权,v1
2026-04-20,601869,长飞光纤,49,不推送,20.0,39,-2.0,-0.89,0.43,19.61,19.61,0.01,-1.95,2.05,0.05,1.09,9.84,9.84,9.84,人气Top50；当日上涨；温和放量；站上20日线且不过热；持续霸榜,收盘承接偏弱；热度可能进入后段；人气排名明显回落；上影线偏长,v1
2026-04-23,601869,长飞光纤,61,不推送,4.0,36,-1.72,-4.38,-0.01,19.6,19.6,-2.99,-8.08,-1.29,-6.47,6.87,2.33,2.33,11.68,温和放量；站上20日线且不过热；连续上榜确认,当日转弱；收盘承接偏弱；人气排名明显回落,v1
2026-05-25,002463,沪电股份,31,观察池,77.0,17,0.29,8.83,10.0,19.59,19.59,8.58,-0.02,8.27,-0.32,11.8,10.45,13.33,16.52,人气Top50；当日强涨；温和放量；近5日趋势升温；站上20日线且不过热；连续上榜确认；市场强势且个股相对强势；v2连榜升温修正,v1每日精选未入前5,v1
2026-05-11,688256,寒武纪,74,不推送,48.0,27,-0.0,6.49,7.78,10.0,19.58,5.05,1.42,5.05,1.42,17.21,12.5,12.5,19.58,收盘承接较强；温和放量；近5日强势延续；站上20日线且不过热；连续上榜确认；市场强势且个股相对强势,短线涨幅偏高,v1
2026-05-14,002384,东山精密,36,不推送,2.0,24,-0.94,-5.37,0.34,19.56,19.56,3.35,-3.69,4.33,-2.77,1.91,4.47,4.97,8.89,人气Top50；温和放量；站上20日线且不过热；持续霸榜；人气排名明显上升,当日转弱；收盘承接偏弱；热度可能进入后段；弱市先收缩执行；弱市里的长连榜样本优先降权；市场健康度不足，收缩推送；市场健康度偏弱,v1
2026-06-10,002407,多氟多,25,不推送,24.0,5,2.25,9.99,9.99,10.8,19.53,15.61,10.8,13.07,8.37,,18.09,19.53,,人气Top50；温和放量；连续上榜确认,弱市先收缩执行,v1
2026-06-08,002138,顺络电子,91,不推送,10.88,7,4.2,10.01,10.01,19.51,19.51,-0.05,10.13,-4.09,5.69,,10.83,11.0,,放量仍可控；近5日趋势升温；站上20日线且不过热；连续上榜确认,收盘承接偏弱；上影线偏长；弱市先收缩执行；后段人气股在偏弱环境里更谨慎,v1
2026-04-24,002297,博云新材,19,不推送,37.0,35,-5.83,-7.94,-5.83,15.61,19.51,4.08,7.67,10.52,14.33,17.26,9.24,16.59,19.51,人气Top20；收盘承接较强；温和放量；近5日强势延续；持续霸榜,短线涨幅偏高；远离20日线过多；热度可能进入后段,v1
2026-05-22,002421,达实智能,15,观察池,78.0,18,5.28,10.09,10.09,-12.16,19.5,5.05,-5.73,-0.22,-10.46,19.5,18.35,18.35,19.5,人气Top20；当日涨停附近；收在日内高位；温和放量；近5日强势延续；持续霸榜；市场强势且个股相对强势；收盘强势，次日确认,短线涨幅偏高；偏离20日线较大；热度可能进入后段；次日高开或一字风险；v1每日精选未入前5,v1
2026-06-12,002185,华天科技,48,不推送,0.0,3,1.99,6.66,6.72,18.62,19.49,18.62,,16.3,,,19.49,,,人气Top50；温和放量；持续霸榜；人气排名明显上升,当日转弱；收盘承接偏弱；近5日趋势未确认；仍在20日线下方；热度可能进入后段；震荡市里相对走弱；市场健康度不足，收缩推送,v1
2026-05-06,002805,丰元股份,75,不推送,51.0,31,2.14,10.02,10.02,6.96,19.47,7.88,8.62,5.61,6.34,3.98,15.97,15.97,19.47,当日涨停附近；收在日内高位；近5日强势延续；站上20日线且不过热,短线涨幅偏高,v1
2026-05-22,002938,鹏鼎控股,60,观察池,47.0,18,10.09,10.09,10.09,15.62,19.47,1.92,1.05,-7.42,-8.22,2.16,19.47,19.47,19.47,当日涨停附近；收在日内高位；近5日趋势升温；站上20日线且不过热；市场强势且个股相对强势,量能不足；一字或近似一字，参与点差；一字板不可买,v1
2026-04-23,601016,节能风电,9,重点观察,88.0,36,1.12,0.0,6.03,-10.94,19.42,5.58,-4.91,4.42,-5.96,14.29,8.26,8.26,19.42,人气Top10；当日涨停附近；收在日内高位；近5日趋势升温；站上20日线且不过热；首次上榜即强势；v1每日精选入选,-,v1
2026-05-25,600460,士兰微,67,不推送,61.0,17,-0.64,-0.85,0.91,19.42,19.42,12.43,-4.07,13.16,-3.44,-6.03,14.48,14.48,14.48,当日上涨；收在日内高位；温和放量；近5日趋势升温；站上20日线且不过热；市场强势且个股相对强势,-,v1
2026-04-27,000815,美利云,58,不推送,8.0,34,-1.73,2.29,3.31,-12.02,19.4,-3.16,12.68,-1.45,14.66,8.66,4.63,17.11,19.4,连续上榜确认；人气排名明显上升,近5日趋势未确认,v1
2026-06-01,000988,华工科技,33,不推送,0.0,12,1.21,4.33,5.8,19.39,19.39,10.71,4.05,9.38,2.8,12.72,12.62,15.96,15.96,人气Top50；温和放量；持续霸榜,当日转弱；收盘承接偏弱；近5日趋势未确认；热度可能进入后段；弱市先收缩执行；弱市里的长连榜样本优先降权；市场健康度不足，收缩推送；市场健康度偏弱,v1
2026-05-27,002281,光迅科技,61,不推送,0.0,15,-1.33,6.02,8.1,19.39,19.39,0.79,10.51,2.15,12.0,-0.05,8.14,15.44,17.75,站上20日线且不过热；持续霸榜,当日转弱；收盘承接偏弱；近5日趋势未确认；热度可能进入后段；人气排名明显回落；震荡市里相对走弱；后段人气股在偏弱环境里更谨慎；市场健康度不足，收缩推送,v1
2026-05-25,002421,达实智能,14,观察池,68.0,17,2.29,-3.12,7.5,-20.21,19.38,-4.79,-5.83,-6.92,-7.94,19.38,7.5,7.5,19.38,人气Top20；当日涨停附近；收在日内高位；温和放量；近5日强势延续；持续霸榜；市场强势且个股相对强势；收盘强势，次日确认,短线涨幅偏高；远离20日线过多；热度可能进入后段；次日高开或一字风险；v1每日精选未入前5,v1
2026-06-16,300285,国瓷材料,64,不推送,41.0,1,1.14,16.42,19.38,16.42,19.38,,,,,,,,,当日上涨；温和放量；站上20日线且不过热；连续上榜确认；市场强势且个股相对强势,-,v1
2026-06-01,603890,春秋电子,31,观察池,46.0,12,10.0,10.0,10.0,-8.06,19.38,7.59,3.04,-2.2,-6.33,-11.36,19.38,19.38,19.38,人气Top50；当日涨停附近；收在日内高位；近5日趋势升温；站上20日线且不过热,量能不足；一字或近似一字，参与点差；弱市先收缩执行；一字板不可买,v1
2026-05-22,000100,TCL科技,54,不推送,33.0,18,0.0,1.4,3.03,19.35,19.35,6.99,-2.33,6.99,-2.33,11.89,12.82,12.82,17.95,收盘承接较强；放量仍可控；站上20日线且不过热；连续上榜确认；市场强势且个股相对强势,人气排名明显回落,v1
2026-06-05,600367,红星发展,44,不推送,6.0,8,-1.52,6.73,9.07,15.35,19.35,18.95,7.13,20.78,8.78,,19.35,19.35,,人气Top50；当日上涨；放量仍可控；连续上榜确认,短线涨幅过热；远离20日线过多；弱市先收缩执行,v1
2026-04-22,002149,西部材料,66,不推送,56.0,37,-0.19,0.36,4.38,-6.32,19.31,-9.7,-9.92,-9.53,-9.75,17.69,4.38,4.38,19.31,当日上涨；收盘承接较强；温和放量；近5日趋势升温；站上20日线且不过热；连续上榜确认,人气排名明显回落,v1
2026-05-18,000988,华工科技,17,收盘强势观察,73.38,22,2.33,7.31,8.18,15.69,19.28,4.3,16.49,1.92,13.85,-3.09,15.78,16.49,19.28,人气Top20；当日涨停附近；收在日内高位；站上20日线且不过热；持续霸榜；人气排名明显上升；震荡市里保持相对强势；震荡市里承接未失控；收盘强势，次日确认；v1每日精选入选,热度可能进入后段；次日高开或一字风险,v1
2026-06-02,603778,国晟科技,71,不推送,0.0,11,0.0,1.31,4.65,-8.97,19.26,-5.74,9.35,-5.74,9.35,-12.25,4.65,11.05,19.26,温和放量；持续霸榜,当日转弱；收盘承接偏弱；近5日趋势未确认；仍在20日线下方；热度可能进入后段；人气排名明显回落；强势市里个股相对走弱；市场健康度不足，收缩推送,v1
2026-05-25,603629,利通电子,16,不推送,55.0,17,-2.03,4.92,7.37,-18.3,19.25,8.93,7.26,11.19,9.49,-19.63,9.41,19.25,19.25,人气Top20；当日上涨；温和放量；近5日趋势升温；持续霸榜；市场强势且个股相对强势,偏离20日线较大；热度可能进入后段,v1
2026-06-15,002436,兴森科技,63,观察池,73.0,2,-0.25,10.0,10.0,19.23,19.23,,,,,,,,,当日上涨；收在日内高位；温和放量；近5日趋势升温；站上20日线且不过热；连续上榜确认；人气排名明显上升；市场强势且个股相对强势,v1每日精选未入前5,v1
2026-06-01,002354,天娱数科,30,观察池,71.5,12,0.67,-9.95,0.81,-5.51,19.22,-18.68,-1.48,-19.23,-2.14,0.81,0.81,0.81,19.22,人气Top50；当日上涨；收在日内高位；温和放量；近5日趋势升温；站上20日线且不过热；人气排名明显上升；弱市中个股相对抗跌,v1每日精选未入前5,v1
2026-06-04,600522,中天科技,22,不推送,48.25,9,-2.13,0.02,7.19,19.21,19.21,18.28,6.97,20.85,9.29,,18.28,18.28,,人气Top50；温和放量；近5日趋势升温；站上20日线且不过热；持续霸榜；震荡市里保持相对强势,热度可能进入后段,v1
2026-04-24,300027,华谊兄弟,73,不推送,0.0,17,-1.69,3.39,5.65,3.95,19.21,2.82,7.91,4.6,9.77,10.17,6.21,11.3,19.21,温和放量；站上20日线且不过热,当日转弱；收盘承接偏弱；近5日趋势未确认,v1
2026-06-05,600522,中天科技,20,不推送,28.5,8,-4.49,7.51,10.01,19.19,19.19,8.96,5.49,14.09,10.45,,18.25,18.25,,人气Top20；温和放量；近5日趋势升温；站上20日线且不过热；持续霸榜,收盘承接偏弱；热度可能进入后段；上影线偏长；弱市先收缩执行；弱市里的长连榜样本优先降权,v1
2026-05-28,000725,京东方A,6,不推送,41.0,14,-0.88,-10.04,-0.7,18.13,19.19,-3.7,8.27,-2.84,9.24,2.64,-0.7,8.27,19.19,人气Top10；近5日趋势升温；站上20日线且不过热；持续霸榜；市场强势且个股相对强势,当日转弱；热度可能进入后段,v1
2026-04-15,000070,特发信息,46,不推送,8.0,42,-1.43,10.01,10.01,9.43,19.17,11.39,12.55,13.0,14.19,2.38,12.92,17.58,19.17,人气Top50；温和放量；站上20日线且不过热；人气排名明显上升,当日转弱；收盘承接偏弱；近5日趋势未确认,v1
2026-05-15,600330,天通股份,43,不推送,0.25,23,-0.75,2.94,5.3,14.34,19.16,-1.75,0.14,-1.0,0.9,12.01,5.3,5.3,19.16,人气Top50；站上20日线且不过热；持续霸榜；震荡市里保持相对强势,收盘承接偏弱；热度可能进入后段；人气排名明显回落；上影线偏长,v1
2026-06-12,000657,中钨高新,13,不推送,42.25,3,2.28,10.0,10.0,13.33,19.16,13.33,,10.8,,,19.16,,,人气Top20；温和放量；近5日趋势升温；站上20日线且不过热；连续上榜确认；震荡市里保持相对强势,收盘承接偏弱；上影线偏长,v1
2026-05-07,600703,三安光电,99,不推送,47.0,29,-1.25,0.92,2.05,13.34,19.15,10.44,15.26,11.84,16.72,3.7,12.29,19.15,19.15,当日上涨；收盘承接较强；温和放量；站上20日线且不过热；连续上榜确认；市场强势且个股相对强势,人气排名明显回落,v1
2026-04-29,002475,立讯精密,86,不推送,12.0,32,1.22,-2.39,1.22,-1.92,19.14,1.28,10.81,0.06,9.47,6.21,3.44,14.25,19.14,温和放量；站上20日线且不过热；持续霸榜,当日转弱；热度可能进入后段；人气排名明显回落,v1
2026-04-17,601138,工业富联,17,观察池,68.0,40,1.51,0.89,3.87,19.14,19.14,9.71,6.63,8.08,5.04,3.46,10.79,13.33,13.33,人气Top20；收盘承接较强；温和放量；近5日趋势升温；站上20日线且不过热；持续霸榜；人气排名明显上升,热度可能进入后段；v1每日精选未入前5,v1
2026-04-13,301015,百洋医药,61,不推送,0.0,27,-0.62,4.27,4.76,-5.09,19.13,8.57,10.19,9.25,10.87,1.86,11.8,19.13,19.13,温和放量；站上20日线且不过热,收盘承接偏弱；近5日趋势未确认；上影线偏长,v1
2026-05-20,002491,通鼎互联,66,不推送,17.12,20,-0.71,-9.79,-0.71,19.13,19.13,-2.16,-11.87,-1.46,-11.24,1.2,-0.71,-0.71,9.96,站上20日线且不过热；连续上榜确认；人气排名明显上升；震荡市里保持相对强势,近5日趋势未确认；后段人气股在偏弱环境里更谨慎,v1
2026-06-01,002407,多氟多,82,不推送,0.0,12,0.12,-3.83,1.16,11.77,19.12,-4.82,-2.3,-4.93,-2.41,16.62,1.16,1.16,19.12,持续霸榜,收盘承接偏弱；近5日趋势未确认；仍在20日线下方；热度可能进入后段；上影线偏长；弱市先收缩执行；后段人气股在偏弱环境里更谨慎；弱市里的长连榜样本优先降权,v1
2026-06-11,603773,沃格光电,66,不推送,0.0,4,-1.71,-6.93,7.46,19.12,19.12,8.3,,10.18,,,8.3,,,温和放量；近5日趋势升温；持续霸榜,当日转弱；收盘承接偏弱；偏离20日线较大；热度可能进入后段；人气排名明显回落；弱市先收缩执行；后段人气股在偏弱环境里更谨慎；弱市里的长连榜样本优先降权,v1
2026-06-12,605589,圣泉集团,49,不推送,20.25,3,-0.57,10.0,10.0,13.85,19.12,13.85,,14.5,,,19.12,,,人气Top50；放量仍可控；近5日趋势升温；站上20日线且不过热；连续上榜确认；震荡市里保持相对强势,当日转弱；收盘承接偏弱；人气排名明显回落,v1
2026-05-20,002980,华盛昌,51,不推送,53.25,20,0.62,-5.64,2.49,11.98,19.11,14.18,4.99,13.48,4.35,9.16,14.18,19.11,19.11,当日涨停附近；收在日内高位；近5日强势延续；人气排名明显上升；震荡市里保持相对强势；震荡市里承接未失控；v2低分涨停修正；收盘强势，次日确认,短线涨幅偏高；偏离20日线较大；后段人气股在偏弱环境里更谨慎；次日高开或一字风险,v1
2026-05-18,002980,华盛昌,89,不推送,49.25,22,-6.58,-7.55,-4.37,11.98,19.11,-5.64,14.18,1.01,22.23,-9.09,2.49,14.18,19.11,当日涨停附近；收在日内高位；近5日强势延续；震荡市里保持相对强势；震荡市里承接未失控；v2低分涨停修正；收盘强势，次日确认,短线涨幅偏高；偏离20日线较大；后段人气股在偏弱环境里更谨慎；次日高开或一字风险,v1
2026-06-02,603678,火炬电子,57,不推送,60.0,11,2.36,9.09,10.01,19.1,19.1,7.6,1.86,5.12,-0.48,15.67,12.52,12.52,18.5,当日涨停附近；收在日内高位；温和放量；近5日强势延续；连续上榜确认；人气排名明显上升；市场强势且个股相对强势；收盘强势，次日确认,短线涨幅偏高；远离20日线过多；次日高开或一字风险,v1
2026-04-22,002342,巨力索具,20,不推送,22.0,37,-2.63,-5.96,0.45,-49.08,19.06,-8.64,-6.25,-6.17,-3.72,9.98,0.45,0.45,19.06,人气Top20；温和放量；近5日趋势升温；持续霸榜,当日转弱；收盘承接偏弱；偏离20日线较大；热度可能进入后段,v1
2026-06-03,603986,兆易创新,35,不推送,38.25,10,-1.05,7.53,9.3,19.06,19.06,-3.7,-2.31,-2.68,-1.28,19.06,9.3,9.3,19.06,人气Top50；当日上涨；温和放量；站上20日线且不过热；持续霸榜；人气排名明显上升；震荡市里保持相对强势,近5日趋势未确认；热度可能进入后段；上影线偏长,v1
2026-06-08,600105,永鼎股份,85,不推送,3.38,7,2.68,7.38,7.87,19.06,19.06,-1.25,1.0,-3.82,-1.64,,7.87,7.87,,温和放量；近5日趋势升温；站上20日线且不过热；持续霸榜,当日转弱；收盘承接偏弱；热度可能进入后段；人气排名明显回落；弱市先收缩执行；后段人气股在偏弱环境里更谨慎；弱市里的长连榜样本优先降权,v1
2026-06-12,301666,大普微,94,不推送,0.0,3,1.8,3.04,4.2,16.68,19.06,16.68,,14.61,,,19.06,,,温和放量,当日转弱；收盘承接偏弱；近5日趋势未确认；仍在20日线下方；震荡市里相对走弱；后段人气股在偏弱环境里更谨慎；市场健康度不足，收缩推送,v1
2026-06-05,688525,佰维存储,82,不推送,0.0,8,-8.37,-7.24,-4.96,19.05,19.05,2.0,5.44,11.31,15.06,,6.79,15.4,,温和放量；连续上榜确认；人气排名明显上升,当日转弱；收盘承接偏弱；近5日趋势未确认；弱市先收缩执行；后段人气股在偏弱环境里更谨慎；市场健康度不足，收缩推送；市场健康度偏弱,v1
2026-05-08,300136,信维通信,54,不推送,21.0,28,5.38,14.04,15.05,4.21,19.05,12.19,-1.72,6.46,-6.74,17.45,16.6,16.6,19.05,近5日趋势升温；站上20日线且不过热；连续上榜确认；市场强势且个股相对强势,当日转弱,v1
2026-05-07,600726,华电能源,33,观察池,77.0,29,2.5,-1.31,7.88,9.07,19.05,1.18,5.12,-1.28,2.56,-18.66,7.88,19.05,19.05,人气Top50；当日涨停附近；收在日内高位；近5日趋势升温；连续上榜确认；人气排名明显上升；市场强势且个股相对强势；v2低分涨停修正；收盘强势，次日确认,偏离20日线较大；次日高开或一字风险；v1每日精选未入前5,v1
2026-06-12,600667,太极实业,15,不推送,22.25,3,2.86,5.54,6.33,15.83,19.0,15.83,,12.61,,,19.0,,,人气Top20；温和放量；站上20日线且不过热；持续霸榜；震荡市里保持相对强势,当日转弱；收盘承接偏弱；热度可能进入后段,v1
2026-05-29,002407,多氟多,72,不推送,0.0,13,0.21,2.14,5.85,14.15,18.99,-1.28,-1.48,-1.48,-1.69,17.72,5.85,5.85,18.99,持续霸榜,当日转弱；收盘承接偏弱；近5日趋势未确认；仍在20日线下方；热度可能进入后段；弱市先收缩执行；后段人气股在偏弱环境里更谨慎；弱市里的长连榜样本优先降权；市场健康度不足，收缩推送；市场健康度偏弱,v1
2026-06-15,002491,通鼎互联,50,不推送,61.0,2,0.99,8.16,9.99,18.98,18.98,,,,,,,,,人气Top50；当日上涨；收在日内高位；温和放量；站上20日线且不过热；连续上榜确认；市场强势且个股相对强势,近5日趋势未确认,v1
2026-04-20,002364,中恒电气,32,不推送,58.0,39,-0.07,1.05,4.0,18.97,18.97,-0.39,-5.84,-0.32,-5.77,5.95,4.0,4.0,6.98,人气Top50；当日上涨；收盘承接较强；温和放量；近5日趋势升温；持续霸榜；人气排名明显上升,偏离20日线较大；热度可能进入后段,v1
2026-05-11,002081,金螳螂,2,不推送,60.0,27,2.53,10.25,10.25,-33.01,18.96,9.55,-2.53,6.85,-4.93,-19.1,16.99,18.96,18.96,人气Top3；当日上涨；温和放量；近5日强势延续；连续上榜确认；人气排名明显上升；市场强势且个股相对强势,短线涨幅偏高；远离20日线过多,v1
2026-04-29,000338,潍柴动力,96,不推送,30.0,15,2.49,3.48,8.33,16.42,18.91,16.09,11.21,13.27,8.51,10.45,18.91,18.91,18.91,收盘承接较强；近5日趋势升温；站上20日线且不过热,-,v1
2026-05-11,001309,德明利,90,不推送,51.0,27,-1.35,-3.32,-0.89,11.02,18.9,12.9,14.99,14.45,16.57,8.73,15.69,18.9,18.9,当日上涨；收盘承接较强；温和放量；近5日趋势升温；站上20日线且不过热；市场强势且个股相对强势,人气排名明显回落,v1
2026-05-11,603278,大业股份,28,不推送,24.0,27,-2.93,2.8,5.6,-18.11,18.89,0.46,11.21,3.49,14.56,-13.09,9.58,18.89,18.89,人气Top50；近5日强势延续；站上20日线且不过热；市场强势且个股相对强势,短线涨幅偏高,v1
2026-04-24,300613,富瀚微,78,不推送,37.0,18,7.36,13.91,16.89,18.42,18.85,6.24,6.22,-1.05,-1.06,11.31,18.85,18.85,18.85,当日涨停附近；收在日内高位；近5日强势延续；连续上榜确认,放量过猛；短线涨幅偏高；偏离20日线较大,v1
2026-04-14,002812,恩捷股份,98,不推送,46.0,43,1.84,0.08,2.09,-0.45,18.81,1.37,7.27,-0.46,5.33,11.05,4.19,7.99,18.81,当日上涨；收在日内高位；温和放量；站上20日线且不过热,-,v1
2026-05-27,300308,中际旭创,43,不推送,34.25,15,-1.02,7.79,7.96,14.82,18.77,1.68,14.72,2.73,15.91,3.21,8.87,18.77,18.77,人气Top50；温和放量；近5日趋势升温；站上20日线且不过热；持续霸榜；人气排名明显上升；震荡市里保持相对强势,收盘承接偏弱；热度可能进入后段；上影线偏长,v1
2026-06-03,002384,东山精密,27,不推送,26.25,10,-0.84,6.17,9.25,14.7,18.77,-4.91,-5.23,-4.1,-4.43,14.7,9.25,9.25,18.77,人气Top50；当日上涨；温和放量；站上20日线且不过热；持续霸榜；震荡市里保持相对强势,收盘承接偏弱；热度可能进入后段；上影线偏长,v1
2026-06-02,600396,华电辽能,14,观察池,75.0,11,-3.2,10.0,10.0,-8.25,18.76,3.14,9.43,6.55,13.05,-4.38,18.76,18.76,18.76,人气Top20；当日上涨；收盘承接较强；温和放量；近5日趋势升温；站上20日线且不过热；持续霸榜；市场强势且个股相对强势,热度可能进入后段；v1每日精选未入前5,v1
2026-04-20,605222,起帆电缆,88,不推送,55.0,39,2.75,4.03,7.39,-18.85,18.76,6.5,7.04,3.64,4.17,13.0,11.08,14.85,18.76,当日涨停附近；收在日内高位；温和放量；近5日强势延续,短线涨幅偏高；偏离20日线较大,v1
2026-06-03,688808,联讯仪器,44,不推送,54.25,10,-3.39,5.79,7.53,15.57,18.7,14.52,8.18,18.54,11.98,15.57,15.92,17.27,18.7,人气Top50；当日强涨；温和放量；近5日趋势升温；人气排名明显上升；震荡市里保持相对强势,偏离20日线较大,v1
2026-05-29,002281,光迅科技,44,不推送,0.0,13,2.02,0.17,4.85,18.66,18.66,9.83,11.59,7.66,9.38,0.5,14.73,17.02,17.02,人气Top50；温和放量；站上20日线且不过热；持续霸榜,当日转弱；收盘承接偏弱；近5日趋势未确认；热度可能进入后段；人气排名明显回落；弱市先收缩执行；弱市里的长连榜样本优先降权；市场健康度不足，收缩推送；市场健康度偏弱,v1
2026-05-19,002407,多氟多,39,不推送,38.25,21,-1.32,10.0,10.0,4.0,18.65,15.44,-1.92,16.99,-0.6,-10.52,18.65,18.65,18.65,人气Top50；温和放量；近5日趋势升温；站上20日线且不过热；连续上榜确认；震荡市里保持相对强势,当日转弱；人气排名明显回落,v1
2026-05-22,002015,协鑫能科,58,不推送,47.0,18,1.3,3.9,6.73,-12.06,18.65,0.7,8.49,-0.6,7.1,3.57,6.73,10.72,18.65,当日强涨；收盘承接较强；温和放量；站上20日线且不过热；市场强势且个股相对强势,近5日趋势未确认,v1
2026-04-20,002217,合力泰,13,强推观察,96.0,39,4.07,1.02,7.12,-9.83,18.64,-6.1,0.34,-9.77,-3.58,18.64,7.12,7.12,18.64,人气Top20；当日涨停附近；收在日内高位；温和放量；近5日趋势升温；站上20日线且不过热；连续上榜确认；v1每日精选入选,-,v1
2026-04-10,002733,雄韬股份,91,观察池,72.0,45,-0.83,1.98,5.49,18.61,18.61,-0.3,4.53,0.53,5.4,-0.93,7.07,8.46,8.46,当日涨停附近；收在日内高位；温和放量；近5日趋势升温；站上20日线且不过热,v1每日精选未入前5,v1
2026-05-06,300857,协创数据,65,不推送,0.0,31,2.5,8.36,13.53,2.81,18.6,9.55,4.19,6.87,1.64,4.15,13.53,13.53,18.6,温和放量；站上20日线且不过热,当日转弱；收盘承接偏弱；人气排名明显回落,v1
2026-04-22,003018,金富科技,65,不推送,40.0,37,5.36,4.92,10.0,18.58,18.58,6.38,5.48,0.96,0.11,-8.79,11.11,11.59,11.59,当日涨停附近；收在日内高位；温和放量；连续上榜确认,短线涨幅过热；远离20日线过多,v1
2026-06-11,002378,章源钨业,30,观察池,91.5,4,4.07,3.0,9.01,3.72,18.58,12.64,,8.23,,,18.58,,,人气Top50；当日涨停附近；收在日内高位；温和放量；近5日趋势升温；站上20日线且不过热；弱市中个股相对抗跌；v2强势延续修正；收盘强势，次日确认,次日高开或一字风险；v1每日精选未入前5,v1
2026-06-01,603778,国晟科技,18,观察池,64.0,12,-2.45,-0.6,7.67,-9.52,18.54,-1.69,3.05,0.78,5.63,-3.1,7.67,7.67,18.54,人气Top20；当日涨停附近；收在日内高位；温和放量；持续霸榜；人气排名明显上升；弱市中个股相对抗跌；收盘强势，次日确认,近5日趋势未确认；仍在20日线下方；热度可能进入后段；弱市里的长连榜样本优先降权；次日高开或一字风险；v1每日精选未入前5,v1
2026-06-01,601991,大唐发电,1,不推送,46.0,12,-3.23,9.68,9.8,9.08,18.52,5.26,-13.14,8.77,-10.25,4.3,18.52,18.52,18.52,人气Top3；温和放量；近5日趋势升温；站上20日线且不过热；持续霸榜,当日转弱；热度可能进入后段；弱市先收缩执行；弱市里的长连榜样本优先降权；Top3高热度拥挤，次日兑现风险,v1
2026-05-08,002600,领益智造,62,不推送,49.0,28,0.07,1.0,1.73,5.18,18.51,1.86,12.28,1.79,12.2,8.23,1.92,18.51,18.51,当日上涨；收盘承接较强；放量仍可控；近5日趋势升温；站上20日线且不过热；市场强势且个股相对强势,-,v1
2026-06-01,000021,深科技,23,不推送,0.0,12,0.33,2.07,3.89,18.5,18.5,8.98,-2.93,8.62,-3.25,9.0,10.83,10.83,11.99,人气Top50；站上20日线且不过热；持续霸榜,当日转弱；收盘承接偏弱；近5日趋势未确认；热度可能进入后段；弱市先收缩执行；弱市里的长连榜样本优先降权；市场健康度不足，收缩推送；市场健康度偏弱,v1
2026-04-27,002565,顺灏股份,10,不推送,10.0,34,2.96,1.51,6.03,-26.82,18.47,2.42,6.95,-0.52,3.87,-1.13,6.03,7.65,18.47,人气Top10；站上20日线且不过热；持续霸榜,当日转弱；收盘承接偏弱；近5日趋势未确认；热度可能进入后段,v1
2026-04-22,603601,再升科技,27,不推送,24.0,37,-4.87,-4.24,0.82,-0.32,18.46,-5.56,-3.98,-0.73,0.93,13.08,0.95,0.95,18.46,人气Top50；温和放量；近5日趋势升温；站上20日线且不过热；持续霸榜,当日转弱；收盘承接偏弱；热度可能进入后段,v1
2026-05-21,002428,云南锗业,82,不推送,0.0,19,2.76,3.94,4.95,18.45,18.45,-0.84,7.22,-3.5,4.34,5.74,9.71,9.71,15.75,温和放量；站上20日线且不过热；连续上榜确认,当日转弱；收盘承接偏弱；近5日趋势未确认；弱市先收缩执行；后段人气股在偏弱环境里更谨慎；市场健康度不足，收缩推送；市场健康度偏弱,v1
2026-06-01,002281,光迅科技,66,不推送,0.0,12,-1.62,5.29,6.54,18.45,18.45,7.96,1.32,9.73,2.98,10.36,14.54,16.82,16.82,温和放量；站上20日线且不过热；持续霸榜,收盘承接偏弱；近5日趋势未确认；热度可能进入后段；人气排名明显回落；上影线偏长；弱市先收缩执行；后段人气股在偏弱环境里更谨慎；弱市里的长连榜样本优先降权,v1
2026-06-04,605358,立昂微,51,观察池,78.25,9,1.55,4.49,7.0,11.03,18.45,11.38,11.38,9.68,9.68,,11.38,18.45,,当日涨停附近；收在日内高位；温和放量；近5日趋势升温；站上20日线且不过热；人气排名明显上升；震荡市里保持相对强势；震荡市里承接未失控；收盘强势，次日确认,后段人气股在偏弱环境里更谨慎；次日高开或一字风险；v1每日精选未入前5,v1
2026-06-09,601991,大唐发电,5,观察池,65.0,6,-2.72,0.65,5.71,18.42,18.42,4.93,12.84,7.87,16.0,,6.36,15.43,,人气Top10；当日上涨；收在日内高位；温和放量；持续霸榜；市场强势且个股相对强势,近5日趋势未确认；热度可能进入后段；v1每日精选未入前5,v1
2026-04-29,002309,中利集团,75,不推送,28.0,32,-0.89,-4.88,0.67,-29.27,18.4,3.55,1.11,4.47,2.01,-4.43,5.32,6.87,18.4,当日上涨；温和放量；站上20日线且不过热；人气排名明显上升,上影线偏长,v1
2026-05-14,300308,中际旭创,21,不推送,56.0,24,-0.84,-2.61,2.03,18.38,18.38,-4.45,-7.85,-3.65,-7.08,11.13,2.03,2.03,11.3,人气Top50；收盘承接较强；温和放量；近5日趋势升温；站上20日线且不过热；持续霸榜；弱市中个股相对抗跌,热度可能进入后段；弱市里的长连榜样本优先降权,v1
2026-05-25,600584,长电科技,1,观察池,82.0,17,3.53,10.0,10.0,1.98,18.37,5.7,-5.64,2.1,-8.86,-12.31,18.37,18.37,18.37,人气Top3；当日涨停附近；收在日内高位；温和放量；近5日强势延续；持续霸榜；市场强势且个股相对强势；收盘强势，次日确认,短线涨幅偏高；远离20日线过多；热度可能进入后段；次日高开或一字风险；v1每日精选未入前5,v1
2026-05-27,000725,京东方A,5,不推送,35.25,15,0.0,-0.7,1.05,17.31,18.36,-6.29,-2.27,-6.29,-2.27,5.42,1.05,3.5,18.36,人气Top10；温和放量；近5日强势延续；站上20日线且不过热；持续霸榜；震荡市里保持相对强势,当日转弱；收盘承接偏弱；短线涨幅偏高；热度可能进入后段,v1
2026-05-18,001393,维通利,48,不推送,0.0,22,-5.15,-3.51,3.38,-39.96,18.35,-5.29,-22.69,-0.14,-18.49,-29.32,18.35,18.35,18.35,人气Top50；连续上榜确认,当日转弱；收盘承接偏弱；仍在20日线下方；人气排名明显回落；震荡市里相对走弱；市场健康度不足，收缩推送,v1
2026-05-21,002297,博云新材,47,不推送,32.0,19,-0.08,7.57,8.66,4.33,18.33,6.52,-7.32,6.6,-7.25,-15.9,18.33,18.33,18.33,人气Top50；当日上涨；温和放量；站上20日线且不过热；人气排名明显上升,近5日趋势未确认；弱市先收缩执行,v1
2026-04-16,601778,晶科科技,12,重点观察,87.0,41,5.11,3.75,10.06,-24.62,18.32,-4.65,7.96,-9.29,2.71,-2.4,10.06,10.06,18.32,人气Top20；当日涨停附近；收在日内高位；放量仍可控；近5日强势延续；站上20日线且不过热；连续上榜确认；人气排名明显上升；v1每日精选入选,短线涨幅偏高,v1
2026-05-07,601869,长飞光纤,34,不推送,59.0,29,-4.06,2.06,4.06,18.32,18.32,5.72,3.98,10.2,8.39,-3.44,10.48,10.48,10.48,人气Top50；当日强涨；收盘承接较强；温和放量；站上20日线且不过热；市场强势且个股相对强势,-,v1
2026-04-16,600986,浙文互联,55,不推送,50.0,41,-0.36,-1.82,0.64,-27.23,18.31,-0.18,10.47,0.18,10.88,-9.02,5.19,10.47,18.31,当日强涨；温和放量；近5日趋势升温；站上20日线且不过热,-,v1
2026-05-19,601138,工业富联,35,不推送,30.25,21,-0.53,-0.6,-0.1,5.95,18.31,-2.04,2.07,-1.52,2.61,16.7,1.37,3.27,18.31,人气Top50；收盘承接较强；近5日趋势升温；站上20日线且不过热；持续霸榜；震荡市里保持相对强势,当日转弱；热度可能进入后段；人气排名明显回落,v1
2026-05-21,600611,大众交通,7,收盘强势观察,83.5,19,10.05,10.05,10.05,-19.39,18.31,-0.54,-13.11,-9.62,-21.04,-21.72,18.31,18.31,18.31,人气Top10；当日涨停附近；收在日内高位；近5日趋势升温；站上20日线且不过热；首次上榜即强势；弱市中个股相对抗跌；v2低分涨停修正；收盘强势，次日确认；v1每日精选入选,放量过猛；次日高开或一字风险,v1
2026-06-11,002971,和远气体,48,观察池,64.5,4,4.27,10.01,10.01,16.11,18.29,12.3,,7.71,,,18.29,,,人气Top50；当日涨停附近；收在日内高位；温和放量；近5日强势延续；弱市中个股相对抗跌；收盘强势，次日确认,短线涨幅偏高；偏离20日线较大；次日高开或一字风险；v1每日精选未入前5,v1
2026-04-21,601138,工业富联,59,不推送,18.0,38,-0.36,8.92,10.0,18.29,18.29,5.86,11.06,6.24,11.46,3.05,12.52,12.52,12.52,收在日内高位；站上20日线且不过热；持续霸榜,当日转弱；热度可能进入后段,v1
2026-05-21,002456,欧菲光,46,不推送,0.0,19,1.27,2.89,3.36,11.34,18.29,7.29,11.34,5.94,9.94,16.32,9.37,12.5,18.29,人气Top50；放量仍可控,收盘承接偏弱；近5日趋势未确认；上影线偏长；弱市先收缩执行,v1
2026-04-27,000547,航天发展,14,不推送,0.0,33,-1.1,-7.26,-1.1,-21.23,18.27,-3.0,-1.03,-1.92,0.08,2.72,-1.1,0.0,18.27,人气Top20；人气排名明显上升,当日转弱；收盘承接偏弱；近5日趋势未确认；仍在20日线下方,v1
2026-05-28,600726,华电能源,24,观察池,71.0,14,5.86,9.99,9.99,-9.88,18.24,0.33,12.81,-5.23,6.56,-11.83,18.24,18.24,18.24,人气Top50；当日涨停附近；收在日内高位；温和放量；站上20日线且不过热；连续上榜确认；市场强势且个股相对强势；收盘强势，次日确认,短线涨幅过热；次日高开或一字风险；v1每日精选未入前5,v1
2026-04-27,002709,天赐材料,8,强推观察,94.0,34,2.26,-1.87,3.17,-3.84,18.23,10.1,14.26,7.67,11.74,1.0,10.99,18.23,18.23,人气Top10；当日上涨；收在日内高位；温和放量；近5日趋势升温；站上20日线且不过热；连续上榜确认；人气排名明显上升；v1每日精选入选,-,v1
2026-06-05,002421,达实智能,19,收盘强势观察,105.0,8,0.0,9.98,9.98,-26.49,18.23,4.22,-15.55,4.22,-15.55,,18.23,18.23,,人气Top20；当日涨停附近；收在日内高位；温和放量；近5日强势延续；站上20日线且不过热；持续霸榜；人气排名明显上升；弱市中个股相对抗跌；v2强势延续修正；v2低分涨停修正；收盘强势，次日确认；v1每日精选入选,短线涨幅偏高；热度可能进入后段；弱市里的长连榜样本优先降权；次日高开或一字风险,v1
2026-06-01,301236,软通动力,52,不推送,60.38,12,4.57,7.07,10.88,-2.83,18.23,4.87,9.8,0.29,5.0,2.17,10.88,12.25,18.23,当日涨停附近；收在日内高位；温和放量；站上20日线且不过热；弱市中个股相对抗跌；收盘强势，次日确认,后段人气股在偏弱环境里更谨慎；次日高开或一字风险,v1
2026-06-09,300285,国瓷材料,23,收盘强势观察,109.0,6,0.0,-7.94,0.15,18.22,18.22,-15.17,1.55,-15.17,1.55,,0.15,4.91,,人气Top50；当日涨停附近；收在日内高位；温和放量；近5日趋势升温；连续上榜确认；人气排名明显上升；市场强势且个股相对强势；v2强势延续修正；v2连榜升温修正；v2低分涨停修正；收盘强势，次日确认；v1每日精选入选,偏离20日线较大；次日高开或一字风险,v1
2026-06-10,002491,通鼎互联,50,不推送,0.0,5,-0.54,-0.95,2.35,18.2,18.2,-0.66,18.2,-0.12,18.83,,3.46,18.2,,人气Top50；站上20日线且不过热；持续霸榜,当日转弱；收盘承接偏弱；近5日趋势未确认；热度可能进入后段；弱市先收缩执行；弱市里的长连榜样本优先降权,v1
2026-05-29,603005,晶方科技,62,不推送,0.0,13,-0.97,-8.07,1.05,12.38,18.18,-1.24,11.6,-0.27,12.7,-0.05,3.27,18.18,18.18,站上20日线且不过热；持续霸榜,当日转弱；收盘承接偏弱；热度可能进入后段；人气排名明显回落；弱市先收缩执行；后段人气股在偏弱环境里更谨慎；弱市里的长连榜样本优先降权,v1
2026-06-11,600869,远东股份,39,不推送,18.0,4,1.36,9.93,10.0,12.75,18.17,15.25,,13.71,,,18.17,,,人气Top50；温和放量；近5日趋势升温；站上20日线且不过热；连续上榜确认,当日转弱；收盘承接偏弱；人气排名明显回落；弱市先收缩执行,v1
2026-04-22,603083,剑桥科技,71,不推送,47.0,37,-1.43,-4.72,0.26,18.07,18.12,-10.96,-1.02,-9.67,0.42,14.72,0.26,0.26,18.12,当日上涨；收盘承接较强；温和放量；近5日强势延续；连续上榜确认；人气排名明显上升,短线涨幅偏高；偏离20日线较大,v1
2026-04-15,002309,中利集团,66,不推送,0.0,42,1.24,1.49,2.98,-20.84,18.11,8.68,8.44,7.35,7.11,11.91,8.68,12.9,18.11,连续上榜确认,当日转弱；收盘承接偏弱；近5日趋势未确认；仍在20日线下方,v1
2026-06-01,002156,通富微电,32,不推送,0.0,12,0.0,3.99,5.38,9.5,18.1,15.82,1.42,15.82,1.42,0.24,18.1,18.1,18.1,人气Top50；持续霸榜,当日转弱；收盘承接偏弱；近5日趋势未确认；热度可能进入后段；弱市先收缩执行；弱市里的长连榜样本优先降权；市场健康度不足，收缩推送；市场健康度偏弱,v1
2026-04-20,601138,工业富联,40,不推送,24.0,39,-0.88,-0.16,-0.02,18.09,18.09,10.42,9.33,11.4,10.3,4.34,12.34,12.34,12.34,人气Top50；温和放量；近5日趋势升温；站上20日线且不过热；持续霸榜,收盘承接偏弱；热度可能进入后段；人气排名明显回落；上影线偏长,v1
2026-05-08,600703,三安光电,70,不推送,59.0,28,2.23,4.97,6.87,12.3,18.06,10.21,5.76,7.81,3.46,6.02,12.24,18.06,18.06,收盘承接较强；温和放量；近5日趋势升温；站上20日线且不过热；连续上榜确认；人气排名明显上升；市场强势且个股相对强势,-,v1
2026-05-08,688256,寒武纪,60,不推送,16.0,28,1.56,1.48,1.98,11.63,18.05,11.36,2.24,9.65,0.67,8.75,11.36,14.16,18.05,温和放量；近5日强势延续；站上20日线且不过热；连续上榜确认；市场强势且个股相对强势,当日转弱；收盘承接偏弱；短线涨幅偏高,v1
2026-05-08,002181,粤传媒,79,不推送,24.0,28,0.0,3.87,4.63,-37.87,18.04,-2.45,7.3,-2.45,7.3,-25.07,8.99,8.99,18.04,温和放量；近5日强势延续；站上20日线且不过热；连续上榜确认；市场强势且个股相对强势,当日转弱；短线涨幅偏高；人气排名明显回落,v1
2026-05-07,601016,节能风电,21,不推送,61.0,29,-1.4,-1.8,2.2,-20.04,18.04,2.61,2.2,4.07,3.66,-9.82,7.21,18.04,18.04,人气Top50；当日上涨；温和放量；近5日趋势升温；站上20日线且不过热；连续上榜确认；市场强势且个股相对强势,-,v1
2026-06-12,300394,天孚通信,81,不推送,0.0,3,2.0,8.57,8.96,17.22,18.03,17.22,,14.93,,,18.03,,,温和放量,当日转弱；收盘承接偏弱；近5日趋势未确认；仍在20日线下方；震荡市里相对走弱；后段人气股在偏弱环境里更谨慎；市场健康度不足，收缩推送,v1
2026-04-17,603601,再升科技,97,不推送,38.0,40,0.81,5.42,7.99,6.77,18.01,7.11,-3.99,6.25,-4.77,13.2,12.73,12.73,18.01,收盘承接较强；温和放量；近5日趋势升温；站上20日线且不过热；连续上榜确认,当日转弱；人气排名明显回落,v1
2026-06-01,600578,京能电力,8,不推送,12.0,12,-0.59,0.59,3.67,-4.98,18.01,10.9,4.5,11.56,5.13,-2.37,18.01,18.01,18.01,人气Top10；温和放量；站上20日线且不过热；持续霸榜,当日转弱；收盘承接偏弱；近5日趋势未确认；热度可能进入后段；弱市先收缩执行；弱市里的长连榜样本优先降权；市场健康度不足，收缩推送；市场健康度偏弱,v1
2026-05-29,600460,士兰微,19,不推送,34.0,13,-1.24,-5.2,0.0,18.01,18.01,0.29,-1.88,1.55,-0.64,-7.08,3.21,4.77,4.77,人气Top20；温和放量；近5日趋势升温；站上20日线且不过热；连续上榜确认；人气排名明显上升,当日转弱；收盘承接偏弱；弱市先收缩执行,v1
2026-04-13,002709,天赐材料,84,不推送,28.0,44,0.19,5.01,5.33,13.14,17.96,4.6,5.65,4.4,5.45,17.66,6.38,7.81,17.96,温和放量；近5日趋势升温；站上20日线且不过热；连续上榜确认,当日转弱；人气排名明显回落,v1
2026-04-14,000938,紫光股份,7,不推送,48.0,43,-0.04,-1.36,0.39,-2.33,17.95,-0.57,-0.9,-0.54,-0.86,13.35,2.94,4.63,17.95,人气Top10；温和放量；近5日趋势升温；站上20日线且不过热,当日转弱,v1
2026-04-13,600666,奥瑞德,16,观察池,68.0,44,2.96,0.93,5.3,-27.26,17.91,6.7,11.53,3.63,8.32,-9.5,6.7,17.91,17.91,人气Top20；收盘承接较强；温和放量；近5日趋势升温；站上20日线且不过热；连续上榜确认,v1每日精选未入前5,v1
2026-06-15,600105,永鼎股份,85,不推送,45.0,2,0.77,10.01,10.01,17.88,17.88,,,,,,,,,当日上涨；收在日内高位；温和放量；站上20日线且不过热；市场强势且个股相对强势,人气排名明显回落,v1
2026-05-20,601138,工业富联,36,不推送,4.25,20,-3.98,-9.12,-3.57,0.79,17.87,-2.46,-2.76,1.59,1.27,12.46,-2.18,2.32,17.87,人气Top50；站上20日线且不过热；持续霸榜；震荡市里保持相对强势,当日转弱；量能不足；热度可能进入后段,v1
2026-06-15,301526,国际复材,76,不推送,35.0,2,4.66,13.33,16.0,17.87,17.87,,,,,,,,,当日涨停附近；收在日内高位；温和放量；市场强势且个股相对强势；收盘强势，次日确认,短线涨幅过热；远离20日线过多；次日高开或一字风险,v1
2026-04-21,600961,株冶集团,27,不推送,56.0,21,3.89,9.17,9.99,2.66,17.85,13.06,2.47,8.82,-1.37,11.78,16.27,17.85,17.85,人气Top50；当日涨停附近；收在日内高位；温和放量；连续上榜确认；人气排名明显上升,短线涨幅过热；偏离20日线较大；一字或近似一字，参与点差,v1
2026-06-11,002281,光迅科技,73,不推送,0.0,4,2.31,-0.21,2.78,17.82,17.82,11.98,,9.45,,,15.82,,,持续霸榜,收盘承接偏弱；近5日趋势未确认；热度可能进入后段；上影线偏长；弱市先收缩执行；后段人气股在偏弱环境里更谨慎；弱市里的长连榜样本优先降权,v1
2026-05-25,002580,圣阳股份,41,不推送,0.0,17,-1.16,-3.6,-0.79,-11.8,17.81,-3.06,10.43,-1.93,11.73,-14.04,-0.79,10.43,17.81,人气Top50；温和放量；持续霸榜,当日转弱；收盘承接偏弱；近5日趋势未确认；仍在20日线下方；热度可能进入后段；强势市里个股相对走弱,v1
2026-05-18,002361,神剑股份,57,不推送,3.12,22,16.18,13.39,17.79,-3.16,17.79,7.25,10.66,-7.68,-4.75,-6.26,17.79,17.79,17.79,温和放量；持续霸榜；震荡市里保持相对强势,近5日趋势未确认；仍在20日线下方；热度可能进入后段；人气排名明显回落；后段人气股在偏弱环境里更谨慎,v1
2026-05-27,300502,新易盛,92,不推送,17.12,15,0.0,3.36,4.61,12.54,17.78,-2.19,12.57,-2.19,12.57,11.17,5.62,17.43,17.78,温和放量；近5日趋势升温；站上20日线且不过热；连续上榜确认；震荡市里保持相对强势,当日转弱；收盘承接偏弱；人气排名明显回落；后段人气股在偏弱环境里更谨慎,v1
2026-06-12,002428,云南锗业,25,观察池,71.38,3,2.97,10.0,10.0,7.59,17.78,7.59,,4.48,,,17.78,,,人气Top50；当日上涨；收盘承接较强；温和放量；近5日趋势升温；站上20日线且不过热；连续上榜确认；震荡市里保持相对强势；震荡市里承接未失控,v1每日精选未入前5,v1
2026-06-05,600667,太极实业,48,不推送,5.5,8,-5.08,-7.49,1.18,17.77,17.77,-1.42,1.67,3.85,7.11,,3.03,16.78,,人气Top50；温和放量；近5日强势延续；站上20日线且不过热；持续霸榜,当日转弱；收盘承接偏弱；短线涨幅偏高；热度可能进入后段；人气排名明显回落；弱市先收缩执行；弱市里的长连榜样本优先降权,v1
2026-04-21,600118,中国卫星,2,强推观察,90.0,38,-6.28,-2.61,-2.2,-24.36,17.76,-3.89,-3.2,2.54,3.28,13.95,4.79,4.79,17.76,人气Top3；当日上涨；收在日内高位；放量仍可控；近5日趋势升温；站上20日线且不过热；连续上榜确认；v1每日精选入选,-,v1
2026-05-08,002156,通富微电,43,不推送,41.0,28,4.99,7.11,8.88,17.76,17.76,6.48,-0.25,1.42,-4.99,11.0,8.88,8.88,17.03,人气Top50；温和放量；近5日趋势升温；站上20日线且不过热；连续上榜确认；市场强势且个股相对强势；v2热点回踩观察,当日转弱；收盘承接偏弱；人气排名明显回落,v1
2026-05-18,688808,联讯仪器,46,不推送,0.0,22,-35.17,-28.82,-27.26,17.75,17.75,-22.21,-7.8,20.0,42.23,-17.19,-14.58,-3.45,-2.39,人气Top50；当日上涨；震荡市里保持相对强势,量能不足；短线涨幅过热；远离20日线过多；上影线偏长,v1
2026-04-21,002364,中恒电气,47,不推送,24.0,38,0.32,-0.95,1.81,17.73,17.73,-5.59,-9.42,-5.89,-9.71,2.24,1.81,1.81,5.87,人气Top50；温和放量；持续霸榜,偏离20日线较大；热度可能进入后段,v1
2026-06-10,600226,亨通股份,87,不推送,53.38,5,-2.18,-3.72,4.75,13.86,17.72,5.91,13.86,8.27,16.4,,5.91,17.72,,当日上涨；收盘承接较强；温和放量；近5日强势延续；站上20日线且不过热；连续上榜确认；弱市中个股相对抗跌,短线涨幅偏高；后段人气股在偏弱环境里更谨慎,v1
2026-06-03,002491,通鼎互联,25,不推送,26.25,10,-3.57,10.0,10.0,17.71,17.71,2.91,-0.41,6.72,3.27,17.71,17.18,17.18,17.71,人气Top50；温和放量；近5日趋势升温；站上20日线且不过热；持续霸榜；震荡市里保持相对强势,当日转弱；收盘承接偏弱；热度可能进入后段,v1
2026-05-11,002384,东山精密,40,不推送,61.0,27,2.41,0.53,5.36,17.69,17.69,-1.56,-3.23,-3.88,-5.51,3.64,5.36,5.36,5.36,人气Top50；当日上涨；温和放量；近5日趋势升温；站上20日线且不过热；连续上榜确认；市场强势且个股相对强势,-,v1
2026-06-09,600869,远东股份,52,观察池,63.0,6,-2.77,6.52,7.56,12.29,17.69,9.49,14.79,12.6,18.06,,13.27,17.69,,当日强涨；收盘承接较强；温和放量；近5日趋势升温；站上20日线且不过热；市场强势且个股相对强势,v1每日精选未入前5,v1
2026-06-05,600869,远东股份,51,不推送,60.38,8,-4.42,-3.72,2.0,16.66,17.68,10.66,13.75,15.78,19.01,,11.75,17.68,,当日强涨；收盘承接较强；温和放量；近5日趋势升温；站上20日线且不过热；弱市中个股相对抗跌,后段人气股在偏弱环境里更谨慎,v1
2026-04-30,601138,工业富联,10,不推送,24.0,31,0.64,0.32,1.59,15.52,17.68,0.64,2.42,0.0,1.77,9.03,2.72,4.8,17.68,人气Top10；温和放量；站上20日线且不过热；持续霸榜,当日转弱；收盘承接偏弱；近5日趋势未确认；热度可能进入后段,v1
2026-06-01,002149,西部材料,100,不推送,0.0,12,0.62,3.62,4.13,6.0,17.67,10.34,11.88,9.67,11.19,5.56,12.0,17.67,17.67,持续霸榜,当日转弱；收盘承接偏弱；近5日趋势未确认；仍在20日线下方；热度可能进入后段；人气排名明显回落；弱市先收缩执行；后段人气股在偏弱环境里更谨慎；弱市里的长连榜样本优先降权；市场健康度不足，收缩推送；市场健康度偏弱,v1
2026-05-28,300408,三环集团,90,不推送,46.0,14,-0.08,-2.52,-0.08,17.67,17.67,1.78,5.24,1.86,5.33,-0.36,4.59,6.73,9.0,当日强涨；收盘承接较强；温和放量；近5日强势延续；市场强势且个股相对强势,短线涨幅偏高；偏离20日线较大,v1
2026-05-12,600726,华电能源,12,不推送,41.0,26,-3.12,10.0,10.0,7.79,17.66,-1.04,-9.09,2.14,-6.17,-1.17,17.66,17.66,17.66,人气Top20；温和放量；近5日趋势升温；持续霸榜；人气排名明显上升；市场强势且个股相对强势,当日转弱；偏离20日线较大；热度可能进入后段,v1
2026-04-15,603538,美诺华,4,观察池,85.0,42,0.0,0.9,3.23,-31.89,17.66,-7.37,-9.01,-7.37,-9.01,17.66,3.23,3.23,17.66,人气Top10；当日强涨；收在日内高位；温和放量；近5日强势延续；连续上榜确认；人气排名明显上升,短线涨幅偏高；偏离20日线较大；v1每日精选未入前5,v1
2026-06-01,000063,中兴通讯,55,不推送,0.0,12,0.06,3.42,3.87,7.24,17.66,7.52,4.87,7.46,4.81,6.04,9.69,17.66,17.66,温和放量；连续上榜确认,当日转弱；收盘承接偏弱；近5日趋势未确认；仍在20日线下方；弱市先收缩执行；后段人气股在偏弱环境里更谨慎；市场健康度不足，收缩推送；市场健康度偏弱,v1
2026-05-26,002185,华天科技,6,收盘强势观察,109.38,16,5.79,7.94,10.03,2.14,17.64,3.59,-1.82,-2.08,-7.2,-5.52,17.64,17.64,17.64,人气Top10；当日涨停附近；收在日内高位；温和放量；近5日趋势升温；持续霸榜；震荡市里保持相对强势；震荡市里承接未失控；v2强势延续修正；v2低分涨停修正；收盘强势，次日确认；v1每日精选入选,偏离20日线较大；热度可能进入后段；次日高开或一字风险,v1
2026-05-07,002475,立讯精密,31,不推送,59.0,29,-2.0,2.55,3.68,-3.16,17.64,11.03,8.46,13.3,10.67,-2.37,13.32,17.64,17.64,人气Top50；当日上涨；收盘承接较强；温和放量；站上20日线且不过热；连续上榜确认；人气排名明显上升；市场强势且个股相对强势,近5日趋势未确认,v1
2026-04-28,002361,神剑股份,21,不推送,8.0,33,-0.8,0.15,4.0,-21.98,17.63,5.94,9.39,6.8,10.27,-5.54,8.34,17.63,17.63,人气Top50；温和放量；站上20日线且不过热；持续霸榜,当日转弱；收盘承接偏弱；近5日趋势未确认；热度可能进入后段,v1
2026-05-26,300223,北京君正,97,不推送,48.25,16,15.14,6.96,17.63,14.77,17.63,5.25,-4.9,-8.59,-17.4,6.88,17.63,17.63,17.63,当日上涨；收盘承接较强；放量仍可控；近5日趋势升温；站上20日线且不过热；震荡市里保持相对强势；震荡市里承接未失控,后段人气股在偏弱环境里更谨慎,v1
2026-04-17,603052,可川科技,79,观察池,72.0,40,4.8,10.01,10.01,10.19,17.58,9.61,9.26,4.59,4.26,1.81,12.78,17.58,17.58,当日涨停附近；收在日内高位；温和放量；近5日趋势升温；站上20日线且不过热,v1每日精选未入前5,v1
2026-04-17,000630,铜陵有色,57,不推送,34.0,40,0.31,1.4,3.27,17.57,17.57,1.56,-2.18,1.24,-2.48,0.31,3.27,3.73,3.73,温和放量；近5日趋势升温；站上20日线且不过热,-,v1
2026-04-27,601179,中国西电,68,不推送,0.0,34,-0.06,1.65,3.43,-6.68,17.55,0.0,3.43,0.06,3.49,4.08,3.43,4.61,17.55,站上20日线且不过热；持续霸榜,当日转弱；收盘承接偏弱；近5日趋势未确认；热度可能进入后段,v1
2026-05-20,002081,金螳螂,32,不推送,0.0,20,-3.54,-10.14,-0.64,-23.19,17.55,-7.25,-14.17,-3.84,-11.02,4.99,-0.64,-0.64,17.55,人气Top50；温和放量；站上20日线且不过热；持续霸榜,当日转弱；收盘承接偏弱；近5日趋势未确认；热度可能进入后段；震荡市里相对走弱；市场健康度不足，收缩推送,v1
2026-05-07,002407,多氟多,49,不推送,29.0,29,-1.34,-6.83,1.98,3.0,17.51,-8.62,-11.75,-7.38,-10.56,9.26,1.98,1.98,17.51,人气Top50；近5日趋势升温；站上20日线且不过热；连续上榜确认；市场强势且个股相对强势,当日转弱,v1
2026-04-15,000973,佛塑科技,25,不推送,6.0,42,-3.15,-4.58,-0.61,-12.64,17.49,-0.44,0.5,2.79,3.76,17.49,4.25,4.25,17.49,人气Top50；放量仍可控；站上20日线且不过热；连续上榜确认,当日转弱；收盘承接偏弱；人气排名明显回落,v1
2026-04-16,002990,盛视科技,78,观察池,63.0,40,3.56,9.78,9.78,17.47,17.47,-2.74,5.98,-6.09,2.33,16.0,16.47,16.47,16.6,当日涨停附近；收在日内高位；温和放量；近5日强势延续；连续上榜确认,短线涨幅偏高；偏离20日线较大；v1每日精选未入前5,v1
2026-04-29,002361,神剑股份,51,不推送,0.0,32,1.8,2.49,3.84,-22.09,17.46,7.73,10.97,5.83,9.02,-5.69,8.23,17.46,17.46,站上20日线且不过热；持续霸榜,收盘承接偏弱；近5日趋势未确认；热度可能进入后段；人气排名明显回落；上影线偏长,v1
2026-04-24,002407,多氟多,7,强推观察,94.0,35,1.21,3.9,5.02,16.43,17.46,7.99,14.8,6.7,13.43,3.06,9.29,17.46,17.46,人气Top10；当日涨停附近；收在日内高位；放量仍可控；近5日趋势升温；站上20日线且不过热；人气排名明显上升；v1每日精选入选,-,v1
2026-04-14,300476,胜宏科技,62,观察池,60.0,43,0.65,-4.08,1.55,17.43,17.43,5.98,7.43,5.3,6.74,1.64,8.76,13.56,13.56,当日上涨；收盘承接较强；温和放量；近5日趋势升温；站上20日线且不过热；连续上榜确认,v1每日精选未入前5,v1
2026-05-14,002297,博云新材,82,不推送,0.0,24,4.01,3.77,9.35,3.49,17.38,-3.65,-0.8,-7.37,-4.63,-8.07,9.35,9.35,17.38,温和放量；站上20日线且不过热；持续霸榜,当日转弱；收盘承接偏弱；热度可能进入后段；人气排名明显回落；弱市先收缩执行；后段人气股在偏弱环境里更谨慎；弱市里的长连榜样本优先降权；市场健康度不足，收缩推送；市场健康度偏弱,v1
2026-05-29,002580,圣阳股份,56,不推送,2.88,13,0.12,10.02,10.02,-12.13,17.37,0.12,-10.02,0.0,-10.14,-14.48,17.37,17.37,17.37,当日上涨；温和放量,近5日趋势未确认；仍在20日线下方；弱市先收缩执行；后段人气股在偏弱环境里更谨慎,v1
2026-05-20,603538,美诺华,93,不推送,0.0,20,11.97,13.81,17.37,-19.06,17.37,-1.5,-0.51,-12.03,-11.15,-7.34,17.37,17.37,17.37,温和放量,当日转弱；收盘承接偏弱；近5日趋势未确认；仍在20日线下方；震荡市里相对走弱；后段人气股在偏弱环境里更谨慎；市场健康度不足，收缩推送,v1
2026-04-29,002297,博云新材,14,不推送,34.0,32,0.99,5.56,9.44,11.07,17.36,6.64,8.36,5.59,7.3,9.35,12.02,14.82,17.36,人气Top20；温和放量；近5日趋势升温；持续霸榜,远离20日线过多；热度可能进入后段,v1
2026-04-27,002050,三花智控,96,不推送,24.0,34,-0.11,-3.81,-0.11,-2.85,17.36,2.2,9.61,2.31,9.73,7.67,3.18,9.78,17.36,收盘承接较强；温和放量；站上20日线且不过热,近5日趋势未确认；人气排名明显回落,v1
2026-04-22,002812,恩捷股份,6,不推送,48.0,37,-0.99,-6.13,-0.66,-5.83,17.35,8.18,13.02,9.26,14.15,9.43,12.39,14.92,17.35,人气Top10；温和放量；近5日趋势升温；站上20日线且不过热；连续上榜确认；人气排名明显上升,当日转弱；收盘承接偏弱,v1
2026-04-15,300394,天孚通信,75,不推送,0.0,42,-0.8,7.53,8.8,-0.4,17.34,13.26,13.53,14.18,14.45,-5.92,17.34,17.34,17.34,温和放量；站上20日线且不过热,当日转弱；收盘承接偏弱；近5日趋势未确认,v1
2026-05-26,000725,京东方A,2,观察池,79.88,16,0.52,-0.87,5.55,16.29,17.33,-11.44,-5.2,-11.9,-5.69,13.0,5.55,5.55,17.33,人气Top3；当日强涨；收在日内高位；放量仍可控；近5日强势延续；连续上榜确认；震荡市里保持相对强势；震荡市里承接未失控,短线涨幅偏高；偏离20日线较大；Top3高热度拥挤，次日兑现风险；v1每日精选未入前5,v1
2026-05-28,300394,天孚通信,76,观察池,62.0,14,4.35,1.71,10.03,3.18,17.33,2.11,7.36,-2.14,2.89,-7.89,10.03,17.33,17.33,当日上涨；收在日内高位；温和放量；近5日强势延续；站上20日线且不过热；连续上榜确认；市场强势且个股相对强势,短线涨幅偏高；v1每日精选未入前5,v1
2026-05-28,002384,东山精密,45,不推送,39.0,14,1.79,-2.72,5.0,17.32,17.32,-3.68,8.58,-5.38,6.67,-3.66,5.0,11.74,11.74,人气Top50；温和放量；近5日趋势升温；站上20日线且不过热；持续霸榜；市场强势且个股相对强势,当日转弱；热度可能进入后段,v1
2026-06-02,600578,京能电力,34,不推送,5.5,11,-2.94,10.01,10.01,-5.54,17.31,-0.35,7.54,2.67,10.8,-3.89,17.31,17.31,17.31,人气Top50；站上20日线且不过热；持续霸榜,近5日趋势未确认；热度可能进入后段；人气排名明显回落；强势市里个股相对走弱；市场健康度不足，收缩推送,v1
2026-04-16,002015,协鑫能科,51,不推送,54.0,41,0.0,0.6,5.05,2.88,17.26,2.66,12.27,2.66,12.27,-3.64,6.3,17.26,17.26,当日上涨；温和放量；近5日趋势升温；站上20日线且不过热；连续上榜确认；人气排名明显上升,-,v1
2026-06-12,600367,红星发展,99,不推送,3.12,3,0.4,1.73,5.09,7.67,17.25,7.67,,7.25,,,17.25,,,温和放量；近5日趋势升温；持续霸榜；震荡市里保持相对强势,当日转弱；收盘承接偏弱；偏离20日线较大；热度可能进入后段；人气排名明显回落；后段人气股在偏弱环境里更谨慎,v1
2026-06-01,603459,红板科技,73,不推送,0.0,12,0.0,5.9,9.05,-2.61,17.22,16.67,-1.66,16.67,-1.66,-11.77,17.22,17.22,17.22,站上20日线且不过热；持续霸榜,当日转弱；收盘承接偏弱；近5日趋势未确认；热度可能进入后段；弱市先收缩执行；后段人气股在偏弱环境里更谨慎；弱市里的长连榜样本优先降权；市场健康度不足，收缩推送；市场健康度偏弱,v1
2026-06-12,600578,京能电力,36,不推送,0.0,3,-0.53,10.01,10.01,7.08,17.22,7.08,,7.65,,,17.22,,,人气Top50；温和放量；持续霸榜；人气排名明显上升,当日转弱；收盘承接偏弱；近5日趋势未确认；仍在20日线下方；热度可能进入后段；震荡市里相对走弱；市场健康度不足，收缩推送,v1
2026-05-06,002131,利欧股份,49,不推送,0.0,31,0.93,5.27,5.74,-16.9,17.21,9.3,4.03,8.29,3.07,14.26,11.94,11.94,17.21,人气Top50；持续霸榜；人气排名明显上升,当日转弱；收盘承接偏弱；近5日趋势未确认；仍在20日线下方；热度可能进入后段,v1
2026-04-30,002131,利欧股份,82,不推送,0.0,31,0.93,5.27,5.74,-16.9,17.21,9.3,4.03,8.29,3.07,14.26,11.94,11.94,17.21,持续霸榜；人气排名明显上升,当日转弱；收盘承接偏弱；近5日趋势未确认；仍在20日线下方；热度可能进入后段,v1
2026-05-15,002156,通富微电,32,不推送,60.25,23,-14.1,-13.4,-10.35,0.39,17.2,-7.11,-5.38,8.14,10.15,-1.43,-4.78,-0.24,17.2,人气Top50；当日上涨；温和放量；近5日趋势升温；站上20日线且不过热；持续霸榜；人气排名明显上升；震荡市里保持相对强势,热度可能进入后段,v1
2026-05-18,002156,通富微电,64,不推送,43.12,22,-15.17,-12.22,-11.77,0.39,17.2,-7.89,4.09,8.59,22.71,-8.32,-0.24,4.09,17.2,当日上涨；温和放量；近5日趋势升温；站上20日线且不过热；持续霸榜；震荡市里保持相对强势,热度可能进入后段；人气排名明显回落；后段人气股在偏弱环境里更谨慎,v1
2026-04-24,000062,深圳华强,20,强推观察,92.0,35,3.01,10.02,10.02,-7.27,17.2,4.12,7.71,1.08,4.56,7.48,14.19,17.2,17.2,人气Top20；当日涨停附近；收在日内高位；温和放量；近5日趋势升温；站上20日线且不过热；人气排名明显上升；v1每日精选入选,-,v1
2026-05-26,603601,再升科技,19,观察池,79.38,16,-1.4,6.53,9.57,-21.43,17.19,5.48,-14.6,6.97,-13.39,-27.85,17.19,17.19,17.19,人气Top20；当日上涨；收盘承接较强；温和放量；近5日趋势升温；站上20日线且不过热；连续上榜确认；震荡市里保持相对强势；震荡市里承接未失控,v1每日精选未入前5,v1
2026-04-23,600118,中国卫星,40,观察池,62.0,36,-2.0,-5.59,-1.31,-25.7,17.16,-4.91,0.78,-2.97,2.84,9.47,1.1,1.76,17.16,人气Top50；当日上涨；温和放量；近5日趋势升温；站上20日线且不过热；连续上榜确认；人气排名明显上升,v1每日精选未入前5,v1
2026-06-10,300136,信维通信,54,不推送,0.0,5,-0.02,3.0,5.69,9.51,17.13,1.36,9.51,1.38,9.54,,8.93,17.13,,连续上榜确认；人气排名明显上升,当日转弱；收盘承接偏弱；仍在20日线下方；弱市先收缩执行；后段人气股在偏弱环境里更谨慎,v1
2026-05-28,002251,步步高,68,不推送,0.0,14,0.23,9.91,9.91,-12.16,17.12,9.91,-0.45,9.66,-0.67,-12.16,17.12,17.12,17.12,近5日趋势升温；站上20日线且不过热；连续上榜确认；市场强势且个股相对强势,当日转弱；收盘承接偏弱；放量过猛；人气排名明显回落,v1
2026-04-27,002176,江特电机,35,不推送,49.0,34,-2.21,0.97,3.38,-20.7,17.12,10.77,7.11,13.27,9.53,-4.42,17.12,17.12,17.12,人气Top50；当日上涨；收盘承接较强；放量仍可控；近5日强势延续；连续上榜确认；人气排名明显上升,短线涨幅偏高；偏离20日线较大,v1
2026-04-24,000973,佛塑科技,74,观察池,64.0,35,0.58,3.84,6.37,-16.64,17.11,12.11,11.85,11.47,11.2,3.11,12.11,17.11,17.11,当日涨停附近；收在日内高位；温和放量；站上20日线且不过热；人气排名明显上升,v1每日精选未入前5,v1
2026-04-15,002342,巨力索具,17,不推送,59.0,42,-1.53,1.2,7.6,-43.9,17.11,6.45,10.17,8.11,11.88,3.28,9.35,17.11,17.11,人气Top20；当日上涨；收盘承接较强；温和放量；近5日强势延续；连续上榜确认,短线涨幅偏高；偏离20日线较大,v1
2026-06-09,603986,兆易创新,47,观察池,77.0,6,-2.28,-3.93,-0.65,17.09,17.09,-3.8,6.45,-1.56,8.92,,1.9,8.46,,人气Top50；当日上涨；收在日内高位；温和放量；近5日趋势升温；站上20日线且不过热；持续霸榜；人气排名明显上升；市场强势且个股相对强势,热度可能进入后段；v1每日精选未入前5,v1
2026-04-28,603538,美诺华,50,观察池,60.0,33,1.9,8.62,8.62,-37.13,17.08,13.94,5.95,11.82,3.98,-15.5,14.29,17.08,17.08,人气Top50；当日上涨；收盘承接较强；温和放量；近5日趋势升温；站上20日线且不过热；持续霸榜,热度可能进入后段；人气排名明显回落；v1每日精选未入前5,v1
2026-05-12,002384,东山精密,28,不推送,41.0,26,-2.94,0.59,2.83,17.07,17.07,-7.34,1.19,-4.53,4.26,0.79,2.98,2.98,4.02,人气Top50；温和放量；近5日趋势升温；站上20日线且不过热；持续霸榜；人气排名明显上升；市场强势且个股相对强势,收盘承接偏弱；热度可能进入后段,v1
2026-05-26,002281,光迅科技,21,不推送,3.5,16,-2.28,-1.94,3.39,17.07,17.07,-1.34,4.06,0.97,6.49,1.69,6.03,6.03,15.46,人气Top50；温和放量；站上20日线且不过热；持续霸榜,当日转弱；收盘承接偏弱；近5日趋势未确认；热度可能进入后段；震荡市里相对走弱,v1
2026-06-11,600160,巨化股份,56,不推送,32.88,3,0.24,3.39,5.0,13.9,17.07,13.9,,13.63,,,17.07,,,温和放量；近5日趋势升温；站上20日线且不过热；连续上榜确认；人气排名明显上升,上影线偏长；弱市先收缩执行；后段人气股在偏弱环境里更谨慎,v1
2026-04-28,002475,立讯精密,25,不推送,24.0,33,-2.69,-1.77,-0.16,-3.66,17.03,-4.01,2.02,-1.35,4.84,5.9,1.6,3.15,17.03,人气Top50；温和放量；近5日趋势升温；站上20日线且不过热；持续霸榜,当日转弱；收盘承接偏弱；热度可能进入后段,v1
2026-05-18,600396,华电辽能,7,不推送,1.25,22,-20.42,-9.17,-4.95,0.11,16.99,-19.97,-9.9,0.57,13.22,4.05,-4.95,-4.95,16.99,人气Top10；近5日强势延续；持续霸榜；震荡市里保持相对强势,当日转弱；收盘承接偏弱；短线涨幅偏高；远离20日线过多；热度可能进入后段,v1
2026-05-15,600396,华电辽能,2,不推送,2.75,23,-7.2,-11.75,-3.54,0.11,16.99,-18.22,-18.11,-11.88,-11.76,12.65,-3.54,-3.54,16.99,人气Top3；近5日强势延续；持续霸榜；震荡市里保持相对强势,当日转弱；收盘承接偏弱；短线涨幅偏高；远离20日线过多；热度可能进入后段；Top3高热度拥挤，次日兑现风险,v1
2026-06-04,002436,兴森科技,99,不推送,33.12,9,-3.35,-7.27,-1.17,16.96,16.96,-6.66,-10.08,-3.42,-6.96,,-1.17,-1.17,,温和放量；近5日趋势升温；站上20日线且不过热；连续上榜确认；震荡市里保持相对强势,人气排名明显回落；上影线偏长；后段人气股在偏弱环境里更谨慎,v1
2026-06-08,002747,埃斯顿,17,收盘强势观察,118.5,7,5.54,9.99,9.99,-2.75,16.94,-2.26,-2.61,-7.39,-7.72,,16.94,16.94,,人气Top20；当日涨停附近；收在日内高位；温和放量；近5日强势延续；站上20日线且不过热；连续上榜确认；人气排名明显上升；弱市中个股相对抗跌；v2强势延续修正；v2连榜升温修正；v2低分涨停修正；收盘强势，次日确认；v1每日精选入选,短线涨幅偏高；次日高开或一字风险,v1
2026-04-14,002466,天齐锂业,72,观察池,70.0,43,0.23,-4.23,0.23,-0.76,16.94,3.29,9.58,3.05,9.32,12.4,6.0,13.59,16.94,当日上涨；收在日内高位；温和放量；近5日趋势升温；站上20日线且不过热；连续上榜确认；人气排名明显上升,v1每日精选未入前5,v1
2026-05-08,601138,工业富联,40,不推送,0.0,28,1.45,4.06,4.09,14.79,16.94,11.95,6.86,10.34,5.33,6.13,11.95,16.94,16.94,人气Top50；站上20日线且不过热；连续上榜确认,当日转弱；收盘承接偏弱；近5日趋势未确认；强势市里个股相对走弱,v1
2026-04-27,600879,航天电子,32,不推送,6.0,34,0.04,-4.49,0.47,-13.64,16.93,2.48,8.21,2.44,8.16,3.04,2.95,9.02,16.93,人气Top50；站上20日线且不过热；人气排名明显上升,当日转弱；近5日趋势未确认,v1
2026-05-26,300502,新易盛,20,强推观察,93.38,16,-1.36,-0.72,2.15,11.73,16.93,0.92,6.72,2.31,8.19,12.26,4.86,7.44,16.93,人气Top20；当日上涨；收在日内高位；温和放量；近5日趋势升温；站上20日线且不过热；连续上榜确认；震荡市里保持相对强势；震荡市里承接未失控；v2连榜升温修正；v1每日精选入选,-,v1
2026-06-08,002281,光迅科技,24,不推送,0.5,7,2.75,1.56,3.86,16.91,16.91,-0.77,8.93,-3.42,6.01,,3.86,8.93,,人气Top50；温和放量；持续霸榜；人气排名明显上升,当日转弱；收盘承接偏弱；热度可能进入后段；弱市先收缩执行；弱市里的长连榜样本优先降权,v1
2026-05-15,002475,立讯精密,71,不推送,0.0,23,9.81,9.54,12.86,1.16,16.9,5.29,8.79,-4.12,-0.93,10.13,12.86,12.86,16.9,持续霸榜,当日转弱；近5日趋势未确认；热度可能进入后段；人气排名明显回落；震荡市里相对走弱；后段人气股在偏弱环境里更谨慎；市场健康度不足，收缩推送,v1
2026-05-29,000601,韶能股份,94,不推送,52.38,13,0.12,-3.43,0.35,-16.31,16.9,9.93,-5.79,9.8,-5.9,-20.33,16.9,16.9,16.9,当日上涨；收盘承接较强；温和放量；近5日趋势升温；站上20日线且不过热；弱市中个股相对抗跌,后段人气股在偏弱环境里更谨慎,v1
2026-05-18,002475,立讯精密,52,不推送,0.0,22,8.26,8.79,9.26,1.16,16.9,1.98,12.25,-5.8,3.68,6.25,9.68,12.59,16.9,持续霸榜；人气排名明显上升,当日转弱；近5日趋势未确认；热度可能进入后段；震荡市里相对走弱；后段人气股在偏弱环境里更谨慎；市场健康度不足，收缩推送,v1
2026-06-08,688507,索辰科技,79,不推送,55.38,7,-1.76,4.81,9.75,8.45,16.9,-8.21,12.65,-6.56,14.67,,13.79,16.9,,当日涨停附近；收在日内高位；温和放量；近5日强势延续；弱市中个股相对抗跌；收盘强势，次日确认,短线涨幅偏高；偏离20日线较大；后段人气股在偏弱环境里更谨慎；次日高开或一字风险,v1
2026-04-23,300456,赛微电子,50,不推送,0.0,19,1.31,-2.29,1.95,3.17,16.9,-2.4,-1.88,-3.66,-3.15,5.25,3.98,3.98,16.9,人气Top50；放量仍可控；连续上榜确认,当日转弱；收盘承接偏弱；近5日趋势未确认；仍在20日线下方,v1
2026-05-14,600105,永鼎股份,22,不推送,32.5,24,0.0,-4.61,2.82,16.88,16.88,-6.52,-14.26,-6.52,-14.26,-10.1,2.82,2.82,2.82,人气Top50；当日上涨；温和放量；近5日趋势升温；站上20日线且不过热；持续霸榜；人气排名明显上升,收盘承接偏弱；热度可能进入后段；上影线偏长；弱市先收缩执行；弱市里的长连榜样本优先降权,v1
2026-06-10,603203,快克智能,95,不推送,50.38,5,1.99,6.87,8.32,12.84,16.87,2.15,12.84,0.16,10.64,,16.46,16.87,,收在日内高位；温和放量；近5日趋势升温；站上20日线且不过热；弱市中个股相对抗跌,后段人气股在偏弱环境里更谨慎,v1
2026-05-19,688008,澜起科技,51,不推送,9.12,21,0.0,4.12,6.02,6.23,16.87,10.0,10.19,10.0,10.19,-4.09,16.28,16.28,16.87,收盘承接较强；站上20日线且不过热；震荡市里保持相对强势,当日转弱；后段人气股在偏弱环境里更谨慎,v1
2026-06-15,301217,铜冠铜箔,42,不推送,51.0,2,7.02,4.71,16.83,6.78,16.83,,,,,,,,,人气Top50；当日涨停附近；收在日内高位；温和放量；连续上榜确认；市场强势且个股相对强势；收盘强势，次日确认,短线涨幅过热；远离20日线过多；次日高开或一字风险,v1
2026-04-14,600666,奥瑞德,38,不推送,34.0,43,-2.62,-3.86,1.08,-27.93,16.82,9.41,4.01,12.36,6.81,-14.51,12.96,16.82,16.82,人气Top50；温和放量；近5日趋势升温；站上20日线且不过热；连续上榜确认,收盘承接偏弱；人气排名明显回落,v1
2026-04-29,300476,胜宏科技,97,不推送,40.0,32,-0.26,-1.61,0.9,8.34,16.81,1.25,13.29,1.52,13.59,3.69,2.1,14.87,16.81,当日上涨；收盘承接较强；温和放量；站上20日线且不过热；连续上榜确认,近5日趋势未确认；人气排名明显回落,v1
2026-06-01,300308,中际旭创,29,不推送,4.5,12,2.09,5.47,6.69,12.93,16.81,13.27,2.21,10.96,0.12,10.18,16.81,16.81,16.81,人气Top50；温和放量；站上20日线且不过热；持续霸榜,当日转弱；收盘承接偏弱；热度可能进入后段；弱市先收缩执行；弱市里的长连榜样本优先降权,v1
2026-06-11,605006,山东玻纤,49,不推送,55.5,4,-2.96,-7.5,3.1,16.8,16.8,7.73,,11.02,,,7.73,,,人气Top50；当日上涨；收盘承接较强；温和放量；近5日趋势升温；人气排名明显上升；弱市中个股相对抗跌,偏离20日线较大,v1
2026-04-16,300502,新易盛,10,强推观察,98.0,41,2.33,9.58,9.76,3.79,16.8,7.63,13.17,5.18,10.6,-2.18,11.06,16.8,16.8,人气Top10；当日强涨；收在日内高位；温和放量；近5日趋势升温；站上20日线且不过热；持续霸榜；人气排名明显上升；v1每日精选入选,热度可能进入后段,v1
2026-05-18,002465,海格通信,65,不推送,0.0,22,0.25,1.26,1.83,-12.56,16.79,2.08,10.48,1.83,10.2,-1.01,7.95,11.3,16.79,放量仍可控,当日转弱；收盘承接偏弱；近5日趋势未确认；震荡市里相对走弱；后段人气股在偏弱环境里更谨慎；市场健康度不足，收缩推送,v1
2026-05-21,002036,联创电子,34,收盘强势观察,85.5,19,7.8,10.04,10.04,-7.05,16.77,15.17,4.49,6.84,-3.07,-5.45,16.77,16.77,16.77,人气Top50；当日涨停附近；收在日内高位；放量仍可控；近5日趋势升温；站上20日线且不过热；弱市中个股相对抗跌；v2强势延续修正；收盘强势，次日确认；v1每日精选入选,次日高开或一字风险,v1
2026-06-12,002297,博云新材,55,不推送,39.12,3,-2.41,2.94,3.48,14.88,16.76,14.88,,17.72,,,16.76,,,当日上涨；温和放量；近5日趋势升温；人气排名明显上升；震荡市里保持相对强势,后段人气股在偏弱环境里更谨慎,v1
2026-06-10,002579,中京电子,61,不推送,0.0,5,-1.9,-3.35,1.14,16.75,16.75,3.35,16.75,5.35,19.01,,4.49,16.75,,持续霸榜,当日转弱；收盘承接偏弱；近5日趋势未确认；热度可能进入后段；人气排名明显回落；弱市先收缩执行；后段人气股在偏弱环境里更谨慎；弱市里的长连榜样本优先降权；市场健康度不足，收缩推送；市场健康度偏弱,v1
2026-05-08,603629,利通电子,28,不推送,34.0,28,-0.02,-2.85,-0.02,-1.53,16.74,3.06,1.44,3.08,1.46,16.74,3.06,8.3,16.74,人气Top50；当日上涨；温和放量；近5日强势延续；连续上榜确认；市场强势且个股相对强势,短线涨幅偏高；远离20日线过多,v1
2026-06-12,603601,再升科技,57,不推送,0.0,3,0.44,3.26,3.77,16.73,16.73,16.73,,16.21,,,16.73,,,温和放量,当日转弱；收盘承接偏弱；近5日趋势未确认；仍在20日线下方；震荡市里相对走弱；后段人气股在偏弱环境里更谨慎；市场健康度不足，收缩推送,v1
2026-04-14,002418,康盛股份,55,不推送,7.0,43,-1.8,-9.84,-0.33,-30.66,16.72,1.48,0.49,3.34,2.34,-6.72,1.48,16.07,16.72,近5日强势延续；站上20日线且不过热；连续上榜确认,当日转弱；短线涨幅偏高；人气排名明显回落,v1
2026-06-10,600160,巨化股份,76,不推送,52.38,4,1.6,2.47,6.37,16.72,16.72,16.45,,14.61,,,16.55,,,当日强涨；收盘承接较强；温和放量；站上20日线且不过热；人气排名明显上升；弱市中个股相对抗跌,后段人气股在偏弱环境里更谨慎,v1
2026-05-15,002031,巨轮智能,7,不推送,50.25,23,10.34,8.49,16.71,-24.27,16.71,0.0,-1.86,-9.38,-11.06,-17.24,16.71,16.71,16.71,人气Top10；温和放量；近5日趋势升温；站上20日线且不过热；连续上榜确认；人气排名明显上升；震荡市里保持相对强势,当日转弱；收盘承接偏弱,v1
2026-04-28,002565,顺灏股份,97,不推送,0.0,33,-3.02,-1.75,1.27,-27.9,16.71,1.86,9.5,5.03,12.91,-0.27,4.99,13.0,16.71,站上20日线且不过热；持续霸榜,收盘承接偏弱；近5日趋势未确认；热度可能进入后段；人气排名明显回落；上影线偏长,v1
2026-04-15,002506,协鑫集成,86,不推送,0.0,42,-0.69,1.37,2.29,-26.54,16.7,6.41,7.78,7.14,8.53,-1.83,6.86,16.7,16.7,温和放量；连续上榜确认,当日转弱；收盘承接偏弱；近5日趋势未确认；仍在20日线下方,v1
2026-04-10,600654,中安科,60,不推送,6.0,45,-2.21,10.05,10.05,-28.92,16.67,8.09,9.56,10.53,12.03,-8.09,15.93,16.67,16.67,放量仍可控；近5日趋势升温；站上20日线且不过热,当日转弱；收盘承接偏弱,v1
2026-06-11,001696,宗申动力,13,不推送,61.5,4,2.65,10.02,10.02,16.67,16.67,14.16,,11.22,,,15.13,,,人气Top20；当日涨停附近；收在日内高位；放量仍可控；连续上榜确认；弱市中个股相对抗跌；收盘强势，次日确认,短线涨幅过热；偏离20日线较大；次日高开或一字风险,v1
2026-04-21,002466,天齐锂业,29,不推送,36.0,38,-1.0,0.03,0.72,-9.43,16.66,4.23,2.57,5.29,3.61,7.55,5.74,6.72,16.66,人气Top50；当日上涨；温和放量；近5日趋势升温；站上20日线且不过热；人气排名明显上升,收盘承接偏弱；上影线偏长,v1
2026-06-04,000636,风华高科,11,不推送,52.38,9,-5.51,-6.06,-2.09,16.63,16.63,-3.81,1.26,1.8,7.17,,-2.09,3.61,,人气Top20；当日上涨；收盘承接较强；温和放量；近5日强势延续；持续霸榜；人气排名明显上升；震荡市里保持相对强势；震荡市里承接未失控,短线涨幅偏高；远离20日线过多；热度可能进入后段,v1
2026-04-16,603538,美诺华,34,不推送,32.0,41,0.0,-6.25,0.34,-32.5,16.61,-6.2,-0.8,-6.2,-0.8,11.54,0.34,0.34,16.61,人气Top50；温和放量；近5日趋势升温；持续霸榜,偏离20日线较大；热度可能进入后段；人气排名明显回落,v1
2026-06-05,002484,江海股份,75,不推送,0.0,8,-1.79,-7.09,-1.11,16.59,16.59,-2.67,-9.72,-0.89,-8.08,,3.11,3.11,,温和放量；近5日趋势升温；连续上榜确认,当日转弱；收盘承接偏弱；偏离20日线较大；人气排名明显回落；弱市先收缩执行；后段人气股在偏弱环境里更谨慎,v1
2026-05-11,002008,大族激光,24,观察池,84.0,27,-0.05,0.29,4.14,1.32,16.58,11.16,3.18,11.22,3.23,6.09,16.58,16.58,16.58,人气Top50；当日涨停附近；收在日内高位；温和放量；近5日强势延续；连续上榜确认；人气排名明显上升；市场强势且个股相对强势；v2低分涨停修正；收盘强势，次日确认,短线涨幅偏高；偏离20日线较大；次日高开或一字风险；v1每日精选未入前5,v1
2026-04-28,603778,国晟科技,75,不推送,0.0,33,-1.07,8.31,9.42,-34.15,16.58,10.45,6.81,11.64,7.96,-13.65,10.8,16.58,16.58,持续霸榜,当日转弱；收盘承接偏弱；近5日趋势未确认；仍在20日线下方；热度可能进入后段；人气排名明显回落,v1
2026-04-17,002015,协鑫能科,52,不推送,24.0,40,0.05,3.4,5.67,2.27,16.57,7.23,5.29,7.17,5.23,5.4,7.66,16.57,16.57,温和放量；近5日趋势升温；站上20日线且不过热；连续上榜确认,收盘承接偏弱；上影线偏长,v1
2026-05-28,600707,彩虹股份,59,不推送,1.75,14,-0.74,-10.04,0.0,16.57,16.57,-7.09,0.83,-6.4,1.58,-2.3,0.0,2.95,16.21,温和放量；站上20日线且不过热；持续霸榜；人气排名明显上升,当日转弱；收盘承接偏弱；近5日趋势未确认；热度可能进入后段；强势市里个股相对走弱,v1
2026-04-28,603516,淳中科技,44,不推送,16.0,16,1.18,10.0,10.0,-15.85,16.56,-6.74,-0.74,-7.82,-1.9,-18.23,16.56,16.56,16.56,人气Top50；温和放量；站上20日线且不过热,当日转弱；近5日趋势未确认,v1
2026-06-12,300136,信维通信,38,不推送,0.0,3,-2.95,0.87,2.2,8.98,16.56,8.98,,12.3,,,16.56,,,人气Top50；温和放量；人气排名明显上升,当日转弱；收盘承接偏弱；近5日趋势未确认；仍在20日线下方；震荡市里相对走弱；市场健康度不足，收缩推送,v1
2026-05-07,600379,宝光股份,23,不推送,0.0,29,-1.4,-6.17,-1.4,-31.03,16.55,-3.7,6.12,-2.33,7.63,-25.48,7.58,16.55,16.55,人气Top50；近5日强势延续；连续上榜确认；市场强势且个股相对强势,当日转弱；收盘承接偏弱；短线涨幅偏高；偏离20日线较大,v1
2026-04-27,600152,维科技术,84,观察池,68.0,34,2.03,10.03,10.03,-22.37,16.55,4.14,5.96,2.06,3.85,-6.73,10.03,10.03,16.55,当日涨停附近；收在日内高位；温和放量；站上20日线且不过热；连续上榜确认,v1每日精选未入前5,v1
2026-05-08,600589,大位科技,71,观察池,68.0,28,4.64,4.08,7.75,-18.15,16.55,8.39,2.72,3.59,-1.83,2.96,10.23,16.55,16.55,当日涨停附近；收在日内高位；放量仍可控；近5日强势延续；站上20日线且不过热；市场强势且个股相对强势；v2低分涨停修正；收盘强势，次日确认,短线涨幅偏高；次日高开或一字风险；v1每日精选未入前5,v1
2026-05-11,000988,华工科技,22,观察池,83.0,27,-0.39,-2.31,2.0,15.75,16.55,-6.9,-0.12,-6.53,0.27,16.55,2.0,2.0,16.55,人气Top50；当日强涨；收盘承接较强；温和放量；近5日趋势升温；站上20日线且不过热；连续上榜确认；人气排名明显上升；市场强势且个股相对强势,v1每日精选未入前5,v1
2026-05-21,600360,华微电子,43,不推送,43.5,19,-2.41,-1.24,0.0,1.08,16.51,-12.37,1.74,-10.2,4.25,13.61,0.0,1.74,16.51,人气Top50；当日涨停附近；收在日内高位；站上20日线且不过热；弱市中个股相对抗跌；收盘强势，次日确认,放量过猛；次日高开或一字风险,v1
2026-06-08,603859,能科科技,67,观察池,64.38,7,2.45,6.37,7.79,1.99,16.51,4.24,4.04,1.75,1.55,,16.51,16.51,,当日涨停附近；收在日内高位；近5日趋势升温；站上20日线且不过热；弱市中个股相对抗跌；v2低分涨停修正；收盘强势，次日确认,后段人气股在偏弱环境里更谨慎；次日高开或一字风险；v1每日精选未入前5,v1
2026-04-10,002051,中工国际,76,不推送,12.0,45,-4.94,-8.29,-4.01,16.5,16.5,10.9,7.36,16.67,12.94,-0.75,10.9,13.14,14.35,温和放量；近5日趋势升温；站上20日线且不过热,当日转弱；收盘承接偏弱,v1
2026-05-22,002384,东山精密,45,观察池,67.0,18,1.07,2.58,3.5,16.49,16.49,1.28,-3.4,0.21,-4.42,0.39,6.1,6.1,10.95,人气Top50；当日上涨；收盘承接较强；温和放量；近5日趋势升温；站上20日线且不过热；持续霸榜；市场强势且个股相对强势,热度可能进入后段；v1每日精选未入前5,v1
2026-06-11,920083,金戈新材,62,不推送,0.0,4,-9.14,-22.73,-8.91,16.48,16.48,-0.62,,9.38,,,-0.62,,,站上20日线且不过热,收盘承接偏弱；弱市先收缩执行；后段人气股在偏弱环境里更谨慎；市场健康度不足，收缩推送；市场健康度偏弱,v1
2026-05-14,002491,通鼎互联,63,不推送,0.0,24,-2.35,-8.36,-0.89,16.47,16.47,-3.89,-11.81,-1.58,-9.68,-6.21,0.81,0.93,0.93,温和放量；近5日强势延续；连续上榜确认,当日转弱；收盘承接偏弱；短线涨幅偏高；偏离20日线较大；人气排名明显回落；弱市先收缩执行；后段人气股在偏弱环境里更谨慎,v1
2026-05-18,688525,佰维存储,88,不推送,0.0,22,1.29,-1.41,1.92,16.46,16.46,-5.32,0.97,-6.53,-0.32,-4.06,3.17,3.17,7.8,当日上涨；站上20日线且不过热；震荡市里保持相对强势,收盘承接偏弱；量能不足；人气排名明显回落；上影线偏长；后段人气股在偏弱环境里更谨慎,v1
2026-04-27,600821,金开新能,72,不推送,0.0,34,-1.4,-2.68,1.4,-22.17,16.45,-8.98,3.27,-7.69,4.73,4.55,3.62,4.32,16.45,持续霸榜,当日转弱；近5日趋势未确认；热度可能进入后段；人气排名明显回落,v1
2026-05-13,002384,东山精密,72,不推送,37.0,25,-0.0,-2.65,2.38,16.39,16.39,-4.3,1.02,-4.3,1.02,1.19,2.38,2.38,6.0,温和放量；近5日趋势升温；站上20日线且不过热；持续霸榜；市场强势且个股相对强势,热度可能进入后段；人气排名明显回落,v1
2026-06-03,300433,蓝思科技,48,观察池,64.25,10,-0.81,-1.69,1.76,15.36,16.36,-3.94,-5.14,-3.16,-4.36,15.36,7.66,7.66,16.36,人气Top50；当日强涨；温和放量；近5日趋势升温；站上20日线且不过热；持续霸榜；震荡市里保持相对强势,热度可能进入后段；v1每日精选未入前5,v1
2026-05-15,601012,隆基绿能,97,不推送,0.0,23,14.87,12.57,14.94,-2.83,16.36,14.13,11.82,-0.65,-2.65,3.27,16.36,16.36,16.36,温和放量,当日转弱；收盘承接偏弱；近5日趋势未确认；仍在20日线下方；震荡市里相对走弱；后段人气股在偏弱环境里更谨慎；市场健康度不足，收缩推送,v1
2026-04-20,600118,中国卫星,11,强推观察,94.0,39,3.68,6.01,6.43,-19.82,16.36,7.91,5.27,4.08,1.53,13.52,11.09,11.09,16.36,人气Top20；当日涨停附近；收在日内高位；温和放量；近5日趋势升温；站上20日线且不过热；首次上榜即强势；v1每日精选入选,-,v1
2026-06-08,600584,长电科技,19,不推送,0.0,7,3.81,7.1,7.61,16.3,16.3,2.35,5.72,-1.41,1.84,,8.73,8.73,,人气Top20；持续霸榜,当日转弱；收盘承接偏弱；近5日趋势未确认；热度可能进入后段；弱市先收缩执行；弱市里的长连榜样本优先降权；市场健康度不足，收缩推送；市场健康度偏弱,v1
2026-05-20,002812,恩捷股份,29,不推送,0.0,20,16.28,10.07,16.28,1.56,16.28,0.14,3.95,-13.87,-10.6,-4.24,16.28,16.28,16.28,人气Top50；温和放量,当日转弱；收盘承接偏弱；近5日趋势未确认；仍在20日线下方；震荡市里相对走弱；市场健康度不足，收缩推送,v1
2026-06-08,600487,亨通光电,14,不推送,17.5,7,4.5,10.0,10.0,16.27,16.27,7.26,3.99,2.64,-0.49,,15.21,15.21,,人气Top20；温和放量；近5日强势延续；站上20日线且不过热；持续霸榜,当日转弱；收盘承接偏弱；短线涨幅偏高；热度可能进入后段；弱市先收缩执行；弱市里的长连榜样本优先降权,v1
2026-04-15,603601,再升科技,37,不推送,16.0,42,-0.07,4.96,9.64,10.13,16.27,8.73,10.47,8.81,10.55,6.08,11.38,16.27,16.27,人气Top50；温和放量；站上20日线且不过热；人气排名明显上升,收盘承接偏弱；上影线偏长,v1
2026-05-07,300136,信维通信,45,观察池,63.0,29,-0.64,-0.3,1.51,3.9,16.26,7.53,0.85,8.22,1.5,7.78,16.26,16.26,16.26,人气Top50；当日上涨；温和放量；近5日趋势升温；连续上榜确认；人气排名明显上升；市场强势且个股相对强势；v2连榜升温修正,偏离20日线较大；v1每日精选未入前5,v1
2026-06-04,600667,太极实业,28,收盘强势观察,97.38,9,-0.37,-1.28,5.01,16.26,16.26,-4.58,7.03,-4.23,7.42,,5.01,7.03,,人气Top50；当日涨停附近；收在日内高位；近5日趋势升温；站上20日线且不过热；连续上榜确认；人气排名明显上升；震荡市里保持相对强势；震荡市里承接未失控；v2强势延续修正；v2低分涨停修正；收盘强势，次日确认；v1每日精选入选,次日高开或一字风险,v1
2026-05-11,002297,博云新材,48,不推送,17.0,27,-1.47,-4.17,-0.16,2.5,16.26,-0.95,0.91,0.52,2.42,16.26,6.28,8.31,16.26,人气Top50；温和放量；近5日趋势升温；连续上榜确认；市场强势且个股相对强势,当日转弱；收盘承接偏弱；偏离20日线较大；人气排名明显回落,v1
2026-04-30,600118,中国卫星,56,不推送,36.0,31,-0.78,4.18,6.98,-26.27,16.25,11.07,8.62,11.94,9.47,-15.15,14.79,16.25,16.25,当日上涨；收盘承接较强；温和放量；站上20日线且不过热,人气排名明显回落,v1
2026-04-23,002475,立讯精密,58,不推送,16.0,36,-0.38,-2.61,0.04,-0.66,16.25,3.11,-1.14,3.51,-0.76,13.9,7.13,7.13,16.25,温和放量；近5日趋势升温；站上20日线且不过热；持续霸榜,当日转弱；收盘承接偏弱；热度可能进入后段,v1
2026-05-12,002008,大族激光,92,不推送,24.0,26,2.72,10.02,10.02,1.03,16.24,6.43,1.73,3.61,-0.96,0.74,16.24,16.24,16.24,温和放量；近5日强势延续；连续上榜确认；市场强势且个股相对强势,短线涨幅偏高；偏离20日线较大；人气排名明显回落,v1
2026-05-28,600237,铜峰电子,89,观察池,75.0,14,-0.18,-2.95,1.75,15.87,16.24,0.28,12.73,0.46,12.94,-5.17,1.75,12.73,16.24,当日涨停附近；收在日内高位；放量仍可控；近5日趋势升温；站上20日线且不过热；市场强势且个股相对强势；v2低分涨停修正；收盘强势，次日确认,次日高开或一字风险；v1每日精选未入前5,v1
2026-06-04,600105,永鼎股份,50,观察池,67.38,9,-0.35,2.08,10.0,16.23,16.23,4.83,-3.59,5.2,-3.25,,10.0,10.0,,人气Top50；当日上涨；收盘承接较强；温和放量；近5日趋势升温；站上20日线且不过热；持续霸榜；震荡市里保持相对强势；震荡市里承接未失控,热度可能进入后段；v1每日精选未入前5,v1
2026-06-11,600206,有研新材,18,观察池,62.0,4,4.26,-3.65,5.34,16.21,16.21,14.22,,9.55,,,14.22,,,人气Top20；当日上涨；放量仍可控；近5日趋势升温；站上20日线且不过热；连续上榜确认；v2连榜升温修正,弱市先收缩执行；v1每日精选未入前5,v1
2026-05-20,600584,长电科技,5,不推送,56.38,20,-18.12,-18.17,-12.73,0.1,16.19,-1.85,5.48,19.87,28.83,-1.9,-1.85,16.19,16.19,人气Top10；当日上涨；收盘承接较强；温和放量；近5日强势延续；持续霸榜；震荡市里保持相对强势；震荡市里承接未失控,短线涨幅偏高；远离20日线过多；热度可能进入后段,v1
2026-06-05,605358,立昂微,93,不推送,38.88,8,-5.66,-3.1,3.55,6.26,16.19,10.08,-1.0,16.69,4.94,,13.36,16.19,,当日上涨；温和放量；近5日趋势升温；站上20日线且不过热；连续上榜确认,人气排名明显回落；弱市先收缩执行；后段人气股在偏弱环境里更谨慎,v1
2026-06-05,002361,神剑股份,28,观察池,71.5,8,4.16,9.99,9.99,-7.08,16.18,13.62,-6.37,9.08,-10.11,,16.18,16.18,,人气Top50；当日涨停附近；收在日内高位；放量仍可控；近5日趋势升温；人气排名明显上升；弱市中个股相对抗跌；收盘强势，次日确认,次日高开或一字风险；v1每日精选未入前5,v1
2026-06-10,000988,华工科技,71,不推送,0.0,5,-0.67,1.01,2.35,14.63,16.17,8.22,14.63,8.95,15.4,,8.23,16.17,,持续霸榜,当日转弱；收盘承接偏弱；近5日趋势未确认；热度可能进入后段；弱市先收缩执行；后段人气股在偏弱环境里更谨慎；弱市里的长连榜样本优先降权；市场健康度不足，收缩推送；市场健康度偏弱,v1
2026-04-30,002624,完美世界,42,不推送,0.0,31,1.97,4.87,7.3,-16.44,16.17,13.21,8.61,11.03,6.51,-1.84,13.21,16.17,16.17,人气Top50；温和放量,当日转弱；收盘承接偏弱；近5日趋势未确认；仍在20日线下方,v1
2026-05-26,002384,东山精密,73,不推送,0.0,16,-2.0,0.98,5.79,16.15,16.15,-3.68,-4.64,-1.72,-2.7,1.45,5.79,5.79,10.62,站上20日线且不过热；持续霸榜,当日转弱；近5日趋势未确认；热度可能进入后段；人气排名明显回落；震荡市里相对走弱；后段人气股在偏弱环境里更谨慎,v1
2026-05-11,600726,华电能源,43,不推送,61.0,27,-1.03,-1.28,2.56,6.41,16.15,2.56,-10.51,3.63,-9.59,-11.28,16.15,16.15,16.15,人气Top50；当日上涨；收盘承接较强；温和放量；近5日趋势升温；连续上榜确认；市场强势且个股相对强势,偏离20日线较大,v1
2026-04-21,002418,康盛股份,45,不推送,12.0,38,-2.61,9.95,9.95,-31.0,16.15,0.33,-7.18,3.02,-4.69,2.28,16.15,16.15,16.15,人气Top50；温和放量；站上20日线且不过热；连续上榜确认,当日转弱；收盘承接偏弱；人气排名明显回落,v1
2026-05-08,605222,起帆电缆,92,观察池,63.0,28,-0.4,8.03,9.66,-33.08,16.13,10.43,0.16,10.87,0.56,-3.59,16.13,16.13,16.13,当日强涨；收盘承接较强；温和放量；近5日趋势升温；站上20日线且不过热；市场强势且个股相对强势,v1每日精选未入前5,v1
2026-05-06,300058,蓝色光标,63,不推送,0.0,31,3.39,5.43,6.95,-12.68,16.12,9.17,6.37,5.59,2.88,8.64,16.12,16.12,16.12,站上20日线且不过热,当日转弱；收盘承接偏弱；近5日趋势未确认；人气排名明显回落,v1
2026-05-08,002183,怡亚通,81,不推送,19.0,28,4.1,5.12,9.08,-16.98,16.11,11.57,4.98,7.17,0.84,1.61,11.57,16.11,16.11,当日上涨；近5日趋势升温；站上20日线且不过热；市场强势且个股相对强势,放量过猛,v1
2026-06-02,000021,深科技,63,不推送,7.5,11,0.46,3.03,7.06,16.1,16.1,2.57,0.97,2.1,0.51,10.31,8.58,8.58,11.85,收盘承接较强；站上20日线且不过热；持续霸榜,近5日趋势未确认；热度可能进入后段；人气排名明显回落；强势市里个股相对走弱；市场健康度不足，收缩推送,v1
2026-04-20,002361,神剑股份,2,观察池,96.0,39,4.07,9.99,9.99,-24.29,16.09,11.44,4.99,7.08,0.88,4.7,16.09,16.09,16.09,人气Top3；当日涨停附近；收在日内高位；温和放量；近5日趋势升温；持续霸榜,偏离20日线较大；热度可能进入后段；v1每日精选未入前5,v1
2026-06-11,600186,莲花控股,7,观察池,87.0,4,-2.22,-8.39,2.53,16.07,16.07,5.54,,7.94,,,5.54,,,人气Top10；当日强涨；收在日内高位；温和放量；近5日强势延续；站上20日线且不过热；持续霸榜；弱市中个股相对抗跌,短线涨幅偏高；热度可能进入后段；弱市里的长连榜样本优先降权；v1每日精选未入前5,v1
2026-06-05,002384,东山精密,30,不推送,4.5,8,-5.15,-3.8,-0.41,16.04,16.04,-4.13,-1.74,1.08,3.6,,2.97,2.97,,人气Top50；温和放量；站上20日线且不过热；持续霸榜,当日转弱；收盘承接偏弱；热度可能进入后段；弱市先收缩执行；弱市里的长连榜样本优先降权,v1
2026-05-11,603601,再升科技,70,不推送,29.0,27,0.28,-5.76,0.5,-11.85,16.04,-7.43,3.69,-7.69,3.4,7.66,3.69,3.69,16.04,温和放量；近5日趋势升温；站上20日线且不过热；连续上榜确认；市场强势且个股相对强势,收盘承接偏弱；人气排名明显回落,v1
2026-05-27,300058,蓝色光标,100,不推送,0.0,15,-0.38,2.47,3.68,-5.2,16.04,13.89,4.95,14.32,5.35,-6.47,16.04,16.04,16.04,温和放量；持续霸榜,当日转弱；收盘承接偏弱；近5日趋势未确认；仍在20日线下方；热度可能进入后段；震荡市里相对走弱；后段人气股在偏弱环境里更谨慎；市场健康度不足，收缩推送,v1
2026-05-26,688347,华虹公司,67,不推送,21.12,12,-2.0,-3.06,3.63,-0.48,16.0,6.41,1.83,8.58,3.91,2.24,16.0,16.0,16.0,当日上涨；温和放量；连续上榜确认；震荡市里保持相对强势,短线涨幅过热；偏离20日线较大；后段人气股在偏弱环境里更谨慎,v1
2026-04-28,002176,江特电机,39,不推送,50.0,33,-5.88,9.98,9.98,-21.46,15.99,7.31,3.55,14.02,10.02,-8.07,15.99,15.99,15.99,人气Top50；温和放量；近5日趋势升温；站上20日线且不过热；连续上榜确认,-,v1
2026-04-29,002310,东方新能,61,不推送,42.0,18,0.94,-4.08,3.13,-10.66,15.99,2.19,-1.88,1.24,-2.8,-5.02,6.27,6.27,15.99,当日上涨；温和放量；近5日趋势升温；站上20日线且不过热,-,v1
2026-06-12,600392,盛和资源,54,不推送,19.12,3,0.78,2.29,2.87,11.55,15.97,11.55,,10.69,,,15.97,,,放量仍可控；近5日趋势升温；站上20日线且不过热；连续上榜确认；震荡市里保持相对强势,收盘承接偏弱；上影线偏长；后段人气股在偏弱环境里更谨慎,v1
2026-06-01,002579,中京电子,15,观察池,75.0,12,1.54,10.02,10.02,-2.12,15.95,9.22,-10.86,7.57,-12.21,-13.35,15.95,15.95,15.95,人气Top20；当日涨停附近；收在日内高位；温和放量；近5日强势延续；持续霸榜；弱市中个股相对抗跌；收盘强势，次日确认,短线涨幅偏高；偏离20日线较大；热度可能进入后段；弱市里的长连榜样本优先降权；次日高开或一字风险；v1每日精选未入前5,v1
2026-05-08,601869,长飞光纤,25,观察池,63.0,28,1.8,0.78,1.95,15.93,15.93,2.45,-5.73,0.63,-7.41,-2.16,8.25,8.25,8.25,人气Top50；收盘承接较强；温和放量；近5日趋势升温；站上20日线且不过热；连续上榜确认；市场强势且个股相对强势,v1每日精选未入前5,v1
2026-06-03,688498,源杰科技,65,观察池,74.25,10,-3.91,-2.21,0.07,14.73,15.93,-1.08,3.2,2.95,7.41,14.73,3.11,7.47,15.93,当日涨停附近；收盘承接较强；温和放量；近5日趋势升温；站上20日线且不过热；震荡市里保持相对强势；震荡市里承接未失控；v2低分涨停修正；收盘强势，次日确认,后段人气股在偏弱环境里更谨慎；次日高开或一字风险；v1每日精选未入前5,v1
2026-05-21,300274,阳光电源,76,不推送,8.88,19,1.58,-0.53,3.97,-9.81,15.92,8.23,14.94,6.54,13.15,-0.62,9.91,15.92,15.92,温和放量；近5日趋势升温；站上20日线且不过热；连续上榜确认,当日转弱；收盘承接偏弱；人气排名明显回落；弱市先收缩执行；后段人气股在偏弱环境里更谨慎,v1
2026-05-21,000417,合百集团,79,不推送,0.0,19,5.26,9.99,9.99,-16.54,15.9,0.11,-18.26,-4.9,-22.35,-16.43,15.9,15.9,15.9,近5日趋势升温；连续上榜确认,当日转弱；收盘承接偏弱；放量过猛；偏离20日线较大；弱市先收缩执行；后段人气股在偏弱环境里更谨慎,v1
2026-06-11,300666,江丰电子,6,观察池,92.5,4,15.32,-6.27,15.9,3.14,15.9,2.47,,-11.15,,,15.9,,,人气Top10；当日涨停附近；收在日内高位；温和放量；近5日强势延续；连续上榜确认；人气排名明显上升；弱市中个股相对抗跌；收盘强势，次日确认,短线涨幅偏高；偏离20日线较大；次日高开或一字风险；v1每日精选未入前5,v1
2026-06-12,600522,中天科技,10,不推送,28.25,3,2.82,5.66,5.91,12.98,15.88,12.98,,9.89,,,15.88,,,人气Top10；近5日趋势升温；站上20日线且不过热；持续霸榜；震荡市里保持相对强势,当日转弱；收盘承接偏弱；热度可能进入后段,v1
2026-06-08,002931,锋龙股份,96,观察池,67.38,7,-0.44,4.77,6.13,15.88,15.88,-1.1,-0.3,-0.66,0.14,,14.94,14.94,,当日涨停附近；收在日内高位；温和放量；近5日强势延续；站上20日线且不过热；弱市中个股相对抗跌；v2低分涨停修正；收盘强势，次日确认,短线涨幅偏高；人气排名明显回落；后段人气股在偏弱环境里更谨慎；次日高开或一字风险；v1每日精选未入前5,v1
2026-05-29,300502,新易盛,80,不推送,3.38,13,0.38,-3.77,1.03,10.71,15.87,10.75,5.89,10.33,5.49,0.51,15.53,15.87,15.87,温和放量；近5日趋势升温；站上20日线且不过热；持续霸榜,当日转弱；收盘承接偏弱；热度可能进入后段；人气排名明显回落；弱市先收缩执行；后段人气股在偏弱环境里更谨慎；弱市里的长连榜样本优先降权,v1
2026-06-12,000021,深科技,39,不推送,0.0,3,2.13,6.42,6.5,15.69,15.83,15.69,,13.28,,,15.83,,,人气Top50；温和放量；连续上榜确认,当日转弱；收盘承接偏弱；近5日趋势未确认；震荡市里相对走弱；市场健康度不足，收缩推送,v1
2026-06-03,300197,节能铁汉,72,不推送,20.25,10,3.24,0.36,15.83,-16.91,15.83,8.63,-1.8,5.23,-4.88,-16.91,15.83,15.83,15.83,当日涨停附近；收在日内高位；震荡市里保持相对强势；震荡市里承接未失控；收盘强势，次日确认,短线涨幅过热；远离20日线过多；后段人气股在偏弱环境里更谨慎；次日高开或一字风险,v1
2026-04-29,002192,融捷股份,52,观察池,76.0,32,4.59,10.0,10.0,-10.19,15.82,5.85,2.8,1.2,-1.71,-8.27,15.82,15.82,15.82,当日涨停附近；收在日内高位；温和放量；近5日趋势升温；站上20日线且不过热；人气排名明显上升,v1每日精选未入前5,v1
2026-06-12,601991,大唐发电,6,不推送,38.25,3,1.11,7.91,8.41,12.86,15.82,12.86,,11.61,,,15.82,,,人气Top10；站上20日线且不过热；持续霸榜；震荡市里保持相对强势,热度可能进入后段,v1
2026-04-20,001896,豫能控股,4,观察池,97.0,39,-0.05,-8.99,0.32,15.81,15.81,-4.36,-12.77,-4.31,-12.73,-10.8,0.32,0.32,0.32,人气Top10；当日涨停附近；收在日内高位；温和放量；近5日强势延续；站上20日线且不过热；持续霸榜；人气排名明显上升,短线涨幅偏高；热度可能进入后段；v1每日精选未入前5,v1
2026-06-11,000823,超声电子,87,不推送,52.38,4,1.05,-4.4,6.44,15.76,15.76,5.24,,4.15,,,8.22,,,当日上涨；收盘承接较强；温和放量；近5日趋势升温；站上20日线且不过热；弱市中个股相对抗跌,后段人气股在偏弱环境里更谨慎,v1
2026-05-29,601138,工业富联,12,不推送,24.5,13,2.45,0.48,4.22,-1.04,15.74,10.42,0.9,7.78,-1.52,-4.46,15.74,15.74,15.74,人气Top20；温和放量；近5日趋势升温；站上20日线且不过热；持续霸榜,当日转弱；收盘承接偏弱；热度可能进入后段；弱市先收缩执行；弱市里的长连榜样本优先降权,v1
2026-04-16,002342,巨力索具,9,不推送,46.0,41,-2.38,2.97,4.27,-44.57,15.72,15.72,2.38,18.54,4.87,6.97,15.72,15.72,15.72,人气Top10；温和放量；近5日趋势升温；持续霸榜,偏离20日线较大；热度可能进入后段；上影线偏长,v1
2026-05-07,002181,粤传媒,13,不推送,46.0,29,-0.64,-1.98,1.71,-39.1,15.71,-0.37,-4.38,0.27,-3.76,-27.08,2.56,6.84,15.71,人气Top20；当日上涨；温和放量；近5日强势延续；连续上榜确认；市场强势且个股相对强势,短线涨幅偏高；偏离20日线较大；上影线偏长,v1
2026-05-25,002409,雅克科技,58,观察池,85.0,17,-2.04,-3.86,-1.53,15.71,15.71,-10.0,-17.87,-8.13,-16.16,-17.38,-0.52,-0.52,-0.52,当日涨停附近；收在日内高位；温和放量；近5日趋势升温；站上20日线且不过热；人气排名明显上升；市场强势且个股相对强势；v2低分涨停修正；收盘强势，次日确认,次日高开或一字风险；v1每日精选未入前5,v1
2026-05-08,601179,中国西电,98,不推送,0.0,28,0.06,5.29,6.69,-8.14,15.71,10.65,-0.29,10.58,-0.35,-5.47,15.71,15.71,15.71,温和放量；站上20日线且不过热,当日转弱；收盘承接偏弱；近5日趋势未确认；强势市里个股相对走弱,v1
2026-05-19,002384,东山精密,21,观察池,65.38,21,-0.89,0.41,1.57,15.69,15.69,-0.69,-0.4,0.2,0.5,-5.02,1.57,2.79,5.37,人气Top50；当日上涨；收在日内高位；温和放量；站上20日线且不过热；持续霸榜；人气排名明显上升；震荡市里保持相对强势；震荡市里承接未失控,热度可能进入后段；v1每日精选未入前5,v1
2026-04-27,000592,平潭发展,64,不推送,0.0,34,-1.11,1.39,5.11,-30.73,15.69,-0.09,5.29,1.03,6.48,3.34,5.11,6.96,15.69,-,近5日趋势未确认；仍在20日线下方,v1
2026-04-30,002565,顺灏股份,91,不推送,14.0,31,-0.68,0.95,4.05,-28.55,15.67,8.52,4.89,9.26,5.61,-10.83,11.99,15.67,15.67,收盘承接较强；站上20日线且不过热,近5日趋势未确认,v1
2026-06-05,002491,通鼎互联,16,不推送,12.5,8,-9.91,1.13,7.49,15.67,15.67,-2.14,-8.42,8.63,1.65,,7.82,7.82,,人气Top20；温和放量；站上20日线且不过热；持续霸榜,当日转弱；收盘承接偏弱；热度可能进入后段；弱市先收缩执行；弱市里的长连榜样本优先降权,v1
2026-05-12,603278,大业股份,69,不推送,38.0,26,-3.93,-3.11,2.09,-20.34,15.65,7.48,4.37,11.87,8.64,-10.39,7.48,15.65,15.65,收盘承接较强；放量仍可控；近5日强势延续；站上20日线且不过热；连续上榜确认；市场强势且个股相对强势,短线涨幅偏高；人气排名明显回落,v1
2026-04-21,002812,恩捷股份,86,观察池,62.0,38,-1.0,-1.45,2.56,-7.2,15.65,1.77,3.52,2.8,4.57,7.16,2.56,10.76,15.65,当日上涨；收在日内高位；温和放量；近5日趋势升温；站上20日线且不过热；人气排名明显上升,v1每日精选未入前5,v1
2026-04-10,000762,西藏矿业,80,观察池,66.0,45,0.94,-0.65,4.43,-10.92,15.64,-0.41,8.74,-1.35,7.72,13.64,4.43,15.29,15.64,当日涨停附近；收在日内高位；放量仍可控；近5日趋势升温；站上20日线且不过热,v1每日精选未入前5,v1
2026-04-28,601179,中国西电,74,不推送,22.0,33,-0.29,-0.29,0.99,-8.2,15.64,1.34,-0.06,1.63,0.23,-0.35,1.57,3.49,15.64,温和放量；站上20日线且不过热；持续霸榜,近5日趋势未确认；热度可能进入后段,v1
2026-05-13,600172,黄河旋风,25,观察池,76.0,25,1.18,-0.08,5.41,12.33,15.62,-6.76,-9.63,-7.85,-10.68,12.08,5.41,5.41,15.62,人气Top50；当日涨停附近；收在日内高位；放量仍可控；近5日强势延续；连续上榜确认；市场强势且个股相对强势；v2连榜升温修正；收盘强势，次日确认,短线涨幅偏高；偏离20日线较大；次日高开或一字风险；v1每日精选未入前5,v1
2026-05-21,002747,埃斯顿,35,收盘强势观察,95.5,19,-1.22,1.29,2.2,15.61,15.61,4.63,-1.32,5.93,-0.11,2.75,6.27,6.27,7.21,人气Top50；当日涨停附近；收在日内高位；放量仍可控；近5日趋势升温；站上20日线且不过热；人气排名明显上升；弱市中个股相对抗跌；v2强势延续修正；v2低分涨停修正；收盘强势，次日确认；v1每日精选入选,次日高开或一字风险,v1
2026-05-22,600707,彩虹股份,73,不推送,19.0,18,0.0,4.5,7.03,14.05,15.59,7.48,-11.98,7.48,-11.98,5.5,15.59,15.59,15.59,温和放量；站上20日线且不过热；连续上榜确认；市场强势且个股相对强势,当日转弱；人气排名明显回落,v1
2026-06-02,600726,华电能源,59,不推送,27.0,11,-3.03,5.09,8.55,-10.17,15.58,1.19,-2.06,4.35,1.0,-6.71,15.58,15.58,15.58,温和放量；近5日趋势升温；站上20日线且不过热；持续霸榜；市场强势且个股相对强势,当日转弱；热度可能进入后段；人气排名明显回落,v1
2026-05-06,000620,盈新发展,72,观察池,69.0,30,-1.62,0.97,5.19,-2.27,15.58,1.95,3.25,3.63,4.95,6.49,5.19,5.19,15.58,当日涨停附近；收在日内高位；温和放量；近5日趋势升温；站上20日线且不过热；市场强势且个股相对强势,一字或近似一字，参与点差；一字板不可买,v1
2026-04-24,601179,中国西电,75,不推送,4.0,35,-1.39,-1.69,0.17,-8.25,15.57,-0.35,1.28,1.06,2.71,10.52,1.69,1.69,15.57,温和放量；站上20日线且不过热；持续霸榜,当日转弱；收盘承接偏弱；热度可能进入后段,v1
2026-04-29,002240,盛新锂能,56,不推送,56.0,32,1.15,9.99,9.99,-11.59,15.56,9.1,5.82,7.85,4.61,-5.82,15.56,15.56,15.56,当日强涨；收盘承接较强；温和放量；近5日趋势升温；站上20日线且不过热,人气排名明显回落,v1
2026-04-14,002051,中工国际,68,观察池,68.0,43,5.27,9.98,9.98,15.53,15.53,6.47,9.8,1.14,4.3,-8.04,12.2,13.4,13.4,当日涨停附近；收在日内高位；温和放量；站上20日线且不过热；连续上榜确认,v1每日精选未入前5,v1
2026-04-17,002990,盛视科技,20,观察池,60.0,39,5.81,-4.02,5.89,6.79,15.53,-4.95,6.01,-10.17,0.19,14.45,5.89,6.01,15.53,人气Top20；当日涨停附近；收在日内高位；温和放量；连续上榜确认；人气排名明显上升,短线涨幅过热；远离20日线过多；v1每日精选未入前5,v1
2026-06-03,600162,香江控股,70,不推送,12.25,10,4.78,2.09,10.15,-2.99,15.52,10.45,-1.79,5.41,-6.27,-2.99,10.45,15.52,15.52,当日上涨；收盘承接较强；放量仍可控；连续上榜确认；震荡市里保持相对强势；震荡市里承接未失控,短线涨幅过热；远离20日线过多；人气排名明显回落；后段人气股在偏弱环境里更谨慎,v1
2026-06-03,002463,沪电股份,38,不推送,7.5,10,-2.1,8.49,10.0,12.9,15.49,5.55,0.62,7.81,2.77,12.9,10.0,10.0,15.49,人气Top50；温和放量；站上20日线且不过热；持续霸榜,当日转弱；收盘承接偏弱；热度可能进入后段；震荡市里相对走弱,v1
2026-06-05,600487,亨通光电,11,不推送,24.5,8,-3.71,-0.68,6.46,15.48,15.48,11.19,0.92,15.48,4.81,,14.43,14.43,,人气Top20；温和放量；近5日趋势升温；站上20日线且不过热；持续霸榜,当日转弱；收盘承接偏弱；热度可能进入后段；弱市先收缩执行；弱市里的长连榜样本优先降权,v1
2026-06-11,002463,沪电股份,40,不推送,0.0,4,3.74,-1.35,6.06,15.48,15.48,10.82,,6.82,,,13.98,,,人气Top50；站上20日线且不过热；持续霸榜,当日转弱；收盘承接偏弱；近5日趋势未确认；热度可能进入后段；人气排名明显回落；弱市先收缩执行；弱市里的长连榜样本优先降权；市场健康度不足，收缩推送；市场健康度偏弱,v1
2026-05-18,002185,华天科技,42,不推送,58.38,22,-23.79,-19.58,-18.84,0.26,15.47,-20.16,-10.79,4.77,17.06,-3.11,-11.79,-10.79,15.47,人气Top50；当日上涨；收盘承接较强；温和放量；近5日强势延续；连续上榜确认；人气排名明显上升；震荡市里保持相对强势；震荡市里承接未失控,短线涨幅偏高；偏离20日线较大,v1
2026-05-11,920186,中科仪,68,不推送,31.0,10,3.62,2.1,8.19,-8.17,15.47,2.75,14.56,-0.84,10.56,-8.17,14.54,15.47,15.47,当日涨停附近；收在日内高位；市场强势且个股相对强势；收盘强势，次日确认,短线涨幅过热；偏离20日线较大；次日高开或一字风险,v1
2026-05-15,002185,华天科技,61,不推送,35.25,23,-24.84,-22.79,-20.89,0.26,15.47,-16.53,-18.89,11.06,7.91,1.68,-11.79,-11.79,15.47,当日上涨；收盘承接较强；放量仍可控；近5日强势延续；人气排名明显上升；震荡市里保持相对强势；震荡市里承接未失控,短线涨幅偏高；偏离20日线较大；后段人气股在偏弱环境里更谨慎,v1
2026-04-14,600879,航天电子,96,不推送,52.0,43,1.16,3.07,5.91,-10.26,15.46,4.04,13.37,2.85,12.08,-0.76,5.91,15.46,15.46,当日上涨；收在日内高位；放量仍可控；近5日趋势升温；站上20日线且不过热,-,v1
2026-05-15,600118,中国卫星,92,不推送,0.0,23,10.17,12.4,15.45,-12.11,15.45,0.15,-1.21,-9.09,-10.33,-10.79,15.45,15.45,15.45,连续上榜确认,当日转弱；近5日趋势未确认；仍在20日线下方；人气排名明显回落；震荡市里相对走弱；后段人气股在偏弱环境里更谨慎；市场健康度不足，收缩推送,v1
2026-04-14,600488,津药药业,74,不推送,44.0,43,-0.64,9.97,9.97,-26.05,15.43,-2.57,1.45,-1.94,2.1,-0.64,9.97,9.97,15.43,当日上涨；收盘承接较强；温和放量；站上20日线且不过热；连续上榜确认,近5日趋势未确认,v1
2026-04-24,600208,衢州发展,100,不推送,55.0,35,1.69,-9.94,2.33,-34.67,15.43,-12.47,-1.69,-13.93,-3.33,12.05,2.33,2.33,15.43,当日涨停附近；收在日内高位；温和放量；近5日强势延续,短线涨幅偏高；偏离20日线较大,v1
2026-05-07,603601,再升科技,63,观察池,65.0,29,-1.85,3.35,8.26,-8.9,15.42,-2.6,-4.33,-0.77,-2.53,4.68,8.26,8.26,15.42,当日上涨；收在日内高位；温和放量；近5日趋势升温；站上20日线且不过热；连续上榜确认；市场强势且个股相对强势,人气排名明显回落；v1每日精选未入前5,v1
2026-04-10,002709,天赐材料,40,不推送,56.0,45,-2.44,-0.66,0.51,13.12,15.41,2.1,3.79,4.65,6.38,12.89,6.36,7.79,15.41,人气Top50；当日强涨；收在日内高位；放量仍可控；站上20日线且不过热,-,v1
2026-04-28,300548,长芯博创,48,不推送,4.0,33,-0.36,0.22,1.93,9.28,15.4,2.24,11.24,2.6,11.63,1.8,7.22,13.35,15.4,人气Top50；温和放量；站上20日线且不过热,当日转弱；收盘承接偏弱；近5日趋势未确认,v1
2026-05-21,603115,海星股份,69,不推送,20.38,19,1.0,10.0,10.0,13.43,15.38,-2.78,4.41,-3.75,3.37,1.71,15.38,15.38,15.38,当日强涨；收盘承接较强；温和放量；弱市中个股相对抗跌,短线涨幅过热；远离20日线过多；后段人气股在偏弱环境里更谨慎,v1
2026-05-29,300394,天孚通信,76,不推送,16.88,13,1.0,-5.79,2.31,1.44,15.36,9.28,0.4,8.2,-0.6,-13.46,15.36,15.36,15.36,温和放量；近5日趋势升温；站上20日线且不过热；连续上榜确认,收盘承接偏弱；上影线偏长；弱市先收缩执行；后段人气股在偏弱环境里更谨慎,v1
2026-06-08,300975,商络电子,93,不推送,0.0,7,5.6,9.3,15.36,-0.84,15.36,-6.97,-2.26,-11.91,-7.44,,15.36,15.36,,温和放量；近5日趋势升温,当日转弱；收盘承接偏弱；偏离20日线较大；弱市先收缩执行；后段人气股在偏弱环境里更谨慎,v1
2026-05-07,300476,胜宏科技,83,不推送,45.0,29,-1.49,6.09,8.56,6.99,15.36,11.05,4.96,12.73,6.55,-1.97,13.82,15.36,15.36,当日上涨；温和放量；近5日趋势升温；站上20日线且不过热；市场强势且个股相对强势,-,v1
2026-06-01,688256,寒武纪,97,不推送,0.0,12,0.65,5.01,6.59,6.62,15.35,9.77,1.0,9.06,0.35,7.84,15.35,15.35,15.35,温和放量；连续上榜确认,当日转弱；收盘承接偏弱；近5日趋势未确认；弱市先收缩执行；后段人气股在偏弱环境里更谨慎；市场健康度不足，收缩推送；市场健康度偏弱,v1
2026-05-20,002384,东山精密,56,不推送,9.12,20,0.21,-7.09,1.01,15.33,15.33,1.56,0.27,1.35,0.06,0.55,2.48,5.05,5.05,站上20日线且不过热；持续霸榜；震荡市里保持相对强势,热度可能进入后段；人气排名明显回落；后段人气股在偏弱环境里更谨慎,v1
2026-05-11,688008,澜起科技,41,不推送,41.0,27,-3.36,-3.42,-1.4,5.33,15.3,6.36,-0.49,10.06,2.96,13.99,13.15,13.15,15.3,人气Top50；当日涨停附近；收盘承接较强；温和放量；人气排名明显上升；市场强势且个股相对强势；收盘强势，次日确认,短线涨幅过热；远离20日线过多；次日高开或一字风险,v1
2026-05-07,601138,工业富联,30,不推送,31.75,29,-1.84,-1.4,0.03,13.18,15.3,0.34,6.89,2.22,8.89,2.06,2.68,15.3,15.3,人气Top50；温和放量；站上20日线且不过热；连续上榜确认,近5日趋势未确认；强势市里个股相对走弱,v1
2026-06-09,002240,盛新锂能,34,观察池,75.0,6,1.75,1.75,4.69,3.03,15.29,8.96,4.12,7.09,2.33,,15.29,15.29,,人气Top50；当日涨停附近；收在日内高位；温和放量；近5日趋势升温；市场强势且个股相对强势；收盘强势，次日确认,次日高开或一字风险；v1每日精选未入前5,v1
2026-05-15,601991,大唐发电,1,观察池,77.88,23,-3.03,0.13,2.53,15.28,15.28,-4.8,-13.01,-1.82,-10.29,8.96,9.09,9.09,10.98,人气Top3；当日涨停附近；收在日内高位；温和放量；近5日强势延续；持续霸榜；震荡市里保持相对强势；震荡市里承接未失控；收盘强势，次日确认,短线涨幅偏高；远离20日线过多；热度可能进入后段；Top3高热度拥挤，次日兑现风险；次日高开或一字风险；v1每日精选未入前5,v1
2026-04-22,002475,立讯精密,45,观察池,64.0,37,1.43,-0.38,3.9,-1.04,15.27,5.79,0.9,4.3,-0.52,11.8,6.72,6.72,15.27,人气Top50；当日上涨；收盘承接较强；温和放量；近5日趋势升温；站上20日线且不过热；持续霸榜,热度可能进入后段；v1每日精选未入前5,v1
2026-05-20,002617,露笑科技,96,不推送,11.12,20,0.32,-5.73,0.64,-3.18,15.27,1.59,10.92,1.27,10.57,-8.17,2.33,15.27,15.27,近5日趋势升温；站上20日线且不过热；持续霸榜；震荡市里保持相对强势,当日转弱；热度可能进入后段；人气排名明显回落；后段人气股在偏弱环境里更谨慎,v1
2026-05-06,002709,天赐材料,30,不推送,58.0,30,15.2,13.64,15.27,-4.36,15.27,7.78,4.81,-6.44,-9.02,4.96,15.27,15.27,15.27,人气Top50；当日上涨；收在日内高位；温和放量；站上20日线且不过热；持续霸榜,热度可能进入后段,v1
2026-04-13,000791,甘肃能源,72,观察池,72.0,44,-2.12,-1.0,1.37,15.25,15.25,-1.25,-0.12,0.89,2.04,0.5,1.37,2.5,6.88,当日涨停附近；收在日内高位；温和放量；近5日趋势升温；站上20日线且不过热,v1每日精选未入前5,v1
2026-04-21,603601,再升科技,26,观察池,74.0,38,-4.92,-2.71,2.4,-3.01,15.25,-12.79,-6.15,-8.28,-1.29,10.02,2.4,2.4,15.25,人气Top50；当日上涨；收在日内高位；温和放量；近5日趋势升温；站上20日线且不过热；持续霸榜；人气排名明显上升,热度可能进入后段；v1每日精选未入前5,v1
2026-04-30,600770,综艺股份,80,不推送,16.0,31,7.61,9.97,9.97,-21.0,15.22,2.89,5.91,-4.39,-1.59,-7.87,15.22,15.22,15.22,温和放量；近5日趋势升温；站上20日线且不过热；持续霸榜,当日转弱；收盘承接偏弱；热度可能进入后段,v1
2026-05-06,600770,综艺股份,84,不推送,16.0,31,7.61,9.97,9.97,-21.0,15.22,2.89,5.91,-4.39,-1.59,-7.87,15.22,15.22,15.22,温和放量；近5日趋势升温；站上20日线且不过热；持续霸榜,当日转弱；收盘承接偏弱；热度可能进入后段,v1
2026-06-01,601138,工业富联,22,不推送,14.5,12,1.69,8.49,9.98,-1.51,15.19,6.51,-4.43,4.73,-6.03,-0.47,15.19,15.19,15.19,人气Top50；温和放量；站上20日线且不过热；持续霸榜,收盘承接偏弱；热度可能进入后段；弱市先收缩执行；弱市里的长连榜样本优先降权,v1
2026-05-14,002929,润建股份,69,不推送,0.88,24,1.43,7.01,10.0,-29.11,15.18,12.52,-6.97,10.94,-8.28,-12.41,15.18,15.18,15.18,放量仍可控；近5日趋势升温；连续上榜确认；人气排名明显上升,当日转弱；收盘承接偏弱；偏离20日线较大；弱市先收缩执行；后段人气股在偏弱环境里更谨慎,v1
2026-06-11,000636,风华高科,10,观察池,66.0,4,3.42,-8.06,3.42,15.18,15.18,9.81,,6.18,,,11.24,,,人气Top10；当日强涨；收盘承接较强；温和放量；持续霸榜；弱市中个股相对抗跌,偏离20日线较大；热度可能进入后段；弱市里的长连榜样本优先降权；v1每日精选未入前5,v1
2026-05-14,002031,巨轮智能,20,不推送,40.0,24,-4.06,9.95,9.95,-25.26,15.18,9.69,-4.97,14.32,-0.95,-14.01,15.18,15.18,15.18,人气Top20；当日上涨；放量仍可控；近5日趋势升温；站上20日线且不过热,上影线偏长；弱市先收缩执行,v1
2026-05-15,600580,卧龙电驱,60,不推送,27.12,23,0.59,1.46,3.0,-13.55,15.16,-1.86,1.78,-2.44,1.18,-2.25,3.32,3.91,15.16,当日上涨；温和放量；站上20日线且不过热；震荡市里保持相对强势,近5日趋势未确认；后段人气股在偏弱环境里更谨慎,v1
2026-06-05,601991,大唐发电,1,不推送,0.0,8,-3.53,-8.32,2.14,15.13,15.13,-2.14,2.02,1.44,5.75,,2.77,3.4,,人气Top3；站上20日线且不过热；持续霸榜,当日转弱；收盘承接偏弱；近5日趋势未确认；热度可能进入后段；弱市先收缩执行；弱市里的长连榜样本优先降权；市场健康度不足，收缩推送；市场健康度偏弱；Top3高热度拥挤，次日兑现风险,v1
2026-06-12,002378,章源钨业,68,不推送,41.12,3,0.26,7.97,9.35,0.69,15.13,0.69,,0.43,,,15.13,,,当日上涨；放量仍可控；近5日趋势升温；站上20日线且不过热；连续上榜确认；震荡市里保持相对强势,人气排名明显回落；后段人气股在偏弱环境里更谨慎,v1
2026-05-14,600726,华电能源,72,不推送,0.0,24,-5.25,-4.75,5.0,3.75,15.13,-12.5,-22.62,-7.65,-18.34,15.13,5.0,5.0,15.13,温和放量；近5日趋势升温；持续霸榜,当日转弱；收盘承接偏弱；偏离20日线较大；热度可能进入后段；弱市先收缩执行；后段人气股在偏弱环境里更谨慎；弱市里的长连榜样本优先降权,v1
2026-04-14,002506,协鑫集成,89,不推送,0.0,43,0.45,-1.35,2.93,-27.54,15.12,0.45,10.16,0.0,9.66,-1.81,2.93,15.12,15.12,温和放量；连续上榜确认,当日转弱；收盘承接偏弱；仍在20日线下方；人气排名明显回落,v1
2026-06-09,002281,光迅科技,64,不推送,5.75,6,-3.05,-3.62,-1.29,15.12,15.12,-2.5,9.41,0.57,12.86,,0.42,13.16,,温和放量；持续霸榜,近5日趋势未确认；热度可能进入后段；人气排名明显回落；市场健康度不足，收缩推送,v1
2026-04-23,000815,美利云,72,不推送,0.0,36,1.96,-5.89,2.01,-15.17,15.12,-1.37,-6.63,-3.27,-8.43,4.76,2.01,2.01,15.12,温和放量；站上20日线且不过热,当日转弱；收盘承接偏弱；近5日趋势未确认,v1
2026-04-10,601179,中国西电,36,不推送,22.0,45,-1.12,-1.62,-0.75,-1.8,15.11,10.07,6.9,11.32,8.11,7.03,10.7,10.7,15.11,人气Top50；温和放量,-,v1
2026-05-08,002222,福晶科技,59,观察池,74.0,28,5.32,0.42,5.32,-3.48,15.11,7.46,-2.24,2.04,-7.18,-2.48,9.93,15.11,15.11,当日涨停附近；收在日内高位；温和放量；近5日强势延续；站上20日线且不过热；市场强势且个股相对强势；v2低分涨停修正；收盘强势，次日确认,短线涨幅偏高；次日高开或一字风险；v1每日精选未入前5,v1
2026-04-29,600821,金开新能,13,不推送,46.0,32,-3.69,-10.03,-2.31,-23.07,15.11,2.08,1.73,5.99,5.63,-3.58,3.11,5.65,15.11,人气Top20；当日上涨；温和放量；站上20日线且不过热；人气排名明显上升,近5日趋势未确认,v1
2026-04-27,300058,蓝色光标,38,不推送,0.0,34,-1.45,-3.36,-0.17,-13.43,15.11,-0.87,11.75,0.59,13.4,0.46,2.55,14.94,15.11,人气Top50；站上20日线且不过热；持续霸榜,当日转弱；收盘承接偏弱；近5日趋势未确认；热度可能进入后段,v1
2026-04-30,002210,飞马国际,54,不推送,0.0,31,1.01,10.07,10.07,-18.79,15.1,8.39,5.7,7.31,4.65,-1.01,15.1,15.1,15.1,近5日趋势升温；站上20日线且不过热；连续上榜确认；人气排名明显上升,当日转弱；收盘承接偏弱；放量过猛,v1
2026-04-14,002124,天邦食品,27,观察池,66.0,43,4.91,10.18,10.18,-21.05,15.09,8.07,1.05,3.01,-3.68,-8.77,11.93,15.09,15.09,人气Top50；当日涨停附近；收在日内高位；近5日趋势升温；站上20日线且不过热；连续上榜确认；人气排名明显上升,放量过猛；v1每日精选未入前5,v1
2026-06-11,000725,京东方A,4,不推送,12.0,4,2.06,-4.46,3.09,15.09,15.09,4.63,,2.52,,,6.86,,,人气Top10；温和放量；站上20日线且不过热；持续霸榜,当日转弱；收盘承接偏弱；近5日趋势未确认；热度可能进入后段；弱市先收缩执行；弱市里的长连榜样本优先降权；市场健康度不足，收缩推送；市场健康度偏弱,v1
2026-06-08,603778,国晟科技,37,不推送,43.5,7,3.22,5.49,7.12,-12.19,15.04,4.49,-5.96,1.23,-8.9,,15.04,15.04,,人气Top50；当日涨停附近；收在日内高位；人气排名明显上升；弱市中个股相对抗跌；收盘强势，次日确认,仍在20日线下方；次日高开或一字风险,v1
2026-05-11,601016,节能风电,12,观察池,73.0,27,-1.76,0.0,4.49,-22.07,15.04,-0.39,-2.54,1.39,-0.8,-6.64,15.04,15.04,15.04,人气Top20；当日上涨；温和放量；近5日趋势升温；站上20日线且不过热；连续上榜确认；人气排名明显上升；市场强势且个股相对强势,v1每日精选未入前5,v1
2026-05-12,601016,节能风电,46,不推送,45.0,26,-1.95,9.96,9.96,-22.07,15.04,-1.76,0.2,0.2,2.19,-9.57,15.04,15.04,15.04,人气Top50；温和放量；近5日趋势升温；站上20日线且不过热；持续霸榜；市场强势且个股相对强势,热度可能进入后段；人气排名明显回落,v1
2026-05-21,600936,北投科技,39,收盘强势观察,85.5,19,-0.86,-0.17,2.42,-14.51,15.03,1.21,-6.04,2.09,-5.23,6.56,7.94,7.94,15.03,人气Top50；当日涨停附近；收在日内高位；放量仍可控；近5日趋势升温；站上20日线且不过热；弱市中个股相对抗跌；v2强势延续修正；收盘强势，次日确认；v1每日精选入选,次日高开或一字风险,v1
2026-05-19,002617,露笑科技,49,观察池,75.38,21,-2.12,0.63,2.12,-3.39,15.03,-3.17,5.71,-1.08,8.0,-3.81,2.12,11.53,15.03,人气Top50；当日上涨；收盘承接较强；温和放量；近5日趋势升温；站上20日线且不过热；连续上榜确认；人气排名明显上升；震荡市里保持相对强势；震荡市里承接未失控,v1每日精选未入前5,v1
2026-05-29,600396,华电辽能,7,不推送,39.5,13,-0.2,-7.64,-0.15,-11.13,15.03,6.54,-0.1,6.75,0.1,-12.63,6.54,15.03,15.03,人气Top10；当日上涨；温和放量；近5日强势延续；持续霸榜,短线涨幅偏高；偏离20日线较大；热度可能进入后段；上影线偏长；弱市先收缩执行；弱市里的长连榜样本优先降权,v1
2026-04-17,002418,康盛股份,18,强推观察,92.0,40,10.02,10.02,10.02,-31.66,15.02,8.89,-0.65,-1.03,-9.69,0.16,14.38,15.02,15.02,人气Top20；当日涨停附近；收在日内高位；温和放量；近5日趋势升温；站上20日线且不过热；人气排名明显上升；v1每日精选入选,-,v1
2026-05-27,002384,东山精密,45,不推送,34.25,15,-0.61,-1.96,-0.17,15.02,15.02,-14.16,0.28,-13.63,0.9,-4.97,2.95,3.87,9.55,人气Top50；温和放量；站上20日线且不过热；持续霸榜；人气排名明显上升；震荡市里保持相对强势,热度可能进入后段；上影线偏长,v1
2026-05-12,603045,福达合金,83,不推送,0.0,26,-1.96,4.76,6.59,15.01,15.01,-5.01,-4.86,-3.11,-2.96,-8.05,6.59,6.59,6.59,当日强涨；市场强势且个股相对强势,放量过猛；短线涨幅过热；远离20日线过多,v1
