signal_date,code,name,rank,push_level,emotion_score,observed_days,tail_next_open_pct,tail_next_close_pct,tail_next_max_gain_pct,latest_return_pct,best_return_available,return_3d_pct,return_5d_pct,open_buy_return_3d_pct,open_buy_return_5d_pct,return_10d_pct,max_gain_3d_pct,max_gain_5d_pct,max_gain_10d_pct,reasons,risks,strategy_version
2026-05-06,301666,大普微,64,不推送,25.0,48,10.41,19.18,20.0,69.14,183.02,58.75,65.41,43.78,49.81,179.56,59.91,83.36,183.02,当日强涨；温和放量；近5日强势延续,短线涨幅偏高；偏离20日线较大；人气排名明显回落；v3尾盘半板但封单不强,v3
2026-04-24,688808,联讯仪器,1,不推送,38.0,55,2.63,10.14,12.64,148.19,148.19,16.15,27.41,13.17,24.15,42.8,17.65,32.67,52.07,人气Top3；站上20日线且不过热,-,v3
2026-05-11,002342,巨力索具,28,不推送,0.0,47,143.53,127.57,144.87,-10.16,144.87,122.1,95.09,-8.8,-19.89,42.3,144.87,144.87,144.87,人气Top50；连续上榜确认,当日转弱；收盘承接偏弱；量能不足；近5日趋势未确认；仍在20日线下方；强势市里个股相对走弱,v3
2026-04-13,301526,国际复材,70,不推送,59.0,64,-4.92,0.2,3.03,134.66,134.66,-3.03,-6.47,1.99,-1.63,4.05,3.03,3.03,7.75,当日涨停附近；收盘承接较强；放量仍可控；近5日强势延续；站上20日线且不过热；v2低分涨停修正,短线涨幅偏高,v3
2026-05-13,002342,巨力索具,63,不推送,0.0,45,125.45,122.1,134.26,-10.16,134.26,95.09,58.48,-13.47,-29.7,28.91,134.26,134.26,134.26,持续霸榜,当日转弱；收盘承接偏弱；量能不足；近5日趋势未确认；仍在20日线下方；热度可能进入后段；人气排名明显回落；强势市里个股相对走弱；v3尾盘版回避高位长连榜,v3
2026-05-13,002217,合力泰,16,不推送,6.6,44,129.41,119.61,131.37,0.0,131.37,96.73,85.62,-14.25,-19.09,69.28,131.37,131.37,131.37,人气Top20；当日上涨；持续霸榜；市场强势且个股相对强势,量能不足；近5日趋势未确认；仍在20日线下方；热度可能进入后段；v3尾盘版回避高位长连榜,v3
2026-05-14,002342,巨力索具,43,不推送,0.0,44,115.85,116.74,127.01,-10.16,127.01,75.56,42.63,-18.67,-33.92,33.93,127.01,127.01,127.01,人气Top50；持续霸榜；人气排名明显上升,当日转弱；收盘承接偏弱；量能不足；近5日趋势未确认；仍在20日线下方；热度可能进入后段；弱市先收缩执行；弱市里的长连榜样本优先降权；市场健康度不足，收缩推送；市场健康度偏弱；v3尾盘版回避高位长连榜,v3
2026-05-14,002217,合力泰,35,不推送,0.0,43,116.99,101.96,124.84,0.0,124.84,92.81,77.78,-11.14,-18.07,77.78,124.84,124.84,124.84,人气Top50；当日上涨；持续霸榜,量能不足；近5日趋势未确认；仍在20日线下方；热度可能进入后段；弱市先收缩执行；弱市里的长连榜样本优先降权；v3尾盘版回避高位长连榜,v3
2026-04-10,603773,沃格光电,37,普通观察,69.0,65,-2.97,1.99,5.24,120.21,120.21,14.79,22.62,18.3,26.37,35.14,14.79,22.62,52.99,人气Top50；当日涨停附近；收在日内高位；近5日强势延续；站上20日线且不过热；v2强势延续修正；v2低分涨停修正,短线涨幅偏高；v3尾盘版回避放量过猛,v3
2026-04-16,301666,大普微,5,不推送,42.0,58,7.14,-5.34,8.77,119.95,119.95,-12.27,-9.23,-18.11,-15.27,30.03,8.77,8.77,38.42,人气Top10；收盘承接较强；站上20日线且不过热,-,v3
2026-04-21,688820,盛合晶微,30,不推送,4.0,58,-0.83,23.94,25.53,116.76,116.76,22.4,21.33,23.43,22.35,65.69,34.38,34.38,68.56,人气Top50；站上20日线且不过热,收盘承接偏弱,v3
2026-07-13,920305,云创退,100,观察池,40.58,3,15.28,29.17,29.17,116.67,116.67,116.67,,87.95,,,116.67,,,当日涨停附近；收在日内高位；温和放量；弱市中个股相对抗跌,近5日趋势未确认；仍在20日线下方；后段人气股在偏弱环境里更谨慎；涨停封板不可买,v3
2026-05-07,301666,大普微,92,观察池,38.6,46,-3.55,16.78,17.63,24.43,112.57,21.68,45.97,26.16,51.34,64.94,34.89,60.15,112.57,当日涨停附近；收盘承接较强；温和放量；连续上榜确认；市场强势且个股相对强势,短线涨幅过热；远离20日线过多；涨停封板不可买,v3
2026-05-06,601991,大唐发电,11,不推送,12.0,51,10.1,10.1,10.1,36.78,107.69,33.17,61.06,20.96,46.29,101.44,33.17,61.06,107.69,人气Top20；温和放量；站上20日线且不过热,当日转弱；收盘承接偏弱；近5日趋势未确认,v3
2026-06-11,301526,国际复材,97,不推送,27.08,24,2.51,8.18,15.3,32.47,105.86,47.16,55.58,43.56,51.76,98.9,50.63,65.89,105.86,当日上涨；温和放量；近5日趋势升温；站上20日线且不过热,人气排名明显回落；弱市先收缩执行；后段人气股在偏弱环境里更谨慎,v3
2026-04-10,002297,博云新材,44,不推送,0.0,65,10.02,10.02,10.02,82.51,104.46,33.15,61.11,21.03,46.44,103.1,33.15,61.11,104.46,人气Top50；放量仍可控,当日转弱；收盘承接偏弱,v3
2026-06-12,600206,有研新材,43,不推送,31.45,23,1.53,8.78,8.78,34.0,102.85,21.76,43.08,19.92,40.93,102.78,24.79,43.08,102.85,人气Top50；温和放量；近5日趋势升温；站上20日线且不过热；连续上榜确认；震荡市里保持相对强势,当日转弱；收盘承接偏弱,v3
2026-06-12,300285,国瓷材料,63,不推送,0.0,23,6.17,12.89,13.86,12.89,101.32,40.0,76.39,31.87,66.13,88.25,43.57,80.13,101.32,温和放量；站上20日线且不过热；连续上榜确认；人气排名明显上升,当日转弱；收盘承接偏弱；近5日趋势未确认；震荡市里相对走弱；后段人气股在偏弱环境里更谨慎；市场健康度不足，收缩推送,v3
2026-04-13,603256,宏和科技,31,强推观察,97.0,64,6.38,9.74,10.0,98.21,98.21,13.66,16.42,6.84,9.43,19.16,20.72,22.7,27.17,人气Top50；当日涨停附近；收在日内高位；近5日强势延续；站上20日线且不过热；v2强势延续修正；v2低分涨停修正；v3尾盘涨停延续；v3尾盘缩量强承接,短线涨幅偏高,v3
2026-04-13,603986,兆易创新,100,不推送,8.0,64,2.81,6.82,7.28,96.31,96.31,9.09,10.55,6.12,7.53,15.46,9.45,12.62,24.08,温和放量；近5日趋势升温；连续上榜确认,当日转弱；收盘承接偏弱；人气排名明显回落,v3
2026-05-15,920178,锐翔智能,98,不推送,0.0,10,2.29,30.0,30.0,1.18,95.4,78.18,43.18,74.19,39.98,1.18,85.3,95.4,95.4,站上20日线且不过热,收盘承接偏弱；后段人气股在偏弱环境里更谨慎；市场健康度不足，收缩推送,v3
2026-04-10,002281,光迅科技,18,不推送,27.0,65,-0.49,5.48,7.48,95.23,95.23,-1.04,8.36,-0.55,8.89,19.37,7.48,8.36,25.83,人气Top20；温和放量；近5日强势延续；站上20日线且不过热；v3热点早段优先,当日转弱；收盘承接偏弱；短线涨幅偏高,v3
2026-05-15,002342,巨力索具,85,不推送,0.0,43,95.09,95.09,95.09,-10.16,95.09,58.48,46.87,-18.76,-24.71,26.0,95.09,95.09,95.09,持续霸榜,当日转弱；收盘承接偏弱；量能不足；近5日趋势未确认；仍在20日线下方；热度可能进入后段；人气排名明显回落；震荡市里相对走弱；后段人气股在偏弱环境里更谨慎；市场健康度不足，收缩推送；v3尾盘版回避高位长连榜,v3
2026-04-22,002636,金安国纪,88,重点观察,78.0,57,1.61,-6.38,2.56,94.38,94.38,-4.54,-1.85,-6.05,-3.4,5.01,2.56,5.04,8.75,当日涨停附近；收在日内高位；温和放量；近5日趋势升温；v2低分涨停修正；v3尾盘缩量强承接,偏离20日线较大,v3
2026-04-10,603986,兆易创新,42,不推送,52.0,65,-1.54,-1.11,1.79,94.13,94.13,3.08,8.72,4.69,10.43,12.02,8.23,11.25,22.7,人气Top50；当日上涨；收盘承接较强；温和放量；近5日趋势升温,-,v3
2026-05-14,603629,利通电子,42,不推送,14.0,44,51.74,51.87,62.14,-9.88,93.75,55.71,60.45,2.61,5.74,40.37,62.14,62.14,93.75,人气Top50；当日上涨；收在日内高位；持续霸榜；弱市中个股相对抗跌,近5日趋势未确认；仍在20日线下方；热度可能进入后段；人气排名明显回落；弱市里的长连榜样本优先降权；v3尾盘版回避高位长连榜,v3
2026-05-18,603629,利通电子,41,不推送,23.18,42,51.87,55.71,57.16,-9.88,93.75,60.45,80.45,5.65,18.82,38.22,62.14,85.81,93.75,人气Top50；当日上涨；收在日内高位；持续霸榜；震荡市里保持相对强势；震荡市里承接未失控,近5日趋势未确认；仍在20日线下方；热度可能进入后段；v3尾盘版回避高位长连榜,v3
2026-05-13,603629,利通电子,7,不推送,42.6,45,56.33,52.22,59.8,-9.88,93.75,55.96,62.08,-0.24,3.67,36.56,62.14,62.14,93.75,人气Top10；当日上涨；收在日内高位；持续霸榜；人气排名明显上升；市场强势且个股相对强势,近5日趋势未确认；仍在20日线下方；热度可能进入后段；v3尾盘版回避高位长连榜,v3
2026-05-22,603629,利通电子,6,不推送,52.6,38,79.47,80.45,85.81,-9.88,93.75,36.56,53.59,-23.91,-14.42,15.03,93.75,93.75,93.75,人气Top10；当日上涨；收在日内高位；温和放量；持续霸榜；市场强势且个股相对强势,近5日趋势未确认；仍在20日线下方；热度可能进入后段；v3尾盘版回避高位长连榜,v3
2026-04-28,002636,金安国纪,19,不推送,58.0,53,-2.27,-2.29,4.02,93.5,93.5,0.35,3.31,2.68,5.7,-7.56,4.02,8.25,8.25,人气Top20；当日上涨；温和放量；近5日趋势升温；站上20日线且不过热；人气排名明显上升；v3热点早段优先,上影线偏长；v3尾盘承接一般,v3
2026-04-10,600584,长电科技,84,不推送,16.0,65,-1.21,-0.4,1.12,93.42,93.42,1.32,2.23,2.56,3.48,4.35,4.79,4.79,6.62,温和放量；近5日趋势升温；站上20日线且不过热,收盘承接偏弱；上影线偏长,v3
2026-05-11,002361,神剑股份,18,不推送,0.0,47,92.23,76.7,92.23,-10.12,92.23,63.35,65.01,-15.02,-14.16,55.76,92.23,92.23,92.23,人气Top20；连续上榜确认,当日转弱；收盘承接偏弱；量能不足；近5日趋势未确认；仍在20日线下方；强势市里个股相对走弱,v3
2026-04-30,688808,联讯仪器,35,普通观察,66.0,51,-1.48,-1.48,1.9,91.9,91.9,10.23,8.1,11.89,9.72,35.48,13.61,17.58,38.45,人气Top50；当日涨停附近；收盘承接较强；站上20日线且不过热；v3尾盘涨停延续；v3尾盘缩量强承接,人气排名明显回落,v3
2026-04-28,600183,生益科技,96,不推送,24.0,53,-0.99,0.76,4.5,91.84,91.84,4.42,5.98,5.47,7.04,16.35,6.98,8.78,30.12,温和放量；近5日趋势升温；站上20日线且不过热,当日转弱,v3
2026-06-11,600176,中国巨石,30,普通观察,80.3,24,4.09,1.91,8.16,16.85,89.08,21.58,31.03,16.8,25.88,81.53,22.95,34.68,89.08,人气Top50；当日上涨；收盘承接较强；温和放量；近5日趋势升温；站上20日线且不过热；连续上榜确认；人气排名明显上升；弱市中个股相对抗跌；v3热点早段优先,-,v3
2026-04-14,002281,光迅科技,84,不推送,30.0,63,0.18,-4.22,1.04,88.96,88.96,4.87,9.33,4.69,9.13,22.98,4.87,12.8,26.98,温和放量；近5日趋势升温；站上20日线且不过热；连续上榜确认；v2热点回踩观察,当日转弱；收盘承接偏弱；人气排名明显回落,v3
2026-04-27,002081,金螳螂,30,不推送,18.0,54,-2.03,7.0,7.0,-14.45,88.04,30.25,58.24,32.95,61.52,76.07,30.25,58.24,88.04,人气Top50；温和放量；近5日趋势升温；站上20日线且不过热；持续霸榜,当日转弱；收盘承接偏弱；热度可能进入后段；v3尾盘版回避高位长连榜,v3
2026-04-15,603986,兆易创新,73,不推送,2.0,62,-1.7,4.37,4.47,87.81,87.81,5.76,14.32,7.59,16.29,12.46,7.74,14.54,18.71,近5日趋势升温；站上20日线且不过热；连续上榜确认,当日转弱；收盘承接偏弱；人气排名明显回落,v3
2026-04-10,002384,东山精密,5,不推送,53.0,65,0.04,2.28,4.27,87.25,87.25,1.57,12.92,1.52,12.88,30.9,5.19,14.56,36.54,人气Top10；当日强涨；收盘承接较强；近5日强势延续；首次上榜即强势,短线涨幅偏高；偏离20日线较大；v3尾盘版回避放量过猛,v3
2026-05-19,000636,风华高科,55,观察池,83.45,41,3.49,5.04,7.97,59.72,86.78,16.22,28.82,12.3,24.48,84.77,16.22,34.38,86.78,当日涨停附近；收在日内高位；近5日趋势升温；站上20日线且不过热；连续上榜确认；人气排名明显上升；震荡市里保持相对强势；震荡市里承接未失控；v3尾盘缩量强承接,后段人气股在偏弱环境里更谨慎；涨停封板不可买,v3
2026-04-13,002297,博云新材,54,不推送,60.0,64,10.02,10.02,10.02,65.89,85.84,33.11,61.09,20.99,46.43,69.95,33.11,61.09,85.84,当日涨停附近；收在日内高位；近5日趋势升温；站上20日线且不过热；连续上榜确认,一字或近似一字，参与点差,v3
2026-05-11,603629,利通电子,21,不推送,48.6,47,45.45,40.26,51.27,-9.88,85.81,52.22,55.96,4.66,7.22,80.45,59.8,62.14,85.81,人气Top50；当日上涨；收在日内高位；站上20日线且不过热；连续上榜确认；市场强势且个股相对强势,近5日趋势未确认,v3
2026-04-13,002281,光迅科技,17,重点观察,83.0,64,-0.2,-2.05,0.55,85.09,85.09,-6.61,5.56,-6.42,5.77,18.28,0.55,10.49,24.38,人气Top20；当日上涨；收盘承接较强；温和放量；近5日强势延续；站上20日线且不过热；连续上榜确认；v2连榜升温修正；v3热点早段优先,短线涨幅偏高,v3
2026-05-12,002361,神剑股份,9,不推送,0.0,46,74.61,80.37,84.99,-10.12,84.99,65.01,59.6,-5.5,-8.6,47.64,84.99,84.99,84.99,人气Top10；持续霸榜,当日转弱；收盘承接偏弱；量能不足；近5日趋势未确认；仍在20日线下方；热度可能进入后段；强势市里个股相对走弱；v3尾盘版回避高位长连榜,v3
2026-06-12,600176,中国巨石,49,不推送,35.45,23,2.87,9.5,9.5,14.14,84.69,30.62,39.67,26.98,35.77,69.81,30.62,40.31,84.69,人气Top50；温和放量；近5日趋势升温；站上20日线且不过热；连续上榜确认；震荡市里保持相对强势,收盘承接偏弱；上影线偏长,v3
2026-04-28,600584,长电科技,72,不推送,12.0,53,-2.0,-1.64,-1.04,84.5,84.5,6.87,12.53,9.05,14.82,28.49,9.05,14.39,32.22,温和放量；站上20日线且不过热；连续上榜确认；人气排名明显上升,当日转弱；收盘承接偏弱,v3
2026-04-15,002384,东山精密,36,不推送,32.0,62,-0.47,2.57,2.57,84.36,84.36,7.68,27.81,8.19,28.4,26.37,15.36,27.81,34.43,人气Top50；温和放量；近5日趋势升温；站上20日线且不过热；连续上榜确认；人气排名明显上升,当日转弱；收盘承接偏弱,v3
2026-04-13,002980,华盛昌,85,不推送,49.0,64,2.21,10.0,10.0,84.14,84.14,13.99,33.77,11.53,30.87,38.74,24.34,36.44,44.43,当日涨停附近；收在日内高位；近5日强势延续；v2低分涨停修正；v3尾盘缩量强承接,量能不足；短线涨幅偏高；偏离20日线较大,v3
2026-05-08,301666,大普微,51,观察池,52.6,45,6.83,0.43,16.85,7.79,84.14,26.45,36.27,18.36,27.56,46.93,26.45,38.73,84.14,当日涨停附近；收盘承接较强；温和放量；连续上榜确认；人气排名明显上升；市场强势且个股相对强势；v3尾盘缩量强承接,短线涨幅过热；远离20日线过多；涨停封板不可买,v3
2026-04-14,002384,东山精密,79,不推送,21.0,63,-0.21,-0.14,3.42,84.11,84.11,11.03,16.03,11.26,16.27,25.96,12.64,18.27,34.25,温和放量；近5日强势延续；站上20日线且不过热；连续上榜确认,当日转弱；短线涨幅偏高；人气排名明显回落,v3
2026-04-14,603986,兆易创新,42,强推观察,94.0,63,1.51,-2.41,2.46,83.78,83.78,2.93,9.11,1.39,7.48,9.55,5.32,10.09,16.16,人气Top50；当日上涨；收在日内高位；温和放量；近5日趋势升温；站上20日线且不过热；连续上榜确认；人气排名明显上升；v3尾盘缩量强承接；v3热点早段优先,-,v3
2026-06-09,301526,国际复材,69,观察池,76.6,26,-1.04,0.56,3.27,38.92,83.15,13.45,54.33,14.64,55.95,79.48,20.92,57.96,83.15,当日涨停附近；收在日内高位；温和放量；近5日趋势升温；站上20日线且不过热；市场强势且个股相对强势,涨停封板不可买,v3
2026-04-13,002384,东山精密,34,不推送,19.0,64,0.12,-0.57,1.48,83.07,83.07,1.85,6.93,1.73,6.8,27.15,2.84,14.55,33.49,人气Top50；温和放量；近5日强势延续；连续上榜确认,短线涨幅偏高；偏离20日线较大；人气排名明显回落；上影线偏长；v3尾盘承接一般,v3
2026-04-30,600396,华电辽能,22,不推送,0.0,51,1.61,9.98,9.98,21.47,82.96,25.4,51.71,23.41,49.31,62.8,33.06,51.71,82.96,人气Top50；站上20日线且不过热；持续霸榜,当日转弱；收盘承接偏弱；热度可能进入后段；v3尾盘版回避高位长连榜,v3
2026-05-06,600584,长电科技,29,不推送,44.0,51,5.05,5.79,7.95,82.64,82.64,11.39,21.25,6.04,15.42,33.25,13.24,25.09,35.78,人气Top50；收盘承接较强；温和放量；站上20日线且不过热；人气排名明显上升,-,v3
2026-04-10,600396,华电辽能,79,不推送,0.0,65,0.15,9.94,9.94,81.48,81.48,21.23,7.53,21.05,7.37,38.55,30.42,30.42,62.65,温和放量,当日转弱；收盘承接偏弱；近5日趋势未确认,v3
2026-04-10,300857,协创数据,77,不推送,0.0,65,4.09,-0.12,5.63,58.0,81.05,34.84,52.25,29.54,46.26,77.89,38.68,54.71,81.05,放量仍可控,当日转弱；收盘承接偏弱；近5日趋势未确认；仍在20日线下方,v3
2026-04-14,603256,宏和科技,40,普通观察,71.0,63,0.28,4.15,10.0,80.61,80.61,7.45,8.59,7.15,8.29,11.89,11.81,11.81,15.88,人气Top50；当日涨停附近；收在日内高位；温和放量；近5日强势延续；连续上榜确认,短线涨幅偏高；偏离20日线较大,v3
2026-06-22,603618,杭电股份,89,不推送,0.0,18,68.82,66.65,75.77,-5.49,80.53,80.47,55.54,6.9,-7.87,39.16,80.53,80.53,80.53,温和放量,当日转弱；收盘承接偏弱；近5日趋势未确认；仍在20日线下方；人气排名明显回落；强势市里个股相对走弱,v3
2026-06-15,603618,杭电股份,81,不推送,0.0,22,38.78,48.41,48.41,-5.49,80.53,63.36,66.65,17.71,20.08,57.4,68.13,75.77,80.53,-,当日转弱；收盘承接偏弱；近5日趋势未确认；仍在20日线下方；强势市里个股相对走弱,v3
2026-05-13,002361,神剑股份,18,不推送,0.0,45,80.45,63.35,80.45,-10.12,80.45,65.01,53.75,-8.56,-14.8,38.13,80.45,80.45,80.45,人气Top20；持续霸榜,当日转弱；收盘承接偏弱；量能不足；近5日趋势未确认；仍在20日线下方；热度可能进入后段；强势市里个股相对走弱；v3尾盘版回避高位长连榜,v3
2026-06-26,002407,多氟多,40,不推送,0.0,14,43.18,43.18,43.18,0.09,80.31,73.25,54.72,21.0,8.06,28.88,73.25,80.31,80.31,人气Top50；持续霸榜,当日转弱；收盘承接偏弱；量能不足；近5日趋势未确认；仍在20日线下方；热度可能进入后段；人气排名明显回落；弱市先收缩执行；弱市里的长连榜样本优先降权；市场健康度不足，收缩推送；市场健康度偏弱；v3尾盘版回避高位长连榜,v3
2026-06-22,002407,多氟多,4,不推送,0.0,18,34.84,31.08,40.95,0.09,80.31,37.32,43.18,1.84,6.19,43.81,44.12,44.12,80.31,人气Top10；持续霸榜；人气排名明显上升,当日转弱；收盘承接偏弱；量能不足；近5日趋势未确认；仍在20日线下方；热度可能进入后段；强势市里个股相对走弱；v3尾盘版回避高位长连榜,v3
2026-04-17,002281,光迅科技,12,强推观察,130.0,60,4.43,2.76,7.56,80.18,80.18,6.11,10.16,1.61,5.49,29.09,7.56,16.13,35.5,人气Top20；当日涨停附近；收在日内高位；温和放量；近5日趋势升温；站上20日线且不过热；人气排名明显上升；v2强势延续修正；v3尾盘涨停延续；v3尾盘缩量强承接；v3热点早段优先,-,v3
2026-04-24,600396,华电辽能,4,不推送,27.0,55,-7.39,10.0,10.0,30.98,80.0,13.37,18.59,22.42,28.05,80.0,22.83,22.83,80.0,人气Top10；温和放量；近5日强势延续；站上20日线且不过热；持续霸榜,当日转弱；收盘承接偏弱；短线涨幅偏高；热度可能进入后段；v3尾盘版回避高位长连榜,v3
2026-06-11,600353,旭光电子,55,观察池,78.58,24,3.92,-3.82,8.18,12.1,79.95,16.39,40.83,12.0,35.52,60.84,16.39,40.83,79.95,当日涨停附近；收在日内高位；温和放量；近5日趋势升温；站上20日线且不过热；弱市中个股相对抗跌；v2低分涨停修正,后段人气股在偏弱环境里更谨慎；涨停封板不可买,v3
2026-04-16,002384,东山精密,25,不推送,46.0,61,3.64,8.39,9.96,79.74,79.74,13.27,24.81,9.29,20.43,24.86,15.47,29.72,31.06,人气Top50；收在日内高位；近5日趋势升温；站上20日线且不过热；持续霸榜；人气排名明显上升,热度可能进入后段；v3尾盘版回避高位长连榜,v3
2026-04-27,600584,长电科技,90,不推送,20.0,54,-0.47,-2.63,0.37,79.64,79.64,-1.64,5.27,-1.17,5.77,17.03,0.37,6.87,24.94,当日上涨；温和放量；站上20日线且不过热,上影线偏长；v3尾盘承接一般,v3
2026-05-20,688146,中船特气,82,观察池,25.73,37,-1.54,-10.09,-0.76,79.59,79.59,-5.54,9.02,-4.06,10.73,28.5,-0.76,16.4,42.12,当日涨停附近；近5日趋势升温；人气排名明显上升；震荡市里保持相对强势；v2低分涨停修正,量能不足；远离20日线过多；后段人气股在偏弱环境里更谨慎；涨停封板不可买,v3
2026-04-17,603773,沃格光电,53,重点观察,78.0,60,6.99,10.0,10.0,79.58,79.58,21.66,10.21,13.71,3.0,26.28,21.66,24.76,37.52,当日涨停附近；收在日内高位；温和放量；近5日趋势升温；v2低分涨停修正；v3尾盘缩量强承接,偏离20日线较大,v3
2026-06-08,002636,金安国纪,40,观察池,101.3,27,10.0,10.0,10.0,39.97,79.51,32.54,52.14,20.49,38.31,69.8,33.1,53.17,79.51,人气Top50；当日涨停附近；收在日内高位；近5日强势延续；连续上榜确认；人气排名明显上升；弱市中个股相对抗跌；v2强势延续修正；v2低分涨停修正；v3尾盘涨停延续；v3尾盘缩量强承接,短线涨幅偏高；偏离20日线较大；涨停封板不可买,v3
2026-06-10,603823,百合花,64,观察池,55.58,25,5.39,9.84,10.0,79.49,79.49,13.76,20.79,7.95,14.62,38.37,20.51,24.3,45.99,当日涨停附近；收在日内高位；温和放量；近5日强势延续；弱市中个股相对抗跌；v3尾盘缩量强承接,短线涨幅偏高；远离20日线过多；后段人气股在偏弱环境里更谨慎；涨停封板不可买,v3
2026-04-16,603986,兆易创新,43,普通观察,68.0,61,-1.21,0.52,2.85,79.48,79.48,6.55,6.04,7.86,7.34,8.9,7.51,13.44,13.44,人气Top50；当日上涨；收在日内高位；温和放量；近5日趋势升温；站上20日线且不过热；持续霸榜；人气排名明显上升,热度可能进入后段；v3尾盘版回避高位长连榜,v3
2026-05-06,600396,华电辽能,62,不推送,52.0,50,7.81,18.58,18.58,19.07,79.35,35.18,63.64,25.39,51.79,43.68,35.18,63.64,79.35,当日涨停附近；收在日内高位；近5日趋势升温；站上20日线且不过热；持续霸榜,热度可能进入后段；人气排名明显回落；v3尾盘版回避高位长连榜,v3
2026-04-27,600396,华电辽能,41,重点观察,79.0,54,0.1,6.72,9.98,19.07,79.35,-1.98,18.58,-2.07,18.46,64.43,11.66,18.58,79.35,人气Top50；当日涨停附近；收在日内高位；温和放量；近5日强势延续；站上20日线且不过热；持续霸榜；v3尾盘涨停延续,短线涨幅偏高；热度可能进入后段；人气排名明显回落；v3尾盘版回避高位长连榜,v3
2026-04-29,301217,铜冠铜箔,15,普通观察,67.0,52,1.89,10.37,16.22,79.22,79.22,22.29,22.71,20.02,20.44,22.72,30.32,30.32,46.46,人气Top20；当日涨停附近；收在日内高位；温和放量；近5日强势延续；首次上榜即强势,短线涨幅偏高；远离20日线过多,v3
2026-06-09,600206,有研新材,94,不推送,48.6,26,-1.51,10.64,10.64,50.27,79.2,13.21,34.21,14.95,36.27,77.63,23.78,34.21,79.2,当日上涨；收在日内高位；温和放量；市场强势且个股相对强势；v3尾盘缩量强承接,人气排名明显回落,v3
2026-06-10,600176,中国巨石,52,不推送,11.08,25,-1.73,3.19,4.77,19.87,79.15,15.0,37.19,17.03,39.61,77.89,15.0,37.19,79.15,温和放量；站上20日线且不过热；连续上榜确认,人气排名明显回落；弱市先收缩执行；后段人气股在偏弱环境里更谨慎；v3尾盘承接一般,v3
2026-05-25,300975,商络电子,100,观察池,82.6,37,1.5,5.96,7.09,5.45,79.02,36.99,40.75,34.97,38.67,52.05,37.02,50.62,79.02,当日涨停附近；收在日内高位；温和放量；近5日趋势升温；站上20日线且不过热；市场强势且个股相对强势；v2低分涨停修正,涨停封板不可买,v3
2026-05-08,000592,平潭发展,86,不推送,0.0,48,64.04,69.91,72.49,-16.91,78.51,76.79,54.01,7.77,-6.11,43.55,78.51,78.51,78.51,温和放量；连续上榜确认,当日转弱；收盘承接偏弱；近5日趋势未确认；仍在20日线下方；强势市里个股相对走弱,v3
2026-06-12,600667,太极实业,17,不推送,17.45,23,1.88,4.54,5.33,13.38,78.21,14.77,36.26,12.66,33.75,75.18,17.92,38.56,78.21,人气Top20；温和放量；站上20日线且不过热；持续霸榜；震荡市里保持相对强势,当日转弱；收盘承接偏弱；热度可能进入后段；v3尾盘版回避高位长连榜,v3
2026-06-02,600396,华电辽能,11,不推送,14.6,31,45.24,65.04,65.04,-6.81,78.19,54.76,64.19,6.55,13.05,43.46,78.19,78.19,78.19,人气Top20；当日上涨；持续霸榜；市场强势且个股相对强势,近5日趋势未确认；仍在20日线下方；热度可能进入后段；v3尾盘版回避高位长连榜,v3
2026-05-22,600396,华电辽能,44,不推送,26.6,38,14.08,23.9,23.9,-6.81,78.19,43.62,54.91,25.9,35.8,54.76,43.62,60.87,78.19,人气Top50；当日上涨；站上20日线且不过热；持续霸榜；人气排名明显上升；市场强势且个股相对强势,近5日趋势未确认；热度可能进入后段；v3尾盘版回避高位长连榜,v3
2026-05-26,600396,华电辽能,9,不推送,33.45,36,27.53,43.62,43.62,-6.81,78.19,54.91,50.04,21.47,17.65,64.19,60.87,60.87,78.19,人气Top10；当日上涨；持续霸榜；人气排名明显上升；震荡市里保持相对强势,近5日趋势未确认；热度可能进入后段；v3尾盘版回避高位长连榜,v3
2026-06-11,600206,有研新材,25,普通观察,86.3,24,3.18,-4.65,4.25,26.56,78.12,13.03,22.86,9.55,19.08,75.61,13.03,25.75,78.12,人气Top50；当日强涨；收盘承接较强；放量仍可控；近5日趋势升温；站上20日线且不过热；连续上榜确认；弱市中个股相对抗跌；v2连榜升温修正；v3热点早段优先,-,v3
2026-05-28,600367,红星发展,95,观察池,65.6,34,2.98,-3.4,4.97,4.33,77.84,16.89,41.42,13.5,37.33,62.64,16.89,41.42,77.84,当日涨停附近；收在日内高位；温和放量；近5日强势延续；市场强势且个股相对强势；v2低分涨停修正,短线涨幅偏高；偏离20日线较大；涨停封板不可买,v3
2026-06-16,600667,太极实业,32,不推送,62.6,21,-3.21,4.98,7.86,3.71,77.74,24.64,27.08,28.78,31.29,77.74,26.74,27.08,77.74,人气Top50；当日上涨；收盘承接较强；温和放量；近5日趋势升温；站上20日线且不过热；持续霸榜；市场强势且个股相对强势,热度可能进入后段；v3尾盘版回避高位长连榜,v3
2026-06-16,002409,雅克科技,91,不推送,2.6,21,-1.23,6.64,7.58,12.46,77.67,19.08,24.76,20.57,26.31,70.2,19.08,24.76,77.67,近5日趋势升温；站上20日线且不过热；市场强势且个股相对强势,当日转弱；收盘承接偏弱,v3
2026-05-22,001896,豫能控股,37,不推送,0.0,38,18.24,24.96,27.77,-0.3,77.55,16.25,20.9,-1.69,2.25,46.82,27.77,27.77,77.55,人气Top50；连续上榜确认,当日转弱；收盘承接偏弱；近5日趋势未确认；仍在20日线下方；人气排名明显回落；强势市里个股相对走弱；市场健康度不足，收缩推送,v3
2026-06-01,001896,豫能控股,23,不推送,0.0,32,26.51,34.79,39.44,-0.3,77.55,63.15,44.76,28.96,14.42,67.65,63.15,77.55,77.55,人气Top50；持续霸榜,当日转弱；收盘承接偏弱；近5日趋势未确认；仍在20日线下方；热度可能进入后段；弱市先收缩执行；弱市里的长连榜样本优先降权；市场健康度不足，收缩推送；市场健康度偏弱；v3尾盘版回避高位长连榜,v3
2026-05-26,001896,豫能控股,86,不推送,0.0,36,10.78,16.25,20.61,-0.3,77.55,20.9,34.79,9.13,21.67,59.23,26.37,39.44,77.55,持续霸榜,当日转弱；收盘承接偏弱；近5日趋势未确认；仍在20日线下方；热度可能进入后段；人气排名明显回落；震荡市里相对走弱；后段人气股在偏弱环境里更谨慎；v3尾盘版回避高位长连榜,v3
2026-06-16,600206,有研新材,19,观察池,91.6,21,-0.77,1.74,4.27,11.97,77.45,19.56,32.34,20.48,33.37,53.26,19.56,33.52,77.45,人气Top20；当日涨停附近；收在日内高位；近5日强势延续；持续霸榜；人气排名明显上升；市场强势且个股相对强势；v2强势延续修正；v2低分涨停修正；v3尾盘涨停延续,短线涨幅偏高；偏离20日线较大；热度可能进入后段；v3尾盘版回避高位长连榜；涨停封板不可买,v3
2026-05-11,000547,航天发展,35,不推送,0.0,47,76.33,69.17,77.37,-11.07,77.37,59.2,55.35,-9.71,-11.9,43.43,77.37,77.37,77.37,人气Top50；温和放量,当日转弱；收盘承接偏弱；近5日趋势未确认；仍在20日线下方；强势市里个股相对走弱,v3
2026-04-10,002580,圣阳股份,2,强推观察,124.0,65,2.48,10.01,10.01,-13.01,77.24,33.14,61.12,29.92,57.22,45.94,33.14,61.12,77.24,人气Top3；当日涨停附近；收在日内高位；温和放量；近5日趋势升温；站上20日线且不过热；首次上榜即强势；v2强势延续修正；v3热点早段优先,-,v3
2026-05-13,000592,平潭发展,36,不推送,0.0,45,76.22,59.46,77.08,-16.91,77.08,49.0,48.85,-15.45,-15.53,25.36,77.08,77.08,77.08,人气Top50；温和放量；连续上榜确认；人气排名明显上升,当日转弱；收盘承接偏弱；近5日趋势未确认；仍在20日线下方；强势市里个股相对走弱,v3
2026-06-10,600206,有研新材,27,观察池,118.3,25,0.59,6.2,8.87,35.83,76.49,10.27,23.42,9.62,22.7,74.19,11.88,26.49,76.49,人气Top50；当日涨停附近；收在日内高位；温和放量；近5日趋势升温；站上20日线且不过热；连续上榜确认；人气排名明显上升；弱市中个股相对抗跌；v2强势延续修正；v2连榜升温修正；v3热点早段优先,涨停封板不可买,v3
2026-04-29,920186,中科仪,81,不推送,8.0,15,-3.03,6.14,9.29,40.32,76.44,19.82,52.81,23.57,57.58,75.05,22.26,52.82,76.44,站上20日线且不过热,-,v3
2026-06-22,600487,亨通光电,6,不推送,0.0,18,70.71,65.22,76.3,-8.46,76.3,73.25,52.51,1.49,-10.66,19.42,76.3,76.3,76.3,人气Top10；温和放量；持续霸榜,当日转弱；收盘承接偏弱；近5日趋势未确认；仍在20日线下方；热度可能进入后段；强势市里个股相对走弱；v3尾盘版回避高位长连榜,v3
2026-06-05,001896,豫能控股,10,不推送,0.0,28,46.75,44.76,58.79,-0.3,75.78,56.35,61.0,6.54,9.71,46.31,65.07,65.44,75.78,人气Top10；持续霸榜,当日转弱；收盘承接偏弱；近5日趋势未确认；仍在20日线下方；热度可能进入后段；弱市先收缩执行；弱市里的长连榜样本优先降权；市场健康度不足，收缩推送；市场健康度偏弱；v3尾盘版回避高位长连榜,v3
2026-05-18,002342,巨力索具,1,不推送,0.0,42,75.56,75.56,75.56,-10.16,75.56,42.63,42.3,-18.75,-18.94,29.02,75.56,75.56,75.56,人气Top3；持续霸榜；人气排名明显上升,当日转弱；收盘承接偏弱；量能不足；近5日趋势未确认；仍在20日线下方；热度可能进入后段；震荡市里相对走弱；市场健康度不足，收缩推送；Top3高热度拥挤，次日兑现风险；v3尾盘版回避高位长连榜,v3
2026-04-20,002281,光迅科技,78,不推送,20.0,59,-0.87,1.45,2.72,75.34,75.34,9.69,12.05,10.66,13.04,36.85,12.44,17.83,38.19,温和放量；近5日趋势升温；站上20日线且不过热；连续上榜确认,收盘承接偏弱；人气排名明显回落；上影线偏长,v3
2026-06-05,603618,杭电股份,86,不推送,0.0,28,22.97,24.01,32.66,-5.49,75.17,25.91,22.63,2.39,-0.28,73.9,33.42,33.42,75.17,-,当日转弱；收盘承接偏弱；近5日趋势未确认；仍在20日线下方；弱市先收缩执行；后段人气股在偏弱环境里更谨慎；市场健康度不足，收缩推送；市场健康度偏弱,v3
2026-04-22,688820,盛合晶微,70,不推送,60.0,57,-0.53,-6.74,7.89,74.89,74.89,6.42,-2.63,6.98,-2.12,52.11,8.42,8.42,57.37,当日涨停附近；收在日内高位；站上20日线且不过热；连续上榜确认；v3尾盘缩量强承接,人气排名明显回落,v3
2026-06-12,603986,兆易创新,70,不推送,0.0,23,2.07,6.82,7.02,6.12,74.59,20.85,42.22,18.4,39.34,73.21,20.85,42.22,74.59,温和放量；站上20日线且不过热；持续霸榜,收盘承接偏弱；近5日趋势未确认；热度可能进入后段；后段人气股在偏弱环境里更谨慎；市场健康度不足，收缩推送；v3尾盘版回避高位长连榜,v3
2026-06-26,300666,江丰电子,54,不推送,0.0,14,53.77,59.35,62.06,-0.01,74.56,64.28,38.4,6.84,-10.0,41.83,74.56,74.56,74.56,温和放量；人气排名明显上升,当日转弱；收盘承接偏弱；近5日趋势未确认；仍在20日线下方；弱市先收缩执行；后段人气股在偏弱环境里更谨慎；市场健康度不足，收缩推送；市场健康度偏弱,v3
2026-06-08,300285,国瓷材料,78,不推送,13.08,27,2.55,14.62,15.45,9.27,74.35,7.72,9.27,5.03,6.55,56.71,15.45,15.45,74.35,温和放量；近5日趋势升温；站上20日线且不过热；连续上榜确认；人气排名明显上升,当日转弱；收盘承接偏弱；弱市先收缩执行；后段人气股在偏弱环境里更谨慎,v3
2026-04-29,600396,华电辽能,11,不推送,26.0,52,-0.86,-4.89,4.12,15.53,74.02,15.05,31.16,16.05,32.3,50.43,15.05,31.16,74.02,人气Top20；温和放量；近5日趋势升温；站上20日线且不过热；持续霸榜,当日转弱；收盘承接偏弱；热度可能进入后段；v3尾盘版回避高位长连榜,v3
2026-04-28,002081,金螳螂,4,强推观察,108.0,53,-4.11,7.39,7.39,-22.18,73.92,30.6,36.96,36.19,42.83,58.52,30.6,44.76,73.92,人气Top10；当日涨停附近；收在日内高位；温和放量；近5日趋势升温；站上20日线且不过热；持续霸榜；人气排名明显上升；v2强势延续修正,热度可能进入后段；v3尾盘版回避高位长连榜,v3
2026-06-18,688525,佰维存储,91,不推送,0.0,19,32.16,36.08,36.08,0.56,73.15,39.66,67.81,5.67,26.97,43.31,40.65,73.15,73.15,-,当日转弱；收盘承接偏弱；量能不足；近5日趋势未确认；仍在20日线下方；强势市里个股相对走弱,v3
2026-04-21,002281,光迅科技,72,不推送,52.0,58,-0.24,1.79,3.13,72.84,72.84,5.67,12.49,5.93,12.76,48.39,11.4,16.15,48.39,收盘承接较强；温和放量；近5日趋势升温；站上20日线且不过热；连续上榜确认,-,v3
2026-06-11,300285,国瓷材料,98,不推送,0.0,24,5.93,-8.2,7.4,3.16,72.73,9.89,45.91,3.74,37.74,67.55,13.53,49.74,72.73,温和放量；站上20日线且不过热,收盘承接偏弱；近5日趋势未确认；人气排名明显回落；上影线偏长；弱市先收缩执行；后段人气股在偏弱环境里更谨慎；市场健康度不足，收缩推送；市场健康度偏弱,v3
2026-04-30,600246,万通发展,96,重点观察,78.0,51,4.79,2.22,6.03,72.7,72.7,8.78,16.13,3.81,10.83,23.4,12.15,19.33,23.4,当日涨停附近；收在日内高位；温和放量；近5日趋势升温；站上20日线且不过热；v2低分涨停修正,-,v3
2026-04-30,300632,光莆股份,84,不推送,36.0,51,2.13,0.41,3.76,-20.6,72.21,2.13,16.31,0.0,13.89,72.21,6.5,22.6,72.21,当日涨停附近；收在日内高位；放量仍可控,短线涨幅过热；偏离20日线较大,v3
2026-04-20,002081,金螳螂,38,不推送,60.0,59,8.09,10.05,10.05,-7.11,71.81,33.09,5.39,23.13,-2.49,71.81,33.09,33.82,71.81,人气Top50；当日涨停附近；收在日内高位；近5日趋势升温；站上20日线且不过热；v2低分涨停修正；v3热点早段优先,放量过猛；v3尾盘版回避放量过猛,v3
2026-04-21,603629,利通电子,63,不推送,0.0,58,0.11,6.93,8.88,-0.31,71.54,8.13,17.95,8.02,17.82,65.62,17.62,17.95,71.54,温和放量；近5日强势延续；持续霸榜,当日转弱；收盘承接偏弱；短线涨幅偏高；偏离20日线较大；热度可能进入后段；v3尾盘版回避高位长连榜,v3
2026-05-07,601991,大唐发电,7,观察池,138.6,49,9.92,9.92,9.92,12.9,71.43,32.94,42.86,20.94,29.96,39.88,32.94,60.91,71.43,人气Top10；当日涨停附近；收在日内高位；温和放量；近5日趋势升温；站上20日线且不过热；连续上榜确认；市场强势且个股相对强势；v2强势延续修正；v2连榜升温修正；v2低分涨停修正；v3热点早段优先,涨停封板不可买,v3
2026-06-22,600667,太极实业,7,不推送,24.6,18,20.18,11.37,20.18,0.0,71.38,34.81,54.51,12.17,28.57,46.34,34.81,57.18,71.38,人气Top10；近5日趋势升温；站上20日线且不过热；持续霸榜；市场强势且个股相对强势,当日转弱；收盘承接偏弱；热度可能进入后段；v3尾盘版回避高位长连榜,v3
2026-06-18,600667,太极实业,13,不推送,8.55,19,16.76,20.18,22.21,0.0,71.38,22.53,43.19,4.94,22.63,59.96,22.53,48.32,71.38,人气Top20；近5日趋势升温；站上20日线且不过热；持续霸榜,当日转弱；收盘承接偏弱；热度可能进入后段；强势市里个股相对走弱；v3尾盘版回避高位长连榜,v3
2026-06-26,600667,太极实业,4,不推送,0.0,14,48.32,54.51,57.18,0.0,71.38,71.38,59.96,15.55,7.85,34.86,71.38,71.38,71.38,人气Top10；温和放量；站上20日线且不过热；持续霸榜,当日转弱；收盘承接偏弱；近5日趋势未确认；热度可能进入后段；弱市先收缩执行；弱市里的长连榜样本优先降权；市场健康度不足，收缩推送；市场健康度偏弱；v3尾盘版回避高位长连榜,v3
2026-04-20,002384,东山精密,63,不推送,6.0,59,0.12,7.9,9.99,71.21,71.21,18.89,18.92,18.75,18.77,34.44,23.57,24.84,34.44,温和放量；近5日趋势升温；站上20日线且不过热；持续霸榜,当日转弱；收盘承接偏弱；热度可能进入后段；人气排名明显回落；v3尾盘版回避高位长连榜,v3
2026-06-22,600498,烽火通信,90,不推送,0.0,18,61.84,61.49,70.93,-14.03,70.93,65.28,40.62,2.12,-13.11,13.09,70.93,70.93,70.93,持续霸榜,当日转弱；收盘承接偏弱；量能不足；近5日趋势未确认；仍在20日线下方；热度可能进入后段；人气排名明显回落；强势市里个股相对走弱；v3尾盘版回避高位长连榜,v3
2026-04-20,600206,有研新材,61,普通观察,72.0,59,-1.8,-2.89,-0.35,70.92,70.92,1.29,4.22,3.14,6.12,14.09,7.49,8.31,16.08,当日涨停附近；收在日内高位；放量仍可控；近5日趋势升温；站上20日线且不过热；v2低分涨停修正,-,v3
2026-05-14,002361,神剑股份,19,不推送,0.0,44,60.12,65.01,70.86,-10.12,70.86,59.6,50.96,-0.33,-5.72,41.8,70.86,70.86,70.86,人气Top20；持续霸榜,当日转弱；收盘承接偏弱；量能不足；近5日趋势未确认；仍在20日线下方；热度可能进入后段；弱市先收缩执行；弱市里的长连榜样本优先降权；市场健康度不足，收缩推送；市场健康度偏弱；v3尾盘版回避高位长连榜,v3
2026-05-12,002015,协鑫能科,62,不推送,0.0,46,43.14,55.79,55.79,-9.23,70.77,44.55,49.1,0.98,4.16,43.34,70.77,70.77,70.77,当日上涨；市场强势且个股相对强势,量能不足；近5日趋势未确认；仍在20日线下方；人气排名明显回落；v3尾盘承接一般,v3
2026-06-18,600703,三安光电,47,不推送,0.0,19,39.25,42.05,42.05,0.07,70.69,60.6,60.01,15.34,14.91,34.24,60.6,70.69,70.69,人气Top50；持续霸榜,当日转弱；收盘承接偏弱；量能不足；近5日趋势未确认；仍在20日线下方；热度可能进入后段；强势市里个股相对走弱；v3尾盘版回避高位长连榜,v3
2026-06-15,600703,三安光电,21,不推送,0.0,22,15.61,24.01,24.01,0.07,70.69,29.16,46.02,11.72,26.31,56.26,32.55,51.1,70.69,人气Top50；持续霸榜；人气排名明显上升,当日转弱；收盘承接偏弱；量能不足；近5日趋势未确认；仍在20日线下方；热度可能进入后段；强势市里个股相对走弱；v3尾盘版回避高位长连榜,v3
2026-06-22,600703,三安光电,10,不推送,0.0,18,43.59,46.02,51.1,0.07,70.69,59.57,55.08,11.13,8.0,27.76,68.48,70.69,70.69,人气Top10；持续霸榜；人气排名明显上升,当日转弱；收盘承接偏弱；量能不足；近5日趋势未确认；仍在20日线下方；热度可能进入后段；强势市里个股相对走弱；v3尾盘版回避高位长连榜,v3
2026-05-07,600584,长电科技,84,不推送,38.0,49,-1.56,4.08,5.8,70.65,70.65,13.29,11.18,15.08,12.94,36.87,16.88,18.68,45.98,温和放量；近5日趋势升温；站上20日线且不过热；连续上榜确认,人气排名明显回落,v3
2026-06-05,002361,神剑股份,11,不推送,0.0,28,52.79,61.34,61.34,-10.12,70.42,66.67,37.35,9.08,-10.11,28.71,70.42,70.42,70.42,人气Top20；温和放量；人气排名明显上升,当日转弱；收盘承接偏弱；近5日趋势未确认；仍在20日线下方；弱市先收缩执行；市场健康度不足，收缩推送；市场健康度偏弱,v3
2026-05-29,002015,协鑫能科,78,不推送,0.0,33,60.47,50.7,60.47,-9.23,70.37,62.34,48.63,1.17,-7.38,13.78,70.37,70.37,70.37,当日上涨；连续上榜确认,量能不足；近5日趋势未确认；仍在20日线下方；弱市先收缩执行；后段人气股在偏弱环境里更谨慎；v3尾盘承接一般,v3
2026-04-24,002081,金螳螂,11,不推送,0.0,55,-10.22,-12.07,-3.89,-22.49,70.35,6.95,30.06,19.13,44.87,58.49,6.95,30.06,70.35,人气Top20；近5日强势延续；持续霸榜,当日转弱；收盘承接偏弱；短线涨幅偏高；偏离20日线较大；热度可能进入后段；v3尾盘版回避高位长连榜；v3尾盘版回避放量过猛,v3
2026-05-15,002361,神剑股份,33,不推送,0.0,43,60.56,65.01,70.16,-10.12,70.16,53.75,51.48,-4.24,-5.65,32.9,70.16,70.16,70.16,人气Top50；持续霸榜,当日转弱；收盘承接偏弱；量能不足；近5日趋势未确认；仍在20日线下方；热度可能进入后段；震荡市里相对走弱；市场健康度不足，收缩推送；v3尾盘版回避高位长连榜,v3
2026-04-14,002297,博云新材,34,重点观察,78.0,63,10.01,10.01,10.01,50.79,69.9,33.11,42.89,21.0,29.89,69.9,33.11,57.34,69.9,人气Top50；当日涨停附近；收在日内高位；近5日趋势升温；站上20日线且不过热；连续上榜确认；人气排名明显上升；v3热点早段优先,一字或近似一字，参与点差,v3
2026-04-22,002281,光迅科技,5,普通观察,70.0,57,0.71,6.22,8.89,69.8,69.8,8.51,7.18,7.75,6.42,60.35,14.11,14.11,60.35,人气Top10；温和放量；近5日趋势升温；站上20日线且不过热；连续上榜确认；人气排名明显上升,-,v3
2026-05-06,002428,云南锗业,57,普通观察,70.0,50,24.21,29.35,31.44,34.5,69.63,48.71,63.73,19.72,31.81,46.77,48.84,69.52,69.63,当日涨停附近；收在日内高位；温和放量；连续上榜确认；人气排名明显上升；v3尾盘缩量强承接,近5日趋势未确认,v3
2026-05-11,603778,国晟科技,17,不推送,0.55,47,60.88,66.15,69.43,-34.58,69.43,50.4,49.93,-6.51,-6.8,43.52,69.43,69.43,69.43,人气Top20；温和放量；连续上榜确认,当日转弱；收盘承接偏弱；近5日趋势未确认；仍在20日线下方；强势市里个股相对走弱,v3
2026-05-19,603773,沃格光电,26,不推送,69.17,41,-6.71,6.7,6.75,30.35,69.37,9.77,25.6,17.66,34.64,67.4,17.37,25.6,69.37,人气Top50；当日强涨；收在日内高位；放量仍可控；站上20日线且不过热；连续上榜确认；人气排名明显上升；震荡市里保持相对强势；震荡市里承接未失控,近5日趋势未确认,v3
2026-06-17,600667,太极实业,21,不推送,56.6,20,-0.05,9.91,9.91,-1.32,69.13,9.91,33.03,9.96,33.1,52.21,20.6,33.03,69.13,人气Top50；当日上涨；温和放量；近5日趋势升温；站上20日线且不过热；持续霸榜；人气排名明显上升；市场强势且个股相对强势,热度可能进入后段；v3尾盘版回避高位长连榜,v3
2026-04-17,600396,华电辽能,95,不推送,0.0,60,-1.12,3.5,5.18,68.77,68.77,25.21,28.85,26.63,30.31,52.8,25.21,51.26,58.26,温和放量；近5日趋势升温；持续霸榜,当日转弱；收盘承接偏弱；仍在20日线下方；热度可能进入后段；人气排名明显回落；v3尾盘版回避高位长连榜,v3
2026-06-26,600703,三安光电,15,不推送,0.0,14,64.95,55.08,68.56,0.07,68.56,46.1,34.24,-11.43,-18.62,24.74,68.56,68.56,68.56,人气Top20；持续霸榜,当日转弱；收盘承接偏弱；量能不足；近5日趋势未确认；仍在20日线下方；热度可能进入后段；弱市先收缩执行；弱市里的长连榜样本优先降权；市场健康度不足，收缩推送；市场健康度偏弱；v3尾盘版回避高位长连榜,v3
2026-05-27,920161,龙辰科技,88,不推送,0.0,35,-13.68,-3.3,-2.37,-36.61,68.21,-8.4,7.47,6.11,24.5,9.3,25.25,25.25,68.21,站上20日线且不过热,收盘承接偏弱；后段人气股在偏弱环境里更谨慎；市场健康度不足，收缩推送,v3
2026-06-09,002636,金安国纪,37,观察池,53.6,26,7.99,10.0,10.0,27.24,68.1,27.71,44.2,18.26,33.54,64.55,32.54,46.21,68.1,人气Top50；当日涨停附近；收在日内高位；近5日强势延续；连续上榜确认；市场强势且个股相对强势,量能不足；短线涨幅偏高；偏离20日线较大；涨停封板不可买,v3
2026-04-28,600396,华电辽能,11,不推送,43.0,53,-6.48,-3.43,4.63,11.57,68.06,1.02,15.19,8.02,23.17,61.39,4.63,22.22,68.06,人气Top20；当日上涨；温和放量；近5日强势延续；持续霸榜；人气排名明显上升,短线涨幅偏高；偏离20日线较大；热度可能进入后段；v3尾盘版回避高位长连榜,v3
2026-04-21,603986,兆易创新,91,不推送,48.0,58,-1.15,2.27,2.47,68.02,68.02,-3.04,0.16,-1.92,1.32,8.84,6.2,6.2,16.44,当日上涨；收盘承接较强；温和放量；近5日趋势升温；站上20日线且不过热,人气排名明显回落,v3
2026-06-17,002409,雅克科技,97,不推送,60.6,20,-0.45,2.08,3.06,6.05,67.53,6.95,23.07,7.43,23.62,44.45,14.07,26.78,67.53,当日上涨；收盘承接较强；近5日趋势升温；站上20日线且不过热；连续上榜确认；市场强势且个股相对强势；v3尾盘缩量强承接,-,v3
2026-04-27,300604,长川科技,97,普通观察,66.0,54,0.77,2.39,7.36,67.48,67.48,-0.53,6.1,-1.28,5.3,19.28,7.36,7.36,30.21,当日涨停附近；收盘承接较强；放量仍可控；近5日趋势升温；站上20日线且不过热；v2低分涨停修正,-,v3
2026-04-14,002980,华盛昌,51,重点观察,83.0,63,6.69,9.98,9.99,67.4,67.4,14.0,28.16,6.85,20.12,32.62,14.0,31.31,35.95,当日涨停附近；收在日内高位；温和放量；近5日强势延续；连续上榜确认；人气排名明显上升；v2低分涨停修正；v3尾盘缩量强承接,短线涨幅偏高；偏离20日线较大,v3
2026-05-28,002636,金安国纪,28,观察池,103.6,34,2.8,0.02,6.17,67.38,67.38,-5.36,0.93,-7.95,-1.82,58.5,6.17,6.17,59.18,人气Top50；当日涨停附近；收在日内高位；温和放量；近5日强势延续；站上20日线且不过热；人气排名明显上升；市场强势且个股相对强势；v2强势延续修正；v2低分涨停修正；v3热点早段优先,短线涨幅偏高；涨停封板不可买,v3
2026-04-28,301308,江波龙,46,不推送,16.0,53,-0.42,8.28,8.81,21.45,67.02,25.84,25.49,26.37,26.02,54.45,25.84,32.98,67.02,人气Top50；温和放量；站上20日线且不过热；连续上榜确认,当日转弱；收盘承接偏弱,v3
2026-05-15,600584,长电科技,5,不推送,49.45,43,1.04,2.55,8.95,46.55,66.96,16.45,28.18,15.25,26.86,44.33,17.63,28.64,66.96,人气Top10；当日上涨；温和放量；近5日趋势升温；站上20日线且不过热；持续霸榜；人气排名明显上升；震荡市里保持相对强势,收盘承接偏弱；热度可能进入后段；上影线偏长；v3尾盘版回避高位长连榜；v3尾盘承接一般,v3
2026-05-15,603778,国晟科技,83,不推送,0.0,43,44.19,49.93,52.14,-34.58,66.89,66.29,59.48,15.32,10.6,11.62,66.89,66.89,66.89,温和放量；持续霸榜；人气排名明显上升,当日转弱；收盘承接偏弱；近5日趋势未确认；仍在20日线下方；热度可能进入后段；震荡市里相对走弱；后段人气股在偏弱环境里更谨慎；市场健康度不足，收缩推送；v3尾盘版回避高位长连榜,v3
2026-05-13,603778,国晟科技,97,不推送,0.0,45,55.94,50.4,59.55,-34.58,66.89,49.93,66.29,-3.85,6.64,26.37,59.55,66.89,66.89,温和放量；持续霸榜,当日转弱；收盘承接偏弱；近5日趋势未确认；仍在20日线下方；热度可能进入后段；人气排名明显回落；强势市里个股相对走弱；v3尾盘版回避高位长连榜,v3
2026-05-14,603778,国晟科技,93,不推送,0.0,44,46.46,45.66,53.54,-34.58,66.89,58.74,58.81,8.39,8.43,14.15,58.81,66.89,66.89,温和放量；持续霸榜,当日转弱；收盘承接偏弱；近5日趋势未确认；仍在20日线下方；热度可能进入后段；弱市先收缩执行；后段人气股在偏弱环境里更谨慎；弱市里的长连榜样本优先降权；市场健康度不足，收缩推送；市场健康度偏弱；v3尾盘版回避高位长连榜,v3
2026-05-12,603778,国晟科技,29,不推送,0.0,46,66.22,61.15,66.22,-34.58,66.89,45.66,58.74,-12.37,-4.5,29.17,66.22,66.22,66.89,人气Top50；温和放量；持续霸榜,当日转弱；收盘承接偏弱；近5日趋势未确认；仍在20日线下方；热度可能进入后段；强势市里个股相对走弱；v3尾盘版回避高位长连榜,v3
2026-04-29,603986,兆易创新,2,不推送,62.0,52,3.35,1.08,3.68,66.6,66.6,13.12,16.99,9.45,13.2,29.25,15.45,18.73,33.42,人气Top3；收盘承接较强；温和放量；站上20日线且不过热；人气排名明显上升,近5日趋势未确认,v3
2026-06-22,600522,中天科技,8,不推送,0.0,18,47.41,50.92,58.07,-8.2,66.56,66.56,44.46,12.99,-2.0,17.92,66.56,66.56,66.56,人气Top10；持续霸榜,当日转弱；收盘承接偏弱；近5日趋势未确认；仍在20日线下方；热度可能进入后段；强势市里个股相对走弱；v3尾盘版回避高位长连榜,v3
2026-06-12,300903,科翔股份,38,不推送,0.0,23,-0.14,11.44,12.42,8.05,66.52,39.85,56.72,40.05,56.94,44.86,39.85,63.56,66.52,人气Top50；温和放量,当日转弱；收盘承接偏弱；近5日趋势未确认；震荡市里相对走弱；市场健康度不足，收缩推送,v3
2026-06-04,688146,中船特气,37,观察池,46.17,26,4.38,5.35,10.79,16.34,66.52,14.34,59.5,9.54,52.8,66.07,21.04,59.5,66.52,人气Top50；当日涨停附近；收在日内高位；近5日强势延续；人气排名明显上升；震荡市里保持相对强势；震荡市里承接未失控；v2低分涨停修正,量能不足；短线涨幅偏高；远离20日线过多；涨停封板不可买,v3
2026-06-18,002167,东方锆业,99,观察池,48.6,19,9.98,9.98,9.98,7.25,66.46,33.04,33.66,20.97,21.53,55.24,33.04,42.96,66.46,当日涨停附近；收在日内高位；近5日趋势升温；站上20日线且不过热；市场强势且个股相对强势,量能不足；一字或近似一字，参与点差；一字板不可买,v3
2026-05-19,300274,阳光电源,33,不推送,0.0,41,37.4,45.09,48.29,-8.16,66.36,42.75,55.32,3.9,13.04,49.86,50.12,57.73,66.36,人气Top50；温和放量；连续上榜确认；人气排名明显上升,当日转弱；收盘承接偏弱；近5日趋势未确认；仍在20日线下方；震荡市里相对走弱；市场健康度不足，收缩推送,v3
2026-05-22,300274,阳光电源,90,不推送,0.0,38,43.56,45.12,48.41,-8.16,66.36,59.74,54.45,11.27,7.59,33.42,66.36,66.36,66.36,持续霸榜,当日转弱；收盘承接偏弱；近5日趋势未确认；仍在20日线下方；热度可能进入后段；强势市里个股相对走弱；市场健康度不足，收缩推送；v3尾盘版回避高位长连榜,v3
2026-05-26,300274,阳光电源,13,不推送,0.0,36,58.45,59.74,66.36,-8.16,66.36,54.45,49.86,-2.52,-5.42,32.33,66.36,66.36,66.36,人气Top20；温和放量；持续霸榜；人气排名明显上升,当日转弱；收盘承接偏弱；近5日趋势未确认；仍在20日线下方；热度可能进入后段；震荡市里相对走弱；v3尾盘版回避高位长连榜,v3
2026-05-18,300274,阳光电源,95,不推送,0.0,42,33.63,36.57,39.99,-8.16,66.36,43.51,45.12,7.39,8.6,50.99,50.12,50.12,66.36,温和放量,当日转弱；收盘承接偏弱；近5日趋势未确认；仍在20日线下方；震荡市里相对走弱；后段人气股在偏弱环境里更谨慎；市场健康度不足，收缩推送,v3
2026-05-20,300274,阳光电源,24,不推送,0.0,40,45.18,43.51,50.12,-8.16,66.36,45.12,59.74,-0.04,10.04,48.21,50.12,66.36,66.36,人气Top50；温和放量；连续上榜确认,当日转弱；收盘承接偏弱；近5日趋势未确认；仍在20日线下方；震荡市里相对走弱；市场健康度不足，收缩推送,v3
2026-05-14,300274,阳光电源,87,不推送,0.0,44,18.01,32.72,35.36,-8.16,66.36,36.57,43.51,15.72,21.6,64.95,39.99,50.12,66.36,温和放量,当日转弱；收盘承接偏弱；近5日趋势未确认；仍在20日线下方；弱市先收缩执行；后段人气股在偏弱环境里更谨慎；市场健康度不足，收缩推送；市场健康度偏弱,v3
2026-05-13,002181,粤传媒,80,不推送,0.0,45,38.99,37.38,42.75,-34.54,66.23,35.99,11.2,-2.15,-19.99,15.12,66.23,66.23,66.23,温和放量；持续霸榜,当日转弱；收盘承接偏弱；近5日趋势未确认；仍在20日线下方；热度可能进入后段；强势市里个股相对走弱；v3尾盘版回避高位长连榜,v3
2026-05-12,002181,粤传媒,63,不推送,0.0,46,44.44,37.38,53.49,-34.54,66.23,51.11,22.41,4.62,-15.25,11.2,53.49,66.23,66.23,温和放量；持续霸榜,当日转弱；收盘承接偏弱；近5日趋势未确认；仍在20日线下方；热度可能进入后段；强势市里个股相对走弱；v3尾盘版回避高位长连榜,v3
2026-05-15,002181,粤传媒,65,不推送,0.0,43,60.71,35.99,66.23,-34.54,66.23,11.2,5.53,-30.8,-34.34,26.71,66.23,66.23,66.23,温和放量；持续霸榜；人气排名明显上升,当日转弱；收盘承接偏弱；近5日趋势未确认；仍在20日线下方；热度可能进入后段；震荡市里相对走弱；后段人气股在偏弱环境里更谨慎；市场健康度不足，收缩推送；v3尾盘版回避高位长连榜,v3
2026-04-10,603459,红板科技,25,不推送,48.0,65,-1.72,14.05,27.03,66.03,66.03,24.18,22.17,26.36,24.31,9.11,27.03,31.84,31.84,人气Top50；当日涨停附近；温和放量；站上20日线且不过热,v3尾盘承接一般,v3
2026-06-08,000657,中钨高新,70,不推送,13.08,27,0.26,2.89,3.44,-1.95,65.86,13.31,26.36,13.01,26.03,49.1,15.72,26.36,65.86,温和放量；近5日趋势升温；站上20日线且不过热,当日转弱；弱市先收缩执行；后段人气股在偏弱环境里更谨慎,v3
2026-04-17,002384,东山精密,34,不推送,56.0,60,-0.01,-3.15,3.76,65.82,65.82,14.95,15.92,14.97,15.93,18.37,14.95,20.91,22.81,人气Top50；当日强涨；收盘承接较强；温和放量；近5日趋势升温；持续霸榜,偏离20日线较大；热度可能进入后段；v3尾盘版回避高位长连榜,v3
2026-05-18,002361,神剑股份,57,不推送,0.0,42,63.53,59.6,65.79,-10.12,65.79,50.96,55.76,-7.68,-4.75,31.94,65.79,65.79,65.79,持续霸榜,当日转弱；收盘承接偏弱；近5日趋势未确认；仍在20日线下方；热度可能进入后段；人气排名明显回落；震荡市里相对走弱；后段人气股在偏弱环境里更谨慎；市场健康度不足，收缩推送；v3尾盘版回避高位长连榜,v3
2026-06-09,600176,中国巨石,12,观察池,84.6,26,2.25,0.64,4.09,21.96,65.7,6.37,26.89,4.02,24.1,65.7,12.88,28.32,65.7,人气Top20；当日涨停附近；收在日内高位；温和放量；站上20日线且不过热；人气排名明显上升；市场强势且个股相对强势,涨停封板不可买,v3
2026-06-15,000021,深科技,51,不推送,64.6,22,1.69,4.3,5.76,10.87,65.64,12.66,16.91,10.79,14.97,64.42,18.14,24.46,65.64,当日上涨；收在日内高位；温和放量；近5日趋势升温；站上20日线且不过热；持续霸榜；人气排名明显上升；市场强势且个股相对强势,热度可能进入后段；v3尾盘版回避高位长连榜,v3
2026-06-16,300285,国瓷材料,81,不推送,52.6,21,-0.13,14.95,17.88,-7.31,65.3,44.82,34.31,45.01,34.49,44.71,47.9,47.9,65.3,当日强涨；收盘承接较强；温和放量；站上20日线且不过热；连续上榜确认；市场强势且个股相对强势,人气排名明显回落；v3尾盘半板但封单不强,v3
2026-04-16,600396,华电辽能,20,不推送,6.0,61,0.0,-2.06,5.62,65.29,65.29,11.52,34.84,11.52,34.84,36.08,11.52,34.84,55.01,人气Top20；温和放量；持续霸榜,当日转弱；收盘承接偏弱；热度可能进入后段；v3尾盘版回避高位长连榜,v3
2026-05-26,002421,达实智能,7,不推送,0.0,36,26.01,22.79,29.76,-21.98,65.15,10.19,33.24,-12.55,5.74,52.82,32.98,33.24,65.15,人气Top10；站上20日线且不过热；持续霸榜,当日转弱；收盘承接偏弱；近5日趋势未确认；热度可能进入后段；震荡市里相对走弱；v3尾盘版回避高位长连榜,v3
2026-06-05,002421,达实智能,8,不推送,0.0,28,39.68,53.62,53.62,-21.98,65.15,45.58,17.96,4.22,-15.55,12.87,65.15,65.15,65.15,人气Top10；持续霸榜；人气排名明显上升,当日转弱；收盘承接偏弱；近5日趋势未确认；仍在20日线下方；热度可能进入后段；弱市先收缩执行；弱市里的长连榜样本优先降权；市场健康度不足，收缩推送；市场健康度偏弱；v3尾盘版回避高位长连榜,v3
2026-06-01,002421,达实智能,28,不推送,0.0,32,26.01,33.24,33.24,-21.98,65.15,27.08,53.62,0.85,21.91,7.51,36.73,53.62,65.15,人气Top50；站上20日线且不过热；持续霸榜,当日转弱；收盘承接偏弱；近5日趋势未确认；热度可能进入后段；弱市先收缩执行；弱市里的长连榜样本优先降权；市场健康度不足，收缩推送；市场健康度偏弱；v3尾盘版回避高位长连榜,v3
2026-04-13,600396,华电辽能,5,强推观察,118.0,64,4.11,10.0,10.0,65.07,65.07,-0.14,1.23,-4.08,-2.76,38.63,18.63,18.63,47.95,人气Top10；当日涨停附近；收在日内高位；温和放量；站上20日线且不过热；连续上榜确认；人气排名明显上升；v3尾盘涨停延续；v3尾盘缩量强承接,-,v3
2026-04-27,603629,利通电子,66,不推送,0.0,54,10.0,10.0,10.0,-7.02,64.87,33.1,45.88,21.0,32.62,57.05,33.11,53.5,64.87,持续霸榜,当日转弱；偏离20日线较大；热度可能进入后段；v3尾盘版回避高位长连榜,v3
2026-06-22,002491,通鼎互联,63,不推送,0.0,18,43.53,39.75,47.3,-21.16,64.77,59.75,37.76,11.3,-4.02,0.12,64.77,64.77,64.77,近5日趋势升温；持续霸榜,当日转弱；收盘承接偏弱；热度可能进入后段；人气排名明显回落；强势市里个股相对走弱；v3尾盘版回避高位长连榜,v3
2026-06-15,002491,通鼎互联,74,不推送,0.0,22,1.12,8.3,10.12,-21.16,64.77,31.04,39.75,29.59,38.2,34.44,31.04,47.3,64.77,站上20日线且不过热,当日转弱；收盘承接偏弱；近5日趋势未确认；人气排名明显回落；强势市里个股相对走弱,v3
2026-04-24,600206,有研新材,34,不推送,52.0,55,1.05,0.3,4.24,64.5,64.5,0.41,5.11,-0.63,4.01,16.53,4.24,9.65,25.24,人气Top50；温和放量；近5日趋势升温；站上20日线且不过热；人气排名明显上升；v3热点早段优先,-,v3
2026-06-11,603986,兆易创新,74,不推送,0.0,24,7.23,1.63,7.65,8.62,64.43,12.45,32.77,4.87,23.82,62.53,14.58,36.07,64.43,站上20日线且不过热；持续霸榜,当日转弱；收盘承接偏弱；近5日趋势未确认；热度可能进入后段；弱市先收缩执行；后段人气股在偏弱环境里更谨慎；弱市里的长连榜样本优先降权；市场健康度不足，收缩推送；市场健康度偏弱；v3尾盘版回避高位长连榜,v3
2026-05-06,603986,兆易创新,22,不推送,26.0,51,5.2,9.76,9.76,64.42,64.42,6.51,12.72,1.25,7.15,29.02,13.94,17.18,31.67,人气Top50；温和放量；站上20日线且不过热；连续上榜确认；人气排名明显上升,收盘承接偏弱；v3尾盘承接一般,v3
2026-04-30,603986,兆易创新,60,不推送,10.0,51,5.2,9.76,9.76,64.42,64.42,6.51,12.72,1.25,7.15,29.02,13.94,17.18,31.67,温和放量；站上20日线且不过热；连续上榜确认,收盘承接偏弱；人气排名明显回落；v3尾盘承接一般,v3
2026-05-12,002580,圣阳股份,8,观察池,64.6,46,49.5,56.72,57.84,-25.56,64.38,26.92,23.81,-15.11,-17.19,4.96,64.38,64.38,64.38,人气Top10；当日涨停附近；收在日内高位；持续霸榜；市场强势且个股相对强势；v3尾盘涨停延续,近5日趋势未确认；仍在20日线下方；热度可能进入后段；v3尾盘版回避高位长连榜；涨停封板不可买,v3
2026-05-11,002580,圣阳股份,6,观察池,74.6,47,55.77,53.88,61.23,-25.56,64.38,41.03,19.07,-9.46,-23.56,8.88,64.38,64.38,64.38,人气Top10；当日涨停附近；收在日内高位；连续上榜确认；市场强势且个股相对强势；v3尾盘涨停延续,近5日趋势未确认；仍在20日线下方；涨停封板不可买,v3
2026-06-12,600703,三安光电,35,不推送,0.0,23,-0.99,8.5,8.5,-3.69,64.28,21.62,36.71,22.83,38.08,49.26,23.53,36.71,64.28,人气Top50；温和放量；持续霸榜；人气排名明显上升,当日转弱；收盘承接偏弱；近5日趋势未确认；仍在20日线下方；热度可能进入后段；震荡市里相对走弱；市场健康度不足，收缩推送；v3尾盘版回避高位长连榜,v3
2026-06-05,600396,华电辽能,6,不推送,6.5,28,50.5,49.27,61.48,-6.81,64.19,47.8,35.34,-1.8,-10.07,26.76,64.19,64.19,64.19,人气Top10；当日上涨；持续霸榜,近5日趋势未确认；仍在20日线下方；热度可能进入后段；弱市先收缩执行；弱市里的长连榜样本优先降权；v3尾盘版回避高位长连榜,v3
2026-06-26,000636,风华高科,31,不推送,0.0,14,53.21,56.61,63.9,1.0,63.9,45.15,23.32,-5.27,-19.51,17.23,63.9,63.9,63.9,人气Top50；持续霸榜,当日转弱；收盘承接偏弱；近5日趋势未确认；仍在20日线下方；热度可能进入后段；弱市先收缩执行；弱市里的长连榜样本优先降权；市场健康度不足，收缩推送；市场健康度偏弱；v3尾盘版回避高位长连榜,v3
2026-06-12,000636,风华高科,3,不推送,0.0,23,19.95,26.84,26.84,1.0,63.9,44.48,42.37,20.46,18.7,56.61,44.54,48.47,63.9,人气Top3；站上20日线且不过热；持续霸榜,当日转弱；收盘承接偏弱；量能不足；近5日趋势未确认；热度可能进入后段；震荡市里相对走弱；市场健康度不足，收缩推送；Top3高热度拥挤，次日兑现风险；v3尾盘版回避高位长连榜,v3
2026-04-13,603629,利通电子,79,不推送,22.0,64,7.32,10.0,10.0,38.8,63.76,31.88,47.61,22.88,37.54,49.28,33.12,51.31,63.76,温和放量；近5日趋势升温；站上20日线且不过热,收盘承接偏弱,v3
2026-05-18,600584,长电科技,15,不推送,17.45,42,-1.92,4.82,5.15,43.66,63.67,15.23,38.24,17.48,40.94,30.44,22.89,38.24,63.67,人气Top20；温和放量；站上20日线且不过热；持续霸榜；震荡市里保持相对强势,当日转弱；收盘承接偏弱；热度可能进入后段；v3尾盘版回避高位长连榜,v3
2026-04-22,600206,有研新材,94,不推送,56.0,57,0.07,-3.17,2.76,63.4,63.4,-0.37,-0.26,-0.45,-0.34,22.28,3.54,3.54,24.4,当日强涨；收盘承接较强；温和放量；近5日趋势升温；站上20日线且不过热,人气排名明显回落,v3
2026-04-20,603773,沃格光电,48,不推送,45.0,59,3.11,0.55,8.15,63.26,63.26,3.97,10.21,0.83,6.88,17.89,13.42,13.42,25.02,人气Top50；当日涨停附近；收在日内高位；近5日强势延续；连续上榜确认；v2低分涨停修正,量能不足；短线涨幅偏高；远离20日线过多,v3
2026-04-27,002491,通鼎互联,16,普通观察,68.0,54,-2.79,-1.55,3.21,12.96,63.2,-6.06,11.65,-3.36,14.86,46.55,3.21,11.65,63.2,人气Top20；当日强涨；收盘承接较强；温和放量；站上20日线且不过热；人气排名明显上升,-,v3
2026-04-20,600396,华电辽能,83,不推送,34.0,59,0.14,10.01,10.01,63.06,63.06,33.02,36.94,32.84,36.76,62.38,33.02,46.14,62.38,当日上涨；收盘承接较强；温和放量；持续霸榜；人气排名明显上升,热度可能进入后段；v3尾盘版回避高位长连榜,v3
2026-05-06,688008,澜起科技,36,不推送,48.0,51,9.81,14.82,18.62,21.83,62.72,21.33,38.89,10.49,26.48,42.59,22.91,45.6,62.72,人气Top50；温和放量；近5日趋势升温；站上20日线且不过热；v3热点早段优先,-,v3
2026-06-03,300570,太辰光,79,不推送,13.72,30,0.23,2.25,6.05,8.26,62.59,-8.4,1.25,-8.61,1.01,58.75,7.54,10.04,62.59,当日上涨；温和放量；站上20日线且不过热；震荡市里保持相对强势,收盘承接偏弱；上影线偏长；后段人气股在偏弱环境里更谨慎,v3
2026-05-18,002131,利欧股份,31,不推送,19.45,42,46.02,58.49,62.58,-10.97,62.58,41.94,37.42,-2.8,-5.89,31.18,62.58,62.58,62.58,人气Top50；当日上涨；放量仍可控；人气排名明显上升；震荡市里保持相对强势,近5日趋势未确认；仍在20日线下方,v3
2026-06-12,603065,宿迁联盛,88,观察池,7.45,23,-3.09,-1.47,2.87,40.22,62.57,8.9,26.32,12.37,30.35,44.63,16.91,26.32,62.57,当日涨停附近；收在日内高位；震荡市里保持相对强势；震荡市里承接未失控,量能不足；短线涨幅过热；远离20日线过多；一字或近似一字，参与点差；后段人气股在偏弱环境里更谨慎；一字板不可买,v3
2026-04-30,301217,铜冠铜箔,32,不推送,32.0,51,0.27,13.03,18.08,62.38,62.38,13.02,20.64,12.72,20.32,11.73,18.08,22.54,32.7,人气Top50；当日涨停附近；温和放量；连续上榜确认,短线涨幅过热；远离20日线过多,v3
2026-04-21,600396,华电辽能,15,强推观察,90.0,58,0.0,9.96,9.96,48.22,62.36,13.16,32.84,13.16,32.84,53.01,32.84,36.9,62.36,人气Top20；当日涨停附近；收在日内高位；温和放量；站上20日线且不过热；持续霸榜；人气排名明显上升；v3尾盘涨停延续,热度可能进入后段；v3尾盘版回避高位长连榜,v3
2026-06-10,002491,通鼎互联,49,不推送,0.0,25,-1.23,-1.64,1.64,-22.32,62.35,-1.35,17.38,-0.12,18.83,57.4,2.74,17.38,62.35,人气Top50；站上20日线且不过热；持续霸榜,当日转弱；收盘承接偏弱；热度可能进入后段；弱市先收缩执行；弱市里的长连榜样本优先降权；v3尾盘版回避高位长连榜,v3
2026-04-27,301308,江波龙,33,不推送,48.0,54,1.41,-3.24,4.21,17.82,62.03,1.7,22.59,0.28,20.89,51.99,5.55,29.01,62.03,人气Top50；当日上涨；收盘承接较强；温和放量；站上20日线且不过热,-,v3
2026-06-11,301217,铜冠铜箔,36,不推送,58.8,24,8.15,13.65,18.62,1.96,62.02,42.8,60.29,32.04,48.21,36.49,59.33,62.02,62.02,人气Top50；温和放量；近5日趋势升温；站上20日线且不过热；连续上榜确认；人气排名明显上升；v2连榜升温修正；v3热点早段优先,弱市先收缩执行,v3
2026-06-16,000021,深科技,52,不推送,54.6,21,-2.69,4.79,4.91,5.84,61.66,13.99,22.76,17.14,26.15,52.04,14.77,22.76,61.66,当日上涨；收盘承接较强；温和放量；近5日趋势升温；站上20日线且不过热；持续霸榜；市场强势且个股相对强势,热度可能进入后段；v3尾盘版回避高位长连榜,v3
2026-04-13,002580,圣阳股份,1,强推观察,123.0,64,9.15,10.01,10.01,-20.93,61.11,33.14,58.05,21.98,44.8,38.03,33.14,61.11,61.11,人气Top3；当日涨停附近；收在日内高位；温和放量；近5日强势延续；连续上榜确认；v2连榜升温修正；v3尾盘涨停延续；v3尾盘缩量强承接,短线涨幅偏高；偏离20日线较大,v3
2026-06-12,002297,博云新材,45,不推送,45.45,23,-1.75,3.63,4.17,-10.09,61.06,15.66,39.97,17.72,42.47,29.07,17.54,39.97,61.06,人气Top50；当日上涨；温和放量；近5日趋势升温；人气排名明显上升；震荡市里保持相对强势,v3尾盘承接一般,v3
2026-05-18,600396,华电辽能,7,不推送,37.45,42,9.44,24.9,30.7,-6.81,60.87,10.05,23.9,0.57,13.22,43.08,30.7,30.7,60.87,人气Top10；当日上涨；站上20日线且不过热；持续霸榜；震荡市里保持相对强势,近5日趋势未确认；热度可能进入后段；v3尾盘版回避高位长连榜,v3
2026-05-15,600396,华电辽能,2,不推送,38.25,43,27.61,21.35,32.64,-6.81,60.87,12.45,12.61,-11.88,-11.76,54.91,32.64,32.64,60.87,人气Top3；当日上涨；站上20日线且不过热；持续霸榜；震荡市里保持相对强势,热度可能进入后段；Top3高热度拥挤，次日兑现风险；v3尾盘版回避高位长连榜,v3
2026-04-22,603629,利通电子,68,不推送,40.0,57,-0.18,7.65,10.0,-6.77,60.43,0.28,21.34,0.46,21.56,50.48,10.0,21.34,60.43,当日上涨；收盘承接较强；温和放量；近5日趋势升温；持续霸榜,偏离20日线较大；热度可能进入后段；v3尾盘版回避高位长连榜,v3
2026-06-10,603986,兆易创新,74,不推送,0.0,25,-0.61,0.0,0.52,6.44,60.38,7.14,21.21,7.8,21.96,60.34,7.35,21.21,60.38,站上20日线且不过热；持续霸榜,当日转弱；收盘承接偏弱；近5日趋势未确认；热度可能进入后段；人气排名明显回落；弱市先收缩执行；后段人气股在偏弱环境里更谨慎；弱市里的长连榜样本优先降权；v3尾盘版回避高位长连榜,v3
2026-05-27,600487,亨通光电,52,不推送,0.0,35,-1.74,2.62,3.35,-5.22,60.36,10.04,33.24,11.99,35.59,55.82,17.71,33.24,60.36,温和放量；持续霸榜,当日转弱；收盘承接偏弱；近5日趋势未确认；仍在20日线下方；热度可能进入后段；人气排名明显回落；震荡市里相对走弱；后段人气股在偏弱环境里更谨慎；市场健康度不足，收缩推送；v3尾盘版回避高位长连榜,v3
2026-06-11,600226,亨通股份,95,不推送,9.08,24,1.87,0.27,5.88,-9.49,60.29,16.98,30.48,14.83,28.08,40.78,18.98,30.48,60.29,温和放量；近5日趋势升温；站上20日线且不过热；连续上榜确认,当日转弱；收盘承接偏弱；弱市先收缩执行；后段人气股在偏弱环境里更谨慎,v3
2026-05-12,002466,天齐锂业,81,不推送,0.0,46,55.61,56.39,60.22,3.74,60.22,45.31,39.99,-6.62,-10.04,39.61,60.22,60.22,60.22,-,收盘承接偏弱；近5日趋势未确认；仍在20日线下方；人气排名明显回落；上影线偏长；强势市里个股相对走弱,v3
2026-06-12,600172,黄河旋风,53,不推送,0.0,23,1.02,5.79,6.3,9.71,60.22,13.29,31.26,12.14,29.93,37.65,15.33,31.26,60.22,温和放量,当日转弱；收盘承接偏弱；近5日趋势未确认；仍在20日线下方；震荡市里相对走弱；后段人气股在偏弱环境里更谨慎；市场健康度不足，收缩推送,v3
2026-06-08,600498,烽火通信,39,不推送,20.8,27,2.36,7.58,8.68,-19.43,60.19,11.5,24.02,8.93,21.16,51.35,12.01,25.25,60.19,人气Top50；温和放量；近5日趋势升温；站上20日线且不过热；连续上榜确认；v3热点早段优先,当日转弱；收盘承接偏弱；人气排名明显回落；弱市先收缩执行,v3
2026-05-06,002281,光迅科技,61,不推送,64.0,51,2.0,4.53,9.72,45.9,60.03,25.26,39.66,22.81,36.93,60.03,25.26,44.72,60.03,当日强涨；收盘承接较强；温和放量；近5日趋势升温；站上20日线且不过热；连续上榜确认,人气排名明显回落,v3
2026-04-30,002281,光迅科技,18,重点观察,86.0,51,2.0,4.53,9.72,45.9,60.03,25.26,39.66,22.81,36.93,60.03,25.26,44.72,60.03,人气Top20；当日强涨；收盘承接较强；温和放量；近5日趋势升温；站上20日线且不过热；人气排名明显上升；v3热点早段优先,-,v3
2026-05-06,600206,有研新材,85,不推送,40.0,51,3.25,2.23,6.65,59.99,59.99,10.71,16.26,7.22,12.6,11.47,15.05,21.81,21.81,收盘承接较强；温和放量；近5日趋势升温；站上20日线且不过热,人气排名明显回落,v3
2026-04-23,002281,光迅科技,27,不推送,44.0,56,-1.5,-2.26,3.03,59.86,59.86,4.04,9.57,5.63,11.24,53.02,7.43,11.0,58.57,人气Top50；当日上涨；温和放量；近5日趋势升温；站上20日线且不过热；持续霸榜,热度可能进入后段；人气排名明显回落；v3尾盘版回避高位长连榜,v3
2026-04-28,603399,永杉锂业,90,普通观察,74.0,53,-0.69,9.98,9.98,-14.6,59.2,33.06,49.66,33.98,50.69,28.51,33.06,54.96,59.2,当日涨停附近；收在日内高位；近5日趋势升温；站上20日线且不过热；v2低分涨停修正；v3尾盘缩量强承接,-,v3
2026-05-21,603773,沃格光电,65,不推送,0.0,39,-0.02,-1.26,4.85,17.25,58.95,12.98,35.76,13.01,35.79,51.07,12.98,35.76,58.95,当日上涨；温和放量；站上20日线且不过热,收盘承接偏弱；近5日趋势未确认；人气排名明显回落；弱市先收缩执行；后段人气股在偏弱环境里更谨慎,v3
2026-05-06,301308,江波龙,9,不推送,46.0,51,7.45,19.75,19.75,15.57,58.93,19.42,39.77,11.13,30.08,39.97,26.54,42.39,58.93,人气Top10；温和放量；近5日趋势升温；站上20日线且不过热；人气排名明显上升；v3热点早段优先,当日转弱；收盘承接偏弱,v3
2026-05-15,002015,协鑫能科,30,不推送,0.0,43,46.96,42.94,48.23,-9.23,58.93,39.46,43.48,-5.1,-2.37,55.72,52.84,52.84,58.93,人气Top50；当日上涨；连续上榜确认；震荡市里保持相对强势,量能不足；近5日趋势未确认；仍在20日线下方；人气排名明显回落；v3尾盘承接一般,v3
2026-05-27,603773,沃格光电,35,不推送,72.17,35,-1.98,10.0,10.0,-4.99,58.82,14.5,18.83,16.81,21.23,54.98,14.91,28.79,58.82,人气Top50；当日强涨；收盘承接较强；温和放量；近5日强势延续；连续上榜确认；震荡市里保持相对强势；震荡市里承接未失控；v2连榜升温修正,短线涨幅偏高；偏离20日线较大,v3
2026-06-16,603986,兆易创新,62,不推送,36.6,21,-2.34,9.85,9.85,-3.54,58.7,29.28,32.16,32.38,35.33,44.71,29.28,32.16,58.7,温和放量；近5日趋势升温；站上20日线且不过热；持续霸榜；市场强势且个股相对强势,热度可能进入后段；v3尾盘版回避高位长连榜,v3
2026-04-21,002384,东山精密,9,普通观察,76.0,58,1.57,10.0,10.0,58.68,58.68,10.92,8.56,9.21,6.88,24.79,15.7,15.7,26.08,人气Top10；当日强涨；收盘承接较强；温和放量；近5日趋势升温；持续霸榜；人气排名明显上升,偏离20日线较大；热度可能进入后段；v3尾盘版回避高位长连榜,v3
2026-05-06,002384,东山精密,52,不推送,46.0,50,11.23,24.6,24.6,58.68,58.68,28.87,30.31,15.85,17.15,31.64,31.4,35.77,35.77,当日强涨；收盘承接较强；温和放量；站上20日线且不过热；持续霸榜；人气排名明显上升,近5日趋势未确认；热度可能进入后段；v3尾盘版回避高位长连榜,v3
2026-05-06,002185,华天科技,40,不推送,58.0,51,4.2,3.74,7.09,58.66,58.66,4.65,9.92,0.44,5.49,16.55,7.09,12.74,17.62,人气Top50；收盘承接较强；温和放量；近5日趋势升温；站上20日线且不过热；v3热点早段优先,-,v3
2026-06-11,600667,太极实业,1,观察池,102.8,24,6.45,-6.57,7.37,6.97,58.65,2.4,19.13,-3.81,11.91,53.17,7.37,19.13,58.65,人气Top3；当日涨停附近；收在日内高位；温和放量；近5日趋势升温；站上20日线且不过热；持续霸榜；弱市中个股相对抗跌；v3尾盘涨停延续,热度可能进入后段；弱市里的长连榜样本优先降权；Top3高热度拥挤，次日兑现风险；v3尾盘版回避高位长连榜；涨停封板不可买,v3
2026-04-24,603629,利通电子,72,不推送,0.0,55,-2.11,-0.84,2.35,-7.8,58.64,19.99,45.17,22.57,48.31,57.84,19.99,45.17,58.64,温和放量；持续霸榜,当日转弱；收盘承接偏弱；偏离20日线较大；热度可能进入后段；人气排名明显回落；v3尾盘版回避高位长连榜,v3
2026-06-15,600667,太极实业,33,不推送,1.6,22,-6.41,-4.27,-3.2,0.0,58.57,11.37,11.37,19.0,19.0,55.79,11.37,22.21,58.57,人气Top50；近5日强势延续；站上20日线且不过热；持续霸榜；市场强势且个股相对强势,当日转弱；收盘承接偏弱；短线涨幅偏高；热度可能进入后段；v3尾盘版回避高位长连榜,v3
2026-06-15,301526,国际复材,48,观察池,70.6,22,4.6,13.27,15.94,1.96,58.45,19.75,12.01,14.48,7.09,36.68,27.69,27.69,58.45,人气Top50；当日涨停附近；收在日内高位；温和放量；人气排名明显上升；市场强势且个股相对强势；v3尾盘涨停延续；v3尾盘缩量强承接,短线涨幅过热；远离20日线过多；涨停封板不可买,v3
2026-05-14,002081,金螳螂,9,不推送,0.0,44,41.31,44.3,58.32,-29.16,58.32,26.54,4.3,-10.45,-26.19,2.24,58.32,58.32,58.32,人气Top10；站上20日线且不过热；持续霸榜,当日转弱；收盘承接偏弱；近5日趋势未确认；热度可能进入后段；弱市先收缩执行；弱市里的长连榜样本优先降权；市场健康度不足，收缩推送；市场健康度偏弱；v3尾盘版回避高位长连榜,v3
2026-05-11,002081,金螳螂,2,不推送,20.55,47,36.45,46.73,46.73,-29.16,58.32,45.79,29.72,6.85,-4.93,7.66,55.7,58.32,58.32,人气Top3；站上20日线且不过热；连续上榜确认,当日转弱；收盘承接偏弱；强势市里个股相对走弱,v3
2026-05-12,002081,金螳螂,6,不推送,0.55,46,48.04,44.86,55.7,-29.16,58.32,44.3,26.54,-2.53,-14.52,1.12,58.32,58.32,58.32,人气Top10；站上20日线且不过热；持续霸榜,当日转弱；收盘承接偏弱；近5日趋势未确认；热度可能进入后段；强势市里个股相对走弱；v3尾盘版回避高位长连榜,v3
2026-06-10,600667,太极实业,6,不推送,48.5,25,-3.95,9.4,9.4,17.43,58.31,8.28,18.87,12.73,23.76,58.31,17.87,22.13,58.31,人气Top10；温和放量；近5日趋势升温；站上20日线且不过热；持续霸榜；人气排名明显上升,热度可能进入后段；弱市先收缩执行；弱市里的长连榜样本优先降权；v3尾盘版回避高位长连榜,v3
2026-04-27,002281,光迅科技,63,不推送,16.0,54,-1.93,1.84,4.81,56.48,58.19,7.26,22.13,9.37,24.54,51.5,8.65,23.33,58.19,当日上涨；温和放量；近5日趋势升温；站上20日线且不过热,收盘承接偏弱；人气排名明显回落；上影线偏长；v3尾盘承接一般,v3
2026-06-26,000725,京东方A,2,不推送,0.0,14,32.45,32.28,36.61,0.67,58.07,45.92,39.43,10.18,5.28,26.29,46.59,58.07,58.07,人气Top3；持续霸榜,当日转弱；收盘承接偏弱；近5日趋势未确认；热度可能进入后段；弱市先收缩执行；弱市里的长连榜样本优先降权；市场健康度不足，收缩推送；市场健康度偏弱；Top3高热度拥挤，次日兑现风险；v3尾盘版回避高位长连榜,v3
2026-06-09,600522,中天科技,7,不推送,0.0,26,28.26,22.61,31.43,-8.2,58.07,18.68,32.31,-7.47,3.16,51.36,31.43,34.79,58.07,人气Top10；持续霸榜,当日转弱；收盘承接偏弱；量能不足；近5日趋势未确认；仍在20日线下方；热度可能进入后段；强势市里个股相对走弱；市场健康度不足，收缩推送；v3尾盘版回避高位长连榜,v3
2026-04-29,002081,金螳螂,8,强推观察,96.0,52,-5.97,7.65,7.65,-29.29,58.02,30.78,32.84,39.09,41.27,29.48,30.78,37.13,58.02,人气Top10；当日涨停附近；收在日内高位；温和放量；近5日趋势升温；持续霸榜；v3尾盘涨停延续,偏离20日线较大；热度可能进入后段；v3尾盘版回避高位长连榜,v3
2026-05-11,000066,中国长城,4,不推送,0.0,47,44.38,55.68,58.01,0.31,58.01,39.17,24.06,-3.61,-14.07,26.34,58.01,58.01,58.01,人气Top10；连续上榜确认,当日转弱；收盘承接偏弱；量能不足；近5日趋势未确认；仍在20日线下方；强势市里个股相对走弱,v3
2026-05-08,000066,中国长城,4,不推送,0.0,48,50.52,43.65,52.06,0.31,58.01,54.63,25.84,2.73,-16.39,28.48,58.01,58.01,58.01,人气Top10；连续上榜确认,当日转弱；收盘承接偏弱；量能不足；近5日趋势未确认；强势市里个股相对走弱,v3
2026-04-16,002297,博云新材,39,不推送,31.0,61,5.78,10.01,10.01,24.63,57.96,18.1,38.31,11.64,30.75,52.36,30.04,38.81,57.96,人气Top50；当日涨停附近；收在日内高位；近5日强势延续,放量过猛；短线涨幅偏高；偏离20日线较大；v3尾盘版回避放量过猛,v3
2026-06-12,600584,长电科技,13,不推送,0.0,23,1.42,7.22,7.44,20.21,57.95,17.97,31.8,16.32,29.96,49.16,19.52,31.8,57.95,人气Top20；温和放量；持续霸榜,当日转弱；收盘承接偏弱；近5日趋势未确认；仍在20日线下方；热度可能进入后段；震荡市里相对走弱；市场健康度不足，收缩推送；v3尾盘版回避高位长连榜,v3
2026-06-10,002971,和远气体,60,观察池,16.08,25,9.91,9.91,9.91,-7.03,57.81,18.31,27.63,7.65,16.13,45.21,24.82,32.08,57.81,当日涨停附近；收在日内高位；近5日强势延续,量能不足；短线涨幅偏高；偏离20日线较大；一字或近似一字，参与点差；弱市先收缩执行；后段人气股在偏弱环境里更谨慎；一字板不可买,v3
2026-04-17,002156,通富微电,87,不推送,16.0,60,-0.06,0.48,2.03,57.64,57.64,1.31,0.33,1.37,0.39,18.04,2.03,6.06,18.04,温和放量；近5日趋势升温；站上20日线且不过热,收盘承接偏弱；上影线偏长,v3
2026-06-15,002407,多氟多,8,不推送,0.0,22,22.3,23.33,30.13,0.09,57.51,21.61,31.08,-0.56,7.18,57.51,30.13,40.95,57.51,人气Top10；持续霸榜,当日转弱；收盘承接偏弱；近5日趋势未确认；仍在20日线下方；热度可能进入后段；强势市里个股相对走弱；v3尾盘版回避高位长连榜,v3
2026-05-25,600726,华电能源,93,观察池,44.6,37,5.06,9.97,9.97,-19.8,57.37,33.09,37.28,26.69,30.67,27.17,33.09,57.37,57.37,当日涨停附近；收在日内高位；市场强势且个股相对强势；v3尾盘缩量强承接,近5日趋势未确认；人气排名明显回落；涨停封板不可买,v3
2026-05-14,603601,再升科技,78,不推送,0.0,44,9.97,12.78,16.32,-40.27,57.32,20.27,21.2,9.37,10.22,57.32,33.65,33.65,57.32,温和放量,当日转弱；收盘承接偏弱；近5日趋势未确认；仍在20日线下方；弱市先收缩执行；后段人气股在偏弱环境里更谨慎；市场健康度不足，收缩推送；市场健康度偏弱,v3
2026-05-22,603601,再升科技,9,不推送,6.1,38,29.03,28.83,38.86,-40.27,57.32,43.01,41.61,10.83,9.75,10.23,47.09,57.32,57.32,人气Top10；温和放量；连续上榜确认；人气排名明显上升,当日转弱；收盘承接偏弱；近5日趋势未确认；仍在20日线下方；强势市里个股相对走弱；市场健康度不足，收缩推送,v3
2026-05-26,603601,再升科技,10,不推送,5.1,36,32.37,43.01,47.09,-40.27,57.32,41.61,14.65,6.97,-13.39,-3.14,57.32,57.32,57.32,人气Top10；温和放量；连续上榜确认,当日转弱；收盘承接偏弱；近5日趋势未确认；仍在20日线下方；震荡市里相对走弱,v3
2026-05-19,603601,再升科技,17,不推送,0.0,41,19.73,17.66,20.13,-40.27,57.32,28.96,34.25,7.71,12.12,14.65,29.03,38.86,57.32,人气Top20；温和放量；连续上榜确认,当日转弱；收盘承接偏弱；近5日趋势未确认；仍在20日线下方；震荡市里相对走弱；市场健康度不足，收缩推送,v3
2026-05-18,603601,再升科技,19,不推送,0.0,42,27.69,20.27,33.65,-40.27,57.32,21.2,28.83,-5.08,0.89,27.42,33.65,38.86,57.32,人气Top20；温和放量；人气排名明显上升,当日转弱；收盘承接偏弱；近5日趋势未确认；仍在20日线下方；震荡市里相对走弱；市场健康度不足，收缩推送,v3
2026-05-14,002015,协鑫能科,10,不推送,6.8,44,53.91,44.55,57.19,-9.23,57.19,49.1,34.05,-3.13,-12.91,53.18,57.19,57.19,57.19,人气Top10；当日上涨；连续上榜确认,量能不足；近5日趋势未确认；仍在20日线下方；弱市先收缩执行；v3尾盘承接一般,v3
2026-06-01,300274,阳光电源,83,不推送,0.0,32,56.19,49.86,57.07,-8.16,57.07,42.62,27.39,-8.69,-18.44,29.38,57.07,57.07,57.07,温和放量；持续霸榜,当日转弱；收盘承接偏弱；近5日趋势未确认；仍在20日线下方；热度可能进入后段；弱市先收缩执行；后段人气股在偏弱环境里更谨慎；弱市里的长连榜样本优先降权；市场健康度不足，收缩推送；市场健康度偏弱；v3尾盘版回避高位长连榜,v3
2026-04-21,002081,金螳螂,12,强推观察,101.0,58,10.02,10.02,10.02,-15.59,57.02,8.91,5.57,-1.01,-4.05,48.55,21.6,21.6,57.02,人气Top20；当日涨停附近；收在日内高位；放量仍可控；近5日强势延续；连续上榜确认；人气排名明显上升；v2强势延续修正；v2连榜升温修正；v2低分涨停修正,短线涨幅偏高；偏离20日线较大,v3
2026-05-15,000592,平潭发展,68,不推送,0.0,43,54.58,49.0,57.02,-16.91,57.02,48.85,43.55,-3.71,-7.14,22.92,57.02,57.02,57.02,温和放量；连续上榜确认,当日转弱；收盘承接偏弱；近5日趋势未确认；仍在20日线下方；人气排名明显回落；震荡市里相对走弱；后段人气股在偏弱环境里更谨慎；市场健康度不足，收缩推送,v3
2026-06-10,600498,烽火通信,98,不推送,0.0,25,-0.27,9.22,9.72,-21.08,56.91,21.49,37.36,21.82,37.73,51.73,22.69,42.78,56.91,近5日趋势升温；站上20日线且不过热；连续上榜确认,当日转弱；收盘承接偏弱；人气排名明显回落；弱市先收缩执行；后段人气股在偏弱环境里更谨慎,v3
2026-06-15,002297,博云新材,91,不推送,52.6,22,2.27,4.46,9.75,-12.41,56.91,23.95,43.44,21.2,40.26,26.7,23.95,50.0,56.91,收盘承接较强；温和放量；近5日趋势升温；站上20日线且不过热；连续上榜确认；市场强势且个股相对强势,人气排名明显回落,v3
2026-06-12,300346,南大光电,78,不推送,5.72,23,-0.62,3.15,4.17,2.76,56.82,9.34,18.49,10.02,19.23,50.63,10.93,19.13,56.82,温和放量；站上20日线且不过热；连续上榜确认；震荡市里保持相对强势,当日转弱；收盘承接偏弱；人气排名明显回落；后段人气股在偏弱环境里更谨慎,v3
2026-06-10,000657,中钨高新,50,不推送,24.8,25,-0.06,7.04,9.31,-7.38,56.67,19.36,22.99,19.43,23.05,45.23,19.36,29.33,56.67,人气Top50；温和放量；站上20日线且不过热；人气排名明显上升,弱市先收缩执行,v3
2026-05-11,600118,中国卫星,70,不推送,0.0,47,55.57,51.06,56.66,-6.44,56.66,36.36,31.11,-12.35,-15.72,18.83,56.66,56.66,56.66,温和放量；连续上榜确认；人气排名明显上升,当日转弱；收盘承接偏弱；近5日趋势未确认；仍在20日线下方；强势市里个股相对走弱,v3
2026-04-24,000066,中国长城,71,不推送,0.0,55,1.03,1.95,4.86,-0.67,56.47,9.54,32.52,8.42,31.17,53.13,10.64,32.52,56.47,站上20日线且不过热,收盘承接偏弱；v3尾盘版回避放量过猛,v3
2026-05-14,600396,华电辽能,4,不推送,38.5,44,22.2,34.8,39.21,-6.81,56.3,24.9,10.05,2.22,-9.94,48.96,39.21,39.21,56.3,人气Top10；当日上涨；近5日趋势升温；站上20日线且不过热；持续霸榜,热度可能进入后段；弱市先收缩执行；弱市里的长连榜样本优先降权；v3尾盘版回避高位长连榜,v3
2026-05-13,600183,生益科技,34,观察池,106.6,45,3.32,-1.76,5.86,56.07,56.07,4.22,5.92,0.86,2.52,39.05,5.86,7.85,47.8,人气Top50；当日涨停附近；收在日内高位；温和放量；近5日趋势升温；站上20日线且不过热；市场强势且个股相对强势；v2强势延续修正；v2低分涨停修正；v3热点早段优先,涨停封板不可买,v3
2026-06-12,002409,雅克科技,73,不推送,25.73,23,0.25,4.39,4.43,17.3,56.0,11.23,24.2,10.95,23.9,56.0,12.2,24.2,56.0,放量仍可控；近5日趋势升温；站上20日线且不过热；连续上榜确认；震荡市里保持相对强势；v2热点回踩观察,当日转弱；收盘承接偏弱；人气排名明显回落；后段人气股在偏弱环境里更谨慎,v3
2026-05-19,600584,长电科技,4,重点观察,89.17,41,-1.81,8.79,9.89,36.9,55.97,19.74,44.93,21.95,47.6,23.81,20.17,44.93,55.97,人气Top10；当日上涨；收在日内高位；温和放量；近5日趋势升温；站上20日线且不过热；持续霸榜；人气排名明显上升；震荡市里保持相对强势；震荡市里承接未失控,热度可能进入后段；v3尾盘版回避高位长连榜,v3
2026-05-08,601991,大唐发电,1,观察池,56.4,48,8.3,9.93,9.93,2.71,55.96,33.03,42.96,22.83,32.0,24.37,33.03,46.39,55.96,人气Top3；当日涨停附近；收在日内高位；近5日强势延续；连续上榜确认；市场强势且个股相对强势,放量过猛；短线涨幅偏高；偏离20日线较大；Top3高热度拥挤，次日兑现风险；v3尾盘版回避放量过猛；涨停封板不可买,v3
2026-05-25,000636,风华高科,19,观察池,45.6,37,1.79,0.77,5.12,24.94,55.85,17.54,32.79,15.48,30.46,33.95,17.54,40.55,55.85,人气Top20；当日涨停附近；收在日内高位；近5日强势延续；连续上榜确认；市场强势且个股相对强势,量能不足；短线涨幅偏高；远离20日线过多；一字或近似一字，参与点差；一字板不可买,v3
2026-06-10,301217,铜冠铜箔,51,不推送,66.58,25,-6.73,-1.35,-0.18,-1.94,55.82,31.16,40.05,40.63,50.16,41.27,31.16,53.24,55.82,当日上涨；收盘承接较强；温和放量；近5日趋势升温；站上20日线且不过热；人气排名明显上升；弱市中个股相对抗跌；v3尾盘缩量强承接,后段人气股在偏弱环境里更谨慎,v3
2026-04-23,600726,华电能源,42,强推观察,102.0,56,4.93,10.06,10.06,5.31,55.79,33.21,25.05,26.94,19.17,46.11,33.21,44.78,55.79,人气Top50；当日涨停附近；收在日内高位；温和放量；近5日趋势升温；站上20日线且不过热；v2强势延续修正；v2低分涨停修正；v3热点早段优先,-,v3
2026-06-17,000021,深科技,30,不推送,66.6,20,0.8,3.6,8.63,1.95,55.73,7.5,25.15,6.65,24.15,31.8,14.44,27.66,55.73,人气Top50；当日上涨；收盘承接较强；温和放量；近5日趋势升温；站上20日线且不过热；持续霸榜；人气排名明显上升；市场强势且个股相对强势,热度可能进入后段；v3尾盘版回避高位长连榜,v3
2026-04-15,603083,剑桥科技,97,不推送,24.0,62,-0.72,4.77,5.22,55.56,55.56,20.84,36.65,21.71,37.63,35.48,26.79,40.37,40.37,当日上涨；温和放量；近5日趋势升温；站上20日线且不过热,收盘承接偏弱；上影线偏长,v3
2026-06-12,000021,深科技,65,不推送,0.0,23,0.0,4.2,4.28,14.41,55.39,13.28,23.23,13.28,23.23,55.39,13.41,24.08,55.39,温和放量；连续上榜确认,当日转弱；收盘承接偏弱；近5日趋势未确认；人气排名明显回落；震荡市里相对走弱；后段人气股在偏弱环境里更谨慎；市场健康度不足，收缩推送,v3
2026-05-21,600396,华电辽能,67,不推送,0.0,39,1.12,2.32,3.3,-15.32,55.31,18.62,35.35,17.3,33.84,54.39,23.68,42.02,55.31,站上20日线且不过热；持续霸榜,当日转弱；收盘承接偏弱；近5日趋势未确认；热度可能进入后段；人气排名明显回落；弱市先收缩执行；后段人气股在偏弱环境里更谨慎；弱市里的长连榜样本优先降权；市场健康度不足，收缩推送；市场健康度偏弱；v3尾盘版回避高位长连榜,v3
2026-05-28,600487,亨通光电,50,不推送,40.6,34,-0.61,8.78,9.36,-8.21,55.3,17.27,38.15,17.99,38.99,44.56,17.27,39.73,55.3,人气Top50；收在日内高位；温和放量；持续霸榜；市场强势且个股相对强势,热度可能进入后段；v3尾盘版回避高位长连榜,v3
2026-04-20,603629,利通电子,53,不推送,0.0,59,-3.06,-5.68,-1.19,-5.97,55.25,8.58,1.14,12.0,4.33,47.54,10.94,10.94,55.25,温和放量；持续霸榜,短线涨幅过热；远离20日线过多；热度可能进入后段；人气排名明显回落；v3尾盘版回避高位长连榜；v3尾盘承接一般,v3
2026-04-14,300857,协创数据,29,强推观察,106.0,63,12.27,12.47,15.68,31.8,55.02,27.0,22.06,13.12,8.71,46.6,29.05,29.05,55.02,人气Top50；当日涨停附近；收在日内高位；温和放量；近5日趋势升温；站上20日线且不过热；人气排名明显上升；v2强势延续修正；v2低分涨停修正；v3热点早段优先,-,v3
2026-06-10,002636,金安国纪,25,观察池,52.3,25,0.03,9.53,10.0,15.67,55.0,25.73,23.62,25.7,23.59,45.94,26.58,32.91,55.0,人气Top50；当日涨停附近；收在日内高位；连续上榜确认；人气排名明显上升；弱市中个股相对抗跌；v3尾盘涨停延续,短线涨幅过热；远离20日线过多；涨停封板不可买,v3
2026-06-03,600498,烽火通信,59,不推送,0.0,30,-0.72,2.49,4.91,-14.35,54.95,5.9,8.23,6.67,9.02,49.08,12.87,15.53,54.95,当日上涨；温和放量；震荡市里保持相对强势,收盘承接偏弱；仍在20日线下方；上影线偏长；后段人气股在偏弱环境里更谨慎；v3尾盘承接一般,v3
2026-06-02,600487,亨通光电,4,不推送,18.6,31,26.67,28.68,28.68,-8.46,54.88,35.3,47.87,6.82,16.74,51.37,44.96,47.87,54.88,人气Top10；温和放量；持续霸榜；市场强势且个股相对强势,当日转弱；收盘承接偏弱；热度可能进入后段；v3尾盘版回避高位长连榜,v3
2026-04-10,002463,沪电股份,45,不推送,48.0,65,-2.63,-0.17,2.04,54.8,54.8,4.48,10.01,7.3,12.98,15.35,11.67,11.96,23.14,人气Top50；温和放量；近5日趋势升温；站上20日线且不过热；v3热点早段优先,-,v3
2026-06-16,600176,中国巨石,14,普通观察,77.6,21,-1.76,9.46,9.46,-4.35,54.77,17.04,29.95,19.14,32.29,40.88,17.58,29.95,54.77,人气Top20；当日强涨；收在日内高位；温和放量；近5日强势延续；站上20日线且不过热；持续霸榜；市场强势且个股相对强势,短线涨幅偏高；热度可能进入后段；v3尾盘版回避高位长连榜,v3
2026-05-26,000636,风华高科,28,不推送,12.45,36,0.67,5.99,7.84,23.92,54.58,27.11,43.36,26.26,42.4,46.16,28.24,44.92,54.58,人气Top50；近5日强势延续；连续上榜确认；震荡市里保持相对强势,短线涨幅偏高；偏离20日线较大；v3尾盘版回避放量过猛；v3尾盘承接一般,v3
2026-06-10,600226,亨通股份,78,不推送,57.58,25,-1.93,-3.47,5.02,-12.87,54.31,6.18,14.16,8.27,16.4,44.14,6.18,18.02,54.31,当日上涨；收盘承接较强；温和放量；近5日强势延续；站上20日线且不过热；连续上榜确认；人气排名明显上升；弱市中个股相对抗跌,短线涨幅偏高；后段人气股在偏弱环境里更谨慎,v3
2026-04-13,002463,沪电股份,83,不推送,28.0,64,2.83,9.44,9.44,54.19,54.19,5.9,9.96,2.98,6.93,17.8,11.23,13.7,22.66,温和放量；近5日趋势升温；站上20日线且不过热；连续上榜确认,人气排名明显回落；上影线偏长；v3尾盘承接一般,v3
2026-06-04,600378,昊华科技,89,不推送,39.73,29,1.86,6.33,9.36,12.01,54.14,20.59,46.11,18.39,43.44,49.93,22.53,46.11,54.14,当日上涨；温和放量；近5日趋势升温；站上20日线且不过热；震荡市里保持相对强势,后段人气股在偏弱环境里更谨慎；v3尾盘承接一般,v3
2026-06-16,600707,彩虹股份,68,观察池,60.6,21,-2.17,9.29,9.29,-13.37,54.08,7.03,16.84,9.41,19.43,53.3,10.5,22.14,54.08,当日涨停附近；收在日内高位；温和放量；站上20日线且不过热；市场强势且个股相对强势,近5日趋势未确认；涨停封板不可买,v3
2026-04-29,301308,江波龙,44,重点观察,88.0,52,-1.28,-3.42,-0.31,11.9,53.88,16.42,34.12,17.93,35.86,42.71,22.52,36.12,53.88,人气Top50；当日强涨；收在日内高位；温和放量；近5日趋势升温；站上20日线且不过热；连续上榜确认；v3热点早段优先,-,v3
2026-06-11,002579,中京电子,61,不推送,0.0,24,2.89,-0.72,8.68,-9.99,53.85,10.39,33.6,7.28,29.84,49.77,11.24,33.6,53.85,持续霸榜,当日转弱；收盘承接偏弱；近5日趋势未确认；仍在20日线下方；热度可能进入后段；弱市先收缩执行；后段人气股在偏弱环境里更谨慎；弱市里的长连榜样本优先降权；市场健康度不足，收缩推送；市场健康度偏弱；v3尾盘版回避高位长连榜,v3
2026-05-26,603629,利通电子,12,不推送,45.17,36,32.68,36.56,37.18,-9.88,53.69,53.59,24.64,15.76,-6.06,2.46,53.69,53.69,53.69,人气Top20；当日上涨；收在日内高位；温和放量；持续霸榜；震荡市里保持相对强势；震荡市里承接未失控,近5日趋势未确认；仍在20日线下方；热度可能进入后段；v3尾盘版回避高位长连榜,v3
2026-06-10,688525,佰维存储,86,不推送,0.0,25,-1.02,2.0,2.85,-5.49,53.6,6.94,16.46,8.05,17.67,51.18,12.89,16.46,53.6,当日上涨；站上20日线且不过热,收盘承接偏弱；量能不足；人气排名明显回落；上影线偏长；弱市先收缩执行；后段人气股在偏弱环境里更谨慎；v3尾盘承接一般,v3
2026-05-08,603986,兆易创新,52,不推送,28.6,48,4.27,7.86,9.47,53.6,53.6,8.72,11.8,4.27,7.22,39.68,9.47,14.39,40.95,温和放量；近5日趋势升温；站上20日线且不过热；连续上榜确认；人气排名明显上升；市场强势且个股相对强势,当日转弱；收盘承接偏弱,v3
2026-06-23,600667,太极实业,15,不推送,0.5,17,-2.25,9.81,9.81,-10.38,53.59,28.33,39.62,31.28,42.83,25.93,32.92,42.11,53.59,人气Top20；近5日趋势升温；站上20日线且不过热；持续霸榜,当日转弱；收盘承接偏弱；热度可能进入后段；弱市先收缩执行；弱市里的长连榜样本优先降权；v3尾盘版回避高位长连榜,v3
2026-06-09,600226,亨通股份,93,观察池,82.6,26,0.13,4.85,6.19,-8.88,53.57,0.94,17.77,0.81,17.61,53.57,9.83,19.78,53.57,当日涨停附近；收在日内高位；温和放量；近5日趋势升温；站上20日线且不过热；市场强势且个股相对强势；v2低分涨停修正,涨停封板不可买,v3
2026-04-27,000066,中国长城,80,不推送,38.0,54,-0.83,6.32,8.53,-2.56,53.49,18.19,42.99,19.18,44.2,35.18,18.19,42.99,53.49,温和放量；近5日趋势升温；站上20日线且不过热；连续上榜确认,v3尾盘承接一般,v3
2026-04-29,002156,通富微电,47,不推送,36.0,52,2.83,4.42,6.69,53.43,53.43,19.19,23.52,15.91,20.12,17.15,22.67,25.56,25.56,人气Top50；收盘承接较强；温和放量；站上20日线且不过热；v3尾盘缩量强承接,当日转弱；人气排名明显回落,v3
2026-04-21,600736,苏州高新,65,不推送,52.0,58,5.78,9.97,9.97,-3.61,53.32,22.83,13.01,16.12,6.83,42.49,33.09,33.09,53.32,当日涨停附近；收在日内高位；近5日趋势升温；站上20日线且不过热,v3尾盘版回避放量过猛,v3
2026-05-28,001896,豫能控股,61,不推送,0.0,34,-1.46,4.27,8.98,-14.01,53.12,16.24,40.7,17.97,42.79,35.1,20.25,40.7,53.12,持续霸榜,当日转弱；近5日趋势未确认；热度可能进入后段；强势市里个股相对走弱；v3尾盘版回避高位长连榜,v3
2026-06-11,600703,三安光电,94,不推送,0.0,24,-4.36,-8.06,0.26,-10.24,53.1,11.23,15.85,16.3,21.13,43.53,11.23,18.89,53.1,持续霸榜,当日转弱；收盘承接偏弱；近5日趋势未确认；仍在20日线下方；热度可能进入后段；人气排名明显回落；弱市先收缩执行；后段人气股在偏弱环境里更谨慎；弱市里的长连榜样本优先降权；市场健康度不足，收缩推送；市场健康度偏弱；v3尾盘版回避高位长连榜,v3
2026-04-23,600396,华电辽能,1,强推观察,113.0,56,-1.83,-6.41,9.87,22.58,53.1,9.87,0.92,11.92,2.8,53.1,13.22,14.95,53.1,人气Top3；当日涨停附近；收在日内高位；温和放量；近5日强势延续；站上20日线且不过热；持续霸榜；人气排名明显上升；v2强势延续修正；v2低分涨停修正,短线涨幅偏高；热度可能进入后段；v3尾盘版回避高位长连榜,v3
2026-06-22,000021,深科技,35,不推送,26.6,18,6.45,5.64,12.46,0.18,53.03,22.98,36.06,15.53,27.82,23.21,25.45,36.06,53.03,人气Top50；温和放量；近5日趋势升温；站上20日线且不过热；持续霸榜；人气排名明显上升；市场强势且个股相对强势,当日转弱；收盘承接偏弱；热度可能进入后段；v3尾盘版回避高位长连榜,v3
2026-06-26,000021,深科技,19,不推送,0.0,14,29.45,36.06,36.06,0.18,53.03,43.92,29.24,11.18,-0.16,33.87,53.03,53.03,53.03,人气Top20；站上20日线且不过热；持续霸榜,当日转弱；收盘承接偏弱；近5日趋势未确认；热度可能进入后段；弱市先收缩执行；弱市里的长连榜样本优先降权；市场健康度不足，收缩推送；市场健康度偏弱；v3尾盘版回避高位长连榜,v3
2026-04-22,600396,华电辽能,15,强推观察,108.0,57,3.91,9.96,9.96,34.79,53.02,13.2,16.67,8.93,12.27,53.02,20.81,26.4,53.02,人气Top20；当日涨停附近；收在日内高位；温和放量；近5日趋势升温；站上20日线且不过热；持续霸榜；v2强势延续修正；v3尾盘涨停延续,热度可能进入后段；v3尾盘版回避高位长连榜,v3
2026-06-11,600584,长电科技,21,不推送,0.0,24,4.81,-3.69,6.05,16.44,52.99,7.51,16.05,2.58,10.72,41.18,9.54,19.58,52.99,人气Top50；持续霸榜,当日转弱；收盘承接偏弱；近5日趋势未确认；热度可能进入后段；弱市先收缩执行；弱市里的长连榜样本优先降权；市场健康度不足，收缩推送；市场健康度偏弱；v3尾盘版回避高位长连榜,v3
2026-06-26,600522,中天科技,3,不推送,0.0,14,47.31,44.46,52.86,-8.2,52.86,35.43,22.66,-8.07,-16.73,12.08,52.86,52.86,52.86,人气Top3；持续霸榜,当日转弱；收盘承接偏弱；近5日趋势未确认；仍在20日线下方；热度可能进入后段；弱市先收缩执行；弱市里的长连榜样本优先降权；市场健康度不足，收缩推送；市场健康度偏弱；Top3高热度拥挤，次日兑现风险；v3尾盘版回避高位长连榜,v3
2026-06-08,600667,太极实业,33,不推送,6.5,27,3.07,3.81,5.14,25.03,52.8,16.49,15.29,13.02,11.85,39.25,16.49,25.5,52.8,人气Top50；温和放量；近5日趋势升温；站上20日线且不过热；持续霸榜,当日转弱；收盘承接偏弱；热度可能进入后段；弱市先收缩执行；弱市里的长连榜样本优先降权；v3尾盘版回避高位长连榜,v3
2026-04-15,002536,飞龙股份,87,不推送,12.0,62,0.25,0.59,2.18,52.74,52.74,14.41,11.28,14.13,11.01,1.51,14.41,16.2,16.2,温和放量；近5日趋势升温；站上20日线且不过热,当日转弱；收盘承接偏弱,v3
2026-05-27,001896,豫能控股,54,不推送,19.73,35,-0.51,-0.32,4.96,-14.23,52.73,12.13,27.57,12.71,28.22,34.5,14.42,27.57,52.73,温和放量；近5日趋势升温；持续霸榜；人气排名明显上升；震荡市里保持相对强势,当日转弱；热度可能进入后段；后段人气股在偏弱环境里更谨慎；v3尾盘版回避高位长连榜,v3
2026-05-25,688347,华虹公司,58,观察池,24.6,37,0.0,3.55,6.55,52.63,52.63,16.22,3.77,16.22,3.77,-0.47,20.11,20.11,20.11,当日涨停附近；收在日内高位；市场强势且个股相对强势,量能不足；短线涨幅过热；偏离20日线较大；涨停封板不可买,v3
2026-04-15,002980,华盛昌,44,普通观察,67.0,62,0.52,-5.77,2.78,52.21,52.21,10.58,15.14,10.0,14.54,15.32,12.79,19.39,23.62,人气Top50；当日涨停附近；收在日内高位；温和放量；近5日强势延续；连续上榜确认；v2低分涨停修正,短线涨幅偏高；远离20日线过多,v3
2026-06-16,002491,通鼎互联,27,不推送,68.6,21,0.08,10.04,10.04,-27.18,52.2,30.32,42.01,30.22,41.9,13.42,33.15,42.01,52.2,人气Top50；当日强涨；收盘承接较强；温和放量；站上20日线且不过热；连续上榜确认；人气排名明显上升；市场强势且个股相对强势,近5日趋势未确认,v3
2026-06-10,002409,雅克科技,17,观察池,96.3,25,2.99,10.0,10.0,27.29,52.18,13.28,20.7,9.99,17.19,47.72,17.91,21.76,52.18,人气Top20；当日涨停附近；收在日内高位；温和放量；近5日趋势升温；站上20日线且不过热；弱市中个股相对抗跌；v3热点早段优先,涨停封板不可买,v3
2026-04-28,603629,利通电子,10,不推送,60.0,53,9.75,10.0,10.0,-15.48,52.07,33.1,40.42,21.27,27.94,42.44,33.1,45.44,52.07,人气Top10；当日涨停附近；收在日内高位；近5日趋势升温；持续霸榜；人气排名明显上升,量能不足；偏离20日线较大；热度可能进入后段；一字或近似一字，参与点差；v3尾盘版回避高位长连榜,v3
2026-06-11,002428,云南锗业,5,普通观察,74.3,24,2.38,5.54,6.83,-4.6,52.01,15.76,14.9,13.07,12.22,37.82,24.3,24.3,52.01,人气Top10；当日强涨；收盘承接较强；温和放量；站上20日线且不过热；人气排名明显上升；弱市中个股相对抗跌,近5日趋势未确认,v3
2026-04-16,002536,飞龙股份,41,不推送,42.0,61,-0.94,3.42,5.53,51.85,51.85,6.91,5.83,7.93,6.84,-0.36,15.52,15.52,15.52,人气Top50；近5日趋势升温；站上20日线且不过热；连续上榜确认；人气排名明显上升；v3热点早段优先,v3尾盘承接一般,v3
2026-06-22,001896,豫能控股,96,不推送,0.0,18,43.35,45.64,51.26,-0.3,51.77,37.37,23.12,-4.17,-14.12,21.94,51.77,51.77,51.77,持续霸榜,当日转弱；收盘承接偏弱；近5日趋势未确认；仍在20日线下方；热度可能进入后段；人气排名明显回落；强势市里个股相对走弱；v3尾盘版回避高位长连榜,v3
2026-07-09,603538,美诺华,91,不推送,6.1,5,-1.52,9.39,9.39,35.85,51.58,25.58,35.85,27.52,37.95,,27.17,51.58,,温和放量；站上20日线且不过热,人气排名明显回落；强势市里个股相对走弱；市场健康度不足，收缩推送,v3
2026-05-21,600667,太极实业,99,不推送,0.0,39,1.7,1.54,3.48,51.54,51.54,6.88,9.79,5.09,7.96,31.88,10.76,17.64,31.88,温和放量；站上20日线且不过热；连续上榜确认,当日转弱；收盘承接偏弱；近5日趋势未确认；人气排名明显回落；弱市先收缩执行；后段人气股在偏弱环境里更谨慎；市场健康度不足，收缩推送；市场健康度偏弱,v3
2026-04-10,300308,中际旭创,6,普通观察,75.0,65,0.43,0.32,1.14,51.5,51.5,6.03,15.7,5.58,15.21,20.6,9.96,17.61,25.09,人气Top10；当日上涨；收盘承接较强；温和放量；近5日强势延续；站上20日线且不过热；v3热点早段优先,短线涨幅偏高,v3
2026-06-09,300666,江丰电子,81,观察池,76.6,26,0.46,8.86,11.64,7.22,51.4,22.45,33.86,21.89,33.25,35.84,51.4,51.4,51.4,当日涨停附近；收在日内高位；温和放量；近5日趋势升温；站上20日线且不过热；市场强势且个股相对强势,涨停封板不可买,v3
2026-05-22,603778,国晟科技,93,不推送,0.0,38,48.13,43.52,51.4,-34.58,51.4,26.37,11.62,-14.69,-24.65,15.02,51.4,51.4,51.4,温和放量；连续上榜确认,当日转弱；收盘承接偏弱；近5日趋势未确认；仍在20日线下方；人气排名明显回落；强势市里个股相对走弱；市场健康度不足，收缩推送,v3
2026-06-22,002167,东方锆业,88,观察池,60.6,18,9.98,9.98,9.98,-2.48,51.35,28.35,13.08,16.71,2.82,34.95,29.99,29.99,51.35,当日涨停附近；收在日内高位；近5日趋势升温；站上20日线且不过热；连续上榜确认；人气排名明显上升；市场强势且个股相对强势,量能不足；一字或近似一字，参与点差；一字板不可买,v3
2026-05-07,600396,华电辽能,10,观察池,112.6,49,3.17,3.67,10.0,0.42,51.25,25.42,38.67,21.57,34.41,18.58,25.42,51.25,51.25,人气Top10；当日涨停附近；收在日内高位；近5日趋势升温；连续上榜确认；市场强势且个股相对强势；v2低分涨停修正；v3尾盘涨停延续；v3尾盘缩量强承接,偏离20日线较大；涨停封板不可买,v3
2026-05-14,002185,华天科技,96,不推送,0.0,44,-1.72,-1.59,1.65,43.35,51.21,5.31,4.55,7.15,6.38,47.97,6.27,15.51,51.21,站上20日线且不过热；连续上榜确认,当日转弱；收盘承接偏弱；人气排名明显回落；弱市先收缩执行；后段人气股在偏弱环境里更谨慎,v3
2026-07-07,001399,惠科股份,46,不推送,0.0,7,32.93,31.16,39.09,-4.76,51.2,36.69,10.74,2.83,-16.69,,51.2,51.2,,人气Top50；持续霸榜,当日转弱；收盘承接偏弱；近5日趋势未确认；仍在20日线下方；热度可能进入后段；弱市先收缩执行；弱市里的长连榜样本优先降权；市场健康度不足，收缩推送；市场健康度偏弱；v3尾盘版回避高位长连榜,v3
2026-06-26,002491,通鼎互联,65,不推送,0.0,14,49.38,37.76,50.95,-21.16,50.95,22.78,5.68,-17.81,-29.25,-8.38,50.95,50.95,50.95,连续上榜确认,当日转弱；收盘承接偏弱；近5日趋势未确认；仍在20日线下方；人气排名明显回落；弱市先收缩执行；后段人气股在偏弱环境里更谨慎；市场健康度不足，收缩推送；市场健康度偏弱,v3
2026-04-13,300308,中际旭创,67,不推送,34.0,64,1.49,4.61,6.4,50.81,50.81,9.57,15.04,7.96,13.35,15.99,9.64,18.97,24.52,收盘承接较强；近5日趋势升温；站上20日线且不过热；连续上榜确认,人气排名明显回落,v3
2026-05-26,600376,首开股份,25,不推送,0.0,36,44.14,41.14,50.75,2.1,50.75,33.03,29.13,-7.71,-10.42,7.81,50.75,50.75,50.75,人气Top50,当日转弱；收盘承接偏弱；近5日趋势未确认；仍在20日线下方；震荡市里相对走弱,v3
2026-04-16,603629,利通电子,16,普通观察,67.0,61,0.79,10.01,10.01,5.25,50.67,5.57,21.52,4.74,20.57,50.66,14.73,24.17,50.67,人气Top20；当日强涨；收盘承接较强；温和放量；近5日强势延续；连续上榜确认,短线涨幅偏高；偏离20日线较大,v3
2026-04-17,603629,利通电子,10,普通观察,66.0,60,2.43,1.75,4.3,-4.32,50.65,2.62,3.77,0.19,1.31,50.65,4.5,12.88,50.65,人气Top10；当日涨停附近；收在日内高位；温和放量；持续霸榜；v3尾盘涨停延续,短线涨幅过热；远离20日线过多；热度可能进入后段；v3尾盘版回避高位长连榜,v3
2026-04-20,600176,中国巨石,94,不推送,0.0,59,-0.6,-0.47,0.47,50.46,50.46,5.11,4.86,5.74,5.49,19.02,7.88,10.44,20.59,温和放量；站上20日线且不过热,当日转弱；收盘承接偏弱；近5日趋势未确认,v3
2026-06-10,600500,中化国际,85,观察池,33.08,25,10.08,10.08,10.08,-14.81,50.38,25.8,40.46,14.29,27.6,31.91,29.62,50.38,50.38,当日涨停附近；收在日内高位；近5日趋势升温；站上20日线且不过热,量能不足；一字或近似一字，参与点差；弱市先收缩执行；后段人气股在偏弱环境里更谨慎；一字板不可买,v3
2026-06-17,002407,多氟多,20,不推送,28.6,20,-0.34,1.33,2.01,-16.59,50.25,9.22,14.42,9.6,14.81,43.25,17.45,20.09,50.25,人气Top20；近5日趋势升温；站上20日线且不过热；持续霸榜；市场强势且个股相对强势,当日转弱；热度可能进入后段；v3尾盘版回避高位长连榜,v3
2026-05-07,002281,光迅科技,17,重点观察,96.6,49,-2.61,10.0,10.0,28.13,50.22,22.65,24.05,25.94,27.38,32.27,27.09,29.53,50.22,人气Top20；当日强涨；收在日内高位；温和放量；近5日趋势升温；连续上榜确认；人气排名明显上升；市场强势且个股相对强势；v2连榜升温修正,偏离20日线较大,v3
2026-04-30,002428,云南锗业,75,不推送,0.0,51,7.13,10.0,10.0,19.11,50.22,22.94,44.87,14.76,35.23,29.4,26.01,44.87,50.22,温和放量；站上20日线且不过热,收盘承接偏弱；近5日趋势未确认；上影线偏长；v3尾盘承接一般,v3
2026-05-11,300274,阳光电源,76,不推送,0.0,47,24.96,21.36,25.34,-8.16,50.12,17.17,32.12,-6.23,5.73,45.12,25.34,35.36,50.12,温和放量,当日转弱；收盘承接偏弱；近5日趋势未确认；仍在20日线下方；强势市里个股相对走弱,v3
2026-04-14,600396,华电辽能,10,强推观察,118.0,63,1.25,0.25,7.85,50.06,50.06,-11.08,1.25,-12.18,0.0,34.5,7.85,7.85,38.61,人气Top10；当日涨停附近；收在日内高位；近5日趋势升温；站上20日线且不过热；连续上榜确认；v3尾盘涨停延续；v3尾盘缩量强承接；v3热点早段优先,-,v3
2026-05-15,002709,天赐材料,39,不推送,0.0,43,39.64,39.02,42.25,-9.07,50.02,44.06,44.26,3.17,3.31,29.23,47.04,50.02,50.02,人气Top50；温和放量；持续霸榜；人气排名明显上升,当日转弱；收盘承接偏弱；近5日趋势未确认；仍在20日线下方；热度可能进入后段；震荡市里相对走弱；市场健康度不足，收缩推送；v3尾盘版回避高位长连榜,v3
2026-05-14,002709,天赐材料,70,不推送,0.0,44,38.82,42.92,46.05,-9.07,50.02,35.22,43.34,-2.59,3.26,28.89,46.05,50.02,50.02,温和放量；持续霸榜,当日转弱；收盘承接偏弱；近5日趋势未确认；仍在20日线下方；热度可能进入后段；弱市先收缩执行；后段人气股在偏弱环境里更谨慎；弱市里的长连榜样本优先降权；市场健康度不足，收缩推送；市场健康度偏弱；v3尾盘版回避高位长连榜,v3
2026-05-12,002709,天赐材料,41,不推送,0.0,46,43.39,43.86,45.26,-9.07,50.02,42.92,35.22,-0.33,-5.7,29.14,46.55,46.55,50.02,人气Top50；持续霸榜,当日转弱；收盘承接偏弱；近5日趋势未确认；仍在20日线下方；热度可能进入后段；强势市里个股相对走弱；v3尾盘版回避高位长连榜,v3
2026-05-20,002709,天赐材料,6,不推送,0.0,40,44.11,43.34,50.02,-9.07,50.02,31.82,32.79,-8.53,-7.86,27.42,50.02,50.02,50.02,人气Top10；温和放量；持续霸榜；人气排名明显上升,当日转弱；收盘承接偏弱；近5日趋势未确认；仍在20日线下方；热度可能进入后段；震荡市里相对走弱；市场健康度不足，收缩推送；v3尾盘版回避高位长连榜,v3
2026-05-11,002709,天赐材料,27,不推送,0.0,47,47.14,45.53,48.53,-9.07,50.02,37.88,39.02,-6.3,-5.52,31.82,48.53,48.53,50.02,人气Top50；连续上榜确认,当日转弱；收盘承接偏弱；近5日趋势未确认；仍在20日线下方；强势市里个股相对走弱,v3
2026-06-16,603065,宿迁联盛,64,观察池,47.6,21,-4.68,0.47,7.87,29.38,50.0,16.55,24.15,22.28,30.25,30.19,16.55,31.14,50.0,当日涨停附近；收在日内高位；放量仍可控；近5日强势延续；人气排名明显上升；市场强势且个股相对强势,短线涨幅偏高；远离20日线过多；涨停封板不可买,v3
2026-05-22,002342,巨力索具,11,不推送,0.0,38,49.11,42.3,50.0,-10.16,50.0,28.91,26.0,-13.55,-15.49,23.88,50.0,50.0,50.0,人气Top20；持续霸榜,当日转弱；收盘承接偏弱；量能不足；近5日趋势未确认；仍在20日线下方；热度可能进入后段；强势市里个股相对走弱；市场健康度不足，收缩推送；v3尾盘版回避高位长连榜,v3
2026-05-29,002421,达实智能,20,不推送,0.0,33,-3.89,9.98,9.98,-29.2,49.88,18.73,26.76,23.54,31.9,7.06,24.09,26.76,49.88,人气Top20；温和放量；站上20日线且不过热；持续霸榜；人气排名明显上升,当日转弱；收盘承接偏弱；近5日趋势未确认；热度可能进入后段；弱市先收缩执行；弱市里的长连榜样本优先降权；市场健康度不足，收缩推送；市场健康度偏弱；v3尾盘版回避高位长连榜,v3
2026-05-29,603773,沃格光电,64,不推送,0.0,33,3.82,8.06,8.06,-10.34,49.88,12.15,24.96,8.02,20.36,22.51,21.55,27.08,49.88,温和放量；近5日强势延续；连续上榜确认,当日转弱；收盘承接偏弱；短线涨幅偏高；偏离20日线较大；人气排名明显回落；弱市先收缩执行；后段人气股在偏弱环境里更谨慎,v3
2026-04-15,600396,华电辽能,11,不推送,18.0,62,-4.6,-9.44,-3.73,49.69,49.69,-8.2,11.06,-3.78,16.41,29.57,-3.73,11.06,40.37,人气Top20；放量仍可控；站上20日线且不过热；连续上榜确认,收盘承接偏弱；上影线偏长；v3尾盘承接一般,v3
2026-05-22,601991,大唐发电,3,不推送,12.9,38,2.56,11.61,12.22,-14.18,49.62,16.29,30.17,13.38,26.91,19.61,17.65,32.58,49.62,人气Top3；站上20日线且不过热；持续霸榜,近5日趋势未确认；热度可能进入后段；强势市里个股相对走弱；市场健康度不足，收缩推送；Top3高热度拥挤，次日兑现风险；v3尾盘版回避高位长连榜,v3
2026-05-26,601991,大唐发电,5,不推送,19.1,36,5.58,16.29,17.65,-14.18,49.62,30.17,38.46,23.29,31.14,16.29,32.58,38.61,49.62,人气Top10；站上20日线且不过热；持续霸榜,近5日趋势未确认；热度可能进入后段；震荡市里相对走弱；v3尾盘版回避高位长连榜,v3
2026-05-20,601991,大唐发电,3,不推送,1.45,40,4.07,6.33,18.1,-14.18,49.62,11.61,16.29,7.25,11.74,37.25,18.1,18.1,49.62,人气Top3；站上20日线且不过热；持续霸榜,量能不足；近5日趋势未确认；热度可能进入后段；震荡市里相对走弱；市场健康度不足，收缩推送；Top3高热度拥挤，次日兑现风险；v3尾盘版回避高位长连榜,v3
2026-06-01,601991,大唐发电,2,不推送,3.3,32,22.17,38.46,38.61,-14.18,49.62,32.88,9.65,8.77,-10.25,31.67,49.62,49.62,49.62,人气Top3；持续霸榜,近5日趋势未确认；热度可能进入后段；弱市先收缩执行；弱市里的长连榜样本优先降权；Top3高热度拥挤，次日兑现风险；v3尾盘版回避高位长连榜,v3
2026-06-05,600522,中天科技,9,不推送,0.0,28,7.39,20.97,23.79,-8.2,49.57,22.61,18.68,14.17,10.52,45.76,33.76,33.76,49.57,人气Top10；持续霸榜,当日转弱；收盘承接偏弱；近5日趋势未确认；热度可能进入后段；弱市先收缩执行；弱市里的长连榜样本优先降权；市场健康度不足，收缩推送；市场健康度偏弱；v3尾盘版回避高位长连榜,v3
2026-05-12,300390,天华新能,90,不推送,0.0,46,47.4,44.23,49.57,-14.73,49.57,35.33,28.34,-8.19,-12.93,33.27,49.57,49.57,49.57,温和放量,当日转弱；收盘承接偏弱；近5日趋势未确认；仍在20日线下方；人气排名明显回落；强势市里个股相对走弱,v3
2026-05-07,002185,华天科技,100,不推送,58.6,49,-1.72,-1.44,-0.65,49.43,49.43,3.52,2.3,5.34,4.09,8.98,6.18,6.75,20.4,收在日内高位；温和放量；近5日趋势升温；站上20日线且不过热；连续上榜确认；市场强势且个股相对强势,人气排名明显回落,v3
2026-04-16,300433,蓝思科技,18,不推送,0.0,61,-0.7,1.37,3.35,49.38,49.38,4.68,3.74,5.42,4.48,0.2,8.46,8.46,8.46,人气Top20,当日转弱；收盘承接偏弱；近5日趋势未确认；仍在20日线下方；v3尾盘版回避放量过猛,v3
2026-04-15,603629,利通电子,18,强推观察,114.0,62,0.0,8.98,10.01,14.7,49.28,21.98,23.02,21.98,23.02,49.28,25.04,25.28,49.28,人气Top20；当日涨停附近；收在日内高位；温和放量；近5日趋势升温；连续上榜确认；人气排名明显上升；v2强势延续修正；v2连榜升温修正；v2低分涨停修正,偏离20日线较大,v3
2026-04-14,603629,利通电子,33,强推观察,144.0,63,2.0,10.01,10.01,26.18,49.28,31.88,26.57,29.29,24.08,49.28,31.88,37.55,49.28,人气Top50；当日涨停附近；收在日内高位；温和放量；近5日趋势升温；站上20日线且不过热；连续上榜确认；人气排名明显上升；v2强势延续修正；v2连榜升温修正；v2低分涨停修正；v3尾盘涨停延续；v3尾盘缩量强承接；v3热点早段优先,-,v3
2026-07-07,600667,太极实业,7,不推送,0.0,7,41.64,27.5,44.74,0.0,49.23,34.86,20.82,-4.79,-14.7,,49.23,49.23,,人气Top10；持续霸榜,当日转弱；收盘承接偏弱；近5日趋势未确认；仍在20日线下方；热度可能进入后段；弱市先收缩执行；弱市里的长连榜样本优先降权；市场健康度不足，收缩推送；市场健康度偏弱；v3尾盘版回避高位长连榜,v3
2026-07-08,600667,太极实业,7,不推送,0.0,6,33.21,40.26,40.26,0.0,49.23,21.36,11.11,-8.9,-16.59,,49.23,49.23,,人气Top10；持续霸榜,当日转弱；收盘承接偏弱；近5日趋势未确认；仍在20日线下方；热度可能进入后段；弱市先收缩执行；弱市里的长连榜样本优先降权；市场健康度不足，收缩推送；市场健康度偏弱；v3尾盘版回避高位长连榜,v3
2026-06-16,001309,德明利,89,不推送,26.6,21,-2.25,8.05,9.63,-9.23,49.21,12.22,23.33,14.81,26.17,36.0,12.67,24.38,49.21,温和放量；站上20日线且不过热；市场强势且个股相对强势,-,v3
2026-04-23,603629,利通电子,31,不推送,46.0,56,-4.12,-6.06,-0.33,-13.39,49.02,2.46,23.98,6.87,29.31,34.8,2.46,23.99,49.02,人气Top50；当日强涨；收盘承接较强；温和放量；近5日趋势升温；持续霸榜；人气排名明显上升,远离20日线过多；热度可能进入后段；v3尾盘版回避高位长连榜；v3尾盘半板但封单不强,v3
2026-06-11,603738,泰晶科技,81,不推送,11.08,24,7.3,11.04,11.04,-18.81,48.95,19.14,26.61,11.03,17.99,38.1,25.77,32.82,48.95,当日上涨；温和放量,弱市先收缩执行；后段人气股在偏弱环境里更谨慎,v3
2026-06-11,000021,深科技,26,不推送,24.8,24,4.42,-4.18,4.75,11.96,48.88,5.32,13.77,0.87,8.96,38.23,6.79,19.3,48.88,人气Top50；温和放量；站上20日线且不过热；连续上榜确认,近5日趋势未确认；弱市先收缩执行,v3
2026-04-22,002081,金螳螂,17,不推送,46.0,57,9.92,9.92,9.92,-23.28,48.79,-12.96,5.87,-20.81,-3.68,44.13,10.53,10.53,48.79,人气Top20；当日涨停附近；收在日内高位；连续上榜确认,短线涨幅过热；偏离20日线较大；一字或近似一字，参与点差,v3
2026-06-18,300223,北京君正,70,不推送,53.6,19,1.16,2.62,2.86,-7.04,48.78,5.31,24.17,4.11,22.74,38.2,8.34,28.85,48.78,当日强涨；收盘承接较强；温和放量；近5日强势延续；站上20日线且不过热；市场强势且个股相对强势,短线涨幅偏高；人气排名明显回落,v3
2026-06-22,600105,永鼎股份,86,不推送,0.0,18,28.09,25.66,34.04,-10.46,48.74,46.71,26.89,14.54,-0.94,0.64,48.74,48.74,48.74,温和放量；持续霸榜,当日转弱；收盘承接偏弱；近5日趋势未确认；仍在20日线下方；热度可能进入后段；强势市里个股相对走弱；v3尾盘版回避高位长连榜,v3
2026-06-09,600498,烽火通信,62,不推送,68.6,26,-1.63,-5.54,-0.44,-25.25,48.62,7.08,25.55,8.86,27.63,39.59,13.35,26.33,48.62,当日强涨；收盘承接较强；温和放量；近5日趋势升温；站上20日线且不过热；连续上榜确认；市场强势且个股相对强势,人气排名明显回落,v3
2026-06-26,600498,烽火通信,42,不推送,0.0,14,46.35,40.62,48.59,-14.03,48.59,35.31,20.77,-7.54,-17.48,11.12,48.59,48.59,48.59,人气Top50；持续霸榜；人气排名明显上升,当日转弱；收盘承接偏弱；近5日趋势未确认；仍在20日线下方；热度可能进入后段；弱市先收缩执行；弱市里的长连榜样本优先降权；市场健康度不足，收缩推送；市场健康度偏弱；v3尾盘版回避高位长连榜,v3
2026-04-13,600176,中国巨石,11,强推观察,116.0,64,2.99,1.12,3.71,48.58,48.58,2.18,-1.84,-0.79,-4.69,3.55,4.89,6.85,9.06,人气Top20；当日涨停附近；收在日内高位；温和放量；近5日趋势升温；站上20日线且不过热；首次上榜即强势；v2强势延续修正；v2低分涨停修正；v3热点早段优先,-,v3
2026-04-23,002491,通鼎互联,94,不推送,10.0,56,-2.91,-7.01,-0.18,12.89,48.54,-1.6,-6.12,1.35,-3.3,48.54,3.15,3.15,48.54,温和放量；近5日趋势升温；站上20日线且不过热；持续霸榜,当日转弱；收盘承接偏弱；热度可能进入后段；v3尾盘版回避高位长连榜,v3
2026-06-15,600396,华电辽能,19,不推送,14.6,22,37.9,43.46,46.56,-6.81,48.49,26.68,21.11,-8.13,-12.17,15.7,48.49,48.49,48.49,人气Top20；当日上涨；持续霸榜；市场强势且个股相对强势,近5日趋势未确认；仍在20日线下方；热度可能进入后段；v3尾盘版回避高位长连榜,v3
2026-06-05,000636,风华高科,20,不推送,0.0,28,14.59,8.28,17.02,1.0,48.47,16.64,15.3,1.79,0.61,42.37,24.81,29.71,48.47,人气Top20；站上20日线且不过热；持续霸榜,当日转弱；收盘承接偏弱；量能不足；近5日趋势未确认；热度可能进入后段；弱市先收缩执行；弱市里的长连榜样本优先降权；市场健康度不足，收缩推送；市场健康度偏弱；v3尾盘版回避高位长连榜,v3
2026-06-22,600206,有研新材,16,观察池,71.6,18,4.81,3.4,8.36,-6.35,48.42,20.1,41.72,14.59,35.22,8.83,21.69,41.77,48.42,人气Top20；当日涨停附近；收在日内高位；近5日强势延续；持续霸榜；市场强势且个股相对强势；v3尾盘涨停延续,短线涨幅偏高；偏离20日线较大；热度可能进入后段；v3尾盘版回避高位长连榜；涨停封板不可买,v3
2026-06-02,603618,杭电股份,48,不推送,0.0,31,38.62,38.06,42.63,-5.49,48.41,31.62,30.17,-5.05,-6.1,48.41,46.54,46.54,48.41,人气Top50；连续上榜确认,当日转弱；收盘承接偏弱；近5日趋势未确认；仍在20日线下方；强势市里个股相对走弱；市场健康度不足，收缩推送,v3
2026-06-09,601869,长飞光纤,74,不推送,0.0,26,20.37,13.05,23.61,0.32,48.34,9.01,15.9,-9.44,-3.71,44.84,23.61,23.61,48.34,站上20日线且不过热；持续霸榜,当日转弱；近5日趋势未确认；热度可能进入后段；人气排名明显回落；强势市里个股相对走弱；市场健康度不足，收缩推送；v3尾盘版回避高位长连榜,v3
2026-04-27,002156,通富微电,24,不推送,60.0,54,-0.84,-2.01,1.6,48.34,48.34,0.96,15.23,1.81,16.21,11.95,3.14,18.59,21.39,人气Top50；当日上涨；温和放量；近5日趋势升温；站上20日线且不过热；人气排名明显上升；v3热点早段优先,-,v3
2026-06-15,000725,京东方A,2,不推送,44.6,22,-0.51,2.37,4.58,2.54,48.31,11.02,14.75,11.58,15.33,47.12,17.46,21.69,48.31,人气Top3；当日上涨；站上20日线且不过热；持续霸榜；市场强势且个股相对强势,近5日趋势未确认；热度可能进入后段；v3尾盘版回避高位长连榜,v3
2026-06-18,002407,多氟多,40,不推送,16.55,19,0.62,10.03,10.03,-17.67,48.31,14.13,7.07,13.43,6.41,27.26,15.94,18.55,48.31,人气Top50；收盘承接较强；站上20日线且不过热；持续霸榜,热度可能进入后段；人气排名明显回落；强势市里个股相对走弱；v3尾盘版回避高位长连榜,v3
2026-06-15,000823,超声电子,83,观察池,78.6,22,-1.1,0.05,2.89,-23.94,48.18,7.52,6.42,8.71,7.6,27.68,11.95,24.44,48.18,当日涨停附近；收在日内高位；近5日趋势升温；站上20日线且不过热；市场强势且个股相对强势；v2低分涨停修正；v3尾盘缩量强承接,涨停封板不可买,v3
2026-05-19,600863,华能蒙电,96,观察池,75.45,41,5.17,-0.74,9.96,-14.76,48.15,-0.55,12.55,-5.44,7.02,36.16,9.96,16.24,48.15,当日涨停附近；收在日内高位；温和放量；近5日趋势升温；站上20日线且不过热；震荡市里保持相对强势；震荡市里承接未失控,后段人气股在偏弱环境里更谨慎；涨停封板不可买,v3
2026-06-12,002185,华天科技,47,不推送,0.0,23,1.68,6.33,6.39,29.11,48.11,18.25,26.88,16.3,24.79,36.06,19.12,27.19,48.11,人气Top50；温和放量；持续霸榜,当日转弱；收盘承接偏弱；近5日趋势未确认；仍在20日线下方；热度可能进入后段；震荡市里相对走弱；市场健康度不足，收缩推送；v3尾盘版回避高位长连榜,v3
2026-06-12,600549,厦门钨业,39,不推送,37.45,23,1.07,8.99,8.99,-14.88,48.09,23.61,44.5,22.3,42.97,28.23,26.74,44.5,48.09,人气Top50；温和放量；近5日趋势升温；站上20日线且不过热；连续上榜确认；震荡市里保持相对强势；v3热点早段优先,当日转弱；收盘承接偏弱,v3
2026-06-15,600584,长电科技,5,普通观察,84.6,22,1.41,3.94,5.9,12.57,47.9,12.19,16.46,10.63,14.85,40.08,15.6,24.4,47.9,人气Top10；当日强涨；收在日内高位；温和放量；近5日趋势升温；持续霸榜；市场强势且个股相对强势,热度可能进入后段；v3尾盘版回避高位长连榜,v3
2026-06-09,600667,太极实业,43,不推送,26.6,26,-3.67,2.19,6.83,20.68,47.87,5.41,15.53,9.43,19.93,47.87,21.13,21.13,47.87,人气Top50；当日上涨；站上20日线且不过热；持续霸榜；市场强势且个股相对强势,热度可能进入后段；v3尾盘版回避高位长连榜,v3
2026-05-26,600487,亨通光电,27,不推送,0.0,36,-3.49,-3.42,0.69,-8.46,47.87,8.48,16.95,12.4,21.18,47.87,9.06,16.95,47.87,人气Top50；温和放量；持续霸榜,当日转弱；收盘承接偏弱；近5日趋势未确认；热度可能进入后段；震荡市里相对走弱；v3尾盘版回避高位长连榜,v3
2026-05-21,002747,埃斯顿,35,观察池,102.3,39,-1.22,1.29,2.2,47.84,47.84,4.63,-1.32,5.93,-0.11,2.75,6.27,6.27,7.21,人气Top50；当日涨停附近；收在日内高位；放量仍可控；近5日趋势升温；站上20日线且不过热；人气排名明显上升；弱市中个股相对抗跌；v2强势延续修正；v2低分涨停修正；v3热点早段优先,涨停封板不可买,v3
2026-05-11,600111,北方稀土,33,不推送,0.0,47,47.64,38.79,47.76,-0.66,47.76,35.8,31.79,-8.01,-10.73,30.28,47.76,47.76,47.76,人气Top50；连续上榜确认；人气排名明显上升,当日转弱；收盘承接偏弱；量能不足；近5日趋势未确认；仍在20日线下方；强势市里个股相对走弱,v3
2026-04-22,603773,沃格光电,46,重点观察,81.0,57,-4.44,-6.0,2.55,47.61,47.61,-0.36,8.36,4.28,13.4,24.35,2.55,8.36,24.35,人气Top50；当日涨停附近；收在日内高位；温和放量；近5日强势延续；v2低分涨停修正；v3尾盘涨停延续；v3尾盘缩量强承接,短线涨幅偏高；远离20日线过多,v3
2026-07-07,001309,德明利,32,不推送,0.0,7,45.32,38.39,45.97,0.0,47.44,34.19,23.46,-7.66,-15.04,,47.44,47.44,,人气Top50；收在日内高位；连续上榜确认,当日转弱；量能不足；近5日趋势未确认；仍在20日线下方；弱市先收缩执行；市场健康度不足，收缩推送；市场健康度偏弱,v3
2026-06-08,002436,兴森科技,96,不推送,0.0,27,1.82,2.25,2.79,1.42,47.41,-1.5,7.45,-3.26,5.53,29.99,7.1,7.56,47.41,站上20日线且不过热；持续霸榜,当日转弱；近5日趋势未确认；热度可能进入后段；弱市先收缩执行；后段人气股在偏弱环境里更谨慎；弱市里的长连榜样本优先降权；v3尾盘版回避高位长连榜,v3
2026-05-12,603538,美诺华,24,不推送,44.6,46,39.67,44.44,47.41,-1.08,47.41,31.03,30.98,-6.19,-6.22,8.95,47.41,47.41,47.41,人气Top50；当日强涨；收在日内高位；温和放量；持续霸榜；市场强势且个股相对强势,近5日趋势未确认；仍在20日线下方；热度可能进入后段；v3尾盘版回避高位长连榜,v3
2026-05-11,603538,美诺华,11,不推送,62.6,47,44.49,39.31,45.73,-1.08,47.41,35.75,29.3,-6.05,-10.51,18.65,47.41,47.41,47.41,人气Top20；当日强涨；收在日内高位；温和放量；连续上榜确认；市场强势且个股相对强势,近5日趋势未确认；仍在20日线下方,v3
2026-04-13,603002,宏昌电子,75,不推送,52.0,64,1.11,10.01,10.01,47.39,47.39,10.27,13.6,9.05,12.35,29.6,20.96,20.96,31.05,当日上涨；收盘承接较强；温和放量；近5日趋势升温；站上20日线且不过热,-,v3
2026-06-17,300136,信维通信,51,不推送,0.0,20,16.69,22.32,26.14,-10.01,47.36,8.7,32.89,-6.85,13.88,14.99,26.14,33.83,47.36,温和放量；连续上榜确认；人气排名明显上升,当日转弱；收盘承接偏弱；近5日趋势未确认；仍在20日线下方；强势市里个股相对走弱,v3
2026-04-17,300433,蓝思科技,32,不推送,14.0,60,3.42,4.66,7.0,47.36,47.36,4.85,-0.12,1.38,-3.42,2.42,7.0,7.0,7.0,人气Top50；温和放量；连续上榜确认,近5日趋势未确认；仍在20日线下方；v3尾盘承接一般,v3
2026-06-12,300136,信维通信,76,不推送,0.0,23,7.01,11.22,12.69,-10.01,47.36,20.17,13.07,12.3,5.66,32.91,28.53,28.53,47.36,温和放量,当日转弱；收盘承接偏弱；近5日趋势未确认；仍在20日线下方；震荡市里相对走弱；后段人气股在偏弱环境里更谨慎；市场健康度不足，收缩推送,v3
2026-04-15,002463,沪电股份,43,不推送,24.0,62,-1.11,1.21,2.35,47.36,47.36,5.09,10.77,6.27,12.01,9.38,8.67,11.55,17.22,人气Top50；温和放量；近5日趋势升温；站上20日线且不过热；连续上榜确认,当日转弱；收盘承接偏弱；人气排名明显回落,v3
2026-05-07,603986,兆易创新,71,不推送,42.6,49,-2.62,-4.6,-1.96,47.28,47.28,0.97,1.73,3.69,4.46,23.39,4.97,6.68,32.82,温和放量；近5日趋势升温；站上20日线且不过热；连续上榜确认；市场强势且个股相对强势,人气排名明显回落,v3
2026-06-11,000657,中钨高新,24,不推送,40.8,24,3.65,1.95,8.84,-12.96,47.24,19.43,27.17,15.22,22.69,28.5,21.55,27.17,47.24,人气Top50；当日上涨；温和放量；站上20日线且不过热；连续上榜确认；人气排名明显上升,弱市先收缩执行,v3
2026-04-15,600172,黄河旋风,77,不推送,0.0,62,-1.6,0.23,1.14,47.2,47.2,2.4,-3.31,4.07,-1.74,-4.91,4.69,4.69,5.14,温和放量；站上20日线且不过热,当日转弱；收盘承接偏弱,v3
2026-06-16,002297,博云新材,67,不推送,58.6,21,-2.42,5.7,7.42,-17.84,47.19,27.92,38.01,31.09,41.43,15.46,27.92,40.75,47.19,当日上涨；温和放量；近5日趋势升温；站上20日线且不过热；连续上榜确认；人气排名明显上升；市场强势且个股相对强势,-,v3
2026-05-13,603538,美诺华,92,不推送,32.6,45,41.94,35.75,47.02,-1.08,47.02,29.3,36.76,-8.9,-3.65,19.83,47.02,47.02,47.02,当日强涨；收在日内高位；温和放量；持续霸榜；市场强势且个股相对强势,近5日趋势未确认；仍在20日线下方；热度可能进入后段；人气排名明显回落；v3尾盘版回避高位长连榜,v3
2026-04-17,002297,博云新材,7,不推送,48.0,60,5.88,10.01,10.01,13.28,46.98,14.7,26.06,8.33,19.06,35.73,18.2,26.91,46.98,人气Top10；当日涨停附近；收在日内高位；连续上榜确认；人气排名明显上升,短线涨幅过热；远离20日线过多；v3尾盘版回避放量过猛,v3
2026-05-20,301139,*ST元道,26,不推送,8.65,40,2.27,37.6,42.98,-37.4,46.9,4.55,3.51,2.22,1.21,30.79,42.98,42.98,46.9,人气Top50；收在日内高位；放量仍可控；连续上榜确认；人气排名明显上升,当日转弱；近5日趋势未确认；仍在20日线下方；震荡市里相对走弱；市场健康度不足，收缩推送,v3
2026-05-20,002812,恩捷股份,29,不推送,0.0,40,46.88,39.04,46.88,-6.43,46.88,26.5,31.32,-13.87,-10.6,20.96,46.88,46.88,46.88,人气Top50；温和放量,当日转弱；收盘承接偏弱；近5日趋势未确认；仍在20日线下方；震荡市里相对走弱；市场健康度不足，收缩推送,v3
2026-06-17,002354,天娱数科,93,不推送,0.0,20,1.56,9.8,9.8,13.07,46.88,15.2,14.06,13.43,12.31,46.88,22.73,26.7,46.88,持续霸榜,当日转弱；收盘承接偏弱；近5日趋势未确认；热度可能进入后段；人气排名明显回落；强势市里个股相对走弱；v3尾盘版回避高位长连榜,v3
2026-06-10,600703,三安光电,21,不推送,0.0,25,-3.59,-2.05,0.06,-12.77,46.85,-1.73,10.14,1.93,14.25,39.09,0.06,11.87,46.85,人气Top50；温和放量；持续霸榜；人气排名明显上升,当日转弱；收盘承接偏弱；热度可能进入后段；弱市先收缩执行；弱市里的长连榜样本优先降权；v3尾盘版回避高位长连榜,v3
2026-04-17,002980,华盛昌,44,普通观察,75.0,60,2.82,6.67,8.81,46.84,46.84,11.08,12.54,8.03,9.46,3.69,15.18,15.18,19.26,人气Top50；当日涨停附近；收在日内高位；温和放量；近5日强势延续；v3尾盘涨停延续；v3尾盘缩量强承接,短线涨幅偏高；远离20日线过多,v3
2026-07-06,001248,华润新能源,14,不推送,0.0,8,33.74,42.28,46.81,-0.31,46.81,13.6,0.38,-15.06,-24.94,,46.81,46.81,,人气Top20；连续上榜确认,当日转弱；收盘承接偏弱；量能不足；仍在20日线下方；震荡市里相对走弱；市场健康度不足，收缩推送；市场健康度偏弱,v3
2026-05-20,600396,华电辽能,19,不推送,0.0,40,-0.28,-2.13,5.02,-17.13,46.77,10.18,27.72,10.48,28.07,46.77,10.18,27.72,46.77,人气Top20；站上20日线且不过热；持续霸榜,当日转弱；收盘承接偏弱；近5日趋势未确认；热度可能进入后段；震荡市里相对走弱；市场健康度不足，收缩推送；v3尾盘版回避高位长连榜,v3
2026-06-11,002409,雅克科技,27,普通观察,86.3,24,5.27,-0.01,8.65,17.29,46.77,3.58,12.9,-1.61,7.25,41.8,8.65,13.98,46.77,人气Top50；当日强涨；收盘承接较强；放量仍可控；近5日趋势升温；站上20日线且不过热；连续上榜确认；弱市中个股相对抗跌；v2连榜升温修正；v3热点早段优先,-,v3
2026-06-18,000021,深科技,52,不推送,40.6,19,0.55,3.48,4.19,-3.92,46.75,11.44,18.62,10.82,17.97,23.94,11.44,27.75,46.75,当日上涨；温和放量；近5日趋势升温；站上20日线且不过热；持续霸榜；市场强势且个股相对强势,热度可能进入后段；人气排名明显回落；v3尾盘版回避高位长连榜,v3
2026-06-16,600460,士兰微,38,观察池,126.6,21,-2.75,4.93,5.76,-6.91,46.75,15.14,28.53,18.39,32.16,36.6,18.25,30.56,46.75,人气Top50；当日涨停附近；收在日内高位；温和放量；近5日趋势升温；站上20日线且不过热；连续上榜确认；人气排名明显上升；市场强势且个股相对强势；v2强势延续修正；v2连榜升温修正；v2低分涨停修正；v3热点早段优先,涨停封板不可买,v3
2026-04-30,002156,通富微电,57,不推送,46.0,51,9.85,9.85,9.85,46.71,46.71,10.26,14.74,0.37,4.45,13.54,17.29,20.05,20.05,当日上涨；温和放量；近5日趋势升温；站上20日线且不过热；连续上榜确认,v3尾盘承接一般,v3
2026-05-06,002156,通富微电,12,普通观察,72.0,51,9.85,9.85,9.85,46.71,46.71,10.26,14.74,0.37,4.45,13.54,17.29,20.05,20.05,人气Top20；当日上涨；温和放量；近5日趋势升温；站上20日线且不过热；连续上榜确认；人气排名明显上升；v3热点早段优先,v3尾盘承接一般,v3
2026-06-05,600498,烽火通信,18,不推送,52.8,28,-5.0,-3.58,2.76,-22.01,46.65,-1.45,11.72,3.73,17.59,46.15,5.19,18.26,46.65,人气Top20；当日上涨；放量仍可控；近5日趋势升温；站上20日线且不过热；人气排名明显上升；v3热点早段优先,弱市先收缩执行,v3
2026-06-29,001399,惠科股份,8,不推送,0.0,13,-1.3,7.67,9.93,-27.24,46.64,32.04,7.5,33.77,8.91,-6.01,46.64,46.64,46.64,人气Top10；连续上榜确认,当日转弱；收盘承接偏弱；仍在20日线下方；震荡市里相对走弱；市场健康度不足，收缩推送,v3
2026-06-12,000725,京东方A,9,不推送,0.0,23,1.07,4.27,5.87,7.65,46.62,18.33,23.31,17.08,22.01,41.46,18.33,27.76,46.62,人气Top10；站上20日线且不过热；持续霸榜,当日转弱；收盘承接偏弱；近5日趋势未确认；热度可能进入后段；震荡市里相对走弱；市场健康度不足，收缩推送；v3尾盘版回避高位长连榜,v3
2026-06-05,603045,福达合金,98,观察池,5.08,28,26.67,44.59,46.62,0.58,46.62,28.95,17.25,1.8,-7.43,34.6,46.62,46.62,46.62,当日涨停附近；收在日内高位,量能不足；仍在20日线下方；一字或近似一字，参与点差；弱市先收缩执行；后段人气股在偏弱环境里更谨慎；一字板不可买,v3
2026-05-22,603618,杭电股份,100,不推送,0.0,38,27.9,19.75,27.9,-5.49,46.54,12.97,34.77,-11.67,5.38,31.62,27.9,34.77,46.54,-,当日转弱；收盘承接偏弱；近5日趋势未确认；仍在20日线下方；人气排名明显回落；强势市里个股相对走弱；市场健康度不足，收缩推送,v3
2026-06-01,603618,杭电股份,41,不推送,0.0,32,15.18,33.29,33.42,-5.49,46.54,37.52,24.01,19.4,7.67,34.9,42.63,46.54,46.54,人气Top50；连续上榜确认,当日转弱；收盘承接偏弱；近5日趋势未确认；仍在20日线下方；弱市先收缩执行；市场健康度不足，收缩推送；市场健康度偏弱,v3
2026-06-15,002579,中京电子,54,不推送,0.0,22,2.88,5.13,5.95,-14.28,46.52,27.24,24.61,23.68,21.12,35.75,27.24,37.76,46.52,-,当日转弱；收盘承接偏弱；近5日趋势未确认；强势市里个股相对走弱,v3
2026-06-22,002579,中京电子,41,不推送,0.0,18,29.05,24.61,31.87,-14.28,46.52,33.38,28.37,3.35,-0.53,12.15,33.38,46.52,46.52,人气Top50；近5日趋势升温；持续霸榜,当日转弱；收盘承接偏弱；仍在20日线下方；热度可能进入后段；强势市里个股相对走弱；v3尾盘版回避高位长连榜,v3
2026-06-11,600498,烽火通信,17,不推送,52.5,24,4.49,5.54,11.72,-26.32,46.48,23.74,25.94,18.43,20.53,27.46,24.51,33.29,46.48,人气Top20；当日强涨；温和放量；近5日趋势升温；站上20日线且不过热；持续霸榜；人气排名明显上升,热度可能进入后段；弱市先收缩执行；弱市里的长连榜样本优先降权；v3尾盘版回避高位长连榜；v3尾盘半板但封单不强,v3
2026-04-14,002580,圣阳股份,2,强推观察,93.0,63,6.57,10.01,10.01,-28.12,46.45,33.13,29.3,24.92,21.32,28.43,33.13,46.45,46.45,人气Top3；当日涨停附近；收在日内高位；温和放量；近5日强势延续；连续上榜确认,短线涨幅偏高；偏离20日线较大,v3
2026-06-09,001696,宗申动力,14,观察池,100.6,26,1.48,7.41,8.89,-4.39,46.44,30.14,35.04,28.24,33.07,33.33,30.14,36.18,46.44,人气Top20；当日涨停附近；收在日内高位；近5日趋势升温；站上20日线且不过热；首次上榜即强势；市场强势且个股相对强势；v2强势延续修正；v2低分涨停修正；v3热点早段优先,v3尾盘版回避放量过猛；涨停封板不可买,v3
2026-04-29,603738,泰晶科技,45,强推观察,112.0,52,1.21,-3.77,2.46,-5.07,46.26,7.33,29.86,6.05,28.31,35.51,7.33,29.86,46.26,人气Top50；当日涨停附近；收在日内高位；温和放量；近5日趋势升温；人气排名明显上升；v2强势延续修正；v2低分涨停修正；v3尾盘涨停延续；v3尾盘缩量强承接,偏离20日线较大,v3
2026-04-28,002384,东山精密,60,不推送,0.0,53,-1.79,0.19,2.84,46.17,46.17,4.34,14.95,6.24,17.04,10.58,8.25,16.14,25.07,近5日趋势升温；站上20日线且不过热；持续霸榜,当日转弱；收盘承接偏弱；热度可能进入后段；v3尾盘版回避高位长连榜,v3
2026-05-07,002491,通鼎互联,38,观察池,68.6,49,6.71,10.01,10.01,1.17,46.17,33.12,31.26,24.75,23.0,15.76,33.12,46.17,46.17,人气Top50；当日涨停附近；收在日内高位；近5日趋势升温；站上20日线且不过热；市场强势且个股相对强势；v3热点早段优先,量能不足；涨停封板不可买,v3
2026-05-22,600172,黄河旋风,49,观察池,72.6,38,4.64,10.01,10.01,17.2,46.13,20.75,28.12,15.39,22.43,22.2,24.57,46.13,46.13,人气Top50；当日涨停附近；收在日内高位；站上20日线且不过热；人气排名明显上升；市场强势且个股相对强势；v3尾盘涨停延续；v3尾盘缩量强承接,量能不足；近5日趋势未确认；涨停封板不可买,v3
2026-04-10,600103,青山纸业,21,重点观察,80.0,65,9.72,2.05,9.72,-28.9,46.04,1.79,9.72,-7.23,0.0,23.79,9.72,14.07,46.04,人气Top50；当日涨停附近；收在日内高位；温和放量；近5日趋势升温；站上20日线且不过热；v3热点早段优先,一字或近似一字，参与点差,v3
2026-04-24,600726,华电能源,17,强推观察,117.0,55,-2.76,10.0,10.0,-4.31,46.03,22.41,19.31,25.89,22.7,46.03,31.55,31.55,46.03,人气Top20；当日涨停附近；收在日内高位；放量仍可控；近5日强势延续；站上20日线且不过热；连续上榜确认；人气排名明显上升；v2强势延续修正；v2连榜升温修正；v2低分涨停修正；v3热点早段优先,短线涨幅偏高,v3
2026-06-03,600176,中国巨石,93,不推送,0.0,30,-0.19,2.67,4.76,27.6,46.03,-4.89,5.3,-4.72,5.49,46.03,5.35,8.91,46.03,温和放量；持续霸榜,当日转弱；收盘承接偏弱；近5日趋势未确认；热度可能进入后段；震荡市里相对走弱；后段人气股在偏弱环境里更谨慎；v3尾盘版回避高位长连榜,v3
2026-05-19,600183,生益科技,99,不推送,55.45,41,-2.08,-1.04,0.75,45.81,45.92,6.35,26.35,8.61,29.03,39.14,6.35,26.35,45.92,收盘承接较强；温和放量；近5日趋势升温；站上20日线且不过热；连续上榜确认；震荡市里保持相对强势；震荡市里承接未失控,后段人气股在偏弱环境里更谨慎,v3
2026-04-29,002384,东山精密,98,不推送,12.0,52,3.0,1.35,4.18,45.89,45.89,14.56,18.48,11.22,15.03,14.65,14.56,20.81,24.83,温和放量；站上20日线且不过热；持续霸榜,近5日趋势未确认；热度可能进入后段；人气排名明显回落；v3尾盘版回避高位长连榜,v3
2026-05-26,300476,胜宏科技,59,不推送,0.0,36,39.81,37.42,45.86,-1.84,45.86,33.52,26.47,-4.5,-9.54,24.11,45.86,45.86,45.86,温和放量；连续上榜确认,当日转弱；收盘承接偏弱；近5日趋势未确认；仍在20日线下方；震荡市里相对走弱；后段人气股在偏弱环境里更谨慎,v3
2026-05-15,300476,胜宏科技,96,不推送,0.0,43,21.95,25.43,27.72,-1.84,45.86,21.08,36.05,-0.71,11.56,33.52,27.72,36.05,45.86,连续上榜确认,当日转弱；收盘承接偏弱；近5日趋势未确认；仍在20日线下方；人气排名明显回落；震荡市里相对走弱；后段人气股在偏弱环境里更谨慎；市场健康度不足，收缩推送,v3
2026-05-22,300476,胜宏科技,20,不推送,0.0,38,41.3,38.94,41.67,-1.84,45.86,37.42,33.52,-2.74,-5.51,22.79,45.86,45.86,45.86,人气Top20；温和放量；人气排名明显上升,当日转弱；收盘承接偏弱；近5日趋势未确认；仍在20日线下方；强势市里个股相对走弱；市场健康度不足，收缩推送,v3
2026-05-18,300476,胜宏科技,61,不推送,0.0,42,23.91,22.09,24.27,-1.84,45.86,20.07,38.94,-3.1,12.13,24.04,26.6,41.67,45.86,连续上榜确认；人气排名明显上升,当日转弱；收盘承接偏弱；近5日趋势未确认；仍在20日线下方；震荡市里相对走弱；后段人气股在偏弱环境里更谨慎；市场健康度不足，收缩推送,v3
2026-05-19,300285,国瓷材料,60,观察池,69.45,41,-1.15,-2.95,0.0,45.85,45.85,11.29,14.17,12.59,15.5,34.68,12.63,22.07,37.51,当日涨停附近；收盘承接较强；温和放量；近5日趋势升温；站上20日线且不过热；震荡市里保持相对强势；震荡市里承接未失控,后段人气股在偏弱环境里更谨慎；涨停封板不可买,v3
2026-05-27,000636,风华高科,16,不推送,68.17,35,0.86,10.0,10.0,16.92,45.84,24.27,36.68,23.21,35.52,35.03,31.52,39.24,45.84,人气Top20；当日上涨；收盘承接较强；温和放量；近5日强势延续；连续上榜确认；人气排名明显上升；震荡市里保持相对强势；震荡市里承接未失控,短线涨幅偏高；偏离20日线较大,v3
2026-05-08,600396,华电辽能,7,不推送,50.6,48,1.77,9.88,9.88,-3.21,45.78,33.01,40.0,30.7,37.57,16.95,33.01,45.78,45.78,人气Top10；当日上涨；温和放量；近5日趋势升温；连续上榜确认；市场强势且个股相对强势,收盘承接偏弱；偏离20日线较大；上影线偏长,v3
2026-06-25,603986,兆易创新,5,不推送,66.6,15,29.6,32.53,34.08,-11.43,45.72,40.27,19.59,8.23,-7.73,14.2,45.72,45.72,45.72,人气Top10；当日上涨；收盘承接较强；温和放量；站上20日线且不过热；持续霸榜；人气排名明显上升；市场强势且个股相对强势,近5日趋势未确认；热度可能进入后段；v3尾盘版回避高位长连榜,v3
2026-06-22,603986,兆易创新,22,不推送,62.6,18,17.04,10.32,18.55,-11.43,45.72,33.42,44.58,14.0,23.53,12.61,33.46,45.72,45.72,人气Top50；当日上涨；收盘承接较强；温和放量；近5日趋势升温；站上20日线且不过热；持续霸榜；市场强势且个股相对强势,热度可能进入后段；v3尾盘版回避高位长连榜,v3
2026-06-26,603986,兆易创新,20,不推送,50.0,14,34.08,44.58,45.72,-11.43,45.72,32.87,16.65,-0.9,-12.99,5.33,45.72,45.72,45.72,人气Top20；当日上涨；收盘承接较强；温和放量；站上20日线且不过热；持续霸榜；弱市中个股相对抗跌,近5日趋势未确认；热度可能进入后段；弱市里的长连榜样本优先降权；v3尾盘版回避高位长连榜,v3
2026-06-15,603986,兆易创新,45,不推送,66.6,22,-9.47,-8.3,-6.57,-11.43,45.72,8.26,10.32,19.58,21.86,40.27,10.95,18.71,45.72,人气Top50；当日上涨；收盘承接较强；温和放量；近5日趋势升温；站上20日线且不过热；持续霸榜；人气排名明显上升；市场强势且个股相对强势,热度可能进入后段；v3尾盘版回避高位长连榜,v3
2026-06-15,002361,神剑股份,60,不推送,0.0,22,41.19,40.23,45.64,-10.12,45.64,32.29,22.34,-6.3,-13.35,31.33,45.64,45.64,45.64,持续霸榜,当日转弱；收盘承接偏弱；量能不足；近5日趋势未确认；仍在20日线下方；热度可能进入后段；人气排名明显回落；强势市里个股相对走弱；v3尾盘版回避高位长连榜,v3
2026-04-22,603738,泰晶科技,54,不推送,31.0,57,1.35,4.17,5.72,6.42,45.58,9.6,12.11,8.14,10.61,45.58,21.06,21.06,45.58,收盘承接较强；温和放量；近5日强势延续；连续上榜确认,短线涨幅偏高；偏离20日线较大；人气排名明显回落,v3
2026-06-09,002436,兴森科技,100,不推送,0.0,26,1.09,-1.32,5.77,0.16,45.58,0.05,16.73,-1.02,15.48,32.95,5.77,16.73,45.58,站上20日线且不过热；持续霸榜,近5日趋势未确认；热度可能进入后段；强势市里个股相对走弱；市场健康度不足，收缩推送；v3尾盘版回避高位长连榜,v3
2026-04-13,603459,红板科技,2,普通观察,76.0,64,2.99,-1.02,4.0,45.57,45.57,9.34,0.14,6.17,-2.77,1.15,15.6,15.6,15.6,人气Top3；当日涨停附近；温和放量；站上20日线且不过热；连续上榜确认；人气排名明显上升,上影线偏长；v3尾盘承接一般,v3
2026-06-03,600367,红星发展,49,观察池,44.17,30,5.9,9.97,9.97,-18.87,45.55,23.67,37.83,16.78,30.15,33.66,26.38,38.3,45.55,人气Top50；当日涨停附近；收在日内高位；近5日强势延续；连续上榜确认；震荡市里保持相对强势；震荡市里承接未失控,量能不足；短线涨幅偏高；远离20日线过多；涨停封板不可买,v3
2026-06-09,603778,国晟科技,58,不推送,0.0,26,33.44,36.18,39.25,-34.58,45.53,21.76,7.08,-8.75,-19.76,-10.08,45.53,45.53,45.53,温和放量；连续上榜确认,当日转弱；收盘承接偏弱；近5日趋势未确认；仍在20日线下方；人气排名明显回落；强势市里个股相对走弱；市场健康度不足，收缩推送,v3
2026-05-29,001896,豫能控股,30,不推送,28.5,33,-0.73,6.84,9.02,-18.28,45.52,21.55,20.34,22.44,21.22,31.96,21.55,45.52,45.52,人气Top50；当日上涨；温和放量；站上20日线且不过热；持续霸榜；人气排名明显上升,热度可能进入后段；弱市先收缩执行；弱市里的长连榜样本优先降权；v3尾盘版回避高位长连榜,v3
2026-06-04,600226,亨通股份,100,观察池,57.45,29,2.53,3.43,6.56,0.89,45.45,10.73,11.77,7.99,9.01,45.45,10.73,21.61,45.45,当日涨停附近；收在日内高位；放量仍可控；站上20日线且不过热；震荡市里保持相对强势；震荡市里承接未失控,后段人气股在偏弱环境里更谨慎；涨停封板不可买,v3
2026-04-20,603459,红板科技,73,不推送,0.0,59,-2.24,-1.45,1.1,45.37,45.37,-6.12,1.0,-3.97,3.32,17.12,2.02,2.16,17.12,温和放量；站上20日线且不过热,当日转弱；收盘承接偏弱；人气排名明显回落,v3
2026-04-29,001309,德明利,35,不推送,54.0,52,-1.0,0.36,2.31,14.0,45.33,17.9,22.24,19.08,23.47,40.56,21.05,23.34,45.33,人气Top50；当日上涨；收在日内高位；温和放量；站上20日线且不过热；人气排名明显上升,近5日趋势未确认,v3
2026-04-24,300136,信维通信,64,不推送,16.0,55,-0.21,8.75,11.87,-2.77,45.29,5.12,19.53,5.34,19.78,39.79,11.87,23.43,45.29,温和放量；近5日趋势升温；站上20日线且不过热；连续上榜确认,当日转弱；收盘承接偏弱；人气排名明显回落,v3
2026-06-16,600172,黄河旋风,73,不推送,56.6,21,-0.39,2.7,4.56,-0.54,45.25,19.0,32.05,19.46,32.56,26.56,19.0,34.59,45.25,当日上涨；收盘承接较强；温和放量；站上20日线且不过热；连续上榜确认；人气排名明显上升；市场强势且个股相对强势,-,v3
2026-04-10,002361,神剑股份,48,不推送,8.0,65,-0.06,1.27,5.4,-37.54,45.24,12.43,13.71,12.5,13.77,30.14,12.43,23.65,45.24,人气Top50；温和放量；站上20日线且不过热,收盘承接偏弱；近5日趋势未确认；上影线偏长,v3
2026-06-01,600487,亨通光电,11,不推送,2.5,32,-1.74,9.5,9.5,-14.29,45.02,29.0,25.83,31.29,28.06,30.86,30.48,35.73,45.02,人气Top20；温和放量；站上20日线且不过热；持续霸榜,当日转弱；收盘承接偏弱；热度可能进入后段；弱市先收缩执行；弱市里的长连榜样本优先降权；v3尾盘版回避高位长连榜,v3
2026-06-12,002428,云南锗业,30,不推送,63.45,23,3.67,10.75,10.75,-8.99,45.01,8.32,20.56,4.48,16.3,35.32,18.57,20.56,45.01,人气Top50；当日上涨；温和放量；近5日趋势升温；站上20日线且不过热；连续上榜确认；震荡市里保持相对强势；v3热点早段优先,人气排名明显回落,v3
2026-06-23,600206,有研新材,14,不推送,7.5,17,-1.82,8.13,9.09,-8.52,44.98,26.93,39.13,29.28,41.7,16.94,28.74,44.98,44.98,人气Top20；温和放量；近5日强势延续；持续霸榜,收盘承接偏弱；短线涨幅偏高；偏离20日线较大；热度可能进入后段；弱市先收缩执行；弱市里的长连榜样本优先降权；v3尾盘版回避高位长连榜,v3
2026-04-21,603618,杭电股份,14,普通观察,68.0,58,1.81,10.02,10.02,15.41,44.97,17.76,11.98,15.67,9.99,44.97,27.67,27.67,44.97,人气Top20；收在日内高位；近5日趋势升温；站上20日线且不过热；v3尾盘缩量强承接；v3热点早段优先,-,v3
2026-05-22,600487,亨通光电,46,不推送,0.0,38,2.81,3.25,3.71,-8.46,44.96,-3.42,8.48,-6.06,5.52,35.3,3.71,9.06,44.96,人气Top50；温和放量；持续霸榜,当日转弱；收盘承接偏弱；热度可能进入后段；强势市里个股相对走弱；市场健康度不足，收缩推送；v3尾盘版回避高位长连榜,v3
2026-06-17,600707,彩虹股份,67,观察池,100.6,20,-3.08,-8.06,-2.13,-21.17,44.94,7.19,7.66,10.59,11.08,31.83,7.19,12.72,44.94,当日涨停附近；收在日内高位；温和放量；近5日趋势升温；站上20日线且不过热；连续上榜确认；市场强势且个股相对强势；v2低分涨停修正；v3尾盘缩量强承接,涨停封板不可买,v3
2026-06-10,603002,宏昌电子,43,观察池,90.3,25,0.49,-1.97,1.26,-5.59,44.93,5.04,27.12,4.53,26.5,36.71,5.04,27.12,44.93,人气Top50；当日涨停附近；收在日内高位；放量仍可控；近5日趋势升温；站上20日线且不过热；连续上榜确认；弱市中个股相对抗跌；v3热点早段优先,涨停封板不可买,v3
2026-05-25,600396,华电辽能,21,不推送,68.6,37,0.75,6.16,10.69,-24.21,44.91,21.13,16.35,20.22,15.48,21.38,27.11,30.82,44.91,人气Top50；当日强涨；收在日内高位；温和放量；站上20日线且不过热；持续霸榜；人气排名明显上升；市场强势且个股相对强势,热度可能进入后段；v3尾盘版回避高位长连榜,v3
2026-04-10,600330,天通股份,90,不推送,12.0,65,-0.74,3.26,5.79,12.42,44.89,4.21,14.37,4.98,15.22,36.26,12.32,14.37,44.89,温和放量；近5日趋势升温；站上20日线且不过热,当日转弱；收盘承接偏弱,v3
2026-04-16,002463,沪电股份,92,不推送,14.0,61,-1.29,2.92,4.75,44.83,44.83,5.21,12.42,6.59,13.89,8.12,6.8,15.21,15.21,近5日趋势升温；站上20日线且不过热；持续霸榜,热度可能进入后段；人气排名明显回落；v3尾盘版回避高位长连榜,v3
2026-04-30,001309,德明利,64,不推送,38.0,51,8.61,10.0,10.0,13.6,44.81,13.89,17.76,4.86,8.42,33.22,20.62,22.89,44.81,温和放量；近5日趋势升温；站上20日线且不过热；连续上榜确认,人气排名明显回落,v3
2026-05-06,001309,德明利,34,不推送,60.0,51,8.61,10.0,10.0,13.6,44.81,13.89,17.76,4.86,8.42,33.22,20.62,22.89,44.81,人气Top50；温和放量；近5日趋势升温；站上20日线且不过热；连续上榜确认；人气排名明显上升；v3热点早段优先,-,v3
2026-05-06,600589,大位科技,44,不推送,32.0,51,5.86,10.03,10.03,-27.51,44.79,24.23,25.62,17.35,18.67,29.89,24.23,33.86,44.79,人气Top50；当日上涨；收盘承接较强；温和放量；人气排名明显上升,近5日趋势未确认；仍在20日线下方,v3
2026-07-07,002407,多氟多,6,不推送,0.0,7,44.25,32.08,44.78,0.09,44.78,28.88,13.14,-10.65,-21.57,,44.78,44.78,,人气Top10；持续霸榜,当日转弱；收盘承接偏弱；量能不足；近5日趋势未确认；仍在20日线下方；热度可能进入后段；弱市先收缩执行；弱市里的长连榜样本优先降权；市场健康度不足，收缩推送；市场健康度偏弱；v3尾盘版回避高位长连榜,v3
2026-04-29,603399,永杉锂业,36,强推观察,103.0,52,9.98,9.98,9.98,-22.35,44.75,28.08,39.31,16.45,26.66,10.83,33.07,44.75,44.75,人气Top50；当日涨停附近；收在日内高位；温和放量；近5日强势延续；连续上榜确认；人气排名明显上升；v2低分涨停修正；v3尾盘涨停延续；v3尾盘缩量强承接,短线涨幅偏高；偏离20日线较大,v3
2026-05-11,002031,巨轮智能,94,观察池,80.6,47,18.42,18.42,22.37,-17.93,44.74,25.66,34.54,6.11,13.61,18.59,31.91,44.74,44.74,当日涨停附近；收在日内高位；温和放量；近5日趋势升温；站上20日线且不过热；连续上榜确认；市场强势且个股相对强势,人气排名明显回落；涨停封板不可买,v3
2026-05-14,002031,巨轮智能,7,观察池,78.3,44,20.56,38.16,38.16,-17.93,44.74,37.83,19.41,14.32,-0.95,8.06,44.74,44.74,44.74,人气Top10；当日涨停附近；收在日内高位；人气排名明显上升；弱市中个股相对抗跌；v3尾盘涨停延续；v3尾盘缩量强承接,量能不足；近5日趋势未确认；涨停封板不可买,v3
2026-05-15,002031,巨轮智能,7,观察池,63.17,43,36.84,34.54,44.74,-17.93,44.74,24.01,21.71,-9.38,-11.06,2.63,44.74,44.74,44.74,人气Top10；当日涨停附近；收在日内高位；连续上榜确认；震荡市里保持相对强势；震荡市里承接未失控,量能不足；近5日趋势未确认；涨停封板不可买,v3
2026-06-16,000725,京东方A,3,不推送,36.6,21,-1.48,9.2,9.2,-0.66,44.66,13.79,16.09,15.5,17.83,44.01,17.9,17.9,44.66,人气Top3；站上20日线且不过热；持续霸榜；市场强势且个股相对强势,近5日趋势未确认；热度可能进入后段；v3尾盘版回避高位长连榜,v3
2026-06-23,000021,深科技,18,不推送,18.5,17,-3.08,9.83,9.83,-5.31,44.64,16.91,40.42,20.63,44.88,18.13,25.91,41.47,44.64,人气Top20；温和放量；近5日趋势升温；站上20日线且不过热；持续霸榜；人气排名明显上升,当日转弱；收盘承接偏弱；热度可能进入后段；弱市先收缩执行；弱市里的长连榜样本优先降权；v3尾盘版回避高位长连榜,v3
2026-05-21,002185,华天科技,41,不推送,2.5,39,1.58,1.58,2.18,37.11,44.63,22.94,41.53,21.03,39.33,26.83,22.94,44.63,44.63,人气Top50；温和放量；近5日趋势升温；站上20日线且不过热；持续霸榜,当日转弱；收盘承接偏弱；热度可能进入后段；人气排名明显回落；弱市先收缩执行；弱市里的长连榜样本优先降权；v3尾盘版回避高位长连榜,v3
2026-04-16,600176,中国巨石,85,不推送,34.0,61,-1.64,0.94,3.97,44.58,44.58,-4.36,1.0,-2.77,2.68,3.97,3.97,3.97,9.3,当日上涨；温和放量；近5日趋势升温；站上20日线且不过热,人气排名明显回落；v3尾盘承接一般,v3
2026-04-23,002081,金螳螂,5,不推送,36.0,56,0.37,-9.94,0.55,-30.2,44.57,-12.71,6.26,-13.03,5.87,44.57,0.55,6.26,44.57,人气Top10；当日涨停附近；收在日内高位；连续上榜确认；人气排名明显上升,放量过猛；短线涨幅过热；远离20日线过多；v3尾盘版回避放量过猛,v3
2026-05-19,002185,华天科技,24,不推送,67.17,41,-0.33,4.48,10.41,37.02,44.53,1.52,22.86,1.85,23.27,20.62,10.41,22.86,44.53,人气Top50；当日上涨；收盘承接较强；温和放量；近5日趋势升温；站上20日线且不过热；持续霸榜；人气排名明显上升；震荡市里保持相对强势；震荡市里承接未失控,热度可能进入后段；v3尾盘版回避高位长连榜,v3
2026-04-29,002181,粤传媒,34,不推送,60.0,52,1.4,10.01,10.01,-43.1,44.5,24.88,27.15,23.16,25.39,18.21,31.89,31.89,44.5,人气Top50；当日上涨；温和放量；近5日趋势升温；站上20日线且不过热；人气排名明显上升；v3热点早段优先,-,v3
2026-06-17,603986,兆易创新,42,观察池,102.6,20,1.36,7.33,10.0,-12.19,44.47,9.38,32.28,7.91,30.51,18.56,17.69,32.31,44.47,人气Top50；当日涨停附近；收在日内高位；温和放量；近5日趋势升温；站上20日线且不过热；持续霸榜；人气排名明显上升；市场强势且个股相对强势；v2强势延续修正；v2低分涨停修正,热度可能进入后段；v3尾盘版回避高位长连榜；涨停封板不可买,v3
2026-04-27,002428,云南锗业,62,不推送,10.0,54,-0.27,-4.29,0.27,14.55,44.46,-3.83,10.16,-3.57,10.47,33.52,0.27,11.94,44.46,温和放量；近5日趋势升温；站上20日线且不过热；持续霸榜,当日转弱；收盘承接偏弱；热度可能进入后段；v3尾盘版回避高位长连榜,v3
2026-04-14,000890,法尔胜,76,不推送,0.0,63,-3.31,5.45,6.03,-42.48,44.46,2.56,20.58,6.07,24.7,31.4,6.45,22.31,44.46,温和放量；连续上榜确认,当日转弱；收盘承接偏弱；近5日趋势未确认；仍在20日线下方；人气排名明显回落,v3
2026-06-29,002747,埃斯顿,100,不推送,0.0,13,2.06,10.02,10.02,25.05,44.41,19.95,35.66,17.53,32.92,13.47,26.17,42.35,44.41,站上20日线且不过热；持续霸榜,当日转弱；收盘承接偏弱；近5日趋势未确认；热度可能进入后段；震荡市里相对走弱；后段人气股在偏弱环境里更谨慎；市场健康度不足，收缩推送；v3尾盘版回避高位长连榜,v3
2026-04-28,002851,麦格米特,35,不推送,0.0,53,4.66,10.0,10.0,44.41,44.41,14.49,16.75,9.39,11.55,21.91,18.53,18.53,37.77,人气Top50；站上20日线且不过热,当日转弱；收盘承接偏弱；近5日趋势未确认,v3
2026-04-20,000725,京东方A,90,不推送,10.0,59,0.0,0.72,3.58,44.39,44.39,0.0,0.48,0.0,0.48,0.48,3.58,3.58,3.58,当日上涨；站上20日线且不过热,v3尾盘版回避放量过猛,v3
2026-05-28,603773,沃格光电,36,观察池,97.6,34,1.83,-5.37,4.46,-13.63,44.38,10.92,11.28,8.93,9.29,26.79,12.23,17.08,44.38,人气Top50；当日涨停附近；收在日内高位；温和放量；近5日强势延续；连续上榜确认；市场强势且个股相对强势；v3尾盘涨停延续；v3尾盘缩量强承接,短线涨幅偏高；偏离20日线较大；涨停封板不可买,v3
2026-04-28,000066,中国长城,8,强推观察,96.0,53,-2.8,1.07,1.23,-8.36,44.36,22.27,29.5,25.79,33.24,14.97,22.27,36.96,44.36,人气Top10；当日上涨；收盘承接较强；放量仍可控；近5日趋势升温；站上20日线且不过热；连续上榜确认；人气排名明显上升；v2连榜升温修正；v3热点早段优先,-,v3
2026-04-22,002384,东山精密,3,强推观察,101.0,57,3.04,0.17,4.11,44.25,44.25,0.19,-1.12,-2.76,-4.04,17.15,5.18,5.18,19.46,人气Top3；当日涨停附近；收在日内高位；温和放量；近5日强势延续；持续霸榜；v2低分涨停修正；v3尾盘涨停延续,短线涨幅偏高；偏离20日线较大；热度可能进入后段；v3尾盘版回避高位长连榜,v3
2026-06-12,002436,兴森科技,94,不推送,21.73,23,0.18,5.14,5.25,-0.76,44.24,25.36,39.78,25.13,39.53,28.51,27.22,44.24,44.24,当日上涨；温和放量；站上20日线且不过热；震荡市里保持相对强势,上影线偏长；后段人气股在偏弱环境里更谨慎；v3尾盘承接一般,v3
2026-05-06,002565,顺灏股份,82,不推送,10.6,50,29.1,30.14,31.0,-36.57,44.17,42.79,32.83,10.61,2.89,11.86,44.17,44.17,44.17,当日上涨；收盘承接较强；市场强势且个股相对强势,近5日趋势未确认；仍在20日线下方,v3
2026-06-05,002491,通鼎互联,19,不推送,0.0,28,-7.22,4.15,10.71,-21.16,44.15,0.79,-5.68,8.63,1.65,41.08,11.04,11.04,44.15,人气Top20；站上20日线且不过热；持续霸榜；人气排名明显上升,当日转弱；收盘承接偏弱；热度可能进入后段；弱市先收缩执行；弱市里的长连榜样本优先降权；v3尾盘版回避高位长连榜,v3
2026-06-11,600549,厦门钨业,42,不推送,46.8,24,2.66,-3.59,4.34,-17.17,44.1,16.66,27.82,13.64,24.51,25.73,16.66,32.27,44.1,人气Top50；当日上涨；温和放量；近5日趋势升温；站上20日线且不过热；v3热点早段优先,弱市先收缩执行,v3
2026-06-22,603629,利通电子,13,不推送,38.6,18,24.38,28.8,34.2,-9.88,44.09,32.6,12.78,6.61,-9.32,10.25,44.09,44.09,44.09,人气Top20；当日上涨；收在日内高位；持续霸榜；人气排名明显上升；市场强势且个股相对强势,仍在20日线下方；热度可能进入后段；v3尾盘版回避高位长连榜,v3
2026-06-15,603629,利通电子,11,不推送,36.55,22,8.18,3.98,10.93,-9.88,44.09,12.6,28.8,4.09,19.06,14.03,13.51,34.2,44.09,人气Top20；当日上涨；收在日内高位；温和放量；持续霸榜,近5日趋势未确认；仍在20日线下方；热度可能进入后段；强势市里个股相对走弱；v3尾盘版回避高位长连榜,v3
2026-04-23,002384,东山精密,35,不推送,14.0,56,3.66,0.66,5.0,44.01,44.01,-1.48,0.04,-4.96,-3.5,17.57,5.0,5.0,23.22,人气Top50；温和放量；近5日趋势升温；持续霸榜,收盘承接偏弱；偏离20日线较大；热度可能进入后段；人气排名明显回落；v3尾盘版回避高位长连榜,v3
2026-04-14,300308,中际旭创,8,强推观察,92.0,63,1.68,0.77,4.51,43.98,43.98,9.96,11.75,8.14,9.91,6.6,11.77,13.58,18.89,人气Top10；当日上涨；温和放量；近5日趋势升温；站上20日线且不过热；连续上榜确认；人气排名明显上升；v2连榜升温修正；v3热点早段优先,-,v3
2026-04-27,002384,东山精密,42,不推送,20.0,54,0.16,-1.5,1.87,43.97,43.97,0.02,13.05,-0.14,12.87,15.1,2.81,13.05,23.19,人气Top50；温和放量；近5日趋势升温；持续霸榜,当日转弱；偏离20日线较大；热度可能进入后段；v3尾盘版回避高位长连榜,v3
2026-04-30,002384,东山精密,69,不推送,20.0,51,2.72,2.76,6.61,43.95,43.95,13.21,17.53,10.21,14.42,18.93,14.38,23.17,23.17,温和放量；站上20日线且不过热；持续霸榜；人气排名明显上升,热度可能进入后段；v3尾盘版回避高位长连榜；v3尾盘承接一般,v3
2026-06-08,603986,兆易创新,32,不推送,0.0,27,2.87,4.44,4.93,7.38,43.92,0.89,8.09,-1.93,5.07,33.75,4.93,8.3,43.92,人气Top50；站上20日线且不过热；持续霸榜；人气排名明显上升,当日转弱；热度可能进入后段；弱市先收缩执行；弱市里的长连榜样本优先降权；v3尾盘版回避高位长连榜,v3
2026-05-21,600863,华能蒙电,77,不推送,25.08,39,-4.66,-3.41,3.05,-17.2,43.91,9.32,19.0,14.66,24.81,23.3,12.9,31.0,43.91,当日上涨；放量仍可控；近5日趋势升温；站上20日线且不过热；连续上榜确认,人气排名明显回落；弱市先收缩执行；后段人气股在偏弱环境里更谨慎；v3尾盘承接一般,v3
2026-06-18,600378,昊华科技,48,不推送,0.0,19,9.39,14.64,16.57,-20.52,43.84,9.63,1.71,0.22,-7.01,24.1,19.23,19.23,43.84,人气Top50；温和放量；站上20日线且不过热；持续霸榜,当日转弱；收盘承接偏弱；近5日趋势未确认；热度可能进入后段；人气排名明显回落；强势市里个股相对走弱；v3尾盘版回避高位长连榜,v3
2026-06-22,600378,昊华科技,12,不推送,26.55,18,11.92,8.31,19.23,-20.52,43.84,11.67,11.89,-0.22,-0.03,11.69,19.23,19.23,43.84,人气Top20；温和放量；近5日趋势升温；站上20日线且不过热；持续霸榜；人气排名明显上升,当日转弱；收盘承接偏弱；热度可能进入后段；强势市里个股相对走弱；v3尾盘版回避高位长连榜,v3
2026-06-26,600378,昊华科技,50,不推送,0.0,14,1.31,11.89,11.89,-20.52,43.84,32.24,24.1,30.54,22.5,-1.09,35.38,43.84,43.84,人气Top50；温和放量；站上20日线且不过热；持续霸榜,当日转弱；收盘承接偏弱；近5日趋势未确认；热度可能进入后段；弱市先收缩执行；弱市里的长连榜样本优先降权；市场健康度不足，收缩推送；市场健康度偏弱；v3尾盘版回避高位长连榜,v3
2026-05-14,600410,华胜天成,72,观察池,50.58,44,37.98,38.53,41.91,-13.71,43.84,37.44,27.36,-0.39,-7.7,19.87,43.84,43.84,43.84,当日涨停附近；收在日内高位；温和放量；弱市中个股相对抗跌；v3尾盘缩量强承接,近5日趋势未确认；仍在20日线下方；后段人气股在偏弱环境里更谨慎；涨停封板不可买,v3
2026-04-30,002015,协鑫能科,98,不推送,0.0,51,2.37,10.03,10.03,-23.55,43.83,14.82,19.21,12.16,16.46,25.58,17.8,21.69,43.83,温和放量,当日转弱；收盘承接偏弱；近5日趋势未确认；人气排名明显回落,v3
2026-05-06,002015,协鑫能科,33,不推送,8.0,51,2.37,10.03,10.03,-23.55,43.83,14.82,19.21,12.16,16.46,25.58,17.8,21.69,43.83,人气Top50；温和放量；连续上榜确认；人气排名明显上升,当日转弱；收盘承接偏弱；近5日趋势未确认,v3
2026-05-25,002552,宝鼎科技,70,观察池,74.6,37,1.85,10.0,10.0,23.86,43.79,26.89,32.26,24.59,29.86,38.49,26.89,41.76,43.79,当日涨停附近；收在日内高位；温和放量；近5日趋势升温；连续上榜确认；人气排名明显上升；市场强势且个股相对强势；v2低分涨停修正,远离20日线过多；涨停封板不可买,v3
2026-06-11,002185,华天科技,49,不推送,0.0,24,4.52,-3.25,5.6,25.3,43.73,7.35,18.13,2.71,13.03,35.9,8.73,20.12,43.73,人气Top50；持续霸榜；人气排名明显上升,当日转弱；收盘承接偏弱；近5日趋势未确认；热度可能进入后段；弱市先收缩执行；弱市里的长连榜样本优先降权；市场健康度不足，收缩推送；市场健康度偏弱；v3尾盘版回避高位长连榜,v3
2026-05-08,688017,绿的谐波,71,观察池,47.6,48,0.92,2.87,5.44,43.72,43.72,6.16,15.97,5.19,14.91,29.83,7.08,19.58,34.31,当日涨停附近；收盘承接较强；近5日强势延续；站上20日线且不过热；市场强势且个股相对强势；v2低分涨停修正,量能不足；短线涨幅偏高；涨停封板不可买,v3
2026-06-08,300319,麦捷科技,66,不推送,0.0,27,1.16,4.44,6.85,-23.99,43.71,-10.38,-10.29,-11.41,-11.32,37.94,6.85,6.85,43.71,当日上涨；温和放量；连续上榜确认,收盘承接偏弱；短线涨幅过热；远离20日线过多；人气排名明显回落；上影线偏长；弱市先收缩执行；后段人气股在偏弱环境里更谨慎,v3
2026-06-18,300319,麦捷科技,78,不推送,28.6,19,33.68,36.22,38.98,-23.99,43.71,34.02,33.51,0.26,-0.13,12.75,43.71,43.71,43.71,当日上涨；温和放量；近5日趋势升温；站上20日线且不过热；市场强势且个股相对强势,收盘承接偏弱；上影线偏长,v3
2026-06-17,600172,黄河旋风,58,不推送,40.6,20,5.42,7.03,11.76,-1.6,43.7,29.49,39.57,22.83,32.39,37.74,29.49,43.7,43.7,温和放量；近5日趋势升温；站上20日线且不过热；连续上榜确认；人气排名明显上升；市场强势且个股相对强势,上影线偏长；v3尾盘承接一般,v3
2026-05-13,600396,华电辽能,3,不推送,50.6,45,36.5,28.69,40.37,-6.81,43.62,21.35,12.45,-11.1,-17.62,43.62,40.37,40.37,43.62,人气Top3；当日上涨；近5日趋势升温；持续霸榜；市场强势且个股相对强势,偏离20日线较大；热度可能进入后段；v3尾盘版回避高位长连榜,v3
2026-05-12,600111,北方稀土,32,不推送,0.0,46,37.67,43.19,43.6,-0.66,43.6,37.11,28.09,-0.41,-6.96,29.47,43.6,43.6,43.6,人气Top50；持续霸榜,当日转弱；收盘承接偏弱；量能不足；近5日趋势未确认；仍在20日线下方；热度可能进入后段；强势市里个股相对走弱；v3尾盘版回避高位长连榜,v3
2026-06-18,600176,中国巨石,25,不推送,17.6,19,0.45,8.59,9.1,-11.25,43.6,20.57,37.87,20.04,37.26,31.88,20.57,43.6,43.6,人气Top50；温和放量；近5日强势延续；持续霸榜；市场强势且个股相对强势,当日转弱；短线涨幅偏高；偏离20日线较大；热度可能进入后段；v3尾盘版回避高位长连榜,v3
2026-06-22,000988,华工科技,51,不推送,0.0,18,32.21,25.23,32.21,0.0,43.59,32.82,35.46,0.46,2.45,14.55,33.4,35.46,43.59,温和放量；持续霸榜,当日转弱；收盘承接偏弱；近5日趋势未确认；仍在20日线下方；热度可能进入后段；人气排名明显回落；强势市里个股相对走弱；v3尾盘版回避高位长连榜,v3
2026-05-26,002747,埃斯顿,83,不推送,29.73,36,-2.2,-3.79,2.13,43.59,43.59,-6.19,-8.76,-4.08,-6.71,27.01,2.13,2.13,27.01,当日上涨；温和放量；近5日趋势升温；站上20日线且不过热；震荡市里保持相对强势,人气排名明显回落；上影线偏长；后段人气股在偏弱环境里更谨慎；v3尾盘承接一般,v3
2026-06-26,000988,华工科技,95,不推送,0.0,14,31.61,35.46,35.46,0.0,43.59,32.8,17.8,0.9,-10.49,20.95,43.59,43.59,43.59,温和放量；持续霸榜,当日转弱；收盘承接偏弱；近5日趋势未确认；仍在20日线下方；热度可能进入后段；弱市先收缩执行；后段人气股在偏弱环境里更谨慎；弱市里的长连榜样本优先降权；市场健康度不足，收缩推送；市场健康度偏弱；v3尾盘版回避高位长连榜,v3
2026-04-30,002081,金螳螂,2,强推观察,90.0,51,4.24,7.8,7.8,-35.76,43.56,13.05,33.05,8.46,27.64,14.75,19.49,33.05,43.56,人气Top3；当日涨停附近；收在日内高位；温和放量；近5日趋势升温；持续霸榜,偏离20日线较大；热度可能进入后段；v3尾盘版回避高位长连榜,v3
2026-05-06,002081,金螳螂,5,重点观察,84.0,51,4.24,7.8,7.8,-35.76,43.56,13.05,33.05,8.46,27.64,14.75,19.49,33.05,43.56,人气Top10；当日涨停附近；收在日内高位；温和放量；近5日趋势升温；持续霸榜,偏离20日线较大；热度可能进入后段；v3尾盘版回避高位长连榜,v3
2026-06-16,600584,长电科技,8,不推送,56.6,21,-1.99,5.45,6.83,7.45,43.48,17.81,22.29,20.2,24.77,37.71,17.81,22.29,43.48,人气Top10；当日上涨；温和放量；站上20日线且不过热；持续霸榜；市场强势且个股相对强势,热度可能进入后段；v3尾盘版回避高位长连榜,v3
2026-06-11,002971,和远气体,93,观察池,59.58,24,4.17,9.91,9.91,-15.49,43.45,12.21,27.64,7.72,22.53,25.21,18.2,27.64,43.45,当日涨停附近；收在日内高位；温和放量；近5日强势延续；连续上榜确认；弱市中个股相对抗跌,短线涨幅偏高；偏离20日线较大；人气排名明显回落；后段人气股在偏弱环境里更谨慎；涨停封板不可买,v3
2026-06-04,300285,国瓷材料,61,不推送,33.73,29,-3.04,1.75,5.53,-1.19,43.43,3.65,-2.59,6.91,0.47,39.76,5.53,5.53,43.43,当日上涨；温和放量；近5日趋势升温；震荡市里保持相对强势,偏离20日线较大；后段人气股在偏弱环境里更谨慎,v3
2026-04-13,002361,神剑股份,48,不推送,34.0,64,-0.9,0.9,2.34,-38.32,43.41,15.33,23.53,16.37,24.65,29.7,22.1,23.53,43.41,人气Top50；温和放量；近5日趋势升温；站上20日线且不过热；连续上榜确认；v3热点早段优先,收盘承接偏弱；上影线偏长；v3尾盘承接一般,v3
2026-05-15,600578,京能电力,8,观察池,64.17,43,3.14,9.99,9.99,-21.54,43.37,6.13,17.26,2.9,13.69,33.81,20.97,26.96,43.37,人气Top10；当日涨停附近；收在日内高位；近5日强势延续；连续上榜确认；人气排名明显上升；震荡市里保持相对强势；震荡市里承接未失控,放量过猛；短线涨幅偏高；偏离20日线较大；v3尾盘版回避放量过猛；涨停封板不可买,v3
2026-06-18,000725,京东方A,1,不推送,44.6,19,2.56,4.52,8.3,-8.75,43.29,6.64,17.5,3.97,14.56,26.4,8.3,24.28,43.29,人气Top3；温和放量；近5日趋势升温；站上20日线且不过热；持续霸榜；市场强势且个股相对强势,当日转弱；收盘承接偏弱；热度可能进入后段；v3尾盘版回避高位长连榜,v3
2026-05-12,001896,豫能控股,91,不推送,0.0,46,25.41,31.17,37.89,-0.3,43.28,12.19,19.57,-10.54,-4.65,22.23,43.28,43.28,43.28,温和放量,当日转弱；收盘承接偏弱；近5日趋势未确认；仍在20日线下方；强势市里个股相对走弱,v3
2026-05-06,001896,豫能控股,81,不推送,0.0,50,22.67,23.78,25.55,-0.3,43.28,24.15,31.17,1.2,6.92,9.9,29.69,37.89,43.28,-,当日转弱；收盘承接偏弱；近5日趋势未确认；仍在20日线下方；强势市里个股相对走弱,v3
2026-06-03,603773,沃格光电,57,不推送,1.72,30,-1.8,5.53,9.2,-18.1,43.23,17.68,33.6,19.84,36.05,43.23,24.19,36.91,43.23,温和放量；近5日趋势升温；持续霸榜；震荡市里保持相对强势,当日转弱；收盘承接偏弱；偏离20日线较大；热度可能进入后段；后段人气股在偏弱环境里更谨慎；v3尾盘版回避高位长连榜,v3
2026-06-15,603002,宏昌电子,100,观察池,59.6,22,3.76,10.02,10.02,-10.12,43.19,23.0,21.8,18.55,17.4,26.08,28.59,37.98,43.19,当日涨停附近；收在日内高位；近5日强势延续；站上20日线且不过热；市场强势且个股相对强势；v2低分涨停修正；v3尾盘缩量强承接,量能不足；短线涨幅偏高；人气排名明显回落；涨停封板不可买,v3
2026-05-26,600863,华能蒙电,24,不推送,0.0,36,5.7,19.61,19.61,-17.65,43.14,30.12,31.55,23.1,24.45,8.38,30.3,43.14,43.14,人气Top50；站上20日线且不过热；持续霸榜；人气排名明显上升；震荡市里保持相对强势,当日转弱；收盘承接偏弱；热度可能进入后段；v3尾盘版回避高位长连榜,v3
2026-05-20,600863,华能蒙电,50,不推送,35.45,40,-7.66,-0.53,4.81,-17.65,43.14,5.7,19.61,14.48,29.54,31.73,5.7,19.61,43.14,人气Top50；放量仍可控；近5日趋势升温；站上20日线且不过热；连续上榜确认；人气排名明显上升；震荡市里保持相对强势；v3热点早段优先,当日转弱；收盘承接偏弱,v3
2026-05-22,600863,华能蒙电,60,不推送,28.6,38,-4.81,5.7,5.7,-17.65,43.14,19.61,30.12,25.66,36.7,11.05,19.61,30.3,43.14,温和放量；近5日趋势升温；站上20日线且不过热；连续上榜确认；人气排名明显上升；市场强势且个股相对强势,当日转弱；收盘承接偏弱,v3
2026-05-27,002484,江海股份,91,观察池,37.45,35,6.93,9.99,9.99,20.91,43.08,17.54,30.07,9.92,21.64,30.09,22.51,34.99,43.08,当日涨停附近；收在日内高位；近5日趋势升温；震荡市里保持相对强势；震荡市里承接未失控,量能不足；偏离20日线较大；一字或近似一字，参与点差；后段人气股在偏弱环境里更谨慎；一字板不可买,v3
2026-06-11,600105,永鼎股份,53,不推送,0.0,24,4.47,-0.79,4.78,-13.87,43.08,13.87,20.15,9.0,15.02,27.1,13.87,25.13,43.08,站上20日线且不过热；持续霸榜,当日转弱；收盘承接偏弱；近5日趋势未确认；热度可能进入后段；弱市先收缩执行；后段人气股在偏弱环境里更谨慎；弱市里的长连榜样本优先降权；市场健康度不足，收缩推送；市场健康度偏弱；v3尾盘版回避高位长连榜,v3
2026-04-24,002384,东山精密,38,不推送,26.0,55,0.05,-0.64,1.41,43.05,43.05,-1.94,2.12,-1.99,2.06,17.48,1.41,5.94,22.41,人气Top50；温和放量；近5日趋势升温；持续霸榜,偏离20日线较大；热度可能进入后段；v3尾盘版回避高位长连榜；v3尾盘承接一般,v3
2026-04-14,002990,盛视科技,57,普通观察,72.0,63,-1.1,9.74,9.74,43.03,43.03,32.84,17.69,34.31,18.99,28.0,32.84,40.94,41.09,当日涨停附近；收在日内高位；放量仍可控；近5日趋势升温；站上20日线且不过热；v2低分涨停修正,-,v3
2026-07-06,000021,深科技,12,不推送,0.0,8,21.36,24.99,29.8,0.18,43.0,30.0,20.48,7.12,-0.72,,30.0,43.0,,人气Top20；持续霸榜,当日转弱；收盘承接偏弱；近5日趋势未确认；仍在20日线下方；热度可能进入后段；震荡市里相对走弱；市场健康度不足，收缩推送；市场健康度偏弱；v3尾盘版回避高位长连榜,v3
2026-05-19,301139,*ST元道,72,不推送,0.0,41,-13.22,20.04,20.04,-37.4,42.98,25.62,7.02,44.76,23.33,28.1,42.98,42.98,42.98,收在日内高位,当日转弱；放量过猛；近5日趋势未确认；仍在20日线下方；震荡市里相对走弱；后段人气股在偏弱环境里更谨慎；市场健康度不足，收缩推送；v3尾盘版回避放量过猛,v3
2026-04-15,600487,亨通光电,85,不推送,0.0,62,-0.61,1.94,2.51,24.4,42.89,16.8,26.18,17.53,26.96,29.25,17.0,26.18,42.89,站上20日线且不过热；连续上榜确认,当日转弱；收盘承接偏弱；近5日趋势未确认,v3
2026-05-11,002185,华天科技,22,普通观察,74.6,47,1.51,-1.03,1.51,42.86,42.86,-2.2,0.76,-3.65,-0.74,16.41,2.06,3.23,16.41,人气Top50；当日上涨；收盘承接较强；温和放量；近5日趋势升温；站上20日线且不过热；人气排名明显上升；市场强势且个股相对强势；v3热点早段优先,-,v3
2026-04-29,000066,中国长城,77,不推送,54.0,52,5.44,9.99,9.99,-9.32,42.84,33.07,29.86,26.21,23.16,12.15,33.07,37.46,42.84,收在日内高位；温和放量；近5日趋势升温；站上20日线且不过热；连续上榜确认,人气排名明显回落,v3
2026-04-21,600186,莲花控股,99,不推送,56.0,58,-1.11,6.18,8.41,22.62,42.77,12.98,21.63,14.25,23.0,29.79,21.14,25.46,42.77,收在日内高位；温和放量；近5日趋势升温；站上20日线且不过热；v3尾盘缩量强承接,人气排名明显回落,v3
2026-04-13,600103,青山纸业,25,不推送,12.0,64,-2.25,3.75,5.25,-30.5,42.75,1.25,18.0,3.58,20.72,18.5,5.25,18.0,42.75,人气Top50；近5日趋势升温；站上20日线且不过热；连续上榜确认；v3热点早段优先,收盘承接偏弱；放量过猛；v3尾盘版回避放量过猛,v3
2026-04-15,300308,中际旭创,35,不推送,28.0,62,-1.1,3.67,3.73,42.7,42.7,8.85,13.54,10.06,14.81,8.34,12.56,14.39,17.82,人气Top50；温和放量；近5日趋势升温；站上20日线且不过热；连续上榜确认,收盘承接偏弱；人气排名明显回落；上影线偏长,v3
2026-06-11,920083,金戈新材,62,观察池,19.08,10,-15.71,-28.31,-15.49,5.28,42.65,-7.8,31.48,9.38,55.98,5.28,-7.8,34.08,42.65,当日涨停附近；站上20日线且不过热,弱市先收缩执行；后段人气股在偏弱环境里更谨慎；涨停封板不可买,v3
2026-04-23,300613,富瀚微,79,不推送,38.0,19,19.62,20.01,20.01,42.11,42.63,29.96,26.36,8.64,5.64,29.75,42.63,42.63,42.63,收盘承接较强；放量仍可控；近5日趋势升温；站上20日线且不过热,-,v3
2026-06-08,002491,通鼎互联,12,不推送,32.5,27,3.66,6.87,7.51,-23.66,42.63,-3.33,-3.05,-6.74,-6.47,35.32,7.51,7.51,42.63,人气Top20；温和放量；近5日趋势升温；站上20日线且不过热；持续霸榜,热度可能进入后段；弱市先收缩执行；弱市里的长连榜样本优先降权；v3尾盘版回避高位长连榜；v3尾盘承接一般,v3
2026-05-20,603618,杭电股份,30,不推送,0.0,40,38.47,27.07,40.42,-5.49,42.63,19.75,12.97,-13.51,-18.41,38.06,40.42,40.42,42.63,人气Top50,当日转弱；收盘承接偏弱；近5日趋势未确认；震荡市里相对走弱；市场健康度不足，收缩推送,v3
2026-04-17,600961,株冶集团,66,不推送,44.0,60,10.0,10.0,10.0,7.15,42.6,32.1,36.8,20.08,24.36,24.54,33.09,40.7,42.6,当日涨停附近；收在日内高位；近5日趋势升温；站上20日线且不过热,量能不足；一字或近似一字，参与点差,v3
2026-04-15,000657,中钨高新,70,不推送,0.0,62,0.91,10.0,10.0,42.54,42.54,24.08,23.21,22.96,22.1,21.47,28.76,28.76,28.76,温和放量,当日转弱；收盘承接偏弱；近5日趋势未确认,v3
2026-04-17,603738,泰晶科技,64,重点观察,78.0,60,2.49,4.47,7.99,25.29,42.53,17.73,31.95,14.88,28.75,28.77,20.32,34.9,42.53,当日涨停附近；收在日内高位；温和放量；近5日趋势升温；站上20日线且不过热；v2低分涨停修正,-,v3
2026-06-08,600183,生益科技,44,不推送,0.0,27,3.21,9.5,9.5,9.15,42.48,11.18,23.57,7.73,19.73,24.65,14.72,23.57,42.48,人气Top50；站上20日线且不过热；持续霸榜,当日转弱；近5日趋势未确认；热度可能进入后段；弱市先收缩执行；弱市里的长连榜样本优先降权；v3尾盘版回避高位长连榜,v3
2026-06-08,600378,昊华科技,25,观察池,85.3,27,-2.05,2.24,3.88,-5.03,42.47,23.88,9.77,26.47,12.07,29.42,23.88,23.88,42.47,人气Top50；当日涨停附近；收在日内高位；温和放量；近5日强势延续；人气排名明显上升；弱市中个股相对抗跌；v2强势延续修正；v2低分涨停修正,短线涨幅偏高；偏离20日线较大；涨停封板不可买,v3
2026-05-14,600111,北方稀土,90,不推送,0.0,44,35.88,37.11,42.47,-0.66,42.47,28.09,29.29,-5.74,-4.85,29.95,42.47,42.47,42.47,持续霸榜,当日转弱；收盘承接偏弱；量能不足；近5日趋势未确认；仍在20日线下方；热度可能进入后段；弱市先收缩执行；后段人气股在偏弱环境里更谨慎；弱市里的长连榜样本优先降权；市场健康度不足，收缩推送；市场健康度偏弱；v3尾盘版回避高位长连榜,v3
2026-05-21,600745,*ST闻泰,2,不推送,12.8,39,-2.5,-3.57,-0.18,11.96,42.44,6.31,17.2,9.04,20.21,22.44,6.31,17.2,42.44,人气Top3；当日上涨；收在日内高位；持续霸榜；弱市中个股相对抗跌,放量过猛；近5日趋势未确认；仍在20日线下方；热度可能进入后段；弱市里的长连榜样本优先降权；Top3高热度拥挤，次日兑现风险；v3尾盘版回避高位长连榜；v3尾盘版回避放量过猛,v3
2026-06-24,002409,雅克科技,79,观察池,75.6,16,6.33,4.61,7.77,-9.85,42.41,19.88,36.43,12.75,28.31,9.79,19.88,42.41,42.41,当日涨停附近；收在日内高位；温和放量；近5日强势延续；市场强势且个股相对强势；v2低分涨停修正；v3尾盘缩量强承接,短线涨幅偏高；偏离20日线较大；涨停封板不可买,v3
2026-05-11,002565,顺灏股份,59,不推送,22.6,47,40.76,30.73,42.4,-36.57,42.4,20.31,17.17,-14.53,-16.76,8.13,42.4,42.4,42.4,当日上涨；收盘承接较强；连续上榜确认；人气排名明显上升；市场强势且个股相对强势,近5日趋势未确认；仍在20日线下方,v3
2026-05-06,300166,东方国信,66,不推送,0.0,51,6.67,20.01,20.01,-9.65,42.36,25.32,21.37,17.49,13.78,38.86,30.7,31.87,42.36,温和放量,当日转弱；近5日趋势未确认,v3
2026-04-13,920012,创达新材,65,不推送,8.0,27,-9.04,-1.86,1.72,35.77,42.29,-4.97,21.73,4.47,33.83,13.59,15.73,42.29,42.29,站上20日线且不过热,-,v3
2026-05-14,603667,五洲新春,49,不推送,0.0,44,20.93,32.56,32.91,-8.52,42.23,31.7,33.05,8.91,10.02,17.33,37.86,37.97,42.23,人气Top50；温和放量；人气排名明显上升,当日转弱；收盘承接偏弱；近5日趋势未确认；仍在20日线下方；弱市先收缩执行；市场健康度不足，收缩推送；市场健康度偏弱,v3
2026-05-18,603667,五洲新春,27,不推送,0.0,42,33.43,31.7,36.6,-8.52,42.23,33.05,36.73,-0.28,2.47,7.25,37.97,41.84,42.23,人气Top50；连续上榜确认,当日转弱；收盘承接偏弱；近5日趋势未确认；仍在20日线下方；震荡市里相对走弱；市场健康度不足，收缩推送,v3
2026-05-22,603667,五洲新春,66,不推送,0.0,38,38.18,36.73,41.84,-8.52,42.23,22.53,12.64,-11.32,-18.48,16.7,42.23,42.23,42.23,连续上榜确认,当日转弱；收盘承接偏弱；近5日趋势未确认；仍在20日线下方；强势市里个股相对走弱；市场健康度不足，收缩推送,v3
2026-04-10,600707,彩虹股份,29,不推送,53.0,65,-1.0,-1.85,1.42,42.17,42.17,2.42,10.97,3.45,12.09,14.96,6.7,10.97,30.63,人气Top50；当日涨停附近；收在日内高位；近5日强势延续；站上20日线且不过热；v2低分涨停修正；v3热点早段优先,放量过猛；短线涨幅偏高；v3尾盘版回避放量过猛,v3
2026-05-25,001896,豫能控股,17,普通观察,78.6,37,-2.37,-2.13,0.83,-20.17,42.16,-7.21,4.38,-4.97,6.9,15.91,0.83,6.51,42.16,人气Top20；当日强涨；温和放量；近5日趋势升温；站上20日线且不过热；连续上榜确认；人气排名明显上升；市场强势且个股相对强势,v3尾盘半板但封单不强,v3
2026-04-14,002361,神剑股份,30,普通观察,68.0,63,0.0,10.03,10.03,-38.87,42.14,11.28,34.66,11.28,34.66,18.81,21.01,34.66,42.14,人气Top50；温和放量；近5日趋势升温；站上20日线且不过热；连续上榜确认；人气排名明显上升；v2连榜升温修正；v3热点早段优先,-,v3
2026-06-05,600703,三安光电,34,不推送,0.0,28,18.63,21.13,28.87,0.07,42.05,14.65,2.5,-3.35,-13.59,42.05,28.87,28.87,42.05,人气Top50；连续上榜确认,当日转弱；收盘承接偏弱；近5日趋势未确认；仍在20日线下方；人气排名明显回落；弱市先收缩执行；市场健康度不足，收缩推送；市场健康度偏弱,v3
2026-05-21,600584,长电科技,6,不推送,16.5,39,0.31,9.05,9.44,24.68,42.04,31.99,26.82,31.58,26.42,19.84,31.99,42.04,42.04,人气Top10；温和放量；近5日趋势升温；持续霸榜,收盘承接偏弱；偏离20日线较大；热度可能进入后段；上影线偏长；弱市先收缩执行；弱市里的长连榜样本优先降权；v3尾盘版回避高位长连榜,v3
2026-04-27,600726,华电能源,26,重点观察,89.0,54,-0.78,10.03,10.03,-13.01,42.01,3.29,19.28,4.11,20.22,25.39,19.59,19.59,42.01,人气Top50；当日涨停附近；收在日内高位；温和放量；近5日强势延续；站上20日线且不过热；连续上榜确认；v2连榜升温修正,短线涨幅偏高,v3
2026-04-16,600186,莲花控股,53,不推送,46.0,61,-1.47,-3.07,-0.86,21.87,41.89,-0.61,16.09,0.87,17.83,31.7,0.0,16.09,41.89,当日上涨；温和放量；近5日趋势升温；站上20日线且不过热；连续上榜确认,人气排名明显回落,v3
2026-06-15,600176,中国巨石,15,不推送,52.6,22,-13.76,-8.8,-7.77,-12.35,41.83,-1.71,8.27,13.98,25.54,33.9,1.03,15.01,41.83,人气Top20；当日强涨；收盘承接较强；温和放量；持续霸榜；人气排名明显上升；市场强势且个股相对强势,短线涨幅过热；偏离20日线较大；热度可能进入后段；v3尾盘版回避高位长连榜,v3
2026-06-12,600110,诺德股份,33,不推送,63.45,23,4.7,9.55,9.55,-15.78,41.8,32.56,32.02,26.62,26.1,13.39,32.56,41.8,41.8,人气Top50；当日上涨；温和放量；近5日趋势升温；站上20日线且不过热；人气排名明显上升；震荡市里保持相对强势；v3热点早段优先,-,v3
2026-06-12,002466,天齐锂业,75,不推送,0.0,23,32.44,33.98,35.13,3.74,41.8,34.65,36.61,1.67,3.14,25.88,38.39,38.39,41.8,温和放量；连续上榜确认,收盘承接偏弱；近5日趋势未确认；仍在20日线下方；上影线偏长；震荡市里相对走弱；后段人气股在偏弱环境里更谨慎；市场健康度不足，收缩推送,v3
2026-06-15,002466,天齐锂业,77,不推送,0.0,22,32.76,34.55,36.67,3.74,41.8,30.74,28.93,-1.52,-2.88,28.93,38.39,38.39,41.8,温和放量；连续上榜确认,收盘承接偏弱；近5日趋势未确认；仍在20日线下方；上影线偏长；强势市里个股相对走弱,v3
2026-05-18,300136,信维通信,22,不推送,0.0,42,27.41,26.31,30.13,-10.01,41.79,24.66,35.05,-2.16,6.0,4.2,34.28,41.79,41.79,人气Top50；人气排名明显上升,当日转弱；收盘承接偏弱；近5日趋势未确认；震荡市里相对走弱；市场健康度不足，收缩推送,v3
2026-05-14,300136,信维通信,63,不推送,0.0,44,18.11,13.34,19.22,-10.01,41.79,26.31,24.66,6.94,5.54,29.42,33.14,34.28,41.79,连续上榜确认；人气排名明显上升,当日转弱；收盘承接偏弱；近5日趋势未确认；弱市先收缩执行；后段人气股在偏弱环境里更谨慎；市场健康度不足，收缩推送；市场健康度偏弱,v3
2026-05-13,300136,信维通信,96,不推送,0.0,45,28.45,16.64,30.73,-10.01,41.79,27.16,27.9,-1.0,-0.43,27.48,33.14,33.14,41.79,站上20日线且不过热；连续上榜确认,当日转弱；收盘承接偏弱；近5日趋势未确认；人气排名明显回落；强势市里个股相对走弱,v3
2026-05-12,300136,信维通信,73,不推送,0.0,46,23.52,29.38,30.73,-10.01,41.79,13.34,26.31,-8.24,2.26,25.6,30.73,33.14,41.79,站上20日线且不过热；连续上榜确认,当日转弱；收盘承接偏弱；近5日趋势未确认；人气排名明显回落；强势市里个股相对走弱,v3
2026-05-11,300136,信维通信,12,不推送,2.55,47,33.88,24.37,34.47,-10.01,41.79,16.64,27.16,-12.87,-5.02,35.05,34.47,34.47,41.79,人气Top20；站上20日线且不过热；人气排名明显上升,当日转弱；收盘承接偏弱；强势市里个股相对走弱,v3
2026-05-22,300136,信维通信,99,不推送,0.0,38,38.89,35.05,41.79,-10.01,41.79,27.48,12.31,-8.21,-19.14,21.05,41.79,41.79,41.79,连续上榜确认,当日转弱；收盘承接偏弱；近5日趋势未确认；仍在20日线下方；人气排名明显回落；强势市里个股相对走弱；市场健康度不足，收缩推送,v3
2026-05-21,600487,亨通光电,29,不推送,0.0,39,1.09,4.52,4.88,-6.86,41.78,-0.7,0.83,-1.78,-0.26,40.17,5.51,5.51,41.78,人气Top50；温和放量；持续霸榜,当日转弱；收盘承接偏弱；近5日趋势未确认；热度可能进入后段；弱市先收缩执行；弱市里的长连榜样本优先降权；市场健康度不足，收缩推送；市场健康度偏弱；v3尾盘版回避高位长连榜,v3
2026-06-09,603629,利通电子,13,不推送,30.1,26,1.45,-7.81,2.01,-9.88,41.7,-3.01,3.98,-4.39,2.5,39.71,2.01,10.93,41.7,人气Top20；当日上涨；收在日内高位；温和放量；持续霸榜,近5日趋势未确认；仍在20日线下方；热度可能进入后段；强势市里个股相对走弱；市场健康度不足，收缩推送；v3尾盘版回避高位长连榜,v3
2026-07-03,000977,浪潮信息,55,不推送,25.73,9,-0.32,4.65,6.23,27.61,41.69,17.35,34.39,17.73,34.82,,17.35,41.69,,当日上涨；温和放量；站上20日线且不过热；人气排名明显上升；震荡市里保持相对强势,上影线偏长；后段人气股在偏弱环境里更谨慎；v3尾盘承接一般,v3
2026-05-29,600487,亨通光电,6,观察池,92.0,33,-3.21,-2.8,3.98,-16.28,41.65,17.69,23.74,21.6,27.85,24.88,17.69,32.57,41.65,人气Top10；当日涨停附近；收在日内高位；放量仍可控；近5日趋势升温；站上20日线且不过热；持续霸榜；人气排名明显上升；弱市中个股相对抗跌,热度可能进入后段；弱市里的长连榜样本优先降权；v3尾盘版回避高位长连榜；涨停封板不可买,v3
2026-04-14,002428,云南锗业,73,不推送,42.0,63,1.41,-2.94,1.65,41.63,41.63,5.3,16.17,3.84,14.55,18.34,5.3,19.7,40.56,当日上涨；温和放量；近5日趋势升温；站上20日线且不过热,-,v3
2026-04-23,300136,信维通信,12,重点观察,84.0,56,-0.55,-2.59,5.42,-5.23,41.61,4.83,9.4,5.41,10.01,30.98,9.04,10.21,41.61,人气Top20；当日上涨；收在日内高位；温和放量；近5日趋势升温；站上20日线且不过热；人气排名明显上升；v3热点早段优先,-,v3
2026-06-09,603986,兆易创新,51,不推送,28.6,26,-1.77,-3.43,-0.13,3.36,41.61,-3.3,7.0,-1.56,8.92,41.61,2.43,9.03,41.61,当日上涨；收盘承接较强；站上20日线且不过热；持续霸榜；市场强势且个股相对强势,热度可能进入后段；v3尾盘版回避高位长连榜,v3
2026-06-17,000725,京东方A,1,观察池,118.6,20,2.24,-2.38,3.28,-9.84,41.58,0.89,12.07,-1.31,9.62,35.62,7.0,14.31,41.58,人气Top3；当日涨停附近；收在日内高位；近5日趋势升温；站上20日线且不过热；持续霸榜；市场强势且个股相对强势；v2强势延续修正；v2低分涨停修正；v3尾盘涨停延续,热度可能进入后段；v3尾盘版回避高位长连榜；涨停封板不可买,v3
2026-05-28,600206,有研新材,27,观察池,94.6,34,-0.13,-8.21,1.81,41.53,41.53,-10.25,-5.14,-10.13,-5.02,10.67,1.81,1.81,13.45,人气Top50；当日涨停附近；收在日内高位；温和放量；近5日趋势升温；站上20日线且不过热；人气排名明显上升；市场强势且个股相对强势；v3热点早段优先,涨停封板不可买,v3
2026-06-26,600176,中国巨石,24,不推送,54.0,14,38.77,30.41,38.77,-12.35,41.45,29.1,30.26,-6.96,-6.13,2.33,41.45,41.45,41.45,人气Top50；当日强涨；收盘承接较强；温和放量；站上20日线且不过热；持续霸榜；弱市中个股相对抗跌,热度可能进入后段；弱市里的长连榜样本优先降权；v3尾盘版回避高位长连榜,v3
2026-04-14,600487,亨通光电,91,不推送,0.0,63,0.36,-1.03,2.51,23.13,41.43,5.66,13.54,5.28,13.13,29.66,6.51,15.8,41.43,温和放量；站上20日线且不过热；连续上榜确认,当日转弱；收盘承接偏弱；近5日趋势未确认；人气排名明显回落,v3
2026-06-17,600176,中国巨石,12,观察池,71.6,20,-2.93,-2.01,0.71,-12.62,41.39,7.93,29.67,11.19,33.58,24.21,14.65,30.59,41.39,人气Top20；当日涨停附近；收在日内高位；近5日强势延续；持续霸榜；市场强势且个股相对强势；v3尾盘涨停延续,短线涨幅偏高；偏离20日线较大；热度可能进入后段；v3尾盘版回避高位长连榜；涨停封板不可买,v3
2026-05-14,603538,美诺华,62,不推送,34.27,44,31.55,31.03,36.73,-1.08,41.37,30.98,37.09,-0.43,4.22,17.36,36.73,41.37,41.37,当日强涨；收在日内高位；温和放量；持续霸榜；人气排名明显上升；弱市中个股相对抗跌,近5日趋势未确认；仍在20日线下方；热度可能进入后段；后段人气股在偏弱环境里更谨慎；弱市里的长连榜样本优先降权；v3尾盘版回避高位长连榜,v3
2026-05-20,603538,美诺华,93,不推送,21.45,40,34.87,37.09,41.37,-1.08,41.37,18.65,19.83,-12.03,-11.15,-20.56,41.37,41.37,41.37,当日强涨；收在日内高位；放量仍可控；震荡市里保持相对强势；震荡市里承接未失控,近5日趋势未确认；仍在20日线下方；人气排名明显回落；后段人气股在偏弱环境里更谨慎；v3尾盘版回避放量过猛,v3
2026-06-22,002709,天赐材料,5,不推送,2.55,18,38.13,34.23,39.34,-9.07,41.36,37.11,26.45,-0.74,-8.45,21.71,41.36,41.36,41.36,人气Top10；温和放量；持续霸榜；人气排名明显上升,当日转弱；收盘承接偏弱；近5日趋势未确认；仍在20日线下方；热度可能进入后段；强势市里个股相对走弱；v3尾盘版回避高位长连榜,v3
2026-06-10,688146,中船特气,30,观察池,14.3,22,4.36,18.5,18.5,-13.56,41.35,7.83,15.15,3.33,10.34,18.64,18.5,23.66,41.35,人气Top50；当日涨停附近；收盘承接较强；弱市中个股相对抗跌,量能不足；短线涨幅过热；远离20日线过多；涨停封板不可买,v3
2026-06-11,000725,京东方A,3,不推送,0.0,24,1.03,-5.49,2.06,3.77,41.34,3.6,12.35,2.55,11.21,33.62,5.83,18.87,41.34,人气Top3；站上20日线且不过热；持续霸榜,当日转弱；收盘承接偏弱；近5日趋势未确认；热度可能进入后段；弱市先收缩执行；弱市里的长连榜样本优先降权；市场健康度不足，收缩推送；市场健康度偏弱；Top3高热度拥挤，次日兑现风险；v3尾盘版回避高位长连榜,v3
2026-06-05,601991,大唐发电,4,不推送,0.0,28,15.38,9.65,22.17,-14.18,41.33,17.04,22.02,1.44,5.75,26.24,22.93,23.68,41.33,人气Top10；持续霸榜,近5日趋势未确认；仍在20日线下方；热度可能进入后段；弱市先收缩执行；弱市里的长连榜样本优先降权；v3尾盘版回避高位长连榜,v3
2026-06-09,601991,大唐发电,1,不推送,0.0,26,13.12,17.04,22.93,-14.18,41.33,22.02,31.22,7.87,16.0,17.95,23.68,34.24,41.33,人气Top3；持续霸榜,近5日趋势未确认；仍在20日线下方；热度可能进入后段；强势市里个股相对走弱；市场健康度不足，收缩推送；Top3高热度拥挤，次日兑现风险；v3尾盘版回避高位长连榜,v3
2026-06-15,601991,大唐发电,1,不推送,30.55,22,31.37,31.22,34.24,-14.18,41.33,23.98,25.79,-5.63,-4.25,6.79,41.33,41.33,41.33,人气Top3；温和放量；持续霸榜；人气排名明显上升,近5日趋势未确认；仍在20日线下方；热度可能进入后段；强势市里个股相对走弱；v3尾盘版回避高位长连榜,v3
2026-06-02,000657,中钨高新,99,不推送,44.6,31,-1.19,7.57,9.75,1.2,41.32,5.15,6.2,6.41,7.48,38.86,12.23,12.23,41.32,当日上涨；收盘承接较强；站上20日线且不过热；连续上榜确认；市场强势且个股相对强势；v3尾盘缩量强承接,近5日趋势未确认,v3
2026-07-09,603137,恒尚节能,26,观察池,44.6,5,10.0,6.15,10.0,27.18,41.31,28.45,27.18,16.77,15.62,,28.45,41.31,,人气Top50；当日涨停附近；收在日内高位；温和放量；市场强势且个股相对强势,短线涨幅过热；远离20日线过多；涨停封板不可买,v3
2026-06-05,600667,太极实业,26,不推送,0.0,28,-5.74,-8.15,0.49,15.62,41.3,-2.1,0.99,3.86,7.14,38.95,2.35,16.05,41.3,人气Top50；温和放量；近5日强势延续；站上20日线且不过热；持续霸榜,当日转弱；收盘承接偏弱；短线涨幅偏高；热度可能进入后段；弱市先收缩执行；弱市里的长连榜样本优先降权；v3尾盘版回避高位长连榜,v3
2026-06-26,002709,天赐材料,58,不推送,0.0,14,25.38,26.45,29.71,-9.07,41.08,35.3,34.23,7.9,7.05,-0.5,36.29,41.08,41.08,温和放量；持续霸榜,当日转弱；收盘承接偏弱；近5日趋势未确认；仍在20日线下方；热度可能进入后段；弱市先收缩执行；后段人气股在偏弱环境里更谨慎；弱市里的长连榜样本优先降权；市场健康度不足，收缩推送；市场健康度偏弱；v3尾盘版回避高位长连榜,v3
2026-07-07,001248,华润新能源,14,不推送,0.0,7,38.51,24.14,40.97,-0.31,40.97,11.45,2.84,-19.53,-25.75,,40.97,40.97,,人气Top20；连续上榜确认,当日转弱；收盘承接偏弱；量能不足；仍在20日线下方；弱市先收缩执行；市场健康度不足，收缩推送；市场健康度偏弱,v3
2026-06-11,002636,金安国纪,23,观察池,38.0,24,5.68,5.55,9.55,5.17,40.93,19.19,22.62,12.78,16.02,31.69,20.85,23.64,40.93,人气Top50；当日涨停附近；收在日内高位；温和放量；持续霸榜；弱市中个股相对抗跌,短线涨幅过热；远离20日线过多；热度可能进入后段；弱市里的长连榜样本优先降权；v3尾盘版回避高位长连榜；涨停封板不可买,v3
2026-06-08,600869,远东股份,76,不推送,9.08,27,2.71,8.38,9.66,-30.64,40.89,7.94,19.58,5.1,16.43,32.03,22.77,22.77,40.89,温和放量；近5日趋势升温；站上20日线且不过热；连续上榜确认,当日转弱；收盘承接偏弱；弱市先收缩执行；后段人气股在偏弱环境里更谨慎,v3
2026-05-14,688008,澜起科技,60,不推送,0.0,44,29.26,20.96,32.68,2.99,40.87,20.54,27.88,-6.75,-1.07,27.3,32.68,40.16,40.87,站上20日线且不过热；连续上榜确认；人气排名明显上升,当日转弱；收盘承接偏弱；量能不足；近5日趋势未确认；弱市先收缩执行；后段人气股在偏弱环境里更谨慎；市场健康度不足，收缩推送；市场健康度偏弱,v3
2026-05-13,688008,澜起科技,83,不推送,0.0,45,36.58,29.3,37.55,2.99,40.87,20.96,25.51,-11.43,-8.11,29.51,37.55,37.55,40.87,站上20日线且不过热；连续上榜确认,当日转弱；收盘承接偏弱；量能不足；强势市里个股相对走弱,v3
2026-05-29,603011,合锻智能,85,观察池,65.58,33,3.01,9.99,9.99,-9.71,40.81,24.04,31.22,20.41,27.39,24.84,27.97,36.84,40.81,当日涨停附近；收在日内高位；放量仍可控；近5日强势延续；站上20日线且不过热；弱市中个股相对抗跌；v2低分涨停修正,短线涨幅偏高；后段人气股在偏弱环境里更谨慎；涨停封板不可买,v3
2026-06-26,002747,埃斯顿,97,不推送,0.0,14,0.63,-2.47,4.11,21.93,40.8,17.99,28.65,17.25,27.84,22.93,17.99,28.65,40.8,站上20日线且不过热；持续霸榜,当日转弱；收盘承接偏弱；近5日趋势未确认；热度可能进入后段；人气排名明显回落；弱市先收缩执行；后段人气股在偏弱环境里更谨慎；弱市里的长连榜样本优先降权；市场健康度不足，收缩推送；市场健康度偏弱；v3尾盘版回避高位长连榜,v3
2026-04-28,300223,北京君正,92,不推送,4.0,53,0.67,0.93,2.19,40.78,40.78,10.1,7.83,9.36,7.11,9.86,13.55,13.55,20.67,温和放量；站上20日线且不过热,收盘承接偏弱；上影线偏长,v3
2026-06-23,000725,京东方A,2,不推送,19.3,17,-0.74,4.74,5.93,-10.37,40.74,15.41,28.59,16.27,29.55,12.3,22.07,29.63,40.74,人气Top3；温和放量；近5日趋势升温；站上20日线且不过热；持续霸榜,当日转弱；收盘承接偏弱；热度可能进入后段；弱市先收缩执行；弱市里的长连榜样本优先降权；Top3高热度拥挤，次日兑现风险；v3尾盘版回避高位长连榜,v3
2026-05-07,002929,润建股份,86,观察池,53.6,49,10.0,10.0,10.0,-21.64,40.73,12.2,22.19,2.01,11.08,13.67,14.6,35.77,40.73,当日涨停附近；收在日内高位；近5日强势延续；站上20日线且不过热；市场强势且个股相对强势；v2低分涨停修正,量能不足；短线涨幅偏高；涨停封板不可买,v3
2026-06-10,600584,长电科技,20,不推送,0.0,25,-2.07,-2.94,0.18,12.4,40.71,0.26,10.31,2.37,12.63,40.71,2.36,11.75,40.71,人气Top20；站上20日线且不过热；持续霸榜,当日转弱；收盘承接偏弱；近5日趋势未确认；热度可能进入后段；弱市先收缩执行；弱市里的长连榜样本优先降权；市场健康度不足，收缩推送；市场健康度偏弱；v3尾盘版回避高位长连榜,v3
2026-05-21,601991,大唐发电,5,不推送,0.0,39,-0.71,-2.27,1.56,-19.29,40.71,1.56,13.48,2.29,14.29,24.96,8.37,16.6,40.71,人气Top10；站上20日线且不过热；持续霸榜,当日转弱；收盘承接偏弱；近5日趋势未确认；热度可能进入后段；弱市先收缩执行；弱市里的长连榜样本优先降权；市场健康度不足，收缩推送；市场健康度偏弱；v3尾盘版回避高位长连榜,v3
2026-04-15,600186,莲花控股,21,不推送,38.0,62,-1.95,5.85,8.84,29.0,40.7,2.34,11.7,4.38,13.93,40.7,8.84,14.04,40.7,人气Top50；当日上涨；温和放量；站上20日线且不过热,-,v3
2026-06-12,301217,铜冠铜箔,51,观察池,54.73,23,3.69,18.41,18.41,-11.48,40.68,26.44,36.74,21.94,31.88,11.82,38.34,40.68,40.68,当日涨停附近；温和放量；近5日强势延续；连续上榜确认；震荡市里保持相对强势；v2低分涨停修正,短线涨幅偏高；偏离20日线较大；后段人气股在偏弱环境里更谨慎；涨停封板不可买,v3
2026-05-25,600745,*ST闻泰,25,不推送,22.6,37,2.94,5.0,5.0,10.58,40.68,15.76,27.57,12.45,23.93,22.93,15.76,27.57,40.68,人气Top50；当日上涨；收在日内高位；持续霸榜；市场强势且个股相对强势,近5日趋势未确认；仍在20日线下方；热度可能进入后段；v3尾盘版回避高位长连榜,v3
2026-06-04,603773,沃格光电,41,不推送,57.17,29,-0.62,7.59,9.41,-22.8,40.57,22.01,13.33,22.77,14.03,33.84,22.01,29.04,40.57,人气Top50；当日上涨；收盘承接较强；温和放量；近5日趋势升温；持续霸榜；人气排名明显上升；震荡市里保持相对强势；震荡市里承接未失控,偏离20日线较大；热度可能进入后段；v3尾盘版回避高位长连榜,v3
2026-05-25,600487,亨通光电,33,不推送,38.55,37,-1.81,-5.37,-1.71,-11.24,40.56,-3.9,3.05,-2.13,4.95,30.3,-1.71,10.24,40.56,人气Top50；收盘承接较强；温和放量；站上20日线且不过热；持续霸榜；人气排名明显上升,热度可能进入后段；强势市里个股相对走弱；v3尾盘版回避高位长连榜,v3
2026-06-05,603986,兆易创新,42,不推送,2.5,28,-6.09,-3.46,-0.06,4.81,40.47,-2.07,-1.94,4.28,4.42,40.47,2.42,3.87,40.47,人气Top50；温和放量；近5日趋势升温；站上20日线且不过热；持续霸榜,当日转弱；收盘承接偏弱；热度可能进入后段；人气排名明显回落；弱市先收缩执行；弱市里的长连榜样本优先降权；v3尾盘版回避高位长连榜,v3
2026-06-10,000021,深科技,26,不推送,54.3,25,-2.23,1.14,2.17,12.16,40.45,2.15,11.05,4.47,13.58,37.68,4.94,11.18,40.45,人气Top50；收盘承接较强；温和放量；站上20日线且不过热；连续上榜确认；人气排名明显上升；弱市中个股相对抗跌,-,v3
2026-06-15,300620,光库科技,93,观察池,56.6,22,22.0,33.37,34.39,-7.23,40.44,32.79,30.66,8.85,7.1,28.51,37.61,37.61,40.44,当日涨停附近；收在日内高位；温和放量；站上20日线且不过热；市场强势且个股相对强势,近5日趋势未确认；人气排名明显回落；涨停封板不可买,v3
2026-05-11,603618,杭电股份,75,不推送,24.6,47,18.33,27.64,29.47,-5.49,40.42,19.28,21.8,0.8,2.93,19.75,30.14,30.14,40.42,温和放量；近5日趋势升温；站上20日线且不过热；连续上榜确认；市场强势且个股相对强势,当日转弱；收盘承接偏弱,v3
2026-05-12,600396,华电辽能,3,不推送,47.6,46,16.4,28.07,28.07,-6.81,40.37,34.8,24.9,15.81,7.31,30.55,40.37,40.37,40.37,人气Top3；当日上涨；近5日强势延续；持续霸榜；人气排名明显上升；市场强势且个股相对强势,短线涨幅偏高；偏离20日线较大；热度可能进入后段；v3尾盘版回避高位长连榜,v3
2026-05-11,600396,华电辽能,14,不推送,46.6,47,8.28,16.4,16.4,-6.81,40.37,28.69,21.35,18.86,12.07,23.9,40.37,40.37,40.37,人气Top20；当日上涨；近5日趋势升温；连续上榜确认；市场强势且个股相对强势,偏离20日线较大,v3
2026-06-09,600378,昊华科技,30,不推送,60.6,26,3.0,10.84,10.84,-6.47,40.31,9.8,11.43,6.6,8.19,29.01,22.0,22.0,40.31,人气Top50；当日上涨；温和放量；近5日趋势升温；连续上榜确认；市场强势且个股相对强势；v2连榜升温修正,偏离20日线较大,v3
2026-05-18,002031,巨轮智能,5,观察池,55.17,42,30.43,37.83,40.3,-17.93,40.3,19.41,18.59,-8.45,-9.08,3.12,40.3,40.3,40.3,人气Top10；当日涨停附近；收在日内高位；连续上榜确认；震荡市里保持相对强势；震荡市里承接未失控,量能不足；近5日趋势未确认；仍在20日线下方；涨停封板不可买,v3
2026-04-16,600487,亨通光电,87,不推送,26.0,61,-1.04,4.72,5.57,22.04,40.18,12.53,30.82,13.71,32.19,23.64,14.77,32.29,40.18,收盘承接较强；温和放量；站上20日线且不过热；持续霸榜,近5日趋势未确认；热度可能进入后段；v3尾盘版回避高位长连榜,v3
2026-06-10,600105,永鼎股份,54,不推送,0.0,25,-2.44,-0.85,4.7,-15.61,40.17,1.42,19.56,3.96,22.55,38.26,4.7,22.59,40.17,站上20日线且不过热；持续霸榜；人气排名明显上升,当日转弱；收盘承接偏弱；热度可能进入后段；弱市先收缩执行；后段人气股在偏弱环境里更谨慎；弱市里的长连榜样本优先降权；v3尾盘版回避高位长连榜,v3
2026-04-14,002463,沪电股份,4,强推观察,131.0,63,0.57,-5.39,1.12,40.17,40.17,-0.39,1.82,-0.96,1.24,3.94,1.37,3.36,11.5,人气Top10；当日涨停附近；收在日内高位；温和放量；近5日强势延续；站上20日线且不过热；连续上榜确认；人气排名明显上升；v2强势延续修正；v2连榜升温修正；v2低分涨停修正；v3热点早段优先,短线涨幅偏高,v3
2026-05-12,688008,澜起科技,84,不推送,0.0,46,13.65,26.24,26.24,2.99,40.16,20.96,20.54,6.43,6.06,32.82,37.55,37.55,40.16,近5日趋势升温；站上20日线且不过热；连续上榜确认；市场强势且个股相对强势,当日转弱；收盘承接偏弱；量能不足；人气排名明显回落,v3
2026-06-09,002491,通鼎互联,57,不推送,36.6,26,-2.38,-8.13,-1.74,-28.14,40.13,-14.03,-1.29,-11.93,1.12,40.13,-1.74,0.38,40.13,当日上涨；收盘承接较强；近5日趋势升温；站上20日线且不过热；持续霸榜；市场强势且个股相对强势,热度可能进入后段；人气排名明显回落；v3尾盘版回避高位长连榜,v3
2026-04-22,603618,杭电股份,41,强推观察,115.0,57,1.09,10.02,10.02,4.9,40.11,6.34,3.22,5.2,2.11,30.65,16.04,16.04,40.11,人气Top50；当日涨停附近；收在日内高位；温和放量；近5日强势延续；站上20日线且不过热；连续上榜确认；v2强势延续修正；v2低分涨停修正；v3尾盘涨停延续；v3尾盘缩量强承接,短线涨幅偏高；人气排名明显回落,v3
2026-05-12,300058,蓝色光标,16,不推送,42.6,46,30.13,36.13,37.14,-4.41,40.1,27.6,34.32,-1.94,3.22,17.34,40.1,40.1,40.1,人气Top20；当日强涨；温和放量；连续上榜确认；人气排名明显上升；市场强势且个股相对强势,近5日趋势未确认；仍在20日线下方；v3尾盘承接一般；v3尾盘半板但封单不强,v3
2026-05-11,300058,蓝色光标,66,不推送,18.6,47,34.54,31.58,36.42,-4.41,40.1,25.36,29.26,-6.82,-3.92,21.17,40.1,40.1,40.1,当日强涨；温和放量；连续上榜确认；市场强势且个股相对强势,近5日趋势未确认；仍在20日线下方；人气排名明显回落；v3尾盘承接一般；v3尾盘半板但封单不强,v3
2026-06-17,600460,士兰微,38,普通观察,80.6,20,-0.64,2.63,4.56,-11.14,40.09,15.41,22.33,16.15,23.11,23.9,19.36,26.18,40.09,人气Top50；当日上涨；收盘承接较强；放量仍可控；近5日趋势升温；站上20日线且不过热；连续上榜确认；市场强势且个股相对强势；v2连榜升温修正；v3热点早段优先,-,v3
2026-06-05,600183,生益科技,48,不推送,0.0,28,-8.06,-2.17,2.42,7.26,40.02,7.19,10.39,16.59,20.06,34.63,12.74,18.67,40.02,人气Top50；站上20日线且不过热；持续霸榜；人气排名明显上升,当日转弱；收盘承接偏弱；近5日趋势未确认；热度可能进入后段；弱市先收缩执行；弱市里的长连榜样本优先降权；市场健康度不足，收缩推送；市场健康度偏弱；v3尾盘版回避高位长连榜,v3
2026-04-17,002463,沪电股份,76,不推送,44.0,60,-1.19,-0.16,3.24,40.0,40.0,5.23,4.32,6.5,5.58,6.79,5.98,11.37,11.37,当日上涨；温和放量；近5日趋势升温；站上20日线且不过热；持续霸榜；人气排名明显上升,热度可能进入后段；v3尾盘版回避高位长连榜,v3
2026-05-20,300390,天华新能,74,不推送,0.0,40,32.8,28.19,36.85,-14.73,39.96,30.75,34.26,-1.55,1.1,17.6,36.85,39.96,39.96,温和放量；人气排名明显上升,当日转弱；收盘承接偏弱；近5日趋势未确认；仍在20日线下方；震荡市里相对走弱；后段人气股在偏弱环境里更谨慎；市场健康度不足，收缩推送,v3
2026-04-15,300857,协创数据,45,普通观察,74.0,62,0.47,13.66,14.35,17.18,39.82,9.74,30.22,9.23,29.61,35.72,14.74,30.22,39.82,人气Top50；当日涨停附近；放量仍可控；近5日趋势升温；站上20日线且不过热；连续上榜确认；v2低分涨停修正；v3热点早段优先,v3尾盘承接一般,v3
2026-06-15,002185,华天科技,24,不推送,52.6,22,1.35,4.39,5.74,21.85,39.78,14.88,14.47,13.35,12.95,30.7,16.81,22.32,39.78,人气Top50；当日上涨；收在日内高位；温和放量；持续霸榜；人气排名明显上升；市场强势且个股相对强势,热度可能进入后段；v3尾盘版回避高位长连榜,v3
2026-04-29,600156,华升股份,92,不推送,46.0,52,5.73,-3.4,9.94,-31.78,39.75,5.19,8.24,-0.51,2.37,20.77,9.94,17.46,39.75,当日涨停附近；收在日内高位；近5日趋势升温；v3尾盘缩量强承接,量能不足；偏离20日线较大；人气排名明显回落,v3
2026-06-12,300666,江丰电子,71,不推送,0.0,23,2.02,5.47,7.05,-13.79,39.73,8.33,10.91,6.19,8.71,37.39,10.93,17.3,39.73,放量仍可控；近5日强势延续；连续上榜确认；震荡市里保持相对强势,当日转弱；收盘承接偏弱；短线涨幅偏高；偏离20日线较大；人气排名明显回落；后段人气股在偏弱环境里更谨慎,v3
2026-05-19,600410,华胜天成,90,观察池,53.45,41,37.5,34.3,39.73,-13.71,39.73,28.32,23.07,-6.68,-10.5,12.5,39.73,39.73,39.73,当日涨停附近；收在日内高位；温和放量；震荡市里保持相对强势；震荡市里承接未失控；v3尾盘缩量强承接,近5日趋势未确认；仍在20日线下方；后段人气股在偏弱环境里更谨慎；涨停封板不可买,v3
2026-05-22,002421,达实智能,5,不推送,38.6,38,23.06,28.69,28.69,-21.98,39.68,22.79,10.19,-0.22,-10.46,39.68,38.34,38.34,39.68,人气Top10；温和放量；近5日趋势升温；站上20日线且不过热；持续霸榜；市场强势且个股相对强势,当日转弱；收盘承接偏弱；热度可能进入后段；v3尾盘版回避高位长连榜,v3
2026-06-30,000938,紫光股份,43,观察池,106.6,12,5.13,3.71,8.42,33.71,39.57,4.92,9.08,-0.2,3.76,28.14,9.46,15.42,39.57,人气Top50；当日涨停附近；收在日内高位；温和放量；近5日趋势升温；站上20日线且不过热；人气排名明显上升；市场强势且个股相对强势；v3尾盘涨停延续；v3热点早段优先,涨停封板不可买,v3
2026-06-17,600552,凯盛科技,98,观察池,74.6,20,-0.5,-3.36,1.99,-26.98,39.54,6.13,11.52,6.66,12.08,10.86,12.6,21.18,39.54,当日涨停附近；收在日内高位；近5日趋势升温；站上20日线且不过热；市场强势且个股相对强势；v2低分涨停修正；v3尾盘缩量强承接,人气排名明显回落；涨停封板不可买,v3
2026-05-27,600522,中天科技,30,不推送,0.0,35,0.51,3.76,4.33,-4.25,39.51,0.87,15.19,0.36,14.6,27.89,11.65,20.31,39.51,人气Top50；持续霸榜,当日转弱；收盘承接偏弱；近5日趋势未确认；热度可能进入后段；震荡市里相对走弱；市场健康度不足，收缩推送；v3尾盘版回避高位长连榜,v3
2026-04-20,002463,沪电股份,91,不推送,14.0,59,-2.03,1.35,2.55,39.51,39.51,8.29,6.58,10.53,8.79,9.57,10.98,10.98,10.98,温和放量；近5日趋势升温；站上20日线且不过热；持续霸榜,收盘承接偏弱；热度可能进入后段；上影线偏长；v3尾盘版回避高位长连榜,v3
2026-06-24,600667,太极实业,3,观察池,95.6,16,9.73,9.73,9.73,-18.6,39.5,25.77,39.5,14.61,27.13,3.78,27.94,39.5,39.5,人气Top3；当日涨停附近；收在日内高位；近5日强势延续；持续霸榜；人气排名明显上升；市场强势且个股相对强势；v2低分涨停修正；v3尾盘涨停延续,短线涨幅偏高；偏离20日线较大；热度可能进入后段；v3尾盘版回避高位长连榜；涨停封板不可买,v3
2026-04-27,002015,协鑫能科,12,不推送,0.0,54,-1.15,3.06,4.81,-25.89,39.43,-3.06,12.45,-1.93,13.76,27.8,6.17,14.2,39.43,人气Top20；站上20日线且不过热；持续霸榜；人气排名明显上升,当日转弱；收盘承接偏弱；近5日趋势未确认；热度可能进入后段；v3尾盘版回避高位长连榜,v3
2026-04-30,600522,中天科技,49,不推送,6.0,51,1.66,5.34,6.43,12.89,39.43,23.49,33.09,21.47,30.92,34.51,24.28,39.43,39.43,人气Top50；温和放量；站上20日线且不过热；持续霸榜；人气排名明显上升,当日转弱；收盘承接偏弱；近5日趋势未确认；热度可能进入后段；v3尾盘版回避高位长连榜,v3
2026-04-22,600736,苏州高新,48,普通观察,72.0,57,9.99,9.99,9.99,-12.35,39.42,0.53,10.38,-8.6,0.36,30.22,21.02,21.02,39.42,人气Top50；当日涨停附近；收在日内高位；近5日趋势升温；站上20日线且不过热；连续上榜确认；人气排名明显上升；v2低分涨停修正；v3热点早段优先,放量过猛；v3尾盘版回避放量过猛,v3
2026-04-22,603538,美诺华,74,不推送,0.0,57,0.81,10.0,10.0,-24.06,39.39,11.68,29.31,10.78,28.27,13.52,17.62,29.31,39.39,温和放量；站上20日线且不过热；持续霸榜,当日转弱；收盘承接偏弱；近5日趋势未确认；热度可能进入后段；v3尾盘版回避高位长连榜,v3
2026-05-18,002181,粤传媒,8,不推送,0.0,42,25.63,22.41,28.4,-34.54,39.37,4.76,1.07,-16.62,-19.55,39.37,28.4,28.4,39.37,人气Top10；温和放量；持续霸榜；人气排名明显上升,当日转弱；收盘承接偏弱；近5日趋势未确认；仍在20日线下方；热度可能进入后段；震荡市里相对走弱；市场健康度不足，收缩推送；v3尾盘版回避高位长连榜,v3
2026-06-16,002579,中京电子,97,不推送,36.6,21,-2.38,10.01,10.01,-18.46,39.37,25.91,15.31,28.98,18.12,27.52,31.03,31.03,39.37,收盘承接较强；站上20日线且不过热；连续上榜确认；市场强势且个股相对强势；v3尾盘缩量强承接,人气排名明显回落,v3
2026-05-26,002181,粤传媒,39,不推送,0.0,36,11.36,15.12,21.8,-34.54,39.37,26.71,25.4,13.78,12.61,15.81,30.47,39.37,39.37,人气Top50；温和放量；人气排名明显上升,当日转弱；收盘承接偏弱；近5日趋势未确认；仍在20日线下方；震荡市里相对走弱,v3
2026-05-07,002008,大族激光,35,观察池,98.6,49,2.66,8.6,9.37,-3.66,39.29,19.83,32.81,16.72,29.37,27.07,24.43,39.29,39.29,人气Top50；当日涨停附近；收在日内高位；近5日趋势升温；站上20日线且不过热；市场强势且个股相对强势；v3尾盘涨停延续；v3尾盘缩量强承接；v3热点早段优先,涨停封板不可买,v3
2026-06-12,000657,中钨高新,18,普通观察,83.45,23,-1.36,6.11,6.11,-17.67,39.28,9.33,32.35,10.84,34.17,16.72,14.97,32.35,39.28,人气Top20；当日上涨；温和放量；近5日趋势升温；站上20日线且不过热；连续上榜确认；震荡市里保持相对强势；v2连榜升温修正；v3热点早段优先,-,v3
2026-04-13,600487,亨通光电,33,不推送,12.0,64,0.04,-1.53,1.72,21.24,39.26,-0.65,13.83,-0.69,13.79,33.45,1.72,14.02,39.26,人气Top50；温和放量；站上20日线且不过热；连续上榜确认,当日转弱；收盘承接偏弱；近5日趋势未确认,v3
2026-06-03,601208,东材科技,80,不推送,43.73,30,0.69,8.23,9.86,-11.42,39.24,-1.58,13.22,-2.25,12.44,32.92,9.86,16.83,39.24,当日强涨；温和放量；近5日趋势升温；站上20日线且不过热；震荡市里保持相对强势,人气排名明显回落；后段人气股在偏弱环境里更谨慎；v3尾盘半板但封单不强,v3
2026-05-28,603678,火炬电子,53,观察池,59.6,34,3.4,2.22,8.56,7.72,39.21,23.72,36.27,19.64,31.79,30.86,23.72,39.21,39.21,当日涨停附近；收在日内高位；温和放量；近5日强势延续；市场强势且个股相对强势,短线涨幅偏高；偏离20日线较大；涨停封板不可买,v3
2026-07-02,000938,紫光股份,91,不推送,0.0,10,5.35,4.59,9.12,33.3,39.14,8.74,23.25,3.21,16.98,33.3,15.06,23.49,39.14,温和放量；站上20日线且不过热；连续上榜确认,当日转弱；收盘承接偏弱；人气排名明显回落；弱市先收缩执行；后段人气股在偏弱环境里更谨慎,v3
2026-05-20,002185,华天科技,7,不推送,49.45,40,1.33,-3.8,4.25,31.9,39.12,7.48,27.65,6.07,25.97,21.37,7.48,30.12,39.12,人气Top10；当日上涨；温和放量；近5日趋势升温；站上20日线且不过热；持续霸榜；人气排名明显上升；震荡市里保持相对强势,收盘承接偏弱；热度可能进入后段；上影线偏长；v3尾盘版回避高位长连榜；v3尾盘承接一般,v3
2026-04-24,600522,中天科技,8,不推送,24.0,55,3.25,7.74,10.0,12.59,39.05,3.22,5.06,-0.03,1.75,31.29,10.0,10.0,39.05,人气Top10；近5日趋势升温；站上20日线且不过热；持续霸榜；人气排名明显上升,当日转弱；收盘承接偏弱；热度可能进入后段；v3尾盘版回避高位长连榜,v3
2026-04-13,000889,中嘉博创,44,不推送,14.0,64,-0.77,9.95,9.95,-14.8,39.03,27.55,31.12,28.53,32.13,13.78,32.91,39.03,39.03,人气Top50；近5日趋势升温；站上20日线且不过热；连续上榜确认；v3热点早段优先,当日转弱；收盘承接偏弱；v3尾盘版回避放量过猛,v3
2026-06-05,300319,麦捷科技,43,不推送,0.0,28,1.16,-0.82,8.61,-23.99,38.98,-4.91,-15.68,-6.0,-16.65,36.22,8.61,8.61,38.98,人气Top50；当日上涨；温和放量,收盘承接偏弱；短线涨幅过热；远离20日线过多；上影线偏长；弱市先收缩执行,v3
2026-06-05,000988,华工科技,53,不推送,0.0,28,11.52,13.7,18.24,0.0,38.93,13.82,15.55,2.06,3.61,33.65,19.01,19.05,38.93,持续霸榜；人气排名明显上升,当日转弱；收盘承接偏弱；近5日趋势未确认；仍在20日线下方；热度可能进入后段；弱市先收缩执行；后段人气股在偏弱环境里更谨慎；弱市里的长连榜样本优先降权；市场健康度不足，收缩推送；市场健康度偏弱；v3尾盘版回避高位长连榜,v3
2026-04-10,002916,深南电路,83,不推送,50.0,65,-1.16,2.54,3.0,38.92,38.92,3.4,8.03,4.61,9.29,14.09,11.4,11.4,18.54,当日强涨；收盘承接较强；放量仍可控；近5日趋势升温；站上20日线且不过热,v3尾盘半板但封单不强,v3
2026-06-01,600863,华能蒙电,14,不推送,0.0,32,33.51,31.55,35.29,-17.65,38.86,22.64,8.02,-8.14,-19.09,1.07,38.86,38.86,38.86,人气Top20；站上20日线且不过热；持续霸榜,当日转弱；收盘承接偏弱；近5日趋势未确认；热度可能进入后段；弱市先收缩执行；弱市里的长连榜样本优先降权；市场健康度不足，收缩推送；市场健康度偏弱；v3尾盘版回避高位长连榜,v3
2026-04-24,603738,泰晶科技,68,不推送,29.0,55,2.76,-2.21,8.01,-5.05,38.86,0.03,-2.41,-2.66,-5.04,35.54,8.01,8.01,38.86,当日强涨；温和放量；近5日强势延续,短线涨幅偏高；偏离20日线较大；v3尾盘半板但封单不强,v3
2026-05-11,603601,再升科技,93,不推送,0.0,47,20.0,12.78,20.27,-40.27,38.86,10.77,24.08,-7.69,3.4,28.83,24.08,24.08,38.86,连续上榜确认,当日转弱；收盘承接偏弱；近5日趋势未确认；人气排名明显回落；强势市里个股相对走弱,v3
2026-06-11,600522,中天科技,10,不推送,8.5,24,3.25,-1.08,6.28,-23.49,38.82,10.27,15.18,6.8,11.55,25.41,12.34,17.68,38.82,人气Top10；近5日趋势升温；站上20日线且不过热；持续霸榜,当日转弱；收盘承接偏弱；热度可能进入后段；弱市先收缩执行；弱市里的长连榜样本优先降权；v3尾盘版回避高位长连榜,v3
2026-07-07,000725,京东方A,2,不推送,0.0,7,27.95,26.96,31.45,0.67,38.77,26.29,16.81,-1.3,-8.71,,38.77,38.77,,人气Top3；持续霸榜,当日转弱；收盘承接偏弱；量能不足；近5日趋势未确认；仍在20日线下方；热度可能进入后段；弱市先收缩执行；弱市里的长连榜样本优先降权；市场健康度不足，收缩推送；市场健康度偏弱；Top3高热度拥挤，次日兑现风险；v3尾盘版回避高位长连榜,v3
2026-07-08,000725,京东方A,2,不推送,0.0,6,28.29,35.61,36.11,0.67,38.77,13.64,6.16,-11.41,-17.25,,38.77,38.77,,人气Top3；持续霸榜,当日转弱；收盘承接偏弱；近5日趋势未确认；仍在20日线下方；热度可能进入后段；弱市先收缩执行；弱市里的长连榜样本优先降权；市场健康度不足，收缩推送；市场健康度偏弱；Top3高热度拥挤，次日兑现风险；v3尾盘版回避高位长连榜,v3
2026-07-08,301308,江波龙,4,不推送,0.0,6,31.5,33.33,34.26,-0.31,38.73,12.26,4.94,-14.63,-20.2,,38.73,38.73,,人气Top10；连续上榜确认,当日转弱；收盘承接偏弱；近5日趋势未确认；仍在20日线下方；弱市先收缩执行；市场健康度不足，收缩推送；市场健康度偏弱,v3
2026-06-12,600522,中天科技,5,不推送,23.45,23,1.66,4.48,4.72,-23.54,38.73,11.76,21.41,9.94,19.43,20.33,14.64,24.58,38.73,人气Top10；近5日趋势升温；站上20日线且不过热；持续霸榜；震荡市里保持相对强势,当日转弱；收盘承接偏弱；热度可能进入后段；v3尾盘版回避高位长连榜,v3
2026-07-07,301308,江波龙,4,不推送,0.0,7,35.03,27.46,37.2,-0.31,38.73,26.36,15.81,-6.42,-14.24,,38.73,38.73,,人气Top10；连续上榜确认,当日转弱；收盘承接偏弱；近5日趋势未确认；仍在20日线下方；弱市先收缩执行；市场健康度不足，收缩推送；市场健康度偏弱,v3
2026-05-29,600162,香江控股,80,观察池,52.58,33,-1.43,4.66,9.68,-0.36,38.71,20.07,23.3,21.82,25.09,24.37,22.94,32.26,38.71,当日涨停附近；收在日内高位；温和放量；弱市中个股相对抗跌；v3尾盘缩量强承接,短线涨幅过热；偏离20日线较大；后段人气股在偏弱环境里更谨慎；涨停封板不可买,v3
2026-04-27,600736,苏州高新,81,不推送,6.0,54,-5.23,2.22,9.67,-12.81,38.69,6.54,26.14,12.41,33.1,12.42,13.07,26.14,38.69,温和放量；近5日趋势升温；站上20日线且不过热；持续霸榜,当日转弱；收盘承接偏弱；热度可能进入后段；人气排名明显回落；v3尾盘版回避高位长连榜,v3
2026-04-14,301189,奥尼电子,85,不推送,32.0,26,17.5,20.0,20.0,38.64,38.64,13.9,19.5,-3.06,1.7,8.63,24.81,24.81,24.81,当日涨停附近；收在日内高位；温和放量,短线涨幅过热；远离20日线过多,v3
2026-05-19,601991,大唐发电,1,不推送,16.35,41,14.03,13.73,23.38,-14.18,38.61,3.92,7.99,-8.86,-5.29,38.46,23.38,23.38,38.61,人气Top3；站上20日线且不过热；持续霸榜,近5日趋势未确认；热度可能进入后段；市场健康度不足，收缩推送；Top3高热度拥挤，次日兑现风险；v3尾盘版回避高位长连榜,v3
2026-05-12,603629,利通电子,33,不推送,0.0,46,0.32,10.36,10.36,-35.54,38.58,8.63,11.37,8.28,11.02,35.42,15.97,15.97,38.58,人气Top50；近5日趋势升温；持续霸榜；市场强势且个股相对强势,当日转弱；收盘承接偏弱；偏离20日线较大；热度可能进入后段；v3尾盘版回避高位长连榜,v3
2026-04-29,300769,德方纳米,62,不推送,55.0,15,9.76,12.92,17.67,9.53,38.58,26.73,26.0,15.46,14.8,13.9,32.61,38.58,38.58,当日涨停附近；收在日内高位；放量仍可控；近5日强势延续；v2低分涨停修正,短线涨幅偏高；偏离20日线较大,v3
2026-06-12,600498,烽火通信,34,不推送,29.45,23,1.81,7.27,8.33,-30.31,38.55,21.29,30.6,19.14,28.28,13.98,26.07,31.04,38.55,人气Top50；当日上涨；温和放量；近5日趋势升温；站上20日线且不过热；持续霸榜；震荡市里保持相对强势,收盘承接偏弱；热度可能进入后段；上影线偏长；v3尾盘版回避高位长连榜；v3尾盘承接一般,v3
2026-04-14,000938,紫光股份,7,不推送,54.0,63,-0.04,-1.36,0.39,38.51,38.51,-0.57,-0.9,-0.54,-0.86,13.35,2.94,4.63,17.95,人气Top10；温和放量；近5日趋势升温；站上20日线且不过热；v3热点早段优先,当日转弱,v3
2026-06-15,600105,永鼎股份,87,不推送,28.55,22,0.92,10.18,10.18,-16.66,38.44,16.26,16.96,15.21,15.89,26.3,21.07,24.76,38.44,当日上涨；收盘承接较强；站上20日线且不过热；v3尾盘缩量强承接,人气排名明显回落；强势市里个股相对走弱,v3
2026-05-26,002552,宝鼎科技,78,观察池,69.45,36,-0.37,4.88,10.0,12.6,38.4,19.76,26.15,20.21,26.63,34.83,23.85,30.72,38.4,当日涨停附近；收在日内高位；温和放量；近5日趋势升温；连续上榜确认；震荡市里保持相对强势；震荡市里承接未失控；v2低分涨停修正,远离20日线过多；后段人气股在偏弱环境里更谨慎；涨停封板不可买,v3
2026-06-11,002842,翔鹭钨业,82,观察池,88.58,24,5.36,0.53,9.63,-12.48,38.38,17.82,21.3,11.82,15.13,32.59,20.44,21.3,38.38,当日涨停附近；收在日内高位；温和放量；近5日趋势升温；站上20日线且不过热；弱市中个股相对抗跌；v2低分涨停修正；v3尾盘缩量强承接,后段人气股在偏弱环境里更谨慎；涨停封板不可买,v3
2026-06-18,600111,北方稀土,74,不推送,0.0,19,32.89,38.38,38.38,-0.66,38.38,25.81,20.78,-5.33,-9.12,24.12,38.38,38.38,38.38,持续霸榜；人气排名明显上升,当日转弱；收盘承接偏弱；近5日趋势未确认；仍在20日线下方；热度可能进入后段；强势市里个股相对走弱；v3尾盘版回避高位长连榜,v3
2026-06-10,002579,中京电子,66,不推送,0.0,25,-2.39,-3.84,0.63,-13.9,38.36,2.83,16.16,5.35,19.01,33.96,3.96,16.16,38.36,持续霸榜,当日转弱；收盘承接偏弱；近5日趋势未确认；热度可能进入后段；人气排名明显回落；弱市先收缩执行；后段人气股在偏弱环境里更谨慎；弱市里的长连榜样本优先降权；市场健康度不足，收缩推送；市场健康度偏弱；v3尾盘版回避高位长连榜,v3
2026-05-18,002421,达实智能,43,不推送,0.0,42,4.02,4.02,4.02,-21.98,38.34,6.17,28.69,2.06,23.71,21.18,26.01,28.69,38.34,人气Top50；近5日趋势升温；站上20日线且不过热；震荡市里保持相对强势；v3热点早段优先,当日转弱；收盘承接偏弱；放量过猛；v3尾盘版回避放量过猛,v3
2026-06-17,002491,通鼎互联,32,观察池,134.6,20,4.53,10.0,10.0,-33.82,38.31,17.31,34.1,12.23,28.29,-7.24,23.65,38.31,38.31,人气Top50；当日涨停附近；收在日内高位；温和放量；近5日趋势升温；站上20日线且不过热；连续上榜确认；市场强势且个股相对强势；v2强势延续修正；v2连榜升温修正；v2低分涨停修正；v3尾盘涨停延续；v3热点早段优先,涨停封板不可买,v3
2026-05-06,600176,中国巨石,82,不推送,16.0,51,1.48,6.7,8.96,38.29,38.29,9.59,9.07,8.0,7.48,0.61,11.62,15.04,15.04,温和放量；站上20日线且不过热；连续上榜确认,当日转弱；人气排名明显回落,v3
2026-04-30,600176,中国巨石,53,不推送,16.0,51,1.48,6.7,8.96,38.29,38.29,9.59,9.07,8.0,7.48,0.61,11.62,15.04,15.04,温和放量；站上20日线且不过热；人气排名明显上升,当日转弱,v3
2026-05-26,002342,巨力索具,93,不推送,0.0,36,38.06,28.91,38.28,-10.16,38.28,26.0,24.67,-8.73,-9.7,20.54,38.28,38.28,38.28,持续霸榜,当日转弱；收盘承接偏弱；量能不足；近5日趋势未确认；仍在20日线下方；热度可能进入后段；人气排名明显回落；震荡市里相对走弱；后段人气股在偏弱环境里更谨慎；v3尾盘版回避高位长连榜,v3
2026-06-10,300666,江丰电子,92,不推送,68.58,25,4.1,19.3,19.3,-2.08,38.27,19.79,23.04,15.08,18.2,34.64,38.27,38.27,38.27,当日强涨；收盘承接较强；温和放量；近5日趋势升温；站上20日线且不过热；连续上榜确认；弱市中个股相对抗跌,后段人气股在偏弱环境里更谨慎,v3
2026-04-30,601016,节能风电,95,不推送,0.0,51,-0.47,10.09,10.09,-22.54,38.26,15.02,20.19,15.57,20.75,20.42,19.72,25.59,38.26,站上20日线且不过热；持续霸榜,当日转弱；收盘承接偏弱；近5日趋势未确认；热度可能进入后段；人气排名明显回落；v3尾盘版回避高位长连榜,v3
2026-04-29,603629,利通电子,12,不推送,62.0,52,8.4,9.99,10.0,-23.16,38.24,20.56,24.02,11.21,14.4,32.97,26.86,32.21,38.24,人气Top20；当日涨停附近；收在日内高位；近5日趋势升温；持续霸榜；v2低分涨停修正；v3尾盘涨停延续,量能不足；远离20日线过多；热度可能进入后段；v3尾盘版回避高位长连榜,v3
2026-06-12,688126,沪硅产业,99,不推送,0.0,23,0.24,7.92,12.17,-0.1,38.23,11.99,17.18,11.72,16.9,34.81,14.79,18.49,38.23,站上20日线且不过热；震荡市里保持相对强势,当日转弱；收盘承接偏弱；量能不足；人气排名明显回落；后段人气股在偏弱环境里更谨慎,v3
2026-04-10,002342,巨力索具,67,不推送,6.0,65,0.39,5.42,7.48,-48.06,38.19,18.0,22.97,17.54,22.49,22.84,20.71,26.97,38.19,放量仍可控；近5日趋势升温；站上20日线且不过热,当日转弱；收盘承接偏弱,v3
2026-05-21,300069,金利华电,64,观察池,0.0,39,20.0,20.0,20.0,-13.96,38.18,16.34,18.91,-3.05,-0.91,11.67,38.18,38.18,38.18,当日涨停附近；收在日内高位,量能不足；短线涨幅过热；远离20日线过多；一字或近似一字，参与点差；弱市先收缩执行；后段人气股在偏弱环境里更谨慎；一字板不可买,v3
2026-06-16,301308,江波龙,99,不推送,44.6,21,-3.25,5.34,8.1,-14.58,38.17,13.53,14.24,17.35,18.08,23.06,13.69,17.9,38.17,收盘承接较强；温和放量；近5日趋势升温；站上20日线且不过热；市场强势且个股相对强势,人气排名明显回落,v3
2026-06-12,688146,中船特气,44,不推送,0.0,20,2.62,5.37,5.57,-15.53,38.13,12.52,29.18,9.65,25.88,20.9,20.84,32.33,38.13,人气Top50；近5日强势延续；连续上榜确认；震荡市里保持相对强势,当日转弱；收盘承接偏弱；量能不足；短线涨幅偏高；远离20日线过多,v3
2026-06-17,600378,昊华科技,4,观察池,88.6,20,1.33,2.13,5.0,-23.7,38.09,3.98,7.21,2.61,5.8,28.79,14.47,14.47,38.09,人气Top10；当日涨停附近；收在日内高位；温和放量；近5日趋势升温；持续霸榜；市场强势且个股相对强势,偏离20日线较大；热度可能进入后段；v3尾盘版回避高位长连榜；涨停封板不可买,v3
2026-05-11,002624,完美世界,81,观察池,48.6,47,29.71,30.18,34.28,-11.82,38.06,26.24,18.99,-2.67,-8.26,8.59,38.06,38.06,38.06,当日涨停附近；收在日内高位；温和放量；连续上榜确认；市场强势且个股相对强势,近5日趋势未确认；仍在20日线下方；人气排名明显回落；涨停封板不可买,v3
2026-06-16,600378,昊华科技,13,不推送,50.6,21,-5.11,6.21,6.21,-18.96,38.04,16.9,11.79,23.19,17.81,34.84,18.86,21.57,38.04,人气Top20；当日上涨；温和放量；近5日趋势升温；持续霸榜；市场强势且个股相对强势,偏离20日线较大；热度可能进入后段；v3尾盘版回避高位长连榜,v3
2026-06-16,301526,国际复材,43,观察池,74.6,21,-5.2,2.52,11.12,-11.27,37.89,6.02,14.64,11.83,20.93,19.15,11.12,16.98,37.89,人气Top50；当日涨停附近；收在日内高位；温和放量；连续上榜确认；市场强势且个股相对强势；v3尾盘涨停延续；v3尾盘缩量强承接,短线涨幅过热；远离20日线过多；涨停封板不可买,v3
2026-06-02,600869,远东股份,32,观察池,122.6,31,2.41,6.37,9.97,-25.04,37.86,12.74,17.13,10.08,14.37,34.45,15.27,18.51,37.86,人气Top50；当日涨停附近；收在日内高位；温和放量；近5日趋势升温；站上20日线且不过热；人气排名明显上升；市场强势且个股相对强势；v2强势延续修正；v2低分涨停修正；v3尾盘涨停延续；v3热点早段优先,涨停封板不可买,v3
2026-04-29,603127,昭衍新药,40,不推送,24.0,52,0.98,0.6,3.47,37.81,37.81,1.89,3.86,0.9,2.84,1.37,5.56,5.56,8.05,人气Top50；温和放量；站上20日线且不过热；人气排名明显上升,当日转弱,v3
2026-04-16,603906,龙蟠科技,65,普通观察,74.0,61,2.99,3.75,8.58,-22.16,37.8,3.87,21.56,0.85,18.02,32.42,10.5,25.35,37.8,当日涨停附近；收在日内高位；近5日趋势升温；站上20日线且不过热；v2低分涨停修正；v3尾盘缩量强承接,-,v3
2026-06-03,000938,紫光股份,88,不推送,0.0,30,-1.96,-1.32,0.32,37.67,37.67,-7.78,-7.74,-5.93,-5.9,-2.93,3.57,3.57,3.57,温和放量,当日转弱；收盘承接偏弱；仍在20日线下方；震荡市里相对走弱；后段人气股在偏弱环境里更谨慎,v3
2026-04-20,002980,华盛昌,85,不推送,29.0,59,-2.41,5.38,7.97,37.65,37.65,-2.69,3.72,-0.29,6.28,6.92,7.97,7.97,11.79,当日上涨；收盘承接较强；温和放量；近5日强势延续；连续上榜确认,短线涨幅偏高；远离20日线过多；人气排名明显回落,v3
2026-06-16,600703,三安光电,11,观察池,78.6,21,0.71,1.9,3.5,-19.3,37.65,14.55,29.51,13.74,28.6,17.81,14.55,29.51,37.65,人气Top20；当日涨停附近；收在日内高位；温和放量；站上20日线且不过热；持续霸榜；人气排名明显上升；市场强势且个股相对强势,近5日趋势未确认；热度可能进入后段；v3尾盘版回避高位长连榜；涨停封板不可买,v3
2026-04-16,300308,中际旭创,11,普通观察,76.0,61,3.88,5.12,6.85,37.64,37.64,6.83,10.81,2.84,6.67,6.05,8.58,13.65,13.65,人气Top20；当日上涨；收在日内高位；温和放量；近5日趋势升温；站上20日线且不过热；持续霸榜；人气排名明显上升,热度可能进入后段；v3尾盘版回避高位长连榜,v3
2026-05-18,002407,多氟多,9,不推送,0.0,42,15.49,15.99,18.53,0.09,37.63,27.97,20.51,10.81,4.34,7.93,37.63,37.63,37.63,人气Top10；连续上榜确认,当日转弱；收盘承接偏弱；近5日趋势未确认；震荡市里相对走弱；市场健康度不足，收缩推送,v3
2026-07-08,600703,三安光电,43,不推送,0.0,6,24.45,31.08,31.22,0.07,37.63,15.83,4.93,-6.92,-15.68,,37.63,37.63,,人气Top50；持续霸榜,当日转弱；收盘承接偏弱；量能不足；近5日趋势未确认；仍在20日线下方；热度可能进入后段；弱市先收缩执行；弱市里的长连榜样本优先降权；市场健康度不足，收缩推送；市场健康度偏弱；v3尾盘版回避高位长连榜,v3
2026-05-15,002407,多氟多,10,不推送,0.0,43,16.12,17.91,23.93,0.09,37.63,27.59,33.9,9.88,15.31,5.68,27.59,37.63,37.63,人气Top10；人气排名明显上升,当日转弱；收盘承接偏弱；近5日趋势未确认；震荡市里相对走弱；市场健康度不足，收缩推送,v3
2026-05-11,002407,多氟多,91,不推送,0.0,47,10.69,7.02,12.45,0.09,37.63,3.36,17.91,-6.63,6.52,20.51,12.45,23.93,37.63,连续上榜确认,当日转弱；收盘承接偏弱；近5日趋势未确认；人气排名明显回落；强势市里个股相对走弱,v3
2026-07-07,600703,三安光电,43,不推送,0.0,7,31.08,22.61,32.18,0.07,37.63,24.74,10.24,-4.83,-15.9,,37.63,37.63,,人气Top50；持续霸榜,当日转弱；收盘承接偏弱；量能不足；近5日趋势未确认；仍在20日线下方；热度可能进入后段；弱市先收缩执行；弱市里的长连榜样本优先降权；市场健康度不足，收缩推送；市场健康度偏弱；v3尾盘版回避高位长连榜,v3
2026-05-12,002407,多氟多,74,不推送,0.0,46,7.02,6.77,7.84,0.09,37.63,13.77,15.99,6.3,8.38,13.77,13.77,23.93,37.63,持续霸榜；人气排名明显上升,当日转弱；收盘承接偏弱；近5日趋势未确认；热度可能进入后段；强势市里个股相对走弱；v3尾盘版回避高位长连榜,v3
2026-06-03,600183,生益科技,52,不推送,11.73,30,-1.87,3.15,5.92,5.91,37.62,-3.41,5.84,-1.57,7.86,29.8,5.92,11.32,37.62,温和放量；近5日趋势升温；站上20日线且不过热；持续霸榜；震荡市里保持相对强势,当日转弱；收盘承接偏弱；热度可能进入后段；后段人气股在偏弱环境里更谨慎；v3尾盘版回避高位长连榜,v3
2026-06-23,002167,东方锆业,46,观察池,45.8,17,0.46,9.99,9.99,-11.33,37.62,10.51,13.12,10.0,12.6,14.45,18.2,18.2,37.62,人气Top50；当日涨停附近；收在日内高位；近5日强势延续；连续上榜确认；人气排名明显上升,短线涨幅偏高；偏离20日线较大；一字或近似一字，参与点差；弱市先收缩执行；一字板不可买,v3
2026-06-11,600392,盛和资源,37,不推送,68.3,24,1.19,2.58,6.88,-8.55,37.57,15.43,25.88,14.07,24.4,19.76,15.43,25.88,37.57,人气Top50；当日上涨；收盘承接较强；温和放量；近5日趋势升温；站上20日线且不过热；弱市中个股相对抗跌；v3热点早段优先,-,v3
2026-05-26,000547,航天发展,100,不推送,0.0,36,36.33,29.66,37.55,-11.07,37.55,24.16,22.51,-8.93,-10.14,19.2,37.55,37.55,37.55,放量仍可控,当日转弱；收盘承接偏弱；近5日趋势未确认；仍在20日线下方；震荡市里相对走弱；后段人气股在偏弱环境里更谨慎,v3
2026-04-30,600726,华电能源,38,不推送,11.0,51,0.15,5.01,6.22,-15.78,37.48,13.96,16.84,13.79,16.67,6.22,24.58,24.58,37.48,人气Top50；温和放量；近5日强势延续；站上20日线且不过热；持续霸榜,当日转弱；收盘承接偏弱；短线涨幅偏高；热度可能进入后段；v3尾盘版回避高位长连榜,v3
2026-06-11,002281,光迅科技,47,不推送,0.0,24,3.52,0.97,3.99,3.69,37.44,13.31,31.13,9.45,26.67,18.39,17.19,31.13,37.44,人气Top50；持续霸榜；人气排名明显上升,收盘承接偏弱；近5日趋势未确认；热度可能进入后段；上影线偏长；弱市先收缩执行；弱市里的长连榜样本优先降权；市场健康度不足，收缩推送；市场健康度偏弱；v3尾盘版回避高位长连榜,v3
2026-05-28,600667,太极实业,86,不推送,32.6,34,0.29,-6.09,4.48,37.42,37.42,9.17,19.59,8.85,19.24,28.03,9.17,19.59,28.03,温和放量；近5日趋势升温；站上20日线且不过热；连续上榜确认；市场强势且个股相对强势,当日转弱；人气排名明显回落,v3
2026-06-12,002156,通富微电,67,不推送,0.0,23,1.54,6.53,6.6,31.47,37.41,16.36,23.33,14.59,21.46,25.64,19.44,24.84,37.41,温和放量；持续霸榜,当日转弱；收盘承接偏弱；近5日趋势未确认；仍在20日线下方；热度可能进入后段；震荡市里相对走弱；后段人气股在偏弱环境里更谨慎；市场健康度不足，收缩推送；v3尾盘版回避高位长连榜,v3
2026-05-15,002081,金螳螂,6,不推送,0.0,43,29.72,29.72,37.38,-29.16,37.38,13.64,8.6,-12.39,-16.28,12.71,37.38,37.38,37.38,人气Top10；持续霸榜,当日转弱；收盘承接偏弱；近5日趋势未确认；热度可能进入后段；震荡市里相对走弱；市场健康度不足，收缩推送；v3尾盘版回避高位长连榜,v3
2026-06-24,688797,臻宝科技,7,观察池,88.6,16,-4.09,-1.37,6.45,-40.24,37.36,2.73,27.43,7.1,32.86,-21.24,6.45,37.36,37.36,人气Top10；当日涨停附近；收在日内高位；站上20日线且不过热；首次上榜即强势；首次上榜强势提权；市场强势且个股相对强势,涨停封板不可买,v3
2026-06-26,601869,长飞光纤,92,不推送,0.0,14,35.6,31.63,37.15,0.32,37.32,26.99,18.64,-6.35,-12.51,3.64,37.32,37.32,37.32,温和放量；持续霸榜,当日转弱；近5日趋势未确认；仍在20日线下方；热度可能进入后段；人气排名明显回落；弱市先收缩执行；后段人气股在偏弱环境里更谨慎；弱市里的长连榜样本优先降权；市场健康度不足，收缩推送；市场健康度偏弱；v3尾盘版回避高位长连榜,v3
2026-06-22,000725,京东方A,1,不推送,57.6,18,-1.01,-2.17,2.17,-12.57,37.28,8.67,14.88,9.78,16.06,12.14,10.84,19.08,37.28,人气Top3；当日上涨；温和放量；近5日强势延续；站上20日线且不过热；持续霸榜；市场强势且个股相对强势,短线涨幅偏高；热度可能进入后段；上影线偏长；v3尾盘版回避高位长连榜；v3尾盘承接一般,v3
2026-06-10,002281,光迅科技,90,不推送,0.0,25,-0.77,1.05,3.67,3.56,37.26,10.93,19.06,11.78,19.98,28.63,10.93,21.03,37.26,持续霸榜,当日转弱；近5日趋势未确认；热度可能进入后段；人气排名明显回落；弱市先收缩执行；后段人气股在偏弱环境里更谨慎；弱市里的长连榜样本优先降权；市场健康度不足，收缩推送；市场健康度偏弱；v3尾盘版回避高位长连榜,v3
2026-06-12,603773,沃格光电,32,不推送,25.45,23,-6.2,0.22,1.37,-30.66,37.23,21.26,25.56,29.27,33.86,19.23,21.26,31.82,37.23,人气Top50；温和放量；站上20日线且不过热；持续霸榜；人气排名明显上升；震荡市里保持相对强势,当日转弱；热度可能进入后段；v3尾盘版回避高位长连榜,v3
2026-06-01,600522,中天科技,25,不推送,0.0,32,-1.69,8.04,9.14,-5.82,37.23,15.37,24.11,17.35,26.24,28.69,18.34,27.0,37.23,人气Top50；温和放量；持续霸榜,当日转弱；收盘承接偏弱；近5日趋势未确认；热度可能进入后段；弱市先收缩执行；弱市里的长连榜样本优先降权；市场健康度不足，收缩推送；市场健康度偏弱；v3尾盘版回避高位长连榜,v3
2026-05-14,300058,蓝色光标,65,不推送,0.0,44,26.45,27.6,33.6,-4.41,37.21,34.32,27.31,6.23,0.69,16.69,37.21,37.21,37.21,当日强涨；温和放量,近5日趋势未确认；仍在20日线下方；人气排名明显回落；弱市先收缩执行；后段人气股在偏弱环境里更谨慎；v3尾盘承接一般；v3尾盘半板但封单不强,v3
2026-05-18,300058,蓝色光标,35,不推送,33.45,42,28.03,34.32,37.21,-4.41,37.21,27.31,21.17,-0.56,-5.36,29.7,37.21,37.21,37.21,人气Top50；当日强涨；温和放量；连续上榜确认；人气排名明显上升；震荡市里保持相对强势,近5日趋势未确认；仍在20日线下方；v3尾盘承接一般；v3尾盘半板但封单不强,v3
2026-06-16,600226,亨通股份,65,不推送,60.6,21,-0.46,1.49,4.92,-22.54,37.19,21.05,30.55,21.61,31.15,10.76,22.88,30.55,37.19,当日上涨；收盘承接较强；温和放量；近5日趋势升温；站上20日线且不过热；连续上榜确认；市场强势且个股相对强势,人气排名明显回落,v3
2026-04-14,600105,永鼎股份,41,不推送,44.0,63,0.22,0.97,8.31,19.77,37.17,11.08,11.32,10.84,11.08,20.63,14.31,17.97,37.17,人气Top50；温和放量；近5日趋势升温；站上20日线且不过热；连续上榜确认；v2热点回踩观察；v3热点早段优先,当日转弱；收盘承接偏弱；人气排名明显回落,v3
2026-05-19,603986,兆易创新,31,不推送,67.17,41,1.02,10.21,10.21,27.66,37.14,16.09,30.54,14.91,29.21,17.75,17.15,33.46,37.14,人气Top50；收盘承接较强；温和放量；近5日趋势升温；站上20日线且不过热；连续上榜确认；震荡市里保持相对强势；震荡市里承接未失控；v3热点早段优先,人气排名明显回落,v3
2026-06-05,603773,沃格光电,21,不推送,49.0,28,-1.48,3.64,9.37,-27.87,37.12,17.65,-1.45,19.42,0.03,30.61,20.57,20.57,37.12,人气Top50；当日强涨；收盘承接较强；温和放量；近5日强势延续；持续霸榜；人气排名明显上升；弱市中个股相对抗跌,短线涨幅偏高；偏离20日线较大；热度可能进入后段；弱市里的长连榜样本优先降权；v3尾盘版回避高位长连榜；v3尾盘半板但封单不强,v3
2026-06-16,002407,多氟多,12,不推送,48.6,21,-5.71,-4.54,-3.28,-20.79,37.1,5.86,9.8,12.26,16.45,37.1,5.86,11.54,37.1,人气Top20；温和放量；近5日趋势升温；站上20日线且不过热；持续霸榜；市场强势且个股相对强势,热度可能进入后段；v3尾盘版回避高位长连榜；v3尾盘承接一般,v3
2026-05-13,301308,江波龙,56,不推送,0.0,45,30.06,28.6,37.1,-0.31,37.1,27.14,22.69,-2.24,-5.67,18.41,37.1,37.1,37.1,站上20日线且不过热；连续上榜确认；人气排名明显上升,当日转弱；收盘承接偏弱；近5日趋势未确认；强势市里个股相对走弱,v3
2026-05-22,301377,鼎泰高科,67,观察池,65.6,10,6.24,5.43,7.09,27.45,37.08,11.73,12.91,5.17,6.28,27.45,14.28,21.4,37.08,当日涨停附近；收在日内高位；温和放量；近5日强势延续；市场强势且个股相对强势；v2低分涨停修正,短线涨幅偏高；偏离20日线较大；涨停封板不可买,v3
2026-05-26,002579,中京电子,43,不推送,29.45,36,3.57,3.57,3.57,-14.28,37.01,7.39,29.99,3.69,25.51,4.82,22.42,29.99,37.01,人气Top50；温和放量；近5日趋势升温；站上20日线且不过热；震荡市里保持相对强势；v3热点早段优先,当日转弱；收盘承接偏弱,v3
2026-06-01,002579,中京电子,3,不推送,1.3,32,19.97,29.99,29.99,-14.28,37.01,29.05,5.32,7.57,-12.21,2.38,37.01,37.01,37.01,人气Top3；近5日趋势升温；站上20日线且不过热；持续霸榜；人气排名明显上升,当日转弱；收盘承接偏弱；量能不足；热度可能进入后段；弱市先收缩执行；弱市里的长连榜样本优先降权；Top3高热度拥挤，次日兑现风险；v3尾盘版回避高位长连榜,v3
2026-06-22,600111,北方稀土,60,不推送,0.0,18,37.0,27.65,37.0,-0.66,37.0,25.73,21.7,-8.23,-11.17,20.9,37.0,37.0,37.0,持续霸榜；人气排名明显上升,当日转弱；收盘承接偏弱；近5日趋势未确认；仍在20日线下方；热度可能进入后段；强势市里个股相对走弱；v3尾盘版回避高位长连榜,v3
2026-04-30,603773,沃格光电,87,不推送,22.0,51,3.82,-3.68,3.82,36.99,36.99,4.9,17.89,1.04,13.56,1.99,6.71,24.05,28.16,温和放量；近5日趋势升温；连续上榜确认,当日转弱；偏离20日线较大,v3
2026-05-13,002202,金风科技,73,不推送,0.0,45,36.74,27.35,36.99,-9.05,36.99,26.17,23.78,-7.73,-9.48,15.46,36.99,36.99,36.99,持续霸榜,当日转弱；收盘承接偏弱；近5日趋势未确认；仍在20日线下方；热度可能进入后段；人气排名明显回落；强势市里个股相对走弱；v3尾盘版回避高位长连榜,v3
2026-06-25,688797,臻宝科技,33,不推送,0.0,15,-4.16,-6.67,1.37,-40.41,36.98,18.17,14.38,23.29,19.34,-11.8,22.71,36.98,36.98,人气Top50；连续上榜确认,当日转弱；量能不足；人气排名明显回落；强势市里个股相对走弱,v3
2026-04-21,002463,沪电股份,83,不推送,16.0,58,-0.4,2.96,3.69,36.97,36.97,2.06,1.56,2.47,1.97,8.91,8.96,8.96,11.56,收盘承接较强；站上20日线且不过热；持续霸榜,热度可能进入后段；v3尾盘版回避高位长连榜,v3
2026-06-08,000636,风华高科,23,不推送,0.0,27,0.38,9.89,9.89,-6.83,36.96,15.7,17.01,15.26,16.57,26.35,18.38,19.66,36.96,人气Top50；持续霸榜,当日转弱；收盘承接偏弱；偏离20日线较大；热度可能进入后段；弱市先收缩执行；弱市里的长连榜样本优先降权；v3尾盘版回避高位长连榜,v3
2026-06-23,600707,彩虹股份,23,不推送,73.3,17,-3.51,0.45,5.0,-25.52,36.94,4.18,26.04,7.97,30.63,-3.36,11.27,26.04,36.94,人气Top50；当日强涨；收盘承接较强；温和放量；近5日强势延续；站上20日线且不过热；人气排名明显上升；弱市中个股相对抗跌；v3热点早段优先,短线涨幅偏高,v3
2026-04-20,603538,美诺华,65,不推送,0.0,59,-0.25,2.18,5.49,-25.4,36.92,8.05,9.71,8.33,9.98,19.92,8.05,15.54,36.92,近5日趋势升温；站上20日线且不过热；持续霸榜；人气排名明显上升,当日转弱；收盘承接偏弱；热度可能进入后段；v3尾盘版回避高位长连榜,v3
2026-04-21,002297,博云新材,18,不推送,0.0,58,0.58,6.85,9.95,5.53,36.91,17.43,18.9,16.75,18.22,35.39,18.22,18.9,36.91,人气Top20；近5日强势延续；连续上榜确认,当日转弱；收盘承接偏弱；短线涨幅偏高；远离20日线过多；v3尾盘版回避放量过猛,v3
2026-07-07,600584,长电科技,10,不推送,0.0,7,21.26,13.1,23.4,0.0,36.85,21.51,23.42,0.21,1.78,,36.85,36.85,,人气Top10；温和放量；持续霸榜,当日转弱；收盘承接偏弱；近5日趋势未确认；仍在20日线下方；热度可能进入后段；弱市先收缩执行；弱市里的长连榜样本优先降权；市场健康度不足，收缩推送；市场健康度偏弱；v3尾盘版回避高位长连榜,v3
2026-07-08,600584,长电科技,10,不推送,0.0,6,17.41,24.41,24.41,0.0,36.85,19.04,11.12,1.38,-5.36,,36.85,36.85,,人气Top10；温和放量；持续霸榜,当日转弱；收盘承接偏弱；近5日趋势未确认；仍在20日线下方；热度可能进入后段；弱市先收缩执行；弱市里的长连榜样本优先降权；市场健康度不足，收缩推送；市场健康度偏弱；v3尾盘版回避高位长连榜,v3
2026-06-26,600584,长电科技,5,不推送,0.6,14,23.78,24.08,27.15,0.0,36.85,28.16,9.22,3.53,-11.77,21.51,33.53,33.53,36.85,人气Top10；温和放量；站上20日线且不过热；持续霸榜,当日转弱；收盘承接偏弱；热度可能进入后段；弱市先收缩执行；弱市里的长连榜样本优先降权；市场健康度不足，收缩推送；市场健康度偏弱；v3尾盘版回避高位长连榜,v3
2026-04-24,688981,中芯国际,89,不推送,36.0,55,2.06,5.06,6.07,36.81,36.81,1.36,10.94,-0.69,8.7,9.82,6.07,15.47,15.47,当日上涨；放量仍可控；近5日趋势升温；站上20日线且不过热,-,v3
2026-04-28,002902,铭普光磁,59,重点观察,82.0,53,0.1,-1.53,2.76,-22.28,36.73,1.02,14.97,0.92,14.86,25.83,2.76,14.97,36.73,当日涨停附近；收在日内高位；温和放量；近5日趋势升温；站上20日线且不过热；v3尾盘缩量强承接,-,v3
2026-06-01,000657,中钨高新,97,不推送,0.0,32,0.79,4.54,5.47,6.07,36.7,16.88,6.77,15.96,5.93,36.7,17.63,17.63,36.7,站上20日线且不过热,当日转弱；收盘承接偏弱；近5日趋势未确认；人气排名明显回落；弱市先收缩执行；后段人气股在偏弱环境里更谨慎；市场健康度不足，收缩推送；市场健康度偏弱,v3
2026-06-25,002409,雅克科技,31,不推送,52.6,15,-0.16,4.61,8.27,-13.47,36.69,24.52,17.85,24.72,18.04,15.92,26.52,36.69,36.69,人气Top50；当日上涨；温和放量；近5日趋势升温；连续上榜确认；人气排名明显上升；市场强势且个股相对强势,偏离20日线较大；v3尾盘承接一般,v3
2026-05-12,600379,宝光股份,48,不推送,0.0,46,10.84,24.05,24.05,-19.65,36.47,22.4,-0.92,10.43,-10.61,-10.45,36.47,36.47,36.47,人气Top50；温和放量；站上20日线且不过热；持续霸榜,当日转弱；收盘承接偏弱；近5日趋势未确认；热度可能进入后段；强势市里个股相对走弱；v3尾盘版回避高位长连榜,v3
2026-05-11,600379,宝光股份,43,不推送,12.55,47,20.11,12.75,25.95,-19.65,36.47,24.24,10.12,3.45,-8.32,-12.55,36.47,36.47,36.47,人气Top50；温和放量；站上20日线且不过热；连续上榜确认；人气排名明显上升,当日转弱；收盘承接偏弱；近5日趋势未确认；强势市里个股相对走弱,v3
2026-05-29,002081,金螳螂,19,不推送,0.0,33,15.14,24.3,24.3,-29.16,36.45,21.87,8.04,5.84,-6.17,-5.98,36.45,36.45,36.45,人气Top20；温和放量；人气排名明显上升,当日转弱；收盘承接偏弱；近5日趋势未确认；仍在20日线下方；弱市先收缩执行；市场健康度不足，收缩推送；市场健康度偏弱,v3
2026-06-12,600186,莲花控股,28,不推送,31.45,23,-0.68,3.77,4.45,-15.07,36.39,25.51,23.29,26.38,24.14,14.04,25.51,34.42,36.39,人气Top50；温和放量；近5日趋势升温；站上20日线且不过热；连续上榜确认；震荡市里保持相对强势,当日转弱；收盘承接偏弱,v3
2026-05-14,002580,圣阳股份,14,观察池,52.0,44,33.59,26.92,36.38,-25.56,36.38,23.81,21.15,-7.32,-9.31,5.55,36.38,36.38,36.38,人气Top20；当日涨停附近；收在日内高位；持续霸榜；弱市中个股相对抗跌；v3尾盘涨停延续,近5日趋势未确认；仍在20日线下方；热度可能进入后段；弱市里的长连榜样本优先降权；v3尾盘版回避高位长连榜；涨停封板不可买,v3
2026-04-28,002617,露笑科技,79,不推送,0.0,53,-1.33,1.86,2.8,-15.45,36.35,6.52,6.66,7.96,8.1,24.63,7.46,8.12,36.35,温和放量,当日转弱；收盘承接偏弱；近5日趋势未确认,v3
2026-06-09,605589,圣泉集团,34,观察池,44.6,26,8.8,8.8,8.8,-16.45,36.35,6.73,22.73,-1.9,12.8,21.39,17.92,24.41,36.35,人气Top50；当日涨停附近；收在日内高位；站上20日线且不过热；市场强势且个股相对强势,量能不足；一字或近似一字，参与点差；一字板不可买,v3
2026-06-11,600641,先导基电,83,不推送,15.08,24,1.87,-1.35,3.57,23.76,36.34,14.1,15.86,12.0,13.74,32.53,14.37,22.2,36.34,当日上涨；放量仍可控；近5日趋势升温；站上20日线且不过热,上影线偏长；弱市先收缩执行；后段人气股在偏弱环境里更谨慎；v3尾盘承接一般,v3
2026-06-24,600707,彩虹股份,36,不推送,38.6,16,2.45,1.26,6.02,-25.85,36.33,14.04,31.2,11.31,28.06,-8.92,14.12,31.87,36.33,人气Top50；温和放量；近5日趋势升温；站上20日线且不过热；连续上榜确认；市场强势且个股相对强势；v3热点早段优先,当日转弱；收盘承接偏弱,v3
2026-06-10,001696,宗申动力,15,不推送,21.8,25,-0.42,9.96,9.96,-11.12,36.33,21.03,28.28,21.54,28.83,33.79,22.09,29.08,36.33,人气Top20；当日强涨；近5日强势延续；站上20日线且不过热；连续上榜确认,放量过猛；短线涨幅偏高；弱市先收缩执行；v3尾盘版回避放量过猛；v3尾盘半板但封单不强,v3
2026-04-24,002428,云南锗业,62,不推送,8.0,55,-0.25,-5.6,1.08,8.13,36.28,-10.24,-0.14,-10.02,0.1,31.63,1.08,1.08,36.28,温和放量；近5日趋势升温；持续霸榜,偏离20日线较大；热度可能进入后段；人气排名明显回落；上影线偏长；v3尾盘版回避高位长连榜；v3尾盘承接一般,v3
2026-05-07,603738,泰晶科技,87,观察池,44.6,49,9.99,9.99,9.99,-11.56,36.27,26.91,23.87,15.38,12.61,10.18,28.57,33.97,36.27,当日涨停附近；收在日内高位；近5日趋势升温；市场强势且个股相对强势,量能不足；偏离20日线较大；涨停封板不可买,v3
2026-04-27,002149,西部材料,18,不推送,8.0,54,-3.08,-2.21,1.59,-37.42,36.26,9.73,26.94,13.21,30.96,19.21,9.73,28.89,36.26,人气Top20；站上20日线且不过热；持续霸榜,当日转弱；近5日趋势未确认；热度可能进入后段；v3尾盘版回避高位长连榜,v3
2026-05-14,600118,中国卫星,58,不推送,0.0,44,33.93,29.63,36.23,-6.44,36.23,18.01,15.35,-11.89,-13.87,10.89,36.23,36.23,36.23,温和放量；人气排名明显上升,当日转弱；收盘承接偏弱；近5日趋势未确认；仍在20日线下方；弱市先收缩执行；后段人气股在偏弱环境里更谨慎；市场健康度不足，收缩推送；市场健康度偏弱,v3
2026-04-29,603773,沃格光电,78,普通观察,68.0,52,3.0,-0.56,4.32,36.22,36.22,-1.63,14.75,-4.5,11.42,-3.23,4.32,14.75,27.44,当日涨停附近；收在日内高位；温和放量；近5日趋势升温；v3尾盘缩量强承接,偏离20日线较大；人气排名明显回落,v3
2026-04-24,002149,西部材料,18,不推送,30.0,55,-0.86,-0.03,2.25,-37.44,36.22,-0.28,20.66,0.59,21.71,29.46,2.25,20.66,36.22,人气Top20；温和放量；近5日趋势升温；站上20日线且不过热；持续霸榜；人气排名明显上升,当日转弱；收盘承接偏弱；热度可能进入后段；v3尾盘版回避高位长连榜,v3
2026-04-29,600379,宝光股份,89,不推送,51.0,52,8.2,10.03,10.03,-19.8,36.2,16.85,20.66,8.0,11.52,9.9,32.98,32.98,36.2,当日涨停附近；收在日内高位；近5日强势延续；站上20日线且不过热；v2低分涨停修正,短线涨幅偏高；v3尾盘版回避放量过猛,v3
2026-05-22,600183,生益科技,41,观察池,132.6,38,4.81,7.14,8.33,36.09,36.19,21.25,29.45,15.69,23.52,27.17,28.88,34.02,36.19,人气Top50；当日涨停附近；收在日内高位；温和放量；近5日趋势升温；站上20日线且不过热；人气排名明显上升；市场强势且个股相对强势；v2强势延续修正；v2低分涨停修正；v3尾盘涨停延续；v3尾盘缩量强承接；v3热点早段优先,涨停封板不可买,v3
2026-05-12,002565,顺灏股份,51,不推送,8.6,46,30.87,32.83,36.17,-36.57,36.17,23.2,11.14,-5.86,-15.07,1.9,36.17,36.17,36.17,当日上涨；收盘承接较强；持续霸榜；市场强势且个股相对强势,近5日趋势未确认；仍在20日线下方；热度可能进入后段；v3尾盘版回避高位长连榜,v3
2026-06-23,002407,多氟多,12,不推送,14.5,17,-1.02,4.78,5.49,-24.41,36.16,-1.7,18.94,-0.69,20.17,7.39,8.83,18.94,36.16,人气Top20；温和放量；近5日趋势升温；站上20日线且不过热；持续霸榜,当日转弱；收盘承接偏弱；热度可能进入后段；弱市先收缩执行；弱市里的长连榜样本优先降权；v3尾盘版回避高位长连榜,v3
2026-06-05,300476,胜宏科技,71,不推送,0.0,28,11.23,14.05,18.08,-1.84,36.15,19.66,18.55,7.58,6.58,32.39,24.63,26.81,36.15,温和放量,当日转弱；收盘承接偏弱；近5日趋势未确认；仍在20日线下方；弱市先收缩执行；后段人气股在偏弱环境里更谨慎；市场健康度不足，收缩推送；市场健康度偏弱,v3
2026-06-15,300476,胜宏科技,82,不推送,0.0,22,24.81,28.79,31.06,-1.84,36.15,33.69,22.53,7.11,-1.83,25.51,34.99,36.15,36.15,温和放量,当日转弱；收盘承接偏弱；近5日趋势未确认；仍在20日线下方；强势市里个股相对走弱,v3
2026-05-22,300394,天孚通信,18,不推送,2.1,38,-3.39,2.8,3.07,-11.28,36.09,11.07,17.97,14.97,22.11,18.44,15.23,27.63,36.09,人气Top20；温和放量；人气排名明显上升,收盘承接偏弱；近5日趋势未确认；上影线偏长；强势市里个股相对走弱；市场健康度不足，收缩推送,v3
2026-06-09,600186,莲花控股,24,观察池,106.6,26,-3.38,0.69,2.25,-14.04,36.05,0.26,15.51,3.77,19.55,22.88,12.22,15.51,36.05,人气Top50；当日涨停附近；收在日内高位；温和放量；近5日趋势升温；站上20日线且不过热；市场强势且个股相对强势；v2强势延续修正；v2低分涨停修正；v3热点早段优先,涨停封板不可买,v3
2026-06-17,600584,长电科技,3,普通观察,84.6,20,0.13,1.53,4.62,1.87,36.03,5.4,27.53,5.26,27.36,17.51,12.59,27.53,36.03,人气Top3；当日上涨；收盘承接较强；温和放量；近5日趋势升温；站上20日线且不过热；持续霸榜；市场强势且个股相对强势,热度可能进入后段；v3尾盘版回避高位长连榜,v3
2026-06-16,002354,天娱数科,45,不推送,6.55,21,-0.96,-3.17,-0.14,9.64,35.95,17.08,22.87,18.22,24.06,29.48,17.08,22.87,35.95,人气Top50；温和放量；站上20日线且不过热；持续霸榜,当日转弱；近5日趋势未确认；热度可能进入后段；人气排名明显回落；强势市里个股相对走弱；v3尾盘版回避高位长连榜,v3
2026-06-12,300433,蓝思科技,92,不推送,0.0,23,-0.12,6.63,7.75,-10.3,35.95,18.88,24.96,19.02,25.11,20.33,19.91,34.8,35.95,温和放量；站上20日线且不过热,收盘承接偏弱；近5日趋势未确认；人气排名明显回落；上影线偏长；震荡市里相对走弱；后段人气股在偏弱环境里更谨慎；市场健康度不足，收缩推送,v3
2026-06-26,002600,领益智造,96,不推送,0.0,14,23.61,15.54,26.83,-7.55,35.92,30.5,32.11,5.58,6.88,11.14,35.92,35.92,35.92,温和放量；连续上榜确认,当日转弱；收盘承接偏弱；近5日趋势未确认；仍在20日线下方；人气排名明显回落；弱市先收缩执行；后段人气股在偏弱环境里更谨慎；市场健康度不足，收缩推送；市场健康度偏弱,v3
2026-06-15,600549,厦门钨业,73,观察池,86.6,22,3.82,10.0,10.0,-21.9,35.87,20.52,19.85,16.09,15.45,19.53,24.72,35.87,35.87,当日涨停附近；收在日内高位；温和放量；近5日趋势升温；站上20日线且不过热；连续上榜确认；市场强势且个股相对强势；v2低分涨停修正,人气排名明显回落；涨停封板不可买,v3
2026-04-15,600105,永鼎股份,1,不推送,58.0,62,-0.11,5.14,7.88,18.62,35.86,11.35,21.28,11.47,21.41,15.4,16.84,21.28,35.86,人气Top3；温和放量；近5日趋势升温；站上20日线且不过热；连续上榜确认；人气排名明显上升,收盘承接偏弱；上影线偏长,v3
2026-04-10,300390,天华新能,17,重点观察,84.0,65,1.55,17.42,19.62,-13.6,35.84,12.64,28.54,10.91,26.57,33.24,19.62,33.24,35.84,人气Top20；当日涨停附近；放量仍可控；近5日趋势升温；站上20日线且不过热；首次上榜即强势；v2低分涨停修正；v3热点早段优先,-,v3
2026-06-11,600869,远东股份,22,不推送,10.5,24,5.25,14.15,14.23,-33.27,35.81,19.68,15.67,13.72,9.9,21.83,22.71,22.71,35.81,人气Top50；温和放量；近5日趋势升温；站上20日线且不过热；持续霸榜；人气排名明显上升,当日转弱；收盘承接偏弱；热度可能进入后段；弱市先收缩执行；弱市里的长连榜样本优先降权；v3尾盘版回避高位长连榜,v3
2026-06-12,002636,金安国纪,16,不推送,1.45,23,2.87,10.14,10.88,1.32,35.78,8.29,29.24,5.27,25.63,30.06,16.43,29.95,35.78,人气Top20；当日上涨；温和放量；持续霸榜；震荡市里保持相对强势,收盘承接偏弱；短线涨幅过热；远离20日线过多；热度可能进入后段；上影线偏长；v3尾盘版回避高位长连榜,v3
2026-05-18,600111,北方稀土,96,不推送,0.0,42,30.51,28.09,31.48,-0.66,35.75,29.29,30.28,-0.94,-0.18,21.98,35.75,35.75,35.75,持续霸榜,当日转弱；收盘承接偏弱；量能不足；近5日趋势未确认；仍在20日线下方；热度可能进入后段；人气排名明显回落；震荡市里相对走弱；后段人气股在偏弱环境里更谨慎；市场健康度不足，收缩推送；v3尾盘版回避高位长连榜,v3
2026-05-20,600111,北方稀土,14,不推送,0.0,40,32.28,29.29,35.75,-0.66,35.75,30.28,23.72,-1.51,-6.47,26.99,35.75,35.75,35.75,人气Top20；人气排名明显上升,当日转弱；收盘承接偏弱；近5日趋势未确认；仍在20日线下方；震荡市里相对走弱；市场健康度不足，收缩推送,v3
2026-05-15,600111,北方稀土,36,不推送,0.0,43,34.09,31.79,34.81,-0.66,35.75,32.28,30.23,-1.35,-2.88,23.92,34.81,35.75,35.75,人气Top50；持续霸榜；人气排名明显上升,当日转弱；收盘承接偏弱；量能不足；近5日趋势未确认；仍在20日线下方；热度可能进入后段；震荡市里相对走弱；市场健康度不足，收缩推送；v3尾盘版回避高位长连榜,v3
2026-04-23,002217,合力泰,80,不推送,6.0,55,-0.36,-2.89,3.25,-44.77,35.74,7.58,4.33,7.97,4.71,25.27,17.69,17.69,35.74,温和放量；近5日趋势升温；站上20日线且不过热；持续霸榜,当日转弱；收盘承接偏弱；热度可能进入后段；人气排名明显回落；v3尾盘版回避高位长连榜,v3
2026-06-26,600707,彩虹股份,55,不推送,0.0,14,3.55,13.54,13.61,-26.18,35.72,30.62,11.09,26.14,7.29,-11.61,31.29,35.72,35.72,近5日趋势升温；站上20日线且不过热；连续上榜确认,当日转弱；收盘承接偏弱；弱市先收缩执行；后段人气股在偏弱环境里更谨慎,v3
2026-07-01,000938,紫光股份,47,不推送,35.45,11,-1.68,-2.19,2.49,30.02,35.71,12.23,13.27,14.15,15.22,19.71,12.23,16.68,35.71,人气Top50；放量仍可控；近5日趋势升温；站上20日线且不过热；连续上榜确认；震荡市里保持相对强势；v3热点早段优先,收盘承接偏弱；上影线偏长,v3
2026-06-18,001309,德明利,84,不推送,38.6,19,0.53,2.07,2.47,-17.45,35.71,12.17,31.69,11.57,30.99,22.12,13.12,35.71,35.71,温和放量；近5日趋势升温；站上20日线且不过热；市场强势且个股相对强势,-,v3
2026-06-26,002354,天娱数科,8,不推送,0.0,14,20.34,19.55,27.03,4.46,35.7,23.36,22.97,2.51,2.18,12.07,29.53,35.7,35.7,人气Top10；站上20日线且不过热；持续霸榜,当日转弱；收盘承接偏弱；近5日趋势未确认；热度可能进入后段；弱市先收缩执行；弱市里的长连榜样本优先降权；v3尾盘版回避高位长连榜,v3
2026-06-22,002354,天娱数科,24,不推送,0.0,18,11.68,6.43,13.39,4.46,35.7,5.38,19.55,-5.64,7.05,10.63,17.06,27.03,35.7,人气Top50；站上20日线且不过热；持续霸榜,当日转弱；收盘承接偏弱；热度可能进入后段；强势市里个股相对走弱；v3尾盘版回避高位长连榜,v3
2026-04-28,600736,苏州高新,69,不推送,26.0,53,1.41,7.42,9.85,-14.71,35.68,12.15,26.09,10.59,24.34,7.29,14.71,35.68,35.68,放量仍可控；近5日趋势升温；站上20日线且不过热；持续霸榜；人气排名明显上升,热度可能进入后段；v3尾盘版回避高位长连榜；v3尾盘承接一般,v3
2026-05-22,002812,恩捷股份,92,不推送,0.0,38,31.88,26.5,32.34,-6.43,35.65,31.32,28.45,-0.43,-2.6,15.4,33.01,35.65,35.65,温和放量,当日转弱；收盘承接偏弱；近5日趋势未确认；仍在20日线下方；人气排名明显回落；强势市里个股相对走弱；市场健康度不足，收缩推送,v3
2026-04-17,300390,天华新能,70,不推送,17.0,60,-1.5,-1.34,0.09,-32.78,35.62,-3.34,3.66,-1.86,5.24,30.65,0.09,5.68,35.62,温和放量；近5日强势延续；连续上榜确认,短线涨幅偏高；偏离20日线较大；人气排名明显回落；v3尾盘承接一般,v3
2026-06-17,688126,沪硅产业,87,不推送,12.6,20,-0.77,-0.46,2.32,-10.66,35.61,-0.4,2.97,0.37,3.77,15.77,5.97,5.97,35.61,当日上涨；站上20日线且不过热；人气排名明显上升；市场强势且个股相对强势,量能不足；近5日趋势未确认,v3
2026-04-15,603127,昭衍新药,82,不推送,44.0,62,-0.99,-1.88,-0.38,35.6,35.6,-4.1,-3.95,-3.14,-2.98,-1.6,-0.38,-0.38,4.28,收盘承接较强；温和放量；近5日趋势升温；站上20日线且不过热,-,v3
2026-04-21,603738,泰晶科技,28,强推观察,112.0,58,0.95,2.45,4.7,9.03,35.59,14.83,4.41,13.74,3.43,35.59,17.39,24.03,35.59,人气Top50；当日涨停附近；收在日内高位；温和放量；近5日趋势升温；人气排名明显上升；v2强势延续修正；v2低分涨停修正；v3尾盘涨停延续；v3尾盘缩量强承接,偏离20日线较大,v3
2026-06-17,600703,三安光电,43,不推送,30.6,20,3.57,2.57,5.26,-20.53,35.56,15.96,26.73,11.97,22.36,11.35,20.0,33.8,35.56,人气Top50；温和放量；近5日趋势升温；站上20日线且不过热；持续霸榜；市场强势且个股相对强势,热度可能进入后段；人气排名明显回落；上影线偏长；v3尾盘版回避高位长连榜；v3尾盘承接一般,v3
2026-06-08,300223,北京君正,48,不推送,62.3,27,1.25,6.5,7.24,16.3,35.54,-3.09,9.44,-4.29,8.08,29.22,7.24,9.74,35.54,人气Top50；当日强涨；收盘承接较强；温和放量；站上20日线且不过热；人气排名明显上升；弱市中个股相对抗跌,-,v3
2026-04-23,600522,中天科技,53,不推送,18.0,56,-0.21,-2.52,1.26,9.74,35.54,2.73,-2.79,2.94,-2.59,29.38,7.22,7.22,35.54,温和放量；近5日趋势升温；站上20日线且不过热；持续霸榜,当日转弱；热度可能进入后段；人气排名明显回落；v3尾盘版回避高位长连榜,v3
2026-05-26,603778,国晟科技,45,不推送,0.0,36,29.37,26.37,33.38,-34.58,35.51,11.62,22.03,-13.73,-5.68,33.44,33.38,33.38,35.51,人气Top50；温和放量；持续霸榜,当日转弱；收盘承接偏弱；近5日趋势未确认；仍在20日线下方；热度可能进入后段；震荡市里相对走弱；v3尾盘版回避高位长连榜,v3
2026-06-10,600186,莲花控股,34,不推送,68.3,25,-2.5,8.97,10.09,-14.41,35.46,4.57,26.49,7.26,29.73,34.6,11.73,26.49,35.46,人气Top50；收盘承接较强；温和放量；近5日趋势升温；站上20日线且不过热；连续上榜确认；弱市中个股相对抗跌；v3热点早段优先,-,v3
2026-06-25,600707,彩虹股份,45,不推送,42.6,15,0.66,3.03,10.04,-26.35,35.42,24.65,23.17,23.83,22.36,-7.82,24.65,35.42,35.42,人气Top50；温和放量；近5日趋势升温；站上20日线且不过热；连续上榜确认；市场强势且个股相对强势；v3热点早段优先,收盘承接偏弱；上影线偏长,v3
2026-05-25,600863,华能蒙电,82,观察池,76.6,37,-0.17,2.87,6.24,-22.09,35.41,11.97,33.56,12.16,33.78,2.19,23.27,35.41,35.41,当日涨停附近；收在日内高位；温和放量；近5日趋势升温；站上20日线且不过热；持续霸榜；市场强势且个股相对强势；v2低分涨停修正,热度可能进入后段；人气排名明显回落；v3尾盘版回避高位长连榜；涨停封板不可买,v3
2026-04-22,002938,鹏鼎控股,57,不推送,61.0,57,1.64,-1.0,3.26,35.32,35.32,1.31,-4.41,-0.32,-5.95,3.83,3.26,3.26,4.9,当日涨停附近；收在日内高位；温和放量；近5日强势延续；v2低分涨停修正,短线涨幅偏高；偏离20日线较大,v3
2026-04-28,002015,协鑫能科,66,不推送,6.0,53,-1.43,-0.95,3.02,-28.09,35.29,3.5,8.0,5.0,9.57,14.52,3.5,10.81,35.29,当日上涨；站上20日线且不过热；持续霸榜,近5日趋势未确认；热度可能进入后段；人气排名明显回落；v3尾盘版回避高位长连榜,v3
2026-06-02,300476,胜宏科技,73,不推送,0.0,31,26.47,28.05,33.75,-1.84,35.25,22.79,24.11,-2.92,-1.87,28.79,35.25,35.25,35.25,持续霸榜,当日转弱；收盘承接偏弱；近5日趋势未确认；仍在20日线下方；热度可能进入后段；人气排名明显回落；强势市里个股相对走弱；市场健康度不足，收缩推送；v3尾盘版回避高位长连榜,v3
2026-04-22,002580,圣阳股份,1,不推送,24.0,57,-2.69,0.9,4.83,-38.23,35.24,7.82,7.0,10.8,9.96,28.06,12.79,12.79,35.24,人气Top3；放量仍可控；近5日趋势升温；持续霸榜,当日转弱；收盘承接偏弱；偏离20日线较大；热度可能进入后段；v3尾盘版回避高位长连榜,v3
2026-06-10,300433,蓝思科技,69,不推送,0.0,25,-5.12,-1.63,-1.05,-10.78,35.22,6.06,18.24,11.78,24.63,28.74,9.71,19.26,35.22,站上20日线且不过热；连续上榜确认,当日转弱；近5日趋势未确认；人气排名明显回落；弱市先收缩执行；后段人气股在偏弱环境里更谨慎；市场健康度不足，收缩推送；市场健康度偏弱,v3
2026-06-30,000977,浪潮信息,88,不推送,52.6,12,0.6,-3.65,2.95,21.76,35.2,-4.96,1.79,-5.52,1.18,21.69,2.95,4.9,35.2,当日上涨；收盘承接较强；温和放量；近5日趋势升温；站上20日线且不过热；市场强势且个股相对强势,人气排名明显回落,v3
2026-06-17,301526,国际复材,55,不推送,0.0,20,-1.27,2.17,4.4,-13.0,35.2,-4.43,19.65,-3.19,21.2,12.98,6.17,22.95,35.2,当日上涨；温和放量；连续上榜确认；市场强势且个股相对强势,收盘承接偏弱；短线涨幅过热；远离20日线过多；上影线偏长；v3尾盘承接一般,v3
2026-05-27,600667,太极实业,29,不推送,27.45,35,-1.08,-2.09,0.0,35.14,35.14,-2.45,6.85,-1.39,8.02,14.43,2.74,12.12,23.52,人气Top50；当日上涨；温和放量；站上20日线且不过热；人气排名明显上升；震荡市里保持相对强势,收盘承接偏弱；上影线偏长,v3
2026-04-28,300308,中际旭创,36,不推送,2.0,53,-1.06,2.55,4.61,35.07,35.07,3.88,7.52,5.0,8.68,27.41,7.89,9.1,33.48,人气Top50；温和放量；站上20日线且不过热；持续霸榜,当日转弱；收盘承接偏弱；近5日趋势未确认；热度可能进入后段；v3尾盘版回避高位长连榜,v3
2026-06-03,605358,立昂微,92,不推送,27.73,30,0.91,11.25,11.25,-14.9,35.06,12.38,27.96,11.37,26.81,23.26,20.11,31.77,35.06,当日上涨；温和放量；站上20日线且不过热；震荡市里保持相对强势,后段人气股在偏弱环境里更谨慎；v3尾盘承接一般,v3
2026-05-07,300502,新易盛,8,普通观察,74.6,49,-1.87,-2.1,-0.45,35.05,35.05,5.16,9.67,7.16,11.76,0.44,6.44,16.03,16.03,人气Top10；当日强涨；收在日内高位；温和放量；连续上榜确认；人气排名明显上升；市场强势且个股相对强势,近5日趋势未确认；仍在20日线下方,v3
2026-06-12,600392,盛和资源,58,不推送,21.73,23,1.48,3.01,3.59,-10.23,35.05,12.33,34.58,10.69,32.62,11.67,16.78,35.05,35.05,温和放量；近5日趋势升温；站上20日线且不过热；连续上榜确认；震荡市里保持相对强势,收盘承接偏弱；人气排名明显回落；上影线偏长；后段人气股在偏弱环境里更谨慎,v3
2026-05-28,000636,风华高科,6,观察池,75.6,34,6.54,9.03,9.99,6.29,35.05,22.96,30.35,15.42,22.35,31.99,24.3,32.59,35.05,人气Top10；当日涨停附近；收在日内高位；温和放量；近5日强势延续；持续霸榜；人气排名明显上升；市场强势且个股相对强势,短线涨幅偏高；远离20日线过多；热度可能进入后段；v3尾盘版回避高位长连榜；涨停封板不可买,v3
2026-06-01,603629,利通电子,6,不推送,48.0,32,24.36,24.64,33.96,-9.88,35.04,27.84,3.5,2.79,-16.77,6.72,35.04,35.04,35.04,人气Top10；当日上涨；收在日内高位；温和放量；持续霸榜；弱市中个股相对抗跌,近5日趋势未确认；仍在20日线下方；热度可能进入后段；弱市里的长连榜样本优先降权；v3尾盘版回避高位长连榜,v3
2026-06-02,603629,利通电子,7,不推送,52.6,31,21.51,32.6,33.81,-9.88,35.04,15.03,2.46,-5.34,-15.68,3.98,35.04,35.04,35.04,人气Top10；当日上涨；收在日内高位；温和放量；持续霸榜；市场强势且个股相对强势,近5日趋势未确认；仍在20日线下方；热度可能进入后段；v3尾盘版回避高位长连榜,v3
2026-04-22,300067,安诺其,72,不推送,49.0,20,19.97,19.97,19.97,6.93,34.98,7.59,17.49,-10.32,-2.06,23.27,25.41,27.89,34.98,当日涨停附近；收在日内高位；温和放量；近5日强势延续,短线涨幅偏高；偏离20日线较大；一字或近似一字，参与点差,v3
2026-04-24,603618,杭电股份,96,不推送,9.0,55,-1.67,-0.65,0.26,-2.0,34.95,-3.57,1.73,-1.93,3.46,29.02,0.26,1.73,34.95,温和放量；近5日强势延续；站上20日线且不过热；连续上榜确认,当日转弱；收盘承接偏弱；短线涨幅偏高；人气排名明显回落,v3
2026-06-09,601208,东材科技,33,观察池,132.6,26,4.95,4.58,7.92,-18.18,34.95,2.42,20.33,-2.41,14.66,25.04,9.58,20.33,34.95,人气Top50；当日涨停附近；收在日内高位；温和放量；近5日趋势升温；站上20日线且不过热；人气排名明显上升；市场强势且个股相对强势；v2强势延续修正；v2低分涨停修正；v3尾盘涨停延续；v3尾盘缩量强承接；v3热点早段优先,涨停封板不可买,v3
2026-04-30,600498,烽火通信,58,不推送,0.0,51,1.54,4.09,6.79,-5.74,34.94,22.11,26.41,20.25,24.49,21.27,22.11,29.03,34.94,温和放量；连续上榜确认；人气排名明显上升,当日转弱；收盘承接偏弱；近5日趋势未确认；仍在20日线下方,v3
2026-05-21,001896,豫能控股,9,观察池,86.3,39,-2.26,-3.73,-1.28,-17.53,34.94,1.1,-4.15,3.44,-1.94,34.94,5.68,5.68,34.94,人气Top10；当日涨停附近；收在日内高位；温和放量；连续上榜确认；人气排名明显上升；弱市中个股相对抗跌,近5日趋势未确认；涨停封板不可买,v3
2026-06-15,000977,浪潮信息,37,不推送,68.6,22,0.02,-1.1,0.06,34.94,34.94,4.24,1.6,4.22,1.59,11.13,6.13,6.99,12.21,人气Top50；当日强涨；收盘承接较强；温和放量；近5日趋势升温；人气排名明显上升；市场强势且个股相对强势,-,v3
2026-06-11,603773,沃格光电,68,不推送,0.0,24,-1.71,-6.93,7.46,-31.88,34.81,8.3,18.1,10.18,20.16,27.64,8.3,24.04,34.81,温和放量；近5日趋势升温；持续霸榜,当日转弱；收盘承接偏弱；偏离20日线较大；热度可能进入后段；人气排名明显回落；弱市先收缩执行；后段人气股在偏弱环境里更谨慎；弱市里的长连榜样本优先降权；v3尾盘版回避高位长连榜,v3
2026-05-13,000021,深科技,55,普通观察,74.6,45,-0.43,-1.76,3.02,24.79,34.78,5.99,8.35,6.45,8.82,26.0,5.99,14.51,34.78,当日强涨；收在日内高位；温和放量；近5日趋势升温；站上20日线且不过热；人气排名明显上升；市场强势且个股相对强势,-,v3
2026-04-10,301696,三瑞智能,46,不推送,4.0,65,13.48,28.8,31.52,21.3,34.78,23.9,14.43,9.19,0.84,0.59,34.78,34.78,34.78,人气Top50；站上20日线且不过热,收盘承接偏弱,v3
2026-04-23,002008,大族激光,17,重点观察,88.0,56,-0.19,-1.29,2.11,4.34,34.77,1.37,-2.97,1.57,-2.79,29.79,6.91,6.91,34.77,人气Top20；当日涨停附近；收在日内高位；温和放量；近5日趋势升温；人气排名明显上升；v2低分涨停修正,偏离20日线较大,v3
2026-06-08,002138,顺络电子,82,不推送,0.0,27,3.52,9.28,9.28,-19.92,34.75,-0.71,9.41,-4.09,5.69,17.97,10.1,10.26,34.75,放量仍可控；近5日趋势升温；站上20日线且不过热,收盘承接偏弱；上影线偏长；弱市先收缩执行；后段人气股在偏弱环境里更谨慎；v3尾盘承接一般,v3
2026-05-26,601127,赛力斯,89,不推送,0.0,36,30.56,28.46,34.74,-13.61,34.74,23.62,24.46,-5.32,-4.67,9.9,34.74,34.74,34.74,温和放量,当日转弱；收盘承接偏弱；近5日趋势未确认；仍在20日线下方；人气排名明显回落；震荡市里相对走弱；后段人气股在偏弱环境里更谨慎,v3
2026-05-26,601138,工业富联,41,不推送,0.0,36,10.85,11.13,16.94,-0.06,34.71,16.4,26.88,5.01,14.46,18.52,26.28,28.62,34.71,人气Top50；持续霸榜,当日转弱；量能不足；近5日趋势未确认；仍在20日线下方；热度可能进入后段；人气排名明显回落；震荡市里相对走弱；v3尾盘版回避高位长连榜,v3
2026-06-02,601138,工业富联,3,不推送,0.0,31,26.78,28.53,34.71,-0.06,34.71,17.44,18.52,-7.37,-6.52,15.6,34.71,34.71,34.71,人气Top3；持续霸榜；人气排名明显上升,当日转弱；量能不足；近5日趋势未确认；仍在20日线下方；热度可能进入后段；强势市里个股相对走弱；市场健康度不足，收缩推送；Top3高热度拥挤，次日兑现风险；v3尾盘版回避高位长连榜,v3
2026-04-29,600522,中天科技,67,不推送,6.0,52,0.06,-3.38,0.2,9.07,34.71,11.96,27.95,11.9,27.87,28.21,11.96,31.24,34.71,收盘承接较强；站上20日线且不过热；持续霸榜；人气排名明显上升,当日转弱；近5日趋势未确认；热度可能进入后段；v3尾盘版回避高位长连榜,v3
2026-05-20,601138,工业富联,36,不推送,0.0,40,9.74,3.87,10.21,-0.06,34.71,11.48,11.13,1.59,1.27,28.53,11.8,16.94,34.71,人气Top50；持续霸榜,当日转弱；量能不足；近5日趋势未确认；热度可能进入后段；震荡市里相对走弱；市场健康度不足，收缩推送；v3尾盘版回避高位长连榜,v3
2026-04-17,603083,剑桥科技,37,强推观察,98.0,60,9.7,4.63,9.78,34.7,34.7,18.32,5.55,7.85,-3.78,23.16,21.54,21.54,28.86,人气Top50；当日涨停附近；收在日内高位；近5日趋势升温；人气排名明显上升；v2强势延续修正；v2低分涨停修正；v3尾盘涨停延续；v3尾盘缩量强承接,偏离20日线较大,v3
2026-06-26,300162,雷曼光电,88,观察池,52.58,14,22.34,18.35,32.51,-22.34,34.7,24.62,15.78,1.86,-5.36,0.48,34.7,34.7,34.7,当日涨停附近；收在日内高位；温和放量；站上20日线且不过热；弱市中个股相对抗跌,近5日趋势未确认；人气排名明显回落；后段人气股在偏弱环境里更谨慎；涨停封板不可买,v3
2026-06-12,002281,光迅科技,93,不推送,0.0,23,-0.13,8.85,8.85,1.62,34.69,16.83,33.28,16.98,33.45,13.9,18.76,34.69,34.69,持续霸榜,近5日趋势未确认；热度可能进入后段；人气排名明显回落；震荡市里相对走弱；后段人气股在偏弱环境里更谨慎；市场健康度不足，收缩推送；v3尾盘版回避高位长连榜；v3尾盘承接一般,v3
2026-05-20,001896,豫能控股,90,不推送,0.0,40,-0.2,9.79,9.79,-9.46,34.67,13.48,5.57,13.71,5.78,34.67,16.03,16.03,34.67,-,当日转弱；收盘承接偏弱；近5日趋势未确认；仍在20日线下方；震荡市里相对走弱；后段人气股在偏弱环境里更谨慎；市场健康度不足，收缩推送,v3
2026-05-15,600118,中国卫星,92,不推送,0.0,43,28.52,31.11,34.67,-6.44,34.67,16.83,15.25,-9.09,-10.33,4.07,34.67,34.67,34.67,温和放量；连续上榜确认,当日转弱；收盘承接偏弱；近5日趋势未确认；仍在20日线下方；人气排名明显回落；震荡市里相对走弱；后段人气股在偏弱环境里更谨慎；市场健康度不足，收缩推送,v3
2026-05-25,601991,大唐发电,8,不推送,62.6,37,0.27,-2.85,3.66,-22.8,34.6,8.55,13.57,8.25,13.26,-1.36,11.53,19.27,34.6,人气Top10；当日上涨；收盘承接较强；温和放量；站上20日线且不过热；持续霸榜；市场强势且个股相对强势,近5日趋势未确认；热度可能进入后段；v3尾盘版回避高位长连榜,v3
2026-05-11,300604,长川科技,20,观察池,95.6,47,0.96,-2.21,0.96,34.59,34.59,-4.15,-4.01,-5.06,-4.92,13.82,4.64,4.64,18.72,人气Top20；当日涨停附近；收在日内高位；温和放量；近5日强势延续；首次上榜即强势；首次上榜强势提权；市场强势且个股相对强势；v2低分涨停修正,短线涨幅偏高；偏离20日线较大；涨停封板不可买,v3
2026-05-18,002081,金螳螂,4,不推送,0.0,42,23.74,26.54,34.58,-29.16,34.58,4.3,7.66,-15.71,-12.99,24.3,34.58,34.58,34.58,人气Top10；持续霸榜,当日转弱；收盘承接偏弱；近5日趋势未确认；仍在20日线下方；热度可能进入后段；震荡市里相对走弱；市场健康度不足，收缩推送；v3尾盘版回避高位长连榜,v3
2026-05-13,002208,合肥城建,61,不推送,3.6,45,-2.96,1.07,1.07,-22.31,34.56,16.59,32.11,20.15,36.14,-6.07,16.59,34.56,34.56,放量仍可控；近5日强势延续；市场强势且个股相对强势,收盘承接偏弱；短线涨幅偏高；偏离20日线较大,v3
2026-05-15,002208,合肥城建,78,不推送,10.72,43,16.59,16.59,16.59,-22.31,34.56,32.11,10.62,13.31,-5.12,-12.91,34.56,34.56,34.56,温和放量；近5日强势延续；连续上榜确认；震荡市里保持相对强势,收盘承接偏弱；短线涨幅偏高；偏离20日线较大；人气排名明显回落；后段人气股在偏弱环境里更谨慎,v3
2026-05-18,002208,合肥城建,13,不推送,36.45,42,19.96,28.23,28.23,-22.31,34.56,18.89,3.11,-0.89,-14.04,-11.94,34.56,34.56,34.56,人气Top20；温和放量；近5日强势延续；连续上榜确认；人气排名明显上升；震荡市里保持相对强势,收盘承接偏弱；短线涨幅偏高；偏离20日线较大,v3
2026-05-14,002208,合肥城建,51,不推送,6.08,44,0.1,5.97,11.03,-22.31,34.56,28.23,18.89,28.1,18.77,-9.14,28.23,34.56,34.56,温和放量；近5日强势延续；连续上榜确认；人气排名明显上升,收盘承接偏弱；短线涨幅偏高；偏离20日线较大；弱市先收缩执行；后段人气股在偏弱环境里更谨慎,v3
2026-06-30,001399,惠科股份,21,观察池,88.6,12,-2.72,19.74,25.74,-33.25,34.54,9.03,-10.01,12.07,-7.5,-22.38,34.54,34.54,34.54,人气Top50；当日涨停附近；收在日内高位；站上20日线且不过热；连续上榜确认；市场强势且个股相对强势；v3尾盘涨停延续；v3尾盘缩量强承接,涨停封板不可买,v3
2026-04-10,600703,三安光电,50,不推送,0.0,65,-0.34,4.27,5.44,13.82,34.51,1.68,11.73,2.02,12.1,26.55,5.44,11.73,34.51,人气Top50；温和放量,收盘承接偏弱；仍在20日线下方；上影线偏长；v3尾盘承接一般,v3
2026-05-28,002421,达实智能,30,不推送,34.6,34,-1.53,-10.26,5.68,-36.46,34.5,8.52,3.49,10.2,5.1,6.77,8.52,11.35,34.5,人气Top50；温和放量；近5日趋势升温；持续霸榜；市场强势且个股相对强势,偏离20日线较大；热度可能进入后段；v3尾盘版回避高位长连榜,v3
2026-04-17,002428,云南锗业,16,强推观察,120.0,60,3.0,10.0,10.0,34.5,34.5,21.35,24.39,17.82,20.76,24.21,21.35,33.48,33.48,人气Top20；当日涨停附近；收在日内高位；温和放量；近5日趋势升温；站上20日线且不过热；人气排名明显上升；v2强势延续修正；v3尾盘涨停延续；v3热点早段优先,-,v3
2026-05-27,002421,达实智能,32,不推送,7.45,35,-7.42,-0.22,8.3,-36.46,34.5,-1.31,6.55,6.6,15.09,18.56,8.3,11.35,34.5,人气Top50；温和放量；近5日趋势升温；持续霸榜；震荡市里保持相对强势,当日转弱；收盘承接偏弱；偏离20日线较大；热度可能进入后段；人气排名明显回落；v3尾盘版回避高位长连榜,v3
2026-04-22,600186,莲花控股,14,强推观察,94.0,57,-0.23,10.01,10.01,15.48,34.46,8.73,25.96,8.98,26.25,19.91,14.09,25.96,34.46,人气Top20；当日上涨；收盘承接较强；温和放量；近5日趋势升温；站上20日线且不过热；连续上榜确认；人气排名明显上升；v2连榜升温修正；v3热点早段优先,-,v3
2026-06-15,300408,三环集团,52,普通观察,74.6,22,11.89,11.98,17.09,-20.34,34.44,17.7,8.46,5.19,-3.06,24.41,24.23,24.23,34.44,当日强涨；收在日内高位；温和放量；近5日趋势升温；站上20日线且不过热；人气排名明显上升；市场强势且个股相对强势,-,v3
2026-06-09,000021,深科技,65,不推送,42.6,26,-2.46,2.51,4.55,15.88,34.41,-0.83,9.01,1.67,11.76,34.41,8.42,10.53,34.41,当日上涨；收在日内高位；人气排名明显上升；市场强势且个股相对强势；v3尾盘缩量强承接,-,v3
2026-06-02,300620,光库科技,45,观察池,110.6,31,13.15,14.53,19.27,-7.23,34.39,8.84,4.88,-3.81,-7.31,33.37,22.24,22.24,34.39,人气Top50；当日涨停附近；收在日内高位；温和放量；近5日趋势升温；站上20日线且不过热；人气排名明显上升；市场强势且个股相对强势；v2强势延续修正；v2低分涨停修正；v3热点早段优先,涨停封板不可买,v3
2026-06-08,603773,沃格光电,24,不推送,26.5,27,-0.15,9.44,9.44,-30.76,34.38,1.65,0.07,1.8,0.22,25.47,15.74,15.74,34.38,人气Top50；当日上涨；温和放量；近5日趋势升温；持续霸榜,偏离20日线较大；热度可能进入后段；弱市先收缩执行；弱市里的长连榜样本优先降权；v3尾盘版回避高位长连榜,v3
2026-05-11,600589,大位科技,42,不推送,38.6,47,18.99,16.59,19.72,-32.72,34.38,21.47,15.85,2.09,-2.63,19.08,34.38,34.38,34.38,人气Top50；温和放量；近5日趋势升温；站上20日线且不过热；连续上榜确认；市场强势且个股相对强势；v3热点早段优先,当日转弱；收盘承接偏弱,v3
2026-05-26,000938,紫光股份,69,不推送,0.0,36,0.0,-2.65,2.3,34.37,34.37,-0.49,-1.98,-0.49,-1.98,-8.36,5.95,5.95,5.95,温和放量,当日转弱；收盘承接偏弱；近5日趋势未确认；仍在20日线下方；震荡市里相对走弱；后段人气股在偏弱环境里更谨慎,v3
2026-05-19,002156,通富微电,45,不推送,37.27,41,0.15,6.49,9.16,30.03,34.36,8.47,28.93,8.31,28.74,9.3,14.36,31.28,34.36,人气Top50；收在日内高位；温和放量；站上20日线且不过热；持续霸榜；人气排名明显上升；震荡市里承接未失控,近5日趋势未确认；热度可能进入后段；市场健康度不足，收缩推送；v3尾盘版回避高位长连榜,v3
2026-06-16,603678,火炬电子,100,不推送,36.6,21,-2.43,2.59,2.62,-25.0,34.36,-4.06,0.52,-1.67,3.02,28.77,10.08,10.08,34.36,当日上涨；温和放量；近5日趋势升温；市场强势且个股相对强势,偏离20日线较大,v3
2026-05-06,603618,杭电股份,36,不推送,0.0,50,2.93,7.92,7.92,-5.49,34.36,17.7,24.42,14.35,20.88,34.36,26.22,30.14,34.36,人气Top50；站上20日线且不过热,当日转弱；收盘承接偏弱；强势市里个股相对走弱,v3
2026-05-28,600522,中天科技,11,不推送,42.6,34,1.11,4.04,7.52,-7.79,34.35,5.77,12.95,4.61,11.71,20.86,7.52,15.86,34.35,人气Top20；当日上涨；收在日内高位；持续霸榜；人气排名明显上升；市场强势且个股相对强势,近5日趋势未确认；热度可能进入后段；v3尾盘版回避高位长连榜,v3
2026-05-12,000988,华工科技,47,不推送,8.6,46,6.93,8.54,9.7,0.0,34.33,2.33,21.01,-4.31,13.17,30.13,11.68,22.0,34.33,人气Top50；近5日趋势升温；站上20日线且不过热；持续霸榜；市场强势且个股相对强势,当日转弱；收盘承接偏弱；热度可能进入后段；v3尾盘版回避高位长连榜,v3
2026-05-22,000988,华工科技,36,不推送,0.0,38,19.94,31.37,31.37,0.0,34.33,22.14,16.05,1.84,-3.24,20.09,34.33,34.33,34.33,人气Top50；持续霸榜,当日转弱；收盘承接偏弱；近5日趋势未确认；热度可能进入后段；强势市里个股相对走弱；市场健康度不足，收缩推送；v3尾盘版回避高位长连榜,v3
2026-05-14,000988,华工科技,77,不推送,0.0,44,5.48,2.33,9.21,0.0,34.33,21.01,17.61,14.73,11.51,26.54,22.0,30.56,34.33,站上20日线且不过热；持续霸榜,当日转弱；收盘承接偏弱；近5日趋势未确认；热度可能进入后段；人气排名明显回落；弱市先收缩执行；后段人气股在偏弱环境里更谨慎；弱市里的长连榜样本优先降权；市场健康度不足，收缩推送；市场健康度偏弱；v3尾盘版回避高位长连榜,v3
2026-04-10,002328,新朋股份,4,强推观察,107.0,65,9.99,6.43,9.99,-30.96,34.32,23.64,28.59,12.41,16.91,9.59,28.59,34.32,34.32,人气Top10；当日涨停附近；收在日内高位；温和放量；近5日强势延续；首次上榜即强势；v3尾盘涨停延续；v3尾盘缩量强承接,短线涨幅偏高；偏离20日线较大,v3
2026-05-14,002156,通富微电,79,不推送,0.0,44,-0.87,-2.55,2.76,29.98,34.31,0.6,5.56,1.48,6.49,18.6,2.76,14.32,34.31,站上20日线且不过热；持续霸榜,当日转弱；收盘承接偏弱；近5日趋势未确认；热度可能进入后段；人气排名明显回落；弱市先收缩执行；后段人气股在偏弱环境里更谨慎；弱市里的长连榜样本优先降权；市场健康度不足，收缩推送；市场健康度偏弱；v3尾盘版回避高位长连榜,v3
2026-06-26,002008,大族激光,11,不推送,0.0,14,27.91,20.41,34.24,-7.82,34.24,17.66,10.55,-8.01,-13.57,11.11,34.24,34.24,34.24,人气Top20；持续霸榜；人气排名明显上升,当日转弱；收盘承接偏弱；近5日趋势未确认；仍在20日线下方；热度可能进入后段；弱市先收缩执行；弱市里的长连榜样本优先降权；市场健康度不足，收缩推送；市场健康度偏弱；v3尾盘版回避高位长连榜,v3
2026-04-28,002463,沪电股份,54,不推送,0.0,53,-1.35,-0.39,1.73,34.2,34.2,2.37,6.7,3.77,8.17,1.09,5.03,9.31,12.35,站上20日线且不过热；持续霸榜；人气排名明显上升,当日转弱；收盘承接偏弱；热度可能进入后段；v3尾盘版回避高位长连榜,v3
2026-04-21,002436,兴森科技,98,不推送,52.0,58,2.69,1.38,4.4,34.14,34.14,0.99,-1.28,-1.66,-3.87,13.36,4.43,7.59,15.95,当日上涨；收盘承接较强；温和放量；近5日趋势升温；站上20日线且不过热,-,v3
2026-07-14,688008,澜起科技,75,不推送,0.0,2,33.21,23.25,34.14,2.99,34.14,,,,,,,,,人气排名明显上升,当日转弱；收盘承接偏弱；量能不足；近5日趋势未确认；仍在20日线下方；强势市里个股相对走弱；市场健康度不足，收缩推送,v3
2026-06-29,603078,江化微,80,不推送,0.0,13,-1.69,11.41,11.41,-16.5,34.13,28.27,30.07,30.47,32.31,-5.5,30.59,34.13,34.13,温和放量；站上20日线且不过热；人气排名明显上升,当日转弱；收盘承接偏弱；近5日趋势未确认；震荡市里相对走弱；后段人气股在偏弱环境里更谨慎；市场健康度不足，收缩推送,v3
2026-06-10,600522,中天科技,4,不推送,22.5,25,-2.29,-3.12,0.3,-26.09,34.1,0.99,8.03,3.36,10.56,34.1,2.67,10.81,34.1,人气Top10；温和放量；近5日趋势升温；站上20日线且不过热；持续霸榜,当日转弱；收盘承接偏弱；热度可能进入后段；弱市先收缩执行；弱市里的长连榜样本优先降权；v3尾盘版回避高位长连榜,v3
2026-06-17,002428,云南锗业,61,不推送,22.6,20,0.16,1.35,4.74,-15.84,34.09,12.92,31.28,12.74,31.07,7.87,21.09,34.09,34.09,温和放量；近5日趋势升温；站上20日线且不过热；持续霸榜；市场强势且个股相对强势,当日转弱；热度可能进入后段；人气排名明显回落；v3尾盘版回避高位长连榜,v3
2026-04-23,002580,圣阳股份,4,不推送,36.0,56,-1.0,2.71,5.08,-38.78,34.04,9.38,1.89,10.49,2.92,26.55,11.79,11.79,34.04,人气Top10；温和放量；站上20日线且不过热；持续霸榜,近5日趋势未确认；热度可能进入后段；v3尾盘版回避高位长连榜；v3尾盘承接一般,v3
2026-04-21,603538,美诺华,80,不推送,10.0,58,-1.96,-3.86,2.8,-26.99,34.0,9.61,14.45,11.81,16.74,21.26,13.08,17.08,34.0,温和放量；站上20日线且不过热；持续霸榜,热度可能进入后段；上影线偏长；v3尾盘版回避高位长连榜；v3尾盘承接一般,v3
2026-06-24,000725,京东方A,2,普通观察,84.6,16,3.39,6.06,8.18,-14.67,33.99,12.13,23.7,8.46,19.65,7.62,16.22,24.26,33.99,人气Top3；当日上涨；收盘承接较强；温和放量；近5日趋势升温；站上20日线且不过热；持续霸榜；市场强势且个股相对强势,热度可能进入后段；v3尾盘版回避高位长连榜,v3
2026-04-14,603002,宏昌电子,78,强推观察,96.0,63,1.09,0.16,9.95,33.98,33.98,0.62,7.78,-0.46,6.62,14.7,9.95,13.53,21.31,当日涨停附近；收在日内高位；温和放量；近5日趋势升温；站上20日线且不过热；连续上榜确认；v2低分涨停修正；v3尾盘缩量强承接,-,v3
2026-06-03,688498,源杰科技,35,观察池,69.45,30,-0.95,0.8,3.15,33.97,33.97,1.97,6.39,2.95,7.41,18.27,6.29,10.79,19.5,人气Top50；当日涨停附近；近5日趋势升温；站上20日线且不过热；连续上榜确认；人气排名明显上升；震荡市里保持相对强势；v2低分涨停修正；v3热点早段优先,量能不足；涨停封板不可买,v3
2026-04-17,300136,信维通信,50,重点观察,84.0,60,-4.39,3.79,5.39,5.53,33.96,6.09,8.46,10.96,13.45,29.73,6.73,17.38,33.96,人气Top50；当日强涨；收在日内高位；温和放量；近5日趋势升温；站上20日线且不过热；人气排名明显上升；v3热点早段优先,-,v3
2026-05-20,300058,蓝色光标,78,不推送,5.73,40,28.54,27.31,33.96,-4.41,33.96,21.17,13.87,-5.73,-11.41,19.51,33.96,33.96,33.96,当日强涨；温和放量；持续霸榜；震荡市里保持相对强势,近5日趋势未确认；仍在20日线下方；热度可能进入后段；人气排名明显回落；后段人气股在偏弱环境里更谨慎；v3尾盘版回避高位长连榜；v3尾盘承接一般；v3尾盘半板但封单不强,v3
2026-05-27,605358,立昂微,65,不推送,47.45,35,-1.77,4.58,6.16,-13.49,33.96,-0.71,2.81,1.08,4.67,30.09,8.14,8.14,33.96,当日强涨；收盘承接较强；温和放量；站上20日线且不过热；震荡市里保持相对强势；震荡市里承接未失控,人气排名明显回落；后段人气股在偏弱环境里更谨慎,v3
2026-07-08,600118,中国卫星,99,不推送,0.0,6,5.41,10.71,10.93,-6.44,33.93,23.46,0.0,17.12,-5.13,,33.93,33.93,,温和放量；持续霸榜,当日转弱；收盘承接偏弱；近5日趋势未确认；仍在20日线下方；热度可能进入后段；弱市先收缩执行；后段人气股在偏弱环境里更谨慎；弱市里的长连榜样本优先降权；市场健康度不足，收缩推送；市场健康度偏弱；v3尾盘版回避高位长连榜,v3
2026-06-24,600206,有研新材,18,不推送,57.6,16,-1.08,8.38,9.8,-15.5,33.93,27.88,15.67,29.28,16.93,4.17,27.92,33.93,33.93,人气Top20；当日强涨；收在日内高位；温和放量；近5日强势延续；持续霸榜；市场强势且个股相对强势,短线涨幅偏高；远离20日线过多；热度可能进入后段；v3尾盘版回避高位长连榜,v3
2026-07-07,600118,中国卫星,99,不推送,0.0,7,7.41,5.42,10.7,-6.44,33.93,21.78,11.11,13.38,3.44,,21.78,33.93,,温和放量；持续霸榜,当日转弱；收盘承接偏弱；近5日趋势未确认；仍在20日线下方；热度可能进入后段；弱市先收缩执行；后段人气股在偏弱环境里更谨慎；弱市里的长连榜样本优先降权；市场健康度不足，收缩推送；市场健康度偏弱；v3尾盘版回避高位长连榜,v3
2026-04-14,002008,大族激光,83,不推送,59.0,63,-0.34,-4.97,-0.11,30.71,33.93,5.63,11.97,5.99,12.35,26.99,8.23,15.6,33.93,当日强涨；收在日内高位；温和放量；近5日强势延续；站上20日线且不过热,短线涨幅偏高,v3
2026-06-11,002384,东山精密,46,不推送,0.0,24,6.34,4.92,9.38,29.64,33.88,20.12,31.66,12.95,23.81,25.55,22.06,33.88,33.88,人气Top50；持续霸榜；人气排名明显上升,当日转弱；收盘承接偏弱；近5日趋势未确认；热度可能进入后段；弱市先收缩执行；弱市里的长连榜样本优先降权；市场健康度不足，收缩推送；市场健康度偏弱；v3尾盘版回避高位长连榜,v3
2026-06-25,002747,埃斯顿,38,不推送,22.6,15,-2.19,-5.27,0.77,15.93,33.88,1.99,11.2,4.27,13.69,13.47,1.99,16.97,33.88,人气Top50；温和放量；近5日趋势升温；站上20日线且不过热；持续霸榜；市场强势且个股相对强势,当日转弱；收盘承接偏弱；热度可能进入后段；v3尾盘版回避高位长连榜,v3
2026-04-10,600105,永鼎股份,1,强推观察,107.0,65,-0.6,1.57,3.96,16.88,33.86,-1.47,8.4,-0.87,9.06,28.64,5.7,11.55,33.86,人气Top3；当日涨停附近；收在日内高位；温和放量；近5日强势延续；首次上榜即强势；v2强势延续修正；v2低分涨停修正,短线涨幅偏高；偏离20日线较大,v3
2026-04-17,600487,亨通光电,2,普通观察,68.0,60,4.85,9.42,9.6,16.53,33.85,18.2,24.96,12.73,19.18,29.02,18.2,28.12,33.85,人气Top3；当日上涨；收盘承接较强；温和放量；站上20日线且不过热；持续霸榜；人气排名明显上升,近5日趋势未确认；热度可能进入后段；v3尾盘版回避高位长连榜,v3
2026-04-14,002149,西部材料,13,强推观察,110.0,63,4.0,7.3,10.0,-27.56,33.82,9.6,22.66,5.38,17.94,13.2,10.94,27.5,33.82,人气Top20；当日涨停附近；收在日内高位；温和放量；近5日趋势升温；站上20日线且不过热；首次上榜即强势；v2强势延续修正；v3热点早段优先,-,v3
2026-06-16,002185,华天科技,28,不推送,40.6,21,-1.85,6.84,7.63,16.66,33.82,14.64,17.67,16.8,19.89,22.6,14.92,18.96,33.82,人气Top50；当日上涨；温和放量；站上20日线且不过热；持续霸榜；市场强势且个股相对强势,热度可能进入后段；v3尾盘版回避高位长连榜,v3
2026-04-29,002655,共达电声,91,不推送,55.0,52,-0.07,2.57,4.76,3.39,33.81,16.55,18.37,16.62,18.45,14.46,16.55,33.81,33.81,当日涨停附近；收在日内高位；放量仍可控；近5日强势延续；v2低分涨停修正,短线涨幅偏高；偏离20日线较大,v3
2026-04-15,002491,通鼎互联,76,不推送,0.0,62,-1.76,10.0,10.0,33.8,33.8,17.18,21.27,19.28,23.44,16.69,17.18,23.24,28.17,温和放量；站上20日线且不过热,当日转弱；收盘承接偏弱；近5日趋势未确认；人气排名明显回落,v3
2026-05-27,000539,粤电力A,47,观察池,101.17,35,7.63,9.95,9.95,-27.93,33.79,33.11,28.07,23.67,18.99,2.59,33.11,33.79,33.79,人气Top50；当日涨停附近；收在日内高位；放量仍可控；近5日趋势升温；站上20日线且不过热；震荡市里保持相对强势；震荡市里承接未失控；v2强势延续修正；v2低分涨停修正；v3热点早段优先,涨停封板不可买,v3
2026-06-30,603928,兴业股份,95,观察池,92.6,12,9.8,-2.7,10.0,-16.62,33.78,-0.68,0.47,-9.54,-8.49,2.91,10.0,10.0,33.78,当日涨停附近；收在日内高位；温和放量；近5日趋势升温；站上20日线且不过热；市场强势且个股相对强势；v2低分涨停修正；v3尾盘缩量强承接,涨停封板不可买,v3
2026-06-05,002407,多氟多,38,不推送,0.0,28,-0.22,5.46,9.09,0.09,33.77,8.87,24.4,9.11,24.67,33.77,10.82,25.74,33.77,人气Top50；温和放量；人气排名明显上升,当日转弱；收盘承接偏弱；近5日趋势未确认；仍在20日线下方；弱市先收缩执行；市场健康度不足，收缩推送；市场健康度偏弱,v3
2026-05-26,600522,中天科技,11,不推送,0.0,36,-2.28,-4.12,0.42,-8.2,33.76,3.58,5.3,6.01,7.76,33.76,7.05,7.05,33.76,人气Top20；站上20日线且不过热；持续霸榜,当日转弱；收盘承接偏弱；近5日趋势未确认；热度可能进入后段；震荡市里相对走弱；v3尾盘版回避高位长连榜,v3
2026-06-18,002354,天娱数科,8,观察池,98.6,19,4.79,9.96,9.96,2.98,33.76,15.39,14.23,10.12,9.01,21.22,15.39,15.39,33.76,人气Top10；当日涨停附近；收在日内高位；温和放量；站上20日线且不过热；持续霸榜；人气排名明显上升；市场强势且个股相对强势；v3尾盘涨停延续,近5日趋势未确认；热度可能进入后段；v3尾盘版回避高位长连榜；涨停封板不可买,v3
2026-06-29,002167,东方锆业,97,不推送,0.0,13,-2.84,9.91,9.91,-13.84,33.72,29.73,19.22,33.52,22.71,-11.9,33.02,33.72,33.72,近5日趋势升温；站上20日线且不过热；持续霸榜；震荡市里保持相对强势,当日转弱；收盘承接偏弱；热度可能进入后段；人气排名明显回落；后段人气股在偏弱环境里更谨慎；v3尾盘版回避高位长连榜,v3
2026-04-20,002297,博云新材,5,不推送,64.0,59,6.32,-2.42,7.45,2.98,33.61,14.29,5.5,7.49,-0.77,27.18,14.7,15.36,33.61,人气Top10；当日涨停附近；收在日内高位；温和放量；连续上榜确认,短线涨幅过热；远离20日线过多,v3
2026-04-24,002463,沪电股份,88,不推送,0.0,55,1.1,2.02,3.91,33.54,33.54,-0.88,1.87,-1.96,0.75,9.96,3.91,4.51,10.26,温和放量；站上20日线且不过热；持续霸榜,当日转弱；收盘承接偏弱；热度可能进入后段；人气排名明显回落；v3尾盘版回避高位长连榜,v3
2026-06-22,600584,长电科技,3,不推送,44.6,18,10.52,3.46,10.52,0.0,33.53,25.19,24.08,13.28,12.28,14.28,25.19,31.39,33.53,人气Top3；温和放量；近5日趋势升温；站上20日线且不过热；持续霸榜；市场强势且个股相对强势,当日转弱；收盘承接偏弱；热度可能进入后段；v3尾盘版回避高位长连榜,v3
2026-06-18,600584,长电科技,9,不推送,38.6,19,3.09,9.64,9.64,0.0,33.53,13.81,21.25,10.4,17.61,9.22,13.81,31.39,33.53,人气Top10；温和放量；近5日趋势升温；站上20日线且不过热；持续霸榜；市场强势且个股相对强势,当日转弱；收盘承接偏弱；热度可能进入后段；v3尾盘版回避高位长连榜,v3
2026-05-06,300136,信维通信,54,不推送,54.0,50,9.6,14.85,17.32,-10.64,33.53,30.59,28.48,19.15,17.23,27.01,31.75,33.53,33.53,当日强涨；温和放量；近5日趋势升温；站上20日线且不过热；连续上榜确认,v3尾盘半板但封单不强,v3
2026-04-27,300136,信维通信,36,重点观察,80.0,54,-0.58,-1.15,2.78,-10.64,33.53,3.15,14.85,3.75,15.52,15.83,3.92,17.32,33.53,人气Top50；当日强涨；温和放量；近5日趋势升温；站上20日线且不过热；连续上榜确认；人气排名明显上升；v2连榜升温修正；v3热点早段优先,v3尾盘半板但封单不强,v3
2026-05-15,002050,三花智控,3,不推送,2.25,43,23.99,26.18,28.35,-0.26,33.52,20.53,28.87,-2.79,3.94,10.49,28.35,29.9,33.52,人气Top3；持续霸榜；人气排名明显上升；震荡市里保持相对强势,量能不足；近5日趋势未确认；仍在20日线下方；热度可能进入后段；Top3高热度拥挤，次日兑现风险；v3尾盘版回避高位长连榜；v3尾盘承接一般,v3
2026-05-12,002050,三花智控,50,不推送,0.0,46,20.17,22.79,23.2,-0.26,33.52,24.13,24.77,3.29,3.83,29.8,28.21,28.35,33.52,人气Top50；持续霸榜；市场强势且个股相对强势,量能不足；近5日趋势未确认；仍在20日线下方；热度可能进入后段；v3尾盘版回避高位长连榜；v3尾盘承接一般,v3
2026-05-18,002050,三花智控,20,不推送,0.0,42,26.37,24.77,28.28,-0.26,33.52,25.97,28.54,-0.32,1.72,6.27,29.9,31.09,33.52,人气Top20；持续霸榜；震荡市里保持相对强势,量能不足；近5日趋势未确认；仍在20日线下方；热度可能进入后段；v3尾盘版回避高位长连榜；v3尾盘承接一般,v3
2026-05-14,002050,三花智控,39,不推送,0.0,44,17.5,24.13,28.21,-0.26,33.52,24.77,25.97,6.19,7.2,15.9,28.35,29.9,33.52,人气Top50；持续霸榜；人气排名明显上升,量能不足；近5日趋势未确认；仍在20日线下方；热度可能进入后段；弱市先收缩执行；弱市里的长连榜样本优先降权；v3尾盘版回避高位长连榜；v3尾盘承接一般,v3
2026-04-20,002536,飞龙股份,37,强推观察,94.0,59,-7.23,-6.01,1.56,33.5,33.5,-6.96,-9.52,0.29,-2.47,-3.81,1.56,1.56,1.56,人气Top50；当日涨停附近；收在日内高位；近5日趋势升温；v2强势延续修正；v2低分涨停修正；v3尾盘涨停延续；v3尾盘缩量强承接,偏离20日线较大,v3
2026-04-24,605299,舒华体育,52,不推送,46.0,55,-0.14,6.37,9.99,-42.5,33.43,13.94,25.47,14.11,25.65,18.77,13.94,30.05,33.43,当日上涨；温和放量；近5日趋势升温；站上20日线且不过热；人气排名明显上升,-,v3
2026-05-06,000988,华工科技,42,不推送,52.0,51,2.7,4.53,8.08,9.34,33.39,14.15,20.4,11.14,17.23,32.31,14.32,25.7,33.39,人气Top50；收盘承接较强；温和放量；站上20日线且不过热；连续上榜确认；人气排名明显上升,-,v3
2026-04-30,000988,华工科技,76,不推送,32.0,51,2.7,4.53,8.08,9.34,33.39,14.15,20.4,11.14,17.23,32.31,14.32,25.7,33.39,收盘承接较强；温和放量；站上20日线且不过热,-,v3
2026-04-20,300136,信维通信,96,不推送,56.0,59,-0.58,-1.04,2.76,1.61,33.39,7.15,13.64,7.77,14.3,30.59,7.26,16.9,33.39,当日上涨；收盘承接较强；温和放量；近5日趋势升温；站上20日线且不过热；连续上榜确认,人气排名明显回落,v3
2026-05-26,002131,利欧股份,96,不推送,19.73,36,30.97,26.88,32.26,-10.97,33.33,28.6,24.73,-1.81,-4.76,19.35,32.9,33.33,33.33,当日上涨；温和放量；连续上榜确认；震荡市里保持相对强势,近5日趋势未确认；仍在20日线下方；后段人气股在偏弱环境里更谨慎,v3
2026-06-11,002156,通富微电,76,不推送,0.0,24,5.29,-3.9,5.74,27.56,33.32,5.69,14.66,0.38,8.9,20.26,6.65,16.48,33.32,持续霸榜,当日转弱；收盘承接偏弱；近5日趋势未确认；仍在20日线下方；热度可能进入后段；弱市先收缩执行；后段人气股在偏弱环境里更谨慎；弱市里的长连榜样本优先降权；市场健康度不足，收缩推送；市场健康度偏弱；v3尾盘版回避高位长连榜,v3
2026-04-10,001309,德明利,9,强推观察,124.0,65,0.65,7.66,9.23,33.3,33.3,12.07,14.86,11.34,14.12,9.53,16.27,18.5,21.84,人气Top10；当日涨停附近；收在日内高位；温和放量；近5日趋势升温；站上20日线且不过热；首次上榜即强势；v2强势延续修正；v2低分涨停修正；v3热点早段优先,-,v3
2026-06-08,002407,多氟多,55,不推送,0.0,27,-0.27,0.65,2.34,-5.34,33.3,13.26,19.04,13.56,19.36,23.96,13.26,21.59,33.3,温和放量；连续上榜确认,近5日趋势未确认；仍在20日线下方；弱市先收缩执行；后段人气股在偏弱环境里更谨慎,v3
2026-04-24,002192,融捷股份,79,普通观察,70.0,55,3.19,4.8,9.86,-22.36,33.29,15.08,28.86,11.52,24.88,13.0,15.08,33.29,33.29,当日涨停附近；收在日内高位；温和放量；站上20日线且不过热；v3尾盘缩量强承接,-,v3
2026-05-11,002008,大族激光,39,不推送,42.6,47,14.27,14.66,19.06,-7.82,33.28,27.08,17.96,11.22,3.23,21.28,33.28,33.28,33.28,人气Top50；温和放量；近5日趋势升温；站上20日线且不过热；连续上榜确认；人气排名明显上升；市场强势且个股相对强势；v3热点早段优先,当日转弱；收盘承接偏弱,v3
2026-04-10,600743,华远控股,30,不推送,57.0,65,10.19,10.19,10.19,-21.51,33.21,9.06,1.51,-1.03,-7.88,-10.19,33.21,33.21,33.21,人气Top50；当日涨停附近；收在日内高位；放量仍可控；近5日强势延续,短线涨幅偏高；偏离20日线较大,v3
2026-07-13,600664,哈药股份,44,观察池,62.3,3,2.43,9.97,9.97,33.15,33.15,33.15,,30.0,,,33.15,,,人气Top50；当日涨停附近；收在日内高位；近5日趋势升温；站上20日线且不过热；弱市中个股相对抗跌；v2低分涨停修正；v3热点早段优先,放量过猛；v3尾盘版回避放量过猛；涨停封板不可买,v3
2026-04-16,603459,红板科技,30,不推送,27.0,61,-2.9,-2.04,2.97,33.13,33.13,-9.74,-14.02,-7.05,-11.45,-10.13,2.97,2.97,2.97,人气Top50；温和放量；近5日强势延续；站上20日线且不过热,短线涨幅偏高；人气排名明显回落；v3尾盘承接一般,v3
2026-04-15,002580,圣阳股份,14,不推送,54.0,62,5.14,10.01,10.01,-34.67,33.12,30.59,5.78,24.2,0.6,13.18,33.12,33.12,33.12,人气Top20；当日涨停附近；收在日内高位；连续上榜确认；v3尾盘涨停延续,短线涨幅过热；远离20日线过多,v3
2026-04-17,603178,圣龙股份,91,不推送,46.0,60,4.65,9.99,9.99,-9.64,33.12,21.47,-1.44,16.07,-5.81,11.94,33.12,33.12,33.12,当日涨停附近；收在日内高位；近5日趋势升温；站上20日线且不过热；v2低分涨停修正,放量过猛；v3尾盘版回避放量过猛,v3
2026-05-22,002407,多氟多,8,不推送,0.0,38,33.08,20.51,33.08,0.09,33.08,12.23,5.68,-15.67,-20.59,4.11,33.08,33.08,33.08,人气Top10；持续霸榜；人气排名明显上升,当日转弱；收盘承接偏弱；量能不足；近5日趋势未确认；仍在20日线下方；热度可能进入后段；强势市里个股相对走弱；市场健康度不足，收缩推送；v3尾盘版回避高位长连榜,v3
2026-06-10,000636,风华高科,18,不推送,0.0,25,0.25,7.43,9.92,-13.49,33.07,8.65,23.76,8.38,23.45,33.07,11.11,23.81,33.07,人气Top20；温和放量；持续霸榜,当日转弱；收盘承接偏弱；近5日趋势未确认；偏离20日线较大；热度可能进入后段；弱市先收缩执行；弱市里的长连榜样本优先降权；v3尾盘版回避高位长连榜,v3
2026-06-24,002674,兴业科技,87,观察池,18.6,16,9.99,9.99,9.99,8.43,33.07,33.03,7.76,20.95,-2.02,22.32,33.07,33.07,33.07,当日涨停附近；收在日内高位；市场强势且个股相对强势,量能不足；短线涨幅过热；偏离20日线较大；一字或近似一字，参与点差；一字板不可买,v3
2026-05-26,002969,嘉美包装,29,不推送,17.45,17,27.36,23.33,33.04,-9.02,33.04,17.59,-4.73,-7.67,-25.2,0.19,33.04,33.04,33.04,人气Top50；当日上涨；温和放量；震荡市里保持相对强势,近5日趋势未确认；仍在20日线下方；v3尾盘承接一般,v3
2026-05-21,002181,粤传媒,74,不推送,0.0,39,0.59,0.73,3.08,-37.51,33.04,6.15,17.22,5.54,16.53,12.31,6.15,19.27,33.04,温和放量；持续霸榜,当日转弱；收盘承接偏弱；近5日趋势未确认；仍在20日线下方；热度可能进入后段；弱市先收缩执行；后段人气股在偏弱环境里更谨慎；弱市里的长连榜样本优先降权；市场健康度不足，收缩推送；市场健康度偏弱；v3尾盘版回避高位长连榜,v3
2026-05-19,002421,达实智能,28,观察池,52.17,41,10.05,10.05,10.05,-25.0,32.99,12.37,19.85,2.11,8.9,28.09,21.13,32.99,32.99,人气Top50；当日涨停附近；收在日内高位；近5日强势延续；连续上榜确认；人气排名明显上升；震荡市里保持相对强势；震荡市里承接未失控,量能不足；短线涨幅偏高；偏离20日线较大；一字或近似一字，参与点差；一字板不可买,v3
2026-05-06,600105,永鼎股份,97,不推送,0.0,51,2.12,2.99,5.59,5.0,32.94,17.73,23.34,15.29,20.78,18.98,19.03,32.0,32.94,站上20日线且不过热,当日转弱；收盘承接偏弱；近5日趋势未确认；人气排名明显回落,v3
2026-06-15,603256,宏和科技,96,观察池,92.6,22,3.65,10.0,10.0,-22.6,32.94,12.73,8.4,8.77,4.59,16.03,20.69,20.69,32.94,当日涨停附近；收在日内高位；温和放量；近5日趋势升温；站上20日线且不过热；市场强势且个股相对强势；v2低分涨停修正；v3尾盘缩量强承接,涨停封板不可买,v3
2026-04-21,600487,亨通光电,35,不推送,36.0,58,-0.17,10.0,10.0,8.44,32.93,16.29,14.2,16.48,14.39,29.21,19.23,24.57,32.93,人气Top50；收盘承接较强；温和放量；近5日趋势升温；站上20日线且不过热；持续霸榜,当日转弱；热度可能进入后段；人气排名明显回落；v3尾盘版回避高位长连榜,v3
2026-04-13,000890,法尔胜,23,不推送,0.0,64,-4.94,-7.98,-2.28,-47.07,32.93,-5.78,3.04,-0.88,8.4,25.55,-2.28,3.42,32.93,人气Top50；连续上榜确认；人气排名明显上升,当日转弱；近5日趋势未确认；仍在20日线下方,v3
2026-06-15,600522,中天科技,6,不推送,58.6,22,0.2,5.58,7.56,-26.74,32.92,10.29,20.43,10.07,20.2,18.89,12.68,26.14,32.92,人气Top10；当日上涨；收在日内高位；站上20日线且不过热；持续霸榜；市场强势且个股相对强势,热度可能进入后段；v3尾盘版回避高位长连榜,v3
2026-07-03,002185,华天科技,28,不推送,0.0,9,2.34,1.53,6.21,5.91,32.89,9.83,28.87,7.31,25.92,,19.25,32.89,,人气Top50；站上20日线且不过热；持续霸榜,当日转弱；收盘承接偏弱；近5日趋势未确认；热度可能进入后段；震荡市里相对走弱；市场健康度不足，收缩推送；v3尾盘版回避高位长连榜,v3
2026-05-21,300308,中际旭创,36,不推送,0.0,39,1.68,4.49,5.19,12.05,32.89,11.04,20.6,9.2,18.61,28.86,11.74,20.78,32.89,人气Top50；温和放量；站上20日线且不过热；持续霸榜；人气排名明显上升,当日转弱；收盘承接偏弱；近5日趋势未确认；热度可能进入后段；弱市先收缩执行；弱市里的长连榜样本优先降权；市场健康度不足，收缩推送；市场健康度偏弱；v3尾盘版回避高位长连榜,v3
2026-04-14,002565,顺灏股份,50,重点观察,82.0,63,0.12,2.31,7.34,-44.05,32.89,9.36,29.02,9.24,28.87,8.96,12.08,29.02,32.89,人气Top50；当日上涨；收在日内高位；温和放量；近5日趋势升温；站上20日线且不过热；v3尾盘缩量强承接；v3热点早段优先,-,v3
2026-04-17,600522,中天科技,29,不推送,18.0,60,2.7,9.99,9.99,32.87,32.87,23.74,18.02,20.48,14.91,23.99,23.81,24.52,29.82,人气Top50；温和放量；人气排名明显上升,近5日趋势未确认；v3尾盘承接一般,v3
2026-05-08,002491,通鼎互联,30,观察池,144.6,48,10.02,10.02,10.02,-8.03,32.87,30.45,9.34,18.57,-0.62,10.36,32.87,32.87,32.87,人气Top50；当日涨停附近；收在日内高位；温和放量；近5日趋势升温；站上20日线且不过热；连续上榜确认；市场强势且个股相对强势；v2强势延续修正；v2连榜升温修正；v2低分涨停修正；v3尾盘涨停延续；v3尾盘缩量强承接；v3热点早段优先,涨停封板不可买,v3
2026-05-25,600172,黄河旋风,32,观察池,112.6,37,5.38,10.01,10.01,6.53,32.84,20.76,11.41,14.6,5.73,3.89,20.76,32.84,32.84,人气Top50；当日涨停附近；收在日内高位；温和放量；近5日趋势升温；站上20日线且不过热；连续上榜确认；人气排名明显上升；市场强势且个股相对强势；v2强势延续修正；v3热点早段优先,涨停封板不可买,v3
2026-05-13,600703,三安光电,78,不推送,0.0,45,24.89,28.5,32.84,0.07,32.84,19.15,23.34,-4.6,-1.24,22.31,32.84,32.84,32.84,连续上榜确认,当日转弱；收盘承接偏弱；量能不足；近5日趋势未确认；人气排名明显回落；强势市里个股相对走弱,v3
2026-06-17,300475,香农芯创,75,观察池,59.6,20,1.89,3.87,5.47,-16.02,32.83,15.55,24.82,13.41,22.51,6.8,22.27,27.9,32.83,当日涨停附近；收在日内高位；温和放量；近5日强势延续；市场强势且个股相对强势,短线涨幅偏高；偏离20日线较大；涨停封板不可买,v3
2026-04-17,603906,龙蟠科技,80,不推送,8.0,60,-0.27,5.08,6.5,-24.97,32.82,10.12,25.28,10.42,25.62,29.28,10.12,27.93,32.82,当日上涨；近5日趋势升温；站上20日线且不过热；连续上榜确认,收盘承接偏弱；上影线偏长；v3尾盘版回避放量过猛；v3尾盘承接一般,v3
2026-04-23,600330,天通股份,81,不推送,0.0,56,-1.13,1.13,6.99,-16.56,32.81,3.2,8.95,4.39,10.19,27.58,11.25,11.25,32.81,放量仍可控；近5日强势延续；持续霸榜,当日转弱；收盘承接偏弱；短线涨幅偏高；偏离20日线较大；热度可能进入后段；人气排名明显回落；v3尾盘版回避高位长连榜,v3
2026-04-17,600103,青山纸业,72,不推送,38.0,60,-0.7,9.77,9.77,-35.35,32.79,27.67,12.56,28.57,13.35,8.37,32.79,32.79,32.79,当日上涨；温和放量；近5日趋势升温；站上20日线且不过热,人气排名明显回落,v3
2026-05-18,300657,弘信电子,55,不推送,35.73,42,8.87,18.1,18.1,-20.84,32.77,11.07,10.88,2.02,1.85,-9.18,32.77,32.77,32.77,温和放量；近5日趋势升温；站上20日线且不过热；震荡市里保持相对强势,后段人气股在偏弱环境里更谨慎,v3
2026-04-15,300136,信维通信,89,不推送,0.0,62,-0.79,1.82,3.14,15.4,32.77,13.5,16.01,14.41,16.94,24.76,15.26,16.72,32.77,温和放量；站上20日线且不过热,当日转弱；收盘承接偏弱,v3
2026-04-10,002364,中恒电气,24,不推送,45.0,65,9.99,9.99,9.99,32.77,32.77,23.58,16.49,12.35,5.9,18.71,25.74,25.74,29.41,人气Top50；当日涨停附近；收在日内高位；近5日强势延续；站上20日线且不过热,量能不足；短线涨幅偏高；一字或近似一字，参与点差,v3
2026-05-12,002475,立讯精密,55,不推送,0.0,46,22.97,30.11,32.76,-0.03,32.76,20.13,17.53,-2.31,-4.42,17.61,32.76,32.76,32.76,持续霸榜；市场强势且个股相对强势,收盘承接偏弱；近5日趋势未确认；仍在20日线下方；热度可能进入后段；人气排名明显回落；上影线偏长；v3尾盘版回避高位长连榜；v3尾盘承接一般,v3
2026-05-11,002475,立讯精密,24,不推送,0.0,47,25.63,25.31,27.89,-0.03,32.76,22.4,18.34,-2.57,-5.8,21.27,32.76,32.76,32.76,人气Top50；连续上榜确认；人气排名明显上升,收盘承接偏弱；近5日趋势未确认；上影线偏长；强势市里个股相对走弱；v3尾盘承接一般,v3
2026-06-01,601869,长飞光纤,92,不推送,0.0,32,0.04,9.59,9.59,7.72,32.72,22.24,18.06,22.19,18.01,20.74,26.02,30.6,32.72,温和放量；连续上榜确认,当日转弱；收盘承接偏弱；近5日趋势未确认；人气排名明显回落；弱市先收缩执行；后段人气股在偏弱环境里更谨慎；市场健康度不足，收缩推送；市场健康度偏弱,v3
2026-04-30,002580,圣阳股份,16,不推送,0.0,51,1.56,8.22,8.41,-39.92,32.68,19.58,24.2,17.74,22.29,-0.07,19.58,31.55,32.68,人气Top20；站上20日线且不过热；持续霸榜,当日转弱；收盘承接偏弱；热度可能进入后段；v3尾盘版回避高位长连榜,v3
2026-05-11,000815,美利云,62,不推送,14.6,47,27.23,24.14,28.33,-24.78,32.64,24.14,20.71,-2.42,-5.12,12.22,32.64,32.64,32.64,当日上涨；收盘承接较强；连续上榜确认；市场强势且个股相对强势,近5日趋势未确认；仍在20日线下方；人气排名明显回落,v3
2026-06-03,300088,长信科技,87,观察池,41.73,30,-2.01,5.65,6.65,-11.04,32.62,1.25,1.88,3.33,3.97,32.62,10.41,10.41,32.62,当日涨停附近；温和放量；站上20日线且不过热；震荡市里保持相对强势,后段人气股在偏弱环境里更谨慎；v3尾盘承接一般；涨停封板不可买,v3
2026-06-03,600667,太极实业,51,不推送,25.73,30,-1.02,10.96,10.96,27.5,32.61,1.29,7.96,2.34,9.08,29.07,16.54,16.54,32.61,温和放量；近5日趋势升温；站上20日线且不过热；连续上榜确认；人气排名明显上升；震荡市里保持相对强势,当日转弱；收盘承接偏弱；后段人气股在偏弱环境里更谨慎,v3
2026-04-17,600156,华升股份,55,普通观察,72.0,60,0.11,9.94,9.94,-17.71,32.61,9.07,-1.62,8.95,-1.73,20.84,20.95,20.95,32.61,当日涨停附近；收在日内高位；放量仍可控；近5日趋势升温；站上20日线且不过热；v2低分涨停修正,-,v3
2026-05-18,601991,大唐发电,2,不推送,32.25,42,19.61,26.4,30.32,-14.18,32.58,6.33,11.61,-11.1,-6.68,26.24,30.32,30.32,32.58,人气Top3；近5日趋势升温；持续霸榜；震荡市里保持相对强势,偏离20日线较大；热度可能进入后段；Top3高热度拥挤，次日兑现风险；v3尾盘版回避高位长连榜,v3
2026-04-24,603318,水发燃气,40,不推送,22.0,55,7.46,10.01,10.01,-29.59,32.57,27.74,27.3,18.87,18.46,1.23,30.73,32.57,32.57,人气Top50；当日涨停附近；收在日内高位,量能不足；短线涨幅过热；偏离20日线较大；一字或近似一字，参与点差,v3
2026-06-03,000657,中钨高新,33,不推送,71.45,30,-0.82,4.59,5.26,-5.08,32.55,-4.46,2.57,-3.67,3.42,26.04,5.26,5.26,32.55,人气Top50；当日上涨；温和放量；近5日趋势升温；站上20日线且不过热；连续上榜确认；人气排名明显上升；震荡市里保持相对强势；v3热点早段优先,-,v3
2026-06-12,300377,赢时胜,85,观察池,43.45,10,1.48,8.2,19.76,6.92,32.53,9.81,21.24,8.21,19.47,6.92,19.76,24.8,32.53,当日涨停附近；收在日内高位；近5日趋势升温；站上20日线且不过热；震荡市里保持相对强势；震荡市里承接未失控,放量过猛；后段人气股在偏弱环境里更谨慎；v3尾盘版回避放量过猛；涨停封板不可买,v3
2026-05-06,600522,中天科技,53,不推送,44.0,50,0.89,7.27,7.27,4.5,32.48,22.58,21.86,21.5,20.78,26.91,25.74,29.07,32.48,当日强涨；温和放量；近5日趋势升温；站上20日线且不过热；持续霸榜,热度可能进入后段；v3尾盘版回避高位长连榜；v3尾盘半板但封单不强,v3
2026-05-13,000815,美利云,37,不推送,22.6,45,30.95,24.14,32.46,-24.78,32.46,20.71,16.99,-7.82,-10.66,-3.9,32.46,32.46,32.46,人气Top50；当日上涨；收盘承接较强；人气排名明显上升；市场强势且个股相对强势,近5日趋势未确认；仍在20日线下方,v3
2026-06-09,002281,光迅科技,39,不推送,0.0,26,-3.25,-3.82,-1.5,-0.07,32.45,-2.7,9.19,0.57,12.86,26.45,0.21,12.93,32.45,人气Top50；持续霸榜,近5日趋势未确认；热度可能进入后段；市场健康度不足，收缩推送；v3尾盘版回避高位长连榜,v3
2026-06-26,688146,中船特气,75,不推送,0.0,14,20.9,22.5,30.12,-15.57,32.43,25.36,9.31,3.69,-9.59,-2.66,30.12,32.43,32.43,站上20日线且不过热,当日转弱；收盘承接偏弱；量能不足；近5日趋势未确认；人气排名明显回落；弱市先收缩执行；后段人气股在偏弱环境里更谨慎；市场健康度不足，收缩推送；市场健康度偏弱,v3
2026-06-04,000657,中钨高新,57,不推送,59.45,29,-1.89,-5.84,-0.16,-9.37,32.41,-4.89,4.74,-3.06,6.76,32.41,-0.16,6.97,32.41,当日上涨；收盘承接较强；温和放量；近5日趋势升温；站上20日线且不过热；连续上榜确认；震荡市里保持相对强势；震荡市里承接未失控,人气排名明显回落；后段人气股在偏弱环境里更谨慎,v3
2026-06-02,002354,天娱数科,55,不推送,0.0,31,-4.48,-7.76,-2.54,18.81,32.39,-0.6,20.3,4.06,25.94,8.36,-0.6,20.3,32.39,温和放量；连续上榜确认；人气排名明显上升,当日转弱；收盘承接偏弱；近5日趋势未确认；强势市里个股相对走弱；市场健康度不足，收缩推送,v3
2026-04-22,002463,沪电股份,18,普通观察,70.0,57,1.22,2.76,5.32,32.39,32.39,1.14,-1.73,-0.08,-2.92,5.24,5.32,5.32,7.83,人气Top20；当日上涨；收盘承接较强；温和放量；近5日趋势升温；站上20日线且不过热；持续霸榜；人气排名明显上升,热度可能进入后段；v3尾盘版回避高位长连榜,v3
2026-06-10,002185,华天科技,67,不推送,0.0,25,-0.29,-2.1,0.53,21.57,32.38,0.12,11.34,0.41,11.66,30.92,2.45,12.16,32.38,持续霸榜,当日转弱；收盘承接偏弱；近5日趋势未确认；热度可能进入后段；人气排名明显回落；弱市先收缩执行；后段人气股在偏弱环境里更谨慎；弱市里的长连榜样本优先降权；市场健康度不足，收缩推送；市场健康度偏弱；v3尾盘版回避高位长连榜,v3
2026-06-10,002407,多氟多,11,不推送,32.8,25,2.25,9.99,9.99,-8.06,32.37,15.61,10.8,13.07,8.37,26.12,18.09,19.53,32.37,人气Top20；温和放量；连续上榜确认；人气排名明显上升,弱市先收缩执行,v3
2026-05-08,002156,通富微电,25,不推送,38.6,48,4.44,6.55,8.31,32.36,32.36,5.93,-0.77,1.42,-4.99,10.42,8.31,8.31,16.42,人气Top50；温和放量；近5日趋势升温；站上20日线且不过热；连续上榜确认；市场强势且个股相对强势；v3热点早段优先,当日转弱；收盘承接偏弱,v3
2026-06-04,600367,红星发展,14,观察池,72.17,29,3.55,5.36,10.0,-26.22,32.35,18.24,15.01,14.18,11.06,20.39,18.31,25.76,32.35,人气Top20；当日涨停附近；收在日内高位；放量仍可控；近5日强势延续；连续上榜确认；人气排名明显上升；震荡市里保持相对强势；震荡市里承接未失控,短线涨幅偏高；远离20日线过多；涨停封板不可买,v3
2026-06-01,002709,天赐材料,78,不推送,0.0,32,31.62,29.43,32.34,-9.07,32.34,22.7,16.52,-6.77,-11.47,21.76,32.34,32.34,32.34,温和放量；持续霸榜,当日转弱；收盘承接偏弱；近5日趋势未确认；仍在20日线下方；热度可能进入后段；人气排名明显回落；弱市先收缩执行；后段人气股在偏弱环境里更谨慎；弱市里的长连榜样本优先降权；市场健康度不足，收缩推送；市场健康度偏弱；v3尾盘版回避高位长连榜,v3
2026-05-06,000890,法尔胜,48,观察池,60.6,50,25.91,17.74,32.3,-45.84,32.3,3.81,9.81,-17.55,-12.79,0.0,32.3,32.3,32.3,人气Top50；当日涨停附近；收在日内高位；市场强势且个股相对强势；v3尾盘涨停延续；v3尾盘缩量强承接,近5日趋势未确认；仍在20日线下方；涨停封板不可买,v3
2026-05-27,002579,中京电子,28,观察池,120.17,35,1.87,9.98,9.98,-17.23,32.29,14.09,17.59,11.99,15.43,-4.35,18.2,32.29,32.29,人气Top50；当日涨停附近；收在日内高位；温和放量；近5日强势延续；站上20日线且不过热；连续上榜确认；人气排名明显上升；震荡市里保持相对强势；震荡市里承接未失控；v2强势延续修正；v2连榜升温修正；v2低分涨停修正；v3热点早段优先,短线涨幅偏高；涨停封板不可买,v3
2026-04-15,603985,恒润股份,19,不推送,42.0,62,1.17,9.73,9.73,-19.81,32.27,7.66,13.9,6.42,12.58,20.62,14.93,14.93,32.27,人气Top20；当日上涨；温和放量；站上20日线且不过热,v3尾盘承接一般,v3
2026-06-12,300145,南方泵业,97,不推送,5.72,10,1.49,0.0,3.18,10.4,32.27,17.83,20.59,16.11,18.83,10.4,30.57,30.57,32.27,温和放量；近5日趋势升温；震荡市里保持相对强势,当日转弱；收盘承接偏弱；后段人气股在偏弱环境里更谨慎,v3
2026-06-23,000811,冰轮环境,70,不推送,0.0,17,-1.06,9.97,11.6,6.24,32.23,20.07,27.08,21.36,28.44,18.9,24.93,27.08,32.23,放量仍可控；近5日强势延续；人气排名明显上升,短线涨幅偏高；偏离20日线较大；弱市先收缩执行；后段人气股在偏弱环境里更谨慎；v3尾盘版回避放量过猛,v3
2026-05-21,000938,紫光股份,62,不推送,0.0,39,1.27,2.09,2.54,32.2,32.2,-1.2,-1.13,-2.44,-2.37,-5.24,8.8,8.8,8.8,温和放量；人气排名明显上升,当日转弱；收盘承接偏弱；近5日趋势未确认；仍在20日线下方；弱市先收缩执行；后段人气股在偏弱环境里更谨慎；市场健康度不足，收缩推送；市场健康度偏弱,v3
2026-06-23,603986,兆易创新,27,不推送,6.5,17,0.08,10.09,10.09,-19.65,32.19,20.22,27.25,20.12,27.15,-3.2,21.63,32.19,32.19,人气Top50；温和放量；近5日趋势升温；站上20日线且不过热；持续霸榜,当日转弱；收盘承接偏弱；热度可能进入后段；弱市先收缩执行；弱市里的长连榜样本优先降权；v3尾盘版回避高位长连榜,v3
2026-06-04,600183,生益科技,79,不推送,5.72,29,-3.11,-4.94,0.46,1.72,32.18,2.06,3.62,5.34,6.95,27.25,2.06,6.92,32.18,近5日趋势升温；持续霸榜；震荡市里保持相对强势,偏离20日线较大；热度可能进入后段；人气排名明显回落；后段人气股在偏弱环境里更谨慎；v3尾盘版回避高位长连榜,v3
2026-05-07,301308,江波龙,55,不推送,24.6,49,-1.8,-0.69,0.35,-3.89,32.17,16.24,23.98,18.37,26.26,11.54,18.42,32.17,32.17,温和放量；近5日趋势升温；站上20日线且不过热；连续上榜确认；市场强势且个股相对强势,收盘承接偏弱；人气排名明显回落；上影线偏长,v3
2026-04-24,603601,再升科技,87,不推送,0.0,55,-2.12,5.36,7.69,-37.02,32.16,7.12,17.91,9.44,20.46,27.36,12.48,22.92,32.16,温和放量；持续霸榜,当日转弱；收盘承接偏弱；近5日趋势未确认；热度可能进入后段；v3尾盘版回避高位长连榜,v3
2026-05-22,300058,蓝色光标,74,不推送,16.6,38,26.08,21.17,27.53,-4.41,32.15,13.87,20.59,-9.68,-4.36,11.85,27.53,27.53,32.15,当日强涨；温和放量；持续霸榜；人气排名明显上升；市场强势且个股相对强势,近5日趋势未确认；仍在20日线下方；热度可能进入后段；v3尾盘版回避高位长连榜；v3尾盘承接一般；v3尾盘半板但封单不强,v3
2026-05-26,300058,蓝色光标,98,不推送,7.72,36,18.06,13.87,20.23,-4.41,32.15,20.59,23.41,2.14,4.53,12.36,25.0,32.15,32.15,当日强涨；温和放量；震荡市里保持相对强势,近5日趋势未确认；仍在20日线下方；人气排名明显回落；后段人气股在偏弱环境里更谨慎；v3尾盘承接一般；v3尾盘半板但封单不强,v3
2026-07-13,300534,陇神戎发,69,观察池,46.58,3,-1.78,16.33,16.67,28.67,32.11,28.67,,31.0,,,32.11,,,当日涨停附近；收在日内高位；近5日趋势升温；站上20日线且不过热；弱市中个股相对抗跌；v2低分涨停修正,放量过猛；后段人气股在偏弱环境里更谨慎；v3尾盘版回避放量过猛；涨停封板不可买,v3
2026-05-22,000725,京东方A,1,不推送,67.4,38,0.59,2.56,4.53,19.09,32.09,11.42,-0.59,10.76,-1.17,25.39,18.7,18.7,32.09,人气Top3；当日强涨；收盘承接较强；近5日趋势升温；站上20日线且不过热；连续上榜确认；市场强势且个股相对强势；v3热点早段优先,放量过猛；Top3高热度拥挤，次日兑现风险；v3尾盘版回避放量过猛,v3
2026-07-13,603538,美诺华,48,普通观察,80.3,3,-3.7,9.41,10.8,18.36,32.07,18.36,,22.92,,,32.07,,,人气Top50；当日上涨；收盘承接较强；温和放量；近5日趋势升温；站上20日线且不过热；连续上榜确认；人气排名明显上升；弱市中个股相对抗跌；v3热点早段优先,-,v3
2026-04-27,000889,中嘉博创,82,不推送,4.0,54,0.0,10.09,10.09,-25.11,32.06,-0.9,19.96,-0.9,19.96,19.28,11.66,19.96,32.06,温和放量；站上20日线且不过热；连续上榜确认,当日转弱；收盘承接偏弱；近5日趋势未确认,v3
2026-04-22,600641,先导基电,95,重点观察,78.0,57,-0.59,-0.22,6.65,32.04,32.04,-2.0,0.0,-1.41,0.59,8.68,6.65,6.65,10.75,当日涨停附近；收在日内高位；温和放量；近5日趋势升温；v2低分涨停修正；v3尾盘缩量强承接,偏离20日线较大,v3
2026-04-22,002491,通鼎互联,100,不推送,28.0,57,-1.22,-2.26,5.69,10.34,32.0,-2.32,-3.77,-1.12,-2.59,32.0,5.69,5.69,32.0,温和放量；近5日趋势升温；站上20日线且不过热；持续霸榜,热度可能进入后段；人气排名明显回落；v3尾盘版回避高位长连榜,v3
2026-06-25,002407,多氟多,19,不推送,30.6,15,0.53,-4.73,2.55,-26.74,31.97,15.29,25.82,14.68,25.16,0.18,15.29,31.97,31.97,人气Top20；温和放量；近5日趋势升温；站上20日线且不过热；持续霸榜；市场强势且个股相对强势,当日转弱；收盘承接偏弱；热度可能进入后段；v3尾盘版回避高位长连榜,v3
2026-04-30,600703,三安光电,90,不推送,0.0,51,2.85,7.39,10.02,-0.59,31.97,11.78,22.31,8.68,18.92,23.26,13.02,24.36,31.97,站上20日线且不过热,当日转弱；收盘承接偏弱；近5日趋势未确认,v3
2026-05-06,600703,三安光电,14,不推送,10.0,51,2.85,7.39,10.02,-0.59,31.97,11.78,22.31,8.68,18.92,23.26,13.02,24.36,31.97,人气Top20；站上20日线且不过热；连续上榜确认；人气排名明显上升,当日转弱；收盘承接偏弱；近5日趋势未确认,v3
2026-05-27,002552,宝鼎科技,96,不推送,24.73,35,-3.44,9.99,9.99,7.36,31.96,14.64,17.69,18.73,21.89,17.36,22.88,24.64,31.96,当日上涨；温和放量；近5日强势延续；连续上榜确认；震荡市里保持相对强势,短线涨幅偏高；远离20日线过多；后段人气股在偏弱环境里更谨慎,v3
2026-04-14,600152,维科技术,39,强推观察,102.0,63,4.29,1.51,10.01,-35.41,31.96,16.9,9.42,12.1,4.92,31.96,16.9,28.6,31.96,人气Top50；当日涨停附近；收在日内高位；温和放量；近5日趋势升温；站上20日线且不过热；v2强势延续修正；v2低分涨停修正；v3热点早段优先,-,v3
2026-06-22,600176,中国巨石,61,不推送,47.6,18,1.69,0.72,6.99,-18.46,31.94,21.0,21.31,18.99,19.29,9.06,21.86,31.94,31.94,当日强涨；收在日内高位；温和放量；近5日强势延续；持续霸榜；市场强势且个股相对强势,短线涨幅偏高；偏离20日线较大；热度可能进入后段；人气排名明显回落；v3尾盘版回避高位长连榜,v3
2026-04-28,600522,中天科技,83,不推送,6.0,53,-2.29,-2.06,-1.46,6.83,31.94,-0.31,16.86,2.02,19.59,17.11,0.71,17.6,31.94,温和放量；近5日趋势升温；站上20日线且不过热；持续霸榜,当日转弱；收盘承接偏弱；热度可能进入后段；人气排名明显回落；v3尾盘版回避高位长连榜,v3
2026-04-23,002428,云南锗业,37,不推送,5.0,56,-1.05,0.31,5.75,8.47,31.92,-9.37,-8.94,-8.4,-7.97,31.92,5.75,5.75,31.92,人气Top50；温和放量；近5日强势延续；持续霸榜,收盘承接偏弱；短线涨幅偏高；偏离20日线较大；热度可能进入后段；上影线偏长；v3尾盘版回避高位长连榜,v3
2026-06-18,603986,兆易创新,7,观察池,111.6,19,0.16,7.43,7.43,-19.84,31.88,9.83,19.94,9.66,19.75,5.57,9.83,21.34,31.88,人气Top10；当日涨停附近；收在日内高位；温和放量；近5日强势延续；站上20日线且不过热；持续霸榜；人气排名明显上升；市场强势且个股相对强势；v2强势延续修正；v2低分涨停修正,短线涨幅偏高；热度可能进入后段；v3尾盘版回避高位长连榜；涨停封板不可买,v3
2026-06-23,600176,中国巨石,26,不推送,0.0,17,-0.96,10.69,10.69,-18.53,31.83,26.57,24.45,27.79,25.66,2.46,31.83,31.83,31.83,人气Top50；温和放量；近5日强势延续；持续霸榜；人气排名明显上升,收盘承接偏弱；短线涨幅偏高；偏离20日线较大；热度可能进入后段；上影线偏长；弱市先收缩执行；弱市里的长连榜样本优先降权；v3尾盘版回避高位长连榜,v3
2026-05-26,300136,信维通信,71,不推送,0.0,36,29.44,27.48,30.91,-10.01,31.83,12.31,4.7,-13.24,-19.11,17.26,31.83,31.83,31.83,连续上榜确认,当日转弱；收盘承接偏弱；近5日趋势未确认；仍在20日线下方；人气排名明显回落；震荡市里相对走弱；后段人气股在偏弱环境里更谨慎,v3
2026-04-13,600105,永鼎股份,15,不推送,48.0,64,-1.55,-3.93,-0.21,15.06,31.78,1.99,8.01,3.6,9.71,25.37,4.65,13.33,31.78,人气Top20；温和放量；近5日趋势升温；连续上榜确认,偏离20日线较大,v3
2026-05-12,002115,三维通信,89,不推送,0.6,46,28.85,29.89,31.78,-3.7,31.78,22.39,20.41,-5.01,-6.55,12.75,31.78,31.78,31.78,当日上涨；温和放量；市场强势且个股相对强势,近5日趋势未确认；仍在20日线下方；人气排名明显回落；上影线偏长；v3尾盘承接一般,v3
2026-05-28,300975,商络电子,33,观察池,48.6,34,-0.7,-3.71,2.96,-22.43,31.7,16.72,16.99,17.55,17.82,4.06,20.76,20.76,31.7,人气Top50；当日涨停附近；收在日内高位；温和放量；人气排名明显上升；市场强势且个股相对强势,短线涨幅过热；远离20日线过多；涨停封板不可买,v3
2026-06-24,000021,深科技,21,观察池,110.6,16,5.03,5.83,7.96,-13.79,31.69,17.09,23.85,11.48,17.92,1.71,17.09,31.69,31.69,人气Top50；当日涨停附近；收在日内高位；温和放量；近5日趋势升温；站上20日线且不过热；持续霸榜；市场强势且个股相对强势；v2强势延续修正；v2低分涨停修正；v3尾盘涨停延续,热度可能进入后段；v3尾盘版回避高位长连榜；涨停封板不可买,v3
2026-05-14,600703,三安光电,13,不推送,0.0,44,30.27,19.0,31.66,0.07,31.66,24.08,15.61,-4.75,-11.25,24.08,31.66,31.66,31.66,人气Top20；连续上榜确认；人气排名明显上升,当日转弱；收盘承接偏弱；量能不足；近5日趋势未确认；仍在20日线下方；弱市先收缩执行；市场健康度不足，收缩推送；市场健康度偏弱,v3
2026-05-19,300604,长川科技,63,不推送,39.45,41,3.15,8.42,12.11,31.63,31.63,5.94,5.52,2.7,2.3,-6.82,15.81,16.11,16.11,当日上涨；收盘承接较强；温和放量；站上20日线且不过热；震荡市里保持相对强势；震荡市里承接未失控,人气排名明显回落；后段人气股在偏弱环境里更谨慎,v3
2026-05-06,603399,永杉锂业,38,不推送,33.0,51,10.01,10.01,10.01,-29.4,31.61,23.72,24.19,12.47,12.89,-4.85,28.11,31.61,31.61,人气Top50；当日涨停附近；收在日内高位；近5日强势延续；连续上榜确认,量能不足；短线涨幅偏高；远离20日线过多；一字或近似一字，参与点差,v3
2026-04-30,603399,永杉锂业,24,不推送,37.0,51,10.01,10.01,10.01,-29.4,31.61,23.72,24.19,12.47,12.89,-4.85,28.11,31.61,31.61,人气Top50；当日涨停附近；收在日内高位；近5日强势延续；连续上榜确认；人气排名明显上升,量能不足；短线涨幅偏高；远离20日线过多；一字或近似一字，参与点差,v3
2026-06-01,600186,莲花控股,64,不推送,0.0,32,-1.52,-2.03,1.93,0.81,31.61,-3.76,6.61,-2.27,8.26,23.17,2.03,8.74,31.61,持续霸榜,当日转弱；收盘承接偏弱；近5日趋势未确认；仍在20日线下方；热度可能进入后段；弱市先收缩执行；后段人气股在偏弱环境里更谨慎；弱市里的长连榜样本优先降权；市场健康度不足，收缩推送；市场健康度偏弱；v3尾盘版回避高位长连榜,v3
2026-06-09,002579,中京电子,41,不推送,0.0,26,-0.6,-5.38,3.41,-18.12,31.58,-9.69,0.42,-9.15,1.02,15.79,3.41,3.41,31.58,人气Top50；站上20日线且不过热；持续霸榜,当日转弱；近5日趋势未确认；热度可能进入后段；强势市里个股相对走弱；市场健康度不足，收缩推送；v3尾盘版回避高位长连榜,v3
2026-06-23,600378,昊华科技,39,不推送,0.0,17,-3.09,0.28,2.94,-27.3,31.57,-6.96,12.57,-3.99,16.17,-2.08,4.61,12.57,31.57,人气Top50；近5日趋势升温；持续霸榜,当日转弱；收盘承接偏弱；偏离20日线较大；热度可能进入后段；人气排名明显回落；弱市先收缩执行；弱市里的长连榜样本优先降权；v3尾盘版回避高位长连榜,v3
2026-05-21,000725,京东方A,1,观察池,89.6,39,0.22,10.15,10.15,30.67,31.53,23.33,21.38,23.06,21.12,31.53,23.97,30.24,31.53,人气Top3；当日涨停附近；收在日内高位；温和放量；近5日趋势升温；站上20日线且不过热；首次上榜即强势；v3热点早段优先,一字或近似一字，参与点差；弱市先收缩执行；Top3高热度拥挤，次日兑现风险；一字板不可买,v3
2026-06-11,603938,三孚股份,91,不推送,19.08,24,-0.21,-8.96,1.03,-22.1,31.5,-1.39,-7.67,-1.19,-7.48,30.06,1.03,1.03,31.5,温和放量；近5日趋势升温；站上20日线且不过热；连续上榜确认；v2热点回踩观察,当日转弱；收盘承接偏弱；人气排名明显回落；弱市先收缩执行；后段人气股在偏弱环境里更谨慎,v3
2026-06-10,601869,长飞光纤,65,不推送,0.0,25,-2.8,-3.05,0.77,-11.98,31.45,-1.35,0.89,1.49,3.79,25.97,1.32,4.06,31.45,温和放量；站上20日线且不过热；持续霸榜,当日转弱；收盘承接偏弱；热度可能进入后段；弱市先收缩执行；后段人气股在偏弱环境里更谨慎；弱市里的长连榜样本优先降权；v3尾盘版回避高位长连榜,v3
2026-05-11,000021,深科技,88,不推送,56.6,47,-1.36,-2.67,-1.36,31.45,31.45,3.49,11.65,4.92,13.19,24.14,8.52,11.65,25.2,当日上涨；收盘承接较强；温和放量；近5日趋势升温；站上20日线且不过热；市场强势且个股相对强势,-,v3
2026-06-05,000547,航天发展,55,不推送,0.0,28,21.47,22.75,31.44,-11.07,31.44,15.41,26.3,-4.98,3.98,20.24,31.44,31.44,31.44,放量仍可控；人气排名明显上升,当日转弱；收盘承接偏弱；近5日趋势未确认；仍在20日线下方；弱市先收缩执行；后段人气股在偏弱环境里更谨慎；市场健康度不足，收缩推送；市场健康度偏弱,v3
2026-06-05,600105,永鼎股份,14,不推送,0.0,28,4.52,6.56,14.2,-10.46,31.43,5.15,3.14,0.6,-1.33,28.09,14.92,14.92,31.43,人气Top20；持续霸榜；人气排名明显上升,当日转弱；收盘承接偏弱；热度可能进入后段；弱市先收缩执行；弱市里的长连榜样本优先降权；v3尾盘版回避高位长连榜,v3
2026-06-18,002428,云南锗业,59,不推送,22.6,19,5.76,9.25,9.25,-17.53,31.4,21.72,19.14,15.09,12.65,3.91,21.72,31.4,31.4,近5日趋势升温；站上20日线且不过热；持续霸榜；市场强势且个股相对强势,热度可能进入后段；v3尾盘版回避高位长连榜,v3
2026-06-08,002281,光迅科技,43,不推送,0.0,27,0.16,-1.0,1.24,-0.87,31.39,-3.27,6.18,-3.42,6.01,25.69,1.24,6.18,31.39,人气Top50；持续霸榜,当日转弱；热度可能进入后段；弱市先收缩执行；弱市里的长连榜样本优先降权；v3尾盘版回避高位长连榜,v3
2026-05-11,000988,华工科技,30,不推送,22.6,47,12.27,10.12,14.97,0.0,31.37,4.94,12.58,-6.53,0.27,31.37,14.97,14.97,31.37,人气Top50；近5日趋势升温；站上20日线且不过热；连续上榜确认；人气排名明显上升；市场强势且个股相对强势,当日转弱；收盘承接偏弱,v3
2026-05-06,002181,粤传媒,19,强推观察,145.0,51,0.0,10.01,10.01,-48.27,31.35,11.28,13.1,11.28,13.1,-3.27,19.89,19.89,31.35,人气Top20；当日涨停附近；收在日内高位；温和放量；近5日强势延续；站上20日线且不过热；连续上榜确认；人气排名明显上升；v2强势延续修正；v2连榜升温修正；v2低分涨停修正；v3尾盘涨停延续；v3尾盘缩量强承接；v3热点早段优先,短线涨幅偏高,v3
2026-04-30,002181,粤传媒,34,强推观察,133.0,51,0.0,10.01,10.01,-48.27,31.35,11.28,13.1,11.28,13.1,-3.27,19.89,19.89,31.35,人气Top50；当日涨停附近；收在日内高位；温和放量；近5日强势延续；站上20日线且不过热；连续上榜确认；v2强势延续修正；v2连榜升温修正；v2低分涨停修正；v3尾盘涨停延续；v3尾盘缩量强承接；v3热点早段优先,短线涨幅偏高,v3
2026-04-22,002297,博云新材,42,不推送,17.0,57,1.23,9.61,10.0,-1.23,31.35,1.18,14.39,-0.05,13.0,23.95,10.65,20.06,31.35,人气Top50；当日上涨；温和放量；近5日强势延续；持续霸榜,短线涨幅偏高；远离20日线过多；热度可能进入后段；人气排名明显回落；v3尾盘版回避高位长连榜,v3
2026-04-16,300390,天华新能,40,不推送,51.0,61,-0.79,2.46,6.21,-31.13,31.33,0.15,-6.55,0.95,-5.8,28.97,6.21,6.21,31.33,人气Top50；当日涨停附近；温和放量；近5日强势延续；人气排名明显上升,短线涨幅偏高；偏离20日线较大,v3
2026-06-03,600869,远东股份,30,不推送,50.45,30,-0.19,-0.19,2.64,-28.6,31.31,3.39,18.84,3.59,19.06,25.28,9.8,20.01,31.31,人气Top50；当日上涨；温和放量；近5日强势延续；站上20日线且不过热；连续上榜确认；震荡市里保持相对强势；v3热点早段优先,短线涨幅偏高；上影线偏长；v3尾盘承接一般,v3
2026-06-08,300433,蓝思科技,85,不推送,0.0,27,-2.01,1.12,2.17,-12.64,31.3,-3.67,3.85,-1.7,5.98,20.6,2.17,7.44,31.3,近5日趋势升温；站上20日线且不过热；连续上榜确认,当日转弱；收盘承接偏弱；人气排名明显回落；弱市先收缩执行；后段人气股在偏弱环境里更谨慎,v3
2026-07-02,002185,华天科技,27,不推送,0.0,10,-0.69,-4.46,0.59,1.86,31.29,7.39,16.21,8.14,17.01,1.86,7.39,16.21,31.29,人气Top50；站上20日线且不过热；持续霸榜,当日转弱；收盘承接偏弱；近5日趋势未确认；热度可能进入后段；弱市先收缩执行；弱市里的长连榜样本优先降权；市场健康度不足，收缩推送；市场健康度偏弱；v3尾盘版回避高位长连榜,v3
2026-06-09,002407,多氟多,61,不推送,42.6,26,-3.04,1.4,3.21,-6.78,31.28,15.86,14.87,19.49,18.46,29.23,17.11,21.2,31.28,收在日内高位；温和放量；连续上榜确认；市场强势且个股相对强势,-,v3
2026-06-30,002747,埃斯顿,33,观察池,68.6,12,4.5,9.99,9.99,13.66,31.26,19.93,31.26,14.77,25.61,2.87,19.93,31.26,31.26,人气Top50；当日涨停附近；收在日内高位；站上20日线且不过热；持续霸榜；人气排名明显上升；市场强势且个股相对强势；v3尾盘涨停延续,近5日趋势未确认；热度可能进入后段；v3尾盘版回避高位长连榜；涨停封板不可买,v3
2026-05-15,000988,华工科技,79,不推送,0.0,43,2.63,10.0,10.0,-2.3,31.24,21.99,16.67,18.86,13.68,13.39,27.56,27.56,31.24,温和放量；站上20日线且不过热；持续霸榜,当日转弱；收盘承接偏弱；近5日趋势未确认；热度可能进入后段；震荡市里相对走弱；后段人气股在偏弱环境里更谨慎；市场健康度不足，收缩推送；v3尾盘版回避高位长连榜,v3
2026-04-27,300054,鼎龙股份,61,不推送,12.0,54,2.98,5.13,9.57,28.75,31.22,10.74,22.18,7.54,18.64,23.21,12.2,24.29,31.22,温和放量；近5日趋势升温；站上20日线且不过热,当日转弱；收盘承接偏弱,v3
2026-04-27,300763,锦浪科技,87,不推送,0.0,17,-0.02,3.31,4.67,31.21,31.21,13.71,16.63,13.74,16.65,17.03,16.02,20.73,25.6,放量仍可控,当日转弱；收盘承接偏弱；近5日趋势未确认；仍在20日线下方,v3
2026-06-12,002460,赣锋锂业,77,不推送,0.0,23,28.65,27.34,30.17,-10.59,31.2,27.34,28.65,-1.02,0.0,14.64,31.2,31.2,31.2,温和放量；连续上榜确认,当日转弱；近5日趋势未确认；仍在20日线下方；人气排名明显回落；震荡市里相对走弱；后段人气股在偏弱环境里更谨慎；市场健康度不足，收缩推送,v3
2026-06-09,600869,远东股份,86,不推送,68.6,26,-2.07,7.28,8.33,-35.54,31.19,10.27,15.61,12.61,18.06,28.44,14.08,18.54,31.19,当日强涨；收盘承接较强；温和放量；近5日趋势升温；站上20日线且不过热；连续上榜确认；市场强势且个股相对强势,v3尾盘半板但封单不强,v3
2026-05-21,603005,晶方科技,71,不推送,0.0,39,0.06,8.48,9.92,-4.38,31.18,25.0,26.39,24.93,26.32,23.56,31.18,31.18,31.18,近5日趋势升温；站上20日线且不过热；连续上榜确认,当日转弱；收盘承接偏弱；弱市先收缩执行；后段人气股在偏弱环境里更谨慎；v3尾盘版回避放量过猛,v3
2026-05-07,002428,云南锗业,66,不推送,60.6,49,-0.54,7.32,10.0,3.98,31.13,26.46,21.2,27.14,21.85,4.49,26.46,31.13,31.13,当日上涨；收盘承接较强；温和放量；近5日趋势升温；站上20日线且不过热；连续上榜确认；市场强势且个股相对强势,人气排名明显回落,v3
2026-06-25,600378,昊华科技,50,不推送,20.6,15,2.69,-7.28,2.87,-27.55,31.12,12.19,22.29,9.25,19.09,-1.47,12.19,31.12,31.12,人气Top50；近5日趋势升温；站上20日线且不过热；持续霸榜；市场强势且个股相对强势,热度可能进入后段；上影线偏长；v3尾盘版回避高位长连榜；v3尾盘承接一般,v3
2026-04-13,002342,巨力索具,28,普通观察,69.0,64,0.0,4.96,5.32,-50.73,31.09,13.28,19.16,13.28,19.16,12.67,20.44,22.4,31.09,人气Top50；当日上涨；温和放量；近5日强势延续；站上20日线且不过热；连续上榜确认；人气排名明显上升；v2连榜升温修正；v3热点早段优先,短线涨幅偏高,v3
2026-05-11,002050,三花智控,44,不推送,0.0,47,22.68,21.41,24.23,-0.26,31.09,17.86,26.18,-3.93,2.86,28.54,24.23,28.35,31.09,人气Top50；连续上榜确认,量能不足；近5日趋势未确认；仍在20日线下方；人气排名明显回落；强势市里个股相对走弱；v3尾盘承接一般,v3
2026-04-17,600330,天通股份,9,重点观察,78.0,60,9.99,9.99,9.99,-1.7,31.06,19.05,19.14,8.24,8.33,24.3,19.05,26.69,31.06,人气Top10；当日涨停附近；收在日内高位；近5日趋势升温；站上20日线且不过热；人气排名明显上升；v3热点早段优先,量能不足；一字或近似一字，参与点差,v3
2026-06-23,001309,德明利,43,不推送,32.8,17,1.47,8.29,9.21,-20.3,31.02,27.14,26.06,25.3,24.23,13.77,31.02,31.02,31.02,人气Top50；温和放量；近5日趋势升温；站上20日线且不过热；人气排名明显上升；v3热点早段优先,上影线偏长；弱市先收缩执行；v3尾盘承接一般,v3
2026-05-28,688347,华虹公司,69,观察池,8.6,34,0.03,-5.44,1.01,30.99,30.99,-9.5,-2.51,-9.53,-2.54,-11.56,1.01,1.2,1.2,当日涨停附近；收盘承接较强；市场强势且个股相对强势,量能不足；短线涨幅过热；远离20日线过多；涨停封板不可买,v3
2026-05-26,000767,晋控电力,48,不推送,19.1,36,-1.98,2.18,3.37,-34.13,30.95,10.71,21.23,12.96,23.68,-1.79,10.71,30.95,30.95,人气Top50；温和放量；站上20日线且不过热,近5日趋势未确认；震荡市里相对走弱,v3
2026-04-20,300308,中际旭创,43,不推送,24.0,59,-0.15,1.63,2.0,30.94,30.94,5.41,0.71,5.57,0.86,3.23,8.12,8.12,8.12,人气Top50；温和放量；近5日趋势升温；站上20日线且不过热；持续霸榜,收盘承接偏弱；热度可能进入后段；人气排名明显回落；v3尾盘版回避高位长连榜,v3
2026-04-17,300308,中际旭创,11,不推送,56.0,60,-0.24,-0.12,3.29,30.94,30.94,4.19,4.23,4.44,4.48,0.71,4.96,8.12,8.12,人气Top20；当日上涨；温和放量；近5日趋势升温；站上20日线且不过热；持续霸榜,热度可能进入后段；v3尾盘版回避高位长连榜,v3
2026-05-14,002600,领益智造,28,不推送,0.0,44,20.09,24.05,30.94,-7.55,30.94,23.97,13.78,3.24,-5.25,16.94,30.94,30.94,30.94,人气Top50；温和放量,当日转弱；收盘承接偏弱；近5日趋势未确认；弱市先收缩执行；市场健康度不足，收缩推送；市场健康度偏弱,v3
2026-04-20,002990,盛视科技,70,不推送,0.0,59,-0.45,-8.06,-0.2,11.73,30.92,0.18,-0.82,0.64,-0.37,30.92,1.55,10.22,30.92,放量仍可控；近5日强势延续；持续霸榜,当日转弱；收盘承接偏弱；短线涨幅偏高；偏离20日线较大；热度可能进入后段；人气排名明显回落；v3尾盘版回避高位长连榜,v3
2026-06-15,000657,中钨高新,39,观察池,109.6,22,2.7,6.18,8.07,-22.61,30.91,13.06,17.69,10.08,14.59,9.88,13.06,30.91,30.91,人气Top50；当日涨停附近；收在日内高位；温和放量；近5日强势延续；站上20日线且不过热；连续上榜确认；市场强势且个股相对强势；v2强势延续修正；v2低分涨停修正；v3尾盘涨停延续,短线涨幅偏高；人气排名明显回落；涨停封板不可买,v3
2026-06-24,002747,埃斯顿,44,不推送,32.6,16,-0.05,-1.5,6.33,13.36,30.91,-9.32,9.7,-9.28,9.76,17.82,6.33,9.7,30.91,人气Top50；温和放量；近5日趋势升温；站上20日线且不过热；连续上榜确认；市场强势且个股相对强势,当日转弱；收盘承接偏弱,v3
2026-04-17,603538,美诺华,81,不推送,6.0,60,1.6,-2.08,1.92,-26.95,30.88,-3.81,9.68,-5.32,7.95,30.48,3.3,13.14,30.88,温和放量；近5日趋势升温；站上20日线且不过热；持续霸榜,当日转弱；收盘承接偏弱；热度可能进入后段；人气排名明显回落；v3尾盘版回避高位长连榜,v3
2026-06-22,300136,信维通信,95,不推送,0.0,18,-3.05,-3.49,-0.14,-20.1,30.84,17.99,18.01,21.71,21.73,-5.32,18.83,30.84,30.84,温和放量；连续上榜确认,当日转弱；收盘承接偏弱；强势市里个股相对走弱,v3
2026-04-24,300390,天华新能,42,普通观察,66.0,55,-1.0,3.55,6.79,-35.15,30.84,21.43,26.04,22.66,27.32,9.68,22.63,30.84,30.84,人气Top50；当日涨停附近；收盘承接较强；温和放量；站上20日线且不过热；人气排名明显上升,-,v3
2026-05-21,002081,金螳螂,63,不推送,0.0,39,2.15,4.12,4.48,-32.08,30.82,-3.05,-1.97,-5.09,-4.04,8.42,6.99,6.99,30.82,温和放量；持续霸榜,当日转弱；收盘承接偏弱；近5日趋势未确认；仍在20日线下方；热度可能进入后段；人气排名明显回落；弱市先收缩执行；后段人气股在偏弱环境里更谨慎；弱市里的长连榜样本优先降权；市场健康度不足，收缩推送；市场健康度偏弱；v3尾盘版回避高位长连榜,v3
2026-04-13,001896,豫能控股,39,重点观察,80.0,64,3.19,4.51,9.99,-6.32,30.81,18.39,30.4,14.73,26.36,13.74,22.69,30.4,30.81,人气Top50；当日强涨；收在日内高位；温和放量；近5日趋势升温；站上20日线且不过热；v3热点早段优先,-,v3
2026-06-10,603259,药明康德,73,不推送,38.58,25,-1.11,-0.02,0.53,30.81,30.81,2.35,1.14,3.5,2.28,20.73,2.89,3.0,22.05,当日上涨；收在日内高位；温和放量；连续上榜确认；弱市中个股相对抗跌,近5日趋势未确认；人气排名明显回落；后段人气股在偏弱环境里更谨慎,v3
2026-06-08,002579,中京电子,22,不推送,0.0,27,2.02,-0.48,2.85,-18.61,30.8,-9.1,-2.79,-10.9,-4.72,18.31,2.85,2.85,30.8,人气Top50；站上20日线且不过热；持续霸榜,当日转弱；收盘承接偏弱；近5日趋势未确认；热度可能进入后段；弱市先收缩执行；弱市里的长连榜样本优先降权；市场健康度不足，收缩推送；市场健康度偏弱；v3尾盘版回避高位长连榜,v3
2026-06-04,002421,达实智能,69,不推送,0.0,29,3.18,10.62,10.62,-38.22,30.79,21.02,3.82,17.28,0.62,-18.68,30.79,30.79,30.79,站上20日线且不过热；持续霸榜；震荡市里保持相对强势,当日转弱；收盘承接偏弱；热度可能进入后段；人气排名明显回落；后段人气股在偏弱环境里更谨慎；v3尾盘版回避高位长连榜,v3
2026-05-08,002008,大族激光,97,不推送,56.6,48,4.01,12.18,12.18,-9.55,30.78,23.78,19.74,19.01,15.12,22.4,23.78,30.78,30.78,当日上涨；收在日内高位；温和放量；近5日趋势升温；连续上榜确认；市场强势且个股相对强势,偏离20日线较大；人气排名明显回落,v3
2026-06-24,002141,贤丰控股,100,不推送,20.6,16,-3.0,12.45,12.45,26.82,30.69,11.16,4.51,14.6,7.74,20.17,27.68,27.68,30.69,温和放量；近5日趋势升温；站上20日线且不过热；连续上榜确认；市场强势且个股相对强势,当日转弱；收盘承接偏弱；人气排名明显回落,v3
2026-04-14,601778,晶科科技,21,重点观察,82.0,63,-0.17,0.33,1.82,-41.63,30.68,14.59,5.31,14.78,5.48,18.08,21.56,21.56,30.68,人气Top50；当日涨停附近；收在日内高位；近5日趋势升温；站上20日线且不过热；v2强势延续修正；v2低分涨停修正；v3热点早段优先,v3尾盘版回避放量过猛,v3
2026-06-15,000032,深桑达A,79,观察池,57.6,22,3.17,10.0,10.0,-17.35,30.66,18.21,10.72,14.58,7.31,19.89,22.73,22.73,30.66,当日涨停附近；收在日内高位；放量仍可控；近5日强势延续；站上20日线且不过热；市场强势且个股相对强势,短线涨幅偏高；v3尾盘版回避放量过猛；涨停封板不可买,v3
2026-05-26,000988,华工科技,26,不推送,0.0,36,27.55,22.14,30.65,0.0,30.65,16.05,14.01,-9.02,-10.62,18.82,30.65,30.65,30.65,人气Top50；持续霸榜,当日转弱；收盘承接偏弱；近5日趋势未确认；仍在20日线下方；热度可能进入后段；震荡市里相对走弱；v3尾盘版回避高位长连榜,v3
2026-06-15,002354,天娱数科,22,不推送,2.55,22,-1.35,-2.02,0.0,7.42,30.63,4.32,9.45,5.75,10.94,25.51,4.32,16.6,30.63,人气Top50；温和放量；站上20日线且不过热；持续霸榜,当日转弱；收盘承接偏弱；热度可能进入后段；强势市里个股相对走弱；v3尾盘版回避高位长连榜,v3
2026-04-23,603618,杭电股份,23,强推观察,93.0,56,0.8,-2.71,5.48,-4.65,30.63,-7.48,-10.03,-8.21,-10.74,28.78,5.48,5.48,30.63,人气Top50；当日涨停附近；收在日内高位；温和放量；近5日强势延续；站上20日线且不过热；连续上榜确认；人气排名明显上升；v2连榜升温修正,短线涨幅偏高,v3
2026-06-26,605358,立昂微,18,观察池,78.3,14,20.75,23.71,25.28,-23.35,30.61,25.2,1.18,3.69,-16.21,-4.48,30.61,30.61,30.61,人气Top20；当日涨停附近；收在日内高位；人气排名明显上升；弱市中个股相对抗跌；v3尾盘涨停延续；v3尾盘缩量强承接,近5日趋势未确认；涨停封板不可买,v3
2026-06-22,605358,立昂微,66,观察池,48.6,18,6.4,4.05,9.35,-23.35,30.61,10.32,23.71,3.68,16.27,-6.71,10.32,25.28,30.61,当日涨停附近；收在日内高位；站上20日线且不过热；持续霸榜；人气排名明显上升；市场强势且个股相对强势,近5日趋势未确认；热度可能进入后段；v3尾盘版回避高位长连榜；涨停封板不可买,v3
2026-04-24,002580,圣阳股份,12,不推送,32.0,55,-1.59,4.04,8.84,-40.4,30.51,3.25,7.36,4.92,9.1,25.49,8.84,8.84,30.51,人气Top20；温和放量；站上20日线且不过热；持续霸榜,近5日趋势未确认；热度可能进入后段；v3尾盘版回避高位长连榜,v3
2026-04-24,002980,华盛昌,80,不推送,50.0,55,-3.17,-1.69,-0.44,30.48,30.48,-1.14,-7.86,2.1,-4.84,4.58,5.97,5.97,6.94,当日强涨；收盘承接较强；温和放量；近5日趋势升温,偏离20日线较大,v3
2026-06-10,002851,麦格米特,100,不推送,0.0,25,0.27,-4.26,2.0,4.23,30.47,2.16,22.86,1.89,22.53,18.11,2.16,23.6,30.47,温和放量；站上20日线且不过热；连续上榜确认,当日转弱；收盘承接偏弱；近5日趋势未确认；弱市先收缩执行；后段人气股在偏弱环境里更谨慎；市场健康度不足，收缩推送；市场健康度偏弱,v3
2026-06-12,600160,巨化股份,59,不推送,37.73,23,6.94,10.72,10.81,-4.99,30.47,13.36,15.33,6.0,7.84,27.85,14.07,15.33,30.47,温和放量；近5日趋势升温；站上20日线且不过热；连续上榜确认；人气排名明显上升；震荡市里保持相对强势,上影线偏长；后段人气股在偏弱环境里更谨慎；v3尾盘承接一般,v3
2026-06-12,002971,和远气体,62,观察池,41.45,23,-4.0,-2.24,3.14,-23.18,30.4,5.46,25.33,9.85,30.55,18.59,9.13,26.14,30.4,当日涨停附近；收在日内高位；放量仍可控；连续上榜确认；人气排名明显上升；震荡市里保持相对强势；震荡市里承接未失控,短线涨幅过热；远离20日线过多；后段人气股在偏弱环境里更谨慎；涨停封板不可买,v3
2026-04-10,300131,英唐智控,63,不推送,45.0,28,0.26,0.45,3.05,30.35,30.35,0.26,1.88,0.0,1.62,5.58,3.11,3.57,23.74,当日涨停附近；收在日内高位；近5日强势延续；站上20日线且不过热,短线涨幅偏高；v3尾盘版回避放量过猛,v3
2026-05-18,600578,京能电力,16,观察池,71.17,42,0.0,7.26,9.99,-28.66,30.35,6.1,17.25,6.1,17.25,9.47,9.99,17.25,30.35,人气Top20；当日涨停附近；收在日内高位；温和放量；连续上榜确认；震荡市里保持相对强势；震荡市里承接未失控,短线涨幅过热；偏离20日线较大；涨停封板不可买,v3
2026-05-11,601991,大唐发电,3,不推送,36.6,47,0.75,1.06,1.06,-14.18,30.32,8.6,19.61,7.78,18.71,11.61,22.32,22.47,30.32,人气Top3；温和放量；连续上榜确认；市场强势且个股相对强势,短线涨幅过热；远离20日线过多,v3
2026-05-14,601991,大唐发电,1,不推送,24.3,44,5.43,19.46,19.46,-14.18,30.32,26.4,6.33,19.89,0.86,20.66,30.32,30.32,30.32,人气Top3；温和放量；近5日强势延续；持续霸榜,短线涨幅偏高；偏离20日线较大；热度可能进入后段；弱市先收缩执行；弱市里的长连榜样本优先降权；Top3高热度拥挤，次日兑现风险；v3尾盘版回避高位长连榜,v3
2026-05-13,601991,大唐发电,2,不推送,39.6,45,22.32,8.6,22.32,-14.18,30.32,19.61,13.73,-2.22,-7.03,16.29,22.47,30.32,30.32,人气Top3；温和放量；近5日强势延续；持续霸榜；市场强势且个股相对强势,短线涨幅偏高；远离20日线过多；热度可能进入后段；v3尾盘版回避高位长连榜,v3
2026-05-12,601991,大唐发电,1,不推送,26.6,46,7.69,11.16,11.16,-14.18,30.32,19.46,26.4,10.92,17.37,7.99,22.32,30.32,30.32,人气Top3；温和放量；持续霸榜；市场强势且个股相对强势,短线涨幅过热；远离20日线过多；热度可能进入后段；v3尾盘版回避高位长连榜,v3
2026-05-08,603459,红板科技,53,观察池,85.6,48,10.01,10.01,10.01,12.83,30.3,16.85,3.39,6.22,-6.01,30.3,23.24,23.24,30.3,当日涨停附近；收在日内高位；温和放量；近5日强势延续；站上20日线且不过热；市场强势且个股相对强势；v2低分涨停修正；v3尾盘缩量强承接,短线涨幅偏高；涨停封板不可买,v3
2026-05-21,002421,达实智能,13,不推送,0.0,39,-2.53,10.1,10.1,-26.52,30.3,17.42,15.4,20.47,18.39,19.7,30.3,30.3,30.3,人气Top20；近5日强势延续；站上20日线且不过热；连续上榜确认,当日转弱；收盘承接偏弱；放量过猛；短线涨幅偏高；弱市先收缩执行；v3尾盘版回避放量过猛,v3
2026-06-02,001896,豫能控股,34,不推送,62.6,31,-1.36,8.83,8.83,-26.83,30.3,7.75,16.86,9.23,18.46,19.57,30.3,30.3,30.3,人气Top50；当日上涨；收盘承接较强；温和放量；近5日趋势升温；站上20日线且不过热；持续霸榜；市场强势且个股相对强势,热度可能进入后段；v3尾盘版回避高位长连榜,v3
2026-04-24,000988,华工科技,97,不推送,0.0,55,0.68,3.01,5.14,13.33,30.29,3.23,8.34,2.53,7.61,23.01,5.14,12.03,30.29,站上20日线且不过热；持续霸榜,当日转弱；近5日趋势未确认；热度可能进入后段；v3尾盘版回避高位长连榜,v3
2026-04-27,002463,沪电股份,85,不推送,22.0,54,-0.49,-3.4,-0.11,30.27,30.27,-2.74,2.32,-2.27,2.82,1.97,0.2,3.19,9.06,温和放量；近5日趋势升温；站上20日线且不过热；持续霸榜,热度可能进入后段；上影线偏长；v3尾盘版回避高位长连榜；v3尾盘承接一般,v3
2026-04-15,601778,晶科科技,55,不推送,42.0,62,3.31,10.08,10.08,-41.82,30.25,7.6,8.1,4.16,4.64,15.04,21.16,21.16,30.25,收盘承接较强；放量仍可控；近5日趋势升温；站上20日线且不过热；连续上榜确认,人气排名明显回落,v3
2026-04-27,002342,巨力索具,13,不推送,8.0,54,0.05,0.27,2.77,-56.3,30.24,7.49,20.03,7.43,19.97,8.03,10.15,20.03,30.24,人气Top20；站上20日线且不过热；持续霸榜,当日转弱；近5日趋势未确认；热度可能进入后段；v3尾盘版回避高位长连榜,v3
2026-04-10,002491,通鼎互联,39,不推送,26.0,65,-2.81,1.58,6.58,30.23,30.23,-2.67,3.7,0.14,6.7,7.27,6.58,9.46,24.74,人气Top50；温和放量；近5日趋势升温；站上20日线且不过热；v3热点早段优先,当日转弱；收盘承接偏弱,v3
2026-04-27,002297,博云新材,3,不推送,46.0,54,2.29,9.99,9.99,-2.39,30.2,19.34,20.56,16.67,17.86,21.33,23.72,26.64,30.2,人气Top3；温和放量；近5日趋势升温；持续霸榜；人气排名明显上升,当日转弱；偏离20日线较大；热度可能进入后段；v3尾盘版回避高位长连榜,v3
2026-06-24,600378,昊华科技,51,不推送,22.6,16,-2.05,1.08,3.52,-28.06,30.19,1.27,19.7,3.39,22.21,-7.63,3.52,22.54,30.19,近5日趋势升温；站上20日线且不过热；持续霸榜；市场强势且个股相对强势,热度可能进入后段；v3尾盘版回避高位长连榜,v3
2026-04-30,600736,苏州高新,94,不推送,0.0,51,1.96,7.61,10.06,-18.16,30.18,20.98,22.21,18.65,19.86,-1.84,30.18,30.18,30.18,温和放量；站上20日线且不过热；持续霸榜,当日转弱；收盘承接偏弱；近5日趋势未确认；热度可能进入后段；人气排名明显回落；v3尾盘版回避高位长连榜,v3
2026-05-06,600736,苏州高新,48,不推送,6.0,51,1.96,7.61,10.06,-18.16,30.18,20.98,22.21,18.65,19.86,-1.84,30.18,30.18,30.18,人气Top50；温和放量；站上20日线且不过热；持续霸榜；人气排名明显上升,当日转弱；收盘承接偏弱；近5日趋势未确认；热度可能进入后段；v3尾盘版回避高位长连榜,v3
2026-06-16,603002,宏昌电子,49,观察池,141.6,21,1.94,10.0,10.0,-18.3,30.16,23.0,11.38,20.65,9.26,12.75,23.0,25.41,30.16,人气Top50；当日涨停附近；收在日内高位；温和放量；近5日强势延续；站上20日线且不过热；连续上榜确认；人气排名明显上升；市场强势且个股相对强势；v2强势延续修正；v2连榜升温修正；v2低分涨停修正；v3尾盘涨停延续；v3尾盘缩量强承接；v3热点早段优先,短线涨幅偏高；涨停封板不可买,v3
2026-05-13,300017,网宿科技,33,不推送,38.6,45,28.78,20.67,29.43,-6.74,30.15,19.23,17.27,-7.41,-8.94,1.57,30.15,30.15,30.15,人气Top50；当日上涨；收在日内高位；温和放量；市场强势且个股相对强势,近5日趋势未确认；仍在20日线下方,v3
2026-05-07,603618,杭电股份,46,观察池,122.6,49,0.82,10.0,10.0,-12.43,30.12,18.27,10.53,17.31,9.63,17.75,19.97,20.58,30.12,人气Top50；当日涨停附近；收在日内高位；近5日趋势升温；站上20日线且不过热；连续上榜确认；市场强势且个股相对强势；v2强势延续修正；v2低分涨停修正；v3尾盘涨停延续；v3尾盘缩量强承接；v3热点早段优先,涨停封板不可买,v3
2026-06-09,600183,生益科技,11,观察池,92.6,26,-0.32,-0.39,4.77,-0.33,30.11,2.58,21.65,2.91,22.04,20.23,10.27,24.13,30.11,人气Top20；当日涨停附近；收在日内高位；近5日趋势升温；站上20日线且不过热；持续霸榜；人气排名明显上升；市场强势且个股相对强势；v3尾盘涨停延续,热度可能进入后段；v3尾盘版回避高位长连榜；涨停封板不可买,v3
2026-05-27,600726,华电能源,33,观察池,118.17,35,10.04,10.04,10.04,-33.69,30.11,13.5,16.01,3.15,5.43,0.72,30.11,30.11,30.11,人气Top50；当日涨停附近；收在日内高位；近5日强势延续；站上20日线且不过热；连续上榜确认；震荡市里保持相对强势；震荡市里承接未失控；v2强势延续修正；v2连榜升温修正；v2低分涨停修正；v3尾盘涨停延续；v3尾盘缩量强承接,短线涨幅偏高；涨停封板不可买,v3
2026-04-30,002217,合力泰,31,不推送,20.0,50,4.84,10.03,10.03,-47.06,30.1,18.69,20.07,13.2,14.52,2.08,26.3,30.1,30.1,人气Top50；温和放量；站上20日线且不过热；连续上榜确认；人气排名明显上升,当日转弱；收盘承接偏弱,v3
2026-05-06,002217,合力泰,15,不推送,18.0,50,4.84,10.03,10.03,-47.06,30.1,18.69,20.07,13.2,14.52,2.08,26.3,30.1,30.1,人气Top20；温和放量；站上20日线且不过热；持续霸榜；人气排名明显上升,当日转弱；收盘承接偏弱；热度可能进入后段；v3尾盘版回避高位长连榜,v3
2026-04-29,600460,士兰微,60,不推送,12.0,52,3.02,3.81,4.78,30.1,30.1,6.5,9.45,3.38,6.24,11.53,8.12,10.31,16.49,温和放量；站上20日线且不过热,当日转弱,v3
2026-05-28,002484,江海股份,64,观察池,63.6,34,10.0,5.1,10.0,9.92,30.08,12.68,30.08,2.43,18.25,11.79,16.24,30.08,30.08,当日涨停附近；收在日内高位；近5日强势延续；连续上榜确认；人气排名明显上升；市场强势且个股相对强势；v2低分涨停修正；v3尾盘缩量强承接,短线涨幅偏高；远离20日线过多；涨停封板不可买,v3
2026-05-06,688525,佰维存储,31,不推送,12.0,51,8.16,17.37,19.98,13.27,30.07,9.49,16.48,1.23,7.69,18.16,19.98,21.96,30.07,人气Top50；温和放量；站上20日线且不过热；人气排名明显上升,当日转弱；收盘承接偏弱,v3
2026-06-23,600584,长电科技,3,不推送,19.3,17,-1.66,10.86,10.86,-2.59,30.07,18.11,21.22,20.11,23.27,18.23,27.99,27.99,30.07,人气Top3；温和放量；近5日趋势升温；站上20日线且不过热；持续霸榜,当日转弱；收盘承接偏弱；热度可能进入后段；弱市先收缩执行；弱市里的长连榜样本优先降权；Top3高热度拥挤，次日兑现风险；v3尾盘版回避高位长连榜,v3
2026-06-23,600397,江钨装备,62,观察池,26.57,17,1.6,4.38,9.94,-32.04,30.07,6.55,11.42,4.87,9.67,-14.98,11.09,20.66,30.07,当日涨停附近；收在日内高位；放量仍可控；弱市中个股相对抗跌,短线涨幅过热；远离20日线过多；后段人气股在偏弱环境里更谨慎；涨停封板不可买,v3
2026-05-15,603629,利通电子,46,不推送,0.0,43,0.5,4.67,4.72,-39.52,30.03,8.78,17.3,8.24,16.72,3.08,8.82,17.3,30.03,人气Top50；温和放量；站上20日线且不过热；持续霸榜,当日转弱；收盘承接偏弱；近5日趋势未确认；热度可能进入后段；震荡市里相对走弱；市场健康度不足，收缩推送；v3尾盘版回避高位长连榜,v3
2026-06-24,002407,多氟多,20,普通观察,76.6,16,-1.54,-0.97,3.93,-27.82,30.03,3.26,24.94,4.87,26.89,-4.75,3.93,24.94,30.03,人气Top20；当日上涨；收在日内高位；温和放量；近5日趋势升温；站上20日线且不过热；持续霸榜；市场强势且个股相对强势,热度可能进入后段；v3尾盘版回避高位长连榜,v3
2026-05-14,002008,大族激光,85,不推送,0.0,44,27.09,22.03,28.68,-7.82,30.03,16.65,21.59,-8.22,-4.33,15.95,28.68,30.03,30.03,温和放量；站上20日线且不过热；连续上榜确认,当日转弱；收盘承接偏弱；人气排名明显回落；弱市先收缩执行；后段人气股在偏弱环境里更谨慎,v3
2026-04-15,002990,盛视科技,61,不推送,63.0,62,0.5,9.76,9.76,30.02,30.02,16.12,15.01,15.55,14.44,15.98,28.12,28.12,28.26,当日涨停附近；收在日内高位；放量仍可控；近5日强势延续；连续上榜确认；v2低分涨停修正,短线涨幅偏高；偏离20日线较大,v3
2026-06-08,002384,东山精密,57,不推送,0.0,27,1.56,5.11,5.67,25.9,30.02,-1.18,12.09,-2.69,10.37,19.45,6.78,12.09,30.02,近5日趋势升温；持续霸榜,当日转弱；收盘承接偏弱；热度可能进入后段；弱市先收缩执行；后段人气股在偏弱环境里更谨慎；弱市里的长连榜样本优先降权；v3尾盘版回避高位长连榜,v3
2026-04-27,300308,中际旭创,39,不推送,6.0,54,-0.35,-3.74,-0.35,30.02,30.02,0.17,2.5,0.53,2.87,25.93,2.18,3.87,27.2,人气Top50；温和放量；站上20日线且不过热；持续霸榜,当日转弱；收盘承接偏弱；热度可能进入后段；v3尾盘版回避高位长连榜,v3
2026-04-15,600152,维科技术,62,不推送,14.0,62,-1.41,4.72,5.22,-36.37,29.99,15.41,3.89,17.06,5.38,20.13,26.68,26.68,29.99,放量仍可控；近5日趋势升温；站上20日线且不过热；连续上榜确认,收盘承接偏弱；人气排名明显回落；上影线偏长,v3
2026-06-08,600487,亨通光电,4,不推送,15.5,27,3.56,9.02,9.02,-32.5,29.99,6.3,3.05,2.64,-0.49,21.82,14.2,14.2,29.99,人气Top10；温和放量；近5日强势延续；站上20日线且不过热；持续霸榜,当日转弱；收盘承接偏弱；短线涨幅偏高；热度可能进入后段；弱市先收缩执行；弱市里的长连榜样本优先降权；v3尾盘版回避高位长连榜,v3
2026-04-15,002565,顺灏股份,7,不推送,36.0,62,-0.17,0.28,1.02,-45.31,29.89,14.63,24.01,14.83,24.22,4.63,16.16,29.89,29.89,人气Top10；温和放量；站上20日线且不过热；连续上榜确认；人气排名明显上升,收盘承接偏弱；上影线偏长；v3尾盘承接一般,v3
2026-04-30,000066,中国长城,7,强推观察,114.0,51,9.99,9.99,9.99,-17.56,29.87,16.5,27.95,5.92,16.33,4.54,23.21,29.87,29.87,人气Top10；当日涨停附近；收在日内高位；温和放量；近5日趋势升温；站上20日线且不过热；持续霸榜；人气排名明显上升；v2强势延续修正；v2低分涨停修正,热度可能进入后段；v3尾盘版回避高位长连榜,v3
2026-05-06,000066,中国长城,6,强推观察,110.0,50,17.51,20.99,20.99,-17.56,29.87,18.06,27.09,0.47,8.16,4.79,24.97,29.87,29.87,人气Top10；当日涨停附近；收在日内高位；温和放量；近5日趋势升温；站上20日线且不过热；持续霸榜；v2强势延续修正；v2低分涨停修正,热度可能进入后段；v3尾盘版回避高位长连榜,v3
2026-05-21,002384,东山精密,45,不推送,0.0,39,1.91,6.56,7.13,29.87,29.87,6.88,5.81,4.87,3.83,14.9,10.3,13.06,18.23,人气Top50；温和放量；站上20日线且不过热；持续霸榜；人气排名明显上升,当日转弱；收盘承接偏弱；近5日趋势未确认；热度可能进入后段；弱市先收缩执行；弱市里的长连榜样本优先降权；市场健康度不足，收缩推送；市场健康度偏弱；v3尾盘版回避高位长连榜,v3
2026-04-28,002342,巨力索具,80,不推送,0.0,53,-1.95,2.22,4.38,-56.44,29.82,8.77,19.59,10.93,21.96,5.09,11.42,29.82,29.82,站上20日线且不过热；持续霸榜,近5日趋势未确认；热度可能进入后段；人气排名明显回落；v3尾盘版回避高位长连榜,v3
2026-04-30,300308,中际旭创,71,不推送,0.0,51,3.62,-0.17,3.67,29.8,29.8,3.32,18.72,-0.28,14.57,20.12,4.83,19.29,28.26,站上20日线且不过热,收盘承接偏弱；近5日趋势未确认；人气排名明显回落；v3尾盘承接一般,v3
2026-05-06,300308,中际旭创,68,不推送,0.0,51,3.62,-0.17,3.67,29.8,29.8,3.32,18.72,-0.28,14.57,20.12,4.83,19.29,28.26,站上20日线且不过热；连续上榜确认,收盘承接偏弱；近5日趋势未确认；v3尾盘承接一般,v3
2026-05-21,603601,再升科技,23,普通观察,74.3,39,-2.1,6.4,6.46,-50.72,29.8,10.76,29.8,13.13,32.58,-14.13,14.57,29.8,29.8,人气Top50；当日上涨；收在日内高位；温和放量；近5日趋势升温；站上20日线且不过热；弱市中个股相对抗跌；v3热点早段优先,-,v3
2026-06-08,600584,长电科技,16,不推送,0.0,27,2.85,6.11,6.62,17.43,29.78,1.4,4.74,-1.41,1.84,21.49,7.73,7.73,29.78,人气Top20；持续霸榜,当日转弱；收盘承接偏弱；近5日趋势未确认；热度可能进入后段；弱市先收缩执行；弱市里的长连榜样本优先降权；市场健康度不足，收缩推送；市场健康度偏弱；v3尾盘版回避高位长连榜,v3
2026-06-10,603011,合锻智能,94,观察池,56.58,25,-2.16,5.33,10.0,-29.47,29.78,7.27,12.7,9.64,15.19,11.32,10.0,18.4,29.78,当日涨停附近；收在日内高位；温和放量；弱市中个股相对抗跌；v3尾盘缩量强承接,偏离20日线较大；人气排名明显回落；后段人气股在偏弱环境里更谨慎；涨停封板不可买,v3
2026-06-10,600183,生益科技,40,不推送,6.5,25,-0.62,1.26,3.81,-0.59,29.77,12.55,21.84,13.24,22.59,26.61,12.55,29.18,29.77,人气Top50；温和放量；近5日趋势升温；站上20日线且不过热；持续霸榜,收盘承接偏弱；热度可能进入后段；人气排名明显回落；上影线偏长；弱市先收缩执行；弱市里的长连榜样本优先降权；v3尾盘版回避高位长连榜,v3
2026-06-12,601208,东材科技,98,不推送,13.72,23,-1.63,5.18,7.14,-21.34,29.75,18.05,28.74,20.0,30.87,8.58,23.66,29.75,29.75,温和放量；近5日趋势升温；站上20日线且不过热；震荡市里保持相对强势,收盘承接偏弱；人气排名明显回落；上影线偏长；后段人气股在偏弱环境里更谨慎,v3
2026-06-08,600522,中天科技,1,不推送,71.8,27,1.83,9.79,9.79,-24.65,29.75,-1.23,2.96,-3.01,1.11,23.88,9.79,9.79,29.75,人气Top3；当日强涨；收盘承接较强；温和放量；近5日强势延续；站上20日线且不过热；持续霸榜；弱市中个股相对抗跌,短线涨幅偏高；热度可能进入后段；弱市里的长连榜样本优先降权；Top3高热度拥挤，次日兑现风险；v3尾盘版回避高位长连榜,v3
2026-06-17,002636,金安国纪,46,不推送,0.0,20,-1.42,8.87,9.78,-6.62,29.7,13.28,17.82,14.91,19.52,16.35,19.76,25.13,29.7,人气Top50；近5日趋势升温；持续霸榜；市场强势且个股相对强势,当日转弱；收盘承接偏弱；远离20日线过多；热度可能进入后段；v3尾盘版回避高位长连榜,v3
2026-05-21,601138,工业富联,28,不推送,0.0,39,0.93,2.53,3.3,-3.79,29.69,6.84,14.5,5.85,13.45,19.92,8.09,16.46,29.69,人气Top50；持续霸榜,当日转弱；收盘承接偏弱；近5日趋势未确认；热度可能进入后段；弱市先收缩执行；弱市里的长连榜样本优先降权；市场健康度不足，收缩推送；市场健康度偏弱；v3尾盘版回避高位长连榜,v3
2026-06-10,002384,东山精密,56,不推送,0.0,25,0.43,-1.44,3.55,25.56,29.67,11.79,20.01,11.31,19.5,28.83,11.79,24.27,29.67,持续霸榜,当日转弱；收盘承接偏弱；近5日趋势未确认；热度可能进入后段；弱市先收缩执行；后段人气股在偏弱环境里更谨慎；弱市里的长连榜样本优先降权；市场健康度不足，收缩推送；市场健康度偏弱；v3尾盘版回避高位长连榜,v3
2026-04-27,600330,天通股份,45,不推送,22.0,54,-1.5,-3.65,1.75,-22.1,29.65,1.71,2.04,3.26,3.59,19.62,2.95,6.49,29.65,人气Top50；当日上涨；温和放量；近5日趋势升温；人气排名明显上升,收盘承接偏弱；偏离20日线较大；上影线偏长；v3尾盘承接一般,v3
2026-06-22,002281,光迅科技,57,不推送,0.0,18,27.31,24.46,29.64,-1.84,29.64,21.93,10.03,-4.23,-13.58,-2.52,29.64,29.64,29.64,温和放量；持续霸榜,当日转弱；收盘承接偏弱；热度可能进入后段；人气排名明显回落；强势市里个股相对走弱；v3尾盘版回避高位长连榜,v3
2026-04-20,600961,株冶集团,80,不推送,35.0,59,10.0,10.0,10.0,-2.59,29.63,20.0,19.59,9.09,8.72,21.23,23.25,29.63,29.63,当日涨停附近；收在日内高位；近5日强势延续；连续上榜确认,量能不足；短线涨幅偏高；偏离20日线较大；一字或近似一字，参与点差,v3
2026-06-10,601208,东材科技,36,不推送,36.8,25,-0.85,-0.58,2.29,-21.42,29.61,5.06,17.91,5.96,18.93,24.97,7.02,23.52,29.61,人气Top50；当日上涨；温和放量；近5日趋势升温；站上20日线且不过热；连续上榜确认；v3热点早段优先,收盘承接偏弱；上影线偏长；弱市先收缩执行,v3
2026-05-22,600703,三安光电,96,不推送,0.0,38,19.66,18.78,21.72,0.07,29.6,22.31,15.17,2.22,-3.75,24.52,28.28,28.28,29.6,连续上榜确认,当日转弱；收盘承接偏弱；量能不足；近5日趋势未确认；仍在20日线下方；强势市里个股相对走弱；市场健康度不足，收缩推送,v3
2026-05-19,600396,华电辽能,8,不推送,49.45,41,-3.12,-9.41,-3.12,-24.92,29.6,-9.28,5.17,-6.37,8.55,20.87,-3.12,9.66,29.6,人气Top10；温和放量；近5日趋势升温；持续霸榜；震荡市里保持相对强势,偏离20日线较大；热度可能进入后段；v3尾盘版回避高位长连榜,v3
2026-06-01,600703,三安光电,82,不推送,0.0,32,11.93,11.63,13.92,0.07,29.6,25.63,21.13,12.24,8.22,12.74,25.63,29.6,29.6,连续上榜确认,当日转弱；收盘承接偏弱；近5日趋势未确认；仍在20日线下方；弱市先收缩执行；后段人气股在偏弱环境里更谨慎；市场健康度不足，收缩推送；市场健康度偏弱,v3
2026-04-16,000657,中钨高新,60,重点观察,84.0,61,3.08,8.13,10.0,29.58,29.58,11.39,9.0,8.06,5.74,12.12,17.05,17.05,17.05,当日涨停附近；收在日内高位；温和放量；近5日趋势升温；站上20日线且不过热；连续上榜确认；人气排名明显上升,-,v3
2026-06-11,600183,生益科技,33,不推送,6.5,24,5.33,2.16,9.82,-0.74,29.58,21.15,24.17,15.01,17.88,20.54,23.62,28.98,29.58,人气Top50；温和放量；站上20日线且不过热；持续霸榜,热度可能进入后段；上影线偏长；弱市先收缩执行；弱市里的长连榜样本优先降权；v3尾盘版回避高位长连榜；v3尾盘承接一般,v3
2026-06-05,601869,长飞光纤,63,不推送,0.0,28,1.39,9.95,15.45,0.32,29.54,13.05,9.01,11.5,7.51,29.54,23.61,23.61,29.54,站上20日线且不过热；持续霸榜,当日转弱；近5日趋势未确认；热度可能进入后段；弱市先收缩执行；后段人气股在偏弱环境里更谨慎；弱市里的长连榜样本优先降权；市场健康度不足，收缩推送；市场健康度偏弱；v3尾盘版回避高位长连榜,v3
2026-04-16,002565,顺灏股份,63,不推送,36.0,61,0.62,6.59,9.24,-45.46,29.52,25.75,11.32,24.97,10.64,7.15,25.75,29.52,29.52,收盘承接较强；温和放量；站上20日线且不过热；连续上榜确认,人气排名明显回落,v3
2026-04-23,001267,汇绿生态,47,强推观察,102.0,56,1.65,-1.34,5.24,-23.8,29.5,1.59,5.85,-0.06,4.13,26.14,6.4,11.23,29.5,人气Top50；当日涨停附近；收在日内高位；温和放量；近5日趋势升温；站上20日线且不过热；v2强势延续修正；v2低分涨停修正；v3热点早段优先,-,v3
2026-06-15,002156,通富微电,46,不推送,48.6,22,1.81,2.66,3.59,23.9,29.49,11.37,11.62,9.39,9.63,23.77,13.13,17.65,29.49,人气Top50；当日强涨；收在日内高位；温和放量；持续霸榜；人气排名明显上升；市场强势且个股相对强势,近5日趋势未确认；仍在20日线下方；热度可能进入后段；v3尾盘版回避高位长连榜,v3
2026-05-21,000021,深科技,52,不推送,5.08,39,2.35,3.76,4.45,19.89,29.49,17.65,17.37,14.95,14.68,9.16,24.23,29.49,29.49,温和放量；近5日趋势升温；站上20日线且不过热；连续上榜确认,当日转弱；收盘承接偏弱；人气排名明显回落；弱市先收缩执行；后段人气股在偏弱环境里更谨慎,v3
2026-07-07,000636,风华高科,31,不推送,0.0,7,20.67,18.38,23.03,1.0,29.48,17.23,16.06,-2.85,-3.82,,29.48,29.48,,人气Top50；温和放量；持续霸榜,当日转弱；收盘承接偏弱；近5日趋势未确认；仍在20日线下方；热度可能进入后段；弱市先收缩执行；弱市里的长连榜样本优先降权；市场健康度不足，收缩推送；市场健康度偏弱；v3尾盘版回避高位长连榜,v3
2026-07-08,000636,风华高科,31,不推送,0.0,6,20.71,25.9,26.78,1.0,29.48,5.51,6.47,-12.59,-11.8,,29.48,29.48,,人气Top50；温和放量；持续霸榜,当日转弱；收盘承接偏弱；近5日趋势未确认；仍在20日线下方；热度可能进入后段；弱市先收缩执行；弱市里的长连榜样本优先降权；市场健康度不足，收缩推送；市场健康度偏弱；v3尾盘版回避高位长连榜,v3
2026-04-15,002418,康盛股份,59,不推送,20.0,62,0.0,2.36,4.73,-37.64,29.45,23.82,22.55,23.82,22.55,6.55,23.82,28.73,29.45,温和放量；近5日趋势升温；站上20日线且不过热；连续上榜确认,当日转弱；收盘承接偏弱,v3
2026-06-10,002138,顺络电子,79,不推送,9.08,25,-0.91,-4.63,0.99,-23.08,29.44,5.09,14.04,6.06,15.09,22.05,5.91,15.58,29.44,温和放量；近5日趋势升温；站上20日线且不过热；连续上榜确认,当日转弱；收盘承接偏弱；弱市先收缩执行；后段人气股在偏弱环境里更谨慎,v3
2026-06-15,600110,诺德股份,49,观察池,69.6,22,9.98,9.98,9.98,-23.12,29.44,23.47,8.5,12.27,-1.34,6.04,29.44,29.44,29.44,人气Top50；当日涨停附近；收在日内高位；近5日强势延续；站上20日线且不过热；连续上榜确认；市场强势且个股相对强势；v2低分涨停修正,量能不足；短线涨幅偏高；涨停封板不可买,v3
2026-06-15,600498,烽火通信,43,不推送,70.6,22,1.08,9.34,10.02,-34.9,29.43,11.27,22.28,10.08,20.97,8.74,17.77,29.43,29.43,人气Top50；当日强涨；收盘承接较强；温和放量；近5日趋势升温；站上20日线且不过热；持续霸榜；市场强势且个股相对强势,热度可能进入后段；v3尾盘版回避高位长连榜,v3
2026-04-30,300136,信维通信,50,重点观察,82.0,51,0.71,6.44,9.91,-13.42,29.38,10.95,19.66,10.17,18.81,21.52,13.67,29.38,29.38,人气Top50；当日上涨；收在日内高位；温和放量；近5日趋势升温；站上20日线且不过热；v3尾盘缩量强承接；v3热点早段优先,-,v3
2026-06-12,605589,圣泉集团,37,不推送,21.45,23,0.69,11.39,11.39,-20.73,29.36,15.3,27.66,14.5,26.78,8.86,20.63,29.36,29.36,人气Top50；放量仍可控；近5日趋势升温；站上20日线且不过热；连续上榜确认；震荡市里保持相对强势,当日转弱；收盘承接偏弱；人气排名明显回落,v3
2026-04-23,600110,诺德股份,43,不推送,0.0,56,-3.56,5.29,7.34,18.02,29.34,13.92,15.97,18.12,20.25,16.94,18.23,22.33,29.34,人气Top50；温和放量；连续上榜确认,当日转弱；收盘承接偏弱；近5日趋势未确认；人气排名明显回落,v3
2026-06-09,300433,蓝思科技,20,重点观察,100.6,26,-3.24,-6.4,-2.61,-13.95,29.32,-8.58,7.62,-5.53,11.21,17.88,5.82,12.67,29.32,人气Top20；当日上涨；收盘承接较强；温和放量；近5日趋势升温；站上20日线且不过热；连续上榜确认；人气排名明显上升；市场强势且个股相对强势；v3尾盘缩量强承接；v3热点早段优先,-,v3
2026-07-08,000988,华工科技,72,不推送,0.0,6,14.78,21.66,22.18,0.0,29.3,18.02,11.11,2.83,-3.19,,29.3,29.3,,温和放量；持续霸榜,当日转弱；收盘承接偏弱；近5日趋势未确认；仍在20日线下方；热度可能进入后段；弱市先收缩执行；后段人气股在偏弱环境里更谨慎；弱市里的长连榜样本优先降权；市场健康度不足，收缩推送；市场健康度偏弱；v3尾盘版回避高位长连榜,v3
2026-06-10,002156,通富微电,63,不推送,0.0,25,-0.65,-2.12,0.16,23.72,29.3,0.24,9.5,0.9,10.21,26.75,2.56,12.4,29.3,持续霸榜,当日转弱；收盘承接偏弱；近5日趋势未确认；热度可能进入后段；人气排名明显回落；弱市先收缩执行；后段人气股在偏弱环境里更谨慎；弱市里的长连榜样本优先降权；市场健康度不足，收缩推送；市场健康度偏弱；v3尾盘版回避高位长连榜,v3
2026-07-07,000988,华工科技,72,不推送,0.0,7,17.07,12.86,18.5,0.0,29.3,20.95,22.3,3.31,4.47,,29.3,29.3,,温和放量；持续霸榜,当日转弱；收盘承接偏弱；近5日趋势未确认；仍在20日线下方；热度可能进入后段；弱市先收缩执行；后段人气股在偏弱环境里更谨慎；弱市里的长连榜样本优先降权；市场健康度不足，收缩推送；市场健康度偏弱；v3尾盘版回避高位长连榜,v3
2026-05-25,002185,华天科技,6,观察池,116.6,37,9.9,9.9,9.9,22.57,29.29,26.52,8.49,15.12,-1.29,-1.12,29.29,29.29,29.29,人气Top10；当日涨停附近；收在日内高位；近5日趋势升温；站上20日线且不过热；持续霸榜；人气排名明显上升；市场强势且个股相对强势；v2强势延续修正；v2低分涨停修正；v3尾盘涨停延续,热度可能进入后段；v3尾盘版回避高位长连榜；涨停封板不可买,v3
2026-04-29,002498,汉缆股份,73,不推送,60.0,52,0.0,-3.33,0.55,-38.91,29.27,2.55,0.44,2.55,0.44,6.54,3.66,3.66,29.27,当日涨停附近；收在日内高位；温和放量；站上20日线且不过热,-,v3
2026-05-15,002600,领益智造,15,不推送,0.0,43,26.39,25.0,27.64,-7.55,29.25,18.99,19.57,-5.86,-5.39,6.67,29.25,29.25,29.25,人气Top20；温和放量；连续上榜确认；人气排名明显上升,当日转弱；收盘承接偏弱；近5日趋势未确认；仍在20日线下方；震荡市里相对走弱；市场健康度不足，收缩推送,v3
2026-06-12,002354,天娱数科,12,不推送,23.45,23,0.93,0.13,6.54,6.28,29.24,-6.14,13.48,-7.01,12.43,21.63,6.54,13.48,29.24,人气Top20；放量仍可控；近5日趋势升温；站上20日线且不过热；持续霸榜；震荡市里保持相对强势,当日转弱；收盘承接偏弱；热度可能进入后段；v3尾盘版回避高位长连榜,v3
2026-06-08,601869,长飞光纤,31,不推送,22.5,27,2.83,9.7,9.7,-9.0,29.24,0.23,2.0,-2.53,-0.81,29.24,12.12,12.12,29.24,人气Top50；温和放量；近5日趋势升温；站上20日线且不过热；持续霸榜；人气排名明显上升,当日转弱；热度可能进入后段；弱市先收缩执行；弱市里的长连榜样本优先降权；v3尾盘版回避高位长连榜,v3
2026-04-22,600522,中天科技,19,重点观察,83.0,57,-2.35,-2.15,0.63,7.38,29.21,2.76,-1.55,5.24,0.82,25.96,4.91,4.91,29.21,人气Top20；当日强涨；收在日内高位；温和放量；近5日强势延续；站上20日线且不过热；连续上榜确认,短线涨幅偏高,v3
2026-04-16,600105,永鼎股份,33,不推送,44.0,61,0.0,4.64,7.68,12.82,29.21,4.86,22.88,4.86,22.88,7.45,11.12,26.86,29.21,人气Top50；当日上涨；温和放量；近5日趋势升温；站上20日线且不过热；持续霸榜,热度可能进入后段；人气排名明显回落；v3尾盘版回避高位长连榜,v3
2026-04-15,002361,神剑股份,15,强推观察,110.0,62,-0.22,3.88,9.98,-44.44,29.18,11.27,27.56,11.51,27.84,8.14,11.27,29.18,29.18,人气Top20；当日涨停附近；收在日内高位；温和放量；近5日趋势升温；站上20日线且不过热；连续上榜确认；人气排名明显上升；v2强势延续修正,-,v3
2026-04-29,601016,节能风电,41,不推送,8.0,52,-1.32,-6.58,-0.44,-27.63,29.17,9.43,12.28,10.89,13.78,9.43,11.4,15.35,29.17,人气Top50；近5日趋势升温；站上20日线且不过热；持续霸榜；人气排名明显上升,当日转弱；收盘承接偏弱；热度可能进入后段；v3尾盘版回避高位长连榜,v3
2026-06-23,300604,长川科技,95,不推送,17.08,17,-2.24,9.16,11.74,4.11,29.13,11.84,21.26,14.4,24.04,8.08,17.91,22.68,29.13,当日上涨；温和放量；近5日趋势升温；站上20日线且不过热,人气排名明显回落；上影线偏长；弱市先收缩执行；后段人气股在偏弱环境里更谨慎；v3尾盘承接一般,v3
2026-04-20,000890,法尔胜,44,不推送,58.0,59,-3.47,7.68,9.23,-48.63,29.08,23.69,21.85,28.13,26.22,11.66,23.69,29.0,29.08,人气Top50；当日强涨；收在日内高位；温和放量；人气排名明显上升,-,v3
2026-04-27,600522,中天科技,6,普通观察,68.0,54,0.0,-2.18,1.9,4.5,29.07,-7.43,7.27,-7.43,7.27,23.25,1.9,7.27,29.07,人气Top10；当日强涨；温和放量；近5日趋势升温；站上20日线且不过热；持续霸榜,热度可能进入后段；v3尾盘版回避高位长连榜；v3尾盘半板但封单不强,v3
2026-06-24,000100,TCL科技,65,不推送,16.6,16,4.54,10.1,10.1,2.68,29.07,9.07,26.19,4.34,20.71,3.92,16.91,29.07,29.07,站上20日线且不过热；人气排名明显上升；市场强势且个股相对强势,-,v3
2026-04-28,600726,华电能源,5,重点观察,78.0,53,-1.0,1.14,8.69,-20.94,29.06,-1.42,6.98,-0.43,8.06,8.55,8.69,16.95,29.06,人气Top10；当日涨停附近；收在日内高位；温和放量；连续上榜确认；人气排名明显上升,短线涨幅过热；偏离20日线较大,v3
2026-07-03,000938,紫光股份,46,不推送,47.45,9,1.31,9.5,9.5,26.86,29.03,10.52,26.27,9.09,24.63,,13.84,29.03,,人气Top50；当日上涨；温和放量；近5日趋势升温；站上20日线且不过热；连续上榜确认；人气排名明显上升；震荡市里保持相对强势,收盘承接偏弱；上影线偏长,v3
2026-05-14,600589,大位科技,91,不推送,0.0,44,20.09,18.43,27.93,-32.72,29.03,20.55,14.47,0.38,-4.68,10.14,27.93,29.03,29.03,-,当日转弱；收盘承接偏弱；近5日趋势未确认；弱市先收缩执行；后段人气股在偏弱环境里更谨慎；市场健康度不足，收缩推送；市场健康度偏弱,v3
2026-06-15,000636,风华高科,7,观察池,112.6,22,4.78,8.43,9.84,-20.5,29.02,14.56,7.81,9.33,2.89,10.93,16.87,16.87,29.02,人气Top10；当日涨停附近；收在日内高位；近5日趋势升温；站上20日线且不过热；持续霸榜；市场强势且个股相对强势；v2强势延续修正；v2低分涨停修正；v3尾盘涨停延续,热度可能进入后段；v3尾盘版回避高位长连榜；涨停封板不可买,v3
2026-05-22,600578,京能电力,7,不推送,14.6,38,7.57,16.05,16.05,-29.4,29.01,24.52,20.41,15.75,11.93,8.6,26.96,29.01,29.01,人气Top10；近5日趋势升温；持续霸榜；市场强势且个股相对强势,当日转弱；收盘承接偏弱；偏离20日线较大；热度可能进入后段；v3尾盘版回避高位长连榜,v3
2026-05-20,600578,京能电力,18,不推送,0.0,40,-9.76,5.01,5.01,-29.4,29.01,16.05,24.52,28.59,37.98,19.9,16.05,26.96,29.01,人气Top20；近5日强势延续；持续霸榜；震荡市里保持相对强势,当日转弱；收盘承接偏弱；短线涨幅偏高；偏离20日线较大；热度可能进入后段；v3尾盘版回避高位长连榜,v3
2026-05-14,600578,京能电力,59,不推送,0.0,44,-16.56,-10.01,-10.01,-29.4,29.01,6.16,5.01,27.23,25.85,18.23,8.86,8.86,29.01,-,当日转弱；收盘承接偏弱；短线涨幅过热；远离20日线过多；弱市先收缩执行；后段人气股在偏弱环境里更谨慎；v3尾盘版回避放量过猛,v3
2026-06-10,688041,海光信息,95,不推送,0.0,25,-1.33,1.28,2.42,12.02,29.01,4.59,7.71,6.0,9.16,25.96,4.83,8.24,29.01,当日上涨,收盘承接偏弱；量能不足；人气排名明显回落；上影线偏长；弱市先收缩执行；后段人气股在偏弱环境里更谨慎,v3
2026-04-13,600703,三安光电,43,不推送,52.0,64,-1.2,-1.85,1.12,9.16,29.0,-2.57,9.64,-1.38,10.98,18.31,1.12,11.81,29.0,人气Top50；当日上涨；收盘承接较强；温和放量；近5日趋势升温；连续上榜确认,仍在20日线下方,v3
2026-04-22,000938,紫光股份,34,不推送,58.0,57,2.01,4.28,6.32,28.98,28.98,7.59,8.36,5.47,6.23,5.72,9.83,12.37,13.2,人气Top50；当日强涨；收盘承接较强；放量仍可控；近5日趋势升温；站上20日线且不过热；v3热点早段优先,人气排名明显回落；v3尾盘版回避放量过猛,v3
2026-04-21,002428,云南锗业,73,不推送,16.0,58,0.19,10.0,10.0,21.92,28.98,12.75,1.87,12.53,1.68,25.83,20.99,20.99,28.98,温和放量；近5日趋势升温；站上20日线且不过热；连续上榜确认,收盘承接偏弱；人气排名明显回落；上影线偏长；v3尾盘承接一般,v3
2026-04-28,600703,三安光电,86,不推送,0.0,53,-1.36,-0.36,2.0,-2.86,28.95,4.93,9.22,6.38,10.72,15.51,7.51,10.44,28.95,站上20日线且不过热；持续霸榜,当日转弱；收盘承接偏弱；热度可能进入后段；v3尾盘版回避高位长连榜,v3
2026-06-16,002428,云南锗业,24,不推送,32.6,21,-4.94,-3.69,-2.68,-19.08,28.94,7.2,19.44,12.77,25.64,11.44,7.2,19.44,28.94,人气Top50；温和放量；近5日趋势升温；站上20日线且不过热；连续上榜确认；市场强势且个股相对强势,收盘承接偏弱；上影线偏长；v3尾盘承接一般,v3
2026-04-24,600488,津药药业,57,不推送,0.0,55,-8.5,-8.17,-5.23,5.39,28.92,-4.25,-3.59,4.64,5.36,17.65,2.45,2.45,28.92,温和放量,当日转弱；收盘承接偏弱,v3
2026-05-14,002202,金风科技,24,不推送,0.0,44,26.71,22.75,28.91,-9.05,28.91,24.36,20.99,-1.85,-4.52,18.88,28.91,28.91,28.91,人气Top50；温和放量；持续霸榜；人气排名明显上升,当日转弱；收盘承接偏弱；近5日趋势未确认；仍在20日线下方；热度可能进入后段；弱市先收缩执行；弱市里的长连榜样本优先降权；市场健康度不足，收缩推送；市场健康度偏弱；v3尾盘版回避高位长连榜,v3
2026-07-08,002185,华天科技,20,不推送,0.0,6,4.57,14.09,14.09,0.0,28.89,16.01,11.11,10.94,6.25,,28.89,28.89,,人气Top20；温和放量；站上20日线且不过热；持续霸榜,当日转弱；收盘承接偏弱；近5日趋势未确认；热度可能进入后段；弱市先收缩执行；弱市里的长连榜样本优先降权；市场健康度不足，收缩推送；市场健康度偏弱；v3尾盘版回避高位长连榜,v3
2026-07-06,002185,华天科技,20,不推送,0.0,8,-4.62,5.43,5.43,0.0,28.89,14.09,16.01,19.61,21.62,,14.09,28.89,,人气Top20；温和放量；站上20日线且不过热；持续霸榜,当日转弱；收盘承接偏弱；近5日趋势未确认；热度可能进入后段；震荡市里相对走弱；市场健康度不足，收缩推送；市场健康度偏弱；v3尾盘版回避高位长连榜,v3
2026-05-13,600186,莲花控股,23,不推送,56.6,45,1.79,-0.85,4.7,-6.68,28.88,-1.13,3.76,-2.87,1.94,11.67,4.7,11.48,28.88,人气Top50；当日上涨；收在日内高位；温和放量；站上20日线且不过热；持续霸榜；人气排名明显上升；市场强势且个股相对强势,近5日趋势未确认；热度可能进入后段；v3尾盘版回避高位长连榜,v3
2026-06-18,301217,铜冠铜箔,26,不推送,26.6,19,25.6,26.21,28.85,-18.29,28.85,19.91,9.38,-4.53,-12.91,-0.68,28.85,28.85,28.85,人气Top50；温和放量；近5日趋势升温；站上20日线且不过热；持续霸榜；人气排名明显上升；市场强势且个股相对强势,当日转弱；收盘承接偏弱；热度可能进入后段；v3尾盘版回避高位长连榜,v3
2026-04-30,000925,众合科技,79,不推送,24.0,51,3.16,8.81,9.68,-19.7,28.84,6.86,17.08,3.59,13.5,-3.59,11.53,17.08,28.84,温和放量；近5日趋势升温；站上20日线且不过热；连续上榜确认；人气排名明显上升,当日转弱；收盘承接偏弱,v3
2026-06-25,002354,天娱数科,14,不推送,30.6,15,2.49,9.96,9.96,-0.87,28.77,15.82,28.77,13.0,25.64,0.62,20.55,28.77,28.77,人气Top20；温和放量；近5日趋势升温；站上20日线且不过热；持续霸榜；市场强势且个股相对强势,当日转弱；收盘承接偏弱；热度可能进入后段；v3尾盘版回避高位长连榜,v3
2026-06-10,603890,春秋电子,59,不推送,0.0,25,-4.14,-4.56,-0.93,-6.76,28.76,1.31,5.11,5.68,9.65,20.48,3.97,7.26,28.76,持续霸榜,当日转弱；收盘承接偏弱；近5日趋势未确认；热度可能进入后段；人气排名明显回落；弱市先收缩执行；后段人气股在偏弱环境里更谨慎；弱市里的长连榜样本优先降权；市场健康度不足，收缩推送；市场健康度偏弱；v3尾盘版回避高位长连榜,v3
2026-06-04,002436,兴森科技,70,不推送,0.0,29,-3.28,-7.2,-1.1,-7.35,28.75,-6.59,-10.01,-3.42,-6.96,27.47,-1.1,-1.1,28.75,近5日趋势升温；站上20日线且不过热；持续霸榜；震荡市里保持相对强势,收盘承接偏弱；热度可能进入后段；上影线偏长；后段人气股在偏弱环境里更谨慎；v3尾盘版回避高位长连榜；v3尾盘承接一般,v3
2026-06-23,300077,国民技术,32,观察池,34.8,11,-0.12,-0.96,0.15,3.96,28.74,7.99,20.44,8.12,20.58,5.8,15.25,22.17,28.74,人气Top50；当日涨停附近；近5日趋势升温；站上20日线且不过热；v2低分涨停修正；v3热点早段优先,放量过猛；弱市先收缩执行；v3尾盘版回避放量过猛；涨停封板不可买,v3
2026-05-07,002156,通富微电,12,不推送,66.6,49,-1.31,-3.25,-0.81,28.73,28.73,0.68,-2.85,2.01,-1.56,4.54,5.34,5.34,13.22,人气Top20；当日上涨；放量仍可控；近5日趋势升温；站上20日线且不过热；连续上榜确认；市场强势且个股相对强势；v3热点早段优先,v3尾盘承接一般,v3
2026-07-10,603137,恒尚节能,40,观察池,30.3,4,-7.73,6.36,6.36,15.83,28.7,28.7,,39.48,,,28.7,,,人气Top50；当日涨停附近；收在日内高位；连续上榜确认；弱市中个股相对抗跌,短线涨幅过热；远离20日线过多；v3尾盘版回避放量过猛；涨停封板不可买,v3
2026-04-24,000925,众合科技,47,强推观察,102.0,55,10.0,10.0,10.0,-19.78,28.7,6.09,8.7,-3.56,-1.19,28.7,16.74,16.74,28.7,人气Top50；当日涨停附近；收在日内高位；温和放量；近5日趋势升温；站上20日线且不过热；v2强势延续修正；v2低分涨停修正；v3热点早段优先,-,v3
2026-04-21,300308,中际旭创,40,不推送,50.0,58,-0.76,2.4,3.16,28.69,28.69,2.44,-4.72,3.23,-4.0,2.44,6.26,6.26,6.26,人气Top50；收盘承接较强；温和放量；近5日趋势升温；站上20日线且不过热；持续霸榜,热度可能进入后段；v3尾盘版回避高位长连榜,v3
2026-05-15,002202,金风科技,73,不推送,0.0,43,22.31,26.17,28.67,-9.05,28.67,23.78,23.29,1.2,0.8,14.58,28.67,28.67,28.67,温和放量；持续霸榜,当日转弱；收盘承接偏弱；近5日趋势未确认；仍在20日线下方；热度可能进入后段；人气排名明显回落；震荡市里相对走弱；后段人气股在偏弱环境里更谨慎；市场健康度不足，收缩推送；v3尾盘版回避高位长连榜,v3
2026-06-15,002428,云南锗业,25,重点观察,89.6,22,0.05,-2.01,5.21,-19.25,28.66,-2.75,8.35,-2.8,8.29,16.36,5.21,16.19,28.66,人气Top50；当日上涨；收在日内高位；温和放量；近5日强势延续；站上20日线且不过热；连续上榜确认；市场强势且个股相对强势；v2连榜升温修正；v3尾盘缩量强承接,短线涨幅偏高,v3
2026-05-27,601991,大唐发电,4,普通观察,75.17,35,0.26,3.76,6.61,-26.2,28.66,8.56,18.03,8.28,17.72,0.65,14.01,28.66,28.66,人气Top10；当日强涨；收盘承接较强；温和放量；站上20日线且不过热；持续霸榜；震荡市里保持相对强势；震荡市里承接未失控,热度可能进入后段；v3尾盘版回避高位长连榜,v3
2026-05-15,600703,三安光电,38,不推送,0.0,43,15.54,19.15,23.34,0.07,28.65,23.34,19.29,6.76,3.25,15.17,25.77,28.65,28.65,人气Top50；持续霸榜,当日转弱；收盘承接偏弱；量能不足；近5日趋势未确认；仍在20日线下方；热度可能进入后段；人气排名明显回落；震荡市里相对走弱；市场健康度不足，收缩推送；v3尾盘版回避高位长连榜,v3
2026-05-18,600703,三安光电,78,不推送,0.0,42,18.56,24.08,25.04,0.07,28.65,15.61,18.78,-2.48,0.19,11.63,28.65,28.65,28.65,持续霸榜,当日转弱；收盘承接偏弱；量能不足；近5日趋势未确认；仍在20日线下方；热度可能进入后段；人气排名明显回落；震荡市里相对走弱；后段人气股在偏弱环境里更谨慎；市场健康度不足，收缩推送；v3尾盘版回避高位长连榜,v3
2026-05-19,600703,三安光电,34,不推送,0.0,41,22.24,23.34,25.77,0.07,28.65,19.29,16.72,-2.41,-4.52,11.63,28.65,28.65,28.65,人气Top50；持续霸榜；人气排名明显上升,当日转弱；收盘承接偏弱；量能不足；近5日趋势未确认；仍在20日线下方；热度可能进入后段；震荡市里相对走弱；市场健康度不足，收缩推送；v3尾盘版回避高位长连榜,v3
2026-06-04,002585,双星新材,63,观察池,55.45,29,10.0,0.17,10.0,-25.42,28.64,3.39,5.25,-6.01,-4.31,25.85,10.0,14.24,28.64,当日涨停附近；收在日内高位；站上20日线且不过热；人气排名明显上升；震荡市里保持相对强势；震荡市里承接未失控；v3尾盘缩量强承接,量能不足；后段人气股在偏弱环境里更谨慎；涨停封板不可买,v3
2026-04-16,000973,佛塑科技,86,不推送,0.0,61,-0.12,6.54,9.25,-30.77,28.63,2.78,-0.17,2.9,-0.06,21.34,9.25,9.25,28.63,温和放量；连续上榜确认,当日转弱；收盘承接偏弱；近5日趋势未确认；人气排名明显回落,v3
2026-06-25,603459,红板科技,84,观察池,68.6,15,3.83,-2.34,6.89,-3.7,28.58,18.17,1.78,13.8,-1.98,-1.22,18.17,28.58,28.58,当日涨停附近；收在日内高位；近5日趋势升温；站上20日线且不过热；市场强势且个股相对强势；v3尾盘缩量强承接,人气排名明显回落；涨停封板不可买,v3
2026-06-01,002407,多氟多,31,不推送,0.0,32,8.06,3.79,9.19,0.09,28.57,2.73,5.46,-4.93,-2.41,25.87,9.19,9.19,28.57,人气Top50；持续霸榜；人气排名明显上升,当日转弱；收盘承接偏弱；近5日趋势未确认；仍在20日线下方；热度可能进入后段；弱市先收缩执行；弱市里的长连榜样本优先降权；市场健康度不足，收缩推送；市场健康度偏弱；v3尾盘版回避高位长连榜,v3
2026-06-29,600378,昊华科技,70,观察池,53.45,13,4.73,10.0,10.0,-28.97,28.56,19.9,-0.18,14.49,-4.68,-20.34,28.56,28.56,28.56,当日涨停附近；收在日内高位；温和放量；站上20日线且不过热；持续霸榜；震荡市里保持相对强势；震荡市里承接未失控,近5日趋势未确认；热度可能进入后段；人气排名明显回落；后段人气股在偏弱环境里更谨慎；v3尾盘版回避高位长连榜；涨停封板不可买,v3
2026-06-12,000960,锡业股份,81,不推送,39.45,23,2.48,9.17,9.17,-16.26,28.55,9.2,21.01,6.56,18.08,18.16,13.47,21.01,28.55,当日强涨；收盘承接较强；温和放量；震荡市里保持相对强势；震荡市里承接未失控,近5日趋势未确认；后段人气股在偏弱环境里更谨慎,v3
2026-06-22,000960,锡业股份,82,不推送,44.6,18,27.07,11.89,28.55,-16.26,28.55,17.08,18.16,-7.86,-7.01,6.51,28.55,28.55,28.55,当日强涨；收盘承接较强；温和放量；市场强势且个股相对强势,-,v3
2026-05-20,002409,雅克科技,77,不推送,55.45,40,0.87,-6.4,2.74,28.54,28.54,5.34,-2.69,4.43,-3.53,-6.23,5.34,5.34,5.34,当日上涨；收盘承接较强；温和放量；近5日趋势升温；站上20日线且不过热；震荡市里保持相对强势；震荡市里承接未失控,后段人气股在偏弱环境里更谨慎,v3
2026-06-05,300136,信维通信,31,不推送,0.0,28,15.39,18.0,25.43,-10.01,28.53,9.73,10.27,-4.9,-4.44,13.07,25.43,25.43,28.53,人气Top50；温和放量；人气排名明显上升,当日转弱；收盘承接偏弱；近5日趋势未确认；仍在20日线下方；弱市先收缩执行；市场健康度不足，收缩推送；市场健康度偏弱,v3
2026-05-11,002149,西部材料,52,不推送,2.55,47,22.88,21.06,28.43,-41.02,28.43,12.36,20.34,-8.56,-2.07,13.96,28.43,28.43,28.43,近5日趋势升温；站上20日线且不过热；连续上榜确认,当日转弱；收盘承接偏弱；强势市里个股相对走弱,v3
2026-06-02,600176,中国巨石,83,不推送,20.1,31,-0.74,-3.02,2.71,22.05,28.42,-5.45,0.08,-4.74,0.82,26.99,2.71,2.71,28.42,收盘承接较强；温和放量；站上20日线且不过热；连续上榜确认,近5日趋势未确认；人气排名明显回落；强势市里个股相对走弱；市场健康度不足，收缩推送,v3
2026-04-21,600330,天通股份,48,不推送,2.0,58,-0.3,9.99,9.99,-9.18,28.36,10.08,12.33,10.41,12.67,23.98,17.05,21.09,28.36,人气Top50；近5日趋势升温；站上20日线且不过热；连续上榜确认；v3热点早段优先,当日转弱；收盘承接偏弱；放量过猛；v3尾盘版回避放量过猛,v3
2026-06-15,300308,中际旭创,18,不推送,2.55,22,12.33,13.06,15.38,0.83,28.35,23.91,18.67,10.31,5.65,15.05,23.97,28.35,28.35,人气Top20；温和放量；持续霸榜；人气排名明显上升,当日转弱；收盘承接偏弱；近5日趋势未确认；热度可能进入后段；强势市里个股相对走弱；v3尾盘版回避高位长连榜,v3
2026-06-05,300308,中际旭创,22,不推送,0.0,28,2.62,4.63,6.84,0.83,28.35,3.91,4.09,1.25,1.43,25.22,8.36,8.36,28.35,人气Top50；温和放量；站上20日线且不过热；持续霸榜；人气排名明显上升,当日转弱；收盘承接偏弱；近5日趋势未确认；热度可能进入后段；弱市先收缩执行；弱市里的长连榜样本优先降权；市场健康度不足，收缩推送；市场健康度偏弱；v3尾盘版回避高位长连榜,v3
2026-06-11,002747,埃斯顿,71,不推送,5.08,24,2.06,-2.54,7.92,28.34,28.34,2.54,10.41,0.47,8.18,4.87,7.92,10.41,20.39,温和放量；近5日趋势升温；站上20日线且不过热；连续上榜确认,当日转弱；收盘承接偏弱；人气排名明显回落；弱市先收缩执行；后段人气股在偏弱环境里更谨慎,v3
2026-04-22,002217,合力泰,29,不推送,40.0,56,-1.02,-5.46,1.37,-47.78,28.33,1.02,4.78,2.07,5.86,21.84,1.37,11.26,28.33,人气Top50；温和放量；近5日趋势升温；站上20日线且不过热；连续上榜确认,当日转弱,v3
2026-06-16,300136,信维通信,85,不推送,10.6,21,3.75,4.64,11.92,-21.64,28.31,-1.55,2.22,-5.1,-1.47,11.18,11.92,11.92,28.31,当日上涨；温和放量；市场强势且个股相对强势,收盘承接偏弱；近5日趋势未确认,v3
2026-05-25,000725,京东方A,1,不推送,59.6,37,-1.34,9.18,9.75,15.68,28.3,7.46,1.34,8.91,2.71,19.12,15.3,15.3,28.3,人气Top3；放量仍可控；近5日强势延续；站上20日线且不过热；连续上榜确认；市场强势且个股相对强势；v3热点早段优先,短线涨幅偏高；上影线偏长；v3尾盘承接一般,v3
2026-05-21,600186,莲花控股,98,不推送,0.0,39,2.06,10.02,10.02,-7.12,28.28,23.5,2.53,21.01,0.46,-11.33,28.28,28.28,28.28,温和放量；站上20日线且不过热；连续上榜确认,当日转弱；收盘承接偏弱；人气排名明显回落；弱市先收缩执行；后段人气股在偏弱环境里更谨慎,v3
2026-06-23,002747,埃斯顿,33,普通观察,80.3,17,-2.62,-1.52,2.07,11.07,28.27,-9.24,-2.28,-6.8,0.35,28.27,4.19,4.19,28.27,人气Top50；收盘承接较强；温和放量；近5日趋势升温；站上20日线且不过热；连续上榜确认；人气排名明显上升；弱市中个股相对抗跌；v2连榜升温修正；v3热点早段优先,-,v3
2026-06-01,002580,圣阳股份,16,观察池,92.3,32,26.06,21.37,28.27,-25.56,28.27,3.92,-6.4,-17.56,-25.75,-2.57,28.27,28.27,28.27,人气Top20；当日涨停附近；收在日内高位；温和放量；连续上榜确认；人气排名明显上升；弱市中个股相对抗跌；v3尾盘涨停延续；v3尾盘缩量强承接,近5日趋势未确认；仍在20日线下方；涨停封板不可买,v3
2026-04-24,600152,维科技术,76,不推送,56.0,55,3.63,10.03,10.03,-40.74,28.24,11.88,16.44,7.97,12.36,13.27,21.06,21.06,28.24,当日涨停附近；收在日内高位；站上20日线且不过热；人气排名明显上升；v3尾盘缩量强承接,近5日趋势未确认,v3
2026-04-23,002463,沪电股份,57,不推送,32.0,56,-1.07,-4.45,0.68,28.23,28.23,-4.91,-4.27,-3.89,-3.23,1.93,0.68,0.68,4.45,当日上涨；温和放量；近5日趋势升温；站上20日线且不过热；持续霸榜,热度可能进入后段；人气排名明显回落；v3尾盘版回避高位长连榜；v3尾盘承接一般,v3
2026-05-21,603986,兆易创新,22,不推送,6.5,39,3.73,8.54,9.53,19.36,28.22,22.05,12.03,17.66,7.99,22.77,24.79,28.22,28.22,人气Top50；温和放量；近5日趋势升温；站上20日线且不过热；持续霸榜,当日转弱；收盘承接偏弱；热度可能进入后段；弱市先收缩执行；弱市里的长连榜样本优先降权；v3尾盘版回避高位长连榜,v3
2026-04-13,002491,通鼎互联,38,不推送,60.0,64,-1.96,1.82,4.59,28.21,28.21,5.4,12.28,7.5,14.52,13.5,5.4,12.28,22.81,人气Top50；温和放量；近5日趋势升温；站上20日线且不过热；连续上榜确认；v2连榜升温修正；v3热点早段优先,v3尾盘承接一般,v3
2026-04-30,301599,理奇智能,6,不推送,48.0,14,0.45,12.47,28.21,2.58,28.21,4.73,5.85,4.26,5.38,12.66,28.21,28.21,28.21,人气Top10；收在日内高位；站上20日线且不过热,-,v3
2026-05-06,301599,理奇智能,87,不推送,28.0,14,0.45,12.47,28.21,2.58,28.21,4.73,5.85,4.26,5.38,12.66,28.21,28.21,28.21,收在日内高位；站上20日线且不过热；连续上榜确认,人气排名明显回落,v3
2026-05-06,000818,航锦科技,90,不推送,0.0,50,2.15,9.99,9.99,-15.93,28.2,22.85,13.97,20.26,11.57,7.77,28.2,28.2,28.2,温和放量,当日转弱；收盘承接偏弱,v3
2026-04-27,300570,太辰光,93,普通观察,72.0,54,-0.55,-4.81,1.67,20.61,28.15,-9.28,0.15,-8.78,0.7,17.17,1.67,5.51,28.15,当日涨停附近；收在日内高位；温和放量；近5日趋势升温；站上20日线且不过热,-,v3
2026-06-10,600160,巨化股份,46,普通观察,80.3,25,0.15,1.01,4.85,-1.5,28.11,14.78,17.52,14.61,17.34,25.15,14.88,18.26,28.11,人气Top50；当日强涨；收盘承接较强；温和放量；近5日趋势升温；站上20日线且不过热；人气排名明显上升；弱市中个股相对抗跌；v3热点早段优先,-,v3
2026-04-17,600707,彩虹股份,27,强推观察,118.0,60,6.16,10.01,10.01,28.11,28.11,13.74,3.59,7.13,-2.42,5.52,17.72,17.72,17.72,人气Top50；当日涨停附近；收在日内高位；温和放量；近5日趋势升温；站上20日线且不过热；v2强势延续修正；v3尾盘涨停延续；v3尾盘缩量强承接；v3热点早段优先,-,v3
2026-06-26,002208,合肥城建,85,不推送,44.58,14,1.07,9.21,9.21,-9.57,28.1,20.02,14.2,18.75,12.99,15.45,28.1,28.1,28.1,当日强涨；收盘承接较强；温和放量；站上20日线且不过热；弱市中个股相对抗跌,近5日趋势未确认；后段人气股在偏弱环境里更谨慎,v3
2026-05-29,600186,莲花控股,55,不推送,0.0,33,-1.09,-2.67,6.73,-1.88,28.09,-5.54,0.2,-4.5,1.3,14.44,6.73,6.73,28.09,持续霸榜,当日转弱；收盘承接偏弱；近5日趋势未确认；仍在20日线下方；热度可能进入后段；弱市先收缩执行；后段人气股在偏弱环境里更谨慎；弱市里的长连榜样本优先降权；市场健康度不足，收缩推送；市场健康度偏弱；v3尾盘版回避高位长连榜,v3
2026-05-07,000988,华工科技,18,强推观察,104.6,49,-2.03,2.39,2.55,-1.92,28.05,8.0,2.93,10.24,5.06,15.35,12.76,12.76,28.05,人气Top20；当日上涨；收在日内高位；温和放量；近5日趋势升温；站上20日线且不过热；连续上榜确认；人气排名明显上升；市场强势且个股相对强势；v2连榜升温修正；v3热点早段优先,-,v3
2026-06-01,300058,蓝色光标,17,不推送,16.5,32,27.96,23.41,28.03,-4.41,28.03,14.88,8.67,-10.22,-15.08,8.82,28.03,28.03,28.03,人气Top20；当日强涨；温和放量；持续霸榜；人气排名明显上升,近5日趋势未确认；仍在20日线下方；热度可能进入后段；弱市先收缩执行；弱市里的长连榜样本优先降权；v3尾盘版回避高位长连榜；v3尾盘承接一般；v3尾盘半板但封单不强,v3
2026-06-22,002008,大族激光,53,不推送,38.6,18,2.06,10.52,10.53,-17.67,28.01,16.37,7.54,14.03,5.37,-0.25,20.14,28.01,28.01,温和放量；近5日趋势升温；站上20日线且不过热；连续上榜确认；市场强势且个股相对强势；v2热点回踩观察,当日转弱；收盘承接偏弱,v3
2026-05-27,600759,ST洲际,23,不推送,23.18,35,0.8,5.2,5.2,0.0,28.0,16.0,19.6,15.08,18.65,0.8,16.0,28.0,28.0,人气Top50；收盘承接较强；温和放量；持续霸榜；震荡市里保持相对强势；震荡市里承接未失控,近5日趋势未确认；仍在20日线下方；热度可能进入后段；v3尾盘版回避高位长连榜,v3
2026-04-30,600821,金开新能,55,不推送,0.0,51,0.0,10.0,10.0,-24.74,27.95,12.56,15.38,12.56,15.38,11.92,15.0,17.56,27.95,温和放量；连续上榜确认,当日转弱；收盘承接偏弱；近5日趋势未确认；仍在20日线下方；人气排名明显回落,v3
2026-05-06,600821,金开新能,69,不推送,0.0,51,0.0,10.0,10.0,-24.74,27.95,12.56,15.38,12.56,15.38,11.92,15.0,17.56,27.95,温和放量；连续上榜确认,当日转弱；收盘承接偏弱；近5日趋势未确认；仍在20日线下方,v3
2026-05-08,002929,润建股份,49,观察池,79.6,48,0.97,-0.74,2.61,-28.76,27.94,12.21,18.87,11.13,17.72,7.8,12.21,23.43,27.94,人气Top50；当日涨停附近；收在日内高位；温和放量；近5日强势延续；连续上榜确认；人气排名明显上升；市场强势且个股相对强势,短线涨幅偏高；偏离20日线较大；涨停封板不可买,v3
2026-06-12,300033,同花顺,84,不推送,31.45,23,-1.39,2.33,7.06,6.02,27.9,4.56,18.67,6.02,20.34,15.2,7.06,18.72,27.9,当日强涨；收盘承接较强；温和放量；震荡市里保持相对强势；震荡市里承接未失控,近5日趋势未确认；仍在20日线下方；后段人气股在偏弱环境里更谨慎,v3
2026-06-11,600330,天通股份,87,不推送,0.0,24,2.98,-3.32,3.83,-26.9,27.89,10.85,12.53,7.64,9.27,12.08,12.53,17.35,27.89,温和放量；人气排名明显上升,收盘承接偏弱；近5日趋势未确认；上影线偏长；弱市先收缩执行；后段人气股在偏弱环境里更谨慎,v3
2026-06-01,600578,京能电力,20,不推送,0.0,32,7.7,8.99,12.32,-29.4,27.86,20.15,13.22,11.56,5.13,5.78,27.86,27.86,27.86,人气Top20；站上20日线且不过热；持续霸榜,当日转弱；收盘承接偏弱；近5日趋势未确认；热度可能进入后段；弱市先收缩执行；弱市里的长连榜样本优先降权；市场健康度不足，收缩推送；市场健康度偏弱；v3尾盘版回避高位长连榜,v3
2026-05-06,688981,中芯国际,56,不推送,64.0,51,2.75,3.68,7.91,27.85,27.85,1.33,2.74,-1.39,-0.02,0.08,7.91,7.91,7.91,当日上涨；收盘承接较强；温和放量；近5日趋势升温；站上20日线且不过热；连续上榜确认；人气排名明显上升,-,v3
2026-04-30,688981,中芯国际,81,不推送,52.0,51,2.75,3.68,7.91,27.85,27.85,1.33,2.74,-1.39,-0.02,0.08,7.91,7.91,7.91,当日上涨；收盘承接较强；温和放量；近5日趋势升温；站上20日线且不过热,-,v3
2026-04-13,003031,中瓷电子,99,普通观察,76.0,64,0.86,0.29,2.11,14.51,27.84,-1.78,14.32,-2.62,13.34,21.9,4.13,18.16,27.84,当日强涨；收在日内高位；温和放量；近5日趋势升温；站上20日线且不过热；v3尾盘缩量强承接,-,v3
2026-06-23,002354,天娱数科,41,不推送,6.5,17,1.48,10.26,10.26,-1.61,27.81,9.15,14.96,7.55,13.28,7.66,10.26,19.65,27.81,人气Top50；温和放量；近5日趋势升温；站上20日线且不过热；持续霸榜,当日转弱；收盘承接偏弱；热度可能进入后段；弱市先收缩执行；弱市里的长连榜样本优先降权；v3尾盘版回避高位长连榜,v3
2026-04-16,002008,大族激光,64,强推观察,92.0,61,1.77,0.8,3.28,24.73,27.8,6.84,19.3,4.99,17.23,15.98,10.3,19.3,27.8,当日涨停附近；收在日内高位；温和放量；近5日趋势升温；站上20日线且不过热；人气排名明显上升；v2低分涨停修正；v3尾盘缩量强承接,-,v3
2026-06-03,002421,达实智能,48,不推送,17.45,30,1.04,-1.66,5.39,-39.63,27.8,18.88,12.66,17.66,11.5,-20.54,18.88,27.8,27.8,人气Top50；温和放量；近5日趋势升温；站上20日线且不过热；持续霸榜；震荡市里保持相对强势,当日转弱；收盘承接偏弱；热度可能进入后段；人气排名明显回落；v3尾盘版回避高位长连榜,v3
2026-06-12,600378,昊华科技,2,不推送,28.25,23,-0.09,-1.54,1.22,-14.82,27.79,11.64,22.87,11.73,22.98,19.91,11.64,24.93,27.79,人气Top3；温和放量；近5日趋势升温；持续霸榜；人气排名明显上升；震荡市里保持相对强势,当日转弱；收盘承接偏弱；偏离20日线较大；热度可能进入后段；Top3高热度拥挤，次日兑现风险；v3尾盘版回避高位长连榜,v3
2026-04-17,603259,药明康德,93,不推送,0.0,60,-1.59,-1.22,-0.78,27.78,27.78,-1.73,-0.9,-0.14,0.71,8.08,-0.78,0.35,13.61,放量仍可控,当日转弱；收盘承接偏弱；近5日趋势未确认,v3
2026-06-18,600353,旭光电子,42,观察池,69.6,19,10.0,10.0,10.0,-20.4,27.78,25.92,14.21,14.48,3.83,6.0,27.78,27.78,27.78,人气Top50；当日涨停附近；收在日内高位；近5日强势延续；人气排名明显上升；市场强势且个股相对强势；v3尾盘涨停延续；v3尾盘缩量强承接,短线涨幅偏高；远离20日线过多；涨停封板不可买,v3
2026-05-14,001896,豫能控股,36,不推送,0.0,44,18.24,12.19,20.38,-0.3,27.77,19.57,20.9,1.12,2.25,15.88,20.38,22.9,27.77,人气Top50；连续上榜确认,当日转弱；收盘承接偏弱；近5日趋势未确认；仍在20日线下方；弱市先收缩执行；市场健康度不足，收缩推送；市场健康度偏弱,v3
2026-05-15,001896,豫能控股,54,不推送,0.0,43,8.57,8.71,13.44,-0.3,27.77,9.9,16.4,1.22,7.21,20.9,22.9,22.9,27.77,连续上榜确认,当日转弱；收盘承接偏弱；近5日趋势未确认；仍在20日线下方；震荡市里相对走弱；后段人气股在偏弱环境里更谨慎；市场健康度不足，收缩推送,v3
2026-05-28,605358,立昂微,74,不推送,64.6,34,-0.25,-6.53,3.12,-17.5,27.75,-9.13,7.85,-8.9,8.12,20.12,3.12,7.85,27.75,当日上涨；收盘承接较强；温和放量；近5日趋势升温；站上20日线且不过热；连续上榜确认；市场强势且个股相对强势,-,v3
2026-04-17,002361,神剑股份,4,不推送,34.0,60,0.53,10.03,10.03,-45.07,27.73,26.13,14.45,25.46,13.85,13.12,27.73,27.73,27.73,人气Top10；温和放量；近5日趋势升温；站上20日线且不过热；持续霸榜,当日转弱；收盘承接偏弱；热度可能进入后段；v3尾盘版回避高位长连榜,v3
2026-04-23,000988,华工科技,83,不推送,0.0,56,-2.25,-1.98,-0.25,11.08,27.71,-1.75,1.6,0.51,3.94,22.32,3.06,3.06,27.71,温和放量；站上20日线且不过热；持续霸榜,当日转弱；收盘承接偏弱；热度可能进入后段；人气排名明显回落；v3尾盘版回避高位长连榜,v3
2026-06-05,600869,远东股份,78,不推送,27.08,28,-3.75,-3.04,2.72,-33.04,27.7,11.45,14.56,15.79,19.02,27.7,12.54,18.52,27.7,当日上涨；温和放量；近5日趋势升温；站上20日线且不过热,人气排名明显回落；弱市先收缩执行；后段人气股在偏弱环境里更谨慎,v3
2026-06-22,000066,中国长城,76,不推送,0.55,18,12.65,9.09,13.69,0.31,27.69,25.66,16.57,11.55,3.49,15.53,27.69,27.69,27.69,温和放量；近5日趋势升温；连续上榜确认,当日转弱；收盘承接偏弱；仍在20日线下方；强势市里个股相对走弱,v3
2026-06-12,600362,江西铜业,83,不推送,23.73,23,2.5,9.58,9.58,-2.57,27.65,12.12,26.93,9.39,23.84,2.94,12.8,27.65,27.65,当日强涨；温和放量；震荡市里保持相对强势,近5日趋势未确认；后段人气股在偏弱环境里更谨慎；v3尾盘半板但封单不强,v3
2026-05-18,002202,金风科技,66,不推送,0.0,42,25.05,24.36,25.88,-9.05,27.64,20.99,21.72,-3.25,-2.66,14.77,27.64,27.64,27.64,温和放量；持续霸榜,当日转弱；收盘承接偏弱；近5日趋势未确认；仍在20日线下方；热度可能进入后段；震荡市里相对走弱；后段人气股在偏弱环境里更谨慎；市场健康度不足，收缩推送；v3尾盘版回避高位长连榜,v3
2026-05-27,600745,*ST闻泰,20,不推送,39.17,35,5.01,5.01,5.01,0.32,27.63,15.73,15.47,10.21,9.95,0.69,15.73,27.63,27.63,人气Top20；当日上涨；收在日内高位；近5日趋势升温；持续霸榜；震荡市里保持相对强势；震荡市里承接未失控,量能不足；仍在20日线下方；热度可能进入后段；v3尾盘版回避高位长连榜,v3
2026-05-18,300394,天孚通信,83,不推送,13.72,42,-2.56,-5.96,-2.32,-11.28,27.63,-12.65,2.8,-10.36,5.5,11.14,-2.32,3.07,27.63,温和放量；近5日趋势升温；连续上榜确认；人气排名明显上升；震荡市里保持相对强势,收盘承接偏弱；仍在20日线下方；上影线偏长；后段人气股在偏弱环境里更谨慎,v3
2026-04-29,600726,华电能源,29,不推送,0.0,52,-0.28,-7.18,0.99,-21.83,27.61,7.18,9.86,7.49,10.17,-1.69,7.18,15.63,27.61,人气Top50；温和放量；持续霸榜,短线涨幅过热；偏离20日线较大；热度可能进入后段；人气排名明显回落；上影线偏长；v3尾盘版回避高位长连榜；v3尾盘承接一般,v3
2026-06-12,600487,亨通光电,6,不推送,25.45,23,0.79,1.13,1.79,-33.76,27.57,13.11,22.43,12.22,21.48,10.36,13.52,24.33,27.57,人气Top10；温和放量；站上20日线且不过热；持续霸榜；震荡市里保持相对强势,当日转弱；收盘承接偏弱；热度可能进入后段；v3尾盘版回避高位长连榜,v3
2026-05-29,600522,中天科技,7,不推送,58.0,33,-1.69,-7.79,-1.33,-12.48,27.53,5.29,7.23,7.1,9.07,13.16,9.97,14.96,27.53,人气Top10；当日上涨；收盘承接较强；温和放量；站上20日线且不过热；持续霸榜；弱市中个股相对抗跌,近5日趋势未确认；热度可能进入后段；弱市里的长连榜样本优先降权；v3尾盘版回避高位长连榜,v3
2026-04-28,000547,航天发展,40,不推送,0.0,53,0.0,2.38,3.15,-38.13,27.53,6.17,17.4,6.17,17.4,7.66,7.83,17.4,27.53,人气Top50；温和放量；连续上榜确认,当日转弱；收盘承接偏弱；近5日趋势未确认；仍在20日线下方；人气排名明显回落,v3
2026-05-26,002050,三花智控,17,不推送,0.0,36,26.44,21.65,27.52,-0.26,27.52,10.49,7.7,-12.62,-14.82,13.23,27.52,27.52,27.52,人气Top20；持续霸榜；人气排名明显上升,量能不足；近5日趋势未确认；仍在20日线下方；热度可能进入后段；震荡市里相对走弱；v3尾盘版回避高位长连榜；v3尾盘承接一般,v3
2026-05-28,300285,国瓷材料,59,不推送,57.6,34,3.6,-4.4,4.85,19.41,27.52,10.26,20.73,6.43,16.53,17.71,12.58,24.73,27.52,当日强涨；收盘承接较强；温和放量；近5日强势延续；站上20日线且不过热；市场强势且个股相对强势,短线涨幅偏高,v3
2026-06-04,600667,太极实业,12,观察池,119.17,29,-0.73,-1.65,4.65,14.49,27.51,-4.95,6.66,-4.25,7.45,27.51,4.65,6.66,27.51,人气Top20；当日涨停附近；收在日内高位；近5日趋势升温；站上20日线且不过热；连续上榜确认；人气排名明显上升；震荡市里保持相对强势；震荡市里承接未失控；v2强势延续修正；v2低分涨停修正；v3尾盘涨停延续,涨停封板不可买,v3
2026-07-14,600667,太极实业,25,不推送,0.0,2,26.91,11.11,27.5,0.0,27.5,,,,,,,,,人气Top50；持续霸榜,当日转弱；收盘承接偏弱；近5日趋势未确认；仍在20日线下方；热度可能进入后段；强势市里个股相对走弱；市场健康度不足，收缩推送；v3尾盘版回避高位长连榜,v3
2026-07-13,600667,太极实业,31,不推送,0.0,3,21.25,20.82,22.8,0.0,27.5,0.0,,-17.53,,,27.5,,,人气Top50；持续霸榜,当日转弱；收盘承接偏弱；近5日趋势未确认；仍在20日线下方；热度可能进入后段；弱市先收缩执行；弱市里的长连榜样本优先降权；市场健康度不足，收缩推送；市场健康度偏弱；v3尾盘版回避高位长连榜,v3
2026-04-22,002256,兆新股份,75,普通观察,66.0,57,0.0,-1.11,0.89,-28.38,27.49,0.44,1.33,0.44,1.33,22.39,3.1,3.33,27.49,当日涨停附近；收在日内高位；放量仍可控；近5日趋势升温；站上20日线且不过热,-,v3
2026-05-11,001309,德明利,54,不推送,18.6,47,5.77,3.66,6.26,0.0,27.48,21.05,23.3,14.45,16.57,16.58,24.04,27.48,27.48,收在日内高位；近5日趋势升温；站上20日线且不过热；市场强势且个股相对强势,当日转弱；量能不足；人气排名明显回落,v3
2026-06-08,601991,大唐发电,3,不推送,0.0,27,-2.04,4.9,5.85,-22.59,27.48,8.71,18.78,10.97,21.25,13.47,10.88,19.32,27.48,人气Top3；持续霸榜,当日转弱；收盘承接偏弱；近5日趋势未确认；仍在20日线下方；热度可能进入后段；弱市先收缩执行；弱市里的长连榜样本优先降权；市场健康度不足，收缩推送；市场健康度偏弱；Top3高热度拥挤，次日兑现风险；v3尾盘版回避高位长连榜,v3
2026-04-29,002580,圣阳股份,24,不推送,18.0,52,-0.35,-3.92,2.03,-42.27,27.48,4.44,19.69,4.81,20.11,-7.66,8.92,26.4,27.48,人气Top50；温和放量；近5日趋势升温；站上20日线且不过热；持续霸榜,当日转弱；收盘承接偏弱；热度可能进入后段；v3尾盘版回避高位长连榜,v3
2026-04-17,002149,西部材料,75,不推送,30.0,60,0.02,10.0,10.0,-33.91,27.48,16.97,5.66,16.95,5.64,27.48,19.6,22.1,27.48,温和放量；近5日趋势升温；站上20日线且不过热,人气排名明显回落,v3
2026-05-14,001309,德明利,22,不推送,0.0,44,21.11,19.44,27.48,0.0,27.48,17.28,10.05,-3.16,-9.13,10.26,27.48,27.48,27.48,人气Top50；收在日内高位；站上20日线且不过热；连续上榜确认,当日转弱；量能不足；近5日趋势未确认；弱市先收缩执行；市场健康度不足，收缩推送；市场健康度偏弱,v3
2026-04-30,600330,天通股份,27,重点观察,78.0,51,-2.83,-3.16,-0.11,-23.41,27.47,4.55,17.1,7.6,20.52,5.7,8.25,21.91,27.47,人气Top50；当日强涨；收盘承接较强；温和放量；近5日趋势升温；站上20日线且不过热；人气排名明显上升；v3热点早段优先,-,v3
2026-06-02,600522,中天科技,10,重点观察,96.6,31,1.9,4.43,9.08,-13.19,27.47,6.36,26.49,4.37,24.13,25.12,14.02,26.49,27.47,人气Top10；当日强涨；收在日内高位；温和放量；近5日趋势升温；站上20日线且不过热；持续霸榜；人气排名明显上升；市场强势且个股相对强势,热度可能进入后段；v3尾盘版回避高位长连榜,v3
2026-05-06,600330,天通股份,93,不推送,64.0,51,-2.83,-3.16,-0.11,-23.41,27.47,4.55,17.1,7.6,20.52,5.7,8.25,21.91,27.47,当日强涨；收盘承接较强；温和放量；近5日趋势升温；站上20日线且不过热；连续上榜确认,人气排名明显回落,v3
2026-05-19,002980,华盛昌,80,不推送,26.73,41,-2.21,5.96,7.73,2.47,27.46,11.07,10.23,13.59,12.73,7.01,11.07,27.46,27.46,温和放量；近5日强势延续；站上20日线且不过热；连续上榜确认；震荡市里保持相对强势,当日转弱；短线涨幅偏高；后段人气股在偏弱环境里更谨慎,v3
2026-06-02,002384,东山精密,6,观察池,74.6,31,4.11,6.19,10.0,27.44,27.44,4.97,6.39,0.82,2.19,18.08,16.01,16.01,19.99,人气Top10；当日涨停附近；收在日内高位；温和放量；持续霸榜；市场强势且个股相对强势,近5日趋势未确认；热度可能进入后段；v3尾盘版回避高位长连榜；涨停封板不可买,v3
2026-06-17,000657,中钨高新,50,不推送,4.6,20,-0.84,10.06,10.06,-24.67,27.43,14.56,18.12,15.53,19.13,8.44,27.43,27.43,27.43,人气Top50；近5日趋势升温；站上20日线且不过热；持续霸榜；市场强势且个股相对强势,当日转弱；收盘承接偏弱；热度可能进入后段；人气排名明显回落；v3尾盘版回避高位长连榜,v3
2026-07-02,920193,吉和昌,53,观察池,9.08,10,-0.43,27.42,27.42,-41.83,27.42,-21.32,-34.71,-20.98,-34.43,-41.83,27.42,27.42,27.42,当日涨停附近；站上20日线且不过热,上影线偏长；弱市先收缩执行；后段人气股在偏弱环境里更谨慎；v3尾盘承接一般；涨停封板不可买,v3
2026-06-08,002931,锋龙股份,74,观察池,67.58,27,-0.52,4.7,6.05,-23.09,27.39,-1.17,-0.38,-0.66,0.14,9.62,14.86,14.86,27.39,当日涨停附近；收在日内高位；温和放量；近5日强势延续；站上20日线且不过热；弱市中个股相对抗跌；v2低分涨停修正,短线涨幅偏高；人气排名明显回落；后段人气股在偏弱环境里更谨慎；涨停封板不可买,v3
2026-04-10,600487,亨通光电,23,不推送,8.0,65,-1.75,-4.45,-0.05,15.84,27.37,-6.88,-0.59,-5.22,1.18,24.22,-0.05,0.21,27.37,人气Top50；温和放量；站上20日线且不过热,当日转弱；收盘承接偏弱,v3
2026-05-29,002579,中京电子,28,不推送,11.8,33,1.05,9.84,9.84,-20.31,27.36,13.21,8.79,12.04,7.66,-12.11,27.36,27.36,27.36,人气Top50；温和放量；近5日强势延续；站上20日线且不过热；连续上榜确认,当日转弱；收盘承接偏弱；短线涨幅偏高；弱市先收缩执行,v3
2026-05-07,002384,东山精密,3,观察池,154.6,49,-0.51,0.15,1.19,27.35,27.35,3.97,1.81,4.5,2.33,-1.94,8.97,8.97,8.97,人气Top3；当日涨停附近；收在日内高位；温和放量；近5日趋势升温；连续上榜确认；人气排名明显上升；市场强势且个股相对强势；v2强势延续修正；v2连榜升温修正；v2低分涨停修正；v3尾盘涨停延续；v3尾盘缩量强承接,偏离20日线较大；涨停封板不可买,v3
2026-06-25,000620,盈新发展,82,不推送,6.6,15,1.93,9.97,9.97,-1.93,27.33,12.54,18.65,10.41,16.4,6.11,12.54,27.33,27.33,当日上涨；放量仍可控；站上20日线且不过热；市场强势且个股相对强势,收盘承接偏弱；上影线偏长；v3尾盘承接一般,v3
2026-06-09,600703,三安光电,53,不推送,60.6,26,-2.04,-9.11,-1.69,-20.67,27.32,-18.74,-1.69,-17.04,0.36,27.32,-1.69,-1.69,27.32,当日上涨；收在日内高位；温和放量；近5日趋势升温；站上20日线且不过热；持续霸榜；市场强势且个股相对强势,热度可能进入后段；v3尾盘版回避高位长连榜,v3
2026-05-11,601899,紫金矿业,85,不推送,0.0,47,25.98,24.61,27.32,5.41,27.32,20.79,11.42,-4.12,-11.56,11.6,27.32,27.32,27.32,连续上榜确认,近5日趋势未确认；仍在20日线下方；强势市里个股相对走弱；v3尾盘承接一般,v3
2026-05-07,002463,沪电股份,94,不推送,36.6,49,-1.44,1.24,3.71,27.32,27.32,1.21,-0.34,2.69,1.12,-3.43,3.71,6.59,6.59,收盘承接较强；温和放量；站上20日线且不过热；市场强势且个股相对强势,-,v3
2026-05-29,600105,永鼎股份,43,不推送,0.0,33,0.04,-3.84,5.27,-5.05,27.31,10.68,18.14,10.64,18.09,9.36,16.35,27.31,27.31,人气Top50；温和放量；连续上榜确认；人气排名明显上升,当日转弱；收盘承接偏弱；近5日趋势未确认；弱市先收缩执行；市场健康度不足，收缩推送；市场健康度偏弱,v3
2026-04-30,001896,豫能控股,25,不推送,0.0,51,-1.44,7.61,9.32,-11.42,27.3,7.68,11.42,9.25,13.05,6.23,12.34,15.22,27.3,人气Top50；温和放量；持续霸榜,当日转弱；收盘承接偏弱；近5日趋势未确认；热度可能进入后段；v3尾盘版回避高位长连榜,v3
2026-06-17,600110,诺德股份,16,不推送,44.6,20,20.94,21.42,27.3,-24.4,27.3,6.7,8.98,-11.77,-9.89,0.41,27.3,27.3,27.3,人气Top20；温和放量；近5日趋势升温；站上20日线且不过热；连续上榜确认；人气排名明显上升；市场强势且个股相对强势,当日转弱；收盘承接偏弱,v3
2026-05-21,002156,通富微电,37,不推送,6.5,39,0.08,2.72,4.18,23.14,27.24,22.1,12.35,22.0,12.26,15.27,24.32,27.24,27.24,人气Top50；温和放量；近5日趋势升温；站上20日线且不过热；持续霸榜,当日转弱；收盘承接偏弱；热度可能进入后段；弱市先收缩执行；弱市里的长连榜样本优先降权；v3尾盘版回避高位长连榜,v3
2026-06-01,920190,雷神科技,52,观察池,23.57,19,8.39,19.02,27.23,-30.99,27.23,1.88,-4.98,-6.01,-12.34,-20.52,27.23,27.23,27.23,当日涨停附近；收在日内高位；近5日强势延续；弱市中个股相对抗跌,放量过猛；短线涨幅偏高；偏离20日线较大；后段人气股在偏弱环境里更谨慎；v3尾盘版回避放量过猛；涨停封板不可买,v3
2026-06-08,600367,红星发展,34,不推送,0.0,27,0.17,6.38,6.43,-33.63,27.14,3.47,3.31,3.29,3.14,7.24,13.14,13.14,27.14,人气Top50；当日上涨；温和放量；持续霸榜,短线涨幅过热；远离20日线过多；热度可能进入后段；弱市先收缩执行；弱市里的长连榜样本优先降权；v3尾盘版回避高位长连榜,v3
2026-04-24,300475,香农芯创,58,不推送,6.0,55,1.12,5.52,6.67,27.12,27.12,7.56,20.12,6.36,18.79,20.11,10.26,25.89,25.89,当日上涨；放量仍可控；站上20日线且不过热,收盘承接偏弱；上影线偏长,v3
2026-06-11,300308,中际旭创,14,不推送,0.0,24,6.02,3.06,6.6,-0.17,27.09,11.95,22.69,5.59,15.73,12.47,14.24,22.75,27.09,人气Top20；温和放量；持续霸榜；人气排名明显上升,当日转弱；收盘承接偏弱；近5日趋势未确认；热度可能进入后段；弱市先收缩执行；弱市里的长连榜样本优先降权；市场健康度不足，收缩推送；市场健康度偏弱；v3尾盘版回避高位长连榜,v3
2026-05-07,600330,天通股份,68,不推送,38.6,49,-0.64,4.22,7.9,-23.66,27.06,16.73,17.23,17.48,17.99,-1.72,21.52,27.06,27.06,当日上涨；温和放量；站上20日线且不过热；连续上榜确认；市场强势且个股相对强势,v3尾盘承接一般,v3
2026-05-12,601899,紫金矿业,27,不推送,0.0,46,26.49,24.9,27.03,5.41,27.03,14.74,10.92,-9.29,-12.31,17.19,27.03,27.03,27.03,人气Top50；持续霸榜；人气排名明显上升,近5日趋势未确认；仍在20日线下方；热度可能进入后段；强势市里个股相对走弱；v3尾盘版回避高位长连榜；v3尾盘承接一般,v3
2026-04-27,002217,合力泰,78,不推送,56.0,53,10.14,0.68,10.14,-48.31,27.03,-2.36,18.24,-11.35,7.36,13.51,10.14,18.24,27.03,当日涨停附近；收在日内高位；站上20日线且不过热；v3尾盘缩量强承接,-,v3
2026-05-14,002565,顺灏股份,80,不推送,2.58,44,19.0,23.2,27.0,-36.57,27.0,11.14,7.01,-6.61,-10.08,-0.46,27.0,27.0,27.0,当日上涨；收盘承接较强；弱市中个股相对抗跌,近5日趋势未确认；仍在20日线下方；人气排名明显回落；后段人气股在偏弱环境里更谨慎,v3
2026-05-25,600759,ST洲际,34,不推送,0.0,37,-4.76,-3.57,4.76,-0.79,26.98,4.37,15.08,9.58,20.83,10.71,4.76,15.08,26.98,人气Top50；收在日内高位；持续霸榜,当日转弱；量能不足；近5日趋势未确认；仍在20日线下方；热度可能进入后段；强势市里个股相对走弱；v3尾盘版回避高位长连榜,v3
2026-04-21,600156,华升股份,60,不推送,0.0,58,-4.6,3.17,5.92,-22.17,26.97,-6.95,3.58,-2.46,8.57,21.86,8.38,8.38,26.97,近5日强势延续；站上20日线且不过热；连续上榜确认,当日转弱；收盘承接偏弱；放量过猛；短线涨幅偏高；人气排名明显回落；v3尾盘版回避放量过猛,v3
2026-06-12,603688,石英股份,95,不推送,1.72,23,1.11,8.44,9.68,-23.41,26.97,12.55,22.14,11.32,20.81,19.35,17.24,22.16,26.97,温和放量；站上20日线且不过热；震荡市里保持相对强势,当日转弱；收盘承接偏弱；后段人气股在偏弱环境里更谨慎,v3
2026-07-14,301583,托伦斯,53,不推送,0.0,2,26.95,0.17,26.95,0.42,26.95,,,,,,,,,-,当日转弱；收盘承接偏弱；仍在20日线下方；人气排名明显回落；强势市里个股相对走弱；市场健康度不足，收缩推送,v3
2026-05-21,300433,蓝思科技,83,不推送,0.78,39,-1.78,5.18,5.59,4.9,26.95,4.16,8.96,6.05,10.93,18.3,10.85,12.98,26.95,温和放量；近5日趋势升温；站上20日线且不过热；持续霸榜,收盘承接偏弱；热度可能进入后段；上影线偏长；弱市先收缩执行；后段人气股在偏弱环境里更谨慎；弱市里的长连榜样本优先降权；v3尾盘版回避高位长连榜,v3
2026-04-29,002342,巨力索具,95,不推送,16.0,52,0.11,4.76,7.35,-57.41,26.93,16.98,17.25,16.86,17.12,-7.51,16.98,26.93,26.93,温和放量；站上20日线且不过热；持续霸榜,近5日趋势未确认；热度可能进入后段；v3尾盘版回避高位长连榜,v3
2026-06-11,600160,巨化股份,78,不推送,35.08,24,-0.58,2.54,4.14,-3.29,26.9,12.97,6.72,13.63,7.35,23.25,16.11,16.11,26.9,当日上涨；温和放量；近5日趋势升温；站上20日线且不过热；连续上榜确认,人气排名明显回落；弱市先收缩执行；后段人气股在偏弱环境里更谨慎,v3
2026-04-21,600522,中天科技,23,普通观察,76.0,58,0.31,7.34,7.4,15.26,26.88,2.37,7.89,2.06,7.56,26.08,8.01,12.61,26.88,人气Top50；当日上涨；收盘承接较强；放量仍可控；近5日趋势升温；站上20日线且不过热；连续上榜确认；v2连榜升温修正；v3热点早段优先,-,v3
2026-05-22,603538,美诺华,45,不推送,30.6,38,26.85,18.65,26.85,-1.08,26.85,19.83,-17.23,-5.53,-34.75,-27.21,26.85,26.85,26.85,人气Top50；当日强涨；收在日内高位；人气排名明显上升；市场强势且个股相对强势,近5日趋势未确认；仍在20日线下方；v3尾盘版回避放量过猛,v3
2026-05-07,300308,中际旭创,43,不推送,56.6,49,-1.43,0.97,2.45,26.84,26.84,16.01,22.85,17.69,24.63,13.21,16.57,24.09,25.35,人气Top50；收盘承接较强；温和放量；站上20日线且不过热；连续上榜确认；人气排名明显上升；市场强势且个股相对强势,-,v3
2026-06-25,000725,京东方A,2,普通观察,74.6,15,0.13,4.01,10.01,-19.23,26.84,15.89,21.5,15.73,21.33,8.81,16.82,26.84,26.84,人气Top3；当日上涨；温和放量；近5日趋势升温；站上20日线且不过热；持续霸榜；市场强势且个股相对强势,热度可能进入后段；v3尾盘版回避高位长连榜,v3
2026-06-25,600667,太极实业,3,观察池,49.6,15,3.63,5.97,9.76,-26.0,26.83,15.29,14.14,11.25,10.14,3.79,17.34,26.83,26.83,人气Top3；当日涨停附近；收在日内高位；近5日强势延续；持续霸榜；市场强势且个股相对强势,量能不足；短线涨幅偏高；远离20日线过多；热度可能进入后段；一字或近似一字，参与点差；v3尾盘版回避高位长连榜；一字板不可买,v3
2026-05-15,002580,圣阳股份,17,观察池,57.17,43,26.15,19.07,26.83,-25.56,26.83,17.99,17.4,-6.47,-6.93,9.29,26.83,26.83,26.83,人气Top20；当日涨停附近；收在日内高位；持续霸榜；震荡市里保持相对强势；震荡市里承接未失控；v3尾盘涨停延续,近5日趋势未确认；仍在20日线下方；热度可能进入后段；v3尾盘版回避高位长连榜；涨停封板不可买,v3
2026-06-10,000725,京东方A,2,不推送,5.3,25,-1.82,-4.63,0.17,0.0,26.78,-3.14,9.92,-1.35,11.95,24.3,0.17,9.92,26.78,人气Top3；近5日趋势升温；站上20日线且不过热；持续霸榜,当日转弱；收盘承接偏弱；热度可能进入后段；弱市先收缩执行；弱市里的长连榜样本优先降权；Top3高热度拥挤，次日兑现风险；v3尾盘版回避高位长连榜,v3
2026-06-04,301013,利和兴,99,观察池,32.73,29,-3.88,-5.18,0.1,-18.38,26.78,2.82,-1.75,6.96,2.21,15.72,2.82,9.27,26.78,当日涨停附近；温和放量；近5日强势延续；震荡市里保持相对强势；v2低分涨停修正,短线涨幅偏高；远离20日线过多；后段人气股在偏弱环境里更谨慎；v3尾盘承接一般；涨停封板不可买,v3
2026-04-23,600736,苏州高新,33,不推送,55.0,56,9.92,1.55,10.04,-20.31,26.76,-6.57,-2.63,-15.0,-11.41,19.0,10.04,10.04,26.76,人气Top50；当日涨停附近；收在日内高位；近5日强势延续；连续上榜确认；人气排名明显上升,短线涨幅偏高；偏离20日线较大；一字或近似一字，参与点差,v3
2026-05-08,002384,东山精密,36,普通观察,76.6,48,-0.03,2.94,4.97,26.75,26.75,4.09,-4.11,4.13,-4.08,4.0,8.45,8.45,8.45,人气Top50；收盘承接较强；温和放量；近5日趋势升温；站上20日线且不过热；连续上榜确认；市场强势且个股相对强势；v3尾盘缩量强承接；v3热点早段优先,人气排名明显回落,v3
2026-06-01,000988,华工科技,46,不推送,0.0,32,10.61,14.01,15.62,0.0,26.73,20.98,13.7,9.38,2.8,23.18,23.07,26.73,26.73,人气Top50；持续霸榜,当日转弱；收盘承接偏弱；近5日趋势未确认；仍在20日线下方；热度可能进入后段；弱市先收缩执行；弱市里的长连榜样本优先降权；市场健康度不足，收缩推送；市场健康度偏弱；v3尾盘版回避高位长连榜,v3
2026-06-11,000636,风华高科,8,不推送,34.5,24,4.62,-7.01,4.62,-18.54,26.72,11.09,17.38,6.19,12.2,23.52,12.54,19.74,26.72,人气Top10；当日上涨；温和放量；持续霸榜；人气排名明显上升,偏离20日线较大；热度可能进入后段；弱市先收缩执行；弱市里的长连榜样本优先降权；v3尾盘版回避高位长连榜,v3
2026-04-23,603538,美诺华,16,重点观察,86.0,56,-0.99,3.65,6.93,-30.96,26.71,8.23,12.44,9.31,13.56,-2.77,10.71,17.55,26.71,人气Top20；当日涨停附近；收在日内高位；温和放量；站上20日线且不过热；持续霸榜；人气排名明显上升；v3尾盘涨停延续,近5日趋势未确认；热度可能进入后段；v3尾盘版回避高位长连榜,v3
2026-06-15,601138,工业富联,26,不推送,0.0,22,16.4,15.6,18.92,-0.06,26.7,23.82,17.51,6.38,0.95,14.41,26.7,26.7,26.7,人气Top50；持续霸榜；人气排名明显上升,当日转弱；近5日趋势未确认；仍在20日线下方；热度可能进入后段；强势市里个股相对走弱；v3尾盘版回避高位长连榜,v3
2026-06-09,601138,工业富联,22,不推送,0.0,26,15.6,12.8,16.56,-0.06,26.7,11.21,15.6,-3.8,0.0,21.76,16.56,18.92,26.7,人气Top50；持续霸榜,当日转弱；量能不足；近5日趋势未确认；仍在20日线下方；热度可能进入后段；强势市里个股相对走弱；市场健康度不足，收缩推送；v3尾盘版回避高位长连榜,v3
2026-06-17,002579,中京电子,27,观察池,134.6,20,2.92,10.02,10.02,-25.88,26.69,7.74,15.32,4.68,12.05,6.06,19.11,19.11,26.69,人气Top50；当日涨停附近；收在日内高位；近5日趋势升温；站上20日线且不过热；连续上榜确认；人气排名明显上升；市场强势且个股相对强势；v2强势延续修正；v2连榜升温修正；v2低分涨停修正；v3尾盘涨停延续；v3尾盘缩量强承接；v3热点早段优先,涨停封板不可买,v3
2026-04-27,601016,节能风电,37,重点观察,82.0,54,-3.01,1.72,4.3,-29.03,26.67,-8.39,7.31,-5.54,10.64,9.68,4.3,9.25,26.67,人气Top50；当日上涨；收盘承接较强；温和放量；近5日趋势升温；站上20日线且不过热；连续上榜确认；v2连榜升温修正；v3热点早段优先,-,v3
2026-05-06,601016,节能风电,16,不推送,58.0,50,3.66,7.31,9.25,-29.03,26.67,10.11,21.08,6.22,16.8,0.43,13.12,21.08,26.67,人气Top20；当日上涨；收盘承接较强；温和放量；站上20日线且不过热；持续霸榜；人气排名明显上升,热度可能进入后段；v3尾盘版回避高位长连榜,v3
2026-05-25,600183,生益科技,55,不推送,58.6,37,-1.09,9.66,9.66,26.55,26.65,16.09,16.08,17.37,17.37,15.42,19.85,26.65,26.65,当日强涨；收盘承接较强；温和放量；近5日趋势升温；连续上榜确认；市场强势且个股相对强势,偏离20日线较大；v3尾盘半板但封单不强,v3
2026-04-13,002124,天邦食品,52,不推送,58.0,64,0.77,10.04,10.04,-10.04,26.64,13.13,18.15,12.26,17.24,-3.86,21.24,26.64,26.64,当日涨停附近；收在日内高位；近5日趋势升温；站上20日线且不过热；v2低分涨停修正,v3尾盘版回避放量过猛,v3
2026-05-22,002475,立讯精密,33,不推送,0.0,38,18.99,21.27,21.64,-0.03,26.62,16.22,18.98,-2.33,-0.01,11.64,21.64,26.3,26.62,人气Top50；持续霸榜；人气排名明显上升,收盘承接偏弱；近5日趋势未确认；仍在20日线下方；热度可能进入后段；上影线偏长；强势市里个股相对走弱；市场健康度不足，收缩推送；v3尾盘版回避高位长连榜；v3尾盘承接一般,v3
2026-06-18,002297,博云新材,35,观察池,119.6,19,10.01,10.01,10.01,-29.34,26.59,18.69,8.92,7.88,-0.99,-2.75,21.05,26.59,26.59,人气Top50；当日涨停附近；收在日内高位；温和放量；近5日强势延续；站上20日线且不过热；人气排名明显上升；市场强势且个股相对强势；v2强势延续修正；v2低分涨停修正；v3尾盘涨停延续；v3尾盘缩量强承接,短线涨幅偏高；涨停封板不可买,v3
2026-06-03,600105,永鼎股份,12,不推送,37.45,30,-0.22,6.22,7.51,-12.86,26.59,3.7,2.33,3.92,2.55,23.46,16.85,16.85,26.59,人气Top20；温和放量；近5日趋势升温；站上20日线且不过热；持续霸榜；人气排名明显上升；震荡市里保持相对强势,收盘承接偏弱；热度可能进入后段；上影线偏长；v3尾盘版回避高位长连榜,v3
2026-06-03,600522,中天科技,5,不推送,49.45,30,-1.69,3.39,5.91,-15.6,26.55,11.22,12.73,13.13,14.67,23.36,13.81,22.98,26.55,人气Top10；当日上涨；温和放量；近5日趋势升温；站上20日线且不过热；持续霸榜；震荡市里保持相对强势,收盘承接偏弱；热度可能进入后段；上影线偏长；v3尾盘版回避高位长连榜,v3
2026-05-14,600379,宝光股份,31,不推送,0.0,44,23.32,22.4,26.54,-19.65,26.54,-0.92,-12.75,-19.66,-29.25,-7.69,26.54,26.54,26.54,人气Top50；站上20日线且不过热；持续霸榜；人气排名明显上升,当日转弱；收盘承接偏弱；近5日趋势未确认；热度可能进入后段；弱市先收缩执行；弱市里的长连榜样本优先降权；市场健康度不足，收缩推送；市场健康度偏弱；v3尾盘版回避高位长连榜,v3
2026-04-23,002342,巨力索具,30,不推送,0.0,56,-1.0,0.42,6.54,-57.54,26.53,-2.58,4.43,-1.6,5.49,7.54,6.54,7.01,26.53,人气Top50；站上20日线且不过热；持续霸榜,当日转弱；收盘承接偏弱；热度可能进入后段；v3尾盘版回避高位长连榜,v3
2026-05-06,002580,圣阳股份,13,不推送,44.0,50,1.87,3.64,8.08,-42.71,26.51,18.77,20.61,16.59,18.39,-9.2,25.43,25.43,26.51,人气Top20；当日上涨；温和放量；站上20日线且不过热；持续霸榜,热度可能进入后段；v3尾盘版回避高位长连榜,v3
2026-04-27,002580,圣阳股份,1,不推送,58.0,54,-1.28,2.36,3.4,-42.71,26.51,-4.65,3.64,-3.41,4.99,8.54,3.96,8.08,26.51,人气Top3；当日上涨；温和放量；站上20日线且不过热；持续霸榜；人气排名明显上升,近5日趋势未确认；热度可能进入后段；v3尾盘版回避高位长连榜,v3
2026-04-27,000988,华工科技,59,不推送,22.0,54,-0.24,-2.69,0.39,10.02,26.48,0.62,12.17,0.87,12.45,15.46,1.84,13.03,26.48,当日上涨；温和放量；站上20日线且不过热；持续霸榜；人气排名明显上升,热度可能进入后段；上影线偏长；v3尾盘版回避高位长连榜；v3尾盘承接一般,v3
2026-06-15,603993,洛阳钼业,14,不推送,16.55,22,18.67,16.52,20.54,5.88,26.47,16.58,13.38,-1.76,-4.46,2.09,22.98,26.47,26.47,人气Top20；温和放量；连续上榜确认,当日转弱；仍在20日线下方；强势市里个股相对走弱,v3
2026-06-26,000100,TCL科技,14,不推送,0.0,14,9.7,6.87,12.53,0.61,26.46,23.64,14.14,12.71,4.05,3.43,26.46,26.46,26.46,人气Top20；站上20日线且不过热；连续上榜确认,当日转弱；收盘承接偏弱；量能不足；近5日趋势未确认；弱市先收缩执行,v3
2026-06-22,000100,TCL科技,77,不推送,0.0,18,-0.2,-2.02,1.21,0.61,26.46,7.88,6.87,8.1,7.09,4.85,7.88,14.55,26.46,近5日趋势升温；站上20日线且不过热；连续上榜确认,当日转弱；收盘承接偏弱；量能不足；人气排名明显回落；强势市里个股相对走弱,v3
2026-05-20,002156,通富微电,23,不推送,43.45,40,3.0,-0.61,7.64,22.38,26.46,12.31,15.11,9.04,11.76,13.15,12.31,26.46,26.46,人气Top50；当日上涨；温和放量；站上20日线且不过热；持续霸榜；人气排名明显上升；震荡市里保持相对强势,热度可能进入后段；v3尾盘版回避高位长连榜,v3
2026-04-14,000889,中嘉博创,67,普通观察,75.0,63,0.23,9.98,9.98,-22.51,26.45,22.74,8.12,22.45,7.87,13.92,26.22,26.45,26.45,当日涨停附近；收在日内高位；温和放量；近5日强势延续；站上20日线且不过热；连续上榜确认；v2低分涨停修正,短线涨幅偏高；人气排名明显回落,v3
2026-06-15,002636,金安国纪,35,不推送,26.6,22,-1.5,5.32,6.79,-7.07,26.43,8.35,12.74,10.01,14.47,24.5,9.26,19.19,26.43,人气Top50；当日强涨；收盘承接较强；温和放量；持续霸榜；市场强势且个股相对强势,短线涨幅过热；远离20日线过多；热度可能进入后段；v3尾盘版回避高位长连榜；v3尾盘半板但封单不强,v3
2026-05-07,600176,中国巨石,89,不推送,56.6,49,-1.27,0.19,2.04,26.42,26.42,-0.29,-0.82,0.99,0.46,-6.39,5.17,5.17,5.17,收盘承接较强；温和放量；近5日趋势升温；站上20日线且不过热；连续上榜确认；市场强势且个股相对强势,-,v3
2026-05-21,600246,万通发展,68,不推送,46.58,39,1.82,1.82,6.29,26.41,26.41,-2.4,9.09,-4.14,7.14,22.45,6.29,9.09,22.45,当日强涨；收盘承接较强；温和放量；近5日趋势升温；弱市中个股相对抗跌,偏离20日线较大；后段人气股在偏弱环境里更谨慎；v3尾盘半板但封单不强,v3
2026-05-18,000021,深科技,28,观察池,119.17,42,-0.59,1.13,3.05,17.04,26.41,-2.38,10.53,-1.79,11.19,-2.21,7.4,11.48,26.41,人气Top50；当日涨停附近；收在日内高位；近5日趋势升温；站上20日线且不过热；人气排名明显上升；震荡市里保持相对强势；震荡市里承接未失控；v2强势延续修正；v2低分涨停修正；v3尾盘涨停延续；v3尾盘缩量强承接；v3热点早段优先,涨停封板不可买,v3
2026-04-20,603906,龙蟠科技,95,不推送,60.0,59,-3.99,-4.72,-2.38,-28.6,26.4,11.5,15.38,16.13,20.18,15.71,14.98,23.76,26.4,当日上涨；收盘承接较强；温和放量；近5日趋势升温；站上20日线且不过热；连续上榜确认,-,v3
2026-06-05,002600,领益智造,84,不推送,0.0,28,6.3,5.13,10.04,-7.55,26.39,1.91,2.71,-4.14,-3.38,22.29,10.04,10.04,26.39,温和放量,当日转弱；收盘承接偏弱；近5日趋势未确认；仍在20日线下方；弱市先收缩执行；后段人气股在偏弱环境里更谨慎；市场健康度不足，收缩推送；市场健康度偏弱,v3
2026-07-09,300164,通源石油,54,观察池,24.6,5,-7.14,-2.64,-0.77,8.35,26.37,25.05,8.35,34.67,16.69,,25.05,26.37,,当日涨停附近；近5日趋势升温；站上20日线且不过热；市场强势且个股相对强势；v2低分涨停修正,放量过猛；上影线偏长；v3尾盘版回避放量过猛；v3尾盘承接一般；涨停封板不可买,v3
2026-06-22,300308,中际旭创,38,不推送,0.0,18,26.37,18.67,26.37,0.83,26.37,19.89,10.52,-5.13,-12.54,-0.45,26.37,26.37,26.37,人气Top50；温和放量；持续霸榜,当日转弱；收盘承接偏弱；近5日趋势未确认；仍在20日线下方；热度可能进入后段；人气排名明显回落；强势市里个股相对走弱；v3尾盘版回避高位长连榜,v3
2026-04-17,688498,源杰科技,31,重点观察,86.0,60,-31.67,-33.74,-31.67,26.37,26.37,-30.09,-33.39,2.31,-2.52,-26.89,-28.56,-28.56,-23.02,人气Top50；当日涨停附近；收盘承接较强；温和放量；近5日趋势升温；站上20日线且不过热；v2低分涨停修正；v3热点早段优先,-,v3
2026-04-24,600186,莲花控股,56,不推送,30.0,55,0.55,2.19,4.81,8.53,26.37,18.38,24.73,17.74,24.05,17.29,18.38,26.37,26.37,温和放量；近5日趋势升温；站上20日线且不过热；连续上榜确认；v2热点回踩观察,当日转弱；收盘承接偏弱；人气排名明显回落,v3
2026-04-27,300390,天华新能,60,不推送,50.0,54,-0.41,-1.32,0.64,-37.38,26.35,17.27,17.88,17.75,18.37,2.43,19.41,26.35,26.35,当日上涨；温和放量；近5日趋势升温；站上20日线且不过热；连续上榜确认,-,v3
2026-07-02,002384,东山精密,9,不推送,0.0,10,-4.82,4.98,9.37,21.26,26.34,6.85,17.88,12.26,23.85,21.26,9.37,17.88,26.34,人气Top10；温和放量；持续霸榜；人气排名明显上升,当日转弱；收盘承接偏弱；近5日趋势未确认；仍在20日线下方；热度可能进入后段；弱市先收缩执行；弱市里的长连榜样本优先降权；市场健康度不足，收缩推送；市场健康度偏弱；v3尾盘版回避高位长连榜,v3
2026-06-11,600186,莲花控股,11,重点观察,101.3,24,-2.06,-8.25,2.7,-21.33,26.33,5.71,13.24,7.94,15.63,13.4,5.71,22.92,26.33,人气Top20；当日强涨；收盘承接较强；温和放量；近5日强势延续；站上20日线且不过热；连续上榜确认；人气排名明显上升；弱市中个股相对抗跌；v2连榜升温修正；v3尾盘缩量强承接,短线涨幅偏高,v3
2026-06-18,002141,贤丰控股,98,观察池,55.6,19,9.98,-4.46,9.98,25.48,26.33,1.06,22.29,-8.11,11.2,9.13,9.98,22.29,26.33,当日涨停附近；收在日内高位；近5日强势延续；市场强势且个股相对强势；v3尾盘缩量强承接,短线涨幅偏高；偏离20日线较大；涨停封板不可买,v3
2026-04-15,300502,新易盛,33,不推送,16.0,62,0.0,8.15,8.64,9.18,26.32,17.31,25.3,17.3,25.29,8.05,20.12,25.81,26.32,人气Top50；温和放量；站上20日线且不过热；连续上榜确认；人气排名明显上升,当日转弱；收盘承接偏弱；近5日趋势未确认,v3
2026-04-29,600736,苏州高新,65,不推送,54.0,52,-2.98,-2.98,2.98,-20.6,26.31,14.88,17.98,18.4,21.6,-1.67,14.88,26.31,26.31,当日强涨；收盘承接较强；温和放量；近5日趋势升温；站上20日线且不过热；持续霸榜,热度可能进入后段；v3尾盘版回避高位长连榜；v3尾盘半板但封单不强,v3
2026-05-15,002475,立讯精密,71,不推送,0.0,43,18.64,18.34,21.93,-0.03,26.3,13.75,17.53,-4.12,-0.93,18.98,21.93,21.93,26.3,持续霸榜；震荡市里保持相对强势,收盘承接偏弱；近5日趋势未确认；仍在20日线下方；热度可能进入后段；人气排名明显回落；上影线偏长；后段人气股在偏弱环境里更谨慎；v3尾盘版回避高位长连榜；v3尾盘承接一般,v3
2026-07-10,603538,美诺华,61,观察池,94.58,4,0.39,6.87,6.87,24.19,26.3,26.3,,25.81,,,26.3,,,当日涨停附近；收在日内高位；温和放量；近5日趋势升温；站上20日线且不过热；连续上榜确认；人气排名明显上升；弱市中个股相对抗跌；v3尾盘缩量强承接,后段人气股在偏弱环境里更谨慎；涨停封板不可买,v3
2026-06-12,600183,生益科技,26,不推送,25.45,23,4.73,9.54,9.54,-3.25,26.3,18.58,21.45,13.22,15.96,12.66,25.72,26.3,26.3,人气Top50；温和放量；近5日趋势升温；站上20日线且不过热；持续霸榜；震荡市里保持相对强势,收盘承接偏弱；热度可能进入后段；上影线偏长；v3尾盘版回避高位长连榜,v3
2026-05-18,002475,立讯精密,52,不推送,0.0,42,16.96,17.53,18.04,-0.03,26.3,10.18,21.27,-5.8,3.68,14.79,18.49,21.64,26.3,持续霸榜；人气排名明显上升；震荡市里保持相对强势,收盘承接偏弱；近5日趋势未确认；仍在20日线下方；热度可能进入后段；上影线偏长；后段人气股在偏弱环境里更谨慎；v3尾盘版回避高位长连榜；v3尾盘承接一般,v3
2026-05-15,601138,工业富联,11,不推送,0.0,43,4.47,9.39,11.37,-0.06,26.28,8.07,6.5,3.45,1.94,16.4,11.37,11.37,26.28,人气Top20；持续霸榜,当日转弱；量能不足；近5日趋势未确认；热度可能进入后段；市场健康度不足，收缩推送；v3尾盘版回避高位长连榜,v3
2026-05-27,603045,福达合金,79,不推送,61.45,35,-1.75,-4.89,3.05,-13.37,26.28,-5.38,0.12,-3.7,1.9,11.06,3.05,11.7,26.28,当日上涨；收在日内高位；温和放量；近5日趋势升温；站上20日线且不过热；震荡市里保持相对强势；震荡市里承接未失控,后段人气股在偏弱环境里更谨慎,v3
2026-05-18,601138,工业富联,14,不推送,0.0,42,8.31,8.72,9.48,-0.06,26.28,3.87,11.48,-4.1,2.93,16.95,10.21,11.8,26.28,人气Top20；持续霸榜,当日转弱；量能不足；近5日趋势未确认；热度可能进入后段；震荡市里相对走弱；市场健康度不足，收缩推送；v3尾盘版回避高位长连榜,v3
2026-06-11,300059,东方财富,77,不推送,0.0,24,0.92,3.87,5.19,14.37,26.26,10.33,7.33,9.32,6.35,15.81,12.41,12.41,26.26,温和放量,当日转弱；收盘承接偏弱；近5日趋势未确认；仍在20日线下方；弱市先收缩执行；后段人气股在偏弱环境里更谨慎；市场健康度不足，收缩推送；市场健康度偏弱,v3
2026-07-14,600584,长电科技,4,不推送,0.0,2,26.19,11.12,26.25,0.0,26.25,,,,,,,,,人气Top10；持续霸榜,当日转弱；收盘承接偏弱；近5日趋势未确认；仍在20日线下方；热度可能进入后段；强势市里个股相对走弱；市场健康度不足，收缩推送；v3尾盘版回避高位长连榜,v3
2026-06-22,300085,银之杰,20,观察池,98.6,18,8.25,20.0,20.0,-2.66,26.24,19.38,6.99,10.28,-1.17,4.17,26.24,26.24,26.24,人气Top20；当日涨停附近；收在日内高位；放量仍可控；近5日趋势升温；首次上榜即强势；首次上榜强势提权；市场强势且个股相对强势；v2低分涨停修正,涨停封板不可买,v3
2026-05-22,601138,工业富联,34,不推送,11.55,38,1.06,4.47,4.77,-6.35,26.24,4.15,9.08,3.06,7.94,10.06,9.59,18.34,26.24,人气Top50；收盘承接较强；站上20日线且不过热；持续霸榜,近5日趋势未确认；热度可能进入后段；市场健康度不足，收缩推送；v3尾盘版回避高位长连榜,v3
2026-05-29,301217,铜冠铜箔,88,不推送,10.08,33,-5.72,-10.54,-1.71,8.49,26.23,-8.4,-5.11,-2.84,0.65,20.94,-1.71,-0.5,26.23,温和放量；近5日强势延续；站上20日线且不过热；连续上榜确认,当日转弱；短线涨幅偏高；人气排名明显回落；弱市先收缩执行；后段人气股在偏弱环境里更谨慎,v3
2026-06-11,603399,永杉锂业,32,观察池,108.3,24,2.97,6.62,8.6,-28.62,26.23,8.13,0.63,5.01,-2.28,6.73,13.19,13.19,26.23,人气Top50；当日涨停附近；收在日内高位；温和放量；近5日趋势升温；站上20日线且不过热；人气排名明显上升；弱市中个股相对抗跌；v2强势延续修正；v2低分涨停修正；v3热点早段优先,涨停封板不可买,v3
2026-04-13,002328,新朋股份,22,不推送,29.0,64,3.35,10.04,10.04,-35.13,26.21,24.54,15.15,20.5,11.42,0.74,26.21,26.21,26.21,人气Top50；当日上涨；放量仍可控；近5日强势延续；连续上榜确认,短线涨幅偏高；偏离20日线较大；v3尾盘版回避放量过猛,v3
2026-05-11,600089,特变电工,82,不推送,0.0,47,19.01,23.1,24.59,-19.69,26.2,18.08,13.82,-0.79,-4.36,12.97,26.2,26.2,26.2,温和放量,当日转弱；近5日趋势未确认；仍在20日线下方；强势市里个股相对走弱,v3
2026-06-05,600487,亨通光电,5,不推送,15.5,28,-4.33,-1.31,5.81,-32.77,26.19,10.52,0.28,15.53,4.82,24.26,13.75,13.75,26.19,人气Top10；温和放量；近5日强势延续；站上20日线且不过热；持续霸榜,当日转弱；收盘承接偏弱；短线涨幅偏高；热度可能进入后段；弱市先收缩执行；弱市里的长连榜样本优先降权；v3尾盘版回避高位长连榜,v3
2026-05-08,002536,飞龙股份,95,观察池,82.6,48,3.23,1.98,4.31,26.17,26.17,7.06,1.82,3.71,-1.36,7.01,10.29,10.29,13.2,当日涨停附近；收在日内高位；温和放量；近5日趋势升温；站上20日线且不过热；市场强势且个股相对强势；v2低分涨停修正,涨停封板不可买,v3
2026-04-28,002217,合力泰,16,不推送,32.0,52,-1.34,3.02,5.03,-48.66,26.17,6.71,15.1,8.16,16.67,3.69,6.71,22.48,26.17,人气Top20；放量仍可控；站上20日线且不过热；连续上榜确认；人气排名明显上升,收盘承接偏弱,v3
2026-04-27,600770,综艺股份,75,不推送,0.0,54,-3.59,10.06,10.06,-13.07,26.15,9.48,17.39,13.56,21.76,9.48,20.55,26.15,26.15,近5日趋势升温；站上20日线且不过热；连续上榜确认,当日转弱；收盘承接偏弱；放量过猛；v3尾盘版回避放量过猛,v3
2026-06-16,002156,通富微电,87,不推送,8.6,21,-0.33,6.82,9.65,20.69,26.14,13.22,18.61,13.6,19.01,17.45,14.6,18.91,26.14,温和放量；持续霸榜；市场强势且个股相对强势,近5日趋势未确认；热度可能进入后段；人气排名明显回落；v3尾盘版回避高位长连榜,v3
2026-06-03,002297,博云新材,77,不推送,0.0,30,1.54,0.05,1.59,-3.51,26.14,-4.62,0.29,-6.07,-1.23,24.12,2.94,2.94,26.14,当日上涨；人气排名明显上升；震荡市里保持相对强势,近5日趋势未确认；仍在20日线下方；上影线偏长；后段人气股在偏弱环境里更谨慎；v3尾盘承接一般,v3
2026-05-06,603601,再升科技,23,不推送,60.0,51,0.88,5.49,9.97,-43.66,26.06,12.87,6.37,11.88,5.44,13.44,18.23,18.23,26.06,人气Top50；当日上涨；收盘承接较强；温和放量；站上20日线且不过热；连续上榜确认；人气排名明显上升,-,v3
2026-04-30,603601,再升科技,68,不推送,44.0,51,0.88,5.49,9.97,-43.66,26.06,12.87,6.37,11.88,5.44,13.44,18.23,18.23,26.06,当日上涨；收盘承接较强；温和放量；站上20日线且不过热；人气排名明显上升,-,v3
2026-05-18,002580,圣阳股份,26,观察池,49.17,42,21.78,23.81,26.06,-25.56,26.06,21.15,8.88,-0.52,-10.59,20.24,26.06,26.06,26.06,人气Top50；当日涨停附近；收在日内高位；持续霸榜；震荡市里保持相对强势；震荡市里承接未失控；v3尾盘涨停延续,近5日趋势未确认；仍在20日线下方；热度可能进入后段；v3尾盘版回避高位长连榜；涨停封板不可买,v3
2026-06-08,600105,永鼎股份,41,不推送,2.5,27,2.87,7.58,8.07,-15.79,26.06,-1.06,1.21,-3.82,-1.62,18.17,8.07,8.07,26.06,人气Top50；温和放量；近5日趋势升温；站上20日线且不过热；持续霸榜,当日转弱；收盘承接偏弱；热度可能进入后段；人气排名明显回落；弱市先收缩执行；弱市里的长连榜样本优先降权；v3尾盘版回避高位长连榜,v3
2026-05-08,000988,华工科技,65,不推送,52.6,48,3.23,8.83,9.73,-3.45,26.06,4.79,-1.2,1.52,-4.29,15.29,11.0,11.0,26.06,收盘承接较强；温和放量；近5日趋势升温；站上20日线且不过热；连续上榜确认；市场强势且个股相对强势,人气排名明显回落,v3
2026-05-07,002498,汉缆股份,81,不推送,56.6,49,-0.32,-1.84,0.97,-40.43,26.05,7.78,9.3,8.13,9.65,-5.73,7.78,26.05,26.05,当日上涨；收盘承接较强；温和放量；近5日趋势升温；站上20日线且不过热；市场强势且个股相对强势,-,v3
2026-06-09,600584,长电科技,4,不推送,52.6,26,-2.3,-1.57,1.61,10.75,26.05,-8.4,2.26,-6.24,4.67,26.05,1.61,4.19,26.05,人气Top10；当日上涨；收盘承接较强；站上20日线且不过热；持续霸榜；人气排名明显上升；市场强势且个股相对强势,近5日趋势未确认；热度可能进入后段；v3尾盘版回避高位长连榜,v3
2026-06-22,600460,士兰微,33,不推送,19.6,18,-0.24,3.82,7.37,-20.06,26.02,10.04,16.07,10.31,16.35,2.89,13.51,22.31,26.02,人气Top50；温和放量；近5日强势延续；站上20日线且不过热；持续霸榜；人气排名明显上升；市场强势且个股相对强势,当日转弱；收盘承接偏弱；短线涨幅偏高；热度可能进入后段；v3尾盘版回避高位长连榜,v3
2026-06-18,600460,士兰微,64,不推送,3.6,19,-2.34,-1.13,1.54,-20.06,26.02,10.37,11.19,13.02,13.85,4.28,12.12,18.74,26.02,温和放量；近5日强势延续；连续上榜确认；市场强势且个股相对强势,当日转弱；收盘承接偏弱；短线涨幅偏高；偏离20日线较大；人气排名明显回落,v3
2026-05-12,603045,福达合金,66,观察池,39.6,46,15.9,23.85,26.01,0.58,26.01,12.29,12.47,-3.11,-2.96,8.71,26.01,26.01,26.01,当日涨停附近；收在日内高位；近5日强势延续；市场强势且个股相对强势,短线涨幅偏高；偏离20日线较大；一字或近似一字，参与点差；一字板不可买,v3
2026-05-08,603045,福达合金,75,观察池,8.6,48,9.75,9.75,9.75,0.58,26.01,23.85,12.29,12.84,2.32,4.83,26.01,26.01,26.01,当日涨停附近；收在日内高位；市场强势且个股相对强势,量能不足；短线涨幅过热；远离20日线过多；一字或近似一字，参与点差；一字板不可买,v3
2026-05-22,002031,巨轮智能,72,观察池,18.6,38,23.36,18.59,23.36,-17.93,25.99,8.39,2.63,-12.13,-16.8,9.7,25.99,25.99,25.99,当日涨停附近；收在日内高位；市场强势且个股相对强势,量能不足；近5日趋势未确认；仍在20日线下方；人气排名明显回落；涨停封板不可买,v3
2026-05-22,000636,风华高科,21,不推送,0.0,38,-19.16,-19.16,-19.16,1.0,25.98,-13.62,3.59,6.86,28.15,16.33,-12.11,4.51,25.98,人气Top50；人气排名明显上升；市场强势且个股相对强势,当日转弱；收盘承接偏弱；短线涨幅过热；远离20日线过多,v3
2026-06-12,600367,红星发展,89,不推送,0.0,23,1.02,2.37,5.75,-34.23,25.98,8.35,18.06,7.25,16.87,8.56,17.99,18.06,25.98,温和放量；近5日趋势升温；持续霸榜；震荡市里保持相对强势,当日转弱；收盘承接偏弱；偏离20日线较大；热度可能进入后段；人气排名明显回落；后段人气股在偏弱环境里更谨慎；v3尾盘版回避高位长连榜,v3
2026-04-24,600770,综艺股份,84,不推送,58.0,55,8.03,-0.14,10.04,-13.2,25.97,13.2,20.23,4.78,11.29,14.2,20.37,20.37,25.97,当日涨停附近；收在日内高位；近5日趋势升温；站上20日线且不过热；v2低分涨停修正,v3尾盘版回避放量过猛,v3
2026-06-24,600397,江钨装备,73,不推送,10.6,16,1.55,1.74,3.72,-34.19,25.95,8.95,18.66,7.3,16.86,-24.17,13.47,18.66,25.95,当日上涨；温和放量；连续上榜确认；市场强势且个股相对强势,短线涨幅过热；远离20日线过多；v3尾盘承接一般,v3
2026-04-24,002342,巨力索具,9,不推送,22.0,55,-4.04,-3.36,0.1,-57.74,25.93,-0.84,5.51,3.34,9.96,7.35,1.26,8.08,25.93,人气Top10；温和放量；站上20日线且不过热；持续霸榜；人气排名明显上升,收盘承接偏弱；近5日趋势未确认；热度可能进入后段；上影线偏长；v3尾盘版回避高位长连榜；v3尾盘承接一般,v3
2026-04-15,300058,蓝色光标,41,不推送,16.0,62,2.56,4.69,7.91,-19.48,25.93,18.87,17.1,15.91,14.18,5.84,25.93,25.93,25.93,人气Top50；温和放量；站上20日线且不过热；连续上榜确认,当日转弱；收盘承接偏弱,v3
2026-06-29,002407,多氟多,9,观察池,75.17,13,9.05,10.01,10.01,-30.09,25.93,20.06,0.44,10.1,-7.89,-18.99,25.93,25.93,25.93,人气Top10；当日涨停附近；收在日内高位；近5日趋势升温；站上20日线且不过热；持续霸榜；人气排名明显上升；震荡市里保持相对强势；震荡市里承接未失控,量能不足；热度可能进入后段；一字或近似一字，参与点差；v3尾盘版回避高位长连榜；一字板不可买,v3
2026-04-10,000977,浪潮信息,27,不推送,46.0,65,-2.28,1.19,3.93,25.93,25.93,1.99,1.02,4.37,3.38,10.83,3.93,3.93,11.97,人气Top50；当日上涨；放量仍可控；近5日趋势升温；站上20日线且不过热；v3热点早段优先,v3尾盘承接一般,v3
2026-06-18,601138,工业富联,20,不推送,0.0,19,23.82,25.09,25.93,-0.06,25.93,21.76,11.35,-1.66,-10.07,2.63,25.93,25.93,25.93,人气Top20；持续霸榜；人气排名明显上升,当日转弱；近5日趋势未确认；仍在20日线下方；热度可能进入后段；强势市里个股相对走弱；v3尾盘版回避高位长连榜,v3
2026-04-27,600707,彩虹股份,31,强推观察,94.0,54,0.34,-2.48,1.8,12.39,25.9,-8.9,1.8,-9.2,1.46,21.28,2.48,2.48,25.9,人气Top50；当日涨停附近；收在日内高位；温和放量；站上20日线且不过热；人气排名明显上升；v3尾盘涨停延续；v3尾盘缩量强承接,-,v3
2026-05-20,000811,冰轮环境,100,不推送,19.73,40,0.19,-6.0,2.76,25.9,25.9,-7.85,-9.83,-8.02,-10.0,-15.19,2.76,2.76,2.76,温和放量；近5日趋势升温；连续上榜确认；震荡市里保持相对强势,当日转弱；偏离20日线较大；人气排名明显回落；后段人气股在偏弱环境里更谨慎,v3
2026-04-24,688041,海光信息,98,不推送,40.0,55,5.26,3.95,7.02,12.42,25.89,-2.19,20.85,-7.08,14.8,22.12,7.02,24.74,25.89,当日强涨；放量仍可控；近5日趋势升温；站上20日线且不过热,v3尾盘半板但封单不强,v3
2026-06-24,600367,红星发展,62,不推送,0.0,16,1.37,3.72,4.5,-32.15,25.88,12.0,24.9,10.49,23.21,-16.48,20.75,25.88,25.88,温和放量；站上20日线且不过热；连续上榜确认,当日转弱；收盘承接偏弱；近5日趋势未确认；人气排名明显回落；强势市里个股相对走弱,v3
2026-06-02,002428,云南锗业,60,不推送,40.6,31,1.42,3.08,7.51,-3.39,25.87,-0.96,-1.92,-2.35,-3.3,17.23,7.51,7.51,25.87,当日上涨；收盘承接较强；温和放量；连续上榜确认；市场强势且个股相对强势,人气排名明显回落,v3
2026-04-20,600487,亨通光电,6,重点观察,88.0,59,-2.28,-1.79,-0.8,6.5,25.85,14.17,17.23,16.84,19.97,24.75,15.45,22.34,25.85,人气Top10；当日强涨；收在日内高位；温和放量；近5日趋势升温；站上20日线且不过热；持续霸榜,热度可能进入后段；v3尾盘版回避高位长连榜,v3
2026-06-09,002585,双星新材,52,观察池,76.6,26,5.82,10.0,10.0,-27.87,25.82,-5.08,14.84,-10.3,8.52,14.75,10.49,14.84,25.82,当日涨停附近；收在日内高位；近5日趋势升温；站上20日线且不过热；人气排名明显上升；市场强势且个股相对强势；v3尾盘缩量强承接,涨停封板不可买,v3
2026-04-20,002008,大族激光,71,不推送,24.0,59,0.25,3.83,7.2,21.22,25.82,15.95,17.15,15.66,16.86,25.82,15.95,19.76,25.82,温和放量；近5日趋势升温；站上20日线且不过热,上影线偏长；v3尾盘承接一般,v3
2026-05-22,002008,大族激光,71,不推送,0.0,38,25.18,21.28,25.8,-7.82,25.8,11.97,12.43,-10.55,-10.18,9.04,25.8,25.8,25.8,温和放量；连续上榜确认,当日转弱；收盘承接偏弱；近5日趋势未确认；强势市里个股相对走弱；市场健康度不足，收缩推送,v3
2026-05-18,301308,江波龙,99,不推送,0.0,42,22.35,20.74,22.8,-0.31,25.8,15.7,21.4,-5.44,-0.78,8.56,25.59,25.59,25.8,站上20日线且不过热,当日转弱；收盘承接偏弱；近5日趋势未确认；人气排名明显回落；震荡市里相对走弱；后段人气股在偏弱环境里更谨慎；市场健康度不足，收缩推送,v3
2026-07-06,600206,有研新材,29,不推送,0.0,8,1.16,9.76,9.76,-14.14,25.75,16.43,5.88,15.1,4.67,,17.55,25.75,,人气Top50；站上20日线且不过热；持续霸榜,当日转弱；收盘承接偏弱；近5日趋势未确认；热度可能进入后段；震荡市里相对走弱；市场健康度不足，收缩推送；市场健康度偏弱；v3尾盘版回避高位长连榜,v3
2026-06-22,300394,天孚通信,94,不推送,0.0,18,18.51,13.04,18.51,-11.28,25.74,24.27,7.26,4.86,-9.5,-13.87,25.74,25.74,25.74,温和放量,收盘承接偏弱；近5日趋势未确认；仍在20日线下方；上影线偏长；强势市里个股相对走弱,v3
2026-06-10,600378,昊华科技,7,观察池,101.3,25,9.33,9.33,9.33,-16.18,25.74,-3.12,9.85,-11.39,0.47,17.77,9.33,9.85,25.74,人气Top10；当日涨停附近；收在日内高位；近5日强势延续；连续上榜确认；人气排名明显上升；弱市中个股相对抗跌；v3尾盘涨停延续；v3尾盘缩量强承接,短线涨幅偏高；偏离20日线较大；涨停封板不可买,v3
2026-06-18,002491,通鼎互联,32,观察池,69.6,19,8.55,7.66,10.01,-39.84,25.74,17.32,14.47,8.08,5.46,-19.35,17.32,25.74,25.74,人气Top50；当日涨停附近；收在日内高位；近5日强势延续；站上20日线且不过热；连续上榜确认；市场强势且个股相对强势；v2低分涨停修正,量能不足；短线涨幅偏高；涨停封板不可买,v3
2026-06-15,300394,天孚通信,66,不推送,0.0,22,13.22,18.0,20.51,-11.28,25.74,22.32,13.04,8.04,-0.16,9.99,23.73,23.73,25.74,温和放量；人气排名明显上升,收盘承接偏弱；近5日趋势未确认；仍在20日线下方；上影线偏长；强势市里个股相对走弱,v3
2026-05-22,600176,中国巨石,56,不推送,70.6,38,2.19,3.37,3.58,25.72,25.72,4.16,10.94,1.93,8.56,-2.61,12.67,15.89,15.89,当日上涨；收盘承接较强；温和放量；近5日趋势升温；站上20日线且不过热；人气排名明显上升；市场强势且个股相对强势；v3尾盘缩量强承接,-,v3
2026-05-12,002149,西部材料,23,不推送,0.0,46,20.5,22.06,25.71,-41.02,25.71,12.39,11.12,-6.73,-7.78,3.57,25.71,25.71,25.71,人气Top50；站上20日线且不过热；持续霸榜；人气排名明显上升,当日转弱；收盘承接偏弱；近5日趋势未确认；热度可能进入后段；强势市里个股相对走弱；v3尾盘版回避高位长连榜,v3
2026-06-22,603993,洛阳钼业,17,不推送,0.0,18,25.65,13.38,25.71,5.88,25.71,5.12,4.71,-16.34,-16.67,6.52,25.71,25.71,25.71,人气Top20；持续霸榜；人气排名明显上升,当日转弱；近5日趋势未确认；仍在20日线下方；热度可能进入后段；强势市里个股相对走弱；v3尾盘版回避高位长连榜,v3
2026-04-28,600105,永鼎股份,62,不推送,10.0,53,-0.54,-3.41,0.45,-0.71,25.71,-2.61,11.33,-2.08,11.93,14.8,0.45,12.55,25.71,温和放量；近5日趋势升温；站上20日线且不过热；持续霸榜,当日转弱；收盘承接偏弱；热度可能进入后段；v3尾盘版回避高位长连榜,v3
2026-06-05,000070,特发信息,62,不推送,3.08,28,-1.16,1.76,7.44,-18.52,25.69,0.39,-5.73,1.56,-4.63,25.69,9.32,9.32,25.69,当日上涨；温和放量,人气排名明显回落；弱市先收缩执行；后段人气股在偏弱环境里更谨慎；v3尾盘承接一般,v3
2026-05-06,603629,利通电子,7,重点观察,80.0,51,3.84,10.0,10.0,-30.14,25.68,16.05,8.73,11.76,4.71,20.7,20.2,20.2,25.68,人气Top10；当日涨停附近；收在日内高位；温和放量；近5日趋势升温；持续霸榜；v2低分涨停修正,远离20日线过多；热度可能进入后段；v3尾盘版回避高位长连榜,v3
2026-04-30,603629,利通电子,3,重点观察,86.0,51,3.84,10.0,10.0,-30.14,25.68,16.05,8.73,11.76,4.71,20.7,20.2,20.2,25.68,人气Top3；当日涨停附近；收在日内高位；温和放量；近5日趋势升温；持续霸榜；v2低分涨停修正,远离20日线过多；热度可能进入后段；v3尾盘版回避高位长连榜,v3
2026-05-29,002384,东山精密,59,不推送,0.0,33,-2.19,-10.36,-0.89,25.67,25.67,4.72,3.51,7.06,5.83,1.71,8.47,14.4,14.4,温和放量；站上20日线且不过热；持续霸榜,当日转弱；收盘承接偏弱；近5日趋势未确认；热度可能进入后段；弱市先收缩执行；后段人气股在偏弱环境里更谨慎；弱市里的长连榜样本优先降权；市场健康度不足，收缩推送；市场健康度偏弱；v3尾盘版回避高位长连榜,v3
2026-04-24,601016,节能风电,39,不推送,34.0,55,-2.23,3.79,6.03,-26.34,25.67,1.79,4.69,4.11,7.08,25.67,8.26,8.26,25.67,人气Top50；放量仍可控；近5日趋势升温；站上20日线且不过热；连续上榜确认；v3热点早段优先,收盘承接偏弱；人气排名明显回落,v3
2026-06-23,603938,三孚股份,76,观察池,82.58,17,1.66,10.0,10.0,-30.27,25.64,16.42,10.03,14.52,8.23,-11.12,17.71,25.64,25.64,当日涨停附近；收在日内高位；温和放量；近5日趋势升温；站上20日线且不过热；人气排名明显上升；弱市中个股相对抗跌；v2低分涨停修正,后段人气股在偏弱环境里更谨慎；涨停封板不可买,v3
2026-06-16,600105,永鼎股份,7,观察池,112.6,21,0.63,7.15,9.87,-24.37,25.63,8.19,16.75,7.51,16.02,6.08,11.01,16.75,25.63,人气Top10；当日涨停附近；收在日内高位；温和放量；站上20日线且不过热；连续上榜确认；人气排名明显上升；市场强势且个股相对强势；v3尾盘涨停延续,涨停封板不可买,v3
2026-04-24,300308,中际旭创,22,不推送,18.0,55,1.36,-3.38,1.47,25.62,25.62,-4.63,-3.38,-5.9,-4.68,18.42,1.47,1.47,18.76,人气Top50；温和放量；站上20日线且不过热；持续霸榜,当日转弱；热度可能进入后段；v3尾盘版回避高位长连榜,v3
2026-06-15,600487,亨通光电,3,不推送,66.0,22,-1.5,7.84,9.01,-34.78,25.61,11.37,17.71,13.07,19.5,9.97,17.06,25.61,25.61,人气Top3；收在日内高位；温和放量；站上20日线且不过热；持续霸榜,热度可能进入后段；v3尾盘版回避高位长连榜,v3
2026-04-29,601868,中国能建,90,不推送,16.0,52,-0.7,-0.7,-0.35,-11.58,25.61,9.47,14.04,10.25,14.84,10.53,9.47,19.65,25.61,收盘承接较强；v3尾盘缩量强承接,近5日趋势未确认,v3
2026-06-17,002185,华天科技,11,普通观察,74.6,20,1.58,3.21,4.95,9.47,25.58,2.84,17.89,1.24,16.06,6.68,9.89,19.21,25.58,人气Top20；当日上涨；收盘承接较强；温和放量；近5日趋势升温；站上20日线且不过热；持续霸榜；人气排名明显上升；市场强势且个股相对强势,热度可能进入后段；v3尾盘版回避高位长连榜,v3
2026-04-17,002491,通鼎互联,39,不推送,12.0,60,7.73,9.98,9.98,25.58,25.58,13.81,3.44,5.64,-3.99,12.82,15.66,20.29,20.29,人气Top50；温和放量；站上20日线且不过热；连续上榜确认,当日转弱；收盘承接偏弱；人气排名明显回落,v3
2026-06-30,300503,昊志机电,61,观察池,80.6,12,5.49,9.95,10.51,-14.4,25.55,20.26,6.7,14.0,1.14,-8.03,23.04,25.55,25.55,当日涨停附近；收在日内高位；放量仍可控；近5日趋势升温；站上20日线且不过热；人气排名明显上升；市场强势且个股相对强势；v2低分涨停修正,涨停封板不可买,v3
2026-04-22,300308,中际旭创,24,不推送,54.0,57,0.27,1.06,3.65,25.53,25.53,-3.45,-4.69,-3.71,-4.95,6.04,3.65,3.65,6.79,人气Top50；收盘承接较强；温和放量；近5日趋势升温；站上20日线且不过热；持续霸榜；人气排名明显上升,热度可能进入后段；v3尾盘版回避高位长连榜,v3
2026-05-13,600488,津药药业,48,不推送,20.6,45,11.89,23.45,25.52,2.22,25.52,0.0,-6.34,-10.62,-16.29,-18.38,25.52,25.52,25.52,人气Top50；近5日趋势升温；站上20日线且不过热；连续上榜确认；人气排名明显上升；市场强势且个股相对强势；v3热点早段优先,当日转弱；收盘承接偏弱；量能不足,v3
2026-05-12,600488,津药药业,78,不推送,0.0,46,16.96,14.1,25.04,2.22,25.52,11.09,-4.91,-5.01,-18.7,-20.13,25.52,25.52,25.52,近5日趋势升温；站上20日线且不过热；市场强势且个股相对强势,当日转弱；收盘承接偏弱；量能不足,v3
2026-05-29,601869,长飞光纤,23,不推送,26.8,33,1.42,-5.78,1.42,1.87,25.51,12.83,11.99,11.25,10.42,10.68,14.0,23.51,25.51,人气Top50；当日上涨；放量仍可控；站上20日线且不过热；人气排名明显上升,弱市先收缩执行,v3
2026-06-26,002185,华天科技,6,不推送,22.5,14,9.28,5.38,12.98,0.0,25.48,5.1,-6.2,-3.83,-14.17,21.68,13.65,13.65,25.48,人气Top10；温和放量；近5日趋势升温；站上20日线且不过热；持续霸榜,当日转弱；收盘承接偏弱；热度可能进入后段；弱市先收缩执行；弱市里的长连榜样本优先降权；v3尾盘版回避高位长连榜,v3
2026-04-10,300058,蓝色光标,89,不推送,12.0,65,-2.0,0.3,2.91,-19.77,25.47,-0.36,9.16,1.67,11.39,5.52,6.0,10.49,25.47,温和放量；近5日趋势升温；站上20日线且不过热,当日转弱；收盘承接偏弱,v3
2026-04-10,600522,中天科技,51,不推送,0.0,65,-1.31,-4.3,-0.57,25.47,25.47,-6.71,-5.57,-5.47,-4.32,11.44,-0.57,-0.57,17.58,温和放量；站上20日线且不过热,当日转弱；收盘承接偏弱,v3
2026-06-02,600160,巨化股份,72,不推送,58.6,31,-1.25,0.39,3.55,4.5,25.46,1.65,-2.4,2.94,-1.16,22.06,4.08,6.01,25.46,当日上涨；收盘承接较强；放量仍可控；近5日趋势升温；站上20日线且不过热；连续上榜确认；市场强势且个股相对强势,-,v3
2026-04-27,603601,再升科技,73,不推送,24.0,54,-1.94,2.14,6.76,-40.23,25.44,6.02,15.86,8.12,18.16,10.84,8.1,16.67,25.44,当日上涨；收盘承接较强；站上20日线且不过热；持续霸榜；人气排名明显上升,近5日趋势未确认；热度可能进入后段；v3尾盘版回避高位长连榜,v3
2026-06-01,300136,信维通信,68,不推送,0.0,32,4.83,4.7,7.0,-10.01,25.43,11.57,18.0,6.43,12.57,11.22,13.62,25.43,25.43,连续上榜确认,当日转弱；收盘承接偏弱；近5日趋势未确认；仍在20日线下方；人气排名明显回落；弱市先收缩执行；后段人气股在偏弱环境里更谨慎；市场健康度不足，收缩推送；市场健康度偏弱,v3
2026-06-02,002407,多氟多,69,不推送,0.0,31,-0.24,0.54,2.15,-3.54,25.42,0.33,2.57,0.58,2.82,18.86,3.2,5.14,25.42,持续霸榜,当日转弱；收盘承接偏弱；近5日趋势未确认；仍在20日线下方；热度可能进入后段；人气排名明显回落；强势市里个股相对走弱；市场健康度不足，收缩推送；v3尾盘版回避高位长连榜,v3
2026-06-01,600396,华电辽能,7,不推送,22.5,32,0.71,5.61,8.22,-34.4,25.42,19.6,5.06,18.76,4.32,-2.94,20.3,25.42,25.42,人气Top10；温和放量；近5日趋势升温；站上20日线且不过热；持续霸榜,当日转弱；收盘承接偏弱；热度可能进入后段；弱市先收缩执行；弱市里的长连榜样本优先降权；v3尾盘版回避高位长连榜,v3
2026-06-11,300666,江丰电子,19,观察池,85.3,24,15.32,-6.27,15.9,-17.92,25.39,2.47,6.43,-11.15,-7.71,21.33,15.9,15.9,25.39,人气Top20；当日涨停附近；收在日内高位；温和放量；近5日强势延续；连续上榜确认；人气排名明显上升；弱市中个股相对抗跌,短线涨幅偏高；偏离20日线较大；涨停封板不可买,v3
2026-06-09,300398,飞凯材料,83,观察池,76.6,24,-4.21,1.24,3.69,0.68,25.35,-9.21,2.06,-5.22,6.55,23.81,3.69,3.69,25.35,当日涨停附近；收盘承接较强；温和放量；近5日趋势升温；站上20日线且不过热；市场强势且个股相对强势；v2低分涨停修正,涨停封板不可买,v3
2026-05-15,002281,光迅科技,34,不推送,23.45,43,-1.0,6.56,9.07,6.87,25.3,20.02,9.6,21.23,10.7,3.54,25.3,25.3,25.3,人气Top50；温和放量；近5日趋势升温；持续霸榜；震荡市里保持相对强势,当日转弱；偏离20日线较大；热度可能进入后段；v3尾盘版回避高位长连榜,v3
2026-04-24,600338,西藏珠峰,95,不推送,54.0,55,1.02,10.01,10.01,-45.77,25.3,22.33,17.32,21.1,16.14,1.46,22.33,25.3,25.3,当日涨停附近；收在日内高位；放量仍可控；站上20日线且不过热,-,v3
2026-04-10,000889,中嘉博创,43,不推送,47.0,65,-1.61,-9.89,0.0,-23.22,25.29,8.97,21.61,10.75,23.6,10.11,8.97,25.06,25.29,人气Top50；当日涨停附近；收在日内高位；近5日强势延续；站上20日线且不过热；v2低分涨停修正,放量过猛；短线涨幅偏高；v3尾盘版回避放量过猛,v3
2026-04-27,603178,圣龙股份,57,不推送,8.0,54,-0.98,5.23,8.33,-9.54,25.29,11.84,16.26,12.94,17.41,19.54,11.84,20.57,25.29,站上20日线且不过热；人气排名明显上升,近5日趋势未确认,v3
2026-06-15,605358,立昂微,94,观察池,40.6,22,8.99,6.87,12.14,-23.35,25.28,9.85,4.05,0.79,-4.53,21.69,15.71,15.71,25.28,当日涨停附近；收在日内高位；站上20日线且不过热；持续霸榜；市场强势且个股相对强势,近5日趋势未确认；热度可能进入后段；人气排名明显回落；v3尾盘版回避高位长连榜；涨停封板不可买,v3
2026-05-29,000636,风华高科,12,不推送,47.0,33,-7.77,3.68,9.74,-2.45,25.28,14.04,12.36,23.65,21.83,11.36,16.17,21.68,25.28,人气Top20；当日强涨；收盘承接较强；温和放量；近5日强势延续；持续霸榜；弱市中个股相对抗跌,短线涨幅偏高；远离20日线过多；热度可能进入后段；弱市里的长连榜样本优先降权；v3尾盘版回避高位长连榜,v3
2026-06-26,002119,康强电子,23,不推送,0.0,14,13.66,8.75,18.31,-21.31,25.26,20.47,16.99,5.98,2.93,-3.42,24.63,25.26,25.26,人气Top50；站上20日线且不过热；人气排名明显上升,当日转弱；收盘承接偏弱；近5日趋势未确认；弱市先收缩执行；市场健康度不足，收缩推送；市场健康度偏弱,v3
2026-05-13,601899,紫金矿业,100,不推送,0.0,45,24.29,20.79,25.26,5.41,25.26,11.42,8.14,-10.35,-12.99,12.58,25.26,25.26,25.26,持续霸榜,近5日趋势未确认；仍在20日线下方；热度可能进入后段；人气排名明显回落；强势市里个股相对走弱；v3尾盘版回避高位长连榜；v3尾盘承接一般,v3
2026-05-28,601991,大唐发电,3,不推送,62.6,34,-0.51,8.96,10.98,-28.16,25.25,15.91,11.24,16.5,11.8,0.88,16.04,25.25,25.25,人气Top3；温和放量；近5日趋势升温；站上20日线且不过热；持续霸榜；市场强势且个股相对强势,热度可能进入后段；v3尾盘版回避高位长连榜；v3尾盘承接一般,v3
2026-07-07,603618,杭电股份,16,不推送,0.0,7,23.07,15.18,25.24,-5.49,25.24,11.11,6.31,-9.72,-13.62,,25.24,25.24,,人气Top20；温和放量；连续上榜确认,当日转弱；收盘承接偏弱；近5日趋势未确认；仍在20日线下方；弱市先收缩执行；市场健康度不足，收缩推送；市场健康度偏弱,v3
2026-06-16,600522,中天科技,2,不推送,68.6,21,-3.29,0.89,3.49,-30.98,25.24,9.6,13.81,13.32,17.68,1.83,12.46,18.85,25.24,人气Top3；当日上涨；收盘承接较强；温和放量；站上20日线且不过热；持续霸榜；市场强势且个股相对强势,近5日趋势未确认；热度可能进入后段；v3尾盘版回避高位长连榜,v3
2026-05-19,000021,深科技,16,不推送,69.45,41,2.09,0.67,6.39,15.94,25.23,0.35,13.78,-1.7,11.45,-1.12,6.39,20.14,25.23,人气Top20；放量仍可控；近5日趋势升温；站上20日线且不过热；连续上榜确认；人气排名明显上升；震荡市里保持相对强势；v2连榜升温修正；v3热点早段优先,v3尾盘承接一般,v3
2026-06-26,000066,中国长城,33,不推送,0.0,14,14.0,16.57,18.78,0.31,25.23,12.28,5.03,-1.51,-7.86,19.4,21.55,21.55,25.23,人气Top50；持续霸榜；人气排名明显上升,当日转弱；收盘承接偏弱；近5日趋势未确认；仍在20日线下方；热度可能进入后段；弱市先收缩执行；弱市里的长连榜样本优先降权；v3尾盘版回避高位长连榜,v3
2026-06-18,300285,国瓷材料,15,观察池,85.6,19,3.15,9.69,12.02,-29.79,25.2,1.73,14.03,-1.38,10.55,0.63,12.02,17.56,25.2,人气Top20；当日涨停附近；收盘承接较强；温和放量；近5日强势延续；人气排名明显上升；市场强势且个股相对强势；v3尾盘涨停延续；v3尾盘缩量强承接,短线涨幅偏高；远离20日线过多；涨停封板不可买,v3
2026-06-10,605006,山东玻纤,22,观察池,124.3,25,1.99,5.65,7.07,-29.57,25.2,3.46,23.4,1.44,20.99,12.53,8.92,25.2,25.2,人气Top50；当日涨停附近；收在日内高位；温和放量；近5日趋势升温；站上20日线且不过热；连续上榜确认；人气排名明显上升；弱市中个股相对抗跌；v2强势延续修正；v2连榜升温修正；v2低分涨停修正；v3热点早段优先,涨停封板不可买,v3
2026-04-27,600460,士兰微,47,不推送,60.0,54,-0.1,-1.69,1.31,25.2,25.2,-0.1,2.49,0.0,2.6,8.47,1.31,4.04,12.1,人气Top50；当日上涨；收盘承接较强；放量仍可控；近5日趋势升温；站上20日线且不过热；v3热点早段优先,-,v3
2026-06-29,600172,黄河旋风,40,不推送,0.0,13,0.69,5.73,6.61,-18.94,25.17,13.47,16.74,12.69,15.94,-3.71,13.47,16.74,25.17,人气Top50；站上20日线且不过热；持续霸榜；震荡市里保持相对强势,当日转弱；收盘承接偏弱；热度可能进入后段；v3尾盘版回避高位长连榜,v3
2026-04-14,001896,豫能控股,48,不推送,46.0,63,0.0,10.03,10.03,-10.36,25.17,13.41,13.55,13.41,13.55,4.45,20.12,25.17,25.17,人气Top50；当日上涨；温和放量；近5日趋势升温；站上20日线且不过热；连续上榜确认；v3热点早段优先,收盘承接偏弱；上影线偏长,v3
2026-04-10,002418,康盛股份,20,强推观察,116.0,65,3.51,10.02,10.02,-39.72,25.13,-3.34,8.79,-6.62,5.09,8.08,10.54,10.54,25.13,人气Top20；当日涨停附近；收在日内高位；温和放量；近5日趋势升温；站上20日线且不过热；首次上榜即强势；v2强势延续修正；v2低分涨停修正；v3热点早段优先,-,v3
2026-06-24,002167,东方锆业,23,观察池,47.6,16,-0.19,6.1,7.46,-19.38,25.12,-6.52,13.14,-6.35,13.35,-6.34,7.46,13.14,25.12,人气Top50；当日涨停附近；收在日内高位；近5日强势延续；连续上榜确认；人气排名明显上升；市场强势且个股相对强势,放量过猛；短线涨幅偏高；偏离20日线较大；v3尾盘版回避放量过猛；涨停封板不可买,v3
2026-06-16,603738,泰晶科技,74,不推送,24.6,21,-1.26,6.37,9.96,-31.81,25.11,11.31,10.79,12.74,12.21,19.18,16.65,19.07,25.11,温和放量；近5日趋势升温；站上20日线且不过热；连续上榜确认；市场强势且个股相对强势,当日转弱；收盘承接偏弱,v3
2026-04-13,300058,蓝色光标,69,不推送,42.0,64,2.36,4.41,5.68,-20.01,25.09,3.99,18.08,1.59,15.36,4.41,7.19,25.09,25.09,温和放量；近5日趋势升温；站上20日线且不过热；连续上榜确认；人气排名明显上升,v3尾盘承接一般,v3
2026-06-11,603993,洛阳钼业,72,不推送,30.57,24,5.64,9.95,9.95,4.72,25.09,15.25,15.3,9.1,9.15,-0.81,20.83,21.63,25.09,当日上涨；收盘承接较强；温和放量；弱市中个股相对抗跌；v3尾盘缩量强承接,近5日趋势未确认；仍在20日线下方；后段人气股在偏弱环境里更谨慎,v3
2026-05-27,002585,双星新材,90,不推送,16.73,35,-2.89,5.96,9.79,-17.99,25.07,-1.49,0.0,1.44,2.98,25.07,9.79,9.79,25.07,放量仍可控；近5日强势延续；站上20日线且不过热；连续上榜确认；震荡市里保持相对强势,当日转弱；短线涨幅偏高；人气排名明显回落；后段人气股在偏弱环境里更谨慎,v3
2026-06-10,603938,三孚股份,57,观察池,67.58,25,4.78,-1.68,8.0,-24.29,25.04,-8.7,-7.57,-12.87,-11.79,16.17,8.0,8.0,25.04,当日涨停附近；收在日内高位；近5日强势延续；站上20日线且不过热；弱市中个股相对抗跌；v2低分涨停修正；v3尾盘缩量强承接,短线涨幅偏高；后段人气股在偏弱环境里更谨慎；涨停封板不可买,v3
2026-07-02,002156,通富微电,65,不推送,0.0,10,-0.12,-4.35,0.35,12.1,25.02,0.68,6.52,0.8,6.65,12.1,3.03,6.52,25.02,持续霸榜,当日转弱；收盘承接偏弱；近5日趋势未确认；热度可能进入后段；人气排名明显回落；弱市先收缩执行；后段人气股在偏弱环境里更谨慎；弱市里的长连榜样本优先降权；市场健康度不足，收缩推送；市场健康度偏弱；v3尾盘版回避高位长连榜,v3
2026-05-25,002081,金螳螂,92,不推送,0.0,37,-3.77,-7.36,-2.91,-35.1,25.0,-6.34,13.87,-2.67,18.33,-7.02,-2.91,13.87,25.0,持续霸榜,当日转弱；收盘承接偏弱；近5日趋势未确认；仍在20日线下方；热度可能进入后段；强势市里个股相对走弱；v3尾盘版回避高位长连榜,v3
2026-07-02,603928,兴业股份,60,观察池,53.58,10,-5.24,-7.2,0.19,-22.1,25.0,-6.12,13.64,-0.93,19.92,-22.1,2.08,13.64,25.0,当日涨停附近；收在日内高位；放量仍可控；近5日强势延续；人气排名明显上升；弱市中个股相对抗跌,短线涨幅偏高；偏离20日线较大；后段人气股在偏弱环境里更谨慎；涨停封板不可买,v3
2026-05-28,300179,四方达,45,观察池,62.6,34,12.66,4.22,15.12,-8.51,24.99,9.92,18.43,-2.43,5.12,-4.24,15.12,20.59,24.99,人气Top50；当日涨停附近；收在日内高位；市场强势且个股相对强势；v3尾盘涨停延续；v3尾盘缩量强承接,短线涨幅过热；偏离20日线较大；涨停封板不可买,v3
2026-06-22,600552,凯盛科技,91,不推送,0.0,18,-1.63,-4.97,0.82,-34.62,24.94,-0.15,16.81,1.51,18.75,-12.62,8.5,20.82,24.94,温和放量；近5日强势延续；市场强势且个股相对强势,当日转弱；收盘承接偏弱；短线涨幅偏高；偏离20日线较大,v3
2026-06-26,600552,凯盛科技,37,不推送,28.8,14,14.99,16.81,20.82,-34.62,24.94,10.02,-5.79,-4.32,-18.07,-17.88,24.94,24.94,24.94,人气Top50；温和放量；近5日趋势升温；站上20日线且不过热；连续上榜确认；人气排名明显上升；v3热点早段优先,当日转弱；收盘承接偏弱；弱市先收缩执行,v3
2026-04-14,002342,巨力索具,22,普通观察,75.0,63,-0.7,6.65,9.1,-53.06,24.9,11.14,24.9,11.92,25.78,7.7,14.75,24.9,24.9,人气Top50；当日上涨；收在日内高位；温和放量；近5日强势延续；站上20日线且不过热；连续上榜确认；v2连榜升温修正,短线涨幅偏高,v3
2026-06-10,002119,康强电子,72,观察池,78.58,25,2.26,10.01,10.01,-7.4,24.89,19.04,16.96,16.41,14.38,18.65,21.02,21.02,24.89,当日涨停附近；收在日内高位；温和放量；近5日趋势升温；站上20日线且不过热；弱市中个股相对抗跌；v2低分涨停修正,后段人气股在偏弱环境里更谨慎；涨停封板不可买,v3
2026-04-28,600111,北方稀土,29,不推送,0.0,53,2.55,10.0,10.0,-16.08,24.85,19.58,17.92,16.61,14.99,15.82,19.65,21.65,24.85,人气Top50；人气排名明显上升,当日转弱；收盘承接偏弱；近5日趋势未确认；仍在20日线下方,v3
2026-04-16,002709,天赐材料,98,不推送,28.0,61,-0.33,-0.76,3.07,-25.07,24.85,7.43,0.51,7.78,0.84,23.84,9.13,9.91,24.85,温和放量；近5日趋势升温；站上20日线且不过热；持续霸榜,热度可能进入后段；人气排名明显回落；v3尾盘版回避高位长连榜,v3
2026-05-08,000858,五粮液,50,不推送,10.55,48,24.5,24.2,24.85,-0.03,24.85,20.6,17.52,-3.13,-5.61,13.68,24.85,24.85,24.85,人气Top50；温和放量；连续上榜确认,近5日趋势未确认；仍在20日线下方；人气排名明显回落；强势市里个股相对走弱,v3
2026-05-21,603127,昭衍新药,53,观察池,78.58,39,-0.7,-3.33,0.54,24.85,24.85,-12.4,-14.79,-11.78,-14.19,-21.92,0.54,0.54,0.54,当日涨停附近；收在日内高位；温和放量；近5日趋势升温；站上20日线且不过热；弱市中个股相对抗跌；v2低分涨停修正,后段人气股在偏弱环境里更谨慎；涨停封板不可买,v3
2026-06-11,002463,沪电股份,34,不推送,0.0,24,5.13,-0.02,7.48,9.18,24.83,12.31,18.1,6.82,12.33,17.61,15.51,19.7,24.83,人气Top50；站上20日线且不过热；持续霸榜,当日转弱；收盘承接偏弱；近5日趋势未确认；热度可能进入后段；人气排名明显回落；弱市先收缩执行；弱市里的长连榜样本优先降权；市场健康度不足，收缩推送；市场健康度偏弱；v3尾盘版回避高位长连榜,v3
2026-06-05,002484,江海股份,97,不推送,0.0,28,-1.48,-6.8,-0.8,-9.25,24.83,-2.36,-9.44,-0.89,-8.08,17.03,3.43,3.43,24.83,温和放量；近5日趋势升温；连续上榜确认,当日转弱；收盘承接偏弱；偏离20日线较大；人气排名明显回落；弱市先收缩执行；后段人气股在偏弱环境里更谨慎,v3
2026-04-24,600736,苏州高新,13,不推送,1.0,55,-4.24,-10.0,-3.65,-21.53,24.82,-1.18,3.18,3.19,7.74,8.82,1.06,5.53,24.82,人气Top20；近5日强势延续；连续上榜确认；人气排名明显上升,收盘承接偏弱；放量过猛；短线涨幅偏高；偏离20日线较大；v3尾盘版回避放量过猛,v3
2026-04-27,603538,美诺华,19,不推送,30.0,54,-0.71,6.6,9.04,-32.0,24.8,10.74,9.31,11.54,10.09,-6.68,15.78,24.8,24.8,人气Top20；温和放量；近5日趋势升温；站上20日线且不过热；持续霸榜；人气排名明显上升,当日转弱；收盘承接偏弱；热度可能进入后段；v3尾盘版回避高位长连榜,v3
2026-06-16,002436,兴森科技,56,观察池,90.6,21,2.06,8.39,10.0,-14.2,24.72,20.86,13.9,18.42,11.6,7.66,24.72,24.72,24.72,当日涨停附近；收在日内高位；温和放量；近5日趋势升温；站上20日线且不过热；连续上榜确认；市场强势且个股相对强势；v2低分涨停修正,涨停封板不可买,v3
2026-05-08,002407,多氟多,22,不推送,16.55,48,-1.22,0.28,2.67,-9.29,24.72,-3.24,3.1,-2.04,4.37,21.34,2.67,3.1,24.72,人气Top50；温和放量；站上20日线且不过热；连续上榜确认；人气排名明显上升,当日转弱；收盘承接偏弱；强势市里个股相对走弱,v3
2026-04-14,000967,盈峰环境,65,普通观察,65.0,63,4.19,1.63,5.05,-31.22,24.72,19.76,15.06,14.94,10.43,21.3,22.33,24.72,24.72,当日涨停附近；收在日内高位；放量仍可控；近5日强势延续；站上20日线且不过热；v2低分涨停修正,短线涨幅偏高,v3
2026-04-22,002709,天赐材料,92,不推送,16.0,57,-0.6,-5.74,-0.04,-29.73,24.72,5.49,13.86,6.12,14.54,14.32,5.76,13.86,24.72,温和放量；近5日趋势升温；站上20日线且不过热；连续上榜确认,当日转弱；收盘承接偏弱；人气排名明显回落,v3
2026-04-15,002149,西部材料,32,不推送,48.0,62,-1.14,-0.02,1.55,-32.49,24.72,12.36,19.48,13.65,20.85,7.62,12.36,22.16,24.72,人气Top50；当日强涨；近5日趋势升温；站上20日线且不过热；连续上榜确认；v3热点早段优先,v3尾盘版回避放量过猛；v3尾盘半板但封单不强,v3
2026-06-18,000100,TCL科技,54,不推送,34.6,19,1.59,-0.6,2.99,-0.8,24.7,-3.39,7.57,-4.9,5.88,12.55,2.99,12.95,24.7,温和放量；近5日趋势升温；站上20日线且不过热；连续上榜确认；市场强势且个股相对强势；v2热点回踩观察,当日转弱；收盘承接偏弱；人气排名明显回落,v3
2026-05-19,000811,冰轮环境,54,不推送,66.45,41,-3.42,-2.15,1.09,24.7,24.7,-8.86,-14.91,-5.63,-11.9,-17.99,1.78,1.78,1.78,当日强涨；收在日内高位；温和放量；近5日强势延续；人气排名明显上升；震荡市里保持相对强势；震荡市里承接未失控；v3尾盘缩量强承接,短线涨幅偏高；偏离20日线较大；后段人气股在偏弱环境里更谨慎,v3
2026-04-13,002051,中工国际,71,不推送,8.0,64,2.74,9.96,9.96,-14.02,24.7,17.78,21.65,14.64,18.4,3.86,21.24,23.88,24.7,温和放量；站上20日线且不过热；连续上榜确认,当日转弱；收盘承接偏弱,v3
2026-05-14,002475,立讯精密,27,不推送,0.0,44,24.14,20.13,24.68,-0.03,24.68,17.53,10.18,-5.32,-11.25,18.18,24.68,24.68,24.68,人气Top50；持续霸榜,收盘承接偏弱；近5日趋势未确认；仍在20日线下方；热度可能进入后段；上影线偏长；弱市先收缩执行；弱市里的长连榜样本优先降权；v3尾盘版回避高位长连榜；v3尾盘承接一般,v3
2026-06-08,600703,三安光电,61,不推送,5.08,27,2.55,5.1,5.16,-17.44,24.67,-7.29,-6.99,-9.6,-9.3,20.47,5.16,5.16,24.67,温和放量；近5日趋势升温；站上20日线且不过热；连续上榜确认,当日转弱；收盘承接偏弱；人气排名明显回落；弱市先收缩执行；后段人气股在偏弱环境里更谨慎,v3
2026-05-08,002031,巨轮智能,23,观察池,57.6,48,4.25,2.83,7.65,-29.32,24.65,3.26,18.98,-0.95,14.13,4.82,7.65,18.98,24.65,人气Top50；当日涨停附近；收在日内高位；近5日强势延续；站上20日线且不过热；市场强势且个股相对强势；v2低分涨停修正；v3热点早段优先,放量过猛；短线涨幅偏高；v3尾盘版回避放量过猛；涨停封板不可买,v3
2026-04-13,002957,科瑞技术,57,不推送,51.0,64,1.55,-1.55,1.91,-2.2,24.64,1.04,15.96,-0.5,14.19,10.76,3.94,19.61,24.64,当日涨停附近；收在日内高位；近5日强势延续；v3尾盘缩量强承接,短线涨幅偏高；偏离20日线较大,v3
2026-05-20,002181,粤传媒,55,不推送,0.0,40,-0.34,-6.31,0.69,-41.46,24.64,-9.61,2.95,-9.3,3.31,8.37,0.69,8.92,24.64,温和放量；持续霸榜,当日转弱；收盘承接偏弱；近5日趋势未确认；仍在20日线下方；热度可能进入后段；人气排名明显回落；震荡市里相对走弱；后段人气股在偏弱环境里更谨慎；市场健康度不足，收缩推送；v3尾盘版回避高位长连榜,v3
2026-05-06,300442,润泽科技,89,不推送,0.0,51,4.42,8.03,12.15,-22.43,24.61,10.13,2.6,5.46,-1.74,10.41,13.29,15.65,24.61,-,当日转弱；近5日趋势未确认,v3
2026-04-24,002176,江特电机,50,强推观察,102.0,55,1.54,6.39,8.59,-41.19,24.6,18.14,15.27,16.34,13.52,5.58,18.14,24.6,24.6,人气Top50；当日涨停附近；收在日内高位；温和放量；近5日趋势升温；站上20日线且不过热；v2强势延续修正；v2低分涨停修正；v3热点早段优先,-,v3
2026-04-28,300476,胜宏科技,1,不推送,16.0,53,-2.26,6.65,9.6,-13.46,24.58,4.11,14.57,6.51,17.21,8.68,9.6,17.23,24.58,人气Top3；站上20日线且不过热；人气排名明显上升,当日转弱；收盘承接偏弱；近5日趋势未确认,v3
2026-07-03,300418,昆仑万维,98,不推送,9.72,9,-0.16,0.19,7.0,12.26,24.58,11.61,15.01,11.79,15.2,,12.87,24.58,,温和放量；近5日趋势升温；站上20日线且不过热；震荡市里保持相对强势,当日转弱；收盘承接偏弱；人气排名明显回落；后段人气股在偏弱环境里更谨慎,v3
2026-06-04,600522,中天科技,13,不推送,51.45,29,-2.92,-0.78,6.37,-19.02,24.56,18.0,6.15,21.55,9.35,21.92,18.0,18.0,24.56,人气Top20；温和放量；近5日趋势升温；站上20日线且不过热；持续霸榜；震荡市里保持相对强势,热度可能进入后段；v3尾盘版回避高位长连榜,v3
2026-05-06,002792,通宇通讯,98,不推送,22.0,33,1.08,10.01,10.01,-16.67,24.55,17.18,19.19,15.93,17.92,10.65,20.09,24.55,24.55,收盘承接较强；温和放量；v3尾盘缩量强承接,近5日趋势未确认；仍在20日线下方,v3
2026-06-09,002384,东山精密,64,不推送,40.6,26,-2.82,-4.76,2.29,20.6,24.55,-2.39,11.75,0.44,14.99,15.37,2.29,13.56,24.55,当日上涨；收盘承接较强；近5日趋势升温；站上20日线且不过热；持续霸榜；市场强势且个股相对强势,热度可能进入后段；v3尾盘版回避高位长连榜,v3
2026-04-24,002990,盛视科技,55,普通观察,76.0,55,-5.91,-10.18,-4.08,1.18,24.54,-9.74,7.76,-4.07,14.54,16.43,-4.08,8.78,24.54,当日涨停附近；收在日内高位；温和放量；近5日趋势升温；人气排名明显上升；v3尾盘缩量强承接,偏离20日线较大,v3
2026-04-28,601016,节能风电,64,不推送,38.0,53,-2.75,-3.59,1.06,-30.23,24.52,-0.85,3.59,1.96,6.52,6.34,1.06,7.82,24.52,温和放量；近5日趋势升温；站上20日线且不过热；连续上榜确认,人气排名明显回落,v3
2026-06-25,600552,凯盛科技,91,不推送,16.6,15,-0.41,9.47,9.47,-34.84,24.52,20.49,-1.07,20.98,-0.67,-13.72,24.52,24.52,24.52,温和放量；近5日趋势升温；站上20日线且不过热；市场强势且个股相对强势,当日转弱；收盘承接偏弱,v3
2026-05-20,603986,兆易创新,9,观察池,131.18,40,0.07,-2.89,4.53,15.91,24.52,15.97,15.81,15.89,15.74,10.87,15.97,24.52,24.52,人气Top10；当日涨停附近；收在日内高位；温和放量；近5日趋势升温；连续上榜确认；人气排名明显上升；震荡市里保持相对强势；震荡市里承接未失控；v2强势延续修正；v2低分涨停修正；v3尾盘涨停延续,偏离20日线较大；涨停封板不可买,v3
2026-06-17,600522,中天科技,5,不推送,50.6,20,-1.14,3.3,5.54,-31.38,24.5,12.81,24.5,14.11,25.93,-5.82,18.15,24.5,24.5,人气Top10；温和放量；近5日趋势升温；站上20日线且不过热；持续霸榜；市场强势且个股相对强势,热度可能进入后段；上影线偏长；v3尾盘版回避高位长连榜；v3尾盘承接一般,v3
2026-05-06,002309,中利集团,96,不推送,0.0,51,1.86,7.23,9.09,-31.7,24.48,7.46,9.09,5.49,7.09,-1.63,12.35,12.35,24.48,温和放量；连续上榜确认,当日转弱；收盘承接偏弱,v3
2026-06-16,603773,沃格光电,21,观察池,62.6,21,3.08,10.0,10.0,-37.1,24.48,13.9,10.82,10.5,7.51,-1.68,19.58,22.08,24.48,人气Top50；当日涨停附近；收在日内高位；持续霸榜；人气排名明显上升；市场强势且个股相对强势；v3尾盘涨停延续,偏离20日线较大；热度可能进入后段；v3尾盘版回避高位长连榜；涨停封板不可买,v3
2026-04-30,002309,中利集团,88,不推送,0.0,51,1.86,7.23,9.09,-31.7,24.48,7.46,9.09,5.49,7.09,-1.63,12.35,12.35,24.48,温和放量；连续上榜确认,当日转弱；收盘承接偏弱,v3
2026-05-12,002297,博云新材,56,不推送,0.0,46,1.28,11.32,12.86,-14.69,24.48,10.05,2.17,8.66,0.88,12.05,15.96,15.96,24.48,站上20日线且不过热；持续霸榜,当日转弱；收盘承接偏弱；近5日趋势未确认；热度可能进入后段；强势市里个股相对走弱；v3尾盘版回避高位长连榜,v3
2026-06-23,600160,巨化股份,82,不推送,0.0,17,-1.12,8.86,10.17,-14.21,24.46,9.33,13.76,10.57,15.04,-0.04,12.58,18.03,24.46,温和放量；站上20日线且不过热；持续霸榜,当日转弱；收盘承接偏弱；热度可能进入后段；人气排名明显回落；弱市先收缩执行；后段人气股在偏弱环境里更谨慎；弱市里的长连榜样本优先降权；市场健康度不足，收缩推送；市场健康度偏弱；v3尾盘版回避高位长连榜,v3
2026-06-09,000636,风华高科,6,观察池,92.6,26,2.83,-2.24,4.6,-15.36,24.43,-3.37,15.44,-6.03,12.26,18.34,8.71,16.94,24.43,人气Top10；当日涨停附近；收在日内高位；温和放量；持续霸榜；人气排名明显上升；市场强势且个股相对强势；v3尾盘涨停延续,偏离20日线较大；热度可能进入后段；v3尾盘版回避高位长连榜；涨停封板不可买,v3
2026-05-28,600105,永鼎股份,98,不推送,24.55,34,1.65,-0.42,5.13,-7.23,24.4,3.35,13.08,1.68,11.25,9.0,5.13,14.46,24.4,收盘承接较强；温和放量；连续上榜确认；v3尾盘缩量强承接,当日转弱；人气排名明显回落；强势市里个股相对走弱,v3
2026-04-13,000977,浪潮信息,90,不推送,34.0,64,0.91,-0.57,1.36,24.38,24.38,-0.15,6.94,-1.04,5.97,6.99,2.6,9.76,11.14,温和放量；近5日趋势升温；站上20日线且不过热；连续上榜确认,人气排名明显回落；v3尾盘承接一般,v3
2026-05-06,300017,网宿科技,99,不推送,0.0,51,0.37,6.56,10.81,-10.88,24.37,10.19,7.69,9.78,7.29,17.0,12.19,13.62,24.37,-,当日转弱；收盘承接偏弱；近5日趋势未确认；仍在20日线下方；人气排名明显回落,v3
2026-04-15,002709,天赐材料,67,不推送,16.0,62,1.05,2.43,4.15,-23.25,24.36,3.46,8.6,2.39,7.47,24.36,5.58,12.58,24.36,温和放量；近5日趋势升温；站上20日线且不过热；连续上榜确认,当日转弱；收盘承接偏弱；人气排名明显回落,v3
2026-05-11,000858,五粮液,72,不推送,2.55,47,24.19,22.51,24.36,-0.03,24.36,20.39,15.76,-3.06,-6.79,13.83,24.36,24.36,24.36,温和放量；连续上榜确认,近5日趋势未确认；仍在20日线下方；人气排名明显回落；强势市里个股相对走弱,v3
2026-06-08,002747,埃斯顿,9,观察池,117.3,27,5.54,9.99,9.99,24.36,24.36,-2.26,-2.61,-7.39,-7.72,12.1,16.94,16.94,16.94,人气Top10；当日涨停附近；收在日内高位；温和放量；近5日强势延续；站上20日线且不过热；人气排名明显上升；弱市中个股相对抗跌；v2强势延续修正；v2低分涨停修正；v3热点早段优先,短线涨幅偏高；涨停封板不可买,v3
2026-04-16,002361,神剑股份,1,不推送,64.0,61,-2.39,-2.65,2.28,-46.52,24.35,17.81,19.37,20.69,22.29,6.7,17.81,24.35,24.35,人气Top3；当日上涨；温和放量；近5日趋势升温；持续霸榜；人气排名明显上升,偏离20日线较大；热度可能进入后段；v3尾盘版回避高位长连榜,v3
2026-04-10,688525,佰维存储,85,不推送,38.0,65,-0.63,5.94,6.81,24.32,24.32,18.18,12.07,18.92,12.78,10.35,21.83,21.83,22.14,当日上涨；温和放量；近5日趋势升温；站上20日线且不过热,v3尾盘承接一般,v3
2026-05-11,601179,中国西电,46,不推送,0.0,47,13.13,20.0,21.31,-26.88,24.31,10.06,6.69,-2.71,-5.69,3.75,24.31,24.31,24.31,人气Top50；温和放量；连续上榜确认；人气排名明显上升,当日转弱；收盘承接偏弱；近5日趋势未确认；仍在20日线下方；强势市里个股相对走弱,v3
2026-06-01,002491,通鼎互联,69,不推送,0.0,32,-2.04,9.13,9.61,-17.36,24.31,16.7,9.18,19.14,11.46,4.96,16.7,24.31,24.31,温和放量；站上20日线且不过热；连续上榜确认,当日转弱；收盘承接偏弱；近5日趋势未确认；人气排名明显回落；弱市先收缩执行；后段人气股在偏弱环境里更谨慎；市场健康度不足，收缩推送；市场健康度偏弱,v3
2026-05-12,601179,中国西电,30,不推送,0.0,46,20.69,18.87,24.31,-26.88,24.31,6.81,9.69,-11.5,-9.11,0.81,24.31,24.31,24.31,人气Top50；温和放量；连续上榜确认；人气排名明显上升,当日转弱；收盘承接偏弱；近5日趋势未确认；仍在20日线下方；强势市里个股相对走弱,v3
2026-04-27,002309,中利集团,86,不推送,12.0,54,1.68,4.09,6.73,-29.57,24.28,3.12,12.26,1.42,10.4,24.28,14.42,14.42,24.28,收盘承接较强；人气排名明显上升；v3尾盘缩量强承接,近5日趋势未确认；仍在20日线下方,v3
2026-06-09,002138,顺络电子,71,不推送,66.6,26,-3.72,-4.05,1.53,-26.15,24.26,-7.57,0.87,-4.0,4.77,11.55,1.53,3.36,24.26,当日强涨；收盘承接较强；温和放量；近5日趋势升温；连续上榜确认；人气排名明显上升；市场强势且个股相对强势,偏离20日线较大,v3
2026-07-03,600584,长电科技,8,不推送,2.65,9,3.5,3.76,6.83,-9.2,24.26,2.7,10.33,-0.78,6.6,,12.27,24.26,,人气Top10；站上20日线且不过热；持续霸榜,当日转弱；近5日趋势未确认；热度可能进入后段；震荡市里相对走弱；市场健康度不足，收缩推送；v3尾盘版回避高位长连榜,v3
2026-05-08,600379,宝光股份,56,不推送,20.6,48,2.03,10.05,10.05,-26.85,24.22,12.92,11.42,10.67,9.2,-19.2,14.65,24.22,24.22,温和放量；近5日趋势升温；站上20日线且不过热；连续上榜确认；市场强势且个股相对强势,当日转弱；收盘承接偏弱；人气排名明显回落,v3
2026-06-12,600500,中化国际,60,观察池,30.45,23,-1.01,3.91,7.06,-29.63,24.21,16.02,10.47,17.2,11.59,1.26,24.21,24.21,24.21,当日涨停附近；收在日内高位；近5日强势延续；人气排名明显上升；震荡市里保持相对强势；震荡市里承接未失控,放量过猛；短线涨幅偏高；偏离20日线较大；后段人气股在偏弱环境里更谨慎；v3尾盘版回避放量过猛；涨停封板不可买,v3
2026-05-06,002149,西部材料,20,强推观察,102.0,51,3.01,10.0,10.0,-42.97,24.19,14.06,17.05,10.73,13.63,7.45,17.46,24.19,24.19,人气Top20；当日涨停附近；收在日内高位；温和放量；站上20日线且不过热；连续上榜确认；v3尾盘涨停延续；v3尾盘缩量强承接,近5日趋势未确认,v3
2026-06-03,600160,巨化股份,89,不推送,21.73,30,-2.1,-2.04,0.49,3.44,24.19,-2.28,3.52,-0.18,5.73,23.42,4.94,5.1,24.19,温和放量；近5日趋势升温；站上20日线且不过热；连续上榜确认；震荡市里保持相对强势,收盘承接偏弱；上影线偏长；后段人气股在偏弱环境里更谨慎；v3尾盘承接一般,v3
2026-04-30,002149,西部材料,13,强推观察,94.0,51,3.01,10.0,10.0,-42.97,24.19,14.06,17.05,10.73,13.63,7.45,17.46,24.19,24.19,人气Top20；当日涨停附近；收在日内高位；温和放量；站上20日线且不过热；v3尾盘涨停延续；v3尾盘缩量强承接,近5日趋势未确认,v3
2026-06-11,002585,双星新材,35,不推送,6.8,24,0.49,-6.31,3.48,-28.8,24.19,13.35,20.15,12.8,19.57,8.9,13.35,22.82,24.19,人气Top50；温和放量；站上20日线且不过热；连续上榜确认,当日转弱；收盘承接偏弱；弱市先收缩执行,v3
2026-07-01,002185,华天科技,10,不推送,25.45,11,-4.17,-6.11,-0.56,-3.66,24.18,-7.64,-0.09,-3.62,4.25,7.04,-0.56,8.48,24.18,人气Top10；温和放量；站上20日线且不过热；持续霸榜；震荡市里保持相对强势,当日转弱；收盘承接偏弱；热度可能进入后段；v3尾盘版回避高位长连榜,v3
2026-06-11,605589,圣泉集团,4,不推送,24.8,24,-1.67,-2.8,5.8,-23.92,24.17,11.77,16.37,13.66,18.34,11.18,13.3,19.67,24.17,人气Top10；近5日趋势升温；站上20日线且不过热；连续上榜确认；人气排名明显上升；v3热点早段优先,当日转弱；收盘承接偏弱；弱市先收缩执行；v3尾盘版回避放量过猛,v3
2026-05-13,600089,特变电工,40,不推送,0.0,45,23.9,18.08,24.16,-19.69,24.16,13.82,13.53,-8.14,-8.38,9.32,24.16,24.16,24.16,人气Top50；连续上榜确认；人气排名明显上升,当日转弱；近5日趋势未确认；仍在20日线下方；强势市里个股相对走弱,v3
2026-06-05,001309,德明利,93,不推送,0.0,28,-4.69,-1.35,2.15,0.0,24.13,5.33,3.57,10.52,8.67,23.64,7.46,11.38,24.13,收在日内高位；连续上榜确认,当日转弱；量能不足；近5日趋势未确认；仍在20日线下方；人气排名明显回落；弱市先收缩执行；后段人气股在偏弱环境里更谨慎；市场健康度不足，收缩推送；市场健康度偏弱,v3
2026-06-08,600552,凯盛科技,54,不推送,11.08,27,1.37,3.65,4.61,-19.51,24.12,-6.17,-6.44,-7.44,-7.71,16.99,4.61,4.61,24.12,放量仍可控；近5日趋势升温；站上20日线且不过热；连续上榜确认；人气排名明显上升,收盘承接偏弱；上影线偏长；弱市先收缩执行；后段人气股在偏弱环境里更谨慎,v3
2026-06-23,300285,国瓷材料,86,不推送,0.0,17,0.6,0.85,4.04,-30.4,24.11,13.04,13.45,12.36,12.77,-3.74,16.54,24.11,24.11,近5日强势延续；连续上榜确认,当日转弱；收盘承接偏弱；短线涨幅偏高；偏离20日线较大；人气排名明显回落；弱市先收缩执行；后段人气股在偏弱环境里更谨慎,v3
2026-04-21,601778,晶科科技,20,不推送,48.0,58,1.57,2.99,7.87,-44.57,24.09,12.91,12.13,11.16,10.39,16.38,24.09,24.09,24.09,人气Top20；收盘承接较强；温和放量；近5日趋势升温；站上20日线且不过热；持续霸榜,当日转弱；热度可能进入后段；v3尾盘版回避高位长连榜,v3
2026-04-24,600118,中国卫星,85,不推送,6.0,55,-2.39,3.32,7.08,-28.18,24.09,1.69,11.21,4.18,13.94,16.3,7.08,14.21,24.09,温和放量；近5日趋势升温；站上20日线且不过热；持续霸榜,当日转弱；收盘承接偏弱；热度可能进入后段；人气排名明显回落；v3尾盘版回避高位长连榜,v3
2026-05-11,002156,通富微电,10,普通观察,86.6,47,-0.11,-2.96,-0.02,24.08,24.08,-6.36,-5.26,-6.25,-5.15,13.87,-0.02,-0.02,13.87,人气Top10；当日强涨；温和放量；近5日趋势升温；站上20日线且不过热；连续上榜确认；人气排名明显上升；市场强势且个股相对强势,v3尾盘半板但封单不强,v3
2026-04-23,300308,中际旭创,10,不推送,50.0,56,0.25,-1.23,1.9,24.08,24.08,-8.14,-4.4,-8.37,-4.64,13.49,1.9,1.9,14.04,人气Top10；温和放量；近5日趋势升温；站上20日线且不过热；持续霸榜；人气排名明显上升,热度可能进入后段；上影线偏长；v3尾盘版回避高位长连榜；v3尾盘承接一般,v3
2026-05-27,600396,华电辽能,9,观察池,110.17,35,5.01,3.72,8.83,-35.11,24.07,-0.38,14.92,-5.13,9.44,2.91,12.01,14.92,24.07,人气Top10；当日涨停附近；收在日内高位；温和放量；近5日强势延续；持续霸榜；震荡市里保持相对强势；震荡市里承接未失控；v2强势延续修正；v2低分涨停修正；v3尾盘涨停延续,短线涨幅偏高；偏离20日线较大；热度可能进入后段；v3尾盘版回避高位长连榜；涨停封板不可买,v3
2026-04-13,601138,工业富联,55,不推送,16.0,64,1.38,5.78,6.45,13.14,24.06,6.5,10.43,5.05,8.93,20.74,7.7,13.7,24.06,温和放量；近5日趋势升温；站上20日线且不过热；连续上榜确认,当日转弱；收盘承接偏弱；人气排名明显回落,v3
2026-06-17,002080,中材科技,64,观察池,75.6,20,-0.19,-2.26,0.47,-26.15,24.04,-6.81,12.77,-6.63,12.98,-0.23,3.65,12.77,24.04,当日涨停附近；收在日内高位；温和放量；近5日强势延续；站上20日线且不过热；市场强势且个股相对强势；v2低分涨停修正,短线涨幅偏高；涨停封板不可买,v3
2026-06-12,300308,中际旭创,29,不推送,5.55,23,2.85,8.97,8.97,-2.58,24.02,11.7,20.99,8.61,17.65,6.78,11.7,24.02,24.02,人气Top50；温和放量；站上20日线且不过热；持续霸榜,收盘承接偏弱；近5日趋势未确认；热度可能进入后段；市场健康度不足，收缩推送；v3尾盘版回避高位长连榜,v3
2026-04-20,600522,中天科技,24,强推观察,104.0,59,0.16,4.81,6.24,20.81,24.01,10.08,15.61,9.9,15.42,24.01,13.21,18.03,24.01,人气Top50；当日涨停附近；收在日内高位；温和放量；近5日趋势升温；站上20日线且不过热；连续上榜确认；v2强势延续修正；v3热点早段优先,-,v3
2026-04-22,600330,天通股份,28,重点观察,81.0,57,4.29,-1.04,6.42,-17.43,24.0,5.99,-0.81,1.63,-4.89,24.0,10.09,10.09,24.0,人气Top50；当日涨停附近；收在日内高位；温和放量；近5日强势延续；连续上榜确认；人气排名明显上升；v2低分涨停修正,短线涨幅偏高；偏离20日线较大,v3
2026-05-07,002015,协鑫能科,42,不推送,68.6,49,-1.46,-1.02,0.73,-34.09,23.99,2.77,13.65,4.29,15.33,-2.67,4.91,23.99,23.99,人气Top50；当日上涨；温和放量；近5日趋势升温；站上20日线且不过热；连续上榜确认；市场强势且个股相对强势；v3热点早段优先,-,v3
2026-06-17,002008,大族激光,9,不推送,44.6,20,-0.02,-0.49,1.69,-20.26,23.98,7.04,12.71,7.06,12.73,-7.79,7.04,16.35,23.98,人气Top10；放量仍可控；近5日趋势升温；站上20日线且不过热；人气排名明显上升；市场强势且个股相对强势；v3热点早段优先,当日转弱；收盘承接偏弱,v3
2026-06-10,605589,圣泉集团,28,观察池,56.8,25,2.08,0.42,7.2,-24.04,23.96,6.74,10.48,4.56,8.23,21.4,7.2,15.59,23.96,人气Top50；当日涨停附近；收在日内高位；近5日趋势升温；站上20日线且不过热；连续上榜确认；v3热点早段优先,量能不足；一字或近似一字，参与点差；弱市先收缩执行；一字板不可买,v3
2026-04-24,002240,盛新锂能,33,普通观察,72.0,55,0.16,2.34,4.77,-40.76,23.95,7.26,22.01,7.1,21.82,7.99,9.05,23.95,23.95,人气Top50；当日涨停附近；收在日内高位；温和放量；站上20日线且不过热；人气排名明显上升,-,v3
2026-06-02,002421,达实智能,21,观察池,84.6,31,-1.81,-1.81,2.62,-41.45,23.94,4.83,14.69,6.76,16.8,-16.5,4.83,23.94,23.94,人气Top50；当日涨停附近；收在日内高位；温和放量；近5日趋势升温；持续霸榜；市场强势且个股相对强势；v3尾盘涨停延续,偏离20日线较大；热度可能进入后段；v3尾盘版回避高位长连榜；涨停封板不可买,v3
2026-05-06,002044,美年健康,70,不推送,0.0,51,6.81,9.94,9.94,-12.15,23.94,13.63,11.97,6.38,4.83,17.5,18.78,18.97,23.94,当日上涨；站上20日线且不过热,放量过猛；v3尾盘版回避放量过猛；v3尾盘承接一般,v3
2026-04-24,002475,立讯精密,70,不推送,22.0,55,3.0,9.05,10.0,-6.7,23.91,4.0,1.64,0.97,-1.32,21.44,10.0,10.0,23.91,温和放量；近5日趋势升温；站上20日线且不过热；持续霸榜,当日转弱；热度可能进入后段；v3尾盘版回避高位长连榜,v3
2026-05-08,603738,泰晶科技,54,观察池,55.6,48,7.79,10.0,10.0,-19.59,23.89,14.78,18.15,6.49,9.61,6.79,17.59,23.89,23.89,当日涨停附近；收在日内高位；近5日强势延续；连续上榜确认；人气排名明显上升；市场强势且个股相对强势；v2低分涨停修正,量能不足；短线涨幅偏高；偏离20日线较大；涨停封板不可买,v3
2026-04-13,002475,立讯精密,26,不推送,42.0,64,0.68,0.92,3.5,5.09,23.89,3.16,12.17,2.46,11.41,22.82,4.06,12.17,23.89,人气Top50；温和放量；近5日趋势升温；站上20日线且不过热；连续上榜确认；v3热点早段优先,人气排名明显回落；上影线偏长；v3尾盘承接一般,v3
2026-06-12,601958,金钼股份,46,观察池,67.17,23,6.78,9.99,9.99,-16.93,23.86,11.56,19.4,4.48,11.82,15.79,16.61,19.4,23.86,人气Top50；当日涨停附近；收在日内高位；近5日趋势升温；站上20日线且不过热；人气排名明显上升；震荡市里保持相对强势；震荡市里承接未失控；v3热点早段优先,量能不足；一字或近似一字，参与点差；一字板不可买,v3
2026-06-15,002475,立讯精密,62,不推送,0.0,22,10.63,9.19,11.53,-0.03,23.86,13.52,12.6,2.61,1.78,14.29,14.89,16.87,23.86,人气排名明显上升,收盘承接偏弱；近5日趋势未确认；仍在20日线下方；上影线偏长；强势市里个股相对走弱；v3尾盘承接一般,v3
2026-05-19,603629,利通电子,39,不推送,47.17,41,-1.21,3.62,3.66,-42.39,23.86,11.74,21.04,13.1,22.52,-20.32,11.74,23.86,23.86,人气Top50；收在日内高位；近5日趋势升温；站上20日线且不过热；持续霸榜；震荡市里保持相对强势；震荡市里承接未失控,热度可能进入后段；v3尾盘版回避高位长连榜,v3
2026-05-22,000021,深科技,53,不推送,46.6,38,0.5,8.28,9.21,14.66,23.84,15.77,4.68,15.19,4.16,0.29,23.84,23.84,23.84,当日上涨；收在日内高位；近5日趋势升温；站上20日线且不过热；持续霸榜；市场强势且个股相对强势,热度可能进入后段；v3尾盘版回避高位长连榜,v3
2026-04-28,300757,罗博特科,52,不推送,0.0,16,-4.55,-3.5,-1.67,22.91,23.83,-5.04,2.6,-0.51,7.49,16.59,-1.67,4.54,23.83,站上20日线且不过热,当日转弱；收盘承接偏弱；近5日趋势未确认,v3
2026-04-13,001309,德明利,36,普通观察,65.0,64,0.77,3.98,6.11,23.82,23.82,7.33,6.96,6.51,6.14,1.38,10.07,11.74,13.18,人气Top50；当日强涨；收盘承接较强；温和放量；近5日强势延续；站上20日线且不过热；连续上榜确认,短线涨幅偏高；人气排名明显回落,v3
2026-07-09,688584,上海合晶,86,观察池,60.6,5,9.26,7.72,19.99,-10.23,23.81,5.29,-10.23,-3.64,-17.84,,23.81,23.81,,当日涨停附近；收在日内高位；近5日趋势升温；站上20日线且不过热；市场强势且个股相对强势；v2低分涨停修正,量能不足；涨停封板不可买,v3
2026-04-30,600379,宝光股份,41,重点观察,83.0,51,8.58,9.83,9.83,-27.12,23.78,-0.36,2.26,-8.23,-5.82,-10.13,20.86,20.86,23.78,人气Top50；当日涨停附近；收在日内高位；温和放量；近5日强势延续；连续上榜确认；人气排名明显上升；v2连榜升温修正,短线涨幅偏高；偏离20日线较大,v3
2026-05-06,600379,宝光股份,83,不推送,59.0,51,8.58,9.83,9.83,-27.12,23.78,-0.36,2.26,-8.23,-5.82,-10.13,20.86,20.86,23.78,当日涨停附近；收在日内高位；温和放量；近5日强势延续；连续上榜确认,短线涨幅偏高；偏离20日线较大；人气排名明显回落,v3
2026-06-22,600353,旭光电子,46,不推送,4.6,18,12.38,12.52,15.29,-22.9,23.77,12.4,-0.44,0.02,-11.41,4.22,23.77,23.77,23.77,人气Top50；当日上涨；温和放量；连续上榜确认；市场强势且个股相对强势,收盘承接偏弱；短线涨幅过热；远离20日线过多；上影线偏长,v3
2026-05-20,600186,莲花控股,34,不推送,15.45,40,-0.54,-3.52,3.79,-10.39,23.76,16.8,7.23,17.44,7.81,-13.73,16.8,23.76,23.76,人气Top50；温和放量；站上20日线且不过热；连续上榜确认；震荡市里保持相对强势,当日转弱；收盘承接偏弱；人气排名明显回落,v3
2026-04-20,002149,西部材料,17,强推观察,129.0,59,4.16,1.74,5.76,-39.91,23.76,6.72,-3.98,2.45,-7.82,21.88,11.0,11.0,23.76,人气Top20；当日涨停附近；收在日内高位；温和放量；近5日强势延续；站上20日线且不过热；连续上榜确认；人气排名明显上升；v2强势延续修正；v2连榜升温修正；v2低分涨停修正；v3尾盘涨停延续,短线涨幅偏高,v3
2026-06-15,002281,光迅科技,12,观察池,104.6,22,3.56,2.01,5.51,-6.64,23.74,18.06,18.37,14.0,14.3,13.96,18.06,23.74,23.74,人气Top20；当日涨停附近；收在日内高位；温和放量；近5日趋势升温；站上20日线且不过热；持续霸榜；人气排名明显上升；市场强势且个股相对强势；v2强势延续修正,热度可能进入后段；v3尾盘版回避高位长连榜；涨停封板不可买,v3
2026-05-18,601689,拓普集团,44,不推送,0.0,42,17.57,16.91,18.42,-9.95,23.74,19.23,18.85,1.41,1.08,1.14,22.65,22.65,23.74,人气Top50；温和放量；连续上榜确认,当日转弱；收盘承接偏弱；近5日趋势未确认；人气排名明显回落；震荡市里相对走弱；市场健康度不足，收缩推送,v3
2026-05-15,601689,拓普集团,14,不推送,0.0,43,14.91,17.26,19.67,-9.95,23.74,15.24,19.11,0.29,3.65,3.16,19.67,22.65,23.74,人气Top20；温和放量；人气排名明显上升,当日转弱；收盘承接偏弱；近5日趋势未确认；震荡市里相对走弱；市场健康度不足，收缩推送,v3
2026-06-03,002428,云南锗业,42,不推送,21.45,30,-3.21,0.9,2.1,-5.03,23.73,-10.45,-8.66,-7.48,-5.62,13.03,5.32,5.32,23.73,人气Top50；温和放量；近5日趋势升温；持续霸榜；人气排名明显上升；震荡市里保持相对强势,收盘承接偏弱；热度可能进入后段；上影线偏长；v3尾盘版回避高位长连榜,v3
2026-04-23,603601,再升科技,90,不推送,0.0,56,0.0,-6.4,5.41,-41.06,23.7,0.73,4.55,0.73,4.55,11.29,5.41,6.6,23.7,温和放量；站上20日线且不过热；持续霸榜,当日转弱；收盘承接偏弱；热度可能进入后段；人气排名明显回落；v3尾盘版回避高位长连榜,v3
2026-04-23,000938,紫光股份,71,不推送,40.0,56,-1.03,0.38,3.04,23.69,23.69,1.22,2.53,2.27,3.59,-1.83,5.32,7.76,8.56,当日上涨；放量仍可控；近5日趋势升温；站上20日线且不过热；连续上榜确认,人气排名明显回落,v3
2026-06-15,600186,莲花控股,63,不推送,0.0,22,-6.06,3.49,3.49,-22.98,23.68,10.87,11.57,18.02,18.76,8.7,20.34,21.89,23.68,近5日趋势升温；站上20日线且不过热；持续霸榜；市场强势且个股相对强势,当日转弱；收盘承接偏弱；热度可能进入后段；人气排名明显回落；v3尾盘版回避高位长连榜,v3
2026-06-18,600186,莲花控股,45,不推送,0.0,19,12.97,11.8,21.89,-22.98,23.68,10.09,11.02,-2.54,-1.72,-8.23,21.89,23.68,23.68,人气Top50；站上20日线且不过热；持续霸榜,当日转弱；收盘承接偏弱；热度可能进入后段；人气排名明显回落；强势市里个股相对走弱；v3尾盘版回避高位长连榜,v3
2026-06-26,601991,大唐发电,13,不推送,0.0,14,7.09,6.18,10.86,-14.18,23.68,17.5,15.69,9.72,8.03,0.15,17.5,23.68,23.68,人气Top20；持续霸榜,近5日趋势未确认；仍在20日线下方；热度可能进入后段；弱市先收缩执行；弱市里的长连榜样本优先降权；v3尾盘版回避高位长连榜,v3
2026-06-01,002428,云南锗业,29,不推送,0.0,32,-0.4,5.24,7.4,1.62,23.67,7.97,-4.18,8.41,-3.79,23.67,13.09,13.09,23.67,人气Top50；温和放量；连续上榜确认；人气排名明显上升,当日转弱；收盘承接偏弱；近5日趋势未确认；仍在20日线下方；弱市先收缩执行；市场健康度不足，收缩推送；市场健康度偏弱,v3
2026-04-27,600186,莲花控股,43,不推送,44.0,54,0.21,5.35,8.67,6.21,23.66,14.78,19.16,14.53,18.91,12.85,23.66,23.66,23.66,人气Top50；温和放量；近5日趋势升温；站上20日线且不过热；持续霸榜；人气排名明显上升,热度可能进入后段；v3尾盘版回避高位长连榜,v3
2026-05-14,002149,西部材料,97,不推送,0.0,44,15.62,12.39,16.92,-41.02,23.63,11.12,14.23,-3.89,-1.2,7.98,23.63,23.63,23.63,持续霸榜,当日转弱；收盘承接偏弱；近5日趋势未确认；热度可能进入后段；人气排名明显回落；弱市先收缩执行；后段人气股在偏弱环境里更谨慎；弱市里的长连榜样本优先降权；v3尾盘版回避高位长连榜,v3
2026-06-29,002185,华天科技,3,不推送,34.25,13,0.74,2.86,4.56,-4.1,23.61,-6.55,-8.07,-7.23,-8.74,11.25,8.99,8.99,23.61,人气Top3；温和放量；近5日趋势升温；站上20日线且不过热；持续霸榜；震荡市里保持相对强势,当日转弱；收盘承接偏弱；热度可能进入后段；Top3高热度拥挤，次日兑现风险；v3尾盘版回避高位长连榜,v3
2026-06-25,000021,深科技,7,不推送,62.6,15,-1.05,-0.09,7.6,-19.08,23.6,20.0,4.61,21.26,5.72,5.0,20.89,23.6,23.6,人气Top10；当日上涨；温和放量；近5日趋势升温；持续霸榜；人气排名明显上升；市场强势且个股相对强势,偏离20日线较大；热度可能进入后段；v3尾盘版回避高位长连榜,v3
2026-04-28,002580,圣阳股份,27,不推送,30.0,53,-1.36,-3.05,1.56,-44.03,23.59,0.81,11.39,2.2,12.92,-4.58,1.56,11.39,23.59,人气Top50；收盘承接较强；温和放量；站上20日线且不过热；持续霸榜,近5日趋势未确认；热度可能进入后段；人气排名明显回落；v3尾盘版回避高位长连榜,v3
2026-04-13,603538,美诺华,32,不推送,14.0,64,0.0,6.01,7.74,-20.22,23.57,16.5,6.95,16.5,6.95,17.33,19.18,19.18,23.57,人气Top50；温和放量；近5日趋势升温；连续上榜确认,当日转弱；收盘承接偏弱；偏离20日线较大；人气排名明显回落,v3
2026-05-12,603601,再升科技,65,不推送,0.0,46,1.13,7.5,10.42,-46.85,23.57,0.36,7.02,-0.77,5.83,19.46,10.42,18.93,23.57,近5日趋势升温；站上20日线且不过热；持续霸榜；人气排名明显上升,当日转弱；收盘承接偏弱；热度可能进入后段；强势市里个股相对走弱；v3尾盘版回避高位长连榜,v3
2026-06-03,000636,风华高科,19,不推送,14.45,30,-1.97,5.88,7.7,-13.66,23.56,-7.43,-0.28,-5.57,1.72,23.51,7.7,7.7,23.56,人气Top20；温和放量；近5日强势延续；持续霸榜；震荡市里保持相对强势,当日转弱；短线涨幅偏高；远离20日线过多；热度可能进入后段；v3尾盘版回避高位长连榜,v3
2026-06-23,600909,华安证券,49,观察池,81.3,17,-3.54,9.0,9.0,-18.18,23.54,16.17,5.17,20.44,9.03,-6.03,23.54,23.54,23.54,人气Top50；当日涨停附近；收在日内高位；温和放量；近5日强势延续；弱市中个股相对抗跌；v2强势延续修正；v2低分涨停修正,短线涨幅偏高；偏离20日线较大；涨停封板不可买,v3
2026-06-24,300285,国瓷材料,69,不推送,9.6,16,2.32,7.68,10.51,-30.73,23.53,15.51,8.14,12.89,5.69,-14.11,23.53,23.53,23.53,近5日强势延续；连续上榜确认；人气排名明显上升；市场强势且个股相对强势,短线涨幅偏高；偏离20日线较大；上影线偏长；v3尾盘承接一般,v3
2026-06-16,600549,厦门钨业,16,观察池,98.6,21,2.03,3.1,5.71,-29.0,23.52,20.52,5.89,18.12,3.79,8.28,20.52,23.52,23.52,人气Top20；当日涨停附近；收在日内高位；近5日趋势升温；连续上榜确认；人气排名明显上升；市场强势且个股相对强势；v2低分涨停修正；v3尾盘涨停延续,偏离20日线较大；涨停封板不可买,v3
2026-04-15,002475,立讯精密,58,不推送,2.0,62,-0.03,2.84,3.18,4.76,23.51,11.82,15.74,11.86,15.78,16.77,11.82,16.86,23.51,近5日趋势升温；站上20日线且不过热；连续上榜确认,当日转弱；收盘承接偏弱；人气排名明显回落,v3
2026-06-25,600206,有研新材,17,不推送,57.6,15,-0.07,8.13,9.68,-22.07,23.51,18.53,2.88,18.61,2.96,5.68,23.51,23.51,23.51,人气Top20；当日强涨；收在日内高位；温和放量；近5日强势延续；持续霸榜；市场强势且个股相对强势,短线涨幅偏高；远离20日线过多；热度可能进入后段；v3尾盘版回避高位长连榜,v3
2026-05-20,000021,深科技,12,不推送,49.45,40,0.84,-4.62,3.09,14.35,23.51,7.99,15.46,7.09,14.5,0.47,8.92,23.51,23.51,人气Top20；温和放量；近5日趋势升温；站上20日线且不过热；连续上榜确认；震荡市里保持相对强势；v3热点早段优先,收盘承接偏弱；上影线偏长,v3
2026-05-28,603778,国晟科技,85,不推送,0.0,34,-1.25,-5.27,0.0,-44.48,23.51,3.57,2.44,4.88,3.73,12.18,12.18,12.18,23.51,温和放量；持续霸榜,当日转弱；收盘承接偏弱；近5日趋势未确认；仍在20日线下方；热度可能进入后段；人气排名明显回落；强势市里个股相对走弱；v3尾盘版回避高位长连榜,v3
2026-05-07,600522,中天科技,19,观察池,110.6,49,-0.47,6.57,7.24,-2.58,23.5,14.85,14.9,15.39,15.45,9.17,20.32,20.32,23.5,人气Top20；当日涨停附近；收在日内高位；温和放量；近5日趋势升温；站上20日线且不过热；连续上榜确认；人气排名明显上升；市场强势且个股相对强势；v3热点早段优先,涨停封板不可买,v3
2026-04-17,600105,永鼎股份,21,不推送,28.0,60,0.02,1.21,6.2,7.82,23.49,10.24,18.67,10.22,18.64,5.76,10.24,23.49,23.49,人气Top50；当日上涨；近5日趋势升温；持续霸榜；人气排名明显上升,偏离20日线较大；热度可能进入后段；v3尾盘版回避高位长连榜,v3
2026-06-15,600226,亨通股份,40,不推送,29.6,22,-14.01,-9.89,-8.34,-30.28,23.48,0.51,6.8,16.89,24.19,-1.24,0.51,10.92,23.48,人气Top50；温和放量；近5日强势延续；人气排名明显上升；市场强势且个股相对强势,短线涨幅偏高；偏离20日线较大；v3尾盘承接一般,v3
2026-06-18,600226,亨通股份,29,不推送,15.6,19,4.02,8.96,10.61,-30.28,23.48,17.51,8.44,12.97,4.26,-5.25,17.51,23.48,23.48,人气Top50；近5日强势延续；人气排名明显上升；市场强势且个股相对强势,短线涨幅偏高；偏离20日线较大；v3尾盘承接一般,v3
2026-05-13,000858,五粮液,22,不推送,10.55,45,20.14,20.39,23.48,-0.03,23.48,15.76,15.62,-3.65,-3.76,13.49,23.48,23.48,23.48,人气Top50；温和放量；人气排名明显上升,近5日趋势未确认；仍在20日线下方；强势市里个股相对走弱,v3
2026-05-18,002149,西部材料,21,不推送,0.0,42,20.42,11.12,23.48,-41.02,23.48,14.23,13.96,-5.14,-5.37,-7.91,23.48,23.48,23.48,人气Top50；人气排名明显上升,当日转弱；收盘承接偏弱；近5日趋势未确认；震荡市里相对走弱；市场健康度不足，收缩推送,v3
2026-05-13,000988,华工科技,43,不推送,44.6,45,1.02,-3.54,2.65,-8.08,23.47,3.48,14.76,2.44,13.6,12.27,3.48,20.01,23.47,人气Top50；收盘承接较强；温和放量；近5日趋势升温；站上20日线且不过热；持续霸榜；市场强势且个股相对强势,当日转弱；热度可能进入后段；v3尾盘版回避高位长连榜,v3
2026-05-12,000925,众合科技,88,不推送,0.0,46,15.22,23.46,23.46,-23.04,23.46,0.0,-7.61,-13.21,-19.82,-15.95,23.46,23.46,23.46,站上20日线且不过热,当日转弱；收盘承接偏弱；强势市里个股相对走弱,v3
2026-05-06,000925,众合科技,69,不推送,0.0,50,4.07,3.23,6.88,-23.04,23.46,1.98,23.46,-2.0,18.64,-10.32,11.57,23.46,23.46,温和放量；站上20日线且不过热,当日转弱；收盘承接偏弱；强势市里个股相对走弱,v3
2026-06-05,600403,大有能源,17,不推送,7.8,28,13.52,23.45,23.45,-27.59,23.45,5.52,0.0,-7.05,-11.91,-13.38,23.45,23.45,23.45,人气Top20；放量仍可控；近5日强势延续；连续上榜确认；人气排名明显上升,当日转弱；收盘承接偏弱；短线涨幅偏高；偏离20日线较大；弱市先收缩执行,v3
2026-06-01,002156,通富微电,34,不推送,0.0,32,-0.23,3.75,5.14,23.44,23.44,15.55,1.19,15.82,1.42,0.02,17.83,17.83,17.83,人气Top50；持续霸榜,当日转弱；收盘承接偏弱；近5日趋势未确认；热度可能进入后段；弱市先收缩执行；弱市里的长连榜样本优先降权；市场健康度不足，收缩推送；市场健康度偏弱；v3尾盘版回避高位长连榜,v3
2026-05-06,301511,德福科技,34,观察池,66.6,13,-1.35,2.77,5.05,19.99,23.42,2.91,13.21,4.32,14.76,21.45,8.16,16.9,23.42,人气Top50；当日涨停附近；收在日内高位；温和放量；市场强势且个股相对强势；v3尾盘涨停延续；v3尾盘缩量强承接,短线涨幅过热；远离20日线过多；涨停封板不可买,v3
2026-05-21,002491,通鼎互联,61,不推送,0.0,39,3.86,4.88,5.01,-12.6,23.41,0.05,6.35,-3.68,2.39,23.41,9.29,9.29,23.41,温和放量；站上20日线且不过热；连续上榜确认,当日转弱；收盘承接偏弱；近5日趋势未确认；弱市先收缩执行；后段人气股在偏弱环境里更谨慎；市场健康度不足，收缩推送；市场健康度偏弱,v3
2026-06-03,603011,合锻智能,40,不推送,35.45,30,-2.02,5.36,8.16,-26.52,23.35,-3.1,4.18,-1.1,6.33,17.41,11.37,11.37,23.35,人气Top50；当日上涨；温和放量；连续上榜确认；人气排名明显上升；震荡市里保持相对强势,短线涨幅过热；偏离20日线较大,v3
2026-04-21,002491,通鼎互联,68,不推送,18.0,58,-0.78,2.81,4.48,13.43,23.34,-6.57,-1.13,-5.84,-0.36,23.34,8.66,8.66,23.34,温和放量；近5日趋势升温；站上20日线且不过热；持续霸榜,热度可能进入后段；人气排名明显回落；上影线偏长；v3尾盘版回避高位长连榜；v3尾盘承接一般,v3
2026-06-16,600160,巨化股份,59,不推送,25.6,21,-2.65,1.81,1.96,-14.66,23.33,3.59,8.28,6.4,11.23,19.21,3.59,9.58,23.33,温和放量；近5日强势延续；站上20日线且不过热；持续霸榜；市场强势且个股相对强势,短线涨幅偏高；热度可能进入后段；人气排名明显回落；v3尾盘版回避高位长连榜,v3
2026-04-28,001896,豫能控股,95,不推送,0.0,53,-2.73,7.63,9.98,-14.18,23.33,4.26,4.32,7.19,7.25,-3.43,9.98,9.98,23.33,温和放量；站上20日线且不过热；持续霸榜,当日转弱；收盘承接偏弱；近5日趋势未确认；热度可能进入后段；人气排名明显回落；v3尾盘版回避高位长连榜,v3
2026-05-22,002081,金螳螂,88,不推送,4.6,38,-1.86,-2.7,0.84,-35.98,23.31,-9.97,1.86,-8.26,3.79,-2.36,0.84,1.86,23.31,当日上涨；收盘承接较强；持续霸榜；市场强势且个股相对强势,近5日趋势未确认；仍在20日线下方；热度可能进入后段；人气排名明显回落；v3尾盘版回避高位长连榜,v3
2026-05-08,002081,金螳螂,2,不推送,30.4,48,-0.44,3.64,6.99,-44.83,23.29,12.81,12.37,13.3,12.87,-15.43,21.25,23.29,23.29,人气Top3；温和放量；近5日强势延续；连续上榜确认；市场强势且个股相对强势,当日转弱；短线涨幅偏高；远离20日线过多；Top3高热度拥挤，次日兑现风险,v3
2026-06-18,600110,诺德股份,19,不推送,24.6,19,19.7,18.52,23.29,-24.4,23.29,4.84,5.67,-12.41,-11.72,8.85,23.29,23.29,23.29,人气Top20；放量仍可控；近5日趋势升温；站上20日线且不过热；持续霸榜；市场强势且个股相对强势,当日转弱；收盘承接偏弱；热度可能进入后段；v3尾盘版回避高位长连榜,v3
2026-07-08,603618,杭电股份,16,不推送,0.0,6,18.65,15.53,18.65,-5.49,23.29,0.0,2.65,-15.72,-13.48,,23.29,23.29,,人气Top20；温和放量；连续上榜确认,当日转弱；收盘承接偏弱；近5日趋势未确认；仍在20日线下方；弱市先收缩执行；市场健康度不足，收缩推送；市场健康度偏弱,v3
2026-05-07,001309,德明利,22,不推送,45.6,49,-2.8,-3.05,-1.06,-3.3,23.27,0.24,17.05,3.13,20.43,6.42,4.61,19.95,23.27,人气Top50；当日上涨；放量仍可控；近5日强势延续；站上20日线且不过热；连续上榜确认；市场强势且个股相对强势；v3热点早段优先,短线涨幅偏高；上影线偏长；v3尾盘承接一般,v3
2026-06-18,002008,大族激光,57,不推送,52.6,19,0.38,-3.25,2.93,-20.72,23.26,11.64,10.93,11.21,10.51,-4.93,15.68,23.26,23.26,收盘承接较强；温和放量；近5日趋势升温；站上20日线且不过热；连续上榜确认；市场强势且个股相对强势,人气排名明显回落,v3
2026-06-08,002185,华天科技,37,不推送,0.0,27,2.54,4.01,4.55,22.79,23.26,-1.12,1.12,-3.57,-1.38,15.35,4.84,4.84,23.26,人气Top50；持续霸榜,当日转弱；收盘承接偏弱；近5日趋势未确认；热度可能进入后段；弱市先收缩执行；弱市里的长连榜样本优先降权；市场健康度不足，收缩推送；市场健康度偏弱；v3尾盘版回避高位长连榜,v3
2026-04-28,002759,天际股份,100,不推送,0.0,52,0.03,5.91,6.76,-53.0,23.24,21.5,10.09,21.46,10.06,7.15,23.24,23.24,23.24,温和放量,当日转弱；收盘承接偏弱；近5日趋势未确认；人气排名明显回落,v3
2026-06-10,600869,远东股份,83,不推送,56.58,25,-0.42,-5.78,7.16,-39.46,23.23,4.38,6.23,4.81,6.67,19.17,7.16,11.34,23.23,当日上涨；收在日内高位；温和放量；近5日趋势升温；连续上榜确认；弱市中个股相对抗跌,偏离20日线较大；后段人气股在偏弱环境里更谨慎,v3
2026-04-21,600105,永鼎股份,51,不推送,22.0,58,0.0,10.0,10.0,7.59,23.22,18.41,8.36,18.41,8.36,20.63,23.22,23.22,23.22,温和放量；近5日趋势升温；站上20日线且不过热；持续霸榜,当日转弱；热度可能进入后段；v3尾盘版回避高位长连榜,v3
2026-05-22,600745,*ST闻泰,13,不推送,42.6,38,-15.6,-12.41,-12.41,-3.14,23.22,-3.45,6.44,14.4,26.11,10.14,-3.45,6.44,23.22,人气Top20；当日上涨；收盘承接较强；温和放量；持续霸榜；市场强势且个股相对强势,仍在20日线下方；热度可能进入后段；v3尾盘版回避高位长连榜,v3
2026-05-20,600745,*ST闻泰,11,不推送,7.18,40,-21.73,-13.49,-13.49,-3.14,23.22,-12.41,-3.45,11.91,23.36,11.48,-12.41,-3.45,23.22,人气Top20；当日上涨；收盘承接较强；持续霸榜；震荡市里保持相对强势；震荡市里承接未失控,放量过猛；近5日趋势未确认；仍在20日线下方；热度可能进入后段；v3尾盘版回避高位长连榜；v3尾盘版回避放量过猛,v3
2026-06-01,600745,*ST闻泰,24,不推送,48.0,32,17.35,17.35,17.35,-3.14,23.22,5.92,7.67,-9.74,-8.25,-6.13,23.22,23.22,23.22,人气Top50；当日上涨；收盘承接较强；放量仍可控；近5日趋势升温；持续霸榜；人气排名明显上升；弱市中个股相对抗跌,热度可能进入后段；弱市里的长连榜样本优先降权；v3尾盘版回避高位长连榜,v3
2026-05-26,600745,*ST闻泰,18,不推送,55.17,36,-8.91,-3.45,-3.45,-3.14,23.22,6.44,17.35,16.85,28.83,2.32,6.44,17.35,23.22,人气Top20；当日上涨；收盘承接较强；温和放量；近5日趋势升温；持续霸榜；震荡市里保持相对强势；震荡市里承接未失控,仍在20日线下方；热度可能进入后段；v3尾盘版回避高位长连榜,v3
2026-06-02,600745,*ST闻泰,25,不推送,48.6,31,23.22,11.48,23.22,-3.14,23.22,10.14,2.32,-10.61,-16.97,-3.76,23.22,23.22,23.22,人气Top50；当日上涨；收盘承接较强；放量仍可控；近5日趋势升温；持续霸榜；市场强势且个股相对强势,热度可能进入后段；v3尾盘版回避高位长连榜,v3
2026-04-24,002709,天赐材料,21,普通观察,74.0,55,0.08,4.21,4.47,-30.58,23.21,12.48,21.35,12.39,21.26,9.82,12.48,23.21,23.21,人气Top50；当日强涨；收盘承接较强；温和放量；近5日趋势升温；站上20日线且不过热；人气排名明显上升；v3热点早段优先,v3尾盘半板但封单不强,v3
2026-07-10,603127,昭衍新药,100,观察池,68.58,4,2.08,-0.49,8.4,23.21,23.21,17.12,,14.73,,,17.12,,,当日涨停附近；收在日内高位；温和放量；近5日趋势升温；站上20日线且不过热；弱市中个股相对抗跌,人气排名明显回落；后段人气股在偏弱环境里更谨慎；涨停封板不可买,v3
2026-07-15,301520,万邦医药,46,观察池,70.17,1,-2.82,18.03,23.15,18.03,23.15,,,,,,,,,人气Top50；当日涨停附近；收盘承接较强；温和放量；近5日强势延续；震荡市里保持相对强势；震荡市里承接未失控；v2低分涨停修正；v3尾盘涨停延续,短线涨幅偏高；远离20日线过多；涨停封板不可买,v3
2026-05-27,600105,永鼎股份,49,不推送,45.45,35,-1.86,0.06,0.58,-8.17,23.14,-6.99,7.05,-5.23,9.08,7.84,4.06,12.54,23.14,人气Top50；当日上涨；温和放量；站上20日线且不过热；连续上榜确认；震荡市里保持相对强势,近5日趋势未确认,v3
2026-05-15,601012,隆基绿能,97,不推送,0.0,43,21.56,19.12,21.64,-6.69,23.13,20.77,18.33,-0.65,-2.65,9.28,23.13,23.13,23.13,温和放量；震荡市里保持相对强势,收盘承接偏弱；近5日趋势未确认；仍在20日线下方；上影线偏长；后段人气股在偏弱环境里更谨慎,v3
2026-05-12,603993,洛阳钼业,53,不推送,0.0,46,20.42,20.42,23.09,5.88,23.09,8.14,4.07,-10.19,-13.57,16.93,23.09,23.09,23.09,温和放量,当日转弱；近5日趋势未确认；仍在20日线下方；强势市里个股相对走弱,v3
2026-04-21,002709,天赐材料,13,重点观察,78.0,58,-0.57,-1.88,1.72,-30.65,23.09,-0.09,2.16,0.48,2.74,10.65,2.14,7.41,23.09,人气Top20；当日上涨；收盘承接较强；温和放量；近5日趋势升温；站上20日线且不过热；人气排名明显上升；v3热点早段优先,-,v3
2026-06-16,688498,源杰科技,84,不推送,38.6,21,-2.38,0.81,1.8,14.19,23.08,17.17,14.95,20.02,17.74,10.13,17.56,23.08,23.08,当日强涨；收盘承接较强；近5日趋势升温；站上20日线且不过热；市场强势且个股相对强势,量能不足；人气排名明显回落,v3
2026-05-12,600498,烽火通信,82,不推送,2.6,46,15.2,18.84,20.52,-14.03,23.08,6.08,10.61,-7.92,-3.99,1.6,23.08,23.08,23.08,近5日趋势升温；连续上榜确认；市场强势且个股相对强势,当日转弱；收盘承接偏弱,v3
2026-05-11,600498,烽火通信,71,不推送,0.0,47,14.52,15.3,17.68,-14.03,23.08,15.61,9.75,0.96,-4.16,7.31,23.08,23.08,23.08,连续上榜确认；人气排名明显上升,当日转弱；收盘承接偏弱；近5日趋势未确认；强势市里个股相对走弱,v3
2026-05-13,600498,烽火通信,89,不推送,0.0,45,18.82,15.61,23.08,-14.03,23.08,9.75,14.26,-7.63,-3.83,-1.82,23.08,23.08,23.08,近5日趋势升温；连续上榜确认,当日转弱；收盘承接偏弱；强势市里个股相对走弱,v3
2026-05-28,002491,通鼎互联,93,不推送,70.6,34,-0.95,3.06,7.06,-18.17,23.08,8.05,15.55,9.09,16.65,3.62,8.53,15.55,23.08,当日强涨；收在日内高位；温和放量；近5日趋势升温；站上20日线且不过热；市场强势且个股相对强势,-,v3
2026-04-20,600150,中国船舶,75,不推送,38.0,59,0.45,2.95,3.77,-6.46,23.07,9.41,8.87,8.92,8.38,15.11,10.29,11.39,23.07,当日上涨；收在日内高位；近5日趋势升温；站上20日线且不过热,v3尾盘版回避放量过猛,v3
2026-06-15,600378,昊华科技,20,不推送,20.6,22,-6.6,-5.31,0.54,-20.52,23.07,6.38,8.31,13.9,15.96,23.07,9.37,19.23,23.07,人气Top20；温和放量；近5日趋势升温；持续霸榜；市场强势且个股相对强势,当日转弱；收盘承接偏弱；偏离20日线较大；热度可能进入后段；v3尾盘版回避高位长连榜,v3
2026-05-29,002484,江海股份,99,不推送,0.0,33,-0.56,1.1,5.38,4.0,23.07,11.88,14.96,12.51,15.61,3.78,16.11,23.07,23.07,当日上涨；放量仍可控；近5日强势延续；连续上榜确认,收盘承接偏弱；短线涨幅偏高；远离20日线过多；人气排名明显回落；弱市先收缩执行；后段人气股在偏弱环境里更谨慎；v3尾盘版回避放量过猛；v3尾盘承接一般,v3
2026-06-11,600487,亨通光电,6,不推送,10.5,24,3.25,-4.71,3.65,-36.11,23.03,5.63,9.09,2.31,5.66,8.9,6.78,14.66,23.03,人气Top10；温和放量；站上20日线且不过热；持续霸榜,当日转弱；收盘承接偏弱；热度可能进入后段；弱市先收缩执行；弱市里的长连榜样本优先降权；v3尾盘版回避高位长连榜,v3
2026-06-23,002141,贤丰控股,59,观察池,59.58,17,-4.85,-3.84,1.82,19.39,23.03,16.36,6.26,22.29,11.68,18.18,16.36,20.2,23.03,当日涨停附近；收在日内高位；温和放量；近5日强势延续；人气排名明显上升；弱市中个股相对抗跌,短线涨幅偏高；偏离20日线较大；后段人气股在偏弱环境里更谨慎；涨停封板不可买,v3
2026-04-10,000890,法尔胜,69,不推送,0.0,65,-7.81,-7.46,-5.35,-51.02,23.01,-10.2,-12.67,-2.6,-5.27,14.29,-5.35,-5.35,23.01,温和放量；站上20日线且不过热,当日转弱；收盘承接偏弱；近5日趋势未确认,v3
2026-05-27,000601,韶能股份,80,观察池,71.45,35,0.87,-0.25,3.73,-23.63,23.01,1.62,15.67,0.74,14.67,-11.94,7.34,23.01,23.01,当日涨停附近；收在日内高位；温和放量；近5日趋势升温；站上20日线且不过热；震荡市里保持相对强势；震荡市里承接未失控,人气排名明显回落；后段人气股在偏弱环境里更谨慎；涨停封板不可买,v3
2026-04-16,300857,协创数据,38,普通观察,71.0,61,-2.9,-0.66,0.94,3.09,23.01,-4.53,12.96,-1.67,16.34,14.1,0.94,17.75,23.01,人气Top50；当日涨停附近；收在日内高位；温和放量；近5日强势延续；连续上榜确认,短线涨幅偏高；偏离20日线较大,v3
2026-07-10,300759,康龙化成,63,观察池,72.58,4,0.0,-0.2,1.43,13.03,22.99,18.01,,18.01,,,22.99,,,当日涨停附近；收盘承接较强；温和放量；近5日趋势升温；站上20日线且不过热；弱市中个股相对抗跌；v2低分涨停修正,后段人气股在偏弱环境里更谨慎；涨停封板不可买,v3
2026-04-24,000889,中嘉博创,65,不推送,56.0,55,-1.88,-6.89,-0.84,-30.27,22.96,0.42,1.46,2.34,3.4,16.28,3.97,3.97,22.96,当日涨停附近；收在日内高位；温和放量；站上20日线且不过热,近5日趋势未确认,v3
2026-04-22,000062,深圳华强,43,强推观察,102.0,57,1.1,-4.66,1.1,-23.59,22.95,15.41,9.22,14.15,8.03,19.76,15.41,19.79,22.95,人气Top50；当日涨停附近；收在日内高位；温和放量；近5日趋势升温；站上20日线且不过热；v2强势延续修正；v2低分涨停修正；v3热点早段优先,-,v3
2026-06-03,002436,兴森科技,65,不推送,17.73,30,0.1,3.55,7.68,-4.13,22.9,-6.26,-5.55,-6.35,-5.64,21.1,7.68,7.68,22.9,温和放量；近5日趋势升温；站上20日线且不过热；连续上榜确认；震荡市里保持相对强势,当日转弱；收盘承接偏弱；人气排名明显回落；后段人气股在偏弱环境里更谨慎,v3
2026-05-07,603256,宏和科技,90,观察池,69.6,49,0.6,3.3,4.84,22.88,22.88,2.92,-1.58,2.3,-2.17,0.53,6.31,6.31,8.25,当日涨停附近；收在日内高位；温和放量；近5日强势延续；市场强势且个股相对强势；v3尾盘缩量强承接,短线涨幅偏高；偏离20日线较大；涨停封板不可买,v3
2026-05-21,600578,京能电力,3,观察池,83.8,39,-3.18,0.49,8.8,-32.76,22.86,12.1,12.59,15.78,16.29,14.43,20.9,22.86,22.86,人气Top3；当日涨停附近；收在日内高位；温和放量；近5日强势延续；持续霸榜；人气排名明显上升；弱市中个股相对抗跌；v2低分涨停修正,短线涨幅偏高；偏离20日线较大；热度可能进入后段；弱市里的长连榜样本优先降权；Top3高热度拥挤，次日兑现风险；v3尾盘版回避高位长连榜；涨停封板不可买,v3
2026-04-24,600110,诺德股份,99,不推送,40.0,55,-1.64,7.38,7.58,12.09,22.85,12.6,17.32,14.48,19.27,13.42,13.83,17.73,22.85,当日上涨；收盘承接较强；温和放量；站上20日线且不过热；连续上榜确认,近5日趋势未确认；人气排名明显回落,v3
2026-06-11,001696,宗申动力,28,观察池,54.3,24,1.67,8.97,8.97,-19.94,22.81,13.07,15.98,11.22,14.08,13.45,14.03,20.04,22.81,人气Top50；当日涨停附近；收在日内高位；放量仍可控；连续上榜确认；弱市中个股相对抗跌,短线涨幅过热；偏离20日线较大；涨停封板不可买,v3
2026-04-28,603601,再升科技,89,不推送,16.0,53,-2.75,-0.46,3.21,-41.48,22.8,9.57,17.23,12.67,20.55,10.48,14.22,22.8,22.8,温和放量；站上20日线且不过热；持续霸榜,近5日趋势未确认；热度可能进入后段；v3尾盘版回避高位长连榜,v3
2026-04-22,000988,华工科技,49,普通观察,68.0,57,0.81,-2.73,2.11,8.05,22.8,-1.79,-1.58,-2.58,-2.37,21.79,2.11,2.11,22.8,人气Top50；当日上涨；收在日内高位；温和放量；近5日趋势升温；站上20日线且不过热；持续霸榜；人气排名明显上升,热度可能进入后段；v3尾盘版回避高位长连榜,v3
2026-05-12,002281,光迅科技,22,不推送,0.0,46,-2.47,-1.5,1.35,4.74,22.8,-2.23,14.88,0.24,17.8,2.86,5.88,14.88,22.8,人气Top50；温和放量；近5日强势延续；持续霸榜；市场强势且个股相对强势,收盘承接偏弱；短线涨幅偏高；远离20日线过多；热度可能进入后段；上影线偏长；v3尾盘版回避高位长连榜；v3尾盘承接一般,v3
2026-06-25,600367,红星发展,99,不推送,26.6,15,1.16,11.29,11.29,-33.82,22.78,20.16,11.29,18.78,10.0,-17.38,20.16,22.78,22.78,温和放量；站上20日线且不过热；连续上榜确认；市场强势且个股相对强势,近5日趋势未确认；人气排名明显回落,v3
2026-07-06,002409,雅克科技,47,不推送,0.0,8,-1.25,-0.37,3.66,-16.36,22.78,12.06,1.35,13.48,2.63,,12.06,22.78,,人气Top50；温和放量；站上20日线且不过热；持续霸榜,当日转弱；收盘承接偏弱；近5日趋势未确认；热度可能进入后段；震荡市里相对走弱；市场健康度不足，收缩推送；市场健康度偏弱；v3尾盘版回避高位长连榜,v3
2026-05-19,001259,利仁科技,94,观察池,35.45,41,9.83,9.83,9.83,-29.89,22.77,8.02,0.11,-1.65,-8.85,-8.44,22.77,22.77,22.77,当日涨停附近；收在日内高位；温和放量；震荡市里保持相对强势；震荡市里承接未失控,短线涨幅过热；远离20日线过多；后段人气股在偏弱环境里更谨慎；涨停封板不可买,v3
2026-04-14,002475,立讯精密,18,不推送,46.0,63,-0.24,-0.61,3.11,4.13,22.76,1.03,11.18,1.27,11.44,18.16,3.11,11.6,22.76,人气Top20；温和放量；近5日趋势升温；站上20日线且不过热；连续上榜确认；v3热点早段优先,收盘承接偏弱；上影线偏长,v3
2026-04-21,003018,金富科技,55,不推送,47.0,58,4.53,10.01,10.01,-1.37,22.76,20.72,16.35,15.48,11.31,1.92,22.23,22.76,22.76,当日涨停附近；收在日内高位；近5日强势延续；v2低分涨停修正；v3尾盘缩量强承接,短线涨幅偏高；远离20日线过多,v3
2026-06-17,600160,巨化股份,88,不推送,42.6,20,-0.17,-6.62,-0.17,-15.39,22.75,-0.85,7.51,-0.68,7.7,16.04,6.86,10.05,22.75,收盘承接较强；温和放量；近5日趋势升温；站上20日线且不过热；持续霸榜；市场强势且个股相对强势,热度可能进入后段；人气排名明显回落；v3尾盘版回避高位长连榜,v3
2026-06-05,002281,光迅科技,30,不推送,18.5,28,-7.61,-8.94,-3.66,-7.39,22.75,-10.87,-9.82,-3.52,-2.4,21.46,-3.66,-3.66,22.75,人气Top50；当日上涨；温和放量；近5日趋势升温；站上20日线且不过热；持续霸榜；人气排名明显上升,收盘承接偏弱；热度可能进入后段；上影线偏长；弱市先收缩执行；弱市里的长连榜样本优先降权；v3尾盘版回避高位长连榜；v3尾盘承接一般,v3
2026-04-27,300475,香农芯创,76,不推送,48.0,54,-0.15,0.36,4.5,20.47,22.73,2.17,10.64,2.33,10.81,17.26,4.56,19.31,22.73,当日上涨；收盘承接较强；温和放量；站上20日线且不过热；连续上榜确认,-,v3
2026-05-06,300769,德方纳米,95,不推送,0.0,14,0.54,11.4,12.11,-3.0,22.72,9.74,7.21,9.15,6.64,-1.64,22.72,22.72,22.72,当日涨停附近；近5日强势延续；连续上榜确认,收盘承接偏弱；短线涨幅偏高；远离20日线过多；上影线偏长；v3尾盘版回避放量过猛；v3尾盘承接一般,v3
2026-06-24,603986,兆易创新,33,不推送,53.6,16,7.26,12.37,12.39,-25.41,22.72,21.76,11.9,13.51,4.33,-12.57,22.72,22.72,22.72,人气Top50；当日强涨；收盘承接较强；温和放量；近5日强势延续；持续霸榜；市场强势且个股相对强势,短线涨幅偏高；偏离20日线较大；热度可能进入后段；v3尾盘版回避高位长连榜,v3
2026-05-29,002241,歌尔股份,46,不推送,12.8,33,19.78,16.23,22.72,0.96,22.72,17.59,8.86,-1.83,-9.12,0.92,22.72,22.72,22.72,人气Top50；当日上涨；温和放量；连续上榜确认,近5日趋势未确认；仍在20日线下方；人气排名明显回落；弱市先收缩执行,v3
2026-04-30,300769,德方纳米,85,不推送,0.0,14,0.54,11.4,12.11,-3.0,22.72,9.74,7.21,9.15,6.64,-1.64,22.72,22.72,22.72,当日涨停附近；近5日强势延续；连续上榜确认,收盘承接偏弱；短线涨幅偏高；远离20日线过多；人气排名明显回落；上影线偏长；v3尾盘版回避放量过猛；v3尾盘承接一般,v3
2026-06-02,000725,京东方A,17,不推送,18.1,31,0.91,1.1,7.13,10.6,22.67,16.45,18.1,15.4,17.03,10.42,22.67,22.67,22.67,人气Top20；收盘承接较强；站上20日线且不过热；持续霸榜,近5日趋势未确认；热度可能进入后段；强势市里个股相对走弱；市场健康度不足，收缩推送；v3尾盘版回避高位长连榜,v3
2026-06-18,002747,埃斯顿,34,观察池,112.6,19,0.27,1.89,4.25,16.25,22.66,3.07,-5.01,2.79,-5.27,22.66,6.82,9.04,22.66,人气Top50；当日涨停附近；收在日内高位；近5日趋势升温；站上20日线且不过热；人气排名明显上升；市场强势且个股相对强势；v2强势延续修正；v3尾盘涨停延续；v3尾盘缩量强承接；v3热点早段优先,涨停封板不可买,v3
2026-04-22,002428,云南锗业,22,重点观察,89.0,57,1.4,2.18,9.99,10.83,22.65,-3.24,-8.0,-4.57,-9.27,22.54,9.99,9.99,22.65,人气Top50；当日涨停附近；收在日内高位；近5日强势延续；连续上榜确认；人气排名明显上升；v2强势延续修正；v2低分涨停修正；v3尾盘涨停延续,短线涨幅偏高；偏离20日线较大,v3
2026-06-12,002171,楚江新材,91,不推送,27.73,23,1.12,2.53,4.47,-25.47,22.64,11.69,22.34,10.46,20.99,-2.23,15.26,22.64,22.64,当日上涨；温和放量；站上20日线且不过热；震荡市里保持相对强势,人气排名明显回落；后段人气股在偏弱环境里更谨慎,v3
2026-04-24,300067,安诺其,51,不推送,0.0,18,1.35,-2.25,2.85,-2.85,22.64,6.75,13.49,5.33,11.98,11.54,16.19,17.69,22.64,连续上榜确认,当日转弱；收盘承接偏弱；放量过猛；短线涨幅过热；偏离20日线较大；v3尾盘版回避放量过猛,v3
2026-05-25,603618,杭电股份,81,不推送,4.55,37,0.21,-7.16,0.21,-20.91,22.63,2.53,1.51,2.32,1.29,3.78,3.96,12.78,22.63,温和放量；站上20日线且不过热；连续上榜确认；人气排名明显上升,当日转弱；收盘承接偏弱；近5日趋势未确认；强势市里个股相对走弱,v3
2026-05-08,600330,天通股份,92,不推送,32.6,48,3.48,10.66,10.66,-26.32,22.63,20.97,1.83,16.9,-1.6,0.93,21.77,22.63,22.63,当日上涨；近5日趋势升温；站上20日线且不过热；连续上榜确认；市场强势且个股相对强势,人气排名明显回落；v3尾盘承接一般,v3
2026-04-23,002149,西部材料,64,不推送,22.0,56,-2.58,-10.0,-2.07,-43.7,22.6,-12.02,-1.27,-9.69,1.34,15.56,-2.07,-1.27,22.6,温和放量；近5日趋势升温；站上20日线且不过热；持续霸榜,热度可能进入后段；上影线偏长；v3尾盘版回避高位长连榜；v3尾盘承接一般,v3
2026-05-25,002409,雅克科技,15,强推观察,106.6,37,-1.59,-3.42,-1.08,22.59,22.59,-9.59,-17.49,-8.13,-16.16,-17.0,-0.06,-0.06,-0.06,人气Top20；当日强涨；收在日内高位；温和放量；近5日趋势升温；站上20日线且不过热；人气排名明显上升；市场强势且个股相对强势；v3尾盘缩量强承接；v3热点早段优先,-,v3
2026-06-18,002636,金安国纪,27,不推送,22.6,19,7.15,12.57,13.19,-11.75,22.58,14.13,10.51,6.51,3.13,5.4,16.6,18.26,22.58,人气Top50；当日上涨；近5日趋势升温；持续霸榜；人气排名明显上升；市场强势且个股相对强势,远离20日线过多；热度可能进入后段；v3尾盘版回避高位长连榜,v3
2026-05-20,002600,领益智造,76,不推送,0.0,40,20.45,13.78,22.58,-7.55,22.58,17.96,13.78,-2.07,-5.54,8.94,22.58,22.58,22.58,持续霸榜,当日转弱；收盘承接偏弱；近5日趋势未确认；仍在20日线下方；热度可能进入后段；震荡市里相对走弱；后段人气股在偏弱环境里更谨慎；市场健康度不足，收缩推送；v3尾盘版回避高位长连榜,v3
2026-06-29,000725,京东方A,1,不推送,34.25,13,5.16,12.0,12.9,-21.94,22.58,17.42,0.13,11.66,-4.79,-11.87,22.58,22.58,22.58,人气Top3；温和放量；近5日趋势升温；站上20日线且不过热；持续霸榜；震荡市里保持相对强势,当日转弱；收盘承接偏弱；热度可能进入后段；Top3高热度拥挤，次日兑现风险；v3尾盘版回避高位长连榜,v3
2026-06-18,688008,澜起科技,93,不推送,30.6,19,1.62,3.11,4.93,-22.26,22.57,-1.88,-3.6,-3.45,-5.14,-1.77,4.93,4.93,22.57,当日上涨；收盘承接较强；近5日趋势升温；站上20日线且不过热；市场强势且个股相对强势,量能不足；人气排名明显回落,v3
2026-06-22,600141,兴发集团,99,观察池,68.6,18,7.2,-6.5,7.2,-28.33,22.56,13.13,14.08,5.53,6.42,-6.12,13.13,22.56,22.56,当日涨停附近；收在日内高位；近5日趋势升温；市场强势且个股相对强势；v2低分涨停修正；v3尾盘缩量强承接,偏离20日线较大；涨停封板不可买,v3
2026-07-07,002466,天齐锂业,92,不推送,0.0,7,22.5,12.01,22.56,3.74,22.56,0.5,-0.44,-17.95,-18.73,,22.56,22.56,,温和放量；连续上榜确认,收盘承接偏弱；近5日趋势未确认；仍在20日线下方；上影线偏长；弱市先收缩执行；后段人气股在偏弱环境里更谨慎,v3
2026-06-10,300308,中际旭创,37,不推送,0.0,25,-1.76,-2.8,1.61,-3.75,22.53,7.67,10.36,9.6,12.33,14.45,7.67,10.36,22.53,人气Top50；站上20日线且不过热；持续霸榜,当日转弱；近5日趋势未确认；热度可能进入后段；弱市先收缩执行；弱市里的长连榜样本优先降权；市场健康度不足，收缩推送；市场健康度偏弱；v3尾盘版回避高位长连榜,v3
2026-05-27,300394,天孚通信,84,不推送,43.73,35,-0.24,4.43,5.04,-20.13,22.53,0.06,16.07,0.3,16.34,-4.1,14.9,22.53,22.53,当日上涨；温和放量；近5日趋势升温；站上20日线且不过热；震荡市里保持相对强势,后段人气股在偏弱环境里更谨慎,v3
2026-05-28,002384,东山精密,47,不推送,34.6,34,1.62,-2.89,4.82,22.53,22.53,-3.85,8.4,-5.38,6.67,-3.82,4.82,11.54,11.54,人气Top50；温和放量；近5日趋势升温；站上20日线且不过热；持续霸榜；市场强势且个股相对强势,当日转弱；热度可能进入后段；v3尾盘版回避高位长连榜,v3
2026-05-06,001330,博纳影业,76,不推送,28.0,51,0.97,4.84,10.04,-38.45,22.49,8.95,8.95,7.9,7.9,14.15,11.25,13.18,22.49,收盘承接较强；温和放量；站上20日线且不过热,近5日趋势未确认,v3
2026-06-11,300346,南大光电,29,不推送,47.8,24,1.62,-10.19,2.98,-7.15,22.49,-4.26,-1.86,-5.79,-3.42,18.13,2.98,2.98,22.49,人气Top50；当日强涨；温和放量；近5日强势延续；站上20日线且不过热；人气排名明显上升；v3热点早段优先,短线涨幅偏高；弱市先收缩执行；v3尾盘半板但封单不强,v3
2026-06-23,002185,华天科技,19,不推送,14.5,17,-0.41,7.7,8.88,6.78,22.48,15.81,14.53,16.29,15.0,12.58,22.48,22.48,22.48,人气Top20；温和放量；近5日趋势升温；站上20日线且不过热；持续霸榜,当日转弱；收盘承接偏弱；热度可能进入后段；弱市先收缩执行；弱市里的长连榜样本优先降权；v3尾盘版回避高位长连榜,v3
2026-06-11,000988,华工科技,90,不推送,0.0,24,4.56,1.86,4.94,-11.84,22.48,10.62,19.76,5.8,14.54,8.56,12.42,22.48,22.48,持续霸榜,当日转弱；收盘承接偏弱；近5日趋势未确认；热度可能进入后段；弱市先收缩执行；后段人气股在偏弱环境里更谨慎；弱市里的长连榜样本优先降权；市场健康度不足，收缩推送；市场健康度偏弱；v3尾盘版回避高位长连榜,v3
2026-06-16,000657,中钨高新,18,不推送,57.6,21,-4.43,-3.85,-1.07,-27.59,22.48,16.39,7.5,21.78,12.48,3.05,16.39,22.48,22.48,人气Top20；当日上涨；收盘承接较强；温和放量；近5日强势延续；持续霸榜；人气排名明显上升；市场强势且个股相对强势,短线涨幅偏高；偏离20日线较大；热度可能进入后段；v3尾盘版回避高位长连榜,v3
2026-04-21,002217,合力泰,22,不推送,20.0,57,-5.37,-1.68,1.68,-48.66,22.48,-9.73,0.0,-4.61,5.67,15.1,1.68,9.4,22.48,人气Top50；近5日趋势升温；站上20日线且不过热；连续上榜确认；v3热点早段优先,放量过猛；v3尾盘版回避放量过猛；v3尾盘承接一般,v3
2026-04-29,002217,合力泰,42,不推送,52.0,51,-1.63,-5.86,-0.65,-50.16,22.48,14.01,16.29,15.89,18.21,-1.95,14.01,22.48,22.48,人气Top50；当日上涨；收盘承接较强；温和放量；站上20日线且不过热；连续上榜确认,人气排名明显回落,v3
2026-04-27,600703,三安光电,67,不推送,6.0,54,-1.43,-5.02,-0.34,-7.74,22.47,-7.2,2.78,-5.85,4.27,18.47,-0.34,3.53,22.47,温和放量；近5日趋势升温；站上20日线且不过热；持续霸榜,当日转弱；收盘承接偏弱；热度可能进入后段；人气排名明显回落；v3尾盘版回避高位长连榜,v3
2026-06-08,688507,索辰科技,84,观察池,27.57,27,-0.52,6.14,11.14,-17.09,22.46,-7.05,14.15,-6.57,14.75,7.24,15.24,18.45,22.46,当日涨停附近；收盘承接较强；近5日强势延续；弱市中个股相对抗跌,量能不足；短线涨幅偏高；偏离20日线较大；后段人气股在偏弱环境里更谨慎；涨停封板不可买,v3
2026-04-22,600118,中国卫星,58,不推送,44.0,57,-1.31,4.53,7.6,-29.12,22.46,1.97,0.36,3.32,1.69,18.99,7.6,7.6,22.46,收在日内高位；温和放量；近5日趋势升温；站上20日线且不过热；连续上榜确认,当日转弱；人气排名明显回落,v3
2026-04-13,300502,新易盛,96,不推送,28.0,64,1.99,1.42,5.11,5.83,22.44,4.83,13.71,2.78,11.49,4.93,5.31,16.43,22.44,温和放量；近5日趋势升温；站上20日线且不过热；连续上榜确认,当日转弱；人气排名明显回落,v3
2026-04-28,600879,航天电子,87,不推送,0.0,53,0.72,3.27,4.66,-23.95,22.43,12.67,19.29,11.87,18.44,3.54,14.15,20.73,22.43,连续上榜确认,当日转弱；收盘承接偏弱；近5日趋势未确认；人气排名明显回落,v3
2026-05-08,603278,大业股份,27,观察池,87.6,48,9.93,2.95,9.99,-37.89,22.4,2.55,13.75,-6.71,3.48,-4.9,9.99,13.75,22.4,人气Top50；当日涨停附近；收在日内高位；放量仍可控；近5日强势延续；站上20日线且不过热；市场强势且个股相对强势；v2强势延续修正；v2低分涨停修正,短线涨幅偏高；涨停封板不可买,v3
2026-04-30,300083,创世纪,29,不推送,60.0,51,-2.06,-4.12,-1.18,16.58,22.37,2.16,-0.1,4.31,2.0,13.35,4.91,7.26,22.37,人气Top50；当日涨停附近；收在日内高位；近5日趋势升温；站上20日线且不过热；v2低分涨停修正；v3热点早段优先,放量过猛；v3尾盘版回避放量过猛,v3
2026-05-20,300657,弘信电子,58,不推送,39.73,40,18.23,11.07,22.34,-20.84,22.34,10.88,-0.84,-6.21,-16.13,-7.96,22.34,22.34,22.34,温和放量；近5日趋势升温；站上20日线且不过热；连续上榜确认；震荡市里保持相对强势,人气排名明显回落；后段人气股在偏弱环境里更谨慎,v3
2026-04-24,000815,美利云,86,不推送,0.0,55,-0.99,2.45,5.74,-32.55,22.33,3.6,9.13,4.64,10.22,17.21,7.2,9.13,22.33,连续上榜确认,当日转弱；收盘承接偏弱；近5日趋势未确认；仍在20日线下方,v3
2026-06-11,600367,红星发展,50,不推送,0.0,24,3.19,-2.28,8.72,-36.13,22.33,4.16,4.22,0.95,1.0,7.39,8.72,14.58,22.33,人气Top50；温和放量；近5日趋势升温；持续霸榜,当日转弱；收盘承接偏弱；远离20日线过多；热度可能进入后段；人气排名明显回落；弱市先收缩执行；弱市里的长连榜样本优先降权；v3尾盘版回避高位长连榜,v3
2026-06-15,600460,士兰微,50,不推送,5.6,22,-18.34,-15.52,-14.12,-20.06,22.31,-7.68,3.82,13.05,27.14,20.64,-5.94,7.37,22.31,人气Top50；放量仍可控；近5日强势延续；人气排名明显上升；市场强势且个股相对强势,当日转弱；收盘承接偏弱；短线涨幅偏高；偏离20日线较大,v3
2026-04-29,600498,烽火通信,74,不推送,0.0,52,-4.47,-9.36,-2.97,-14.56,22.31,0.62,13.81,5.33,19.13,9.07,0.72,16.5,22.31,站上20日线且不过热,当日转弱；收盘承接偏弱；近5日趋势未确认,v3
2026-06-16,605358,立昂微,94,不推送,0.0,21,-0.73,3.95,4.89,-28.23,22.29,0.88,-1.56,1.63,-0.83,17.22,8.34,8.34,22.29,温和放量；站上20日线且不过热；持续霸榜,收盘承接偏弱；近5日趋势未确认；热度可能进入后段；上影线偏长；强势市里个股相对走弱；v3尾盘版回避高位长连榜,v3
2026-04-14,600664,哈药股份,37,普通观察,68.0,63,5.94,9.9,9.9,22.28,22.28,3.22,1.49,-2.57,-4.21,-8.66,20.79,20.79,20.79,人气Top50；当日涨停附近；收在日内高位；温和放量；站上20日线且不过热,-,v3
2026-04-20,002428,云南锗业,19,强推观察,110.0,59,0.18,0.29,3.34,22.27,22.27,12.73,6.74,12.53,6.56,17.6,21.35,21.35,21.35,人气Top20；当日涨停附近；收在日内高位；温和放量；近5日趋势升温；连续上榜确认；v2强势延续修正；v2连榜升温修正；v2低分涨停修正,偏离20日线较大,v3
2026-06-17,000100,TCL科技,6,观察池,114.6,20,1.76,-2.34,2.34,-2.73,22.27,-5.27,4.3,-6.91,2.5,15.62,2.34,4.3,22.27,人气Top10；当日涨停附近；收在日内高位；放量仍可控；近5日趋势升温；站上20日线且不过热；人气排名明显上升；市场强势且个股相对强势；v2强势延续修正；v3热点早段优先,涨停封板不可买,v3
2026-04-10,601138,工业富联,12,不推送,56.0,65,-0.92,-1.45,0.05,11.5,22.26,2.3,7.87,3.25,8.87,15.02,6.1,8.28,22.26,人气Top20；温和放量；近5日趋势升温；站上20日线且不过热；v3热点早段优先,-,v3
2026-04-24,603538,美诺华,32,不推送,48.0,55,-1.88,-2.05,3.13,-33.4,22.25,13.41,18.96,15.58,21.24,-2.74,13.41,19.33,22.25,人气Top50；当日上涨；温和放量；近5日趋势升温；站上20日线且不过热；持续霸榜,热度可能进入后段；v3尾盘版回避高位长连榜,v3
2026-07-07,002185,华天科技,20,观察池,70.0,7,4.74,-1.64,6.79,-5.15,22.25,15.41,17.1,10.19,11.8,,19.02,22.25,,人气Top20；当日涨停附近；收在日内高位；温和放量；站上20日线且不过热；持续霸榜；弱市中个股相对抗跌,近5日趋势未确认；热度可能进入后段；弱市里的长连榜样本优先降权；v3尾盘版回避高位长连榜；涨停封板不可买,v3
2026-05-28,300620,光库科技,60,观察池,82.6,34,-0.93,-5.27,-0.78,-7.23,22.24,8.74,8.48,9.77,9.51,-0.29,9.87,19.27,22.24,当日涨停附近；收在日内高位；温和放量；近5日趋势升温；站上20日线且不过热；市场强势且个股相对强势；v2低分涨停修正,涨停封板不可买,v3
2026-04-23,600186,莲花控股,13,强推观察,126.0,56,1.38,-3.28,3.7,4.97,22.22,4.13,13.44,2.71,11.9,5.71,7.41,22.22,22.22,人气Top20；当日涨停附近；收在日内高位；温和放量；近5日趋势升温；站上20日线且不过热；连续上榜确认；v2强势延续修正；v2连榜升温修正；v2低分涨停修正；v3热点早段优先,-,v3
2026-05-08,000062,深圳华强,66,不推送,0.0,48,11.97,20.95,20.95,-22.83,22.22,13.86,-0.65,1.69,-11.27,7.15,22.22,22.22,22.22,站上20日线且不过热；连续上榜确认,当日转弱；近5日趋势未确认；强势市里个股相对走弱,v3
2026-05-12,002384,东山精密,15,不推送,40.6,46,-3.16,0.36,2.6,22.21,22.21,-7.55,0.97,-4.53,4.26,0.57,2.75,2.75,3.79,人气Top20；温和放量；近5日趋势升温；站上20日线且不过热；持续霸榜；人气排名明显上升；市场强势且个股相对强势,收盘承接偏弱；热度可能进入后段；v3尾盘版回避高位长连榜；v3尾盘承接一般,v3
2026-04-28,000938,紫光股份,23,不推送,36.0,53,2.91,2.66,6.46,22.2,22.2,0.66,4.84,-2.18,1.88,0.85,6.46,6.46,9.02,人气Top50；近5日趋势升温；站上20日线且不过热；连续上榜确认；人气排名明显上升；v3热点早段优先,当日转弱,v3
2026-06-09,002552,宝鼎科技,96,不推送,32.6,26,-9.36,-8.25,0.57,-16.06,22.2,-9.3,9.75,0.07,21.08,17.58,0.57,9.75,22.2,当日上涨；温和放量；近5日趋势升温；市场强势且个股相对强势,偏离20日线较大；人气排名明显回落,v3
2026-06-16,002837,英维克,76,不推送,42.6,21,-1.91,1.66,2.83,-7.55,22.19,5.31,12.89,7.36,15.08,1.81,5.59,15.84,22.19,当日上涨；温和放量；近5日趋势升温；站上20日线且不过热；市场强势且个股相对强势,人气排名明显回落,v3
2026-04-20,600330,天通股份,35,不推送,46.0,59,0.0,-1.59,5.48,-10.63,22.18,7.11,14.73,7.11,14.73,17.07,15.19,19.16,22.18,人气Top50；当日涨停附近；收在日内高位；近5日趋势升温；连续上榜确认,量能不足；偏离20日线较大；人气排名明显回落；一字或近似一字，参与点差,v3
2026-06-08,300308,中际旭创,15,不推送,14.5,27,-1.63,1.74,3.13,-4.04,22.16,-3.09,7.34,-1.49,9.12,12.95,3.13,7.34,22.16,人气Top20；温和放量；站上20日线且不过热；持续霸榜,当日转弱；热度可能进入后段；弱市先收缩执行；弱市里的长连榜样本优先降权；v3尾盘版回避高位长连榜,v3
2026-04-27,600498,烽火通信,56,不推送,8.0,54,-0.87,1.36,4.57,-14.73,22.07,-9.53,0.43,-8.74,1.31,14.67,4.57,4.57,22.07,温和放量；站上20日线且不过热；连续上榜确认；人气排名明显上升,当日转弱；收盘承接偏弱；近5日趋势未确认,v3
2026-04-30,002475,立讯精密,46,不推送,0.0,51,1.9,0.12,5.97,-8.09,22.06,6.4,15.21,4.42,13.07,8.06,7.58,17.58,22.06,人气Top50；站上20日线且不过热；持续霸榜；人气排名明显上升,当日转弱；收盘承接偏弱；近5日趋势未确认；热度可能进入后段；v3尾盘版回避高位长连榜,v3
2026-05-07,002580,圣阳股份,26,不推送,16.0,49,1.31,10.01,10.01,-44.73,22.06,14.26,4.72,12.79,3.37,-10.04,21.02,22.06,22.06,人气Top50；温和放量；站上20日线且不过热；连续上榜确认,收盘承接偏弱；上影线偏长；v3尾盘承接一般,v3
2026-06-22,600172,黄河旋风,15,观察池,97.6,18,8.76,9.99,9.99,-16.42,22.06,18.56,4.87,9.01,-3.58,20.38,22.06,22.06,22.06,人气Top20；当日涨停附近；收在日内高位；近5日强势延续；站上20日线且不过热；持续霸榜；市场强势且个股相对强势；v2强势延续修正；v2低分涨停修正；v3尾盘涨停延续,短线涨幅偏高；热度可能进入后段；v3尾盘版回避高位长连榜；涨停封板不可买,v3
2026-04-20,600105,永鼎股份,42,不推送,8.0,59,-4.43,-0.98,1.2,6.53,22.01,16.03,16.08,21.4,21.45,13.68,19.78,22.01,22.01,人气Top50；温和放量；近5日趋势升温；持续霸榜,收盘承接偏弱；偏离20日线较大；热度可能进入后段；人气排名明显回落；上影线偏长；v3尾盘版回避高位长连榜,v3
2026-05-08,002428,云南锗业,26,重点观察,94.6,48,2.67,6.96,7.05,-3.26,22.01,17.76,4.79,14.7,2.07,1.04,21.93,22.01,22.01,人气Top50；当日强涨；收盘承接较强；温和放量；近5日趋势升温；站上20日线且不过热；连续上榜确认；人气排名明显上升；市场强势且个股相对强势；v2连榜升温修正；v3热点早段优先,v3尾盘半板但封单不强,v3
2026-05-20,002015,协鑫能科,59,不推送,0.0,40,-0.48,-4.02,1.82,-35.01,21.98,6.75,3.45,7.27,3.95,16.24,9.67,9.67,21.98,站上20日线且不过热；持续霸榜,当日转弱；收盘承接偏弱；近5日趋势未确认；热度可能进入后段；震荡市里相对走弱；后段人气股在偏弱环境里更谨慎；市场健康度不足，收缩推送；v3尾盘版回避高位长连榜,v3
2026-06-09,002837,英维克,44,观察池,60.6,26,1.66,-1.18,4.26,-2.67,21.96,-5.22,4.98,-6.77,3.26,18.85,4.26,7.77,21.96,人气Top50；当日涨停附近；收在日内高位；温和放量；人气排名明显上升；市场强势且个股相对强势,仍在20日线下方；涨停封板不可买,v3
2026-06-25,002129,TCL中环,95,不推送,44.6,15,0.29,9.71,9.71,-10.49,21.96,17.84,8.14,17.5,7.82,8.14,18.82,21.96,21.96,当日强涨；收盘承接较强；温和放量；站上20日线且不过热；市场强势且个股相对强势,近5日趋势未确认；人气排名明显回落,v3
2026-06-18,600183,生益科技,33,不推送,62.6,19,18.6,17.26,21.95,-6.58,21.95,12.69,13.45,-4.98,-4.34,2.19,21.95,21.95,21.95,人气Top50；当日强涨；收在日内高位；近5日趋势升温；站上20日线且不过热；持续霸榜；市场强势且个股相对强势,热度可能进入后段；v3尾盘版回避高位长连榜,v3
2026-06-15,600183,生益科技,10,普通观察,82.6,22,11.86,14.02,16.34,-6.58,21.95,16.86,6.69,4.47,-4.62,10.21,21.39,21.95,21.95,人气Top10；当日强涨；收在日内高位；近5日趋势升温；站上20日线且不过热；持续霸榜；人气排名明显上升；市场强势且个股相对强势,热度可能进入后段；v3尾盘版回避高位长连榜,v3
2026-07-07,600487,亨通光电,8,不推送,0.0,7,15.44,8.64,16.46,-8.46,21.95,9.81,5.0,-4.88,-9.05,,21.95,21.95,,人气Top10；温和放量；持续霸榜,当日转弱；收盘承接偏弱；近5日趋势未确认；仍在20日线下方；热度可能进入后段；弱市先收缩执行；弱市里的长连榜样本优先降权；市场健康度不足，收缩推送；市场健康度偏弱；v3尾盘版回避高位长连榜,v3
2026-06-05,600186,莲花控股,27,不推送,13.8,28,-24.84,-18.56,-16.93,-22.98,21.89,-9.78,-10.17,20.04,19.52,11.8,-8.39,0.54,21.89,人气Top50；温和放量；近5日强势延续；站上20日线且不过热；人气排名明显上升；v3热点早段优先,当日转弱；收盘承接偏弱；短线涨幅偏高；弱市先收缩执行,v3
2026-06-03,002384,东山精密,22,不推送,17.45,30,0.72,7.84,10.96,21.89,21.89,-3.41,-3.74,-4.1,-4.43,16.51,10.96,10.96,20.64,人气Top50；当日上涨；温和放量；站上20日线且不过热；持续霸榜；震荡市里保持相对强势,收盘承接偏弱；近5日趋势未确认；热度可能进入后段；上影线偏长；v3尾盘版回避高位长连榜,v3
2026-07-06,002384,东山精密,35,不推送,0.0,8,-0.32,5.18,7.28,19.36,21.89,16.04,5.11,16.41,5.44,,16.04,21.89,,人气Top50；温和放量；持续霸榜,当日转弱；收盘承接偏弱；近5日趋势未确认；仍在20日线下方；热度可能进入后段；人气排名明显回落；震荡市里相对走弱；市场健康度不足，收缩推送；市场健康度偏弱；v3尾盘版回避高位长连榜,v3
2026-06-23,600460,士兰微,22,不推送,19.5,17,0.15,6.74,8.43,-22.69,21.88,7.53,16.67,7.37,16.5,0.94,14.83,18.29,21.88,人气Top50；当日上涨；温和放量；近5日强势延续；持续霸榜；人气排名明显上升,短线涨幅偏高；偏离20日线较大；热度可能进入后段；弱市先收缩执行；弱市里的长连榜样本优先降权；v3尾盘版回避高位长连榜；v3尾盘承接一般,v3
2026-06-04,688126,沪硅产业,74,观察池,31.45,29,-3.18,-2.73,1.23,-1.33,21.88,8.33,10.96,11.88,14.6,9.94,8.33,17.92,21.88,当日涨停附近；收盘承接较强；站上20日线且不过热；震荡市里保持相对强势；震荡市里承接未失控,量能不足；近5日趋势未确认；后段人气股在偏弱环境里更谨慎；涨停封板不可买,v3
2026-05-06,000977,浪潮信息,94,不推送,18.0,51,1.73,4.92,7.15,21.86,21.86,9.59,4.79,7.72,3.0,3.5,13.91,13.91,13.91,收盘承接较强；温和放量；站上20日线且不过热,当日转弱；近5日趋势未确认,v3
2026-06-22,000630,铜陵有色,73,不推送,0.0,18,21.86,10.7,21.86,-6.2,21.86,3.57,-1.24,-15.01,-18.96,-2.33,21.86,21.86,21.86,当日上涨；持续霸榜；市场强势且个股相对强势,近5日趋势未确认；仍在20日线下方；热度可能进入后段；人气排名明显回落；上影线偏长；v3尾盘版回避高位长连榜；v3尾盘承接一般,v3
2026-06-04,603986,兆易创新,15,普通观察,83.17,29,-4.16,-7.75,-1.74,-2.72,21.86,-5.39,-8.6,-1.28,-4.64,18.9,-1.74,-1.74,21.86,人气Top20；当日强涨；收盘承接较强；温和放量；近5日趋势升温；站上20日线且不过热；持续霸榜；人气排名明显上升；震荡市里保持相对强势；震荡市里承接未失控,热度可能进入后段；v3尾盘版回避高位长连榜,v3
2026-07-07,603986,兆易创新,19,不推送,34.0,7,8.43,3.81,10.33,-11.43,21.85,5.33,0.51,-2.86,-7.3,,21.85,21.85,,人气Top20；当日上涨；收盘承接较强；温和放量；持续霸榜；弱市中个股相对抗跌,近5日趋势未确认；仍在20日线下方；热度可能进入后段；弱市里的长连榜样本优先降权；v3尾盘版回避高位长连榜,v3
2026-05-18,001896,豫能控股,80,不推送,0.0,42,-1.42,9.54,9.54,-8.66,21.85,10.76,14.48,12.35,16.13,19.42,12.58,17.05,21.85,持续霸榜,当日转弱；收盘承接偏弱；近5日趋势未确认；仍在20日线下方；热度可能进入后段；人气排名明显回落；震荡市里相对走弱；后段人气股在偏弱环境里更谨慎；市场健康度不足，收缩推送；v3尾盘版回避高位长连榜,v3
2026-07-08,603986,兆易创新,19,不推送,34.0,6,8.95,14.2,14.2,-11.43,21.85,-5.2,-1.59,-12.99,-9.67,,21.85,21.85,,人气Top20；当日上涨；收盘承接较强；温和放量；持续霸榜；弱市中个股相对抗跌,近5日趋势未确认；仍在20日线下方；热度可能进入后段；弱市里的长连榜样本优先降权；v3尾盘版回避高位长连榜,v3
2026-06-11,603011,合锻智能,43,不推送,64.3,24,-3.97,-8.47,0.41,-33.8,21.8,1.79,16.36,6.0,21.17,-5.68,4.65,16.36,21.8,人气Top50；当日上涨；收盘承接较强；温和放量；近5日趋势升温；连续上榜确认；人气排名明显上升；弱市中个股相对抗跌,偏离20日线较大,v3
2026-06-26,600118,中国卫星,90,不推送,0.0,14,5.52,9.6,10.66,-6.44,21.78,15.87,16.75,9.81,10.64,21.78,18.48,20.08,21.78,放量仍可控,当日转弱；收盘承接偏弱；近5日趋势未确认；人气排名明显回落；弱市先收缩执行；后段人气股在偏弱环境里更谨慎；市场健康度不足，收缩推送；市场健康度偏弱,v3
2026-06-09,002484,江海股份,77,观察池,80.6,26,-1.14,-4.76,0.89,-11.48,21.77,-11.67,3.72,-10.65,4.92,9.73,0.89,3.72,21.77,当日涨停附近；收在日内高位；温和放量；近5日趋势升温；人气排名明显上升；市场强势且个股相对强势；v3尾盘缩量强承接,偏离20日线较大；涨停封板不可买,v3
2026-05-19,002384,东山精密,6,不推送,71.17,41,-0.29,1.02,2.18,21.77,21.77,-0.09,0.2,0.2,0.5,-4.45,2.18,3.41,6.0,人气Top10；当日上涨；收盘承接较强；温和放量；站上20日线且不过热；持续霸榜；人气排名明显上升；震荡市里保持相对强势；震荡市里承接未失控,热度可能进入后段；v3尾盘版回避高位长连榜,v3
2026-05-28,688635,长进光子,79,不推送,0.0,34,-1.93,16.99,21.75,-44.65,21.75,-0.79,5.54,1.16,7.62,-27.58,21.75,21.75,21.75,连续上榜确认,当日转弱；量能不足；人气排名明显回落；强势市里个股相对走弱,v3
2026-05-15,000938,紫光股份,77,不推送,0.0,43,0.44,0.22,2.71,21.74,21.74,1.42,-5.99,0.97,-6.41,-9.84,4.16,4.16,4.16,温和放量；站上20日线且不过热,当日转弱；收盘承接偏弱；近5日趋势未确认；震荡市里相对走弱；后段人气股在偏弱环境里更谨慎；市场健康度不足，收缩推送,v3
2026-06-16,002636,金安国纪,47,不推送,28.6,21,-2.12,-6.32,0.6,-12.35,21.74,11.79,13.35,14.22,15.81,8.99,12.41,15.8,21.74,人气Top50；当日上涨；收在日内高位；温和放量；持续霸榜；市场强势且个股相对强势,短线涨幅过热；远离20日线过多；热度可能进入后段；v3尾盘版回避高位长连榜,v3
2026-05-27,603435,嘉德利,73,不推送,0.0,35,-4.1,-0.22,7.58,-34.95,21.71,16.53,5.31,21.51,9.81,-4.07,20.66,20.66,21.71,连续上榜确认；人气排名明显上升,当日转弱；收盘承接偏弱；仍在20日线下方；震荡市里相对走弱；后段人气股在偏弱环境里更谨慎；市场健康度不足，收缩推送,v3
2026-06-10,600162,香江控股,76,不推送,0.0,25,-5.87,-7.62,1.17,-18.48,21.7,6.74,-4.69,13.4,1.25,2.64,7.04,10.26,21.7,连续上榜确认,当日转弱；收盘承接偏弱；偏离20日线较大；人气排名明显回落；弱市先收缩执行；后段人气股在偏弱环境里更谨慎,v3
2026-05-28,000539,粤电力A,43,观察池,115.6,34,8.67,10.04,10.04,-34.45,21.69,13.14,13.63,4.1,4.56,-6.44,21.07,21.69,21.69,人气Top50；当日涨停附近；收在日内高位；温和放量；近5日强势延续；站上20日线且不过热；连续上榜确认；市场强势且个股相对强势；v2强势延续修正；v2连榜升温修正；v2低分涨停修正；v3热点早段优先,短线涨幅偏高；涨停封板不可买,v3
2026-05-28,600759,ST洲际,41,不推送,36.6,34,4.94,4.94,4.94,-4.94,21.67,15.97,7.98,10.51,2.9,-1.9,15.97,21.67,21.67,人气Top50；当日上涨；收在日内高位；温和放量；持续霸榜；市场强势且个股相对强势,近5日趋势未确认；仍在20日线下方；热度可能进入后段；v3尾盘版回避高位长连榜,v3
2026-06-30,002167,东方锆业,17,观察池,112.6,12,1.13,10.01,10.01,-21.61,21.66,13.46,1.18,12.19,0.04,-18.08,21.66,21.66,21.66,人气Top20；当日涨停附近；收在日内高位；温和放量；近5日趋势升温；持续霸榜；人气排名明显上升；市场强势且个股相对强势；v2强势延续修正；v2低分涨停修正；v3尾盘涨停延续,偏离20日线较大；热度可能进入后段；v3尾盘版回避高位长连榜；涨停封板不可买,v3
2026-06-24,001309,德明利,76,不推送,60.6,16,3.03,10.6,10.6,-26.0,21.65,20.41,10.88,16.87,7.62,2.41,21.65,21.65,21.65,当日上涨；收盘承接较强；温和放量；近5日趋势升温；站上20日线且不过热；连续上榜确认；市场强势且个股相对强势,人气排名明显回落,v3
2026-06-16,603618,杭电股份,80,观察池,86.6,21,2.06,9.99,9.99,-36.32,21.65,17.18,15.84,14.81,13.5,5.97,18.03,18.44,21.65,当日涨停附近；收在日内高位；近5日趋势升温；站上20日线且不过热；连续上榜确认；市场强势且个股相对强势；v2低分涨停修正；v3尾盘缩量强承接,涨停封板不可买,v3
2026-04-16,002491,通鼎互联,17,强推观察,106.0,61,0.0,-3.14,2.24,21.64,21.64,7.23,7.75,7.23,7.75,1.15,10.31,16.52,16.52,人气Top20；当日涨停附近；收在日内高位；温和放量；站上20日线且不过热；连续上榜确认；人气排名明显上升；v3尾盘涨停延续；v3尾盘缩量强承接,近5日趋势未确认,v3
2026-04-17,002217,合力泰,6,强推观察,102.0,59,8.58,10.07,10.07,-42.91,21.64,9.33,0.37,0.69,-7.56,18.66,17.91,17.91,21.64,人气Top10；当日涨停附近；收在日内高位；放量仍可控；近5日趋势升温；站上20日线且不过热；首次上榜即强势；v3热点早段优先,-,v3
2026-04-21,002149,西部材料,46,不推送,48.0,58,-3.78,4.52,6.86,-40.94,21.64,-5.59,-7.71,-1.88,-4.08,18.12,9.1,9.1,21.64,人气Top50；温和放量；近5日趋势升温；站上20日线且不过热；连续上榜确认；v3热点早段优先,人气排名明显回落；v3尾盘承接一般,v3
2026-06-26,001399,惠科股份,1,观察池,29.6,14,-13.61,-18.92,-7.37,-39.65,21.64,8.26,-1.43,25.32,14.11,-13.38,13.68,21.64,21.64,人气Top3；当日涨停附近；站上20日线且不过热；首次上榜即强势,收盘承接偏弱；上影线偏长；弱市先收缩执行；Top3高热度拥挤，次日兑现风险；涨停封板不可买,v3
2026-05-25,002491,通鼎互联,98,不推送,46.6,37,-0.34,-7.45,0.21,-19.15,21.62,-1.62,-1.28,-1.28,-0.94,6.81,0.21,5.79,21.62,当日上涨；收盘承接较强；温和放量；站上20日线且不过热；市场强势且个股相对强势；v3尾盘缩量强承接,近5日趋势未确认；人气排名明显回落,v3
2026-05-06,600487,亨通光电,24,不推送,4.0,51,2.74,9.28,10.0,-1.29,21.61,17.61,14.31,14.47,11.26,14.46,20.99,21.61,21.61,人气Top50；站上20日线且不过热；持续霸榜；人气排名明显上升,当日转弱；近5日趋势未确认；热度可能进入后段；v3尾盘版回避高位长连榜,v3
2026-04-30,600487,亨通光电,40,不推送,0.0,51,2.74,9.28,10.0,-1.29,21.61,17.61,14.31,14.47,11.26,14.46,20.99,21.61,21.61,人气Top50；站上20日线且不过热；持续霸榜,当日转弱；近5日趋势未确认；热度可能进入后段；v3尾盘版回避高位长连榜,v3
2026-06-12,002119,康强电子,42,不推送,12.45,23,-1.42,3.97,5.17,-19.13,21.59,2.16,5.57,3.62,7.09,11.76,5.17,9.09,21.59,人气Top50；当日上涨；近5日强势延续；连续上榜确认；人气排名明显上升；震荡市里保持相对强势,收盘承接偏弱；短线涨幅偏高；偏离20日线较大；v3尾盘版回避放量过猛；v3尾盘承接一般,v3
2026-07-08,600522,中天科技,13,不推送,0.0,6,11.93,15.1,15.44,-8.2,21.58,0.81,-0.07,-9.94,-10.73,,21.58,21.58,,人气Top20；持续霸榜,当日转弱；收盘承接偏弱；近5日趋势未确认；仍在20日线下方；热度可能进入后段；弱市先收缩执行；弱市里的长连榜样本优先降权；市场健康度不足，收缩推送；市场健康度偏弱；v3尾盘版回避高位长连榜,v3
2026-05-19,002297,博云新材,69,不推送,0.0,41,-0.62,-2.04,-0.37,-16.67,21.58,10.52,9.44,11.21,10.13,-17.05,11.64,21.58,21.58,站上20日线且不过热；持续霸榜,当日转弱；收盘承接偏弱；近5日趋势未确认；热度可能进入后段；人气排名明显回落；震荡市里相对走弱；后段人气股在偏弱环境里更谨慎；市场健康度不足，收缩推送；v3尾盘版回避高位长连榜,v3
2026-07-07,600522,中天科技,13,不推送,0.0,7,17.14,9.5,17.7,-8.2,21.58,12.08,4.57,-4.32,-10.73,,21.58,21.58,,人气Top20；持续霸榜,当日转弱；收盘承接偏弱；近5日趋势未确认；仍在20日线下方；热度可能进入后段；弱市先收缩执行；弱市里的长连榜样本优先降权；市场健康度不足，收缩推送；市场健康度偏弱；v3尾盘版回避高位长连榜,v3
2026-06-03,600487,亨通光电,6,观察池,76.17,30,1.42,6.75,7.97,-29.07,21.56,4.12,16.6,2.66,14.97,21.11,12.32,20.0,21.56,人气Top10；当日涨停附近；收在日内高位；近5日强势延续；站上20日线且不过热；持续霸榜；震荡市里保持相对强势；震荡市里承接未失控；v2低分涨停修正,量能不足；短线涨幅偏高；热度可能进入后段；v3尾盘版回避高位长连榜；涨停封板不可买,v3
2026-04-10,300476,胜宏科技,54,不推送,42.0,65,-1.66,2.91,4.25,-5.86,21.55,2.66,13.43,4.39,15.34,9.66,8.69,16.41,21.55,当日上涨；温和放量；近5日趋势升温；站上20日线且不过热,-,v3
2026-07-02,000063,中兴通讯,87,不推送,0.0,10,-0.23,2.83,5.99,13.06,21.54,1.16,13.99,1.39,14.25,13.06,5.99,14.47,21.54,温和放量；连续上榜确认,当日转弱；收盘承接偏弱；近5日趋势未确认；仍在20日线下方；弱市先收缩执行；后段人气股在偏弱环境里更谨慎；市场健康度不足，收缩推送；市场健康度偏弱,v3
2026-05-28,600745,*ST闻泰,42,不推送,26.6,34,4.98,4.98,4.98,-4.47,21.53,15.74,4.47,10.26,-0.48,-8.89,15.74,21.53,21.53,人气Top50；当日上涨；收在日内高位；近5日趋势升温；持续霸榜；市场强势且个股相对强势,量能不足；仍在20日线下方；热度可能进入后段；人气排名明显回落；v3尾盘版回避高位长连榜,v3
2026-06-25,603678,火炬电子,100,观察池,54.6,15,-0.71,5.8,7.83,-32.17,21.52,10.48,8.17,11.26,8.94,-15.48,16.2,21.52,21.52,当日涨停附近；收在日内高位；近5日趋势升温；站上20日线且不过热；市场强势且个股相对强势,量能不足；涨停封板不可买,v3
2026-04-15,600666,奥瑞德,20,不推送,24.0,62,0.32,9.95,9.95,-46.71,21.51,14.93,9.47,14.56,9.12,-10.91,21.51,21.51,21.51,人气Top20；温和放量；站上20日线且不过热；连续上榜确认；人气排名明显上升,当日转弱；收盘承接偏弱；近5日趋势未确认,v3
2026-04-17,002475,立讯精密,45,不推送,0.0,60,4.84,10.01,10.01,3.06,21.51,13.86,10.46,8.6,5.36,12.27,14.96,18.29,21.51,人气Top50；站上20日线且不过热；持续霸榜,当日转弱；收盘承接偏弱；热度可能进入后段；v3尾盘版回避高位长连榜,v3
2026-04-17,002565,顺灏股份,15,重点观察,80.0,60,0.16,7.24,8.67,-48.84,21.51,16.01,4.65,15.83,4.49,1.48,21.51,21.51,21.51,人气Top20；当日上涨；收盘承接较强；温和放量；近5日趋势升温；站上20日线且不过热；连续上榜确认；人气排名明显上升,-,v3
2026-04-13,002466,天齐锂业,92,不推送,52.0,64,0.64,3.91,4.09,-20.55,21.51,5.19,7.6,4.51,6.91,18.6,7.34,10.14,21.51,当日上涨；收盘承接较强；温和放量；近5日趋势升温；站上20日线且不过热,-,v3
2026-04-30,601869,长飞光纤,47,不推送,12.0,51,2.29,2.02,4.55,13.52,21.5,12.24,16.26,9.73,13.66,12.43,14.44,21.5,21.5,人气Top50；温和放量；连续上榜确认,当日转弱；近5日趋势未确认；人气排名明显回落,v3
2026-07-01,600172,黄河旋风,41,不推送,0.0,11,-5.44,10.14,10.14,-21.32,21.5,13.32,7.45,19.83,13.63,-14.05,13.32,21.5,21.5,人气Top50；站上20日线且不过热；持续霸榜,当日转弱；收盘承接偏弱；近5日趋势未确认；热度可能进入后段；震荡市里相对走弱；市场健康度不足，收缩推送；v3尾盘版回避高位长连榜,v3
2026-05-22,002938,鹏鼎控股,30,不推送,34.6,38,12.88,12.88,12.88,2.69,21.5,4.5,3.61,-7.42,-8.22,4.74,21.5,21.5,21.5,人气Top50；温和放量；近5日趋势升温；站上20日线且不过热；人气排名明显上升；市场强势且个股相对强势；v3热点早段优先,当日转弱；收盘承接偏弱,v3
2026-05-13,002938,鹏鼎控股,57,不推送,0.0,45,-9.85,-17.15,-9.85,2.69,21.5,-12.11,-11.13,-2.51,-1.41,4.5,-8.86,-5.93,21.5,温和放量；近5日强势延续；市场强势且个股相对强势,当日转弱；收盘承接偏弱；短线涨幅偏高；偏离20日线较大,v3
2026-04-10,002475,立讯精密,3,普通观察,68.0,65,-0.69,0.72,2.3,5.84,21.49,1.03,2.7,1.73,3.41,13.44,4.81,4.81,21.49,人气Top3；当日上涨；收盘承接较强；近5日趋势升温；站上20日线且不过热；v3热点早段优先,v3尾盘版回避放量过猛,v3
2026-04-13,600488,津药药业,82,不推送,4.0,64,0.51,5.25,6.09,9.14,21.49,6.43,8.46,5.89,7.91,-4.91,15.74,15.74,21.49,温和放量；站上20日线且不过热；连续上榜确认,当日转弱；收盘承接偏弱；近5日趋势未确认,v3
2026-06-23,002549,凯美特气,65,观察池,72.58,17,0.91,4.12,7.12,-24.0,21.48,1.71,12.75,0.8,11.73,-8.57,8.62,17.84,21.48,当日涨停附近；收在日内高位；温和放量；近5日趋势升温；站上20日线且不过热；弱市中个股相对抗跌,后段人气股在偏弱环境里更谨慎；涨停封板不可买,v3
2026-04-22,600487,亨通光电,13,强推观察,99.0,57,1.51,5.69,6.87,-1.41,21.47,8.51,2.43,6.9,0.91,14.0,13.24,13.24,21.47,人气Top20；当日涨停附近；收在日内高位；温和放量；近5日强势延续；站上20日线且不过热；持续霸榜；人气排名明显上升；v2强势延续修正；v2低分涨停修正,短线涨幅偏高；热度可能进入后段；v3尾盘版回避高位长连榜,v3
2026-04-21,002407,多氟多,32,不推送,52.0,58,-1.44,-0.72,0.5,-0.09,21.47,2.82,5.07,4.32,6.61,8.92,2.82,8.61,21.47,人气Top50；当日上涨；收盘承接较强；温和放量；站上20日线且不过热；人气排名明显上升,-,v3
2026-04-10,600869,远东股份,87,不推送,12.0,65,-1.73,-2.44,-0.13,21.47,21.47,-1.41,-5.77,0.33,-4.11,3.97,0.26,0.26,10.45,温和放量；近5日趋势升温；站上20日线且不过热,当日转弱；收盘承接偏弱,v3
2026-06-15,600500,中化国际,80,不推送,0.0,22,10.97,11.71,11.71,-31.2,21.45,8.88,-0.86,-1.89,-10.67,-3.45,21.45,21.45,21.45,连续上榜确认；市场强势且个股相对强势,短线涨幅过热；偏离20日线较大；人气排名明显回落；v3尾盘版回避放量过猛,v3
2026-06-29,600707,彩虹股份,41,普通观察,75.17,13,-0.4,11.78,11.78,-33.95,21.44,10.46,-10.52,10.9,-10.17,-28.79,21.44,21.44,21.44,人气Top50；当日强涨；收盘承接较强；温和放量；近5日趋势升温；站上20日线且不过热；持续霸榜；人气排名明显上升；震荡市里保持相对强势；震荡市里承接未失控,热度可能进入后段；v3尾盘版回避高位长连榜,v3
2026-04-21,603083,剑桥科技,84,不推送,41.0,58,-2.02,6.66,9.56,21.42,21.42,-4.85,-3.88,-2.89,-1.91,17.61,9.56,9.56,20.51,当日上涨；收盘承接较强；温和放量；近5日强势延续；v3尾盘缩量强承接,短线涨幅偏高；偏离20日线较大；人气排名明显回落,v3
2026-06-04,605358,立昂微,44,观察池,113.17,29,1.31,4.26,6.76,-23.51,21.41,11.38,11.38,9.93,9.93,9.62,11.38,18.45,21.41,人气Top50；当日涨停附近；收在日内高位；温和放量；近5日趋势升温；站上20日线且不过热；连续上榜确认；人气排名明显上升；震荡市里保持相对强势；震荡市里承接未失控；v2强势延续修正；v3热点早段优先,涨停封板不可买,v3
2026-06-22,301217,铜冠铜箔,69,不推送,2.55,18,21.2,10.35,21.4,-18.29,21.4,17.71,3.21,-2.87,-14.84,-7.4,21.4,21.4,21.4,温和放量；近5日趋势升温；站上20日线且不过热；持续霸榜,当日转弱；收盘承接偏弱；热度可能进入后段；人气排名明显回落；强势市里个股相对走弱；v3尾盘版回避高位长连榜,v3
2026-04-13,002080,中材科技,37,强推观察,95.0,64,0.78,3.11,3.57,21.38,21.38,-2.57,-2.55,-3.32,-3.3,2.99,3.57,3.57,9.43,人气Top50；当日涨停附近；收在日内高位；温和放量；近5日强势延续；站上20日线且不过热；v2强势延续修正；v2低分涨停修正；v3热点早段优先,短线涨幅偏高,v3
2026-05-25,601138,工业富联,20,不推送,62.6,37,-0.2,-0.03,1.14,-9.97,21.36,7.14,5.36,7.36,5.57,0.69,8.97,13.76,21.36,人气Top20；当日上涨；收盘承接较强；温和放量；站上20日线且不过热；持续霸榜；人气排名明显上升；市场强势且个股相对强势,热度可能进入后段；v3尾盘版回避高位长连榜,v3
2026-05-26,000066,中国长城,44,不推送,0.0,36,20.38,12.71,21.36,0.31,21.36,9.27,11.05,-9.23,-7.75,-0.55,21.36,21.36,21.36,人气Top50；持续霸榜,当日转弱；收盘承接偏弱；量能不足；近5日趋势未确认；仍在20日线下方；热度可能进入后段；震荡市里相对走弱；v3尾盘版回避高位长连榜,v3
2026-04-13,603601,再升科技,93,不推送,12.0,64,0.95,3.5,4.15,-34.91,21.36,9.55,13.48,8.52,12.42,8.89,14.43,16.25,21.36,当日上涨；站上20日线且不过热,近5日趋势未确认,v3
2026-04-15,002015,协鑫能科,74,不推送,0.0,62,0.56,3.48,5.73,-23.76,21.35,7.64,11.63,7.04,11.01,5.0,10.0,12.08,21.35,温和放量,近5日趋势未确认；上影线偏长；v3尾盘承接一般,v3
2026-06-12,300059,东方财富,74,不推送,39.45,23,-0.17,4.77,8.04,9.93,21.35,5.6,16.31,5.78,16.5,11.48,8.04,16.31,21.35,当日上涨；收盘承接较强；温和放量；连续上榜确认；震荡市里保持相对强势；震荡市里承接未失控,近5日趋势未确认；后段人气股在偏弱环境里更谨慎,v3
2026-04-29,000925,众合科技,100,不推送,0.0,52,0.92,-5.84,3.28,-24.39,21.31,1.43,0.2,0.51,-0.71,-7.48,5.02,9.63,21.31,近5日强势延续；站上20日线且不过热；连续上榜确认,收盘承接偏弱；短线涨幅偏高；人气排名明显回落；v3尾盘版回避放量过猛,v3
2026-04-28,000925,众合科技,53,不推送,0.0,53,-0.92,0.0,10.04,-24.39,21.31,2.46,0.61,3.41,1.55,-1.74,10.04,10.04,21.31,近5日强势延续；站上20日线且不过热,当日转弱；收盘承接偏弱；放量过猛；短线涨幅偏高；v3尾盘版回避放量过猛,v3
2026-06-03,002484,江海股份,69,不推送,34.73,30,2.88,11.37,11.37,-5.88,21.3,-3.34,1.26,-6.04,-1.57,21.29,11.37,11.37,21.3,当日上涨；温和放量；近5日强势延续；连续上榜确认；人气排名明显上升；震荡市里保持相对强势,短线涨幅偏高；偏离20日线较大；后段人气股在偏弱环境里更谨慎；v3尾盘承接一般,v3
2026-07-03,603019,中科曙光,69,不推送,0.0,9,1.0,1.48,2.94,4.81,21.27,5.33,15.37,4.29,14.23,,8.55,21.27,,站上20日线且不过热；持续霸榜,当日转弱；收盘承接偏弱；近5日趋势未确认；热度可能进入后段；震荡市里相对走弱；后段人气股在偏弱环境里更谨慎；市场健康度不足，收缩推送；v3尾盘版回避高位长连榜,v3
2026-06-01,603601,再升科技,18,不推送,0.0,32,14.65,14.65,21.27,-40.27,21.27,4.08,1.27,-9.22,-11.67,-6.69,21.27,21.27,21.27,人气Top20；温和放量；持续霸榜,当日转弱；收盘承接偏弱；近5日趋势未确认；仍在20日线下方；热度可能进入后段；弱市先收缩执行；弱市里的长连榜样本优先降权；市场健康度不足，收缩推送；市场健康度偏弱；v3尾盘版回避高位长连榜,v3
2026-05-12,603459,红板科技,21,观察池,74.6,46,-4.83,-0.26,5.19,-3.7,21.26,-11.75,-8.59,-7.27,-3.95,18.96,5.19,5.19,21.26,人气Top50；当日涨停附近；收在日内高位；连续上榜确认；人气排名明显上升；市场强势且个股相对强势；v3尾盘涨停延续；v3尾盘缩量强承接,短线涨幅过热；偏离20日线较大；涨停封板不可买,v3
2026-05-22,603459,红板科技,50,观察池,104.6,38,10.57,14.05,21.26,-3.7,21.26,9.53,7.3,-0.94,-2.96,3.71,21.26,21.26,21.26,人气Top50；当日涨停附近；收在日内高位；近5日趋势升温；站上20日线且不过热；连续上榜确认；市场强势且个股相对强势；v2低分涨停修正；v3尾盘涨停延续；v3尾盘缩量强承接；v3热点早段优先,量能不足；涨停封板不可买,v3
2026-05-20,603459,红板科技,53,观察池,47.45,40,-3.34,1.11,4.15,-3.7,21.26,14.05,9.53,17.99,13.31,2.91,21.26,21.26,21.26,当日涨停附近；收在日内高位；站上20日线且不过热；震荡市里保持相对强势；震荡市里承接未失控；v3尾盘缩量强承接,量能不足；人气排名明显回落；后段人气股在偏弱环境里更谨慎；涨停封板不可买,v3
2026-05-11,603459,红板科技,60,观察池,40.6,47,3.29,-1.85,3.29,-3.7,21.26,-9.9,-5.17,-12.77,-8.19,14.05,5.19,5.19,21.26,当日涨停附近；收在日内高位；连续上榜确认；市场强势且个股相对强势；v3尾盘缩量强承接,短线涨幅过热；远离20日线过多；涨停封板不可买,v3
2026-07-14,002185,华天科技,1,不推送,0.0,2,20.38,11.11,21.25,0.0,21.25,,,,,,,,,人气Top3；温和放量；持续霸榜,当日转弱；收盘承接偏弱；近5日趋势未确认；热度可能进入后段；强势市里个股相对走弱；市场健康度不足，收缩推送；Top3高热度拥挤，次日兑现风险；v3尾盘版回避高位长连榜,v3
2026-05-15,301696,三瑞智能,84,观察池,75.45,43,3.97,12.66,19.56,-19.7,21.24,14.89,8.54,10.51,4.39,-7.94,21.24,21.24,21.24,当日涨停附近；收在日内高位；温和放量；近5日趋势升温；震荡市里保持相对强势；震荡市里承接未失控；v3尾盘缩量强承接,偏离20日线较大；后段人气股在偏弱环境里更谨慎；涨停封板不可买,v3
2026-06-10,000988,华工科技,99,不推送,0.0,25,-1.34,0.33,1.66,-12.73,21.24,7.49,13.86,8.95,15.4,15.91,7.5,15.38,21.24,持续霸榜,当日转弱；收盘承接偏弱；近5日趋势未确认；热度可能进入后段；人气排名明显回落；弱市先收缩执行；后段人气股在偏弱环境里更谨慎；弱市里的长连榜样本优先降权；市场健康度不足，收缩推送；市场健康度偏弱；v3尾盘版回避高位长连榜,v3
2026-06-12,300502,新易盛,23,不推送,0.0,23,2.21,7.27,7.35,7.69,21.23,10.73,15.11,8.33,12.62,10.54,11.5,17.3,21.23,人气Top50；温和放量；站上20日线且不过热；持续霸榜,当日转弱；收盘承接偏弱；近5日趋势未确认；热度可能进入后段；震荡市里相对走弱；市场健康度不足，收缩推送；v3尾盘版回避高位长连榜,v3
2026-05-27,601138,工业富联,22,不推送,17.45,35,-0.11,7.02,8.85,-10.07,21.22,5.24,15.65,5.36,15.79,1.5,13.63,21.22,21.22,人气Top50；温和放量；站上20日线且不过热；持续霸榜；人气排名明显上升；震荡市里保持相对强势,收盘承接偏弱；热度可能进入后段；上影线偏长；v3尾盘版回避高位长连榜,v3
2026-06-25,300088,长信科技,90,不推送,8.6,15,3.04,14.52,21.2,-30.42,21.2,13.84,3.14,10.48,0.1,-12.66,21.2,21.2,21.2,当日上涨；温和放量；站上20日线且不过热；市场强势且个股相对强势,收盘承接偏弱；近5日趋势未确认；人气排名明显回落；上影线偏长,v3
2026-04-22,600869,远东股份,59,普通观察,70.0,57,-0.29,-3.84,0.29,10.3,21.19,0.35,1.28,0.64,1.58,21.19,2.62,4.71,21.19,当日涨停附近；收在日内高位；放量仍可控；近5日趋势升温；站上20日线且不过热；人气排名明显上升,-,v3
2026-06-26,002714,牧原股份,12,不推送,26.8,14,-0.44,6.64,7.08,21.19,21.19,9.57,9.33,10.06,9.82,13.01,12.95,12.95,15.53,人气Top20；当日上涨；放量仍可控；人气排名明显上升,弱市先收缩执行,v3
2026-04-13,300390,天华新能,41,不推送,61.0,64,-4.45,1.06,1.3,-26.42,21.17,6.83,7.99,11.81,13.02,17.49,10.82,13.47,21.17,人气Top50；当日涨停附近；收盘承接较强；温和放量；近5日强势延续；连续上榜确认,短线涨幅偏高；偏离20日线较大；人气排名明显回落,v3
2026-06-11,688146,中船特气,41,观察池,28.3,21,-5.04,-12.31,-2.16,-25.91,21.16,-6.21,5.76,-1.22,11.38,10.01,6.0,6.06,21.16,人气Top50；当日涨停附近；收在日内高位；连续上榜确认；弱市中个股相对抗跌,量能不足；短线涨幅过热；远离20日线过多；涨停封板不可买,v3
2026-06-01,002241,歌尔股份,49,不推送,16.8,32,15.39,17.11,18.86,0.96,21.14,9.39,1.32,-5.21,-12.2,3.33,21.14,21.14,21.14,人气Top50；当日上涨；温和放量；连续上榜确认,近5日趋势未确认；仍在20日线下方；弱市先收缩执行,v3
2026-05-26,600726,华电能源,40,不推送,64.45,36,-12.57,-6.9,-6.9,-38.26,21.13,12.68,2.78,28.88,17.56,0.67,12.68,21.13,21.13,人气Top50；温和放量；近5日强势延续；站上20日线且不过热；连续上榜确认；人气排名明显上升；震荡市里保持相对强势；v2连榜升温修正；v3热点早段优先,短线涨幅偏高,v3
2026-05-12,600759,ST洲际,87,不推送,0.0,46,21.13,21.13,21.13,-11.97,21.13,9.51,-1.41,-9.59,-18.6,-14.44,21.13,21.13,21.13,持续霸榜,当日转弱；放量过猛；近5日趋势未确认；仍在20日线下方；热度可能进入后段；人气排名明显回落；强势市里个股相对走弱；v3尾盘版回避高位长连榜；v3尾盘版回避放量过猛,v3
2026-06-03,603986,兆易创新,29,不推送,13.45,30,0.66,9.39,11.19,6.35,21.12,-2.04,-0.63,-2.68,-1.28,21.12,11.19,11.19,21.12,人气Top50；温和放量；站上20日线且不过热；持续霸榜；人气排名明显上升；震荡市里保持相对强势,收盘承接偏弱；近5日趋势未确认；热度可能进入后段；上影线偏长；v3尾盘版回避高位长连榜,v3
2026-05-08,600726,华电能源,42,不推送,22.6,48,-0.8,4.28,6.02,-25.8,21.12,13.24,1.87,14.15,2.7,-15.91,13.24,21.12,21.12,人气Top50；温和放量；近5日趋势升温；连续上榜确认；市场强势且个股相对强势,当日转弱；收盘承接偏弱；偏离20日线较大,v3
2026-05-25,300308,中际旭创,47,不推送,60.6,37,-0.99,1.21,1.85,2.13,21.12,9.93,3.69,11.03,4.73,5.98,10.09,11.03,21.12,人气Top50；当日上涨；收在日内高位；温和放量；站上20日线且不过热；持续霸榜；人气排名明显上升；市场强势且个股相对强势,热度可能进入后段；v3尾盘版回避高位长连榜,v3
2026-05-06,688041,海光信息,10,普通观察,76.0,51,8.73,16.26,20.0,8.15,21.11,9.12,17.87,0.37,8.41,5.27,20.0,21.11,21.11,人气Top10；当日上涨；温和放量；近5日趋势升温；站上20日线且不过热；人气排名明显上升；v3热点早段优先,-,v3
2026-04-30,002342,巨力索具,11,不推送,48.0,51,-0.86,1.46,3.94,-59.36,21.1,11.56,2.93,12.53,3.82,-20.6,21.1,21.1,21.1,人气Top20；当日上涨；温和放量；站上20日线且不过热；持续霸榜；人气排名明显上升,热度可能进入后段；v3尾盘版回避高位长连榜,v3
2026-06-02,601869,长飞光纤,16,观察池,126.6,31,3.49,8.87,10.0,-1.71,21.1,8.06,18.49,4.41,14.5,13.54,19.17,19.17,21.1,人气Top20；当日涨停附近；收在日内高位；温和放量；近5日趋势升温；站上20日线且不过热；连续上榜确认；人气排名明显上升；市场强势且个股相对强势；v2强势延续修正；v2低分涨停修正；v3热点早段优先,涨停封板不可买,v3
2026-06-03,603618,杭电股份,85,不推送,23.73,30,-0.47,2.01,4.92,-29.89,21.09,-8.01,-6.6,-7.57,-6.16,21.09,8.71,8.71,21.09,温和放量；近5日趋势升温；站上20日线且不过热；连续上榜确认；震荡市里保持相对强势,收盘承接偏弱；人气排名明显回落；后段人气股在偏弱环境里更谨慎；v3尾盘承接一般,v3
2026-04-16,002181,粤传媒,100,不推送,62.0,61,-2.64,0.66,3.67,-37.37,21.07,-1.69,-3.67,0.98,-1.06,21.07,6.09,6.09,21.07,当日上涨；收盘承接较强；温和放量；近5日趋势升温；站上20日线且不过热；v3尾盘缩量强承接,-,v3
2026-05-21,000518,四环生物,40,观察池,62.3,39,8.53,10.13,10.13,3.2,21.07,9.07,-5.07,0.49,-12.53,-2.93,21.07,21.07,21.07,人气Top50；当日涨停附近；收在日内高位；近5日趋势升温；站上20日线且不过热；弱市中个股相对抗跌；v2低分涨停修正；v3热点早段优先,放量过猛；v3尾盘版回避放量过猛；涨停封板不可买,v3
2026-05-27,002181,粤传媒,42,不推送,29.45,35,-2.0,6.67,8.53,-43.13,21.07,21.07,5.27,23.54,7.41,7.27,21.07,21.07,21.07,人气Top50；当日上涨；温和放量；连续上榜确认；震荡市里保持相对强势,仍在20日线下方；v3尾盘承接一般,v3
2026-06-17,600549,厦门钨业,39,不推送,13.6,20,-2.35,7.39,11.13,-30.41,21.06,6.79,7.33,9.36,9.91,2.69,21.06,21.06,21.06,人气Top50；温和放量；近5日强势延续；持续霸榜；市场强势且个股相对强势,短线涨幅偏高；偏离20日线较大；热度可能进入后段；人气排名明显回落；上影线偏长；v3尾盘版回避高位长连榜；v3尾盘承接一般,v3
2026-06-18,002185,华天科技,12,不推送,60.6,19,1.42,3.7,3.96,5.53,21.06,6.44,14.46,4.95,12.86,-1.01,7.61,21.06,21.06,人气Top20；当日上涨；温和放量；近5日趋势升温；站上20日线且不过热；持续霸榜；市场强势且个股相对强势,热度可能进入后段；v3尾盘版回避高位长连榜,v3
2026-06-11,688549,中巨芯,67,观察池,10.57,24,-6.85,-17.33,-2.86,-18.13,21.06,-0.57,15.67,6.75,24.18,6.79,7.85,18.1,21.06,当日涨停附近；收在日内高位；弱市中个股相对抗跌,量能不足；短线涨幅过热；远离20日线过多；后段人气股在偏弱环境里更谨慎；涨停封板不可买,v3
2026-05-18,301666,大普微,38,不推送,17.45,39,4.07,17.11,18.56,-29.14,21.05,-6.07,-5.01,-9.75,-8.72,13.02,21.05,21.05,21.05,人气Top50；当日上涨；温和放量；人气排名明显上升；震荡市里保持相对强势,短线涨幅过热；远离20日线过多,v3
2026-05-11,301666,大普微,99,不推送,0.0,44,-35.86,-30.71,-30.7,-29.14,21.05,-16.88,7.5,29.6,67.6,-5.01,-8.8,7.5,21.05,当日上涨；连续上榜确认；市场强势且个股相对强势,短线涨幅过热；远离20日线过多；人气排名明显回落,v3
2026-05-14,301666,大普微,67,不推送,0.0,41,-17.27,-10.42,-10.42,-29.14,21.05,17.11,-6.07,41.56,13.54,-0.28,18.56,21.05,21.05,当日上涨；连续上榜确认,短线涨幅过热；远离20日线过多；弱市先收缩执行；后段人气股在偏弱环境里更谨慎,v3
2026-04-10,603803,瑞斯康达,83,不推送,0.0,65,3.1,10.02,10.02,-24.51,21.05,11.9,13.55,8.53,10.14,3.68,21.05,21.05,21.05,温和放量；站上20日线且不过热,当日转弱；收盘承接偏弱,v3
2026-05-13,301666,大普微,53,不推送,0.0,42,-17.67,-16.88,-8.8,-29.14,21.05,7.5,8.94,30.56,32.32,-4.76,7.5,21.05,21.05,当日上涨；人气排名明显上升；市场强势且个股相对强势,短线涨幅过热；远离20日线过多,v3
2026-05-22,301666,大普微,19,不推送,43.6,38,11.97,8.94,21.05,-29.14,21.05,-3.42,-0.14,-13.74,-10.82,6.31,21.05,21.05,21.05,人气Top20；当日上涨；温和放量；近5日强势延续；连续上榜确认；市场强势且个股相对强势,短线涨幅偏高；远离20日线过多,v3
2026-04-20,601778,晶科科技,9,不推送,34.0,59,-1.38,-2.46,-0.92,-45.93,21.04,10.45,6.61,11.99,8.1,13.98,10.45,21.04,21.04,人气Top10；温和放量；近5日趋势升温；站上20日线且不过热；持续霸榜,当日转弱；收盘承接偏弱；热度可能进入后段；v3尾盘版回避高位长连榜,v3
2026-05-21,002442,龙星科技,55,观察池,46.58,39,1.63,10.04,10.04,-35.01,21.03,0.27,-10.85,-1.34,-12.28,-25.51,21.03,21.03,21.03,当日涨停附近；收在日内高位；近5日趋势升温；站上20日线且不过热；弱市中个股相对抗跌；v2低分涨停修正,放量过猛；后段人气股在偏弱环境里更谨慎；v3尾盘版回避放量过猛；涨停封板不可买,v3
2026-04-20,603178,圣龙股份,28,普通观察,72.0,59,-3.39,10.02,10.02,-17.85,21.03,-0.42,-9.19,3.08,-6.0,5.58,21.03,21.03,21.03,人气Top50；当日涨停附近；收在日内高位；近5日趋势升温；站上20日线且不过热；连续上榜确认；人气排名明显上升；v2低分涨停修正；v3热点早段优先,放量过猛；v3尾盘版回避放量过猛,v3
2026-04-13,002192,融捷股份,88,不推送,56.0,64,-1.0,1.51,1.81,-14.47,21.03,2.17,5.12,3.2,6.18,15.45,4.44,12.39,21.03,当日强涨；收盘承接较强；温和放量；近5日趋势升温；站上20日线且不过热,v3尾盘半板但封单不强,v3
2026-04-17,603778,国晟科技,24,不推送,0.0,60,2.35,10.02,10.02,-59.59,21.03,7.63,9.4,5.16,6.89,15.09,21.03,21.03,21.03,人气Top50；温和放量；持续霸榜,当日转弱；收盘承接偏弱；近5日趋势未确认；仍在20日线下方；热度可能进入后段；人气排名明显回落；v3尾盘版回避高位长连榜,v3
2026-05-27,600172,黄河旋风,46,不推送,11.45,35,-0.38,10.02,10.02,-2.94,21.02,1.51,13.34,1.89,13.77,-8.67,21.02,21.02,21.02,人气Top50；放量仍可控；近5日趋势升温；连续上榜确认；震荡市里保持相对强势,当日转弱；收盘承接偏弱；偏离20日线较大；人气排名明显回落,v3
2026-06-17,600392,盛和资源,34,不推送,22.6,20,1.43,10.74,10.74,-19.55,21.02,8.53,12.63,7.0,11.03,4.55,21.02,21.02,21.02,人气Top50；温和放量；近5日趋势升温；站上20日线且不过热；持续霸榜；市场强势且个股相对强势,当日转弱；收盘承接偏弱；热度可能进入后段；v3尾盘版回避高位长连榜,v3
2026-06-09,600105,永鼎股份,79,不推送,50.6,26,-1.95,-7.94,-0.58,-21.6,21.02,-9.7,3.64,-7.9,5.71,21.02,-0.58,3.64,21.02,当日强涨；收在日内高位；近5日趋势升温；站上20日线且不过热；持续霸榜；市场强势且个股相对强势,热度可能进入后段；人气排名明显回落；v3尾盘版回避高位长连榜,v3
2026-06-08,002354,天娱数科,19,观察池,94.3,27,5.73,9.96,9.96,8.59,21.01,8.87,2.32,2.97,-3.23,10.64,21.01,21.01,21.01,人气Top20；当日涨停附近；收在日内高位；站上20日线且不过热；连续上榜确认；人气排名明显上升；弱市中个股相对抗跌；v3尾盘涨停延续；v3尾盘缩量强承接,近5日趋势未确认；涨停封板不可买,v3
2026-04-16,002580,圣阳股份,2,不推送,54.0,61,4.78,10.0,10.0,-40.61,21.01,6.83,-2.99,1.96,-7.42,-1.15,21.01,21.01,21.01,人气Top3；当日涨停附近；收在日内高位；持续霸榜；人气排名明显上升；v3尾盘涨停延续,量能不足；短线涨幅过热；远离20日线过多；热度可能进入后段；v3尾盘版回避高位长连榜,v3
2026-07-14,603580,艾艾精工,92,观察池,31.6,2,10.01,10.01,10.01,21.01,21.01,,,,,,,,,当日涨停附近；收在日内高位；近5日强势延续；市场强势且个股相对强势,量能不足；短线涨幅偏高；偏离20日线较大；一字或近似一字，参与点差；一字板不可买,v3
2026-05-06,600673,东阳光,39,不推送,48.0,51,10.0,10.0,10.0,1.67,20.99,12.71,5.79,2.47,-3.83,7.06,20.99,20.99,20.99,人气Top50；当日上涨；收盘承接较强；温和放量；站上20日线且不过热,-,v3
2026-06-15,603011,合锻智能,76,观察池,64.6,22,2.28,1.11,3.95,-34.25,20.98,15.58,2.95,13.0,0.66,-3.33,15.58,20.98,20.98,当日涨停附近；收在日内高位；近5日趋势升温；市场强势且个股相对强势；v2低分涨停修正；v3尾盘缩量强承接,偏离20日线较大；人气排名明显回落；涨停封板不可买,v3
2026-06-23,002428,云南锗业,38,不推送,6.5,17,-0.72,12.05,12.05,-24.08,20.97,9.68,9.4,10.47,10.2,0.15,20.97,20.97,20.97,人气Top50；温和放量；近5日趋势升温；站上20日线且不过热；持续霸榜,当日转弱；收盘承接偏弱；热度可能进入后段；弱市先收缩执行；弱市里的长连榜样本优先降权；v3尾盘版回避高位长连榜,v3
2026-06-01,000636,风华高科,9,不推送,25.5,32,-2.75,8.96,10.15,-5.81,20.97,15.5,0.98,18.77,3.84,18.29,17.49,17.49,20.97,人气Top10；当日上涨；温和放量；近5日强势延续；持续霸榜,短线涨幅偏高；远离20日线过多；热度可能进入后段；弱市先收缩执行；弱市里的长连榜样本优先降权；v3尾盘版回避高位长连榜,v3
2026-06-11,002378,章源钨业,56,观察池,72.58,24,3.72,2.65,8.65,-26.94,20.96,12.28,9.99,8.26,6.05,7.61,18.23,18.23,20.96,当日涨停附近；收在日内高位；温和放量；近5日趋势升温；站上20日线且不过热；弱市中个股相对抗跌,后段人气股在偏弱环境里更谨慎；涨停封板不可买,v3
2026-04-21,002201,九鼎新材,19,强推观察,110.0,58,0.0,9.98,9.98,-43.07,20.96,1.94,3.52,1.94,3.52,4.24,20.96,20.96,20.96,人气Top20；当日涨停附近；收在日内高位；放量仍可控；近5日趋势升温；站上20日线且不过热；首次上榜即强势；v2强势延续修正；v2低分涨停修正；v3热点早段优先,-,v3
2026-06-04,600403,大有能源,35,观察池,35.17,29,0.0,10.0,10.0,-29.05,20.95,8.92,8.78,8.92,8.78,-18.78,20.95,20.95,20.95,人气Top50；当日涨停附近；收在日内高位；震荡市里保持相对强势；震荡市里承接未失控,短线涨幅过热；偏离20日线较大；一字或近似一字，参与点差；一字板不可买,v3
2026-06-12,600869,远东股份,15,不推送,69.17,23,-2.63,2.45,4.45,-40.58,20.95,4.26,13.33,7.09,16.39,3.83,9.28,13.33,20.95,人气Top20；当日强涨；收盘承接较强；温和放量；近5日趋势升温；持续霸榜；震荡市里保持相对强势；震荡市里承接未失控,偏离20日线较大；热度可能进入后段；v3尾盘版回避高位长连榜,v3
2026-05-06,001287,中电港,67,不推送,26.0,17,1.85,10.02,10.02,4.84,20.94,9.6,9.37,7.61,7.38,7.18,13.95,16.74,20.94,当日上涨；温和放量；站上20日线且不过热,近5日趋势未确认,v3
2026-06-03,688808,联讯仪器,45,不推送,11.45,30,-1.57,7.79,9.57,0.82,20.94,16.69,10.23,18.54,11.98,17.75,18.11,19.48,20.94,人气Top50；当日上涨；近5日趋势升温；震荡市里保持相对强势,量能不足；偏离20日线较大；上影线偏长；v3尾盘承接一般,v3
2026-05-29,000539,粤电力A,33,不推送,60.8,33,20.32,20.32,20.32,-34.85,20.94,15.76,1.6,-3.79,-15.56,-9.61,20.94,20.94,20.94,人气Top50；当日上涨；放量仍可控；近5日趋势升温；站上20日线且不过热；连续上榜确认；人气排名明显上升；v2连榜升温修正；v3热点早段优先,弱市先收缩执行,v3
2026-06-30,600118,中国卫星,82,不推送,20.6,12,0.17,4.63,6.99,-15.51,20.94,5.42,-2.91,5.24,-3.07,0.33,8.43,8.56,20.94,温和放量；近5日趋势升温；站上20日线且不过热；市场强势且个股相对强势,收盘承接偏弱；上影线偏长,v3
2026-07-06,000938,紫光股份,45,观察池,92.17,8,-4.95,-5.49,-1.95,15.85,20.92,7.11,15.28,12.7,21.29,,7.33,20.92,,人气Top50；当日涨停附近；收在日内高位；温和放量；近5日强势延续；站上20日线且不过热；持续霸榜；震荡市里保持相对强势；震荡市里承接未失控；v2强势延续修正；v2低分涨停修正,短线涨幅偏高；热度可能进入后段；v3尾盘版回避高位长连榜；涨停封板不可买,v3
2026-05-27,000509,华塑控股,40,观察池,48.17,35,9.79,9.98,9.98,-42.42,20.92,-5.57,-6.14,-13.99,-14.51,-17.08,20.92,20.92,20.92,人气Top50；当日涨停附近；收在日内高位；近5日强势延续；震荡市里保持相对强势；震荡市里承接未失控,短线涨幅偏高；偏离20日线较大；v3尾盘版回避放量过猛；涨停封板不可买,v3
2026-06-26,002428,云南锗业,46,不推送,52.0,14,16.67,20.06,20.92,-19.25,20.92,11.2,1.74,-4.69,-12.8,-2.91,20.92,20.92,20.92,人气Top50；当日上涨；收在日内高位；温和放量；站上20日线且不过热；持续霸榜；弱市中个股相对抗跌,热度可能进入后段；弱市里的长连榜样本优先降权；v3尾盘版回避高位长连榜,v3
2026-04-30,002310,东方新能,59,不推送,8.0,51,1.96,2.94,4.9,-26.47,20.92,5.23,2.29,3.21,0.32,0.65,10.78,10.78,20.92,温和放量；站上20日线且不过热；连续上榜确认,当日转弱；收盘承接偏弱,v3
2026-05-20,600487,亨通光电,35,不推送,5.45,40,0.42,-7.65,0.44,-13.99,20.9,-3.0,-9.26,-3.41,-9.64,20.9,0.44,0.44,20.9,人气Top50；温和放量；站上20日线且不过热；持续霸榜；震荡市里保持相对强势,当日转弱；收盘承接偏弱；近5日趋势未确认；热度可能进入后段；v3尾盘版回避高位长连榜,v3
2026-04-13,600743,华远控股,29,普通观察,66.0,64,9.93,9.93,9.93,-28.77,20.89,-9.25,-11.3,-17.45,-19.31,-20.21,20.89,20.89,20.89,人气Top50；当日涨停附近；收在日内高位；连续上榜确认；v3尾盘涨停延续；v3尾盘缩量强承接,短线涨幅过热；偏离20日线较大,v3
2026-06-02,600121,郑州煤电,88,观察池,69.6,31,-1.35,10.06,10.06,-31.91,20.89,0.97,-6.19,2.35,-4.9,-15.28,20.89,20.89,20.89,当日涨停附近；收在日内高位；放量仍可控；近5日强势延续；站上20日线且不过热；市场强势且个股相对强势；v2低分涨停修正,短线涨幅偏高；涨停封板不可买,v3
2026-06-30,002185,华天科技,8,不推送,46.6,12,1.62,-1.44,6.58,-6.22,20.87,-12.04,-1.13,-13.44,-2.71,15.78,6.58,6.58,20.87,人气Top10；近5日趋势升温；站上20日线且不过热；持续霸榜；市场强势且个股相对强势,热度可能进入后段；v3尾盘版回避高位长连榜,v3
2026-06-12,603399,永杉锂业,40,不推送,57.45,23,-0.15,6.44,7.24,-31.65,20.87,-0.8,5.99,-0.65,6.15,6.59,8.39,8.39,20.87,人气Top50；当日上涨；温和放量；近5日趋势升温；站上20日线且不过热；连续上榜确认；震荡市里保持相对强势；v3热点早段优先,上影线偏长；v3尾盘承接一般,v3
2026-05-13,000925,众合科技,32,不推送,12.55,45,18.67,11.16,20.86,-23.04,20.86,-5.84,-10.32,-20.65,-24.43,-18.77,20.86,20.86,20.86,人气Top50；温和放量；站上20日线且不过热；连续上榜确认；人气排名明显上升,当日转弱；收盘承接偏弱；近5日趋势未确认；强势市里个股相对走弱,v3
2026-05-06,300042,朗科科技,70,观察池,69.6,13,4.07,5.71,14.21,14.35,20.85,8.63,12.01,4.38,7.63,17.68,14.21,14.21,20.85,当日涨停附近；收在日内高位；温和放量；近5日强势延续；站上20日线且不过热；市场强势且个股相对强势,短线涨幅偏高；涨停封板不可买,v3
2026-06-16,603256,宏和科技,44,观察池,118.6,21,1.77,2.92,9.72,-29.64,20.85,4.56,6.53,2.74,4.68,1.76,9.72,9.72,20.85,人气Top50；当日涨停附近；收在日内高位；近5日趋势升温；连续上榜确认；人气排名明显上升；市场强势且个股相对强势；v2强势延续修正；v2连榜升温修正；v2低分涨停修正；v3尾盘涨停延续；v3尾盘缩量强承接,偏离20日线较大；涨停封板不可买,v3
2026-05-20,002421,达实智能,15,观察池,68.17,40,2.58,-7.26,10.07,-31.85,20.84,12.41,7.26,9.59,4.57,14.29,12.41,20.84,20.84,人气Top20；当日涨停附近；收在日内高位；近5日强势延续；连续上榜确认；人气排名明显上升；震荡市里保持相对强势；震荡市里承接未失控,短线涨幅偏高；偏离20日线较大；v3尾盘版回避放量过猛；涨停封板不可买,v3
2026-05-07,002081,金螳螂,2,观察池,86.6,49,-10.13,-4.85,0.57,-45.93,20.83,11.98,11.27,24.6,23.81,-20.4,11.98,18.83,20.83,人气Top3；当日涨停附近；收在日内高位；温和放量；连续上榜确认；市场强势且个股相对强势；v3尾盘涨停延续,短线涨幅过热；远离20日线过多；涨停封板不可买,v3
2026-06-08,002156,通富微电,60,不推送,0.0,27,1.62,2.5,3.09,20.82,20.82,-4.41,-2.1,-5.93,-3.66,8.85,3.09,3.09,14.73,持续霸榜,当日转弱；热度可能进入后段；弱市先收缩执行；后段人气股在偏弱环境里更谨慎；弱市里的长连榜样本优先降权；v3尾盘版回避高位长连榜,v3
2026-05-06,600666,奥瑞德,80,不推送,0.0,51,2.67,9.92,9.92,-36.64,20.8,11.64,5.34,8.74,2.6,12.6,13.93,13.93,20.8,温和放量,当日转弱；收盘承接偏弱；近5日趋势未确认；仍在20日线下方,v3
2026-06-24,301526,国际复材,52,观察池,66.6,16,-4.13,6.88,9.83,-22.29,20.77,6.74,4.35,11.34,8.85,-17.02,20.77,20.77,20.77,当日涨停附近；收盘承接较强；温和放量；近5日趋势升温；市场强势且个股相对强势；v2低分涨停修正；v3尾盘缩量强承接,远离20日线过多；涨停封板不可买,v3
2026-04-30,601778,晶科科技,23,不推送,0.0,51,3.38,10.0,10.0,-45.85,20.77,13.69,9.23,9.97,5.65,2.62,16.62,18.46,20.77,人气Top50；站上20日线且不过热；持续霸榜,当日转弱；收盘承接偏弱；近5日趋势未确认；热度可能进入后段；v3尾盘版回避高位长连榜,v3
2026-05-06,601778,晶科科技,4,不推送,8.0,51,3.38,10.0,10.0,-45.85,20.77,13.69,9.23,9.97,5.65,2.62,16.62,18.46,20.77,人气Top10；站上20日线且不过热；持续霸榜；人气排名明显上升,当日转弱；收盘承接偏弱；近5日趋势未确认；热度可能进入后段；v3尾盘版回避高位长连榜,v3
2026-05-21,603629,利通电子,14,不推送,58.0,39,3.41,8.93,8.93,-43.83,20.75,18.0,-12.52,14.11,-15.4,-20.33,20.75,20.75,20.75,人气Top20；收在日内高位；温和放量；近5日趋势升温；站上20日线且不过热；持续霸榜；人气排名明显上升；弱市中个股相对抗跌,当日转弱；热度可能进入后段；弱市里的长连榜样本优先降权；v3尾盘版回避高位长连榜,v3
2026-06-05,600584,长电科技,12,不推送,0.0,28,-6.26,-7.08,-3.51,10.14,20.75,-2.12,-8.91,4.42,-2.82,20.75,1.05,1.05,20.75,人气Top20；站上20日线且不过热；持续霸榜,当日转弱；收盘承接偏弱；近5日趋势未确认；热度可能进入后段；弱市先收缩执行；弱市里的长连榜样本优先降权；市场健康度不足，收缩推送；市场健康度偏弱；v3尾盘版回避高位长连榜,v3
2026-06-16,002281,光迅科技,69,不推送,16.6,21,-2.63,4.73,6.46,-8.91,20.74,19.47,15.27,22.7,18.38,4.91,20.74,20.74,20.74,温和放量；近5日趋势升温；站上20日线且不过热；持续霸榜；市场强势且个股相对强势,收盘承接偏弱；热度可能进入后段；人气排名明显回落；v3尾盘版回避高位长连榜；v3尾盘承接一般,v3
2026-04-14,300502,新易盛,97,不推送,24.0,63,0.97,-4.43,2.69,4.35,20.73,13.27,11.25,12.19,10.19,2.97,13.46,14.8,20.73,温和放量；近5日趋势升温；站上20日线且不过热；连续上榜确认,收盘承接偏弱；上影线偏长,v3
2026-04-20,600103,青山纸业,18,强推观察,130.0,59,-0.63,9.73,9.73,-41.23,20.72,8.46,0.21,9.15,0.85,3.17,20.72,20.72,20.72,人气Top20；当日涨停附近；收在日内高位；温和放量；近5日趋势升温；站上20日线且不过热；连续上榜确认；人气排名明显上升；v2强势延续修正；v2连榜升温修正；v2低分涨停修正；v3热点早段优先,-,v3
2026-06-09,002185,华天科技,21,不推送,36.6,26,-1.48,-2.62,1.08,18.38,20.72,-8.59,1.42,-7.22,2.95,19.41,1.08,2.73,20.72,人气Top50；当日上涨；收盘承接较强；站上20日线且不过热；持续霸榜；人气排名明显上升；市场强势且个股相对强势,近5日趋势未确认；热度可能进入后段；v3尾盘版回避高位长连榜,v3
2026-04-13,002364,中恒电气,24,不推送,51.0,64,8.72,9.99,9.99,20.71,20.71,10.79,13.12,1.9,4.05,6.52,14.32,14.34,17.65,人气Top50；当日涨停附近；收在日内高位；近5日强势延续；连续上榜确认,短线涨幅偏高；偏离20日线较大；一字或近似一字，参与点差,v3
2026-07-07,001270,铖昌科技,98,不推送,0.0,7,9.07,1.11,12.11,-18.38,20.69,11.11,-10.0,1.87,-17.49,,20.69,20.69,,温和放量；站上20日线且不过热；连续上榜确认,当日转弱；收盘承接偏弱；近5日趋势未确认；弱市先收缩执行；后段人气股在偏弱环境里更谨慎；市场健康度不足，收缩推送；市场健康度偏弱,v3
2026-07-13,688525,佰维存储,92,不推送,0.0,3,15.13,20.02,20.69,0.56,20.69,0.56,,-12.66,,,20.69,,,-,当日转弱；收盘承接偏弱；量能不足；近5日趋势未确认；仍在20日线下方；人气排名明显回落；弱市先收缩执行；后段人气股在偏弱环境里更谨慎；市场健康度不足，收缩推送；市场健康度偏弱,v3
2026-04-14,603538,美诺华,28,不推送,61.0,63,-0.1,8.91,10.01,-24.74,20.68,3.02,3.08,3.12,3.18,17.97,12.42,12.42,20.68,人气Top50；当日上涨；收盘承接较强；温和放量；近5日强势延续；连续上榜确认；v3尾盘缩量强承接,短线涨幅偏高；偏离20日线较大,v3
2026-05-20,002384,东山精密,56,不推送,3.72,40,0.21,-7.09,1.01,20.67,20.67,1.56,0.27,1.35,0.06,0.55,2.48,5.05,5.05,站上20日线且不过热；持续霸榜；震荡市里保持相对强势,热度可能进入后段；人气排名明显回落；后段人气股在偏弱环境里更谨慎；v3尾盘版回避高位长连榜,v3
2026-04-22,688048,长光华芯,60,不推送,61.0,57,2.95,-1.58,3.33,14.37,20.67,3.24,-5.82,0.29,-8.52,16.19,9.95,9.95,20.67,当日涨停附近；收在日内高位；温和放量；近5日强势延续；v2低分涨停修正,短线涨幅偏高；偏离20日线较大,v3
2026-04-16,002240,盛新锂能,99,不推送,35.0,61,-0.44,1.0,3.35,-39.42,20.66,-2.71,-7.03,-2.28,-6.62,20.66,3.35,3.35,20.66,当日强涨；温和放量；近5日强势延续；站上20日线且不过热,短线涨幅偏高；人气排名明显回落；v3尾盘半板但封单不强,v3
2026-04-28,002297,博云新材,9,强推观察,92.0,53,-5.89,2.79,7.88,-11.25,20.64,6.33,13.86,12.99,20.99,14.48,15.15,15.15,20.64,人气Top10；当日涨停附近；收在日内高位；温和放量；近5日趋势升温；持续霸榜；v2低分涨停修正；v3尾盘涨停延续,远离20日线过多；热度可能进入后段；v3尾盘版回避高位长连榜,v3
2026-04-22,603906,龙蟠科技,36,强推观察,99.0,57,0.0,6.39,9.71,-31.87,20.61,10.1,15.27,10.1,15.27,5.17,18.1,18.1,20.61,人气Top50；当日涨停附近；收在日内高位；温和放量；近5日强势延续；站上20日线且不过热；人气排名明显上升；v2强势延续修正；v2低分涨停修正；v3热点早段优先,短线涨幅偏高,v3
2026-06-09,600367,红星发展,92,不推送,29.6,26,0.09,6.96,7.32,-37.04,20.6,-3.67,2.69,-3.76,2.6,-7.36,7.32,7.32,20.6,当日上涨；收在日内高位；温和放量；近5日强势延续；持续霸榜；市场强势且个股相对强势,短线涨幅偏高；远离20日线过多；热度可能进入后段；人气排名明显回落；v3尾盘版回避高位长连榜,v3
2026-06-08,000733,振华科技,86,不推送,0.0,27,0.04,2.68,4.68,-17.92,20.59,-2.16,2.06,-2.2,2.02,10.5,4.68,4.68,20.59,温和放量；站上20日线且不过热；连续上榜确认,当日转弱；收盘承接偏弱；近5日趋势未确认；人气排名明显回落；弱市先收缩执行；后段人气股在偏弱环境里更谨慎,v3
2026-05-22,600522,中天科技,16,不推送,0.0,38,8.74,5.3,9.65,-8.2,20.57,-4.12,3.58,-11.83,-4.74,12.47,9.65,9.65,20.57,人气Top20；站上20日线且不过热；持续霸榜,当日转弱；收盘承接偏弱；近5日趋势未确认；热度可能进入后段；强势市里个股相对走弱；市场健康度不足，收缩推送；v3尾盘版回避高位长连榜,v3
2026-07-02,600118,中国卫星,88,不推送,0.0,10,-2.51,5.09,8.09,-15.78,20.56,-3.21,-0.34,-0.72,2.22,-15.78,8.22,8.22,20.56,近5日趋势升温；站上20日线且不过热；连续上榜确认,当日转弱；收盘承接偏弱；人气排名明显回落；弱市先收缩执行；后段人气股在偏弱环境里更谨慎,v3
2026-06-02,600162,香江控股,44,观察池,78.6,31,-0.93,4.36,6.85,-13.4,20.56,7.17,14.02,8.18,15.09,8.72,14.95,20.56,20.56,人气Top50；当日涨停附近；收在日内高位；温和放量；连续上榜确认；人气排名明显上升；市场强势且个股相对强势；v3尾盘涨停延续；v3尾盘缩量强承接,短线涨幅过热；远离20日线过多；涨停封板不可买,v3
2026-04-28,000967,盈峰环境,98,重点观察,78.0,53,-3.39,-0.49,4.44,-43.3,20.52,5.29,14.95,8.98,18.98,-6.7,5.29,20.52,20.52,当日涨停附近；收在日内高位；温和放量；近5日趋势升温；站上20日线且不过热；v3尾盘缩量强承接,人气排名明显回落,v3
2026-06-15,001257,盛龙股份,84,观察池,69.6,22,1.31,9.51,9.51,-21.57,20.52,4.26,-0.75,2.91,-2.04,-9.44,20.52,20.52,20.52,当日涨停附近；收在日内高位；放量仍可控；近5日强势延续；站上20日线且不过热；市场强势且个股相对强势；v2低分涨停修正,短线涨幅偏高；涨停封板不可买,v3
2026-04-20,600156,华升股份,39,强推观察,115.0,59,9.91,-4.02,9.91,-25.22,20.51,-3.53,-9.52,-12.23,-17.68,15.31,9.91,9.91,20.51,人气Top50；当日涨停附近；收在日内高位；温和放量；近5日强势延续；站上20日线且不过热；连续上榜确认；人气排名明显上升；v2强势延续修正；v2连榜升温修正；v2低分涨停修正；v3热点早段优先,短线涨幅偏高,v3
2026-05-18,002617,露笑科技,69,不推送,17.73,42,-1.11,4.77,7.43,-29.6,20.51,-1.44,6.21,-0.34,7.4,2.11,7.43,7.43,20.51,温和放量；近5日趋势升温；站上20日线且不过热；连续上榜确认；震荡市里保持相对强势,当日转弱；收盘承接偏弱；人气排名明显回落；后段人气股在偏弱环境里更谨慎,v3
2026-04-24,688268,华特气体,31,不推送,52.0,55,4.99,2.94,13.6,3.42,20.51,7.6,9.5,2.48,4.29,-2.44,20.51,20.51,20.51,人气Top50；当日涨停附近；收在日内高位；温和放量；v3尾盘涨停延续,短线涨幅过热；远离20日线过多,v3
2026-04-27,603318,水发燃气,23,不推送,46.0,54,3.75,9.98,9.98,-35.99,20.51,13.81,4.15,9.69,0.38,-10.38,20.51,20.51,20.51,人气Top50；当日涨停附近；收在日内高位；放量仍可控；连续上榜确认；人气排名明显上升,短线涨幅过热；远离20日线过多,v3
2026-04-28,002709,天赐材料,14,不推送,24.0,53,0.35,9.99,9.99,-32.12,20.49,18.67,8.31,18.26,7.93,6.69,20.49,20.49,20.49,人气Top20；温和放量；站上20日线且不过热；连续上榜确认,当日转弱；收盘承接偏弱,v3
2026-04-22,601778,晶科科技,40,不推送,18.0,57,5.05,9.94,9.94,-46.18,20.49,6.12,6.42,1.02,1.31,11.62,20.49,20.49,20.49,人气Top50；温和放量；近5日趋势升温；站上20日线且不过热；持续霸榜,收盘承接偏弱；热度可能进入后段；人气排名明显回落；上影线偏长；v3尾盘版回避高位长连榜,v3
2026-06-03,000725,京东方A,7,不推送,29.45,30,1.08,9.34,9.34,8.62,20.47,11.85,7.18,10.66,6.04,19.39,20.47,20.47,20.47,人气Top10；温和放量；站上20日线且不过热；持续霸榜；人气排名明显上升；震荡市里保持相对强势,收盘承接偏弱；近5日趋势未确认；热度可能进入后段；上影线偏长；v3尾盘版回避高位长连榜,v3
2026-06-11,605006,山东玻纤,69,不推送,35.08,24,-1.37,-5.98,4.79,-32.24,20.46,9.5,6.85,11.02,8.33,13.88,9.5,20.46,20.46,当日上涨；温和放量；近5日趋势升温；站上20日线且不过热；连续上榜确认,人气排名明显回落；弱市先收缩执行；后段人气股在偏弱环境里更谨慎,v3
2026-06-08,000988,华工科技,56,不推送,0.0,27,1.07,3.0,3.18,-13.31,20.44,-0.33,6.79,-1.39,5.65,8.56,3.18,6.79,20.44,近5日趋势升温；持续霸榜,当日转弱；热度可能进入后段；弱市先收缩执行；后段人气股在偏弱环境里更谨慎；弱市里的长连榜样本优先降权；v3尾盘版回避高位长连榜,v3
2026-06-30,603078,江化微,74,观察池,94.6,12,4.21,6.56,10.0,-25.05,20.4,13.84,7.18,9.24,2.85,-15.5,20.4,20.4,20.4,当日涨停附近；收在日内高位；温和放量；近5日趋势升温；站上20日线且不过热；连续上榜确认；市场强势且个股相对强势；v3尾盘缩量强承接,涨停封板不可买,v3
2026-04-17,600703,三安光电,3,强推观察,116.0,60,1.2,2.32,4.35,1.87,20.39,11.99,13.27,10.67,11.93,10.04,11.99,20.39,20.39,人气Top3；当日涨停附近；收在日内高位；放量仍可控；近5日趋势升温；站上20日线且不过热；人气排名明显上升；v2强势延续修正；v3热点早段优先,-,v3
2026-05-20,603629,利通电子,37,不推送,43.17,40,-1.2,-0.31,-0.03,-44.01,20.38,12.12,-15.15,13.48,-14.12,-17.62,15.45,20.38,20.38,人气Top50；当日上涨；收在日内高位；站上20日线且不过热；持续霸榜；震荡市里保持相对强势；震荡市里承接未失控,热度可能进入后段；v3尾盘版回避高位长连榜,v3
2026-07-10,300255,常山药业,53,观察池,60.58,4,2.05,-3.8,4.4,20.35,20.35,8.96,,6.77,,,11.43,,,当日涨停附近；收在日内高位；温和放量；站上20日线且不过热；弱市中个股相对抗跌,后段人气股在偏弱环境里更谨慎；涨停封板不可买,v3
2026-06-11,002407,多氟多,7,观察池,110.0,24,-0.5,3.88,5.0,-16.42,20.35,2.99,1.54,3.5,2.05,8.69,8.67,8.67,20.35,人气Top10；当日涨停附近；收在日内高位；温和放量；近5日趋势升温；站上20日线且不过热；持续霸榜；弱市中个股相对抗跌；v2强势延续修正；v2低分涨停修正,热度可能进入后段；弱市里的长连榜样本优先降权；v3尾盘版回避高位长连榜；涨停封板不可买,v3
2026-05-27,002384,东山精密,45,不推送,25.45,35,-0.61,-1.96,-0.17,20.34,20.34,-14.16,0.28,-13.63,0.9,-4.97,2.95,3.87,9.55,人气Top50；温和放量；站上20日线且不过热；持续霸榜；人气排名明显上升；震荡市里保持相对强势,热度可能进入后段；上影线偏长；v3尾盘版回避高位长连榜；v3尾盘承接一般,v3
2026-06-02,600105,永鼎股份,31,观察池,86.6,31,2.76,4.62,9.98,-10.26,20.33,11.67,14.65,8.67,11.57,18.64,20.33,20.33,20.33,人气Top50；当日涨停附近；收在日内高位；温和放量；近5日趋势升温；站上20日线且不过热；持续霸榜；人气排名明显上升；市场强势且个股相对强势,热度可能进入后段；v3尾盘版回避高位长连榜；涨停封板不可买,v3
2026-05-12,600726,华电能源,40,不推送,24.6,46,-0.93,12.48,12.48,-26.29,20.32,1.2,-7.04,2.14,-6.17,1.06,20.32,20.32,20.32,人气Top50；近5日趋势升温；站上20日线且不过热；持续霸榜；人气排名明显上升；市场强势且个股相对强势,当日转弱；热度可能进入后段；v3尾盘版回避高位长连榜,v3
2026-06-12,605358,立昂微,54,不推送,0.0,23,1.19,2.24,4.8,-26.4,20.3,6.61,3.46,5.36,2.25,18.79,7.68,11.11,20.3,温和放量；站上20日线且不过热；连续上榜确认；人气排名明显上升,当日转弱；收盘承接偏弱；近5日趋势未确认；震荡市里相对走弱；后段人气股在偏弱环境里更谨慎；市场健康度不足，收缩推送,v3
2026-04-16,300058,蓝色光标,27,不推送,18.0,61,-1.4,4.65,5.93,-23.08,20.29,9.24,10.47,10.79,12.03,-0.47,20.29,20.29,20.29,人气Top50；当日上涨；温和放量；站上20日线且不过热；持续霸榜；人气排名明显上升,收盘承接偏弱；热度可能进入后段；上影线偏长；v3尾盘版回避高位长连榜；v3尾盘承接一般,v3
2026-05-28,002579,中京电子,25,观察池,55.6,34,6.1,-5.72,7.48,-24.74,20.29,14.13,13.3,7.56,6.79,-15.94,14.13,20.29,20.29,人气Top50；当日涨停附近；收在日内高位；近5日强势延续；连续上榜确认；市场强势且个股相对强势,短线涨幅偏高；偏离20日线较大；v3尾盘版回避放量过猛；涨停封板不可买,v3
2026-06-18,002119,康强电子,86,不推送,46.6,19,-1.01,-1.35,-0.52,-24.43,20.29,-6.39,6.53,-5.44,7.62,12.35,-0.52,6.53,20.29,当日上涨；收盘承接较强；温和放量；近5日趋势升温；市场强势且个股相对强势,偏离20日线较大,v3
2026-06-22,002428,云南锗业,21,观察池,70.6,18,7.92,1.28,8.61,-24.52,20.27,17.75,12.23,9.11,3.99,-4.68,20.27,20.27,20.27,人气Top50；当日涨停附近；收在日内高位；近5日趋势升温；站上20日线且不过热；持续霸榜；人气排名明显上升；市场强势且个股相对强势；v2低分涨停修正,量能不足；热度可能进入后段；v3尾盘版回避高位长连榜；涨停封板不可买,v3
2026-05-12,601609,金田股份,60,不推送,0.0,10,-0.17,4.71,8.35,14.31,20.26,7.53,12.08,7.71,12.26,14.31,13.32,14.47,20.26,当日上涨；近5日趋势升温；站上20日线且不过热；市场强势且个股相对强势,收盘承接偏弱；放量过猛；上影线偏长；v3尾盘版回避放量过猛,v3
2026-04-29,002050,三花智控,71,不推送,28.0,52,-0.29,4.69,5.69,-6.67,20.21,12.27,14.26,12.6,14.59,18.07,12.45,20.21,20.21,收盘承接较强；站上20日线且不过热；人气排名明显上升；v3尾盘缩量强承接,近5日趋势未确认,v3
2026-05-08,601016,节能风电,73,不推送,0.55,48,-0.2,4.49,7.35,-32.65,20.2,14.9,2.65,15.13,2.86,-5.71,14.9,20.2,20.2,温和放量；站上20日线且不过热；连续上榜确认,当日转弱；收盘承接偏弱；人气排名明显回落；强势市里个股相对走弱,v3
2026-06-16,300433,蓝思科技,48,不推送,64.6,21,-1.97,5.09,6.0,-20.7,20.19,10.48,8.63,12.69,10.81,9.67,19.17,19.17,20.19,人气Top50；当日上涨；温和放量；近5日趋势升温；站上20日线且不过热；连续上榜确认；市场强势且个股相对强势；v3热点早段优先,v3尾盘承接一般,v3
2026-04-10,600666,奥瑞德,16,不推送,16.0,65,-4.6,1.9,3.17,-47.3,20.16,-1.11,12.54,3.66,17.97,-4.92,7.3,16.19,20.16,人气Top20；温和放量；站上20日线且不过热,当日转弱；收盘承接偏弱,v3
2026-05-11,688256,寒武纪,74,不推送,23.6,47,0.48,7.01,8.3,7.12,20.16,5.56,1.91,5.05,1.42,17.78,13.05,13.05,20.16,收盘承接较强；近5日强势延续；站上20日线且不过热；连续上榜确认；市场强势且个股相对强势,量能不足；短线涨幅偏高；人气排名明显回落,v3
2026-04-10,300502,新易盛,33,普通观察,66.0,65,-0.86,-1.87,-0.1,3.85,20.15,-4.88,12.73,-4.06,13.71,2.83,3.14,12.91,20.15,人气Top50；当日上涨；收盘承接较强；温和放量；近5日趋势升温；站上20日线且不过热；v3热点早段优先,-,v3
2026-05-06,300475,香农芯创,59,不推送,14.0,51,8.18,11.43,16.77,17.92,20.13,3.62,5.67,-4.22,-2.32,8.12,16.77,16.77,20.13,近5日趋势升温；站上20日线且不过热；人气排名明显上升,上影线偏长；v3尾盘承接一般,v3
2026-04-14,002432,九安医疗,90,不推送,0.0,63,0.14,-2.85,0.62,-7.46,20.12,-3.15,2.93,-3.29,2.79,-5.63,0.62,6.54,20.12,放量仍可控；站上20日线且不过热；连续上榜确认,当日转弱；收盘承接偏弱；近5日趋势未确认,v3
2026-06-03,600460,士兰微,91,不推送,0.0,30,-0.18,3.09,5.81,5.72,20.11,-6.22,-2.13,-6.05,-1.96,19.18,5.81,5.81,20.11,当日上涨；站上20日线且不过热；震荡市里保持相对强势,收盘承接偏弱；近5日趋势未确认；人气排名明显回落；上影线偏长；后段人气股在偏弱环境里更谨慎；v3尾盘承接一般,v3
2026-04-27,600118,中国卫星,2,不推送,60.0,54,-1.51,-2.52,1.48,-30.49,20.1,3.32,7.84,4.9,9.49,1.31,4.32,10.53,20.1,人气Top3；当日上涨；近5日趋势升温；站上20日线且不过热；持续霸榜；人气排名明显上升,热度可能进入后段；v3尾盘版回避高位长连榜,v3
2026-04-16,002475,立讯精密,44,不推送,46.0,61,-0.99,-1.16,0.71,1.87,20.1,8.77,12.11,9.86,13.23,10.84,9.18,16.92,20.1,人气Top50；收在日内高位；近5日趋势升温；站上20日线且不过热；持续霸榜；人气排名明显上升,热度可能进入后段；v3尾盘版回避高位长连榜,v3
2026-05-06,600118,中国卫星,58,不推送,38.0,50,8.94,7.84,9.51,-30.49,20.1,16.69,12.56,7.11,3.32,-13.21,20.1,20.1,20.1,当日上涨；温和放量；站上20日线且不过热；连续上榜确认,-,v3
2026-04-28,300274,阳光电源,71,不推送,2.0,53,-1.22,5.77,6.39,-18.52,20.09,7.66,7.14,8.99,8.46,17.75,9.08,9.55,20.09,放量仍可控；连续上榜确认,当日转弱；近5日趋势未确认,v3
2026-06-09,300308,中际旭创,27,不推送,27.55,26,-2.54,-2.79,-0.51,-5.68,20.08,-2.63,5.77,-0.09,8.53,11.2,0.72,7.94,20.08,人气Top50；收盘承接较强；温和放量；站上20日线且不过热；持续霸榜,近5日趋势未确认；热度可能进入后段；市场健康度不足，收缩推送；v3尾盘版回避高位长连榜,v3
2026-06-04,000636,风华高科,17,不推送,30.17,29,-5.36,-5.91,-1.93,-18.31,20.08,-3.65,1.44,1.8,7.18,17.71,-1.93,3.79,20.08,人气Top20；当日上涨；收盘承接较强；近5日强势延续；持续霸榜；震荡市里保持相对强势；震荡市里承接未失控,短线涨幅偏高；远离20日线过多；热度可能进入后段；v3尾盘版回避高位长连榜,v3
2026-05-26,600105,永鼎股份,53,不推送,0.0,36,-8.81,-2.49,0.28,-10.46,20.07,-3.88,-0.24,5.4,9.39,14.4,1.47,1.47,20.07,温和放量；站上20日线且不过热；人气排名明显上升,当日转弱；收盘承接偏弱；近5日趋势未确认；震荡市里相对走弱；后段人气股在偏弱环境里更谨慎,v3
2026-05-14,002181,粤传媒,95,不推送,0.0,44,-1.88,9.15,9.15,-52.72,20.07,-11.59,-24.33,-9.89,-22.88,-11.31,20.07,20.07,20.07,站上20日线且不过热；持续霸榜,近5日趋势未确认；热度可能进入后段；弱市先收缩执行；后段人气股在偏弱环境里更谨慎；弱市里的长连榜样本优先降权；v3尾盘版回避高位长连榜；v3尾盘承接一般,v3
2026-06-01,600105,永鼎股份,80,不推送,0.0,32,-9.31,-0.24,-0.24,-10.46,20.07,9.15,6.56,20.35,17.49,7.62,10.48,20.07,20.07,近5日趋势升温；站上20日线且不过热；持续霸榜,当日转弱；收盘承接偏弱；热度可能进入后段；人气排名明显回落；弱市先收缩执行；后段人气股在偏弱环境里更谨慎；弱市里的长连榜样本优先降权；v3尾盘版回避高位长连榜,v3
2026-05-25,603256,宏和科技,90,观察池,79.6,37,-0.04,4.86,8.84,0.96,20.03,12.85,3.74,12.9,3.78,7.52,12.85,18.61,20.03,当日涨停附近；收在日内高位；温和放量；近5日强势延续；连续上榜确认；市场强势且个股相对强势；v2低分涨停修正；v3尾盘缩量强承接,短线涨幅偏高；偏离20日线较大；人气排名明显回落；涨停封板不可买,v3
2026-06-03,300747,锐科激光,97,观察池,68.45,30,0.02,-1.67,3.43,-28.74,20.0,-9.71,-1.72,-9.73,-1.74,14.92,3.43,5.23,20.0,当日涨停附近；收盘承接较强；温和放量；近5日强势延续；站上20日线且不过热；震荡市里保持相对强势；震荡市里承接未失控；v2低分涨停修正,短线涨幅偏高；后段人气股在偏弱环境里更谨慎；涨停封板不可买,v3
2026-04-15,301396,宏景科技,80,不推送,29.0,62,2.83,20.0,20.0,-11.56,20.0,-14.47,-4.02,-16.82,-6.66,-3.08,20.0,20.0,20.0,当日强涨；温和放量；近5日强势延续,短线涨幅偏高；偏离20日线较大；v3尾盘半板但封单不强,v3
2026-07-06,600584,长电科技,10,不推送,47.45,8,-3.06,6.42,8.41,-12.32,19.99,9.08,4.37,12.52,7.66,,9.08,19.99,,人气Top10；当日上涨；温和放量；站上20日线且不过热；持续霸榜；震荡市里保持相对强势,近5日趋势未确认；热度可能进入后段；v3尾盘版回避高位长连榜；v3尾盘承接一般,v3
2026-05-28,002552,宝鼎科技,34,观察池,58.6,34,-1.4,3.81,7.36,-2.39,19.97,9.36,6.15,10.91,7.66,-3.98,13.31,13.31,19.97,人气Top50；当日涨停附近；收在日内高位；温和放量；持续霸榜；人气排名明显上升；市场强势且个股相对强势；v3尾盘涨停延续,短线涨幅过热；远离20日线过多；热度可能进入后段；v3尾盘版回避高位长连榜；涨停封板不可买,v3
2026-04-28,000889,中嘉博创,47,强推观察,98.0,53,-1.83,-2.04,1.43,-31.98,19.96,-1.02,10.18,0.83,12.24,4.89,1.43,19.96,19.96,人气Top50；当日涨停附近；收在日内高位；温和放量；近5日趋势升温；站上20日线且不过热；连续上榜确认；人气排名明显上升；v3热点早段优先,-,v3
2026-06-18,300136,信维通信,82,不推送,42.6,19,-2.29,-7.97,0.8,-26.75,19.94,-4.45,9.52,-2.21,12.08,-4.93,0.8,12.49,19.94,温和放量；近5日趋势升温；站上20日线且不过热；连续上榜确认；市场强势且个股相对强势,人气排名明显回落,v3
2026-05-21,603459,红板科技,38,不推送,66.8,39,1.55,10.0,10.0,-4.75,19.94,17.65,7.83,15.86,6.18,11.44,19.94,19.94,19.94,人气Top50；当日上涨；温和放量；近5日趋势升温；站上20日线且不过热；连续上榜确认；人气排名明显上升；v2连榜升温修正；v3热点早段优先,弱市先收缩执行,v3
2026-06-04,002281,光迅科技,67,不推送,0.0,29,-0.92,2.51,7.51,-5.18,19.91,-5.31,-7.48,-4.43,-6.62,19.91,7.51,7.51,19.91,站上20日线且不过热；持续霸榜；震荡市里保持相对强势,当日转弱；热度可能进入后段；人气排名明显回落；后段人气股在偏弱环境里更谨慎；v3尾盘版回避高位长连榜,v3
2026-04-14,300390,天华新能,56,不推送,41.0,63,-1.53,-5.08,-1.3,-27.19,19.9,8.32,5.87,10.0,7.52,14.73,12.28,12.28,19.9,收在日内高位；温和放量；近5日强势延续；连续上榜确认,短线涨幅偏高；偏离20日线较大,v3
2026-04-21,000890,法尔胜,64,不推送,64.0,58,1.1,4.46,8.98,-52.3,19.88,11.31,8.98,10.1,7.8,-3.15,19.81,19.81,19.88,当日强涨；收盘承接较强；温和放量；近5日趋势升温；站上20日线且不过热；连续上榜确认,人气排名明显回落,v3
2026-04-27,000938,紫光股份,83,不推送,30.0,54,-1.06,-1.89,0.28,19.88,19.88,-0.62,2.11,0.44,3.2,-0.34,4.44,4.44,6.96,温和放量；近5日趋势升温；站上20日线且不过热,v3尾盘承接一般,v3
2026-06-23,000636,风华高科,29,不推送,4.5,17,-0.84,3.26,4.86,-26.14,19.86,12.0,3.06,12.95,3.93,-12.63,14.9,19.86,19.86,人气Top50；近5日趋势升温；站上20日线且不过热；持续霸榜,当日转弱；热度可能进入后段；弱市先收缩执行；弱市里的长连榜样本优先降权；v3尾盘版回避高位长连榜,v3
2026-04-17,000657,中钨高新,41,普通观察,74.0,60,1.85,4.31,8.25,19.83,19.83,3.58,-1.67,1.7,-3.46,10.46,8.25,8.25,11.96,人气Top50；当日强涨；放量仍可控；近5日趋势升温；站上20日线且不过热；连续上榜确认；人气排名明显上升；v2连榜升温修正；v3热点早段优先,v3尾盘半板但封单不强,v3
2026-04-23,002297,博云新材,7,普通观察,71.0,56,-3.01,0.27,0.94,-9.89,19.83,1.53,10.16,4.68,13.58,8.36,1.53,14.21,19.83,人气Top10；当日涨停附近；收在日内高位；温和放量；近5日强势延续；持续霸榜；人气排名明显上升,短线涨幅偏高；远离20日线过多；热度可能进入后段；v3尾盘版回避高位长连榜,v3
2026-04-14,300058,蓝色光标,23,普通观察,69.0,63,-0.81,-4.86,0.75,-23.39,19.8,4.23,8.8,5.08,9.69,-3.36,5.5,19.8,19.8,人气Top50；当日上涨；温和放量；近5日强势延续；站上20日线且不过热；连续上榜确认；人气排名明显上升；v2连榜升温修正；v3热点早段优先,短线涨幅偏高,v3
2026-04-10,603538,美诺华,7,重点观察,86.0,65,-0.18,-3.07,1.23,-22.67,19.78,11.92,5.87,12.12,6.06,16.11,13.05,15.53,19.78,人气Top10；当日强涨；收在日内高位；温和放量；近5日趋势升温；首次上榜即强势,偏离20日线较大,v3
2026-07-14,301308,江波龙,74,不推送,0.0,2,17.21,4.94,19.78,-0.31,19.78,,,,,,,,,持续霸榜,当日转弱；收盘承接偏弱；近5日趋势未确认；仍在20日线下方；热度可能进入后段；强势市里个股相对走弱；市场健康度不足，收缩推送；v3尾盘版回避高位长连榜,v3
2026-04-20,300342,天银机电,79,不推送,62.0,59,0.81,8.95,9.46,-42.43,19.77,14.74,13.93,13.82,13.02,3.09,19.77,19.77,19.77,当日涨停附近；温和放量；近5日趋势升温；站上20日线且不过热；v2低分涨停修正,-,v3
2026-04-27,000539,粤电力A,88,不推送,38.0,54,-2.76,5.52,8.71,-23.22,19.74,-5.22,5.52,-2.54,8.51,4.93,8.71,8.71,19.74,当日上涨；温和放量；近5日趋势升温；站上20日线且不过热,人气排名明显回落,v3
2026-06-03,001896,豫能控股,25,观察池,90.17,30,7.82,10.01,10.01,-32.77,19.72,-2.39,5.43,-9.47,-2.22,8.37,19.72,19.72,19.72,人气Top50；当日涨停附近；收在日内高位；近5日强势延续；站上20日线且不过热；持续霸榜；震荡市里保持相对强势；震荡市里承接未失控；v2强势延续修正；v2低分涨停修正；v3尾盘涨停延续,短线涨幅偏高；热度可能进入后段；v3尾盘版回避高位长连榜；涨停封板不可买,v3
2026-04-21,600589,大位科技,95,不推送,0.0,58,-1.63,1.72,1.91,-30.14,19.71,-1.63,-7.46,0.0,-5.93,19.71,9.09,9.09,19.71,温和放量,当日转弱；收盘承接偏弱；近5日趋势未确认,v3
2026-07-08,002409,雅克科技,47,不推送,20.0,6,2.72,9.24,9.24,-18.46,19.69,-1.2,-10.46,-3.82,-12.83,,19.69,19.69,,人气Top50；收盘承接较强；站上20日线且不过热；持续霸榜；弱市中个股相对抗跌,近5日趋势未确认；热度可能进入后段；弱市里的长连榜样本优先降权；v3尾盘版回避高位长连榜,v3
2026-07-13,002384,东山精密,30,不推送,0.0,3,3.21,11.27,11.27,14.87,19.69,14.87,,11.3,,,19.69,,,人气Top50；温和放量；持续霸榜,当日转弱；收盘承接偏弱；仍在20日线下方；热度可能进入后段；弱市先收缩执行；弱市里的长连榜样本优先降权；v3尾盘版回避高位长连榜,v3
2026-05-27,600863,华能蒙电,17,观察池,109.17,35,2.83,-1.04,8.94,-31.15,19.67,18.03,10.13,14.78,7.1,-16.24,19.67,19.67,19.67,人气Top20；当日涨停附近；收在日内高位；温和放量；近5日趋势升温；持续霸榜；震荡市里保持相对强势；震荡市里承接未失控；v2强势延续修正；v2低分涨停修正；v3尾盘涨停延续,偏离20日线较大；热度可能进入后段；v3尾盘版回避高位长连榜；涨停封板不可买,v3
2026-05-19,300503,昊志机电,78,观察池,75.45,41,0.05,-3.39,0.36,0.78,19.64,13.83,7.65,13.77,7.6,-5.14,15.96,19.64,19.64,当日涨停附近；收盘承接较强；温和放量；近5日趋势升温；站上20日线且不过热；震荡市里保持相对强势；震荡市里承接未失控；v2低分涨停修正,后段人气股在偏弱环境里更谨慎；涨停封板不可买,v3
2026-06-15,002119,康强电子,69,不推送,0.0,22,-0.21,-0.33,1.14,-21.31,19.63,3.42,-3.21,3.63,-3.0,19.63,6.14,6.14,19.63,近5日强势延续；连续上榜确认；市场强势且个股相对强势,当日转弱；收盘承接偏弱；短线涨幅偏高；偏离20日线较大；人气排名明显回落,v3
2026-06-24,000811,冰轮环境,59,不推送,52.6,16,4.11,9.43,9.43,-3.91,19.61,4.5,12.25,0.37,7.82,2.43,13.0,19.61,19.61,当日强涨；收在日内高位；温和放量；连续上榜确认；人气排名明显上升；市场强势且个股相对强势,短线涨幅过热；偏离20日线较大,v3
2026-05-26,603459,红板科技,38,观察池,77.17,36,14.86,9.53,19.61,-3.7,19.61,7.3,2.26,-6.58,-10.97,-1.84,19.61,19.61,19.61,人气Top50；当日涨停附近；收在日内高位；近5日趋势升温；站上20日线且不过热；持续霸榜；人气排名明显上升；震荡市里保持相对强势；震荡市里承接未失控；v3尾盘涨停延续,量能不足；热度可能进入后段；v3尾盘版回避高位长连榜；涨停封板不可买,v3
2026-05-26,300308,中际旭创,74,不推送,7.72,36,-1.26,0.68,3.91,0.83,19.58,5.19,7.96,6.53,9.34,6.89,9.61,9.61,19.58,温和放量；近5日趋势升温；站上20日线且不过热；持续霸榜；震荡市里保持相对强势,当日转弱；收盘承接偏弱；热度可能进入后段；人气排名明显回落；后段人气股在偏弱环境里更谨慎；v3尾盘版回避高位长连榜,v3
2026-06-01,300308,中际旭创,33,不推送,0.0,32,4.5,7.96,9.21,0.83,19.58,15.95,4.63,10.96,0.12,12.78,19.58,19.58,19.58,人气Top50；温和放量；站上20日线且不过热；持续霸榜,当日转弱；收盘承接偏弱；热度可能进入后段；弱市先收缩执行；弱市里的长连榜样本优先降权；v3尾盘版回避高位长连榜,v3
2026-05-20,300308,中际旭创,60,不推送,11.73,40,-3.98,-10.01,-3.52,0.83,19.58,-0.99,0.68,3.11,4.85,15.5,-0.81,3.91,19.58,温和放量；近5日趋势升温；站上20日线且不过热；持续霸榜；震荡市里保持相对强势,当日转弱；收盘承接偏弱；热度可能进入后段；后段人气股在偏弱环境里更谨慎；v3尾盘版回避高位长连榜,v3
2026-06-02,300308,中际旭创,13,不推送,8.1,31,10.52,15.5,19.58,0.83,19.58,6.89,6.89,-3.28,-3.28,13.06,19.58,19.58,19.58,人气Top20；温和放量；站上20日线且不过热；持续霸榜；人气排名明显上升,当日转弱；收盘承接偏弱；热度可能进入后段；强势市里个股相对走弱；市场健康度不足，收缩推送；v3尾盘版回避高位长连榜,v3
2026-05-22,300308,中际旭创,58,不推送,10.6,38,-4.43,-0.99,-0.81,0.83,19.58,0.68,5.19,5.34,10.06,6.89,3.91,9.61,19.58,温和放量；近5日趋势升温；站上20日线且不过热；持续霸榜；市场强势且个股相对强势,当日转弱；收盘承接偏弱；热度可能进入后段；人气排名明显回落；v3尾盘版回避高位长连榜,v3
2026-04-24,002297,博云新材,19,不推送,31.0,55,-5.83,-7.94,-5.83,-10.13,19.51,4.08,7.67,10.52,14.33,17.26,9.24,16.59,19.51,人气Top20；收盘承接较强；温和放量；近5日强势延续；持续霸榜,短线涨幅偏高；远离20日线过多；热度可能进入后段；v3尾盘版回避高位长连榜,v3
2026-07-02,002747,埃斯顿,24,不推送,12.5,10,2.49,9.2,9.2,3.49,19.51,19.51,1.29,16.61,-1.17,3.49,19.51,19.51,19.51,人气Top50；放量仍可控；近5日趋势升温；站上20日线且不过热；持续霸榜,当日转弱；热度可能进入后段；弱市先收缩执行；弱市里的长连榜样本优先降权；v3尾盘版回避高位长连榜,v3
2026-06-22,600160,巨化股份,40,观察池,110.6,18,3.05,-3.46,4.04,-17.62,19.51,4.68,10.86,1.58,7.58,1.07,7.15,13.13,19.51,人气Top50；当日涨停附近；收在日内高位；温和放量；近5日趋势升温；站上20日线且不过热；持续霸榜；市场强势且个股相对强势；v2强势延续修正；v2低分涨停修正；v3尾盘涨停延续,热度可能进入后段；v3尾盘版回避高位长连榜；涨停封板不可买,v3
2026-04-15,601138,工业富联,34,不推送,12.0,62,0.29,2.59,3.75,8.99,19.51,6.38,15.69,6.07,15.35,14.6,9.53,16.83,19.51,人气Top50；温和放量；站上20日线且不过热；连续上榜确认,当日转弱；收盘承接偏弱；人气排名明显回落,v3
2026-06-16,600186,莲花控股,15,观察池,108.6,21,1.8,9.98,9.98,-25.58,19.5,8.03,6.38,6.12,4.5,-2.7,17.78,17.78,19.5,人气Top20；当日涨停附近；收在日内高位；近5日趋势升温；站上20日线且不过热；持续霸榜；人气排名明显上升；市场强势且个股相对强势；v2强势延续修正；v2低分涨停修正；v3尾盘涨停延续,热度可能进入后段；v3尾盘版回避高位长连榜；涨停封板不可买,v3
2026-05-28,600186,莲花控股,39,不推送,0.0,34,1.12,-4.96,3.28,-7.12,19.48,-9.74,-11.33,-10.74,-12.31,18.26,3.28,3.28,19.48,人气Top50；温和放量；持续霸榜,当日转弱；收盘承接偏弱；热度可能进入后段；强势市里个股相对走弱；v3尾盘版回避高位长连榜,v3
2026-06-05,000725,京东方A,1,不推送,5.3,28,6.82,3.66,11.15,0.67,19.47,-0.67,-8.32,-7.01,-14.17,15.31,11.15,11.15,19.47,人气Top3；近5日趋势升温；站上20日线且不过热；持续霸榜,当日转弱；收盘承接偏弱；热度可能进入后段；弱市先收缩执行；弱市里的长连榜样本优先降权；Top3高热度拥挤，次日兑现风险；v3尾盘版回避高位长连榜,v3
2026-05-06,002805,丰元股份,75,普通观察,67.0,51,2.14,10.02,10.02,-15.67,19.47,7.88,8.62,5.61,6.34,3.98,15.97,15.97,19.47,当日涨停附近；收在日内高位；近5日强势延续；站上20日线且不过热；v2低分涨停修正；v3尾盘缩量强承接,短线涨幅偏高,v3
2026-06-12,000831,中国稀土,79,不推送,9.72,17,0.07,4.27,5.11,-13.08,19.42,5.5,18.38,5.43,18.3,-3.02,12.42,19.42,19.42,当日上涨；温和放量；站上20日线且不过热；震荡市里保持相对强势,收盘承接偏弱；上影线偏长；后段人气股在偏弱环境里更谨慎；v3尾盘承接一般,v3
2026-04-23,601016,节能风电,9,强推观察,98.0,56,1.12,0.0,6.03,-26.34,19.42,5.58,-4.91,4.42,-5.96,14.29,8.26,8.26,19.42,人气Top10；当日涨停附近；收在日内高位；近5日趋势升温；站上20日线且不过热；首次上榜即强势；v2强势延续修正；v3热点早段优先,v3尾盘版回避放量过猛,v3
2026-06-08,001896,豫能控股,11,不推送,14.5,27,-1.76,8.18,8.18,-32.26,19.42,6.42,13.9,8.32,15.93,-1.05,12.39,17.86,19.42,人气Top20；温和放量；近5日趋势升温；站上20日线且不过热；持续霸榜,收盘承接偏弱；热度可能进入后段；上影线偏长；弱市先收缩执行；弱市里的长连榜样本优先降权；v3尾盘版回避高位长连榜；v3尾盘承接一般,v3
2026-06-02,603601,再升科技,8,不推送,0.0,31,9.97,13.04,19.4,-40.27,19.4,10.23,-3.14,0.24,-11.92,-4.08,19.4,19.4,19.4,人气Top10；温和放量；持续霸榜；人气排名明显上升,当日转弱；收盘承接偏弱；近5日趋势未确认；仍在20日线下方；热度可能进入后段；强势市里个股相对走弱；市场健康度不足，收缩推送；v3尾盘版回避高位长连榜,v3
2026-04-27,000815,美利云,58,不推送,8.0,54,-1.73,2.29,3.31,-34.16,19.4,-3.16,12.68,-1.45,14.66,8.66,4.63,17.11,19.4,连续上榜确认；人气排名明显上升,近5日趋势未确认,v3
2026-06-04,600105,永鼎股份,77,不推送,35.45,29,-0.18,2.25,10.19,-17.83,19.38,4.98,-3.45,5.18,-3.27,14.63,10.19,10.19,19.38,当日上涨；收盘承接较强；近5日趋势升温；站上20日线且不过热；持续霸榜；震荡市里保持相对强势；震荡市里承接未失控,热度可能进入后段；人气排名明显回落；后段人气股在偏弱环境里更谨慎；v3尾盘版回避高位长连榜,v3
2026-05-25,002421,达实智能,4,观察池,71.6,37,2.29,-3.12,7.5,-39.37,19.38,-4.79,-5.83,-6.92,-7.94,19.38,7.5,7.5,19.38,人气Top10；当日涨停附近；收在日内高位；温和放量；近5日强势延续；持续霸榜；市场强势且个股相对强势,短线涨幅偏高；远离20日线过多；热度可能进入后段；v3尾盘版回避高位长连榜；涨停封板不可买,v3
2026-04-24,002015,协鑫能科,27,不推送,4.0,55,-3.13,-6.15,-0.31,-30.45,19.37,-4.2,0.1,-1.11,3.33,19.37,-0.31,0.1,19.37,人气Top50；近5日趋势升温；站上20日线且不过热；持续霸榜,当日转弱；收盘承接偏弱；热度可能进入后段；v3尾盘版回避高位长连榜,v3
2026-06-29,300204,舒泰神,84,观察池,81.45,13,0.99,2.15,4.73,18.9,19.37,3.05,8.89,2.04,7.83,0.73,13.14,19.37,19.37,当日涨停附近；收在日内高位；温和放量；近5日趋势升温；站上20日线且不过热；震荡市里保持相对强势；震荡市里承接未失控；v2低分涨停修正,后段人气股在偏弱环境里更谨慎；涨停封板不可买,v3
2026-07-01,002747,埃斯顿,33,观察池,91.17,11,4.26,-0.88,4.26,3.34,19.34,12.1,7.4,7.52,3.01,-0.39,17.63,19.34,19.34,人气Top50；当日涨停附近；收在日内高位；近5日趋势升温；站上20日线且不过热；持续霸榜；震荡市里保持相对强势；震荡市里承接未失控；v2强势延续修正；v3尾盘涨停延续,热度可能进入后段；v3尾盘版回避高位长连榜；涨停封板不可买,v3
2026-06-12,002617,露笑科技,68,不推送,0.0,23,0.24,5.54,5.78,-25.12,19.34,7.67,12.97,7.41,12.71,19.34,8.49,13.33,19.34,当日上涨；放量仍可控；震荡市里保持相对强势,收盘承接偏弱；近5日趋势未确认；仍在20日线下方；上影线偏长；后段人气股在偏弱环境里更谨慎,v3
2026-05-28,600863,华能蒙电,14,不推送,24.6,34,-1.34,8.47,8.47,-31.35,19.32,9.66,2.23,11.14,3.61,-18.42,19.32,19.32,19.32,人气Top20；温和放量；近5日趋势升温；持续霸榜；市场强势且个股相对强势,收盘承接偏弱；偏离20日线较大；热度可能进入后段；上影线偏长；v3尾盘版回避高位长连榜,v3
2026-06-02,600280,中央商场,79,不推送,38.6,11,6.53,13.35,19.32,-15.62,19.32,-3.41,-2.84,-9.33,-8.8,-11.65,19.32,19.32,19.32,温和放量；近5日趋势升温；站上20日线且不过热；市场强势且个股相对强势,-,v3
2026-04-22,002149,西部材料,66,不推送,56.0,57,-0.19,0.36,4.38,-43.49,19.31,-9.7,-9.92,-9.53,-9.75,17.69,4.38,4.38,19.31,当日上涨；收盘承接较强；温和放量；近5日趋势升温；站上20日线且不过热；连续上榜确认,人气排名明显回落,v3
2026-07-06,603019,中科曙光,84,不推送,3.72,8,-1.26,-1.29,2.13,3.1,19.3,9.79,12.05,11.18,13.47,,10.54,19.3,,站上20日线且不过热；持续霸榜；震荡市里保持相对强势,近5日趋势未确认；热度可能进入后段；后段人气股在偏弱环境里更谨慎；v3尾盘版回避高位长连榜,v3
2026-06-10,002254,泰和新材,61,不推送,5.08,25,2.72,11.89,11.89,-26.43,19.28,3.37,9.88,0.63,6.97,19.28,11.89,11.89,19.28,温和放量；近5日趋势升温；站上20日线且不过热；连续上榜确认,当日转弱；收盘承接偏弱；人气排名明显回落；弱市先收缩执行；后段人气股在偏弱环境里更谨慎,v3
2026-05-29,002407,多氟多,84,不推送,0.0,33,0.45,2.38,6.1,-5.06,19.27,-1.04,-1.25,-1.48,-1.69,18.0,6.1,6.1,19.27,持续霸榜,当日转弱；收盘承接偏弱；近5日趋势未确认；仍在20日线下方；热度可能进入后段；弱市先收缩执行；后段人气股在偏弱环境里更谨慎；弱市里的长连榜样本优先降权；市场健康度不足，收缩推送；市场健康度偏弱；v3尾盘版回避高位长连榜,v3
2026-07-15,002821,凯莱英,42,观察池,119.17,1,13.91,7.3,19.23,7.3,19.23,,,,,,,,,人气Top50；当日涨停附近；收在日内高位；近5日趋势升温；站上20日线且不过热；人气排名明显上升；震荡市里保持相对强势；震荡市里承接未失控；v2强势延续修正；v2低分涨停修正；v3尾盘涨停延续；v3尾盘缩量强承接；v3热点早段优先,涨停封板不可买,v3
2026-04-24,300027,华谊兄弟,73,不推送,0.0,17,-1.69,3.39,5.65,3.95,19.21,2.82,7.91,4.6,9.77,10.17,6.21,11.3,19.21,温和放量；站上20日线且不过热,当日转弱；收盘承接偏弱；近5日趋势未确认,v3
2026-06-16,600392,盛和资源,22,观察池,112.6,21,0.0,-0.86,3.07,-20.77,19.19,18.77,8.85,18.77,8.85,-0.03,19.19,19.19,19.19,人气Top50；当日涨停附近；收在日内高位；温和放量；近5日趋势升温；站上20日线且不过热；连续上榜确认；人气排名明显上升；市场强势且个股相对强势；v2强势延续修正；v2低分涨停修正,涨停封板不可买,v3
2026-06-26,300308,中际旭创,21,不推送,0.0,14,12.24,10.52,14.52,0.83,19.18,10.81,1.1,-1.28,-9.93,-0.9,19.18,19.18,19.18,人气Top50；温和放量；持续霸榜；人气排名明显上升,当日转弱；收盘承接偏弱；近5日趋势未确认；仍在20日线下方；热度可能进入后段；弱市先收缩执行；弱市里的长连榜样本优先降权；市场健康度不足，收缩推送；市场健康度偏弱；v3尾盘版回避高位长连榜,v3
2026-04-15,000070,特发信息,46,不推送,8.0,62,-1.43,10.01,10.01,-21.72,19.17,11.39,12.55,13.0,14.19,2.38,12.92,17.58,19.17,人气Top50；温和放量；站上20日线且不过热；人气排名明显上升,当日转弱；收盘承接偏弱；近5日趋势未确认,v3
2026-05-14,000858,五粮液,33,不推送,8.8,44,19.05,17.52,19.16,-0.03,19.16,16.04,15.46,-2.52,-3.01,10.24,19.16,19.16,19.16,人气Top50；温和放量；连续上榜确认,近5日趋势未确认；仍在20日线下方；弱市先收缩执行,v3
2026-05-07,600703,三安光电,99,不推送,48.6,49,-1.25,0.92,2.05,-10.24,19.15,10.44,15.26,11.84,16.72,3.7,12.29,19.15,19.15,当日上涨；收盘承接较强；温和放量；站上20日线且不过热；连续上榜确认；市场强势且个股相对强势,人气排名明显回落,v3
2026-04-29,002475,立讯精密,86,不推送,6.0,52,1.22,-2.39,1.22,-10.29,19.14,1.28,10.81,0.06,9.47,6.21,3.44,14.25,19.14,温和放量；站上20日线且不过热；持续霸榜,当日转弱；热度可能进入后段；人气排名明显回落；v3尾盘版回避高位长连榜,v3
2026-04-13,301015,百洋医药,61,不推送,0.0,27,-0.62,4.27,4.76,-5.09,19.13,8.57,10.19,9.25,10.87,1.86,11.8,19.13,19.13,温和放量；站上20日线且不过热,收盘承接偏弱；近5日趋势未确认；上影线偏长,v3
2026-05-19,600021,上海电力,23,观察池,85.17,41,4.66,-0.76,4.66,-24.61,19.13,-6.61,8.51,-10.77,3.68,5.85,4.66,8.51,19.13,人气Top50；当日涨停附近；收在日内高位；温和放量；站上20日线且不过热；震荡市里保持相对强势；震荡市里承接未失控；v3尾盘涨停延续,涨停封板不可买,v3
2026-05-20,002980,华盛昌,51,观察池,72.45,40,0.62,-5.64,2.49,-4.24,19.11,14.18,4.99,13.48,4.35,9.16,14.18,19.11,19.11,当日涨停附近；收在日内高位；近5日强势延续；连续上榜确认；人气排名明显上升；震荡市里保持相对强势；震荡市里承接未失控；v2低分涨停修正；v3尾盘缩量强承接,短线涨幅偏高；偏离20日线较大；后段人气股在偏弱环境里更谨慎；涨停封板不可买,v3
2026-05-22,002980,华盛昌,57,观察池,78.6,38,8.13,14.18,14.18,-4.24,19.11,4.99,-2.59,-2.9,-9.91,11.57,19.11,19.11,19.11,当日涨停附近；收在日内高位；近5日趋势升温；站上20日线且不过热；市场强势且个股相对强势；v2低分涨停修正；v3尾盘缩量强承接,涨停封板不可买,v3
2026-05-18,000988,华工科技,17,观察池,81.17,42,2.33,7.31,8.18,-11.32,19.11,4.3,16.49,1.92,13.85,-3.09,15.78,16.49,19.11,人气Top20；当日涨停附近；收在日内高位；站上20日线且不过热；持续霸榜；人气排名明显上升；震荡市里保持相对强势；震荡市里承接未失控；v3尾盘涨停延续,热度可能进入后段；v3尾盘版回避高位长连榜；涨停封板不可买,v3
2026-05-18,002980,华盛昌,89,观察池,60.45,42,-6.58,-7.55,-4.37,-4.24,19.11,-5.64,14.18,1.01,22.23,-9.09,2.49,14.18,19.11,当日涨停附近；收在日内高位；近5日强势延续；震荡市里保持相对强势；震荡市里承接未失控；v2低分涨停修正；v3尾盘缩量强承接,短线涨幅偏高；偏离20日线较大；后段人气股在偏弱环境里更谨慎；涨停封板不可买,v3
2026-06-24,600176,中国巨石,13,观察池,81.6,16,1.97,9.23,10.0,-26.4,19.1,9.5,8.41,7.38,6.31,-13.51,19.1,19.1,19.1,人气Top20；当日涨停附近；收在日内高位；近5日强势延续；持续霸榜；人气排名明显上升；市场强势且个股相对强势；v2低分涨停修正；v3尾盘涨停延续,短线涨幅偏高；偏离20日线较大；热度可能进入后段；v3尾盘版回避高位长连榜；涨停封板不可买,v3
2026-06-09,002851,麦格米特,84,不推送,46.6,26,-5.0,-8.73,-4.09,-4.86,19.09,-15.23,2.58,-10.76,7.98,6.76,-4.09,2.58,19.09,当日强涨；温和放量；近5日趋势升温；站上20日线且不过热；市场强势且个股相对强势,人气排名明显回落；v3尾盘半板但封单不强,v3
2026-04-14,001309,德明利,32,不推送,49.0,63,0.11,0.11,3.87,19.08,19.08,2.61,2.79,2.49,2.67,-0.85,5.86,7.46,8.85,人气Top50；当日上涨；温和放量；近5日强势延续；连续上榜确认；v2连榜升温修正,短线涨幅偏高；偏离20日线较大,v3
2026-06-17,300903,科翔股份,100,观察池,42.6,20,1.79,3.48,6.97,-22.74,19.07,12.19,14.82,10.22,12.8,-7.09,19.07,19.07,19.07,当日涨停附近；收在日内高位；温和放量；市场强势且个股相对强势,短线涨幅过热；偏离20日线较大；人气排名明显回落；涨停封板不可买,v3
2026-06-25,002167,东方锆业,34,不推送,6.6,15,-3.41,-4.39,-1.42,-23.28,19.07,-2.13,15.52,1.33,19.61,-12.86,-1.42,18.45,19.07,人气Top50；当日上涨；放量仍可控；持续霸榜；市场强势且个股相对强势,短线涨幅过热；远离20日线过多；热度可能进入后段；v3尾盘版回避高位长连榜,v3
2026-04-22,002342,巨力索具,20,不推送,16.0,57,-2.63,-5.96,0.45,-60.05,19.06,-8.64,-6.25,-6.17,-3.72,9.98,0.45,0.45,19.06,人气Top20；温和放量；近5日趋势升温；持续霸榜,当日转弱；收盘承接偏弱；偏离20日线较大；热度可能进入后段；v3尾盘版回避高位长连榜,v3
2026-06-17,603186,华正新材,77,观察池,53.6,20,-1.45,5.05,5.88,-21.91,19.06,2.17,15.94,3.68,17.65,-13.53,13.82,19.06,19.06,当日涨停附近；收在日内高位；温和放量；近5日强势延续；人气排名明显上升；市场强势且个股相对强势,短线涨幅偏高；远离20日线过多；涨停封板不可买,v3
2026-06-10,002747,埃斯顿,23,不推送,18.8,25,-1.8,-6.43,0.0,19.05,19.05,-6.76,-6.9,-5.06,-5.2,3.45,0.11,0.11,11.67,人气Top50；放量仍可控；近5日趋势升温；站上20日线且不过热；连续上榜确认；v3热点早段优先,当日转弱；收盘承接偏弱；弱市先收缩执行,v3
2026-05-07,600726,华电能源,33,观察池,100.6,49,2.5,-1.31,7.88,-27.07,19.05,1.18,5.12,-1.28,2.56,-18.66,7.88,19.05,19.05,人气Top50；当日涨停附近；收在日内高位；近5日趋势升温；连续上榜确认；人气排名明显上升；市场强势且个股相对强势；v2低分涨停修正；v3尾盘涨停延续；v3尾盘缩量强承接,偏离20日线较大；涨停封板不可买,v3
2026-06-18,605358,立昂微,97,不推送,0.0,19,2.33,-1.8,2.9,-30.14,19.04,-4.17,7.72,-6.35,5.27,-7.79,2.9,9.33,19.04,温和放量；站上20日线且不过热；持续霸榜,当日转弱；收盘承接偏弱；近5日趋势未确认；热度可能进入后段；人气排名明显回落；强势市里个股相对走弱；v3尾盘版回避高位长连榜,v3
2026-06-02,002156,通富微电,22,不推送,36.6,31,6.08,10.05,10.05,19.03,19.03,4.75,0.97,-1.26,-4.82,-1.38,13.62,13.62,13.62,人气Top50；当日上涨；收盘承接较强；站上20日线且不过热；持续霸榜；人气排名明显上升；市场强势且个股相对强势,近5日趋势未确认；热度可能进入后段；v3尾盘版回避高位长连榜,v3
2026-05-08,605006,山东玻纤,70,观察池,61.6,48,7.87,10.02,10.02,-0.2,19.03,7.67,-1.48,-0.19,-8.67,5.85,19.03,19.03,19.03,当日涨停附近；收在日内高位；近5日强势延续；市场强势且个股相对强势；v2低分涨停修正；v3尾盘缩量强承接,短线涨幅偏高；偏离20日线较大；涨停封板不可买,v3
2026-06-18,600522,中天科技,4,普通观察,78.6,19,1.96,4.16,6.88,-34.4,19.02,8.16,7.53,6.07,5.45,-12.35,12.95,19.02,19.02,人气Top10；当日上涨；收盘承接较强；温和放量；近5日趋势升温；站上20日线且不过热；持续霸榜；市场强势且个股相对强势,热度可能进入后段；v3尾盘版回避高位长连榜,v3
2026-07-08,000021,深科技,12,不推送,0.0,6,1.83,8.2,8.2,-16.62,19.01,0.27,-9.08,-1.53,-10.71,,19.01,19.01,,人气Top20；站上20日线且不过热；持续霸榜,当日转弱；近5日趋势未确认；热度可能进入后段；弱市先收缩执行；弱市里的长连榜样本优先降权；市场健康度不足，收缩推送；市场健康度偏弱；v3尾盘版回避高位长连榜,v3
2026-06-16,688146,中船特气,54,观察池,11.6,18,-11.54,-3.07,-2.98,-27.24,18.99,11.28,5.58,25.8,19.35,-13.6,14.0,18.99,18.99,当日涨停附近；近5日强势延续；市场强势且个股相对强势,量能不足；短线涨幅偏高；远离20日线过多；涨停封板不可买,v3
2026-05-12,601016,节能风电,43,不推送,32.6,46,1.41,13.74,13.74,-33.33,18.99,1.62,3.64,0.2,2.19,-6.46,18.99,18.99,18.99,人气Top50；近5日趋势升温；站上20日线且不过热；人气排名明显上升；市场强势且个股相对强势；v3热点早段优先,上影线偏长；v3尾盘承接一般,v3
2026-07-03,002156,通富微电,64,不推送,0.0,9,2.1,1.38,4.89,16.34,18.98,0.51,8.69,-1.56,6.45,,6.92,18.98,,持续霸榜,当日转弱；收盘承接偏弱；近5日趋势未确认；热度可能进入后段；震荡市里相对走弱；后段人气股在偏弱环境里更谨慎；市场健康度不足，收缩推送；v3尾盘版回避高位长连榜,v3
2026-05-25,300433,蓝思科技,51,不推送,36.6,37,-3.09,-4.42,-2.21,-3.74,18.97,-0.03,4.0,3.16,7.31,6.03,3.67,6.63,18.97,当日上涨；温和放量；站上20日线且不过热；持续霸榜；人气排名明显上升；市场强势且个股相对强势,热度可能进入后段；v3尾盘版回避高位长连榜,v3
2026-06-10,603773,沃格光电,24,不推送,35.0,25,-3.22,-10.03,1.86,-38.71,18.95,-11.42,7.18,-8.47,10.75,10.96,1.86,7.18,18.95,人气Top50；当日上涨；收盘承接较强；温和放量；近5日强势延续；持续霸榜；人气排名明显上升；弱市中个股相对抗跌,短线涨幅偏高；远离20日线过多；热度可能进入后段；弱市里的长连榜样本优先降权；v3尾盘版回避高位长连榜,v3
2026-06-23,002008,大族激光,8,不推送,72.8,17,-3.23,7.74,11.63,-23.5,18.95,7.06,6.23,10.63,9.79,-7.75,18.95,18.95,18.95,人气Top10；当日强涨；温和放量；近5日趋势升温；站上20日线且不过热；连续上榜确认；人气排名明显上升,弱市先收缩执行；v3尾盘半板但封单不强,v3
2026-07-07,002217,ST合力泰,79,不推送,7.08,7,12.42,15.69,18.95,0.0,18.95,5.23,-2.61,-6.4,-13.37,,18.95,18.95,,当日上涨；温和放量；连续上榜确认,近5日趋势未确认；仍在20日线下方；弱市先收缩执行；后段人气股在偏弱环境里更谨慎,v3
2026-04-15,001309,德明利,91,不推送,3.0,62,-2.23,3.11,5.74,18.95,18.95,2.75,4.75,5.1,7.14,4.34,7.34,7.34,8.73,温和放量；近5日强势延续；连续上榜确认,收盘承接偏弱；短线涨幅偏高；偏离20日线较大；人气排名明显回落；上影线偏长,v3
2026-05-29,002580,圣阳股份,63,不推送,0.0,33,1.46,11.5,11.5,-30.98,18.94,1.46,-8.82,0.0,-10.14,-13.34,18.94,18.94,18.94,温和放量,近5日趋势未确认；仍在20日线下方；人气排名明显回落；上影线偏长；弱市先收缩执行；后段人气股在偏弱环境里更谨慎；v3尾盘承接一般,v3
2026-05-08,002902,铭普光磁,72,观察池,70.6,48,5.31,5.03,9.98,-32.39,18.93,10.42,9.45,4.86,3.94,-0.64,13.05,18.93,18.93,当日涨停附近；收在日内高位；近5日趋势升温；站上20日线且不过热；市场强势且个股相对强势；v2低分涨停修正；v3尾盘缩量强承接,量能不足；涨停封板不可买,v3
2026-06-25,688008,澜起科技,58,不推送,28.6,15,-2.65,-6.47,-1.06,-24.58,18.92,10.71,-3.85,13.72,-1.23,2.1,11.86,18.92,18.92,当日上涨；近5日趋势升温；站上20日线且不过热；人气排名明显上升；市场强势且个股相对强势,量能不足,v3
2026-06-09,600487,亨通光电,3,观察池,106.4,26,0.68,1.51,4.48,-38.25,18.92,-7.89,2.1,-8.51,1.42,13.07,4.48,4.48,18.92,人气Top3；当日涨停附近；收在日内高位；温和放量；近5日强势延续；持续霸榜；市场强势且个股相对强势；v2强势延续修正；v2低分涨停修正；v3尾盘涨停延续,短线涨幅偏高；偏离20日线较大；热度可能进入后段；Top3高热度拥挤，次日兑现风险；v3尾盘版回避高位长连榜；涨停封板不可买,v3
2026-05-14,601899,紫金矿业,82,不推送,0.0,44,18.88,14.74,18.92,5.41,18.92,10.92,6.7,-6.7,-10.25,9.3,18.92,18.92,18.92,持续霸榜；人气排名明显上升,近5日趋势未确认；仍在20日线下方；热度可能进入后段；弱市先收缩执行；后段人气股在偏弱环境里更谨慎；弱市里的长连榜样本优先降权；v3尾盘版回避高位长连榜；v3尾盘承接一般,v3
2026-04-29,000338,潍柴动力,96,不推送,30.0,15,2.49,3.48,8.33,16.42,18.91,16.09,11.21,13.27,8.51,10.45,18.91,18.91,18.91,收盘承接较强；近5日趋势升温；站上20日线且不过热,-,v3
2026-05-08,300283,温州宏丰,93,观察池,49.6,48,3.06,-6.54,5.89,-7.71,18.9,1.24,-7.18,-1.77,-9.94,9.01,8.54,8.54,18.9,当日涨停附近；收在日内高位；温和放量；近5日强势延续；市场强势且个股相对强势,短线涨幅偏高；远离20日线过多；涨停封板不可买,v3
2026-05-27,300433,蓝思科技,21,普通观察,75.17,35,-1.21,-0.13,3.57,-3.84,18.86,3.89,10.32,5.16,11.66,4.59,6.53,16.37,18.86,人气Top50；当日上涨；收盘承接较强；温和放量；近5日趋势升温；站上20日线且不过热；人气排名明显上升；震荡市里保持相对强势；震荡市里承接未失控；v3热点早段优先,-,v3
2026-04-24,300613,富瀚微,78,不推送,37.0,18,7.36,13.91,16.89,18.42,18.85,6.24,6.22,-1.05,-1.06,11.31,18.85,18.85,18.85,当日涨停附近；收在日内高位；近5日强势延续；连续上榜确认；v2低分涨停修正,放量过猛；短线涨幅偏高；偏离20日线较大；v3尾盘版回避放量过猛,v3
2026-05-11,600330,天通股份,41,不推送,22.6,47,13.54,9.16,13.64,-28.61,18.82,9.63,0.53,-3.44,-11.45,4.65,18.82,18.82,18.82,人气Top50；近5日趋势升温；站上20日线且不过热；连续上榜确认；人气排名明显上升；市场强势且个股相对强势,当日转弱；收盘承接偏弱,v3
2026-05-12,600330,天通股份,18,不推送,20.6,46,6.95,17.21,17.98,-28.61,18.82,-1.34,-1.47,-7.75,-7.87,-3.54,18.82,18.82,18.82,人气Top20；近5日趋势升温；站上20日线且不过热；持续霸榜；人气排名明显上升；市场强势且个股相对强势,当日转弱；收盘承接偏弱；热度可能进入后段；v3尾盘版回避高位长连榜,v3
2026-05-25,600584,长电科技,2,普通观察,81.6,37,3.9,10.4,10.4,4.29,18.81,6.08,-5.31,2.1,-8.87,-12.02,18.81,18.81,18.81,人气Top3；当日强涨；收在日内高位；温和放量；近5日强势延续；持续霸榜；市场强势且个股相对强势,短线涨幅偏高；偏离20日线较大；热度可能进入后段；v3尾盘版回避高位长连榜,v3
2026-04-14,002812,恩捷股份,98,不推送,46.0,63,1.84,0.08,2.09,-27.4,18.81,1.37,7.27,-0.46,5.33,11.05,4.19,7.99,18.81,当日上涨；收在日内高位；温和放量；站上20日线且不过热,-,v3
2026-06-02,600726,华电能源,57,不推送,32.6,31,-0.33,8.01,11.57,-38.26,18.8,4.0,0.67,4.35,1.0,-4.12,18.8,18.8,18.8,温和放量；近5日趋势升温；站上20日线且不过热；持续霸榜；市场强势且个股相对强势,热度可能进入后段；人气排名明显回落；v3尾盘版回避高位长连榜,v3
2026-06-15,301217,铜冠铜箔,9,观察池,72.6,22,7.02,4.71,16.83,-25.24,18.8,17.54,0.97,9.83,-5.65,-2.99,18.8,18.8,18.8,人气Top10；当日涨停附近；收在日内高位；温和放量；连续上榜确认；人气排名明显上升；市场强势且个股相对强势,短线涨幅过热；远离20日线过多；涨停封板不可买,v3
2026-06-01,600726,华电能源,22,不推送,21.5,32,5.67,2.78,7.34,-38.26,18.8,15.57,-2.11,9.37,-7.37,-4.78,18.8,18.8,18.8,人气Top50；温和放量；近5日强势延续；站上20日线且不过热；持续霸榜,短线涨幅偏高；热度可能进入后段；弱市先收缩执行；弱市里的长连榜样本优先降权；v3尾盘版回避高位长连榜,v3
2026-06-16,000032,深桑达A,70,观察池,54.6,21,1.4,1.44,3.63,-24.86,18.79,7.43,10.7,5.95,9.18,4.85,11.58,11.58,18.79,当日涨停附近；收在日内高位；温和放量；连续上榜确认；市场强势且个股相对强势,短线涨幅过热；偏离20日线较大；涨停封板不可买,v3
2026-06-29,000100,TCL科技,34,不推送,27.45,13,1.52,10.44,10.44,-5.5,18.79,12.33,-1.52,10.65,-2.99,-8.73,18.79,18.79,18.79,人气Top50；温和放量；近5日趋势升温；站上20日线且不过热；连续上榜确认；震荡市里保持相对强势,当日转弱；收盘承接偏弱；人气排名明显回落,v3
2026-06-29,002409,雅克科技,20,观察池,84.17,13,4.23,8.21,9.95,-24.8,18.79,2.42,-10.13,-1.74,-13.78,-8.89,18.79,18.79,18.79,人气Top20；当日涨停附近；收在日内高位；温和放量；近5日强势延续；连续上榜确认；人气排名明显上升；震荡市里保持相对强势；震荡市里承接未失控；v2低分涨停修正,短线涨幅偏高；远离20日线过多；涨停封板不可买,v3
2026-06-23,600105,永鼎股份,64,不推送,0.78,17,-2.04,10.37,10.37,-28.5,18.77,5.51,8.35,7.7,10.6,-21.24,18.77,18.77,18.77,温和放量；近5日趋势升温；站上20日线且不过热；持续霸榜；人气排名明显上升,当日转弱；收盘承接偏弱；热度可能进入后段；弱市先收缩执行；后段人气股在偏弱环境里更谨慎；弱市里的长连榜样本优先降权；v3尾盘版回避高位长连榜,v3
2026-05-27,300308,中际旭创,43,不推送,25.45,35,-1.02,7.79,7.96,0.15,18.77,1.68,14.72,2.73,15.91,3.21,8.87,18.77,18.77,人气Top50；温和放量；近5日趋势升温；站上20日线且不过热；持续霸榜；人气排名明显上升；震荡市里保持相对强势,收盘承接偏弱；热度可能进入后段；上影线偏长；v3尾盘版回避高位长连榜；v3尾盘承接一般,v3
2026-05-19,601138,工业富联,22,不推送,19.45,41,-0.15,-0.22,0.28,-7.73,18.76,-1.67,2.46,-1.52,2.61,17.14,1.76,3.66,18.76,人气Top50；近5日趋势升温；站上20日线且不过热；持续霸榜；震荡市里保持相对强势,当日转弱；热度可能进入后段；v3尾盘版回避高位长连榜,v3
2026-04-20,605222,起帆电缆,88,普通观察,71.0,59,2.75,4.03,7.39,-39.24,18.76,6.5,7.04,3.64,4.17,13.0,11.08,14.85,18.76,当日涨停附近；收在日内高位；温和放量；近5日强势延续；v2低分涨停修正；v3尾盘缩量强承接,短线涨幅偏高；偏离20日线较大,v3
2026-05-28,000725,京东方A,5,不推送,36.6,34,-1.42,-10.62,-1.24,7.08,18.76,-4.25,7.79,-2.87,9.34,2.12,-1.24,7.79,18.76,人气Top10；近5日趋势升温；站上20日线且不过热；持续霸榜；市场强势且个股相对强势,当日转弱；热度可能进入后段；v3尾盘版回避高位长连榜,v3
2026-05-14,600089,特变电工,76,不推送,0.0,44,17.82,14.5,18.76,-19.69,18.76,15.78,10.21,-1.73,-6.46,8.68,18.76,18.76,18.76,连续上榜确认,当日转弱；近5日趋势未确认；仍在20日线下方；人气排名明显回落；弱市先收缩执行；后段人气股在偏弱环境里更谨慎；市场健康度不足，收缩推送；市场健康度偏弱,v3
2026-05-08,603259,药明康德,87,不推送,0.0,48,-1.77,0.17,0.41,18.74,18.74,0.36,-5.06,2.16,-3.35,-4.26,4.32,4.32,4.32,站上20日线且不过热,当日转弱；收盘承接偏弱；近5日趋势未确认；强势市里个股相对走弱,v3
2026-05-19,002407,多氟多,29,不推送,45.45,41,-1.27,10.06,10.06,-13.66,18.72,15.5,-1.87,16.99,-0.6,-10.47,18.72,18.72,18.72,人气Top50；温和放量；近5日趋势升温；站上20日线且不过热；连续上榜确认；震荡市里保持相对强势；v3热点早段优先,当日转弱；人气排名明显回落,v3
2026-05-21,600105,永鼎股份,85,不推送,0.0,39,2.01,2.2,3.15,-3.78,18.71,-0.02,4.84,-1.99,2.77,17.29,3.15,7.76,18.71,温和放量；持续霸榜,当日转弱；收盘承接偏弱；近5日趋势未确认；热度可能进入后段；弱市先收缩执行；后段人气股在偏弱环境里更谨慎；弱市里的长连榜样本优先降权；市场健康度不足，收缩推送；市场健康度偏弱；v3尾盘版回避高位长连榜,v3
2026-04-27,300346,南大光电,17,不推送,16.0,54,-0.64,-2.15,0.68,18.69,18.69,-0.95,7.37,-0.31,8.05,6.75,1.89,7.95,12.39,人气Top20；温和放量；站上20日线且不过热,当日转弱；收盘承接偏弱,v3
2026-06-01,603890,春秋电子,26,观察池,48.8,32,9.27,9.27,9.27,-19.09,18.65,6.85,2.31,-2.21,-6.37,-12.09,18.65,18.65,18.65,人气Top50；当日涨停附近；收在日内高位；近5日趋势升温；站上20日线且不过热；v3热点早段优先,量能不足；一字或近似一字，参与点差；弱市先收缩执行；一字板不可买,v3
2026-06-11,002119,康强电子,80,观察池,79.58,24,9.94,2.44,10.0,-15.83,18.65,6.6,10.61,-3.03,0.61,18.65,10.0,13.53,18.65,当日涨停附近；收在日内高位；温和放量；近5日强势延续；站上20日线且不过热；连续上榜确认；弱市中个股相对抗跌；v2低分涨停修正,短线涨幅偏高；后段人气股在偏弱环境里更谨慎；涨停封板不可买,v3
2026-04-20,002217,合力泰,13,强推观察,148.0,58,4.07,1.02,7.12,-48.14,18.64,-6.1,0.34,-9.77,-3.58,18.64,7.12,7.12,18.64,人气Top20；当日涨停附近；收在日内高位；温和放量；近5日趋势升温；站上20日线且不过热；连续上榜确认；v2强势延续修正；v2连榜升温修正；v2低分涨停修正；v3尾盘涨停延续；v3尾盘缩量强承接；v3热点早段优先,-,v3
2026-07-02,600584,长电科技,6,不推送,0.0,10,-2.69,-5.31,-1.04,-13.3,18.64,5.22,7.86,8.13,10.84,-13.3,7.19,7.86,18.64,人气Top10；站上20日线且不过热；持续霸榜,当日转弱；收盘承接偏弱；近5日趋势未确认；热度可能进入后段；弱市先收缩执行；弱市里的长连榜样本优先降权；市场健康度不足，收缩推送；市场健康度偏弱；v3尾盘版回避高位长连榜,v3
2026-05-29,002491,通鼎互联,36,不推送,58.8,33,-1.99,-3.69,2.53,-21.13,18.64,1.25,3.03,3.3,5.12,-5.65,10.0,18.64,18.64,人气Top50；当日上涨；温和放量；近5日趋势升温；站上20日线且不过热；连续上榜确认；人气排名明显上升；v3热点早段优先,弱市先收缩执行,v3
2026-05-07,600105,永鼎股份,11,普通观察,78.6,49,-3.03,5.07,6.23,-6.29,18.64,10.08,13.59,13.52,17.14,-2.61,17.8,18.64,18.64,人气Top20；当日强涨；收盘承接较强；温和放量；站上20日线且不过热；首次上榜即强势；首次上榜强势提权；市场强势且个股相对强势,近5日趋势未确认,v3
2026-06-30,000063,中兴通讯,94,不推送,6.6,12,0.41,2.57,5.99,10.34,18.62,0.36,-1.27,-0.05,-1.68,10.1,5.99,5.99,18.62,收盘承接较强；市场强势且个股相对强势,近5日趋势未确认；人气排名明显回落,v3
2026-07-01,603629,利通电子,69,不推送,27.45,11,17.34,10.99,18.62,-9.88,18.62,10.25,3.06,-6.04,-12.17,0.13,18.62,18.62,18.62,当日上涨；收在日内高位；温和放量；持续霸榜；震荡市里保持相对强势；震荡市里承接未失控,近5日趋势未确认；仍在20日线下方；热度可能进入后段；后段人气股在偏弱环境里更谨慎；v3尾盘版回避高位长连榜,v3
2026-06-15,002938,鹏鼎控股,78,不推送,16.55,22,0.68,4.24,6.56,-0.67,18.6,15.53,3.01,14.75,2.31,1.53,18.6,18.6,18.6,收盘承接较强；温和放量,近5日趋势未确认；强势市里个股相对走弱,v3
2026-05-06,300857,协创数据,65,不推送,0.0,51,2.5,8.36,13.53,-9.65,18.6,9.55,4.19,6.87,1.64,4.15,13.53,13.53,18.6,温和放量；站上20日线且不过热,当日转弱；收盘承接偏弱；人气排名明显回落,v3
2026-06-23,002580,圣阳股份,47,观察池,114.3,17,2.98,10.0,10.0,-28.81,18.59,-1.9,-13.07,-4.73,-15.58,-19.02,18.59,18.59,18.59,人气Top50；当日涨停附近；收在日内高位；温和放量；近5日趋势升温；站上20日线且不过热；人气排名明显上升；弱市中个股相对抗跌；v3尾盘涨停延续；v3尾盘缩量强承接；v3热点早段优先,涨停封板不可买,v3
2026-04-29,600487,亨通光电,25,不推送,8.0,52,0.47,-2.49,0.92,-3.75,18.58,12.73,11.29,12.2,10.77,6.56,13.73,18.58,18.58,人气Top50；站上20日线且不过热；持续霸榜；人气排名明显上升,当日转弱；热度可能进入后段；v3尾盘版回避高位长连榜,v3
2026-06-16,600498,烽火通信,31,不推送,63.6,21,-1.19,3.8,7.89,-40.36,18.57,11.76,11.36,13.11,12.7,-6.14,12.14,18.57,18.57,人气Top50；当日强涨；收在日内高位；温和放量；近5日强势延续；持续霸榜；人气排名明显上升；市场强势且个股相对强势,短线涨幅偏高；偏离20日线较大；热度可能进入后段；v3尾盘版回避高位长连榜,v3
2026-07-02,603019,中科曙光,64,不推送,0.0,10,-1.85,-2.76,1.35,2.47,18.56,-1.9,9.11,-0.05,11.16,2.47,1.5,9.85,18.56,站上20日线且不过热；持续霸榜,当日转弱；收盘承接偏弱；近5日趋势未确认；热度可能进入后段；人气排名明显回落；弱市先收缩执行；后段人气股在偏弱环境里更谨慎；弱市里的长连榜样本优先降权；v3尾盘版回避高位长连榜,v3
2026-05-27,000725,京东方A,5,不推送,30.45,35,0.0,-0.71,1.06,6.89,18.55,-6.36,-2.3,-6.36,-2.3,5.48,1.06,3.53,18.55,人气Top10；温和放量；近5日强势延续；站上20日线且不过热；持续霸榜；震荡市里保持相对强势,当日转弱；收盘承接偏弱；短线涨幅偏高；热度可能进入后段；v3尾盘版回避高位长连榜,v3
2026-06-17,002156,通富微电,7,不推送,72.6,20,0.04,1.96,3.57,13.43,18.55,2.18,16.2,2.13,16.15,0.61,7.71,18.55,18.55,人气Top10；当日上涨；温和放量；近5日趋势升温；站上20日线且不过热；持续霸榜；人气排名明显上升；市场强势且个股相对强势,热度可能进入后段；v3尾盘版回避高位长连榜,v3
2026-07-02,002281,光迅科技,56,不推送,0.0,10,-3.75,-0.39,4.7,-3.52,18.55,1.59,9.3,5.56,13.57,-3.52,4.7,9.3,18.55,持续霸榜；人气排名明显上升,当日转弱；收盘承接偏弱；近5日趋势未确认；仍在20日线下方；热度可能进入后段；弱市先收缩执行；后段人气股在偏弱环境里更谨慎；弱市里的长连榜样本优先降权；市场健康度不足，收缩推送；市场健康度偏弱；v3尾盘版回避高位长连榜,v3
2026-05-19,600578,京能电力,3,观察池,63.98,41,-5.42,-12.26,-4.6,-35.14,18.51,-3.07,8.14,2.49,14.34,0.12,4.95,16.63,18.51,人气Top3；当日涨停附近；收在日内高位；放量仍可控；连续上榜确认；人气排名明显上升；震荡市里保持相对强势；震荡市里承接未失控,短线涨幅过热；远离20日线过多；Top3高热度拥挤，次日兑现风险；涨停封板不可买,v3
2026-05-19,600186,莲花控股,9,观察池,127.17,41,0.35,-4.58,2.51,-14.19,18.51,1.64,14.1,1.29,13.71,-16.61,2.51,18.51,18.51,人气Top10；当日涨停附近；收在日内高位；温和放量；近5日趋势升温；站上20日线且不过热；人气排名明显上升；震荡市里保持相对强势；震荡市里承接未失控；v2强势延续修正；v2低分涨停修正；v3热点早段优先,涨停封板不可买,v3
2026-05-12,002498,汉缆股份,61,不推送,38.6,46,6.5,11.48,11.48,-44.0,18.5,-3.15,-0.3,-9.06,-6.39,-10.26,18.5,18.5,18.5,温和放量；近5日趋势升温；站上20日线且不过热；人气排名明显上升；市场强势且个股相对强势,v3尾盘承接一般,v3
2026-05-25,603601,再升科技,10,不推送,66.6,37,-5.34,1.11,3.17,-55.01,18.49,18.49,-4.03,25.17,1.38,-23.73,18.49,18.49,18.49,人气Top10；温和放量；近5日趋势升温；站上20日线且不过热；连续上榜确认；市场强势且个股相对强势；v3热点早段优先,上影线偏长；v3尾盘承接一般,v3
2026-07-03,002141,贤丰控股,67,观察池,65.45,9,3.31,9.92,9.92,14.98,18.48,8.95,0.19,5.46,-3.01,,18.48,18.48,,当日涨停附近；收在日内高位；温和放量；站上20日线且不过热；震荡市里保持相对强势；震荡市里承接未失控；v3尾盘缩量强承接,近5日趋势未确认；人气排名明显回落；后段人气股在偏弱环境里更谨慎；涨停封板不可买,v3
2026-07-09,600759,ST洲际,27,不推送,56.6,5,-9.24,1.2,3.61,0.4,18.47,18.47,0.4,30.53,10.62,,18.47,18.47,,人气Top50；当日上涨；放量仍可控；近5日趋势升温；站上20日线且不过热；连续上榜确认；人气排名明显上升；市场强势且个股相对强势,v3尾盘承接一般,v3
2026-04-27,002565,顺灏股份,10,不推送,4.0,54,2.96,1.51,6.03,-47.87,18.47,2.42,6.95,-0.52,3.87,-1.13,6.03,7.65,18.47,人气Top10；站上20日线且不过热；持续霸榜,当日转弱；收盘承接偏弱；近5日趋势未确认；热度可能进入后段；v3尾盘版回避高位长连榜,v3
2026-05-25,002384,东山精密,41,不推送,54.6,37,-2.6,-2.51,-0.79,18.47,18.47,-3.48,-15.49,-0.9,-13.24,-6.13,3.13,3.13,7.84,人气Top50；收盘承接较强；温和放量；近5日趋势升温；站上20日线且不过热；持续霸榜；市场强势且个股相对强势,热度可能进入后段；v3尾盘版回避高位长连榜,v3
2026-04-22,603601,再升科技,27,不推送,18.0,57,-4.87,-4.24,0.82,-43.55,18.46,-5.56,-3.98,-0.73,0.93,13.08,0.95,0.95,18.46,人气Top50；温和放量；近5日趋势升温；站上20日线且不过热；持续霸榜,当日转弱；收盘承接偏弱；热度可能进入后段；v3尾盘版回避高位长连榜,v3
2026-06-01,000021,深科技,36,不推送,0.0,32,-0.74,0.98,2.79,18.42,18.42,7.81,-3.96,8.62,-3.25,7.84,9.64,9.64,10.79,人气Top50；站上20日线且不过热；持续霸榜,当日转弱；收盘承接偏弱；近5日趋势未确认；热度可能进入后段；弱市先收缩执行；弱市里的长连榜样本优先降权；市场健康度不足，收缩推送；市场健康度偏弱；v3尾盘版回避高位长连榜,v3
2026-04-15,300476,胜宏科技,63,不推送,8.0,62,1.1,2.73,3.74,-8.3,18.4,16.1,16.02,14.83,14.76,13.01,18.4,18.4,18.4,温和放量；站上20日线且不过热；连续上榜确认,当日转弱；收盘承接偏弱,v3
2026-07-08,002600,领益智造,28,不推送,0.0,6,11.07,14.37,14.44,-7.55,18.4,0.0,-6.82,-9.97,-16.11,,18.4,18.4,,人气Top50；持续霸榜,当日转弱；收盘承接偏弱；近5日趋势未确认；仍在20日线下方；热度可能进入后段；弱市先收缩执行；弱市里的长连榜样本优先降权；市场健康度不足，收缩推送；市场健康度偏弱；v3尾盘版回避高位长连榜,v3
2026-04-29,002309,中利集团,75,不推送,24.0,52,-0.89,-4.88,0.67,-35.03,18.4,3.55,1.11,4.47,2.01,-4.43,5.32,6.87,18.4,当日上涨；温和放量；站上20日线且不过热；人气排名明显上升,上影线偏长；v3尾盘承接一般,v3
2026-05-13,601179,中国西电,20,不推送,4.55,45,17.5,10.06,18.38,-26.88,18.38,6.69,6.44,-9.2,-9.41,3.31,18.38,18.38,18.38,人气Top20；温和放量；连续上榜确认；人气排名明显上升,当日转弱；收盘承接偏弱；近5日趋势未确认；仍在20日线下方；强势市里个股相对走弱,v3
2026-05-22,002015,协鑫能科,28,不推送,62.6,38,0.98,3.58,6.41,-36.94,18.36,0.37,8.18,-0.6,7.13,3.25,6.41,10.41,18.36,人气Top50；当日上涨；收盘承接较强；温和放量；站上20日线且不过热；人气排名明显上升；市场强势且个股相对强势；v3尾盘缩量强承接,近5日趋势未确认,v3
2026-04-27,001896,豫能控股,46,不推送,0.0,54,-1.83,-4.03,3.11,-17.63,18.36,-7.02,2.26,-5.28,4.16,2.62,5.55,5.55,18.36,人气Top50；站上20日线且不过热；持续霸榜,当日转弱；收盘承接偏弱；近5日趋势未确认；热度可能进入后段；v3尾盘版回避高位长连榜,v3
2026-05-18,001393,维通利,48,不推送,0.0,42,-5.15,-3.51,3.38,-53.24,18.35,-5.29,-22.69,-0.14,-18.49,-29.32,18.35,18.35,18.35,人气Top50；连续上榜确认,当日转弱；收盘承接偏弱；仍在20日线下方；人气排名明显回落；震荡市里相对走弱；市场健康度不足，收缩推送,v3
2026-06-17,603256,宏和科技,92,不推送,7.6,20,-4.75,0.35,2.88,-31.1,18.33,-3.5,7.73,1.31,13.1,-9.21,6.68,11.95,18.33,温和放量；近5日强势延续；连续上榜确认；市场强势且个股相对强势,收盘承接偏弱；短线涨幅偏高；偏离20日线较大；人气排名明显回落；上影线偏长,v3
2026-05-21,002297,博云新材,47,不推送,28.8,39,-0.08,7.57,8.66,-18.9,18.33,6.52,-7.32,6.6,-7.25,-15.9,18.33,18.33,18.33,人气Top50；当日上涨；温和放量；站上20日线且不过热；人气排名明显上升,近5日趋势未确认；弱市先收缩执行,v3
2026-06-17,603002,宏昌电子,40,观察池,99.6,20,1.9,1.64,6.25,-25.73,18.32,0.65,7.54,-1.23,5.54,-1.77,14.01,14.01,18.32,人气Top50；当日涨停附近；收在日内高位；近5日强势延续；连续上榜确认；市场强势且个股相对强势；v2强势延续修正；v2低分涨停修正；v3尾盘涨停延续；v3尾盘缩量强承接,短线涨幅偏高；偏离20日线较大；涨停封板不可买,v3
2026-04-16,601778,晶科科技,12,强推观察,111.0,61,5.11,3.75,10.06,-47.15,18.32,-4.65,7.96,-9.29,2.71,-2.4,10.06,10.06,18.32,人气Top20；当日涨停附近；收在日内高位；放量仍可控；近5日强势延续；站上20日线且不过热；连续上榜确认；人气排名明显上升；v2强势延续修正；v2连榜升温修正；v2低分涨停修正,短线涨幅偏高,v3
2026-04-16,600986,浙文互联,55,不推送,46.0,61,-0.36,-1.82,0.64,-38.25,18.31,-0.18,10.47,0.18,10.88,-9.02,5.19,10.47,18.31,当日强涨；温和放量；近5日趋势升温；站上20日线且不过热,v3尾盘半板但封单不强,v3
2026-06-11,601991,大唐发电,2,不推送,0.0,24,-0.13,2.15,3.54,-28.16,18.31,9.85,3.79,9.99,3.92,-7.58,12.37,18.31,18.31,人气Top3；持续霸榜,近5日趋势未确认；热度可能进入后段；上影线偏长；弱市先收缩执行；弱市里的长连榜样本优先降权；Top3高热度拥挤，次日兑现风险；v3尾盘版回避高位长连榜；v3尾盘承接一般,v3
2026-05-21,600611,大众交通,7,观察池,84.3,39,10.05,10.05,10.05,-26.57,18.31,-0.54,-13.11,-9.62,-21.04,-22.08,18.31,18.31,18.31,人气Top10；当日涨停附近；收在日内高位；近5日趋势升温；站上20日线且不过热；首次上榜即强势；弱市中个股相对抗跌；v2低分涨停修正；v3热点早段优先,放量过猛；v3尾盘版回避放量过猛；涨停封板不可买,v3
2026-06-02,300285,国瓷材料,54,观察池,72.6,31,0.85,2.7,6.66,7.51,18.31,10.7,12.77,9.77,11.82,14.52,14.81,14.81,18.31,当日涨停附近；收在日内高位；温和放量；近5日趋势升温；市场强势且个股相对强势；v2低分涨停修正,偏离20日线较大；涨停封板不可买,v3
2026-04-17,003031,中瓷电子,98,重点观察,88.0,60,6.95,5.81,9.35,5.97,18.31,11.49,13.61,4.24,6.23,13.67,13.75,18.31,18.31,当日涨停附近；收在日内高位；温和放量；近5日趋势升温；站上20日线且不过热；v2低分涨停修正；v3尾盘缩量强承接,-,v3
2026-04-15,600498,烽火通信,65,不推送,0.0,62,-0.99,0.31,1.07,-9.24,18.3,9.26,16.05,10.35,17.21,6.23,11.14,17.31,18.3,站上20日线且不过热,当日转弱；收盘承接偏弱；近5日趋势未确认,v3
2026-06-09,002156,通富微电,36,不推送,32.6,26,-3.43,-4.3,-0.83,18.3,18.3,-10.87,-1.98,-7.71,1.5,16.26,-0.83,-0.83,16.56,人气Top50；当日上涨；收盘承接较强；持续霸榜；人气排名明显上升；市场强势且个股相对强势,热度可能进入后段；v3尾盘版回避高位长连榜,v3
2026-05-21,002456,欧菲光,46,不推送,0.0,39,1.27,2.89,3.36,-7.29,18.29,7.29,11.34,5.94,9.94,16.32,9.37,12.5,18.29,人气Top50；放量仍可控,收盘承接偏弱；近5日趋势未确认；上影线偏长；弱市先收缩执行,v3
2026-05-08,603618,杭电股份,68,观察池,69.6,48,4.2,-0.85,6.33,-20.39,18.29,4.81,-3.24,0.59,-7.14,7.74,9.62,9.62,18.29,当日涨停附近；收在日内高位；温和放量；近5日强势延续；连续上榜确认；市场强势且个股相对强势；v2低分涨停修正,短线涨幅偏高；偏离20日线较大；人气排名明显回落；涨停封板不可买,v3
2026-04-27,000547,航天发展,14,不推送,0.0,54,-1.1,-7.26,-1.1,-42.62,18.27,-3.0,-1.03,-1.92,0.08,2.72,-1.1,0.0,18.27,人气Top20；人气排名明显上升,当日转弱；收盘承接偏弱；近5日趋势未确认；仍在20日线下方,v3
2026-04-21,600703,三安光电,57,不推送,20.0,58,0.07,10.01,10.01,0.07,18.26,11.27,3.02,11.18,2.94,12.52,18.26,18.26,18.26,温和放量；近5日趋势升温；站上20日线且不过热；连续上榜确认,当日转弱；收盘承接偏弱,v3
2026-06-30,600172,黄河旋风,44,不推送,38.6,12,-0.95,-2.56,5.83,-23.42,18.25,0.24,9.16,1.2,10.2,-9.45,7.19,18.25,18.25,人气Top50；当日上涨；收在日内高位；站上20日线且不过热；持续霸榜；市场强势且个股相对强势,近5日趋势未确认；热度可能进入后段；v3尾盘版回避高位长连榜,v3
2026-07-09,002490,山东墨龙,39,观察池,76.6,5,-4.69,0.13,2.74,-1.43,18.25,17.99,-1.43,23.8,3.42,,18.25,18.25,,人气Top50；当日涨停附近；收在日内高位；近5日趋势升温；站上20日线且不过热；市场强势且个股相对强势；v2低分涨停修正；v3热点早段优先,v3尾盘版回避放量过猛；涨停封板不可买,v3
2026-05-28,600726,华电能源,19,观察池,84.6,34,5.86,9.99,9.99,-39.74,18.24,0.33,12.81,-5.23,6.56,-11.83,18.24,18.24,18.24,人气Top20；当日涨停附近；收在日内高位；温和放量；站上20日线且不过热；连续上榜确认；人气排名明显上升；市场强势且个股相对强势,短线涨幅过热；涨停封板不可买,v3
2026-06-02,002980,华盛昌,92,观察池,56.6,31,5.85,9.16,10.0,-4.24,18.23,11.57,7.05,5.4,1.13,9.35,18.23,18.23,18.23,当日涨停附近；收在日内高位；站上20日线且不过热；市场强势且个股相对强势；v3尾盘缩量强承接,近5日趋势未确认；涨停封板不可买,v3
2026-04-27,002709,天赐材料,8,强推观察,108.0,54,2.26,-1.87,3.17,-33.39,18.23,10.1,14.26,7.67,11.74,1.0,10.99,18.23,18.23,人气Top10；当日上涨；收在日内高位；温和放量；近5日趋势升温；站上20日线且不过热；连续上榜确认；人气排名明显上升；v2连榜升温修正；v3热点早段优先,-,v3
2026-07-06,600118,中国卫星,99,不推送,0.0,8,-0.72,-5.1,1.23,-17.42,18.21,-2.28,8.97,-1.58,9.75,,1.23,18.21,,站上20日线且不过热；持续霸榜；震荡市里保持相对强势,当日转弱；收盘承接偏弱；热度可能进入后段；后段人气股在偏弱环境里更谨慎；v3尾盘版回避高位长连榜,v3
2026-06-17,605358,立昂微,23,不推送,50.6,20,-1.31,-0.58,4.73,-30.63,18.21,-5.83,-0.16,-4.59,1.16,1.77,4.73,4.73,18.21,人气Top50；当日上涨；收盘承接较强；温和放量；站上20日线且不过热；持续霸榜；人气排名明显上升；市场强势且个股相对强势,近5日趋势未确认；热度可能进入后段；v3尾盘版回避高位长连榜,v3
2026-04-16,002990,盛视科技,78,不推送,63.0,61,3.56,9.78,9.78,18.2,18.2,-2.74,5.98,-6.09,2.33,16.0,16.47,16.47,16.6,当日涨停附近；收在日内高位；温和放量；近5日强势延续；连续上榜确认,短线涨幅偏高；偏离20日线较大,v3
2026-05-29,603005,晶方科技,38,不推送,0.0,33,-0.97,-8.07,1.05,-15.94,18.18,-1.24,11.6,-0.27,12.7,-0.05,3.27,18.18,18.18,人气Top50；站上20日线且不过热；持续霸榜；人气排名明显上升,当日转弱；收盘承接偏弱；热度可能进入后段；弱市先收缩执行；弱市里的长连榜样本优先降权；v3尾盘版回避高位长连榜,v3
2026-06-12,002407,多氟多,1,不推送,56.25,23,1.0,3.21,5.43,-17.92,18.18,-1.08,9.69,-2.06,8.6,17.41,6.71,9.69,18.18,人气Top3；温和放量；近5日趋势升温；站上20日线且不过热；持续霸榜；震荡市里保持相对强势,热度可能进入后段；Top3高热度拥挤，次日兑现风险；v3尾盘版回避高位长连榜,v3
2026-04-22,603083,剑桥科技,71,不推送,47.0,57,-1.43,-4.72,0.26,13.66,18.12,-10.96,-1.02,-9.67,0.42,14.72,0.26,0.26,18.12,当日上涨；收盘承接较强；温和放量；近5日强势延续；连续上榜确认；人气排名明显上升,短线涨幅偏高；偏离20日线较大,v3
2026-04-13,300476,胜宏科技,47,普通观察,74.0,64,0.5,4.0,5.35,-8.52,18.11,2.48,15.82,1.97,15.24,7.17,5.62,18.11,18.11,人气Top50；收盘承接较强；温和放量；近5日趋势升温；站上20日线且不过热；连续上榜确认；v2连榜升温修正；v3热点早段优先,-,v3
2026-04-15,002309,中利集团,66,不推送,0.0,62,1.24,1.49,2.98,-27.3,18.11,8.68,8.44,7.35,7.11,11.91,8.68,12.9,18.11,连续上榜确认,当日转弱；收盘承接偏弱；近5日趋势未确认；仍在20日线下方,v3
2026-05-19,000600,建投能源,70,观察池,75.45,41,-0.92,-8.64,0.46,-26.38,18.11,-8.92,-5.7,-8.07,-4.82,6.43,0.46,0.46,18.11,当日涨停附近；收在日内高位；温和放量；近5日趋势升温；站上20日线且不过热；震荡市里保持相对强势；震荡市里承接未失控,后段人气股在偏弱环境里更谨慎；涨停封板不可买,v3
2026-06-29,002594,比亚迪,57,不推送,0.0,13,-0.18,-0.03,1.04,18.09,18.09,4.83,9.81,5.01,10.0,9.11,7.46,11.58,13.94,温和放量；持续霸榜；震荡市里保持相对强势,近5日趋势未确认；仍在20日线下方；热度可能进入后段；人气排名明显回落；后段人气股在偏弱环境里更谨慎；v3尾盘版回避高位长连榜,v3
2026-06-04,600487,亨通光电,4,普通观察,76.17,29,-2.87,-2.75,4.19,-34.2,18.09,6.28,3.62,9.42,6.69,12.36,6.28,11.32,18.09,人气Top10；当日强涨；收在日内高位；温和放量；近5日强势延续；持续霸榜；震荡市里保持相对强势；震荡市里承接未失控,短线涨幅偏高；偏离20日线较大；热度可能进入后段；v3尾盘版回避高位长连榜,v3
2026-06-01,000681,视觉中国,66,不推送,0.0,32,7.47,7.56,10.39,-19.29,18.09,7.61,4.36,0.13,-2.89,3.2,10.39,13.17,18.09,近5日趋势升温；站上20日线且不过热,当日转弱；收盘承接偏弱；弱市先收缩执行；后段人气股在偏弱环境里更谨慎；v3尾盘版回避放量过猛,v3
2026-06-23,002579,中京电子,83,不推送,0.0,17,-2.77,-2.32,0.0,-30.93,18.06,14.93,9.38,18.21,12.51,-11.25,18.06,18.06,18.06,温和放量；近5日趋势升温；站上20日线且不过热；持续霸榜,当日转弱；收盘承接偏弱；热度可能进入后段；人气排名明显回落；弱市先收缩执行；后段人气股在偏弱环境里更谨慎；弱市里的长连榜样本优先降权；v3尾盘版回避高位长连榜,v3
2026-06-15,002436,兴森科技,64,不推送,29.6,22,-14.17,-5.34,-5.34,-18.78,18.05,11.74,4.1,30.18,21.28,9.36,12.86,18.05,18.05,近5日强势延续；站上20日线且不过热；连续上榜确认；人气排名明显上升；市场强势且个股相对强势,短线涨幅偏高,v3
2026-07-03,600360,华微电子,43,不推送,59.45,9,-1.41,-6.51,2.28,-13.56,18.05,0.47,12.68,1.91,14.3,,5.7,18.05,,人气Top50；当日上涨；温和放量；近5日趋势升温；站上20日线且不过热；震荡市里保持相对强势；v3热点早段优先,-,v3
2026-06-05,002436,兴森科技,85,不推送,0.0,28,-24.86,-20.58,-16.55,-18.78,18.05,-19.98,-18.87,6.48,7.97,14.4,-14.23,-14.23,18.05,近5日趋势升温；站上20日线且不过热；持续霸榜,量能不足；热度可能进入后段；弱市先收缩执行；后段人气股在偏弱环境里更谨慎；弱市里的长连榜样本优先降权；v3尾盘版回避高位长连榜,v3
2026-05-07,601016,节能风电,21,不推送,68.6,49,-1.4,-1.8,2.2,-33.87,18.04,2.61,2.2,4.07,3.66,-9.82,7.21,18.04,18.04,人气Top50；当日上涨；温和放量；近5日趋势升温；站上20日线且不过热；连续上榜确认；市场强势且个股相对强势；v3热点早段优先,-,v3
2026-06-10,002463,沪电股份,14,不推送,30.8,25,-2.54,-4.18,-1.22,3.23,18.04,1.0,10.65,3.63,13.54,17.03,1.63,13.18,18.04,人气Top20；温和放量；站上20日线且不过热；连续上榜确认；人气排名明显上升,当日转弱；弱市先收缩执行,v3
2026-04-24,600498,烽火通信,77,不推送,8.0,55,-2.32,-1.26,3.29,-15.81,18.03,-1.45,-7.02,0.88,-4.82,16.38,3.29,3.29,18.03,温和放量；近5日趋势升温；站上20日线且不过热,当日转弱；收盘承接偏弱；人气排名明显回落,v3
2026-05-18,000858,五粮液,30,不推送,8.65,42,16.07,16.04,18.03,-0.03,18.03,15.46,13.83,-0.52,-1.93,12.84,18.03,18.03,18.03,人气Top50；温和放量；连续上榜确认；人气排名明显上升,近5日趋势未确认；仍在20日线下方；震荡市里相对走弱；市场健康度不足，收缩推送,v3
2026-04-17,603601,再升科技,97,不推送,38.0,60,0.81,5.42,7.99,-39.54,18.01,7.11,-3.99,6.25,-4.77,13.2,12.73,12.73,18.01,收盘承接较强；温和放量；近5日趋势升温；站上20日线且不过热；连续上榜确认,当日转弱；人气排名明显回落,v3
2026-06-29,002600,领益智造,87,不推送,0.0,13,0.32,10.38,10.38,-19.73,18.01,9.36,3.31,9.01,2.98,-13.18,18.01,18.01,18.01,温和放量；站上20日线且不过热；连续上榜确认,当日转弱；收盘承接偏弱；近5日趋势未确认；震荡市里相对走弱；后段人气股在偏弱环境里更谨慎；市场健康度不足，收缩推送,v3
2026-06-10,601991,大唐发电,1,不推送,11.3,25,-3.27,0.63,2.64,-28.34,18.01,9.95,14.99,13.67,18.88,-5.92,10.45,18.01,18.01,人气Top3；站上20日线且不过热；持续霸榜,近5日趋势未确认；热度可能进入后段；弱市先收缩执行；弱市里的长连榜样本优先降权；Top3高热度拥挤，次日兑现风险；v3尾盘版回避高位长连榜,v3
2026-06-02,920190,雷神科技,71,观察池,47.6,18,6.93,12.54,16.44,-30.99,18.0,13.02,-7.76,5.7,-13.73,-18.67,18.0,18.0,18.0,当日涨停附近；收在日内高位；近5日强势延续；连续上榜确认；市场强势且个股相对强势,短线涨幅偏高；偏离20日线较大；v3尾盘版回避放量过猛；涨停封板不可买,v3
2026-05-08,688256,寒武纪,15,不推送,21.6,48,1.5,1.42,1.93,8.12,17.99,11.3,2.18,9.65,0.67,8.69,11.3,14.1,17.99,人气Top20；近5日强势延续；站上20日线且不过热；连续上榜确认；人气排名明显上升；市场强势且个股相对强势；v3热点早段优先,当日转弱；收盘承接偏弱；量能不足；短线涨幅偏高,v3
2026-05-27,600183,生益科技,39,不推送,22.45,35,0.77,2.96,4.54,12.24,17.97,2.96,7.12,2.17,6.3,12.17,12.32,12.32,17.97,人气Top50；温和放量；近5日强势延续；连续上榜确认；人气排名明显上升；震荡市里保持相对强势,收盘承接偏弱；短线涨幅偏高；偏离20日线较大；上影线偏长,v3
2026-04-13,002709,天赐材料,84,不推送,28.0,64,0.19,5.01,5.33,-21.62,17.96,4.6,5.65,4.4,5.45,17.66,6.38,7.81,17.96,温和放量；近5日趋势升温；站上20日线且不过热；连续上榜确认,当日转弱；人气排名明显回落,v3
2026-06-02,000636,风华高科,2,观察池,53.4,31,-2.59,-0.2,1.67,-14.63,17.95,-1.67,0.69,0.95,3.37,16.43,6.49,6.49,17.95,人气Top3；当日涨停附近；收在日内高位；持续霸榜；市场强势且个股相对强势；v3尾盘涨停延续,短线涨幅过热；远离20日线过多；热度可能进入后段；Top3高热度拥挤，次日兑现风险；v3尾盘版回避高位长连榜；涨停封板不可买,v3
2026-06-15,600160,巨化股份,32,观察池,112.6,22,-1.22,0.15,2.94,-14.26,17.95,-5.38,0.47,-4.21,1.72,13.68,2.94,8.28,17.95,人气Top50；当日涨停附近；收在日内高位；温和放量；近5日趋势升温；站上20日线且不过热；连续上榜确认；人气排名明显上升；市场强势且个股相对强势；v2强势延续修正；v2低分涨停修正,涨停封板不可买,v3
2026-06-30,688017,绿的谐波,68,观察池,54.6,12,-3.41,0.87,3.49,-9.88,17.94,16.11,10.65,20.21,14.56,-7.91,17.94,17.94,17.94,当日涨停附近；收在日内高位；近5日趋势升温；站上20日线且不过热；市场强势且个股相对强势,量能不足；涨停封板不可买,v3
2026-06-16,002842,翔鹭钨业,72,不推送,35.6,21,-2.51,-6.02,-1.45,-25.41,17.94,13.71,1.26,16.64,3.87,-1.19,13.71,13.71,17.94,当日上涨；收盘承接较强；温和放量；近5日强势延续；市场强势且个股相对强势,短线涨幅偏高；偏离20日线较大；人气排名明显回落,v3
2026-05-22,001309,德明利,95,不推送,0.0,38,12.38,16.58,17.17,0.0,17.92,11.55,7.35,-0.74,-4.48,5.76,17.92,17.92,17.92,收在日内高位；连续上榜确认,当日转弱；量能不足；近5日趋势未确认；强势市里个股相对走弱；市场健康度不足，收缩推送,v3
2026-04-15,601869,长飞光纤,64,不推送,0.0,62,-2.4,2.76,4.03,12.03,17.92,7.36,14.89,10.0,17.71,3.32,12.09,16.55,17.92,站上20日线且不过热；连续上榜确认,当日转弱；收盘承接偏弱；近5日趋势未确认,v3
2026-04-13,600666,奥瑞德,16,重点观察,84.0,64,2.96,0.93,5.3,-48.29,17.91,6.7,11.53,3.63,8.32,-9.5,6.7,17.91,17.91,人气Top20；收盘承接较强；温和放量；近5日趋势升温；站上20日线且不过热；连续上榜确认；v3尾盘缩量强承接；v3热点早段优先,-,v3
2026-06-18,600160,巨化股份,28,不推送,24.6,19,-9.45,-1.36,-1.36,-18.74,17.89,3.11,3.56,13.87,14.37,0.3,4.35,6.63,17.89,人气Top50；近5日趋势升温；站上20日线且不过热；持续霸榜；人气排名明显上升；市场强势且个股相对强势,当日转弱；热度可能进入后段；v3尾盘版回避高位长连榜,v3
2026-06-08,300476,胜宏科技,8,不推送,8.9,27,1.63,7.45,7.9,-15.02,17.88,2.09,8.06,0.46,6.33,6.08,7.9,9.78,17.88,人气Top10；温和放量；连续上榜确认；人气排名明显上升,当日转弱；近5日趋势未确认；仍在20日线下方；弱市先收缩执行；市场健康度不足，收缩推送；市场健康度偏弱,v3
2026-06-24,603002,宏昌电子,71,不推送,26.6,16,-0.94,7.13,7.99,-26.02,17.86,4.42,2.1,5.42,3.08,-14.98,17.86,17.86,17.86,温和放量；近5日趋势升温；站上20日线且不过热；持续霸榜；市场强势且个股相对强势,当日转弱；热度可能进入后段；v3尾盘版回避高位长连榜,v3
2026-04-21,600961,株冶集团,27,不推送,56.0,58,3.89,9.17,9.99,-11.45,17.85,13.06,2.47,8.82,-1.37,11.78,16.27,17.85,17.85,人气Top50；当日涨停附近；收在日内高位；温和放量；连续上榜确认；人气排名明显上升,短线涨幅过热；偏离20日线较大；一字或近似一字，参与点差,v3
2026-07-03,002281,光迅科技,74,不推送,0.0,9,-0.99,-4.77,-0.24,-4.1,17.84,-1.23,6.36,-0.24,7.42,,3.35,17.84,,持续霸榜,近5日趋势未确认；仍在20日线下方；热度可能进入后段；震荡市里相对走弱；后段人气股在偏弱环境里更谨慎；市场健康度不足，收缩推送；v3尾盘版回避高位长连榜,v3
2026-05-28,600396,华电辽能,4,不推送,51.6,34,-1.94,2.4,6.34,-38.39,17.79,-0.82,12.32,1.15,14.55,-9.36,6.34,12.99,17.79,人气Top10；当日上涨；温和放量；近5日强势延续；持续霸榜；市场强势且个股相对强势,短线涨幅偏高；偏离20日线较大；热度可能进入后段；v3尾盘版回避高位长连榜,v3
2026-06-30,000703,恒逸石化,98,不推送,0.0,12,0.74,8.44,10.07,4.22,17.78,7.85,4.44,7.06,3.68,7.7,15.85,17.78,17.78,温和放量；站上20日线且不过热,当日转弱；收盘承接偏弱；近5日趋势未确认；人气排名明显回落；强势市里个股相对走弱,v3
2026-06-17,603738,泰晶科技,96,不推送,43.6,20,0.14,0.12,5.03,-35.8,17.78,7.42,9.99,7.28,9.84,0.97,12.09,12.09,17.78,当日上涨；温和放量；近5日强势延续；站上20日线且不过热；连续上榜确认；市场强势且个股相对强势,短线涨幅偏高；人气排名明显回落,v3
2026-05-27,300502,新易盛,92,不推送,17.73,35,0.0,3.36,4.61,9.46,17.78,-2.19,12.57,-2.19,12.57,11.17,5.62,17.43,17.78,温和放量；近5日趋势升温；站上20日线且不过热；连续上榜确认；震荡市里保持相对强势,当日转弱；收盘承接偏弱；人气排名明显回落；后段人气股在偏弱环境里更谨慎,v3
2026-06-15,603738,泰晶科技,55,不推送,43.6,22,-3.26,-5.79,-0.54,-35.8,17.78,0.12,7.42,3.49,11.04,1.99,5.03,12.09,17.78,当日上涨；温和放量；近5日强势延续；站上20日线且不过热；人气排名明显上升；市场强势且个股相对强势,短线涨幅偏高,v3
2026-06-09,603890,春秋电子,31,不推送,0.0,26,-4.21,-9.62,-2.55,-14.72,17.77,-12.55,-4.36,-8.71,-0.16,13.71,-2.55,-1.89,17.77,人气Top50；温和放量；站上20日线且不过热；持续霸榜,当日转弱；收盘承接偏弱；近5日趋势未确认；热度可能进入后段；强势市里个股相对走弱；市场健康度不足，收缩推送；v3尾盘版回避高位长连榜,v3
2026-04-21,600118,中国卫星,2,强推观察,104.0,58,-6.28,-2.61,-2.2,-30.98,17.76,-3.89,-3.2,2.54,3.28,13.95,4.79,4.79,17.76,人气Top3；当日上涨；收在日内高位；放量仍可控；近5日趋势升温；站上20日线且不过热；连续上榜确认；v2连榜升温修正；v3热点早段优先,-,v3
2026-05-27,002281,光迅科技,61,不推送,0.0,35,-1.33,6.02,8.1,3.85,17.75,0.79,10.51,2.15,12.0,-0.05,8.14,15.44,17.75,站上20日线且不过热；持续霸榜,当日转弱；收盘承接偏弱；近5日趋势未确认；热度可能进入后段；人气排名明显回落；震荡市里相对走弱；后段人气股在偏弱环境里更谨慎；市场健康度不足，收缩推送；v3尾盘版回避高位长连榜,v3
2026-06-25,300223,北京君正,36,观察池,71.6,15,1.11,-1.75,1.95,-26.44,17.73,4.86,-1.13,3.71,-2.22,-0.56,7.64,17.73,17.73,人气Top50；当日涨停附近；收在日内高位；温和放量；近5日强势延续；人气排名明显上升；市场强势且个股相对强势,短线涨幅偏高；偏离20日线较大；涨停封板不可买,v3
2026-06-04,002491,通鼎互联,38,观察池,111.17,29,-1.53,-7.49,6.52,-29.18,17.7,-0.86,-10.32,0.68,-8.93,17.7,6.52,6.52,17.7,人气Top50；当日涨停附近；收在日内高位；温和放量；近5日趋势升温；站上20日线且不过热；持续霸榜；震荡市里保持相对强势；震荡市里承接未失控；v2强势延续修正；v2低分涨停修正；v3尾盘涨停延续,热度可能进入后段；v3尾盘版回避高位长连榜；涨停封板不可买,v3
2026-06-16,600110,诺德股份,33,观察池,51.6,21,10.03,10.03,10.03,-30.1,17.7,9.58,-3.07,-0.41,-11.9,-2.04,17.7,17.7,17.7,人气Top50；当日涨停附近；收在日内高位；近5日强势延续；连续上榜确认；人气排名明显上升；市场强势且个股相对强势,量能不足；短线涨幅偏高；偏离20日线较大；一字或近似一字，参与点差；一字板不可买,v3
2026-07-03,600172,黄河旋风,30,不推送,5.45,9,0.59,9.76,9.76,-23.79,17.69,4.08,0.59,3.47,0.0,,17.69,17.69,,人气Top50；温和放量；站上20日线且不过热；持续霸榜；震荡市里保持相对强势,当日转弱；收盘承接偏弱；热度可能进入后段；人气排名明显回落；v3尾盘版回避高位长连榜,v3
2026-04-10,002222,福晶科技,90,不推送,42.0,65,-1.04,1.08,2.78,-22.87,17.69,-2.25,6.08,-1.22,7.2,4.41,2.78,7.6,17.69,当日上涨；温和放量；近5日趋势升温；站上20日线且不过热,-,v3
2026-05-26,002008,大族激光,84,不推送,0.0,36,14.27,11.97,17.68,-7.82,17.68,12.43,8.3,-1.61,-5.23,6.17,17.68,17.68,17.68,温和放量；持续霸榜；人气排名明显上升,当日转弱；收盘承接偏弱；近5日趋势未确认；仍在20日线下方；热度可能进入后段；震荡市里相对走弱；后段人气股在偏弱环境里更谨慎；v3尾盘版回避高位长连榜,v3
2026-04-30,601138,工业富联,10,不推送,18.0,51,0.64,0.32,1.59,0.22,17.68,0.64,2.42,0.0,1.77,9.03,2.72,4.8,17.68,人气Top10；温和放量；站上20日线且不过热；持续霸榜,当日转弱；收盘承接偏弱；近5日趋势未确认；热度可能进入后段；v3尾盘版回避高位长连榜,v3
2026-05-25,600522,中天科技,11,不推送,6.55,37,-1.98,-5.53,-1.87,-12.74,17.67,-5.44,-8.07,-3.52,-6.21,14.98,-1.87,1.75,17.67,人气Top20；温和放量；站上20日线且不过热；持续霸榜,当日转弱；收盘承接偏弱；近5日趋势未确认；热度可能进入后段；强势市里个股相对走弱；v3尾盘版回避高位长连榜,v3
2026-04-20,600703,三安光电,45,不推送,42.0,59,-0.07,-0.51,3.37,-0.44,17.66,13.63,7.91,13.71,7.99,10.92,17.66,17.66,17.66,人气Top50；温和放量；近5日趋势升温；站上20日线且不过热；连续上榜确认；v3热点早段优先,人气排名明显回落；上影线偏长；v3尾盘承接一般,v3
2026-04-15,603538,美诺华,4,重点观察,85.0,62,0.0,0.9,3.23,-30.9,17.66,-7.37,-9.01,-7.37,-9.01,17.66,3.23,3.23,17.66,人气Top10；当日强涨；收在日内高位；温和放量；近5日强势延续；连续上榜确认；人气排名明显上升,短线涨幅偏高；偏离20日线较大,v3
2026-06-23,000066,中国长城,97,不推送,5.08,17,0.11,7.47,9.73,-7.58,17.65,5.03,7.75,4.92,7.63,5.09,17.65,17.65,17.65,温和放量；近5日趋势升温；站上20日线且不过热；连续上榜确认,当日转弱；收盘承接偏弱；人气排名明显回落；弱市先收缩执行；后段人气股在偏弱环境里更谨慎,v3
2026-05-07,002475,立讯精密,31,不推送,70.6,49,-2.0,2.55,3.68,-11.42,17.64,11.03,8.46,13.3,10.67,-2.37,13.32,17.64,17.64,人气Top50；当日上涨；收盘承接较强；温和放量；站上20日线且不过热；连续上榜确认；人气排名明显上升；市场强势且个股相对强势；v3尾盘缩量强承接,近5日趋势未确认,v3
2026-06-18,600105,永鼎股份,81,不推送,32.6,19,0.95,1.3,3.94,-29.18,17.64,9.32,4.5,8.29,3.51,-13.28,9.32,17.64,17.64,温和放量；近5日趋势升温；站上20日线且不过热；连续上榜确认；市场强势且个股相对强势,当日转弱；人气排名明显回落,v3
2026-04-28,002361,神剑股份,21,不推送,2.0,53,-0.8,0.15,4.0,-48.55,17.63,5.94,9.39,6.8,10.27,-5.54,8.34,17.63,17.63,人气Top50；温和放量；站上20日线且不过热；持续霸榜,当日转弱；收盘承接偏弱；近5日趋势未确认；热度可能进入后段；v3尾盘版回避高位长连榜,v3
2026-04-29,000977,浪潮信息,76,不推送,10.0,52,-3.9,-3.56,-2.52,17.6,17.6,1.27,5.09,5.38,9.36,-2.37,3.4,9.92,9.92,收盘承接较强；站上20日线且不过热,近5日趋势未确认；人气排名明显回落,v3
2026-04-17,603052,可川科技,79,重点观察,78.0,60,4.8,10.01,10.01,-26.96,17.58,9.61,9.26,4.59,4.26,1.81,12.78,17.58,17.58,当日涨停附近；收在日内高位；温和放量；近5日趋势升温；站上20日线且不过热；v2低分涨停修正,-,v3
2026-06-16,002741,光华科技,93,观察池,41.6,21,7.89,10.01,10.01,-24.1,17.57,15.93,-2.45,7.45,-9.59,-0.73,17.57,17.57,17.57,当日涨停附近；收在日内高位；近5日强势延续；站上20日线且不过热；市场强势且个股相对强势,量能不足；短线涨幅偏高；一字或近似一字，参与点差；一字板不可买,v3
2026-06-12,601991,大唐发电,14,不推送,3.45,23,2.63,9.54,10.04,-28.61,17.57,14.55,5.02,11.61,2.32,-11.67,17.57,17.57,17.57,人气Top20；站上20日线且不过热；持续霸榜；震荡市里保持相对强势,当日转弱；收盘承接偏弱；热度可能进入后段；v3尾盘版回避高位长连榜,v3
2026-06-23,603002,宏昌电子,60,不推送,0.78,17,-3.34,0.6,2.66,-26.21,17.56,12.33,3.51,16.22,7.09,-10.96,17.56,17.56,17.56,温和放量；近5日趋势升温；站上20日线且不过热；持续霸榜；人气排名明显上升,当日转弱；收盘承接偏弱；热度可能进入后段；弱市先收缩执行；后段人气股在偏弱环境里更谨慎；弱市里的长连榜样本优先降权；v3尾盘版回避高位长连榜,v3
2026-06-09,000988,华工科技,76,不推送,30.6,26,-1.24,-3.7,-1.02,-15.39,17.55,-2.23,6.18,-1.01,7.51,8.69,0.73,7.9,17.55,当日上涨；收在日内高位；站上20日线且不过热；持续霸榜；市场强势且个股相对强势,热度可能进入后段；人气排名明显回落；v3尾盘版回避高位长连榜,v3
2026-05-20,002081,金螳螂,32,不推送,0.0,40,-3.54,-10.14,-0.64,-38.97,17.55,-7.25,-14.17,-3.84,-11.02,4.99,-0.64,-0.64,17.55,人气Top50；温和放量；站上20日线且不过热；持续霸榜,当日转弱；收盘承接偏弱；近5日趋势未确认；热度可能进入后段；震荡市里相对走弱；市场健康度不足，收缩推送；v3尾盘版回避高位长连榜,v3
2026-04-27,601179,中国西电,68,不推送,0.0,54,-0.06,1.65,3.43,-30.85,17.55,0.0,3.43,0.06,3.49,4.08,3.43,4.61,17.55,站上20日线且不过热；持续霸榜,当日转弱；收盘承接偏弱；近5日趋势未确认；热度可能进入后段；v3尾盘版回避高位长连榜,v3
2026-06-03,002171,楚江新材,68,观察池,81.45,30,-4.4,-4.02,-2.05,-23.99,17.54,0.53,-3.57,5.16,0.87,13.9,0.76,2.28,17.54,当日涨停附近；收在日内高位；温和放量；近5日趋势升温；站上20日线且不过热；震荡市里保持相对强势；震荡市里承接未失控；v2低分涨停修正,后段人气股在偏弱环境里更谨慎；涨停封板不可买,v3
2026-04-21,000988,华工科技,90,不推送,8.0,58,-0.69,4.02,4.34,12.39,17.52,-0.83,-0.59,-0.14,0.1,17.34,6.21,6.21,17.52,收盘承接较强；站上20日线且不过热；持续霸榜,近5日趋势未确认；热度可能进入后段；人气排名明显回落；v3尾盘版回避高位长连榜,v3
2026-05-07,002407,多氟多,49,不推送,36.6,49,-1.34,-6.83,1.98,-14.54,17.51,-8.62,-11.75,-7.38,-10.56,9.26,1.98,1.98,17.51,人气Top50；近5日趋势升温；站上20日线且不过热；连续上榜确认；市场强势且个股相对强势；v3热点早段优先,当日转弱,v3
2026-07-10,002156,通富微电,35,不推送,6.5,4,-1.93,2.05,7.73,5.35,17.49,9.18,,11.33,,,17.49,,,人气Top50；温和放量；近5日趋势升温；站上20日线且不过热；持续霸榜,当日转弱；收盘承接偏弱；热度可能进入后段；弱市先收缩执行；弱市里的长连榜样本优先降权；v3尾盘版回避高位长连榜,v3
2026-04-15,000973,佛塑科技,25,不推送,6.0,62,-3.15,-4.58,-0.61,-33.94,17.49,-0.44,0.5,2.79,3.76,17.49,4.25,4.25,17.49,人气Top50；放量仍可控；站上20日线且不过热；连续上榜确认,当日转弱；收盘承接偏弱；人气排名明显回落,v3
2026-05-18,601899,紫金矿业,37,不推送,0.0,42,11.42,10.92,11.75,5.41,17.48,6.7,11.6,-4.24,0.16,7.42,11.75,13.95,17.48,人气Top50；持续霸榜；人气排名明显上升,近5日趋势未确认；仍在20日线下方；热度可能进入后段；震荡市里相对走弱；市场健康度不足，收缩推送；v3尾盘版回避高位长连榜；v3尾盘承接一般,v3
2026-05-19,601899,紫金矿业,68,不推送,0.0,41,8.65,8.14,9.05,5.41,17.48,10.2,17.19,1.43,7.86,12.43,11.24,17.48,17.48,持续霸榜,近5日趋势未确认；仍在20日线下方；热度可能进入后段；人气排名明显回落；震荡市里相对走弱；后段人气股在偏弱环境里更谨慎；市场健康度不足，收缩推送；v3尾盘版回避高位长连榜；v3尾盘承接一般,v3
2026-06-29,002119,康强电子,36,不推送,19.45,13,0.67,12.2,12.2,-26.19,17.48,8.15,-1.24,7.43,-1.9,-15.54,17.48,17.48,17.48,人气Top50；温和放量；站上20日线且不过热；连续上榜确认；震荡市里保持相对强势,当日转弱；收盘承接偏弱,v3
2026-05-20,601899,紫金矿业,41,不推送,0.0,40,10.02,6.7,11.24,5.41,17.48,11.6,12.58,1.44,2.33,11.32,13.95,17.48,17.48,人气Top50；温和放量；持续霸榜；人气排名明显上升,近5日趋势未确认；仍在20日线下方；热度可能进入后段；震荡市里相对走弱；市场健康度不足，收缩推送；v3尾盘版回避高位长连榜；v3尾盘承接一般,v3
2026-04-29,002361,神剑股份,51,不推送,0.0,52,1.8,2.49,3.84,-48.63,17.46,7.73,10.97,5.83,9.02,-5.69,8.23,17.46,17.46,站上20日线且不过热；持续霸榜,收盘承接偏弱；近5日趋势未确认；热度可能进入后段；人气排名明显回落；上影线偏长；v3尾盘版回避高位长连榜；v3尾盘承接一般,v3
2026-04-24,002407,多氟多,7,强推观察,110.0,55,1.21,3.9,5.02,-3.39,17.46,7.99,14.8,6.7,13.43,3.06,9.29,17.46,17.46,人气Top10；当日涨停附近；收在日内高位；放量仍可控；近5日趋势升温；站上20日线且不过热；人气排名明显上升；v2强势延续修正；v3热点早段优先,-,v3
2026-06-16,600487,亨通光电,1,普通观察,76.6,21,-2.34,4.14,4.52,-39.01,17.46,12.72,11.68,15.43,14.36,-4.14,14.47,17.46,17.46,人气Top3；当日强涨；收盘承接较强；温和放量；站上20日线且不过热；持续霸榜；市场强势且个股相对强势,热度可能进入后段；v3尾盘版回避高位长连榜；v3尾盘半板但封单不强,v3
2026-06-02,603778,国晟科技,85,不推送,0.0,31,-1.51,-0.22,3.07,-47.2,17.46,-7.17,7.7,-5.74,9.35,-13.58,3.07,9.38,17.46,温和放量,收盘承接偏弱；近5日趋势未确认；仍在20日线下方；上影线偏长；强势市里个股相对走弱；市场健康度不足，收缩推送；v3尾盘承接一般,v3
2026-06-22,600549,厦门钨业,32,不推送,5.6,18,17.44,3.59,17.44,-32.5,17.44,4.11,1.69,-11.35,-13.41,-14.1,17.44,17.44,17.44,人气Top50；近5日强势延续；市场强势且个股相对强势,当日转弱；短线涨幅偏高；偏离20日线较大,v3
2026-07-08,001270,铖昌科技,98,不推送,0.0,6,1.36,6.77,8.22,-20.58,17.44,-2.69,-20.93,-4.0,-21.99,,17.44,17.44,,温和放量；站上20日线且不过热；连续上榜确认,当日转弱；收盘承接偏弱；近5日趋势未确认；弱市先收缩执行；后段人气股在偏弱环境里更谨慎,v3
2026-05-25,002580,圣阳股份,38,不推送,0.0,37,-1.49,-3.92,-1.11,-31.86,17.42,-3.38,10.07,-1.93,11.73,-14.32,-1.11,10.07,17.42,人气Top50；温和放量；持续霸榜；人气排名明显上升,当日转弱；收盘承接偏弱；近5日趋势未确认；仍在20日线下方；热度可能进入后段；强势市里个股相对走弱；v3尾盘版回避高位长连榜,v3
2026-07-06,002396,星网锐捷,55,观察池,45.45,8,4.9,2.76,9.95,10.76,17.4,12.51,12.63,7.26,7.37,,13.44,17.4,,当日涨停附近；收在日内高位；温和放量；震荡市里保持相对强势；震荡市里承接未失控,短线涨幅过热；偏离20日线较大；后段人气股在偏弱环境里更谨慎；涨停封板不可买,v3
2026-07-03,600206,有研新材,23,不推送,0.0,9,1.28,-6.85,2.49,-19.84,17.39,-1.19,9.83,-2.44,8.44,,9.74,17.39,,人气Top50；站上20日线且不过热；持续霸榜,当日转弱；收盘承接偏弱；近5日趋势未确认；热度可能进入后段；震荡市里相对走弱；市场健康度不足，收缩推送；v3尾盘版回避高位长连榜,v3
2026-06-22,600410,华胜天成,59,观察池,42.6,18,15.4,11.17,17.39,-13.71,17.39,1.93,-6.58,-11.67,-19.05,-9.42,17.39,17.39,17.39,当日涨停附近；收在日内高位；放量仍可控；人气排名明显上升；市场强势且个股相对强势,近5日趋势未确认；仍在20日线下方；涨停封板不可买,v3
2026-04-28,600186,莲花控股,33,不推送,52.0,53,0.1,9.96,9.96,0.81,17.38,15.85,6.71,15.74,6.6,5.08,17.38,17.38,17.38,人气Top50；当日上涨；温和放量；近5日趋势升温；站上20日线且不过热；持续霸榜；人气排名明显上升,热度可能进入后段；v3尾盘版回避高位长连榜,v3
2026-06-23,600703,三安光电,13,不推送,19.5,17,-2.28,10.43,10.43,-31.19,17.37,10.03,7.44,12.59,9.95,-9.97,17.37,17.37,17.37,人气Top20；温和放量；近5日强势延续；站上20日线且不过热；持续霸榜,短线涨幅偏高；热度可能进入后段；上影线偏长；弱市先收缩执行；弱市里的长连榜样本优先降权；v3尾盘版回避高位长连榜；v3尾盘承接一般,v3
2026-04-29,002297,博云新材,14,不推送,28.0,52,0.99,5.56,9.44,-13.66,17.36,6.64,8.36,5.59,7.3,9.35,12.02,14.82,17.36,人气Top20；温和放量；近5日趋势升温；持续霸榜,远离20日线过多；热度可能进入后段；v3尾盘版回避高位长连榜,v3
2026-04-27,002050,三花智控,96,不推送,24.0,54,-0.11,-3.81,-0.11,-8.89,17.36,2.2,9.61,2.31,9.73,7.67,3.18,9.78,17.36,收盘承接较强；温和放量；站上20日线且不过热,近5日趋势未确认；人气排名明显回落,v3
2026-07-09,002156,通富微电,24,观察池,86.6,5,2.54,-1.69,7.62,5.24,17.36,7.9,5.24,5.23,2.64,,7.9,17.36,,人气Top50；当日涨停附近；收在日内高位；温和放量；近5日趋势升温；站上20日线且不过热；持续霸榜；人气排名明显上升；市场强势且个股相对强势,热度可能进入后段；v3尾盘版回避高位长连榜；涨停封板不可买,v3
2026-05-13,601138,工业富联,1,不推送,6.55,45,17.35,8.79,17.35,-0.06,17.35,9.39,8.07,-6.78,-7.91,11.13,17.35,17.35,17.35,人气Top3；持续霸榜；人气排名明显上升,当日转弱；量能不足；近5日趋势未确认；热度可能进入后段；强势市里个股相对走弱；v3尾盘版回避高位长连榜,v3
2026-05-12,601138,工业富联,28,不推送,0.0,46,1.65,12.34,12.34,-0.06,17.35,7.23,8.72,5.49,6.96,10.97,17.35,17.35,17.35,人气Top50；站上20日线且不过热；持续霸榜,当日转弱；量能不足；热度可能进入后段；强势市里个股相对走弱；v3尾盘版回避高位长连榜,v3
2026-06-23,600172,黄河旋风,5,观察池,91.0,17,-2.36,0.88,2.83,-24.01,17.35,-1.77,-0.88,0.6,1.51,8.32,10.97,10.97,17.35,人气Top10；当日涨停附近；收在日内高位；温和放量；近5日强势延续；站上20日线且不过热；持续霸榜；人气排名明显上升；弱市中个股相对抗跌,短线涨幅偏高；热度可能进入后段；弱市里的长连榜样本优先降权；v3尾盘版回避高位长连榜；涨停封板不可买,v3
2026-04-22,002812,恩捷股份,6,不推送,54.0,57,-0.99,-6.13,-0.66,-31.32,17.35,8.18,13.02,9.26,14.15,9.43,12.39,14.92,17.35,人气Top10；温和放量；近5日趋势升温；站上20日线且不过热；连续上榜确认；人气排名明显上升；v3热点早段优先,当日转弱；收盘承接偏弱,v3
2026-05-19,600745,*ST闻泰,12,不推送,11.18,41,-17.61,-17.61,-17.61,-3.14,17.35,-16.58,-8.03,1.25,11.62,17.35,-13.49,-8.03,17.35,人气Top20；当日上涨；收盘承接较强；持续霸榜；人气排名明显上升；震荡市里保持相对强势；震荡市里承接未失控,放量过猛；近5日趋势未确认；仍在20日线下方；热度可能进入后段；v3尾盘版回避高位长连榜；v3尾盘版回避放量过猛,v3
2026-04-15,300394,天孚通信,75,不推送,0.0,62,-0.8,7.53,8.8,-26.17,17.34,13.26,13.53,14.18,14.45,-5.92,17.34,17.34,17.34,温和放量；站上20日线且不过热,当日转弱；收盘承接偏弱；近5日趋势未确认,v3
2026-04-29,000657,中钨高新,72,普通观察,66.0,52,1.2,1.54,4.52,17.34,17.34,10.26,5.81,8.95,4.55,-0.61,12.21,12.21,12.21,当日涨停附近；收在日内高位；温和放量；站上20日线且不过热；v3尾盘缩量强承接,近5日趋势未确认,v3
2026-06-01,000063,中兴通讯,73,不推送,0.0,32,-0.23,3.12,3.58,13.64,17.33,7.22,4.57,7.46,4.81,5.74,9.38,17.33,17.33,温和放量；连续上榜确认,当日转弱；收盘承接偏弱；近5日趋势未确认；仍在20日线下方；人气排名明显回落；弱市先收缩执行；后段人气股在偏弱环境里更谨慎；市场健康度不足，收缩推送；市场健康度偏弱,v3
2026-06-24,600584,长电科技,1,观察池,120.6,16,5.6,10.0,10.0,-12.13,17.33,9.03,12.61,3.25,6.64,-0.62,15.45,17.33,17.33,人气Top3；当日涨停附近；收在日内高位；温和放量；近5日趋势升温；站上20日线且不过热；持续霸榜；市场强势且个股相对强势；v2强势延续修正；v2低分涨停修正,热度可能进入后段；v3尾盘版回避高位长连榜；涨停封板不可买,v3
2026-07-02,688017,绿的谐波,85,不推送,0.0,10,0.82,15.51,17.32,-10.35,17.32,10.08,-3.37,9.18,-4.16,-10.35,17.32,17.32,17.32,近5日趋势升温；站上20日线且不过热,当日转弱；收盘承接偏弱；量能不足；弱市先收缩执行；后段人气股在偏弱环境里更谨慎,v3
2026-04-17,600552,凯盛科技,69,普通观察,72.0,60,-0.07,0.07,2.93,17.31,17.31,4.53,0.4,4.6,0.47,5.66,6.52,6.52,10.32,当日涨停附近；收在日内高位；温和放量；近5日趋势升温；站上20日线且不过热,-,v3
2026-05-20,300750,宁德时代,95,不推送,0.0,40,12.39,10.19,14.47,-1.98,17.31,7.84,11.03,-4.05,-1.21,14.14,14.47,14.81,17.31,温和放量；震荡市里保持相对强势,近5日趋势未确认；仍在20日线下方；人气排名明显回落；后段人气股在偏弱环境里更谨慎,v3
2026-06-18,688256,寒武纪,5,不推送,28.6,19,7.17,5.5,8.25,-7.37,17.31,5.21,5.58,-1.82,-1.49,-2.03,9.05,11.24,17.31,人气Top10；近5日趋势升温；站上20日线且不过热；人气排名明显上升；市场强势且个股相对强势；v3热点早段优先,当日转弱；收盘承接偏弱；量能不足,v3
2026-06-15,000988,华工科技,28,普通观察,80.6,22,0.64,2.52,4.18,-18.3,17.31,10.99,2.31,10.28,1.65,15.4,13.5,13.5,17.31,人气Top50；当日上涨；收在日内高位；温和放量；近5日趋势升温；站上20日线且不过热；人气排名明显上升；市场强势且个股相对强势；v3热点早段优先,-,v3
2026-06-15,688256,寒武纪,86,不推送,0.0,22,-3.29,-5.36,-3.27,-7.37,17.31,9.16,2.32,12.88,5.8,15.54,11.51,11.51,17.31,近5日趋势升温；站上20日线且不过热；市场强势且个股相对强势,当日转弱；收盘承接偏弱；量能不足；人气排名明显回落,v3
2026-06-16,000636,风华高科,4,观察池,116.6,21,-2.31,3.4,3.44,-27.72,17.29,1.89,1.05,4.29,3.43,3.87,6.25,6.25,17.29,人气Top10；当日涨停附近；收在日内高位；温和放量；近5日趋势升温；持续霸榜；市场强势且个股相对强势；v2强势延续修正；v2低分涨停修正；v3尾盘涨停延续,偏离20日线较大；热度可能进入后段；v3尾盘版回避高位长连榜；涨停封板不可买,v3
2026-04-14,601138,工业富联,14,强推观察,94.0,63,0.75,-1.87,1.78,6.96,17.28,3.48,4.23,2.71,3.45,15.75,3.87,7.48,17.28,人气Top20；当日上涨；收盘承接较强；温和放量；近5日趋势升温；站上20日线且不过热；连续上榜确认；人气排名明显上升；v2连榜升温修正；v3热点早段优先,-,v3
2026-06-23,688268,华特气体,88,观察池,29.57,17,-6.47,-3.98,0.26,-25.93,17.27,-6.23,8.16,0.26,15.64,-11.89,5.08,12.65,17.27,当日涨停附近；收盘承接较强；近5日强势延续；弱市中个股相对抗跌；v2低分涨停修正,量能不足；短线涨幅偏高；偏离20日线较大；人气排名明显回落；后段人气股在偏弱环境里更谨慎；涨停封板不可买,v3
2026-05-08,002181,粤传媒,64,不推送,1.6,48,-0.65,3.19,3.95,-53.82,17.27,-3.09,6.61,-2.45,7.3,-25.55,8.28,8.28,17.27,近5日强势延续；连续上榜确认；市场强势且个股相对强势,当日转弱；短线涨幅偏高；偏离20日线较大；人气排名明显回落,v3
2026-04-16,002015,协鑫能科,51,不推送,54.0,61,0.0,0.6,5.05,-26.33,17.26,2.66,12.27,2.66,12.27,-3.64,6.3,17.26,17.26,当日上涨；温和放量；近5日趋势升温；站上20日线且不过热；连续上榜确认；人气排名明显上升,-,v3
2026-07-03,002384,东山精密,9,不推送,55.17,9,1.67,-4.12,2.51,14.82,17.26,1.48,3.5,-0.18,1.81,,4.66,17.26,,人气Top10；当日上涨；收盘承接较强；温和放量；持续霸榜；震荡市里保持相对强势；震荡市里承接未失控,近5日趋势未确认；热度可能进入后段；v3尾盘版回避高位长连榜,v3
2026-06-30,601899,紫金矿业,62,不推送,0.0,12,-0.52,0.52,2.28,17.09,17.25,11.37,10.57,11.95,11.15,16.33,13.29,16.85,17.25,-,当日转弱；近5日趋势未确认；仍在20日线下方；强势市里个股相对走弱,v3
2026-06-25,000100,TCL科技,10,观察池,100.6,15,0.37,1.12,6.18,-6.74,17.23,8.99,10.86,8.58,10.45,0.37,8.99,17.23,17.23,人气Top10；当日涨停附近；收在日内高位；温和放量；站上20日线且不过热；连续上榜确认；人气排名明显上升；市场强势且个股相对强势,涨停封板不可买,v3
2026-06-05,600118,中国卫星,45,不推送,0.0,28,10.93,11.2,17.23,-6.44,17.23,5.01,5.52,-5.34,-4.88,2.54,17.23,17.23,17.23,人气Top50；放量仍可控；人气排名明显上升,当日转弱；收盘承接偏弱；近5日趋势未确认；仍在20日线下方；弱市先收缩执行；市场健康度不足，收缩推送；市场健康度偏弱,v3
2026-06-17,600105,永鼎股份,22,不推送,72.6,20,-2.01,-1.55,1.98,-29.43,17.23,-0.97,15.63,1.07,18.0,-10.92,5.64,17.23,17.23,人气Top50；当日强涨；温和放量；近5日趋势升温；站上20日线且不过热；连续上榜确认；市场强势且个股相对强势；v3热点早段优先,v3尾盘半板但封单不强,v3
2026-04-30,002131,利欧股份,82,不推送,0.0,51,0.93,5.27,5.74,-35.81,17.21,9.3,4.03,8.29,3.07,14.26,11.94,11.94,17.21,持续霸榜；人气排名明显上升,当日转弱；收盘承接偏弱；近5日趋势未确认；仍在20日线下方；热度可能进入后段；v3尾盘版回避高位长连榜,v3
2026-05-06,002131,利欧股份,49,不推送,0.0,51,0.93,5.27,5.74,-35.81,17.21,9.3,4.03,8.29,3.07,14.26,11.94,11.94,17.21,人气Top50；持续霸榜；人气排名明显上升,当日转弱；收盘承接偏弱；近5日趋势未确认；仍在20日线下方；热度可能进入后段；v3尾盘版回避高位长连榜,v3
2026-04-21,000539,粤电力A,39,强推观察,102.0,58,6.26,2.5,7.98,-17.21,17.21,2.66,13.77,-3.39,7.07,10.95,12.83,17.21,17.21,人气Top50；当日涨停附近；收在日内高位；温和放量；近5日趋势升温；站上20日线且不过热；v2强势延续修正；v2低分涨停修正；v3热点早段优先,-,v3
2026-04-24,000062,深圳华强,20,强推观察,114.0,55,3.01,10.02,10.02,-27.16,17.2,4.12,7.71,1.08,4.56,7.48,14.19,17.2,17.2,人气Top20；当日涨停附近；收在日内高位；温和放量；近5日趋势升温；站上20日线且不过热；人气排名明显上升；v2强势延续修正；v2低分涨停修正；v3热点早段优先,-,v3
2026-06-17,002600,领益智造,90,不推送,28.6,20,-0.13,6.32,8.98,-20.29,17.19,1.45,13.02,1.58,13.16,8.6,10.62,15.55,17.19,温和放量；近5日趋势升温；站上20日线且不过热；市场强势且个股相对强势,上影线偏长；v3尾盘承接一般,v3
2026-07-06,600759,ST洲际,82,观察池,79.45,8,-1.29,-6.01,-0.86,7.3,17.17,5.58,15.02,6.96,16.52,,13.73,17.17,,当日涨停附近；收在日内高位；放量仍可控；近5日趋势升温；站上20日线且不过热；人气排名明显上升；震荡市里保持相对强势；震荡市里承接未失控；v2低分涨停修正,后段人气股在偏弱环境里更谨慎；涨停封板不可买,v3
2026-04-23,600118,中国卫星,40,不推送,62.0,56,-2.0,-5.59,-1.31,-32.2,17.16,-4.91,0.78,-2.97,2.84,9.47,1.1,1.76,17.16,人气Top50；当日上涨；温和放量；近5日趋势升温；站上20日线且不过热；连续上榜确认；人气排名明显上升,-,v3
2026-06-26,601138,工业富联,9,不推送,0.0,14,9.9,10.39,13.32,-0.06,17.16,11.01,2.63,1.01,-6.61,5.09,17.16,17.16,17.16,人气Top10；持续霸榜；人气排名明显上升,当日转弱；量能不足；近5日趋势未确认；仍在20日线下方；热度可能进入后段；弱市先收缩执行；弱市里的长连榜样本优先降权；v3尾盘版回避高位长连榜,v3
2026-06-04,002384,东山精密,18,不推送,45.45,29,-2.06,-6.56,2.04,13.44,17.15,-5.3,-10.96,-3.31,-9.09,15.21,2.04,2.04,17.15,人气Top20；当日上涨；近5日趋势升温；站上20日线且不过热；持续霸榜；震荡市里保持相对强势,热度可能进入后段；v3尾盘版回避高位长连榜,v3
2026-05-26,601899,紫金矿业,35,不推送,3.1,36,16.04,12.58,17.15,5.41,17.15,8.32,12.43,-6.65,-3.11,1.23,17.15,17.15,17.15,人气Top50；温和放量；人气排名明显上升,近5日趋势未确认；仍在20日线下方；震荡市里相对走弱；v3尾盘承接一般,v3
2026-05-08,601138,工业富联,48,不推送,0.0,48,1.61,4.23,4.26,-0.25,17.13,12.12,7.03,10.34,5.33,6.3,12.12,17.13,17.13,人气Top50；站上20日线且不过热；连续上榜确认,当日转弱；收盘承接偏弱；近5日趋势未确认；强势市里个股相对走弱,v3
2026-07-08,002384,东山精密,35,不推送,4.5,6,1.2,9.27,9.27,12.4,17.12,-1.02,9.76,-2.19,8.47,,14.79,17.12,,人气Top50；温和放量；持续霸榜,近5日趋势未确认；热度可能进入后段；弱市先收缩执行；弱市里的长连榜样本优先降权；v3尾盘版回避高位长连榜,v3
2026-04-27,002176,江特电机,35,不推送,57.0,54,-2.21,0.97,3.38,-44.72,17.12,10.77,7.11,13.27,9.53,-4.42,17.12,17.12,17.12,人气Top50；当日上涨；收盘承接较强；放量仍可控；近5日强势延续；连续上榜确认；人气排名明显上升；v2连榜升温修正,短线涨幅偏高；偏离20日线较大,v3
2026-04-24,000973,佛塑科技,74,不推送,64.0,55,0.58,3.84,6.37,-36.97,17.11,12.11,11.85,11.47,11.2,3.11,12.11,17.11,17.11,当日涨停附近；收在日内高位；温和放量；站上20日线且不过热；人气排名明显上升,-,v3
2026-04-15,002342,巨力索具,17,不推送,59.0,62,-1.53,1.2,7.6,-55.99,17.11,6.45,10.17,8.11,11.88,3.28,9.35,17.11,17.11,人气Top20；当日上涨；收盘承接较强；温和放量；近5日强势延续；连续上榜确认,短线涨幅偏高；偏离20日线较大,v3
2026-04-28,603538,美诺华,50,不推送,54.0,53,1.9,8.62,8.62,-36.21,17.08,13.94,5.95,11.82,3.98,-15.5,14.29,17.08,17.08,人气Top50；当日上涨；收盘承接较强；温和放量；近5日趋势升温；站上20日线且不过热；持续霸榜,热度可能进入后段；人气排名明显回落；v3尾盘版回避高位长连榜,v3
2026-05-08,603629,利通电子,6,不推送,55.6,48,0.25,-2.58,0.25,-39.64,17.06,3.33,1.71,3.08,1.46,17.06,3.33,8.59,17.06,人气Top10；当日上涨；温和放量；近5日强势延续；连续上榜确认；人气排名明显上升；市场强势且个股相对强势,短线涨幅偏高；远离20日线过多,v3
2026-04-28,002475,立讯精密,25,不推送,18.0,53,-2.69,-1.77,-0.16,-11.88,17.03,-4.01,2.02,-1.35,4.84,5.9,1.6,3.15,17.03,人气Top50；温和放量；近5日趋势升温；站上20日线且不过热；持续霸榜,当日转弱；收盘承接偏弱；热度可能进入后段；v3尾盘版回避高位长连榜,v3
2026-05-29,002050,三花智控,53,不推送,0.0,33,10.49,6.27,12.06,-0.26,17.02,7.49,12.61,-2.72,1.92,6.18,12.06,17.02,17.02,持续霸榜,量能不足；近5日趋势未确认；仍在20日线下方；热度可能进入后段；人气排名明显回落；弱市先收缩执行；后段人气股在偏弱环境里更谨慎；弱市里的长连榜样本优先降权；v3尾盘版回避高位长连榜；v3尾盘承接一般,v3
2026-04-28,600487,亨通光电,38,不推送,0.0,53,-1.89,-1.33,-0.13,-5.04,17.0,5.14,13.15,7.16,15.33,2.21,5.83,16.4,17.0,人气Top50；近5日趋势升温；站上20日线且不过热；持续霸榜,当日转弱；收盘承接偏弱；热度可能进入后段；人气排名明显回落；v3尾盘版回避高位长连榜,v3
2026-06-12,002129,TCL中环,48,不推送,33.45,23,-0.89,1.89,2.58,-9.33,16.98,6.36,3.38,7.31,4.31,16.48,7.25,7.25,16.98,人气Top50；温和放量；近5日趋势升温；站上20日线且不过热；人气排名明显上升；震荡市里保持相对强势；v3热点早段优先,当日转弱；收盘承接偏弱,v3
2026-06-11,300502,新易盛,18,不推送,0.0,24,3.38,-3.04,4.34,3.88,16.94,5.11,11.32,1.67,7.68,8.36,7.55,12.57,16.94,人气Top20；放量仍可控；站上20日线且不过热；持续霸榜；人气排名明显上升,当日转弱；收盘承接偏弱；近5日趋势未确认；热度可能进入后段；弱市先收缩执行；弱市里的长连榜样本优先降权；市场健康度不足，收缩推送；市场健康度偏弱；v3尾盘版回避高位长连榜,v3
2026-06-17,600487,亨通光电,10,不推送,30.55,20,3.71,3.69,8.98,-39.28,16.94,9.59,14.92,5.67,10.81,-12.13,16.94,16.94,16.94,人气Top10；温和放量；站上20日线且不过热；持续霸榜,当日转弱；热度可能进入后段；强势市里个股相对走弱；v3尾盘版回避高位长连榜,v3
2026-07-01,601899,紫金矿业,74,不推送,0.0,11,2.07,4.82,7.45,16.58,16.94,12.71,9.05,10.43,6.83,14.91,16.34,16.34,16.94,温和放量；连续上榜确认,当日转弱；近5日趋势未确认；仍在20日线下方；震荡市里相对走弱；后段人气股在偏弱环境里更谨慎；市场健康度不足，收缩推送,v3
2026-04-14,002466,天齐锂业,72,普通观察,70.0,63,0.23,-4.23,0.23,-23.54,16.94,3.29,9.58,3.05,9.32,12.4,6.0,13.59,16.94,当日上涨；收在日内高位；温和放量；近5日趋势升温；站上20日线且不过热；连续上榜确认；人气排名明显上升,-,v3
2026-05-12,600198,大唐电信,35,观察池,112.6,46,10.16,14.67,16.93,-19.19,16.93,5.08,5.76,-4.61,-4.0,-3.39,16.93,16.93,16.93,人气Top50；当日涨停附近；收在日内高位；温和放量；近5日趋势升温；站上20日线且不过热；市场强势且个股相对强势；v3尾盘涨停延续；v3尾盘缩量强承接；v3热点早段优先,涨停封板不可买,v3
2026-05-29,002281,光迅科技,60,不推送,0.0,33,1.93,0.09,4.77,3.13,16.93,9.74,11.49,7.66,9.38,0.42,14.64,16.93,16.93,站上20日线且不过热；持续霸榜,当日转弱；收盘承接偏弱；近5日趋势未确认；热度可能进入后段；弱市先收缩执行；后段人气股在偏弱环境里更谨慎；弱市里的长连榜样本优先降权；市场健康度不足，收缩推送；市场健康度偏弱；v3尾盘版回避高位长连榜,v3
2026-04-27,600879,航天电子,32,不推送,6.0,54,0.04,-4.49,0.47,-27.36,16.93,2.48,8.21,2.44,8.16,3.04,2.95,9.02,16.93,人气Top50；站上20日线且不过热；人气排名明显上升,当日转弱；近5日趋势未确认,v3
2026-06-17,002129,TCL中环,47,不推送,70.6,20,0.19,-3.57,0.19,-14.19,16.92,-7.52,-4.42,-7.69,-4.6,3.67,0.19,0.19,16.92,人气Top50；当日上涨；收盘承接较强；温和放量；近5日趋势升温；站上20日线且不过热；市场强势且个股相对强势；v3热点早段优先,-,v3
2026-05-26,002407,多氟多,16,不推送,0.0,36,12.98,12.23,16.9,0.09,16.9,5.68,3.79,-6.47,-8.13,6.43,16.9,16.9,16.9,人气Top20；持续霸榜,当日转弱；收盘承接偏弱；量能不足；近5日趋势未确认；仍在20日线下方；热度可能进入后段；震荡市里相对走弱；v3尾盘版回避高位长连榜,v3
2026-04-23,300456,赛微电子,50,不推送,0.0,19,1.31,-2.29,1.95,3.17,16.9,-2.4,-1.88,-3.66,-3.15,5.25,3.98,3.98,16.9,人气Top50；放量仍可控；连续上榜确认,当日转弱；收盘承接偏弱；近5日趋势未确认；仍在20日线下方,v3
2026-06-30,600378,昊华科技,18,观察池,100.6,12,1.9,7.46,10.0,-35.42,16.87,0.84,-13.01,-1.04,-14.63,-26.11,16.87,16.87,16.87,人气Top20；当日涨停附近；收在日内高位；温和放量；近5日趋势升温；持续霸榜；人气排名明显上升；市场强势且个股相对强势；v2强势延续修正；v2低分涨停修正,偏离20日线较大；热度可能进入后段；v3尾盘版回避高位长连榜；涨停封板不可买,v3
2026-06-17,300088,长信科技,53,观察池,69.6,20,-0.66,-1.89,3.78,-32.92,16.84,-6.34,-2.65,-5.71,-2.0,-0.57,6.24,6.24,16.84,当日涨停附近；收在日内高位；温和放量；近5日强势延续；人气排名明显上升；市场强势且个股相对强势；v2低分涨停修正,短线涨幅偏高；偏离20日线较大；涨停封板不可买,v3
2026-04-14,600666,奥瑞德,38,不推送,40.0,63,-2.62,-3.86,1.08,-48.77,16.82,9.41,4.01,12.36,6.81,-14.51,12.96,16.82,16.82,人气Top50；温和放量；近5日趋势升温；站上20日线且不过热；连续上榜确认；v3热点早段优先,收盘承接偏弱；人气排名明显回落,v3
2026-04-29,300476,胜宏科技,97,不推送,40.0,52,-0.26,-1.61,0.9,-18.85,16.81,1.25,13.29,1.52,13.59,3.69,2.1,14.87,16.81,当日上涨；收盘承接较强；温和放量；站上20日线且不过热；连续上榜确认,近5日趋势未确认；人气排名明显回落,v3
2026-04-16,300502,新易盛,10,强推观察,92.0,61,2.33,9.58,9.76,0.95,16.8,7.63,13.17,5.18,10.6,-2.18,11.06,16.8,16.8,人气Top10；当日强涨；收在日内高位；温和放量；近5日趋势升温；站上20日线且不过热；持续霸榜；人气排名明显上升,热度可能进入后段；v3尾盘版回避高位长连榜,v3
2026-04-24,601869,长飞光纤,91,不推送,4.0,55,2.67,2.54,7.02,9.12,16.8,0.64,-1.93,-1.98,-4.48,10.54,7.02,7.02,16.8,温和放量；站上20日线且不过热；连续上榜确认,当日转弱；收盘承接偏弱；人气排名明显回落,v3
2026-07-01,002594,比亚迪,94,不推送,0.0,11,1.61,3.68,6.29,16.8,16.8,8.61,8.93,6.89,7.2,13.85,10.36,10.36,15.98,温和放量；震荡市里保持相对强势,近5日趋势未确认；仍在20日线下方；人气排名明显回落；后段人气股在偏弱环境里更谨慎,v3
2026-05-18,002465,海格通信,65,不推送,0.0,24,0.25,1.26,1.83,-15.53,16.79,2.08,10.48,1.83,10.2,-1.01,7.95,11.3,16.79,放量仍可控,当日转弱；收盘承接偏弱；近5日趋势未确认；震荡市里相对走弱；后段人气股在偏弱环境里更谨慎；市场健康度不足，收缩推送,v3
2026-06-26,600172,黄河旋风,22,不推送,6.5,14,-1.53,-5.11,-0.18,-24.37,16.79,-3.76,-1.0,-2.27,0.54,-0.18,4.52,5.87,16.79,人气Top50；温和放量；近5日趋势升温；站上20日线且不过热；持续霸榜,当日转弱；收盘承接偏弱；热度可能进入后段；弱市先收缩执行；弱市里的长连榜样本优先降权；v3尾盘版回避高位长连榜,v3
2026-04-20,000988,华工科技,62,不推送,0.0,59,-1.72,1.13,1.83,13.66,16.78,2.32,3.31,4.12,5.12,15.89,7.41,7.41,16.78,温和放量；站上20日线且不过热；持续霸榜,当日转弱；收盘承接偏弱；近5日趋势未确认；热度可能进入后段；人气排名明显回落；v3尾盘版回避高位长连榜,v3
2026-05-21,002036,联创电子,34,观察池,92.3,39,7.8,10.04,10.04,-33.76,16.77,15.17,4.49,6.84,-3.07,-5.45,16.77,16.77,16.77,人气Top50；当日涨停附近；收在日内高位；放量仍可控；近5日趋势升温；站上20日线且不过热；弱市中个股相对抗跌；v2强势延续修正；v3热点早段优先,涨停封板不可买,v3
2026-06-11,300476,胜宏科技,89,不推送,0.0,24,5.64,1.65,8.73,-15.83,16.75,10.44,14.64,4.53,8.51,-0.73,12.38,15.75,16.75,-,当日转弱；收盘承接偏弱；近5日趋势未确认；仍在20日线下方；人气排名明显回落；弱市先收缩执行；后段人气股在偏弱环境里更谨慎；市场健康度不足，收缩推送；市场健康度偏弱,v3
2026-06-03,002463,沪电股份,53,不推送,0.0,30,-1.03,9.67,11.2,6.48,16.74,6.7,1.71,7.81,2.77,14.14,11.2,11.2,16.74,温和放量；站上20日线且不过热；持续霸榜,当日转弱；收盘承接偏弱；热度可能进入后段；人气排名明显回落；震荡市里相对走弱；后段人气股在偏弱环境里更谨慎；v3尾盘版回避高位长连榜,v3
2026-06-12,600906,财达证券,96,观察池,63.45,23,2.29,4.86,10.01,1.43,16.74,6.01,12.45,3.64,9.93,6.87,10.01,12.59,16.74,当日涨停附近；收在日内高位；温和放量；站上20日线且不过热；震荡市里保持相对强势；震荡市里承接未失控,后段人气股在偏弱环境里更谨慎；涨停封板不可买,v3
2026-04-14,002418,康盛股份,55,不推送,1.0,63,-1.8,-9.84,-0.33,-43.77,16.72,1.48,0.49,3.34,2.34,-6.72,1.48,16.07,16.72,近5日强势延续；站上20日线且不过热；连续上榜确认,当日转弱；短线涨幅偏高；人气排名明显回落；v3尾盘版回避放量过猛,v3
2026-06-03,002491,通鼎互联,31,不推送,25.45,30,-4.39,9.07,9.07,-22.76,16.71,2.03,-1.26,6.72,3.27,16.71,16.18,16.18,16.71,人气Top50；温和放量；近5日趋势升温；站上20日线且不过热；持续霸榜；人气排名明显上升；震荡市里保持相对强势,当日转弱；收盘承接偏弱；热度可能进入后段；v3尾盘版回避高位长连榜,v3
2026-04-28,002565,顺灏股份,97,不推送,0.0,53,-3.02,-1.75,1.27,-48.65,16.71,1.86,9.5,5.03,12.91,-0.27,4.99,13.0,16.71,站上20日线且不过热；持续霸榜,收盘承接偏弱；近5日趋势未确认；热度可能进入后段；人气排名明显回落；上影线偏长；v3尾盘版回避高位长连榜,v3
2026-04-15,002506,协鑫集成,86,不推送,0.0,62,-0.69,1.37,2.29,-43.48,16.7,6.41,7.78,7.14,8.53,-1.83,6.86,16.7,16.7,温和放量；连续上榜确认,当日转弱；收盘承接偏弱；近5日趋势未确认；仍在20日线下方,v3
2026-06-17,600367,红星发展,52,不推送,0.0,20,1.21,-0.6,3.34,-39.09,16.68,-1.58,-6.89,-2.76,-8.0,2.43,16.68,16.68,16.68,温和放量；人气排名明显上升,收盘承接偏弱；近5日趋势未确认；偏离20日线较大；上影线偏长；强势市里个股相对走弱,v3
2026-05-22,000858,五粮液,52,不推送,0.0,38,13.14,13.83,14.98,-0.03,16.68,13.49,14.84,0.31,1.51,6.2,16.68,16.68,16.68,温和放量；持续霸榜,近5日趋势未确认；仍在20日线下方；热度可能进入后段；强势市里个股相对走弱；市场健康度不足，收缩推送；v3尾盘版回避高位长连榜,v3
2026-07-07,002354,天娱数科,11,不推送,0.0,7,11.55,5.25,12.86,4.46,16.67,12.07,1.44,0.47,-9.06,,16.67,16.67,,人气Top20；持续霸榜,当日转弱；收盘承接偏弱；近5日趋势未确认；仍在20日线下方；热度可能进入后段；弱市先收缩执行；弱市里的长连榜样本优先降权；市场健康度不足，收缩推送；市场健康度偏弱；v3尾盘版回避高位长连榜,v3
2026-04-10,600654,中安科,60,不推送,6.0,65,-2.21,10.05,10.05,-34.56,16.67,8.09,9.56,10.53,12.03,-8.09,15.93,16.67,16.67,放量仍可控；近5日趋势升温；站上20日线且不过热,当日转弱；收盘承接偏弱,v3
2026-07-08,002354,天娱数科,11,不推送,0.0,6,4.99,6.04,10.5,4.46,16.67,4.99,0.92,0.0,-3.87,,16.67,16.67,,人气Top20；持续霸榜,当日转弱；收盘承接偏弱；近5日趋势未确认；仍在20日线下方；热度可能进入后段；弱市先收缩执行；弱市里的长连榜样本优先降权；市场健康度不足，收缩推送；市场健康度偏弱；v3尾盘版回避高位长连榜,v3
2026-04-21,002466,天齐锂业,29,不推送,38.0,58,-1.0,0.03,0.72,-30.22,16.66,4.23,2.57,5.29,3.61,7.55,5.74,6.72,16.66,人气Top50；当日上涨；温和放量；近5日趋势升温；站上20日线且不过热；人气排名明显上升；v3热点早段优先,收盘承接偏弱；上影线偏长；v3尾盘承接一般,v3
2026-05-25,002463,沪电股份,30,普通观察,80.6,37,0.41,8.95,10.12,11.7,16.65,8.71,0.09,8.27,-0.32,11.93,10.58,13.46,16.65,人气Top50；当日强涨；温和放量；近5日趋势升温；站上20日线且不过热；连续上榜确认；市场强势且个股相对强势；v2连榜升温修正；v3热点早段优先,v3尾盘半板但封单不强,v3
2026-06-15,002709,天赐材料,72,不推送,0.0,22,1.15,7.15,7.91,-24.96,16.64,5.78,10.76,4.58,9.5,5.41,10.37,16.01,16.64,温和放量；连续上榜确认,当日转弱；收盘承接偏弱；仍在20日线下方；强势市里个股相对走弱,v3
2026-05-07,601208,东材科技,57,观察池,85.6,49,2.41,2.08,5.69,8.02,16.63,4.63,2.46,2.16,0.04,5.58,5.85,10.7,16.63,当日涨停附近；收在日内高位；温和放量；近5日强势延续；站上20日线且不过热；市场强势且个股相对强势；v2低分涨停修正；v3尾盘缩量强承接,短线涨幅偏高；涨停封板不可买,v3
2026-07-08,601869,长飞光纤,65,不推送,0.0,6,4.58,10.19,10.37,0.32,16.62,-4.64,6.25,-8.82,1.59,,16.62,16.62,,温和放量；连续上榜确认,当日转弱；近5日趋势未确认；仍在20日线下方；弱市先收缩执行；后段人气股在偏弱环境里更谨慎；市场健康度不足，收缩推送；市场健康度偏弱,v3
2026-06-25,603938,三孚股份,86,不推送,7.6,15,-0.68,8.05,9.25,-35.28,16.62,2.12,-0.33,2.83,0.36,-20.3,16.62,16.62,16.62,温和放量；近5日强势延续；连续上榜确认；市场强势且个股相对强势,当日转弱；收盘承接偏弱；短线涨幅偏高；偏离20日线较大,v3
2026-07-07,601869,长飞光纤,65,不推送,0.0,7,8.46,2.39,9.67,0.32,16.62,3.64,-0.06,-4.44,-7.86,,16.62,16.62,,温和放量；连续上榜确认,当日转弱；近5日趋势未确认；仍在20日线下方；弱市先收缩执行；后段人气股在偏弱环境里更谨慎；市场健康度不足，收缩推送；市场健康度偏弱,v3
2026-04-16,603538,美诺华,34,不推送,22.0,61,0.0,-6.25,0.34,-31.52,16.61,-6.2,-0.8,-6.2,-0.8,11.54,0.34,0.34,16.61,人气Top50；温和放量；近5日趋势升温；持续霸榜,偏离20日线较大；热度可能进入后段；人气排名明显回落；v3尾盘版回避高位长连榜；v3尾盘承接一般,v3
2026-07-02,001309,德明利,96,不推送,0.0,10,-1.66,7.77,9.01,-27.15,16.6,3.99,5.15,5.75,6.93,-27.15,16.6,16.6,16.6,站上20日线且不过热,当日转弱；收盘承接偏弱；近5日趋势未确认；人气排名明显回落；弱市先收缩执行；后段人气股在偏弱环境里更谨慎；市场健康度不足，收缩推送；市场健康度偏弱,v3
2026-04-28,603778,国晟科技,75,不推送,0.0,53,-1.07,8.31,9.42,-61.22,16.58,10.45,6.81,11.64,7.96,-13.65,10.8,16.58,16.58,持续霸榜,当日转弱；收盘承接偏弱；近5日趋势未确认；仍在20日线下方；热度可能进入后段；人气排名明显回落；v3尾盘版回避高位长连榜,v3
2026-06-08,600707,彩虹股份,93,不推送,17.08,27,1.29,6.36,7.82,-14.26,16.58,-9.45,-10.65,-10.6,-11.79,16.58,7.82,7.82,16.58,温和放量；近5日趋势升温；站上20日线且不过热；连续上榜确认,当日转弱；人气排名明显回落；弱市先收缩执行；后段人气股在偏弱环境里更谨慎,v3
2026-06-02,000021,深科技,46,不推送,8.1,31,-0.13,2.42,6.43,16.57,16.57,1.96,0.38,2.1,0.51,9.66,7.93,7.93,11.19,人气Top50；收盘承接较强；站上20日线且不过热；持续霸榜,近5日趋势未确认；热度可能进入后段；强势市里个股相对走弱；市场健康度不足，收缩推送；v3尾盘版回避高位长连榜,v3
2026-04-17,002015,协鑫能科,52,不推送,24.0,60,0.05,3.4,5.67,-26.77,16.57,7.23,5.29,7.17,5.23,5.4,7.66,16.57,16.57,温和放量；近5日趋势升温；站上20日线且不过热；连续上榜确认,收盘承接偏弱；上影线偏长,v3
2026-04-28,603516,淳中科技,44,不推送,16.0,16,1.18,10.0,10.0,-15.85,16.56,-6.74,-0.74,-7.82,-1.9,-18.23,16.56,16.56,16.56,人气Top50；温和放量；站上20日线且不过热,当日转弱；近5日趋势未确认,v3
2026-06-05,002709,天赐材料,95,不推送,0.0,28,-2.16,-3.4,0.82,-24.61,16.56,-3.42,2.22,-1.28,4.48,15.16,0.82,4.22,16.56,温和放量；连续上榜确认,当日转弱；收盘承接偏弱；近5日趋势未确认；仍在20日线下方；人气排名明显回落；弱市先收缩执行；后段人气股在偏弱环境里更谨慎；市场健康度不足，收缩推送；市场健康度偏弱,v3
2026-06-17,600869,远东股份,49,不推送,0.0,20,0.51,-0.73,2.18,-42.73,16.56,9.01,12.72,8.45,12.15,-10.34,16.32,16.56,16.56,人气Top50；站上20日线且不过热；持续霸榜,当日转弱；收盘承接偏弱；热度可能进入后段；强势市里个股相对走弱；v3尾盘版回避高位长连榜,v3
2026-05-07,600379,宝光股份,23,不推送,0.0,49,-1.4,-6.17,-1.4,-31.37,16.55,-3.7,6.12,-2.33,7.63,-25.48,7.58,16.55,16.55,人气Top50；近5日强势延续；连续上榜确认；市场强势且个股相对强势,当日转弱；收盘承接偏弱；短线涨幅偏高；偏离20日线较大；v3尾盘版回避放量过猛,v3
2026-04-27,600152,维科技术,84,普通观察,68.0,54,2.03,10.03,10.03,-46.14,16.55,4.14,5.96,2.06,3.85,-6.73,10.03,10.03,16.55,当日涨停附近；收在日内高位；温和放量；站上20日线且不过热；连续上榜确认,-,v3
2026-05-08,600589,大位科技,38,观察池,97.6,48,4.64,4.08,7.75,-41.65,16.55,8.39,2.72,3.59,-1.83,2.96,10.23,16.55,16.55,人气Top50；当日涨停附近；收在日内高位；放量仍可控；近5日强势延续；站上20日线且不过热；人气排名明显上升；市场强势且个股相对强势；v2强势延续修正；v2低分涨停修正；v3热点早段优先,短线涨幅偏高；涨停封板不可买,v3
2026-06-22,002938,鹏鼎控股,50,不推送,0.0,18,9.52,6.49,10.51,2.69,16.55,13.7,0.61,3.81,-8.14,-5.08,16.55,16.55,16.55,人气Top50；温和放量,当日转弱；收盘承接偏弱；近5日趋势未确认；仍在20日线下方；强势市里个股相对走弱,v3
2026-05-15,600522,中天科技,12,不推送,0.0,43,3.0,8.04,9.83,-8.09,16.52,11.63,7.72,8.38,4.58,3.71,16.52,16.52,16.52,人气Top20；温和放量；站上20日线且不过热；持续霸榜,当日转弱；收盘承接偏弱；近5日趋势未确认；热度可能进入后段；震荡市里相对走弱；市场健康度不足，收缩推送；v3尾盘版回避高位长连榜,v3
2026-05-21,600360,华微电子,43,观察池,38.3,39,-2.41,-1.24,0.0,6.89,16.51,-12.37,1.74,-10.2,4.25,13.61,0.0,1.74,16.51,人气Top50；当日涨停附近；收在日内高位；站上20日线且不过热；弱市中个股相对抗跌,放量过猛；v3尾盘版回避放量过猛；涨停封板不可买,v3
2026-04-16,601138,工业富联,29,不推送,40.0,61,0.47,2.78,3.17,6.24,16.49,3.52,14.5,3.04,13.96,6.0,6.76,16.49,16.49,人气Top50；温和放量；近5日趋势升温；站上20日线且不过热；持续霸榜,热度可能进入后段；v3尾盘版回避高位长连榜,v3
2026-07-15,600488,津药药业,57,不推送,0.0,1,9.67,2.22,16.48,2.22,16.48,,,,,,,,,近5日趋势升温；站上20日线且不过热；连续上榜确认；震荡市里保持相对强势,当日转弱；收盘承接偏弱；量能不足；后段人气股在偏弱环境里更谨慎,v3
2026-06-18,603335,迪生力,95,不推送,16.6,10,-0.12,-0.61,9.09,4.97,16.48,0.24,9.58,0.36,9.71,4.97,9.33,15.88,16.48,温和放量；近5日趋势升温；站上20日线且不过热；市场强势且个股相对强势,当日转弱；收盘承接偏弱,v3
2026-05-15,300308,中际旭创,62,不推送,11.73,43,-0.86,0.58,3.46,7.12,16.46,-0.19,-0.1,0.68,0.77,11.76,3.46,3.46,16.46,温和放量；近5日趋势升温；站上20日线且不过热；持续霸榜；震荡市里保持相对强势,当日转弱；收盘承接偏弱；热度可能进入后段；后段人气股在偏弱环境里更谨慎；v3尾盘版回避高位长连榜,v3
2026-04-20,600707,彩虹股份,50,重点观察,88.0,59,1.28,-1.4,4.2,16.45,16.45,-0.47,3.62,-1.73,2.3,5.48,7.0,7.0,7.0,人气Top50；当日涨停附近；收在日内高位；近5日趋势升温；连续上榜确认；v2低分涨停修正；v3尾盘涨停延续；v3尾盘缩量强承接,偏离20日线较大；人气排名明显回落,v3
2026-04-27,600821,金开新能,72,不推送,0.0,54,-1.4,-2.68,1.4,-31.51,16.45,-8.98,3.27,-7.69,4.73,4.55,3.62,4.32,16.45,持续霸榜,当日转弱；近5日趋势未确认；热度可能进入后段；人气排名明显回落；v3尾盘版回避高位长连榜,v3
2026-05-28,002957,科瑞技术,62,观察池,56.6,34,8.51,-0.27,9.31,-34.72,16.45,7.23,3.94,-1.18,-4.21,-16.69,9.31,16.45,16.45,当日涨停附近；收在日内高位；温和放量；市场强势且个股相对强势；v3尾盘缩量强承接,短线涨幅过热；偏离20日线较大；涨停封板不可买,v3
2026-06-29,002202,金风科技,60,不推送,0.0,13,6.37,11.06,11.06,-13.62,16.45,9.25,11.11,2.71,4.46,-5.81,16.45,16.45,16.45,温和放量；连续上榜确认,当日转弱；收盘承接偏弱；近5日趋势未确认；人气排名明显回落；震荡市里相对走弱；后段人气股在偏弱环境里更谨慎；市场健康度不足，收缩推送,v3
2026-06-03,300433,蓝思科技,23,不推送,59.45,30,-0.91,-1.8,1.68,-12.91,16.42,-4.07,-5.28,-3.19,-4.41,15.42,7.64,7.64,16.42,人气Top50；当日上涨；温和放量；近5日趋势升温；站上20日线且不过热；人气排名明显上升；震荡市里保持相对强势；v3热点早段优先,v3尾盘承接一般,v3
2026-06-04,000021,深科技,40,不推送,33.17,29,-3.05,-4.44,-1.49,9.25,16.41,-5.92,-1.49,-2.96,1.61,11.02,-1.49,-0.48,16.41,人气Top50；当日上涨；收盘承接较强；站上20日线且不过热；持续霸榜；震荡市里保持相对强势；震荡市里承接未失控,近5日趋势未确认；热度可能进入后段；v3尾盘版回避高位长连榜,v3
2026-04-22,600110,诺德股份,7,不推送,58.0,57,2.43,-10.0,2.91,6.21,16.41,1.75,6.7,-0.66,4.17,6.31,2.91,7.86,16.41,人气Top10；当日上涨；温和放量；站上20日线且不过热；人气排名明显上升,-,v3
2026-05-25,000021,深科技,23,不推送,66.6,37,2.66,5.77,11.69,7.78,16.41,5.52,-9.95,2.79,-12.28,-12.58,16.41,16.41,16.41,人气Top50；当日上涨；收盘承接较强；温和放量；近5日趋势升温；站上20日线且不过热；持续霸榜；人气排名明显上升；市场强势且个股相对强势,热度可能进入后段；v3尾盘版回避高位长连榜,v3
2026-04-17,600498,烽火通信,63,不推送,4.0,60,2.7,7.51,9.36,-10.7,16.4,14.19,6.07,11.19,3.28,-1.38,15.43,16.4,16.4,站上20日线且不过热,近5日趋势未确认,v3
2026-06-01,002354,天娱数科,94,不推送,0.0,32,-1.71,-12.07,-1.57,4.46,16.4,-20.6,-3.81,-19.23,-2.14,-1.57,-1.57,-1.57,16.4,温和放量；近5日趋势升温；站上20日线且不过热,当日转弱；收盘承接偏弱；人气排名明显回落；弱市先收缩执行；后段人气股在偏弱环境里更谨慎,v3
2026-06-29,603019,中科曙光,59,不推送,17.73,13,0.96,10.46,10.46,0.6,16.4,-2.6,-2.6,-3.52,-3.52,9.32,12.9,12.9,16.4,温和放量；近5日趋势升温；站上20日线且不过热；连续上榜确认；震荡市里保持相对强势,当日转弱；收盘承接偏弱；人气排名明显回落；后段人气股在偏弱环境里更谨慎,v3
2026-06-05,002354,天娱数科,61,不推送,1.08,28,-6.82,-3.81,-3.81,4.46,16.4,16.4,-1.31,24.93,5.92,11.55,16.4,16.4,16.4,温和放量；近5日趋势升温；站上20日线且不过热,当日转弱；收盘承接偏弱；弱市先收缩执行；后段人气股在偏弱环境里更谨慎,v3
2026-06-11,600063,皖维高新,92,不推送,0.0,24,2.71,-4.39,4.52,-28.65,16.39,6.45,9.16,3.64,6.28,1.42,8.9,16.39,16.39,温和放量；站上20日线且不过热,当日转弱；收盘承接偏弱；弱市先收缩执行；后段人气股在偏弱环境里更谨慎,v3
2026-05-21,002931,锋龙股份,48,观察池,68.3,39,1.6,9.99,9.99,-15.97,16.39,10.93,-4.55,9.18,-6.05,-3.71,16.39,16.39,16.39,人气Top50；当日涨停附近；收在日内高位；放量仍可控；近5日趋势升温；弱市中个股相对抗跌,涨停封板不可买,v3
2026-05-12,600522,中天科技,4,不推送,24.6,46,4.44,7.05,7.88,-8.2,16.38,0.64,9.38,-3.64,4.72,-0.61,12.84,12.84,16.38,人气Top10；近5日趋势升温；站上20日线且不过热；持续霸榜；市场强势且个股相对强势,当日转弱；收盘承接偏弱；热度可能进入后段；v3尾盘版回避高位长连榜,v3
2026-04-15,000988,华工科技,9,不推送,32.0,62,-2.14,0.02,1.34,16.38,16.38,2.39,7.7,4.62,10.05,6.0,5.25,8.04,9.97,人气Top10；温和放量；站上20日线且不过热；连续上榜确认,当日转弱；收盘承接偏弱,v3
2026-05-26,600330,天通股份,79,不推送,0.0,36,-4.45,4.31,6.12,-28.61,16.38,9.39,6.95,14.48,11.93,-1.54,16.38,16.38,16.38,温和放量；站上20日线且不过热；连续上榜确认,当日转弱；收盘承接偏弱；震荡市里相对走弱；后段人气股在偏弱环境里更谨慎,v3
2026-05-13,600522,中天科技,19,不推送,16.6,45,9.26,8.27,12.84,-8.2,16.38,7.91,11.49,-1.24,2.04,-4.12,12.84,16.38,16.38,人气Top20；近5日趋势升温；站上20日线且不过热；持续霸榜；市场强势且个股相对强势,当日转弱；收盘承接偏弱；热度可能进入后段；v3尾盘版回避高位长连榜,v3
2026-05-15,600330,天通股份,43,不推送,13.45,43,-3.07,0.53,2.84,-28.61,16.38,-4.04,-2.21,-1.0,0.9,9.39,2.84,2.84,16.38,人气Top50；温和放量；站上20日线且不过热；持续霸榜；人气排名明显上升；震荡市里保持相对强势,当日转弱；收盘承接偏弱；热度可能进入后段；v3尾盘版回避高位长连榜,v3
2026-05-14,600522,中天科技,8,不推送,12.5,44,8.96,0.64,10.24,-8.2,16.38,9.38,2.87,0.38,-5.59,-0.52,10.24,16.38,16.38,人气Top10；近5日趋势升温；站上20日线且不过热；持续霸榜；人气排名明显上升,当日转弱；收盘承接偏弱；热度可能进入后段；弱市先收缩执行；弱市里的长连榜样本优先降权；v3尾盘版回避高位长连榜,v3
2026-05-11,600522,中天科技,1,不推送,44.6,47,8.03,8.22,13.38,-8.2,16.38,8.27,7.91,0.23,-0.11,5.3,13.38,13.38,16.38,人气Top3；近5日趋势升温；站上20日线且不过热；连续上榜确认；人气排名明显上升；市场强势且个股相对强势,当日转弱；收盘承接偏弱,v3
2026-06-23,001696,宗申动力,73,不推送,0.0,17,0.36,5.79,8.05,-24.14,16.37,7.5,-5.92,7.12,-6.26,-16.18,16.37,16.37,16.37,温和放量；站上20日线且不过热；人气排名明显上升,当日转弱；收盘承接偏弱；近5日趋势未确认；弱市先收缩执行；后段人气股在偏弱环境里更谨慎；市场健康度不足，收缩推送；市场健康度偏弱,v3
2026-05-21,000100,TCL科技,27,不推送,0.0,39,-2.8,0.23,1.87,16.36,16.36,6.54,5.14,9.62,8.17,12.85,8.41,13.08,15.42,人气Top50；当日上涨；站上20日线且不过热,收盘承接偏弱；放量过猛；弱市先收缩执行；v3尾盘版回避放量过猛,v3
2026-04-16,000988,华工科技,45,不推送,16.0,61,0.61,3.88,4.68,16.36,16.36,3.53,4.75,2.9,4.12,6.42,5.24,9.95,9.95,人气Top50；收盘承接较强；站上20日线且不过热；持续霸榜,近5日趋势未确认；热度可能进入后段；人气排名明显回落；v3尾盘版回避高位长连榜,v3
2026-04-20,600118,中国卫星,11,强推观察,116.0,59,3.68,6.01,6.43,-26.83,16.36,7.91,5.27,4.08,1.53,13.52,11.09,11.09,16.36,人气Top20；当日涨停附近；收在日内高位；温和放量；近5日趋势升温；站上20日线且不过热；首次上榜即强势；v2强势延续修正；v2低分涨停修正；v3热点早段优先,-,v3
2026-06-26,002409,雅克科技,77,不推送,0.0,14,-5.99,-2.05,-2.05,-26.35,16.35,11.46,-5.81,18.56,0.19,-2.19,16.35,16.35,16.35,温和放量；近5日强势延续；连续上榜确认,收盘承接偏弱；短线涨幅偏高；远离20日线过多；人气排名明显回落；上影线偏长；弱市先收缩执行；后段人气股在偏弱环境里更谨慎,v3
2026-06-22,002409,雅克科技,85,不推送,0.0,18,-24.45,-25.73,-20.78,-26.35,16.35,-14.53,-2.05,13.12,29.64,-11.97,-11.95,-2.05,16.35,温和放量；人气排名明显上升；市场强势且个股相对强势,收盘承接偏弱；短线涨幅过热；远离20日线过多；上影线偏长,v3
2026-06-02,600183,生益科技,41,不推送,42.6,31,-12.93,-10.84,-6.77,-6.58,16.34,-12.7,-6.27,0.26,7.64,14.02,-6.57,-6.27,16.34,人气Top50；当日强涨；收在日内高位；近5日趋势升温；持续霸榜；市场强势且个股相对强势,远离20日线过多；热度可能进入后段；v3尾盘版回避高位长连榜,v3
2026-06-12,002378,章源钨业,21,不推送,69.45,23,-1.03,6.61,7.98,-29.74,16.33,-0.6,15.53,0.43,16.73,-2.77,13.7,16.33,16.33,人气Top50；当日上涨；放量仍可控；近5日趋势升温；站上20日线且不过热；连续上榜确认；人气排名明显上升；震荡市里保持相对强势；v2连榜升温修正；v3热点早段优先,v3尾盘承接一般,v3
2026-06-24,000636,风华高科,26,不推送,18.6,16,1.22,10.26,10.26,-28.31,16.33,11.16,3.02,9.82,1.78,-15.97,16.33,16.33,16.33,人气Top50；站上20日线且不过热；持续霸榜；市场强势且个股相对强势,热度可能进入后段；v3尾盘版回避高位长连榜,v3
2026-06-05,605358,立昂微,68,不推送,35.08,28,-5.77,-3.21,3.45,-26.71,16.33,10.21,-0.88,16.96,5.19,3.03,13.5,16.33,16.33,当日上涨；温和放量；近5日趋势升温；站上20日线且不过热；连续上榜确认,人气排名明显回落；弱市先收缩执行；后段人气股在偏弱环境里更谨慎,v3
2026-06-29,601991,大唐发电,24,不推送,0.0,13,-1.13,0.43,2.98,-19.29,16.31,3.97,4.82,5.16,6.03,-15.18,16.31,16.31,16.31,人气Top50；持续霸榜,当日转弱；收盘承接偏弱；近5日趋势未确认；仍在20日线下方；热度可能进入后段；震荡市里相对走弱；市场健康度不足，收缩推送；v3尾盘版回避高位长连榜,v3
2026-06-23,002156,通富微电,54,不推送,0.0,17,1.11,9.36,9.64,11.28,16.31,4.91,11.16,3.75,9.94,-0.06,16.31,16.31,16.31,温和放量；近5日趋势升温；站上20日线且不过热；持续霸榜,当日转弱；收盘承接偏弱；热度可能进入后段；弱市先收缩执行；后段人气股在偏弱环境里更谨慎；弱市里的长连榜样本优先降权；v3尾盘版回避高位长连榜,v3
2026-06-08,603859,能科科技,42,观察池,74.3,27,2.27,6.18,7.6,-19.55,16.3,4.05,3.85,1.75,1.55,-0.44,16.3,16.3,16.3,人气Top50；当日涨停附近；收在日内高位；近5日趋势升温；站上20日线且不过热；弱市中个股相对抗跌；v2低分涨停修正；v3热点早段优先,v3尾盘版回避放量过猛；涨停封板不可买,v3
2026-07-01,600641,先导基电,64,观察池,75.45,11,10.01,10.01,10.01,-18.52,16.28,-0.94,-5.18,-9.95,-13.81,-9.46,16.28,16.28,16.28,当日涨停附近；收在日内高位；温和放量；近5日趋势升温；人气排名明显上升；震荡市里保持相对强势；震荡市里承接未失控；v2低分涨停修正,偏离20日线较大；后段人气股在偏弱环境里更谨慎；涨停封板不可买,v3
2026-07-07,600172,黄河旋风,71,不推送,0.0,7,8.16,3.29,15.09,-24.37,16.27,-0.18,-10.57,-7.71,-17.32,,16.27,16.27,,温和放量；站上20日线且不过热；持续霸榜,当日转弱；收盘承接偏弱；热度可能进入后段；弱市先收缩执行；后段人气股在偏弱环境里更谨慎；弱市里的长连榜样本优先降权；v3尾盘版回避高位长连榜,v3
2026-04-15,603601,再升科技,37,不推送,16.0,62,-0.07,4.96,9.64,-37.64,16.27,8.73,10.47,8.81,10.55,6.08,11.38,16.27,16.27,人气Top50；温和放量；站上20日线且不过热；人气排名明显上升,收盘承接偏弱；上影线偏长,v3
2026-05-28,600011,华能国际,90,不推送,36.6,34,-4.6,5.22,5.22,-16.15,16.27,7.95,3.73,13.15,8.72,-3.48,16.27,16.27,16.27,当日上涨；放量仍可控；近5日趋势升温；站上20日线且不过热；市场强势且个股相对强势,v3尾盘承接一般,v3
2026-07-08,600172,黄河旋风,71,不推送,0.0,6,1.88,9.81,12.98,-24.37,16.27,-10.16,-17.38,-11.82,-18.9,,16.27,16.27,,温和放量；站上20日线且不过热；持续霸榜,当日转弱；收盘承接偏弱；热度可能进入后段；弱市先收缩执行；后段人气股在偏弱环境里更谨慎；弱市里的长连榜样本优先降权；v3尾盘版回避高位长连榜,v3
2026-06-15,300059,东方财富,56,不推送,40.6,22,-0.64,1.59,3.4,5.31,16.26,-1.17,11.05,-0.53,11.76,8.29,3.4,16.26,16.26,当日上涨；放量仍可控；近5日趋势升温；连续上榜确认；人气排名明显上升；市场强势且个股相对强势,v3尾盘承接一般,v3
2026-05-07,300136,信维通信,45,不推送,64.6,49,-0.64,-0.3,1.51,-22.19,16.26,7.53,0.85,8.22,1.5,7.78,16.26,16.26,16.26,人气Top50；当日上涨；温和放量；近5日趋势升温；连续上榜确认；人气排名明显上升；市场强势且个股相对强势；v2连榜升温修正,偏离20日线较大,v3
2026-05-08,600522,中天科技,21,普通观察,86.6,48,10.33,7.58,10.35,-8.29,16.26,6.94,0.54,-3.07,-8.87,7.48,13.27,13.27,16.26,人气Top50；当日上涨；收盘承接较强；温和放量；近5日趋势升温；站上20日线且不过热；连续上榜确认；市场强势且个股相对强势；v2连榜升温修正；v3热点早段优先,-,v3
2026-04-30,600118,中国卫星,56,不推送,36.0,51,-0.78,4.18,6.98,-32.72,16.25,11.07,8.62,11.94,9.47,-15.15,14.79,16.25,16.25,当日上涨；收盘承接较强；温和放量；站上20日线且不过热,人气排名明显回落,v3
2026-04-20,000977,浪潮信息,52,不推送,44.0,59,-2.94,-2.45,-1.27,16.25,16.25,0.92,0.0,3.97,3.03,0.11,3.12,3.87,3.87,当日强涨；放量仍可控；近5日趋势升温；站上20日线且不过热；人气排名明显上升,v3尾盘半板但封单不强,v3
2026-06-24,000783,长江证券,80,不推送,0.6,16,1.08,9.97,9.97,-5.63,16.25,2.38,14.19,1.29,12.97,-3.68,10.29,16.25,16.25,近5日趋势升温；站上20日线且不过热；连续上榜确认；市场强势且个股相对强势,当日转弱；收盘承接偏弱；人气排名明显回落；v3尾盘版回避放量过猛,v3
2026-04-23,002475,立讯精密,58,不推送,10.0,56,-0.38,-2.61,0.04,-9.13,16.25,3.11,-1.14,3.51,-0.76,13.9,7.13,7.13,16.25,温和放量；近5日趋势升温；站上20日线且不过热；持续霸榜,当日转弱；收盘承接偏弱；热度可能进入后段；v3尾盘版回避高位长连榜,v3
2026-06-24,002549,凯美特气,40,不推送,66.6,16,-1.54,1.54,3.43,-27.27,16.25,7.07,14.45,8.75,16.24,-16.61,7.07,16.25,16.25,人气Top50；当日上涨；放量仍可控；近5日趋势升温；站上20日线且不过热；连续上榜确认；人气排名明显上升；市场强势且个股相对强势；v3热点早段优先,-,v3
2026-07-14,000636,风华高科,19,不推送,0.0,2,16.06,6.47,16.23,1.0,16.23,,,,,,,,,人气Top20；温和放量；持续霸榜,当日转弱；收盘承接偏弱；近5日趋势未确认；仍在20日线下方；热度可能进入后段；强势市里个股相对走弱；市场健康度不足，收缩推送；v3尾盘版回避高位长连榜,v3
2026-06-02,600578,京能电力,38,不推送,8.1,31,-3.85,8.98,8.98,-35.82,16.22,-1.28,6.53,2.67,10.8,-4.78,16.22,16.22,16.22,人气Top50；收盘承接较强；站上20日线且不过热；持续霸榜,近5日趋势未确认；热度可能进入后段；强势市里个股相对走弱；市场健康度不足，收缩推送；v3尾盘版回避高位长连榜,v3
2026-04-27,600105,永鼎股份,49,不推送,4.0,54,0.16,-7.56,1.71,-8.22,16.2,-12.59,-2.06,-12.74,-2.22,11.25,1.71,1.71,16.2,人气Top50；温和放量；近5日趋势升温；持续霸榜,当日转弱；收盘承接偏弱；偏离20日线较大；热度可能进入后段；人气排名明显回落；v3尾盘版回避高位长连榜,v3
2026-06-23,600226,亨通股份,72,不推送,0.08,17,-1.36,10.56,10.56,-34.4,16.18,2.03,-7.07,3.44,-5.8,-16.57,16.18,16.18,16.18,温和放量；近5日强势延续；连续上榜确认,当日转弱；短线涨幅偏高；偏离20日线较大；人气排名明显回落；弱市先收缩执行；后段人气股在偏弱环境里更谨慎,v3
2026-04-30,002624,完美世界,42,不推送,0.0,51,1.97,4.87,7.3,-26.43,16.17,13.21,8.61,11.03,6.51,-1.84,13.21,16.17,16.17,人气Top50；温和放量,当日转弱；收盘承接偏弱；近5日趋势未确认；仍在20日线下方,v3
2026-04-21,002418,康盛股份,45,不推送,12.0,58,-2.61,9.95,9.95,-44.05,16.15,0.33,-7.18,3.02,-4.69,2.28,16.15,16.15,16.15,人气Top50；温和放量；站上20日线且不过热；连续上榜确认,当日转弱；收盘承接偏弱；人气排名明显回落,v3
2026-05-19,603938,三孚股份,89,观察池,64.45,41,4.24,9.97,9.97,-7.08,16.14,1.62,-10.29,-2.51,-13.94,-11.91,16.14,16.14,16.14,当日涨停附近；收在日内高位；温和放量；近5日强势延续；震荡市里保持相对强势；震荡市里承接未失控；v2低分涨停修正,短线涨幅偏高；偏离20日线较大；后段人气股在偏弱环境里更谨慎；涨停封板不可买,v3
2026-07-13,002156,通富微电,15,不推送,22.5,3,-1.97,6.77,6.77,4.14,16.14,4.14,,6.24,,,16.14,,,人气Top20；温和放量；近5日趋势升温；站上20日线且不过热；持续霸榜；人气排名明显上升,收盘承接偏弱；热度可能进入后段；上影线偏长；弱市先收缩执行；弱市里的长连榜样本优先降权；v3尾盘版回避高位长连榜,v3
2026-05-06,300058,蓝色光标,63,不推送,0.0,51,3.39,5.43,6.95,-22.72,16.12,9.17,6.37,5.59,2.88,8.59,16.12,16.12,16.12,站上20日线且不过热,当日转弱；收盘承接偏弱；近5日趋势未确认；人气排名明显回落,v3
2026-05-28,002585,双星新材,84,不推送,55.6,34,-4.82,-11.89,-1.21,-24.2,16.11,-3.36,1.64,1.54,6.79,6.98,-1.21,1.64,16.11,当日强涨；收盘承接较强；温和放量；近5日强势延续；连续上榜确认；市场强势且个股相对强势,短线涨幅偏高；偏离20日线较大,v3
2026-06-26,600183,生益科技,57,不推送,24.27,14,13.45,8.78,16.11,-6.58,16.11,4.74,2.19,-7.68,-9.93,-5.05,16.11,16.11,16.11,当日强涨；收在日内高位；持续霸榜；弱市中个股相对抗跌,近5日趋势未确认；热度可能进入后段；后段人气股在偏弱环境里更谨慎；弱市里的长连榜样本优先降权；v3尾盘版回避高位长连榜,v3
2026-05-29,603399,永杉锂业,67,不推送,0.0,33,-2.06,5.52,7.36,-23.69,16.11,-6.35,-3.68,-4.38,-1.65,13.99,7.36,7.36,16.11,当日上涨；放量仍可控,近5日趋势未确认；仍在20日线下方；人气排名明显回落；弱市先收缩执行；后段人气股在偏弱环境里更谨慎；v3尾盘承接一般,v3
2026-04-20,002361,神剑股份,2,强推观察,118.0,59,4.07,9.99,9.99,-50.07,16.09,11.44,4.99,7.08,0.88,4.7,16.09,16.09,16.09,人气Top3；当日涨停附近；收在日内高位；温和放量；近5日趋势升温；持续霸榜；v2强势延续修正；v2低分涨停修正；v3尾盘涨停延续,偏离20日线较大；热度可能进入后段；v3尾盘版回避高位长连榜,v3
2026-05-22,000100,TCL科技,68,不推送,26.6,38,-1.61,-0.23,1.38,14.22,16.06,5.28,-3.9,6.99,-2.33,10.09,11.01,11.01,16.06,放量仍可控；近5日趋势升温；站上20日线且不过热；连续上榜确认；市场强势且个股相对强势,当日转弱；人气排名明显回落,v3
2026-04-29,601869,长飞光纤,1,不推送,28.0,52,-3.08,-4.49,-1.49,8.43,16.05,5.04,8.04,8.38,11.48,7.82,5.8,9.31,16.05,人气Top3；站上20日线且不过热；人气排名明显上升,当日转弱；近5日趋势未确认,v3
2026-05-27,300058,蓝色光标,100,不推送,0.0,35,-0.38,2.47,3.68,-16.05,16.05,13.9,4.95,14.33,5.35,-6.47,16.05,16.05,16.05,温和放量；连续上榜确认,当日转弱；收盘承接偏弱；近5日趋势未确认；仍在20日线下方；震荡市里相对走弱；后段人气股在偏弱环境里更谨慎；市场健康度不足，收缩推送,v3
2026-07-01,002156,通富微电,32,不推送,0.0,11,-4.11,-7.71,-2.33,4.04,16.03,-9.34,-10.12,-5.46,-6.27,7.82,-2.33,-2.33,16.03,人气Top50；站上20日线且不过热；持续霸榜,当日转弱；收盘承接偏弱；近5日趋势未确认；热度可能进入后段；震荡市里相对走弱；市场健康度不足，收缩推送；v3尾盘版回避高位长连榜,v3
2026-04-14,601869,长飞光纤,60,不推送,4.0,63,-1.2,-1.62,2.0,10.22,16.02,0.38,4.69,1.6,5.96,2.47,2.35,10.28,16.02,温和放量；站上20日线且不过热；连续上榜确认,当日转弱；收盘承接偏弱；人气排名明显回落,v3
2026-04-29,002310,东方新能,61,不推送,38.0,52,0.94,-4.08,3.13,-29.47,15.99,2.19,-1.88,1.24,-2.8,-5.02,6.27,6.27,15.99,当日上涨；温和放量；近5日趋势升温；站上20日线且不过热,v3尾盘承接一般,v3
2026-05-12,600589,大位科技,86,不推送,34.6,46,-1.03,7.88,9.71,-41.93,15.99,2.23,4.06,3.3,5.14,-7.48,15.99,15.99,15.99,温和放量；近5日趋势升温；站上20日线且不过热；连续上榜确认；市场强势且个股相对强势；v2热点回踩观察,当日转弱；收盘承接偏弱；人气排名明显回落,v3
2026-04-28,002176,江特电机,39,不推送,60.0,53,-5.88,9.98,9.98,-45.25,15.99,7.31,3.55,14.02,10.02,-8.07,15.99,15.99,15.99,人气Top50；温和放量；近5日趋势升温；站上20日线且不过热；连续上榜确认；v2连榜升温修正；v3热点早段优先,v3尾盘承接一般,v3
2026-06-30,601991,大唐发电,16,不推送,12.55,12,-0.85,10.18,10.18,-19.52,15.98,8.49,-0.99,9.42,-0.14,-16.83,15.98,15.98,15.98,人气Top20；温和放量；持续霸榜,近5日趋势未确认；仍在20日线下方；热度可能进入后段；强势市里个股相对走弱；v3尾盘版回避高位长连榜,v3
2026-07-14,000725,京东方A,2,不推送,0.0,2,15.97,6.16,15.97,0.67,15.97,,,,,,,,,人气Top3；持续霸榜,当日转弱；收盘承接偏弱；近5日趋势未确认；仍在20日线下方；热度可能进入后段；强势市里个股相对走弱；市场健康度不足，收缩推送；Top3高热度拥挤，次日兑现风险；v3尾盘版回避高位长连榜,v3
2026-05-11,688008,澜起科技,8,观察池,36.6,47,-2.8,-2.86,-0.83,-14.79,15.96,6.98,0.08,10.06,2.96,14.65,13.81,13.81,15.96,人气Top10；当日涨停附近；收盘承接较强；人气排名明显上升；市场强势且个股相对强势,量能不足；短线涨幅过热；远离20日线过多；涨停封板不可买,v3
2026-07-06,002202,金风科技,36,不推送,0.0,8,15.12,8.56,15.95,-9.05,15.95,-0.54,-0.83,-13.6,-13.85,,15.95,15.95,,人气Top50；持续霸榜；人气排名明显上升,当日转弱；收盘承接偏弱；近5日趋势未确认；仍在20日线下方；热度可能进入后段；震荡市里相对走弱；市场健康度不足，收缩推送；市场健康度偏弱；v3尾盘版回避高位长连榜,v3
2026-05-29,600759,ST洲际,69,不推送,0.28,33,5.07,5.07,5.07,-9.42,15.94,8.33,4.35,3.1,-0.69,-10.87,15.94,15.94,15.94,当日上涨；收在日内高位；持续霸榜；弱市中个股相对抗跌,量能不足；仍在20日线下方；热度可能进入后段；人气排名明显回落；后段人气股在偏弱环境里更谨慎；弱市里的长连榜样本优先降权；v3尾盘版回避高位长连榜,v3
2026-06-10,600487,亨通光电,5,不推送,30.5,25,-2.69,-5.2,0.0,-39.8,15.93,-8.09,2.78,-5.55,5.63,13.92,0.0,3.17,15.93,人气Top10；温和放量；近5日趋势升温；持续霸榜,偏离20日线较大；热度可能进入后段；弱市先收缩执行；弱市里的长连榜样本优先降权；v3尾盘版回避高位长连榜；v3尾盘承接一般,v3
2026-06-24,002354,天娱数科,10,观察池,98.6,16,-4.82,-9.98,-3.92,-10.76,15.92,2.13,5.38,7.3,10.72,-10.09,8.52,10.65,15.92,人气Top10；当日涨停附近；收在日内高位；近5日趋势升温；站上20日线且不过热；持续霸榜；人气排名明显上升；市场强势且个股相对强势；v2低分涨停修正；v3尾盘涨停延续,量能不足；热度可能进入后段；v3尾盘版回避高位长连榜；涨停封板不可买,v3
2026-05-21,300274,阳光电源,76,不推送,5.08,39,1.58,-0.53,3.97,-36.0,15.92,8.23,14.94,6.54,13.15,-0.62,9.91,15.92,15.92,温和放量；近5日趋势升温；站上20日线且不过热；连续上榜确认,当日转弱；收盘承接偏弱；人气排名明显回落；弱市先收缩执行；后段人气股在偏弱环境里更谨慎,v3
2026-06-17,002281,光迅科技,41,不推送,66.6,20,0.54,10.6,10.6,-12.54,15.92,10.89,8.63,10.29,8.05,-9.35,15.92,15.92,15.92,人气Top50；当日上涨；收盘承接较强；温和放量；近5日趋势升温；站上20日线且不过热；持续霸榜；人气排名明显上升；市场强势且个股相对强势,热度可能进入后段；v3尾盘版回避高位长连榜,v3
2026-06-18,600162,香江控股,73,观察池,78.6,19,3.35,10.06,10.06,-22.35,15.92,4.19,-11.73,0.81,-14.59,-30.17,15.92,15.92,15.92,当日涨停附近；收在日内高位；近5日趋势升温；站上20日线且不过热；市场强势且个股相对强势；v2低分涨停修正；v3尾盘缩量强承接,涨停封板不可买,v3
2026-05-21,000417,合百集团,79,不推送,0.0,39,5.26,9.99,9.99,-32.87,15.9,0.11,-18.26,-4.9,-22.35,-17.08,15.9,15.9,15.9,近5日趋势升温；连续上榜确认,当日转弱；收盘承接偏弱；放量过猛；偏离20日线较大；弱市先收缩执行；后段人气股在偏弱环境里更谨慎；v3尾盘版回避放量过猛,v3
2026-06-01,002463,沪电股份,40,不推送,0.0,32,0.66,6.34,7.14,10.98,15.9,14.31,11.21,13.56,10.48,8.58,15.9,15.9,15.9,人气Top50；温和放量；站上20日线且不过热；持续霸榜；人气排名明显上升,当日转弱；收盘承接偏弱；热度可能进入后段；弱市先收缩执行；弱市里的长连榜样本优先降权；v3尾盘版回避高位长连榜,v3
2026-05-26,002938,鹏鼎控股,54,不推送,15.72,36,8.78,4.5,11.76,2.69,15.89,3.61,10.46,-4.75,1.55,14.15,11.76,12.23,15.89,放量仍可控；近5日趋势升温；站上20日线且不过热；连续上榜确认；震荡市里保持相对强势,当日转弱；收盘承接偏弱；后段人气股在偏弱环境里更谨慎,v3
2026-05-28,600246,万通发展,92,观察池,82.6,34,3.93,-3.81,5.29,15.88,15.88,-7.08,12.25,-10.59,8.01,1.96,5.29,12.25,12.25,当日涨停附近；收在日内高位；温和放量；近5日趋势升温；站上20日线且不过热；市场强势且个股相对强势；v3尾盘缩量强承接,人气排名明显回落；涨停封板不可买,v3
2026-06-03,300197,节能铁汉,64,观察池,15.45,30,3.24,0.36,15.83,-35.61,15.83,8.63,-1.8,5.23,-4.88,-16.91,15.83,15.83,15.83,当日涨停附近；收在日内高位；震荡市里保持相对强势；震荡市里承接未失控,短线涨幅过热；远离20日线过多；后段人气股在偏弱环境里更谨慎；v3尾盘版回避放量过猛；涨停封板不可买,v3
2026-04-29,002192,融捷股份,52,重点观察,82.0,52,4.59,10.0,10.0,-32.53,15.82,5.85,2.8,1.2,-1.71,-8.27,15.82,15.82,15.82,当日涨停附近；收在日内高位；温和放量；近5日趋势升温；站上20日线且不过热；人气排名明显上升；v2低分涨停修正,-,v3
2026-06-05,002579,中京电子,15,不推送,0.5,28,-11.47,-11.47,-6.68,-27.95,15.79,-16.74,-20.53,-5.95,-10.23,11.26,-6.68,-6.68,15.79,人气Top20；近5日趋势升温；站上20日线且不过热；持续霸榜,当日转弱；收盘承接偏弱；热度可能进入后段；弱市先收缩执行；弱市里的长连榜样本优先降权；v3尾盘版回避高位长连榜,v3
2026-06-10,603601,再升科技,62,不推送,0.0,25,-0.87,0.29,3.84,-35.38,15.77,0.94,14.11,1.82,15.11,-11.29,4.49,14.11,15.77,持续霸榜,当日转弱；收盘承接偏弱；近5日趋势未确认；仍在20日线下方；热度可能进入后段；人气排名明显回落；弱市先收缩执行；后段人气股在偏弱环境里更谨慎；弱市里的长连榜样本优先降权；市场健康度不足，收缩推送；市场健康度偏弱；v3尾盘版回避高位长连榜,v3
2026-05-29,600745,*ST闻泰,39,不推送,35.0,33,4.98,4.98,4.98,-9.0,15.77,4.74,3.48,-0.23,-1.43,-16.01,15.77,15.77,15.77,人气Top50；当日上涨；收在日内高位；近5日强势延续；站上20日线且不过热；持续霸榜；弱市中个股相对抗跌,量能不足；短线涨幅偏高；热度可能进入后段；弱市里的长连榜样本优先降权；v3尾盘版回避高位长连榜,v3
2026-06-18,603002,宏昌电子,92,不推送,15.6,19,-0.21,9.41,9.41,-27.33,15.77,-0.93,10.63,-0.72,10.86,-5.61,11.56,15.77,15.77,温和放量；近5日强势延续；连续上榜确认；市场强势且个股相对强势,短线涨幅偏高；偏离20日线较大；人气排名明显回落；上影线偏长；v3尾盘承接一般,v3
2026-07-07,600176,中国巨石,23,不推送,34.0,7,12.0,2.99,13.06,-12.35,15.74,2.33,0.17,-8.63,-10.56,,15.74,15.74,,人气Top50；当日强涨；收盘承接较强；温和放量；持续霸榜；弱市中个股相对抗跌,近5日趋势未确认；仍在20日线下方；热度可能进入后段；弱市里的长连榜样本优先降权；v3尾盘版回避高位长连榜,v3
2026-07-08,600176,中国巨石,23,不推送,34.0,6,4.72,7.84,8.14,-12.35,15.74,-7.9,-2.63,-12.05,-7.02,,15.74,15.74,,人气Top50；当日强涨；收盘承接较强；温和放量；持续霸榜；弱市中个股相对抗跌,近5日趋势未确认；仍在20日线下方；热度可能进入后段；弱市里的长连榜样本优先降权；v3尾盘版回避高位长连榜,v3
2026-05-21,002428,云南锗业,82,不推送,0.0,39,2.76,3.94,4.95,-0.49,15.74,-0.85,7.21,-3.51,4.33,5.73,9.7,9.7,15.74,温和放量；站上20日线且不过热；持续霸榜,当日转弱；收盘承接偏弱；近5日趋势未确认；热度可能进入后段；弱市先收缩执行；后段人气股在偏弱环境里更谨慎；弱市里的长连榜样本优先降权；市场健康度不足，收缩推送；市场健康度偏弱；v3尾盘版回避高位长连榜,v3
2026-04-16,002342,巨力索具,9,不推送,36.0,61,-2.38,2.97,4.27,-56.51,15.72,15.72,2.38,18.54,4.87,6.97,15.72,15.72,15.72,人气Top10；温和放量；近5日趋势升温；持续霸榜,偏离20日线较大；热度可能进入后段；上影线偏长；v3尾盘版回避高位长连榜；v3尾盘承接一般,v3
2026-05-07,002181,粤传媒,13,不推送,43.6,49,-0.64,-1.98,1.71,-54.43,15.71,-0.37,-4.38,0.27,-3.76,-27.08,2.56,6.84,15.71,人气Top20；当日上涨；温和放量；近5日强势延续；连续上榜确认；市场强势且个股相对强势,短线涨幅偏高；偏离20日线较大；上影线偏长；v3尾盘承接一般,v3
2026-04-27,000592,平潭发展,64,不推送,0.0,54,-1.11,1.39,5.11,-46.15,15.69,-0.09,5.29,1.03,6.48,3.34,5.11,6.96,15.69,-,近5日趋势未确认；仍在20日线下方,v3
2026-05-26,000725,京东方A,1,观察池,82.97,36,-1.03,-2.41,3.97,4.31,15.69,-12.93,-6.72,-12.02,-5.75,11.38,3.97,3.97,15.69,人气Top3；当日涨停附近；收在日内高位；放量仍可控；近5日强势延续；连续上榜确认；震荡市里保持相对强势；震荡市里承接未失控,短线涨幅偏高；偏离20日线较大；Top3高热度拥挤，次日兑现风险；涨停封板不可买,v3
2026-04-30,002565,顺灏股份,91,不推送,24.0,51,-0.68,0.95,4.05,-49.11,15.67,8.52,4.89,9.26,5.61,-10.83,11.99,15.67,15.67,收盘承接较强；站上20日线且不过热；v3尾盘缩量强承接,近5日趋势未确认,v3
2026-06-22,601869,长飞光纤,28,观察池,118.6,18,7.0,10.0,10.0,-22.55,15.67,10.85,1.62,3.6,-5.03,-14.8,15.67,15.67,15.67,人气Top50；当日涨停附近；收在日内高位；近5日趋势升温；站上20日线且不过热；人气排名明显上升；市场强势且个股相对强势；v2强势延续修正；v2低分涨停修正；v3尾盘涨停延续；v3尾盘缩量强承接；v3热点早段优先,涨停封板不可买,v3
2026-04-21,002812,恩捷股份,86,不推送,62.0,58,-1.0,-1.45,2.56,-32.32,15.65,1.77,3.52,2.8,4.57,7.16,2.56,10.76,15.65,当日上涨；收在日内高位；温和放量；近5日趋势升温；站上20日线且不过热；人气排名明显上升,-,v3
2026-07-01,000063,中兴通讯,77,不推送,1.72,11,-2.42,-5.0,-2.37,7.58,15.65,-2.42,-0.83,0.0,1.63,6.11,0.86,0.86,15.65,温和放量；连续上榜确认；人气排名明显上升；震荡市里保持相对强势,收盘承接偏弱；近5日趋势未确认；上影线偏长；后段人气股在偏弱环境里更谨慎；v3尾盘承接一般,v3
2026-06-11,300657,弘信电子,52,不推送,0.0,24,1.61,6.35,6.58,-20.84,15.65,6.89,7.82,5.2,6.11,-2.36,11.66,15.65,15.65,人气排名明显上升,近5日趋势未确认；弱市先收缩执行；后段人气股在偏弱环境里更谨慎,v3
2026-04-28,601179,中国西电,74,不推送,16.0,53,-0.29,-0.29,0.99,-31.98,15.64,1.34,-0.06,1.63,0.23,-0.64,1.57,3.49,15.64,温和放量；站上20日线且不过热；持续霸榜,近5日趋势未确认；热度可能进入后段；v3尾盘版回避高位长连榜,v3
2026-04-10,000762,西藏矿业,80,普通观察,66.0,65,0.94,-0.65,4.43,-36.42,15.64,-0.41,8.74,-1.35,7.72,13.64,4.43,15.29,15.64,当日涨停附近；收在日内高位；放量仍可控；近5日趋势升温；站上20日线且不过热,-,v3
2026-06-02,002552,宝鼎科技,66,不推送,7.6,31,-4.04,-3.06,-0.57,-11.57,15.62,-4.94,5.88,-0.93,10.34,15.62,0.37,8.69,15.62,当日上涨；近5日强势延续；持续霸榜；人气排名明显上升；市场强势且个股相对强势,短线涨幅偏高；远离20日线过多；热度可能进入后段；v3尾盘版回避高位长连榜,v3
2026-05-13,600172,黄河旋风,8,观察池,97.6,45,1.18,-0.08,5.41,8.78,15.62,-6.76,-9.63,-7.85,-10.68,12.08,5.41,5.41,15.62,人气Top10；当日涨停附近；收在日内高位；放量仍可控；近5日强势延续；连续上榜确认；人气排名明显上升；市场强势且个股相对强势；v2连榜升温修正,短线涨幅偏高；偏离20日线较大；涨停封板不可买,v3
2026-06-18,000066,中国长城,60,不推送,36.6,19,-0.44,2.72,3.34,-9.17,15.62,5.61,3.22,6.09,3.69,-4.89,7.84,15.62,15.62,放量仍可控；近5日趋势升温；站上20日线且不过热；人气排名明显上升；市场强势且个股相对强势,-,v3
2026-06-11,601138,工业富联,16,不推送,0.0,24,4.08,1.46,4.54,-8.83,15.6,5.47,12.96,1.33,8.53,1.59,8.49,15.6,15.6,人气Top20；持续霸榜；人气排名明显上升,当日转弱；收盘承接偏弱；近5日趋势未确认；热度可能进入后段；弱市先收缩执行；弱市里的长连榜样本优先降权；市场健康度不足，收缩推送；市场健康度偏弱；v3尾盘版回避高位长连榜,v3
2026-04-17,601869,长飞光纤,23,不推送,4.0,60,2.28,5.22,9.86,9.8,15.58,12.6,0.62,10.09,-1.62,-1.32,14.23,15.58,15.58,人气Top50；站上20日线且不过热；持续霸榜；人气排名明显上升,当日转弱；近5日趋势未确认；热度可能进入后段；v3尾盘版回避高位长连榜,v3
2026-04-24,601179,中国西电,75,不推送,0.0,55,-1.39,-1.69,0.17,-32.02,15.57,-0.35,1.28,1.06,2.71,10.52,1.69,1.69,15.57,温和放量；站上20日线且不过热；持续霸榜,当日转弱；收盘承接偏弱；热度可能进入后段；v3尾盘版回避高位长连榜,v3
2026-04-29,002240,盛新锂能,56,不推送,56.0,52,1.15,9.99,9.99,-44.77,15.56,9.1,5.82,7.85,4.61,-5.82,15.56,15.56,15.56,当日强涨；收盘承接较强；温和放量；近5日趋势升温；站上20日线且不过热,人气排名明显回落,v3
2026-04-17,002990,盛视科技,20,普通观察,72.0,60,5.81,-4.02,5.89,7.46,15.53,-4.95,6.01,-10.17,0.19,14.45,5.89,6.01,15.53,人气Top20；当日涨停附近；收在日内高位；温和放量；连续上榜确认；人气排名明显上升；v3尾盘涨停延续,短线涨幅过热；远离20日线过多,v3
2026-06-15,600392,盛和资源,70,不推送,47.6,22,-11.85,-3.07,-3.07,-23.21,15.53,5.71,3.61,19.92,17.54,-0.6,5.71,15.53,15.53,当日上涨；温和放量；近5日强势延续；站上20日线且不过热；连续上榜确认；市场强势且个股相对强势,短线涨幅偏高,v3
2026-06-18,000657,中钨高新,63,观察池,49.6,19,4.44,9.77,9.77,-31.71,15.52,1.39,0.81,-2.92,-3.47,-9.22,15.52,15.52,15.52,当日涨停附近；收在日内高位；近5日强势延续；持续霸榜；市场强势且个股相对强势；v2低分涨停修正,短线涨幅偏高；偏离20日线较大；热度可能进入后段；v3尾盘版回避高位长连榜；涨停封板不可买,v3
2026-05-19,002617,露笑科技,18,不推送,73.45,41,-1.7,1.06,2.55,-32.52,15.52,-2.76,6.16,-1.08,8.0,-3.4,2.55,12.01,15.52,人气Top20；当日上涨；温和放量；近5日趋势升温；站上20日线且不过热；连续上榜确认；人气排名明显上升；震荡市里保持相对强势,-,v3
2026-06-26,002463,沪电股份,52,不推送,0.0,14,7.54,2.99,9.32,-0.18,15.51,5.88,-1.18,-1.54,-8.1,-5.49,15.51,15.51,15.51,温和放量；站上20日线且不过热；持续霸榜；人气排名明显上升,当日转弱；收盘承接偏弱；近5日趋势未确认；热度可能进入后段；弱市先收缩执行；后段人气股在偏弱环境里更谨慎；弱市里的长连榜样本优先降权；v3尾盘版回避高位长连榜,v3
2026-05-29,002156,通富微电,29,不推送,0.0,33,-1.14,-6.63,0.38,15.51,15.51,6.8,1.66,8.03,2.83,-12.97,6.8,10.27,10.27,人气Top50；站上20日线且不过热；持续霸榜,当日转弱；收盘承接偏弱；热度可能进入后段；弱市先收缩执行；弱市里的长连榜样本优先降权；v3尾盘版回避高位长连榜,v3
2026-05-08,601179,中国西电,96,不推送,0.0,48,-0.12,5.11,6.5,-32.06,15.51,10.45,-0.75,10.58,-0.64,-5.92,15.51,15.51,15.51,温和放量；站上20日线且不过热,当日转弱；收盘承接偏弱；强势市里个股相对走弱,v3
2026-06-18,600498,烽火通信,41,不推送,0.0,19,4.17,8.87,9.24,-41.91,15.5,8.48,0.5,4.13,-3.52,-18.39,15.5,15.5,15.5,人气Top50；近5日趋势升温；持续霸榜；市场强势且个股相对强势,当日转弱；收盘承接偏弱；偏离20日线较大；热度可能进入后段；v3尾盘版回避高位长连榜,v3
2026-05-29,601991,大唐发电,5,普通观察,82.0,33,0.47,-2.56,1.28,-33.76,15.48,5.94,-7.68,5.45,-8.11,-5.82,15.48,15.48,15.48,人气Top10；当日强涨；收盘承接较强；温和放量；近5日趋势升温；站上20日线且不过热；持续霸榜；弱市中个股相对抗跌,热度可能进入后段；弱市里的长连榜样本优先降权；v3尾盘版回避高位长连榜,v3
2026-05-21,603115,海星股份,69,不推送,20.57,39,1.01,10.05,10.05,-22.9,15.47,-2.8,4.43,-3.77,3.39,1.72,15.47,15.47,15.47,当日强涨；收盘承接较强；温和放量；弱市中个股相对抗跌,短线涨幅过热；远离20日线过多；后段人气股在偏弱环境里更谨慎,v3
2026-06-08,603078,江化微,94,不推送,20.08,27,1.54,6.08,7.43,-13.42,15.47,8.23,-0.19,6.58,-1.7,3.55,12.58,12.58,15.47,温和放量；近5日强势延续；站上20日线且不过热；连续上榜确认,短线涨幅偏高；人气排名明显回落；弱市先收缩执行；后段人气股在偏弱环境里更谨慎,v3
2026-04-14,600879,航天电子,96,不推送,52.0,63,1.16,3.07,5.91,-24.52,15.46,4.04,13.37,2.85,12.08,-0.76,5.91,15.46,15.46,当日上涨；收在日内高位；放量仍可控；近5日趋势升温；站上20日线且不过热,-,v3
2026-06-10,002475,立讯精密,97,不推送,0.0,25,-1.59,-2.28,-0.05,-6.82,15.45,3.12,1.86,4.78,3.51,12.6,3.46,3.95,15.45,-,当日转弱；收盘承接偏弱；近5日趋势未确认；仍在20日线下方；人气排名明显回落；弱市先收缩执行；后段人气股在偏弱环境里更谨慎；市场健康度不足，收缩推送；市场健康度偏弱,v3
2026-06-24,600172,黄河旋风,5,不推送,63.6,16,-2.32,6.04,9.17,-25.25,15.44,-6.21,-4.88,-3.98,-2.61,2.09,9.17,9.17,15.44,人气Top10；收盘承接较强；温和放量；近5日强势延续；站上20日线且不过热；持续霸榜；市场强势且个股相对强势,短线涨幅偏高；热度可能进入后段；v3尾盘版回避高位长连榜,v3
2026-04-14,600488,津药药业,74,不推送,54.0,63,-0.64,9.97,9.97,3.7,15.43,-2.57,1.45,-1.94,2.1,-0.64,9.97,9.97,15.43,当日上涨；收盘承接较强；温和放量；站上20日线且不过热；连续上榜确认；v3尾盘缩量强承接,近5日趋势未确认,v3
2026-04-24,600208,衢州发展,100,不推送,61.0,55,1.69,-9.94,2.33,-39.32,15.43,-12.47,-1.69,-13.93,-3.33,12.05,2.33,2.33,15.43,当日涨停附近；收在日内高位；温和放量；近5日强势延续；v2低分涨停修正,短线涨幅偏高；偏离20日线较大,v3
2026-06-05,600172,黄河旋风,52,不推送,0.0,28,-7.49,-5.92,-1.35,-3.52,15.43,-9.21,-11.39,-1.86,-4.21,15.43,-0.97,-0.97,15.43,站上20日线且不过热；持续霸榜,当日转弱；收盘承接偏弱；近5日趋势未确认；热度可能进入后段；人气排名明显回落；弱市先收缩执行；后段人气股在偏弱环境里更谨慎；弱市里的长连榜样本优先降权；市场健康度不足，收缩推送；市场健康度偏弱；v3尾盘版回避高位长连榜,v3
2026-05-07,603601,再升科技,63,不推送,66.6,49,-1.85,3.35,8.26,-48.41,15.42,-2.6,-4.33,-0.77,-2.53,4.68,8.26,8.26,15.42,当日上涨；收在日内高位；温和放量；近5日趋势升温；站上20日线且不过热；连续上榜确认；市场强势且个股相对强势,人气排名明显回落,v3
2026-04-23,600105,永鼎股份,19,不推送,36.0,56,0.0,1.05,5.15,-8.19,15.42,-7.53,-12.56,-7.53,-12.56,7.86,5.15,5.15,15.42,人气Top20；当日上涨；温和放量；近5日趋势升温；持续霸榜,偏离20日线较大；热度可能进入后段；上影线偏长；v3尾盘版回避高位长连榜；v3尾盘承接一般,v3
2026-04-20,600664,哈药股份,100,不推送,50.0,59,-2.57,-4.21,0.23,15.42,15.42,-9.35,-14.25,-6.95,-11.99,-14.49,0.23,0.23,0.23,收盘承接较强；温和放量；近5日趋势升温；站上20日线且不过热；v3尾盘缩量强承接,人气排名明显回落,v3
2026-04-10,002709,天赐材料,40,不推送,56.0,65,-2.44,-0.66,0.51,-21.64,15.41,2.1,3.79,4.65,6.38,12.89,6.36,7.79,15.41,人气Top50；当日强涨；收在日内高位；放量仍可控；站上20日线且不过热,-,v3
2026-04-28,300548,长芯博创,48,不推送,4.0,53,-0.36,0.22,1.93,-21.75,15.4,2.24,11.24,2.6,11.63,1.8,7.22,13.35,15.4,人气Top50；温和放量；站上20日线且不过热,当日转弱；收盘承接偏弱；近5日趋势未确认,v3
2026-06-18,002156,通富微电,58,不推送,42.6,19,1.31,3.56,4.83,10.39,15.38,8.49,4.07,7.09,2.73,-5.81,8.76,15.38,15.38,收盘承接较强；温和放量；近5日趋势升温；站上20日线且不过热；持续霸榜；市场强势且个股相对强势,热度可能进入后段；人气排名明显回落；v3尾盘版回避高位长连榜,v3
2026-04-16,001309,德明利,89,不推送,23.0,61,-1.32,-0.6,0.47,15.36,15.36,-0.43,-4.28,0.9,-3.0,1.55,4.1,5.44,5.44,当日上涨；温和放量；近5日强势延续；持续霸榜,短线涨幅偏高；偏离20日线较大；热度可能进入后段；v3尾盘版回避高位长连榜,v3
2026-06-05,002185,华天科技,24,不推送,0.0,28,-6.27,-6.93,-2.77,15.36,15.36,-5.1,-10.93,1.24,-4.97,13.37,-1.5,-1.5,13.64,人气Top50；站上20日线且不过热；持续霸榜,当日转弱；收盘承接偏弱；近5日趋势未确认；热度可能进入后段；弱市先收缩执行；弱市里的长连榜样本优先降权；市场健康度不足，收缩推送；市场健康度偏弱；v3尾盘版回避高位长连榜,v3
2026-05-07,300476,胜宏科技,83,不推送,46.6,49,-1.49,6.09,8.56,-19.86,15.36,11.05,4.96,12.73,6.55,-1.97,13.82,15.36,15.36,当日上涨；温和放量；近5日趋势升温；站上20日线且不过热；市场强势且个股相对强势,-,v3
2026-06-22,000636,风华高科,18,不推送,30.6,18,-1.95,-3.6,-1.31,-28.92,15.36,9.34,10.23,11.51,12.42,-19.7,9.34,15.36,15.36,人气Top20；温和放量；近5日趋势升温；站上20日线且不过热；持续霸榜；市场强势且个股相对强势,当日转弱；收盘承接偏弱；热度可能进入后段；v3尾盘版回避高位长连榜,v3
2026-05-22,601208,东材科技,43,观察池,110.6,38,2.96,2.46,5.34,-7.0,15.35,-0.38,-4.67,-3.24,-7.41,8.22,6.29,6.29,15.35,人气Top50；当日涨停附近；收在日内高位；温和放量；近5日趋势升温；站上20日线且不过热；人气排名明显上升；市场强势且个股相对强势；v2强势延续修正；v2低分涨停修正；v3热点早段优先,涨停封板不可买,v3
2026-05-20,600522,中天科技,10,不推送,0.0,40,10.48,2.87,12.37,-8.2,15.34,5.3,-4.12,-4.69,-13.22,10.43,12.37,12.37,15.34,人气Top10；站上20日线且不过热；持续霸榜；人气排名明显上升,当日转弱；收盘承接偏弱；近5日趋势未确认；热度可能进入后段；震荡市里相对走弱；市场健康度不足，收缩推送；v3尾盘版回避高位长连榜,v3
2026-05-28,000657,中钨高新,57,不推送,46.6,34,-0.12,-1.53,2.78,-2.28,15.33,-3.69,7.67,-3.58,7.8,12.93,2.78,8.37,15.33,当日上涨；温和放量；近5日趋势升温；站上20日线且不过热；市场强势且个股相对强势,-,v3
2026-05-28,000733,振华科技,67,不推送,56.6,34,0.83,-3.98,2.44,-22.19,15.33,0.92,10.71,0.09,9.8,-7.25,2.44,10.71,15.33,当日上涨；收盘承接较强；温和放量；近5日趋势升温；站上20日线且不过热；市场强势且个股相对强势,-,v3
2026-06-04,002484,江海股份,21,观察池,84.17,29,-4.5,-6.59,-1.4,-15.5,15.32,-4.54,-14.06,-0.03,-10.01,12.15,-1.4,-1.4,15.32,人气Top50；当日涨停附近；收在日内高位；近5日强势延续；连续上榜确认；人气排名明显上升；震荡市里保持相对强势；震荡市里承接未失控；v2低分涨停修正；v3尾盘涨停延续；v3尾盘缩量强承接,短线涨幅偏高；远离20日线过多；涨停封板不可买,v3
2026-05-28,002251,步步高,77,不推送,0.6,34,-1.33,8.2,8.2,-18.85,15.3,8.2,-2.0,9.66,-0.67,-13.53,15.3,15.3,15.3,近5日趋势升温；站上20日线且不过热；连续上榜确认；市场强势且个股相对强势,当日转弱；收盘承接偏弱；人气排名明显回落；v3尾盘版回避放量过猛,v3
2026-05-07,601138,工业富联,30,不推送,30.55,49,-1.84,-1.4,0.03,-1.81,15.3,0.34,6.89,2.22,8.89,2.06,2.68,15.3,15.3,人气Top50；温和放量；站上20日线且不过热；连续上榜确认,近5日趋势未确认；强势市里个股相对走弱,v3
2026-06-22,000823,超声电子,97,不推送,3.6,18,-4.42,-17.2,-3.18,-40.82,15.3,0.19,0.46,4.82,5.11,-22.27,0.19,15.3,15.3,温和放量；近5日强势延续；市场强势且个股相对强势,收盘承接偏弱；短线涨幅偏高；偏离20日线较大；上影线偏长,v3
2026-06-26,000823,超声电子,30,不推送,16.8,14,11.04,0.46,15.3,-40.82,15.3,0.7,-14.06,-9.31,-22.6,-30.09,15.3,15.3,15.3,人气Top50；温和放量；近5日趋势升温；连续上榜确认；人气排名明显上升,收盘承接偏弱；偏离20日线较大；上影线偏长；弱市先收缩执行,v3
2026-06-16,603399,永杉锂业,95,不推送,32.6,21,-1.43,-5.38,-0.05,-34.81,15.29,1.1,7.71,2.56,9.28,8.19,1.1,8.38,15.29,温和放量；近5日趋势升温；站上20日线且不过热；连续上榜确认；市场强势且个股相对强势,当日转弱；人气排名明显回落,v3
2026-04-22,600105,永鼎股份,9,普通观察,72.0,57,5.64,6.52,9.97,-2.2,15.29,6.57,-4.85,0.87,-9.94,12.87,12.01,12.01,15.29,人气Top10；当日涨停附近；收在日内高位；近5日趋势升温；持续霸榜；人气排名明显上升；v2低分涨停修正,量能不足；偏离20日线较大；热度可能进入后段；v3尾盘版回避高位长连榜,v3
2026-06-05,002050,三花智控,54,不推送,0.0,28,7.82,12.3,15.28,-0.26,15.28,8.15,6.18,0.31,-1.53,7.18,15.28,15.28,15.28,持续霸榜,量能不足；近5日趋势未确认；仍在20日线下方；热度可能进入后段；人气排名明显回落；弱市先收缩执行；后段人气股在偏弱环境里更谨慎；弱市里的长连榜样本优先降权；v3尾盘版回避高位长连榜；v3尾盘承接一般,v3
2026-05-20,002617,露笑科技,96,不推送,5.72,40,0.32,-5.73,0.64,-32.66,15.27,1.59,10.92,1.27,10.57,-8.17,2.33,15.27,15.27,近5日趋势升温；站上20日线且不过热；持续霸榜；震荡市里保持相对强势,当日转弱；热度可能进入后段；人气排名明显回落；后段人气股在偏弱环境里更谨慎；v3尾盘版回避高位长连榜,v3
2026-05-06,002709,天赐材料,30,不推送,52.0,50,15.2,13.64,15.27,-33.75,15.27,7.78,4.81,-6.44,-9.02,4.96,15.27,15.27,15.27,人气Top50；当日上涨；收在日内高位；温和放量；站上20日线且不过热；持续霸榜,热度可能进入后段；v3尾盘版回避高位长连榜,v3
2026-04-22,002475,立讯精密,45,不推送,58.0,57,1.43,-0.38,3.9,-9.48,15.27,5.79,0.9,4.3,-0.52,11.8,6.72,6.72,15.27,人气Top50；当日上涨；收盘承接较强；温和放量；近5日趋势升温；站上20日线且不过热；持续霸榜,热度可能进入后段；v3尾盘版回避高位长连榜,v3
2026-06-03,002851,麦格米特,39,不推送,73.45,30,-1.81,-1.31,3.18,-2.8,15.26,-4.58,-6.75,-2.82,-5.03,14.57,3.18,4.79,15.26,人气Top50；当日上涨；放量仍可控；近5日趋势升温；站上20日线且不过热；连续上榜确认；人气排名明显上升；震荡市里保持相对强势；v2连榜升温修正；v3热点早段优先,-,v3
2026-06-09,001896,豫能控股,32,不推送,64.6,26,1.74,2.52,8.23,-34.62,15.25,5.57,6.83,3.76,5.0,-0.63,8.47,15.25,15.25,人气Top50；当日上涨；收在日内高位；温和放量；近5日趋势升温；站上20日线且不过热；持续霸榜；市场强势且个股相对强势,热度可能进入后段；人气排名明显回落；v3尾盘版回避高位长连榜,v3
2026-04-21,603601,再升科技,26,普通观察,68.0,58,-4.92,-2.71,2.4,-45.08,15.25,-12.79,-6.15,-8.28,-1.29,10.02,2.4,2.4,15.25,人气Top50；当日上涨；收在日内高位；温和放量；近5日趋势升温；站上20日线且不过热；持续霸榜；人气排名明显上升,热度可能进入后段；v3尾盘版回避高位长连榜,v3
2026-06-10,001896,豫能控股,13,不推送,6.5,25,0.24,2.71,8.47,-34.62,15.25,9.93,5.38,9.66,5.12,-9.93,13.75,15.25,15.25,人气Top20；温和放量；站上20日线且不过热；持续霸榜；人气排名明显上升,当日转弱；收盘承接偏弱；热度可能进入后段；弱市先收缩执行；弱市里的长连榜样本优先降权；v3尾盘版回避高位长连榜,v3
2026-05-06,600770,综艺股份,84,不推送,10.0,51,7.61,9.97,9.97,-20.6,15.22,2.89,5.91,-4.39,-1.59,-7.87,15.22,15.22,15.22,温和放量；近5日趋势升温；站上20日线且不过热；持续霸榜,当日转弱；收盘承接偏弱；热度可能进入后段；v3尾盘版回避高位长连榜,v3
2026-04-30,600770,综艺股份,80,不推送,10.0,51,7.61,9.97,9.97,-20.6,15.22,2.89,5.91,-4.39,-1.59,-7.87,15.22,15.22,15.22,温和放量；近5日趋势升温；站上20日线且不过热；持续霸榜,当日转弱；收盘承接偏弱；热度可能进入后段；v3尾盘版回避高位长连榜,v3
2026-06-18,002179,中航光电,85,不推送,62.6,19,1.29,4.27,4.93,-17.01,15.2,2.46,4.17,1.16,2.84,3.34,5.17,7.05,15.2,当日上涨；收在日内高位；温和放量；近5日趋势升温；站上20日线且不过热；市场强势且个股相对强势,-,v3
2026-06-03,600703,三安光电,60,不推送,0.0,30,1.24,11.65,11.65,-11.06,15.18,7.66,1.9,6.33,0.65,12.3,15.18,15.18,15.18,温和放量；人气排名明显上升,收盘承接偏弱；近5日趋势未确认；仍在20日线下方；上影线偏长；震荡市里相对走弱；后段人气股在偏弱环境里更谨慎,v3
2026-06-12,002709,天赐材料,61,不推送,15.73,23,1.17,-0.81,1.8,-25.92,15.16,6.94,13.15,5.7,11.84,3.01,8.01,14.53,15.16,温和放量；人气排名明显上升；震荡市里保持相对强势,后段人气股在偏弱环境里更谨慎；v3尾盘承接一般,v3
2026-05-15,600580,卧龙电驱,60,不推送,23.73,43,0.59,1.46,3.0,-22.96,15.16,-1.86,1.78,-2.44,1.18,-2.25,3.32,3.91,15.16,当日上涨；温和放量；站上20日线且不过热；震荡市里保持相对强势,近5日趋势未确认；后段人气股在偏弱环境里更谨慎；v3尾盘承接一般,v3
2026-06-04,688525,佰维存储,60,不推送,41.45,29,-4.05,-8.74,-2.28,-11.84,15.16,-10.46,-4.85,-6.69,-0.84,13.4,-2.28,-2.28,15.16,当日强涨；收盘承接较强；近5日趋势升温；站上20日线且不过热；人气排名明显上升；震荡市里保持相对强势；震荡市里承接未失控,量能不足；后段人气股在偏弱环境里更谨慎；v3尾盘半板但封单不强,v3
2026-06-18,002579,中京电子,24,观察池,99.6,19,7.78,4.04,8.27,-32.63,15.16,-4.72,12.11,-11.6,4.02,-3.69,8.27,15.16,15.16,人气Top50；当日涨停附近；收在日内高位；近5日强势延续；站上20日线且不过热；连续上榜确认；市场强势且个股相对强势；v2强势延续修正；v2低分涨停修正；v3尾盘涨停延续,短线涨幅偏高；涨停封板不可买,v3
2026-05-22,300069,金利华电,94,观察池,12.6,38,2.14,0.28,15.15,-28.3,15.15,2.12,-6.26,-0.02,-8.22,-14.26,15.15,15.15,15.15,当日涨停附近；收在日内高位；连续上榜确认；市场强势且个股相对强势,量能不足；短线涨幅过热；远离20日线过多；人气排名明显回落；一字或近似一字，参与点差；一字板不可买,v3
2026-04-14,002506,协鑫集成,89,不推送,0.0,63,0.45,-1.35,2.93,-44.24,15.12,0.45,10.16,0.0,9.66,-1.81,2.93,15.12,15.12,温和放量；连续上榜确认,当日转弱；收盘承接偏弱；仍在20日线下方；人气排名明显回落,v3
2026-04-23,000815,美利云,72,不推送,0.0,56,1.96,-5.89,2.01,-36.52,15.12,-1.37,-6.63,-3.27,-8.43,4.76,2.01,2.01,15.12,温和放量；站上20日线且不过热,当日转弱；收盘承接偏弱；近5日趋势未确认,v3
2026-05-11,002594,比亚迪,84,不推送,0.0,47,14.97,14.12,15.12,8.27,15.12,13.55,8.69,-1.24,-5.46,10.36,15.12,15.12,15.12,连续上榜确认,当日转弱；收盘承接偏弱；近5日趋势未确认；仍在20日线下方；强势市里个股相对走弱,v3
2026-04-27,300058,蓝色光标,38,不推送,0.0,54,-1.45,-3.36,-0.17,-23.39,15.11,-0.87,11.75,0.59,13.4,0.46,2.55,14.94,15.11,人气Top50；站上20日线且不过热；持续霸榜,当日转弱；收盘承接偏弱；近5日趋势未确认；热度可能进入后段；v3尾盘版回避高位长连榜,v3
2026-04-29,600821,金开新能,13,不推送,46.0,52,-3.69,-10.03,-2.31,-32.3,15.11,2.08,1.73,5.99,5.63,-3.58,3.11,5.65,15.11,人气Top20；当日上涨；温和放量；站上20日线且不过热；人气排名明显上升,近5日趋势未确认,v3
2026-04-10,601179,中国西电,36,不推送,22.0,65,-1.12,-1.62,-0.75,-27.24,15.11,10.07,6.9,11.32,8.11,7.03,10.7,10.7,15.11,人气Top50；温和放量,-,v3
2026-04-30,002210,飞马国际,54,不推送,0.0,51,1.01,10.07,10.07,-26.85,15.1,8.39,5.7,7.31,4.65,-1.01,15.1,15.1,15.1,近5日趋势升温；站上20日线且不过热；连续上榜确认；人气排名明显上升,当日转弱；收盘承接偏弱；放量过猛；v3尾盘版回避放量过猛,v3
2026-07-07,600378,昊华科技,58,不推送,0.0,7,6.12,2.06,8.88,-20.52,15.1,-1.09,-9.06,-6.8,-14.31,,15.1,15.1,,持续霸榜,当日转弱；收盘承接偏弱；近5日趋势未确认；仍在20日线下方；热度可能进入后段；弱市先收缩执行；后段人气股在偏弱环境里更谨慎；弱市里的长连榜样本优先降权；市场健康度不足，收缩推送；市场健康度偏弱；v3尾盘版回避高位长连榜,v3
2026-05-14,002281,光迅科技,16,不推送,0.0,44,-6.73,-8.37,-4.97,-1.84,15.09,7.67,1.33,15.44,8.65,0.21,7.67,15.09,15.09,人气Top20；近5日强势延续；持续霸榜,当日转弱；收盘承接偏弱；短线涨幅偏高；远离20日线过多；热度可能进入后段；弱市先收缩执行；弱市里的长连榜样本优先降权；v3尾盘版回避高位长连榜,v3
2026-05-18,002281,光迅科技,23,不推送,0.0,42,-2.3,7.67,7.67,-1.84,15.09,1.33,4.45,3.72,6.91,-4.73,15.09,15.09,15.09,人气Top50；近5日趋势升温；持续霸榜；人气排名明显上升；震荡市里保持相对强势,当日转弱；收盘承接偏弱；量能不足；偏离20日线较大；热度可能进入后段；v3尾盘版回避高位长连榜,v3
2026-07-09,600360,华微电子,49,普通观察,78.6,5,-1.62,4.68,9.66,-19.7,15.09,-0.87,-19.7,0.76,-18.38,,15.09,15.09,,人气Top50；当日强涨；收盘承接较强；温和放量；近5日趋势升温；站上20日线且不过热；市场强势且个股相对强势；v3热点早段优先,-,v3
2026-04-14,002124,天邦食品,27,普通观察,72.0,63,4.91,10.18,10.18,-18.25,15.09,8.07,1.05,3.01,-3.68,-8.77,11.93,15.09,15.09,人气Top50；当日涨停附近；收在日内高位；近5日趋势升温；站上20日线且不过热；连续上榜确认；人气排名明显上升；v2低分涨停修正；v3热点早段优先,放量过猛；v3尾盘版回避放量过猛,v3
2026-05-13,002281,光迅科技,21,不推送,0.0,45,-7.22,-4.96,-0.76,-1.84,15.09,-2.12,10.24,5.5,18.82,-5.47,0.18,15.09,15.09,人气Top50；近5日强势延续；持续霸榜；市场强势且个股相对强势,当日转弱；收盘承接偏弱；短线涨幅偏高；远离20日线过多；热度可能进入后段；v3尾盘版回避高位长连榜,v3
2026-05-08,002281,光迅科技,89,不推送,0.0,48,-12.33,-7.3,-7.3,-1.84,15.09,-7.68,-8.37,5.3,4.52,0.67,-2.63,-0.76,15.09,连续上榜确认；市场强势且个股相对强势,当日转弱；收盘承接偏弱；短线涨幅过热；远离20日线过多；人气排名明显回落,v3
2026-07-01,002458,益生股份,72,观察池,43.45,11,7.72,10.06,10.06,4.21,15.09,10.53,-1.29,2.61,-8.36,5.5,15.09,15.09,15.09,当日涨停附近；收在日内高位；近5日趋势升温；站上20日线且不过热；震荡市里保持相对强势；震荡市里承接未失控,放量过猛；后段人气股在偏弱环境里更谨慎；v3尾盘版回避放量过猛；涨停封板不可买,v3
2026-06-26,300502,新易盛,29,不推送,0.0,14,3.4,3.58,7.12,0.91,15.09,7.04,-2.18,3.52,-5.4,-2.73,15.09,15.09,15.09,人气Top50；连续上榜确认；人气排名明显上升,当日转弱；收盘承接偏弱；近5日趋势未确认；弱市先收缩执行；市场健康度不足，收缩推送；市场健康度偏弱,v3
2026-05-11,002281,光迅科技,25,不推送,0.0,47,-6.73,-6.03,-2.63,-1.84,15.09,-4.96,-2.12,1.9,4.95,4.45,-0.76,0.18,15.09,人气Top50；连续上榜确认；人气排名明显上升；市场强势且个股相对强势,当日转弱；收盘承接偏弱；短线涨幅过热；远离20日线过多,v3
2026-06-04,600707,彩虹股份,82,不推送,43.45,29,-1.46,6.4,9.51,-8.78,15.08,13.16,-3.66,14.84,-2.23,6.4,14.72,14.72,15.08,当日上涨；收盘承接较强；温和放量；站上20日线且不过热；震荡市里保持相对强势；震荡市里承接未失控,后段人气股在偏弱环境里更谨慎,v3
2026-06-25,000823,超声电子,55,观察池,64.6,15,10.01,10.01,10.01,-40.94,15.08,-0.85,-9.55,-9.87,-17.78,-25.82,15.08,15.08,15.08,当日涨停附近；收在日内高位；近5日趋势升温；人气排名明显上升；市场强势且个股相对强势；v2低分涨停修正；v3尾盘缩量强承接,量能不足；偏离20日线较大；涨停封板不可买,v3
2026-06-01,601138,工业富联,15,不推送,20.5,32,1.6,8.39,9.88,-14.63,15.08,6.41,-4.52,4.73,-6.03,-0.57,15.08,15.08,15.08,人气Top20；温和放量；近5日趋势升温；站上20日线且不过热；持续霸榜,收盘承接偏弱；热度可能进入后段；弱市先收缩执行；弱市里的长连榜样本优先降权；v3尾盘版回避高位长连榜；v3尾盘承接一般,v3
2026-06-05,002446,盛路通信,99,不推送,28.58,10,-1.88,-2.35,2.54,10.73,15.07,1.98,-1.13,3.93,0.77,10.73,5.46,5.46,15.07,当日强涨；收盘承接较强；近5日趋势升温；站上20日线且不过热；弱市中个股相对抗跌,放量过猛；后段人气股在偏弱环境里更谨慎；v3尾盘版回避放量过猛,v3
2026-06-26,002475,立讯精密,25,不推送,0.0,14,8.73,6.01,9.61,-0.03,15.06,7.53,4.61,-1.1,-3.79,0.88,15.06,15.06,15.06,人气Top50；持续霸榜；人气排名明显上升,收盘承接偏弱；量能不足；近5日趋势未确认；仍在20日线下方；热度可能进入后段；上影线偏长；弱市先收缩执行；弱市里的长连榜样本优先降权；v3尾盘版回避高位长连榜；v3尾盘承接一般,v3
2026-06-08,603778,国晟科技,36,观察池,66.3,27,3.22,5.49,7.12,-48.28,15.04,4.49,-5.96,1.23,-8.9,-27.23,15.04,15.04,15.04,人气Top50；当日涨停附近；收在日内高位；人气排名明显上升；弱市中个股相对抗跌；v3尾盘涨停延续；v3尾盘缩量强承接,仍在20日线下方；涨停封板不可买,v3
2026-05-21,600936,北投科技,39,观察池,92.3,39,-0.86,-0.17,2.42,-18.65,15.03,1.21,-6.04,2.09,-5.23,6.56,7.94,7.94,15.03,人气Top50；当日涨停附近；收在日内高位；放量仍可控；近5日趋势升温；站上20日线且不过热；弱市中个股相对抗跌；v2强势延续修正；v3热点早段优先,涨停封板不可买,v3
2026-07-08,002217,ST合力泰,79,不推送,7.08,6,13.73,9.15,15.03,0.0,15.03,-5.23,-5.23,-16.67,-16.67,,15.03,15.03,,当日上涨；温和放量；连续上榜确认,近5日趋势未确认；仍在20日线下方；弱市先收缩执行；后段人气股在偏弱环境里更谨慎,v3
2026-05-12,300265,通光线缆,94,观察池,69.6,46,1.42,10.12,15.03,-40.87,15.03,0.69,-2.15,-0.72,-3.52,-11.84,15.03,15.03,15.03,当日涨停附近；收在日内高位；放量仍可控；近5日强势延续；站上20日线且不过热；市场强势且个股相对强势；v2低分涨停修正,短线涨幅偏高；涨停封板不可买,v3
2026-04-17,002418,康盛股份,18,强推观察,130.0,60,10.02,10.02,10.02,-44.59,15.02,8.89,-0.65,-1.03,-9.69,0.16,14.38,15.02,15.02,人气Top20；当日涨停附近；收在日内高位；温和放量；近5日趋势升温；站上20日线且不过热；人气排名明显上升；v2强势延续修正；v3尾盘涨停延续；v3尾盘缩量强承接；v3热点早段优先,-,v3
2026-06-12,002421,达实智能,4,不推送,0.0,23,9.92,7.51,11.53,-21.98,15.01,2.68,12.87,-6.59,2.68,-8.04,12.87,12.87,15.01,人气Top10；持续霸榜；人气排名明显上升,当日转弱；收盘承接偏弱；近5日趋势未确认；仍在20日线下方；热度可能进入后段；震荡市里相对走弱；市场健康度不足，收缩推送；v3尾盘版回避高位长连榜,v3
2026-06-22,002421,达实智能,29,不推送,0.0,18,12.87,7.77,15.01,-21.98,15.01,0.54,-8.04,-10.93,-18.53,-15.01,15.01,15.01,15.01,人气Top50；持续霸榜；人气排名明显上升,当日转弱；收盘承接偏弱；近5日趋势未确认；仍在20日线下方；热度可能进入后段；强势市里个股相对走弱；v3尾盘版回避高位长连榜,v3
2026-06-15,002421,达实智能,13,不推送,0.0,22,9.38,11.26,12.87,-21.98,15.01,2.68,7.77,-6.13,-1.47,-6.97,12.87,15.01,15.01,人气Top20；持续霸榜,当日转弱；收盘承接偏弱；近5日趋势未确认；仍在20日线下方；热度可能进入后段；强势市里个股相对走弱；v3尾盘版回避高位长连榜,v3
