signal_date,code,name,rank,popularity_score,source,capture_type,snapshot_time,first_seen_date,appearance_count,consecutive_days,previous_rank,rank_change,price_status,price_date,open,close,high,low,volume,day_return_pct,pre3_return_pct,pre5_return_pct,close_position,volume_ratio_5,dist_ma5_pct,dist_ma10_pct,dist_ma20_pct,dist_high60_pct,upper_shadow_pct,limit_up_like,one_word_like,price_lag_days
2026-04-10,600105,永鼎股份,1,8225.0,10jqka,post_close,2026-04-10 15:00:00,2026-04-10,1,1,,,ok,2026-04-10,34.65,38.1,38.1,33.98,2331300.0,9.99,26.12,25.78,1.0,1.37,13.96,23.32,32.21,0.0,0.0,True,False,0.0
2026-04-10,002580,圣阳股份,2,5904.0,10jqka,post_close,2026-04-10 15:00:00,2026-04-10,1,1,,,ok,2026-04-10,17.25,18.98,18.98,16.84,1879909.0,10.03,17.96,11.12,1.0,1.68,13.83,12.51,23.0,-2.01,0.0,True,False,0.0
2026-04-10,002475,立讯精密,3,5492.0,10jqka,post_close,2026-04-10 15:00:00,2026-04-10,1,1,,,ok,2026-04-10,55.42,58.18,59.18,54.9,3868969.0,5.61,20.23,16.62,0.766,2.61,10.72,13.71,16.42,-3.55,0.234,False,False,0.0
2026-04-10,002328,新朋股份,4,4984.0,10jqka,post_close,2026-04-10 15:00:00,2026-04-10,1,1,,,ok,2026-04-10,9.78,10.11,10.11,9.66,719998.0,10.01,22.99,36.62,1.0,0.86,15.62,25.7,36.95,0.0,0.0,True,False,0.0
2026-04-10,002384,东山精密,5,4553.0,10jqka,post_close,2026-04-10 15:00:00,2026-04-10,1,1,,,ok,2026-04-10,132.3,143.55,145.09,132.27,1449445.0,8.83,31.69,35.11,0.88,2.7,16.72,25.8,28.1,-1.06,0.12,False,False,0.0
2026-04-10,300308,中际旭创,6,4542.0,10jqka,post_close,2026-04-10 15:00:00,2026-04-10,1,1,,,ok,2026-04-10,700.0,734.65,743.04,694.01,330801.0,6.16,18.77,26.45,0.829,1.22,10.02,17.05,21.09,-1.13,0.171,False,False,0.0
2026-04-10,603538,美诺华,7,4471.0,10jqka,post_close,2026-04-10 15:00:00,2026-04-10,1,1,,,ok,2026-04-10,47.46,49.59,50.05,44.51,905061.0,8.99,26.15,17.18,0.917,1.24,13.93,17.25,40.98,-0.92,0.083,False,False,0.0
2026-04-10,601869,长飞光纤,8,4256.0,10jqka,post_close,2026-04-10 15:00:00,2026-04-10,1,1,,,ok,2026-04-10,392.0,384.38,396.53,370.0,248833.0,-3.5,7.64,15.61,0.542,1.26,3.64,13.71,34.92,-3.5,0.171,False,False,0.0
2026-04-10,001309,德明利,9,4095.0,10jqka,post_close,2026-04-10 15:00:00,2026-04-10,1,1,,,ok,2026-04-10,428.0,447.24,447.24,423.0,232257.0,10.0,18.26,24.18,1.0,1.4,13.09,15.55,21.4,0.0,0.0,True,False,0.0
2026-04-10,002263,大东南,10,3813.0,10jqka,post_close,2026-04-10 15:00:00,2026-04-10,1,1,,,ok,2026-04-10,4.31,4.9,4.9,4.31,4212278.0,10.11,-0.2,3.59,1.0,0.82,3.68,8.07,22.36,-5.41,0.0,True,False,0.0
2026-04-10,603778,国晟科技,11,3533.0,10jqka,post_close,2026-04-10 15:00:00,2026-04-10,1,1,,,ok,2026-04-10,33.0,31.24,33.19,30.4,1167588.0,-4.87,-0.98,7.13,0.301,0.86,-0.09,9.12,20.38,-8.84,0.068,False,False,0.0
2026-04-10,601138,工业富联,12,3468.0,10jqka,post_close,2026-04-10 15:00:00,2026-04-10,1,1,,,ok,2026-04-10,55.6,56.52,57.27,55.33,1909441.0,2.73,7.49,8.69,0.613,1.21,3.55,6.95,9.33,-11.69,0.387,False,False,0.0
2026-04-10,600010,包钢股份,13,3297.0,10jqka,post_close,2026-04-10 15:00:00,2026-04-10,1,1,,,ok,2026-04-10,2.92,2.83,2.94,2.8,12240826.0,-1.39,1.43,8.02,0.214,0.94,1.22,5.4,6.23,-17.01,0.143,False,False,0.0
2026-04-10,000988,华工科技,14,3283.0,10jqka,post_close,2026-04-10 15:00:00,2026-04-10,1,1,,,ok,2026-04-10,117.0,115.92,117.68,113.9,1004298.0,0.86,11.25,15.53,0.534,1.29,5.57,7.93,4.51,-18.03,0.18,False,False,0.0
2026-04-10,002074,国轩高科,15,3179.0,10jqka,post_close,2026-04-10 15:00:00,2026-04-10,1,1,,,ok,2026-04-10,35.7,38.81,38.81,35.68,1048988.0,10.01,14.82,11.52,1.0,3.71,9.93,8.55,5.92,-7.81,0.0,True,False,0.0
2026-04-10,600666,奥瑞德,16,2945.0,10jqka,post_close,2026-04-10 15:00:00,2026-04-10,1,1,,,ok,2026-04-10,6.56,6.3,6.83,6.3,5795423.0,-3.96,6.6,2.11,0.0,1.03,1.12,2.26,16.97,-11.89,0.509,False,False,0.0
2026-04-10,300390,天华新能,17,2901.0,10jqka,post_close,2026-04-10 15:00:00,2026-04-10,1,1,,,ok,2026-04-10,62.37,68.3,71.18,61.81,1038623.0,10.16,19.87,15.08,0.693,2.13,12.91,12.86,21.22,-4.05,0.307,True,False,0.0
2026-04-10,002281,光迅科技,18,2884.0,10jqka,post_close,2026-04-10 15:00:00,2026-04-10,1,1,,,ok,2026-04-10,111.72,107.82,112.1,106.06,998530.0,-0.25,16.74,28.51,0.291,1.43,8.49,16.6,22.67,-3.82,0.063,False,False,0.0
2026-04-10,002714,牧原股份,19,2868.0,10jqka,post_close,2026-04-10 15:00:00,2026-04-10,1,1,,,ok,2026-04-10,43.83,43.01,44.0,42.84,440105.0,-1.8,-1.01,-1.47,0.147,1.12,-1.13,-0.78,-5.31,-16.45,0.147,False,False,0.0
2026-04-10,002418,康盛股份,20,2831.0,10jqka,post_close,2026-04-10 15:00:00,2026-04-10,1,1,,,ok,2026-04-10,5.16,5.69,5.69,5.11,1437151.0,10.06,22.37,24.78,1.0,1.75,13.53,16.89,20.82,0.0,0.0,True,False,0.0
2026-04-10,600103,青山纸业,21,2830.0,10jqka,post_close,2026-04-10 15:00:00,2026-04-10,1,1,,,ok,2026-04-10,3.91,3.91,3.91,3.91,920807.0,10.14,12.03,11.4,1.0,1.41,8.13,10.11,9.65,-10.11,0.0,True,True,0.0
2026-04-10,600030,中信证券,22,2790.0,10jqka,post_close,2026-04-10 15:00:00,2026-04-10,1,1,,,ok,2026-04-10,25.01,25.9,26.5,25.01,4259329.0,7.25,8.28,7.34,0.597,4.5,5.58,6.28,4.61,-10.69,0.403,False,False,0.0
2026-04-10,600487,亨通光电,23,2758.0,10jqka,post_close,2026-04-10 15:00:00,2026-04-10,1,1,,,ok,2026-04-10,59.21,55.98,59.21,55.71,2089276.0,-5.98,-4.63,4.85,0.077,1.2,-3.76,1.48,11.5,-8.98,0.0,False,False,0.0
2026-04-10,002364,中恒电气,24,2749.0,10jqka,post_close,2026-04-10 15:00:00,2026-04-10,1,1,,,ok,2026-04-10,35.12,35.12,35.12,35.12,33892.0,9.99,27.38,36.97,1.0,0.12,16.36,23.16,19.34,-6.02,0.0,True,True,0.0
2026-04-10,603459,红板科技,25,2727.0,10jqka,post_close,2026-04-10 15:00:00,2026-04-10,1,1,,,ok,2026-04-10,52.0,55.08,57.76,51.5,505477.0,9.57,,,0.572,0.9,1.34,1.34,1.34,-18.51,0.428,True,False,0.0
2026-04-10,300207,欣旺达,26,2708.0,10jqka,post_close,2026-04-10 15:00:00,2026-04-10,1,1,,,ok,2026-04-10,25.85,28.63,29.95,25.76,2890808.0,14.7,20.55,15.68,0.685,4.66,14.16,12.2,8.63,-4.41,0.315,True,False,0.0
2026-04-10,000977,浪潮信息,27,2676.0,10jqka,post_close,2026-04-10 15:00:00,2026-04-10,1,1,,,ok,2026-04-10,65.77,67.5,69.2,65.28,1172893.0,3.73,13.5,19.15,0.566,2.01,8.29,13.07,13.17,-5.73,0.434,False,False,0.0
2026-04-10,300750,宁德时代,28,2603.0,10jqka,post_close,2026-04-10 15:00:00,2026-04-10,1,1,,,ok,2026-04-10,387.09,409.09,412.09,385.77,507887.0,6.79,8.32,3.76,0.886,2.0,5.77,3.91,3.66,-1.46,0.114,False,False,0.0
2026-04-10,600707,彩虹股份,29,2583.0,10jqka,post_close,2026-04-10 15:00:00,2026-04-10,1,1,,,ok,2026-04-10,7.02,7.02,7.02,6.88,924141.0,10.03,26.03,26.49,1.0,3.93,16.03,20.14,18.15,-2.5,0.0,True,False,0.0
2026-04-10,600743,华远控股,30,2573.0,10jqka,post_close,2026-04-10 15:00:00,2026-04-10,1,1,,,ok,2026-04-10,2.59,2.65,2.65,2.52,1634453.0,9.96,33.17,42.47,1.0,2.0,19.91,28.39,32.4,0.0,0.0,True,False,0.0
2026-04-10,002309,中利集团,31,2548.0,10jqka,post_close,2026-04-10 15:00:00,2026-04-10,1,1,,,ok,2026-04-10,4.63,4.4,4.67,4.37,5464135.0,-7.56,-15.87,-11.65,0.1,0.68,-10.02,-8.31,0.24,-18.97,0.133,False,False,0.0
2026-04-10,002594,比亚迪,32,2456.0,10jqka,post_close,2026-04-10 15:00:00,2026-04-10,1,1,,,ok,2026-04-10,99.39,101.67,102.2,99.03,605731.0,2.67,3.77,0.02,0.833,1.25,1.89,-0.3,-1.2,-9.08,0.167,False,False,0.0
2026-04-10,300502,新易盛,33,2453.0,10jqka,post_close,2026-04-10 15:00:00,2026-04-10,1,1,,,ok,2026-04-10,493.0,522.5,528.0,485.0,444844.0,6.63,13.91,16.76,0.872,1.38,7.6,11.53,14.95,-1.04,0.128,False,False,0.0
2026-04-10,002837,英维克,34,2434.0,10jqka,post_close,2026-04-10 15:00:00,2026-04-10,1,1,,,ok,2026-04-10,94.95,99.05,102.4,94.65,759554.0,6.4,16.75,19.67,0.568,2.17,9.54,11.38,4.32,-14.98,0.432,False,False,0.0
2026-04-10,600110,诺德股份,35,2428.0,10jqka,post_close,2026-04-10 15:00:00,2026-04-10,1,1,,,ok,2026-04-10,10.0,9.88,10.65,9.86,3090651.0,-2.76,2.6,5.78,0.025,1.05,2.4,5.51,14.32,-7.23,0.823,False,False,0.0
2026-04-10,601179,中国西电,36,2407.0,10jqka,post_close,2026-04-10 15:00:00,2026-04-10,1,1,,,ok,2026-04-10,16.0,16.08,16.28,15.77,1834404.0,1.84,7.41,4.89,0.608,1.24,3.21,3.11,-0.95,-22.13,0.392,False,False,0.0
2026-04-10,603773,沃格光电,37,2364.0,10jqka,post_close,2026-04-10 15:00:00,2026-04-10,1,1,,,ok,2026-04-10,40.5,43.14,43.14,39.68,310530.0,9.99,31.12,31.16,1.0,2.78,16.61,21.76,17.33,-4.3,0.0,True,False,0.0
2026-04-10,600111,北方稀土,38,2362.0,10jqka,post_close,2026-04-10 15:00:00,2026-04-10,1,1,,,ok,2026-04-10,52.79,51.75,52.8,51.6,826796.0,-0.1,3.73,8.76,0.125,1.09,2.37,5.43,7.06,-18.59,0.008,False,False,0.0
2026-04-10,002491,通鼎互联,39,2354.0,10jqka,post_close,2026-04-10 15:00:00,2026-04-10,1,1,,,ok,2026-04-10,15.5,14.59,15.78,14.53,3081565.0,-9.6,5.57,21.58,0.048,1.46,0.89,11.09,23.42,-12.42,0.224,False,False,0.0
2026-04-10,002709,天赐材料,40,2343.0,10jqka,post_close,2026-04-10 15:00:00,2026-04-10,1,1,,,ok,2026-04-10,44.25,46.72,46.74,43.85,1535728.0,7.18,7.65,4.97,0.993,2.13,5.43,3.61,4.38,-8.39,0.007,False,False,0.0
2026-04-10,000592,平潭发展,41,2340.0,10jqka,post_close,2026-04-10 15:00:00,2026-04-10,1,1,,,ok,2026-04-10,11.91,11.43,12.26,11.31,4052716.0,-4.03,-5.22,-9.07,0.126,1.17,-3.8,-3.92,1.51,-31.14,0.368,False,False,0.0
2026-04-10,603986,兆易创新,42,2260.0,10jqka,post_close,2026-04-10 15:00:00,2026-04-10,1,1,,,ok,2026-04-10,255.49,265.09,268.32,255.24,534767.0,5.83,6.18,7.33,0.753,1.45,4.34,4.99,-1.78,-19.95,0.247,False,False,0.0
2026-04-10,000889,中嘉博创,43,2253.0,10jqka,post_close,2026-04-10 15:00:00,2026-04-10,1,1,,,ok,2026-04-10,4.35,4.35,4.35,4.1,1790469.0,10.13,33.44,31.82,1.0,4.41,18.53,23.23,26.51,0.0,0.0,True,False,0.0
2026-04-10,002297,博云新材,44,2246.0,10jqka,post_close,2026-04-10 15:00:00,2026-04-10,1,1,,,ok,2026-04-10,11.27,10.98,11.4,10.97,267391.0,-1.26,2.33,0.73,0.023,1.89,0.26,0.41,-0.12,-25.1,0.302,False,False,0.0
2026-04-10,002463,沪电股份,45,2212.0,10jqka,post_close,2026-04-10 15:00:00,2026-04-10,1,1,,,ok,2026-04-10,86.56,88.32,89.66,85.04,881901.0,2.89,15.56,15.8,0.71,1.25,7.45,10.08,7.79,-6.0,0.29,False,False,0.0
2026-04-10,301696,三瑞智能,46,2201.0,10jqka,post_close,2026-04-10 15:00:00,2026-04-10,1,1,,,ok,2026-04-10,90.0,92.0,102.5,85.73,246174.0,,,,0.374,,0.0,0.0,0.0,-10.24,0.626,False,False,0.0
2026-04-10,002460,赣锋锂业,47,2196.0,10jqka,post_close,2026-04-10 15:00:00,2026-04-10,1,1,,,ok,2026-04-10,81.74,83.98,86.99,81.25,1045334.0,3.67,6.36,5.07,0.476,1.5,3.5,4.82,12.9,-3.46,0.524,False,False,0.0
2026-04-10,002361,神剑股份,48,2191.0,10jqka,post_close,2026-04-10 15:00:00,2026-04-10,1,1,,,ok,2026-04-10,16.41,16.49,17.64,16.17,3015815.0,0.49,8.13,-4.63,0.218,1.13,2.21,3.0,18.35,-9.89,0.782,False,False,0.0
2026-04-10,002131,利欧股份,49,2190.0,10jqka,post_close,2026-04-10 15:00:00,2026-04-10,1,1,,,ok,2026-04-10,8.01,7.99,8.14,7.93,4946956.0,-0.12,10.51,7.25,0.286,1.11,4.34,4.1,4.53,-23.17,0.619,False,False,0.0
2026-04-10,600703,三安光电,50,2096.0,10jqka,post_close,2026-04-10 15:00:00,2026-04-10,1,1,,,ok,2026-04-10,11.85,11.94,12.25,11.71,2858592.0,0.84,-0.67,4.74,0.426,1.27,-0.27,-0.09,-13.99,-36.39,0.574,False,False,0.0
2026-04-10,600522,中天科技,51,2079.0,10jqka,post_close,2026-04-10 15:00:00,2026-04-10,1,1,,,ok,2026-04-10,31.38,29.8,31.4,29.5,2575517.0,-5.1,-1.49,1.64,0.158,1.43,-2.5,0.19,5.41,-7.4,0.011,False,False,0.0
2026-04-10,300274,阳光电源,52,2045.0,10jqka,post_close,2026-04-10 15:00:00,2026-04-10,1,1,,,ok,2026-04-10,125.61,130.79,133.0,125.61,1049795.0,5.65,6.96,2.78,0.701,1.4,4.27,-3.84,-14.14,-28.13,0.299,False,False,0.0
2026-04-10,000559,万向钱潮,53,2023.0,10jqka,post_close,2026-04-10 15:00:00,2026-04-10,1,1,,,ok,2026-04-10,15.47,16.32,16.84,15.4,1847077.0,6.6,9.9,7.09,0.639,3.85,6.02,5.86,4.26,-25.14,0.361,False,False,0.0
2026-04-10,300476,胜宏科技,54,2002.0,10jqka,post_close,2026-04-10 15:00:00,2026-04-10,1,1,,,ok,2026-04-10,279.01,287.78,293.81,277.0,484517.0,4.26,9.47,12.82,0.641,1.48,4.85,8.72,6.93,-11.13,0.359,False,False,0.0
2026-04-10,002432,九安医疗,55,1981.0,10jqka,post_close,2026-04-10 15:00:00,2026-04-10,1,1,,,ok,2026-04-10,89.18,92.75,94.8,88.25,272445.0,5.39,11.94,14.29,0.687,0.74,7.27,14.2,31.37,-2.16,0.313,False,False,0.0
2026-04-10,002202,金风科技,56,1968.0,10jqka,post_close,2026-04-10 15:00:00,2026-04-10,1,1,,,ok,2026-04-10,24.02,24.07,24.77,24.01,2016803.0,0.96,5.16,0.25,0.079,0.84,1.25,-3.63,-11.21,-35.0,0.921,False,False,0.0
2026-04-10,601899,紫金矿业,57,1932.0,10jqka,post_close,2026-04-10 15:00:00,2026-04-10,1,1,,,ok,2026-04-10,34.23,33.75,34.58,33.7,2375710.0,-0.44,4.13,1.9,0.057,1.01,0.69,1.4,1.47,-24.9,0.398,False,False,0.0
2026-04-10,600410,华胜天成,58,1911.0,10jqka,post_close,2026-04-10 15:00:00,2026-04-10,1,1,,,ok,2026-04-10,27.66,27.06,28.06,27.06,1596247.0,-1.06,5.7,7.64,0.0,0.96,1.71,4.15,3.54,-21.13,0.4,False,False,0.0
2026-04-10,000425,徐工机械,59,1904.0,10jqka,post_close,2026-04-10 15:00:00,2026-04-10,1,1,,,ok,2026-04-10,10.71,10.61,10.79,10.58,791118.0,0.09,6.21,3.01,0.143,0.95,1.51,2.6,1.46,-17.75,0.381,False,False,0.0
2026-04-10,600654,中安科,60,1889.0,10jqka,post_close,2026-04-10 15:00:00,2026-04-10,1,1,,,ok,2026-04-10,4.48,4.08,4.51,4.05,5285355.0,-8.93,2.0,23.26,0.065,1.96,-0.97,9.21,14.08,-15.7,0.065,False,False,0.0
2026-04-10,000720,新能泰山,61,1884.0,10jqka,post_close,2026-04-10 15:00:00,2026-04-10,1,1,,,ok,2026-04-10,5.8,5.43,6.03,5.43,2436455.0,-9.95,-16.85,0.56,0.0,0.87,-11.36,-4.52,10.32,-24.37,0.383,False,False,0.0
2026-04-10,605117,德业股份,62,1861.0,10jqka,post_close,2026-04-10 15:00:00,2026-04-10,1,1,,,ok,2026-04-10,136.0,139.6,139.6,135.76,127773.0,10.0,11.99,13.5,1.0,0.95,9.69,9.25,7.45,-1.68,0.0,True,False,0.0
2026-04-10,300131,英唐智控,63,1848.0,10jqka,post_close,2026-04-10 15:00:00,2026-04-10,1,1,,,ok,2026-04-10,13.0,15.42,15.42,12.98,2579978.0,20.0,36.58,37.68,1.0,3.37,21.99,26.93,21.72,-9.29,0.0,True,False,0.0
2026-04-10,600488,津药药业,64,1801.0,10jqka,post_close,2026-04-10 15:00:00,2026-04-10,1,1,,,ok,2026-04-10,6.67,6.42,6.99,6.37,2409621.0,-9.32,-16.3,1.26,0.081,1.47,-9.58,3.67,25.42,-23.93,0.516,False,False,0.0
2026-04-10,600482,中国动力,65,1789.0,10jqka,post_close,2026-04-10 15:00:00,2026-04-10,1,1,,,ok,2026-04-10,39.5,40.44,40.44,39.5,446848.0,10.01,24.62,25.36,1.0,1.03,13.95,20.12,24.17,0.0,0.0,True,False,0.0
2026-04-10,600345,长江通信,66,1781.0,10jqka,post_close,2026-04-10 15:00:00,2026-04-10,1,1,,,ok,2026-04-10,53.28,54.36,54.36,52.52,258492.0,10.0,25.08,26.8,1.0,1.2,15.43,21.73,30.59,0.0,0.0,True,False,0.0
2026-04-10,002342,巨力索具,67,1772.0,10jqka,post_close,2026-04-10 15:00:00,2026-04-10,1,1,,,ok,2026-04-10,16.0,15.5,16.66,15.42,3578273.0,-0.58,20.34,12.32,0.065,2.05,9.28,11.64,16.69,-27.64,0.532,False,False,0.0
2026-04-10,000670,盈方微,68,1763.0,10jqka,post_close,2026-04-10 15:00:00,2026-04-10,1,1,,,ok,2026-04-10,7.48,8.15,8.15,7.48,792665.0,9.99,10.28,4.49,1.0,1.17,8.12,1.02,-1.3,-27.43,0.0,True,False,0.0
2026-04-10,000890,法尔胜,69,1757.0,10jqka,post_close,2026-04-10 15:00:00,2026-04-10,1,1,,,ok,2026-04-10,15.39,14.21,15.6,14.21,784369.0,-10.01,-19.31,-10.63,0.0,0.83,-10.62,-7.98,0.19,-19.31,0.151,False,False,0.0
2026-04-10,600089,特变电工,70,1745.0,10jqka,post_close,2026-04-10 15:00:00,2026-04-10,1,1,,,ok,2026-04-10,26.99,27.09,27.35,26.8,1525840.0,1.35,6.86,3.52,0.527,1.1,2.93,1.44,-2.31,-18.6,0.473,False,False,0.0
2026-04-10,000070,特发信息,71,1725.0,10jqka,post_close,2026-04-10 15:00:00,2026-04-10,1,1,,,ok,2026-04-10,20.88,19.76,20.99,19.43,1830765.0,-5.36,8.99,2.01,0.212,1.14,2.46,7.44,16.81,-5.86,0.071,False,False,0.0
2026-04-10,600875,东方电气,72,1723.0,10jqka,post_close,2026-04-10 15:00:00,2026-04-10,1,1,,,ok,2026-04-10,39.16,39.51,40.38,38.6,1235581.0,3.13,13.47,5.9,0.511,1.41,5.19,6.68,5.65,-12.94,0.489,False,False,0.0
2026-04-10,600900,长江电力,73,1709.0,10jqka,post_close,2026-04-10 15:00:00,2026-04-10,1,1,,,ok,2026-04-10,26.47,26.4,26.5,26.32,665589.0,0.04,-0.3,-2.26,0.444,0.92,-0.41,-1.44,-2.26,-4.52,0.167,False,False,0.0
2026-04-10,000586,汇源通信,74,1660.0,10jqka,post_close,2026-04-10 15:00:00,2026-04-10,1,1,,,ok,2026-04-10,24.6,22.61,24.61,22.61,246609.0,-9.99,8.91,31.84,0.0,1.6,2.59,19.52,33.45,-9.99,0.005,False,False,0.0
2026-04-10,601012,隆基绿能,75,1653.0,10jqka,post_close,2026-04-10 15:00:00,2026-04-10,1,1,,,ok,2026-04-10,17.06,17.12,17.27,16.96,1170602.0,1.18,2.51,-1.38,0.516,0.83,1.04,-1.6,-5.28,-14.61,0.484,False,False,0.0
2026-04-10,002051,中工国际,76,1404.0,10jqka,post_close,2026-04-10 15:00:00,2026-04-10,1,1,,,ok,2026-04-10,11.5,10.73,11.62,10.63,1665139.0,-6.7,2.39,8.27,0.101,1.31,-0.22,8.33,15.46,-15.38,0.121,False,False,0.0
2026-04-10,603019,中科曙光,76,1652.0,10jqka,post_close,2026-04-10 15:00:00,2026-04-10,1,1,,,ok,2026-04-10,84.0,85.3,86.86,83.94,467892.0,2.4,9.44,9.25,0.466,1.59,4.71,5.87,3.42,-17.03,0.534,False,False,0.0
2026-04-10,300857,协创数据,77,1631.0,10jqka,post_close,2026-04-10 15:00:00,2026-04-10,1,1,,,ok,2026-04-10,167.69,148.51,167.69,144.77,177970.0,-9.91,0.75,-0.05,0.163,1.86,-4.03,-3.16,-6.7,-45.64,0.0,False,False,0.0
2026-04-10,600519,贵州茅台,78,1623.0,10jqka,post_close,2026-04-10 15:00:00,2026-04-10,1,1,,,ok,2026-04-10,1459.14,1453.96,1459.71,1441.1,28866.0,-0.45,0.97,-0.41,0.691,1.2,-0.13,0.38,0.84,-7.27,0.031,False,False,0.0
2026-04-10,600396,华电辽能,79,1611.0,10jqka,post_close,2026-04-10 15:00:00,2026-04-10,1,1,,,ok,2026-04-10,7.19,6.64,7.2,6.59,2310725.0,-7.0,-11.7,-9.54,0.082,0.87,-7.93,-13.03,-3.78,-30.03,0.016,False,False,0.0
2026-04-10,000762,西藏矿业,80,1357.0,10jqka,post_close,2026-04-10 15:00:00,2026-04-10,1,1,,,ok,2026-04-10,30.8,33.88,33.88,30.51,827075.0,10.0,11.45,8.38,1.0,1.82,8.51,10.51,16.6,0.0,0.0,True,False,0.0
2026-04-10,603088,宁波精达,80,1609.0,10jqka,post_close,2026-04-10 15:00:00,2026-04-10,1,1,,,ok,2026-04-10,12.29,13.44,13.44,12.29,467296.0,9.98,16.46,10.16,1.0,2.86,9.97,10.41,8.58,-4.41,0.0,True,False,0.0
2026-04-10,300033,同花顺,81,1587.0,10jqka,post_close,2026-04-10 15:00:00,2026-04-10,1,1,,,ok,2026-04-10,220.27,228.7,236.25,220.27,227273.0,5.68,11.06,9.27,0.528,3.05,5.78,6.99,5.23,-25.52,0.472,False,False,0.0
2026-04-10,000063,中兴通讯,82,1585.0,10jqka,post_close,2026-04-10 15:00:00,2026-04-10,1,1,,,ok,2026-04-10,35.5,35.79,36.17,35.2,1245411.0,0.65,10.67,11.67,0.608,1.48,5.38,7.62,5.53,-16.42,0.392,False,False,0.0
2026-04-10,603803,瑞斯康达,83,1337.0,10jqka,post_close,2026-04-10 15:00:00,2026-04-10,1,1,,,ok,2026-04-10,14.27,13.87,14.77,13.86,793331.0,-3.28,5.64,4.6,0.011,1.02,1.17,2.6,1.14,-13.31,0.549,False,False,0.0
2026-04-10,002916,深南电路,83,1571.0,10jqka,post_close,2026-04-10 15:00:00,2026-04-10,1,1,,,ok,2026-04-10,245.0,262.03,267.3,245.0,228835.0,7.83,21.36,19.65,0.764,1.95,11.86,13.95,10.01,-11.37,0.236,False,False,0.0
2026-04-10,600584,长电科技,84,1327.0,10jqka,post_close,2026-04-10 15:00:00,2026-04-10,1,1,,,ok,2026-04-10,42.74,43.02,43.79,42.74,667669.0,2.65,10.82,11.8,0.267,1.61,5.43,7.52,4.21,-21.25,0.733,False,False,0.0
2026-04-10,600884,杉杉股份,84,1561.0,10jqka,post_close,2026-04-10 15:00:00,2026-04-10,1,1,,,ok,2026-04-10,14.02,14.81,15.09,14.02,1549645.0,5.79,13.57,12.71,0.738,2.63,8.05,9.13,8.83,-9.03,0.262,False,False,0.0
2026-04-10,605299,舒华体育,85,1323.0,10jqka,post_close,2026-04-10 15:00:00,2026-04-10,1,1,,,ok,2026-04-10,21.55,19.58,21.68,19.58,427977.0,-9.18,-14.35,-13.9,0.0,0.72,-7.83,-6.64,9.31,-17.66,0.062,False,False,0.0
2026-04-10,688525,佰维存储,85,1550.0,10jqka,post_close,2026-04-10 15:00:00,2026-04-10,1,1,,,ok,2026-04-10,233.98,241.51,248.0,233.12,42541563.0,6.15,11.08,14.56,0.564,1.41,7.2,8.05,4.84,-7.68,0.436,False,False,0.0
2026-04-10,300014,亿纬锂能,86,1543.0,10jqka,post_close,2026-04-10 15:00:00,2026-04-10,1,1,,,ok,2026-04-10,66.0,69.08,70.75,65.65,1069911.0,6.1,13.84,9.74,0.673,1.86,8.24,6.54,2.94,-5.89,0.327,False,False,0.0
2026-04-10,600869,远东股份,87,1540.0,10jqka,post_close,2026-04-10 15:00:00,2026-04-10,1,1,,,ok,2026-04-10,16.2,15.6,16.36,15.58,1102979.0,-2.38,8.41,9.94,0.026,0.84,0.76,5.81,12.99,-4.65,0.205,False,False,0.0
2026-04-10,002560,通达股份,88,1539.0,10jqka,post_close,2026-04-10 15:00:00,2026-04-10,1,1,,,ok,2026-04-10,13.4,13.57,14.06,13.33,1631242.0,2.26,2.42,3.91,0.329,0.86,2.4,11.71,23.1,-5.57,0.671,False,False,0.0
2026-04-10,300058,蓝色光标,89,1267.0,10jqka,post_close,2026-04-10 15:00:00,2026-04-10,1,1,,,ok,2026-04-10,16.67,16.49,17.09,16.44,5474691.0,-1.02,21.34,18.98,0.077,1.28,7.89,11.17,11.85,-32.5,0.646,False,False,0.0
2026-04-10,002962,五方光电,89,1529.0,10jqka,post_close,2026-04-10 15:00:00,2026-04-10,1,1,,,ok,2026-04-10,16.29,16.91,16.91,16.01,358302.0,10.02,26.29,25.26,1.0,5.7,15.92,19.84,17.53,0.0,0.0,True,False,0.0
2026-04-10,600330,天通股份,90,1260.0,10jqka,post_close,2026-04-10 15:00:00,2026-04-10,1,1,,,ok,2026-04-10,20.6,19.0,20.79,18.66,2199377.0,-3.55,13.84,18.09,0.16,1.68,5.19,10.64,11.65,-8.61,0.089,False,False,0.0
2026-04-10,002222,福晶科技,90,1519.0,10jqka,post_close,2026-04-10 15:00:00,2026-04-10,1,1,,,ok,2026-04-10,81.74,85.48,86.99,81.73,453801.0,4.64,7.51,24.61,0.713,0.87,5.99,14.9,24.87,-1.74,0.287,False,False,0.0
2026-04-10,600537,亿晶光电,91,1258.0,10jqka,post_close,2026-04-10 15:00:00,2026-04-10,1,1,,,ok,2026-04-10,3.73,4.07,4.07,3.7,2112735.0,10.0,11.51,7.39,1.0,1.78,7.62,7.84,10.54,-0.73,0.0,True,False,0.0
2026-04-10,002733,雄韬股份,91,1508.0,10jqka,post_close,2026-04-10 15:00:00,2026-04-10,1,1,,,ok,2026-04-10,27.5,30.25,30.25,27.21,426395.0,10.0,10.08,23.42,1.0,1.76,9.07,13.51,13.62,0.0,0.0,True,False,0.0
2026-04-10,600498,烽火通信,92,1505.0,10jqka,post_close,2026-04-10 15:00:00,2026-04-10,1,1,,,ok,2026-04-10,54.8,52.4,54.8,51.7,1296176.0,-4.64,7.36,9.58,0.226,1.16,2.12,5.11,8.61,-15.18,0.0,False,False,0.0
2026-04-13,002580,圣阳股份,1,32760.0,10jqka,post_close,2026-04-13 15:00:00,2026-04-10,2,2,2.0,1.0,ok,2026-04-13,19.45,20.88,20.88,19.35,1021391.0,10.01,33.16,35.85,1.0,0.83,17.46,20.48,32.15,0.0,0.0,True,False,0.0
2026-04-13,603459,红板科技,2,28818.0,10jqka,post_close,2026-04-13 15:00:00,2026-04-10,2,2,25.0,23.0,ok,2026-04-13,54.13,62.82,69.97,54.13,514468.0,14.05,8.87,,0.549,0.95,11.25,11.25,11.25,-10.22,0.451,True,False,0.0
2026-04-13,000988,华工科技,3,23994.0,10jqka,post_close,2026-04-13 15:00:00,2026-04-10,2,2,14.0,11.0,ok,2026-04-13,114.86,125.16,125.2,114.86,1117461.0,7.97,13.36,20.88,0.996,1.3,9.67,14.86,12.51,-11.49,0.004,False,False,0.0
2026-04-13,600010,包钢股份,4,21817.0,10jqka,post_close,2026-04-13 15:00:00,2026-04-10,2,2,13.0,9.0,ok,2026-04-13,2.95,2.98,3.07,2.89,22308112.0,5.3,5.3,12.03,0.5,1.69,4.2,9.24,11.63,-12.61,0.5,False,False,0.0
2026-04-13,600396,华电辽能,5,20824.0,10jqka,post_close,2026-04-13 15:00:00,2026-04-10,2,2,79.0,74.0,ok,2026-04-13,6.65,7.3,7.3,6.52,2429743.0,9.94,-4.95,3.11,1.0,0.96,0.61,-2.22,3.23,-23.08,0.0,True,False,0.0
2026-04-13,603778,国晟科技,6,19406.0,10jqka,post_close,2026-04-13 15:00:00,2026-04-10,2,2,11.0,5.0,ok,2026-04-13,31.5,33.1,34.19,31.49,1257364.0,5.95,3.34,15.41,0.596,0.98,2.95,11.67,24.52,-3.41,0.404,False,False,0.0
2026-04-13,002558,巨人网络,7,18987.0,10jqka,post_close,2026-04-13 15:00:00,2026-04-13,1,1,,,ok,2026-04-13,35.16,31.52,35.5,31.11,1505568.0,-8.8,-8.85,-5.06,0.093,2.9,-5.37,-4.9,-4.49,-40.92,0.077,False,False,0.0
2026-04-13,300750,宁德时代,8,17866.0,10jqka,post_close,2026-04-13 15:00:00,2026-04-10,2,2,28.0,20.0,ok,2026-04-13,411.09,420.22,426.42,409.09,412399.0,2.72,9.32,10.72,0.642,1.33,6.41,6.44,6.07,-1.45,0.358,False,False,0.0
2026-04-13,000592,平潭发展,9,17441.0,10jqka,post_close,2026-04-13 15:00:00,2026-04-10,2,2,41.0,32.0,ok,2026-04-13,12.15,11.69,12.5,11.63,3843197.0,2.27,-5.19,0.09,0.069,1.17,-1.63,-2.66,3.51,-29.58,0.402,False,False,0.0
2026-04-13,000815,美利云,10,15756.0,10jqka,post_close,2026-04-13 15:00:00,2026-04-13,1,1,,,ok,2026-04-13,18.6,20.28,20.66,18.35,1453044.0,5.74,-0.15,4.7,0.835,1.02,2.51,2.68,4.64,-10.34,0.165,False,False,0.0
2026-04-13,600176,中国巨石,11,15001.0,10jqka,post_close,2026-04-13 15:00:00,2026-04-13,1,1,,,ok,2026-04-13,29.07,32.11,32.11,28.99,1209739.0,10.0,17.4,23.74,1.0,1.28,12.29,19.18,25.65,0.0,0.0,True,False,0.0
2026-04-13,600654,中安科,12,14175.0,10jqka,post_close,2026-04-13 15:00:00,2026-04-10,2,2,60.0,48.0,ok,2026-04-13,3.99,4.49,4.49,3.96,3061094.0,10.05,2.05,23.35,1.0,0.83,4.66,16.59,23.81,-7.23,0.0,True,False,0.0
2026-04-13,002263,大东南,13,14147.0,10jqka,post_close,2026-04-13 15:00:00,2026-04-10,2,2,10.0,-3.0,ok,2026-04-13,4.8,4.99,5.17,4.76,6237917.0,1.84,5.94,7.08,0.561,1.28,4.13,7.87,22.54,-3.67,0.439,False,False,0.0
2026-04-13,601869,长飞光纤,14,14133.0,10jqka,post_close,2026-04-13 15:00:00,2026-04-10,2,2,8.0,-6.0,ok,2026-04-13,372.0,369.18,375.88,360.0,230442.0,-3.95,1.96,4.73,0.578,1.11,-1.35,6.23,26.76,-7.31,0.244,False,False,0.0
2026-04-13,600105,永鼎股份,15,13849.0,10jqka,post_close,2026-04-13 15:00:00,2026-04-10,2,2,1.0,-14.0,ok,2026-04-13,37.87,38.7,39.61,36.7,2175915.0,1.57,16.46,24.92,0.687,1.26,10.65,20.15,31.76,-2.3,0.313,False,False,0.0
2026-04-13,600666,奥瑞德,16,13677.0,10jqka,post_close,2026-04-13 15:00:00,2026-04-10,2,2,16.0,0.0,ok,2026-04-13,6.01,6.42,6.5,6.01,4992703.0,1.9,-1.23,9.18,0.837,0.94,1.29,3.63,16.75,-10.21,0.163,False,False,0.0
2026-04-13,002281,光迅科技,17,13388.0,10jqka,post_close,2026-04-13 15:00:00,2026-04-10,2,2,18.0,1.0,ok,2026-04-13,107.29,113.73,115.88,107.29,707895.0,5.48,15.74,25.82,0.75,0.87,9.3,19.22,27.6,-1.86,0.25,False,False,0.0
2026-04-13,301696,三瑞智能,18,13372.0,10jqka,post_close,2026-04-13 15:00:00,2026-04-10,2,2,46.0,28.0,ok,2026-04-13,104.4,118.5,121.0,102.0,213445.0,28.8,,,0.868,0.87,12.59,12.59,12.59,-2.07,0.132,True,False,0.0
2026-04-13,002467,二六三,19,13314.0,10jqka,post_close,2026-04-13 15:00:00,2026-04-13,1,1,,,ok,2026-04-13,7.08,7.87,7.87,6.99,3561487.0,10.07,5.21,11.32,1.0,2.84,6.5,7.15,8.49,-1.62,0.0,True,False,0.0
2026-04-13,002418,康盛股份,20,13272.0,10jqka,post_close,2026-04-13 15:00:00,2026-04-10,2,2,20.0,0.0,ok,2026-04-13,5.89,6.26,6.26,5.88,1850578.0,10.02,24.95,37.89,1.0,1.9,16.88,24.55,31.1,0.0,0.0,True,False,0.0
2026-04-13,600110,诺德股份,21,12846.0,10jqka,post_close,2026-04-13 15:00:00,2026-04-10,2,2,35.0,14.0,ok,2026-04-13,9.55,10.19,10.35,9.55,2568336.0,3.14,3.77,16.46,0.8,0.85,2.56,7.07,16.66,-4.32,0.2,False,False,0.0
2026-04-13,002328,新朋股份,22,12814.0,10jqka,post_close,2026-04-13 15:00:00,2026-04-10,2,2,4.0,-18.0,ok,2026-04-13,11.12,10.76,11.12,10.2,2309409.0,6.43,28.86,37.07,0.609,2.6,15.38,28.03,42.16,-3.24,0.0,False,False,0.0
2026-04-13,000890,法尔胜,23,12696.0,10jqka,post_close,2026-04-13 15:00:00,2026-04-10,2,2,69.0,46.0,ok,2026-04-13,13.1,13.15,13.45,12.79,652130.0,-7.46,-17.14,-17.86,0.545,0.72,-14.2,-14.67,-7.96,-25.33,0.455,False,False,0.0
2026-04-13,002364,中恒电气,24,12441.0,10jqka,post_close,2026-04-13 15:00:00,2026-04-10,2,2,24.0,0.0,ok,2026-04-13,38.63,38.63,38.63,38.63,150094.0,9.99,33.07,41.71,1.0,0.63,19.02,30.67,30.0,0.0,0.0,True,True,0.0
2026-04-13,600103,青山纸业,25,12424.0,10jqka,post_close,2026-04-13 15:00:00,2026-04-10,2,2,21.0,-4.0,ok,2026-04-13,4.3,4.0,4.3,3.97,4601433.0,2.3,7.82,16.96,0.091,6.12,7.18,11.05,11.61,-8.05,0.0,False,False,0.0
2026-04-13,002475,立讯精密,26,12379.0,10jqka,post_close,2026-04-13 15:00:00,2026-04-10,2,2,3.0,-23.0,ok,2026-04-13,57.78,58.6,59.52,57.5,2388132.0,0.72,12.11,20.08,0.545,1.14,7.51,12.77,16.18,-2.85,0.455,False,False,0.0
2026-04-13,002594,比亚迪,27,12374.0,10jqka,post_close,2026-04-13 15:00:00,2026-04-10,2,2,32.0,5.0,ok,2026-04-13,101.57,104.25,104.99,100.81,663136.0,2.54,2.99,5.29,0.823,1.37,3.39,2.33,1.09,-6.77,0.177,False,False,0.0
2026-04-13,002342,巨力索具,28,12290.0,10jqka,post_close,2026-04-13 15:00:00,2026-04-10,2,2,67.0,39.0,ok,2026-04-13,15.56,16.34,16.66,15.56,2676106.0,5.42,15.31,27.86,0.709,1.29,9.69,14.42,21.59,-23.72,0.291,False,False,0.0
2026-04-13,600743,华远控股,29,12011.0,10jqka,post_close,2026-04-13 15:00:00,2026-04-10,2,2,30.0,1.0,ok,2026-04-13,2.92,2.92,2.92,2.81,810129.0,10.19,33.33,61.33,1.0,0.72,20.07,35.06,42.47,0.0,0.0,True,False,0.0
2026-04-13,002131,利欧股份,30,11790.0,10jqka,post_close,2026-04-13 15:00:00,2026-04-10,2,2,49.0,19.0,ok,2026-04-13,7.91,8.05,8.19,7.88,5241681.0,0.75,1.26,13.06,0.548,1.11,2.63,4.46,5.1,-22.6,0.452,False,False,0.0
2026-04-13,603256,宏和科技,31,11781.0,10jqka,post_close,2026-04-13 15:00:00,2026-04-13,1,1,,,ok,2026-04-13,81.18,89.3,89.3,80.94,182436.0,10.0,20.4,31.32,1.0,0.74,14.53,20.46,27.48,0.0,0.0,True,False,0.0
2026-04-13,603538,美诺华,32,11706.0,10jqka,post_close,2026-04-13 15:00:00,2026-04-10,2,2,7.0,-25.0,ok,2026-04-13,49.5,48.07,50.2,46.77,694795.0,-3.07,11.17,20.18,0.379,0.96,6.49,11.32,32.39,-4.24,0.204,False,False,0.0
2026-04-13,600487,亨通光电,33,11395.0,10jqka,post_close,2026-04-13 15:00:00,2026-04-10,2,2,23.0,-10.0,ok,2026-04-13,55.0,53.49,55.95,53.1,2035119.0,-4.45,-8.66,-7.86,0.137,1.09,-6.57,-3.83,6.14,-13.02,0.333,False,False,0.0
2026-04-13,002384,东山精密,34,11174.0,10jqka,post_close,2026-04-13 15:00:00,2026-04-10,2,2,5.0,-29.0,ok,2026-04-13,143.61,146.83,149.68,143.61,1086159.0,2.28,22.45,32.82,0.53,1.47,12.74,23.88,28.96,-1.9,0.47,False,False,0.0
2026-04-13,603803,瑞斯康达,35,11071.0,10jqka,post_close,2026-04-13 15:00:00,2026-04-10,2,2,83.0,48.0,ok,2026-04-13,14.3,15.26,15.26,14.3,458258.0,10.02,9.0,15.52,1.0,0.61,8.07,11.61,10.67,-4.63,0.0,True,False,0.0
2026-04-13,001309,德明利,36,11035.0,10jqka,post_close,2026-04-13 15:00:00,2026-04-10,2,2,9.0,-27.0,ok,2026-04-13,450.15,481.49,488.5,450.15,216110.0,7.66,22.42,36.78,0.817,1.24,14.27,21.27,27.89,-1.44,0.183,False,False,0.0
2026-04-13,002080,中材科技,37,11007.0,10jqka,post_close,2026-04-13 15:00:00,2026-04-13,1,1,,,ok,2026-04-13,45.0,50.14,50.14,45.0,639829.0,10.0,14.66,26.23,1.0,1.56,12.32,18.33,19.34,-6.4,0.0,True,False,0.0
2026-04-13,002491,通鼎互联,38,10719.0,10jqka,post_close,2026-04-13 15:00:00,2026-04-10,2,2,39.0,1.0,ok,2026-04-13,14.18,14.82,15.55,13.88,2631245.0,1.58,-2.5,17.99,0.563,1.13,-0.63,9.83,23.51,-11.04,0.437,False,False,0.0
2026-04-13,001896,豫能控股,39,10300.0,10jqka,post_close,2026-04-13 15:00:00,2026-04-13,1,1,,,ok,2026-04-13,13.38,14.41,14.5,13.29,1586298.0,9.08,10.0,14.09,0.926,1.42,9.02,7.67,0.51,-19.41,0.074,False,False,0.0
2026-04-13,002309,中利集团,40,10239.0,10jqka,post_close,2026-04-13 15:00:00,2026-04-10,2,2,31.0,-9.0,ok,2026-04-13,4.39,4.45,4.58,4.18,4320620.0,1.14,-11.53,-11.53,0.675,0.56,-6.79,-7.5,0.26,-18.05,0.325,False,False,0.0
2026-04-13,300390,天华新能,41,9848.0,10jqka,post_close,2026-04-13 15:00:00,2026-04-10,2,2,17.0,-24.0,ok,2026-04-13,69.36,80.2,81.7,69.28,1112884.0,17.42,40.65,37.92,0.879,1.8,23.57,29.07,38.95,-1.84,0.121,True,False,0.0
2026-04-13,600527,江南高纤,42,9813.0,10jqka,post_close,2026-04-13 15:00:00,2026-04-13,1,1,,,ok,2026-04-13,2.57,2.81,2.81,2.57,2120257.0,10.2,8.91,23.79,1.0,1.4,7.66,10.11,11.89,0.0,0.0,True,False,0.0
2026-04-13,600703,三安光电,43,9647.0,10jqka,post_close,2026-04-13 15:00:00,2026-04-10,2,2,50.0,7.0,ok,2026-04-13,11.9,12.45,12.59,11.85,3005111.0,4.27,0.32,6.87,0.811,1.19,2.62,4.27,-8.44,-33.67,0.189,False,False,0.0
2026-04-13,000889,中嘉博创,44,9644.0,10jqka,post_close,2026-04-13 15:00:00,2026-04-10,2,2,43.0,-1.0,ok,2026-04-13,4.28,3.92,4.35,3.92,2171211.0,-9.89,9.19,22.5,0.0,3.01,2.78,9.47,13.25,-9.89,0.163,False,False,0.0
2026-04-13,002902,铭普光磁,45,9600.0,10jqka,post_close,2026-04-13 15:00:00,2026-04-13,1,1,,,ok,2026-04-13,27.5,30.88,30.88,27.35,598348.0,10.01,5.14,14.37,1.0,1.09,7.33,9.42,17.7,0.0,0.0,True,False,0.0
2026-04-13,601012,隆基绿能,46,9476.0,10jqka,post_close,2026-04-13 15:00:00,2026-04-10,2,2,75.0,29.0,ok,2026-04-13,17.0,17.68,18.02,16.95,2163953.0,3.27,2.08,6.12,0.682,1.57,3.1,2.11,-1.86,-11.82,0.318,False,False,0.0
2026-04-13,300476,胜宏科技,47,9468.0,10jqka,post_close,2026-04-13 15:00:00,2026-04-10,2,2,54.0,7.0,ok,2026-04-13,283.01,296.16,300.0,283.01,450794.0,2.91,4.32,13.17,0.774,1.22,5.26,10.38,9.63,-8.54,0.226,False,False,0.0
2026-04-13,002361,神剑股份,48,9460.0,10jqka,post_close,2026-04-13 15:00:00,2026-04-10,2,2,48.0,0.0,ok,2026-04-13,16.48,16.7,17.38,16.18,2867378.0,1.27,-0.48,6.1,0.433,1.11,2.29,2.35,18.14,-8.74,0.567,False,False,0.0
2026-04-13,603019,中科曙光,49,9223.0,10jqka,post_close,2026-04-13 15:00:00,2026-04-10,2,2,76.0,27.0,ok,2026-04-13,84.61,88.99,90.5,84.61,701246.0,4.33,7.35,14.25,0.744,2.07,6.34,9.42,7.9,-13.44,0.256,False,False,0.0
2026-04-13,002074,国轩高科,50,9159.0,10jqka,post_close,2026-04-13 15:00:00,2026-04-10,2,2,15.0,-35.0,ok,2026-04-13,38.8,39.5,39.5,38.5,1369871.0,1.78,12.31,18.05,1.0,3.21,8.18,9.89,7.69,-6.18,0.0,False,False,0.0
2026-04-13,002517,恺英网络,51,9006.0,10jqka,post_close,2026-04-13 15:00:00,2026-04-13,1,1,,,ok,2026-04-13,19.49,18.17,19.49,18.17,1711153.0,-10.0,-6.68,-1.2,0.0,2.95,-4.4,-2.75,-2.14,-35.52,0.0,False,False,0.0
2026-04-13,002124,天邦食品,52,8894.0,10jqka,post_close,2026-04-13 15:00:00,2026-04-13,1,1,,,ok,2026-04-13,2.34,2.59,2.59,2.33,952265.0,10.21,7.92,12.61,1.0,2.89,7.47,8.5,7.16,-6.83,0.0,True,False,0.0
2026-04-13,002439,启明星辰,53,8799.0,10jqka,post_close,2026-04-13 15:00:00,2026-04-13,1,1,,,ok,2026-04-13,14.26,14.26,14.26,14.07,274442.0,10.03,8.19,12.82,1.0,2.89,8.29,9.77,6.75,-15.87,0.0,True,False,0.0
2026-04-13,002297,博云新材,54,8799.0,10jqka,post_close,2026-04-13 15:00:00,2026-04-10,2,2,44.0,-10.0,ok,2026-04-13,12.08,12.08,12.08,12.08,96940.0,10.02,7.19,13.32,1.0,0.59,7.51,9.19,9.74,-17.6,0.0,True,True,0.0
2026-04-13,601138,工业富联,55,8796.0,10jqka,post_close,2026-04-13 15:00:00,2026-04-10,2,2,12.0,-43.0,ok,2026-04-13,56.0,55.7,56.55,55.4,1357149.0,-1.45,-1.61,6.75,0.261,0.82,0.75,4.18,7.41,-12.97,0.478,False,False,0.0
2026-04-13,002460,赣锋锂业,56,8749.0,10jqka,post_close,2026-04-13 15:00:00,2026-04-10,2,2,47.0,-9.0,ok,2026-04-13,83.84,84.38,86.3,83.01,1010330.0,0.48,2.89,5.81,0.416,1.4,2.82,4.71,12.36,-3.0,0.584,False,False,0.0
2026-04-13,002957,科瑞技术,57,8732.0,10jqka,post_close,2026-04-13 15:00:00,2026-04-13,1,1,,,ok,2026-04-13,37.65,41.36,41.36,37.65,281648.0,10.0,11.63,35.08,1.0,0.73,10.43,25.6,41.18,0.0,0.0,True,False,0.0
2026-04-13,002714,牧原股份,58,8315.0,10jqka,post_close,2026-04-13 15:00:00,2026-04-10,2,2,19.0,-39.0,ok,2026-04-13,43.0,44.17,44.5,42.65,510632.0,2.7,-0.38,2.96,0.822,1.4,0.95,2.14,-2.15,-14.2,0.178,False,False,0.0
2026-04-13,300274,阳光电源,59,7982.0,10jqka,post_close,2026-04-13 15:00:00,2026-04-10,2,2,52.0,-7.0,ok,2026-04-13,129.03,134.24,136.31,129.02,850777.0,2.64,5.71,8.86,0.716,1.16,5.19,0.86,-10.67,-26.24,0.284,False,False,0.0
2026-04-13,002506,协鑫集成,60,7901.0,10jqka,post_close,2026-04-13 15:00:00,2026-04-13,1,1,,,ok,2026-04-13,4.4,4.56,4.67,4.37,6387550.0,2.7,0.88,8.31,0.633,1.24,2.24,-0.13,-9.52,-28.3,0.367,False,False,0.0
2026-04-13,301015,百洋医药,61,7827.0,10jqka,post_close,2026-04-13 15:00:00,2026-04-13,1,1,,,ok,2026-04-13,24.59,24.15,25.54,24.04,222604.0,1.43,-3.01,-6.97,0.073,1.06,-0.3,-1.61,3.98,-16.06,0.633,False,False,0.0
2026-04-13,600498,烽火通信,62,7815.0,10jqka,post_close,2026-04-13 15:00:00,2026-04-10,2,2,92.0,30.0,ok,2026-04-13,51.3,50.17,51.7,48.75,1035708.0,-4.26,-2.11,2.05,0.481,0.87,-2.61,-0.2,4.22,-18.79,0.136,False,False,0.0
2026-04-13,000400,许继电气,63,7800.0,10jqka,post_close,2026-04-13 15:00:00,2026-04-13,1,1,,,ok,2026-04-13,26.03,25.66,26.3,25.63,909602.0,-9.9,-9.04,-4.65,0.045,4.68,-6.49,-6.42,-8.65,-25.95,0.403,False,False,0.0
2026-04-13,000586,汇源通信,64,7795.0,10jqka,post_close,2026-04-13 15:00:00,2026-04-10,2,2,74.0,10.0,ok,2026-04-13,20.35,21.6,22.48,20.35,694274.0,-4.47,-5.43,14.47,0.587,3.94,-4.37,10.34,25.35,-14.01,0.413,False,False,0.0
2026-04-13,920012,创达新材,65,7557.0,10jqka,post_close,2026-04-13 15:00:00,2026-04-13,1,1,,,ok,2026-04-13,43.06,51.67,54.93,42.0,116990.0,,,,0.748,,0.0,0.0,0.0,-5.93,0.252,False,False,0.0
2026-04-13,600438,通威股份,66,7523.0,10jqka,post_close,2026-04-13 15:00:00,2026-04-13,1,1,,,ok,2026-04-13,16.26,17.57,17.92,16.18,1469970.0,7.86,7.13,12.56,0.799,3.7,7.24,7.33,2.63,-21.21,0.201,False,False,0.0
2026-04-13,300308,中际旭创,67,7412.0,10jqka,post_close,2026-04-13 15:00:00,2026-04-10,2,2,6.0,-61.0,ok,2026-04-13,738.8,738.0,744.0,714.23,228876.0,0.46,7.4,21.68,0.798,0.76,6.33,15.02,19.71,-0.81,0.175,False,False,0.0
2026-04-13,002202,金风科技,68,7399.0,10jqka,post_close,2026-04-13 15:00:00,2026-04-10,2,2,56.0,-12.0,ok,2026-04-13,23.79,24.14,24.3,23.7,1225553.0,0.29,1.26,-0.33,0.733,0.53,1.62,-2.05,-9.74,-34.81,0.267,False,False,0.0
2026-04-13,300058,蓝色光标,69,7365.0,10jqka,post_close,2026-04-13 15:00:00,2026-04-10,2,2,89.0,20.0,ok,2026-04-13,16.16,16.54,16.97,16.0,4381318.0,0.3,1.41,23.71,0.557,0.92,3.91,9.82,11.6,-32.3,0.443,False,False,0.0
2026-04-13,301526,国际复材,70,7307.0,10jqka,post_close,2026-04-13 15:00:00,2026-04-13,1,1,,,ok,2026-04-13,12.67,14.83,15.15,12.67,3218202.0,16.04,20.57,34.09,0.871,1.99,16.08,22.5,27.45,-8.23,0.129,True,False,0.0
2026-04-13,002051,中工国际,71,7306.0,10jqka,post_close,2026-04-13 15:00:00,2026-04-10,2,2,76.0,5.0,ok,2026-04-13,10.2,9.84,10.3,9.69,1216386.0,-8.29,-14.66,3.25,0.246,0.85,-9.02,-1.85,5.52,-22.4,0.164,False,False,0.0
2026-04-13,000791,甘肃能源,72,7218.0,10jqka,post_close,2026-04-13 15:00:00,2026-04-13,1,1,,,ok,2026-04-13,7.97,8.0,8.0,7.97,397381.0,10.04,8.7,11.42,1.0,0.98,8.11,7.32,0.79,-14.26,0.0,True,False,0.0
2026-04-13,600111,北方稀土,73,7204.0,10jqka,post_close,2026-04-13 15:00:00,2026-04-10,2,2,38.0,-35.0,ok,2026-04-13,53.05,52.34,53.35,51.89,1048659.0,1.14,1.24,9.93,0.308,1.25,1.64,5.54,8.11,-17.67,0.205,False,False,0.0
2026-04-13,600410,华胜天成,74,7144.0,10jqka,post_close,2026-04-13 15:00:00,2026-04-10,2,2,58.0,-16.0,ok,2026-04-13,26.63,26.76,27.29,26.6,1130939.0,-1.11,-3.95,6.4,0.232,0.68,-0.62,2.22,2.75,-22.01,0.768,False,False,0.0
2026-04-13,603002,宏昌电子,75,7126.0,10jqka,post_close,2026-04-13 15:00:00,2026-04-13,1,1,,,ok,2026-04-13,10.82,11.69,11.97,10.8,959727.0,6.86,6.18,20.52,0.761,1.64,5.49,11.33,13.68,-5.27,0.239,False,False,0.0
2026-04-13,002560,通达股份,76,7039.0,10jqka,post_close,2026-04-13 15:00:00,2026-04-10,2,2,88.0,12.0,ok,2026-04-13,13.27,14.28,14.31,13.27,1629163.0,5.23,5.39,13.15,0.971,0.9,5.12,13.27,27.47,-0.63,0.029,False,False,0.0
2026-04-13,605117,德业股份,77,7003.0,10jqka,post_close,2026-04-13 15:00:00,2026-04-10,2,2,62.0,-15.0,ok,2026-04-13,139.6,146.94,153.56,137.21,421391.0,5.26,19.17,20.54,0.595,3.37,11.08,13.47,12.55,-4.31,0.405,False,False,0.0
2026-04-13,600759,洲际油气,78,6992.0,10jqka,post_close,2026-04-13 15:00:00,2026-04-13,1,1,,,ok,2026-04-13,5.6,5.75,5.83,5.29,7047553.0,6.68,8.49,0.7,0.852,1.58,3.94,1.63,-6.75,-36.74,0.148,False,False,0.0
2026-04-13,603629,利通电子,79,6962.0,10jqka,post_close,2026-04-13 15:00:00,2026-04-13,1,1,,,ok,2026-04-13,73.98,72.68,79.95,70.71,526715.0,0.0,3.24,22.32,0.213,1.67,2.55,8.71,12.94,-9.09,0.646,False,False,0.0
2026-04-13,601899,紫金矿业,80,6876.0,10jqka,post_close,2026-04-13 15:00:00,2026-04-10,2,2,57.0,-23.0,ok,2026-04-13,33.38,33.66,33.8,33.31,1765321.0,-0.27,-2.77,2.28,0.714,0.76,-0.02,0.77,1.52,-25.1,0.286,False,False,0.0
2026-04-13,002837,英维克,81,6868.0,10jqka,post_close,2026-04-13 15:00:00,2026-04-10,2,2,34.0,-47.0,ok,2026-04-13,99.06,102.86,103.3,99.05,610063.0,3.85,12.42,22.99,0.896,1.41,9.11,14.41,8.01,-11.71,0.104,False,False,0.0
2026-04-13,600488,津药药业,82,6852.0,10jqka,post_close,2026-04-13 15:00:00,2026-04-10,2,2,64.0,-18.0,ok,2026-04-13,6.15,5.91,6.24,5.91,1702141.0,-7.94,-19.7,-15.21,0.0,0.81,-14.2,-6.94,13.58,-29.98,0.273,False,False,0.0
2026-04-13,002463,沪电股份,83,6763.0,10jqka,post_close,2026-04-13 15:00:00,2026-04-10,2,2,45.0,-38.0,ok,2026-04-13,86.5,88.67,90.62,86.41,754932.0,0.4,5.47,16.18,0.537,0.97,4.73,9.42,7.72,-5.63,0.463,False,False,0.0
2026-04-13,002709,天赐材料,84,6676.0,10jqka,post_close,2026-04-13 15:00:00,2026-04-10,2,2,40.0,-44.0,ok,2026-04-13,45.88,46.71,47.26,45.7,1127756.0,-0.02,4.54,8.18,0.647,1.28,3.75,3.38,4.6,-8.41,0.353,False,False,0.0
2026-04-13,002980,华盛昌,85,6629.0,10jqka,post_close,2026-04-13 15:00:00,2026-04-13,1,1,,,ok,2026-04-13,53.03,58.31,58.31,53.03,88471.0,10.0,10.31,26.51,1.0,0.47,7.76,19.11,33.37,0.0,0.0,True,False,0.0
2026-04-13,603659,璞泰来,86,6588.0,10jqka,post_close,2026-04-13 15:00:00,2026-04-13,1,1,,,ok,2026-04-13,33.25,34.4,34.95,33.04,813078.0,2.93,10.01,15.98,0.712,1.27,6.97,8.23,8.55,-2.27,0.288,False,False,0.0
2026-04-13,000612,焦作万方,87,6553.0,10jqka,post_close,2026-04-13 15:00:00,2026-04-13,1,1,,,ok,2026-04-13,13.35,13.51,13.51,13.25,861390.0,10.02,10.92,18.72,1.0,2.14,8.92,11.29,12.34,-13.4,0.0,True,False,0.0
2026-04-13,002192,融捷股份,88,6552.0,10jqka,post_close,2026-04-13 15:00:00,2026-04-13,1,1,,,ok,2026-04-13,72.93,78.32,79.74,72.69,476565.0,7.04,9.26,9.86,0.799,1.41,6.56,5.84,16.81,-7.25,0.201,False,False,0.0
2026-04-13,002432,九安医疗,89,6531.0,10jqka,post_close,2026-04-13 15:00:00,2026-04-10,2,2,55.0,-34.0,ok,2026-04-13,91.0,85.93,91.4,85.53,388103.0,-7.35,-1.9,5.92,0.068,1.23,-1.71,3.6,19.13,-9.36,0.068,False,False,0.0
2026-04-13,000977,浪潮信息,90,6486.0,10jqka,post_close,2026-04-13 15:00:00,2026-04-10,2,2,27.0,-63.0,ok,2026-04-13,66.0,68.34,70.19,65.81,1055603.0,1.24,9.03,20.02,0.578,1.39,5.77,12.42,13.95,-4.55,0.422,False,False,0.0
2026-04-13,600089,特变电工,91,6448.0,10jqka,post_close,2026-04-13 15:00:00,2026-04-10,2,2,70.0,-21.0,ok,2026-04-13,26.74,26.92,26.99,26.43,1306209.0,-0.63,0.0,5.57,0.875,0.93,1.2,1.31,-2.32,-19.11,0.125,False,False,0.0
2026-04-13,002466,天齐锂业,92,6439.0,10jqka,post_close,2026-04-13 15:00:00,2026-04-13,1,1,,,ok,2026-04-13,59.43,62.1,62.47,59.43,768397.0,4.12,6.57,12.01,0.878,1.5,5.48,8.16,13.29,-5.91,0.122,False,False,0.0
2026-04-13,603601,再升科技,93,6430.0,10jqka,post_close,2026-04-13 15:00:00,2026-04-13,1,1,,,ok,2026-04-13,13.16,13.72,13.98,13.1,1656547.0,3.08,-3.79,-2.0,0.705,0.68,-0.1,-3.13,5.74,-13.98,0.295,False,False,0.0
2026-04-13,600982,宁波能源,94,6292.0,10jqka,post_close,2026-04-13 15:00:00,2026-04-13,1,1,,,ok,2026-04-13,5.3,5.79,5.79,5.28,1140615.0,10.08,7.82,11.56,1.0,1.34,6.55,3.06,0.95,-21.76,0.0,True,False,0.0
2026-04-13,600415,小商品城,95,6211.0,10jqka,post_close,2026-04-13 15:00:00,2026-04-13,1,1,,,ok,2026-04-13,12.82,12.38,12.83,12.3,1461427.0,-5.5,-9.3,-4.11,0.151,1.87,-4.89,-5.06,-6.42,-34.88,0.019,False,False,0.0
2026-04-13,300502,新易盛,96,6139.0,10jqka,post_close,2026-04-13 15:00:00,2026-04-10,2,2,33.0,-63.0,ok,2026-04-13,518.0,512.72,522.0,500.01,375113.0,-1.87,2.24,12.61,0.578,1.02,3.15,7.94,11.34,-2.89,0.182,False,False,0.0
2026-04-13,000720,新能泰山,97,6122.0,10jqka,post_close,2026-04-13 15:00:00,2026-04-10,2,2,61.0,-36.0,ok,2026-04-13,5.21,5.37,5.49,5.0,2077355.0,-1.1,-19.85,-9.6,0.755,0.75,-10.68,-5.34,7.78,-25.21,0.245,False,False,0.0
2026-04-13,000617,中油资本,98,6113.0,10jqka,post_close,2026-04-13 15:00:00,2026-04-13,1,1,,,ok,2026-04-13,10.28,10.08,10.32,9.99,2584477.0,-1.75,-2.98,-5.79,0.273,0.4,-4.27,-2.67,-2.28,-14.36,0.121,False,False,0.0
2026-04-13,003031,中瓷电子,99,6112.0,10jqka,post_close,2026-04-13 15:00:00,2026-04-13,1,1,,,ok,2026-04-13,96.05,104.1,104.99,96.05,192571.0,8.46,11.47,17.53,0.9,0.91,8.08,17.72,24.72,-0.85,0.1,False,False,0.0
2026-04-13,603986,兆易创新,100,6074.0,10jqka,post_close,2026-04-13 15:00:00,2026-04-10,2,2,42.0,-58.0,ok,2026-04-13,261.0,262.14,269.84,260.9,412421.0,-1.11,2.41,5.23,0.139,0.97,2.13,3.68,-2.58,-20.84,0.861,False,False,0.0
2026-04-14,603778,国晟科技,1,41485.0,10jqka,post_close,2026-04-14 15:00:00,2026-04-10,3,3,6.0,5.0,ok,2026-04-14,29.79,29.79,29.79,29.79,104425.0,-10.0,-9.29,-5.58,1.0,0.08,-6.32,-0.99,10.56,-13.07,,False,False,0.0
2026-04-14,002580,圣阳股份,2,27571.0,10jqka,post_close,2026-04-14 15:00:00,2026-04-10,3,3,1.0,-1.0,ok,2026-04-14,22.79,22.97,22.97,21.33,1765415.0,10.01,33.16,42.76,1.0,1.44,19.94,27.42,41.18,0.0,0.0,True,False,0.0
2026-04-14,000973,佛塑科技,3,14883.0,10jqka,post_close,2026-04-14 15:00:00,2026-04-14,1,1,,,ok,2026-04-14,19.09,18.88,19.23,18.3,572174.0,-2.48,8.44,6.97,0.624,0.87,2.99,4.58,7.79,-4.41,0.151,False,False,0.0
2026-04-14,002463,沪电股份,4,13514.0,10jqka,post_close,2026-04-14 15:00:00,2026-04-10,3,3,83.0,79.0,ok,2026-04-14,91.68,97.54,97.54,90.88,937441.0,10.0,13.63,27.62,1.0,1.13,9.73,17.7,17.53,0.0,0.0,True,False,0.0
2026-04-14,002364,中恒电气,5,13397.0,10jqka,post_close,2026-04-14 15:00:00,2026-04-10,3,3,24.0,19.0,ok,2026-04-14,42.0,42.49,42.49,40.67,865489.0,9.99,33.07,54.12,1.0,4.86,19.89,36.75,40.65,0.0,0.0,True,False,0.0
2026-04-14,002328,新朋股份,6,12696.0,10jqka,post_close,2026-04-14 15:00:00,2026-04-10,3,3,22.0,16.0,ok,2026-04-14,11.12,11.84,11.84,10.8,1657394.0,10.04,28.84,44.04,1.0,1.44,17.81,33.56,51.53,0.0,0.0,True,False,0.0
2026-04-14,000938,紫光股份,7,12294.0,10jqka,post_close,2026-04-14 15:00:00,2026-04-14,1,1,,,ok,2026-04-14,28.09,27.86,28.18,27.52,1397283.0,-1.35,3.11,10.86,0.515,0.97,1.92,6.41,7.5,-2.66,0.136,False,False,0.0
2026-04-14,300308,中际旭创,8,12009.0,10jqka,post_close,2026-04-14 15:00:00,2026-04-10,3,3,67.0,59.0,ok,2026-04-14,750.0,773.0,786.22,748.78,292668.0,4.74,11.7,24.97,0.647,1.01,6.63,17.1,23.28,-1.68,0.353,False,False,0.0
2026-04-14,002759,天际股份,9,11867.0,10jqka,post_close,2026-04-14 15:00:00,2026-04-14,1,1,,,ok,2026-04-14,36.28,38.92,39.5,35.81,779109.0,8.17,12.32,13.7,0.843,1.57,7.4,9.44,11.7,-19.32,0.157,False,False,0.0
2026-04-14,600396,华电辽能,10,10834.0,10jqka,post_close,2026-04-14 15:00:00,2026-04-10,3,3,5.0,-5.0,ok,2026-04-14,7.6,8.03,8.03,7.52,1873030.0,10.0,12.46,6.78,1.0,0.75,9.13,7.64,10.61,-15.38,0.0,True,False,0.0
2026-04-14,000988,华工科技,11,10756.0,10jqka,post_close,2026-04-14 15:00:00,2026-04-10,3,3,3.0,-8.0,ok,2026-04-14,120.0,120.63,124.34,118.0,1412244.0,-3.62,4.96,15.77,0.415,1.5,2.74,9.33,8.27,-14.69,0.585,False,False,0.0
2026-04-14,002202,金风科技,12,9988.0,10jqka,post_close,2026-04-14 15:00:00,2026-04-10,3,3,68.0,56.0,ok,2026-04-14,24.35,25.3,25.34,24.1,2797037.0,4.81,6.12,10.53,0.968,1.34,4.38,3.68,-4.38,-31.68,0.032,False,False,0.0
2026-04-14,002149,西部材料,13,9984.0,10jqka,post_close,2026-04-14 15:00:00,2026-04-14,1,1,,,ok,2026-04-14,46.24,50.0,50.0,44.61,708170.0,10.01,7.32,10.18,1.0,1.53,5.99,4.36,7.39,-13.76,0.0,True,False,0.0
2026-04-14,601138,工业富联,14,9876.0,10jqka,post_close,2026-04-14 15:00:00,2026-04-10,3,3,55.0,41.0,ok,2026-04-14,56.47,58.92,59.29,56.13,2549507.0,5.78,7.09,12.06,0.883,1.49,4.18,8.25,12.95,-7.94,0.117,False,False,0.0
2026-04-14,600743,华远控股,15,9803.0,10jqka,post_close,2026-04-14 15:00:00,2026-04-10,3,3,29.0,14.0,ok,2026-04-14,3.21,3.21,3.21,3.15,686833.0,9.93,33.2,61.31,1.0,0.55,19.96,40.36,52.06,0.0,0.0,True,False,0.0
2026-04-14,002083,孚日股份,16,9720.0,10jqka,post_close,2026-04-14 15:00:00,2026-04-14,1,1,,,ok,2026-04-14,13.21,14.53,14.53,13.15,966880.0,9.99,21.08,21.08,1.0,1.58,12.27,15.57,23.15,0.0,0.0,True,False,0.0
2026-04-14,300017,网宿科技,17,9395.0,10jqka,post_close,2026-04-14 15:00:00,2026-04-14,1,1,,,ok,2026-04-14,19.1,18.67,19.48,18.42,2990857.0,2.81,4.01,16.32,0.236,1.33,2.62,6.84,6.55,-22.53,0.358,False,False,0.0
2026-04-14,002475,立讯精密,18,8717.0,10jqka,post_close,2026-04-14 15:00:00,2026-04-10,3,3,26.0,8.0,ok,2026-04-14,59.0,59.14,60.65,58.55,2432745.0,0.92,7.35,22.22,0.281,1.01,4.38,11.58,16.12,-2.49,0.719,False,False,0.0
2026-04-14,002460,赣锋锂业,19,8498.0,10jqka,post_close,2026-04-14 15:00:00,2026-04-10,3,3,56.0,37.0,ok,2026-04-14,84.99,88.28,88.48,83.61,915730.0,4.62,8.97,11.8,0.959,1.14,5.18,8.45,16.18,-0.23,0.041,False,False,0.0
2026-04-14,002709,天赐材料,20,8488.0,10jqka,post_close,2026-04-14 15:00:00,2026-04-10,3,3,84.0,64.0,ok,2026-04-14,47.1,49.35,49.5,46.9,1273000.0,5.65,13.21,13.71,0.942,1.32,6.8,8.87,10.32,-3.24,0.058,False,False,0.0
2026-04-14,601778,晶科科技,21,8134.0,10jqka,post_close,2026-04-14 15:00:00,2026-04-14,1,1,,,ok,2026-04-14,5.56,6.03,6.03,5.55,5584423.0,10.04,18.7,23.06,1.0,2.96,12.79,18.05,14.1,-5.49,0.0,True,False,0.0
2026-04-14,002342,巨力索具,22,7769.0,10jqka,post_close,2026-04-14 15:00:00,2026-04-10,3,3,28.0,6.0,ok,2026-04-14,16.34,17.15,17.21,16.01,2893640.0,4.96,10.01,33.15,0.95,1.27,8.89,16.77,26.23,-19.93,0.05,False,False,0.0
2026-04-14,300058,蓝色光标,23,7735.0,10jqka,post_close,2026-04-14 15:00:00,2026-04-10,3,3,69.0,46.0,ok,2026-04-14,16.93,17.27,17.48,16.8,6584452.0,4.41,3.66,27.08,0.691,1.26,3.7,12.52,15.79,-29.31,0.309,False,False,0.0
2026-04-14,603026,石大胜华,24,7558.0,10jqka,post_close,2026-04-14 15:00:00,2026-04-14,1,1,,,ok,2026-04-14,95.0,98.52,98.52,94.02,143381.0,10.0,27.25,21.26,1.0,0.7,14.38,15.7,19.81,0.0,0.0,True,False,0.0
2026-04-14,301292,海科新源,25,7543.0,10jqka,post_close,2026-04-14 15:00:00,2026-04-14,1,1,,,ok,2026-04-14,88.2,106.86,106.86,86.6,332446.0,20.0,31.25,24.31,1.0,1.45,20.2,20.18,31.73,0.0,0.0,True,False,0.0
2026-04-14,002240,盛新锂能,26,7487.0,10jqka,post_close,2026-04-14 15:00:00,2026-04-14,1,1,,,ok,2026-04-14,46.01,48.48,48.57,45.32,943757.0,8.07,24.31,24.95,0.972,1.86,13.98,18.34,23.16,-0.19,0.028,False,False,0.0
2026-04-14,002124,天邦食品,27,7486.0,10jqka,post_close,2026-04-14 15:00:00,2026-04-13,2,2,52.0,25.0,ok,2026-04-14,2.61,2.85,2.85,2.57,1956042.0,10.04,21.79,20.25,1.0,4.42,13.73,17.28,17.33,0.0,0.0,True,False,0.0
2026-04-14,603538,美诺华,28,7485.0,10jqka,post_close,2026-04-14 15:00:00,2026-04-10,3,3,32.0,4.0,ok,2026-04-14,48.07,50.96,51.79,46.8,642920.0,6.01,12.0,29.64,0.834,0.94,7.35,15.9,35.53,-1.6,0.166,False,False,0.0
2026-04-14,300857,协创数据,29,7442.0,10jqka,post_close,2026-04-14 15:00:00,2026-04-10,2,1,77.0,48.0,ok,2026-04-14,171.23,178.04,178.04,171.23,170763.0,20.03,8.01,20.78,1.0,1.18,10.67,14.49,12.84,-34.84,0.0,True,False,0.0
2026-04-14,002361,神剑股份,30,7323.0,10jqka,post_close,2026-04-14 15:00:00,2026-04-10,3,3,48.0,18.0,ok,2026-04-14,16.55,16.85,17.09,16.36,2755677.0,0.9,2.68,10.49,0.671,1.08,1.23,2.12,17.5,-7.92,0.329,False,False,0.0
2026-04-14,002131,利欧股份,31,7253.0,10jqka,post_close,2026-04-14 15:00:00,2026-04-10,3,3,30.0,-1.0,ok,2026-04-14,8.17,8.12,8.3,8.03,6262335.0,0.87,1.5,12.31,0.333,1.22,1.22,4.84,5.8,-21.92,0.481,False,False,0.0
2026-04-14,001309,德明利,32,6965.0,10jqka,post_close,2026-04-14 15:00:00,2026-04-10,3,3,36.0,4.0,ok,2026-04-14,485.19,500.63,510.9,481.0,203781.0,3.98,23.13,32.38,0.657,1.04,12.29,22.97,30.4,-2.01,0.343,False,False,0.0
2026-04-14,603629,利通电子,33,6947.0,10jqka,post_close,2026-04-14 15:00:00,2026-04-13,2,2,79.0,46.0,ok,2026-04-14,78.0,79.95,79.95,74.0,320240.0,10.0,7.14,24.92,1.0,0.84,7.94,16.87,22.47,0.0,0.0,True,False,0.0
2026-04-14,002297,博云新材,34,6827.0,10jqka,post_close,2026-04-14 15:00:00,2026-04-10,3,3,54.0,20.0,ok,2026-04-14,13.29,13.29,13.29,13.29,101676.0,10.02,19.51,23.86,1.0,0.64,13.13,17.65,19.89,-9.35,0.0,True,True,0.0
2026-04-14,002157,正邦科技,35,6716.0,10jqka,post_close,2026-04-14 15:00:00,2026-04-14,1,1,,,ok,2026-04-14,3.16,3.49,3.49,3.13,6268105.0,10.09,13.68,14.43,1.0,4.41,9.61,12.0,11.13,-1.41,0.0,True,False,0.0
2026-04-14,002229,鸿博股份,36,6693.0,10jqka,post_close,2026-04-14 15:00:00,2026-04-14,1,1,,,ok,2026-04-14,18.58,19.7,19.7,18.46,445830.0,9.99,7.47,10.49,1.0,0.73,6.59,8.38,9.87,0.0,0.0,True,False,0.0
2026-04-14,600664,哈药股份,37,6687.0,10jqka,post_close,2026-04-14 15:00:00,2026-04-14,1,1,,,ok,2026-04-14,3.7,4.04,4.04,3.62,2566908.0,10.08,7.73,4.39,1.0,1.25,6.54,9.01,13.45,-1.22,0.0,True,False,0.0
2026-04-14,600666,奥瑞德,38,6670.0,10jqka,post_close,2026-04-14 15:00:00,2026-04-10,3,3,16.0,-22.0,ok,2026-04-14,6.61,6.48,6.76,6.42,5666638.0,0.93,-1.22,9.64,0.176,1.09,0.43,4.2,15.48,-9.37,0.441,False,False,0.0
2026-04-14,600152,维科技术,39,6642.0,10jqka,post_close,2026-04-14 15:00:00,2026-04-14,1,1,,,ok,2026-04-14,10.81,11.89,11.89,10.53,955514.0,9.99,20.71,24.11,1.0,1.38,13.56,16.26,17.99,0.0,0.0,True,False,0.0
2026-04-14,603256,宏和科技,40,6634.0,10jqka,post_close,2026-04-14 15:00:00,2026-04-13,2,2,31.0,-9.0,ok,2026-04-14,95.0,98.0,98.23,94.0,352806.0,9.74,28.61,42.03,0.946,1.47,16.99,27.74,37.3,-0.23,0.054,True,False,0.0
2026-04-14,600105,永鼎股份,41,6628.0,10jqka,post_close,2026-04-14 15:00:00,2026-04-10,3,3,15.0,-26.0,ok,2026-04-14,38.1,37.18,38.62,36.8,1840653.0,-3.93,7.33,23.07,0.209,1.01,2.23,12.13,24.73,-6.13,0.286,False,False,0.0
2026-04-14,603986,兆易创新,42,6607.0,10jqka,post_close,2026-04-14 15:00:00,2026-04-10,3,3,100.0,58.0,ok,2026-04-14,269.5,280.01,281.23,266.39,466205.0,6.82,11.78,12.16,0.918,0.99,6.57,9.7,4.57,-15.45,0.082,False,False,0.0
2026-04-14,002213,大为股份,43,6484.0,10jqka,post_close,2026-04-14 15:00:00,2026-04-14,1,1,,,ok,2026-04-14,34.88,38.08,38.08,34.53,179726.0,9.99,17.13,41.77,1.0,0.42,12.91,22.89,25.52,0.0,0.0,True,False,0.0
2026-04-14,002594,比亚迪,44,6237.0,10jqka,post_close,2026-04-14 15:00:00,2026-04-10,3,3,27.0,-17.0,ok,2026-04-14,103.0,103.82,104.19,102.5,543343.0,-0.41,4.84,5.96,0.781,1.05,1.79,2.13,0.71,-7.15,0.219,False,False,0.0
2026-04-14,000620,盈新发展,45,6149.0,10jqka,post_close,2026-04-14 15:00:00,2026-04-14,1,1,,,ok,2026-04-14,2.87,3.11,3.11,2.83,2200347.0,9.89,12.27,14.76,1.0,1.75,8.21,10.68,6.31,-23.96,0.0,True,False,0.0
2026-04-14,002837,英维克,46,6149.0,10jqka,post_close,2026-04-14 15:00:00,2026-04-10,3,3,81.0,35.0,ok,2026-04-14,103.16,109.79,111.7,101.51,657688.0,6.74,17.94,29.41,0.813,1.32,10.61,19.46,15.0,-5.76,0.187,False,False,0.0
2026-04-14,002170,芭田股份,47,6052.0,10jqka,post_close,2026-04-14 15:00:00,2026-04-14,1,1,,,ok,2026-04-14,13.44,13.43,13.45,13.23,273162.0,0.07,1.51,4.43,0.909,0.96,0.33,2.61,2.92,-11.35,0.045,False,False,0.0
2026-04-14,001896,豫能控股,48,5996.0,10jqka,post_close,2026-04-14 15:00:00,2026-04-13,2,2,39.0,-9.0,ok,2026-04-14,14.87,15.06,15.85,14.7,2068272.0,4.51,17.66,19.81,0.313,1.76,9.8,12.38,4.62,-15.77,0.687,False,False,0.0
2026-04-14,688525,佰维存储,49,5951.0,10jqka,post_close,2026-04-14 15:00:00,2026-04-10,2,1,85.0,36.0,ok,2026-04-14,265.99,288.1,294.22,262.01,52201819.0,12.61,26.63,32.51,0.81,1.43,15.92,24.78,22.49,-2.08,0.19,True,False,0.0
2026-04-14,002565,顺灏股份,50,5922.0,10jqka,post_close,2026-04-14 15:00:00,2026-04-14,1,1,,,ok,2026-04-14,16.52,17.3,17.35,16.1,2153169.0,5.36,0.41,7.99,0.96,1.0,2.0,4.26,6.32,-26.07,0.04,False,False,0.0
2026-04-14,002980,华盛昌,51,5894.0,10jqka,post_close,2026-04-14 15:00:00,2026-04-13,2,2,85.0,34.0,ok,2026-04-14,59.6,64.14,64.14,59.6,163984.0,10.0,15.19,26.51,1.0,0.91,12.92,25.79,42.55,0.0,0.0,True,False,0.0
2026-04-14,300274,阳光电源,52,5803.0,10jqka,post_close,2026-04-14 15:00:00,2026-04-10,3,3,59.0,7.0,ok,2026-04-14,135.01,139.46,142.12,131.5,1064538.0,3.89,12.65,14.05,0.75,1.4,6.41,6.19,-6.15,-23.37,0.25,False,False,0.0
2026-04-14,002560,通达股份,53,5773.0,10jqka,post_close,2026-04-14 15:00:00,2026-04-10,3,3,76.0,23.0,ok,2026-04-14,13.87,13.81,14.18,13.55,1355845.0,-3.29,4.07,4.23,0.413,0.79,0.83,6.17,21.45,-3.9,0.492,False,False,0.0
2026-04-14,002407,多氟多,54,5700.0,10jqka,post_close,2026-04-14 15:00:00,2026-04-14,1,1,,,ok,2026-04-14,29.08,30.88,30.88,28.8,1242615.0,7.71,12.29,12.74,1.0,1.85,7.6,9.66,11.76,-8.31,0.0,False,False,0.0
2026-04-14,002418,康盛股份,55,5690.0,10jqka,post_close,2026-04-14 15:00:00,2026-04-10,3,3,20.0,-35.0,ok,2026-04-14,6.21,6.1,6.29,5.93,3754786.0,-2.56,17.99,31.18,0.472,3.0,8.04,18.35,26.32,-3.02,0.222,False,False,0.0
2026-04-14,300390,天华新能,56,5684.0,10jqka,post_close,2026-04-14 15:00:00,2026-04-10,3,3,41.0,-15.0,ok,2026-04-14,76.63,81.05,81.24,76.63,842429.0,1.06,30.73,42.24,0.959,1.08,16.26,26.69,37.16,-0.8,0.041,False,False,0.0
2026-04-14,002990,盛视科技,57,5641.0,10jqka,post_close,2026-04-14 15:00:00,2026-04-14,1,1,,,ok,2026-04-14,35.01,38.28,38.28,34.93,272937.0,10.0,15.02,22.3,1.0,2.03,10.64,17.5,24.7,0.0,0.0,True,False,0.0
2026-04-14,002309,中利集团,58,5602.0,10jqka,post_close,2026-04-14 15:00:00,2026-04-10,3,3,40.0,-18.0,ok,2026-04-14,4.41,4.24,4.5,4.18,4421200.0,-4.72,-10.92,-18.93,0.188,0.68,-7.34,-10.91,-5.34,-21.92,0.281,False,False,0.0
2026-04-14,601899,紫金矿业,59,5510.0,10jqka,post_close,2026-04-14 15:00:00,2026-04-10,3,3,80.0,21.0,ok,2026-04-14,34.49,34.8,34.95,34.35,2988457.0,3.39,2.65,7.37,0.75,1.25,1.92,3.56,4.95,-22.56,0.25,False,False,0.0
2026-04-14,601869,长飞光纤,60,5363.0,10jqka,post_close,2026-04-14 15:00:00,2026-04-10,3,3,14.0,-46.0,ok,2026-04-14,369.99,364.5,376.76,360.01,174594.0,-1.27,-8.49,2.07,0.268,0.8,-2.98,3.02,22.39,-8.49,0.404,False,False,0.0
2026-04-14,300750,宁德时代,61,5337.0,10jqka,post_close,2026-04-14 15:00:00,2026-04-10,3,3,8.0,-53.0,ok,2026-04-14,414.59,423.88,425.58,407.49,442208.0,0.87,10.65,12.23,0.906,1.29,4.89,6.89,6.7,-0.6,0.094,False,False,0.0
2026-04-14,300476,胜宏科技,62,5308.0,10jqka,post_close,2026-04-14 15:00:00,2026-04-10,3,3,47.0,-15.0,ok,2026-04-14,297.63,308.01,312.01,293.71,581666.0,4.0,11.59,17.16,0.781,1.49,6.07,12.59,13.58,-4.89,0.219,False,False,0.0
2026-04-14,600795,国电电力,63,5279.0,10jqka,post_close,2026-04-14 15:00:00,2026-04-14,1,1,,,ok,2026-04-14,4.79,4.82,4.85,4.77,873390.0,0.42,-1.03,2.34,0.625,0.75,-0.12,0.19,-1.57,-8.71,0.375,False,False,0.0
2026-04-14,603929,亚翔集成,64,5184.0,10jqka,post_close,2026-04-14 15:00:00,2026-04-14,1,1,,,ok,2026-04-14,209.61,190.35,211.0,190.35,94083.0,-10.0,-4.34,9.68,0.0,1.64,-4.08,0.91,2.13,-11.73,0.067,False,False,0.0
2026-04-14,000967,盈峰环境,65,5143.0,10jqka,post_close,2026-04-14 15:00:00,2026-04-14,1,1,,,ok,2026-04-14,11.54,11.69,11.69,11.2,2665083.0,9.97,23.05,27.2,1.0,2.01,13.65,21.05,27.16,0.0,0.0,True,False,0.0
2026-04-14,603803,瑞斯康达,66,5114.0,10jqka,post_close,2026-04-14 15:00:00,2026-04-10,3,3,35.0,-31.0,ok,2026-04-14,16.79,15.0,16.79,14.83,1198776.0,-1.7,4.6,14.24,0.087,1.74,3.49,8.55,7.99,-10.66,0.0,False,False,0.0
2026-04-14,000889,中嘉博创,67,5094.0,10jqka,post_close,2026-04-14 15:00:00,2026-04-10,3,3,44.0,-23.0,ok,2026-04-14,3.89,4.31,4.31,3.89,1261655.0,9.95,9.11,32.21,1.0,1.12,7.11,17.63,22.98,-0.92,0.0,True,False,0.0
2026-04-14,002051,中工国际,68,5064.0,10jqka,post_close,2026-04-14 15:00:00,2026-04-10,3,3,71.0,3.0,ok,2026-04-14,10.11,10.82,10.82,9.96,1653422.0,9.96,-5.91,3.24,1.0,1.16,-0.59,5.76,14.92,-14.67,0.0,True,False,0.0
2026-04-14,600410,华胜天成,69,5010.0,10jqka,post_close,2026-04-14 15:00:00,2026-04-10,3,3,74.0,5.0,ok,2026-04-14,27.2,27.32,27.79,27.0,1624666.0,2.09,-0.11,6.72,0.405,0.98,0.18,3.67,5.13,-20.37,0.595,False,False,0.0
2026-04-14,600110,诺德股份,70,5000.0,10jqka,post_close,2026-04-14 15:00:00,2026-04-10,3,3,21.0,-49.0,ok,2026-04-14,10.2,10.37,10.55,10.02,2252719.0,1.77,2.07,7.68,0.66,0.72,2.84,7.53,17.37,-2.63,0.34,False,False,0.0
2026-04-14,600654,中安科,71,4973.0,10jqka,post_close,2026-04-14 15:00:00,2026-04-10,3,3,12.0,-59.0,ok,2026-04-14,4.46,4.52,4.66,4.35,5680379.0,0.67,0.89,13.0,0.548,1.4,2.87,14.03,22.98,-6.61,0.452,False,False,0.0
2026-04-14,002466,天齐锂业,72,4871.0,10jqka,post_close,2026-04-14 15:00:00,2026-04-13,2,2,92.0,20.0,ok,2026-04-14,62.5,64.53,64.64,61.77,760424.0,3.91,11.93,13.81,0.962,1.27,6.77,10.98,16.56,-2.23,0.038,False,False,0.0
2026-04-14,002428,云南锗业,73,4869.0,10jqka,post_close,2026-04-14 15:00:00,2026-04-14,1,1,,,ok,2026-04-14,56.0,58.88,60.64,54.56,1165598.0,6.8,5.92,11.6,0.711,1.19,4.9,10.8,20.24,-2.9,0.289,False,False,0.0
2026-04-14,600488,津药药业,74,4855.0,10jqka,post_close,2026-04-14 15:00:00,2026-04-10,3,3,82.0,8.0,ok,2026-04-14,5.94,6.22,6.27,5.87,1828137.0,5.25,-12.15,-18.9,0.875,0.81,-5.73,-4.26,17.27,-26.3,0.125,False,False,0.0
2026-04-14,002074,国轩高科,75,4807.0,10jqka,post_close,2026-04-14 15:00:00,2026-04-10,3,3,50.0,-25.0,ok,2026-04-14,39.29,39.92,39.99,38.92,899974.0,1.06,13.15,18.11,0.935,1.41,5.79,10.17,8.67,-5.18,0.065,False,False,0.0
2026-04-14,000890,法尔胜,76,4719.0,10jqka,post_close,2026-04-14 15:00:00,2026-04-10,3,3,23.0,-53.0,ok,2026-04-14,12.5,12.1,12.85,12.0,909932.0,-7.98,-23.37,-31.29,0.118,1.08,-14.93,-20.06,-15.28,-31.29,0.412,False,False,0.0
2026-04-14,002263,大东南,77,4707.0,10jqka,post_close,2026-04-14 15:00:00,2026-04-10,3,3,13.0,-64.0,ok,2026-04-14,4.91,4.94,5.11,4.8,4353603.0,-1.0,11.01,0.61,0.452,0.89,2.96,4.88,19.45,-4.63,0.548,False,False,0.0
2026-04-14,603002,宏昌电子,78,4670.0,10jqka,post_close,2026-04-14 15:00:00,2026-04-13,2,2,75.0,-3.0,ok,2026-04-14,11.82,12.86,12.86,11.65,614684.0,10.01,15.86,20.52,1.0,0.84,11.63,19.45,23.96,0.0,0.0,True,False,0.0
2026-04-14,002384,东山精密,79,4657.0,10jqka,post_close,2026-04-14 15:00:00,2026-04-10,3,3,34.0,-45.0,ok,2026-04-14,147.0,146.0,149.01,143.51,876028.0,-0.57,10.69,33.93,0.453,1.05,6.08,19.06,26.73,-2.46,0.365,False,False,0.0
2026-04-14,002272,川润股份,80,4644.0,10jqka,post_close,2026-04-14 15:00:00,2026-04-14,1,1,,,ok,2026-04-14,19.42,19.68,19.76,18.89,981757.0,3.42,2.39,7.36,0.908,1.08,2.3,6.67,9.97,-12.92,0.092,False,False,0.0
2026-04-14,600010,包钢股份,81,4622.0,10jqka,post_close,2026-04-14 15:00:00,2026-04-10,3,3,4.0,-77.0,ok,2026-04-14,2.96,2.86,2.97,2.8,18409113.0,-4.03,-0.35,2.51,0.353,1.24,-0.49,3.7,7.06,-16.13,0.059,False,False,0.0
2026-04-14,002792,通宇通讯,82,4611.0,10jqka,post_close,2026-04-14 15:00:00,2026-04-14,1,1,,,ok,2026-04-14,45.55,48.02,49.01,43.9,727675.0,6.22,1.37,1.03,0.806,1.06,2.08,5.16,11.58,-34.53,0.194,False,False,0.0
2026-04-14,002008,大族激光,83,4606.0,10jqka,post_close,2026-04-14 15:00:00,2026-04-14,1,1,,,ok,2026-04-14,76.6,82.7,83.36,76.06,554951.0,9.13,8.3,28.5,0.91,1.2,8.19,18.57,24.54,-0.79,0.09,False,False,0.0
2026-04-14,002281,光迅科技,84,4572.0,10jqka,post_close,2026-04-14 15:00:00,2026-04-10,3,3,17.0,-67.0,ok,2026-04-14,113.5,111.4,114.36,110.2,650000.0,-2.05,3.06,20.61,0.288,0.83,3.28,14.0,23.06,-3.87,0.207,False,False,0.0
2026-04-14,301189,奥尼电子,85,4552.0,10jqka,post_close,2026-04-14 15:00:00,2026-04-14,1,1,,,ok,2026-04-14,59.78,71.99,71.99,59.78,118190.0,20.0,44.21,55.28,1.0,1.77,24.74,38.9,48.58,0.0,0.0,True,False,0.0
2026-04-14,600089,特变电工,86,4528.0,10jqka,post_close,2026-04-14 15:00:00,2026-04-10,3,3,91.0,5.0,ok,2026-04-14,27.26,27.48,27.56,26.93,1610633.0,2.08,2.81,8.4,0.873,1.17,1.67,3.53,0.04,-17.43,0.127,False,False,0.0
2026-04-14,301219,腾远钴业,87,4525.0,10jqka,post_close,2026-04-14 15:00:00,2026-04-14,1,1,,,ok,2026-04-14,77.8,82.02,82.02,75.77,362065.0,20.0,30.4,36.2,1.0,6.03,20.2,27.46,30.82,0.0,0.0,True,False,0.0
2026-04-14,000815,美利云,88,4484.0,10jqka,post_close,2026-04-14 15:00:00,2026-04-13,2,2,10.0,-78.0,ok,2026-04-14,20.65,20.91,21.3,20.5,1622043.0,3.11,4.08,9.71,0.512,1.18,3.75,5.4,6.72,-7.56,0.488,False,False,0.0
2026-04-14,002506,协鑫集成,89,4479.0,10jqka,post_close,2026-04-14 15:00:00,2026-04-13,2,2,60.0,-29.0,ok,2026-04-14,4.57,4.43,4.59,4.35,5615063.0,-2.85,0.68,1.14,0.333,1.05,-0.89,-1.62,-11.5,-30.35,0.083,False,False,0.0
2026-04-14,002432,九安医疗,90,4469.0,10jqka,post_close,2026-04-14 15:00:00,2026-04-10,3,3,89.0,-1.0,ok,2026-04-14,84.57,77.8,85.9,77.34,591332.0,-9.46,-11.6,-6.11,0.054,1.81,-9.97,-6.46,6.13,-17.93,0.155,False,False,0.0
2026-04-14,600487,亨通光电,91,4449.0,10jqka,post_close,2026-04-14 15:00:00,2026-04-10,3,3,33.0,-58.0,ok,2026-04-14,53.51,52.67,54.41,52.15,1569564.0,-1.53,-11.54,-10.27,0.23,0.81,-6.03,-5.1,3.95,-14.36,0.398,False,False,0.0
2026-04-14,600111,北方稀土,92,4433.0,10jqka,post_close,2026-04-14 15:00:00,2026-04-10,3,3,73.0,-19.0,ok,2026-04-14,52.34,50.54,52.34,49.62,1386277.0,-3.44,-2.43,1.3,0.338,1.44,-2.1,1.21,4.3,-20.5,0.0,False,False,0.0
2026-04-14,000669,ST金鸿,93,4418.0,10jqka,post_close,2026-04-14 15:00:00,2026-04-14,1,1,,,ok,2026-04-14,4.5,4.79,4.96,4.5,297041.0,1.05,-7.53,-7.35,0.63,1.3,-3.58,-4.33,-6.0,-13.85,0.37,False,False,0.0
2026-04-14,001299,美能能源,94,4402.0,10jqka,post_close,2026-04-14 15:00:00,2026-04-14,1,1,,,ok,2026-04-14,17.0,18.54,18.54,17.0,211310.0,10.03,33.09,38.26,1.0,2.1,18.54,26.99,32.39,0.0,0.0,True,False,0.0
2026-04-14,002714,牧原股份,95,4366.0,10jqka,post_close,2026-04-14 15:00:00,2026-04-10,3,3,58.0,-37.0,ok,2026-04-14,44.18,45.78,46.1,43.8,696446.0,3.65,4.52,5.36,0.861,1.68,3.53,5.24,1.86,-11.07,0.139,False,False,0.0
2026-04-14,600879,航天电子,96,4341.0,10jqka,post_close,2026-04-14 15:00:00,2026-04-14,1,1,,,ok,2026-04-14,21.55,22.51,22.64,21.3,2084713.0,5.24,4.41,10.56,0.903,2.03,3.93,5.06,4.51,-30.18,0.097,False,False,0.0
2026-04-14,300502,新易盛,97,4335.0,10jqka,post_close,2026-04-14 15:00:00,2026-04-10,3,3,96.0,-1.0,ok,2026-04-14,522.94,520.0,538.9,515.0,387738.0,1.42,6.12,13.36,0.209,1.04,2.09,8.07,11.63,-3.51,0.668,False,False,0.0
2026-04-14,002812,恩捷股份,98,4335.0,10jqka,post_close,2026-04-14 15:00:00,2026-04-14,1,1,,,ok,2026-04-14,67.48,70.7,70.72,67.26,427533.0,5.71,7.41,1.3,0.994,1.26,4.24,4.63,3.9,-7.67,0.006,False,False,0.0
2026-04-14,000547,航天发展,99,4295.0,10jqka,post_close,2026-04-14 15:00:00,2026-04-14,1,1,,,ok,2026-04-14,26.6,27.17,27.34,26.12,1960793.0,2.84,1.46,4.78,0.861,1.57,1.03,0.82,-1.95,-33.16,0.139,False,False,0.0
2026-04-14,000586,汇源通信,100,4295.0,10jqka,post_close,2026-04-14 15:00:00,2026-04-10,3,3,64.0,-36.0,ok,2026-04-14,20.63,23.19,23.76,20.48,790037.0,7.36,-7.68,11.71,0.826,2.58,0.51,14.12,31.74,-7.68,0.174,False,False,0.0
2026-04-15,600105,永鼎股份,1,191477.0,10jqka,post_close,2026-04-15 15:00:00,2026-04-10,4,4,41.0,40.0,ok,2026-04-15,37.26,37.54,40.27,36.98,2323465.0,0.97,-1.47,12.97,0.17,1.19,0.83,9.97,23.76,-6.78,0.83,False,False,0.0
2026-04-15,601179,中国西电,2,115897.0,10jqka,post_close,2026-04-15 15:00:00,2026-04-10,2,1,36.0,34.0,ok,2026-04-15,16.42,17.7,17.8,16.3,4449445.0,9.26,10.07,10.56,0.933,2.49,8.47,11.61,9.94,-14.29,0.067,False,False,0.0
2026-04-15,600488,津药药业,3,113732.0,10jqka,post_close,2026-04-15 15:00:00,2026-04-10,4,4,74.0,71.0,ok,2026-04-15,6.18,6.84,6.84,5.96,2444698.0,9.97,6.54,-7.07,1.0,1.08,5.33,2.75,25.79,-18.96,0.0,True,False,0.0
2026-04-15,603538,美诺华,4,98656.0,10jqka,post_close,2026-04-15 15:00:00,2026-04-10,4,4,28.0,24.0,ok,2026-04-15,50.91,55.5,56.06,50.18,699440.0,8.91,11.92,28.35,0.905,1.03,11.17,22.17,42.09,-1.0,0.095,False,False,0.0
2026-04-15,600743,华远控股,5,91827.0,10jqka,post_close,2026-04-15 15:00:00,2026-04-10,4,4,15.0,10.0,ok,2026-04-15,3.53,2.89,3.53,2.89,4505529.0,-9.97,9.06,31.96,0.0,3.51,2.63,21.28,34.17,-18.13,0.0,False,False,0.0
2026-04-15,002328,新朋股份,6,90815.0,10jqka,post_close,2026-04-15 15:00:00,2026-04-10,4,4,6.0,0.0,ok,2026-04-15,11.9,12.5,13.0,11.84,2289402.0,5.57,23.64,49.7,0.569,1.79,14.89,33.23,54.28,-3.85,0.431,False,False,0.0
2026-04-15,002565,顺灏股份,7,88327.0,10jqka,post_close,2026-04-15 15:00:00,2026-04-14,2,2,50.0,43.0,ok,2026-04-15,17.32,17.7,18.57,17.11,2920142.0,2.31,6.24,2.97,0.404,1.36,3.74,6.23,7.8,-19.29,0.596,False,False,0.0
2026-04-15,603778,国晟科技,8,81832.0,10jqka,post_close,2026-04-15 15:00:00,2026-04-10,4,4,1.0,-7.0,ok,2026-04-15,26.81,26.81,26.81,26.81,46543.0,-10.0,-14.18,-16.3,1.0,0.04,-12.83,-11.43,-0.87,-21.77,,False,False,0.0
2026-04-15,000988,华工科技,9,79737.0,10jqka,post_close,2026-04-15 15:00:00,2026-04-10,4,4,11.0,2.0,ok,2026-04-15,120.39,112.3,120.39,110.6,1347892.0,-6.91,-3.12,1.71,0.174,1.21,-4.66,0.97,0.74,-20.59,0.0,False,False,0.0
2026-04-15,000078,海王生物,10,77161.0,10jqka,post_close,2026-04-15 15:00:00,2026-04-15,1,1,,,ok,2026-04-15,3.68,4.02,4.03,3.61,4701616.0,9.84,6.63,15.19,0.976,1.59,6.29,9.42,18.81,-16.77,0.024,True,False,0.0
2026-04-15,600396,华电辽能,11,76917.0,10jqka,post_close,2026-04-15 15:00:00,2026-04-10,4,4,10.0,-1.0,ok,2026-04-15,8.13,8.05,8.66,7.61,4392251.0,0.25,21.23,4.82,0.419,1.84,8.32,8.34,8.39,-15.17,0.505,False,False,0.0
2026-04-15,002202,金风科技,12,76896.0,10jqka,post_close,2026-04-15 15:00:00,2026-04-10,4,4,12.0,0.0,ok,2026-04-15,25.43,25.02,25.95,24.84,2581314.0,-1.11,3.95,4.95,0.162,1.18,2.23,3.07,-4.81,-32.43,0.468,False,False,0.0
2026-04-15,000592,平潭发展,13,76152.0,10jqka,post_close,2026-04-15 15:00:00,2026-04-10,3,1,9.0,-4.0,ok,2026-04-15,11.16,11.33,11.49,10.98,2570572.0,0.27,-0.87,-8.11,0.686,0.77,-1.75,-4.24,-0.04,-31.75,0.314,False,False,0.0
2026-04-15,002580,圣阳股份,14,76048.0,10jqka,post_close,2026-04-15 15:00:00,2026-04-10,4,4,2.0,-12.0,ok,2026-04-15,24.48,25.27,25.27,24.48,1079066.0,10.01,33.14,61.16,1.0,0.79,19.93,34.46,49.73,0.0,0.0,True,False,0.0
2026-04-15,002361,神剑股份,15,74203.0,10jqka,post_close,2026-04-15 15:00:00,2026-04-10,4,4,30.0,15.0,ok,2026-04-15,16.85,18.54,18.54,16.6,3087686.0,10.03,12.43,10.49,1.0,1.18,9.07,10.98,26.4,0.0,0.0,True,False,0.0
2026-04-15,001896,豫能控股,16,74098.0,10jqka,post_close,2026-04-15 15:00:00,2026-04-13,3,3,48.0,32.0,ok,2026-04-15,15.06,16.57,16.57,14.2,2662223.0,10.03,25.44,26.49,1.0,1.89,14.99,21.07,14.05,-7.33,0.0,True,False,0.0
2026-04-15,002342,巨力索具,17,72289.0,10jqka,post_close,2026-04-15 15:00:00,2026-04-10,4,4,22.0,5.0,ok,2026-04-15,17.03,18.29,18.71,16.8,2871134.0,6.65,18.0,29.08,0.78,1.09,10.35,21.32,32.28,-14.61,0.22,False,False,0.0
2026-04-15,603629,利通电子,18,70266.0,10jqka,post_close,2026-04-15 15:00:00,2026-04-13,3,3,33.0,15.0,ok,2026-04-15,81.55,87.95,87.95,79.95,442209.0,10.01,21.01,24.93,1.0,1.2,13.37,24.25,31.72,0.0,0.0,True,False,0.0
2026-04-15,603985,恒润股份,19,65333.0,10jqka,post_close,2026-04-15 15:00:00,2026-04-15,1,1,,,ok,2026-04-15,21.16,22.31,23.27,20.99,716766.0,5.48,5.43,1.69,0.579,1.38,4.62,6.38,11.49,-4.13,0.421,False,False,0.0
2026-04-15,600666,奥瑞德,20,65159.0,10jqka,post_close,2026-04-15 15:00:00,2026-04-10,4,4,38.0,18.0,ok,2026-04-15,6.31,6.23,6.55,6.01,4907955.0,-3.86,-1.11,-4.15,0.407,0.92,-2.63,-0.67,8.9,-12.87,0.444,False,False,0.0
2026-04-15,600186,莲花控股,21,63794.0,10jqka,post_close,2026-04-15 15:00:00,2026-04-15,1,1,,,ok,2026-04-15,7.5,7.69,7.89,7.1,3076784.0,5.05,3.5,0.79,0.747,1.69,3.03,4.93,8.29,-3.51,0.253,False,False,0.0
2026-04-15,000547,航天发展,22,63502.0,10jqka,post_close,2026-04-15 15:00:00,2026-04-14,2,2,99.0,77.0,ok,2026-04-15,27.18,27.67,28.57,26.97,2431763.0,1.84,4.45,0.25,0.438,1.69,2.84,2.97,0.36,-27.57,0.562,False,False,0.0
2026-04-15,002560,通达股份,23,61216.0,10jqka,post_close,2026-04-15 15:00:00,2026-04-10,4,4,53.0,30.0,ok,2026-04-15,13.65,14.04,14.29,13.26,1369226.0,1.67,3.46,3.62,0.757,0.84,1.78,5.31,21.32,-2.3,0.243,False,False,0.0
2026-04-15,000533,顺钠股份,24,57762.0,10jqka,post_close,2026-04-15 15:00:00,2026-04-15,1,1,,,ok,2026-04-15,15.18,16.12,16.2,14.7,1819694.0,8.04,10.26,10.71,0.947,2.59,7.55,10.49,3.48,-26.19,0.053,False,False,0.0
2026-04-15,000973,佛塑科技,25,56582.0,10jqka,post_close,2026-04-15 15:00:00,2026-04-14,2,2,3.0,-22.0,ok,2026-04-15,19.0,18.12,20.71,18.0,1547845.0,-4.03,0.0,1.29,0.044,2.38,-1.4,0.47,2.86,-12.51,0.631,False,False,0.0
2026-04-15,002460,赣锋锂业,26,56062.0,10jqka,post_close,2026-04-15 15:00:00,2026-04-10,4,4,19.0,-7.0,ok,2026-04-15,87.5,82.17,87.8,81.84,1148561.0,-6.92,-2.16,0.2,0.055,1.29,-2.14,0.48,7.18,-7.13,0.05,False,False,0.0
2026-04-15,600089,特变电工,27,54912.0,10jqka,post_close,2026-04-15 15:00:00,2026-04-10,4,4,86.0,59.0,ok,2026-04-15,27.75,28.22,28.54,27.56,2620887.0,2.69,4.17,4.83,0.673,1.74,3.42,5.63,2.81,-15.2,0.327,False,False,0.0
2026-04-15,603122,合富中国,28,51553.0,10jqka,post_close,2026-04-15 15:00:00,2026-04-15,1,1,,,ok,2026-04-15,16.53,17.91,18.0,16.45,746020.0,8.09,3.11,-9.86,0.942,1.17,2.57,-2.62,4.56,-25.19,0.058,False,False,0.0
2026-04-15,002364,中恒电气,29,51237.0,10jqka,post_close,2026-04-15 15:00:00,2026-04-10,4,4,5.0,-24.0,ok,2026-04-15,42.49,43.4,44.16,41.91,1551196.0,2.14,23.58,49.5,0.662,5.37,13.27,32.28,40.62,-1.72,0.338,False,False,0.0
2026-04-15,600839,四川长虹,30,50829.0,10jqka,post_close,2026-04-15 15:00:00,2026-04-15,1,1,,,ok,2026-04-15,8.84,9.35,9.67,8.75,3369540.0,6.37,6.86,5.77,0.652,6.01,5.63,6.99,6.21,-16.96,0.348,False,False,0.0
2026-04-15,300750,宁德时代,31,49591.0,10jqka,post_close,2026-04-15 15:00:00,2026-04-10,4,4,61.0,30.0,ok,2026-04-15,431.97,424.09,432.55,420.16,373536.0,0.05,3.67,10.33,0.317,0.94,2.92,6.15,6.4,-1.96,0.047,False,False,0.0
2026-04-15,002149,西部材料,32,47906.0,10jqka,post_close,2026-04-15 15:00:00,2026-04-14,2,2,13.0,-19.0,ok,2026-04-15,52.0,53.65,55.0,51.21,1300750.0,7.3,17.52,11.33,0.644,2.69,11.15,11.49,14.05,-7.47,0.356,False,False,0.0
2026-04-15,300502,新易盛,33,47264.0,10jqka,post_close,2026-04-15 15:00:00,2026-04-10,4,4,97.0,64.0,ok,2026-04-15,525.02,496.98,534.0,490.02,460646.0,-4.43,-4.88,-0.9,0.158,1.17,-2.25,2.14,5.47,-7.78,0.204,False,False,0.0
2026-04-15,601138,工业富联,34,46967.0,10jqka,post_close,2026-04-15 15:00:00,2026-04-10,4,4,14.0,-20.0,ok,2026-04-15,59.36,57.82,59.97,57.2,1973741.0,-1.87,2.3,2.14,0.224,1.0,1.8,5.0,10.11,-9.66,0.22,False,False,0.0
2026-04-15,300308,中际旭创,35,46330.0,10jqka,post_close,2026-04-15 15:00:00,2026-04-10,4,4,8.0,-27.0,ok,2026-04-15,787.0,779.98,808.83,766.0,323452.0,0.9,6.17,13.51,0.326,1.08,4.9,14.51,22.08,-3.57,0.51,False,False,0.0
2026-04-15,002384,东山精密,36,45838.0,10jqka,post_close,2026-04-15 15:00:00,2026-04-10,4,4,79.0,43.0,ok,2026-04-15,145.7,145.8,151.0,143.6,813388.0,-0.14,1.57,21.59,0.297,0.89,2.09,14.91,24.61,-3.44,0.703,False,False,0.0
2026-04-15,603601,再升科技,37,45808.0,10jqka,post_close,2026-04-15 15:00:00,2026-04-13,2,1,93.0,56.0,ok,2026-04-15,14.32,14.32,14.86,14.06,2692206.0,0.85,7.59,0.42,0.325,1.28,3.53,2.17,7.75,-10.22,0.675,False,False,0.0
2026-04-15,002519,银河电子,38,45298.0,10jqka,post_close,2026-04-15 15:00:00,2026-04-15,1,1,,,ok,2026-04-15,8.05,8.45,8.63,7.98,1616506.0,5.23,6.83,4.58,0.723,2.37,4.71,5.66,5.22,-33.04,0.277,False,False,0.0
2026-04-15,002131,利欧股份,39,45196.0,10jqka,post_close,2026-04-15 15:00:00,2026-04-10,4,4,31.0,-8.0,ok,2026-04-15,8.12,7.82,8.18,7.78,5275912.0,-3.69,-2.13,-1.64,0.1,0.89,-2.2,0.96,1.86,-24.81,0.15,False,False,0.0
2026-04-15,002083,孚日股份,40,44963.0,10jqka,post_close,2026-04-15 15:00:00,2026-04-14,2,2,16.0,-24.0,ok,2026-04-15,13.5,13.08,13.75,13.08,1262700.0,-9.98,2.03,7.65,0.0,1.74,-0.37,2.96,9.95,-9.98,0.373,False,False,0.0
2026-04-15,300058,蓝色光标,41,44710.0,10jqka,post_close,2026-04-15 15:00:00,2026-04-10,4,4,23.0,-18.0,ok,2026-04-15,17.13,16.43,17.4,16.31,5033501.0,-4.86,-0.36,0.74,0.11,0.81,-1.49,5.92,9.7,-32.75,0.248,False,False,0.0
2026-04-15,000889,中嘉博创,42,43807.0,10jqka,post_close,2026-04-15 15:00:00,2026-04-10,4,4,67.0,25.0,ok,2026-04-15,4.32,4.74,4.74,4.03,3184177.0,9.98,8.97,32.03,1.0,2.37,11.42,24.67,32.68,0.0,0.0,True,False,0.0
2026-04-15,002463,沪电股份,43,43227.0,10jqka,post_close,2026-04-15 15:00:00,2026-04-10,4,4,4.0,-39.0,ok,2026-04-15,98.6,92.78,99.13,92.0,1336258.0,-4.88,5.05,10.36,0.109,1.46,2.37,9.73,11.31,-6.41,0.074,False,False,0.0
2026-04-15,002980,华盛昌,44,42365.0,10jqka,post_close,2026-04-15 15:00:00,2026-04-13,3,3,51.0,7.0,ok,2026-04-15,68.43,70.54,70.55,67.9,259681.0,9.98,33.07,33.45,0.996,1.51,16.91,31.03,51.29,-0.01,0.004,True,False,0.0
2026-04-15,300857,协创数据,45,41036.0,10jqka,post_close,2026-04-15 15:00:00,2026-04-10,3,2,29.0,-16.0,ok,2026-04-15,199.89,200.25,205.96,191.89,407281.0,12.47,34.84,21.62,0.594,2.46,19.2,24.68,25.53,-26.71,0.406,True,False,0.0
2026-04-15,000070,特发信息,46,40909.0,10jqka,post_close,2026-04-15 15:00:00,2026-04-10,2,1,71.0,25.0,ok,2026-04-15,19.99,18.88,20.2,18.73,1458129.0,-6.9,-4.45,-0.53,0.102,0.84,-6.44,-2.94,8.08,-13.12,0.143,False,False,0.0
2026-04-15,600550,保变电气,47,40858.0,10jqka,post_close,2026-04-15 15:00:00,2026-04-15,1,1,,,ok,2026-04-15,15.03,16.03,16.38,14.9,1673007.0,7.37,4.16,3.96,0.764,2.77,4.76,6.1,4.01,-18.13,0.236,False,False,0.0
2026-04-15,600410,华胜天成,48,40744.0,10jqka,post_close,2026-04-15 15:00:00,2026-04-10,4,4,69.0,21.0,ok,2026-04-15,27.55,26.88,27.61,26.8,1381010.0,-1.61,-0.67,-3.52,0.099,0.78,-0.72,1.21,3.38,-21.66,0.074,False,False,0.0
2026-04-15,000788,北大医药,49,40087.0,10jqka,post_close,2026-04-15 15:00:00,2026-04-15,1,1,,,ok,2026-04-15,6.21,6.77,6.77,6.09,1155943.0,10.08,6.78,3.68,1.0,1.19,5.32,1.82,8.91,-13.76,0.0,True,False,0.0
2026-04-15,600276,恒瑞医药,50,39911.0,10jqka,post_close,2026-04-15 15:00:00,2026-04-15,1,1,,,ok,2026-04-15,57.94,57.73,58.45,57.04,1029480.0,2.76,1.17,0.49,0.489,1.62,1.95,1.61,3.6,-12.3,0.362,False,False,0.0
2026-04-15,300204,舒泰神,51,39557.0,10jqka,post_close,2026-04-15 15:00:00,2026-04-15,1,1,,,ok,2026-04-15,31.88,32.39,34.0,30.31,890622.0,3.58,12.0,6.58,0.564,1.69,7.38,5.0,15.29,-7.4,0.436,False,False,0.0
2026-04-15,600110,诺德股份,52,38977.0,10jqka,post_close,2026-04-15 15:00:00,2026-04-10,4,4,70.0,18.0,ok,2026-04-15,10.37,10.25,10.88,10.2,2150756.0,-1.16,3.74,4.38,0.074,0.75,0.79,5.16,14.56,-5.79,0.75,False,False,0.0
2026-04-15,601899,紫金矿业,53,38946.0,10jqka,post_close,2026-04-15 15:00:00,2026-04-10,4,4,59.0,6.0,ok,2026-04-15,35.75,34.91,36.0,34.81,2991792.0,0.32,3.44,0.84,0.084,1.12,2.06,3.21,5.28,-22.32,0.21,False,False,0.0
2026-04-15,000815,美利云,54,38863.0,10jqka,post_close,2026-04-15 15:00:00,2026-04-13,3,3,88.0,34.0,ok,2026-04-15,20.87,20.19,20.88,20.02,1112132.0,-3.44,5.27,-0.59,0.198,0.76,0.3,1.08,1.95,-10.74,0.012,False,False,0.0
2026-04-15,601778,晶科科技,55,37242.0,10jqka,post_close,2026-04-15 15:00:00,2026-04-14,2,2,21.0,-34.0,ok,2026-04-15,6.02,6.05,6.14,5.78,6052616.0,0.33,19.8,18.86,0.75,2.2,9.25,15.81,13.73,-5.17,0.25,False,False,0.0
2026-04-15,000950,重药控股,56,37094.0,10jqka,post_close,2026-04-15 15:00:00,2026-04-15,1,1,,,ok,2026-04-15,6.08,6.35,6.49,6.0,1557847.0,5.83,4.44,-3.79,0.714,1.12,4.06,-0.44,6.73,-14.3,0.286,False,False,0.0
2026-04-15,300274,阳光电源,57,36767.0,10jqka,post_close,2026-04-15 15:00:00,2026-04-10,4,4,52.0,-5.0,ok,2026-04-15,138.9,133.89,139.34,133.05,903080.0,-3.99,2.37,5.43,0.134,1.04,1.1,3.27,-8.9,-26.43,0.07,False,False,0.0
2026-04-15,002475,立讯精密,58,36580.0,10jqka,post_close,2026-04-15 15:00:00,2026-04-10,4,4,18.0,-40.0,ok,2026-04-15,59.0,58.78,60.98,58.45,1980038.0,-0.61,1.03,12.45,0.13,0.72,1.42,8.94,14.41,-3.61,0.783,False,False,0.0
2026-04-15,002418,康盛股份,59,36566.0,10jqka,post_close,2026-04-15 15:00:00,2026-04-10,4,4,55.0,-4.0,ok,2026-04-15,5.99,5.5,6.08,5.49,3252718.0,-9.84,-3.34,9.78,0.017,1.7,-4.25,5.2,12.82,-12.56,0.153,False,False,0.0
2026-04-15,600879,航天电子,60,36239.0,10jqka,post_close,2026-04-15 15:00:00,2026-04-14,2,2,96.0,36.0,ok,2026-04-15,22.77,23.2,23.84,22.76,2464532.0,3.07,8.77,7.91,0.407,1.9,5.46,7.8,7.36,-28.04,0.593,False,False,0.0
2026-04-15,002990,盛视科技,61,35832.0,10jqka,post_close,2026-04-15 15:00:00,2026-04-14,2,2,57.0,-4.0,ok,2026-04-15,37.96,42.11,42.11,37.38,297255.0,10.01,23.85,29.05,1.0,1.82,15.39,24.35,34.2,0.0,0.0,True,False,0.0
2026-04-15,600152,维科技术,62,35760.0,10jqka,post_close,2026-04-15 15:00:00,2026-04-14,2,2,39.0,-23.0,ok,2026-04-15,12.4,12.07,13.08,11.78,1883907.0,1.51,22.79,21.06,0.223,2.44,10.84,16.19,18.7,-7.72,0.523,False,False,0.0
2026-04-15,300476,胜宏科技,63,34583.0,10jqka,post_close,2026-04-15 15:00:00,2026-04-10,4,4,62.0,-1.0,ok,2026-04-15,310.0,295.44,312.79,292.55,456222.0,-4.08,2.66,4.07,0.143,0.98,0.94,6.19,8.6,-8.77,0.138,False,False,0.0
2026-04-15,601869,长飞光纤,64,33676.0,10jqka,post_close,2026-04-15 15:00:00,2026-04-10,4,4,60.0,-4.0,ok,2026-04-15,360.12,358.61,371.8,352.0,170899.0,-1.62,-6.7,-0.96,0.334,0.79,-4.37,-0.03,17.59,-9.97,0.59,False,False,0.0
2026-04-15,600498,烽火通信,65,33300.0,10jqka,post_close,2026-04-15 15:00:00,2026-04-10,3,1,62.0,-3.0,ok,2026-04-15,50.7,48.48,51.26,47.6,881073.0,-4.53,-7.48,-5.4,0.24,0.75,-5.6,-3.56,0.57,-21.53,0.153,False,False,0.0
2026-04-15,002309,中利集团,66,33171.0,10jqka,post_close,2026-04-15 15:00:00,2026-04-10,4,4,58.0,-8.0,ok,2026-04-15,4.16,4.03,4.23,4.02,3980057.0,-4.95,-8.41,-19.88,0.048,0.69,-7.91,-13.67,-10.55,-25.78,0.333,False,False,0.0
2026-04-15,002709,天赐材料,67,32562.0,10jqka,post_close,2026-04-15 15:00:00,2026-04-10,4,4,20.0,-47.0,ok,2026-04-15,49.05,47.7,49.69,47.17,1240710.0,-3.34,2.1,6.76,0.21,1.12,1.89,4.77,6.38,-6.47,0.254,False,False,0.0
2026-04-15,002471,中超控股,68,31883.0,10jqka,post_close,2026-04-15 15:00:00,2026-04-15,1,1,,,ok,2026-04-15,8.77,9.09,9.22,8.72,2751201.0,3.53,3.18,0.89,0.74,1.34,2.3,2.38,4.97,-16.38,0.26,False,False,0.0
2026-04-15,002263,大东南,69,31200.0,10jqka,post_close,2026-04-15 15:00:00,2026-04-10,4,4,77.0,8.0,ok,2026-04-15,4.9,4.7,5.05,4.65,3674529.0,-4.86,-4.08,-0.21,0.125,0.78,-2.0,-0.61,12.15,-9.27,0.375,False,False,0.0
2026-04-15,000657,中钨高新,70,30933.0,10jqka,post_close,2026-04-15 15:00:00,2026-04-15,1,1,,,ok,2026-04-15,50.96,47.18,51.01,46.8,1200172.0,-5.53,-3.67,-4.59,0.09,1.58,-3.16,-2.12,-3.44,-34.01,0.012,False,False,0.0
2026-04-15,002594,比亚迪,71,30920.0,10jqka,post_close,2026-04-15 15:00:00,2026-04-10,4,4,44.0,-27.0,ok,2026-04-15,103.82,103.03,104.77,102.5,428719.0,-0.76,1.34,1.79,0.233,0.78,0.65,1.58,-0.07,-7.86,0.419,False,False,0.0
2026-04-15,301408,华人健康,72,30836.0,10jqka,post_close,2026-04-15 15:00:00,2026-04-15,1,1,,,ok,2026-04-15,17.63,20.78,20.78,17.63,650998.0,19.98,14.74,3.23,1.0,1.89,12.19,10.07,15.66,-30.17,0.0,True,False,0.0
2026-04-15,603986,兆易创新,73,30834.0,10jqka,post_close,2026-04-15 15:00:00,2026-04-10,4,4,42.0,-31.0,ok,2026-04-15,285.0,274.0,287.65,271.98,396973.0,-2.15,3.36,7.05,0.129,0.76,2.87,5.86,2.74,-17.26,0.169,False,False,0.0
2026-04-15,002015,协鑫能科,74,30813.0,10jqka,post_close,2026-04-15 15:00:00,2026-04-15,1,1,,,ok,2026-04-15,17.81,17.8,18.25,17.33,2031133.0,0.85,2.53,-0.61,0.511,1.39,1.45,2.99,-1.66,-22.58,0.478,False,False,0.0
2026-04-15,300394,天孚通信,75,30371.0,10jqka,post_close,2026-04-15 15:00:00,2026-04-15,1,1,,,ok,2026-04-15,345.84,330.66,347.99,327.5,415124.0,-4.39,-7.87,-1.88,0.154,0.92,-4.62,-2.1,2.1,-14.98,0.105,False,False,0.0
2026-04-15,002491,通鼎互联,76,30240.0,10jqka,post_close,2026-04-15 15:00:00,2026-04-10,3,1,38.0,-38.0,ok,2026-04-15,15.02,14.2,15.5,14.1,2140452.0,-5.9,-2.67,-6.58,0.071,0.83,-5.13,1.15,14.35,-14.77,0.343,False,False,0.0
2026-04-15,600172,黄河旋风,77,30213.0,10jqka,post_close,2026-04-15 15:00:00,2026-04-15,1,1,,,ok,2026-04-15,9.1,8.75,9.27,8.62,1546160.0,-0.34,3.67,4.42,0.2,1.19,2.36,5.89,6.49,-24.5,0.262,False,False,0.0
2026-04-15,002837,英维克,78,30054.0,10jqka,post_close,2026-04-15 15:00:00,2026-04-10,4,4,46.0,-32.0,ok,2026-04-15,110.01,105.31,110.09,104.36,590692.0,-4.08,6.32,15.09,0.166,1.02,3.22,12.03,10.07,-9.61,0.014,False,False,0.0
2026-04-15,002124,天邦食品,79,29898.0,10jqka,post_close,2026-04-15 15:00:00,2026-04-13,3,3,27.0,-52.0,ok,2026-04-15,2.99,3.14,3.14,2.9,3894178.0,10.18,33.62,30.83,1.0,5.17,18.31,25.2,27.8,0.0,0.0,True,False,0.0
2026-04-15,301396,宏景科技,80,29843.0,10jqka,post_close,2026-04-15 15:00:00,2026-04-15,1,1,,,ok,2026-04-15,222.0,241.18,252.88,222.0,164370.0,8.31,21.81,26.11,0.621,1.04,13.78,24.87,36.56,-4.63,0.379,False,False,0.0
2026-04-15,603993,洛阳钼业,81,29609.0,10jqka,post_close,2026-04-15 15:00:00,2026-04-15,1,1,,,ok,2026-04-15,20.0,19.97,20.6,19.88,3604310.0,2.1,5.33,4.34,0.125,1.3,3.5,6.97,10.06,-30.61,0.833,False,False,0.0
2026-04-15,603127,昭衍新药,82,29468.0,10jqka,post_close,2026-04-15 15:00:00,2026-04-15,1,1,,,ok,2026-04-15,38.88,39.27,39.97,36.68,562230.0,2.32,2.59,9.24,0.787,1.4,3.74,5.91,18.58,-14.54,0.213,False,False,0.0
2026-04-15,002038,双鹭药业,83,29315.0,10jqka,post_close,2026-04-15 15:00:00,2026-04-15,1,1,,,ok,2026-04-15,7.5,8.07,8.07,7.23,1421984.0,9.95,7.03,2.41,1.0,1.07,7.54,1.77,13.55,-14.15,0.0,True,False,0.0
2026-04-15,002261,拓维信息,84,29287.0,10jqka,post_close,2026-04-15 15:00:00,2026-04-15,1,1,,,ok,2026-04-15,36.75,36.4,37.29,36.09,1006661.0,-0.25,1.7,0.55,0.258,1.06,0.8,3.17,2.83,-17.39,0.45,False,False,0.0
2026-04-15,600487,亨通光电,85,29134.0,10jqka,post_close,2026-04-15 15:00:00,2026-04-10,4,4,91.0,6.0,ok,2026-04-15,52.86,52.13,53.99,51.73,1301525.0,-1.03,-6.88,-10.98,0.177,0.68,-4.81,-5.98,1.98,-15.24,0.5,False,False,0.0
2026-04-15,002506,协鑫集成,86,29054.0,10jqka,post_close,2026-04-15 15:00:00,2026-04-13,3,3,89.0,3.0,ok,2026-04-15,4.45,4.37,4.56,4.35,4790407.0,-1.35,-1.58,-3.32,0.095,0.91,-1.58,-2.13,-11.58,-31.29,0.524,False,False,0.0
2026-04-15,002536,飞龙股份,87,28912.0,10jqka,post_close,2026-04-15 15:00:00,2026-04-15,1,1,,,ok,2026-04-15,36.01,35.8,36.8,35.71,532702.0,-1.21,4.34,17.34,0.083,0.92,2.45,12.93,15.39,-14.09,0.725,False,False,0.0
2026-04-15,600664,哈药股份,88,28867.0,10jqka,post_close,2026-04-15 15:00:00,2026-04-14,2,2,37.0,-51.0,ok,2026-04-15,4.28,4.44,4.44,4.01,4572963.0,9.9,18.09,18.72,1.0,2.2,12.92,16.9,23.21,0.0,0.0,True,False,0.0
2026-04-15,300136,信维通信,89,28737.0,10jqka,post_close,2026-04-15 15:00:00,2026-04-15,1,1,,,ok,2026-04-15,68.96,68.5,71.84,67.6,1179854.0,-0.1,7.05,3.98,0.212,1.63,4.25,6.79,7.69,-27.57,0.679,False,False,0.0
2026-04-15,002714,牧原股份,90,28271.0,10jqka,post_close,2026-04-15 15:00:00,2026-04-10,4,4,95.0,5.0,ok,2026-04-15,45.76,46.05,46.38,45.2,501892.0,0.59,7.07,3.86,0.72,1.1,3.34,4.81,2.95,-10.55,0.28,False,False,0.0
2026-04-15,001309,德明利,91,28177.0,10jqka,post_close,2026-04-15 15:00:00,2026-04-10,4,4,32.0,-59.0,ok,2026-04-15,501.2,501.2,520.0,496.0,167001.0,0.11,12.07,27.43,0.217,0.81,7.23,19.54,28.08,-3.62,0.783,False,False,0.0
2026-04-15,600594,益佰制药,92,27940.0,10jqka,post_close,2026-04-15 15:00:00,2026-04-15,1,1,,,ok,2026-04-15,4.4,4.76,4.76,4.22,1872961.0,9.93,-1.04,3.48,1.0,1.58,1.8,1.6,12.48,-9.68,0.0,True,False,0.0
2026-04-15,600821,金开新能,93,27733.0,10jqka,post_close,2026-04-15 15:00:00,2026-04-15,1,1,,,ok,2026-04-15,8.44,8.84,9.09,8.17,4049416.0,5.62,10.64,6.38,0.728,2.01,6.38,6.28,-5.09,-27.54,0.272,False,False,0.0
2026-04-15,300436,广生堂,94,27593.0,10jqka,post_close,2026-04-15 15:00:00,2026-04-15,1,1,,,ok,2026-04-15,120.0,125.0,129.13,114.12,185836.0,6.25,11.31,6.95,0.725,1.61,7.55,4.82,13.57,-16.11,0.275,False,False,0.0
2026-04-15,600111,北方稀土,95,27486.0,10jqka,post_close,2026-04-15 15:00:00,2026-04-10,4,4,92.0,-3.0,ok,2026-04-15,50.57,49.4,51.38,49.26,1054618.0,-2.26,-4.54,-4.45,0.066,1.0,-3.45,-1.41,1.9,-22.29,0.382,False,False,0.0
2026-04-15,002705,新宝股份,96,27437.0,10jqka,post_close,2026-04-15 15:00:00,2026-04-15,1,1,,,ok,2026-04-15,16.11,17.34,17.34,15.71,497067.0,10.03,12.74,15.14,1.0,2.41,10.42,13.37,18.78,0.0,0.0,True,False,0.0
2026-04-15,603083,剑桥科技,97,27289.0,10jqka,post_close,2026-04-15 15:00:00,2026-04-15,1,1,,,ok,2026-04-15,125.51,125.8,132.68,124.02,653477.0,4.29,8.22,12.77,0.206,1.78,5.4,12.3,14.35,-5.19,0.794,False,False,0.0
2026-04-15,600654,中安科,98,26748.0,10jqka,post_close,2026-04-15 15:00:00,2026-04-10,4,4,71.0,-27.0,ok,2026-04-15,4.5,4.41,4.73,4.38,3885764.0,-2.43,8.09,0.23,0.086,0.83,0.32,8.35,18.56,-8.88,0.657,False,False,0.0
2026-04-15,002050,三花智控,99,26567.0,10jqka,post_close,2026-04-15 15:00:00,2026-04-15,1,1,,,ok,2026-04-15,46.18,45.11,46.48,44.82,923334.0,-0.94,0.53,1.87,0.175,1.1,0.8,2.97,3.04,-25.77,0.181,False,False,0.0
2026-04-15,002498,汉缆股份,100,26353.0,10jqka,post_close,2026-04-15 15:00:00,2026-04-15,1,1,,,ok,2026-04-15,7.78,8.5,8.5,7.74,1734366.0,9.96,9.54,7.05,1.0,1.78,7.81,7.55,2.26,-22.37,0.0,True,False,0.0
2026-04-16,002361,神剑股份,1,52462.0,10jqka,post_close,2026-04-16 15:00:00,2026-04-10,5,5,15.0,14.0,ok,2026-04-16,18.5,19.26,20.39,17.55,4719524.0,3.88,15.33,17.37,0.602,1.61,9.63,13.76,28.29,-5.54,0.398,False,False,0.0
2026-04-16,002580,圣阳股份,2,48278.0,10jqka,post_close,2026-04-16 15:00:00,2026-04-10,5,5,14.0,12.0,ok,2026-04-16,26.57,27.8,27.8,26.26,670389.0,10.01,33.14,61.16,1.0,0.49,19.93,40.85,57.74,0.0,0.0,True,False,0.0
2026-04-16,603778,国晟科技,3,43448.0,10jqka,post_close,2026-04-16 15:00:00,2026-04-10,5,5,8.0,5.0,ok,2026-04-16,24.13,26.4,28.47,24.13,1754836.0,-1.53,-20.24,-19.61,0.523,2.19,-10.41,-12.47,-3.05,-22.96,0.477,False,False,0.0
2026-04-16,300750,宁德时代,4,32648.0,10jqka,post_close,2026-04-16 15:00:00,2026-04-10,5,5,31.0,27.0,ok,2026-04-16,434.09,447.07,453.09,426.11,635062.0,5.42,6.39,16.7,0.777,1.59,5.23,10.57,11.44,-1.33,0.223,False,False,0.0
2026-04-16,301666,大普微,5,31613.0,10jqka,post_close,2026-04-16 15:00:00,2026-04-16,1,1,,,ok,2026-04-16,207.23,244.55,255.0,199.99,219933.0,,,,0.81,,0.0,0.0,0.0,-4.1,0.19,False,False,0.0
2026-04-16,000889,中嘉博创,6,27625.0,10jqka,post_close,2026-04-16 15:00:00,2026-04-10,5,5,42.0,36.0,ok,2026-04-16,4.57,5.0,5.21,4.38,3382775.0,5.49,27.55,26.58,0.747,1.76,12.01,26.2,36.93,-4.03,0.253,False,False,0.0
2026-04-16,002328,新朋股份,7,23509.0,10jqka,post_close,2026-04-16 15:00:00,2026-04-10,5,5,6.0,-1.0,ok,2026-04-16,12.5,13.4,13.58,12.5,1892469.0,7.2,24.54,45.81,0.833,1.2,14.31,34.51,58.97,-1.33,0.167,False,False,0.0
2026-04-16,002131,利欧股份,8,23050.0,10jqka,post_close,2026-04-16 15:00:00,2026-04-10,5,5,39.0,31.0,ok,2026-04-16,7.97,8.05,8.08,7.86,5334604.0,2.94,0.0,0.63,0.864,0.89,0.55,3.5,4.8,-22.6,0.136,False,False,0.0
2026-04-16,002342,巨力索具,9,22739.0,10jqka,post_close,2026-04-16 15:00:00,2026-04-10,5,5,17.0,8.0,ok,2026-04-16,18.01,18.51,19.68,17.5,2929182.0,1.2,13.28,18.73,0.463,0.99,7.88,19.41,31.5,-13.59,0.537,False,False,0.0
2026-04-16,300502,新易盛,10,22662.0,10jqka,post_close,2026-04-16 15:00:00,2026-04-10,5,5,33.0,23.0,ok,2026-04-16,497.0,537.5,539.93,496.0,418603.0,8.15,4.83,9.69,0.945,1.06,3.78,8.75,12.79,-0.45,0.055,False,False,0.0
2026-04-16,300308,中际旭创,11,22401.0,10jqka,post_close,2026-04-16 15:00:00,2026-04-10,5,5,35.0,24.0,ok,2026-04-16,771.37,808.61,809.11,761.35,286570.0,3.67,9.57,16.85,0.99,1.01,5.45,15.2,24.34,-0.06,0.01,False,False,0.0
2026-04-16,601778,晶科科技,12,21977.0,10jqka,post_close,2026-04-16 15:00:00,2026-04-14,3,3,55.0,43.0,ok,2026-04-16,6.25,6.66,6.66,6.2,7491227.0,10.08,21.53,31.1,1.0,2.1,13.77,23.52,23.64,0.0,0.0,True,False,0.0
2026-04-16,600666,奥瑞德,13,21820.0,10jqka,post_close,2026-04-16 15:00:00,2026-04-10,5,5,20.0,7.0,ok,2026-04-16,6.25,6.85,6.85,6.24,5720820.0,9.95,6.7,4.42,1.0,0.96,6.1,8.21,17.26,-4.2,0.0,True,False,0.0
2026-04-16,603687,大胜达,14,21329.0,10jqka,post_close,2026-04-16 15:00:00,2026-04-16,1,1,,,ok,2026-04-16,19.0,19.84,19.84,18.66,1582411.0,9.98,16.77,9.25,1.0,2.29,12.68,16.02,23.78,0.0,0.0,True,False,0.0
2026-04-16,600410,华胜天成,15,20658.0,10jqka,post_close,2026-04-16 15:00:00,2026-04-10,5,5,48.0,33.0,ok,2026-04-16,27.1,27.99,28.17,26.91,2092139.0,4.13,4.6,2.34,0.857,1.39,2.9,4.79,7.55,-18.42,0.143,False,False,0.0
2026-04-16,603629,利通电子,16,18271.0,10jqka,post_close,2026-04-16 15:00:00,2026-04-13,4,4,18.0,2.0,ok,2026-04-16,87.95,95.85,96.75,87.95,555692.0,8.98,31.88,28.45,0.898,1.39,17.14,29.91,39.99,-0.93,0.102,False,False,0.0
2026-04-16,002491,通鼎互联,17,17802.0,10jqka,post_close,2026-04-16 15:00:00,2026-04-10,4,2,76.0,59.0,ok,2026-04-16,13.95,15.62,15.62,13.73,2606339.0,10.0,5.4,-3.22,1.0,0.91,5.09,8.44,23.29,-6.24,0.0,True,False,0.0
2026-04-16,300433,蓝思科技,18,16384.0,10jqka,post_close,2026-04-16 15:00:00,2026-04-16,1,1,,,ok,2026-04-16,26.99,25.64,27.18,24.94,2448675.0,-13.35,-13.7,-13.58,0.312,3.03,-11.72,-11.14,-10.89,-39.81,0.085,False,False,0.0
2026-04-16,000070,特发信息,19,16249.0,10jqka,post_close,2026-04-16 15:00:00,2026-04-10,3,2,46.0,27.0,ok,2026-04-16,18.61,20.77,20.77,18.41,2125485.0,10.01,-1.56,-0.53,1.0,1.22,3.04,5.52,17.27,-4.42,0.0,True,False,0.0
2026-04-16,600396,华电辽能,20,16248.0,10jqka,post_close,2026-04-16 15:00:00,2026-04-10,5,5,11.0,-9.0,ok,2026-04-16,7.68,7.29,7.75,7.25,2781496.0,-9.44,-0.14,2.1,0.08,1.02,-2.31,-1.58,-3.23,-23.18,0.14,False,False,0.0
2026-04-16,301396,宏景科技,21,16091.0,10jqka,post_close,2026-04-16 15:00:00,2026-04-15,2,2,80.0,59.0,ok,2026-04-16,248.01,289.42,289.42,248.01,150511.0,20.0,48.65,42.36,1.0,0.97,26.28,41.77,57.97,0.0,0.0,True,False,0.0
2026-04-16,603293,埃泰克,22,15963.0,10jqka,post_close,2026-04-16 15:00:00,2026-04-16,1,1,,,ok,2026-04-16,71.0,71.02,85.2,71.0,252308.0,,,,0.001,,0.0,0.0,0.0,-16.64,0.999,False,False,0.0
2026-04-16,600664,哈药股份,23,15765.0,10jqka,post_close,2026-04-16 15:00:00,2026-04-14,3,3,88.0,65.0,ok,2026-04-16,4.7,4.4,4.88,4.4,6098333.0,-0.9,19.89,17.33,0.0,2.39,8.32,13.43,20.71,-9.84,0.375,False,False,0.0
2026-04-16,002498,汉缆股份,24,15671.0,10jqka,post_close,2026-04-16 15:00:00,2026-04-15,2,2,100.0,76.0,ok,2026-04-16,8.5,8.99,9.15,8.13,4296939.0,5.76,16.75,16.3,0.843,4.07,10.5,12.88,8.36,-17.9,0.157,False,False,0.0
2026-04-16,002384,东山精密,25,15579.0,10jqka,post_close,2026-04-16 15:00:00,2026-04-10,5,5,36.0,11.0,ok,2026-04-16,145.12,149.55,149.55,144.12,806609.0,2.57,1.85,13.38,1.0,0.78,2.19,14.22,25.55,-0.96,0.0,False,False,0.0
2026-04-16,000815,美利云,26,15487.0,10jqka,post_close,2026-04-16 15:00:00,2026-04-13,4,4,54.0,28.0,ok,2026-04-16,20.18,22.21,22.21,20.16,774701.0,10.0,9.52,10.55,1.0,0.56,8.06,10.35,10.84,-1.81,0.0,True,False,0.0
2026-04-16,300058,蓝色光标,27,15123.0,10jqka,post_close,2026-04-16 15:00:00,2026-04-10,5,5,41.0,14.0,ok,2026-04-16,16.85,17.2,17.73,16.82,6067501.0,4.69,3.99,3.24,0.418,1.01,2.47,9.05,14.19,-29.59,0.582,False,False,0.0
2026-04-16,601179,中国西电,28,15048.0,10jqka,post_close,2026-04-16 15:00:00,2026-04-10,3,2,2.0,-26.0,ok,2026-04-16,17.69,17.44,17.69,16.99,3143911.0,-1.47,10.24,10.45,0.643,1.4,4.76,8.73,8.46,-15.54,0.0,False,False,0.0
2026-04-16,601138,工业富联,29,14991.0,10jqka,post_close,2026-04-16 15:00:00,2026-04-10,5,5,34.0,5.0,ok,2026-04-16,57.99,59.32,59.99,57.4,1805236.0,2.59,6.5,7.82,0.741,0.97,2.89,6.56,12.19,-7.31,0.259,False,False,0.0
2026-04-16,603459,红板科技,30,14603.0,10jqka,post_close,2026-04-16 15:00:00,2026-04-10,3,1,2.0,-28.0,ok,2026-04-16,70.0,68.69,72.62,64.0,462966.0,0.42,9.34,36.64,0.544,1.05,8.29,13.1,13.1,-5.41,0.304,False,False,0.0
2026-04-16,603799,华友钴业,31,14489.0,10jqka,post_close,2026-04-16 15:00:00,2026-04-16,1,1,,,ok,2026-04-16,63.32,65.91,65.94,63.15,948347.0,5.02,5.57,10.77,0.989,1.09,4.01,7.75,10.45,-19.79,0.011,False,False,0.0
2026-04-16,600089,特变电工,32,14122.0,10jqka,post_close,2026-04-16 15:00:00,2026-04-10,5,5,27.0,-5.0,ok,2026-04-16,27.75,27.95,27.96,27.11,2185682.0,-0.96,3.83,4.56,0.988,1.31,1.52,4.16,2.04,-16.02,0.012,False,False,0.0
2026-04-16,600105,永鼎股份,33,14109.0,10jqka,post_close,2026-04-16 15:00:00,2026-04-10,5,5,1.0,-32.0,ok,2026-04-16,37.5,39.47,40.5,36.41,2004663.0,5.14,1.99,13.94,0.748,0.95,3.33,12.66,27.61,-2.54,0.252,False,False,0.0
2026-04-16,603538,美诺华,34,14036.0,10jqka,post_close,2026-04-16 15:00:00,2026-04-10,5,5,4.0,-30.0,ok,2026-04-16,55.5,56.0,57.29,54.21,657203.0,0.9,16.5,23.08,0.581,0.84,7.64,19.02,38.13,-2.25,0.419,False,False,0.0
2026-04-16,001896,豫能控股,35,13927.0,10jqka,post_close,2026-04-16 15:00:00,2026-04-13,4,4,16.0,-19.0,ok,2026-04-16,16.41,17.06,17.68,15.75,2253632.0,2.96,18.39,33.28,0.679,1.32,11.78,21.8,16.29,-4.59,0.321,False,False,0.0
2026-04-16,002364,中恒电气,36,13655.0,10jqka,post_close,2026-04-16 15:00:00,2026-04-10,5,5,29.0,-7.0,ok,2026-04-16,44.0,42.8,44.0,41.46,1172638.0,-1.38,10.79,34.04,0.528,2.19,5.71,24.47,36.13,-3.08,0.0,False,False,0.0
2026-04-16,600654,中安科,37,13478.0,10jqka,post_close,2026-04-16 15:00:00,2026-04-10,5,5,98.0,61.0,ok,2026-04-16,4.39,4.68,4.76,4.32,4691229.0,6.12,4.23,4.46,0.818,0.95,5.5,11.4,23.94,-3.31,0.182,False,False,0.0
2026-04-16,300857,协创数据,38,13442.0,10jqka,post_close,2026-04-16 15:00:00,2026-04-10,4,3,45.0,7.0,ok,2026-04-16,201.19,227.61,228.99,201.19,337243.0,13.66,53.45,38.08,0.95,1.58,26.07,35.76,40.57,-16.69,0.05,True,False,0.0
2026-04-16,002297,博云新材,39,13411.0,10jqka,post_close,2026-04-16 15:00:00,2026-04-10,4,1,34.0,-5.0,ok,2026-04-16,16.08,16.08,16.08,15.93,1297767.0,9.99,33.11,44.6,1.0,9.05,19.91,32.1,40.17,0.0,0.0,True,False,0.0
2026-04-16,300390,天华新能,40,13282.0,10jqka,post_close,2026-04-16 15:00:00,2026-04-10,4,1,56.0,16.0,ok,2026-04-16,78.69,85.68,88.88,77.36,1062116.0,11.37,6.83,38.19,0.722,1.08,9.24,24.96,38.02,-3.6,0.278,True,False,0.0
2026-04-16,002536,飞龙股份,41,13024.0,10jqka,post_close,2026-04-16 15:00:00,2026-04-15,2,2,87.0,46.0,ok,2026-04-16,35.89,36.01,36.58,35.3,411184.0,0.59,3.45,7.3,0.555,0.65,1.63,11.05,15.8,-13.58,0.445,False,False,0.0
2026-04-16,603601,再升科技,42,12830.0,10jqka,post_close,2026-04-16 15:00:00,2026-04-13,3,2,37.0,-5.0,ok,2026-04-16,14.31,15.03,15.7,14.18,2869165.0,4.96,9.55,10.43,0.559,1.37,6.47,7.11,11.73,-5.77,0.441,False,False,0.0
2026-04-16,603986,兆易创新,43,12513.0,10jqka,post_close,2026-04-16 15:00:00,2026-04-10,5,5,73.0,30.0,ok,2026-04-16,270.1,286.73,287.0,268.59,409337.0,4.65,9.38,14.47,0.985,0.91,4.8,9.43,8.01,-13.42,0.015,False,False,0.0
2026-04-16,002475,立讯精密,44,12366.0,10jqka,post_close,2026-04-16 15:00:00,2026-04-10,5,5,58.0,14.0,ok,2026-04-16,58.76,60.45,60.65,58.0,1996422.0,2.84,3.16,9.73,0.925,0.73,2.41,9.99,16.4,-0.87,0.075,False,False,0.0
2026-04-16,000988,华工科技,45,12345.0,10jqka,post_close,2026-04-16 15:00:00,2026-04-10,5,5,9.0,-36.0,ok,2026-04-16,109.9,112.32,113.8,107.85,802533.0,0.02,-10.26,-2.27,0.751,0.67,-4.22,0.31,0.87,-20.57,0.249,False,False,0.0
2026-04-16,600821,金开新能,46,12291.0,10jqka,post_close,2026-04-16 15:00:00,2026-04-15,2,2,93.0,47.0,ok,2026-04-16,8.76,8.86,9.09,8.41,3840059.0,0.23,7.26,9.52,0.662,1.62,4.68,6.75,-4.06,-27.38,0.338,False,False,0.0
2026-04-16,000547,航天发展,47,12227.0,10jqka,post_close,2026-04-16 15:00:00,2026-04-14,3,3,22.0,-25.0,ok,2026-04-16,27.3,27.4,27.79,26.75,1946031.0,-0.98,3.71,2.32,0.625,1.24,1.37,2.14,0.11,-21.94,0.375,False,False,0.0
2026-04-16,002263,大东南,48,11986.0,10jqka,post_close,2026-04-16 15:00:00,2026-04-10,5,5,69.0,21.0,ok,2026-04-16,4.7,5.17,5.17,4.7,2780645.0,10.0,3.61,16.18,1.0,0.61,4.66,7.35,21.11,-0.19,0.0,True,False,0.0
2026-04-16,002202,金风科技,49,11886.0,10jqka,post_close,2026-04-16 15:00:00,2026-04-10,5,5,12.0,-37.0,ok,2026-04-16,25.1,24.99,25.2,24.8,1536268.0,-0.12,3.52,4.82,0.475,0.71,1.16,3.13,-3.82,-29.7,0.25,False,False,0.0
2026-04-16,002594,比亚迪,50,11823.0,10jqka,post_close,2026-04-16 15:00:00,2026-04-10,5,5,71.0,21.0,ok,2026-04-16,103.28,105.54,105.97,103.28,643661.0,2.44,1.24,6.57,0.84,1.23,1.81,3.76,2.18,-5.62,0.16,False,False,0.0
2026-04-16,002015,协鑫能科,51,11589.0,10jqka,post_close,2026-04-16 15:00:00,2026-04-15,2,2,74.0,23.0,ok,2026-04-16,17.9,18.42,18.82,17.51,2040670.0,3.48,5.2,5.8,0.695,1.47,3.79,5.86,2.32,-19.88,0.305,False,False,0.0
2026-04-16,600875,东方电气,52,11509.0,10jqka,post_close,2026-04-16 15:00:00,2026-04-10,2,1,72.0,20.0,ok,2026-04-16,38.87,42.04,42.04,38.87,1521451.0,9.99,5.84,9.74,1.0,1.52,5.94,9.47,11.82,-7.36,0.0,True,False,0.0
2026-04-16,600186,莲花控股,53,11237.0,10jqka,post_close,2026-04-16 15:00:00,2026-04-15,2,2,21.0,-32.0,ok,2026-04-16,7.54,8.14,8.37,7.54,3288201.0,5.85,9.85,8.97,0.723,1.5,7.13,9.85,13.29,-2.75,0.277,False,False,0.0
2026-04-16,600743,华远控股,54,11023.0,10jqka,post_close,2026-04-16 15:00:00,2026-04-10,5,5,5.0,-49.0,ok,2026-04-16,2.85,2.65,2.95,2.62,3733605.0,-8.3,-9.25,9.96,0.091,1.96,-7.47,7.81,21.17,-24.93,0.303,False,False,0.0
2026-04-16,600986,浙文互联,55,10852.0,10jqka,post_close,2026-04-16 15:00:00,2026-04-16,1,1,,,ok,2026-04-16,10.33,10.98,11.24,10.33,2884005.0,7.44,4.67,5.48,0.714,1.55,4.41,8.99,10.75,-33.37,0.286,False,False,0.0
2026-04-16,600488,津药药业,56,10585.0,10jqka,post_close,2026-04-16 15:00:00,2026-04-10,5,5,3.0,-53.0,ok,2026-04-16,6.54,6.29,6.69,6.16,1955146.0,-8.04,6.43,-11.16,0.245,0.89,-0.73,-6.26,13.53,-25.47,0.283,False,False,0.0
2026-04-16,002902,铭普光磁,57,10538.0,10jqka,post_close,2026-04-16 15:00:00,2026-04-13,2,1,45.0,-12.0,ok,2026-04-16,29.82,30.62,30.7,28.94,541303.0,2.75,-0.84,6.21,0.955,0.93,2.3,5.88,11.29,-4.16,0.045,False,False,0.0
2026-04-16,603220,中贝通信,58,10485.0,10jqka,post_close,2026-04-16 15:00:00,2026-04-16,1,1,,,ok,2026-04-16,28.73,31.93,31.93,28.73,887498.0,9.99,18.35,18.26,1.0,1.97,11.93,16.59,20.69,0.0,0.0,True,False,0.0
2026-04-16,300027,华谊兄弟,59,10448.0,10jqka,post_close,2026-04-16 15:00:00,2026-04-16,1,1,,,ok,2026-04-16,2.09,2.09,2.09,2.0,3876682.0,20.11,22.94,37.5,1.0,2.82,17.95,27.21,30.14,-13.99,0.0,True,False,0.0
2026-04-16,000657,中钨高新,60,10300.0,10jqka,post_close,2026-04-16 15:00:00,2026-04-15,2,2,70.0,10.0,ok,2026-04-16,47.61,51.9,51.9,45.6,1247225.0,10.0,7.34,5.6,1.0,1.52,5.34,7.0,6.5,-27.41,0.0,True,False,0.0
2026-04-16,300088,长信科技,61,10276.0,10jqka,post_close,2026-04-16 15:00:00,2026-04-16,1,1,,,ok,2026-04-16,6.82,7.77,8.17,6.82,7542507.0,14.1,25.32,25.53,0.704,6.32,16.84,22.81,25.17,-4.9,0.296,True,False,0.0
2026-04-16,002033,丽江股份,62,10233.0,10jqka,post_close,2026-04-16 15:00:00,2026-04-16,1,1,,,ok,2026-04-16,9.93,10.93,10.93,9.81,1070901.0,9.96,20.37,21.04,1.0,4.14,13.48,16.94,18.81,0.0,0.0,True,False,0.0
2026-04-16,002565,顺灏股份,63,10161.0,10jqka,post_close,2026-04-16 15:00:00,2026-04-14,3,3,7.0,-56.0,ok,2026-04-16,17.67,17.75,17.88,17.3,1933390.0,0.28,8.1,3.02,0.776,0.89,3.4,5.86,7.6,-8.51,0.224,False,False,0.0
2026-04-16,002008,大族激光,64,10035.0,10jqka,post_close,2026-04-16 15:00:00,2026-04-14,2,1,83.0,19.0,ok,2026-04-16,77.81,86.67,86.67,77.81,502765.0,10.0,14.37,13.5,1.0,1.0,8.2,17.51,27.02,0.0,0.0,True,False,0.0
2026-04-16,603906,龙蟠科技,65,10028.0,10jqka,post_close,2026-04-16 15:00:00,2026-04-16,1,1,,,ok,2026-04-16,24.1,25.05,25.05,24.1,235643.0,10.01,11.78,13.71,1.0,0.51,7.96,11.1,16.51,0.0,0.0,True,False,0.0
2026-04-16,000533,顺钠股份,66,9896.0,10jqka,post_close,2026-04-16 15:00:00,2026-04-15,2,2,24.0,-42.0,ok,2026-04-16,15.29,15.69,16.0,14.8,1436267.0,-2.67,6.45,7.91,0.742,1.51,3.1,6.81,2.05,-28.16,0.258,False,False,0.0
2026-04-16,600549,厦门钨业,67,9620.0,10jqka,post_close,2026-04-16 15:00:00,2026-04-16,1,1,,,ok,2026-04-16,56.3,61.88,61.88,55.8,991894.0,10.01,6.41,5.98,1.0,1.9,5.41,8.42,9.38,-24.13,0.0,True,False,0.0
2026-04-16,002560,通达股份,68,9593.0,10jqka,post_close,2026-04-16 15:00:00,2026-04-10,5,5,23.0,-45.0,ok,2026-04-16,13.78,13.91,14.19,13.0,1319070.0,-0.93,-2.59,4.82,0.765,0.88,-0.09,2.76,18.34,-3.2,0.235,False,False,0.0
2026-04-16,002471,中超控股,69,9570.0,10jqka,post_close,2026-04-16 15:00:00,2026-04-15,2,2,68.0,-1.0,ok,2026-04-16,8.92,9.24,9.29,8.72,2661676.0,1.65,6.21,2.1,0.912,1.26,3.54,3.58,6.38,-15.0,0.088,False,False,0.0
2026-04-16,002929,润建股份,70,9420.0,10jqka,post_close,2026-04-16 15:00:00,2026-04-16,1,1,,,ok,2026-04-16,59.01,65.29,65.29,58.99,283232.0,10.01,14.58,21.72,1.0,1.13,11.33,20.81,26.5,0.0,0.0,True,False,0.0
2026-04-16,601899,紫金矿业,71,9247.0,10jqka,post_close,2026-04-16 15:00:00,2026-04-10,5,5,53.0,-18.0,ok,2026-04-16,35.0,35.3,35.39,35.0,2009412.0,1.12,4.87,4.13,0.769,0.81,2.37,4.01,6.39,-21.45,0.231,False,False,0.0
2026-04-16,300394,天孚通信,72,9207.0,10jqka,post_close,2026-04-16 15:00:00,2026-04-15,2,2,75.0,3.0,ok,2026-04-16,328.0,355.57,359.77,325.65,485741.0,7.53,1.3,2.5,0.877,1.1,2.06,4.58,8.91,-8.58,0.123,False,False,0.0
2026-04-16,600111,北方稀土,73,9199.0,10jqka,post_close,2026-04-16 15:00:00,2026-04-10,5,5,95.0,22.0,ok,2026-04-16,49.59,49.39,49.98,49.12,1200725.0,-0.02,-5.64,-4.65,0.314,1.14,-2.55,-1.61,1.84,-22.31,0.453,False,False,0.0
2026-04-16,601869,长飞光纤,74,9187.0,10jqka,post_close,2026-04-16 15:00:00,2026-04-10,5,5,64.0,-10.0,ok,2026-04-16,350.0,368.52,373.05,346.0,180799.0,2.76,-0.18,-7.48,0.833,0.87,-0.14,1.03,18.02,-7.48,0.167,False,False,0.0
2026-04-16,002460,赣锋锂业,75,9139.0,10jqka,post_close,2026-04-16 15:00:00,2026-04-10,5,5,26.0,-49.0,ok,2026-04-16,83.33,85.6,86.7,82.36,853823.0,4.17,1.45,5.67,0.747,0.89,0.85,3.62,10.29,-3.25,0.253,False,False,0.0
2026-04-16,002124,天邦食品,76,9017.0,10jqka,post_close,2026-04-16 15:00:00,2026-04-13,4,4,79.0,3.0,ok,2026-04-16,3.06,2.93,3.13,2.83,4801663.0,-6.69,13.13,25.21,0.333,3.28,5.7,14.23,18.31,-6.69,0.233,False,False,0.0
2026-04-16,300274,阳光电源,77,9008.0,10jqka,post_close,2026-04-16 15:00:00,2026-04-10,5,5,57.0,-20.0,ok,2026-04-16,135.0,133.9,135.88,132.92,650559.0,0.01,-0.25,8.16,0.331,0.73,-0.41,3.32,-7.86,-26.42,0.297,False,False,0.0
2026-04-16,002990,盛视科技,78,9000.0,10jqka,post_close,2026-04-16 15:00:00,2026-04-14,3,3,61.0,-17.0,ok,2026-04-16,42.42,46.32,46.32,42.07,239453.0,10.0,33.1,39.18,1.0,1.25,18.46,30.74,43.58,0.0,0.0,True,False,0.0
2026-04-16,002624,完美世界,79,8955.0,10jqka,post_close,2026-04-16 15:00:00,2026-04-16,1,1,,,ok,2026-04-16,19.25,20.78,21.24,19.07,1215985.0,7.61,6.51,3.59,0.788,1.74,4.9,5.1,10.05,-12.25,0.212,False,False,0.0
2026-04-16,002792,通宇通讯,80,8605.0,10jqka,post_close,2026-04-16 15:00:00,2026-04-14,2,1,82.0,2.0,ok,2026-04-16,47.49,49.38,50.0,46.56,666900.0,4.75,9.22,4.24,0.82,1.14,4.94,6.01,12.7,-28.43,0.18,False,False,0.0
2026-04-16,300442,润泽科技,81,8521.0,10jqka,post_close,2026-04-16 15:00:00,2026-04-16,1,1,,,ok,2026-04-16,90.26,95.78,97.98,90.26,765044.0,6.12,7.35,9.73,0.715,1.37,5.61,10.29,11.54,-9.92,0.285,False,False,0.0
2026-04-16,688521,芯原股份,82,8497.0,10jqka,post_close,2026-04-16 15:00:00,2026-04-16,1,1,,,ok,2026-04-16,252.0,244.7,254.0,219.0,47132397.0,-3.75,2.31,2.71,0.734,2.1,-0.66,2.6,9.69,-15.03,0.057,False,False,0.0
2026-04-16,000592,平潭发展,83,8419.0,10jqka,post_close,2026-04-16 15:00:00,2026-04-10,4,2,13.0,-70.0,ok,2026-04-16,11.17,11.11,11.17,10.94,1806903.0,-1.94,-4.96,-6.72,0.739,0.57,-2.3,-5.37,-2.17,-30.52,0.0,False,False,0.0
2026-04-16,300798,锦鸡股份,84,8221.0,10jqka,post_close,2026-04-16 15:00:00,2026-04-16,1,1,,,ok,2026-04-16,11.29,13.42,13.42,11.08,816710.0,20.04,33.8,32.87,1.0,1.9,22.16,30.44,34.33,0.0,0.0,True,False,0.0
2026-04-16,600176,中国巨石,85,8221.0,10jqka,post_close,2026-04-16 15:00:00,2026-04-13,2,1,11.0,-74.0,ok,2026-04-16,32.12,33.0,33.87,31.82,1702501.0,6.11,2.77,17.86,0.576,1.32,4.52,13.35,23.49,-2.57,0.424,False,False,0.0
2026-04-16,000973,佛塑科技,86,8207.0,10jqka,post_close,2026-04-16 15:00:00,2026-04-14,3,3,25.0,-61.0,ok,2026-04-16,17.55,17.29,18.01,16.87,1096441.0,-4.58,-10.69,-0.69,0.368,1.36,-5.8,-3.77,-2.26,-16.51,0.404,False,False,0.0
2026-04-16,600487,亨通光电,87,8204.0,10jqka,post_close,2026-04-16 15:00:00,2026-04-10,5,5,85.0,-2.0,ok,2026-04-16,51.81,53.14,53.44,50.89,1428402.0,1.94,-0.65,-10.75,0.882,0.8,-0.64,-4.36,3.09,-13.59,0.118,False,False,0.0
2026-04-16,688525,佰维存储,88,8174.0,10jqka,post_close,2026-04-16 15:00:00,2026-04-10,3,1,49.0,-39.0,ok,2026-04-16,273.0,286.8,291.8,271.99,44400802.0,0.49,12.1,26.05,0.748,1.07,5.62,16.9,19.94,-2.52,0.252,False,False,0.0
2026-04-16,001309,德明利,89,8168.0,10jqka,post_close,2026-04-16 15:00:00,2026-04-10,5,5,91.0,2.0,ok,2026-04-16,490.0,516.8,529.98,486.0,167202.0,3.11,7.33,27.11,0.7,0.84,5.58,19.14,29.7,-2.49,0.3,False,False,0.0
2026-04-16,002294,信立泰,90,8070.0,10jqka,post_close,2026-04-16 15:00:00,2026-04-16,1,1,,,ok,2026-04-16,66.4,60.54,66.5,60.54,235382.0,-10.0,-2.97,-3.71,0.0,1.96,-4.0,-5.71,-1.89,-14.72,0.017,False,False,0.0
2026-04-16,600010,包钢股份,91,8058.0,10jqka,post_close,2026-04-16 15:00:00,2026-04-10,4,1,81.0,-10.0,ok,2026-04-16,2.82,2.88,2.88,2.82,9236331.0,2.13,-3.36,0.35,1.0,0.62,0.21,2.35,7.46,-15.54,0.0,False,False,0.0
2026-04-16,002463,沪电股份,92,7963.0,10jqka,post_close,2026-04-16 15:00:00,2026-04-10,5,5,43.0,-49.0,ok,2026-04-16,92.25,94.4,95.46,91.91,772929.0,1.75,6.46,9.97,0.701,0.78,2.23,9.69,13.03,-4.77,0.299,False,False,0.0
2026-04-16,002213,大为股份,93,7912.0,10jqka,post_close,2026-04-16 15:00:00,2026-04-14,2,1,43.0,-50.0,ok,2026-04-16,34.89,38.34,38.34,33.87,433753.0,10.01,10.75,17.93,1.0,0.86,6.64,18.1,23.63,0.0,0.0,True,False,0.0
2026-04-16,002261,拓维信息,94,7846.0,10jqka,post_close,2026-04-16 15:00:00,2026-04-15,2,2,84.0,-10.0,ok,2026-04-16,36.6,37.12,37.44,36.4,1142697.0,1.98,3.14,3.46,0.692,1.3,2.1,4.65,5.13,-15.75,0.308,False,False,0.0
2026-04-16,300738,奥飞数据,95,7844.0,10jqka,post_close,2026-04-16 15:00:00,2026-04-16,1,1,,,ok,2026-04-16,23.6,25.94,25.97,23.52,1572379.0,10.85,12.59,14.53,0.988,2.44,9.42,14.21,15.57,-4.84,0.012,True,False,0.0
2026-04-16,600110,诺德股份,96,7627.0,10jqka,post_close,2026-04-16 15:00:00,2026-04-10,5,5,52.0,-44.0,ok,2026-04-16,10.32,10.05,10.39,9.93,1982175.0,-1.95,-1.37,-1.08,0.261,0.76,-0.97,2.09,11.12,-7.63,0.152,False,False,0.0
2026-04-16,002083,孚日股份,97,7401.0,10jqka,post_close,2026-04-16 15:00:00,2026-04-14,3,3,40.0,-57.0,ok,2026-04-16,12.77,12.34,12.8,12.07,1204432.0,-5.66,-6.59,2.83,0.37,1.39,-6.49,-2.4,3.1,-15.07,0.041,False,False,0.0
2026-04-16,002709,天赐材料,98,7397.0,10jqka,post_close,2026-04-16 15:00:00,2026-04-10,5,5,67.0,-31.0,ok,2026-04-16,48.2,48.86,49.68,47.52,1057520.0,2.43,4.6,12.09,0.62,0.88,2.07,6.52,8.42,-4.2,0.38,False,False,0.0
2026-04-16,002240,盛新锂能,99,7376.0,10jqka,post_close,2026-04-16 15:00:00,2026-04-14,2,1,26.0,-73.0,ok,2026-04-16,47.74,49.8,50.9,47.13,867059.0,7.63,11.01,27.69,0.708,1.28,8.17,16.84,23.47,-2.16,0.292,False,False,0.0
2026-04-16,002181,粤传媒,100,7279.0,10jqka,post_close,2026-04-16 15:00:00,2026-04-16,1,1,,,ok,2026-04-16,13.13,13.62,13.71,12.9,1185845.0,4.45,6.24,5.99,0.889,0.92,4.13,8.4,13.63,-4.49,0.111,False,False,0.0
2026-04-17,002580,圣阳股份,1,14568.0,10jqka,post_close,2026-04-17 15:00:00,2026-04-10,6,6,2.0,1.0,ok,2026-04-17,29.13,30.58,30.58,29.07,822376.0,10.0,33.13,61.12,1.0,0.64,19.92,45.02,65.5,0.0,0.0,True,False,0.0
2026-04-17,600487,亨通光电,2,11171.0,10jqka,post_close,2026-04-17 15:00:00,2026-04-10,6,6,87.0,85.0,ok,2026-04-17,52.59,55.65,56.1,52.59,2134174.0,4.72,5.66,-0.59,0.872,1.27,4.18,-0.25,6.66,-9.51,0.128,False,False,0.0
2026-04-17,600703,三安光电,3,8286.0,10jqka,post_close,2026-04-17 15:00:00,2026-04-10,3,1,43.0,40.0,ok,2026-04-17,12.13,13.34,13.34,12.09,4289269.0,9.98,9.17,11.73,1.0,1.81,7.1,9.22,5.06,-28.93,0.0,True,False,0.0
2026-04-17,002361,神剑股份,4,7480.0,10jqka,post_close,2026-04-17 15:00:00,2026-04-10,6,6,1.0,-3.0,ok,2026-04-17,18.8,18.75,19.7,18.34,3464035.0,-2.65,11.28,13.71,0.301,1.05,4.05,9.8,22.11,-8.04,0.662,False,False,0.0
2026-04-17,601778,晶科科技,5,7360.0,10jqka,post_close,2026-04-17 15:00:00,2026-04-14,4,4,12.0,7.0,ok,2026-04-17,7.0,6.91,7.33,6.86,10910730.0,3.75,14.59,36.83,0.106,2.28,10.99,23.13,26.51,-5.73,0.702,False,False,0.0
2026-04-17,002217,合力泰,6,6764.0,10jqka,post_close,2026-04-17 15:00:00,2026-04-17,1,1,,,ok,2026-04-17,2.43,2.68,2.68,2.41,5039386.0,9.84,7.63,5.51,1.0,2.16,7.03,9.25,10.68,-20.94,0.0,True,False,0.0
2026-04-17,002297,博云新材,7,6437.0,10jqka,post_close,2026-04-17 15:00:00,2026-04-10,5,2,39.0,32.0,ok,2026-04-17,17.01,17.69,17.69,16.74,1156934.0,10.01,33.11,61.11,1.0,3.11,19.92,37.64,49.93,0.0,0.0,True,False,0.0
2026-04-17,600666,奥瑞德,8,6079.0,10jqka,post_close,2026-04-17 15:00:00,2026-04-10,6,6,13.0,5.0,ok,2026-04-17,6.85,7.09,7.32,6.61,8461098.0,3.5,9.41,12.54,0.676,1.56,7.2,10.4,19.12,-3.14,0.324,False,False,0.0
2026-04-17,600330,天通股份,9,5817.0,10jqka,post_close,2026-04-17 15:00:00,2026-04-10,2,1,90.0,81.0,ok,2026-04-17,21.73,21.73,21.73,21.73,377584.0,10.03,5.43,14.37,1.0,0.22,7.03,13.28,22.87,0.0,0.0,True,True,0.0
2026-04-17,603629,利通电子,10,5566.0,10jqka,post_close,2026-04-17 15:00:00,2026-04-13,5,5,16.0,6.0,ok,2026-04-17,96.61,105.44,105.44,96.61,372403.0,10.01,31.88,45.07,1.0,0.88,19.31,34.66,49.91,0.0,0.0,True,False,0.0
2026-04-17,300308,中际旭创,11,5426.0,10jqka,post_close,2026-04-17 15:00:00,2026-04-10,6,6,11.0,0.0,ok,2026-04-17,840.0,850.0,864.0,819.24,398572.0,5.12,9.96,15.7,0.687,1.36,7.61,16.62,28.0,-1.62,0.313,False,False,0.0
2026-04-17,002281,光迅科技,12,5335.0,10jqka,post_close,2026-04-17 15:00:00,2026-04-10,4,1,84.0,72.0,ok,2026-04-17,110.99,116.83,116.83,110.11,623611.0,10.0,4.87,8.36,1.0,0.91,5.28,11.08,23.44,0.0,0.0,True,False,0.0
2026-04-17,600958,东方证券,13,5231.0,10jqka,post_close,2026-04-17 15:00:00,2026-04-17,1,1,,,ok,2026-04-17,9.29,9.34,9.39,9.18,757475.0,0.65,0.0,0.76,0.762,1.41,0.32,1.61,1.98,-14.63,0.238,False,False,0.0
2026-04-17,300184,力源信息,14,5212.0,10jqka,post_close,2026-04-17 15:00:00,2026-04-17,1,1,,,ok,2026-04-17,11.93,12.63,12.69,11.86,1860847.0,5.87,7.76,11.08,0.928,2.17,6.51,10.15,12.68,-0.47,0.072,False,False,0.0
2026-04-17,002565,顺灏股份,15,5061.0,10jqka,post_close,2026-04-17 15:00:00,2026-04-14,4,4,63.0,48.0,ok,2026-04-17,17.86,18.92,19.39,17.2,3057799.0,6.59,9.36,13.57,0.785,1.52,7.39,11.04,14.08,-2.42,0.215,False,False,0.0
2026-04-17,002428,云南锗业,16,4837.0,10jqka,post_close,2026-04-17 15:00:00,2026-04-14,2,1,73.0,57.0,ok,2026-04-17,60.53,62.0,62.0,59.07,1005293.0,10.01,5.3,9.17,1.0,1.09,7.07,10.59,19.87,0.0,0.0,True,False,0.0
2026-04-17,601138,工业富联,17,4731.0,10jqka,post_close,2026-04-17 15:00:00,2026-04-10,6,6,29.0,12.0,ok,2026-04-17,59.6,60.97,61.2,58.98,1878179.0,2.78,3.48,7.87,0.896,0.98,4.14,7.79,14.17,-4.73,0.104,False,False,0.0
2026-04-17,002418,康盛股份,18,4623.0,10jqka,post_close,2026-04-17 15:00:00,2026-04-10,5,1,59.0,41.0,ok,2026-04-17,5.57,6.19,6.19,5.5,2391565.0,9.95,1.48,8.79,1.0,0.92,4.28,13.08,23.75,-1.59,0.0,True,False,0.0
2026-04-17,600410,华胜天成,19,4509.0,10jqka,post_close,2026-04-17 15:00:00,2026-04-10,6,6,15.0,-4.0,ok,2026-04-17,27.78,28.94,29.97,27.6,2514849.0,3.39,5.93,6.95,0.565,1.61,4.94,6.83,10.8,-15.65,0.435,False,False,0.0
2026-04-17,002990,盛视科技,20,4493.0,10jqka,post_close,2026-04-17 15:00:00,2026-04-14,4,4,78.0,58.0,ok,2026-04-17,48.07,50.95,50.95,48.07,180148.0,10.0,33.1,49.85,1.0,0.85,19.9,36.19,52.66,0.0,0.0,True,False,0.0
2026-04-17,600105,永鼎股份,21,4483.0,10jqka,post_close,2026-04-17 15:00:00,2026-04-10,6,6,33.0,12.0,ok,2026-04-17,39.47,41.3,42.5,39.47,1673910.0,4.64,11.08,8.4,0.604,0.78,6.34,14.29,30.5,-2.82,0.396,False,False,0.0
2026-04-17,300058,蓝色光标,22,4360.0,10jqka,post_close,2026-04-17 15:00:00,2026-04-10,6,6,27.0,5.0,ok,2026-04-17,16.96,18.0,18.22,16.74,7392313.0,4.65,4.23,9.16,0.851,1.34,5.34,11.21,18.31,-26.32,0.149,False,False,0.0
2026-04-17,601869,长飞光纤,23,4200.0,10jqka,post_close,2026-04-17 15:00:00,2026-04-10,6,6,74.0,51.0,ok,2026-04-17,367.44,365.89,372.64,360.35,152231.0,-0.71,0.38,-4.81,0.451,0.76,0.15,-0.6,14.43,-8.14,0.423,False,False,0.0
2026-04-17,603778,国晟科技,24,4021.0,10jqka,post_close,2026-04-17 15:00:00,2026-04-10,6,6,3.0,-21.0,ok,2026-04-17,24.8,24.25,25.27,24.1,1294691.0,-8.14,-18.6,-22.38,0.128,1.49,-13.61,-18.26,-11.31,-29.24,0.402,False,False,0.0
2026-04-17,002328,新朋股份,25,3997.0,10jqka,post_close,2026-04-17 15:00:00,2026-04-10,6,6,7.0,-18.0,ok,2026-04-17,13.24,13.0,13.33,12.65,1592895.0,-2.99,9.8,28.59,0.515,0.9,5.69,23.55,48.62,-4.27,0.132,False,False,0.0
2026-04-17,000988,华工科技,26,3767.0,10jqka,post_close,2026-04-17 15:00:00,2026-04-10,6,6,45.0,19.0,ok,2026-04-17,113.0,116.68,117.58,112.79,954008.0,3.88,-3.27,0.66,0.812,0.84,-0.63,2.7,4.95,-17.49,0.188,False,False,0.0
2026-04-17,600707,彩虹股份,27,3736.0,10jqka,post_close,2026-04-17 15:00:00,2026-04-10,2,1,29.0,2.0,ok,2026-04-17,7.1,7.79,7.79,7.09,1185711.0,10.03,14.06,10.97,1.0,0.85,8.86,17.98,26.53,0.0,0.0,True,False,0.0
2026-04-17,002342,巨力索具,28,3675.0,10jqka,post_close,2026-04-17 15:00:00,2026-04-10,6,6,9.0,-19.0,ok,2026-04-17,18.07,19.06,19.3,18.01,2235985.0,2.97,11.14,22.97,0.814,0.75,6.66,18.92,32.5,-11.02,0.186,False,False,0.0
2026-04-17,600522,中天科技,29,3612.0,10jqka,post_close,2026-04-17 15:00:00,2026-04-10,2,1,51.0,22.0,ok,2026-04-17,28.01,28.14,28.5,27.62,1605282.0,0.5,-0.67,-5.57,0.591,0.86,-0.06,-4.16,-1.19,-12.55,0.409,False,False,0.0
2026-04-17,300750,宁德时代,30,3553.0,10jqka,post_close,2026-04-17 15:00:00,2026-04-10,6,6,4.0,-26.0,ok,2026-04-17,449.05,437.29,450.73,434.1,365358.0,-2.19,3.16,6.89,0.192,0.77,1.57,7.01,8.41,-3.49,0.101,False,False,0.0
2026-04-17,688498,源杰科技,31,3539.0,10jqka,post_close,2026-04-17 15:00:00,2026-04-17,1,1,,,ok,2026-04-17,1339.26,1445.0,1460.08,1320.0,3520831.0,10.05,15.46,17.96,0.892,1.12,10.11,18.31,25.85,-1.03,0.108,True,False,0.0
2026-04-17,300433,蓝思科技,32,3511.0,10jqka,post_close,2026-04-17 15:00:00,2026-04-16,2,2,18.0,-14.0,ok,2026-04-17,25.46,25.99,26.5,25.31,1407541.0,1.37,-13.8,-13.74,0.571,1.23,-7.89,-9.46,-9.08,-38.99,0.429,False,False,0.0
2026-04-17,600152,维科技术,33,3491.0,10jqka,post_close,2026-04-17 15:00:00,2026-04-14,3,1,62.0,29.0,ok,2026-04-17,12.22,13.9,13.9,12.05,1162380.0,9.97,16.9,41.4,1.0,0.96,13.36,26.33,32.0,0.0,0.0,True,False,0.0
2026-04-17,002384,东山精密,34,3438.0,10jqka,post_close,2026-04-17 15:00:00,2026-04-10,6,6,25.0,-9.0,ok,2026-04-17,155.0,162.1,164.45,152.16,1195419.0,8.39,11.03,12.92,0.809,1.19,8.03,18.74,33.27,-1.43,0.191,False,False,0.0
2026-04-17,002600,领益智造,35,3378.0,10jqka,post_close,2026-04-17 15:00:00,2026-04-17,1,1,,,ok,2026-04-17,13.7,13.79,13.89,13.66,773016.0,0.36,-0.65,1.32,0.565,0.82,0.31,2.93,4.56,-17.28,0.435,False,False,0.0
2026-04-17,002108,沧州明珠,36,3329.0,10jqka,post_close,2026-04-17 15:00:00,2026-04-17,1,1,,,ok,2026-04-17,5.06,5.58,5.58,5.03,2404699.0,10.06,10.71,15.29,1.0,3.48,9.2,12.77,15.21,0.0,0.0,True,False,0.0
2026-04-17,603083,剑桥科技,37,3274.0,10jqka,post_close,2026-04-17 15:00:00,2026-04-15,2,1,97.0,60.0,ok,2026-04-17,139.0,145.29,145.29,139.0,235554.0,10.0,20.45,24.99,1.0,0.55,13.09,22.08,29.18,0.0,0.0,True,False,0.0
2026-04-17,600867,通化东宝,38,3257.0,10jqka,post_close,2026-04-17 15:00:00,2026-04-17,1,1,,,ok,2026-04-17,10.3,10.15,10.34,10.06,760161.0,-2.5,2.53,1.91,0.321,0.75,-0.08,1.23,7.17,-4.87,0.143,False,False,0.0
2026-04-17,002491,通鼎互联,39,3223.0,10jqka,post_close,2026-04-17 15:00:00,2026-04-10,5,3,17.0,-22.0,ok,2026-04-17,15.62,15.13,15.97,15.0,2115365.0,-3.14,0.27,3.7,0.134,0.8,1.06,2.81,17.21,-9.18,0.361,False,False,0.0
2026-04-17,001896,豫能控股,40,3200.0,10jqka,post_close,2026-04-17 15:00:00,2026-04-13,5,5,35.0,-5.0,ok,2026-04-17,17.28,17.08,18.09,16.47,2008989.0,0.12,13.41,29.3,0.377,1.04,6.51,18.21,15.57,-5.58,0.5,False,False,0.0
2026-04-17,000657,中钨高新,41,3198.0,10jqka,post_close,2026-04-17 15:00:00,2026-04-15,3,3,60.0,19.0,ok,2026-04-17,53.5,56.12,57.09,53.37,1945777.0,8.13,12.37,14.58,0.739,2.01,10.69,13.38,14.6,-21.51,0.261,False,False,0.0
2026-04-17,002957,科瑞技术,42,3182.0,10jqka,post_close,2026-04-17 15:00:00,2026-04-13,2,1,57.0,15.0,ok,2026-04-17,43.0,45.97,45.97,42.1,235824.0,10.0,12.89,22.26,1.0,0.56,8.54,18.39,40.68,0.0,0.0,True,False,0.0
2026-04-17,000889,中嘉博创,43,3173.0,10jqka,post_close,2026-04-17 15:00:00,2026-04-10,6,6,6.0,-37.0,ok,2026-04-17,4.85,5.29,5.44,4.81,2756539.0,5.8,22.74,21.61,0.762,1.17,13.71,27.13,41.1,-2.76,0.238,False,False,0.0
2026-04-17,002980,华盛昌,44,3153.0,10jqka,post_close,2026-04-17 15:00:00,2026-04-13,4,1,44.0,0.0,ok,2026-04-17,66.4,73.12,73.12,66.0,193449.0,10.0,14.0,37.94,1.0,0.95,9.93,23.74,47.0,0.0,0.0,True,False,0.0
2026-04-17,002475,立讯精密,45,3114.0,10jqka,post_close,2026-04-17 15:00:00,2026-04-10,6,6,44.0,-1.0,ok,2026-04-17,59.85,59.75,60.88,59.25,1343424.0,-1.16,1.03,2.7,0.307,0.53,0.68,6.8,13.77,-2.02,0.632,False,False,0.0
2026-04-17,600821,金开新能,46,3110.0,10jqka,post_close,2026-04-17 15:00:00,2026-04-15,3,3,46.0,0.0,ok,2026-04-17,8.71,9.08,9.3,8.71,3358484.0,2.48,8.48,13.64,0.627,1.2,4.58,8.35,-0.58,-25.57,0.373,False,False,0.0
2026-04-17,002560,通达股份,47,3105.0,10jqka,post_close,2026-04-17 15:00:00,2026-04-10,6,6,68.0,21.0,ok,2026-04-17,14.21,13.88,15.0,13.72,1357632.0,-0.22,0.51,2.28,0.125,0.93,-0.74,1.92,16.12,-7.47,0.617,False,False,0.0
2026-04-17,002940,昂利康,48,3085.0,10jqka,post_close,2026-04-17 15:00:00,2026-04-17,1,1,,,ok,2026-04-17,35.96,39.16,39.16,35.87,396835.0,10.0,28.56,26.16,1.0,2.46,16.93,18.69,22.58,0.0,0.0,True,False,0.0
2026-04-17,002202,金风科技,49,3060.0,10jqka,post_close,2026-04-17 15:00:00,2026-04-10,6,6,49.0,0.0,ok,2026-04-17,24.99,25.39,25.6,24.8,1763846.0,1.6,0.36,5.48,0.737,0.87,1.69,4.19,-1.44,-23.75,0.263,False,False,0.0
2026-04-17,300136,信维通信,50,2990.0,10jqka,post_close,2026-04-17 15:00:00,2026-04-15,2,1,89.0,39.0,ok,2026-04-17,69.01,74.91,75.29,68.7,1210738.0,7.32,9.25,17.07,0.942,1.49,8.46,13.23,16.48,-20.8,0.058,False,False,0.0
2026-04-17,001330,博纳影业,51,2984.0,10jqka,post_close,2026-04-17 15:00:00,2026-04-17,1,1,,,ok,2026-04-17,7.62,8.23,8.23,7.48,1878122.0,10.03,10.32,14.31,1.0,2.23,9.21,13.3,16.62,-40.01,0.0,True,False,0.0
2026-04-17,002015,协鑫能科,52,2974.0,10jqka,post_close,2026-04-17 15:00:00,2026-04-15,3,3,51.0,-1.0,ok,2026-04-17,18.42,18.53,19.35,18.38,2027086.0,0.6,4.99,6.74,0.155,1.32,3.05,5.2,3.4,-19.4,0.845,False,False,0.0
2026-04-17,603773,沃格光电,53,2969.0,10jqka,post_close,2026-04-17 15:00:00,2026-04-10,2,1,37.0,-16.0,ok,2026-04-17,48.0,52.9,52.9,48.0,218748.0,10.0,17.5,22.62,1.0,0.8,10.42,24.61,36.35,0.0,0.0,True,False,0.0
2026-04-17,603118,共进股份,54,2908.0,10jqka,post_close,2026-04-17 15:00:00,2026-04-17,1,1,,,ok,2026-04-17,13.78,15.18,15.18,13.78,712268.0,10.0,9.05,10.08,1.0,1.11,7.29,8.54,13.96,0.0,0.0,True,False,0.0
2026-04-17,600156,华升股份,55,2859.0,10jqka,post_close,2026-04-17 15:00:00,2026-04-17,1,1,,,ok,2026-04-17,8.98,9.26,9.26,8.85,409981.0,9.98,18.72,13.62,1.0,2.41,12.98,18.19,17.66,0.0,0.0,True,False,0.0
2026-04-17,300502,新易盛,56,2851.0,10jqka,post_close,2026-04-17 15:00:00,2026-04-10,6,6,10.0,-46.0,ok,2026-04-17,550.0,589.0,589.98,542.03,416195.0,9.58,13.27,12.73,0.98,1.0,10.87,15.85,21.7,-0.17,0.02,True,False,0.0
2026-04-17,000630,铜陵有色,57,2826.0,10jqka,post_close,2026-04-17 15:00:00,2026-04-17,1,1,,,ok,2026-04-17,6.31,6.43,6.52,6.31,3003686.0,1.74,1.42,5.58,0.571,1.17,1.77,4.48,7.18,-30.03,0.429,False,False,0.0
2026-04-17,600519,贵州茅台,58,2796.0,10jqka,post_close,2026-04-17 15:00:00,2026-04-10,2,1,78.0,20.0,ok,2026-04-17,1400.0,1407.24,1421.0,1399.87,96825.0,-3.8,-2.74,-3.21,0.349,3.52,-2.65,-3.0,-2.22,-10.25,0.651,False,False,0.0
2026-04-17,300476,胜宏科技,59,2778.0,10jqka,post_close,2026-04-17 15:00:00,2026-04-10,5,1,63.0,4.0,ok,2026-04-17,305.04,326.42,335.0,301.36,666512.0,7.55,5.98,13.43,0.745,1.4,6.71,12.49,18.52,-2.56,0.255,False,False,0.0
2026-04-17,002837,英维克,60,2775.0,10jqka,post_close,2026-04-17 15:00:00,2026-04-10,5,1,78.0,18.0,ok,2026-04-17,105.68,110.67,112.63,104.41,575430.0,4.23,0.8,11.73,0.762,0.96,3.47,12.14,15.31,-5.0,0.238,False,False,0.0
2026-04-17,002364,中恒电气,61,2751.0,10jqka,post_close,2026-04-17 15:00:00,2026-04-10,6,6,36.0,-25.0,ok,2026-04-17,43.03,40.91,43.66,40.36,1040063.0,-4.42,-3.72,16.49,0.167,1.38,-1.77,13.91,27.96,-7.36,0.191,False,False,0.0
2026-04-17,002866,传艺科技,62,2688.0,10jqka,post_close,2026-04-17 15:00:00,2026-04-17,1,1,,,ok,2026-04-17,24.23,26.39,26.39,23.8,441184.0,10.0,10.33,19.03,1.0,1.14,9.35,15.87,20.43,0.0,0.0,True,False,0.0
2026-04-17,600498,烽火通信,63,2674.0,10jqka,post_close,2026-04-17 15:00:00,2026-04-10,4,1,65.0,2.0,ok,2026-04-17,48.2,49.27,49.97,48.11,693795.0,1.32,-2.97,-5.97,0.624,0.71,-0.4,-2.22,1.75,-20.25,0.376,False,False,0.0
2026-04-17,603738,泰晶科技,64,2636.0,10jqka,post_close,2026-04-17 15:00:00,2026-04-17,1,1,,,ok,2026-04-17,28.11,30.17,30.17,27.5,628356.0,9.99,8.1,17.94,1.0,1.49,7.14,12.81,16.22,0.0,0.0,True,False,0.0
2026-04-17,002131,利欧股份,65,2636.0,10jqka,post_close,2026-04-17 15:00:00,2026-04-10,6,6,8.0,-57.0,ok,2026-04-17,7.96,7.96,8.02,7.86,3493392.0,-1.12,-1.97,-0.38,0.625,0.65,-0.5,1.67,3.45,-23.46,0.375,False,False,0.0
2026-04-17,600961,株冶集团,66,2633.0,10jqka,post_close,2026-04-17 15:00:00,2026-04-17,1,1,,,ok,2026-04-17,22.09,22.09,22.09,22.09,46647.0,10.01,20.18,23.82,1.0,0.25,13.89,19.48,24.12,-19.61,0.0,True,True,0.0
2026-04-17,002261,拓维信息,67,2631.0,10jqka,post_close,2026-04-17 15:00:00,2026-04-15,3,3,94.0,27.0,ok,2026-04-17,36.85,37.66,37.95,36.71,1120084.0,1.45,3.21,5.22,0.766,1.22,2.53,4.93,6.73,-14.53,0.234,False,False,0.0
2026-04-17,002050,三花智控,68,2628.0,10jqka,post_close,2026-04-17 15:00:00,2026-04-15,2,1,99.0,31.0,ok,2026-04-17,45.4,45.54,45.93,45.03,718523.0,-0.52,0.0,1.49,0.567,0.82,0.57,2.79,4.03,-25.06,0.433,False,False,0.0
2026-04-17,600552,凯盛科技,69,2617.0,10jqka,post_close,2026-04-17 15:00:00,2026-04-17,1,1,,,ok,2026-04-17,13.58,15.02,15.02,13.52,1001366.0,10.04,13.62,11.34,1.0,1.72,9.68,14.08,19.54,-10.44,0.0,True,False,0.0
2026-04-17,300390,天华新能,70,2584.0,10jqka,post_close,2026-04-17 15:00:00,2026-04-10,5,2,40.0,-30.0,ok,2026-04-17,85.0,87.79,91.0,83.7,821546.0,2.46,8.32,28.54,0.56,0.84,6.63,22.94,37.0,-3.53,0.44,False,False,0.0
2026-04-17,688270,臻镭科技,71,2583.0,10jqka,post_close,2026-04-17 15:00:00,2026-04-17,1,1,,,ok,2026-04-17,173.0,175.16,177.6,172.0,14641915.0,-0.53,3.95,17.13,0.564,0.79,4.01,11.56,16.85,-23.18,0.436,False,False,0.0
2026-04-17,600103,青山纸业,72,2550.0,10jqka,post_close,2026-04-17 15:00:00,2026-04-10,3,1,25.0,-47.0,ok,2026-04-17,4.03,4.3,4.47,3.96,5110097.0,5.91,3.37,9.97,0.667,1.79,4.83,11.43,17.25,-3.8,0.333,False,False,0.0
2026-04-17,002739,万达电影,73,2542.0,10jqka,post_close,2026-04-17 15:00:00,2026-04-17,1,1,,,ok,2026-04-17,9.89,10.07,10.17,9.82,515816.0,1.41,1.51,1.72,0.714,2.11,1.37,2.23,3.27,-27.4,0.286,False,False,0.0
2026-04-17,002124,天邦食品,74,2494.0,10jqka,post_close,2026-04-17 15:00:00,2026-04-13,5,5,76.0,2.0,ok,2026-04-17,2.81,3.08,3.19,2.81,4379221.0,5.12,8.07,31.06,0.711,1.85,5.55,16.89,22.98,-3.45,0.289,False,False,0.0
2026-04-17,002149,西部材料,75,2448.0,10jqka,post_close,2026-04-17 15:00:00,2026-04-14,3,1,32.0,-43.0,ok,2026-04-17,53.11,54.8,55.47,53.09,838090.0,2.16,9.6,20.04,0.718,1.15,6.39,11.73,14.17,-5.48,0.282,False,False,0.0
2026-04-17,002463,沪电股份,76,2444.0,10jqka,post_close,2026-04-17 15:00:00,2026-04-10,6,6,92.0,16.0,ok,2026-04-17,93.68,97.66,99.38,93.6,930208.0,3.45,0.12,10.58,0.702,0.99,3.66,10.72,16.14,-1.73,0.298,False,False,0.0
2026-04-17,000815,美利云,77,2433.0,10jqka,post_close,2026-04-17 15:00:00,2026-04-13,5,5,26.0,-51.0,ok,2026-04-17,23.0,21.6,23.1,21.4,1783002.0,-2.75,3.3,12.62,0.118,1.45,2.67,6.3,7.19,-6.49,0.059,False,False,0.0
2026-04-17,603698,航天工程,78,2427.0,10jqka,post_close,2026-04-17 15:00:00,2026-04-17,1,1,,,ok,2026-04-17,43.0,46.19,46.84,42.41,662169.0,8.48,28.52,44.48,0.853,1.84,17.29,31.85,42.6,-1.39,0.147,False,False,0.0
2026-04-17,603052,可川科技,79,2425.0,10jqka,post_close,2026-04-17 15:00:00,2026-04-17,1,1,,,ok,2026-04-17,79.0,83.35,83.35,78.08,112518.0,10.0,19.0,19.11,1.0,1.13,13.19,20.43,26.31,0.0,0.0,True,False,0.0
2026-04-17,603906,龙蟠科技,80,2382.0,10jqka,post_close,2026-04-17 15:00:00,2026-04-16,2,2,65.0,-15.0,ok,2026-04-17,25.8,25.99,27.2,25.07,1213256.0,3.75,9.76,17.6,0.432,2.75,8.38,13.34,18.59,-4.45,0.568,False,False,0.0
2026-04-17,603538,美诺华,81,2376.0,10jqka,post_close,2026-04-17 15:00:00,2026-04-10,6,6,34.0,-47.0,ok,2026-04-17,56.0,52.5,56.19,52.3,589756.0,-6.25,3.02,5.87,0.051,0.82,-0.2,9.22,25.3,-8.36,0.049,False,False,0.0
2026-04-17,600089,特变电工,82,2361.0,10jqka,post_close,2026-04-17 15:00:00,2026-04-10,6,6,32.0,-50.0,ok,2026-04-17,27.8,27.32,27.8,27.3,1584672.0,-2.25,-0.58,0.85,0.04,0.86,-0.94,1.38,-0.11,-17.91,0.0,False,False,0.0
2026-04-17,002263,大东南,83,2334.0,10jqka,post_close,2026-04-17 15:00:00,2026-04-10,6,6,48.0,-35.0,ok,2026-04-17,5.26,4.98,5.35,4.93,4957347.0,-3.68,0.81,1.63,0.119,1.17,0.48,2.87,14.64,-6.92,0.214,False,False,0.0
2026-04-17,000592,平潭发展,84,2325.0,10jqka,post_close,2026-04-17 15:00:00,2026-04-10,5,3,83.0,-1.0,ok,2026-04-17,11.08,10.94,11.18,10.93,1429546.0,-1.53,-3.19,-4.29,0.04,0.46,-2.96,-5.51,-3.91,-30.63,0.4,False,False,0.0
2026-04-17,601868,中国能建,85,2324.0,10jqka,post_close,2026-04-17 15:00:00,2026-04-17,1,1,,,ok,2026-04-17,2.87,2.91,2.98,2.86,7778783.0,1.04,1.75,2.11,0.417,1.36,1.39,1.57,-2.35,-26.14,0.583,False,False,0.0
2026-04-17,605388,均瑶健康,86,2305.0,10jqka,post_close,2026-04-17 15:00:00,2026-04-17,1,1,,,ok,2026-04-17,8.4,8.87,8.87,8.38,465854.0,10.05,33.18,34.8,1.0,1.88,18.65,26.55,30.41,0.0,0.0,True,False,0.0
2026-04-17,002156,通富微电,87,2301.0,10jqka,post_close,2026-04-17 15:00:00,2026-04-17,1,1,,,ok,2026-04-17,48.31,48.18,49.17,47.89,950308.0,0.33,3.06,6.52,0.227,1.34,2.25,6.64,10.06,-18.61,0.672,False,False,0.0
2026-04-17,601899,紫金矿业,88,2295.0,10jqka,post_close,2026-04-17 15:00:00,2026-04-10,6,6,71.0,-17.0,ok,2026-04-17,35.0,34.73,35.1,34.5,2155828.0,-1.61,-0.2,2.9,0.383,0.89,0.14,1.85,4.3,-22.72,0.167,False,False,0.0
2026-04-17,601179,中国西电,89,2281.0,10jqka,post_close,2026-04-17 15:00:00,2026-04-10,4,3,28.0,-61.0,ok,2026-04-17,17.45,17.19,17.58,17.06,1932650.0,-1.43,6.11,6.9,0.25,0.74,1.9,5.95,6.88,-16.76,0.25,False,False,0.0
2026-04-17,000037,深南电A,90,2275.0,10jqka,post_close,2026-04-17 15:00:00,2026-04-17,1,1,,,ok,2026-04-17,10.07,11.07,11.07,10.03,227656.0,10.04,13.42,18.65,1.0,0.76,9.52,12.18,4.19,-16.07,0.0,True,False,0.0
2026-04-17,603178,圣龙股份,91,2258.0,10jqka,post_close,2026-04-17 15:00:00,2026-04-17,1,1,,,ok,2026-04-17,15.75,17.42,17.42,15.65,92744.0,9.97,10.81,12.24,1.0,4.74,8.66,11.23,12.52,-7.34,0.0,True,False,0.0
2026-04-17,603687,大胜达,92,2245.0,10jqka,post_close,2026-04-17 15:00:00,2026-04-16,2,2,14.0,-78.0,ok,2026-04-17,19.38,19.25,20.8,18.8,1339271.0,-2.97,17.38,14.79,0.225,1.72,6.33,10.58,17.5,-7.45,0.71,False,False,0.0
2026-04-17,603259,药明康德,93,2241.0,10jqka,post_close,2026-04-17 15:00:00,2026-04-17,1,1,,,ok,2026-04-17,105.0,99.39,105.07,99.27,777282.0,-5.93,-6.72,-6.53,0.021,2.43,-5.19,-4.59,-0.69,-8.61,0.012,False,False,0.0
2026-04-17,301513,尚水智能,94,2239.0,10jqka,post_close,2026-04-17 15:00:00,2026-04-17,1,1,,,ok,2026-04-17,99.99,103.1,116.78,99.5,154340.0,,,,0.208,,0.0,0.0,0.0,-11.71,0.792,False,False,0.0
2026-04-17,600396,华电辽能,95,2230.0,10jqka,post_close,2026-04-17 15:00:00,2026-04-10,6,6,20.0,-75.0,ok,2026-04-17,7.29,7.14,7.7,7.1,2559714.0,-2.06,-11.08,7.53,0.067,0.93,-5.58,-3.34,-6.12,-24.76,0.683,False,False,0.0
2026-04-17,603315,福鞍股份,96,2203.0,10jqka,post_close,2026-04-17 15:00:00,2026-04-17,1,1,,,ok,2026-04-17,17.01,18.52,18.52,17.01,671403.0,9.98,21.12,22.97,1.0,2.96,14.08,21.51,26.26,0.0,0.0,True,False,0.0
2026-04-17,603601,再升科技,97,2193.0,10jqka,post_close,2026-04-17 15:00:00,2026-04-13,4,3,42.0,-55.0,ok,2026-04-17,14.7,14.77,14.94,14.25,2129953.0,-1.73,4.01,10.97,0.754,0.94,2.51,4.76,8.67,-7.4,0.246,False,False,0.0
2026-04-17,003031,中瓷电子,98,2171.0,10jqka,post_close,2026-04-17 15:00:00,2026-04-13,2,1,99.0,1.0,ok,2026-04-17,102.93,112.48,112.48,102.93,145265.0,10.0,7.74,17.19,1.0,0.94,6.81,13.32,26.79,0.0,0.0,True,False,0.0
2026-04-17,002416,爱施德,99,2171.0,10jqka,post_close,2026-04-17 15:00:00,2026-04-17,1,1,,,ok,2026-04-17,13.58,13.8,13.94,13.5,305454.0,1.32,4.31,3.53,0.682,1.02,2.0,3.65,6.35,-4.83,0.318,False,False,0.0
2026-04-17,002460,赣锋锂业,100,2150.0,10jqka,post_close,2026-04-17 15:00:00,2026-04-10,6,6,75.0,-25.0,ok,2026-04-17,85.46,84.06,87.98,83.25,920809.0,-1.8,-4.78,0.1,0.171,0.93,-0.99,1.25,6.88,-5.0,0.533,False,False,0.0
2026-04-20,002580,圣阳股份,1,73326.0,10jqka,post_close,2026-04-20 15:00:00,2026-04-10,7,7,1.0,0.0,ok,2026-04-20,33.58,33.0,33.64,32.2,1048991.0,7.91,30.59,58.05,0.556,0.98,18.18,44.42,69.87,-1.9,0.042,False,False,0.0
2026-04-20,002361,神剑股份,2,34555.0,10jqka,post_close,2026-04-20 15:00:00,2026-04-10,7,7,4.0,2.0,ok,2026-04-20,18.85,20.63,20.63,18.75,3251362.0,10.03,11.27,23.53,1.0,0.96,9.7,17.44,30.36,0.0,0.0,True,False,0.0
2026-04-20,002475,立讯精密,3,28806.0,10jqka,post_close,2026-04-20 15:00:00,2026-04-10,7,7,45.0,42.0,ok,2026-04-20,62.64,65.73,65.73,60.91,3929269.0,10.01,11.82,12.17,1.0,1.94,8.16,14.04,23.1,0.0,0.0,True,False,0.0
2026-04-20,001896,豫能控股,4,18991.0,10jqka,post_close,2026-04-20 15:00:00,2026-04-13,6,6,40.0,36.0,ok,2026-04-20,17.32,18.79,18.79,16.89,2376931.0,10.01,13.4,30.4,1.0,1.12,11.1,24.73,25.62,0.0,0.0,True,False,0.0
2026-04-20,002297,博云新材,5,18419.0,10jqka,post_close,2026-04-20 15:00:00,2026-04-10,6,3,7.0,2.0,ok,2026-04-20,18.73,19.46,19.46,18.52,864474.0,10.01,33.11,61.09,1.0,1.57,19.92,41.71,59.1,0.0,0.0,True,False,0.0
2026-04-20,600487,亨通光电,6,16208.0,10jqka,post_close,2026-04-20 15:00:00,2026-04-10,7,7,2.0,-4.0,ok,2026-04-20,58.35,60.89,60.99,57.5,2218726.0,9.42,16.8,13.83,0.971,1.31,10.92,8.59,14.74,-0.99,0.029,False,False,0.0
2026-04-20,601179,中国西电,7,15292.0,10jqka,post_close,2026-04-20 15:00:00,2026-04-10,5,4,89.0,82.0,ok,2026-04-20,17.18,18.22,18.4,16.76,3497737.0,5.99,2.94,15.17,0.89,1.33,5.01,10.14,12.61,-11.77,0.11,False,False,0.0
2026-04-20,300058,蓝色光标,8,14351.0,10jqka,post_close,2026-04-20 15:00:00,2026-04-10,7,7,22.0,14.0,ok,2026-04-20,17.93,19.53,20.69,17.65,7922451.0,8.5,18.87,18.08,0.618,1.34,10.43,16.24,26.28,-20.06,0.382,False,False,0.0
2026-04-20,601778,晶科科技,9,13688.0,10jqka,post_close,2026-04-20 15:00:00,2026-04-14,5,5,5.0,-4.0,ok,2026-04-20,6.8,6.51,6.86,6.38,8134380.0,-5.79,7.6,18.8,0.271,1.22,1.21,12.71,17.92,-11.19,0.125,False,False,0.0
2026-04-20,002565,顺灏股份,10,13631.0,10jqka,post_close,2026-04-20 15:00:00,2026-04-14,5,5,15.0,5.0,ok,2026-04-20,18.95,20.29,20.56,18.95,2680636.0,7.24,14.63,23.57,0.832,1.2,10.32,15.63,20.58,-1.31,0.168,False,False,0.0
2026-04-20,600118,中国卫星,11,13404.0,10jqka,post_close,2026-04-20 15:00:00,2026-04-20,1,1,,,ok,2026-04-20,85.99,94.52,94.52,85.99,771789.0,10.0,9.55,17.42,1.0,1.61,8.24,13.69,16.57,-13.2,0.0,True,False,0.0
2026-04-20,002418,康盛股份,12,12936.0,10jqka,post_close,2026-04-20 15:00:00,2026-04-10,6,2,18.0,6.0,ok,2026-04-20,6.81,6.81,6.81,6.8,628090.0,10.02,23.82,8.79,1.0,0.23,12.64,19.45,32.83,0.0,0.0,True,True,0.0
2026-04-20,002217,合力泰,13,12763.0,10jqka,post_close,2026-04-20 15:00:00,2026-04-17,2,2,6.0,-7.0,ok,2026-04-20,2.91,2.95,2.95,2.91,2480961.0,10.07,22.41,18.0,1.0,0.95,13.72,16.69,20.75,-10.06,0.0,True,False,0.0
2026-04-20,600666,奥瑞德,14,12346.0,10jqka,post_close,2026-04-20 15:00:00,2026-04-10,7,7,8.0,-6.0,ok,2026-04-20,7.07,7.16,7.57,7.07,7028012.0,0.99,14.93,11.53,0.18,1.18,5.89,9.31,17.56,-5.42,0.82,False,False,0.0
2026-04-20,300476,胜宏科技,15,11971.0,10jqka,post_close,2026-04-20 15:00:00,2026-04-10,6,2,59.0,44.0,ok,2026-04-20,329.0,343.0,349.79,326.9,544758.0,5.08,16.1,15.82,0.703,1.07,8.79,14.98,23.06,-1.94,0.297,False,False,0.0
2026-04-20,603778,国晟科技,16,11842.0,10jqka,post_close,2026-04-20 15:00:00,2026-04-10,7,7,24.0,8.0,ok,2026-04-20,24.82,26.68,26.68,24.82,868160.0,10.02,-0.48,-19.4,1.0,0.97,-0.4,-9.46,-2.86,-22.15,0.0,True,False,0.0
2026-04-20,002149,西部材料,17,11554.0,10jqka,post_close,2026-04-20 15:00:00,2026-04-14,4,2,75.0,58.0,ok,2026-04-20,54.81,60.28,60.28,54.32,826012.0,10.0,12.36,32.63,1.0,1.01,10.66,19.69,23.4,0.0,0.0,True,False,0.0
2026-04-20,600103,青山纸业,18,11540.0,10jqka,post_close,2026-04-20 15:00:00,2026-04-10,4,2,72.0,54.0,ok,2026-04-20,4.28,4.73,4.73,4.26,5352320.0,10.0,18.55,18.25,1.0,1.45,11.35,18.55,27.03,0.0,0.0,True,False,0.0
2026-04-20,002428,云南锗业,19,11452.0,10jqka,post_close,2026-04-20 15:00:00,2026-04-14,3,2,16.0,-3.0,ok,2026-04-20,63.86,68.2,68.2,63.68,1157818.0,10.0,19.34,23.71,1.0,1.31,12.69,18.18,28.77,0.0,0.0,True,False,0.0
2026-04-20,002309,中利集团,20,11358.0,10jqka,post_close,2026-04-20 15:00:00,2026-04-10,5,1,66.0,46.0,ok,2026-04-20,4.03,4.38,4.38,4.03,4832630.0,10.05,8.68,-1.57,1.0,1.23,5.69,-1.77,-4.54,-19.34,0.0,True,False,0.0
2026-04-20,002202,金风科技,21,10727.0,10jqka,post_close,2026-04-20 15:00:00,2026-04-10,7,7,49.0,28.0,ok,2026-04-20,25.14,26.59,26.95,25.03,2803097.0,4.73,6.27,10.15,0.813,1.42,4.45,8.06,3.74,-20.15,0.187,False,False,0.0
2026-04-20,600879,航天电子,22,10694.0,10jqka,post_close,2026-04-20 15:00:00,2026-04-14,3,1,60.0,38.0,ok,2026-04-20,23.49,25.53,25.66,23.49,3050304.0,9.01,10.04,19.35,0.94,1.88,8.34,13.99,16.72,-18.85,0.06,False,False,0.0
2026-04-20,000547,航天发展,23,10460.0,10jqka,post_close,2026-04-20 15:00:00,2026-04-14,4,1,47.0,24.0,ok,2026-04-20,26.88,28.75,29.5,26.7,3137167.0,6.56,3.9,8.82,0.732,1.69,4.19,6.01,5.55,-17.0,0.268,False,False,0.0
2026-04-20,600522,中天科技,24,10428.0,10jqka,post_close,2026-04-20 15:00:00,2026-04-10,3,2,29.0,5.0,ok,2026-04-20,28.9,30.95,30.95,28.83,2247838.0,9.99,11.33,8.52,1.0,1.35,8.05,5.31,7.69,-3.82,0.0,True,False,0.0
2026-04-20,002131,利欧股份,25,9954.0,10jqka,post_close,2026-04-20 15:00:00,2026-04-10,7,7,65.0,40.0,ok,2026-04-20,7.92,8.31,8.45,7.89,7969478.0,4.4,6.27,3.23,0.75,1.56,3.2,4.55,7.32,-20.1,0.25,False,False,0.0
2026-04-20,002837,英维克,26,9923.0,10jqka,post_close,2026-04-20 15:00:00,2026-04-10,6,2,60.0,34.0,ok,2026-04-20,113.2,121.08,121.74,111.68,847987.0,9.41,14.97,17.71,0.934,1.51,9.47,18.2,25.11,-0.54,0.066,False,False,0.0
2026-04-20,002414,高德红外,27,9891.0,10jqka,post_close,2026-04-20 15:00:00,2026-04-20,1,1,,,ok,2026-04-20,13.8,13.69,13.85,13.57,802546.0,-0.65,4.66,-0.36,0.429,1.06,1.62,2.03,4.23,-26.48,0.179,False,False,0.0
2026-04-20,603178,圣龙股份,28,9410.0,10jqka,post_close,2026-04-20 15:00:00,2026-04-17,2,2,91.0,63.0,ok,2026-04-20,18.23,19.16,19.16,17.99,319495.0,9.99,23.53,22.27,1.0,9.32,14.52,19.05,22.28,0.0,0.0,True,False,0.0
2026-04-20,002560,通达股份,29,9387.0,10jqka,post_close,2026-04-20 15:00:00,2026-04-10,7,7,47.0,18.0,ok,2026-04-20,14.65,15.27,15.27,14.43,1003765.0,10.01,8.76,6.93,1.0,0.71,7.67,9.99,24.8,0.0,0.0,True,False,0.0
2026-04-20,002491,通鼎互联,30,9365.0,10jqka,post_close,2026-04-20 15:00:00,2026-04-10,6,4,39.0,9.0,ok,2026-04-20,16.3,16.64,16.64,16.25,717732.0,9.98,17.18,12.28,1.0,0.29,8.5,10.02,25.64,-0.12,0.0,True,False,0.0
2026-04-20,002342,巨力索具,31,9329.0,10jqka,post_close,2026-04-20 15:00:00,2026-04-10,7,7,28.0,-3.0,ok,2026-04-20,19.2,19.47,20.0,18.8,2775632.0,2.15,6.45,19.16,0.558,1.02,5.27,16.61,31.89,-9.1,0.442,False,False,0.0
2026-04-20,002364,中恒电气,32,9204.0,10jqka,post_close,2026-04-20 15:00:00,2026-04-10,7,7,61.0,29.0,ok,2026-04-20,41.48,43.7,44.17,40.41,1194186.0,6.82,0.69,13.12,0.875,1.25,2.44,16.35,33.64,-1.06,0.125,False,False,0.0
2026-04-20,601698,中国卫通,33,9062.0,10jqka,post_close,2026-04-20 15:00:00,2026-04-20,1,1,,,ok,2026-04-20,33.99,37.38,37.38,33.9,1265841.0,10.01,10.04,14.28,1.0,2.52,7.95,11.55,14.02,-12.05,0.0,True,False,0.0
2026-04-20,002242,九阳股份,34,8775.0,10jqka,post_close,2026-04-20 15:00:00,2026-04-20,1,1,,,ok,2026-04-20,10.23,11.25,11.25,10.06,338138.0,9.97,15.03,16.1,1.0,4.28,10.21,13.0,14.46,0.0,0.0,True,False,0.0
2026-04-20,600330,天通股份,35,8592.0,10jqka,post_close,2026-04-20 15:00:00,2026-04-10,3,2,9.0,-26.0,ok,2026-04-20,23.9,23.9,23.9,23.9,309827.0,9.99,20.71,21.81,1.0,0.23,12.96,20.28,32.34,0.0,0.0,True,True,0.0
2026-04-20,600821,金开新能,36,8438.0,10jqka,post_close,2026-04-20 15:00:00,2026-04-15,4,4,46.0,10.0,ok,2026-04-20,8.9,9.39,9.45,8.85,3995967.0,3.41,6.22,13.68,0.9,1.27,5.41,10.12,3.56,-23.03,0.1,False,False,0.0
2026-04-20,002536,飞龙股份,37,8367.0,10jqka,post_close,2026-04-20 15:00:00,2026-04-15,3,1,41.0,4.0,ok,2026-04-20,37.26,40.96,40.96,36.51,365783.0,9.99,14.41,17.67,1.0,0.68,9.96,17.98,28.89,-1.7,0.0,True,False,0.0
2026-04-20,002081,金螳螂,38,8349.0,10jqka,post_close,2026-04-20 15:00:00,2026-04-20,1,1,,,ok,2026-04-20,3.74,4.08,4.08,3.68,1934022.0,9.97,21.07,21.43,1.0,6.92,14.09,17.78,20.19,0.0,0.0,True,False,0.0
2026-04-20,600156,华升股份,39,8314.0,10jqka,post_close,2026-04-20 15:00:00,2026-04-17,2,2,55.0,16.0,ok,2026-04-20,9.28,10.19,10.19,9.28,356662.0,10.04,33.2,29.81,1.0,1.65,17.61,25.25,27.97,0.0,0.0,True,False,0.0
2026-04-20,601138,工业富联,40,8219.0,10jqka,post_close,2026-04-20 15:00:00,2026-04-10,7,7,17.0,-23.0,ok,2026-04-20,61.89,61.51,63.33,61.01,2131508.0,0.89,6.38,10.43,0.216,1.11,3.02,6.98,13.99,-3.89,0.621,False,False,0.0
2026-04-20,603402,陕西旅游,41,8198.0,10jqka,post_close,2026-04-20 15:00:00,2026-04-20,1,1,,,ok,2026-04-20,137.11,136.88,137.99,135.1,13126.0,-0.01,-1.43,4.15,0.616,0.74,-0.52,1.52,1.6,-19.39,0.304,False,False,0.0
2026-04-20,600105,永鼎股份,42,8169.0,10jqka,post_close,2026-04-20 15:00:00,2026-04-10,7,7,21.0,-21.0,ok,2026-04-20,41.31,41.8,43.86,40.72,1853075.0,1.21,11.35,8.01,0.344,0.92,5.94,12.31,29.19,-4.7,0.656,False,False,0.0
2026-04-20,300308,中际旭创,43,7889.0,10jqka,post_close,2026-04-20 15:00:00,2026-04-10,7,7,11.0,-32.0,ok,2026-04-20,849.0,850.0,878.98,840.58,272631.0,0.0,8.98,15.18,0.245,0.89,4.64,12.85,25.74,-3.3,0.755,False,False,0.0
2026-04-20,000890,法尔胜,44,7854.0,10jqka,post_close,2026-04-20 15:00:00,2026-04-10,4,1,76.0,32.0,ok,2026-04-20,12.56,13.55,13.6,12.31,792859.0,9.19,6.19,3.04,0.961,1.04,7.18,-3.1,-4.1,-23.06,0.039,False,False,0.0
2026-04-20,600703,三安光电,45,7783.0,10jqka,post_close,2026-04-20 15:00:00,2026-04-10,4,2,3.0,-42.0,ok,2026-04-20,13.5,13.65,13.92,13.34,4371502.0,2.32,12.44,9.64,0.534,1.64,7.51,9.96,8.74,-27.28,0.466,False,False,0.0
2026-04-20,000889,中嘉博创,46,7777.0,10jqka,post_close,2026-04-20 15:00:00,2026-04-10,7,7,43.0,-3.0,ok,2026-04-20,5.42,5.14,5.45,5.03,2555625.0,-2.84,8.44,31.12,0.262,1.0,4.98,18.03,33.71,-5.69,0.071,False,False,0.0
2026-04-20,300750,宁德时代,47,7453.0,10jqka,post_close,2026-04-20 15:00:00,2026-04-10,7,7,30.0,-17.0,ok,2026-04-20,426.09,425.59,430.99,419.1,529278.0,-2.68,0.35,1.28,0.546,1.19,-1.39,2.99,5.26,-6.07,0.412,False,False,0.0
2026-04-20,603773,沃格光电,48,7423.0,10jqka,post_close,2026-04-20 15:00:00,2026-04-10,3,2,53.0,5.0,ok,2026-04-20,56.6,58.19,58.19,56.2,95725.0,10.0,17.51,32.25,1.0,0.37,14.67,29.71,45.97,0.0,0.0,True,False,0.0
2026-04-20,601869,长飞光纤,49,7399.0,10jqka,post_close,2026-04-20 15:00:00,2026-04-10,7,7,23.0,-26.0,ok,2026-04-20,374.23,385.0,401.98,374.23,210116.0,5.22,7.36,4.29,0.388,1.16,4.48,3.67,17.33,-4.22,0.612,False,False,0.0
2026-04-20,600707,彩虹股份,50,7390.0,10jqka,post_close,2026-04-20 15:00:00,2026-04-10,3,2,27.0,-23.0,ok,2026-04-20,8.27,8.57,8.57,8.08,1107222.0,10.01,19.19,24.38,1.0,0.77,14.39,23.99,36.32,0.0,0.0,True,False,0.0
2026-04-20,000815,美利云,51,7326.0,10jqka,post_close,2026-04-20 15:00:00,2026-04-13,6,6,77.0,26.0,ok,2026-04-20,21.62,21.95,22.1,21.34,1509227.0,1.62,8.72,8.23,0.803,1.12,2.7,6.67,8.12,-4.98,0.197,False,False,0.0
2026-04-20,000977,浪潮信息,52,7205.0,10jqka,post_close,2026-04-20 15:00:00,2026-04-10,3,1,90.0,38.0,ok,2026-04-20,69.45,73.12,75.05,69.45,1486776.0,7.17,6.16,6.99,0.655,1.87,5.51,9.21,17.64,-2.57,0.345,False,False,0.0
2026-04-20,603629,利通电子,53,7194.0,10jqka,post_close,2026-04-20 15:00:00,2026-04-13,6,6,10.0,-43.0,ok,2026-04-20,108.0,107.28,109.97,104.0,544925.0,1.75,21.98,47.61,0.549,1.23,12.58,29.12,47.69,-2.45,0.33,False,False,0.0
2026-04-20,002498,汉缆股份,54,7190.0,10jqka,post_close,2026-04-20 15:00:00,2026-04-15,3,1,24.0,-30.0,ok,2026-04-20,8.84,9.4,9.5,8.72,3055522.0,6.46,10.59,22.08,0.872,1.52,8.17,14.4,12.68,-14.16,0.128,False,False,0.0
2026-04-20,600410,华胜天成,55,7111.0,10jqka,post_close,2026-04-20 15:00:00,2026-04-10,7,7,19.0,-36.0,ok,2026-04-20,29.4,28.99,29.88,28.82,2065206.0,0.17,7.85,8.33,0.16,1.18,3.45,5.51,10.19,-15.51,0.453,False,False,0.0
2026-04-20,002328,新朋股份,56,7050.0,10jqka,post_close,2026-04-20 15:00:00,2026-04-10,7,7,25.0,-31.0,ok,2026-04-20,13.01,12.51,13.07,12.32,1595887.0,-3.77,0.08,16.26,0.253,0.82,-1.11,13.85,38.58,-7.88,0.08,False,False,0.0
2026-04-20,600089,特变电工,57,6690.0,10jqka,post_close,2026-04-20 15:00:00,2026-04-10,7,7,82.0,25.0,ok,2026-04-20,27.34,27.89,28.0,26.81,2168589.0,2.09,-1.17,3.6,0.908,1.16,0.42,2.59,1.99,-16.2,0.092,False,False,0.0
2026-04-20,603601,再升科技,58,6504.0,10jqka,post_close,2026-04-20 15:00:00,2026-04-13,5,4,97.0,39.0,ok,2026-04-20,14.89,15.57,15.95,14.8,2543360.0,5.42,8.73,13.48,0.67,1.09,5.36,9.22,12.76,-2.38,0.33,False,False,0.0
2026-04-20,600498,烽火通信,59,6486.0,10jqka,post_close,2026-04-20 15:00:00,2026-04-10,5,2,63.0,4.0,ok,2026-04-20,50.6,52.97,53.88,50.59,1323371.0,7.51,9.26,5.58,0.723,1.55,5.88,4.33,8.42,-14.26,0.277,False,False,0.0
2026-04-20,002506,协鑫集成,60,6402.0,10jqka,post_close,2026-04-20 15:00:00,2026-04-13,4,1,86.0,26.0,ok,2026-04-20,4.49,4.65,4.67,4.43,7399884.0,4.49,6.41,1.97,0.917,1.47,4.12,4.19,-3.31,-26.89,0.083,False,False,0.0
2026-04-20,600206,有研新材,61,6380.0,10jqka,post_close,2026-04-20 15:00:00,2026-04-20,1,1,,,ok,2026-04-20,23.67,25.62,25.62,23.58,1073308.0,10.0,16.14,13.21,1.0,2.39,10.35,14.67,20.27,-3.61,0.0,True,False,0.0
2026-04-20,000988,华工科技,62,6281.0,10jqka,post_close,2026-04-20 15:00:00,2026-04-10,7,7,26.0,-36.0,ok,2026-04-20,115.18,114.98,118.2,113.7,927997.0,-1.46,2.39,-8.13,0.284,0.82,-0.35,0.2,3.47,-18.69,0.671,False,False,0.0
2026-04-20,002384,东山精密,63,6257.0,10jqka,post_close,2026-04-20 15:00:00,2026-04-10,7,7,34.0,-29.0,ok,2026-04-20,162.08,157.0,168.2,155.7,1084234.0,-3.15,7.68,6.93,0.104,1.13,3.23,11.22,26.94,-6.66,0.49,False,False,0.0
2026-04-20,000592,平潭发展,64,6225.0,10jqka,post_close,2026-04-20 15:00:00,2026-04-10,6,4,84.0,20.0,ok,2026-04-20,11.31,11.4,11.55,11.22,2736374.0,4.2,0.62,-2.48,0.545,1.07,1.64,-1.3,-0.48,-13.64,0.455,False,False,0.0
2026-04-20,603538,美诺华,65,6220.0,10jqka,post_close,2026-04-20 15:00:00,2026-04-10,7,7,81.0,16.0,ok,2026-04-20,53.34,51.41,53.51,50.75,488199.0,-2.08,-7.37,6.95,0.239,0.74,-3.5,4.47,19.34,-10.26,0.062,False,False,0.0
2026-04-20,002600,领益智造,66,6050.0,10jqka,post_close,2026-04-20 15:00:00,2026-04-17,2,2,35.0,-31.0,ok,2026-04-20,14.29,14.64,14.85,14.03,2439697.0,6.16,7.81,6.47,0.744,2.74,5.13,7.47,10.49,-12.18,0.256,False,False,0.0
2026-04-20,603052,可川科技,67,6037.0,10jqka,post_close,2026-04-20 15:00:00,2026-04-17,2,2,79.0,12.0,ok,2026-04-20,87.35,91.69,91.69,83.33,193844.0,10.01,33.12,30.72,1.0,2.07,17.63,26.93,35.81,0.0,0.0,True,False,0.0
2026-04-20,002015,协鑫能科,68,5983.0,10jqka,post_close,2026-04-20 15:00:00,2026-04-15,4,4,52.0,-16.0,ok,2026-04-20,18.54,19.16,19.58,18.54,2022333.0,3.4,7.64,9.42,0.596,1.2,4.63,6.98,7.4,-16.66,0.404,False,False,0.0
2026-04-20,002263,大东南,69,5961.0,10jqka,post_close,2026-04-20 15:00:00,2026-04-10,7,7,83.0,14.0,ok,2026-04-20,4.93,5.13,5.22,4.9,4130997.0,3.01,9.15,2.81,0.719,0.94,2.93,4.95,15.66,-4.11,0.281,False,False,0.0
2026-04-20,002990,盛视科技,70,5953.0,10jqka,post_close,2026-04-20 15:00:00,2026-04-14,5,5,20.0,-50.0,ok,2026-04-20,54.01,49.0,54.05,48.39,422964.0,-3.83,16.36,40.8,0.108,1.91,8.09,24.79,42.57,-9.34,0.007,False,False,0.0
2026-04-20,002008,大族激光,71,5871.0,10jqka,post_close,2026-04-20 15:00:00,2026-04-14,3,1,64.0,-7.0,ok,2026-04-20,88.59,89.18,91.68,86.7,462654.0,1.85,13.19,17.68,0.498,0.96,4.94,13.06,26.15,-2.73,0.502,False,False,0.0
2026-04-20,002471,中超控股,72,5856.0,10jqka,post_close,2026-04-20 15:00:00,2026-04-15,3,1,69.0,-3.0,ok,2026-04-20,9.14,9.54,9.7,9.08,2805692.0,4.38,4.95,9.66,0.742,1.38,4.17,5.87,8.19,-12.24,0.258,False,False,0.0
2026-04-20,603459,红板科技,73,5719.0,10jqka,post_close,2026-04-20 15:00:00,2026-04-10,4,1,30.0,-43.0,ok,2026-04-20,65.73,62.91,65.75,62.56,334094.0,-6.51,-8.03,0.14,0.11,0.82,-4.53,1.95,1.95,-13.37,0.006,False,False,0.0
2026-04-20,600601,方正科技,74,5641.0,10jqka,post_close,2026-04-20 15:00:00,2026-04-20,1,1,,,ok,2026-04-20,11.08,11.75,11.75,11.08,1996869.0,10.02,13.42,12.01,1.0,1.67,8.78,11.98,15.64,-9.48,0.0,True,False,0.0
2026-04-20,600150,中国船舶,75,5636.0,10jqka,post_close,2026-04-20 15:00:00,2026-04-20,1,1,,,ok,2026-04-20,33.12,35.28,35.42,33.09,1796601.0,6.81,7.86,8.02,0.94,3.22,5.79,7.34,10.49,-10.57,0.06,False,False,0.0
2026-04-20,000533,顺钠股份,76,5614.0,10jqka,post_close,2026-04-20 15:00:00,2026-04-15,3,1,66.0,-10.0,ok,2026-04-20,14.85,15.98,16.18,14.74,1337790.0,6.25,-0.87,8.41,0.861,1.15,2.77,6.5,5.41,-26.83,0.139,False,False,0.0
2026-04-20,000657,中钨高新,77,5571.0,10jqka,post_close,2026-04-20 15:00:00,2026-04-15,4,4,41.0,-36.0,ok,2026-04-20,57.16,58.54,60.75,57.16,1441616.0,4.31,24.08,21.08,0.384,1.22,11.01,15.41,18.52,-18.13,0.616,False,False,0.0
2026-04-20,002281,光迅科技,78,5525.0,10jqka,post_close,2026-04-20 15:00:00,2026-04-10,5,2,12.0,-66.0,ok,2026-04-20,122.0,120.05,125.66,119.38,764715.0,2.76,12.51,5.56,0.107,1.26,6.96,11.01,24.41,-4.46,0.583,False,False,0.0
2026-04-20,300342,天银机电,79,5511.0,10jqka,post_close,2026-04-20 15:00:00,2026-04-20,1,1,,,ok,2026-04-20,57.3,63.02,66.66,57.0,820185.0,10.35,16.25,16.94,0.623,1.45,11.06,11.5,16.98,-5.46,0.377,True,False,0.0
2026-04-20,600961,株冶集团,80,5448.0,10jqka,post_close,2026-04-20 15:00:00,2026-04-17,2,2,66.0,-14.0,ok,2026-04-20,24.3,24.3,24.3,24.3,50869.0,10.0,33.15,33.66,1.0,0.31,17.85,26.32,34.01,-11.57,0.0,True,True,0.0
2026-04-20,601899,紫金矿业,81,5352.0,10jqka,post_close,2026-04-20 15:00:00,2026-04-10,7,7,88.0,7.0,ok,2026-04-20,34.86,34.82,35.29,34.7,2256403.0,0.26,-0.26,3.45,0.203,0.95,-0.26,1.55,4.07,-22.52,0.729,False,False,0.0
2026-04-20,001330,博纳影业,82,5331.0,10jqka,post_close,2026-04-20 15:00:00,2026-04-17,2,2,51.0,-31.0,ok,2026-04-20,8.37,8.39,8.65,8.14,2231347.0,1.94,15.72,15.56,0.49,2.19,8.09,12.72,17.56,-38.85,0.51,False,False,0.0
2026-04-20,600396,华电辽能,83,5134.0,10jqka,post_close,2026-04-20 15:00:00,2026-04-10,7,7,95.0,12.0,ok,2026-04-20,7.06,7.39,7.51,6.9,2468597.0,3.5,-8.2,1.23,0.803,0.88,-2.51,-0.38,-3.55,-22.13,0.197,False,False,0.0
2026-04-20,002300,太阳电缆,84,4901.0,10jqka,post_close,2026-04-20 15:00:00,2026-04-20,1,1,,,ok,2026-04-20,9.57,10.42,10.42,9.45,704860.0,10.03,4.93,10.26,1.0,1.89,6.26,8.3,9.27,-16.31,0.0,True,False,0.0
2026-04-20,002980,华盛昌,85,4890.0,10jqka,post_close,2026-04-20 15:00:00,2026-04-13,5,2,44.0,-41.0,ok,2026-04-20,75.18,78.0,79.56,73.0,267718.0,6.67,10.58,33.77,0.762,1.31,10.71,25.23,50.63,-1.96,0.238,False,False,0.0
2026-04-20,603687,大胜达,86,4879.0,10jqka,post_close,2026-04-20 15:00:00,2026-04-16,3,3,92.0,6.0,ok,2026-04-20,19.2,19.09,19.88,18.48,1054443.0,-0.83,5.82,12.36,0.436,1.21,3.06,7.08,14.53,-8.22,0.486,False,False,0.0
2026-04-20,300265,通光线缆,87,4877.0,10jqka,post_close,2026-04-20 15:00:00,2026-04-20,1,1,,,ok,2026-04-20,18.89,21.38,21.5,18.88,1122293.0,13.91,8.42,13.18,0.954,2.14,8.67,9.65,13.99,-2.77,0.046,True,False,0.0
2026-04-20,605222,起帆电缆,88,4860.0,10jqka,post_close,2026-04-20 15:00:00,2026-04-20,1,1,,,ok,2026-04-20,29.05,31.24,31.24,28.8,201949.0,10.0,21.09,29.84,1.0,0.9,15.28,23.43,33.45,0.0,0.0,True,False,0.0
2026-04-20,002594,比亚迪,89,4828.0,10jqka,post_close,2026-04-20 15:00:00,2026-04-10,6,1,50.0,-39.0,ok,2026-04-20,103.78,102.91,103.95,102.62,383677.0,-0.84,-0.12,-1.29,0.218,0.71,-0.87,0.57,-0.43,-7.97,0.128,False,False,0.0
2026-04-20,000725,京东方A,90,4806.0,10jqka,post_close,2026-04-20 15:00:00,2026-04-20,1,1,,,ok,2026-04-20,4.06,4.19,4.24,4.05,11904594.0,4.23,4.75,3.97,0.737,2.82,3.41,4.02,5.05,-8.91,0.263,False,False,0.0
2026-04-20,002463,沪电股份,91,4737.0,10jqka,post_close,2026-04-20 15:00:00,2026-04-10,7,7,76.0,-15.0,ok,2026-04-20,97.0,98.0,101.32,96.35,782441.0,0.35,5.63,10.52,0.332,0.83,2.0,8.44,15.6,-3.28,0.668,False,False,0.0
2026-04-20,002792,通宇通讯,92,4736.0,10jqka,post_close,2026-04-20 15:00:00,2026-04-14,3,1,80.0,-12.0,ok,2026-04-20,50.36,52.88,55.0,50.2,785049.0,3.65,12.18,16.97,0.558,1.23,6.42,9.45,17.6,-7.79,0.442,False,False,0.0
2026-04-20,600152,维科技术,93,4729.0,10jqka,post_close,2026-04-20 15:00:00,2026-04-14,4,2,33.0,-60.0,ok,2026-04-20,14.31,13.93,15.29,13.63,1369898.0,0.22,15.41,28.86,0.181,1.08,8.1,21.69,29.31,-8.89,0.59,False,False,0.0
2026-04-20,600176,中国巨石,94,4710.0,10jqka,post_close,2026-04-20 15:00:00,2026-04-13,3,1,85.0,-9.0,ok,2026-04-20,33.08,31.71,33.28,31.5,1718987.0,-5.34,1.96,-1.25,0.118,1.13,-2.0,4.05,14.57,-8.09,0.112,False,False,0.0
2026-04-20,603906,龙蟠科技,95,4701.0,10jqka,post_close,2026-04-20 15:00:00,2026-04-16,3,3,80.0,-15.0,ok,2026-04-20,25.92,27.31,27.68,25.92,958510.0,5.08,19.94,21.87,0.79,1.62,9.42,16.19,21.97,-1.34,0.21,False,False,0.0
2026-04-20,300136,信维通信,96,4661.0,10jqka,post_close,2026-04-20 15:00:00,2026-04-15,3,2,50.0,-46.0,ok,2026-04-20,71.67,77.8,79.0,71.58,1544593.0,3.86,13.58,22.44,0.838,1.65,8.18,14.81,19.56,-17.74,0.162,False,False,0.0
2026-04-20,600839,四川长虹,97,4641.0,10jqka,post_close,2026-04-20 15:00:00,2026-04-15,2,1,30.0,-67.0,ok,2026-04-20,9.18,9.57,9.88,9.16,2198817.0,3.91,2.35,9.87,0.569,1.44,3.8,6.9,8.65,-15.01,0.431,False,False,0.0
2026-04-20,600986,浙文互联,98,4628.0,10jqka,post_close,2026-04-20 15:00:00,2026-04-16,2,1,55.0,-43.0,ok,2026-04-20,10.83,11.3,11.55,10.81,2271968.0,4.82,10.57,7.72,0.662,1.23,4.96,8.29,13.03,-31.43,0.338,False,False,0.0
2026-04-20,002413,雷科防务,99,4624.0,10jqka,post_close,2026-04-20 15:00:00,2026-04-20,1,1,,,ok,2026-04-20,13.52,14.08,14.09,13.52,1882814.0,4.22,4.45,7.56,0.982,1.78,3.47,4.82,6.82,-19.54,0.018,False,False,0.0
2026-04-20,600664,哈药股份,100,4612.0,10jqka,post_close,2026-04-20 15:00:00,2026-04-14,4,1,23.0,-77.0,ok,2026-04-20,4.05,4.28,4.34,4.03,3621556.0,2.64,-3.6,16.62,0.806,0.97,0.33,6.68,15.02,-12.3,0.194,False,False,0.0
2026-04-21,601899,紫金矿业,1,45344.0,10jqka,post_close,2026-04-21 15:00:00,2026-04-10,8,8,81.0,80.0,ok,2026-04-21,34.98,35.66,35.68,34.5,3119791.0,2.41,1.02,2.47,0.983,1.26,1.64,3.02,5.78,-20.65,0.017,False,False,0.0
2026-04-21,600118,中国卫星,2,38606.0,10jqka,post_close,2026-04-21 15:00:00,2026-04-20,2,2,11.0,9.0,ok,2026-04-21,98.0,100.2,100.6,96.5,1192320.0,6.01,17.21,18.73,0.902,2.12,10.74,17.03,21.89,-7.99,0.098,False,False,0.0
2026-04-21,002342,巨力索具,3,36591.0,10jqka,post_close,2026-04-21 15:00:00,2026-04-10,8,8,31.0,28.0,ok,2026-04-21,19.0,21.42,21.42,18.47,2893097.0,10.02,15.72,24.9,1.0,1.06,10.7,22.05,40.37,0.0,0.0,True,False,0.0
2026-04-21,002837,英维克,4,32710.0,10jqka,post_close,2026-04-21 15:00:00,2026-04-10,7,3,26.0,22.0,ok,2026-04-21,108.97,108.97,108.97,108.97,59793.0,-10.0,2.63,-0.75,1.0,0.1,-1.33,3.93,11.96,-10.49,,False,False,0.0
2026-04-21,002580,圣阳股份,5,29408.0,10jqka,post_close,2026-04-21 15:00:00,2026-04-10,8,8,1.0,-4.0,ok,2026-04-21,29.9,29.7,31.19,29.7,399977.0,-10.0,6.83,29.3,0.0,0.37,1.47,22.67,46.9,-11.71,0.866,False,False,0.0
2026-04-21,002361,神剑股份,6,28993.0,10jqka,post_close,2026-04-21 15:00:00,2026-04-10,8,8,2.0,-4.0,ok,2026-04-21,21.47,22.69,22.69,21.35,3573336.0,9.99,17.81,34.66,1.0,1.03,13.6,23.92,38.23,0.0,0.0,True,False,0.0
2026-04-21,300750,宁德时代,7,24833.0,10jqka,post_close,2026-04-21 15:00:00,2026-04-10,8,8,47.0,40.0,ok,2026-04-21,428.09,440.69,443.22,418.19,577746.0,3.55,-1.43,3.97,0.899,1.23,1.32,5.04,8.38,-2.74,0.101,False,False,0.0
2026-04-21,002565,顺灏股份,8,22993.0,10jqka,post_close,2026-04-21 15:00:00,2026-04-14,6,6,10.0,2.0,ok,2026-04-21,22.32,22.32,22.32,21.65,1295967.0,10.0,25.75,29.02,1.0,0.51,15.08,22.79,30.57,0.0,0.0,True,False,0.0
2026-04-21,002384,东山精密,9,18755.0,10jqka,post_close,2026-04-21 15:00:00,2026-04-10,8,8,63.0,54.0,ok,2026-04-21,157.19,169.4,172.68,156.01,964689.0,7.9,13.27,16.03,0.803,1.01,8.06,15.08,33.5,-1.9,0.197,False,False,0.0
2026-04-21,603778,国晟科技,10,18643.0,10jqka,post_close,2026-04-21 15:00:00,2026-04-10,8,8,16.0,6.0,ok,2026-04-21,27.94,29.0,29.35,27.6,1198322.0,8.7,9.85,-2.65,0.8,1.47,8.91,-0.73,4.76,-15.38,0.2,False,False,0.0
2026-04-21,600103,青山纸业,11,17744.0,10jqka,post_close,2026-04-21 15:00:00,2026-04-10,5,3,18.0,7.0,ok,2026-04-21,4.71,5.2,5.2,4.63,4028699.0,9.94,28.08,25.0,1.0,1.05,16.7,24.97,36.2,0.0,0.0,True,False,0.0
2026-04-21,002081,金螳螂,12,17682.0,10jqka,post_close,2026-04-21 15:00:00,2026-04-20,2,2,38.0,26.0,ok,2026-04-21,4.41,4.49,4.49,4.33,1195575.0,10.05,33.23,34.03,1.0,1.87,18.03,25.35,29.79,0.0,0.0,True,False,0.0
2026-04-21,002709,天赐材料,13,13816.0,10jqka,post_close,2026-04-21 15:00:00,2026-04-10,6,1,98.0,85.0,ok,2026-04-21,49.8,52.79,53.62,48.28,1593427.0,6.32,8.04,6.97,0.845,1.41,6.65,10.31,14.06,-1.55,0.155,False,False,0.0
2026-04-21,603618,杭电股份,14,12990.0,10jqka,post_close,2026-04-21 15:00:00,2026-04-21,1,1,,,ok,2026-04-21,25.0,25.95,26.1,24.36,753884.0,2.0,13.72,16.89,0.914,0.76,8.17,7.12,4.19,-13.79,0.086,False,False,0.0
2026-04-21,600396,华电辽能,15,12743.0,10jqka,post_close,2026-04-21 15:00:00,2026-04-10,8,8,83.0,68.0,ok,2026-04-21,7.4,8.13,8.13,6.95,3035972.0,10.01,11.52,1.25,1.0,1.08,6.97,8.7,5.26,-14.33,0.0,True,False,0.0
2026-04-21,600699,均胜电子,16,12567.0,10jqka,post_close,2026-04-21 15:00:00,2026-04-21,1,1,,,ok,2026-04-21,26.04,28.71,28.71,25.55,1038713.0,10.0,10.51,11.24,1.0,2.89,8.06,8.9,12.22,-9.57,0.0,True,False,0.0
2026-04-21,603178,圣龙股份,17,12129.0,10jqka,post_close,2026-04-21 15:00:00,2026-04-17,3,3,28.0,11.0,ok,2026-04-21,18.51,21.08,21.08,18.02,279552.0,10.02,33.08,34.1,1.0,2.95,18.41,26.3,31.82,0.0,0.0,True,False,0.0
2026-04-21,002297,博云新材,18,12118.0,10jqka,post_close,2026-04-21 15:00:00,2026-04-10,7,4,5.0,-13.0,ok,2026-04-21,20.69,18.99,20.91,18.8,2347492.0,-2.42,18.1,42.89,0.09,3.34,9.34,30.44,49.86,-9.18,0.104,False,False,0.0
2026-04-21,002201,九鼎新材,19,11747.0,10jqka,post_close,2026-04-21 15:00:00,2026-04-21,1,1,,,ok,2026-04-21,12.49,13.93,13.93,12.38,944262.0,10.03,13.71,15.99,1.0,1.83,10.82,14.86,19.24,-14.43,0.0,True,False,0.0
2026-04-21,601778,晶科科技,20,11683.0,10jqka,post_close,2026-04-21 15:00:00,2026-04-14,6,6,9.0,-11.0,ok,2026-04-21,6.42,6.35,6.45,5.97,6928355.0,-2.46,-4.65,5.31,0.792,0.91,-2.25,7.25,14.02,-13.37,0.063,False,False,0.0
2026-04-21,001896,豫能控股,21,11650.0,10jqka,post_close,2026-04-21 15:00:00,2026-04-13,7,7,4.0,-17.0,ok,2026-04-21,18.78,17.1,18.85,17.0,2551239.0,-8.99,0.23,13.55,0.054,1.12,-1.27,10.19,13.98,-9.28,0.038,False,False,0.0
2026-04-21,002217,合力泰,22,11425.0,10jqka,post_close,2026-04-21 15:00:00,2026-04-17,3,3,13.0,-9.0,ok,2026-04-21,3.07,2.98,3.16,2.81,13788145.0,1.02,22.13,19.68,0.486,5.25,10.7,14.53,20.43,-6.88,0.257,False,False,0.0
2026-04-21,600522,中天科技,23,11405.0,10jqka,post_close,2026-04-21 15:00:00,2026-04-10,4,3,24.0,1.0,ok,2026-04-21,31.0,32.44,32.88,30.78,3957275.0,4.81,15.86,14.51,0.79,2.35,10.09,9.56,11.45,-1.34,0.21,False,False,0.0
2026-04-21,300251,光线传媒,24,10983.0,10jqka,post_close,2026-04-21 15:00:00,2026-04-21,1,1,,,ok,2026-04-21,16.48,16.86,17.22,16.48,1291384.0,1.69,4.33,-1.29,0.514,1.06,2.44,3.08,7.5,-43.57,0.486,False,False,0.0
2026-04-21,600734,实达集团,25,10961.0,10jqka,post_close,2026-04-21 15:00:00,2026-04-21,1,1,,,ok,2026-04-21,2.76,2.76,2.76,2.76,1795605.0,-10.1,-27.18,-27.37,1.0,4.4,-17.46,-22.73,-25.05,-45.24,,False,False,0.0
2026-04-21,603601,再升科技,26,10358.0,10jqka,post_close,2026-04-21 15:00:00,2026-04-13,6,5,58.0,32.0,ok,2026-04-21,15.57,16.26,16.34,15.06,2816672.0,4.43,8.18,14.51,0.938,1.12,7.04,12.1,15.43,-0.49,0.062,False,False,0.0
2026-04-21,600961,株冶集团,27,10244.0,10jqka,post_close,2026-04-21 15:00:00,2026-04-17,3,3,80.0,53.0,ok,2026-04-21,26.73,26.73,26.73,26.73,118545.0,10.0,33.12,45.43,1.0,0.82,19.92,32.26,43.28,-2.73,0.0,True,True,0.0
2026-04-21,603738,泰晶科技,28,9972.0,10jqka,post_close,2026-04-21 15:00:00,2026-04-17,2,1,64.0,36.0,ok,2026-04-21,31.44,34.67,34.67,30.95,477065.0,9.99,26.39,24.22,1.0,0.91,14.85,22.01,28.76,0.0,0.0,True,False,0.0
2026-04-21,002466,天齐锂业,29,9906.0,10jqka,post_close,2026-04-21 15:00:00,2026-04-13,3,1,72.0,43.0,ok,2026-04-21,70.0,70.71,73.3,68.71,1367064.0,5.82,8.25,9.58,0.436,1.78,6.72,11.62,19.12,-3.53,0.564,False,False,0.0
2026-04-21,688820,盛合晶微,30,9734.0,10jqka,post_close,2026-04-21 15:00:00,2026-04-21,1,1,,,ok,2026-04-21,99.72,76.65,100.99,75.0,129928415.0,,,,0.063,,0.0,0.0,0.0,-24.1,0.049,False,False,0.0
2026-04-21,002714,牧原股份,31,9673.0,10jqka,post_close,2026-04-21 15:00:00,2026-04-10,5,1,90.0,59.0,ok,2026-04-21,45.34,45.48,46.16,45.13,311665.0,0.35,-2.07,-0.66,0.34,0.68,-0.62,1.08,2.86,-11.66,0.66,False,False,0.0
2026-04-21,002407,多氟多,32,9390.0,10jqka,post_close,2026-04-21 15:00:00,2026-04-14,2,1,54.0,22.0,ok,2026-04-21,30.25,31.95,32.38,29.54,1606788.0,6.08,6.15,3.47,0.849,1.73,4.95,8.05,11.81,-2.59,0.151,False,False,0.0
2026-04-21,002475,立讯精密,33,9183.0,10jqka,post_close,2026-04-21 15:00:00,2026-04-10,8,8,3.0,-30.0,ok,2026-04-21,64.86,65.75,66.0,62.9,2625733.0,0.03,8.77,11.18,0.919,1.12,5.89,10.74,20.94,-0.38,0.081,False,False,0.0
2026-04-21,002506,协鑫集成,34,8985.0,10jqka,post_close,2026-04-21 15:00:00,2026-04-13,5,2,60.0,26.0,ok,2026-04-21,4.68,4.88,5.1,4.62,9601906.0,4.95,10.16,10.16,0.542,1.83,7.11,8.13,2.46,-23.27,0.458,False,False,0.0
2026-04-21,600487,亨通光电,35,8955.0,10jqka,post_close,2026-04-21 15:00:00,2026-04-10,8,8,6.0,-29.0,ok,2026-04-21,59.5,59.8,60.4,57.27,1832092.0,-1.79,12.53,13.54,0.808,1.06,6.18,6.43,10.76,-2.76,0.192,False,False,0.0
2026-04-21,603687,大胜达,36,8816.0,10jqka,post_close,2026-04-21 15:00:00,2026-04-16,4,4,86.0,50.0,ok,2026-04-21,19.52,19.55,19.85,17.83,1206382.0,2.41,-1.46,19.21,0.851,1.25,2.07,7.74,15.62,-6.01,0.149,False,False,0.0
2026-04-21,002560,通达股份,37,8756.0,10jqka,post_close,2026-04-21 15:00:00,2026-04-10,8,8,29.0,-8.0,ok,2026-04-21,16.14,14.18,16.48,14.14,1927715.0,-7.14,1.94,2.68,0.017,1.5,-0.53,1.46,13.54,-13.96,0.145,False,False,0.0
2026-04-21,600979,广安爱众,38,8480.0,10jqka,post_close,2026-04-21 15:00:00,2026-04-21,1,1,,,ok,2026-04-21,4.84,5.32,5.32,4.81,1893478.0,9.92,20.09,19.02,1.0,4.14,13.72,15.8,9.25,-11.19,0.0,True,False,0.0
2026-04-21,000539,粤电力A,39,8272.0,10jqka,post_close,2026-04-21 15:00:00,2026-04-21,1,1,,,ok,2026-04-21,5.82,6.39,6.39,5.69,1170257.0,9.98,14.52,13.9,1.0,1.46,10.1,13.06,6.81,-21.5,0.0,True,False,0.0
2026-04-21,300308,中际旭创,40,8264.0,10jqka,post_close,2026-04-21 15:00:00,2026-04-10,8,8,43.0,3.0,ok,2026-04-21,849.75,864.86,868.0,839.0,251138.0,1.75,6.96,11.88,0.892,0.8,4.11,11.19,25.47,-1.61,0.108,False,False,0.0
2026-04-21,600032,浙江新能,41,8208.0,10jqka,post_close,2026-04-21 15:00:00,2026-04-21,1,1,,,ok,2026-04-21,9.96,10.86,10.86,9.51,1173771.0,10.03,10.37,10.82,1.0,1.47,8.64,12.41,6.7,-22.98,0.0,True,False,0.0
2026-04-21,000690,宝新能源,42,8125.0,10jqka,post_close,2026-04-21 15:00:00,2026-04-21,1,1,,,ok,2026-04-21,4.89,5.27,5.27,4.87,2411377.0,10.02,11.65,11.89,1.0,3.98,8.7,10.67,6.96,-14.45,0.0,True,False,0.0
2026-04-21,002340,格林美,43,8062.0,10jqka,post_close,2026-04-21 15:00:00,2026-04-21,1,1,,,ok,2026-04-21,8.43,8.48,8.52,8.35,1333799.0,0.24,2.05,2.17,0.765,0.88,1.15,2.83,5.15,-16.7,0.235,False,False,0.0
2026-04-21,300065,海兰信,44,8007.0,10jqka,post_close,2026-04-21 15:00:00,2026-04-21,1,1,,,ok,2026-04-21,28.0,28.4,28.65,27.77,785155.0,0.25,5.11,6.45,0.716,0.87,3.12,8.1,15.91,-11.61,0.284,False,False,0.0
2026-04-21,002418,康盛股份,45,7976.0,10jqka,post_close,2026-04-21 15:00:00,2026-04-10,7,3,12.0,-33.0,ok,2026-04-21,6.9,6.13,7.08,6.13,4189658.0,-9.99,8.88,0.49,0.0,1.65,1.29,4.8,17.12,-13.42,0.189,False,False,0.0
2026-04-21,002149,西部材料,46,7831.0,10jqka,post_close,2026-04-21 15:00:00,2026-04-14,5,3,17.0,-29.0,ok,2026-04-21,62.79,61.33,63.75,59.2,1132047.0,1.74,14.34,22.66,0.468,1.24,8.09,18.04,23.13,-3.8,0.211,False,False,0.0
2026-04-21,002364,中恒电气,47,7803.0,10jqka,post_close,2026-04-21 15:00:00,2026-04-10,8,8,32.0,-15.0,ok,2026-04-21,43.67,44.16,45.45,41.87,1151659.0,1.05,3.18,3.93,0.64,0.99,2.71,12.6,31.99,-2.84,0.36,False,False,0.0
2026-04-21,600330,天通股份,48,7735.0,10jqka,post_close,2026-04-21 15:00:00,2026-04-10,4,3,35.0,-13.0,ok,2026-04-21,23.9,23.52,25.21,23.42,3871390.0,-1.59,19.09,14.12,0.056,3.64,8.19,14.43,27.3,-6.7,0.732,False,False,0.0
2026-04-21,600666,奥瑞德,49,7696.0,10jqka,post_close,2026-04-21 15:00:00,2026-04-10,8,8,14.0,-35.0,ok,2026-04-21,6.89,6.74,7.07,6.52,5228805.0,-5.87,-1.61,4.01,0.4,0.82,-1.09,1.61,8.54,-10.96,0.327,False,False,0.0
2026-04-21,603017,中衡设计,50,7579.0,10jqka,post_close,2026-04-21 15:00:00,2026-04-21,1,1,,,ok,2026-04-21,15.53,15.63,15.63,15.26,147392.0,9.99,21.92,17.08,1.0,0.81,13.69,14.49,8.97,-12.92,0.0,True,False,0.0
2026-04-21,600105,永鼎股份,51,7443.0,10jqka,post_close,2026-04-21 15:00:00,2026-04-10,8,8,42.0,-9.0,ok,2026-04-21,39.95,41.39,42.3,39.95,1628974.0,-0.98,4.86,11.32,0.613,0.84,2.7,7.97,24.82,-5.63,0.387,False,False,0.0
2026-04-21,600678,四川金顶,52,7416.0,10jqka,post_close,2026-04-21 15:00:00,2026-04-21,1,1,,,ok,2026-04-21,11.2,11.87,11.87,11.2,298356.0,10.01,12.09,12.83,1.0,2.88,9.4,11.27,12.43,-13.04,0.0,True,False,0.0
2026-04-21,002202,金风科技,53,7370.0,10jqka,post_close,2026-04-21 15:00:00,2026-04-10,8,8,21.0,-32.0,ok,2026-04-21,26.4,26.13,26.69,25.89,1808333.0,-1.73,4.56,3.28,0.3,0.79,1.97,4.81,2.2,-21.53,0.363,False,False,0.0
2026-04-21,002471,中超控股,54,7353.0,10jqka,post_close,2026-04-21 15:00:00,2026-04-15,4,2,72.0,18.0,ok,2026-04-21,9.45,9.77,10.3,9.38,3369853.0,2.41,5.74,11.28,0.424,1.45,4.42,7.21,9.49,-10.12,0.576,False,False,0.0
2026-04-21,003018,金富科技,55,7256.0,10jqka,post_close,2026-04-21 15:00:00,2026-04-21,1,1,,,ok,2026-04-21,44.0,47.45,47.45,43.55,129661.0,9.99,33.1,27.01,1.0,0.77,18.01,28.75,45.33,0.0,0.0,True,False,0.0
2026-04-21,300058,蓝色光标,56,7227.0,10jqka,post_close,2026-04-21 15:00:00,2026-04-10,8,8,8.0,-48.0,ok,2026-04-21,19.12,18.79,19.65,18.62,5671759.0,-3.79,9.24,8.8,0.165,0.86,4.45,8.47,19.5,-23.09,0.515,False,False,0.0
2026-04-21,600703,三安光电,57,7195.0,10jqka,post_close,2026-04-21 15:00:00,2026-04-10,5,3,45.0,-12.0,ok,2026-04-21,13.64,13.58,14.11,13.36,2723476.0,-0.51,11.95,11.13,0.293,0.93,4.72,8.04,8.75,-27.65,0.627,False,False,0.0
2026-04-21,601179,中国西电,58,6952.0,10jqka,post_close,2026-04-21 15:00:00,2026-04-10,6,5,7.0,-51.0,ok,2026-04-21,18.23,17.89,18.23,17.64,2182398.0,-1.81,2.58,10.43,0.424,0.73,1.14,6.27,9.95,-13.37,0.0,False,False,0.0
2026-04-21,601138,工业富联,59,6928.0,10jqka,post_close,2026-04-21 15:00:00,2026-04-10,8,8,40.0,-19.0,ok,2026-04-21,60.97,61.41,61.5,59.87,1392037.0,-0.16,3.52,4.23,0.945,0.67,2.0,5.19,12.37,-3.03,0.055,False,False,0.0
2026-04-21,600156,华升股份,60,6878.0,10jqka,post_close,2026-04-21 15:00:00,2026-04-17,3,3,39.0,-21.0,ok,2026-04-21,11.21,9.79,11.21,9.75,1210643.0,-3.93,16.27,25.51,0.027,4.99,8.03,16.67,21.27,-12.67,0.0,False,False,0.0
2026-04-21,002108,沧州明珠,61,6806.0,10jqka,post_close,2026-04-21 15:00:00,2026-04-17,2,1,36.0,-25.0,ok,2026-04-21,5.67,6.08,6.18,5.59,3207166.0,4.29,19.92,20.63,0.831,1.88,10.63,16.97,21.78,-1.62,0.169,False,False,0.0
2026-04-21,600821,金开新能,62,6745.0,10jqka,post_close,2026-04-21 15:00:00,2026-04-15,5,5,36.0,-26.0,ok,2026-04-21,9.4,9.12,9.53,8.85,3568933.0,-2.88,2.93,8.96,0.397,1.01,0.68,5.67,1.11,-25.25,0.191,False,False,0.0
2026-04-21,603629,利通电子,63,6722.0,10jqka,post_close,2026-04-21 15:00:00,2026-04-13,7,7,53.0,-10.0,ok,2026-04-21,104.0,101.19,106.0,99.35,371605.0,-5.68,5.57,26.57,0.277,0.83,1.66,16.57,35.25,-7.98,0.301,False,False,0.0
2026-04-21,000890,法尔胜,64,6689.0,10jqka,post_close,2026-04-21 15:00:00,2026-04-10,5,2,44.0,-20.0,ok,2026-04-21,13.08,14.59,14.8,12.85,920484.0,7.68,17.76,20.58,0.892,1.17,11.04,6.64,2.74,-17.15,0.108,False,False,0.0
2026-04-21,600736,苏州高新,65,6681.0,10jqka,post_close,2026-04-21 15:00:00,2026-04-21,1,1,,,ok,2026-04-21,6.34,6.92,6.92,6.34,494528.0,10.02,11.61,11.25,1.0,2.69,8.77,11.18,12.92,-13.5,0.0,True,False,0.0
2026-04-21,002015,协鑫能科,66,6667.0,10jqka,post_close,2026-04-21 15:00:00,2026-04-15,5,5,68.0,2.0,ok,2026-04-21,19.28,18.91,19.56,18.0,1879325.0,-1.3,2.66,7.14,0.583,1.0,1.86,4.67,6.03,-17.75,0.179,False,False,0.0
2026-04-21,002594,比亚迪,67,6579.0,10jqka,post_close,2026-04-21 15:00:00,2026-04-10,7,2,89.0,22.0,ok,2026-04-21,102.91,101.53,103.19,101.33,432258.0,-1.34,-3.8,-2.21,0.108,0.89,-1.77,-1.12,-1.48,-9.2,0.151,False,False,0.0
2026-04-21,002491,通鼎互联,68,6557.0,10jqka,post_close,2026-04-21 15:00:00,2026-04-10,7,5,30.0,-38.0,ok,2026-04-21,16.67,16.75,17.23,16.31,2503264.0,0.66,7.23,11.0,0.478,1.21,6.91,8.64,23.07,-2.79,0.522,False,False,0.0
2026-04-21,001312,福恩股份,69,6476.0,10jqka,post_close,2026-04-21 15:00:00,2026-04-21,1,1,,,ok,2026-04-21,36.51,30.57,36.53,30.11,409948.0,,,,0.072,,0.0,0.0,0.0,-16.32,0.003,False,False,0.0
2026-04-21,600410,华胜天成,70,6457.0,10jqka,post_close,2026-04-21 15:00:00,2026-04-10,8,8,55.0,-15.0,ok,2026-04-21,28.58,27.9,28.85,27.62,1476441.0,-3.76,-0.32,2.12,0.228,0.76,-0.85,0.7,5.34,-18.68,0.22,False,False,0.0
2026-04-21,600873,梅花生物,71,6337.0,10jqka,post_close,2026-04-21 15:00:00,2026-04-21,1,1,,,ok,2026-04-21,10.8,10.97,10.99,10.73,442931.0,1.67,1.11,1.01,0.923,1.33,1.07,0.23,-1.9,-17.15,0.077,False,False,0.0
2026-04-21,002281,光迅科技,72,6328.0,10jqka,post_close,2026-04-21 15:00:00,2026-04-10,6,3,78.0,6.0,ok,2026-04-21,119.0,121.79,123.31,116.39,582583.0,1.45,14.67,9.33,0.78,0.94,6.54,9.63,23.47,-3.08,0.22,False,False,0.0
2026-04-21,002428,云南锗业,73,6293.0,10jqka,post_close,2026-04-21 15:00:00,2026-04-14,4,3,19.0,-54.0,ok,2026-04-21,68.32,68.4,70.48,66.74,1180937.0,0.29,21.36,16.17,0.444,1.24,9.58,15.39,25.85,-2.95,0.556,False,False,0.0
2026-04-21,002549,凯美特气,74,6206.0,10jqka,post_close,2026-04-21 15:00:00,2026-04-21,1,1,,,ok,2026-04-21,19.86,20.65,20.81,19.75,751044.0,3.46,6.5,6.83,0.849,1.99,4.91,6.14,9.22,-16.73,0.151,False,False,0.0
2026-04-21,601868,中国能建,75,6205.0,10jqka,post_close,2026-04-21 15:00:00,2026-04-17,2,1,85.0,10.0,ok,2026-04-21,2.93,3.0,3.04,2.88,12793710.0,2.04,4.17,4.9,0.75,1.86,3.02,3.7,1.39,-23.86,0.25,False,False,0.0
2026-04-21,001330,博纳影业,76,6190.0,10jqka,post_close,2026-04-21 15:00:00,2026-04-17,3,3,82.0,6.0,ok,2026-04-21,8.32,8.83,9.2,8.32,2224078.0,5.24,18.05,18.36,0.58,1.66,9.88,15.52,21.75,-35.64,0.42,False,False,0.0
2026-04-21,300394,天孚通信,77,6188.0,10jqka,post_close,2026-04-21 15:00:00,2026-04-15,3,1,72.0,-5.0,ok,2026-04-21,345.03,353.0,370.89,345.0,551996.0,-5.74,-0.72,2.07,0.309,1.25,-1.56,-0.08,5.09,-9.24,0.691,False,False,0.0
2026-04-21,002131,利欧股份,78,6146.0,10jqka,post_close,2026-04-21 15:00:00,2026-04-10,8,8,25.0,-53.0,ok,2026-04-21,8.18,8.01,8.28,7.96,5246036.0,-3.61,-0.5,-1.35,0.156,0.93,-0.25,-0.2,2.88,-22.98,0.312,False,False,0.0
2026-04-21,300476,胜宏科技,79,6107.0,10jqka,post_close,2026-04-21 15:00:00,2026-04-10,7,3,15.0,-64.0,ok,2026-04-21,330.0,330.9,338.88,325.01,499389.0,-3.53,9.03,7.43,0.425,0.94,3.45,8.45,17.22,-5.4,0.575,False,False,0.0
2026-04-21,603538,美诺华,80,6095.0,10jqka,post_close,2026-04-21 15:00:00,2026-04-10,8,8,65.0,-15.0,ok,2026-04-21,51.28,52.53,54.23,50.5,553560.0,2.18,-6.2,3.08,0.544,0.9,-1.97,3.96,18.4,-8.31,0.456,False,False,0.0
2026-04-21,000815,美利云,81,6035.0,10jqka,post_close,2026-04-21 15:00:00,2026-04-13,7,7,51.0,-30.0,ok,2026-04-21,21.5,20.89,21.5,20.21,1212964.0,-4.83,-5.94,-0.1,0.527,0.89,-2.24,0.62,2.53,-9.57,0.0,False,False,0.0
2026-04-21,688270,ST臻镭,82,5949.0,10jqka,post_close,2026-04-21 15:00:00,2026-04-17,2,1,71.0,-11.0,ok,2026-04-21,152.0,147.76,157.64,142.88,40756076.0,-15.64,-13.36,-2.6,0.331,2.18,-11.85,-6.32,-1.47,-35.19,0.382,False,False,0.0
2026-04-21,002463,沪电股份,83,5912.0,10jqka,post_close,2026-04-21 15:00:00,2026-04-10,8,8,91.0,8.0,ok,2026-04-21,96.51,99.82,101.0,95.85,715613.0,1.86,5.74,2.34,0.771,0.75,3.41,7.67,16.41,-1.48,0.229,False,False,0.0
2026-04-21,603083,剑桥科技,84,5842.0,10jqka,post_close,2026-04-21 15:00:00,2026-04-15,3,1,37.0,-47.0,ok,2026-04-21,150.83,161.17,162.57,149.47,466780.0,5.82,22.02,33.62,0.893,1.0,12.45,24.06,37.54,-0.86,0.107,False,False,0.0
2026-04-21,600879,航天电子,85,5838.0,10jqka,post_close,2026-04-21 15:00:00,2026-04-14,4,2,22.0,-63.0,ok,2026-04-21,25.54,25.52,25.99,25.01,2582238.0,-0.04,10.19,13.37,0.52,1.24,5.6,11.38,15.48,-18.88,0.459,False,False,0.0
2026-04-21,002812,恩捷股份,86,5809.0,10jqka,post_close,2026-04-21 15:00:00,2026-04-14,2,1,98.0,12.0,ok,2026-04-21,72.6,75.84,76.35,70.61,506624.0,5.11,6.25,7.27,0.911,1.41,4.81,8.2,9.31,-0.95,0.089,False,False,0.0
2026-04-21,300533,冰川网络,87,5795.0,10jqka,post_close,2026-04-21 15:00:00,2026-04-21,1,1,,,ok,2026-04-21,27.05,30.58,30.58,27.05,257800.0,20.02,18.21,20.58,1.0,2.92,15.27,13.38,11.45,-22.29,0.0,True,False,0.0
2026-04-21,000559,万向钱潮,88,5788.0,10jqka,post_close,2026-04-21 15:00:00,2026-04-10,2,1,53.0,-35.0,ok,2026-04-21,16.44,17.27,17.7,16.21,1672082.0,4.04,4.41,4.92,0.711,1.76,4.06,6.01,9.37,-17.29,0.289,False,False,0.0
2026-04-21,000980,众泰汽车,89,5769.0,10jqka,post_close,2026-04-21 15:00:00,2026-04-21,1,1,,,ok,2026-04-21,2.16,2.38,2.38,2.14,2050443.0,10.19,14.42,10.19,1.0,1.3,10.29,9.68,6.01,-36.02,0.0,True,False,0.0
2026-04-21,000988,华工科技,90,5673.0,10jqka,post_close,2026-04-21 15:00:00,2026-04-10,8,8,62.0,-28.0,ok,2026-04-21,113.0,116.28,117.08,112.56,696624.0,1.13,3.53,-3.61,0.823,0.64,1.54,0.28,4.5,-17.77,0.177,False,False,0.0
2026-04-21,603986,兆易创新,91,5669.0,10jqka,post_close,2026-04-21 15:00:00,2026-04-10,6,1,43.0,-48.0,ok,2026-04-21,290.8,306.27,309.0,288.25,425834.0,5.41,6.81,9.38,0.868,1.06,5.87,10.96,14.97,-7.52,0.132,False,False,0.0
2026-04-21,000547,航天发展,92,5635.0,10jqka,post_close,2026-04-21 15:00:00,2026-04-14,5,2,23.0,-69.0,ok,2026-04-21,28.7,28.01,29.07,27.52,2244553.0,-2.57,2.23,3.09,0.316,0.97,0.89,2.5,2.51,-19.14,0.239,False,False,0.0
2026-04-21,600745,闻泰科技,93,5593.0,10jqka,post_close,2026-04-21 15:00:00,2026-04-21,1,1,,,ok,2026-04-21,31.15,29.13,31.17,29.0,676621.0,-7.17,-6.54,-8.02,0.06,3.58,-5.41,-6.59,-7.22,-31.3,0.009,False,False,0.0
2026-04-21,300342,天银机电,94,5422.0,10jqka,post_close,2026-04-21 15:00:00,2026-04-20,2,2,79.0,-15.0,ok,2026-04-21,63.55,68.68,69.0,63.02,776936.0,8.98,23.08,28.16,0.946,1.24,14.92,19.65,24.98,-0.46,0.054,False,False,0.0
2026-04-21,600589,大位科技,95,5405.0,10jqka,post_close,2026-04-21 15:00:00,2026-04-21,1,1,,,ok,2026-04-21,11.03,10.45,11.05,10.28,1660053.0,-6.11,-8.97,-8.33,0.221,0.97,-5.69,-5.75,-3.41,-31.48,0.026,False,False,0.0
2026-04-21,002309,中利集团,96,5373.0,10jqka,post_close,2026-04-21 15:00:00,2026-04-10,6,2,20.0,-76.0,ok,2026-04-21,4.51,4.31,4.55,4.26,5811498.0,-1.6,5.38,1.65,0.172,1.44,3.66,-1.31,-6.19,-20.63,0.138,False,False,0.0
2026-04-21,000533,顺钠股份,97,5312.0,10jqka,post_close,2026-04-21 15:00:00,2026-04-15,4,2,76.0,-21.0,ok,2026-04-21,15.98,16.4,16.6,15.27,1425106.0,2.63,4.53,9.92,0.85,1.09,3.5,7.46,8.15,-24.91,0.15,False,False,0.0
2026-04-21,002436,兴森科技,98,5296.0,10jqka,post_close,2026-04-21 15:00:00,2026-04-21,1,1,,,ok,2026-04-21,26.3,28.21,28.6,25.96,1613837.0,6.25,13.16,10.98,0.852,1.12,8.05,13.77,24.77,-1.36,0.148,False,False,0.0
2026-04-21,600186,莲花控股,99,5282.0,10jqka,post_close,2026-04-21 15:00:00,2026-04-15,3,1,53.0,-46.0,ok,2026-04-21,7.82,8.09,8.14,7.55,2392582.0,2.8,-0.61,10.52,0.915,0.99,1.94,5.15,9.52,-3.35,0.085,False,False,0.0
2026-04-21,601698,中国卫通,100,5274.0,10jqka,post_close,2026-04-21 15:00:00,2026-04-20,2,2,33.0,-67.0,ok,2026-04-21,38.61,38.17,39.16,37.6,1725354.0,2.11,12.6,12.6,0.365,2.49,7.58,11.56,15.22,-10.19,0.353,False,False,0.0
2026-04-22,002580,圣阳股份,1,27316.0,10jqka,post_close,2026-04-22 15:00:00,2026-04-10,9,9,5.0,4.0,ok,2026-04-22,26.73,26.73,28.29,26.73,1898208.0,-10.0,-12.59,5.78,0.0,2.36,-9.58,5.59,28.21,-20.54,1.0,False,False,0.0
2026-04-22,601138,工业富联,2,26282.0,10jqka,post_close,2026-04-22 15:00:00,2026-04-10,9,9,59.0,57.0,ok,2026-04-22,61.19,66.89,67.55,61.03,3160832.0,8.92,9.71,15.69,0.899,1.72,7.85,12.59,20.41,-0.98,0.101,False,False,0.0
2026-04-22,002384,东山精密,3,20368.0,10jqka,post_close,2026-04-22 15:00:00,2026-04-10,9,9,9.0,6.0,ok,2026-04-22,172.06,186.34,186.34,171.2,832377.0,10.0,14.95,27.81,1.0,0.86,13.02,21.12,42.43,0.0,0.0,True,False,0.0
2026-04-22,002837,英维克,4,20144.0,10jqka,post_close,2026-04-22 15:00:00,2026-04-10,8,4,4.0,0.0,ok,2026-04-22,98.07,104.2,108.97,98.07,1594477.0,-4.38,-5.85,-1.05,0.562,3.27,-5.46,-1.81,6.74,-14.41,0.438,False,False,0.0
2026-04-22,002281,光迅科技,5,20054.0,10jqka,post_close,2026-04-22 15:00:00,2026-04-10,7,4,72.0,67.0,ok,2026-04-22,121.5,123.97,125.6,120.5,793417.0,1.79,6.11,16.19,0.68,1.31,5.26,9.07,22.94,-1.34,0.32,False,False,0.0
2026-04-22,002812,恩捷股份,6,17934.0,10jqka,post_close,2026-04-22 15:00:00,2026-04-14,3,2,86.0,80.0,ok,2026-04-22,75.08,74.74,77.78,73.91,400198.0,-1.45,4.28,5.62,0.214,1.07,2.17,5.75,7.09,-3.91,0.698,False,False,0.0
2026-04-22,600110,诺德股份,7,17523.0,10jqka,post_close,2026-04-22 15:00:00,2026-04-10,6,1,96.0,89.0,ok,2026-04-22,10.0,10.3,10.47,10.0,2042777.0,3.1,3.1,0.49,0.638,1.08,2.32,1.8,8.13,-5.33,0.362,False,False,0.0
2026-04-22,002361,神剑股份,8,17375.0,10jqka,post_close,2026-04-22 15:00:00,2026-04-10,9,9,6.0,-2.0,ok,2026-04-22,22.46,23.65,23.95,21.97,3478951.0,4.23,26.13,27.56,0.848,0.96,12.64,24.49,38.77,-1.25,0.152,False,False,0.0
2026-04-22,600105,永鼎股份,9,16993.0,10jqka,post_close,2026-04-22 15:00:00,2026-04-10,9,9,51.0,42.0,ok,2026-04-22,41.39,45.53,45.53,41.39,707703.0,10.0,10.24,21.28,1.0,0.37,8.67,15.08,33.23,0.0,0.0,True,False,0.0
2026-04-22,000890,法尔胜,10,16879.0,10jqka,post_close,2026-04-22 15:00:00,2026-04-10,6,3,64.0,54.0,ok,2026-04-22,14.75,15.24,15.9,14.13,1136582.0,4.46,22.8,19.44,0.627,1.44,11.76,11.9,6.39,-13.46,0.373,False,False,0.0
2026-04-22,600103,青山纸业,11,16851.0,10jqka,post_close,2026-04-22 15:00:00,2026-04-10,6,4,11.0,0.0,ok,2026-04-22,5.5,5.5,5.72,4.98,7224261.0,5.77,27.91,37.84,0.703,1.86,15.59,26.73,40.2,-3.85,0.297,False,False,0.0
2026-04-22,600703,三安光电,12,16164.0,10jqka,post_close,2026-04-22 15:00:00,2026-04-10,6,4,57.0,45.0,ok,2026-04-22,13.59,14.94,14.94,13.59,2138560.0,10.01,11.99,23.06,1.0,0.72,10.44,16.51,19.12,-20.4,0.0,True,False,0.0
2026-04-22,600487,亨通光电,13,15903.0,10jqka,post_close,2026-04-22 15:00:00,2026-04-10,9,9,35.0,22.0,ok,2026-04-22,59.7,65.78,65.78,59.55,2036964.0,10.0,18.2,26.18,1.0,1.14,11.39,15.59,19.47,0.0,0.0,True,False,0.0
2026-04-22,600186,莲花控股,14,15237.0,10jqka,post_close,2026-04-22 15:00:00,2026-04-15,4,2,99.0,85.0,ok,2026-04-22,8.0,8.59,8.77,7.96,3182122.0,6.18,8.87,11.7,0.778,1.26,5.84,10.27,14.87,-2.05,0.222,False,False,0.0
2026-04-22,600396,华电辽能,15,14797.0,10jqka,post_close,2026-04-22 15:00:00,2026-04-10,9,9,15.0,0.0,ok,2026-04-22,8.13,8.94,8.94,8.13,2520809.0,9.96,25.21,11.06,1.0,0.83,14.94,17.55,14.73,-5.8,0.0,True,False,0.0
2026-04-22,300058,蓝色光标,16,14444.0,10jqka,post_close,2026-04-22 15:00:00,2026-04-10,9,9,56.0,40.0,ok,2026-04-22,18.7,19.24,19.56,18.46,5798509.0,2.39,6.89,17.1,0.709,0.9,3.71,9.23,20.33,-21.24,0.291,False,False,0.0
2026-04-22,002081,金螳螂,17,14376.0,10jqka,post_close,2026-04-22 15:00:00,2026-04-20,3,3,12.0,-5.0,ok,2026-04-22,4.94,4.94,4.94,4.94,613311.0,10.02,33.15,46.59,1.0,0.73,19.96,32.26,39.49,0.0,0.0,True,True,0.0
2026-04-22,002463,沪电股份,18,13541.0,10jqka,post_close,2026-04-22 15:00:00,2026-04-10,9,9,83.0,65.0,ok,2026-04-22,99.92,103.27,104.0,99.38,729964.0,3.46,5.74,11.31,0.842,0.8,4.7,9.13,18.97,-0.7,0.158,False,False,0.0
2026-04-22,600522,中天科技,19,13341.0,10jqka,post_close,2026-04-22 15:00:00,2026-04-10,5,4,23.0,4.0,ok,2026-04-22,32.54,34.82,34.84,32.5,3003972.0,7.34,23.74,25.25,0.991,1.41,12.8,15.99,17.86,-0.06,0.009,False,False,0.0
2026-04-22,002342,巨力索具,20,13286.0,10jqka,post_close,2026-04-22 15:00:00,2026-04-10,9,9,3.0,-17.0,ok,2026-04-22,20.32,20.15,21.31,20.02,2803435.0,-5.93,5.72,10.17,0.101,1.02,2.17,11.03,28.56,-5.93,0.767,False,False,0.0
2026-04-22,603778,国晟科技,21,11605.0,10jqka,post_close,2026-04-22 15:00:00,2026-04-10,9,9,10.0,-11.0,ok,2026-04-22,26.1,26.1,27.19,26.1,1075729.0,-10.0,7.63,-2.65,0.0,1.04,-1.46,-8.81,-5.96,-23.84,1.0,False,False,0.0
2026-04-22,002428,云南锗业,22,11413.0,10jqka,post_close,2026-04-22 15:00:00,2026-04-14,5,4,73.0,51.0,ok,2026-04-22,68.53,75.24,75.24,68.53,714571.0,10.0,21.35,31.65,1.0,0.75,13.93,22.59,34.65,0.0,0.0,True,False,0.0
2026-04-22,300502,新易盛,23,11407.0,10jqka,post_close,2026-04-22 15:00:00,2026-04-10,7,1,56.0,33.0,ok,2026-04-22,569.0,622.71,625.26,568.03,433446.0,7.64,5.72,25.3,0.955,1.13,6.97,14.2,23.82,-0.41,0.045,False,False,0.0
2026-04-22,300308,中际旭创,24,11292.0,10jqka,post_close,2026-04-22 15:00:00,2026-04-10,9,9,40.0,16.0,ok,2026-04-22,859.3,886.62,893.2,854.0,294383.0,2.52,4.31,13.67,0.832,0.96,4.06,11.14,26.03,-0.74,0.168,False,False,0.0
2026-04-22,002565,顺灏股份,25,11034.0,10jqka,post_close,2026-04-22 15:00:00,2026-04-14,7,7,8.0,-17.0,ok,2026-04-22,22.76,21.95,22.99,21.02,3300430.0,-1.66,16.01,24.01,0.472,1.39,8.42,17.67,26.54,-4.52,0.117,False,False,0.0
2026-04-22,300857,协创数据,26,10945.0,10jqka,post_close,2026-04-22 15:00:00,2026-04-10,5,1,38.0,12.0,ok,2026-04-22,219.96,260.76,260.77,219.93,415961.0,19.99,15.32,30.22,1.0,1.44,13.22,30.94,47.93,-4.56,0.0,True,False,0.0
2026-04-22,603601,再升科技,27,10603.0,10jqka,post_close,2026-04-22 15:00:00,2026-04-13,7,6,26.0,-1.0,ok,2026-04-22,15.46,15.82,16.65,15.32,2336828.0,-2.71,7.11,10.47,0.376,0.9,2.13,7.91,10.46,-4.98,0.624,False,False,0.0
2026-04-22,600330,天通股份,28,10327.0,10jqka,post_close,2026-04-22 15:00:00,2026-04-10,5,4,48.0,20.0,ok,2026-04-22,23.45,25.87,25.87,23.43,2073604.0,9.99,19.05,30.66,1.0,1.45,12.7,21.17,36.4,0.0,0.0,True,False,0.0
2026-04-22,002217,合力泰,29,10325.0,10jqka,post_close,2026-04-22 15:00:00,2026-04-17,4,4,22.0,-7.0,ok,2026-04-22,2.82,2.93,3.03,2.77,8567983.0,-1.68,9.33,21.58,0.615,1.71,4.79,10.61,17.11,-8.44,0.385,False,False,0.0
2026-04-22,601869,长飞光纤,30,10084.0,10jqka,post_close,2026-04-22 15:00:00,2026-04-10,8,1,49.0,19.0,ok,2026-04-22,382.29,412.0,417.96,382.29,202629.0,7.97,12.6,14.89,0.833,1.17,7.68,8.77,19.23,-1.43,0.167,False,False,0.0
2026-04-22,002201,九鼎新材,31,9807.0,10jqka,post_close,2026-04-22 15:00:00,2026-04-21,2,2,19.0,-12.0,ok,2026-04-22,13.93,15.32,15.32,13.93,1800892.0,9.98,25.37,29.94,1.0,3.04,15.4,22.44,28.57,-5.9,0.0,True,False,0.0
2026-04-22,002418,康盛股份,32,9450.0,10jqka,post_close,2026-04-22 15:00:00,2026-04-10,8,4,45.0,13.0,ok,2026-04-22,5.97,6.74,6.74,5.93,3363897.0,9.95,8.89,22.55,1.0,1.28,6.98,11.92,25.7,-4.8,0.0,True,False,0.0
2026-04-22,603920,世运电路,33,9400.0,10jqka,post_close,2026-04-22 15:00:00,2026-04-22,1,1,,,ok,2026-04-22,59.07,62.55,62.65,59.05,619837.0,4.23,5.84,16.89,0.972,1.24,4.71,8.8,15.55,-13.94,0.028,False,False,0.0
2026-04-22,000938,紫光股份,34,9083.0,10jqka,post_close,2026-04-22 15:00:00,2026-04-14,2,1,7.0,-27.0,ok,2026-04-22,27.52,29.92,30.37,27.45,3231354.0,8.37,8.01,8.88,0.846,2.59,5.55,7.08,12.33,-1.48,0.154,False,False,0.0
2026-04-22,601899,紫金矿业,35,9017.0,10jqka,post_close,2026-04-22 15:00:00,2026-04-10,9,9,1.0,-34.0,ok,2026-04-22,35.67,35.53,35.86,35.24,3723920.0,-0.36,2.3,1.78,0.468,1.49,0.91,2.37,4.87,-20.94,0.306,False,False,0.0
2026-04-22,603906,龙蟠科技,36,8977.0,10jqka,post_close,2026-04-22 15:00:00,2026-04-16,4,1,95.0,59.0,ok,2026-04-22,26.55,28.62,28.62,26.2,1002095.0,9.99,10.12,25.69,1.0,1.4,7.6,16.35,23.36,0.0,0.0,True,False,0.0
2026-04-22,002261,拓维信息,37,8946.0,10jqka,post_close,2026-04-22 15:00:00,2026-04-15,4,1,67.0,30.0,ok,2026-04-22,36.16,38.43,39.48,35.66,1886807.0,6.31,2.04,5.58,0.725,1.66,2.74,4.55,7.78,-12.78,0.275,False,False,0.0
2026-04-22,300342,天银机电,38,8843.0,10jqka,post_close,2026-04-22 15:00:00,2026-04-20,3,3,94.0,56.0,ok,2026-04-22,65.85,66.2,67.79,64.9,683209.0,-3.61,15.92,22.12,0.45,1.05,6.5,13.89,18.32,-4.06,0.55,False,False,0.0
2026-04-22,300456,赛微电子,39,8674.0,10jqka,post_close,2026-04-22 15:00:00,2026-04-22,1,1,,,ok,2026-04-22,55.51,57.18,58.56,55.23,823679.0,1.24,2.97,9.86,0.586,1.23,3.29,5.68,13.5,-2.39,0.414,False,False,0.0
2026-04-22,601778,晶科科技,40,8657.0,10jqka,post_close,2026-04-22 15:00:00,2026-04-14,7,7,20.0,-20.0,ok,2026-04-22,6.45,6.54,6.85,6.43,7334948.0,2.99,-5.35,8.1,0.262,0.93,-0.82,7.81,16.4,-10.78,0.738,False,False,0.0
2026-04-22,603618,杭电股份,41,8546.0,10jqka,post_close,2026-04-22 15:00:00,2026-04-21,2,2,14.0,-27.0,ok,2026-04-22,26.42,28.55,28.55,25.3,747330.0,10.02,18.37,32.05,1.0,0.84,12.51,16.62,12.86,-5.15,0.0,True,False,0.0
2026-04-22,002297,博云新材,42,8439.0,10jqka,post_close,2026-04-22 15:00:00,2026-04-10,8,5,18.0,-24.0,ok,2026-04-22,19.1,20.29,20.88,19.1,1968739.0,6.85,14.7,38.78,0.669,1.71,9.66,31.24,54.2,-2.97,0.331,False,False,0.0
2026-04-22,000062,深圳华强,43,8404.0,10jqka,post_close,2026-04-22 15:00:00,2026-04-22,1,1,,,ok,2026-04-22,30.4,32.64,32.64,29.87,726929.0,10.01,10.05,16.99,1.0,1.14,7.61,10.91,17.25,0.0,0.0,True,False,0.0
2026-04-22,600126,杭钢股份,44,8342.0,10jqka,post_close,2026-04-22 15:00:00,2026-04-22,1,1,,,ok,2026-04-22,9.25,10.26,10.26,9.18,2981036.0,9.97,3.01,7.66,1.0,1.55,3.7,7.09,12.99,-0.39,0.0,True,False,0.0
2026-04-22,002475,立讯精密,45,8331.0,10jqka,post_close,2026-04-22 15:00:00,2026-04-10,9,9,33.0,-12.0,ok,2026-04-22,65.39,68.03,68.69,64.6,2366656.0,3.47,13.86,15.74,0.839,1.0,6.39,11.62,22.68,-0.96,0.161,False,False,0.0
2026-04-22,603773,沃格光电,46,8278.0,10jqka,post_close,2026-04-22 15:00:00,2026-04-10,4,1,48.0,2.0,ok,2026-04-22,58.29,64.36,64.36,58.29,249432.0,10.0,21.66,29.97,1.0,0.93,14.09,27.97,51.91,0.0,0.0,True,False,0.0
2026-04-22,002015,协鑫能科,47,8259.0,10jqka,post_close,2026-04-22 15:00:00,2026-04-15,6,6,66.0,19.0,ok,2026-04-22,18.78,19.87,19.95,18.66,1941478.0,5.08,7.23,11.63,0.938,0.97,4.7,8.81,11.39,-13.57,0.062,False,False,0.0
2026-04-22,600736,苏州高新,48,8244.0,10jqka,post_close,2026-04-22 15:00:00,2026-04-21,2,2,65.0,17.0,ok,2026-04-22,7.32,7.61,7.61,7.26,1204154.0,9.97,20.99,24.55,1.0,5.11,14.23,19.41,22.55,-4.87,0.0,True,False,0.0
2026-04-22,000988,华工科技,49,8217.0,10jqka,post_close,2026-04-22 15:00:00,2026-04-10,9,9,90.0,41.0,ok,2026-04-22,115.48,120.95,121.33,115.23,1059522.0,4.02,3.66,7.7,0.938,1.12,4.05,3.36,8.26,-14.47,0.062,False,False,0.0
2026-04-22,603529,爱玛科技,50,8146.0,10jqka,post_close,2026-04-22 15:00:00,2026-04-22,1,1,,,ok,2026-04-22,28.75,28.84,29.0,28.67,64697.0,-0.17,0.0,-1.44,0.515,0.74,-0.52,-1.03,-4.63,-14.6,0.485,False,False,0.0
2026-04-22,000533,顺钠股份,51,7993.0,10jqka,post_close,2026-04-22 15:00:00,2026-04-15,5,3,97.0,46.0,ok,2026-04-22,16.39,16.05,16.78,15.91,1095921.0,-2.13,6.72,-0.43,0.161,0.78,1.38,4.15,6.2,-26.51,0.448,False,False,0.0
2026-04-22,600498,烽火通信,52,7863.0,10jqka,post_close,2026-04-22 15:00:00,2026-04-10,6,1,59.0,7.0,ok,2026-04-22,53.16,56.26,56.87,53.15,1267577.0,6.05,14.19,16.05,0.836,1.38,8.12,8.83,12.46,-8.93,0.164,False,False,0.0
2026-04-22,600961,株冶集团,53,7811.0,10jqka,post_close,2026-04-22 15:00:00,2026-04-17,4,4,27.0,-26.0,ok,2026-04-22,27.77,29.18,29.4,27.51,1978661.0,9.17,32.1,59.89,0.884,14.81,19.22,36.94,51.36,-0.75,0.116,False,False,0.0
2026-04-22,603738,泰晶科技,54,7789.0,10jqka,post_close,2026-04-22 15:00:00,2026-04-17,3,2,28.0,-26.0,ok,2026-04-22,35.0,35.52,36.3,32.8,777700.0,2.45,17.73,30.83,0.777,1.53,11.48,21.03,29.54,-2.15,0.223,False,False,0.0
2026-04-22,001896,豫能控股,55,7625.0,10jqka,post_close,2026-04-22 15:00:00,2026-04-13,8,8,21.0,-34.0,ok,2026-04-22,16.88,17.5,17.9,16.4,2006977.0,2.34,2.46,5.61,0.733,0.85,-0.03,9.66,16.41,-7.16,0.267,False,False,0.0
2026-04-22,000063,中兴通讯,56,7450.0,10jqka,post_close,2026-04-22 15:00:00,2026-04-10,2,1,82.0,26.0,ok,2026-04-22,35.08,37.34,37.44,35.0,2308325.0,6.08,5.69,6.05,0.959,3.07,4.24,4.53,9.09,-8.35,0.041,False,False,0.0
2026-04-22,002938,鹏鼎控股,57,7440.0,10jqka,post_close,2026-04-22 15:00:00,2026-04-22,1,1,,,ok,2026-04-22,69.28,76.18,76.18,69.25,485983.0,10.01,22.63,28.21,1.0,1.11,13.9,22.09,33.67,0.0,0.0,True,False,0.0
2026-04-22,600118,中国卫星,58,7367.0,10jqka,post_close,2026-04-22 15:00:00,2026-04-20,3,3,2.0,-56.0,ok,2026-04-22,93.91,97.58,98.0,91.96,1029452.0,-2.61,13.56,13.1,0.93,1.51,5.21,11.78,17.33,-10.39,0.07,False,False,0.0
2026-04-22,600869,远东股份,59,7360.0,10jqka,post_close,2026-04-22 15:00:00,2026-04-10,2,1,87.0,28.0,ok,2026-04-22,15.7,17.18,17.18,14.97,2089376.0,9.99,16.87,11.7,1.0,2.24,11.01,11.08,15.53,0.0,0.0,True,False,0.0
2026-04-22,688048,长光华芯,60,7338.0,10jqka,post_close,2026-04-22 15:00:00,2026-04-22,1,1,,,ok,2026-04-22,322.0,372.91,372.91,322.0,22051602.0,20.0,13.69,27.49,1.0,1.41,15.18,27.46,43.85,0.0,0.0,True,False,0.0
2026-04-22,603659,璞泰来,61,7286.0,10jqka,post_close,2026-04-22 15:00:00,2026-04-13,2,1,86.0,25.0,ok,2026-04-22,36.22,36.18,37.51,35.82,617563.0,-0.11,0.75,4.39,0.213,1.02,0.89,3.85,8.51,-3.55,0.763,False,False,0.0
2026-04-22,300750,宁德时代,62,7280.0,10jqka,post_close,2026-04-22 15:00:00,2026-04-10,9,9,7.0,-55.0,ok,2026-04-22,441.01,436.35,447.97,433.13,460254.0,-0.98,-0.21,2.89,0.217,0.93,-0.24,2.73,6.7,-3.69,0.469,False,False,0.0
2026-04-22,600410,华胜天成,63,7251.0,10jqka,post_close,2026-04-22 15:00:00,2026-04-10,9,9,70.0,7.0,ok,2026-04-22,27.93,28.73,28.98,27.14,1912161.0,2.97,-0.73,6.88,0.864,1.0,0.77,3.38,7.7,-16.26,0.136,False,False,0.0
2026-04-22,002432,九安医疗,64,7091.0,10jqka,post_close,2026-04-22 15:00:00,2026-04-10,4,1,90.0,26.0,ok,2026-04-22,79.51,88.09,88.09,78.61,369375.0,10.0,16.91,16.55,1.0,1.11,10.37,7.54,11.74,-7.08,0.0,True,False,0.0
2026-04-22,003018,金富科技,65,6987.0,10jqka,post_close,2026-04-22 15:00:00,2026-04-21,2,2,55.0,-10.0,ok,2026-04-22,49.6,52.2,52.2,49.0,200073.0,10.01,33.1,46.67,1.0,1.27,19.91,33.9,53.48,0.0,0.0,True,False,0.0
2026-04-22,002149,西部材料,66,6969.0,10jqka,post_close,2026-04-22 15:00:00,2026-04-14,6,4,46.0,-20.0,ok,2026-04-22,59.01,64.1,65.54,59.01,965770.0,4.52,16.97,19.48,0.779,0.97,8.96,19.7,25.84,-2.2,0.221,False,False,0.0
2026-04-22,600276,恒瑞医药,67,6957.0,10jqka,post_close,2026-04-22 15:00:00,2026-04-15,2,1,50.0,-17.0,ok,2026-04-22,55.6,55.44,55.94,54.94,523563.0,-0.56,-1.58,-3.97,0.5,0.84,-1.47,-1.78,-1.12,-10.07,0.34,False,False,0.0
2026-04-22,603629,利通电子,68,6947.0,10jqka,post_close,2026-04-22 15:00:00,2026-04-13,8,8,63.0,-5.0,ok,2026-04-22,101.3,108.2,110.18,99.02,491017.0,6.93,2.62,23.02,0.823,1.07,4.45,19.45,39.83,-1.8,0.177,False,False,0.0
2026-04-22,002413,雷科防务,69,6874.0,10jqka,post_close,2026-04-22 15:00:00,2026-04-20,2,1,99.0,30.0,ok,2026-04-22,13.9,14.95,15.5,13.68,2939491.0,5.65,10.66,10.91,0.698,2.07,6.36,9.19,11.6,-14.57,0.302,False,False,0.0
2026-04-22,688820,盛合晶微,70,6870.0,10jqka,post_close,2026-04-22 15:00:00,2026-04-21,2,2,30.0,-40.0,ok,2026-04-22,76.01,95.0,96.22,75.02,94285134.0,23.94,,,0.942,0.73,10.69,10.69,10.69,-5.93,0.058,True,False,0.0
2026-04-22,603083,剑桥科技,71,6860.0,10jqka,post_close,2026-04-22 15:00:00,2026-04-15,4,2,84.0,13.0,ok,2026-04-22,158.2,172.18,176.86,156.0,594044.0,6.83,18.51,36.87,0.776,1.22,12.83,26.62,42.89,-2.65,0.224,False,False,0.0
2026-04-22,300067,安诺其,72,6853.0,10jqka,post_close,2026-04-22 15:00:00,2026-04-22,1,1,,,ok,2026-04-22,6.06,6.06,6.06,6.06,179846.0,20.0,48.53,39.31,1.0,0.98,28.44,33.77,31.57,0.0,0.0,True,True,0.0
2026-04-22,002202,金风科技,73,6806.0,10jqka,post_close,2026-04-22 15:00:00,2026-04-10,9,9,53.0,-20.0,ok,2026-04-22,25.88,26.23,26.37,25.69,1588431.0,0.38,3.31,4.84,0.794,0.76,1.41,4.21,2.86,-21.23,0.206,False,False,0.0
2026-04-22,603538,美诺华,74,6408.0,10jqka,post_close,2026-04-22 15:00:00,2026-04-10,9,9,80.0,6.0,ok,2026-04-22,51.5,50.5,54.0,48.69,573053.0,-3.86,-3.81,-9.01,0.341,0.96,-3.97,-1.47,11.18,-11.85,0.471,False,False,0.0
2026-04-22,002256,兆新股份,75,6101.0,10jqka,post_close,2026-04-22 15:00:00,2026-04-22,1,1,,,ok,2026-04-22,4.21,4.51,4.51,4.13,2560662.0,10.0,9.73,8.94,1.0,2.2,6.82,9.73,10.08,-10.52,0.0,True,False,0.0
2026-04-22,600821,金开新能,76,5971.0,10jqka,post_close,2026-04-22 15:00:00,2026-04-15,6,6,62.0,-14.0,ok,2026-04-22,8.93,9.04,9.35,8.9,2549783.0,-0.88,-0.44,2.26,0.311,0.68,-0.64,3.86,1.36,-25.9,0.689,False,False,0.0
2026-04-22,600666,奥瑞德,77,5912.0,10jqka,post_close,2026-04-22 15:00:00,2026-04-10,9,9,49.0,-28.0,ok,2026-04-22,6.65,6.82,6.89,6.43,5039140.0,1.19,-3.81,9.47,0.848,0.8,-1.62,2.33,8.07,-9.91,0.152,False,False,0.0
2026-04-22,300620,光库科技,78,5853.0,10jqka,post_close,2026-04-22 15:00:00,2026-04-22,1,1,,,ok,2026-04-22,259.08,274.52,279.86,256.0,228109.0,6.89,9.01,20.69,0.776,1.14,8.49,13.72,25.07,-1.91,0.224,False,False,0.0
2026-04-22,600415,小商品城,79,5803.0,10jqka,post_close,2026-04-22 15:00:00,2026-04-13,2,1,95.0,16.0,ok,2026-04-22,12.24,12.54,12.55,12.23,747405.0,1.54,3.04,2.62,0.969,1.03,1.54,0.55,-2.13,-29.07,0.031,False,False,0.0
2026-04-22,001330,博纳影业,80,5784.0,10jqka,post_close,2026-04-22 15:00:00,2026-04-17,4,4,76.0,-4.0,ok,2026-04-22,8.53,8.18,8.57,8.18,1837421.0,-7.36,-0.61,12.83,0.0,1.15,-0.51,5.67,11.69,-40.38,0.103,False,False,0.0
2026-04-22,601179,中国西电,81,5751.0,10jqka,post_close,2026-04-22 15:00:00,2026-04-10,7,6,58.0,-23.0,ok,2026-04-22,17.9,17.95,18.2,17.76,2145174.0,0.34,4.42,1.41,0.432,0.71,1.2,5.41,9.79,-13.08,0.568,False,False,0.0
2026-04-22,300394,天孚通信,82,5641.0,10jqka,post_close,2026-04-22 15:00:00,2026-04-15,4,2,77.0,-5.0,ok,2026-04-22,346.65,375.41,380.5,342.0,519330.0,6.35,-1.02,13.53,0.868,1.12,2.14,5.13,10.5,-3.48,0.132,False,False,0.0
2026-04-22,301396,宏景科技,83,5617.0,10jqka,post_close,2026-04-22 15:00:00,2026-04-15,3,1,21.0,-62.0,ok,2026-04-22,281.0,324.28,331.99,273.06,179577.0,16.09,14.72,34.46,0.869,1.21,10.7,28.45,54.45,-2.32,0.131,True,False,0.0
2026-04-22,002195,岩山科技,84,5530.0,10jqka,post_close,2026-04-22 15:00:00,2026-04-22,1,1,,,ok,2026-04-22,9.08,9.38,9.41,9.03,2910649.0,2.74,2.51,3.88,0.921,1.6,1.58,2.36,3.38,-16.03,0.079,False,False,0.0
2026-04-22,002506,协鑫集成,85,5499.0,10jqka,post_close,2026-04-22 15:00:00,2026-04-13,6,3,34.0,-51.0,ok,2026-04-22,4.7,4.71,4.76,4.63,5923299.0,-3.48,5.84,7.78,0.615,0.98,1.86,3.93,0.11,-25.94,0.385,False,False,0.0
2026-04-22,600184,光电股份,86,5465.0,10jqka,post_close,2026-04-22 15:00:00,2026-04-22,1,1,,,ok,2026-04-22,23.5,25.85,25.85,23.5,344355.0,10.0,16.34,27.4,1.0,0.77,9.65,17.56,29.87,0.0,0.0,True,False,0.0
2026-04-22,301292,海科新源,87,5426.0,10jqka,post_close,2026-04-22 15:00:00,2026-04-14,2,1,25.0,-62.0,ok,2026-04-22,95.0,98.13,100.88,93.58,192571.0,0.18,5.97,5.15,0.623,0.83,3.7,5.6,9.01,-8.17,0.377,False,False,0.0
2026-04-22,002636,金安国纪,88,5416.0,10jqka,post_close,2026-04-22 15:00:00,2026-04-22,1,1,,,ok,2026-04-22,41.65,46.07,46.07,41.0,439101.0,10.0,18.43,22.95,1.0,1.0,12.28,17.78,31.0,0.0,0.0,True,False,0.0
2026-04-22,603687,大胜达,89,5220.0,10jqka,post_close,2026-04-22 15:00:00,2026-04-16,5,5,36.0,-53.0,ok,2026-04-22,19.0,18.59,19.19,18.25,889897.0,-4.91,-3.43,3.05,0.362,0.83,-3.5,1.76,8.71,-10.63,0.202,False,False,0.0
2026-04-22,002194,武汉凡谷,90,5183.0,10jqka,post_close,2026-04-22 15:00:00,2026-04-22,1,1,,,ok,2026-04-22,11.86,11.86,11.86,11.86,150879.0,10.02,9.92,13.49,1.0,1.38,7.92,9.85,12.1,-16.18,0.0,True,True,0.0
2026-04-22,300476,胜宏科技,91,5038.0,10jqka,post_close,2026-04-22 15:00:00,2026-04-10,8,4,79.0,-12.0,ok,2026-04-22,331.0,342.78,345.0,326.57,465656.0,3.59,5.01,16.02,0.88,0.91,4.09,10.22,19.76,-2.0,0.12,False,False,0.0
2026-04-22,002709,天赐材料,92,5001.0,10jqka,post_close,2026-04-22 15:00:00,2026-04-10,7,2,13.0,-79.0,ok,2026-04-22,52.79,52.1,54.0,51.58,1273690.0,-1.31,7.44,9.22,0.215,1.07,3.42,7.21,11.53,-3.52,0.5,False,False,0.0
2026-04-22,002131,利欧股份,93,4955.0,10jqka,post_close,2026-04-22 15:00:00,2026-04-10,9,9,78.0,-15.0,ok,2026-04-22,7.94,7.98,7.99,7.82,4006789.0,-0.37,0.25,2.05,0.941,0.73,-1.02,-0.61,2.13,-23.27,0.059,False,False,0.0
2026-04-22,600206,有研新材,94,4935.0,10jqka,post_close,2026-04-22 15:00:00,2026-04-20,2,1,61.0,-33.0,ok,2026-04-22,24.71,26.8,27.3,24.7,1116770.0,7.72,15.07,21.49,0.808,1.72,9.01,14.78,22.09,-1.83,0.192,False,False,0.0
2026-04-22,600641,先导基电,95,4935.0,10jqka,post_close,2026-04-22 15:00:00,2026-04-22,1,1,,,ok,2026-04-22,24.63,27.06,27.06,24.52,478716.0,10.0,11.4,24.01,1.0,0.93,10.11,16.64,28.52,0.0,0.0,True,False,0.0
2026-04-22,920981,晶赛科技,96,4894.0,10jqka,post_close,2026-04-22 15:00:00,2026-04-22,1,1,,,ok,2026-04-22,32.34,42.34,42.34,32.34,116288.0,30.0,31.08,43.92,1.0,4.83,24.65,32.13,39.55,0.0,0.0,True,False,0.0
2026-04-22,603178,圣龙股份,97,4883.0,10jqka,post_close,2026-04-22 15:00:00,2026-04-17,4,4,17.0,-80.0,ok,2026-04-22,22.4,21.16,23.19,21.08,578026.0,0.38,21.47,36.43,0.038,3.92,11.77,22.6,29.86,-8.75,0.374,False,False,0.0
2026-04-22,603220,中贝通信,98,4813.0,10jqka,post_close,2026-04-22 15:00:00,2026-04-16,2,1,58.0,-40.0,ok,2026-04-22,29.53,31.12,32.43,29.1,768749.0,5.56,-3.47,7.2,0.607,1.04,-0.03,6.08,13.11,-6.35,0.393,False,False,0.0
2026-04-22,000751,锌业股份,99,4804.0,10jqka,post_close,2026-04-22 15:00:00,2026-04-22,1,1,,,ok,2026-04-22,5.88,6.33,6.33,5.78,1389965.0,10.09,9.71,19.89,1.0,1.4,8.32,13.14,16.23,-19.05,0.0,True,False,0.0
2026-04-22,002491,通鼎互联,100,4800.0,10jqka,post_close,2026-04-22 15:00:00,2026-04-10,8,6,68.0,-32.0,ok,2026-04-22,16.62,17.22,17.5,16.56,2486643.0,2.81,13.81,21.27,0.702,1.23,5.83,10.24,23.41,-1.6,0.298,False,False,0.0
2026-04-23,600396,华电辽能,1,34878.0,10jqka,post_close,2026-04-23 15:00:00,2026-04-10,10,10,15.0,14.0,ok,2026-04-23,9.29,9.83,9.83,8.05,4049629.0,9.96,33.02,34.84,1.0,1.51,18.63,24.84,24.96,0.0,0.0,True,False,0.0
2026-04-23,601778,晶科科技,2,27396.0,10jqka,post_close,2026-04-23 15:00:00,2026-04-14,8,8,40.0,38.0,ok,2026-04-23,6.87,7.19,7.19,6.35,8283896.0,9.94,10.45,7.96,1.0,1.02,7.31,14.55,26.54,-1.91,0.0,True,False,0.0
2026-04-23,002361,神剑股份,3,20882.0,10jqka,post_close,2026-04-23 15:00:00,2026-04-10,10,10,8.0,5.0,ok,2026-04-23,23.65,22.99,23.8,22.05,3155846.0,-2.79,11.44,19.37,0.537,0.85,5.74,16.97,30.42,-4.01,0.086,False,False,0.0
2026-04-23,002580,圣阳股份,4,20792.0,10jqka,post_close,2026-04-23 15:00:00,2026-04-10,10,10,1.0,-3.0,ok,2026-04-23,26.01,26.97,28.02,25.63,1627255.0,0.9,-18.27,-2.99,0.561,1.68,-8.25,2.59,25.91,-19.83,0.439,False,False,0.0
2026-04-23,002081,金螳螂,5,20593.0,10jqka,post_close,2026-04-23 15:00:00,2026-04-20,4,4,17.0,12.0,ok,2026-04-23,5.43,5.43,5.43,5.25,3306621.0,9.92,33.09,61.13,1.0,3.55,19.87,37.64,48.95,0.0,0.0,True,False,0.0
2026-04-23,002565,顺灏股份,6,20383.0,10jqka,post_close,2026-04-23 15:00:00,2026-04-14,8,8,25.0,19.0,ok,2026-04-23,21.95,19.76,22.28,19.76,2668818.0,-9.98,-2.61,11.32,0.0,1.09,-4.3,4.51,12.77,-14.05,0.131,False,False,0.0
2026-04-23,002297,博云新材,7,16699.0,10jqka,post_close,2026-04-23 15:00:00,2026-04-10,9,6,42.0,35.0,ok,2026-04-23,20.54,22.24,22.32,20.54,2172285.0,9.61,14.29,38.31,0.955,1.42,12.7,34.2,61.92,-0.36,0.045,True,False,0.0
2026-04-23,600487,亨通光电,8,16600.0,10jqka,post_close,2026-04-23 15:00:00,2026-04-10,10,10,13.0,5.0,ok,2026-04-23,66.77,69.52,70.3,66.03,2734389.0,5.69,14.17,30.82,0.817,1.42,11.54,20.06,23.86,-1.11,0.183,False,False,0.0
2026-04-23,601016,节能风电,9,16530.0,10jqka,post_close,2026-04-23 15:00:00,2026-04-23,1,1,,,ok,2026-04-23,4.12,4.48,4.48,4.1,8622034.0,10.07,9.27,10.34,1.0,2.65,7.28,9.14,6.12,-21.82,0.0,True,False,0.0
2026-04-23,300308,中际旭创,10,15738.0,10jqka,post_close,2026-04-23 15:00:00,2026-04-10,10,10,24.0,14.0,ok,2026-04-23,890.0,897.0,919.99,877.78,309869.0,1.17,5.53,10.93,0.455,1.03,3.14,9.62,25.12,-2.5,0.545,False,False,0.0
2026-04-23,300058,蓝色光标,11,15559.0,10jqka,post_close,2026-04-23 15:00:00,2026-04-10,10,10,16.0,5.0,ok,2026-04-23,19.4,19.0,20.41,18.86,7239183.0,-1.25,-2.71,10.47,0.09,1.1,0.47,6.45,17.14,-22.23,0.652,False,False,0.0
2026-04-23,300136,信维通信,12,15332.0,10jqka,post_close,2026-04-23 15:00:00,2026-04-15,4,1,96.0,84.0,ok,2026-04-23,79.69,83.41,83.5,76.8,1299699.0,4.89,7.21,19.5,0.987,1.13,6.21,14.72,22.66,-11.81,0.013,False,False,0.0
2026-04-23,600186,莲花控股,13,14036.0,10jqka,post_close,2026-04-23 15:00:00,2026-04-15,5,3,14.0,1.0,ok,2026-04-23,8.57,9.45,9.45,8.48,3245360.0,10.01,20.08,16.09,1.0,1.28,12.8,18.3,24.36,0.0,0.0,True,False,0.0
2026-04-23,300502,新易盛,14,13929.0,10jqka,post_close,2026-04-23 15:00:00,2026-04-10,8,2,23.0,9.0,ok,2026-04-23,619.0,608.28,627.8,600.99,401775.0,-2.32,4.34,13.17,0.272,1.06,2.01,9.18,19.38,-3.11,0.328,False,False,0.0
2026-04-23,000890,法尔胜,15,13320.0,10jqka,post_close,2026-04-23 15:00:00,2026-04-10,7,4,10.0,-5.0,ok,2026-04-23,16.25,16.76,16.76,15.78,1161558.0,9.97,23.69,35.27,1.0,1.41,15.51,22.19,15.73,-4.83,0.0,True,False,0.0
2026-04-23,603538,美诺华,16,13196.0,10jqka,post_close,2026-04-23 15:00:00,2026-04-10,10,10,74.0,58.0,ok,2026-04-23,50.91,55.55,55.55,49.88,624543.0,10.0,8.05,-0.8,1.0,1.09,5.81,6.29,19.26,-3.04,0.0,True,False,0.0
2026-04-23,002008,大族激光,17,13085.0,10jqka,post_close,2026-04-23 15:00:00,2026-04-14,4,1,71.0,54.0,ok,2026-04-23,95.0,103.6,103.6,93.56,651194.0,10.0,16.17,19.53,1.0,1.38,10.84,19.38,36.41,0.0,0.0,True,False,0.0
2026-04-23,600821,金开新能,18,13028.0,10jqka,post_close,2026-04-23 15:00:00,2026-04-15,7,7,76.0,58.0,ok,2026-04-23,9.19,9.58,9.89,8.95,4148719.0,5.97,2.02,8.13,0.67,1.2,3.66,8.21,8.43,-21.48,0.33,False,False,0.0
2026-04-23,600105,永鼎股份,19,12825.0,10jqka,post_close,2026-04-23 15:00:00,2026-04-10,10,10,9.0,-10.0,ok,2026-04-23,48.1,48.5,50.07,47.2,2308499.0,6.52,16.03,22.88,0.453,1.47,10.97,18.43,37.44,-3.14,0.547,False,False,0.0
2026-04-23,000539,粤电力A,20,12449.0,10jqka,post_close,2026-04-23 15:00:00,2026-04-21,2,1,39.0,19.0,ok,2026-04-23,6.42,7.15,7.21,6.22,2998444.0,9.16,23.06,28.14,0.939,2.43,13.1,20.7,20.06,-12.16,0.061,False,False,0.0
2026-04-23,600986,浙文互联,21,11723.0,10jqka,post_close,2026-04-23 15:00:00,2026-04-16,3,1,98.0,77.0,ok,2026-04-23,11.33,12.13,12.13,11.22,3025537.0,9.97,7.35,10.47,1.0,1.55,7.92,11.51,18.11,-26.4,0.0,True,False,0.0
2026-04-23,600703,三安光电,22,11356.0,10jqka,post_close,2026-04-23 15:00:00,2026-04-10,7,5,12.0,-10.0,ok,2026-04-23,15.9,15.51,16.06,15.19,5422642.0,3.82,13.63,27.86,0.368,1.81,9.19,17.59,22.91,-17.37,0.184,False,False,0.0
2026-04-23,603618,杭电股份,23,11065.0,10jqka,post_close,2026-04-23 15:00:00,2026-04-21,3,3,41.0,18.0,ok,2026-04-23,28.86,31.41,31.41,28.75,1022903.0,10.02,23.47,37.64,1.0,1.17,15.93,25.71,22.08,0.0,0.0,True,False,0.0
2026-04-23,002015,协鑫能科,24,11007.0,10jqka,post_close,2026-04-23 15:00:00,2026-04-15,7,7,47.0,23.0,ok,2026-04-23,20.2,20.68,21.6,19.21,2301496.0,4.08,7.93,12.27,0.615,1.16,6.43,11.25,15.71,-10.05,0.385,False,False,0.0
2026-04-23,000559,万向钱潮,25,10727.0,10jqka,post_close,2026-04-23 15:00:00,2026-04-10,3,1,88.0,63.0,ok,2026-04-23,17.16,17.98,18.78,16.53,2004231.0,4.84,8.31,8.71,0.644,1.86,5.41,7.64,12.26,-13.89,0.356,False,False,0.0
2026-04-23,601138,工业富联,26,10595.0,10jqka,post_close,2026-04-23 15:00:00,2026-04-10,10,10,2.0,-24.0,ok,2026-04-23,66.98,67.92,69.1,66.66,2777453.0,1.54,10.42,14.5,0.516,1.34,6.56,11.9,20.35,-1.71,0.484,False,False,0.0
2026-04-23,002281,光迅科技,27,10074.0,10jqka,post_close,2026-04-23 15:00:00,2026-04-10,8,5,5.0,-22.0,ok,2026-04-23,124.85,131.68,134.99,123.51,1102421.0,6.22,9.69,23.98,0.712,1.72,7.18,13.5,27.72,-2.45,0.288,False,False,0.0
2026-04-23,600103,青山纸业,28,9791.0,10jqka,post_close,2026-04-23 15:00:00,2026-04-10,7,5,11.0,-17.0,ok,2026-04-23,5.32,5.14,5.69,5.13,6620107.0,-6.55,8.67,26.6,0.018,1.37,3.34,14.25,28.39,-10.14,0.661,False,False,0.0
2026-04-23,001896,豫能控股,29,9696.0,10jqka,post_close,2026-04-23 15:00:00,2026-04-13,9,9,55.0,26.0,ok,2026-04-23,17.7,17.97,18.46,16.42,2346700.0,2.69,-4.36,5.33,0.76,1.05,1.59,9.07,18.79,-4.67,0.24,False,False,0.0
2026-04-23,002342,巨力索具,30,9598.0,10jqka,post_close,2026-04-23 15:00:00,2026-04-10,10,10,20.0,-10.0,ok,2026-04-23,19.63,18.96,20.25,18.68,2123627.0,-5.91,-2.62,2.43,0.178,0.78,-4.3,2.57,18.34,-11.48,0.395,False,False,0.0
2026-04-23,603629,利通电子,31,9563.0,10jqka,post_close,2026-04-23 15:00:00,2026-04-13,9,9,68.0,37.0,ok,2026-04-23,108.0,116.48,119.02,107.91,442525.0,7.65,8.58,21.52,0.771,0.95,8.13,22.91,45.47,-2.13,0.229,False,False,0.0
2026-04-23,300342,天银机电,32,9539.0,10jqka,post_close,2026-04-23 15:00:00,2026-04-20,4,4,38.0,6.0,ok,2026-04-23,68.0,72.33,75.5,66.89,864538.0,9.26,14.77,29.62,0.632,1.3,10.48,20.5,26.48,-4.2,0.368,False,False,0.0
2026-04-23,600736,苏州高新,33,9498.0,10jqka,post_close,2026-04-23 15:00:00,2026-04-21,3,3,48.0,15.0,ok,2026-04-23,8.37,8.37,8.37,8.37,301338.0,9.99,33.07,35.0,1.0,0.67,17.95,26.63,32.37,0.0,0.0,True,True,0.0
2026-04-23,002429,兆驰股份,34,9495.0,10jqka,post_close,2026-04-23 15:00:00,2026-04-23,1,1,,,ok,2026-04-23,12.0,13.1,13.1,11.91,3735538.0,9.99,19.53,28.81,1.0,2.58,13.66,20.11,26.93,0.0,0.0,True,False,0.0
2026-04-23,002384,东山精密,35,9398.0,10jqka,post_close,2026-04-23 15:00:00,2026-04-10,10,10,3.0,-32.0,ok,2026-04-23,192.0,186.66,194.0,183.98,1131449.0,0.17,18.89,24.81,0.267,1.16,8.33,17.16,38.52,-3.78,0.2,False,False,0.0
2026-04-23,603220,中贝通信,36,9352.0,10jqka,post_close,2026-04-23 15:00:00,2026-04-16,3,2,98.0,62.0,ok,2026-04-23,30.92,34.23,34.23,30.92,978155.0,9.99,10.85,7.2,1.0,1.27,8.36,13.88,22.59,0.0,0.0,True,False,0.0
2026-04-23,002428,云南锗业,37,9216.0,10jqka,post_close,2026-04-23 15:00:00,2026-04-14,6,5,22.0,-15.0,ok,2026-04-23,76.29,76.88,82.76,74.7,1667523.0,2.18,12.73,36.41,0.27,1.77,9.6,21.07,34.17,-7.1,0.73,False,False,0.0
2026-04-23,601899,紫金矿业,38,9074.0,10jqka,post_close,2026-04-23 15:00:00,2026-04-10,10,10,35.0,-3.0,ok,2026-04-23,35.56,34.4,35.56,34.14,3566449.0,-3.18,-1.21,-2.55,0.183,1.34,-1.79,-1.02,1.37,-23.45,0.0,False,False,0.0
2026-04-23,603308,应流股份,39,9024.0,10jqka,post_close,2026-04-23 15:00:00,2026-04-23,1,1,,,ok,2026-04-23,79.22,83.0,83.0,79.22,413136.0,10.01,16.1,20.29,1.0,1.89,11.64,16.54,22.97,0.0,0.0,True,False,0.0
2026-04-23,600118,中国卫星,40,9022.0,10jqka,post_close,2026-04-23 15:00:00,2026-04-20,4,4,58.0,18.0,ok,2026-04-23,96.3,102.0,105.0,96.16,1028968.0,4.53,7.91,19.31,0.661,1.37,6.2,13.86,21.02,-6.34,0.339,False,False,0.0
2026-04-23,002201,九鼎新材,41,8994.0,10jqka,post_close,2026-04-23 15:00:00,2026-04-21,3,3,31.0,-10.0,ok,2026-04-23,15.98,14.8,16.85,14.74,1897894.0,-3.39,16.9,20.82,0.028,2.18,7.36,14.98,22.26,-12.17,0.412,False,False,0.0
2026-04-23,600726,华电能源,42,8734.0,10jqka,post_close,2026-04-23 15:00:00,2026-04-23,1,1,,,ok,2026-04-23,4.85,5.27,5.27,4.85,3502379.0,10.02,15.07,14.07,1.0,1.54,10.81,10.53,0.77,-26.4,0.0,True,False,0.0
2026-04-23,600110,诺德股份,43,8573.0,10jqka,post_close,2026-04-23 15:00:00,2026-04-10,7,2,7.0,-36.0,ok,2026-04-23,10.55,9.27,10.6,9.27,2458188.0,-10.0,-7.3,-7.76,0.0,1.32,-6.46,-7.57,-3.4,-14.8,0.038,False,False,0.0
2026-04-23,002624,完美世界,44,8351.0,10jqka,post_close,2026-04-23 15:00:00,2026-04-16,2,1,79.0,35.0,ok,2026-04-23,20.01,19.02,20.15,18.2,1794610.0,-5.89,-5.61,-8.47,0.421,1.98,-4.98,-4.48,-2.2,-19.68,0.072,False,False,0.0
2026-04-23,603778,国晟科技,45,8345.0,10jqka,post_close,2026-04-23 15:00:00,2026-04-10,10,10,21.0,-24.0,ok,2026-04-23,26.8,26.54,27.1,25.27,998418.0,1.69,-0.52,0.53,0.694,0.81,0.1,-5.18,-4.71,-22.56,0.164,False,False,0.0
2026-04-23,600150,中国船舶,46,8281.0,10jqka,post_close,2026-04-23 15:00:00,2026-04-20,2,1,75.0,29.0,ok,2026-04-23,36.52,38.6,38.91,36.51,2419553.0,5.81,9.41,17.97,0.871,2.25,7.4,12.39,17.78,-2.15,0.129,False,False,0.0
2026-04-23,001267,汇绿生态,47,7963.0,10jqka,post_close,2026-04-23 15:00:00,2026-04-23,1,1,,,ok,2026-04-23,47.2,50.92,50.92,45.21,778859.0,10.0,17.52,22.58,1.0,1.21,10.73,15.33,20.68,0.0,0.0,True,False,0.0
2026-04-23,300067,安诺其,48,7937.0,10jqka,post_close,2026-04-23 15:00:00,2026-04-22,2,2,72.0,24.0,ok,2026-04-23,7.27,7.27,7.27,7.27,323665.0,19.97,72.68,73.51,1.0,1.79,36.3,50.61,54.07,0.0,0.0,True,True,0.0
2026-04-23,600415,小商品城,49,7799.0,10jqka,post_close,2026-04-23 15:00:00,2026-04-13,3,2,79.0,30.0,ok,2026-04-23,12.78,13.63,13.79,12.78,3290514.0,8.69,10.28,10.54,0.842,4.48,8.09,8.74,6.26,-22.91,0.158,False,False,0.0
2026-04-23,300456,赛微电子,50,7591.0,10jqka,post_close,2026-04-23 15:00:00,2026-04-22,2,2,39.0,-11.0,ok,2026-04-23,53.73,46.7,54.63,46.09,1437109.0,-18.33,-15.75,-10.5,0.071,1.97,-13.94,-12.58,-7.49,-20.28,0.105,False,False,0.0
2026-04-23,000727,冠捷科技,51,7488.0,10jqka,post_close,2026-04-23 15:00:00,2026-04-23,1,1,,,ok,2026-04-23,2.73,2.67,2.77,2.64,1146318.0,-2.55,-3.61,-2.2,0.231,1.14,-1.77,-2.13,-0.82,-7.29,0.308,False,False,0.0
2026-04-23,300590,移为通信,52,7488.0,10jqka,post_close,2026-04-23 15:00:00,2026-04-23,1,1,,,ok,2026-04-23,14.22,14.56,14.56,14.22,540025.0,20.03,21.43,22.56,1.0,12.83,16.48,20.12,24.01,0.0,0.0,True,False,0.0
2026-04-23,600522,中天科技,53,7387.0,10jqka,post_close,2026-04-23 15:00:00,2026-04-10,6,5,19.0,-34.0,ok,2026-04-23,34.0,34.07,35.04,33.2,2857762.0,-2.15,10.08,21.68,0.473,1.18,6.19,12.49,14.09,-2.77,0.527,False,False,0.0
2026-04-23,600052,东望时代,54,7364.0,10jqka,post_close,2026-04-23 15:00:00,2026-04-23,1,1,,,ok,2026-04-23,4.24,4.58,4.58,4.2,1004453.0,10.1,20.53,18.96,1.0,5.9,13.99,16.1,15.6,-8.22,0.0,True,False,0.0
2026-04-23,002837,英维克,55,7358.0,10jqka,post_close,2026-04-23 15:00:00,2026-04-10,9,5,4.0,-51.0,ok,2026-04-23,100.0,100.68,103.0,99.29,935120.0,-3.38,-16.85,-5.18,0.375,1.36,-7.73,-5.8,3.02,-17.3,0.625,False,False,0.0
2026-04-23,002263,大东南,56,7341.0,10jqka,post_close,2026-04-23 15:00:00,2026-04-10,8,1,69.0,13.0,ok,2026-04-23,4.89,4.37,4.92,4.35,3808736.0,-9.52,-14.81,-15.47,0.035,1.05,-10.19,-10.87,-6.19,-18.32,0.053,False,False,0.0
2026-04-23,002463,沪电股份,57,7223.0,10jqka,post_close,2026-04-23 15:00:00,2026-04-10,10,10,18.0,-39.0,ok,2026-04-23,105.03,106.62,109.26,103.27,991674.0,3.24,8.8,12.94,0.559,1.26,5.49,10.25,21.15,-2.42,0.441,False,False,0.0
2026-04-23,002475,立讯精密,58,7162.0,10jqka,post_close,2026-04-23 15:00:00,2026-04-10,10,10,45.0,-13.0,ok,2026-04-23,69.0,67.77,70.68,67.3,2322371.0,-0.38,3.1,12.11,0.139,0.95,3.61,8.92,20.39,-4.12,0.497,False,False,0.0
2026-04-23,003035,南网能源,59,7098.0,10jqka,post_close,2026-04-23 15:00:00,2026-04-23,1,1,,,ok,2026-04-23,8.5,9.18,9.2,8.28,2200540.0,8.64,14.89,17.24,0.978,1.99,10.36,14.74,16.89,-16.55,0.022,False,False,0.0
2026-04-23,600310,广西能源,60,6991.0,10jqka,post_close,2026-04-23 15:00:00,2026-04-23,1,1,,,ok,2026-04-23,4.79,5.28,5.28,4.67,2442178.0,10.0,14.29,19.73,1.0,1.93,10.51,14.21,4.95,-27.27,0.0,True,False,0.0
2026-04-23,601869,长飞光纤,61,6941.0,10jqka,post_close,2026-04-23 15:00:00,2026-04-10,9,2,30.0,-31.0,ok,2026-04-23,411.2,385.02,422.88,381.5,213286.0,-6.55,0.01,4.48,0.085,1.18,-0.23,2.0,9.39,-8.95,0.282,False,False,0.0
2026-04-23,600989,宝丰能源,62,6878.0,10jqka,post_close,2026-04-23 15:00:00,2026-04-23,1,1,,,ok,2026-04-23,27.78,28.36,28.66,27.28,1316850.0,2.24,3.65,2.24,0.783,1.53,2.42,0.09,-1.17,-22.28,0.217,False,False,0.0
2026-04-23,601179,中国西电,63,6870.0,10jqka,post_close,2026-04-23 15:00:00,2026-04-10,8,7,81.0,18.0,ok,2026-04-23,17.96,18.02,18.51,17.37,2774818.0,0.39,-1.1,3.33,0.57,1.08,0.93,4.46,9.77,-12.74,0.43,False,False,0.0
2026-04-23,002149,西部材料,64,6865.0,10jqka,post_close,2026-04-23 15:00:00,2026-04-14,7,5,66.0,2.0,ok,2026-04-23,63.98,64.33,66.91,61.81,1002818.0,0.36,6.72,19.93,0.494,1.08,5.51,16.28,23.64,-3.86,0.506,False,False,0.0
2026-04-23,600930,华电新能,65,6851.0,10jqka,post_close,2026-04-23 15:00:00,2026-04-23,1,1,,,ok,2026-04-23,6.1,6.39,6.49,6.07,4233464.0,5.27,5.97,5.97,0.762,3.24,4.34,5.06,2.97,-18.91,0.238,False,False,0.0
2026-04-23,000533,顺钠股份,66,6816.0,10jqka,post_close,2026-04-23 15:00:00,2026-04-15,6,4,51.0,-15.0,ok,2026-04-23,14.75,14.45,15.17,14.45,950438.0,-9.97,-9.57,-7.9,0.0,0.76,-7.28,-6.17,-3.49,-33.84,0.583,False,False,0.0
2026-04-23,002202,金风科技,67,6776.0,10jqka,post_close,2026-04-23 15:00:00,2026-04-10,10,10,73.0,6.0,ok,2026-04-23,26.45,25.7,26.49,25.44,1585717.0,-2.02,-3.35,2.84,0.248,0.83,-1.18,1.36,1.3,-22.82,0.038,False,False,0.0
2026-04-23,000537,绿发电力,68,6766.0,10jqka,post_close,2026-04-23 15:00:00,2026-04-23,1,1,,,ok,2026-04-23,10.89,11.65,11.65,10.85,1415796.0,10.01,13.88,15.69,1.0,2.65,10.05,13.4,13.0,-15.33,0.0,True,False,0.0
2026-04-23,600410,华胜天成,69,6674.0,10jqka,post_close,2026-04-23 15:00:00,2026-04-10,10,10,63.0,-6.0,ok,2026-04-23,28.43,27.52,28.94,27.41,1461953.0,-4.21,-5.07,-1.68,0.072,0.73,-3.15,-1.04,2.8,-19.79,0.333,False,False,0.0
2026-04-23,002418,康盛股份,70,6560.0,10jqka,post_close,2026-04-23 15:00:00,2026-04-10,9,5,32.0,-38.0,ok,2026-04-23,6.91,6.51,7.12,6.44,3870956.0,-3.41,-4.41,15.63,0.103,1.46,0.53,5.75,19.29,-8.57,0.309,False,False,0.0
2026-04-23,000938,紫光股份,71,6158.0,10jqka,post_close,2026-04-23 15:00:00,2026-04-14,3,2,34.0,-37.0,ok,2026-04-23,30.52,31.2,31.81,30.1,3196701.0,4.28,9.82,11.07,0.643,1.98,7.71,10.01,16.08,-1.92,0.357,False,False,0.0
2026-04-23,000815,美利云,72,6145.0,10jqka,post_close,2026-04-23 15:00:00,2026-04-13,8,1,81.0,9.0,ok,2026-04-23,20.86,20.37,21.7,20.25,1065380.0,-3.55,-7.2,-8.28,0.083,0.81,-3.85,-2.4,0.06,-11.82,0.579,False,False,0.0
2026-04-23,600666,奥瑞德,73,5985.0,10jqka,post_close,2026-04-23 15:00:00,2026-04-10,10,10,77.0,4.0,ok,2026-04-23,6.77,6.56,6.78,6.4,4213546.0,-3.81,-8.38,-4.23,0.421,0.67,-4.57,-1.58,2.91,-13.34,0.026,False,False,0.0
2026-04-23,300015,爱尔眼科,74,5939.0,10jqka,post_close,2026-04-23 15:00:00,2026-04-23,1,1,,,ok,2026-04-23,9.84,10.41,10.61,9.79,1941470.0,5.58,7.65,8.66,0.756,2.93,6.03,7.16,7.98,-10.57,0.244,False,False,0.0
2026-04-23,002594,比亚迪,75,5933.0,10jqka,post_close,2026-04-23 15:00:00,2026-04-10,8,1,67.0,-8.0,ok,2026-04-23,101.57,99.98,101.59,99.01,492164.0,-1.61,-2.85,-5.27,0.376,1.1,-1.95,-2.76,-2.43,-10.59,0.008,False,False,0.0
2026-04-23,601512,中新集团,76,5833.0,10jqka,post_close,2026-04-23 15:00:00,2026-04-23,1,1,,,ok,2026-04-23,10.5,11.35,11.35,10.5,382169.0,9.98,27.96,27.53,1.0,3.17,16.27,22.0,25.84,0.0,0.0,True,False,0.0
2026-04-23,603906,龙蟠科技,77,5833.0,10jqka,post_close,2026-04-23 15:00:00,2026-04-16,5,2,36.0,-41.0,ok,2026-04-23,28.62,30.45,31.4,27.95,1055290.0,6.39,11.5,21.56,0.725,1.28,10.02,19.69,28.48,-3.03,0.275,False,False,0.0
2026-04-23,002455,百川股份,78,5770.0,10jqka,post_close,2026-04-23 15:00:00,2026-04-23,1,1,,,ok,2026-04-23,12.27,11.19,12.27,11.15,2196925.0,0.36,-2.36,-6.36,0.036,3.92,-0.75,-4.38,-11.79,-34.75,0.0,False,False,0.0
2026-04-23,300613,富瀚微,79,5721.0,10jqka,post_close,2026-04-23 15:00:00,2026-04-23,1,1,,,ok,2026-04-23,45.9,46.73,47.0,45.6,72777.0,1.9,4.92,5.82,0.807,1.81,3.57,4.76,9.33,-13.72,0.193,False,False,0.0
2026-04-23,002217,合力泰,80,5687.0,10jqka,post_close,2026-04-23 15:00:00,2026-04-17,5,5,29.0,-51.0,ok,2026-04-23,2.9,2.77,2.97,2.72,7342358.0,-5.46,-6.1,13.52,0.2,1.15,-3.21,3.78,10.07,-13.44,0.28,False,False,0.0
2026-04-23,600330,天通股份,81,5677.0,10jqka,post_close,2026-04-23 15:00:00,2026-04-10,6,5,28.0,-53.0,ok,2026-04-23,26.98,25.6,27.53,25.51,2901803.0,-1.04,7.11,29.62,0.045,1.84,6.12,16.68,31.86,-7.01,0.272,False,False,0.0
2026-04-23,600699,均胜电子,82,5533.0,10jqka,post_close,2026-04-23 15:00:00,2026-04-21,2,1,16.0,-66.0,ok,2026-04-23,28.92,29.51,30.1,28.62,1079098.0,1.13,13.07,13.59,0.601,1.58,5.39,9.49,12.96,-7.06,0.399,False,False,0.0
2026-04-23,000988,华工科技,83,5490.0,10jqka,post_close,2026-04-23 15:00:00,2026-04-10,10,10,49.0,-34.0,ok,2026-04-23,121.93,117.65,123.5,116.0,1006280.0,-2.73,2.32,4.75,0.22,1.13,0.29,0.31,5.22,-16.8,0.209,False,False,0.0
2026-04-23,600744,华银电力,84,5467.0,10jqka,post_close,2026-04-23 15:00:00,2026-04-23,1,1,,,ok,2026-04-23,8.25,8.47,8.74,8.0,2518314.0,4.7,4.83,13.08,0.635,1.56,4.83,9.39,10.12,-13.31,0.365,False,False,0.0
2026-04-23,600519,贵州茅台,85,5464.0,10jqka,post_close,2026-04-23 15:00:00,2026-04-10,3,1,58.0,-27.0,ok,2026-04-23,1408.0,1419.0,1419.7,1405.1,37701.0,0.67,0.57,-3.0,0.952,0.91,0.52,-1.0,-1.34,-9.5,0.048,False,False,0.0
2026-04-23,002131,利欧股份,86,5454.0,10jqka,post_close,2026-04-23 15:00:00,2026-04-10,10,10,93.0,7.0,ok,2026-04-23,7.99,7.86,8.13,7.85,3978290.0,-1.5,-5.42,-2.36,0.036,0.76,-2.04,-1.93,0.5,-23.84,0.5,False,False,0.0
2026-04-23,000751,锌业股份,87,5406.0,10jqka,post_close,2026-04-23 15:00:00,2026-04-22,2,2,99.0,12.0,ok,2026-04-23,6.4,6.74,6.84,6.2,3192783.0,6.48,14.43,22.99,0.844,2.71,10.56,17.61,22.2,-13.81,0.156,False,False,0.0
2026-04-23,002413,雷科防务,88,5210.0,10jqka,post_close,2026-04-23 15:00:00,2026-04-20,3,2,69.0,-19.0,ok,2026-04-23,14.61,14.1,14.8,14.05,2026441.0,-5.69,0.14,3.75,0.067,1.19,-0.41,2.51,4.76,-19.43,0.253,False,False,0.0
2026-04-23,300750,宁德时代,89,5203.0,10jqka,post_close,2026-04-23 15:00:00,2026-04-10,10,10,62.0,-27.0,ok,2026-04-23,443.5,438.9,443.6,435.0,354310.0,0.58,3.13,-1.83,0.453,0.69,0.72,1.99,6.7,-3.13,0.012,False,False,0.0
2026-04-23,603601,再升科技,90,5202.0,10jqka,post_close,2026-04-23 15:00:00,2026-04-13,8,7,27.0,-63.0,ok,2026-04-23,15.05,15.15,15.95,14.8,2193242.0,-4.24,-2.7,0.8,0.304,0.86,-2.35,2.26,4.71,-9.01,0.696,False,False,0.0
2026-04-23,600875,东方电气,91,5160.0,10jqka,post_close,2026-04-23 15:00:00,2026-04-10,3,1,52.0,-39.0,ok,2026-04-23,43.98,43.82,45.25,42.61,1402000.0,3.81,3.08,4.23,0.458,1.35,3.22,6.7,12.61,-3.44,0.481,False,False,0.0
2026-04-23,003018,金富科技,92,5156.0,10jqka,post_close,2026-04-23 15:00:00,2026-04-21,3,3,65.0,-27.0,ok,2026-04-23,55.0,54.77,57.42,52.02,266435.0,4.92,26.96,53.63,0.509,1.67,15.66,32.58,54.43,-4.62,0.448,False,False,0.0
2026-04-23,600032,浙江新能,93,5130.0,10jqka,post_close,2026-04-23 15:00:00,2026-04-21,2,1,41.0,-52.0,ok,2026-04-23,11.28,12.04,12.4,10.75,1603621.0,6.08,21.99,22.36,0.782,1.64,11.75,18.2,19.15,-14.61,0.218,False,False,0.0
2026-04-23,002491,通鼎互联,94,5129.0,10jqka,post_close,2026-04-23 15:00:00,2026-04-10,9,7,100.0,6.0,ok,2026-04-23,17.01,16.83,18.2,16.83,2032096.0,-2.26,1.14,7.75,0.0,0.97,1.91,7.27,18.31,-7.53,0.869,False,False,0.0
2026-04-23,002490,山东墨龙,95,5075.0,10jqka,post_close,2026-04-23 15:00:00,2026-04-23,1,1,,,ok,2026-04-23,8.99,9.77,9.77,8.83,856564.0,10.02,10.02,11.02,1.0,2.14,7.91,7.2,4.0,-32.71,0.0,True,False,0.0
2026-04-23,002560,通达股份,96,5066.0,10jqka,post_close,2026-04-23 15:00:00,2026-04-10,9,1,37.0,-59.0,ok,2026-04-23,13.63,14.27,14.64,13.63,1230631.0,3.11,-6.55,2.59,0.634,0.9,-0.13,1.17,10.4,-13.41,0.366,False,False,0.0
2026-04-23,603444,吉比特,97,5049.0,10jqka,post_close,2026-04-23 15:00:00,2026-04-23,1,1,,,ok,2026-04-23,388.0,387.7,392.98,382.56,24934.0,0.31,-0.18,0.33,0.493,0.94,0.46,2.3,4.26,-20.88,0.478,False,False,0.0
2026-04-23,603017,中衡设计,98,4985.0,10jqka,post_close,2026-04-23 15:00:00,2026-04-21,2,1,50.0,-48.0,ok,2026-04-23,14.53,16.46,16.46,14.53,406713.0,10.03,15.83,28.39,1.0,1.71,10.95,17.27,13.35,-8.3,0.0,True,False,0.0
2026-04-23,300394,天孚通信,99,4947.0,10jqka,post_close,2026-04-23 15:00:00,2026-04-15,5,3,82.0,-17.0,ok,2026-04-23,375.6,350.09,378.0,343.5,557550.0,-6.74,-6.52,-1.54,0.191,1.15,-4.47,-2.05,2.57,-9.99,0.07,False,False,0.0
2026-04-23,000547,航天发展,100,4934.0,10jqka,post_close,2026-04-23 15:00:00,2026-04-14,6,1,92.0,-8.0,ok,2026-04-23,27.0,26.22,27.14,26.2,1437731.0,-3.6,-8.8,-4.31,0.021,0.64,-4.42,-3.71,-3.94,-24.31,0.149,False,False,0.0
2026-04-24,688808,联讯仪器,1,27628.0,10jqka,post_close,2026-04-24 15:00:00,2026-04-24,1,1,,,ok,2026-04-24,736.92,799.0,859.88,688.99,15178530.0,,,,0.644,,0.0,0.0,0.0,-7.08,0.356,False,False,0.0
2026-04-24,300502,新易盛,2,22949.0,10jqka,post_close,2026-04-24 15:00:00,2026-04-10,9,3,14.0,12.0,ok,2026-04-24,552.76,537.27,566.66,528.01,913871.0,-11.67,-7.13,-8.78,0.24,2.43,-8.31,-3.82,4.62,-14.42,0.36,False,False,0.0
2026-04-24,002361,神剑股份,3,22415.0,10jqka,post_close,2026-04-24 15:00:00,2026-04-10,11,11,3.0,0.0,ok,2026-04-24,22.77,21.46,23.39,21.2,3219717.0,-6.66,-5.42,14.45,0.119,0.95,-3.7,6.49,18.69,-10.4,0.283,False,False,0.0
2026-04-24,600396,华电辽能,4,19353.0,10jqka,post_close,2026-04-24 15:00:00,2026-04-10,11,11,1.0,-3.0,ok,2026-04-24,9.65,9.2,10.8,9.11,4355970.0,-6.41,13.16,28.85,0.053,1.49,5.77,13.16,16.71,-14.81,0.68,False,False,0.0
2026-04-24,002565,顺灏股份,5,18356.0,10jqka,post_close,2026-04-24 15:00:00,2026-04-14,9,9,6.0,1.0,ok,2026-04-24,19.55,19.8,20.9,17.9,3190900.0,0.2,-11.29,4.65,0.633,1.23,-4.92,3.01,11.5,-13.88,0.367,False,False,0.0
2026-04-24,601778,晶科科技,6,17829.0,10jqka,post_close,2026-04-24 15:00:00,2026-04-14,9,9,2.0,-4.0,ok,2026-04-24,7.54,7.17,7.88,7.14,10166424.0,-0.28,12.91,3.76,0.041,1.22,6.19,10.49,24.57,-9.01,0.459,False,False,0.0
2026-04-24,002407,多氟多,7,16436.0,10jqka,post_close,2026-04-24 15:00:00,2026-04-14,3,1,32.0,25.0,ok,2026-04-24,30.54,33.04,33.04,30.15,1992115.0,9.99,3.41,10.1,1.0,1.91,5.18,7.71,12.74,0.0,0.0,True,False,0.0
2026-04-24,600522,中天科技,8,15990.0,10jqka,post_close,2026-04-24 15:00:00,2026-04-10,7,6,53.0,45.0,ok,2026-04-24,34.0,33.21,34.5,32.58,2099211.0,-2.52,2.37,18.02,0.328,0.77,0.34,8.43,10.02,-5.22,0.26,False,False,0.0
2026-04-24,002342,巨力索具,9,15889.0,10jqka,post_close,2026-04-24 15:00:00,2026-04-10,11,11,30.0,21.0,ok,2026-04-24,18.78,19.05,20.21,18.11,2588408.0,0.47,-11.06,-0.05,0.448,1.01,-3.84,1.11,16.43,-11.06,0.552,False,False,0.0
2026-04-24,600487,亨通光电,10,15526.0,10jqka,post_close,2026-04-24 15:00:00,2026-04-10,11,11,8.0,-2.0,ok,2026-04-24,68.0,69.54,71.3,66.55,2212030.0,0.03,16.29,24.96,0.629,1.01,6.81,17.35,21.55,-2.47,0.371,False,False,0.0
2026-04-24,002081,金螳螂,11,14970.0,10jqka,post_close,2026-04-24 15:00:00,2026-04-20,5,5,5.0,-6.0,ok,2026-04-24,5.45,4.89,5.46,4.89,4835213.0,-9.94,8.91,31.81,0.0,3.11,2.6,19.3,31.29,-10.44,0.018,False,False,0.0
2026-04-24,002580,圣阳股份,12,14019.0,10jqka,post_close,2026-04-24 15:00:00,2026-04-10,11,11,4.0,-8.0,ok,2026-04-24,26.7,27.7,28.34,25.86,1456544.0,2.71,-6.73,-9.42,0.742,1.26,-3.89,1.99,25.82,-17.66,0.258,False,False,0.0
2026-04-24,600736,苏州高新,13,13298.0,10jqka,post_close,2026-04-24 15:00:00,2026-04-21,4,4,33.0,20.0,ok,2026-04-24,9.2,8.5,9.21,8.5,3224062.0,1.55,22.83,35.14,0.0,6.64,12.76,23.96,31.9,-7.71,0.014,False,False,0.0
2026-04-24,002466,天齐锂业,14,12730.0,10jqka,post_close,2026-04-24 15:00:00,2026-04-13,4,1,29.0,15.0,ok,2026-04-24,67.9,73.7,74.77,67.6,1351006.0,8.43,4.23,10.58,0.851,1.5,5.31,9.95,18.84,-1.43,0.149,False,False,0.0
2026-04-24,603993,洛阳钼业,15,12535.0,10jqka,post_close,2026-04-24 15:00:00,2026-04-15,2,1,81.0,66.0,ok,2026-04-24,19.08,19.37,19.49,18.87,1819807.0,0.05,-3.54,-4.25,0.806,0.93,-2.31,-2.2,2.35,-32.7,0.194,False,False,0.0
2026-04-24,002624,完美世界,16,12213.0,10jqka,post_close,2026-04-24 15:00:00,2026-04-16,3,2,44.0,28.0,ok,2026-04-24,18.16,17.12,18.29,17.12,1278643.0,-9.99,-14.4,-17.29,0.0,1.25,-11.3,-12.74,-11.74,-27.7,0.111,False,False,0.0
2026-04-24,600726,华电能源,17,11500.0,10jqka,post_close,2026-04-24 15:00:00,2026-04-23,2,2,42.0,25.0,ok,2026-04-24,5.53,5.8,5.8,5.43,4986486.0,10.06,24.73,29.18,1.0,1.9,15.58,19.02,11.95,-18.99,0.0,True,False,0.0
2026-04-24,002149,西部材料,18,11446.0,10jqka,post_close,2026-04-24 15:00:00,2026-04-14,8,6,64.0,46.0,ok,2026-04-24,62.67,57.9,63.0,57.9,993395.0,-10.0,-5.59,5.66,0.0,1.04,-5.99,2.39,10.1,-13.47,0.065,False,False,0.0
2026-04-24,002297,博云新材,19,11090.0,10jqka,post_close,2026-04-24 15:00:00,2026-04-10,10,7,7.0,-12.0,ok,2026-04-24,21.57,22.3,22.45,21.27,1627388.0,0.27,17.43,26.06,0.873,0.96,7.96,25.96,55.73,-0.67,0.127,False,False,0.0
2026-04-24,000062,深圳华强,20,10265.0,10jqka,post_close,2026-04-24 15:00:00,2026-04-22,2,1,43.0,23.0,ok,2026-04-24,30.71,34.24,34.24,30.35,1121346.0,10.03,15.4,15.44,1.0,1.51,7.78,13.31,20.55,0.0,0.0,True,False,0.0
2026-04-24,002709,天赐材料,21,10154.0,10jqka,post_close,2026-04-24 15:00:00,2026-04-10,8,1,92.0,71.0,ok,2026-04-24,49.12,52.74,53.92,48.3,1553982.0,7.39,-0.09,8.76,0.79,1.25,2.85,6.01,11.22,-2.33,0.21,False,False,0.0
2026-04-24,300308,中际旭创,22,10049.0,10jqka,post_close,2026-04-24 15:00:00,2026-04-10,11,11,10.0,-12.0,ok,2026-04-24,899.25,885.99,914.0,853.53,383884.0,-1.23,2.44,4.23,0.537,1.26,1.04,6.31,21.28,-3.7,0.244,False,False,0.0
2026-04-24,300058,蓝色光标,23,9920.0,10jqka,post_close,2026-04-24 15:00:00,2026-04-10,11,11,11.0,-12.0,ok,2026-04-24,18.08,17.4,18.37,17.25,6485773.0,-8.42,-7.4,-3.33,0.134,0.95,-7.41,-3.01,6.18,-28.78,0.259,False,False,0.0
2026-04-24,002261,拓维信息,24,9551.0,10jqka,post_close,2026-04-24 15:00:00,2026-04-15,5,1,37.0,13.0,ok,2026-04-24,37.83,39.48,40.66,36.94,2178066.0,3.3,9.21,4.83,0.683,1.62,3.92,5.67,9.44,-10.39,0.317,False,False,0.0
2026-04-24,002812,恩捷股份,25,9456.0,10jqka,post_close,2026-04-24 15:00:00,2026-04-14,4,1,6.0,-19.0,ok,2026-04-24,70.5,77.18,77.18,70.1,659558.0,10.01,1.77,7.69,1.0,1.57,4.28,6.98,9.79,-0.77,0.0,True,False,0.0
2026-04-24,601138,工业富联,26,9238.0,10jqka,post_close,2026-04-24 15:00:00,2026-04-10,11,11,26.0,0.0,ok,2026-04-24,66.57,65.01,67.21,63.67,2646640.0,-4.28,5.86,6.63,0.379,1.17,0.72,5.63,13.66,-5.92,0.181,False,False,0.0
2026-04-24,002015,协鑫能科,27,8910.0,10jqka,post_close,2026-04-24 15:00:00,2026-04-15,8,8,24.0,-3.0,ok,2026-04-24,20.06,19.51,20.88,19.5,1575818.0,-5.66,3.17,5.29,0.007,0.77,-0.59,3.75,8.89,-15.14,0.594,False,False,0.0
2026-04-24,603906,龙蟠科技,28,8905.0,10jqka,post_close,2026-04-24 15:00:00,2026-04-16,6,3,77.0,49.0,ok,2026-04-24,30.44,32.56,33.25,29.5,911552.0,6.93,25.13,25.28,0.816,0.92,12.31,22.93,34.09,-2.08,0.184,False,False,0.0
2026-04-24,600105,永鼎股份,29,8678.0,10jqka,post_close,2026-04-24 15:00:00,2026-04-10,11,11,19.0,-10.0,ok,2026-04-24,48.5,49.01,51.0,47.55,1957770.0,1.05,18.41,18.67,0.423,1.2,8.32,16.57,34.39,-3.9,0.577,False,False,0.0
2026-04-24,600986,浙文互联,30,8613.0,10jqka,post_close,2026-04-24 15:00:00,2026-04-16,4,2,21.0,-9.0,ok,2026-04-24,11.7,12.3,12.99,11.52,4490591.0,1.4,12.23,14.1,0.531,2.26,6.55,11.07,18.18,-25.36,0.469,False,False,0.0
2026-04-24,688268,华特气体,31,8403.0,10jqka,post_close,2026-04-24 15:00:00,2026-04-24,1,1,,,ok,2026-04-24,157.11,176.8,176.8,157.11,15533475.0,20.0,48.52,94.59,1.0,1.09,29.95,52.28,64.8,0.0,0.0,True,False,0.0
2026-04-24,603538,美诺华,32,8362.0,10jqka,post_close,2026-04-24 15:00:00,2026-04-10,11,11,16.0,-16.0,ok,2026-04-24,55.0,57.58,59.4,54.1,593760.0,3.65,9.61,9.68,0.657,1.05,7.6,8.52,20.77,-3.06,0.343,False,False,0.0
2026-04-24,002240,盛新锂能,33,8346.0,10jqka,post_close,2026-04-24 15:00:00,2026-04-14,3,1,99.0,66.0,ok,2026-04-24,46.01,50.93,50.93,46.01,650045.0,10.0,5.12,1.25,1.0,1.18,4.63,5.43,15.26,-1.05,0.0,True,False,0.0
2026-04-24,600206,有研新材,34,8118.0,10jqka,post_close,2026-04-24 15:00:00,2026-04-20,3,1,94.0,60.0,ok,2026-04-24,25.73,26.62,27.17,25.26,997848.0,2.58,6.99,14.3,0.712,1.1,2.49,9.57,18.01,-3.34,0.288,False,False,0.0
2026-04-24,600519,贵州茅台,35,8008.0,10jqka,post_close,2026-04-24 15:00:00,2026-04-10,4,2,85.0,50.0,ok,2026-04-24,1413.1,1458.49,1458.88,1413.1,55455.0,2.78,3.29,3.64,0.991,1.26,2.57,1.72,1.2,-6.98,0.009,False,False,0.0
2026-04-24,603778,国晟科技,36,7999.0,10jqka,post_close,2026-04-24 15:00:00,2026-04-10,11,11,45.0,9.0,ok,2026-04-24,26.18,26.53,27.68,25.6,788610.0,-0.04,-8.52,9.4,0.447,0.73,-1.63,-3.6,-5.5,-22.59,0.553,False,False,0.0
2026-04-24,002131,利欧股份,37,7900.0,10jqka,post_close,2026-04-24 15:00:00,2026-04-10,11,11,86.0,49.0,ok,2026-04-24,7.3,7.37,7.45,7.1,6096136.0,-6.23,-7.99,-7.41,0.771,1.23,-6.78,-7.33,-5.68,-28.59,0.229,False,False,0.0
2026-04-24,002384,东山精密,38,7895.0,10jqka,post_close,2026-04-24 15:00:00,2026-04-10,11,11,35.0,-3.0,ok,2026-04-24,193.5,187.9,196.0,179.01,1179788.0,0.66,10.92,15.92,0.523,1.13,5.88,14.74,35.24,-4.13,0.147,False,False,0.0
2026-04-24,601016,节能风电,39,7815.0,10jqka,post_close,2026-04-24 15:00:00,2026-04-23,2,2,9.0,-30.0,ok,2026-04-24,4.53,4.48,4.75,4.46,10490166.0,0.0,7.43,10.34,0.069,2.33,5.16,7.8,7.18,-21.82,0.759,False,False,0.0
2026-04-24,603318,水发燃气,40,7771.0,10jqka,post_close,2026-04-24 15:00:00,2026-04-24,1,1,,,ok,2026-04-24,11.39,11.39,11.39,11.39,161384.0,10.05,33.22,47.92,1.0,0.32,18.23,31.18,37.9,0.0,0.0,True,True,0.0
2026-04-24,600633,浙数文化,41,7650.0,10jqka,post_close,2026-04-24 15:00:00,2026-04-24,1,1,,,ok,2026-04-24,13.6,15.09,15.09,13.45,1504701.0,9.99,16.98,16.35,1.0,4.44,11.35,14.39,18.19,-9.53,0.0,True,False,0.0
2026-04-24,300390,天华新能,42,7448.0,10jqka,post_close,2026-04-24 15:00:00,2026-04-10,6,1,70.0,28.0,ok,2026-04-24,80.3,91.0,92.78,79.58,977972.0,13.65,6.05,3.66,0.865,1.54,6.22,8.33,25.94,-1.92,0.135,True,False,0.0
2026-04-24,600703,三安光电,43,7385.0,10jqka,post_close,2026-04-24 15:00:00,2026-04-10,8,6,22.0,-21.0,ok,2026-04-24,15.35,15.11,15.94,15.0,3553455.0,-2.58,11.27,13.27,0.117,0.94,3.79,11.87,18.71,-19.5,0.628,False,False,0.0
2026-04-24,002202,金风科技,44,7375.0,10jqka,post_close,2026-04-24 15:00:00,2026-04-10,11,11,67.0,23.0,ok,2026-04-24,25.66,25.48,26.2,25.25,1582156.0,-0.86,-2.49,0.35,0.242,0.83,-2.1,-0.07,0.96,-23.48,0.568,False,False,0.0
2026-04-24,600126,杭钢股份,45,7355.0,10jqka,post_close,2026-04-24 15:00:00,2026-04-22,2,1,44.0,-1.0,ok,2026-04-24,10.39,10.48,11.22,10.06,3895509.0,0.48,12.33,5.22,0.362,1.75,4.28,6.5,12.83,-6.6,0.638,False,False,0.0
2026-04-24,600821,金开新能,46,7122.0,10jqka,post_close,2026-04-24 15:00:00,2026-04-15,8,8,18.0,-28.0,ok,2026-04-24,9.39,8.88,9.5,8.87,2839109.0,-7.31,-2.63,-2.2,0.016,0.81,-3.5,-0.69,1.4,-27.21,0.175,False,False,0.0
2026-04-24,000925,众合科技,47,7033.0,10jqka,post_close,2026-04-24 15:00:00,2026-04-24,1,1,,,ok,2026-04-24,9.09,9.2,9.2,9.07,416171.0,10.05,23.99,25.0,1.0,1.31,14.77,20.61,24.75,-3.66,0.0,True,False,0.0
2026-04-24,001896,豫能控股,48,6945.0,10jqka,post_close,2026-04-24 15:00:00,2026-04-13,10,10,29.0,-19.0,ok,2026-04-24,17.49,16.75,17.89,16.5,1673876.0,-6.79,-2.05,-1.93,0.18,0.74,-4.95,-0.47,10.1,-11.14,0.288,False,False,0.0
2026-04-24,603687,大胜达,49,6783.0,10jqka,post_close,2026-04-24 15:00:00,2026-04-16,6,1,89.0,40.0,ok,2026-04-24,17.71,16.7,17.82,16.7,953506.0,-10.02,-14.58,-13.25,0.0,0.89,-9.72,-8.75,-3.41,-19.71,0.098,False,False,0.0
2026-04-24,002176,江特电机,50,6776.0,10jqka,post_close,2026-04-24 15:00:00,2026-04-24,1,1,,,ok,2026-04-24,12.26,13.62,13.62,12.19,1795378.0,10.02,16.31,22.48,1.0,1.15,11.06,16.58,23.39,0.0,0.0,True,False,0.0
2026-04-24,300067,安诺其,51,6765.0,10jqka,post_close,2026-04-24 15:00:00,2026-04-22,3,3,48.0,-3.0,ok,2026-04-24,7.35,6.67,7.6,6.66,3686281.0,-8.25,32.08,63.48,0.011,18.74,13.98,31.95,38.71,-12.24,0.266,False,False,0.0
2026-04-24,605299,舒华体育,52,6729.0,10jqka,post_close,2026-04-24 15:00:00,2026-04-10,2,1,85.0,33.0,ok,2026-04-24,19.54,20.73,21.6,19.41,594119.0,5.66,-1.47,12.3,0.603,1.5,1.23,6.46,2.51,-12.83,0.397,False,False,0.0
2026-04-24,002460,赣锋锂业,53,6662.0,10jqka,post_close,2026-04-24 15:00:00,2026-04-10,7,1,100.0,47.0,ok,2026-04-24,79.95,84.99,86.26,79.87,970755.0,6.4,1.96,1.11,0.801,1.34,2.85,1.46,3.72,-3.94,0.199,False,False,0.0
2026-04-24,601899,紫金矿业,54,6400.0,10jqka,post_close,2026-04-24 15:00:00,2026-04-10,11,11,38.0,-16.0,ok,2026-04-24,34.02,34.31,34.42,33.53,2577934.0,-0.26,-3.79,-1.21,0.876,0.87,-1.81,-1.44,0.77,-23.65,0.124,False,False,0.0
2026-04-24,002990,盛视科技,55,6233.0,10jqka,post_close,2026-04-24 15:00:00,2026-04-14,6,1,70.0,15.0,ok,2026-04-24,49.16,54.11,54.11,48.7,216224.0,10.0,19.84,6.2,1.0,0.8,9.99,18.03,40.74,0.0,0.0,True,False,0.0
2026-04-24,600186,莲花控股,56,6048.0,10jqka,post_close,2026-04-24 15:00:00,2026-04-15,6,4,13.0,-43.0,ok,2026-04-24,9.58,9.14,9.8,8.91,3997188.0,-3.28,12.98,15.84,0.258,1.58,5.93,12.02,18.63,-6.73,0.247,False,False,0.0
2026-04-24,600488,津药药业,57,6008.0,10jqka,post_close,2026-04-24 15:00:00,2026-04-10,6,1,56.0,-1.0,ok,2026-04-24,6.43,6.12,6.99,6.07,1955461.0,-9.2,-3.01,0.99,0.054,1.24,-4.79,-3.56,-2.38,-27.49,0.609,False,False,0.0
2026-04-24,300475,香农芯创,58,6005.0,10jqka,post_close,2026-04-24 15:00:00,2026-04-24,1,1,,,ok,2026-04-24,160.0,162.05,172.14,158.51,660893.0,3.62,0.76,1.84,0.26,2.02,0.6,2.19,10.29,-9.95,0.74,False,False,0.0
2026-04-24,600410,华胜天成,59,5976.0,10jqka,post_close,2026-04-24 15:00:00,2026-04-10,11,11,69.0,10.0,ok,2026-04-24,27.12,27.19,28.38,26.01,1713385.0,-1.2,-2.54,-6.05,0.498,0.91,-3.12,-2.27,1.07,-20.75,0.502,False,False,0.0
2026-04-24,000890,法尔胜,60,5884.0,10jqka,post_close,2026-04-24 15:00:00,2026-04-10,8,5,15.0,-45.0,ok,2026-04-24,16.63,16.24,17.48,15.65,1093560.0,-3.1,11.31,30.86,0.322,1.19,6.31,16.68,10.62,-7.78,0.464,False,False,0.0
2026-04-24,002837,英维克,61,5873.0,10jqka,post_close,2026-04-24 15:00:00,2026-04-10,10,6,55.0,-6.0,ok,2026-04-24,99.14,95.21,99.97,94.0,690246.0,-5.43,-12.63,-13.97,0.203,0.86,-10.2,-10.6,-2.56,-21.79,0.139,False,False,0.0
2026-04-24,002428,云南锗业,62,5838.0,10jqka,post_close,2026-04-24 15:00:00,2026-04-14,7,6,37.0,-25.0,ok,2026-04-24,76.07,77.12,81.3,73.4,1371497.0,0.31,12.75,24.39,0.471,1.2,5.4,17.68,31.1,-6.81,0.529,False,False,0.0
2026-04-24,300750,宁德时代,63,5809.0,10jqka,post_close,2026-04-24 15:00:00,2026-04-10,11,11,89.0,26.0,ok,2026-04-24,442.0,444.9,448.45,438.0,395425.0,1.37,0.96,1.74,0.66,0.86,1.74,2.54,7.52,-1.81,0.34,False,False,0.0
2026-04-24,300136,信维通信,64,5799.0,10jqka,post_close,2026-04-24 15:00:00,2026-04-15,5,2,12.0,-52.0,ok,2026-04-24,83.0,81.3,87.98,81.18,1494663.0,-2.53,5.53,8.53,0.018,1.19,1.86,9.22,18.08,-14.04,0.732,False,False,0.0
2026-04-24,000889,中嘉博创,65,5793.0,10jqka,post_close,2026-04-24 15:00:00,2026-04-10,8,1,46.0,-19.0,ok,2026-04-24,4.35,4.79,4.79,4.25,2455425.0,10.11,2.79,-9.45,1.0,1.13,1.66,2.31,16.66,-12.11,0.0,True,False,0.0
2026-04-24,600666,奥瑞德,66,5780.0,10jqka,post_close,2026-04-24 15:00:00,2026-04-10,11,11,73.0,7.0,ok,2026-04-24,6.44,5.99,6.46,5.9,4370152.0,-8.69,-11.13,-15.51,0.161,0.73,-9.98,-9.71,-6.37,-20.87,0.036,False,False,0.0
2026-04-24,300017,网宿科技,67,5772.0,10jqka,post_close,2026-04-24 15:00:00,2026-04-14,2,1,17.0,-50.0,ok,2026-04-24,18.53,17.8,18.6,16.8,3496109.0,-5.82,-1.0,-5.82,0.556,1.41,-3.75,-4.09,-0.68,-26.14,0.039,False,False,0.0
2026-04-24,603738,泰晶科技,68,5730.0,10jqka,post_close,2026-04-24 15:00:00,2026-04-17,4,1,54.0,-14.0,ok,2026-04-24,37.3,39.81,40.7,37.25,927225.0,7.59,14.83,31.95,0.742,1.38,11.5,24.67,38.22,-2.19,0.258,False,False,0.0
2026-04-24,002429,兆驰股份,69,5697.0,10jqka,post_close,2026-04-24 15:00:00,2026-04-23,2,2,34.0,-35.0,ok,2026-04-24,11.79,11.79,11.79,11.79,546815.0,-10.0,7.28,10.5,1.0,0.27,0.34,6.56,13.06,-10.0,,False,False,0.0
2026-04-24,002475,立讯精密,70,5694.0,10jqka,post_close,2026-04-24 15:00:00,2026-04-10,11,11,58.0,-12.0,ok,2026-04-24,67.51,66.0,67.8,64.37,2622791.0,-2.61,0.38,10.46,0.475,1.04,-0.98,4.76,15.62,-6.62,0.085,False,False,0.0
2026-04-24,000066,中国长城,71,5646.0,10jqka,post_close,2026-04-24 15:00:00,2026-04-24,1,1,,,ok,2026-04-24,17.36,16.45,17.65,16.45,2987313.0,1.61,6.75,4.64,0.0,2.65,3.45,4.48,7.94,-16.07,0.242,False,False,0.0
2026-04-24,603629,利通电子,72,5497.0,10jqka,post_close,2026-04-24 15:00:00,2026-04-13,10,10,31.0,-41.0,ok,2026-04-24,111.68,109.42,116.1,105.0,438185.0,-6.06,8.13,3.77,0.398,0.99,0.83,11.15,33.05,-8.07,0.398,False,False,0.0
2026-04-24,300027,华谊兄弟,73,5493.0,10jqka,post_close,2026-04-24 15:00:00,2026-04-16,2,1,59.0,-14.0,ok,2026-04-24,1.95,1.77,1.97,1.77,2748148.0,-10.15,-7.33,-15.31,0.0,0.88,-6.55,-6.05,2.88,-26.25,0.1,False,False,0.0
2026-04-24,000973,佛塑科技,74,5488.0,10jqka,post_close,2026-04-24 15:00:00,2026-04-14,4,1,86.0,12.0,ok,2026-04-24,17.1,18.99,18.99,16.8,1002584.0,10.02,6.87,3.09,1.0,1.21,5.18,4.15,4.52,-8.31,0.0,True,False,0.0
2026-04-24,601179,中国西电,75,5429.0,10jqka,post_close,2026-04-24 15:00:00,2026-04-10,9,8,63.0,-12.0,ok,2026-04-24,17.71,17.21,17.94,17.2,2024336.0,-4.5,-3.8,0.12,0.014,0.81,-3.63,-0.89,4.43,-16.66,0.311,False,False,0.0
2026-04-24,600152,维科技术,76,5409.0,10jqka,post_close,2026-04-24 15:00:00,2026-04-14,5,1,93.0,17.0,ok,2026-04-24,11.79,12.96,12.96,11.75,725659.0,10.02,-0.38,-6.76,1.0,0.61,0.9,3.24,14.26,-15.24,0.0,True,False,0.0
2026-04-24,600498,烽火通信,77,5301.0,10jqka,post_close,2026-04-24 15:00:00,2026-04-10,7,1,52.0,-25.0,ok,2026-04-24,54.45,52.26,55.47,51.26,995058.0,-5.0,-1.49,6.07,0.238,0.92,-3.06,1.11,2.94,-15.41,0.242,False,False,0.0
2026-04-24,300613,富瀚微,78,5132.0,10jqka,post_close,2026-04-24 15:00:00,2026-04-23,2,2,79.0,1.0,ok,2026-04-24,55.9,56.08,56.08,54.21,262980.0,20.01,28.12,25.49,1.0,5.5,18.32,22.36,28.89,0.0,0.0,True,False,0.0
2026-04-24,002192,融捷股份,79,5121.0,10jqka,post_close,2026-04-24 15:00:00,2026-04-13,2,1,88.0,9.0,ok,2026-04-24,78.97,86.28,86.28,78.0,296814.0,9.99,6.95,2.05,1.0,0.98,5.41,6.92,11.57,-1.98,0.0,True,False,0.0
2026-04-24,002980,华盛昌,80,5075.0,10jqka,post_close,2026-04-24 15:00:00,2026-04-13,6,1,85.0,5.0,ok,2026-04-24,78.39,82.29,83.49,74.5,261969.0,8.42,0.11,12.54,0.867,1.23,2.96,12.39,36.78,-2.29,0.133,False,False,0.0
2026-04-24,300073,当升科技,81,4992.0,10jqka,post_close,2026-04-24 15:00:00,2026-04-24,1,1,,,ok,2026-04-24,58.26,60.25,60.87,57.78,268530.0,2.87,2.0,4.17,0.799,1.33,2.17,3.69,8.13,-8.71,0.201,False,False,0.0
2026-04-24,300394,天孚通信,82,4953.0,10jqka,post_close,2026-04-24 15:00:00,2026-04-15,6,4,99.0,17.0,ok,2026-04-24,342.32,323.87,346.07,316.3,551411.0,-7.49,-8.25,-14.61,0.254,1.11,-8.87,-8.49,-5.1,-16.73,0.126,False,False,0.0
2026-04-24,603390,通达电气,83,4948.0,10jqka,post_close,2026-04-24 15:00:00,2026-04-24,1,1,,,ok,2026-04-24,13.69,14.6,14.6,13.67,510047.0,10.02,20.66,21.67,1.0,12.7,13.81,17.9,21.16,0.0,0.0,True,False,0.0
2026-04-24,600770,综艺股份,84,4812.0,10jqka,post_close,2026-04-24 15:00:00,2026-04-24,1,1,,,ok,2026-04-24,6.97,6.97,6.97,6.86,903928.0,9.94,23.14,20.59,1.0,2.64,14.04,17.8,21.66,-4.39,0.0,True,False,0.0
2026-04-24,600118,中国卫星,85,4812.0,10jqka,post_close,2026-04-24 15:00:00,2026-04-20,5,5,40.0,-45.0,ok,2026-04-24,99.96,96.3,100.66,95.1,789098.0,-5.59,-3.89,12.07,0.216,0.91,-1.85,5.45,13.08,-11.57,0.126,False,False,0.0
2026-04-24,000815,美利云,86,4809.0,10jqka,post_close,2026-04-24 15:00:00,2026-04-13,9,2,72.0,-14.0,ok,2026-04-24,20.77,19.17,20.78,18.76,1013690.0,-5.89,-8.23,-11.25,0.203,0.74,-7.39,-8.14,-5.61,-17.01,0.005,False,False,0.0
2026-04-24,603601,再升科技,87,4773.0,10jqka,post_close,2026-04-24 15:00:00,2026-04-13,9,8,90.0,3.0,ok,2026-04-24,15.15,14.18,15.97,14.0,2046428.0,-6.4,-12.79,-3.99,0.091,0.85,-7.9,-4.84,-2.24,-14.83,0.416,False,False,0.0
2026-04-24,002463,沪电股份,88,4745.0,10jqka,post_close,2026-04-24 15:00:00,2026-04-10,11,11,57.0,-31.0,ok,2026-04-24,105.98,102.38,107.84,99.82,932245.0,-3.98,2.56,4.83,0.319,1.12,0.35,4.35,14.81,-6.3,0.232,False,False,0.0
2026-04-24,688981,中芯国际,89,4706.0,10jqka,post_close,2026-04-24 15:00:00,2026-04-24,1,1,,,ok,2026-04-24,105.58,110.96,113.25,104.61,91070363.0,4.7,3.26,5.45,0.735,2.03,2.7,5.1,9.76,-15.18,0.265,False,False,0.0
2026-04-24,002594,比亚迪,90,4659.0,10jqka,post_close,2026-04-24 15:00:00,2026-04-10,9,2,75.0,-15.0,ok,2026-04-24,99.91,99.46,99.91,98.7,337739.0,-0.52,-2.04,-4.16,0.628,0.81,-1.62,-3.05,-2.76,-11.05,0.0,False,False,0.0
2026-04-24,601869,长飞光纤,91,4632.0,10jqka,post_close,2026-04-24 15:00:00,2026-04-10,10,3,61.0,-30.0,ok,2026-04-24,378.39,368.16,385.0,364.35,164065.0,-4.38,-3.52,0.62,0.185,0.88,-4.71,-2.04,3.14,-12.94,0.32,False,False,0.0
2026-04-24,300766,每日互动,92,4604.0,10jqka,post_close,2026-04-24 15:00:00,2026-04-24,1,1,,,ok,2026-04-24,38.78,37.4,42.54,36.66,816327.0,-3.76,-1.99,-3.63,0.126,2.51,-3.33,-0.68,1.43,-25.72,0.639,False,False,0.0
2026-04-24,002549,凯美特气,93,4556.0,10jqka,post_close,2026-04-24 15:00:00,2026-04-21,2,1,74.0,-19.0,ok,2026-04-24,18.77,19.98,20.68,18.77,1089925.0,6.28,-3.24,2.88,0.634,2.02,1.26,2.54,4.56,-17.54,0.366,False,False,0.0
2026-04-24,300015,爱尔眼科,94,4545.0,10jqka,post_close,2026-04-24 15:00:00,2026-04-23,2,2,74.0,-20.0,ok,2026-04-24,10.25,10.99,11.29,10.21,3453572.0,5.57,13.42,16.17,0.722,3.65,8.55,11.55,13.08,-5.58,0.278,False,False,0.0
2026-04-24,600338,西藏珠峰,95,4544.0,10jqka,post_close,2026-04-24 15:00:00,2026-04-24,1,1,,,ok,2026-04-24,19.28,22.57,22.57,19.28,1823146.0,9.99,6.01,3.96,1.0,2.22,3.98,8.93,18.82,-1.61,0.0,True,False,0.0
2026-04-24,603618,杭电股份,96,4522.0,10jqka,post_close,2026-04-24 15:00:00,2026-04-21,4,4,23.0,-73.0,ok,2026-04-24,31.66,30.56,33.13,29.98,1437541.0,-2.71,17.76,26.7,0.184,1.6,7.67,19.23,16.85,-7.76,0.467,False,False,0.0
2026-04-24,000988,华工科技,97,4499.0,10jqka,post_close,2026-04-24 15:00:00,2026-04-10,11,11,83.0,-14.0,ok,2026-04-24,115.0,115.32,117.35,113.03,693970.0,-1.98,-0.83,-1.17,0.53,0.75,-1.47,-1.63,2.68,-18.45,0.47,False,False,0.0
2026-04-24,688041,海光信息,98,4491.0,10jqka,post_close,2026-04-24 15:00:00,2026-04-24,1,1,,,ok,2026-04-24,275.63,285.0,293.3,271.06,54125114.0,8.2,12.85,9.62,0.627,1.9,7.8,10.42,19.25,-7.61,0.373,False,False,0.0
2026-04-24,600110,诺德股份,99,4462.0,10jqka,post_close,2026-04-24 15:00:00,2026-04-10,8,3,43.0,-56.0,ok,2026-04-24,8.94,9.76,9.95,8.63,2658344.0,5.29,-2.3,-2.3,0.856,1.35,-1.05,-2.57,0.72,-10.29,0.144,False,False,0.0
2026-04-24,600208,衢州发展,100,4423.0,10jqka,post_close,2026-04-24 15:00:00,2026-04-24,1,1,,,ok,2026-04-24,4.3,4.73,4.73,4.27,3586563.0,10.0,21.28,32.12,1.0,1.22,13.76,26.54,36.53,0.0,0.0,True,False,0.0
2026-04-27,002580,圣阳股份,1,220304.0,10jqka,post_close,2026-04-27 15:00:00,2026-04-10,12,12,12.0,11.0,ok,2026-04-27,27.26,28.82,30.15,26.5,1591833.0,4.04,7.82,-12.67,0.636,1.24,2.99,3.1,27.28,-14.33,0.364,False,False,0.0
2026-04-27,600118,中国卫星,2,214980.0,10jqka,post_close,2026-04-27 15:00:00,2026-04-20,6,6,85.0,83.0,ok,2026-04-27,94.0,99.5,103.12,93.07,757763.0,3.32,1.97,5.27,0.64,0.79,0.39,6.74,15.36,-8.63,0.36,False,False,0.0
2026-04-27,002297,博云新材,3,122446.0,10jqka,post_close,2026-04-27 15:00:00,2026-04-10,11,8,19.0,16.0,ok,2026-04-27,21.0,20.53,21.0,20.07,1656089.0,-7.94,1.18,5.5,0.495,0.92,-1.63,10.68,38.66,-8.55,0.0,False,False,0.0
2026-04-27,002361,神剑股份,4,122163.0,10jqka,post_close,2026-04-27 15:00:00,2026-04-10,12,12,3.0,-1.0,ok,2026-04-27,20.39,21.66,21.98,20.39,2545697.0,0.93,-8.41,4.99,0.799,0.76,-3.69,4.9,17.2,-9.56,0.201,False,False,0.0
2026-04-27,600487,亨通光电,5,114052.0,10jqka,post_close,2026-04-27 15:00:00,2026-04-10,12,12,10.0,5.0,ok,2026-04-27,69.54,71.38,74.49,68.9,2495122.0,2.65,8.51,17.23,0.444,1.13,6.21,16.92,22.36,-4.18,0.556,False,False,0.0
2026-04-27,600522,中天科技,6,111854.0,10jqka,post_close,2026-04-27 15:00:00,2026-04-10,8,7,8.0,2.0,ok,2026-04-27,34.29,35.78,36.53,34.23,3393558.0,7.74,2.76,15.61,0.674,1.2,5.04,14.12,16.84,-2.05,0.326,False,False,0.0
2026-04-27,002475,立讯精密,7,87999.0,10jqka,post_close,2026-04-27 15:00:00,2026-04-10,12,12,70.0,63.0,ok,2026-04-27,67.98,71.97,72.6,67.5,3273500.0,9.05,5.79,9.49,0.876,1.18,5.99,11.86,23.77,-0.87,0.124,False,False,0.0
2026-04-27,002709,天赐材料,8,85521.0,10jqka,post_close,2026-04-27 15:00:00,2026-04-10,9,2,21.0,13.0,ok,2026-04-27,52.78,54.96,55.1,51.95,1470462.0,4.21,5.49,10.69,0.956,1.11,5.01,8.67,14.79,-0.25,0.044,False,False,0.0
2026-04-27,601778,晶科科技,9,84157.0,10jqka,post_close,2026-04-27 15:00:00,2026-04-14,10,10,6.0,-3.0,ok,2026-04-27,7.14,6.94,7.2,6.9,6124901.0,-3.21,6.12,6.61,0.133,0.75,1.49,4.6,19.1,-11.93,0.2,False,False,0.0
2026-04-27,002565,顺灏股份,10,83032.0,10jqka,post_close,2026-04-27 15:00:00,2026-04-14,10,10,5.0,-5.0,ok,2026-04-27,19.01,18.57,19.32,18.4,1912740.0,-6.21,-15.4,-8.48,0.185,0.73,-9.33,-4.46,3.61,-19.23,0.337,False,False,0.0
2026-04-27,601138,工业富联,11,76765.0,10jqka,post_close,2026-04-27 15:00:00,2026-04-10,12,12,26.0,15.0,ok,2026-04-27,66.01,67.25,68.0,65.38,2358367.0,3.45,0.54,9.33,0.714,0.97,2.37,7.25,15.78,-2.68,0.286,False,False,0.0
2026-04-27,002015,协鑫能科,12,75422.0,10jqka,post_close,2026-04-27 15:00:00,2026-04-15,9,9,27.0,15.0,ok,2026-04-27,18.9,18.31,19.45,18.25,1521387.0,-6.15,-7.85,-4.44,0.05,0.78,-5.89,-3.04,2.04,-20.36,0.458,False,False,0.0
2026-04-27,002342,巨力索具,13,68707.0,10jqka,post_close,2026-04-27 15:00:00,2026-04-10,12,12,9.0,-4.0,ok,2026-04-27,18.29,18.42,19.08,17.49,1715392.0,-3.31,-8.59,-5.39,0.585,0.65,-6.02,-3.3,10.53,-14.01,0.415,False,False,0.0
2026-04-27,000547,航天发展,14,66784.0,10jqka,post_close,2026-04-27 15:00:00,2026-04-14,7,1,100.0,86.0,ok,2026-04-27,26.0,25.34,26.04,25.1,1247364.0,-3.65,-6.84,-11.86,0.255,0.65,-4.79,-6.51,-6.5,-26.85,0.043,False,False,0.0
2026-04-27,601698,中国卫通,15,66633.0,10jqka,post_close,2026-04-27 15:00:00,2026-04-20,3,1,100.0,85.0,ok,2026-04-27,35.7,36.84,37.58,35.33,786978.0,2.08,-2.31,-1.44,0.671,0.62,-1.5,2.29,7.72,-13.32,0.329,False,False,0.0
2026-04-27,002491,通鼎互联,16,65216.0,10jqka,post_close,2026-04-27 15:00:00,2026-04-10,10,1,94.0,78.0,ok,2026-04-27,15.61,16.82,17.0,15.45,2000595.0,7.48,-2.32,1.08,0.884,1.04,1.0,5.16,14.08,-7.58,0.116,False,False,0.0
2026-04-27,300346,南大光电,17,65083.0,10jqka,post_close,2026-04-27 15:00:00,2026-04-27,1,1,,,ok,2026-04-27,53.3,51.73,55.46,50.96,768404.0,-3.43,0.49,2.25,0.171,1.49,-0.67,2.53,6.86,-14.21,0.48,False,False,0.0
2026-04-27,002149,西部材料,18,64919.0,10jqka,post_close,2026-04-27 15:00:00,2026-04-14,9,7,18.0,0.0,ok,2026-04-27,57.4,57.88,59.2,56.6,667142.0,-0.03,-9.7,-3.98,0.492,0.68,-5.28,0.15,9.19,-13.5,0.508,False,False,0.0
2026-04-27,603538,美诺华,19,63847.0,10jqka,post_close,2026-04-27 15:00:00,2026-04-10,12,12,32.0,13.0,ok,2026-04-27,56.5,56.4,59.38,54.8,541288.0,-2.05,11.68,9.71,0.349,0.96,3.46,4.65,16.2,-5.05,0.629,False,False,0.0
2026-04-27,002202,金风科技,20,62387.0,10jqka,post_close,2026-04-27 15:00:00,2026-04-10,12,12,44.0,24.0,ok,2026-04-27,26.21,26.53,26.98,26.21,2412312.0,4.12,1.14,-0.23,0.416,1.29,1.98,3.09,5.32,-20.33,0.584,False,False,0.0
2026-04-27,002131,利欧股份,21,62357.0,10jqka,post_close,2026-04-27 15:00:00,2026-04-10,12,12,37.0,16.0,ok,2026-04-27,7.09,6.8,7.18,6.73,6569398.0,-7.73,-14.79,-18.17,0.156,1.2,-10.57,-13.13,-12.45,-34.11,0.2,False,False,0.0
2026-04-27,002261,拓维信息,22,61769.0,10jqka,post_close,2026-04-27 15:00:00,2026-04-15,6,2,24.0,2.0,ok,2026-04-27,39.55,38.3,39.78,38.15,1699080.0,-2.99,-0.34,1.67,0.092,1.09,0.48,1.88,5.65,-13.07,0.141,False,False,0.0
2026-04-27,603318,水发燃气,23,59153.0,10jqka,post_close,2026-04-27 15:00:00,2026-04-24,2,2,40.0,17.0,ok,2026-04-27,12.24,12.53,12.53,11.84,942143.0,10.01,33.16,47.93,1.0,1.86,19.95,36.94,48.0,0.0,0.0,True,False,0.0
2026-04-27,002156,通富微电,24,58947.0,10jqka,post_close,2026-04-27 15:00:00,2026-04-17,2,1,87.0,63.0,ok,2026-04-27,50.86,51.2,52.05,49.84,1577881.0,5.74,4.72,5.59,0.615,1.77,5.36,6.35,12.49,-10.71,0.385,False,False,0.0
2026-04-27,002407,多氟多,25,58428.0,10jqka,post_close,2026-04-27 15:00:00,2026-04-14,4,2,7.0,-18.0,ok,2026-04-27,33.63,34.52,34.89,33.52,2285323.0,4.48,8.18,14.61,0.73,1.76,6.9,10.43,16.59,-1.06,0.27,False,False,0.0
2026-04-27,600726,华电能源,26,57880.0,10jqka,post_close,2026-04-27 15:00:00,2026-04-23,3,3,17.0,-9.0,ok,2026-04-27,5.64,6.38,6.38,5.22,5721151.0,10.0,33.19,39.3,1.0,1.73,18.63,26.97,23.5,-10.89,0.0,True,False,0.0
2026-04-27,002445,中南文化,27,56104.0,10jqka,post_close,2026-04-27 15:00:00,2026-04-27,1,1,,,ok,2026-04-27,3.6,3.79,3.9,3.45,2978672.0,6.76,9.86,11.14,0.756,1.9,6.88,9.19,6.16,-20.55,0.244,False,False,0.0
2026-04-27,600410,华胜天成,28,54419.0,10jqka,post_close,2026-04-27 15:00:00,2026-04-10,12,12,59.0,31.0,ok,2026-04-27,26.9,26.0,26.9,26.0,1344362.0,-4.38,-9.5,-10.31,0.0,0.78,-5.34,-6.29,-3.57,-24.22,0.0,False,False,0.0
2026-04-27,600110,诺德股份,29,53282.0,10jqka,post_close,2026-04-27 15:00:00,2026-04-10,9,4,99.0,70.0,ok,2026-04-27,9.6,10.48,10.5,9.5,2187787.0,7.38,1.75,4.8,0.98,1.03,5.22,4.32,7.14,-3.68,0.02,False,False,0.0
2026-04-27,002081,金螳螂,30,52537.0,10jqka,post_close,2026-04-27 15:00:00,2026-04-20,6,6,11.0,-19.0,ok,2026-04-27,4.52,4.43,4.83,4.4,3794102.0,-9.41,-10.32,8.58,0.07,1.6,-8.4,5.33,17.21,-18.86,0.721,False,False,0.0
2026-04-27,600707,彩虹股份,31,52449.0,10jqka,post_close,2026-04-27 15:00:00,2026-04-10,4,1,50.0,19.0,ok,2026-04-27,8.05,8.88,8.88,8.01,1733130.0,10.04,0.23,3.62,1.0,0.94,3.76,10.65,26.97,-3.16,0.0,True,False,0.0
2026-04-27,600879,航天电子,32,52319.0,10jqka,post_close,2026-04-27 15:00:00,2026-04-14,5,1,85.0,53.0,ok,2026-04-27,23.43,23.39,23.87,22.94,1495577.0,-0.97,-7.22,-8.38,0.484,0.65,-4.73,-2.78,3.0,-25.65,0.473,False,False,0.0
2026-04-27,301308,江波龙,33,51798.0,10jqka,post_close,2026-04-27 15:00:00,2026-04-27,1,1,,,ok,2026-04-27,374.93,393.46,399.88,369.1,189548.0,5.43,2.8,4.86,0.791,1.32,4.45,4.8,14.32,-1.61,0.209,False,False,0.0
2026-04-27,601899,紫金矿业,34,51754.0,10jqka,post_close,2026-04-27 15:00:00,2026-04-10,12,12,54.0,20.0,ok,2026-04-27,34.0,33.56,34.25,33.48,2310885.0,-2.19,-5.54,-3.62,0.104,0.76,-3.26,-3.57,-1.59,-25.32,0.325,False,False,0.0
2026-04-27,002176,江特电机,35,50239.0,10jqka,post_close,2026-04-27 15:00:00,2026-04-24,2,2,50.0,15.0,ok,2026-04-27,13.83,14.49,14.79,13.51,3507638.0,6.39,16.95,29.14,0.766,2.06,12.17,20.36,28.82,-2.03,0.234,False,False,0.0
2026-04-27,300136,信维通信,36,49377.0,10jqka,post_close,2026-04-27 15:00:00,2026-04-15,6,3,64.0,28.0,ok,2026-04-27,81.18,88.46,91.0,81.18,1391488.0,8.81,11.24,13.7,0.741,1.06,7.95,14.99,26.1,-6.47,0.259,False,False,0.0
2026-04-27,601016,节能风电,37,49254.0,10jqka,post_close,2026-04-27 15:00:00,2026-04-23,3,3,39.0,2.0,ok,2026-04-27,4.38,4.65,4.75,4.25,7512693.0,3.79,14.25,13.41,0.8,1.22,6.41,10.29,11.62,-18.85,0.2,False,False,0.0
2026-04-27,300058,蓝色光标,38,48958.0,10jqka,post_close,2026-04-27 15:00:00,2026-04-10,12,12,23.0,-15.0,ok,2026-04-27,17.41,17.27,17.67,17.18,3803360.0,-0.75,-10.24,-11.57,0.184,0.57,-5.83,-4.12,4.43,-29.31,0.531,False,False,0.0
2026-04-27,300308,中际旭创,39,47803.0,10jqka,post_close,2026-04-27 15:00:00,2026-04-10,12,12,22.0,-17.0,ok,2026-04-27,898.0,856.03,899.0,853.0,318149.0,-3.38,-3.45,0.71,0.066,1.05,-2.51,1.28,15.15,-6.95,0.022,False,False,0.0
2026-04-27,600415,小商品城,40,47417.0,10jqka,post_close,2026-04-27 15:00:00,2026-04-13,4,1,49.0,9.0,ok,2026-04-27,13.25,13.88,13.97,13.25,1824530.0,4.75,10.69,12.3,0.875,1.25,5.71,9.29,7.85,-19.68,0.125,False,False,0.0
2026-04-27,600396,华电辽能,41,47125.0,10jqka,post_close,2026-04-27 15:00:00,2026-04-10,12,12,4.0,-37.0,ok,2026-04-27,8.52,10.12,10.12,8.51,2815152.0,10.0,13.2,36.94,1.0,0.86,9.48,20.3,27.47,-6.3,0.0,True,False,0.0
2026-04-27,002384,东山精密,42,45771.0,10jqka,post_close,2026-04-27 15:00:00,2026-04-10,12,12,38.0,-4.0,ok,2026-04-27,188.0,186.7,190.55,178.86,907451.0,-0.64,0.19,18.92,0.671,0.87,1.8,11.3,30.43,-4.74,0.218,False,False,0.0
2026-04-27,600186,莲花控股,43,44189.0,10jqka,post_close,2026-04-27 15:00:00,2026-04-15,7,5,56.0,13.0,ok,2026-04-27,9.19,9.34,9.58,8.97,3139244.0,2.19,8.73,18.68,0.607,1.08,4.69,11.83,19.52,-4.69,0.393,False,False,0.0
2026-04-27,002624,完美世界,44,43878.0,10jqka,post_close,2026-04-27 15:00:00,2026-04-16,4,3,16.0,-28.0,ok,2026-04-27,16.17,16.28,16.73,16.02,1510709.0,-4.91,-19.45,-19.21,0.366,1.33,-12.12,-15.63,-15.65,-31.25,0.634,False,False,0.0
2026-04-27,600330,天通股份,45,42763.0,10jqka,post_close,2026-04-27 15:00:00,2026-04-10,7,1,81.0,36.0,ok,2026-04-27,27.6,27.42,28.48,26.84,2614549.0,5.91,5.99,14.73,0.354,1.14,6.86,17.13,34.2,-3.72,0.537,False,False,0.0
2026-04-27,001896,豫能控股,46,42402.0,10jqka,post_close,2026-04-27 15:00:00,2026-04-13,11,11,48.0,2.0,ok,2026-04-27,16.3,16.39,17.16,15.92,1313074.0,-2.15,-6.34,-12.77,0.379,0.6,-4.39,-3.74,7.79,-13.05,0.621,False,False,0.0
2026-04-27,600460,士兰微,47,41232.0,10jqka,post_close,2026-04-27 15:00:00,2026-04-27,1,1,,,ok,2026-04-27,28.07,28.93,29.19,27.7,640711.0,3.99,4.78,5.78,0.826,2.03,4.21,5.86,8.85,-17.3,0.174,False,False,0.0
2026-04-27,603778,国晟科技,48,40584.0,10jqka,post_close,2026-04-27 15:00:00,2026-04-10,12,12,36.0,-12.0,ok,2026-04-27,27.0,26.36,27.33,26.06,577011.0,-0.64,1.0,-1.2,0.236,0.59,-2.03,-1.81,-6.67,-23.08,0.26,False,False,0.0
2026-04-27,600105,永鼎股份,49,40265.0,10jqka,post_close,2026-04-27 15:00:00,2026-04-10,12,12,29.0,-20.0,ok,2026-04-27,49.91,48.52,50.4,47.28,1394350.0,-1.0,6.57,16.08,0.397,0.82,4.14,12.77,28.99,-4.86,0.157,False,False,0.0
2026-04-27,000559,万向钱潮,50,39821.0,10jqka,post_close,2026-04-27 15:00:00,2026-04-10,4,1,25.0,-25.0,ok,2026-04-27,17.0,17.08,17.42,16.67,988917.0,-3.5,-0.41,2.89,0.547,0.71,-2.04,0.86,5.36,-18.2,0.453,False,False,0.0
2026-04-27,002340,格林美,51,39265.0,10jqka,post_close,2026-04-27 15:00:00,2026-04-21,2,1,43.0,-8.0,ok,2026-04-27,8.57,8.92,8.99,8.56,3474253.0,5.81,4.08,5.44,0.837,2.25,4.4,5.61,8.94,-12.38,0.163,False,False,0.0
2026-04-27,600986,浙文互联,52,38913.0,10jqka,post_close,2026-04-27 15:00:00,2026-04-16,5,3,30.0,-22.0,ok,2026-04-27,12.0,11.43,12.22,11.07,2940505.0,-7.07,3.63,1.15,0.313,1.16,-1.21,2.35,8.92,-30.64,0.191,False,False,0.0
2026-04-27,300502,新易盛,53,38597.0,10jqka,post_close,2026-04-27 15:00:00,2026-04-10,10,4,2.0,-51.0,ok,2026-04-27,549.4,538.0,553.0,534.86,468082.0,0.14,-13.6,-7.72,0.173,0.98,-6.75,-4.12,3.85,-14.3,0.198,False,False,0.0
2026-04-27,300342,天银机电,54,38378.0,10jqka,post_close,2026-04-27 15:00:00,2026-04-20,5,1,32.0,-22.0,ok,2026-04-27,68.6,71.82,72.28,67.6,504715.0,1.31,8.49,13.96,0.902,0.67,2.62,13.34,21.14,-4.87,0.098,False,False,0.0
2026-04-27,600549,厦门钨业,55,37530.0,10jqka,post_close,2026-04-27 15:00:00,2026-04-16,2,1,67.0,12.0,ok,2026-04-27,60.5,56.79,60.62,56.66,1052192.0,-8.08,-14.34,-10.78,0.033,1.51,-8.85,-7.61,-3.55,-30.37,0.03,False,False,0.0
2026-04-27,600498,烽火通信,56,36780.0,10jqka,post_close,2026-04-27 15:00:00,2026-04-10,8,2,77.0,21.0,ok,2026-04-27,51.05,51.6,53.98,51.05,1307618.0,-1.26,-8.28,-2.59,0.188,1.14,-3.8,-0.45,1.08,-16.48,0.812,False,False,0.0
2026-04-27,603178,圣龙股份,57,36696.0,10jqka,post_close,2026-04-27 15:00:00,2026-04-17,5,1,97.0,40.0,ok,2026-04-27,16.81,17.4,17.98,16.3,295797.0,1.34,-17.77,-9.19,0.655,0.76,-9.27,-3.09,4.44,-24.97,0.345,False,False,0.0
2026-04-27,000815,美利云,58,36511.0,10jqka,post_close,2026-04-27 15:00:00,2026-04-13,10,3,86.0,28.0,ok,2026-04-27,18.98,19.64,20.27,18.58,837164.0,2.45,-7.01,-10.52,0.627,0.69,-2.95,-5.6,-3.14,-14.98,0.373,False,False,0.0
2026-04-27,000988,华工科技,59,36341.0,10jqka,post_close,2026-04-27 15:00:00,2026-04-10,12,12,97.0,38.0,ok,2026-04-27,116.1,118.79,121.25,116.0,901737.0,3.01,-1.79,3.31,0.531,1.03,0.84,1.89,5.33,-16.0,0.469,False,False,0.0
2026-04-27,300390,天华新能,60,36188.0,10jqka,post_close,2026-04-27 15:00:00,2026-04-10,7,2,42.0,-18.0,ok,2026-04-27,90.09,94.23,97.18,88.51,891660.0,3.55,11.04,8.8,0.66,1.34,8.07,10.34,27.73,-3.04,0.34,False,False,0.0
2026-04-27,300054,鼎龙股份,61,36040.0,10jqka,post_close,2026-04-27 15:00:00,2026-04-27,1,1,,,ok,2026-04-27,57.2,56.31,59.99,55.28,563683.0,-1.21,3.19,7.22,0.219,1.56,1.96,4.61,7.99,-6.13,0.592,False,False,0.0
2026-04-27,002428,云南锗业,62,35968.0,10jqka,post_close,2026-04-27 15:00:00,2026-04-14,8,7,62.0,0.0,ok,2026-04-27,76.93,72.8,77.95,72.52,1169710.0,-5.6,-3.24,6.74,0.052,0.96,-1.74,8.17,21.54,-12.03,0.188,False,False,0.0
2026-04-27,002281,光迅科技,63,35798.0,10jqka,post_close,2026-04-27 15:00:00,2026-04-10,9,1,27.0,-36.0,ok,2026-04-27,131.34,134.52,141.46,130.3,775792.0,4.52,8.51,12.05,0.378,0.94,4.99,11.93,24.8,-4.91,0.622,False,False,0.0
2026-04-27,000592,平潭发展,64,35766.0,10jqka,post_close,2026-04-27 15:00:00,2026-04-10,7,1,64.0,0.0,ok,2026-04-27,10.51,10.77,10.91,10.36,1261183.0,0.37,-2.8,-5.53,0.745,0.75,-0.87,-2.45,-6.55,-18.41,0.255,False,False,0.0
2026-04-27,000062,深圳华强,65,35198.0,10jqka,post_close,2026-04-27 15:00:00,2026-04-22,3,2,20.0,-45.0,ok,2026-04-27,35.27,37.67,37.67,34.24,1075115.0,10.02,15.41,20.85,1.0,1.35,13.92,21.06,30.33,0.0,0.0,True,False,0.0
2026-04-27,603629,利通电子,66,34907.0,10jqka,post_close,2026-04-27 15:00:00,2026-04-13,11,11,72.0,6.0,ok,2026-04-27,107.11,108.5,111.99,105.0,359856.0,-0.84,0.28,1.14,0.501,0.79,-0.24,6.35,28.49,-8.84,0.499,False,False,0.0
2026-04-27,600703,三安光电,67,34416.0,10jqka,post_close,2026-04-27 15:00:00,2026-04-10,9,7,43.0,-24.0,ok,2026-04-27,14.98,14.73,15.46,14.54,2994202.0,-2.51,-1.41,7.91,0.207,0.82,-0.3,7.24,14.74,-21.52,0.522,False,False,0.0
2026-04-27,601179,中国西电,68,34005.0,10jqka,post_close,2026-04-27 15:00:00,2026-04-10,10,9,75.0,7.0,ok,2026-04-27,16.97,16.92,17.24,16.73,1376840.0,-1.69,-5.74,-7.14,0.373,0.55,-3.85,-3.17,2.41,-18.06,0.529,False,False,0.0
2026-04-27,002466,天齐锂业,69,33973.0,10jqka,post_close,2026-04-27 15:00:00,2026-04-13,5,2,14.0,-55.0,ok,2026-04-27,73.5,73.65,75.46,73.0,1006084.0,-0.07,4.13,10.22,0.264,1.01,3.22,8.01,17.28,-2.4,0.736,False,False,0.0
2026-04-27,001330,博纳影业,70,33695.0,10jqka,post_close,2026-04-27 15:00:00,2026-04-17,5,1,80.0,10.0,ok,2026-04-27,7.97,8.17,8.35,7.83,1374587.0,4.61,-0.12,-2.62,0.654,0.75,-1.4,1.82,8.67,-40.45,0.346,False,False,0.0
2026-04-27,600633,浙数文化,71,33363.0,10jqka,post_close,2026-04-27 15:00:00,2026-04-24,2,2,41.0,-30.0,ok,2026-04-27,14.33,13.58,14.47,13.58,1611019.0,-10.01,4.95,3.59,0.0,2.74,-0.48,2.16,5.82,-18.59,0.157,False,False,0.0
2026-04-27,600821,金开新能,72,33304.0,10jqka,post_close,2026-04-27 15:00:00,2026-04-15,9,9,46.0,-26.0,ok,2026-04-27,8.61,8.57,8.81,8.21,1866738.0,-3.49,-5.2,-8.73,0.6,0.55,-5.18,-4.49,-1.28,-29.75,0.333,False,False,0.0
2026-04-27,603601,再升科技,73,33154.0,10jqka,post_close,2026-04-27 15:00:00,2026-04-13,10,9,87.0,14.0,ok,2026-04-27,13.88,14.94,15.27,13.88,1894745.0,5.36,-5.56,-4.05,0.763,0.79,-2.16,-0.56,2.37,-10.27,0.237,False,False,0.0
2026-04-27,603906,龙蟠科技,74,32973.0,10jqka,post_close,2026-04-27 15:00:00,2026-04-16,7,4,28.0,-46.0,ok,2026-04-27,32.6,31.51,33.8,30.91,789774.0,-3.22,10.1,15.38,0.208,0.85,5.62,15.02,27.37,-6.78,0.415,False,False,0.0
2026-04-27,600770,综艺股份,75,32817.0,10jqka,post_close,2026-04-27 15:00:00,2026-04-24,2,2,84.0,9.0,ok,2026-04-27,7.53,6.96,7.67,6.92,2690855.0,-0.14,20.83,19.38,0.053,6.13,9.81,15.35,20.05,-9.26,0.187,False,False,0.0
2026-04-27,300475,香农芯创,76,32269.0,10jqka,post_close,2026-04-27 15:00:00,2026-04-24,2,2,58.0,-18.0,ok,2026-04-27,163.87,170.99,172.86,163.0,542690.0,5.52,5.47,4.26,0.81,1.39,5.24,6.55,15.32,-4.98,0.19,False,False,0.0
2026-04-27,000890,法尔胜,77,31966.0,10jqka,post_close,2026-04-27 15:00:00,2026-04-10,9,6,60.0,-17.0,ok,2026-04-27,16.42,16.51,17.0,15.8,829433.0,1.66,8.33,21.85,0.592,0.81,4.05,15.82,11.31,-6.25,0.408,False,False,0.0
2026-04-27,002217,合力泰,78,31952.0,10jqka,post_close,2026-04-27 15:00:00,2026-04-17,6,1,80.0,2.0,ok,2026-04-27,2.75,2.96,2.96,2.74,5907843.0,10.04,1.02,0.34,1.0,0.79,3.28,8.42,15.76,-7.5,0.0,True,False,0.0
2026-04-27,300274,阳光电源,79,31707.0,10jqka,post_close,2026-04-27 15:00:00,2026-04-10,6,1,77.0,-2.0,ok,2026-04-27,131.7,131.39,132.52,129.2,631574.0,-1.79,-4.03,-2.82,0.66,1.12,-2.36,-2.53,-1.91,-27.8,0.247,False,False,0.0
2026-04-27,000066,中国长城,80,31407.0,10jqka,post_close,2026-04-27 15:00:00,2026-04-24,2,2,71.0,-9.0,ok,2026-04-27,16.62,16.77,17.25,16.12,2437695.0,1.95,7.43,5.8,0.575,1.58,4.25,5.59,9.43,-10.99,0.425,False,False,0.0
2026-04-27,600736,苏州高新,81,30927.0,10jqka,post_close,2026-04-27 15:00:00,2026-04-21,5,5,13.0,-68.0,ok,2026-04-27,8.14,7.65,8.19,7.65,1681462.0,-10.0,0.53,21.62,0.0,1.54,-2.05,9.04,17.29,-16.94,0.093,False,False,0.0
2026-04-27,000889,中嘉博创,82,30262.0,10jqka,post_close,2026-04-27 15:00:00,2026-04-10,9,2,65.0,-17.0,ok,2026-04-27,4.7,4.46,4.75,4.32,2338465.0,-6.89,-3.46,-13.23,0.326,1.11,-2.53,-5.83,7.25,-18.17,0.116,False,False,0.0
2026-04-27,000938,紫光股份,83,30261.0,10jqka,post_close,2026-04-27 15:00:00,2026-04-14,4,1,71.0,-12.0,ok,2026-04-27,31.98,32.19,32.86,31.25,2285513.0,2.78,7.59,13.31,0.584,1.02,5.72,10.32,16.94,-2.04,0.416,False,False,0.0
2026-04-27,600152,维科技术,84,29575.0,10jqka,post_close,2026-04-27 15:00:00,2026-04-14,6,2,76.0,-8.0,ok,2026-04-27,13.43,14.26,14.26,12.81,1472958.0,10.03,13.72,2.37,1.0,1.34,10.46,10.56,23.63,-6.74,0.0,True,False,0.0
2026-04-27,002463,沪电股份,85,29358.0,10jqka,post_close,2026-04-27 15:00:00,2026-04-10,12,12,88.0,3.0,ok,2026-04-27,104.01,104.95,106.88,103.2,703903.0,2.51,1.63,7.09,0.476,0.85,1.49,5.22,16.11,-3.94,0.524,False,False,0.0
2026-04-27,002309,中利集团,86,29194.0,10jqka,post_close,2026-04-27 15:00:00,2026-04-10,7,1,96.0,10.0,ok,2026-04-27,4.11,4.16,4.18,3.99,2342337.0,0.97,-4.81,-5.02,0.895,0.56,-1.7,-0.67,-7.55,-23.39,0.105,False,False,0.0
2026-04-27,300763,锦浪科技,87,28963.0,10jqka,post_close,2026-04-27 15:00:00,2026-04-27,1,1,,,ok,2026-04-27,85.0,83.6,90.0,83.39,404807.0,-17.64,-11.37,-12.3,0.032,2.11,-11.16,-11.24,-11.02,-32.58,0.756,False,False,0.0
2026-04-27,000539,粤电力A,88,28551.0,10jqka,post_close,2026-04-27 15:00:00,2026-04-21,3,1,20.0,-68.0,ok,2026-04-27,6.5,6.89,7.07,6.4,2207686.0,5.03,5.19,18.59,0.731,1.1,2.71,11.52,16.65,-15.36,0.269,False,False,0.0
2026-04-27,600089,特变电工,89,28541.0,10jqka,post_close,2026-04-27 15:00:00,2026-04-10,8,1,57.0,-32.0,ok,2026-04-27,26.92,26.52,26.94,26.5,1175549.0,-1.63,-3.53,-4.91,0.045,0.75,-2.64,-3.58,-1.92,-20.31,0.045,False,False,0.0
2026-04-27,600584,长电科技,90,28497.0,10jqka,post_close,2026-04-27 15:00:00,2026-04-10,2,1,84.0,-6.0,ok,2026-04-27,46.0,46.32,46.95,45.55,1021313.0,3.19,1.78,4.11,0.55,1.59,2.86,4.02,9.15,-9.88,0.45,False,False,0.0
2026-04-27,600989,宝丰能源,91,28484.0,10jqka,post_close,2026-04-27 15:00:00,2026-04-23,2,1,62.0,-29.0,ok,2026-04-27,29.79,29.66,30.53,29.33,1260128.0,0.64,6.92,8.41,0.275,1.11,3.79,5.02,3.34,-18.72,0.617,False,False,0.0
2026-04-27,601869,长飞光纤,92,28348.0,10jqka,post_close,2026-04-27 15:00:00,2026-04-10,11,4,91.0,-1.0,ok,2026-04-27,378.0,377.5,394.0,374.09,175410.0,2.54,-8.37,-1.95,0.171,0.93,-1.91,0.22,4.25,-10.73,0.804,False,False,0.0
2026-04-27,300570,太辰光,93,28211.0,10jqka,post_close,2026-04-27 15:00:00,2026-04-27,1,1,,,ok,2026-04-27,135.2,149.82,150.66,135.0,422818.0,11.72,2.97,9.0,0.946,1.45,5.87,8.0,16.25,-5.24,0.054,True,False,0.0
2026-04-27,002460,赣锋锂业,94,27645.0,10jqka,post_close,2026-04-27 15:00:00,2026-04-10,8,2,53.0,-41.0,ok,2026-04-27,84.0,84.11,86.46,83.5,675071.0,-1.04,2.3,1.69,0.206,0.92,1.44,0.44,2.37,-4.94,0.794,False,False,0.0
2026-04-27,600519,贵州茅台,95,27557.0,10jqka,post_close,2026-04-27 15:00:00,2026-04-10,5,3,35.0,-60.0,ok,2026-04-27,1420.0,1403.2,1420.0,1402.2,72798.0,-3.79,-0.45,-0.55,0.056,2.04,-1.21,-1.86,-2.59,-10.51,0.0,False,False,0.0
2026-04-27,002050,三花智控,96,27416.0,10jqka,post_close,2026-04-27 15:00:00,2026-04-15,3,1,68.0,-28.0,ok,2026-04-27,44.87,45.91,46.23,44.6,965683.0,2.16,-0.39,-0.07,0.804,1.11,0.59,0.65,3.27,-17.5,0.196,False,False,0.0
2026-04-27,300604,长川科技,97,27127.0,10jqka,post_close,2026-04-27 15:00:00,2026-04-27,1,1,,,ok,2026-04-27,160.83,175.02,179.0,158.58,436266.0,10.77,14.92,15.3,0.805,2.37,10.88,14.63,25.66,-2.22,0.195,True,False,0.0
2026-04-27,300750,宁德时代,98,26951.0,10jqka,post_close,2026-04-27 15:00:00,2026-04-10,12,12,63.0,-35.0,ok,2026-04-27,444.63,434.88,448.76,433.8,330613.0,-2.25,-0.34,2.18,0.072,0.71,-0.97,-0.11,4.77,-4.02,0.276,False,False,0.0
2026-04-27,603501,豪威集团,99,26681.0,10jqka,post_close,2026-04-27 15:00:00,2026-04-27,1,1,,,ok,2026-04-27,96.19,104.63,104.63,96.1,523710.0,10.0,11.07,11.57,1.0,2.46,9.16,10.52,10.7,-20.04,0.0,True,False,0.0
2026-04-27,603019,中科曙光,100,26648.0,10jqka,post_close,2026-04-27 15:00:00,2026-04-10,3,1,49.0,-51.0,ok,2026-04-27,94.76,94.24,95.1,92.23,769163.0,1.6,2.61,2.47,0.7,1.26,2.45,3.8,9.5,-2.73,0.118,False,False,0.0
2026-04-28,300476,胜宏科技,1,54071.0,10jqka,post_close,2026-04-28 15:00:00,2026-04-10,9,1,91.0,90.0,ok,2026-04-28,320.0,313.06,320.78,309.28,283772.0,-1.37,-5.69,-5.39,0.329,0.61,-3.42,-2.78,5.13,-10.5,0.068,False,False,0.0
2026-04-28,601778,晶科科技,2,36493.0,10jqka,post_close,2026-04-28 15:00:00,2026-04-14,11,11,9.0,7.0,ok,2026-04-28,6.85,7.12,7.48,6.85,7032761.0,2.59,-0.97,12.13,0.429,0.91,1.83,5.58,20.15,-9.64,0.571,False,False,0.0
2026-04-28,601138,工业富联,3,34558.0,10jqka,post_close,2026-04-28 15:00:00,2026-04-10,13,13,11.0,8.0,ok,2026-04-28,67.25,68.2,68.99,66.92,2371396.0,1.41,0.41,11.06,0.618,0.96,1.71,7.18,15.53,-1.3,0.382,False,False,0.0
2026-04-28,002081,金螳螂,4,25255.0,10jqka,post_close,2026-04-28 15:00:00,2026-04-20,7,7,30.0,26.0,ok,2026-04-28,4.47,4.87,4.87,4.4,4715633.0,9.93,-10.31,8.46,1.0,1.72,-0.86,11.75,26.35,-10.81,0.0,True,False,0.0
2026-04-28,600726,华电能源,5,20928.0,10jqka,post_close,2026-04-28 15:00:00,2026-04-23,4,4,26.0,21.0,ok,2026-04-28,6.33,7.02,7.02,6.27,5637187.0,10.03,33.21,50.97,1.0,1.35,19.96,34.28,34.57,-1.96,0.0,True,False,0.0
2026-04-28,002594,比亚迪,6,18759.0,10jqka,post_close,2026-04-28 15:00:00,2026-04-10,10,1,90.0,84.0,ok,2026-04-28,101.85,101.48,103.3,101.34,361550.0,-0.84,1.5,-0.05,0.071,0.82,0.5,-0.67,-0.42,-9.25,0.74,False,False,0.0
2026-04-28,002131,利欧股份,7,17920.0,10jqka,post_close,2026-04-28 15:00:00,2026-04-10,13,13,21.0,14.0,ok,2026-04-28,6.72,6.58,6.79,6.54,4093851.0,-3.24,-16.28,-17.85,0.16,0.79,-10.08,-14.26,-14.65,-36.24,0.28,False,False,0.0
2026-04-28,000066,中国长城,8,17006.0,10jqka,post_close,2026-04-28 15:00:00,2026-04-24,3,3,80.0,72.0,ok,2026-04-28,16.63,17.83,18.2,16.58,4322416.0,6.32,10.13,15.7,0.772,2.32,7.6,10.69,15.25,-3.47,0.228,False,False,0.0
2026-04-28,002297,博云新材,9,16388.0,10jqka,post_close,2026-04-28 15:00:00,2026-04-10,12,9,3.0,-6.0,ok,2026-04-28,21.0,22.58,22.58,19.53,2020732.0,9.99,1.53,18.9,1.0,1.03,4.6,15.93,46.75,0.0,0.0,True,False,0.0
2026-04-28,603629,利通电子,10,16012.0,10jqka,post_close,2026-04-28 15:00:00,2026-04-13,12,12,66.0,56.0,ok,2026-04-28,119.35,119.35,119.35,119.35,62575.0,10.0,2.46,17.95,1.0,0.15,6.19,12.63,36.89,0.0,0.0,True,True,0.0
2026-04-28,600396,华电辽能,11,14527.0,10jqka,post_close,2026-04-28 15:00:00,2026-04-10,13,13,41.0,30.0,ok,2026-04-28,10.13,10.8,11.13,10.06,4496950.0,6.72,9.87,32.84,0.692,1.34,10.45,24.3,33.75,-2.96,0.308,False,False,0.0
2026-04-28,000858,五粮液,12,13959.0,10jqka,post_close,2026-04-28 15:00:00,2026-04-28,1,1,,,ok,2026-04-28,100.08,100.2,100.29,99.9,123415.0,0.0,-0.97,-0.97,0.769,0.82,-0.49,-1.27,-2.17,-9.55,0.231,False,False,0.0
2026-04-28,603259,药明康德,13,13385.0,10jqka,post_close,2026-04-28 15:00:00,2026-04-17,2,1,93.0,80.0,ok,2026-04-28,110.5,110.57,110.57,108.02,538372.0,10.0,10.36,12.2,1.0,1.72,8.27,8.32,7.57,0.0,0.0,True,False,0.0
2026-04-28,002709,天赐材料,14,13003.0,10jqka,post_close,2026-04-28 15:00:00,2026-04-10,10,3,8.0,-6.0,ok,2026-04-28,56.2,53.93,56.7,53.46,1618855.0,-1.87,9.81,2.16,0.145,1.13,2.59,5.68,11.93,-4.89,0.154,False,False,0.0
2026-04-28,603318,水发燃气,15,12968.0,10jqka,post_close,2026-04-28 15:00:00,2026-04-24,3,3,23.0,8.0,ok,2026-04-28,13.0,13.78,13.78,12.55,1408369.0,9.98,33.14,61.17,1.0,2.4,19.91,41.55,57.62,0.0,0.0,True,False,0.0
2026-04-28,002217,合力泰,16,11976.0,10jqka,post_close,2026-04-28 15:00:00,2026-04-17,7,2,78.0,62.0,ok,2026-04-28,3.26,2.98,3.26,2.95,15530478.0,0.68,7.58,0.0,0.097,1.89,3.98,7.23,15.26,-8.59,0.0,False,False,0.0
2026-04-28,600759,洲际油气,17,11930.0,10jqka,post_close,2026-04-28 15:00:00,2026-04-13,2,1,78.0,61.0,ok,2026-04-27,5.13,5.18,5.25,5.05,2585677.0,0.19,0.97,-0.77,0.65,0.81,-0.19,-1.35,-5.03,-43.01,0.35,False,False,1.0
2026-04-28,601012,隆基绿能,18,11862.0,10jqka,post_close,2026-04-28 15:00:00,2026-04-10,3,1,46.0,28.0,ok,2026-04-28,17.03,16.95,17.21,16.89,977873.0,-1.11,-3.31,-3.64,0.187,0.98,-2.09,-2.66,-2.27,-15.46,0.562,False,False,0.0
2026-04-28,002636,金安国纪,19,11829.0,10jqka,post_close,2026-04-28 15:00:00,2026-04-22,2,1,88.0,69.0,ok,2026-04-28,45.0,46.28,48.51,44.34,805141.0,4.94,7.01,10.51,0.465,1.71,4.69,10.83,23.15,-4.6,0.535,False,False,0.0
2026-04-28,600152,维科技术,20,11758.0,10jqka,post_close,2026-04-28 15:00:00,2026-04-14,7,3,84.0,64.0,ok,2026-04-28,14.55,15.69,15.69,14.55,755336.0,10.03,33.19,20.6,1.0,0.67,16.69,18.17,33.5,0.0,0.0,True,False,0.0
2026-04-28,002361,神剑股份,21,11509.0,10jqka,post_close,2026-04-28 15:00:00,2026-04-10,13,13,4.0,-17.0,ok,2026-04-28,20.66,20.02,21.91,19.9,3065126.0,-7.57,-12.92,-11.77,0.06,0.96,-8.82,-4.51,6.87,-16.41,0.622,False,False,0.0
2026-04-28,600744,华银电力,22,11335.0,10jqka,post_close,2026-04-28 15:00:00,2026-04-23,2,1,84.0,62.0,ok,2026-04-28,7.8,8.67,8.67,7.75,1972781.0,10.03,2.36,4.96,1.0,1.07,5.42,8.38,12.82,-11.26,0.0,True,False,0.0
2026-04-28,000938,紫光股份,23,11275.0,10jqka,post_close,2026-04-28 15:00:00,2026-04-14,5,2,83.0,60.0,ok,2026-04-28,31.85,31.58,32.28,31.0,1414523.0,-1.89,1.22,14.38,0.453,0.58,1.08,6.87,13.33,-3.9,0.336,False,False,0.0
2026-04-28,600770,综艺股份,24,11191.0,10jqka,post_close,2026-04-28 15:00:00,2026-04-24,3,3,75.0,51.0,ok,2026-04-28,6.71,7.66,7.66,6.62,1909438.0,10.06,20.82,35.34,1.0,2.08,13.68,23.01,29.8,-0.13,0.0,True,False,0.0
2026-04-28,002475,立讯精密,25,11152.0,10jqka,post_close,2026-04-28 15:00:00,2026-04-10,13,13,7.0,-18.0,ok,2026-04-28,71.02,69.88,72.4,68.95,2159908.0,-2.9,3.11,6.28,0.27,0.82,1.67,6.83,18.03,-3.75,0.4,False,False,0.0
2026-04-28,000062,深圳华强,26,11089.0,10jqka,post_close,2026-04-28 15:00:00,2026-04-22,4,3,65.0,39.0,ok,2026-04-28,38.18,36.1,39.1,35.64,1451837.0,-4.17,16.0,21.67,0.133,1.73,5.08,13.28,22.82,-7.67,0.266,False,False,0.0
2026-04-28,002580,圣阳股份,27,11032.0,10jqka,post_close,2026-04-28 15:00:00,2026-04-10,13,13,1.0,-26.0,ok,2026-04-28,28.45,29.5,29.8,28.02,1327648.0,2.36,9.38,-0.67,0.831,0.95,5.57,3.12,26.52,-12.31,0.169,False,False,0.0
2026-04-28,000651,格力电器,28,10973.0,10jqka,post_close,2026-04-28 15:00:00,2026-04-28,1,1,,,ok,2026-04-28,37.41,38.44,38.47,37.36,725043.0,2.48,4.0,4.15,0.973,2.43,2.8,3.2,2.8,-2.88,0.027,False,False,0.0
2026-04-28,600111,北方稀土,29,10811.0,10jqka,post_close,2026-04-28 15:00:00,2026-04-10,6,1,73.0,44.0,ok,2026-04-28,46.9,46.32,47.2,46.28,481496.0,-1.09,-1.78,-8.46,0.043,0.54,-2.57,-4.93,-6.1,-27.14,0.326,False,False,0.0
2026-04-28,600410,华胜天成,30,10621.0,10jqka,post_close,2026-04-28 15:00:00,2026-04-10,13,13,28.0,-2.0,ok,2026-04-28,23.42,23.4,24.53,23.4,1209110.0,-10.0,-14.97,-16.13,0.0,0.76,-11.92,-14.45,-12.86,-31.8,0.982,False,False,0.0
2026-04-28,002225,濮耐股份,31,9958.0,10jqka,post_close,2026-04-28 15:00:00,2026-04-28,1,1,,,ok,2026-04-28,4.34,4.34,4.34,4.34,69250.0,-9.96,-24.39,-24.78,1.0,0.34,-16.73,-20.43,-19.97,-37.91,,False,False,0.0
2026-04-28,002261,拓维信息,32,9934.0,10jqka,post_close,2026-04-28 15:00:00,2026-04-15,7,3,22.0,-10.0,ok,2026-04-28,36.88,35.03,37.0,34.47,2023228.0,-8.54,-8.35,-3.1,0.221,1.25,-7.55,-6.45,-3.37,-20.49,0.047,False,False,0.0
2026-04-28,600186,莲花控股,33,9853.0,10jqka,post_close,2026-04-28 15:00:00,2026-04-15,8,6,43.0,10.0,ok,2026-04-28,9.36,9.84,10.15,9.23,3858841.0,5.35,4.13,21.63,0.663,1.21,6.13,14.37,23.98,-3.05,0.337,False,False,0.0
2026-04-28,002230,科大讯飞,34,9700.0,10jqka,post_close,2026-04-28 15:00:00,2026-04-28,1,1,,,ok,2026-04-28,49.58,49.17,50.03,48.9,350863.0,-1.28,0.57,0.8,0.239,0.93,-0.24,0.75,2.72,-22.01,0.398,False,False,0.0
2026-04-28,002851,麦格米特,35,9297.0,10jqka,post_close,2026-04-28 15:00:00,2026-04-28,1,1,,,ok,2026-04-28,107.5,105.1,108.5,104.5,143243.0,-2.72,-1.28,-2.2,0.15,0.65,-1.32,-1.62,1.25,-25.14,0.25,False,False,0.0
2026-04-28,300308,中际旭创,36,9234.0,10jqka,post_close,2026-04-28 15:00:00,2026-04-10,13,13,39.0,3.0,ok,2026-04-28,853.0,824.0,853.0,820.0,295109.0,-3.74,-8.14,-4.72,0.121,0.95,-5.28,-3.09,9.11,-10.43,0.0,False,False,0.0
2026-04-28,002506,协鑫集成,37,9031.0,10jqka,post_close,2026-04-28 15:00:00,2026-04-13,7,1,85.0,48.0,ok,2026-04-28,4.35,4.35,4.44,4.31,2993790.0,-0.46,-4.61,-10.86,0.308,0.56,-2.68,-3.61,-3.5,-31.6,0.692,False,False,0.0
2026-04-28,600487,亨通光电,38,8971.0,10jqka,post_close,2026-04-28 15:00:00,2026-04-10,13,13,5.0,-33.0,ok,2026-04-28,70.0,68.29,71.6,67.68,1765843.0,-4.33,-1.77,14.2,0.156,0.78,-0.89,9.07,15.64,-8.32,0.408,False,False,0.0
2026-04-28,002176,江特电机,39,8922.0,10jqka,post_close,2026-04-28 15:00:00,2026-04-24,3,3,35.0,-4.0,ok,2026-04-28,14.17,14.63,14.98,14.13,2664209.0,0.97,18.17,24.94,0.588,1.21,8.35,18.23,27.84,-2.34,0.412,False,False,0.0
2026-04-28,000547,航天发展,40,8740.0,10jqka,post_close,2026-04-28 15:00:00,2026-04-14,8,2,14.0,-26.0,ok,2026-04-28,25.06,23.5,25.06,23.5,1534235.0,-7.26,-10.37,-16.1,0.0,1.0,-8.6,-12.11,-12.46,-32.16,0.0,False,False,0.0
2026-04-28,002175,东方智造,41,8661.0,10jqka,post_close,2026-04-28 15:00:00,2026-04-28,1,1,,,ok,2026-04-28,2.7,2.89,2.89,2.7,1211716.0,9.89,19.42,15.14,1.0,1.98,12.36,11.97,4.65,-36.34,0.0,True,False,0.0
2026-04-28,301396,宏景科技,42,8582.0,10jqka,post_close,2026-04-28 15:00:00,2026-04-15,4,1,83.0,41.0,ok,2026-04-28,320.0,335.99,346.4,304.5,145756.0,7.27,0.8,20.28,0.752,1.09,2.48,11.22,38.14,-3.62,0.248,False,False,0.0
2026-04-28,601318,中国平安,43,8469.0,10jqka,post_close,2026-04-28 15:00:00,2026-04-28,1,1,,,ok,2026-04-28,57.47,57.63,58.11,57.2,624602.0,0.14,-0.43,-0.69,0.473,1.05,-0.25,-0.74,-0.68,-16.6,0.527,False,False,0.0
2026-04-28,603516,淳中科技,44,8424.0,10jqka,post_close,2026-04-28 15:00:00,2026-04-28,1,1,,,ok,2026-04-28,138.35,143.68,148.78,138.35,74283.0,-1.73,-1.18,-2.26,0.511,1.13,-1.62,-1.61,0.52,-34.07,0.489,False,False,0.0
2026-04-28,000593,德龙汇能,45,8334.0,10jqka,post_close,2026-04-28 15:00:00,2026-04-28,1,1,,,ok,2026-04-28,24.0,25.44,25.44,23.6,533798.0,9.99,29.53,36.48,1.0,1.73,18.78,28.6,38.54,0.0,0.0,True,False,0.0
2026-04-28,301308,江波龙,46,8136.0,10jqka,post_close,2026-04-28 15:00:00,2026-04-27,2,2,33.0,-13.0,ok,2026-04-28,399.99,381.7,411.02,381.5,263435.0,-2.99,6.56,1.53,0.007,1.72,1.02,1.66,9.84,-7.13,0.374,False,False,0.0
2026-04-28,000889,中嘉博创,47,7967.0,10jqka,post_close,2026-04-28 15:00:00,2026-04-10,10,3,82.0,35.0,ok,2026-04-28,4.46,4.91,4.91,4.45,2483285.0,10.09,12.87,5.36,1.0,1.2,6.14,2.38,16.08,-9.91,0.0,True,False,0.0
2026-04-28,300548,长芯博创,48,7867.0,10jqka,post_close,2026-04-28 15:00:00,2026-04-28,1,1,,,ok,2026-04-28,258.31,246.96,259.68,244.98,149699.0,-3.21,-8.86,-6.75,0.135,0.8,-5.91,-3.97,9.59,-14.84,0.093,False,False,0.0
2026-04-28,300212,易华录,49,7829.0,10jqka,post_close,2026-04-28 15:00:00,2026-04-28,1,1,,,ok,2026-04-28,8.28,8.19,8.6,8.1,328460.0,-1.09,3.67,-1.8,0.18,1.06,1.84,0.68,-5.61,-51.51,0.64,False,False,0.0
2026-04-28,603538,美诺华,50,7786.0,10jqka,post_close,2026-04-28 15:00:00,2026-04-10,13,13,19.0,-31.0,ok,2026-04-28,56.0,60.12,61.5,55.41,572294.0,6.6,8.23,14.45,0.773,0.99,7.3,9.69,21.73,-2.24,0.227,False,False,0.0
2026-04-28,000596,古井贡酒,51,7763.0,10jqka,post_close,2026-04-28 15:00:00,2026-04-28,1,1,,,ok,2026-04-28,105.6,106.6,107.38,105.13,20743.0,0.4,-2.97,1.26,0.653,0.67,-0.76,-0.05,0.54,-23.45,0.347,False,False,0.0
2026-04-28,300757,罗博特科,52,7725.0,10jqka,post_close,2026-04-28 15:00:00,2026-04-28,1,1,,,ok,2026-04-28,520.01,506.05,525.33,501.88,52588.0,-2.4,-1.91,-6.52,0.178,0.7,-2.61,-2.2,4.95,-10.59,0.227,False,False,0.0
2026-04-28,000925,众合科技,53,7632.0,10jqka,post_close,2026-04-28 15:00:00,2026-04-24,2,1,47.0,-6.0,ok,2026-04-28,10.28,9.76,10.49,9.37,2236438.0,-3.56,16.75,31.54,0.348,6.03,8.35,19.29,27.6,-6.96,0.188,False,False,0.0
2026-04-28,002463,沪电股份,54,7513.0,10jqka,post_close,2026-04-28 15:00:00,2026-04-10,13,13,85.0,31.0,ok,2026-04-28,104.94,101.88,105.33,101.11,525078.0,-2.93,-4.45,2.06,0.182,0.64,-1.87,1.7,11.32,-6.75,0.092,False,False,0.0
2026-04-28,600150,中国船舶,55,7496.0,10jqka,post_close,2026-04-28 15:00:00,2026-04-20,3,1,46.0,-9.0,ok,2026-04-28,38.71,41.32,41.97,38.59,2628896.0,7.58,7.05,13.77,0.808,1.75,6.71,13.62,21.19,-1.55,0.192,False,False,0.0
2026-04-28,002074,国轩高科,56,7428.0,10jqka,post_close,2026-04-28 15:00:00,2026-04-10,4,1,75.0,19.0,ok,2026-04-28,39.45,39.04,39.58,38.67,401820.0,-1.06,-1.81,-3.75,0.407,0.67,-1.73,-1.88,2.71,-7.27,0.143,False,False,0.0
2026-04-28,002202,金风科技,57,7168.0,10jqka,post_close,2026-04-28 15:00:00,2026-04-10,13,13,20.0,-37.0,ok,2026-04-28,26.45,25.51,26.5,25.4,1763623.0,-3.84,-0.74,-2.37,0.1,0.98,-1.47,-0.96,1.71,-23.39,0.045,False,False,0.0
2026-04-28,600227,赤天化,58,7021.0,10jqka,post_close,2026-04-28 15:00:00,2026-04-28,1,1,,,ok,2026-04-28,3.68,4.05,4.05,3.68,2568665.0,10.05,10.05,14.41,1.0,1.1,6.97,10.75,8.93,-25.0,0.0,True,False,0.0
2026-04-28,002902,铭普光磁,59,7015.0,10jqka,post_close,2026-04-28 15:00:00,2026-04-13,3,1,57.0,-2.0,ok,2026-04-28,29.65,31.47,31.47,29.18,323800.0,10.0,16.47,7.41,1.0,0.97,10.34,7.44,9.15,-1.5,0.0,True,False,0.0
2026-04-28,002384,东山精密,60,6982.0,10jqka,post_close,2026-04-28 15:00:00,2026-04-10,13,13,42.0,-18.0,ok,2026-04-28,187.0,183.9,190.2,181.01,789533.0,-1.5,-1.48,8.56,0.314,0.79,-1.29,7.21,25.03,-6.17,0.348,False,False,0.0
2026-04-28,601899,紫金矿业,61,6946.0,10jqka,post_close,2026-04-28 15:00:00,2026-04-10,13,13,34.0,-27.0,ok,2026-04-28,33.33,32.95,33.46,32.88,2070092.0,-1.82,-4.22,-7.6,0.121,0.68,-3.51,-4.82,-3.4,-26.68,0.224,False,False,0.0
2026-04-28,600105,永鼎股份,62,6913.0,10jqka,post_close,2026-04-28 15:00:00,2026-04-10,13,13,49.0,-13.0,ok,2026-04-28,48.6,44.85,49.35,44.53,1984599.0,-7.56,-7.53,8.36,0.066,1.24,-5.14,2.42,16.57,-12.06,0.156,False,False,0.0
2026-04-28,002407,多氟多,63,6857.0,10jqka,post_close,2026-04-28 15:00:00,2026-04-14,5,3,25.0,-38.0,ok,2026-04-28,34.18,33.76,34.4,33.0,1550031.0,-2.2,12.38,5.67,0.543,0.95,3.39,7.01,13.08,-3.24,0.157,False,False,0.0
2026-04-28,601016,节能风电,64,6789.0,10jqka,post_close,2026-04-28 15:00:00,2026-04-23,4,4,37.0,-27.0,ok,2026-04-28,4.51,4.73,4.85,4.43,7459503.0,1.72,5.58,13.43,0.714,1.04,5.53,10.49,13.36,-17.45,0.286,False,False,0.0
2026-04-28,002210,飞马国际,65,6754.0,10jqka,post_close,2026-04-28 15:00:00,2026-04-28,1,1,,,ok,2026-04-28,2.94,3.01,3.01,2.8,1693294.0,9.85,19.44,16.22,1.0,3.07,12.9,15.02,15.44,-10.95,0.0,True,False,0.0
2026-04-28,002015,协鑫能科,66,6716.0,10jqka,post_close,2026-04-28 15:00:00,2026-04-15,10,10,12.0,-54.0,ok,2026-04-28,18.1,18.87,19.19,17.94,1383283.0,3.06,-8.75,-0.21,0.744,0.75,-2.97,-0.72,4.53,-17.92,0.256,False,False,0.0
2026-04-28,300540,蜀道装备,67,6693.0,10jqka,post_close,2026-04-28 15:00:00,2026-04-28,1,1,,,ok,2026-04-28,31.31,36.12,36.12,31.31,376470.0,20.0,17.58,28.54,1.0,0.95,15.96,32.16,52.69,0.0,0.0,True,False,0.0
2026-04-28,600089,特变电工,68,6640.0,10jqka,post_close,2026-04-28 15:00:00,2026-04-10,9,2,89.0,21.0,ok,2026-04-28,26.45,26.84,27.2,26.14,1450330.0,1.21,-3.03,-2.58,0.66,1.06,-0.95,-2.19,-0.57,-19.35,0.34,False,False,0.0
2026-04-28,600736,苏州高新,69,6627.0,10jqka,post_close,2026-04-28 15:00:00,2026-04-21,6,6,81.0,12.0,ok,2026-04-28,7.25,7.82,8.39,7.08,2509442.0,2.22,-6.57,13.01,0.565,1.82,-2.13,8.97,18.35,-15.09,0.435,False,False,0.0
2026-04-28,688268,华特气体,70,6515.0,10jqka,post_close,2026-04-28 15:00:00,2026-04-24,2,1,31.0,-39.0,ok,2026-04-28,189.0,208.27,213.07,180.5,17015213.0,14.43,41.36,74.96,0.853,1.04,22.18,53.99,78.25,-2.25,0.147,True,False,0.0
2026-04-28,300274,阳光电源,71,6480.0,10jqka,post_close,2026-04-28 15:00:00,2026-04-10,7,2,79.0,8.0,ok,2026-04-28,125.67,129.89,132.5,124.81,1238034.0,-1.14,-3.43,-4.65,0.661,2.21,-2.56,-2.95,-2.04,-28.63,0.339,False,False,0.0
2026-04-28,600584,长电科技,72,6427.0,10jqka,post_close,2026-04-28 15:00:00,2026-04-10,3,2,90.0,18.0,ok,2026-04-28,46.1,45.1,46.49,44.76,804400.0,-2.63,1.55,2.43,0.197,1.11,-0.32,1.11,5.62,-12.26,0.225,False,False,0.0
2026-04-28,300760,迈瑞医疗,73,6413.0,10jqka,post_close,2026-04-28 15:00:00,2026-04-28,1,1,,,ok,2026-04-28,157.77,161.11,162.9,157.6,126775.0,1.96,0.04,1.42,0.662,1.49,0.6,1.0,0.69,-18.1,0.338,False,False,0.0
2026-04-28,601179,中国西电,74,6328.0,10jqka,post_close,2026-04-28 15:00:00,2026-04-10,11,10,68.0,-6.0,ok,2026-04-28,16.91,17.2,17.5,16.51,2106943.0,1.65,-4.55,-3.86,0.697,1.0,-1.49,-2.13,3.66,-16.71,0.303,False,False,0.0
2026-04-28,603778,国晟科技,75,6285.0,10jqka,post_close,2026-04-28 15:00:00,2026-04-10,13,13,48.0,-27.0,ok,2026-04-28,26.21,25.27,26.65,25.02,539291.0,-4.14,-4.79,-12.86,0.153,0.58,-3.4,-4.26,-10.52,-26.26,0.27,False,False,0.0
2026-04-28,600666,奥瑞德,76,6252.0,10jqka,post_close,2026-04-28 15:00:00,2026-04-10,12,1,66.0,-10.0,ok,2026-04-28,5.93,5.54,5.98,5.51,3094829.0,-4.65,-15.55,-17.8,0.064,0.71,-9.83,-14.49,-12.74,-26.82,0.106,False,False,0.0
2026-04-28,003026,中晶科技,77,6232.0,10jqka,post_close,2026-04-28 15:00:00,2026-04-28,1,1,,,ok,2026-04-28,40.83,45.28,45.28,40.6,150109.0,10.01,18.97,20.62,1.0,1.63,12.11,16.98,21.68,0.0,0.0,True,False,0.0
2026-04-28,300502,新易盛,78,6184.0,10jqka,post_close,2026-04-28 15:00:00,2026-04-10,11,5,53.0,-25.0,ok,2026-04-28,537.34,535.46,548.0,517.01,357953.0,-0.47,-11.97,-7.44,0.595,0.71,-5.79,-4.84,2.59,-14.71,0.344,False,False,0.0
2026-04-28,002617,露笑科技,79,6141.0,10jqka,post_close,2026-04-28 15:00:00,2026-04-28,1,1,,,ok,2026-04-28,7.69,7.51,7.7,7.47,744197.0,-3.35,-5.06,-2.72,0.174,1.08,-3.87,-3.23,-0.88,-21.53,0.043,False,False,0.0
2026-04-28,002342,巨力索具,80,6140.0,10jqka,post_close,2026-04-28 15:00:00,2026-04-10,13,13,13.0,-67.0,ok,2026-04-28,18.44,18.48,18.94,17.77,1924778.0,0.33,-2.53,-13.73,0.607,0.79,-2.8,-3.65,9.13,-13.73,0.393,False,False,0.0
2026-04-28,600036,招商银行,81,6048.0,10jqka,post_close,2026-04-28 15:00:00,2026-04-28,1,1,,,ok,2026-04-28,39.38,39.6,39.63,39.26,669305.0,0.56,-0.53,-0.68,0.919,1.05,0.05,-0.25,0.19,-1.88,0.081,False,False,0.0
2026-04-28,600734,实达集团,82,6038.0,10jqka,post_close,2026-04-28 15:00:00,2026-04-21,2,1,25.0,-57.0,ok,2026-04-28,2.35,2.35,2.44,2.31,2044949.0,0.43,-5.24,-14.86,0.308,0.8,-3.69,-18.74,-29.6,-51.84,0.692,False,False,0.0
2026-04-28,600522,中天科技,83,5987.0,10jqka,post_close,2026-04-28 15:00:00,2026-04-10,9,8,6.0,-77.0,ok,2026-04-28,35.78,35.0,36.46,34.0,2647729.0,-2.18,2.73,7.89,0.407,0.86,1.23,9.3,13.19,-4.19,0.276,False,False,0.0
2026-04-28,603985,恒润股份,84,5926.0,10jqka,post_close,2026-04-28 15:00:00,2026-04-15,2,1,19.0,-65.0,ok,2026-04-28,26.1,27.52,27.66,26.0,519712.0,4.28,12.69,14.14,0.916,0.87,6.54,10.62,21.02,-0.51,0.084,False,False,0.0
2026-04-28,000539,粤电力A,85,5909.0,10jqka,post_close,2026-04-28 15:00:00,2026-04-21,4,2,88.0,3.0,ok,2026-04-28,6.7,7.27,7.49,6.62,2603643.0,5.52,1.68,13.77,0.747,1.14,5.61,14.6,22.08,-10.69,0.253,False,False,0.0
2026-04-28,600703,三安光电,86,5819.0,10jqka,post_close,2026-04-28 15:00:00,2026-04-10,10,8,67.0,-19.0,ok,2026-04-28,14.52,13.99,14.68,13.92,2373756.0,-5.02,-9.8,3.02,0.092,0.71,-5.83,0.56,8.21,-25.47,0.211,False,False,0.0
2026-04-28,600879,航天电子,87,5811.0,10jqka,post_close,2026-04-28 15:00:00,2026-04-14,6,2,32.0,-55.0,ok,2026-04-28,23.4,22.34,23.5,22.27,1334237.0,-4.49,-10.71,-12.46,0.057,0.68,-6.59,-7.08,-1.73,-26.0,0.081,False,False,0.0
2026-04-28,000568,泸州老窖,88,5805.0,10jqka,post_close,2026-04-28 15:00:00,2026-04-28,1,1,,,ok,2026-04-28,100.37,100.2,101.37,99.8,67183.0,-0.15,-1.62,-0.41,0.255,0.79,-0.85,-1.17,-2.46,-21.66,0.637,False,False,0.0
2026-04-28,603601,再升科技,89,5763.0,10jqka,post_close,2026-04-28 15:00:00,2026-04-13,11,10,73.0,-16.0,ok,2026-04-28,14.65,15.26,15.95,14.2,2492496.0,2.14,0.73,-6.15,0.606,1.1,1.26,0.86,4.3,-8.35,0.394,False,False,0.0
2026-04-28,603399,永杉锂业,90,5696.0,10jqka,post_close,2026-04-28 15:00:00,2026-04-28,1,1,,,ok,2026-04-28,15.5,16.03,16.03,15.38,552466.0,10.02,18.57,18.92,1.0,0.79,11.6,17.98,27.3,0.0,0.0,True,False,0.0
2026-04-28,300766,每日互动,91,5682.0,10jqka,post_close,2026-04-28 15:00:00,2026-04-24,2,1,92.0,1.0,ok,2026-04-28,30.66,29.33,30.92,28.9,511473.0,-6.14,-24.52,-23.14,0.213,1.07,-17.0,-19.93,-19.5,-41.75,0.129,False,False,0.0
2026-04-28,300223,北京君正,92,5671.0,10jqka,post_close,2026-04-28 15:00:00,2026-04-28,1,1,,,ok,2026-04-28,122.76,124.02,129.0,121.61,297930.0,1.26,3.92,3.13,0.326,1.34,1.73,3.68,8.49,-18.4,0.674,False,False,0.0
2026-04-28,300418,昆仑万维,93,5665.0,10jqka,post_close,2026-04-28 15:00:00,2026-04-28,1,1,,,ok,2026-04-28,50.99,49.6,51.11,49.33,378686.0,-3.07,-5.27,-8.62,0.152,0.62,-3.75,-4.79,-2.37,-24.77,0.067,False,False,0.0
2026-04-28,002115,三维通信,94,5646.0,10jqka,post_close,2026-04-28 15:00:00,2026-04-28,1,1,,,ok,2026-04-28,13.79,14.0,14.26,13.39,2184348.0,5.03,12.18,10.32,0.701,4.06,7.96,9.56,12.44,-14.89,0.299,False,False,0.0
2026-04-28,001896,豫能控股,95,5607.0,10jqka,post_close,2026-04-28 15:00:00,2026-04-13,12,12,46.0,-49.0,ok,2026-04-28,16.09,15.73,16.9,15.66,1593303.0,-4.03,-12.47,-8.01,0.056,0.81,-6.75,-7.98,3.16,-16.55,0.653,False,False,0.0
2026-04-28,600183,生益科技,96,5600.0,10jqka,post_close,2026-04-28 15:00:00,2026-04-28,1,1,,,ok,2026-04-28,77.34,76.62,78.1,74.09,625638.0,-0.07,2.23,5.61,0.631,0.96,1.65,5.99,17.77,-2.39,0.19,False,False,0.0
2026-04-28,002565,顺灏股份,97,5572.0,10jqka,post_close,2026-04-28 15:00:00,2026-04-14,11,11,10.0,-87.0,ok,2026-04-28,19.12,18.85,19.69,18.61,1778394.0,1.51,-4.61,-15.55,0.222,0.72,-4.73,-3.78,4.19,-18.01,0.528,False,False,0.0
2026-04-28,000967,盈峰环境,98,5564.0,10jqka,post_close,2026-04-28 15:00:00,2026-04-14,2,1,65.0,-33.0,ok,2026-04-28,13.0,14.18,14.18,12.9,1978531.0,10.01,3.28,5.43,1.0,0.86,5.19,5.9,23.05,-2.74,0.0,True,False,0.0
2026-04-28,002218,拓日新能,99,5563.0,10jqka,post_close,2026-04-28 15:00:00,2026-04-28,1,1,,,ok,2026-04-28,5.71,5.71,5.71,5.62,798354.0,10.02,6.73,-1.55,1.0,0.88,5.47,3.37,-1.48,-30.2,0.0,True,False,0.0
2026-04-28,002759,天际股份,100,5469.0,10jqka,post_close,2026-04-28 15:00:00,2026-04-14,2,1,9.0,-91.0,ok,2026-04-28,35.0,34.0,35.07,33.49,416127.0,-1.16,6.42,-2.52,0.323,0.85,1.69,-1.2,-2.82,-24.24,0.044,False,False,0.0
2026-04-29,601869,长飞光纤,1,40333.0,10jqka,post_close,2026-04-29 15:00:00,2026-04-10,12,1,92.0,91.0,ok,2026-04-29,365.0,370.52,375.99,358.1,122974.0,-0.8,0.64,-10.07,0.694,0.71,-1.18,-2.18,0.48,-12.38,0.306,False,False,0.0
2026-04-29,603986,兆易创新,2,32768.0,10jqka,post_close,2026-04-29 15:00:00,2026-04-10,7,1,91.0,89.0,ok,2026-04-29,303.01,308.89,311.66,297.0,419200.0,0.45,3.76,-1.62,0.811,1.15,1.45,2.66,10.37,-6.72,0.189,False,False,0.0
2026-04-29,600887,伊利股份,3,27081.0,10jqka,post_close,2026-04-29 15:00:00,2026-04-29,1,1,,,ok,2026-04-29,25.55,26.57,26.59,25.5,1261715.0,4.24,5.23,5.06,0.982,2.53,3.93,4.12,2.8,-3.31,0.018,False,False,0.0
2026-04-29,002176,江特电机,4,22180.0,10jqka,post_close,2026-04-29 15:00:00,2026-04-24,4,4,39.0,35.0,ok,2026-04-29,13.77,16.09,16.09,13.77,3838814.0,9.98,18.14,29.86,1.0,1.64,12.98,24.8,37.11,0.0,0.0,True,False,0.0
2026-04-29,002709,天赐材料,5,20536.0,10jqka,post_close,2026-04-29 15:00:00,2026-04-10,11,4,14.0,9.0,ok,2026-04-29,54.12,59.32,59.32,53.58,1805744.0,9.99,12.48,13.86,1.0,1.25,9.83,13.65,21.4,0.0,0.0,True,False,0.0
2026-04-29,600111,北方稀土,6,15174.0,10jqka,post_close,2026-04-29 15:00:00,2026-04-10,7,2,29.0,23.0,ok,2026-04-29,47.5,50.95,50.95,47.49,1871938.0,10.0,7.85,1.6,1.0,2.33,6.81,4.25,2.95,-19.85,0.0,True,False,0.0
2026-04-29,603501,豪威集团,7,13835.0,10jqka,post_close,2026-04-29 15:00:00,2026-04-27,2,1,99.0,92.0,ok,2026-04-29,102.85,101.59,103.35,99.74,366345.0,-2.21,6.8,7.85,0.512,1.05,2.07,5.25,6.91,-22.37,0.139,False,False,0.0
2026-04-29,002081,金螳螂,8,13335.0,10jqka,post_close,2026-04-29 15:00:00,2026-04-20,8,8,4.0,-4.0,ok,2026-04-29,4.8,5.36,5.36,4.8,3140497.0,10.06,9.61,8.5,1.0,0.91,7.29,17.62,35.54,-1.83,0.0,True,False,0.0
2026-04-29,600186,莲花控股,9,13146.0,10jqka,post_close,2026-04-29 15:00:00,2026-04-15,9,7,33.0,24.0,ok,2026-04-29,9.85,10.82,10.82,9.85,2303049.0,9.96,18.38,25.96,1.0,0.66,11.34,21.34,33.2,0.0,0.0,True,False,0.0
2026-04-29,600759,ST洲际,10,12921.0,10jqka,post_close,2026-04-29 15:00:00,2026-04-13,3,2,17.0,7.0,ok,2026-04-29,4.92,4.92,4.92,4.92,43763.0,-5.02,-6.82,-5.2,1.0,0.01,-4.21,-5.09,-8.88,-45.87,,False,False,0.0
2026-04-29,600396,华电辽能,11,12680.0,10jqka,post_close,2026-04-29 15:00:00,2026-04-10,14,14,11.0,0.0,ok,2026-04-29,10.1,10.43,11.3,10.1,3659514.0,-3.43,13.37,16.67,0.275,1.0,3.51,16.84,27.53,-7.7,0.725,False,False,0.0
2026-04-29,603629,利通电子,12,12550.0,10jqka,post_close,2026-04-29 15:00:00,2026-04-13,13,13,10.0,-2.0,ok,2026-04-29,130.99,131.29,131.29,128.11,144191.0,10.0,19.99,21.34,1.0,0.4,12.21,19.03,45.01,0.0,0.0,True,False,0.0
2026-04-29,600821,金开新能,13,12242.0,10jqka,post_close,2026-04-29 15:00:00,2026-04-15,10,1,72.0,59.0,ok,2026-04-29,8.25,8.67,8.88,8.18,2255257.0,3.96,-2.36,-4.09,0.7,0.86,-1.57,-3.16,0.4,-28.93,0.3,False,False,0.0
2026-04-29,002297,博云新材,14,12039.0,10jqka,post_close,2026-04-29 15:00:00,2026-04-10,13,10,9.0,-5.0,ok,2026-04-29,21.25,23.21,24.36,20.99,2135642.0,2.79,4.08,14.39,0.659,1.13,4.68,14.13,45.05,-4.72,0.341,False,False,0.0
2026-04-29,301217,铜冠铜箔,15,11780.0,10jqka,post_close,2026-04-29 15:00:00,2026-04-29,1,1,,,ok,2026-04-29,57.97,70.98,70.98,57.89,779598.0,20.0,51.02,37.85,1.0,1.67,28.25,37.05,51.92,0.0,0.0,True,False,0.0
2026-04-29,600152,维科技术,16,11595.0,10jqka,post_close,2026-04-29 15:00:00,2026-04-14,8,4,20.0,4.0,ok,2026-04-29,15.2,14.5,15.35,14.12,1820240.0,-7.58,11.88,15.63,0.309,1.73,4.78,7.24,21.29,-7.58,0.122,False,False,0.0
2026-04-29,601138,工业富联,17,11433.0,10jqka,post_close,2026-04-29 15:00:00,2026-04-10,14,14,3.0,-14.0,ok,2026-04-29,67.77,66.26,67.77,64.0,2823039.0,-2.84,1.92,-0.94,0.599,1.06,-1.0,2.77,10.86,-4.11,0.0,False,False,0.0
2026-04-29,603778,国晟科技,18,11374.0,10jqka,post_close,2026-04-29 15:00:00,2026-04-10,14,14,75.0,57.0,ok,2026-04-29,25.0,27.37,27.65,25.0,713465.0,8.31,3.17,4.87,0.894,0.9,3.62,3.48,-3.49,-20.13,0.106,False,False,0.0
2026-04-29,000858,五粮液,19,11296.0,10jqka,post_close,2026-04-29 15:00:00,2026-04-28,2,2,12.0,-7.0,ok,2026-04-29,97.88,98.34,98.58,97.04,338635.0,-1.86,-2.89,-2.29,0.844,2.21,-1.89,-2.6,-3.76,-11.23,0.156,False,False,0.0
2026-04-29,000651,格力电器,20,11251.0,10jqka,post_close,2026-04-29 15:00:00,2026-04-28,2,2,28.0,8.0,ok,2026-04-29,39.99,40.47,40.88,39.6,2007041.0,5.28,9.05,9.56,0.68,5.18,6.23,7.76,7.85,-1.0,0.32,False,False,0.0
2026-04-29,603538,美诺华,21,11177.0,10jqka,post_close,2026-04-29 15:00:00,2026-04-10,14,14,50.0,29.0,ok,2026-04-29,61.26,65.3,65.3,59.85,621092.0,8.62,13.41,29.31,1.0,1.07,10.7,17.05,29.03,0.0,0.0,False,False,0.0
2026-04-29,000890,法尔胜,22,10881.0,10jqka,post_close,2026-04-29 15:00:00,2026-04-10,10,1,77.0,55.0,ok,2026-04-29,16.26,17.2,17.49,15.95,900072.0,8.18,5.91,12.86,0.812,0.89,4.1,14.07,14.86,-2.33,0.188,False,False,0.0
2026-04-29,600875,东方电气,23,10692.0,10jqka,post_close,2026-04-29 15:00:00,2026-04-10,4,1,91.0,68.0,ok,2026-04-29,39.4,39.96,40.17,38.57,614873.0,1.06,-3.64,-5.33,0.869,0.68,-2.6,-3.86,0.42,-11.94,0.131,False,False,0.0
2026-04-29,002580,圣阳股份,24,10546.0,10jqka,post_close,2026-04-29 15:00:00,2026-04-10,14,14,27.0,3.0,ok,2026-04-29,29.1,28.6,29.96,28.31,1271919.0,-3.05,3.25,7.0,0.176,0.8,1.0,-1.17,19.83,-14.98,0.521,False,False,0.0
2026-04-29,600487,亨通光电,25,9828.0,10jqka,post_close,2026-04-29 15:00:00,2026-04-10,14,14,38.0,13.0,ok,2026-04-29,67.0,67.38,68.2,65.35,1237637.0,-1.33,-3.11,2.43,0.712,0.55,-2.66,5.06,12.69,-9.54,0.288,False,False,0.0
2026-04-29,601778,晶科科技,26,9608.0,10jqka,post_close,2026-04-29 15:00:00,2026-04-14,12,12,2.0,-24.0,ok,2026-04-29,6.57,6.96,7.18,6.57,6526741.0,-2.25,-2.93,6.42,0.639,0.84,-1.64,1.83,15.43,-11.68,0.361,False,False,0.0
2026-04-29,002460,赣锋锂业,27,9563.0,10jqka,post_close,2026-04-29 15:00:00,2026-04-10,9,1,94.0,67.0,ok,2026-04-29,81.81,86.9,87.15,80.84,848991.0,5.85,2.25,5.69,0.96,1.25,3.95,3.96,5.1,-1.79,0.04,False,False,0.0
2026-04-29,001896,豫能控股,28,9191.0,10jqka,post_close,2026-04-29 15:00:00,2026-04-13,13,13,95.0,67.0,ok,2026-04-29,15.3,16.93,17.3,15.11,2352561.0,7.63,1.07,-3.26,0.831,1.32,1.05,-1.17,9.88,-10.19,0.169,False,False,0.0
2026-04-29,600726,华电能源,29,9135.0,10jqka,post_close,2026-04-29 15:00:00,2026-04-23,5,5,5.0,-24.0,ok,2026-04-29,6.95,7.1,7.63,6.55,5331039.0,1.14,22.41,48.23,0.509,1.13,12.45,29.8,35.21,-6.95,0.491,False,False,0.0
2026-04-29,300390,天华新能,30,9116.0,10jqka,post_close,2026-04-29 15:00:00,2026-04-10,8,1,60.0,30.0,ok,2026-04-29,92.0,110.5,111.59,91.4,965871.0,18.83,21.43,30.21,0.946,1.39,17.86,22.84,41.87,-0.98,0.054,True,False,0.0
2026-04-29,601888,中国中免,31,8984.0,10jqka,post_close,2026-04-29 15:00:00,2026-04-29,1,1,,,ok,2026-04-29,64.21,65.95,66.1,64.2,251143.0,2.15,0.81,-1.02,0.921,1.32,0.59,-0.78,-2.75,-33.19,0.079,False,False,0.0
2026-04-29,002340,格林美,32,8745.0,10jqka,post_close,2026-04-29 15:00:00,2026-04-21,3,1,51.0,19.0,ok,2026-04-29,8.85,9.64,9.69,8.79,4910115.0,7.95,14.35,12.49,0.944,2.29,8.95,11.38,15.89,-4.08,0.056,False,False,0.0
2026-04-29,603906,龙蟠科技,33,8664.0,10jqka,post_close,2026-04-29 15:00:00,2026-04-16,8,1,74.0,41.0,ok,2026-04-29,29.45,32.99,32.99,29.43,624963.0,10.0,1.32,15.27,1.0,0.7,4.73,13.57,28.67,-2.4,0.0,True,False,0.0
2026-04-29,002181,粤传媒,34,8632.0,10jqka,post_close,2026-04-29 15:00:00,2026-04-16,2,1,100.0,66.0,ok,2026-04-29,14.5,14.99,15.32,14.35,1133450.0,3.95,14.95,15.49,0.66,1.38,7.21,8.84,14.52,-2.15,0.34,False,False,0.0
2026-04-29,001309,德明利,35,8613.0,10jqka,post_close,2026-04-29 15:00:00,2026-04-10,6,1,89.0,54.0,ok,2026-04-29,491.22,522.93,525.0,485.5,175813.0,5.35,6.75,-0.39,0.948,1.2,4.92,3.0,12.82,-4.04,0.052,False,False,0.0
2026-04-29,603399,永杉锂业,36,8294.0,10jqka,post_close,2026-04-29 15:00:00,2026-04-28,2,2,90.0,54.0,ok,2026-04-29,15.92,17.63,17.63,15.73,615455.0,9.98,22.86,32.06,1.0,0.98,15.83,24.64,36.57,0.0,0.0,True,False,0.0
2026-04-29,600884,杉杉股份,37,8281.0,10jqka,post_close,2026-04-29 15:00:00,2026-04-10,2,1,84.0,47.0,ok,2026-04-29,15.53,16.9,17.04,15.42,2097027.0,7.23,11.77,11.48,0.914,1.56,7.4,10.78,15.17,-0.82,0.086,False,False,0.0
2026-04-29,002202,金风科技,38,8176.0,10jqka,post_close,2026-04-29 15:00:00,2026-04-10,14,14,57.0,19.0,ok,2026-04-29,25.23,25.73,25.89,25.07,1292192.0,0.86,0.98,-1.91,0.805,0.72,-0.23,-0.38,2.71,-22.73,0.195,False,False,0.0
2026-04-29,002407,多氟多,39,8040.0,10jqka,post_close,2026-04-29 15:00:00,2026-04-14,6,4,63.0,24.0,ok,2026-04-29,33.33,35.87,36.3,33.33,2116764.0,6.25,8.57,12.41,0.855,1.31,7.25,11.63,18.55,-1.18,0.145,False,False,0.0
2026-04-29,603127,昭衍新药,40,7922.0,10jqka,post_close,2026-04-29 15:00:00,2026-04-15,2,1,82.0,42.0,ok,2026-04-29,39.1,38.64,39.2,37.36,433624.0,-3.28,2.74,2.44,0.696,1.35,1.3,1.97,3.07,-7.78,0.054,False,False,0.0
2026-04-29,601016,节能风电,41,7726.0,10jqka,post_close,2026-04-29 15:00:00,2026-04-23,5,5,64.0,23.0,ok,2026-04-29,4.6,4.56,4.78,4.53,5751216.0,-3.59,1.79,12.04,0.12,0.77,-0.44,5.17,8.92,-20.42,0.72,False,False,0.0
2026-04-29,002217,合力泰,42,7697.0,10jqka,post_close,2026-04-29 15:00:00,2026-04-17,8,3,16.0,-26.0,ok,2026-04-29,2.94,3.07,3.13,2.85,10811522.0,3.02,14.13,4.78,0.786,1.26,6.08,7.91,17.13,-5.83,0.214,False,False,0.0
2026-04-29,600089,特变电工,43,7659.0,10jqka,post_close,2026-04-29 15:00:00,2026-04-10,10,3,68.0,25.0,ok,2026-04-29,26.85,27.25,27.3,26.48,1290572.0,1.53,1.08,-0.87,0.939,0.9,0.74,-0.35,0.81,-18.12,0.061,False,False,0.0
2026-04-29,301308,江波龙,44,7638.0,10jqka,post_close,2026-04-29 15:00:00,2026-04-27,3,3,46.0,2.0,ok,2026-04-29,381.1,414.3,416.3,380.01,231871.0,8.54,11.02,8.25,0.945,1.26,7.84,9.1,17.25,-0.48,0.055,False,False,0.0
2026-04-29,603738,泰晶科技,45,7608.0,10jqka,post_close,2026-04-29 15:00:00,2026-04-17,5,1,68.0,23.0,ok,2026-04-29,35.88,39.82,39.82,35.01,681475.0,10.0,0.03,12.11,1.0,0.84,3.83,13.42,30.13,-7.4,0.0,True,False,0.0
2026-04-29,002594,比亚迪,46,7585.0,10jqka,post_close,2026-04-29 15:00:00,2026-04-10,11,2,6.0,-40.0,ok,2026-04-29,101.47,105.4,105.64,101.0,1056558.0,3.86,5.97,3.72,0.948,2.47,3.61,2.93,3.42,-5.74,0.052,False,False,0.0
2026-04-29,002156,通富微电,47,7475.0,10jqka,post_close,2026-04-29 15:00:00,2026-04-17,3,1,24.0,-23.0,ok,2026-04-29,49.3,49.5,49.84,48.11,925046.0,-1.49,2.23,1.25,0.803,0.81,0.36,1.56,6.89,-11.27,0.197,False,False,0.0
2026-04-29,000973,佛塑科技,48,7371.0,10jqka,post_close,2026-04-29 15:00:00,2026-04-14,5,1,74.0,26.0,ok,2026-04-29,19.34,21.29,21.29,18.3,1170756.0,10.03,12.11,16.91,1.0,1.52,10.19,14.25,16.12,0.0,0.0,True,False,0.0
2026-04-29,600406,国电南瑞,49,7334.0,10jqka,post_close,2026-04-29 15:00:00,2026-04-29,1,1,,,ok,2026-04-29,26.26,26.62,26.64,26.24,864313.0,2.11,0.3,-1.44,0.95,1.12,0.52,-0.44,0.6,-16.97,0.05,False,False,0.0
2026-04-29,002466,天齐锂业,50,7200.0,10jqka,post_close,2026-04-29 15:00:00,2026-04-13,6,1,69.0,19.0,ok,2026-04-29,73.0,75.52,75.8,71.07,1168530.0,4.12,2.47,6.77,0.941,1.21,3.92,7.33,16.96,-0.37,0.059,False,False,0.0
2026-04-29,002361,神剑股份,51,7186.0,10jqka,post_close,2026-04-29 15:00:00,2026-04-10,14,14,21.0,-30.0,ok,2026-04-29,19.86,20.05,20.82,19.62,2425719.0,0.15,-6.57,-15.22,0.358,0.78,-5.58,-5.05,6.03,-16.28,0.642,False,False,0.0
2026-04-29,002192,融捷股份,52,7130.0,10jqka,post_close,2026-04-29 15:00:00,2026-04-13,3,1,79.0,27.0,ok,2026-04-29,90.44,99.29,99.29,88.88,399813.0,10.0,15.08,21.75,1.0,1.32,11.64,16.29,24.87,0.0,0.0,True,False,0.0
2026-04-29,600392,盛和资源,53,7096.0,10jqka,post_close,2026-04-29 15:00:00,2026-04-29,1,1,,,ok,2026-04-29,24.02,26.19,26.19,23.99,1109732.0,10.0,4.84,-4.35,1.0,1.54,5.42,1.7,4.84,-22.24,0.0,True,False,0.0
2026-04-29,002645,华宏科技,54,7073.0,10jqka,post_close,2026-04-29 15:00:00,2026-04-29,1,1,,,ok,2026-04-29,21.43,23.43,23.43,21.43,247478.0,10.0,4.55,1.3,1.0,0.63,5.38,4.06,10.52,-2.98,0.0,True,False,0.0
2026-04-29,600438,通威股份,55,7023.0,10jqka,post_close,2026-04-29 15:00:00,2026-04-13,2,1,66.0,11.0,ok,2026-04-29,17.01,17.33,17.46,16.81,530829.0,0.58,-2.91,-6.17,0.8,0.88,-1.94,-2.92,0.79,-18.49,0.2,False,False,0.0
2026-04-29,002240,盛新锂能,56,6920.0,10jqka,post_close,2026-04-29 15:00:00,2026-04-14,4,1,33.0,-23.0,ok,2026-04-29,50.11,54.63,55.54,49.8,706490.0,7.05,7.26,13.81,0.841,1.35,7.11,8.99,19.14,-1.64,0.159,False,False,0.0
2026-04-29,300438,鹏辉能源,57,6703.0,10jqka,post_close,2026-04-29 15:00:00,2026-04-29,1,1,,,ok,2026-04-29,66.83,81.0,81.0,65.87,738366.0,20.0,16.88,19.29,1.0,2.09,14.04,16.53,29.3,0.0,0.0,True,False,0.0
2026-04-29,601360,三六零,58,6554.0,10jqka,post_close,2026-04-29 15:00:00,2026-04-29,1,1,,,ok,2026-04-29,10.82,10.96,11.01,10.8,693568.0,0.74,-0.63,-1.17,0.762,0.91,-0.29,-0.66,0.72,-17.84,0.238,False,False,0.0
2026-04-29,600150,中国船舶,59,6548.0,10jqka,post_close,2026-04-29 15:00:00,2026-04-20,4,2,55.0,-4.0,ok,2026-04-29,41.0,41.16,41.48,40.84,1122602.0,-0.39,6.08,12.83,0.5,0.65,3.79,10.61,18.92,-1.93,0.5,False,False,0.0
2026-04-29,600460,士兰微,60,6541.0,10jqka,post_close,2026-04-29 15:00:00,2026-04-27,2,1,47.0,-13.0,ok,2026-04-29,28.1,27.84,28.2,27.44,445115.0,-2.11,0.07,0.83,0.526,1.0,-0.85,0.85,3.81,-20.41,0.132,False,False,0.0
2026-04-29,002310,东方新能,61,6535.0,10jqka,post_close,2026-04-29 15:00:00,2026-04-29,1,1,,,ok,2026-04-29,3.05,3.19,3.3,3.05,4334125.0,5.63,4.25,8.87,0.56,1.52,5.14,6.65,4.99,-22.38,0.44,False,False,0.0
2026-04-29,300769,德方纳米,62,6405.0,10jqka,post_close,2026-04-29 15:00:00,2026-04-29,1,1,,,ok,2026-04-29,54.62,63.72,63.72,53.55,549056.0,20.0,26.4,28.36,1.0,2.27,18.25,24.59,34.46,0.0,0.0,True,False,0.0
2026-04-29,600770,综艺股份,63,6310.0,10jqka,post_close,2026-04-29 15:00:00,2026-04-24,4,4,24.0,-39.0,ok,2026-04-29,7.32,7.89,8.39,7.17,2945450.0,3.0,13.2,36.98,0.59,2.35,10.13,22.25,31.05,-5.96,0.41,False,False,0.0
2026-04-29,603318,水发燃气,64,6266.0,10jqka,post_close,2026-04-29 15:00:00,2026-04-24,4,4,15.0,-49.0,ok,2026-04-29,13.64,14.55,14.89,12.79,1529579.0,5.59,27.74,54.62,0.838,2.12,16.21,39.45,60.3,-2.28,0.162,False,False,0.0
2026-04-29,600736,苏州高新,65,6220.0,10jqka,post_close,2026-04-29 15:00:00,2026-04-21,7,7,69.0,4.0,ok,2026-04-29,7.93,8.4,8.59,7.65,2299282.0,7.42,-1.18,10.38,0.798,1.29,3.09,13.44,24.95,-8.79,0.202,False,False,0.0
2026-04-29,002115,三维通信,66,6213.0,10jqka,post_close,2026-04-29 15:00:00,2026-04-28,2,2,94.0,28.0,ok,2026-04-29,13.72,14.68,15.3,13.6,1995735.0,4.86,21.12,13.71,0.635,2.24,10.19,12.75,16.73,-10.76,0.365,False,False,0.0
2026-04-29,600522,中天科技,67,6202.0,10jqka,post_close,2026-04-29 15:00:00,2026-04-10,10,9,83.0,16.0,ok,2026-04-29,34.2,34.28,34.49,33.33,1784217.0,-2.06,3.22,-1.55,0.819,0.64,-0.55,4.93,10.11,-6.16,0.181,False,False,0.0
2026-04-29,000155,川能动力,68,6190.0,10jqka,post_close,2026-04-29 15:00:00,2026-04-29,1,1,,,ok,2026-04-29,18.0,19.25,19.34,17.76,1274756.0,5.08,9.07,12.44,0.943,1.3,7.15,10.22,13.24,-0.47,0.057,False,False,0.0
2026-04-29,000062,深圳华强,69,6150.0,10jqka,post_close,2026-04-29 15:00:00,2026-04-22,5,4,26.0,-43.0,ok,2026-04-29,35.12,35.65,36.44,34.66,1020952.0,-1.25,4.12,9.22,0.556,0.99,1.99,9.21,19.06,-8.82,0.444,False,False,0.0
2026-04-29,600338,西藏珠峰,70,6148.0,10jqka,post_close,2026-04-29 15:00:00,2026-04-24,2,1,95.0,25.0,ok,2026-04-29,25.24,27.61,27.61,24.7,1367450.0,10.0,22.33,21.1,1.0,1.11,14.44,20.94,36.28,0.0,0.0,True,False,0.0
2026-04-29,002050,三花智控,71,6134.0,10jqka,post_close,2026-04-29 15:00:00,2026-04-15,4,1,96.0,25.0,ok,2026-04-29,43.9,44.82,45.08,43.78,684563.0,1.49,-0.27,-2.76,0.8,0.76,-0.4,-1.38,0.43,-18.54,0.2,False,False,0.0
2026-04-29,000657,中钨高新,72,6087.0,10jqka,post_close,2026-04-29 15:00:00,2026-04-15,5,1,77.0,5.0,ok,2026-04-29,52.07,57.31,57.31,51.8,826627.0,10.0,3.86,-1.41,1.0,0.99,4.2,2.8,10.27,-19.85,0.0,True,False,0.0
2026-04-29,002498,汉缆股份,73,6011.0,10jqka,post_close,2026-04-29 15:00:00,2026-04-15,4,1,54.0,-19.0,ok,2026-04-29,8.34,9.02,9.02,8.33,1703798.0,10.0,4.28,0.67,1.0,1.18,3.46,1.58,7.49,-17.63,0.0,True,False,0.0
2026-04-29,600498,烽火通信,74,5965.0,10jqka,post_close,2026-04-29 15:00:00,2026-04-10,9,1,56.0,-18.0,ok,2026-04-29,51.31,51.5,52.6,50.97,763945.0,-1.53,-1.45,-8.46,0.325,0.64,-1.97,-1.5,0.44,-16.64,0.675,False,False,0.0
2026-04-29,002309,中利集团,75,5943.0,10jqka,post_close,2026-04-29 15:00:00,2026-04-10,8,1,86.0,11.0,ok,2026-04-29,4.26,4.51,4.76,4.23,5463420.0,4.16,9.47,3.2,0.528,1.66,5.77,6.24,1.2,-16.94,0.472,False,False,0.0
2026-04-29,000977,浪潮信息,76,5923.0,10jqka,post_close,2026-04-29 15:00:00,2026-04-10,4,1,52.0,-24.0,ok,2026-04-29,70.48,72.28,73.0,69.69,509649.0,2.05,-3.43,-2.59,0.782,0.65,-0.97,0.37,6.91,-4.88,0.218,False,False,0.0
2026-04-29,000066,中国长城,77,5859.0,10jqka,post_close,2026-04-29 15:00:00,2026-04-24,4,4,8.0,-69.0,ok,2026-04-29,17.33,18.02,18.05,16.84,3562835.0,1.07,9.54,15.44,0.975,1.39,5.68,10.25,15.25,-0.99,0.025,False,False,0.0
2026-04-29,603773,沃格光电,78,5800.0,10jqka,post_close,2026-04-29 15:00:00,2026-04-10,5,1,46.0,-32.0,ok,2026-04-29,64.41,69.74,69.74,64.41,204787.0,10.0,19.62,8.36,1.0,0.81,10.32,16.6,41.08,0.0,0.0,True,False,0.0
2026-04-29,600036,招商银行,79,5641.0,10jqka,post_close,2026-04-29 15:00:00,2026-04-28,2,2,81.0,2.0,ok,2026-04-29,38.91,38.5,39.02,38.34,2533117.0,-2.78,-2.23,-3.12,0.235,3.84,-2.12,-2.67,-2.49,-4.61,0.162,False,False,0.0
2026-04-29,601012,隆基绿能,80,5595.0,10jqka,post_close,2026-04-29 15:00:00,2026-04-10,4,2,18.0,-62.0,ok,2026-04-29,16.28,16.55,16.59,15.82,2455954.0,-2.36,-4.83,-5.7,0.948,2.41,-3.28,-4.5,-4.3,-16.2,0.052,False,False,0.0
2026-04-29,920186,中科仪,81,5556.0,10jqka,post_close,2026-04-29 15:00:00,2026-04-29,1,1,,,ok,2026-04-29,61.0,71.98,79.0,60.0,533276.0,,,,0.631,,0.0,0.0,0.0,-8.89,0.369,False,False,0.0
2026-04-29,301358,湖南裕能,82,5537.0,10jqka,post_close,2026-04-29 15:00:00,2026-04-29,1,1,,,ok,2026-04-29,92.66,107.0,108.99,91.3,629498.0,15.48,22.57,26.19,0.888,1.81,15.52,20.89,31.46,-1.83,0.112,True,False,0.0
2026-04-29,300274,阳光电源,83,5516.0,10jqka,post_close,2026-04-29 15:00:00,2026-04-10,8,3,71.0,-12.0,ok,2026-04-29,129.0,138.07,138.88,127.0,1157470.0,6.3,3.2,0.85,0.932,1.64,3.4,2.84,4.63,-24.13,0.068,False,False,0.0
2026-04-29,002210,飞马国际,84,5486.0,10jqka,post_close,2026-04-29 15:00:00,2026-04-28,2,2,65.0,-19.0,ok,2026-04-29,3.29,3.31,3.31,3.18,1860413.0,9.97,32.93,28.79,1.0,2.36,17.63,22.82,25.47,-2.07,0.0,True,False,0.0
2026-04-29,601899,紫金矿业,85,5455.0,10jqka,post_close,2026-04-29 15:00:00,2026-04-10,14,14,61.0,-24.0,ok,2026-04-29,32.55,34.14,34.2,32.51,3034995.0,3.61,-0.5,-3.91,0.964,1.06,0.79,-1.16,-0.12,-24.03,0.036,False,False,0.0
2026-04-29,002475,立讯精密,86,5453.0,10jqka,post_close,2026-04-29 15:00:00,2026-04-10,14,14,25.0,-61.0,ok,2026-04-29,68.0,68.64,69.77,66.5,2103918.0,-1.77,4.0,0.9,0.654,0.83,-0.31,3.38,14.07,-5.45,0.346,False,False,0.0
2026-04-29,002812,恩捷股份,87,5389.0,10jqka,post_close,2026-04-29 15:00:00,2026-04-14,5,1,25.0,-62.0,ok,2026-04-29,78.53,84.47,85.89,77.8,656359.0,7.59,9.45,13.02,0.824,1.13,7.97,11.59,17.68,-1.65,0.176,False,False,0.0
2026-04-29,300750,宁德时代,88,5385.0,10jqka,post_close,2026-04-29 15:00:00,2026-04-10,13,1,98.0,10.0,ok,2026-04-29,432.0,445.0,445.15,428.0,376336.0,4.05,0.02,1.98,0.991,1.0,1.54,1.64,6.29,-1.79,0.009,False,False,0.0
2026-04-29,600379,宝光股份,89,5357.0,10jqka,post_close,2026-04-29 15:00:00,2026-04-29,1,1,,,ok,2026-04-29,14.6,15.25,15.25,14.08,665113.0,10.03,18.22,30.9,1.0,3.39,14.1,21.09,23.9,0.0,0.0,True,False,0.0
2026-04-29,601868,中国能建,90,5336.0,10jqka,post_close,2026-04-29 15:00:00,2026-04-17,3,1,75.0,-15.0,ok,2026-04-29,2.79,2.85,2.86,2.79,5004257.0,2.52,-1.72,-4.36,0.857,0.72,-0.77,-1.96,-1.21,-27.66,0.143,False,False,0.0
2026-04-29,002655,共达电声,91,5251.0,10jqka,post_close,2026-04-29 15:00:00,2026-04-29,1,1,,,ok,2026-04-29,28.58,30.7,30.7,27.04,913223.0,10.0,22.07,25.51,1.0,2.03,14.24,22.4,35.53,0.0,0.0,True,False,0.0
2026-04-29,600156,华升股份,92,5199.0,10jqka,post_close,2026-04-29 15:00:00,2026-04-17,4,1,60.0,-32.0,ok,2026-04-29,10.15,11.17,11.17,10.14,325002.0,10.05,22.48,10.48,1.0,0.49,12.81,14.82,29.33,-0.36,0.0,True,False,0.0
2026-04-29,603026,石大胜华,93,5195.0,10jqka,post_close,2026-04-29 15:00:00,2026-04-14,2,1,24.0,-69.0,ok,2026-04-29,106.44,119.25,119.25,102.5,277324.0,10.0,14.6,13.74,1.0,1.24,9.65,14.73,25.34,0.0,0.0,True,False,0.0
2026-04-29,600410,华胜天成,94,5169.0,10jqka,post_close,2026-04-29 15:00:00,2026-04-10,14,14,30.0,-64.0,ok,2026-04-29,21.82,22.51,22.83,21.82,1464202.0,-3.8,-17.21,-21.65,0.683,0.96,-11.11,-16.37,-15.81,-34.39,0.317,False,False,0.0
2026-04-29,002342,巨力索具,95,5136.0,10jqka,post_close,2026-04-29 15:00:00,2026-04-10,14,14,80.0,-15.0,ok,2026-04-29,18.13,18.9,19.3,18.0,1901722.0,2.27,-0.79,-6.2,0.692,0.85,0.74,-1.78,10.15,-11.76,0.308,False,False,0.0
2026-04-29,000338,潍柴动力,96,5131.0,10jqka,post_close,2026-04-29 15:00:00,2026-04-29,1,1,,,ok,2026-04-29,30.0,30.15,30.3,29.66,738067.0,0.23,1.89,7.76,0.766,0.57,1.19,6.11,11.29,-1.76,0.234,False,False,0.0
2026-04-29,300476,胜宏科技,97,4995.0,10jqka,post_close,2026-04-29 15:00:00,2026-04-10,10,2,1.0,-96.0,ok,2026-04-29,306.0,333.87,343.1,304.0,625825.0,6.65,5.79,-2.6,0.764,1.47,3.57,2.46,10.54,-4.55,0.236,False,False,0.0
2026-04-29,002384,东山精密,98,4987.0,10jqka,post_close,2026-04-29 15:00:00,2026-04-10,14,14,60.0,-38.0,ok,2026-04-29,180.61,184.25,189.12,176.88,908411.0,0.19,-1.94,-1.12,0.602,0.94,-0.88,5.06,21.91,-5.99,0.398,False,False,0.0
2026-04-29,002131,利欧股份,99,4983.0,10jqka,post_close,2026-04-29 15:00:00,2026-04-10,14,14,7.0,-92.0,ok,2026-04-29,6.49,6.57,6.73,6.48,3626172.0,-0.15,-10.85,-17.67,0.36,0.73,-6.62,-12.97,-14.09,-36.34,0.64,False,False,0.0
2026-04-29,000925,众合科技,100,4952.0,10jqka,post_close,2026-04-29 15:00:00,2026-04-24,3,2,53.0,-47.0,ok,2026-04-29,9.67,9.76,10.74,9.54,2338913.0,0.0,6.09,28.42,0.183,2.94,3.39,15.6,25.58,-9.12,0.817,False,False,0.0
2026-04-30,688256,寒武纪,1,53523.0,10jqka,post_close,2026-04-30 15:00:00,2026-04-30,1,1,,,ok,2026-04-30,1475.0,1699.96,1699.96,1475.0,17884265.0,20.0,25.3,28.49,1.0,2.04,18.05,22.28,32.49,0.0,0.0,True,False,0.0
2026-04-30,002081,金螳螂,2,22243.0,10jqka,post_close,2026-04-30 15:00:00,2026-04-20,9,9,8.0,6.0,ok,2026-04-30,5.17,5.9,5.9,5.07,5756925.0,10.07,33.18,8.66,1.0,1.45,15.91,22.66,44.63,0.0,0.0,True,False,0.0
2026-04-30,603629,利通电子,3,18786.0,10jqka,post_close,2026-04-30 15:00:00,2026-04-13,14,14,12.0,9.0,ok,2026-04-30,142.32,144.41,144.42,136.72,447055.0,9.99,33.1,23.98,0.999,1.54,17.8,25.4,52.87,-0.01,0.001,True,False,0.0
2026-04-30,002202,金风科技,4,18590.0,10jqka,post_close,2026-04-30 15:00:00,2026-04-10,15,15,38.0,34.0,ok,2026-04-30,26.51,27.55,28.18,26.2,3493626.0,7.07,3.84,7.2,0.682,2.02,5.31,5.62,9.51,-17.27,0.318,False,False,0.0
2026-04-30,000858,五粮液,5,18328.0,10jqka,post_close,2026-04-30 15:00:00,2026-04-28,3,3,19.0,14.0,ok,2026-04-30,97.74,97.08,97.95,97.0,248209.0,-1.28,-3.11,-4.05,0.084,1.29,-2.35,-3.24,-4.65,-12.37,0.221,False,False,0.0
2026-04-30,301599,理奇智能,6,18039.0,10jqka,post_close,2026-04-30 15:00:00,2026-04-30,1,1,,,ok,2026-04-30,48.0,62.4,62.4,47.5,422508.0,,,,1.0,,0.0,0.0,0.0,0.0,0.0,False,False,0.0
2026-04-30,000066,中国长城,7,15057.0,10jqka,post_close,2026-04-30 15:00:00,2026-04-24,5,5,77.0,70.0,ok,2026-04-30,19.0,19.82,19.82,18.39,4315718.0,9.99,18.19,22.42,1.0,1.37,11.49,18.21,24.78,0.0,0.0,True,False,0.0
2026-04-30,002297,博云新材,8,14208.0,10jqka,post_close,2026-04-30 15:00:00,2026-04-10,14,11,14.0,6.0,ok,2026-04-30,23.44,24.5,25.4,22.5,1947730.0,5.56,19.34,10.16,0.69,1.01,8.29,15.68,46.92,-3.54,0.31,False,False,0.0
2026-04-30,600186,莲花控股,9,12680.0,10jqka,post_close,2026-04-30 15:00:00,2026-04-15,10,8,9.0,0.0,ok,2026-04-30,11.33,10.72,11.55,10.42,4809052.0,-0.92,14.78,13.44,0.265,1.45,7.5,16.84,29.27,-7.19,0.195,False,False,0.0
2026-04-30,601138,工业富联,10,12196.0,10jqka,post_close,2026-04-30 15:00:00,2026-04-10,15,15,17.0,7.0,ok,2026-04-30,65.9,62.88,66.2,62.71,2924075.0,-5.1,-6.5,-7.42,0.049,1.13,-4.61,-3.01,4.37,-9.0,0.086,False,False,0.0
2026-04-30,002342,巨力索具,11,11076.0,10jqka,post_close,2026-04-30 15:00:00,2026-04-10,15,15,95.0,84.0,ok,2026-04-30,18.93,19.81,20.3,18.86,2139427.0,4.81,7.55,4.48,0.66,1.04,4.64,2.26,13.61,-7.52,0.34,False,False,0.0
2026-04-30,002709,天赐材料,12,11014.0,10jqka,post_close,2026-04-30 15:00:00,2026-04-10,12,5,5.0,-7.0,ok,2026-04-30,59.59,60.51,61.0,58.53,1821892.0,2.01,10.1,23.21,0.802,1.18,7.49,13.4,21.96,-0.8,0.198,False,False,0.0
2026-04-30,002149,西部材料,13,10851.0,10jqka,post_close,2026-04-30 15:00:00,2026-04-14,10,1,18.0,5.0,ok,2026-04-30,57.46,63.51,63.51,57.46,764253.0,9.99,9.73,-1.27,1.0,0.94,8.15,6.12,17.26,-5.08,0.0,True,False,0.0
2026-04-30,600745,闻泰科技,14,10610.0,10jqka,post_close,2026-04-30 15:00:00,2026-04-21,2,1,93.0,79.0,ok,2026-04-29,27.5,28.12,28.27,27.42,258095.0,1.15,1.11,-3.63,0.824,0.68,-0.1,-3.96,-7.02,-33.68,0.176,False,False,1.0
2026-04-30,600759,ST洲际,15,10074.0,10jqka,post_close,2026-04-30 15:00:00,2026-04-13,4,3,10.0,-5.0,ok,2026-04-30,4.67,4.67,4.67,4.67,67973.0,-5.08,-9.67,-8.97,1.0,0.02,-7.41,-8.79,-12.69,-48.62,,False,False,0.0
2026-04-30,002580,圣阳股份,16,9358.0,10jqka,post_close,2026-04-30 15:00:00,2026-04-10,15,15,24.0,8.0,ok,2026-04-30,28.5,27.48,29.18,27.01,1134722.0,-3.92,-4.65,1.89,0.217,0.78,-3.31,-4.94,12.98,-18.31,0.313,False,False,0.0
2026-04-30,002466,天齐锂业,17,9064.0,10jqka,post_close,2026-04-30 15:00:00,2026-04-13,7,2,50.0,33.0,ok,2026-04-30,75.0,80.03,81.19,74.49,1306785.0,5.97,8.66,17.74,0.827,1.27,6.58,11.41,21.63,-1.43,0.173,False,False,0.0
2026-04-30,002281,光迅科技,18,9034.0,10jqka,post_close,2026-04-30 15:00:00,2026-04-10,10,1,63.0,45.0,ok,2026-04-30,135.52,144.28,146.16,135.01,802115.0,8.59,7.26,9.57,0.831,1.02,6.5,11.7,24.89,-1.29,0.169,False,False,0.0
2026-04-30,002842,翔鹭钨业,19,8580.0,10jqka,post_close,2026-04-30 15:00:00,2026-04-30,1,1,,,ok,2026-04-30,36.51,38.49,38.49,36.51,879613.0,10.0,26.78,19.13,1.0,2.16,14.83,14.49,16.31,-20.64,0.0,True,False,0.0
2026-04-30,002361,神剑股份,20,8358.0,10jqka,post_close,2026-04-30 15:00:00,2026-04-10,15,15,51.0,31.0,ok,2026-04-30,20.41,20.55,20.82,19.91,2257121.0,2.49,-5.12,-10.61,0.703,0.78,-0.95,-3.27,7.66,-14.2,0.297,False,False,0.0
2026-04-30,600111,北方稀土,21,8093.0,10jqka,post_close,2026-04-30 15:00:00,2026-04-10,8,3,6.0,-15.0,ok,2026-04-30,51.88,53.04,53.35,51.36,2713210.0,4.1,13.26,12.47,0.844,2.66,8.52,7.72,6.68,-16.56,0.156,False,False,0.0
2026-04-30,600396,华电辽能,22,7851.0,10jqka,post_close,2026-04-30 15:00:00,2026-04-10,15,15,11.0,-11.0,ok,2026-04-30,10.34,9.92,10.86,9.65,2555498.0,-4.89,-1.98,0.92,0.223,0.66,-1.72,7.94,19.54,-12.21,0.43,False,False,0.0
2026-04-30,601778,晶科科技,23,7761.0,10jqka,post_close,2026-04-30 15:00:00,2026-04-14,13,13,26.0,3.0,ok,2026-04-30,6.8,6.5,6.88,6.34,5873226.0,-6.61,-6.34,-9.6,0.296,0.77,-6.31,-4.68,6.46,-17.51,0.148,False,False,0.0
2026-04-30,603399,永杉锂业,24,7654.0,10jqka,post_close,2026-04-30 15:00:00,2026-04-28,3,3,36.0,12.0,ok,2026-04-30,19.39,19.39,19.39,19.39,86903.0,9.98,33.08,43.42,1.0,0.14,18.27,31.13,45.57,0.0,0.0,True,True,0.0
2026-04-30,001896,豫能控股,25,7584.0,10jqka,post_close,2026-04-30 15:00:00,2026-04-13,14,14,28.0,3.0,ok,2026-04-30,16.2,15.24,16.3,15.24,1546965.0,-9.98,-7.02,-15.19,0.0,0.83,-5.97,-10.08,-1.53,-19.15,0.094,False,False,0.0
2026-04-30,000890,法尔胜,26,7572.0,10jqka,post_close,2026-04-30 15:00:00,2026-04-10,11,2,22.0,-4.0,ok,2026-04-30,16.5,15.66,16.53,15.48,898464.0,-8.95,-5.15,-6.56,0.171,0.93,-3.94,1.65,4.45,-11.07,0.029,False,False,0.0
2026-04-30,600330,天通股份,27,7445.0,10jqka,post_close,2026-04-30 15:00:00,2026-04-10,8,1,45.0,18.0,ok,2026-04-30,25.79,27.89,28.23,25.78,2914319.0,8.69,1.71,8.95,0.861,1.2,4.63,9.85,26.75,-2.07,0.139,False,False,0.0
2026-04-30,002192,融捷股份,28,7374.0,10jqka,post_close,2026-04-30 15:00:00,2026-04-13,4,2,52.0,24.0,ok,2026-04-30,103.85,109.22,109.22,102.1,338496.0,10.0,20.79,39.24,1.0,1.01,14.85,23.69,34.1,0.0,0.0,True,False,0.0
2026-04-30,300083,创世纪,29,7339.0,10jqka,post_close,2026-04-30 15:00:00,2026-04-30,1,1,,,ok,2026-04-30,9.17,10.19,10.19,9.17,4003210.0,20.02,20.17,21.31,1.0,6.91,17.32,18.68,26.76,0.0,0.0,True,False,0.0
2026-04-30,002240,盛新锂能,30,7284.0,10jqka,post_close,2026-04-30 15:00:00,2026-04-14,5,2,56.0,26.0,ok,2026-04-30,55.26,60.09,60.09,55.26,889361.0,9.99,15.29,29.78,1.0,1.54,11.77,17.47,28.16,0.0,0.0,True,False,0.0
2026-04-30,002217,合力泰,31,6985.0,10jqka,post_close,2026-04-30 15:00:00,2026-04-17,9,4,42.0,11.0,ok,2026-04-30,3.02,2.89,3.05,2.88,7301431.0,-5.86,-2.36,4.33,0.059,0.81,-0.96,0.0,9.12,-11.35,0.176,False,False,0.0
2026-04-30,301217,铜冠铜箔,32,6967.0,10jqka,post_close,2026-04-30 15:00:00,2026-04-29,2,2,15.0,-17.0,ok,2026-04-30,72.32,78.34,82.49,70.0,763744.0,10.37,52.68,62.26,0.668,1.46,27.68,42.38,60.84,-5.03,0.332,True,False,0.0
2026-04-30,002407,多氟多,33,6947.0,10jqka,post_close,2026-04-30 15:00:00,2026-04-14,7,5,39.0,6.0,ok,2026-04-30,35.9,36.31,36.69,34.75,1825695.0,1.23,5.19,20.87,0.804,1.0,4.64,10.86,18.39,-1.04,0.196,False,False,0.0
2026-04-30,002181,粤传媒,34,6919.0,10jqka,post_close,2026-04-30 15:00:00,2026-04-16,3,2,34.0,0.0,ok,2026-04-30,15.2,16.49,16.49,15.08,753194.0,10.01,14.99,25.69,1.0,0.81,12.51,17.28,23.87,0.0,0.0,True,False,0.0
2026-04-30,688808,联讯仪器,35,6882.0,10jqka,post_close,2026-04-30 15:00:00,2026-04-24,2,1,1.0,-34.0,ok,2026-04-30,911.0,1033.33,1060.0,911.0,4887190.0,11.35,17.42,,0.821,0.61,14.68,14.68,14.68,-2.52,0.179,True,False,0.0
2026-04-30,603538,美诺华,36,6828.0,10jqka,post_close,2026-04-30 15:00:00,2026-04-10,15,15,21.0,-15.0,ok,2026-04-30,62.99,62.46,63.45,59.14,594098.0,-4.35,10.74,12.44,0.77,1.01,3.46,10.68,20.71,-4.35,0.107,False,False,0.0
2026-04-30,000062,深圳华强,37,6822.0,10jqka,post_close,2026-04-30 15:00:00,2026-04-22,6,5,69.0,32.0,ok,2026-04-30,35.75,36.92,37.7,35.2,1169854.0,3.56,-1.99,18.64,0.688,1.08,2.23,10.26,21.08,-5.58,0.312,False,False,0.0
2026-04-30,600726,华电能源,38,6549.0,10jqka,post_close,2026-04-30 15:00:00,2026-04-23,6,6,29.0,-9.0,ok,2026-04-30,7.08,6.59,7.17,6.55,4174515.0,-7.18,3.29,25.05,0.065,0.83,0.18,16.29,24.69,-13.63,0.145,False,False,0.0
2026-04-30,002602,世纪华通,39,6386.0,10jqka,post_close,2026-04-30 15:00:00,2026-04-30,1,1,,,ok,2026-04-30,16.96,16.01,17.0,16.01,2977027.0,-8.93,-4.13,-3.2,0.0,3.05,-4.59,-4.8,-5.13,-21.9,0.04,False,False,0.0
2026-04-30,600487,亨通光电,40,6376.0,10jqka,post_close,2026-04-30 15:00:00,2026-04-10,15,15,25.0,-15.0,ok,2026-04-30,67.7,65.7,68.0,63.3,1609348.0,-2.49,-7.96,-5.49,0.511,0.77,-4.03,0.47,8.63,-11.8,0.064,False,False,0.0
2026-04-30,600379,宝光股份,41,6356.0,10jqka,post_close,2026-04-30 15:00:00,2026-04-29,2,2,89.0,48.0,ok,2026-04-30,16.5,16.78,16.78,16.48,438344.0,10.03,33.17,37.32,1.0,1.37,17.52,28.39,33.64,0.0,0.0,True,False,0.0
2026-04-30,002624,完美世界,42,6217.0,10jqka,post_close,2026-04-30 15:00:00,2026-04-16,5,1,44.0,2.0,ok,2026-04-30,16.11,15.21,16.33,15.1,1275650.0,-8.59,-6.57,-20.03,0.089,0.93,-7.62,-16.61,-19.97,-35.77,0.179,False,False,0.0
2026-04-30,605299,舒华体育,43,6180.0,10jqka,post_close,2026-04-30 15:00:00,2026-04-10,3,1,52.0,9.0,ok,2026-04-30,24.16,25.98,25.98,24.16,231522.0,9.99,17.82,32.42,1.0,0.55,14.1,21.42,24.66,0.0,0.0,True,False,0.0
2026-04-30,002558,巨人网络,44,6120.0,10jqka,post_close,2026-04-30 15:00:00,2026-04-13,2,1,7.0,-37.0,ok,2026-04-30,33.39,32.82,33.58,32.68,517877.0,-2.06,4.12,2.95,0.156,1.05,1.84,2.0,0.58,-30.5,0.211,False,False,0.0
2026-04-30,002050,三花智控,45,6016.0,10jqka,post_close,2026-04-30 15:00:00,2026-04-15,5,2,71.0,26.0,ok,2026-04-30,44.69,46.92,47.37,44.58,1644680.0,4.69,2.2,3.9,0.839,1.88,3.46,2.99,4.75,-14.72,0.161,False,False,0.0
2026-04-30,002475,立讯精密,46,5876.0,10jqka,post_close,2026-04-30 15:00:00,2026-04-10,15,15,86.0,40.0,ok,2026-04-30,69.48,67.0,69.48,66.8,1550475.0,-2.39,-6.91,-1.14,0.075,0.62,-2.47,-0.08,9.83,-7.71,0.0,False,False,0.0
2026-04-30,601869,长飞光纤,47,5737.0,10jqka,post_close,2026-04-30 15:00:00,2026-04-10,13,2,1.0,-46.0,ok,2026-04-30,359.1,353.9,365.0,336.99,207769.0,-4.49,-6.25,-8.08,0.604,1.32,-4.02,-6.2,-4.62,-16.31,0.211,False,False,0.0
2026-04-30,002176,江特电机,48,5702.0,10jqka,post_close,2026-04-30 15:00:00,2026-04-24,5,5,4.0,-44.0,ok,2026-04-30,16.27,16.05,16.97,15.85,3417345.0,-0.25,10.77,29.64,0.179,1.27,7.17,20.04,33.42,-5.42,0.625,False,False,0.0
2026-04-30,600522,中天科技,49,5693.0,10jqka,post_close,2026-04-30 15:00:00,2026-04-10,11,10,67.0,18.0,ok,2026-04-30,34.3,33.12,34.35,32.51,2123488.0,-3.38,-7.43,-2.79,0.332,0.83,-3.38,-0.18,5.71,-9.33,0.027,False,False,0.0
2026-04-30,300136,信维通信,50,5637.0,10jqka,post_close,2026-04-30 15:00:00,2026-04-15,7,1,36.0,-14.0,ok,2026-04-30,84.9,91.3,91.98,83.03,1228378.0,6.77,3.21,9.46,0.924,1.0,5.17,10.43,23.8,-0.74,0.076,False,False,0.0
2026-04-30,002400,省广集团,51,5579.0,10jqka,post_close,2026-04-30 15:00:00,2026-04-30,1,1,,,ok,2026-04-30,8.49,8.96,9.18,8.41,1553527.0,5.66,4.43,0.45,0.714,1.88,4.23,1.98,3.68,-30.86,0.286,False,False,0.0
2026-04-30,603687,大胜达,52,5564.0,10jqka,post_close,2026-04-30 15:00:00,2026-04-16,7,1,49.0,-3.0,ok,2026-04-30,15.6,17.18,17.18,15.6,695251.0,9.99,4.25,-7.44,1.0,0.96,5.92,-2.46,-1.02,-17.4,0.0,True,False,0.0
2026-04-30,600176,中国巨石,53,5558.0,10jqka,post_close,2026-04-30 15:00:00,2026-04-13,4,1,94.0,41.0,ok,2026-04-30,35.65,34.5,35.67,32.7,1867694.0,-3.36,3.17,2.92,0.606,1.25,0.79,3.33,10.4,-4.85,0.007,False,False,0.0
2026-04-30,002210,飞马国际,54,5539.0,10jqka,post_close,2026-04-30 15:00:00,2026-04-28,3,3,84.0,30.0,ok,2026-04-30,3.36,2.98,3.36,2.98,4235242.0,-9.97,8.76,18.25,0.0,3.9,2.55,8.96,12.33,-11.83,0.0,False,False,0.0
2026-04-30,600821,金开新能,55,5521.0,10jqka,post_close,2026-04-30 15:00:00,2026-04-15,11,2,13.0,-42.0,ok,2026-04-30,8.35,7.8,8.47,7.8,2647864.0,-10.03,-8.98,-18.58,0.0,1.03,-7.71,-11.83,-9.02,-36.07,0.179,False,False,0.0
2026-04-30,600118,中国卫星,56,5484.0,10jqka,post_close,2026-04-30 15:00:00,2026-04-20,7,1,2.0,-54.0,ok,2026-04-30,97.01,102.8,103.8,97.01,724923.0,4.97,3.32,0.78,0.853,1.02,4.15,5.57,15.52,-2.1,0.147,False,False,0.0
2026-04-30,002156,通富微电,57,5465.0,10jqka,post_close,2026-04-30 15:00:00,2026-04-17,4,2,47.0,-10.0,ok,2026-04-30,50.98,51.77,52.89,50.23,1320363.0,4.59,1.11,9.59,0.579,1.16,3.07,5.4,10.67,-7.21,0.421,False,False,0.0
2026-04-30,600498,烽火通信,58,5449.0,10jqka,post_close,2026-04-30 15:00:00,2026-04-10,10,2,74.0,16.0,ok,2026-04-30,49.2,46.68,49.97,46.35,1521364.0,-9.36,-9.53,-15.14,0.091,1.39,-8.23,-10.39,-8.77,-24.44,0.213,False,False,0.0
2026-04-30,002310,东方新能,59,5417.0,10jqka,post_close,2026-04-30 15:00:00,2026-04-29,2,2,61.0,2.0,ok,2026-04-30,3.22,3.06,3.29,3.05,2987932.0,-4.08,3.38,4.08,0.042,0.88,0.07,2.07,0.92,-25.55,0.292,False,False,0.0
2026-04-30,603986,兆易创新,60,5412.0,10jqka,post_close,2026-04-30 15:00:00,2026-04-10,8,2,2.0,-58.0,ok,2026-04-30,320.0,312.99,321.0,306.48,587965.0,1.33,3.15,2.69,0.448,1.55,2.25,3.13,10.69,-5.49,0.069,False,False,0.0
2026-04-30,000155,川能动力,61,5392.0,10jqka,post_close,2026-04-30 15:00:00,2026-04-29,2,2,68.0,7.0,ok,2026-04-30,18.3,17.42,18.55,17.33,1677472.0,-9.51,-2.57,4.12,0.074,1.55,-3.78,-0.53,1.87,-9.93,0.205,False,False,0.0
2026-04-30,600884,杉杉股份,62,5349.0,10jqka,post_close,2026-04-30 15:00:00,2026-04-10,3,2,37.0,-25.0,ok,2026-04-30,17.18,16.65,17.53,16.5,2224901.0,-1.48,4.45,11.3,0.146,1.52,3.58,7.8,12.23,-5.02,0.34,False,False,0.0
2026-04-30,002460,赣锋锂业,63,5319.0,10jqka,post_close,2026-04-30 15:00:00,2026-04-10,10,2,27.0,-36.0,ok,2026-04-30,87.0,88.68,91.19,86.9,1075419.0,2.05,5.43,11.02,0.415,1.49,3.89,5.7,6.52,-2.75,0.585,False,False,0.0
2026-04-30,001309,德明利,64,5304.0,10jqka,post_close,2026-04-30 15:00:00,2026-04-10,7,2,35.0,-29.0,ok,2026-04-30,517.71,524.81,535.0,509.01,193544.0,0.36,7.51,6.09,0.608,1.26,4.04,3.2,11.39,-3.69,0.392,False,False,0.0
2026-04-30,601899,紫金矿业,65,5251.0,10jqka,post_close,2026-04-30 15:00:00,2026-04-10,15,15,85.0,20.0,ok,2026-04-30,33.7,33.3,34.02,33.08,2403899.0,-2.46,-0.77,-3.2,0.234,0.89,-1.05,-3.03,-2.46,-25.9,0.34,False,False,0.0
2026-04-30,002759,天际股份,66,5182.0,10jqka,post_close,2026-04-30 15:00:00,2026-04-14,3,1,100.0,34.0,ok,2026-04-30,36.02,38.09,38.55,35.7,991868.0,5.78,10.73,19.22,0.839,1.93,8.27,10.15,8.24,-15.13,0.161,False,False,0.0
2026-04-30,600152,维科技术,67,5103.0,10jqka,post_close,2026-04-30 15:00:00,2026-04-14,9,5,16.0,-51.0,ok,2026-04-30,14.14,14.85,15.42,13.85,1587232.0,2.41,4.14,26.06,0.637,1.4,2.75,8.06,21.95,-5.35,0.363,False,False,0.0
2026-04-30,603601,再升科技,68,5091.0,10jqka,post_close,2026-04-30 15:00:00,2026-04-13,12,1,89.0,21.0,ok,2026-04-30,15.2,15.85,16.16,14.79,2646985.0,4.28,6.09,4.62,0.774,1.25,5.06,3.59,8.07,-4.8,0.226,False,False,0.0
2026-04-30,002384,东山精密,69,5044.0,10jqka,post_close,2026-04-30 15:00:00,2026-04-10,15,15,98.0,29.0,ok,2026-04-30,189.78,186.73,191.95,181.83,820417.0,1.35,0.02,0.04,0.484,0.83,0.45,4.26,20.46,-4.73,0.214,False,False,0.0
2026-04-30,003026,中晶科技,70,5040.0,10jqka,post_close,2026-04-30 15:00:00,2026-04-28,2,1,77.0,7.0,ok,2026-04-30,47.2,49.99,52.16,44.63,273022.0,5.42,21.45,31.35,0.712,1.83,12.0,21.83,29.84,-4.16,0.288,False,False,0.0
2026-04-30,300308,中际旭创,71,4986.0,10jqka,post_close,2026-04-30 15:00:00,2026-04-10,14,1,36.0,-35.0,ok,2026-04-30,863.66,857.5,874.65,845.0,212710.0,1.36,0.17,-4.4,0.422,0.68,0.42,-0.5,9.67,-6.79,0.371,False,False,0.0
2026-04-30,600519,贵州茅台,72,4979.0,10jqka,post_close,2026-04-30 15:00:00,2026-04-10,6,1,95.0,23.0,ok,2026-04-30,1400.0,1384.79,1401.17,1380.0,52753.0,-1.17,-1.31,-2.41,0.226,1.12,-1.82,-1.87,-3.4,-11.68,0.055,False,False,0.0
2026-04-30,603778,国晟科技,73,4906.0,10jqka,post_close,2026-04-30 15:00:00,2026-04-10,15,15,18.0,-55.0,ok,2026-04-30,26.6,26.6,27.3,26.31,558408.0,-2.81,0.91,0.23,0.293,0.77,0.66,0.49,-6.06,-22.38,0.707,False,False,0.0
2026-04-30,688521,芯原股份,74,4874.0,10jqka,post_close,2026-04-30 15:00:00,2026-04-16,2,1,82.0,8.0,ok,2026-04-30,260.0,280.88,280.88,260.0,40905185.0,20.0,16.05,19.27,1.0,1.74,15.6,15.74,16.75,-2.47,0.0,True,False,0.0
2026-04-30,002428,云南锗业,75,4811.0,10jqka,post_close,2026-04-30 15:00:00,2026-04-14,9,1,62.0,-13.0,ok,2026-04-30,68.72,70.01,72.12,68.72,1031240.0,1.14,-3.83,-8.94,0.379,0.88,-2.45,-1.33,11.51,-15.41,0.621,False,False,0.0
2026-04-30,000988,华工科技,76,4688.0,10jqka,post_close,2026-04-30 15:00:00,2026-04-10,13,1,59.0,-17.0,ok,2026-04-30,119.11,119.53,120.97,115.0,920208.0,0.41,0.62,1.6,0.759,1.12,1.59,1.74,4.19,-15.47,0.241,False,False,0.0
2026-04-30,600150,中国船舶,77,4681.0,10jqka,post_close,2026-04-30 15:00:00,2026-04-20,5,3,59.0,-18.0,ok,2026-04-30,43.0,41.76,43.42,41.5,2533775.0,1.46,8.72,8.19,0.135,1.43,3.65,9.56,18.82,-3.82,0.219,False,False,0.0
2026-04-30,000833,粤桂股份,78,4655.0,10jqka,post_close,2026-04-30 15:00:00,2026-04-30,1,1,,,ok,2026-04-30,29.25,31.72,31.72,28.93,651842.0,9.99,15.77,27.03,1.0,1.29,12.31,17.41,23.66,0.0,0.0,True,False,0.0
2026-04-30,000925,众合科技,79,4614.0,10jqka,post_close,2026-04-30 15:00:00,2026-04-24,4,3,100.0,21.0,ok,2026-04-30,9.85,9.19,10.08,9.11,1859528.0,-5.84,-9.19,9.93,0.082,1.52,-4.33,6.53,16.74,-14.43,0.237,False,False,0.0
2026-04-30,600770,综艺股份,80,4502.0,10jqka,post_close,2026-04-30 15:00:00,2026-04-24,5,5,63.0,-17.0,ok,2026-04-30,7.89,7.62,8.07,7.41,2094109.0,-3.42,9.48,20.19,0.318,1.17,2.7,14.64,24.47,-9.18,0.273,False,False,0.0
2026-04-30,688981,中芯国际,81,4462.0,10jqka,post_close,2026-04-30 15:00:00,2026-04-24,2,1,89.0,8.0,ok,2026-04-30,113.31,118.73,119.88,113.3,101838285.0,5.57,1.84,12.03,0.825,1.47,3.65,7.23,13.08,-7.95,0.175,False,False,0.0
2026-04-30,002131,利欧股份,82,4434.0,10jqka,post_close,2026-04-30 15:00:00,2026-04-10,15,15,99.0,17.0,ok,2026-04-30,6.62,6.45,6.7,6.36,3847199.0,-1.83,-5.15,-17.94,0.265,0.79,-4.5,-12.71,-14.95,-37.5,0.235,False,False,0.0
2026-04-30,603095,越剑智能,83,4394.0,10jqka,post_close,2026-04-30 15:00:00,2026-04-30,1,1,,,ok,2026-04-30,25.37,25.37,25.37,25.37,37612.0,10.02,33.18,44.81,1.0,0.36,19.94,29.68,35.84,0.0,0.0,True,True,0.0
2026-04-30,300632,光莆股份,84,4356.0,10jqka,post_close,2026-04-30 15:00:00,2026-04-30,1,1,,,ok,2026-04-30,24.47,24.47,24.47,24.0,368278.0,20.01,39.03,48.3,1.0,1.86,27.21,34.14,40.58,0.0,0.0,True,False,0.0
2026-04-30,300769,德方纳米,85,4351.0,10jqka,post_close,2026-04-30 15:00:00,2026-04-29,2,2,62.0,-23.0,ok,2026-04-30,69.94,71.95,74.98,69.94,807797.0,12.92,37.47,44.3,0.399,2.64,23.4,34.37,47.46,-4.04,0.601,True,False,0.0
2026-04-30,000651,格力电器,86,4324.0,10jqka,post_close,2026-04-30 15:00:00,2026-04-28,3,3,20.0,-66.0,ok,2026-04-30,40.49,40.05,40.86,40.05,764382.0,-1.04,6.77,8.36,0.0,1.03,3.45,5.87,6.44,-2.03,0.457,False,False,0.0
2026-04-30,603773,沃格光电,87,4290.0,10jqka,post_close,2026-04-30 15:00:00,2026-04-10,6,2,78.0,-9.0,ok,2026-04-30,71.83,69.35,72.75,66.5,273300.0,-0.56,8.14,14.63,0.456,1.13,6.72,11.97,35.47,-4.67,0.147,False,False,0.0
2026-04-30,002309,中利集团,88,4270.0,10jqka,post_close,2026-04-30 15:00:00,2026-04-10,9,2,75.0,-13.0,ok,2026-04-30,4.47,4.29,4.54,4.27,3560669.0,-4.88,3.12,2.14,0.074,1.01,0.19,0.59,-3.48,-20.99,0.259,False,False,0.0
2026-04-30,002594,比亚迪,89,4244.0,10jqka,post_close,2026-04-30 15:00:00,2026-04-10,12,3,46.0,-43.0,ok,2026-04-30,104.54,102.98,105.45,102.37,600979.0,-2.3,0.63,3.0,0.198,1.05,0.63,0.81,1.03,-7.91,0.295,False,False,0.0
2026-04-30,600703,三安光电,90,4206.0,10jqka,post_close,2026-04-30 15:00:00,2026-04-10,11,1,86.0,-4.0,ok,2026-04-30,13.97,13.67,14.05,13.58,1630497.0,-1.94,-7.2,-11.86,0.191,0.51,-4.33,-4.04,4.09,-27.17,0.17,False,False,0.0
2026-04-30,002565,顺灏股份,91,4143.0,10jqka,post_close,2026-04-30 15:00:00,2026-04-14,12,1,97.0,6.0,ok,2026-04-30,18.32,19.02,19.19,18.18,1610465.0,2.7,2.42,-3.74,0.832,0.73,0.36,-3.94,4.03,-17.27,0.168,False,False,0.0
2026-04-30,600900,长江电力,92,4128.0,10jqka,post_close,2026-04-30 15:00:00,2026-04-10,2,1,73.0,-19.0,ok,2026-04-30,27.09,27.32,27.42,26.94,1914637.0,2.05,2.48,1.37,0.792,2.71,1.72,1.77,2.33,-1.19,0.208,False,False,0.0
2026-04-30,002340,格林美,93,4107.0,10jqka,post_close,2026-04-30 15:00:00,2026-04-21,4,2,32.0,-61.0,ok,2026-04-30,9.14,9.14,9.19,8.86,4890490.0,-5.19,2.47,9.86,0.848,1.75,1.42,4.6,9.11,-9.05,0.152,False,False,0.0
2026-04-30,600736,苏州高新,94,4012.0,10jqka,post_close,2026-04-30 15:00:00,2026-04-21,8,8,65.0,-29.0,ok,2026-04-30,8.15,8.15,8.65,8.13,1992196.0,-2.98,6.54,-2.63,0.038,0.99,0.57,7.24,19.45,-11.51,0.962,False,False,0.0
2026-04-30,601016,节能风电,95,4000.0,10jqka,post_close,2026-04-30 15:00:00,2026-04-23,6,6,41.0,-54.0,ok,2026-04-30,4.5,4.26,4.54,4.25,5295270.0,-6.58,-8.39,-4.91,0.034,0.66,-6.08,-2.2,1.76,-25.65,0.138,False,False,0.0
2026-04-30,600246,万通发展,96,3951.0,10jqka,post_close,2026-04-30 15:00:00,2026-04-30,1,1,,,ok,2026-04-30,10.32,11.28,11.28,10.31,1639527.0,10.05,5.72,12.46,1.0,1.7,8.21,11.53,15.38,-17.06,0.0,True,False,0.0
2026-04-30,603318,水发燃气,97,3828.0,10jqka,post_close,2026-04-30 15:00:00,2026-04-24,5,5,64.0,-33.0,ok,2026-04-30,14.68,14.26,15.1,13.82,1088477.0,-1.99,13.81,37.78,0.344,1.3,7.2,28.48,51.69,-5.56,0.328,False,False,0.0
2026-04-30,002015,协鑫能科,98,3823.0,10jqka,post_close,2026-04-30 15:00:00,2026-04-15,11,1,66.0,-32.0,ok,2026-04-30,18.69,17.75,18.75,17.6,1413730.0,-5.03,-3.06,-14.17,0.13,0.87,-4.7,-6.72,-2.55,-22.79,0.052,False,False,0.0
2026-04-30,002115,三维通信,99,3808.0,10jqka,post_close,2026-04-30 15:00:00,2026-04-28,3,3,66.0,-33.0,ok,2026-04-30,14.38,14.41,14.63,14.0,1459132.0,-1.84,8.1,15.46,0.651,1.27,5.12,9.08,13.58,-12.4,0.349,False,False,0.0
2026-04-30,600887,伊利股份,100,3808.0,10jqka,post_close,2026-04-30 15:00:00,2026-04-29,2,2,3.0,-97.0,ok,2026-04-30,27.5,27.46,27.99,27.11,2144097.0,3.35,8.75,8.67,0.398,3.24,5.6,6.83,6.01,-1.89,0.557,False,False,0.0
2026-05-06,000858,五粮液,1,55323.0,10jqka,intraday_1430,2026-05-06 14:49:28,2026-04-28,4,4,5.0,4.0,ok,2026-05-06,90.78,91.63,94.5,90.1,841371.0,-5.61,-8.55,-9.52,0.348,4.06,-6.01,-7.73,-9.41,-17.29,0.652,False,False,0.0
2026-05-06,688256,寒武纪,2,45531.0,10jqka,intraday_1430,2026-05-06 14:49:28,2026-04-30,2,2,1.0,-1.0,ok,2026-04-30,1475.0,1699.96,1699.96,1475.0,17884265.0,20.0,25.3,28.49,1.0,2.04,18.05,22.28,32.49,0.0,0.0,True,False,6.0
2026-05-06,600186,莲花控股,3,41933.0,10jqka,intraday_1430,2026-05-06 14:49:28,2026-04-15,11,9,9.0,6.0,ok,2026-04-30,11.33,10.72,11.55,10.42,4809052.0,-0.92,14.78,13.44,0.265,1.45,7.5,16.84,29.27,-7.19,0.195,False,False,6.0
2026-05-06,601778,晶科科技,4,31675.0,10jqka,intraday_1430,2026-05-06 14:49:28,2026-04-14,14,14,23.0,19.0,ok,2026-04-30,6.8,6.5,6.88,6.34,5873226.0,-6.61,-6.34,-9.6,0.296,0.77,-6.31,-4.68,6.46,-17.51,0.148,False,False,6.0
2026-05-06,002081,金螳螂,5,29811.0,10jqka,intraday_1430,2026-05-06 14:49:28,2026-04-20,10,10,2.0,-3.0,ok,2026-04-30,5.17,5.9,5.9,5.07,5756925.0,10.07,33.18,8.66,1.0,1.45,15.91,22.66,44.63,0.0,0.0,True,False,6.0
2026-05-06,000066,中国长城,6,28638.0,10jqka,intraday_1430,2026-05-06 14:49:28,2026-04-24,6,6,7.0,1.0,ok,2026-05-06,19.0,19.82,19.82,18.39,4315718.0,9.99,11.16,20.49,1.0,1.22,7.41,15.39,22.69,0.0,0.0,True,False,0.0
2026-05-06,603629,利通电子,7,27365.0,10jqka,intraday_1430,2026-05-06 14:49:28,2026-04-13,15,15,3.0,-4.0,ok,2026-04-30,142.32,144.41,144.42,136.72,447055.0,9.99,33.1,23.98,0.999,1.54,17.8,25.4,52.87,-0.01,0.001,True,False,6.0
2026-05-06,600745,*ST闻泰,8,25163.0,10jqka,intraday_1430,2026-05-06 14:49:28,2026-04-21,3,2,14.0,6.0,ok,2026-04-29,27.5,28.12,28.27,27.42,258095.0,1.15,1.11,-3.63,0.824,0.68,-0.1,-3.96,-7.02,-33.68,0.176,False,False,7.0
2026-05-06,301308,江波龙,9,24386.0,10jqka,intraday_1430,2026-05-06 14:49:28,2026-04-27,4,1,44.0,35.0,ok,2026-04-30,410.0,401.12,414.0,396.0,189013.0,-3.18,1.95,11.99,0.284,0.91,2.13,4.83,11.9,-3.65,0.222,False,False,6.0
2026-05-06,688041,海光信息,10,23983.0,10jqka,intraday_1430,2026-05-06 14:49:28,2026-04-24,2,1,98.0,88.0,ok,2026-04-30,284.9,296.25,302.68,284.88,48909295.0,6.27,-0.01,12.47,0.639,1.2,2.49,8.03,16.8,-2.87,0.361,False,False,6.0
2026-05-06,601991,大唐发电,11,22867.0,10jqka,intraday_1430,2026-05-06 14:49:28,2026-05-06,1,1,,,ok,2026-04-30,4.24,4.16,4.25,4.15,2040293.0,-3.03,2.72,-1.19,0.1,0.9,0.92,1.64,5.1,-16.63,0.1,False,False,6.0
2026-05-06,002156,通富微电,12,21558.0,10jqka,intraday_1430,2026-05-06 14:49:28,2026-04-17,5,3,57.0,45.0,ok,2026-04-30,50.98,51.77,52.89,50.23,1320363.0,4.59,1.11,9.59,0.579,1.16,3.07,5.4,10.67,-7.21,0.421,False,False,6.0
2026-05-06,002580,圣阳股份,13,20201.0,10jqka,intraday_1430,2026-05-06 14:49:28,2026-04-10,16,16,16.0,3.0,ok,2026-05-06,27.26,28.82,30.15,26.5,1591833.0,4.04,-2.31,4.04,0.636,1.17,0.61,0.31,15.7,-14.33,0.364,False,False,0.0
2026-05-06,600703,三安光电,14,20060.0,10jqka,intraday_1430,2026-05-06 14:49:28,2026-04-10,12,2,90.0,76.0,ok,2026-04-30,13.97,13.67,14.05,13.58,1630497.0,-1.94,-7.2,-11.86,0.191,0.51,-4.33,-4.04,4.09,-27.17,0.17,False,False,6.0
2026-05-06,002217,合力泰,15,20025.0,10jqka,intraday_1430,2026-05-06 14:49:28,2026-04-17,10,5,31.0,16.0,ok,2026-04-30,3.02,2.89,3.05,2.88,7301431.0,-5.86,-2.36,4.33,0.059,0.81,-0.96,0.0,9.12,-11.35,0.176,False,False,6.0
2026-05-06,601016,节能风电,16,19571.0,10jqka,intraday_1430,2026-05-06 14:49:28,2026-04-23,7,7,95.0,79.0,ok,2026-05-06,4.38,4.65,4.75,4.25,7512693.0,3.79,-1.69,3.79,0.8,1.03,1.75,5.32,10.25,-18.85,0.2,False,False,0.0
2026-05-06,600884,杉杉股份,17,19467.0,10jqka,intraday_1430,2026-05-06 14:49:28,2026-04-10,4,3,62.0,45.0,ok,2026-04-30,17.18,16.65,17.53,16.5,2224901.0,-1.48,4.45,11.3,0.146,1.52,3.58,7.8,12.23,-5.02,0.34,False,False,6.0
2026-05-06,000062,深圳华强,18,19254.0,10jqka,intraday_1430,2026-05-06 14:49:28,2026-04-22,7,6,37.0,19.0,ok,2026-05-06,37.99,36.91,40.13,36.22,1190530.0,-0.03,2.24,7.8,0.176,1.02,0.71,7.9,18.59,-8.02,0.547,False,False,0.0
2026-05-06,002181,粤传媒,19,18719.0,10jqka,intraday_1430,2026-05-06 14:49:28,2026-04-16,4,3,34.0,15.0,ok,2026-04-30,15.2,16.49,16.49,15.08,753194.0,10.01,14.99,25.69,1.0,0.81,12.51,17.28,23.87,0.0,0.0,True,False,6.0
2026-05-06,002149,西部材料,20,18598.0,10jqka,intraday_1430,2026-05-06 14:49:28,2026-04-14,11,2,13.0,-7.0,ok,2026-04-30,57.46,63.51,63.51,57.46,764253.0,9.99,9.73,-1.27,1.0,0.94,8.15,6.12,17.26,-5.08,0.0,True,False,6.0
2026-05-06,002202,金风科技,21,17722.0,10jqka,intraday_1430,2026-05-06 14:49:28,2026-04-10,16,16,4.0,-17.0,ok,2026-04-30,26.51,27.55,28.18,26.2,3493626.0,7.07,3.84,7.2,0.682,2.02,5.31,5.62,9.51,-17.27,0.318,False,False,6.0
2026-05-06,603986,兆易创新,22,17577.0,10jqka,intraday_1430,2026-05-06 14:49:28,2026-04-10,9,3,60.0,38.0,ok,2026-04-30,320.0,312.99,321.0,306.48,587965.0,1.33,3.15,2.69,0.448,1.55,2.25,3.13,10.69,-5.49,0.069,False,False,6.0
2026-05-06,603601,再升科技,23,17226.0,10jqka,intraday_1430,2026-05-06 14:49:28,2026-04-13,13,2,68.0,45.0,ok,2026-04-30,15.2,15.85,16.16,14.79,2646985.0,4.28,6.09,4.62,0.774,1.25,5.06,3.59,8.07,-4.8,0.226,False,False,6.0
2026-05-06,600487,亨通光电,24,16676.0,10jqka,intraday_1430,2026-05-06 14:49:28,2026-04-10,16,16,40.0,16.0,ok,2026-04-30,67.7,65.7,68.0,63.3,1609348.0,-2.49,-7.96,-5.49,0.511,0.77,-4.03,0.47,8.63,-11.8,0.064,False,False,6.0
2026-05-06,002297,博云新材,25,16610.0,10jqka,intraday_1430,2026-05-06 14:49:28,2026-04-10,15,12,8.0,-17.0,ok,2026-04-30,23.44,24.5,25.4,22.5,1947730.0,5.56,19.34,10.16,0.69,1.01,8.29,15.68,46.92,-3.54,0.31,False,False,6.0
2026-05-06,601138,工业富联,26,16296.0,10jqka,intraday_1430,2026-05-06 14:49:28,2026-04-10,16,16,10.0,-16.0,ok,2026-05-06,66.01,67.25,68.0,65.38,2358367.0,3.45,-1.39,3.45,0.714,0.9,1.33,2.74,10.23,-2.68,0.286,False,False,0.0
2026-05-06,603019,中科曙光,27,16197.0,10jqka,intraday_1430,2026-05-06 14:49:28,2026-04-10,4,1,100.0,73.0,ok,2026-04-30,90.98,92.96,93.38,90.05,638184.0,2.81,-1.36,1.4,0.874,0.98,0.76,1.47,5.84,-2.25,0.126,False,False,6.0
2026-05-06,603538,美诺华,28,16013.0,10jqka,intraday_1430,2026-05-06 14:49:28,2026-04-10,16,16,36.0,8.0,ok,2026-04-30,62.99,62.46,63.45,59.14,594098.0,-4.35,10.74,12.44,0.77,1.01,3.46,10.68,20.71,-4.35,0.107,False,False,6.0
2026-05-06,600584,长电科技,29,15567.0,10jqka,intraday_1430,2026-05-06 14:49:28,2026-04-10,4,1,72.0,43.0,ok,2026-04-30,44.65,45.56,45.86,44.11,1014030.0,2.71,-1.64,2.59,0.829,1.25,0.69,1.55,5.26,-11.36,0.171,False,False,6.0
2026-05-06,002709,天赐材料,30,15360.0,10jqka,intraday_1430,2026-05-06 14:49:28,2026-04-10,13,6,12.0,-18.0,ok,2026-05-06,53.08,55.26,55.4,52.25,1470462.0,4.19,2.47,4.78,0.956,0.89,-2.7,2.26,10.18,-9.41,0.044,False,False,0.0
2026-05-06,688525,佰维存储,31,14452.0,10jqka,intraday_1430,2026-05-06 14:49:28,2026-04-10,4,1,88.0,57.0,ok,2026-04-30,270.0,265.08,270.01,263.5,25651813.0,-1.46,0.16,0.3,0.243,0.8,-0.05,-1.33,3.14,-10.14,0.002,False,False,6.0
2026-05-06,002361,神剑股份,32,14394.0,10jqka,intraday_1430,2026-05-06 14:49:28,2026-04-10,16,16,20.0,-12.0,ok,2026-04-30,20.41,20.55,20.82,19.91,2257121.0,2.49,-5.12,-10.61,0.703,0.78,-0.95,-3.27,7.66,-14.2,0.297,False,False,6.0
2026-05-06,002015,协鑫能科,33,13716.0,10jqka,intraday_1430,2026-05-06 14:49:28,2026-04-15,12,2,98.0,65.0,ok,2026-04-30,18.69,17.75,18.75,17.6,1413730.0,-5.03,-3.06,-14.17,0.13,0.87,-4.7,-6.72,-2.55,-22.79,0.052,False,False,6.0
2026-05-06,301511,德福科技,34,7388.0,10jqka,intraday_1430,2026-05-06 14:30:00,2026-05-06,1,1,,,ok,2026-05-06,77.08,90.24,90.24,76.04,442030.0,20.0,33.31,49.75,1.0,0.84,21.09,33.85,61.44,0.0,0.0,True,False,0.0
2026-05-06,001309,德明利,34,13552.0,10jqka,intraday_1430,2026-05-06 14:49:28,2026-04-10,8,3,64.0,30.0,ok,2026-04-30,517.71,524.81,535.0,509.01,193544.0,0.36,7.51,6.09,0.608,1.26,4.04,3.2,11.39,-3.69,0.392,False,False,6.0
2026-05-06,600111,北方稀土,35,13393.0,10jqka,intraday_1430,2026-05-06 14:49:28,2026-04-10,9,4,21.0,-14.0,ok,2026-04-30,51.88,53.04,53.35,51.36,2713210.0,4.1,13.26,12.47,0.844,2.66,8.52,7.72,6.68,-16.56,0.156,False,False,6.0
2026-05-06,603618,杭电股份,36,6844.0,10jqka,intraday_1430,2026-05-06 14:30:00,2026-05-06,1,1,,,ok,2026-05-06,40.53,37.87,40.53,36.81,782737.0,-6.56,30.32,23.92,0.285,0.83,22.15,27.54,39.66,-6.56,0.0,False,False,0.0
2026-05-06,688008,澜起科技,36,13012.0,10jqka,intraday_1430,2026-05-06 14:49:28,2026-05-06,1,1,,,ok,2026-04-30,174.28,173.3,175.14,169.53,59128793.0,2.0,-2.69,8.52,0.672,0.9,0.94,5.33,13.45,-8.25,0.153,False,False,6.0
2026-05-06,002342,巨力索具,37,12695.0,10jqka,intraday_1430,2026-05-06 14:49:28,2026-04-10,16,16,11.0,-26.0,ok,2026-05-06,19.0,21.42,21.42,18.47,2893097.0,10.02,15.91,12.44,1.0,1.41,10.38,9.24,20.22,0.0,0.0,True,False,0.0
2026-05-06,603399,永杉锂业,38,12524.0,10jqka,intraday_1430,2026-05-06 14:49:28,2026-04-28,4,4,24.0,-14.0,ok,2026-04-30,19.39,19.39,19.39,19.39,86903.0,9.98,33.08,43.42,1.0,0.14,18.27,31.13,45.57,0.0,0.0,True,True,6.0
2026-05-06,600673,东阳光,39,12391.0,10jqka,intraday_1430,2026-05-06 14:49:28,2026-05-06,1,1,,,ok,2026-04-30,33.1,35.4,35.95,32.88,967677.0,6.82,8.99,3.69,0.821,1.45,6.0,4.96,7.62,-14.86,0.179,False,False,6.0
2026-05-06,002185,华天科技,40,12308.0,10jqka,intraday_1430,2026-05-06 14:49:28,2026-05-06,1,1,,,ok,2026-04-30,12.86,13.11,13.16,12.77,1947739.0,2.66,1.71,5.13,0.872,1.77,2.63,3.07,5.66,-18.06,0.128,False,False,6.0
2026-05-06,000815,美利云,41,12213.0,10jqka,intraday_1430,2026-05-06 14:49:28,2026-04-13,11,1,58.0,17.0,ok,2026-05-06,20.51,20.92,20.92,20.51,815365.0,9.99,4.13,9.13,1.0,0.91,5.09,3.04,3.0,-9.44,0.0,True,False,0.0
2026-05-06,000988,华工科技,42,12027.0,10jqka,intraday_1430,2026-05-06 14:49:28,2026-04-10,14,2,76.0,34.0,ok,2026-04-30,119.11,119.53,120.97,115.0,920208.0,0.41,0.62,1.6,0.759,1.12,1.59,1.74,4.19,-15.47,0.241,False,False,6.0
2026-05-06,600036,招商银行,43,12015.0,10jqka,intraday_1430,2026-05-06 14:49:28,2026-04-28,3,1,79.0,36.0,ok,2026-04-30,38.4,38.27,38.51,38.12,1169574.0,-0.6,-2.82,-3.87,0.385,1.1,-1.94,-2.85,-2.88,-5.18,0.282,False,False,6.0
2026-05-06,600589,大位科技,44,11996.0,10jqka,intraday_1430,2026-05-06 14:49:28,2026-04-21,2,1,95.0,51.0,ok,2026-04-30,9.45,10.07,10.16,9.42,1637135.0,3.49,0.5,-6.41,0.878,1.39,1.17,-3.12,-5.07,-33.97,0.122,False,False,6.0
2026-05-06,300750,宁德时代,45,11881.0,10jqka,intraday_1430,2026-05-06 14:49:28,2026-04-10,14,1,88.0,43.0,ok,2026-04-30,446.5,436.0,449.5,436.0,298121.0,-2.02,0.26,-0.66,0.0,0.82,-0.39,-0.17,3.68,-3.77,0.222,False,False,6.0
2026-05-06,600759,ST洲际,46,11881.0,10jqka,intraday_1430,2026-05-06 14:49:28,2026-04-13,5,4,15.0,-31.0,ok,2026-04-30,4.67,4.67,4.67,4.67,67973.0,-5.08,-9.67,-8.97,1.0,0.02,-7.41,-8.79,-12.69,-48.62,,False,False,6.0
2026-05-06,002407,多氟多,47,11705.0,10jqka,intraday_1430,2026-05-06 14:49:28,2026-04-14,8,6,33.0,-14.0,ok,2026-04-30,35.9,36.31,36.69,34.75,1825695.0,1.23,5.19,20.87,0.804,1.0,4.64,10.86,18.39,-1.04,0.196,False,False,6.0
2026-05-06,000890,法尔胜,48,6125.0,10jqka,intraday_1430,2026-05-06 14:30:00,2026-05-06,1,1,,,ok,2026-05-06,11.55,12.85,12.85,11.06,652907.0,10.02,-19.18,-20.87,1.0,0.72,-17.75,-16.83,-13.41,-27.03,0.0,True,False,0.0
2026-05-06,600736,苏州高新,48,11493.0,10jqka,intraday_1430,2026-05-06 14:49:28,2026-04-21,9,9,94.0,46.0,ok,2026-04-30,8.15,8.15,8.65,8.13,1992196.0,-2.98,6.54,-2.63,0.038,0.99,0.57,7.24,19.45,-11.51,0.962,False,False,6.0
2026-05-06,002131,利欧股份,49,11462.0,10jqka,intraday_1430,2026-05-06 14:49:28,2026-04-10,16,16,82.0,33.0,ok,2026-04-30,6.62,6.45,6.7,6.36,3847199.0,-1.83,-5.15,-17.94,0.265,0.79,-4.5,-12.71,-14.95,-37.5,0.235,False,False,6.0
2026-05-06,002594,比亚迪,50,11358.0,10jqka,intraday_1430,2026-05-06 14:49:28,2026-04-10,13,4,89.0,39.0,ok,2026-04-30,104.54,102.98,105.45,102.37,600979.0,-2.3,0.63,3.0,0.198,1.05,0.63,0.81,1.03,-7.91,0.295,False,False,6.0
2026-05-06,000063,中兴通讯,51,11341.0,10jqka,intraday_1430,2026-05-06 14:49:28,2026-04-10,3,1,56.0,5.0,ok,2026-05-06,37.51,38.27,39.1,37.45,2100146.0,4.28,6.28,5.2,0.497,1.81,3.62,4.49,7.26,-6.06,0.503,False,False,0.0
2026-05-06,301217,铜冠铜箔,52,5898.0,10jqka,intraday_1430,2026-05-06 14:30:00,2026-05-06,1,1,,,ok,2026-05-06,90.0,91.28,93.78,88.5,151674.0,-3.42,54.32,94.21,0.527,0.26,30.01,53.68,77.48,-2.67,0.473,False,False,0.0
2026-05-06,002384,东山精密,52,11249.0,10jqka,intraday_1430,2026-05-06 14:49:28,2026-04-10,16,16,69.0,17.0,ok,2026-05-06,157.19,169.4,172.68,156.01,964689.0,7.9,-7.88,-9.85,0.803,1.05,-7.02,-5.8,7.1,-13.57,0.197,False,False,0.0
2026-05-06,600522,中天科技,53,11207.0,10jqka,intraday_1430,2026-05-06 14:49:28,2026-04-10,12,11,49.0,-4.0,ok,2026-05-06,34.29,35.78,36.53,34.23,3393558.0,7.74,2.23,7.74,0.674,1.41,2.84,5.41,13.04,-2.05,0.326,False,False,0.0
2026-05-06,300136,信维通信,54,11117.0,10jqka,intraday_1430,2026-05-06 14:49:28,2026-04-15,8,2,50.0,-4.0,ok,2026-05-06,81.18,88.46,91.0,81.18,1391488.0,8.81,1.11,8.81,0.741,1.14,0.24,5.27,17.8,-3.83,0.259,False,False,0.0
2026-05-06,688235,百济神州,55,5553.0,10jqka,intraday_1430,2026-05-06 14:30:00,2026-05-06,1,1,,,ok,2026-05-06,234.07,246.86,246.97,231.02,5140551.0,5.14,5.94,5.11,0.993,2.12,4.07,3.65,2.17,-15.46,0.007,False,False,0.0
2026-05-06,002050,三花智控,55,11060.0,10jqka,intraday_1430,2026-05-06 14:49:28,2026-04-15,6,3,45.0,-10.0,ok,2026-04-30,44.69,46.92,47.37,44.58,1644680.0,4.69,2.2,3.9,0.839,1.88,3.46,2.99,4.75,-14.72,0.161,False,False,6.0
2026-05-06,688981,中芯国际,56,10945.0,10jqka,intraday_1430,2026-05-06 14:49:28,2026-04-24,3,2,81.0,25.0,ok,2026-04-30,113.31,118.73,119.88,113.3,101838285.0,5.57,1.84,12.03,0.825,1.47,3.65,7.23,13.08,-7.95,0.175,False,False,6.0
2026-05-06,002428,云南锗业,57,10896.0,10jqka,intraday_1430,2026-05-06 14:49:28,2026-04-14,10,2,75.0,18.0,ok,2026-05-06,60.53,62.0,62.0,59.07,1005293.0,10.01,-11.02,-19.61,1.0,0.97,-9.81,-12.62,-2.38,-25.08,0.0,True,False,0.0
2026-05-06,600118,中国卫星,58,10882.0,10jqka,intraday_1430,2026-05-06 14:49:28,2026-04-20,8,2,56.0,-2.0,ok,2026-05-06,94.0,99.5,103.12,93.07,757763.0,3.32,2.59,3.32,0.64,1.16,0.16,0.78,10.49,-5.24,0.36,False,False,0.0
2026-05-06,300475,香农芯创,59,10773.0,10jqka,intraday_1430,2026-05-06 14:49:28,2026-04-24,3,1,76.0,17.0,ok,2026-04-30,173.76,174.7,178.78,170.41,392180.0,0.23,2.17,11.71,0.513,0.76,2.33,5.49,12.88,-2.92,0.487,False,False,6.0
2026-05-06,601899,紫金矿业,60,10764.0,10jqka,intraday_1430,2026-05-06 14:49:28,2026-04-10,16,16,65.0,5.0,ok,2026-04-30,33.7,33.3,34.02,33.08,2403899.0,-2.46,-0.77,-3.2,0.234,0.89,-1.05,-3.03,-2.46,-25.9,0.34,False,False,6.0
2026-05-06,002245,蔚蓝锂芯,61,5179.0,10jqka,intraday_1430,2026-05-06 14:30:00,2026-05-06,1,1,,,ok,2026-05-06,22.0,22.36,22.63,22.0,621803.0,0.04,60.17,58.69,0.571,1.08,42.86,51.85,63.4,-1.19,0.429,False,False,0.0
2026-05-06,002281,光迅科技,61,10660.0,10jqka,intraday_1430,2026-05-06 14:49:28,2026-04-10,11,2,18.0,-43.0,ok,2026-04-30,135.52,144.28,146.16,135.01,802115.0,8.59,7.26,9.57,0.831,1.02,6.5,11.7,24.89,-1.29,0.169,False,False,6.0
2026-05-06,002364,中恒电气,62,5144.0,10jqka,intraday_1430,2026-05-06 14:30:00,2026-05-06,1,1,,,ok,2026-05-06,52.91,51.18,53.86,50.0,198954.0,-3.2,27.95,22.76,0.306,0.38,20.21,19.11,29.76,-4.98,0.246,False,False,0.0
2026-05-06,600396,华电辽能,62,10609.0,10jqka,intraday_1430,2026-05-06 14:49:28,2026-04-10,16,16,22.0,-40.0,ok,2026-05-06,8.52,10.12,10.12,8.51,2815152.0,10.0,-6.3,10.0,1.0,0.79,-1.54,6.66,19.94,-10.44,0.0,True,False,0.0
2026-05-06,600726,华电能源,63,5131.0,10jqka,intraday_1430,2026-05-06 14:30:00,2026-05-06,1,1,,,ok,2026-05-06,6.29,6.92,6.92,6.27,1399868.0,10.02,-1.42,19.31,1.0,0.27,1.73,17.09,28.98,-9.31,0.0,True,False,0.0
2026-05-06,300058,蓝色光标,63,10571.0,10jqka,intraday_1430,2026-05-06 14:49:28,2026-04-10,13,1,38.0,-25.0,ok,2026-04-30,17.22,17.12,17.58,17.02,2882464.0,-1.55,-0.87,-9.89,0.179,0.57,-0.31,-5.12,1.26,-29.92,0.643,False,False,6.0
2026-05-06,301666,大普微,64,10430.0,10jqka,intraday_1430,2026-05-06 14:49:28,2026-04-16,2,1,5.0,-59.0,ok,2026-04-30,285.0,318.0,338.5,282.0,92276.0,7.43,32.66,43.25,0.637,0.96,18.57,28.64,28.77,-6.06,0.363,False,False,6.0
2026-05-06,300857,协创数据,65,10329.0,10jqka,intraday_1430,2026-05-06 14:49:28,2026-04-10,6,1,26.0,-39.0,ok,2026-04-30,267.55,259.7,270.0,258.79,290565.0,-4.44,0.66,1.01,0.081,0.82,-1.23,4.06,24.49,-7.24,0.219,False,False,6.0
2026-05-06,300166,东方国信,66,10306.0,10jqka,intraday_1430,2026-05-06 14:49:28,2026-05-06,1,1,,,ok,2026-04-30,15.41,15.44,16.13,14.7,1563901.0,-0.13,-3.26,-4.87,0.517,1.08,-2.03,-3.73,-3.62,-13.5,0.483,False,False,6.0
2026-05-06,001287,中电港,67,10293.0,10jqka,intraday_1430,2026-05-06 14:49:28,2026-05-06,1,1,,,ok,2026-04-30,25.7,26.46,27.07,25.45,345993.0,3.28,-4.23,-1.27,0.623,1.04,-0.63,-1.88,1.01,-6.5,0.377,False,False,6.0
2026-05-06,300308,中际旭创,68,10222.0,10jqka,intraday_1430,2026-05-06 14:49:28,2026-04-10,15,2,71.0,3.0,ok,2026-04-30,863.66,857.5,874.65,845.0,212710.0,1.36,0.17,-4.4,0.422,0.68,0.42,-0.5,9.67,-6.79,0.371,False,False,6.0
2026-05-06,000925,众合科技,69,4961.0,10jqka,intraday_1430,2026-05-06 14:30:00,2026-05-06,1,1,,,ok,2026-05-06,9.7,9.59,10.01,9.59,1269137.0,-10.04,-1.74,4.24,0.0,0.91,-0.97,8.36,19.89,-10.71,0.738,False,False,0.0
2026-05-06,600821,金开新能,69,10182.0,10jqka,intraday_1430,2026-05-06 14:49:28,2026-04-15,12,3,55.0,-14.0,ok,2026-04-30,8.35,7.8,8.47,7.8,2647864.0,-10.03,-8.98,-18.58,0.0,1.03,-7.71,-11.83,-9.02,-36.07,0.179,False,False,6.0
2026-05-06,300042,朗科科技,70,4950.0,10jqka,intraday_1430,2026-05-06 14:30:00,2026-05-06,1,1,,,ok,2026-05-06,56.63,62.72,62.72,56.6,463247.0,19.99,20.75,35.17,1.0,1.49,16.74,23.19,27.58,0.0,0.0,True,False,0.0
2026-05-06,002044,美年健康,70,10162.0,10jqka,intraday_1430,2026-05-06 14:49:28,2026-05-06,1,1,,,ok,2026-04-30,5.58,5.43,5.68,5.17,4074436.0,3.23,4.62,3.23,0.51,5.09,3.47,2.84,1.53,-28.93,0.196,False,False,6.0
2026-05-06,000338,潍柴动力,71,10099.0,10jqka,intraday_1430,2026-05-06 14:49:28,2026-04-29,2,1,96.0,25.0,ok,2026-04-30,30.9,31.2,32.66,30.81,1696339.0,3.48,5.19,5.8,0.211,1.41,3.53,8.36,13.93,-4.47,0.789,False,False,6.0
2026-05-06,000620,盈新发展,72,4869.0,10jqka,intraday_1430,2026-05-06 14:30:00,2026-05-06,1,1,,,ok,2026-05-06,3.08,3.08,3.08,3.08,1645870.0,10.0,13.24,13.24,1.0,1.37,8.91,9.88,9.18,-24.69,0.0,True,True,0.0
2026-05-06,002261,拓维信息,72,10098.0,10jqka,intraday_1430,2026-05-06 14:49:28,2026-04-15,8,1,32.0,-40.0,ok,2026-04-30,34.97,35.44,35.79,34.7,926431.0,1.52,-7.47,-7.27,0.679,0.56,-3.25,-4.55,-2.37,-19.56,0.321,False,False,6.0
2026-05-06,002466,天齐锂业,73,10033.0,10jqka,intraday_1430,2026-05-06 14:49:28,2026-04-13,8,3,17.0,-56.0,ok,2026-04-30,75.0,80.03,81.19,74.49,1306785.0,5.97,8.66,17.74,0.827,1.27,6.58,11.41,21.63,-1.43,0.173,False,False,6.0
2026-05-06,000657,中钨高新,74,4841.0,10jqka,intraday_1430,2026-05-06 14:30:00,2026-05-06,1,1,,,ok,2026-05-06,63.94,68.03,68.9,63.03,1196165.0,5.95,30.58,23.29,0.852,1.37,17.51,18.17,27.08,-4.85,0.148,False,False,0.0
2026-05-06,603778,国晟科技,74,9782.0,10jqka,intraday_1430,2026-05-06 14:49:28,2026-04-10,16,16,73.0,-1.0,ok,2026-04-30,26.6,26.6,27.3,26.31,558408.0,-2.81,0.91,0.23,0.293,0.77,0.66,0.49,-6.06,-22.38,0.707,False,False,6.0
2026-05-06,002805,丰元股份,75,9697.0,10jqka,intraday_1430,2026-05-06 14:49:28,2026-05-06,1,1,,,ok,2026-04-30,22.68,22.85,22.85,22.22,130426.0,10.01,24.46,27.87,1.0,0.62,15.3,20.73,26.09,0.0,0.0,True,False,6.0
2026-05-06,001330,博纳影业,76,9588.0,10jqka,intraday_1430,2026-05-06 14:49:28,2026-04-17,6,1,70.0,-6.0,ok,2026-04-30,8.15,8.27,8.38,7.92,1309994.0,2.73,1.22,-2.01,0.761,1.05,2.76,0.47,7.69,-39.72,0.239,False,False,6.0
2026-05-06,002210,飞马国际,77,4771.0,10jqka,intraday_1430,2026-05-06 14:30:00,2026-05-06,1,1,,,ok,2026-05-06,3.01,3.28,3.28,3.01,4009801.0,10.07,8.97,31.73,1.0,2.24,7.05,16.85,22.05,-2.96,0.0,True,False,0.0
2026-05-06,600089,特变电工,77,9554.0,10jqka,intraday_1430,2026-05-06 14:49:28,2026-04-10,11,1,43.0,-34.0,ok,2026-04-30,27.22,26.82,27.22,26.75,1192612.0,-1.58,1.13,-3.11,0.149,0.82,-0.22,-1.51,-0.79,-19.41,0.0,False,False,6.0
2026-05-06,600527,江南高纤,78,4757.0,10jqka,intraday_1430,2026-05-06 14:30:00,2026-05-06,1,1,,,ok,2026-05-06,3.01,3.25,3.25,2.97,1265196.0,10.17,18.18,18.18,1.0,0.71,11.61,16.78,20.35,0.0,0.0,True,False,0.0
2026-05-06,600839,四川长虹,78,9410.0,10jqka,intraday_1430,2026-05-06 14:49:28,2026-04-15,3,1,97.0,19.0,ok,2026-04-30,8.68,8.74,8.85,8.64,744804.0,0.81,-1.58,-5.82,0.476,0.69,-1.33,-4.32,-2.42,-16.44,0.524,False,False,6.0
2026-05-06,601888,中国中免,79,9297.0,10jqka,intraday_1430,2026-05-06 14:49:28,2026-04-29,2,1,31.0,-48.0,ok,2026-04-30,66.99,65.62,67.0,65.0,339125.0,-0.5,0.0,-1.0,0.31,1.67,0.28,-0.85,-2.82,-33.53,0.005,False,False,6.0
2026-05-06,600666,奥瑞德,80,9293.0,10jqka,intraday_1430,2026-05-06 14:49:28,2026-04-10,13,1,76.0,-4.0,ok,2026-04-30,5.58,5.24,5.63,5.2,3074345.0,-5.59,-9.81,-20.12,0.093,0.86,-6.86,-16.16,-16.69,-30.78,0.116,False,False,6.0
2026-05-06,001896,豫能控股,81,4605.0,10jqka,intraday_1430,2026-05-06 14:30:00,2026-05-06,1,1,,,ok,2026-05-06,16.01,16.91,17.3,15.8,2196071.0,7.3,7.5,0.96,0.74,1.29,4.13,-0.12,7.78,-10.29,0.26,False,False,0.0
2026-05-06,600519,贵州茅台,81,9252.0,10jqka,intraday_1430,2026-05-06 14:49:28,2026-04-10,7,2,72.0,-9.0,ok,2026-04-30,1400.0,1384.79,1401.17,1380.0,52753.0,-1.17,-1.31,-2.41,0.226,1.12,-1.82,-1.87,-3.4,-11.68,0.055,False,False,6.0
2026-05-06,002565,顺灏股份,82,4566.0,10jqka,intraday_1430,2026-05-06 14:30:00,2026-05-06,1,1,,,ok,2026-05-06,17.69,16.96,17.83,16.5,1056168.0,-5.15,-10.03,-14.34,0.346,0.53,-7.75,-13.49,-7.43,-26.23,0.105,False,False,0.0
2026-05-06,600176,中国巨石,82,9232.0,10jqka,intraday_1430,2026-05-06 14:49:28,2026-04-13,5,2,53.0,-29.0,ok,2026-04-30,35.65,34.5,35.67,32.7,1867694.0,-3.36,3.17,2.92,0.606,1.25,0.79,3.33,10.4,-4.85,0.007,False,False,6.0
2026-05-06,600379,宝光股份,83,9167.0,10jqka,intraday_1430,2026-05-06 14:49:28,2026-04-29,3,3,41.0,-42.0,ok,2026-04-30,16.5,16.78,16.78,16.48,438344.0,10.03,33.17,37.32,1.0,1.37,17.52,28.39,33.64,0.0,0.0,True,False,6.0
2026-05-06,002759,天际股份,84,4534.0,10jqka,intraday_1430,2026-05-06 14:30:00,2026-05-06,1,1,,,ok,2026-05-06,35.64,32.71,36.1,32.71,651230.0,-9.99,-3.79,-2.1,0.0,1.03,-6.65,-4.73,-6.59,-27.12,0.136,False,False,0.0
2026-05-06,600770,综艺股份,84,9085.0,10jqka,intraday_1430,2026-05-06 14:49:28,2026-04-24,6,6,80.0,-4.0,ok,2026-04-30,7.89,7.62,8.07,7.41,2094109.0,-3.42,9.48,20.19,0.318,1.17,2.7,14.64,24.47,-9.18,0.273,False,False,6.0
2026-05-06,600206,有研新材,85,8933.0,10jqka,intraday_1430,2026-05-06 14:49:28,2026-04-20,4,1,34.0,-51.0,ok,2026-04-30,26.65,27.37,27.58,26.65,881294.0,2.01,2.51,5.47,0.774,0.97,2.01,4.99,15.1,-1.37,0.226,False,False,6.0
2026-05-06,002176,江特电机,86,8904.0,10jqka,intraday_1430,2026-05-06 14:49:28,2026-04-24,6,6,48.0,-38.0,ok,2026-04-30,16.27,16.05,16.97,15.85,3417345.0,-0.25,10.77,29.64,0.179,1.27,7.17,20.04,33.42,-5.42,0.625,False,False,6.0
2026-05-06,301599,理奇智能,87,8896.0,10jqka,intraday_1430,2026-05-06 14:49:28,2026-04-30,2,2,6.0,-81.0,ok,2026-04-30,48.0,62.4,62.4,47.5,422508.0,,,,1.0,,0.0,0.0,0.0,0.0,0.0,False,False,6.0
2026-05-06,600410,华胜天成,88,8847.0,10jqka,intraday_1430,2026-05-06 14:49:28,2026-04-10,15,1,94.0,6.0,ok,2026-04-30,22.31,21.92,22.75,21.68,1126137.0,-2.62,-15.69,-20.35,0.224,0.78,-9.44,-16.69,-17.32,-36.11,0.411,False,False,6.0
2026-05-06,300442,润泽科技,89,8717.0,10jqka,intraday_1430,2026-05-06 14:49:28,2026-04-16,2,1,81.0,-8.0,ok,2026-04-30,89.98,89.06,91.0,87.05,389058.0,-1.53,-1.18,-7.1,0.509,0.73,-1.24,-3.17,-0.39,-16.24,0.258,False,False,6.0
2026-05-06,000818,航锦科技,90,8637.0,10jqka,intraday_1430,2026-05-06 14:49:28,2026-05-06,1,1,,,ok,2026-04-30,16.0,15.32,16.41,15.3,754696.0,-0.65,8.73,4.57,0.018,1.74,4.35,4.27,-0.69,-40.85,0.369,False,False,6.0
2026-05-06,002475,立讯精密,91,8533.0,10jqka,intraday_1430,2026-05-06 14:49:28,2026-04-10,16,16,46.0,-45.0,ok,2026-05-06,67.98,71.97,72.6,67.5,3273500.0,9.05,2.99,9.05,0.876,1.4,2.97,5.41,15.88,-0.87,0.124,False,False,0.0
2026-05-06,002812,恩捷股份,92,8451.0,10jqka,intraday_1430,2026-05-06 14:49:28,2026-04-14,6,1,87.0,-5.0,ok,2026-04-30,84.0,82.95,85.66,82.01,469539.0,-1.8,2.6,18.23,0.258,0.74,2.67,7.93,14.28,-3.42,0.455,False,False,6.0
2026-05-06,600330,天通股份,93,8426.0,10jqka,intraday_1430,2026-05-06 14:49:28,2026-04-10,9,2,27.0,-66.0,ok,2026-04-30,25.79,27.89,28.23,25.78,2914319.0,8.69,1.71,8.95,0.861,1.2,4.63,9.85,26.75,-2.07,0.139,False,False,6.0
2026-05-06,000977,浪潮信息,94,8410.0,10jqka,intraday_1430,2026-05-06 14:49:28,2026-04-10,5,1,76.0,-18.0,ok,2026-04-30,69.5,69.75,70.5,66.15,1199911.0,-3.5,-4.66,-5.53,0.828,1.76,-3.36,-3.34,2.32,-8.21,0.172,False,False,6.0
2026-05-06,300769,德方纳米,95,8380.0,10jqka,intraday_1430,2026-05-06 14:49:28,2026-04-29,3,3,85.0,-10.0,ok,2026-04-30,69.94,71.95,74.98,69.94,807797.0,12.92,37.47,44.3,0.399,2.64,23.4,34.37,47.46,-4.04,0.601,True,False,6.0
2026-05-06,002309,中利集团,96,8343.0,10jqka,intraday_1430,2026-05-06 14:49:28,2026-04-10,10,3,88.0,-8.0,ok,2026-04-30,4.47,4.29,4.54,4.27,3560669.0,-4.88,3.12,2.14,0.074,1.01,0.19,0.59,-3.48,-20.99,0.259,False,False,6.0
2026-05-06,600110,诺德股份,97,4190.0,10jqka,intraday_1430,2026-05-06 14:30:00,2026-05-06,1,1,,,ok,2026-05-06,10.94,11.45,11.49,10.63,2048556.0,6.51,8.43,17.32,0.953,0.92,5.57,10.57,13.01,-0.35,0.047,False,False,0.0
2026-05-06,600105,永鼎股份,97,8126.0,10jqka,intraday_1430,2026-05-06 14:49:28,2026-04-10,14,1,62.0,-35.0,ok,2026-04-30,43.84,42.41,44.22,41.8,1202231.0,-2.1,-12.59,-12.56,0.252,0.65,-7.04,-5.04,6.43,-16.84,0.157,False,False,6.0
2026-05-06,603773,沃格光电,98,4158.0,10jqka,intraday_1430,2026-05-06 14:30:00,2026-05-06,1,1,,,ok,2026-05-06,61.39,72.88,74.0,61.39,414628.0,7.99,14.95,25.01,0.911,1.8,7.33,13.99,37.01,-1.51,0.089,False,False,0.0
2026-05-06,002792,通宇通讯,98,8122.0,10jqka,intraday_1430,2026-05-06 14:49:28,2026-04-14,4,1,92.0,-6.0,ok,2026-04-30,42.61,43.66,44.08,41.9,332433.0,2.49,-3.09,-11.08,0.807,0.84,-0.41,-8.18,-7.24,-20.68,0.193,False,False,6.0
2026-05-06,300017,网宿科技,99,8035.0,10jqka,intraday_1430,2026-05-06 14:49:28,2026-04-14,3,1,67.0,-32.0,ok,2026-04-30,16.3,16.0,16.66,15.83,1595259.0,-2.74,-5.27,-15.34,0.205,0.67,-3.95,-9.53,-9.7,-33.61,0.434,False,False,6.0
2026-05-06,300502,新易盛,100,4144.0,10jqka,intraday_1430,2026-05-06 14:30:00,2026-05-06,1,1,,,ok,2026-05-06,620.13,654.44,656.65,595.01,433824.0,7.86,22.22,21.81,0.964,0.94,17.25,14.4,21.14,-0.34,0.036,False,False,0.0
2026-05-06,002460,赣锋锂业,100,8022.0,10jqka,intraday_1430,2026-05-06 14:49:28,2026-04-10,11,3,63.0,-37.0,ok,2026-04-30,87.0,88.68,91.19,86.9,1075419.0,2.05,5.43,11.02,0.415,1.49,3.89,5.7,6.52,-2.75,0.585,False,False,6.0
2026-05-07,000066,中国长城,1,45933.0,10jqka,post_close,2026-05-07 15:00:00,2026-05-06,2,2,4.0,3.0,ok,2026-05-07,23.29,23.98,23.98,22.98,5096882.0,10.0,33.07,42.99,1.0,1.7,18.19,31.85,43.23,0.0,0.0,True,False,0.0
2026-05-07,002081,金螳螂,2,39855.0,10jqka,post_close,2026-05-07 15:00:00,2026-05-06,2,2,2.0,0.0,ok,2026-05-07,6.96,7.14,7.14,6.8,4420756.0,10.02,33.21,61.17,1.0,1.1,19.96,32.37,61.21,0.0,0.0,True,False,0.0
2026-05-07,002384,东山精密,3,38578.0,10jqka,post_close,2026-05-07 15:00:00,2026-05-06,2,2,65.0,62.0,ok,2026-05-07,188.43,211.07,211.07,185.8,866708.0,10.0,14.56,13.05,1.0,0.97,10.18,12.58,28.45,0.0,0.0,True,False,0.0
2026-05-07,601868,中国能建,4,32075.0,10jqka,post_close,2026-05-07 15:00:00,2026-05-07,1,1,,,ok,2026-05-07,2.85,3.12,3.12,2.85,11232946.0,9.86,9.47,9.86,1.0,2.31,8.18,7.11,7.77,-20.81,0.0,True,False,0.0
2026-05-07,002217,合力泰,5,26444.0,10jqka,post_close,2026-05-07 15:00:00,2026-05-06,2,2,14.0,9.0,ok,2026-05-07,3.4,3.5,3.5,3.25,8446139.0,10.06,14.01,18.24,1.0,0.93,12.04,16.86,26.74,0.0,0.0,True,False,0.0
2026-05-07,600186,莲花控股,6,25511.0,10jqka,post_close,2026-05-07 15:00:00,2026-05-06,2,2,15.0,9.0,ok,2026-05-07,11.27,11.13,11.44,10.82,3321134.0,-2.37,2.87,19.16,0.5,0.91,3.23,12.97,27.7,-3.64,0.274,False,False,0.0
2026-05-07,601991,大唐发电,7,24733.0,10jqka,post_close,2026-05-07 15:00:00,2026-05-06,2,2,6.0,-1.0,ok,2026-05-07,4.98,5.04,5.04,4.88,3340447.0,10.04,17.48,24.44,1.0,1.39,13.98,18.03,24.09,0.0,0.0,True,False,0.0
2026-05-07,300502,新易盛,8,24411.0,10jqka,post_close,2026-05-07 15:00:00,2026-05-06,2,2,100.0,92.0,ok,2026-05-07,523.85,563.5,565.0,513.0,533930.0,7.85,4.93,4.74,0.971,1.46,4.96,1.19,4.54,-10.24,0.029,False,False,0.0
2026-05-07,002149,西部材料,9,22886.0,10jqka,post_close,2026-05-07 15:00:00,2026-05-06,2,2,19.0,10.0,ok,2026-05-07,71.0,73.47,74.6,70.18,1144573.0,5.17,27.24,26.94,0.744,1.62,14.38,17.23,30.0,-1.51,0.256,False,False,0.0
2026-05-07,600396,华电辽能,10,22302.0,10jqka,post_close,2026-05-07 15:00:00,2026-05-06,2,2,3.0,-7.0,ok,2026-05-07,10.91,12.0,12.0,10.91,1682810.0,9.99,15.05,18.58,1.0,0.5,10.99,19.66,37.57,0.0,0.0,True,False,0.0
2026-05-07,600105,永鼎股份,11,20067.0,10jqka,post_close,2026-05-07 15:00:00,2026-05-07,1,1,,,ok,2026-05-07,44.72,47.52,48.05,43.41,2266602.0,8.79,9.7,-2.06,0.886,1.47,7.13,4.5,14.94,-6.82,0.114,False,False,0.0
2026-05-07,002156,通富微电,12,19553.0,10jqka,post_close,2026-05-07 15:00:00,2026-05-06,2,2,13.0,1.0,ok,2026-05-07,60.8,59.08,60.8,57.6,2517397.0,3.74,19.35,15.39,0.462,2.32,10.41,15.72,21.76,-2.83,0.0,False,False,0.0
2026-05-07,002181,粤传媒,13,19535.0,10jqka,post_close,2026-05-07 15:00:00,2026-05-06,2,2,8.0,-5.0,ok,2026-05-07,18.2,18.72,19.77,17.8,1745018.0,3.2,24.88,30.54,0.467,1.62,13.1,25.11,33.47,-5.31,0.533,False,False,0.0
2026-05-07,000858,五粮液,14,19194.0,10jqka,post_close,2026-05-07 15:00:00,2026-05-06,2,2,1.0,-13.0,ok,2026-05-07,92.43,92.6,93.85,92.43,536278.0,0.37,-5.84,-7.58,0.12,1.51,-3.64,-5.99,-7.98,-16.41,0.88,False,False,0.0
2026-05-07,603399,永杉锂业,15,18400.0,10jqka,post_close,2026-05-07 15:00:00,2026-05-06,2,2,25.0,10.0,ok,2026-05-07,23.35,22.58,23.46,21.0,1656714.0,5.86,28.08,54.98,0.642,4.17,16.44,35.84,56.81,-3.75,0.045,False,False,0.0
2026-05-07,600745,*ST闻泰,16,17886.0,10jqka,post_close,2026-05-07 15:00:00,2026-05-06,2,2,5.0,-11.0,ok,2026-05-07,25.37,25.37,25.37,25.37,9928.0,-5.02,-8.74,-8.77,1.0,0.04,-7.18,-10.2,-14.65,-38.54,,False,False,0.0
2026-05-07,002281,光迅科技,17,17258.0,10jqka,post_close,2026-05-07 15:00:00,2026-05-06,2,2,94.0,77.0,ok,2026-05-07,152.7,164.29,165.9,147.01,708803.0,8.93,23.65,22.13,0.915,1.02,12.64,19.93,34.04,-0.97,0.085,False,False,0.0
2026-05-07,000988,华工科技,18,17216.0,10jqka,post_close,2026-05-07 15:00:00,2026-05-06,2,2,58.0,40.0,ok,2026-05-07,125.79,133.5,134.52,123.8,1066791.0,6.64,12.15,12.38,0.905,1.21,8.92,11.08,13.65,-5.59,0.095,False,False,0.0
2026-05-07,600522,中天科技,19,16399.0,10jqka,post_close,2026-05-07 15:00:00,2026-05-06,2,2,66.0,47.0,ok,2026-05-07,36.1,38.38,38.38,35.0,2891081.0,10.0,11.96,7.27,1.0,1.18,9.24,10.93,19.96,0.0,0.0,True,False,0.0
2026-05-07,002709,天赐材料,20,16203.0,10jqka,post_close,2026-05-07 15:00:00,2026-05-06,2,2,18.0,-2.0,ok,2026-05-07,63.66,62.8,63.7,61.0,1504038.0,-1.88,5.87,14.26,0.667,0.89,4.47,11.81,21.99,-3.35,0.015,False,False,0.0
2026-05-07,601016,节能风电,21,16100.0,10jqka,post_close,2026-05-07 15:00:00,2026-05-06,2,2,20.0,-1.0,ok,2026-05-07,4.82,4.99,5.08,4.75,9712424.0,6.4,9.43,7.31,0.727,1.52,7.4,10.69,16.63,-12.91,0.273,False,False,0.0
2026-05-07,001309,德明利,22,16091.0,10jqka,post_close,2026-05-07 15:00:00,2026-05-06,2,2,22.0,0.0,ok,2026-05-07,603.0,616.51,633.0,597.0,252913.0,6.79,17.9,26.3,0.542,1.82,12.59,17.42,24.49,-2.61,0.458,False,False,0.0
2026-05-07,600379,宝光股份,23,15923.0,10jqka,post_close,2026-05-07 15:00:00,2026-05-06,2,2,29.0,6.0,ok,2026-05-07,20.31,17.85,20.31,17.13,1100442.0,-3.3,17.05,41.67,0.226,3.01,8.58,24.61,35.0,-12.11,0.0,False,False,0.0
2026-05-07,002050,三花智控,24,15854.0,10jqka,post_close,2026-05-07 15:00:00,2026-05-06,2,2,76.0,52.0,ok,2026-05-07,48.17,50.32,50.4,47.88,1957613.0,4.49,12.27,9.61,0.968,1.7,7.35,8.78,10.64,-8.54,0.032,False,False,0.0
2026-05-07,002202,金风科技,25,15590.0,10jqka,post_close,2026-05-07 15:00:00,2026-05-06,2,2,28.0,3.0,ok,2026-05-07,27.95,28.46,28.68,27.84,2650063.0,1.86,10.61,7.27,0.738,1.1,5.26,7.29,11.32,-14.53,0.262,False,False,0.0
2026-05-07,002580,圣阳股份,26,15567.0,10jqka,post_close,2026-05-07 15:00:00,2026-05-06,2,2,16.0,-10.0,ok,2026-05-07,29.4,29.91,31.19,29.2,1229116.0,0.44,4.58,3.78,0.357,0.95,2.95,4.88,16.45,-11.09,0.643,False,False,0.0
2026-05-07,603629,利通电子,27,15462.0,10jqka,post_close,2026-05-07 15:00:00,2026-05-06,2,2,7.0,-20.0,ok,2026-05-07,160.2,158.28,166.55,157.01,400100.0,-0.36,20.56,45.88,0.133,1.48,11.12,26.02,51.69,-4.97,0.666,False,False,0.0
2026-05-07,600487,亨通光电,28,14685.0,10jqka,post_close,2026-05-07 15:00:00,2026-05-06,2,2,24.0,-4.0,ok,2026-05-07,74.55,75.96,76.63,71.8,1908904.0,5.79,12.73,6.42,0.861,1.06,8.78,10.87,21.94,-0.87,0.139,False,False,0.0
2026-05-07,601778,晶科科技,29,14572.0,10jqka,post_close,2026-05-07 15:00:00,2026-05-06,2,2,17.0,-12.0,ok,2026-05-07,7.36,7.42,7.58,7.25,6384360.0,3.78,6.61,6.92,0.515,1.04,5.55,7.01,16.76,-5.84,0.485,False,False,0.0
2026-05-07,601138,工业富联,30,14527.0,10jqka,post_close,2026-05-07 15:00:00,2026-05-06,2,2,39.0,9.0,ok,2026-05-07,64.09,64.18,64.59,63.0,2103300.0,1.74,-3.14,-4.57,0.742,0.8,-1.14,-1.73,4.52,-7.12,0.258,False,False,0.0
2026-05-07,002475,立讯精密,31,14289.0,10jqka,post_close,2026-05-07 15:00:00,2026-05-06,2,2,54.0,23.0,ok,2026-05-07,67.5,69.52,70.3,66.29,2141885.0,3.64,1.28,-3.4,0.805,0.95,1.6,1.99,10.52,-4.24,0.195,False,False,0.0
2026-05-07,002297,博云新材,32,14097.0,10jqka,post_close,2026-05-07 15:00:00,2026-05-06,2,2,10.0,-22.0,ok,2026-05-07,24.33,24.75,25.25,24.01,1706591.0,3.08,6.64,20.56,0.597,0.86,3.95,10.79,37.23,-4.81,0.403,False,False,0.0
2026-05-07,600726,华电能源,33,14014.0,10jqka,post_close,2026-05-07 15:00:00,2026-05-06,2,2,63.0,30.0,ok,2026-05-07,6.77,7.61,7.61,6.72,3659797.0,9.97,7.18,19.28,1.0,0.72,7.97,22.49,38.5,-0.26,0.0,True,False,0.0
2026-05-07,601869,长飞光纤,34,13520.0,10jqka,post_close,2026-05-07 15:00:00,2026-05-07,1,1,,,ok,2026-05-07,380.11,389.2,392.0,368.18,202035.0,7.8,5.04,3.1,0.882,1.28,5.29,3.17,3.98,-7.96,0.118,False,False,0.0
2026-05-07,002008,大族激光,35,13406.0,10jqka,post_close,2026-05-07 15:00:00,2026-05-07,1,1,,,ok,2026-05-07,101.87,112.21,112.21,101.87,413907.0,10.02,8.79,7.41,1.0,0.78,7.3,10.05,24.24,0.0,0.0,True,False,0.0
2026-05-07,000815,美利云,36,13038.0,10jqka,post_close,2026-05-07 15:00:00,2026-05-06,2,2,35.0,-1.0,ok,2026-05-07,21.4,22.13,23.0,21.1,2220246.0,5.78,11.43,12.68,0.542,2.6,8.46,8.9,8.22,-4.2,0.458,False,False,0.0
2026-05-07,000070,特发信息,37,12535.0,10jqka,post_close,2026-05-07 15:00:00,2026-05-07,1,1,,,ok,2026-05-07,19.8,20.11,20.11,18.77,1249888.0,10.01,4.04,-0.2,1.0,1.54,5.79,1.62,1.05,-10.62,0.0,True,False,0.0
2026-05-07,002491,通鼎互联,38,12530.0,10jqka,post_close,2026-05-07 15:00:00,2026-05-07,1,1,,,ok,2026-05-07,18.78,18.78,18.78,18.55,529731.0,10.02,13.34,11.65,1.0,0.35,10.76,11.75,17.63,0.0,0.0,True,False,0.0
2026-05-07,002466,天齐锂业,39,12259.0,10jqka,post_close,2026-05-07 15:00:00,2026-05-06,2,2,93.0,54.0,ok,2026-05-07,80.28,79.06,80.55,77.51,1216578.0,-3.24,4.69,7.35,0.51,1.11,1.66,6.03,15.83,-4.16,0.089,False,False,0.0
2026-05-07,002361,神剑股份,40,12141.0,10jqka,post_close,2026-05-07 15:00:00,2026-05-06,2,2,40.0,0.0,ok,2026-05-07,21.21,21.6,21.7,20.98,2451728.0,1.84,7.73,-0.28,0.861,0.97,4.42,0.06,10.33,-9.81,0.139,False,False,0.0
2026-05-07,603318,水发燃气,41,12033.0,10jqka,post_close,2026-05-07 15:00:00,2026-05-07,1,1,,,ok,2026-05-07,13.9,13.05,14.06,13.05,899482.0,-10.0,-10.31,4.15,0.0,0.73,-6.97,6.64,30.35,-13.58,0.158,False,False,0.0
2026-05-07,002015,协鑫能科,42,11555.0,10jqka,post_close,2026-05-07 15:00:00,2026-05-06,2,2,31.0,-11.0,ok,2026-05-07,20.39,20.59,20.91,20.1,2425702.0,5.43,10.17,12.45,0.605,1.67,7.88,6.84,10.76,-10.44,0.395,False,False,0.0
2026-05-07,300308,中际旭创,43,11521.0,10jqka,post_close,2026-05-07 15:00:00,2026-05-06,2,2,67.0,24.0,ok,2026-05-07,858.0,877.47,889.15,835.0,277190.0,2.51,3.84,2.5,0.784,1.0,2.99,1.47,8.5,-4.52,0.216,False,False,0.0
2026-05-07,600673,东阳光,44,11425.0,10jqka,post_close,2026-05-07 15:00:00,2026-05-06,2,2,27.0,-17.0,ok,2026-05-07,42.83,42.83,42.83,42.83,185880.0,9.99,29.24,31.87,1.0,0.32,16.68,22.23,26.15,0.0,0.0,True,True,0.0
2026-05-07,300136,信维通信,45,11390.0,10jqka,post_close,2026-05-07 15:00:00,2026-05-06,2,2,91.0,46.0,ok,2026-05-07,96.95,101.6,103.78,95.61,1086433.0,4.55,18.89,14.92,0.733,0.94,9.74,16.46,31.14,-2.1,0.267,False,False,0.0
2026-05-07,603618,杭电股份,46,11346.0,10jqka,post_close,2026-05-07 15:00:00,2026-05-06,2,2,36.0,-10.0,ok,2026-05-07,32.62,34.2,34.2,32.45,440107.0,10.0,16.05,12.65,1.0,0.62,12.44,14.42,26.18,0.0,0.0,True,False,0.0
2026-05-07,601669,中国电建,47,11142.0,10jqka,post_close,2026-05-07 15:00:00,2026-05-07,1,1,,,ok,2026-05-07,5.64,5.96,6.04,5.62,5703624.0,5.86,4.93,4.93,0.81,3.11,4.63,3.33,3.9,-17.11,0.19,False,False,0.0
2026-05-07,002044,美年健康,48,10938.0,10jqka,post_close,2026-05-07 15:00:00,2026-05-06,2,2,50.0,2.0,ok,2026-05-07,6.17,6.2,6.28,5.89,5328322.0,3.85,17.87,19.46,0.795,3.44,10.56,14.22,14.75,-15.53,0.205,False,False,0.0
2026-05-07,002407,多氟多,49,10826.0,10jqka,post_close,2026-05-07 15:00:00,2026-05-06,2,2,30.0,-19.0,ok,2026-05-07,37.21,37.35,37.85,36.46,1468894.0,-1.53,4.68,8.8,0.64,0.76,3.38,9.48,18.49,-3.76,0.36,False,False,0.0
2026-05-07,603019,中科曙光,50,10791.0,10jqka,post_close,2026-05-07 15:00:00,2026-05-06,2,2,49.0,-1.0,ok,2026-05-07,99.8,98.75,99.8,97.49,739492.0,-1.05,9.21,4.79,0.545,0.98,4.42,5.87,9.77,-3.43,0.0,False,False,0.0
2026-05-07,000062,深圳华强,51,10748.0,10jqka,post_close,2026-05-07 15:00:00,2026-05-06,2,2,9.0,-42.0,ok,2026-05-07,35.95,37.46,38.2,35.53,1099820.0,1.57,5.08,-0.56,0.723,0.92,2.34,7.6,18.01,-6.65,0.277,False,False,0.0
2026-05-07,000889,中嘉博创,52,10578.0,10jqka,post_close,2026-05-07 15:00:00,2026-05-07,1,1,,,ok,2026-05-07,5.28,5.35,5.35,5.27,487884.0,10.08,11.23,19.96,1.0,0.24,9.86,13.28,17.87,-1.83,0.0,True,False,0.0
2026-05-07,688256,寒武纪,53,10538.0,10jqka,post_close,2026-05-07 15:00:00,2026-05-06,2,2,12.0,-41.0,ok,2026-05-07,1223.79,1252.68,1264.45,1202.21,10998270.0,2.36,31.9,37.73,0.811,0.9,14.14,25.54,36.74,-4.99,0.189,False,False,0.0
2026-05-07,600759,ST洲际,54,10502.0,10jqka,post_close,2026-05-07 15:00:00,2026-05-06,2,2,32.0,-22.0,ok,2026-05-07,4.22,4.22,4.22,4.22,25898.0,-4.95,-14.23,-18.38,1.0,0.02,-9.94,-14.61,-18.95,-53.58,,False,False,0.0
2026-05-07,301308,江波龙,55,10262.0,10jqka,post_close,2026-05-07 15:00:00,2026-05-06,2,2,11.0,-44.0,ok,2026-05-07,490.0,483.33,508.58,480.77,308884.0,0.41,16.66,22.84,0.092,1.36,11.79,19.48,27.88,-4.96,0.668,False,False,0.0
2026-05-07,600111,北方稀土,56,10220.0,10jqka,post_close,2026-05-07 15:00:00,2026-05-06,2,2,33.0,-23.0,ok,2026-05-07,55.53,55.31,56.48,54.58,1800986.0,-0.38,8.56,18.11,0.384,1.14,5.9,9.93,9.52,-12.99,0.5,False,False,0.0
2026-05-07,601208,东材科技,57,10189.0,10jqka,post_close,2026-05-07 15:00:00,2026-05-07,1,1,,,ok,2026-05-07,41.46,45.16,45.16,41.46,879132.0,10.01,16.81,25.2,1.0,1.0,13.13,19.88,25.84,0.0,0.0,True,False,0.0
2026-05-07,002115,三维通信,58,10174.0,10jqka,post_close,2026-05-07 15:00:00,2026-05-07,1,1,,,ok,2026-05-07,15.01,15.32,15.55,14.63,1613225.0,2.61,4.36,14.93,0.75,1.05,4.45,11.93,17.64,-5.43,0.25,False,False,0.0
2026-05-07,000818,航锦科技,59,10112.0,10jqka,post_close,2026-05-07 15:00:00,2026-05-07,1,1,,,ok,2026-05-07,17.69,18.54,18.54,17.5,571038.0,10.03,20.23,31.58,1.0,1.05,15.66,21.65,21.67,-28.42,0.0,True,False,0.0
2026-05-07,002342,巨力索具,60,9905.0,10jqka,post_close,2026-05-07 15:00:00,2026-05-06,2,2,46.0,-14.0,ok,2026-05-07,19.9,22.12,22.12,19.76,2728879.0,10.0,17.04,20.09,1.0,1.39,11.25,12.05,21.41,0.0,0.0,True,False,0.0
2026-05-07,603538,美诺华,61,9898.0,10jqka,post_close,2026-05-07 15:00:00,2026-05-06,2,2,26.0,-35.0,ok,2026-05-07,69.0,61.65,70.39,61.65,755961.0,-10.0,-5.59,9.31,0.0,1.31,-3.08,4.39,13.89,-12.42,0.159,False,False,0.0
2026-05-07,603803,瑞斯康达,62,9872.0,10jqka,post_close,2026-05-07 15:00:00,2026-05-07,1,1,,,ok,2026-05-07,14.89,16.27,16.27,14.68,533131.0,10.01,9.41,17.22,1.0,1.21,10.31,9.84,9.97,-3.1,0.0,True,False,0.0
2026-05-07,603601,再升科技,63,9669.0,10jqka,post_close,2026-05-07 15:00:00,2026-05-06,2,2,41.0,-22.0,ok,2026-05-07,16.99,17.32,17.39,16.5,2561849.0,3.53,13.95,15.93,0.921,1.07,7.77,10.52,15.75,-0.69,0.079,False,False,0.0
2026-05-07,600158,中体产业,64,9660.0,10jqka,post_close,2026-05-07 15:00:00,2026-05-07,1,1,,,ok,2026-05-07,12.45,13.27,13.57,12.45,1820459.0,7.54,23.21,24.37,0.732,2.22,13.55,18.33,17.05,-2.21,0.268,False,False,0.0
2026-05-07,002565,顺灏股份,65,9656.0,10jqka,post_close,2026-05-07 15:00:00,2026-05-06,2,2,82.0,17.0,ok,2026-05-07,19.7,19.86,19.99,19.19,1883300.0,3.44,7.24,6.95,0.838,1.12,4.03,0.38,6.39,-13.61,0.162,False,False,0.0
2026-05-07,002428,云南锗业,66,9613.0,10jqka,post_close,2026-05-07 15:00:00,2026-05-06,2,2,21.0,-45.0,ok,2026-05-07,77.01,80.2,81.49,75.21,1056903.0,4.14,15.86,10.16,0.795,1.05,9.53,8.88,22.1,-3.09,0.205,False,False,0.0
2026-05-07,603026,石大胜华,67,9608.0,10jqka,post_close,2026-05-07 15:00:00,2026-05-07,1,1,,,ok,2026-05-07,119.88,108.54,120.36,108.32,352275.0,-9.82,-8.95,-0.66,0.018,1.38,-5.02,-0.54,8.92,-11.12,0.04,False,False,0.0
2026-05-07,600330,天通股份,68,9494.0,10jqka,post_close,2026-05-07 15:00:00,2026-05-06,2,2,75.0,7.0,ok,2026-05-07,27.01,27.98,29.2,26.2,2293664.0,3.59,9.04,2.04,0.593,0.91,3.66,6.28,21.13,-4.18,0.407,False,False,0.0
2026-05-07,603799,华友钴业,69,9428.0,10jqka,post_close,2026-05-07 15:00:00,2026-05-07,1,1,,,ok,2026-05-07,68.36,67.7,70.35,66.73,1102407.0,0.34,0.8,2.89,0.268,1.23,1.75,3.56,6.11,-14.95,0.55,False,False,0.0
2026-05-07,603778,国晟科技,70,9380.0,10jqka,post_close,2026-05-07 15:00:00,2026-05-06,2,2,60.0,-10.0,ok,2026-05-07,28.16,25.91,29.46,25.12,1161079.0,-7.17,-5.33,-1.71,0.182,1.95,-2.64,-3.17,-7.84,-24.39,0.3,False,False,0.0
2026-05-07,603986,兆易创新,71,9245.0,10jqka,post_close,2026-05-07 15:00:00,2026-05-06,2,2,23.0,-48.0,ok,2026-05-07,346.25,349.41,356.61,338.25,523879.0,1.71,13.39,15.16,0.608,1.24,7.79,11.14,19.57,-2.02,0.392,False,False,0.0
2026-05-07,600816,建元信托,72,9224.0,10jqka,post_close,2026-05-07 15:00:00,2026-05-07,1,1,,,ok,2026-05-07,2.94,3.02,3.08,2.94,1669935.0,2.03,9.42,14.39,0.571,1.01,5.52,9.98,13.98,-1.95,0.429,False,False,0.0
2026-05-07,002655,共达电声,73,9171.0,10jqka,post_close,2026-05-07 15:00:00,2026-05-07,1,1,,,ok,2026-05-07,32.53,35.81,35.81,32.4,261874.0,10.02,16.64,38.26,1.0,0.42,12.97,26.84,44.06,0.0,0.0,True,False,0.0
2026-05-07,000592,平潭发展,74,9107.0,10jqka,post_close,2026-05-07 15:00:00,2026-05-07,1,1,,,ok,2026-05-07,10.9,11.34,11.52,10.84,2531927.0,3.94,6.58,5.29,0.735,1.71,3.9,4.14,1.07,-14.09,0.265,False,False,0.0
2026-05-07,600736,苏州高新,75,9065.0,10jqka,post_close,2026-05-07 15:00:00,2026-05-07,1,1,,,ok,2026-05-07,8.79,9.65,9.65,8.6,2085095.0,10.03,14.88,26.14,1.0,0.98,12.76,17.91,34.91,0.0,0.0,True,False,0.0
2026-05-07,600770,综艺股份,76,9038.0,10jqka,post_close,2026-05-07 15:00:00,2026-05-06,2,2,51.0,-25.0,ok,2026-05-07,8.23,8.17,8.78,8.03,2673663.0,-2.51,3.55,17.39,0.187,1.19,2.84,14.41,27.49,-6.95,0.733,False,False,0.0
2026-05-07,601899,紫金矿业,77,8978.0,10jqka,post_close,2026-05-07 15:00:00,2026-05-06,2,2,56.0,-21.0,ok,2026-05-07,34.84,34.46,35.17,34.12,3360414.0,0.73,0.94,2.68,0.324,1.22,1.92,0.61,0.55,-18.65,0.314,False,False,0.0
2026-05-07,600884,杉杉股份,78,8564.0,10jqka,post_close,2026-05-07 15:00:00,2026-05-06,2,2,38.0,-40.0,ok,2026-05-07,17.6,16.99,17.6,16.89,2186830.0,-3.96,0.53,6.59,0.141,1.13,1.14,6.21,11.32,-5.98,0.0,False,False,0.0
2026-05-07,300068,ST南都,79,8456.0,10jqka,post_close,2026-05-07 15:00:00,2026-05-07,1,1,,,ok,2026-05-07,5.66,5.71,6.17,5.66,2567306.0,-19.35,-48.37,-52.61,0.098,9.37,-35.01,-45.97,-49.86,-66.37,0.902,False,False,0.0
2026-05-07,000833,粤桂股份,80,8442.0,10jqka,post_close,2026-05-07 15:00:00,2026-05-07,1,1,,,ok,2026-05-07,29.5,27.14,29.57,27.0,1057079.0,-9.53,-5.89,-0.95,0.054,1.66,-6.52,-1.59,4.13,-14.44,0.027,False,False,0.0
2026-05-07,002498,汉缆股份,81,8421.0,10jqka,post_close,2026-05-07 15:00:00,2026-05-07,1,1,,,ok,2026-05-07,9.11,9.29,9.39,8.98,2427474.0,2.99,2.99,7.65,0.756,1.55,4.97,4.84,8.79,-15.16,0.244,False,False,0.0
2026-05-07,002176,江特电机,82,8391.0,10jqka,post_close,2026-05-07 15:00:00,2026-05-06,2,2,80.0,-2.0,ok,2026-05-07,15.73,15.52,15.86,14.94,2653136.0,-1.15,-3.54,7.11,0.63,0.83,-0.5,8.85,23.51,-8.54,0.141,False,False,0.0
2026-05-07,300476,胜宏科技,83,8333.0,10jqka,post_close,2026-05-07 15:00:00,2026-05-07,1,1,,,ok,2026-05-07,330.0,338.06,340.87,330.0,562663.0,3.72,1.25,6.51,0.741,1.34,3.1,3.13,7.99,-3.35,0.259,False,False,0.0
2026-05-07,600584,长电科技,84,8242.0,10jqka,post_close,2026-05-07 15:00:00,2026-05-06,2,2,53.0,-31.0,ok,2026-05-07,48.9,48.76,49.5,47.47,1321662.0,1.16,9.92,5.27,0.635,1.27,5.1,6.66,10.09,-3.12,0.296,False,False,0.0
2026-05-07,600821,金开新能,85,8210.0,10jqka,post_close,2026-05-07 15:00:00,2026-05-06,2,2,45.0,-40.0,ok,2026-05-07,8.6,8.85,8.94,8.47,2666566.0,3.15,2.08,3.27,0.809,1.18,4.76,1.22,2.49,-27.46,0.191,False,False,0.0
2026-05-07,002929,润建股份,86,8162.0,10jqka,post_close,2026-05-07 15:00:00,2026-05-07,1,1,,,ok,2026-05-07,70.0,71.12,71.12,68.7,64225.0,10.01,31.1,28.49,1.0,0.33,16.71,21.32,23.34,0.0,0.0,True,False,0.0
2026-05-07,603738,泰晶科技,87,8157.0,10jqka,post_close,2026-05-07 15:00:00,2026-05-07,1,1,,,ok,2026-05-07,41.99,42.74,42.74,41.99,116989.0,10.01,7.33,9.79,1.0,0.18,9.07,11.93,30.39,-0.6,0.0,True,False,0.0
2026-05-07,600666,奥瑞德,88,8113.0,10jqka,post_close,2026-05-07 15:00:00,2026-05-06,2,2,71.0,-17.0,ok,2026-05-07,5.76,5.91,5.94,5.71,3796183.0,2.6,6.49,1.72,0.87,1.18,5.54,-1.37,-5.76,-21.93,0.13,False,False,0.0
2026-05-07,600176,中国巨石,89,8106.0,10jqka,post_close,2026-05-07 15:00:00,2026-05-06,2,2,88.0,-1.0,ok,2026-05-07,36.82,37.74,38.24,36.21,1334336.0,2.0,5.71,12.86,0.754,0.82,5.16,10.14,16.62,-1.31,0.246,False,False,0.0
2026-05-07,603256,宏和科技,90,8091.0,10jqka,post_close,2026-05-07 15:00:00,2026-05-07,1,1,,,ok,2026-05-07,135.0,144.11,144.11,135.0,221060.0,10.0,19.47,35.43,1.0,0.96,15.38,24.49,40.03,0.0,0.0,True,False,0.0
2026-05-07,600208,衢州发展,91,8087.0,10jqka,post_close,2026-05-07 15:00:00,2026-05-07,1,1,,,ok,2026-05-07,4.64,5.1,5.12,4.6,5776581.0,9.68,23.19,19.72,0.962,1.89,13.08,16.2,32.28,-0.39,0.038,True,False,0.0
2026-05-07,301666,大普微,92,7943.0,10jqka,post_close,2026-05-07 15:00:00,2026-05-06,2,2,95.0,3.0,ok,2026-05-07,380.6,432.28,439.56,371.0,100629.0,14.06,46.04,80.33,0.894,1.09,28.8,53.63,59.3,-1.66,0.106,True,False,0.0
2026-05-07,300014,亿纬锂能,93,7911.0,10jqka,post_close,2026-05-07 15:00:00,2026-05-07,1,1,,,ok,2026-05-07,75.32,71.58,75.75,70.77,1400095.0,-4.95,-3.1,0.53,0.163,1.74,-1.49,-0.86,2.16,-5.75,0.086,False,False,0.0
2026-05-07,002463,沪电股份,94,7843.0,10jqka,post_close,2026-05-07 15:00:00,2026-05-07,1,1,,,ok,2026-05-07,104.32,107.38,108.3,102.31,683633.0,2.96,5.81,2.81,0.846,1.17,3.93,4.14,11.28,-1.27,0.154,False,False,0.0
2026-05-07,002192,融捷股份,95,7739.0,10jqka,post_close,2026-05-07 15:00:00,2026-05-07,1,1,,,ok,2026-05-07,111.18,105.1,111.18,103.08,413040.0,-5.47,5.85,16.24,0.249,1.05,2.03,12.72,23.53,-8.61,0.0,False,False,0.0
2026-05-07,002460,赣锋锂业,96,7729.0,10jqka,post_close,2026-05-07 15:00:00,2026-05-07,1,1,,,ok,2026-05-07,90.75,88.0,90.75,86.58,888511.0,-3.77,1.27,4.62,0.341,1.11,0.66,3.32,4.46,-4.0,0.0,False,False,0.0
2026-05-07,300390,天华新能,97,7723.0,10jqka,post_close,2026-05-07 15:00:00,2026-05-07,1,1,,,ok,2026-05-07,113.0,111.08,113.81,107.2,729726.0,-3.16,0.52,17.88,0.587,0.94,2.9,13.84,29.29,-6.7,0.123,False,False,0.0
2026-05-07,603906,龙蟠科技,98,7656.0,10jqka,post_close,2026-05-07 15:00:00,2026-05-07,1,1,,,ok,2026-05-07,33.21,31.6,33.49,31.03,830719.0,-5.95,-4.21,0.29,0.232,1.14,-2.08,1.77,15.84,-8.46,0.114,False,False,0.0
2026-05-07,600703,三安光电,99,7602.0,10jqka,post_close,2026-05-07 15:00:00,2026-05-06,2,2,43.0,-56.0,ok,2026-05-07,14.68,15.14,15.25,14.61,3020065.0,3.13,8.61,2.78,0.828,1.25,5.99,4.21,12.39,-19.34,0.172,False,False,0.0
2026-05-07,002185,华天科技,100,7569.0,10jqka,post_close,2026-05-07 15:00:00,2026-05-06,2,2,57.0,-43.0,ok,2026-05-07,13.85,13.94,13.98,13.53,2193162.0,2.35,9.16,8.15,0.911,1.29,5.46,7.84,10.28,-10.01,0.089,False,False,0.0
2026-05-08,002361,神剑股份,1,283919.0,10jqka,post_close,2026-05-08 15:00:00,2026-05-06,3,3,40.0,39.0,ok,2026-05-08,21.5,21.9,23.55,21.14,3367630.0,1.39,6.57,9.39,0.315,1.34,3.98,1.82,10.0,-8.56,0.685,False,False,0.0
2026-05-08,000547,航天发展,2,197880.0,10jqka,post_close,2026-05-08 15:00:00,2026-05-08,1,1,,,ok,2026-05-08,24.83,27.59,27.59,24.68,2462303.0,10.01,12.25,17.4,1.0,2.2,9.26,8.27,4.49,-20.35,0.0,True,False,0.0
2026-05-08,002342,巨力索具,3,190941.0,10jqka,post_close,2026-05-08 15:00:00,2026-05-06,3,3,60.0,57.0,ok,2026-05-08,22.12,22.11,24.0,21.36,3398478.0,-0.05,11.61,19.64,0.284,1.57,7.28,11.6,18.36,-7.87,0.712,False,False,0.0
2026-05-08,000066,中国长城,4,171841.0,10jqka,post_close,2026-05-08 15:00:00,2026-05-06,3,3,1.0,-3.0,ok,2026-05-08,23.78,23.09,24.42,22.68,6605506.0,-3.71,16.5,29.5,0.236,1.87,8.19,21.81,34.37,-5.45,0.368,False,False,0.0
2026-05-08,601991,大唐发电,5,155024.0,10jqka,post_close,2026-05-08 15:00:00,2026-05-06,3,3,7.0,2.0,ok,2026-05-08,5.54,5.54,5.54,5.32,12160814.0,9.92,33.17,37.13,1.0,4.37,17.32,25.54,33.43,0.0,0.0,True,False,0.0
2026-05-08,002281,光迅科技,6,153105.0,10jqka,post_close,2026-05-08 15:00:00,2026-05-06,3,3,17.0,11.0,ok,2026-05-08,160.0,180.72,180.72,158.64,821824.0,10.0,25.26,31.91,1.0,1.21,16.9,26.48,42.31,0.0,0.0,True,False,0.0
2026-05-08,600522,中天科技,7,119866.0,10jqka,post_close,2026-05-08 15:00:00,2026-05-06,3,3,19.0,12.0,ok,2026-05-08,38.2,40.9,41.16,38.2,3121181.0,6.57,23.49,16.86,0.912,1.32,12.63,15.39,25.74,-0.63,0.088,False,False,0.0
2026-05-08,600498,烽火通信,8,112691.0,10jqka,post_close,2026-05-08 15:00:00,2026-05-08,1,1,,,ok,2026-05-08,51.0,57.0,57.0,51.0,1398841.0,10.0,22.11,8.99,1.0,1.18,11.51,8.98,10.15,-7.74,0.0,True,False,0.0
2026-05-08,600105,永鼎股份,9,111707.0,10jqka,post_close,2026-05-08 15:00:00,2026-05-07,2,2,11.0,2.0,ok,2026-05-08,46.09,49.94,50.49,45.92,2087162.0,5.09,17.76,11.35,0.88,1.21,10.06,7.8,17.97,-2.08,0.12,False,False,0.0
2026-05-08,002565,顺灏股份,10,105634.0,10jqka,post_close,2026-05-08 15:00:00,2026-05-06,3,3,65.0,55.0,ok,2026-05-08,19.4,20.64,21.3,19.22,2241650.0,3.93,8.52,9.5,0.683,1.34,6.13,5.21,9.22,-10.22,0.317,False,False,0.0
2026-05-08,600736,苏州高新,11,101357.0,10jqka,post_close,2026-05-08 15:00:00,2026-05-07,2,2,75.0,64.0,ok,2026-05-08,9.55,9.86,10.61,9.19,2370142.0,2.18,20.98,26.09,0.472,1.08,9.97,16.3,34.13,-7.07,0.528,False,False,0.0
2026-05-08,600396,华电辽能,12,91304.0,10jqka,post_close,2026-05-08 15:00:00,2026-05-06,3,3,10.0,-2.0,ok,2026-05-08,12.38,12.44,13.2,12.2,3513191.0,3.67,25.4,15.19,0.24,1.13,11.67,18.94,38.7,-5.76,0.76,False,False,0.0
2026-05-08,603667,五洲新春,13,20030.0,10jqka,intraday_1430,2026-05-08 14:30:00,2026-05-08,1,1,,,ok,2026-05-08,71.32,78.17,78.17,71.3,375047.0,10.01,17.76,23.94,1.0,2.02,12.65,14.41,12.9,-19.15,0.0,True,False,0.0
2026-05-08,002081,金螳螂,13,89359.0,10jqka,post_close,2026-05-08 15:00:00,2026-05-06,3,3,2.0,-11.0,ok,2026-05-08,6.43,6.8,7.18,6.43,5760911.0,-4.76,15.25,39.63,0.493,1.39,7.29,20.89,47.71,-5.29,0.507,False,False,0.0
2026-05-08,600745,*ST闻泰,14,18976.0,10jqka,intraday_1430,2026-05-08 14:30:00,2026-05-06,3,3,16.0,2.0,ok,2026-05-08,24.1,24.1,24.1,24.1,11239.0,-5.01,-14.3,-15.91,1.0,0.06,-8.78,-12.44,-18.08,-40.05,,False,False,0.0
2026-05-08,002050,三花智控,14,89066.0,10jqka,post_close,2026-05-08 15:00:00,2026-05-06,3,3,24.0,10.0,ok,2026-05-08,50.0,51.69,53.88,49.71,2735314.0,2.72,10.17,17.05,0.475,2.03,6.84,10.41,12.42,-6.05,0.525,False,False,0.0
2026-05-08,002709,天赐材料,15,86354.0,10jqka,post_close,2026-05-08 15:00:00,2026-05-06,3,3,20.0,5.0,ok,2026-05-08,61.62,58.41,63.4,58.34,1753228.0,-6.99,-3.47,8.31,0.014,1.03,-4.26,2.91,11.83,-10.11,0.352,False,False,0.0
2026-05-08,600118,中国卫星,16,86264.0,10jqka,post_close,2026-05-08 15:00:00,2026-05-06,2,1,90.0,74.0,ok,2026-05-08,105.57,114.18,118.0,105.55,888802.0,6.41,11.07,17.72,0.693,1.45,7.86,11.76,21.61,-3.24,0.307,False,False,0.0
2026-05-08,002217,合力泰,17,84127.0,10jqka,post_close,2026-05-08 15:00:00,2026-05-06,3,3,5.0,-12.0,ok,2026-05-08,3.61,3.43,3.65,3.41,15055036.0,-2.0,18.69,15.1,0.083,1.58,6.72,12.83,21.59,-6.03,0.167,False,False,0.0
2026-05-08,603256,宏和科技,18,9904.0,10jqka,intraday_0950,2026-05-08 09:50:00,2026-05-07,2,2,90.0,72.0,ok,2026-05-08,144.98,148.81,149.9,138.68,95300.0,3.26,24.95,35.71,0.903,0.42,12.11,24.01,39.2,-0.73,0.097,False,False,0.0
2026-05-08,002655,共达电声,18,17625.0,10jqka,intraday_1430,2026-05-08 14:30:00,2026-05-07,2,2,73.0,55.0,ok,2026-05-08,37.41,39.39,39.39,37.1,437058.0,10.0,24.97,41.13,1.0,0.75,15.87,32.14,52.22,0.0,0.0,True,False,0.0
2026-05-08,300058,蓝色光标,18,82550.0,10jqka,post_close,2026-05-08 15:00:00,2026-05-06,2,1,92.0,74.0,ok,2026-05-08,19.7,18.69,19.88,18.57,7002144.0,-3.16,9.17,11.98,0.092,1.53,3.2,3.75,5.78,-19.37,0.137,False,False,0.0
2026-05-08,002202,金风科技,19,81576.0,10jqka,post_close,2026-05-08 15:00:00,2026-05-06,3,3,25.0,6.0,ok,2026-05-08,28.09,28.49,28.92,28.01,2366480.0,0.11,3.41,11.68,0.527,0.97,3.1,6.46,10.23,-14.44,0.473,False,False,0.0
2026-05-08,603778,国晟科技,20,77184.0,10jqka,post_close,2026-05-08 15:00:00,2026-05-06,3,3,70.0,50.0,ok,2026-05-08,25.89,26.99,27.0,24.65,780841.0,4.17,1.47,6.81,0.996,1.1,0.13,1.63,-3.21,-21.24,0.004,False,False,0.0
2026-05-08,301171,易点天下,21,9218.0,10jqka,intraday_0950,2026-05-08 09:50:00,2026-05-08,1,1,,,ok,2026-05-07,36.51,43.0,43.0,35.81,947885.0,20.01,28.47,25.07,1.0,2.79,20.81,19.65,19.34,-25.66,0.0,True,False,1.0
2026-05-08,600186,莲花控股,21,77123.0,10jqka,post_close,2026-05-08 15:00:00,2026-05-06,3,3,6.0,-15.0,ok,2026-05-08,10.8,10.5,10.85,10.28,3227011.0,-5.66,-2.05,6.71,0.386,0.88,-3.79,4.03,18.06,-9.09,0.088,False,False,0.0
2026-05-08,600487,亨通光电,22,76502.0,10jqka,post_close,2026-05-08 15:00:00,2026-05-06,3,3,28.0,6.0,ok,2026-05-08,74.25,77.27,79.49,74.25,1633023.0,1.72,17.61,13.15,0.576,0.97,7.89,9.97,22.22,-2.79,0.424,False,False,0.0
2026-05-08,002031,巨轮智能,23,16261.0,10jqka,intraday_1430,2026-05-08 14:30:00,2026-05-08,1,1,,,ok,2026-05-08,6.68,7.06,7.06,6.51,2247598.0,9.97,23.64,25.18,1.0,3.83,15.1,17.75,16.07,-11.42,0.0,True,False,0.0
2026-05-08,600879,航天电子,23,74492.0,10jqka,post_close,2026-05-08 15:00:00,2026-05-08,1,1,,,ok,2026-05-08,25.1,26.65,26.97,24.88,3064039.0,5.29,11.18,19.29,0.847,1.99,7.31,9.33,12.72,-4.31,0.153,False,False,0.0
2026-05-08,002297,博云新材,24,71441.0,10jqka,post_close,2026-05-08 15:00:00,2026-05-06,3,3,32.0,8.0,ok,2026-05-08,23.9,25.71,25.99,23.49,1672901.0,3.88,4.94,13.86,0.888,0.84,5.21,11.72,36.86,-1.12,0.112,False,False,0.0
2026-05-08,601869,长飞光纤,25,69829.0,10jqka,post_close,2026-05-08 15:00:00,2026-05-07,2,2,34.0,9.0,ok,2026-05-08,373.38,397.23,405.0,373.0,194562.0,2.06,12.24,6.36,0.757,1.19,6.1,4.86,5.56,-6.07,0.243,False,False,0.0
2026-05-08,000815,美利云,26,69732.0,10jqka,post_close,2026-05-08 15:00:00,2026-05-06,3,3,36.0,10.0,ok,2026-05-08,21.93,22.96,23.45,21.6,1686330.0,3.75,20.72,14.29,0.735,1.49,9.45,11.85,11.22,-2.09,0.265,False,False,0.0
2026-05-08,603278,大业股份,27,14714.0,10jqka,intraday_1430,2026-05-08 14:30:00,2026-05-08,1,1,,,ok,2026-05-08,14.0,14.91,14.91,13.41,612454.0,10.04,33.13,30.33,1.0,2.47,17.18,18.86,24.62,0.0,0.0,True,False,0.0
2026-05-08,002475,立讯精密,27,69579.0,10jqka,post_close,2026-05-08 15:00:00,2026-05-06,3,3,31.0,4.0,ok,2026-05-08,68.13,71.29,72.08,67.11,2150710.0,2.55,6.4,2.02,0.841,1.07,3.76,3.74,11.31,-1.8,0.159,False,False,0.0
2026-05-08,000818,航锦科技,28,8317.0,10jqka,intraday_0950,2026-05-08 09:50:00,2026-05-07,2,2,59.0,31.0,ok,2026-05-08,19.0,18.95,19.6,18.61,512518.0,2.21,23.69,35.16,0.343,0.89,11.37,20.77,23.71,-26.83,0.606,False,False,0.0
2026-05-08,603629,利通电子,28,69274.0,10jqka,post_close,2026-05-08 15:00:00,2026-05-06,3,3,27.0,-1.0,ok,2026-05-08,153.01,167.59,173.58,153.01,374731.0,5.88,16.05,40.42,0.709,1.35,10.2,26.73,53.02,-3.45,0.291,False,False,0.0
2026-05-08,601010,ST文峰,29,8087.0,10jqka,intraday_0950,2026-05-08 09:50:00,2026-05-08,1,1,,,ok,2026-05-07,2.0,2.0,2.0,2.0,17516.0,-4.76,-14.16,-13.04,1.0,0.08,-9.09,-12.74,-13.18,-27.01,,False,False,1.0
2026-05-08,603538,美诺华,29,66280.0,10jqka,post_close,2026-05-08 15:00:00,2026-05-06,3,3,61.0,32.0,ok,2026-05-08,61.0,63.7,64.35,57.0,629242.0,3.33,1.99,5.95,0.912,1.01,-0.97,5.86,15.08,-9.5,0.088,False,False,0.0
2026-05-08,002491,通鼎互联,30,14497.0,10jqka,intraday_1430,2026-05-08 14:30:00,2026-05-07,2,2,38.0,8.0,ok,2026-05-08,20.04,20.66,20.66,20.03,1144250.0,10.01,30.76,24.76,1.0,0.95,16.22,20.14,26.69,0.0,0.0,True,False,0.0
2026-05-08,605358,立昂微,30,64018.0,10jqka,post_close,2026-05-08 15:00:00,2026-05-08,1,1,,,ok,2026-05-08,45.48,49.98,49.98,45.35,613436.0,9.99,21.72,28.35,1.0,1.76,14.2,20.59,28.5,0.0,0.0,True,False,0.0
2026-05-08,002624,完美世界,31,14397.0,10jqka,intraday_1430,2026-05-08 14:30:00,2026-05-08,1,1,,,ok,2026-05-08,17.49,17.55,17.55,17.49,375922.0,10.03,15.38,2.81,1.0,0.35,7.5,2.43,-5.52,-25.89,0.0,True,False,0.0
2026-05-08,600343,航天动力,31,63562.0,10jqka,post_close,2026-05-08 15:00:00,2026-05-08,1,1,,,ok,2026-05-08,34.88,38.48,38.48,34.58,685933.0,10.01,11.47,17.17,1.0,2.06,9.31,9.05,10.55,-2.31,0.0,True,False,0.0
2026-05-08,600759,ST洲际,32,14322.0,10jqka,intraday_1430,2026-05-08 14:30:00,2026-05-06,3,3,54.0,22.0,ok,2026-05-08,4.01,4.01,4.01,4.01,39998.0,-4.98,-14.13,-22.59,1.0,0.07,-9.93,-16.82,-21.7,-55.89,,False,False,0.0
2026-05-08,002384,东山精密,32,62231.0,10jqka,post_close,2026-05-08 15:00:00,2026-05-06,3,3,3.0,-29.0,ok,2026-05-08,210.0,211.39,213.58,206.01,895393.0,0.15,13.21,14.95,0.711,1.02,7.27,10.28,24.76,-1.03,0.289,False,False,0.0
2026-05-08,000988,华工科技,33,62021.0,10jqka,post_close,2026-05-08 15:00:00,2026-05-06,3,3,18.0,-15.0,ok,2026-05-08,130.79,136.69,136.9,129.28,1057049.0,2.39,14.36,18.25,0.972,1.16,7.81,11.83,14.78,-3.34,0.028,False,False,0.0
2026-05-08,605299,舒华体育,34,61450.0,10jqka,post_close,2026-05-08 15:00:00,2026-05-08,1,1,,,ok,2026-05-08,26.11,27.13,27.66,25.38,506257.0,3.71,4.43,26.36,0.768,1.2,5.24,16.42,26.62,-1.92,0.232,False,False,0.0
2026-05-08,601868,中国能建,35,59003.0,10jqka,post_close,2026-05-08 15:00:00,2026-05-07,2,2,4.0,-31.0,ok,2026-05-08,3.2,3.22,3.28,3.15,23253537.0,3.21,13.78,15.83,0.538,3.86,8.34,9.71,10.5,-18.27,0.462,False,False,0.0
2026-05-08,002149,西部材料,36,57584.0,10jqka,post_close,2026-05-08 15:00:00,2026-05-06,3,3,9.0,-27.0,ok,2026-05-08,72.78,72.44,74.48,72.0,939682.0,-1.4,14.06,27.99,0.177,1.17,7.47,13.57,25.18,-2.9,0.685,False,False,0.0
2026-05-08,300283,温州宏丰,37,57066.0,10jqka,post_close,2026-05-08 15:00:00,2026-05-08,1,1,,,ok,2026-05-08,14.09,16.98,16.98,13.96,1084352.0,20.0,36.39,44.63,1.0,1.04,23.13,37.37,58.86,0.0,0.0,True,False,0.0
2026-05-08,603601,再升科技,38,56934.0,10jqka,post_close,2026-05-08 15:00:00,2026-05-06,3,3,63.0,25.0,ok,2026-05-08,17.0,17.9,18.75,16.79,2571445.0,3.35,12.93,17.3,0.566,1.02,7.83,13.04,18.0,-4.53,0.434,False,False,0.0
2026-05-08,002009,天奇股份,39,12028.0,10jqka,intraday_1430,2026-05-08 14:30:00,2026-05-08,1,1,,,ok,2026-05-08,24.4,26.96,26.96,24.22,505829.0,10.0,16.11,19.61,1.0,2.43,10.87,11.97,10.49,-29.05,0.0,True,False,0.0
2026-05-08,002407,多氟多,39,56262.0,10jqka,post_close,2026-05-08 15:00:00,2026-05-06,3,3,49.0,10.0,ok,2026-05-08,36.85,34.8,38.09,34.71,1804389.0,-6.83,-3.65,3.66,0.027,1.02,-4.33,1.1,9.09,-10.33,0.367,False,False,0.0
2026-05-08,601138,工业富联,40,54994.0,10jqka,post_close,2026-05-08 15:00:00,2026-05-06,3,3,30.0,-10.0,ok,2026-05-08,63.0,63.28,64.2,62.77,1620171.0,-1.4,0.64,-7.21,0.357,0.63,-1.03,-3.38,2.17,-8.42,0.643,False,False,0.0
2026-05-08,300308,中际旭创,41,54940.0,10jqka,post_close,2026-05-08 15:00:00,2026-05-06,3,3,43.0,2.0,ok,2026-05-08,864.95,886.0,898.95,861.56,197641.0,0.97,3.32,7.52,0.654,0.73,2.5,2.2,7.77,-3.59,0.346,False,False,0.0
2026-05-08,605111,新洁能,42,53247.0,10jqka,post_close,2026-05-08 15:00:00,2026-05-08,1,1,,,ok,2026-05-08,41.4,44.52,45.46,40.86,392830.0,6.43,9.44,11.72,0.796,1.74,6.95,10.27,13.29,-9.14,0.204,False,False,0.0
2026-05-08,002156,通富微电,43,52848.0,10jqka,post_close,2026-05-08 15:00:00,2026-05-06,3,3,12.0,-31.0,ok,2026-05-08,58.31,57.16,58.6,56.39,1623790.0,-3.25,10.41,13.75,0.348,1.27,4.13,9.83,15.9,-5.99,0.131,False,False,0.0
2026-05-08,300394,天孚通信,44,6978.0,10jqka,intraday_0950,2026-05-08 09:50:00,2026-05-08,1,1,,,ok,2026-05-08,321.14,330.71,335.13,320.0,116326.0,0.78,7.55,6.75,0.708,0.3,3.76,0.98,-2.84,-14.97,0.292,False,False,0.0
2026-05-08,601899,紫金矿业,44,52826.0,10jqka,post_close,2026-05-08 15:00:00,2026-05-06,3,3,77.0,33.0,ok,2026-05-08,34.02,34.8,35.0,33.84,3012482.0,0.99,4.5,5.61,0.828,1.01,1.81,1.86,1.19,-14.91,0.172,False,False,0.0
2026-05-08,002865,钧达股份,45,51981.0,10jqka,post_close,2026-05-08 15:00:00,2026-05-08,1,1,,,ok,2026-05-08,89.89,96.53,96.53,88.3,310764.0,10.01,19.69,32.47,1.0,1.64,13.92,20.42,24.54,-17.27,0.0,True,False,0.0
2026-05-08,002413,雷科防务,46,51802.0,10jqka,post_close,2026-05-08 15:00:00,2026-05-08,1,1,,,ok,2026-05-08,13.36,13.9,14.26,13.36,1687117.0,4.12,5.78,10.06,0.6,1.96,4.61,3.05,2.82,-20.57,0.4,False,False,0.0
2026-05-08,300068,ST南都,47,6758.0,10jqka,intraday_0950,2026-05-08 09:50:00,2026-05-07,2,2,79.0,32.0,ok,2026-05-08,5.45,5.55,5.61,5.41,536807.0,-2.8,-37.29,-50.58,0.7,0.73,-27.45,-43.71,-49.97,-67.31,0.3,False,False,0.0
2026-05-08,600936,北投科技,47,10959.0,10jqka,intraday_1430,2026-05-08 14:30:00,2026-05-08,1,1,,,ok,2026-05-08,4.96,5.17,5.17,4.85,743247.0,10.0,25.18,29.9,1.0,1.93,15.61,22.14,24.0,0.0,0.0,True,False,0.0
2026-05-08,600726,华电能源,47,51365.0,10jqka,post_close,2026-05-08 15:00:00,2026-05-06,3,3,33.0,-14.0,ok,2026-05-08,7.8,7.51,8.21,7.44,5534876.0,-1.31,13.96,6.98,0.091,1.19,5.09,15.56,33.61,-8.53,0.532,False,False,0.0
2026-05-08,603618,杭电股份,48,50125.0,10jqka,post_close,2026-05-08 15:00:00,2026-05-06,3,3,46.0,-2.0,ok,2026-05-08,34.48,37.62,37.62,34.48,962389.0,10.0,33.12,29.46,1.0,1.61,17.09,21.13,36.1,0.0,0.0,True,False,0.0
2026-05-08,002929,润建股份,49,10658.0,10jqka,intraday_1430,2026-05-08 14:30:00,2026-05-07,2,2,86.0,37.0,ok,2026-05-08,78.23,78.23,78.23,75.88,209567.0,10.0,31.08,42.29,1.0,1.18,19.28,28.5,32.14,0.0,0.0,True,False,0.0
2026-05-08,600776,东方通信,49,48054.0,10jqka,post_close,2026-05-08 15:00:00,2026-05-08,1,1,,,ok,2026-05-08,17.5,18.51,19.41,17.41,788200.0,4.52,11.37,7.99,0.55,1.85,6.48,7.97,12.16,-5.9,0.45,False,False,0.0
2026-05-08,000858,五粮液,50,10631.0,10jqka,intraday_1430,2026-05-08 14:30:00,2026-05-06,3,3,14.0,-36.0,ok,2026-05-08,92.6,92.24,92.69,91.66,75695.0,-0.39,-4.99,-7.94,0.563,0.18,-2.4,-5.49,-7.84,-16.72,0.087,False,False,0.0
2026-05-08,002580,圣阳股份,50,47278.0,10jqka,post_close,2026-05-08 15:00:00,2026-05-06,3,3,26.0,-24.0,ok,2026-05-08,30.3,32.9,32.9,30.3,858447.0,10.0,19.72,11.53,1.0,0.7,10.65,14.08,24.03,-2.2,0.0,True,False,0.0
2026-05-08,002436,兴森科技,51,6648.0,10jqka,intraday_0950,2026-05-08 09:50:00,2026-05-08,1,1,,,ok,2026-05-08,32.22,32.54,32.74,31.7,491682.0,0.37,17.43,16.71,0.808,0.31,8.76,11.34,20.47,-0.61,0.192,False,False,0.0
2026-05-08,300342,天银机电,51,47054.0,10jqka,post_close,2026-05-08 15:00:00,2026-05-08,1,1,,,ok,2026-05-08,64.54,68.38,69.78,63.23,794928.0,5.25,0.13,0.81,0.786,1.24,-0.17,-1.11,8.09,-9.41,0.214,False,False,0.0
2026-05-08,001309,德明利,52,6629.0,10jqka,intraday_0950,2026-05-08 09:50:00,2026-05-06,3,3,22.0,-30.0,ok,2026-05-08,599.23,596.0,608.03,592.9,56863.0,-3.33,13.56,20.07,0.205,0.34,5.02,11.79,17.76,-5.85,0.582,False,False,0.0
2026-05-08,000062,深圳华强,52,45504.0,10jqka,post_close,2026-05-08 15:00:00,2026-05-06,3,3,51.0,-1.0,ok,2026-05-08,36.05,35.54,36.36,35.2,910752.0,-5.13,-3.74,-1.55,0.293,0.76,-2.6,0.36,10.46,-11.44,0.267,False,False,0.0
2026-05-08,603459,红板科技,53,10548.0,10jqka,intraday_1430,2026-05-08 14:30:00,2026-05-08,1,1,,,ok,2026-05-08,75.0,81.05,81.05,74.51,184042.0,10.0,31.3,28.67,1.0,0.81,17.41,23.83,27.45,0.0,0.0,True,False,0.0
2026-05-08,002428,云南锗业,53,45014.0,10jqka,post_close,2026-05-08 15:00:00,2026-05-06,3,3,66.0,13.0,ok,2026-05-08,79.77,86.07,88.22,79.5,1129068.0,7.32,22.94,23.52,0.753,1.15,12.51,14.12,27.8,-2.44,0.247,False,False,0.0
2026-05-08,603738,泰晶科技,54,10309.0,10jqka,intraday_1430,2026-05-08 14:30:00,2026-05-07,2,2,87.0,33.0,ok,2026-05-08,47.01,47.01,47.01,45.65,197916.0,9.99,22.68,29.86,1.0,0.38,13.69,19.25,38.6,0.0,0.0,True,False,0.0
2026-05-08,300136,信维通信,54,44669.0,10jqka,post_close,2026-05-08 15:00:00,2026-05-06,3,3,45.0,-9.0,ok,2026-05-08,100.95,101.3,103.13,99.25,858859.0,-0.3,11.01,15.85,0.528,0.79,6.23,12.97,27.41,-2.39,0.472,False,False,0.0
2026-05-08,301666,大普微,55,44458.0,10jqka,post_close,2026-05-08 15:00:00,2026-05-06,3,3,92.0,37.0,ok,2026-05-08,416.93,504.81,508.5,416.93,99992.0,16.78,58.75,99.68,0.96,1.05,30.77,62.63,75.26,-0.73,0.04,True,False,0.0
2026-05-08,601778,晶科科技,56,44238.0,10jqka,post_close,2026-05-08 15:00:00,2026-05-06,3,3,29.0,-27.0,ok,2026-05-08,7.41,7.39,7.53,7.17,5073373.0,-0.4,13.69,3.79,0.611,0.82,4.32,5.0,14.05,-6.22,0.333,False,False,0.0
2026-05-08,300390,天华新能,57,44183.0,10jqka,post_close,2026-05-08 15:00:00,2026-05-07,2,2,97.0,40.0,ok,2026-05-08,110.0,103.45,117.6,102.9,955190.0,-6.87,-6.38,11.25,0.037,1.29,-5.99,4.14,17.24,-13.11,0.517,False,False,0.0
2026-05-08,600580,卧龙电驱,58,9902.0,10jqka,intraday_1430,2026-05-08 14:30:00,2026-05-08,1,1,,,ok,2026-05-08,39.54,41.12,42.42,39.14,924529.0,4.02,8.64,12.38,0.604,2.8,5.82,7.53,7.95,-12.17,0.396,False,False,0.0
2026-05-08,002466,天齐锂业,58,42658.0,10jqka,post_close,2026-05-08 15:00:00,2026-05-06,3,3,39.0,-19.0,ok,2026-05-08,78.3,76.05,80.83,76.0,1020733.0,-3.81,-4.97,4.85,0.01,0.9,-3.09,1.27,9.86,-7.81,0.524,False,False,0.0
2026-05-08,002222,福晶科技,59,42526.0,10jqka,post_close,2026-05-08 15:00:00,2026-05-08,1,1,,,ok,2026-05-08,95.9,108.24,108.24,94.02,575045.0,10.0,24.67,26.45,1.0,1.55,14.39,16.84,20.83,0.0,0.0,True,False,0.0
2026-05-08,688256,寒武纪,60,42476.0,10jqka,post_close,2026-05-08 15:00:00,2026-05-06,3,3,53.0,-7.0,ok,2026-05-08,1217.03,1182.53,1220.0,1158.01,19102442.0,-5.6,3.74,28.33,0.396,1.46,2.85,15.15,26.11,-10.31,0.048,False,False,0.0
2026-05-08,688048,长光华芯,61,42238.0,10jqka,post_close,2026-05-08 15:00:00,2026-05-08,1,1,,,ok,2026-05-08,376.88,438.88,449.99,376.87,18019734.0,11.71,24.67,20.38,0.848,1.08,15.07,16.04,33.53,-2.47,0.152,True,False,0.0
2026-05-08,601872,招商轮船,62,9388.0,10jqka,intraday_1430,2026-05-08 14:30:00,2026-05-08,1,1,,,ok,2026-05-08,18.09,19.41,19.86,18.09,2179607.0,5.32,10.28,15.54,0.746,1.31,5.85,8.68,5.61,-8.92,0.254,False,False,0.0
2026-05-08,002600,领益智造,62,42196.0,10jqka,post_close,2026-05-08 15:00:00,2026-05-08,1,1,,,ok,2026-05-08,14.36,15.07,15.18,14.31,2400488.0,3.86,7.34,8.11,0.874,2.29,5.05,4.88,7.09,-4.26,0.126,False,False,0.0
2026-05-08,600536,中国软件,63,9279.0,10jqka,intraday_1430,2026-05-08 14:30:00,2026-05-08,1,1,,,ok,2026-05-08,39.75,43.45,43.45,39.3,338431.0,10.0,15.01,18.68,1.0,2.15,10.48,13.42,14.82,-5.52,0.0,True,False,0.0
2026-05-08,002008,大族激光,63,41447.0,10jqka,post_close,2026-05-08 15:00:00,2026-05-07,2,2,35.0,-28.0,ok,2026-05-08,115.2,121.86,122.72,112.0,649524.0,8.6,21.23,16.04,0.92,1.28,12.89,16.18,30.75,-0.7,0.08,False,False,0.0
2026-05-08,920200,振宏股份,64,6048.0,10jqka,intraday_0950,2026-05-08 09:50:00,2026-05-08,1,1,,,ok,2026-05-08,66.01,73.53,78.0,66.01,65196.0,-21.79,,,0.627,0.29,-12.23,-12.23,-12.23,-43.44,0.373,False,False,0.0
2026-05-08,603017,中衡设计,64,41432.0,10jqka,post_close,2026-05-08 15:00:00,2026-05-08,1,1,,,ok,2026-05-08,15.89,16.69,17.8,15.7,529352.0,3.15,8.38,20.07,0.471,1.51,5.23,7.8,14.57,-7.02,0.529,False,False,0.0
2026-05-08,600221,海航控股,65,41039.0,10jqka,post_close,2026-05-08 15:00:00,2026-05-08,1,1,,,ok,2026-05-08,1.51,1.6,1.65,1.5,14160965.0,5.26,5.96,11.89,0.667,2.71,5.68,8.18,8.51,-9.09,0.333,False,False,0.0
2026-05-08,002837,英维克,66,5943.0,10jqka,intraday_0950,2026-05-08 09:50:00,2026-05-08,1,1,,,ok,2026-05-08,101.0,104.08,104.32,99.01,148671.0,1.51,10.02,12.11,0.955,0.37,5.46,5.94,2.5,-14.51,0.045,False,False,0.0
2026-05-08,000890,法尔胜,66,40816.0,10jqka,post_close,2026-05-08 15:00:00,2026-05-06,2,1,48.0,-18.0,ok,2026-05-08,14.7,14.13,14.89,13.88,843317.0,-6.61,-9.77,-11.13,0.248,0.93,-9.21,-10.83,-4.3,-19.76,0.188,False,False,0.0
2026-05-08,600673,东阳光,67,40178.0,10jqka,post_close,2026-05-08 15:00:00,2026-05-06,3,3,44.0,-23.0,ok,2026-05-08,42.83,39.9,42.83,39.77,2229197.0,-6.84,12.71,20.11,0.042,4.42,4.88,11.56,15.83,-6.84,0.0,False,False,0.0
2026-05-08,600884,杉杉股份,68,39435.0,10jqka,post_close,2026-05-08 15:00:00,2026-05-06,3,3,78.0,10.0,ok,2026-05-08,16.8,16.69,17.7,16.57,2112444.0,-1.77,0.24,5.9,0.106,1.06,-1.73,3.11,8.06,-7.64,0.796,False,False,0.0
2026-05-08,000938,紫光股份,69,39286.0,10jqka,post_close,2026-05-08 15:00:00,2026-05-08,1,1,,,ok,2026-05-08,32.39,33.17,33.59,31.67,2127987.0,0.73,3.69,5.03,0.781,0.98,2.15,4.12,11.58,-1.34,0.219,False,False,0.0
2026-05-08,605006,山东玻纤,70,8966.0,10jqka,intraday_1430,2026-05-08 14:30:00,2026-05-08,1,1,,,ok,2026-05-08,13.38,14.87,14.87,13.3,324873.0,9.99,27.2,34.81,1.0,0.54,15.27,25.12,34.54,0.0,0.0,True,False,0.0
2026-05-08,600703,三安光电,70,39214.0,10jqka,post_close,2026-05-08 15:00:00,2026-05-06,3,3,99.0,29.0,ok,2026-05-08,14.95,15.28,15.45,14.77,2455606.0,0.92,11.78,9.22,0.75,1.02,5.07,3.95,12.07,-18.59,0.25,False,False,0.0
2026-05-08,688017,绿的谐波,71,8926.0,10jqka,intraday_1430,2026-05-08 14:30:00,2026-05-08,1,1,,,ok,2026-05-08,230.5,263.43,270.99,228.58,150504.0,14.3,17.54,26.86,0.822,0.02,13.56,19.18,23.14,-2.79,0.178,True,False,0.0
2026-05-08,600589,大位科技,71,38806.0,10jqka,post_close,2026-05-08 15:00:00,2026-05-06,2,1,79.0,8.0,ok,2026-05-08,11.21,12.51,12.51,11.12,3586740.0,10.03,24.23,29.37,1.0,2.18,14.23,17.89,15.3,-17.97,0.0,True,False,0.0
2026-05-08,002902,铭普光磁,72,8882.0,10jqka,intraday_1430,2026-05-08 14:30:00,2026-05-08,1,1,,,ok,2026-05-08,32.78,36.18,36.18,32.48,209085.0,10.0,19.05,14.97,1.0,0.49,11.5,18.68,20.08,0.0,0.0,True,False,0.0
2026-05-08,000063,中兴通讯,72,38771.0,10jqka,post_close,2026-05-08 15:00:00,2026-05-06,2,1,87.0,15.0,ok,2026-05-08,38.52,38.68,38.9,37.93,1378174.0,-0.57,5.4,7.41,0.773,1.03,2.36,3.76,6.45,-1.2,0.227,False,False,0.0
2026-05-08,603399,永杉锂业,73,38661.0,10jqka,post_close,2026-05-08 15:00:00,2026-05-06,3,3,15.0,-58.0,ok,2026-05-08,22.97,23.99,24.84,22.9,1469766.0,6.24,23.72,49.66,0.562,2.46,14.33,35.74,59.6,-3.42,0.438,False,False,0.0
2026-05-08,000592,平潭发展,74,38455.0,10jqka,post_close,2026-05-08 15:00:00,2026-05-07,2,2,74.0,0.0,ok,2026-05-08,11.37,11.44,11.59,11.2,2567108.0,0.88,6.32,4.76,0.615,1.48,3.83,4.67,2.25,-13.33,0.385,False,False,0.0
2026-05-08,603045,福达合金,75,8718.0,10jqka,intraday_1430,2026-05-08 14:30:00,2026-05-08,1,1,,,ok,2026-05-08,62.14,62.14,62.14,62.14,16199.0,10.0,33.12,55.0,1.0,0.28,19.92,37.78,57.27,0.0,0.0,True,True,0.0
2026-05-08,000720,新能泰山,75,38287.0,10jqka,post_close,2026-05-08 15:00:00,2026-05-08,1,1,,,ok,2026-05-08,5.43,5.69,5.69,5.3,3026117.0,10.06,25.33,26.16,1.0,5.02,15.14,17.51,11.9,-20.75,0.0,True,False,0.0
2026-05-08,002015,协鑫能科,76,5571.0,10jqka,intraday_0950,2026-05-08 09:50:00,2026-05-06,3,3,42.0,-34.0,ok,2026-05-08,20.29,20.66,20.74,20.21,463674.0,0.34,16.39,9.49,0.849,0.28,6.25,6.24,10.15,-10.13,0.151,False,False,0.0
2026-05-08,000977,浪潮信息,76,37519.0,10jqka,post_close,2026-05-08 15:00:00,2026-05-08,1,1,,,ok,2026-05-08,72.09,76.44,79.45,71.06,1251843.0,4.43,9.65,7.98,0.641,1.58,4.78,4.51,8.23,-3.79,0.359,False,False,0.0
2026-05-08,000967,盈峰环境,77,5563.0,10jqka,intraday_0950,2026-05-08 09:50:00,2026-05-08,1,1,,,ok,2026-05-08,16.3,16.78,17.09,15.89,1022763.0,2.19,23.66,18.34,0.742,0.4,10.67,17.17,28.51,-1.81,0.258,False,False,0.0
2026-05-08,300488,恒锋工具,77,8703.0,10jqka,intraday_1430,2026-05-08 14:30:00,2026-05-08,1,1,,,ok,2026-05-08,36.49,41.56,41.56,36.0,245328.0,20.01,36.44,40.36,1.0,3.48,24.06,31.3,37.19,0.0,0.0,True,False,0.0
2026-05-08,300476,胜宏科技,77,37025.0,10jqka,post_close,2026-05-08 15:00:00,2026-05-07,2,2,83.0,6.0,ok,2026-05-08,333.03,358.66,367.01,333.03,559682.0,6.09,9.18,14.57,0.754,1.21,6.43,8.49,12.84,-2.28,0.246,False,False,0.0
2026-05-08,001267,汇绿生态,78,8580.0,10jqka,intraday_1430,2026-05-08 14:30:00,2026-05-08,1,1,,,ok,2026-05-08,55.55,62.38,62.38,54.61,568628.0,10.0,15.6,20.45,1.0,0.86,11.58,18.11,29.95,0.0,0.0,True,False,0.0
2026-05-08,000070,特发信息,78,36735.0,10jqka,post_close,2026-05-08 15:00:00,2026-05-07,2,2,37.0,-41.0,ok,2026-05-08,19.97,21.07,21.22,19.69,1608189.0,4.77,16.54,9.45,0.902,1.87,8.75,6.16,5.1,-6.36,0.098,False,False,0.0
2026-05-08,000582,北部湾港,79,8473.0,10jqka,intraday_1430,2026-05-08 14:30:00,2026-05-08,1,1,,,ok,2026-05-07,12.01,12.43,12.73,11.99,703399.0,2.39,10.0,14.67,0.595,1.59,6.11,9.91,13.05,-2.36,0.405,False,False,1.0
2026-05-08,002181,粤传媒,79,36607.0,10jqka,post_close,2026-05-08 15:00:00,2026-05-06,3,3,13.0,-66.0,ok,2026-05-08,18.6,18.35,19.04,17.72,1136140.0,-1.98,11.28,27.25,0.477,0.89,5.84,18.7,27.85,-7.18,0.333,False,False,0.0
2026-05-08,000678,襄阳轴承,80,8395.0,10jqka,intraday_1430,2026-05-08 14:30:00,2026-05-08,1,1,,,ok,2026-05-08,12.21,13.49,13.49,12.04,575542.0,10.03,15.89,18.13,1.0,5.7,11.16,12.61,9.18,-6.58,0.0,True,False,0.0
2026-05-08,002261,拓维信息,80,36489.0,10jqka,post_close,2026-05-08 15:00:00,2026-05-08,1,1,,,ok,2026-05-08,36.56,35.87,36.94,35.8,1428716.0,-4.98,1.21,2.4,0.061,1.07,-1.22,-3.32,-2.58,-18.59,0.333,False,False,0.0
2026-05-08,603318,水发燃气,81,5397.0,10jqka,intraday_0950,2026-05-08 09:50:00,2026-05-07,2,2,41.0,-40.0,ok,2026-05-08,12.5,12.66,12.86,12.07,365609.0,-2.99,-11.22,-8.13,0.747,0.3,-8.29,0.09,23.43,-16.16,0.253,False,False,0.0
2026-05-08,002594,比亚迪,81,8364.0,10jqka,intraday_1430,2026-05-08 14:30:00,2026-05-06,2,1,68.0,-13.0,ok,2026-05-08,100.47,99.99,101.0,99.8,335508.0,-0.47,-2.9,-1.47,0.158,0.53,-1.89,-1.44,-2.03,-10.58,0.442,False,False,0.0
2026-05-08,002183,怡亚通,81,36480.0,10jqka,post_close,2026-05-08 15:00:00,2026-05-08,1,1,,,ok,2026-05-08,6.79,6.83,6.99,6.52,4403376.0,5.08,22.18,21.31,0.66,4.09,11.64,14.85,15.07,-2.29,0.34,False,False,0.0
2026-05-08,601689,拓普集团,82,8355.0,10jqka,intraday_1430,2026-05-08 14:30:00,2026-05-08,1,1,,,ok,2026-05-08,64.2,67.06,68.83,63.88,661218.0,4.02,11.51,18.33,0.642,1.76,7.71,11.55,11.71,-9.96,0.358,False,False,0.0
2026-05-08,601698,中国卫通,82,36098.0,10jqka,post_close,2026-05-08 15:00:00,2026-05-08,1,1,,,ok,2026-05-08,37.6,39.8,40.88,37.38,1388432.0,5.21,8.54,13.36,0.691,2.24,6.0,7.08,11.51,-2.69,0.309,False,False,0.0
2026-05-08,002115,三维通信,83,5304.0,10jqka,intraday_0950,2026-05-08 09:50:00,2026-05-07,2,2,58.0,-25.0,ok,2026-05-08,14.68,14.6,14.72,14.33,531112.0,-4.7,1.32,4.29,0.692,0.31,-1.27,5.2,10.94,-9.88,0.103,False,False,0.0
2026-05-08,603937,丽岛新材,83,35962.0,10jqka,post_close,2026-05-08 15:00:00,2026-05-08,1,1,,,ok,2026-05-08,16.94,18.88,18.88,16.64,400947.0,10.02,23.8,49.84,1.0,1.88,15.22,29.32,32.32,0.0,0.0,True,False,0.0
2026-05-08,300052,中青宝,84,5224.0,10jqka,intraday_0950,2026-05-08 09:50:00,2026-05-08,1,1,,,ok,2026-05-08,14.97,16.15,16.85,14.97,460625.0,13.17,37.68,36.75,0.628,2.07,21.72,25.22,24.62,-4.15,0.372,True,False,0.0
2026-05-08,603986,兆易创新,84,35926.0,10jqka,post_close,2026-05-08 15:00:00,2026-05-06,3,3,71.0,-13.0,ok,2026-05-08,340.25,333.35,342.55,331.05,440833.0,-4.6,6.76,8.41,0.2,0.95,1.22,5.1,12.46,-6.52,0.2,False,False,0.0
2026-05-08,002335,科华数据,85,5184.0,10jqka,intraday_0950,2026-05-08 09:50:00,2026-05-08,1,1,,,ok,2026-05-08,69.0,68.17,69.0,67.51,189554.0,-1.43,11.96,11.39,0.443,0.61,5.56,5.3,8.33,-6.39,0.0,False,False,0.0
2026-05-08,300502,新易盛,85,35844.0,10jqka,post_close,2026-05-08 15:00:00,2026-05-06,3,3,8.0,-77.0,ok,2026-05-08,553.0,551.67,560.99,546.47,298005.0,-2.1,4.92,3.03,0.358,0.79,2.14,-0.46,1.47,-12.13,0.55,False,False,0.0
2026-05-08,600770,综艺股份,86,5157.0,10jqka,intraday_0950,2026-05-08 09:50:00,2026-05-06,3,3,76.0,-10.0,ok,2026-05-08,8.06,8.11,8.17,7.8,678783.0,-0.73,6.43,5.87,0.838,0.3,0.95,9.8,23.97,-7.63,0.162,False,False,0.0
2026-05-08,601016,节能风电,86,35818.0,10jqka,post_close,2026-05-08 15:00:00,2026-05-06,3,3,21.0,-65.0,ok,2026-05-08,4.92,4.9,5.1,4.84,7256996.0,-1.8,15.02,3.59,0.231,1.06,4.7,6.96,13.39,-14.49,0.692,False,False,0.0
2026-05-08,301308,江波龙,87,5134.0,10jqka,intraday_0950,2026-05-08 09:50:00,2026-05-06,3,3,55.0,-32.0,ok,2026-05-08,474.64,477.0,485.0,474.0,68907.0,-1.31,18.92,24.97,0.273,0.27,5.67,15.04,23.28,-6.21,0.727,False,False,0.0
2026-05-08,603259,药明康德,87,8228.0,10jqka,intraday_1430,2026-05-08 14:30:00,2026-05-08,1,1,,,ok,2026-05-08,110.01,106.96,110.2,106.77,409683.0,-3.88,-2.36,-3.26,0.055,0.64,-2.4,1.04,2.0,-6.59,0.055,False,False,0.0
2026-05-08,002176,江特电机,87,35469.0,10jqka,post_close,2026-05-08 15:00:00,2026-05-06,3,3,82.0,-5.0,ok,2026-05-08,15.37,15.15,16.38,15.05,2450402.0,-2.38,-5.61,3.55,0.075,0.81,-3.52,3.75,18.28,-10.72,0.759,False,False,0.0
2026-05-08,601208,东材科技,88,5095.0,10jqka,intraday_0950,2026-05-08 09:50:00,2026-05-07,2,2,57.0,-31.0,ok,2026-05-08,46.25,47.5,47.73,45.01,450024.0,5.18,21.36,33.46,0.915,0.48,12.29,22.38,29.62,-0.48,0.085,False,False,0.0
2026-05-08,600152,维科技术,88,8082.0,10jqka,intraday_1430,2026-05-08 14:30:00,2026-05-08,1,1,,,ok,2026-05-08,14.98,15.41,16.62,14.93,1401833.0,1.99,3.77,-1.78,0.284,1.01,2.79,8.38,18.5,-7.28,0.716,False,False,0.0
2026-05-08,000559,万向钱潮,88,34552.0,10jqka,post_close,2026-05-08 15:00:00,2026-05-08,1,1,,,ok,2026-05-08,17.0,17.48,18.34,16.82,1755212.0,2.82,10.01,12.34,0.434,2.13,6.03,4.61,6.58,-15.47,0.566,False,False,0.0
2026-05-08,300570,太辰光,89,34328.0,10jqka,post_close,2026-05-08 15:00:00,2026-05-08,1,1,,,ok,2026-05-08,145.95,162.1,167.99,145.33,417918.0,8.03,19.26,13.66,0.74,1.69,11.0,12.78,16.83,-3.51,0.26,False,False,0.0
2026-05-08,002131,利欧股份,90,34308.0,10jqka,post_close,2026-05-08 15:00:00,2026-05-06,2,1,64.0,-26.0,ok,2026-05-08,7.07,7.08,7.25,7.02,4791517.0,0.14,9.77,7.6,0.261,1.07,4.15,0.31,-6.13,-31.4,0.739,False,False,0.0
2026-05-08,603993,洛阳钼业,91,34053.0,10jqka,post_close,2026-05-08 15:00:00,2026-05-08,1,1,,,ok,2026-05-08,19.31,19.91,19.96,19.13,2959863.0,1.74,6.93,7.74,0.94,1.16,2.87,3.59,2.61,-19.98,0.06,False,False,0.0
2026-05-08,002298,中电鑫龙,92,4875.0,10jqka,intraday_0950,2026-05-08 09:50:00,2026-05-08,1,1,,,ok,2026-05-08,11.16,11.09,11.26,10.88,455790.0,-0.18,13.16,15.76,0.553,1.25,6.9,9.38,8.84,-18.46,0.263,False,False,0.0
2026-05-08,605222,起帆电缆,92,33890.0,10jqka,post_close,2026-05-08 15:00:00,2026-05-08,1,1,,,ok,2026-05-08,35.0,37.88,38.57,34.8,259726.0,7.31,4.15,10.5,0.817,1.04,6.77,9.52,24.33,-1.79,0.183,False,False,0.0
2026-05-08,600330,天通股份,93,33884.0,10jqka,post_close,2026-05-08 15:00:00,2026-05-06,3,3,68.0,-25.0,ok,2026-05-08,27.8,29.16,30.19,27.51,2050571.0,4.22,4.55,10.37,0.616,0.84,5.88,8.44,22.92,-3.41,0.384,False,False,0.0
2026-05-08,603019,中科曙光,94,4841.0,10jqka,intraday_0950,2026-05-08 09:50:00,2026-05-06,3,3,50.0,-44.0,ok,2026-05-08,97.99,96.86,97.99,96.0,232585.0,-1.91,4.2,6.56,0.432,0.31,1.15,3.02,6.55,-5.28,0.0,False,False,0.0
2026-05-08,002256,兆新股份,94,7748.0,10jqka,intraday_1430,2026-05-08 14:30:00,2026-05-08,1,1,,,ok,2026-05-08,4.75,5.28,5.28,4.7,2451761.0,10.0,15.03,17.33,1.0,1.33,10.41,13.89,21.64,0.0,0.0,True,False,0.0
2026-05-08,603598,引力传媒,94,33804.0,10jqka,post_close,2026-05-08 15:00:00,2026-05-08,1,1,,,ok,2026-05-08,26.41,24.9,26.42,24.75,691508.0,3.66,19.71,25.88,0.09,4.74,11.23,15.66,16.5,-21.2,0.006,False,False,0.0
2026-05-08,002536,飞龙股份,95,7747.0,10jqka,intraday_1430,2026-05-08 14:30:00,2026-05-08,1,1,,,ok,2026-05-08,38.14,43.34,43.34,38.14,490229.0,10.0,20.79,18.71,1.0,1.45,13.18,13.64,17.24,0.0,0.0,True,False,0.0
2026-05-08,600379,宝光股份,95,33540.0,10jqka,post_close,2026-05-08 15:00:00,2026-05-06,3,3,23.0,-72.0,ok,2026-05-08,17.6,16.75,17.6,16.51,749524.0,-6.16,-0.18,20.85,0.22,1.38,-1.57,12.93,24.19,-17.53,0.0,False,False,0.0
2026-05-08,600111,北方稀土,96,33303.0,10jqka,post_close,2026-05-08 15:00:00,2026-05-06,3,3,56.0,-40.0,ok,2026-05-08,54.8,54.75,55.35,53.89,1414805.0,-1.01,3.22,18.2,0.589,0.76,1.55,7.93,7.89,-13.87,0.377,False,False,0.0
2026-05-08,002185,华天科技,97,4802.0,10jqka,intraday_0950,2026-05-08 09:50:00,2026-05-06,3,3,100.0,3.0,ok,2026-05-08,13.7,13.68,13.74,13.56,426997.0,-1.87,4.35,8.14,0.667,0.23,1.91,4.92,7.29,-10.88,0.222,False,False,0.0
2026-05-08,002519,银河电子,97,33208.0,10jqka,post_close,2026-05-08 15:00:00,2026-05-08,1,1,,,ok,2026-05-08,8.4,8.84,9.11,8.28,1936645.0,4.99,8.73,12.9,0.675,3.02,6.35,7.67,7.47,-18.75,0.325,False,False,0.0
2026-05-08,601179,中国西电,98,32938.0,10jqka,post_close,2026-05-08 15:00:00,2026-05-08,1,1,,,ok,2026-05-08,17.65,17.19,17.8,17.16,2095128.0,-1.77,1.6,-0.06,0.047,1.21,-0.28,-0.92,0.58,-16.76,0.234,False,False,0.0
2026-05-08,002792,通宇通讯,99,4720.0,10jqka,intraday_0950,2026-05-08 09:50:00,2026-05-08,1,1,,,ok,2026-05-08,50.18,50.43,51.25,50.03,140971.0,-1.98,15.51,19.3,0.328,0.33,6.77,7.22,5.38,-8.38,0.672,False,False,0.0
2026-05-08,000889,中嘉博创,99,7666.0,10jqka,intraday_1430,2026-05-08 14:30:00,2026-05-07,2,2,52.0,-47.0,ok,2026-05-08,5.66,5.43,5.89,5.34,2508323.0,1.5,22.85,10.59,0.164,1.52,9.17,13.13,16.84,-7.81,0.418,False,False,0.0
2026-05-08,002044,美年健康,99,32783.0,10jqka,post_close,2026-05-08 15:00:00,2026-05-06,3,3,48.0,-51.0,ok,2026-05-08,6.2,6.17,6.45,6.12,3820184.0,-0.48,13.63,19.11,0.152,1.53,6.27,11.86,13.44,-15.94,0.758,False,False,0.0
2026-05-08,002460,赣锋锂业,100,7606.0,10jqka,intraday_1430,2026-05-08 14:30:00,2026-05-07,2,2,96.0,-4.0,ok,2026-05-08,87.95,84.79,89.95,84.68,732598.0,-3.65,-4.39,3.28,0.021,0.87,-3.61,-0.61,0.3,-7.51,0.38,False,False,0.0
2026-05-08,001896,豫能控股,100,31786.0,10jqka,post_close,2026-05-08 15:00:00,2026-05-06,2,1,81.0,-19.0,ok,2026-05-08,16.71,16.41,17.12,16.22,1361501.0,-2.09,7.68,4.32,0.211,0.78,0.38,-1.19,2.16,-12.94,0.456,False,False,0.0
2026-05-11,002580,圣阳股份,1,46310.0,10jqka,post_close,2026-05-11 15:00:00,2026-05-06,4,4,50.0,49.0,ok,2026-05-11,33.01,34.27,36.19,31.03,1743188.0,4.16,15.08,19.83,0.628,1.54,11.02,15.8,24.82,-5.31,0.372,False,False,0.0
2026-05-11,002081,金螳螂,2,44622.0,10jqka,post_close,2026-05-11 15:00:00,2026-05-06,4,4,13.0,11.0,ok,2026-05-11,6.97,7.25,7.48,6.78,5811511.0,6.62,11.71,35.26,0.671,1.33,7.95,23.8,51.18,-3.07,0.329,False,False,0.0
2026-05-11,002281,光迅科技,3,43621.0,10jqka,post_close,2026-05-11 15:00:00,2026-05-06,4,4,6.0,3.0,ok,2026-05-11,188.0,198.79,198.79,183.02,770319.0,10.0,31.81,49.61,1.0,1.07,18.48,32.2,50.58,0.0,0.0,True,False,0.0
2026-05-11,000547,航天发展,4,38528.0,10jqka,post_close,2026-05-11 15:00:00,2026-05-08,2,2,2.0,-2.0,ok,2026-05-11,28.59,28.81,29.97,27.47,3795209.0,4.42,15.47,19.74,0.536,2.91,9.95,12.35,8.86,-16.83,0.464,False,False,0.0
2026-05-11,600522,中天科技,5,35759.0,10jqka,post_close,2026-05-11 15:00:00,2026-05-06,4,4,7.0,2.0,ok,2026-05-11,44.98,43.86,44.99,42.75,4148832.0,7.24,25.71,27.95,0.496,1.69,14.73,20.66,32.17,-2.51,0.004,False,False,0.0
2026-05-11,603538,美诺华,6,33767.0,10jqka,post_close,2026-05-11 15:00:00,2026-05-06,4,4,29.0,23.0,ok,2026-05-11,62.0,57.33,63.5,57.33,623011.0,-10.0,-16.31,-12.21,0.0,0.99,-8.61,-5.8,2.27,-18.55,0.243,False,False,0.0
2026-05-11,601991,大唐发电,7,33596.0,10jqka,post_close,2026-05-11 15:00:00,2026-05-06,4,4,5.0,-2.0,ok,2026-05-11,6.0,6.09,6.09,5.88,2783118.0,9.93,32.97,41.96,1.0,0.57,19.83,32.19,42.81,0.0,0.0,True,False,0.0
2026-05-11,000066,中国长城,8,30240.0,10jqka,post_close,2026-05-11 15:00:00,2026-05-06,4,4,4.0,-4.0,ok,2026-05-11,24.52,23.4,24.77,23.25,5728646.0,1.34,7.34,29.86,0.099,1.43,4.38,18.57,32.91,-5.53,0.164,False,False,0.0
2026-05-11,603778,国晟科技,9,29193.0,10jqka,post_close,2026-05-11 15:00:00,2026-05-06,4,4,20.0,11.0,ok,2026-05-11,25.05,24.29,26.15,24.29,1034458.0,-10.0,-12.97,-11.25,0.0,1.36,-7.78,-7.91,-11.67,-29.12,0.591,False,False,0.0
2026-05-11,600396,华电辽能,10,28090.0,10jqka,post_close,2026-05-11 15:00:00,2026-05-06,4,4,12.0,2.0,ok,2026-05-11,12.67,13.68,13.68,12.67,2386658.0,9.97,25.39,31.16,1.0,0.82,16.03,25.13,47.59,0.0,0.0,True,False,0.0
2026-05-11,002361,神剑股份,11,27334.0,10jqka,post_close,2026-05-11 15:00:00,2026-05-06,4,4,1.0,-10.0,ok,2026-05-11,21.65,22.25,22.64,21.04,2758260.0,1.6,4.9,10.97,0.756,1.07,3.48,4.12,10.24,-7.1,0.244,False,False,0.0
2026-05-11,601016,节能风电,12,26759.0,10jqka,post_close,2026-05-11 15:00:00,2026-05-06,4,4,86.0,74.0,ok,2026-05-11,4.89,5.12,5.26,4.89,7863881.0,4.49,9.17,12.28,0.622,1.16,6.84,9.26,17.1,-10.65,0.378,False,False,0.0
2026-05-11,002217,合力泰,13,26061.0,10jqka,post_close,2026-05-11 15:00:00,2026-05-06,4,4,17.0,4.0,ok,2026-05-11,3.56,3.57,3.76,3.46,12444014.0,4.08,12.26,16.29,0.367,1.32,7.72,15.01,24.11,-5.05,0.633,False,False,0.0
2026-05-11,002185,华天科技,14,25211.0,10jqka,post_close,2026-05-11 15:00:00,2026-05-06,3,1,100.0,86.0,ok,2026-05-11,14.01,14.74,14.75,14.01,3194996.0,7.28,8.22,15.43,0.986,1.61,6.58,11.35,14.41,-3.97,0.014,False,False,0.0
2026-05-11,600584,长电科技,15,24939.0,10jqka,post_close,2026-05-11 15:00:00,2026-05-06,3,1,84.0,69.0,ok,2026-05-11,53.8,55.83,55.83,53.19,1629943.0,10.01,15.83,25.86,1.0,1.28,12.06,17.74,22.48,0.0,0.0,True,False,0.0
2026-05-11,603407,长裕集团,16,24391.0,10jqka,post_close,2026-05-11 15:00:00,2026-05-11,1,1,,,ok,2026-05-11,68.75,91.84,110.28,68.75,297009.0,,,,0.556,,0.0,0.0,0.0,-16.72,0.444,False,False,0.0
2026-05-11,002565,顺灏股份,17,24120.0,10jqka,post_close,2026-05-11 15:00:00,2026-05-06,4,4,10.0,-7.0,ok,2026-05-11,20.74,21.79,22.0,19.81,2401732.0,5.57,13.49,17.66,0.904,1.36,8.4,11.17,13.92,-5.22,0.096,False,False,0.0
2026-05-11,600487,亨通光电,18,22742.0,10jqka,post_close,2026-05-11 15:00:00,2026-05-06,4,4,22.0,4.0,ok,2026-05-11,79.3,74.99,79.9,73.83,2388971.0,-2.95,4.44,11.29,0.191,1.44,2.52,5.35,17.09,-6.15,0.099,False,False,0.0
2026-05-11,002929,润建股份,19,6251.0,10jqka,intraday_0950,2026-05-11 09:50:00,2026-05-07,3,3,36.0,17.0,ok,2026-05-11,78.99,75.87,79.77,74.3,250275.0,-3.02,,,0.287,,0.0,0.0,0.0,-4.89,0.143,False,False,0.0
2026-05-11,601138,工业富联,19,21403.0,10jqka,post_close,2026-05-11 15:00:00,2026-05-06,4,4,40.0,21.0,ok,2026-05-11,64.2,65.85,65.87,63.0,2724029.0,4.06,4.39,-0.62,0.993,1.12,3.13,0.7,5.53,-4.7,0.007,False,False,0.0
2026-05-11,301531,春光集团,20,21201.0,10jqka,post_close,2026-05-11 15:00:00,2026-05-11,1,1,,,ok,2026-05-11,85.55,97.5,107.98,82.6,389947.0,,,,0.587,,0.0,0.0,0.0,-9.71,0.413,False,False,0.0
2026-05-11,002342,巨力索具,21,20806.0,10jqka,post_close,2026-05-11 15:00:00,2026-05-06,4,4,3.0,-18.0,ok,2026-05-11,21.63,22.17,22.78,21.47,2614571.0,0.27,10.24,17.3,0.534,1.07,4.26,10.78,16.19,-7.62,0.466,False,False,0.0
2026-05-11,000988,华工科技,22,19599.0,10jqka,post_close,2026-05-11 15:00:00,2026-05-06,4,4,33.0,11.0,ok,2026-05-11,139.98,147.56,148.78,139.93,1053847.0,7.95,17.87,23.96,0.862,1.06,11.37,18.16,22.0,-0.82,0.138,False,False,0.0
2026-05-11,600111,北方稀土,23,18933.0,10jqka,post_close,2026-05-11 15:00:00,2026-05-06,4,4,96.0,73.0,ok,2026-05-11,54.91,57.85,57.96,54.76,2333614.0,5.66,4.2,13.54,0.966,1.15,4.62,12.34,13.31,-9.0,0.034,False,False,0.0
2026-05-11,002008,大族激光,24,18716.0,10jqka,post_close,2026-05-11 15:00:00,2026-05-07,3,3,63.0,39.0,ok,2026-05-11,124.3,134.07,134.07,124.3,674366.0,10.02,31.45,29.99,1.0,1.29,17.47,23.12,39.11,0.0,0.0,True,False,0.0
2026-05-11,600186,莲花控股,25,18697.0,10jqka,post_close,2026-05-11 15:00:00,2026-05-06,4,4,21.0,-4.0,ok,2026-05-11,10.5,10.3,10.67,9.8,3447625.0,-1.9,-9.65,-4.81,0.575,0.97,-4.72,0.35,14.1,-10.82,0.195,False,False,0.0
2026-05-11,002156,通富微电,26,18547.0,10jqka,post_close,2026-05-11 15:00:00,2026-05-06,4,4,43.0,17.0,ok,2026-05-11,60.01,61.22,62.23,59.41,2015832.0,7.1,7.5,23.68,0.642,1.47,6.96,14.9,22.08,-1.62,0.358,False,False,0.0
2026-05-11,300136,信维通信,27,18241.0,10jqka,post_close,2026-05-11 15:00:00,2026-05-06,4,4,54.0,27.0,ok,2026-05-11,106.75,115.52,116.55,105.73,1098041.0,14.04,18.87,35.17,0.905,1.03,13.96,23.85,40.89,-0.88,0.095,True,False,0.0
2026-05-11,603278,大业股份,28,17395.0,10jqka,post_close,2026-05-11 15:00:00,2026-05-11,1,1,,,ok,2026-05-11,16.39,15.35,16.4,14.42,1140495.0,2.95,24.59,31.87,0.47,3.47,13.99,19.95,26.01,-6.4,0.005,False,False,0.0
2026-05-11,300308,中际旭创,29,17021.0,10jqka,post_close,2026-05-11 15:00:00,2026-05-06,4,4,41.0,12.0,ok,2026-05-11,889.06,940.13,946.79,870.0,322655.0,6.11,9.83,11.26,0.913,1.29,6.42,7.76,12.63,-0.7,0.087,False,False,0.0
2026-05-11,002222,福晶科技,30,4743.0,10jqka,intraday_0950,2026-05-11 09:50:00,2026-05-11,1,1,,,ok,2026-05-11,95.9,108.24,108.24,94.02,575045.0,10.0,,,1.0,,0.0,0.0,0.0,0.0,0.0,True,False,0.0
2026-05-11,002428,云南锗业,30,16844.0,10jqka,post_close,2026-05-11 15:00:00,2026-05-06,4,4,53.0,23.0,ok,2026-05-11,88.5,92.2,92.28,86.6,1109828.0,7.12,19.72,33.2,0.986,1.08,13.69,19.56,33.15,-0.09,0.014,False,False,0.0
2026-05-11,301308,江波龙,31,16677.0,10jqka,post_close,2026-05-11 15:00:00,2026-05-06,3,1,55.0,24.0,ok,2026-05-11,528.0,556.66,564.95,515.0,269581.0,15.97,15.65,34.36,0.834,1.14,15.85,28.76,39.62,-1.47,0.166,True,False,0.0
2026-05-11,601727,上海电气,32,16305.0,10jqka,post_close,2026-05-11 15:00:00,2026-05-11,1,1,,,ok,2026-05-11,8.3,8.9,8.94,8.3,7662325.0,9.47,9.2,12.09,0.938,6.52,7.46,9.5,10.04,-7.87,0.062,False,False,0.0
2026-05-11,600745,*ST闻泰,33,15982.0,10jqka,post_close,2026-05-11 15:00:00,2026-05-06,3,1,16.0,-17.0,ok,2026-05-11,22.9,22.9,22.9,22.9,15236.0,-4.98,-14.26,-17.63,1.0,0.14,-9.98,-14.87,-21.15,-36.71,,False,False,0.0
2026-05-11,300449,汉邦高科,34,4635.0,10jqka,intraday_0950,2026-05-11 09:50:00,2026-05-11,1,1,,,missing_price_file,,,,,,,,,,,,,,,,,,,
2026-05-11,603629,利通电子,34,15976.0,10jqka,post_close,2026-05-11 15:00:00,2026-05-06,4,4,28.0,-6.0,ok,2026-05-11,167.55,162.82,167.55,152.25,438806.0,-2.85,2.5,24.02,0.691,1.29,2.8,18.24,42.65,-6.2,0.0,False,False,0.0
2026-05-11,300058,蓝色光标,35,15838.0,10jqka,post_close,2026-05-11 15:00:00,2026-05-06,3,2,18.0,-17.0,ok,2026-05-11,18.88,18.93,19.65,18.59,6033783.0,1.28,4.88,8.86,0.321,1.14,2.78,5.26,6.35,-17.3,0.679,False,False,0.0
2026-05-11,002475,立讯精密,36,15686.0,10jqka,post_close,2026-05-11 15:00:00,2026-05-06,4,4,27.0,-9.0,ok,2026-05-11,75.5,76.06,78.42,74.46,2700154.0,6.69,13.39,10.81,0.404,1.34,8.36,9.41,16.59,-3.01,0.596,False,False,0.0
2026-05-11,600130,波导股份,37,18923.0,10jqka,intraday_1430,2026-05-11 14:30:00,2026-05-11,1,1,,,missing_price_file,,,,,,,,,,,,,,,,,,,
2026-05-11,601778,晶科科技,37,15469.0,10jqka,post_close,2026-05-11 15:00:00,2026-05-06,4,4,56.0,19.0,ok,2026-05-11,7.5,7.3,7.7,7.25,5598967.0,-1.22,2.1,4.89,0.111,0.97,2.07,2.61,10.77,-7.36,0.444,False,False,0.0
2026-05-11,002202,金风科技,38,15020.0,10jqka,post_close,2026-05-11 15:00:00,2026-05-06,4,4,19.0,-19.0,ok,2026-05-11,28.9,28.16,28.99,28.0,2246451.0,-1.16,0.79,9.44,0.162,0.87,0.14,4.47,8.05,-15.44,0.091,False,False,0.0
2026-05-11,605358,立昂微,39,4390.0,10jqka,intraday_0950,2026-05-11 09:50:00,2026-05-11,1,1,,,ok,2026-05-11,45.48,49.98,49.98,45.35,613436.0,9.99,,,1.0,,0.0,0.0,0.0,0.0,0.0,True,False,0.0
2026-05-11,002491,通鼎互联,39,15002.0,10jqka,post_close,2026-05-11 15:00:00,2026-05-07,2,1,38.0,-1.0,ok,2026-05-11,22.73,22.73,22.73,22.23,873185.0,10.02,33.16,37.18,1.0,0.76,19.58,28.08,36.24,0.0,0.0,True,False,0.0
2026-05-11,002384,东山精密,40,14801.0,10jqka,post_close,2026-05-11 15:00:00,2026-05-06,4,4,32.0,-8.0,ok,2026-05-11,212.0,218.3,222.6,208.47,894415.0,3.27,13.77,18.48,0.696,0.99,7.08,12.02,25.2,-1.93,0.304,False,False,0.0
2026-05-11,688008,澜起科技,41,14512.0,10jqka,post_close,2026-05-11 15:00:00,2026-05-06,2,1,85.0,44.0,ok,2026-05-11,231.26,249.22,252.32,230.0,110214205.0,18.52,25.25,46.69,0.861,1.48,19.62,32.11,46.59,-1.23,0.139,True,False,0.0
2026-05-11,002640,跨境通,42,14320.0,10jqka,post_close,2026-05-11 15:00:00,2026-05-11,1,1,,,ok,2026-05-11,4.1,4.54,4.54,4.08,4107869.0,9.93,12.94,36.75,1.0,2.27,11.0,22.74,26.39,0.0,0.0,True,False,0.0
2026-05-11,600726,华电能源,43,14311.0,10jqka,post_close,2026-05-11 15:00:00,2026-05-06,4,4,47.0,4.0,ok,2026-05-11,7.42,7.8,7.93,7.26,4269845.0,3.86,12.72,9.86,0.806,0.92,7.05,14.71,35.4,-4.99,0.194,False,False,0.0
2026-05-11,300142,沃森生物,44,14051.0,10jqka,post_close,2026-05-11 15:00:00,2026-05-11,1,1,,,ok,2026-05-11,13.48,16.0,16.02,13.48,2665372.0,19.85,20.94,24.13,0.992,3.67,16.4,22.85,25.31,-0.12,0.008,True,False,0.0
2026-05-11,002181,粤传媒,45,13957.0,10jqka,post_close,2026-05-11 15:00:00,2026-05-06,4,4,79.0,34.0,ok,2026-05-11,18.35,19.06,19.2,18.11,1146541.0,3.87,5.07,27.15,0.872,0.9,5.0,18.63,30.05,-3.59,0.128,False,False,0.0
2026-05-11,000592,平潭发展,46,13592.0,10jqka,post_close,2026-05-11 15:00:00,2026-05-07,3,3,74.0,28.0,ok,2026-05-11,11.45,11.86,12.04,11.26,3287971.0,3.67,8.71,11.47,0.769,1.8,5.31,7.74,6.22,-10.15,0.231,False,False,0.0
2026-05-11,600759,ST洲际,47,13411.0,10jqka,post_close,2026-05-11 15:00:00,2026-05-06,3,1,54.0,7.0,ok,2026-05-11,3.81,3.81,3.81,3.81,35002.0,-4.99,-14.19,-22.56,1.0,0.79,-9.93,-18.64,-24.16,-58.09,,False,False,0.0
2026-05-11,002297,博云新材,48,13323.0,10jqka,post_close,2026-05-11 15:00:00,2026-05-06,4,4,24.0,-24.0,ok,2026-05-11,26.46,25.15,26.65,24.83,1546773.0,-2.18,4.75,8.36,0.176,0.81,1.31,7.03,29.11,-5.63,0.104,False,False,0.0
2026-05-11,600105,永鼎股份,49,13284.0,10jqka,post_close,2026-05-11 15:00:00,2026-05-07,3,3,9.0,-40.0,ok,2026-05-11,50.58,51.4,52.5,48.93,1864012.0,2.92,17.67,18.65,0.692,1.07,9.38,9.56,18.87,-2.1,0.308,False,False,0.0
2026-05-11,601868,中国能建,50,13271.0,10jqka,post_close,2026-05-11 15:00:00,2026-05-07,3,3,35.0,-15.0,ok,2026-05-11,3.23,3.25,3.41,3.23,16914382.0,0.93,14.44,14.04,0.111,1.75,6.49,9.72,10.92,-17.51,0.889,False,False,0.0
2026-05-11,600330,天通股份,51,13260.0,10jqka,post_close,2026-05-11 15:00:00,2026-05-06,4,4,93.0,42.0,ok,2026-05-11,30.0,32.08,32.08,29.3,1320818.0,10.01,18.77,25.02,1.0,0.56,11.3,16.61,31.31,0.0,0.0,True,False,0.0
2026-05-11,600703,三安光电,52,13248.0,10jqka,post_close,2026-05-11 15:00:00,2026-05-06,4,4,70.0,18.0,ok,2026-05-11,15.62,16.04,16.33,15.6,3697353.0,4.97,9.26,15.06,0.603,1.52,7.2,8.31,16.1,-14.54,0.397,False,False,0.0
2026-05-11,000977,浪潮信息,53,4010.0,10jqka,intraday_0950,2026-05-11 09:50:00,2026-05-11,1,1,,,ok,2026-05-11,72.13,76.58,79.49,71.1,1161179.0,4.56,,,0.653,,0.0,0.0,0.0,-3.66,0.347,False,False,0.0
2026-05-11,600589,大位科技,53,13146.0,10jqka,post_close,2026-05-11 15:00:00,2026-05-06,3,2,71.0,18.0,ok,2026-05-11,13.09,13.02,13.48,12.38,4049624.0,4.08,17.51,33.81,0.582,1.88,12.14,19.99,18.83,-14.62,0.355,False,False,0.0
2026-05-11,300442,润泽科技,54,3984.0,10jqka,intraday_0950,2026-05-11 09:50:00,2026-05-11,1,1,,,missing_price_file,,,,,,,,,,,,,,,,,,,
2026-05-11,000938,紫光股份,54,13072.0,10jqka,post_close,2026-05-11 15:00:00,2026-05-08,2,2,69.0,15.0,ok,2026-05-11,33.78,31.69,33.93,31.56,2827691.0,-4.46,-0.5,-2.25,0.055,1.22,-1.97,-1.07,5.68,-6.6,0.063,False,False,0.0
2026-05-11,300604,长川科技,55,12995.0,10jqka,post_close,2026-05-11 15:00:00,2026-05-11,1,1,,,ok,2026-05-11,186.0,218.41,218.41,183.98,470624.0,20.0,23.96,25.31,1.0,1.6,16.59,22.78,35.46,0.0,0.0,True,False,0.0
2026-05-11,600379,宝光股份,56,12968.0,10jqka,post_close,2026-05-11 15:00:00,2026-05-06,4,4,95.0,39.0,ok,2026-05-11,17.09,18.43,18.43,16.81,948855.0,10.03,-0.16,20.85,1.0,1.47,4.4,18.83,33.43,-9.26,0.0,True,False,0.0
2026-05-11,603667,五洲新春,57,3933.0,10jqka,intraday_0950,2026-05-11 09:50:00,2026-05-11,1,1,,,ok,2026-05-11,71.32,78.17,78.17,71.3,375047.0,10.01,,,1.0,,0.0,0.0,0.0,0.0,0.0,True,False,0.0
2026-05-11,002149,西部材料,57,12861.0,10jqka,post_close,2026-05-11 15:00:00,2026-05-06,4,4,36.0,-21.0,ok,2026-05-11,73.8,75.44,76.48,72.58,841422.0,4.14,7.99,30.65,0.733,1.02,6.34,16.21,27.36,-1.36,0.267,False,False,0.0
2026-05-11,002709,天赐材料,58,12590.0,10jqka,post_close,2026-05-11 15:00:00,2026-05-06,4,4,15.0,-43.0,ok,2026-05-11,58.2,59.56,60.43,57.61,1277936.0,1.97,-6.94,0.4,0.691,0.74,-2.45,3.52,12.43,-8.34,0.309,False,False,0.0
2026-05-11,603986,兆易创新,59,12478.0,10jqka,post_close,2026-05-11 15:00:00,2026-05-06,4,4,84.0,25.0,ok,2026-05-11,349.35,361.38,366.76,346.26,575079.0,8.41,5.19,17.28,0.738,1.2,6.29,12.23,19.79,-1.47,0.262,False,False,0.0
2026-05-11,000070,特发信息,60,3874.0,10jqka,intraday_0950,2026-05-11 09:50:00,2026-05-07,3,3,54.0,-6.0,ok,2026-05-11,22.12,20.46,22.12,20.44,518508.0,-2.9,,,0.012,,0.0,0.0,0.0,-7.5,0.0,False,False,0.0
2026-05-11,000062,深圳华强,60,12293.0,10jqka,post_close,2026-05-11 15:00:00,2026-05-06,4,4,52.0,-8.0,ok,2026-05-11,36.19,39.09,39.09,36.19,869726.0,9.99,5.99,9.65,1.0,0.79,5.14,8.38,19.48,-2.59,0.0,True,False,0.0
2026-05-11,002183,怡亚通,61,3856.0,10jqka,intraday_0950,2026-05-11 09:50:00,2026-05-08,2,2,53.0,-8.0,ok,2026-05-11,6.79,6.68,6.85,6.52,1890923.0,2.77,,,0.485,,0.0,0.0,0.0,-2.48,0.182,False,False,0.0
2026-05-11,300475,香农芯创,61,14370.0,10jqka,intraday_1430,2026-05-11 14:30:00,2026-05-06,2,1,89.0,28.0,missing_price_file,,,,,,,,,,,,,,,,,,,
2026-05-11,600736,苏州高新,61,12276.0,10jqka,post_close,2026-05-11 15:00:00,2026-05-07,3,3,11.0,-50.0,ok,2026-05-11,9.96,9.91,10.58,9.63,2019080.0,0.51,13.0,17.98,0.295,0.93,6.93,13.8,31.42,-6.6,0.653,False,False,0.0
2026-05-11,600206,有研新材,62,12148.0,10jqka,post_close,2026-05-11 15:00:00,2026-05-11,1,1,,,ok,2026-05-11,31.3,32.87,33.44,31.13,1302337.0,8.13,17.06,22.51,0.753,1.41,11.01,17.07,27.83,-1.7,0.247,False,False,0.0
2026-05-11,688525,佰维存储,63,13808.0,10jqka,intraday_1430,2026-05-11 14:30:00,2026-05-06,2,1,44.0,-19.0,ok,2026-05-11,311.1,315.77,323.5,301.21,489232.0,8.72,,,0.653,,0.0,0.0,0.0,-2.39,0.347,False,False,0.0
2026-05-11,300059,东方财富,63,12068.0,10jqka,post_close,2026-05-11 15:00:00,2026-05-11,1,1,,,ok,2026-05-11,20.45,21.28,21.35,20.44,5811921.0,3.86,2.06,5.03,0.923,1.81,2.59,4.47,5.87,-7.6,0.077,False,False,0.0
2026-05-11,000712,锦龙股份,64,11922.0,10jqka,post_close,2026-05-11 15:00:00,2026-05-11,1,1,,,ok,2026-05-11,10.42,11.41,11.41,10.38,700870.0,10.03,8.56,11.97,1.0,4.21,7.4,9.66,9.2,-14.53,0.0,True,False,0.0
2026-05-11,600936,北投科技,65,3765.0,10jqka,intraday_0950,2026-05-11 09:50:00,2026-05-11,1,1,,,ok,2026-05-11,4.96,5.17,5.17,4.85,743247.0,10.0,,,1.0,,0.0,0.0,0.0,0.0,0.0,True,False,0.0
2026-05-11,002050,三花智控,65,11875.0,10jqka,post_close,2026-05-11 15:00:00,2026-05-06,4,4,14.0,-51.0,ok,2026-05-11,51.74,51.21,51.89,50.93,1805483.0,-0.93,6.33,14.26,0.292,1.05,3.12,8.2,10.55,-6.92,0.156,False,False,0.0
2026-05-11,603399,永杉锂业,66,11679.0,10jqka,post_close,2026-05-11 15:00:00,2026-05-06,4,4,73.0,7.0,ok,2026-05-11,23.0,24.56,25.52,23.0,1333453.0,2.38,15.14,39.31,0.619,1.71,9.79,30.67,56.64,-3.76,0.381,False,False,0.0
2026-05-11,601179,中国西电,67,11506.0,10jqka,post_close,2026-05-11 15:00:00,2026-05-08,2,2,98.0,31.0,ok,2026-05-11,17.2,18.1,18.34,17.2,3188643.0,5.29,3.84,5.54,0.789,1.85,3.86,4.24,5.26,-12.35,0.211,False,False,0.0
2026-05-11,603881,数据港,68,13168.0,10jqka,intraday_1430,2026-05-11 14:30:00,2026-05-11,1,1,,,missing_price_file,,,,,,,,,,,,,,,,,,,
2026-05-11,920186,中科仪,68,11162.0,10jqka,post_close,2026-05-11 15:00:00,2026-05-11,1,1,,,ok,2026-05-11,90.9,109.99,110.0,88.0,233605.0,25.05,42.84,52.81,1.0,0.71,25.67,29.51,29.51,-0.01,0.0,True,False,0.0
2026-05-11,300476,胜宏科技,69,11022.0,10jqka,post_close,2026-05-11 15:00:00,2026-05-07,3,3,77.0,8.0,ok,2026-05-11,362.47,378.24,383.51,352.0,627609.0,5.46,16.05,13.29,0.833,1.21,9.36,13.2,17.26,-1.37,0.167,False,False,0.0
2026-05-11,603601,再升科技,70,11021.0,10jqka,post_close,2026-05-11 15:00:00,2026-05-06,4,4,38.0,-32.0,ok,2026-05-11,18.26,17.9,18.5,17.57,2195149.0,0.0,6.99,17.76,0.355,0.86,4.43,11.58,16.6,-4.53,0.258,False,False,0.0
2026-05-11,603636,南威软件,71,3442.0,10jqka,intraday_0950,2026-05-11 09:50:00,2026-05-11,1,1,,,missing_price_file,,,,,,,,,,,,,,,,,,,
2026-05-11,603459,红板科技,71,10798.0,10jqka,post_close,2026-05-11 15:00:00,2026-05-11,1,1,,,ok,2026-05-11,89.16,89.16,89.16,89.16,26207.0,10.01,33.11,44.46,1.0,0.12,19.65,31.12,36.82,0.0,0.0,True,True,0.0
2026-05-11,300433,蓝思科技,72,10758.0,10jqka,post_close,2026-05-11 15:00:00,2026-05-11,1,1,,,ok,2026-05-11,28.86,30.82,31.16,28.66,1869653.0,7.95,15.78,19.36,0.864,2.26,10.62,14.14,11.63,-18.21,0.136,False,False,0.0
2026-05-11,000815,美利云,73,10704.0,10jqka,post_close,2026-05-11 15:00:00,2026-05-06,4,4,26.0,-47.0,ok,2026-05-11,22.98,21.84,22.98,21.7,1359189.0,-4.88,4.4,9.97,0.109,1.05,2.18,6.02,5.4,-6.87,0.0,False,False,0.0
2026-05-11,603045,福达合金,74,3356.0,10jqka,intraday_0950,2026-05-11 09:50:00,2026-05-08,2,2,78.0,4.0,ok,2026-05-11,68.35,68.35,68.35,68.35,4678.0,9.99,,,1.0,,0.0,0.0,0.0,0.0,0.0,True,True,0.0
2026-05-11,688256,寒武纪,74,10641.0,10jqka,post_close,2026-05-11 15:00:00,2026-05-06,4,4,60.0,-14.0,ok,2026-05-11,1201.0,1200.0,1205.99,1158.03,23172174.0,1.48,-1.95,26.35,0.875,1.51,0.02,13.49,25.17,-8.98,0.104,False,False,0.0
2026-05-11,600176,中国巨石,75,3346.0,10jqka,intraday_0950,2026-05-11 09:50:00,2026-05-06,3,1,89.0,14.0,missing_price_file,,,,,,,,,,,,,,,,,,,
2026-05-11,603618,杭电股份,75,12742.0,10jqka,intraday_1430,2026-05-11 14:30:00,2026-05-06,4,4,68.0,-7.0,ok,2026-05-11,34.48,37.62,37.62,34.48,957617.0,10.0,,,1.0,,0.0,0.0,0.0,0.0,0.0,True,False,0.0
2026-05-11,600498,烽火通信,75,10597.0,10jqka,post_close,2026-05-11 15:00:00,2026-05-08,2,2,8.0,-67.0,ok,2026-05-11,60.0,58.61,60.0,55.6,1794355.0,2.82,20.62,13.81,0.684,1.47,11.55,11.56,12.46,-5.13,0.0,False,False,0.0
2026-05-11,600343,航天动力,76,3314.0,10jqka,intraday_0950,2026-05-11 09:50:00,2026-05-11,1,1,,,ok,2026-05-11,34.88,38.48,38.48,34.58,685933.0,10.01,,,1.0,,0.0,0.0,0.0,0.0,0.0,True,False,0.0
2026-05-11,300274,阳光电源,76,12565.0,10jqka,intraday_1430,2026-05-11 14:30:00,2026-05-11,1,1,,,missing_price_file,,,,,,,,,,,,,,,,,,,
2026-05-11,605006,山东玻纤,76,10591.0,10jqka,post_close,2026-05-11 15:00:00,2026-05-11,1,1,,,ok,2026-05-11,16.04,16.36,16.36,15.92,178202.0,10.02,33.12,34.87,1.0,0.32,19.02,31.74,43.63,0.0,0.0,True,False,0.0
2026-05-11,000967,盈峰环境,77,10278.0,10jqka,post_close,2026-05-11 15:00:00,2026-05-11,1,1,,,ok,2026-05-11,15.9,14.83,16.24,14.7,3359702.0,-9.02,-0.67,5.1,0.084,1.21,-2.5,3.05,11.45,-13.22,0.221,False,False,0.0
2026-05-11,000858,五粮液,78,10208.0,10jqka,post_close,2026-05-11 15:00:00,2026-05-06,3,1,14.0,-64.0,ok,2026-05-11,92.03,91.81,92.29,91.37,269325.0,-0.35,-0.49,-6.64,0.478,0.6,-1.47,-5.06,-7.7,-16.95,0.283,False,False,0.0
2026-05-11,603738,泰晶科技,79,10187.0,10jqka,post_close,2026-05-11 15:00:00,2026-05-07,2,1,87.0,8.0,ok,2026-05-11,50.67,51.71,51.71,50.05,261289.0,10.0,33.1,29.86,1.0,0.62,18.26,26.0,46.93,0.0,0.0,True,False,0.0
2026-05-11,301666,大普微,80,9764.0,10jqka,post_close,2026-05-11 15:00:00,2026-05-06,4,4,55.0,-25.0,ok,2026-05-11,533.1,501.17,583.1,482.0,91443.0,-0.72,32.23,69.31,0.19,0.94,17.36,48.26,65.81,-14.05,0.495,False,False,0.0
2026-05-11,002256,兆新股份,81,3260.0,10jqka,intraday_0950,2026-05-11 09:50:00,2026-05-11,1,1,,,ok,2026-05-11,4.75,5.28,5.28,4.7,2451761.0,10.0,,,1.0,,0.0,0.0,0.0,0.0,0.0,True,False,0.0
2026-05-11,600488,津药药业,81,9732.0,10jqka,post_close,2026-05-11 15:00:00,2026-05-11,1,1,,,ok,2026-05-11,6.0,6.6,6.6,5.83,1439639.0,10.0,11.86,12.63,1.0,1.43,9.38,8.75,5.78,-21.8,0.0,True,False,0.0
2026-05-11,600089,特变电工,82,12338.0,10jqka,intraday_1430,2026-05-11 14:30:00,2026-05-11,1,1,,,missing_price_file,,,,,,,,,,,,,,,,,,,
2026-05-11,603019,中科曙光,82,9725.0,10jqka,post_close,2026-05-11 15:00:00,2026-05-06,3,1,50.0,-32.0,ok,2026-05-11,99.0,100.05,101.0,97.4,912077.0,3.89,0.25,10.65,0.736,1.2,2.54,5.55,9.06,-2.16,0.264,False,False,0.0
2026-05-11,002902,铭普光磁,83,3222.0,10jqka,intraday_0950,2026-05-11 09:50:00,2026-05-11,1,1,,,ok,2026-05-11,32.78,36.18,36.18,32.48,209085.0,10.0,,,1.0,,0.0,0.0,0.0,0.0,0.0,True,False,0.0
2026-05-11,600601,方正科技,83,12272.0,10jqka,intraday_1430,2026-05-11 14:30:00,2026-05-11,1,1,,,missing_price_file,,,,,,,,,,,,,,,,,,,
2026-05-11,002192,融捷股份,83,9614.0,10jqka,post_close,2026-05-11 15:00:00,2026-05-07,2,1,95.0,12.0,ok,2026-05-11,99.96,102.07,102.07,97.68,396742.0,3.0,-8.19,2.8,1.0,0.96,-3.1,5.08,16.0,-11.24,0.0,False,False,0.0
2026-05-11,002594,比亚迪,84,12130.0,10jqka,intraday_1430,2026-05-11 14:30:00,2026-05-06,3,2,81.0,-3.0,ok,2026-05-11,100.47,99.99,101.0,99.8,335508.0,-0.47,,,0.158,,0.0,0.0,0.0,-1.0,0.442,False,False,0.0
2026-05-11,002030,达安基因,84,9586.0,10jqka,post_close,2026-05-11 15:00:00,2026-05-11,1,1,,,ok,2026-05-11,6.89,7.3,7.3,6.5,1706726.0,9.94,19.67,26.08,1.0,5.36,14.56,20.18,21.69,0.0,0.0,True,False,0.0
2026-05-11,000839,国安股份,85,3194.0,10jqka,intraday_0950,2026-05-11 09:50:00,2026-05-11,1,1,,,missing_price_file,,,,,,,,,,,,,,,,,,,
2026-05-11,002624,完美世界,85,9489.0,10jqka,post_close,2026-05-11 15:00:00,2026-05-11,1,1,,,ok,2026-05-11,18.0,16.82,18.0,16.73,1571497.0,-4.16,3.32,1.08,0.071,1.78,2.8,0.15,-8.61,-28.97,0.0,False,False,0.0
2026-05-11,600673,东阳光,86,9426.0,10jqka,post_close,2026-05-11 15:00:00,2026-05-06,4,4,67.0,-19.0,ok,2026-05-11,40.16,39.02,41.0,37.85,1562270.0,-2.21,0.21,17.74,0.371,1.96,-0.5,7.85,12.16,-8.9,0.267,False,False,0.0
2026-05-11,002115,三维通信,87,9423.0,10jqka,post_close,2026-05-11 15:00:00,2026-05-07,2,1,58.0,-29.0,ok,2026-05-11,14.88,15.42,15.5,14.74,1536524.0,4.9,3.28,5.04,0.895,0.96,3.1,9.06,15.84,-4.81,0.105,False,False,0.0
2026-05-11,603256,宏和科技,88,3134.0,10jqka,intraday_0950,2026-05-11 09:50:00,2026-05-07,3,3,18.0,-70.0,ok,2026-05-11,147.93,142.38,153.2,142.38,110148.0,-4.36,,,0.0,,0.0,0.0,0.0,-7.06,0.487,False,False,0.0
2026-05-11,000021,深科技,88,11878.0,10jqka,intraday_1430,2026-05-11 14:30:00,2026-05-11,1,1,,,ok,2026-05-11,32.12,32.97,33.19,31.81,1387751.0,6.29,,,0.841,,0.0,0.0,0.0,-0.66,0.159,False,False,0.0
2026-05-11,002044,美年健康,88,9356.0,10jqka,post_close,2026-05-11 15:00:00,2026-05-06,4,4,99.0,11.0,ok,2026-05-11,6.26,6.38,6.46,6.11,3952294.0,3.4,6.87,21.29,0.771,1.28,5.8,13.48,16.5,-13.08,0.229,False,False,0.0
2026-05-11,600879,航天电子,89,9313.0,10jqka,post_close,2026-05-11 15:00:00,2026-05-08,2,2,23.0,-66.0,ok,2026-05-11,27.13,26.78,27.35,26.39,2726350.0,0.49,6.4,16.08,0.406,1.45,4.71,9.16,12.02,-3.84,0.229,False,False,0.0
2026-05-11,001309,德明利,90,9252.0,10jqka,post_close,2026-05-11 15:00:00,2026-05-06,3,1,22.0,-68.0,ok,2026-05-11,631.11,639.21,644.96,616.13,180515.0,6.94,10.73,22.24,0.801,1.06,8.14,17.34,23.28,-0.89,0.199,False,False,0.0
2026-05-11,002407,多氟多,91,11761.0,10jqka,intraday_1430,2026-05-11 14:30:00,2026-05-06,4,4,22.0,-69.0,ok,2026-05-11,37.04,35.19,38.28,35.0,1569310.0,-6.26,,,0.058,,0.0,0.0,0.0,-8.07,0.378,False,False,0.0
2026-05-11,601899,紫金矿业,91,9179.0,10jqka,post_close,2026-05-11 15:00:00,2026-05-06,4,4,44.0,-47.0,ok,2026-05-11,34.55,34.27,34.72,33.85,3037097.0,-1.52,0.18,0.38,0.483,0.96,0.18,0.68,-0.3,-16.21,0.195,False,False,0.0
2026-05-11,002009,天奇股份,92,2958.0,10jqka,intraday_0950,2026-05-11 09:50:00,2026-05-11,1,1,,,ok,2026-05-11,24.4,26.96,26.96,24.22,505829.0,10.0,,,1.0,,0.0,0.0,0.0,0.0,0.0,True,False,0.0
2026-05-11,300302,同有科技,92,11690.0,10jqka,intraday_1430,2026-05-11 14:30:00,2026-05-11,1,1,,,missing_price_file,,,,,,,,,,,,,,,,,,,
2026-05-11,603773,沃格光电,92,9138.0,10jqka,post_close,2026-05-11 15:00:00,2026-05-06,2,1,98.0,6.0,ok,2026-05-11,74.08,80.03,80.03,73.67,257227.0,10.01,19.81,14.75,1.0,0.85,11.92,18.81,36.04,0.0,0.0,True,False,0.0
2026-05-11,600480,凌云股份,93,2947.0,10jqka,intraday_0950,2026-05-11 09:50:00,2026-05-11,1,1,,,ok,2026-05-11,11.97,11.28,11.97,11.25,310223.0,-2.84,,,0.042,,0.0,0.0,0.0,-5.76,0.0,False,False,0.0
2026-05-11,300502,新易盛,93,8992.0,10jqka,post_close,2026-05-11 15:00:00,2026-05-06,4,4,85.0,-8.0,ok,2026-05-11,554.0,563.7,569.99,525.25,581077.0,2.18,7.89,4.97,0.859,1.59,3.35,2.81,3.09,-10.21,0.141,False,False,0.0
2026-05-11,002031,巨轮智能,94,11145.0,10jqka,intraday_1430,2026-05-11 14:30:00,2026-05-08,2,2,23.0,-71.0,ok,2026-05-11,6.68,7.06,7.06,6.51,2247598.0,9.97,,,1.0,,0.0,0.0,0.0,0.0,0.0,True,False,0.0
2026-05-11,002179,中航光电,94,8954.0,10jqka,post_close,2026-05-11 15:00:00,2026-05-11,1,1,,,ok,2026-05-11,37.13,40.06,40.06,37.13,1098050.0,10.15,9.42,10.51,1.0,3.01,7.89,9.95,10.47,0.0,0.0,True,False,0.0
2026-05-11,300223,北京君正,95,10911.0,10jqka,intraday_1430,2026-05-11 14:30:00,2026-05-11,1,1,,,missing_price_file,,,,,,,,,,,,,,,,,,,
2026-05-11,001896,豫能控股,95,8949.0,10jqka,post_close,2026-05-11 15:00:00,2026-05-06,3,2,100.0,5.0,ok,2026-05-11,16.76,16.81,17.56,16.52,1586395.0,2.44,2.5,-0.71,0.279,0.94,2.98,1.64,3.46,-10.82,0.721,False,False,0.0
2026-05-11,601869,长飞光纤,96,10770.0,10jqka,intraday_1430,2026-05-11 14:30:00,2026-05-07,2,1,34.0,-62.0,ok,2026-05-11,373.38,389.39,389.94,373.0,58387.0,0.05,,,0.968,,0.0,0.0,0.0,-0.14,0.032,False,False,0.0
2026-05-11,002655,共达电声,96,8935.0,10jqka,post_close,2026-05-11 15:00:00,2026-05-07,2,1,73.0,-23.0,ok,2026-05-11,41.0,36.37,41.11,35.45,1027629.0,-7.67,11.74,18.47,0.163,1.86,3.54,17.32,36.24,-11.53,0.019,False,False,0.0
2026-05-11,601698,中国卫通,97,2859.0,10jqka,intraday_0950,2026-05-11 09:50:00,2026-05-11,1,1,,,missing_price_file,,,,,,,,,,,,,,,,,,,
2026-05-11,002865,钧达股份,97,10738.0,10jqka,intraday_1430,2026-05-11 14:30:00,2026-05-11,1,1,,,ok,2026-05-11,89.89,96.53,96.53,88.3,310764.0,10.01,,,1.0,,0.0,0.0,0.0,0.0,0.0,True,False,0.0
2026-05-11,600118,中国卫星,97,8910.0,10jqka,post_close,2026-05-11 15:00:00,2026-05-06,3,2,16.0,-81.0,ok,2026-05-11,115.4,116.11,119.5,113.54,700996.0,1.69,8.41,18.56,0.431,1.03,6.04,11.62,21.38,-2.84,0.569,False,False,0.0
2026-05-11,000720,新能泰山,98,8826.0,10jqka,post_close,2026-05-11 15:00:00,2026-05-08,2,2,75.0,-23.0,ok,2026-05-11,5.77,5.83,6.03,5.6,3240230.0,2.46,24.04,26.46,0.535,3.0,12.42,18.45,15.64,-18.8,0.465,False,False,0.0
2026-05-11,002015,协鑫能科,99,8769.0,10jqka,post_close,2026-05-11 15:00:00,2026-05-06,3,1,42.0,-57.0,ok,2026-05-11,20.91,20.28,21.7,20.19,1640990.0,-0.49,3.84,8.51,0.06,0.99,2.91,4.22,7.53,-11.79,0.523,False,False,0.0
2026-05-11,002261,拓维信息,100,2762.0,10jqka,intraday_0950,2026-05-11 09:50:00,2026-05-08,2,2,74.0,-26.0,ok,2026-05-11,36.56,36.5,36.7,36.0,449400.0,-3.31,,,0.714,,0.0,0.0,0.0,-0.54,0.2,False,False,0.0
2026-05-11,600406,国电南瑞,100,10384.0,10jqka,intraday_1430,2026-05-11 14:30:00,2026-05-11,1,1,,,missing_price_file,,,,,,,,,,,,,,,,,,,
2026-05-11,600519,贵州茅台,100,8632.0,10jqka,post_close,2026-05-11 15:00:00,2026-05-06,2,1,99.0,-1.0,ok,2026-05-11,1372.89,1361.33,1372.89,1361.0,57135.0,-0.85,-0.99,-2.84,0.028,1.37,-0.85,-2.43,-3.88,-13.18,0.0,False,False,0.0
2026-05-12,002081,金螳螂,1,217595.0,10jqka,post_close,2026-05-12 15:00:00,2026-05-06,5,5,2.0,1.0,ok,2026-05-12,7.43,7.98,7.98,7.25,5535447.0,10.07,11.76,35.25,1.0,1.13,11.89,30.58,58.71,0.0,0.0,True,False,0.0
2026-05-12,000066,中国长城,2,195027.0,10jqka,post_close,2026-05-12 15:00:00,2026-05-06,5,5,8.0,6.0,ok,2026-05-12,23.52,25.36,25.74,23.42,6895009.0,8.38,5.75,27.95,0.836,1.56,7.8,22.8,39.89,-1.48,0.164,False,False,0.0
2026-05-12,603778,国晟科技,3,192845.0,10jqka,post_close,2026-05-12 15:00:00,2026-05-06,5,5,9.0,6.0,ok,2026-05-12,24.1,24.89,25.38,21.86,1061725.0,2.47,-3.94,-6.43,0.861,1.29,-4.26,-5.04,-8.16,-27.37,0.139,False,False,0.0
2026-05-12,600396,华电辽能,4,189694.0,10jqka,post_close,2026-05-12 15:00:00,2026-05-06,5,5,10.0,6.0,ok,2026-05-12,14.0,15.05,15.05,12.93,3305538.0,10.01,25.42,51.71,1.0,1.24,17.43,31.38,55.72,0.0,0.0,True,False,0.0
2026-05-12,002428,云南锗业,5,157750.0,10jqka,post_close,2026-05-12 15:00:00,2026-05-06,5,5,30.0,25.0,ok,2026-05-12,91.28,101.42,101.42,88.99,1127451.0,10.0,26.46,44.87,1.0,1.02,16.07,27.46,41.77,0.0,0.0,True,False,0.0
2026-05-12,002580,圣阳股份,6,151245.0,10jqka,post_close,2026-05-12 15:00:00,2026-05-06,5,5,1.0,-5.0,ok,2026-05-12,34.59,34.17,35.8,33.24,1356187.0,-0.29,14.24,24.34,0.363,1.11,6.1,12.72,20.74,-5.58,0.473,False,False,0.0
2026-05-12,002361,神剑股份,7,125996.0,10jqka,post_close,2026-05-12 15:00:00,2026-05-06,5,5,11.0,4.0,ok,2026-05-12,22.03,20.25,22.03,20.07,2342282.0,-8.99,-6.25,-1.46,0.092,0.89,-5.56,-4.01,-0.61,-15.45,0.0,False,False,0.0
2026-05-12,300308,中际旭创,8,117198.0,10jqka,post_close,2026-05-12 15:00:00,2026-05-06,5,5,29.0,21.0,ok,2026-05-12,961.0,1017.99,1022.9,960.0,345421.0,8.28,16.01,18.72,0.922,1.31,11.19,15.08,19.62,-0.48,0.078,False,False,0.0
2026-05-12,600276,恒瑞医药,9,105125.0,10jqka,post_close,2026-05-12 15:00:00,2026-05-12,1,1,,,ok,2026-05-12,53.33,55.91,58.67,52.55,2465400.0,4.86,4.54,3.77,0.549,3.22,3.95,2.8,1.01,-6.74,0.451,False,False,0.0
2026-05-12,002342,巨力索具,10,100183.0,10jqka,post_close,2026-05-12 15:00:00,2026-05-06,5,5,21.0,11.0,ok,2026-05-12,21.83,20.4,21.95,20.05,2287060.0,-7.98,-7.78,2.98,0.184,0.88,-4.59,1.21,5.58,-15.0,0.063,False,False,0.0
2026-05-12,600522,中天科技,11,95682.0,10jqka,post_close,2026-05-12 15:00:00,2026-05-06,5,5,5.0,-6.0,ok,2026-05-12,44.0,44.08,46.18,43.25,4281311.0,0.5,14.85,33.09,0.283,1.46,9.05,18.02,30.34,-4.55,0.717,False,False,0.0
2026-05-12,600726,华电能源,12,95076.0,10jqka,post_close,2026-05-12 15:00:00,2026-05-06,5,5,43.0,31.0,ok,2026-05-12,7.72,7.7,8.0,7.1,4149437.0,-1.28,1.18,16.84,0.667,0.94,2.56,9.33,30.39,-6.21,0.311,False,False,0.0
2026-05-12,000592,平潭发展,13,92125.0,10jqka,post_close,2026-05-12 15:00:00,2026-05-07,4,4,46.0,33.0,ok,2026-05-12,11.7,11.98,12.29,11.54,3346780.0,1.01,5.64,11.34,0.587,1.51,4.12,7.59,7.27,-9.24,0.413,False,False,0.0
2026-05-12,300395,菲利华,14,91599.0,10jqka,post_close,2026-05-12 15:00:00,2026-05-12,1,1,,,ok,2026-05-12,135.8,148.16,150.5,130.78,744988.0,12.71,15.28,35.95,0.881,1.68,13.49,23.76,28.89,-1.55,0.119,True,False,0.0
2026-05-12,002709,天赐材料,15,84497.0,10jqka,post_close,2026-05-12 15:00:00,2026-05-06,5,5,58.0,43.0,ok,2026-05-12,59.24,58.59,59.8,56.05,1391916.0,-1.63,-6.7,-3.17,0.677,0.86,-3.43,0.18,9.06,-9.83,0.149,False,False,0.0
2026-05-12,603538,美诺华,16,82650.0,10jqka,post_close,2026-05-12 15:00:00,2026-05-06,5,5,6.0,-10.0,ok,2026-05-12,56.02,54.01,56.5,52.11,605760.0,-5.79,-12.39,-13.53,0.433,0.96,-11.51,-11.03,-4.38,-23.27,0.109,False,False,0.0
2026-05-12,002565,顺灏股份,17,81469.0,10jqka,post_close,2026-05-12 15:00:00,2026-05-06,5,5,17.0,0.0,ok,2026-05-12,21.48,19.95,21.73,19.75,1973902.0,-8.44,0.45,4.89,0.101,1.0,-1.67,1.68,3.56,-13.22,0.126,False,False,0.0
2026-05-12,600172,黄河旋风,18,80528.0,10jqka,post_close,2026-05-12 15:00:00,2026-05-12,1,1,,,ok,2026-05-12,10.33,10.76,10.76,9.9,3584330.0,10.02,21.72,27.64,1.0,3.46,14.37,21.69,22.99,-7.16,0.0,True,False,0.0
2026-05-12,301217,铜冠铜箔,19,76613.0,10jqka,post_close,2026-05-12 15:00:00,2026-05-06,2,1,52.0,33.0,ok,2026-05-12,87.1,94.51,96.0,84.08,617971.0,8.51,8.88,20.64,0.875,1.05,6.07,25.63,54.85,-1.55,0.125,False,False,0.0
2026-05-12,002812,恩捷股份,20,73533.0,10jqka,post_close,2026-05-12 15:00:00,2026-05-12,1,1,,,ok,2026-05-12,81.5,83.42,83.8,78.23,464865.0,1.99,-2.22,0.57,0.932,1.0,-0.53,1.32,8.74,-4.89,0.068,False,False,0.0
2026-05-12,600330,天通股份,21,73236.0,10jqka,post_close,2026-05-12 15:00:00,2026-05-06,5,5,51.0,30.0,ok,2026-05-12,33.97,32.66,34.0,31.03,2437124.0,1.81,16.73,17.1,0.549,1.08,9.68,15.75,30.23,-3.94,0.01,False,False,0.0
2026-05-12,600667,太极实业,22,72762.0,10jqka,post_close,2026-05-12 15:00:00,2026-05-12,1,1,,,ok,2026-05-12,11.21,12.27,12.27,11.06,3267916.0,10.04,13.19,27.95,1.0,2.02,11.28,18.61,21.07,0.0,0.0,True,False,0.0
2026-05-12,601991,大唐发电,23,70480.0,10jqka,post_close,2026-05-12 15:00:00,2026-05-06,5,5,7.0,-16.0,ok,2026-05-12,6.68,6.7,6.7,6.4,6831487.0,10.02,32.94,61.06,1.0,1.45,19.86,37.97,52.01,0.0,0.0,True,False,0.0
2026-05-12,000547,航天发展,24,65661.0,10jqka,post_close,2026-05-12 15:00:00,2026-05-08,3,3,4.0,-20.0,ok,2026-05-12,28.83,27.66,29.0,27.64,2223229.0,-3.99,10.29,12.53,0.015,1.19,3.14,7.26,4.34,-20.15,0.125,False,False,0.0
2026-05-12,600736,苏州高新,25,64853.0,10jqka,post_close,2026-05-12 15:00:00,2026-05-07,4,4,61.0,36.0,ok,2026-05-12,9.6,9.96,10.2,9.25,1909524.0,0.5,3.21,22.21,0.747,0.9,3.43,12.33,28.71,-6.13,0.253,False,False,0.0
2026-05-12,600105,永鼎股份,26,64334.0,10jqka,post_close,2026-05-12 15:00:00,2026-05-07,4,4,49.0,23.0,ok,2026-05-12,51.63,52.32,55.99,51.6,1917080.0,1.79,10.1,23.37,0.164,1.08,6.84,10.62,18.57,-6.55,0.836,False,False,0.0
2026-05-12,601179,中国西电,27,64100.0,10jqka,post_close,2026-05-12 15:00:00,2026-05-08,3,3,67.0,40.0,ok,2026-05-12,18.1,19.2,19.41,17.77,4524247.0,6.08,9.71,13.48,0.872,2.18,7.36,9.83,10.56,-7.02,0.128,False,False,0.0
2026-05-12,002384,东山精密,28,62680.0,10jqka,post_close,2026-05-12 15:00:00,2026-05-06,5,5,40.0,12.0,ok,2026-05-12,223.57,219.46,230.0,213.51,914307.0,0.53,3.97,17.53,0.361,1.02,4.3,10.75,22.78,-4.58,0.39,False,False,0.0
2026-05-12,600111,北方稀土,29,62203.0,10jqka,post_close,2026-05-12 15:00:00,2026-05-06,5,5,23.0,-6.0,ok,2026-05-12,57.9,54.44,57.95,54.03,2288697.0,-5.89,-1.57,2.64,0.105,1.07,-2.04,4.24,6.36,-14.36,0.013,False,False,0.0
2026-05-12,002281,光迅科技,30,60594.0,10jqka,post_close,2026-05-12 15:00:00,2026-05-06,5,5,3.0,-27.0,ok,2026-05-12,200.0,201.5,208.8,194.8,852771.0,1.36,22.65,39.66,0.479,1.12,12.43,28.06,47.42,-3.5,0.521,False,False,0.0
2026-05-12,002716,湖南白银,31,66285.0,10jqka,intraday_1430,2026-05-12 14:30:00,2026-05-12,1,1,,,missing_price_file,,,,,,,,,,,,,,,,,,,
2026-05-12,300133,华策影视,31,59794.0,10jqka,post_close,2026-05-12 15:00:00,2026-05-12,1,1,,,ok,2026-05-12,8.95,10.07,10.33,8.94,4456469.0,14.43,5.67,15.22,0.813,2.3,6.76,10.34,19.9,-12.05,0.187,True,False,0.0
2026-05-12,002217,合力泰,32,59176.0,10jqka,post_close,2026-05-12 15:00:00,2026-05-06,5,5,13.0,-19.0,ok,2026-05-12,3.58,3.47,3.64,3.45,9476119.0,-2.8,-0.86,20.07,0.105,0.97,1.17,9.33,18.77,-7.71,0.316,False,False,0.0
2026-05-12,600584,长电科技,33,57540.0,10jqka,post_close,2026-05-12 15:00:00,2026-05-06,4,2,15.0,-18.0,ok,2026-05-12,56.76,55.24,56.99,54.6,2243986.0,-1.06,13.29,21.25,0.268,1.57,6.73,13.89,19.44,-3.07,0.096,False,False,0.0
2026-05-12,600379,宝光股份,34,57015.0,10jqka,post_close,2026-05-12 15:00:00,2026-05-06,5,5,56.0,22.0,ok,2026-05-12,18.31,17.19,19.2,16.64,867835.0,-6.73,-3.7,2.44,0.215,1.24,-3.08,7.39,22.18,-15.36,0.348,False,False,0.0
2026-05-12,601138,工业富联,35,55775.0,10jqka,post_close,2026-05-12 15:00:00,2026-05-06,5,5,19.0,-16.0,ok,2026-05-12,65.87,64.4,65.9,63.23,2135259.0,-2.2,0.34,2.42,0.438,0.89,0.38,-0.98,2.44,-6.8,0.011,False,False,0.0
2026-05-12,002202,金风科技,36,55489.0,10jqka,post_close,2026-05-12 15:00:00,2026-05-06,5,5,38.0,2.0,ok,2026-05-12,28.06,27.27,28.07,27.01,1946375.0,-3.16,-4.18,-1.02,0.245,0.7,-2.83,0.58,3.95,-18.11,0.009,False,False,0.0
2026-05-12,600487,亨通光电,37,54925.0,10jqka,post_close,2026-05-12 15:00:00,2026-05-06,5,5,18.0,-19.0,ok,2026-05-12,75.5,75.1,78.5,74.66,1770023.0,0.15,-1.13,14.31,0.115,0.94,0.1,4.68,15.85,-6.01,0.781,False,False,0.0
2026-05-12,601208,东材科技,38,54528.0,10jqka,post_close,2026-05-12 15:00:00,2026-05-07,2,1,57.0,19.0,ok,2026-05-12,46.5,47.25,47.8,44.29,980235.0,3.17,4.63,20.72,0.843,1.01,4.83,15.52,24.72,-1.15,0.157,False,False,0.0
2026-05-12,600186,莲花控股,39,54424.0,10jqka,post_close,2026-05-12 15:00:00,2026-05-06,5,5,25.0,-14.0,ok,2026-05-12,10.15,9.99,10.21,9.81,2231384.0,-3.01,-10.24,-6.81,0.45,0.59,-6.32,-3.18,9.14,-13.51,0.15,False,False,0.0
2026-05-12,002297,博云新材,40,53323.0,10jqka,post_close,2026-05-12 15:00:00,2026-05-06,5,5,48.0,8.0,ok,2026-05-12,24.78,24.1,25.11,23.3,1304869.0,-4.17,-2.63,-1.63,0.442,0.73,-2.6,1.76,19.73,-9.57,0.182,False,False,0.0
2026-05-12,300136,信维通信,41,53317.0,10jqka,post_close,2026-05-12 15:00:00,2026-05-06,5,5,27.0,-14.0,ok,2026-05-12,117.6,109.25,118.12,107.45,1160880.0,-5.43,7.53,19.73,0.169,1.07,4.08,13.96,29.66,-7.51,0.049,False,False,0.0
2026-05-12,000988,华工科技,42,52195.0,10jqka,post_close,2026-05-12 15:00:00,2026-05-06,5,5,22.0,-20.0,ok,2026-05-12,146.98,144.16,150.5,144.0,990431.0,-2.3,7.99,20.61,0.025,0.95,4.9,13.03,17.77,-4.21,0.542,False,False,0.0
2026-05-12,603459,红板科技,43,52104.0,10jqka,post_close,2026-05-12 15:00:00,2026-05-11,2,2,71.0,28.0,ok,2026-05-12,98.08,93.2,98.08,89.03,447087.0,4.53,26.49,50.98,0.461,2.3,15.33,30.5,38.46,-4.98,0.0,False,False,0.0
2026-05-12,601606,长城军工,44,51909.0,10jqka,post_close,2026-05-12 15:00:00,2026-05-12,1,1,,,ok,2026-05-12,38.53,40.88,42.08,37.74,427338.0,5.77,5.39,8.67,0.724,3.12,4.68,6.58,4.44,-18.24,0.276,False,False,0.0
2026-05-12,300604,长川科技,45,7435.0,10jqka,intraday_0950,2026-05-12 09:50:00,2026-05-12,1,1,,,ok,2026-05-12,186.0,217.8,218.41,183.98,441996.0,19.66,,,0.982,,0.0,0.0,0.0,-0.28,0.018,True,False,0.0
2026-05-12,002080,中材科技,45,51840.0,10jqka,post_close,2026-05-12 15:00:00,2026-05-12,1,1,,,ok,2026-05-12,63.06,65.99,66.76,60.6,610311.0,4.61,4.45,19.61,0.875,1.27,4.63,12.73,21.72,-1.15,0.125,False,False,0.0
2026-05-12,601016,节能风电,46,51622.0,10jqka,post_close,2026-05-12 15:00:00,2026-05-06,5,5,12.0,-34.0,ok,2026-05-12,5.03,5.12,5.35,4.85,8406166.0,0.0,2.61,20.19,0.54,1.17,3.14,7.79,15.64,-10.65,0.46,False,False,0.0
2026-05-12,600176,中国巨石,47,51505.0,10jqka,post_close,2026-05-12 15:00:00,2026-05-06,3,1,89.0,42.0,ok,2026-05-12,37.71,37.63,37.82,35.83,1361856.0,-0.5,-0.29,9.07,0.905,0.9,0.08,4.83,10.87,-5.19,0.055,False,False,0.0
2026-05-12,002149,西部材料,48,50112.0,10jqka,post_close,2026-05-12 15:00:00,2026-05-06,5,5,57.0,9.0,ok,2026-05-12,75.46,74.34,78.87,72.55,831682.0,-1.46,1.18,17.05,0.283,0.95,1.68,12.78,22.63,-5.74,0.54,False,False,0.0
2026-05-12,000981,山子高科,49,50059.0,10jqka,post_close,2026-05-12 15:00:00,2026-05-12,1,1,,,ok,2026-05-12,4.01,4.27,4.32,4.01,12796156.0,8.65,6.75,11.2,0.839,3.63,6.22,9.24,6.87,-17.88,0.161,False,False,0.0
2026-05-12,600673,东阳光,50,6906.0,10jqka,intraday_0950,2026-05-12 09:50:00,2026-05-06,5,5,24.0,-26.0,ok,2026-05-12,38.51,37.98,39.05,37.81,349837.0,-2.67,,,0.137,,0.0,0.0,0.0,-2.74,0.435,False,False,0.0
2026-05-12,600703,三安光电,50,47489.0,10jqka,post_close,2026-05-12 15:00:00,2026-05-06,5,5,52.0,2.0,ok,2026-05-12,16.11,16.72,17.0,15.95,4031943.0,4.24,10.44,22.31,0.733,1.43,7.37,11.99,18.92,-10.92,0.267,False,False,0.0
2026-05-12,600089,特变电工,51,47374.0,10jqka,post_close,2026-05-12 15:00:00,2026-05-12,1,1,,,ok,2026-05-12,27.98,28.94,29.29,27.8,3528509.0,3.43,4.1,7.9,0.765,1.9,3.58,5.59,5.3,-13.04,0.235,False,False,0.0
2026-05-12,002222,福晶科技,52,47206.0,10jqka,post_close,2026-05-12 15:00:00,2026-05-08,2,1,59.0,7.0,ok,2026-05-12,110.94,113.36,117.55,104.28,681292.0,4.3,15.2,30.57,0.684,1.36,8.72,18.34,22.49,-3.56,0.316,False,False,0.0
2026-05-12,603993,洛阳钼业,53,53631.0,10jqka,intraday_1430,2026-05-12 14:30:00,2026-05-12,1,1,,,missing_price_file,,,,,,,,,,,,,,,,,,,
2026-05-12,301531,春光集团,53,44725.0,10jqka,post_close,2026-05-12 15:00:00,2026-05-11,2,2,20.0,-33.0,ok,2026-05-12,101.0,114.57,122.22,93.6,352276.0,17.51,,,0.733,0.9,8.05,8.05,8.05,-6.26,0.267,True,False,0.0
2026-05-12,002015,协鑫能科,54,44688.0,10jqka,post_close,2026-05-12 15:00:00,2026-05-06,4,2,99.0,45.0,ok,2026-05-12,20.6,21.26,21.7,19.78,2428980.0,4.83,3.25,19.77,0.771,1.41,4.17,8.93,11.58,-7.53,0.229,False,False,0.0
2026-05-12,688981,中芯国际,55,6669.0,10jqka,intraday_0950,2026-05-12 09:50:00,2026-05-12,1,1,,,missing_price_file,,,,,,,,,,,,,,,,,,,
2026-05-12,002156,通富微电,55,44504.0,10jqka,post_close,2026-05-12 15:00:00,2026-05-06,5,5,26.0,-29.0,ok,2026-05-12,61.22,59.48,61.28,59.0,1379593.0,-2.84,0.68,14.89,0.211,0.87,1.19,9.13,16.89,-4.42,0.026,False,False,0.0
2026-05-12,002261,拓维信息,56,6579.0,10jqka,intraday_0950,2026-05-12 09:50:00,2026-05-08,3,3,100.0,44.0,ok,2026-05-12,35.18,34.27,35.18,34.1,309427.0,-2.7,,,0.157,,0.0,0.0,0.0,-2.59,0.0,False,False,0.0
2026-05-12,688256,寒武纪,56,43760.0,10jqka,post_close,2026-05-12 15:00:00,2026-05-06,5,5,74.0,18.0,ok,2026-05-12,1199.99,1277.87,1293.33,1189.81,20958058.0,6.49,2.01,12.1,0.851,1.15,4.11,16.55,30.07,-3.08,0.149,False,False,0.0
2026-05-12,605006,山东玻纤,57,52581.0,10jqka,intraday_1430,2026-05-12 14:30:00,2026-05-08,3,3,86.0,29.0,ok,2026-05-12,16.04,16.36,16.36,15.92,175034.0,10.02,,,1.0,,0.0,0.0,0.0,0.0,0.0,True,False,0.0
2026-05-12,300058,蓝色光标,57,42834.0,10jqka,post_close,2026-05-12 15:00:00,2026-05-06,4,3,35.0,-22.0,ok,2026-05-12,18.62,18.21,18.88,18.01,4451271.0,-3.8,-5.65,6.37,0.23,0.79,-2.29,1.7,1.86,-17.08,0.299,False,False,0.0
2026-05-12,600869,远东股份,58,52485.0,10jqka,intraday_1430,2026-05-12 14:30:00,2026-05-12,1,1,,,ok,2026-05-12,21.46,22.9,22.9,21.31,615739.0,9.99,,,1.0,,0.0,0.0,0.0,0.0,0.0,True,False,0.0
2026-05-12,603629,利通电子,58,41656.0,10jqka,post_close,2026-05-12 15:00:00,2026-05-06,5,5,34.0,-24.0,ok,2026-05-12,162.82,157.01,169.33,154.9,335517.0,-3.57,-0.8,8.73,0.146,0.84,-2.42,10.76,32.77,-9.55,0.451,False,False,0.0
2026-05-12,601868,中国能建,59,41224.0,10jqka,post_close,2026-05-12 15:00:00,2026-05-07,4,4,50.0,-9.0,ok,2026-05-12,3.25,3.32,3.39,3.16,14728004.0,2.15,6.41,17.31,0.696,1.22,5.4,10.85,12.43,-15.74,0.304,False,False,0.0
2026-05-12,600076,康欣新材,60,6514.0,10jqka,intraday_0950,2026-05-12 09:50:00,2026-05-12,1,1,,,missing_price_file,,,,,,,,,,,,,,,,,,,
2026-05-12,601609,金田股份,60,51607.0,10jqka,intraday_1430,2026-05-12 14:30:00,2026-05-12,1,1,,,missing_price_file,,,,,,,,,,,,,,,,,,,
2026-05-12,603399,永杉锂业,60,40306.0,10jqka,post_close,2026-05-12 15:00:00,2026-05-06,5,5,66.0,6.0,ok,2026-05-12,24.77,24.08,25.09,23.07,1095956.0,-1.95,6.64,24.19,0.5,1.19,3.31,21.3,47.76,-5.64,0.158,False,False,0.0
2026-05-12,002498,汉缆股份,61,49124.0,10jqka,intraday_1430,2026-05-12 14:30:00,2026-05-07,2,1,81.0,20.0,missing_price_file,,,,,,,,,,,,,,,,,,,
2026-05-12,603407,长裕集团,61,39983.0,10jqka,post_close,2026-05-12 15:00:00,2026-05-11,2,2,16.0,-45.0,ok,2026-05-12,80.0,88.92,99.0,76.06,261928.0,-3.18,,,0.561,0.88,-1.62,-1.62,-1.62,-19.37,0.439,False,False,0.0
2026-05-12,000062,深圳华强,62,39913.0,10jqka,post_close,2026-05-12 15:00:00,2026-05-06,5,5,60.0,-2.0,ok,2026-05-12,39.5,37.39,39.5,37.0,1140098.0,-4.35,-0.19,1.27,0.156,1.07,0.32,1.9,12.81,-6.83,0.0,False,False,0.0
2026-05-12,002181,粤传媒,63,48631.0,10jqka,intraday_1430,2026-05-12 14:30:00,2026-05-06,5,5,48.0,-15.0,ok,2026-05-12,18.35,18.89,19.2,18.11,995421.0,2.94,,,0.716,,0.0,0.0,0.0,-1.61,0.284,False,False,0.0
2026-05-12,002407,多氟多,63,38841.0,10jqka,post_close,2026-05-12 15:00:00,2026-05-06,4,1,39.0,-24.0,ok,2026-05-12,35.3,34.13,35.86,33.61,1276510.0,-3.29,-8.62,-5.51,0.231,0.78,-4.93,-3.05,4.67,-12.06,0.249,False,False,0.0
2026-05-12,002463,沪电股份,64,6339.0,10jqka,intraday_0950,2026-05-12 09:50:00,2026-05-07,2,1,94.0,30.0,ok,2026-05-12,110.16,107.48,110.5,106.65,153095.0,-1.1,,,0.216,,0.0,0.0,0.0,-2.73,0.088,False,False,0.0
2026-05-12,001896,豫能控股,64,38248.0,10jqka,post_close,2026-05-12 15:00:00,2026-05-06,4,3,95.0,31.0,ok,2026-05-12,16.81,16.98,17.46,15.73,1987978.0,1.01,1.31,11.42,0.723,1.29,1.85,3.28,3.17,-9.92,0.277,False,False,0.0
2026-05-12,300502,新易盛,65,38244.0,10jqka,post_close,2026-05-12 15:00:00,2026-05-06,5,5,93.0,28.0,ok,2026-05-12,575.0,592.52,599.75,570.91,524973.0,5.11,5.15,12.69,0.749,1.23,6.04,8.37,7.35,-5.62,0.251,False,False,0.0
2026-05-12,002050,三花智控,66,38234.0,10jqka,post_close,2026-05-12 15:00:00,2026-05-06,5,5,65.0,-1.0,ok,2026-05-12,51.45,50.92,52.1,50.45,1325642.0,-0.57,1.19,8.53,0.285,0.68,0.91,6.29,9.08,-7.45,0.394,False,False,0.0
2026-05-12,603936,博敏电子,67,6256.0,10jqka,intraday_0950,2026-05-12 09:50:00,2026-05-12,1,1,,,missing_price_file,,,,,,,,,,,,,,,,,,,
2026-05-12,002552,宝鼎科技,67,38124.0,10jqka,post_close,2026-05-12 15:00:00,2026-05-12,1,1,,,ok,2026-05-12,31.62,33.46,33.46,30.3,540779.0,9.99,33.09,51.61,1.0,3.0,19.91,34.7,47.28,0.0,0.0,True,False,0.0
2026-05-12,000636,风华高科,68,6244.0,10jqka,intraday_0950,2026-05-12 09:50:00,2026-05-12,1,1,,,ok,2026-05-12,28.97,28.8,29.53,28.03,533650.0,1.19,,,0.513,,0.0,0.0,0.0,-2.47,0.373,False,False,0.0
2026-05-12,300903,科翔股份,68,37718.0,10jqka,post_close,2026-05-12 15:00:00,2026-05-12,1,1,,,ok,2026-05-12,61.43,69.22,72.84,59.03,621149.0,14.04,17.84,39.36,0.738,1.67,15.86,31.26,51.61,-4.97,0.262,True,False,0.0
2026-05-12,600184,光电股份,69,46072.0,10jqka,intraday_1430,2026-05-12 14:30:00,2026-05-12,1,1,,,ok,2026-05-12,29.99,28.34,29.99,27.83,376871.0,3.89,,,0.236,,0.0,0.0,0.0,-5.5,0.0,False,False,0.0
2026-05-12,603278,大业股份,69,37287.0,10jqka,post_close,2026-05-12 15:00:00,2026-05-11,2,2,28.0,-41.0,ok,2026-05-12,14.9,15.78,16.21,14.28,971085.0,2.8,16.46,40.89,0.777,1.87,9.72,20.87,26.89,-3.78,0.223,False,False,0.0
2026-05-12,603601,再升科技,70,36417.0,10jqka,post_close,2026-05-12 15:00:00,2026-05-06,5,5,70.0,0.0,ok,2026-05-12,17.95,16.87,17.99,16.66,1986380.0,-5.75,-2.6,6.44,0.158,0.77,-2.73,4.04,8.73,-10.03,0.03,False,False,0.0
2026-05-12,601899,紫金矿业,71,36403.0,10jqka,post_close,2026-05-12 15:00:00,2026-05-06,5,5,91.0,20.0,ok,2026-05-12,34.96,34.58,35.33,34.5,4169460.0,0.9,0.35,3.84,0.096,1.32,0.34,1.53,0.5,-15.45,0.446,False,False,0.0
2026-05-12,002640,跨境通,72,6133.0,10jqka,intraday_0950,2026-05-12 09:50:00,2026-05-12,1,1,,,ok,2026-05-12,4.6,4.36,4.61,4.32,1093887.0,-3.96,,,0.138,,0.0,0.0,0.0,-5.42,0.034,False,False,0.0
2026-05-12,600745,*ST闻泰,72,45299.0,10jqka,intraday_1430,2026-05-12 14:30:00,2026-05-06,5,5,29.0,-43.0,ok,2026-05-12,21.76,21.76,21.76,21.76,15945.0,-4.98,,,1.0,,0.0,0.0,0.0,0.0,,False,False,0.0
2026-05-12,600601,方正科技,72,36309.0,10jqka,post_close,2026-05-12 15:00:00,2026-05-12,1,1,,,ok,2026-05-12,13.85,14.31,14.66,13.85,7247675.0,7.35,18.66,22.62,0.568,3.09,12.36,17.07,23.47,-2.39,0.432,False,False,0.0
2026-05-12,002030,达安基因,73,36012.0,10jqka,post_close,2026-05-12 15:00:00,2026-05-11,2,2,84.0,11.0,ok,2026-05-12,7.15,6.88,7.79,6.87,2455336.0,-5.75,13.91,19.03,0.011,3.83,4.37,11.24,13.8,-11.68,0.696,False,False,0.0
2026-05-12,000938,紫光股份,74,6104.0,10jqka,intraday_0950,2026-05-12 09:50:00,2026-05-08,3,3,72.0,-2.0,ok,2026-05-12,32.19,31.55,32.3,30.95,565880.0,-0.44,,,0.444,,0.0,0.0,0.0,-2.32,0.081,False,False,0.0
2026-05-12,603738,泰晶科技,74,35645.0,10jqka,post_close,2026-05-12 15:00:00,2026-05-07,3,2,79.0,5.0,ok,2026-05-12,51.0,54.28,54.99,49.25,777181.0,4.97,27.0,41.65,0.876,2.3,15.69,26.92,48.15,-1.29,0.124,False,False,0.0
2026-05-12,601727,上海电气,75,43699.0,10jqka,intraday_1430,2026-05-12 14:30:00,2026-05-11,2,2,50.0,-25.0,missing_price_file,,,,,,,,,,,,,,,,,,,
2026-05-12,000070,特发信息,75,35224.0,10jqka,post_close,2026-05-12 15:00:00,2026-05-07,3,1,78.0,3.0,ok,2026-05-12,21.49,21.55,21.92,20.99,1547377.0,3.11,7.16,19.19,0.602,1.31,5.73,8.46,6.8,-4.22,0.398,False,False,0.0
2026-05-12,603773,沃格光电,76,43690.0,10jqka,intraday_1430,2026-05-12 14:30:00,2026-05-06,3,2,87.0,11.0,missing_price_file,,,,,,,,,,,,,,,,,,,
2026-05-12,002185,华天科技,76,35191.0,10jqka,post_close,2026-05-12 15:00:00,2026-05-06,4,2,14.0,-62.0,ok,2026-05-12,14.8,14.43,14.8,14.31,2235514.0,-2.1,3.52,10.07,0.245,0.93,2.38,7.41,11.02,-5.99,0.0,False,False,0.0
2026-05-12,301358,湖南裕能,77,35115.0,10jqka,post_close,2026-05-12 15:00:00,2026-05-12,1,1,,,ok,2026-05-12,99.67,100.66,100.96,95.0,366363.0,2.35,-5.06,-1.55,0.95,0.79,-1.73,1.55,10.74,-8.49,0.05,False,False,0.0
2026-05-12,000425,徐工机械,78,5803.0,10jqka,intraday_0950,2026-05-12 09:50:00,2026-05-12,1,1,,,ok,2026-05-12,10.95,10.68,11.06,10.67,647257.0,-2.64,,,0.026,,0.0,0.0,0.0,-3.44,0.282,False,False,0.0
2026-05-12,600488,津药药业,78,42981.0,10jqka,intraday_1430,2026-05-12 14:30:00,2026-05-12,1,1,,,missing_price_file,,,,,,,,,,,,,,,,,,,
2026-05-12,002475,立讯精密,78,34825.0,10jqka,post_close,2026-05-12 15:00:00,2026-05-06,5,5,36.0,-42.0,ok,2026-05-12,77.39,77.19,78.78,75.5,1980246.0,1.49,11.03,15.21,0.515,0.93,6.87,9.55,16.35,-2.02,0.424,False,False,0.0
2026-05-12,000060,中金岭南,79,42914.0,10jqka,intraday_1430,2026-05-12 14:30:00,2026-05-12,1,1,,,ok,2026-05-12,8.2,7.75,8.28,7.65,5738110.0,-8.82,,,0.159,,0.0,0.0,0.0,-6.4,0.127,False,False,0.0
2026-05-12,600545,卓郎智能,79,34778.0,10jqka,post_close,2026-05-12 15:00:00,2026-05-12,1,1,,,ok,2026-05-12,6.09,6.1,6.39,5.51,3222974.0,0.66,21.76,24.74,0.67,2.22,10.27,15.95,28.07,-4.54,0.33,False,False,0.0
2026-05-12,002179,中航光电,80,42802.0,10jqka,intraday_1430,2026-05-12 14:30:00,2026-05-11,2,2,69.0,-11.0,ok,2026-05-12,37.68,40.61,40.61,37.68,1082323.0,9.99,,,1.0,,0.0,0.0,0.0,0.0,0.0,True,False,0.0
2026-05-12,002265,建设工业,80,34550.0,10jqka,post_close,2026-05-12 15:00:00,2026-05-12,1,1,,,ok,2026-05-12,23.98,24.73,26.3,23.56,310250.0,2.78,6.87,9.86,0.427,2.47,4.2,7.58,8.4,-9.51,0.573,False,False,0.0
2026-05-12,603618,杭电股份,81,34357.0,10jqka,post_close,2026-05-12 15:00:00,2026-05-06,4,1,48.0,-33.0,ok,2026-05-12,37.5,40.45,41.03,37.3,1200177.0,8.45,18.27,43.14,0.845,1.64,11.95,23.18,39.91,-1.41,0.155,False,False,0.0
2026-05-12,300142,沃森生物,82,5622.0,10jqka,intraday_0950,2026-05-12 09:50:00,2026-05-12,1,1,,,missing_price_file,,,,,,,,,,,,,,,,,,,
2026-05-12,002536,飞龙股份,82,34161.0,10jqka,post_close,2026-05-12 15:00:00,2026-05-12,1,1,,,ok,2026-05-12,44.63,46.49,46.92,43.46,519141.0,4.47,17.99,29.57,0.876,1.14,10.56,17.87,21.34,-0.92,0.124,False,False,0.0
2026-05-12,603045,福达合金,83,34158.0,10jqka,post_close,2026-05-12 15:00:00,2026-05-12,1,1,,,ok,2026-05-12,75.19,73.61,75.19,69.8,330308.0,7.7,30.31,57.69,0.707,10.55,17.99,41.75,69.38,-2.1,0.0,False,False,0.0
2026-05-12,688008,澜起科技,84,41735.0,10jqka,intraday_1430,2026-05-12 14:30:00,2026-05-06,3,2,8.0,-76.0,ok,2026-05-12,231.26,247.79,252.32,230.0,1031091.0,17.84,,,0.797,,0.0,0.0,0.0,-1.8,0.203,True,False,0.0
2026-05-12,600118,中国卫星,84,33605.0,10jqka,post_close,2026-05-12 15:00:00,2026-05-06,4,3,97.0,13.0,ok,2026-05-12,115.0,111.66,115.8,111.53,603719.0,-3.83,4.06,8.62,0.03,0.82,0.35,6.36,14.78,-6.56,0.187,False,False,0.0
2026-05-12,001309,德明利,85,5600.0,10jqka,intraday_0950,2026-05-12 09:50:00,2026-05-06,5,5,55.0,-30.0,ok,2026-05-12,630.56,622.8,633.5,612.0,47311.0,-2.57,,,0.502,,0.0,0.0,0.0,-1.69,0.137,False,False,0.0
2026-05-12,000426,兴业银锡,85,41146.0,10jqka,intraday_1430,2026-05-12 14:30:00,2026-05-12,1,1,,,ok,2026-05-12,52.11,50.9,52.69,50.54,1131666.0,3.27,,,0.167,,0.0,0.0,0.0,-3.4,0.27,False,False,0.0
2026-05-12,000858,五粮液,85,32819.0,10jqka,post_close,2026-05-12 15:00:00,2026-05-06,4,2,78.0,-7.0,ok,2026-05-12,91.8,90.56,91.93,90.5,372974.0,-1.36,-2.2,-6.72,0.042,0.85,-1.43,-5.32,-8.4,-18.08,0.091,False,False,0.0
2026-05-12,600589,大位科技,86,41090.0,10jqka,intraday_1430,2026-05-12 14:30:00,2026-05-06,4,3,42.0,-44.0,ok,2026-05-12,12.91,12.57,12.99,12.41,2266260.0,-3.46,,,0.276,,0.0,0.0,0.0,-3.23,0.138,False,False,0.0
2026-05-12,601778,晶科科技,86,32513.0,10jqka,post_close,2026-05-12 15:00:00,2026-05-06,5,5,37.0,-49.0,ok,2026-05-12,7.38,7.1,7.45,6.96,4099202.0,-2.74,-4.31,9.23,0.286,0.73,-2.37,-0.07,6.11,-9.9,0.143,False,False,0.0
2026-05-12,600759,ST洲际,87,40852.0,10jqka,intraday_1430,2026-05-12 14:30:00,2026-05-06,5,5,51.0,-36.0,ok,2026-05-12,3.81,3.81,3.81,3.81,31534.0,-4.99,,,1.0,,0.0,0.0,0.0,0.0,,False,False,0.0
2026-05-12,000890,法尔胜,87,31343.0,10jqka,post_close,2026-05-12 15:00:00,2026-05-06,3,1,66.0,-21.0,ok,2026-05-12,13.58,13.38,13.86,12.87,742262.0,0.3,-11.57,-14.56,0.515,0.84,-6.67,-12.66,-7.84,-24.02,0.283,False,False,0.0
2026-05-12,603019,中科曙光,88,5449.0,10jqka,intraday_0950,2026-05-12 09:50:00,2026-05-06,5,5,52.0,-36.0,ok,2026-05-12,99.0,97.68,99.5,97.46,221945.0,1.43,,,0.108,,0.0,0.0,0.0,-1.83,0.245,False,False,0.0
2026-05-12,000925,众合科技,88,40578.0,10jqka,intraday_1430,2026-05-12 14:30:00,2026-05-06,2,1,69.0,-19.0,missing_price_file,,,,,,,,,,,,,,,,,,,
2026-05-12,002491,通鼎互联,88,31031.0,10jqka,post_close,2026-05-12 15:00:00,2026-05-07,3,2,39.0,-49.0,ok,2026-05-12,24.5,25.0,25.0,23.31,1280051.0,9.99,33.12,58.23,1.0,1.16,19.92,34.67,45.97,0.0,0.0,True,False,0.0
2026-05-12,002115,三维通信,89,40371.0,10jqka,intraday_1430,2026-05-12 14:30:00,2026-05-07,2,1,58.0,-31.0,ok,2026-05-12,14.68,14.6,14.72,14.33,531112.0,-4.7,,,0.692,,0.0,0.0,0.0,-0.82,0.103,False,False,0.0
2026-05-12,300342,天银机电,89,30763.0,10jqka,post_close,2026-05-12 15:00:00,2026-05-08,2,1,51.0,-38.0,ok,2026-05-12,65.08,62.08,65.26,60.01,652001.0,-4.61,-4.45,-9.09,0.394,0.88,-6.81,-8.72,-3.01,-17.75,0.034,False,False,0.0
2026-05-12,000815,美利云,90,5297.0,10jqka,intraday_0950,2026-05-12 09:50:00,2026-05-06,5,5,46.0,-44.0,ok,2026-05-12,21.87,21.66,22.06,21.36,256196.0,-0.82,,,0.429,,0.0,0.0,0.0,-1.81,0.271,False,False,0.0
2026-05-12,300390,天华新能,90,39547.0,10jqka,intraday_1430,2026-05-12 14:30:00,2026-05-07,3,1,41.0,-49.0,ok,2026-05-12,110.0,103.24,117.6,102.9,868421.0,-7.06,,,0.023,,0.0,0.0,0.0,-12.21,0.517,False,False,0.0
2026-05-12,002466,天齐锂业,90,30731.0,10jqka,post_close,2026-05-12 15:00:00,2026-05-06,4,1,58.0,-32.0,ok,2026-05-12,77.86,74.75,77.99,73.6,868375.0,-3.39,-5.45,-6.6,0.262,0.78,-3.91,-2.21,5.23,-9.38,0.03,False,False,0.0
2026-05-12,002929,润建股份,91,30475.0,10jqka,post_close,2026-05-12 15:00:00,2026-05-07,2,1,86.0,-5.0,ok,2026-05-12,77.4,79.8,81.5,75.88,362258.0,2.77,12.2,33.71,0.698,1.3,7.42,22.3,29.16,-2.09,0.302,False,False,0.0
2026-05-12,603986,兆易创新,92,39366.0,10jqka,intraday_1430,2026-05-12 14:30:00,2026-05-06,5,5,13.0,-79.0,ok,2026-05-12,341.0,335.04,343.3,331.8,410753.0,-4.32,,,0.282,,0.0,0.0,0.0,-2.41,0.2,False,False,0.0
2026-05-12,002008,大族激光,92,30187.0,10jqka,post_close,2026-05-12 15:00:00,2026-05-07,4,4,24.0,-68.0,ok,2026-05-12,134.0,134.46,139.62,128.08,664624.0,0.29,19.83,33.76,0.553,1.14,11.2,20.05,35.42,-3.7,0.447,False,False,0.0
2026-05-12,603667,五洲新春,93,39118.0,10jqka,intraday_1430,2026-05-12 14:30:00,2026-05-08,2,1,13.0,-80.0,ok,2026-05-12,78.8,79.65,83.0,78.01,423971.0,0.59,,,0.329,,0.0,0.0,0.0,-4.04,0.671,False,False,0.0
2026-05-12,600198,大唐电信,93,30177.0,10jqka,post_close,2026-05-12 15:00:00,2026-05-12,1,1,,,ok,2026-05-12,10.09,10.1,10.69,9.98,2102738.0,3.91,16.23,20.24,0.169,5.67,10.0,15.95,18.08,-5.52,0.831,False,False,0.0
2026-05-12,300265,通光线缆,94,39092.0,10jqka,intraday_1430,2026-05-12 14:30:00,2026-05-12,1,1,,,missing_price_file,,,,,,,,,,,,,,,,,,,
2026-05-12,600879,航天电子,94,29845.0,10jqka,post_close,2026-05-12 15:00:00,2026-05-08,3,3,89.0,-5.0,ok,2026-05-12,26.78,26.02,26.78,25.81,1741371.0,-2.84,2.81,8.55,0.216,0.79,0.13,5.63,7.83,-6.57,0.0,False,False,0.0
2026-05-12,600821,金开新能,95,29695.0,10jqka,post_close,2026-05-12 15:00:00,2026-05-06,3,1,85.0,-10.0,ok,2026-05-12,8.8,9.0,9.17,8.5,2692538.0,2.04,1.69,15.38,0.746,1.11,2.2,4.3,2.96,-26.23,0.254,False,False,0.0
2026-05-12,002309,中利集团,96,29353.0,10jqka,post_close,2026-05-12 15:00:00,2026-05-06,2,1,96.0,0.0,ok,2026-05-12,4.57,4.68,4.73,4.48,4727501.0,2.63,0.21,9.09,0.8,1.28,1.21,5.1,7.61,-13.81,0.2,False,False,0.0
2026-05-12,301308,江波龙,97,38240.0,10jqka,intraday_1430,2026-05-12 14:30:00,2026-05-06,4,2,19.0,-78.0,ok,2026-05-12,547.17,558.77,572.16,537.47,210381.0,0.38,,,0.614,,0.0,0.0,0.0,-2.34,0.386,False,False,0.0
2026-05-12,600206,有研新材,97,29203.0,10jqka,post_close,2026-05-12 15:00:00,2026-05-11,2,2,62.0,-35.0,ok,2026-05-12,32.87,31.92,32.87,30.49,961029.0,-2.89,8.83,16.62,0.601,0.91,4.59,11.32,21.64,-4.55,0.0,False,False,0.0
2026-05-12,300302,同有科技,98,4976.0,10jqka,intraday_0950,2026-05-12 09:50:00,2026-05-12,1,1,,,missing_price_file,,,,,,,,,,,,,,,,,,,
2026-05-12,000720,新能泰山,98,38218.0,10jqka,intraday_1430,2026-05-12 14:30:00,2026-05-08,2,1,61.0,-37.0,ok,2026-05-12,5.43,5.69,5.69,5.3,3011078.0,10.06,,,1.0,,0.0,0.0,0.0,0.0,0.0,True,False,0.0
2026-05-12,600498,烽火通信,98,29167.0,10jqka,post_close,2026-05-12 15:00:00,2026-05-08,3,3,75.0,-23.0,ok,2026-05-12,58.61,59.01,60.23,57.86,1311401.0,0.68,13.87,26.41,0.485,0.92,7.28,11.47,12.79,-4.48,0.515,False,False,0.0
2026-05-12,300476,胜宏科技,99,29152.0,10jqka,post_close,2026-05-12 15:00:00,2026-05-07,4,4,69.0,-30.0,ok,2026-05-12,377.87,375.43,384.79,368.88,475037.0,-0.74,11.05,14.29,0.412,0.92,5.68,10.92,14.62,-2.43,0.435,False,False,0.0
2026-05-12,000791,甘肃能源,100,4918.0,10jqka,intraday_0950,2026-05-12 09:50:00,2026-05-12,1,1,,,ok,2026-05-12,10.14,10.12,10.36,9.61,864298.0,0.0,,,0.68,,0.0,0.0,0.0,-2.32,0.293,False,False,0.0
2026-05-12,002108,沧州明珠,100,37316.0,10jqka,intraday_1430,2026-05-12 14:30:00,2026-05-12,1,1,,,ok,2026-05-12,6.43,6.2,6.43,6.13,1046747.0,-3.73,,,0.233,,0.0,0.0,0.0,-3.58,0.0,False,False,0.0
2026-05-12,601869,长飞光纤,100,28756.0,10jqka,post_close,2026-05-12 15:00:00,2026-05-07,3,1,25.0,-75.0,ok,2026-05-12,406.05,411.46,430.0,406.0,178592.0,2.79,5.72,16.26,0.227,0.92,5.0,8.2,8.6,-4.31,0.773,False,False,0.0
2026-05-13,601991,大唐发电,1,52855.0,10jqka,post_close,2026-05-13 15:00:00,2026-05-06,6,6,23.0,22.0,ok,2026-05-13,7.14,7.37,7.37,7.08,2435885.0,10.0,33.03,60.92,1.0,0.43,19.88,42.11,60.72,0.0,0.0,True,False,0.0
2026-05-13,601138,工业富联,2,52343.0,10jqka,post_close,2026-05-13 15:00:00,2026-05-06,6,6,35.0,33.0,ok,2026-05-13,64.1,70.84,70.84,63.86,4073570.0,10.0,11.95,12.3,1.0,1.81,7.81,7.95,11.41,0.0,0.0,True,False,0.0
2026-05-13,002081,金螳螂,3,47675.0,10jqka,post_close,2026-05-13 15:00:00,2026-05-06,6,6,1.0,-2.0,ok,2026-05-13,8.05,7.88,8.46,7.6,6453156.0,-1.25,15.88,21.42,0.326,1.33,6.34,22.93,49.97,-6.86,0.477,False,False,0.0
2026-05-13,000066,中国长城,4,40224.0,10jqka,post_close,2026-05-13 15:00:00,2026-05-06,6,6,2.0,-2.0,ok,2026-05-13,24.71,25.19,25.59,24.03,5209420.0,-0.67,9.09,15.55,0.744,1.05,4.07,17.02,35.18,-2.14,0.256,False,False,0.0
2026-05-13,600396,华电辽能,5,32605.0,10jqka,post_close,2026-05-13 15:00:00,2026-05-06,6,6,4.0,-1.0,ok,2026-05-13,15.05,16.56,16.56,15.05,1584637.0,10.03,33.12,51.79,1.0,0.56,18.74,35.84,62.98,0.0,0.0,True,False,0.0
2026-05-13,600186,莲花控股,6,30538.0,10jqka,post_close,2026-05-13 15:00:00,2026-05-06,6,6,39.0,33.0,ok,2026-05-13,9.85,10.72,10.85,9.8,3208937.0,7.31,2.1,-5.96,0.876,0.98,1.82,2.33,15.05,-7.19,0.124,False,False,0.0
2026-05-13,002580,圣阳股份,7,29495.0,10jqka,post_close,2026-05-13 15:00:00,2026-05-06,6,6,6.0,-1.0,ok,2026-05-13,33.2,34.8,35.05,30.89,1211433.0,1.84,5.78,16.86,0.94,0.95,4.79,12.17,19.62,-3.84,0.06,False,False,0.0
2026-05-13,601868,中国能建,8,28284.0,10jqka,post_close,2026-05-13 15:00:00,2026-05-07,5,5,59.0,51.0,ok,2026-05-13,3.33,3.53,3.57,3.29,18485741.0,6.33,9.63,24.3,0.857,1.3,7.36,15.43,18.18,-10.41,0.143,False,False,0.0
2026-05-13,600410,华胜天成,9,26358.0,10jqka,post_close,2026-05-13 15:00:00,2026-05-13,1,1,,,ok,2026-05-13,22.55,24.38,24.55,22.45,2336896.0,9.23,5.59,6.74,0.919,2.29,4.92,4.7,-4.59,-28.94,0.081,False,False,0.0
2026-05-13,301666,大普微,10,24960.0,10jqka,post_close,2026-05-13 15:00:00,2026-05-06,5,1,80.0,70.0,ok,2026-05-13,510.0,631.0,631.0,505.77,70008.0,19.96,25.0,66.49,1.0,0.79,21.57,54.63,88.5,0.0,0.0,True,False,0.0
2026-05-13,000925,众合科技,11,24536.0,10jqka,post_close,2026-05-13 15:00:00,2026-05-06,2,1,69.0,58.0,ok,2026-05-13,11.05,11.84,11.84,10.9,2199037.0,10.04,20.57,18.4,1.0,1.48,13.63,17.31,33.63,0.0,0.0,True,False,0.0
2026-05-13,688008,澜起科技,12,24069.0,10jqka,post_close,2026-05-13 15:00:00,2026-05-06,3,1,41.0,29.0,ok,2026-05-13,233.0,258.8,258.8,233.0,84875403.0,7.52,23.08,30.06,1.0,0.91,10.7,25.46,43.1,0.0,0.0,False,False,0.0
2026-05-13,002491,通鼎互联,13,23157.0,10jqka,post_close,2026-05-13 15:00:00,2026-05-07,4,3,88.0,75.0,ok,2026-05-13,25.01,26.95,27.45,25.01,2850998.0,7.8,30.45,57.88,0.795,2.67,18.08,36.84,51.88,-1.82,0.205,False,False,0.0
2026-05-13,002217,合力泰,14,23094.0,10jqka,post_close,2026-05-13 15:00:00,2026-05-06,6,6,32.0,18.0,ok,2026-05-13,3.44,3.54,3.64,3.3,9487783.0,2.02,3.21,11.32,0.706,0.93,1.09,8.62,19.13,-5.85,0.294,False,False,0.0
2026-05-13,600745,*ST闻泰,15,22960.0,10jqka,post_close,2026-05-13 15:00:00,2026-05-06,4,1,33.0,18.0,ok,2026-05-13,20.67,20.67,20.67,20.67,27876.0,-5.01,-14.23,-22.61,1.0,2.19,-9.97,-18.59,-26.19,-42.87,,False,False,0.0
2026-05-13,600584,长电科技,16,22831.0,10jqka,post_close,2026-05-13 15:00:00,2026-05-06,5,3,33.0,17.0,ok,2026-05-13,53.51,57.49,57.97,53.2,2182123.0,4.07,13.28,19.27,0.899,1.3,7.23,15.53,22.39,-0.83,0.101,False,False,0.0
2026-05-13,603601,再升科技,17,22224.0,10jqka,post_close,2026-05-13 15:00:00,2026-05-06,6,6,70.0,53.0,ok,2026-05-13,17.0,18.07,18.56,16.56,2581528.0,7.11,0.95,8.01,0.755,1.05,2.6,8.83,14.71,-3.63,0.245,False,False,0.0
2026-05-13,300308,中际旭创,18,21128.0,10jqka,post_close,2026-05-13 15:00:00,2026-05-06,6,6,8.0,-10.0,ok,2026-05-13,999.68,1049.2,1052.2,991.12,260005.0,3.07,18.42,22.57,0.951,0.9,9.96,16.46,21.04,-0.29,0.049,False,False,0.0
2026-05-13,001309,德明利,19,20702.0,10jqka,post_close,2026-05-13 15:00:00,2026-05-06,4,1,90.0,71.0,ok,2026-05-13,595.24,679.8,679.8,595.24,168739.0,10.0,13.73,17.76,1.0,1.04,7.86,18.0,25.73,0.0,0.0,True,False,0.0
2026-05-13,603629,利通电子,20,19958.0,10jqka,post_close,2026-05-13 15:00:00,2026-05-06,6,6,58.0,38.0,ok,2026-05-13,157.0,172.71,172.71,156.43,401762.0,10.0,3.06,8.73,1.0,1.07,5.52,16.63,40.12,-0.5,0.0,True,False,0.0
2026-05-13,600522,中天科技,21,19830.0,10jqka,post_close,2026-05-13 15:00:00,2026-05-06,6,6,11.0,-10.0,ok,2026-05-13,42.54,43.6,43.94,42.54,2852067.0,-1.09,6.6,24.96,0.757,0.85,3.41,13.57,26.35,-5.59,0.243,False,False,0.0
2026-05-13,601778,晶科科技,22,19703.0,10jqka,post_close,2026-05-13 15:00:00,2026-05-06,6,6,86.0,64.0,ok,2026-05-13,7.09,7.14,7.66,7.01,6945774.0,0.56,-3.38,-0.14,0.2,1.32,-1.79,0.54,5.07,-9.39,0.8,False,False,0.0
2026-05-13,000858,五粮液,23,19264.0,10jqka,post_close,2026-05-13 15:00:00,2026-05-06,5,3,85.0,62.0,ok,2026-05-13,90.57,89.15,90.83,88.74,467201.0,-1.56,-3.23,-3.37,0.196,1.01,-2.3,-5.59,-9.23,-19.36,0.124,False,False,0.0
2026-05-13,601016,节能风电,24,18089.0,10jqka,post_close,2026-05-13 15:00:00,2026-05-06,6,6,46.0,22.0,ok,2026-05-13,5.02,5.63,5.63,4.96,6353490.0,9.96,14.9,20.04,1.0,0.81,9.28,15.72,24.82,-1.75,0.0,True,False,0.0
2026-05-13,600172,黄河旋风,25,17870.0,10jqka,post_close,2026-05-13 15:00:00,2026-05-12,2,2,18.0,-7.0,ok,2026-05-13,10.92,11.84,11.84,10.91,3298078.0,10.04,33.18,35.01,1.0,2.19,18.14,28.75,32.75,0.0,0.0,True,False,0.0
2026-05-13,000592,平潭发展,26,17818.0,10jqka,post_close,2026-05-13 15:00:00,2026-05-07,5,5,13.0,-13.0,ok,2026-05-13,11.9,12.34,12.46,11.65,3345662.0,3.01,7.87,13.11,0.852,1.26,4.65,9.24,10.04,-6.52,0.148,False,False,0.0
2026-05-13,002297,博云新材,27,17675.0,10jqka,post_close,2026-05-13 15:00:00,2026-05-06,6,6,40.0,13.0,ok,2026-05-13,23.79,26.15,26.51,23.5,2003818.0,8.51,1.71,8.91,0.88,1.2,3.89,8.65,25.2,-1.88,0.12,False,False,0.0
2026-05-13,002810,山东赫达,28,17650.0,10jqka,post_close,2026-05-13 15:00:00,2026-05-13,1,1,,,ok,2026-05-13,28.11,25.61,29.63,25.61,235338.0,-10.01,-9.92,-7.81,0.0,1.66,-8.09,-7.57,-3.97,-13.57,0.378,False,False,0.0
2026-05-13,301308,江波龙,29,17504.0,10jqka,post_close,2026-05-13 15:00:00,2026-05-06,4,1,31.0,2.0,ok,2026-05-13,552.0,611.9,615.88,538.0,258994.0,8.95,27.48,27.12,0.949,1.02,13.59,28.4,44.3,-0.65,0.051,False,False,0.0
2026-05-13,002015,协鑫能科,30,17298.0,10jqka,post_close,2026-05-13 15:00:00,2026-05-06,5,3,54.0,24.0,ok,2026-05-13,21.5,23.39,23.39,21.5,1286333.0,10.02,14.77,19.76,1.0,0.67,10.43,17.51,20.85,0.0,0.0,True,False,0.0
2026-05-13,600759,ST洲际,31,17246.0,10jqka,post_close,2026-05-13 15:00:00,2026-05-06,4,1,47.0,16.0,ok,2026-05-13,3.44,3.44,3.44,3.44,56003.0,-4.97,-14.21,-22.52,1.0,1.01,-9.95,-20.88,-28.91,-62.16,,False,False,0.0
2026-05-13,300265,通光线缆,32,7495.0,10jqka,intraday_0950,2026-05-13 09:50:00,2026-05-13,1,1,,,missing_price_file,,,,,,,,,,,,,,,,,,,
2026-05-13,600330,天通股份,32,17147.0,10jqka,post_close,2026-05-13 15:00:00,2026-05-06,6,6,21.0,-11.0,ok,2026-05-13,32.0,35.07,35.3,32.0,2026505.0,7.38,20.27,29.84,0.93,0.94,11.72,20.37,35.5,-0.65,0.07,False,False,0.0
2026-05-13,002008,大族激光,33,16822.0,10jqka,post_close,2026-05-13 15:00:00,2026-05-07,5,5,92.0,59.0,ok,2026-05-13,138.12,147.93,147.93,137.15,438890.0,10.02,21.39,45.04,1.0,0.75,13.7,26.91,43.8,0.0,0.0,True,False,0.0
2026-05-13,600183,生益科技,34,16998.0,10jqka,intraday_1430,2026-05-13 14:30:00,2026-05-13,1,1,,,ok,2026-05-13,85.02,94.18,94.18,85.02,711042.0,10.0,,,1.0,,0.0,0.0,0.0,0.0,0.0,True,False,0.0
2026-05-13,002498,汉缆股份,34,16486.0,10jqka,post_close,2026-05-13 15:00:00,2026-05-07,2,1,81.0,47.0,ok,2026-05-13,10.52,11.01,11.01,10.38,2113485.0,9.99,20.72,22.06,1.0,0.99,13.43,19.52,23.02,0.0,0.0,True,False,0.0
2026-05-13,002361,神剑股份,35,16160.0,10jqka,post_close,2026-05-13 15:00:00,2026-05-06,6,6,7.0,-28.0,ok,2026-05-13,20.01,20.67,21.2,19.8,1938730.0,2.07,-5.62,-2.55,0.621,0.73,-3.11,-1.65,0.42,-13.7,0.379,False,False,0.0
2026-05-13,603688,石英股份,36,6902.0,10jqka,intraday_0950,2026-05-13 09:50:00,2026-05-13,1,1,,,missing_price_file,,,,,,,,,,,,,,,,,,,
2026-05-13,002428,云南锗业,36,15873.0,10jqka,post_close,2026-05-13 15:00:00,2026-05-06,6,6,5.0,-31.0,ok,2026-05-13,100.0,101.51,105.1,97.1,1078579.0,0.09,17.94,31.81,0.551,0.96,10.0,23.77,37.6,-3.42,0.449,False,False,0.0
2026-05-13,002281,光迅科技,37,15819.0,10jqka,post_close,2026-05-13 15:00:00,2026-05-06,6,6,30.0,-7.0,ok,2026-05-13,196.01,197.97,203.7,191.18,792201.0,-1.75,9.55,31.26,0.542,1.03,4.94,20.51,40.21,-5.19,0.458,False,False,0.0
2026-05-13,300442,润泽科技,38,15746.0,10jqka,post_close,2026-05-13 15:00:00,2026-05-13,1,1,,,ok,2026-05-13,90.9,101.62,105.0,90.01,1127112.0,11.21,3.61,5.62,0.775,1.52,4.45,8.04,8.75,-4.43,0.225,True,False,0.0
2026-05-13,600487,亨通光电,39,15626.0,10jqka,post_close,2026-05-13 15:00:00,2026-05-06,6,6,37.0,-2.0,ok,2026-05-13,73.34,75.43,77.0,73.33,1523329.0,0.44,-2.38,5.06,0.572,0.79,-0.42,4.29,14.64,-5.59,0.428,False,False,0.0
2026-05-13,600076,康欣新材,40,6779.0,10jqka,intraday_0950,2026-05-13 09:50:00,2026-05-12,2,2,60.0,20.0,missing_price_file,,,,,,,,,,,,,,,,,,,
2026-05-13,601179,中国西电,40,14923.0,10jqka,post_close,2026-05-13 15:00:00,2026-05-08,4,4,27.0,-13.0,ok,2026-05-13,19.31,19.02,19.89,18.72,4570786.0,-0.94,10.65,9.12,0.256,1.67,4.49,7.68,8.6,-7.89,0.496,False,False,0.0
2026-05-13,002183,怡亚通,41,14921.0,10jqka,post_close,2026-05-13 15:00:00,2026-05-08,2,1,81.0,40.0,ok,2026-05-13,6.9,7.62,7.62,6.85,2666069.0,9.96,11.57,28.93,1.0,1.03,8.67,19.68,23.78,0.0,0.0,True,False,0.0
2026-05-13,688256,寒武纪,42,14868.0,10jqka,post_close,2026-05-13 15:00:00,2026-05-06,6,6,56.0,14.0,ok,2026-05-13,1239.0,1316.88,1316.88,1236.0,15877771.0,3.05,11.36,7.6,1.0,0.84,5.69,15.78,30.68,-0.12,0.0,False,False,0.0
2026-05-13,601727,上海电气,43,14587.0,10jqka,post_close,2026-05-13 15:00:00,2026-05-11,2,1,32.0,-11.0,ok,2026-05-13,8.55,9.14,9.33,8.49,7326057.0,7.66,12.42,12.15,0.774,2.27,6.75,10.24,11.87,-5.38,0.226,False,False,0.0
2026-05-13,603618,杭电股份,44,6634.0,10jqka,intraday_0950,2026-05-13 09:50:00,2026-05-06,5,1,31.0,-13.0,ok,2026-05-13,34.48,37.46,37.62,34.48,567967.0,9.53,,,0.949,,0.0,0.0,0.0,-0.43,0.051,True,False,0.0
2026-05-13,600821,金开新能,44,14450.0,10jqka,post_close,2026-05-13 15:00:00,2026-05-06,4,2,95.0,51.0,ok,2026-05-13,9.15,9.45,9.82,9.14,3700996.0,5.0,7.63,10.14,0.456,1.53,5.23,8.8,7.22,-22.54,0.544,False,False,0.0
2026-05-13,002475,立讯精密,45,14365.0,10jqka,post_close,2026-05-13 15:00:00,2026-05-06,6,6,78.0,33.0,ok,2026-05-13,75.75,80.15,81.78,75.11,2263665.0,3.83,12.43,19.48,0.756,1.02,7.09,11.51,18.85,-1.99,0.244,False,False,0.0
2026-05-13,300394,天孚通信,46,14292.0,10jqka,post_close,2026-05-13 15:00:00,2026-05-13,1,1,,,ok,2026-05-13,342.45,378.19,383.79,342.3,726252.0,10.44,15.9,19.62,0.865,1.48,10.78,15.52,11.02,-2.76,0.135,True,False,0.0
2026-05-13,002342,巨力索具,47,14271.0,10jqka,post_close,2026-05-13 15:00:00,2026-05-06,6,6,10.0,-37.0,ok,2026-05-13,20.25,20.46,21.22,19.88,1824760.0,0.29,-7.46,1.74,0.433,0.69,-4.62,0.8,4.55,-14.75,0.567,False,False,0.0
2026-05-13,002294,信立泰,48,6128.0,10jqka,intraday_0950,2026-05-13 09:50:00,2026-05-13,1,1,,,missing_price_file,,,,,,,,,,,,,,,,,,,
2026-05-13,000967,盈峰环境,48,14199.0,10jqka,post_close,2026-05-13 15:00:00,2026-05-11,2,1,77.0,29.0,ok,2026-05-13,13.45,15.07,15.24,12.91,4006861.0,8.81,-7.55,0.94,0.927,1.3,-1.46,3.11,9.48,-11.82,0.073,False,False,0.0
2026-05-13,300502,新易盛,49,13832.0,10jqka,post_close,2026-05-13 15:00:00,2026-05-06,6,6,65.0,16.0,ok,2026-05-13,585.11,628.99,630.79,582.18,423739.0,6.16,14.02,20.39,0.963,0.9,8.43,13.15,12.87,-0.29,0.037,False,False,0.0
2026-05-13,603007,花王股份,50,5935.0,10jqka,intraday_0950,2026-05-13 09:50:00,2026-05-13,1,1,,,missing_price_file,,,,,,,,,,,,,,,,,,,
2026-05-13,300017,网宿科技,50,13290.0,10jqka,post_close,2026-05-13 15:00:00,2026-05-13,1,1,,,ok,2026-05-13,17.6,19.74,19.97,17.49,4605269.0,12.93,10.4,14.1,0.907,2.12,9.0,13.88,9.99,-18.09,0.093,True,False,0.0
2026-05-13,002552,宝鼎科技,51,5921.0,10jqka,intraday_0950,2026-05-13 09:50:00,2026-05-13,1,1,,,ok,2026-05-13,33.3,35.45,36.69,33.28,265860.0,5.95,,,0.636,,0.0,0.0,0.0,-3.38,0.364,False,False,0.0
2026-05-13,002245,蔚蓝锂芯,51,13272.0,10jqka,post_close,2026-05-13 15:00:00,2026-05-06,2,1,61.0,10.0,ok,2026-05-13,15.18,16.48,16.56,14.99,1083394.0,7.43,11.2,7.78,0.949,1.3,6.78,11.08,16.48,-0.48,0.051,False,False,0.0
2026-05-13,600667,太极实业,52,13108.0,10jqka,post_close,2026-05-13 15:00:00,2026-05-12,2,2,22.0,-30.0,ok,2026-05-13,11.83,13.26,13.46,11.72,4043357.0,8.07,23.81,30.51,0.885,1.92,13.86,23.93,28.46,-1.49,0.115,False,False,0.0
2026-05-13,600488,津药药业,53,13071.0,10jqka,post_close,2026-05-13 15:00:00,2026-05-11,2,1,81.0,28.0,ok,2026-05-13,7.38,7.2,7.89,7.11,2645714.0,-0.83,20.0,22.03,0.115,2.16,8.99,15.59,14.51,-14.69,0.654,False,False,0.0
2026-05-13,001896,豫能控股,54,12984.0,10jqka,post_close,2026-05-13 15:00:00,2026-05-06,5,4,64.0,10.0,ok,2026-05-13,16.98,17.76,18.67,16.8,2419721.0,4.59,8.23,8.29,0.513,1.49,4.82,7.37,6.44,-5.78,0.487,False,False,0.0
2026-05-13,600589,大位科技,55,12949.0,10jqka,post_close,2026-05-13 15:00:00,2026-05-06,4,1,53.0,-2.0,ok,2026-05-13,12.44,13.56,13.79,12.4,3097592.0,7.19,8.39,22.38,0.835,1.04,7.43,19.28,21.42,-11.08,0.165,False,False,0.0
2026-05-13,002300,太阳电缆,56,5682.0,10jqka,intraday_0950,2026-05-13 09:50:00,2026-05-13,1,1,,,ok,2026-05-13,10.97,11.17,11.48,10.97,849184.0,4.69,,,0.392,,0.0,0.0,0.0,-2.7,0.608,False,False,0.0
2026-05-13,002156,通富微电,56,12925.0,10jqka,post_close,2026-05-13 15:00:00,2026-05-06,6,6,55.0,-1.0,ok,2026-05-13,57.89,60.86,61.0,56.93,1497358.0,2.32,6.47,6.87,0.966,0.94,2.18,9.17,17.79,-2.2,0.034,False,False,0.0
2026-05-13,002938,鹏鼎控股,57,12701.0,10jqka,intraday_1430,2026-05-13 14:30:00,2026-05-13,1,1,,,missing_price_file,,,,,,,,,,,,,,,,,,,
2026-05-13,002181,粤传媒,57,12907.0,10jqka,post_close,2026-05-13 15:00:00,2026-05-06,5,1,45.0,-12.0,ok,2026-05-13,18.82,17.9,20.0,17.9,1147122.0,-4.02,-2.45,-1.32,0.0,0.87,-3.43,4.64,17.67,-10.5,0.562,False,False,0.0
2026-05-13,000988,华工科技,58,12758.0,10jqka,post_close,2026-05-13 15:00:00,2026-05-06,6,6,42.0,-16.0,ok,2026-05-13,140.0,142.1,143.62,136.8,976177.0,-1.43,3.96,13.51,0.777,0.93,0.92,9.13,14.86,-5.58,0.223,False,False,0.0
2026-05-13,603936,博敏电子,59,12380.0,10jqka,intraday_1430,2026-05-13 14:30:00,2026-05-13,1,1,,,missing_price_file,,,,,,,,,,,,,,,,,,,
2026-05-13,002050,三花智控,59,12731.0,10jqka,post_close,2026-05-13 15:00:00,2026-05-06,6,6,66.0,7.0,ok,2026-05-13,50.4,51.5,51.67,49.6,1437170.0,1.14,-0.37,6.94,0.918,0.76,0.73,6.05,9.54,-6.4,0.082,False,False,0.0
2026-05-13,603459,红板科技,60,5517.0,10jqka,intraday_0950,2026-05-13 09:50:00,2026-05-08,4,4,35.0,-25.0,ok,2026-05-13,98.08,98.08,98.08,98.08,6653.0,10.0,,,1.0,,0.0,0.0,0.0,0.0,0.0,True,True,0.0
2026-05-13,603778,国晟科技,60,12704.0,10jqka,post_close,2026-05-13 15:00:00,2026-05-06,6,6,3.0,-57.0,ok,2026-05-13,24.9,24.14,24.9,24.01,622983.0,-3.01,-10.56,-13.51,0.146,0.67,-4.37,-7.06,-9.75,-29.56,0.0,False,False,0.0
2026-05-13,002208,合肥城建,61,12299.0,10jqka,intraday_1430,2026-05-13 14:30:00,2026-05-13,1,1,,,missing_price_file,,,,,,,,,,,,,,,,,,,
2026-05-13,600736,苏州高新,61,12654.0,10jqka,post_close,2026-05-13 15:00:00,2026-05-07,5,5,25.0,-36.0,ok,2026-05-13,9.68,9.25,9.77,9.25,1458748.0,-7.13,-6.19,5.47,0.0,0.7,-4.89,3.44,17.1,-12.82,0.173,False,False,0.0
2026-05-13,600683,京投发展,62,5490.0,10jqka,intraday_0950,2026-05-13 09:50:00,2026-05-13,1,1,,,ok,2026-05-13,20.8,19.72,21.83,19.6,298018.0,-5.42,,,0.054,,0.0,0.0,0.0,-9.67,0.462,False,False,0.0
2026-05-13,300058,蓝色光标,62,12651.0,10jqka,post_close,2026-05-13 15:00:00,2026-05-06,5,4,57.0,-5.0,ok,2026-05-13,18.01,18.84,18.98,17.61,4546204.0,3.46,0.8,4.38,0.898,0.76,0.24,4.38,4.7,-8.94,0.102,False,False,0.0
2026-05-13,601126,四方股份,63,12611.0,10jqka,post_close,2026-05-13 15:00:00,2026-05-13,1,1,,,ok,2026-05-13,73.36,81.51,81.51,72.06,328172.0,11.08,28.4,36.19,1.0,0.95,17.67,31.5,48.37,0.0,0.0,True,False,0.0
2026-05-13,000062,深圳华强,64,12588.0,10jqka,post_close,2026-05-13 15:00:00,2026-05-06,6,6,62.0,-2.0,ok,2026-05-13,35.88,36.8,36.8,34.81,848918.0,-1.58,3.55,-0.22,1.0,0.8,-1.22,-0.41,9.66,-8.3,0.0,False,False,0.0
2026-05-13,000720,新能泰山,65,11930.0,10jqka,intraday_1430,2026-05-13 14:30:00,2026-05-08,3,2,98.0,33.0,ok,2026-05-13,5.43,5.69,5.69,5.3,3011078.0,10.06,,,1.0,,0.0,0.0,0.0,0.0,0.0,True,False,0.0
2026-05-13,600726,华电能源,65,12505.0,10jqka,post_close,2026-05-13 15:00:00,2026-05-06,6,6,12.0,-53.0,ok,2026-05-13,7.46,8.47,8.47,7.46,3045804.0,10.0,12.78,22.4,1.0,0.69,8.34,15.87,39.05,0.0,0.0,True,False,0.0
2026-05-13,603045,福达合金,66,5339.0,10jqka,intraday_0950,2026-05-13 09:50:00,2026-05-08,4,4,47.0,-19.0,ok,2026-05-13,68.35,68.35,68.35,68.35,4678.0,9.99,,,1.0,,0.0,0.0,0.0,0.0,0.0,True,True,0.0
2026-05-13,002202,金风科技,66,12462.0,10jqka,post_close,2026-05-13 15:00:00,2026-05-06,6,6,36.0,-30.0,ok,2026-05-13,27.07,27.8,27.94,26.88,1761552.0,1.94,-2.42,-0.5,0.868,0.72,-0.84,1.67,5.22,-16.52,0.132,False,False,0.0
2026-05-13,000938,紫光股份,67,12381.0,10jqka,post_close,2026-05-13 15:00:00,2026-05-08,3,1,54.0,-13.0,ok,2026-05-13,30.6,32.91,33.16,30.35,2372601.0,7.23,-0.78,3.33,0.911,0.99,1.96,2.39,8.03,-3.01,0.089,False,False,0.0
2026-05-13,000767,晋控电力,68,12336.0,10jqka,post_close,2026-05-13 15:00:00,2026-05-13,1,1,,,ok,2026-05-13,4.88,5.12,5.12,4.8,1846136.0,10.11,22.78,26.11,1.0,0.79,13.98,21.93,26.09,0.0,0.0,True,False,0.0
2026-05-13,600089,特变电工,69,12301.0,10jqka,post_close,2026-05-13 15:00:00,2026-05-12,2,2,51.0,-18.0,ok,2026-05-13,28.96,29.13,29.67,28.54,3607316.0,0.66,7.1,4.86,0.522,1.55,3.26,5.44,5.6,-12.47,0.478,False,False,0.0
2026-05-13,000591,太阳能,70,11628.0,10jqka,intraday_1430,2026-05-13 14:30:00,2026-05-13,1,1,,,ok,2026-05-13,6.0,6.14,6.32,6.0,4561501.0,4.96,,,0.437,,0.0,0.0,0.0,-2.85,0.563,False,False,0.0
2026-05-13,002709,天赐材料,70,12257.0,10jqka,post_close,2026-05-13 15:00:00,2026-05-06,6,6,15.0,-55.0,ok,2026-05-13,57.73,57.92,58.48,57.02,977250.0,-1.14,-0.84,-9.5,0.616,0.64,-2.58,-1.83,6.67,-10.86,0.384,False,False,0.0
2026-05-13,002565,顺灏股份,71,5168.0,10jqka,intraday_0950,2026-05-13 09:50:00,2026-05-06,6,6,59.0,-12.0,ok,2026-05-13,19.97,19.92,20.78,19.71,407092.0,-0.15,,,0.196,,0.0,0.0,0.0,-4.14,0.757,False,False,0.0
2026-05-13,000547,航天发展,71,12059.0,10jqka,post_close,2026-05-13 15:00:00,2026-05-08,4,4,24.0,-47.0,ok,2026-05-13,27.37,27.96,28.2,27.32,1773732.0,1.08,1.34,12.06,0.727,0.84,1.97,7.73,5.18,-18.48,0.273,False,False,0.0
2026-05-13,002384,东山精密,72,12008.0,10jqka,post_close,2026-05-13 15:00:00,2026-05-06,6,6,28.0,-44.0,ok,2026-05-13,213.0,220.75,225.66,212.9,787040.0,0.59,4.43,15.05,0.615,0.86,2.11,9.58,20.89,-4.02,0.385,False,False,0.0
2026-05-13,300395,菲利华,73,5117.0,10jqka,intraday_0950,2026-05-13 09:50:00,2026-05-13,1,1,,,missing_price_file,,,,,,,,,,,,,,,,,,,
2026-05-13,000981,山子高科,73,11985.0,10jqka,post_close,2026-05-13 15:00:00,2026-05-12,2,2,49.0,-24.0,ok,2026-05-13,4.08,4.18,4.21,4.03,8828818.0,-2.11,4.5,7.18,0.833,1.68,2.55,5.88,4.6,-17.23,0.167,False,False,0.0
2026-05-13,603738,泰晶科技,74,5089.0,10jqka,intraday_0950,2026-05-13 09:50:00,2026-05-07,5,5,36.0,-38.0,ok,2026-05-13,51.0,52.7,53.96,49.25,329133.0,1.91,,,0.732,,0.0,0.0,0.0,-2.34,0.268,False,False,0.0
2026-05-13,603986,兆易创新,74,11963.0,10jqka,post_close,2026-05-13 15:00:00,2026-05-06,5,1,59.0,-15.0,ok,2026-05-13,344.0,365.0,366.71,339.33,484983.0,3.46,9.49,6.25,0.938,1.02,3.58,9.39,17.06,-0.48,0.062,False,False,0.0
2026-05-13,000889,中嘉博创,75,11310.0,10jqka,intraday_1430,2026-05-13 14:30:00,2026-05-07,3,1,99.0,24.0,ok,2026-05-13,5.66,5.43,5.89,5.34,2508323.0,1.5,,,0.164,,0.0,0.0,0.0,-7.81,0.418,False,False,0.0
2026-05-13,002560,通达股份,75,11773.0,10jqka,post_close,2026-05-13 15:00:00,2026-05-13,1,1,,,ok,2026-05-13,12.12,12.9,12.9,12.07,1888191.0,9.97,16.85,20.11,1.0,1.9,11.73,15.36,21.45,0.0,0.0,True,False,0.0
2026-05-13,000070,特发信息,76,5011.0,10jqka,intraday_0950,2026-05-13 09:50:00,2026-05-07,4,1,60.0,-16.0,ok,2026-05-13,20.84,21.7,22.0,20.78,462477.0,0.7,,,0.754,,0.0,0.0,0.0,-1.36,0.246,False,False,0.0
2026-05-13,600111,北方稀土,76,11701.0,10jqka,post_close,2026-05-13 15:00:00,2026-05-06,6,6,29.0,-47.0,ok,2026-05-13,54.0,56.16,56.32,53.99,1676770.0,3.16,2.58,1.15,0.931,0.82,0.82,5.73,9.25,-11.66,0.069,False,False,0.0
2026-05-13,600601,方正科技,77,5004.0,10jqka,intraday_0950,2026-05-13 09:50:00,2026-05-12,2,2,75.0,-2.0,ok,2026-05-13,14.18,13.89,14.31,13.73,1581443.0,-2.94,,,0.276,,0.0,0.0,0.0,-2.94,0.224,False,False,0.0
2026-05-13,603538,美诺华,77,11662.0,10jqka,post_close,2026-05-13 15:00:00,2026-05-06,6,6,16.0,-61.0,ok,2026-05-13,54.15,56.0,57.15,53.57,468010.0,3.68,-12.09,-18.25,0.679,0.74,-4.34,-7.51,-1.41,-20.44,0.321,False,False,0.0
2026-05-13,600198,大唐电信,78,4894.0,10jqka,intraday_0950,2026-05-13 09:50:00,2026-05-12,2,2,80.0,2.0,ok,2026-05-13,10.09,10.43,10.69,9.98,1017435.0,7.3,,,0.634,,0.0,0.0,0.0,-2.43,0.366,False,False,0.0
2026-05-13,600105,永鼎股份,78,11165.0,10jqka,post_close,2026-05-13 15:00:00,2026-05-07,5,5,26.0,-52.0,ok,2026-05-13,51.43,51.83,52.88,50.76,1358830.0,-0.94,3.78,18.66,0.505,0.71,2.43,8.93,15.66,-7.43,0.495,False,False,0.0
2026-05-13,601869,长飞光纤,79,4889.0,10jqka,intraday_0950,2026-05-13 09:50:00,2026-05-07,5,5,65.0,-14.0,ok,2026-05-13,373.38,389.39,389.94,373.0,58387.0,0.05,,,0.968,,0.0,0.0,0.0,-0.14,0.032,False,False,0.0
2026-05-13,300433,蓝思科技,79,11114.0,10jqka,post_close,2026-05-13 15:00:00,2026-05-11,2,1,72.0,-7.0,ok,2026-05-13,30.09,32.69,33.14,29.89,1810127.0,7.25,14.5,22.8,0.862,1.44,8.85,16.49,17.69,-10.46,0.138,False,False,0.0
2026-05-13,600406,国电南瑞,80,11049.0,10jqka,post_close,2026-05-13 15:00:00,2026-05-13,1,1,,,ok,2026-05-13,26.89,28.02,28.4,26.86,2478550.0,4.16,7.44,6.86,0.753,1.59,4.33,5.58,5.19,-12.6,0.247,False,False,0.0
2026-05-13,603019,中科曙光,81,10937.0,10jqka,post_close,2026-05-13 15:00:00,2026-05-06,4,1,82.0,1.0,ok,2026-05-13,96.0,100.71,101.0,95.02,821870.0,3.38,4.58,0.91,0.952,0.95,2.09,4.74,8.04,-1.52,0.048,False,False,0.0
2026-05-13,002364,中恒电气,82,10923.0,10jqka,post_close,2026-05-13 15:00:00,2026-05-06,2,1,62.0,-20.0,ok,2026-05-13,44.5,48.4,48.4,43.65,862868.0,10.0,7.2,7.87,1.0,1.55,5.87,11.23,12.53,0.0,0.0,True,False,0.0
2026-05-13,301217,铜冠铜箔,83,10847.0,10jqka,post_close,2026-05-13 15:00:00,2026-05-06,3,2,19.0,-64.0,ok,2026-05-13,90.0,99.01,103.96,88.5,555067.0,4.76,11.83,11.81,0.68,0.99,8.57,23.1,55.04,-4.76,0.32,False,False,0.0
2026-05-13,002185,华天科技,84,10773.0,10jqka,post_close,2026-05-13 15:00:00,2026-05-06,5,3,76.0,-8.0,ok,2026-05-13,14.08,14.63,14.75,13.91,2493725.0,1.39,6.48,7.42,0.857,1.02,2.34,7.16,11.53,-4.69,0.143,False,False,0.0
2026-05-13,603269,海鸥股份,85,4803.0,10jqka,intraday_0950,2026-05-13 09:50:00,2026-05-13,1,1,,,missing_price_file,,,,,,,,,,,,,,,,,,,
2026-05-13,600703,三安光电,85,10541.0,10jqka,post_close,2026-05-13 15:00:00,2026-05-06,6,6,50.0,-35.0,ok,2026-05-13,16.39,16.84,17.15,16.18,3415873.0,0.72,10.21,14.71,0.68,1.04,5.22,11.5,17.72,-10.28,0.32,False,False,0.0
2026-05-13,002606,大连电瓷,86,4724.0,10jqka,intraday_0950,2026-05-13 09:50:00,2026-05-13,1,1,,,missing_price_file,,,,,,,,,,,,,,,,,,,
2026-05-13,600930,华电新能,86,10348.0,10jqka,intraday_1430,2026-05-13 14:30:00,2026-05-13,1,1,,,ok,2026-05-13,6.48,6.72,6.84,6.45,3870083.0,3.7,,,0.692,,0.0,0.0,0.0,-1.75,0.308,False,False,0.0
2026-05-13,000811,冰轮环境,86,10537.0,10jqka,post_close,2026-05-13 15:00:00,2026-05-13,1,1,,,ok,2026-05-13,28.43,31.8,31.8,27.56,660405.0,10.0,21.0,17.6,1.0,1.46,12.03,19.55,36.05,0.0,0.0,True,False,0.0
2026-05-13,301196,唯科科技,87,4708.0,10jqka,intraday_0950,2026-05-13 09:50:00,2026-05-13,1,1,,,missing_price_file,,,,,,,,,,,,,,,,,,,
2026-05-13,600875,东方电气,87,10190.0,10jqka,intraday_1430,2026-05-13 14:30:00,2026-05-13,1,1,,,ok,2026-05-13,38.77,40.87,41.3,38.06,1335250.0,6.16,,,0.867,,0.0,0.0,0.0,-1.04,0.133,False,False,0.0
2026-05-13,002149,西部材料,87,10503.0,10jqka,post_close,2026-05-13 15:00:00,2026-05-06,6,6,48.0,-39.0,ok,2026-05-13,74.0,74.96,77.2,71.1,810978.0,0.83,3.48,7.3,0.633,0.91,1.12,10.85,20.74,-4.96,0.367,False,False,0.0
2026-05-13,301531,春光集团,88,4694.0,10jqka,intraday_0950,2026-05-13 09:50:00,2026-05-12,2,2,19.0,-69.0,ok,2026-05-13,107.0,106.7,113.9,105.66,95629.0,-6.87,,,0.126,,0.0,0.0,0.0,-6.32,0.837,False,False,0.0
2026-05-13,600673,东阳光,88,10154.0,10jqka,intraday_1430,2026-05-13 14:30:00,2026-05-06,5,1,79.0,-9.0,ok,2026-05-13,40.16,38.91,41.0,37.85,1405066.0,-2.48,,,0.337,,0.0,0.0,0.0,-5.1,0.267,False,False,0.0
2026-05-13,600666,奥瑞德,88,10427.0,10jqka,post_close,2026-05-13 15:00:00,2026-05-06,3,1,88.0,0.0,ok,2026-05-13,5.63,6.07,6.07,5.55,2849358.0,9.96,3.76,5.38,1.0,0.99,4.4,6.55,-1.55,-19.82,0.0,True,False,0.0
2026-05-13,600498,烽火通信,89,10065.0,10jqka,intraday_1430,2026-05-13 14:30:00,2026-05-08,4,4,82.0,-7.0,ok,2026-05-13,51.0,57.0,57.0,51.0,1383084.0,10.0,,,1.0,,0.0,0.0,0.0,0.0,0.0,True,False,0.0
2026-05-13,600379,宝光股份,89,10387.0,10jqka,post_close,2026-05-13 15:00:00,2026-05-06,6,6,34.0,-55.0,ok,2026-05-13,16.9,18.91,18.91,16.49,491730.0,10.01,12.9,2.44,1.0,0.62,6.08,13.86,31.54,-6.89,0.0,True,False,0.0
2026-05-13,002129,TCL中环,90,4614.0,10jqka,intraday_0950,2026-05-13 09:50:00,2026-05-13,1,1,,,missing_price_file,,,,,,,,,,,,,,,,,,,
2026-05-13,300782,卓胜微,90,10299.0,10jqka,post_close,2026-05-13 15:00:00,2026-05-13,1,1,,,ok,2026-05-13,107.55,126.93,128.28,106.34,497615.0,15.5,22.28,22.99,0.938,1.73,14.44,18.55,18.68,-1.05,0.062,True,False,0.0
2026-05-13,300857,协创数据,91,9877.0,10jqka,intraday_1430,2026-05-13 14:30:00,2026-05-13,1,1,,,missing_price_file,,,,,,,,,,,,,,,,,,,
2026-05-13,002241,歌尔股份,91,10076.0,10jqka,post_close,2026-05-13 15:00:00,2026-05-13,1,1,,,ok,2026-05-13,25.1,26.14,26.14,24.96,1616869.0,3.48,2.51,4.56,1.0,1.59,2.13,3.88,5.43,-3.9,0.0,False,False,0.0
2026-05-13,688146,中船特气,92,9862.0,10jqka,post_close,2026-05-13 15:00:00,2026-05-13,1,1,,,ok,2026-05-13,97.65,117.6,117.6,94.65,29723344.0,20.0,47.29,52.23,1.0,1.25,25.31,38.62,55.85,0.0,0.0,True,False,0.0
2026-05-13,300449,汉邦高科,93,4546.0,10jqka,intraday_0950,2026-05-13 09:50:00,2026-05-11,2,1,34.0,-59.0,missing_price_file,,,,,,,,,,,,,,,,,,,
2026-05-13,688187,时代电气,93,9754.0,10jqka,intraday_1430,2026-05-13 14:30:00,2026-05-13,1,1,,,ok,2026-05-13,49.3,59.29,59.29,48.75,276458.0,20.0,,,1.0,,0.0,0.0,0.0,0.0,0.0,True,False,0.0
2026-05-13,000021,深科技,93,9846.0,10jqka,post_close,2026-05-13 15:00:00,2026-05-13,1,1,,,ok,2026-05-13,31.49,34.61,34.99,31.38,1664107.0,7.12,11.57,12.66,0.895,1.39,6.53,11.82,15.77,-3.78,0.105,False,False,0.0
2026-05-13,002222,福晶科技,94,4539.0,10jqka,intraday_0950,2026-05-13 09:50:00,2026-05-11,2,1,30.0,-64.0,ok,2026-05-13,95.9,108.24,108.24,94.02,575045.0,10.0,,,1.0,,0.0,0.0,0.0,0.0,0.0,True,False,0.0
2026-05-13,600719,大连热电,94,9740.0,10jqka,intraday_1430,2026-05-13 14:30:00,2026-05-13,1,1,,,ok,2026-05-13,11.0,11.18,11.68,10.62,692162.0,5.27,,,0.528,,0.0,0.0,0.0,-4.28,0.472,False,False,0.0
2026-05-13,603399,永杉锂业,94,9841.0,10jqka,post_close,2026-05-13 15:00:00,2026-05-06,6,6,60.0,-34.0,ok,2026-05-13,23.91,23.21,24.46,22.7,1044007.0,-3.61,-3.25,8.81,0.29,0.93,-2.0,11.93,37.61,-9.05,0.313,False,False,0.0
2026-05-13,002190,成飞集成,95,4510.0,10jqka,intraday_0950,2026-05-13 09:50:00,2026-05-13,1,1,,,missing_price_file,,,,,,,,,,,,,,,,,,,
2026-05-13,600602,云赛智联,95,9597.0,10jqka,intraday_1430,2026-05-13 14:30:00,2026-05-13,1,1,,,missing_price_file,,,,,,,,,,,,,,,,,,,
2026-05-13,600276,恒瑞医药,95,9807.0,10jqka,post_close,2026-05-13 15:00:00,2026-05-12,2,2,9.0,-86.0,ok,2026-05-13,56.11,55.86,57.26,55.66,1327791.0,-0.09,6.2,4.16,0.125,1.19,3.0,2.7,1.03,-6.82,0.719,False,False,0.0
2026-05-13,300136,信维通信,96,9597.0,10jqka,intraday_1430,2026-05-13 14:30:00,2026-05-06,5,3,73.0,-23.0,ok,2026-05-13,106.8,108.99,111.48,105.78,373730.0,7.54,,,0.563,,0.0,0.0,0.0,-2.23,0.437,False,False,0.0
2026-05-13,002929,润建股份,96,9740.0,10jqka,post_close,2026-05-13 15:00:00,2026-05-07,3,2,91.0,-5.0,ok,2026-05-13,80.0,87.78,87.78,78.65,282181.0,10.0,12.21,35.78,1.0,0.97,11.23,28.43,38.06,0.0,0.0,True,False,0.0
2026-05-13,000815,美利云,97,9594.0,10jqka,post_close,2026-05-13 15:00:00,2026-05-06,5,1,73.0,-24.0,ok,2026-05-13,21.05,22.47,22.8,20.82,1386245.0,5.3,-2.13,7.41,0.833,1.0,1.45,6.86,7.27,-4.18,0.167,False,False,0.0
2026-05-13,002522,浙江众成,98,4471.0,10jqka,intraday_0950,2026-05-13 09:50:00,2026-05-13,1,1,,,missing_price_file,,,,,,,,,,,,,,,,,,,
2026-05-13,600869,远东股份,98,9546.0,10jqka,intraday_1430,2026-05-13 14:30:00,2026-05-12,2,2,58.0,-40.0,ok,2026-05-13,23.01,23.06,23.5,22.44,1635071.0,0.7,,,0.585,,0.0,0.0,0.0,-1.87,0.415,False,False,0.0
2026-05-13,000601,韶能股份,98,9529.0,10jqka,post_close,2026-05-13 15:00:00,2026-05-13,1,1,,,ok,2026-05-13,8.79,8.9,8.9,8.61,747050.0,10.01,22.59,27.87,1.0,0.77,14.72,22.35,25.99,-1.11,0.0,True,False,0.0
2026-05-13,600206,有研新材,99,4428.0,10jqka,intraday_0950,2026-05-13 09:50:00,2026-05-11,3,3,38.0,-61.0,ok,2026-05-13,32.87,31.6,32.87,30.49,351214.0,-3.86,,,0.466,,0.0,0.0,0.0,-3.86,0.0,False,False,0.0
2026-05-13,000533,顺钠股份,99,9533.0,10jqka,intraday_1430,2026-05-13 14:30:00,2026-05-13,1,1,,,ok,2026-05-13,13.3,14.77,14.77,13.25,866987.0,9.98,,,1.0,,0.0,0.0,0.0,0.0,0.0,True,False,0.0
2026-05-13,002594,比亚迪,99,9352.0,10jqka,post_close,2026-05-13 15:00:00,2026-05-06,2,1,68.0,-31.0,ok,2026-05-13,99.23,98.6,99.25,97.81,456194.0,-0.63,-1.42,-2.13,0.549,0.97,-1.15,-2.54,-3.22,-11.82,0.014,False,False,0.0
2026-05-13,601899,紫金矿业,100,9448.0,10jqka,intraday_1430,2026-05-13 14:30:00,2026-05-06,6,6,27.0,-73.0,ok,2026-05-13,34.02,34.84,35.0,33.84,2690787.0,1.1,,,0.862,,0.0,0.0,0.0,-0.46,0.138,False,False,0.0
2026-05-13,600519,贵州茅台,100,9299.0,10jqka,post_close,2026-05-13 15:00:00,2026-05-06,3,1,100.0,0.0,ok,2026-05-13,1354.5,1344.09,1358.6,1338.0,56968.0,-0.77,-2.1,-2.25,0.296,1.24,-1.23,-2.41,-4.37,-14.28,0.199,False,False,0.0
2026-05-14,601991,大唐发电,1,235200.0,10jqka,post_close,2026-05-14 15:00:00,2026-05-06,7,7,1.0,0.0,ok,2026-05-14,8.11,7.2,8.11,7.2,18564704.0,-2.31,18.23,42.86,0.0,3.37,9.42,30.89,51.45,-11.22,0.0,False,False,0.0
2026-05-14,000066,中国长城,2,215686.0,10jqka,post_close,2026-05-14 15:00:00,2026-05-06,7,7,4.0,2.0,ok,2026-05-14,25.38,22.67,25.61,22.67,5240208.0,-10.0,-3.12,-5.46,0.0,0.89,-5.31,2.5,19.32,-11.93,0.078,False,False,0.0
2026-05-14,601138,工业富联,3,134024.0,10jqka,post_close,2026-05-14 15:00:00,2026-05-06,7,7,2.0,-1.0,ok,2026-05-14,74.0,68.6,74.0,67.28,4017452.0,-3.16,4.18,6.89,0.196,1.59,3.01,4.32,6.8,-7.3,0.0,False,False,0.0
2026-05-14,002617,露笑科技,4,120440.0,10jqka,post_close,2026-05-14 15:00:00,2026-05-14,1,1,,,ok,2026-05-14,8.9,9.7,9.7,8.8,3435666.0,9.98,17.29,20.8,1.0,3.25,12.45,18.28,21.37,0.0,0.0,True,False,0.0
2026-05-14,002081,金螳螂,5,116071.0,10jqka,post_close,2026-05-14 15:00:00,2026-05-06,7,7,3.0,-2.0,ok,2026-05-14,7.61,7.93,8.03,7.21,5060659.0,0.63,9.38,11.06,0.878,0.9,4.78,17.31,44.63,-6.26,0.122,False,False,0.0
2026-05-14,002600,领益智造,6,113866.0,10jqka,post_close,2026-05-14 15:00:00,2026-05-08,2,1,62.0,56.0,ok,2026-05-14,15.92,16.38,16.87,15.48,6035866.0,6.71,7.62,12.89,0.647,3.37,6.42,11.01,13.19,-2.9,0.353,False,False,0.0
2026-05-14,600415,小商品城,7,107200.0,10jqka,post_close,2026-05-14 15:00:00,2026-05-14,1,1,,,ok,2026-05-14,13.11,13.53,13.87,12.74,2109276.0,3.52,2.66,2.66,0.699,2.29,2.97,1.98,4.21,-12.43,0.301,False,False,0.0
2026-05-14,600396,华电辽能,8,103620.0,10jqka,post_close,2026-05-14 15:00:00,2026-05-06,7,7,5.0,-3.0,ok,2026-05-14,17.65,16.64,18.15,15.9,3613600.0,0.48,21.64,38.67,0.329,1.45,11.87,29.56,56.57,-8.32,0.222,False,False,0.0
2026-05-14,000858,五粮液,9,102337.0,10jqka,post_close,2026-05-14 15:00:00,2026-05-06,6,4,23.0,14.0,ok,2026-05-14,88.81,88.99,91.28,87.78,503148.0,-0.18,-3.07,-3.9,0.346,1.32,-1.7,-4.63,-8.77,-18.9,0.654,False,False,0.0
2026-05-14,000981,山子高科,10,101166.0,10jqka,post_close,2026-05-14 15:00:00,2026-05-12,3,3,73.0,63.0,ok,2026-05-14,4.18,4.35,4.58,4.14,11266907.0,4.07,10.69,8.75,0.477,1.77,4.92,8.78,8.55,-13.86,0.523,False,False,0.0
2026-05-14,601778,晶科科技,11,99757.0,10jqka,post_close,2026-05-14 15:00:00,2026-05-06,7,7,22.0,11.0,ok,2026-05-14,7.24,7.52,7.85,7.16,9636181.0,5.32,3.01,1.35,0.522,1.71,3.16,5.03,9.03,-4.57,0.478,False,False,0.0
2026-05-14,002361,神剑股份,12,99323.0,10jqka,post_close,2026-05-14 15:00:00,2026-05-06,7,7,35.0,23.0,ok,2026-05-14,20.68,18.72,20.68,18.69,2078940.0,-9.43,-15.87,-13.33,0.015,0.81,-9.82,-9.66,-9.5,-21.84,0.0,False,False,0.0
2026-05-14,600522,中天科技,13,98597.0,10jqka,post_close,2026-05-14 15:00:00,2026-05-06,7,7,21.0,8.0,ok,2026-05-14,44.5,44.1,45.96,43.68,3745868.0,1.15,0.55,14.9,0.184,1.08,1.83,12.44,24.97,-4.5,0.64,False,False,0.0
2026-05-14,000592,平潭发展,14,98160.0,10jqka,post_close,2026-05-14 15:00:00,2026-05-07,6,6,26.0,12.0,ok,2026-05-14,12.3,11.13,12.36,11.11,3407039.0,-9.81,-6.16,-1.85,0.016,1.13,-5.28,-1.78,-0.5,-15.68,0.048,False,False,0.0
2026-05-14,600330,天通股份,15,93383.0,10jqka,post_close,2026-05-14 15:00:00,2026-05-06,7,7,32.0,17.0,ok,2026-05-14,34.39,32.8,35.55,32.46,2066419.0,-6.47,2.24,17.23,0.11,1.02,1.38,10.54,23.58,-7.74,0.375,False,False,0.0
2026-05-14,002580,圣阳股份,16,87841.0,10jqka,post_close,2026-05-14 15:00:00,2026-05-06,7,7,7.0,-9.0,ok,2026-05-14,35.8,31.32,36.5,31.32,1153950.0,-10.0,-8.61,4.71,0.0,0.9,-6.49,0.15,5.76,-14.19,0.135,False,False,0.0
2026-05-14,601016,节能风电,17,87155.0,10jqka,post_close,2026-05-14 15:00:00,2026-05-06,7,7,24.0,7.0,ok,2026-05-14,5.89,5.1,5.89,5.08,11391332.0,-9.41,-0.39,2.2,0.025,1.44,-1.43,3.87,11.77,-13.41,0.0,False,False,0.0
2026-05-14,002015,协鑫能科,18,84685.0,10jqka,post_close,2026-05-14 15:00:00,2026-05-06,6,4,30.0,12.0,ok,2026-05-14,25.38,23.5,25.63,23.5,3429456.0,0.47,15.88,14.13,0.0,1.85,7.99,15.06,19.57,-8.31,0.117,False,False,0.0
2026-05-14,600172,黄河旋风,19,83127.0,10jqka,post_close,2026-05-14 15:00:00,2026-05-12,3,3,25.0,6.0,ok,2026-05-14,11.98,11.83,12.48,11.55,3743945.0,-0.08,20.96,33.82,0.301,1.99,11.39,23.94,30.09,-5.21,0.538,False,False,0.0
2026-05-14,002031,巨轮智能,20,82019.0,10jqka,post_close,2026-05-14 15:00:00,2026-05-14,1,1,,,ok,2026-05-14,7.22,7.64,8.02,7.18,4503352.0,4.8,5.23,19.0,0.548,1.92,4.8,16.29,20.91,-4.74,0.452,False,False,0.0
2026-05-14,300308,中际旭创,21,80267.0,10jqka,post_close,2026-05-14 15:00:00,2026-05-06,7,7,18.0,-3.0,ok,2026-05-14,1065.0,1078.0,1088.88,1025.1,300571.0,2.74,14.66,22.85,0.829,1.07,8.42,16.78,21.96,-1.0,0.171,False,False,0.0
2026-05-14,600105,永鼎股份,22,74317.0,10jqka,post_close,2026-05-14 15:00:00,2026-05-07,6,6,78.0,56.0,ok,2026-05-14,52.85,53.99,56.39,52.26,1903822.0,4.17,5.04,13.62,0.419,1.0,4.03,12.18,18.46,-4.26,0.581,False,False,0.0
2026-05-14,002342,巨力索具,23,73866.0,10jqka,post_close,2026-05-14 15:00:00,2026-05-06,7,7,47.0,24.0,ok,2026-05-14,20.21,19.91,21.0,18.63,2212861.0,-2.69,-10.19,-9.99,0.54,0.86,-5.24,-2.63,0.82,-17.04,0.333,False,False,0.0
2026-05-14,600584,长电科技,24,73600.0,10jqka,post_close,2026-05-14 15:00:00,2026-05-06,6,4,16.0,-8.0,ok,2026-05-14,57.79,54.31,57.79,54.28,1744515.0,-5.53,-2.72,11.38,0.009,0.96,-0.76,7.42,14.23,-6.31,0.0,False,False,0.0
2026-05-14,002281,光迅科技,25,73354.0,10jqka,post_close,2026-05-14 15:00:00,2026-05-06,7,7,37.0,12.0,ok,2026-05-14,198.96,203.8,212.8,196.01,830338.0,2.94,2.52,24.05,0.464,1.05,3.69,19.04,39.88,-4.23,0.536,False,False,0.0
2026-05-14,601868,中国能建,26,72924.0,10jqka,post_close,2026-05-14 15:00:00,2026-05-07,6,6,8.0,-18.0,ok,2026-05-14,3.55,3.22,3.58,3.21,18831348.0,-8.78,-0.92,3.21,0.027,1.11,-2.66,4.01,7.17,-18.27,0.081,False,False,0.0
2026-05-14,600118,中国卫星,27,71391.0,10jqka,post_close,2026-05-14 15:00:00,2026-05-06,5,1,84.0,57.0,ok,2026-05-14,111.81,100.8,111.81,100.8,797345.0,-10.0,-13.19,-6.06,0.0,1.17,-9.15,-5.52,0.85,-15.65,0.0,False,False,0.0
2026-05-14,002202,金风科技,28,70341.0,10jqka,post_close,2026-05-14 15:00:00,2026-05-06,7,7,66.0,38.0,ok,2026-05-14,27.95,26.03,28.0,25.98,2302553.0,-6.37,-7.56,-8.54,0.025,1.05,-5.52,-4.63,-1.83,-21.83,0.025,False,False,0.0
2026-05-14,600673,东阳光,29,9641.0,10jqka,intraday_0950,2026-05-14 09:50:00,2026-05-06,6,1,50.0,21.0,ok,2026-05-14,38.51,37.98,39.05,37.81,349837.0,-2.67,,,0.137,,0.0,0.0,0.0,-2.74,0.435,False,False,0.0
2026-05-14,600703,三安光电,29,69794.0,10jqka,post_close,2026-05-14 15:00:00,2026-05-06,7,7,85.0,56.0,ok,2026-05-14,16.96,17.45,18.04,16.95,4232864.0,3.62,8.79,15.26,0.459,1.27,5.98,13.5,19.89,-7.03,0.541,False,False,0.0
2026-05-14,002008,大族激光,30,69695.0,10jqka,post_close,2026-05-14 15:00:00,2026-05-07,6,6,33.0,3.0,ok,2026-05-14,152.8,149.03,156.3,146.87,612225.0,0.74,11.16,32.81,0.229,1.08,8.41,23.14,39.88,-4.65,0.371,False,False,0.0
2026-05-14,001309,德明利,31,64121.0,10jqka,post_close,2026-05-14 15:00:00,2026-05-06,5,2,19.0,-12.0,ok,2026-05-14,699.0,721.65,739.48,689.0,190782.0,6.16,12.9,17.05,0.647,1.06,10.81,20.39,30.57,-2.41,0.353,False,False,0.0
2026-05-14,001267,汇绿生态,32,63836.0,10jqka,post_close,2026-05-14 15:00:00,2026-05-14,1,1,,,ok,2026-05-14,63.94,69.72,69.72,61.93,626006.0,10.0,9.38,23.07,1.0,1.12,7.8,17.76,33.33,0.0,0.0,True,False,0.0
2026-05-14,603629,利通电子,33,62669.0,10jqka,post_close,2026-05-14 15:00:00,2026-05-06,7,7,20.0,-13.0,ok,2026-05-14,175.0,170.4,178.88,168.0,381036.0,-1.34,4.66,7.66,0.221,0.98,2.59,10.45,32.97,-4.74,0.357,False,False,0.0
2026-05-14,002310,东方新能,34,8859.0,10jqka,intraday_0950,2026-05-14 09:50:00,2026-05-14,1,1,,,missing_price_file,,,,,,,,,,,,,,,,,,,
2026-05-14,000995,皇台酒业,34,62432.0,10jqka,post_close,2026-05-14 15:00:00,2026-05-14,1,1,,,ok,2026-05-14,13.8,14.81,15.21,13.72,379530.0,7.09,4.0,6.32,0.732,4.18,4.69,6.69,7.09,-23.66,0.268,False,False,0.0
2026-05-14,600667,太极实业,35,8740.0,10jqka,intraday_0950,2026-05-14 09:50:00,2026-05-13,2,2,21.0,-14.0,ok,2026-05-14,11.83,12.93,13.01,11.72,1834044.0,5.38,,,0.938,,0.0,0.0,0.0,-0.61,0.062,False,False,0.0
2026-05-14,000811,冰轮环境,35,60622.0,10jqka,post_close,2026-05-14 15:00:00,2026-05-13,2,2,86.0,51.0,ok,2026-05-14,32.06,33.66,34.98,31.69,737075.0,5.85,16.43,29.31,0.599,1.55,12.53,21.71,39.51,-3.77,0.401,False,False,0.0
2026-05-14,002384,东山精密,36,59957.0,10jqka,post_close,2026-05-14 15:00:00,2026-05-06,7,7,72.0,36.0,ok,2026-05-14,220.74,214.89,226.0,213.35,762371.0,-2.65,-1.56,1.81,0.122,0.87,-0.95,5.2,15.53,-6.57,0.416,False,False,0.0
2026-05-14,002309,中利集团,37,20588.0,10jqka,intraday_1430,2026-05-14 14:30:00,2026-05-06,2,1,96.0,59.0,missing_price_file,,,,,,,,,,,,,,,,,,,
2026-05-14,601888,中国中免,37,58099.0,10jqka,post_close,2026-05-14 15:00:00,2026-05-06,2,1,86.0,49.0,ok,2026-05-14,61.39,60.8,62.68,60.05,460435.0,-0.94,-3.01,-3.57,0.285,1.51,-1.65,-3.69,-6.67,-38.41,0.49,False,False,0.0
2026-05-14,002183,怡亚通,38,8598.0,10jqka,intraday_0950,2026-05-14 09:50:00,2026-05-08,3,1,61.0,23.0,ok,2026-05-14,6.79,6.68,6.85,6.52,1890923.0,2.77,,,0.485,,0.0,0.0,0.0,-2.48,0.182,False,False,0.0
2026-05-14,600379,宝光股份,38,57929.0,10jqka,post_close,2026-05-14 15:00:00,2026-05-06,7,7,89.0,51.0,ok,2026-05-14,19.5,18.94,20.8,18.58,1124392.0,0.16,2.77,6.11,0.162,1.35,4.97,9.85,29.03,-8.94,0.586,False,False,0.0
2026-05-14,300776,帝尔激光,39,57533.0,10jqka,post_close,2026-05-14 15:00:00,2026-05-14,1,1,,,ok,2026-05-14,128.41,142.9,149.68,123.0,199035.0,13.07,18.82,26.44,0.746,1.33,14.83,22.91,32.07,-4.53,0.254,True,False,0.0
2026-05-14,603278,大业股份,40,20294.0,10jqka,intraday_1430,2026-05-14 14:30:00,2026-05-08,4,1,42.0,2.0,ok,2026-05-14,14.0,14.91,14.91,13.41,612454.0,10.04,,,1.0,,0.0,0.0,0.0,0.0,0.0,True,False,0.0
2026-05-14,300136,信维通信,40,56812.0,10jqka,post_close,2026-05-14 15:00:00,2026-05-06,6,1,41.0,1.0,ok,2026-05-14,112.83,102.46,114.83,102.46,1335583.0,-9.85,-11.31,0.85,0.0,1.32,-5.51,1.94,15.52,-13.26,0.162,False,False,0.0
2026-05-14,002245,蔚蓝锂芯,41,19973.0,10jqka,intraday_1430,2026-05-14 14:30:00,2026-05-06,2,1,61.0,20.0,missing_price_file,,,,,,,,,,,,,,,,,,,
2026-05-14,001896,豫能控股,41,55938.0,10jqka,post_close,2026-05-14 15:00:00,2026-05-06,6,5,54.0,13.0,ok,2026-05-14,17.72,16.82,19.4,16.81,2354941.0,-5.29,0.06,0.36,0.004,1.33,-0.8,1.42,0.09,-13.3,0.649,False,False,0.0
2026-05-14,600487,亨通光电,42,55151.0,10jqka,post_close,2026-05-14 15:00:00,2026-05-06,7,7,39.0,-3.0,ok,2026-05-14,76.88,74.0,77.2,73.68,1430964.0,-1.9,-1.32,-2.58,0.091,0.78,-1.8,1.94,10.74,-7.38,0.091,False,False,0.0
2026-05-14,000977,浪潮信息,43,54773.0,10jqka,post_close,2026-05-14 15:00:00,2026-05-08,2,1,76.0,33.0,ok,2026-05-14,77.96,71.56,78.11,70.16,1444687.0,-7.47,-5.79,-2.24,0.176,1.57,-4.43,-2.44,-1.09,-9.93,0.019,False,False,0.0
2026-05-14,002475,立讯精密,44,54525.0,10jqka,post_close,2026-05-14 15:00:00,2026-05-06,7,7,45.0,1.0,ok,2026-05-14,79.29,75.4,79.35,75.22,2216706.0,-5.93,-0.87,8.46,0.044,0.99,-0.81,4.4,10.43,-7.8,0.015,False,False,0.0
2026-05-14,002364,中恒电气,45,8200.0,10jqka,intraday_0950,2026-05-14 09:50:00,2026-05-06,2,1,62.0,17.0,missing_price_file,,,,,,,,,,,,,,,,,,,
2026-05-14,300476,胜宏科技,45,53603.0,10jqka,post_close,2026-05-14 15:00:00,2026-05-07,5,1,99.0,54.0,ok,2026-05-14,388.0,354.83,390.0,354.6,747113.0,-8.41,-6.19,4.96,0.006,1.39,-4.34,1.56,5.78,-9.02,0.056,False,False,0.0
2026-05-14,000925,众合科技,46,18744.0,10jqka,intraday_1430,2026-05-14 14:30:00,2026-05-06,4,3,32.0,-14.0,ok,2026-05-14,11.38,10.73,11.59,10.67,911473.0,-9.38,,,0.065,,0.0,0.0,0.0,-7.42,0.228,False,False,0.0
2026-05-14,002709,天赐材料,46,53509.0,10jqka,post_close,2026-05-14 15:00:00,2026-05-06,7,7,70.0,24.0,ok,2026-05-14,57.9,55.51,59.0,55.51,1105275.0,-4.16,-6.8,-11.61,0.0,0.8,-4.29,-6.0,1.38,-14.57,0.315,False,False,0.0
2026-05-14,300442,润泽科技,47,8113.0,10jqka,intraday_0950,2026-05-14 09:50:00,2026-05-11,2,1,54.0,7.0,ok,2026-05-14,103.43,99.85,104.48,99.6,297891.0,-1.74,,,0.051,,0.0,0.0,0.0,-4.43,0.215,False,False,0.0
2026-05-14,600759,ST洲际,47,18700.0,10jqka,intraday_1430,2026-05-14 14:30:00,2026-05-06,7,7,29.0,-18.0,ok,2026-05-14,3.44,3.44,3.44,3.44,48265.0,-4.97,,,1.0,,0.0,0.0,0.0,0.0,,False,False,0.0
2026-05-14,002506,协鑫集成,47,53428.0,10jqka,post_close,2026-05-14 15:00:00,2026-05-14,1,1,,,ok,2026-05-14,4.5,4.9,4.9,4.49,7942359.0,10.11,11.11,9.87,1.0,1.89,8.84,10.78,9.57,-22.96,0.0,True,False,0.0
2026-05-14,600519,贵州茅台,48,53267.0,10jqka,post_close,2026-05-14 15:00:00,2026-05-06,4,2,100.0,52.0,ok,2026-05-14,1338.0,1342.17,1369.06,1335.18,55244.0,-0.14,-1.41,-2.11,0.206,1.16,-0.95,-2.12,-4.16,-14.4,0.794,False,False,0.0
2026-05-14,600666,奥瑞德,49,7802.0,10jqka,intraday_0950,2026-05-14 09:50:00,2026-05-06,3,1,88.0,39.0,missing_price_file,,,,,,,,,,,,,,,,,,,
2026-05-14,603667,五洲新春,49,18621.0,10jqka,intraday_1430,2026-05-14 14:30:00,2026-05-08,3,1,93.0,44.0,ok,2026-05-14,78.8,79.65,83.0,78.01,423971.0,0.59,,,0.329,,0.0,0.0,0.0,-4.04,0.671,False,False,0.0
2026-05-14,002217,合力泰,49,52215.0,10jqka,post_close,2026-05-14 15:00:00,2026-05-06,7,7,14.0,-35.0,ok,2026-05-14,3.51,3.36,3.54,3.35,7334884.0,-5.08,-5.88,-4.0,0.053,0.67,-3.28,1.85,11.46,-10.64,0.158,False,False,0.0
2026-05-14,600707,彩虹股份,50,18598.0,10jqka,intraday_1430,2026-05-14 14:30:00,2026-05-14,1,1,,,missing_price_file,,,,,,,,,,,,,,,,,,,
2026-05-14,002460,赣锋锂业,50,52017.0,10jqka,post_close,2026-05-14 15:00:00,2026-05-07,2,1,96.0,46.0,ok,2026-05-14,82.33,79.98,83.31,79.67,653995.0,-3.63,-6.1,-9.11,0.085,0.96,-4.0,-6.31,-5.41,-12.75,0.269,False,False,0.0
2026-05-14,002208,合肥城建,51,18485.0,10jqka,intraday_1430,2026-05-14 14:30:00,2026-05-13,2,2,61.0,10.0,ok,2026-05-14,19.01,19.8,19.8,18.8,631607.0,10.0,,,1.0,,0.0,0.0,0.0,0.0,0.0,True,False,0.0
2026-05-14,002428,云南锗业,51,51734.0,10jqka,post_close,2026-05-14 15:00:00,2026-05-06,7,7,36.0,-15.0,ok,2026-05-14,100.0,97.2,105.17,97.0,1001161.0,-4.25,5.42,21.2,0.024,0.91,1.59,15.09,28.1,-7.58,0.633,False,False,0.0
2026-05-14,000601,韶能股份,52,47440.0,10jqka,post_close,2026-05-14 15:00:00,2026-05-13,2,2,98.0,46.0,ok,2026-05-14,9.79,8.23,9.79,8.15,3628496.0,-7.53,11.97,14.46,0.049,3.94,3.31,11.14,15.2,-15.93,0.0,False,False,0.0
2026-05-14,600488,津药药业,53,18362.0,10jqka,intraday_1430,2026-05-14 14:30:00,2026-05-12,3,3,48.0,-5.0,missing_price_file,,,,,,,,,,,,,,,,,,,
2026-05-14,300058,蓝色光标,53,47391.0,10jqka,post_close,2026-05-14 15:00:00,2026-05-06,6,5,62.0,9.0,ok,2026-05-14,19.25,17.35,19.39,17.31,4656848.0,-7.91,-8.35,-10.1,0.019,0.78,-5.73,-3.92,-3.8,-16.14,0.067,False,False,0.0
2026-05-14,600406,国电南瑞,54,7456.0,10jqka,intraday_0950,2026-05-14 09:50:00,2026-05-14,1,1,,,missing_price_file,,,,,,,,,,,,,,,,,,,
2026-05-14,002498,汉缆股份,54,47387.0,10jqka,post_close,2026-05-14 15:00:00,2026-05-07,3,2,34.0,-20.0,ok,2026-05-14,11.7,10.15,11.7,10.12,4908274.0,-7.81,11.54,9.26,0.019,2.24,2.75,8.39,11.88,-13.25,0.0,False,False,0.0
2026-05-14,601727,上海电气,55,7345.0,10jqka,intraday_0950,2026-05-14 09:50:00,2026-05-12,2,1,28.0,-27.0,missing_price_file,,,,,,,,,,,,,,,,,,,
2026-05-14,688008,澜起科技,55,47136.0,10jqka,post_close,2026-05-14 15:00:00,2026-05-06,4,2,12.0,-43.0,ok,2026-05-14,280.0,265.08,282.0,262.97,107668865.0,2.43,6.36,26.28,0.111,1.21,8.28,23.31,42.14,-6.0,0.105,False,False,0.0
2026-05-14,300782,卓胜微,56,47055.0,10jqka,post_close,2026-05-14 15:00:00,2026-05-13,2,2,90.0,34.0,ok,2026-05-14,130.95,140.88,144.9,129.47,641143.0,10.99,31.19,32.21,0.739,1.96,19.61,27.5,29.38,-2.77,0.261,True,False,0.0
2026-05-14,002149,西部材料,57,46975.0,10jqka,post_close,2026-05-14 15:00:00,2026-05-06,7,7,87.0,30.0,ok,2026-05-14,74.96,69.0,76.38,68.74,714205.0,-7.95,-8.54,-6.08,0.034,0.78,-5.78,0.38,9.07,-12.51,0.186,False,False,0.0
2026-05-14,300433,蓝思科技,58,46095.0,10jqka,post_close,2026-05-14 15:00:00,2026-05-11,3,2,79.0,21.0,ok,2026-05-14,32.7,32.31,33.5,31.6,1767367.0,-1.16,4.83,16.98,0.374,1.23,4.33,12.89,15.78,-10.42,0.421,False,False,0.0
2026-05-14,600578,京能电力,59,18036.0,10jqka,intraday_1430,2026-05-14 14:30:00,2026-05-14,1,1,,,missing_price_file,,,,,,,,,,,,,,,,,,,
2026-05-14,688234,天岳先进,59,45818.0,10jqka,post_close,2026-05-14 15:00:00,2026-05-14,1,1,,,ok,2026-05-14,156.0,169.0,175.96,156.0,32001473.0,15.26,34.93,52.09,0.651,1.75,24.35,39.53,53.68,-3.96,0.349,True,False,0.0
2026-05-14,600183,生益科技,60,6989.0,10jqka,intraday_0950,2026-05-14 09:50:00,2026-05-14,1,1,,,ok,2026-05-14,98.11,95.46,100.5,95.42,399159.0,1.36,,,0.008,,0.0,0.0,0.0,-5.01,0.47,False,False,0.0
2026-05-14,600176,中国巨石,60,45670.0,10jqka,post_close,2026-05-14 15:00:00,2026-05-06,4,1,47.0,-13.0,ok,2026-05-14,39.3,37.62,39.3,36.9,1555877.0,-1.26,-0.53,-0.32,0.3,1.15,-0.47,2.11,8.54,-5.22,0.0,False,False,0.0
2026-05-14,603601,再升科技,61,45331.0,10jqka,post_close,2026-05-14 15:00:00,2026-05-06,7,7,17.0,-44.0,ok,2026-05-14,18.03,16.57,18.38,16.5,2019070.0,-8.3,-7.43,-4.33,0.037,0.85,-5.11,-1.17,4.24,-11.63,0.186,False,False,0.0
2026-05-14,300394,天孚通信,62,45254.0,10jqka,post_close,2026-05-14 15:00:00,2026-05-13,2,2,46.0,-16.0,ok,2026-05-14,394.52,392.0,406.56,383.0,679866.0,3.65,18.1,19.46,0.382,1.29,10.68,17.24,14.39,-3.58,0.511,False,False,0.0
2026-05-14,000938,紫光股份,63,6957.0,10jqka,intraday_0950,2026-05-14 09:50:00,2026-05-08,4,1,74.0,11.0,ok,2026-05-14,32.19,31.55,32.3,30.95,565880.0,-0.44,,,0.444,,0.0,0.0,0.0,-2.32,0.081,False,False,0.0
2026-05-14,002491,通鼎互联,63,45116.0,10jqka,post_close,2026-05-14 15:00:00,2026-05-07,5,4,13.0,-50.0,ok,2026-05-14,26.16,24.65,26.39,24.38,2297473.0,-8.53,8.45,31.26,0.134,1.72,2.72,20.38,35.17,-10.2,0.114,False,False,0.0
2026-05-14,000720,新能泰山,64,6954.0,10jqka,intraday_0950,2026-05-14 09:50:00,2026-05-08,3,1,44.0,-20.0,ok,2026-05-14,6.26,6.11,6.26,5.92,1002278.0,-2.4,,,0.559,,0.0,0.0,0.0,-2.4,0.0,False,False,0.0
2026-05-14,000988,华工科技,64,45100.0,10jqka,post_close,2026-05-14 15:00:00,2026-05-06,7,7,58.0,-6.0,ok,2026-05-14,143.88,137.4,146.2,137.35,905534.0,-3.31,-6.89,2.92,0.006,0.88,-2.95,4.03,10.51,-8.7,0.262,False,False,0.0
2026-05-14,601126,四方股份,65,6936.0,10jqka,intraday_0950,2026-05-14 09:50:00,2026-05-14,1,1,,,ok,2026-05-14,73.36,80.5,81.5,72.06,290810.0,8.64,,,0.894,,0.0,0.0,0.0,-1.23,0.106,False,False,0.0
2026-05-14,002080,中材科技,65,44834.0,10jqka,post_close,2026-05-14 15:00:00,2026-05-12,2,1,45.0,-20.0,ok,2026-05-14,66.92,68.79,71.9,65.02,597648.0,2.81,9.05,8.88,0.548,1.13,5.13,11.58,22.37,-4.33,0.452,False,False,0.0
2026-05-14,002156,通富微电,66,44019.0,10jqka,post_close,2026-05-14 15:00:00,2026-05-06,7,7,56.0,-10.0,ok,2026-05-14,60.93,57.4,61.2,57.39,1301482.0,-5.69,-6.24,-2.84,0.003,0.72,-3.08,1.83,9.85,-7.76,0.071,False,False,0.0
2026-05-14,300017,网宿科技,67,6856.0,10jqka,intraday_0950,2026-05-14 09:50:00,2026-05-14,1,1,,,missing_price_file,,,,,,,,,,,,,,,,,,,
2026-05-14,301666,大普微,67,17153.0,10jqka,intraday_1430,2026-05-14 14:30:00,2026-05-06,6,2,53.0,-14.0,ok,2026-05-14,416.93,499.0,508.5,416.93,92238.0,15.43,,,0.896,,0.0,0.0,0.0,-1.87,0.104,True,False,0.0
2026-05-14,000547,航天发展,67,44001.0,10jqka,post_close,2026-05-14 15:00:00,2026-05-08,5,5,71.0,4.0,ok,2026-05-14,27.83,26.03,28.08,26.01,1669145.0,-6.9,-9.65,3.79,0.01,0.74,-5.72,0.03,-2.01,-24.11,0.121,False,False,0.0
2026-05-14,002165,红宝丽,68,17034.0,10jqka,intraday_1430,2026-05-14 14:30:00,2026-05-14,1,1,,,ok,2026-05-14,8.51,9.39,9.39,8.43,1287346.0,9.95,,,1.0,,0.0,0.0,0.0,0.0,0.0,True,False,0.0
2026-05-14,601179,中国西电,68,43338.0,10jqka,post_close,2026-05-14 15:00:00,2026-05-08,5,5,40.0,-28.0,ok,2026-05-14,18.8,17.61,18.94,17.6,3542213.0,-7.41,-2.71,0.63,0.007,1.08,-3.37,-0.69,0.04,-14.72,0.104,False,False,0.0
2026-05-14,603936,博敏电子,69,6809.0,10jqka,intraday_0950,2026-05-14 09:50:00,2026-05-12,2,1,67.0,-2.0,ok,2026-05-14,22.51,21.77,22.68,21.33,374843.0,-2.11,,,0.326,,0.0,0.0,0.0,-4.01,0.126,False,False,0.0
2026-05-14,002918,蒙娜丽莎,69,16860.0,10jqka,intraday_1430,2026-05-14 14:30:00,2026-05-14,1,1,,,missing_price_file,,,,,,,,,,,,,,,,,,,
2026-05-14,002929,润建股份,69,43205.0,10jqka,post_close,2026-05-14 15:00:00,2026-05-07,4,3,96.0,27.0,ok,2026-05-14,96.56,86.9,96.56,86.08,556624.0,-1.0,11.91,22.19,0.078,1.92,5.88,21.53,33.53,-10.0,0.0,False,False,0.0
2026-05-14,002565,顺灏股份,70,42778.0,10jqka,post_close,2026-05-14 15:00:00,2026-05-06,6,1,17.0,-53.0,ok,2026-05-14,20.0,18.36,20.08,18.31,1490932.0,-9.42,-15.74,-7.55,0.028,0.76,-9.12,-6.55,-6.04,-20.14,0.045,False,False,0.0
2026-05-14,002050,三花智控,71,42667.0,10jqka,post_close,2026-05-14 15:00:00,2026-05-06,7,7,59.0,-12.0,ok,2026-05-14,51.7,49.43,52.06,49.38,1523612.0,-4.02,-3.48,-1.77,0.019,0.82,-2.98,1.06,4.59,-10.16,0.134,False,False,0.0
2026-05-14,600726,华电能源,72,42424.0,10jqka,post_close,2026-05-14 15:00:00,2026-05-06,7,7,65.0,-7.0,ok,2026-05-14,8.86,8.0,9.06,8.0,5079108.0,-5.55,2.56,5.12,0.0,1.23,1.32,7.07,28.03,-11.7,0.189,False,False,0.0
2026-05-14,002124,天邦食品,73,16299.0,10jqka,intraday_1430,2026-05-14 14:30:00,2026-05-14,1,1,,,missing_price_file,,,,,,,,,,,,,,,,,,,
2026-05-14,600186,莲花控股,73,41478.0,10jqka,post_close,2026-05-14 15:00:00,2026-05-06,7,7,6.0,-67.0,ok,2026-05-14,10.82,10.54,11.13,10.25,2659825.0,-1.68,2.33,-5.3,0.33,0.86,1.25,-0.53,11.25,-8.74,0.352,False,False,0.0
2026-05-14,603538,美诺华,74,41447.0,10jqka,post_close,2026-05-14 15:00:00,2026-05-06,7,7,77.0,3.0,ok,2026-05-14,55.03,52.63,57.0,52.63,437610.0,-6.02,-8.2,-14.63,0.0,0.71,-7.23,-12.53,-7.72,-25.23,0.451,False,False,0.0
2026-05-14,603007,花王股份,75,6393.0,10jqka,intraday_0950,2026-05-14 09:50:00,2026-05-13,2,2,50.0,-25.0,missing_price_file,,,,,,,,,,,,,,,,,,,
2026-05-14,301217,铜冠铜箔,75,16027.0,10jqka,intraday_1430,2026-05-14 14:30:00,2026-05-06,3,2,85.0,10.0,ok,2026-05-14,90.0,91.28,93.78,88.5,151674.0,-3.42,,,0.527,,0.0,0.0,0.0,-2.67,0.473,False,False,0.0
2026-05-14,003031,中瓷电子,75,41218.0,10jqka,post_close,2026-05-14 15:00:00,2026-05-14,1,1,,,ok,2026-05-14,152.87,166.09,166.09,152.0,168166.0,10.0,7.79,25.16,1.0,1.08,8.86,18.74,29.37,0.0,0.0,True,False,0.0
2026-05-14,600089,特变电工,76,15978.0,10jqka,intraday_1430,2026-05-14 14:30:00,2026-05-11,4,4,40.0,-36.0,ok,2026-05-14,27.98,28.84,29.29,27.8,3152226.0,3.07,,,0.698,,0.0,0.0,0.0,-1.54,0.302,False,False,0.0
2026-05-14,601933,永辉超市,76,40278.0,10jqka,post_close,2026-05-14 15:00:00,2026-05-14,1,1,,,ok,2026-05-14,3.7,3.75,3.83,3.65,1892083.0,1.35,0.54,-0.27,0.556,2.16,0.48,-0.48,-2.24,-21.22,0.444,False,False,0.0
2026-05-14,000533,顺钠股份,77,6306.0,10jqka,intraday_0950,2026-05-14 09:50:00,2026-05-14,1,1,,,ok,2026-05-14,15.03,14.62,15.16,14.48,490903.0,-1.02,,,0.206,,0.0,0.0,0.0,-3.56,0.191,False,False,0.0
2026-05-14,600498,烽火通信,77,40203.0,10jqka,post_close,2026-05-14 15:00:00,2026-05-08,4,1,98.0,21.0,ok,2026-05-14,60.81,59.17,62.99,59.17,1249748.0,-2.71,0.96,14.18,0.0,0.88,0.42,8.47,11.24,-6.06,0.571,False,False,0.0
2026-05-14,300438,鹏辉能源,78,40143.0,10jqka,post_close,2026-05-14 15:00:00,2026-05-14,1,1,,,ok,2026-05-14,84.67,84.2,88.0,81.5,498502.0,0.47,-4.7,-5.82,0.415,1.15,-2.26,-0.06,10.94,-8.36,0.512,False,False,0.0
2026-05-14,300274,阳光电源,79,39772.0,10jqka,post_close,2026-05-14 15:00:00,2026-05-14,1,1,,,ok,2026-05-14,142.65,135.03,143.8,134.21,820489.0,-5.34,-5.8,-2.72,0.086,1.37,-3.56,-2.29,-0.83,-25.52,0.12,False,False,0.0
2026-05-14,300502,新易盛,80,39519.0,10jqka,post_close,2026-05-14 15:00:00,2026-05-06,7,7,49.0,-31.0,ok,2026-05-14,641.5,617.9,653.7,606.9,382290.0,-1.76,9.62,9.65,0.235,0.81,4.56,9.58,9.85,-5.48,0.261,False,False,0.0
2026-05-14,000889,中嘉博创,81,6083.0,10jqka,intraday_0950,2026-05-14 09:50:00,2026-05-07,3,1,41.0,-40.0,ok,2026-05-14,5.8,5.43,5.85,5.41,866689.0,-2.51,,,0.045,,0.0,0.0,0.0,-7.18,0.114,False,False,0.0
2026-05-14,600481,双良节能,81,39415.0,10jqka,post_close,2026-05-14 15:00:00,2026-05-14,1,1,,,ok,2026-05-14,6.34,6.96,6.96,6.34,3375118.0,9.95,7.74,10.48,1.0,4.22,7.01,10.0,9.07,-39.79,0.0,True,False,0.0
2026-05-14,603881,数据港,82,6040.0,10jqka,intraday_0950,2026-05-14 09:50:00,2026-05-14,1,1,,,ok,2026-05-14,44.6,41.96,44.96,41.91,393064.0,-3.34,,,0.016,,0.0,0.0,0.0,-6.67,0.118,False,False,0.0
2026-05-14,002297,博云新材,82,39212.0,10jqka,post_close,2026-05-14 15:00:00,2026-05-06,7,7,27.0,-55.0,ok,2026-05-14,26.15,24.91,26.73,24.72,1491013.0,-4.74,-0.95,0.65,0.095,0.91,-1.17,1.64,15.71,-6.81,0.289,False,False,0.0
2026-05-14,600821,金开新能,83,39025.0,10jqka,post_close,2026-05-14 15:00:00,2026-05-06,5,3,44.0,-39.0,ok,2026-05-14,9.54,8.96,9.98,8.95,3445610.0,-5.19,1.59,1.24,0.01,1.33,-0.47,2.69,1.25,-26.56,0.427,False,False,0.0
2026-05-14,300475,香农芯创,84,15113.0,10jqka,intraday_1430,2026-05-14 14:30:00,2026-05-06,3,1,61.0,-23.0,ok,2026-05-14,194.65,202.58,209.86,190.0,574171.0,4.08,,,0.633,,0.0,0.0,0.0,-3.47,0.367,False,False,0.0
2026-05-14,002171,楚江新材,84,37815.0,10jqka,post_close,2026-05-14 15:00:00,2026-05-14,1,1,,,ok,2026-05-14,11.98,12.29,12.57,11.55,1072153.0,2.76,3.19,3.54,0.725,2.84,2.54,4.63,4.81,-11.46,0.275,False,False,0.0
2026-05-14,000767,晋控电力,85,37779.0,10jqka,post_close,2026-05-14 15:00:00,2026-05-13,2,2,68.0,-17.0,ok,2026-05-14,5.62,4.7,5.62,4.68,6870484.0,-8.2,11.11,9.56,0.021,3.09,2.75,9.74,14.37,-16.37,0.0,False,False,0.0
2026-05-14,002409,雅克科技,86,5770.0,10jqka,intraday_0950,2026-05-14 09:50:00,2026-05-14,1,1,,,missing_price_file,,,,,,,,,,,,,,,,,,,
2026-05-14,600745,*ST闻泰,86,37371.0,10jqka,post_close,2026-05-14 15:00:00,2026-05-06,5,2,15.0,-71.0,ok,2026-05-14,19.64,19.64,19.64,19.64,75499.0,-4.98,-14.24,-22.59,1.0,4.39,-9.97,-20.07,-28.33,-45.72,,False,False,0.0
2026-05-14,001287,中电港,87,37278.0,10jqka,post_close,2026-05-14 15:00:00,2026-05-14,1,1,,,ok,2026-05-14,29.82,29.94,32.0,28.91,758031.0,-0.66,-2.73,2.96,0.333,1.15,0.6,5.1,7.23,-6.44,0.667,False,False,0.0
2026-05-14,600206,有研新材,88,37103.0,10jqka,post_close,2026-05-14 15:00:00,2026-05-11,3,1,97.0,9.0,ok,2026-05-14,31.21,32.29,33.42,30.68,1292043.0,3.76,-1.76,10.09,0.588,1.25,1.8,8.78,18.74,-3.44,0.412,False,False,0.0
2026-05-14,603773,沃格光电,89,5706.0,10jqka,intraday_0950,2026-05-14 09:50:00,2026-05-06,3,1,44.0,-45.0,ok,2026-05-14,88.3,82.08,88.88,82.08,118935.0,-6.83,,,0.0,,0.0,0.0,0.0,-7.65,0.085,False,False,0.0
2026-05-14,002560,通达股份,89,36847.0,10jqka,post_close,2026-05-14 15:00:00,2026-05-13,2,2,75.0,-14.0,ok,2026-05-14,12.68,11.61,12.89,11.61,1824795.0,-10.0,9.01,1.75,0.0,1.56,0.21,3.39,8.55,-10.0,0.164,False,False,0.0
2026-05-14,603019,中科曙光,90,36769.0,10jqka,post_close,2026-05-14 15:00:00,2026-05-06,5,2,81.0,-9.0,ok,2026-05-14,105.0,97.59,105.0,97.5,978167.0,-3.1,-2.46,-1.17,0.012,1.29,-0.84,1.14,4.22,-7.06,0.0,False,False,0.0
2026-05-14,600589,大位科技,91,14197.0,10jqka,intraday_1430,2026-05-14 14:30:00,2026-05-06,5,1,86.0,-5.0,ok,2026-05-14,12.91,12.57,12.99,12.41,2266260.0,-3.46,,,0.276,,0.0,0.0,0.0,-3.23,0.138,False,False,0.0
2026-05-14,600111,北方稀土,91,36414.0,10jqka,post_close,2026-05-14 15:00:00,2026-05-06,7,7,76.0,-15.0,ok,2026-05-14,56.17,53.27,56.18,53.26,1505637.0,-5.15,-7.92,-3.69,0.003,0.79,-3.66,-0.91,3.53,-16.2,0.003,False,False,0.0
2026-05-14,688146,中船特气,92,14168.0,10jqka,intraday_1430,2026-05-14 14:30:00,2026-05-14,1,1,,,missing_price_file,,,,,,,,,,,,,,,,,,,
2026-05-14,300750,宁德时代,92,36139.0,10jqka,post_close,2026-05-14 15:00:00,2026-05-06,2,1,59.0,-33.0,ok,2026-05-14,449.38,427.0,450.45,427.0,347046.0,-1.62,-4.28,-5.46,0.0,0.99,-1.86,-2.86,-2.39,-8.91,0.046,False,False,0.0
2026-05-14,000815,美利云,93,5614.0,10jqka,intraday_0950,2026-05-14 09:50:00,2026-05-06,6,1,90.0,-3.0,ok,2026-05-14,21.87,21.66,22.06,21.36,256196.0,-0.82,,,0.429,,0.0,0.0,0.0,-1.81,0.271,False,False,0.0
2026-05-14,603778,国晟科技,93,14144.0,10jqka,intraday_1430,2026-05-14 14:30:00,2026-05-06,7,7,97.0,4.0,ok,2026-05-14,25.89,26.68,26.99,24.65,704161.0,2.97,,,0.868,,0.0,0.0,0.0,-1.15,0.132,False,False,0.0
2026-05-14,603259,药明康德,93,35782.0,10jqka,post_close,2026-05-14 15:00:00,2026-05-14,1,1,,,ok,2026-05-14,110.0,103.01,111.37,103.0,601413.0,-5.43,-5.25,-7.43,0.001,1.21,-4.23,-5.44,-2.18,-10.03,0.164,False,False,0.0
2026-05-14,301308,江波龙,94,35709.0,10jqka,post_close,2026-05-14 15:00:00,2026-05-06,5,2,29.0,-65.0,ok,2026-05-14,605.79,599.0,638.5,599.0,245142.0,-2.11,7.61,23.93,0.0,0.97,6.61,20.5,37.3,-6.19,0.828,False,False,0.0
2026-05-14,603986,兆易创新,95,5508.0,10jqka,intraday_0950,2026-05-14 09:50:00,2026-05-06,7,7,89.0,-6.0,ok,2026-05-14,365.05,363.82,369.46,361.01,125324.0,-0.32,,,0.333,,0.0,0.0,0.0,-1.53,0.522,False,False,0.0
2026-05-14,002181,粤传媒,95,14064.0,10jqka,intraday_1430,2026-05-14 14:30:00,2026-05-06,7,7,80.0,-15.0,ok,2026-05-14,18.11,18.04,18.6,17.2,848808.0,0.78,,,0.6,,0.0,0.0,0.0,-3.01,0.35,False,False,0.0
2026-05-14,300390,天华新能,95,35504.0,10jqka,post_close,2026-05-14 15:00:00,2026-05-07,3,1,57.0,-38.0,ok,2026-05-14,99.29,96.52,102.6,96.49,655314.0,-3.3,-8.51,-13.11,0.005,0.87,-4.82,-7.79,1.56,-18.93,0.542,False,False,0.0
2026-05-14,002185,华天科技,96,13828.0,10jqka,intraday_1430,2026-05-14 14:30:00,2026-05-06,6,4,66.0,-30.0,ok,2026-05-14,14.67,14.51,14.88,14.36,1794383.0,-0.82,,,0.288,,0.0,0.0,0.0,-2.49,0.404,False,False,0.0
2026-05-14,600410,华胜天成,96,35452.0,10jqka,post_close,2026-05-14 15:00:00,2026-05-13,2,2,9.0,-87.0,ok,2026-05-14,23.98,23.02,24.28,23.01,1598111.0,-5.58,0.79,-2.25,0.008,1.28,-0.48,0.14,-9.25,-32.91,0.236,False,False,0.0
2026-05-14,000062,深圳华强,97,5438.0,10jqka,intraday_0950,2026-05-14 09:50:00,2026-05-06,7,7,80.0,-17.0,ok,2026-05-14,35.88,35.71,35.9,34.81,229929.0,-4.49,,,0.826,,0.0,0.0,0.0,-0.53,0.018,False,False,0.0
2026-05-14,002466,天齐锂业,97,35142.0,10jqka,post_close,2026-05-14 15:00:00,2026-05-06,5,1,90.0,-7.0,ok,2026-05-14,73.68,70.69,74.38,70.68,847469.0,-4.96,-8.63,-10.59,0.003,0.91,-5.3,-7.24,-2.09,-14.3,0.189,False,False,0.0
2026-05-14,002837,英维克,98,5265.0,10jqka,intraday_0950,2026-05-14 09:50:00,2026-05-08,2,1,66.0,-32.0,ok,2026-05-14,108.9,106.17,111.29,106.0,206769.0,-0.2,,,0.032,,0.0,0.0,0.0,-4.6,0.452,False,False,0.0
2026-05-14,603118,共进股份,98,13733.0,10jqka,intraday_1430,2026-05-14 14:30:00,2026-05-14,1,1,,,missing_price_file,,,,,,,,,,,,,,,,,,,
2026-05-14,600879,航天电子,98,34996.0,10jqka,post_close,2026-05-14 15:00:00,2026-05-08,4,1,94.0,-4.0,ok,2026-05-14,25.94,24.1,25.99,24.05,1860493.0,-7.06,-10.01,-4.78,0.026,0.87,-6.94,-3.34,-1.62,-13.46,0.026,False,False,0.0
2026-05-14,002463,沪电股份,99,13697.0,10jqka,intraday_1430,2026-05-14 14:30:00,2026-05-07,2,1,94.0,-5.0,ok,2026-05-14,110.16,107.48,110.5,106.65,153095.0,-1.1,,,0.216,,0.0,0.0,0.0,-2.73,0.088,False,False,0.0
2026-05-14,000021,深科技,99,34852.0,10jqka,post_close,2026-05-14 15:00:00,2026-05-13,2,2,93.0,-6.0,ok,2026-05-14,34.8,34.34,36.0,34.2,1813680.0,-0.78,4.16,8.88,0.078,1.42,3.9,9.17,13.7,-4.61,0.667,False,False,0.0
2026-05-14,000967,盈峰环境,100,5240.0,10jqka,intraday_0950,2026-05-14 09:50:00,2026-05-08,2,1,77.0,-23.0,ok,2026-05-14,16.3,16.78,17.09,15.89,1022763.0,2.19,,,0.742,,0.0,0.0,0.0,-1.81,0.258,False,False,0.0
2026-05-14,301531,春光集团,100,13431.0,10jqka,intraday_1430,2026-05-14 14:30:00,2026-05-11,3,1,77.0,-23.0,ok,2026-05-14,101.0,107.95,122.22,93.6,328169.0,10.72,,,0.501,,0.0,0.0,0.0,-11.68,0.499,True,False,0.0
2026-05-14,601899,紫金矿业,100,34767.0,10jqka,post_close,2026-05-14 15:00:00,2026-05-06,6,1,71.0,-29.0,ok,2026-05-14,34.49,33.52,34.76,33.5,2769481.0,-3.29,-2.19,-2.73,0.016,0.82,-2.46,-1.67,-2.69,-18.04,0.214,False,False,0.0
2026-05-15,601991,大唐发电,1,144125.0,10jqka,intraday_1430,2026-05-15 14:30:00,2026-05-06,8,8,1.0,0.0,ok,2026-05-15,6.99,7.92,7.92,6.73,15176299.0,10.0,18.21,42.96,1.0,1.77,12.24,34.49,59.79,-2.34,0.0,True,False,0.0
2026-05-15,600396,华电辽能,2,64656.0,10jqka,intraday_1430,2026-05-15 14:30:00,2026-05-06,8,8,8.0,6.0,ok,2026-05-15,14.75,15.9,16.0,14.58,2483960.0,9.2,5.65,27.81,0.93,0.86,2.15,19.07,44.27,-12.4,0.07,False,False,0.0
2026-05-15,002050,三花智控,3,59378.0,10jqka,intraday_1430,2026-05-15 14:30:00,2026-05-06,8,8,71.0,68.0,ok,2026-05-15,54.4,53.73,54.98,53.35,1852011.0,-0.59,5.52,3.95,0.233,1.05,4.62,7.74,12.71,-2.34,0.356,False,False,0.0
2026-05-15,000066,中国长城,4,50171.0,10jqka,intraday_1430,2026-05-15 14:30:00,2026-05-06,8,8,2.0,-2.0,ok,2026-05-15,21.51,20.59,21.93,20.47,4613535.0,-9.18,-18.81,-10.83,0.082,0.78,-12.17,-8.05,6.96,-20.01,0.288,False,False,0.0
2026-05-15,600584,长电科技,5,48677.0,10jqka,intraday_1430,2026-05-15 14:30:00,2026-05-06,7,5,24.0,19.0,ok,2026-05-15,55.17,56.78,59.73,54.63,2296368.0,4.55,2.79,11.88,0.422,1.21,1.52,9.77,17.88,-4.94,0.578,False,False,0.0
2026-05-15,002081,金螳螂,6,37838.0,10jqka,intraday_1430,2026-05-15 14:30:00,2026-05-06,8,8,5.0,-1.0,ok,2026-05-15,5.94,5.84,6.1,5.69,2946772.0,-1.68,-26.82,-14.12,0.366,0.51,-20.82,-14.83,4.15,-30.97,0.39,False,False,0.0
2026-05-15,002031,巨轮智能,7,35845.0,10jqka,intraday_1430,2026-05-15 14:30:00,2026-05-14,2,2,20.0,13.0,ok,2026-05-15,8.1,7.54,8.11,7.54,3625627.0,-10.02,4.72,6.8,0.0,1.17,2.09,11.54,18.08,-7.03,0.018,False,False,0.0
2026-05-15,600578,京能电力,8,34735.0,10jqka,intraday_1430,2026-05-15 14:30:00,2026-05-15,1,1,,,ok,2026-05-15,6.5,7.01,7.01,5.88,4391681.0,10.05,33.27,36.65,1.0,4.26,18.37,28.27,30.24,0.0,0.0,True,False,0.0
2026-05-15,603667,五洲新春,9,34710.0,10jqka,intraday_1430,2026-05-15 14:30:00,2026-05-15,1,1,,,ok,2026-05-15,77.03,82.89,84.65,75.9,744441.0,7.72,3.69,6.04,0.799,1.58,3.52,10.92,15.4,-14.27,0.201,False,False,0.0
2026-05-15,002407,多氟多,10,34413.0,10jqka,intraday_1430,2026-05-15 14:30:00,2026-05-06,5,1,63.0,53.0,ok,2026-05-15,42.44,38.43,42.44,38.43,2096075.0,-10.0,12.6,10.43,0.0,1.71,9.89,7.73,14.66,-9.45,0.0,False,False,0.0
2026-05-15,601138,工业富联,11,33862.0,10jqka,intraday_1430,2026-05-15 14:30:00,2026-05-06,8,8,3.0,-8.0,ok,2026-05-15,68.0,70.0,70.5,67.3,2377225.0,4.23,8.7,10.62,0.844,0.82,3.04,6.16,8.05,-5.41,0.156,False,False,0.0
2026-05-15,600522,中天科技,12,29884.0,10jqka,intraday_1430,2026-05-15 14:30:00,2026-05-06,8,8,13.0,1.0,ok,2026-05-15,44.38,40.68,44.9,40.11,3387406.0,-7.76,-7.71,-0.54,0.119,0.93,-5.97,2.24,13.3,-11.91,0.109,False,False,0.0
2026-05-15,300433,蓝思科技,13,29800.0,10jqka,intraday_1430,2026-05-15 14:30:00,2026-05-11,4,3,58.0,45.0,ok,2026-05-15,38.6,39.79,40.47,38.6,1994890.0,3.62,30.54,39.37,0.636,1.25,19.78,32.46,40.16,-1.68,0.364,False,False,0.0
2026-05-15,601689,拓普集团,14,28260.0,10jqka,intraday_1430,2026-05-15 14:30:00,2026-05-15,1,1,,,ok,2026-05-15,64.2,67.06,68.83,63.88,661218.0,4.02,0.75,0.99,0.642,1.42,1.21,4.79,9.35,-8.26,0.358,False,False,0.0
2026-05-15,002600,领益智造,15,27942.0,10jqka,intraday_1430,2026-05-15 14:30:00,2026-05-08,3,2,6.0,-9.0,ok,2026-05-15,15.7,16.29,16.47,15.21,2814262.0,4.96,9.04,8.1,0.857,1.04,4.18,8.67,11.63,-3.44,0.143,False,False,0.0
2026-05-15,001393,维通利,16,27172.0,10jqka,intraday_1430,2026-05-15 14:30:00,2026-05-15,1,1,,,ok,2026-05-15,90.02,106.5,114.8,86.84,235042.0,13.78,,,0.703,,0.0,0.0,0.0,-7.23,0.297,True,False,0.0
2026-05-15,002580,圣阳股份,17,27042.0,10jqka,intraday_1430,2026-05-15 14:30:00,2026-05-06,8,8,16.0,-1.0,ok,2026-05-15,26.1,24.23,26.26,23.89,748489.0,-7.09,-29.09,-26.35,0.143,0.59,-23.7,-21.19,-18.35,-33.62,0.068,False,False,0.0
2026-05-15,002617,露笑科技,18,26179.0,10jqka,intraday_1430,2026-05-15 14:30:00,2026-05-14,2,2,4.0,-14.0,ok,2026-05-15,9.7,9.99,10.54,9.52,3532589.0,4.28,19.93,24.72,0.461,2.18,10.73,18.24,23.26,-5.22,0.539,False,False,0.0
2026-05-15,603118,共进股份,19,8939.0,10jqka,intraday_0950,2026-05-15 09:50:00,2026-05-15,1,1,,,missing_price_file,,,,,,,,,,,,,,,,,,,
2026-05-15,600745,*ST闻泰,19,25214.0,10jqka,intraday_1430,2026-05-15 14:30:00,2026-05-06,6,3,86.0,67.0,ok,2026-05-15,16.39,17.01,17.01,16.33,361528.0,5.0,-21.83,-29.42,1.0,11.93,-16.6,-27.33,-36.26,-52.99,0.0,False,False,0.0
2026-05-15,002506,协鑫集成,20,23851.0,10jqka,intraday_1430,2026-05-15 14:30:00,2026-05-14,2,2,47.0,27.0,ok,2026-05-15,4.4,4.37,4.48,4.31,1855350.0,0.46,1.16,-1.35,0.353,0.37,-2.67,-1.24,-2.22,-31.29,0.471,False,False,0.0
2026-05-15,002217,合力泰,21,22915.0,10jqka,intraday_1430,2026-05-15 14:30:00,2026-05-06,8,8,49.0,28.0,ok,2026-05-15,3.32,3.08,3.44,3.02,9748524.0,-8.33,-11.24,-10.2,0.143,0.91,-9.52,-6.92,1.18,-18.09,0.286,False,False,0.0
2026-05-15,603986,兆易创新,22,22013.0,10jqka,intraday_1430,2026-05-15 14:30:00,2026-05-06,6,1,74.0,52.0,ok,2026-05-15,478.11,507.21,509.96,461.0,527266.0,8.21,43.77,52.16,0.944,1.14,30.55,41.31,54.7,-0.54,0.056,False,False,0.0
2026-05-15,601016,节能风电,23,21585.0,10jqka,intraday_1430,2026-05-15 14:30:00,2026-05-06,8,8,17.0,-6.0,ok,2026-05-15,4.5,4.62,4.73,4.4,3009682.0,2.67,-9.77,-5.71,0.667,0.36,-9.73,-5.7,0.65,-21.56,0.333,False,False,0.0
2026-05-15,000981,山子高科,24,21557.0,10jqka,intraday_1430,2026-05-15 14:30:00,2026-05-12,4,4,10.0,-14.0,ok,2026-05-15,4.35,4.41,4.58,4.33,8365298.0,1.38,3.28,10.25,0.32,1.07,4.3,8.54,9.66,-12.67,0.68,False,False,0.0
2026-05-15,000559,万向钱潮,25,21532.0,10jqka,intraday_1430,2026-05-15 14:30:00,2026-05-08,2,1,88.0,63.0,ok,2026-05-15,17.22,17.48,17.99,17.1,1644459.0,5.68,0.98,0.0,0.427,1.41,1.65,3.79,4.34,-15.47,0.573,False,False,0.0
2026-05-15,000601,韶能股份,26,21311.0,10jqka,intraday_1430,2026-05-15 14:30:00,2026-05-13,3,3,52.0,26.0,ok,2026-05-15,8.17,8.18,8.61,7.49,2504579.0,-0.61,1.11,12.67,0.616,1.73,0.37,8.42,13.26,-16.45,0.384,False,False,0.0
2026-05-15,000767,晋控电力,27,21173.0,10jqka,intraday_1430,2026-05-15 14:30:00,2026-05-13,3,3,85.0,58.0,ok,2026-05-15,4.7,4.88,5.08,4.38,4557262.0,3.83,4.95,17.03,0.714,1.47,3.48,11.42,17.17,-13.17,0.286,False,False,0.0
2026-05-15,601778,晶科科技,28,21144.0,10jqka,intraday_1430,2026-05-15 14:30:00,2026-05-06,8,8,11.0,-17.0,ok,2026-05-15,7.41,7.36,7.53,7.17,4355477.0,-0.81,3.66,-0.41,0.528,0.69,1.04,2.45,5.69,-6.6,0.333,False,False,0.0
2026-05-15,600487,亨通光电,29,21050.0,10jqka,intraday_1430,2026-05-15 14:30:00,2026-05-06,8,8,42.0,13.0,ok,2026-05-15,73.98,69.0,74.51,67.97,1436008.0,-6.76,-8.12,-10.7,0.157,0.82,-6.38,-5.04,2.01,-13.64,0.081,False,False,0.0
2026-05-15,002015,协鑫能科,30,20736.0,10jqka,intraday_1430,2026-05-15 14:30:00,2026-05-06,7,5,18.0,-12.0,ok,2026-05-15,21.83,22.27,23.0,21.82,1530571.0,3.34,4.75,9.27,0.381,0.75,0.59,7.25,11.99,-13.11,0.619,False,False,0.0
2026-05-15,688017,绿的谐波,31,20659.0,10jqka,intraday_1430,2026-05-15 14:30:00,2026-05-15,1,1,,,ok,2026-05-15,230.5,263.43,270.99,228.58,150504.0,14.3,-3.81,0.17,0.822,0.01,-2.65,4.85,14.18,-6.83,0.178,True,False,0.0
2026-05-15,002156,通富微电,32,20596.0,10jqka,intraday_1430,2026-05-15 14:30:00,2026-05-06,8,8,66.0,34.0,ok,2026-05-15,64.27,69.78,69.78,62.8,2256186.0,9.99,17.32,22.08,1.0,1.44,13.01,19.65,30.66,0.0,0.0,True,False,0.0
2026-05-15,002361,神剑股份,33,20588.0,10jqka,intraday_1430,2026-05-15 14:30:00,2026-05-06,8,8,12.0,-21.0,ok,2026-05-15,17.71,17.8,18.2,17.05,1234682.0,2.53,-12.1,-18.72,0.652,0.49,-10.72,-13.17,-14.14,-25.68,0.348,False,False,0.0
2026-05-15,003031,中瓷电子,34,6977.0,10jqka,intraday_0950,2026-05-15 09:50:00,2026-05-15,1,1,,,ok,2026-05-15,165.0,158.5,169.0,158.1,57741.0,-4.57,,,0.037,,0.0,0.0,0.0,-6.21,0.367,False,False,0.0
2026-05-15,002281,光迅科技,34,20332.0,10jqka,intraday_1430,2026-05-15 14:30:00,2026-05-06,8,8,25.0,-9.0,ok,2026-05-15,200.0,196.97,203.79,183.5,854321.0,-3.35,-2.25,8.99,0.664,1.05,-1.42,11.16,31.34,-7.44,0.187,False,False,0.0
2026-05-15,600156,华升股份,35,6954.0,10jqka,intraday_0950,2026-05-15 09:50:00,2026-05-15,1,1,,,missing_price_file,,,,,,,,,,,,,,,,,,,
2026-05-15,688012,中微公司,35,20127.0,10jqka,intraday_1430,2026-05-15 14:30:00,2026-05-15,1,1,,,ok,2026-05-15,432.17,469.58,475.67,428.1,269651.0,7.03,20.89,26.91,0.872,0.01,15.41,20.15,31.23,-1.28,0.128,False,False,0.0
2026-05-15,002980,华盛昌,36,6879.0,10jqka,intraday_0950,2026-05-15 09:50:00,2026-05-15,1,1,,,ok,2026-05-15,96.0,99.47,104.0,92.77,91244.0,5.07,,,0.597,,0.0,0.0,0.0,-4.36,0.403,False,False,0.0
2026-05-15,600111,北方稀土,36,20103.0,10jqka,intraday_1430,2026-05-15 14:30:00,2026-05-06,8,8,91.0,55.0,ok,2026-05-15,54.0,56.08,56.13,53.99,1456171.0,3.01,3.01,2.43,0.977,0.79,0.94,2.45,8.41,-11.78,0.023,False,False,0.0
2026-05-15,002929,润建股份,37,19800.0,10jqka,intraday_1430,2026-05-15 14:30:00,2026-05-07,5,4,69.0,32.0,ok,2026-05-15,88.14,91.19,95.59,87.0,525322.0,4.94,14.27,16.57,0.488,1.36,7.71,21.38,36.83,-5.56,0.512,False,False,0.0
2026-05-15,600703,三安光电,38,19688.0,10jqka,intraday_1430,2026-05-15 14:30:00,2026-05-06,8,8,29.0,-9.0,ok,2026-05-15,16.11,16.66,17.0,15.95,3659744.0,3.87,-0.36,9.03,0.676,1.03,-0.49,6.51,12.74,-11.24,0.324,False,False,0.0
2026-05-15,002709,天赐材料,39,19363.0,10jqka,intraday_1430,2026-05-15 14:30:00,2026-05-06,8,8,46.0,7.0,ok,2026-05-15,51.95,52.1,53.44,51.4,864551.0,-1.83,-11.08,-10.8,0.343,0.66,-8.17,-11.5,-5.11,-19.82,0.657,False,False,0.0
2026-05-15,002309,中利集团,40,19190.0,10jqka,intraday_1430,2026-05-15 14:30:00,2026-05-06,3,1,96.0,56.0,ok,2026-05-15,5.34,4.65,5.34,4.65,6584998.0,-10.06,-0.64,0.87,0.0,2.05,-2.15,0.13,5.19,-14.36,0.0,False,False,0.0
2026-05-15,600726,华电能源,41,19149.0,10jqka,intraday_1430,2026-05-15 14:30:00,2026-05-06,8,8,72.0,31.0,ok,2026-05-15,6.29,6.92,6.92,6.27,1399868.0,10.02,-10.13,-7.86,1.0,0.32,-11.03,-7.26,9.06,-23.62,0.0,True,False,0.0
2026-05-15,600759,ST洲际,42,19048.0,10jqka,intraday_1430,2026-05-15 14:30:00,2026-05-06,5,1,31.0,-11.0,ok,2026-05-15,2.52,2.52,2.52,2.52,217938.0,-4.91,-30.39,-37.16,1.0,3.5,-24.37,-35.25,-44.88,-72.28,,False,False,0.0
2026-05-15,600481,双良节能,43,5970.0,10jqka,intraday_0950,2026-05-15 09:50:00,2026-05-15,1,1,,,ok,2026-05-15,6.89,6.57,6.89,6.47,1254953.0,-5.6,,,0.238,,0.0,0.0,0.0,-4.64,0.0,False,False,0.0
2026-05-15,600330,天通股份,43,19001.0,10jqka,intraday_1430,2026-05-15 14:30:00,2026-05-06,8,8,15.0,-28.0,ok,2026-05-15,29.63,31.32,31.43,28.94,1560535.0,7.04,-4.1,7.41,0.956,0.79,-4.47,3.84,15.67,-11.9,0.044,False,False,0.0
2026-05-15,688498,源杰科技,44,5938.0,10jqka,intraday_0950,2026-05-15 09:50:00,2026-05-15,1,1,,,missing_price_file,,,,,,,,,,,,,,,,,,,
2026-05-15,000858,五粮液,44,18600.0,10jqka,intraday_1430,2026-05-15 14:30:00,2026-05-06,7,5,9.0,-35.0,ok,2026-05-15,88.0,86.94,88.08,86.62,329237.0,-2.3,-4.0,-5.63,0.219,0.88,-2.85,-5.49,-10.13,-20.38,0.055,False,False,0.0
2026-05-15,001267,汇绿生态,45,5840.0,10jqka,intraday_0950,2026-05-15 09:50:00,2026-05-15,1,1,,,ok,2026-05-15,55.55,62.38,62.38,54.61,568628.0,10.0,,,1.0,,0.0,0.0,0.0,0.0,0.0,True,False,0.0
2026-05-15,300024,机器人,45,18331.0,10jqka,intraday_1430,2026-05-15 14:30:00,2026-05-15,1,1,,,ok,2026-05-15,14.92,16.02,16.64,14.91,1048077.0,7.23,4.36,1.71,0.642,3.18,3.68,4.54,6.25,-13.41,0.358,False,False,0.0
2026-05-15,603629,利通电子,46,18078.0,10jqka,intraday_1430,2026-05-15 14:30:00,2026-05-06,8,8,33.0,-13.0,ok,2026-05-15,169.86,166.79,181.5,166.49,361010.0,-2.12,6.23,-0.48,0.02,0.93,0.51,4.89,25.89,-8.1,0.775,False,False,0.0
2026-05-15,002297,博云新材,47,17968.0,10jqka,intraday_1430,2026-05-15 14:30:00,2026-05-06,8,8,82.0,35.0,ok,2026-05-15,25.91,25.65,27.24,25.48,1243168.0,2.97,6.43,-0.23,0.097,0.78,1.82,3.37,15.82,-5.84,0.756,False,False,0.0
2026-05-15,300442,润泽科技,48,17946.0,10jqka,intraday_1430,2026-05-15 14:30:00,2026-05-13,2,1,38.0,-10.0,ok,2026-05-15,100.9,98.12,100.98,96.15,199242.0,-1.28,7.38,0.04,0.408,0.24,0.39,2.21,4.04,-7.72,0.017,False,False,0.0
2026-05-15,002008,大族激光,49,5591.0,10jqka,intraday_0950,2026-05-15 09:50:00,2026-05-07,7,7,8.0,-41.0,ok,2026-05-15,153.0,151.09,156.5,149.82,203040.0,2.0,,,0.19,,0.0,0.0,0.0,-3.46,0.524,False,False,0.0
2026-05-15,002371,北方华创,49,17577.0,10jqka,intraday_1430,2026-05-15 14:30:00,2026-05-15,1,1,,,ok,2026-05-15,650.13,689.9,719.05,626.11,191471.0,3.12,18.65,27.57,0.686,1.65,15.37,21.55,31.72,-4.05,0.314,False,False,0.0
2026-05-15,002384,东山精密,50,17291.0,10jqka,intraday_1430,2026-05-15 14:30:00,2026-05-06,8,8,36.0,-14.0,ok,2026-05-15,222.91,226.9,228.28,218.3,768121.0,2.88,3.39,7.34,0.862,0.9,3.11,8.79,19.39,-1.35,0.138,False,False,0.0
2026-05-15,002990,盛视科技,51,5500.0,10jqka,intraday_0950,2026-05-15 09:50:00,2026-05-15,1,1,,,ok,2026-05-15,69.88,69.31,70.8,65.06,75482.0,-0.14,,,0.74,,0.0,0.0,0.0,-2.1,0.16,False,False,0.0
2026-05-15,600105,永鼎股份,51,16591.0,10jqka,intraday_1430,2026-05-15 14:30:00,2026-05-07,7,7,22.0,-29.0,ok,2026-05-15,50.7,50.85,50.97,47.93,976953.0,-1.36,-2.81,1.82,0.961,0.53,-2.36,4.36,9.93,-9.82,0.039,False,False,0.0
2026-05-15,600176,中国巨石,52,16322.0,10jqka,intraday_1430,2026-05-15 14:30:00,2026-05-06,5,2,60.0,8.0,ok,2026-05-15,35.8,37.95,38.28,35.8,1494367.0,6.84,0.85,0.37,0.867,1.07,0.33,2.05,8.63,-4.38,0.133,False,False,0.0
2026-05-15,688146,中船特气,53,5385.0,10jqka,intraday_0950,2026-05-15 09:50:00,2026-05-15,1,1,,,missing_price_file,,,,,,,,,,,,,,,,,,,
2026-05-15,603278,大业股份,53,16307.0,10jqka,intraday_1430,2026-05-15 14:30:00,2026-05-11,3,1,69.0,16.0,ok,2026-05-15,14.8,16.96,16.96,14.8,758067.0,9.99,7.48,13.75,1.0,0.86,7.61,19.08,28.54,0.0,0.0,True,False,0.0
2026-05-15,002491,通鼎互联,54,5347.0,10jqka,intraday_0950,2026-05-15 09:50:00,2026-05-07,7,7,21.0,-33.0,ok,2026-05-15,24.5,25.0,25.0,23.31,1029067.0,9.99,,,1.0,,0.0,0.0,0.0,0.0,0.0,True,False,0.0
2026-05-15,001896,豫能控股,54,16079.0,10jqka,intraday_1430,2026-05-15 14:30:00,2026-05-06,7,6,41.0,-13.0,ok,2026-05-15,16.01,16.91,17.3,15.8,2196071.0,7.3,-0.41,3.05,0.74,1.13,-0.86,1.25,0.07,-12.84,0.26,False,False,0.0
2026-05-15,601899,紫金矿业,55,16062.0,10jqka,intraday_1430,2026-05-15 14:30:00,2026-05-06,7,2,100.0,45.0,ok,2026-05-15,32.99,31.78,33.0,31.5,4099430.0,-5.19,-8.1,-8.68,0.187,1.26,-5.87,-6.45,-7.33,-22.3,0.007,False,False,0.0
2026-05-15,688820,盛合晶微,56,15994.0,10jqka,intraday_1430,2026-05-15 14:30:00,2026-05-15,1,1,,,ok,2026-05-15,221.86,231.58,234.56,220.04,121980.0,1.13,68.67,82.35,0.795,0.0,40.58,68.76,92.94,-1.27,0.205,False,False,0.0
2026-05-15,002196,方正电机,57,15884.0,10jqka,intraday_1430,2026-05-15 14:30:00,2026-05-15,1,1,,,ok,2026-05-15,16.24,17.04,17.77,15.96,1151710.0,5.45,17.52,13.07,0.597,2.94,13.86,16.37,18.07,-7.89,0.403,False,False,0.0
2026-05-15,601868,中国能建,58,15846.0,10jqka,intraday_1430,2026-05-15 14:30:00,2026-05-07,7,7,26.0,-32.0,ok,2026-05-15,3.2,3.21,3.28,3.15,21816972.0,2.88,-3.31,-0.31,0.462,1.18,-2.9,2.26,6.22,-18.53,0.538,False,False,0.0
2026-05-15,300058,蓝色光标,59,15712.0,10jqka,intraday_1430,2026-05-15 14:30:00,2026-05-06,7,6,53.0,-6.0,ok,2026-05-15,17.5,17.7,18.49,17.5,3801423.0,2.02,-2.8,-5.3,0.202,0.71,-2.78,-2.52,-1.97,-14.45,0.798,False,False,0.0
2026-05-15,600580,卧龙电驱,60,15555.0,10jqka,intraday_1430,2026-05-15 14:30:00,2026-05-15,1,1,,,ok,2026-05-15,38.9,40.37,41.49,38.8,815052.0,3.65,-0.27,-1.68,0.584,1.36,0.41,2.14,4.22,-13.78,0.416,False,False,0.0
2026-05-15,002254,泰和新材,61,5094.0,10jqka,intraday_0950,2026-05-15 09:50:00,2026-05-15,1,1,,,ok,2026-05-15,15.0,14.24,15.03,14.09,470848.0,-4.37,,,0.16,,0.0,0.0,0.0,-5.26,0.032,False,False,0.0
2026-05-15,002185,华天科技,61,15323.0,10jqka,intraday_1430,2026-05-15 14:30:00,2026-05-06,6,1,84.0,23.0,ok,2026-05-15,16.0,16.97,16.97,15.91,2887819.0,9.98,17.6,23.51,1.0,1.22,13.09,19.33,26.39,0.0,0.0,True,False,0.0
2026-05-15,600379,宝光股份,62,5057.0,10jqka,intraday_0950,2026-05-15 09:50:00,2026-05-06,7,4,51.0,-11.0,ok,2026-05-15,17.6,17.0,17.6,16.69,311324.0,-4.76,,,0.341,,0.0,0.0,0.0,-3.41,0.0,False,False,0.0
2026-05-15,300308,中际旭创,62,15283.0,10jqka,intraday_1430,2026-05-15 14:30:00,2026-05-06,8,8,21.0,-41.0,ok,2026-05-15,1068.99,1039.0,1099.87,1034.0,251154.0,-3.62,2.06,17.27,0.076,0.88,1.38,9.99,15.8,-5.53,0.469,False,False,0.0
2026-05-15,002124,天邦食品,63,5046.0,10jqka,intraday_0950,2026-05-15 09:50:00,2026-05-15,1,1,,,missing_price_file,,,,,,,,,,,,,,,,,,,
2026-05-15,603773,沃格光电,63,14746.0,10jqka,intraday_1430,2026-05-15 14:30:00,2026-05-06,3,1,92.0,29.0,ok,2026-05-15,61.39,72.88,74.0,61.39,414628.0,7.99,-10.86,0.18,0.911,1.29,-10.27,-3.26,9.49,-18.0,0.089,False,False,0.0
2026-05-15,600172,黄河旋风,64,14707.0,10jqka,intraday_1430,2026-05-15 14:30:00,2026-05-12,4,4,19.0,-45.0,ok,2026-05-15,11.5,12.09,12.09,11.16,1887389.0,10.01,12.36,36.0,1.0,0.78,7.37,21.45,30.58,-3.12,0.0,True,False,0.0
2026-05-15,002181,粤传媒,65,14456.0,10jqka,intraday_1430,2026-05-15 14:30:00,2026-05-06,6,1,57.0,-8.0,ok,2026-05-15,14.85,14.57,15.42,14.49,1214502.0,-8.65,-21.88,-20.6,0.086,1.15,-17.29,-16.63,-6.17,-27.15,0.613,False,False,0.0
2026-05-15,002918,蒙娜丽莎,66,14356.0,10jqka,intraday_1430,2026-05-15 14:30:00,2026-05-15,1,1,,,ok,2026-05-15,18.63,18.63,18.63,17.6,464778.0,9.98,33.07,61.02,1.0,2.21,19.88,40.7,50.26,0.0,0.0,True,False,0.0
2026-05-15,600488,津药药业,67,14288.0,10jqka,intraday_1430,2026-05-15 14:30:00,2026-05-11,3,1,53.0,-14.0,ok,2026-05-15,7.19,7.01,7.2,7.01,392957.0,-10.01,-3.44,16.83,0.0,0.21,-2.26,7.37,9.17,-16.94,0.053,False,False,0.0
2026-05-15,603052,可川科技,68,4946.0,10jqka,intraday_0950,2026-05-15 09:50:00,2026-05-15,1,1,,,ok,2026-05-15,114.89,117.28,120.47,109.37,80547.0,1.65,,,0.713,,0.0,0.0,0.0,-2.65,0.287,False,False,0.0
2026-05-15,000592,平潭发展,68,14254.0,10jqka,intraday_1430,2026-05-15 14:30:00,2026-05-07,7,7,14.0,-54.0,ok,2026-05-15,10.36,10.45,10.53,10.05,1299187.0,0.77,-12.77,-8.65,0.833,0.41,-9.54,-7.4,-6.22,-20.83,0.167,False,False,0.0
2026-05-15,002747,埃斯顿,69,14133.0,10jqka,intraday_1430,2026-05-15 14:30:00,2026-05-15,1,1,,,ok,2026-05-15,28.61,29.55,30.45,28.46,1094835.0,3.29,20.27,22.72,0.548,3.04,16.99,23.47,31.63,-2.96,0.452,False,False,0.0
2026-05-15,002165,红宝丽,70,4854.0,10jqka,intraday_0950,2026-05-15 09:50:00,2026-05-15,1,1,,,ok,2026-05-15,8.51,9.39,9.39,8.43,1287346.0,9.95,,,1.0,,0.0,0.0,0.0,0.0,0.0,True,False,0.0
2026-05-15,002428,云南锗业,70,14009.0,10jqka,intraday_1430,2026-05-15 14:30:00,2026-05-06,8,8,51.0,-19.0,ok,2026-05-15,89.69,90.04,95.55,88.74,937011.0,-0.61,-11.22,4.61,0.191,0.86,-6.67,4.11,16.28,-14.39,0.809,False,False,0.0
2026-05-15,600206,有研新材,71,4837.0,10jqka,intraday_0950,2026-05-15 09:50:00,2026-05-11,4,1,99.0,28.0,ok,2026-05-15,32.87,31.6,32.87,30.49,351214.0,-3.86,,,0.466,,0.0,0.0,0.0,-3.86,0.0,False,False,0.0
2026-05-15,002475,立讯精密,71,13910.0,10jqka,intraday_1430,2026-05-15 14:30:00,2026-05-06,8,8,44.0,-27.0,ok,2026-05-15,73.7,72.15,73.71,71.15,1413742.0,-3.41,-6.53,1.21,0.391,0.62,-5.3,-0.41,4.67,-11.78,0.004,False,False,0.0
2026-05-15,600707,彩虹股份,72,4754.0,10jqka,intraday_0950,2026-05-15 09:50:00,2026-05-14,2,2,80.0,8.0,missing_price_file,,,,,,,,,,,,,,,,,,,
2026-05-15,002009,天奇股份,72,13780.0,10jqka,intraday_1430,2026-05-15 14:30:00,2026-05-15,1,1,,,ok,2026-05-15,24.4,26.96,26.96,24.22,505829.0,10.0,1.35,0.0,1.0,0.84,0.19,5.26,8.19,-29.05,0.0,True,False,0.0
2026-05-15,002202,金风科技,73,13758.0,10jqka,intraday_1430,2026-05-15 14:30:00,2026-05-06,8,8,28.0,-45.0,ok,2026-05-15,25.2,24.74,25.28,24.3,1374546.0,-1.83,-9.28,-13.16,0.449,0.65,-7.69,-9.1,-6.6,-25.71,0.082,False,False,0.0
2026-05-15,600699,均胜电子,74,13626.0,10jqka,intraday_1430,2026-05-15 14:30:00,2026-05-15,1,1,,,ok,2026-05-15,30.9,32.24,32.9,30.53,1009835.0,4.61,13.76,8.81,0.722,1.61,8.41,9.47,12.79,-2.01,0.278,False,False,0.0
2026-05-15,002498,汉缆股份,75,13379.0,10jqka,intraday_1430,2026-05-15 14:30:00,2026-05-07,4,3,54.0,-21.0,ok,2026-05-15,9.57,9.84,10.1,9.46,2278362.0,1.97,-1.7,7.89,0.594,0.85,-1.82,3.27,7.21,-15.9,0.406,False,False,0.0
2026-05-15,301171,易点天下,76,13214.0,10jqka,intraday_1430,2026-05-15 14:30:00,2026-05-15,1,1,,,ok,2026-05-15,40.51,43.7,46.0,40.0,1154369.0,9.41,2.29,1.86,0.617,1.27,2.86,8.95,14.47,-11.77,0.383,False,False,0.0
2026-05-15,000938,紫光股份,77,13173.0,10jqka,intraday_1430,2026-05-15 14:30:00,2026-05-08,4,1,67.0,-10.0,ok,2026-05-15,32.3,31.7,33.96,31.69,2538262.0,-1.37,3.29,-4.43,0.004,1.07,-0.4,-1.4,2.76,-8.09,0.731,False,False,0.0
2026-05-15,002208,合肥城建,78,13148.0,10jqka,intraday_1430,2026-05-15 14:30:00,2026-05-15,1,1,,,ok,2026-05-15,21.35,20.06,21.43,19.68,1232827.0,-7.43,22.62,41.97,0.217,1.57,12.58,26.56,41.1,-6.39,0.046,False,False,0.0
2026-05-15,000988,华工科技,79,12746.0,10jqka,intraday_1430,2026-05-15 14:30:00,2026-05-06,8,8,64.0,-15.0,ok,2026-05-15,138.1,133.76,142.98,130.26,815520.0,-2.65,-7.21,-2.14,0.275,0.82,-5.13,-0.1,7.02,-11.12,0.384,False,False,0.0
2026-05-15,003022,联泓新科,80,4572.0,10jqka,intraday_0950,2026-05-15 09:50:00,2026-05-15,1,1,,,ok,2026-05-15,26.64,26.09,27.38,25.99,173721.0,-5.09,,,0.072,,0.0,0.0,0.0,-4.71,0.532,False,False,0.0
2026-05-15,600509,天富能源,80,12639.0,10jqka,intraday_1430,2026-05-15 14:30:00,2026-05-15,1,1,,,ok,2026-05-15,10.78,10.07,11.36,10.02,2676058.0,-2.52,11.03,16.69,0.037,3.6,4.81,12.33,18.5,-11.36,0.433,False,False,0.0
2026-05-15,688256,寒武纪,81,4556.0,10jqka,intraday_0950,2026-05-15 09:50:00,2026-05-06,6,1,63.0,-18.0,ok,2026-05-15,1217.03,1185.02,1220.0,1166.22,69602.0,-5.4,,,0.35,,0.0,0.0,0.0,-2.87,0.055,False,False,0.0
2026-05-15,001309,德明利,81,12381.0,10jqka,intraday_1430,2026-05-15 14:30:00,2026-05-06,6,3,31.0,-50.0,ok,2026-05-15,722.01,701.58,759.99,700.66,188558.0,-2.78,13.52,17.38,0.016,1.12,4.39,13.17,24.67,-7.69,0.64,False,False,0.0
2026-05-15,603779,威龙股份,82,4517.0,10jqka,intraday_0950,2026-05-15 09:50:00,2026-05-15,1,1,,,missing_price_file,,,,,,,,,,,,,,,,,,,
2026-05-15,000925,众合科技,82,12381.0,10jqka,intraday_1430,2026-05-15 14:30:00,2026-05-06,3,1,11.0,-71.0,ok,2026-05-15,9.7,9.59,10.01,9.59,1269137.0,-10.04,-10.87,-2.34,0.0,0.87,-8.89,-5.33,4.74,-19.0,0.738,False,False,0.0
2026-05-15,603778,国晟科技,83,12366.0,10jqka,intraday_1430,2026-05-15 14:30:00,2026-05-06,7,1,60.0,-23.0,ok,2026-05-15,22.19,21.5,22.68,21.5,441166.0,-10.0,-13.62,-20.34,0.0,0.55,-8.39,-14.73,-16.68,-37.26,0.415,False,False,0.0
2026-05-15,600903,贵州燃气,84,4414.0,10jqka,intraday_0950,2026-05-15 09:50:00,2026-05-15,1,1,,,missing_price_file,,,,,,,,,,,,,,,,,,,
2026-05-15,301696,三瑞智能,84,12191.0,10jqka,intraday_1430,2026-05-15 14:30:00,2026-05-15,1,1,,,ok,2026-05-15,116.35,139.48,139.48,114.4,112835.0,20.0,9.22,8.78,1.0,0.97,10.63,20.25,28.79,0.0,0.0,True,False,0.0
2026-05-15,002342,巨力索具,85,12133.0,10jqka,intraday_1430,2026-05-15 14:30:00,2026-05-06,8,8,23.0,-62.0,ok,2026-05-15,13.37,12.69,13.45,12.45,1739863.0,-3.64,-37.79,-42.61,0.24,0.71,-33.65,-36.13,-35.0,-47.13,0.08,False,False,0.0
2026-05-15,000831,中国稀土,86,12058.0,10jqka,intraday_1430,2026-05-15 14:30:00,2026-05-15,1,1,,,ok,2026-05-15,54.15,55.77,59.0,54.01,588712.0,2.8,-0.05,0.94,0.353,1.39,-0.71,0.35,3.62,-15.42,0.647,False,False,0.0
2026-05-15,601179,中国西电,87,12026.0,10jqka,intraday_1430,2026-05-15 14:30:00,2026-05-08,6,6,68.0,-19.0,ok,2026-05-15,18.8,17.87,18.94,17.86,3055920.0,-6.05,-6.93,3.96,0.009,0.85,-2.67,0.4,1.04,-13.46,0.13,False,False,0.0
2026-05-15,688008,澜起科技,88,4324.0,10jqka,intraday_0950,2026-05-15 09:50:00,2026-05-06,5,2,58.0,-30.0,ok,2026-05-15,280.0,271.31,282.0,268.5,365711.0,4.83,,,0.208,,0.0,0.0,0.0,-3.79,0.148,False,False,0.0
2026-05-15,603738,泰晶科技,88,11894.0,10jqka,intraday_1430,2026-05-15 14:30:00,2026-05-07,4,1,74.0,-14.0,ok,2026-05-15,53.53,55.2,58.28,53.53,677463.0,4.19,1.69,17.42,0.352,1.41,2.92,16.23,35.74,-5.28,0.648,False,False,0.0
2026-05-15,603538,美诺华,89,4321.0,10jqka,intraday_0950,2026-05-15 09:50:00,2026-05-06,7,1,46.0,-43.0,ok,2026-05-15,56.02,54.44,56.5,53.56,206610.0,-5.04,,,0.299,,0.0,0.0,0.0,-3.65,0.163,False,False,0.0
2026-05-15,300115,长盈精密,89,11889.0,10jqka,intraday_1430,2026-05-15 14:30:00,2026-05-15,1,1,,,ok,2026-05-15,36.61,37.82,39.5,35.9,1197626.0,3.42,5.44,4.02,0.533,1.56,3.17,6.94,10.09,-9.13,0.467,False,False,0.0
2026-05-15,600519,贵州茅台,90,4290.0,10jqka,intraday_0950,2026-05-15 09:50:00,2026-05-06,2,1,99.0,9.0,ok,2026-05-15,1335.15,1335.09,1337.0,1330.0,15429.0,-0.53,,,0.727,,0.0,0.0,0.0,-0.14,0.264,False,False,0.0
2026-05-15,688981,中芯国际,90,11729.0,10jqka,intraday_1430,2026-05-15 14:30:00,2026-05-15,1,1,,,ok,2026-05-15,150.73,148.67,154.44,145.5,1576870.0,-4.7,21.88,23.57,0.355,0.02,17.45,20.59,28.33,-3.74,0.415,False,False,0.0
2026-05-15,002245,蔚蓝锂芯,91,4263.0,10jqka,intraday_0950,2026-05-15 09:50:00,2026-05-06,2,1,61.0,-30.0,ok,2026-05-15,27.06,26.59,27.39,25.9,527607.0,-0.34,,,0.463,,0.0,0.0,0.0,-2.92,0.221,False,False,0.0
2026-05-15,600186,莲花控股,91,11627.0,10jqka,intraday_1430,2026-05-15 14:30:00,2026-05-06,8,8,73.0,-18.0,ok,2026-05-15,12.05,12.93,12.93,12.04,2510617.0,10.04,29.43,23.14,1.0,0.85,18.67,18.57,32.55,0.0,0.0,True,False,0.0
2026-05-15,600118,中国卫星,92,11549.0,10jqka,intraday_1430,2026-05-15 14:30:00,2026-05-06,6,2,27.0,-65.0,ok,2026-05-15,85.0,86.23,87.88,84.84,535362.0,-1.15,-22.77,-24.48,0.457,0.75,-18.16,-18.35,-13.81,-27.84,0.543,False,False,0.0
2026-05-15,603045,福达合金,93,4243.0,10jqka,intraday_0950,2026-05-15 09:50:00,2026-05-08,5,1,66.0,-27.0,ok,2026-05-15,69.0,70.28,70.77,67.79,53157.0,1.27,,,0.836,,0.0,0.0,0.0,-0.69,0.164,False,False,0.0
2026-05-15,603007,顺景科技,93,11449.0,10jqka,intraday_1430,2026-05-15 14:30:00,2026-05-15,1,1,,,ok,2026-05-15,9.1,8.33,9.1,8.33,2301800.0,-10.04,8.89,26.6,0.0,3.15,2.56,16.72,22.32,-10.04,0.0,False,False,0.0
2026-05-15,600498,烽火通信,94,11371.0,10jqka,intraday_1430,2026-05-15 14:30:00,2026-05-08,5,2,77.0,-17.0,ok,2026-05-15,59.16,53.72,59.88,53.69,1226143.0,-9.21,-8.96,-5.75,0.005,0.87,-7.8,-1.78,0.72,-14.72,0.116,False,False,0.0
2026-05-15,688234,天岳先进,95,4225.0,10jqka,intraday_0950,2026-05-15 09:50:00,2026-05-15,1,1,,,missing_price_file,,,,,,,,,,,,,,,,,,,
2026-05-15,300394,天孚通信,95,11155.0,10jqka,intraday_1430,2026-05-15 14:30:00,2026-05-13,3,3,62.0,-33.0,ok,2026-05-15,401.0,389.0,414.08,381.91,622045.0,-0.77,13.59,19.22,0.22,1.14,6.08,13.65,12.8,-6.06,0.407,False,False,0.0
2026-05-15,000977,浪潮信息,96,4221.0,10jqka,intraday_0950,2026-05-15 09:50:00,2026-05-11,3,2,91.0,-5.0,ok,2026-05-15,71.6,70.99,72.7,70.46,196080.0,-0.85,,,0.237,,0.0,0.0,0.0,-2.35,0.491,False,False,0.0
2026-05-15,300476,胜宏科技,96,11124.0,10jqka,intraday_1430,2026-05-15 14:30:00,2026-05-07,6,2,45.0,-51.0,ok,2026-05-15,390.0,382.72,391.01,372.18,671493.0,1.92,1.94,6.71,0.56,1.17,1.86,7.4,12.84,-2.12,0.054,False,False,0.0
2026-05-15,002560,通达股份,97,4190.0,10jqka,intraday_0950,2026-05-15 09:50:00,2026-05-13,3,3,39.0,-58.0,ok,2026-05-15,12.68,12.07,12.89,11.79,1009967.0,-6.43,,,0.255,,0.0,0.0,0.0,-6.36,0.191,False,False,0.0
2026-05-15,601012,隆基绿能,97,11122.0,10jqka,intraday_1430,2026-05-15 14:30:00,2026-05-15,1,1,,,ok,2026-05-15,16.28,15.6,16.28,15.55,2457676.0,-4.29,-6.59,-4.65,0.068,1.38,-4.87,-5.14,-7.85,-21.01,0.0,False,False,0.0
2026-05-15,300782,卓胜微,98,4151.0,10jqka,intraday_0950,2026-05-15 09:50:00,2026-05-15,1,1,,,missing_price_file,,,,,,,,,,,,,,,,,,,
2026-05-15,920178,锐翔智能,98,11050.0,10jqka,intraday_1430,2026-05-15 14:30:00,2026-05-15,1,1,,,ok,2026-05-15,165.0,173.99,197.0,165.0,116072.0,,,,0.281,,0.0,0.0,0.0,-11.68,0.719,False,False,0.0
2026-05-15,600160,巨化股份,99,11040.0,10jqka,intraday_1430,2026-05-15 14:30:00,2026-05-15,1,1,,,ok,2026-05-15,35.84,35.55,36.06,35.3,240656.0,-0.81,1.11,-0.08,0.329,0.69,0.86,-0.83,0.95,-19.06,0.289,False,False,0.0
2026-05-15,920580,科创新材,100,4110.0,10jqka,intraday_0950,2026-05-15 09:50:00,2026-05-15,1,1,,,missing_price_file,,,,,,,,,,,,,,,,,,,
2026-05-15,601869,长飞光纤,100,10930.0,10jqka,intraday_1430,2026-05-15 14:30:00,2026-05-07,4,1,100.0,0.0,ok,2026-05-15,400.01,373.0,404.7,366.66,142649.0,-7.83,-9.35,-6.1,0.167,0.84,-6.58,-3.58,-2.41,-13.26,0.123,False,False,0.0
2026-05-18,002342,巨力索具,1,91418.0,10jqka,intraday_1430,2026-05-18 14:30:00,2026-05-06,9,9,85.0,84.0,ok,2026-05-18,13.37,12.69,13.45,12.45,1739863.0,-3.64,-37.98,-42.76,0.24,0.83,-31.69,-36.3,-35.19,-47.13,0.08,False,False,0.0
2026-05-18,601991,大唐发电,2,72417.0,10jqka,intraday_1430,2026-05-18 14:30:00,2026-05-06,9,9,1.0,-1.0,ok,2026-05-18,6.8,7.37,7.44,6.8,7864962.0,6.97,0.0,21.02,0.891,0.86,0.79,18.93,43.65,-9.12,0.109,False,False,0.0
2026-05-18,300433,蓝思科技,3,60019.0,10jqka,intraday_1430,2026-05-18 14:30:00,2026-05-11,5,4,13.0,10.0,ok,2026-05-18,38.6,39.79,40.47,38.6,1994890.0,3.62,21.72,29.1,0.636,1.06,17.39,28.86,39.03,-1.68,0.364,False,False,0.0
2026-05-18,002081,金螳螂,4,55914.0,10jqka,intraday_1430,2026-05-18 14:30:00,2026-05-06,9,9,6.0,2.0,ok,2026-05-18,5.94,5.84,6.1,5.69,2946772.0,-1.68,-25.89,-19.45,0.366,0.52,-22.09,-17.82,0.15,-32.09,0.39,False,False,0.0
2026-05-18,002031,巨轮智能,5,49412.0,10jqka,intraday_1430,2026-05-18 14:30:00,2026-05-14,3,3,7.0,2.0,ok,2026-05-18,8.1,7.54,8.11,7.54,3625627.0,-10.02,3.43,3.86,0.0,1.01,-0.97,7.16,16.0,-10.24,0.018,False,False,0.0
2026-05-18,600522,中天科技,6,42969.0,10jqka,intraday_1430,2026-05-18 14:30:00,2026-05-06,9,9,12.0,6.0,ok,2026-05-18,41.9,43.42,44.68,41.9,2939488.0,5.93,-0.41,-1.0,0.547,0.79,0.42,6.59,18.31,-5.98,0.453,False,False,0.0
2026-05-18,600396,华电辽能,7,42009.0,10jqka,intraday_1430,2026-05-18 14:30:00,2026-05-06,9,9,2.0,-5.0,ok,2026-05-18,14.75,15.9,16.0,14.58,2483960.0,9.2,-3.99,16.23,0.93,0.87,-2.55,13.14,38.38,-12.4,0.07,False,False,0.0
2026-05-18,002181,粤传媒,8,41827.0,10jqka,intraday_1430,2026-05-18 14:30:00,2026-05-06,7,2,65.0,57.0,ok,2026-05-18,14.85,14.57,15.42,14.49,1214502.0,-8.65,-18.6,-23.56,0.086,1.18,-17.88,-18.82,-8.13,-27.15,0.613,False,False,0.0
2026-05-18,002407,多氟多,9,40614.0,10jqka,intraday_1430,2026-05-18 14:30:00,2026-05-06,6,2,10.0,1.0,ok,2026-05-18,42.44,38.43,42.44,38.43,2096075.0,-10.0,12.86,8.9,0.0,1.78,9.27,7.54,13.57,-9.45,0.0,False,False,0.0
2026-05-18,603986,兆易创新,10,40132.0,10jqka,intraday_1430,2026-05-18 14:30:00,2026-05-06,7,2,22.0,12.0,ok,2026-05-18,478.11,507.21,509.96,461.0,527266.0,8.21,38.96,40.35,0.944,1.06,29.62,38.72,52.33,-0.54,0.056,False,False,0.0
2026-05-18,600759,ST洲际,11,38916.0,10jqka,intraday_1430,2026-05-18 14:30:00,2026-05-06,6,2,42.0,31.0,ok,2026-05-18,2.52,2.52,2.52,2.52,217938.0,-4.91,-26.74,-33.86,1.0,3.48,-21.05,-32.09,-43.34,-72.28,,False,False,0.0
2026-05-18,001365,天海电子,12,35005.0,10jqka,intraday_1430,2026-05-18 14:30:00,2026-05-18,1,1,,,ok,2026-05-18,81.0,69.91,82.88,61.02,377001.0,157.12,,,0.407,,0.0,0.0,0.0,-15.65,0.086,True,False,0.0
2026-05-18,002208,合肥城建,13,34878.0,10jqka,intraday_1430,2026-05-18 14:30:00,2026-05-15,2,2,78.0,65.0,ok,2026-05-18,21.35,20.06,21.43,19.68,1232827.0,-7.43,11.44,34.9,0.217,1.19,5.6,20.64,37.01,-7.77,0.046,False,False,0.0
2026-05-18,601138,工业富联,14,34055.0,10jqka,intraday_1430,2026-05-18 14:30:00,2026-05-06,9,9,11.0,-3.0,ok,2026-05-18,68.0,70.0,70.5,67.3,2377225.0,4.23,-1.19,6.3,0.844,0.73,2.5,5.94,7.24,-5.41,0.156,False,False,0.0
2026-05-18,600584,长电科技,15,33956.0,10jqka,intraday_1430,2026-05-18 14:30:00,2026-05-06,8,6,5.0,-10.0,ok,2026-05-18,57.47,57.92,61.96,57.01,2158301.0,-0.22,0.75,3.74,0.184,1.05,2.33,8.85,18.33,-6.52,0.816,False,False,0.0
2026-05-18,600578,京能电力,16,31875.0,10jqka,intraday_1430,2026-05-18 14:30:00,2026-05-15,2,2,8.0,-8.0,ok,2026-05-18,7.23,7.71,7.71,7.23,2395146.0,9.99,33.16,48.84,1.0,1.35,19.94,34.25,40.0,0.0,0.0,True,False,0.0
2026-05-18,000988,华工科技,17,31581.0,10jqka,intraday_1430,2026-05-18 14:30:00,2026-05-06,9,9,79.0,62.0,ok,2026-05-18,137.53,147.38,147.38,137.03,669460.0,10.0,3.72,-0.12,1.0,0.7,4.52,7.77,16.27,-2.07,0.0,True,False,0.0
2026-05-18,000559,万向钱潮,18,31324.0,10jqka,intraday_1430,2026-05-18 14:30:00,2026-05-08,3,2,25.0,7.0,ok,2026-05-18,17.3,18.19,18.98,17.11,1847546.0,3.94,5.45,3.35,0.578,1.58,5.28,6.51,7.96,-12.04,0.422,False,False,0.0
2026-05-18,603601,再升科技,19,30461.0,10jqka,intraday_1430,2026-05-18 14:30:00,2026-05-06,8,1,61.0,42.0,ok,2026-05-18,19.3,19.85,20.77,18.8,2265305.0,2.9,9.85,10.89,0.533,1.1,12.49,14.13,21.74,-4.43,0.467,False,False,0.0
2026-05-18,601877,正泰电器,20,6117.0,10jqka,intraday_0950,2026-05-18 09:50:00,2026-05-18,1,1,,,missing_price_file,,,,,,,,,,,,,,,,,,,
2026-05-18,002050,三花智控,20,30395.0,10jqka,intraday_1430,2026-05-18 14:30:00,2026-05-06,9,9,3.0,-17.0,ok,2026-05-18,54.4,53.73,54.98,53.35,1852011.0,-0.59,4.33,4.92,0.233,1.03,4.27,6.2,11.89,-2.34,0.356,False,False,0.0
2026-05-18,002149,西部材料,21,29869.0,10jqka,intraday_1430,2026-05-18 14:30:00,2026-05-06,8,1,57.0,36.0,ok,2026-05-18,73.98,70.41,73.98,69.0,581894.0,-2.37,-6.07,-6.67,0.283,0.76,-1.59,-1.17,8.24,-10.73,0.0,False,False,0.0
2026-05-18,300136,信维通信,22,29768.0,10jqka,intraday_1430,2026-05-18 14:30:00,2026-05-06,7,1,40.0,18.0,ok,2026-05-18,122.0,119.2,124.55,113.8,1028090.0,0.18,4.88,3.19,0.502,0.92,9.53,13.42,28.47,-4.3,0.237,False,False,0.0
2026-05-18,002281,光迅科技,23,29601.0,10jqka,intraday_1430,2026-05-18 14:30:00,2026-05-06,9,9,34.0,11.0,ok,2026-05-18,213.0,222.97,226.3,203.1,680411.0,3.29,12.63,12.16,0.856,0.82,9.01,19.77,43.15,-1.47,0.144,False,False,0.0
2026-05-18,000066,中国长城,24,28149.0,10jqka,intraday_1430,2026-05-18 14:30:00,2026-05-06,9,9,4.0,-20.0,ok,2026-05-18,20.34,20.08,20.96,19.98,2869939.0,-2.05,-20.29,-14.19,0.102,0.51,-11.78,-11.11,3.15,-21.99,0.633,False,False,0.0
2026-05-18,600745,*ST闻泰,25,28039.0,10jqka,intraday_1430,2026-05-18 14:30:00,2026-05-06,7,4,19.0,-6.0,ok,2026-05-18,16.39,17.01,17.01,16.33,361528.0,5.0,-17.71,-25.72,1.0,9.18,-12.98,-24.38,-34.67,-52.99,0.0,False,False,0.0
2026-05-18,002580,圣阳股份,26,26078.0,10jqka,intraday_1430,2026-05-18 14:30:00,2026-05-06,9,9,17.0,-9.0,ok,2026-05-18,26.1,24.23,26.26,23.89,748489.0,-7.09,-30.37,-29.3,0.143,0.57,-20.67,-21.09,-18.75,-33.62,0.068,False,False,0.0
2026-05-18,603667,五洲新春,27,25810.0,10jqka,intraday_1430,2026-05-18 14:30:00,2026-05-15,2,2,9.0,-18.0,ok,2026-05-18,77.03,82.89,84.65,75.9,744441.0,7.72,1.83,4.69,0.799,1.34,2.18,7.99,14.26,-14.27,0.201,False,False,0.0
2026-05-18,000021,深科技,28,25443.0,10jqka,intraday_1430,2026-05-18 14:30:00,2026-05-13,3,1,99.0,71.0,ok,2026-05-18,35.8,37.03,37.03,35.4,931479.0,10.01,6.99,12.31,1.0,0.61,7.68,13.1,19.97,0.0,0.0,True,False,0.0
2026-05-18,002445,中南文化,29,24973.0,10jqka,intraday_1430,2026-05-18 14:30:00,2026-05-18,1,1,,,ok,2026-05-18,4.03,3.99,4.05,3.92,2910244.0,-6.12,-0.25,3.1,0.538,1.32,-0.5,1.99,6.97,-16.35,0.154,False,False,0.0
2026-05-18,000858,五粮液,30,24912.0,10jqka,intraday_1430,2026-05-18 14:30:00,2026-05-06,8,6,44.0,14.0,ok,2026-05-18,83.74,83.18,84.59,82.88,251748.0,-1.14,-6.7,-9.4,0.175,0.64,-5.21,-8.05,-13.1,-23.82,0.497,False,False,0.0
2026-05-18,002131,利欧股份,31,23642.0,10jqka,intraday_1430,2026-05-18 14:30:00,2026-05-06,3,1,90.0,59.0,ok,2026-05-18,6.73,6.41,6.81,6.31,3718795.0,-3.61,-6.29,-7.9,0.2,1.02,-3.11,-4.98,-10.32,-34.39,0.16,False,False,0.0
2026-05-18,002384,东山精密,32,23048.0,10jqka,intraday_1430,2026-05-18 14:30:00,2026-05-06,9,9,50.0,18.0,ok,2026-05-18,222.91,226.9,228.28,218.3,768121.0,2.88,2.79,3.94,0.862,0.88,4.53,7.81,17.61,-1.35,0.138,False,False,0.0
2026-05-18,002196,方正电机,33,22513.0,10jqka,intraday_1430,2026-05-18 14:30:00,2026-05-15,2,2,57.0,24.0,ok,2026-05-18,16.24,17.04,17.77,15.96,1151710.0,5.45,16.71,15.68,0.597,2.44,12.91,15.12,17.59,-7.89,0.403,False,False,0.0
2026-05-18,002929,润建股份,34,21910.0,10jqka,intraday_1430,2026-05-18 14:30:00,2026-05-07,6,5,37.0,3.0,ok,2026-05-18,88.0,88.48,91.69,81.75,417340.0,4.92,0.8,13.95,0.677,0.91,1.48,12.39,29.75,-8.37,0.323,False,False,0.0
2026-05-18,300058,蓝色光标,35,21535.0,10jqka,intraday_1430,2026-05-18 14:30:00,2026-05-06,8,7,59.0,24.0,ok,2026-05-18,17.73,18.54,19.0,17.53,4510668.0,3.58,-1.59,-2.06,0.687,0.95,2.32,1.48,2.09,-10.39,0.313,False,False,0.0
2026-05-18,603278,大业股份,36,21060.0,10jqka,intraday_1430,2026-05-18 14:30:00,2026-05-11,4,2,53.0,17.0,ok,2026-05-18,14.8,16.96,16.96,14.8,758067.0,9.99,10.92,10.49,1.0,0.83,5.46,14.8,25.62,0.0,0.0,True,False,0.0
2026-05-18,601899,紫金矿业,37,20910.0,10jqka,intraday_1430,2026-05-18 14:30:00,2026-05-06,8,3,55.0,18.0,ok,2026-05-18,30.16,30.89,31.14,29.88,2370757.0,3.0,-10.88,-9.86,0.802,0.67,-6.67,-8.21,-9.4,-24.47,0.198,False,False,0.0
2026-05-18,301666,大普微,38,20865.0,10jqka,intraday_1430,2026-05-18 14:30:00,2026-05-06,6,1,10.0,-28.0,ok,2026-05-18,850.0,860.0,918.88,823.93,53077.0,-3.26,36.29,71.6,0.38,0.72,29.21,57.42,118.78,-6.41,0.62,False,False,0.0
2026-05-18,002714,牧原股份,39,20594.0,10jqka,intraday_1430,2026-05-18 14:30:00,2026-05-18,1,1,,,ok,2026-05-18,42.3,40.43,42.33,40.23,744066.0,-4.87,-4.6,-7.9,0.095,1.42,-3.94,-6.07,-7.34,-21.46,0.014,False,False,0.0
2026-05-18,002915,中欣氟材,40,4092.0,10jqka,intraday_0950,2026-05-18 09:50:00,2026-05-18,1,1,,,missing_price_file,,,,,,,,,,,,,,,,,,,
2026-05-18,002297,博云新材,40,18997.0,10jqka,intraday_1430,2026-05-18 14:30:00,2026-05-06,9,9,47.0,7.0,ok,2026-05-18,27.38,29.24,29.24,27.33,1151164.0,10.01,11.82,16.26,1.0,0.75,12.25,14.95,27.76,0.0,0.0,True,False,0.0
2026-05-18,603629,利通电子,41,18722.0,10jqka,intraday_1430,2026-05-18 14:30:00,2026-05-06,9,9,46.0,5.0,ok,2026-05-18,200.9,199.19,208.0,185.8,326724.0,1.81,15.33,22.34,0.603,0.84,14.57,19.9,44.12,-4.24,0.32,False,False,0.0
2026-05-18,002185,华天科技,42,18488.0,10jqka,intraday_1430,2026-05-18 14:30:00,2026-05-06,7,2,61.0,19.0,ok,2026-05-18,16.0,16.97,16.97,15.91,2887819.0,9.98,15.99,15.13,1.0,1.15,13.76,18.06,25.53,0.0,0.0,True,False,0.0
2026-05-18,002421,达实智能,43,18354.0,10jqka,intraday_1430,2026-05-18 14:30:00,2026-05-18,1,1,,,ok,2026-05-18,4.59,4.8,4.8,4.5,7721958.0,10.09,58.42,58.42,1.0,7.88,41.93,50.66,59.73,0.0,0.0,True,False,0.0
2026-05-18,601689,拓普集团,44,18288.0,10jqka,intraday_1430,2026-05-18 14:30:00,2026-05-15,2,2,14.0,-30.0,ok,2026-05-18,64.2,67.06,68.83,63.88,661218.0,4.02,0.69,0.89,0.642,1.29,0.31,2.81,8.39,-8.21,0.358,False,False,0.0
2026-05-18,001309,德明利,45,3943.0,10jqka,intraday_0950,2026-05-18 09:50:00,2026-05-06,9,9,25.0,-20.0,ok,2026-05-18,707.0,735.62,739.0,702.58,57406.0,3.31,,,0.907,,0.0,0.0,0.0,-0.46,0.093,False,False,0.0
2026-05-18,600487,亨通光电,45,18225.0,10jqka,intraday_1430,2026-05-18 14:30:00,2026-05-06,9,9,29.0,-16.0,ok,2026-05-18,69.01,71.5,72.95,69.01,1188474.0,2.44,-5.21,-4.65,0.632,0.68,-2.28,-2.26,4.16,-10.51,0.368,False,False,0.0
2026-05-18,688808,联讯仪器,46,18086.0,10jqka,intraday_1430,2026-05-18 14:30:00,2026-05-18,1,1,,,ok,2026-05-18,1179.0,1344.99,1361.0,1179.0,3762862.0,14.96,17.88,14.37,0.912,1.14,14.6,18.35,26.92,-1.18,0.088,True,False,0.0
2026-05-18,002491,通鼎互联,47,17874.0,10jqka,intraday_1430,2026-05-18 14:30:00,2026-05-07,6,1,63.0,16.0,ok,2026-05-18,22.88,23.76,24.85,22.65,1695294.0,5.18,-11.84,4.53,0.505,0.91,-3.38,9.0,24.47,-13.44,0.495,False,False,0.0
2026-05-18,001393,维通利,48,17575.0,10jqka,intraday_1430,2026-05-18 14:30:00,2026-05-15,2,2,16.0,-32.0,ok,2026-05-18,100.0,97.0,107.0,91.0,200990.0,-19.62,,,0.375,0.55,-10.87,-10.87,-10.87,-35.33,0.438,False,False,0.0
2026-05-18,002506,协鑫集成,49,17368.0,10jqka,intraday_1430,2026-05-18 14:30:00,2026-05-14,3,3,20.0,-29.0,ok,2026-05-18,4.4,4.37,4.48,4.31,1855350.0,0.46,-1.8,-0.91,0.353,0.27,-3.79,-2.08,-2.54,-31.29,0.471,False,False,0.0
2026-05-18,600667,太极实业,50,17307.0,10jqka,intraday_1430,2026-05-18 14:30:00,2026-05-12,3,1,52.0,2.0,ok,2026-05-18,14.05,14.6,14.6,13.58,1850907.0,10.02,10.11,30.94,1.0,0.63,12.07,24.16,34.94,0.0,0.0,True,False,0.0
2026-05-18,002971,和远气体,51,3598.0,10jqka,intraday_0950,2026-05-18 09:50:00,2026-05-18,1,1,,,missing_price_file,,,,,,,,,,,,,,,,,,,
2026-05-18,002600,领益智造,51,17160.0,10jqka,intraday_1430,2026-05-18 14:30:00,2026-05-08,4,3,15.0,-36.0,ok,2026-05-18,17.26,16.95,17.43,16.43,3619160.0,0.06,10.42,11.37,0.52,1.06,5.23,10.44,14.57,-5.1,0.17,False,False,0.0
2026-05-18,002371,北方华创,52,3504.0,10jqka,intraday_0950,2026-05-18 09:50:00,2026-05-18,1,1,,,ok,2026-05-18,601.0,611.88,615.0,597.58,58883.0,3.36,,,0.821,,0.0,0.0,0.0,-0.51,0.179,False,False,0.0
2026-05-18,002475,立讯精密,52,17067.0,10jqka,intraday_1430,2026-05-18 14:30:00,2026-05-06,9,9,71.0,19.0,ok,2026-05-18,73.7,72.15,73.71,71.15,1413742.0,-3.41,-9.98,-5.14,0.391,0.63,-4.79,-1.14,3.53,-11.78,0.004,False,False,0.0
2026-05-18,002918,蒙娜丽莎,53,3454.0,10jqka,intraday_0950,2026-05-18 09:50:00,2026-05-15,2,2,6.0,-47.0,ok,2026-05-18,18.63,18.63,18.63,17.6,464778.0,9.98,,,1.0,,0.0,0.0,0.0,0.0,0.0,True,False,0.0
2026-05-18,601778,晶科科技,53,17031.0,10jqka,intraday_1430,2026-05-18 14:30:00,2026-05-06,9,9,28.0,-25.0,ok,2026-05-18,7.41,7.36,7.53,7.17,4355477.0,-0.81,3.08,0.82,0.528,0.65,2.0,2.45,5.0,-6.6,0.333,False,False,0.0
2026-05-18,600105,永鼎股份,54,16907.0,10jqka,intraday_1430,2026-05-18 14:30:00,2026-05-07,8,8,51.0,-3.0,ok,2026-05-18,50.7,50.85,50.97,47.93,976953.0,-1.36,-1.89,-1.07,0.961,0.57,-2.4,2.64,8.29,-9.82,0.039,False,False,0.0
2026-05-18,603078,江化微,55,3381.0,10jqka,intraday_0950,2026-05-18 09:50:00,2026-05-18,1,1,,,missing_price_file,,,,,,,,,,,,,,,,,,,
2026-05-18,300657,弘信电子,55,16612.0,10jqka,intraday_1430,2026-05-18 14:30:00,2026-05-18,1,1,,,ok,2026-05-18,51.0,48.68,52.88,47.0,1153217.0,-3.12,24.12,25.95,0.286,2.4,21.97,24.5,30.37,-7.94,0.32,False,False,0.0
2026-05-18,600208,衢州发展,56,3370.0,10jqka,intraday_0950,2026-05-18 09:50:00,2026-05-07,2,1,91.0,35.0,missing_price_file,,,,,,,,,,,,,,,,,,,
2026-05-18,000767,晋控电力,56,16503.0,10jqka,intraday_1430,2026-05-18 14:30:00,2026-05-13,4,4,27.0,-29.0,ok,2026-05-18,4.88,5.04,5.2,4.75,3015210.0,0.8,-1.56,19.15,0.644,0.84,3.24,12.15,19.13,-10.32,0.356,False,False,0.0
2026-05-18,002361,神剑股份,57,16270.0,10jqka,intraday_1430,2026-05-18 14:30:00,2026-05-06,9,9,33.0,-24.0,ok,2026-05-18,17.71,17.8,18.2,17.05,1234682.0,2.53,-13.88,-20.0,0.652,0.57,-7.63,-12.69,-14.22,-25.68,0.348,False,False,0.0
2026-05-18,688012,中微公司,58,3318.0,10jqka,intraday_0950,2026-05-18 09:50:00,2026-05-18,1,1,,,ok,2026-05-18,441.0,457.99,459.0,441.0,116094.0,5.8,,,0.944,,0.0,0.0,0.0,-0.22,0.056,False,False,0.0
2026-05-18,603019,中科曙光,58,16229.0,10jqka,intraday_1430,2026-05-18 14:30:00,2026-05-06,6,1,90.0,32.0,ok,2026-05-18,98.0,96.82,98.18,96.38,150726.0,-1.9,-3.86,-3.23,0.244,0.18,-0.6,-0.68,2.62,-7.79,0.1,False,False,0.0
2026-05-18,600158,中体产业,59,16176.0,10jqka,intraday_1430,2026-05-18 14:30:00,2026-05-07,2,1,64.0,5.0,ok,2026-05-18,12.12,11.99,12.49,11.81,1507525.0,-8.61,-12.67,-10.99,0.265,1.38,-12.21,-9.65,-0.49,-19.48,0.544,False,False,0.0
2026-05-18,300604,长川科技,60,3312.0,10jqka,intraday_0950,2026-05-18 09:50:00,2026-05-12,2,1,45.0,-15.0,ok,2026-05-18,211.0,207.81,212.5,203.31,83232.0,-0.81,,,0.49,,0.0,0.0,0.0,-2.21,0.163,False,False,0.0
2026-05-18,002709,天赐材料,60,16137.0,10jqka,intraday_1430,2026-05-18 14:30:00,2026-05-06,9,9,39.0,-21.0,ok,2026-05-18,56.22,55.43,57.27,54.5,897296.0,-3.67,-4.3,-6.93,0.336,0.74,-2.75,-6.09,-0.24,-14.7,0.379,False,False,0.0
2026-05-18,300476,胜宏科技,61,16124.0,10jqka,intraday_1430,2026-05-18 14:30:00,2026-05-07,7,3,96.0,35.0,ok,2026-05-18,390.0,382.72,391.01,372.18,671493.0,1.92,-1.21,1.18,0.56,1.18,3.97,7.21,12.1,-2.12,0.054,False,False,0.0
2026-05-18,920096,嘉晨智能,62,16106.0,10jqka,intraday_1430,2026-05-18 14:30:00,2026-05-18,1,1,,,ok,2026-05-18,70.0,101.32,110.01,70.0,145913.0,602.15,,,0.783,,0.0,0.0,0.0,-7.9,0.217,True,False,0.0
2026-05-18,002654,万润科技,63,15916.0,10jqka,intraday_1430,2026-05-18 14:30:00,2026-05-18,1,1,,,ok,2026-05-18,16.72,18.23,18.23,16.66,1047332.0,10.02,7.36,18.68,1.0,1.05,8.8,14.82,18.76,0.0,0.0,True,False,0.0
2026-05-18,002217,合力泰,64,3201.0,10jqka,intraday_0950,2026-05-18 09:50:00,2026-05-06,9,9,42.0,-22.0,ok,2026-05-18,3.51,3.41,3.54,3.37,2874828.0,-3.67,,,0.235,,0.0,0.0,0.0,-3.67,0.176,False,False,0.0
2026-05-18,002156,通富微电,64,15714.0,10jqka,intraday_1430,2026-05-18 14:30:00,2026-05-06,9,9,32.0,-32.0,ok,2026-05-18,64.27,69.78,69.78,62.8,2256186.0,9.99,14.66,13.98,1.0,1.45,14.57,18.13,29.45,0.0,0.0,True,False,0.0
2026-05-18,002465,海格通信,65,15667.0,10jqka,intraday_1430,2026-05-18 14:30:00,2026-05-18,1,1,,,ok,2026-05-18,15.07,15.95,16.42,15.07,2276876.0,6.9,-2.98,-6.4,0.652,2.44,0.63,-1.84,-1.05,-15.56,0.348,False,False,0.0
2026-05-18,688549,中巨芯,66,3188.0,10jqka,intraday_0950,2026-05-18 09:50:00,2026-05-18,1,1,,,missing_price_file,,,,,,,,,,,,,,,,,,,
2026-05-18,002202,金风科技,66,15545.0,10jqka,intraday_1430,2026-05-18 14:30:00,2026-05-06,9,9,73.0,7.0,ok,2026-05-18,25.2,24.74,25.28,24.3,1374546.0,-1.83,-11.01,-12.14,0.449,0.69,-5.52,-8.89,-6.61,-25.71,0.082,False,False,0.0
2026-05-18,300442,润泽科技,67,15521.0,10jqka,intraday_1430,2026-05-18 14:30:00,2026-05-13,3,2,48.0,-19.0,ok,2026-05-18,103.89,102.71,105.18,100.28,281715.0,0.24,1.07,4.9,0.496,0.29,3.16,5.18,7.94,-7.45,0.263,False,False,0.0
2026-05-18,600330,天通股份,68,3179.0,10jqka,intraday_0950,2026-05-18 09:50:00,2026-05-06,8,6,73.0,5.0,ok,2026-05-18,32.0,34.68,35.19,32.0,1772057.0,6.18,,,0.84,,0.0,0.0,0.0,-1.45,0.16,False,False,0.0
2026-05-18,002409,雅克科技,68,15410.0,10jqka,intraday_1430,2026-05-18 14:30:00,2026-05-18,1,1,,,ok,2026-05-18,119.33,127.25,128.15,115.55,370172.0,9.23,23.24,34.58,0.929,1.27,18.1,28.65,36.78,-0.7,0.071,False,False,0.0
2026-05-18,002617,露笑科技,69,15255.0,10jqka,intraday_1430,2026-05-18 14:30:00,2026-05-14,3,3,18.0,-51.0,ok,2026-05-18,9.2,9.02,9.38,8.98,2626783.0,-3.63,2.27,9.07,0.1,1.04,-0.29,5.83,10.78,-11.91,0.45,False,False,0.0
2026-05-18,300302,同有科技,70,15121.0,10jqka,intraday_1430,2026-05-18 14:30:00,2026-05-18,1,1,,,ok,2026-05-18,57.5,57.3,58.2,52.86,270828.0,-3.54,32.18,34.51,0.831,0.29,23.83,42.94,77.05,-1.55,0.131,False,False,0.0
2026-05-18,603773,沃格光电,71,15098.0,10jqka,intraday_1430,2026-05-18 14:30:00,2026-05-06,4,2,63.0,-8.0,ok,2026-05-18,61.39,72.88,74.0,61.39,414628.0,7.99,-17.28,-8.93,0.911,1.61,-9.14,-3.93,7.44,-18.0,0.089,False,False,0.0
2026-05-18,601016,节能风电,72,15028.0,10jqka,intraday_1430,2026-05-18 14:30:00,2026-05-06,9,9,23.0,-49.0,ok,2026-05-18,4.5,4.62,4.73,4.4,3009682.0,2.67,-17.94,-9.77,0.667,0.37,-9.41,-6.59,-0.45,-21.56,0.333,False,False,0.0
2026-05-18,000620,盈新发展,73,14709.0,10jqka,intraday_1430,2026-05-18 14:30:00,2026-05-06,2,1,72.0,-1.0,ok,2026-05-18,3.31,3.39,3.56,3.24,6968197.0,3.99,6.6,7.96,0.469,2.22,5.87,8.72,14.76,-4.78,0.531,False,False,0.0
2026-05-18,603738,泰晶科技,74,3042.0,10jqka,intraday_0950,2026-05-18 09:50:00,2026-05-07,6,1,74.0,0.0,ok,2026-05-18,55.45,57.06,57.42,53.38,220201.0,2.66,,,0.911,,0.0,0.0,0.0,-0.63,0.089,False,False,0.0
2026-05-18,002309,中利集团,74,14695.0,10jqka,intraday_1430,2026-05-18 14:30:00,2026-05-06,4,2,40.0,-34.0,ok,2026-05-18,5.34,4.65,5.34,4.65,6584998.0,-10.06,-1.06,1.97,0.0,1.64,-2.52,-0.17,4.46,-14.36,0.0,False,False,0.0
2026-05-18,600379,宝光股份,75,14693.0,10jqka,intraday_1430,2026-05-18 14:30:00,2026-05-06,8,1,38.0,-37.0,ok,2026-05-18,15.61,15.22,15.96,15.11,603236.0,-9.35,-19.51,-17.42,0.129,0.71,-14.42,-14.1,0.42,-26.83,0.412,False,False,0.0
2026-05-18,603007,顺景科技,76,2986.0,10jqka,intraday_0950,2026-05-18 09:50:00,2026-05-13,4,4,37.0,-39.0,ok,2026-05-18,9.1,8.33,9.1,8.33,2301800.0,-10.04,,,0.0,,0.0,0.0,0.0,-8.46,0.0,False,False,0.0
2026-05-18,300308,中际旭创,76,14513.0,10jqka,intraday_1430,2026-05-18 14:30:00,2026-05-06,9,9,62.0,-14.0,ok,2026-05-18,1054.99,1089.82,1094.98,1025.55,229780.0,4.99,3.87,15.92,0.926,0.76,3.11,12.33,19.33,-0.91,0.074,False,False,0.0
2026-05-18,688008,澜起科技,77,2980.0,10jqka,intraday_0950,2026-05-18 09:50:00,2026-05-06,6,3,88.0,11.0,ok,2026-05-18,247.2,253.95,255.2,245.22,256354.0,2.41,,,0.875,,0.0,0.0,0.0,-0.49,0.125,False,False,0.0
2026-05-18,000981,山子高科,77,14454.0,10jqka,intraday_1430,2026-05-18 14:30:00,2026-05-12,5,5,24.0,-53.0,ok,2026-05-18,4.3,4.17,4.35,4.16,5804546.0,-5.44,-0.24,6.11,0.053,0.64,-2.48,1.58,3.6,-17.43,0.263,False,False,0.0
2026-05-18,600703,三安光电,78,14439.0,10jqka,intraday_1430,2026-05-18 14:30:00,2026-05-06,9,9,38.0,-40.0,ok,2026-05-18,16.11,16.66,17.0,15.95,3659744.0,3.87,-1.07,3.87,0.676,0.91,-0.63,5.02,11.23,-11.24,0.324,False,False,0.0
2026-05-18,000925,众合科技,79,2945.0,10jqka,intraday_0950,2026-05-18 09:50:00,2026-05-06,5,4,64.0,-15.0,ok,2026-05-18,9.7,9.59,10.01,9.59,697369.0,-10.04,,,0.0,,0.0,0.0,0.0,-4.2,0.738,False,False,0.0
2026-05-18,603082,北自科技,79,14314.0,10jqka,intraday_1430,2026-05-18 14:30:00,2026-05-18,1,1,,,ok,2026-05-18,51.18,51.18,51.18,51.17,47568.0,9.99,46.44,43.16,1.0,1.11,26.77,36.03,38.32,0.0,0.0,True,True,0.0
2026-05-18,603505,金石资源,80,2927.0,10jqka,intraday_0950,2026-05-18 09:50:00,2026-05-18,1,1,,,missing_price_file,,,,,,,,,,,,,,,,,,,
2026-05-18,001896,豫能控股,80,14246.0,10jqka,intraday_1430,2026-05-18 14:30:00,2026-05-06,8,7,54.0,-26.0,ok,2026-05-18,14.7,14.78,15.36,14.51,1029626.0,-2.7,-16.78,-12.08,0.318,0.5,-9.36,-9.41,-11.62,-23.81,0.682,False,False,0.0
2026-05-18,601678,滨化股份,81,14240.0,10jqka,intraday_1430,2026-05-18 14:30:00,2026-05-18,1,1,,,ok,2026-05-18,6.0,6.39,6.39,5.87,2622914.0,9.98,26.04,26.04,1.0,3.24,16.14,19.6,21.99,0.0,0.0,True,False,0.0
2026-05-18,601133,柏诚股份,82,2873.0,10jqka,intraday_0950,2026-05-18 09:50:00,2026-05-18,1,1,,,ok,2026-05-18,30.4,31.0,31.0,30.05,105267.0,10.01,,,1.0,,0.0,0.0,0.0,0.0,0.0,True,False,0.0
2026-05-18,002979,雷赛智能,82,14069.0,10jqka,intraday_1430,2026-05-18 14:30:00,2026-05-18,1,1,,,ok,2026-05-18,65.0,65.11,66.94,64.2,150496.0,0.03,22.94,20.78,0.332,0.53,13.89,24.6,38.77,-2.73,0.668,False,False,0.0
2026-05-18,600699,均胜电子,83,2862.0,10jqka,intraday_0950,2026-05-18 09:50:00,2026-05-18,1,1,,,missing_price_file,,,,,,,,,,,,,,,,,,,
2026-05-18,300394,天孚通信,83,13751.0,10jqka,intraday_1430,2026-05-18 14:30:00,2026-05-13,4,4,95.0,12.0,ok,2026-05-18,372.9,395.6,397.77,361.58,482420.0,6.2,4.6,19.19,0.94,0.79,3.66,12.44,13.46,-4.46,0.06,False,False,0.0
2026-05-18,600183,生益科技,84,13720.0,10jqka,intraday_1430,2026-05-18 14:30:00,2026-05-18,1,1,,,ok,2026-05-18,114.0,116.15,117.81,110.35,735233.0,7.54,23.33,38.84,0.777,1.14,21.19,31.36,43.55,-1.41,0.223,False,False,0.0
2026-05-18,601869,长飞光纤,85,13610.0,10jqka,intraday_1430,2026-05-18 14:30:00,2026-05-07,5,2,100.0,15.0,ok,2026-05-18,400.01,373.0,404.7,366.66,142649.0,-7.83,-8.34,-6.82,0.167,0.88,-5.36,-3.67,-2.61,-13.26,0.123,False,False,0.0
2026-05-18,603386,骏亚科技,86,2764.0,10jqka,intraday_0950,2026-05-18 09:50:00,2026-05-18,1,1,,,missing_price_file,,,,,,,,,,,,,,,,,,,
2026-05-18,002015,协鑫能科,86,13568.0,10jqka,intraday_1430,2026-05-18 14:30:00,2026-05-06,8,6,30.0,-56.0,ok,2026-05-18,22.07,21.42,22.26,21.25,1380457.0,-1.34,-8.42,5.62,0.168,0.61,-3.76,2.09,6.9,-16.43,0.188,False,False,0.0
2026-05-18,300276,三丰智能,87,2749.0,10jqka,intraday_0950,2026-05-18 09:50:00,2026-05-18,1,1,,,missing_price_file,,,,,,,,,,,,,,,,,,,
2026-05-18,601868,中国能建,87,13560.0,10jqka,intraday_1430,2026-05-18 14:30:00,2026-05-07,8,8,58.0,-29.0,ok,2026-05-18,3.2,3.21,3.28,3.15,21816972.0,2.88,-9.07,-1.23,0.462,1.38,-2.85,1.01,5.51,-18.53,0.538,False,False,0.0
2026-05-18,603390,通达电气,88,2709.0,10jqka,intraday_0950,2026-05-18 09:50:00,2026-05-18,1,1,,,missing_price_file,,,,,,,,,,,,,,,,,,,
2026-05-18,688525,佰维存储,88,13424.0,10jqka,intraday_1430,2026-05-18 14:30:00,2026-05-06,2,1,44.0,-44.0,ok,2026-05-18,311.1,315.77,323.5,301.21,489232.0,8.72,-3.87,0.03,0.653,0.01,-0.25,3.02,9.39,-7.99,0.347,False,False,0.0
2026-05-18,600156,华升股份,89,2692.0,10jqka,intraday_0950,2026-05-18 09:50:00,2026-05-15,2,2,35.0,-54.0,ok,2026-05-18,12.6,13.12,13.44,12.35,404128.0,0.15,,,0.706,,0.0,0.0,0.0,-2.38,0.294,False,False,0.0
2026-05-18,002980,华盛昌,89,13114.0,10jqka,intraday_1430,2026-05-18 14:30:00,2026-05-18,1,1,,,ok,2026-05-18,121.23,128.02,128.02,121.01,118686.0,10.0,48.76,50.38,1.0,0.73,31.3,42.89,52.18,0.0,0.0,True,False,0.0
2026-05-18,000636,风华高科,90,12728.0,10jqka,intraday_1430,2026-05-18 14:30:00,2026-05-18,1,1,,,ok,2026-05-18,42.12,41.72,43.5,40.18,2467307.0,0.82,41.09,46.59,0.464,2.78,33.76,46.22,62.25,-4.09,0.416,False,False,0.0
2026-05-18,600900,长江电力,91,2690.0,10jqka,intraday_0950,2026-05-18 09:50:00,2026-05-18,1,1,,,ok,2026-05-18,27.04,26.97,27.18,26.96,204625.0,-0.22,,,0.045,,0.0,0.0,0.0,-0.77,0.636,False,False,0.0
2026-05-18,600276,恒瑞医药,91,12726.0,10jqka,intraday_1430,2026-05-18 14:30:00,2026-05-12,3,1,95.0,4.0,ok,2026-05-18,50.01,49.18,50.02,49.02,763420.0,-2.56,-11.96,-7.76,0.16,0.59,-8.68,-8.28,-10.1,-17.96,0.01,False,False,0.0
2026-05-18,002428,云南锗业,92,12656.0,10jqka,intraday_1430,2026-05-18 14:30:00,2026-05-06,9,9,70.0,-22.0,ok,2026-05-18,89.69,90.04,95.55,88.74,937011.0,-0.61,-11.3,-2.34,0.191,0.85,-6.31,1.63,13.84,-14.39,0.809,False,False,0.0
2026-05-18,002594,比亚迪,93,12634.0,10jqka,intraday_1430,2026-05-18 14:30:00,2026-05-06,3,1,99.0,6.0,ok,2026-05-18,94.51,95.71,95.9,93.8,256824.0,1.27,-2.93,-4.71,0.91,0.61,-2.05,-3.64,-5.11,-14.41,0.09,False,False,0.0
2026-05-18,603520,司太立,94,2681.0,10jqka,intraday_0950,2026-05-18 09:50:00,2026-05-18,1,1,,,missing_price_file,,,,,,,,,,,,,,,,,,,
2026-05-18,600488,津药药业,94,12593.0,10jqka,intraday_1430,2026-05-18 14:30:00,2026-05-11,4,2,67.0,-27.0,ok,2026-05-18,6.31,6.31,6.47,6.31,457816.0,-9.99,-12.36,-4.39,0.0,0.25,-11.3,-4.02,-1.32,-25.24,1.0,False,False,0.0
2026-05-18,300274,阳光电源,95,12578.0,10jqka,intraday_1430,2026-05-18 14:30:00,2026-05-14,2,1,79.0,-16.0,ok,2026-05-18,165.44,166.99,171.03,159.0,831624.0,1.51,17.06,16.49,0.664,0.94,13.22,16.34,20.52,-7.89,0.336,False,False,0.0
2026-05-18,002837,英维克,96,2676.0,10jqka,intraday_0950,2026-05-18 09:50:00,2026-05-08,3,1,98.0,2.0,ok,2026-05-18,108.9,106.17,111.29,106.0,206769.0,-0.2,,,0.032,,0.0,0.0,0.0,-4.6,0.452,False,False,0.0
2026-05-18,600111,北方稀土,96,12193.0,10jqka,intraday_1430,2026-05-18 14:30:00,2026-05-06,9,9,36.0,-60.0,ok,2026-05-18,54.0,56.08,56.13,53.99,1456171.0,3.01,-0.14,-3.06,0.977,0.77,2.44,1.93,7.96,-11.78,0.023,False,False,0.0
2026-05-18,600160,巨化股份,97,2662.0,10jqka,intraday_0950,2026-05-18 09:50:00,2026-05-18,1,1,,,missing_price_file,,,,,,,,,,,,,,,,,,,
2026-05-18,600339,中油工程,97,12108.0,10jqka,intraday_1430,2026-05-18 14:30:00,2026-05-18,1,1,,,ok,2026-05-18,3.9,4.21,4.21,3.9,2181144.0,9.92,7.95,7.12,1.0,2.91,7.07,6.96,6.79,-24.01,0.0,True,False,0.0
2026-05-18,600519,贵州茅台,98,12002.0,10jqka,intraday_1430,2026-05-18 14:30:00,2026-05-06,5,1,48.0,-50.0,ok,2026-05-18,1336.0,1321.15,1342.68,1319.61,45933.0,-0.89,-1.71,-2.95,0.067,0.83,-1.33,-2.57,-4.78,-13.37,0.29,False,False,0.0
2026-05-18,600186,莲花控股,99,2598.0,10jqka,intraday_0950,2026-05-18 09:50:00,2026-05-06,9,9,67.0,-32.0,ok,2026-05-18,10.82,10.35,11.13,10.26,1154212.0,-3.45,,,0.103,,0.0,0.0,0.0,-7.01,0.356,False,False,0.0
2026-05-18,301308,江波龙,99,11976.0,10jqka,intraday_1430,2026-05-18 14:30:00,2026-05-06,6,1,94.0,-5.0,ok,2026-05-18,547.17,558.77,572.16,537.47,210381.0,0.38,-8.68,0.38,0.614,0.85,-4.38,4.95,22.52,-12.49,0.386,False,False,0.0
2026-05-18,000592,平潭发展,100,2591.0,10jqka,intraday_0950,2026-05-18 09:50:00,2026-05-07,6,5,28.0,-72.0,ok,2026-05-18,10.79,10.68,10.96,10.56,445262.0,-0.65,,,0.3,,0.0,0.0,0.0,-2.55,0.425,False,False,0.0
2026-05-18,600176,中国巨石,100,11942.0,10jqka,intraday_1430,2026-05-18 14:30:00,2026-05-06,6,3,52.0,-48.0,ok,2026-05-18,35.8,37.95,38.28,35.8,1494367.0,6.84,-0.39,0.34,0.867,0.95,2.48,2.56,8.2,-4.38,0.133,False,False,0.0
2026-05-19,601991,大唐发电,1,167149.0,10jqka,post_close,2026-05-19 15:00:00,2026-05-06,10,10,2.0,1.0,ok,2026-05-19,7.93,8.38,8.64,7.75,12910503.0,5.67,16.39,25.07,0.708,1.18,7.99,25.54,55.65,-3.01,0.292,False,False,0.0
2026-05-19,600578,京能电力,2,66221.0,10jqka,post_close,2026-05-19 15:00:00,2026-05-15,3,3,16.0,14.0,ok,2026-05-19,7.71,8.27,8.48,6.98,5202994.0,7.26,29.83,57.22,0.86,2.41,17.64,35.98,46.26,-2.48,0.14,False,False,0.0
2026-05-19,002281,光迅科技,3,55257.0,10jqka,post_close,2026-05-19 15:00:00,2026-05-06,10,10,23.0,20.0,ok,2026-05-19,209.5,230.89,230.89,203.01,835834.0,10.0,13.29,14.59,1.0,1.03,11.11,19.31,43.11,0.0,0.0,True,False,0.0
2026-05-19,301666,大普微,4,18948.0,10jqka,intraday_0950,2026-05-19 09:50:00,2026-05-06,5,1,41.0,37.0,missing_price_file,,,,,,,,,,,,,,,,,,,
2026-05-19,002342,巨力索具,4,47274.0,10jqka,post_close,2026-05-19 15:00:00,2026-05-06,10,10,1.0,-3.0,ok,2026-05-19,15.74,15.74,15.74,15.74,29620.0,-10.01,-20.94,-22.84,1.0,0.02,-15.4,-21.28,-20.03,-34.42,,False,False,0.0
2026-05-19,000066,中国长城,5,42238.0,10jqka,post_close,2026-05-19 15:00:00,2026-05-06,10,10,24.0,19.0,ok,2026-05-19,20.05,20.72,20.88,19.29,3508199.0,2.52,-8.6,-18.3,0.899,0.68,-5.21,-8.69,5.02,-19.5,0.101,False,False,0.0
2026-05-19,600487,亨通光电,6,35844.0,10jqka,post_close,2026-05-19 15:00:00,2026-05-06,10,10,45.0,39.0,ok,2026-05-19,70.4,75.47,76.11,66.52,1941733.0,5.11,1.99,0.49,0.933,1.28,2.96,1.76,8.16,-5.54,0.067,False,False,0.0
2026-05-19,000988,华工科技,7,30459.0,10jqka,post_close,2026-05-19 15:00:00,2026-05-06,10,10,17.0,10.0,ok,2026-05-19,151.06,158.4,159.69,147.28,1422733.0,7.48,15.28,9.88,0.896,1.6,10.11,12.63,22.74,-0.81,0.104,False,False,0.0
2026-05-19,002208,合肥城建,8,30414.0,10jqka,post_close,2026-05-19 15:00:00,2026-05-15,3,3,13.0,5.0,ok,2026-05-19,23.5,25.12,25.12,23.2,1898122.0,9.98,26.87,53.55,1.0,2.11,17.91,39.22,62.93,0.0,0.0,True,False,0.0
2026-05-19,002131,利欧股份,9,30065.0,10jqka,post_close,2026-05-19 15:00:00,2026-05-06,4,2,31.0,22.0,ok,2026-05-19,6.82,7.4,7.59,6.74,11201407.0,7.25,13.67,9.79,0.776,2.78,8.09,7.4,3.65,-24.26,0.224,False,False,0.0
2026-05-19,603083,剑桥科技,10,29084.0,10jqka,post_close,2026-05-19 15:00:00,2026-05-19,1,1,,,ok,2026-05-19,184.02,202.42,202.42,173.83,355577.0,10.0,5.65,7.02,1.0,1.18,5.73,6.75,15.78,-3.32,0.0,True,False,0.0
2026-05-19,600396,华电辽能,11,27274.0,10jqka,post_close,2026-05-19 15:00:00,2026-05-06,10,10,7.0,-4.0,ok,2026-05-19,14.15,16.15,16.9,14.15,2880302.0,2.93,-2.94,7.31,0.727,1.01,-2.09,10.2,35.46,-11.02,0.273,False,False,0.0
2026-05-19,600522,中天科技,12,26432.0,10jqka,post_close,2026-05-19 15:00:00,2026-05-06,10,10,6.0,-6.0,ok,2026-05-19,43.0,44.55,44.9,41.29,3196647.0,1.37,1.02,1.07,0.903,0.9,2.56,6.25,18.62,-3.53,0.097,False,False,0.0
2026-05-19,002081,金螳螂,13,25250.0,10jqka,post_close,2026-05-19 15:00:00,2026-05-06,10,10,4.0,-9.0,ok,2026-05-19,6.75,6.9,7.33,6.46,4622381.0,-2.4,-12.99,-13.53,0.506,0.89,-8.32,-5.85,13.68,-19.77,0.494,False,False,0.0
2026-05-19,600584,长电科技,14,24795.0,10jqka,post_close,2026-05-19 15:00:00,2026-05-06,9,7,15.0,1.0,ok,2026-05-19,56.91,60.81,61.0,56.08,2319497.0,4.25,11.97,10.08,0.961,1.05,5.21,11.01,22.06,-1.86,0.039,False,False,0.0
2026-05-19,600759,ST洲际,15,23553.0,10jqka,post_close,2026-05-19 15:00:00,2026-05-06,7,3,11.0,-4.0,ok,2026-05-19,2.8,2.8,2.8,2.8,51425.0,-5.08,-14.37,-22.65,1.0,0.73,-10.08,-21.5,-35.54,-69.2,,False,False,0.0
2026-05-19,600745,*ST闻泰,16,23510.0,10jqka,post_close,2026-05-19 15:00:00,2026-05-06,8,5,25.0,9.0,ok,2026-05-19,16.84,16.84,16.84,16.84,19323.0,-5.02,-14.26,-22.61,1.0,0.45,-9.99,-21.45,-33.59,-53.45,,False,False,0.0
2026-05-19,600186,莲花控股,17,22492.0,10jqka,post_close,2026-05-19 15:00:00,2026-05-06,9,1,91.0,74.0,ok,2026-05-19,10.59,11.56,11.56,10.11,3801553.0,9.99,9.68,15.72,1.0,1.53,7.7,8.05,16.33,0.0,0.0,True,False,0.0
2026-05-19,600118,中国卫星,18,22391.0,10jqka,post_close,2026-05-19 15:00:00,2026-05-06,7,1,92.0,74.0,ok,2026-05-19,90.66,87.23,91.99,87.23,772156.0,-10.0,-13.46,-21.88,0.0,1.22,-11.49,-16.85,-13.76,-27.0,0.279,False,False,0.0
2026-05-19,688256,寒武纪,19,20361.0,10jqka,post_close,2026-05-19 15:00:00,2026-05-06,7,1,42.0,23.0,ok,2026-05-19,1216.89,1319.2,1326.0,1175.0,18635194.0,8.4,4.65,3.23,0.955,1.11,4.32,5.88,21.14,-2.28,0.045,False,False,0.0
2026-05-19,000021,深科技,20,20142.0,10jqka,post_close,2026-05-19 15:00:00,2026-05-13,4,2,28.0,8.0,ok,2026-05-19,37.03,37.67,38.38,35.95,3013781.0,1.73,9.7,16.59,0.708,2.13,6.23,12.16,20.31,-1.85,0.292,False,False,0.0
2026-05-19,002384,东山精密,21,19782.0,10jqka,post_close,2026-05-19 15:00:00,2026-05-06,10,10,32.0,11.0,ok,2026-05-19,206.0,222.08,224.5,198.0,1100759.0,5.13,3.35,1.19,0.909,1.29,3.55,4.54,13.44,-3.44,0.091,False,False,0.0
2026-05-19,605358,立昂微,22,19685.0,10jqka,post_close,2026-05-19 15:00:00,2026-05-08,2,1,30.0,8.0,ok,2026-05-19,50.48,55.17,55.17,49.58,645025.0,10.01,7.02,8.11,1.0,1.24,5.63,10.11,23.81,0.0,0.0,True,False,0.0
2026-05-19,601678,滨化股份,23,8895.0,10jqka,intraday_0950,2026-05-19 09:50:00,2026-05-18,2,2,27.0,4.0,ok,2026-05-19,6.39,6.21,6.39,6.0,1475116.0,-2.82,,,0.538,,0.0,0.0,0.0,-2.82,0.0,False,False,0.0
2026-05-19,002031,巨轮智能,23,19405.0,10jqka,post_close,2026-05-19 15:00:00,2026-05-14,4,4,5.0,-18.0,ok,2026-05-19,7.93,8.38,8.53,7.86,4558239.0,2.44,9.69,16.39,0.776,1.1,5.04,13.75,26.2,-4.77,0.224,False,False,0.0
2026-05-19,001896,豫能控股,24,19290.0,10jqka,post_close,2026-05-19 15:00:00,2026-05-06,9,8,80.0,56.0,ok,2026-05-19,14.57,16.19,16.19,14.38,1346808.0,9.99,-3.75,-4.65,1.0,0.69,0.33,-1.3,-2.91,-16.55,0.0,True,False,0.0
2026-05-19,688126,沪硅产业,25,19044.0,10jqka,post_close,2026-05-19 15:00:00,2026-05-19,1,1,,,ok,2026-05-19,24.41,29.52,29.52,23.96,260502277.0,20.0,18.22,16.86,1.0,1.77,14.67,19.99,31.62,0.0,0.0,True,False,0.0
2026-05-19,000811,冰轮环境,26,19006.0,10jqka,post_close,2026-05-19 15:00:00,2026-05-13,3,1,35.0,9.0,ok,2026-05-19,34.26,38.06,38.06,33.8,659131.0,10.0,13.07,31.65,1.0,1.09,11.13,23.41,43.17,0.0,0.0,True,False,0.0
2026-05-19,002181,粤传媒,27,18915.0,10jqka,post_close,2026-05-19 15:00:00,2026-05-06,8,3,8.0,-19.0,ok,2026-05-19,16.37,15.95,16.73,15.95,1011913.0,-9.99,-10.89,-14.48,0.0,0.87,-10.55,-12.4,-1.14,-26.36,0.462,False,False,0.0
2026-05-19,603778,国晟科技,28,18836.0,10jqka,post_close,2026-05-19 15:00:00,2026-05-06,8,1,83.0,55.0,ok,2026-05-19,23.48,23.78,23.79,22.8,438757.0,5.88,5.55,-4.46,0.99,0.7,3.63,-2.83,-6.64,-30.61,0.01,False,False,0.0
2026-05-19,002185,华天科技,29,18721.0,10jqka,post_close,2026-05-19 15:00:00,2026-05-06,8,3,42.0,13.0,ok,2026-05-19,14.5,15.3,15.44,14.23,3419095.0,4.15,7.29,6.03,0.884,1.39,4.54,6.51,12.98,-0.91,0.116,False,False,0.0
2026-05-19,002364,中恒电气,30,18269.0,10jqka,post_close,2026-05-19 15:00:00,2026-05-06,3,1,82.0,52.0,ok,2026-05-19,48.67,52.87,53.77,48.18,656037.0,7.55,8.47,20.16,0.839,1.03,7.02,12.0,18.61,-1.67,0.161,False,False,0.0
2026-05-19,601126,四方股份,31,7712.0,10jqka,intraday_0950,2026-05-19 09:50:00,2026-05-14,2,1,65.0,34.0,ok,2026-05-19,83.32,81.77,87.4,81.5,130056.0,-2.84,,,0.046,,0.0,0.0,0.0,-6.44,0.692,False,False,0.0
2026-05-19,002580,圣阳股份,31,18090.0,10jqka,post_close,2026-05-19 15:00:00,2026-05-06,10,10,26.0,-5.0,ok,2026-05-19,27.05,27.5,28.0,25.49,1116645.0,3.97,-12.2,-19.52,0.801,0.96,-7.26,-11.09,-8.08,-24.66,0.199,False,False,0.0
2026-05-19,300632,光莆股份,32,17371.0,10jqka,post_close,2026-05-19 15:00:00,2026-05-19,1,1,,,ok,2026-05-19,33.34,42.24,42.24,32.52,754613.0,20.0,32.62,48.42,1.0,1.02,20.49,39.37,74.01,0.0,0.0,True,False,0.0
2026-05-19,002149,西部材料,33,17000.0,10jqka,post_close,2026-05-19 15:00:00,2026-05-06,9,2,21.0,-12.0,ok,2026-05-19,73.95,68.24,75.83,67.57,880537.0,-7.66,-1.1,-8.21,0.081,1.11,-3.92,-5.31,3.46,-13.48,0.228,False,False,0.0
2026-05-19,601133,柏诚股份,34,7459.0,10jqka,intraday_0950,2026-05-19 09:50:00,2026-05-18,2,2,82.0,48.0,ok,2026-05-19,31.0,29.78,31.0,28.9,203121.0,-3.94,,,0.419,,0.0,0.0,0.0,-3.94,0.0,False,False,0.0
2026-05-19,603629,利通电子,34,16568.0,10jqka,post_close,2026-05-19 15:00:00,2026-05-06,10,10,41.0,7.0,ok,2026-05-19,170.0,174.3,175.93,166.5,252935.0,-0.16,2.29,11.01,0.827,0.69,1.1,4.59,23.7,-3.97,0.173,False,False,0.0
2026-05-19,601138,工业富联,35,16267.0,10jqka,post_close,2026-05-19 15:00:00,2026-05-06,10,10,14.0,-21.0,ok,2026-05-19,68.3,68.56,69.04,66.4,1914641.0,-0.61,-0.06,6.46,0.818,0.59,-0.52,3.04,4.38,-7.35,0.182,False,False,0.0
2026-05-19,002498,汉缆股份,36,15450.0,10jqka,intraday_1430,2026-05-19 14:30:00,2026-05-07,6,1,75.0,39.0,ok,2026-05-19,9.57,9.84,10.1,9.46,2278362.0,1.97,,,0.594,,0.0,0.0,0.0,-2.57,0.406,False,False,0.0
2026-05-19,603601,再升科技,36,16134.0,10jqka,post_close,2026-05-19 15:00:00,2026-05-06,9,2,19.0,-17.0,ok,2026-05-19,19.1,17.99,19.99,17.56,3055659.0,-3.07,8.57,6.64,0.177,1.49,2.15,2.93,9.77,-10.01,0.366,False,False,0.0
2026-05-19,002421,达实智能,37,15788.0,10jqka,post_close,2026-05-19 15:00:00,2026-05-18,2,2,43.0,6.0,ok,2026-05-19,3.88,3.88,3.88,3.88,625609.0,9.92,32.88,31.53,1.0,0.41,17.08,22.9,29.74,0.0,0.0,True,True,0.0
2026-05-19,300657,弘信电子,38,15579.0,10jqka,post_close,2026-05-19 15:00:00,2026-05-18,2,2,55.0,17.0,ok,2026-05-19,48.01,52.08,52.08,48.01,853854.0,20.0,37.92,38.07,1.0,2.08,24.81,29.54,37.35,0.0,0.0,True,False,0.0
2026-05-19,002407,多氟多,39,15117.0,10jqka,post_close,2026-05-19 15:00:00,2026-05-06,7,3,9.0,-30.0,ok,2026-05-19,36.83,36.99,37.8,35.85,1757476.0,-1.62,12.23,8.38,0.585,1.17,3.97,3.5,8.31,-6.4,0.415,False,False,0.0
2026-05-19,002654,万润科技,40,6778.0,10jqka,intraday_0950,2026-05-19 09:50:00,2026-05-19,1,1,,,ok,2026-05-19,17.43,17.25,17.76,17.25,551021.0,-5.38,,,0.0,,0.0,0.0,0.0,-2.87,0.647,False,False,0.0
2026-05-19,603986,兆易创新,40,14953.0,10jqka,post_close,2026-05-19 15:00:00,2026-05-06,8,3,10.0,-30.0,ok,2026-05-19,389.25,403.81,409.25,379.27,553101.0,1.14,13.37,14.46,0.819,1.06,6.29,10.93,21.1,-2.02,0.181,False,False,0.0
2026-05-19,300433,蓝思科技,41,14470.0,10jqka,post_close,2026-05-19 15:00:00,2026-05-11,6,5,3.0,-38.0,ok,2026-05-19,38.0,37.96,39.42,37.01,2399764.0,-1.91,17.49,24.54,0.394,1.12,7.92,18.64,30.08,-6.27,0.589,False,False,0.0
2026-05-19,603881,数据港,42,14250.0,10jqka,post_close,2026-05-19 15:00:00,2026-05-19,1,1,,,ok,2026-05-19,41.15,42.73,43.0,40.85,813184.0,2.91,3.76,6.21,0.874,0.94,2.05,4.18,7.78,-5.3,0.126,False,False,0.0
2026-05-19,600021,上海电力,43,14123.0,10jqka,post_close,2026-05-19 15:00:00,2026-05-19,1,1,,,ok,2026-05-19,16.8,18.45,18.45,16.56,779936.0,10.02,5.19,3.13,1.0,1.12,4.92,4.08,4.46,-17.49,0.0,True,False,0.0
2026-05-19,600703,三安光电,44,13107.0,10jqka,post_close,2026-05-19 15:00:00,2026-05-06,10,10,78.0,34.0,ok,2026-05-19,16.1,16.85,16.98,15.64,3144009.0,4.14,-3.44,0.78,0.903,0.82,0.92,4.44,10.93,-10.23,0.097,False,False,0.0
2026-05-19,300308,中际旭创,45,12993.0,10jqka,post_close,2026-05-19 15:00:00,2026-05-06,10,10,76.0,31.0,ok,2026-05-19,1026.0,1030.0,1037.38,988.88,272749.0,-1.44,-4.45,1.18,0.848,0.96,-1.94,4.78,11.7,-6.35,0.152,False,False,0.0
2026-05-19,002050,三花智控,46,12953.0,10jqka,post_close,2026-05-19 15:00:00,2026-05-06,10,10,20.0,-26.0,ok,2026-05-19,53.0,52.33,53.8,51.82,1465682.0,-1.11,5.87,2.77,0.258,0.78,1.32,2.5,8.33,-4.89,0.404,False,False,0.0
2026-05-19,300302,同有科技,47,5939.0,10jqka,intraday_0950,2026-05-19 09:50:00,2026-05-12,2,1,98.0,51.0,ok,2026-05-19,58.0,61.42,62.0,57.06,520603.0,14.87,,,0.883,,0.0,0.0,0.0,-0.94,0.117,True,False,0.0
2026-05-19,603773,沃格光电,47,12867.0,10jqka,post_close,2026-05-19 15:00:00,2026-05-06,5,3,71.0,24.0,ok,2026-05-19,61.39,70.73,74.0,61.39,443165.0,4.8,-15.11,-13.49,0.741,2.12,-8.05,-6.26,2.96,-20.42,0.259,False,False,0.0
2026-05-19,600667,太极实业,48,5868.0,10jqka,intraday_0950,2026-05-19 09:50:00,2026-05-13,4,2,73.0,25.0,ok,2026-05-19,12.88,12.67,12.99,12.55,884508.0,-3.21,,,0.273,,0.0,0.0,0.0,-2.46,0.25,False,False,0.0
2026-05-19,300058,蓝色光标,48,12645.0,10jqka,post_close,2026-05-19 15:00:00,2026-05-06,9,8,35.0,-13.0,ok,2026-05-19,17.73,18.6,19.0,17.53,5026039.0,3.91,7.2,2.14,0.728,1.19,2.93,1.35,2.21,-10.1,0.272,False,False,0.0
2026-05-19,002409,雅克科技,49,5633.0,10jqka,intraday_0950,2026-05-19 09:50:00,2026-05-14,3,2,11.0,-38.0,ok,2026-05-19,112.97,109.97,113.0,109.21,117190.0,-3.7,,,0.201,,0.0,0.0,0.0,-2.68,0.008,False,False,0.0
2026-05-19,601179,中国西电,49,13043.0,10jqka,intraday_1430,2026-05-19 14:30:00,2026-05-08,7,1,87.0,38.0,ok,2026-05-19,18.8,17.87,18.94,17.86,3055920.0,-6.05,,,0.009,,0.0,0.0,0.0,-5.65,0.13,False,False,0.0
2026-05-19,002617,露笑科技,49,12604.0,10jqka,post_close,2026-05-19 15:00:00,2026-05-14,4,4,69.0,20.0,ok,2026-05-19,8.92,9.45,9.69,8.7,3472077.0,3.62,-2.58,13.45,0.758,1.21,1.72,8.51,14.72,-7.71,0.242,False,False,0.0
2026-05-19,001393,维通利,50,5555.0,10jqka,intraday_0950,2026-05-19 09:50:00,2026-05-18,2,2,44.0,-6.0,ok,2026-05-19,92.0,99.11,100.28,90.21,70486.0,4.04,,,0.884,,0.0,0.0,0.0,-1.17,0.116,False,False,0.0
2026-05-19,002361,神剑股份,50,12422.0,10jqka,post_close,2026-05-19 15:00:00,2026-05-06,10,10,57.0,7.0,ok,2026-05-19,18.74,18.29,19.0,17.7,1671256.0,-3.28,-2.3,-9.68,0.454,0.86,-4.24,-9.77,-11.89,-23.63,0.2,False,False,0.0
2026-05-19,688008,澜起科技,51,12358.0,10jqka,post_close,2026-05-19 15:00:00,2026-05-06,5,1,55.0,4.0,ok,2026-05-19,239.05,247.11,249.6,233.08,69032232.0,-0.35,-6.78,2.66,0.849,0.71,-2.48,4.0,22.9,-12.37,0.151,False,False,0.0
2026-05-19,688808,联讯仪器,52,5513.0,10jqka,intraday_0950,2026-05-19 09:50:00,2026-05-19,1,1,,,missing_price_file,,,,,,,,,,,,,,,,,,,
2026-05-19,002015,协鑫能科,52,12301.0,10jqka,post_close,2026-05-19 15:00:00,2026-05-06,9,7,86.0,34.0,ok,2026-05-19,21.46,22.39,22.95,20.98,1732276.0,4.29,-4.72,5.32,0.716,0.78,-0.45,4.38,10.63,-12.64,0.284,False,False,0.0
2026-05-19,002123,梦网科技,53,12701.0,10jqka,intraday_1430,2026-05-19 14:30:00,2026-05-19,1,1,,,ok,2026-05-19,9.28,10.27,10.27,9.24,390709.0,9.96,,,1.0,,0.0,0.0,0.0,0.0,0.0,True,False,0.0
2026-05-19,000858,五粮液,53,11745.0,10jqka,post_close,2026-05-19 15:00:00,2026-05-06,9,7,30.0,-23.0,ok,2026-05-19,85.8,85.78,87.25,85.41,304941.0,0.25,-3.61,-5.28,0.201,0.73,-1.71,-4.23,-9.66,-21.44,0.788,False,False,0.0
2026-05-19,000417,合百集团,54,5464.0,10jqka,intraday_0950,2026-05-19 09:50:00,2026-05-19,1,1,,,ok,2026-05-19,8.66,8.66,8.66,8.66,225468.0,10.04,,,1.0,,0.0,0.0,0.0,0.0,0.0,True,True,0.0
2026-05-19,600379,宝光股份,54,11683.0,10jqka,post_close,2026-05-19 15:00:00,2026-05-06,9,2,75.0,21.0,ok,2026-05-19,15.61,15.11,15.96,15.11,685291.0,-10.01,-20.22,-12.1,0.0,0.91,-14.55,-14.68,-1.82,-27.36,0.412,False,False,0.0
2026-05-19,000636,风华高科,55,12595.0,10jqka,intraday_1430,2026-05-19 14:30:00,2026-05-18,2,2,90.0,35.0,ok,2026-05-19,29.6,32.37,32.37,29.03,709736.0,9.99,,,1.0,,0.0,0.0,0.0,0.0,0.0,True,False,0.0
2026-05-19,002929,润建股份,55,11657.0,10jqka,post_close,2026-05-19 15:00:00,2026-05-07,7,6,34.0,-21.0,ok,2026-05-19,92.2,97.78,100.09,91.33,410024.0,1.86,12.52,22.53,0.736,0.91,5.95,17.4,39.3,-2.31,0.264,False,False,0.0
2026-05-19,300136,信维通信,56,5384.0,10jqka,intraday_0950,2026-05-19 09:50:00,2026-05-06,7,2,93.0,37.0,ok,2026-05-19,111.97,112.68,114.36,110.0,292904.0,0.83,,,0.615,,0.0,0.0,0.0,-1.47,0.385,False,False,0.0
2026-05-19,002600,领益智造,56,11529.0,10jqka,post_close,2026-05-19 15:00:00,2026-05-08,5,4,51.0,-5.0,ok,2026-05-19,17.46,16.91,17.63,16.51,3141347.0,-0.82,3.24,13.19,0.357,0.83,2.35,8.09,13.05,-5.32,0.152,False,False,0.0
2026-05-19,688507,索辰科技,57,5281.0,10jqka,intraday_0950,2026-05-19 09:50:00,2026-05-19,1,1,,,missing_price_file,,,,,,,,,,,,,,,,,,,
2026-05-19,600105,永鼎股份,57,11370.0,10jqka,post_close,2026-05-19 15:00:00,2026-05-07,9,9,54.0,-3.0,ok,2026-05-19,50.7,50.47,50.97,47.93,1121210.0,-2.1,-6.52,-3.54,0.836,0.71,-2.7,0.1,6.16,-10.5,0.089,False,False,0.0
2026-05-19,002709,天赐材料,58,10919.0,10jqka,post_close,2026-05-19 15:00:00,2026-05-06,10,10,60.0,2.0,ok,2026-05-19,55.66,54.44,55.89,53.15,963140.0,-2.73,-1.93,-7.08,0.471,0.83,-3.26,-6.9,-2.56,-16.22,0.084,False,False,0.0
2026-05-19,688012,中微公司,59,10897.0,10jqka,post_close,2026-05-19 15:00:00,2026-05-15,2,1,35.0,-24.0,ok,2026-05-19,432.17,479.51,480.0,428.1,30037968.0,9.29,23.85,23.44,0.991,1.24,11.83,18.28,29.61,-0.1,0.009,False,False,0.0
2026-05-19,300285,国瓷材料,60,11681.0,10jqka,intraday_1430,2026-05-19 14:30:00,2026-05-19,1,1,,,ok,2026-05-19,38.83,43.4,44.0,38.72,873279.0,11.57,,,0.886,,0.0,0.0,0.0,-1.36,0.114,True,False,0.0
2026-05-19,002156,通富微电,60,10860.0,10jqka,post_close,2026-05-19 15:00:00,2026-05-06,10,10,64.0,4.0,ok,2026-05-19,56.88,58.86,59.16,55.01,1382120.0,1.36,2.54,-1.04,0.928,0.97,0.72,0.43,9.28,-5.42,0.072,False,False,0.0
2026-05-19,603019,中科曙光,61,5115.0,10jqka,intraday_0950,2026-05-19 09:50:00,2026-05-06,8,2,57.0,-4.0,ok,2026-05-19,98.0,96.82,98.18,96.38,150726.0,-1.9,,,0.244,,0.0,0.0,0.0,-1.39,0.1,False,False,0.0
2026-05-19,601728,中国电信,61,10769.0,10jqka,post_close,2026-05-19 15:00:00,2026-05-19,1,1,,,ok,2026-05-19,6.75,7.12,7.39,6.68,8195957.0,4.4,13.74,16.34,0.62,2.94,8.74,13.03,16.21,-3.65,0.38,False,False,0.0
2026-05-19,688521,芯原股份,62,10753.0,10jqka,post_close,2026-05-19 15:00:00,2026-05-19,1,1,,,ok,2026-05-19,257.37,299.91,301.0,252.78,40558824.0,15.57,12.79,10.27,0.977,1.53,10.63,10.65,16.76,-0.36,0.023,True,False,0.0
2026-05-19,300604,长川科技,63,11506.0,10jqka,intraday_1430,2026-05-19 14:30:00,2026-05-11,2,1,20.0,-43.0,ok,2026-05-19,208.49,222.7,227.68,203.15,365298.0,6.47,,,0.797,,0.0,0.0,0.0,-2.19,0.203,False,False,0.0
2026-05-19,002297,博云新材,63,10713.0,10jqka,post_close,2026-05-19 15:00:00,2026-05-06,10,10,40.0,-23.0,ok,2026-05-19,25.0,24.0,25.29,23.23,1294267.0,-5.44,-3.65,-0.41,0.374,0.85,-4.98,-4.0,3.94,-11.89,0.141,False,False,0.0
2026-05-19,002196,方正电机,64,10672.0,10jqka,post_close,2026-05-19 15:00:00,2026-05-15,3,3,33.0,-31.0,ok,2026-05-19,16.24,16.92,17.77,15.96,1313778.0,4.7,21.2,16.69,0.53,2.0,9.87,12.73,16.13,-8.54,0.47,False,False,0.0
2026-05-19,001309,德明利,65,10625.0,10jqka,post_close,2026-05-19 15:00:00,2026-05-06,7,1,81.0,16.0,ok,2026-05-19,712.0,699.16,716.0,672.94,150562.0,-4.88,-3.12,13.13,0.609,0.85,-1.46,5.99,19.7,-8.0,0.093,False,False,0.0
2026-05-19,920096,嘉晨智能,66,5029.0,10jqka,intraday_0950,2026-05-19 09:50:00,2026-05-19,1,1,,,ok,2026-05-19,70.0,101.32,110.01,70.0,145913.0,602.15,,,0.783,,0.0,0.0,0.0,-7.9,0.217,True,False,0.0
2026-05-19,002354,天娱数科,66,10583.0,10jqka,post_close,2026-05-19 15:00:00,2026-05-19,1,1,,,ok,2026-05-19,7.01,7.13,7.49,6.9,3687487.0,0.71,12.82,10.54,0.39,2.58,6.39,8.92,16.21,-7.52,0.61,False,False,0.0
2026-05-19,002979,雷赛智能,67,4933.0,10jqka,intraday_0950,2026-05-19 09:50:00,2026-05-18,2,2,28.0,-39.0,ok,2026-05-19,65.0,65.11,66.94,64.2,150496.0,0.03,,,0.332,,0.0,0.0,0.0,-2.73,0.668,False,False,0.0
2026-05-19,001259,利仁科技,67,10528.0,10jqka,post_close,2026-05-19 15:00:00,2026-05-19,1,1,,,ok,2026-05-19,73.17,73.21,73.21,71.68,30275.0,10.01,33.11,61.08,1.0,1.71,19.91,45.75,77.15,0.0,0.0,True,False,0.0
2026-05-19,601869,长飞光纤,68,4884.0,10jqka,intraday_0950,2026-05-19 09:50:00,2026-05-07,6,1,79.0,11.0,ok,2026-05-19,373.38,389.39,389.94,373.0,58387.0,0.05,,,0.968,,0.0,0.0,0.0,-0.14,0.032,False,False,0.0
2026-05-19,600023,浙能电力,68,10378.0,10jqka,post_close,2026-05-19 15:00:00,2026-05-19,1,1,,,ok,2026-05-19,6.15,6.7,6.77,6.1,2706526.0,8.94,11.11,12.23,0.896,2.93,8.24,11.11,13.96,-1.03,0.104,False,False,0.0
2026-05-19,601689,拓普集团,69,4860.0,10jqka,intraday_0950,2026-05-19 09:50:00,2026-05-18,2,2,47.0,-22.0,ok,2026-05-19,64.2,67.06,68.83,63.88,661218.0,4.02,,,0.642,,0.0,0.0,0.0,-2.57,0.358,False,False,0.0
2026-05-19,002241,歌尔股份,69,10320.0,10jqka,post_close,2026-05-19 15:00:00,2026-05-13,2,1,91.0,22.0,ok,2026-05-19,25.56,25.72,25.83,25.2,1014055.0,-0.35,1.54,1.82,0.825,0.79,0.21,0.8,2.68,-5.44,0.175,False,False,0.0
2026-05-19,002374,中锐股份,70,4854.0,10jqka,intraday_0950,2026-05-19 09:50:00,2026-05-19,1,1,,,ok,2026-05-19,3.7,3.86,3.91,3.66,528264.0,-1.28,,,0.8,,0.0,0.0,0.0,-1.28,0.2,False,False,0.0
2026-05-19,000600,建投能源,70,10523.0,10jqka,intraday_1430,2026-05-19 14:30:00,2026-05-19,1,1,,,ok,2026-05-19,9.89,10.88,10.88,9.76,981526.0,10.01,,,1.0,,0.0,0.0,0.0,0.0,0.0,True,False,0.0
2026-05-19,002475,立讯精密,70,10313.0,10jqka,post_close,2026-05-19 15:00:00,2026-05-06,10,10,52.0,-18.0,ok,2026-05-19,72.05,72.4,72.71,70.04,1430820.0,-0.69,-3.98,-6.21,0.884,0.68,-3.43,-1.63,2.95,-11.47,0.116,False,False,0.0
2026-05-19,002460,赣锋锂业,71,10499.0,10jqka,intraday_1430,2026-05-19 14:30:00,2026-05-07,3,1,100.0,29.0,ok,2026-05-19,78.4,75.57,78.4,74.5,561807.0,-4.8,,,0.274,,0.0,0.0,0.0,-3.61,0.0,False,False,0.0
2026-05-19,002594,比亚迪,71,10150.0,10jqka,post_close,2026-05-19 15:00:00,2026-05-06,4,2,93.0,22.0,ok,2026-05-19,94.51,96.0,96.08,93.8,296184.0,1.58,-2.77,-3.26,0.965,0.75,-0.86,-2.54,-4.31,-14.15,0.035,False,False,0.0
2026-05-19,601899,紫金矿业,72,10123.0,10jqka,post_close,2026-05-19 15:00:00,2026-05-06,9,4,37.0,-35.0,ok,2026-05-19,31.3,31.16,31.39,30.64,1808601.0,-0.45,-7.04,-9.89,0.693,0.52,-4.11,-6.93,-8.11,-23.81,0.12,False,False,0.0
2026-05-19,603459,红板科技,73,4721.0,10jqka,intraday_0950,2026-05-19 09:50:00,2026-05-08,5,1,60.0,-13.0,ok,2026-05-19,88.0,87.4,90.08,85.17,69341.0,-2.94,,,0.454,,0.0,0.0,0.0,-2.98,0.424,False,False,0.0
2026-05-19,002195,岩山科技,73,10298.0,10jqka,intraday_1430,2026-05-19 14:30:00,2026-05-19,1,1,,,ok,2026-05-19,8.61,8.66,8.98,8.61,2589930.0,3.22,,,0.135,,0.0,0.0,0.0,-3.56,0.865,False,False,0.0
2026-05-19,603082,北自科技,73,10097.0,10jqka,post_close,2026-05-19 15:00:00,2026-05-18,2,2,79.0,6.0,ok,2026-05-19,51.18,51.18,51.18,51.17,51618.0,9.99,33.11,46.31,1.0,0.63,19.91,31.63,36.55,0.0,0.0,True,True,0.0
2026-05-19,603278,大业股份,74,4699.0,10jqka,intraday_0950,2026-05-19 09:50:00,2026-05-11,3,2,24.0,-50.0,ok,2026-05-19,15.83,16.71,17.49,15.83,379411.0,-2.11,,,0.53,,0.0,0.0,0.0,-4.46,0.47,False,False,0.0
2026-05-19,600481,双良节能,74,10072.0,10jqka,post_close,2026-05-19 15:00:00,2026-05-14,2,1,81.0,7.0,ok,2026-05-19,6.62,7.21,7.21,6.61,1813250.0,10.08,3.59,13.19,1.0,0.91,6.63,10.03,11.76,-32.68,0.0,True,False,0.0
2026-05-19,002428,云南锗业,75,10244.0,10jqka,intraday_1430,2026-05-19 14:30:00,2026-05-06,10,10,92.0,17.0,ok,2026-05-19,90.16,90.23,90.85,85.33,704049.0,-1.32,,,0.888,,0.0,0.0,0.0,-0.68,0.112,False,False,0.0
2026-05-19,603078,江化微,75,9983.0,10jqka,post_close,2026-05-19 15:00:00,2026-05-19,1,1,,,ok,2026-05-19,31.43,35.08,35.36,31.03,538317.0,8.61,27.56,24.31,0.935,1.34,14.6,21.03,32.25,-0.79,0.065,False,False,0.0
2026-05-19,301531,春光集团,76,4605.0,10jqka,intraday_0950,2026-05-19 09:50:00,2026-05-12,3,1,88.0,12.0,ok,2026-05-19,113.56,109.03,121.21,108.77,114996.0,-1.77,,,0.021,,0.0,0.0,0.0,-10.05,0.615,False,False,0.0
2026-05-19,600415,小商品城,76,9803.0,10jqka,post_close,2026-05-19 15:00:00,2026-05-14,2,1,7.0,-69.0,ok,2026-05-19,13.4,14.22,14.33,13.4,2063583.0,5.72,5.1,9.89,0.882,1.49,4.53,6.47,7.62,-7.96,0.118,False,False,0.0
2026-05-19,002491,通鼎互联,77,9773.0,10jqka,post_close,2026-05-19 15:00:00,2026-05-07,7,2,47.0,-30.0,ok,2026-05-19,23.17,23.69,23.83,22.51,1478859.0,0.0,-3.89,-5.24,0.894,0.72,-2.57,4.91,21.56,-13.7,0.106,False,False,0.0
2026-05-19,300503,昊志机电,78,10117.0,10jqka,intraday_1430,2026-05-19 14:30:00,2026-05-19,1,1,,,ok,2026-05-19,70.09,78.4,79.9,69.33,337467.0,12.11,,,0.858,,0.0,0.0,0.0,-1.88,0.142,True,False,0.0
2026-05-19,000938,紫光股份,78,9687.0,10jqka,post_close,2026-05-19 15:00:00,2026-05-08,5,1,77.0,-1.0,ok,2026-05-19,31.63,32.49,32.58,30.51,2022812.0,2.07,1.09,5.87,0.957,0.9,0.73,1.02,3.81,-5.8,0.043,False,False,0.0
2026-05-19,002272,川润股份,79,10061.0,10jqka,intraday_1430,2026-05-19 14:30:00,2026-05-19,1,1,,,ok,2026-05-19,20.75,22.67,22.67,20.65,753078.0,10.0,,,1.0,,0.0,0.0,0.0,0.0,0.0,True,False,0.0
2026-05-19,300166,东方国信,79,9676.0,10jqka,post_close,2026-05-19 15:00:00,2026-05-06,2,1,47.0,-32.0,ok,2026-05-19,20.01,21.44,21.98,19.66,2426466.0,9.95,12.84,14.41,0.767,1.48,8.28,10.67,21.09,-2.46,0.233,True,False,0.0
2026-05-19,002980,华盛昌,80,9922.0,10jqka,intraday_1430,2026-05-19 14:30:00,2026-05-18,2,2,89.0,9.0,ok,2026-05-19,104.74,104.78,107.22,97.49,179657.0,-1.06,,,0.749,,0.0,0.0,0.0,-2.28,0.251,False,False,0.0
2026-05-19,300502,新易盛,80,9646.0,10jqka,post_close,2026-05-19 15:00:00,2026-05-06,8,1,80.0,0.0,ok,2026-05-19,599.51,572.5,599.91,560.31,339052.0,-4.57,-7.35,-3.38,0.308,0.86,-5.51,-1.69,-0.25,-12.42,0.01,False,False,0.0
2026-05-19,300394,天孚通信,81,9597.0,10jqka,post_close,2026-05-19 15:00:00,2026-05-13,5,5,83.0,2.0,ok,2026-05-19,376.08,363.0,377.0,347.13,546191.0,-5.7,-7.4,6.0,0.531,0.87,-5.38,1.88,4.16,-12.34,0.031,False,False,0.0
2026-05-19,001365,天海电子,82,9560.0,10jqka,post_close,2026-05-19 15:00:00,2026-05-18,2,2,12.0,-70.0,ok,2026-05-19,63.0,65.66,71.98,61.05,274938.0,-2.18,,,0.422,0.65,-1.1,-1.1,-1.1,-20.78,0.578,False,False,0.0
2026-05-19,600410,华胜天成,83,9515.0,10jqka,post_close,2026-05-19 15:00:00,2026-05-13,3,1,96.0,13.0,ok,2026-05-19,23.0,22.76,23.15,22.1,860214.0,-2.98,-1.13,1.97,0.629,0.66,-2.37,-1.56,-7.91,-33.66,0.143,False,False,0.0
2026-05-19,600519,贵州茅台,84,4422.0,10jqka,intraday_0950,2026-05-19 09:50:00,2026-05-06,3,1,90.0,6.0,ok,2026-05-19,1321.9,1325.39,1329.99,1321.0,8154.0,0.18,,,0.488,,0.0,0.0,0.0,-0.35,0.512,False,False,0.0
2026-05-19,002893,京能热力,84,9672.0,10jqka,intraday_1430,2026-05-19 14:30:00,2026-05-19,1,1,,,ok,2026-05-19,11.26,12.43,12.43,10.91,322005.0,10.0,,,1.0,,0.0,0.0,0.0,0.0,0.0,True,False,0.0
2026-05-19,601778,晶科科技,84,9488.0,10jqka,post_close,2026-05-19 15:00:00,2026-05-06,10,10,53.0,-31.0,ok,2026-05-19,6.58,6.67,6.71,6.31,3389754.0,1.06,-11.3,-6.06,0.9,0.53,-4.41,-6.39,-4.33,-15.36,0.1,False,False,0.0
2026-05-19,601888,中国中免,85,4396.0,10jqka,intraday_0950,2026-05-19 09:50:00,2026-05-06,2,1,86.0,1.0,missing_price_file,,,,,,,,,,,,,,,,,,,
2026-05-19,000559,万向钱潮,85,9648.0,10jqka,intraday_1430,2026-05-19 14:30:00,2026-05-08,4,3,18.0,-67.0,ok,2026-05-19,17.81,18.13,18.4,17.7,1271380.0,0.83,,,0.614,,0.0,0.0,0.0,-1.47,0.386,False,False,0.0
2026-05-19,000711,ST京蓝,85,9441.0,10jqka,post_close,2026-05-19 15:00:00,2026-05-19,1,1,,,ok,2026-05-19,6.2,6.09,6.53,5.95,1854507.0,-2.09,-2.25,-2.56,0.241,2.03,-1.84,2.37,18.02,-11.61,0.569,False,False,0.0
2026-05-19,002044,美年健康,86,9573.0,10jqka,intraday_1430,2026-05-19 14:30:00,2026-05-06,3,1,48.0,-38.0,ok,2026-05-19,6.14,6.33,6.73,6.12,3652980.0,3.43,,,0.344,,0.0,0.0,0.0,-5.94,0.656,False,False,0.0
2026-05-19,601016,节能风电,86,9426.0,10jqka,post_close,2026-05-19 15:00:00,2026-05-06,10,10,72.0,-14.0,ok,2026-05-19,4.93,5.13,5.15,4.82,4834986.0,2.81,0.59,0.2,0.939,0.65,-0.89,1.18,8.85,-12.9,0.061,False,False,0.0
2026-05-19,002565,顺灏股份,87,9517.0,10jqka,intraday_1430,2026-05-19 14:30:00,2026-05-06,7,1,80.0,-7.0,ok,2026-05-19,17.69,16.96,17.83,16.5,1056168.0,-5.15,,,0.346,,0.0,0.0,0.0,-4.88,0.105,False,False,0.0
2026-05-19,000767,晋控电力,87,9394.0,10jqka,post_close,2026-05-19 15:00:00,2026-05-13,5,5,56.0,-31.0,ok,2026-05-19,5.0,5.09,5.3,4.84,3943889.0,0.0,8.3,9.46,0.543,0.98,2.21,9.94,18.48,-9.43,0.457,False,False,0.0
2026-05-19,000672,上峰水泥,88,4380.0,10jqka,intraday_0950,2026-05-19 09:50:00,2026-05-19,1,1,,,ok,2026-05-19,18.62,17.18,18.62,17.07,319467.0,-9.1,,,0.071,,0.0,0.0,0.0,-7.73,0.0,False,False,0.0
2026-05-19,002129,TCL中环,88,9314.0,10jqka,post_close,2026-05-19 15:00:00,2026-05-19,1,1,,,ok,2026-05-19,9.38,9.81,10.07,9.24,2291402.0,4.81,-2.78,1.98,0.687,0.8,-0.47,3.61,8.27,-16.51,0.313,False,False,0.0
2026-05-19,603667,五洲新春,89,4311.0,10jqka,intraday_0950,2026-05-19 09:50:00,2026-05-11,3,2,39.0,-50.0,ok,2026-05-19,84.98,83.63,87.0,83.28,154308.0,-1.61,,,0.094,,0.0,0.0,0.0,-3.87,0.543,False,False,0.0
2026-05-19,603938,三孚股份,89,9506.0,10jqka,intraday_1430,2026-05-19 14:30:00,2026-05-19,1,1,,,ok,2026-05-19,45.53,48.87,48.87,44.64,331757.0,9.99,,,1.0,,0.0,0.0,0.0,0.0,0.0,True,False,0.0
2026-05-19,300608,思特奇,89,9261.0,10jqka,post_close,2026-05-19 15:00:00,2026-05-19,1,1,,,ok,2026-05-19,15.29,18.46,18.46,15.29,577614.0,20.03,20.97,37.56,1.0,1.3,18.9,26.92,33.72,0.0,0.0,True,False,0.0
2026-05-19,603779,威龙股份,90,4286.0,10jqka,intraday_0950,2026-05-19 09:50:00,2026-05-15,2,1,82.0,-8.0,missing_price_file,,,,,,,,,,,,,,,,,,,
2026-05-19,301139,*ST元道,90,9195.0,10jqka,post_close,2026-05-19 15:00:00,2026-05-19,1,1,,,ok,2026-05-19,4.84,4.84,4.84,4.84,18158.0,-20.0,-48.78,-67.21,1.0,5.6,-39.06,-62.28,-68.31,-75.34,,False,False,0.0
2026-05-19,603466,风语筑,91,9419.0,10jqka,intraday_1430,2026-05-19 14:30:00,2026-05-19,1,1,,,missing_price_file,,,,,,,,,,,,,,,,,,,
2026-05-19,601868,中国能建,91,9109.0,10jqka,post_close,2026-05-19 15:00:00,2026-05-07,9,9,87.0,-4.0,ok,2026-05-19,3.15,3.19,3.19,3.07,6716099.0,1.27,-0.93,-3.92,1.0,0.47,-2.33,-0.56,4.42,-19.04,0.0,False,False,0.0
2026-05-19,003018,金富科技,92,4278.0,10jqka,intraday_0950,2026-05-19 09:50:00,2026-05-19,1,1,,,ok,2026-05-19,69.0,71.56,71.56,68.79,20892.0,10.01,,,1.0,,0.0,0.0,0.0,0.0,0.0,True,False,0.0
2026-05-19,002173,创新医疗,92,9383.0,10jqka,intraday_1430,2026-05-19 14:30:00,2026-05-19,1,1,,,ok,2026-05-19,24.42,25.39,25.39,24.2,264911.0,10.01,,,1.0,,0.0,0.0,0.0,0.0,0.0,True,False,0.0
2026-05-19,300274,阳光电源,92,9105.0,10jqka,post_close,2026-05-19 15:00:00,2026-05-14,3,2,95.0,3.0,ok,2026-05-19,154.0,157.38,161.32,153.72,1010387.0,3.37,16.55,12.53,0.482,1.1,6.3,9.2,13.2,-13.19,0.518,False,False,0.0
2026-05-19,002202,金风科技,93,8915.0,10jqka,post_close,2026-05-19 15:00:00,2026-05-06,10,10,66.0,-27.0,ok,2026-05-19,25.56,25.42,25.73,25.13,1042342.0,-1.43,-2.34,-6.78,0.483,0.57,-2.33,-6.01,-4.31,-23.66,0.283,False,False,0.0
2026-05-19,301308,江波龙,94,8861.0,10jqka,post_close,2026-05-19 15:00:00,2026-05-06,7,2,99.0,5.0,ok,2026-05-19,569.94,562.43,572.0,541.7,206100.0,-5.03,-6.11,0.14,0.684,0.86,-4.87,1.91,20.36,-11.91,0.068,False,False,0.0
2026-05-19,603618,杭电股份,95,4192.0,10jqka,intraday_0950,2026-05-19 09:50:00,2026-05-06,6,1,44.0,-51.0,ok,2026-05-19,37.3,36.55,38.38,36.39,209463.0,-5.31,,,0.08,,0.0,0.0,0.0,-4.77,0.543,False,False,0.0
2026-05-19,300442,润泽科技,95,8834.0,10jqka,post_close,2026-05-19 15:00:00,2026-05-13,4,3,67.0,-28.0,ok,2026-05-19,100.9,98.33,100.98,95.7,662231.0,-1.07,-1.34,7.61,0.498,0.67,-1.96,0.08,3.38,-11.4,0.015,False,False,0.0
2026-05-19,600863,华能蒙电,96,9202.0,10jqka,intraday_1430,2026-05-19 14:30:00,2026-05-19,1,1,,,ok,2026-05-19,4.97,5.42,5.42,4.97,1583176.0,9.94,,,1.0,,0.0,0.0,0.0,0.0,0.0,True,False,0.0
2026-05-19,600758,辽宁能源,96,8750.0,10jqka,post_close,2026-05-19 15:00:00,2026-05-19,1,1,,,ok,2026-05-19,4.84,5.17,5.17,4.8,1977861.0,10.0,11.18,26.72,1.0,1.36,11.04,18.77,23.77,-17.81,0.0,True,False,0.0
2026-05-19,600032,浙江新能,97,4120.0,10jqka,intraday_0950,2026-05-19 09:50:00,2026-05-19,1,1,,,ok,2026-05-19,11.03,10.96,11.23,10.88,303416.0,-2.23,,,0.229,,0.0,0.0,0.0,-2.4,0.571,False,False,0.0
2026-05-19,601929,吉视传媒,97,9190.0,10jqka,intraday_1430,2026-05-19 14:30:00,2026-05-19,1,1,,,missing_price_file,,,,,,,,,,,,,,,,,,,
2026-05-19,300634,彩讯股份,97,8727.0,10jqka,post_close,2026-05-19 15:00:00,2026-05-19,1,1,,,ok,2026-05-19,24.0,29.15,29.15,24.0,613232.0,20.01,25.0,20.95,1.0,4.63,16.63,18.14,14.48,-8.25,0.0,True,False,0.0
2026-05-19,600903,贵州燃气,98,4084.0,10jqka,intraday_0950,2026-05-19 09:50:00,2026-05-15,2,1,84.0,-14.0,ok,2026-05-19,9.4,9.69,9.69,9.3,385757.0,9.99,,,1.0,,0.0,0.0,0.0,0.0,0.0,True,False,0.0
2026-05-19,600850,电科数字,98,9165.0,10jqka,intraday_1430,2026-05-19 14:30:00,2026-05-19,1,1,,,ok,2026-05-19,21.1,22.51,22.51,21.0,488295.0,10.02,,,1.0,,0.0,0.0,0.0,0.0,0.0,True,False,0.0
2026-05-19,600276,恒瑞医药,98,8678.0,10jqka,post_close,2026-05-19 15:00:00,2026-05-12,4,2,91.0,-7.0,ok,2026-05-19,52.3,51.59,52.91,51.33,699095.0,-1.6,-5.03,-7.73,0.165,0.56,-3.82,-3.95,-5.49,-13.94,0.386,False,False,0.0
2026-05-19,002506,协鑫集成,99,4068.0,10jqka,intraday_0950,2026-05-19 09:50:00,2026-05-15,3,3,75.0,-24.0,ok,2026-05-19,4.4,4.37,4.48,4.31,1855350.0,0.46,,,0.353,,0.0,0.0,0.0,-2.46,0.471,False,False,0.0
2026-05-19,600183,生益科技,99,9148.0,10jqka,intraday_1430,2026-05-19 14:30:00,2026-05-13,3,2,84.0,-15.0,ok,2026-05-19,97.85,100.81,101.87,94.02,748121.0,1.88,,,0.865,,0.0,0.0,0.0,-1.04,0.135,False,False,0.0
2026-05-19,600699,均胜电子,99,8670.0,10jqka,post_close,2026-05-19 15:00:00,2026-05-15,2,1,74.0,-25.0,ok,2026-05-19,30.74,30.17,31.85,30.15,891363.0,-2.46,3.39,6.46,0.012,1.14,0.13,1.67,4.15,-5.27,0.653,False,False,0.0
2026-05-19,600158,中体产业,100,8663.0,10jqka,post_close,2026-05-19 15:00:00,2026-05-07,3,2,59.0,-41.0,ok,2026-05-19,12.12,11.92,12.49,11.81,1641515.0,-9.15,-14.37,-15.28,0.162,1.54,-11.4,-10.98,-1.78,-19.95,0.544,False,False,0.0
2026-05-20,002342,巨力索具,1,78059.0,10jqka,intraday_1430,2026-05-20 14:30:00,2026-05-06,11,11,4.0,3.0,ok,2026-05-20,14.17,14.4,15.74,14.17,3299621.0,-8.51,-25.89,-29.62,0.146,2.93,-17.21,-25.86,-25.96,-40.0,0.854,False,False,0.0
2026-05-20,600759,ST洲际,2,75249.0,10jqka,intraday_1430,2026-05-20 14:30:00,2026-05-06,8,4,15.0,13.0,ok,2026-05-20,2.52,2.52,2.52,2.52,217938.0,-4.91,-18.97,-26.74,1.0,4.01,-13.99,-25.33,-40.09,-72.28,,False,False,0.0
2026-05-20,601991,大唐发电,3,55508.0,10jqka,intraday_1430,2026-05-20 14:30:00,2026-05-06,11,11,1.0,-2.0,ok,2026-05-20,6.8,7.37,7.44,6.8,7864962.0,6.97,-6.94,0.0,0.891,0.65,-5.03,5.98,32.6,-14.7,0.109,False,False,0.0
2026-05-20,002407,多氟多,4,52778.0,10jqka,intraday_1430,2026-05-20 14:30:00,2026-05-06,8,4,39.0,35.0,ok,2026-05-20,36.5,40.69,40.69,36.4,2036307.0,10.0,12.16,19.5,1.0,1.27,10.26,12.98,17.28,0.0,0.0,True,False,0.0
2026-05-20,600584,长电科技,5,50417.0,10jqka,intraday_1430,2026-05-20 14:30:00,2026-05-06,10,8,14.0,9.0,ok,2026-05-20,83.0,86.17,88.0,81.15,3125850.0,7.48,48.44,49.89,0.733,1.4,35.63,47.11,65.93,-2.08,0.267,False,False,0.0
2026-05-20,002709,天赐材料,6,37175.0,10jqka,intraday_1430,2026-05-20 14:30:00,2026-05-06,11,11,58.0,52.0,ok,2026-05-20,51.95,52.1,53.44,51.4,864551.0,-1.83,-9.45,-10.05,0.343,0.8,-5.47,-9.05,-7.05,-19.82,0.657,False,False,0.0
2026-05-20,002185,华天科技,7,30312.0,10jqka,intraday_1430,2026-05-20 14:30:00,2026-05-06,9,4,29.0,22.0,ok,2026-05-20,15.15,15.77,16.78,15.05,4468883.0,3.07,10.28,7.79,0.416,1.66,6.1,8.16,15.16,-6.02,0.584,False,False,0.0
2026-05-20,002654,万润科技,8,29669.0,10jqka,intraday_1430,2026-05-20 14:30:00,2026-05-18,2,1,63.0,55.0,ok,2026-05-20,16.72,18.23,18.23,16.66,1047332.0,10.02,10.02,7.36,1.0,0.87,4.63,10.53,16.66,0.0,0.0,True,False,0.0
2026-05-20,603986,兆易创新,9,28203.0,10jqka,intraday_1430,2026-05-20 14:30:00,2026-05-06,9,4,40.0,31.0,ok,2026-05-20,408.0,443.97,445.0,407.8,569762.0,9.74,18.28,21.64,0.972,1.03,12.2,18.69,30.1,-0.23,0.028,True,False,0.0
2026-05-20,600522,中天科技,10,28161.0,10jqka,intraday_1430,2026-05-20 14:30:00,2026-05-06,11,11,12.0,2.0,ok,2026-05-20,44.29,42.85,44.66,41.8,2567893.0,-2.21,4.54,-1.72,0.367,0.77,-1.01,0.29,11.91,-7.21,0.129,False,False,0.0
2026-05-20,600745,*ST闻泰,11,27665.0,10jqka,intraday_1430,2026-05-20 14:30:00,2026-05-06,9,6,16.0,5.0,ok,2026-05-20,16.39,17.01,17.01,16.33,361528.0,5.0,-8.84,-17.71,1.0,8.4,-5.37,-16.89,-30.99,-52.71,0.0,False,False,0.0
2026-05-20,000021,深科技,12,24426.0,10jqka,intraday_1430,2026-05-20 14:30:00,2026-05-13,5,3,20.0,8.0,ok,2026-05-20,38.38,37.9,39.99,37.8,2634892.0,0.61,12.6,9.51,0.046,1.46,4.93,10.48,19.35,-5.23,0.735,False,False,0.0
2026-05-20,000988,华工科技,13,23509.0,10jqka,intraday_1430,2026-05-20 14:30:00,2026-05-06,11,11,7.0,-6.0,ok,2026-05-20,158.41,163.25,170.88,158.41,1189898.0,3.06,21.85,14.88,0.388,1.22,10.24,13.02,24.25,-4.47,0.612,False,False,0.0
2026-05-20,600111,北方稀土,14,22886.0,10jqka,intraday_1430,2026-05-20 14:30:00,2026-05-06,10,1,96.0,82.0,ok,2026-05-20,54.0,56.08,56.13,53.99,1456171.0,3.01,4.28,-0.14,0.977,1.02,5.78,3.17,7.61,-11.78,0.023,False,False,0.0
2026-05-20,002421,达实智能,15,22860.0,10jqka,intraday_1430,2026-05-20 14:30:00,2026-05-18,3,3,37.0,22.0,ok,2026-05-20,4.27,4.27,4.27,4.03,5188949.0,10.05,33.02,40.92,1.0,3.41,19.88,29.91,39.52,0.0,0.0,True,False,0.0
2026-05-20,002281,光迅科技,16,22687.0,10jqka,intraday_1430,2026-05-20 14:30:00,2026-05-06,11,11,3.0,-13.0,ok,2026-05-20,229.01,237.28,246.8,226.24,699240.0,2.77,20.76,19.86,0.537,0.87,10.02,17.37,41.77,-3.86,0.463,False,False,0.0
2026-05-20,000890,法尔胜,17,20826.0,10jqka,intraday_1430,2026-05-20 14:30:00,2026-05-06,4,1,87.0,70.0,ok,2026-05-20,11.55,12.85,12.85,11.06,652907.0,10.02,5.85,-8.93,1.0,1.18,3.98,-2.56,-11.14,-27.03,0.0,True,False,0.0
2026-05-20,600578,京能电力,18,20293.0,10jqka,intraday_1430,2026-05-20 14:30:00,2026-05-15,4,4,2.0,-16.0,ok,2026-05-20,9.49,9.46,9.89,9.15,4298219.0,4.65,34.95,63.39,0.419,1.41,21.84,44.91,61.36,-4.35,0.541,False,False,0.0
2026-05-20,600396,华电辽能,19,20109.0,10jqka,intraday_1430,2026-05-20 14:30:00,2026-05-06,11,11,11.0,-8.0,ok,2026-05-20,15.55,14.54,15.55,14.54,2016883.0,-9.97,-16.58,-12.2,0.0,0.73,-9.63,-3.18,18.28,-19.89,0.0,False,False,0.0
2026-05-20,603399,永杉锂业,20,19783.0,10jqka,intraday_1430,2026-05-20 14:30:00,2026-05-06,7,1,94.0,74.0,ok,2026-05-20,22.97,23.43,24.84,22.9,1345128.0,3.76,13.74,0.95,0.273,1.46,13.61,5.76,24.0,-8.19,0.727,False,False,0.0
2026-05-20,002031,巨轮智能,21,19715.0,10jqka,intraday_1430,2026-05-20 14:30:00,2026-05-14,5,5,23.0,2.0,ok,2026-05-20,8.1,7.54,8.11,7.54,3625627.0,-10.02,-10.24,3.43,0.0,0.79,-6.08,0.04,12.4,-14.32,0.018,False,False,0.0
2026-05-20,002208,合肥城建,22,18611.0,10jqka,intraday_1430,2026-05-20 14:30:00,2026-05-15,4,4,8.0,-14.0,ok,2026-05-20,24.03,25.3,26.36,23.59,1580723.0,0.72,21.87,40.56,0.617,1.43,11.14,31.89,57.66,-4.02,0.383,False,False,0.0
2026-05-20,002156,通富微电,23,18588.0,10jqka,intraday_1430,2026-05-20 14:30:00,2026-05-06,11,11,60.0,37.0,ok,2026-05-20,58.58,62.06,63.84,58.55,1831327.0,5.44,8.84,1.97,0.664,1.29,5.76,4.97,13.75,-2.79,0.336,False,False,0.0
2026-05-20,300274,阳光电源,24,18453.0,10jqka,intraday_1430,2026-05-20 14:30:00,2026-05-14,4,3,92.0,68.0,ok,2026-05-20,165.44,166.99,171.03,159.0,831624.0,1.51,9.18,17.06,0.664,0.82,9.2,13.72,18.62,-7.89,0.336,False,False,0.0
2026-05-20,688981,中芯国际,25,18304.0,10jqka,intraday_1430,2026-05-20 14:30:00,2026-05-15,2,1,90.0,65.0,ok,2026-05-20,150.73,148.67,154.44,145.5,1576870.0,-4.7,24.91,22.0,0.355,0.02,19.5,20.47,26.04,-3.74,0.415,False,False,0.0
2026-05-20,301139,*ST元道,26,17734.0,10jqka,intraday_1430,2026-05-20 14:30:00,2026-05-19,2,2,90.0,64.0,ok,2026-05-20,4.84,4.84,4.84,4.84,15860.0,-20.0,-35.98,-59.02,1.0,2.37,-26.08,-57.95,-66.78,-75.34,,False,False,0.0
2026-05-20,002131,利欧股份,27,17700.0,10jqka,intraday_1430,2026-05-20 14:30:00,2026-05-06,5,3,9.0,-18.0,ok,2026-05-20,7.27,6.93,7.34,6.9,6937674.0,-6.35,5.32,1.32,0.068,1.26,0.96,0.42,-2.23,-29.07,0.159,False,False,0.0
2026-05-20,002582,好想你,28,17644.0,10jqka,intraday_1430,2026-05-20 14:30:00,2026-05-20,1,1,,,ok,2026-05-20,12.09,11.3,12.1,11.22,308276.0,-6.15,-6.84,-10.1,0.091,1.23,-5.61,-7.05,-9.0,-14.13,0.011,False,False,0.0
2026-05-20,002812,恩捷股份,29,17395.0,10jqka,intraday_1430,2026-05-20 14:30:00,2026-05-12,2,1,20.0,-9.0,ok,2026-05-20,72.35,69.3,72.6,67.06,548591.0,-5.42,-9.35,-14.9,0.404,1.56,-7.7,-12.12,-11.89,-20.99,0.045,False,False,0.0
2026-05-20,603618,杭电股份,30,17217.0,10jqka,intraday_1430,2026-05-20 14:30:00,2026-05-06,5,1,81.0,51.0,ok,2026-05-20,40.53,37.87,40.53,36.81,782737.0,-6.56,4.04,-3.96,0.285,1.03,-0.02,0.08,13.29,-8.17,0.0,False,False,0.0
2026-05-20,002466,天齐锂业,31,17076.0,10jqka,intraday_1430,2026-05-20 14:30:00,2026-05-06,6,1,97.0,66.0,ok,2026-05-20,65.76,67.97,69.39,65.26,695978.0,2.09,-1.65,-8.62,0.656,0.97,-1.13,-6.29,-6.81,-17.6,0.344,False,False,0.0
2026-05-20,002081,金螳螂,32,16954.0,10jqka,intraday_1430,2026-05-20 14:30:00,2026-05-06,11,11,13.0,-19.0,ok,2026-05-20,6.91,6.21,7.04,6.21,4078710.0,-10.0,-20.89,-21.19,0.0,0.82,-13.65,-14.94,0.25,-27.79,0.157,False,False,0.0
2026-05-20,000070,特发信息,33,16874.0,10jqka,intraday_1430,2026-05-20 14:30:00,2026-05-07,4,1,75.0,42.0,ok,2026-05-20,18.6,19.91,20.64,18.5,1475030.0,6.13,4.46,-6.13,0.659,1.38,1.92,-1.68,-0.78,-11.51,0.341,False,False,0.0
2026-05-20,600186,莲花控股,34,16516.0,10jqka,intraday_1430,2026-05-20 14:30:00,2026-05-06,10,2,17.0,-17.0,ok,2026-05-20,11.6,11.07,11.85,10.95,2863439.0,-4.24,7.06,3.26,0.133,1.02,2.46,3.79,9.65,-6.58,0.278,False,False,0.0
2026-05-20,600487,亨通光电,35,16301.0,10jqka,intraday_1430,2026-05-20 14:30:00,2026-05-06,11,11,6.0,-29.0,ok,2026-05-20,74.7,75.4,78.13,74.0,1566022.0,-0.09,8.02,-0.04,0.339,1.01,2.87,1.18,6.55,-5.63,0.661,False,False,0.0
2026-05-20,601138,工业富联,36,15759.0,10jqka,intraday_1430,2026-05-20 14:30:00,2026-05-06,11,11,35.0,-1.0,ok,2026-05-20,68.0,70.0,70.5,67.3,2377225.0,4.23,3.52,-1.19,0.844,0.75,1.82,4.12,5.84,-5.41,0.156,False,False,0.0
2026-05-20,603629,利通电子,37,15490.0,10jqka,intraday_1430,2026-05-20 14:30:00,2026-05-06,11,11,34.0,-3.0,ok,2026-05-20,172.99,180.17,180.17,172.21,257179.0,3.37,5.98,4.32,1.0,0.74,3.61,6.74,24.56,-0.73,0.0,False,False,0.0
2026-05-20,000066,中国长城,38,15310.0,10jqka,intraday_1430,2026-05-20 14:30:00,2026-05-06,11,11,5.0,-33.0,ok,2026-05-20,20.21,20.74,21.36,20.05,3396896.0,0.1,1.17,-17.67,0.527,0.76,-1.09,-8.17,3.8,-19.43,0.473,False,False,0.0
2026-05-20,002460,赣锋锂业,39,15024.0,10jqka,intraday_1430,2026-05-20 14:30:00,2026-05-07,3,1,50.0,11.0,ok,2026-05-20,74.69,76.79,78.13,74.0,613597.0,0.95,-1.63,-7.47,0.676,1.05,-1.62,-5.76,-7.55,-16.23,0.324,False,False,0.0
2026-05-20,002580,圣阳股份,40,14723.0,10jqka,intraday_1430,2026-05-20 14:30:00,2026-05-06,11,11,31.0,-9.0,ok,2026-05-20,26.67,26.34,27.2,25.67,673040.0,-4.22,-6.56,-24.31,0.438,0.6,-5.79,-13.88,-11.33,-27.84,0.346,False,False,0.0
2026-05-20,601899,紫金矿业,41,14663.0,10jqka,intraday_1430,2026-05-20 14:30:00,2026-05-06,10,5,72.0,31.0,ok,2026-05-20,30.16,30.89,31.14,29.88,2370757.0,3.0,-2.98,-10.88,0.802,0.78,-2.68,-6.81,-8.39,-24.47,0.198,False,False,0.0
2026-05-20,002240,盛新锂能,42,13911.0,10jqka,intraday_1430,2026-05-20 14:30:00,2026-05-20,1,1,,,ok,2026-05-20,48.39,51.36,52.9,47.68,660846.0,5.2,0.59,-6.62,0.705,1.2,0.51,-5.3,-3.61,-18.64,0.295,False,False,0.0
2026-05-20,002050,三花智控,43,13650.0,10jqka,intraday_1430,2026-05-20 14:30:00,2026-05-06,11,11,46.0,3.0,ok,2026-05-20,51.7,50.64,51.72,50.22,1398049.0,-3.23,-2.73,-1.67,0.28,0.73,-1.62,-1.29,4.28,-7.96,0.013,False,False,0.0
2026-05-20,002272,川润股份,44,13634.0,10jqka,intraday_1430,2026-05-20 14:30:00,2026-05-20,1,1,,,ok,2026-05-20,24.94,24.94,24.94,23.57,602868.0,10.01,33.08,22.56,1.0,1.08,17.49,21.72,27.15,0.0,0.0,True,False,0.0
2026-05-20,600884,杉杉股份,45,13615.0,10jqka,intraday_1430,2026-05-20 14:30:00,2026-05-06,4,1,68.0,23.0,ok,2026-05-20,16.8,17.54,17.7,16.73,767386.0,3.24,14.72,8.54,0.835,0.81,11.88,9.03,10.21,-2.93,0.165,False,False,0.0
2026-05-20,603938,三孚股份,46,13565.0,10jqka,intraday_1430,2026-05-20 14:30:00,2026-05-20,1,1,,,ok,2026-05-20,50.96,53.76,53.76,50.55,78807.0,10.01,33.1,27.27,1.0,0.27,16.79,30.19,51.85,0.0,0.0,True,False,0.0
2026-05-20,600895,张江高科,47,13558.0,10jqka,intraday_1430,2026-05-20 14:30:00,2026-05-20,1,1,,,ok,2026-05-20,34.4,38.15,38.15,34.34,605276.0,10.01,9.56,2.69,1.0,1.35,7.31,4.09,4.01,-8.07,0.0,True,False,0.0
2026-05-20,002176,江特电机,48,13163.0,10jqka,intraday_1430,2026-05-20 14:30:00,2026-05-06,4,1,87.0,39.0,ok,2026-05-20,12.6,13.04,13.38,12.41,1527022.0,1.95,-3.05,-9.32,0.649,1.24,-1.79,-7.85,-6.79,-23.16,0.351,False,False,0.0
2026-05-20,002929,润建股份,49,13142.0,10jqka,intraday_1430,2026-05-20 14:30:00,2026-05-07,8,7,55.0,6.0,ok,2026-05-20,88.0,88.48,91.69,81.75,417340.0,4.92,-4.85,0.8,0.677,0.9,-4.27,3.28,23.66,-11.6,0.323,False,False,0.0
2026-05-20,600863,华能蒙电,50,12903.0,10jqka,intraday_1430,2026-05-20 14:30:00,2026-05-20,1,1,,,ok,2026-05-20,5.34,5.93,5.93,5.34,3671974.0,10.02,22.52,19.8,1.0,3.09,14.08,17.89,22.1,0.0,0.0,True,False,0.0
2026-05-20,002980,华盛昌,51,12606.0,10jqka,intraday_1430,2026-05-20 14:30:00,2026-05-18,2,1,89.0,38.0,ok,2026-05-20,121.23,128.02,128.02,121.01,118686.0,10.0,32.98,48.76,1.0,0.7,21.11,34.79,46.11,0.0,0.0,True,False,0.0
2026-05-20,600667,太极实业,52,12553.0,10jqka,intraday_1430,2026-05-20 14:30:00,2026-05-12,4,1,50.0,-2.0,ok,2026-05-20,14.05,14.6,14.6,13.58,1850907.0,10.02,18.22,10.11,1.0,0.61,10.94,17.71,31.14,0.0,0.0,True,False,0.0
2026-05-20,603459,红板科技,53,12529.0,10jqka,intraday_1430,2026-05-20 14:30:00,2026-05-11,3,1,43.0,-10.0,ok,2026-05-20,105.0,111.26,115.15,101.99,293867.0,5.35,32.77,17.47,0.704,1.03,21.6,25.11,46.98,-3.38,0.296,False,False,0.0
2026-05-20,603005,晶方科技,54,12085.0,10jqka,intraday_1430,2026-05-20 14:30:00,2026-05-20,1,1,,,ok,2026-05-20,40.19,43.05,43.05,39.63,1061597.0,9.99,31.17,28.35,1.0,2.01,23.01,27.43,32.48,0.0,0.0,True,False,0.0
2026-05-20,002181,粤传媒,55,11947.0,10jqka,intraday_1430,2026-05-20 14:30:00,2026-05-06,9,4,27.0,-28.0,ok,2026-05-20,14.85,14.57,15.42,14.49,1214502.0,-8.65,-26.0,-18.6,0.086,1.03,-15.12,-18.38,-9.93,-32.73,0.613,False,False,0.0
2026-05-20,002384,东山精密,56,11882.0,10jqka,intraday_1430,2026-05-20 14:30:00,2026-05-06,11,11,21.0,-35.0,ok,2026-05-20,220.1,222.76,225.57,216.05,703464.0,0.31,9.55,0.91,0.705,0.79,3.67,3.35,12.05,-3.15,0.295,False,False,0.0
2026-05-20,600903,贵州燃气,57,11855.0,10jqka,intraday_1430,2026-05-20 14:30:00,2026-05-20,1,1,,,ok,2026-05-20,9.4,9.69,9.69,9.3,385757.0,9.99,20.97,39.02,1.0,0.43,10.44,26.83,38.24,0.0,0.0,True,False,0.0
2026-05-20,300657,弘信电子,58,11585.0,10jqka,intraday_1430,2026-05-20 14:30:00,2026-05-18,3,3,38.0,-20.0,ok,2026-05-20,51.0,48.68,52.88,47.0,1153217.0,-3.12,34.59,24.12,0.286,2.34,11.61,17.61,26.12,-7.94,0.32,False,False,0.0
2026-05-20,002015,协鑫能科,59,11493.0,10jqka,intraday_1430,2026-05-20 14:30:00,2026-05-06,10,8,52.0,-7.0,ok,2026-05-20,21.95,20.88,22.2,20.8,1422773.0,-6.74,-3.82,-10.73,0.057,0.68,-5.05,-3.27,2.57,-18.53,0.179,False,False,0.0
2026-05-20,300308,中际旭创,60,11208.0,10jqka,intraday_1430,2026-05-20 14:30:00,2026-05-06,11,11,45.0,-15.0,ok,2026-05-20,1054.99,1089.82,1094.98,1025.55,229780.0,4.99,3.81,3.87,0.926,0.85,2.96,8.29,16.67,-0.91,0.074,False,False,0.0
2026-05-20,600498,烽火通信,61,11126.0,10jqka,intraday_1430,2026-05-20 14:30:00,2026-05-08,6,1,94.0,33.0,ok,2026-05-20,56.6,58.28,60.98,56.07,1128503.0,2.95,7.35,-4.18,0.45,0.99,2.42,1.93,6.74,-7.48,0.55,False,False,0.0
2026-05-20,603778,国晟科技,62,10994.0,10jqka,intraday_1430,2026-05-20 14:30:00,2026-05-06,9,2,28.0,-34.0,ok,2026-05-20,24.0,24.88,25.0,24.0,486308.0,4.63,14.02,3.07,0.88,0.97,7.73,2.94,-2.44,-27.4,0.12,False,False,0.0
2026-05-20,600021,上海电力,63,10955.0,10jqka,intraday_1430,2026-05-20 14:30:00,2026-05-19,2,2,43.0,-20.0,ok,2026-05-20,16.8,18.45,18.45,16.56,769966.0,10.02,8.91,1.26,1.0,1.03,4.65,3.55,4.25,-17.49,0.0,True,False,0.0
2026-05-20,002428,云南锗业,64,10897.0,10jqka,intraday_1430,2026-05-20 14:30:00,2026-05-06,10,1,92.0,28.0,ok,2026-05-20,89.69,90.04,95.55,88.74,937011.0,-0.61,-0.32,-11.3,0.191,0.95,-2.05,-2.24,9.43,-14.39,0.809,False,False,0.0
2026-05-20,001309,德明利,65,10684.0,10jqka,intraday_1430,2026-05-20 14:30:00,2026-05-06,8,2,65.0,0.0,ok,2026-05-20,705.0,690.68,717.45,685.0,116378.0,-1.21,-3.0,1.6,0.175,0.65,-2.96,2.94,16.49,-9.12,0.384,False,False,0.0
2026-05-20,002491,通鼎互联,66,10576.0,10jqka,intraday_1430,2026-05-20 14:30:00,2026-05-07,8,3,77.0,11.0,ok,2026-05-20,23.46,24.1,24.88,22.81,1628662.0,1.73,6.68,-10.58,0.623,0.78,1.5,3.5,20.88,-12.2,0.377,False,False,0.0
2026-05-20,601728,中国电信,67,10509.0,10jqka,intraday_1430,2026-05-20 14:30:00,2026-05-19,2,2,61.0,-6.0,ok,2026-05-20,6.93,6.66,6.96,6.55,5756863.0,-6.46,5.21,7.25,0.268,1.38,0.33,4.55,8.0,-9.88,0.073,False,False,0.0
2026-05-20,603779,威龙股份,68,10458.0,10jqka,intraday_1430,2026-05-20 14:30:00,2026-05-20,1,1,,,ok,2026-05-20,13.2,13.2,13.2,13.2,49821.0,10.0,33.06,60.98,1.0,1.17,19.89,44.91,71.94,0.0,0.0,True,True,0.0
2026-05-20,002594,比亚迪,69,10372.0,10jqka,intraday_1430,2026-05-20 14:30:00,2026-05-06,5,3,71.0,2.0,ok,2026-05-20,94.51,95.71,95.9,93.8,256824.0,1.27,-0.61,-2.93,0.91,0.67,-0.56,-2.34,-4.22,-14.41,0.09,False,False,0.0
2026-05-20,601678,滨化股份,70,10294.0,10jqka,intraday_1430,2026-05-20 14:30:00,2026-05-18,2,1,81.0,11.0,ok,2026-05-20,6.39,6.21,6.39,6.0,1475116.0,-2.82,6.88,22.49,0.538,0.78,3.92,12.62,16.06,-2.82,0.0,False,False,0.0
2026-05-20,300014,亿纬锂能,71,10269.0,10jqka,intraday_1430,2026-05-20 14:30:00,2026-05-07,2,1,93.0,22.0,ok,2026-05-20,65.0,66.56,67.56,64.6,799230.0,1.62,1.19,-2.5,0.662,1.23,1.38,-1.46,-4.55,-12.36,0.338,False,False,0.0
2026-05-20,000858,五粮液,72,10048.0,10jqka,intraday_1430,2026-05-20 14:30:00,2026-05-06,10,8,53.0,-19.0,ok,2026-05-20,85.21,85.51,86.06,84.54,285312.0,-0.31,-1.57,-4.08,0.638,0.7,-1.19,-3.81,-9.16,-21.69,0.362,False,False,0.0
2026-05-20,002008,大族激光,73,10026.0,10jqka,intraday_1430,2026-05-20 14:30:00,2026-05-07,7,1,30.0,-43.0,ok,2026-05-20,135.8,143.81,144.5,135.68,495372.0,4.98,0.5,-2.79,0.922,0.94,1.12,5.62,21.98,-7.99,0.078,False,False,0.0
2026-05-20,300390,天华新能,74,10015.0,10jqka,intraday_1430,2026-05-20 14:30:00,2026-05-07,4,1,95.0,21.0,ok,2026-05-20,110.0,103.24,117.6,102.9,868421.0,-7.06,10.24,3.44,0.023,1.39,8.77,3.64,6.03,-13.29,0.517,False,False,0.0
2026-05-20,600481,双良节能,75,9978.0,10jqka,intraday_1430,2026-05-20 14:30:00,2026-05-14,3,2,74.0,-1.0,ok,2026-05-20,7.35,7.3,7.71,7.26,3855255.0,1.25,7.99,15.32,0.089,1.8,4.95,9.54,12.45,-31.84,0.8,False,False,0.0
2026-05-20,002600,领益智造,76,9961.0,10jqka,intraday_1430,2026-05-20 14:30:00,2026-05-08,6,5,56.0,-20.0,ok,2026-05-20,15.7,16.29,16.47,15.21,2814262.0,4.96,-3.72,6.12,0.857,0.68,-2.51,2.69,7.99,-8.79,0.143,False,False,0.0
2026-05-20,002409,雅克科技,77,9949.0,10jqka,intraday_1430,2026-05-20 14:30:00,2026-05-18,2,1,68.0,-9.0,ok,2026-05-20,116.13,121.36,122.98,116.0,349266.0,4.66,12.94,17.54,0.768,0.96,7.23,16.86,26.89,-1.32,0.232,False,False,0.0
2026-05-20,300058,蓝色光标,78,9892.0,10jqka,intraday_1430,2026-05-20 14:30:00,2026-05-06,10,9,48.0,-30.0,ok,2026-05-20,17.73,18.54,19.0,17.53,4510668.0,3.58,4.98,-1.59,0.687,1.04,2.94,0.75,1.73,-10.39,0.313,False,False,0.0
2026-05-20,002837,英维克,79,9799.0,10jqka,intraday_1430,2026-05-20 14:30:00,2026-05-20,1,1,,,ok,2026-05-20,106.0,97.99,106.0,96.35,736362.0,-7.64,-2.49,-7.89,0.17,1.45,-3.02,-3.79,-3.19,-19.51,0.0,False,False,0.0
2026-05-20,600118,中国卫星,80,9753.0,10jqka,intraday_1430,2026-05-20 14:30:00,2026-05-06,8,2,18.0,-62.0,ok,2026-05-20,85.0,86.23,87.88,84.84,535362.0,-1.15,-10.01,-23.01,0.457,0.8,-7.68,-16.14,-14.76,-27.84,0.543,False,False,0.0
2026-05-20,601208,东材科技,81,9530.0,10jqka,intraday_1430,2026-05-20 14:30:00,2026-05-07,3,1,38.0,-43.0,ok,2026-05-20,48.58,52.45,52.45,48.45,825607.0,10.0,15.07,5.75,1.0,1.05,10.37,11.23,25.07,0.0,0.0,True,False,0.0
2026-05-20,688146,中船特气,82,9526.0,10jqka,intraday_1430,2026-05-20 14:30:00,2026-05-13,2,1,92.0,10.0,ok,2026-05-20,126.48,141.99,149.49,124.68,231861.0,12.57,-2.45,20.74,0.698,0.01,2.79,22.41,50.26,-5.97,0.302,True,False,0.0
2026-05-20,002475,立讯精密,83,9491.0,10jqka,intraday_1430,2026-05-20 14:30:00,2026-05-06,11,11,70.0,-13.0,ok,2026-05-20,72.03,70.13,72.6,69.3,1582082.0,-3.14,-5.23,-12.5,0.252,0.8,-3.89,-5.11,-1.01,-14.25,0.173,False,False,0.0
2026-05-20,688256,寒武纪,84,9420.0,10jqka,intraday_1430,2026-05-20 14:30:00,2026-05-06,8,2,19.0,-65.0,ok,2026-05-20,1300.0,1356.28,1396.0,1291.99,172398.0,2.81,12.18,2.99,0.618,0.01,6.59,7.71,21.96,-2.85,0.382,False,False,0.0
2026-05-20,688820,盛合晶微,85,9250.0,10jqka,intraday_1430,2026-05-20 14:30:00,2026-05-15,2,1,56.0,-29.0,ok,2026-05-20,221.86,231.58,234.56,220.04,121980.0,1.13,25.97,48.97,0.795,0.0,23.05,42.58,77.78,-1.27,0.205,False,False,0.0
2026-05-20,000417,合百集团,86,9241.0,10jqka,intraday_1430,2026-05-20 14:30:00,2026-05-20,1,1,,,ok,2026-05-20,9.45,9.53,9.53,9.16,973095.0,10.05,33.29,31.99,1.0,2.56,17.16,25.05,35.03,0.0,0.0,True,False,0.0
2026-05-20,601016,节能风电,87,9222.0,10jqka,intraday_1430,2026-05-20 14:30:00,2026-05-06,11,11,86.0,-1.0,ok,2026-05-20,4.5,4.62,4.73,4.4,3009682.0,2.67,-8.15,-17.94,0.667,0.45,-7.12,-8.75,-2.55,-21.56,0.333,False,False,0.0
2026-05-20,300433,蓝思科技,88,9219.0,10jqka,intraday_1430,2026-05-20 14:30:00,2026-05-11,7,6,41.0,-47.0,ok,2026-05-20,38.6,39.79,40.47,38.6,1994890.0,3.62,16.31,21.72,0.636,0.84,8.73,19.44,33.2,-1.75,0.364,False,False,0.0
2026-05-20,603906,龙蟠科技,89,9100.0,10jqka,intraday_1430,2026-05-20 14:30:00,2026-05-07,2,1,98.0,9.0,ok,2026-05-20,26.6,27.76,28.48,26.48,465928.0,3.35,-0.04,-5.42,0.64,1.21,0.7,-3.77,-6.64,-19.58,0.36,False,False,0.0
2026-05-20,001896,豫能控股,90,9067.0,10jqka,intraday_1430,2026-05-20 14:30:00,2026-05-06,10,9,24.0,-66.0,ok,2026-05-20,16.56,14.91,16.64,14.8,1404502.0,-7.91,-1.84,-16.05,0.06,0.77,-4.21,-8.27,-10.0,-23.14,0.043,False,False,0.0
2026-05-20,002192,融捷股份,91,9021.0,10jqka,intraday_1430,2026-05-20 14:30:00,2026-05-07,3,1,83.0,-8.0,ok,2026-05-20,86.66,90.06,91.79,86.0,269141.0,2.52,-1.75,-7.63,0.701,1.02,-0.75,-6.0,-3.56,-21.69,0.299,False,False,0.0
2026-05-20,600105,永鼎股份,92,8985.0,10jqka,intraday_1430,2026-05-20 14:30:00,2026-05-07,10,10,57.0,-35.0,ok,2026-05-20,50.7,50.85,50.97,47.93,976953.0,-1.36,-1.26,-1.89,0.961,0.69,-1.59,-0.56,5.9,-9.82,0.039,False,False,0.0
2026-05-20,603538,美诺华,93,8951.0,10jqka,intraday_1430,2026-05-20 14:30:00,2026-05-06,8,1,74.0,-19.0,ok,2026-05-20,49.18,46.7,49.18,45.4,418167.0,-7.41,-8.07,-16.61,0.344,1.1,-6.99,-14.11,-16.91,-33.66,0.0,False,False,0.0
2026-05-20,301358,湖南裕能,94,8895.0,10jqka,intraday_1430,2026-05-20 14:30:00,2026-05-12,2,1,77.0,-17.0,ok,2026-05-20,90.35,94.79,96.32,89.5,326802.0,4.35,-0.72,-3.43,0.776,1.08,1.13,-2.19,-0.1,-13.83,0.224,False,False,0.0
2026-05-20,300750,宁德时代,95,8870.0,10jqka,intraday_1430,2026-05-20 14:30:00,2026-05-06,3,1,92.0,-3.0,ok,2026-05-20,406.19,402.95,407.48,401.21,76496.0,0.02,-4.87,-7.17,0.278,0.25,-3.54,-6.04,-7.14,-14.04,0.206,False,False,0.0
2026-05-20,002617,露笑科技,96,8841.0,10jqka,intraday_1430,2026-05-20 14:30:00,2026-05-14,5,5,49.0,-47.0,ok,2026-05-20,9.25,9.43,9.65,9.22,2196120.0,-0.21,0.75,6.92,0.488,0.65,0.19,6.53,13.29,-7.91,0.512,False,False,0.0
2026-05-20,603082,北自科技,97,8829.0,10jqka,intraday_1430,2026-05-20 14:30:00,2026-05-18,3,3,73.0,-24.0,ok,2026-05-20,51.18,51.18,51.18,51.17,47568.0,9.99,20.99,46.44,1.0,0.53,11.44,26.12,34.1,0.0,0.0,True,True,0.0
2026-05-20,000592,平潭发展,98,8735.0,10jqka,intraday_1430,2026-05-20 14:30:00,2026-05-07,8,1,68.0,-30.0,ok,2026-05-20,10.36,10.45,10.53,10.05,1299187.0,0.77,-2.79,-15.32,0.833,0.54,-1.6,-6.75,-5.43,-20.83,0.167,False,False,0.0
2026-05-20,001393,维通利,99,8696.0,10jqka,intraday_1430,2026-05-20 14:30:00,2026-05-15,3,1,48.0,-51.0,ok,2026-05-20,90.02,106.5,114.8,86.84,235042.0,13.78,-11.74,,0.703,0.9,2.4,2.4,2.4,-29.0,0.297,True,False,0.0
2026-05-20,000811,冰轮环境,100,8646.0,10jqka,intraday_1430,2026-05-20 14:30:00,2026-05-13,4,2,26.0,-74.0,ok,2026-05-20,36.5,37.33,38.2,35.3,504759.0,-1.92,12.71,17.39,0.7,0.8,5.59,17.13,35.81,-2.28,0.3,False,False,0.0
2026-05-21,000725,京东方A,1,42917.0,10jqka,post_close,2026-05-21 15:00:00,2026-05-21,1,1,,,ok,2026-05-21,4.69,4.69,4.69,4.69,10360100.0,10.09,11.4,11.14,1.0,1.3,8.51,10.12,11.14,0.0,0.0,True,True,0.0
2026-05-21,600745,*ST闻泰,2,25969.0,10jqka,post_close,2026-05-21 15:00:00,2026-05-06,10,7,11.0,9.0,ok,2026-05-21,15.2,16.8,16.8,15.2,2143054.0,5.0,-5.25,-14.46,1.0,50.3,-2.36,-13.89,-29.65,-51.92,0.0,False,False,0.0
2026-05-21,600578,京能电力,3,20579.0,10jqka,post_close,2026-05-21 15:00:00,2026-05-15,5,5,18.0,15.0,ok,2026-05-21,7.03,8.18,8.18,6.85,5474999.0,9.95,6.1,28.41,1.0,1.6,5.93,23.3,38.54,-3.54,0.0,True,False,0.0
2026-05-21,002342,巨力索具,4,19622.0,10jqka,post_close,2026-05-21 15:00:00,2026-05-06,12,12,1.0,-3.0,ok,2026-05-21,13.22,12.79,13.59,12.79,2992139.0,-9.99,-26.87,-35.76,0.0,2.01,-19.72,-30.76,-33.06,-46.71,0.462,False,False,0.0
2026-05-21,601991,大唐发电,5,17794.0,10jqka,post_close,2026-05-21 15:00:00,2026-05-06,12,12,3.0,-2.0,ok,2026-05-21,6.9,7.05,7.83,6.9,9645388.0,-6.5,-11.1,-2.08,0.161,0.75,-9.2,-1.7,23.23,-18.4,0.839,False,False,0.0
2026-05-21,600584,长电科技,6,14609.0,10jqka,post_close,2026-05-21 15:00:00,2026-05-06,11,9,5.0,-1.0,ok,2026-05-21,66.88,66.84,71.28,65.67,3125058.0,0.94,14.59,23.07,0.209,1.32,7.72,14.48,28.41,-6.23,0.784,False,False,0.0
2026-05-21,600611,大众交通,7,14075.0,10jqka,post_close,2026-05-21 15:00:00,2026-05-21,1,1,,,ok,2026-05-21,5.11,5.57,5.57,5.11,1527851.0,10.08,24.33,23.5,1.0,4.22,15.32,18.01,18.5,-3.63,0.0,True,False,0.0
2026-05-21,002281,光迅科技,8,12990.0,10jqka,post_close,2026-05-21 15:00:00,2026-05-06,12,12,16.0,8.0,ok,2026-05-21,230.15,217.3,231.64,212.76,899149.0,-8.08,3.53,6.62,0.24,1.12,-0.41,4.79,26.2,-11.95,0.079,False,False,0.0
2026-05-21,001896,豫能控股,9,12941.0,10jqka,post_close,2026-05-21 15:00:00,2026-05-06,11,10,90.0,81.0,ok,2026-05-21,14.88,16.37,16.37,14.61,2908816.0,10.01,11.21,-2.68,1.0,1.77,5.82,0.97,-0.46,-15.62,0.0,True,False,0.0
2026-05-21,002050,三花智控,10,12561.0,10jqka,post_close,2026-05-21 15:00:00,2026-05-06,12,12,43.0,33.0,ok,2026-05-21,51.09,52.83,54.48,50.7,3075762.0,4.51,-0.17,6.88,0.563,1.59,1.33,2.49,8.03,-3.98,0.437,False,False,0.0
2026-05-21,603779,威龙股份,11,12384.0,10jqka,post_close,2026-05-21 15:00:00,2026-05-20,2,2,68.0,57.0,ok,2026-05-21,14.52,14.52,14.52,13.52,1415663.0,10.0,33.09,60.98,1.0,32.09,19.9,46.36,79.41,0.0,0.0,True,False,0.0
2026-05-21,600522,中天科技,12,12071.0,10jqka,post_close,2026-05-21 15:00:00,2026-05-06,12,12,10.0,-2.0,ok,2026-05-21,45.0,41.9,45.77,41.85,3085398.0,-7.73,-4.66,-4.99,0.013,0.89,-3.37,-3.31,7.53,-11.6,0.196,False,False,0.0
2026-05-21,002421,达实智能,13,11061.0,10jqka,post_close,2026-05-21 15:00:00,2026-05-18,4,4,15.0,2.0,ok,2026-05-21,4.38,3.96,4.7,3.84,9256905.0,-7.26,12.18,35.62,0.14,3.81,5.04,17.16,27.19,-15.74,0.372,False,False,0.0
2026-05-21,603629,利通电子,14,10950.0,10jqka,post_close,2026-05-21 15:00:00,2026-05-06,12,12,37.0,23.0,ok,2026-05-21,178.0,179.61,180.11,172.64,274507.0,-1.0,2.88,5.4,0.933,0.84,2.06,5.01,21.1,-1.04,0.067,False,False,0.0
2026-05-21,301666,大普微,15,10869.0,10jqka,post_close,2026-05-21 15:00:00,2026-05-06,7,1,38.0,23.0,ok,2026-05-18,695.0,816.0,816.0,694.0,59992.0,20.0,29.32,62.82,1.0,0.82,24.24,50.57,108.76,0.0,0.0,True,False,3.0
2026-05-21,600759,ST洲际,16,10397.0,10jqka,post_close,2026-05-21 15:00:00,2026-05-06,9,5,2.0,-14.0,ok,2026-05-21,2.79,2.79,2.87,2.79,2632352.0,-5.1,-5.42,-14.68,0.0,1.59,-4.39,-14.78,-32.08,-69.31,1.0,False,False,0.0
2026-05-21,002703,浙江世宝,17,10240.0,10jqka,post_close,2026-05-21 15:00:00,2026-05-21,1,1,,,ok,2026-05-21,18.45,19.92,19.92,18.45,685594.0,9.99,5.9,5.29,1.0,1.43,5.06,5.41,4.75,-24.17,0.0,True,False,0.0
2026-05-21,002920,德赛西威,18,10070.0,10jqka,post_close,2026-05-21 15:00:00,2026-05-21,1,1,,,ok,2026-05-21,96.48,106.12,106.12,96.48,319294.0,10.0,2.29,2.72,1.0,2.6,3.23,2.35,1.0,-15.56,0.0,True,False,0.0
2026-05-21,603316,诚邦股份,19,9798.0,10jqka,post_close,2026-05-21 15:00:00,2026-05-21,1,1,,,ok,2026-05-21,25.4,27.25,27.25,23.84,814036.0,10.01,33.12,47.46,1.0,3.66,19.92,31.05,47.67,0.0,0.0,True,False,0.0
2026-05-21,002407,多氟多,20,9548.0,10jqka,post_close,2026-05-21 15:00:00,2026-05-06,9,5,4.0,-16.0,ok,2026-05-21,41.69,40.81,43.89,40.68,2896919.0,0.29,8.54,23.82,0.04,1.57,6.07,12.24,15.81,-7.02,0.685,False,False,0.0
2026-05-21,600707,彩虹股份,21,9263.0,10jqka,post_close,2026-05-21 15:00:00,2026-05-21,1,1,,,ok,2026-05-21,11.43,11.42,11.43,11.3,1931377.0,9.91,5.06,6.04,0.923,0.92,6.29,11.45,21.44,-2.56,0.0,True,False,0.0
2026-05-21,603986,兆易创新,22,9244.0,10jqka,post_close,2026-05-21 15:00:00,2026-05-06,10,5,9.0,-13.0,ok,2026-05-21,444.27,431.15,464.08,426.58,632398.0,-2.95,7.99,21.04,0.122,1.1,4.96,12.79,23.78,-7.1,0.528,False,False,0.0
2026-05-21,603601,再升科技,23,9154.0,10jqka,post_close,2026-05-21 15:00:00,2026-05-06,10,1,36.0,13.0,ok,2026-05-21,17.8,18.13,18.16,16.89,2111880.0,3.01,-2.32,9.41,0.976,1.01,1.68,2.74,8.83,-9.3,0.024,False,False,0.0
2026-05-21,000988,华工科技,24,8514.0,10jqka,post_close,2026-05-21 15:00:00,2026-05-06,12,12,13.0,-11.0,ok,2026-05-21,164.01,153.96,165.8,152.99,1211819.0,-5.79,4.46,12.05,0.076,1.17,1.67,5.09,15.46,-9.9,0.14,False,False,0.0
2026-05-21,001259,利仁科技,25,8209.0,10jqka,post_close,2026-05-21 15:00:00,2026-05-19,2,1,67.0,42.0,ok,2026-05-21,81.0,88.0,88.58,80.51,44937.0,9.28,32.23,60.0,0.928,1.09,19.31,47.13,88.89,-0.65,0.072,False,False,0.0
2026-05-21,600481,双良节能,26,8131.0,10jqka,post_close,2026-05-21 15:00:00,2026-05-14,4,3,75.0,49.0,ok,2026-05-21,7.31,7.8,7.86,7.1,3757766.0,6.56,19.08,12.07,0.921,1.33,9.43,14.44,19.01,-26.21,0.079,False,False,0.0
2026-05-21,000100,TCL科技,27,8054.0,10jqka,post_close,2026-05-21 15:00:00,2026-05-21,1,1,,,ok,2026-05-21,4.56,4.37,4.65,4.24,23881940.0,3.31,3.55,2.1,0.317,4.77,2.58,2.15,1.98,-13.98,0.22,False,False,0.0
2026-05-21,601138,工业富联,28,7901.0,10jqka,post_close,2026-05-21 15:00:00,2026-05-06,12,12,36.0,8.0,ok,2026-05-21,69.2,65.5,69.5,65.0,2096550.0,-3.89,-5.04,-4.52,0.111,0.75,-3.34,-2.5,-1.12,-11.49,0.067,False,False,0.0
2026-05-21,600487,亨通光电,29,7846.0,10jqka,post_close,2026-05-21 15:00:00,2026-05-06,12,12,35.0,6.0,ok,2026-05-21,75.99,69.9,76.0,69.38,1630204.0,-7.76,-2.65,-5.54,0.079,1.02,-3.65,-5.48,-1.87,-12.52,0.002,False,False,0.0
2026-05-21,002371,北方华创,30,7783.0,10jqka,post_close,2026-05-21 15:00:00,2026-05-15,2,1,49.0,19.0,ok,2026-05-21,656.8,662.99,721.6,656.7,231619.0,1.07,10.87,17.47,0.097,1.41,5.95,11.06,20.28,-8.12,0.903,False,False,0.0
2026-05-21,603778,国晟科技,31,7464.0,10jqka,post_close,2026-05-21 15:00:00,2026-05-06,10,3,62.0,31.0,ok,2026-05-21,24.38,23.79,24.68,23.0,530017.0,-4.5,5.92,5.59,0.47,1.08,1.88,-0.71,-6.19,-30.58,0.179,False,False,0.0
2026-05-21,002208,合肥城建,32,7351.0,10jqka,post_close,2026-05-21 15:00:00,2026-05-15,5,5,22.0,-10.0,ok,2026-05-21,25.5,23.29,25.9,23.29,1354468.0,-10.01,1.97,17.63,0.0,1.07,-1.22,15.84,40.12,-11.65,0.153,False,False,0.0
2026-05-21,002580,圣阳股份,33,7147.0,10jqka,post_close,2026-05-21 15:00:00,2026-05-06,12,12,40.0,7.0,ok,2026-05-21,26.39,26.91,27.69,25.74,1007040.0,2.67,1.74,-14.08,0.6,0.97,-0.52,-11.11,-8.46,-26.27,0.4,False,False,0.0
2026-05-21,002036,联创电子,34,7124.0,10jqka,post_close,2026-05-21 15:00:00,2026-05-21,1,1,,,ok,2026-05-21,8.77,9.36,9.36,8.77,705547.0,9.99,8.21,8.58,1.0,1.93,7.02,7.33,9.0,-21.01,0.0,True,False,0.0
2026-05-21,002747,埃斯顿,35,7033.0,10jqka,post_close,2026-05-21 15:00:00,2026-05-15,2,1,69.0,34.0,ok,2026-05-21,26.39,28.7,28.71,26.16,1117283.0,9.96,10.09,20.89,0.996,1.86,7.77,13.0,22.62,-0.03,0.004,True,False,0.0
2026-05-21,300308,中际旭创,36,6857.0,10jqka,post_close,2026-05-21 15:00:00,2026-05-06,12,12,60.0,24.0,ok,2026-05-21,1060.0,993.34,1065.0,993.34,237726.0,-4.21,-4.94,-7.85,0.0,0.9,-3.66,-1.91,5.82,-9.69,0.07,False,False,0.0
2026-05-21,002156,通富微电,37,6846.0,10jqka,post_close,2026-05-21 15:00:00,2026-05-06,12,12,23.0,-14.0,ok,2026-05-21,64.0,61.76,66.88,61.41,2396680.0,-0.83,6.35,7.6,0.064,1.58,3.63,3.95,11.82,-7.66,0.527,False,False,0.0
2026-05-21,603459,红板科技,38,6762.0,10jqka,post_close,2026-05-21 15:00:00,2026-05-11,4,2,53.0,15.0,ok,2026-05-21,91.79,96.01,98.9,90.02,385669.0,6.78,6.62,12.21,0.675,1.5,7.5,7.85,25.86,-3.88,0.325,False,False,0.0
2026-05-21,600936,北投科技,39,6687.0,10jqka,post_close,2026-05-21 15:00:00,2026-05-21,1,1,,,ok,2026-05-21,5.02,5.79,5.79,5.02,2380662.0,10.08,9.04,8.02,1.0,2.1,4.63,7.58,21.89,-1.86,0.0,True,False,0.0
2026-05-21,000518,四环生物,40,6659.0,10jqka,post_close,2026-05-21 15:00:00,2026-05-21,1,1,,,ok,2026-05-21,3.5,3.75,3.75,3.38,1843940.0,9.97,16.1,22.15,1.0,5.53,13.16,17.55,22.59,0.0,0.0,True,False,0.0
2026-05-21,002185,华天科技,41,6540.0,10jqka,post_close,2026-05-21 15:00:00,2026-05-06,10,5,7.0,-34.0,ok,2026-05-21,16.0,15.19,16.46,15.08,4601791.0,-4.35,3.4,6.52,0.08,1.44,0.78,3.22,9.91,-9.48,0.333,False,False,0.0
2026-05-21,002149,西部材料,42,6413.0,10jqka,post_close,2026-05-21 15:00:00,2026-05-06,10,1,33.0,-9.0,ok,2026-05-21,68.98,70.15,71.34,66.62,696405.0,1.53,-5.07,1.67,0.748,0.92,0.1,-2.1,4.44,-11.06,0.252,False,False,0.0
2026-05-21,600360,华微电子,43,6287.0,10jqka,post_close,2026-05-21 15:00:00,2026-05-21,1,1,,,ok,2026-05-21,10.9,12.07,12.07,10.89,1435092.0,10.03,5.69,4.14,1.0,3.61,4.67,5.76,13.13,-4.21,0.0,True,False,0.0
2026-05-21,601127,赛力斯,44,6279.0,10jqka,post_close,2026-05-21 15:00:00,2026-05-21,1,1,,,ok,2026-05-21,78.56,83.38,86.42,78.5,706364.0,6.14,1.93,-1.96,0.616,3.05,2.41,-1.42,-4.47,-24.71,0.384,False,False,0.0
2026-05-21,002384,东山精密,45,6119.0,10jqka,post_close,2026-05-21 15:00:00,2026-05-06,12,12,56.0,11.0,ok,2026-05-21,223.23,206.97,225.0,204.16,899478.0,-7.19,-2.03,-3.69,0.135,1.01,-2.98,-3.8,2.81,-10.01,0.085,False,False,0.0
2026-05-21,002456,欧菲光,46,6095.0,10jqka,post_close,2026-05-21 15:00:00,2026-05-21,1,1,,,ok,2026-05-21,8.75,8.64,9.05,8.61,1106262.0,0.23,-2.48,-2.7,0.068,1.81,-1.32,-2.41,-3.12,-13.25,0.682,False,False,0.0
2026-05-21,002297,博云新材,47,6062.0,10jqka,post_close,2026-05-21 15:00:00,2026-05-06,11,1,63.0,16.0,ok,2026-05-21,23.56,24.71,25.92,22.85,1828777.0,4.88,-2.64,-0.8,0.606,1.39,0.04,-0.97,4.5,-9.29,0.394,False,False,0.0
2026-05-21,002931,锋龙股份,48,6049.0,10jqka,post_close,2026-05-21 15:00:00,2026-05-21,1,1,,,ok,2026-05-21,55.1,60.04,60.04,54.3,188332.0,10.0,4.02,5.19,1.0,1.86,3.59,1.4,-2.02,-45.89,0.0,True,False,0.0
2026-05-21,300503,昊志机电,49,5951.0,10jqka,post_close,2026-05-21 15:00:00,2026-05-21,1,1,,,ok,2026-05-21,77.26,86.87,90.91,76.92,613656.0,14.7,24.22,27.0,0.711,2.26,13.51,18.93,27.14,-4.44,0.289,True,False,0.0
2026-05-21,603667,五洲新春,50,5908.0,10jqka,post_close,2026-05-21 15:00:00,2026-05-15,3,1,27.0,-23.0,ok,2026-05-21,80.1,84.74,87.87,80.1,627500.0,5.93,-0.31,10.12,0.597,1.13,1.35,4.14,13.75,-9.67,0.403,False,False,0.0
2026-05-21,000066,中国长城,51,5793.0,10jqka,post_close,2026-05-21 15:00:00,2026-05-06,12,12,38.0,-13.0,ok,2026-05-21,22.06,20.3,22.4,20.15,4029551.0,-2.26,0.45,-10.45,0.067,0.96,-0.98,-8.64,0.47,-21.13,0.151,False,False,0.0
2026-05-21,000021,深科技,52,5781.0,10jqka,post_close,2026-05-21 15:00:00,2026-05-13,6,4,12.0,-40.0,ok,2026-05-21,38.44,36.37,39.29,36.08,2510973.0,-3.91,-1.78,5.91,0.09,1.21,-0.4,4.56,13.25,-9.05,0.265,False,False,0.0
2026-05-21,603127,昭衍新药,53,5686.0,10jqka,post_close,2026-05-21 15:00:00,2026-05-21,1,1,,,ok,2026-05-21,38.89,42.77,42.77,38.89,607065.0,10.01,9.19,12.7,1.0,1.53,7.35,8.39,9.9,0.0,0.0,True,False,0.0
2026-05-21,002709,天赐材料,54,5640.0,10jqka,post_close,2026-05-21 15:00:00,2026-05-06,12,12,6.0,-48.0,ok,2026-05-21,58.02,57.71,60.4,57.22,1551109.0,-0.5,3.11,3.96,0.154,1.34,1.72,0.6,1.66,-11.19,0.748,False,False,0.0
2026-05-21,002442,龙星科技,55,5637.0,10jqka,post_close,2026-05-21 15:00:00,2026-05-21,1,1,,,ok,2026-05-21,6.82,7.37,7.37,6.72,1377504.0,10.0,25.13,22.43,1.0,6.3,14.62,17.06,18.97,0.0,0.0,True,False,0.0
2026-05-21,000858,五粮液,56,5626.0,10jqka,post_close,2026-05-21 15:00:00,2026-05-06,11,9,72.0,16.0,ok,2026-05-21,85.51,85.35,87.2,85.23,326630.0,-0.14,-0.26,-4.09,0.061,0.87,-0.53,-3.2,-8.55,-21.83,0.858,False,False,0.0
2026-05-21,601899,紫金矿业,57,5590.0,10jqka,post_close,2026-05-21 15:00:00,2026-05-06,11,6,41.0,-16.0,ok,2026-05-21,30.91,29.99,31.25,29.93,2956155.0,-1.32,-4.19,-10.53,0.045,0.98,-3.06,-8.15,-10.35,-26.67,0.258,False,False,0.0
2026-05-21,600156,华升股份,58,5539.0,10jqka,post_close,2026-05-21 15:00:00,2026-05-21,1,1,,,ok,2026-05-21,10.96,13.04,13.04,10.96,976350.0,10.04,-3.34,-8.1,1.0,1.57,0.85,2.28,13.12,-16.46,0.0,True,False,0.0
2026-05-21,000536,华映科技,59,5515.0,10jqka,post_close,2026-05-21 15:00:00,2026-05-21,1,1,,,ok,2026-05-21,4.28,4.29,4.29,4.25,1889307.0,10.0,8.33,7.25,1.0,4.87,6.98,6.32,6.37,-16.86,0.0,True,False,0.0
2026-05-21,603767,中马传动,60,5457.0,10jqka,post_close,2026-05-21 15:00:00,2026-05-21,1,1,,,ok,2026-05-21,22.21,24.34,24.34,21.67,267040.0,9.99,7.41,23.74,1.0,1.26,6.95,13.79,19.8,0.0,0.0,True,False,0.0
2026-05-21,002491,通鼎互联,61,5377.0,10jqka,post_close,2026-05-21 15:00:00,2026-05-07,9,4,66.0,5.0,ok,2026-05-21,23.93,21.74,23.93,21.74,1525473.0,-9.98,-8.23,-11.81,0.0,0.81,-6.18,-7.82,7.65,-20.8,0.0,False,False,0.0
2026-05-21,000938,紫光股份,62,5369.0,10jqka,post_close,2026-05-21 15:00:00,2026-05-08,6,1,78.0,16.0,ok,2026-05-21,32.67,29.25,32.93,29.05,2559573.0,-9.19,-8.11,-8.99,0.052,1.27,-7.25,-8.1,-7.33,-15.19,0.067,False,False,0.0
2026-05-21,002081,金螳螂,63,5206.0,10jqka,post_close,2026-05-21 15:00:00,2026-05-06,12,12,32.0,-31.0,ok,2026-05-21,6.12,5.71,6.3,5.67,4477971.0,-8.05,-19.24,-27.99,0.063,0.99,-15.38,-20.23,-9.02,-33.6,0.286,False,False,0.0
2026-05-21,300069,金利华电,64,5169.0,10jqka,post_close,2026-05-21 15:00:00,2026-05-21,1,1,,,ok,2026-05-21,44.06,44.06,44.06,44.06,5183.0,19.99,54.0,69.79,1.0,0.05,32.24,52.72,70.13,0.0,0.0,True,True,0.0
2026-05-21,603773,沃格光电,65,5058.0,10jqka,post_close,2026-05-21 15:00:00,2026-05-06,6,1,47.0,-18.0,ok,2026-05-21,83.02,81.02,85.54,79.88,363687.0,4.19,20.05,-2.76,0.201,1.59,8.9,4.15,13.98,-8.84,0.445,False,False,0.0
2026-05-21,300136,信维通信,66,5055.0,10jqka,post_close,2026-05-21 15:00:00,2026-05-06,8,1,22.0,-44.0,ok,2026-05-21,112.95,109.5,117.95,107.95,1158603.0,-2.54,-1.97,6.87,0.155,1.04,0.63,0.81,11.81,-7.3,0.5,False,False,0.0
2026-05-21,600396,华电辽能,67,5036.0,10jqka,post_close,2026-05-21 15:00:00,2026-05-06,12,12,19.0,-48.0,ok,2026-05-21,14.5,14.23,15.27,14.2,2151487.0,-2.13,-9.31,-14.48,0.028,0.75,-8.83,-6.63,12.63,-21.6,0.72,False,False,0.0
2026-05-21,600246,万通发展,68,4966.0,10jqka,post_close,2026-05-21 15:00:00,2026-05-21,1,1,,,ok,2026-05-21,14.7,15.41,15.63,14.7,2651557.0,8.44,21.82,23.08,0.763,1.61,10.86,15.5,29.02,-1.41,0.237,False,False,0.0
2026-05-21,603115,海星股份,69,4961.0,10jqka,post_close,2026-05-21 15:00:00,2026-05-21,1,1,,,ok,2026-05-21,96.49,105.74,107.31,92.18,118116.0,8.4,26.98,50.09,0.896,1.26,16.49,35.32,55.75,-1.46,0.104,False,False,0.0
2026-05-21,300033,同花顺,70,4923.0,10jqka,post_close,2026-05-21 15:00:00,2026-05-21,1,1,,,ok,2026-05-21,229.59,236.2,255.89,229.02,406184.0,4.1,3.6,-0.34,0.267,2.72,2.64,-1.18,-0.95,-8.45,0.733,False,False,0.0
2026-05-21,603005,晶方科技,71,4870.0,10jqka,post_close,2026-05-21 15:00:00,2026-05-20,2,2,54.0,-17.0,ok,2026-05-21,40.45,36.08,40.45,36.06,1876146.0,-1.96,9.23,10.54,0.005,3.41,4.77,7.59,11.18,-10.8,0.0,False,False,0.0
2026-05-21,002008,大族激光,72,4811.0,10jqka,post_close,2026-05-21 15:00:00,2026-05-07,8,2,73.0,1.0,ok,2026-05-21,146.61,142.59,152.49,140.01,664306.0,-1.21,3.08,-4.32,0.207,1.18,1.11,2.4,18.23,-8.77,0.471,False,False,0.0
2026-05-21,601689,拓普集团,73,4789.0,10jqka,post_close,2026-05-21 15:00:00,2026-05-15,3,1,44.0,-29.0,ok,2026-05-21,70.31,72.12,74.19,69.42,812278.0,3.46,1.68,11.66,0.566,1.36,2.18,5.51,13.35,-2.79,0.434,False,False,0.0
2026-05-21,002181,粤传媒,74,4787.0,10jqka,post_close,2026-05-21 15:00:00,2026-05-06,10,5,55.0,-19.0,ok,2026-05-21,14.52,13.65,14.67,13.58,1108194.0,-5.8,-22.97,-23.74,0.064,0.9,-16.26,-21.26,-15.48,-36.98,0.138,False,False,0.0
2026-05-21,301139,*ST元道,75,4755.0,10jqka,post_close,2026-05-21 15:00:00,2026-05-19,3,3,26.0,-49.0,ok,2026-05-21,4.95,6.66,6.92,4.95,387120.0,14.63,10.08,-29.52,0.868,4.63,7.7,-35.92,-52.57,-66.07,0.132,True,False,0.0
2026-05-21,300274,阳光电源,76,4723.0,10jqka,post_close,2026-05-21 15:00:00,2026-05-14,5,4,24.0,-52.0,ok,2026-05-21,167.3,165.38,173.0,164.5,1133162.0,-1.09,8.62,22.48,0.104,0.99,3.99,10.61,16.2,-8.78,0.671,False,False,0.0
2026-05-21,600863,华能蒙电,77,4717.0,10jqka,post_close,2026-05-21 15:00:00,2026-05-20,2,2,50.0,-27.0,ok,2026-05-21,5.18,5.58,5.88,5.16,3932989.0,3.72,13.18,14.58,0.583,2.06,6.69,10.54,14.43,-6.38,0.417,False,False,0.0
2026-05-21,000063,中兴通讯,78,4707.0,10jqka,post_close,2026-05-21 15:00:00,2026-05-06,3,1,72.0,-6.0,ok,2026-05-21,37.77,34.83,37.87,34.68,1683552.0,-6.32,-7.14,-7.27,0.047,1.31,-5.29,-7.4,-6.55,-13.36,0.031,False,False,0.0
2026-05-21,000417,合百集团,79,4677.0,10jqka,post_close,2026-05-21 15:00:00,2026-05-20,2,2,86.0,7.0,ok,2026-05-21,10.48,9.31,10.48,9.22,2358536.0,-2.31,18.3,24.8,0.071,4.9,9.48,18.73,29.3,-11.16,0.0,False,False,0.0
2026-05-21,600703,三安光电,80,4641.0,10jqka,post_close,2026-05-21 15:00:00,2026-05-06,11,1,44.0,-36.0,ok,2026-05-21,17.3,15.7,17.47,15.65,3243008.0,-6.27,-2.97,-10.03,0.027,0.93,-3.85,-4.25,1.53,-16.36,0.093,False,False,0.0
2026-05-21,002475,立讯精密,81,4623.0,10jqka,post_close,2026-05-21 15:00:00,2026-05-06,12,12,83.0,2.0,ok,2026-05-21,71.01,67.87,72.99,67.57,1947986.0,-3.14,-6.9,-9.99,0.055,1.02,-5.01,-7.95,-4.34,-17.01,0.365,False,False,0.0
2026-05-21,002428,云南锗业,82,4594.0,10jqka,post_close,2026-05-21 15:00:00,2026-05-06,11,2,64.0,-18.0,ok,2026-05-21,92.54,83.8,92.54,83.35,958975.0,-7.91,-8.36,-13.79,0.049,0.98,-6.3,-9.46,0.84,-20.32,0.0,False,False,0.0
2026-05-21,300433,蓝思科技,83,4589.0,10jqka,post_close,2026-05-21 15:00:00,2026-05-11,8,7,88.0,5.0,ok,2026-05-21,36.99,36.51,38.12,35.75,2363901.0,0.55,-5.66,13.0,0.321,0.99,-0.62,7.85,21.04,-9.85,0.477,False,False,0.0
2026-05-21,002506,协鑫集成,84,4582.0,10jqka,post_close,2026-05-21 15:00:00,2026-05-14,4,1,49.0,-35.0,ok,2026-05-21,4.04,3.76,4.05,3.73,5329090.0,-7.16,-13.56,-23.27,0.094,0.74,-11.03,-13.84,-14.78,-40.88,0.031,False,False,0.0
2026-05-21,600105,永鼎股份,85,4560.0,10jqka,post_close,2026-05-21 15:00:00,2026-05-07,11,11,92.0,7.0,ok,2026-05-21,51.36,46.29,51.36,45.88,1410460.0,-8.57,-10.2,-14.26,0.075,1.04,-7.58,-9.22,-4.03,-17.91,0.0,False,False,0.0
2026-05-21,600519,贵州茅台,86,4474.0,10jqka,post_close,2026-05-21 15:00:00,2026-05-06,6,1,98.0,12.0,ok,2026-05-21,1312.98,1311.0,1323.52,1311.0,38868.0,-0.3,-0.91,-2.32,0.0,0.77,-0.78,-2.03,-4.38,-14.0,0.842,False,False,0.0
2026-05-21,002202,金风科技,87,4466.0,10jqka,post_close,2026-05-21 15:00:00,2026-05-06,11,1,93.0,6.0,ok,2026-05-21,25.49,24.73,26.09,24.61,1779915.0,-2.25,-4.11,-4.99,0.081,1.16,-2.12,-6.35,-6.56,-25.74,0.405,False,False,0.0
2026-05-21,002272,川润股份,88,4415.0,10jqka,post_close,2026-05-21 15:00:00,2026-05-20,2,2,44.0,-44.0,ok,2026-05-21,24.56,22.45,24.85,22.45,1567260.0,-9.98,8.93,17.05,0.0,2.89,2.6,8.2,13.93,-9.98,0.121,False,False,0.0
2026-05-21,300323,华灿光电,89,4355.0,10jqka,post_close,2026-05-21 15:00:00,2026-05-21,1,1,,,ok,2026-05-21,20.46,18.73,20.46,18.46,3299944.0,9.85,13.17,14.21,0.135,1.84,8.09,17.25,36.75,-8.46,0.0,True,False,0.0
2026-05-21,600303,曙光股份,90,4346.0,10jqka,post_close,2026-05-21 15:00:00,2026-05-21,1,1,,,ok,2026-05-21,3.2,3.48,3.48,3.18,931711.0,10.13,8.07,8.07,1.0,4.32,6.81,6.23,7.31,-2.52,0.0,True,False,0.0
2026-05-21,600699,均胜电子,91,4323.0,10jqka,post_close,2026-05-21 15:00:00,2026-05-15,3,1,99.0,8.0,ok,2026-05-21,28.91,30.18,31.5,28.85,1188591.0,4.83,-2.42,3.43,0.502,1.39,0.31,1.78,3.05,-5.24,0.498,False,False,0.0
2026-05-21,688008,澜起科技,92,4278.0,10jqka,post_close,2026-05-21 15:00:00,2026-05-06,6,1,51.0,-41.0,ok,2026-05-21,274.8,262.17,287.34,261.0,112004367.0,1.89,5.72,-1.1,0.044,1.26,3.83,5.43,23.8,-8.76,0.476,False,False,0.0
2026-05-21,002131,利欧股份,93,4223.0,10jqka,post_close,2026-05-21 15:00:00,2026-05-06,6,4,27.0,-66.0,ok,2026-05-21,6.96,6.63,7.25,6.62,6080109.0,-4.33,-3.91,1.84,0.016,0.94,-3.75,-3.31,-5.34,-32.14,0.46,False,False,0.0
2026-05-21,001309,德明利,94,4173.0,10jqka,post_close,2026-05-21 15:00:00,2026-05-06,9,3,65.0,-29.0,ok,2026-05-21,707.0,656.1,709.8,652.88,142761.0,-5.73,-10.74,-9.08,0.057,0.84,-6.23,-2.87,9.31,-13.67,0.049,False,False,0.0
2026-05-21,002940,昂利康,95,4167.0,10jqka,post_close,2026-05-21 15:00:00,2026-05-21,1,1,,,ok,2026-05-21,40.76,45.65,45.65,40.76,205796.0,10.0,8.82,13.93,1.0,0.62,5.73,16.54,21.0,0.0,0.0,True,False,0.0
2026-05-21,601012,隆基绿能,96,4099.0,10jqka,post_close,2026-05-21 15:00:00,2026-05-15,2,1,97.0,1.0,ok,2026-05-21,15.36,14.79,15.46,14.74,1518486.0,-3.65,-2.31,-9.26,0.069,0.88,-2.85,-6.91,-10.13,-24.54,0.139,False,False,0.0
2026-05-21,600589,大位科技,97,4088.0,10jqka,post_close,2026-05-21 15:00:00,2026-05-06,5,1,55.0,-42.0,ok,2026-05-21,13.35,12.42,13.99,12.4,3048906.0,-7.17,-1.19,-5.77,0.013,1.27,-3.42,-3.88,6.48,-18.56,0.403,False,False,0.0
2026-05-21,600186,莲花控股,98,4026.0,10jqka,post_close,2026-05-21 15:00:00,2026-05-06,11,3,34.0,-64.0,ok,2026-05-21,11.01,10.68,11.49,10.45,2776940.0,-3.17,1.62,1.33,0.221,0.99,-1.33,0.59,4.35,-9.87,0.462,False,False,0.0
2026-05-21,600667,太极实业,99,4009.0,10jqka,post_close,2026-05-21 15:00:00,2026-05-12,5,2,52.0,-47.0,ok,2026-05-21,13.75,12.42,13.93,12.36,3238550.0,-9.28,-5.12,-1.9,0.038,1.13,-3.94,-0.4,10.82,-10.84,0.115,False,False,0.0
2026-05-21,300058,蓝色光标,100,4001.0,10jqka,post_close,2026-05-21 15:00:00,2026-05-06,11,10,78.0,-22.0,ok,2026-05-21,17.8,17.63,18.55,17.34,4140823.0,-0.34,-1.51,1.61,0.24,0.98,-1.49,-2.87,-2.53,-14.79,0.62,False,False,0.0
2026-05-22,000725,京东方A,1,113913.0,10jqka,post_close,2026-05-22 15:00:00,2026-05-21,2,2,1.0,0.0,ok,2026-05-22,4.7,5.16,5.16,4.47,60110592.0,10.02,19.72,24.64,1.0,7.24,14.01,18.4,20.93,0.0,0.0,True,False,0.0
2026-05-22,603629,利通电子,2,70961.0,10jqka,post_close,2026-05-22 15:00:00,2026-05-06,13,13,14.0,12.0,ok,2026-05-22,185.74,195.65,195.65,176.8,329466.0,8.93,12.25,15.09,1.0,1.07,8.03,12.54,27.84,0.0,0.0,False,False,0.0
2026-05-22,600584,长电科技,3,60440.0,10jqka,post_close,2026-05-22 15:00:00,2026-05-06,12,10,6.0,3.0,ok,2026-05-22,67.05,72.88,73.14,63.95,2869279.0,9.04,19.85,25.55,0.972,1.09,12.1,20.26,36.24,-0.36,0.028,False,False,0.0
2026-05-22,603435,嘉德利,4,42861.0,10jqka,post_close,2026-05-22 15:00:00,2026-05-22,1,1,,,ok,2026-05-22,88.0,127.68,140.91,87.7,296216.0,,,,0.751,,0.0,0.0,0.0,-9.39,0.249,False,False,0.0
2026-05-22,301666,大普微,5,39209.0,10jqka,post_close,2026-05-22 15:00:00,2026-05-06,8,2,15.0,10.0,ok,2026-05-22,790.0,888.99,899.99,701.11,84663.0,8.94,40.89,69.01,0.945,1.26,21.88,48.41,110.11,-1.22,0.055,False,False,0.0
2026-05-22,603986,兆易创新,6,39099.0,10jqka,post_close,2026-05-22 15:00:00,2026-05-06,11,6,22.0,16.0,ok,2026-05-22,447.25,467.99,472.24,438.25,637969.0,8.54,15.89,24.68,0.875,1.03,9.01,18.26,31.29,-0.9,0.125,False,False,0.0
2026-05-22,601991,大唐发电,7,32998.0,10jqka,post_close,2026-05-22 15:00:00,2026-05-06,13,13,5.0,-2.0,ok,2026-05-22,7.0,6.89,7.16,6.68,7944991.0,-2.27,-17.78,-13.01,0.437,0.72,-8.84,-5.71,17.58,-20.25,0.333,False,False,0.0
2026-05-22,603601,再升科技,8,31860.0,10jqka,post_close,2026-05-22 15:00:00,2026-05-06,11,2,23.0,15.0,ok,2026-05-22,17.75,19.29,19.3,17.42,2378187.0,6.4,7.23,14.34,0.995,1.12,5.33,8.46,14.75,-3.5,0.005,False,False,0.0
2026-05-22,300136,信维通信,9,30205.0,10jqka,post_close,2026-05-22 15:00:00,2026-05-06,9,2,66.0,57.0,ok,2026-05-22,106.0,118.98,120.6,104.06,1144474.0,8.66,7.24,19.51,0.902,1.06,5.58,7.78,18.94,-1.34,0.098,False,False,0.0
2026-05-22,300476,胜宏科技,10,27262.0,10jqka,post_close,2026-05-22 15:00:00,2026-05-07,8,1,61.0,51.0,ok,2026-05-22,346.04,375.5,375.5,346.04,801700.0,13.31,11.43,10.37,1.0,1.96,8.89,5.47,9.38,-3.72,0.0,True,False,0.0
2026-05-22,600578,京能电力,11,26489.0,10jqka,post_close,2026-05-22 15:00:00,2026-05-15,6,6,3.0,-8.0,ok,2026-05-22,7.92,8.22,8.9,7.64,5276192.0,0.49,-0.6,17.26,0.46,1.29,3.21,18.39,36.04,-7.64,0.54,False,False,0.0
2026-05-22,002050,三花智控,12,24369.0,10jqka,post_close,2026-05-22 15:00:00,2026-05-06,13,13,10.0,-2.0,ok,2026-05-22,52.51,54.05,54.15,51.7,2324288.0,2.31,3.29,3.82,0.959,1.04,2.88,4.38,9.64,-1.76,0.041,False,False,0.0
2026-05-22,001237,惠康科技,13,23523.0,10jqka,post_close,2026-05-22 15:00:00,2026-05-22,1,1,,,ok,2026-05-22,99.99,111.8,161.0,99.99,247705.0,,,,0.194,,0.0,0.0,0.0,-30.56,0.806,False,False,0.0
2026-05-22,600522,中天科技,14,21622.0,10jqka,post_close,2026-05-22 15:00:00,2026-05-06,13,13,12.0,-2.0,ok,2026-05-22,42.69,43.82,43.88,42.48,2264915.0,4.58,-1.64,6.9,0.957,0.68,-0.24,0.44,10.84,-7.55,0.043,False,False,0.0
2026-05-22,002421,达实智能,15,21475.0,10jqka,post_close,2026-05-22 15:00:00,2026-05-18,5,5,13.0,-2.0,ok,2026-05-22,3.86,4.36,4.36,3.71,6475560.0,10.1,12.37,35.83,1.0,1.55,9.0,24.08,36.72,-7.23,0.0,True,False,0.0
2026-05-22,603459,红板科技,16,20452.0,10jqka,post_close,2026-05-22 15:00:00,2026-05-11,5,3,38.0,22.0,ok,2026-05-22,97.5,105.61,105.61,96.96,324889.0,10.0,21.67,26.03,1.0,1.23,12.74,15.44,34.59,0.0,0.0,True,False,0.0
2026-05-22,002407,多氟多,17,19392.0,10jqka,post_close,2026-05-22 15:00:00,2026-05-06,10,6,20.0,3.0,ok,2026-05-22,41.02,42.7,43.4,40.24,2390167.0,4.63,15.44,17.7,0.778,1.07,7.4,14.94,19.32,-2.71,0.222,False,False,0.0
2026-05-22,000417,合百集团,18,19064.0,10jqka,post_close,2026-05-22 15:00:00,2026-05-20,3,3,79.0,61.0,ok,2026-05-22,9.8,10.24,10.24,9.5,2595717.0,9.99,18.24,43.22,1.0,3.12,12.26,25.44,38.59,-2.29,0.0,True,False,0.0
2026-05-22,600745,*ST闻泰,19,18585.0,10jqka,post_close,2026-05-22 15:00:00,2026-05-06,11,8,2.0,-17.0,ok,2026-05-22,16.38,16.2,16.77,16.0,1042936.0,-3.57,-3.8,-13.18,0.26,2.29,-3.08,-13.46,-29.94,-53.63,0.506,False,False,0.0
2026-05-22,600487,亨通光电,20,18097.0,10jqka,post_close,2026-05-22 15:00:00,2026-05-06,13,13,29.0,9.0,ok,2026-05-22,70.66,73.05,73.3,69.69,1319919.0,4.51,-3.21,4.66,0.931,0.81,-0.2,-0.66,1.6,-8.57,0.069,False,False,0.0
2026-05-22,002281,光迅科技,21,18072.0,10jqka,post_close,2026-05-22 15:00:00,2026-05-06,13,13,8.0,-13.0,ok,2026-05-22,213.0,215.87,219.18,210.0,680332.0,-0.66,-6.51,9.86,0.639,0.83,-2.79,2.36,22.04,-12.53,0.361,False,False,0.0
2026-05-22,002342,巨力索具,22,17829.0,10jqka,post_close,2026-05-22 15:00:00,2026-05-06,13,13,4.0,-18.0,ok,2026-05-22,12.64,13.17,13.6,12.36,2657473.0,2.97,-16.33,-32.22,0.653,1.62,-10.29,-25.07,-29.55,-45.13,0.347,False,False,0.0
2026-05-22,600759,ST洲际,23,17752.0,10jqka,post_close,2026-05-22 15:00:00,2026-05-06,10,6,16.0,-7.0,ok,2026-05-22,2.65,2.65,2.65,2.65,449472.0,-5.02,-5.36,-14.79,1.0,0.21,-6.23,-15.55,-33.41,-70.85,,False,False,0.0
2026-05-22,000988,华工科技,24,16752.0,10jqka,post_close,2026-05-22 15:00:00,2026-05-06,13,13,24.0,0.0,ok,2026-05-22,155.55,156.31,159.14,153.6,908112.0,1.53,-1.32,16.67,0.489,0.82,0.27,5.28,15.49,-8.53,0.511,False,False,0.0
2026-05-22,002208,合肥城建,25,16545.0,10jqka,post_close,2026-05-22 15:00:00,2026-05-15,6,6,32.0,7.0,ok,2026-05-22,22.44,21.67,23.65,21.03,1738085.0,-6.96,-13.73,4.38,0.244,1.29,-8.8,3.89,26.94,-17.79,0.462,False,False,0.0
2026-05-22,002297,博云新材,26,16058.0,10jqka,post_close,2026-05-22 15:00:00,2026-05-06,12,2,47.0,21.0,ok,2026-05-22,24.69,26.58,26.85,23.6,1672271.0,7.57,10.75,2.82,0.917,1.21,6.98,6.15,10.63,-2.42,0.083,False,False,0.0
2026-05-22,300433,蓝思科技,27,16033.0,10jqka,post_close,2026-05-22 15:00:00,2026-05-11,9,8,83.0,56.0,ok,2026-05-22,35.86,38.4,38.55,35.26,2220880.0,5.18,1.16,12.25,0.954,0.89,2.19,10.22,24.91,-5.19,0.046,False,False,0.0
2026-05-22,601689,拓普集团,28,6547.0,10jqka,intraday_0950,2026-05-22 09:50:00,2026-05-18,4,2,73.0,45.0,ok,2026-05-22,72.0,72.13,72.57,70.4,167180.0,0.01,,,0.797,,0.0,0.0,0.0,-0.61,0.203,False,False,0.0
2026-05-22,002463,沪电股份,28,15804.0,10jqka,post_close,2026-05-22 15:00:00,2026-05-07,2,1,94.0,66.0,ok,2026-05-22,106.0,114.07,114.07,106.0,1016965.0,10.0,11.18,10.76,1.0,1.73,7.98,6.79,8.19,-0.34,0.0,True,False,0.0
2026-05-22,002036,联创电子,29,15629.0,10jqka,post_close,2026-05-22 15:00:00,2026-05-21,2,2,34.0,5.0,ok,2026-05-22,10.09,10.3,10.3,9.52,2058104.0,10.04,16.65,22.91,1.0,4.84,12.81,15.63,19.03,-13.08,0.0,True,False,0.0
2026-05-22,600186,莲花控股,30,15539.0,10jqka,post_close,2026-05-22 15:00:00,2026-05-06,12,4,98.0,68.0,ok,2026-05-22,10.9,11.75,11.75,10.86,2206096.0,10.02,1.64,13.64,1.0,0.78,5.8,9.38,12.79,-0.84,0.0,True,False,0.0
2026-05-22,000858,五粮液,31,15210.0,10jqka,post_close,2026-05-22 15:00:00,2026-05-06,12,10,56.0,25.0,ok,2026-05-22,85.58,84.03,85.6,84.03,260371.0,-1.55,-2.04,-3.27,0.0,0.77,-1.42,-3.81,-9.13,-23.04,0.013,False,False,0.0
2026-05-22,600519,贵州茅台,32,15040.0,10jqka,post_close,2026-05-22 15:00:00,2026-05-06,7,2,86.0,54.0,ok,2026-05-22,1310.95,1290.2,1311.91,1290.12,49157.0,-1.59,-2.57,-3.21,0.004,1.04,-1.71,-2.98,-5.48,-15.36,0.044,False,False,0.0
2026-05-22,000630,铜陵有色,33,15031.0,10jqka,post_close,2026-05-22 15:00:00,2026-05-22,1,1,,,ok,2026-05-22,5.81,6.36,6.36,5.75,4910185.0,10.03,5.65,2.25,1.0,1.65,5.44,-0.34,-0.37,-26.73,0.0,True,False,0.0
2026-05-22,603778,国晟科技,34,14917.0,10jqka,post_close,2026-05-22 15:00:00,2026-05-06,11,4,31.0,-3.0,ok,2026-05-22,23.0,23.89,23.98,22.31,443862.0,0.42,0.46,9.49,0.946,0.9,0.52,1.01,-4.84,-30.29,0.054,False,False,0.0
2026-05-22,600936,北投科技,35,6305.0,10jqka,intraday_0950,2026-05-22 09:50:00,2026-05-11,3,2,39.0,4.0,ok,2026-05-22,5.74,5.59,5.83,5.52,848125.0,-3.45,,,0.226,,0.0,0.0,0.0,-4.12,0.29,False,False,0.0
2026-05-22,002149,西部材料,35,14343.0,10jqka,post_close,2026-05-22 15:00:00,2026-05-06,11,2,42.0,7.0,ok,2026-05-22,68.18,72.12,72.84,67.0,757583.0,2.81,5.69,4.49,0.877,1.0,2.01,0.69,6.52,-8.56,0.123,False,False,0.0
2026-05-22,000021,深科技,36,14259.0,10jqka,post_close,2026-05-22 15:00:00,2026-05-13,7,5,52.0,16.0,ok,2026-05-22,37.22,37.73,37.98,35.9,1912396.0,3.74,0.16,12.09,0.88,0.86,1.07,6.42,15.88,-5.65,0.12,False,False,0.0
2026-05-22,002580,圣阳股份,37,14217.0,10jqka,post_close,2026-05-22 15:00:00,2026-05-06,13,13,33.0,-4.0,ok,2026-05-22,26.37,26.08,26.88,25.86,725760.0,-3.08,-5.16,-7.48,0.216,0.72,-2.07,-11.86,-10.73,-28.55,0.5,False,False,0.0
2026-05-22,002272,川润股份,38,14212.0,10jqka,post_close,2026-05-22 15:00:00,2026-05-20,3,3,88.0,50.0,ok,2026-05-22,22.89,24.7,24.7,22.02,1323245.0,10.02,8.95,31.8,1.0,1.75,7.05,16.15,23.67,-0.96,0.0,True,False,0.0
2026-05-22,002747,埃斯顿,39,5957.0,10jqka,intraday_0950,2026-05-22 09:50:00,2026-05-21,2,2,35.0,-4.0,ok,2026-05-22,28.35,29.12,29.26,27.5,431597.0,1.46,,,0.92,,0.0,0.0,0.0,-0.48,0.08,False,False,0.0
2026-05-22,000066,中国长城,39,14207.0,10jqka,post_close,2026-05-22 15:00:00,2026-05-06,13,13,51.0,12.0,ok,2026-05-22,20.98,20.93,21.25,20.27,2827053.0,3.1,1.01,2.1,0.673,0.72,1.67,-4.89,2.19,-18.69,0.276,False,False,0.0
2026-05-22,600176,中国巨石,40,14007.0,10jqka,post_close,2026-05-22 15:00:00,2026-05-06,7,1,100.0,60.0,ok,2026-05-22,35.61,38.16,38.16,35.61,1715411.0,8.01,9.34,12.7,1.0,1.12,7.52,5.27,7.29,-3.85,0.0,False,False,0.0
2026-05-22,601127,赛力斯,41,5916.0,10jqka,intraday_0950,2026-05-22 09:50:00,2026-05-21,2,2,44.0,3.0,ok,2026-05-22,83.0,82.36,83.06,80.01,152848.0,-1.22,,,0.77,,0.0,0.0,0.0,-0.84,0.02,False,False,0.0
2026-05-22,600611,大众交通,41,13935.0,10jqka,post_close,2026-05-22 15:00:00,2026-05-21,2,2,7.0,-34.0,ok,2026-05-22,6.13,6.13,6.13,6.13,584626.0,10.05,33.26,38.06,1.0,0.94,18.61,26.0,28.55,0.0,0.0,True,True,0.0
2026-05-22,001259,利仁科技,42,5782.0,10jqka,intraday_0950,2026-05-22 09:50:00,2026-05-19,4,4,25.0,-17.0,ok,2026-05-22,79.2,79.2,90.0,79.2,11088.0,-10.0,,,0.0,,0.0,0.0,0.0,-12.0,1.0,False,False,0.0
2026-05-22,000767,晋控电力,42,12973.0,10jqka,intraday_1430,2026-05-22 14:30:00,2026-05-13,5,1,56.0,14.0,ok,2026-05-22,4.7,4.88,5.08,4.38,4557262.0,3.83,,,0.714,,0.0,0.0,0.0,-3.94,0.286,False,False,0.0
2026-05-22,002156,通富微电,42,13923.0,10jqka,post_close,2026-05-22 15:00:00,2026-05-06,13,13,37.0,-5.0,ok,2026-05-22,61.81,63.44,64.34,60.13,2008252.0,2.72,7.78,11.26,0.786,1.15,4.2,5.66,13.2,-5.14,0.214,False,False,0.0
2026-05-22,000636,风华高科,43,13666.0,10jqka,post_close,2026-05-22 15:00:00,2026-05-18,2,1,90.0,47.0,ok,2026-05-22,36.89,37.62,37.62,36.21,313717.0,10.0,16.22,39.33,1.0,0.28,12.22,21.23,36.4,0.0,0.0,True,False,0.0
2026-05-22,601138,工业富联,44,13662.0,10jqka,post_close,2026-05-22 15:00:00,2026-05-06,13,13,28.0,-16.0,ok,2026-05-22,66.11,67.16,67.66,64.5,1947455.0,2.53,-2.04,-0.68,0.842,0.81,-0.75,-0.6,0.95,-9.24,0.158,False,False,0.0
2026-05-22,002384,东山精密,45,13604.0,10jqka,post_close,2026-05-22 15:00:00,2026-05-06,13,13,45.0,0.0,ok,2026-05-22,210.92,220.55,221.73,210.92,843617.0,6.56,-0.69,8.46,0.891,0.92,1.74,2.08,8.18,-4.11,0.109,False,False,0.0
2026-05-22,002185,华天科技,46,13192.0,10jqka,post_close,2026-05-22 15:00:00,2026-05-06,11,6,41.0,-5.0,ok,2026-05-22,15.43,15.43,15.52,14.68,3422512.0,1.58,0.85,7.9,0.893,0.92,0.86,3.66,10.49,-8.05,0.107,False,False,0.0
2026-05-22,600360,华微电子,47,5274.0,10jqka,intraday_0950,2026-05-22 09:50:00,2026-05-21,2,2,43.0,-4.0,ok,2026-05-22,11.78,11.64,12.07,11.6,429802.0,-3.56,,,0.085,,0.0,0.0,0.0,-3.56,0.617,False,False,0.0
2026-05-22,002703,浙江世宝,47,13156.0,10jqka,post_close,2026-05-22 15:00:00,2026-05-21,2,2,17.0,-30.0,ok,2026-05-22,20.57,21.29,21.5,20.38,1377038.0,6.88,12.29,12.05,0.812,2.72,9.64,11.13,11.77,-18.96,0.188,False,False,0.0
2026-05-22,000670,盈方微,48,12666.0,10jqka,post_close,2026-05-22 15:00:00,2026-05-22,1,1,,,ok,2026-05-22,8.09,8.9,8.9,8.01,1339650.0,10.01,6.71,8.54,1.0,2.01,5.33,6.97,11.19,-8.15,0.0,True,False,0.0
2026-05-22,300503,昊志机电,49,5160.0,10jqka,intraday_0950,2026-05-22 09:50:00,2026-05-21,2,2,49.0,0.0,ok,2026-05-22,86.97,89.4,89.58,83.88,136777.0,2.79,,,0.968,,0.0,0.0,0.0,-0.2,0.032,False,False,0.0
2026-05-22,300308,中际旭创,49,12085.0,10jqka,post_close,2026-05-22 15:00:00,2026-05-06,13,13,36.0,-13.0,ok,2026-05-22,1010.04,1037.98,1044.87,1006.18,209338.0,4.49,0.77,-1.13,0.822,0.83,0.91,0.99,9.56,-5.63,0.178,False,False,0.0
2026-05-22,603005,晶方科技,50,11946.0,10jqka,post_close,2026-05-22 15:00:00,2026-05-20,3,3,71.0,21.0,ok,2026-05-22,36.1,39.14,39.66,35.43,1558009.0,8.48,17.01,19.26,0.877,1.89,9.64,14.26,19.08,-3.24,0.123,False,False,0.0
2026-05-22,600183,生益科技,51,11936.0,10jqka,post_close,2026-05-22 15:00:00,2026-05-18,2,1,84.0,33.0,ok,2026-05-22,102.1,108.01,108.01,102.0,668899.0,10.0,7.17,20.08,1.0,0.98,6.63,13.31,24.91,0.0,0.0,True,False,0.0
2026-05-22,001896,豫能控股,52,11784.0,10jqka,post_close,2026-05-22 15:00:00,2026-05-06,12,11,9.0,-43.0,ok,2026-05-22,16.0,15.76,16.16,15.1,2235488.0,-3.73,-2.66,3.75,0.623,1.28,1.13,-2.4,-3.77,-18.76,0.151,False,False,0.0
2026-05-22,002475,立讯精密,53,11681.0,10jqka,post_close,2026-05-22 15:00:00,2026-05-06,13,13,81.0,28.0,ok,2026-05-22,69.5,72.4,72.88,68.9,1866377.0,6.67,0.0,-2.16,0.879,1.01,1.79,-1.96,1.57,-11.47,0.121,False,False,0.0
2026-05-22,002931,锋龙股份,54,12168.0,10jqka,intraday_1430,2026-05-22 14:30:00,2026-05-21,2,2,48.0,-6.0,ok,2026-05-22,61.0,63.36,63.38,56.77,145123.0,5.53,,,0.997,,0.0,0.0,0.0,-0.03,0.003,False,False,0.0
2026-05-22,000100,TCL科技,54,11628.0,10jqka,post_close,2026-05-22 15:00:00,2026-05-21,2,2,27.0,-27.0,ok,2026-05-22,4.25,4.38,4.45,4.13,19596776.0,0.23,1.86,4.78,0.781,2.21,1.86,2.0,2.17,-13.78,0.219,False,False,0.0
2026-05-22,600396,华电辽能,55,11345.0,10jqka,post_close,2026-05-22 15:00:00,2026-05-06,13,13,67.0,12.0,ok,2026-05-22,14.39,14.56,14.7,13.89,1933716.0,2.32,-9.85,-16.47,0.827,0.75,-3.15,-5.78,12.38,-19.78,0.173,False,False,0.0
2026-05-22,300657,弘信电子,56,11210.0,10jqka,post_close,2026-05-22 15:00:00,2026-05-18,4,1,58.0,2.0,ok,2026-05-22,48.73,50.25,51.0,47.5,1237139.0,2.59,-3.51,38.93,0.786,1.29,2.01,15.3,24.93,-14.18,0.214,False,False,0.0
2026-05-22,002371,北方华创,57,4824.0,10jqka,intraday_0950,2026-05-22 09:50:00,2026-05-18,3,2,30.0,-27.0,ok,2026-05-22,663.03,651.45,672.01,641.96,59916.0,-1.74,,,0.316,,0.0,0.0,0.0,-3.06,0.299,False,False,0.0
2026-05-22,002980,华盛昌,57,11911.0,10jqka,intraday_1430,2026-05-22 14:30:00,2026-05-18,4,1,51.0,-6.0,ok,2026-05-22,104.74,104.78,107.22,97.49,179657.0,-1.06,,,0.749,,0.0,0.0,0.0,-2.28,0.251,False,False,0.0
2026-05-22,300502,新易盛,57,11137.0,10jqka,post_close,2026-05-22 15:00:00,2026-05-06,9,1,80.0,23.0,ok,2026-05-22,577.33,606.77,613.88,570.0,404278.0,7.2,5.99,-0.54,0.838,1.23,3.43,2.04,5.63,-7.18,0.162,False,False,0.0
2026-05-22,002015,协鑫能科,58,11093.0,10jqka,post_close,2026-05-22 15:00:00,2026-05-06,11,1,59.0,1.0,ok,2026-05-22,20.15,21.55,21.8,19.85,1631718.0,7.0,-3.75,-0.74,0.872,0.95,1.17,-0.53,4.91,-15.92,0.128,False,False,0.0
2026-05-22,603127,昭衍新药,59,4755.0,10jqka,intraday_0950,2026-05-22 09:50:00,2026-05-21,2,2,53.0,-6.0,ok,2026-05-22,42.47,41.04,43.0,40.77,237937.0,-4.04,,,0.121,,0.0,0.0,0.0,-4.56,0.238,False,False,0.0
2026-05-22,603316,诚邦股份,59,11027.0,10jqka,post_close,2026-05-22 15:00:00,2026-05-21,2,2,19.0,-40.0,ok,2026-05-22,26.5,26.9,27.98,24.53,774164.0,-1.28,19.45,44.55,0.687,2.18,10.33,24.72,41.47,-3.86,0.313,False,False,0.0
2026-05-22,000536,华映科技,60,4732.0,10jqka,intraday_0950,2026-05-22 09:50:00,2026-05-21,2,2,59.0,-1.0,ok,2026-05-22,4.14,4.24,4.28,4.1,834522.0,-1.17,,,0.778,,0.0,0.0,0.0,-0.93,0.222,False,False,0.0
2026-05-22,002938,鹏鼎控股,60,11015.0,10jqka,post_close,2026-05-22 15:00:00,2026-05-22,1,1,,,ok,2026-05-22,103.92,103.93,103.93,103.88,146940.0,10.0,10.42,20.98,1.0,0.36,10.1,16.95,27.13,0.0,0.0,True,True,0.0
2026-05-22,603767,中马传动,61,4707.0,10jqka,intraday_0950,2026-05-22 09:50:00,2026-05-21,2,2,60.0,-1.0,ok,2026-05-22,25.24,24.39,25.5,24.27,187722.0,0.21,,,0.098,,0.0,0.0,0.0,-4.35,0.211,False,False,0.0
2026-05-22,002709,天赐材料,61,10918.0,10jqka,post_close,2026-05-22 15:00:00,2026-05-06,13,13,54.0,-7.0,ok,2026-05-22,57.71,58.08,58.89,55.81,1109625.0,0.64,6.69,0.94,0.737,0.89,2.18,1.3,1.81,-10.62,0.263,False,False,0.0
2026-05-22,000962,东方钽业,62,11684.0,10jqka,intraday_1430,2026-05-22 14:30:00,2026-05-22,1,1,,,missing_price_file,,,,,,,,,,,,,,,,,,,
2026-05-22,301013,利和兴,62,10800.0,10jqka,post_close,2026-05-22 15:00:00,2026-05-22,1,1,,,ok,2026-05-22,36.0,42.84,42.84,36.0,829880.0,20.0,41.39,50.26,1.0,2.01,23.42,36.06,49.69,0.0,0.0,True,False,0.0
2026-05-22,603667,五洲新春,63,10792.0,10jqka,post_close,2026-05-22 15:00:00,2026-05-15,4,2,50.0,-13.0,ok,2026-05-22,84.4,88.17,89.04,81.4,577799.0,4.05,5.11,4.43,0.886,1.0,4.52,7.04,17.02,-2.56,0.114,False,False,0.0
2026-05-22,603773,沃格光电,64,4483.0,10jqka,intraday_0950,2026-05-22 09:50:00,2026-05-06,9,7,65.0,1.0,ok,2026-05-22,81.0,84.01,84.95,75.6,121402.0,3.69,,,0.899,,0.0,0.0,0.0,-1.11,0.101,False,False,0.0
2026-05-22,300394,天孚通信,64,10704.0,10jqka,post_close,2026-05-22 15:00:00,2026-05-13,6,1,81.0,17.0,ok,2026-05-22,346.0,372.5,375.0,345.18,572916.0,10.47,2.62,-6.87,0.916,1.1,2.52,1.74,7.48,-10.04,0.084,True,False,0.0
2026-05-22,002081,金螳螂,65,10424.0,10jqka,post_close,2026-05-22 15:00:00,2026-05-06,13,13,63.0,-2.0,ok,2026-05-22,5.83,5.94,5.96,5.63,2837014.0,4.03,-13.91,-24.33,0.939,0.64,-6.69,-16.01,-6.43,-30.93,0.061,False,False,0.0
2026-05-22,600438,通威股份,66,10257.0,10jqka,post_close,2026-05-22 15:00:00,2026-05-22,1,1,,,ok,2026-05-22,15.65,16.1,16.1,15.42,504736.0,3.27,-0.06,-0.92,1.0,0.89,0.6,-2.2,-5.54,-18.97,0.0,False,False,0.0
2026-05-22,301377,鼎泰高科,67,11029.0,10jqka,intraday_1430,2026-05-22 14:30:00,2026-05-22,1,1,,,missing_price_file,,,,,,,,,,,,,,,,,,,
2026-05-22,688808,联讯仪器,67,10188.0,10jqka,post_close,2026-05-22 15:00:00,2026-05-18,2,1,46.0,-21.0,ok,2026-05-22,1580.0,1755.0,1755.0,1520.0,2463188.0,14.71,25.36,50.0,1.0,0.64,15.39,31.92,49.74,0.0,0.0,True,False,0.0
2026-05-22,600156,华升股份,68,9941.0,10jqka,post_close,2026-05-22 15:00:00,2026-05-21,2,2,58.0,-10.0,ok,2026-05-22,13.09,13.59,13.85,11.74,1127117.0,4.22,3.19,3.74,0.877,1.39,4.31,5.23,15.97,-12.94,0.123,False,False,0.0
2026-05-22,601016,节能风电,69,10691.0,10jqka,intraday_1430,2026-05-22 14:30:00,2026-05-06,11,1,87.0,18.0,ok,2026-05-22,4.5,4.62,4.73,4.4,3009682.0,2.67,,,0.667,,0.0,0.0,0.0,-2.33,0.333,False,False,0.0
2026-05-22,002008,大族激光,69,9891.0,10jqka,post_close,2026-05-22 15:00:00,2026-05-07,9,3,72.0,3.0,ok,2026-05-22,139.74,146.28,150.0,139.74,568736.0,2.59,6.94,2.22,0.637,0.99,3.26,3.24,18.65,-6.41,0.363,False,False,0.0
2026-05-22,603936,博敏电子,70,10594.0,10jqka,intraday_1430,2026-05-22 14:30:00,2026-05-13,2,1,59.0,-11.0,ok,2026-05-22,22.51,21.77,22.68,21.33,374843.0,-2.11,,,0.326,,0.0,0.0,0.0,-4.01,0.126,False,False,0.0
2026-05-22,601899,紫金矿业,70,9799.0,10jqka,post_close,2026-05-22 15:00:00,2026-05-06,12,7,57.0,-13.0,ok,2026-05-22,30.16,30.96,31.14,29.88,2681039.0,3.23,-0.64,-2.76,0.857,0.88,0.65,-4.05,-6.79,-24.3,0.143,False,False,0.0
2026-05-22,002245,蔚蓝锂芯,71,9697.0,10jqka,post_close,2026-05-22 15:00:00,2026-05-06,3,1,51.0,-20.0,ok,2026-05-22,18.57,20.41,20.41,18.09,1676090.0,10.03,10.74,17.03,1.0,1.34,8.24,15.43,27.47,0.0,0.0,True,False,0.0
2026-05-22,002031,巨轮智能,72,10059.0,10jqka,intraday_1430,2026-05-22 14:30:00,2026-05-08,8,1,21.0,-51.0,ok,2026-05-22,8.1,7.54,8.11,7.54,3625627.0,-10.02,,,0.0,,0.0,0.0,0.0,-7.03,0.018,False,False,0.0
2026-05-22,002202,金风科技,72,9539.0,10jqka,post_close,2026-05-22 15:00:00,2026-05-06,12,2,87.0,15.0,ok,2026-05-22,24.74,25.2,25.25,24.3,1171680.0,1.9,-0.87,0.44,0.947,0.82,-0.35,-3.37,-4.62,-24.32,0.053,False,False,0.0
2026-05-22,002442,龙星科技,73,9982.0,10jqka,intraday_1430,2026-05-22 14:30:00,2026-05-21,2,2,55.0,-18.0,ok,2026-05-22,7.49,8.11,8.11,6.95,800069.0,10.04,,,1.0,,0.0,0.0,0.0,0.0,0.0,True,False,0.0
2026-05-22,600707,彩虹股份,73,9357.0,10jqka,post_close,2026-05-22 15:00:00,2026-05-21,2,2,21.0,-52.0,ok,2026-05-22,10.93,11.1,11.43,10.57,2684439.0,-2.8,7.25,3.84,0.616,1.42,2.53,6.03,16.4,-5.29,0.384,False,False,0.0
2026-05-22,603618,杭电股份,74,9320.0,10jqka,post_close,2026-05-22 15:00:00,2026-05-06,6,1,30.0,-44.0,ok,2026-05-22,40.3,40.53,42.2,39.6,816082.0,0.65,4.7,11.35,0.358,1.04,0.98,3.37,15.36,-8.92,0.642,False,False,0.0
2026-05-22,600172,黄河旋风,75,9164.0,10jqka,post_close,2026-05-22 15:00:00,2026-05-12,5,1,64.0,-11.0,ok,2026-05-22,10.8,10.99,10.99,10.8,784205.0,10.01,1.57,-0.63,1.0,0.42,2.63,1.0,13.47,-11.94,0.0,True,False,0.0
2026-05-22,600601,方正科技,76,9163.0,10jqka,post_close,2026-05-22 15:00:00,2026-05-12,2,1,72.0,-4.0,ok,2026-05-22,11.9,12.79,12.79,11.9,3422879.0,9.97,3.48,2.32,1.0,1.59,3.97,-0.89,3.51,-12.76,0.0,True,False,0.0
2026-05-22,002929,润建股份,77,9529.0,10jqka,intraday_1430,2026-05-22 14:30:00,2026-05-07,9,1,49.0,-28.0,ok,2026-05-22,92.2,97.23,100.09,91.33,366135.0,1.29,,,0.674,,0.0,0.0,0.0,-2.86,0.326,False,False,0.0
2026-05-22,002920,德赛西威,77,9015.0,10jqka,post_close,2026-05-22 15:00:00,2026-05-21,2,2,18.0,-59.0,ok,2026-05-22,106.46,110.5,110.64,104.68,341709.0,4.13,7.65,5.24,0.977,2.06,6.36,6.02,4.92,-12.08,0.023,False,False,0.0
2026-05-22,002940,昂利康,78,4100.0,10jqka,intraday_0950,2026-05-22 09:50:00,2026-05-21,2,2,95.0,17.0,ok,2026-05-22,42.5,41.09,43.6,41.09,116775.0,-9.99,,,0.0,,0.0,0.0,0.0,-5.76,0.438,False,False,0.0
2026-05-22,002192,融捷股份,78,8937.0,10jqka,post_close,2026-05-22 15:00:00,2026-05-07,4,1,91.0,13.0,ok,2026-05-22,85.94,85.54,87.0,83.56,179852.0,-0.29,-2.63,-6.68,0.576,0.73,-2.95,-7.58,-8.83,-25.62,0.308,False,False,0.0
2026-05-22,002766,索菱股份,79,4016.0,10jqka,intraday_0950,2026-05-22 09:50:00,2026-05-22,1,1,,,ok,2026-05-22,5.18,5.41,5.55,5.18,815657.0,5.25,,,0.622,,0.0,0.0,0.0,-2.52,0.378,False,False,0.0
2026-05-22,002600,领益智造,79,9018.0,10jqka,intraday_1430,2026-05-22 14:30:00,2026-05-14,6,1,76.0,-3.0,ok,2026-05-22,15.7,16.29,16.47,15.21,2814262.0,4.96,,,0.857,,0.0,0.0,0.0,-1.09,0.143,False,False,0.0
2026-05-22,603538,美诺华,79,8922.0,10jqka,post_close,2026-05-22 15:00:00,2026-05-06,9,1,93.0,14.0,ok,2026-05-22,52.44,50.44,53.49,49.5,374205.0,-5.1,-0.67,-0.71,0.236,1.04,-2.07,-4.52,-10.73,-28.34,0.263,False,False,0.0
2026-05-22,600303,曙光股份,80,3980.0,10jqka,intraday_0950,2026-05-22 09:50:00,2026-05-21,2,2,90.0,10.0,ok,2026-05-22,3.65,3.83,3.83,3.65,297912.0,10.06,,,1.0,,0.0,0.0,0.0,0.0,0.0,True,False,0.0
2026-05-22,002916,深南电路,80,8996.0,10jqka,intraday_1430,2026-05-22 14:30:00,2026-05-22,1,1,,,missing_price_file,,,,,,,,,,,,,,,,,,,
2026-05-22,601208,东材科技,80,8908.0,10jqka,post_close,2026-05-22 15:00:00,2026-05-07,4,1,81.0,1.0,ok,2026-05-22,48.58,52.45,52.45,48.45,842267.0,10.0,9.68,15.07,1.0,1.13,7.07,9.4,21.11,-0.42,0.0,True,False,0.0
2026-05-22,603906,龙蟠科技,81,3958.0,10jqka,intraday_0950,2026-05-22 09:50:00,2026-05-07,2,1,98.0,17.0,ok,2026-05-22,28.47,28.4,28.78,27.84,195438.0,-3.07,,,0.596,,0.0,0.0,0.0,-1.32,0.33,False,False,0.0
2026-05-22,603228,景旺电子,81,8968.0,10jqka,intraday_1430,2026-05-22 14:30:00,2026-05-22,1,1,,,missing_price_file,,,,,,,,,,,,,,,,,,,
2026-05-22,300058,蓝色光标,81,8824.0,10jqka,post_close,2026-05-22 15:00:00,2026-05-06,12,11,100.0,19.0,ok,2026-05-22,17.2,17.11,17.5,16.76,3346293.0,-2.95,-8.01,-3.11,0.473,0.81,-3.8,-4.9,-4.96,-17.3,0.405,False,False,0.0
2026-05-22,600699,均胜电子,82,3920.0,10jqka,intraday_0950,2026-05-22 09:50:00,2026-05-18,3,2,91.0,9.0,ok,2026-05-22,30.4,30.63,30.78,29.73,270563.0,1.49,,,0.857,,0.0,0.0,0.0,-0.49,0.143,False,False,0.0
2026-05-22,301628,强达电路,82,8930.0,10jqka,intraday_1430,2026-05-22 14:30:00,2026-05-22,1,1,,,ok,2026-05-22,114.61,135.18,135.18,114.61,88601.0,20.0,,,1.0,,0.0,0.0,0.0,0.0,0.0,True,False,0.0
2026-05-22,301526,国际复材,82,8560.0,10jqka,post_close,2026-05-22 15:00:00,2026-05-22,1,1,,,ok,2026-05-22,17.93,20.49,20.64,17.9,2854616.0,15.05,9.57,9.51,0.945,1.73,8.44,8.54,15.85,-0.73,0.055,True,False,0.0
2026-05-22,600105,永鼎股份,83,3901.0,10jqka,intraday_0950,2026-05-22 09:50:00,2026-05-07,10,2,85.0,2.0,ok,2026-05-22,47.22,47.4,47.75,46.5,253778.0,2.4,,,0.72,,0.0,0.0,0.0,-0.73,0.28,False,False,0.0
2026-05-22,002552,宝鼎科技,83,8930.0,10jqka,intraday_1430,2026-05-22 14:30:00,2026-05-22,1,1,,,ok,2026-05-22,38.53,36.52,40.09,36.29,210569.0,-6.05,,,0.061,,0.0,0.0,0.0,-8.9,0.411,False,False,0.0
2026-05-22,603779,威龙股份,83,8451.0,10jqka,post_close,2026-05-22 15:00:00,2026-05-20,3,3,11.0,-72.0,ok,2026-05-22,13.07,13.07,13.69,13.07,847055.0,-9.99,8.92,31.75,0.0,2.62,2.59,24.19,54.91,-9.99,1.0,False,False,0.0
2026-05-22,300033,同花顺,84,3901.0,10jqka,intraday_0950,2026-05-22 09:50:00,2026-05-21,2,2,70.0,-14.0,ok,2026-05-22,236.0,230.42,239.49,227.72,75583.0,-2.45,,,0.229,,0.0,0.0,0.0,-3.79,0.297,False,False,0.0
2026-05-22,603115,海星股份,84,8446.0,10jqka,post_close,2026-05-22 15:00:00,2026-05-21,2,2,69.0,-15.0,ok,2026-05-22,106.8,116.31,116.31,103.0,96418.0,10.0,26.98,53.65,1.0,0.98,17.61,39.24,63.19,0.0,0.0,True,False,0.0
2026-05-22,002428,云南锗业,85,8888.0,10jqka,intraday_1430,2026-05-22 14:30:00,2026-05-06,13,13,82.0,-3.0,ok,2026-05-22,89.69,90.04,95.55,88.74,937011.0,-0.61,,,0.191,,0.0,0.0,0.0,-5.77,0.809,False,False,0.0
2026-05-22,920220,朗信电气,85,8438.0,10jqka,post_close,2026-05-22 15:00:00,2026-05-22,1,1,,,ok,2026-05-22,180.0,138.8,195.88,130.0,107151.0,,,,0.134,,0.0,0.0,0.0,-29.14,0.241,False,False,0.0
2026-05-22,002636,金安国纪,86,8860.0,10jqka,intraday_1430,2026-05-22 14:30:00,2026-05-22,1,1,,,missing_price_file,,,,,,,,,,,,,,,,,,,
2026-05-22,001365,天海电子,86,8409.0,10jqka,post_close,2026-05-22 15:00:00,2026-05-18,3,1,82.0,-4.0,ok,2026-05-22,62.0,58.7,63.24,58.68,233286.0,-8.27,-10.6,,0.004,0.76,-9.42,-9.42,-9.42,-29.17,0.272,False,False,0.0
2026-05-22,600863,华能蒙电,87,8347.0,10jqka,post_close,2026-05-22 15:00:00,2026-05-20,3,3,77.0,-10.0,ok,2026-05-22,5.32,5.39,5.75,5.19,3009513.0,-3.41,-0.55,11.36,0.357,1.22,0.94,5.64,9.87,-9.56,0.643,False,False,0.0
2026-05-22,002181,粤传媒,88,3794.0,10jqka,intraday_0950,2026-05-22 09:50:00,2026-05-06,8,5,74.0,-14.0,ok,2026-05-22,13.73,13.89,14.07,13.58,281952.0,1.76,,,0.633,,0.0,0.0,0.0,-1.28,0.367,False,False,0.0
2026-05-22,002436,兴森科技,88,8336.0,10jqka,post_close,2026-05-22 15:00:00,2026-05-22,1,1,,,ok,2026-05-22,35.57,35.42,35.99,34.51,1890061.0,6.4,7.89,12.48,0.615,1.24,4.99,6.14,13.27,-2.72,0.284,False,False,0.0
2026-05-22,002491,通鼎互联,89,8270.0,10jqka,post_close,2026-05-22 15:00:00,2026-05-07,10,5,61.0,-28.0,ok,2026-05-22,22.58,22.8,22.83,22.02,1212650.0,4.88,-3.76,0.93,0.963,0.7,-1.78,-4.2,11.23,-16.94,0.037,False,False,0.0
2026-05-22,300274,阳光电源,90,8736.0,10jqka,intraday_1430,2026-05-22 14:30:00,2026-05-11,7,5,76.0,-14.0,ok,2026-05-22,168.0,170.26,171.94,167.83,232199.0,2.95,,,0.591,,0.0,0.0,0.0,-0.98,0.409,False,False,0.0
2026-05-22,000657,中钨高新,90,8240.0,10jqka,post_close,2026-05-22 15:00:00,2026-05-06,2,1,74.0,-16.0,ok,2026-05-22,57.24,62.38,62.38,57.2,918080.0,10.0,15.58,10.49,1.0,1.26,9.36,6.91,7.51,-12.76,0.0,True,False,0.0
2026-05-22,002594,比亚迪,91,3670.0,10jqka,intraday_0950,2026-05-22 09:50:00,2026-05-06,3,1,55.0,-36.0,ok,2026-05-22,93.55,93.25,93.83,92.61,79515.0,-0.28,,,0.525,,0.0,0.0,0.0,-0.62,0.23,False,False,0.0
2026-05-22,600481,双良节能,91,8716.0,10jqka,intraday_1430,2026-05-22 14:30:00,2026-05-19,4,4,26.0,-65.0,ok,2026-05-22,7.35,7.3,7.71,7.26,3855255.0,1.25,,,0.089,,0.0,0.0,0.0,-5.32,0.8,False,False,0.0
2026-05-22,688008,澜起科技,91,8229.0,10jqka,post_close,2026-05-22 15:00:00,2026-05-06,7,2,92.0,1.0,ok,2026-05-22,272.88,271.83,276.74,262.01,78546603.0,3.68,10.0,9.62,0.667,0.87,5.66,6.68,25.01,-5.4,0.262,False,False,0.0
2026-05-22,002952,亚世光电,92,3638.0,10jqka,intraday_0950,2026-05-22 09:50:00,2026-05-22,1,1,,,ok,2026-05-22,29.36,29.96,30.97,28.8,92981.0,1.66,,,0.535,,0.0,0.0,0.0,-3.26,0.465,False,False,0.0
2026-05-22,002812,恩捷股份,92,8695.0,10jqka,intraday_1430,2026-05-22 14:30:00,2026-05-20,2,1,29.0,-63.0,missing_price_file,,,,,,,,,,,,,,,,,,,
2026-05-22,600276,恒瑞医药,92,8217.0,10jqka,post_close,2026-05-22 15:00:00,2026-05-12,5,1,98.0,6.0,ok,2026-05-22,51.35,50.27,51.38,50.2,677620.0,-1.91,-2.56,-6.89,0.059,0.83,-1.93,-5.1,-6.54,-14.32,0.025,False,False,0.0
2026-05-22,300408,三环集团,93,8151.0,10jqka,post_close,2026-05-22 15:00:00,2026-05-22,1,1,,,ok,2026-05-22,104.99,115.0,118.0,104.68,823684.0,16.79,19.12,34.19,0.775,2.01,16.43,22.98,33.25,-2.54,0.225,True,False,0.0
2026-05-22,300069,金利华电,94,8611.0,10jqka,intraday_1430,2026-05-22 14:30:00,2026-05-21,2,2,64.0,-30.0,ok,2026-05-22,52.87,52.87,52.87,52.87,37361.0,20.0,,,1.0,,0.0,0.0,0.0,0.0,0.0,True,True,0.0
2026-05-22,002466,天齐锂业,94,8083.0,10jqka,post_close,2026-05-22 15:00:00,2026-05-06,7,1,31.0,-63.0,ok,2026-05-22,65.78,66.52,66.83,64.68,512094.0,1.12,-0.09,-3.75,0.856,0.76,-1.14,-5.34,-8.48,-19.36,0.144,False,False,0.0
2026-05-22,000938,紫光股份,95,3570.0,10jqka,intraday_0950,2026-05-22 09:50:00,2026-05-08,7,2,62.0,-33.0,ok,2026-05-22,29.62,29.64,29.79,29.18,387446.0,1.33,,,0.754,,0.0,0.0,0.0,-0.5,0.246,False,False,0.0
2026-05-22,002131,利欧股份,95,8081.0,10jqka,post_close,2026-05-22 15:00:00,2026-05-06,7,5,93.0,-2.0,ok,2026-05-22,6.67,6.65,6.73,6.5,3685022.0,0.3,-10.14,1.06,0.652,0.53,-3.65,-2.41,-4.12,-31.93,0.261,False,False,0.0
2026-05-22,600246,万通发展,96,3539.0,10jqka,intraday_0950,2026-05-22 09:50:00,2026-05-20,3,3,68.0,-28.0,ok,2026-05-22,15.69,15.86,16.08,14.66,1272826.0,2.92,,,0.845,,0.0,0.0,0.0,-1.37,0.155,False,False,0.0
2026-05-22,600703,三安光电,96,8509.0,10jqka,intraday_1430,2026-05-22 14:30:00,2026-05-06,11,2,80.0,-16.0,ok,2026-05-22,16.11,16.66,17.0,15.95,3659744.0,3.87,,,0.676,,0.0,0.0,0.0,-2.0,0.324,False,False,0.0
2026-05-22,002273,水晶光电,96,8065.0,10jqka,post_close,2026-05-22 15:00:00,2026-05-22,1,1,,,ok,2026-05-22,38.0,40.34,40.34,37.15,1097994.0,10.01,4.67,6.16,1.0,1.23,4.75,4.92,12.31,-3.79,0.0,True,False,0.0
2026-05-22,001309,德明利,97,8031.0,10jqka,post_close,2026-05-22 15:00:00,2026-05-06,10,4,94.0,-3.0,ok,2026-05-22,671.0,674.0,680.39,651.02,132272.0,2.73,-3.6,-5.35,0.782,0.82,-2.61,-1.33,10.82,-11.31,0.218,False,False,0.0
2026-05-22,002654,万润科技,98,3408.0,10jqka,intraday_0950,2026-05-22 09:50:00,2026-05-19,3,1,42.0,-56.0,ok,2026-05-22,18.15,18.05,18.46,17.75,387268.0,-0.28,,,0.423,,0.0,0.0,0.0,-2.22,0.437,False,False,0.0
2026-05-22,688981,中芯国际,98,7985.0,10jqka,post_close,2026-05-22 15:00:00,2026-05-15,3,1,25.0,-73.0,ok,2026-05-22,129.33,131.33,132.18,126.5,119947788.0,3.23,10.53,10.34,0.85,0.89,4.43,6.59,10.02,-4.58,0.15,False,False,0.0
2026-05-22,603596,伯特利,99,3390.0,10jqka,intraday_0950,2026-05-22 09:50:00,2026-05-22,1,1,,,ok,2026-05-22,32.89,34.0,34.08,32.66,250010.0,3.34,,,0.944,,0.0,0.0,0.0,-0.23,0.056,False,False,0.0
2026-05-22,000518,四环生物,99,7984.0,10jqka,post_close,2026-05-22 15:00:00,2026-05-21,2,2,40.0,-59.0,ok,2026-05-22,4.07,4.13,4.13,3.97,1712634.0,10.13,33.23,34.09,1.0,2.56,17.2,25.11,32.52,0.0,0.0,True,False,0.0
2026-05-22,000012,南玻A,100,3383.0,10jqka,intraday_0950,2026-05-22 09:50:00,2026-05-22,1,1,,,ok,2026-05-22,4.0,3.93,4.01,3.86,315927.0,-1.75,,,0.467,,0.0,0.0,0.0,-2.0,0.067,False,False,0.0
2026-05-22,603256,宏和科技,100,7902.0,10jqka,post_close,2026-05-22 15:00:00,2026-05-07,2,1,90.0,-10.0,ok,2026-05-22,148.0,159.37,159.37,147.99,194299.0,10.0,16.15,18.84,1.0,0.83,10.99,10.8,20.81,0.0,0.0,True,False,0.0
2026-05-25,600584,长电科技,1,85294.0,10jqka,post_close,2026-05-25 15:00:00,2026-05-06,13,11,3.0,2.0,ok,2026-05-25,74.0,80.17,80.17,71.0,2751391.0,10.0,21.07,37.44,1.0,1.01,15.55,27.19,45.17,0.0,0.0,True,False,0.0
2026-05-25,603986,兆易创新,2,58699.0,10jqka,post_close,2026-05-25 15:00:00,2026-05-06,12,7,6.0,4.0,ok,2026-05-25,477.36,514.85,514.86,460.25,593614.0,10.01,15.89,28.95,1.0,0.95,13.8,25.25,40.47,-0.0,0.0,True,False,0.0
2026-05-25,000725,京东方A,3,57700.0,10jqka,post_close,2026-05-25 15:00:00,2026-05-21,3,3,1.0,-2.0,ok,2026-05-25,5.17,5.27,5.37,5.06,43088758.0,2.13,23.71,25.18,0.677,2.31,11.23,18.0,22.08,-1.86,0.323,False,False,0.0
2026-05-25,601991,大唐发电,4,57605.0,10jqka,post_close,2026-05-25 15:00:00,2026-05-06,14,14,7.0,3.0,ok,2026-05-25,6.8,7.4,7.44,6.8,8799928.0,7.4,-1.86,-6.68,0.938,0.92,-0.7,-0.51,22.87,-14.35,0.062,False,False,0.0
2026-05-25,688981,中芯国际,5,53281.0,10jqka,post_close,2026-05-25 15:00:00,2026-05-15,4,2,98.0,93.0,ok,2026-05-25,136.0,156.0,157.6,136.0,252180226.0,18.78,16.58,32.63,0.926,1.92,16.91,23.27,28.1,-1.02,0.074,True,False,0.0
2026-05-25,000518,四环生物,6,42735.0,10jqka,post_close,2026-05-25 15:00:00,2026-05-21,3,3,99.0,93.0,ok,2026-05-25,3.87,4.54,4.54,3.72,3224134.0,9.93,33.14,40.56,1.0,3.3,19.92,31.79,42.14,0.0,0.0,True,False,0.0
2026-05-25,603601,再升科技,7,41279.0,10jqka,post_close,2026-05-25 15:00:00,2026-05-06,12,3,8.0,1.0,ok,2026-05-25,19.3,19.27,20.77,18.8,2694352.0,-0.1,9.49,3.83,0.239,1.18,4.41,7.52,13.47,-7.22,0.746,False,False,0.0
2026-05-25,000021,深科技,8,38045.0,10jqka,post_close,2026-05-25 15:00:00,2026-05-13,8,6,36.0,28.0,ok,2026-05-25,38.21,41.15,41.5,37.8,2379398.0,9.06,8.72,11.13,0.905,1.04,7.85,13.45,24.15,-0.84,0.095,False,False,0.0
2026-05-25,600396,华电辽能,9,35631.0,10jqka,post_close,2026-05-25 15:00:00,2026-05-06,14,14,55.0,46.0,ok,2026-05-25,14.75,16.02,16.02,14.58,2747666.0,10.03,10.18,2.1,1.0,1.21,6.09,2.12,20.36,-11.74,0.0,True,False,0.0
2026-05-25,000988,华工科技,10,35502.0,10jqka,post_close,2026-05-25 15:00:00,2026-05-06,14,14,24.0,14.0,ok,2026-05-25,157.0,171.94,171.94,155.5,1090618.0,10.0,5.21,16.66,1.0,0.99,6.92,13.94,24.69,0.0,0.0,True,False,0.0
2026-05-25,002185,华天科技,11,32766.0,10jqka,post_close,2026-05-25 15:00:00,2026-05-06,12,7,46.0,35.0,ok,2026-05-25,16.0,16.97,16.97,15.91,2912413.0,9.98,6.86,15.52,1.0,0.75,7.72,12.32,19.73,0.0,0.0,True,False,0.0
2026-05-25,002407,多氟多,12,31356.0,10jqka,post_close,2026-05-25 15:00:00,2026-05-06,11,7,17.0,5.0,ok,2026-05-25,42.44,38.43,42.44,38.43,2143477.0,-10.0,-5.55,2.21,0.0,0.89,-3.74,2.58,6.39,-12.44,0.0,False,False,0.0
2026-05-25,002156,通富微电,13,30752.0,10jqka,post_close,2026-05-25 15:00:00,2026-05-06,14,14,42.0,29.0,ok,2026-05-25,64.27,69.78,69.78,62.8,2279397.0,9.99,12.04,20.17,1.0,1.25,10.37,14.59,22.23,0.0,0.0,True,False,0.0
2026-05-25,002421,达实智能,14,30135.0,10jqka,post_close,2026-05-25 15:00:00,2026-05-18,6,6,15.0,1.0,ok,2026-05-25,4.59,4.8,4.8,4.5,7745467.0,10.09,12.41,35.98,1.0,1.55,12.83,30.05,45.96,0.0,0.0,True,False,0.0
2026-05-25,002442,龙星科技,15,29528.0,10jqka,post_close,2026-05-25 15:00:00,2026-05-21,2,1,55.0,40.0,ok,2026-05-25,8.59,7.85,8.92,7.51,1300823.0,-3.21,17.16,33.28,0.241,2.08,8.67,18.31,22.33,-12.0,0.234,False,False,0.0
2026-05-25,603629,利通电子,16,25955.0,10jqka,post_close,2026-05-25 15:00:00,2026-05-06,14,14,2.0,-14.0,ok,2026-05-25,200.9,202.0,208.0,185.8,354360.0,3.25,11.34,15.71,0.73,1.2,8.25,13.63,28.06,-2.88,0.27,False,False,0.0
2026-05-25,600578,京能电力,17,24041.0,10jqka,post_close,2026-05-25 15:00:00,2026-05-15,7,7,11.0,-6.0,ok,2026-05-25,8.38,9.04,9.04,8.38,2428734.0,9.98,21.51,17.25,1.0,0.57,9.84,23.35,45.35,0.0,0.0,True,False,0.0
2026-05-25,600522,中天科技,18,23736.0,10jqka,post_close,2026-05-25 15:00:00,2026-05-06,14,14,14.0,-4.0,ok,2026-05-25,44.29,42.89,44.66,41.8,2809496.0,-2.12,-5.55,-2.41,0.381,0.92,-1.88,-1.47,7.39,-9.51,0.129,False,False,0.0
2026-05-25,601138,工业富联,19,22297.0,10jqka,post_close,2026-05-25 15:00:00,2026-05-06,14,14,44.0,25.0,ok,2026-05-25,68.0,70.3,70.5,67.3,2659917.0,4.68,3.15,1.91,0.937,1.26,3.48,3.37,5.4,-5.0,0.063,False,False,0.0
2026-05-25,603459,红板科技,20,21775.0,10jqka,post_close,2026-05-25 15:00:00,2026-05-11,6,4,16.0,-4.0,ok,2026-05-25,105.0,108.3,115.15,101.99,331036.0,2.55,20.45,20.27,0.479,1.15,11.28,15.96,34.2,-5.95,0.521,False,False,0.0
2026-05-25,002709,天赐材料,21,21767.0,10jqka,post_close,2026-05-25 15:00:00,2026-05-06,14,14,61.0,40.0,ok,2026-05-25,57.4,53.07,57.7,52.27,1641858.0,-8.63,-8.5,-5.18,0.147,1.37,-5.67,-6.37,-7.07,-18.33,0.055,False,False,0.0
2026-05-25,600487,亨通光电,22,19888.0,10jqka,post_close,2026-05-25 15:00:00,2026-05-06,14,14,20.0,-2.0,ok,2026-05-25,73.1,73.41,73.74,69.67,1462518.0,0.49,-3.13,2.24,0.919,0.93,-0.15,0.05,1.57,-8.12,0.081,False,False,0.0
2026-05-25,600611,大众交通,23,19285.0,10jqka,post_close,2026-05-25 15:00:00,2026-05-21,3,3,41.0,18.0,ok,2026-05-25,6.59,6.14,6.59,5.85,3633090.0,0.16,21.34,37.05,0.392,5.17,11.64,22.43,26.95,-6.83,0.0,False,False,0.0
2026-05-25,600186,莲花控股,24,18924.0,10jqka,post_close,2026-05-25 15:00:00,2026-05-06,13,5,30.0,6.0,ok,2026-05-25,12.05,12.93,12.93,12.04,2522410.0,10.04,17.23,23.03,1.0,0.89,11.56,17.49,21.59,0.0,0.0,True,False,0.0
2026-05-25,002281,光迅科技,25,18229.0,10jqka,post_close,2026-05-25 15:00:00,2026-05-06,14,14,21.0,-4.0,ok,2026-05-25,213.0,223.98,226.3,203.1,739500.0,3.76,-5.25,6.71,0.9,0.96,-0.4,4.95,23.14,-9.25,0.1,False,False,0.0
2026-05-25,603115,海星股份,26,4373.0,10jqka,intraday_0950,2026-05-25 09:50:00,2026-05-20,4,4,52.0,26.0,ok,2026-05-25,121.11,111.64,122.0,111.11,60139.0,-4.02,,,0.049,,0.0,0.0,0.0,-8.49,0.082,False,False,0.0
2026-05-25,688256,寒武纪,26,17600.0,10jqka,post_close,2026-05-25 15:00:00,2026-05-06,9,1,84.0,58.0,ok,2026-05-25,1321.01,1406.5,1435.0,1321.01,17338398.0,9.37,3.24,15.57,0.75,1.14,5.51,8.64,19.6,-1.99,0.25,False,False,0.0
2026-05-25,300346,南大光电,27,21373.0,10jqka,intraday_1430,2026-05-25 14:30:00,2026-05-25,1,1,,,ok,2026-05-25,56.89,60.91,63.05,56.32,825050.0,7.56,,,0.682,,0.0,0.0,0.0,-3.39,0.318,False,False,0.0
2026-05-25,300502,新易盛,27,17177.0,10jqka,post_close,2026-05-25 15:00:00,2026-05-06,10,2,57.0,30.0,ok,2026-05-25,620.13,659.01,660.06,595.01,476893.0,8.61,12.08,9.85,0.984,1.41,10.12,9.08,14.36,-0.16,0.016,False,False,0.0
2026-05-25,600863,华能蒙电,28,17175.0,10jqka,post_close,2026-05-25 15:00:00,2026-05-20,4,4,87.0,59.0,ok,2026-05-25,5.34,5.93,5.93,5.34,3738015.0,10.02,10.22,20.28,1.0,1.29,7.04,13.71,19.46,-0.5,0.0,True,False,0.0
2026-05-25,603778,国晟科技,29,16564.0,10jqka,post_close,2026-05-25 15:00:00,2026-05-06,12,5,34.0,5.0,ok,2026-05-25,22.19,21.5,22.68,21.5,449662.0,-10.0,-13.69,-4.27,0.0,0.95,-8.8,-8.01,-13.56,-37.26,0.415,False,False,0.0
2026-05-25,000636,风华高科,30,16446.0,10jqka,post_close,2026-05-25 15:00:00,2026-05-18,3,2,43.0,13.0,ok,2026-05-25,41.38,41.38,41.38,41.38,87204.0,9.99,21.71,40.6,1.0,0.08,15.22,28.02,45.06,0.0,0.0,True,True,0.0
2026-05-25,300576,容大感光,31,19454.0,10jqka,intraday_1430,2026-05-25 14:30:00,2026-05-25,1,1,,,ok,2026-05-25,50.24,52.3,54.94,47.88,714497.0,14.24,,,0.626,,0.0,0.0,0.0,-4.81,0.374,True,False,0.0
2026-05-25,002463,沪电股份,31,15791.0,10jqka,post_close,2026-05-25 15:00:00,2026-05-07,3,2,28.0,-3.0,ok,2026-05-25,121.02,122.54,123.82,119.2,997254.0,7.43,18.3,17.53,0.723,1.5,12.12,13.25,15.14,-1.03,0.277,False,False,0.0
2026-05-25,600759,ST洲际,32,15433.0,10jqka,post_close,2026-05-25 15:00:00,2026-05-06,11,7,23.0,-9.0,ok,2026-05-25,2.52,2.52,2.52,2.52,225877.0,-4.91,-14.29,-14.58,1.0,0.1,-8.03,-16.25,-34.48,-72.28,,False,False,0.0
2026-05-25,300308,中际旭创,33,15207.0,10jqka,post_close,2026-05-25 15:00:00,2026-05-06,14,14,49.0,16.0,ok,2026-05-25,1054.99,1093.0,1094.98,1025.55,250761.0,5.3,5.4,4.59,0.971,1.05,5.27,4.78,14.12,-0.62,0.029,False,False,0.0
2026-05-25,300408,三环集团,34,3998.0,10jqka,intraday_0950,2026-05-25 09:50:00,2026-05-25,1,1,,,ok,2026-05-25,121.0,116.83,123.0,114.0,350994.0,1.59,,,0.314,,0.0,0.0,0.0,-5.02,0.222,False,False,0.0
2026-05-25,002050,三花智控,34,15060.0,10jqka,post_close,2026-05-25 15:00:00,2026-05-06,14,14,12.0,-22.0,ok,2026-05-25,54.4,53.91,54.98,53.35,2034777.0,-0.26,6.65,1.87,0.344,0.96,2.23,3.57,8.49,-1.95,0.356,False,False,0.0
2026-05-25,002297,博云新材,35,14606.0,10jqka,post_close,2026-05-25 15:00:00,2026-05-06,13,3,26.0,-9.0,ok,2026-05-25,27.38,29.24,29.24,27.33,1155294.0,10.01,24.11,15.21,1.0,0.8,14.14,14.9,19.48,0.0,0.0,True,False,0.0
2026-05-25,603005,晶方科技,36,14488.0,10jqka,post_close,2026-05-25 15:00:00,2026-05-20,4,4,50.0,14.0,ok,2026-05-25,40.19,43.05,43.05,39.63,1070733.0,9.99,16.98,30.34,1.0,1.08,14.18,22.02,28.79,0.0,0.0,True,False,0.0
2026-05-25,002585,双星新材,37,3841.0,10jqka,intraday_0950,2026-05-25 09:50:00,2026-05-25,1,1,,,ok,2026-05-25,9.78,9.88,9.88,9.62,386542.0,10.02,,,1.0,,0.0,0.0,0.0,0.0,0.0,True,False,0.0
2026-05-25,301666,大普微,37,14480.0,10jqka,post_close,2026-05-25 15:00:00,2026-05-06,9,3,5.0,-32.0,ok,2026-05-25,850.0,827.0,918.88,821.18,65904.0,-6.97,21.62,31.06,0.06,0.93,7.6,28.45,82.61,-10.0,0.705,False,False,0.0
2026-05-25,603435,嘉德利,38,14140.0,10jqka,post_close,2026-05-25 15:00:00,2026-05-22,2,2,4.0,-34.0,ok,2026-05-25,108.0,99.49,112.0,98.75,215396.0,-22.08,,,0.056,0.73,-12.41,-12.41,-12.41,-29.39,0.302,False,False,0.0
2026-05-25,300285,国瓷材料,39,3726.0,10jqka,intraday_0950,2026-05-25 09:50:00,2026-05-25,1,1,,,ok,2026-05-25,52.0,51.63,53.08,51.12,473066.0,6.67,,,0.26,,0.0,0.0,0.0,-2.73,0.551,False,False,0.0
2026-05-25,600745,*ST闻泰,39,14132.0,10jqka,post_close,2026-05-25 15:00:00,2026-05-06,12,9,19.0,-20.0,ok,2026-05-25,16.39,17.01,17.01,16.33,363395.0,5.0,6.31,-4.06,1.0,0.56,2.66,-6.18,-24.45,-51.32,0.0,False,False,0.0
2026-05-25,002931,锋龙股份,40,3688.0,10jqka,intraday_0950,2026-05-25 09:50:00,2026-05-21,3,3,38.0,-2.0,ok,2026-05-25,67.13,68.17,69.88,66.7,174390.0,3.23,,,0.462,,0.0,0.0,0.0,-2.45,0.538,False,False,0.0
2026-05-25,002436,兴森科技,40,14053.0,10jqka,post_close,2026-05-25 15:00:00,2026-05-22,2,2,88.0,48.0,ok,2026-05-25,36.0,38.12,38.2,35.43,1988688.0,7.62,13.66,13.42,0.971,1.22,10.05,12.56,20.08,-0.21,0.029,False,False,0.0
2026-05-25,002580,圣阳股份,41,13639.0,10jqka,post_close,2026-05-25 15:00:00,2026-05-06,14,14,37.0,-4.0,ok,2026-05-25,26.1,24.19,26.26,23.89,884830.0,-7.25,-7.71,-8.54,0.127,0.94,-7.59,-15.37,-16.84,-33.73,0.068,False,False,0.0
2026-05-25,603678,火炬电子,42,3649.0,10jqka,intraday_0950,2026-05-25 09:50:00,2026-05-25,1,1,,,ok,2026-05-25,41.32,39.37,41.34,39.23,253738.0,4.49,,,0.066,,0.0,0.0,0.0,-4.77,0.009,False,False,0.0
2026-05-25,002149,西部材料,42,13522.0,10jqka,post_close,2026-05-25 15:00:00,2026-05-06,12,3,35.0,-7.0,ok,2026-05-25,73.98,69.98,73.98,69.0,675765.0,-2.97,1.29,-5.3,0.197,0.86,0.09,-1.55,2.91,-11.27,0.0,False,False,0.0
2026-05-25,002272,川润股份,43,3550.0,10jqka,intraday_0950,2026-05-25 09:50:00,2026-05-20,4,4,87.0,44.0,ok,2026-05-25,24.87,23.96,24.96,23.52,387301.0,-3.0,,,0.306,,0.0,0.0,0.0,-4.01,0.062,False,False,0.0
2026-05-25,002938,鹏鼎控股,43,13384.0,10jqka,post_close,2026-05-25 15:00:00,2026-05-22,2,2,60.0,17.0,ok,2026-05-25,114.32,114.32,114.32,112.27,209100.0,10.0,26.71,28.12,1.0,0.59,14.99,23.87,36.65,0.0,0.0,True,False,0.0
2026-05-25,001896,豫能控股,44,13248.0,10jqka,post_close,2026-05-25 15:00:00,2026-05-06,13,12,52.0,8.0,ok,2026-05-25,16.01,16.92,17.3,15.8,2383771.0,7.36,13.71,14.95,0.747,1.3,5.59,4.71,3.49,-12.78,0.253,False,False,0.0
2026-05-25,000657,中钨高新,45,3503.0,10jqka,intraday_0950,2026-05-25 09:50:00,2026-05-06,2,1,74.0,29.0,ok,2026-05-25,64.8,63.12,65.3,62.2,405974.0,1.19,,,0.297,,0.0,0.0,0.0,-3.34,0.161,False,False,0.0
2026-05-25,001237,惠康科技,45,12648.0,10jqka,post_close,2026-05-25 15:00:00,2026-05-22,2,2,13.0,-32.0,ok,2026-05-25,99.0,88.9,105.98,88.88,163822.0,-20.48,,,0.001,0.66,-11.41,-11.41,-11.41,-44.78,0.408,False,False,0.0
2026-05-25,000066,中国长城,46,12563.0,10jqka,post_close,2026-05-25 15:00:00,2026-05-06,14,14,39.0,-7.0,ok,2026-05-25,20.58,20.58,20.78,19.8,2698122.0,-1.67,-0.91,1.83,0.796,0.78,-0.39,-5.26,-0.72,-20.05,0.204,False,False,0.0
2026-05-25,600330,天通股份,47,12474.0,10jqka,post_close,2026-05-25 15:00:00,2026-05-06,9,1,43.0,-4.0,ok,2026-05-25,29.63,31.31,31.43,28.94,1724802.0,7.01,9.06,4.09,0.952,1.27,7.04,2.19,7.69,-11.93,0.048,False,False,0.0
2026-05-25,002475,立讯精密,48,12035.0,10jqka,post_close,2026-05-25 15:00:00,2026-05-06,14,14,53.0,5.0,ok,2026-05-25,73.3,74.7,74.93,71.5,2152996.0,3.18,6.61,2.47,0.933,1.18,4.49,1.35,4.31,-8.66,0.067,False,False,0.0
2026-05-25,002384,东山精密,49,12031.0,10jqka,post_close,2026-05-25 15:00:00,2026-05-06,14,14,45.0,-4.0,ok,2026-05-25,222.91,226.24,228.28,218.3,831651.0,2.58,1.45,7.1,0.796,0.94,2.94,4.33,9.9,-1.63,0.204,False,False,0.0
2026-05-25,688347,华虹公司,50,11918.0,10jqka,post_close,2026-05-25 15:00:00,2026-05-25,1,1,,,ok,2026-05-25,183.0,214.8,214.8,179.0,50192191.0,20.0,20.81,45.33,1.0,1.33,20.63,28.83,37.45,0.0,0.0,True,False,0.0
2026-05-25,000012,南玻A,51,3440.0,10jqka,intraday_0950,2026-05-25 09:50:00,2026-05-22,2,2,100.0,49.0,ok,2026-05-25,4.41,4.38,4.52,4.3,610092.0,-0.45,,,0.364,,0.0,0.0,0.0,-3.1,0.5,False,False,0.0
2026-05-25,002617,露笑科技,51,11775.0,10jqka,post_close,2026-05-25 15:00:00,2026-05-14,6,1,96.0,45.0,ok,2026-05-25,9.3,9.58,9.65,9.18,2683796.0,4.7,0.74,5.04,0.851,1.02,2.83,4.23,12.27,-6.45,0.149,False,False,0.0
2026-05-25,601208,东材科技,52,3360.0,10jqka,intraday_0950,2026-05-25 09:50:00,2026-05-07,3,1,88.0,36.0,ok,2026-05-25,54.0,54.03,55.25,53.7,350535.0,3.01,,,0.213,,0.0,0.0,0.0,-2.21,0.787,False,False,0.0
2026-05-25,002371,北方华创,52,15340.0,10jqka,intraday_1430,2026-05-25 14:30:00,2026-05-15,3,1,30.0,-22.0,ok,2026-05-25,650.13,689.9,719.05,626.11,191471.0,3.12,,,0.686,,0.0,0.0,0.0,-4.05,0.314,False,False,0.0
2026-05-25,600172,黄河旋风,52,11579.0,10jqka,post_close,2026-05-25 15:00:00,2026-05-12,6,2,75.0,23.0,ok,2026-05-25,11.5,12.09,12.09,11.16,1890117.0,10.01,12.99,9.51,1.0,1.31,10.73,8.8,22.54,-3.12,0.0,True,False,0.0
2026-05-25,301013,利和兴,53,3341.0,10jqka,intraday_0950,2026-05-25 09:50:00,2026-05-25,1,1,,,ok,2026-05-25,46.02,44.57,46.77,43.6,356142.0,4.04,,,0.306,,0.0,0.0,0.0,-4.7,0.237,False,False,0.0
2026-05-25,301269,华大九天,53,11572.0,10jqka,post_close,2026-05-25 15:00:00,2026-05-25,1,1,,,ok,2026-05-25,107.0,125.04,130.43,106.0,518198.0,15.04,20.94,32.26,0.779,3.15,18.09,24.34,31.77,-4.13,0.221,True,False,0.0
2026-05-25,300476,胜宏科技,54,11426.0,10jqka,post_close,2026-05-25 15:00:00,2026-05-07,9,2,10.0,-44.0,ok,2026-05-25,390.0,383.5,391.01,372.18,721814.0,2.13,14.75,10.77,0.601,1.56,8.85,7.55,11.05,-1.92,0.054,False,False,0.0
2026-05-25,300433,蓝思科技,55,11409.0,10jqka,post_close,2026-05-25 15:00:00,2026-05-11,10,9,27.0,-28.0,ok,2026-05-25,38.6,39.52,40.47,38.6,2199453.0,2.92,8.84,2.12,0.492,0.91,4.72,10.67,26.04,-2.42,0.508,False,False,0.0
2026-05-25,002916,深南电路,56,3257.0,10jqka,intraday_0950,2026-05-25 09:50:00,2026-05-25,1,1,,,ok,2026-05-25,404.02,397.86,409.74,395.21,72998.0,5.18,,,0.182,,0.0,0.0,0.0,-2.9,0.394,False,False,0.0
2026-05-25,002202,金风科技,56,11305.0,10jqka,post_close,2026-05-25 15:00:00,2026-05-06,13,3,72.0,16.0,ok,2026-05-25,25.2,24.88,25.28,24.3,1547898.0,-1.27,-1.66,-3.53,0.592,1.17,-0.9,-3.38,-5.59,-25.29,0.082,False,False,0.0
2026-05-25,000733,振华科技,57,3224.0,10jqka,intraday_0950,2026-05-25 09:50:00,2026-05-25,1,1,,,ok,2026-05-25,51.36,51.93,53.5,51.33,243407.0,5.61,,,0.276,,0.0,0.0,0.0,-2.93,0.724,False,False,0.0
2026-05-25,002342,巨力索具,57,11248.0,10jqka,post_close,2026-05-25 15:00:00,2026-05-06,14,14,22.0,-35.0,ok,2026-05-25,13.37,12.76,13.45,12.45,1934732.0,-3.11,-10.2,-27.04,0.31,1.03,-7.09,-23.3,-30.37,-46.83,0.08,False,False,0.0
2026-05-25,002409,雅克科技,58,11231.0,10jqka,post_close,2026-05-25 15:00:00,2026-05-18,3,1,77.0,19.0,ok,2026-05-25,119.33,128.15,128.15,115.55,393215.0,10.0,6.3,12.23,1.0,1.01,7.68,14.35,27.76,0.0,0.0,True,False,0.0
2026-05-25,300274,阳光电源,59,14252.0,10jqka,intraday_1430,2026-05-25 14:30:00,2026-05-11,8,6,90.0,31.0,ok,2026-05-25,165.44,166.99,171.03,159.0,831624.0,1.51,,,0.664,,0.0,0.0,0.0,-2.36,0.336,False,False,0.0
2026-05-25,000417,合百集团,59,11208.0,10jqka,post_close,2026-05-25 15:00:00,2026-05-20,4,4,18.0,-41.0,ok,2026-05-25,9.92,10.35,10.79,9.62,2290347.0,1.07,8.6,31.51,0.624,1.82,7.61,21.85,36.52,-4.08,0.376,False,False,0.0
2026-05-25,603267,鸿远电子,60,3171.0,10jqka,intraday_0950,2026-05-25 09:50:00,2026-05-25,1,1,,,ok,2026-05-25,69.5,67.57,69.5,67.11,121792.0,4.13,,,0.192,,0.0,0.0,0.0,-2.78,0.0,False,False,0.0
2026-05-25,600183,生益科技,60,11060.0,10jqka,post_close,2026-05-25 15:00:00,2026-05-18,3,2,51.0,-9.0,ok,2026-05-25,114.0,116.52,117.81,110.35,794411.0,7.88,15.87,17.76,0.827,1.14,11.17,18.16,31.67,-1.09,0.173,False,False,0.0
2026-05-25,300136,信维通信,61,10992.0,10jqka,post_close,2026-05-25 15:00:00,2026-05-06,10,3,9.0,-52.0,ok,2026-05-25,122.0,118.63,124.55,113.8,1121085.0,-0.29,5.59,6.2,0.449,1.04,3.99,7.16,16.32,-4.75,0.237,False,False,0.0
2026-05-25,603989,艾华集团,62,3103.0,10jqka,intraday_0950,2026-05-25 09:50:00,2026-05-25,1,1,,,ok,2026-05-25,31.26,31.26,31.26,31.26,36300.0,9.99,,,1.0,,0.0,0.0,0.0,0.0,0.0,True,True,0.0
2026-05-25,002208,合肥城建,62,10959.0,10jqka,post_close,2026-05-25 15:00:00,2026-05-15,7,7,25.0,-37.0,ok,2026-05-25,21.35,20.2,21.43,19.68,1412530.0,-6.78,-21.95,-11.56,0.297,1.03,-13.05,-5.57,15.87,-23.37,0.046,False,False,0.0
2026-05-25,002929,润建股份,63,10878.0,10jqka,post_close,2026-05-25 15:00:00,2026-05-07,9,1,49.0,-14.0,ok,2026-05-25,88.0,89.2,91.69,81.75,449723.0,5.77,1.36,-7.07,0.749,1.06,1.33,0.95,17.88,-10.88,0.251,False,False,0.0
2026-05-25,600601,方正科技,64,3067.0,10jqka,intraday_0950,2026-05-25 09:50:00,2026-05-12,3,1,77.0,13.0,ok,2026-05-25,13.02,12.95,13.35,12.8,1337428.0,1.25,,,0.273,,0.0,0.0,0.0,-3.0,0.6,False,False,0.0
2026-05-25,002759,天际股份,64,13686.0,10jqka,intraday_1430,2026-05-25 14:30:00,2026-05-06,2,1,84.0,20.0,ok,2026-05-25,35.64,32.71,36.1,32.71,651230.0,-9.99,,,0.0,,0.0,0.0,0.0,-9.39,0.136,False,False,0.0
2026-05-25,600176,中国巨石,64,10687.0,10jqka,post_close,2026-05-25 15:00:00,2026-05-06,8,2,40.0,-24.0,ok,2026-05-25,38.78,39.23,39.31,37.61,1580696.0,2.8,12.34,14.91,0.953,1.09,7.46,7.81,9.19,-1.16,0.047,False,False,0.0
2026-05-25,000564,供销大集,65,13507.0,10jqka,intraday_1430,2026-05-25 14:30:00,2026-05-25,1,1,,,ok,2026-05-25,1.6,1.8,1.8,1.58,8351889.0,9.76,,,1.0,,0.0,0.0,0.0,0.0,0.0,True,False,0.0
2026-05-25,688008,澜起科技,65,10595.0,10jqka,post_close,2026-05-25 15:00:00,2026-05-06,8,3,91.0,26.0,ok,2026-05-25,267.0,284.08,285.68,262.5,89425210.0,4.51,10.41,14.55,0.931,1.08,7.4,9.98,27.12,-1.13,0.069,False,False,0.0
2026-05-25,000859,国风新材,66,13371.0,10jqka,intraday_1430,2026-05-25 14:30:00,2026-05-25,1,1,,,ok,2026-05-25,10.7,11.33,11.69,10.66,1100220.0,4.71,,,0.65,,0.0,0.0,0.0,-3.08,0.35,False,False,0.0
2026-05-25,688820,盛合晶微,66,10570.0,10jqka,post_close,2026-05-25 15:00:00,2026-05-15,3,1,85.0,19.0,ok,2026-05-25,185.0,213.93,215.8,180.92,48323091.0,13.82,13.05,13.73,0.946,1.11,12.52,20.86,50.67,-0.87,0.054,True,False,0.0
2026-05-25,002245,蔚蓝锂芯,67,3027.0,10jqka,intraday_0950,2026-05-25 09:50:00,2026-05-06,3,1,91.0,24.0,ok,2026-05-25,20.99,19.84,21.0,19.7,698000.0,-2.79,,,0.108,,0.0,0.0,0.0,-5.52,0.008,False,False,0.0
2026-05-25,600460,士兰微,67,10487.0,10jqka,post_close,2026-05-25 15:00:00,2026-05-25,1,1,,,ok,2026-05-25,32.17,34.19,34.23,31.92,1205146.0,6.31,4.91,10.11,0.983,1.49,5.38,7.74,12.86,-0.12,0.017,False,False,0.0
2026-05-25,002036,联创电子,68,10468.0,10jqka,post_close,2026-05-25 15:00:00,2026-05-21,3,3,29.0,-39.0,ok,2026-05-25,10.31,10.32,10.93,10.13,2187767.0,0.19,21.27,19.31,0.237,2.86,9.04,13.86,18.4,-12.91,0.763,False,False,0.0
2026-05-25,300236,上海新阳,69,13227.0,10jqka,intraday_1430,2026-05-25 14:30:00,2026-05-25,1,1,,,ok,2026-05-25,98.75,109.52,114.77,94.51,251093.0,10.79,,,0.741,,0.0,0.0,0.0,-4.57,0.259,True,False,0.0
2026-05-25,002049,紫光国微,69,10308.0,10jqka,post_close,2026-05-25 15:00:00,2026-05-25,1,1,,,ok,2026-05-25,82.14,85.02,85.07,81.66,680199.0,6.63,4.58,8.54,0.985,1.83,4.99,6.16,8.88,-0.06,0.015,False,False,0.0
2026-05-25,603890,春秋电子,70,2963.0,10jqka,intraday_0950,2026-05-25 09:50:00,2026-05-25,1,1,,,ok,2026-05-25,24.0,24.26,24.73,23.61,390922.0,5.62,,,0.58,,0.0,0.0,0.0,-1.9,0.42,False,False,0.0
2026-05-25,002552,宝鼎科技,70,13174.0,10jqka,intraday_1430,2026-05-25 14:30:00,2026-05-22,2,2,83.0,13.0,ok,2026-05-25,43.5,43.8,43.8,41.02,367769.0,9.99,,,1.0,,0.0,0.0,0.0,0.0,0.0,True,False,0.0
2026-05-25,603538,美诺华,70,10271.0,10jqka,post_close,2026-05-25 15:00:00,2026-05-06,10,2,79.0,9.0,ok,2026-05-25,49.18,46.0,49.18,45.4,471977.0,-8.8,-13.24,-8.24,0.159,1.31,-9.23,-11.02,-18.26,-34.65,0.0,False,False,0.0
2026-05-25,600563,法拉电子,71,2948.0,10jqka,intraday_0950,2026-05-25 09:50:00,2026-05-25,1,1,,,ok,2026-05-25,176.0,169.61,176.58,168.25,53891.0,-2.63,,,0.163,,0.0,0.0,0.0,-3.95,0.07,False,False,0.0
2026-05-25,603779,威龙股份,71,10260.0,10jqka,post_close,2026-05-25 15:00:00,2026-05-20,4,4,83.0,12.0,ok,2026-05-25,13.25,13.82,13.88,12.93,910860.0,5.74,4.7,26.67,0.937,1.89,3.74,23.27,56.68,-4.82,0.063,False,False,0.0
2026-05-25,002081,金螳螂,72,10015.0,10jqka,post_close,2026-05-25 15:00:00,2026-05-06,14,14,65.0,-7.0,ok,2026-05-25,5.94,5.89,6.1,5.69,3248463.0,-0.84,-5.15,-16.69,0.488,0.83,-3.92,-15.08,-7.91,-31.51,0.39,False,False,0.0
2026-05-25,000062,深圳华强,73,10009.0,10jqka,post_close,2026-05-25 15:00:00,2026-05-06,7,1,64.0,-9.0,ok,2026-05-25,34.77,36.18,37.27,33.42,960696.0,4.48,5.14,12.96,0.717,1.62,5.69,5.43,2.81,-9.84,0.283,False,False,0.0
2026-05-25,600519,贵州茅台,74,9903.0,10jqka,post_close,2026-05-25 15:00:00,2026-05-06,8,3,32.0,-42.0,ok,2026-05-25,1287.0,1285.88,1304.79,1277.0,46353.0,-0.33,-2.21,-2.81,0.32,1.01,-1.49,-2.76,-5.36,-14.82,0.64,False,False,0.0
2026-05-25,002361,神剑股份,75,9894.0,10jqka,post_close,2026-05-25 15:00:00,2026-05-06,11,1,50.0,-25.0,ok,2026-05-25,17.71,17.85,18.2,17.05,1415340.0,2.82,1.31,-5.61,0.696,1.09,0.94,-3.97,-10.65,-25.47,0.304,False,False,0.0
2026-05-25,600160,巨化股份,76,2822.0,10jqka,intraday_0950,2026-05-25 09:50:00,2026-05-18,2,1,97.0,21.0,ok,2026-05-25,35.84,35.55,36.06,35.3,240656.0,-0.81,,,0.329,,0.0,0.0,0.0,-1.41,0.289,False,False,0.0
2026-05-25,000100,TCL科技,76,12481.0,10jqka,intraday_1430,2026-05-25 14:30:00,2026-05-21,3,3,68.0,-8.0,ok,2026-05-25,4.38,4.43,4.51,4.33,11560848.0,1.14,,,0.556,,0.0,0.0,0.0,-1.77,0.444,False,False,0.0
2026-05-25,603256,宏和科技,76,9730.0,10jqka,post_close,2026-05-25 15:00:00,2026-05-07,3,2,100.0,24.0,ok,2026-05-25,167.49,175.31,175.31,164.5,204415.0,10.0,20.9,33.34,1.0,0.9,15.07,19.77,29.55,0.0,0.0,True,False,0.0
2026-05-25,000670,盈方微,77,12479.0,10jqka,intraday_1430,2026-05-25 14:30:00,2026-05-25,1,1,,,ok,2026-05-25,9.11,9.31,9.79,9.01,1681902.0,4.61,,,0.385,,0.0,0.0,0.0,-4.9,0.615,False,False,0.0
2026-05-25,002261,拓维信息,77,9713.0,10jqka,post_close,2026-05-25 15:00:00,2026-05-08,2,1,80.0,3.0,ok,2026-05-25,32.4,33.17,33.45,31.84,812117.0,2.92,-1.57,-2.24,0.826,1.24,-0.12,-1.34,-5.77,-24.72,0.174,False,False,0.0
2026-05-25,002131,利欧股份,78,9707.0,10jqka,post_close,2026-05-25 15:00:00,2026-05-06,8,6,95.0,17.0,ok,2026-05-25,6.73,6.42,6.81,6.31,4069738.0,-3.46,-7.36,-6.96,0.22,0.59,-5.67,-5.03,-6.39,-34.29,0.16,False,False,0.0
2026-05-25,000630,铜陵有色,79,9592.0,10jqka,post_close,2026-05-25 15:00:00,2026-05-22,2,2,33.0,-46.0,ok,2026-05-25,6.5,6.74,6.85,6.45,6869013.0,5.97,13.85,10.86,0.725,2.23,9.34,5.84,5.41,-22.35,0.275,False,False,0.0
2026-05-25,000858,五粮液,80,9589.0,10jqka,post_close,2026-05-25 15:00:00,2026-05-06,13,11,31.0,-49.0,ok,2026-05-25,83.63,84.14,84.99,83.02,292025.0,0.13,-1.56,-1.67,0.569,0.92,-0.96,-2.83,-8.19,-20.7,0.431,False,False,0.0
2026-05-25,603618,杭电股份,81,12238.0,10jqka,intraday_1430,2026-05-25 14:30:00,2026-05-06,8,2,100.0,19.0,ok,2026-05-25,40.53,37.87,40.53,36.81,782737.0,-6.56,,,0.285,,0.0,0.0,0.0,-6.56,0.0,False,False,0.0
2026-05-25,300657,弘信电子,81,9572.0,10jqka,post_close,2026-05-25 15:00:00,2026-05-18,5,2,56.0,-25.0,ok,2026-05-25,51.0,48.9,52.88,47.0,1246558.0,-2.69,-5.23,12.67,0.323,1.12,-2.9,9.62,19.78,-16.48,0.32,False,False,0.0
2026-05-25,002015,协鑫能科,82,9416.0,10jqka,post_close,2026-05-25 15:00:00,2026-05-06,12,2,58.0,-24.0,ok,2026-05-25,21.83,22.39,23.0,21.82,1704820.0,3.9,6.87,4.29,0.483,1.11,4.22,2.35,8.34,-12.64,0.517,False,False,0.0
2026-05-25,002812,恩捷股份,83,12100.0,10jqka,intraday_1430,2026-05-25 14:30:00,2026-05-20,3,2,92.0,9.0,ok,2026-05-25,72.35,69.3,72.6,67.06,548591.0,-5.42,,,0.404,,0.0,0.0,0.0,-4.55,0.045,False,False,0.0
2026-05-25,603186,华正新材,83,9167.0,10jqka,post_close,2026-05-25 15:00:00,2026-05-25,1,1,,,ok,2026-05-25,124.0,131.25,131.5,118.01,240951.0,5.98,15.14,30.9,0.981,1.45,12.12,19.87,38.71,-0.19,0.019,False,False,0.0
2026-05-25,002741,光华科技,84,2635.0,10jqka,intraday_0950,2026-05-25 09:50:00,2026-05-25,1,1,,,ok,2026-05-25,26.75,27.9,27.9,26.68,267835.0,10.02,,,1.0,,0.0,0.0,0.0,0.0,0.0,True,False,0.0
2026-05-25,300394,天孚通信,84,12035.0,10jqka,intraday_1430,2026-05-25 14:30:00,2026-05-14,6,2,18.0,-66.0,ok,2026-05-25,372.9,395.6,397.77,361.58,482420.0,6.2,,,0.94,,0.0,0.0,0.0,-0.55,0.06,False,False,0.0
2026-05-25,002008,大族激光,84,9101.0,10jqka,post_close,2026-05-25 15:00:00,2026-05-07,10,4,69.0,-15.0,ok,2026-05-25,146.8,142.23,147.52,138.15,462376.0,-2.77,-1.46,2.82,0.435,0.8,-0.15,-0.2,13.15,-9.0,0.077,False,False,0.0
2026-05-25,002600,领益智造,85,2625.0,10jqka,intraday_0950,2026-05-25 09:50:00,2026-05-15,5,1,100.0,15.0,ok,2026-05-25,16.43,15.82,16.44,15.82,744125.0,-3.0,,,0.0,,0.0,0.0,0.0,-3.77,0.016,False,False,0.0
2026-05-25,300058,蓝色光标,85,9080.0,10jqka,post_close,2026-05-25 15:00:00,2026-05-06,13,12,81.0,-4.0,ok,2026-05-25,17.46,16.78,17.66,16.66,3061600.0,-1.93,-5.14,-6.26,0.12,0.78,-4.45,-5.61,-6.15,-18.9,0.2,False,False,0.0
2026-05-25,603228,景旺电子,86,2615.0,10jqka,intraday_0950,2026-05-25 09:50:00,2026-05-25,1,1,,,ok,2026-05-25,87.99,86.94,89.7,85.03,313847.0,5.38,,,0.409,,0.0,0.0,0.0,-3.08,0.366,False,False,0.0
2026-05-25,600707,彩虹股份,86,9067.0,10jqka,post_close,2026-05-25 15:00:00,2026-05-21,3,3,73.0,-13.0,ok,2026-05-25,11.1,11.6,11.88,10.77,2530216.0,4.5,11.65,6.72,0.748,1.32,5.72,8.27,19.92,-2.36,0.252,False,False,0.0
2026-05-25,605376,博迁新材,87,2601.0,10jqka,intraday_0950,2026-05-25 09:50:00,2026-05-25,1,1,,,ok,2026-05-25,168.63,166.55,168.63,164.05,132540.0,8.64,,,0.546,,0.0,0.0,0.0,-1.23,0.0,False,False,0.0
2026-05-25,603083,剑桥科技,87,9000.0,10jqka,post_close,2026-05-25 15:00:00,2026-05-19,2,1,10.0,-77.0,ok,2026-05-25,192.0,209.0,209.0,183.3,333971.0,10.0,7.8,13.57,1.0,1.14,7.24,8.94,14.87,-0.18,0.0,True,False,0.0
2026-05-25,600118,中国卫星,88,8887.0,10jqka,post_close,2026-05-25 15:00:00,2026-05-06,9,1,80.0,-8.0,ok,2026-05-25,86.0,87.84,88.34,85.0,516410.0,3.11,1.71,-9.37,0.85,0.94,1.69,-7.45,-11.69,-26.49,0.15,False,False,0.0
2026-05-25,688072,拓荆科技,89,11876.0,10jqka,intraday_1430,2026-05-25 14:30:00,2026-05-25,1,1,,,ok,2026-05-25,602.0,716.87,740.05,583.85,140183.0,16.19,,,0.852,,0.0,0.0,0.0,-3.13,0.148,True,False,0.0
2026-05-25,002594,比亚迪,89,8847.0,10jqka,post_close,2026-05-25 15:00:00,2026-05-06,6,1,69.0,-20.0,ok,2026-05-25,95.0,95.96,97.21,95.0,405995.0,2.36,2.78,1.53,0.434,1.19,1.53,-0.04,-2.74,-14.18,0.566,False,False,0.0
2026-05-25,603501,豪威集团,90,8785.0,10jqka,post_close,2026-05-25 15:00:00,2026-05-25,1,1,,,ok,2026-05-25,105.0,108.94,109.09,103.9,529473.0,4.5,7.54,9.17,0.971,1.39,4.8,5.94,7.54,-12.29,0.029,False,False,0.0
2026-05-25,300475,香农芯创,91,8744.0,10jqka,post_close,2026-05-25 15:00:00,2026-05-06,2,1,89.0,-2.0,ok,2026-05-25,187.69,204.56,204.86,184.86,503434.0,8.99,9.74,5.25,0.985,1.3,8.2,7.11,11.23,-2.53,0.015,False,False,0.0
2026-05-25,603316,诚邦股份,92,8716.0,10jqka,post_close,2026-05-25 15:00:00,2026-05-21,3,3,59.0,-33.0,ok,2026-05-25,25.81,25.76,27.1,25.12,599726.0,-4.24,4.0,25.84,0.323,1.27,1.26,15.91,31.98,-7.93,0.652,False,False,0.0
2026-05-25,300243,瑞丰高材,93,2516.0,10jqka,intraday_0950,2026-05-25 09:50:00,2026-05-25,1,1,,,ok,2026-05-25,21.36,21.11,21.8,20.81,186349.0,1.15,,,0.303,,0.0,0.0,0.0,-3.17,0.444,False,False,0.0
2026-05-25,600726,华电能源,93,11709.0,10jqka,intraday_1430,2026-05-25 14:30:00,2026-05-06,9,1,41.0,-52.0,ok,2026-05-25,6.29,6.92,6.92,6.27,1399868.0,10.02,,,1.0,,0.0,0.0,0.0,0.0,0.0,True,False,0.0
2026-05-25,603936,博敏电子,93,8567.0,10jqka,post_close,2026-05-25 15:00:00,2026-05-25,1,1,,,ok,2026-05-25,23.5,24.85,24.85,23.07,615239.0,10.0,23.08,19.01,1.0,0.84,14.15,15.76,29.69,0.0,0.0,True,False,0.0
2026-05-25,300750,宁德时代,94,8478.0,10jqka,post_close,2026-05-25 15:00:00,2026-05-06,4,1,95.0,1.0,ok,2026-05-25,411.28,402.88,414.5,400.0,381977.0,-2.01,-2.86,-3.44,0.199,1.32,-2.13,-3.88,-6.45,-14.05,0.222,False,False,0.0
2026-05-25,002920,德赛西威,95,2482.0,10jqka,intraday_0950,2026-05-25 09:50:00,2026-05-21,3,3,14.0,-81.0,ok,2026-05-25,106.21,108.7,111.0,106.2,104233.0,-1.63,,,0.521,,0.0,0.0,0.0,-2.07,0.479,False,False,0.0
2026-05-25,600699,均胜电子,95,8472.0,10jqka,post_close,2026-05-25 15:00:00,2026-05-15,4,1,91.0,-4.0,ok,2026-05-25,30.9,32.26,32.9,30.53,1092998.0,4.67,12.05,4.3,0.73,1.17,5.97,7.16,9.18,-1.95,0.27,False,False,0.0
2026-05-25,002747,埃斯顿,96,2443.0,10jqka,intraday_0950,2026-05-25 09:50:00,2026-05-21,3,3,39.0,-57.0,ok,2026-05-25,28.86,29.29,30.5,28.61,386220.0,0.76,,,0.36,,0.0,0.0,0.0,-3.97,0.64,False,False,0.0
2026-05-25,600276,恒瑞医药,96,8450.0,10jqka,post_close,2026-05-25 15:00:00,2026-05-12,6,2,92.0,-4.0,ok,2026-05-25,49.81,49.23,49.82,48.82,838355.0,-2.07,-3.0,-6.1,0.41,1.05,-2.74,-6.34,-7.96,-16.09,0.01,False,False,0.0
2026-05-25,603667,五洲新春,97,2435.0,10jqka,intraday_0950,2026-05-25 09:50:00,2026-05-11,6,3,51.0,-46.0,ok,2026-05-25,88.0,86.67,88.38,85.5,136220.0,-1.7,,,0.406,,0.0,0.0,0.0,-1.93,0.132,False,False,0.0
2026-05-25,001309,德明利,97,11452.0,10jqka,intraday_1430,2026-05-25 14:30:00,2026-05-06,11,5,95.0,-2.0,ok,2026-05-25,669.99,690.1,698.5,657.01,120283.0,2.39,,,0.798,,0.0,0.0,0.0,-1.2,0.202,False,False,0.0
2026-05-25,002703,浙江世宝,97,8334.0,10jqka,post_close,2026-05-25 15:00:00,2026-05-21,3,3,47.0,-50.0,ok,2026-05-25,21.01,21.99,22.27,20.83,1119523.0,3.29,21.42,16.91,0.806,1.65,9.65,12.61,15.02,-16.29,0.194,False,False,0.0
2026-05-25,601899,紫金矿业,98,2430.0,10jqka,intraday_0950,2026-05-25 09:50:00,2026-05-06,12,6,66.0,-32.0,ok,2026-05-25,31.64,31.51,32.0,31.32,948058.0,1.78,,,0.279,,0.0,0.0,0.0,-1.53,0.529,False,False,0.0
2026-05-25,002491,通鼎互联,98,11339.0,10jqka,intraday_1430,2026-05-25 14:30:00,2026-05-07,10,1,61.0,-37.0,ok,2026-05-25,23.21,23.5,23.76,21.99,1252129.0,3.07,,,0.853,,0.0,0.0,0.0,-1.09,0.147,False,False,0.0
2026-05-25,601615,明阳智能,98,8329.0,10jqka,post_close,2026-05-25 15:00:00,2026-05-25,1,1,,,ok,2026-05-25,16.75,17.53,17.6,16.16,1870159.0,4.41,6.57,8.34,0.951,1.53,3.94,6.46,7.68,-27.56,0.049,False,False,0.0
2026-05-25,300442,润泽科技,99,8252.0,10jqka,post_close,2026-05-25 15:00:00,2026-05-13,5,1,95.0,-4.0,ok,2026-05-25,93.39,94.58,94.84,91.2,582515.0,1.32,-1.32,-4.84,0.929,0.89,-0.17,-2.31,-0.68,-14.78,0.071,False,False,0.0
2026-05-25,300975,商络电子,100,11082.0,10jqka,intraday_1430,2026-05-25 14:30:00,2026-05-25,1,1,,,ok,2026-05-25,23.45,27.36,27.36,23.33,1061203.0,20.0,,,1.0,,0.0,0.0,0.0,0.0,0.0,True,False,0.0
2026-05-25,002980,华盛昌,100,8233.0,10jqka,post_close,2026-05-25 15:00:00,2026-05-18,3,1,51.0,-49.0,ok,2026-05-25,121.23,128.02,128.02,121.01,119840.0,10.0,15.31,20.89,1.0,0.72,13.32,24.26,38.84,0.0,0.0,True,False,0.0
2026-05-26,600584,长电科技,1,132650.0,10jqka,post_close,2026-05-26 15:00:00,2026-05-06,14,12,1.0,0.0,ok,2026-05-26,83.0,88.19,88.19,81.15,3398367.0,10.0,31.94,45.03,1.0,1.22,17.81,32.96,53.6,0.0,0.0,True,False,0.0
2026-05-26,000725,京东方A,2,91579.0,10jqka,post_close,2026-05-26 15:00:00,2026-05-21,4,4,3.0,1.0,ok,2026-05-26,5.22,5.77,5.8,5.18,51377251.0,9.49,23.03,33.87,0.952,2.01,14.71,24.73,31.26,-0.52,0.048,False,False,0.0
2026-05-26,002241,歌尔股份,3,74996.0,10jqka,post_close,2026-05-26 15:00:00,2026-05-13,3,1,69.0,66.0,ok,2026-05-26,25.3,27.3,27.5,24.84,1789596.0,7.1,9.46,6.14,0.925,1.55,6.33,6.35,7.79,-0.73,0.075,False,False,0.0
2026-05-26,002156,通富微电,4,59168.0,10jqka,post_close,2026-05-26 15:00:00,2026-05-06,15,15,13.0,9.0,ok,2026-05-26,73.02,75.39,76.76,69.93,3391041.0,8.04,22.07,28.08,0.799,1.69,13.32,20.65,28.88,-1.78,0.201,False,False,0.0
2026-05-26,000021,深科技,5,57986.0,10jqka,post_close,2026-05-26 15:00:00,2026-05-13,9,7,8.0,3.0,ok,2026-05-26,41.5,42.75,45.13,38.71,2684536.0,3.89,17.54,13.49,0.629,1.05,9.14,14.56,26.31,-5.27,0.371,False,False,0.0
2026-05-26,002185,华天科技,6,50014.0,10jqka,post_close,2026-05-26 15:00:00,2026-05-06,13,8,11.0,5.0,ok,2026-05-26,18.67,18.67,18.67,18.16,6039309.0,10.02,22.91,22.03,1.0,1.56,13.65,20.2,28.91,0.0,0.0,True,False,0.0
2026-05-26,601991,大唐发电,7,42080.0,10jqka,post_close,2026-05-26 15:00:00,2026-05-06,15,15,4.0,-3.0,ok,2026-05-26,7.39,7.16,7.64,7.1,8150112.0,-3.24,1.56,-14.56,0.111,0.91,-0.67,-4.33,16.05,-17.13,0.463,False,False,0.0
2026-05-26,600578,京能电力,8,35936.0,10jqka,post_close,2026-05-26 15:00:00,2026-05-15,8,8,17.0,9.0,ok,2026-05-26,9.49,9.17,9.89,9.15,5033831.0,1.44,12.1,10.88,0.027,1.18,9.04,18.78,43.25,-7.28,0.541,False,False,0.0
2026-05-26,600396,华电辽能,9,35303.0,10jqka,post_close,2026-05-26 15:00:00,2026-05-06,15,15,9.0,0.0,ok,2026-05-26,16.02,16.88,17.6,15.51,3081919.0,5.37,18.62,4.52,0.656,1.31,10.72,6.36,23.55,-7.0,0.344,False,False,0.0
2026-05-26,603005,晶方科技,10,29224.0,10jqka,post_close,2026-05-26 15:00:00,2026-05-20,5,5,36.0,26.0,ok,2026-05-26,46.06,45.1,47.33,42.49,2025645.0,4.76,25.0,34.83,0.539,1.8,12.65,23.34,32.24,-4.71,0.262,False,False,0.0
2026-05-26,603629,利通电子,11,28736.0,10jqka,post_close,2026-05-26 15:00:00,2026-05-06,15,15,16.0,5.0,ok,2026-05-26,197.89,211.94,216.88,193.0,318169.0,4.92,18.0,21.59,0.793,1.05,9.18,15.65,30.42,-2.28,0.207,False,False,0.0
2026-05-26,603986,兆易创新,12,25893.0,10jqka,post_close,2026-05-26 15:00:00,2026-05-06,13,8,2.0,-10.0,ok,2026-05-26,510.0,526.22,538.02,491.2,643384.0,2.21,22.05,30.31,0.748,1.06,10.34,22.83,39.34,-2.19,0.252,False,False,0.0
2026-05-26,601600,中国铝业,13,25069.0,10jqka,post_close,2026-05-26 15:00:00,2026-05-26,1,1,,,ok,2026-05-26,11.2,12.09,12.09,11.2,5455847.0,10.01,11.53,12.99,1.0,2.43,7.81,8.24,4.94,-20.46,0.0,True,False,0.0
2026-05-26,002421,达实智能,14,24526.0,10jqka,post_close,2026-05-26 15:00:00,2026-05-18,7,7,14.0,0.0,ok,2026-05-26,4.91,4.65,5.16,4.6,8785131.0,-3.12,17.42,19.85,0.089,1.5,5.49,20.44,37.53,-9.88,0.446,False,False,0.0
2026-05-26,603778,国晟科技,15,23907.0,10jqka,post_close,2026-05-26 15:00:00,2026-05-06,13,6,29.0,14.0,ok,2026-05-26,19.38,19.35,20.6,19.35,658994.0,-10.0,-18.66,-18.63,0.0,1.35,-14.71,-15.19,-21.07,-43.54,0.976,False,False,0.0
2026-05-26,002463,沪电股份,16,22219.0,10jqka,post_close,2026-05-26 15:00:00,2026-05-07,4,3,31.0,15.0,ok,2026-05-26,122.9,133.36,134.79,122.55,1158013.0,8.83,28.6,29.98,0.883,1.51,15.51,20.5,23.73,-1.06,0.117,False,False,0.0
2026-05-26,600183,生益科技,17,21665.0,10jqka,post_close,2026-05-26 15:00:00,2026-05-18,4,3,60.0,43.0,ok,2026-05-26,115.68,128.17,128.17,115.6,781785.0,10.0,30.53,27.18,1.0,1.11,16.21,24.6,40.6,0.0,0.0,True,False,0.0
2026-05-26,600522,中天科技,18,21245.0,10jqka,post_close,2026-05-26 15:00:00,2026-05-06,15,15,18.0,0.0,ok,2026-05-26,42.0,40.48,42.05,39.26,2931741.0,-5.62,-3.39,-9.14,0.437,0.99,-5.64,-6.23,0.55,-14.6,0.018,False,False,0.0
2026-05-26,603601,再升科技,19,21032.0,10jqka,post_close,2026-05-26 15:00:00,2026-05-06,13,4,7.0,-12.0,ok,2026-05-26,18.8,20.08,20.49,18.4,2579356.0,4.2,10.76,11.62,0.804,1.08,6.39,10.07,16.55,-3.32,0.196,False,False,0.0
2026-05-26,300502,新易盛,20,20089.0,10jqka,post_close,2026-05-26 15:00:00,2026-05-06,11,3,27.0,7.0,ok,2026-05-26,656.0,700.0,703.58,655.0,463532.0,6.22,23.67,22.27,0.926,1.24,12.19,13.84,20.52,-0.51,0.074,False,False,0.0
2026-05-26,002281,光迅科技,21,19491.0,10jqka,post_close,2026-05-26 15:00:00,2026-05-06,15,15,25.0,4.0,ok,2026-05-26,218.18,206.72,218.6,205.2,664812.0,-7.71,-4.87,-10.47,0.113,0.85,-6.06,-3.37,11.36,-16.24,0.031,False,False,0.0
2026-05-26,002957,科瑞技术,22,19011.0,10jqka,post_close,2026-05-26 15:00:00,2026-05-26,1,1,,,ok,2026-05-26,48.55,52.82,52.82,44.77,779827.0,10.0,25.52,12.36,1.0,2.31,13.41,14.32,16.22,0.0,0.0,True,False,0.0
2026-05-26,600172,黄河旋风,23,18585.0,10jqka,post_close,2026-05-26 15:00:00,2026-05-12,7,3,52.0,29.0,ok,2026-05-26,12.74,13.3,13.3,12.6,3095249.0,10.01,33.13,22.92,1.0,2.23,16.52,17.02,31.63,0.0,0.0,True,False,0.0
2026-05-26,002297,博云新材,24,18392.0,10jqka,post_close,2026-05-26 15:00:00,2026-05-06,14,4,35.0,11.0,ok,2026-05-26,26.32,26.32,26.7,26.32,320913.0,-9.99,6.52,9.67,0.0,0.23,0.91,2.53,6.66,-9.99,1.0,False,False,0.0
2026-05-26,600759,ST洲际,25,17873.0,10jqka,post_close,2026-05-26 15:00:00,2026-05-06,12,8,32.0,7.0,ok,2026-05-26,2.4,2.43,2.64,2.4,4929257.0,-3.57,-12.9,-13.21,0.125,2.16,-8.85,-15.92,-34.52,-73.27,0.875,False,False,0.0
2026-05-26,002407,多氟多,26,17295.0,10jqka,post_close,2026-05-26 15:00:00,2026-05-06,12,8,12.0,-14.0,ok,2026-05-26,37.68,36.28,39.18,35.4,2282667.0,-5.59,-11.1,-1.92,0.233,1.01,-8.8,-3.71,-0.44,-17.34,0.397,False,False,0.0
2026-05-26,002149,西部材料,27,17091.0,10jqka,post_close,2026-05-26 15:00:00,2026-05-06,13,4,42.0,15.0,ok,2026-05-26,68.06,63.6,68.08,62.98,728128.0,-9.12,-9.34,-6.8,0.122,1.0,-7.81,-9.15,-6.42,-19.36,0.004,False,False,0.0
2026-05-26,000636,风华高科,28,17009.0,10jqka,post_close,2026-05-26 15:00:00,2026-05-18,4,3,30.0,2.0,ok,2026-05-26,42.12,41.7,43.5,40.18,2645573.0,0.77,21.93,28.82,0.458,3.16,10.38,24.3,41.34,-4.14,0.416,False,False,0.0
2026-05-26,002969,嘉美包装,29,18950.0,10jqka,intraday_1430,2026-05-26 14:30:00,2026-05-26,1,1,,,missing_price_file,,,,,,,,,,,,,,,,,,,
2026-05-26,002245,蔚蓝锂芯,29,16946.0,10jqka,post_close,2026-05-26 15:00:00,2026-05-06,4,1,71.0,42.0,ok,2026-05-26,21.37,22.35,22.35,21.0,2625800.0,9.99,20.49,21.27,1.0,1.8,12.06,18.36,33.51,0.0,0.0,True,False,0.0
2026-05-26,002617,露笑科技,30,16814.0,10jqka,post_close,2026-05-26 15:00:00,2026-05-14,7,2,51.0,21.0,ok,2026-05-26,9.7,9.99,10.54,9.52,3866673.0,4.28,12.37,5.71,0.461,1.49,6.01,6.76,15.67,-5.22,0.539,False,False,0.0
2026-05-26,603256,宏和科技,31,7294.0,10jqka,intraday_0950,2026-05-26 09:50:00,2026-05-07,5,2,49.0,18.0,ok,2026-05-26,175.31,181.0,187.99,171.5,87769.0,3.25,24.93,31.91,0.576,0.38,12.34,20.96,30.15,-3.72,0.424,False,False,0.0
2026-05-26,601899,紫金矿业,31,16745.0,10jqka,post_close,2026-05-26 15:00:00,2026-05-06,13,1,70.0,39.0,ok,2026-05-26,31.16,32.9,32.98,31.02,4437216.0,4.94,9.7,5.58,0.959,1.65,5.73,3.44,-0.1,-19.56,0.041,False,False,0.0
2026-05-26,002442,龙星科技,32,7272.0,10jqka,intraday_0950,2026-05-26 09:50:00,2026-05-21,4,4,33.0,1.0,ok,2026-05-26,7.96,7.68,8.3,7.59,715465.0,-2.17,4.21,26.11,0.127,0.84,1.83,12.99,17.95,-13.9,0.479,False,False,0.0
2026-05-26,600186,莲花控股,32,16673.0,10jqka,post_close,2026-05-26 15:00:00,2026-05-06,14,6,24.0,-8.0,ok,2026-05-26,12.99,13.19,13.7,12.81,3987848.0,2.01,23.5,14.1,0.427,1.37,10.69,16.47,21.89,-3.72,0.573,False,False,0.0
2026-05-26,000100,TCL科技,33,16597.0,10jqka,post_close,2026-05-26 15:00:00,2026-05-21,3,1,54.0,21.0,ok,2026-05-26,4.38,4.65,4.73,4.37,16752598.0,4.73,6.41,8.14,0.778,1.28,5.35,7.09,7.86,-8.46,0.222,False,False,0.0
2026-05-26,002050,三花智控,34,16439.0,10jqka,post_close,2026-05-26 15:00:00,2026-05-06,15,15,34.0,0.0,ok,2026-05-26,53.95,54.44,56.0,53.17,2539357.0,0.98,3.05,4.03,0.449,1.21,2.42,3.89,8.55,-2.79,0.551,False,False,0.0
2026-05-26,000988,华工科技,35,16329.0,10jqka,post_close,2026-05-26 15:00:00,2026-05-06,15,15,10.0,-25.0,ok,2026-05-26,171.94,170.32,175.8,165.96,1116062.0,-0.94,10.63,7.53,0.443,0.94,4.37,10.94,21.2,-3.12,0.392,False,False,0.0
2026-05-26,600487,亨通光电,36,15827.0,10jqka,post_close,2026-05-26 15:00:00,2026-05-06,15,15,22.0,-14.0,ok,2026-05-26,72.01,69.41,72.08,67.67,1596622.0,-5.45,-0.7,-8.03,0.395,0.99,-4.01,-4.66,-3.96,-13.13,0.016,False,False,0.0
2026-05-26,002409,雅克科技,37,6532.0,10jqka,intraday_0950,2026-05-26 09:50:00,2026-05-14,5,1,66.0,29.0,ok,2026-05-26,125.54,120.39,126.19,119.6,134241.0,-6.06,5.7,3.82,0.12,0.34,0.41,4.94,18.19,-6.06,0.099,False,False,0.0
2026-05-26,600745,*ST闻泰,37,15805.0,10jqka,post_close,2026-05-26 15:00:00,2026-05-06,13,10,39.0,2.0,ok,2026-05-26,17.51,17.86,17.86,16.55,995883.0,5.0,6.31,6.06,1.0,1.39,6.47,0.67,-18.63,-48.88,0.0,False,False,0.0
2026-05-26,002181,粤传媒,38,15561.0,10jqka,post_close,2026-05-26 15:00:00,2026-05-06,11,1,74.0,36.0,ok,2026-05-26,12.99,14.49,14.49,12.69,1355949.0,10.02,6.15,-9.15,1.0,1.31,4.17,-8.7,-10.81,-33.1,0.0,True,False,0.0
2026-05-26,000670,盈方微,39,15524.0,10jqka,post_close,2026-05-26 15:00:00,2026-05-22,2,1,48.0,9.0,ok,2026-05-26,9.24,9.95,10.18,8.98,1776755.0,7.57,22.99,19.3,0.808,1.6,10.75,15.46,21.42,-2.26,0.192,False,False,0.0
2026-05-26,301269,华大九天,40,15456.0,10jqka,post_close,2026-05-26 15:00:00,2026-05-25,2,2,53.0,13.0,ok,2026-05-26,130.53,135.0,137.56,126.0,657484.0,7.97,38.86,41.99,0.779,2.61,18.56,29.2,38.74,-1.86,0.221,False,False,0.0
2026-05-26,601138,工业富联,41,15283.0,10jqka,post_close,2026-05-26 15:00:00,2026-05-06,15,15,19.0,-22.0,ok,2026-05-26,69.86,69.98,70.8,68.0,2189253.0,-0.46,6.84,2.07,0.707,1.02,2.58,2.06,4.75,-5.43,0.293,False,False,0.0
2026-05-26,600105,永鼎股份,42,15023.0,10jqka,post_close,2026-05-26 15:00:00,2026-05-07,12,1,85.0,43.0,ok,2026-05-26,46.66,46.28,46.8,42.6,1890227.0,-1.95,-0.02,-8.3,0.876,1.7,-2.65,-6.89,-4.58,-17.93,0.033,False,False,0.0
2026-05-26,002741,光华科技,43,6219.0,10jqka,intraday_0950,2026-05-26 09:50:00,2026-05-25,2,2,84.0,41.0,ok,2026-05-26,28.0,27.54,28.58,27.27,405585.0,-1.29,19.48,19.12,0.206,0.92,8.07,13.02,18.97,-3.64,0.443,False,False,0.0
2026-05-26,600611,大众交通,43,14939.0,10jqka,post_close,2026-05-26 15:00:00,2026-05-21,4,4,23.0,-20.0,ok,2026-05-26,5.89,5.54,6.27,5.53,2716316.0,-9.77,-0.54,20.43,0.014,1.96,-2.6,8.39,13.68,-15.93,0.514,False,False,0.0
2026-05-26,600219,南山铝业,44,14392.0,10jqka,post_close,2026-05-26 15:00:00,2026-05-26,1,1,,,ok,2026-05-26,5.3,5.68,5.74,5.23,6110301.0,8.81,12.48,10.51,0.882,3.47,7.45,8.27,6.73,-27.74,0.118,False,False,0.0
2026-05-26,600863,华能蒙电,45,14323.0,10jqka,post_close,2026-05-26 15:00:00,2026-05-20,5,5,28.0,-17.0,ok,2026-05-26,5.92,6.1,6.3,5.7,4593723.0,2.87,9.32,12.55,0.667,1.32,7.47,14.25,21.12,-3.17,0.333,False,False,0.0
2026-05-26,688981,中芯国际,46,14304.0,10jqka,post_close,2026-05-26 15:00:00,2026-05-15,5,3,5.0,-41.0,ok,2026-05-26,150.73,149.18,154.44,145.5,179924241.0,-4.37,17.26,25.55,0.412,1.08,6.93,15.4,20.37,-5.34,0.415,False,False,0.0
2026-05-26,601615,明阳智能,47,14251.0,10jqka,post_close,2026-05-26 15:00:00,2026-05-25,2,2,98.0,51.0,ok,2026-05-26,17.58,18.7,19.05,16.6,2717244.0,6.67,12.04,10.85,0.857,2.02,8.52,12.02,14.16,-22.73,0.143,False,False,0.0
2026-05-26,000767,晋控电力,48,13857.0,10jqka,intraday_1430,2026-05-26 14:30:00,2026-05-13,6,1,42.0,-6.0,ok,2026-05-26,4.88,5.04,5.2,4.75,3015210.0,0.8,13.77,-0.98,0.644,0.93,6.02,3.55,12.74,-10.32,0.356,False,False,0.0
2026-05-26,002552,宝鼎科技,48,14238.0,10jqka,post_close,2026-05-26 15:00:00,2026-05-12,2,1,67.0,19.0,ok,2026-05-26,44.61,48.18,48.18,42.5,361253.0,10.0,33.09,23.95,1.0,1.14,17.28,26.66,53.24,0.0,0.0,True,False,0.0
2026-05-26,002733,雄韬股份,49,14202.0,10jqka,post_close,2026-05-26 15:00:00,2026-05-26,1,1,,,ok,2026-05-26,29.14,32.25,32.25,28.71,578390.0,9.99,27.82,25.78,1.0,2.75,14.97,17.62,13.35,-1.74,0.0,True,False,0.0
2026-05-26,002049,紫光国微,50,5769.0,10jqka,intraday_0950,2026-05-26 09:50:00,2026-05-26,1,1,,,ok,2026-05-26,84.46,82.0,84.46,81.81,170240.0,-3.55,5.28,1.27,0.072,0.37,1.0,2.08,4.3,-3.61,0.0,False,False,0.0
2026-05-26,300274,阳光电源,50,13930.0,10jqka,post_close,2026-05-26 15:00:00,2026-05-14,6,1,76.0,26.0,ok,2026-05-26,166.8,178.99,181.77,163.7,1134374.0,7.03,8.23,13.73,0.846,1.11,6.12,13.03,21.28,-1.53,0.154,False,False,0.0
2026-05-26,002585,双星新材,51,13558.0,10jqka,post_close,2026-05-26 15:00:00,2026-05-26,1,1,,,ok,2026-05-26,10.07,10.87,10.87,9.8,2138613.0,10.02,33.21,21.45,1.0,2.57,17.49,21.72,28.09,0.0,0.0,True,False,0.0
2026-05-26,600758,辽宁能源,52,13584.0,10jqka,intraday_1430,2026-05-26 14:30:00,2026-05-19,2,1,81.0,29.0,ok,2026-05-26,5.19,5.04,5.62,4.95,1521637.0,-2.51,1.61,-2.51,0.134,0.76,4.26,6.22,14.65,-19.87,0.642,False,False,0.0
2026-05-26,688183,生益电子,52,13468.0,10jqka,post_close,2026-05-26 15:00:00,2026-05-26,1,1,,,ok,2026-05-26,114.9,132.1,132.1,114.9,77125129.0,20.0,33.1,26.41,1.0,2.43,19.21,23.35,21.64,0.0,0.0,True,False,0.0
2026-05-26,600726,华电能源,53,13222.0,10jqka,post_close,2026-05-26 15:00:00,2026-05-06,9,1,41.0,-12.0,ok,2026-05-26,7.27,7.61,7.61,7.17,2030759.0,9.97,22.94,8.71,1.0,1.08,13.79,6.42,7.23,-16.0,0.0,True,False,0.0
2026-05-26,600887,伊利股份,54,5569.0,10jqka,intraday_0950,2026-05-26 09:50:00,2026-05-26,1,1,,,ok,2026-05-26,26.3,26.62,26.67,26.15,118641.0,1.33,-0.52,-2.24,0.904,0.25,0.1,-1.69,-1.29,-6.27,0.096,False,False,0.0
2026-05-26,603459,红板科技,54,12750.0,10jqka,post_close,2026-05-26 15:00:00,2026-05-11,7,5,20.0,-34.0,ok,2026-05-26,104.0,112.96,115.0,100.0,274256.0,4.3,17.65,30.14,0.864,0.92,10.14,18.44,35.46,-1.9,0.136,False,False,0.0
2026-05-26,002579,中京电子,55,12701.0,10jqka,post_close,2026-05-26 15:00:00,2026-05-26,1,1,,,ok,2026-05-26,13.67,15.04,15.04,13.57,1073116.0,10.02,17.78,13.25,1.0,2.09,10.8,11.68,14.47,0.0,0.0,True,False,0.0
2026-05-26,600580,卧龙电驱,56,12607.0,10jqka,post_close,2026-05-26 15:00:00,2026-05-15,2,1,60.0,4.0,ok,2026-05-26,43.5,44.07,46.49,43.01,1490733.0,3.72,8.39,7.25,0.305,2.15,5.97,7.49,10.56,-5.21,0.695,False,False,0.0
2026-05-26,600460,士兰微,57,5414.0,10jqka,intraday_0950,2026-05-26 09:50:00,2026-05-26,1,1,,,ok,2026-05-26,33.97,33.23,34.5,33.04,341396.0,-2.81,7.4,2.72,0.13,0.37,1.86,3.73,8.64,-3.68,0.363,False,False,0.0
2026-05-26,301666,大普微,57,12509.0,10jqka,post_close,2026-05-26 15:00:00,2026-05-06,10,4,37.0,-20.0,ok,2026-05-26,790.0,713.0,816.66,710.0,77847.0,-13.78,-12.62,13.0,0.028,1.11,-9.17,6.12,49.59,-22.41,0.25,False,False,0.0
2026-05-26,688256,寒武纪,58,12714.0,10jqka,intraday_1430,2026-05-26 14:30:00,2026-05-06,7,2,37.0,-21.0,ok,2026-05-26,1321.01,1403.06,1435.0,1321.01,156154.0,9.1,8.69,6.36,0.72,0.01,3.95,7.34,16.75,-2.23,0.28,False,False,0.0
2026-05-26,605006,山东玻纤,58,12177.0,10jqka,post_close,2026-05-26 15:00:00,2026-05-11,2,1,76.0,18.0,ok,2026-05-26,15.88,17.92,17.92,15.47,731384.0,10.01,25.23,20.27,1.0,1.09,13.95,16.24,25.89,0.0,0.0,True,False,0.0
2026-05-26,605111,新洁能,59,5101.0,10jqka,intraday_0950,2026-05-26 09:50:00,2026-05-26,1,1,,,ok,2026-05-26,65.37,60.76,65.37,60.05,234805.0,-3.89,14.47,19.0,0.133,0.75,5.25,12.8,26.48,-7.05,0.0,False,False,0.0
2026-05-26,300476,胜宏科技,59,12126.0,10jqka,post_close,2026-05-26 15:00:00,2026-05-07,10,3,54.0,-5.0,ok,2026-05-26,380.0,392.95,400.0,376.66,695578.0,2.46,18.57,16.61,0.698,1.3,8.1,9.67,12.79,-1.76,0.302,False,False,0.0
2026-05-26,002837,英维克,60,12596.0,10jqka,intraday_1430,2026-05-26 14:30:00,2026-05-20,2,1,79.0,19.0,ok,2026-05-26,106.0,97.99,106.0,96.35,736362.0,-7.64,-2.53,-4.31,0.17,1.38,-5.41,-5.01,-2.47,-19.51,0.0,False,False,0.0
2026-05-26,002747,埃斯顿,60,12088.0,10jqka,post_close,2026-05-26 15:00:00,2026-05-15,3,1,35.0,-25.0,ok,2026-05-26,28.61,30.03,30.45,28.46,1197984.0,4.96,4.63,11.8,0.789,1.35,5.36,11.71,21.92,-1.54,0.211,False,False,0.0
2026-05-26,600376,首开股份,61,11948.0,10jqka,post_close,2026-05-26 15:00:00,2026-05-26,1,1,,,ok,2026-05-26,4.98,5.02,5.25,4.96,4568318.0,5.24,10.33,8.66,0.207,3.07,9.04,9.51,9.69,-18.9,0.793,False,False,0.0
2026-05-26,002580,圣阳股份,62,4977.0,10jqka,intraday_0950,2026-05-26 09:50:00,2026-05-06,15,15,59.0,-3.0,ok,2026-05-26,23.91,23.19,24.0,23.16,227138.0,-4.13,-13.82,-15.67,0.036,0.25,-8.4,-15.62,-19.75,-36.47,0.107,False,False,0.0
2026-05-26,600110,诺德股份,62,12181.0,10jqka,intraday_1430,2026-05-26 14:30:00,2026-05-06,2,1,97.0,35.0,ok,2026-05-25,10.17,10.08,10.65,10.03,1049917.0,1.0,1.72,0.8,0.081,0.99,2.9,-0.62,-3.08,-15.93,0.774,False,False,1.0
2026-05-26,000518,四环生物,62,11886.0,10jqka,post_close,2026-05-26 15:00:00,2026-05-21,4,4,6.0,-56.0,ok,2026-05-26,4.38,4.09,4.52,4.09,2437064.0,-9.91,9.07,31.94,0.0,1.58,2.66,15.34,25.79,-9.91,0.326,False,False,0.0
2026-05-26,688008,澜起科技,63,4943.0,10jqka,intraday_0950,2026-05-26 09:50:00,2026-05-06,10,4,99.0,36.0,ok,2026-05-26,286.0,270.93,286.0,269.0,254285.0,-4.63,3.34,9.64,0.114,0.0,0.62,3.67,18.29,-5.71,0.0,False,False,0.0
2026-05-26,300308,中际旭创,63,11869.0,10jqka,post_close,2026-05-26 15:00:00,2026-05-06,15,15,33.0,-30.0,ok,2026-05-26,1079.0,1103.0,1110.0,1076.0,234391.0,0.91,11.04,7.09,0.794,0.98,4.76,4.88,13.93,-0.63,0.206,False,False,0.0
2026-05-26,002371,北方华创,64,4901.0,10jqka,intraday_0950,2026-05-26 09:50:00,2026-05-18,4,1,57.0,-7.0,ok,2026-05-26,690.0,669.38,701.0,663.67,52475.0,-4.13,0.96,8.02,0.153,0.28,-0.26,6.07,14.84,-7.24,0.295,False,False,0.0
2026-05-26,600021,上海电力,64,11736.0,10jqka,post_close,2026-05-26 15:00:00,2026-05-19,3,1,63.0,-1.0,ok,2026-05-26,18.48,20.39,20.39,18.37,1593929.0,9.98,13.59,10.51,1.0,1.39,9.44,12.6,14.3,-8.81,0.0,True,False,0.0
2026-05-26,300136,信维通信,65,11717.0,10jqka,post_close,2026-05-26 15:00:00,2026-05-06,11,4,61.0,-4.0,ok,2026-05-26,115.81,110.33,116.4,108.69,990439.0,-7.0,0.76,-0.56,0.213,0.95,-3.18,-0.43,6.77,-11.42,0.077,False,False,0.0
2026-05-26,301217,铜冠铜箔,66,11595.0,10jqka,post_close,2026-05-26 15:00:00,2026-05-06,4,1,83.0,17.0,ok,2026-05-26,92.0,102.45,103.0,91.15,406540.0,7.08,23.54,17.05,0.954,1.22,11.36,13.49,23.81,-1.45,0.046,False,False,0.0
2026-05-26,688347,华虹公司,67,11383.0,10jqka,post_close,2026-05-26 15:00:00,2026-05-25,2,2,50.0,-17.0,ok,2026-05-26,214.8,222.42,228.88,209.99,52525414.0,3.55,31.61,48.54,0.658,1.23,15.48,28.63,37.97,-2.82,0.342,False,False,0.0
2026-05-26,000066,中国长城,68,11308.0,10jqka,post_close,2026-05-26 15:00:00,2026-05-06,15,15,46.0,-22.0,ok,2026-05-26,20.0,19.3,20.0,18.9,2919745.0,-6.22,-4.93,-6.85,0.364,0.87,-5.28,-8.6,-7.59,-25.02,0.0,False,False,0.0
2026-05-26,002916,深南电路,69,4564.0,10jqka,intraday_0950,2026-05-26 09:50:00,2026-05-25,2,2,56.0,-13.0,ok,2026-05-26,406.0,395.22,418.88,395.01,51622.0,-1.2,14.93,18.93,0.009,0.41,6.74,12.2,17.74,-5.65,0.54,False,False,0.0
2026-05-26,000938,紫光股份,69,11144.0,10jqka,intraday_1430,2026-05-26 14:30:00,2026-05-11,4,1,62.0,-7.0,ok,2026-05-26,30.5,28.72,30.5,28.19,1924405.0,-7.47,-1.81,-11.6,0.229,1.04,-4.95,-8.05,-9.14,-16.73,0.0,False,False,0.0
2026-05-26,002938,鹏鼎控股,69,11193.0,10jqka,post_close,2026-05-26 15:00:00,2026-05-22,3,3,43.0,-26.0,ok,2026-05-26,116.0,116.0,122.97,111.92,1003403.0,1.47,22.78,23.25,0.369,3.09,11.76,20.88,35.37,-5.67,0.631,False,False,0.0
2026-05-26,000858,五粮液,70,11110.0,10jqka,post_close,2026-05-26 15:00:00,2026-05-06,14,12,80.0,10.0,ok,2026-05-26,83.74,83.36,84.59,82.88,277304.0,-0.93,-2.33,-2.82,0.281,0.93,-1.31,-2.92,-8.15,-21.22,0.497,False,False,0.0
2026-05-26,603501,豪威集团,71,4432.0,10jqka,intraday_0950,2026-05-26 09:50:00,2026-05-26,1,1,,,ok,2026-05-26,108.94,105.96,108.95,105.1,139845.0,-2.74,3.21,3.25,0.223,0.33,1.28,2.78,3.91,-14.69,0.003,False,False,0.0
2026-05-26,688820,盛合晶微,71,11037.0,10jqka,post_close,2026-05-26 15:00:00,2026-05-15,4,2,66.0,-5.0,ok,2026-05-26,221.7,229.0,235.32,210.02,49385093.0,7.04,29.52,25.36,0.75,1.14,14.85,23.0,53.69,-2.69,0.25,False,False,0.0
2026-05-26,603993,洛阳钼业,72,10950.0,10jqka,post_close,2026-05-26 15:00:00,2026-05-08,2,1,91.0,19.0,ok,2026-05-26,19.17,20.39,20.46,18.81,3787983.0,7.03,17.52,12.16,0.958,1.73,9.98,7.82,6.63,-18.05,0.042,False,False,0.0
2026-05-26,002384,东山精密,73,10839.0,10jqka,post_close,2026-05-26 15:00:00,2026-05-06,15,15,49.0,-24.0,ok,2026-05-26,221.0,221.2,225.11,216.36,677237.0,-2.23,6.88,-0.4,0.553,0.76,0.73,1.92,6.55,-3.83,0.447,False,False,0.0
2026-05-26,002896,中大力德,74,10634.0,10jqka,post_close,2026-05-26 15:00:00,2026-05-26,1,1,,,ok,2026-05-26,86.0,89.68,89.68,86.0,304345.0,10.0,12.2,12.59,1.0,2.51,9.84,11.34,17.16,0.0,0.0,True,False,0.0
2026-05-26,601888,中国中免,75,10512.0,10jqka,intraday_1430,2026-05-26 14:30:00,2026-05-06,2,1,86.0,11.0,ok,2026-05-25,56.53,56.8,57.56,56.5,249877.0,0.26,-1.75,-2.25,0.283,0.89,-0.95,-3.33,-7.83,-32.33,0.717,False,False,1.0
2026-05-26,600176,中国巨石,75,10554.0,10jqka,post_close,2026-05-26 15:00:00,2026-05-06,9,3,64.0,-11.0,ok,2026-05-26,38.99,41.28,42.95,38.98,1950592.0,5.23,16.84,18.28,0.579,1.31,9.25,12.31,13.64,-3.89,0.421,False,False,0.0
2026-05-26,002709,天赐材料,76,10466.0,10jqka,post_close,2026-05-26 15:00:00,2026-05-06,15,15,21.0,-55.0,ok,2026-05-26,51.95,51.99,53.44,51.4,951093.0,-2.04,-9.91,-4.5,0.289,0.72,-6.78,-7.2,-9.19,-19.99,0.711,False,False,0.0
2026-05-26,600707,彩虹股份,77,10370.0,10jqka,post_close,2026-05-26 15:00:00,2026-05-21,4,4,86.0,9.0,ok,2026-05-26,11.2,11.88,12.19,11.2,2706643.0,2.41,4.03,14.78,0.687,1.31,5.34,8.47,20.73,-2.54,0.313,False,False,0.0
2026-05-26,600637,东方明珠,78,4349.0,10jqka,intraday_0950,2026-05-26 09:50:00,2026-05-26,1,1,,,ok,2026-05-26,11.0,10.5,11.09,10.47,957152.0,-8.22,,,0.048,,0.0,0.0,0.0,-5.32,0.145,False,False,0.0
2026-05-26,603773,沃格光电,78,10270.0,10jqka,post_close,2026-05-26 15:00:00,2026-05-06,7,1,65.0,-13.0,ok,2026-05-26,85.79,91.54,91.54,83.93,208462.0,10.0,12.98,29.42,1.0,0.61,10.68,14.69,22.62,0.0,0.0,True,False,0.0
2026-05-26,300975,商络电子,79,4339.0,10jqka,intraday_0950,2026-05-26 09:50:00,2026-05-26,1,1,,,ok,2026-05-26,27.84,27.5,28.95,27.4,651188.0,0.51,27.2,16.03,0.065,0.92,12.03,14.75,20.82,-5.01,0.716,False,False,0.0
2026-05-26,600330,天通股份,79,10153.0,10jqka,intraday_1430,2026-05-26 14:30:00,2026-05-06,10,2,71.0,-8.0,ok,2026-05-26,29.63,31.32,31.43,28.94,1560535.0,7.04,13.89,6.24,0.956,1.1,5.74,2.67,6.67,-11.9,0.044,False,False,0.0
2026-05-26,603435,嘉德利,79,10151.0,10jqka,post_close,2026-05-26 15:00:00,2026-05-22,3,3,38.0,-41.0,ok,2026-05-26,90.0,86.08,95.2,82.39,189206.0,-13.48,,,0.288,0.74,-17.56,-17.56,-17.56,-38.91,0.406,False,False,0.0
2026-05-26,603083,剑桥科技,80,4307.0,10jqka,intraday_0950,2026-05-26 09:50:00,2026-05-20,2,1,40.0,-40.0,ok,2026-05-26,213.0,208.01,219.49,205.0,132614.0,-0.47,16.08,2.76,0.208,0.42,6.12,7.37,12.96,-5.23,0.448,False,False,0.0
2026-05-26,002036,联创电子,80,9998.0,10jqka,post_close,2026-05-26 15:00:00,2026-05-21,4,4,68.0,-12.0,ok,2026-05-26,10.44,10.78,10.83,10.21,1776398.0,4.46,15.17,22.08,0.919,1.57,9.4,16.23,22.37,-9.03,0.081,False,False,0.0
2026-05-26,300054,鼎龙股份,81,4298.0,10jqka,intraday_0950,2026-05-26 09:50:00,2026-05-26,1,1,,,ok,2026-05-26,81.0,78.1,81.58,76.0,271313.0,1.43,7.02,1.42,0.376,0.55,3.33,5.52,14.47,-4.27,0.104,False,False,0.0
2026-05-26,601958,金钼股份,81,9906.0,10jqka,intraday_1430,2026-05-26 14:30:00,2026-05-26,1,1,,,missing_price_file,,,,,,,,,,,,,,,,,,,
2026-05-26,601127,赛力斯,81,9983.0,10jqka,post_close,2026-05-26 15:00:00,2026-05-21,2,1,44.0,-37.0,ok,2026-05-26,82.28,86.41,87.22,82.28,467458.0,5.28,3.63,7.9,0.836,1.36,4.75,4.09,0.28,-20.65,0.164,False,False,0.0
2026-05-26,002208,合肥城建,82,4242.0,10jqka,intraday_0950,2026-05-26 09:50:00,2026-05-14,9,9,90.0,8.0,ok,2026-05-26,19.47,18.76,19.65,18.67,439924.0,-7.13,-19.45,-25.32,0.092,0.27,-14.57,-13.28,5.71,-28.83,0.184,False,False,0.0
2026-05-26,002428,云南锗业,82,9808.0,10jqka,intraday_1430,2026-05-26 14:30:00,2026-05-06,14,1,85.0,3.0,ok,2026-05-26,89.69,90.04,95.55,88.74,937011.0,-0.61,7.45,-0.61,0.191,1.07,2.01,-1.32,5.42,-14.39,0.809,False,False,0.0
2026-05-26,688585,上纬新材,82,9843.0,10jqka,post_close,2026-05-26 15:00:00,2026-05-26,1,1,,,ok,2026-05-26,193.0,221.0,223.24,190.01,13008137.0,18.18,17.78,40.27,0.933,1.26,15.99,33.5,52.4,-1.0,0.067,True,False,0.0
2026-05-26,688110,东芯股份,83,4227.0,10jqka,intraday_0950,2026-05-26 09:50:00,2026-05-26,1,1,,,ok,2026-05-26,163.61,153.59,165.0,152.2,165597.0,-7.81,,,0.109,,0.0,0.0,0.0,-6.92,0.109,False,False,0.0
2026-05-26,000657,中钨高新,83,9708.0,10jqka,post_close,2026-05-26 15:00:00,2026-05-06,3,1,90.0,7.0,ok,2026-05-26,63.94,67.69,68.9,63.03,1286962.0,5.42,19.36,25.42,0.794,1.43,10.54,13.75,14.96,-5.33,0.206,False,False,0.0
2026-05-26,600667,太极实业,84,4224.0,10jqka,intraday_0950,2026-05-26 09:50:00,2026-05-13,6,1,99.0,15.0,ok,2026-05-26,13.45,13.08,13.75,12.99,908894.0,-1.95,5.31,-0.15,0.118,0.34,0.4,0.93,12.25,-6.1,0.395,False,False,0.0
2026-05-26,002008,大族激光,84,9704.0,10jqka,intraday_1430,2026-05-26 14:30:00,2026-05-07,10,5,94.0,10.0,ok,2026-05-26,146.8,142.18,147.52,138.15,415939.0,-2.8,-0.29,3.94,0.43,0.75,-0.94,-0.77,11.39,-9.03,0.077,False,False,0.0
2026-05-26,002929,润建股份,84,9678.0,10jqka,post_close,2026-05-26 15:00:00,2026-05-07,10,2,63.0,-21.0,ok,2026-05-26,89.1,85.09,92.75,85.0,371282.0,-4.61,5.26,-12.98,0.012,0.89,-0.47,-4.27,10.41,-14.99,0.471,False,False,0.0
2026-05-26,600601,方正科技,85,9645.0,10jqka,post_close,2026-05-26 15:00:00,2026-05-12,3,1,76.0,-9.0,ok,2026-05-26,12.95,13.43,13.55,12.71,3601770.0,3.23,15.48,8.66,0.857,1.42,6.77,5.04,7.41,-8.39,0.143,False,False,0.0
2026-05-26,002015,协鑫能科,86,4158.0,10jqka,intraday_0950,2026-05-26 09:50:00,2026-05-06,12,2,46.0,-40.0,ok,2026-05-26,22.13,21.22,22.15,21.16,428611.0,-5.23,5.36,-5.23,0.061,0.27,-0.14,-2.98,2.54,-17.21,0.02,False,False,0.0
2026-05-26,002436,兴森科技,86,9542.0,10jqka,post_close,2026-05-26 15:00:00,2026-05-22,3,3,40.0,-46.0,ok,2026-05-26,37.5,38.11,39.5,37.05,1998361.0,-0.03,14.48,16.08,0.433,1.15,6.76,11.01,18.24,-3.52,0.567,False,False,0.0
2026-05-26,002251,步步高,87,9500.0,10jqka,intraday_1430,2026-05-26 14:30:00,2026-05-26,1,1,,,missing_price_file,,,,,,,,,,,,,,,,,,,
2026-05-26,600519,贵州茅台,87,9488.0,10jqka,post_close,2026-05-26 15:00:00,2026-05-06,9,4,74.0,-13.0,ok,2026-05-26,1285.35,1273.38,1289.89,1270.01,45932.0,-0.97,-2.87,-3.85,0.17,1.02,-1.68,-3.11,-5.78,-15.0,0.228,False,False,0.0
2026-05-26,600545,卓郎智能,88,9493.0,10jqka,intraday_1430,2026-05-26 14:30:00,2026-05-26,1,1,,,ok,2026-05-25,6.38,6.65,6.85,6.22,2372650.0,4.23,12.52,9.2,0.683,1.71,8.52,7.19,17.85,-3.62,0.317,False,False,1.0
2026-05-26,002980,华盛昌,88,9424.0,10jqka,post_close,2026-05-26 15:00:00,2026-05-18,4,2,100.0,12.0,ok,2026-05-26,133.55,115.5,133.55,115.22,218482.0,-9.78,9.17,11.43,0.015,1.33,0.14,8.63,22.62,-13.52,0.0,False,False,0.0
2026-05-26,300058,蓝色光标,89,9253.0,10jqka,post_close,2026-05-26 15:00:00,2026-05-06,14,13,85.0,-4.0,ok,2026-05-26,16.43,16.25,16.45,15.76,3491018.0,-3.16,-7.83,-12.63,0.71,0.9,-4.93,-7.57,-8.41,-21.46,0.029,False,False,0.0
2026-05-26,000859,国风新材,90,4054.0,10jqka,intraday_0950,2026-05-26 09:50:00,2026-05-26,1,1,,,ok,2026-05-26,10.99,10.35,11.0,10.15,460450.0,-7.51,0.1,8.15,0.235,0.43,-2.78,3.22,7.87,-15.23,0.012,False,False,0.0
2026-05-26,001309,德明利,90,9418.0,10jqka,intraday_1430,2026-05-26 14:30:00,2026-05-06,12,6,97.0,7.0,ok,2026-05-26,688.05,657.93,688.05,643.0,122958.0,-5.33,0.28,-5.9,0.331,0.89,-2.64,-5.02,5.29,-13.43,0.0,False,False,0.0
2026-05-26,002202,金风科技,90,9137.0,10jqka,post_close,2026-05-26 15:00:00,2026-05-06,14,4,56.0,-34.0,ok,2026-05-26,24.68,24.51,24.75,23.75,1479360.0,-1.49,-0.89,-3.58,0.76,1.1,-1.66,-3.79,-6.78,-26.4,0.07,False,False,0.0
2026-05-26,300196,长海股份,91,4013.0,10jqka,intraday_0950,2026-05-26 09:50:00,2026-05-26,1,1,,,ok,2026-05-26,24.11,23.03,24.3,23.01,221209.0,-3.72,,,0.016,,0.0,0.0,0.0,-5.23,0.147,False,False,0.0
2026-05-26,000506,招金黄金,91,9408.0,10jqka,intraday_1430,2026-05-26 14:30:00,2026-05-26,1,1,,,missing_price_file,,,,,,,,,,,,,,,,,,,
2026-05-26,300496,中科创达,91,9036.0,10jqka,post_close,2026-05-26 15:00:00,2026-05-26,1,1,,,ok,2026-05-26,71.15,74.3,74.3,69.5,306846.0,3.4,7.62,7.15,1.0,1.07,4.69,7.88,11.02,0.0,0.0,False,False,0.0
2026-05-26,002475,立讯精密,92,8917.0,10jqka,post_close,2026-05-26 15:00:00,2026-05-06,15,15,48.0,-44.0,ok,2026-05-26,73.7,72.45,73.71,71.15,1564253.0,-3.01,6.75,0.07,0.508,0.85,1.33,-1.07,0.84,-11.41,0.004,False,False,0.0
2026-05-26,603316,诚邦股份,93,3943.0,10jqka,intraday_0950,2026-05-26 09:50:00,2026-05-20,4,1,18.0,-75.0,ok,2026-05-26,25.89,23.18,26.1,23.18,238179.0,-10.02,-14.94,2.93,0.0,0.45,-9.35,2.2,16.45,-17.16,0.072,False,False,0.0
2026-05-26,002342,巨力索具,93,9201.0,10jqka,intraday_1430,2026-05-26 14:30:00,2026-05-06,15,15,53.0,-40.0,ok,2026-05-26,13.37,12.69,13.45,12.45,1739863.0,-3.64,-0.78,-19.38,0.24,0.77,-3.31,-20.01,-29.54,-47.13,0.08,False,False,0.0
2026-05-26,600589,大位科技,93,8853.0,10jqka,post_close,2026-05-26 15:00:00,2026-05-06,6,1,97.0,4.0,ok,2026-05-26,12.68,11.63,12.68,11.63,1364878.0,-9.98,-6.36,-11.09,0.0,0.58,-8.03,-9.47,-2.62,-20.23,0.0,False,False,0.0
2026-05-26,603936,博敏电子,94,9193.0,10jqka,intraday_1430,2026-05-26 14:30:00,2026-05-13,4,3,96.0,2.0,ok,2026-05-26,23.5,24.85,24.85,23.07,613860.0,10.0,20.98,20.16,1.0,0.83,9.94,13.32,26.78,0.0,0.0,True,False,0.0
2026-05-26,003036,泰坦股份,94,8747.0,10jqka,post_close,2026-05-26 15:00:00,2026-05-26,1,1,,,ok,2026-05-26,57.98,61.58,61.58,56.9,186030.0,10.0,29.89,47.32,1.0,1.29,17.59,28.91,44.65,0.0,0.0,True,False,0.0
2026-05-26,603661,恒林股份,95,9187.0,10jqka,intraday_1430,2026-05-26 14:30:00,2026-05-26,1,1,,,missing_price_file,,,,,,,,,,,,,,,,,,,
2026-05-26,000062,深圳华强,95,8693.0,10jqka,post_close,2026-05-26 15:00:00,2026-05-06,8,2,73.0,-22.0,ok,2026-05-26,34.82,33.66,35.09,33.29,692363.0,-6.97,1.29,2.9,0.206,1.0,-2.21,-0.83,-4.69,-16.12,0.15,False,False,0.0
2026-05-26,002131,利欧股份,96,9115.0,10jqka,intraday_1430,2026-05-26 14:30:00,2026-05-06,8,2,85.0,-11.0,ok,2026-05-26,6.73,6.41,6.81,6.31,3718795.0,-3.61,-3.32,-13.38,0.2,0.57,-3.0,-4.71,-5.53,-34.39,0.16,False,False,0.0
2026-05-26,002196,方正电机,96,8626.0,10jqka,post_close,2026-05-26 15:00:00,2026-05-15,4,1,64.0,-32.0,ok,2026-05-26,16.4,16.25,17.19,16.05,898634.0,-2.81,-1.28,-3.96,0.175,0.88,-1.11,2.1,7.63,-8.55,0.693,False,False,0.0
2026-05-26,600900,长江电力,97,9079.0,10jqka,intraday_1430,2026-05-26 14:30:00,2026-05-26,1,1,,,ok,2026-05-26,27.04,26.97,27.18,26.96,204625.0,-0.22,1.16,-1.03,0.045,0.17,0.81,0.31,0.17,-2.46,0.636,False,False,0.0
2026-05-26,300223,北京君正,97,8558.0,10jqka,post_close,2026-05-26 15:00:00,2026-05-26,1,1,,,ok,2026-05-26,139.37,149.6,152.0,133.5,595428.0,5.41,14.44,8.78,0.87,2.0,6.47,6.54,10.03,-1.58,0.13,False,False,0.0
2026-05-26,002432,九安医疗,98,3837.0,10jqka,intraday_0950,2026-05-26 09:50:00,2026-05-26,1,1,,,ok,2026-05-26,92.28,89.5,92.99,89.0,216019.0,1.87,23.26,21.06,0.125,0.67,11.73,14.89,16.53,-5.73,0.178,False,False,0.0
2026-05-26,001237,惠康科技,98,8523.0,10jqka,post_close,2026-05-26 15:00:00,2026-05-22,3,3,45.0,-53.0,ok,2026-05-26,84.01,89.18,93.99,77.78,156115.0,0.31,,,0.703,0.76,-7.71,-7.71,-7.71,-44.61,0.297,False,False,0.0
2026-05-26,002703,浙江世宝,99,3831.0,10jqka,intraday_0950,2026-05-26 09:50:00,2026-05-21,4,4,75.0,-24.0,ok,2026-05-26,21.3,21.67,21.89,21.01,223714.0,-1.46,8.79,14.29,0.75,0.27,5.21,9.05,13.25,-17.51,0.25,False,False,0.0
2026-05-26,600143,金发科技,99,9024.0,10jqka,intraday_1430,2026-05-26 14:30:00,2026-05-26,1,1,,,missing_price_file,,,,,,,,,,,,,,,,,,,
2026-05-26,688362,甬矽电子,99,8484.0,10jqka,post_close,2026-05-26 15:00:00,2026-05-26,1,1,,,ok,2026-05-26,74.88,75.58,78.16,68.8,85828182.0,11.87,42.95,46.96,0.724,2.13,23.04,35.54,44.54,-3.3,0.276,True,False,0.0
2026-05-26,300750,宁德时代,100,3823.0,10jqka,intraday_0950,2026-05-26 09:50:00,2026-05-06,2,1,59.0,-41.0,ok,2026-05-26,406.19,402.95,407.48,401.21,76496.0,0.02,-2.11,-3.58,0.278,0.25,-1.4,-3.21,-6.05,-14.04,0.206,False,False,0.0
2026-05-26,000547,航天发展,100,8959.0,10jqka,intraday_1430,2026-05-26 14:30:00,2026-05-11,5,1,81.0,-19.0,ok,2026-05-26,27.83,26.54,28.08,26.29,1394797.0,-5.08,13.37,6.67,0.14,1.61,9.4,5.79,4.34,-22.62,0.14,False,False,0.0
2026-05-26,001896,豫能控股,100,8403.0,10jqka,post_close,2026-05-26 15:00:00,2026-05-06,14,13,44.0,-56.0,ok,2026-05-26,16.51,16.55,17.05,16.1,1765865.0,-2.19,1.1,2.22,0.474,0.85,2.82,2.69,1.67,-14.69,0.526,False,False,0.0
2026-05-27,600584,长电科技,1,166718.0,10jqka,post_close,2026-05-27 15:00:00,2026-05-06,15,13,1.0,0.0,ok,2026-05-27,86.5,86.16,94.9,83.5,3513412.0,-2.3,18.22,30.11,0.233,1.17,9.27,24.52,44.86,-9.21,0.737,False,False,0.0
2026-05-27,688635,长进光子,2,83008.0,10jqka,post_close,2026-05-27 15:00:00,2026-05-27,1,1,,,ok,2026-05-27,530.0,659.99,688.88,522.0,13765833.0,,,,0.827,,0.0,0.0,0.0,-4.19,0.173,False,False,0.0
2026-05-27,002185,华天科技,3,82322.0,10jqka,post_close,2026-05-27 15:00:00,2026-05-06,14,9,6.0,3.0,ok,2026-05-27,19.75,20.15,20.54,19.4,12106516.0,7.93,30.59,26.89,0.658,2.75,16.6,25.28,35.53,-1.9,0.342,False,False,0.0
2026-05-27,601991,大唐发电,4,50883.0,10jqka,post_close,2026-05-27 15:00:00,2026-05-06,16,16,7.0,3.0,ok,2026-05-27,7.0,7.71,7.8,7.0,9597919.0,7.68,11.9,2.25,0.888,1.19,6.46,2.55,21.38,-10.76,0.112,False,False,0.0
2026-05-27,000725,京东方A,5,49858.0,10jqka,post_close,2026-05-27 15:00:00,2026-05-21,5,5,2.0,-3.0,ok,2026-05-27,5.8,5.72,6.09,5.53,50185216.0,-0.87,10.85,34.27,0.339,1.47,7.48,19.79,27.81,-6.08,0.518,False,False,0.0
2026-05-27,002156,通富微电,6,46717.0,10jqka,post_close,2026-05-27 15:00:00,2026-05-06,16,16,4.0,-2.0,ok,2026-05-27,72.97,71.52,78.56,71.43,2834964.0,-5.13,12.74,14.84,0.013,1.18,4.6,12.54,19.9,-8.96,0.784,False,False,0.0
2026-05-27,000021,深科技,7,45523.0,10jqka,post_close,2026-05-27 15:00:00,2026-05-13,10,8,5.0,-2.0,ok,2026-05-27,47.03,43.98,47.03,41.9,3059922.0,2.88,16.57,16.2,0.405,1.22,8.87,14.97,27.1,-6.49,0.0,False,False,0.0
2026-05-27,603601,再升科技,8,37253.0,10jqka,post_close,2026-05-27 15:00:00,2026-05-06,14,5,19.0,11.0,ok,2026-05-27,19.8,21.39,22.0,19.39,2771988.0,6.52,10.89,21.53,0.766,1.21,8.95,15.15,21.61,-2.77,0.234,False,False,0.0
2026-05-27,600396,华电辽能,9,35346.0,10jqka,post_close,2026-05-27 15:00:00,2026-05-06,16,16,9.0,0.0,ok,2026-05-27,16.49,18.57,18.57,16.26,2413354.0,10.01,27.54,27.72,1.0,1.01,15.69,15.55,31.41,0.0,0.0,True,False,0.0
2026-05-27,600578,京能电力,10,30152.0,10jqka,post_close,2026-05-27 15:00:00,2026-05-15,9,9,8.0,-2.0,ok,2026-05-27,9.05,9.7,9.87,8.98,4694663.0,5.78,18.0,30.38,0.809,1.11,9.46,19.59,46.69,-1.92,0.191,False,False,0.0
2026-05-27,603986,兆易创新,11,25106.0,10jqka,post_close,2026-05-27 15:00:00,2026-05-06,14,9,12.0,1.0,ok,2026-05-27,541.0,514.18,552.82,500.0,667260.0,-2.29,9.87,15.74,0.268,1.07,4.75,15.98,32.35,-6.99,0.224,False,False,0.0
2026-05-27,603629,利通电子,12,22909.0,10jqka,post_close,2026-05-27 15:00:00,2026-05-06,16,16,11.0,-1.0,ok,2026-05-27,208.0,214.08,215.05,204.99,241153.0,1.01,9.42,18.0,0.904,0.76,6.69,14.24,27.63,-1.29,0.096,False,False,0.0
2026-05-27,002475,立讯精密,13,22385.0,10jqka,post_close,2026-05-27 15:00:00,2026-05-06,16,16,92.0,79.0,ok,2026-05-27,72.15,71.59,74.29,70.69,1652248.0,-1.19,-1.12,2.17,0.25,0.88,-0.3,-1.09,-0.75,-12.46,0.594,False,False,0.0
2026-05-27,000988,华工科技,14,21899.0,10jqka,post_close,2026-05-27 15:00:00,2026-05-06,16,16,35.0,21.0,ok,2026-05-27,166.95,159.88,170.99,159.0,1070289.0,-6.13,2.28,-2.17,0.073,0.95,-1.6,2.95,11.99,-9.06,0.337,False,False,0.0
2026-05-27,002241,歌尔股份,15,21829.0,10jqka,post_close,2026-05-27 15:00:00,2026-05-13,4,2,3.0,-12.0,ok,2026-05-27,27.28,28.27,28.98,27.0,3965689.0,3.55,10.6,12.72,0.641,3.03,7.44,9.22,10.76,-2.45,0.359,False,False,0.0
2026-05-27,000636,风华高科,16,21755.0,10jqka,post_close,2026-05-27 15:00:00,2026-05-18,5,4,28.0,12.0,ok,2026-05-26,42.12,41.7,43.5,40.18,2645573.0,0.77,21.93,28.82,0.458,3.16,10.38,24.3,41.34,-4.14,0.416,False,False,1.0
2026-05-27,601600,中国铝业,17,10568.0,10jqka,intraday_0950,2026-05-27 09:50:00,2026-05-27,1,1,,,ok,2026-05-27,12.14,12.03,12.47,11.95,2493672.0,-0.5,7.89,9.36,0.154,0.85,5.34,7.55,4.44,-20.86,0.635,False,False,0.0
2026-05-27,600863,华能蒙电,17,21612.0,10jqka,post_close,2026-05-27 15:00:00,2026-05-20,6,6,45.0,28.0,ok,2026-05-27,5.93,6.71,6.71,5.93,4003190.0,10.0,24.49,24.72,1.0,0.98,12.92,21.67,30.63,0.0,0.0,True,False,0.0
2026-05-27,002149,西部材料,18,21559.0,10jqka,post_close,2026-05-27 15:00:00,2026-05-06,14,5,27.0,9.0,ok,2026-05-27,63.99,65.6,66.12,59.6,771549.0,3.14,-9.04,-5.05,0.92,1.11,-3.94,-5.02,-4.02,-16.83,0.08,False,False,0.0
2026-05-27,600519,贵州茅台,19,20809.0,10jqka,post_close,2026-05-27 15:00:00,2026-05-06,10,5,87.0,68.0,ok,2026-05-27,1268.02,1303.0,1319.0,1250.1,82728.0,2.33,0.99,-0.91,0.768,1.82,0.8,-0.54,-3.03,-13.02,0.232,False,False,0.0
2026-05-27,600745,*ST闻泰,20,19978.0,10jqka,post_close,2026-05-27 15:00:00,2026-05-06,14,11,37.0,17.0,ok,2026-05-27,17.69,18.75,18.75,17.67,308803.0,4.98,15.74,17.19,1.0,0.34,8.23,6.84,-12.67,-46.34,0.0,False,False,0.0
2026-05-27,300433,蓝思科技,21,19541.0,10jqka,post_close,2026-05-27 15:00:00,2026-05-11,11,1,55.0,34.0,ok,2026-05-27,38.1,40.28,41.0,37.45,2163896.0,4.68,4.9,10.93,0.797,1.05,4.25,8.08,23.31,-1.76,0.203,False,False,0.0
2026-05-27,601138,工业富联,22,19130.0,10jqka,post_close,2026-05-27 15:00:00,2026-05-06,16,16,41.0,19.0,ok,2026-05-27,69.9,70.08,73.74,69.69,2892366.0,0.14,4.35,2.83,0.096,1.32,2.15,2.32,4.51,-5.3,0.904,False,False,0.0
2026-05-27,600759,ST洲际,23,18999.0,10jqka,post_close,2026-05-27 15:00:00,2026-05-06,13,9,25.0,2.0,ok,2026-05-27,2.36,2.5,2.55,2.31,4951310.0,2.88,-5.66,-14.97,0.792,1.52,-3.03,-10.59,-30.01,-72.5,0.208,False,False,0.0
2026-05-27,002050,三花智控,24,18788.0,10jqka,post_close,2026-05-27 15:00:00,2026-05-06,16,16,34.0,10.0,ok,2026-05-27,53.03,51.02,53.48,50.9,2188466.0,-6.28,-5.61,0.93,0.047,0.95,-4.19,-2.55,1.11,-8.89,0.174,False,False,0.0
2026-05-27,603005,晶方科技,25,18501.0,10jqka,post_close,2026-05-27 15:00:00,2026-05-20,6,6,10.0,-15.0,ok,2026-05-27,43.11,43.01,46.54,41.88,1588987.0,-4.63,9.89,16.87,0.242,1.1,4.2,14.66,23.98,-9.13,0.736,False,False,0.0
2026-05-27,000858,五粮液,26,17999.0,10jqka,post_close,2026-05-27 15:00:00,2026-05-06,15,13,70.0,44.0,ok,2026-05-27,83.0,83.89,86.25,81.7,603801.0,0.64,-0.17,-1.85,0.481,2.07,-0.31,-1.7,-6.67,-20.72,0.519,False,False,0.0
2026-05-27,002251,步步高,27,17411.0,10jqka,post_close,2026-05-27 15:00:00,2026-05-27,1,1,,,ok,2026-05-27,4.08,4.57,4.57,4.02,2852145.0,10.12,23.51,20.58,1.0,4.31,15.11,17.06,14.19,-5.97,0.0,True,False,0.0
2026-05-27,002579,中京电子,28,17281.0,10jqka,post_close,2026-05-27 15:00:00,2026-05-26,2,2,55.0,27.0,ok,2026-05-27,16.54,16.54,16.54,15.99,1024827.0,9.97,22.88,27.92,1.0,1.55,15.7,20.41,24.07,0.0,0.0,True,False,0.0
2026-05-27,600667,太极实业,29,16982.0,10jqka,post_close,2026-05-27 15:00:00,2026-05-12,6,1,99.0,70.0,ok,2026-05-27,14.05,13.92,14.6,13.58,4288901.0,4.9,10.39,1.68,0.333,1.58,6.16,6.71,17.25,-4.66,0.539,False,False,0.0
2026-05-27,600522,中天科技,30,16898.0,10jqka,post_close,2026-05-27 15:00:00,2026-05-06,16,16,18.0,-12.0,ok,2026-05-27,39.8,39.05,40.9,38.82,2221748.0,-3.53,-10.89,-14.01,0.111,0.77,-6.19,-8.58,-3.7,-17.62,0.529,False,False,0.0
2026-05-27,002617,露笑科技,31,16552.0,10jqka,post_close,2026-05-27 15:00:00,2026-05-14,8,3,30.0,-1.0,ok,2026-05-27,9.9,10.46,10.87,9.82,4088624.0,4.7,14.32,9.99,0.61,1.53,8.8,9.86,19.35,-3.77,0.39,False,False,0.0
2026-05-27,002421,达实智能,32,16378.0,10jqka,post_close,2026-05-27 15:00:00,2026-05-18,8,8,14.0,-18.0,ok,2026-05-27,4.7,4.58,4.84,4.44,6344314.0,-1.51,5.05,7.26,0.35,0.85,2.46,14.04,31.91,-11.24,0.35,False,False,0.0
2026-05-27,600726,华电能源,33,16333.0,10jqka,post_close,2026-05-27 15:00:00,2026-05-06,10,2,53.0,20.0,ok,2026-05-27,7.86,8.37,8.37,7.71,1283927.0,9.99,33.07,30.17,1.0,0.73,18.29,17.21,15.84,-7.62,0.0,True,False,0.0
2026-05-27,600186,莲花控股,34,16051.0,10jqka,post_close,2026-05-27 15:00:00,2026-05-06,15,7,32.0,-2.0,ok,2026-05-27,13.19,11.87,13.23,11.87,2101580.0,-10.01,1.02,7.62,0.0,0.71,-1.77,3.76,8.32,-13.36,0.029,False,False,0.0
2026-05-27,301269,华大九天,35,7007.0,10jqka,intraday_0950,2026-05-27 09:50:00,2026-05-26,2,2,10.0,-25.0,ok,2026-05-27,130.0,130.71,132.3,126.3,154502.0,-3.18,20.26,26.42,0.735,0.42,9.53,21.07,31.39,-4.98,0.265,False,False,0.0
2026-05-27,603773,沃格光电,35,15790.0,10jqka,post_close,2026-05-27 15:00:00,2026-05-06,8,2,78.0,43.0,ok,2026-05-27,97.55,99.99,100.69,96.77,407247.0,9.23,24.99,28.59,0.821,1.37,14.73,23.44,30.3,-0.7,0.179,False,False,0.0
2026-05-27,603667,五洲新春,36,15374.0,10jqka,post_close,2026-05-27 15:00:00,2026-05-15,5,1,63.0,27.0,ok,2026-05-27,84.0,78.05,84.0,78.05,484683.0,-10.0,-11.48,-2.44,0.0,0.98,-8.12,-6.53,0.56,-13.83,0.0,False,False,0.0
2026-05-27,600520,三佳科技,37,6832.0,10jqka,intraday_0950,2026-05-27 09:50:00,2026-05-27,1,1,,,ok,2026-05-27,39.99,35.9,39.99,34.95,213944.0,-2.5,,,0.188,,0.0,0.0,0.0,-10.23,0.0,False,False,0.0
2026-05-27,002297,博云新材,37,14687.0,10jqka,post_close,2026-05-27 15:00:00,2026-05-06,15,5,24.0,-13.0,ok,2026-05-27,23.69,23.69,23.69,23.69,99951.0,-9.99,-10.87,0.55,1.0,0.08,-9.26,-6.82,-4.27,-18.98,,False,False,0.0
2026-05-27,605006,山东玻纤,38,14099.0,10jqka,post_close,2026-05-27 15:00:00,2026-05-11,3,2,58.0,20.0,ok,2026-05-27,18.34,18.55,19.71,16.7,1001196.0,3.52,17.85,29.09,0.615,1.45,12.0,18.38,26.65,-5.89,0.385,False,False,0.0
2026-05-27,600183,生益科技,39,13951.0,10jqka,post_close,2026-05-27 15:00:00,2026-05-18,5,4,17.0,-22.0,ok,2026-05-27,133.0,131.76,140.0,128.99,1102999.0,2.8,21.99,31.03,0.252,1.58,13.07,23.58,40.0,-5.89,0.636,False,False,0.0
2026-05-27,000509,华塑控股,40,13356.0,10jqka,post_close,2026-05-27 15:00:00,2026-05-27,1,1,,,ok,2026-05-27,4.74,5.21,5.21,4.55,2439304.0,9.92,32.91,36.03,1.0,3.47,18.52,26.09,32.23,0.0,0.0,True,False,0.0
2026-05-27,600779,水井坊,41,13160.0,10jqka,post_close,2026-05-27 15:00:00,2026-05-27,1,1,,,ok,2026-05-27,30.67,33.94,33.94,30.48,148098.0,10.02,11.79,11.21,1.0,3.53,7.74,8.0,6.28,-11.71,0.0,True,False,0.0
2026-05-27,688183,生益电子,42,6519.0,10jqka,intraday_0950,2026-05-27 09:50:00,2026-05-27,1,1,,,ok,2026-05-27,131.8,135.9,138.0,127.81,260055.0,2.88,25.27,30.5,0.794,0.01,15.99,23.62,23.68,-1.52,0.206,False,False,0.0
2026-05-27,002181,粤传媒,42,12945.0,10jqka,post_close,2026-05-27 15:00:00,2026-05-06,12,2,38.0,-4.0,ok,2026-05-27,14.51,15.0,15.87,13.9,1609420.0,3.52,9.09,3.52,0.558,1.45,7.05,-3.73,-8.22,-30.75,0.442,False,False,0.0
2026-05-27,300308,中际旭创,43,12698.0,10jqka,post_close,2026-05-27 15:00:00,2026-05-06,16,16,63.0,20.0,ok,2026-05-27,1090.0,1111.37,1147.0,1088.67,250688.0,0.76,7.07,7.17,0.389,1.08,4.09,5.06,13.48,-3.11,0.611,False,False,0.0
2026-05-27,603459,红板科技,44,12414.0,10jqka,post_close,2026-05-27 15:00:00,2026-05-11,8,6,54.0,10.0,ok,2026-05-27,109.07,104.01,113.58,103.0,228969.0,-7.92,-1.52,15.68,0.095,0.73,-1.3,8.01,21.52,-9.67,0.426,False,False,0.0
2026-05-27,002896,中大力德,45,6400.0,10jqka,intraday_0950,2026-05-27 09:50:00,2026-05-27,1,1,,,ok,2026-05-27,87.01,87.89,92.2,87.01,142476.0,-2.0,9.37,14.54,0.17,0.88,4.78,7.88,13.59,-4.67,0.83,False,False,0.0
2026-05-27,002384,东山精密,45,12243.0,10jqka,post_close,2026-05-27 15:00:00,2026-05-06,16,16,73.0,28.0,ok,2026-05-27,216.78,223.37,234.0,212.6,869030.0,0.98,1.28,0.17,0.503,1.08,1.69,2.8,6.69,-4.54,0.497,False,False,0.0
2026-05-27,600172,黄河旋风,46,12192.0,10jqka,post_close,2026-05-27 15:00:00,2026-05-12,8,4,23.0,-23.0,ok,2026-05-26,12.74,13.3,13.3,12.6,3095249.0,10.01,33.13,22.92,1.0,2.23,16.52,17.02,31.63,0.0,0.0,True,False,1.0
2026-05-27,000539,粤电力A,47,12076.0,10jqka,post_close,2026-05-27 15:00:00,2026-05-27,1,1,,,ok,2026-05-27,6.56,7.34,7.34,6.52,1758322.0,10.04,12.4,13.8,1.0,1.9,8.77,7.42,5.0,-11.03,0.0,True,False,0.0
2026-05-27,002463,沪电股份,48,11736.0,10jqka,post_close,2026-05-27 15:00:00,2026-05-07,5,4,16.0,-32.0,ok,2026-05-27,130.21,128.29,134.5,127.1,1010370.0,-3.8,12.47,23.86,0.161,1.15,6.56,14.3,17.58,-4.82,0.58,False,False,0.0
2026-05-27,001309,德明利,49,6238.0,10jqka,intraday_0950,2026-05-27 09:50:00,2026-05-06,14,1,89.0,40.0,ok,2026-05-27,680.0,672.15,689.08,669.08,49438.0,1.98,-0.27,-3.42,0.153,0.37,0.13,-2.87,6.01,-11.56,0.454,False,False,0.0
2026-05-27,600105,永鼎股份,49,11641.0,10jqka,post_close,2026-05-27 15:00:00,2026-05-07,13,2,42.0,-7.0,ok,2026-05-27,45.36,48.5,49.88,45.28,1960929.0,4.8,2.52,-4.21,0.7,1.55,2.94,-1.77,0.05,-13.99,0.3,False,False,0.0
2026-05-27,600580,卧龙电驱,50,6218.0,10jqka,intraday_0950,2026-05-27 09:50:00,2026-05-26,2,2,42.0,-8.0,ok,2026-05-27,43.0,44.59,44.6,42.8,325008.0,1.18,8.52,12.54,0.994,0.37,4.72,7.71,10.88,-4.09,0.006,False,False,0.0
2026-05-27,600330,天通股份,50,11617.0,10jqka,post_close,2026-05-27 15:00:00,2026-05-06,10,1,47.0,-3.0,ok,2026-05-27,28.59,31.21,31.75,28.0,2522521.0,8.14,6.66,8.71,0.856,1.73,5.34,4.48,5.78,-12.21,0.144,False,False,0.0
2026-05-27,601016,节能风电,51,11616.0,10jqka,post_close,2026-05-27 15:00:00,2026-05-06,12,1,87.0,36.0,ok,2026-05-27,4.58,4.92,5.05,4.55,6107015.0,6.26,6.49,5.35,0.74,1.61,4.9,1.72,1.42,-16.47,0.26,False,False,0.0
2026-05-27,002733,雄韬股份,52,6151.0,10jqka,intraday_0950,2026-05-27 09:50:00,2026-05-27,1,1,,,ok,2026-05-27,32.45,32.7,33.2,32.03,171548.0,1.4,17.84,27.19,0.573,0.58,11.04,17.23,14.41,-1.51,0.427,False,False,0.0
2026-05-27,600487,亨通光电,52,11275.0,10jqka,post_close,2026-05-27 15:00:00,2026-05-06,16,16,36.0,-16.0,ok,2026-05-27,68.64,68.69,71.6,68.02,1332688.0,-1.04,-5.97,-9.36,0.187,0.86,-3.11,-4.77,-4.9,-14.03,0.813,False,False,0.0
2026-05-27,600703,三安光电,53,10902.0,10jqka,post_close,2026-05-27 15:00:00,2026-05-06,12,1,80.0,27.0,ok,2026-05-27,15.95,16.61,17.42,15.89,4345938.0,4.79,2.53,-0.84,0.471,1.79,3.18,1.35,5.49,-11.51,0.529,False,False,0.0
2026-05-27,001896,豫能控股,54,10556.0,10jqka,post_close,2026-05-27 15:00:00,2026-05-06,15,14,100.0,46.0,ok,2026-05-27,15.0,15.74,16.33,15.0,1807056.0,-4.89,-0.13,5.78,0.556,0.84,-3.25,-1.09,-3.0,-18.87,0.444,False,False,0.0
2026-05-27,600367,红星发展,55,5994.0,10jqka,intraday_0950,2026-05-27 09:50:00,2026-05-27,1,1,,,ok,2026-05-27,31.3,32.76,32.76,31.27,100064.0,10.01,,,1.0,,0.0,0.0,0.0,0.0,0.0,True,False,0.0
2026-05-27,603778,国晟科技,55,10535.0,10jqka,post_close,2026-05-27 15:00:00,2026-05-06,14,7,15.0,-40.0,ok,2026-05-27,19.38,18.93,19.98,18.03,714018.0,-2.17,-20.76,-24.01,0.462,1.34,-11.92,-15.1,-21.56,-44.76,0.308,False,False,0.0
2026-05-27,002388,新亚制程,56,5930.0,10jqka,intraday_0950,2026-05-27 09:50:00,2026-05-27,1,1,,,ok,2026-05-27,6.66,6.64,6.99,6.53,1158567.0,3.11,,,0.239,,0.0,0.0,0.0,-5.01,0.717,False,False,0.0
2026-05-27,300274,阳光电源,56,10466.0,10jqka,post_close,2026-05-27 15:00:00,2026-05-14,7,2,50.0,-6.0,ok,2026-05-27,182.6,184.09,191.71,180.82,1133536.0,2.85,11.9,10.1,0.3,1.08,7.0,13.28,22.62,-3.97,0.7,False,False,0.0
2026-05-27,002436,兴森科技,57,5871.0,10jqka,intraday_0950,2026-05-27 09:50:00,2026-05-08,4,3,34.0,-23.0,ok,2026-05-27,37.83,37.45,38.3,36.19,535103.0,-1.73,5.73,11.66,0.597,0.28,2.66,8.06,14.6,-5.19,0.223,False,False,0.0
2026-05-27,603538,美诺华,57,10464.0,10jqka,post_close,2026-05-27 15:00:00,2026-05-06,11,1,70.0,13.0,ok,2026-05-27,43.43,46.46,46.46,43.43,316929.0,9.99,-7.89,-12.37,1.0,0.76,-2.51,-6.26,-15.61,-34.0,0.0,True,False,0.0
2026-05-27,688585,上纬新材,58,5762.0,10jqka,intraday_0950,2026-05-27 09:50:00,2026-05-27,1,1,,,ok,2026-05-27,207.46,200.82,212.38,199.75,38046.0,-9.13,9.75,15.38,0.085,0.0,2.52,16.56,34.66,-10.04,0.39,False,False,0.0
2026-05-27,002129,TCL中环,58,10439.0,10jqka,post_close,2026-05-27 15:00:00,2026-05-19,2,1,88.0,30.0,ok,2026-05-27,9.0,9.93,9.93,9.0,2254093.0,9.97,6.09,3.22,1.0,1.72,6.41,4.12,7.2,-5.25,0.0,True,False,0.0
2026-05-27,000670,盈方微,59,5743.0,10jqka,intraday_0950,2026-05-27 09:50:00,2026-05-25,2,1,41.0,-18.0,ok,2026-05-27,9.72,9.61,9.72,9.51,421578.0,-3.42,7.98,10.08,0.476,0.31,4.91,9.79,15.78,-5.6,0.0,False,False,0.0
2026-05-27,002407,多氟多,59,10428.0,10jqka,post_close,2026-05-27 15:00:00,2026-05-06,13,9,26.0,-33.0,ok,2026-05-27,36.03,35.79,37.28,35.56,1527389.0,-1.35,-16.18,-12.04,0.134,0.65,-7.76,-5.45,-2.18,-18.46,0.727,False,False,0.0
2026-05-27,002202,金风科技,60,10390.0,10jqka,post_close,2026-05-27 15:00:00,2026-05-06,15,5,90.0,30.0,ok,2026-05-27,24.67,23.6,24.96,23.45,1382654.0,-3.71,-6.35,-6.72,0.099,0.97,-4.0,-5.81,-9.92,-29.13,0.192,False,False,0.0
2026-05-27,000657,中钨高新,61,5628.0,10jqka,intraday_0950,2026-05-27 09:50:00,2026-05-06,3,1,45.0,-16.0,ok,2026-05-27,68.8,65.27,68.82,65.0,324731.0,-3.58,4.63,18.29,0.071,0.32,3.19,9.17,9.91,-8.71,0.005,False,False,0.0
2026-05-27,002281,光迅科技,61,10328.0,10jqka,post_close,2026-05-27 15:00:00,2026-05-06,16,16,21.0,-40.0,ok,2026-05-27,202.0,202.7,213.72,200.1,562914.0,-1.94,-6.1,-14.26,0.191,0.75,-4.98,-5.46,7.06,-17.87,0.809,False,False,0.0
2026-05-27,002938,鹏鼎控股,62,10268.0,10jqka,post_close,2026-05-27 15:00:00,2026-05-22,4,4,69.0,7.0,ok,2026-05-26,116.0,116.0,122.97,111.92,1003403.0,1.47,22.78,23.25,0.369,3.09,11.76,20.88,35.37,-5.67,0.631,False,False,1.0
2026-05-27,003036,泰坦股份,63,5604.0,10jqka,intraday_0950,2026-05-27 09:50:00,2026-05-27,1,1,,,ok,2026-05-27,60.12,64.51,66.58,60.12,71145.0,4.76,26.76,40.3,0.68,0.45,15.04,29.48,46.22,-3.11,0.32,False,False,0.0
2026-05-27,000759,中百集团,63,10225.0,10jqka,post_close,2026-05-27 15:00:00,2026-05-27,1,1,,,ok,2026-05-27,5.59,6.07,6.07,5.37,1353142.0,9.96,22.13,17.86,1.0,5.04,14.53,14.96,13.29,-12.16,0.0,True,False,0.0
2026-05-27,002747,埃斯顿,64,5592.0,10jqka,intraday_0950,2026-05-27 09:50:00,2026-05-21,4,1,96.0,32.0,ok,2026-05-27,28.9,29.2,30.18,28.6,354503.0,-2.76,0.45,11.88,0.38,0.35,0.27,6.64,16.53,-4.26,0.62,False,False,0.0
2026-05-27,603989,艾华集团,64,10207.0,10jqka,post_close,2026-05-27 15:00:00,2026-05-27,1,1,,,ok,2026-05-27,31.8,34.93,34.93,31.8,399352.0,10.02,22.91,35.86,1.0,1.03,15.17,32.29,48.83,0.0,0.0,True,False,0.0
2026-05-27,605358,立昂微,65,10131.0,10jqka,post_close,2026-05-27 15:00:00,2026-05-08,3,1,22.0,-43.0,ok,2026-05-27,53.26,56.5,57.36,52.64,791588.0,7.01,8.18,1.29,0.818,1.35,5.83,6.36,14.93,-2.2,0.182,False,False,0.0
2026-05-27,600460,士兰微,66,10106.0,10jqka,post_close,2026-05-27 15:00:00,2026-05-25,2,1,67.0,1.0,ok,2026-05-27,34.05,35.58,37.28,33.56,1887099.0,4.96,10.63,9.17,0.543,1.96,6.67,9.45,14.74,-4.56,0.457,False,False,0.0
2026-05-27,002957,科瑞技术,67,5483.0,10jqka,intraday_0950,2026-05-27 09:50:00,2026-05-27,1,1,,,ok,2026-05-27,52.58,55.49,57.4,52.0,229904.0,5.05,27.12,19.82,0.646,0.56,14.62,17.23,20.89,-3.33,0.354,False,False,0.0
2026-05-27,300476,胜宏科技,67,10080.0,10jqka,post_close,2026-05-27 15:00:00,2026-05-07,11,4,59.0,-8.0,ok,2026-05-27,385.88,379.3,402.6,376.89,586791.0,-3.47,1.01,13.49,0.094,0.98,1.82,6.1,7.88,-5.79,0.65,False,False,0.0
2026-05-27,000510,新金路,68,5418.0,10jqka,intraday_0950,2026-05-27 09:50:00,2026-05-27,1,1,,,ok,2026-05-27,18.59,18.52,19.32,18.2,459151.0,2.49,,,0.286,,0.0,0.0,0.0,-4.14,0.652,False,False,0.0
2026-05-27,301200,大族数控,68,9959.0,10jqka,post_close,2026-05-27 15:00:00,2026-05-27,1,1,,,ok,2026-05-27,280.0,303.0,309.49,271.0,93916.0,6.18,10.58,35.27,0.831,1.14,8.46,21.48,36.43,-2.1,0.169,False,False,0.0
2026-05-27,000100,TCL科技,69,9815.0,10jqka,post_close,2026-05-27 15:00:00,2026-05-21,4,2,33.0,-36.0,ok,2026-05-27,4.66,4.68,4.93,4.61,15703706.0,0.65,6.85,10.64,0.219,1.02,3.91,7.02,8.0,-7.87,0.781,False,False,0.0
2026-05-27,600635,大众公用,70,5400.0,10jqka,intraday_0950,2026-05-27 09:50:00,2026-05-27,1,1,,,ok,2026-05-27,6.05,5.89,6.24,5.88,1086548.0,-2.32,,,0.028,,0.0,0.0,0.0,-5.61,0.528,False,False,0.0
2026-05-27,300136,信维通信,70,9700.0,10jqka,post_close,2026-05-27 15:00:00,2026-05-06,12,5,65.0,-5.0,ok,2026-05-27,113.7,111.98,114.99,107.01,911888.0,1.5,-5.88,-0.33,0.623,0.86,-1.67,1.21,6.77,-10.09,0.162,False,False,0.0
2026-05-27,002709,天赐材料,71,9670.0,10jqka,post_close,2026-05-27 15:00:00,2026-05-06,16,16,76.0,5.0,ok,2026-05-27,52.66,53.46,55.17,52.66,1070951.0,2.83,-7.95,-7.83,0.319,0.81,-2.56,-3.81,-6.68,-17.73,0.681,False,False,0.0
2026-05-27,002886,沃特股份,72,5348.0,10jqka,intraday_0950,2026-05-27 09:50:00,2026-05-27,1,1,,,ok,2026-05-27,34.75,30.5,34.75,30.11,278917.0,-3.45,,,0.084,,0.0,0.0,0.0,-12.23,0.0,False,False,0.0
2026-05-27,600702,舍得酒业,72,9587.0,10jqka,post_close,2026-05-27 15:00:00,2026-05-27,1,1,,,ok,2026-05-27,40.1,44.13,44.3,39.66,227715.0,9.59,10.05,6.54,0.963,4.16,6.68,6.07,3.24,-16.75,0.037,True,False,0.0
2026-05-27,603435,嘉德利,73,9503.0,10jqka,post_close,2026-05-27 15:00:00,2026-05-22,4,4,79.0,6.0,ok,2026-05-27,81.02,73.25,85.79,72.66,158419.0,-14.9,-42.63,,0.045,0.68,-24.19,-24.19,-24.19,-48.02,0.363,False,False,0.0
2026-05-27,600021,上海电力,74,9355.0,10jqka,post_close,2026-05-27 15:00:00,2026-05-19,4,2,64.0,-10.0,ok,2026-05-27,20.39,20.59,21.6,19.97,2711154.0,0.98,16.99,10.22,0.38,2.07,8.29,12.24,14.45,-7.92,0.62,False,False,0.0
2026-05-27,600707,彩虹股份,75,9343.0,10jqka,post_close,2026-05-27 15:00:00,2026-05-21,5,5,77.0,2.0,ok,2026-05-27,11.96,11.93,12.83,11.6,2766717.0,0.42,7.48,14.82,0.268,1.21,2.97,7.48,18.9,-7.01,0.707,False,False,0.0
2026-05-27,600176,中国巨石,76,5183.0,10jqka,intraday_0950,2026-05-27 09:50:00,2026-05-06,7,1,79.0,3.0,ok,2026-05-27,41.29,40.26,41.42,39.7,414354.0,-2.02,4.98,14.67,0.326,0.26,3.32,8.68,9.48,-6.26,0.076,False,False,0.0
2026-05-27,000066,中国长城,76,9322.0,10jqka,post_close,2026-05-27 15:00:00,2026-05-06,16,16,68.0,-8.0,ok,2026-05-27,19.61,18.36,19.77,18.28,2213336.0,-4.87,-12.28,-11.6,0.054,0.68,-7.71,-10.15,-12.49,-28.67,0.107,False,False,0.0
2026-05-27,601615,明阳智能,77,9221.0,10jqka,post_close,2026-05-27 15:00:00,2026-05-25,3,3,47.0,-30.0,ok,2026-05-27,18.74,17.73,19.66,17.55,2165844.0,-5.19,5.6,7.78,0.085,1.33,1.38,5.5,7.73,-26.74,0.436,False,False,0.0
2026-05-27,300750,宁德时代,78,9179.0,10jqka,post_close,2026-05-27 15:00:00,2026-05-06,5,1,94.0,16.0,ok,2026-05-26,406.19,402.5,408.77,400.36,350627.0,-0.09,-2.22,-3.69,0.254,1.14,-1.49,-3.31,-6.15,-14.13,0.307,False,False,1.0
2026-05-27,301308,江波龙,79,5053.0,10jqka,intraday_0950,2026-05-27 09:50:00,2026-05-06,10,1,95.0,16.0,ok,2026-05-27,565.16,565.25,580.88,565.16,96050.0,4.88,2.87,-1.09,0.006,0.56,2.47,-0.38,8.29,-11.47,0.994,False,False,0.0
2026-05-27,603045,福达合金,79,9141.0,10jqka,post_close,2026-05-27 15:00:00,2026-05-12,2,1,83.0,4.0,ok,2026-05-27,66.86,72.3,72.3,66.23,180040.0,6.79,10.74,8.14,1.0,1.49,7.51,5.79,16.42,-7.84,0.0,False,False,0.0
2026-05-27,688008,澜起科技,80,4966.0,10jqka,intraday_0950,2026-05-27 09:50:00,2026-05-06,11,5,63.0,-17.0,ok,2026-05-27,284.99,279.07,288.79,279.07,267373.0,2.49,2.66,8.46,0.0,0.0,1.89,5.91,18.81,-3.37,0.391,False,False,0.0
2026-05-27,000601,韶能股份,80,9067.0,10jqka,post_close,2026-05-27 15:00:00,2026-05-13,4,1,26.0,-54.0,ok,2026-05-26,7.43,7.31,7.52,7.21,878864.0,-3.31,0.69,-8.28,0.323,0.71,-0.41,-5.69,-1.36,-25.33,0.29,False,False,1.0
2026-05-27,301666,大普微,81,4963.0,10jqka,intraday_0950,2026-05-27 09:50:00,2026-05-06,10,5,85.0,4.0,ok,2026-05-27,750.0,768.0,784.9,734.0,31063.0,7.71,-13.61,12.94,0.668,0.44,-4.31,9.99,52.29,-16.42,0.332,False,False,0.0
2026-05-27,600481,双良节能,81,8964.0,10jqka,post_close,2026-05-27 15:00:00,2026-05-14,5,1,26.0,-55.0,ok,2026-05-27,6.7,6.15,6.91,6.15,2325862.0,-9.96,-19.61,-15.98,0.0,0.77,-13.99,-12.83,-7.62,-35.74,0.276,False,False,0.0
2026-05-27,002741,光华科技,82,8956.0,10jqka,post_close,2026-05-27 15:00:00,2026-05-27,1,1,,,ok,2026-05-27,27.81,29.95,30.23,27.48,859667.0,6.47,18.1,27.07,0.898,1.47,11.43,19.54,26.54,-0.93,0.102,False,False,0.0
2026-05-27,002409,雅克科技,83,4805.0,10jqka,intraday_0950,2026-05-27 09:50:00,2026-05-14,6,2,37.0,-46.0,ok,2026-05-27,125.0,125.3,127.48,123.1,109079.0,1.7,7.55,3.93,0.502,0.28,3.2,6.9,20.69,-2.22,0.498,False,False,0.0
2026-05-27,600276,恒瑞医药,83,8907.0,10jqka,post_close,2026-05-27 15:00:00,2026-05-12,7,1,96.0,13.0,ok,2026-05-27,48.88,50.37,51.3,48.45,961153.0,2.38,0.2,-0.75,0.674,1.19,0.61,-1.89,-4.72,-14.15,0.326,False,False,0.0
2026-05-27,300394,天孚通信,84,8839.0,10jqka,post_close,2026-05-27 15:00:00,2026-05-13,7,1,64.0,-20.0,ok,2026-05-27,403.95,428.61,444.64,401.83,518277.0,5.37,15.06,19.39,0.626,1.08,10.36,11.6,20.49,-3.61,0.374,False,False,0.0
2026-05-27,002980,华盛昌,85,4644.0,10jqka,intraday_0950,2026-05-27 09:50:00,2026-05-15,4,2,53.0,-32.0,ok,2026-05-27,111.01,117.96,118.0,107.67,75557.0,2.13,1.36,6.25,0.996,0.45,1.05,7.71,22.91,-11.67,0.004,False,False,0.0
2026-05-27,600744,华银电力,85,8659.0,10jqka,post_close,2026-05-27 15:00:00,2026-05-27,1,1,,,ok,2026-05-27,7.76,8.6,8.6,7.72,1690884.0,9.97,11.69,11.4,1.0,1.62,7.93,6.07,1.79,-11.98,0.0,True,False,0.0
2026-05-27,600219,南山铝业,86,4636.0,10jqka,intraday_0950,2026-05-27 09:50:00,2026-05-27,1,1,,,ok,2026-05-27,5.6,5.5,5.66,5.46,1459197.0,-3.17,4.17,5.77,0.2,0.55,2.88,4.72,3.57,-30.03,0.3,False,False,0.0
2026-05-27,300373,扬杰科技,86,8498.0,10jqka,post_close,2026-05-27 15:00:00,2026-05-27,1,1,,,ok,2026-05-27,101.9,110.02,114.86,101.2,516596.0,12.38,27.37,31.43,0.646,1.44,17.76,25.2,32.57,-4.21,0.354,True,False,0.0
2026-05-27,601127,赛力斯,87,4599.0,10jqka,intraday_0950,2026-05-27 09:50:00,2026-05-21,3,1,41.0,-46.0,ok,2026-05-27,85.99,88.26,88.72,85.0,169615.0,2.14,7.59,12.35,0.876,0.44,4.53,6.22,2.59,-18.26,0.124,False,False,0.0
2026-05-27,688981,中芯国际,87,8483.0,10jqka,post_close,2026-05-27 15:00:00,2026-05-15,6,4,46.0,-41.0,ok,2026-05-27,150.0,146.22,153.52,145.0,123498375.0,-1.98,11.34,9.27,0.143,0.66,2.98,11.01,16.32,-7.22,0.413,False,False,0.0
2026-05-27,603993,洛阳钼业,88,4543.0,10jqka,intraday_0950,2026-05-27 09:50:00,2026-05-27,1,1,,,ok,2026-05-27,20.0,19.52,20.16,19.43,739372.0,-2.89,5.34,8.69,0.123,0.29,2.28,3.39,1.35,-21.54,0.219,False,False,0.0
2026-05-27,920161,龙辰科技,88,8446.0,10jqka,post_close,2026-05-27 15:00:00,2026-05-27,1,1,,,ok,2026-05-27,55.0,40.95,59.0,40.0,332753.0,,,,0.05,,0.0,0.0,0.0,-30.59,0.211,False,False,0.0
2026-05-27,002916,深南电路,89,4517.0,10jqka,intraday_0950,2026-05-27 09:50:00,2026-05-25,3,3,69.0,-20.0,ok,2026-05-27,410.15,410.6,418.0,400.76,53854.0,-2.12,8.55,22.98,0.571,0.35,5.16,13.77,19.93,-5.17,0.429,False,False,0.0
2026-05-27,688820,盛合晶微,89,8418.0,10jqka,post_close,2026-05-27 15:00:00,2026-05-15,5,3,71.0,-18.0,ok,2026-05-27,221.86,211.86,234.56,211.8,39498366.0,-7.48,12.72,11.95,0.003,0.86,3.9,10.45,36.77,-9.97,0.558,False,False,0.0
2026-05-27,002585,双星新材,90,8324.0,10jqka,post_close,2026-05-27 15:00:00,2026-05-26,2,2,51.0,-39.0,ok,2026-05-27,10.43,10.75,11.23,10.25,2527872.0,-1.1,19.71,28.43,0.51,2.39,10.51,17.61,24.39,-4.27,0.49,False,False,0.0
2026-05-27,603256,宏和科技,91,4466.0,10jqka,intraday_0950,2026-05-27 09:50:00,2026-05-07,6,3,31.0,-60.0,ok,2026-05-27,183.5,186.81,187.5,178.88,72353.0,1.58,17.22,28.83,0.92,0.31,9.85,21.31,30.45,-2.13,0.08,False,False,0.0
2026-05-27,002484,江海股份,91,8226.0,10jqka,post_close,2026-05-27 15:00:00,2026-05-27,1,1,,,ok,2026-05-27,67.6,67.6,67.6,67.6,140062.0,10.01,11.74,15.36,1.0,0.27,10.11,18.15,36.66,0.0,0.0,True,True,0.0
2026-05-27,002036,联创电子,92,4442.0,10jqka,intraday_0950,2026-05-27 09:50:00,2026-05-21,5,5,74.0,-18.0,ok,2026-05-27,10.44,10.37,10.83,10.28,502562.0,-3.8,0.68,21.86,0.164,0.36,1.41,10.18,16.66,-12.49,0.709,False,False,0.0
2026-05-27,300502,新易盛,92,8135.0,10jqka,post_close,2026-05-27 15:00:00,2026-05-06,12,4,20.0,-72.0,ok,2026-05-27,690.53,695.0,715.0,683.83,351379.0,-0.71,14.54,18.2,0.358,0.88,7.69,11.82,18.05,-2.8,0.642,False,False,0.0
2026-05-27,300223,北京君正,93,8129.0,10jqka,post_close,2026-05-27 15:00:00,2026-05-26,2,2,97.0,4.0,ok,2026-05-27,172.25,160.01,175.98,158.5,841972.0,6.96,15.61,12.76,0.086,2.29,11.02,13.02,15.96,-9.07,0.213,False,False,0.0
2026-05-27,601933,永辉超市,94,8054.0,10jqka,post_close,2026-05-27 15:00:00,2026-05-14,2,1,76.0,-18.0,ok,2026-05-27,3.55,3.75,3.85,3.47,3623900.0,4.17,8.38,5.34,0.737,2.79,5.75,4.22,1.67,-13.19,0.263,False,False,0.0
2026-05-27,600611,大众交通,95,4415.0,10jqka,intraday_0950,2026-05-27 09:50:00,2026-05-21,5,5,46.0,-49.0,ok,2026-05-27,5.34,5.4,5.54,5.21,769682.0,-2.53,-11.91,6.72,0.576,0.41,-6.18,4.11,10.05,-18.06,0.424,False,False,0.0
2026-05-27,002230,科大讯飞,95,8012.0,10jqka,post_close,2026-05-27 15:00:00,2026-05-27,1,1,,,ok,2026-05-26,48.34,49.25,50.1,47.73,689376.0,1.17,4.34,0.26,0.641,1.41,2.4,2.07,1.03,-12.48,0.359,False,False,1.0
2026-05-27,002552,宝鼎科技,96,7995.0,10jqka,post_close,2026-05-27 15:00:00,2026-05-12,3,2,48.0,-48.0,ok,2026-05-27,48.0,50.53,53.0,46.0,490110.0,4.88,26.9,35.11,0.647,1.38,15.61,27.56,53.48,-4.66,0.353,False,False,0.0
2026-05-27,600376,首开股份,97,4375.0,10jqka,intraday_0950,2026-05-27 09:50:00,2026-05-26,2,2,51.0,-46.0,ok,2026-05-27,4.8,4.91,5.02,4.63,1574990.0,-2.19,13.13,13.13,0.718,0.75,4.07,6.53,6.76,-20.68,0.282,False,False,0.0
2026-05-27,002342,巨力索具,97,7994.0,10jqka,post_close,2026-05-27 15:00:00,2026-05-06,15,1,57.0,-40.0,ok,2026-05-27,12.38,11.56,12.4,11.46,1216424.0,-4.78,-12.22,-18.65,0.106,0.47,-7.4,-22.52,-34.35,-51.83,0.021,False,False,0.0
2026-05-27,002245,蔚蓝锂芯,98,7992.0,10jqka,post_close,2026-05-27 15:00:00,2026-05-06,5,2,29.0,-69.0,ok,2026-05-27,22.0,22.78,23.21,22.0,2219780.0,1.92,11.61,25.93,0.645,1.23,9.09,16.74,32.64,-1.85,0.355,False,False,0.0
2026-05-27,600378,昊华科技,99,4273.0,10jqka,intraday_0950,2026-05-27 09:50:00,2026-05-27,1,1,,,ok,2026-05-27,40.87,40.03,42.94,39.82,303384.0,1.99,,,0.067,,0.0,0.0,0.0,-6.78,0.663,False,False,0.0
2026-05-27,601899,紫金矿业,99,7965.0,10jqka,post_close,2026-05-27 15:00:00,2026-05-06,14,2,31.0,-68.0,ok,2026-05-27,32.58,31.62,32.89,31.53,2616966.0,-3.89,2.13,4.05,0.066,0.81,0.82,0.37,-3.59,-22.69,0.228,False,False,0.0
2026-05-27,300058,蓝色光标,100,7903.0,10jqka,post_close,2026-05-27 15:00:00,2026-05-06,15,14,89.0,-11.0,ok,2026-05-27,16.35,15.77,16.65,15.74,2936261.0,-2.95,-7.83,-10.85,0.033,0.82,-5.61,-8.71,-10.71,-23.78,0.33,False,False,0.0
2026-05-28,600584,长电科技,1,28970.0,10jqka,intraday_0950,2026-05-28 09:50:00,2026-05-06,16,14,1.0,0.0,ok,2026-05-28,83.01,83.88,85.5,81.0,1052125.0,-2.65,4.63,25.49,0.64,0.34,1.97,16.25,36.71,-11.61,0.36,False,False,0.0
2026-05-28,002185,华天科技,2,25251.0,10jqka,intraday_0950,2026-05-28 09:50:00,2026-05-06,16,9,2.0,0.0,ok,2026-05-28,20.15,20.74,21.3,20.15,4182598.0,2.93,22.22,36.54,0.513,0.72,12.77,23.95,35.91,-2.63,0.487,False,False,0.0
2026-05-28,600396,华电辽能,3,20039.0,10jqka,intraday_0950,2026-05-28 09:50:00,2026-05-06,17,17,20.0,17.0,ok,2026-05-28,16.49,18.0,18.1,16.26,1110108.0,6.64,12.36,26.49,0.946,0.45,7.1,11.06,23.92,-3.07,0.054,False,False,0.0
2026-05-28,000725,京东方A,4,18884.0,10jqka,intraday_0950,2026-05-28 09:50:00,2026-05-21,6,6,3.0,-1.0,ok,2026-05-28,5.72,5.59,5.78,5.58,9090591.0,-2.27,6.07,19.19,0.05,0.21,1.6,13.8,23.01,-8.21,0.3,False,False,0.0
2026-05-28,688635,长进光子,5,17905.0,10jqka,intraday_0950,2026-05-28 09:50:00,2026-05-28,1,1,,,ok,2026-05-27,530.0,659.99,688.88,522.0,13765833.0,,,,0.827,,0.0,0.0,0.0,-4.19,0.173,False,False,1.0
2026-05-28,601991,大唐发电,6,16905.0,10jqka,intraday_0950,2026-05-28 09:50:00,2026-05-06,17,17,12.0,6.0,ok,2026-05-28,7.0,7.37,7.38,7.0,2360629.0,2.93,-0.41,4.54,0.974,0.27,0.88,-2.19,13.07,-14.7,0.026,False,False,0.0
2026-05-28,600863,华能蒙电,7,14429.0,10jqka,intraday_0950,2026-05-28 09:50:00,2026-05-20,6,3,62.0,55.0,ok,2026-05-28,5.93,6.13,6.22,5.93,1118413.0,0.49,3.37,9.86,0.69,0.29,1.29,8.67,17.55,-8.64,0.31,False,False,0.0
2026-05-28,000021,深科技,8,13291.0,10jqka,intraday_0950,2026-05-28 09:50:00,2026-05-14,10,9,4.0,-4.0,ok,2026-05-28,47.03,46.99,47.03,44.95,1480468.0,9.92,14.19,29.2,0.981,0.59,10.51,18.91,32.41,-0.09,0.0,True,False,0.0
2026-05-28,002579,中京电子,9,12385.0,10jqka,intraday_0950,2026-05-28 09:50:00,2026-05-27,2,2,6.0,-3.0,ok,2026-05-28,16.85,16.49,17.28,16.2,1069529.0,-0.3,20.63,29.13,0.269,1.34,9.64,17.35,22.07,-4.57,0.398,False,False,0.0
2026-05-28,002156,通富微电,10,11844.0,10jqka,intraday_0950,2026-05-28 09:50:00,2026-05-06,17,17,5.0,-5.0,ok,2026-05-28,69.5,68.7,70.39,67.6,668484.0,-3.84,-1.55,11.24,0.394,0.26,-1.53,6.21,13.51,-12.55,0.319,False,False,0.0
2026-05-28,600726,华电能源,11,11662.0,10jqka,intraday_0950,2026-05-28 09:50:00,2026-05-06,10,3,34.0,23.0,ok,2026-05-28,9.21,9.21,9.21,8.97,2255823.0,10.04,33.09,48.79,1.0,1.46,19.92,26.82,25.02,0.0,0.0,True,False,0.0
2026-05-28,002251,步步高,12,10880.0,10jqka,intraday_0950,2026-05-28 09:50:00,2026-05-27,2,2,84.0,72.0,ok,2026-05-28,4.53,4.61,4.7,4.45,1756770.0,0.88,22.28,25.96,0.64,1.53,10.82,16.03,14.56,-3.15,0.36,False,False,0.0
2026-05-28,603601,再升科技,13,10666.0,10jqka,intraday_0950,2026-05-28 09:50:00,2026-05-06,15,9,29.0,16.0,ok,2026-05-28,20.9,22.48,22.48,20.78,937133.0,5.1,16.66,23.99,1.0,0.37,9.65,17.29,25.12,0.0,0.0,False,False,0.0
2026-05-28,000636,风华高科,14,10652.0,10jqka,intraday_0950,2026-05-28 09:50:00,2026-05-12,6,4,22.0,8.0,ok,2026-05-28,44.6,47.34,48.64,44.5,1032904.0,7.06,25.84,39.24,0.686,0.84,17.04,34.01,54.04,-2.67,0.314,False,False,0.0
2026-05-28,002241,歌尔股份,15,10059.0,10jqka,intraday_0950,2026-05-28 09:50:00,2026-05-27,2,2,7.0,-8.0,ok,2026-05-28,27.91,28.97,29.18,27.76,1017116.0,2.48,13.65,16.16,0.852,0.53,6.83,10.37,12.64,-0.72,0.148,False,False,0.0
2026-05-28,600578,京能电力,16,9642.0,10jqka,intraday_0950,2026-05-28 09:50:00,2026-05-14,11,11,21.0,5.0,ok,2026-05-28,9.5,9.55,10.05,9.13,1844006.0,-1.55,5.64,16.75,0.457,0.4,4.53,13.3,39.63,-4.98,0.543,False,False,0.0
2026-05-28,002297,博云新材,17,8451.0,10jqka,intraday_0950,2026-05-28 09:50:00,2026-05-06,16,6,26.0,9.0,ok,2026-05-28,22.1,21.94,22.88,21.32,1174722.0,-7.39,-24.97,-11.21,0.397,1.16,-14.14,-12.68,-11.59,-24.97,0.5,False,False,0.0
2026-05-28,000539,粤电力A,18,8322.0,10jqka,intraday_0950,2026-05-28 09:50:00,2026-05-28,1,1,,,ok,2026-05-27,6.56,7.34,7.34,6.52,1758322.0,10.04,12.4,13.8,1.0,1.9,8.77,7.42,5.0,-11.03,0.0,True,False,1.0
2026-05-28,002129,TCL中环,19,8230.0,10jqka,intraday_0950,2026-05-28 09:50:00,2026-05-13,2,1,90.0,71.0,ok,2026-05-28,9.89,10.39,10.49,9.81,2146699.0,4.63,12.69,13.93,0.853,1.43,8.39,8.6,11.06,-0.95,0.147,False,False,0.0
2026-05-28,002617,露笑科技,20,8051.0,10jqka,intraday_0950,2026-05-28 09:50:00,2026-05-15,7,3,28.0,8.0,ok,2026-05-28,10.08,10.24,10.3,10.0,990760.0,-2.1,6.89,15.19,0.8,0.33,3.6,6.95,15.21,-5.8,0.2,False,False,0.0
2026-05-28,603986,兆易创新,21,7662.0,10jqka,intraday_0950,2026-05-28 09:50:00,2026-05-06,16,9,8.0,-13.0,ok,2026-05-28,541.0,539.52,552.82,534.0,209593.0,2.53,4.79,25.14,0.293,0.33,5.26,16.87,34.78,-2.41,0.628,False,False,0.0
2026-05-28,600759,ST洲际,22,7655.0,10jqka,intraday_0950,2026-05-28 09:50:00,2026-05-06,17,17,40.0,18.0,ok,2026-05-28,2.36,2.31,2.39,2.31,1700889.0,-4.94,-8.33,-17.2,0.0,0.64,-6.93,-14.44,-32.63,-74.59,0.375,False,False,0.0
2026-05-28,603989,艾华集团,23,7544.0,10jqka,intraday_0950,2026-05-28 09:50:00,2026-05-25,2,1,62.0,39.0,ok,2026-05-28,31.26,31.26,31.26,31.26,36300.0,9.99,1.82,20.98,1.0,0.1,-0.48,13.75,30.11,-10.51,0.0,True,True,0.0
2026-05-28,600186,莲花控股,24,7525.0,10jqka,intraday_0950,2026-05-28 09:50:00,2026-05-06,17,17,9.0,-15.0,ok,2026-05-28,13.19,12.19,13.23,12.14,1265816.0,-7.58,-5.72,14.14,0.046,0.47,-1.58,5.04,9.81,-11.02,0.037,False,False,0.0
2026-05-28,603629,利通电子,25,7475.0,10jqka,intraday_0950,2026-05-28 09:50:00,2026-05-06,17,17,13.0,-12.0,ok,2026-05-28,212.5,213.61,215.3,211.01,48448.0,-0.22,5.75,18.93,0.606,0.16,2.97,11.42,23.48,-1.51,0.394,False,False,0.0
2026-05-28,600745,*ST闻泰,26,7467.0,10jqka,intraday_0950,2026-05-28 09:50:00,2026-05-06,17,17,43.0,17.0,ok,2026-05-28,17.69,18.75,18.75,17.67,274572.0,4.98,10.23,11.61,1.0,0.28,5.85,7.39,-10.78,-46.34,0.0,False,False,0.0
2026-05-28,600519,贵州茅台,27,7400.0,10jqka,intraday_0950,2026-05-28 09:50:00,2026-05-06,9,6,71.0,44.0,ok,2026-05-28,1268.02,1261.0,1273.0,1258.5,12165.0,-0.97,-1.93,-3.81,0.172,0.23,-1.69,-3.15,-5.66,-15.83,0.343,False,False,0.0
2026-05-28,603773,沃格光电,28,7240.0,10jqka,intraday_0950,2026-05-28 09:50:00,2026-05-06,11,2,25.0,-3.0,ok,2026-05-28,97.55,100.69,100.69,96.77,136840.0,10.0,20.99,24.28,1.0,0.44,10.54,21.69,28.16,0.0,0.0,True,False,0.0
2026-05-28,000509,华塑控股,29,7229.0,10jqka,intraday_0950,2026-05-28 09:50:00,2026-05-27,2,2,73.0,44.0,ok,2026-05-28,5.72,5.73,5.73,5.71,557060.0,9.98,32.95,50.79,1.0,0.49,19.82,32.49,41.48,0.0,0.0,True,False,0.0
2026-05-28,002050,三花智控,30,7011.0,10jqka,intraday_0950,2026-05-28 09:50:00,2026-05-06,17,17,30.0,0.0,ok,2026-05-28,50.7,49.05,50.8,48.7,601080.0,-3.86,-9.02,-7.16,0.167,0.25,-6.56,-6.24,-3.09,-12.41,0.048,False,False,0.0
2026-05-28,002484,江海股份,31,6993.0,10jqka,intraday_0950,2026-05-28 09:50:00,2026-05-20,2,1,96.0,65.0,ok,2026-05-28,72.01,74.07,74.07,71.36,198132.0,9.99,19.64,33.44,1.0,0.45,13.77,23.38,44.42,0.0,0.0,True,False,0.0
2026-05-28,600744,华银电力,32,6990.0,10jqka,intraday_0950,2026-05-28 09:50:00,2026-05-28,1,1,,,ok,2026-05-27,7.76,8.6,8.6,7.72,1690884.0,9.97,11.69,11.4,1.0,1.62,7.93,6.07,1.79,-11.98,0.0,True,False,1.0
2026-05-28,000988,华工科技,33,6982.0,10jqka,intraday_0950,2026-05-28 09:50:00,2026-05-06,17,17,16.0,-17.0,ok,2026-05-28,158.01,161.53,162.0,155.71,191425.0,1.03,-6.05,4.92,0.925,0.18,-1.5,2.42,11.48,-8.12,0.075,False,False,0.0
2026-05-28,601138,工业富联,34,6761.0,10jqka,intraday_0950,2026-05-28 09:50:00,2026-05-06,17,17,51.0,17.0,ok,2026-05-28,69.9,72.01,72.19,69.69,726469.0,2.9,2.43,9.94,0.928,0.31,3.01,4.61,7.01,-2.69,0.072,False,False,0.0
2026-05-28,600703,三安光电,35,6638.0,10jqka,intraday_0950,2026-05-28 09:50:00,2026-05-06,14,1,74.0,39.0,ok,2026-05-28,16.3,16.77,16.92,16.11,911901.0,0.96,3.97,6.82,0.815,0.33,2.81,2.76,5.82,-10.66,0.185,False,False,0.0
2026-05-28,002421,达实智能,36,6337.0,10jqka,intraday_0950,2026-05-28 09:50:00,2026-05-18,9,9,24.0,-12.0,ok,2026-05-28,4.24,4.86,4.96,4.13,4130689.0,6.11,1.25,22.73,0.88,0.53,4.52,15.44,35.98,-5.81,0.12,False,False,0.0
2026-05-28,600522,中天科技,37,6304.0,10jqka,intraday_0950,2026-05-28 09:50:00,2026-05-06,17,17,23.0,-14.0,ok,2026-05-28,39.25,38.3,39.26,37.75,570990.0,-1.92,-10.7,-8.59,0.364,0.21,-6.38,-9.1,-5.84,-19.2,0.007,False,False,0.0
2026-05-28,002771,真视通,38,6161.0,10jqka,intraday_0950,2026-05-28 09:50:00,2026-05-28,1,1,,,ok,2026-05-28,16.87,16.83,17.0,16.15,269682.0,2.06,,,0.8,,0.0,0.0,0.0,-1.0,0.153,False,False,0.0
2026-05-28,600667,太极实业,39,5994.0,10jqka,intraday_0950,2026-05-28 09:50:00,2026-05-13,8,3,90.0,51.0,ok,2026-05-28,13.77,13.4,13.92,13.13,1181829.0,-3.74,0.45,7.89,0.342,0.4,0.69,2.14,11.22,-8.22,0.19,False,False,0.0
2026-05-28,300058,蓝色光标,40,5969.0,10jqka,intraday_0950,2026-05-28 09:50:00,2026-05-06,9,1,100.0,60.0,ok,2026-05-28,15.71,15.7,15.94,15.58,513431.0,-0.44,-6.44,-10.95,0.333,0.15,-3.81,-8.24,-10.71,-24.12,0.639,False,False,0.0
2026-05-28,600183,生益科技,41,5934.0,10jqka,intraday_0950,2026-05-28 09:50:00,2026-05-14,6,4,10.0,-31.0,ok,2026-05-28,133.0,138.5,139.63,131.4,364141.0,8.06,18.86,41.05,0.863,0.45,11.16,24.62,42.48,-1.07,0.137,False,False,0.0
2026-05-28,603005,晶方科技,42,5902.0,10jqka,intraday_0950,2026-05-28 09:50:00,2026-05-21,6,6,11.0,-31.0,ok,2026-05-28,41.88,44.13,44.8,40.99,485313.0,2.6,2.51,22.31,0.824,0.3,2.9,14.15,24.99,-6.76,0.176,False,False,0.0
2026-05-28,300308,中际旭创,43,5766.0,10jqka,intraday_0950,2026-05-28 09:50:00,2026-05-06,17,17,69.0,26.0,ok,2026-05-28,1100.0,1088.1,1115.0,1087.9,48404.0,-2.09,-0.45,9.54,0.007,0.2,0.13,2.76,9.8,-5.14,0.554,False,False,0.0
2026-05-28,002012,凯恩股份,44,5645.0,10jqka,intraday_0950,2026-05-28 09:50:00,2026-05-28,1,1,,,missing_price_file,,,,,,,,,,,,,,,,,,,
2026-05-28,000601,韶能股份,45,5578.0,10jqka,intraday_0950,2026-05-28 09:50:00,2026-05-13,4,1,75.0,30.0,ok,2026-05-28,8.17,7.59,8.2,7.49,1016087.0,-7.78,3.55,4.83,0.141,0.93,2.43,-0.39,1.92,-22.47,0.042,False,False,0.0
2026-05-28,000759,中百集团,46,5567.0,10jqka,intraday_0950,2026-05-28 09:50:00,2026-05-28,1,1,,,ok,2026-05-27,5.59,6.07,6.07,5.37,1353142.0,9.96,22.13,17.86,1.0,5.04,14.53,14.96,13.29,-12.16,0.0,True,False,1.0
2026-05-28,300433,蓝思科技,47,5540.0,10jqka,intraday_0950,2026-05-28 09:50:00,2026-05-15,8,1,61.0,14.0,ok,2026-05-28,39.8,41.54,41.7,39.7,640996.0,3.13,5.11,13.78,0.92,0.3,4.78,8.77,24.35,-0.38,0.08,False,False,0.0
2026-05-28,002463,沪电股份,48,5525.0,10jqka,intraday_0950,2026-05-28 09:50:00,2026-05-07,6,4,14.0,-34.0,ok,2026-05-28,126.1,130.71,132.49,125.36,258411.0,1.89,6.67,26.05,0.75,0.26,3.91,14.05,18.38,-3.03,0.25,False,False,0.0
2026-05-28,600460,士兰微,49,5442.0,10jqka,intraday_0950,2026-05-28 09:50:00,2026-05-26,2,1,57.0,8.0,ok,2026-05-28,33.97,33.23,34.5,33.04,341396.0,-2.81,-2.81,7.4,0.13,0.29,-1.72,1.64,6.42,-10.86,0.363,False,False,0.0
2026-05-28,601126,四方股份,50,5420.0,10jqka,intraday_0950,2026-05-28 09:50:00,2026-05-14,3,1,31.0,-19.0,ok,2026-05-28,83.32,81.77,87.4,81.5,130056.0,-2.84,2.01,1.01,0.046,0.35,1.61,0.79,12.49,-7.25,0.692,False,False,0.0
2026-05-28,605006,山东玻纤,51,5281.0,10jqka,intraday_0950,2026-05-28 09:50:00,2026-05-11,4,2,31.0,-20.0,ok,2026-05-28,18.34,18.17,18.91,17.1,402610.0,1.4,11.54,26.97,0.591,0.5,4.82,13.99,21.23,-7.81,0.315,False,False,0.0
2026-05-28,002407,多氟多,52,5219.0,10jqka,intraday_0950,2026-05-28 09:50:00,2026-05-06,14,10,46.0,-6.0,ok,2026-05-28,35.91,34.41,36.33,34.41,444965.0,-3.86,-10.46,-15.68,0.0,0.2,-8.29,-9.44,-5.97,-21.6,0.219,False,False,0.0
2026-05-28,002149,西部材料,53,5212.0,10jqka,intraday_0950,2026-05-28 09:50:00,2026-05-06,16,9,66.0,13.0,ok,2026-05-28,64.29,64.2,64.4,62.62,120770.0,-2.13,-8.26,-8.48,0.888,0.17,-4.32,-6.4,-6.5,-18.6,0.062,False,False,0.0
2026-05-28,002881,美格智能,54,5211.0,10jqka,intraday_0950,2026-05-28 09:50:00,2026-05-28,1,1,,,ok,2026-05-28,48.79,49.0,49.18,46.88,97298.0,-1.59,,,0.922,,0.0,0.0,0.0,-0.37,0.078,False,False,0.0
2026-05-28,002475,立讯精密,55,5197.0,10jqka,intraday_0950,2026-05-28 09:50:00,2026-05-06,16,1,56.0,1.0,ok,2026-05-28,71.23,70.03,71.4,69.32,269184.0,-2.18,-6.25,3.18,0.341,0.15,-3.05,-2.52,-2.78,-14.37,0.082,False,False,0.0
2026-05-28,601016,节能风电,56,5154.0,10jqka,intraday_0950,2026-05-28 09:50:00,2026-05-06,8,1,39.0,-17.0,ok,2026-05-28,5.03,5.01,5.13,4.85,2387149.0,-2.15,4.81,11.33,0.571,0.61,4.55,3.77,2.9,-14.94,0.357,False,False,0.0
2026-05-28,605358,立昂微,57,5135.0,10jqka,intraday_0950,2026-05-28 09:50:00,2026-05-11,3,1,23.0,-34.0,ok,2026-05-28,55.89,56.82,57.77,55.0,336363.0,2.99,4.91,10.85,0.657,0.56,4.25,5.91,13.68,-1.64,0.343,False,False,0.0
2026-05-28,600330,天通股份,58,5070.0,10jqka,intraday_0950,2026-05-28 09:50:00,2026-05-06,10,1,68.0,10.0,ok,2026-05-28,30.76,29.44,31.25,29.33,496553.0,-5.97,-5.97,7.05,0.057,0.29,-1.92,-0.33,-0.56,-17.19,0.255,False,False,0.0
2026-05-28,600105,永鼎股份,59,5010.0,10jqka,intraday_0950,2026-05-28 09:50:00,2026-05-07,11,1,83.0,24.0,ok,2026-05-28,47.22,47.4,47.75,46.5,253778.0,2.4,0.42,2.4,0.72,0.18,0.13,-2.7,-2.11,-15.94,0.28,False,False,0.0
2026-05-28,000858,五粮液,60,5007.0,10jqka,intraday_0950,2026-05-28 09:50:00,2026-05-06,17,17,94.0,34.0,ok,2026-05-28,82.56,82.38,82.8,81.81,111876.0,-1.8,-2.09,-3.48,0.576,0.32,-1.41,-2.72,-7.44,-22.15,0.242,False,False,0.0
2026-05-28,002384,东山精密,61,4997.0,10jqka,intraday_0950,2026-05-28 09:50:00,2026-05-06,17,17,77.0,16.0,ok,2026-05-28,222.0,215.59,223.0,214.38,211598.0,-3.48,-4.71,4.16,0.14,0.26,-2.62,-0.81,2.27,-7.87,0.116,False,False,0.0
2026-05-28,603115,海星股份,62,4880.0,10jqka,intraday_0950,2026-05-28 09:50:00,2026-05-20,5,1,26.0,-36.0,ok,2026-05-28,114.21,111.3,118.31,110.0,66155.0,-1.57,-2.56,5.26,0.156,0.53,-0.22,10.03,35.93,-8.77,0.493,False,False,0.0
2026-05-28,603663,三祥新材,63,4880.0,10jqka,intraday_0950,2026-05-28 09:50:00,2026-05-28,1,1,,,ok,2026-05-28,64.68,60.87,66.06,59.36,179529.0,-5.08,,,0.225,,0.0,0.0,0.0,-7.86,0.206,False,False,0.0
2026-05-28,001257,盛龙股份,64,4877.0,10jqka,intraday_0950,2026-05-28 09:50:00,2026-05-28,1,1,,,ok,2026-05-28,28.42,28.22,28.78,27.3,199240.0,-0.67,,,0.622,,0.0,0.0,0.0,-1.95,0.243,False,False,0.0
2026-05-28,603045,福达合金,65,4873.0,10jqka,intraday_0950,2026-05-28 09:50:00,2026-05-08,6,1,93.0,28.0,ok,2026-05-28,71.04,68.8,74.5,68.21,71727.0,-4.84,2.47,7.79,0.094,0.56,0.81,0.76,8.3,-12.3,0.55,False,False,0.0
2026-05-28,600162,香江控股,66,4851.0,10jqka,intraday_0950,2026-05-28 09:50:00,2026-05-28,1,1,,,missing_price_file,,,,,,,,,,,,,,,,,,,
2026-05-28,600487,亨通光电,67,4821.0,10jqka,intraday_0950,2026-05-28 09:50:00,2026-05-06,17,17,53.0,-14.0,ok,2026-05-28,68.64,68.94,71.31,68.02,382725.0,-0.68,-6.09,-1.37,0.28,0.26,-2.49,-3.75,-4.39,-13.72,0.72,False,False,0.0
2026-05-28,600172,黄河旋风,68,4786.0,10jqka,intraday_0950,2026-05-28 09:50:00,2026-05-12,8,4,15.0,-53.0,ok,2026-05-28,13.3,13.24,13.66,13.0,1378665.0,-0.45,20.47,23.74,0.364,0.82,11.06,15.07,27.91,-3.07,0.545,False,False,0.0
2026-05-28,002281,光迅科技,69,4756.0,10jqka,intraday_0950,2026-05-28 09:50:00,2026-05-06,17,17,33.0,-36.0,ok,2026-05-28,200.0,207.8,210.72,197.58,175722.0,2.52,-7.22,-4.37,0.778,0.25,-1.71,-3.26,7.67,-15.8,0.222,False,False,0.0
2026-05-28,300274,阳光电源,70,4711.0,10jqka,intraday_0950,2026-05-28 09:50:00,2026-05-18,6,2,44.0,-26.0,ok,2026-05-28,182.89,180.66,185.96,180.2,182400.0,-1.86,8.02,9.24,0.08,0.18,3.18,8.14,18.36,-5.76,0.533,False,False,0.0
2026-05-28,600353,旭光电子,71,4578.0,10jqka,intraday_0950,2026-05-28 09:50:00,2026-05-28,1,1,,,missing_price_file,,,,,,,,,,,,,,,,,,,
2026-05-28,002927,泰永长征,72,4512.0,10jqka,intraday_0950,2026-05-28 09:50:00,2026-05-28,1,1,,,ok,2026-05-28,23.6,24.01,24.75,23.45,194686.0,1.74,,,0.431,,0.0,0.0,0.0,-2.99,0.569,False,False,0.0
2026-05-28,002706,良信股份,73,4505.0,10jqka,intraday_0950,2026-05-28 09:50:00,2026-05-28,1,1,,,ok,2026-05-28,14.56,14.52,15.1,14.39,346755.0,-2.02,,,0.183,,0.0,0.0,0.0,-3.84,0.761,False,False,0.0
2026-05-28,600021,上海电力,74,4493.0,10jqka,intraday_0950,2026-05-28 09:50:00,2026-05-20,3,2,32.0,-42.0,ok,2026-05-28,20.59,20.43,21.45,19.9,834372.0,-0.78,10.19,13.82,0.342,0.58,4.72,9.64,12.68,-8.63,0.555,False,False,0.0
2026-05-28,002342,巨力索具,75,4465.0,10jqka,intraday_0950,2026-05-28 09:50:00,2026-05-06,16,1,89.0,14.0,ok,2026-05-28,12.53,12.1,12.56,12.06,482687.0,-5.17,-5.17,-5.39,0.08,0.23,-1.99,-14.42,-30.03,-49.58,0.06,False,False,0.0
2026-05-28,600707,彩虹股份,76,4432.0,10jqka,intraday_0950,2026-05-28 09:50:00,2026-05-14,8,6,74.0,-2.0,ok,2026-05-28,11.3,11.19,11.4,10.85,924112.0,-6.2,-3.53,-2.01,0.618,0.37,-3.03,0.43,10.26,-12.78,0.182,False,False,0.0
2026-05-28,002552,宝鼎科技,77,4416.0,10jqka,intraday_0950,2026-05-28 09:50:00,2026-05-13,6,4,18.0,-59.0,ok,2026-05-28,48.79,53.48,53.5,48.79,171975.0,5.84,22.1,47.73,0.996,0.49,13.4,28.63,54.92,-0.04,0.004,False,False,0.0
2026-05-28,603538,美诺华,78,4413.0,10jqka,intraday_0950,2026-05-28 09:50:00,2026-05-06,8,1,89.0,11.0,ok,2026-05-28,47.0,44.76,47.6,44.71,138759.0,-3.66,-2.7,-15.79,0.017,0.34,-2.65,-8.24,-17.83,-36.41,0.208,False,False,0.0
2026-05-28,002181,粤传媒,79,4405.0,10jqka,intraday_0950,2026-05-28 09:50:00,2026-05-06,10,2,39.0,-40.0,ok,2026-05-28,14.7,15.0,15.3,14.7,372496.0,0.0,13.9,9.89,0.5,0.33,5.03,-1.9,-8.41,-30.75,0.5,False,False,0.0
2026-05-28,600779,水井坊,80,4377.0,10jqka,intraday_0950,2026-05-28 09:50:00,2026-05-28,1,1,,,ok,2026-05-27,30.67,33.94,33.94,30.48,148098.0,10.02,11.79,11.21,1.0,3.53,7.74,8.0,6.28,-11.71,0.0,True,False,1.0
2026-05-28,300136,信维通信,81,4338.0,10jqka,intraday_0950,2026-05-28 09:50:00,2026-05-06,13,6,96.0,15.0,ok,2026-05-28,113.7,110.66,114.38,110.18,231790.0,0.3,-6.72,1.06,0.114,0.22,-3.03,-0.72,4.41,-11.15,0.162,False,False,0.0
2026-05-28,002230,科大讯飞,82,4336.0,10jqka,intraday_0950,2026-05-28 09:50:00,2026-05-28,1,1,,,ok,2026-05-28,50.27,49.12,50.27,48.91,241487.0,-2.25,3.74,2.33,0.154,0.46,1.66,1.86,0.76,-12.71,0.0,False,False,0.0
2026-05-28,300088,长信科技,83,4276.0,10jqka,intraday_0950,2026-05-28 09:50:00,2026-05-28,1,1,,,ok,2026-05-28,7.8,7.75,8.16,7.71,1265115.0,-1.77,9.31,8.39,0.089,0.72,6.4,6.65,8.68,-5.14,0.8,False,False,0.0
2026-05-28,300373,扬杰科技,84,4249.0,10jqka,intraday_0950,2026-05-28 09:50:00,2026-05-28,1,1,,,ok,2026-05-28,110.8,115.66,118.0,108.13,171597.0,5.13,21.44,49.03,0.763,0.42,14.47,27.04,36.33,-1.98,0.237,False,False,0.0
2026-05-28,603667,五洲新春,85,4210.0,10jqka,intraday_0950,2026-05-28 09:50:00,2026-05-11,7,1,97.0,12.0,ok,2026-05-28,88.0,86.67,88.38,85.5,136220.0,-1.7,-0.47,2.28,0.406,0.27,1.56,2.6,10.25,-4.32,0.132,False,False,0.0
2026-05-28,002049,紫光国微,86,4138.0,10jqka,intraday_0950,2026-05-28 09:50:00,2026-05-26,2,1,50.0,-36.0,ok,2026-05-28,84.51,85.33,85.98,83.38,124742.0,0.32,0.36,9.55,0.75,0.22,2.05,4.85,6.71,-4.69,0.25,False,False,0.0
2026-05-28,002245,蔚蓝锂芯,87,4120.0,10jqka,intraday_0950,2026-05-28 09:50:00,2026-05-06,5,2,38.0,-49.0,ok,2026-05-28,22.0,22.36,22.63,22.0,621803.0,0.04,10.04,20.54,0.571,0.3,3.31,12.06,27.01,-3.66,0.429,False,False,0.0
2026-05-28,002938,鹏鼎控股,88,4110.0,10jqka,intraday_0950,2026-05-28 09:50:00,2026-05-25,4,4,47.0,-41.0,ok,2026-05-28,106.92,103.78,107.73,103.07,135298.0,-2.01,-0.14,15.03,0.152,0.3,-2.56,6.31,18.88,-15.61,0.174,False,False,0.0
2026-05-28,605066,天正电气,89,4060.0,10jqka,intraday_0950,2026-05-28 09:50:00,2026-05-28,1,1,,,missing_price_file,,,,,,,,,,,,,,,,,,,
2026-05-28,600276,恒瑞医药,90,4051.0,10jqka,intraday_0950,2026-05-28 09:50:00,2026-05-13,2,1,16.0,-74.0,ok,2026-05-28,50.01,49.18,50.02,49.02,763420.0,-2.56,-0.1,-4.04,0.16,0.91,-0.95,-3.24,-6.42,-16.18,0.01,False,False,0.0
2026-05-28,300750,宁德时代,91,4042.0,10jqka,intraday_0950,2026-05-28 09:50:00,2026-05-06,3,1,100.0,9.0,ok,2026-05-28,420.0,409.31,420.58,409.0,93847.0,-1.32,-0.45,-1.31,0.027,0.29,0.45,-1.08,-4.16,-12.68,0.05,False,False,0.0
2026-05-28,600900,长江电力,92,4012.0,10jqka,intraday_0950,2026-05-28 09:50:00,2026-05-18,3,1,81.0,-11.0,ok,2026-05-28,27.04,26.97,27.18,26.96,204625.0,-0.22,1.12,1.16,0.045,0.18,0.2,0.14,0.01,-2.46,0.636,False,False,0.0
2026-05-28,002202,金风科技,93,3993.0,10jqka,intraday_0950,2026-05-28 09:50:00,2026-05-06,13,1,94.0,1.0,ok,2026-05-28,23.6,23.82,23.94,23.48,244071.0,0.93,-4.26,-3.68,0.739,0.17,-2.39,-4.08,-8.61,-28.47,0.261,False,False,0.0
2026-05-28,603459,红板科技,94,3950.0,10jqka,intraday_0950,2026-05-28 09:50:00,2026-05-08,11,6,78.0,-16.0,ok,2026-05-28,100.23,101.4,103.2,98.0,57011.0,-2.51,-6.37,5.61,0.654,0.18,-4.75,3.59,15.91,-11.94,0.346,False,False,0.0
2026-05-28,601899,紫金矿业,95,3854.0,10jqka,intraday_0950,2026-05-28 09:50:00,2026-05-06,14,2,60.0,-35.0,ok,2026-05-28,32.58,32.21,32.89,32.06,609725.0,-2.1,2.74,7.4,0.181,0.2,1.26,2.67,-1.59,-21.25,0.373,False,False,0.0
2026-05-28,002709,天赐材料,96,3850.0,10jqka,intraday_0950,2026-05-28 09:50:00,2026-05-06,15,6,75.0,-21.0,ok,2026-05-28,52.89,50.79,53.99,50.76,318504.0,-4.99,-4.3,-11.99,0.009,0.25,-5.03,-7.83,-11.02,-21.84,0.341,False,False,0.0
2026-05-28,603533,掌阅科技,97,3839.0,10jqka,intraday_0950,2026-05-28 09:50:00,2026-05-28,1,1,,,ok,2026-05-28,25.28,25.28,25.78,24.97,156393.0,-2.21,,,0.383,,0.0,0.0,0.0,-1.94,0.617,False,False,0.0
2026-05-28,300394,天孚通信,98,3834.0,10jqka,intraday_0950,2026-05-28 09:50:00,2026-05-08,7,1,94.0,-4.0,ok,2026-05-28,427.6,412.55,428.61,409.82,107006.0,-3.75,3.98,22.34,0.145,0.21,2.26,6.84,14.52,-7.22,0.054,False,False,0.0
2026-05-28,600580,卧龙电驱,99,3824.0,10jqka,intraday_0950,2026-05-28 09:50:00,2026-05-26,3,3,50.0,-49.0,ok,2026-05-28,44.42,41.84,44.42,41.8,407623.0,-5.81,-1.53,2.9,0.015,0.4,-2.2,0.4,3.54,-10.0,0.0,False,False,0.0
2026-05-28,002364,中恒电气,100,3792.0,10jqka,intraday_0950,2026-05-28 09:50:00,2026-05-06,4,1,82.0,-18.0,ok,2026-05-28,56.77,57.82,58.7,55.1,222486.0,1.85,11.0,12.21,0.756,0.4,7.46,11.37,21.18,-1.5,0.244,False,False,0.0
