signal_date,code,name,rank,popularity_score,source,capture_type,snapshot_time,first_seen_date,appearance_count,consecutive_days,previous_rank,rank_change,price_status,price_date,open,close,high,low,volume,day_return_pct,pre3_return_pct,pre5_return_pct,close_position,volume_ratio_5,dist_ma5_pct,dist_ma10_pct,dist_ma20_pct,dist_high60_pct,upper_shadow_pct,limit_up_like,one_word_like,price_lag_days,emotion_score,push_level,is_pushed,reasons,risks,suggested_action,strategy_version,market_regime,market_score,market_1d_pct,market_5d_pct,market_lag_days,market_price_date,market_source,sh_1d_pct,sz_1d_pct,cyb_1d_pct,sh_5d_pct,sz_5d_pct,cyb_5d_pct,relative_1d_pct,relative_5d_pct
2026-04-10,600105,永鼎股份,1,8225.0,10jqka,post_close,2026-04-10 15:00:00,2026-04-10,1,1,,,ok,2026-04-10,34.65,38.1,38.1,33.98,2331300.0,9.99,26.12,25.78,1.0,1.37,13.96,23.32,32.21,0.0,0.0,True,False,0.0,107.0,强推观察,True,人气Top3；当日涨停附近；收在日内高位；温和放量；近5日强势延续；首次上榜即强势；v2强势延续修正；v2低分涨停修正,短线涨幅偏高；偏离20日线较大,高风险情绪股：不追一字，优先看分歧承接，跌破5日线或人气退潮就跑。,v2,强势,80.41,1.93,4.99,0,2026-04-10,common_index_cache,0.51,2.24,3.78,1.71,6.1,8.7,8.06,20.79
2026-04-10,002580,圣阳股份,2,5904.0,10jqka,post_close,2026-04-10 15:00:00,2026-04-10,1,1,,,ok,2026-04-10,17.25,18.98,18.98,16.84,1879909.0,10.03,17.96,11.12,1.0,1.68,13.83,12.51,23.0,-2.01,0.0,True,False,0.0,118.0,强推观察,True,人气Top3；当日涨停附近；收在日内高位；温和放量；近5日趋势升温；站上20日线且不过热；首次上榜即强势；v2强势延续修正,-,高风险情绪股：不追一字，优先看分歧承接，跌破5日线或人气退潮就跑。,v2,强势,80.41,1.93,4.99,0,2026-04-10,common_index_cache,0.51,2.24,3.78,1.71,6.1,8.7,8.1,6.13
2026-04-10,002475,立讯精密,3,5492.0,10jqka,post_close,2026-04-10 15:00:00,2026-04-10,1,1,,,ok,2026-04-10,55.42,58.18,59.18,54.9,3868969.0,5.61,20.23,16.62,0.766,2.61,10.72,13.71,16.42,-3.55,0.234,False,False,0.0,68.0,普通观察,True,人气Top3；当日上涨；收盘承接较强；近5日趋势升温；站上20日线且不过热,-,保留在样本池，继续看次日人气和承接。,v2,强势,80.41,1.93,4.99,0,2026-04-10,common_index_cache,0.51,2.24,3.78,1.71,6.1,8.7,3.68,11.63
2026-04-10,002328,新朋股份,4,4984.0,10jqka,post_close,2026-04-10 15:00:00,2026-04-10,1,1,,,ok,2026-04-10,9.78,10.11,10.11,9.66,719998.0,10.01,22.99,36.62,1.0,0.86,15.62,25.7,36.95,0.0,0.0,True,False,0.0,85.0,重点观察,True,人气Top10；当日涨停附近；收在日内高位；温和放量；近5日强势延续；首次上榜即强势,短线涨幅偏高；偏离20日线较大,只做观察或轻仓试错，等待回落承接和量能不失控。,v2,强势,80.41,1.93,4.99,0,2026-04-10,common_index_cache,0.51,2.24,3.78,1.71,6.1,8.7,8.08,31.63
2026-04-10,002384,东山精密,5,4553.0,10jqka,post_close,2026-04-10 15:00:00,2026-04-10,1,1,,,ok,2026-04-10,132.3,143.55,145.09,132.27,1449445.0,8.83,31.69,35.11,0.88,2.7,16.72,25.8,28.1,-1.06,0.12,False,False,0.0,59.0,不推送,False,人气Top10；当日强涨；收盘承接较强；近5日强势延续；首次上榜即强势,短线涨幅偏高；偏离20日线较大,不主动推送。,v2,强势,80.41,1.93,4.99,0,2026-04-10,common_index_cache,0.51,2.24,3.78,1.71,6.1,8.7,6.9,30.12
2026-04-10,300308,中际旭创,6,4542.0,10jqka,post_close,2026-04-10 15:00:00,2026-04-10,1,1,,,ok,2026-04-10,700.0,734.65,743.04,694.01,330801.0,6.16,18.77,26.45,0.829,1.22,10.02,17.05,21.09,-1.13,0.171,False,False,0.0,69.0,普通观察,True,人气Top10；当日上涨；收盘承接较强；温和放量；近5日强势延续；站上20日线且不过热,短线涨幅偏高,保留在样本池，继续看次日人气和承接。,v2,强势,80.41,1.93,4.99,0,2026-04-10,common_index_cache,0.51,2.24,3.78,1.71,6.1,8.7,4.23,21.46
2026-04-10,603538,美诺华,7,4471.0,10jqka,post_close,2026-04-10 15:00:00,2026-04-10,1,1,,,ok,2026-04-10,47.46,49.59,50.05,44.51,905061.0,8.99,26.15,17.18,0.917,1.24,13.93,17.25,40.98,-0.92,0.083,False,False,0.0,86.0,重点观察,True,人气Top10；当日强涨；收在日内高位；温和放量；近5日趋势升温；首次上榜即强势,偏离20日线较大,只做观察或轻仓试错，等待回落承接和量能不失控。,v2,强势,80.41,1.93,4.99,0,2026-04-10,common_index_cache,0.51,2.24,3.78,1.71,6.1,8.7,7.06,12.19
2026-04-10,601869,长飞光纤,8,4256.0,10jqka,post_close,2026-04-10 15:00:00,2026-04-10,1,1,,,ok,2026-04-10,392.0,384.38,396.53,370.0,248833.0,-3.5,7.64,15.61,0.542,1.26,3.64,13.71,34.92,-3.5,0.171,False,False,0.0,38.0,不推送,False,人气Top10；温和放量；近5日趋势升温,当日转弱；偏离20日线较大,不主动推送。,v2,强势,80.41,1.93,4.99,0,2026-04-10,common_index_cache,0.51,2.24,3.78,1.71,6.1,8.7,-5.43,10.62
2026-04-10,001309,德明利,9,4095.0,10jqka,post_close,2026-04-10 15:00:00,2026-04-10,1,1,,,ok,2026-04-10,428.0,447.24,447.24,423.0,232257.0,10.0,18.26,24.18,1.0,1.4,13.09,15.55,21.4,0.0,0.0,True,False,0.0,118.0,强推观察,True,人气Top10；当日涨停附近；收在日内高位；温和放量；近5日趋势升温；站上20日线且不过热；首次上榜即强势；v2强势延续修正；v2低分涨停修正,-,高风险情绪股：不追一字，优先看分歧承接，跌破5日线或人气退潮就跑。,v2,强势,80.41,1.93,4.99,0,2026-04-10,common_index_cache,0.51,2.24,3.78,1.71,6.1,8.7,8.07,19.19
2026-04-10,002263,大东南,10,3813.0,10jqka,post_close,2026-04-10 15:00:00,2026-04-10,1,1,,,ok,2026-04-10,4.31,4.9,4.9,4.31,4212278.0,10.11,-0.2,3.59,1.0,0.82,3.68,8.07,22.36,-5.41,0.0,True,False,0.0,90.0,强推观察,True,人气Top10；当日涨停附近；收在日内高位；温和放量；站上20日线且不过热；首次上榜即强势,-,高风险情绪股：不追一字，优先看分歧承接，跌破5日线或人气退潮就跑。,v2,强势,80.41,1.93,4.99,0,2026-04-10,common_index_cache,0.51,2.24,3.78,1.71,6.1,8.7,8.18,-1.4
2026-04-10,603778,国晟科技,11,3533.0,10jqka,post_close,2026-04-10 15:00:00,2026-04-10,1,1,,,ok,2026-04-10,33.0,31.24,33.19,30.4,1167588.0,-4.87,-0.98,7.13,0.301,0.86,-0.09,9.12,20.38,-8.84,0.068,False,False,0.0,28.0,不推送,False,人气Top20；温和放量；近5日趋势升温；站上20日线且不过热,当日转弱；收盘承接偏弱,不主动推送。,v2,强势,80.41,1.93,4.99,0,2026-04-10,common_index_cache,0.51,2.24,3.78,1.71,6.1,8.7,-6.8,2.14
2026-04-10,601138,工业富联,12,3468.0,10jqka,post_close,2026-04-10 15:00:00,2026-04-10,1,1,,,ok,2026-04-10,55.6,56.52,57.27,55.33,1909441.0,2.73,7.49,8.69,0.613,1.21,3.55,6.95,9.33,-11.69,0.387,False,False,0.0,50.0,不推送,False,人气Top20；温和放量；近5日趋势升温；站上20日线且不过热,-,不主动推送。,v2,强势,80.41,1.93,4.99,0,2026-04-10,common_index_cache,0.51,2.24,3.78,1.71,6.1,8.7,0.8,3.7
2026-04-10,600010,包钢股份,13,3297.0,10jqka,post_close,2026-04-10 15:00:00,2026-04-10,1,1,,,ok,2026-04-10,2.92,2.83,2.94,2.8,12240826.0,-1.39,1.43,8.02,0.214,0.94,1.22,5.4,6.23,-17.01,0.143,False,False,0.0,28.0,不推送,False,人气Top20；温和放量；近5日趋势升温；站上20日线且不过热,当日转弱；收盘承接偏弱,不主动推送。,v2,强势,80.41,1.93,4.99,0,2026-04-10,common_index_cache,0.51,2.24,3.78,1.71,6.1,8.7,-3.32,3.03
2026-04-10,000988,华工科技,14,3283.0,10jqka,post_close,2026-04-10 15:00:00,2026-04-10,1,1,,,ok,2026-04-10,117.0,115.92,117.68,113.9,1004298.0,0.86,11.25,15.53,0.534,1.29,5.57,7.93,4.51,-18.03,0.18,False,False,0.0,50.0,不推送,False,人气Top20；温和放量；近5日趋势升温；站上20日线且不过热,-,不主动推送。,v2,强势,80.41,1.93,4.99,0,2026-04-10,common_index_cache,0.51,2.24,3.78,1.71,6.1,8.7,-1.07,10.54
2026-04-10,002074,国轩高科,15,3179.0,10jqka,post_close,2026-04-10 15:00:00,2026-04-10,1,1,,,ok,2026-04-10,35.7,38.81,38.81,35.68,1048988.0,10.01,14.82,11.52,1.0,3.71,9.93,8.55,5.92,-7.81,0.0,True,False,0.0,68.0,普通观察,True,人气Top20；当日涨停附近；收在日内高位；近5日趋势升温；站上20日线且不过热；首次上榜即强势,放量过猛,保留在样本池，继续看次日人气和承接。,v2,强势,80.41,1.93,4.99,0,2026-04-10,common_index_cache,0.51,2.24,3.78,1.71,6.1,8.7,8.08,6.53
2026-04-10,600666,奥瑞德,16,2945.0,10jqka,post_close,2026-04-10 15:00:00,2026-04-10,1,1,,,ok,2026-04-10,6.56,6.3,6.83,6.3,5795423.0,-3.96,6.6,2.11,0.0,1.03,1.12,2.26,16.97,-11.89,0.509,False,False,0.0,16.0,不推送,False,人气Top20；温和放量；站上20日线且不过热,当日转弱；收盘承接偏弱,不主动推送。,v2,强势,80.41,1.93,4.99,0,2026-04-10,common_index_cache,0.51,2.24,3.78,1.71,6.1,8.7,-5.89,-2.88
2026-04-10,300390,天华新能,17,2901.0,10jqka,post_close,2026-04-10 15:00:00,2026-04-10,1,1,,,ok,2026-04-10,62.37,68.3,71.18,61.81,1038623.0,10.16,19.87,15.08,0.693,2.13,12.91,12.86,21.22,-4.05,0.307,True,False,0.0,78.0,重点观察,True,人气Top20；当日涨停附近；放量仍可控；近5日趋势升温；站上20日线且不过热；首次上榜即强势；v2低分涨停修正,-,只做观察或轻仓试错，等待回落承接和量能不失控。,v2,强势,80.41,1.93,4.99,0,2026-04-10,common_index_cache,0.51,2.24,3.78,1.71,6.1,8.7,8.23,10.09
2026-04-10,002281,光迅科技,18,2884.0,10jqka,post_close,2026-04-10 15:00:00,2026-04-10,1,1,,,ok,2026-04-10,111.72,107.82,112.1,106.06,998530.0,-0.25,16.74,28.51,0.291,1.43,8.49,16.6,22.67,-3.82,0.063,False,False,0.0,21.0,不推送,False,人气Top20；温和放量；近5日强势延续；站上20日线且不过热,当日转弱；收盘承接偏弱；短线涨幅偏高,不主动推送。,v2,强势,80.41,1.93,4.99,0,2026-04-10,common_index_cache,0.51,2.24,3.78,1.71,6.1,8.7,-2.18,23.52
2026-04-10,002714,牧原股份,19,2868.0,10jqka,post_close,2026-04-10 15:00:00,2026-04-10,1,1,,,ok,2026-04-10,43.83,43.01,44.0,42.84,440105.0,-1.8,-1.01,-1.47,0.147,1.12,-1.13,-0.78,-5.31,-16.45,0.147,False,False,0.0,0.0,不推送,False,人气Top20；温和放量,当日转弱；收盘承接偏弱；近5日趋势未确认；仍在20日线下方,不主动推送。,v2,强势,80.41,1.93,4.99,0,2026-04-10,common_index_cache,0.51,2.24,3.78,1.71,6.1,8.7,-3.73,-6.46
2026-04-10,002418,康盛股份,20,2831.0,10jqka,post_close,2026-04-10 15:00:00,2026-04-10,1,1,,,ok,2026-04-10,5.16,5.69,5.69,5.11,1437151.0,10.06,22.37,24.78,1.0,1.75,13.53,16.89,20.82,0.0,0.0,True,False,0.0,110.0,强推观察,True,人气Top20；当日涨停附近；收在日内高位；温和放量；近5日趋势升温；站上20日线且不过热；首次上榜即强势；v2强势延续修正；v2低分涨停修正,-,高风险情绪股：不追一字，优先看分歧承接，跌破5日线或人气退潮就跑。,v2,强势,80.41,1.93,4.99,0,2026-04-10,common_index_cache,0.51,2.24,3.78,1.71,6.1,8.7,8.13,19.79
2026-04-10,600103,青山纸业,21,2830.0,10jqka,post_close,2026-04-10 15:00:00,2026-04-10,1,1,,,ok,2026-04-10,3.91,3.91,3.91,3.91,920807.0,10.14,12.03,11.4,1.0,1.41,8.13,10.11,9.65,-10.11,0.0,True,True,0.0,74.0,普通观察,True,人气Top50；当日涨停附近；收在日内高位；温和放量；近5日趋势升温；站上20日线且不过热,一字或近似一字，参与点差,保留在样本池，继续看次日人气和承接。,v2,强势,80.41,1.93,4.99,0,2026-04-10,common_index_cache,0.51,2.24,3.78,1.71,6.1,8.7,8.21,6.41
2026-04-10,600030,中信证券,22,2790.0,10jqka,post_close,2026-04-10 15:00:00,2026-04-10,1,1,,,ok,2026-04-10,25.01,25.9,26.5,25.01,4259329.0,7.25,8.28,7.34,0.597,4.5,5.58,6.28,4.61,-10.69,0.403,False,False,0.0,32.0,不推送,False,人气Top50；当日强涨；近5日趋势升温；站上20日线且不过热,放量过猛,不主动推送。,v2,强势,80.41,1.93,4.99,0,2026-04-10,common_index_cache,0.51,2.24,3.78,1.71,6.1,8.7,5.32,2.35
2026-04-10,600487,亨通光电,23,2758.0,10jqka,post_close,2026-04-10 15:00:00,2026-04-10,1,1,,,ok,2026-04-10,59.21,55.98,59.21,55.71,2089276.0,-5.98,-4.63,4.85,0.077,1.2,-3.76,1.48,11.5,-8.98,0.0,False,False,0.0,8.0,不推送,False,人气Top50；温和放量；站上20日线且不过热,当日转弱；收盘承接偏弱,不主动推送。,v2,强势,80.41,1.93,4.99,0,2026-04-10,common_index_cache,0.51,2.24,3.78,1.71,6.1,8.7,-7.91,-0.14
2026-04-10,002364,中恒电气,24,2749.0,10jqka,post_close,2026-04-10 15:00:00,2026-04-10,1,1,,,ok,2026-04-10,35.12,35.12,35.12,35.12,33892.0,9.99,27.38,36.97,1.0,0.12,16.36,23.16,19.34,-6.02,0.0,True,True,0.0,45.0,不推送,False,人气Top50；当日涨停附近；收在日内高位；近5日强势延续；站上20日线且不过热,量能不足；短线涨幅偏高；一字或近似一字，参与点差,不主动推送。,v2,强势,80.41,1.93,4.99,0,2026-04-10,common_index_cache,0.51,2.24,3.78,1.71,6.1,8.7,8.06,31.98
2026-04-10,603459,红板科技,25,2727.0,10jqka,post_close,2026-04-10 15:00:00,2026-04-10,1,1,,,ok,2026-04-10,52.0,55.08,57.76,51.5,505477.0,9.57,,,0.572,0.9,1.34,1.34,1.34,-18.51,0.428,True,False,0.0,52.0,不推送,False,人气Top50；当日涨停附近；温和放量；站上20日线且不过热,-,不主动推送。,v2,强势,80.41,1.93,4.99,0,2026-04-10,common_index_cache,0.51,2.24,3.78,1.71,6.1,8.7,7.64,
2026-04-10,300207,欣旺达,26,2708.0,10jqka,post_close,2026-04-10 15:00:00,2026-04-10,1,1,,,ok,2026-04-10,25.85,28.63,29.95,25.76,2890808.0,14.7,20.55,15.68,0.685,4.66,14.16,12.2,8.63,-4.41,0.315,True,False,0.0,44.0,不推送,False,人气Top50；当日涨停附近；近5日趋势升温；站上20日线且不过热；v2低分涨停修正,放量过猛,不主动推送。,v2,强势,80.41,1.93,4.99,0,2026-04-10,common_index_cache,0.51,2.24,3.78,1.71,6.1,8.7,12.77,10.69
2026-04-10,000977,浪潮信息,27,2676.0,10jqka,post_close,2026-04-10 15:00:00,2026-04-10,1,1,,,ok,2026-04-10,65.77,67.5,69.2,65.28,1172893.0,3.73,13.5,19.15,0.566,2.01,8.29,13.07,13.17,-5.73,0.434,False,False,0.0,44.0,不推送,False,人气Top50；当日上涨；放量仍可控；近5日趋势升温；站上20日线且不过热,-,不主动推送。,v2,强势,80.41,1.93,4.99,0,2026-04-10,common_index_cache,0.51,2.24,3.78,1.71,6.1,8.7,1.8,14.16
2026-04-10,300750,宁德时代,28,2603.0,10jqka,post_close,2026-04-10 15:00:00,2026-04-10,1,1,,,ok,2026-04-10,387.09,409.09,412.09,385.77,507887.0,6.79,8.32,3.76,0.886,2.0,5.77,3.91,3.66,-1.46,0.114,False,False,0.0,42.0,不推送,False,人气Top50；当日上涨；收盘承接较强；放量仍可控；站上20日线且不过热,-,不主动推送。,v2,强势,80.41,1.93,4.99,0,2026-04-10,common_index_cache,0.51,2.24,3.78,1.71,6.1,8.7,4.86,-1.23
2026-04-10,600707,彩虹股份,29,2583.0,10jqka,post_close,2026-04-10 15:00:00,2026-04-10,1,1,,,ok,2026-04-10,7.02,7.02,7.02,6.88,924141.0,10.03,26.03,26.49,1.0,3.93,16.03,20.14,18.15,-2.5,0.0,True,False,0.0,53.0,不推送,False,人气Top50；当日涨停附近；收在日内高位；近5日强势延续；站上20日线且不过热；v2低分涨停修正,放量过猛；短线涨幅偏高,不主动推送。,v2,强势,80.41,1.93,4.99,0,2026-04-10,common_index_cache,0.51,2.24,3.78,1.71,6.1,8.7,8.1,21.5
2026-04-10,600743,华远控股,30,2573.0,10jqka,post_close,2026-04-10 15:00:00,2026-04-10,1,1,,,ok,2026-04-10,2.59,2.65,2.65,2.52,1634453.0,9.96,33.17,42.47,1.0,2.0,19.91,28.39,32.4,0.0,0.0,True,False,0.0,57.0,不推送,False,人气Top50；当日涨停附近；收在日内高位；放量仍可控；近5日强势延续,短线涨幅偏高；偏离20日线较大,不主动推送。,v2,强势,80.41,1.93,4.99,0,2026-04-10,common_index_cache,0.51,2.24,3.78,1.71,6.1,8.7,8.03,37.48
2026-04-10,002309,中利集团,31,2548.0,10jqka,post_close,2026-04-10 15:00:00,2026-04-10,1,1,,,ok,2026-04-10,4.63,4.4,4.67,4.37,5464135.0,-7.56,-15.87,-11.65,0.1,0.68,-10.02,-8.31,0.24,-18.97,0.133,False,False,0.0,0.0,不推送,False,人气Top50；站上20日线且不过热,当日转弱；收盘承接偏弱；近5日趋势未确认,不主动推送。,v2,强势,80.41,1.93,4.99,0,2026-04-10,common_index_cache,0.51,2.24,3.78,1.71,6.1,8.7,-9.49,-16.64
2026-04-10,002594,比亚迪,32,2456.0,10jqka,post_close,2026-04-10 15:00:00,2026-04-10,1,1,,,ok,2026-04-10,99.39,101.67,102.2,99.03,605731.0,2.67,3.77,0.02,0.833,1.25,1.89,-0.3,-1.2,-9.08,0.167,False,False,0.0,32.0,不推送,False,人气Top50；收盘承接较强；温和放量,-,不主动推送。,v2,强势,80.41,1.93,4.99,0,2026-04-10,common_index_cache,0.51,2.24,3.78,1.71,6.1,8.7,0.74,-4.97
2026-04-10,300502,新易盛,33,2453.0,10jqka,post_close,2026-04-10 15:00:00,2026-04-10,1,1,,,ok,2026-04-10,493.0,522.5,528.0,485.0,444844.0,6.63,13.91,16.76,0.872,1.38,7.6,11.53,14.95,-1.04,0.128,False,False,0.0,60.0,普通观察,True,人气Top50；当日上涨；收盘承接较强；温和放量；近5日趋势升温；站上20日线且不过热,-,保留在样本池，继续看次日人气和承接。,v2,强势,80.41,1.93,4.99,0,2026-04-10,common_index_cache,0.51,2.24,3.78,1.71,6.1,8.7,4.7,11.77
2026-04-10,002837,英维克,34,2434.0,10jqka,post_close,2026-04-10 15:00:00,2026-04-10,1,1,,,ok,2026-04-10,94.95,99.05,102.4,94.65,759554.0,6.4,16.75,19.67,0.568,2.17,9.54,11.38,4.32,-14.98,0.432,False,False,0.0,44.0,不推送,False,人气Top50；当日上涨；放量仍可控；近5日趋势升温；站上20日线且不过热,-,不主动推送。,v2,强势,80.41,1.93,4.99,0,2026-04-10,common_index_cache,0.51,2.24,3.78,1.71,6.1,8.7,4.47,14.68
2026-04-10,600110,诺德股份,35,2428.0,10jqka,post_close,2026-04-10 15:00:00,2026-04-10,1,1,,,ok,2026-04-10,10.0,9.88,10.65,9.86,3090651.0,-2.76,2.6,5.78,0.025,1.05,2.4,5.51,14.32,-7.23,0.823,False,False,0.0,20.0,不推送,False,人气Top50；温和放量；近5日趋势升温；站上20日线且不过热,当日转弱；收盘承接偏弱,不主动推送。,v2,强势,80.41,1.93,4.99,0,2026-04-10,common_index_cache,0.51,2.24,3.78,1.71,6.1,8.7,-4.69,0.79
2026-04-10,601179,中国西电,36,2407.0,10jqka,post_close,2026-04-10 15:00:00,2026-04-10,1,1,,,ok,2026-04-10,16.0,16.08,16.28,15.77,1834404.0,1.84,7.41,4.89,0.608,1.24,3.21,3.11,-0.95,-22.13,0.392,False,False,0.0,22.0,不推送,False,人气Top50；温和放量,-,不主动推送。,v2,强势,80.41,1.93,4.99,0,2026-04-10,common_index_cache,0.51,2.24,3.78,1.71,6.1,8.7,-0.09,-0.1
2026-04-10,603773,沃格光电,37,2364.0,10jqka,post_close,2026-04-10 15:00:00,2026-04-10,1,1,,,ok,2026-04-10,40.5,43.14,43.14,39.68,310530.0,9.99,31.12,31.16,1.0,2.78,16.61,21.76,17.33,-4.3,0.0,True,False,0.0,75.0,重点观察,True,人气Top50；当日涨停附近；收在日内高位；近5日强势延续；站上20日线且不过热；v2强势延续修正；v2低分涨停修正,短线涨幅偏高,只做观察或轻仓试错，等待回落承接和量能不失控。,v2,强势,80.41,1.93,4.99,0,2026-04-10,common_index_cache,0.51,2.24,3.78,1.71,6.1,8.7,8.06,26.17
2026-04-10,600111,北方稀土,38,2362.0,10jqka,post_close,2026-04-10 15:00:00,2026-04-10,1,1,,,ok,2026-04-10,52.79,51.75,52.8,51.6,826796.0,-0.1,3.73,8.76,0.125,1.09,2.37,5.43,7.06,-18.59,0.008,False,False,0.0,20.0,不推送,False,人气Top50；温和放量；近5日趋势升温；站上20日线且不过热,当日转弱；收盘承接偏弱,不主动推送。,v2,强势,80.41,1.93,4.99,0,2026-04-10,common_index_cache,0.51,2.24,3.78,1.71,6.1,8.7,-2.03,3.77
2026-04-10,002491,通鼎互联,39,2354.0,10jqka,post_close,2026-04-10 15:00:00,2026-04-10,1,1,,,ok,2026-04-10,15.5,14.59,15.78,14.53,3081565.0,-9.6,5.57,21.58,0.048,1.46,0.89,11.09,23.42,-12.42,0.224,False,False,0.0,20.0,不推送,False,人气Top50；温和放量；近5日趋势升温；站上20日线且不过热,当日转弱；收盘承接偏弱,不主动推送。,v2,强势,80.41,1.93,4.99,0,2026-04-10,common_index_cache,0.51,2.24,3.78,1.71,6.1,8.7,-11.53,16.59
2026-04-10,002709,天赐材料,40,2343.0,10jqka,post_close,2026-04-10 15:00:00,2026-04-10,1,1,,,ok,2026-04-10,44.25,46.72,46.74,43.85,1535728.0,7.18,7.65,4.97,0.993,2.13,5.43,3.61,4.38,-8.39,0.007,False,False,0.0,56.0,不推送,False,人气Top50；当日强涨；收在日内高位；放量仍可控；站上20日线且不过热,-,不主动推送。,v2,强势,80.41,1.93,4.99,0,2026-04-10,common_index_cache,0.51,2.24,3.78,1.71,6.1,8.7,5.25,-0.02
2026-04-10,000592,平潭发展,41,2340.0,10jqka,post_close,2026-04-10 15:00:00,2026-04-10,1,1,,,ok,2026-04-10,11.91,11.43,12.26,11.31,4052716.0,-4.03,-5.22,-9.07,0.126,1.17,-3.8,-3.92,1.51,-31.14,0.368,False,False,0.0,4.0,不推送,False,人气Top50；温和放量；站上20日线且不过热,当日转弱；收盘承接偏弱；近5日趋势未确认,不主动推送。,v2,强势,80.41,1.93,4.99,0,2026-04-10,common_index_cache,0.51,2.24,3.78,1.71,6.1,8.7,-5.96,-14.06
2026-04-10,603986,兆易创新,42,2260.0,10jqka,post_close,2026-04-10 15:00:00,2026-04-10,1,1,,,ok,2026-04-10,255.49,265.09,268.32,255.24,534767.0,5.83,6.18,7.33,0.753,1.45,4.34,4.99,-1.78,-19.95,0.247,False,False,0.0,52.0,不推送,False,人气Top50；当日上涨；收盘承接较强；温和放量；近5日趋势升温,-,不主动推送。,v2,强势,80.41,1.93,4.99,0,2026-04-10,common_index_cache,0.51,2.24,3.78,1.71,6.1,8.7,3.9,2.34
2026-04-10,000889,中嘉博创,43,2253.0,10jqka,post_close,2026-04-10 15:00:00,2026-04-10,1,1,,,ok,2026-04-10,4.35,4.35,4.35,4.1,1790469.0,10.13,33.44,31.82,1.0,4.41,18.53,23.23,26.51,0.0,0.0,True,False,0.0,53.0,不推送,False,人气Top50；当日涨停附近；收在日内高位；近5日强势延续；站上20日线且不过热；v2低分涨停修正,放量过猛；短线涨幅偏高,不主动推送。,v2,强势,80.41,1.93,4.99,0,2026-04-10,common_index_cache,0.51,2.24,3.78,1.71,6.1,8.7,8.2,26.83
2026-04-10,002297,博云新材,44,2246.0,10jqka,post_close,2026-04-10 15:00:00,2026-04-10,1,1,,,ok,2026-04-10,11.27,10.98,11.4,10.97,267391.0,-1.26,2.33,0.73,0.023,1.89,0.26,0.41,-0.12,-25.1,0.302,False,False,0.0,0.0,不推送,False,人气Top50；放量仍可控,当日转弱；收盘承接偏弱,不主动推送。,v2,强势,80.41,1.93,4.99,0,2026-04-10,common_index_cache,0.51,2.24,3.78,1.71,6.1,8.7,-3.19,-4.26
2026-04-10,002463,沪电股份,45,2212.0,10jqka,post_close,2026-04-10 15:00:00,2026-04-10,1,1,,,ok,2026-04-10,86.56,88.32,89.66,85.04,881901.0,2.89,15.56,15.8,0.71,1.25,7.45,10.08,7.79,-6.0,0.29,False,False,0.0,42.0,不推送,False,人气Top50；温和放量；近5日趋势升温；站上20日线且不过热,-,不主动推送。,v2,强势,80.41,1.93,4.99,0,2026-04-10,common_index_cache,0.51,2.24,3.78,1.71,6.1,8.7,0.96,10.81
2026-04-10,301696,三瑞智能,46,2201.0,10jqka,post_close,2026-04-10 15:00:00,2026-04-10,1,1,,,ok,2026-04-10,90.0,92.0,102.5,85.73,246174.0,,,,0.374,,0.0,0.0,0.0,-10.24,0.626,False,False,0.0,4.0,不推送,False,人气Top50；站上20日线且不过热,收盘承接偏弱,不主动推送。,v2,强势,80.41,1.93,4.99,0,2026-04-10,common_index_cache,0.51,2.24,3.78,1.71,6.1,8.7,,
2026-04-10,002460,赣锋锂业,47,2196.0,10jqka,post_close,2026-04-10 15:00:00,2026-04-10,1,1,,,ok,2026-04-10,81.74,83.98,86.99,81.25,1045334.0,3.67,6.36,5.07,0.476,1.5,3.5,4.82,12.9,-3.46,0.524,False,False,0.0,44.0,不推送,False,人气Top50；当日上涨；温和放量；近5日趋势升温；站上20日线且不过热,上影线偏长,不主动推送。,v2,强势,80.41,1.93,4.99,0,2026-04-10,common_index_cache,0.51,2.24,3.78,1.71,6.1,8.7,1.74,0.08
2026-04-10,002361,神剑股份,48,2191.0,10jqka,post_close,2026-04-10 15:00:00,2026-04-10,1,1,,,ok,2026-04-10,16.41,16.49,17.64,16.17,3015815.0,0.49,8.13,-4.63,0.218,1.13,2.21,3.0,18.35,-9.89,0.782,False,False,0.0,8.0,不推送,False,人气Top50；温和放量；站上20日线且不过热,收盘承接偏弱；近5日趋势未确认；上影线偏长,不主动推送。,v2,强势,80.41,1.93,4.99,0,2026-04-10,common_index_cache,0.51,2.24,3.78,1.71,6.1,8.7,-1.44,-9.62
2026-04-10,002131,利欧股份,49,2190.0,10jqka,post_close,2026-04-10 15:00:00,2026-04-10,1,1,,,ok,2026-04-10,8.01,7.99,8.14,7.93,4946956.0,-0.12,10.51,7.25,0.286,1.11,4.34,4.1,4.53,-23.17,0.619,False,False,0.0,20.0,不推送,False,人气Top50；温和放量；近5日趋势升温；站上20日线且不过热,当日转弱；收盘承接偏弱,不主动推送。,v2,强势,80.41,1.93,4.99,0,2026-04-10,common_index_cache,0.51,2.24,3.78,1.71,6.1,8.7,-2.05,2.26
2026-04-10,600703,三安光电,50,2096.0,10jqka,post_close,2026-04-10 15:00:00,2026-04-10,1,1,,,ok,2026-04-10,11.85,11.94,12.25,11.71,2858592.0,0.84,-0.67,4.74,0.426,1.27,-0.27,-0.09,-13.99,-36.39,0.574,False,False,0.0,0.0,不推送,False,人气Top50；温和放量,收盘承接偏弱；仍在20日线下方；上影线偏长,不主动推送。,v2,强势,80.41,1.93,4.99,0,2026-04-10,common_index_cache,0.51,2.24,3.78,1.71,6.1,8.7,-1.09,-0.25
2026-04-10,600522,中天科技,51,2079.0,10jqka,post_close,2026-04-10 15:00:00,2026-04-10,1,1,,,ok,2026-04-10,31.38,29.8,31.4,29.5,2575517.0,-5.1,-1.49,1.64,0.158,1.43,-2.5,0.19,5.41,-7.4,0.011,False,False,0.0,0.0,不推送,False,温和放量；站上20日线且不过热,当日转弱；收盘承接偏弱,不主动推送。,v2,强势,80.41,1.93,4.99,0,2026-04-10,common_index_cache,0.51,2.24,3.78,1.71,6.1,8.7,-7.03,-3.35
2026-04-10,300274,阳光电源,52,2045.0,10jqka,post_close,2026-04-10 15:00:00,2026-04-10,1,1,,,ok,2026-04-10,125.61,130.79,133.0,125.61,1049795.0,5.65,6.96,2.78,0.701,1.4,4.27,-3.84,-14.14,-28.13,0.299,False,False,0.0,14.0,不推送,False,当日上涨；温和放量,仍在20日线下方,不主动推送。,v2,强势,80.41,1.93,4.99,0,2026-04-10,common_index_cache,0.51,2.24,3.78,1.71,6.1,8.7,3.72,-2.21
2026-04-10,000559,万向钱潮,53,2023.0,10jqka,post_close,2026-04-10 15:00:00,2026-04-10,1,1,,,ok,2026-04-10,15.47,16.32,16.84,15.4,1847077.0,6.6,9.9,7.09,0.639,3.85,6.02,5.86,4.26,-25.14,0.361,False,False,0.0,16.0,不推送,False,当日上涨；近5日趋势升温；站上20日线且不过热,放量过猛,不主动推送。,v2,强势,80.41,1.93,4.99,0,2026-04-10,common_index_cache,0.51,2.24,3.78,1.71,6.1,8.7,4.67,2.1
2026-04-10,300476,胜宏科技,54,2002.0,10jqka,post_close,2026-04-10 15:00:00,2026-04-10,1,1,,,ok,2026-04-10,279.01,287.78,293.81,277.0,484517.0,4.26,9.47,12.82,0.641,1.48,4.85,8.72,6.93,-11.13,0.359,False,False,0.0,42.0,不推送,False,当日上涨；温和放量；近5日趋势升温；站上20日线且不过热,-,不主动推送。,v2,强势,80.41,1.93,4.99,0,2026-04-10,common_index_cache,0.51,2.24,3.78,1.71,6.1,8.7,2.33,7.83
2026-04-10,002432,九安医疗,55,1981.0,10jqka,post_close,2026-04-10 15:00:00,2026-04-10,1,1,,,ok,2026-04-10,89.18,92.75,94.8,88.25,272445.0,5.39,11.94,14.29,0.687,0.74,7.27,14.2,31.37,-2.16,0.313,False,False,0.0,18.0,不推送,False,当日上涨；近5日趋势升温,偏离20日线较大,不主动推送。,v2,强势,80.41,1.93,4.99,0,2026-04-10,common_index_cache,0.51,2.24,3.78,1.71,6.1,8.7,3.46,9.3
2026-04-10,002202,金风科技,56,1968.0,10jqka,post_close,2026-04-10 15:00:00,2026-04-10,1,1,,,ok,2026-04-10,24.02,24.07,24.77,24.01,2016803.0,0.96,5.16,0.25,0.079,0.84,1.25,-3.63,-11.21,-35.0,0.921,False,False,0.0,0.0,不推送,False,温和放量,收盘承接偏弱；仍在20日线下方；上影线偏长,不主动推送。,v2,强势,80.41,1.93,4.99,0,2026-04-10,common_index_cache,0.51,2.24,3.78,1.71,6.1,8.7,-0.97,-4.74
2026-04-10,601899,紫金矿业,57,1932.0,10jqka,post_close,2026-04-10 15:00:00,2026-04-10,1,1,,,ok,2026-04-10,34.23,33.75,34.58,33.7,2375710.0,-0.44,4.13,1.9,0.057,1.01,0.69,1.4,1.47,-24.9,0.398,False,False,0.0,0.0,不推送,False,温和放量；站上20日线且不过热,当日转弱；收盘承接偏弱,不主动推送。,v2,强势,80.41,1.93,4.99,0,2026-04-10,common_index_cache,0.51,2.24,3.78,1.71,6.1,8.7,-2.37,-3.09
2026-04-10,600410,华胜天成,58,1911.0,10jqka,post_close,2026-04-10 15:00:00,2026-04-10,1,1,,,ok,2026-04-10,27.66,27.06,28.06,27.06,1596247.0,-1.06,5.7,7.64,0.0,0.96,1.71,4.15,3.54,-21.13,0.4,False,False,0.0,12.0,不推送,False,温和放量；近5日趋势升温；站上20日线且不过热,当日转弱；收盘承接偏弱,不主动推送。,v2,强势,80.41,1.93,4.99,0,2026-04-10,common_index_cache,0.51,2.24,3.78,1.71,6.1,8.7,-2.99,2.65
2026-04-10,000425,徐工机械,59,1904.0,10jqka,post_close,2026-04-10 15:00:00,2026-04-10,1,1,,,ok,2026-04-10,10.71,10.61,10.79,10.58,791118.0,0.09,6.21,3.01,0.143,0.95,1.51,2.6,1.46,-17.75,0.381,False,False,0.0,10.0,不推送,False,温和放量；站上20日线且不过热,收盘承接偏弱,不主动推送。,v2,强势,80.41,1.93,4.99,0,2026-04-10,common_index_cache,0.51,2.24,3.78,1.71,6.1,8.7,-1.84,-1.98
2026-04-10,600654,中安科,60,1889.0,10jqka,post_close,2026-04-10 15:00:00,2026-04-10,1,1,,,ok,2026-04-10,4.48,4.08,4.51,4.05,5285355.0,-8.93,2.0,23.26,0.065,1.96,-0.97,9.21,14.08,-15.7,0.065,False,False,0.0,6.0,不推送,False,放量仍可控；近5日趋势升温；站上20日线且不过热,当日转弱；收盘承接偏弱,不主动推送。,v2,强势,80.41,1.93,4.99,0,2026-04-10,common_index_cache,0.51,2.24,3.78,1.71,6.1,8.7,-10.86,18.27
2026-04-10,000720,新能泰山,61,1884.0,10jqka,post_close,2026-04-10 15:00:00,2026-04-10,1,1,,,ok,2026-04-10,5.8,5.43,6.03,5.43,2436455.0,-9.95,-16.85,0.56,0.0,0.87,-11.36,-4.52,10.32,-24.37,0.383,False,False,0.0,0.0,不推送,False,温和放量；站上20日线且不过热,当日转弱；收盘承接偏弱,不主动推送。,v2,强势,80.41,1.93,4.99,0,2026-04-10,common_index_cache,0.51,2.24,3.78,1.71,6.1,8.7,-11.88,-4.43
2026-04-10,605117,德业股份,62,1861.0,10jqka,post_close,2026-04-10 15:00:00,2026-04-10,1,1,,,ok,2026-04-10,136.0,139.6,139.6,135.76,127773.0,10.0,11.99,13.5,1.0,0.95,9.69,9.25,7.45,-1.68,0.0,True,False,0.0,78.0,重点观察,True,当日涨停附近；收在日内高位；温和放量；近5日趋势升温；站上20日线且不过热；v2低分涨停修正,-,只做观察或轻仓试错，等待回落承接和量能不失控。,v2,强势,80.41,1.93,4.99,0,2026-04-10,common_index_cache,0.51,2.24,3.78,1.71,6.1,8.7,8.07,8.51
2026-04-10,300131,英唐智控,63,1848.0,10jqka,post_close,2026-04-10 15:00:00,2026-04-10,1,1,,,ok,2026-04-10,13.0,15.42,15.42,12.98,2579978.0,20.0,36.58,37.68,1.0,3.37,21.99,26.93,21.72,-9.29,0.0,True,False,0.0,51.0,不推送,False,当日涨停附近；收在日内高位；近5日强势延续；站上20日线且不过热,短线涨幅偏高,不主动推送。,v2,强势,80.41,1.93,4.99,0,2026-04-10,common_index_cache,0.51,2.24,3.78,1.71,6.1,8.7,18.07,32.69
2026-04-10,600488,津药药业,64,1801.0,10jqka,post_close,2026-04-10 15:00:00,2026-04-10,1,1,,,ok,2026-04-10,6.67,6.42,6.99,6.37,2409621.0,-9.32,-16.3,1.26,0.081,1.47,-9.58,3.67,25.42,-23.93,0.516,False,False,0.0,0.0,不推送,False,温和放量；站上20日线且不过热,当日转弱；收盘承接偏弱,不主动推送。,v2,强势,80.41,1.93,4.99,0,2026-04-10,common_index_cache,0.51,2.24,3.78,1.71,6.1,8.7,-11.25,-3.73
2026-04-10,600482,中国动力,65,1789.0,10jqka,post_close,2026-04-10 15:00:00,2026-04-10,1,1,,,ok,2026-04-10,39.5,40.44,40.44,39.5,446848.0,10.01,24.62,25.36,1.0,1.03,13.95,20.12,24.17,0.0,0.0,True,False,0.0,71.0,普通观察,True,当日涨停附近；收在日内高位；温和放量；近5日强势延续；站上20日线且不过热；v2低分涨停修正,短线涨幅偏高,保留在样本池，继续看次日人气和承接。,v2,强势,80.41,1.93,4.99,0,2026-04-10,common_index_cache,0.51,2.24,3.78,1.71,6.1,8.7,8.08,20.37
2026-04-10,600345,长江通信,66,1781.0,10jqka,post_close,2026-04-10 15:00:00,2026-04-10,1,1,,,ok,2026-04-10,53.28,54.36,54.36,52.52,258492.0,10.0,25.08,26.8,1.0,1.2,15.43,21.73,30.59,0.0,0.0,True,False,0.0,61.0,普通观察,True,当日涨停附近；收在日内高位；温和放量；近5日强势延续；v2低分涨停修正,短线涨幅偏高；偏离20日线较大,保留在样本池，继续看次日人气和承接。,v2,强势,80.41,1.93,4.99,0,2026-04-10,common_index_cache,0.51,2.24,3.78,1.71,6.1,8.7,8.07,21.81
2026-04-10,002342,巨力索具,67,1772.0,10jqka,post_close,2026-04-10 15:00:00,2026-04-10,1,1,,,ok,2026-04-10,16.0,15.5,16.66,15.42,3578273.0,-0.58,20.34,12.32,0.065,2.05,9.28,11.64,16.69,-27.64,0.532,False,False,0.0,6.0,不推送,False,放量仍可控；近5日趋势升温；站上20日线且不过热,当日转弱；收盘承接偏弱,不主动推送。,v2,强势,80.41,1.93,4.99,0,2026-04-10,common_index_cache,0.51,2.24,3.78,1.71,6.1,8.7,-2.51,7.33
2026-04-10,000670,盈方微,68,1763.0,10jqka,post_close,2026-04-10 15:00:00,2026-04-10,1,1,,,ok,2026-04-10,7.48,8.15,8.15,7.48,792665.0,9.99,10.28,4.49,1.0,1.17,8.12,1.02,-1.3,-27.43,0.0,True,False,0.0,52.0,不推送,False,当日涨停附近；收在日内高位；温和放量,-,不主动推送。,v2,强势,80.41,1.93,4.99,0,2026-04-10,common_index_cache,0.51,2.24,3.78,1.71,6.1,8.7,8.06,-0.5
2026-04-10,000890,法尔胜,69,1757.0,10jqka,post_close,2026-04-10 15:00:00,2026-04-10,1,1,,,ok,2026-04-10,15.39,14.21,15.6,14.21,784369.0,-10.01,-19.31,-10.63,0.0,0.83,-10.62,-7.98,0.19,-19.31,0.151,False,False,0.0,0.0,不推送,False,温和放量；站上20日线且不过热,当日转弱；收盘承接偏弱；近5日趋势未确认,不主动推送。,v2,强势,80.41,1.93,4.99,0,2026-04-10,common_index_cache,0.51,2.24,3.78,1.71,6.1,8.7,-11.94,-15.62
2026-04-10,600089,特变电工,70,1745.0,10jqka,post_close,2026-04-10 15:00:00,2026-04-10,1,1,,,ok,2026-04-10,26.99,27.09,27.35,26.8,1525840.0,1.35,6.86,3.52,0.527,1.1,2.93,1.44,-2.31,-18.6,0.473,False,False,0.0,8.0,不推送,False,温和放量,上影线偏长,不主动推送。,v2,强势,80.41,1.93,4.99,0,2026-04-10,common_index_cache,0.51,2.24,3.78,1.71,6.1,8.7,-0.58,-1.47
2026-04-10,000070,特发信息,71,1725.0,10jqka,post_close,2026-04-10 15:00:00,2026-04-10,1,1,,,ok,2026-04-10,20.88,19.76,20.99,19.43,1830765.0,-5.36,8.99,2.01,0.212,1.14,2.46,7.44,16.81,-5.86,0.071,False,False,0.0,0.0,不推送,False,温和放量；站上20日线且不过热,当日转弱；收盘承接偏弱,不主动推送。,v2,强势,80.41,1.93,4.99,0,2026-04-10,common_index_cache,0.51,2.24,3.78,1.71,6.1,8.7,-7.29,-2.98
2026-04-10,600875,东方电气,72,1723.0,10jqka,post_close,2026-04-10 15:00:00,2026-04-10,1,1,,,ok,2026-04-10,39.16,39.51,40.38,38.6,1235581.0,3.13,13.47,5.9,0.511,1.41,5.19,6.68,5.65,-12.94,0.489,False,False,0.0,36.0,不推送,False,当日上涨；温和放量；近5日趋势升温；站上20日线且不过热,上影线偏长,不主动推送。,v2,强势,80.41,1.93,4.99,0,2026-04-10,common_index_cache,0.51,2.24,3.78,1.71,6.1,8.7,1.2,0.91
2026-04-10,600900,长江电力,73,1709.0,10jqka,post_close,2026-04-10 15:00:00,2026-04-10,1,1,,,ok,2026-04-10,26.47,26.4,26.5,26.32,665589.0,0.04,-0.3,-2.26,0.444,0.92,-0.41,-1.44,-2.26,-4.52,0.167,False,False,0.0,0.0,不推送,False,温和放量,收盘承接偏弱；近5日趋势未确认,不主动推送。,v2,强势,80.41,1.93,4.99,0,2026-04-10,common_index_cache,0.51,2.24,3.78,1.71,6.1,8.7,-1.89,-7.25
2026-04-10,000586,汇源通信,74,1660.0,10jqka,post_close,2026-04-10 15:00:00,2026-04-10,1,1,,,ok,2026-04-10,24.6,22.61,24.61,22.61,246609.0,-9.99,8.91,31.84,0.0,1.6,2.59,19.52,33.45,-9.99,0.005,False,False,0.0,0.0,不推送,False,温和放量；近5日强势延续,当日转弱；收盘承接偏弱；短线涨幅偏高；偏离20日线较大,不主动推送。,v2,强势,80.41,1.93,4.99,0,2026-04-10,common_index_cache,0.51,2.24,3.78,1.71,6.1,8.7,-11.92,26.85
2026-04-10,601012,隆基绿能,75,1653.0,10jqka,post_close,2026-04-10 15:00:00,2026-04-10,1,1,,,ok,2026-04-10,17.06,17.12,17.27,16.96,1170602.0,1.18,2.51,-1.38,0.516,0.83,1.04,-1.6,-5.28,-14.61,0.484,False,False,0.0,0.0,不推送,False,温和放量,近5日趋势未确认；仍在20日线下方；上影线偏长,不主动推送。,v2,强势,80.41,1.93,4.99,0,2026-04-10,common_index_cache,0.51,2.24,3.78,1.71,6.1,8.7,-0.75,-6.37
2026-04-10,603019,中科曙光,76,1652.0,10jqka,post_close,2026-04-10 15:00:00,2026-04-10,1,1,,,ok,2026-04-10,84.0,85.3,86.86,83.94,467892.0,2.4,9.44,9.25,0.466,1.59,4.71,5.87,3.42,-17.03,0.534,False,False,0.0,28.0,不推送,False,温和放量；近5日趋势升温；站上20日线且不过热,上影线偏长,不主动推送。,v2,强势,80.41,1.93,4.99,0,2026-04-10,common_index_cache,0.51,2.24,3.78,1.71,6.1,8.7,0.47,4.26
2026-04-10,002051,中工国际,76,1404.0,10jqka,post_close,2026-04-10 15:00:00,2026-04-10,1,1,,,ok,2026-04-10,11.5,10.73,11.62,10.63,1665139.0,-6.7,2.39,8.27,0.101,1.31,-0.22,8.33,15.46,-15.38,0.121,False,False,0.0,12.0,不推送,False,温和放量；近5日趋势升温；站上20日线且不过热,当日转弱；收盘承接偏弱,不主动推送。,v2,强势,80.41,1.93,4.99,0,2026-04-10,common_index_cache,0.51,2.24,3.78,1.71,6.1,8.7,-8.63,3.28
2026-04-10,300857,协创数据,77,1631.0,10jqka,post_close,2026-04-10 15:00:00,2026-04-10,1,1,,,ok,2026-04-10,167.69,148.51,167.69,144.77,177970.0,-9.91,0.75,-0.05,0.163,1.86,-4.03,-3.16,-6.7,-45.64,0.0,False,False,0.0,0.0,不推送,False,放量仍可控,当日转弱；收盘承接偏弱；近5日趋势未确认；仍在20日线下方,不主动推送。,v2,强势,80.41,1.93,4.99,0,2026-04-10,common_index_cache,0.51,2.24,3.78,1.71,6.1,8.7,-11.84,-5.04
2026-04-10,600519,贵州茅台,78,1623.0,10jqka,post_close,2026-04-10 15:00:00,2026-04-10,1,1,,,ok,2026-04-10,1459.14,1453.96,1459.71,1441.1,28866.0,-0.45,0.97,-0.41,0.691,1.2,-0.13,0.38,0.84,-7.27,0.031,False,False,0.0,8.0,不推送,False,温和放量；站上20日线且不过热,当日转弱；近5日趋势未确认,不主动推送。,v2,强势,80.41,1.93,4.99,0,2026-04-10,common_index_cache,0.51,2.24,3.78,1.71,6.1,8.7,-2.38,-5.4
2026-04-10,600396,华电辽能,79,1611.0,10jqka,post_close,2026-04-10 15:00:00,2026-04-10,1,1,,,ok,2026-04-10,7.19,6.64,7.2,6.59,2310725.0,-7.0,-11.7,-9.54,0.082,0.87,-7.93,-13.03,-3.78,-30.03,0.016,False,False,0.0,0.0,不推送,False,温和放量,当日转弱；收盘承接偏弱；近5日趋势未确认,不主动推送。,v2,强势,80.41,1.93,4.99,0,2026-04-10,common_index_cache,0.51,2.24,3.78,1.71,6.1,8.7,-8.93,-14.53
2026-04-10,000762,西藏矿业,80,1357.0,10jqka,post_close,2026-04-10 15:00:00,2026-04-10,1,1,,,ok,2026-04-10,30.8,33.88,33.88,30.51,827075.0,10.0,11.45,8.38,1.0,1.82,8.51,10.51,16.6,0.0,0.0,True,False,0.0,66.0,普通观察,True,当日涨停附近；收在日内高位；放量仍可控；近5日趋势升温；站上20日线且不过热,-,保留在样本池，继续看次日人气和承接。,v2,强势,80.41,1.93,4.99,0,2026-04-10,common_index_cache,0.51,2.24,3.78,1.71,6.1,8.7,8.07,3.39
2026-04-10,603088,宁波精达,80,1609.0,10jqka,post_close,2026-04-10 15:00:00,2026-04-10,1,1,,,ok,2026-04-10,12.29,13.44,13.44,12.29,467296.0,9.98,16.46,10.16,1.0,2.86,9.97,10.41,8.58,-4.41,0.0,True,False,0.0,58.0,不推送,False,当日涨停附近；收在日内高位；近5日趋势升温；站上20日线且不过热,-,不主动推送。,v2,强势,80.41,1.93,4.99,0,2026-04-10,common_index_cache,0.51,2.24,3.78,1.71,6.1,8.7,8.05,5.17
2026-04-10,300033,同花顺,81,1587.0,10jqka,post_close,2026-04-10 15:00:00,2026-04-10,1,1,,,ok,2026-04-10,220.27,228.7,236.25,220.27,227273.0,5.68,11.06,9.27,0.528,3.05,5.78,6.99,5.23,-25.52,0.472,False,False,0.0,22.0,不推送,False,当日上涨；近5日趋势升温；站上20日线且不过热,上影线偏长,不主动推送。,v2,强势,80.41,1.93,4.99,0,2026-04-10,common_index_cache,0.51,2.24,3.78,1.71,6.1,8.7,3.75,4.28
2026-04-10,000063,中兴通讯,82,1585.0,10jqka,post_close,2026-04-10 15:00:00,2026-04-10,1,1,,,ok,2026-04-10,35.5,35.79,36.17,35.2,1245411.0,0.65,10.67,11.67,0.608,1.48,5.38,7.62,5.53,-16.42,0.392,False,False,0.0,34.0,不推送,False,温和放量；近5日趋势升温；站上20日线且不过热,-,不主动推送。,v2,强势,80.41,1.93,4.99,0,2026-04-10,common_index_cache,0.51,2.24,3.78,1.71,6.1,8.7,-1.28,6.68
2026-04-10,002916,深南电路,83,1571.0,10jqka,post_close,2026-04-10 15:00:00,2026-04-10,1,1,,,ok,2026-04-10,245.0,262.03,267.3,245.0,228835.0,7.83,21.36,19.65,0.764,1.95,11.86,13.95,10.01,-11.37,0.236,False,False,0.0,54.0,不推送,False,当日强涨；收盘承接较强；放量仍可控；近5日趋势升温；站上20日线且不过热,-,不主动推送。,v2,强势,80.41,1.93,4.99,0,2026-04-10,common_index_cache,0.51,2.24,3.78,1.71,6.1,8.7,5.9,14.66
2026-04-10,603803,瑞斯康达,83,1337.0,10jqka,post_close,2026-04-10 15:00:00,2026-04-10,1,1,,,ok,2026-04-10,14.27,13.87,14.77,13.86,793331.0,-3.28,5.64,4.6,0.011,1.02,1.17,2.6,1.14,-13.31,0.549,False,False,0.0,0.0,不推送,False,温和放量；站上20日线且不过热,当日转弱；收盘承接偏弱,不主动推送。,v2,强势,80.41,1.93,4.99,0,2026-04-10,common_index_cache,0.51,2.24,3.78,1.71,6.1,8.7,-5.21,-0.39
2026-04-10,600884,杉杉股份,84,1561.0,10jqka,post_close,2026-04-10 15:00:00,2026-04-10,1,1,,,ok,2026-04-10,14.02,14.81,15.09,14.02,1549645.0,5.79,13.57,12.71,0.738,2.63,8.05,9.13,8.83,-9.03,0.262,False,False,0.0,28.0,不推送,False,当日上涨；近5日趋势升温；站上20日线且不过热,-,不主动推送。,v2,强势,80.41,1.93,4.99,0,2026-04-10,common_index_cache,0.51,2.24,3.78,1.71,6.1,8.7,3.86,7.72
2026-04-10,600584,长电科技,84,1327.0,10jqka,post_close,2026-04-10 15:00:00,2026-04-10,1,1,,,ok,2026-04-10,42.74,43.02,43.79,42.74,667669.0,2.65,10.82,11.8,0.267,1.61,5.43,7.52,4.21,-21.25,0.733,False,False,0.0,16.0,不推送,False,温和放量；近5日趋势升温；站上20日线且不过热,收盘承接偏弱；上影线偏长,不主动推送。,v2,强势,80.41,1.93,4.99,0,2026-04-10,common_index_cache,0.51,2.24,3.78,1.71,6.1,8.7,0.72,6.81
2026-04-10,688525,佰维存储,85,1550.0,10jqka,post_close,2026-04-10 15:00:00,2026-04-10,1,1,,,ok,2026-04-10,233.98,241.51,248.0,233.12,42541563.0,6.15,11.08,14.56,0.564,1.41,7.2,8.05,4.84,-7.68,0.436,False,False,0.0,42.0,不推送,False,当日上涨；温和放量；近5日趋势升温；站上20日线且不过热,-,不主动推送。,v2,强势,80.41,1.93,4.99,0,2026-04-10,common_index_cache,0.51,2.24,3.78,1.71,6.1,8.7,4.22,9.57
2026-04-10,605299,舒华体育,85,1323.0,10jqka,post_close,2026-04-10 15:00:00,2026-04-10,1,1,,,ok,2026-04-10,21.55,19.58,21.68,19.58,427977.0,-9.18,-14.35,-13.9,0.0,0.72,-7.83,-6.64,9.31,-17.66,0.062,False,False,0.0,0.0,不推送,False,站上20日线且不过热,当日转弱；收盘承接偏弱；近5日趋势未确认,不主动推送。,v2,强势,80.41,1.93,4.99,0,2026-04-10,common_index_cache,0.51,2.24,3.78,1.71,6.1,8.7,-11.11,-18.89
2026-04-10,300014,亿纬锂能,86,1543.0,10jqka,post_close,2026-04-10 15:00:00,2026-04-10,1,1,,,ok,2026-04-10,66.0,69.08,70.75,65.65,1069911.0,6.1,13.84,9.74,0.673,1.86,8.24,6.54,2.94,-5.89,0.327,False,False,0.0,36.0,不推送,False,当日上涨；放量仍可控；近5日趋势升温；站上20日线且不过热,-,不主动推送。,v2,强势,80.41,1.93,4.99,0,2026-04-10,common_index_cache,0.51,2.24,3.78,1.71,6.1,8.7,4.17,4.75
2026-04-10,600869,远东股份,87,1540.0,10jqka,post_close,2026-04-10 15:00:00,2026-04-10,1,1,,,ok,2026-04-10,16.2,15.6,16.36,15.58,1102979.0,-2.38,8.41,9.94,0.026,0.84,0.76,5.81,12.99,-4.65,0.205,False,False,0.0,12.0,不推送,False,温和放量；近5日趋势升温；站上20日线且不过热,当日转弱；收盘承接偏弱,不主动推送。,v2,强势,80.41,1.93,4.99,0,2026-04-10,common_index_cache,0.51,2.24,3.78,1.71,6.1,8.7,-4.31,4.95
2026-04-10,002560,通达股份,88,1539.0,10jqka,post_close,2026-04-10 15:00:00,2026-04-10,1,1,,,ok,2026-04-10,13.4,13.57,14.06,13.33,1631242.0,2.26,2.42,3.91,0.329,0.86,2.4,11.71,23.1,-5.57,0.671,False,False,0.0,4.0,不推送,False,温和放量；站上20日线且不过热,收盘承接偏弱；上影线偏长,不主动推送。,v2,强势,80.41,1.93,4.99,0,2026-04-10,common_index_cache,0.51,2.24,3.78,1.71,6.1,8.7,0.33,-1.08
2026-04-10,002962,五方光电,89,1529.0,10jqka,post_close,2026-04-10 15:00:00,2026-04-10,1,1,,,ok,2026-04-10,16.29,16.91,16.91,16.01,358302.0,10.02,26.29,25.26,1.0,5.7,15.92,19.84,17.53,0.0,0.0,True,False,0.0,45.0,不推送,False,当日涨停附近；收在日内高位；近5日强势延续；站上20日线且不过热；v2低分涨停修正,放量过猛；短线涨幅偏高,不主动推送。,v2,强势,80.41,1.93,4.99,0,2026-04-10,common_index_cache,0.51,2.24,3.78,1.71,6.1,8.7,8.09,20.27
2026-04-10,300058,蓝色光标,89,1267.0,10jqka,post_close,2026-04-10 15:00:00,2026-04-10,1,1,,,ok,2026-04-10,16.67,16.49,17.09,16.44,5474691.0,-1.02,21.34,18.98,0.077,1.28,7.89,11.17,11.85,-32.5,0.646,False,False,0.0,12.0,不推送,False,温和放量；近5日趋势升温；站上20日线且不过热,当日转弱；收盘承接偏弱,不主动推送。,v2,强势,80.41,1.93,4.99,0,2026-04-10,common_index_cache,0.51,2.24,3.78,1.71,6.1,8.7,-2.95,13.99
2026-04-10,002222,福晶科技,90,1519.0,10jqka,post_close,2026-04-10 15:00:00,2026-04-10,1,1,,,ok,2026-04-10,81.74,85.48,86.99,81.73,453801.0,4.64,7.51,24.61,0.713,0.87,5.99,14.9,24.87,-1.74,0.287,False,False,0.0,42.0,不推送,False,当日上涨；温和放量；近5日趋势升温；站上20日线且不过热,-,不主动推送。,v2,强势,80.41,1.93,4.99,0,2026-04-10,common_index_cache,0.51,2.24,3.78,1.71,6.1,8.7,2.71,19.62
2026-04-10,600330,天通股份,90,1260.0,10jqka,post_close,2026-04-10 15:00:00,2026-04-10,1,1,,,ok,2026-04-10,20.6,19.0,20.79,18.66,2199377.0,-3.55,13.84,18.09,0.16,1.68,5.19,10.64,11.65,-8.61,0.089,False,False,0.0,12.0,不推送,False,温和放量；近5日趋势升温；站上20日线且不过热,当日转弱；收盘承接偏弱,不主动推送。,v2,强势,80.41,1.93,4.99,0,2026-04-10,common_index_cache,0.51,2.24,3.78,1.71,6.1,8.7,-5.48,13.1
2026-04-10,002733,雄韬股份,91,1508.0,10jqka,post_close,2026-04-10 15:00:00,2026-04-10,1,1,,,ok,2026-04-10,27.5,30.25,30.25,27.21,426395.0,10.0,10.08,23.42,1.0,1.76,9.07,13.51,13.62,0.0,0.0,True,False,0.0,78.0,重点观察,True,当日涨停附近；收在日内高位；温和放量；近5日趋势升温；站上20日线且不过热；v2低分涨停修正,-,只做观察或轻仓试错，等待回落承接和量能不失控。,v2,强势,80.41,1.93,4.99,0,2026-04-10,common_index_cache,0.51,2.24,3.78,1.71,6.1,8.7,8.07,18.43
2026-04-10,600537,亿晶光电,91,1258.0,10jqka,post_close,2026-04-10 15:00:00,2026-04-10,1,1,,,ok,2026-04-10,3.73,4.07,4.07,3.7,2112735.0,10.0,11.51,7.39,1.0,1.78,7.62,7.84,10.54,-0.73,0.0,True,False,0.0,72.0,普通观察,True,当日涨停附近；收在日内高位；温和放量；近5日趋势升温；站上20日线且不过热,-,保留在样本池，继续看次日人气和承接。,v2,强势,80.41,1.93,4.99,0,2026-04-10,common_index_cache,0.51,2.24,3.78,1.71,6.1,8.7,8.07,2.4
2026-04-10,600498,烽火通信,92,1505.0,10jqka,post_close,2026-04-10 15:00:00,2026-04-10,1,1,,,ok,2026-04-10,54.8,52.4,54.8,51.7,1296176.0,-4.64,7.36,9.58,0.226,1.16,2.12,5.11,8.61,-15.18,0.0,False,False,0.0,12.0,不推送,False,温和放量；近5日趋势升温；站上20日线且不过热,当日转弱；收盘承接偏弱,不主动推送。,v2,强势,80.41,1.93,4.99,0,2026-04-10,common_index_cache,0.51,2.24,3.78,1.71,6.1,8.7,-6.57,4.59
2026-04-13,002580,圣阳股份,1,32760.0,10jqka,post_close,2026-04-13 15:00:00,2026-04-10,2,2,2.0,1.0,ok,2026-04-13,19.45,20.88,20.88,19.35,1021391.0,10.01,33.16,35.85,1.0,0.83,17.46,20.48,32.15,0.0,0.0,True,False,0.0,101.0,强推观察,True,人气Top3；当日涨停附近；收在日内高位；温和放量；近5日强势延续；连续上榜确认；v2连榜升温修正,短线涨幅偏高；偏离20日线较大,高风险情绪股：不追一字，优先看分歧承接，跌破5日线或人气退潮就跑。,v2,强势,73.2,0.47,6.48,0,2026-04-13,common_index_cache,0.06,0.69,0.8,2.8,7.9,10.38,9.54,29.37
2026-04-13,603459,红板科技,2,28818.0,10jqka,post_close,2026-04-13 15:00:00,2026-04-10,2,2,25.0,23.0,ok,2026-04-13,54.13,62.82,69.97,54.13,514468.0,14.05,8.87,,0.549,0.95,11.25,11.25,11.25,-10.22,0.451,True,False,0.0,80.0,重点观察,True,人气Top3；当日涨停附近；温和放量；站上20日线且不过热；连续上榜确认；人气排名明显上升,上影线偏长,只做观察或轻仓试错，等待回落承接和量能不失控。,v2,强势,73.2,0.47,6.48,0,2026-04-13,common_index_cache,0.06,0.69,0.8,2.8,7.9,10.38,13.58,
2026-04-13,000988,华工科技,3,23994.0,10jqka,post_close,2026-04-13 15:00:00,2026-04-10,2,2,14.0,11.0,ok,2026-04-13,114.86,125.16,125.2,114.86,1117461.0,7.97,13.36,20.88,0.996,1.3,9.67,14.86,12.51,-11.49,0.004,False,False,0.0,116.0,强推观察,True,人气Top3；当日强涨；收在日内高位；温和放量；近5日趋势升温；站上20日线且不过热；连续上榜确认；人气排名明显上升；v2连榜升温修正,-,高风险情绪股：不追一字，优先看分歧承接，跌破5日线或人气退潮就跑。,v2,强势,73.2,0.47,6.48,0,2026-04-13,common_index_cache,0.06,0.69,0.8,2.8,7.9,10.38,7.5,14.4
2026-04-13,600010,包钢股份,4,21817.0,10jqka,post_close,2026-04-13 15:00:00,2026-04-10,2,2,13.0,9.0,ok,2026-04-13,2.95,2.98,3.07,2.89,22308112.0,5.3,5.3,12.03,0.5,1.69,4.2,9.24,11.63,-12.61,0.5,False,False,0.0,68.0,普通观察,True,人气Top10；当日上涨；温和放量；近5日趋势升温；站上20日线且不过热；连续上榜确认,上影线偏长,保留在样本池，继续看次日人气和承接。,v2,强势,73.2,0.47,6.48,0,2026-04-13,common_index_cache,0.06,0.69,0.8,2.8,7.9,10.38,4.83,5.55
2026-04-13,600396,华电辽能,5,20824.0,10jqka,post_close,2026-04-13 15:00:00,2026-04-10,2,2,79.0,74.0,ok,2026-04-13,6.65,7.3,7.3,6.52,2429743.0,9.94,-4.95,3.11,1.0,0.96,0.61,-2.22,3.23,-23.08,0.0,True,False,0.0,96.0,强推观察,True,人气Top10；当日涨停附近；收在日内高位；温和放量；站上20日线且不过热；连续上榜确认；人气排名明显上升,-,高风险情绪股：不追一字，优先看分歧承接，跌破5日线或人气退潮就跑。,v2,强势,73.2,0.47,6.48,0,2026-04-13,common_index_cache,0.06,0.69,0.8,2.8,7.9,10.38,9.47,-3.37
2026-04-13,603778,国晟科技,6,19406.0,10jqka,post_close,2026-04-13 15:00:00,2026-04-10,2,2,11.0,5.0,ok,2026-04-13,31.5,33.1,34.19,31.49,1257364.0,5.95,3.34,15.41,0.596,0.98,2.95,11.67,24.52,-3.41,0.404,False,False,0.0,82.0,重点观察,True,人气Top10；当日上涨；温和放量；近5日趋势升温；站上20日线且不过热；连续上榜确认；v2连榜升温修正,-,只做观察或轻仓试错，等待回落承接和量能不失控。,v2,强势,73.2,0.47,6.48,0,2026-04-13,common_index_cache,0.06,0.69,0.8,2.8,7.9,10.38,5.48,8.93
2026-04-13,002558,巨人网络,7,18987.0,10jqka,post_close,2026-04-13 15:00:00,2026-04-13,1,1,,,ok,2026-04-13,35.16,31.52,35.5,31.11,1505568.0,-8.8,-8.85,-5.06,0.093,2.9,-5.37,-4.9,-4.49,-40.92,0.077,False,False,0.0,0.0,不推送,False,人气Top10,当日转弱；收盘承接偏弱；近5日趋势未确认,不主动推送。,v2,强势,73.2,0.47,6.48,0,2026-04-13,common_index_cache,0.06,0.69,0.8,2.8,7.9,10.38,-9.27,-11.54
2026-04-13,300750,宁德时代,8,17866.0,10jqka,post_close,2026-04-13 15:00:00,2026-04-10,2,2,28.0,20.0,ok,2026-04-13,411.09,420.22,426.42,409.09,412399.0,2.72,9.32,10.72,0.642,1.33,6.41,6.44,6.07,-1.45,0.358,False,False,0.0,70.0,普通观察,True,人气Top10；温和放量；近5日趋势升温；站上20日线且不过热；连续上榜确认；人气排名明显上升,-,保留在样本池，继续看次日人气和承接。,v2,强势,73.2,0.47,6.48,0,2026-04-13,common_index_cache,0.06,0.69,0.8,2.8,7.9,10.38,2.25,4.24
2026-04-13,000592,平潭发展,9,17441.0,10jqka,post_close,2026-04-13 15:00:00,2026-04-10,2,2,41.0,32.0,ok,2026-04-13,12.15,11.69,12.5,11.63,3843197.0,2.27,-5.19,0.09,0.069,1.17,-1.63,-2.66,3.51,-29.58,0.402,False,False,0.0,46.0,不推送,False,人气Top10；温和放量；站上20日线且不过热；连续上榜确认；人气排名明显上升,收盘承接偏弱,不主动推送。,v2,强势,73.2,0.47,6.48,0,2026-04-13,common_index_cache,0.06,0.69,0.8,2.8,7.9,10.38,1.8,-6.39
2026-04-13,000815,美利云,10,15756.0,10jqka,post_close,2026-04-13 15:00:00,2026-04-13,1,1,,,ok,2026-04-13,18.6,20.28,20.66,18.35,1453044.0,5.74,-0.15,4.7,0.835,1.02,2.51,2.68,4.64,-10.34,0.165,False,False,0.0,64.0,普通观察,True,人气Top10；当日上涨；收盘承接较强；温和放量；站上20日线且不过热,-,保留在样本池，继续看次日人气和承接。,v2,强势,73.2,0.47,6.48,0,2026-04-13,common_index_cache,0.06,0.69,0.8,2.8,7.9,10.38,5.27,-1.78
2026-04-13,600176,中国巨石,11,15001.0,10jqka,post_close,2026-04-13 15:00:00,2026-04-13,1,1,,,ok,2026-04-13,29.07,32.11,32.11,28.99,1209739.0,10.0,17.4,23.74,1.0,1.28,12.29,19.18,25.65,0.0,0.0,True,False,0.0,110.0,强推观察,True,人气Top20；当日涨停附近；收在日内高位；温和放量；近5日趋势升温；站上20日线且不过热；首次上榜即强势；v2强势延续修正；v2低分涨停修正,-,高风险情绪股：不追一字，优先看分歧承接，跌破5日线或人气退潮就跑。,v2,强势,73.2,0.47,6.48,0,2026-04-13,common_index_cache,0.06,0.69,0.8,2.8,7.9,10.38,9.53,17.26
2026-04-13,600654,中安科,12,14175.0,10jqka,post_close,2026-04-13 15:00:00,2026-04-10,2,2,60.0,48.0,ok,2026-04-13,3.99,4.49,4.49,3.96,3061094.0,10.05,2.05,23.35,1.0,0.83,4.66,16.59,23.81,-7.23,0.0,True,False,0.0,124.0,强推观察,True,人气Top20；当日涨停附近；收在日内高位；温和放量；近5日趋势升温；站上20日线且不过热；连续上榜确认；人气排名明显上升；v2强势延续修正；v2连榜升温修正；v2低分涨停修正,-,高风险情绪股：不追一字，优先看分歧承接，跌破5日线或人气退潮就跑。,v2,强势,73.2,0.47,6.48,0,2026-04-13,common_index_cache,0.06,0.69,0.8,2.8,7.9,10.38,9.58,16.87
2026-04-13,002263,大东南,13,14147.0,10jqka,post_close,2026-04-13 15:00:00,2026-04-10,2,2,10.0,-3.0,ok,2026-04-13,4.8,4.99,5.17,4.76,6237917.0,1.84,5.94,7.08,0.561,1.28,4.13,7.87,22.54,-3.67,0.439,False,False,0.0,58.0,不推送,False,人气Top20；温和放量；近5日趋势升温；站上20日线且不过热；连续上榜确认,-,不主动推送。,v2,强势,73.2,0.47,6.48,0,2026-04-13,common_index_cache,0.06,0.69,0.8,2.8,7.9,10.38,1.37,0.6
2026-04-13,601869,长飞光纤,14,14133.0,10jqka,post_close,2026-04-13 15:00:00,2026-04-10,2,2,8.0,-6.0,ok,2026-04-13,372.0,369.18,375.88,360.0,230442.0,-3.95,1.96,4.73,0.578,1.11,-1.35,6.23,26.76,-7.31,0.244,False,False,0.0,36.0,不推送,False,人气Top20；温和放量；站上20日线且不过热；连续上榜确认,当日转弱,不主动推送。,v2,强势,73.2,0.47,6.48,0,2026-04-13,common_index_cache,0.06,0.69,0.8,2.8,7.9,10.38,-4.42,-1.75
2026-04-13,600105,永鼎股份,15,13849.0,10jqka,post_close,2026-04-13 15:00:00,2026-04-10,2,2,1.0,-14.0,ok,2026-04-13,37.87,38.7,39.61,36.7,2175915.0,1.57,16.46,24.92,0.687,1.26,10.65,20.15,31.76,-2.3,0.313,False,False,0.0,48.0,不推送,False,人气Top20；温和放量；近5日趋势升温；连续上榜确认,偏离20日线较大,不主动推送。,v2,强势,73.2,0.47,6.48,0,2026-04-13,common_index_cache,0.06,0.69,0.8,2.8,7.9,10.38,1.1,18.44
2026-04-13,600666,奥瑞德,16,13677.0,10jqka,post_close,2026-04-13 15:00:00,2026-04-10,2,2,16.0,0.0,ok,2026-04-13,6.01,6.42,6.5,6.01,4992703.0,1.9,-1.23,9.18,0.837,0.94,1.29,3.63,16.75,-10.21,0.163,False,False,0.0,68.0,普通观察,True,人气Top20；收盘承接较强；温和放量；近5日趋势升温；站上20日线且不过热；连续上榜确认,-,保留在样本池，继续看次日人气和承接。,v2,强势,73.2,0.47,6.48,0,2026-04-13,common_index_cache,0.06,0.69,0.8,2.8,7.9,10.38,1.43,2.7
2026-04-13,002281,光迅科技,17,13388.0,10jqka,post_close,2026-04-13 15:00:00,2026-04-10,2,2,18.0,1.0,ok,2026-04-13,107.29,113.73,115.88,107.29,707895.0,5.48,15.74,25.82,0.75,0.87,9.3,19.22,27.6,-1.86,0.25,False,False,0.0,77.0,重点观察,True,人气Top20；当日上涨；收盘承接较强；温和放量；近5日强势延续；站上20日线且不过热；连续上榜确认；v2连榜升温修正,短线涨幅偏高,只做观察或轻仓试错，等待回落承接和量能不失控。,v2,强势,73.2,0.47,6.48,0,2026-04-13,common_index_cache,0.06,0.69,0.8,2.8,7.9,10.38,5.01,19.34
2026-04-13,301696,三瑞智能,18,13372.0,10jqka,post_close,2026-04-13 15:00:00,2026-04-10,2,2,46.0,28.0,ok,2026-04-13,104.4,118.5,121.0,102.0,213445.0,28.8,,,0.868,0.87,12.59,12.59,12.59,-2.07,0.132,True,False,0.0,82.0,重点观察,True,人气Top20；当日涨停附近；收盘承接较强；温和放量；站上20日线且不过热；连续上榜确认；人气排名明显上升,-,只做观察或轻仓试错，等待回落承接和量能不失控。,v2,强势,73.2,0.47,6.48,0,2026-04-13,common_index_cache,0.06,0.69,0.8,2.8,7.9,10.38,28.33,
2026-04-13,002467,二六三,19,13314.0,10jqka,post_close,2026-04-13 15:00:00,2026-04-13,1,1,,,ok,2026-04-13,7.08,7.87,7.87,6.99,3561487.0,10.07,5.21,11.32,1.0,2.84,6.5,7.15,8.49,-1.62,0.0,True,False,0.0,90.0,强推观察,True,人气Top20；当日涨停附近；收在日内高位；近5日趋势升温；站上20日线且不过热；首次上榜即强势；v2强势延续修正,-,高风险情绪股：不追一字，优先看分歧承接，跌破5日线或人气退潮就跑。,v2,强势,73.2,0.47,6.48,0,2026-04-13,common_index_cache,0.06,0.69,0.8,2.8,7.9,10.38,9.6,4.84
2026-04-13,002418,康盛股份,20,13272.0,10jqka,post_close,2026-04-13 15:00:00,2026-04-10,2,2,20.0,0.0,ok,2026-04-13,5.89,6.26,6.26,5.88,1850578.0,10.02,24.95,37.89,1.0,1.9,16.88,24.55,31.1,0.0,0.0,True,False,0.0,81.0,重点观察,True,人气Top20；当日涨停附近；收在日内高位；放量仍可控；近5日强势延续；连续上榜确认；v2连榜升温修正,短线涨幅偏高；偏离20日线较大,只做观察或轻仓试错，等待回落承接和量能不失控。,v2,强势,73.2,0.47,6.48,0,2026-04-13,common_index_cache,0.06,0.69,0.8,2.8,7.9,10.38,9.55,31.41
2026-04-13,600110,诺德股份,21,12846.0,10jqka,post_close,2026-04-13 15:00:00,2026-04-10,2,2,35.0,14.0,ok,2026-04-13,9.55,10.19,10.35,9.55,2568336.0,3.14,3.77,16.46,0.8,0.85,2.56,7.07,16.66,-4.32,0.2,False,False,0.0,80.0,重点观察,True,人气Top50；当日上涨；收盘承接较强；温和放量；近5日趋势升温；站上20日线且不过热；连续上榜确认；人气排名明显上升；v2连榜升温修正,-,只做观察或轻仓试错，等待回落承接和量能不失控。,v2,强势,73.2,0.47,6.48,0,2026-04-13,common_index_cache,0.06,0.69,0.8,2.8,7.9,10.38,2.67,9.98
2026-04-13,002328,新朋股份,22,12814.0,10jqka,post_close,2026-04-13 15:00:00,2026-04-10,2,2,4.0,-18.0,ok,2026-04-13,11.12,10.76,11.12,10.2,2309409.0,6.43,28.86,37.07,0.609,2.6,15.38,28.03,42.16,-3.24,0.0,False,False,0.0,35.0,不推送,False,人气Top50；当日上涨；放量仍可控；近5日强势延续；连续上榜确认,短线涨幅偏高；偏离20日线较大,不主动推送。,v2,强势,73.2,0.47,6.48,0,2026-04-13,common_index_cache,0.06,0.69,0.8,2.8,7.9,10.38,5.96,30.59
2026-04-13,000890,法尔胜,23,12696.0,10jqka,post_close,2026-04-13 15:00:00,2026-04-10,2,2,69.0,46.0,ok,2026-04-13,13.1,13.15,13.45,12.79,652130.0,-7.46,-17.14,-17.86,0.545,0.72,-14.2,-14.67,-7.96,-25.33,0.455,False,False,0.0,0.0,不推送,False,人气Top50；连续上榜确认；人气排名明显上升,当日转弱；近5日趋势未确认；仍在20日线下方,不主动推送。,v2,强势,73.2,0.47,6.48,0,2026-04-13,common_index_cache,0.06,0.69,0.8,2.8,7.9,10.38,-7.93,-24.34
2026-04-13,002364,中恒电气,24,12441.0,10jqka,post_close,2026-04-13 15:00:00,2026-04-10,2,2,24.0,0.0,ok,2026-04-13,38.63,38.63,38.63,38.63,150094.0,9.99,33.07,41.71,1.0,0.63,19.02,30.67,30.0,0.0,0.0,True,True,0.0,51.0,不推送,False,人气Top50；当日涨停附近；收在日内高位；近5日强势延续；连续上榜确认,短线涨幅偏高；偏离20日线较大；一字或近似一字，参与点差,不主动推送。,v2,强势,73.2,0.47,6.48,0,2026-04-13,common_index_cache,0.06,0.69,0.8,2.8,7.9,10.38,9.52,35.23
2026-04-13,600103,青山纸业,25,12424.0,10jqka,post_close,2026-04-13 15:00:00,2026-04-10,2,2,21.0,-4.0,ok,2026-04-13,4.3,4.0,4.3,3.97,4601433.0,2.3,7.82,16.96,0.091,6.12,7.18,11.05,11.61,-8.05,0.0,False,False,0.0,12.0,不推送,False,人气Top50；近5日趋势升温；站上20日线且不过热；连续上榜确认,收盘承接偏弱；放量过猛,不主动推送。,v2,强势,73.2,0.47,6.48,0,2026-04-13,common_index_cache,0.06,0.69,0.8,2.8,7.9,10.38,1.83,10.48
2026-04-13,002475,立讯精密,26,12379.0,10jqka,post_close,2026-04-13 15:00:00,2026-04-10,2,2,3.0,-23.0,ok,2026-04-13,57.78,58.6,59.52,57.5,2388132.0,0.72,12.11,20.08,0.545,1.14,7.51,12.77,16.18,-2.85,0.455,False,False,0.0,40.0,不推送,False,人气Top50；温和放量；近5日趋势升温；站上20日线且不过热；连续上榜确认,人气排名明显回落；上影线偏长,不主动推送。,v2,强势,73.2,0.47,6.48,0,2026-04-13,common_index_cache,0.06,0.69,0.8,2.8,7.9,10.38,0.25,13.6
2026-04-13,002594,比亚迪,27,12374.0,10jqka,post_close,2026-04-13 15:00:00,2026-04-10,2,2,32.0,5.0,ok,2026-04-13,101.57,104.25,104.99,100.81,663136.0,2.54,2.99,5.29,0.823,1.37,3.39,2.33,1.09,-6.77,0.177,False,False,0.0,60.0,普通观察,True,人气Top50；收盘承接较强；温和放量；近5日趋势升温；站上20日线且不过热；连续上榜确认,-,保留在样本池，继续看次日人气和承接。,v2,强势,73.2,0.47,6.48,0,2026-04-13,common_index_cache,0.06,0.69,0.8,2.8,7.9,10.38,2.07,-1.19
2026-04-13,002342,巨力索具,28,12290.0,10jqka,post_close,2026-04-13 15:00:00,2026-04-10,2,2,67.0,39.0,ok,2026-04-13,15.56,16.34,16.66,15.56,2676106.0,5.42,15.31,27.86,0.709,1.29,9.69,14.42,21.59,-23.72,0.291,False,False,0.0,63.0,普通观察,True,人气Top50；当日上涨；温和放量；近5日强势延续；站上20日线且不过热；连续上榜确认；人气排名明显上升；v2连榜升温修正,短线涨幅偏高,保留在样本池，继续看次日人气和承接。,v2,强势,73.2,0.47,6.48,0,2026-04-13,common_index_cache,0.06,0.69,0.8,2.8,7.9,10.38,4.95,21.38
2026-04-13,600743,华远控股,29,12011.0,10jqka,post_close,2026-04-13 15:00:00,2026-04-10,2,2,30.0,1.0,ok,2026-04-13,2.92,2.92,2.92,2.81,810129.0,10.19,33.33,61.33,1.0,0.72,20.07,35.06,42.47,0.0,0.0,True,False,0.0,44.0,不推送,False,人气Top50；当日涨停附近；收在日内高位；连续上榜确认,短线涨幅过热；偏离20日线较大,不主动推送。,v2,强势,73.2,0.47,6.48,0,2026-04-13,common_index_cache,0.06,0.69,0.8,2.8,7.9,10.38,9.72,54.85
2026-04-13,002131,利欧股份,30,11790.0,10jqka,post_close,2026-04-13 15:00:00,2026-04-10,2,2,49.0,19.0,ok,2026-04-13,7.91,8.05,8.19,7.88,5241681.0,0.75,1.26,13.06,0.548,1.11,2.63,4.46,5.1,-22.6,0.452,False,False,0.0,48.0,不推送,False,人气Top50；温和放量；近5日趋势升温；站上20日线且不过热；连续上榜确认；人气排名明显上升,上影线偏长,不主动推送。,v2,强势,73.2,0.47,6.48,0,2026-04-13,common_index_cache,0.06,0.69,0.8,2.8,7.9,10.38,0.28,6.58
2026-04-13,603256,宏和科技,31,11781.0,10jqka,post_close,2026-04-13 15:00:00,2026-04-13,1,1,,,ok,2026-04-13,81.18,89.3,89.3,80.94,182436.0,10.0,20.4,31.32,1.0,0.74,14.53,20.46,27.48,0.0,0.0,True,False,0.0,75.0,重点观察,True,人气Top50；当日涨停附近；收在日内高位；近5日强势延续；站上20日线且不过热；v2强势延续修正；v2低分涨停修正,短线涨幅偏高,只做观察或轻仓试错，等待回落承接和量能不失控。,v2,强势,73.2,0.47,6.48,0,2026-04-13,common_index_cache,0.06,0.69,0.8,2.8,7.9,10.38,9.53,24.84
2026-04-13,603538,美诺华,32,11706.0,10jqka,post_close,2026-04-13 15:00:00,2026-04-10,2,2,7.0,-25.0,ok,2026-04-13,49.5,48.07,50.2,46.77,694795.0,-3.07,11.17,20.18,0.379,0.96,6.49,11.32,32.39,-4.24,0.204,False,False,0.0,14.0,不推送,False,人气Top50；温和放量；近5日趋势升温；连续上榜确认,当日转弱；收盘承接偏弱；偏离20日线较大；人气排名明显回落,不主动推送。,v2,强势,73.2,0.47,6.48,0,2026-04-13,common_index_cache,0.06,0.69,0.8,2.8,7.9,10.38,-3.54,13.7
2026-04-13,600487,亨通光电,33,11395.0,10jqka,post_close,2026-04-13 15:00:00,2026-04-10,2,2,23.0,-10.0,ok,2026-04-13,55.0,53.49,55.95,53.1,2035119.0,-4.45,-8.66,-7.86,0.137,1.09,-6.57,-3.83,6.14,-13.02,0.333,False,False,0.0,12.0,不推送,False,人气Top50；温和放量；站上20日线且不过热；连续上榜确认,当日转弱；收盘承接偏弱；近5日趋势未确认,不主动推送。,v2,强势,73.2,0.47,6.48,0,2026-04-13,common_index_cache,0.06,0.69,0.8,2.8,7.9,10.38,-4.92,-14.34
2026-04-13,002384,东山精密,34,11174.0,10jqka,post_close,2026-04-13 15:00:00,2026-04-10,2,2,5.0,-29.0,ok,2026-04-13,143.61,146.83,149.68,143.61,1086159.0,2.28,22.45,32.82,0.53,1.47,12.74,23.88,28.96,-1.9,0.47,False,False,0.0,23.0,不推送,False,人气Top50；温和放量；近5日强势延续；连续上榜确认,短线涨幅偏高；偏离20日线较大；人气排名明显回落；上影线偏长,不主动推送。,v2,强势,73.2,0.47,6.48,0,2026-04-13,common_index_cache,0.06,0.69,0.8,2.8,7.9,10.38,1.81,26.34
2026-04-13,603803,瑞斯康达,35,11071.0,10jqka,post_close,2026-04-13 15:00:00,2026-04-10,2,2,83.0,48.0,ok,2026-04-13,14.3,15.26,15.26,14.3,458258.0,10.02,9.0,15.52,1.0,0.61,8.07,11.61,10.67,-4.63,0.0,True,False,0.0,94.0,强推观察,True,人气Top50；当日涨停附近；收在日内高位；近5日趋势升温；站上20日线且不过热；连续上榜确认；人气排名明显上升；v2强势延续修正；v2低分涨停修正,-,高风险情绪股：不追一字，优先看分歧承接，跌破5日线或人气退潮就跑。,v2,强势,73.2,0.47,6.48,0,2026-04-13,common_index_cache,0.06,0.69,0.8,2.8,7.9,10.38,9.55,9.04
2026-04-13,001309,德明利,36,11035.0,10jqka,post_close,2026-04-13 15:00:00,2026-04-10,2,2,9.0,-27.0,ok,2026-04-13,450.15,481.49,488.5,450.15,216110.0,7.66,22.42,36.78,0.817,1.24,14.27,21.27,27.89,-1.44,0.183,False,False,0.0,65.0,普通观察,True,人气Top50；当日强涨；收盘承接较强；温和放量；近5日强势延续；站上20日线且不过热；连续上榜确认,短线涨幅偏高；人气排名明显回落,保留在样本池，继续看次日人气和承接。,v2,强势,73.2,0.47,6.48,0,2026-04-13,common_index_cache,0.06,0.69,0.8,2.8,7.9,10.38,7.19,30.3
2026-04-13,002080,中材科技,37,11007.0,10jqka,post_close,2026-04-13 15:00:00,2026-04-13,1,1,,,ok,2026-04-13,45.0,50.14,50.14,45.0,639829.0,10.0,14.66,26.23,1.0,1.56,12.32,18.33,19.34,-6.4,0.0,True,False,0.0,89.0,重点观察,True,人气Top50；当日涨停附近；收在日内高位；温和放量；近5日强势延续；站上20日线且不过热；v2强势延续修正；v2低分涨停修正,短线涨幅偏高,只做观察或轻仓试错，等待回落承接和量能不失控。,v2,强势,73.2,0.47,6.48,0,2026-04-13,common_index_cache,0.06,0.69,0.8,2.8,7.9,10.38,9.53,19.75
2026-04-13,002491,通鼎互联,38,10719.0,10jqka,post_close,2026-04-13 15:00:00,2026-04-10,2,2,39.0,1.0,ok,2026-04-13,14.18,14.82,15.55,13.88,2631245.0,1.58,-2.5,17.99,0.563,1.13,-0.63,9.83,23.51,-11.04,0.437,False,False,0.0,58.0,不推送,False,人气Top50；温和放量；近5日趋势升温；站上20日线且不过热；连续上榜确认；v2连榜升温修正,-,不主动推送。,v2,强势,73.2,0.47,6.48,0,2026-04-13,common_index_cache,0.06,0.69,0.8,2.8,7.9,10.38,1.11,11.51
2026-04-13,001896,豫能控股,39,10300.0,10jqka,post_close,2026-04-13 15:00:00,2026-04-13,1,1,,,ok,2026-04-13,13.38,14.41,14.5,13.29,1586298.0,9.08,10.0,14.09,0.926,1.42,9.02,7.67,0.51,-19.41,0.074,False,False,0.0,74.0,普通观察,True,人气Top50；当日强涨；收在日内高位；温和放量；近5日趋势升温；站上20日线且不过热,-,保留在样本池，继续看次日人气和承接。,v2,强势,73.2,0.47,6.48,0,2026-04-13,common_index_cache,0.06,0.69,0.8,2.8,7.9,10.38,8.61,7.61
2026-04-13,002309,中利集团,40,10239.0,10jqka,post_close,2026-04-13 15:00:00,2026-04-10,2,2,31.0,-9.0,ok,2026-04-13,4.39,4.45,4.58,4.18,4320620.0,1.14,-11.53,-11.53,0.675,0.56,-6.79,-7.5,0.26,-18.05,0.325,False,False,0.0,20.0,不推送,False,人气Top50；站上20日线且不过热；连续上榜确认,近5日趋势未确认,不主动推送。,v2,强势,73.2,0.47,6.48,0,2026-04-13,common_index_cache,0.06,0.69,0.8,2.8,7.9,10.38,0.67,-18.01
2026-04-13,300390,天华新能,41,9848.0,10jqka,post_close,2026-04-13 15:00:00,2026-04-10,2,2,17.0,-24.0,ok,2026-04-13,69.36,80.2,81.7,69.28,1112884.0,17.42,40.65,37.92,0.879,1.8,23.57,29.07,38.95,-1.84,0.121,True,False,0.0,61.0,普通观察,True,人气Top50；当日涨停附近；收盘承接较强；温和放量；近5日强势延续；连续上榜确认,短线涨幅偏高；偏离20日线较大；人气排名明显回落,保留在样本池，继续看次日人气和承接。,v2,强势,73.2,0.47,6.48,0,2026-04-13,common_index_cache,0.06,0.69,0.8,2.8,7.9,10.38,16.95,31.44
2026-04-13,600527,江南高纤,42,9813.0,10jqka,post_close,2026-04-13 15:00:00,2026-04-13,1,1,,,ok,2026-04-13,2.57,2.81,2.81,2.57,2120257.0,10.2,8.91,23.79,1.0,1.4,7.66,10.11,11.89,0.0,0.0,True,False,0.0,96.0,强推观察,True,人气Top50；当日涨停附近；收在日内高位；温和放量；近5日趋势升温；站上20日线且不过热；v2强势延续修正；v2低分涨停修正,-,高风险情绪股：不追一字，优先看分歧承接，跌破5日线或人气退潮就跑。,v2,强势,73.2,0.47,6.48,0,2026-04-13,common_index_cache,0.06,0.69,0.8,2.8,7.9,10.38,9.73,17.31
2026-04-13,600703,三安光电,43,9647.0,10jqka,post_close,2026-04-13 15:00:00,2026-04-10,2,2,50.0,7.0,ok,2026-04-13,11.9,12.45,12.59,11.85,3005111.0,4.27,0.32,6.87,0.811,1.19,2.62,4.27,-8.44,-33.67,0.189,False,False,0.0,52.0,不推送,False,人气Top50；当日上涨；收盘承接较强；温和放量；近5日趋势升温；连续上榜确认,仍在20日线下方,不主动推送。,v2,强势,73.2,0.47,6.48,0,2026-04-13,common_index_cache,0.06,0.69,0.8,2.8,7.9,10.38,3.8,0.39
2026-04-13,000889,中嘉博创,44,9644.0,10jqka,post_close,2026-04-13 15:00:00,2026-04-10,2,2,43.0,-1.0,ok,2026-04-13,4.28,3.92,4.35,3.92,2171211.0,-9.89,9.19,22.5,0.0,3.01,2.78,9.47,13.25,-9.89,0.163,False,False,0.0,14.0,不推送,False,人气Top50；近5日趋势升温；站上20日线且不过热；连续上榜确认,当日转弱；收盘承接偏弱,不主动推送。,v2,强势,73.2,0.47,6.48,0,2026-04-13,common_index_cache,0.06,0.69,0.8,2.8,7.9,10.38,-10.36,16.02
2026-04-13,002902,铭普光磁,45,9600.0,10jqka,post_close,2026-04-13 15:00:00,2026-04-13,1,1,,,ok,2026-04-13,27.5,30.88,30.88,27.35,598348.0,10.01,5.14,14.37,1.0,1.09,7.33,9.42,17.7,0.0,0.0,True,False,0.0,96.0,强推观察,True,人气Top50；当日涨停附近；收在日内高位；温和放量；近5日趋势升温；站上20日线且不过热；v2强势延续修正；v2低分涨停修正,-,高风险情绪股：不追一字，优先看分歧承接，跌破5日线或人气退潮就跑。,v2,强势,73.2,0.47,6.48,0,2026-04-13,common_index_cache,0.06,0.69,0.8,2.8,7.9,10.38,9.54,7.89
2026-04-13,601012,隆基绿能,46,9476.0,10jqka,post_close,2026-04-13 15:00:00,2026-04-10,2,2,75.0,29.0,ok,2026-04-13,17.0,17.68,18.02,16.95,2163953.0,3.27,2.08,6.12,0.682,1.57,3.1,2.11,-1.86,-11.82,0.318,False,False,0.0,54.0,不推送,False,人气Top50；当日上涨；温和放量；近5日趋势升温；连续上榜确认；人气排名明显上升,-,不主动推送。,v2,强势,73.2,0.47,6.48,0,2026-04-13,common_index_cache,0.06,0.69,0.8,2.8,7.9,10.38,2.8,-0.36
2026-04-13,300476,胜宏科技,47,9468.0,10jqka,post_close,2026-04-13 15:00:00,2026-04-10,2,2,54.0,7.0,ok,2026-04-13,283.01,296.16,300.0,283.01,450794.0,2.91,4.32,13.17,0.774,1.22,5.26,10.38,9.63,-8.54,0.226,False,False,0.0,68.0,普通观察,True,人气Top50；收盘承接较强；温和放量；近5日趋势升温；站上20日线且不过热；连续上榜确认；v2连榜升温修正,-,保留在样本池，继续看次日人气和承接。,v2,强势,73.2,0.47,6.48,0,2026-04-13,common_index_cache,0.06,0.69,0.8,2.8,7.9,10.38,2.44,6.69
2026-04-13,002361,神剑股份,48,9460.0,10jqka,post_close,2026-04-13 15:00:00,2026-04-10,2,2,48.0,0.0,ok,2026-04-13,16.48,16.7,17.38,16.18,2867378.0,1.27,-0.48,6.1,0.433,1.11,2.29,2.35,18.14,-8.74,0.567,False,False,0.0,32.0,不推送,False,人气Top50；温和放量；近5日趋势升温；站上20日线且不过热；连续上榜确认,收盘承接偏弱；上影线偏长,不主动推送。,v2,强势,73.2,0.47,6.48,0,2026-04-13,common_index_cache,0.06,0.69,0.8,2.8,7.9,10.38,0.8,-0.38
2026-04-13,603019,中科曙光,49,9223.0,10jqka,post_close,2026-04-13 15:00:00,2026-04-10,2,2,76.0,27.0,ok,2026-04-13,84.61,88.99,90.5,84.61,701246.0,4.33,7.35,14.25,0.744,2.07,6.34,9.42,7.9,-13.44,0.256,False,False,0.0,56.0,不推送,False,人气Top50；当日上涨；放量仍可控；近5日趋势升温；站上20日线且不过热；连续上榜确认；人气排名明显上升,-,不主动推送。,v2,强势,73.2,0.47,6.48,0,2026-04-13,common_index_cache,0.06,0.69,0.8,2.8,7.9,10.38,3.86,7.77
2026-04-13,002074,国轩高科,50,9159.0,10jqka,post_close,2026-04-13 15:00:00,2026-04-10,2,2,15.0,-35.0,ok,2026-04-13,38.8,39.5,39.5,38.5,1369871.0,1.78,12.31,18.05,1.0,3.21,8.18,9.89,7.69,-6.18,0.0,False,False,0.0,48.0,不推送,False,人气Top50；收在日内高位；近5日趋势升温；站上20日线且不过热；连续上榜确认,人气排名明显回落,不主动推送。,v2,强势,73.2,0.47,6.48,0,2026-04-13,common_index_cache,0.06,0.69,0.8,2.8,7.9,10.38,1.31,11.57
2026-04-13,002517,恺英网络,51,9006.0,10jqka,post_close,2026-04-13 15:00:00,2026-04-13,1,1,,,ok,2026-04-13,19.49,18.17,19.49,18.17,1711153.0,-10.0,-6.68,-1.2,0.0,2.95,-4.4,-2.75,-2.14,-35.52,0.0,False,False,0.0,0.0,不推送,False,-,当日转弱；收盘承接偏弱；近5日趋势未确认,不主动推送。,v2,强势,73.2,0.47,6.48,0,2026-04-13,common_index_cache,0.06,0.69,0.8,2.8,7.9,10.38,-10.47,-7.68
2026-04-13,002124,天邦食品,52,8894.0,10jqka,post_close,2026-04-13 15:00:00,2026-04-13,1,1,,,ok,2026-04-13,2.34,2.59,2.59,2.33,952265.0,10.21,7.92,12.61,1.0,2.89,7.47,8.5,7.16,-6.83,0.0,True,False,0.0,64.0,普通观察,True,当日涨停附近；收在日内高位；近5日趋势升温；站上20日线且不过热；v2低分涨停修正,-,保留在样本池，继续看次日人气和承接。,v2,强势,73.2,0.47,6.48,0,2026-04-13,common_index_cache,0.06,0.69,0.8,2.8,7.9,10.38,9.74,6.13
2026-04-13,002439,启明星辰,53,8799.0,10jqka,post_close,2026-04-13 15:00:00,2026-04-13,1,1,,,ok,2026-04-13,14.26,14.26,14.26,14.07,274442.0,10.03,8.19,12.82,1.0,2.89,8.29,9.77,6.75,-15.87,0.0,True,False,0.0,64.0,普通观察,True,当日涨停附近；收在日内高位；近5日趋势升温；站上20日线且不过热；v2低分涨停修正,-,保留在样本池，继续看次日人气和承接。,v2,强势,73.2,0.47,6.48,0,2026-04-13,common_index_cache,0.06,0.69,0.8,2.8,7.9,10.38,9.56,6.34
2026-04-13,002297,博云新材,54,8799.0,10jqka,post_close,2026-04-13 15:00:00,2026-04-10,2,2,44.0,-10.0,ok,2026-04-13,12.08,12.08,12.08,12.08,96940.0,10.02,7.19,13.32,1.0,0.59,7.51,9.19,9.74,-17.6,0.0,True,True,0.0,60.0,普通观察,True,当日涨停附近；收在日内高位；近5日趋势升温；站上20日线且不过热；连续上榜确认,一字或近似一字，参与点差,保留在样本池，继续看次日人气和承接。,v2,强势,73.2,0.47,6.48,0,2026-04-13,common_index_cache,0.06,0.69,0.8,2.8,7.9,10.38,9.55,6.84
2026-04-13,601138,工业富联,55,8796.0,10jqka,post_close,2026-04-13 15:00:00,2026-04-10,2,2,12.0,-43.0,ok,2026-04-13,56.0,55.7,56.55,55.4,1357149.0,-1.45,-1.61,6.75,0.261,0.82,0.75,4.18,7.41,-12.97,0.478,False,False,0.0,16.0,不推送,False,温和放量；近5日趋势升温；站上20日线且不过热；连续上榜确认,当日转弱；收盘承接偏弱；人气排名明显回落,不主动推送。,v2,强势,73.2,0.47,6.48,0,2026-04-13,common_index_cache,0.06,0.69,0.8,2.8,7.9,10.38,-1.92,0.27
2026-04-13,002460,赣锋锂业,56,8749.0,10jqka,post_close,2026-04-13 15:00:00,2026-04-10,2,2,47.0,-9.0,ok,2026-04-13,83.84,84.38,86.3,83.01,1010330.0,0.48,2.89,5.81,0.416,1.4,2.82,4.71,12.36,-3.0,0.584,False,False,0.0,24.0,不推送,False,温和放量；近5日趋势升温；站上20日线且不过热；连续上榜确认,收盘承接偏弱；上影线偏长,不主动推送。,v2,强势,73.2,0.47,6.48,0,2026-04-13,common_index_cache,0.06,0.69,0.8,2.8,7.9,10.38,0.01,-0.67
2026-04-13,002957,科瑞技术,57,8732.0,10jqka,post_close,2026-04-13 15:00:00,2026-04-13,1,1,,,ok,2026-04-13,37.65,41.36,41.36,37.65,281648.0,10.0,11.63,35.08,1.0,0.73,10.43,25.6,41.18,0.0,0.0,True,False,0.0,41.0,不推送,False,当日涨停附近；收在日内高位；近5日强势延续,短线涨幅偏高；偏离20日线较大,不主动推送。,v2,强势,73.2,0.47,6.48,0,2026-04-13,common_index_cache,0.06,0.69,0.8,2.8,7.9,10.38,9.53,28.6
2026-04-13,002714,牧原股份,58,8315.0,10jqka,post_close,2026-04-13 15:00:00,2026-04-10,2,2,19.0,-39.0,ok,2026-04-13,43.0,44.17,44.5,42.65,510632.0,2.7,-0.38,2.96,0.822,1.4,0.95,2.14,-2.15,-14.2,0.178,False,False,0.0,28.0,不推送,False,收盘承接较强；温和放量；连续上榜确认,人气排名明显回落,不主动推送。,v2,强势,73.2,0.47,6.48,0,2026-04-13,common_index_cache,0.06,0.69,0.8,2.8,7.9,10.38,2.23,-3.52
2026-04-13,300274,阳光电源,59,7982.0,10jqka,post_close,2026-04-13 15:00:00,2026-04-10,2,2,52.0,-7.0,ok,2026-04-13,129.03,134.24,136.31,129.02,850777.0,2.64,5.71,8.86,0.716,1.16,5.19,0.86,-10.67,-26.24,0.284,False,False,0.0,26.0,不推送,False,温和放量；近5日趋势升温；连续上榜确认,仍在20日线下方,不主动推送。,v2,强势,73.2,0.47,6.48,0,2026-04-13,common_index_cache,0.06,0.69,0.8,2.8,7.9,10.38,2.17,2.38
2026-04-13,002506,协鑫集成,60,7901.0,10jqka,post_close,2026-04-13 15:00:00,2026-04-13,1,1,,,ok,2026-04-13,4.4,4.56,4.67,4.37,6387550.0,2.7,0.88,8.31,0.633,1.24,2.24,-0.13,-9.52,-28.3,0.367,False,False,0.0,18.0,不推送,False,温和放量；近5日趋势升温,仍在20日线下方,不主动推送。,v2,强势,73.2,0.47,6.48,0,2026-04-13,common_index_cache,0.06,0.69,0.8,2.8,7.9,10.38,2.23,1.83
2026-04-13,301015,百洋医药,61,7827.0,10jqka,post_close,2026-04-13 15:00:00,2026-04-13,1,1,,,ok,2026-04-13,24.59,24.15,25.54,24.04,222604.0,1.43,-3.01,-6.97,0.073,1.06,-0.3,-1.61,3.98,-16.06,0.633,False,False,0.0,0.0,不推送,False,温和放量；站上20日线且不过热,收盘承接偏弱；近5日趋势未确认；上影线偏长,不主动推送。,v2,强势,73.2,0.47,6.48,0,2026-04-13,common_index_cache,0.06,0.69,0.8,2.8,7.9,10.38,0.96,-13.45
2026-04-13,600498,烽火通信,62,7815.0,10jqka,post_close,2026-04-13 15:00:00,2026-04-10,2,2,92.0,30.0,ok,2026-04-13,51.3,50.17,51.7,48.75,1035708.0,-4.26,-2.11,2.05,0.481,0.87,-2.61,-0.2,4.22,-18.79,0.136,False,False,0.0,24.0,不推送,False,温和放量；站上20日线且不过热；连续上榜确认；人气排名明显上升,当日转弱,不主动推送。,v2,强势,73.2,0.47,6.48,0,2026-04-13,common_index_cache,0.06,0.69,0.8,2.8,7.9,10.38,-4.73,-4.43
2026-04-13,000400,许继电气,63,7800.0,10jqka,post_close,2026-04-13 15:00:00,2026-04-13,1,1,,,ok,2026-04-13,26.03,25.66,26.3,25.63,909602.0,-9.9,-9.04,-4.65,0.045,4.68,-6.49,-6.42,-8.65,-25.95,0.403,False,False,0.0,0.0,不推送,False,-,当日转弱；收盘承接偏弱；放量过猛；近5日趋势未确认；仍在20日线下方,不主动推送。,v2,强势,73.2,0.47,6.48,0,2026-04-13,common_index_cache,0.06,0.69,0.8,2.8,7.9,10.38,-10.37,-11.13
2026-04-13,000586,汇源通信,64,7795.0,10jqka,post_close,2026-04-13 15:00:00,2026-04-10,2,2,74.0,10.0,ok,2026-04-13,20.35,21.6,22.48,20.35,694274.0,-4.47,-5.43,14.47,0.587,3.94,-4.37,10.34,25.35,-14.01,0.413,False,False,0.0,10.0,不推送,False,近5日趋势升温；站上20日线且不过热；连续上榜确认；人气排名明显上升,当日转弱；放量过猛,不主动推送。,v2,强势,73.2,0.47,6.48,0,2026-04-13,common_index_cache,0.06,0.69,0.8,2.8,7.9,10.38,-4.94,7.99
2026-04-13,920012,创达新材,65,7557.0,10jqka,post_close,2026-04-13 15:00:00,2026-04-13,1,1,,,ok,2026-04-13,43.06,51.67,54.93,42.0,116990.0,,,,0.748,,0.0,0.0,0.0,-5.93,0.252,False,False,0.0,8.0,不推送,False,站上20日线且不过热,-,不主动推送。,v2,强势,73.2,0.47,6.48,0,2026-04-13,common_index_cache,0.06,0.69,0.8,2.8,7.9,10.38,,
2026-04-13,600438,通威股份,66,7523.0,10jqka,post_close,2026-04-13 15:00:00,2026-04-13,1,1,,,ok,2026-04-13,16.26,17.57,17.92,16.18,1469970.0,7.86,7.13,12.56,0.799,3.7,7.24,7.33,2.63,-21.21,0.201,False,False,0.0,34.0,不推送,False,当日强涨；收盘承接较强；近5日趋势升温；站上20日线且不过热,放量过猛,不主动推送。,v2,强势,73.2,0.47,6.48,0,2026-04-13,common_index_cache,0.06,0.69,0.8,2.8,7.9,10.38,7.39,6.08
2026-04-13,300308,中际旭创,67,7412.0,10jqka,post_close,2026-04-13 15:00:00,2026-04-10,2,2,6.0,-61.0,ok,2026-04-13,738.8,738.0,744.0,714.23,228876.0,0.46,7.4,21.68,0.798,0.76,6.33,15.02,19.71,-0.81,0.175,False,False,0.0,34.0,不推送,False,收盘承接较强；近5日趋势升温；站上20日线且不过热；连续上榜确认,人气排名明显回落,不主动推送。,v2,强势,73.2,0.47,6.48,0,2026-04-13,common_index_cache,0.06,0.69,0.8,2.8,7.9,10.38,-0.01,15.2
2026-04-13,002202,金风科技,68,7399.0,10jqka,post_close,2026-04-13 15:00:00,2026-04-10,2,2,56.0,-12.0,ok,2026-04-13,23.79,24.14,24.3,23.7,1225553.0,0.29,1.26,-0.33,0.733,0.53,1.62,-2.05,-9.74,-34.81,0.267,False,False,0.0,0.0,不推送,False,连续上榜确认,近5日趋势未确认；仍在20日线下方,不主动推送。,v2,强势,73.2,0.47,6.48,0,2026-04-13,common_index_cache,0.06,0.69,0.8,2.8,7.9,10.38,-0.18,-6.81
2026-04-13,300058,蓝色光标,69,7365.0,10jqka,post_close,2026-04-13 15:00:00,2026-04-10,2,2,89.0,20.0,ok,2026-04-13,16.16,16.54,16.97,16.0,4381318.0,0.3,1.41,23.71,0.557,0.92,3.91,9.82,11.6,-32.3,0.443,False,False,0.0,46.0,不推送,False,温和放量；近5日趋势升温；站上20日线且不过热；连续上榜确认；人气排名明显上升,-,不主动推送。,v2,强势,73.2,0.47,6.48,0,2026-04-13,common_index_cache,0.06,0.69,0.8,2.8,7.9,10.38,-0.17,17.23
2026-04-13,301526,国际复材,70,7307.0,10jqka,post_close,2026-04-13 15:00:00,2026-04-13,1,1,,,ok,2026-04-13,12.67,14.83,15.15,12.67,3218202.0,16.04,20.57,34.09,0.871,1.99,16.08,22.5,27.45,-8.23,0.129,True,False,0.0,59.0,不推送,False,当日涨停附近；收盘承接较强；放量仍可控；近5日强势延续；站上20日线且不过热；v2低分涨停修正,短线涨幅偏高,不主动推送。,v2,强势,73.2,0.47,6.48,0,2026-04-13,common_index_cache,0.06,0.69,0.8,2.8,7.9,10.38,15.57,27.61
2026-04-13,002051,中工国际,71,7306.0,10jqka,post_close,2026-04-13 15:00:00,2026-04-10,2,2,76.0,5.0,ok,2026-04-13,10.2,9.84,10.3,9.69,1216386.0,-8.29,-14.66,3.25,0.246,0.85,-9.02,-1.85,5.52,-22.4,0.164,False,False,0.0,8.0,不推送,False,温和放量；站上20日线且不过热；连续上榜确认,当日转弱；收盘承接偏弱,不主动推送。,v2,强势,73.2,0.47,6.48,0,2026-04-13,common_index_cache,0.06,0.69,0.8,2.8,7.9,10.38,-8.76,-3.23
2026-04-13,000791,甘肃能源,72,7218.0,10jqka,post_close,2026-04-13 15:00:00,2026-04-13,1,1,,,ok,2026-04-13,7.97,8.0,8.0,7.97,397381.0,10.04,8.7,11.42,1.0,0.98,8.11,7.32,0.79,-14.26,0.0,True,False,0.0,72.0,普通观察,True,当日涨停附近；收在日内高位；温和放量；近5日趋势升温；站上20日线且不过热,-,保留在样本池，继续看次日人气和承接。,v2,强势,73.2,0.47,6.48,0,2026-04-13,common_index_cache,0.06,0.69,0.8,2.8,7.9,10.38,9.57,4.94
2026-04-13,600111,北方稀土,73,7204.0,10jqka,post_close,2026-04-13 15:00:00,2026-04-10,2,2,38.0,-35.0,ok,2026-04-13,53.05,52.34,53.35,51.89,1048659.0,1.14,1.24,9.93,0.308,1.25,1.64,5.54,8.11,-17.67,0.205,False,False,0.0,26.0,不推送,False,温和放量；近5日趋势升温；站上20日线且不过热；连续上榜确认,收盘承接偏弱；人气排名明显回落,不主动推送。,v2,强势,73.2,0.47,6.48,0,2026-04-13,common_index_cache,0.06,0.69,0.8,2.8,7.9,10.38,0.67,3.45
2026-04-13,600410,华胜天成,74,7144.0,10jqka,post_close,2026-04-13 15:00:00,2026-04-10,2,2,58.0,-16.0,ok,2026-04-13,26.63,26.76,27.29,26.6,1130939.0,-1.11,-3.95,6.4,0.232,0.68,-0.62,2.22,2.75,-22.01,0.768,False,False,0.0,6.0,不推送,False,近5日趋势升温；站上20日线且不过热；连续上榜确认,当日转弱；收盘承接偏弱,不主动推送。,v2,强势,73.2,0.47,6.48,0,2026-04-13,common_index_cache,0.06,0.69,0.8,2.8,7.9,10.38,-1.58,-0.08
2026-04-13,603002,宏昌电子,75,7126.0,10jqka,post_close,2026-04-13 15:00:00,2026-04-13,1,1,,,ok,2026-04-13,10.82,11.69,11.97,10.8,959727.0,6.86,6.18,20.52,0.761,1.64,5.49,11.33,13.68,-5.27,0.239,False,False,0.0,52.0,不推送,False,当日上涨；收盘承接较强；温和放量；近5日趋势升温；站上20日线且不过热,-,不主动推送。,v2,强势,73.2,0.47,6.48,0,2026-04-13,common_index_cache,0.06,0.69,0.8,2.8,7.9,10.38,6.39,14.04
2026-04-13,002560,通达股份,76,7039.0,10jqka,post_close,2026-04-13 15:00:00,2026-04-10,2,2,88.0,12.0,ok,2026-04-13,13.27,14.28,14.31,13.27,1629163.0,5.23,5.39,13.15,0.971,0.9,5.12,13.27,27.47,-0.63,0.029,False,False,0.0,70.0,普通观察,True,当日上涨；收在日内高位；温和放量；近5日趋势升温；站上20日线且不过热；连续上榜确认；人气排名明显上升,-,保留在样本池，继续看次日人气和承接。,v2,强势,73.2,0.47,6.48,0,2026-04-13,common_index_cache,0.06,0.69,0.8,2.8,7.9,10.38,4.76,6.67
2026-04-13,605117,德业股份,77,7003.0,10jqka,post_close,2026-04-13 15:00:00,2026-04-10,2,2,62.0,-15.0,ok,2026-04-13,139.6,146.94,153.56,137.21,421391.0,5.26,19.17,20.54,0.595,3.37,11.08,13.47,12.55,-4.31,0.405,False,False,0.0,36.0,不推送,False,当日上涨；近5日趋势升温；站上20日线且不过热；连续上榜确认,-,不主动推送。,v2,强势,73.2,0.47,6.48,0,2026-04-13,common_index_cache,0.06,0.69,0.8,2.8,7.9,10.38,4.79,14.06
2026-04-13,600759,洲际油气,78,6992.0,10jqka,post_close,2026-04-13 15:00:00,2026-04-13,1,1,,,ok,2026-04-13,5.6,5.75,5.83,5.29,7047553.0,6.68,8.49,0.7,0.852,1.58,3.94,1.63,-6.75,-36.74,0.148,False,False,0.0,24.0,不推送,False,当日上涨；收盘承接较强；温和放量,仍在20日线下方,不主动推送。,v2,强势,73.2,0.47,6.48,0,2026-04-13,common_index_cache,0.06,0.69,0.8,2.8,7.9,10.38,6.21,-5.78
2026-04-13,603629,利通电子,79,6962.0,10jqka,post_close,2026-04-13 15:00:00,2026-04-13,1,1,,,ok,2026-04-13,73.98,72.68,79.95,70.71,526715.0,0.0,3.24,22.32,0.213,1.67,2.55,8.71,12.94,-9.09,0.646,False,False,0.0,22.0,不推送,False,温和放量；近5日趋势升温；站上20日线且不过热,收盘承接偏弱,不主动推送。,v2,强势,73.2,0.47,6.48,0,2026-04-13,common_index_cache,0.06,0.69,0.8,2.8,7.9,10.38,-0.47,15.84
2026-04-13,601899,紫金矿业,80,6876.0,10jqka,post_close,2026-04-13 15:00:00,2026-04-10,2,2,57.0,-23.0,ok,2026-04-13,33.38,33.66,33.8,33.31,1765321.0,-0.27,-2.77,2.28,0.714,0.76,-0.02,0.77,1.52,-25.1,0.286,False,False,0.0,2.0,不推送,False,站上20日线且不过热；连续上榜确认,当日转弱；人气排名明显回落,不主动推送。,v2,强势,73.2,0.47,6.48,0,2026-04-13,common_index_cache,0.06,0.69,0.8,2.8,7.9,10.38,-0.74,-4.2
2026-04-13,002837,英维克,81,6868.0,10jqka,post_close,2026-04-13 15:00:00,2026-04-10,2,2,34.0,-47.0,ok,2026-04-13,99.06,102.86,103.3,99.05,610063.0,3.85,12.42,22.99,0.896,1.41,9.11,14.41,8.01,-11.71,0.104,False,False,0.0,56.0,不推送,False,当日上涨；收盘承接较强；温和放量；近5日趋势升温；站上20日线且不过热；连续上榜确认,人气排名明显回落,不主动推送。,v2,强势,73.2,0.47,6.48,0,2026-04-13,common_index_cache,0.06,0.69,0.8,2.8,7.9,10.38,3.38,16.51
2026-04-13,600488,津药药业,82,6852.0,10jqka,post_close,2026-04-13 15:00:00,2026-04-10,2,2,64.0,-18.0,ok,2026-04-13,6.15,5.91,6.24,5.91,1702141.0,-7.94,-19.7,-15.21,0.0,0.81,-14.2,-6.94,13.58,-29.98,0.273,False,False,0.0,4.0,不推送,False,温和放量；站上20日线且不过热；连续上榜确认,当日转弱；收盘承接偏弱；近5日趋势未确认,不主动推送。,v2,强势,73.2,0.47,6.48,0,2026-04-13,common_index_cache,0.06,0.69,0.8,2.8,7.9,10.38,-8.41,-21.69
2026-04-13,002463,沪电股份,83,6763.0,10jqka,post_close,2026-04-13 15:00:00,2026-04-10,2,2,45.0,-38.0,ok,2026-04-13,86.5,88.67,90.62,86.41,754932.0,0.4,5.47,16.18,0.537,0.97,4.73,9.42,7.72,-5.63,0.463,False,False,0.0,32.0,不推送,False,温和放量；近5日趋势升温；站上20日线且不过热；连续上榜确认,人气排名明显回落；上影线偏长,不主动推送。,v2,强势,73.2,0.47,6.48,0,2026-04-13,common_index_cache,0.06,0.69,0.8,2.8,7.9,10.38,-0.07,9.7
2026-04-13,002709,天赐材料,84,6676.0,10jqka,post_close,2026-04-13 15:00:00,2026-04-10,2,2,40.0,-44.0,ok,2026-04-13,45.88,46.71,47.26,45.7,1127756.0,-0.02,4.54,8.18,0.647,1.28,3.75,3.38,4.6,-8.41,0.353,False,False,0.0,28.0,不推送,False,温和放量；近5日趋势升温；站上20日线且不过热；连续上榜确认,当日转弱；人气排名明显回落,不主动推送。,v2,强势,73.2,0.47,6.48,0,2026-04-13,common_index_cache,0.06,0.69,0.8,2.8,7.9,10.38,-0.49,1.7
2026-04-13,002980,华盛昌,85,6629.0,10jqka,post_close,2026-04-13 15:00:00,2026-04-13,1,1,,,ok,2026-04-13,53.03,58.31,58.31,53.03,88471.0,10.0,10.31,26.51,1.0,0.47,7.76,19.11,33.37,0.0,0.0,True,False,0.0,39.0,不推送,False,当日涨停附近；收在日内高位；近5日强势延续；v2低分涨停修正,量能不足；短线涨幅偏高；偏离20日线较大,不主动推送。,v2,强势,73.2,0.47,6.48,0,2026-04-13,common_index_cache,0.06,0.69,0.8,2.8,7.9,10.38,9.53,20.03
2026-04-13,603659,璞泰来,86,6588.0,10jqka,post_close,2026-04-13 15:00:00,2026-04-13,1,1,,,ok,2026-04-13,33.25,34.4,34.95,33.04,813078.0,2.93,10.01,15.98,0.712,1.27,6.97,8.23,8.55,-2.27,0.288,False,False,0.0,34.0,不推送,False,温和放量；近5日趋势升温；站上20日线且不过热,-,不主动推送。,v2,强势,73.2,0.47,6.48,0,2026-04-13,common_index_cache,0.06,0.69,0.8,2.8,7.9,10.38,2.46,9.5
2026-04-13,000612,焦作万方,87,6553.0,10jqka,post_close,2026-04-13 15:00:00,2026-04-13,1,1,,,ok,2026-04-13,13.35,13.51,13.51,13.25,861390.0,10.02,10.92,18.72,1.0,2.14,8.92,11.29,12.34,-13.4,0.0,True,False,0.0,72.0,普通观察,True,当日涨停附近；收在日内高位；放量仍可控；近5日趋势升温；站上20日线且不过热；v2低分涨停修正,-,保留在样本池，继续看次日人气和承接。,v2,强势,73.2,0.47,6.48,0,2026-04-13,common_index_cache,0.06,0.69,0.8,2.8,7.9,10.38,9.55,12.24
2026-04-13,002192,融捷股份,88,6552.0,10jqka,post_close,2026-04-13 15:00:00,2026-04-13,1,1,,,ok,2026-04-13,72.93,78.32,79.74,72.69,476565.0,7.04,9.26,9.86,0.799,1.41,6.56,5.84,16.81,-7.25,0.201,False,False,0.0,60.0,普通观察,True,当日强涨；收盘承接较强；温和放量；近5日趋势升温；站上20日线且不过热,-,保留在样本池，继续看次日人气和承接。,v2,强势,73.2,0.47,6.48,0,2026-04-13,common_index_cache,0.06,0.69,0.8,2.8,7.9,10.38,6.57,3.38
2026-04-13,002432,九安医疗,89,6531.0,10jqka,post_close,2026-04-13 15:00:00,2026-04-10,2,2,55.0,-34.0,ok,2026-04-13,91.0,85.93,91.4,85.53,388103.0,-7.35,-1.9,5.92,0.068,1.23,-1.71,3.6,19.13,-9.36,0.068,False,False,0.0,16.0,不推送,False,温和放量；近5日趋势升温；站上20日线且不过热；连续上榜确认,当日转弱；收盘承接偏弱；人气排名明显回落,不主动推送。,v2,强势,73.2,0.47,6.48,0,2026-04-13,common_index_cache,0.06,0.69,0.8,2.8,7.9,10.38,-7.82,-0.56
2026-04-13,000977,浪潮信息,90,6486.0,10jqka,post_close,2026-04-13 15:00:00,2026-04-10,2,2,27.0,-63.0,ok,2026-04-13,66.0,68.34,70.19,65.81,1055603.0,1.24,9.03,20.02,0.578,1.39,5.77,12.42,13.95,-4.55,0.422,False,False,0.0,38.0,不推送,False,温和放量；近5日趋势升温；站上20日线且不过热；连续上榜确认,人气排名明显回落,不主动推送。,v2,强势,73.2,0.47,6.48,0,2026-04-13,common_index_cache,0.06,0.69,0.8,2.8,7.9,10.38,0.77,13.54
2026-04-13,600089,特变电工,91,6448.0,10jqka,post_close,2026-04-13 15:00:00,2026-04-10,2,2,70.0,-21.0,ok,2026-04-13,26.74,26.92,26.99,26.43,1306209.0,-0.63,0.0,5.57,0.875,0.93,1.2,1.31,-2.32,-19.11,0.125,False,False,0.0,30.0,不推送,False,收盘承接较强；温和放量；近5日趋势升温；连续上榜确认,当日转弱；人气排名明显回落,不主动推送。,v2,强势,73.2,0.47,6.48,0,2026-04-13,common_index_cache,0.06,0.69,0.8,2.8,7.9,10.38,-1.1,-0.91
2026-04-13,002466,天齐锂业,92,6439.0,10jqka,post_close,2026-04-13 15:00:00,2026-04-13,1,1,,,ok,2026-04-13,59.43,62.1,62.47,59.43,768397.0,4.12,6.57,12.01,0.878,1.5,5.48,8.16,13.29,-5.91,0.122,False,False,0.0,52.0,不推送,False,当日上涨；收盘承接较强；温和放量；近5日趋势升温；站上20日线且不过热,-,不主动推送。,v2,强势,73.2,0.47,6.48,0,2026-04-13,common_index_cache,0.06,0.69,0.8,2.8,7.9,10.38,3.65,5.53
2026-04-13,603601,再升科技,93,6430.0,10jqka,post_close,2026-04-13 15:00:00,2026-04-13,1,1,,,ok,2026-04-13,13.16,13.72,13.98,13.1,1656547.0,3.08,-3.79,-2.0,0.705,0.68,-0.1,-3.13,5.74,-13.98,0.295,False,False,0.0,12.0,不推送,False,当日上涨；站上20日线且不过热,近5日趋势未确认,不主动推送。,v2,强势,73.2,0.47,6.48,0,2026-04-13,common_index_cache,0.06,0.69,0.8,2.8,7.9,10.38,2.61,-8.48
2026-04-13,600982,宁波能源,94,6292.0,10jqka,post_close,2026-04-13 15:00:00,2026-04-13,1,1,,,ok,2026-04-13,5.3,5.79,5.79,5.28,1140615.0,10.08,7.82,11.56,1.0,1.34,6.55,3.06,0.95,-21.76,0.0,True,False,0.0,72.0,普通观察,True,当日涨停附近；收在日内高位；温和放量；近5日趋势升温；站上20日线且不过热,-,保留在样本池，继续看次日人气和承接。,v2,强势,73.2,0.47,6.48,0,2026-04-13,common_index_cache,0.06,0.69,0.8,2.8,7.9,10.38,9.61,5.08
2026-04-13,600415,小商品城,95,6211.0,10jqka,post_close,2026-04-13 15:00:00,2026-04-13,1,1,,,ok,2026-04-13,12.82,12.38,12.83,12.3,1461427.0,-5.5,-9.3,-4.11,0.151,1.87,-4.89,-5.06,-6.42,-34.88,0.019,False,False,0.0,0.0,不推送,False,放量仍可控,当日转弱；收盘承接偏弱；近5日趋势未确认；仍在20日线下方,不主动推送。,v2,强势,73.2,0.47,6.48,0,2026-04-13,common_index_cache,0.06,0.69,0.8,2.8,7.9,10.38,-5.97,-10.59
2026-04-13,300502,新易盛,96,6139.0,10jqka,post_close,2026-04-13 15:00:00,2026-04-10,2,2,33.0,-63.0,ok,2026-04-13,518.0,512.72,522.0,500.01,375113.0,-1.87,2.24,12.61,0.578,1.02,3.15,7.94,11.34,-2.89,0.182,False,False,0.0,28.0,不推送,False,温和放量；近5日趋势升温；站上20日线且不过热；连续上榜确认,当日转弱；人气排名明显回落,不主动推送。,v2,强势,73.2,0.47,6.48,0,2026-04-13,common_index_cache,0.06,0.69,0.8,2.8,7.9,10.38,-2.34,6.13
2026-04-13,000720,新能泰山,97,6122.0,10jqka,post_close,2026-04-13 15:00:00,2026-04-10,2,2,61.0,-36.0,ok,2026-04-13,5.21,5.37,5.49,5.0,2077355.0,-1.1,-19.85,-9.6,0.755,0.75,-10.68,-5.34,7.78,-25.21,0.245,False,False,0.0,8.0,不推送,False,收盘承接较强；站上20日线且不过热；连续上榜确认,当日转弱；近5日趋势未确认；人气排名明显回落,不主动推送。,v2,强势,73.2,0.47,6.48,0,2026-04-13,common_index_cache,0.06,0.69,0.8,2.8,7.9,10.38,-1.57,-16.08
2026-04-13,000617,中油资本,98,6113.0,10jqka,post_close,2026-04-13 15:00:00,2026-04-13,1,1,,,ok,2026-04-13,10.28,10.08,10.32,9.99,2584477.0,-1.75,-2.98,-5.79,0.273,0.4,-4.27,-2.67,-2.28,-14.36,0.121,False,False,0.0,0.0,不推送,False,-,当日转弱；收盘承接偏弱；量能不足；近5日趋势未确认,不主动推送。,v2,强势,73.2,0.47,6.48,0,2026-04-13,common_index_cache,0.06,0.69,0.8,2.8,7.9,10.38,-2.22,-12.27
2026-04-13,003031,中瓷电子,99,6112.0,10jqka,post_close,2026-04-13 15:00:00,2026-04-13,1,1,,,ok,2026-04-13,96.05,104.1,104.99,96.05,192571.0,8.46,11.47,17.53,0.9,0.91,8.08,17.72,24.72,-0.85,0.1,False,False,0.0,66.0,普通观察,True,当日强涨；收在日内高位；温和放量；近5日趋势升温；站上20日线且不过热,-,保留在样本池，继续看次日人气和承接。,v2,强势,73.2,0.47,6.48,0,2026-04-13,common_index_cache,0.06,0.69,0.8,2.8,7.9,10.38,7.99,11.05
2026-04-13,603986,兆易创新,100,6074.0,10jqka,post_close,2026-04-13 15:00:00,2026-04-10,2,2,42.0,-58.0,ok,2026-04-13,261.0,262.14,269.84,260.9,412421.0,-1.11,2.41,5.23,0.139,0.97,2.13,3.68,-2.58,-20.84,0.861,False,False,0.0,8.0,不推送,False,温和放量；近5日趋势升温；连续上榜确认,当日转弱；收盘承接偏弱；人气排名明显回落,不主动推送。,v2,强势,73.2,0.47,6.48,0,2026-04-13,common_index_cache,0.06,0.69,0.8,2.8,7.9,10.38,-1.58,-1.25
2026-04-14,603778,国晟科技,1,41485.0,10jqka,post_close,2026-04-14 15:00:00,2026-04-10,3,3,6.0,5.0,ok,2026-04-14,29.79,29.79,29.79,29.79,104425.0,-10.0,-9.29,-5.58,1.0,0.08,-6.32,-0.99,10.56,-13.07,,False,False,0.0,40.0,不推送,False,人气Top3；收在日内高位；站上20日线且不过热；连续上榜确认,当日转弱；量能不足；近5日趋势未确认,不主动推送。,v2,强势,85.61,1.53,7.79,0,2026-04-14,common_index_cache,0.95,1.61,2.36,3.51,9.25,12.58,-11.53,-13.37
2026-04-14,002580,圣阳股份,2,27571.0,10jqka,post_close,2026-04-14 15:00:00,2026-04-10,3,3,1.0,-1.0,ok,2026-04-14,22.79,22.97,22.97,21.33,1765415.0,10.01,33.16,42.76,1.0,1.44,19.94,27.42,41.18,0.0,0.0,True,False,0.0,93.0,强推观察,True,人气Top3；当日涨停附近；收在日内高位；温和放量；近5日强势延续；连续上榜确认,短线涨幅偏高；偏离20日线较大,高风险情绪股：不追一字，优先看分歧承接，跌破5日线或人气退潮就跑。,v2,强势,85.61,1.53,7.79,0,2026-04-14,common_index_cache,0.95,1.61,2.36,3.51,9.25,12.58,8.48,34.97
2026-04-14,000973,佛塑科技,3,14883.0,10jqka,post_close,2026-04-14 15:00:00,2026-04-14,1,1,,,ok,2026-04-14,19.09,18.88,19.23,18.3,572174.0,-2.48,8.44,6.97,0.624,0.87,2.99,4.58,7.79,-4.41,0.151,False,False,0.0,54.0,不推送,False,人气Top3；温和放量；近5日趋势升温；站上20日线且不过热,当日转弱,不主动推送。,v2,强势,85.61,1.53,7.79,0,2026-04-14,common_index_cache,0.95,1.61,2.36,3.51,9.25,12.58,-4.01,-0.82
2026-04-14,002463,沪电股份,4,13514.0,10jqka,post_close,2026-04-14 15:00:00,2026-04-10,3,3,83.0,79.0,ok,2026-04-14,91.68,97.54,97.54,90.88,937441.0,10.0,13.63,27.62,1.0,1.13,9.73,17.7,17.53,0.0,0.0,True,False,0.0,125.0,强推观察,True,人气Top10；当日涨停附近；收在日内高位；温和放量；近5日强势延续；站上20日线且不过热；连续上榜确认；人气排名明显上升；v2强势延续修正；v2连榜升温修正；v2低分涨停修正,短线涨幅偏高,高风险情绪股：不追一字，优先看分歧承接，跌破5日线或人气退潮就跑。,v2,强势,85.61,1.53,7.79,0,2026-04-14,common_index_cache,0.95,1.61,2.36,3.51,9.25,12.58,8.47,19.83
2026-04-14,002364,中恒电气,5,13397.0,10jqka,post_close,2026-04-14 15:00:00,2026-04-10,3,3,24.0,19.0,ok,2026-04-14,42.0,42.49,42.49,40.67,865489.0,9.99,33.07,54.12,1.0,4.86,19.89,36.75,40.65,0.0,0.0,True,False,0.0,52.0,不推送,False,人气Top10；当日涨停附近；收在日内高位；连续上榜确认；人气排名明显上升,放量过猛；短线涨幅过热；偏离20日线较大,不主动推送。,v2,强势,85.61,1.53,7.79,0,2026-04-14,common_index_cache,0.95,1.61,2.36,3.51,9.25,12.58,8.46,46.33
2026-04-14,002328,新朋股份,6,12696.0,10jqka,post_close,2026-04-14 15:00:00,2026-04-10,3,3,22.0,16.0,ok,2026-04-14,11.12,11.84,11.84,10.8,1657394.0,10.04,28.84,44.04,1.0,1.44,17.81,33.56,51.53,0.0,0.0,True,False,0.0,81.0,重点观察,True,人气Top10；当日涨停附近；收在日内高位；温和放量；近5日强势延续；连续上榜确认；人气排名明显上升,短线涨幅偏高；远离20日线过多,只做观察或轻仓试错，等待回落承接和量能不失控。,v2,强势,85.61,1.53,7.79,0,2026-04-14,common_index_cache,0.95,1.61,2.36,3.51,9.25,12.58,8.51,36.25
2026-04-14,000938,紫光股份,7,12294.0,10jqka,post_close,2026-04-14 15:00:00,2026-04-14,1,1,,,ok,2026-04-14,28.09,27.86,28.18,27.52,1397283.0,-1.35,3.11,10.86,0.515,0.97,1.92,6.41,7.5,-2.66,0.136,False,False,0.0,48.0,不推送,False,人气Top10；温和放量；近5日趋势升温；站上20日线且不过热,当日转弱,不主动推送。,v2,强势,85.61,1.53,7.79,0,2026-04-14,common_index_cache,0.95,1.61,2.36,3.51,9.25,12.58,-2.88,3.07
2026-04-14,300308,中际旭创,8,12009.0,10jqka,post_close,2026-04-14 15:00:00,2026-04-10,3,3,67.0,59.0,ok,2026-04-14,750.0,773.0,786.22,748.78,292668.0,4.74,11.7,24.97,0.647,1.01,6.63,17.1,23.28,-1.68,0.353,False,False,0.0,86.0,重点观察,True,人气Top10；当日上涨；温和放量；近5日趋势升温；站上20日线且不过热；连续上榜确认；人气排名明显上升；v2连榜升温修正,-,只做观察或轻仓试错，等待回落承接和量能不失控。,v2,强势,85.61,1.53,7.79,0,2026-04-14,common_index_cache,0.95,1.61,2.36,3.51,9.25,12.58,3.21,17.18
2026-04-14,002759,天际股份,9,11867.0,10jqka,post_close,2026-04-14 15:00:00,2026-04-14,1,1,,,ok,2026-04-14,36.28,38.92,39.5,35.81,779109.0,8.17,12.32,13.7,0.843,1.57,7.4,9.44,11.7,-19.32,0.157,False,False,0.0,90.0,强推观察,True,人气Top10；当日强涨；收盘承接较强；温和放量；近5日趋势升温；站上20日线且不过热；首次上榜即强势,-,高风险情绪股：不追一字，优先看分歧承接，跌破5日线或人气退潮就跑。,v2,强势,85.61,1.53,7.79,0,2026-04-14,common_index_cache,0.95,1.61,2.36,3.51,9.25,12.58,6.64,5.91
2026-04-14,600396,华电辽能,10,10834.0,10jqka,post_close,2026-04-14 15:00:00,2026-04-10,3,3,5.0,-5.0,ok,2026-04-14,7.6,8.03,8.03,7.52,1873030.0,10.0,12.46,6.78,1.0,0.75,9.13,7.64,10.61,-15.38,0.0,True,False,0.0,90.0,强推观察,True,人气Top10；当日涨停附近；收在日内高位；近5日趋势升温；站上20日线且不过热；连续上榜确认,-,高风险情绪股：不追一字，优先看分歧承接，跌破5日线或人气退潮就跑。,v2,强势,85.61,1.53,7.79,0,2026-04-14,common_index_cache,0.95,1.61,2.36,3.51,9.25,12.58,8.47,-1.01
2026-04-14,000988,华工科技,11,10756.0,10jqka,post_close,2026-04-14 15:00:00,2026-04-10,3,3,3.0,-8.0,ok,2026-04-14,120.0,120.63,124.34,118.0,1412244.0,-3.62,4.96,15.77,0.415,1.5,2.74,9.33,8.27,-14.69,0.585,False,False,0.0,36.0,不推送,False,人气Top20；温和放量；近5日趋势升温；站上20日线且不过热；连续上榜确认,当日转弱；收盘承接偏弱,不主动推送。,v2,强势,85.61,1.53,7.79,0,2026-04-14,common_index_cache,0.95,1.61,2.36,3.51,9.25,12.58,-5.15,7.98
2026-04-14,002202,金风科技,12,9988.0,10jqka,post_close,2026-04-14 15:00:00,2026-04-10,3,3,68.0,56.0,ok,2026-04-14,24.35,25.3,25.34,24.1,2797037.0,4.81,6.12,10.53,0.968,1.34,4.38,3.68,-4.38,-31.68,0.032,False,False,0.0,78.0,重点观察,True,人气Top20；当日上涨；收在日内高位；温和放量；近5日趋势升温；连续上榜确认；人气排名明显上升,-,只做观察或轻仓试错，等待回落承接和量能不失控。,v2,强势,85.61,1.53,7.79,0,2026-04-14,common_index_cache,0.95,1.61,2.36,3.51,9.25,12.58,3.28,2.74
2026-04-14,002149,西部材料,13,9984.0,10jqka,post_close,2026-04-14 15:00:00,2026-04-14,1,1,,,ok,2026-04-14,46.24,50.0,50.0,44.61,708170.0,10.01,7.32,10.18,1.0,1.53,5.99,4.36,7.39,-13.76,0.0,True,False,0.0,104.0,强推观察,True,人气Top20；当日涨停附近；收在日内高位；温和放量；近5日趋势升温；站上20日线且不过热；首次上榜即强势；v2强势延续修正,-,高风险情绪股：不追一字，优先看分歧承接，跌破5日线或人气退潮就跑。,v2,强势,85.61,1.53,7.79,0,2026-04-14,common_index_cache,0.95,1.61,2.36,3.51,9.25,12.58,8.48,2.39
2026-04-14,601138,工业富联,14,9876.0,10jqka,post_close,2026-04-14 15:00:00,2026-04-10,3,3,55.0,41.0,ok,2026-04-14,56.47,58.92,59.29,56.13,2549507.0,5.78,7.09,12.06,0.883,1.49,4.18,8.25,12.95,-7.94,0.117,False,False,0.0,88.0,重点观察,True,人气Top20；当日上涨；收盘承接较强；温和放量；近5日趋势升温；站上20日线且不过热；连续上榜确认；人气排名明显上升；v2连榜升温修正,-,只做观察或轻仓试错，等待回落承接和量能不失控。,v2,强势,85.61,1.53,7.79,0,2026-04-14,common_index_cache,0.95,1.61,2.36,3.51,9.25,12.58,4.25,4.27
2026-04-14,600743,华远控股,15,9803.0,10jqka,post_close,2026-04-14 15:00:00,2026-04-10,3,3,29.0,14.0,ok,2026-04-14,3.21,3.21,3.21,3.15,686833.0,9.93,33.2,61.31,1.0,0.55,19.96,40.36,52.06,0.0,0.0,True,False,0.0,46.0,不推送,False,人气Top20；当日涨停附近；收在日内高位；连续上榜确认；人气排名明显上升,短线涨幅过热；远离20日线过多,不主动推送。,v2,强势,85.61,1.53,7.79,0,2026-04-14,common_index_cache,0.95,1.61,2.36,3.51,9.25,12.58,8.4,53.52
2026-04-14,002083,孚日股份,16,9720.0,10jqka,post_close,2026-04-14 15:00:00,2026-04-14,1,1,,,ok,2026-04-14,13.21,14.53,14.53,13.15,966880.0,9.99,21.08,21.08,1.0,1.58,12.27,15.57,23.15,0.0,0.0,True,False,0.0,110.0,强推观察,True,人气Top20；当日涨停附近；收在日内高位；温和放量；近5日趋势升温；站上20日线且不过热；首次上榜即强势；v2强势延续修正；v2低分涨停修正,-,高风险情绪股：不追一字，优先看分歧承接，跌破5日线或人气退潮就跑。,v2,强势,85.61,1.53,7.79,0,2026-04-14,common_index_cache,0.95,1.61,2.36,3.51,9.25,12.58,8.46,13.29
2026-04-14,300017,网宿科技,17,9395.0,10jqka,post_close,2026-04-14 15:00:00,2026-04-14,1,1,,,ok,2026-04-14,19.1,18.67,19.48,18.42,2990857.0,2.81,4.01,16.32,0.236,1.33,2.62,6.84,6.55,-22.53,0.358,False,False,0.0,38.0,不推送,False,人气Top20；温和放量；近5日趋势升温；站上20日线且不过热,收盘承接偏弱,不主动推送。,v2,强势,85.61,1.53,7.79,0,2026-04-14,common_index_cache,0.95,1.61,2.36,3.51,9.25,12.58,1.28,8.53
2026-04-14,002475,立讯精密,18,8717.0,10jqka,post_close,2026-04-14 15:00:00,2026-04-10,3,3,26.0,8.0,ok,2026-04-14,59.0,59.14,60.65,58.55,2432745.0,0.92,7.35,22.22,0.281,1.01,4.38,11.58,16.12,-2.49,0.719,False,False,0.0,40.0,不推送,False,人气Top20；温和放量；近5日趋势升温；站上20日线且不过热；连续上榜确认,收盘承接偏弱；上影线偏长,不主动推送。,v2,强势,85.61,1.53,7.79,0,2026-04-14,common_index_cache,0.95,1.61,2.36,3.51,9.25,12.58,-0.61,14.43
2026-04-14,002460,赣锋锂业,19,8498.0,10jqka,post_close,2026-04-14 15:00:00,2026-04-10,3,3,56.0,37.0,ok,2026-04-14,84.99,88.28,88.48,83.61,915730.0,4.62,8.97,11.8,0.959,1.14,5.18,8.45,16.18,-0.23,0.041,False,False,0.0,94.0,强推观察,True,人气Top20；当日上涨；收在日内高位；温和放量；近5日趋势升温；站上20日线且不过热；连续上榜确认；人气排名明显上升；v2连榜升温修正,-,高风险情绪股：不追一字，优先看分歧承接，跌破5日线或人气退潮就跑。,v2,强势,85.61,1.53,7.79,0,2026-04-14,common_index_cache,0.95,1.61,2.36,3.51,9.25,12.58,3.09,4.01
2026-04-14,002709,天赐材料,20,8488.0,10jqka,post_close,2026-04-14 15:00:00,2026-04-10,3,3,84.0,64.0,ok,2026-04-14,47.1,49.35,49.5,46.9,1273000.0,5.65,13.21,13.71,0.942,1.32,6.8,8.87,10.32,-3.24,0.058,False,False,0.0,94.0,强推观察,True,人气Top20；当日上涨；收在日内高位；温和放量；近5日趋势升温；站上20日线且不过热；连续上榜确认；人气排名明显上升；v2连榜升温修正,-,高风险情绪股：不追一字，优先看分歧承接，跌破5日线或人气退潮就跑。,v2,强势,85.61,1.53,7.79,0,2026-04-14,common_index_cache,0.95,1.61,2.36,3.51,9.25,12.58,4.12,5.92
2026-04-14,601778,晶科科技,21,8134.0,10jqka,post_close,2026-04-14 15:00:00,2026-04-14,1,1,,,ok,2026-04-14,5.56,6.03,6.03,5.55,5584423.0,10.04,18.7,23.06,1.0,2.96,12.79,18.05,14.1,-5.49,0.0,True,False,0.0,82.0,重点观察,True,人气Top50；当日涨停附近；收在日内高位；近5日趋势升温；站上20日线且不过热；v2强势延续修正；v2低分涨停修正,-,只做观察或轻仓试错，等待回落承接和量能不失控。,v2,强势,85.61,1.53,7.79,0,2026-04-14,common_index_cache,0.95,1.61,2.36,3.51,9.25,12.58,8.51,15.27
2026-04-14,002342,巨力索具,22,7769.0,10jqka,post_close,2026-04-14 15:00:00,2026-04-10,3,3,28.0,6.0,ok,2026-04-14,16.34,17.15,17.21,16.01,2893640.0,4.96,10.01,33.15,0.95,1.27,8.89,16.77,26.23,-19.93,0.05,False,False,0.0,75.0,重点观察,True,人气Top50；当日上涨；收在日内高位；温和放量；近5日强势延续；站上20日线且不过热；连续上榜确认；v2连榜升温修正,短线涨幅偏高,只做观察或轻仓试错，等待回落承接和量能不失控。,v2,强势,85.61,1.53,7.79,0,2026-04-14,common_index_cache,0.95,1.61,2.36,3.51,9.25,12.58,3.43,25.36
2026-04-14,300058,蓝色光标,23,7735.0,10jqka,post_close,2026-04-14 15:00:00,2026-04-10,3,3,69.0,46.0,ok,2026-04-14,16.93,17.27,17.48,16.8,6584452.0,4.41,3.66,27.08,0.691,1.26,3.7,12.52,15.79,-29.31,0.309,False,False,0.0,63.0,普通观察,True,人气Top50；当日上涨；温和放量；近5日强势延续；站上20日线且不过热；连续上榜确认；人气排名明显上升；v2连榜升温修正,短线涨幅偏高,保留在样本池，继续看次日人气和承接。,v2,强势,85.61,1.53,7.79,0,2026-04-14,common_index_cache,0.95,1.61,2.36,3.51,9.25,12.58,2.88,19.29
2026-04-14,603026,石大胜华,24,7558.0,10jqka,post_close,2026-04-14 15:00:00,2026-04-14,1,1,,,ok,2026-04-14,95.0,98.52,98.52,94.02,143381.0,10.0,27.25,21.26,1.0,0.7,14.38,15.7,19.81,0.0,0.0,True,False,0.0,82.0,重点观察,True,人气Top50；当日涨停附近；收在日内高位；近5日趋势升温；站上20日线且不过热；v2强势延续修正；v2低分涨停修正,-,只做观察或轻仓试错，等待回落承接和量能不失控。,v2,强势,85.61,1.53,7.79,0,2026-04-14,common_index_cache,0.95,1.61,2.36,3.51,9.25,12.58,8.47,13.47
2026-04-14,301292,海科新源,25,7543.0,10jqka,post_close,2026-04-14 15:00:00,2026-04-14,1,1,,,ok,2026-04-14,88.2,106.86,106.86,86.6,332446.0,20.0,31.25,24.31,1.0,1.45,20.2,20.18,31.73,0.0,0.0,True,False,0.0,86.0,重点观察,True,人气Top50；当日涨停附近；收在日内高位；温和放量；近5日趋势升温；v2强势延续修正；v2低分涨停修正,偏离20日线较大,只做观察或轻仓试错，等待回落承接和量能不失控。,v2,强势,85.61,1.53,7.79,0,2026-04-14,common_index_cache,0.95,1.61,2.36,3.51,9.25,12.58,18.47,16.52
2026-04-14,002240,盛新锂能,26,7487.0,10jqka,post_close,2026-04-14 15:00:00,2026-04-14,1,1,,,ok,2026-04-14,46.01,48.48,48.57,45.32,943757.0,8.07,24.31,24.95,0.972,1.86,13.98,18.34,23.16,-0.19,0.028,False,False,0.0,68.0,普通观察,True,人气Top50；当日强涨；收在日内高位；放量仍可控；近5日趋势升温；站上20日线且不过热,-,保留在样本池，继续看次日人气和承接。,v2,强势,85.61,1.53,7.79,0,2026-04-14,common_index_cache,0.95,1.61,2.36,3.51,9.25,12.58,6.54,17.16
2026-04-14,002124,天邦食品,27,7486.0,10jqka,post_close,2026-04-14 15:00:00,2026-04-13,2,2,52.0,25.0,ok,2026-04-14,2.61,2.85,2.85,2.57,1956042.0,10.04,21.79,20.25,1.0,4.42,13.73,17.28,17.33,0.0,0.0,True,False,0.0,72.0,普通观察,True,人气Top50；当日涨停附近；收在日内高位；近5日趋势升温；站上20日线且不过热；连续上榜确认；人气排名明显上升；v2低分涨停修正,放量过猛,保留在样本池，继续看次日人气和承接。,v2,强势,85.61,1.53,7.79,0,2026-04-14,common_index_cache,0.95,1.61,2.36,3.51,9.25,12.58,8.51,12.46
2026-04-14,603538,美诺华,28,7485.0,10jqka,post_close,2026-04-14 15:00:00,2026-04-10,3,3,32.0,4.0,ok,2026-04-14,48.07,50.96,51.79,46.8,642920.0,6.01,12.0,29.64,0.834,0.94,7.35,15.9,35.53,-1.6,0.166,False,False,0.0,51.0,不推送,False,人气Top50；当日上涨；收盘承接较强；温和放量；近5日强势延续；连续上榜确认,短线涨幅偏高；偏离20日线较大,不主动推送。,v2,强势,85.61,1.53,7.79,0,2026-04-14,common_index_cache,0.95,1.61,2.36,3.51,9.25,12.58,4.48,21.85
2026-04-14,300857,协创数据,29,7442.0,10jqka,post_close,2026-04-14 15:00:00,2026-04-10,2,1,77.0,48.0,ok,2026-04-14,171.23,178.04,178.04,171.23,170763.0,20.03,8.01,20.78,1.0,1.18,10.67,14.49,12.84,-34.84,0.0,True,False,0.0,100.0,强推观察,True,人气Top50；当日涨停附近；收在日内高位；温和放量；近5日趋势升温；站上20日线且不过热；人气排名明显上升；v2强势延续修正；v2低分涨停修正,-,高风险情绪股：不追一字，优先看分歧承接，跌破5日线或人气退潮就跑。,v2,强势,85.61,1.53,7.79,0,2026-04-14,common_index_cache,0.95,1.61,2.36,3.51,9.25,12.58,18.5,12.99
2026-04-14,002361,神剑股份,30,7323.0,10jqka,post_close,2026-04-14 15:00:00,2026-04-10,3,3,48.0,18.0,ok,2026-04-14,16.55,16.85,17.09,16.36,2755677.0,0.9,2.68,10.49,0.671,1.08,1.23,2.12,17.5,-7.92,0.329,False,False,0.0,62.0,普通观察,True,人气Top50；温和放量；近5日趋势升温；站上20日线且不过热；连续上榜确认；人气排名明显上升；v2连榜升温修正,-,保留在样本池，继续看次日人气和承接。,v2,强势,85.61,1.53,7.79,0,2026-04-14,common_index_cache,0.95,1.61,2.36,3.51,9.25,12.58,-0.63,2.7
2026-04-14,002131,利欧股份,31,7253.0,10jqka,post_close,2026-04-14 15:00:00,2026-04-10,3,3,30.0,-1.0,ok,2026-04-14,8.17,8.12,8.3,8.03,6262335.0,0.87,1.5,12.31,0.333,1.22,1.22,4.84,5.8,-21.92,0.481,False,False,0.0,32.0,不推送,False,人气Top50；温和放量；近5日趋势升温；站上20日线且不过热；连续上榜确认,收盘承接偏弱；上影线偏长,不主动推送。,v2,强势,85.61,1.53,7.79,0,2026-04-14,common_index_cache,0.95,1.61,2.36,3.51,9.25,12.58,-0.66,4.52
2026-04-14,001309,德明利,32,6965.0,10jqka,post_close,2026-04-14 15:00:00,2026-04-10,3,3,36.0,4.0,ok,2026-04-14,485.19,500.63,510.9,481.0,203781.0,3.98,23.13,32.38,0.657,1.04,12.29,22.97,30.4,-2.01,0.343,False,False,0.0,49.0,不推送,False,人气Top50；当日上涨；温和放量；近5日强势延续；连续上榜确认；v2连榜升温修正,短线涨幅偏高；偏离20日线较大,不主动推送。,v2,强势,85.61,1.53,7.79,0,2026-04-14,common_index_cache,0.95,1.61,2.36,3.51,9.25,12.58,2.45,24.59
2026-04-14,603629,利通电子,33,6947.0,10jqka,post_close,2026-04-14 15:00:00,2026-04-13,2,2,79.0,46.0,ok,2026-04-14,78.0,79.95,79.95,74.0,320240.0,10.0,7.14,24.92,1.0,0.84,7.94,16.87,22.47,0.0,0.0,True,False,0.0,116.0,强推观察,True,人气Top50；当日涨停附近；收在日内高位；温和放量；近5日趋势升温；站上20日线且不过热；连续上榜确认；人气排名明显上升；v2强势延续修正；v2连榜升温修正；v2低分涨停修正,-,高风险情绪股：不追一字，优先看分歧承接，跌破5日线或人气退潮就跑。,v2,强势,85.61,1.53,7.79,0,2026-04-14,common_index_cache,0.95,1.61,2.36,3.51,9.25,12.58,8.47,17.13
2026-04-14,002297,博云新材,34,6827.0,10jqka,post_close,2026-04-14 15:00:00,2026-04-10,3,3,54.0,20.0,ok,2026-04-14,13.29,13.29,13.29,13.29,101676.0,10.02,19.51,23.86,1.0,0.64,13.13,17.65,19.89,-9.35,0.0,True,True,0.0,72.0,普通观察,True,人气Top50；当日涨停附近；收在日内高位；近5日趋势升温；站上20日线且不过热；连续上榜确认；人气排名明显上升,一字或近似一字，参与点差,保留在样本池，继续看次日人气和承接。,v2,强势,85.61,1.53,7.79,0,2026-04-14,common_index_cache,0.95,1.61,2.36,3.51,9.25,12.58,8.49,16.07
2026-04-14,002157,正邦科技,35,6716.0,10jqka,post_close,2026-04-14 15:00:00,2026-04-14,1,1,,,ok,2026-04-14,3.16,3.49,3.49,3.13,6268105.0,10.09,13.68,14.43,1.0,4.41,9.61,12.0,11.13,-1.41,0.0,True,False,0.0,60.0,普通观察,True,人气Top50；当日涨停附近；收在日内高位；近5日趋势升温；站上20日线且不过热；v2低分涨停修正,放量过猛,保留在样本池，继续看次日人气和承接。,v2,强势,85.61,1.53,7.79,0,2026-04-14,common_index_cache,0.95,1.61,2.36,3.51,9.25,12.58,8.56,6.64
2026-04-14,002229,鸿博股份,36,6693.0,10jqka,post_close,2026-04-14 15:00:00,2026-04-14,1,1,,,ok,2026-04-14,18.58,19.7,19.7,18.46,445830.0,9.99,7.47,10.49,1.0,0.73,6.59,8.38,9.87,0.0,0.0,True,False,0.0,76.0,重点观察,True,人气Top50；当日涨停附近；收在日内高位；近5日趋势升温；站上20日线且不过热；v2强势延续修正,-,只做观察或轻仓试错，等待回落承接和量能不失控。,v2,强势,85.61,1.53,7.79,0,2026-04-14,common_index_cache,0.95,1.61,2.36,3.51,9.25,12.58,8.46,2.7
2026-04-14,600664,哈药股份,37,6687.0,10jqka,post_close,2026-04-14 15:00:00,2026-04-14,1,1,,,ok,2026-04-14,3.7,4.04,4.04,3.62,2566908.0,10.08,7.73,4.39,1.0,1.25,6.54,9.01,13.45,-1.22,0.0,True,False,0.0,68.0,普通观察,True,人气Top50；当日涨停附近；收在日内高位；温和放量；站上20日线且不过热,-,保留在样本池，继续看次日人气和承接。,v2,强势,85.61,1.53,7.79,0,2026-04-14,common_index_cache,0.95,1.61,2.36,3.51,9.25,12.58,8.55,-3.4
2026-04-14,600666,奥瑞德,38,6670.0,10jqka,post_close,2026-04-14 15:00:00,2026-04-10,3,3,16.0,-22.0,ok,2026-04-14,6.61,6.48,6.76,6.42,5666638.0,0.93,-1.22,9.64,0.176,1.09,0.43,4.2,15.48,-9.37,0.441,False,False,0.0,34.0,不推送,False,人气Top50；温和放量；近5日趋势升温；站上20日线且不过热；连续上榜确认,收盘承接偏弱；人气排名明显回落,不主动推送。,v2,强势,85.61,1.53,7.79,0,2026-04-14,common_index_cache,0.95,1.61,2.36,3.51,9.25,12.58,-0.6,1.85
2026-04-14,600152,维科技术,39,6642.0,10jqka,post_close,2026-04-14 15:00:00,2026-04-14,1,1,,,ok,2026-04-14,10.81,11.89,11.89,10.53,955514.0,9.99,20.71,24.11,1.0,1.38,13.56,16.26,17.99,0.0,0.0,True,False,0.0,96.0,强推观察,True,人气Top50；当日涨停附近；收在日内高位；温和放量；近5日趋势升温；站上20日线且不过热；v2强势延续修正；v2低分涨停修正,-,高风险情绪股：不追一字，优先看分歧承接，跌破5日线或人气退潮就跑。,v2,强势,85.61,1.53,7.79,0,2026-04-14,common_index_cache,0.95,1.61,2.36,3.51,9.25,12.58,8.46,16.32
2026-04-14,603256,宏和科技,40,6634.0,10jqka,post_close,2026-04-14 15:00:00,2026-04-13,2,2,31.0,-9.0,ok,2026-04-14,95.0,98.0,98.23,94.0,352806.0,9.74,28.61,42.03,0.946,1.47,16.99,27.74,37.3,-0.23,0.054,True,False,0.0,71.0,普通观察,True,人气Top50；当日涨停附近；收在日内高位；温和放量；近5日强势延续；连续上榜确认,短线涨幅偏高；偏离20日线较大,保留在样本池，继续看次日人气和承接。,v2,强势,85.61,1.53,7.79,0,2026-04-14,common_index_cache,0.95,1.61,2.36,3.51,9.25,12.58,8.21,34.24
2026-04-14,600105,永鼎股份,41,6628.0,10jqka,post_close,2026-04-14 15:00:00,2026-04-10,3,3,15.0,-26.0,ok,2026-04-14,38.1,37.18,38.62,36.8,1840653.0,-3.93,7.33,23.07,0.209,1.01,2.23,12.13,24.73,-6.13,0.286,False,False,0.0,38.0,不推送,False,人气Top50；温和放量；近5日趋势升温；站上20日线且不过热；连续上榜确认；v2热点回踩观察,当日转弱；收盘承接偏弱；人气排名明显回落,不主动推送。,v2,强势,85.61,1.53,7.79,0,2026-04-14,common_index_cache,0.95,1.61,2.36,3.51,9.25,12.58,-5.46,15.28
2026-04-14,603986,兆易创新,42,6607.0,10jqka,post_close,2026-04-14 15:00:00,2026-04-10,3,3,100.0,58.0,ok,2026-04-14,269.5,280.01,281.23,266.39,466205.0,6.82,11.78,12.16,0.918,0.99,6.57,9.7,4.57,-15.45,0.082,False,False,0.0,78.0,重点观察,True,人气Top50；当日上涨；收在日内高位；温和放量；近5日趋势升温；站上20日线且不过热；连续上榜确认；人气排名明显上升,-,只做观察或轻仓试错，等待回落承接和量能不失控。,v2,强势,85.61,1.53,7.79,0,2026-04-14,common_index_cache,0.95,1.61,2.36,3.51,9.25,12.58,5.29,4.37
2026-04-14,002213,大为股份,43,6484.0,10jqka,post_close,2026-04-14 15:00:00,2026-04-14,1,1,,,ok,2026-04-14,34.88,38.08,38.08,34.53,179726.0,9.99,17.13,41.77,1.0,0.42,12.91,22.89,25.52,0.0,0.0,True,False,0.0,51.0,不推送,False,人气Top50；当日涨停附近；收在日内高位；近5日强势延续；站上20日线且不过热,量能不足；短线涨幅偏高,不主动推送。,v2,强势,85.61,1.53,7.79,0,2026-04-14,common_index_cache,0.95,1.61,2.36,3.51,9.25,12.58,8.46,33.98
2026-04-14,002594,比亚迪,44,6237.0,10jqka,post_close,2026-04-14 15:00:00,2026-04-10,3,3,27.0,-17.0,ok,2026-04-14,103.0,103.82,104.19,102.5,543343.0,-0.41,4.84,5.96,0.781,1.05,1.79,2.13,0.71,-7.15,0.219,False,False,0.0,50.0,不推送,False,人气Top50；收盘承接较强；温和放量；近5日趋势升温；站上20日线且不过热；连续上榜确认,当日转弱,不主动推送。,v2,强势,85.61,1.53,7.79,0,2026-04-14,common_index_cache,0.95,1.61,2.36,3.51,9.25,12.58,-1.94,-1.83
2026-04-14,000620,盈新发展,45,6149.0,10jqka,post_close,2026-04-14 15:00:00,2026-04-14,1,1,,,ok,2026-04-14,2.87,3.11,3.11,2.83,2200347.0,9.89,12.27,14.76,1.0,1.75,8.21,10.68,6.31,-23.96,0.0,True,False,0.0,96.0,强推观察,True,人气Top50；当日涨停附近；收在日内高位；温和放量；近5日趋势升温；站上20日线且不过热；v2强势延续修正；v2低分涨停修正,-,高风险情绪股：不追一字，优先看分歧承接，跌破5日线或人气退潮就跑。,v2,强势,85.61,1.53,7.79,0,2026-04-14,common_index_cache,0.95,1.61,2.36,3.51,9.25,12.58,8.36,6.97
2026-04-14,002837,英维克,46,6149.0,10jqka,post_close,2026-04-14 15:00:00,2026-04-10,3,3,81.0,35.0,ok,2026-04-14,103.16,109.79,111.7,101.51,657688.0,6.74,17.94,29.41,0.813,1.32,10.61,19.46,15.0,-5.76,0.187,False,False,0.0,73.0,普通观察,True,人气Top50；当日上涨；收盘承接较强；温和放量；近5日强势延续；站上20日线且不过热；连续上榜确认；人气排名明显上升；v2连榜升温修正,短线涨幅偏高,保留在样本池，继续看次日人气和承接。,v2,强势,85.61,1.53,7.79,0,2026-04-14,common_index_cache,0.95,1.61,2.36,3.51,9.25,12.58,5.21,21.62
2026-04-14,002170,芭田股份,47,6052.0,10jqka,post_close,2026-04-14 15:00:00,2026-04-14,1,1,,,ok,2026-04-14,13.44,13.43,13.45,13.23,273162.0,0.07,1.51,4.43,0.909,0.96,0.33,2.61,2.92,-11.35,0.045,False,False,0.0,46.0,不推送,False,人气Top50；收在日内高位；温和放量；站上20日线且不过热,-,不主动推送。,v2,强势,85.61,1.53,7.79,0,2026-04-14,common_index_cache,0.95,1.61,2.36,3.51,9.25,12.58,-1.46,-3.36
2026-04-14,001896,豫能控股,48,5996.0,10jqka,post_close,2026-04-14 15:00:00,2026-04-13,2,2,39.0,-9.0,ok,2026-04-14,14.87,15.06,15.85,14.7,2068272.0,4.51,17.66,19.81,0.313,1.76,9.8,12.38,4.62,-15.77,0.687,False,False,0.0,40.0,不推送,False,人气Top50；当日上涨；温和放量；近5日趋势升温；站上20日线且不过热；连续上榜确认,收盘承接偏弱；上影线偏长,不主动推送。,v2,强势,85.61,1.53,7.79,0,2026-04-14,common_index_cache,0.95,1.61,2.36,3.51,9.25,12.58,2.98,12.02
2026-04-14,688525,佰维存储,49,5951.0,10jqka,post_close,2026-04-14 15:00:00,2026-04-10,2,1,85.0,36.0,ok,2026-04-14,265.99,288.1,294.22,262.01,52201819.0,12.61,26.63,32.51,0.81,1.43,15.92,24.78,22.49,-2.08,0.19,True,False,0.0,77.0,重点观察,True,人气Top50；当日涨停附近；收盘承接较强；温和放量；近5日强势延续；站上20日线且不过热；人气排名明显上升；v2低分涨停修正,短线涨幅偏高,只做观察或轻仓试错，等待回落承接和量能不失控。,v2,强势,85.61,1.53,7.79,0,2026-04-14,common_index_cache,0.95,1.61,2.36,3.51,9.25,12.58,11.08,24.72
2026-04-14,002565,顺灏股份,50,5922.0,10jqka,post_close,2026-04-14 15:00:00,2026-04-14,1,1,,,ok,2026-04-14,16.52,17.3,17.35,16.1,2153169.0,5.36,0.41,7.99,0.96,1.0,2.0,4.26,6.32,-26.07,0.04,False,False,0.0,66.0,普通观察,True,人气Top50；当日上涨；收在日内高位；温和放量；近5日趋势升温；站上20日线且不过热,-,保留在样本池，继续看次日人气和承接。,v2,强势,85.61,1.53,7.79,0,2026-04-14,common_index_cache,0.95,1.61,2.36,3.51,9.25,12.58,3.83,0.2
2026-04-14,002980,华盛昌,51,5894.0,10jqka,post_close,2026-04-14 15:00:00,2026-04-13,2,2,85.0,34.0,ok,2026-04-14,59.6,64.14,64.14,59.6,163984.0,10.0,15.19,26.51,1.0,0.91,12.92,25.79,42.55,0.0,0.0,True,False,0.0,73.0,普通观察,True,当日涨停附近；收在日内高位；温和放量；近5日强势延续；连续上榜确认；人气排名明显上升；v2低分涨停修正,短线涨幅偏高；偏离20日线较大,保留在样本池，继续看次日人气和承接。,v2,强势,85.61,1.53,7.79,0,2026-04-14,common_index_cache,0.95,1.61,2.36,3.51,9.25,12.58,8.47,18.72
2026-04-14,300274,阳光电源,52,5803.0,10jqka,post_close,2026-04-14 15:00:00,2026-04-10,3,3,59.0,7.0,ok,2026-04-14,135.01,139.46,142.12,131.5,1064538.0,3.89,12.65,14.05,0.75,1.4,6.41,6.19,-6.15,-23.37,0.25,False,False,0.0,44.0,不推送,False,当日上涨；收盘承接较强；温和放量；近5日趋势升温；连续上榜确认,仍在20日线下方,不主动推送。,v2,强势,85.61,1.53,7.79,0,2026-04-14,common_index_cache,0.95,1.61,2.36,3.51,9.25,12.58,2.36,6.26
2026-04-14,002560,通达股份,53,5773.0,10jqka,post_close,2026-04-14 15:00:00,2026-04-10,3,3,76.0,23.0,ok,2026-04-14,13.87,13.81,14.18,13.55,1355845.0,-3.29,4.07,4.23,0.413,0.79,0.83,6.17,21.45,-3.9,0.492,False,False,0.0,0.0,不推送,False,站上20日线且不过热；连续上榜确认；人气排名明显上升,当日转弱；收盘承接偏弱,不主动推送。,v2,强势,85.61,1.53,7.79,0,2026-04-14,common_index_cache,0.95,1.61,2.36,3.51,9.25,12.58,-4.82,-3.56
2026-04-14,002407,多氟多,54,5700.0,10jqka,post_close,2026-04-14 15:00:00,2026-04-14,1,1,,,ok,2026-04-14,29.08,30.88,30.88,28.8,1242615.0,7.71,12.29,12.74,1.0,1.85,7.6,9.66,11.76,-8.31,0.0,False,False,0.0,60.0,普通观察,True,当日强涨；收在日内高位；放量仍可控；近5日趋势升温；站上20日线且不过热,-,保留在样本池，继续看次日人气和承接。,v2,强势,85.61,1.53,7.79,0,2026-04-14,common_index_cache,0.95,1.61,2.36,3.51,9.25,12.58,6.18,4.95
2026-04-14,002418,康盛股份,55,5690.0,10jqka,post_close,2026-04-14 15:00:00,2026-04-10,3,3,20.0,-35.0,ok,2026-04-14,6.21,6.1,6.29,5.93,3754786.0,-2.56,17.99,31.18,0.472,3.0,8.04,18.35,26.32,-3.02,0.222,False,False,0.0,7.0,不推送,False,近5日强势延续；站上20日线且不过热；连续上榜确认,当日转弱；短线涨幅偏高；人气排名明显回落,不主动推送。,v2,强势,85.61,1.53,7.79,0,2026-04-14,common_index_cache,0.95,1.61,2.36,3.51,9.25,12.58,-4.09,23.39
2026-04-14,300390,天华新能,56,5684.0,10jqka,post_close,2026-04-14 15:00:00,2026-04-10,3,3,41.0,-15.0,ok,2026-04-14,76.63,81.05,81.24,76.63,842429.0,1.06,30.73,42.24,0.959,1.08,16.26,26.69,37.16,-0.8,0.041,False,False,0.0,41.0,不推送,False,收在日内高位；温和放量；近5日强势延续；连续上榜确认,短线涨幅偏高；偏离20日线较大,不主动推送。,v2,强势,85.61,1.53,7.79,0,2026-04-14,common_index_cache,0.95,1.61,2.36,3.51,9.25,12.58,-0.47,34.45
2026-04-14,002990,盛视科技,57,5641.0,10jqka,post_close,2026-04-14 15:00:00,2026-04-14,1,1,,,ok,2026-04-14,35.01,38.28,38.28,34.93,272937.0,10.0,15.02,22.3,1.0,2.03,10.64,17.5,24.7,0.0,0.0,True,False,0.0,72.0,普通观察,True,当日涨停附近；收在日内高位；放量仍可控；近5日趋势升温；站上20日线且不过热；v2低分涨停修正,-,保留在样本池，继续看次日人气和承接。,v2,强势,85.61,1.53,7.79,0,2026-04-14,common_index_cache,0.95,1.61,2.36,3.51,9.25,12.58,8.47,14.51
2026-04-14,002309,中利集团,58,5602.0,10jqka,post_close,2026-04-14 15:00:00,2026-04-10,3,3,40.0,-18.0,ok,2026-04-14,4.41,4.24,4.5,4.18,4421200.0,-4.72,-10.92,-18.93,0.188,0.68,-7.34,-10.91,-5.34,-21.92,0.281,False,False,0.0,0.0,不推送,False,连续上榜确认,当日转弱；收盘承接偏弱；近5日趋势未确认；仍在20日线下方,不主动推送。,v2,强势,85.61,1.53,7.79,0,2026-04-14,common_index_cache,0.95,1.61,2.36,3.51,9.25,12.58,-6.25,-26.72
2026-04-14,601899,紫金矿业,59,5510.0,10jqka,post_close,2026-04-14 15:00:00,2026-04-10,3,3,80.0,21.0,ok,2026-04-14,34.49,34.8,34.95,34.35,2988457.0,3.39,2.65,7.37,0.75,1.25,1.92,3.56,4.95,-22.56,0.25,False,False,0.0,64.0,普通观察,True,当日上涨；收盘承接较强；温和放量；近5日趋势升温；站上20日线且不过热；连续上榜确认；人气排名明显上升,-,保留在样本池，继续看次日人气和承接。,v2,强势,85.61,1.53,7.79,0,2026-04-14,common_index_cache,0.95,1.61,2.36,3.51,9.25,12.58,1.86,-0.42
2026-04-14,601869,长飞光纤,60,5363.0,10jqka,post_close,2026-04-14 15:00:00,2026-04-10,3,3,14.0,-46.0,ok,2026-04-14,369.99,364.5,376.76,360.01,174594.0,-1.27,-8.49,2.07,0.268,0.8,-2.98,3.02,22.39,-8.49,0.404,False,False,0.0,4.0,不推送,False,温和放量；站上20日线且不过热；连续上榜确认,当日转弱；收盘承接偏弱；人气排名明显回落,不主动推送。,v2,强势,85.61,1.53,7.79,0,2026-04-14,common_index_cache,0.95,1.61,2.36,3.51,9.25,12.58,-2.8,-5.72
2026-04-14,300750,宁德时代,61,5337.0,10jqka,post_close,2026-04-14 15:00:00,2026-04-10,3,3,8.0,-53.0,ok,2026-04-14,414.59,423.88,425.58,407.49,442208.0,0.87,10.65,12.23,0.906,1.29,4.89,6.89,6.7,-0.6,0.094,False,False,0.0,54.0,不推送,False,收在日内高位；温和放量；近5日趋势升温；站上20日线且不过热；连续上榜确认,人气排名明显回落,不主动推送。,v2,强势,85.61,1.53,7.79,0,2026-04-14,common_index_cache,0.95,1.61,2.36,3.51,9.25,12.58,-0.66,4.44
2026-04-14,300476,胜宏科技,62,5308.0,10jqka,post_close,2026-04-14 15:00:00,2026-04-10,3,3,47.0,-15.0,ok,2026-04-14,297.63,308.01,312.01,293.71,581666.0,4.0,11.59,17.16,0.781,1.49,6.07,12.59,13.58,-4.89,0.219,False,False,0.0,60.0,普通观察,True,当日上涨；收盘承接较强；温和放量；近5日趋势升温；站上20日线且不过热；连续上榜确认,-,保留在样本池，继续看次日人气和承接。,v2,强势,85.61,1.53,7.79,0,2026-04-14,common_index_cache,0.95,1.61,2.36,3.51,9.25,12.58,2.47,9.37
2026-04-14,600795,国电电力,63,5279.0,10jqka,post_close,2026-04-14 15:00:00,2026-04-14,1,1,,,ok,2026-04-14,4.79,4.82,4.85,4.77,873390.0,0.42,-1.03,2.34,0.625,0.75,-0.12,0.19,-1.57,-8.71,0.375,False,False,0.0,0.0,不推送,False,-,-,不主动推送。,v2,强势,85.61,1.53,7.79,0,2026-04-14,common_index_cache,0.95,1.61,2.36,3.51,9.25,12.58,-1.11,-5.45
2026-04-14,603929,亚翔集成,64,5184.0,10jqka,post_close,2026-04-14 15:00:00,2026-04-14,1,1,,,ok,2026-04-14,209.61,190.35,211.0,190.35,94083.0,-10.0,-4.34,9.68,0.0,1.64,-4.08,0.91,2.13,-11.73,0.067,False,False,0.0,12.0,不推送,False,温和放量；近5日趋势升温；站上20日线且不过热,当日转弱；收盘承接偏弱,不主动推送。,v2,强势,85.61,1.53,7.79,0,2026-04-14,common_index_cache,0.95,1.61,2.36,3.51,9.25,12.58,-11.53,1.89
2026-04-14,000967,盈峰环境,65,5143.0,10jqka,post_close,2026-04-14 15:00:00,2026-04-14,1,1,,,ok,2026-04-14,11.54,11.69,11.69,11.2,2665083.0,9.97,23.05,27.2,1.0,2.01,13.65,21.05,27.16,0.0,0.0,True,False,0.0,65.0,普通观察,True,当日涨停附近；收在日内高位；放量仍可控；近5日强势延续；站上20日线且不过热；v2低分涨停修正,短线涨幅偏高,保留在样本池，继续看次日人气和承接。,v2,强势,85.61,1.53,7.79,0,2026-04-14,common_index_cache,0.95,1.61,2.36,3.51,9.25,12.58,8.44,19.41
2026-04-14,603803,瑞斯康达,66,5114.0,10jqka,post_close,2026-04-14 15:00:00,2026-04-10,3,3,35.0,-31.0,ok,2026-04-14,16.79,15.0,16.79,14.83,1198776.0,-1.7,4.6,14.24,0.087,1.74,3.49,8.55,7.99,-10.66,0.0,False,False,0.0,30.0,不推送,False,温和放量；近5日趋势升温；站上20日线且不过热；连续上榜确认；v2热点回踩观察,当日转弱；收盘承接偏弱；人气排名明显回落,不主动推送。,v2,强势,85.61,1.53,7.79,0,2026-04-14,common_index_cache,0.95,1.61,2.36,3.51,9.25,12.58,-3.23,6.45
2026-04-14,000889,中嘉博创,67,5094.0,10jqka,post_close,2026-04-14 15:00:00,2026-04-10,3,3,44.0,-23.0,ok,2026-04-14,3.89,4.31,4.31,3.89,1261655.0,9.95,9.11,32.21,1.0,1.12,7.11,17.63,22.98,-0.92,0.0,True,False,0.0,75.0,重点观察,True,当日涨停附近；收在日内高位；温和放量；近5日强势延续；站上20日线且不过热；连续上榜确认；v2低分涨停修正,短线涨幅偏高；人气排名明显回落,只做观察或轻仓试错，等待回落承接和量能不失控。,v2,强势,85.61,1.53,7.79,0,2026-04-14,common_index_cache,0.95,1.61,2.36,3.51,9.25,12.58,8.42,24.42
2026-04-14,002051,中工国际,68,5064.0,10jqka,post_close,2026-04-14 15:00:00,2026-04-10,3,3,71.0,3.0,ok,2026-04-14,10.11,10.82,10.82,9.96,1653422.0,9.96,-5.91,3.24,1.0,1.16,-0.59,5.76,14.92,-14.67,0.0,True,False,0.0,68.0,普通观察,True,当日涨停附近；收在日内高位；温和放量；站上20日线且不过热；连续上榜确认,-,保留在样本池，继续看次日人气和承接。,v2,强势,85.61,1.53,7.79,0,2026-04-14,common_index_cache,0.95,1.61,2.36,3.51,9.25,12.58,8.43,-4.55
2026-04-14,600410,华胜天成,69,5010.0,10jqka,post_close,2026-04-14 15:00:00,2026-04-10,3,3,74.0,5.0,ok,2026-04-14,27.2,27.32,27.79,27.0,1624666.0,2.09,-0.11,6.72,0.405,0.98,0.18,3.67,5.13,-20.37,0.595,False,False,0.0,24.0,不推送,False,温和放量；近5日趋势升温；站上20日线且不过热；连续上榜确认,收盘承接偏弱；上影线偏长,不主动推送。,v2,强势,85.61,1.53,7.79,0,2026-04-14,common_index_cache,0.95,1.61,2.36,3.51,9.25,12.58,0.56,-1.07
2026-04-14,600110,诺德股份,70,5000.0,10jqka,post_close,2026-04-14 15:00:00,2026-04-10,3,3,21.0,-49.0,ok,2026-04-14,10.2,10.37,10.55,10.02,2252719.0,1.77,2.07,7.68,0.66,0.72,2.84,7.53,17.37,-2.63,0.34,False,False,0.0,24.0,不推送,False,近5日趋势升温；站上20日线且不过热；连续上榜确认,人气排名明显回落,不主动推送。,v2,强势,85.61,1.53,7.79,0,2026-04-14,common_index_cache,0.95,1.61,2.36,3.51,9.25,12.58,0.24,-0.11
2026-04-14,600654,中安科,71,4973.0,10jqka,post_close,2026-04-14 15:00:00,2026-04-10,3,3,12.0,-59.0,ok,2026-04-14,4.46,4.52,4.66,4.35,5680379.0,0.67,0.89,13.0,0.548,1.4,2.87,14.03,22.98,-6.61,0.452,False,False,0.0,32.0,不推送,False,温和放量；近5日趋势升温；站上20日线且不过热；连续上榜确认,人气排名明显回落；上影线偏长,不主动推送。,v2,强势,85.61,1.53,7.79,0,2026-04-14,common_index_cache,0.95,1.61,2.36,3.51,9.25,12.58,-0.86,5.21
2026-04-14,002466,天齐锂业,72,4871.0,10jqka,post_close,2026-04-14 15:00:00,2026-04-13,2,2,92.0,20.0,ok,2026-04-14,62.5,64.53,64.64,61.77,760424.0,3.91,11.93,13.81,0.962,1.27,6.77,10.98,16.56,-2.23,0.038,False,False,0.0,70.0,普通观察,True,当日上涨；收在日内高位；温和放量；近5日趋势升温；站上20日线且不过热；连续上榜确认；人气排名明显上升,-,保留在样本池，继续看次日人气和承接。,v2,强势,85.61,1.53,7.79,0,2026-04-14,common_index_cache,0.95,1.61,2.36,3.51,9.25,12.58,2.38,6.02
2026-04-14,002428,云南锗业,73,4869.0,10jqka,post_close,2026-04-14 15:00:00,2026-04-14,1,1,,,ok,2026-04-14,56.0,58.88,60.64,54.56,1165598.0,6.8,5.92,11.6,0.711,1.19,4.9,10.8,20.24,-2.9,0.289,False,False,0.0,42.0,不推送,False,当日上涨；温和放量；近5日趋势升温；站上20日线且不过热,-,不主动推送。,v2,强势,85.61,1.53,7.79,0,2026-04-14,common_index_cache,0.95,1.61,2.36,3.51,9.25,12.58,5.27,3.81
2026-04-14,600488,津药药业,74,4855.0,10jqka,post_close,2026-04-14 15:00:00,2026-04-10,3,3,82.0,8.0,ok,2026-04-14,5.94,6.22,6.27,5.87,1828137.0,5.25,-12.15,-18.9,0.875,0.81,-5.73,-4.26,17.27,-26.3,0.125,False,False,0.0,44.0,不推送,False,当日上涨；收盘承接较强；温和放量；站上20日线且不过热；连续上榜确认,近5日趋势未确认,不主动推送。,v2,强势,85.61,1.53,7.79,0,2026-04-14,common_index_cache,0.95,1.61,2.36,3.51,9.25,12.58,3.72,-26.69
2026-04-14,002074,国轩高科,75,4807.0,10jqka,post_close,2026-04-14 15:00:00,2026-04-10,3,3,50.0,-25.0,ok,2026-04-14,39.29,39.92,39.99,38.92,899974.0,1.06,13.15,18.11,0.935,1.41,5.79,10.17,8.67,-5.18,0.065,False,False,0.0,54.0,不推送,False,收在日内高位；温和放量；近5日趋势升温；站上20日线且不过热；连续上榜确认,人气排名明显回落,不主动推送。,v2,强势,85.61,1.53,7.79,0,2026-04-14,common_index_cache,0.95,1.61,2.36,3.51,9.25,12.58,-0.47,10.32
2026-04-14,000890,法尔胜,76,4719.0,10jqka,post_close,2026-04-14 15:00:00,2026-04-10,3,3,23.0,-53.0,ok,2026-04-14,12.5,12.1,12.85,12.0,909932.0,-7.98,-23.37,-31.29,0.118,1.08,-14.93,-20.06,-15.28,-31.29,0.412,False,False,0.0,0.0,不推送,False,温和放量；连续上榜确认,当日转弱；收盘承接偏弱；近5日趋势未确认；仍在20日线下方；人气排名明显回落,不主动推送。,v2,强势,85.61,1.53,7.79,0,2026-04-14,common_index_cache,0.95,1.61,2.36,3.51,9.25,12.58,-9.51,-39.08
2026-04-14,002263,大东南,77,4707.0,10jqka,post_close,2026-04-14 15:00:00,2026-04-10,3,3,13.0,-64.0,ok,2026-04-14,4.91,4.94,5.11,4.8,4353603.0,-1.0,11.01,0.61,0.452,0.89,2.96,4.88,19.45,-4.63,0.548,False,False,0.0,16.0,不推送,False,温和放量；站上20日线且不过热；连续上榜确认,当日转弱；人气排名明显回落,不主动推送。,v2,强势,85.61,1.53,7.79,0,2026-04-14,common_index_cache,0.95,1.61,2.36,3.51,9.25,12.58,-2.53,-7.18
2026-04-14,603002,宏昌电子,78,4670.0,10jqka,post_close,2026-04-14 15:00:00,2026-04-13,2,2,75.0,-3.0,ok,2026-04-14,11.82,12.86,12.86,11.65,614684.0,10.01,15.86,20.52,1.0,0.84,11.63,19.45,23.96,0.0,0.0,True,False,0.0,86.0,重点观察,True,当日涨停附近；收在日内高位；温和放量；近5日趋势升温；站上20日线且不过热；连续上榜确认；v2低分涨停修正,-,只做观察或轻仓试错，等待回落承接和量能不失控。,v2,强势,85.61,1.53,7.79,0,2026-04-14,common_index_cache,0.95,1.61,2.36,3.51,9.25,12.58,8.48,12.73
2026-04-14,002384,东山精密,79,4657.0,10jqka,post_close,2026-04-14 15:00:00,2026-04-10,3,3,34.0,-45.0,ok,2026-04-14,147.0,146.0,149.01,143.51,876028.0,-0.57,10.69,33.93,0.453,1.05,6.08,19.06,26.73,-2.46,0.365,False,False,0.0,21.0,不推送,False,温和放量；近5日强势延续；站上20日线且不过热；连续上榜确认,当日转弱；短线涨幅偏高；人气排名明显回落,不主动推送。,v2,强势,85.61,1.53,7.79,0,2026-04-14,common_index_cache,0.95,1.61,2.36,3.51,9.25,12.58,-2.1,26.14
2026-04-14,002272,川润股份,80,4644.0,10jqka,post_close,2026-04-14 15:00:00,2026-04-14,1,1,,,ok,2026-04-14,19.42,19.68,19.76,18.89,981757.0,3.42,2.39,7.36,0.908,1.08,2.3,6.67,9.97,-12.92,0.092,False,False,0.0,58.0,不推送,False,当日上涨；收在日内高位；温和放量；近5日趋势升温；站上20日线且不过热,-,不主动推送。,v2,强势,85.61,1.53,7.79,0,2026-04-14,common_index_cache,0.95,1.61,2.36,3.51,9.25,12.58,1.89,-0.43
2026-04-14,600010,包钢股份,81,4622.0,10jqka,post_close,2026-04-14 15:00:00,2026-04-10,3,3,4.0,-77.0,ok,2026-04-14,2.96,2.86,2.97,2.8,18409113.0,-4.03,-0.35,2.51,0.353,1.24,-0.49,3.7,7.06,-16.13,0.059,False,False,0.0,4.0,不推送,False,温和放量；站上20日线且不过热；连续上榜确认,当日转弱；收盘承接偏弱；人气排名明显回落,不主动推送。,v2,强势,85.61,1.53,7.79,0,2026-04-14,common_index_cache,0.95,1.61,2.36,3.51,9.25,12.58,-5.56,-5.28
2026-04-14,002792,通宇通讯,82,4611.0,10jqka,post_close,2026-04-14 15:00:00,2026-04-14,1,1,,,ok,2026-04-14,45.55,48.02,49.01,43.9,727675.0,6.22,1.37,1.03,0.806,1.06,2.08,5.16,11.58,-34.53,0.194,False,False,0.0,40.0,不推送,False,当日上涨；收盘承接较强；温和放量；站上20日线且不过热,-,不主动推送。,v2,强势,85.61,1.53,7.79,0,2026-04-14,common_index_cache,0.95,1.61,2.36,3.51,9.25,12.58,4.69,-6.76
2026-04-14,002008,大族激光,83,4606.0,10jqka,post_close,2026-04-14 15:00:00,2026-04-14,1,1,,,ok,2026-04-14,76.6,82.7,83.36,76.06,554951.0,9.13,8.3,28.5,0.91,1.2,8.19,18.57,24.54,-0.79,0.09,False,False,0.0,59.0,不推送,False,当日强涨；收在日内高位；温和放量；近5日强势延续；站上20日线且不过热,短线涨幅偏高,不主动推送。,v2,强势,85.61,1.53,7.79,0,2026-04-14,common_index_cache,0.95,1.61,2.36,3.51,9.25,12.58,7.6,20.71
2026-04-14,002281,光迅科技,84,4572.0,10jqka,post_close,2026-04-14 15:00:00,2026-04-10,3,3,17.0,-67.0,ok,2026-04-14,113.5,111.4,114.36,110.2,650000.0,-2.05,3.06,20.61,0.288,0.83,3.28,14.0,23.06,-3.87,0.207,False,False,0.0,30.0,不推送,False,温和放量；近5日趋势升温；站上20日线且不过热；连续上榜确认；v2热点回踩观察,当日转弱；收盘承接偏弱；人气排名明显回落,不主动推送。,v2,强势,85.61,1.53,7.79,0,2026-04-14,common_index_cache,0.95,1.61,2.36,3.51,9.25,12.58,-3.58,12.82
2026-04-14,301189,奥尼电子,85,4552.0,10jqka,post_close,2026-04-14 15:00:00,2026-04-14,1,1,,,ok,2026-04-14,59.78,71.99,71.99,59.78,118190.0,20.0,44.21,55.28,1.0,1.77,24.74,38.9,48.58,0.0,0.0,True,False,0.0,32.0,不推送,False,当日涨停附近；收在日内高位；温和放量,短线涨幅过热；远离20日线过多,不主动推送。,v2,强势,85.61,1.53,7.79,0,2026-04-14,common_index_cache,0.95,1.61,2.36,3.51,9.25,12.58,18.47,47.49
2026-04-14,600089,特变电工,86,4528.0,10jqka,post_close,2026-04-14 15:00:00,2026-04-10,3,3,91.0,5.0,ok,2026-04-14,27.26,27.48,27.56,26.93,1610633.0,2.08,2.81,8.4,0.873,1.17,1.67,3.53,0.04,-17.43,0.127,False,False,0.0,52.0,不推送,False,收盘承接较强；温和放量；近5日趋势升温；站上20日线且不过热；连续上榜确认,-,不主动推送。,v2,强势,85.61,1.53,7.79,0,2026-04-14,common_index_cache,0.95,1.61,2.36,3.51,9.25,12.58,0.55,0.61
2026-04-14,301219,腾远钴业,87,4525.0,10jqka,post_close,2026-04-14 15:00:00,2026-04-14,1,1,,,ok,2026-04-14,77.8,82.02,82.02,75.77,362065.0,20.0,30.4,36.2,1.0,6.03,20.2,27.46,30.82,0.0,0.0,True,False,0.0,29.0,不推送,False,当日涨停附近；收在日内高位；近5日强势延续,放量过猛；短线涨幅偏高；偏离20日线较大,不主动推送。,v2,强势,85.61,1.53,7.79,0,2026-04-14,common_index_cache,0.95,1.61,2.36,3.51,9.25,12.58,18.47,28.41
2026-04-14,000815,美利云,88,4484.0,10jqka,post_close,2026-04-14 15:00:00,2026-04-13,2,2,10.0,-78.0,ok,2026-04-14,20.65,20.91,21.3,20.5,1622043.0,3.11,4.08,9.71,0.512,1.18,3.75,5.4,6.72,-7.56,0.488,False,False,0.0,40.0,不推送,False,当日上涨；温和放量；近5日趋势升温；站上20日线且不过热；连续上榜确认,人气排名明显回落；上影线偏长,不主动推送。,v2,强势,85.61,1.53,7.79,0,2026-04-14,common_index_cache,0.95,1.61,2.36,3.51,9.25,12.58,1.58,1.92
2026-04-14,002506,协鑫集成,89,4479.0,10jqka,post_close,2026-04-14 15:00:00,2026-04-13,2,2,60.0,-29.0,ok,2026-04-14,4.57,4.43,4.59,4.35,5615063.0,-2.85,0.68,1.14,0.333,1.05,-0.89,-1.62,-11.5,-30.35,0.083,False,False,0.0,0.0,不推送,False,温和放量；连续上榜确认,当日转弱；收盘承接偏弱；仍在20日线下方；人气排名明显回落,不主动推送。,v2,强势,85.61,1.53,7.79,0,2026-04-14,common_index_cache,0.95,1.61,2.36,3.51,9.25,12.58,-4.38,-6.65
2026-04-14,002432,九安医疗,90,4469.0,10jqka,post_close,2026-04-14 15:00:00,2026-04-10,3,3,89.0,-1.0,ok,2026-04-14,84.57,77.8,85.9,77.34,591332.0,-9.46,-11.6,-6.11,0.054,1.81,-9.97,-6.46,6.13,-17.93,0.155,False,False,0.0,0.0,不推送,False,放量仍可控；站上20日线且不过热；连续上榜确认,当日转弱；收盘承接偏弱；近5日趋势未确认,不主动推送。,v2,强势,85.61,1.53,7.79,0,2026-04-14,common_index_cache,0.95,1.61,2.36,3.51,9.25,12.58,-10.99,-13.9
2026-04-14,600487,亨通光电,91,4449.0,10jqka,post_close,2026-04-14 15:00:00,2026-04-10,3,3,33.0,-58.0,ok,2026-04-14,53.51,52.67,54.41,52.15,1569564.0,-1.53,-11.54,-10.27,0.23,0.81,-6.03,-5.1,3.95,-14.36,0.398,False,False,0.0,0.0,不推送,False,温和放量；站上20日线且不过热；连续上榜确认,当日转弱；收盘承接偏弱；近5日趋势未确认；人气排名明显回落,不主动推送。,v2,强势,85.61,1.53,7.79,0,2026-04-14,common_index_cache,0.95,1.61,2.36,3.51,9.25,12.58,-3.06,-18.06
2026-04-14,600111,北方稀土,92,4433.0,10jqka,post_close,2026-04-14 15:00:00,2026-04-10,3,3,73.0,-19.0,ok,2026-04-14,52.34,50.54,52.34,49.62,1386277.0,-3.44,-2.43,1.3,0.338,1.44,-2.1,1.21,4.3,-20.5,0.0,False,False,0.0,8.0,不推送,False,温和放量；站上20日线且不过热；连续上榜确认,当日转弱；收盘承接偏弱,不主动推送。,v2,强势,85.61,1.53,7.79,0,2026-04-14,common_index_cache,0.95,1.61,2.36,3.51,9.25,12.58,-4.97,-6.49
2026-04-14,000669,ST金鸿,93,4418.0,10jqka,post_close,2026-04-14 15:00:00,2026-04-14,1,1,,,ok,2026-04-14,4.5,4.79,4.96,4.5,297041.0,1.05,-7.53,-7.35,0.63,1.3,-3.58,-4.33,-6.0,-13.85,0.37,False,False,0.0,2.0,不推送,False,温和放量,近5日趋势未确认；仍在20日线下方,不主动推送。,v2,强势,85.61,1.53,7.79,0,2026-04-14,common_index_cache,0.95,1.61,2.36,3.51,9.25,12.58,-0.48,-15.14
2026-04-14,001299,美能能源,94,4402.0,10jqka,post_close,2026-04-14 15:00:00,2026-04-14,1,1,,,ok,2026-04-14,17.0,18.54,18.54,17.0,211310.0,10.03,33.09,38.26,1.0,2.1,18.54,26.99,32.39,0.0,0.0,True,False,0.0,49.0,不推送,False,当日涨停附近；收在日内高位；放量仍可控；近5日强势延续,短线涨幅偏高；偏离20日线较大,不主动推送。,v2,强势,85.61,1.53,7.79,0,2026-04-14,common_index_cache,0.95,1.61,2.36,3.51,9.25,12.58,8.5,30.47
2026-04-14,002714,牧原股份,95,4366.0,10jqka,post_close,2026-04-14 15:00:00,2026-04-10,3,3,58.0,-37.0,ok,2026-04-14,44.18,45.78,46.1,43.8,696446.0,3.65,4.52,5.36,0.861,1.68,3.53,5.24,1.86,-11.07,0.139,False,False,0.0,56.0,不推送,False,当日上涨；收盘承接较强；温和放量；近5日趋势升温；站上20日线且不过热；连续上榜确认,人气排名明显回落,不主动推送。,v2,强势,85.61,1.53,7.79,0,2026-04-14,common_index_cache,0.95,1.61,2.36,3.51,9.25,12.58,2.12,-2.43
2026-04-14,600879,航天电子,96,4341.0,10jqka,post_close,2026-04-14 15:00:00,2026-04-14,1,1,,,ok,2026-04-14,21.55,22.51,22.64,21.3,2084713.0,5.24,4.41,10.56,0.903,2.03,3.93,5.06,4.51,-30.18,0.097,False,False,0.0,52.0,不推送,False,当日上涨；收在日内高位；放量仍可控；近5日趋势升温；站上20日线且不过热,-,不主动推送。,v2,强势,85.61,1.53,7.79,0,2026-04-14,common_index_cache,0.95,1.61,2.36,3.51,9.25,12.58,3.71,2.77
2026-04-14,300502,新易盛,97,4335.0,10jqka,post_close,2026-04-14 15:00:00,2026-04-10,3,3,96.0,-1.0,ok,2026-04-14,522.94,520.0,538.9,515.0,387738.0,1.42,6.12,13.36,0.209,1.04,2.09,8.07,11.63,-3.51,0.668,False,False,0.0,24.0,不推送,False,温和放量；近5日趋势升温；站上20日线且不过热；连续上榜确认,收盘承接偏弱；上影线偏长,不主动推送。,v2,强势,85.61,1.53,7.79,0,2026-04-14,common_index_cache,0.95,1.61,2.36,3.51,9.25,12.58,-0.11,5.57
2026-04-14,002812,恩捷股份,98,4335.0,10jqka,post_close,2026-04-14 15:00:00,2026-04-14,1,1,,,ok,2026-04-14,67.48,70.7,70.72,67.26,427533.0,5.71,7.41,1.3,0.994,1.26,4.24,4.63,3.9,-7.67,0.006,False,False,0.0,46.0,不推送,False,当日上涨；收在日内高位；温和放量；站上20日线且不过热,-,不主动推送。,v2,强势,85.61,1.53,7.79,0,2026-04-14,common_index_cache,0.95,1.61,2.36,3.51,9.25,12.58,4.18,-6.49
2026-04-14,000547,航天发展,99,4295.0,10jqka,post_close,2026-04-14 15:00:00,2026-04-14,1,1,,,ok,2026-04-14,26.6,27.17,27.34,26.12,1960793.0,2.84,1.46,4.78,0.861,1.57,1.03,0.82,-1.95,-33.16,0.139,False,False,0.0,24.0,不推送,False,收盘承接较强；温和放量,-,不主动推送。,v2,强势,85.61,1.53,7.79,0,2026-04-14,common_index_cache,0.95,1.61,2.36,3.51,9.25,12.58,1.31,-3.01
2026-04-14,000586,汇源通信,100,4295.0,10jqka,post_close,2026-04-14 15:00:00,2026-04-10,3,3,64.0,-36.0,ok,2026-04-14,20.63,23.19,23.76,20.48,790037.0,7.36,-7.68,11.71,0.826,2.58,0.51,14.12,31.74,-7.68,0.174,False,False,0.0,48.0,不推送,False,当日强涨；收盘承接较强；放量仍可控；近5日趋势升温；连续上榜确认,偏离20日线较大；人气排名明显回落,不主动推送。,v2,强势,85.61,1.53,7.79,0,2026-04-14,common_index_cache,0.95,1.61,2.36,3.51,9.25,12.58,5.83,3.92
2026-04-15,600105,永鼎股份,1,191477.0,10jqka,post_close,2026-04-15 15:00:00,2026-04-10,4,4,41.0,40.0,ok,2026-04-15,37.26,37.54,40.27,36.98,2323465.0,0.97,-1.47,12.97,0.17,1.19,0.83,9.97,23.76,-6.78,0.83,False,False,0.0,58.0,不推送,False,人气Top3；温和放量；近5日趋势升温；站上20日线且不过热；连续上榜确认；人气排名明显上升,收盘承接偏弱；上影线偏长,不主动推送。,v2,强势,53.01,-0.64,2.71,0,2026-04-15,common_index_cache,0.01,-0.97,-1.22,0.81,3.25,5.0,1.61,10.26
2026-04-15,601179,中国西电,2,115897.0,10jqka,post_close,2026-04-15 15:00:00,2026-04-10,2,1,36.0,34.0,ok,2026-04-15,16.42,17.7,17.8,16.3,4449445.0,9.26,10.07,10.56,0.933,2.49,8.47,11.61,9.94,-14.29,0.067,False,False,0.0,94.0,强推观察,True,人气Top3；当日强涨；收在日内高位；放量仍可控；近5日趋势升温；站上20日线且不过热；人气排名明显上升,-,高风险情绪股：不追一字，优先看分歧承接，跌破5日线或人气退潮就跑。,v2,强势,53.01,-0.64,2.71,0,2026-04-15,common_index_cache,0.01,-0.97,-1.22,0.81,3.25,5.0,9.9,7.85
2026-04-15,600488,津药药业,3,113732.0,10jqka,post_close,2026-04-15 15:00:00,2026-04-10,4,4,74.0,71.0,ok,2026-04-15,6.18,6.84,6.84,5.96,2444698.0,9.97,6.54,-7.07,1.0,1.08,5.33,2.75,25.79,-18.96,0.0,True,False,0.0,98.0,强推观察,True,人气Top3；当日涨停附近；收在日内高位；温和放量；站上20日线且不过热；连续上榜确认；人气排名明显上升,近5日趋势未确认,高风险情绪股：不追一字，优先看分歧承接，跌破5日线或人气退潮就跑。,v2,强势,53.01,-0.64,2.71,0,2026-04-15,common_index_cache,0.01,-0.97,-1.22,0.81,3.25,5.0,10.61,-9.78
2026-04-15,603538,美诺华,4,98656.0,10jqka,post_close,2026-04-15 15:00:00,2026-04-10,4,4,28.0,24.0,ok,2026-04-15,50.91,55.5,56.06,50.18,699440.0,8.91,11.92,28.35,0.905,1.03,11.17,22.17,42.09,-1.0,0.095,False,False,0.0,85.0,重点观察,True,人气Top10；当日强涨；收在日内高位；温和放量；近5日强势延续；连续上榜确认；人气排名明显上升,短线涨幅偏高；偏离20日线较大,只做观察或轻仓试错，等待回落承接和量能不失控。,v2,强势,53.01,-0.64,2.71,0,2026-04-15,common_index_cache,0.01,-0.97,-1.22,0.81,3.25,5.0,9.55,25.64
2026-04-15,600743,华远控股,5,91827.0,10jqka,post_close,2026-04-15 15:00:00,2026-04-10,4,4,15.0,10.0,ok,2026-04-15,3.53,2.89,3.53,2.89,4505529.0,-9.97,9.06,31.96,0.0,3.51,2.63,21.28,34.17,-18.13,0.0,False,False,0.0,5.0,不推送,False,人气Top10；近5日强势延续；连续上榜确认；人气排名明显上升,当日转弱；收盘承接偏弱；放量过猛；短线涨幅偏高；偏离20日线较大,不主动推送。,v2,强势,53.01,-0.64,2.71,0,2026-04-15,common_index_cache,0.01,-0.97,-1.22,0.81,3.25,5.0,-9.33,29.25
2026-04-15,002328,新朋股份,6,90815.0,10jqka,post_close,2026-04-15 15:00:00,2026-04-10,4,4,6.0,0.0,ok,2026-04-15,11.9,12.5,13.0,11.84,2289402.0,5.57,23.64,49.7,0.569,1.79,14.89,33.23,54.28,-3.85,0.431,False,False,0.0,34.0,不推送,False,人气Top10；当日上涨；温和放量；连续上榜确认,短线涨幅过热；远离20日线过多,不主动推送。,v2,强势,53.01,-0.64,2.71,0,2026-04-15,common_index_cache,0.01,-0.97,-1.22,0.81,3.25,5.0,6.21,46.99
2026-04-15,002565,顺灏股份,7,88327.0,10jqka,post_close,2026-04-15 15:00:00,2026-04-14,2,2,50.0,43.0,ok,2026-04-15,17.32,17.7,18.57,17.11,2920142.0,2.31,6.24,2.97,0.404,1.36,3.74,6.23,7.8,-19.29,0.596,False,False,0.0,40.0,不推送,False,人气Top10；温和放量；站上20日线且不过热；连续上榜确认；人气排名明显上升,收盘承接偏弱；上影线偏长,不主动推送。,v2,强势,53.01,-0.64,2.71,0,2026-04-15,common_index_cache,0.01,-0.97,-1.22,0.81,3.25,5.0,2.95,0.26
2026-04-15,603778,国晟科技,8,81832.0,10jqka,post_close,2026-04-15 15:00:00,2026-04-10,4,4,1.0,-7.0,ok,2026-04-15,26.81,26.81,26.81,26.81,46543.0,-10.0,-14.18,-16.3,1.0,0.04,-12.83,-11.43,-0.87,-21.77,,False,False,0.0,26.0,不推送,False,人气Top10；收在日内高位；连续上榜确认,当日转弱；量能不足；近5日趋势未确认,不主动推送。,v2,强势,53.01,-0.64,2.71,0,2026-04-15,common_index_cache,0.01,-0.97,-1.22,0.81,3.25,5.0,-9.36,-19.01
2026-04-15,000988,华工科技,9,79737.0,10jqka,post_close,2026-04-15 15:00:00,2026-04-10,4,4,11.0,2.0,ok,2026-04-15,120.39,112.3,120.39,110.6,1347892.0,-6.91,-3.12,1.71,0.174,1.21,-4.66,0.97,0.74,-20.59,0.0,False,False,0.0,32.0,不推送,False,人气Top10；温和放量；站上20日线且不过热；连续上榜确认,当日转弱；收盘承接偏弱,不主动推送。,v2,强势,53.01,-0.64,2.71,0,2026-04-15,common_index_cache,0.01,-0.97,-1.22,0.81,3.25,5.0,-6.27,-1.0
2026-04-15,000078,海王生物,10,77161.0,10jqka,post_close,2026-04-15 15:00:00,2026-04-15,1,1,,,ok,2026-04-15,3.68,4.02,4.03,3.61,4701616.0,9.84,6.63,15.19,0.976,1.59,6.29,9.42,18.81,-16.77,0.024,True,False,0.0,118.0,强推观察,True,人气Top10；当日涨停附近；收在日内高位；温和放量；近5日趋势升温；站上20日线且不过热；首次上榜即强势；v2强势延续修正；v2低分涨停修正,-,高风险情绪股：不追一字，优先看分歧承接，跌破5日线或人气退潮就跑。,v2,强势,53.01,-0.64,2.71,0,2026-04-15,common_index_cache,0.01,-0.97,-1.22,0.81,3.25,5.0,10.48,12.48
2026-04-15,600396,华电辽能,11,76917.0,10jqka,post_close,2026-04-15 15:00:00,2026-04-10,4,4,10.0,-1.0,ok,2026-04-15,8.13,8.05,8.66,7.61,4392251.0,0.25,21.23,4.82,0.419,1.84,8.32,8.34,8.39,-15.17,0.505,False,False,0.0,22.0,不推送,False,人气Top20；放量仍可控；站上20日线且不过热；连续上榜确认,收盘承接偏弱；上影线偏长,不主动推送。,v2,强势,53.01,-0.64,2.71,0,2026-04-15,common_index_cache,0.01,-0.97,-1.22,0.81,3.25,5.0,0.89,2.11
2026-04-15,002202,金风科技,12,76896.0,10jqka,post_close,2026-04-15 15:00:00,2026-04-10,4,4,12.0,0.0,ok,2026-04-15,25.43,25.02,25.95,24.84,2581314.0,-1.11,3.95,4.95,0.162,1.18,2.23,3.07,-4.81,-32.43,0.468,False,False,0.0,16.0,不推送,False,人气Top20；温和放量；连续上榜确认,当日转弱；收盘承接偏弱,不主动推送。,v2,强势,53.01,-0.64,2.71,0,2026-04-15,common_index_cache,0.01,-0.97,-1.22,0.81,3.25,5.0,-0.47,2.24
2026-04-15,000592,平潭发展,13,76152.0,10jqka,post_close,2026-04-15 15:00:00,2026-04-10,3,1,9.0,-4.0,ok,2026-04-15,11.16,11.33,11.49,10.98,2570572.0,0.27,-0.87,-8.11,0.686,0.77,-1.75,-4.24,-0.04,-31.75,0.314,False,False,0.0,12.0,不推送,False,人气Top20,近5日趋势未确认,不主动推送。,v2,强势,53.01,-0.64,2.71,0,2026-04-15,common_index_cache,0.01,-0.97,-1.22,0.81,3.25,5.0,0.91,-10.82
2026-04-15,002580,圣阳股份,14,76048.0,10jqka,post_close,2026-04-15 15:00:00,2026-04-10,4,4,2.0,-12.0,ok,2026-04-15,24.48,25.27,25.27,24.48,1079066.0,10.01,33.14,61.16,1.0,0.79,19.93,34.46,49.73,0.0,0.0,True,False,0.0,42.0,不推送,False,人气Top20；当日涨停附近；收在日内高位；连续上榜确认,短线涨幅过热；远离20日线过多,不主动推送。,v2,强势,53.01,-0.64,2.71,0,2026-04-15,common_index_cache,0.01,-0.97,-1.22,0.81,3.25,5.0,10.65,58.45
2026-04-15,002361,神剑股份,15,74203.0,10jqka,post_close,2026-04-15 15:00:00,2026-04-10,4,4,30.0,15.0,ok,2026-04-15,16.85,18.54,18.54,16.6,3087686.0,10.03,12.43,10.49,1.0,1.18,9.07,10.98,26.4,0.0,0.0,True,False,0.0,110.0,强推观察,True,人气Top20；当日涨停附近；收在日内高位；温和放量；近5日趋势升温；站上20日线且不过热；连续上榜确认；人气排名明显上升；v2强势延续修正,-,高风险情绪股：不追一字，优先看分歧承接，跌破5日线或人气退潮就跑。,v2,强势,53.01,-0.64,2.71,0,2026-04-15,common_index_cache,0.01,-0.97,-1.22,0.81,3.25,5.0,10.67,7.78
2026-04-15,001896,豫能控股,16,74098.0,10jqka,post_close,2026-04-15 15:00:00,2026-04-13,3,3,48.0,32.0,ok,2026-04-15,15.06,16.57,16.57,14.2,2662223.0,10.03,25.44,26.49,1.0,1.89,14.99,21.07,14.05,-7.33,0.0,True,False,0.0,111.0,强推观察,True,人气Top20；当日涨停附近；收在日内高位；放量仍可控；近5日强势延续；站上20日线且不过热；连续上榜确认；人气排名明显上升；v2强势延续修正；v2连榜升温修正；v2低分涨停修正,短线涨幅偏高,高风险情绪股：不追一字，优先看分歧承接，跌破5日线或人气退潮就跑。,v2,强势,53.01,-0.64,2.71,0,2026-04-15,common_index_cache,0.01,-0.97,-1.22,0.81,3.25,5.0,10.67,23.78
2026-04-15,002342,巨力索具,17,72289.0,10jqka,post_close,2026-04-15 15:00:00,2026-04-10,4,4,22.0,5.0,ok,2026-04-15,17.03,18.29,18.71,16.8,2871134.0,6.65,18.0,29.08,0.78,1.09,10.35,21.32,32.28,-14.61,0.22,False,False,0.0,59.0,不推送,False,人气Top20；当日上涨；收盘承接较强；温和放量；近5日强势延续；连续上榜确认,短线涨幅偏高；偏离20日线较大,不主动推送。,v2,强势,53.01,-0.64,2.71,0,2026-04-15,common_index_cache,0.01,-0.97,-1.22,0.81,3.25,5.0,7.29,26.37
2026-04-15,603629,利通电子,18,70266.0,10jqka,post_close,2026-04-15 15:00:00,2026-04-13,3,3,33.0,15.0,ok,2026-04-15,81.55,87.95,87.95,79.95,442209.0,10.01,21.01,24.93,1.0,1.2,13.37,24.25,31.72,0.0,0.0,True,False,0.0,114.0,强推观察,True,人气Top20；当日涨停附近；收在日内高位；温和放量；近5日趋势升温；连续上榜确认；人气排名明显上升；v2强势延续修正；v2连榜升温修正；v2低分涨停修正,偏离20日线较大,高风险情绪股：不追一字，优先看分歧承接，跌破5日线或人气退潮就跑。,v2,强势,53.01,-0.64,2.71,0,2026-04-15,common_index_cache,0.01,-0.97,-1.22,0.81,3.25,5.0,10.65,22.22
2026-04-15,603985,恒润股份,19,65333.0,10jqka,post_close,2026-04-15 15:00:00,2026-04-15,1,1,,,ok,2026-04-15,21.16,22.31,23.27,20.99,716766.0,5.48,5.43,1.69,0.579,1.38,4.62,6.38,11.49,-4.13,0.421,False,False,0.0,46.0,不推送,False,人气Top20；当日上涨；温和放量；站上20日线且不过热,-,不主动推送。,v2,强势,53.01,-0.64,2.71,0,2026-04-15,common_index_cache,0.01,-0.97,-1.22,0.81,3.25,5.0,6.12,-1.02
2026-04-15,600666,奥瑞德,20,65159.0,10jqka,post_close,2026-04-15 15:00:00,2026-04-10,4,4,38.0,18.0,ok,2026-04-15,6.31,6.23,6.55,6.01,4907955.0,-3.86,-1.11,-4.15,0.407,0.92,-2.63,-0.67,8.9,-12.87,0.444,False,False,0.0,24.0,不推送,False,人气Top20；温和放量；站上20日线且不过热；连续上榜确认；人气排名明显上升,当日转弱；收盘承接偏弱；近5日趋势未确认,不主动推送。,v2,强势,53.01,-0.64,2.71,0,2026-04-15,common_index_cache,0.01,-0.97,-1.22,0.81,3.25,5.0,-3.22,-6.86
2026-04-15,600186,莲花控股,21,63794.0,10jqka,post_close,2026-04-15 15:00:00,2026-04-15,1,1,,,ok,2026-04-15,7.5,7.69,7.89,7.1,3076784.0,5.05,3.5,0.79,0.747,1.69,3.03,4.93,8.29,-3.51,0.253,False,False,0.0,38.0,不推送,False,人气Top50；当日上涨；温和放量；站上20日线且不过热,-,不主动推送。,v2,强势,53.01,-0.64,2.71,0,2026-04-15,common_index_cache,0.01,-0.97,-1.22,0.81,3.25,5.0,5.69,-1.92
2026-04-15,000547,航天发展,22,63502.0,10jqka,post_close,2026-04-15 15:00:00,2026-04-14,2,2,99.0,77.0,ok,2026-04-15,27.18,27.67,28.57,26.97,2431763.0,1.84,4.45,0.25,0.438,1.69,2.84,2.97,0.36,-27.57,0.562,False,False,0.0,24.0,不推送,False,人气Top50；温和放量；站上20日线且不过热；连续上榜确认；人气排名明显上升,收盘承接偏弱；上影线偏长,不主动推送。,v2,强势,53.01,-0.64,2.71,0,2026-04-15,common_index_cache,0.01,-0.97,-1.22,0.81,3.25,5.0,2.48,-2.46
2026-04-15,002560,通达股份,23,61216.0,10jqka,post_close,2026-04-15 15:00:00,2026-04-10,4,4,53.0,30.0,ok,2026-04-15,13.65,14.04,14.29,13.26,1369226.0,1.67,3.46,3.62,0.757,0.84,1.78,5.31,21.32,-2.3,0.243,False,False,0.0,52.0,不推送,False,人气Top50；收盘承接较强；温和放量；站上20日线且不过热；连续上榜确认；人气排名明显上升,-,不主动推送。,v2,强势,53.01,-0.64,2.71,0,2026-04-15,common_index_cache,0.01,-0.97,-1.22,0.81,3.25,5.0,2.31,0.91
2026-04-15,000533,顺钠股份,24,57762.0,10jqka,post_close,2026-04-15 15:00:00,2026-04-15,1,1,,,ok,2026-04-15,15.18,16.12,16.2,14.7,1819694.0,8.04,10.26,10.71,0.947,2.59,7.55,10.49,3.48,-26.19,0.053,False,False,0.0,68.0,普通观察,True,人气Top50；当日强涨；收在日内高位；放量仍可控；近5日趋势升温；站上20日线且不过热,-,保留在样本池，继续看次日人气和承接。,v2,强势,53.01,-0.64,2.71,0,2026-04-15,common_index_cache,0.01,-0.97,-1.22,0.81,3.25,5.0,8.68,8.0
2026-04-15,000973,佛塑科技,25,56582.0,10jqka,post_close,2026-04-15 15:00:00,2026-04-14,2,2,3.0,-22.0,ok,2026-04-15,19.0,18.12,20.71,18.0,1547845.0,-4.03,0.0,1.29,0.044,2.38,-1.4,0.47,2.86,-12.51,0.631,False,False,0.0,6.0,不推送,False,人气Top50；放量仍可控；站上20日线且不过热；连续上榜确认,当日转弱；收盘承接偏弱；人气排名明显回落,不主动推送。,v2,强势,53.01,-0.64,2.71,0,2026-04-15,common_index_cache,0.01,-0.97,-1.22,0.81,3.25,5.0,-3.39,-1.42
2026-04-15,002460,赣锋锂业,26,56062.0,10jqka,post_close,2026-04-15 15:00:00,2026-04-10,4,4,19.0,-7.0,ok,2026-04-15,87.5,82.17,87.8,81.84,1148561.0,-6.92,-2.16,0.2,0.055,1.29,-2.14,0.48,7.18,-7.13,0.05,False,False,0.0,16.0,不推送,False,人气Top50；温和放量；站上20日线且不过热；连续上榜确认,当日转弱；收盘承接偏弱,不主动推送。,v2,强势,53.01,-0.64,2.71,0,2026-04-15,common_index_cache,0.01,-0.97,-1.22,0.81,3.25,5.0,-6.28,-2.51
2026-04-15,600089,特变电工,27,54912.0,10jqka,post_close,2026-04-15 15:00:00,2026-04-10,4,4,86.0,59.0,ok,2026-04-15,27.75,28.22,28.54,27.56,2620887.0,2.69,4.17,4.83,0.673,1.74,3.42,5.63,2.81,-15.2,0.327,False,False,0.0,42.0,不推送,False,人气Top50；温和放量；站上20日线且不过热；连续上榜确认；人气排名明显上升,-,不主动推送。,v2,强势,53.01,-0.64,2.71,0,2026-04-15,common_index_cache,0.01,-0.97,-1.22,0.81,3.25,5.0,3.33,2.12
2026-04-15,603122,合富中国,28,51553.0,10jqka,post_close,2026-04-15 15:00:00,2026-04-15,1,1,,,ok,2026-04-15,16.53,17.91,18.0,16.45,746020.0,8.09,3.11,-9.86,0.942,1.17,2.57,-2.62,4.56,-25.19,0.058,False,False,0.0,58.0,不推送,False,人气Top50；当日强涨；收在日内高位；温和放量；站上20日线且不过热,近5日趋势未确认,不主动推送。,v2,强势,53.01,-0.64,2.71,0,2026-04-15,common_index_cache,0.01,-0.97,-1.22,0.81,3.25,5.0,8.73,-12.57
2026-04-15,002364,中恒电气,29,51237.0,10jqka,post_close,2026-04-15 15:00:00,2026-04-10,4,4,5.0,-24.0,ok,2026-04-15,42.49,43.4,44.16,41.91,1551196.0,2.14,23.58,49.5,0.662,5.37,13.27,32.28,40.62,-1.72,0.338,False,False,0.0,0.0,不推送,False,人气Top50；连续上榜确认,放量过猛；短线涨幅过热；偏离20日线较大；人气排名明显回落,不主动推送。,v2,强势,53.01,-0.64,2.71,0,2026-04-15,common_index_cache,0.01,-0.97,-1.22,0.81,3.25,5.0,2.78,46.79
2026-04-15,600839,四川长虹,30,50829.0,10jqka,post_close,2026-04-15 15:00:00,2026-04-15,1,1,,,ok,2026-04-15,8.84,9.35,9.67,8.75,3369540.0,6.37,6.86,5.77,0.652,6.01,5.63,6.99,6.21,-16.96,0.348,False,False,0.0,24.0,不推送,False,人气Top50；当日上涨；近5日趋势升温；站上20日线且不过热,放量过猛,不主动推送。,v2,强势,53.01,-0.64,2.71,0,2026-04-15,common_index_cache,0.01,-0.97,-1.22,0.81,3.25,5.0,7.01,3.06
2026-04-15,300750,宁德时代,31,49591.0,10jqka,post_close,2026-04-15 15:00:00,2026-04-10,4,4,61.0,30.0,ok,2026-04-15,431.97,424.09,432.55,420.16,373536.0,0.05,3.67,10.33,0.317,0.94,2.92,6.15,6.4,-1.96,0.047,False,False,0.0,56.0,不推送,False,人气Top50；温和放量；近5日趋势升温；站上20日线且不过热；连续上榜确认；人气排名明显上升；v2热点回踩观察,收盘承接偏弱,不主动推送。,v2,强势,53.01,-0.64,2.71,0,2026-04-15,common_index_cache,0.01,-0.97,-1.22,0.81,3.25,5.0,0.69,7.62
2026-04-15,002149,西部材料,32,47906.0,10jqka,post_close,2026-04-15 15:00:00,2026-04-14,2,2,13.0,-19.0,ok,2026-04-15,52.0,53.65,55.0,51.21,1300750.0,7.3,17.52,11.33,0.644,2.69,11.15,11.49,14.05,-7.47,0.356,False,False,0.0,52.0,不推送,False,人气Top50；当日强涨；近5日趋势升温；站上20日线且不过热；连续上榜确认,-,不主动推送。,v2,强势,53.01,-0.64,2.71,0,2026-04-15,common_index_cache,0.01,-0.97,-1.22,0.81,3.25,5.0,7.94,8.62
2026-04-15,300502,新易盛,33,47264.0,10jqka,post_close,2026-04-15 15:00:00,2026-04-10,4,4,97.0,64.0,ok,2026-04-15,525.02,496.98,534.0,490.02,460646.0,-4.43,-4.88,-0.9,0.158,1.17,-2.25,2.14,5.47,-7.78,0.204,False,False,0.0,16.0,不推送,False,人气Top50；温和放量；站上20日线且不过热；连续上榜确认；人气排名明显上升,当日转弱；收盘承接偏弱；近5日趋势未确认,不主动推送。,v2,强势,53.01,-0.64,2.71,0,2026-04-15,common_index_cache,0.01,-0.97,-1.22,0.81,3.25,5.0,-3.79,-3.61
2026-04-15,601138,工业富联,34,46967.0,10jqka,post_close,2026-04-15 15:00:00,2026-04-10,4,4,14.0,-20.0,ok,2026-04-15,59.36,57.82,59.97,57.2,1973741.0,-1.87,2.3,2.14,0.224,1.0,1.8,5.0,10.11,-9.66,0.22,False,False,0.0,12.0,不推送,False,人气Top50；温和放量；站上20日线且不过热；连续上榜确认,当日转弱；收盘承接偏弱；人气排名明显回落,不主动推送。,v2,强势,53.01,-0.64,2.71,0,2026-04-15,common_index_cache,0.01,-0.97,-1.22,0.81,3.25,5.0,-1.23,-0.57
2026-04-15,300308,中际旭创,35,46330.0,10jqka,post_close,2026-04-15 15:00:00,2026-04-10,4,4,8.0,-27.0,ok,2026-04-15,787.0,779.98,808.83,766.0,323452.0,0.9,6.17,13.51,0.326,1.08,4.9,14.51,22.08,-3.57,0.51,False,False,0.0,28.0,不推送,False,人气Top50；温和放量；近5日趋势升温；站上20日线且不过热；连续上榜确认,收盘承接偏弱；人气排名明显回落；上影线偏长,不主动推送。,v2,强势,53.01,-0.64,2.71,0,2026-04-15,common_index_cache,0.01,-0.97,-1.22,0.81,3.25,5.0,1.54,10.8
2026-04-15,002384,东山精密,36,45838.0,10jqka,post_close,2026-04-15 15:00:00,2026-04-10,4,4,79.0,43.0,ok,2026-04-15,145.7,145.8,151.0,143.6,813388.0,-0.14,1.57,21.59,0.297,0.89,2.09,14.91,24.61,-3.44,0.703,False,False,0.0,32.0,不推送,False,人气Top50；温和放量；近5日趋势升温；站上20日线且不过热；连续上榜确认；人气排名明显上升,当日转弱；收盘承接偏弱,不主动推送。,v2,强势,53.01,-0.64,2.71,0,2026-04-15,common_index_cache,0.01,-0.97,-1.22,0.81,3.25,5.0,0.5,18.88
2026-04-15,603601,再升科技,37,45808.0,10jqka,post_close,2026-04-15 15:00:00,2026-04-13,2,1,93.0,56.0,ok,2026-04-15,14.32,14.32,14.86,14.06,2692206.0,0.85,7.59,0.42,0.325,1.28,3.53,2.17,7.75,-10.22,0.675,False,False,0.0,16.0,不推送,False,人气Top50；温和放量；站上20日线且不过热；人气排名明显上升,收盘承接偏弱；上影线偏长,不主动推送。,v2,强势,53.01,-0.64,2.71,0,2026-04-15,common_index_cache,0.01,-0.97,-1.22,0.81,3.25,5.0,1.49,-2.29
2026-04-15,002519,银河电子,38,45298.0,10jqka,post_close,2026-04-15 15:00:00,2026-04-15,1,1,,,ok,2026-04-15,8.05,8.45,8.63,7.98,1616506.0,5.23,6.83,4.58,0.723,2.37,4.71,5.66,5.22,-33.04,0.277,False,False,0.0,32.0,不推送,False,人气Top50；当日上涨；放量仍可控；站上20日线且不过热,-,不主动推送。,v2,强势,53.01,-0.64,2.71,0,2026-04-15,common_index_cache,0.01,-0.97,-1.22,0.81,3.25,5.0,5.87,1.87
2026-04-15,002131,利欧股份,39,45196.0,10jqka,post_close,2026-04-15 15:00:00,2026-04-10,4,4,31.0,-8.0,ok,2026-04-15,8.12,7.82,8.18,7.78,5275912.0,-3.69,-2.13,-1.64,0.1,0.89,-2.2,0.96,1.86,-24.81,0.15,False,False,0.0,12.0,不推送,False,人气Top50；温和放量；站上20日线且不过热；连续上榜确认,当日转弱；收盘承接偏弱；近5日趋势未确认,不主动推送。,v2,强势,53.01,-0.64,2.71,0,2026-04-15,common_index_cache,0.01,-0.97,-1.22,0.81,3.25,5.0,-3.05,-4.35
2026-04-15,002083,孚日股份,40,44963.0,10jqka,post_close,2026-04-15 15:00:00,2026-04-14,2,2,16.0,-24.0,ok,2026-04-15,13.5,13.08,13.75,13.08,1262700.0,-9.98,2.03,7.65,0.0,1.74,-0.37,2.96,9.95,-9.98,0.373,False,False,0.0,24.0,不推送,False,人气Top50；温和放量；近5日趋势升温；站上20日线且不过热；连续上榜确认,当日转弱；收盘承接偏弱；人气排名明显回落,不主动推送。,v2,强势,53.01,-0.64,2.71,0,2026-04-15,common_index_cache,0.01,-0.97,-1.22,0.81,3.25,5.0,-9.34,4.94
2026-04-15,300058,蓝色光标,41,44710.0,10jqka,post_close,2026-04-15 15:00:00,2026-04-10,4,4,23.0,-18.0,ok,2026-04-15,17.13,16.43,17.4,16.31,5033501.0,-4.86,-0.36,0.74,0.11,0.81,-1.49,5.92,9.7,-32.75,0.248,False,False,0.0,16.0,不推送,False,人气Top50；温和放量；站上20日线且不过热；连续上榜确认,当日转弱；收盘承接偏弱,不主动推送。,v2,强势,53.01,-0.64,2.71,0,2026-04-15,common_index_cache,0.01,-0.97,-1.22,0.81,3.25,5.0,-4.22,-1.97
2026-04-15,000889,中嘉博创,42,43807.0,10jqka,post_close,2026-04-15 15:00:00,2026-04-10,4,4,67.0,25.0,ok,2026-04-15,4.32,4.74,4.74,4.03,3184177.0,9.98,8.97,32.03,1.0,2.37,11.42,24.67,32.68,0.0,0.0,True,False,0.0,85.0,重点观察,True,人气Top50；当日涨停附近；收在日内高位；放量仍可控；近5日强势延续；连续上榜确认；人气排名明显上升；v2强势延续修正；v2低分涨停修正,短线涨幅偏高；偏离20日线较大,只做观察或轻仓试错，等待回落承接和量能不失控。,v2,强势,53.01,-0.64,2.71,0,2026-04-15,common_index_cache,0.01,-0.97,-1.22,0.81,3.25,5.0,10.62,29.32
2026-04-15,002463,沪电股份,43,43227.0,10jqka,post_close,2026-04-15 15:00:00,2026-04-10,4,4,4.0,-39.0,ok,2026-04-15,98.6,92.78,99.13,92.0,1336258.0,-4.88,5.05,10.36,0.109,1.46,2.37,9.73,11.31,-6.41,0.074,False,False,0.0,24.0,不推送,False,人气Top50；温和放量；近5日趋势升温；站上20日线且不过热；连续上榜确认,当日转弱；收盘承接偏弱；人气排名明显回落,不主动推送。,v2,强势,53.01,-0.64,2.71,0,2026-04-15,common_index_cache,0.01,-0.97,-1.22,0.81,3.25,5.0,-4.24,7.65
2026-04-15,002980,华盛昌,44,42365.0,10jqka,post_close,2026-04-15 15:00:00,2026-04-13,3,3,51.0,7.0,ok,2026-04-15,68.43,70.54,70.55,67.9,259681.0,9.98,33.07,33.45,0.996,1.51,16.91,31.03,51.29,-0.01,0.004,True,False,0.0,67.0,普通观察,True,人气Top50；当日涨停附近；收在日内高位；温和放量；近5日强势延续；连续上榜确认；v2低分涨停修正,短线涨幅偏高；远离20日线过多,保留在样本池，继续看次日人气和承接。,v2,强势,53.01,-0.64,2.71,0,2026-04-15,common_index_cache,0.01,-0.97,-1.22,0.81,3.25,5.0,10.62,30.74
2026-04-15,300857,协创数据,45,41036.0,10jqka,post_close,2026-04-15 15:00:00,2026-04-10,3,2,29.0,-16.0,ok,2026-04-15,199.89,200.25,205.96,191.89,407281.0,12.47,34.84,21.62,0.594,2.46,19.2,24.68,25.53,-26.71,0.406,True,False,0.0,72.0,普通观察,True,人气Top50；当日涨停附近；放量仍可控；近5日趋势升温；站上20日线且不过热；连续上榜确认；v2低分涨停修正,-,保留在样本池，继续看次日人气和承接。,v2,强势,53.01,-0.64,2.71,0,2026-04-15,common_index_cache,0.01,-0.97,-1.22,0.81,3.25,5.0,13.11,18.91
2026-04-15,000070,特发信息,46,40909.0,10jqka,post_close,2026-04-15 15:00:00,2026-04-10,2,1,71.0,25.0,ok,2026-04-15,19.99,18.88,20.2,18.73,1458129.0,-6.9,-4.45,-0.53,0.102,0.84,-6.44,-2.94,8.08,-13.12,0.143,False,False,0.0,8.0,不推送,False,人气Top50；温和放量；站上20日线且不过热；人气排名明显上升,当日转弱；收盘承接偏弱；近5日趋势未确认,不主动推送。,v2,强势,53.01,-0.64,2.71,0,2026-04-15,common_index_cache,0.01,-0.97,-1.22,0.81,3.25,5.0,-6.26,-3.24
2026-04-15,600550,保变电气,47,40858.0,10jqka,post_close,2026-04-15 15:00:00,2026-04-15,1,1,,,ok,2026-04-15,15.03,16.03,16.38,14.9,1673007.0,7.37,4.16,3.96,0.764,2.77,4.76,6.1,4.01,-18.13,0.236,False,False,0.0,42.0,不推送,False,人气Top50；当日强涨；收盘承接较强；站上20日线且不过热,-,不主动推送。,v2,强势,53.01,-0.64,2.71,0,2026-04-15,common_index_cache,0.01,-0.97,-1.22,0.81,3.25,5.0,8.01,1.25
2026-04-15,600410,华胜天成,48,40744.0,10jqka,post_close,2026-04-15 15:00:00,2026-04-10,4,4,69.0,21.0,ok,2026-04-15,27.55,26.88,27.61,26.8,1381010.0,-1.61,-0.67,-3.52,0.099,0.78,-0.72,1.21,3.38,-21.66,0.074,False,False,0.0,2.0,不推送,False,人气Top50；站上20日线且不过热；连续上榜确认；人气排名明显上升,当日转弱；收盘承接偏弱；近5日趋势未确认,不主动推送。,v2,强势,53.01,-0.64,2.71,0,2026-04-15,common_index_cache,0.01,-0.97,-1.22,0.81,3.25,5.0,-0.97,-6.23
2026-04-15,000788,北大医药,49,40087.0,10jqka,post_close,2026-04-15 15:00:00,2026-04-15,1,1,,,ok,2026-04-15,6.21,6.77,6.77,6.09,1155943.0,10.08,6.78,3.68,1.0,1.19,5.32,1.82,8.91,-13.76,0.0,True,False,0.0,68.0,普通观察,True,人气Top50；当日涨停附近；收在日内高位；温和放量；站上20日线且不过热,-,保留在样本池，继续看次日人气和承接。,v2,强势,53.01,-0.64,2.71,0,2026-04-15,common_index_cache,0.01,-0.97,-1.22,0.81,3.25,5.0,10.72,0.97
2026-04-15,600276,恒瑞医药,50,39911.0,10jqka,post_close,2026-04-15 15:00:00,2026-04-15,1,1,,,ok,2026-04-15,57.94,57.73,58.45,57.04,1029480.0,2.76,1.17,0.49,0.489,1.62,1.95,1.61,3.6,-12.3,0.362,False,False,0.0,30.0,不推送,False,人气Top50；温和放量；站上20日线且不过热,-,不主动推送。,v2,强势,53.01,-0.64,2.71,0,2026-04-15,common_index_cache,0.01,-0.97,-1.22,0.81,3.25,5.0,3.4,-2.22
2026-04-15,300204,舒泰神,51,39557.0,10jqka,post_close,2026-04-15 15:00:00,2026-04-15,1,1,,,ok,2026-04-15,31.88,32.39,34.0,30.31,890622.0,3.58,12.0,6.58,0.564,1.69,7.38,5.0,15.29,-7.4,0.436,False,False,0.0,42.0,不推送,False,当日上涨；温和放量；近5日趋势升温；站上20日线且不过热,-,不主动推送。,v2,强势,53.01,-0.64,2.71,0,2026-04-15,common_index_cache,0.01,-0.97,-1.22,0.81,3.25,5.0,4.22,3.87
2026-04-15,600110,诺德股份,52,38977.0,10jqka,post_close,2026-04-15 15:00:00,2026-04-10,4,4,70.0,18.0,ok,2026-04-15,10.37,10.25,10.88,10.2,2150756.0,-1.16,3.74,4.38,0.074,0.75,0.79,5.16,14.56,-5.79,0.75,False,False,0.0,0.0,不推送,False,站上20日线且不过热；连续上榜确认；人气排名明显上升,当日转弱；收盘承接偏弱,不主动推送。,v2,强势,53.01,-0.64,2.71,0,2026-04-15,common_index_cache,0.01,-0.97,-1.22,0.81,3.25,5.0,-0.52,1.67
2026-04-15,601899,紫金矿业,53,38946.0,10jqka,post_close,2026-04-15 15:00:00,2026-04-10,4,4,59.0,6.0,ok,2026-04-15,35.75,34.91,36.0,34.81,2991792.0,0.32,3.44,0.84,0.084,1.12,2.06,3.21,5.28,-22.32,0.21,False,False,0.0,18.0,不推送,False,温和放量；站上20日线且不过热；连续上榜确认,收盘承接偏弱,不主动推送。,v2,强势,53.01,-0.64,2.71,0,2026-04-15,common_index_cache,0.01,-0.97,-1.22,0.81,3.25,5.0,0.96,-1.87
2026-04-15,000815,美利云,54,38863.0,10jqka,post_close,2026-04-15 15:00:00,2026-04-13,3,3,88.0,34.0,ok,2026-04-15,20.87,20.19,20.88,20.02,1112132.0,-3.44,5.27,-0.59,0.198,0.76,0.3,1.08,1.95,-10.74,0.012,False,False,0.0,0.0,不推送,False,站上20日线且不过热；连续上榜确认；人气排名明显上升,当日转弱；收盘承接偏弱；近5日趋势未确认,不主动推送。,v2,强势,53.01,-0.64,2.71,0,2026-04-15,common_index_cache,0.01,-0.97,-1.22,0.81,3.25,5.0,-2.8,-3.3
2026-04-15,601778,晶科科技,55,37242.0,10jqka,post_close,2026-04-15 15:00:00,2026-04-14,2,2,21.0,-34.0,ok,2026-04-15,6.02,6.05,6.14,5.78,6052616.0,0.33,19.8,18.86,0.75,2.2,9.25,15.81,13.73,-5.17,0.25,False,False,0.0,42.0,不推送,False,收盘承接较强；放量仍可控；近5日趋势升温；站上20日线且不过热；连续上榜确认,人气排名明显回落,不主动推送。,v2,强势,53.01,-0.64,2.71,0,2026-04-15,common_index_cache,0.01,-0.97,-1.22,0.81,3.25,5.0,0.97,16.15
2026-04-15,000950,重药控股,56,37094.0,10jqka,post_close,2026-04-15 15:00:00,2026-04-15,1,1,,,ok,2026-04-15,6.08,6.35,6.49,6.0,1557847.0,5.83,4.44,-3.79,0.714,1.12,4.06,-0.44,6.73,-14.3,0.286,False,False,0.0,26.0,不推送,False,当日上涨；温和放量；站上20日线且不过热,近5日趋势未确认,不主动推送。,v2,强势,53.01,-0.64,2.71,0,2026-04-15,common_index_cache,0.01,-0.97,-1.22,0.81,3.25,5.0,6.47,-6.5
2026-04-15,300274,阳光电源,57,36767.0,10jqka,post_close,2026-04-15 15:00:00,2026-04-10,4,4,52.0,-5.0,ok,2026-04-15,138.9,133.89,139.34,133.05,903080.0,-3.99,2.37,5.43,0.134,1.04,1.1,3.27,-8.9,-26.43,0.07,False,False,0.0,4.0,不推送,False,温和放量；近5日趋势升温；连续上榜确认,当日转弱；收盘承接偏弱；仍在20日线下方,不主动推送。,v2,强势,53.01,-0.64,2.71,0,2026-04-15,common_index_cache,0.01,-0.97,-1.22,0.81,3.25,5.0,-3.35,2.72
2026-04-15,002475,立讯精密,58,36580.0,10jqka,post_close,2026-04-15 15:00:00,2026-04-10,4,4,18.0,-40.0,ok,2026-04-15,59.0,58.78,60.98,58.45,1980038.0,-0.61,1.03,12.45,0.13,0.72,1.42,8.94,14.41,-3.61,0.783,False,False,0.0,2.0,不推送,False,近5日趋势升温；站上20日线且不过热；连续上榜确认,当日转弱；收盘承接偏弱；人气排名明显回落,不主动推送。,v2,强势,53.01,-0.64,2.71,0,2026-04-15,common_index_cache,0.01,-0.97,-1.22,0.81,3.25,5.0,0.03,9.74
2026-04-15,002418,康盛股份,59,36566.0,10jqka,post_close,2026-04-15 15:00:00,2026-04-10,4,4,55.0,-4.0,ok,2026-04-15,5.99,5.5,6.08,5.49,3252718.0,-9.84,-3.34,9.78,0.017,1.7,-4.25,5.2,12.82,-12.56,0.153,False,False,0.0,20.0,不推送,False,温和放量；近5日趋势升温；站上20日线且不过热；连续上榜确认,当日转弱；收盘承接偏弱,不主动推送。,v2,强势,53.01,-0.64,2.71,0,2026-04-15,common_index_cache,0.01,-0.97,-1.22,0.81,3.25,5.0,-9.2,7.07
2026-04-15,600879,航天电子,60,36239.0,10jqka,post_close,2026-04-15 15:00:00,2026-04-14,2,2,96.0,36.0,ok,2026-04-15,22.77,23.2,23.84,22.76,2464532.0,3.07,8.77,7.91,0.407,1.9,5.46,7.8,7.36,-28.04,0.593,False,False,0.0,30.0,不推送,False,当日上涨；放量仍可控；近5日趋势升温；站上20日线且不过热；连续上榜确认；人气排名明显上升,收盘承接偏弱；上影线偏长,不主动推送。,v2,强势,53.01,-0.64,2.71,0,2026-04-15,common_index_cache,0.01,-0.97,-1.22,0.81,3.25,5.0,3.71,5.2
2026-04-15,002990,盛视科技,61,35832.0,10jqka,post_close,2026-04-15 15:00:00,2026-04-14,2,2,57.0,-4.0,ok,2026-04-15,37.96,42.11,42.11,37.38,297255.0,10.01,23.85,29.05,1.0,1.82,15.39,24.35,34.2,0.0,0.0,True,False,0.0,63.0,普通观察,True,当日涨停附近；收在日内高位；放量仍可控；近5日强势延续；连续上榜确认；v2低分涨停修正,短线涨幅偏高；偏离20日线较大,保留在样本池，继续看次日人气和承接。,v2,强势,53.01,-0.64,2.71,0,2026-04-15,common_index_cache,0.01,-0.97,-1.22,0.81,3.25,5.0,10.65,26.34
2026-04-15,600152,维科技术,62,35760.0,10jqka,post_close,2026-04-15 15:00:00,2026-04-14,2,2,39.0,-23.0,ok,2026-04-15,12.4,12.07,13.08,11.78,1883907.0,1.51,22.79,21.06,0.223,2.44,10.84,16.19,18.7,-7.72,0.523,False,False,0.0,14.0,不推送,False,放量仍可控；近5日趋势升温；站上20日线且不过热；连续上榜确认,收盘承接偏弱；人气排名明显回落；上影线偏长,不主动推送。,v2,强势,53.01,-0.64,2.71,0,2026-04-15,common_index_cache,0.01,-0.97,-1.22,0.81,3.25,5.0,2.15,18.35
2026-04-15,300476,胜宏科技,63,34583.0,10jqka,post_close,2026-04-15 15:00:00,2026-04-10,4,4,62.0,-1.0,ok,2026-04-15,310.0,295.44,312.79,292.55,456222.0,-4.08,2.66,4.07,0.143,0.98,0.94,6.19,8.6,-8.77,0.138,False,False,0.0,8.0,不推送,False,温和放量；站上20日线且不过热；连续上榜确认,当日转弱；收盘承接偏弱,不主动推送。,v2,强势,53.01,-0.64,2.71,0,2026-04-15,common_index_cache,0.01,-0.97,-1.22,0.81,3.25,5.0,-3.44,1.36
2026-04-15,601869,长飞光纤,64,33676.0,10jqka,post_close,2026-04-15 15:00:00,2026-04-10,4,4,60.0,-4.0,ok,2026-04-15,360.12,358.61,371.8,352.0,170899.0,-1.62,-6.7,-0.96,0.334,0.79,-4.37,-0.03,17.59,-9.97,0.59,False,False,0.0,0.0,不推送,False,站上20日线且不过热；连续上榜确认,当日转弱；收盘承接偏弱；近5日趋势未确认,不主动推送。,v2,强势,53.01,-0.64,2.71,0,2026-04-15,common_index_cache,0.01,-0.97,-1.22,0.81,3.25,5.0,-0.98,-3.67
2026-04-15,600498,烽火通信,65,33300.0,10jqka,post_close,2026-04-15 15:00:00,2026-04-10,3,1,62.0,-3.0,ok,2026-04-15,50.7,48.48,51.26,47.6,881073.0,-4.53,-7.48,-5.4,0.24,0.75,-5.6,-3.56,0.57,-21.53,0.153,False,False,0.0,0.0,不推送,False,站上20日线且不过热,当日转弱；收盘承接偏弱；近5日趋势未确认,不主动推送。,v2,强势,53.01,-0.64,2.71,0,2026-04-15,common_index_cache,0.01,-0.97,-1.22,0.81,3.25,5.0,-3.89,-8.11
2026-04-15,002309,中利集团,66,33171.0,10jqka,post_close,2026-04-15 15:00:00,2026-04-10,4,4,58.0,-8.0,ok,2026-04-15,4.16,4.03,4.23,4.02,3980057.0,-4.95,-8.41,-19.88,0.048,0.69,-7.91,-13.67,-10.55,-25.78,0.333,False,False,0.0,0.0,不推送,False,连续上榜确认,当日转弱；收盘承接偏弱；近5日趋势未确认；仍在20日线下方,不主动推送。,v2,强势,53.01,-0.64,2.71,0,2026-04-15,common_index_cache,0.01,-0.97,-1.22,0.81,3.25,5.0,-4.31,-22.59
2026-04-15,002709,天赐材料,67,32562.0,10jqka,post_close,2026-04-15 15:00:00,2026-04-10,4,4,20.0,-47.0,ok,2026-04-15,49.05,47.7,49.69,47.17,1240710.0,-3.34,2.1,6.76,0.21,1.12,1.89,4.77,6.38,-6.47,0.254,False,False,0.0,16.0,不推送,False,温和放量；近5日趋势升温；站上20日线且不过热；连续上榜确认,当日转弱；收盘承接偏弱；人气排名明显回落,不主动推送。,v2,强势,53.01,-0.64,2.71,0,2026-04-15,common_index_cache,0.01,-0.97,-1.22,0.81,3.25,5.0,-2.7,4.05
2026-04-15,002471,中超控股,68,31883.0,10jqka,post_close,2026-04-15 15:00:00,2026-04-15,1,1,,,ok,2026-04-15,8.77,9.09,9.22,8.72,2751201.0,3.53,3.18,0.89,0.74,1.34,2.3,2.38,4.97,-16.38,0.26,False,False,0.0,30.0,不推送,False,当日上涨；温和放量；站上20日线且不过热,-,不主动推送。,v2,强势,53.01,-0.64,2.71,0,2026-04-15,common_index_cache,0.01,-0.97,-1.22,0.81,3.25,5.0,4.17,-1.82
2026-04-15,002263,大东南,69,31200.0,10jqka,post_close,2026-04-15 15:00:00,2026-04-10,4,4,77.0,8.0,ok,2026-04-15,4.9,4.7,5.05,4.65,3674529.0,-4.86,-4.08,-0.21,0.125,0.78,-2.0,-0.61,12.15,-9.27,0.375,False,False,0.0,0.0,不推送,False,站上20日线且不过热；连续上榜确认,当日转弱；收盘承接偏弱；近5日趋势未确认,不主动推送。,v2,强势,53.01,-0.64,2.71,0,2026-04-15,common_index_cache,0.01,-0.97,-1.22,0.81,3.25,5.0,-4.22,-2.92
2026-04-15,000657,中钨高新,70,30933.0,10jqka,post_close,2026-04-15 15:00:00,2026-04-15,1,1,,,ok,2026-04-15,50.96,47.18,51.01,46.8,1200172.0,-5.53,-3.67,-4.59,0.09,1.58,-3.16,-2.12,-3.44,-34.01,0.012,False,False,0.0,0.0,不推送,False,温和放量,当日转弱；收盘承接偏弱；近5日趋势未确认,不主动推送。,v2,强势,53.01,-0.64,2.71,0,2026-04-15,common_index_cache,0.01,-0.97,-1.22,0.81,3.25,5.0,-4.89,-7.3
2026-04-15,002594,比亚迪,71,30920.0,10jqka,post_close,2026-04-15 15:00:00,2026-04-10,4,4,44.0,-27.0,ok,2026-04-15,103.82,103.03,104.77,102.5,428719.0,-0.76,1.34,1.79,0.233,0.78,0.65,1.58,-0.07,-7.86,0.419,False,False,0.0,0.0,不推送,False,连续上榜确认,当日转弱；收盘承接偏弱；人气排名明显回落,不主动推送。,v2,强势,53.01,-0.64,2.71,0,2026-04-15,common_index_cache,0.01,-0.97,-1.22,0.81,3.25,5.0,-0.12,-0.92
2026-04-15,301408,华人健康,72,30836.0,10jqka,post_close,2026-04-15 15:00:00,2026-04-15,1,1,,,ok,2026-04-15,17.63,20.78,20.78,17.63,650998.0,19.98,14.74,3.23,1.0,1.89,12.19,10.07,15.66,-30.17,0.0,True,False,0.0,54.0,不推送,False,当日涨停附近；收在日内高位；放量仍可控；站上20日线且不过热,-,不主动推送。,v2,强势,53.01,-0.64,2.71,0,2026-04-15,common_index_cache,0.01,-0.97,-1.22,0.81,3.25,5.0,20.62,0.52
2026-04-15,603986,兆易创新,73,30834.0,10jqka,post_close,2026-04-15 15:00:00,2026-04-10,4,4,42.0,-31.0,ok,2026-04-15,285.0,274.0,287.65,271.98,396973.0,-2.15,3.36,7.05,0.129,0.76,2.87,5.86,2.74,-17.26,0.169,False,False,0.0,2.0,不推送,False,近5日趋势升温；站上20日线且不过热；连续上榜确认,当日转弱；收盘承接偏弱；人气排名明显回落,不主动推送。,v2,强势,53.01,-0.64,2.71,0,2026-04-15,common_index_cache,0.01,-0.97,-1.22,0.81,3.25,5.0,-1.51,4.34
2026-04-15,002015,协鑫能科,74,30813.0,10jqka,post_close,2026-04-15 15:00:00,2026-04-15,1,1,,,ok,2026-04-15,17.81,17.8,18.25,17.33,2031133.0,0.85,2.53,-0.61,0.511,1.39,1.45,2.99,-1.66,-22.58,0.478,False,False,0.0,4.0,不推送,False,温和放量,近5日趋势未确认；上影线偏长,不主动推送。,v2,强势,53.01,-0.64,2.71,0,2026-04-15,common_index_cache,0.01,-0.97,-1.22,0.81,3.25,5.0,1.49,-3.32
2026-04-15,300394,天孚通信,75,30371.0,10jqka,post_close,2026-04-15 15:00:00,2026-04-15,1,1,,,ok,2026-04-15,345.84,330.66,347.99,327.5,415124.0,-4.39,-7.87,-1.88,0.154,0.92,-4.62,-2.1,2.1,-14.98,0.105,False,False,0.0,0.0,不推送,False,温和放量；站上20日线且不过热,当日转弱；收盘承接偏弱；近5日趋势未确认,不主动推送。,v2,强势,53.01,-0.64,2.71,0,2026-04-15,common_index_cache,0.01,-0.97,-1.22,0.81,3.25,5.0,-3.75,-4.59
2026-04-15,002491,通鼎互联,76,30240.0,10jqka,post_close,2026-04-15 15:00:00,2026-04-10,3,1,38.0,-38.0,ok,2026-04-15,15.02,14.2,15.5,14.1,2140452.0,-5.9,-2.67,-6.58,0.071,0.83,-5.13,1.15,14.35,-14.77,0.343,False,False,0.0,0.0,不推送,False,温和放量；站上20日线且不过热,当日转弱；收盘承接偏弱；近5日趋势未确认；人气排名明显回落,不主动推送。,v2,强势,53.01,-0.64,2.71,0,2026-04-15,common_index_cache,0.01,-0.97,-1.22,0.81,3.25,5.0,-5.26,-9.29
2026-04-15,600172,黄河旋风,77,30213.0,10jqka,post_close,2026-04-15 15:00:00,2026-04-15,1,1,,,ok,2026-04-15,9.1,8.75,9.27,8.62,1546160.0,-0.34,3.67,4.42,0.2,1.19,2.36,5.89,6.49,-24.5,0.262,False,False,0.0,0.0,不推送,False,温和放量；站上20日线且不过热,当日转弱；收盘承接偏弱,不主动推送。,v2,强势,53.01,-0.64,2.71,0,2026-04-15,common_index_cache,0.01,-0.97,-1.22,0.81,3.25,5.0,0.3,1.71
2026-04-15,002837,英维克,78,30054.0,10jqka,post_close,2026-04-15 15:00:00,2026-04-10,4,4,46.0,-32.0,ok,2026-04-15,110.01,105.31,110.09,104.36,590692.0,-4.08,6.32,15.09,0.166,1.02,3.22,12.03,10.07,-9.61,0.014,False,False,0.0,16.0,不推送,False,温和放量；近5日趋势升温；站上20日线且不过热；连续上榜确认,当日转弱；收盘承接偏弱；人气排名明显回落,不主动推送。,v2,强势,53.01,-0.64,2.71,0,2026-04-15,common_index_cache,0.01,-0.97,-1.22,0.81,3.25,5.0,-3.44,12.38
2026-04-15,002124,天邦食品,79,29898.0,10jqka,post_close,2026-04-15 15:00:00,2026-04-13,3,3,27.0,-52.0,ok,2026-04-15,2.99,3.14,3.14,2.9,3894178.0,10.18,33.62,30.83,1.0,5.17,18.31,25.2,27.8,0.0,0.0,True,False,0.0,49.0,不推送,False,当日涨停附近；收在日内高位；近5日强势延续；站上20日线且不过热；连续上榜确认；v2低分涨停修正,放量过猛；短线涨幅偏高；人气排名明显回落,不主动推送。,v2,强势,53.01,-0.64,2.71,0,2026-04-15,common_index_cache,0.01,-0.97,-1.22,0.81,3.25,5.0,10.82,28.12
2026-04-15,301396,宏景科技,80,29843.0,10jqka,post_close,2026-04-15 15:00:00,2026-04-15,1,1,,,ok,2026-04-15,222.0,241.18,252.88,222.0,164370.0,8.31,21.81,26.11,0.621,1.04,13.78,24.87,36.56,-4.63,0.379,False,False,0.0,33.0,不推送,False,当日强涨；温和放量；近5日强势延续,短线涨幅偏高；偏离20日线较大,不主动推送。,v2,强势,53.01,-0.64,2.71,0,2026-04-15,common_index_cache,0.01,-0.97,-1.22,0.81,3.25,5.0,8.95,23.4
2026-04-15,603993,洛阳钼业,81,29609.0,10jqka,post_close,2026-04-15 15:00:00,2026-04-15,1,1,,,ok,2026-04-15,20.0,19.97,20.6,19.88,3604310.0,2.1,5.33,4.34,0.125,1.3,3.5,6.97,10.06,-30.61,0.833,False,False,0.0,4.0,不推送,False,温和放量；站上20日线且不过热,收盘承接偏弱；上影线偏长,不主动推送。,v2,强势,53.01,-0.64,2.71,0,2026-04-15,common_index_cache,0.01,-0.97,-1.22,0.81,3.25,5.0,2.74,1.63
2026-04-15,603127,昭衍新药,82,29468.0,10jqka,post_close,2026-04-15 15:00:00,2026-04-15,1,1,,,ok,2026-04-15,38.88,39.27,39.97,36.68,562230.0,2.32,2.59,9.24,0.787,1.4,3.74,5.91,18.58,-14.54,0.213,False,False,0.0,44.0,不推送,False,收盘承接较强；温和放量；近5日趋势升温；站上20日线且不过热,-,不主动推送。,v2,强势,53.01,-0.64,2.71,0,2026-04-15,common_index_cache,0.01,-0.97,-1.22,0.81,3.25,5.0,2.96,6.53
2026-04-15,002038,双鹭药业,83,29315.0,10jqka,post_close,2026-04-15 15:00:00,2026-04-15,1,1,,,ok,2026-04-15,7.5,8.07,8.07,7.23,1421984.0,9.95,7.03,2.41,1.0,1.07,7.54,1.77,13.55,-14.15,0.0,True,False,0.0,60.0,普通观察,True,当日涨停附近；收在日内高位；温和放量；站上20日线且不过热,-,保留在样本池，继续看次日人气和承接。,v2,强势,53.01,-0.64,2.71,0,2026-04-15,common_index_cache,0.01,-0.97,-1.22,0.81,3.25,5.0,10.59,-0.3
2026-04-15,002261,拓维信息,84,29287.0,10jqka,post_close,2026-04-15 15:00:00,2026-04-15,1,1,,,ok,2026-04-15,36.75,36.4,37.29,36.09,1006661.0,-0.25,1.7,0.55,0.258,1.06,0.8,3.17,2.83,-17.39,0.45,False,False,0.0,0.0,不推送,False,温和放量；站上20日线且不过热,当日转弱；收盘承接偏弱,不主动推送。,v2,强势,53.01,-0.64,2.71,0,2026-04-15,common_index_cache,0.01,-0.97,-1.22,0.81,3.25,5.0,0.39,-2.16
2026-04-15,600487,亨通光电,85,29134.0,10jqka,post_close,2026-04-15 15:00:00,2026-04-10,4,4,91.0,6.0,ok,2026-04-15,52.86,52.13,53.99,51.73,1301525.0,-1.03,-6.88,-10.98,0.177,0.68,-4.81,-5.98,1.98,-15.24,0.5,False,False,0.0,0.0,不推送,False,站上20日线且不过热；连续上榜确认,当日转弱；收盘承接偏弱；近5日趋势未确认,不主动推送。,v2,强势,53.01,-0.64,2.71,0,2026-04-15,common_index_cache,0.01,-0.97,-1.22,0.81,3.25,5.0,-0.39,-13.69
2026-04-15,002506,协鑫集成,86,29054.0,10jqka,post_close,2026-04-15 15:00:00,2026-04-13,3,3,89.0,3.0,ok,2026-04-15,4.45,4.37,4.56,4.35,4790407.0,-1.35,-1.58,-3.32,0.095,0.91,-1.58,-2.13,-11.58,-31.29,0.524,False,False,0.0,0.0,不推送,False,温和放量；连续上榜确认,当日转弱；收盘承接偏弱；近5日趋势未确认；仍在20日线下方,不主动推送。,v2,强势,53.01,-0.64,2.71,0,2026-04-15,common_index_cache,0.01,-0.97,-1.22,0.81,3.25,5.0,-0.71,-6.03
2026-04-15,002536,飞龙股份,87,28912.0,10jqka,post_close,2026-04-15 15:00:00,2026-04-15,1,1,,,ok,2026-04-15,36.01,35.8,36.8,35.71,532702.0,-1.21,4.34,17.34,0.083,0.92,2.45,12.93,15.39,-14.09,0.725,False,False,0.0,12.0,不推送,False,温和放量；近5日趋势升温；站上20日线且不过热,当日转弱；收盘承接偏弱,不主动推送。,v2,强势,53.01,-0.64,2.71,0,2026-04-15,common_index_cache,0.01,-0.97,-1.22,0.81,3.25,5.0,-0.57,14.63
2026-04-15,600664,哈药股份,88,28867.0,10jqka,post_close,2026-04-15 15:00:00,2026-04-14,2,2,37.0,-51.0,ok,2026-04-15,4.28,4.44,4.44,4.01,4572963.0,9.9,18.09,18.72,1.0,2.2,12.92,16.9,23.21,0.0,0.0,True,False,0.0,76.0,重点观察,True,当日涨停附近；收在日内高位；放量仍可控；近5日趋势升温；站上20日线且不过热；连续上榜确认；v2低分涨停修正,人气排名明显回落,只做观察或轻仓试错，等待回落承接和量能不失控。,v2,强势,53.01,-0.64,2.71,0,2026-04-15,common_index_cache,0.01,-0.97,-1.22,0.81,3.25,5.0,10.54,16.01
2026-04-15,300136,信维通信,89,28737.0,10jqka,post_close,2026-04-15 15:00:00,2026-04-15,1,1,,,ok,2026-04-15,68.96,68.5,71.84,67.6,1179854.0,-0.1,7.05,3.98,0.212,1.63,4.25,6.79,7.69,-27.57,0.679,False,False,0.0,0.0,不推送,False,温和放量；站上20日线且不过热,当日转弱；收盘承接偏弱,不主动推送。,v2,强势,53.01,-0.64,2.71,0,2026-04-15,common_index_cache,0.01,-0.97,-1.22,0.81,3.25,5.0,0.54,1.27
2026-04-15,002714,牧原股份,90,28271.0,10jqka,post_close,2026-04-15 15:00:00,2026-04-10,4,4,95.0,5.0,ok,2026-04-15,45.76,46.05,46.38,45.2,501892.0,0.59,7.07,3.86,0.72,1.1,3.34,4.81,2.95,-10.55,0.28,False,False,0.0,30.0,不推送,False,温和放量；站上20日线且不过热；连续上榜确认,-,不主动推送。,v2,强势,53.01,-0.64,2.71,0,2026-04-15,common_index_cache,0.01,-0.97,-1.22,0.81,3.25,5.0,1.23,1.15
2026-04-15,001309,德明利,91,28177.0,10jqka,post_close,2026-04-15 15:00:00,2026-04-10,4,4,32.0,-59.0,ok,2026-04-15,501.2,501.2,520.0,496.0,167001.0,0.11,12.07,27.43,0.217,0.81,7.23,19.54,28.08,-3.62,0.783,False,False,0.0,3.0,不推送,False,温和放量；近5日强势延续；连续上榜确认,收盘承接偏弱；短线涨幅偏高；偏离20日线较大；人气排名明显回落；上影线偏长,不主动推送。,v2,强势,53.01,-0.64,2.71,0,2026-04-15,common_index_cache,0.01,-0.97,-1.22,0.81,3.25,5.0,0.75,24.72
2026-04-15,600594,益佰制药,92,27940.0,10jqka,post_close,2026-04-15 15:00:00,2026-04-15,1,1,,,ok,2026-04-15,4.4,4.76,4.76,4.22,1872961.0,9.93,-1.04,3.48,1.0,1.58,1.8,1.6,12.48,-9.68,0.0,True,False,0.0,60.0,普通观察,True,当日涨停附近；收在日内高位；温和放量；站上20日线且不过热,-,保留在样本池，继续看次日人气和承接。,v2,强势,53.01,-0.64,2.71,0,2026-04-15,common_index_cache,0.01,-0.97,-1.22,0.81,3.25,5.0,10.57,0.77
2026-04-15,600821,金开新能,93,27733.0,10jqka,post_close,2026-04-15 15:00:00,2026-04-15,1,1,,,ok,2026-04-15,8.44,8.84,9.09,8.17,4049416.0,5.62,10.64,6.38,0.728,2.01,6.38,6.28,-5.09,-27.54,0.272,False,False,0.0,20.0,不推送,False,当日上涨；放量仍可控；近5日趋势升温,仍在20日线下方,不主动推送。,v2,强势,53.01,-0.64,2.71,0,2026-04-15,common_index_cache,0.01,-0.97,-1.22,0.81,3.25,5.0,6.26,3.67
2026-04-15,300436,广生堂,94,27593.0,10jqka,post_close,2026-04-15 15:00:00,2026-04-15,1,1,,,ok,2026-04-15,120.0,125.0,129.13,114.12,185836.0,6.25,11.31,6.95,0.725,1.61,7.55,4.82,13.57,-16.11,0.275,False,False,0.0,42.0,不推送,False,当日上涨；温和放量；近5日趋势升温；站上20日线且不过热,-,不主动推送。,v2,强势,53.01,-0.64,2.71,0,2026-04-15,common_index_cache,0.01,-0.97,-1.22,0.81,3.25,5.0,6.89,4.24
2026-04-15,600111,北方稀土,95,27486.0,10jqka,post_close,2026-04-15 15:00:00,2026-04-10,4,4,92.0,-3.0,ok,2026-04-15,50.57,49.4,51.38,49.26,1054618.0,-2.26,-4.54,-4.45,0.066,1.0,-3.45,-1.41,1.9,-22.29,0.382,False,False,0.0,4.0,不推送,False,温和放量；站上20日线且不过热；连续上榜确认,当日转弱；收盘承接偏弱；近5日趋势未确认,不主动推送。,v2,强势,53.01,-0.64,2.71,0,2026-04-15,common_index_cache,0.01,-0.97,-1.22,0.81,3.25,5.0,-1.62,-7.16
2026-04-15,002705,新宝股份,96,27437.0,10jqka,post_close,2026-04-15 15:00:00,2026-04-15,1,1,,,ok,2026-04-15,16.11,17.34,17.34,15.71,497067.0,10.03,12.74,15.14,1.0,2.41,10.42,13.37,18.78,0.0,0.0,True,False,0.0,72.0,普通观察,True,当日涨停附近；收在日内高位；放量仍可控；近5日趋势升温；站上20日线且不过热；v2低分涨停修正,-,保留在样本池，继续看次日人气和承接。,v2,强势,53.01,-0.64,2.71,0,2026-04-15,common_index_cache,0.01,-0.97,-1.22,0.81,3.25,5.0,10.67,12.43
2026-04-15,603083,剑桥科技,97,27289.0,10jqka,post_close,2026-04-15 15:00:00,2026-04-15,1,1,,,ok,2026-04-15,125.51,125.8,132.68,124.02,653477.0,4.29,8.22,12.77,0.206,1.78,5.4,12.3,14.35,-5.19,0.794,False,False,0.0,24.0,不推送,False,当日上涨；温和放量；近5日趋势升温；站上20日线且不过热,收盘承接偏弱；上影线偏长,不主动推送。,v2,强势,53.01,-0.64,2.71,0,2026-04-15,common_index_cache,0.01,-0.97,-1.22,0.81,3.25,5.0,4.93,10.06
2026-04-15,600654,中安科,98,26748.0,10jqka,post_close,2026-04-15 15:00:00,2026-04-10,4,4,71.0,-27.0,ok,2026-04-15,4.5,4.41,4.73,4.38,3885764.0,-2.43,8.09,0.23,0.086,0.83,0.32,8.35,18.56,-8.88,0.657,False,False,0.0,4.0,不推送,False,温和放量；站上20日线且不过热；连续上榜确认,当日转弱；收盘承接偏弱；人气排名明显回落,不主动推送。,v2,强势,53.01,-0.64,2.71,0,2026-04-15,common_index_cache,0.01,-0.97,-1.22,0.81,3.25,5.0,-1.79,-2.48
2026-04-15,002050,三花智控,99,26567.0,10jqka,post_close,2026-04-15 15:00:00,2026-04-15,1,1,,,ok,2026-04-15,46.18,45.11,46.48,44.82,923334.0,-0.94,0.53,1.87,0.175,1.1,0.8,2.97,3.04,-25.77,0.181,False,False,0.0,0.0,不推送,False,温和放量；站上20日线且不过热,当日转弱；收盘承接偏弱,不主动推送。,v2,强势,53.01,-0.64,2.71,0,2026-04-15,common_index_cache,0.01,-0.97,-1.22,0.81,3.25,5.0,-0.3,-0.84
2026-04-15,002498,汉缆股份,100,26353.0,10jqka,post_close,2026-04-15 15:00:00,2026-04-15,1,1,,,ok,2026-04-15,7.78,8.5,8.5,7.74,1734366.0,9.96,9.54,7.05,1.0,1.78,7.81,7.55,2.26,-22.37,0.0,True,False,0.0,72.0,普通观察,True,当日涨停附近；收在日内高位；温和放量；近5日趋势升温；站上20日线且不过热,-,保留在样本池，继续看次日人气和承接。,v2,强势,53.01,-0.64,2.71,0,2026-04-15,common_index_cache,0.01,-0.97,-1.22,0.81,3.25,5.0,10.6,4.34
2026-04-16,002361,神剑股份,1,52462.0,10jqka,post_close,2026-04-16 15:00:00,2026-04-10,5,5,15.0,14.0,ok,2026-04-16,18.5,19.26,20.39,17.55,4719524.0,3.88,15.33,17.37,0.602,1.61,9.63,13.76,28.29,-5.54,0.398,False,False,0.0,70.0,普通观察,True,人气Top3；当日上涨；温和放量；近5日趋势升温；持续霸榜；人气排名明显上升,偏离20日线较大；热度可能进入后段,保留在样本池，继续看次日人气和承接。,v2,强势,79.86,1.79,5.18,0,2026-04-16,common_index_cache,0.7,2.05,3.17,2.25,5.72,9.12,2.09,12.19
2026-04-16,002580,圣阳股份,2,48278.0,10jqka,post_close,2026-04-16 15:00:00,2026-04-10,5,5,14.0,12.0,ok,2026-04-16,26.57,27.8,27.8,26.26,670389.0,10.01,33.14,61.16,1.0,0.49,19.93,40.85,57.74,0.0,0.0,True,False,0.0,48.0,不推送,False,人气Top3；当日涨停附近；收在日内高位；持续霸榜；人气排名明显上升,量能不足；短线涨幅过热；远离20日线过多；热度可能进入后段,不主动推送。,v2,强势,79.86,1.79,5.18,0,2026-04-16,common_index_cache,0.7,2.05,3.17,2.25,5.72,9.12,8.22,55.98
2026-04-16,603778,国晟科技,3,43448.0,10jqka,post_close,2026-04-16 15:00:00,2026-04-10,5,5,8.0,5.0,ok,2026-04-16,24.13,26.4,28.47,24.13,1754836.0,-1.53,-20.24,-19.61,0.523,2.19,-10.41,-12.47,-3.05,-22.96,0.477,False,False,0.0,28.0,不推送,False,人气Top3；放量仍可控；持续霸榜,当日转弱；近5日趋势未确认；热度可能进入后段,不主动推送。,v2,强势,79.86,1.79,5.18,0,2026-04-16,common_index_cache,0.7,2.05,3.17,2.25,5.72,9.12,-3.32,-24.79
2026-04-16,300750,宁德时代,4,32648.0,10jqka,post_close,2026-04-16 15:00:00,2026-04-10,5,5,31.0,27.0,ok,2026-04-16,434.09,447.07,453.09,426.11,635062.0,5.42,6.39,16.7,0.777,1.59,5.23,10.57,11.44,-1.33,0.223,False,False,0.0,84.0,重点观察,True,人气Top10；当日上涨；收盘承接较强；温和放量；近5日趋势升温；站上20日线且不过热；持续霸榜；人气排名明显上升,热度可能进入后段,只做观察或轻仓试错，等待回落承接和量能不失控。,v2,强势,79.86,1.79,5.18,0,2026-04-16,common_index_cache,0.7,2.05,3.17,2.25,5.72,9.12,3.63,11.52
2026-04-16,301666,大普微,5,31613.0,10jqka,post_close,2026-04-16 15:00:00,2026-04-16,1,1,,,ok,2026-04-16,207.23,244.55,255.0,199.99,219933.0,,,,0.81,,0.0,0.0,0.0,-4.1,0.19,False,False,0.0,42.0,不推送,False,人气Top10；收盘承接较强；站上20日线且不过热,-,不主动推送。,v2,强势,79.86,1.79,5.18,0,2026-04-16,common_index_cache,0.7,2.05,3.17,2.25,5.72,9.12,,
2026-04-16,000889,中嘉博创,6,27625.0,10jqka,post_close,2026-04-16 15:00:00,2026-04-10,5,5,42.0,36.0,ok,2026-04-16,4.57,5.0,5.21,4.38,3382775.0,5.49,27.55,26.58,0.747,1.76,12.01,26.2,36.93,-4.03,0.253,False,False,0.0,57.0,不推送,False,人气Top10；当日上涨；温和放量；近5日强势延续；持续霸榜；人气排名明显上升,短线涨幅偏高；偏离20日线较大；热度可能进入后段,不主动推送。,v2,强势,79.86,1.79,5.18,0,2026-04-16,common_index_cache,0.7,2.05,3.17,2.25,5.72,9.12,3.7,21.4
2026-04-16,002328,新朋股份,7,23509.0,10jqka,post_close,2026-04-16 15:00:00,2026-04-10,5,5,6.0,-1.0,ok,2026-04-16,12.5,13.4,13.58,12.5,1892469.0,7.2,24.54,45.81,0.833,1.2,14.31,34.51,58.97,-1.33,0.167,False,False,0.0,48.0,不推送,False,人气Top10；当日强涨；收盘承接较强；温和放量；持续霸榜,短线涨幅过热；远离20日线过多；热度可能进入后段,不主动推送。,v2,强势,79.86,1.79,5.18,0,2026-04-16,common_index_cache,0.7,2.05,3.17,2.25,5.72,9.12,5.41,40.63
2026-04-16,002131,利欧股份,8,23050.0,10jqka,post_close,2026-04-16 15:00:00,2026-04-10,5,5,39.0,31.0,ok,2026-04-16,7.97,8.05,8.08,7.86,5334604.0,2.94,0.0,0.63,0.864,0.89,0.55,3.5,4.8,-22.6,0.136,False,False,0.0,64.0,普通观察,True,人气Top10；收盘承接较强；温和放量；站上20日线且不过热；持续霸榜；人气排名明显上升,热度可能进入后段,保留在样本池，继续看次日人气和承接。,v2,强势,79.86,1.79,5.18,0,2026-04-16,common_index_cache,0.7,2.05,3.17,2.25,5.72,9.12,1.15,-4.55
2026-04-16,002342,巨力索具,9,22739.0,10jqka,post_close,2026-04-16 15:00:00,2026-04-10,5,5,17.0,8.0,ok,2026-04-16,18.01,18.51,19.68,17.5,2929182.0,1.2,13.28,18.73,0.463,0.99,7.88,19.41,31.5,-13.59,0.537,False,False,0.0,46.0,不推送,False,人气Top10；温和放量；近5日趋势升温；持续霸榜,偏离20日线较大；热度可能进入后段；上影线偏长,不主动推送。,v2,强势,79.86,1.79,5.18,0,2026-04-16,common_index_cache,0.7,2.05,3.17,2.25,5.72,9.12,-0.59,13.55
2026-04-16,300502,新易盛,10,22662.0,10jqka,post_close,2026-04-16 15:00:00,2026-04-10,5,5,33.0,23.0,ok,2026-04-16,497.0,537.5,539.93,496.0,418603.0,8.15,4.83,9.69,0.945,1.06,3.78,8.75,12.79,-0.45,0.055,False,False,0.0,98.0,强推观察,True,人气Top10；当日强涨；收在日内高位；温和放量；近5日趋势升温；站上20日线且不过热；持续霸榜；人气排名明显上升,热度可能进入后段,高风险情绪股：不追一字，优先看分歧承接，跌破5日线或人气退潮就跑。,v2,强势,79.86,1.79,5.18,0,2026-04-16,common_index_cache,0.7,2.05,3.17,2.25,5.72,9.12,6.36,4.51
2026-04-16,300308,中际旭创,11,22401.0,10jqka,post_close,2026-04-16 15:00:00,2026-04-10,5,5,35.0,24.0,ok,2026-04-16,771.37,808.61,809.11,761.35,286570.0,3.67,9.57,16.85,0.99,1.01,5.45,15.2,24.34,-0.06,0.01,False,False,0.0,82.0,重点观察,True,人气Top20；当日上涨；收在日内高位；温和放量；近5日趋势升温；站上20日线且不过热；持续霸榜；人气排名明显上升,热度可能进入后段,只做观察或轻仓试错，等待回落承接和量能不失控。,v2,强势,79.86,1.79,5.18,0,2026-04-16,common_index_cache,0.7,2.05,3.17,2.25,5.72,9.12,1.88,11.67
2026-04-16,601778,晶科科技,12,21977.0,10jqka,post_close,2026-04-16 15:00:00,2026-04-14,3,3,55.0,43.0,ok,2026-04-16,6.25,6.66,6.66,6.2,7491227.0,10.08,21.53,31.1,1.0,2.1,13.77,23.52,23.64,0.0,0.0,True,False,0.0,111.0,强推观察,True,人气Top20；当日涨停附近；收在日内高位；放量仍可控；近5日强势延续；站上20日线且不过热；连续上榜确认；人气排名明显上升；v2强势延续修正；v2连榜升温修正；v2低分涨停修正,短线涨幅偏高,高风险情绪股：不追一字，优先看分歧承接，跌破5日线或人气退潮就跑。,v2,强势,79.86,1.79,5.18,0,2026-04-16,common_index_cache,0.7,2.05,3.17,2.25,5.72,9.12,8.29,25.92
2026-04-16,600666,奥瑞德,13,21820.0,10jqka,post_close,2026-04-16 15:00:00,2026-04-10,5,5,20.0,7.0,ok,2026-04-16,6.25,6.85,6.85,6.24,5720820.0,9.95,6.7,4.42,1.0,0.96,6.1,8.21,17.26,-4.2,0.0,True,False,0.0,80.0,重点观察,True,人气Top20；当日涨停附近；收在日内高位；温和放量；站上20日线且不过热；持续霸榜,热度可能进入后段,只做观察或轻仓试错，等待回落承接和量能不失控。,v2,强势,79.86,1.79,5.18,0,2026-04-16,common_index_cache,0.7,2.05,3.17,2.25,5.72,9.12,8.16,-0.76
2026-04-16,603687,大胜达,14,21329.0,10jqka,post_close,2026-04-16 15:00:00,2026-04-16,1,1,,,ok,2026-04-16,19.0,19.84,19.84,18.66,1582411.0,9.98,16.77,9.25,1.0,2.29,12.68,16.02,23.78,0.0,0.0,True,False,0.0,98.0,强推观察,True,人气Top20；当日涨停附近；收在日内高位；放量仍可控；近5日趋势升温；站上20日线且不过热；首次上榜即强势；v2强势延续修正,-,高风险情绪股：不追一字，优先看分歧承接，跌破5日线或人气退潮就跑。,v2,强势,79.86,1.79,5.18,0,2026-04-16,common_index_cache,0.7,2.05,3.17,2.25,5.72,9.12,8.19,4.07
2026-04-16,600410,华胜天成,15,20658.0,10jqka,post_close,2026-04-16 15:00:00,2026-04-10,5,5,48.0,33.0,ok,2026-04-16,27.1,27.99,28.17,26.91,2092139.0,4.13,4.6,2.34,0.857,1.39,2.9,4.79,7.55,-18.42,0.143,False,False,0.0,64.0,普通观察,True,人气Top20；当日上涨；收盘承接较强；温和放量；站上20日线且不过热；持续霸榜；人气排名明显上升,热度可能进入后段,保留在样本池，继续看次日人气和承接。,v2,强势,79.86,1.79,5.18,0,2026-04-16,common_index_cache,0.7,2.05,3.17,2.25,5.72,9.12,2.34,-2.84
2026-04-16,603629,利通电子,16,18271.0,10jqka,post_close,2026-04-16 15:00:00,2026-04-13,4,4,18.0,2.0,ok,2026-04-16,87.95,95.85,96.75,87.95,555692.0,8.98,31.88,28.45,0.898,1.39,17.14,29.91,39.99,-0.93,0.102,False,False,0.0,67.0,普通观察,True,人气Top20；当日强涨；收盘承接较强；温和放量；近5日强势延续；连续上榜确认,短线涨幅偏高；偏离20日线较大,保留在样本池，继续看次日人气和承接。,v2,强势,79.86,1.79,5.18,0,2026-04-16,common_index_cache,0.7,2.05,3.17,2.25,5.72,9.12,7.19,23.27
2026-04-16,002491,通鼎互联,17,17802.0,10jqka,post_close,2026-04-16 15:00:00,2026-04-10,4,2,76.0,59.0,ok,2026-04-16,13.95,15.62,15.62,13.73,2606339.0,10.0,5.4,-3.22,1.0,0.91,5.09,8.44,23.29,-6.24,0.0,True,False,0.0,84.0,重点观察,True,人气Top20；当日涨停附近；收在日内高位；温和放量；站上20日线且不过热；连续上榜确认；人气排名明显上升,近5日趋势未确认,只做观察或轻仓试错，等待回落承接和量能不失控。,v2,强势,79.86,1.79,5.18,0,2026-04-16,common_index_cache,0.7,2.05,3.17,2.25,5.72,9.12,8.21,-8.4
2026-04-16,300433,蓝思科技,18,16384.0,10jqka,post_close,2026-04-16 15:00:00,2026-04-16,1,1,,,ok,2026-04-16,26.99,25.64,27.18,24.94,2448675.0,-13.35,-13.7,-13.58,0.312,3.03,-11.72,-11.14,-10.89,-39.81,0.085,False,False,0.0,0.0,不推送,False,人气Top20,当日转弱；收盘承接偏弱；近5日趋势未确认；仍在20日线下方,不主动推送。,v2,强势,79.86,1.79,5.18,0,2026-04-16,common_index_cache,0.7,2.05,3.17,2.25,5.72,9.12,-15.14,-18.76
2026-04-16,000070,特发信息,19,16249.0,10jqka,post_close,2026-04-16 15:00:00,2026-04-10,3,2,46.0,27.0,ok,2026-04-16,18.61,20.77,20.77,18.41,2125485.0,10.01,-1.56,-0.53,1.0,1.22,3.04,5.52,17.27,-4.42,0.0,True,False,0.0,84.0,重点观察,True,人气Top20；当日涨停附近；收在日内高位；温和放量；站上20日线且不过热；连续上榜确认；人气排名明显上升,近5日趋势未确认,只做观察或轻仓试错，等待回落承接和量能不失控。,v2,强势,79.86,1.79,5.18,0,2026-04-16,common_index_cache,0.7,2.05,3.17,2.25,5.72,9.12,8.22,-5.71
2026-04-16,600396,华电辽能,20,16248.0,10jqka,post_close,2026-04-16 15:00:00,2026-04-10,5,5,11.0,-9.0,ok,2026-04-16,7.68,7.29,7.75,7.25,2781496.0,-9.44,-0.14,2.1,0.08,1.02,-2.31,-1.58,-3.23,-23.18,0.14,False,False,0.0,12.0,不推送,False,人气Top20；温和放量；持续霸榜,当日转弱；收盘承接偏弱；热度可能进入后段,不主动推送。,v2,强势,79.86,1.79,5.18,0,2026-04-16,common_index_cache,0.7,2.05,3.17,2.25,5.72,9.12,-11.23,-3.08
2026-04-16,301396,宏景科技,21,16091.0,10jqka,post_close,2026-04-16 15:00:00,2026-04-15,2,2,80.0,59.0,ok,2026-04-16,248.01,289.42,289.42,248.01,150511.0,20.0,48.65,42.36,1.0,0.97,26.28,41.77,57.97,0.0,0.0,True,False,0.0,65.0,普通观察,True,人气Top50；当日涨停附近；收在日内高位；温和放量；近5日强势延续；连续上榜确认；人气排名明显上升,短线涨幅偏高；远离20日线过多,保留在样本池，继续看次日人气和承接。,v2,强势,79.86,1.79,5.18,0,2026-04-16,common_index_cache,0.7,2.05,3.17,2.25,5.72,9.12,18.21,37.18
2026-04-16,603293,埃泰克,22,15963.0,10jqka,post_close,2026-04-16 15:00:00,2026-04-16,1,1,,,ok,2026-04-16,71.0,71.02,85.2,71.0,252308.0,,,,0.001,,0.0,0.0,0.0,-16.64,0.999,False,False,0.0,4.0,不推送,False,人气Top50；站上20日线且不过热,收盘承接偏弱,不主动推送。,v2,强势,79.86,1.79,5.18,0,2026-04-16,common_index_cache,0.7,2.05,3.17,2.25,5.72,9.12,,
2026-04-16,600664,哈药股份,23,15765.0,10jqka,post_close,2026-04-16 15:00:00,2026-04-14,3,3,88.0,65.0,ok,2026-04-16,4.7,4.4,4.88,4.4,6098333.0,-0.9,19.89,17.33,0.0,2.39,8.32,13.43,20.71,-9.84,0.375,False,False,0.0,26.0,不推送,False,人气Top50；放量仍可控；近5日趋势升温；站上20日线且不过热；连续上榜确认；人气排名明显上升,当日转弱；收盘承接偏弱,不主动推送。,v2,强势,79.86,1.79,5.18,0,2026-04-16,common_index_cache,0.7,2.05,3.17,2.25,5.72,9.12,-2.69,12.15
2026-04-16,002498,汉缆股份,24,15671.0,10jqka,post_close,2026-04-16 15:00:00,2026-04-15,2,2,100.0,76.0,ok,2026-04-16,8.5,8.99,9.15,8.13,4296939.0,5.76,16.75,16.3,0.843,4.07,10.5,12.88,8.36,-17.9,0.157,False,False,0.0,46.0,不推送,False,人气Top50；当日上涨；收盘承接较强；近5日趋势升温；站上20日线且不过热；连续上榜确认；人气排名明显上升,放量过猛,不主动推送。,v2,强势,79.86,1.79,5.18,0,2026-04-16,common_index_cache,0.7,2.05,3.17,2.25,5.72,9.12,3.97,11.12
2026-04-16,002384,东山精密,25,15579.0,10jqka,post_close,2026-04-16 15:00:00,2026-04-10,5,5,36.0,11.0,ok,2026-04-16,145.12,149.55,149.55,144.12,806609.0,2.57,1.85,13.38,1.0,0.78,2.19,14.22,25.55,-0.96,0.0,False,False,0.0,52.0,不推送,False,人气Top50；收在日内高位；近5日趋势升温；站上20日线且不过热；持续霸榜；人气排名明显上升,热度可能进入后段,不主动推送。,v2,强势,79.86,1.79,5.18,0,2026-04-16,common_index_cache,0.7,2.05,3.17,2.25,5.72,9.12,0.78,8.2
2026-04-16,000815,美利云,26,15487.0,10jqka,post_close,2026-04-16 15:00:00,2026-04-13,4,4,54.0,28.0,ok,2026-04-16,20.18,22.21,22.21,20.16,774701.0,10.0,9.52,10.55,1.0,0.56,8.06,10.35,10.84,-1.81,0.0,True,False,0.0,88.0,重点观察,True,人气Top50；当日涨停附近；收在日内高位；近5日趋势升温；站上20日线且不过热；连续上榜确认；人气排名明显上升；v2强势延续修正,-,只做观察或轻仓试错，等待回落承接和量能不失控。,v2,强势,79.86,1.79,5.18,0,2026-04-16,common_index_cache,0.7,2.05,3.17,2.25,5.72,9.12,8.21,5.37
2026-04-16,300058,蓝色光标,27,15123.0,10jqka,post_close,2026-04-16 15:00:00,2026-04-10,5,5,41.0,14.0,ok,2026-04-16,16.85,17.2,17.73,16.82,6067501.0,4.69,3.99,3.24,0.418,1.01,2.47,9.05,14.19,-29.59,0.582,False,False,0.0,28.0,不推送,False,人气Top50；当日上涨；温和放量；站上20日线且不过热；持续霸榜；人气排名明显上升,收盘承接偏弱；热度可能进入后段；上影线偏长,不主动推送。,v2,强势,79.86,1.79,5.18,0,2026-04-16,common_index_cache,0.7,2.05,3.17,2.25,5.72,9.12,2.9,-1.94
2026-04-16,601179,中国西电,28,15048.0,10jqka,post_close,2026-04-16 15:00:00,2026-04-10,3,2,2.0,-26.0,ok,2026-04-16,17.69,17.44,17.69,16.99,3143911.0,-1.47,10.24,10.45,0.643,1.4,4.76,8.73,8.46,-15.54,0.0,False,False,0.0,36.0,不推送,False,人气Top50；温和放量；近5日趋势升温；站上20日线且不过热；连续上榜确认,当日转弱；人气排名明显回落,不主动推送。,v2,强势,79.86,1.79,5.18,0,2026-04-16,common_index_cache,0.7,2.05,3.17,2.25,5.72,9.12,-3.26,5.27
2026-04-16,601138,工业富联,29,14991.0,10jqka,post_close,2026-04-16 15:00:00,2026-04-10,5,5,34.0,5.0,ok,2026-04-16,57.99,59.32,59.99,57.4,1805236.0,2.59,6.5,7.82,0.741,0.97,2.89,6.56,12.19,-7.31,0.259,False,False,0.0,46.0,不推送,False,人气Top50；温和放量；近5日趋势升温；站上20日线且不过热；持续霸榜,热度可能进入后段,不主动推送。,v2,强势,79.86,1.79,5.18,0,2026-04-16,common_index_cache,0.7,2.05,3.17,2.25,5.72,9.12,0.8,2.64
2026-04-16,603459,红板科技,30,14603.0,10jqka,post_close,2026-04-16 15:00:00,2026-04-10,3,1,2.0,-28.0,ok,2026-04-16,70.0,68.69,72.62,64.0,462966.0,0.42,9.34,36.64,0.544,1.05,8.29,13.1,13.1,-5.41,0.304,False,False,0.0,31.0,不推送,False,人气Top50；温和放量；近5日强势延续；站上20日线且不过热,短线涨幅偏高；人气排名明显回落,不主动推送。,v2,强势,79.86,1.79,5.18,0,2026-04-16,common_index_cache,0.7,2.05,3.17,2.25,5.72,9.12,-1.37,31.46
2026-04-16,603799,华友钴业,31,14489.0,10jqka,post_close,2026-04-16 15:00:00,2026-04-16,1,1,,,ok,2026-04-16,63.32,65.91,65.94,63.15,948347.0,5.02,5.57,10.77,0.989,1.09,4.01,7.75,10.45,-19.79,0.011,False,False,0.0,66.0,普通观察,True,人气Top50；当日上涨；收在日内高位；温和放量；近5日趋势升温；站上20日线且不过热,-,保留在样本池，继续看次日人气和承接。,v2,强势,79.86,1.79,5.18,0,2026-04-16,common_index_cache,0.7,2.05,3.17,2.25,5.72,9.12,3.23,5.59
2026-04-16,600089,特变电工,32,14122.0,10jqka,post_close,2026-04-16 15:00:00,2026-04-10,5,5,27.0,-5.0,ok,2026-04-16,27.75,27.95,27.96,27.11,2185682.0,-0.96,3.83,4.56,0.988,1.31,1.52,4.16,2.04,-16.02,0.012,False,False,0.0,40.0,不推送,False,人气Top50；收在日内高位；温和放量；站上20日线且不过热；持续霸榜,当日转弱；热度可能进入后段,不主动推送。,v2,强势,79.86,1.79,5.18,0,2026-04-16,common_index_cache,0.7,2.05,3.17,2.25,5.72,9.12,-2.75,-0.62
2026-04-16,600105,永鼎股份,33,14109.0,10jqka,post_close,2026-04-16 15:00:00,2026-04-10,5,5,1.0,-32.0,ok,2026-04-16,37.5,39.47,40.5,36.41,2004663.0,5.14,1.99,13.94,0.748,0.95,3.33,12.66,27.61,-2.54,0.252,False,False,0.0,50.0,不推送,False,人气Top50；当日上涨；温和放量；近5日趋势升温；站上20日线且不过热；持续霸榜,热度可能进入后段；人气排名明显回落,不主动推送。,v2,强势,79.86,1.79,5.18,0,2026-04-16,common_index_cache,0.7,2.05,3.17,2.25,5.72,9.12,3.35,8.76
2026-04-16,603538,美诺华,34,14036.0,10jqka,post_close,2026-04-16 15:00:00,2026-04-10,5,5,4.0,-30.0,ok,2026-04-16,55.5,56.0,57.29,54.21,657203.0,0.9,16.5,23.08,0.581,0.84,7.64,19.02,38.13,-2.25,0.419,False,False,0.0,32.0,不推送,False,人气Top50；温和放量；近5日趋势升温；持续霸榜,偏离20日线较大；热度可能进入后段；人气排名明显回落,不主动推送。,v2,强势,79.86,1.79,5.18,0,2026-04-16,common_index_cache,0.7,2.05,3.17,2.25,5.72,9.12,-0.89,17.9
2026-04-16,001896,豫能控股,35,13927.0,10jqka,post_close,2026-04-16 15:00:00,2026-04-13,4,4,16.0,-19.0,ok,2026-04-16,16.41,17.06,17.68,15.75,2253632.0,2.96,18.39,33.28,0.679,1.32,11.78,21.8,16.29,-4.59,0.321,False,False,0.0,43.0,不推送,False,人气Top50；温和放量；近5日强势延续；站上20日线且不过热；连续上榜确认,短线涨幅偏高,不主动推送。,v2,强势,79.86,1.79,5.18,0,2026-04-16,common_index_cache,0.7,2.05,3.17,2.25,5.72,9.12,1.17,28.1
2026-04-16,002364,中恒电气,36,13655.0,10jqka,post_close,2026-04-16 15:00:00,2026-04-10,5,5,29.0,-7.0,ok,2026-04-16,44.0,42.8,44.0,41.46,1172638.0,-1.38,10.79,34.04,0.528,2.19,5.71,24.47,36.13,-3.08,0.0,False,False,0.0,13.0,不推送,False,人气Top50；放量仍可控；近5日强势延续；持续霸榜,当日转弱；短线涨幅偏高；偏离20日线较大；热度可能进入后段,不主动推送。,v2,强势,79.86,1.79,5.18,0,2026-04-16,common_index_cache,0.7,2.05,3.17,2.25,5.72,9.12,-3.17,28.86
2026-04-16,600654,中安科,37,13478.0,10jqka,post_close,2026-04-16 15:00:00,2026-04-10,5,5,98.0,61.0,ok,2026-04-16,4.39,4.68,4.76,4.32,4691229.0,6.12,4.23,4.46,0.818,0.95,5.5,11.4,23.94,-3.31,0.182,False,False,0.0,56.0,不推送,False,人气Top50；当日上涨；收盘承接较强；温和放量；站上20日线且不过热；持续霸榜；人气排名明显上升,热度可能进入后段,不主动推送。,v2,强势,79.86,1.79,5.18,0,2026-04-16,common_index_cache,0.7,2.05,3.17,2.25,5.72,9.12,4.33,-0.72
2026-04-16,300857,协创数据,38,13442.0,10jqka,post_close,2026-04-16 15:00:00,2026-04-10,4,3,45.0,7.0,ok,2026-04-16,201.19,227.61,228.99,201.19,337243.0,13.66,53.45,38.08,0.95,1.58,26.07,35.76,40.57,-16.69,0.05,True,False,0.0,71.0,普通观察,True,人气Top50；当日涨停附近；收在日内高位；温和放量；近5日强势延续；连续上榜确认,短线涨幅偏高；偏离20日线较大,保留在样本池，继续看次日人气和承接。,v2,强势,79.86,1.79,5.18,0,2026-04-16,common_index_cache,0.7,2.05,3.17,2.25,5.72,9.12,11.87,32.9
2026-04-16,002297,博云新材,39,13411.0,10jqka,post_close,2026-04-16 15:00:00,2026-04-10,4,1,34.0,-5.0,ok,2026-04-16,16.08,16.08,16.08,15.93,1297767.0,9.99,33.11,44.6,1.0,9.05,19.91,32.1,40.17,0.0,0.0,True,False,0.0,37.0,不推送,False,人气Top50；当日涨停附近；收在日内高位；近5日强势延续,放量过猛；短线涨幅偏高；偏离20日线较大,不主动推送。,v2,强势,79.86,1.79,5.18,0,2026-04-16,common_index_cache,0.7,2.05,3.17,2.25,5.72,9.12,8.2,39.42
2026-04-16,300390,天华新能,40,13282.0,10jqka,post_close,2026-04-16 15:00:00,2026-04-10,4,1,56.0,16.0,ok,2026-04-16,78.69,85.68,88.88,77.36,1062116.0,11.37,6.83,38.19,0.722,1.08,9.24,24.96,38.02,-3.6,0.278,True,False,0.0,51.0,不推送,False,人气Top50；当日涨停附近；温和放量；近5日强势延续；人气排名明显上升,短线涨幅偏高；偏离20日线较大,不主动推送。,v2,强势,79.86,1.79,5.18,0,2026-04-16,common_index_cache,0.7,2.05,3.17,2.25,5.72,9.12,9.58,33.01
2026-04-16,002536,飞龙股份,41,13024.0,10jqka,post_close,2026-04-16 15:00:00,2026-04-15,2,2,87.0,46.0,ok,2026-04-16,35.89,36.01,36.58,35.3,411184.0,0.59,3.45,7.3,0.555,0.65,1.63,11.05,15.8,-13.58,0.445,False,False,0.0,40.0,不推送,False,人气Top50；近5日趋势升温；站上20日线且不过热；连续上榜确认；人气排名明显上升,-,不主动推送。,v2,强势,79.86,1.79,5.18,0,2026-04-16,common_index_cache,0.7,2.05,3.17,2.25,5.72,9.12,-1.2,2.12
2026-04-16,603601,再升科技,42,12830.0,10jqka,post_close,2026-04-16 15:00:00,2026-04-13,3,2,37.0,-5.0,ok,2026-04-16,14.31,15.03,15.7,14.18,2869165.0,4.96,9.55,10.43,0.559,1.37,6.47,7.11,11.73,-5.77,0.441,False,False,0.0,66.0,普通观察,True,人气Top50；当日上涨；温和放量；近5日趋势升温；站上20日线且不过热；连续上榜确认；v2连榜升温修正,-,保留在样本池，继续看次日人气和承接。,v2,强势,79.86,1.79,5.18,0,2026-04-16,common_index_cache,0.7,2.05,3.17,2.25,5.72,9.12,3.17,5.25
2026-04-16,603986,兆易创新,43,12513.0,10jqka,post_close,2026-04-16 15:00:00,2026-04-10,5,5,73.0,30.0,ok,2026-04-16,270.1,286.73,287.0,268.59,409337.0,4.65,9.38,14.47,0.985,0.91,4.8,9.43,8.01,-13.42,0.015,False,False,0.0,74.0,普通观察,True,人气Top50；当日上涨；收在日内高位；温和放量；近5日趋势升温；站上20日线且不过热；持续霸榜；人气排名明显上升,热度可能进入后段,保留在样本池，继续看次日人气和承接。,v2,强势,79.86,1.79,5.18,0,2026-04-16,common_index_cache,0.7,2.05,3.17,2.25,5.72,9.12,2.86,9.29
2026-04-16,002475,立讯精密,44,12366.0,10jqka,post_close,2026-04-16 15:00:00,2026-04-10,5,5,58.0,14.0,ok,2026-04-16,58.76,60.45,60.65,58.0,1996422.0,2.84,3.16,9.73,0.925,0.73,2.41,9.99,16.4,-0.87,0.075,False,False,0.0,52.0,不推送,False,人气Top50；收在日内高位；近5日趋势升温；站上20日线且不过热；持续霸榜；人气排名明显上升,热度可能进入后段,不主动推送。,v2,强势,79.86,1.79,5.18,0,2026-04-16,common_index_cache,0.7,2.05,3.17,2.25,5.72,9.12,1.05,4.55
2026-04-16,000988,华工科技,45,12345.0,10jqka,post_close,2026-04-16 15:00:00,2026-04-10,5,5,9.0,-36.0,ok,2026-04-16,109.9,112.32,113.8,107.85,802533.0,0.02,-10.26,-2.27,0.751,0.67,-4.22,0.31,0.87,-20.57,0.249,False,False,0.0,22.0,不推送,False,人气Top50；收盘承接较强；站上20日线且不过热；持续霸榜,近5日趋势未确认；热度可能进入后段；人气排名明显回落,不主动推送。,v2,强势,79.86,1.79,5.18,0,2026-04-16,common_index_cache,0.7,2.05,3.17,2.25,5.72,9.12,-1.77,-7.45
2026-04-16,600821,金开新能,46,12291.0,10jqka,post_close,2026-04-16 15:00:00,2026-04-15,2,2,93.0,47.0,ok,2026-04-16,8.76,8.86,9.09,8.41,3840059.0,0.23,7.26,9.52,0.662,1.62,4.68,6.75,-4.06,-27.38,0.338,False,False,0.0,46.0,不推送,False,人气Top50；温和放量；近5日趋势升温；连续上榜确认；人气排名明显上升,-,不主动推送。,v2,强势,79.86,1.79,5.18,0,2026-04-16,common_index_cache,0.7,2.05,3.17,2.25,5.72,9.12,-1.56,4.34
2026-04-16,000547,航天发展,47,12227.0,10jqka,post_close,2026-04-16 15:00:00,2026-04-14,3,3,22.0,-25.0,ok,2026-04-16,27.3,27.4,27.79,26.75,1946031.0,-0.98,3.71,2.32,0.625,1.24,1.37,2.14,0.11,-21.94,0.375,False,False,0.0,24.0,不推送,False,人气Top50；温和放量；站上20日线且不过热；连续上榜确认,当日转弱；人气排名明显回落,不主动推送。,v2,强势,79.86,1.79,5.18,0,2026-04-16,common_index_cache,0.7,2.05,3.17,2.25,5.72,9.12,-2.77,-2.86
2026-04-16,002263,大东南,48,11986.0,10jqka,post_close,2026-04-16 15:00:00,2026-04-10,5,5,69.0,21.0,ok,2026-04-16,4.7,5.17,5.17,4.7,2780645.0,10.0,3.61,16.18,1.0,0.61,4.66,7.35,21.11,-0.19,0.0,True,False,0.0,90.0,强推观察,True,人气Top50；当日涨停附近；收在日内高位；近5日趋势升温；站上20日线且不过热；持续霸榜；人气排名明显上升；v2强势延续修正；v2低分涨停修正,热度可能进入后段,高风险情绪股：不追一字，优先看分歧承接，跌破5日线或人气退潮就跑。,v2,强势,79.86,1.79,5.18,0,2026-04-16,common_index_cache,0.7,2.05,3.17,2.25,5.72,9.12,8.21,11.0
2026-04-16,002202,金风科技,49,11886.0,10jqka,post_close,2026-04-16 15:00:00,2026-04-10,5,5,12.0,-37.0,ok,2026-04-16,25.1,24.99,25.2,24.8,1536268.0,-0.12,3.52,4.82,0.475,0.71,1.16,3.13,-3.82,-29.7,0.25,False,False,0.0,0.0,不推送,False,人气Top50；持续霸榜,当日转弱；热度可能进入后段；人气排名明显回落,不主动推送。,v2,强势,79.86,1.79,5.18,0,2026-04-16,common_index_cache,0.7,2.05,3.17,2.25,5.72,9.12,-1.91,-0.36
2026-04-16,002594,比亚迪,50,11823.0,10jqka,post_close,2026-04-16 15:00:00,2026-04-10,5,5,71.0,21.0,ok,2026-04-16,103.28,105.54,105.97,103.28,643661.0,2.44,1.24,6.57,0.84,1.23,1.81,3.76,2.18,-5.62,0.16,False,False,0.0,60.0,普通观察,True,人气Top50；收盘承接较强；温和放量；近5日趋势升温；站上20日线且不过热；持续霸榜；人气排名明显上升,热度可能进入后段,保留在样本池，继续看次日人气和承接。,v2,强势,79.86,1.79,5.18,0,2026-04-16,common_index_cache,0.7,2.05,3.17,2.25,5.72,9.12,0.65,1.39
2026-04-16,002015,协鑫能科,51,11589.0,10jqka,post_close,2026-04-16 15:00:00,2026-04-15,2,2,74.0,23.0,ok,2026-04-16,17.9,18.42,18.82,17.51,2040670.0,3.48,5.2,5.8,0.695,1.47,3.79,5.86,2.32,-19.88,0.305,False,False,0.0,54.0,不推送,False,当日上涨；温和放量；近5日趋势升温；站上20日线且不过热；连续上榜确认；人气排名明显上升,-,不主动推送。,v2,强势,79.86,1.79,5.18,0,2026-04-16,common_index_cache,0.7,2.05,3.17,2.25,5.72,9.12,1.69,0.62
2026-04-16,600875,东方电气,52,11509.0,10jqka,post_close,2026-04-16 15:00:00,2026-04-10,2,1,72.0,20.0,ok,2026-04-16,38.87,42.04,42.04,38.87,1521451.0,9.99,5.84,9.74,1.0,1.52,5.94,9.47,11.82,-7.36,0.0,True,False,0.0,76.0,重点观察,True,当日涨停附近；收在日内高位；温和放量；近5日趋势升温；站上20日线且不过热；人气排名明显上升,-,只做观察或轻仓试错，等待回落承接和量能不失控。,v2,强势,79.86,1.79,5.18,0,2026-04-16,common_index_cache,0.7,2.05,3.17,2.25,5.72,9.12,8.2,4.56
2026-04-16,600186,莲花控股,53,11237.0,10jqka,post_close,2026-04-16 15:00:00,2026-04-15,2,2,21.0,-32.0,ok,2026-04-16,7.54,8.14,8.37,7.54,3288201.0,5.85,9.85,8.97,0.723,1.5,7.13,9.85,13.29,-2.75,0.277,False,False,0.0,46.0,不推送,False,当日上涨；温和放量；近5日趋势升温；站上20日线且不过热；连续上榜确认,人气排名明显回落,不主动推送。,v2,强势,79.86,1.79,5.18,0,2026-04-16,common_index_cache,0.7,2.05,3.17,2.25,5.72,9.12,4.06,3.79
2026-04-16,600743,华远控股,54,11023.0,10jqka,post_close,2026-04-16 15:00:00,2026-04-10,5,5,5.0,-49.0,ok,2026-04-16,2.85,2.65,2.95,2.62,3733605.0,-8.3,-9.25,9.96,0.091,1.96,-7.47,7.81,21.17,-24.93,0.303,False,False,0.0,6.0,不推送,False,放量仍可控；近5日趋势升温；站上20日线且不过热；持续霸榜,当日转弱；收盘承接偏弱；热度可能进入后段；人气排名明显回落,不主动推送。,v2,强势,79.86,1.79,5.18,0,2026-04-16,common_index_cache,0.7,2.05,3.17,2.25,5.72,9.12,-10.09,4.78
2026-04-16,600986,浙文互联,55,10852.0,10jqka,post_close,2026-04-16 15:00:00,2026-04-16,1,1,,,ok,2026-04-16,10.33,10.98,11.24,10.33,2884005.0,7.44,4.67,5.48,0.714,1.55,4.41,8.99,10.75,-33.37,0.286,False,False,0.0,50.0,不推送,False,当日强涨；温和放量；近5日趋势升温；站上20日线且不过热,-,不主动推送。,v2,强势,79.86,1.79,5.18,0,2026-04-16,common_index_cache,0.7,2.05,3.17,2.25,5.72,9.12,5.65,0.3
2026-04-16,600488,津药药业,56,10585.0,10jqka,post_close,2026-04-16 15:00:00,2026-04-10,5,5,3.0,-53.0,ok,2026-04-16,6.54,6.29,6.69,6.16,1955146.0,-8.04,6.43,-11.16,0.245,0.89,-0.73,-6.26,13.53,-25.47,0.283,False,False,0.0,0.0,不推送,False,温和放量；站上20日线且不过热；持续霸榜,当日转弱；收盘承接偏弱；近5日趋势未确认；热度可能进入后段；人气排名明显回落,不主动推送。,v2,强势,79.86,1.79,5.18,0,2026-04-16,common_index_cache,0.7,2.05,3.17,2.25,5.72,9.12,-9.83,-16.34
2026-04-16,002902,铭普光磁,57,10538.0,10jqka,post_close,2026-04-16 15:00:00,2026-04-13,2,1,45.0,-12.0,ok,2026-04-16,29.82,30.62,30.7,28.94,541303.0,2.75,-0.84,6.21,0.955,0.93,2.3,5.88,11.29,-4.16,0.045,False,False,0.0,50.0,不推送,False,收在日内高位；温和放量；近5日趋势升温；站上20日线且不过热,-,不主动推送。,v2,强势,79.86,1.79,5.18,0,2026-04-16,common_index_cache,0.7,2.05,3.17,2.25,5.72,9.12,0.96,1.03
2026-04-16,603220,中贝通信,58,10485.0,10jqka,post_close,2026-04-16 15:00:00,2026-04-16,1,1,,,ok,2026-04-16,28.73,31.93,31.93,28.73,887498.0,9.99,18.35,18.26,1.0,1.97,11.93,16.59,20.69,0.0,0.0,True,False,0.0,72.0,普通观察,True,当日涨停附近；收在日内高位；放量仍可控；近5日趋势升温；站上20日线且不过热；v2低分涨停修正,-,保留在样本池，继续看次日人气和承接。,v2,强势,79.86,1.79,5.18,0,2026-04-16,common_index_cache,0.7,2.05,3.17,2.25,5.72,9.12,8.2,13.08
2026-04-16,300027,华谊兄弟,59,10448.0,10jqka,post_close,2026-04-16 15:00:00,2026-04-16,1,1,,,ok,2026-04-16,2.09,2.09,2.09,2.0,3876682.0,20.11,22.94,37.5,1.0,2.82,17.95,27.21,30.14,-13.99,0.0,True,False,0.0,41.0,不推送,False,当日涨停附近；收在日内高位；近5日强势延续,短线涨幅偏高；偏离20日线较大,不主动推送。,v2,强势,79.86,1.79,5.18,0,2026-04-16,common_index_cache,0.7,2.05,3.17,2.25,5.72,9.12,18.32,32.32
2026-04-16,000657,中钨高新,60,10300.0,10jqka,post_close,2026-04-16 15:00:00,2026-04-15,2,2,70.0,10.0,ok,2026-04-16,47.61,51.9,51.9,45.6,1247225.0,10.0,7.34,5.6,1.0,1.52,5.34,7.0,6.5,-27.41,0.0,True,False,0.0,84.0,重点观察,True,当日涨停附近；收在日内高位；温和放量；近5日趋势升温；站上20日线且不过热；连续上榜确认；人气排名明显上升,-,只做观察或轻仓试错，等待回落承接和量能不失控。,v2,强势,79.86,1.79,5.18,0,2026-04-16,common_index_cache,0.7,2.05,3.17,2.25,5.72,9.12,8.21,0.42
2026-04-16,300088,长信科技,61,10276.0,10jqka,post_close,2026-04-16 15:00:00,2026-04-16,1,1,,,ok,2026-04-16,6.82,7.77,8.17,6.82,7542507.0,14.1,25.32,25.53,0.704,6.32,16.84,22.81,25.17,-4.9,0.296,True,False,0.0,29.0,不推送,False,当日涨停附近；近5日强势延续；站上20日线且不过热；v2低分涨停修正,放量过猛；短线涨幅偏高,不主动推送。,v2,强势,79.86,1.79,5.18,0,2026-04-16,common_index_cache,0.7,2.05,3.17,2.25,5.72,9.12,12.31,20.35
2026-04-16,002033,丽江股份,62,10233.0,10jqka,post_close,2026-04-16 15:00:00,2026-04-16,1,1,,,ok,2026-04-16,9.93,10.93,10.93,9.81,1070901.0,9.96,20.37,21.04,1.0,4.14,13.48,16.94,18.81,0.0,0.0,True,False,0.0,52.0,不推送,False,当日涨停附近；收在日内高位；近5日趋势升温；站上20日线且不过热；v2低分涨停修正,放量过猛,不主动推送。,v2,强势,79.86,1.79,5.18,0,2026-04-16,common_index_cache,0.7,2.05,3.17,2.25,5.72,9.12,8.17,15.86
2026-04-16,002565,顺灏股份,63,10161.0,10jqka,post_close,2026-04-16 15:00:00,2026-04-14,3,3,7.0,-56.0,ok,2026-04-16,17.67,17.75,17.88,17.3,1933390.0,0.28,8.1,3.02,0.776,0.89,3.4,5.86,7.6,-8.51,0.224,False,False,0.0,36.0,不推送,False,收盘承接较强；温和放量；站上20日线且不过热；连续上榜确认,人气排名明显回落,不主动推送。,v2,强势,79.86,1.79,5.18,0,2026-04-16,common_index_cache,0.7,2.05,3.17,2.25,5.72,9.12,-1.51,-2.16
2026-04-16,002008,大族激光,64,10035.0,10jqka,post_close,2026-04-16 15:00:00,2026-04-14,2,1,83.0,19.0,ok,2026-04-16,77.81,86.67,86.67,77.81,502765.0,10.0,14.37,13.5,1.0,1.0,8.2,17.51,27.02,0.0,0.0,True,False,0.0,82.0,重点观察,True,当日涨停附近；收在日内高位；温和放量；近5日趋势升温；站上20日线且不过热；人气排名明显上升；v2低分涨停修正,-,只做观察或轻仓试错，等待回落承接和量能不失控。,v2,强势,79.86,1.79,5.18,0,2026-04-16,common_index_cache,0.7,2.05,3.17,2.25,5.72,9.12,8.21,8.32
2026-04-16,603906,龙蟠科技,65,10028.0,10jqka,post_close,2026-04-16 15:00:00,2026-04-16,1,1,,,ok,2026-04-16,24.1,25.05,25.05,24.1,235643.0,10.01,11.78,13.71,1.0,0.51,7.96,11.1,16.51,0.0,0.0,True,False,0.0,64.0,普通观察,True,当日涨停附近；收在日内高位；近5日趋势升温；站上20日线且不过热；v2低分涨停修正,-,保留在样本池，继续看次日人气和承接。,v2,强势,79.86,1.79,5.18,0,2026-04-16,common_index_cache,0.7,2.05,3.17,2.25,5.72,9.12,8.22,8.53
2026-04-16,000533,顺钠股份,66,9896.0,10jqka,post_close,2026-04-16 15:00:00,2026-04-15,2,2,24.0,-42.0,ok,2026-04-16,15.29,15.69,16.0,14.8,1436267.0,-2.67,6.45,7.91,0.742,1.51,3.1,6.81,2.05,-28.16,0.258,False,False,0.0,28.0,不推送,False,温和放量；近5日趋势升温；站上20日线且不过热；连续上榜确认,当日转弱；人气排名明显回落,不主动推送。,v2,强势,79.86,1.79,5.18,0,2026-04-16,common_index_cache,0.7,2.05,3.17,2.25,5.72,9.12,-4.46,2.73
2026-04-16,600549,厦门钨业,67,9620.0,10jqka,post_close,2026-04-16 15:00:00,2026-04-16,1,1,,,ok,2026-04-16,56.3,61.88,61.88,55.8,991894.0,10.01,6.41,5.98,1.0,1.9,5.41,8.42,9.38,-24.13,0.0,True,False,0.0,66.0,普通观察,True,当日涨停附近；收在日内高位；放量仍可控；近5日趋势升温；站上20日线且不过热,-,保留在样本池，继续看次日人气和承接。,v2,强势,79.86,1.79,5.18,0,2026-04-16,common_index_cache,0.7,2.05,3.17,2.25,5.72,9.12,8.22,0.8
2026-04-16,002560,通达股份,68,9593.0,10jqka,post_close,2026-04-16 15:00:00,2026-04-10,5,5,23.0,-45.0,ok,2026-04-16,13.78,13.91,14.19,13.0,1319070.0,-0.93,-2.59,4.82,0.765,0.88,-0.09,2.76,18.34,-3.2,0.235,False,False,0.0,22.0,不推送,False,收盘承接较强；温和放量；站上20日线且不过热；持续霸榜,当日转弱；热度可能进入后段；人气排名明显回落,不主动推送。,v2,强势,79.86,1.79,5.18,0,2026-04-16,common_index_cache,0.7,2.05,3.17,2.25,5.72,9.12,-2.72,-0.36
2026-04-16,002471,中超控股,69,9570.0,10jqka,post_close,2026-04-16 15:00:00,2026-04-15,2,2,68.0,-1.0,ok,2026-04-16,8.92,9.24,9.29,8.72,2661676.0,1.65,6.21,2.1,0.912,1.26,3.54,3.58,6.38,-15.0,0.088,False,False,0.0,46.0,不推送,False,收在日内高位；温和放量；站上20日线且不过热；连续上榜确认,-,不主动推送。,v2,强势,79.86,1.79,5.18,0,2026-04-16,common_index_cache,0.7,2.05,3.17,2.25,5.72,9.12,-0.14,-3.08
2026-04-16,002929,润建股份,70,9420.0,10jqka,post_close,2026-04-16 15:00:00,2026-04-16,1,1,,,ok,2026-04-16,59.01,65.29,65.29,58.99,283232.0,10.01,14.58,21.72,1.0,1.13,11.33,20.81,26.5,0.0,0.0,True,False,0.0,78.0,重点观察,True,当日涨停附近；收在日内高位；温和放量；近5日趋势升温；站上20日线且不过热；v2低分涨停修正,-,只做观察或轻仓试错，等待回落承接和量能不失控。,v2,强势,79.86,1.79,5.18,0,2026-04-16,common_index_cache,0.7,2.05,3.17,2.25,5.72,9.12,8.22,16.54
2026-04-16,601899,紫金矿业,71,9247.0,10jqka,post_close,2026-04-16 15:00:00,2026-04-10,5,5,53.0,-18.0,ok,2026-04-16,35.0,35.3,35.39,35.0,2009412.0,1.12,4.87,4.13,0.769,0.81,2.37,4.01,6.39,-21.45,0.231,False,False,0.0,36.0,不推送,False,收盘承接较强；温和放量；站上20日线且不过热；持续霸榜,热度可能进入后段,不主动推送。,v2,强势,79.86,1.79,5.18,0,2026-04-16,common_index_cache,0.7,2.05,3.17,2.25,5.72,9.12,-0.67,-1.05
2026-04-16,300394,天孚通信,72,9207.0,10jqka,post_close,2026-04-16 15:00:00,2026-04-15,2,2,75.0,3.0,ok,2026-04-16,328.0,355.57,359.77,325.65,485741.0,7.53,1.3,2.5,0.877,1.1,2.06,4.58,8.91,-8.58,0.123,False,False,0.0,56.0,不推送,False,当日强涨；收盘承接较强；温和放量；站上20日线且不过热；连续上榜确认,-,不主动推送。,v2,强势,79.86,1.79,5.18,0,2026-04-16,common_index_cache,0.7,2.05,3.17,2.25,5.72,9.12,5.74,-2.68
2026-04-16,600111,北方稀土,73,9199.0,10jqka,post_close,2026-04-16 15:00:00,2026-04-10,5,5,95.0,22.0,ok,2026-04-16,49.59,49.39,49.98,49.12,1200725.0,-0.02,-5.64,-4.65,0.314,1.14,-2.55,-1.61,1.84,-22.31,0.453,False,False,0.0,4.0,不推送,False,温和放量；站上20日线且不过热；持续霸榜；人气排名明显上升,当日转弱；收盘承接偏弱；近5日趋势未确认；热度可能进入后段,不主动推送。,v2,强势,79.86,1.79,5.18,0,2026-04-16,common_index_cache,0.7,2.05,3.17,2.25,5.72,9.12,-1.81,-9.83
2026-04-16,601869,长飞光纤,74,9187.0,10jqka,post_close,2026-04-16 15:00:00,2026-04-10,5,5,64.0,-10.0,ok,2026-04-16,350.0,368.52,373.05,346.0,180799.0,2.76,-0.18,-7.48,0.833,0.87,-0.14,1.03,18.02,-7.48,0.167,False,False,0.0,32.0,不推送,False,收盘承接较强；温和放量；站上20日线且不过热；持续霸榜,近5日趋势未确认；热度可能进入后段,不主动推送。,v2,强势,79.86,1.79,5.18,0,2026-04-16,common_index_cache,0.7,2.05,3.17,2.25,5.72,9.12,0.97,-12.66
2026-04-16,002460,赣锋锂业,75,9139.0,10jqka,post_close,2026-04-16 15:00:00,2026-04-10,5,5,26.0,-49.0,ok,2026-04-16,83.33,85.6,86.7,82.36,853823.0,4.17,1.45,5.67,0.747,0.89,0.85,3.62,10.29,-3.25,0.253,False,False,0.0,42.0,不推送,False,当日上涨；温和放量；近5日趋势升温；站上20日线且不过热；持续霸榜,热度可能进入后段；人气排名明显回落,不主动推送。,v2,强势,79.86,1.79,5.18,0,2026-04-16,common_index_cache,0.7,2.05,3.17,2.25,5.72,9.12,2.38,0.49
2026-04-16,002124,天邦食品,76,9017.0,10jqka,post_close,2026-04-16 15:00:00,2026-04-13,4,4,79.0,3.0,ok,2026-04-16,3.06,2.93,3.13,2.83,4801663.0,-6.69,13.13,25.21,0.333,3.28,5.7,14.23,18.31,-6.69,0.233,False,False,0.0,0.0,不推送,False,近5日强势延续；站上20日线且不过热；连续上榜确认,当日转弱；收盘承接偏弱；短线涨幅偏高,不主动推送。,v2,强势,79.86,1.79,5.18,0,2026-04-16,common_index_cache,0.7,2.05,3.17,2.25,5.72,9.12,-8.48,20.03
2026-04-16,300274,阳光电源,77,9008.0,10jqka,post_close,2026-04-16 15:00:00,2026-04-10,5,5,57.0,-20.0,ok,2026-04-16,135.0,133.9,135.88,132.92,650559.0,0.01,-0.25,8.16,0.331,0.73,-0.41,3.32,-7.86,-26.42,0.297,False,False,0.0,0.0,不推送,False,近5日趋势升温；持续霸榜,收盘承接偏弱；仍在20日线下方；热度可能进入后段；人气排名明显回落,不主动推送。,v2,强势,79.86,1.79,5.18,0,2026-04-16,common_index_cache,0.7,2.05,3.17,2.25,5.72,9.12,-1.78,2.98
2026-04-16,002990,盛视科技,78,9000.0,10jqka,post_close,2026-04-16 15:00:00,2026-04-14,3,3,61.0,-17.0,ok,2026-04-16,42.42,46.32,46.32,42.07,239453.0,10.0,33.1,39.18,1.0,1.25,18.46,30.74,43.58,0.0,0.0,True,False,0.0,63.0,普通观察,True,当日涨停附近；收在日内高位；温和放量；近5日强势延续；连续上榜确认,短线涨幅偏高；偏离20日线较大,保留在样本池，继续看次日人气和承接。,v2,强势,79.86,1.79,5.18,0,2026-04-16,common_index_cache,0.7,2.05,3.17,2.25,5.72,9.12,8.21,34.0
2026-04-16,002624,完美世界,79,8955.0,10jqka,post_close,2026-04-16 15:00:00,2026-04-16,1,1,,,ok,2026-04-16,19.25,20.78,21.24,19.07,1215985.0,7.61,6.51,3.59,0.788,1.74,4.9,5.1,10.05,-12.25,0.212,False,False,0.0,48.0,不推送,False,当日强涨；收盘承接较强；温和放量；站上20日线且不过热,-,不主动推送。,v2,强势,79.86,1.79,5.18,0,2026-04-16,common_index_cache,0.7,2.05,3.17,2.25,5.72,9.12,5.82,-1.59
2026-04-16,002792,通宇通讯,80,8605.0,10jqka,post_close,2026-04-16 15:00:00,2026-04-14,2,1,82.0,2.0,ok,2026-04-16,47.49,49.38,50.0,46.56,666900.0,4.75,9.22,4.24,0.82,1.14,4.94,6.01,12.7,-28.43,0.18,False,False,0.0,40.0,不推送,False,当日上涨；收盘承接较强；温和放量；站上20日线且不过热,-,不主动推送。,v2,强势,79.86,1.79,5.18,0,2026-04-16,common_index_cache,0.7,2.05,3.17,2.25,5.72,9.12,2.96,-0.94
2026-04-16,300442,润泽科技,81,8521.0,10jqka,post_close,2026-04-16 15:00:00,2026-04-16,1,1,,,ok,2026-04-16,90.26,95.78,97.98,90.26,765044.0,6.12,7.35,9.73,0.715,1.37,5.61,10.29,11.54,-9.92,0.285,False,False,0.0,42.0,不推送,False,当日上涨；温和放量；近5日趋势升温；站上20日线且不过热,-,不主动推送。,v2,强势,79.86,1.79,5.18,0,2026-04-16,common_index_cache,0.7,2.05,3.17,2.25,5.72,9.12,4.33,4.55
2026-04-16,688521,芯原股份,82,8497.0,10jqka,post_close,2026-04-16 15:00:00,2026-04-16,1,1,,,ok,2026-04-16,252.0,244.7,254.0,219.0,47132397.0,-3.75,2.31,2.71,0.734,2.1,-0.66,2.6,9.69,-15.03,0.057,False,False,0.0,6.0,不推送,False,放量仍可控；站上20日线且不过热,当日转弱,不主动推送。,v2,强势,79.86,1.79,5.18,0,2026-04-16,common_index_cache,0.7,2.05,3.17,2.25,5.72,9.12,-5.54,-2.47
2026-04-16,000592,平潭发展,83,8419.0,10jqka,post_close,2026-04-16 15:00:00,2026-04-10,4,2,13.0,-70.0,ok,2026-04-16,11.17,11.11,11.17,10.94,1806903.0,-1.94,-4.96,-6.72,0.739,0.57,-2.3,-5.37,-2.17,-30.52,0.0,False,False,0.0,0.0,不推送,False,连续上榜确认,当日转弱；近5日趋势未确认；人气排名明显回落,不主动推送。,v2,强势,79.86,1.79,5.18,0,2026-04-16,common_index_cache,0.7,2.05,3.17,2.25,5.72,9.12,-3.73,-11.9
2026-04-16,300798,锦鸡股份,84,8221.0,10jqka,post_close,2026-04-16 15:00:00,2026-04-16,1,1,,,ok,2026-04-16,11.29,13.42,13.42,11.08,816710.0,20.04,33.8,32.87,1.0,1.9,22.16,30.44,34.33,0.0,0.0,True,False,0.0,55.0,不推送,False,当日涨停附近；收在日内高位；放量仍可控；近5日强势延续；v2低分涨停修正,短线涨幅偏高；偏离20日线较大,不主动推送。,v2,强势,79.86,1.79,5.18,0,2026-04-16,common_index_cache,0.7,2.05,3.17,2.25,5.72,9.12,18.25,27.69
2026-04-16,600176,中国巨石,85,8221.0,10jqka,post_close,2026-04-16 15:00:00,2026-04-13,2,1,11.0,-74.0,ok,2026-04-16,32.12,33.0,33.87,31.82,1702501.0,6.11,2.77,17.86,0.576,1.32,4.52,13.35,23.49,-2.57,0.424,False,False,0.0,38.0,不推送,False,当日上涨；温和放量；近5日趋势升温；站上20日线且不过热,人气排名明显回落,不主动推送。,v2,强势,79.86,1.79,5.18,0,2026-04-16,common_index_cache,0.7,2.05,3.17,2.25,5.72,9.12,4.32,12.68
2026-04-16,000973,佛塑科技,86,8207.0,10jqka,post_close,2026-04-16 15:00:00,2026-04-14,3,3,25.0,-61.0,ok,2026-04-16,17.55,17.29,18.01,16.87,1096441.0,-4.58,-10.69,-0.69,0.368,1.36,-5.8,-3.77,-2.26,-16.51,0.404,False,False,0.0,0.0,不推送,False,温和放量；连续上榜确认,当日转弱；收盘承接偏弱；近5日趋势未确认；人气排名明显回落,不主动推送。,v2,强势,79.86,1.79,5.18,0,2026-04-16,common_index_cache,0.7,2.05,3.17,2.25,5.72,9.12,-6.37,-5.87
2026-04-16,600487,亨通光电,87,8204.0,10jqka,post_close,2026-04-16 15:00:00,2026-04-10,5,5,85.0,-2.0,ok,2026-04-16,51.81,53.14,53.44,50.89,1428402.0,1.94,-0.65,-10.75,0.882,0.8,-0.64,-4.36,3.09,-13.59,0.118,False,False,0.0,32.0,不推送,False,收盘承接较强；温和放量；站上20日线且不过热；持续霸榜,近5日趋势未确认；热度可能进入后段,不主动推送。,v2,强势,79.86,1.79,5.18,0,2026-04-16,common_index_cache,0.7,2.05,3.17,2.25,5.72,9.12,0.15,-15.93
2026-04-16,688525,佰维存储,88,8174.0,10jqka,post_close,2026-04-16 15:00:00,2026-04-10,3,1,49.0,-39.0,ok,2026-04-16,273.0,286.8,291.8,271.99,44400802.0,0.49,12.1,26.05,0.748,1.07,5.62,16.9,19.94,-2.52,0.252,False,False,0.0,23.0,不推送,False,温和放量；近5日强势延续；站上20日线且不过热,短线涨幅偏高；人气排名明显回落,不主动推送。,v2,强势,79.86,1.79,5.18,0,2026-04-16,common_index_cache,0.7,2.05,3.17,2.25,5.72,9.12,-1.3,20.87
2026-04-16,001309,德明利,89,8168.0,10jqka,post_close,2026-04-16 15:00:00,2026-04-10,5,5,91.0,2.0,ok,2026-04-16,490.0,516.8,529.98,486.0,167202.0,3.11,7.33,27.11,0.7,0.84,5.58,19.14,29.7,-2.49,0.3,False,False,0.0,29.0,不推送,False,当日上涨；温和放量；近5日强势延续；持续霸榜,短线涨幅偏高；偏离20日线较大；热度可能进入后段,不主动推送。,v2,强势,79.86,1.79,5.18,0,2026-04-16,common_index_cache,0.7,2.05,3.17,2.25,5.72,9.12,1.32,21.93
2026-04-16,002294,信立泰,90,8070.0,10jqka,post_close,2026-04-16 15:00:00,2026-04-16,1,1,,,ok,2026-04-16,66.4,60.54,66.5,60.54,235382.0,-10.0,-2.97,-3.71,0.0,1.96,-4.0,-5.71,-1.89,-14.72,0.017,False,False,0.0,0.0,不推送,False,放量仍可控,当日转弱；收盘承接偏弱；近5日趋势未确认,不主动推送。,v2,强势,79.86,1.79,5.18,0,2026-04-16,common_index_cache,0.7,2.05,3.17,2.25,5.72,9.12,-11.79,-8.89
2026-04-16,600010,包钢股份,91,8058.0,10jqka,post_close,2026-04-16 15:00:00,2026-04-10,4,1,81.0,-10.0,ok,2026-04-16,2.82,2.88,2.88,2.82,9236331.0,2.13,-3.36,0.35,1.0,0.62,0.21,2.35,7.46,-15.54,0.0,False,False,0.0,24.0,不推送,False,收在日内高位；站上20日线且不过热,-,不主动推送。,v2,强势,79.86,1.79,5.18,0,2026-04-16,common_index_cache,0.7,2.05,3.17,2.25,5.72,9.12,0.34,-4.83
2026-04-16,002463,沪电股份,92,7963.0,10jqka,post_close,2026-04-16 15:00:00,2026-04-10,5,5,43.0,-49.0,ok,2026-04-16,92.25,94.4,95.46,91.91,772929.0,1.75,6.46,9.97,0.701,0.78,2.23,9.69,13.03,-4.77,0.299,False,False,0.0,20.0,不推送,False,近5日趋势升温；站上20日线且不过热；持续霸榜,热度可能进入后段；人气排名明显回落,不主动推送。,v2,强势,79.86,1.79,5.18,0,2026-04-16,common_index_cache,0.7,2.05,3.17,2.25,5.72,9.12,-0.04,4.79
2026-04-16,002213,大为股份,93,7912.0,10jqka,post_close,2026-04-16 15:00:00,2026-04-14,2,1,43.0,-50.0,ok,2026-04-16,34.89,38.34,38.34,33.87,433753.0,10.01,10.75,17.93,1.0,0.86,6.64,18.1,23.63,0.0,0.0,True,False,0.0,74.0,普通观察,True,当日涨停附近；收在日内高位；温和放量；近5日趋势升温；站上20日线且不过热；v2低分涨停修正,人气排名明显回落,保留在样本池，继续看次日人气和承接。,v2,强势,79.86,1.79,5.18,0,2026-04-16,common_index_cache,0.7,2.05,3.17,2.25,5.72,9.12,8.22,12.75
2026-04-16,002261,拓维信息,94,7846.0,10jqka,post_close,2026-04-16 15:00:00,2026-04-15,2,2,84.0,-10.0,ok,2026-04-16,36.6,37.12,37.44,36.4,1142697.0,1.98,3.14,3.46,0.692,1.3,2.1,4.65,5.13,-15.75,0.308,False,False,0.0,30.0,不推送,False,温和放量；站上20日线且不过热；连续上榜确认,-,不主动推送。,v2,强势,79.86,1.79,5.18,0,2026-04-16,common_index_cache,0.7,2.05,3.17,2.25,5.72,9.12,0.19,-1.72
2026-04-16,300738,奥飞数据,95,7844.0,10jqka,post_close,2026-04-16 15:00:00,2026-04-16,1,1,,,ok,2026-04-16,23.6,25.94,25.97,23.52,1572379.0,10.85,12.59,14.53,0.988,2.44,9.42,14.21,15.57,-4.84,0.012,True,False,0.0,72.0,普通观察,True,当日涨停附近；收在日内高位；放量仍可控；近5日趋势升温；站上20日线且不过热；v2低分涨停修正,-,保留在样本池，继续看次日人气和承接。,v2,强势,79.86,1.79,5.18,0,2026-04-16,common_index_cache,0.7,2.05,3.17,2.25,5.72,9.12,9.06,9.35
2026-04-16,600110,诺德股份,96,7627.0,10jqka,post_close,2026-04-16 15:00:00,2026-04-10,5,5,52.0,-44.0,ok,2026-04-16,10.32,10.05,10.39,9.93,1982175.0,-1.95,-1.37,-1.08,0.261,0.76,-0.97,2.09,11.12,-7.63,0.152,False,False,0.0,0.0,不推送,False,站上20日线且不过热；持续霸榜,当日转弱；收盘承接偏弱；近5日趋势未确认；热度可能进入后段；人气排名明显回落,不主动推送。,v2,强势,79.86,1.79,5.18,0,2026-04-16,common_index_cache,0.7,2.05,3.17,2.25,5.72,9.12,-3.74,-6.26
2026-04-16,002083,孚日股份,97,7401.0,10jqka,post_close,2026-04-16 15:00:00,2026-04-14,3,3,40.0,-57.0,ok,2026-04-16,12.77,12.34,12.8,12.07,1204432.0,-5.66,-6.59,2.83,0.37,1.39,-6.49,-2.4,3.1,-15.07,0.041,False,False,0.0,4.0,不推送,False,温和放量；站上20日线且不过热；连续上榜确认,当日转弱；收盘承接偏弱；人气排名明显回落,不主动推送。,v2,强势,79.86,1.79,5.18,0,2026-04-16,common_index_cache,0.7,2.05,3.17,2.25,5.72,9.12,-7.45,-2.35
2026-04-16,002709,天赐材料,98,7397.0,10jqka,post_close,2026-04-16 15:00:00,2026-04-10,5,5,67.0,-31.0,ok,2026-04-16,48.2,48.86,49.68,47.52,1057520.0,2.43,4.6,12.09,0.62,0.88,2.07,6.52,8.42,-4.2,0.38,False,False,0.0,34.0,不推送,False,温和放量；近5日趋势升温；站上20日线且不过热；持续霸榜,热度可能进入后段；人气排名明显回落,不主动推送。,v2,强势,79.86,1.79,5.18,0,2026-04-16,common_index_cache,0.7,2.05,3.17,2.25,5.72,9.12,0.64,6.91
2026-04-16,002240,盛新锂能,99,7376.0,10jqka,post_close,2026-04-16 15:00:00,2026-04-14,2,1,26.0,-73.0,ok,2026-04-16,47.74,49.8,50.9,47.13,867059.0,7.63,11.01,27.69,0.708,1.28,8.17,16.84,23.47,-2.16,0.292,False,False,0.0,39.0,不推送,False,当日强涨；温和放量；近5日强势延续；站上20日线且不过热,短线涨幅偏高；人气排名明显回落,不主动推送。,v2,强势,79.86,1.79,5.18,0,2026-04-16,common_index_cache,0.7,2.05,3.17,2.25,5.72,9.12,5.84,22.51
2026-04-16,002181,粤传媒,100,7279.0,10jqka,post_close,2026-04-16 15:00:00,2026-04-16,1,1,,,ok,2026-04-16,13.13,13.62,13.71,12.9,1185845.0,4.45,6.24,5.99,0.889,0.92,4.13,8.4,13.63,-4.49,0.111,False,False,0.0,52.0,不推送,False,当日上涨；收盘承接较强；温和放量；近5日趋势升温；站上20日线且不过热,-,不主动推送。,v2,强势,79.86,1.79,5.18,0,2026-04-16,common_index_cache,0.7,2.05,3.17,2.25,5.72,9.12,2.66,0.81
2026-04-17,002580,圣阳股份,1,14568.0,10jqka,post_close,2026-04-17 15:00:00,2026-04-10,6,6,2.0,1.0,ok,2026-04-17,29.13,30.58,30.58,29.07,822376.0,10.0,33.13,61.12,1.0,0.64,19.92,45.02,65.5,0.0,0.0,True,False,0.0,52.0,不推送,False,人气Top3；当日涨停附近；收在日内高位；持续霸榜,短线涨幅过热；远离20日线过多；热度可能进入后段,不主动推送。,v2,强势,65.43,0.53,3.73,0,2026-04-17,common_index_cache,-0.1,0.6,1.43,1.64,4.02,6.65,9.47,57.39
2026-04-17,600487,亨通光电,2,11171.0,10jqka,post_close,2026-04-17 15:00:00,2026-04-10,6,6,87.0,85.0,ok,2026-04-17,52.59,55.65,56.1,52.59,2134174.0,4.72,5.66,-0.59,0.872,1.27,4.18,-0.25,6.66,-9.51,0.128,False,False,0.0,74.0,普通观察,True,人气Top3；当日上涨；收盘承接较强；温和放量；站上20日线且不过热；持续霸榜；人气排名明显上升,近5日趋势未确认；热度可能进入后段,保留在样本池，继续看次日人气和承接。,v2,强势,65.43,0.53,3.73,0,2026-04-17,common_index_cache,-0.1,0.6,1.43,1.64,4.02,6.65,4.19,-4.32
2026-04-17,600703,三安光电,3,8286.0,10jqka,post_close,2026-04-17 15:00:00,2026-04-10,3,1,43.0,40.0,ok,2026-04-17,12.13,13.34,13.34,12.09,4289269.0,9.98,9.17,11.73,1.0,1.81,7.1,9.22,5.06,-28.93,0.0,True,False,0.0,110.0,强推观察,True,人气Top3；当日涨停附近；收在日内高位；放量仍可控；近5日趋势升温；站上20日线且不过热；人气排名明显上升；v2强势延续修正,-,高风险情绪股：不追一字，优先看分歧承接，跌破5日线或人气退潮就跑。,v2,强势,65.43,0.53,3.73,0,2026-04-17,common_index_cache,-0.1,0.6,1.43,1.64,4.02,6.65,9.45,8.0
2026-04-17,002361,神剑股份,4,7480.0,10jqka,post_close,2026-04-17 15:00:00,2026-04-10,6,6,1.0,-3.0,ok,2026-04-17,18.8,18.75,19.7,18.34,3464035.0,-2.65,11.28,13.71,0.301,1.05,4.05,9.8,22.11,-8.04,0.662,False,False,0.0,40.0,不推送,False,人气Top10；温和放量；近5日趋势升温；站上20日线且不过热；持续霸榜,当日转弱；收盘承接偏弱；热度可能进入后段,不主动推送。,v2,强势,65.43,0.53,3.73,0,2026-04-17,common_index_cache,-0.1,0.6,1.43,1.64,4.02,6.65,-3.18,9.98
2026-04-17,601778,晶科科技,5,7360.0,10jqka,post_close,2026-04-17 15:00:00,2026-04-14,4,4,12.0,7.0,ok,2026-04-17,7.0,6.91,7.33,6.86,10910730.0,3.75,14.59,36.83,0.106,2.28,10.99,23.13,26.51,-5.73,0.702,False,False,0.0,43.0,不推送,False,人气Top10；当日上涨；放量仍可控；近5日强势延续；站上20日线且不过热；连续上榜确认,收盘承接偏弱；短线涨幅偏高；上影线偏长,不主动推送。,v2,强势,65.43,0.53,3.73,0,2026-04-17,common_index_cache,-0.1,0.6,1.43,1.64,4.02,6.65,3.22,33.1
2026-04-17,002217,合力泰,6,6764.0,10jqka,post_close,2026-04-17 15:00:00,2026-04-17,1,1,,,ok,2026-04-17,2.43,2.68,2.68,2.41,5039386.0,9.84,7.63,5.51,1.0,2.16,7.03,9.25,10.68,-20.94,0.0,True,False,0.0,96.0,强推观察,True,人气Top10；当日涨停附近；收在日内高位；放量仍可控；近5日趋势升温；站上20日线且不过热；首次上榜即强势,-,高风险情绪股：不追一字，优先看分歧承接，跌破5日线或人气退潮就跑。,v2,强势,65.43,0.53,3.73,0,2026-04-17,common_index_cache,-0.1,0.6,1.43,1.64,4.02,6.65,9.31,1.78
2026-04-17,002297,博云新材,7,6437.0,10jqka,post_close,2026-04-17 15:00:00,2026-04-10,5,2,39.0,32.0,ok,2026-04-17,17.01,17.69,17.69,16.74,1156934.0,10.01,33.11,61.11,1.0,3.11,19.92,37.64,49.93,0.0,0.0,True,False,0.0,54.0,不推送,False,人气Top10；当日涨停附近；收在日内高位；连续上榜确认；人气排名明显上升,短线涨幅过热；远离20日线过多,不主动推送。,v2,强势,65.43,0.53,3.73,0,2026-04-17,common_index_cache,-0.1,0.6,1.43,1.64,4.02,6.65,9.48,57.38
2026-04-17,600666,奥瑞德,8,6079.0,10jqka,post_close,2026-04-17 15:00:00,2026-04-10,6,6,13.0,5.0,ok,2026-04-17,6.85,7.09,7.32,6.61,8461098.0,3.5,9.41,12.54,0.676,1.56,7.2,10.4,19.12,-3.14,0.324,False,False,0.0,70.0,普通观察,True,人气Top10；当日上涨；温和放量；近5日趋势升温；站上20日线且不过热；持续霸榜,热度可能进入后段,保留在样本池，继续看次日人气和承接。,v2,强势,65.43,0.53,3.73,0,2026-04-17,common_index_cache,-0.1,0.6,1.43,1.64,4.02,6.65,2.97,8.81
2026-04-17,600330,天通股份,9,5817.0,10jqka,post_close,2026-04-17 15:00:00,2026-04-10,2,1,90.0,81.0,ok,2026-04-17,21.73,21.73,21.73,21.73,377584.0,10.03,5.43,14.37,1.0,0.22,7.03,13.28,22.87,0.0,0.0,True,True,0.0,72.0,普通观察,True,人气Top10；当日涨停附近；收在日内高位；近5日趋势升温；站上20日线且不过热；人气排名明显上升,量能不足；一字或近似一字，参与点差,保留在样本池，继续看次日人气和承接。,v2,强势,65.43,0.53,3.73,0,2026-04-17,common_index_cache,-0.1,0.6,1.43,1.64,4.02,6.65,9.5,10.64
2026-04-17,603629,利通电子,10,5566.0,10jqka,post_close,2026-04-17 15:00:00,2026-04-13,5,5,16.0,6.0,ok,2026-04-17,96.61,105.44,105.44,96.61,372403.0,10.01,31.88,45.07,1.0,0.88,19.31,34.66,49.91,0.0,0.0,True,False,0.0,60.0,普通观察,True,人气Top10；当日涨停附近；收在日内高位；温和放量；持续霸榜,短线涨幅过热；远离20日线过多；热度可能进入后段,保留在样本池，继续看次日人气和承接。,v2,强势,65.43,0.53,3.73,0,2026-04-17,common_index_cache,-0.1,0.6,1.43,1.64,4.02,6.65,9.48,41.34
2026-04-17,300308,中际旭创,11,5426.0,10jqka,post_close,2026-04-17 15:00:00,2026-04-10,6,6,11.0,0.0,ok,2026-04-17,840.0,850.0,864.0,819.24,398572.0,5.12,9.96,15.7,0.687,1.36,7.61,16.62,28.0,-1.62,0.313,False,False,0.0,62.0,普通观察,True,人气Top20；当日上涨；温和放量；近5日趋势升温；站上20日线且不过热；持续霸榜,热度可能进入后段,保留在样本池，继续看次日人气和承接。,v2,强势,65.43,0.53,3.73,0,2026-04-17,common_index_cache,-0.1,0.6,1.43,1.64,4.02,6.65,4.59,11.97
2026-04-17,002281,光迅科技,12,5335.0,10jqka,post_close,2026-04-17 15:00:00,2026-04-10,4,1,84.0,72.0,ok,2026-04-17,110.99,116.83,116.83,110.11,623611.0,10.0,4.87,8.36,1.0,0.91,5.28,11.08,23.44,0.0,0.0,True,False,0.0,102.0,强推观察,True,人气Top20；当日涨停附近；收在日内高位；温和放量；近5日趋势升温；站上20日线且不过热；人气排名明显上升；v2强势延续修正,-,高风险情绪股：不追一字，优先看分歧承接，跌破5日线或人气退潮就跑。,v2,强势,65.43,0.53,3.73,0,2026-04-17,common_index_cache,-0.1,0.6,1.43,1.64,4.02,6.65,9.47,4.63
2026-04-17,600958,东方证券,13,5231.0,10jqka,post_close,2026-04-17 15:00:00,2026-04-17,1,1,,,ok,2026-04-17,9.29,9.34,9.39,9.18,757475.0,0.65,0.0,0.76,0.762,1.41,0.32,1.61,1.98,-14.63,0.238,False,False,0.0,48.0,不推送,False,人气Top20；收盘承接较强；温和放量；站上20日线且不过热,-,不主动推送。,v2,强势,65.43,0.53,3.73,0,2026-04-17,common_index_cache,-0.1,0.6,1.43,1.64,4.02,6.65,0.12,-2.97
2026-04-17,300184,力源信息,14,5212.0,10jqka,post_close,2026-04-17 15:00:00,2026-04-17,1,1,,,ok,2026-04-17,11.93,12.63,12.69,11.86,1860847.0,5.87,7.76,11.08,0.928,2.17,6.51,10.15,12.68,-0.47,0.072,False,False,0.0,68.0,普通观察,True,人气Top20；当日上涨；收在日内高位；放量仍可控；近5日趋势升温；站上20日线且不过热,-,保留在样本池，继续看次日人气和承接。,v2,强势,65.43,0.53,3.73,0,2026-04-17,common_index_cache,-0.1,0.6,1.43,1.64,4.02,6.65,5.34,7.35
2026-04-17,002565,顺灏股份,15,5061.0,10jqka,post_close,2026-04-17 15:00:00,2026-04-14,4,4,63.0,48.0,ok,2026-04-17,17.86,18.92,19.39,17.2,3057799.0,6.59,9.36,13.57,0.785,1.52,7.39,11.04,14.08,-2.42,0.215,False,False,0.0,80.0,重点观察,True,人气Top20；当日上涨；收盘承接较强；温和放量；近5日趋势升温；站上20日线且不过热；连续上榜确认；人气排名明显上升,-,只做观察或轻仓试错，等待回落承接和量能不失控。,v2,强势,65.43,0.53,3.73,0,2026-04-17,common_index_cache,-0.1,0.6,1.43,1.64,4.02,6.65,6.06,9.84
2026-04-17,002428,云南锗业,16,4837.0,10jqka,post_close,2026-04-17 15:00:00,2026-04-14,2,1,73.0,57.0,ok,2026-04-17,60.53,62.0,62.0,59.07,1005293.0,10.01,5.3,9.17,1.0,1.09,7.07,10.59,19.87,0.0,0.0,True,False,0.0,102.0,强推观察,True,人气Top20；当日涨停附近；收在日内高位；温和放量；近5日趋势升温；站上20日线且不过热；人气排名明显上升；v2强势延续修正,-,高风险情绪股：不追一字，优先看分歧承接，跌破5日线或人气退潮就跑。,v2,强势,65.43,0.53,3.73,0,2026-04-17,common_index_cache,-0.1,0.6,1.43,1.64,4.02,6.65,9.48,5.44
2026-04-17,601138,工业富联,17,4731.0,10jqka,post_close,2026-04-17 15:00:00,2026-04-10,6,6,29.0,12.0,ok,2026-04-17,59.6,60.97,61.2,58.98,1878179.0,2.78,3.48,7.87,0.896,0.98,4.14,7.79,14.17,-4.73,0.104,False,False,0.0,68.0,普通观察,True,人气Top20；收盘承接较强；温和放量；近5日趋势升温；站上20日线且不过热；持续霸榜；人气排名明显上升,热度可能进入后段,保留在样本池，继续看次日人气和承接。,v2,强势,65.43,0.53,3.73,0,2026-04-17,common_index_cache,-0.1,0.6,1.43,1.64,4.02,6.65,2.25,4.14
2026-04-17,002418,康盛股份,18,4623.0,10jqka,post_close,2026-04-17 15:00:00,2026-04-10,5,1,59.0,41.0,ok,2026-04-17,5.57,6.19,6.19,5.5,2391565.0,9.95,1.48,8.79,1.0,0.92,4.28,13.08,23.75,-1.59,0.0,True,False,0.0,102.0,强推观察,True,人气Top20；当日涨停附近；收在日内高位；温和放量；近5日趋势升温；站上20日线且不过热；人气排名明显上升；v2强势延续修正,-,高风险情绪股：不追一字，优先看分歧承接，跌破5日线或人气退潮就跑。,v2,强势,65.43,0.53,3.73,0,2026-04-17,common_index_cache,-0.1,0.6,1.43,1.64,4.02,6.65,9.42,5.06
2026-04-17,600410,华胜天成,19,4509.0,10jqka,post_close,2026-04-17 15:00:00,2026-04-10,6,6,15.0,-4.0,ok,2026-04-17,27.78,28.94,29.97,27.6,2514849.0,3.39,5.93,6.95,0.565,1.61,4.94,6.83,10.8,-15.65,0.435,False,False,0.0,62.0,普通观察,True,人气Top20；当日上涨；温和放量；近5日趋势升温；站上20日线且不过热；持续霸榜,热度可能进入后段,保留在样本池，继续看次日人气和承接。,v2,强势,65.43,0.53,3.73,0,2026-04-17,common_index_cache,-0.1,0.6,1.43,1.64,4.02,6.65,2.86,3.22
2026-04-17,002990,盛视科技,20,4493.0,10jqka,post_close,2026-04-17 15:00:00,2026-04-14,4,4,78.0,58.0,ok,2026-04-17,48.07,50.95,50.95,48.07,180148.0,10.0,33.1,49.85,1.0,0.85,19.9,36.19,52.66,0.0,0.0,True,False,0.0,60.0,普通观察,True,人气Top20；当日涨停附近；收在日内高位；温和放量；连续上榜确认；人气排名明显上升,短线涨幅过热；远离20日线过多,保留在样本池，继续看次日人气和承接。,v2,强势,65.43,0.53,3.73,0,2026-04-17,common_index_cache,-0.1,0.6,1.43,1.64,4.02,6.65,9.47,46.12
2026-04-17,600105,永鼎股份,21,4483.0,10jqka,post_close,2026-04-17 15:00:00,2026-04-10,6,6,33.0,12.0,ok,2026-04-17,39.47,41.3,42.5,39.47,1673910.0,4.64,11.08,8.4,0.604,0.78,6.34,14.29,30.5,-2.82,0.396,False,False,0.0,34.0,不推送,False,人气Top50；当日上涨；近5日趋势升温；持续霸榜；人气排名明显上升,偏离20日线较大；热度可能进入后段,不主动推送。,v2,强势,65.43,0.53,3.73,0,2026-04-17,common_index_cache,-0.1,0.6,1.43,1.64,4.02,6.65,4.11,4.67
2026-04-17,300058,蓝色光标,22,4360.0,10jqka,post_close,2026-04-17 15:00:00,2026-04-10,6,6,27.0,5.0,ok,2026-04-17,16.96,18.0,18.22,16.74,7392313.0,4.65,4.23,9.16,0.851,1.34,5.34,11.21,18.31,-26.32,0.149,False,False,0.0,64.0,普通观察,True,人气Top50；当日上涨；收盘承接较强；温和放量；近5日趋势升温；站上20日线且不过热；持续霸榜,热度可能进入后段,保留在样本池，继续看次日人气和承接。,v2,强势,65.43,0.53,3.73,0,2026-04-17,common_index_cache,-0.1,0.6,1.43,1.64,4.02,6.65,4.12,5.43
2026-04-17,601869,长飞光纤,23,4200.0,10jqka,post_close,2026-04-17 15:00:00,2026-04-10,6,6,74.0,51.0,ok,2026-04-17,367.44,365.89,372.64,360.35,152231.0,-0.71,0.38,-4.81,0.451,0.76,0.15,-0.6,14.43,-8.14,0.423,False,False,0.0,10.0,不推送,False,人气Top50；站上20日线且不过热；持续霸榜；人气排名明显上升,当日转弱；近5日趋势未确认；热度可能进入后段,不主动推送。,v2,强势,65.43,0.53,3.73,0,2026-04-17,common_index_cache,-0.1,0.6,1.43,1.64,4.02,6.65,-1.24,-8.54
2026-04-17,603778,国晟科技,24,4021.0,10jqka,post_close,2026-04-17 15:00:00,2026-04-10,6,6,3.0,-21.0,ok,2026-04-17,24.8,24.25,25.27,24.1,1294691.0,-8.14,-18.6,-22.38,0.128,1.49,-13.61,-18.26,-11.31,-29.24,0.402,False,False,0.0,0.0,不推送,False,人气Top50；温和放量；持续霸榜,当日转弱；收盘承接偏弱；近5日趋势未确认；仍在20日线下方；热度可能进入后段；人气排名明显回落,不主动推送。,v2,强势,65.43,0.53,3.73,0,2026-04-17,common_index_cache,-0.1,0.6,1.43,1.64,4.02,6.65,-8.67,-26.11
2026-04-17,002328,新朋股份,25,3997.0,10jqka,post_close,2026-04-17 15:00:00,2026-04-10,6,6,7.0,-18.0,ok,2026-04-17,13.24,13.0,13.33,12.65,1592895.0,-2.99,9.8,28.59,0.515,0.9,5.69,23.55,48.62,-4.27,0.132,False,False,0.0,9.0,不推送,False,人气Top50；温和放量；近5日强势延续；持续霸榜,当日转弱；短线涨幅偏高；远离20日线过多；热度可能进入后段,不主动推送。,v2,强势,65.43,0.53,3.73,0,2026-04-17,common_index_cache,-0.1,0.6,1.43,1.64,4.02,6.65,-3.52,24.86
2026-04-17,000988,华工科技,26,3767.0,10jqka,post_close,2026-04-17 15:00:00,2026-04-10,6,6,45.0,19.0,ok,2026-04-17,113.0,116.68,117.58,112.79,954008.0,3.88,-3.27,0.66,0.812,0.84,-0.63,2.7,4.95,-17.49,0.188,False,False,0.0,56.0,不推送,False,人气Top50；当日上涨；收盘承接较强；温和放量；站上20日线且不过热；持续霸榜；人气排名明显上升,热度可能进入后段,不主动推送。,v2,强势,65.43,0.53,3.73,0,2026-04-17,common_index_cache,-0.1,0.6,1.43,1.64,4.02,6.65,3.35,-3.07
2026-04-17,600707,彩虹股份,27,3736.0,10jqka,post_close,2026-04-17 15:00:00,2026-04-10,2,1,29.0,2.0,ok,2026-04-17,7.1,7.79,7.79,7.09,1185711.0,10.03,14.06,10.97,1.0,0.85,8.86,17.98,26.53,0.0,0.0,True,False,0.0,90.0,强推观察,True,人气Top50；当日涨停附近；收在日内高位；温和放量；近5日趋势升温；站上20日线且不过热；v2强势延续修正,-,高风险情绪股：不追一字，优先看分歧承接，跌破5日线或人气退潮就跑。,v2,强势,65.43,0.53,3.73,0,2026-04-17,common_index_cache,-0.1,0.6,1.43,1.64,4.02,6.65,9.5,7.24
2026-04-17,002342,巨力索具,28,3675.0,10jqka,post_close,2026-04-17 15:00:00,2026-04-10,6,6,9.0,-19.0,ok,2026-04-17,18.07,19.06,19.3,18.01,2235985.0,2.97,11.14,22.97,0.814,0.75,6.66,18.92,32.5,-11.02,0.186,False,False,0.0,32.0,不推送,False,人气Top50；收盘承接较强；近5日趋势升温；持续霸榜,偏离20日线较大；热度可能进入后段,不主动推送。,v2,强势,65.43,0.53,3.73,0,2026-04-17,common_index_cache,-0.1,0.6,1.43,1.64,4.02,6.65,2.44,19.24
2026-04-17,600522,中天科技,29,3612.0,10jqka,post_close,2026-04-17 15:00:00,2026-04-10,2,1,51.0,22.0,ok,2026-04-17,28.01,28.14,28.5,27.62,1605282.0,0.5,-0.67,-5.57,0.591,0.86,-0.06,-4.16,-1.19,-12.55,0.409,False,False,0.0,22.0,不推送,False,人气Top50；温和放量；人气排名明显上升,近5日趋势未确认,不主动推送。,v2,强势,65.43,0.53,3.73,0,2026-04-17,common_index_cache,-0.1,0.6,1.43,1.64,4.02,6.65,-0.03,-9.3
2026-04-17,300750,宁德时代,30,3553.0,10jqka,post_close,2026-04-17 15:00:00,2026-04-10,6,6,4.0,-26.0,ok,2026-04-17,449.05,437.29,450.73,434.1,365358.0,-2.19,3.16,6.89,0.192,0.77,1.57,7.01,8.41,-3.49,0.101,False,False,0.0,6.0,不推送,False,人气Top50；近5日趋势升温；站上20日线且不过热；持续霸榜,当日转弱；收盘承接偏弱；热度可能进入后段；人气排名明显回落,不主动推送。,v2,强势,65.43,0.53,3.73,0,2026-04-17,common_index_cache,-0.1,0.6,1.43,1.64,4.02,6.65,-2.72,3.16
2026-04-17,688498,源杰科技,31,3539.0,10jqka,post_close,2026-04-17 15:00:00,2026-04-17,1,1,,,ok,2026-04-17,1339.26,1445.0,1460.08,1320.0,3520831.0,10.05,15.46,17.96,0.892,1.12,10.11,18.31,25.85,-1.03,0.108,True,False,0.0,80.0,重点观察,True,人气Top50；当日涨停附近；收盘承接较强；温和放量；近5日趋势升温；站上20日线且不过热；v2低分涨停修正,-,只做观察或轻仓试错，等待回落承接和量能不失控。,v2,强势,65.43,0.53,3.73,0,2026-04-17,common_index_cache,-0.1,0.6,1.43,1.64,4.02,6.65,9.52,14.23
2026-04-17,300433,蓝思科技,32,3511.0,10jqka,post_close,2026-04-17 15:00:00,2026-04-16,2,2,18.0,-14.0,ok,2026-04-17,25.46,25.99,26.5,25.31,1407541.0,1.37,-13.8,-13.74,0.571,1.23,-7.89,-9.46,-9.08,-38.99,0.429,False,False,0.0,18.0,不推送,False,人气Top50；温和放量；连续上榜确认,近5日趋势未确认；仍在20日线下方,不主动推送。,v2,强势,65.43,0.53,3.73,0,2026-04-17,common_index_cache,-0.1,0.6,1.43,1.64,4.02,6.65,0.84,-17.47
2026-04-17,600152,维科技术,33,3491.0,10jqka,post_close,2026-04-17 15:00:00,2026-04-14,3,1,62.0,29.0,ok,2026-04-17,12.22,13.9,13.9,12.05,1162380.0,9.97,16.9,41.4,1.0,0.96,13.36,26.33,32.0,0.0,0.0,True,False,0.0,67.0,普通观察,True,人气Top50；当日涨停附近；收在日内高位；温和放量；近5日强势延续；人气排名明显上升,短线涨幅偏高；偏离20日线较大,保留在样本池，继续看次日人气和承接。,v2,强势,65.43,0.53,3.73,0,2026-04-17,common_index_cache,-0.1,0.6,1.43,1.64,4.02,6.65,9.44,37.67
2026-04-17,002384,东山精密,34,3438.0,10jqka,post_close,2026-04-17 15:00:00,2026-04-10,6,6,25.0,-9.0,ok,2026-04-17,155.0,162.1,164.45,152.16,1195419.0,8.39,11.03,12.92,0.809,1.19,8.03,18.74,33.27,-1.43,0.191,False,False,0.0,62.0,普通观察,True,人气Top50；当日强涨；收盘承接较强；温和放量；近5日趋势升温；持续霸榜,偏离20日线较大；热度可能进入后段,保留在样本池，继续看次日人气和承接。,v2,强势,65.43,0.53,3.73,0,2026-04-17,common_index_cache,-0.1,0.6,1.43,1.64,4.02,6.65,7.86,9.19
2026-04-17,002600,领益智造,35,3378.0,10jqka,post_close,2026-04-17 15:00:00,2026-04-17,1,1,,,ok,2026-04-17,13.7,13.79,13.89,13.66,773016.0,0.36,-0.65,1.32,0.565,0.82,0.31,2.93,4.56,-17.28,0.435,False,False,0.0,30.0,不推送,False,人气Top50；温和放量；站上20日线且不过热,-,不主动推送。,v2,强势,65.43,0.53,3.73,0,2026-04-17,common_index_cache,-0.1,0.6,1.43,1.64,4.02,6.65,-0.17,-2.41
2026-04-17,002108,沧州明珠,36,3329.0,10jqka,post_close,2026-04-17 15:00:00,2026-04-17,1,1,,,ok,2026-04-17,5.06,5.58,5.58,5.03,2404699.0,10.06,10.71,15.29,1.0,3.48,9.2,12.77,15.21,0.0,0.0,True,False,0.0,72.0,普通观察,True,人气Top50；当日涨停附近；收在日内高位；近5日趋势升温；站上20日线且不过热；v2低分涨停修正,-,保留在样本池，继续看次日人气和承接。,v2,强势,65.43,0.53,3.73,0,2026-04-17,common_index_cache,-0.1,0.6,1.43,1.64,4.02,6.65,9.53,11.56
2026-04-17,603083,剑桥科技,37,3274.0,10jqka,post_close,2026-04-17 15:00:00,2026-04-15,2,1,97.0,60.0,ok,2026-04-17,139.0,145.29,145.29,139.0,235554.0,10.0,20.45,24.99,1.0,0.55,13.09,22.08,29.18,0.0,0.0,True,False,0.0,76.0,重点观察,True,人气Top50；当日涨停附近；收在日内高位；近5日趋势升温；人气排名明显上升；v2强势延续修正；v2低分涨停修正,偏离20日线较大,只做观察或轻仓试错，等待回落承接和量能不失控。,v2,强势,65.43,0.53,3.73,0,2026-04-17,common_index_cache,-0.1,0.6,1.43,1.64,4.02,6.65,9.47,21.26
2026-04-17,600867,通化东宝,38,3257.0,10jqka,post_close,2026-04-17 15:00:00,2026-04-17,1,1,,,ok,2026-04-17,10.3,10.15,10.34,10.06,760161.0,-2.5,2.53,1.91,0.321,0.75,-0.08,1.23,7.17,-4.87,0.143,False,False,0.0,0.0,不推送,False,人气Top50；站上20日线且不过热,当日转弱；收盘承接偏弱,不主动推送。,v2,强势,65.43,0.53,3.73,0,2026-04-17,common_index_cache,-0.1,0.6,1.43,1.64,4.02,6.65,-3.03,-1.82
2026-04-17,002491,通鼎互联,39,3223.0,10jqka,post_close,2026-04-17 15:00:00,2026-04-10,5,3,17.0,-22.0,ok,2026-04-17,15.62,15.13,15.97,15.0,2115365.0,-3.14,0.27,3.7,0.134,0.8,1.06,2.81,17.21,-9.18,0.361,False,False,0.0,12.0,不推送,False,人气Top50；温和放量；站上20日线且不过热；连续上榜确认,当日转弱；收盘承接偏弱；人气排名明显回落,不主动推送。,v2,强势,65.43,0.53,3.73,0,2026-04-17,common_index_cache,-0.1,0.6,1.43,1.64,4.02,6.65,-3.67,-0.03
2026-04-17,001896,豫能控股,40,3200.0,10jqka,post_close,2026-04-17 15:00:00,2026-04-13,5,5,35.0,-5.0,ok,2026-04-17,17.28,17.08,18.09,16.47,2008989.0,0.12,13.41,29.3,0.377,1.04,6.51,18.21,15.57,-5.58,0.5,False,False,0.0,21.0,不推送,False,人气Top50；温和放量；近5日强势延续；站上20日线且不过热；持续霸榜,收盘承接偏弱；短线涨幅偏高；热度可能进入后段；上影线偏长,不主动推送。,v2,强势,65.43,0.53,3.73,0,2026-04-17,common_index_cache,-0.1,0.6,1.43,1.64,4.02,6.65,-0.41,25.57
2026-04-17,000657,中钨高新,41,3198.0,10jqka,post_close,2026-04-17 15:00:00,2026-04-15,3,3,60.0,19.0,ok,2026-04-17,53.5,56.12,57.09,53.37,1945777.0,8.13,12.37,14.58,0.739,2.01,10.69,13.38,14.6,-21.51,0.261,False,False,0.0,72.0,普通观察,True,人气Top50；当日强涨；放量仍可控；近5日趋势升温；站上20日线且不过热；连续上榜确认；人气排名明显上升；v2连榜升温修正,-,保留在样本池，继续看次日人气和承接。,v2,强势,65.43,0.53,3.73,0,2026-04-17,common_index_cache,-0.1,0.6,1.43,1.64,4.02,6.65,7.6,10.85
2026-04-17,002957,科瑞技术,42,3182.0,10jqka,post_close,2026-04-17 15:00:00,2026-04-13,2,1,57.0,15.0,ok,2026-04-17,43.0,45.97,45.97,42.1,235824.0,10.0,12.89,22.26,1.0,0.56,8.54,18.39,40.68,0.0,0.0,True,False,0.0,66.0,普通观察,True,人气Top50；当日涨停附近；收在日内高位；近5日趋势升温；人气排名明显上升；v2低分涨停修正,偏离20日线较大,保留在样本池，继续看次日人气和承接。,v2,强势,65.43,0.53,3.73,0,2026-04-17,common_index_cache,-0.1,0.6,1.43,1.64,4.02,6.65,9.47,18.53
2026-04-17,000889,中嘉博创,43,3173.0,10jqka,post_close,2026-04-17 15:00:00,2026-04-10,6,6,6.0,-37.0,ok,2026-04-17,4.85,5.29,5.44,4.81,2756539.0,5.8,22.74,21.61,0.762,1.17,13.71,27.13,41.1,-2.76,0.238,False,False,0.0,50.0,不推送,False,人气Top50；当日上涨；收盘承接较强；温和放量；近5日趋势升温；持续霸榜,偏离20日线较大；热度可能进入后段；人气排名明显回落,不主动推送。,v2,强势,65.43,0.53,3.73,0,2026-04-17,common_index_cache,-0.1,0.6,1.43,1.64,4.02,6.65,5.27,17.88
2026-04-17,002980,华盛昌,44,3153.0,10jqka,post_close,2026-04-17 15:00:00,2026-04-13,4,1,44.0,0.0,ok,2026-04-17,66.4,73.12,73.12,66.0,193449.0,10.0,14.0,37.94,1.0,0.95,9.93,23.74,47.0,0.0,0.0,True,False,0.0,53.0,不推送,False,人气Top50；当日涨停附近；收在日内高位；温和放量；近5日强势延续,短线涨幅偏高；远离20日线过多,不主动推送。,v2,强势,65.43,0.53,3.73,0,2026-04-17,common_index_cache,-0.1,0.6,1.43,1.64,4.02,6.65,9.47,34.21
2026-04-17,002475,立讯精密,45,3114.0,10jqka,post_close,2026-04-17 15:00:00,2026-04-10,6,6,44.0,-1.0,ok,2026-04-17,59.85,59.75,60.88,59.25,1343424.0,-1.16,1.03,2.7,0.307,0.53,0.68,6.8,13.77,-2.02,0.632,False,False,0.0,0.0,不推送,False,人气Top50；站上20日线且不过热；持续霸榜,当日转弱；收盘承接偏弱；热度可能进入后段,不主动推送。,v2,强势,65.43,0.53,3.73,0,2026-04-17,common_index_cache,-0.1,0.6,1.43,1.64,4.02,6.65,-1.69,-1.03
2026-04-17,600821,金开新能,46,3110.0,10jqka,post_close,2026-04-17 15:00:00,2026-04-15,3,3,46.0,0.0,ok,2026-04-17,8.71,9.08,9.3,8.71,3358484.0,2.48,8.48,13.64,0.627,1.2,4.58,8.35,-0.58,-25.57,0.373,False,False,0.0,42.0,不推送,False,人气Top50；温和放量；近5日趋势升温；连续上榜确认,-,不主动推送。,v2,强势,65.43,0.53,3.73,0,2026-04-17,common_index_cache,-0.1,0.6,1.43,1.64,4.02,6.65,1.95,9.91
2026-04-17,002560,通达股份,47,3105.0,10jqka,post_close,2026-04-17 15:00:00,2026-04-10,6,6,68.0,21.0,ok,2026-04-17,14.21,13.88,15.0,13.72,1357632.0,-0.22,0.51,2.28,0.125,0.93,-0.74,1.92,16.12,-7.47,0.617,False,False,0.0,16.0,不推送,False,人气Top50；温和放量；站上20日线且不过热；持续霸榜；人气排名明显上升,当日转弱；收盘承接偏弱；热度可能进入后段,不主动推送。,v2,强势,65.43,0.53,3.73,0,2026-04-17,common_index_cache,-0.1,0.6,1.43,1.64,4.02,6.65,-0.75,-1.45
2026-04-17,002940,昂利康,48,3085.0,10jqka,post_close,2026-04-17 15:00:00,2026-04-17,1,1,,,ok,2026-04-17,35.96,39.16,39.16,35.87,396835.0,10.0,28.56,26.16,1.0,2.46,16.93,18.69,22.58,0.0,0.0,True,False,0.0,83.0,重点观察,True,人气Top50；当日涨停附近；收在日内高位；放量仍可控；近5日强势延续；站上20日线且不过热；v2强势延续修正；v2低分涨停修正,短线涨幅偏高,只做观察或轻仓试错，等待回落承接和量能不失控。,v2,强势,65.43,0.53,3.73,0,2026-04-17,common_index_cache,-0.1,0.6,1.43,1.64,4.02,6.65,9.47,22.43
2026-04-17,002202,金风科技,49,3060.0,10jqka,post_close,2026-04-17 15:00:00,2026-04-10,6,6,49.0,0.0,ok,2026-04-17,24.99,25.39,25.6,24.8,1763846.0,1.6,0.36,5.48,0.737,0.87,1.69,4.19,-1.44,-23.75,0.263,False,False,0.0,38.0,不推送,False,人气Top50；温和放量；近5日趋势升温；持续霸榜,热度可能进入后段,不主动推送。,v2,强势,65.43,0.53,3.73,0,2026-04-17,common_index_cache,-0.1,0.6,1.43,1.64,4.02,6.65,1.07,1.75
2026-04-17,300136,信维通信,50,2990.0,10jqka,post_close,2026-04-17 15:00:00,2026-04-15,2,1,89.0,39.0,ok,2026-04-17,69.01,74.91,75.29,68.7,1210738.0,7.32,9.25,17.07,0.942,1.49,8.46,13.23,16.48,-20.8,0.058,False,False,0.0,78.0,重点观察,True,人气Top50；当日强涨；收在日内高位；温和放量；近5日趋势升温；站上20日线且不过热；人气排名明显上升,-,只做观察或轻仓试错，等待回落承接和量能不失控。,v2,强势,65.43,0.53,3.73,0,2026-04-17,common_index_cache,-0.1,0.6,1.43,1.64,4.02,6.65,6.79,13.34
2026-04-17,001330,博纳影业,51,2984.0,10jqka,post_close,2026-04-17 15:00:00,2026-04-17,1,1,,,ok,2026-04-17,7.62,8.23,8.23,7.48,1878122.0,10.03,10.32,14.31,1.0,2.23,9.21,13.3,16.62,-40.01,0.0,True,False,0.0,72.0,普通观察,True,当日涨停附近；收在日内高位；放量仍可控；近5日趋势升温；站上20日线且不过热；v2低分涨停修正,-,保留在样本池，继续看次日人气和承接。,v2,强势,65.43,0.53,3.73,0,2026-04-17,common_index_cache,-0.1,0.6,1.43,1.64,4.02,6.65,9.5,10.58
2026-04-17,002015,协鑫能科,52,2974.0,10jqka,post_close,2026-04-17 15:00:00,2026-04-15,3,3,51.0,-1.0,ok,2026-04-17,18.42,18.53,19.35,18.38,2027086.0,0.6,4.99,6.74,0.155,1.32,3.05,5.2,3.4,-19.4,0.845,False,False,0.0,24.0,不推送,False,温和放量；近5日趋势升温；站上20日线且不过热；连续上榜确认,收盘承接偏弱；上影线偏长,不主动推送。,v2,强势,65.43,0.53,3.73,0,2026-04-17,common_index_cache,-0.1,0.6,1.43,1.64,4.02,6.65,0.07,3.01
2026-04-17,603773,沃格光电,53,2969.0,10jqka,post_close,2026-04-17 15:00:00,2026-04-10,2,1,37.0,-16.0,ok,2026-04-17,48.0,52.9,52.9,48.0,218748.0,10.0,17.5,22.62,1.0,0.8,10.42,24.61,36.35,0.0,0.0,True,False,0.0,68.0,普通观察,True,当日涨停附近；收在日内高位；温和放量；近5日趋势升温；v2低分涨停修正,偏离20日线较大,保留在样本池，继续看次日人气和承接。,v2,强势,65.43,0.53,3.73,0,2026-04-17,common_index_cache,-0.1,0.6,1.43,1.64,4.02,6.65,9.47,18.89
2026-04-17,603118,共进股份,54,2908.0,10jqka,post_close,2026-04-17 15:00:00,2026-04-17,1,1,,,ok,2026-04-17,13.78,15.18,15.18,13.78,712268.0,10.0,9.05,10.08,1.0,1.11,7.29,8.54,13.96,0.0,0.0,True,False,0.0,72.0,普通观察,True,当日涨停附近；收在日内高位；温和放量；近5日趋势升温；站上20日线且不过热,-,保留在样本池，继续看次日人气和承接。,v2,强势,65.43,0.53,3.73,0,2026-04-17,common_index_cache,-0.1,0.6,1.43,1.64,4.02,6.65,9.47,6.35
2026-04-17,600156,华升股份,55,2859.0,10jqka,post_close,2026-04-17 15:00:00,2026-04-17,1,1,,,ok,2026-04-17,8.98,9.26,9.26,8.85,409981.0,9.98,18.72,13.62,1.0,2.41,12.98,18.19,17.66,0.0,0.0,True,False,0.0,72.0,普通观察,True,当日涨停附近；收在日内高位；放量仍可控；近5日趋势升温；站上20日线且不过热；v2低分涨停修正,-,保留在样本池，继续看次日人气和承接。,v2,强势,65.43,0.53,3.73,0,2026-04-17,common_index_cache,-0.1,0.6,1.43,1.64,4.02,6.65,9.45,9.89
2026-04-17,300502,新易盛,56,2851.0,10jqka,post_close,2026-04-17 15:00:00,2026-04-10,6,6,10.0,-46.0,ok,2026-04-17,550.0,589.0,589.98,542.03,416195.0,9.58,13.27,12.73,0.98,1.0,10.87,15.85,21.7,-0.17,0.02,True,False,0.0,78.0,重点观察,True,当日涨停附近；收在日内高位；温和放量；近5日趋势升温；站上20日线且不过热；持续霸榜；v2低分涨停修正,热度可能进入后段；人气排名明显回落,只做观察或轻仓试错，等待回落承接和量能不失控。,v2,强势,65.43,0.53,3.73,0,2026-04-17,common_index_cache,-0.1,0.6,1.43,1.64,4.02,6.65,9.05,9.0
2026-04-17,000630,铜陵有色,57,2826.0,10jqka,post_close,2026-04-17 15:00:00,2026-04-17,1,1,,,ok,2026-04-17,6.31,6.43,6.52,6.31,3003686.0,1.74,1.42,5.58,0.571,1.17,1.77,4.48,7.18,-30.03,0.429,False,False,0.0,34.0,不推送,False,温和放量；近5日趋势升温；站上20日线且不过热,-,不主动推送。,v2,强势,65.43,0.53,3.73,0,2026-04-17,common_index_cache,-0.1,0.6,1.43,1.64,4.02,6.65,1.21,1.85
2026-04-17,600519,贵州茅台,58,2796.0,10jqka,post_close,2026-04-17 15:00:00,2026-04-10,2,1,78.0,20.0,ok,2026-04-17,1400.0,1407.24,1421.0,1399.87,96825.0,-3.8,-2.74,-3.21,0.349,3.52,-2.65,-3.0,-2.22,-10.25,0.651,False,False,0.0,0.0,不推送,False,人气排名明显上升,当日转弱；收盘承接偏弱；放量过猛；近5日趋势未确认,不主动推送。,v2,强势,65.43,0.53,3.73,0,2026-04-17,common_index_cache,-0.1,0.6,1.43,1.64,4.02,6.65,-4.33,-6.94
2026-04-17,300476,胜宏科技,59,2778.0,10jqka,post_close,2026-04-17 15:00:00,2026-04-10,5,1,63.0,4.0,ok,2026-04-17,305.04,326.42,335.0,301.36,666512.0,7.55,5.98,13.43,0.745,1.4,6.71,12.49,18.52,-2.56,0.255,False,False,0.0,50.0,不推送,False,当日强涨；温和放量；近5日趋势升温；站上20日线且不过热,-,不主动推送。,v2,强势,65.43,0.53,3.73,0,2026-04-17,common_index_cache,-0.1,0.6,1.43,1.64,4.02,6.65,7.02,9.7
2026-04-17,002837,英维克,60,2775.0,10jqka,post_close,2026-04-17 15:00:00,2026-04-10,5,1,78.0,18.0,ok,2026-04-17,105.68,110.67,112.63,104.41,575430.0,4.23,0.8,11.73,0.762,0.96,3.47,12.14,15.31,-5.0,0.238,False,False,0.0,56.0,不推送,False,当日上涨；收盘承接较强；温和放量；近5日趋势升温；站上20日线且不过热；人气排名明显上升,-,不主动推送。,v2,强势,65.43,0.53,3.73,0,2026-04-17,common_index_cache,-0.1,0.6,1.43,1.64,4.02,6.65,3.7,8.0
2026-04-17,002364,中恒电气,61,2751.0,10jqka,post_close,2026-04-17 15:00:00,2026-04-10,6,6,36.0,-25.0,ok,2026-04-17,43.03,40.91,43.66,40.36,1040063.0,-4.42,-3.72,16.49,0.167,1.38,-1.77,13.91,27.96,-7.36,0.191,False,False,0.0,12.0,不推送,False,温和放量；近5日趋势升温；站上20日线且不过热；持续霸榜,当日转弱；收盘承接偏弱；热度可能进入后段；人气排名明显回落,不主动推送。,v2,强势,65.43,0.53,3.73,0,2026-04-17,common_index_cache,-0.1,0.6,1.43,1.64,4.02,6.65,-4.95,12.76
2026-04-17,002866,传艺科技,62,2688.0,10jqka,post_close,2026-04-17 15:00:00,2026-04-17,1,1,,,ok,2026-04-17,24.23,26.39,26.39,23.8,441184.0,10.0,10.33,19.03,1.0,1.14,9.35,15.87,20.43,0.0,0.0,True,False,0.0,78.0,重点观察,True,当日涨停附近；收在日内高位；温和放量；近5日趋势升温；站上20日线且不过热；v2低分涨停修正,-,只做观察或轻仓试错，等待回落承接和量能不失控。,v2,强势,65.43,0.53,3.73,0,2026-04-17,common_index_cache,-0.1,0.6,1.43,1.64,4.02,6.65,9.47,15.3
2026-04-17,600498,烽火通信,63,2674.0,10jqka,post_close,2026-04-17 15:00:00,2026-04-10,4,1,65.0,2.0,ok,2026-04-17,48.2,49.27,49.97,48.11,693795.0,1.32,-2.97,-5.97,0.624,0.71,-0.4,-2.22,1.75,-20.25,0.376,False,False,0.0,4.0,不推送,False,站上20日线且不过热,近5日趋势未确认,不主动推送。,v2,强势,65.43,0.53,3.73,0,2026-04-17,common_index_cache,-0.1,0.6,1.43,1.64,4.02,6.65,0.79,-9.7
2026-04-17,603738,泰晶科技,64,2636.0,10jqka,post_close,2026-04-17 15:00:00,2026-04-17,1,1,,,ok,2026-04-17,28.11,30.17,30.17,27.5,628356.0,9.99,8.1,17.94,1.0,1.49,7.14,12.81,16.22,0.0,0.0,True,False,0.0,78.0,重点观察,True,当日涨停附近；收在日内高位；温和放量；近5日趋势升温；站上20日线且不过热；v2低分涨停修正,-,只做观察或轻仓试错，等待回落承接和量能不失控。,v2,强势,65.43,0.53,3.73,0,2026-04-17,common_index_cache,-0.1,0.6,1.43,1.64,4.02,6.65,9.46,14.21
2026-04-17,002131,利欧股份,65,2636.0,10jqka,post_close,2026-04-17 15:00:00,2026-04-10,6,6,8.0,-57.0,ok,2026-04-17,7.96,7.96,8.02,7.86,3493392.0,-1.12,-1.97,-0.38,0.625,0.65,-0.5,1.67,3.45,-23.46,0.375,False,False,0.0,0.0,不推送,False,站上20日线且不过热；持续霸榜,当日转弱；近5日趋势未确认；热度可能进入后段；人气排名明显回落,不主动推送。,v2,强势,65.43,0.53,3.73,0,2026-04-17,common_index_cache,-0.1,0.6,1.43,1.64,4.02,6.65,-1.65,-4.11
2026-04-17,600961,株冶集团,66,2633.0,10jqka,post_close,2026-04-17 15:00:00,2026-04-17,1,1,,,ok,2026-04-17,22.09,22.09,22.09,22.09,46647.0,10.01,20.18,23.82,1.0,0.25,13.89,19.48,24.12,-19.61,0.0,True,True,0.0,44.0,不推送,False,当日涨停附近；收在日内高位；近5日趋势升温；站上20日线且不过热,量能不足；一字或近似一字，参与点差,不主动推送。,v2,强势,65.43,0.53,3.73,0,2026-04-17,common_index_cache,-0.1,0.6,1.43,1.64,4.02,6.65,9.48,20.09
2026-04-17,002261,拓维信息,67,2631.0,10jqka,post_close,2026-04-17 15:00:00,2026-04-15,3,3,94.0,27.0,ok,2026-04-17,36.85,37.66,37.95,36.71,1120084.0,1.45,3.21,5.22,0.766,1.22,2.53,4.93,6.73,-14.53,0.234,False,False,0.0,56.0,不推送,False,收盘承接较强；温和放量；近5日趋势升温；站上20日线且不过热；连续上榜确认；人气排名明显上升,-,不主动推送。,v2,强势,65.43,0.53,3.73,0,2026-04-17,common_index_cache,-0.1,0.6,1.43,1.64,4.02,6.65,0.92,1.49
2026-04-17,002050,三花智控,68,2628.0,10jqka,post_close,2026-04-17 15:00:00,2026-04-15,2,1,99.0,31.0,ok,2026-04-17,45.4,45.54,45.93,45.03,718523.0,-0.52,0.0,1.49,0.567,0.82,0.57,2.79,4.03,-25.06,0.433,False,False,0.0,16.0,不推送,False,温和放量；站上20日线且不过热；人气排名明显上升,当日转弱,不主动推送。,v2,强势,65.43,0.53,3.73,0,2026-04-17,common_index_cache,-0.1,0.6,1.43,1.64,4.02,6.65,-1.05,-2.24
2026-04-17,600552,凯盛科技,69,2617.0,10jqka,post_close,2026-04-17 15:00:00,2026-04-17,1,1,,,ok,2026-04-17,13.58,15.02,15.02,13.52,1001366.0,10.04,13.62,11.34,1.0,1.72,9.68,14.08,19.54,-10.44,0.0,True,False,0.0,72.0,普通观察,True,当日涨停附近；收在日内高位；温和放量；近5日趋势升温；站上20日线且不过热,-,保留在样本池，继续看次日人气和承接。,v2,强势,65.43,0.53,3.73,0,2026-04-17,common_index_cache,-0.1,0.6,1.43,1.64,4.02,6.65,9.51,7.61
2026-04-17,300390,天华新能,70,2584.0,10jqka,post_close,2026-04-17 15:00:00,2026-04-10,5,2,40.0,-30.0,ok,2026-04-17,85.0,87.79,91.0,83.7,821546.0,2.46,8.32,28.54,0.56,0.84,6.63,22.94,37.0,-3.53,0.44,False,False,0.0,21.0,不推送,False,温和放量；近5日强势延续；连续上榜确认,短线涨幅偏高；偏离20日线较大；人气排名明显回落,不主动推送。,v2,强势,65.43,0.53,3.73,0,2026-04-17,common_index_cache,-0.1,0.6,1.43,1.64,4.02,6.65,1.93,24.81
2026-04-17,688270,臻镭科技,71,2583.0,10jqka,post_close,2026-04-17 15:00:00,2026-04-17,1,1,,,ok,2026-04-17,173.0,175.16,177.6,172.0,14641915.0,-0.53,3.95,17.13,0.564,0.79,4.01,11.56,16.85,-23.18,0.436,False,False,0.0,10.0,不推送,False,近5日趋势升温；站上20日线且不过热,当日转弱,不主动推送。,v2,强势,65.43,0.53,3.73,0,2026-04-17,common_index_cache,-0.1,0.6,1.43,1.64,4.02,6.65,-1.06,13.4
2026-04-17,600103,青山纸业,72,2550.0,10jqka,post_close,2026-04-17 15:00:00,2026-04-10,3,1,25.0,-47.0,ok,2026-04-17,4.03,4.3,4.47,3.96,5110097.0,5.91,3.37,9.97,0.667,1.79,4.83,11.43,17.25,-3.8,0.333,False,False,0.0,38.0,不推送,False,当日上涨；温和放量；近5日趋势升温；站上20日线且不过热,人气排名明显回落,不主动推送。,v2,强势,65.43,0.53,3.73,0,2026-04-17,common_index_cache,-0.1,0.6,1.43,1.64,4.02,6.65,5.38,6.24
2026-04-17,002739,万达电影,73,2542.0,10jqka,post_close,2026-04-17 15:00:00,2026-04-17,1,1,,,ok,2026-04-17,9.89,10.07,10.17,9.82,515816.0,1.41,1.51,1.72,0.714,2.11,1.37,2.23,3.27,-27.4,0.286,False,False,0.0,16.0,不推送,False,放量仍可控；站上20日线且不过热,-,不主动推送。,v2,强势,65.43,0.53,3.73,0,2026-04-17,common_index_cache,-0.1,0.6,1.43,1.64,4.02,6.65,0.88,-2.01
2026-04-17,002124,天邦食品,74,2494.0,10jqka,post_close,2026-04-17 15:00:00,2026-04-13,5,5,76.0,2.0,ok,2026-04-17,2.81,3.08,3.19,2.81,4379221.0,5.12,8.07,31.06,0.711,1.85,5.55,16.89,22.98,-3.45,0.289,False,False,0.0,33.0,不推送,False,当日上涨；放量仍可控；近5日强势延续；站上20日线且不过热；持续霸榜,短线涨幅偏高；热度可能进入后段,不主动推送。,v2,强势,65.43,0.53,3.73,0,2026-04-17,common_index_cache,-0.1,0.6,1.43,1.64,4.02,6.65,4.59,27.33
2026-04-17,002149,西部材料,75,2448.0,10jqka,post_close,2026-04-17 15:00:00,2026-04-14,3,1,32.0,-43.0,ok,2026-04-17,53.11,54.8,55.47,53.09,838090.0,2.16,9.6,20.04,0.718,1.15,6.39,11.73,14.17,-5.48,0.282,False,False,0.0,30.0,不推送,False,温和放量；近5日趋势升温；站上20日线且不过热,人气排名明显回落,不主动推送。,v2,强势,65.43,0.53,3.73,0,2026-04-17,common_index_cache,-0.1,0.6,1.43,1.64,4.02,6.65,1.63,16.31
2026-04-17,002463,沪电股份,76,2444.0,10jqka,post_close,2026-04-17 15:00:00,2026-04-10,6,6,92.0,16.0,ok,2026-04-17,93.68,97.66,99.38,93.6,930208.0,3.45,0.12,10.58,0.702,0.99,3.66,10.72,16.14,-1.73,0.298,False,False,0.0,50.0,不推送,False,当日上涨；温和放量；近5日趋势升温；站上20日线且不过热；持续霸榜；人气排名明显上升,热度可能进入后段,不主动推送。,v2,强势,65.43,0.53,3.73,0,2026-04-17,common_index_cache,-0.1,0.6,1.43,1.64,4.02,6.65,2.92,6.85
2026-04-17,000815,美利云,77,2433.0,10jqka,post_close,2026-04-17 15:00:00,2026-04-13,5,5,26.0,-51.0,ok,2026-04-17,23.0,21.6,23.1,21.4,1783002.0,-2.75,3.3,12.62,0.118,1.45,2.67,6.3,7.19,-6.49,0.059,False,False,0.0,12.0,不推送,False,温和放量；近5日趋势升温；站上20日线且不过热；持续霸榜,当日转弱；收盘承接偏弱；热度可能进入后段；人气排名明显回落,不主动推送。,v2,强势,65.43,0.53,3.73,0,2026-04-17,common_index_cache,-0.1,0.6,1.43,1.64,4.02,6.65,-3.28,8.89
2026-04-17,603698,航天工程,78,2427.0,10jqka,post_close,2026-04-17 15:00:00,2026-04-17,1,1,,,ok,2026-04-17,43.0,46.19,46.84,42.41,662169.0,8.48,28.52,44.48,0.853,1.84,17.29,31.85,42.6,-1.39,0.147,False,False,0.0,37.0,不推送,False,当日强涨；收盘承接较强；放量仍可控；近5日强势延续,短线涨幅偏高；偏离20日线较大,不主动推送。,v2,强势,65.43,0.53,3.73,0,2026-04-17,common_index_cache,-0.1,0.6,1.43,1.64,4.02,6.65,7.95,40.75
2026-04-17,603052,可川科技,79,2425.0,10jqka,post_close,2026-04-17 15:00:00,2026-04-17,1,1,,,ok,2026-04-17,79.0,83.35,83.35,78.08,112518.0,10.0,19.0,19.11,1.0,1.13,13.19,20.43,26.31,0.0,0.0,True,False,0.0,78.0,重点观察,True,当日涨停附近；收在日内高位；温和放量；近5日趋势升温；站上20日线且不过热；v2低分涨停修正,-,只做观察或轻仓试错，等待回落承接和量能不失控。,v2,强势,65.43,0.53,3.73,0,2026-04-17,common_index_cache,-0.1,0.6,1.43,1.64,4.02,6.65,9.47,15.38
2026-04-17,603906,龙蟠科技,80,2382.0,10jqka,post_close,2026-04-17 15:00:00,2026-04-16,2,2,65.0,-15.0,ok,2026-04-17,25.8,25.99,27.2,25.07,1213256.0,3.75,9.76,17.6,0.432,2.75,8.38,13.34,18.59,-4.45,0.568,False,False,0.0,18.0,不推送,False,当日上涨；近5日趋势升温；站上20日线且不过热；连续上榜确认,收盘承接偏弱；上影线偏长,不主动推送。,v2,强势,65.43,0.53,3.73,0,2026-04-17,common_index_cache,-0.1,0.6,1.43,1.64,4.02,6.65,3.22,13.87
2026-04-17,603538,美诺华,81,2376.0,10jqka,post_close,2026-04-17 15:00:00,2026-04-10,6,6,34.0,-47.0,ok,2026-04-17,56.0,52.5,56.19,52.3,589756.0,-6.25,3.02,5.87,0.051,0.82,-0.2,9.22,25.3,-8.36,0.049,False,False,0.0,12.0,不推送,False,温和放量；近5日趋势升温；站上20日线且不过热；持续霸榜,当日转弱；收盘承接偏弱；热度可能进入后段；人气排名明显回落,不主动推送。,v2,强势,65.43,0.53,3.73,0,2026-04-17,common_index_cache,-0.1,0.6,1.43,1.64,4.02,6.65,-6.78,2.14
2026-04-17,600089,特变电工,82,2361.0,10jqka,post_close,2026-04-17 15:00:00,2026-04-10,6,6,32.0,-50.0,ok,2026-04-17,27.8,27.32,27.8,27.3,1584672.0,-2.25,-0.58,0.85,0.04,0.86,-0.94,1.38,-0.11,-17.91,0.0,False,False,0.0,0.0,不推送,False,温和放量；持续霸榜,当日转弱；收盘承接偏弱；热度可能进入后段；人气排名明显回落,不主动推送。,v2,强势,65.43,0.53,3.73,0,2026-04-17,common_index_cache,-0.1,0.6,1.43,1.64,4.02,6.65,-2.78,-2.88
2026-04-17,002263,大东南,83,2334.0,10jqka,post_close,2026-04-17 15:00:00,2026-04-10,6,6,48.0,-35.0,ok,2026-04-17,5.26,4.98,5.35,4.93,4957347.0,-3.68,0.81,1.63,0.119,1.17,0.48,2.87,14.64,-6.92,0.214,False,False,0.0,0.0,不推送,False,温和放量；站上20日线且不过热；持续霸榜,当日转弱；收盘承接偏弱；热度可能进入后段；人气排名明显回落,不主动推送。,v2,强势,65.43,0.53,3.73,0,2026-04-17,common_index_cache,-0.1,0.6,1.43,1.64,4.02,6.65,-4.21,-2.1
2026-04-17,000592,平潭发展,84,2325.0,10jqka,post_close,2026-04-17 15:00:00,2026-04-10,5,3,83.0,-1.0,ok,2026-04-17,11.08,10.94,11.18,10.93,1429546.0,-1.53,-3.19,-4.29,0.04,0.46,-2.96,-5.51,-3.91,-30.63,0.4,False,False,0.0,0.0,不推送,False,连续上榜确认,当日转弱；收盘承接偏弱；量能不足；近5日趋势未确认,不主动推送。,v2,强势,65.43,0.53,3.73,0,2026-04-17,common_index_cache,-0.1,0.6,1.43,1.64,4.02,6.65,-2.06,-8.02
2026-04-17,601868,中国能建,85,2324.0,10jqka,post_close,2026-04-17 15:00:00,2026-04-17,1,1,,,ok,2026-04-17,2.87,2.91,2.98,2.86,7778783.0,1.04,1.75,2.11,0.417,1.36,1.39,1.57,-2.35,-26.14,0.583,False,False,0.0,0.0,不推送,False,温和放量,收盘承接偏弱；上影线偏长,不主动推送。,v2,强势,65.43,0.53,3.73,0,2026-04-17,common_index_cache,-0.1,0.6,1.43,1.64,4.02,6.65,0.51,-1.62
2026-04-17,605388,均瑶健康,86,2305.0,10jqka,post_close,2026-04-17 15:00:00,2026-04-17,1,1,,,ok,2026-04-17,8.4,8.87,8.87,8.38,465854.0,10.05,33.18,34.8,1.0,1.88,18.65,26.55,30.41,0.0,0.0,True,False,0.0,55.0,不推送,False,当日涨停附近；收在日内高位；放量仍可控；近5日强势延续；v2低分涨停修正,短线涨幅偏高；偏离20日线较大,不主动推送。,v2,强势,65.43,0.53,3.73,0,2026-04-17,common_index_cache,-0.1,0.6,1.43,1.64,4.02,6.65,9.52,31.07
2026-04-17,002156,通富微电,87,2301.0,10jqka,post_close,2026-04-17 15:00:00,2026-04-17,1,1,,,ok,2026-04-17,48.31,48.18,49.17,47.89,950308.0,0.33,3.06,6.52,0.227,1.34,2.25,6.64,10.06,-18.61,0.672,False,False,0.0,16.0,不推送,False,温和放量；近5日趋势升温；站上20日线且不过热,收盘承接偏弱；上影线偏长,不主动推送。,v2,强势,65.43,0.53,3.73,0,2026-04-17,common_index_cache,-0.1,0.6,1.43,1.64,4.02,6.65,-0.2,2.79
2026-04-17,601899,紫金矿业,88,2295.0,10jqka,post_close,2026-04-17 15:00:00,2026-04-10,6,6,71.0,-17.0,ok,2026-04-17,35.0,34.73,35.1,34.5,2155828.0,-1.61,-0.2,2.9,0.383,0.89,0.14,1.85,4.3,-22.72,0.167,False,False,0.0,4.0,不推送,False,温和放量；站上20日线且不过热；持续霸榜,当日转弱；收盘承接偏弱；热度可能进入后段,不主动推送。,v2,强势,65.43,0.53,3.73,0,2026-04-17,common_index_cache,-0.1,0.6,1.43,1.64,4.02,6.65,-2.14,-0.83
2026-04-17,601179,中国西电,89,2281.0,10jqka,post_close,2026-04-17 15:00:00,2026-04-10,4,3,28.0,-61.0,ok,2026-04-17,17.45,17.19,17.58,17.06,1932650.0,-1.43,6.11,6.9,0.25,0.74,1.9,5.95,6.88,-16.76,0.25,False,False,0.0,2.0,不推送,False,近5日趋势升温；站上20日线且不过热；连续上榜确认,当日转弱；收盘承接偏弱；人气排名明显回落,不主动推送。,v2,强势,65.43,0.53,3.73,0,2026-04-17,common_index_cache,-0.1,0.6,1.43,1.64,4.02,6.65,-1.96,3.17
2026-04-17,000037,深南电A,90,2275.0,10jqka,post_close,2026-04-17 15:00:00,2026-04-17,1,1,,,ok,2026-04-17,10.07,11.07,11.07,10.03,227656.0,10.04,13.42,18.65,1.0,0.76,9.52,12.18,4.19,-16.07,0.0,True,False,0.0,64.0,普通观察,True,当日涨停附近；收在日内高位；近5日趋势升温；站上20日线且不过热；v2低分涨停修正,-,保留在样本池，继续看次日人气和承接。,v2,强势,65.43,0.53,3.73,0,2026-04-17,common_index_cache,-0.1,0.6,1.43,1.64,4.02,6.65,9.51,14.92
2026-04-17,603178,圣龙股份,91,2258.0,10jqka,post_close,2026-04-17 15:00:00,2026-04-17,1,1,,,ok,2026-04-17,15.75,17.42,17.42,15.65,92744.0,9.97,10.81,12.24,1.0,4.74,8.66,11.23,12.52,-7.34,0.0,True,False,0.0,52.0,不推送,False,当日涨停附近；收在日内高位；近5日趋势升温；站上20日线且不过热；v2低分涨停修正,放量过猛,不主动推送。,v2,强势,65.43,0.53,3.73,0,2026-04-17,common_index_cache,-0.1,0.6,1.43,1.64,4.02,6.65,9.44,8.51
2026-04-17,603687,大胜达,92,2245.0,10jqka,post_close,2026-04-17 15:00:00,2026-04-16,2,2,14.0,-78.0,ok,2026-04-17,19.38,19.25,20.8,18.8,1339271.0,-2.97,17.38,14.79,0.225,1.72,6.33,10.58,17.5,-7.45,0.71,False,False,0.0,16.0,不推送,False,温和放量；近5日趋势升温；站上20日线且不过热；连续上榜确认,当日转弱；收盘承接偏弱；人气排名明显回落,不主动推送。,v2,强势,65.43,0.53,3.73,0,2026-04-17,common_index_cache,-0.1,0.6,1.43,1.64,4.02,6.65,-3.5,11.06
2026-04-17,603259,药明康德,93,2241.0,10jqka,post_close,2026-04-17 15:00:00,2026-04-17,1,1,,,ok,2026-04-17,105.0,99.39,105.07,99.27,777282.0,-5.93,-6.72,-6.53,0.021,2.43,-5.19,-4.59,-0.69,-8.61,0.012,False,False,0.0,0.0,不推送,False,放量仍可控,当日转弱；收盘承接偏弱；近5日趋势未确认,不主动推送。,v2,强势,65.43,0.53,3.73,0,2026-04-17,common_index_cache,-0.1,0.6,1.43,1.64,4.02,6.65,-6.46,-10.26
2026-04-17,301513,尚水智能,94,2239.0,10jqka,post_close,2026-04-17 15:00:00,2026-04-17,1,1,,,ok,2026-04-17,99.99,103.1,116.78,99.5,154340.0,,,,0.208,,0.0,0.0,0.0,-11.71,0.792,False,False,0.0,0.0,不推送,False,站上20日线且不过热,收盘承接偏弱,不主动推送。,v2,强势,65.43,0.53,3.73,0,2026-04-17,common_index_cache,-0.1,0.6,1.43,1.64,4.02,6.65,,
2026-04-17,600396,华电辽能,95,2230.0,10jqka,post_close,2026-04-17 15:00:00,2026-04-10,6,6,20.0,-75.0,ok,2026-04-17,7.29,7.14,7.7,7.1,2559714.0,-2.06,-11.08,7.53,0.067,0.93,-5.58,-3.34,-6.12,-24.76,0.683,False,False,0.0,0.0,不推送,False,温和放量；近5日趋势升温；持续霸榜,当日转弱；收盘承接偏弱；仍在20日线下方；热度可能进入后段；人气排名明显回落,不主动推送。,v2,强势,65.43,0.53,3.73,0,2026-04-17,common_index_cache,-0.1,0.6,1.43,1.64,4.02,6.65,-2.59,3.8
2026-04-17,603315,福鞍股份,96,2203.0,10jqka,post_close,2026-04-17 15:00:00,2026-04-17,1,1,,,ok,2026-04-17,17.01,18.52,18.52,17.01,671403.0,9.98,21.12,22.97,1.0,2.96,14.08,21.51,26.26,0.0,0.0,True,False,0.0,64.0,普通观察,True,当日涨停附近；收在日内高位；近5日趋势升温；站上20日线且不过热；v2低分涨停修正,-,保留在样本池，继续看次日人气和承接。,v2,强势,65.43,0.53,3.73,0,2026-04-17,common_index_cache,-0.1,0.6,1.43,1.64,4.02,6.65,9.45,19.24
2026-04-17,603601,再升科技,97,2193.0,10jqka,post_close,2026-04-17 15:00:00,2026-04-13,4,3,42.0,-55.0,ok,2026-04-17,14.7,14.77,14.94,14.25,2129953.0,-1.73,4.01,10.97,0.754,0.94,2.51,4.76,8.67,-7.4,0.246,False,False,0.0,38.0,不推送,False,收盘承接较强；温和放量；近5日趋势升温；站上20日线且不过热；连续上榜确认,当日转弱；人气排名明显回落,不主动推送。,v2,强势,65.43,0.53,3.73,0,2026-04-17,common_index_cache,-0.1,0.6,1.43,1.64,4.02,6.65,-2.26,7.24
2026-04-17,003031,中瓷电子,98,2171.0,10jqka,post_close,2026-04-17 15:00:00,2026-04-13,2,1,99.0,1.0,ok,2026-04-17,102.93,112.48,112.48,102.93,145265.0,10.0,7.74,17.19,1.0,0.94,6.81,13.32,26.79,0.0,0.0,True,False,0.0,78.0,重点观察,True,当日涨停附近；收在日内高位；温和放量；近5日趋势升温；站上20日线且不过热；v2低分涨停修正,-,只做观察或轻仓试错，等待回落承接和量能不失控。,v2,强势,65.43,0.53,3.73,0,2026-04-17,common_index_cache,-0.1,0.6,1.43,1.64,4.02,6.65,9.47,13.46
2026-04-17,002416,爱施德,99,2171.0,10jqka,post_close,2026-04-17 15:00:00,2026-04-17,1,1,,,ok,2026-04-17,13.58,13.8,13.94,13.5,305454.0,1.32,4.31,3.53,0.682,1.02,2.0,3.65,6.35,-4.83,0.318,False,False,0.0,22.0,不推送,False,温和放量；站上20日线且不过热,-,不主动推送。,v2,强势,65.43,0.53,3.73,0,2026-04-17,common_index_cache,-0.1,0.6,1.43,1.64,4.02,6.65,0.79,-0.2
2026-04-17,002460,赣锋锂业,100,2150.0,10jqka,post_close,2026-04-17 15:00:00,2026-04-10,6,6,75.0,-25.0,ok,2026-04-17,85.46,84.06,87.98,83.25,920809.0,-1.8,-4.78,0.1,0.171,0.93,-0.99,1.25,6.88,-5.0,0.533,False,False,0.0,0.0,不推送,False,温和放量；站上20日线且不过热；持续霸榜,当日转弱；收盘承接偏弱；热度可能进入后段；人气排名明显回落,不主动推送。,v2,强势,65.43,0.53,3.73,0,2026-04-17,common_index_cache,-0.1,0.6,1.43,1.64,4.02,6.65,-2.33,-3.63
2026-04-20,002580,圣阳股份,1,73326.0,10jqka,post_close,2026-04-20 15:00:00,2026-04-10,7,7,1.0,0.0,ok,2026-04-20,33.58,33.0,33.64,32.2,1048991.0,7.91,30.59,58.05,0.556,0.98,18.18,44.42,69.87,-1.9,0.042,False,False,0.0,44.0,不推送,False,人气Top3；当日强涨；温和放量；持续霸榜,短线涨幅过热；远离20日线过多；热度可能进入后段,不主动推送。,v2,强势,65.17,0.49,3.75,0,2026-04-20,common_index_cache,0.76,0.55,-0.02,2.35,3.88,5.79,7.42,54.3
2026-04-20,002361,神剑股份,2,34555.0,10jqka,post_close,2026-04-20 15:00:00,2026-04-10,7,7,4.0,2.0,ok,2026-04-20,18.85,20.63,20.63,18.75,3251362.0,10.03,11.27,23.53,1.0,0.96,9.7,17.44,30.36,0.0,0.0,True,False,0.0,112.0,强推观察,True,人气Top3；当日涨停附近；收在日内高位；温和放量；近5日趋势升温；持续霸榜；v2强势延续修正；v2低分涨停修正,偏离20日线较大；热度可能进入后段,高风险情绪股：不追一字，优先看分歧承接，跌破5日线或人气退潮就跑。,v2,强势,65.17,0.49,3.75,0,2026-04-20,common_index_cache,0.76,0.55,-0.02,2.35,3.88,5.79,9.54,19.78
2026-04-20,002475,立讯精密,3,28806.0,10jqka,post_close,2026-04-20 15:00:00,2026-04-10,7,7,45.0,42.0,ok,2026-04-20,62.64,65.73,65.73,60.91,3929269.0,10.01,11.82,12.17,1.0,1.94,8.16,14.04,23.1,0.0,0.0,True,False,0.0,120.0,强推观察,True,人气Top3；当日涨停附近；收在日内高位；放量仍可控；近5日趋势升温；站上20日线且不过热；持续霸榜；人气排名明显上升；v2强势延续修正；v2低分涨停修正,热度可能进入后段,高风险情绪股：不追一字，优先看分歧承接，跌破5日线或人气退潮就跑。,v2,强势,65.17,0.49,3.75,0,2026-04-20,common_index_cache,0.76,0.55,-0.02,2.35,3.88,5.79,9.52,8.42
2026-04-20,001896,豫能控股,4,18991.0,10jqka,post_close,2026-04-20 15:00:00,2026-04-13,6,6,40.0,36.0,ok,2026-04-20,17.32,18.79,18.79,16.89,2376931.0,10.01,13.4,30.4,1.0,1.12,11.1,24.73,25.62,0.0,0.0,True,False,0.0,113.0,强推观察,True,人气Top10；当日涨停附近；收在日内高位；温和放量；近5日强势延续；站上20日线且不过热；持续霸榜；人气排名明显上升；v2强势延续修正；v2低分涨停修正,短线涨幅偏高；热度可能进入后段,高风险情绪股：不追一字，优先看分歧承接，跌破5日线或人气退潮就跑。,v2,强势,65.17,0.49,3.75,0,2026-04-20,common_index_cache,0.76,0.55,-0.02,2.35,3.88,5.79,9.52,26.65
2026-04-20,002297,博云新材,5,18419.0,10jqka,post_close,2026-04-20 15:00:00,2026-04-10,6,3,7.0,2.0,ok,2026-04-20,18.73,19.46,19.46,18.52,864474.0,10.01,33.11,61.09,1.0,1.57,19.92,41.71,59.1,0.0,0.0,True,False,0.0,64.0,普通观察,True,人气Top10；当日涨停附近；收在日内高位；温和放量；连续上榜确认,短线涨幅过热；远离20日线过多,保留在样本池，继续看次日人气和承接。,v2,强势,65.17,0.49,3.75,0,2026-04-20,common_index_cache,0.76,0.55,-0.02,2.35,3.88,5.79,9.52,57.34
2026-04-20,600487,亨通光电,6,16208.0,10jqka,post_close,2026-04-20 15:00:00,2026-04-10,7,7,2.0,-4.0,ok,2026-04-20,58.35,60.89,60.99,57.5,2218726.0,9.42,16.8,13.83,0.971,1.31,10.92,8.59,14.74,-0.99,0.029,False,False,0.0,94.0,强推观察,True,人气Top10；当日强涨；收在日内高位；温和放量；近5日趋势升温；站上20日线且不过热；持续霸榜,热度可能进入后段,高风险情绪股：不追一字，优先看分歧承接，跌破5日线或人气退潮就跑。,v2,强势,65.17,0.49,3.75,0,2026-04-20,common_index_cache,0.76,0.55,-0.02,2.35,3.88,5.79,8.93,10.08
2026-04-20,601179,中国西电,7,15292.0,10jqka,post_close,2026-04-20 15:00:00,2026-04-10,5,4,89.0,82.0,ok,2026-04-20,17.18,18.22,18.4,16.76,3497737.0,5.99,2.94,15.17,0.89,1.33,5.01,10.14,12.61,-11.77,0.11,False,False,0.0,88.0,重点观察,True,人气Top10；当日上涨；收盘承接较强；温和放量；近5日趋势升温；站上20日线且不过热；连续上榜确认；人气排名明显上升,-,只做观察或轻仓试错，等待回落承接和量能不失控。,v2,强势,65.17,0.49,3.75,0,2026-04-20,common_index_cache,0.76,0.55,-0.02,2.35,3.88,5.79,5.5,11.42
2026-04-20,300058,蓝色光标,8,14351.0,10jqka,post_close,2026-04-20 15:00:00,2026-04-10,7,7,22.0,14.0,ok,2026-04-20,17.93,19.53,20.69,17.65,7922451.0,8.5,18.87,18.08,0.618,1.34,10.43,16.24,26.28,-20.06,0.382,False,False,0.0,82.0,重点观察,True,人气Top10；当日强涨；温和放量；近5日趋势升温；站上20日线且不过热；持续霸榜；人气排名明显上升,热度可能进入后段,只做观察或轻仓试错，等待回落承接和量能不失控。,v2,强势,65.17,0.49,3.75,0,2026-04-20,common_index_cache,0.76,0.55,-0.02,2.35,3.88,5.79,8.01,14.33
2026-04-20,601778,晶科科技,9,13688.0,10jqka,post_close,2026-04-20 15:00:00,2026-04-14,5,5,5.0,-4.0,ok,2026-04-20,6.8,6.51,6.86,6.38,8134380.0,-5.79,7.6,18.8,0.271,1.22,1.21,12.71,17.92,-11.19,0.125,False,False,0.0,40.0,不推送,False,人气Top10；温和放量；近5日趋势升温；站上20日线且不过热；持续霸榜,当日转弱；收盘承接偏弱；热度可能进入后段,不主动推送。,v2,强势,65.17,0.49,3.75,0,2026-04-20,common_index_cache,0.76,0.55,-0.02,2.35,3.88,5.79,-6.28,15.05
2026-04-20,002565,顺灏股份,10,13631.0,10jqka,post_close,2026-04-20 15:00:00,2026-04-14,5,5,15.0,5.0,ok,2026-04-20,18.95,20.29,20.56,18.95,2680636.0,7.24,14.63,23.57,0.832,1.2,10.32,15.63,20.58,-1.31,0.168,False,False,0.0,88.0,重点观察,True,人气Top10；当日强涨；收盘承接较强；温和放量；近5日趋势升温；站上20日线且不过热；持续霸榜,热度可能进入后段,只做观察或轻仓试错，等待回落承接和量能不失控。,v2,强势,65.17,0.49,3.75,0,2026-04-20,common_index_cache,0.76,0.55,-0.02,2.35,3.88,5.79,6.75,19.82
2026-04-20,600118,中国卫星,11,13404.0,10jqka,post_close,2026-04-20 15:00:00,2026-04-20,1,1,,,ok,2026-04-20,85.99,94.52,94.52,85.99,771789.0,10.0,9.55,17.42,1.0,1.61,8.24,13.69,16.57,-13.2,0.0,True,False,0.0,110.0,强推观察,True,人气Top20；当日涨停附近；收在日内高位；温和放量；近5日趋势升温；站上20日线且不过热；首次上榜即强势；v2强势延续修正；v2低分涨停修正,-,高风险情绪股：不追一字，优先看分歧承接，跌破5日线或人气退潮就跑。,v2,强势,65.17,0.49,3.75,0,2026-04-20,common_index_cache,0.76,0.55,-0.02,2.35,3.88,5.79,9.51,13.67
2026-04-20,002418,康盛股份,12,12936.0,10jqka,post_close,2026-04-20 15:00:00,2026-04-10,6,2,18.0,6.0,ok,2026-04-20,6.81,6.81,6.81,6.8,628090.0,10.02,23.82,8.79,1.0,0.23,12.64,19.45,32.83,0.0,0.0,True,True,0.0,58.0,不推送,False,人气Top20；当日涨停附近；收在日内高位；近5日趋势升温；连续上榜确认,量能不足；偏离20日线较大；一字或近似一字，参与点差,不主动推送。,v2,强势,65.17,0.49,3.75,0,2026-04-20,common_index_cache,0.76,0.55,-0.02,2.35,3.88,5.79,9.53,5.04
2026-04-20,002217,合力泰,13,12763.0,10jqka,post_close,2026-04-20 15:00:00,2026-04-17,2,2,6.0,-7.0,ok,2026-04-20,2.91,2.95,2.95,2.91,2480961.0,10.07,22.41,18.0,1.0,0.95,13.72,16.69,20.75,-10.06,0.0,True,False,0.0,120.0,强推观察,True,人气Top20；当日涨停附近；收在日内高位；温和放量；近5日趋势升温；站上20日线且不过热；连续上榜确认；v2强势延续修正；v2连榜升温修正；v2低分涨停修正,-,高风险情绪股：不追一字，优先看分歧承接，跌破5日线或人气退潮就跑。,v2,强势,65.17,0.49,3.75,0,2026-04-20,common_index_cache,0.76,0.55,-0.02,2.35,3.88,5.79,9.58,14.25
2026-04-20,600666,奥瑞德,14,12346.0,10jqka,post_close,2026-04-20 15:00:00,2026-04-10,7,7,8.0,-6.0,ok,2026-04-20,7.07,7.16,7.57,7.07,7028012.0,0.99,14.93,11.53,0.18,1.18,5.89,9.31,17.56,-5.42,0.82,False,False,0.0,36.0,不推送,False,人气Top20；温和放量；近5日趋势升温；站上20日线且不过热；持续霸榜,收盘承接偏弱；热度可能进入后段；上影线偏长,不主动推送。,v2,强势,65.17,0.49,3.75,0,2026-04-20,common_index_cache,0.76,0.55,-0.02,2.35,3.88,5.79,0.5,7.78
2026-04-20,300476,胜宏科技,15,11971.0,10jqka,post_close,2026-04-20 15:00:00,2026-04-10,6,2,59.0,44.0,ok,2026-04-20,329.0,343.0,349.79,326.9,544758.0,5.08,16.1,15.82,0.703,1.07,8.79,14.98,23.06,-1.94,0.297,False,False,0.0,78.0,重点观察,True,人气Top20；当日上涨；温和放量；近5日趋势升温；站上20日线且不过热；连续上榜确认；人气排名明显上升；v2连榜升温修正,-,只做观察或轻仓试错，等待回落承接和量能不失控。,v2,强势,65.17,0.49,3.75,0,2026-04-20,common_index_cache,0.76,0.55,-0.02,2.35,3.88,5.79,4.59,12.07
2026-04-20,603778,国晟科技,16,11842.0,10jqka,post_close,2026-04-20 15:00:00,2026-04-10,7,7,24.0,8.0,ok,2026-04-20,24.82,26.68,26.68,24.82,868160.0,10.02,-0.48,-19.4,1.0,0.97,-0.4,-9.46,-2.86,-22.15,0.0,True,False,0.0,68.0,普通观察,True,人气Top20；当日涨停附近；收在日内高位；温和放量；持续霸榜,近5日趋势未确认；热度可能进入后段,保留在样本池，继续看次日人气和承接。,v2,强势,65.17,0.49,3.75,0,2026-04-20,common_index_cache,0.76,0.55,-0.02,2.35,3.88,5.79,9.53,-23.15
2026-04-20,002149,西部材料,17,11554.0,10jqka,post_close,2026-04-20 15:00:00,2026-04-14,4,2,75.0,58.0,ok,2026-04-20,54.81,60.28,60.28,54.32,826012.0,10.0,12.36,32.63,1.0,1.01,10.66,19.69,23.4,0.0,0.0,True,False,0.0,117.0,强推观察,True,人气Top20；当日涨停附近；收在日内高位；温和放量；近5日强势延续；站上20日线且不过热；连续上榜确认；人气排名明显上升；v2强势延续修正；v2连榜升温修正；v2低分涨停修正,短线涨幅偏高,高风险情绪股：不追一字，优先看分歧承接，跌破5日线或人气退潮就跑。,v2,强势,65.17,0.49,3.75,0,2026-04-20,common_index_cache,0.76,0.55,-0.02,2.35,3.88,5.79,9.51,28.88
2026-04-20,600103,青山纸业,18,11540.0,10jqka,post_close,2026-04-20 15:00:00,2026-04-10,4,2,72.0,54.0,ok,2026-04-20,4.28,4.73,4.73,4.26,5352320.0,10.0,18.55,18.25,1.0,1.45,11.35,18.55,27.03,0.0,0.0,True,False,0.0,124.0,强推观察,True,人气Top20；当日涨停附近；收在日内高位；温和放量；近5日趋势升温；站上20日线且不过热；连续上榜确认；人气排名明显上升；v2强势延续修正；v2连榜升温修正；v2低分涨停修正,-,高风险情绪股：不追一字，优先看分歧承接，跌破5日线或人气退潮就跑。,v2,强势,65.17,0.49,3.75,0,2026-04-20,common_index_cache,0.76,0.55,-0.02,2.35,3.88,5.79,9.51,14.5
2026-04-20,002428,云南锗业,19,11452.0,10jqka,post_close,2026-04-20 15:00:00,2026-04-14,3,2,16.0,-3.0,ok,2026-04-20,63.86,68.2,68.2,63.68,1157818.0,10.0,19.34,23.71,1.0,1.31,12.69,18.18,28.77,0.0,0.0,True,False,0.0,110.0,强推观察,True,人气Top20；当日涨停附近；收在日内高位；温和放量；近5日趋势升温；连续上榜确认；v2强势延续修正；v2连榜升温修正；v2低分涨停修正,偏离20日线较大,高风险情绪股：不追一字，优先看分歧承接，跌破5日线或人气退潮就跑。,v2,强势,65.17,0.49,3.75,0,2026-04-20,common_index_cache,0.76,0.55,-0.02,2.35,3.88,5.79,9.51,19.96
2026-04-20,002309,中利集团,20,11358.0,10jqka,post_close,2026-04-20 15:00:00,2026-04-10,5,1,66.0,46.0,ok,2026-04-20,4.03,4.38,4.38,4.03,4832630.0,10.05,8.68,-1.57,1.0,1.23,5.69,-1.77,-4.54,-19.34,0.0,True,False,0.0,68.0,普通观察,True,人气Top20；当日涨停附近；收在日内高位；温和放量；人气排名明显上升,近5日趋势未确认,保留在样本池，继续看次日人气和承接。,v2,强势,65.17,0.49,3.75,0,2026-04-20,common_index_cache,0.76,0.55,-0.02,2.35,3.88,5.79,9.56,-5.32
2026-04-20,002202,金风科技,21,10727.0,10jqka,post_close,2026-04-20 15:00:00,2026-04-10,7,7,49.0,28.0,ok,2026-04-20,25.14,26.59,26.95,25.03,2803097.0,4.73,6.27,10.15,0.813,1.42,4.45,8.06,3.74,-20.15,0.187,False,False,0.0,68.0,普通观察,True,人气Top50；当日上涨；收盘承接较强；温和放量；近5日趋势升温；站上20日线且不过热；持续霸榜；人气排名明显上升,热度可能进入后段,保留在样本池，继续看次日人气和承接。,v2,强势,65.17,0.49,3.75,0,2026-04-20,common_index_cache,0.76,0.55,-0.02,2.35,3.88,5.79,4.24,6.4
2026-04-20,600879,航天电子,22,10694.0,10jqka,post_close,2026-04-20 15:00:00,2026-04-14,3,1,60.0,38.0,ok,2026-04-20,23.49,25.53,25.66,23.49,3050304.0,9.01,10.04,19.35,0.94,1.88,8.34,13.99,16.72,-18.85,0.06,False,False,0.0,72.0,普通观察,True,人气Top50；当日强涨；收在日内高位；放量仍可控；近5日趋势升温；站上20日线且不过热；人气排名明显上升,-,保留在样本池，继续看次日人气和承接。,v2,强势,65.17,0.49,3.75,0,2026-04-20,common_index_cache,0.76,0.55,-0.02,2.35,3.88,5.79,8.52,15.6
2026-04-20,000547,航天发展,23,10460.0,10jqka,post_close,2026-04-20 15:00:00,2026-04-14,4,1,47.0,24.0,ok,2026-04-20,26.88,28.75,29.5,26.7,3137167.0,6.56,3.9,8.82,0.732,1.69,4.19,6.01,5.55,-17.0,0.268,False,False,0.0,54.0,不推送,False,人气Top50；当日上涨；温和放量；近5日趋势升温；站上20日线且不过热；人气排名明显上升,-,不主动推送。,v2,强势,65.17,0.49,3.75,0,2026-04-20,common_index_cache,0.76,0.55,-0.02,2.35,3.88,5.79,6.07,5.07
2026-04-20,600522,中天科技,24,10428.0,10jqka,post_close,2026-04-20 15:00:00,2026-04-10,3,2,29.0,5.0,ok,2026-04-20,28.9,30.95,30.95,28.83,2247838.0,9.99,11.33,8.52,1.0,1.35,8.05,5.31,7.69,-3.82,0.0,True,False,0.0,98.0,强推观察,True,人气Top50；当日涨停附近；收在日内高位；温和放量；近5日趋势升温；站上20日线且不过热；连续上榜确认；v2强势延续修正,-,高风险情绪股：不追一字，优先看分歧承接，跌破5日线或人气退潮就跑。,v2,强势,65.17,0.49,3.75,0,2026-04-20,common_index_cache,0.76,0.55,-0.02,2.35,3.88,5.79,9.5,4.77
2026-04-20,002131,利欧股份,25,9954.0,10jqka,post_close,2026-04-20 15:00:00,2026-04-10,7,7,65.0,40.0,ok,2026-04-20,7.92,8.31,8.45,7.89,7969478.0,4.4,6.27,3.23,0.75,1.56,3.2,4.55,7.32,-20.1,0.25,False,False,0.0,56.0,不推送,False,人气Top50；当日上涨；收盘承接较强；温和放量；站上20日线且不过热；持续霸榜；人气排名明显上升,热度可能进入后段,不主动推送。,v2,强势,65.17,0.49,3.75,0,2026-04-20,common_index_cache,0.76,0.55,-0.02,2.35,3.88,5.79,3.91,-0.52
2026-04-20,002837,英维克,26,9923.0,10jqka,post_close,2026-04-20 15:00:00,2026-04-10,6,2,60.0,34.0,ok,2026-04-20,113.2,121.08,121.74,111.68,847987.0,9.41,14.97,17.71,0.934,1.51,9.47,18.2,25.11,-0.54,0.066,False,False,0.0,94.0,强推观察,True,人气Top50；当日强涨；收在日内高位；温和放量；近5日趋势升温；站上20日线且不过热；连续上榜确认；人气排名明显上升；v2连榜升温修正,-,高风险情绪股：不追一字，优先看分歧承接，跌破5日线或人气退潮就跑。,v2,强势,65.17,0.49,3.75,0,2026-04-20,common_index_cache,0.76,0.55,-0.02,2.35,3.88,5.79,8.92,13.96
2026-04-20,002414,高德红外,27,9891.0,10jqka,post_close,2026-04-20 15:00:00,2026-04-20,1,1,,,ok,2026-04-20,13.8,13.69,13.85,13.57,802546.0,-0.65,4.66,-0.36,0.429,1.06,1.62,2.03,4.23,-26.48,0.179,False,False,0.0,4.0,不推送,False,人气Top50；温和放量；站上20日线且不过热,当日转弱；收盘承接偏弱；近5日趋势未确认,不主动推送。,v2,强势,65.17,0.49,3.75,0,2026-04-20,common_index_cache,0.76,0.55,-0.02,2.35,3.88,5.79,-1.14,-4.11
2026-04-20,603178,圣龙股份,28,9410.0,10jqka,post_close,2026-04-20 15:00:00,2026-04-17,2,2,91.0,63.0,ok,2026-04-20,18.23,19.16,19.16,17.99,319495.0,9.99,23.53,22.27,1.0,9.32,14.52,19.05,22.28,0.0,0.0,True,False,0.0,72.0,普通观察,True,人气Top50；当日涨停附近；收在日内高位；近5日趋势升温；站上20日线且不过热；连续上榜确认；人气排名明显上升；v2低分涨停修正,放量过猛,保留在样本池，继续看次日人气和承接。,v2,强势,65.17,0.49,3.75,0,2026-04-20,common_index_cache,0.76,0.55,-0.02,2.35,3.88,5.79,9.5,18.52
2026-04-20,002560,通达股份,29,9387.0,10jqka,post_close,2026-04-20 15:00:00,2026-04-10,7,7,47.0,18.0,ok,2026-04-20,14.65,15.27,15.27,14.43,1003765.0,10.01,8.76,6.93,1.0,0.71,7.67,9.99,24.8,0.0,0.0,True,False,0.0,74.0,普通观察,True,人气Top50；当日涨停附近；收在日内高位；近5日趋势升温；站上20日线且不过热；持续霸榜；人气排名明显上升,热度可能进入后段,保留在样本池，继续看次日人气和承接。,v2,强势,65.17,0.49,3.75,0,2026-04-20,common_index_cache,0.76,0.55,-0.02,2.35,3.88,5.79,9.52,3.18
2026-04-20,002491,通鼎互联,30,9365.0,10jqka,post_close,2026-04-20 15:00:00,2026-04-10,6,4,39.0,9.0,ok,2026-04-20,16.3,16.64,16.64,16.25,717732.0,9.98,17.18,12.28,1.0,0.29,8.5,10.02,25.64,-0.12,0.0,True,False,0.0,72.0,普通观察,True,人气Top50；当日涨停附近；收在日内高位；近5日趋势升温；站上20日线且不过热；连续上榜确认；v2低分涨停修正,量能不足,保留在样本池，继续看次日人气和承接。,v2,强势,65.17,0.49,3.75,0,2026-04-20,common_index_cache,0.76,0.55,-0.02,2.35,3.88,5.79,9.49,8.53
2026-04-20,002342,巨力索具,31,9329.0,10jqka,post_close,2026-04-20 15:00:00,2026-04-10,7,7,28.0,-3.0,ok,2026-04-20,19.2,19.47,20.0,18.8,2775632.0,2.15,6.45,19.16,0.558,1.02,5.27,16.61,31.89,-9.1,0.442,False,False,0.0,36.0,不推送,False,人气Top50；温和放量；近5日趋势升温；持续霸榜,偏离20日线较大；热度可能进入后段,不主动推送。,v2,强势,65.17,0.49,3.75,0,2026-04-20,common_index_cache,0.76,0.55,-0.02,2.35,3.88,5.79,1.66,15.41
2026-04-20,002364,中恒电气,32,9204.0,10jqka,post_close,2026-04-20 15:00:00,2026-04-10,7,7,61.0,29.0,ok,2026-04-20,41.48,43.7,44.17,40.41,1194186.0,6.82,0.69,13.12,0.875,1.25,2.44,16.35,33.64,-1.06,0.125,False,False,0.0,58.0,不推送,False,人气Top50；当日上涨；收盘承接较强；温和放量；近5日趋势升温；持续霸榜；人气排名明显上升,偏离20日线较大；热度可能进入后段,不主动推送。,v2,强势,65.17,0.49,3.75,0,2026-04-20,common_index_cache,0.76,0.55,-0.02,2.35,3.88,5.79,6.33,9.37
2026-04-20,601698,中国卫通,33,9062.0,10jqka,post_close,2026-04-20 15:00:00,2026-04-20,1,1,,,ok,2026-04-20,33.99,37.38,37.38,33.9,1265841.0,10.01,10.04,14.28,1.0,2.52,7.95,11.55,14.02,-12.05,0.0,True,False,0.0,90.0,强推观察,True,人气Top50；当日涨停附近；收在日内高位；放量仍可控；近5日趋势升温；站上20日线且不过热；v2强势延续修正；v2低分涨停修正,-,高风险情绪股：不追一字，优先看分歧承接，跌破5日线或人气退潮就跑。,v2,强势,65.17,0.49,3.75,0,2026-04-20,common_index_cache,0.76,0.55,-0.02,2.35,3.88,5.79,9.52,10.53
2026-04-20,002242,九阳股份,34,8775.0,10jqka,post_close,2026-04-20 15:00:00,2026-04-20,1,1,,,ok,2026-04-20,10.23,11.25,11.25,10.06,338138.0,9.97,15.03,16.1,1.0,4.28,10.21,13.0,14.46,0.0,0.0,True,False,0.0,60.0,普通观察,True,人气Top50；当日涨停附近；收在日内高位；近5日趋势升温；站上20日线且不过热；v2低分涨停修正,放量过猛,保留在样本池，继续看次日人气和承接。,v2,强势,65.17,0.49,3.75,0,2026-04-20,common_index_cache,0.76,0.55,-0.02,2.35,3.88,5.79,9.48,12.35
2026-04-20,600330,天通股份,35,8592.0,10jqka,post_close,2026-04-20 15:00:00,2026-04-10,3,2,9.0,-26.0,ok,2026-04-20,23.9,23.9,23.9,23.9,309827.0,9.99,20.71,21.81,1.0,0.23,12.96,20.28,32.34,0.0,0.0,True,True,0.0,46.0,不推送,False,人气Top50；当日涨停附近；收在日内高位；近5日趋势升温；连续上榜确认,量能不足；偏离20日线较大；人气排名明显回落；一字或近似一字，参与点差,不主动推送。,v2,强势,65.17,0.49,3.75,0,2026-04-20,common_index_cache,0.76,0.55,-0.02,2.35,3.88,5.79,9.5,18.06
2026-04-20,600821,金开新能,36,8438.0,10jqka,post_close,2026-04-20 15:00:00,2026-04-15,4,4,46.0,10.0,ok,2026-04-20,8.9,9.39,9.45,8.85,3995967.0,3.41,6.22,13.68,0.9,1.27,5.41,10.12,3.56,-23.03,0.1,False,False,0.0,78.0,重点观察,True,人气Top50；当日上涨；收在日内高位；温和放量；近5日趋势升温；站上20日线且不过热；连续上榜确认；人气排名明显上升,-,只做观察或轻仓试错，等待回落承接和量能不失控。,v2,强势,65.17,0.49,3.75,0,2026-04-20,common_index_cache,0.76,0.55,-0.02,2.35,3.88,5.79,2.92,9.93
2026-04-20,002536,飞龙股份,37,8367.0,10jqka,post_close,2026-04-20 15:00:00,2026-04-15,3,1,41.0,4.0,ok,2026-04-20,37.26,40.96,40.96,36.51,365783.0,9.99,14.41,17.67,1.0,0.68,9.96,17.98,28.89,-1.7,0.0,True,False,0.0,72.0,普通观察,True,人气Top50；当日涨停附近；收在日内高位；近5日趋势升温；v2强势延续修正；v2低分涨停修正,偏离20日线较大,保留在样本池，继续看次日人气和承接。,v2,强势,65.17,0.49,3.75,0,2026-04-20,common_index_cache,0.76,0.55,-0.02,2.35,3.88,5.79,9.5,13.92
2026-04-20,002081,金螳螂,38,8349.0,10jqka,post_close,2026-04-20 15:00:00,2026-04-20,1,1,,,ok,2026-04-20,3.74,4.08,4.08,3.68,1934022.0,9.97,21.07,21.43,1.0,6.92,14.09,17.78,20.19,0.0,0.0,True,False,0.0,60.0,普通观察,True,人气Top50；当日涨停附近；收在日内高位；近5日趋势升温；站上20日线且不过热；v2低分涨停修正,放量过猛,保留在样本池，继续看次日人气和承接。,v2,强势,65.17,0.49,3.75,0,2026-04-20,common_index_cache,0.76,0.55,-0.02,2.35,3.88,5.79,9.48,17.68
2026-04-20,600156,华升股份,39,8314.0,10jqka,post_close,2026-04-20 15:00:00,2026-04-17,2,2,55.0,16.0,ok,2026-04-20,9.28,10.19,10.19,9.28,356662.0,10.04,33.2,29.81,1.0,1.65,17.61,25.25,27.97,0.0,0.0,True,False,0.0,109.0,强推观察,True,人气Top50；当日涨停附近；收在日内高位；温和放量；近5日强势延续；站上20日线且不过热；连续上榜确认；人气排名明显上升；v2强势延续修正；v2连榜升温修正；v2低分涨停修正,短线涨幅偏高,高风险情绪股：不追一字，优先看分歧承接，跌破5日线或人气退潮就跑。,v2,强势,65.17,0.49,3.75,0,2026-04-20,common_index_cache,0.76,0.55,-0.02,2.35,3.88,5.79,9.55,26.06
2026-04-20,601138,工业富联,40,8219.0,10jqka,post_close,2026-04-20 15:00:00,2026-04-10,7,7,17.0,-23.0,ok,2026-04-20,61.89,61.51,63.33,61.01,2131508.0,0.89,6.38,10.43,0.216,1.11,3.02,6.98,13.99,-3.89,0.621,False,False,0.0,24.0,不推送,False,人气Top50；温和放量；近5日趋势升温；站上20日线且不过热；持续霸榜,收盘承接偏弱；热度可能进入后段；人气排名明显回落；上影线偏长,不主动推送。,v2,强势,65.17,0.49,3.75,0,2026-04-20,common_index_cache,0.76,0.55,-0.02,2.35,3.88,5.79,0.4,6.68
2026-04-20,603402,陕西旅游,41,8198.0,10jqka,post_close,2026-04-20 15:00:00,2026-04-20,1,1,,,ok,2026-04-20,137.11,136.88,137.99,135.1,13126.0,-0.01,-1.43,4.15,0.616,0.74,-0.52,1.52,1.6,-19.39,0.304,False,False,0.0,6.0,不推送,False,人气Top50；站上20日线且不过热,当日转弱,不主动推送。,v2,强势,65.17,0.49,3.75,0,2026-04-20,common_index_cache,0.76,0.55,-0.02,2.35,3.88,5.79,-0.5,0.4
2026-04-20,600105,永鼎股份,42,8169.0,10jqka,post_close,2026-04-20 15:00:00,2026-04-10,7,7,21.0,-21.0,ok,2026-04-20,41.31,41.8,43.86,40.72,1853075.0,1.21,11.35,8.01,0.344,0.92,5.94,12.31,29.19,-4.7,0.656,False,False,0.0,14.0,不推送,False,人气Top50；温和放量；近5日趋势升温；持续霸榜,收盘承接偏弱；偏离20日线较大；热度可能进入后段；人气排名明显回落；上影线偏长,不主动推送。,v2,强势,65.17,0.49,3.75,0,2026-04-20,common_index_cache,0.76,0.55,-0.02,2.35,3.88,5.79,0.72,4.26
2026-04-20,300308,中际旭创,43,7889.0,10jqka,post_close,2026-04-20 15:00:00,2026-04-10,7,7,11.0,-32.0,ok,2026-04-20,849.0,850.0,878.98,840.58,272631.0,0.0,8.98,15.18,0.245,0.89,4.64,12.85,25.74,-3.3,0.755,False,False,0.0,30.0,不推送,False,人气Top50；温和放量；近5日趋势升温；站上20日线且不过热；持续霸榜,收盘承接偏弱；热度可能进入后段；人气排名明显回落,不主动推送。,v2,强势,65.17,0.49,3.75,0,2026-04-20,common_index_cache,0.76,0.55,-0.02,2.35,3.88,5.79,-0.49,11.43
2026-04-20,000890,法尔胜,44,7854.0,10jqka,post_close,2026-04-20 15:00:00,2026-04-10,4,1,76.0,32.0,ok,2026-04-20,12.56,13.55,13.6,12.31,792859.0,9.19,6.19,3.04,0.961,1.04,7.18,-3.1,-4.1,-23.06,0.039,False,False,0.0,58.0,不推送,False,人气Top50；当日强涨；收在日内高位；温和放量；人气排名明显上升,-,不主动推送。,v2,强势,65.17,0.49,3.75,0,2026-04-20,common_index_cache,0.76,0.55,-0.02,2.35,3.88,5.79,8.7,-0.71
2026-04-20,600703,三安光电,45,7783.0,10jqka,post_close,2026-04-20 15:00:00,2026-04-10,4,2,3.0,-42.0,ok,2026-04-20,13.5,13.65,13.92,13.34,4371502.0,2.32,12.44,9.64,0.534,1.64,7.51,9.96,8.74,-27.28,0.466,False,False,0.0,40.0,不推送,False,人气Top50；温和放量；近5日趋势升温；站上20日线且不过热；连续上榜确认,人气排名明显回落；上影线偏长,不主动推送。,v2,强势,65.17,0.49,3.75,0,2026-04-20,common_index_cache,0.76,0.55,-0.02,2.35,3.88,5.79,1.83,5.89
2026-04-20,000889,中嘉博创,46,7777.0,10jqka,post_close,2026-04-20 15:00:00,2026-04-10,7,7,43.0,-3.0,ok,2026-04-20,5.42,5.14,5.45,5.03,2555625.0,-2.84,8.44,31.12,0.262,1.0,4.98,18.03,33.71,-5.69,0.071,False,False,0.0,7.0,不推送,False,人气Top50；温和放量；近5日强势延续；持续霸榜,当日转弱；收盘承接偏弱；短线涨幅偏高；偏离20日线较大；热度可能进入后段,不主动推送。,v2,强势,65.17,0.49,3.75,0,2026-04-20,common_index_cache,0.76,0.55,-0.02,2.35,3.88,5.79,-3.33,27.37
2026-04-20,300750,宁德时代,47,7453.0,10jqka,post_close,2026-04-20 15:00:00,2026-04-10,7,7,30.0,-17.0,ok,2026-04-20,426.09,425.59,430.99,419.1,529278.0,-2.68,0.35,1.28,0.546,1.19,-1.39,2.99,5.26,-6.07,0.412,False,False,0.0,24.0,不推送,False,人气Top50；温和放量；站上20日线且不过热；持续霸榜,当日转弱；热度可能进入后段,不主动推送。,v2,强势,65.17,0.49,3.75,0,2026-04-20,common_index_cache,0.76,0.55,-0.02,2.35,3.88,5.79,-3.17,-2.47
2026-04-20,603773,沃格光电,48,7423.0,10jqka,post_close,2026-04-20 15:00:00,2026-04-10,3,2,53.0,5.0,ok,2026-04-20,56.6,58.19,58.19,56.2,95725.0,10.0,17.51,32.25,1.0,0.37,14.67,29.71,45.97,0.0,0.0,True,False,0.0,45.0,不推送,False,人气Top50；当日涨停附近；收在日内高位；近5日强势延续；连续上榜确认；v2低分涨停修正,量能不足；短线涨幅偏高；远离20日线过多,不主动推送。,v2,强势,65.17,0.49,3.75,0,2026-04-20,common_index_cache,0.76,0.55,-0.02,2.35,3.88,5.79,9.51,28.5
2026-04-20,601869,长飞光纤,49,7399.0,10jqka,post_close,2026-04-20 15:00:00,2026-04-10,7,7,23.0,-26.0,ok,2026-04-20,374.23,385.0,401.98,374.23,210116.0,5.22,7.36,4.29,0.388,1.16,4.48,3.67,17.33,-4.22,0.612,False,False,0.0,20.0,不推送,False,人气Top50；当日上涨；温和放量；站上20日线且不过热；持续霸榜,收盘承接偏弱；热度可能进入后段；人气排名明显回落；上影线偏长,不主动推送。,v2,强势,65.17,0.49,3.75,0,2026-04-20,common_index_cache,0.76,0.55,-0.02,2.35,3.88,5.79,4.73,0.54
2026-04-20,600707,彩虹股份,50,7390.0,10jqka,post_close,2026-04-20 15:00:00,2026-04-10,3,2,27.0,-23.0,ok,2026-04-20,8.27,8.57,8.57,8.08,1107222.0,10.01,19.19,24.38,1.0,0.77,14.39,23.99,36.32,0.0,0.0,True,False,0.0,66.0,普通观察,True,人气Top50；当日涨停附近；收在日内高位；近5日趋势升温；连续上榜确认；v2低分涨停修正,偏离20日线较大；人气排名明显回落,保留在样本池，继续看次日人气和承接。,v2,强势,65.17,0.49,3.75,0,2026-04-20,common_index_cache,0.76,0.55,-0.02,2.35,3.88,5.79,9.52,20.63
2026-04-20,000815,美利云,51,7326.0,10jqka,post_close,2026-04-20 15:00:00,2026-04-13,6,6,77.0,26.0,ok,2026-04-20,21.62,21.95,22.1,21.34,1509227.0,1.62,8.72,8.23,0.803,1.12,2.7,6.67,8.12,-4.98,0.197,False,False,0.0,52.0,不推送,False,收盘承接较强；温和放量；近5日趋势升温；站上20日线且不过热；持续霸榜；人气排名明显上升,热度可能进入后段,不主动推送。,v2,强势,65.17,0.49,3.75,0,2026-04-20,common_index_cache,0.76,0.55,-0.02,2.35,3.88,5.79,1.13,4.48
2026-04-20,000977,浪潮信息,52,7205.0,10jqka,post_close,2026-04-20 15:00:00,2026-04-10,3,1,90.0,38.0,ok,2026-04-20,69.45,73.12,75.05,69.45,1486776.0,7.17,6.16,6.99,0.655,1.87,5.51,9.21,17.64,-2.57,0.345,False,False,0.0,48.0,不推送,False,当日强涨；放量仍可控；近5日趋势升温；站上20日线且不过热；人气排名明显上升,-,不主动推送。,v2,强势,65.17,0.49,3.75,0,2026-04-20,common_index_cache,0.76,0.55,-0.02,2.35,3.88,5.79,6.68,3.24
2026-04-20,603629,利通电子,53,7194.0,10jqka,post_close,2026-04-20 15:00:00,2026-04-13,6,6,10.0,-43.0,ok,2026-04-20,108.0,107.28,109.97,104.0,544925.0,1.75,21.98,47.61,0.549,1.23,12.58,29.12,47.69,-2.45,0.33,False,False,0.0,0.0,不推送,False,温和放量；持续霸榜,短线涨幅过热；远离20日线过多；热度可能进入后段；人气排名明显回落,不主动推送。,v2,强势,65.17,0.49,3.75,0,2026-04-20,common_index_cache,0.76,0.55,-0.02,2.35,3.88,5.79,1.26,43.86
2026-04-20,002498,汉缆股份,54,7190.0,10jqka,post_close,2026-04-20 15:00:00,2026-04-15,3,1,24.0,-30.0,ok,2026-04-20,8.84,9.4,9.5,8.72,3055522.0,6.46,10.59,22.08,0.872,1.52,8.17,14.4,12.68,-14.16,0.128,False,False,0.0,48.0,不推送,False,当日上涨；收盘承接较强；温和放量；近5日趋势升温；站上20日线且不过热,人气排名明显回落,不主动推送。,v2,强势,65.17,0.49,3.75,0,2026-04-20,common_index_cache,0.76,0.55,-0.02,2.35,3.88,5.79,5.97,18.33
2026-04-20,600410,华胜天成,55,7111.0,10jqka,post_close,2026-04-20 15:00:00,2026-04-10,7,7,19.0,-36.0,ok,2026-04-20,29.4,28.99,29.88,28.82,2065206.0,0.17,7.85,8.33,0.16,1.18,3.45,5.51,10.19,-15.51,0.453,False,False,0.0,16.0,不推送,False,温和放量；近5日趋势升温；站上20日线且不过热；持续霸榜,收盘承接偏弱；热度可能进入后段；人气排名明显回落；上影线偏长,不主动推送。,v2,强势,65.17,0.49,3.75,0,2026-04-20,common_index_cache,0.76,0.55,-0.02,2.35,3.88,5.79,-0.32,4.58
2026-04-20,002328,新朋股份,56,7050.0,10jqka,post_close,2026-04-20 15:00:00,2026-04-10,7,7,25.0,-31.0,ok,2026-04-20,13.01,12.51,13.07,12.32,1595887.0,-3.77,0.08,16.26,0.253,0.82,-1.11,13.85,38.58,-7.88,0.08,False,False,0.0,2.0,不推送,False,温和放量；近5日趋势升温；持续霸榜,当日转弱；收盘承接偏弱；偏离20日线较大；热度可能进入后段；人气排名明显回落,不主动推送。,v2,强势,65.17,0.49,3.75,0,2026-04-20,common_index_cache,0.76,0.55,-0.02,2.35,3.88,5.79,-4.26,12.51
2026-04-20,600089,特变电工,57,6690.0,10jqka,post_close,2026-04-20 15:00:00,2026-04-10,7,7,82.0,25.0,ok,2026-04-20,27.34,27.89,28.0,26.81,2168589.0,2.09,-1.17,3.6,0.908,1.16,0.42,2.59,1.99,-16.2,0.092,False,False,0.0,46.0,不推送,False,收在日内高位；温和放量；站上20日线且不过热；持续霸榜；人气排名明显上升,热度可能进入后段,不主动推送。,v2,强势,65.17,0.49,3.75,0,2026-04-20,common_index_cache,0.76,0.55,-0.02,2.35,3.88,5.79,1.6,-0.15
2026-04-20,603601,再升科技,58,6504.0,10jqka,post_close,2026-04-20 15:00:00,2026-04-13,5,4,97.0,39.0,ok,2026-04-20,14.89,15.57,15.95,14.8,2543360.0,5.42,8.73,13.48,0.67,1.09,5.36,9.22,12.76,-2.38,0.33,False,False,0.0,54.0,不推送,False,当日上涨；温和放量；近5日趋势升温；站上20日线且不过热；连续上榜确认；人气排名明显上升,-,不主动推送。,v2,强势,65.17,0.49,3.75,0,2026-04-20,common_index_cache,0.76,0.55,-0.02,2.35,3.88,5.79,4.93,9.73
2026-04-20,600498,烽火通信,59,6486.0,10jqka,post_close,2026-04-20 15:00:00,2026-04-10,5,2,63.0,4.0,ok,2026-04-20,50.6,52.97,53.88,50.59,1323371.0,7.51,9.26,5.58,0.723,1.55,5.88,4.33,8.42,-14.26,0.277,False,False,0.0,58.0,不推送,False,当日强涨；温和放量；近5日趋势升温；站上20日线且不过热；连续上榜确认,-,不主动推送。,v2,强势,65.17,0.49,3.75,0,2026-04-20,common_index_cache,0.76,0.55,-0.02,2.35,3.88,5.79,7.02,1.83
2026-04-20,002506,协鑫集成,60,6402.0,10jqka,post_close,2026-04-20 15:00:00,2026-04-13,4,1,86.0,26.0,ok,2026-04-20,4.49,4.65,4.67,4.43,7399884.0,4.49,6.41,1.97,0.917,1.47,4.12,4.19,-3.31,-26.89,0.083,False,False,0.0,42.0,不推送,False,当日上涨；收在日内高位；温和放量；人气排名明显上升,-,不主动推送。,v2,强势,65.17,0.49,3.75,0,2026-04-20,common_index_cache,0.76,0.55,-0.02,2.35,3.88,5.79,4.0,-1.78
2026-04-20,600206,有研新材,61,6380.0,10jqka,post_close,2026-04-20 15:00:00,2026-04-20,1,1,,,ok,2026-04-20,23.67,25.62,25.62,23.58,1073308.0,10.0,16.14,13.21,1.0,2.39,10.35,14.67,20.27,-3.61,0.0,True,False,0.0,72.0,普通观察,True,当日涨停附近；收在日内高位；放量仍可控；近5日趋势升温；站上20日线且不过热；v2低分涨停修正,-,保留在样本池，继续看次日人气和承接。,v2,强势,65.17,0.49,3.75,0,2026-04-20,common_index_cache,0.76,0.55,-0.02,2.35,3.88,5.79,9.51,9.46
2026-04-20,000988,华工科技,62,6281.0,10jqka,post_close,2026-04-20 15:00:00,2026-04-10,7,7,26.0,-36.0,ok,2026-04-20,115.18,114.98,118.2,113.7,927997.0,-1.46,2.39,-8.13,0.284,0.82,-0.35,0.2,3.47,-18.69,0.671,False,False,0.0,0.0,不推送,False,温和放量；站上20日线且不过热；持续霸榜,当日转弱；收盘承接偏弱；近5日趋势未确认；热度可能进入后段；人气排名明显回落,不主动推送。,v2,强势,65.17,0.49,3.75,0,2026-04-20,common_index_cache,0.76,0.55,-0.02,2.35,3.88,5.79,-1.95,-11.88
2026-04-20,002384,东山精密,63,6257.0,10jqka,post_close,2026-04-20 15:00:00,2026-04-10,7,7,34.0,-29.0,ok,2026-04-20,162.08,157.0,168.2,155.7,1084234.0,-3.15,7.68,6.93,0.104,1.13,3.23,11.22,26.94,-6.66,0.49,False,False,0.0,12.0,不推送,False,温和放量；近5日趋势升温；站上20日线且不过热；持续霸榜,当日转弱；收盘承接偏弱；热度可能进入后段；人气排名明显回落,不主动推送。,v2,强势,65.17,0.49,3.75,0,2026-04-20,common_index_cache,0.76,0.55,-0.02,2.35,3.88,5.79,-3.64,3.18
2026-04-20,000592,平潭发展,64,6225.0,10jqka,post_close,2026-04-20 15:00:00,2026-04-10,6,4,84.0,20.0,ok,2026-04-20,11.31,11.4,11.55,11.22,2736374.0,4.2,0.62,-2.48,0.545,1.07,1.64,-1.3,-0.48,-13.64,0.455,False,False,0.0,24.0,不推送,False,当日上涨；温和放量；连续上榜确认；人气排名明显上升,近5日趋势未确认；上影线偏长,不主动推送。,v2,强势,65.17,0.49,3.75,0,2026-04-20,common_index_cache,0.76,0.55,-0.02,2.35,3.88,5.79,3.71,-6.23
2026-04-20,603538,美诺华,65,6220.0,10jqka,post_close,2026-04-20 15:00:00,2026-04-10,7,7,81.0,16.0,ok,2026-04-20,53.34,51.41,53.51,50.75,488199.0,-2.08,-7.37,6.95,0.239,0.74,-3.5,4.47,19.34,-10.26,0.062,False,False,0.0,6.0,不推送,False,近5日趋势升温；站上20日线且不过热；持续霸榜；人气排名明显上升,当日转弱；收盘承接偏弱；热度可能进入后段,不主动推送。,v2,强势,65.17,0.49,3.75,0,2026-04-20,common_index_cache,0.76,0.55,-0.02,2.35,3.88,5.79,-2.57,3.2
2026-04-20,002600,领益智造,66,6050.0,10jqka,post_close,2026-04-20 15:00:00,2026-04-17,2,2,35.0,-31.0,ok,2026-04-20,14.29,14.64,14.85,14.03,2439697.0,6.16,7.81,6.47,0.744,2.74,5.13,7.47,10.49,-12.18,0.256,False,False,0.0,32.0,不推送,False,当日上涨；近5日趋势升温；站上20日线且不过热；连续上榜确认,人气排名明显回落,不主动推送。,v2,强势,65.17,0.49,3.75,0,2026-04-20,common_index_cache,0.76,0.55,-0.02,2.35,3.88,5.79,5.67,2.72
2026-04-20,603052,可川科技,67,6037.0,10jqka,post_close,2026-04-20 15:00:00,2026-04-17,2,2,79.0,12.0,ok,2026-04-20,87.35,91.69,91.69,83.33,193844.0,10.01,33.12,30.72,1.0,2.07,17.63,26.93,35.81,0.0,0.0,True,False,0.0,67.0,普通观察,True,当日涨停附近；收在日内高位；放量仍可控；近5日强势延续；连续上榜确认；人气排名明显上升；v2低分涨停修正,短线涨幅偏高；偏离20日线较大,保留在样本池，继续看次日人气和承接。,v2,强势,65.17,0.49,3.75,0,2026-04-20,common_index_cache,0.76,0.55,-0.02,2.35,3.88,5.79,9.52,26.97
2026-04-20,002015,协鑫能科,68,5983.0,10jqka,post_close,2026-04-20 15:00:00,2026-04-15,4,4,52.0,-16.0,ok,2026-04-20,18.54,19.16,19.58,18.54,2022333.0,3.4,7.64,9.42,0.596,1.2,4.63,6.98,7.4,-16.66,0.404,False,False,0.0,50.0,不推送,False,当日上涨；温和放量；近5日趋势升温；站上20日线且不过热；连续上榜确认,-,不主动推送。,v2,强势,65.17,0.49,3.75,0,2026-04-20,common_index_cache,0.76,0.55,-0.02,2.35,3.88,5.79,2.91,5.67
2026-04-20,002263,大东南,69,5961.0,10jqka,post_close,2026-04-20 15:00:00,2026-04-10,7,7,83.0,14.0,ok,2026-04-20,4.93,5.13,5.22,4.9,4130997.0,3.01,9.15,2.81,0.719,0.94,2.93,4.95,15.66,-4.11,0.281,False,False,0.0,38.0,不推送,False,当日上涨；温和放量；站上20日线且不过热；持续霸榜；人气排名明显上升,热度可能进入后段,不主动推送。,v2,强势,65.17,0.49,3.75,0,2026-04-20,common_index_cache,0.76,0.55,-0.02,2.35,3.88,5.79,2.52,-0.94
2026-04-20,002990,盛视科技,70,5953.0,10jqka,post_close,2026-04-20 15:00:00,2026-04-14,5,5,20.0,-50.0,ok,2026-04-20,54.01,49.0,54.05,48.39,422964.0,-3.83,16.36,40.8,0.108,1.91,8.09,24.79,42.57,-9.34,0.007,False,False,0.0,0.0,不推送,False,放量仍可控；近5日强势延续；持续霸榜,当日转弱；收盘承接偏弱；短线涨幅偏高；偏离20日线较大；热度可能进入后段；人气排名明显回落,不主动推送。,v2,强势,65.17,0.49,3.75,0,2026-04-20,common_index_cache,0.76,0.55,-0.02,2.35,3.88,5.79,-4.32,37.05
2026-04-20,002008,大族激光,71,5871.0,10jqka,post_close,2026-04-20 15:00:00,2026-04-14,3,1,64.0,-7.0,ok,2026-04-20,88.59,89.18,91.68,86.7,462654.0,1.85,13.19,17.68,0.498,0.96,4.94,13.06,26.15,-2.73,0.502,False,False,0.0,28.0,不推送,False,温和放量；近5日趋势升温；站上20日线且不过热,上影线偏长,不主动推送。,v2,强势,65.17,0.49,3.75,0,2026-04-20,common_index_cache,0.76,0.55,-0.02,2.35,3.88,5.79,1.36,13.93
2026-04-20,002471,中超控股,72,5856.0,10jqka,post_close,2026-04-20 15:00:00,2026-04-15,3,1,69.0,-3.0,ok,2026-04-20,9.14,9.54,9.7,9.08,2805692.0,4.38,4.95,9.66,0.742,1.38,4.17,5.87,8.19,-12.24,0.258,False,False,0.0,42.0,不推送,False,当日上涨；温和放量；近5日趋势升温；站上20日线且不过热,-,不主动推送。,v2,强势,65.17,0.49,3.75,0,2026-04-20,common_index_cache,0.76,0.55,-0.02,2.35,3.88,5.79,3.89,5.91
2026-04-20,603459,红板科技,73,5719.0,10jqka,post_close,2026-04-20 15:00:00,2026-04-10,4,1,30.0,-43.0,ok,2026-04-20,65.73,62.91,65.75,62.56,334094.0,-6.51,-8.03,0.14,0.11,0.82,-4.53,1.95,1.95,-13.37,0.006,False,False,0.0,0.0,不推送,False,温和放量；站上20日线且不过热,当日转弱；收盘承接偏弱；人气排名明显回落,不主动推送。,v2,强势,65.17,0.49,3.75,0,2026-04-20,common_index_cache,0.76,0.55,-0.02,2.35,3.88,5.79,-7.0,-3.61
2026-04-20,600601,方正科技,74,5641.0,10jqka,post_close,2026-04-20 15:00:00,2026-04-20,1,1,,,ok,2026-04-20,11.08,11.75,11.75,11.08,1996869.0,10.02,13.42,12.01,1.0,1.67,8.78,11.98,15.64,-9.48,0.0,True,False,0.0,78.0,重点观察,True,当日涨停附近；收在日内高位；温和放量；近5日趋势升温；站上20日线且不过热；v2低分涨停修正,-,只做观察或轻仓试错，等待回落承接和量能不失控。,v2,强势,65.17,0.49,3.75,0,2026-04-20,common_index_cache,0.76,0.55,-0.02,2.35,3.88,5.79,9.53,8.26
2026-04-20,600150,中国船舶,75,5636.0,10jqka,post_close,2026-04-20 15:00:00,2026-04-20,1,1,,,ok,2026-04-20,33.12,35.28,35.42,33.09,1796601.0,6.81,7.86,8.02,0.94,3.22,5.79,7.34,10.49,-10.57,0.06,False,False,0.0,44.0,不推送,False,当日上涨；收在日内高位；近5日趋势升温；站上20日线且不过热,-,不主动推送。,v2,强势,65.17,0.49,3.75,0,2026-04-20,common_index_cache,0.76,0.55,-0.02,2.35,3.88,5.79,6.32,4.27
2026-04-20,000533,顺钠股份,76,5614.0,10jqka,post_close,2026-04-20 15:00:00,2026-04-15,3,1,66.0,-10.0,ok,2026-04-20,14.85,15.98,16.18,14.74,1337790.0,6.25,-0.87,8.41,0.861,1.15,2.77,6.5,5.41,-26.83,0.139,False,False,0.0,52.0,不推送,False,当日上涨；收盘承接较强；温和放量；近5日趋势升温；站上20日线且不过热,-,不主动推送。,v2,强势,65.17,0.49,3.75,0,2026-04-20,common_index_cache,0.76,0.55,-0.02,2.35,3.88,5.79,5.76,4.66
2026-04-20,000657,中钨高新,77,5571.0,10jqka,post_close,2026-04-20 15:00:00,2026-04-15,4,4,41.0,-36.0,ok,2026-04-20,57.16,58.54,60.75,57.16,1441616.0,4.31,24.08,21.08,0.384,1.22,11.01,15.41,18.52,-18.13,0.616,False,False,0.0,28.0,不推送,False,当日上涨；温和放量；近5日趋势升温；站上20日线且不过热；连续上榜确认,收盘承接偏弱；人气排名明显回落；上影线偏长,不主动推送。,v2,强势,65.17,0.49,3.75,0,2026-04-20,common_index_cache,0.76,0.55,-0.02,2.35,3.88,5.79,3.82,17.33
2026-04-20,002281,光迅科技,78,5525.0,10jqka,post_close,2026-04-20 15:00:00,2026-04-10,5,2,12.0,-66.0,ok,2026-04-20,122.0,120.05,125.66,119.38,764715.0,2.76,12.51,5.56,0.107,1.26,6.96,11.01,24.41,-4.46,0.583,False,False,0.0,20.0,不推送,False,温和放量；近5日趋势升温；站上20日线且不过热；连续上榜确认,收盘承接偏弱；人气排名明显回落；上影线偏长,不主动推送。,v2,强势,65.17,0.49,3.75,0,2026-04-20,common_index_cache,0.76,0.55,-0.02,2.35,3.88,5.79,2.27,1.81
2026-04-20,300342,天银机电,79,5511.0,10jqka,post_close,2026-04-20 15:00:00,2026-04-20,1,1,,,ok,2026-04-20,57.3,63.02,66.66,57.0,820185.0,10.35,16.25,16.94,0.623,1.45,11.06,11.5,16.98,-5.46,0.377,True,False,0.0,62.0,普通观察,True,当日涨停附近；温和放量；近5日趋势升温；站上20日线且不过热；v2低分涨停修正,-,保留在样本池，继续看次日人气和承接。,v2,强势,65.17,0.49,3.75,0,2026-04-20,common_index_cache,0.76,0.55,-0.02,2.35,3.88,5.79,9.86,13.19
2026-04-20,600961,株冶集团,80,5448.0,10jqka,post_close,2026-04-20 15:00:00,2026-04-17,2,2,66.0,-14.0,ok,2026-04-20,24.3,24.3,24.3,24.3,50869.0,10.0,33.15,33.66,1.0,0.31,17.85,26.32,34.01,-11.57,0.0,True,True,0.0,35.0,不推送,False,当日涨停附近；收在日内高位；近5日强势延续；连续上榜确认,量能不足；短线涨幅偏高；偏离20日线较大；一字或近似一字，参与点差,不主动推送。,v2,强势,65.17,0.49,3.75,0,2026-04-20,common_index_cache,0.76,0.55,-0.02,2.35,3.88,5.79,9.51,29.91
2026-04-20,601899,紫金矿业,81,5352.0,10jqka,post_close,2026-04-20 15:00:00,2026-04-10,7,7,88.0,7.0,ok,2026-04-20,34.86,34.82,35.29,34.7,2256403.0,0.26,-0.26,3.45,0.203,0.95,-0.26,1.55,4.07,-22.52,0.729,False,False,0.0,8.0,不推送,False,温和放量；站上20日线且不过热；持续霸榜,收盘承接偏弱；热度可能进入后段；上影线偏长,不主动推送。,v2,强势,65.17,0.49,3.75,0,2026-04-20,common_index_cache,0.76,0.55,-0.02,2.35,3.88,5.79,-0.23,-0.3
2026-04-20,001330,博纳影业,82,5331.0,10jqka,post_close,2026-04-20 15:00:00,2026-04-17,2,2,51.0,-31.0,ok,2026-04-20,8.37,8.39,8.65,8.14,2231347.0,1.94,15.72,15.56,0.49,2.19,8.09,12.72,17.56,-38.85,0.51,False,False,0.0,26.0,不推送,False,放量仍可控；近5日趋势升温；站上20日线且不过热；连续上榜确认,人气排名明显回落；上影线偏长,不主动推送。,v2,强势,65.17,0.49,3.75,0,2026-04-20,common_index_cache,0.76,0.55,-0.02,2.35,3.88,5.79,1.45,11.81
2026-04-20,600396,华电辽能,83,5134.0,10jqka,post_close,2026-04-20 15:00:00,2026-04-10,7,7,95.0,12.0,ok,2026-04-20,7.06,7.39,7.51,6.9,2468597.0,3.5,-8.2,1.23,0.803,0.88,-2.51,-0.38,-3.55,-22.13,0.197,False,False,0.0,40.0,不推送,False,当日上涨；收盘承接较强；温和放量；持续霸榜；人气排名明显上升,热度可能进入后段,不主动推送。,v2,强势,65.17,0.49,3.75,0,2026-04-20,common_index_cache,0.76,0.55,-0.02,2.35,3.88,5.79,3.01,-2.52
2026-04-20,002300,太阳电缆,84,4901.0,10jqka,post_close,2026-04-20 15:00:00,2026-04-20,1,1,,,ok,2026-04-20,9.57,10.42,10.42,9.45,704860.0,10.03,4.93,10.26,1.0,1.89,6.26,8.3,9.27,-16.31,0.0,True,False,0.0,66.0,普通观察,True,当日涨停附近；收在日内高位；放量仍可控；近5日趋势升温；站上20日线且不过热,-,保留在样本池，继续看次日人气和承接。,v2,强势,65.17,0.49,3.75,0,2026-04-20,common_index_cache,0.76,0.55,-0.02,2.35,3.88,5.79,9.54,6.51
2026-04-20,002980,华盛昌,85,4890.0,10jqka,post_close,2026-04-20 15:00:00,2026-04-13,5,2,44.0,-41.0,ok,2026-04-20,75.18,78.0,79.56,73.0,267718.0,6.67,10.58,33.77,0.762,1.31,10.71,25.23,50.63,-1.96,0.238,False,False,0.0,29.0,不推送,False,当日上涨；收盘承接较强；温和放量；近5日强势延续；连续上榜确认,短线涨幅偏高；远离20日线过多；人气排名明显回落,不主动推送。,v2,强势,65.17,0.49,3.75,0,2026-04-20,common_index_cache,0.76,0.55,-0.02,2.35,3.88,5.79,6.18,30.02
2026-04-20,603687,大胜达,86,4879.0,10jqka,post_close,2026-04-20 15:00:00,2026-04-16,3,3,92.0,6.0,ok,2026-04-20,19.2,19.09,19.88,18.48,1054443.0,-0.83,5.82,12.36,0.436,1.21,3.06,7.08,14.53,-8.22,0.486,False,False,0.0,20.0,不推送,False,温和放量；近5日趋势升温；站上20日线且不过热；连续上榜确认,当日转弱；收盘承接偏弱,不主动推送。,v2,强势,65.17,0.49,3.75,0,2026-04-20,common_index_cache,0.76,0.55,-0.02,2.35,3.88,5.79,-1.32,8.61
2026-04-20,300265,通光线缆,87,4877.0,10jqka,post_close,2026-04-20 15:00:00,2026-04-20,1,1,,,ok,2026-04-20,18.89,21.38,21.5,18.88,1122293.0,13.91,8.42,13.18,0.954,2.14,8.67,9.65,13.99,-2.77,0.046,True,False,0.0,72.0,普通观察,True,当日涨停附近；收在日内高位；放量仍可控；近5日趋势升温；站上20日线且不过热；v2低分涨停修正,-,保留在样本池，继续看次日人气和承接。,v2,强势,65.17,0.49,3.75,0,2026-04-20,common_index_cache,0.76,0.55,-0.02,2.35,3.88,5.79,13.42,9.43
2026-04-20,605222,起帆电缆,88,4860.0,10jqka,post_close,2026-04-20 15:00:00,2026-04-20,1,1,,,ok,2026-04-20,29.05,31.24,31.24,28.8,201949.0,10.0,21.09,29.84,1.0,0.9,15.28,23.43,33.45,0.0,0.0,True,False,0.0,61.0,普通观察,True,当日涨停附近；收在日内高位；温和放量；近5日强势延续；v2低分涨停修正,短线涨幅偏高；偏离20日线较大,保留在样本池，继续看次日人气和承接。,v2,强势,65.17,0.49,3.75,0,2026-04-20,common_index_cache,0.76,0.55,-0.02,2.35,3.88,5.79,9.51,26.09
2026-04-20,002594,比亚迪,89,4828.0,10jqka,post_close,2026-04-20 15:00:00,2026-04-10,6,1,50.0,-39.0,ok,2026-04-20,103.78,102.91,103.95,102.62,383677.0,-0.84,-0.12,-1.29,0.218,0.71,-0.87,0.57,-0.43,-7.97,0.128,False,False,0.0,0.0,不推送,False,-,当日转弱；收盘承接偏弱；近5日趋势未确认；人气排名明显回落,不主动推送。,v2,强势,65.17,0.49,3.75,0,2026-04-20,common_index_cache,0.76,0.55,-0.02,2.35,3.88,5.79,-1.33,-5.04
2026-04-20,000725,京东方A,90,4806.0,10jqka,post_close,2026-04-20 15:00:00,2026-04-20,1,1,,,ok,2026-04-20,4.06,4.19,4.24,4.05,11904594.0,4.23,4.75,3.97,0.737,2.82,3.41,4.02,5.05,-8.91,0.263,False,False,0.0,16.0,不推送,False,当日上涨；站上20日线且不过热,-,不主动推送。,v2,强势,65.17,0.49,3.75,0,2026-04-20,common_index_cache,0.76,0.55,-0.02,2.35,3.88,5.79,3.74,0.22
2026-04-20,002463,沪电股份,91,4737.0,10jqka,post_close,2026-04-20 15:00:00,2026-04-10,7,7,76.0,-15.0,ok,2026-04-20,97.0,98.0,101.32,96.35,782441.0,0.35,5.63,10.52,0.332,0.83,2.0,8.44,15.6,-3.28,0.668,False,False,0.0,20.0,不推送,False,温和放量；近5日趋势升温；站上20日线且不过热；持续霸榜,收盘承接偏弱；热度可能进入后段；上影线偏长,不主动推送。,v2,强势,65.17,0.49,3.75,0,2026-04-20,common_index_cache,0.76,0.55,-0.02,2.35,3.88,5.79,-0.14,6.77
2026-04-20,002792,通宇通讯,92,4736.0,10jqka,post_close,2026-04-20 15:00:00,2026-04-14,3,1,80.0,-12.0,ok,2026-04-20,50.36,52.88,55.0,50.2,785049.0,3.65,12.18,16.97,0.558,1.23,6.42,9.45,17.6,-7.79,0.442,False,False,0.0,42.0,不推送,False,当日上涨；温和放量；近5日趋势升温；站上20日线且不过热,-,不主动推送。,v2,强势,65.17,0.49,3.75,0,2026-04-20,common_index_cache,0.76,0.55,-0.02,2.35,3.88,5.79,3.16,13.22
2026-04-20,600152,维科技术,93,4729.0,10jqka,post_close,2026-04-20 15:00:00,2026-04-14,4,2,33.0,-60.0,ok,2026-04-20,14.31,13.93,15.29,13.63,1369898.0,0.22,15.41,28.86,0.181,1.08,8.1,21.69,29.31,-8.89,0.59,False,False,0.0,3.0,不推送,False,温和放量；近5日强势延续；连续上榜确认,收盘承接偏弱；短线涨幅偏高；偏离20日线较大；人气排名明显回落；上影线偏长,不主动推送。,v2,强势,65.17,0.49,3.75,0,2026-04-20,common_index_cache,0.76,0.55,-0.02,2.35,3.88,5.79,-0.27,25.11
2026-04-20,600176,中国巨石,94,4710.0,10jqka,post_close,2026-04-20 15:00:00,2026-04-13,3,1,85.0,-9.0,ok,2026-04-20,33.08,31.71,33.28,31.5,1718987.0,-5.34,1.96,-1.25,0.118,1.13,-2.0,4.05,14.57,-8.09,0.112,False,False,0.0,0.0,不推送,False,温和放量；站上20日线且不过热,当日转弱；收盘承接偏弱；近5日趋势未确认,不主动推送。,v2,强势,65.17,0.49,3.75,0,2026-04-20,common_index_cache,0.76,0.55,-0.02,2.35,3.88,5.79,-5.83,-5.0
2026-04-20,603906,龙蟠科技,95,4701.0,10jqka,post_close,2026-04-20 15:00:00,2026-04-16,3,3,80.0,-15.0,ok,2026-04-20,25.92,27.31,27.68,25.92,958510.0,5.08,19.94,21.87,0.79,1.62,9.42,16.19,21.97,-1.34,0.21,False,False,0.0,60.0,普通观察,True,当日上涨；收盘承接较强；温和放量；近5日趋势升温；站上20日线且不过热；连续上榜确认,-,保留在样本池，继续看次日人气和承接。,v2,强势,65.17,0.49,3.75,0,2026-04-20,common_index_cache,0.76,0.55,-0.02,2.35,3.88,5.79,4.59,18.12
2026-04-20,300136,信维通信,96,4661.0,10jqka,post_close,2026-04-20 15:00:00,2026-04-15,3,2,50.0,-46.0,ok,2026-04-20,71.67,77.8,79.0,71.58,1544593.0,3.86,13.58,22.44,0.838,1.65,8.18,14.81,19.56,-17.74,0.162,False,False,0.0,56.0,不推送,False,当日上涨；收盘承接较强；温和放量；近5日趋势升温；站上20日线且不过热；连续上榜确认,人气排名明显回落,不主动推送。,v2,强势,65.17,0.49,3.75,0,2026-04-20,common_index_cache,0.76,0.55,-0.02,2.35,3.88,5.79,3.37,18.69
2026-04-20,600839,四川长虹,97,4641.0,10jqka,post_close,2026-04-20 15:00:00,2026-04-15,2,1,30.0,-67.0,ok,2026-04-20,9.18,9.57,9.88,9.16,2198817.0,3.91,2.35,9.87,0.569,1.44,3.8,6.9,8.65,-15.01,0.431,False,False,0.0,38.0,不推送,False,当日上涨；温和放量；近5日趋势升温；站上20日线且不过热,人气排名明显回落,不主动推送。,v2,强势,65.17,0.49,3.75,0,2026-04-20,common_index_cache,0.76,0.55,-0.02,2.35,3.88,5.79,3.42,6.12
2026-04-20,600986,浙文互联,98,4628.0,10jqka,post_close,2026-04-20 15:00:00,2026-04-16,2,1,55.0,-43.0,ok,2026-04-20,10.83,11.3,11.55,10.81,2271968.0,4.82,10.57,7.72,0.662,1.23,4.96,8.29,13.03,-31.43,0.338,False,False,0.0,38.0,不推送,False,当日上涨；温和放量；近5日趋势升温；站上20日线且不过热,人气排名明显回落,不主动推送。,v2,强势,65.17,0.49,3.75,0,2026-04-20,common_index_cache,0.76,0.55,-0.02,2.35,3.88,5.79,4.33,3.97
2026-04-20,002413,雷科防务,99,4624.0,10jqka,post_close,2026-04-20 15:00:00,2026-04-20,1,1,,,ok,2026-04-20,13.52,14.08,14.09,13.52,1882814.0,4.22,4.45,7.56,0.982,1.78,3.47,4.82,6.82,-19.54,0.018,False,False,0.0,58.0,不推送,False,当日上涨；收在日内高位；温和放量；近5日趋势升温；站上20日线且不过热,-,不主动推送。,v2,强势,65.17,0.49,3.75,0,2026-04-20,common_index_cache,0.76,0.55,-0.02,2.35,3.88,5.79,3.73,3.81
2026-04-20,600664,哈药股份,100,4612.0,10jqka,post_close,2026-04-20 15:00:00,2026-04-14,4,1,23.0,-77.0,ok,2026-04-20,4.05,4.28,4.34,4.03,3621556.0,2.64,-3.6,16.62,0.806,0.97,0.33,6.68,15.02,-12.3,0.194,False,False,0.0,40.0,不推送,False,收盘承接较强；温和放量；近5日趋势升温；站上20日线且不过热,人气排名明显回落,不主动推送。,v2,强势,65.17,0.49,3.75,0,2026-04-20,common_index_cache,0.76,0.55,-0.02,2.35,3.88,5.79,2.15,12.87
2026-04-21,601899,紫金矿业,1,45344.0,10jqka,post_close,2026-04-21 15:00:00,2026-04-10,8,8,81.0,80.0,ok,2026-04-21,34.98,35.66,35.68,34.5,3119791.0,2.41,1.02,2.47,0.983,1.26,1.64,3.02,5.78,-20.65,0.017,False,False,0.0,76.0,重点观察,True,人气Top3；收在日内高位；温和放量；站上20日线且不过热；持续霸榜；人气排名明显上升,热度可能进入后段,只做观察或轻仓试错，等待回落承接和量能不失控。,v2,震荡,58.05,0.14,2.31,0,2026-04-21,common_index_cache,0.07,0.1,0.31,1.45,2.34,3.66,2.27,0.16
2026-04-21,600118,中国卫星,2,38606.0,10jqka,post_close,2026-04-21 15:00:00,2026-04-20,2,2,11.0,9.0,ok,2026-04-21,98.0,100.2,100.6,96.5,1192320.0,6.01,17.21,18.73,0.902,2.12,10.74,17.03,21.89,-7.99,0.098,False,False,0.0,98.0,强推观察,True,人气Top3；当日上涨；收在日内高位；放量仍可控；近5日趋势升温；站上20日线且不过热；连续上榜确认；v2连榜升温修正,-,高风险情绪股：不追一字，优先看分歧承接，跌破5日线或人气退潮就跑。,v2,震荡,58.05,0.14,2.31,0,2026-04-21,common_index_cache,0.07,0.1,0.31,1.45,2.34,3.66,5.87,16.42
2026-04-21,002342,巨力索具,3,36591.0,10jqka,post_close,2026-04-21 15:00:00,2026-04-10,8,8,31.0,28.0,ok,2026-04-21,19.0,21.42,21.42,18.47,2893097.0,10.02,15.72,24.9,1.0,1.06,10.7,22.05,40.37,0.0,0.0,True,False,0.0,106.0,强推观察,True,人气Top3；当日涨停附近；收在日内高位；温和放量；近5日趋势升温；持续霸榜；人气排名明显上升；v2低分涨停修正,偏离20日线较大；热度可能进入后段,高风险情绪股：不追一字，优先看分歧承接，跌破5日线或人气退潮就跑。,v2,震荡,58.05,0.14,2.31,0,2026-04-21,common_index_cache,0.07,0.1,0.31,1.45,2.34,3.66,9.88,22.59
2026-04-21,002837,英维克,4,32710.0,10jqka,post_close,2026-04-21 15:00:00,2026-04-10,7,3,26.0,22.0,ok,2026-04-21,108.97,108.97,108.97,108.97,59793.0,-10.0,2.63,-0.75,1.0,0.1,-1.33,3.93,11.96,-10.49,,False,False,0.0,38.0,不推送,False,人气Top10；收在日内高位；站上20日线且不过热；连续上榜确认；人气排名明显上升,当日转弱；量能不足；近5日趋势未确认,不主动推送。,v2,震荡,58.05,0.14,2.31,0,2026-04-21,common_index_cache,0.07,0.1,0.31,1.45,2.34,3.66,-10.14,-3.06
2026-04-21,002580,圣阳股份,5,29408.0,10jqka,post_close,2026-04-21 15:00:00,2026-04-10,8,8,1.0,-4.0,ok,2026-04-21,29.9,29.7,31.19,29.7,399977.0,-10.0,6.83,29.3,0.0,0.37,1.47,22.67,46.9,-11.71,0.866,False,False,0.0,0.0,不推送,False,人气Top10；近5日强势延续；持续霸榜,当日转弱；收盘承接偏弱；量能不足；短线涨幅偏高；远离20日线过多；热度可能进入后段,不主动推送。,v2,震荡,58.05,0.14,2.31,0,2026-04-21,common_index_cache,0.07,0.1,0.31,1.45,2.34,3.66,-10.14,26.99
2026-04-21,002361,神剑股份,6,28993.0,10jqka,post_close,2026-04-21 15:00:00,2026-04-10,8,8,2.0,-4.0,ok,2026-04-21,21.47,22.69,22.69,21.35,3573336.0,9.99,17.81,34.66,1.0,1.03,13.6,23.92,38.23,0.0,0.0,True,False,0.0,89.0,重点观察,True,人气Top10；当日涨停附近；收在日内高位；温和放量；近5日强势延续；持续霸榜；v2低分涨停修正,短线涨幅偏高；偏离20日线较大；热度可能进入后段,只做观察或轻仓试错，等待回落承接和量能不失控。,v2,震荡,58.05,0.14,2.31,0,2026-04-21,common_index_cache,0.07,0.1,0.31,1.45,2.34,3.66,9.85,32.35
2026-04-21,300750,宁德时代,7,24833.0,10jqka,post_close,2026-04-21 15:00:00,2026-04-10,8,8,47.0,40.0,ok,2026-04-21,428.09,440.69,443.22,418.19,577746.0,3.55,-1.43,3.97,0.899,1.23,1.32,5.04,8.38,-2.74,0.101,False,False,0.0,72.0,普通观察,True,人气Top10；当日上涨；收盘承接较强；温和放量；站上20日线且不过热；持续霸榜；人气排名明显上升,热度可能进入后段,保留在样本池，继续看次日人气和承接。,v2,震荡,58.05,0.14,2.31,0,2026-04-21,common_index_cache,0.07,0.1,0.31,1.45,2.34,3.66,3.41,1.66
2026-04-21,002565,顺灏股份,8,22993.0,10jqka,post_close,2026-04-21 15:00:00,2026-04-14,6,6,10.0,2.0,ok,2026-04-21,22.32,22.32,22.32,21.65,1295967.0,10.0,25.75,29.02,1.0,0.51,15.08,22.79,30.57,0.0,0.0,True,False,0.0,75.0,重点观察,True,人气Top10；当日涨停附近；收在日内高位；近5日强势延续；持续霸榜；v2低分涨停修正,短线涨幅偏高；偏离20日线较大；热度可能进入后段,只做观察或轻仓试错，等待回落承接和量能不失控。,v2,震荡,58.05,0.14,2.31,0,2026-04-21,common_index_cache,0.07,0.1,0.31,1.45,2.34,3.66,9.86,26.71
2026-04-21,002384,东山精密,9,18755.0,10jqka,post_close,2026-04-21 15:00:00,2026-04-10,8,8,63.0,54.0,ok,2026-04-21,157.19,169.4,172.68,156.01,964689.0,7.9,13.27,16.03,0.803,1.01,8.06,15.08,33.5,-1.9,0.197,False,False,0.0,82.0,重点观察,True,人气Top10；当日强涨；收盘承接较强；温和放量；近5日趋势升温；持续霸榜；人气排名明显上升,偏离20日线较大；热度可能进入后段,只做观察或轻仓试错，等待回落承接和量能不失控。,v2,震荡,58.05,0.14,2.31,0,2026-04-21,common_index_cache,0.07,0.1,0.31,1.45,2.34,3.66,7.76,13.72
2026-04-21,603778,国晟科技,10,18643.0,10jqka,post_close,2026-04-21 15:00:00,2026-04-10,8,8,16.0,6.0,ok,2026-04-21,27.94,29.0,29.35,27.6,1198322.0,8.7,9.85,-2.65,0.8,1.47,8.91,-0.73,4.76,-15.38,0.2,False,False,0.0,72.0,普通观察,True,人气Top10；当日强涨；收盘承接较强；温和放量；站上20日线且不过热；持续霸榜,近5日趋势未确认；热度可能进入后段,保留在样本池，继续看次日人气和承接。,v2,震荡,58.05,0.14,2.31,0,2026-04-21,common_index_cache,0.07,0.1,0.31,1.45,2.34,3.66,8.56,-4.96
2026-04-21,600103,青山纸业,11,17744.0,10jqka,post_close,2026-04-21 15:00:00,2026-04-10,5,3,18.0,7.0,ok,2026-04-21,4.71,5.2,5.2,4.63,4028699.0,9.94,28.08,25.0,1.0,1.05,16.7,24.97,36.2,0.0,0.0,True,False,0.0,92.0,强推观察,True,人气Top20；当日涨停附近；收在日内高位；温和放量；近5日趋势升温；连续上榜确认；v2低分涨停修正,偏离20日线较大,高风险情绪股：不追一字，优先看分歧承接，跌破5日线或人气退潮就跑。,v2,震荡,58.05,0.14,2.31,0,2026-04-21,common_index_cache,0.07,0.1,0.31,1.45,2.34,3.66,9.8,22.69
2026-04-21,002081,金螳螂,12,17682.0,10jqka,post_close,2026-04-21 15:00:00,2026-04-20,2,2,38.0,26.0,ok,2026-04-21,4.41,4.49,4.49,4.33,1195575.0,10.05,33.23,34.03,1.0,1.87,18.03,25.35,29.79,0.0,0.0,True,False,0.0,101.0,强推观察,True,人气Top20；当日涨停附近；收在日内高位；放量仍可控；近5日强势延续；连续上榜确认；人气排名明显上升；v2强势延续修正；v2连榜升温修正；v2低分涨停修正,短线涨幅偏高；偏离20日线较大,高风险情绪股：不追一字，优先看分歧承接，跌破5日线或人气退潮就跑。,v2,震荡,58.05,0.14,2.31,0,2026-04-21,common_index_cache,0.07,0.1,0.31,1.45,2.34,3.66,9.91,31.72
2026-04-21,002709,天赐材料,13,13816.0,10jqka,post_close,2026-04-21 15:00:00,2026-04-10,6,1,98.0,85.0,ok,2026-04-21,49.8,52.79,53.62,48.28,1593427.0,6.32,8.04,6.97,0.845,1.41,6.65,10.31,14.06,-1.55,0.155,False,False,0.0,72.0,普通观察,True,人气Top20；当日上涨；收盘承接较强；温和放量；近5日趋势升温；站上20日线且不过热；人气排名明显上升,-,保留在样本池，继续看次日人气和承接。,v2,震荡,58.05,0.14,2.31,0,2026-04-21,common_index_cache,0.07,0.1,0.31,1.45,2.34,3.66,6.18,4.66
2026-04-21,603618,杭电股份,14,12990.0,10jqka,post_close,2026-04-21 15:00:00,2026-04-21,1,1,,,ok,2026-04-21,25.0,25.95,26.1,24.36,753884.0,2.0,13.72,16.89,0.914,0.76,8.17,7.12,4.19,-13.79,0.086,False,False,0.0,52.0,不推送,False,人气Top20；收在日内高位；近5日趋势升温；站上20日线且不过热,-,不主动推送。,v2,震荡,58.05,0.14,2.31,0,2026-04-21,common_index_cache,0.07,0.1,0.31,1.45,2.34,3.66,1.86,14.58
2026-04-21,600396,华电辽能,15,12743.0,10jqka,post_close,2026-04-21 15:00:00,2026-04-10,8,8,83.0,68.0,ok,2026-04-21,7.4,8.13,8.13,6.95,3035972.0,10.01,11.52,1.25,1.0,1.08,6.97,8.7,5.26,-14.33,0.0,True,False,0.0,84.0,重点观察,True,人气Top20；当日涨停附近；收在日内高位；温和放量；站上20日线且不过热；持续霸榜；人气排名明显上升,热度可能进入后段,只做观察或轻仓试错，等待回落承接和量能不失控。,v2,震荡,58.05,0.14,2.31,0,2026-04-21,common_index_cache,0.07,0.1,0.31,1.45,2.34,3.66,9.87,-1.06
2026-04-21,600699,均胜电子,16,12567.0,10jqka,post_close,2026-04-21 15:00:00,2026-04-21,1,1,,,ok,2026-04-21,26.04,28.71,28.71,25.55,1038713.0,10.0,10.51,11.24,1.0,2.89,8.06,8.9,12.22,-9.57,0.0,True,False,0.0,90.0,强推观察,True,人气Top20；当日涨停附近；收在日内高位；近5日趋势升温；站上20日线且不过热；首次上榜即强势；v2强势延续修正,-,高风险情绪股：不追一字，优先看分歧承接，跌破5日线或人气退潮就跑。,v2,震荡,58.05,0.14,2.31,0,2026-04-21,common_index_cache,0.07,0.1,0.31,1.45,2.34,3.66,9.86,8.93
2026-04-21,603178,圣龙股份,17,12129.0,10jqka,post_close,2026-04-21 15:00:00,2026-04-17,3,3,28.0,11.0,ok,2026-04-21,18.51,21.08,21.08,18.02,279552.0,10.02,33.08,34.1,1.0,2.95,18.41,26.3,31.82,0.0,0.0,True,False,0.0,85.0,重点观察,True,人气Top20；当日涨停附近；收在日内高位；近5日强势延续；连续上榜确认；人气排名明显上升；v2强势延续修正；v2低分涨停修正,短线涨幅偏高；偏离20日线较大,只做观察或轻仓试错，等待回落承接和量能不失控。,v2,震荡,58.05,0.14,2.31,0,2026-04-21,common_index_cache,0.07,0.1,0.31,1.45,2.34,3.66,9.88,31.79
2026-04-21,002297,博云新材,18,12118.0,10jqka,post_close,2026-04-21 15:00:00,2026-04-10,7,4,5.0,-13.0,ok,2026-04-21,20.69,18.99,20.91,18.8,2347492.0,-2.42,18.1,42.89,0.09,3.34,9.34,30.44,49.86,-9.18,0.104,False,False,0.0,0.0,不推送,False,人气Top20；近5日强势延续；连续上榜确认,当日转弱；收盘承接偏弱；短线涨幅偏高；远离20日线过多,不主动推送。,v2,震荡,58.05,0.14,2.31,0,2026-04-21,common_index_cache,0.07,0.1,0.31,1.45,2.34,3.66,-2.56,40.58
2026-04-21,002201,九鼎新材,19,11747.0,10jqka,post_close,2026-04-21 15:00:00,2026-04-21,1,1,,,ok,2026-04-21,12.49,13.93,13.93,12.38,944262.0,10.03,13.71,15.99,1.0,1.83,10.82,14.86,19.24,-14.43,0.0,True,False,0.0,104.0,强推观察,True,人气Top20；当日涨停附近；收在日内高位；放量仍可控；近5日趋势升温；站上20日线且不过热；首次上榜即强势；v2强势延续修正；v2低分涨停修正,-,高风险情绪股：不追一字，优先看分歧承接，跌破5日线或人气退潮就跑。,v2,震荡,58.05,0.14,2.31,0,2026-04-21,common_index_cache,0.07,0.1,0.31,1.45,2.34,3.66,9.89,13.68
2026-04-21,601778,晶科科技,20,11683.0,10jqka,post_close,2026-04-21 15:00:00,2026-04-14,6,6,9.0,-11.0,ok,2026-04-21,6.42,6.35,6.45,5.97,6928355.0,-2.46,-4.65,5.31,0.792,0.91,-2.25,7.25,14.02,-13.37,0.063,False,False,0.0,54.0,不推送,False,人气Top20；收盘承接较强；温和放量；近5日趋势升温；站上20日线且不过热；持续霸榜,当日转弱；热度可能进入后段,不主动推送。,v2,震荡,58.05,0.14,2.31,0,2026-04-21,common_index_cache,0.07,0.1,0.31,1.45,2.34,3.66,-2.6,3.0
2026-04-21,001896,豫能控股,21,11650.0,10jqka,post_close,2026-04-21 15:00:00,2026-04-13,7,7,4.0,-17.0,ok,2026-04-21,18.78,17.1,18.85,17.0,2551239.0,-8.99,0.23,13.55,0.054,1.12,-1.27,10.19,13.98,-9.28,0.038,False,False,0.0,24.0,不推送,False,人气Top50；温和放量；近5日趋势升温；站上20日线且不过热；持续霸榜,当日转弱；收盘承接偏弱；热度可能进入后段,不主动推送。,v2,震荡,58.05,0.14,2.31,0,2026-04-21,common_index_cache,0.07,0.1,0.31,1.45,2.34,3.66,-9.13,11.24
2026-04-21,002217,合力泰,22,11425.0,10jqka,post_close,2026-04-21 15:00:00,2026-04-17,3,3,13.0,-9.0,ok,2026-04-21,3.07,2.98,3.16,2.81,13788145.0,1.02,22.13,19.68,0.486,5.25,10.7,14.53,20.43,-6.88,0.257,False,False,0.0,24.0,不推送,False,人气Top50；近5日趋势升温；站上20日线且不过热；连续上榜确认,放量过猛,不主动推送。,v2,震荡,58.05,0.14,2.31,0,2026-04-21,common_index_cache,0.07,0.1,0.31,1.45,2.34,3.66,0.88,17.37
2026-04-21,600522,中天科技,23,11405.0,10jqka,post_close,2026-04-21 15:00:00,2026-04-10,4,3,24.0,1.0,ok,2026-04-21,31.0,32.44,32.88,30.78,3957275.0,4.81,15.86,14.51,0.79,2.35,10.09,9.56,11.45,-1.34,0.21,False,False,0.0,70.0,普通观察,True,人气Top50；当日上涨；收盘承接较强；放量仍可控；近5日趋势升温；站上20日线且不过热；连续上榜确认；v2连榜升温修正,-,保留在样本池，继续看次日人气和承接。,v2,震荡,58.05,0.14,2.31,0,2026-04-21,common_index_cache,0.07,0.1,0.31,1.45,2.34,3.66,4.67,12.2
2026-04-21,300251,光线传媒,24,10983.0,10jqka,post_close,2026-04-21 15:00:00,2026-04-21,1,1,,,ok,2026-04-21,16.48,16.86,17.22,16.48,1291384.0,1.69,4.33,-1.29,0.514,1.06,2.44,3.08,7.5,-43.57,0.486,False,False,0.0,20.0,不推送,False,人气Top50；温和放量；站上20日线且不过热,近5日趋势未确认；上影线偏长,不主动推送。,v2,震荡,58.05,0.14,2.31,0,2026-04-21,common_index_cache,0.07,0.1,0.31,1.45,2.34,3.66,1.55,-3.6
2026-04-21,600734,实达集团,25,10961.0,10jqka,post_close,2026-04-21 15:00:00,2026-04-21,1,1,,,ok,2026-04-21,2.76,2.76,2.76,2.76,1795605.0,-10.1,-27.18,-27.37,1.0,4.4,-17.46,-22.73,-25.05,-45.24,,False,False,0.0,0.0,不推送,False,人气Top50；收在日内高位,当日转弱；放量过猛；近5日趋势未确认；仍在20日线下方,不主动推送。,v2,震荡,58.05,0.14,2.31,0,2026-04-21,common_index_cache,0.07,0.1,0.31,1.45,2.34,3.66,-10.24,-29.68
2026-04-21,603601,再升科技,26,10358.0,10jqka,post_close,2026-04-21 15:00:00,2026-04-13,6,5,58.0,32.0,ok,2026-04-21,15.57,16.26,16.34,15.06,2816672.0,4.43,8.18,14.51,0.938,1.12,7.04,12.1,15.43,-0.49,0.062,False,False,0.0,74.0,普通观察,True,人气Top50；当日上涨；收在日内高位；温和放量；近5日趋势升温；站上20日线且不过热；持续霸榜；人气排名明显上升,热度可能进入后段,保留在样本池，继续看次日人气和承接。,v2,震荡,58.05,0.14,2.31,0,2026-04-21,common_index_cache,0.07,0.1,0.31,1.45,2.34,3.66,4.29,12.2
2026-04-21,600961,株冶集团,27,10244.0,10jqka,post_close,2026-04-21 15:00:00,2026-04-17,3,3,80.0,53.0,ok,2026-04-21,26.73,26.73,26.73,26.73,118545.0,10.0,33.12,45.43,1.0,0.82,19.92,32.26,43.28,-2.73,0.0,True,True,0.0,56.0,不推送,False,人气Top50；当日涨停附近；收在日内高位；温和放量；连续上榜确认；人气排名明显上升,短线涨幅过热；偏离20日线较大；一字或近似一字，参与点差,不主动推送。,v2,震荡,58.05,0.14,2.31,0,2026-04-21,common_index_cache,0.07,0.1,0.31,1.45,2.34,3.66,9.86,43.12
2026-04-21,603738,泰晶科技,28,9972.0,10jqka,post_close,2026-04-21 15:00:00,2026-04-17,2,1,64.0,36.0,ok,2026-04-21,31.44,34.67,34.67,30.95,477065.0,9.99,26.39,24.22,1.0,0.91,14.85,22.01,28.76,0.0,0.0,True,False,0.0,90.0,强推观察,True,人气Top50；当日涨停附近；收在日内高位；温和放量；近5日趋势升温；人气排名明显上升；v2强势延续修正；v2低分涨停修正,偏离20日线较大,高风险情绪股：不追一字，优先看分歧承接，跌破5日线或人气退潮就跑。,v2,震荡,58.05,0.14,2.31,0,2026-04-21,common_index_cache,0.07,0.1,0.31,1.45,2.34,3.66,9.85,21.91
2026-04-21,002466,天齐锂业,29,9906.0,10jqka,post_close,2026-04-21 15:00:00,2026-04-13,3,1,72.0,43.0,ok,2026-04-21,70.0,70.71,73.3,68.71,1367064.0,5.82,8.25,9.58,0.436,1.78,6.72,11.62,19.12,-3.53,0.564,False,False,0.0,36.0,不推送,False,人气Top50；当日上涨；温和放量；近5日趋势升温；站上20日线且不过热；人气排名明显上升,收盘承接偏弱；上影线偏长,不主动推送。,v2,震荡,58.05,0.14,2.31,0,2026-04-21,common_index_cache,0.07,0.1,0.31,1.45,2.34,3.66,5.68,7.27
2026-04-21,688820,盛合晶微,30,9734.0,10jqka,post_close,2026-04-21 15:00:00,2026-04-21,1,1,,,ok,2026-04-21,99.72,76.65,100.99,75.0,129928415.0,,,,0.063,,0.0,0.0,0.0,-24.1,0.049,False,False,0.0,4.0,不推送,False,人气Top50；站上20日线且不过热,收盘承接偏弱,不主动推送。,v2,震荡,58.05,0.14,2.31,0,2026-04-21,common_index_cache,0.07,0.1,0.31,1.45,2.34,3.66,,
2026-04-21,002714,牧原股份,31,9673.0,10jqka,post_close,2026-04-21 15:00:00,2026-04-10,5,1,90.0,59.0,ok,2026-04-21,45.34,45.48,46.16,45.13,311665.0,0.35,-2.07,-0.66,0.34,0.68,-0.62,1.08,2.86,-11.66,0.66,False,False,0.0,0.0,不推送,False,人气Top50；站上20日线且不过热；人气排名明显上升,收盘承接偏弱；近5日趋势未确认；上影线偏长,不主动推送。,v2,震荡,58.05,0.14,2.31,0,2026-04-21,common_index_cache,0.07,0.1,0.31,1.45,2.34,3.66,0.21,-2.97
2026-04-21,002407,多氟多,32,9390.0,10jqka,post_close,2026-04-21 15:00:00,2026-04-14,2,1,54.0,22.0,ok,2026-04-21,30.25,31.95,32.38,29.54,1606788.0,6.08,6.15,3.47,0.849,1.73,4.95,8.05,11.81,-2.59,0.151,False,False,0.0,52.0,不推送,False,人气Top50；当日上涨；收盘承接较强；温和放量；站上20日线且不过热；人气排名明显上升,-,不主动推送。,v2,震荡,58.05,0.14,2.31,0,2026-04-21,common_index_cache,0.07,0.1,0.31,1.45,2.34,3.66,5.94,1.16
2026-04-21,002475,立讯精密,33,9183.0,10jqka,post_close,2026-04-21 15:00:00,2026-04-10,8,8,3.0,-30.0,ok,2026-04-21,64.86,65.75,66.0,62.9,2625733.0,0.03,8.77,11.18,0.919,1.12,5.89,10.74,20.94,-0.38,0.081,False,False,0.0,58.0,不推送,False,人气Top50；收在日内高位；温和放量；近5日趋势升温；站上20日线且不过热；持续霸榜,热度可能进入后段；人气排名明显回落,不主动推送。,v2,震荡,58.05,0.14,2.31,0,2026-04-21,common_index_cache,0.07,0.1,0.31,1.45,2.34,3.66,-0.11,8.87
2026-04-21,002506,协鑫集成,34,8985.0,10jqka,post_close,2026-04-21 15:00:00,2026-04-13,5,2,60.0,26.0,ok,2026-04-21,4.68,4.88,5.1,4.62,9601906.0,4.95,10.16,10.16,0.542,1.83,7.11,8.13,2.46,-23.27,0.458,False,False,0.0,50.0,不推送,False,人气Top50；当日上涨；放量仍可控；近5日趋势升温；站上20日线且不过热；连续上榜确认；人气排名明显上升,上影线偏长,不主动推送。,v2,震荡,58.05,0.14,2.31,0,2026-04-21,common_index_cache,0.07,0.1,0.31,1.45,2.34,3.66,4.81,7.85
2026-04-21,600487,亨通光电,35,8955.0,10jqka,post_close,2026-04-21 15:00:00,2026-04-10,8,8,6.0,-29.0,ok,2026-04-21,59.5,59.8,60.4,57.27,1832092.0,-1.79,12.53,13.54,0.808,1.06,6.18,6.43,10.76,-2.76,0.192,False,False,0.0,42.0,不推送,False,人气Top50；收盘承接较强；温和放量；近5日趋势升温；站上20日线且不过热；持续霸榜,当日转弱；热度可能进入后段；人气排名明显回落,不主动推送。,v2,震荡,58.05,0.14,2.31,0,2026-04-21,common_index_cache,0.07,0.1,0.31,1.45,2.34,3.66,-1.93,11.23
2026-04-21,603687,大胜达,36,8816.0,10jqka,post_close,2026-04-21 15:00:00,2026-04-16,4,4,86.0,50.0,ok,2026-04-21,19.52,19.55,19.85,17.83,1206382.0,2.41,-1.46,19.21,0.851,1.25,2.07,7.74,15.62,-6.01,0.149,False,False,0.0,64.0,普通观察,True,人气Top50；收盘承接较强；温和放量；近5日趋势升温；站上20日线且不过热；连续上榜确认；人气排名明显上升,-,保留在样本池，继续看次日人气和承接。,v2,震荡,58.05,0.14,2.31,0,2026-04-21,common_index_cache,0.07,0.1,0.31,1.45,2.34,3.66,2.27,16.9
2026-04-21,002560,通达股份,37,8756.0,10jqka,post_close,2026-04-21 15:00:00,2026-04-10,8,8,29.0,-8.0,ok,2026-04-21,16.14,14.18,16.48,14.14,1927715.0,-7.14,1.94,2.68,0.017,1.5,-0.53,1.46,13.54,-13.96,0.145,False,False,0.0,12.0,不推送,False,人气Top50；温和放量；站上20日线且不过热；持续霸榜,当日转弱；收盘承接偏弱；热度可能进入后段,不主动推送。,v2,震荡,58.05,0.14,2.31,0,2026-04-21,common_index_cache,0.07,0.1,0.31,1.45,2.34,3.66,-7.28,0.37
2026-04-21,600979,广安爱众,38,8480.0,10jqka,post_close,2026-04-21 15:00:00,2026-04-21,1,1,,,ok,2026-04-21,4.84,5.32,5.32,4.81,1893478.0,9.92,20.09,19.02,1.0,4.14,13.72,15.8,9.25,-11.19,0.0,True,False,0.0,60.0,普通观察,True,人气Top50；当日涨停附近；收在日内高位；近5日趋势升温；站上20日线且不过热；v2低分涨停修正,放量过猛,保留在样本池，继续看次日人气和承接。,v2,震荡,58.05,0.14,2.31,0,2026-04-21,common_index_cache,0.07,0.1,0.31,1.45,2.34,3.66,9.78,16.71
2026-04-21,000539,粤电力A,39,8272.0,10jqka,post_close,2026-04-21 15:00:00,2026-04-21,1,1,,,ok,2026-04-21,5.82,6.39,6.39,5.69,1170257.0,9.98,14.52,13.9,1.0,1.46,10.1,13.06,6.81,-21.5,0.0,True,False,0.0,96.0,强推观察,True,人气Top50；当日涨停附近；收在日内高位；温和放量；近5日趋势升温；站上20日线且不过热；v2强势延续修正；v2低分涨停修正,-,高风险情绪股：不追一字，优先看分歧承接，跌破5日线或人气退潮就跑。,v2,震荡,58.05,0.14,2.31,0,2026-04-21,common_index_cache,0.07,0.1,0.31,1.45,2.34,3.66,9.84,11.59
2026-04-21,300308,中际旭创,40,8264.0,10jqka,post_close,2026-04-21 15:00:00,2026-04-10,8,8,43.0,3.0,ok,2026-04-21,849.75,864.86,868.0,839.0,251138.0,1.75,6.96,11.88,0.892,0.8,4.11,11.19,25.47,-1.61,0.108,False,False,0.0,56.0,不推送,False,人气Top50；收盘承接较强；温和放量；近5日趋势升温；站上20日线且不过热；持续霸榜,热度可能进入后段,不主动推送。,v2,震荡,58.05,0.14,2.31,0,2026-04-21,common_index_cache,0.07,0.1,0.31,1.45,2.34,3.66,1.61,9.57
2026-04-21,600032,浙江新能,41,8208.0,10jqka,post_close,2026-04-21 15:00:00,2026-04-21,1,1,,,ok,2026-04-21,9.96,10.86,10.86,9.51,1173771.0,10.03,10.37,10.82,1.0,1.47,8.64,12.41,6.7,-22.98,0.0,True,False,0.0,90.0,强推观察,True,人气Top50；当日涨停附近；收在日内高位；温和放量；近5日趋势升温；站上20日线且不过热；v2强势延续修正,-,高风险情绪股：不追一字，优先看分歧承接，跌破5日线或人气退潮就跑。,v2,震荡,58.05,0.14,2.31,0,2026-04-21,common_index_cache,0.07,0.1,0.31,1.45,2.34,3.66,9.89,8.51
2026-04-21,000690,宝新能源,42,8125.0,10jqka,post_close,2026-04-21 15:00:00,2026-04-21,1,1,,,ok,2026-04-21,4.89,5.27,5.27,4.87,2411377.0,10.02,11.65,11.89,1.0,3.98,8.7,10.67,6.96,-14.45,0.0,True,False,0.0,54.0,不推送,False,人气Top50；当日涨停附近；收在日内高位；近5日趋势升温；站上20日线且不过热,放量过猛,不主动推送。,v2,震荡,58.05,0.14,2.31,0,2026-04-21,common_index_cache,0.07,0.1,0.31,1.45,2.34,3.66,9.88,9.58
2026-04-21,002340,格林美,43,8062.0,10jqka,post_close,2026-04-21 15:00:00,2026-04-21,1,1,,,ok,2026-04-21,8.43,8.48,8.52,8.35,1333799.0,0.24,2.05,2.17,0.765,0.88,1.15,2.83,5.15,-16.7,0.235,False,False,0.0,40.0,不推送,False,人气Top50；收盘承接较强；温和放量；站上20日线且不过热,-,不主动推送。,v2,震荡,58.05,0.14,2.31,0,2026-04-21,common_index_cache,0.07,0.1,0.31,1.45,2.34,3.66,0.1,-0.14
2026-04-21,300065,海兰信,44,8007.0,10jqka,post_close,2026-04-21 15:00:00,2026-04-21,1,1,,,ok,2026-04-21,28.0,28.4,28.65,27.77,785155.0,0.25,5.11,6.45,0.716,0.87,3.12,8.1,15.91,-11.61,0.284,False,False,0.0,42.0,不推送,False,人气Top50；温和放量；近5日趋势升温；站上20日线且不过热,-,不主动推送。,v2,震荡,58.05,0.14,2.31,0,2026-04-21,common_index_cache,0.07,0.1,0.31,1.45,2.34,3.66,0.11,4.14
2026-04-21,002418,康盛股份,45,7976.0,10jqka,post_close,2026-04-21 15:00:00,2026-04-10,7,3,12.0,-33.0,ok,2026-04-21,6.9,6.13,7.08,6.13,4189658.0,-9.99,8.88,0.49,0.0,1.65,1.29,4.8,17.12,-13.42,0.189,False,False,0.0,12.0,不推送,False,人气Top50；温和放量；站上20日线且不过热；连续上榜确认,当日转弱；收盘承接偏弱；人气排名明显回落,不主动推送。,v2,震荡,58.05,0.14,2.31,0,2026-04-21,common_index_cache,0.07,0.1,0.31,1.45,2.34,3.66,-10.13,-1.82
2026-04-21,002149,西部材料,46,7831.0,10jqka,post_close,2026-04-21 15:00:00,2026-04-14,5,3,17.0,-29.0,ok,2026-04-21,62.79,61.33,63.75,59.2,1132047.0,1.74,14.34,22.66,0.468,1.24,8.09,18.04,23.13,-3.8,0.211,False,False,0.0,46.0,不推送,False,人气Top50；温和放量；近5日趋势升温；站上20日线且不过热；连续上榜确认,人气排名明显回落,不主动推送。,v2,震荡,58.05,0.14,2.31,0,2026-04-21,common_index_cache,0.07,0.1,0.31,1.45,2.34,3.66,1.6,20.35
2026-04-21,002364,中恒电气,47,7803.0,10jqka,post_close,2026-04-21 15:00:00,2026-04-10,8,8,32.0,-15.0,ok,2026-04-21,43.67,44.16,45.45,41.87,1151659.0,1.05,3.18,3.93,0.64,0.99,2.71,12.6,31.99,-2.84,0.36,False,False,0.0,24.0,不推送,False,人气Top50；温和放量；持续霸榜,偏离20日线较大；热度可能进入后段,不主动推送。,v2,震荡,58.05,0.14,2.31,0,2026-04-21,common_index_cache,0.07,0.1,0.31,1.45,2.34,3.66,0.91,1.62
2026-04-21,600330,天通股份,48,7735.0,10jqka,post_close,2026-04-21 15:00:00,2026-04-10,4,3,35.0,-13.0,ok,2026-04-21,23.9,23.52,25.21,23.42,3871390.0,-1.59,19.09,14.12,0.056,3.64,8.19,14.43,27.3,-6.7,0.732,False,False,0.0,2.0,不推送,False,人气Top50；近5日趋势升温；站上20日线且不过热；连续上榜确认,当日转弱；收盘承接偏弱；放量过猛,不主动推送。,v2,震荡,58.05,0.14,2.31,0,2026-04-21,common_index_cache,0.07,0.1,0.31,1.45,2.34,3.66,-1.73,11.81
2026-04-21,600666,奥瑞德,49,7696.0,10jqka,post_close,2026-04-21 15:00:00,2026-04-10,8,8,14.0,-35.0,ok,2026-04-21,6.89,6.74,7.07,6.52,5228805.0,-5.87,-1.61,4.01,0.4,0.82,-1.09,1.61,8.54,-10.96,0.327,False,False,0.0,8.0,不推送,False,人气Top50；温和放量；站上20日线且不过热；持续霸榜,当日转弱；收盘承接偏弱；热度可能进入后段；人气排名明显回落,不主动推送。,v2,震荡,58.05,0.14,2.31,0,2026-04-21,common_index_cache,0.07,0.1,0.31,1.45,2.34,3.66,-6.01,1.7
2026-04-21,603017,中衡设计,50,7579.0,10jqka,post_close,2026-04-21 15:00:00,2026-04-21,1,1,,,ok,2026-04-21,15.53,15.63,15.63,15.26,147392.0,9.99,21.92,17.08,1.0,0.81,13.69,14.49,8.97,-12.92,0.0,True,False,0.0,96.0,强推观察,True,人气Top50；当日涨停附近；收在日内高位；温和放量；近5日趋势升温；站上20日线且不过热；v2强势延续修正；v2低分涨停修正,-,高风险情绪股：不追一字，优先看分歧承接，跌破5日线或人气退潮就跑。,v2,震荡,58.05,0.14,2.31,0,2026-04-21,common_index_cache,0.07,0.1,0.31,1.45,2.34,3.66,9.85,14.77
2026-04-21,600105,永鼎股份,51,7443.0,10jqka,post_close,2026-04-21 15:00:00,2026-04-10,8,8,42.0,-9.0,ok,2026-04-21,39.95,41.39,42.3,39.95,1628974.0,-0.98,4.86,11.32,0.613,0.84,2.7,7.97,24.82,-5.63,0.387,False,False,0.0,28.0,不推送,False,温和放量；近5日趋势升温；站上20日线且不过热；持续霸榜,当日转弱；热度可能进入后段,不主动推送。,v2,震荡,58.05,0.14,2.31,0,2026-04-21,common_index_cache,0.07,0.1,0.31,1.45,2.34,3.66,-1.12,9.01
2026-04-21,600678,四川金顶,52,7416.0,10jqka,post_close,2026-04-21 15:00:00,2026-04-21,1,1,,,ok,2026-04-21,11.2,11.87,11.87,11.2,298356.0,10.01,12.09,12.83,1.0,2.88,9.4,11.27,12.43,-13.04,0.0,True,False,0.0,64.0,普通观察,True,当日涨停附近；收在日内高位；近5日趋势升温；站上20日线且不过热；v2低分涨停修正,-,保留在样本池，继续看次日人气和承接。,v2,震荡,58.05,0.14,2.31,0,2026-04-21,common_index_cache,0.07,0.1,0.31,1.45,2.34,3.66,9.87,10.52
2026-04-21,002202,金风科技,53,7370.0,10jqka,post_close,2026-04-21 15:00:00,2026-04-10,8,8,21.0,-32.0,ok,2026-04-21,26.4,26.13,26.69,25.89,1808333.0,-1.73,4.56,3.28,0.3,0.79,1.97,4.81,2.2,-21.53,0.363,False,False,0.0,0.0,不推送,False,站上20日线且不过热；持续霸榜,当日转弱；收盘承接偏弱；热度可能进入后段；人气排名明显回落,不主动推送。,v2,震荡,58.05,0.14,2.31,0,2026-04-21,common_index_cache,0.07,0.1,0.31,1.45,2.34,3.66,-1.87,0.97
2026-04-21,002471,中超控股,54,7353.0,10jqka,post_close,2026-04-21 15:00:00,2026-04-15,4,2,72.0,18.0,ok,2026-04-21,9.45,9.77,10.3,9.38,3369853.0,2.41,5.74,11.28,0.424,1.45,4.42,7.21,9.49,-10.12,0.576,False,False,0.0,28.0,不推送,False,温和放量；近5日趋势升温；站上20日线且不过热；连续上榜确认；人气排名明显上升,收盘承接偏弱；上影线偏长,不主动推送。,v2,震荡,58.05,0.14,2.31,0,2026-04-21,common_index_cache,0.07,0.1,0.31,1.45,2.34,3.66,2.27,8.97
2026-04-21,003018,金富科技,55,7256.0,10jqka,post_close,2026-04-21 15:00:00,2026-04-21,1,1,,,ok,2026-04-21,44.0,47.45,47.45,43.55,129661.0,9.99,33.1,27.01,1.0,0.77,18.01,28.75,45.33,0.0,0.0,True,False,0.0,37.0,不推送,False,当日涨停附近；收在日内高位；近5日强势延续；v2低分涨停修正,短线涨幅偏高；远离20日线过多,不主动推送。,v2,震荡,58.05,0.14,2.31,0,2026-04-21,common_index_cache,0.07,0.1,0.31,1.45,2.34,3.66,9.85,24.7
2026-04-21,300058,蓝色光标,56,7227.0,10jqka,post_close,2026-04-21 15:00:00,2026-04-10,8,8,8.0,-48.0,ok,2026-04-21,19.12,18.79,19.65,18.62,5671759.0,-3.79,9.24,8.8,0.165,0.86,4.45,8.47,19.5,-23.09,0.515,False,False,0.0,12.0,不推送,False,温和放量；近5日趋势升温；站上20日线且不过热；持续霸榜,当日转弱；收盘承接偏弱；热度可能进入后段；人气排名明显回落,不主动推送。,v2,震荡,58.05,0.14,2.31,0,2026-04-21,common_index_cache,0.07,0.1,0.31,1.45,2.34,3.66,-3.93,6.49
2026-04-21,600703,三安光电,57,7195.0,10jqka,post_close,2026-04-21 15:00:00,2026-04-10,5,3,45.0,-12.0,ok,2026-04-21,13.64,13.58,14.11,13.36,2723476.0,-0.51,11.95,11.13,0.293,0.93,4.72,8.04,8.75,-27.65,0.627,False,False,0.0,20.0,不推送,False,温和放量；近5日趋势升温；站上20日线且不过热；连续上榜确认,当日转弱；收盘承接偏弱,不主动推送。,v2,震荡,58.05,0.14,2.31,0,2026-04-21,common_index_cache,0.07,0.1,0.31,1.45,2.34,3.66,-0.65,8.82
2026-04-21,601179,中国西电,58,6952.0,10jqka,post_close,2026-04-21 15:00:00,2026-04-10,6,5,7.0,-51.0,ok,2026-04-21,18.23,17.89,18.23,17.64,2182398.0,-1.81,2.58,10.43,0.424,0.73,1.14,6.27,9.95,-13.37,0.0,False,False,0.0,0.0,不推送,False,近5日趋势升温；站上20日线且不过热；持续霸榜,当日转弱；收盘承接偏弱；热度可能进入后段；人气排名明显回落,不主动推送。,v2,震荡,58.05,0.14,2.31,0,2026-04-21,common_index_cache,0.07,0.1,0.31,1.45,2.34,3.66,-1.95,8.12
2026-04-21,601138,工业富联,59,6928.0,10jqka,post_close,2026-04-21 15:00:00,2026-04-10,8,8,40.0,-19.0,ok,2026-04-21,60.97,61.41,61.5,59.87,1392037.0,-0.16,3.52,4.23,0.945,0.67,2.0,5.19,12.37,-3.03,0.055,False,False,0.0,18.0,不推送,False,收在日内高位；站上20日线且不过热；持续霸榜,当日转弱；热度可能进入后段,不主动推送。,v2,震荡,58.05,0.14,2.31,0,2026-04-21,common_index_cache,0.07,0.1,0.31,1.45,2.34,3.66,-0.3,1.92
2026-04-21,600156,华升股份,60,6878.0,10jqka,post_close,2026-04-21 15:00:00,2026-04-17,3,3,39.0,-21.0,ok,2026-04-21,11.21,9.79,11.21,9.75,1210643.0,-3.93,16.27,25.51,0.027,4.99,8.03,16.67,21.27,-12.67,0.0,False,False,0.0,0.0,不推送,False,近5日强势延续；站上20日线且不过热；连续上榜确认,当日转弱；收盘承接偏弱；放量过猛；短线涨幅偏高；人气排名明显回落,不主动推送。,v2,震荡,58.05,0.14,2.31,0,2026-04-21,common_index_cache,0.07,0.1,0.31,1.45,2.34,3.66,-4.07,23.2
2026-04-21,002108,沧州明珠,61,6806.0,10jqka,post_close,2026-04-21 15:00:00,2026-04-17,2,1,36.0,-25.0,ok,2026-04-21,5.67,6.08,6.18,5.59,3207166.0,4.29,19.92,20.63,0.831,1.88,10.63,16.97,21.78,-1.62,0.169,False,False,0.0,42.0,不推送,False,当日上涨；收盘承接较强；放量仍可控；近5日趋势升温；站上20日线且不过热,人气排名明显回落,不主动推送。,v2,震荡,58.05,0.14,2.31,0,2026-04-21,common_index_cache,0.07,0.1,0.31,1.45,2.34,3.66,4.15,18.32
2026-04-21,600821,金开新能,62,6745.0,10jqka,post_close,2026-04-21 15:00:00,2026-04-15,5,5,36.0,-26.0,ok,2026-04-21,9.4,9.12,9.53,8.85,3568933.0,-2.88,2.93,8.96,0.397,1.01,0.68,5.67,1.11,-25.25,0.191,False,False,0.0,12.0,不推送,False,温和放量；近5日趋势升温；站上20日线且不过热；持续霸榜,当日转弱；收盘承接偏弱；热度可能进入后段；人气排名明显回落,不主动推送。,v2,震荡,58.05,0.14,2.31,0,2026-04-21,common_index_cache,0.07,0.1,0.31,1.45,2.34,3.66,-3.02,6.65
2026-04-21,603629,利通电子,63,6722.0,10jqka,post_close,2026-04-21 15:00:00,2026-04-13,7,7,53.0,-10.0,ok,2026-04-21,104.0,101.19,106.0,99.35,371605.0,-5.68,5.57,26.57,0.277,0.83,1.66,16.57,35.25,-7.98,0.301,False,False,0.0,0.0,不推送,False,温和放量；近5日强势延续；持续霸榜,当日转弱；收盘承接偏弱；短线涨幅偏高；偏离20日线较大；热度可能进入后段,不主动推送。,v2,震荡,58.05,0.14,2.31,0,2026-04-21,common_index_cache,0.07,0.1,0.31,1.45,2.34,3.66,-5.82,24.26
2026-04-21,000890,法尔胜,64,6689.0,10jqka,post_close,2026-04-21 15:00:00,2026-04-10,5,2,44.0,-20.0,ok,2026-04-21,13.08,14.59,14.8,12.85,920484.0,7.68,17.76,20.58,0.892,1.17,11.04,6.64,2.74,-17.15,0.108,False,False,0.0,64.0,普通观察,True,当日强涨；收盘承接较强；温和放量；近5日趋势升温；站上20日线且不过热；连续上榜确认,人气排名明显回落,保留在样本池，继续看次日人气和承接。,v2,震荡,58.05,0.14,2.31,0,2026-04-21,common_index_cache,0.07,0.1,0.31,1.45,2.34,3.66,7.54,18.27
2026-04-21,600736,苏州高新,65,6681.0,10jqka,post_close,2026-04-21 15:00:00,2026-04-21,1,1,,,ok,2026-04-21,6.34,6.92,6.92,6.34,494528.0,10.02,11.61,11.25,1.0,2.69,8.77,11.18,12.92,-13.5,0.0,True,False,0.0,58.0,不推送,False,当日涨停附近；收在日内高位；近5日趋势升温；站上20日线且不过热,-,不主动推送。,v2,震荡,58.05,0.14,2.31,0,2026-04-21,common_index_cache,0.07,0.1,0.31,1.45,2.34,3.66,9.88,8.94
2026-04-21,002015,协鑫能科,66,6667.0,10jqka,post_close,2026-04-21 15:00:00,2026-04-15,5,5,68.0,2.0,ok,2026-04-21,19.28,18.91,19.56,18.0,1879325.0,-1.3,2.66,7.14,0.583,1.0,1.86,4.67,6.03,-17.75,0.179,False,False,0.0,28.0,不推送,False,温和放量；近5日趋势升温；站上20日线且不过热；持续霸榜,当日转弱；热度可能进入后段,不主动推送。,v2,震荡,58.05,0.14,2.31,0,2026-04-21,common_index_cache,0.07,0.1,0.31,1.45,2.34,3.66,-1.44,4.83
2026-04-21,002594,比亚迪,67,6579.0,10jqka,post_close,2026-04-21 15:00:00,2026-04-10,7,2,89.0,22.0,ok,2026-04-21,102.91,101.53,103.19,101.33,432258.0,-1.34,-3.8,-2.21,0.108,0.89,-1.77,-1.12,-1.48,-9.2,0.151,False,False,0.0,0.0,不推送,False,温和放量；连续上榜确认；人气排名明显上升,当日转弱；收盘承接偏弱；近5日趋势未确认,不主动推送。,v2,震荡,58.05,0.14,2.31,0,2026-04-21,common_index_cache,0.07,0.1,0.31,1.45,2.34,3.66,-1.48,-4.52
2026-04-21,002491,通鼎互联,68,6557.0,10jqka,post_close,2026-04-21 15:00:00,2026-04-10,7,5,30.0,-38.0,ok,2026-04-21,16.67,16.75,17.23,16.31,2503264.0,0.66,7.23,11.0,0.478,1.21,6.91,8.64,23.07,-2.79,0.522,False,False,0.0,28.0,不推送,False,温和放量；近5日趋势升温；站上20日线且不过热；持续霸榜,热度可能进入后段；人气排名明显回落；上影线偏长,不主动推送。,v2,震荡,58.05,0.14,2.31,0,2026-04-21,common_index_cache,0.07,0.1,0.31,1.45,2.34,3.66,0.52,8.69
2026-04-21,001312,福恩股份,69,6476.0,10jqka,post_close,2026-04-21 15:00:00,2026-04-21,1,1,,,ok,2026-04-21,36.51,30.57,36.53,30.11,409948.0,,,,0.072,,0.0,0.0,0.0,-16.32,0.003,False,False,0.0,0.0,不推送,False,站上20日线且不过热,收盘承接偏弱,不主动推送。,v2,震荡,58.05,0.14,2.31,0,2026-04-21,common_index_cache,0.07,0.1,0.31,1.45,2.34,3.66,,
2026-04-21,600410,华胜天成,70,6457.0,10jqka,post_close,2026-04-21 15:00:00,2026-04-10,8,8,55.0,-15.0,ok,2026-04-21,28.58,27.9,28.85,27.62,1476441.0,-3.76,-0.32,2.12,0.228,0.76,-0.85,0.7,5.34,-18.68,0.22,False,False,0.0,0.0,不推送,False,站上20日线且不过热；持续霸榜,当日转弱；收盘承接偏弱；热度可能进入后段,不主动推送。,v2,震荡,58.05,0.14,2.31,0,2026-04-21,common_index_cache,0.07,0.1,0.31,1.45,2.34,3.66,-3.9,-0.19
2026-04-21,600873,梅花生物,71,6337.0,10jqka,post_close,2026-04-21 15:00:00,2026-04-21,1,1,,,ok,2026-04-21,10.8,10.97,10.99,10.73,442931.0,1.67,1.11,1.01,0.923,1.33,1.07,0.23,-1.9,-17.15,0.077,False,False,0.0,30.0,不推送,False,收在日内高位；温和放量,-,不主动推送。,v2,震荡,58.05,0.14,2.31,0,2026-04-21,common_index_cache,0.07,0.1,0.31,1.45,2.34,3.66,1.53,-1.3
2026-04-21,002281,光迅科技,72,6328.0,10jqka,post_close,2026-04-21 15:00:00,2026-04-10,6,3,78.0,6.0,ok,2026-04-21,119.0,121.79,123.31,116.39,582583.0,1.45,14.67,9.33,0.78,0.94,6.54,9.63,23.47,-3.08,0.22,False,False,0.0,52.0,不推送,False,收盘承接较强；温和放量；近5日趋势升温；站上20日线且不过热；连续上榜确认,-,不主动推送。,v2,震荡,58.05,0.14,2.31,0,2026-04-21,common_index_cache,0.07,0.1,0.31,1.45,2.34,3.66,1.31,7.02
2026-04-21,002428,云南锗业,73,6293.0,10jqka,post_close,2026-04-21 15:00:00,2026-04-14,4,3,19.0,-54.0,ok,2026-04-21,68.32,68.4,70.48,66.74,1180937.0,0.29,21.36,16.17,0.444,1.24,9.58,15.39,25.85,-2.95,0.556,False,False,0.0,20.0,不推送,False,温和放量；近5日趋势升温；站上20日线且不过热；连续上榜确认,收盘承接偏弱；人气排名明显回落；上影线偏长,不主动推送。,v2,震荡,58.05,0.14,2.31,0,2026-04-21,common_index_cache,0.07,0.1,0.31,1.45,2.34,3.66,0.15,13.86
2026-04-21,002549,凯美特气,74,6206.0,10jqka,post_close,2026-04-21 15:00:00,2026-04-21,1,1,,,ok,2026-04-21,19.86,20.65,20.81,19.75,751044.0,3.46,6.5,6.83,0.849,1.99,4.91,6.14,9.22,-16.73,0.151,False,False,0.0,46.0,不推送,False,当日上涨；收盘承接较强；放量仍可控；近5日趋势升温；站上20日线且不过热,-,不主动推送。,v2,震荡,58.05,0.14,2.31,0,2026-04-21,common_index_cache,0.07,0.1,0.31,1.45,2.34,3.66,3.32,4.52
2026-04-21,601868,中国能建,75,6205.0,10jqka,post_close,2026-04-21 15:00:00,2026-04-17,2,1,85.0,10.0,ok,2026-04-21,2.93,3.0,3.04,2.88,12793710.0,2.04,4.17,4.9,0.75,1.86,3.02,3.7,1.39,-23.86,0.25,False,False,0.0,30.0,不推送,False,收盘承接较强；放量仍可控；站上20日线且不过热；人气排名明显上升,-,不主动推送。,v2,震荡,58.05,0.14,2.31,0,2026-04-21,common_index_cache,0.07,0.1,0.31,1.45,2.34,3.66,1.9,2.59
2026-04-21,001330,博纳影业,76,6190.0,10jqka,post_close,2026-04-21 15:00:00,2026-04-17,3,3,82.0,6.0,ok,2026-04-21,8.32,8.83,9.2,8.32,2224078.0,5.24,18.05,18.36,0.58,1.66,9.88,15.52,21.75,-35.64,0.42,False,False,0.0,50.0,不推送,False,当日上涨；温和放量；近5日趋势升温；站上20日线且不过热；连续上榜确认,-,不主动推送。,v2,震荡,58.05,0.14,2.31,0,2026-04-21,common_index_cache,0.07,0.1,0.31,1.45,2.34,3.66,5.1,16.05
2026-04-21,300394,天孚通信,77,6188.0,10jqka,post_close,2026-04-21 15:00:00,2026-04-15,3,1,72.0,-5.0,ok,2026-04-21,345.03,353.0,370.89,345.0,551996.0,-5.74,-0.72,2.07,0.309,1.25,-1.56,-0.08,5.09,-9.24,0.691,False,False,0.0,0.0,不推送,False,温和放量；站上20日线且不过热,当日转弱；收盘承接偏弱,不主动推送。,v2,震荡,58.05,0.14,2.31,0,2026-04-21,common_index_cache,0.07,0.1,0.31,1.45,2.34,3.66,-5.88,-0.24
2026-04-21,002131,利欧股份,78,6146.0,10jqka,post_close,2026-04-21 15:00:00,2026-04-10,8,8,25.0,-53.0,ok,2026-04-21,8.18,8.01,8.28,7.96,5246036.0,-3.61,-0.5,-1.35,0.156,0.93,-0.25,-0.2,2.88,-22.98,0.312,False,False,0.0,0.0,不推送,False,温和放量；站上20日线且不过热；持续霸榜,当日转弱；收盘承接偏弱；近5日趋势未确认；热度可能进入后段；人气排名明显回落,不主动推送。,v2,震荡,58.05,0.14,2.31,0,2026-04-21,common_index_cache,0.07,0.1,0.31,1.45,2.34,3.66,-3.75,-3.66
2026-04-21,300476,胜宏科技,79,6107.0,10jqka,post_close,2026-04-21 15:00:00,2026-04-10,7,3,15.0,-64.0,ok,2026-04-21,330.0,330.9,338.88,325.01,499389.0,-3.53,9.03,7.43,0.425,0.94,3.45,8.45,17.22,-5.4,0.575,False,False,0.0,16.0,不推送,False,温和放量；近5日趋势升温；站上20日线且不过热；连续上榜确认,当日转弱；收盘承接偏弱；人气排名明显回落,不主动推送。,v2,震荡,58.05,0.14,2.31,0,2026-04-21,common_index_cache,0.07,0.1,0.31,1.45,2.34,3.66,-3.67,5.12
2026-04-21,603538,美诺华,80,6095.0,10jqka,post_close,2026-04-21 15:00:00,2026-04-10,8,8,65.0,-15.0,ok,2026-04-21,51.28,52.53,54.23,50.5,553560.0,2.18,-6.2,3.08,0.544,0.9,-1.97,3.96,18.4,-8.31,0.456,False,False,0.0,20.0,不推送,False,温和放量；站上20日线且不过热；持续霸榜,热度可能进入后段；上影线偏长,不主动推送。,v2,震荡,58.05,0.14,2.31,0,2026-04-21,common_index_cache,0.07,0.1,0.31,1.45,2.34,3.66,2.04,0.77
2026-04-21,000815,美利云,81,6035.0,10jqka,post_close,2026-04-21 15:00:00,2026-04-13,7,7,51.0,-30.0,ok,2026-04-21,21.5,20.89,21.5,20.21,1212964.0,-4.83,-5.94,-0.1,0.527,0.89,-2.24,0.62,2.53,-9.57,0.0,False,False,0.0,8.0,不推送,False,温和放量；站上20日线且不过热；持续霸榜,当日转弱；近5日趋势未确认；热度可能进入后段；人气排名明显回落,不主动推送。,v2,震荡,58.05,0.14,2.31,0,2026-04-21,common_index_cache,0.07,0.1,0.31,1.45,2.34,3.66,-4.97,-2.41
2026-04-21,688270,ST臻镭,82,5949.0,10jqka,post_close,2026-04-21 15:00:00,2026-04-17,2,1,71.0,-11.0,ok,2026-04-21,152.0,147.76,157.64,142.88,40756076.0,-15.64,-13.36,-2.6,0.331,2.18,-11.85,-6.32,-1.47,-35.19,0.382,False,False,0.0,0.0,不推送,False,放量仍可控,当日转弱；收盘承接偏弱；近5日趋势未确认,不主动推送。,v2,震荡,58.05,0.14,2.31,0,2026-04-21,common_index_cache,0.07,0.1,0.31,1.45,2.34,3.66,-15.78,-4.91
2026-04-21,002463,沪电股份,83,5912.0,10jqka,post_close,2026-04-21 15:00:00,2026-04-10,8,8,91.0,8.0,ok,2026-04-21,96.51,99.82,101.0,95.85,715613.0,1.86,5.74,2.34,0.771,0.75,3.41,7.67,16.41,-1.48,0.229,False,False,0.0,22.0,不推送,False,收盘承接较强；站上20日线且不过热；持续霸榜,热度可能进入后段,不主动推送。,v2,震荡,58.05,0.14,2.31,0,2026-04-21,common_index_cache,0.07,0.1,0.31,1.45,2.34,3.66,1.72,0.03
2026-04-21,603083,剑桥科技,84,5842.0,10jqka,post_close,2026-04-21 15:00:00,2026-04-15,3,1,37.0,-47.0,ok,2026-04-21,150.83,161.17,162.57,149.47,466780.0,5.82,22.02,33.62,0.893,1.0,12.45,24.06,37.54,-0.86,0.107,False,False,0.0,31.0,不推送,False,当日上涨；收盘承接较强；温和放量；近5日强势延续,短线涨幅偏高；偏离20日线较大；人气排名明显回落,不主动推送。,v2,震荡,58.05,0.14,2.31,0,2026-04-21,common_index_cache,0.07,0.1,0.31,1.45,2.34,3.66,5.68,31.31
2026-04-21,600879,航天电子,85,5838.0,10jqka,post_close,2026-04-21 15:00:00,2026-04-14,4,2,22.0,-63.0,ok,2026-04-21,25.54,25.52,25.99,25.01,2582238.0,-0.04,10.19,13.37,0.52,1.24,5.6,11.38,15.48,-18.88,0.459,False,False,0.0,28.0,不推送,False,温和放量；近5日趋势升温；站上20日线且不过热；连续上榜确认,当日转弱；人气排名明显回落,不主动推送。,v2,震荡,58.05,0.14,2.31,0,2026-04-21,common_index_cache,0.07,0.1,0.31,1.45,2.34,3.66,-0.18,11.06
2026-04-21,002812,恩捷股份,86,5809.0,10jqka,post_close,2026-04-21 15:00:00,2026-04-14,2,1,98.0,12.0,ok,2026-04-21,72.6,75.84,76.35,70.61,506624.0,5.11,6.25,7.27,0.911,1.41,4.81,8.2,9.31,-0.95,0.089,False,False,0.0,62.0,普通观察,True,当日上涨；收在日内高位；温和放量；近5日趋势升温；站上20日线且不过热；人气排名明显上升,-,保留在样本池，继续看次日人气和承接。,v2,震荡,58.05,0.14,2.31,0,2026-04-21,common_index_cache,0.07,0.1,0.31,1.45,2.34,3.66,4.97,4.96
2026-04-21,300533,冰川网络,87,5795.0,10jqka,post_close,2026-04-21 15:00:00,2026-04-21,1,1,,,ok,2026-04-21,27.05,30.58,30.58,27.05,257800.0,20.02,18.21,20.58,1.0,2.92,15.27,13.38,11.45,-22.29,0.0,True,False,0.0,64.0,普通观察,True,当日涨停附近；收在日内高位；近5日趋势升温；站上20日线且不过热；v2低分涨停修正,-,保留在样本池，继续看次日人气和承接。,v2,震荡,58.05,0.14,2.31,0,2026-04-21,common_index_cache,0.07,0.1,0.31,1.45,2.34,3.66,19.88,18.27
2026-04-21,000559,万向钱潮,88,5788.0,10jqka,post_close,2026-04-21 15:00:00,2026-04-10,2,1,53.0,-35.0,ok,2026-04-21,16.44,17.27,17.7,16.21,1672082.0,4.04,4.41,4.92,0.711,1.76,4.06,6.01,9.37,-17.29,0.289,False,False,0.0,26.0,不推送,False,当日上涨；温和放量；站上20日线且不过热,人气排名明显回落,不主动推送。,v2,震荡,58.05,0.14,2.31,0,2026-04-21,common_index_cache,0.07,0.1,0.31,1.45,2.34,3.66,3.9,2.61
2026-04-21,000980,众泰汽车,89,5769.0,10jqka,post_close,2026-04-21 15:00:00,2026-04-21,1,1,,,ok,2026-04-21,2.16,2.38,2.38,2.14,2050443.0,10.19,14.42,10.19,1.0,1.3,10.29,9.68,6.01,-36.02,0.0,True,False,0.0,72.0,普通观察,True,当日涨停附近；收在日内高位；温和放量；近5日趋势升温；站上20日线且不过热,-,保留在样本池，继续看次日人气和承接。,v2,震荡,58.05,0.14,2.31,0,2026-04-21,common_index_cache,0.07,0.1,0.31,1.45,2.34,3.66,10.05,7.88
2026-04-21,000988,华工科技,90,5673.0,10jqka,post_close,2026-04-21 15:00:00,2026-04-10,8,8,62.0,-28.0,ok,2026-04-21,113.0,116.28,117.08,112.56,696624.0,1.13,3.53,-3.61,0.823,0.64,1.54,0.28,4.5,-17.77,0.177,False,False,0.0,14.0,不推送,False,收盘承接较强；站上20日线且不过热；持续霸榜,近5日趋势未确认；热度可能进入后段；人气排名明显回落,不主动推送。,v2,震荡,58.05,0.14,2.31,0,2026-04-21,common_index_cache,0.07,0.1,0.31,1.45,2.34,3.66,0.99,-5.92
2026-04-21,603986,兆易创新,91,5669.0,10jqka,post_close,2026-04-21 15:00:00,2026-04-10,6,1,43.0,-48.0,ok,2026-04-21,290.8,306.27,309.0,288.25,425834.0,5.41,6.81,9.38,0.868,1.06,5.87,10.96,14.97,-7.52,0.132,False,False,0.0,48.0,不推送,False,当日上涨；收盘承接较强；温和放量；近5日趋势升温；站上20日线且不过热,人气排名明显回落,不主动推送。,v2,震荡,58.05,0.14,2.31,0,2026-04-21,common_index_cache,0.07,0.1,0.31,1.45,2.34,3.66,5.27,7.07
2026-04-21,000547,航天发展,92,5635.0,10jqka,post_close,2026-04-21 15:00:00,2026-04-14,5,2,23.0,-69.0,ok,2026-04-21,28.7,28.01,29.07,27.52,2244553.0,-2.57,2.23,3.09,0.316,0.97,0.89,2.5,2.51,-19.14,0.239,False,False,0.0,4.0,不推送,False,温和放量；站上20日线且不过热；连续上榜确认,当日转弱；收盘承接偏弱；人气排名明显回落,不主动推送。,v2,震荡,58.05,0.14,2.31,0,2026-04-21,common_index_cache,0.07,0.1,0.31,1.45,2.34,3.66,-2.71,0.78
2026-04-21,600745,闻泰科技,93,5593.0,10jqka,post_close,2026-04-21 15:00:00,2026-04-21,1,1,,,ok,2026-04-21,31.15,29.13,31.17,29.0,676621.0,-7.17,-6.54,-8.02,0.06,3.58,-5.41,-6.59,-7.22,-31.3,0.009,False,False,0.0,0.0,不推送,False,-,当日转弱；收盘承接偏弱；放量过猛；近5日趋势未确认；仍在20日线下方,不主动推送。,v2,震荡,58.05,0.14,2.31,0,2026-04-21,common_index_cache,0.07,0.1,0.31,1.45,2.34,3.66,-7.31,-10.33
2026-04-21,300342,天银机电,94,5422.0,10jqka,post_close,2026-04-21 15:00:00,2026-04-20,2,2,79.0,-15.0,ok,2026-04-21,63.55,68.68,69.0,63.02,776936.0,8.98,23.08,28.16,0.946,1.24,14.92,19.65,24.98,-0.46,0.054,False,False,0.0,67.0,普通观察,True,当日强涨；收在日内高位；温和放量；近5日强势延续；站上20日线且不过热；连续上榜确认,短线涨幅偏高,保留在样本池，继续看次日人气和承接。,v2,震荡,58.05,0.14,2.31,0,2026-04-21,common_index_cache,0.07,0.1,0.31,1.45,2.34,3.66,8.84,25.85
2026-04-21,600589,大位科技,95,5405.0,10jqka,post_close,2026-04-21 15:00:00,2026-04-21,1,1,,,ok,2026-04-21,11.03,10.45,11.05,10.28,1660053.0,-6.11,-8.97,-8.33,0.221,0.97,-5.69,-5.75,-3.41,-31.48,0.026,False,False,0.0,0.0,不推送,False,温和放量,当日转弱；收盘承接偏弱；近5日趋势未确认,不主动推送。,v2,震荡,58.05,0.14,2.31,0,2026-04-21,common_index_cache,0.07,0.1,0.31,1.45,2.34,3.66,-6.25,-10.64
2026-04-21,002309,中利集团,96,5373.0,10jqka,post_close,2026-04-21 15:00:00,2026-04-10,6,2,20.0,-76.0,ok,2026-04-21,4.51,4.31,4.55,4.26,5811498.0,-1.6,5.38,1.65,0.172,1.44,3.66,-1.31,-6.19,-20.63,0.138,False,False,0.0,0.0,不推送,False,温和放量；连续上榜确认,当日转弱；收盘承接偏弱；仍在20日线下方；人气排名明显回落,不主动推送。,v2,震荡,58.05,0.14,2.31,0,2026-04-21,common_index_cache,0.07,0.1,0.31,1.45,2.34,3.66,-1.74,-0.66
2026-04-21,000533,顺钠股份,97,5312.0,10jqka,post_close,2026-04-21 15:00:00,2026-04-15,4,2,76.0,-21.0,ok,2026-04-21,15.98,16.4,16.6,15.27,1425106.0,2.63,4.53,9.92,0.85,1.09,3.5,7.46,8.15,-24.91,0.15,False,False,0.0,48.0,不推送,False,收盘承接较强；温和放量；近5日趋势升温；站上20日线且不过热；连续上榜确认,人气排名明显回落,不主动推送。,v2,震荡,58.05,0.14,2.31,0,2026-04-21,common_index_cache,0.07,0.1,0.31,1.45,2.34,3.66,2.49,7.61
2026-04-21,002436,兴森科技,98,5296.0,10jqka,post_close,2026-04-21 15:00:00,2026-04-21,1,1,,,ok,2026-04-21,26.3,28.21,28.6,25.96,1613837.0,6.25,13.16,10.98,0.852,1.12,8.05,13.77,24.77,-1.36,0.148,False,False,0.0,52.0,不推送,False,当日上涨；收盘承接较强；温和放量；近5日趋势升温；站上20日线且不过热,-,不主动推送。,v2,震荡,58.05,0.14,2.31,0,2026-04-21,common_index_cache,0.07,0.1,0.31,1.45,2.34,3.66,6.11,8.67
2026-04-21,600186,莲花控股,99,5282.0,10jqka,post_close,2026-04-21 15:00:00,2026-04-15,3,1,53.0,-46.0,ok,2026-04-21,7.82,8.09,8.14,7.55,2392582.0,2.8,-0.61,10.52,0.915,0.99,1.94,5.15,9.52,-3.35,0.085,False,False,0.0,46.0,不推送,False,收在日内高位；温和放量；近5日趋势升温；站上20日线且不过热,人气排名明显回落,不主动推送。,v2,震荡,58.05,0.14,2.31,0,2026-04-21,common_index_cache,0.07,0.1,0.31,1.45,2.34,3.66,2.66,8.21
2026-04-21,601698,中国卫通,100,5274.0,10jqka,post_close,2026-04-21 15:00:00,2026-04-20,2,2,33.0,-67.0,ok,2026-04-21,38.61,38.17,39.16,37.6,1725354.0,2.11,12.6,12.6,0.365,2.49,7.58,11.56,15.22,-10.19,0.353,False,False,0.0,20.0,不推送,False,放量仍可控；近5日趋势升温；站上20日线且不过热；连续上榜确认,收盘承接偏弱；人气排名明显回落,不主动推送。,v2,震荡,58.05,0.14,2.31,0,2026-04-21,common_index_cache,0.07,0.1,0.31,1.45,2.34,3.66,1.97,10.29
2026-04-22,002580,圣阳股份,1,27316.0,10jqka,post_close,2026-04-22 15:00:00,2026-04-10,9,9,5.0,4.0,ok,2026-04-22,26.73,26.73,28.29,26.73,1898208.0,-10.0,-12.59,5.78,0.0,2.36,-9.58,5.59,28.21,-20.54,1.0,False,False,0.0,30.0,不推送,False,人气Top3；放量仍可控；近5日趋势升温；持续霸榜,当日转弱；收盘承接偏弱；偏离20日线较大；热度可能进入后段,不主动推送。,v2,强势,71.13,1.1,4.11,0,2026-04-22,common_index_cache,0.52,1.3,1.73,1.96,4.68,6.77,-11.1,1.67
2026-04-22,601138,工业富联,2,26282.0,10jqka,post_close,2026-04-22 15:00:00,2026-04-10,9,9,59.0,57.0,ok,2026-04-22,61.19,66.89,67.55,61.03,3160832.0,8.92,9.71,15.69,0.899,1.72,7.85,12.59,20.41,-0.98,0.101,False,False,0.0,98.0,强推观察,True,人气Top3；当日强涨；收盘承接较强；温和放量；近5日趋势升温；站上20日线且不过热；持续霸榜；人气排名明显上升,热度可能进入后段,高风险情绪股：不追一字，优先看分歧承接，跌破5日线或人气退潮就跑。,v2,强势,71.13,1.1,4.11,0,2026-04-22,common_index_cache,0.52,1.3,1.73,1.96,4.68,6.77,7.82,11.58
2026-04-22,002384,东山精密,3,20368.0,10jqka,post_close,2026-04-22 15:00:00,2026-04-10,9,9,9.0,6.0,ok,2026-04-22,172.06,186.34,186.34,171.2,832377.0,10.0,14.95,27.81,1.0,0.86,13.02,21.12,42.43,0.0,0.0,True,False,0.0,95.0,强推观察,True,人气Top3；当日涨停附近；收在日内高位；温和放量；近5日强势延续；持续霸榜；v2低分涨停修正,短线涨幅偏高；偏离20日线较大；热度可能进入后段,高风险情绪股：不追一字，优先看分歧承接，跌破5日线或人气退潮就跑。,v2,强势,71.13,1.1,4.11,0,2026-04-22,common_index_cache,0.52,1.3,1.73,1.96,4.68,6.77,8.9,23.7
2026-04-22,002837,英维克,4,20144.0,10jqka,post_close,2026-04-22 15:00:00,2026-04-10,8,4,4.0,0.0,ok,2026-04-22,98.07,104.2,108.97,98.07,1594477.0,-4.38,-5.85,-1.05,0.562,3.27,-5.46,-1.81,6.74,-14.41,0.438,False,False,0.0,26.0,不推送,False,人气Top10；站上20日线且不过热；连续上榜确认,当日转弱；近5日趋势未确认,不主动推送。,v2,强势,71.13,1.1,4.11,0,2026-04-22,common_index_cache,0.52,1.3,1.73,1.96,4.68,6.77,-5.48,-5.16
2026-04-22,002281,光迅科技,5,20054.0,10jqka,post_close,2026-04-22 15:00:00,2026-04-10,7,4,72.0,67.0,ok,2026-04-22,121.5,123.97,125.6,120.5,793417.0,1.79,6.11,16.19,0.68,1.31,5.26,9.07,22.94,-1.34,0.32,False,False,0.0,70.0,普通观察,True,人气Top10；温和放量；近5日趋势升温；站上20日线且不过热；连续上榜确认；人气排名明显上升,-,保留在样本池，继续看次日人气和承接。,v2,强势,71.13,1.1,4.11,0,2026-04-22,common_index_cache,0.52,1.3,1.73,1.96,4.68,6.77,0.69,12.08
2026-04-22,002812,恩捷股份,6,17934.0,10jqka,post_close,2026-04-22 15:00:00,2026-04-14,3,2,86.0,80.0,ok,2026-04-22,75.08,74.74,77.78,73.91,400198.0,-1.45,4.28,5.62,0.214,1.07,2.17,5.75,7.09,-3.91,0.698,False,False,0.0,48.0,不推送,False,人气Top10；温和放量；近5日趋势升温；站上20日线且不过热；连续上榜确认；人气排名明显上升,当日转弱；收盘承接偏弱,不主动推送。,v2,强势,71.13,1.1,4.11,0,2026-04-22,common_index_cache,0.52,1.3,1.73,1.96,4.68,6.77,-2.55,1.51
2026-04-22,600110,诺德股份,7,17523.0,10jqka,post_close,2026-04-22 15:00:00,2026-04-10,6,1,96.0,89.0,ok,2026-04-22,10.0,10.3,10.47,10.0,2042777.0,3.1,3.1,0.49,0.638,1.08,2.32,1.8,8.13,-5.33,0.362,False,False,0.0,58.0,不推送,False,人气Top10；当日上涨；温和放量；站上20日线且不过热；人气排名明显上升,-,不主动推送。,v2,强势,71.13,1.1,4.11,0,2026-04-22,common_index_cache,0.52,1.3,1.73,1.96,4.68,6.77,2.0,-3.62
2026-04-22,002361,神剑股份,8,17375.0,10jqka,post_close,2026-04-22 15:00:00,2026-04-10,9,9,6.0,-2.0,ok,2026-04-22,22.46,23.65,23.95,21.97,3478951.0,4.23,26.13,27.56,0.848,0.96,12.64,24.49,38.77,-1.25,0.152,False,False,0.0,63.0,普通观察,True,人气Top10；当日上涨；收盘承接较强；温和放量；近5日强势延续；持续霸榜,短线涨幅偏高；偏离20日线较大；热度可能进入后段,保留在样本池，继续看次日人气和承接。,v2,强势,71.13,1.1,4.11,0,2026-04-22,common_index_cache,0.52,1.3,1.73,1.96,4.68,6.77,3.13,23.45
2026-04-22,600105,永鼎股份,9,16993.0,10jqka,post_close,2026-04-22 15:00:00,2026-04-10,9,9,51.0,42.0,ok,2026-04-22,41.39,45.53,45.53,41.39,707703.0,10.0,10.24,21.28,1.0,0.37,8.67,15.08,33.23,0.0,0.0,True,False,0.0,78.0,重点观察,True,人气Top10；当日涨停附近；收在日内高位；近5日趋势升温；持续霸榜；人气排名明显上升；v2低分涨停修正,量能不足；偏离20日线较大；热度可能进入后段,只做观察或轻仓试错，等待回落承接和量能不失控。,v2,强势,71.13,1.1,4.11,0,2026-04-22,common_index_cache,0.52,1.3,1.73,1.96,4.68,6.77,8.9,17.17
2026-04-22,000890,法尔胜,10,16879.0,10jqka,post_close,2026-04-22 15:00:00,2026-04-10,6,3,64.0,54.0,ok,2026-04-22,14.75,15.24,15.9,14.13,1136582.0,4.46,22.8,19.44,0.627,1.44,11.76,11.9,6.39,-13.46,0.373,False,False,0.0,78.0,重点观察,True,人气Top10；当日上涨；温和放量；近5日趋势升温；站上20日线且不过热；连续上榜确认；人气排名明显上升,-,只做观察或轻仓试错，等待回落承接和量能不失控。,v2,强势,71.13,1.1,4.11,0,2026-04-22,common_index_cache,0.52,1.3,1.73,1.96,4.68,6.77,3.36,15.33
2026-04-22,600103,青山纸业,11,16851.0,10jqka,post_close,2026-04-22 15:00:00,2026-04-10,6,4,11.0,0.0,ok,2026-04-22,5.5,5.5,5.72,4.98,7224261.0,5.77,27.91,37.84,0.703,1.86,15.59,26.73,40.2,-3.85,0.297,False,False,0.0,43.0,不推送,False,人气Top20；当日上涨；放量仍可控；近5日强势延续；连续上榜确认,短线涨幅偏高；偏离20日线较大,不主动推送。,v2,强势,71.13,1.1,4.11,0,2026-04-22,common_index_cache,0.52,1.3,1.73,1.96,4.68,6.77,4.67,33.73
2026-04-22,600703,三安光电,12,16164.0,10jqka,post_close,2026-04-22 15:00:00,2026-04-10,6,4,57.0,45.0,ok,2026-04-22,13.59,14.94,14.94,13.59,2138560.0,10.01,11.99,23.06,1.0,0.72,10.44,16.51,19.12,-20.4,0.0,True,False,0.0,102.0,强推观察,True,人气Top20；当日涨停附近；收在日内高位；近5日趋势升温；站上20日线且不过热；连续上榜确认；人气排名明显上升；v2强势延续修正；v2低分涨停修正,-,高风险情绪股：不追一字，优先看分歧承接，跌破5日线或人气退潮就跑。,v2,强势,71.13,1.1,4.11,0,2026-04-22,common_index_cache,0.52,1.3,1.73,1.96,4.68,6.77,8.91,18.95
2026-04-22,600487,亨通光电,13,15903.0,10jqka,post_close,2026-04-22 15:00:00,2026-04-10,9,9,35.0,22.0,ok,2026-04-22,59.7,65.78,65.78,59.55,2036964.0,10.0,18.2,26.18,1.0,1.14,11.39,15.59,19.47,0.0,0.0,True,False,0.0,105.0,强推观察,True,人气Top20；当日涨停附近；收在日内高位；温和放量；近5日强势延续；站上20日线且不过热；持续霸榜；人气排名明显上升；v2强势延续修正；v2低分涨停修正,短线涨幅偏高；热度可能进入后段,高风险情绪股：不追一字，优先看分歧承接，跌破5日线或人气退潮就跑。,v2,强势,71.13,1.1,4.11,0,2026-04-22,common_index_cache,0.52,1.3,1.73,1.96,4.68,6.77,8.9,22.07
2026-04-22,600186,莲花控股,14,15237.0,10jqka,post_close,2026-04-22 15:00:00,2026-04-15,4,2,99.0,85.0,ok,2026-04-22,8.0,8.59,8.77,7.96,3182122.0,6.18,8.87,11.7,0.778,1.26,5.84,10.27,14.87,-2.05,0.222,False,False,0.0,88.0,重点观察,True,人气Top20；当日上涨；收盘承接较强；温和放量；近5日趋势升温；站上20日线且不过热；连续上榜确认；人气排名明显上升；v2连榜升温修正,-,只做观察或轻仓试错，等待回落承接和量能不失控。,v2,强势,71.13,1.1,4.11,0,2026-04-22,common_index_cache,0.52,1.3,1.73,1.96,4.68,6.77,5.08,7.59
2026-04-22,600396,华电辽能,15,14797.0,10jqka,post_close,2026-04-22 15:00:00,2026-04-10,9,9,15.0,0.0,ok,2026-04-22,8.13,8.94,8.94,8.13,2520809.0,9.96,25.21,11.06,1.0,0.83,14.94,17.55,14.73,-5.8,0.0,True,False,0.0,102.0,强推观察,True,人气Top20；当日涨停附近；收在日内高位；温和放量；近5日趋势升温；站上20日线且不过热；持续霸榜；v2强势延续修正,热度可能进入后段,高风险情绪股：不追一字，优先看分歧承接，跌破5日线或人气退潮就跑。,v2,强势,71.13,1.1,4.11,0,2026-04-22,common_index_cache,0.52,1.3,1.73,1.96,4.68,6.77,8.86,6.95
2026-04-22,300058,蓝色光标,16,14444.0,10jqka,post_close,2026-04-22 15:00:00,2026-04-10,9,9,56.0,40.0,ok,2026-04-22,18.7,19.24,19.56,18.46,5798509.0,2.39,6.89,17.1,0.709,0.9,3.71,9.23,20.33,-21.24,0.291,False,False,0.0,58.0,不推送,False,人气Top20；温和放量；近5日趋势升温；站上20日线且不过热；持续霸榜；人气排名明显上升,热度可能进入后段,不主动推送。,v2,强势,71.13,1.1,4.11,0,2026-04-22,common_index_cache,0.52,1.3,1.73,1.96,4.68,6.77,1.29,12.99
2026-04-22,002081,金螳螂,17,14376.0,10jqka,post_close,2026-04-22 15:00:00,2026-04-20,3,3,12.0,-5.0,ok,2026-04-22,4.94,4.94,4.94,4.94,613311.0,10.02,33.15,46.59,1.0,0.73,19.96,32.26,39.49,0.0,0.0,True,True,0.0,46.0,不推送,False,人气Top20；当日涨停附近；收在日内高位；连续上榜确认,短线涨幅过热；偏离20日线较大；一字或近似一字，参与点差,不主动推送。,v2,强势,71.13,1.1,4.11,0,2026-04-22,common_index_cache,0.52,1.3,1.73,1.96,4.68,6.77,8.92,42.48
2026-04-22,002463,沪电股份,18,13541.0,10jqka,post_close,2026-04-22 15:00:00,2026-04-10,9,9,83.0,65.0,ok,2026-04-22,99.92,103.27,104.0,99.38,729964.0,3.46,5.74,11.31,0.842,0.8,4.7,9.13,18.97,-0.7,0.158,False,False,0.0,76.0,重点观察,True,人气Top20；当日上涨；收盘承接较强；温和放量；近5日趋势升温；站上20日线且不过热；持续霸榜；人气排名明显上升,热度可能进入后段,只做观察或轻仓试错，等待回落承接和量能不失控。,v2,强势,71.13,1.1,4.11,0,2026-04-22,common_index_cache,0.52,1.3,1.73,1.96,4.68,6.77,2.36,7.2
2026-04-22,600522,中天科技,19,13341.0,10jqka,post_close,2026-04-22 15:00:00,2026-04-10,5,4,23.0,4.0,ok,2026-04-22,32.54,34.82,34.84,32.5,3003972.0,7.34,23.74,25.25,0.991,1.41,12.8,15.99,17.86,-0.06,0.009,False,False,0.0,83.0,重点观察,True,人气Top20；当日强涨；收在日内高位；温和放量；近5日强势延续；站上20日线且不过热；连续上榜确认,短线涨幅偏高,只做观察或轻仓试错，等待回落承接和量能不失控。,v2,强势,71.13,1.1,4.11,0,2026-04-22,common_index_cache,0.52,1.3,1.73,1.96,4.68,6.77,6.24,21.14
2026-04-22,002342,巨力索具,20,13286.0,10jqka,post_close,2026-04-22 15:00:00,2026-04-10,9,9,3.0,-17.0,ok,2026-04-22,20.32,20.15,21.31,20.02,2803435.0,-5.93,5.72,10.17,0.101,1.02,2.17,11.03,28.56,-5.93,0.767,False,False,0.0,22.0,不推送,False,人气Top20；温和放量；近5日趋势升温；持续霸榜,当日转弱；收盘承接偏弱；偏离20日线较大；热度可能进入后段,不主动推送。,v2,强势,71.13,1.1,4.11,0,2026-04-22,common_index_cache,0.52,1.3,1.73,1.96,4.68,6.77,-7.03,6.06
2026-04-22,603778,国晟科技,21,11605.0,10jqka,post_close,2026-04-22 15:00:00,2026-04-10,9,9,10.0,-11.0,ok,2026-04-22,26.1,26.1,27.19,26.1,1075729.0,-10.0,7.63,-2.65,0.0,1.04,-1.46,-8.81,-5.96,-23.84,1.0,False,False,0.0,0.0,不推送,False,人气Top50；温和放量；持续霸榜,当日转弱；收盘承接偏弱；近5日趋势未确认；仍在20日线下方；热度可能进入后段,不主动推送。,v2,强势,71.13,1.1,4.11,0,2026-04-22,common_index_cache,0.52,1.3,1.73,1.96,4.68,6.77,-11.1,-6.76
2026-04-22,002428,云南锗业,22,11413.0,10jqka,post_close,2026-04-22 15:00:00,2026-04-14,5,4,73.0,51.0,ok,2026-04-22,68.53,75.24,75.24,68.53,714571.0,10.0,21.35,31.65,1.0,0.75,13.93,22.59,34.65,0.0,0.0,True,False,0.0,77.0,重点观察,True,人气Top50；当日涨停附近；收在日内高位；近5日强势延续；连续上榜确认；人气排名明显上升；v2强势延续修正；v2低分涨停修正,短线涨幅偏高；偏离20日线较大,只做观察或轻仓试错，等待回落承接和量能不失控。,v2,强势,71.13,1.1,4.11,0,2026-04-22,common_index_cache,0.52,1.3,1.73,1.96,4.68,6.77,8.9,27.54
2026-04-22,300502,新易盛,23,11407.0,10jqka,post_close,2026-04-22 15:00:00,2026-04-10,7,1,56.0,33.0,ok,2026-04-22,569.0,622.71,625.26,568.03,433446.0,7.64,5.72,25.3,0.955,1.13,6.97,14.2,23.82,-0.41,0.045,False,False,0.0,71.0,普通观察,True,人气Top50；当日强涨；收在日内高位；温和放量；近5日强势延续；站上20日线且不过热；人气排名明显上升,短线涨幅偏高,保留在样本池，继续看次日人气和承接。,v2,强势,71.13,1.1,4.11,0,2026-04-22,common_index_cache,0.52,1.3,1.73,1.96,4.68,6.77,6.54,21.19
2026-04-22,300308,中际旭创,24,11292.0,10jqka,post_close,2026-04-22 15:00:00,2026-04-10,9,9,40.0,16.0,ok,2026-04-22,859.3,886.62,893.2,854.0,294383.0,2.52,4.31,13.67,0.832,0.96,4.06,11.14,26.03,-0.74,0.168,False,False,0.0,60.0,普通观察,True,人气Top50；收盘承接较强；温和放量；近5日趋势升温；站上20日线且不过热；持续霸榜；人气排名明显上升,热度可能进入后段,保留在样本池，继续看次日人气和承接。,v2,强势,71.13,1.1,4.11,0,2026-04-22,common_index_cache,0.52,1.3,1.73,1.96,4.68,6.77,1.42,9.56
2026-04-22,002565,顺灏股份,25,11034.0,10jqka,post_close,2026-04-22 15:00:00,2026-04-14,7,7,8.0,-17.0,ok,2026-04-22,22.76,21.95,22.99,21.02,3300430.0,-1.66,16.01,24.01,0.472,1.39,8.42,17.67,26.54,-4.52,0.117,False,False,0.0,36.0,不推送,False,人气Top50；温和放量；近5日趋势升温；站上20日线且不过热；持续霸榜,当日转弱；热度可能进入后段,不主动推送。,v2,强势,71.13,1.1,4.11,0,2026-04-22,common_index_cache,0.52,1.3,1.73,1.96,4.68,6.77,-2.76,19.9
2026-04-22,300857,协创数据,26,10945.0,10jqka,post_close,2026-04-22 15:00:00,2026-04-10,5,1,38.0,12.0,ok,2026-04-22,219.96,260.76,260.77,219.93,415961.0,19.99,15.32,30.22,1.0,1.44,13.22,30.94,47.93,-4.56,0.0,True,False,0.0,63.0,普通观察,True,人气Top50；当日涨停附近；收在日内高位；温和放量；近5日强势延续；人气排名明显上升；v2低分涨停修正,短线涨幅偏高；远离20日线过多,保留在样本池，继续看次日人气和承接。,v2,强势,71.13,1.1,4.11,0,2026-04-22,common_index_cache,0.52,1.3,1.73,1.96,4.68,6.77,18.89,26.11
2026-04-22,603601,再升科技,27,10603.0,10jqka,post_close,2026-04-22 15:00:00,2026-04-13,7,6,26.0,-1.0,ok,2026-04-22,15.46,15.82,16.65,15.32,2336828.0,-2.71,7.11,10.47,0.376,0.9,2.13,7.91,10.46,-4.98,0.624,False,False,0.0,24.0,不推送,False,人气Top50；温和放量；近5日趋势升温；站上20日线且不过热；持续霸榜,当日转弱；收盘承接偏弱；热度可能进入后段,不主动推送。,v2,强势,71.13,1.1,4.11,0,2026-04-22,common_index_cache,0.52,1.3,1.73,1.96,4.68,6.77,-3.81,6.36
2026-04-22,600330,天通股份,28,10327.0,10jqka,post_close,2026-04-22 15:00:00,2026-04-10,5,4,48.0,20.0,ok,2026-04-22,23.45,25.87,25.87,23.43,2073604.0,9.99,19.05,30.66,1.0,1.45,12.7,21.17,36.4,0.0,0.0,True,False,0.0,81.0,重点观察,True,人气Top50；当日涨停附近；收在日内高位；温和放量；近5日强势延续；连续上榜确认；人气排名明显上升；v2低分涨停修正,短线涨幅偏高；偏离20日线较大,只做观察或轻仓试错，等待回落承接和量能不失控。,v2,强势,71.13,1.1,4.11,0,2026-04-22,common_index_cache,0.52,1.3,1.73,1.96,4.68,6.77,8.89,26.55
2026-04-22,002217,合力泰,29,10325.0,10jqka,post_close,2026-04-22 15:00:00,2026-04-17,4,4,22.0,-7.0,ok,2026-04-22,2.82,2.93,3.03,2.77,8567983.0,-1.68,9.33,21.58,0.615,1.71,4.79,10.61,17.11,-8.44,0.385,False,False,0.0,40.0,不推送,False,人气Top50；温和放量；近5日趋势升温；站上20日线且不过热；连续上榜确认,当日转弱,不主动推送。,v2,强势,71.13,1.1,4.11,0,2026-04-22,common_index_cache,0.52,1.3,1.73,1.96,4.68,6.77,-2.78,17.47
2026-04-22,601869,长飞光纤,30,10084.0,10jqka,post_close,2026-04-22 15:00:00,2026-04-10,8,1,49.0,19.0,ok,2026-04-22,382.29,412.0,417.96,382.29,202629.0,7.97,12.6,14.89,0.833,1.17,7.68,8.77,19.23,-1.43,0.167,False,False,0.0,72.0,普通观察,True,人气Top50；当日强涨；收盘承接较强；温和放量；近5日趋势升温；站上20日线且不过热；人气排名明显上升,-,保留在样本池，继续看次日人气和承接。,v2,强势,71.13,1.1,4.11,0,2026-04-22,common_index_cache,0.52,1.3,1.73,1.96,4.68,6.77,6.87,10.78
2026-04-22,002201,九鼎新材,31,9807.0,10jqka,post_close,2026-04-22 15:00:00,2026-04-21,2,2,19.0,-12.0,ok,2026-04-22,13.93,15.32,15.32,13.93,1800892.0,9.98,25.37,29.94,1.0,3.04,15.4,22.44,28.57,-5.9,0.0,True,False,0.0,73.0,普通观察,True,人气Top50；当日涨停附近；收在日内高位；近5日强势延续；连续上榜确认；v2强势延续修正；v2低分涨停修正,短线涨幅偏高；偏离20日线较大,保留在样本池，继续看次日人气和承接。,v2,强势,71.13,1.1,4.11,0,2026-04-22,common_index_cache,0.52,1.3,1.73,1.96,4.68,6.77,8.88,25.83
2026-04-22,002418,康盛股份,32,9450.0,10jqka,post_close,2026-04-22 15:00:00,2026-04-10,8,4,45.0,13.0,ok,2026-04-22,5.97,6.74,6.74,5.93,3363897.0,9.95,8.89,22.55,1.0,1.28,6.98,11.92,25.7,-4.8,0.0,True,False,0.0,108.0,强推观察,True,人气Top50；当日涨停附近；收在日内高位；温和放量；近5日趋势升温；站上20日线且不过热；连续上榜确认；人气排名明显上升；v2强势延续修正；v2低分涨停修正,-,高风险情绪股：不追一字，优先看分歧承接，跌破5日线或人气退潮就跑。,v2,强势,71.13,1.1,4.11,0,2026-04-22,common_index_cache,0.52,1.3,1.73,1.96,4.68,6.77,8.85,18.44
2026-04-22,603920,世运电路,33,9400.0,10jqka,post_close,2026-04-22 15:00:00,2026-04-22,1,1,,,ok,2026-04-22,59.07,62.55,62.65,59.05,619837.0,4.23,5.84,16.89,0.972,1.24,4.71,8.8,15.55,-13.94,0.028,False,False,0.0,66.0,普通观察,True,人气Top50；当日上涨；收在日内高位；温和放量；近5日趋势升温；站上20日线且不过热,-,保留在样本池，继续看次日人气和承接。,v2,强势,71.13,1.1,4.11,0,2026-04-22,common_index_cache,0.52,1.3,1.73,1.96,4.68,6.77,3.13,12.78
2026-04-22,000938,紫光股份,34,9083.0,10jqka,post_close,2026-04-22 15:00:00,2026-04-14,2,1,7.0,-27.0,ok,2026-04-22,27.52,29.92,30.37,27.45,3231354.0,8.37,8.01,8.88,0.846,2.59,5.55,7.08,12.33,-1.48,0.154,False,False,0.0,58.0,不推送,False,人气Top50；当日强涨；收盘承接较强；放量仍可控；近5日趋势升温；站上20日线且不过热,人气排名明显回落,不主动推送。,v2,强势,71.13,1.1,4.11,0,2026-04-22,common_index_cache,0.52,1.3,1.73,1.96,4.68,6.77,7.27,4.77
2026-04-22,601899,紫金矿业,35,9017.0,10jqka,post_close,2026-04-22 15:00:00,2026-04-10,9,9,1.0,-34.0,ok,2026-04-22,35.67,35.53,35.86,35.24,3723920.0,-0.36,2.3,1.78,0.468,1.49,0.91,2.37,4.87,-20.94,0.306,False,False,0.0,20.0,不推送,False,人气Top50；温和放量；站上20日线且不过热；持续霸榜,当日转弱；热度可能进入后段；人气排名明显回落,不主动推送。,v2,强势,71.13,1.1,4.11,0,2026-04-22,common_index_cache,0.52,1.3,1.73,1.96,4.68,6.77,-1.46,-2.33
2026-04-22,603906,龙蟠科技,36,8977.0,10jqka,post_close,2026-04-22 15:00:00,2026-04-16,4,1,95.0,59.0,ok,2026-04-22,26.55,28.62,28.62,26.2,1002095.0,9.99,10.12,25.69,1.0,1.4,7.6,16.35,23.36,0.0,0.0,True,False,0.0,93.0,强推观察,True,人气Top50；当日涨停附近；收在日内高位；温和放量；近5日强势延续；站上20日线且不过热；人气排名明显上升；v2强势延续修正；v2低分涨停修正,短线涨幅偏高,高风险情绪股：不追一字，优先看分歧承接，跌破5日线或人气退潮就跑。,v2,强势,71.13,1.1,4.11,0,2026-04-22,common_index_cache,0.52,1.3,1.73,1.96,4.68,6.77,8.89,21.58
2026-04-22,002261,拓维信息,37,8946.0,10jqka,post_close,2026-04-22 15:00:00,2026-04-15,4,1,67.0,30.0,ok,2026-04-22,36.16,38.43,39.48,35.66,1886807.0,6.31,2.04,5.58,0.725,1.66,2.74,4.55,7.78,-12.78,0.275,False,False,0.0,54.0,不推送,False,人气Top50；当日上涨；温和放量；近5日趋势升温；站上20日线且不过热；人气排名明显上升,-,不主动推送。,v2,强势,71.13,1.1,4.11,0,2026-04-22,common_index_cache,0.52,1.3,1.73,1.96,4.68,6.77,5.21,1.47
2026-04-22,300342,天银机电,38,8843.0,10jqka,post_close,2026-04-22 15:00:00,2026-04-20,3,3,94.0,56.0,ok,2026-04-22,65.85,66.2,67.79,64.9,683209.0,-3.61,15.92,22.12,0.45,1.05,6.5,13.89,18.32,-4.06,0.55,False,False,0.0,44.0,不推送,False,人气Top50；温和放量；近5日趋势升温；站上20日线且不过热；连续上榜确认；人气排名明显上升,当日转弱,不主动推送。,v2,强势,71.13,1.1,4.11,0,2026-04-22,common_index_cache,0.52,1.3,1.73,1.96,4.68,6.77,-4.71,18.01
2026-04-22,300456,赛微电子,39,8674.0,10jqka,post_close,2026-04-22 15:00:00,2026-04-22,1,1,,,ok,2026-04-22,55.51,57.18,58.56,55.23,823679.0,1.24,2.97,9.86,0.586,1.23,3.29,5.68,13.5,-2.39,0.414,False,False,0.0,42.0,不推送,False,人气Top50；温和放量；近5日趋势升温；站上20日线且不过热,-,不主动推送。,v2,强势,71.13,1.1,4.11,0,2026-04-22,common_index_cache,0.52,1.3,1.73,1.96,4.68,6.77,0.14,5.75
2026-04-22,601778,晶科科技,40,8657.0,10jqka,post_close,2026-04-22 15:00:00,2026-04-14,7,7,20.0,-20.0,ok,2026-04-22,6.45,6.54,6.85,6.43,7334948.0,2.99,-5.35,8.1,0.262,0.93,-0.82,7.81,16.4,-10.78,0.738,False,False,0.0,24.0,不推送,False,人气Top50；温和放量；近5日趋势升温；站上20日线且不过热；持续霸榜,收盘承接偏弱；热度可能进入后段；人气排名明显回落；上影线偏长,不主动推送。,v2,强势,71.13,1.1,4.11,0,2026-04-22,common_index_cache,0.52,1.3,1.73,1.96,4.68,6.77,1.89,3.99
2026-04-22,603618,杭电股份,41,8546.0,10jqka,post_close,2026-04-22 15:00:00,2026-04-21,2,2,14.0,-27.0,ok,2026-04-22,26.42,28.55,28.55,25.3,747330.0,10.02,18.37,32.05,1.0,0.84,12.51,16.62,12.86,-5.15,0.0,True,False,0.0,93.0,强推观察,True,人气Top50；当日涨停附近；收在日内高位；温和放量；近5日强势延续；站上20日线且不过热；连续上榜确认；v2强势延续修正；v2低分涨停修正,短线涨幅偏高；人气排名明显回落,高风险情绪股：不追一字，优先看分歧承接，跌破5日线或人气退潮就跑。,v2,强势,71.13,1.1,4.11,0,2026-04-22,common_index_cache,0.52,1.3,1.73,1.96,4.68,6.77,8.92,27.94
2026-04-22,002297,博云新材,42,8439.0,10jqka,post_close,2026-04-22 15:00:00,2026-04-10,8,5,18.0,-24.0,ok,2026-04-22,19.1,20.29,20.88,19.1,1968739.0,6.85,14.7,38.78,0.669,1.71,9.66,31.24,54.2,-2.97,0.331,False,False,0.0,23.0,不推送,False,人气Top50；当日上涨；温和放量；近5日强势延续；持续霸榜,短线涨幅偏高；远离20日线过多；热度可能进入后段；人气排名明显回落,不主动推送。,v2,强势,71.13,1.1,4.11,0,2026-04-22,common_index_cache,0.52,1.3,1.73,1.96,4.68,6.77,5.75,34.67
2026-04-22,000062,深圳华强,43,8404.0,10jqka,post_close,2026-04-22 15:00:00,2026-04-22,1,1,,,ok,2026-04-22,30.4,32.64,32.64,29.87,726929.0,10.01,10.05,16.99,1.0,1.14,7.61,10.91,17.25,0.0,0.0,True,False,0.0,96.0,强推观察,True,人气Top50；当日涨停附近；收在日内高位；温和放量；近5日趋势升温；站上20日线且不过热；v2强势延续修正；v2低分涨停修正,-,高风险情绪股：不追一字，优先看分歧承接，跌破5日线或人气退潮就跑。,v2,强势,71.13,1.1,4.11,0,2026-04-22,common_index_cache,0.52,1.3,1.73,1.96,4.68,6.77,8.91,12.88
2026-04-22,600126,杭钢股份,44,8342.0,10jqka,post_close,2026-04-22 15:00:00,2026-04-22,1,1,,,ok,2026-04-22,9.25,10.26,10.26,9.18,2981036.0,9.97,3.01,7.66,1.0,1.55,3.7,7.09,12.99,-0.39,0.0,True,False,0.0,80.0,重点观察,True,人气Top50；当日涨停附近；收在日内高位；温和放量；近5日趋势升温；站上20日线且不过热,-,只做观察或轻仓试错，等待回落承接和量能不失控。,v2,强势,71.13,1.1,4.11,0,2026-04-22,common_index_cache,0.52,1.3,1.73,1.96,4.68,6.77,8.87,3.55
2026-04-22,002475,立讯精密,45,8331.0,10jqka,post_close,2026-04-22 15:00:00,2026-04-10,9,9,33.0,-12.0,ok,2026-04-22,65.39,68.03,68.69,64.6,2366656.0,3.47,13.86,15.74,0.839,1.0,6.39,11.62,22.68,-0.96,0.161,False,False,0.0,64.0,普通观察,True,人气Top50；当日上涨；收盘承接较强；温和放量；近5日趋势升温；站上20日线且不过热；持续霸榜,热度可能进入后段,保留在样本池，继续看次日人气和承接。,v2,强势,71.13,1.1,4.11,0,2026-04-22,common_index_cache,0.52,1.3,1.73,1.96,4.68,6.77,2.37,11.63
2026-04-22,603773,沃格光电,46,8278.0,10jqka,post_close,2026-04-22 15:00:00,2026-04-10,4,1,48.0,2.0,ok,2026-04-22,58.29,64.36,64.36,58.29,249432.0,10.0,21.66,29.97,1.0,0.93,14.09,27.97,51.91,0.0,0.0,True,False,0.0,59.0,不推送,False,人气Top50；当日涨停附近；收在日内高位；温和放量；近5日强势延续；v2低分涨停修正,短线涨幅偏高；远离20日线过多,不主动推送。,v2,强势,71.13,1.1,4.11,0,2026-04-22,common_index_cache,0.52,1.3,1.73,1.96,4.68,6.77,8.9,25.86
2026-04-22,002015,协鑫能科,47,8259.0,10jqka,post_close,2026-04-22 15:00:00,2026-04-15,6,6,66.0,19.0,ok,2026-04-22,18.78,19.87,19.95,18.66,1941478.0,5.08,7.23,11.63,0.938,0.97,4.7,8.81,11.39,-13.57,0.062,False,False,0.0,74.0,普通观察,True,人气Top50；当日上涨；收在日内高位；温和放量；近5日趋势升温；站上20日线且不过热；持续霸榜；人气排名明显上升,热度可能进入后段,保留在样本池，继续看次日人气和承接。,v2,强势,71.13,1.1,4.11,0,2026-04-22,common_index_cache,0.52,1.3,1.73,1.96,4.68,6.77,3.98,7.52
2026-04-22,600736,苏州高新,48,8244.0,10jqka,post_close,2026-04-22 15:00:00,2026-04-21,2,2,65.0,17.0,ok,2026-04-22,7.32,7.61,7.61,7.26,1204154.0,9.97,20.99,24.55,1.0,5.11,14.23,19.41,22.55,-4.87,0.0,True,False,0.0,72.0,普通观察,True,人气Top50；当日涨停附近；收在日内高位；近5日趋势升温；站上20日线且不过热；连续上榜确认；人气排名明显上升；v2低分涨停修正,放量过猛,保留在样本池，继续看次日人气和承接。,v2,强势,71.13,1.1,4.11,0,2026-04-22,common_index_cache,0.52,1.3,1.73,1.96,4.68,6.77,8.87,20.44
2026-04-22,000988,华工科技,49,8217.0,10jqka,post_close,2026-04-22 15:00:00,2026-04-10,9,9,90.0,41.0,ok,2026-04-22,115.48,120.95,121.33,115.23,1059522.0,4.02,3.66,7.7,0.938,1.12,4.05,3.36,8.26,-14.47,0.062,False,False,0.0,74.0,普通观察,True,人气Top50；当日上涨；收在日内高位；温和放量；近5日趋势升温；站上20日线且不过热；持续霸榜；人气排名明显上升,热度可能进入后段,保留在样本池，继续看次日人气和承接。,v2,强势,71.13,1.1,4.11,0,2026-04-22,common_index_cache,0.52,1.3,1.73,1.96,4.68,6.77,2.92,3.59
2026-04-22,603529,爱玛科技,50,8146.0,10jqka,post_close,2026-04-22 15:00:00,2026-04-22,1,1,,,ok,2026-04-22,28.75,28.84,29.0,28.67,64697.0,-0.17,0.0,-1.44,0.515,0.74,-0.52,-1.03,-4.63,-14.6,0.485,False,False,0.0,0.0,不推送,False,人气Top50,当日转弱；近5日趋势未确认,不主动推送。,v2,强势,71.13,1.1,4.11,0,2026-04-22,common_index_cache,0.52,1.3,1.73,1.96,4.68,6.77,-1.27,-5.55
2026-04-22,000533,顺钠股份,51,7993.0,10jqka,post_close,2026-04-22 15:00:00,2026-04-15,5,3,97.0,46.0,ok,2026-04-22,16.39,16.05,16.78,15.91,1095921.0,-2.13,6.72,-0.43,0.161,0.78,1.38,4.15,6.2,-26.51,0.448,False,False,0.0,0.0,不推送,False,站上20日线且不过热；连续上榜确认；人气排名明显上升,当日转弱；收盘承接偏弱；近5日趋势未确认,不主动推送。,v2,强势,71.13,1.1,4.11,0,2026-04-22,common_index_cache,0.52,1.3,1.73,1.96,4.68,6.77,-3.23,-4.54
2026-04-22,600498,烽火通信,52,7863.0,10jqka,post_close,2026-04-22 15:00:00,2026-04-10,6,1,59.0,7.0,ok,2026-04-22,53.16,56.26,56.87,53.15,1267577.0,6.05,14.19,16.05,0.836,1.38,8.12,8.83,12.46,-8.93,0.164,False,False,0.0,52.0,不推送,False,当日上涨；收盘承接较强；温和放量；近5日趋势升温；站上20日线且不过热,-,不主动推送。,v2,强势,71.13,1.1,4.11,0,2026-04-22,common_index_cache,0.52,1.3,1.73,1.96,4.68,6.77,4.95,11.94
2026-04-22,600961,株冶集团,53,7811.0,10jqka,post_close,2026-04-22 15:00:00,2026-04-17,4,4,27.0,-26.0,ok,2026-04-22,27.77,29.18,29.4,27.51,1978661.0,9.17,32.1,59.89,0.884,14.81,19.22,36.94,51.36,-0.75,0.116,False,False,0.0,0.0,不推送,False,当日强涨；收盘承接较强；连续上榜确认,放量过猛；短线涨幅过热；远离20日线过多；人气排名明显回落,不主动推送。,v2,强势,71.13,1.1,4.11,0,2026-04-22,common_index_cache,0.52,1.3,1.73,1.96,4.68,6.77,8.07,55.78
2026-04-22,603738,泰晶科技,54,7789.0,10jqka,post_close,2026-04-22 15:00:00,2026-04-17,3,2,28.0,-26.0,ok,2026-04-22,35.0,35.52,36.3,32.8,777700.0,2.45,17.73,30.83,0.777,1.53,11.48,21.03,29.54,-2.15,0.223,False,False,0.0,31.0,不推送,False,收盘承接较强；温和放量；近5日强势延续；连续上榜确认,短线涨幅偏高；偏离20日线较大；人气排名明显回落,不主动推送。,v2,强势,71.13,1.1,4.11,0,2026-04-22,common_index_cache,0.52,1.3,1.73,1.96,4.68,6.77,1.35,26.72
2026-04-22,001896,豫能控股,55,7625.0,10jqka,post_close,2026-04-22 15:00:00,2026-04-13,8,8,21.0,-34.0,ok,2026-04-22,16.88,17.5,17.9,16.4,2006977.0,2.34,2.46,5.61,0.733,0.85,-0.03,9.66,16.41,-7.16,0.267,False,False,0.0,34.0,不推送,False,温和放量；近5日趋势升温；站上20日线且不过热；持续霸榜,热度可能进入后段；人气排名明显回落,不主动推送。,v2,强势,71.13,1.1,4.11,0,2026-04-22,common_index_cache,0.52,1.3,1.73,1.96,4.68,6.77,1.24,1.5
2026-04-22,000063,中兴通讯,56,7450.0,10jqka,post_close,2026-04-22 15:00:00,2026-04-10,2,1,82.0,26.0,ok,2026-04-22,35.08,37.34,37.44,35.0,2308325.0,6.08,5.69,6.05,0.959,3.07,4.24,4.53,9.09,-8.35,0.041,False,False,0.0,48.0,不推送,False,当日上涨；收在日内高位；近5日趋势升温；站上20日线且不过热；人气排名明显上升,-,不主动推送。,v2,强势,71.13,1.1,4.11,0,2026-04-22,common_index_cache,0.52,1.3,1.73,1.96,4.68,6.77,4.98,1.94
2026-04-22,002938,鹏鼎控股,57,7440.0,10jqka,post_close,2026-04-22 15:00:00,2026-04-22,1,1,,,ok,2026-04-22,69.28,76.18,76.18,69.25,485983.0,10.01,22.63,28.21,1.0,1.11,13.9,22.09,33.67,0.0,0.0,True,False,0.0,61.0,普通观察,True,当日涨停附近；收在日内高位；温和放量；近5日强势延续；v2低分涨停修正,短线涨幅偏高；偏离20日线较大,保留在样本池，继续看次日人气和承接。,v2,强势,71.13,1.1,4.11,0,2026-04-22,common_index_cache,0.52,1.3,1.73,1.96,4.68,6.77,8.91,24.1
2026-04-22,600118,中国卫星,58,7367.0,10jqka,post_close,2026-04-22 15:00:00,2026-04-20,3,3,2.0,-56.0,ok,2026-04-22,93.91,97.58,98.0,91.96,1029452.0,-2.61,13.56,13.1,0.93,1.51,5.21,11.78,17.33,-10.39,0.07,False,False,0.0,44.0,不推送,False,收在日内高位；温和放量；近5日趋势升温；站上20日线且不过热；连续上榜确认,当日转弱；人气排名明显回落,不主动推送。,v2,强势,71.13,1.1,4.11,0,2026-04-22,common_index_cache,0.52,1.3,1.73,1.96,4.68,6.77,-3.71,8.99
2026-04-22,600869,远东股份,59,7360.0,10jqka,post_close,2026-04-22 15:00:00,2026-04-10,2,1,87.0,28.0,ok,2026-04-22,15.7,17.18,17.18,14.97,2089376.0,9.99,16.87,11.7,1.0,2.24,11.01,11.08,15.53,0.0,0.0,True,False,0.0,70.0,普通观察,True,当日涨停附近；收在日内高位；放量仍可控；近5日趋势升温；站上20日线且不过热；人气排名明显上升,-,保留在样本池，继续看次日人气和承接。,v2,强势,71.13,1.1,4.11,0,2026-04-22,common_index_cache,0.52,1.3,1.73,1.96,4.68,6.77,8.89,7.59
2026-04-22,688048,长光华芯,60,7338.0,10jqka,post_close,2026-04-22 15:00:00,2026-04-22,1,1,,,ok,2026-04-22,322.0,372.91,372.91,322.0,22051602.0,20.0,13.69,27.49,1.0,1.41,15.18,27.46,43.85,0.0,0.0,True,False,0.0,61.0,普通观察,True,当日涨停附近；收在日内高位；温和放量；近5日强势延续；v2低分涨停修正,短线涨幅偏高；偏离20日线较大,保留在样本池，继续看次日人气和承接。,v2,强势,71.13,1.1,4.11,0,2026-04-22,common_index_cache,0.52,1.3,1.73,1.96,4.68,6.77,18.9,23.38
2026-04-22,603659,璞泰来,61,7286.0,10jqka,post_close,2026-04-22 15:00:00,2026-04-13,2,1,86.0,25.0,ok,2026-04-22,36.22,36.18,37.51,35.82,617563.0,-0.11,0.75,4.39,0.213,1.02,0.89,3.85,8.51,-3.55,0.763,False,False,0.0,4.0,不推送,False,温和放量；站上20日线且不过热；人气排名明显上升,当日转弱；收盘承接偏弱,不主动推送。,v2,强势,71.13,1.1,4.11,0,2026-04-22,common_index_cache,0.52,1.3,1.73,1.96,4.68,6.77,-1.21,0.28
2026-04-22,300750,宁德时代,62,7280.0,10jqka,post_close,2026-04-22 15:00:00,2026-04-10,9,9,7.0,-55.0,ok,2026-04-22,441.01,436.35,447.97,433.13,460254.0,-0.98,-0.21,2.89,0.217,0.93,-0.24,2.73,6.7,-3.69,0.469,False,False,0.0,0.0,不推送,False,温和放量；站上20日线且不过热；持续霸榜,当日转弱；收盘承接偏弱；热度可能进入后段；人气排名明显回落,不主动推送。,v2,强势,71.13,1.1,4.11,0,2026-04-22,common_index_cache,0.52,1.3,1.73,1.96,4.68,6.77,-2.08,-1.22
2026-04-22,600410,华胜天成,63,7251.0,10jqka,post_close,2026-04-22 15:00:00,2026-04-10,9,9,70.0,7.0,ok,2026-04-22,27.93,28.73,28.98,27.14,1912161.0,2.97,-0.73,6.88,0.864,1.0,0.77,3.38,7.7,-16.26,0.136,False,False,0.0,48.0,不推送,False,收盘承接较强；温和放量；近5日趋势升温；站上20日线且不过热；持续霸榜,热度可能进入后段,不主动推送。,v2,强势,71.13,1.1,4.11,0,2026-04-22,common_index_cache,0.52,1.3,1.73,1.96,4.68,6.77,1.87,2.77
2026-04-22,002432,九安医疗,64,7091.0,10jqka,post_close,2026-04-22 15:00:00,2026-04-10,4,1,90.0,26.0,ok,2026-04-22,79.51,88.09,88.09,78.61,369375.0,10.0,16.91,16.55,1.0,1.11,10.37,7.54,11.74,-7.08,0.0,True,False,0.0,82.0,重点观察,True,当日涨停附近；收在日内高位；温和放量；近5日趋势升温；站上20日线且不过热；人气排名明显上升；v2低分涨停修正,-,只做观察或轻仓试错，等待回落承接和量能不失控。,v2,强势,71.13,1.1,4.11,0,2026-04-22,common_index_cache,0.52,1.3,1.73,1.96,4.68,6.77,8.9,12.44
2026-04-22,003018,金富科技,65,6987.0,10jqka,post_close,2026-04-22 15:00:00,2026-04-21,2,2,55.0,-10.0,ok,2026-04-22,49.6,52.2,52.2,49.0,200073.0,10.01,33.1,46.67,1.0,1.27,19.91,33.9,53.48,0.0,0.0,True,False,0.0,40.0,不推送,False,当日涨停附近；收在日内高位；温和放量；连续上榜确认,短线涨幅过热；远离20日线过多,不主动推送。,v2,强势,71.13,1.1,4.11,0,2026-04-22,common_index_cache,0.52,1.3,1.73,1.96,4.68,6.77,8.91,42.56
2026-04-22,002149,西部材料,66,6969.0,10jqka,post_close,2026-04-22 15:00:00,2026-04-14,6,4,46.0,-20.0,ok,2026-04-22,59.01,64.1,65.54,59.01,965770.0,4.52,16.97,19.48,0.779,0.97,8.96,19.7,25.84,-2.2,0.221,False,False,0.0,56.0,不推送,False,当日上涨；收盘承接较强；温和放量；近5日趋势升温；站上20日线且不过热；连续上榜确认,人气排名明显回落,不主动推送。,v2,强势,71.13,1.1,4.11,0,2026-04-22,common_index_cache,0.52,1.3,1.73,1.96,4.68,6.77,3.42,15.37
2026-04-22,600276,恒瑞医药,67,6957.0,10jqka,post_close,2026-04-22 15:00:00,2026-04-15,2,1,50.0,-17.0,ok,2026-04-22,55.6,55.44,55.94,54.94,523563.0,-0.56,-1.58,-3.97,0.5,0.84,-1.47,-1.78,-1.12,-10.07,0.34,False,False,0.0,0.0,不推送,False,温和放量,当日转弱；近5日趋势未确认,不主动推送。,v2,强势,71.13,1.1,4.11,0,2026-04-22,common_index_cache,0.52,1.3,1.73,1.96,4.68,6.77,-1.66,-8.08
2026-04-22,603629,利通电子,68,6947.0,10jqka,post_close,2026-04-22 15:00:00,2026-04-13,8,8,63.0,-5.0,ok,2026-04-22,101.3,108.2,110.18,99.02,491017.0,6.93,2.62,23.02,0.823,1.07,4.45,19.45,39.83,-1.8,0.177,False,False,0.0,46.0,不推送,False,当日上涨；收盘承接较强；温和放量；近5日趋势升温；持续霸榜,偏离20日线较大；热度可能进入后段,不主动推送。,v2,强势,71.13,1.1,4.11,0,2026-04-22,common_index_cache,0.52,1.3,1.73,1.96,4.68,6.77,5.83,18.91
2026-04-22,002413,雷科防务,69,6874.0,10jqka,post_close,2026-04-22 15:00:00,2026-04-20,2,1,99.0,30.0,ok,2026-04-22,13.9,14.95,15.5,13.68,2939491.0,5.65,10.66,10.91,0.698,2.07,6.36,9.19,11.6,-14.57,0.302,False,False,0.0,40.0,不推送,False,当日上涨；放量仍可控；近5日趋势升温；站上20日线且不过热；人气排名明显上升,-,不主动推送。,v2,强势,71.13,1.1,4.11,0,2026-04-22,common_index_cache,0.52,1.3,1.73,1.96,4.68,6.77,4.55,6.8
2026-04-22,688820,盛合晶微,70,6870.0,10jqka,post_close,2026-04-22 15:00:00,2026-04-21,2,2,30.0,-40.0,ok,2026-04-22,76.01,95.0,96.22,75.02,94285134.0,23.94,,,0.942,0.73,10.69,10.69,10.69,-5.93,0.058,True,False,0.0,50.0,不推送,False,当日涨停附近；收在日内高位；站上20日线且不过热；连续上榜确认,人气排名明显回落,不主动推送。,v2,强势,71.13,1.1,4.11,0,2026-04-22,common_index_cache,0.52,1.3,1.73,1.96,4.68,6.77,22.84,
2026-04-22,603083,剑桥科技,71,6860.0,10jqka,post_close,2026-04-22 15:00:00,2026-04-15,4,2,84.0,13.0,ok,2026-04-22,158.2,172.18,176.86,156.0,594044.0,6.83,18.51,36.87,0.776,1.22,12.83,26.62,42.89,-2.65,0.224,False,False,0.0,47.0,不推送,False,当日上涨；收盘承接较强；温和放量；近5日强势延续；连续上榜确认；人气排名明显上升,短线涨幅偏高；偏离20日线较大,不主动推送。,v2,强势,71.13,1.1,4.11,0,2026-04-22,common_index_cache,0.52,1.3,1.73,1.96,4.68,6.77,5.73,32.76
2026-04-22,300067,安诺其,72,6853.0,10jqka,post_close,2026-04-22 15:00:00,2026-04-22,1,1,,,ok,2026-04-22,6.06,6.06,6.06,6.06,179846.0,20.0,48.53,39.31,1.0,0.98,28.44,33.77,31.57,0.0,0.0,True,True,0.0,49.0,不推送,False,当日涨停附近；收在日内高位；温和放量；近5日强势延续,短线涨幅偏高；偏离20日线较大；一字或近似一字，参与点差,不主动推送。,v2,强势,71.13,1.1,4.11,0,2026-04-22,common_index_cache,0.52,1.3,1.73,1.96,4.68,6.77,18.9,35.2
2026-04-22,002202,金风科技,73,6806.0,10jqka,post_close,2026-04-22 15:00:00,2026-04-10,9,9,53.0,-20.0,ok,2026-04-22,25.88,26.23,26.37,25.69,1588431.0,0.38,3.31,4.84,0.794,0.76,1.41,4.21,2.86,-21.23,0.206,False,False,0.0,18.0,不推送,False,收盘承接较强；站上20日线且不过热；持续霸榜,热度可能进入后段；人气排名明显回落,不主动推送。,v2,强势,71.13,1.1,4.11,0,2026-04-22,common_index_cache,0.52,1.3,1.73,1.96,4.68,6.77,-0.72,0.73
2026-04-22,603538,美诺华,74,6408.0,10jqka,post_close,2026-04-22 15:00:00,2026-04-10,9,9,80.0,6.0,ok,2026-04-22,51.5,50.5,54.0,48.69,573053.0,-3.86,-3.81,-9.01,0.341,0.96,-3.97,-1.47,11.18,-11.85,0.471,False,False,0.0,0.0,不推送,False,温和放量；站上20日线且不过热；持续霸榜,当日转弱；收盘承接偏弱；近5日趋势未确认；热度可能进入后段,不主动推送。,v2,强势,71.13,1.1,4.11,0,2026-04-22,common_index_cache,0.52,1.3,1.73,1.96,4.68,6.77,-4.96,-13.12
2026-04-22,002256,兆新股份,75,6101.0,10jqka,post_close,2026-04-22 15:00:00,2026-04-22,1,1,,,ok,2026-04-22,4.21,4.51,4.51,4.13,2560662.0,10.0,9.73,8.94,1.0,2.2,6.82,9.73,10.08,-10.52,0.0,True,False,0.0,66.0,普通观察,True,当日涨停附近；收在日内高位；放量仍可控；近5日趋势升温；站上20日线且不过热,-,保留在样本池，继续看次日人气和承接。,v2,强势,71.13,1.1,4.11,0,2026-04-22,common_index_cache,0.52,1.3,1.73,1.96,4.68,6.77,8.9,4.83
2026-04-22,600821,金开新能,76,5971.0,10jqka,post_close,2026-04-22 15:00:00,2026-04-15,6,6,62.0,-14.0,ok,2026-04-22,8.93,9.04,9.35,8.9,2549783.0,-0.88,-0.44,2.26,0.311,0.68,-0.64,3.86,1.36,-25.9,0.689,False,False,0.0,0.0,不推送,False,站上20日线且不过热；持续霸榜,当日转弱；收盘承接偏弱；热度可能进入后段,不主动推送。,v2,强势,71.13,1.1,4.11,0,2026-04-22,common_index_cache,0.52,1.3,1.73,1.96,4.68,6.77,-1.98,-1.85
2026-04-22,600666,奥瑞德,77,5912.0,10jqka,post_close,2026-04-22 15:00:00,2026-04-10,9,9,49.0,-28.0,ok,2026-04-22,6.65,6.82,6.89,6.43,5039140.0,1.19,-3.81,9.47,0.848,0.8,-1.62,2.33,8.07,-9.91,0.152,False,False,0.0,44.0,不推送,False,收盘承接较强；温和放量；近5日趋势升温；站上20日线且不过热；持续霸榜,热度可能进入后段；人气排名明显回落,不主动推送。,v2,强势,71.13,1.1,4.11,0,2026-04-22,common_index_cache,0.52,1.3,1.73,1.96,4.68,6.77,0.09,5.36
2026-04-22,300620,光库科技,78,5853.0,10jqka,post_close,2026-04-22 15:00:00,2026-04-22,1,1,,,ok,2026-04-22,259.08,274.52,279.86,256.0,228109.0,6.89,9.01,20.69,0.776,1.14,8.49,13.72,25.07,-1.91,0.224,False,False,0.0,52.0,不推送,False,当日上涨；收盘承接较强；温和放量；近5日趋势升温；站上20日线且不过热,-,不主动推送。,v2,强势,71.13,1.1,4.11,0,2026-04-22,common_index_cache,0.52,1.3,1.73,1.96,4.68,6.77,5.79,16.58
2026-04-22,600415,小商品城,79,5803.0,10jqka,post_close,2026-04-22 15:00:00,2026-04-13,2,1,95.0,16.0,ok,2026-04-22,12.24,12.54,12.55,12.23,747405.0,1.54,3.04,2.62,0.969,1.03,1.54,0.55,-2.13,-29.07,0.031,False,False,0.0,34.0,不推送,False,收在日内高位；温和放量；人气排名明显上升,-,不主动推送。,v2,强势,71.13,1.1,4.11,0,2026-04-22,common_index_cache,0.52,1.3,1.73,1.96,4.68,6.77,0.44,-1.49
2026-04-22,001330,博纳影业,80,5784.0,10jqka,post_close,2026-04-22 15:00:00,2026-04-17,4,4,76.0,-4.0,ok,2026-04-22,8.53,8.18,8.57,8.18,1837421.0,-7.36,-0.61,12.83,0.0,1.15,-0.51,5.67,11.69,-40.38,0.103,False,False,0.0,20.0,不推送,False,温和放量；近5日趋势升温；站上20日线且不过热；连续上榜确认,当日转弱；收盘承接偏弱,不主动推送。,v2,强势,71.13,1.1,4.11,0,2026-04-22,common_index_cache,0.52,1.3,1.73,1.96,4.68,6.77,-8.46,8.72
2026-04-22,601179,中国西电,81,5751.0,10jqka,post_close,2026-04-22 15:00:00,2026-04-10,7,6,58.0,-23.0,ok,2026-04-22,17.9,17.95,18.2,17.76,2145174.0,0.34,4.42,1.41,0.432,0.71,1.2,5.41,9.79,-13.08,0.568,False,False,0.0,0.0,不推送,False,站上20日线且不过热；持续霸榜,收盘承接偏弱；热度可能进入后段；人气排名明显回落；上影线偏长,不主动推送。,v2,强势,71.13,1.1,4.11,0,2026-04-22,common_index_cache,0.52,1.3,1.73,1.96,4.68,6.77,-0.76,-2.7
2026-04-22,300394,天孚通信,82,5641.0,10jqka,post_close,2026-04-22 15:00:00,2026-04-15,4,2,77.0,-5.0,ok,2026-04-22,346.65,375.41,380.5,342.0,519330.0,6.35,-1.02,13.53,0.868,1.12,2.14,5.13,10.5,-3.48,0.132,False,False,0.0,60.0,普通观察,True,当日上涨；收盘承接较强；温和放量；近5日趋势升温；站上20日线且不过热；连续上榜确认,-,保留在样本池，继续看次日人气和承接。,v2,强势,71.13,1.1,4.11,0,2026-04-22,common_index_cache,0.52,1.3,1.73,1.96,4.68,6.77,5.25,9.42
2026-04-22,301396,宏景科技,83,5617.0,10jqka,post_close,2026-04-22 15:00:00,2026-04-15,3,1,21.0,-62.0,ok,2026-04-22,281.0,324.28,331.99,273.06,179577.0,16.09,14.72,34.46,0.869,1.21,10.7,28.45,54.45,-2.32,0.131,True,False,0.0,41.0,不推送,False,当日涨停附近；收盘承接较强；温和放量；近5日强势延续；v2低分涨停修正,短线涨幅偏高；远离20日线过多；人气排名明显回落,不主动推送。,v2,强势,71.13,1.1,4.11,0,2026-04-22,common_index_cache,0.52,1.3,1.73,1.96,4.68,6.77,14.99,30.35
2026-04-22,002195,岩山科技,84,5530.0,10jqka,post_close,2026-04-22 15:00:00,2026-04-22,1,1,,,ok,2026-04-22,9.08,9.38,9.41,9.03,2910649.0,2.74,2.51,3.88,0.921,1.6,1.58,2.36,3.38,-16.03,0.079,False,False,0.0,38.0,不推送,False,收在日内高位；温和放量；站上20日线且不过热,-,不主动推送。,v2,强势,71.13,1.1,4.11,0,2026-04-22,common_index_cache,0.52,1.3,1.73,1.96,4.68,6.77,1.64,-0.23
2026-04-22,002506,协鑫集成,85,5499.0,10jqka,post_close,2026-04-22 15:00:00,2026-04-13,6,3,34.0,-51.0,ok,2026-04-22,4.7,4.71,4.76,4.63,5923299.0,-3.48,5.84,7.78,0.615,0.98,1.86,3.93,0.11,-25.94,0.385,False,False,0.0,28.0,不推送,False,温和放量；近5日趋势升温；站上20日线且不过热；连续上榜确认,当日转弱；人气排名明显回落,不主动推送。,v2,强势,71.13,1.1,4.11,0,2026-04-22,common_index_cache,0.52,1.3,1.73,1.96,4.68,6.77,-4.58,3.67
2026-04-22,600184,光电股份,86,5465.0,10jqka,post_close,2026-04-22 15:00:00,2026-04-22,1,1,,,ok,2026-04-22,23.5,25.85,25.85,23.5,344355.0,10.0,16.34,27.4,1.0,0.77,9.65,17.56,29.87,0.0,0.0,True,False,0.0,47.0,不推送,False,当日涨停附近；收在日内高位；近5日强势延续；v2低分涨停修正,短线涨幅偏高；偏离20日线较大,不主动推送。,v2,强势,71.13,1.1,4.11,0,2026-04-22,common_index_cache,0.52,1.3,1.73,1.96,4.68,6.77,8.9,23.29
2026-04-22,301292,海科新源,87,5426.0,10jqka,post_close,2026-04-22 15:00:00,2026-04-14,2,1,25.0,-62.0,ok,2026-04-22,95.0,98.13,100.88,93.58,192571.0,0.18,5.97,5.15,0.623,0.83,3.7,5.6,9.01,-8.17,0.377,False,False,0.0,30.0,不推送,False,温和放量；近5日趋势升温；站上20日线且不过热,人气排名明显回落,不主动推送。,v2,强势,71.13,1.1,4.11,0,2026-04-22,common_index_cache,0.52,1.3,1.73,1.96,4.68,6.77,-0.92,1.04
2026-04-22,002636,金安国纪,88,5416.0,10jqka,post_close,2026-04-22 15:00:00,2026-04-22,1,1,,,ok,2026-04-22,41.65,46.07,46.07,41.0,439101.0,10.0,18.43,22.95,1.0,1.0,12.28,17.78,31.0,0.0,0.0,True,False,0.0,68.0,普通观察,True,当日涨停附近；收在日内高位；温和放量；近5日趋势升温；v2低分涨停修正,偏离20日线较大,保留在样本池，继续看次日人气和承接。,v2,强势,71.13,1.1,4.11,0,2026-04-22,common_index_cache,0.52,1.3,1.73,1.96,4.68,6.77,8.9,18.84
2026-04-22,603687,大胜达,89,5220.0,10jqka,post_close,2026-04-22 15:00:00,2026-04-16,5,5,36.0,-53.0,ok,2026-04-22,19.0,18.59,19.19,18.25,889897.0,-4.91,-3.43,3.05,0.362,0.83,-3.5,1.76,8.71,-10.63,0.202,False,False,0.0,0.0,不推送,False,温和放量；站上20日线且不过热；持续霸榜,当日转弱；收盘承接偏弱；热度可能进入后段；人气排名明显回落,不主动推送。,v2,强势,71.13,1.1,4.11,0,2026-04-22,common_index_cache,0.52,1.3,1.73,1.96,4.68,6.77,-6.01,-1.06
2026-04-22,002194,武汉凡谷,90,5183.0,10jqka,post_close,2026-04-22 15:00:00,2026-04-22,1,1,,,ok,2026-04-22,11.86,11.86,11.86,11.86,150879.0,10.02,9.92,13.49,1.0,1.38,7.92,9.85,12.1,-16.18,0.0,True,True,0.0,66.0,普通观察,True,当日涨停附近；收在日内高位；温和放量；近5日趋势升温；站上20日线且不过热,一字或近似一字，参与点差,保留在样本池，继续看次日人气和承接。,v2,强势,71.13,1.1,4.11,0,2026-04-22,common_index_cache,0.52,1.3,1.73,1.96,4.68,6.77,8.92,9.38
2026-04-22,300476,胜宏科技,91,5038.0,10jqka,post_close,2026-04-22 15:00:00,2026-04-10,8,4,79.0,-12.0,ok,2026-04-22,331.0,342.78,345.0,326.57,465656.0,3.59,5.01,16.02,0.88,0.91,4.09,10.22,19.76,-2.0,0.12,False,False,0.0,60.0,普通观察,True,当日上涨；收盘承接较强；温和放量；近5日趋势升温；站上20日线且不过热；连续上榜确认,-,保留在样本池，继续看次日人气和承接。,v2,强势,71.13,1.1,4.11,0,2026-04-22,common_index_cache,0.52,1.3,1.73,1.96,4.68,6.77,2.49,11.91
2026-04-22,002709,天赐材料,92,5001.0,10jqka,post_close,2026-04-22 15:00:00,2026-04-10,7,2,13.0,-79.0,ok,2026-04-22,52.79,52.1,54.0,51.58,1273690.0,-1.31,7.44,9.22,0.215,1.07,3.42,7.21,11.53,-3.52,0.5,False,False,0.0,16.0,不推送,False,温和放量；近5日趋势升温；站上20日线且不过热；连续上榜确认,当日转弱；收盘承接偏弱；人气排名明显回落,不主动推送。,v2,强势,71.13,1.1,4.11,0,2026-04-22,common_index_cache,0.52,1.3,1.73,1.96,4.68,6.77,-2.41,5.11
2026-04-22,002131,利欧股份,93,4955.0,10jqka,post_close,2026-04-22 15:00:00,2026-04-10,9,9,78.0,-15.0,ok,2026-04-22,7.94,7.98,7.99,7.82,4006789.0,-0.37,0.25,2.05,0.941,0.73,-1.02,-0.61,2.13,-23.27,0.059,False,False,0.0,18.0,不推送,False,收在日内高位；站上20日线且不过热；持续霸榜,当日转弱；热度可能进入后段,不主动推送。,v2,强势,71.13,1.1,4.11,0,2026-04-22,common_index_cache,0.52,1.3,1.73,1.96,4.68,6.77,-1.47,-2.06
2026-04-22,600206,有研新材,94,4935.0,10jqka,post_close,2026-04-22 15:00:00,2026-04-20,2,1,61.0,-33.0,ok,2026-04-22,24.71,26.8,27.3,24.7,1116770.0,7.72,15.07,21.49,0.808,1.72,9.01,14.78,22.09,-1.83,0.192,False,False,0.0,56.0,不推送,False,当日强涨；收盘承接较强；温和放量；近5日趋势升温；站上20日线且不过热,人气排名明显回落,不主动推送。,v2,强势,71.13,1.1,4.11,0,2026-04-22,common_index_cache,0.52,1.3,1.73,1.96,4.68,6.77,6.62,17.38
2026-04-22,600641,先导基电,95,4935.0,10jqka,post_close,2026-04-22 15:00:00,2026-04-22,1,1,,,ok,2026-04-22,24.63,27.06,27.06,24.52,478716.0,10.0,11.4,24.01,1.0,0.93,10.11,16.64,28.52,0.0,0.0,True,False,0.0,68.0,普通观察,True,当日涨停附近；收在日内高位；温和放量；近5日趋势升温；v2低分涨停修正,偏离20日线较大,保留在样本池，继续看次日人气和承接。,v2,强势,71.13,1.1,4.11,0,2026-04-22,common_index_cache,0.52,1.3,1.73,1.96,4.68,6.77,8.9,19.9
2026-04-22,920981,晶赛科技,96,4894.0,10jqka,post_close,2026-04-22 15:00:00,2026-04-22,1,1,,,ok,2026-04-22,32.34,42.34,42.34,32.34,116288.0,30.0,31.08,43.92,1.0,4.83,24.65,32.13,39.55,0.0,0.0,True,False,0.0,29.0,不推送,False,当日涨停附近；收在日内高位；近5日强势延续,放量过猛；短线涨幅偏高；偏离20日线较大,不主动推送。,v2,强势,71.13,1.1,4.11,0,2026-04-22,common_index_cache,0.52,1.3,1.73,1.96,4.68,6.77,28.9,39.81
2026-04-22,603178,圣龙股份,97,4883.0,10jqka,post_close,2026-04-22 15:00:00,2026-04-17,4,4,17.0,-80.0,ok,2026-04-22,22.4,21.16,23.19,21.08,578026.0,0.38,21.47,36.43,0.038,3.92,11.77,22.6,29.86,-8.75,0.374,False,False,0.0,0.0,不推送,False,近5日强势延续；连续上榜确认,收盘承接偏弱；放量过猛；短线涨幅偏高；偏离20日线较大；人气排名明显回落,不主动推送。,v2,强势,71.13,1.1,4.11,0,2026-04-22,common_index_cache,0.52,1.3,1.73,1.96,4.68,6.77,-0.72,32.32
2026-04-22,603220,中贝通信,98,4813.0,10jqka,post_close,2026-04-22 15:00:00,2026-04-16,2,1,58.0,-40.0,ok,2026-04-22,29.53,31.12,32.43,29.1,768749.0,5.56,-3.47,7.2,0.607,1.04,-0.03,6.08,13.11,-6.35,0.393,False,False,0.0,38.0,不推送,False,当日上涨；温和放量；近5日趋势升温；站上20日线且不过热,人气排名明显回落,不主动推送。,v2,强势,71.13,1.1,4.11,0,2026-04-22,common_index_cache,0.52,1.3,1.73,1.96,4.68,6.77,4.46,3.09
2026-04-22,000751,锌业股份,99,4804.0,10jqka,post_close,2026-04-22 15:00:00,2026-04-22,1,1,,,ok,2026-04-22,5.88,6.33,6.33,5.78,1389965.0,10.09,9.71,19.89,1.0,1.4,8.32,13.14,16.23,-19.05,0.0,True,False,0.0,78.0,重点观察,True,当日涨停附近；收在日内高位；温和放量；近5日趋势升温；站上20日线且不过热；v2低分涨停修正,-,只做观察或轻仓试错，等待回落承接和量能不失控。,v2,强势,71.13,1.1,4.11,0,2026-04-22,common_index_cache,0.52,1.3,1.73,1.96,4.68,6.77,8.99,15.78
2026-04-22,002491,通鼎互联,100,4800.0,10jqka,post_close,2026-04-22 15:00:00,2026-04-10,8,6,68.0,-32.0,ok,2026-04-22,16.62,17.22,17.5,16.56,2486643.0,2.81,13.81,21.27,0.702,1.23,5.83,10.24,23.41,-1.6,0.298,False,False,0.0,34.0,不推送,False,温和放量；近5日趋势升温；站上20日线且不过热；持续霸榜,热度可能进入后段；人气排名明显回落,不主动推送。,v2,强势,71.13,1.1,4.11,0,2026-04-22,common_index_cache,0.52,1.3,1.73,1.96,4.68,6.77,1.71,17.16
2026-04-23,600396,华电辽能,1,34878.0,10jqka,post_close,2026-04-23 15:00:00,2026-04-10,10,10,15.0,14.0,ok,2026-04-23,9.29,9.83,9.83,8.05,4049629.0,9.96,33.02,34.84,1.0,1.51,18.63,24.84,24.96,0.0,0.0,True,False,0.0,119.0,强推观察,True,人气Top3；当日涨停附近；收在日内高位；温和放量；近5日强势延续；站上20日线且不过热；持续霸榜；人气排名明显上升；v2强势延续修正；v2低分涨停修正,短线涨幅偏高；热度可能进入后段,高风险情绪股：不追一字，优先看分歧承接，跌破5日线或人气退潮就跑。,v2,震荡,49.6,-0.65,1.6,0,2026-04-23,common_index_cache,-0.32,-0.88,-0.87,0.93,1.67,2.59,10.61,33.24
2026-04-23,601778,晶科科技,2,27396.0,10jqka,post_close,2026-04-23 15:00:00,2026-04-14,8,8,40.0,38.0,ok,2026-04-23,6.87,7.19,7.19,6.35,8283896.0,9.94,10.45,7.96,1.0,1.02,7.31,14.55,26.54,-1.91,0.0,True,False,0.0,110.0,强推观察,True,人气Top3；当日涨停附近；收在日内高位；温和放量；近5日趋势升温；站上20日线且不过热；持续霸榜；人气排名明显上升,热度可能进入后段,高风险情绪股：不追一字，优先看分歧承接，跌破5日线或人气退潮就跑。,v2,震荡,49.6,-0.65,1.6,0,2026-04-23,common_index_cache,-0.32,-0.88,-0.87,0.93,1.67,2.59,10.59,6.36
2026-04-23,002361,神剑股份,3,20882.0,10jqka,post_close,2026-04-23 15:00:00,2026-04-10,10,10,8.0,5.0,ok,2026-04-23,23.65,22.99,23.8,22.05,3155846.0,-2.79,11.44,19.37,0.537,0.85,5.74,16.97,30.42,-4.01,0.086,False,False,0.0,48.0,不推送,False,人气Top3；温和放量；近5日趋势升温；持续霸榜,当日转弱；偏离20日线较大；热度可能进入后段,不主动推送。,v2,震荡,49.6,-0.65,1.6,0,2026-04-23,common_index_cache,-0.32,-0.88,-0.87,0.93,1.67,2.59,-2.14,17.77
2026-04-23,002580,圣阳股份,4,20792.0,10jqka,post_close,2026-04-23 15:00:00,2026-04-10,10,10,1.0,-3.0,ok,2026-04-23,26.01,26.97,28.02,25.63,1627255.0,0.9,-18.27,-2.99,0.561,1.68,-8.25,2.59,25.91,-19.83,0.439,False,False,0.0,46.0,不推送,False,人气Top10；温和放量；站上20日线且不过热；持续霸榜,近5日趋势未确认；热度可能进入后段,不主动推送。,v2,震荡,49.6,-0.65,1.6,0,2026-04-23,common_index_cache,-0.32,-0.88,-0.87,0.93,1.67,2.59,1.55,-4.59
2026-04-23,002081,金螳螂,5,20593.0,10jqka,post_close,2026-04-23 15:00:00,2026-04-20,4,4,17.0,12.0,ok,2026-04-23,5.43,5.43,5.43,5.25,3306621.0,9.92,33.09,61.13,1.0,3.55,19.87,37.64,48.95,0.0,0.0,True,False,0.0,42.0,不推送,False,人气Top10；当日涨停附近；收在日内高位；连续上榜确认；人气排名明显上升,放量过猛；短线涨幅过热；远离20日线过多,不主动推送。,v2,震荡,49.6,-0.65,1.6,0,2026-04-23,common_index_cache,-0.32,-0.88,-0.87,0.93,1.67,2.59,10.57,59.53
2026-04-23,002565,顺灏股份,6,20383.0,10jqka,post_close,2026-04-23 15:00:00,2026-04-14,8,8,25.0,19.0,ok,2026-04-23,21.95,19.76,22.28,19.76,2668818.0,-9.98,-2.61,11.32,0.0,1.09,-4.3,4.51,12.77,-14.05,0.131,False,False,0.0,44.0,不推送,False,人气Top10；温和放量；近5日趋势升温；站上20日线且不过热；持续霸榜；人气排名明显上升,当日转弱；收盘承接偏弱；热度可能进入后段,不主动推送。,v2,震荡,49.6,-0.65,1.6,0,2026-04-23,common_index_cache,-0.32,-0.88,-0.87,0.93,1.67,2.59,-9.33,9.72
2026-04-23,002297,博云新材,7,16699.0,10jqka,post_close,2026-04-23 15:00:00,2026-04-10,9,6,42.0,35.0,ok,2026-04-23,20.54,22.24,22.32,20.54,2172285.0,9.61,14.29,38.31,0.955,1.42,12.7,34.2,61.92,-0.36,0.045,True,False,0.0,77.0,重点观察,True,人气Top10；当日涨停附近；收在日内高位；温和放量；近5日强势延续；持续霸榜；人气排名明显上升,短线涨幅偏高；远离20日线过多；热度可能进入后段,只做观察或轻仓试错，等待回落承接和量能不失控。,v2,震荡,49.6,-0.65,1.6,0,2026-04-23,common_index_cache,-0.32,-0.88,-0.87,0.93,1.67,2.59,10.26,36.71
2026-04-23,600487,亨通光电,8,16600.0,10jqka,post_close,2026-04-23 15:00:00,2026-04-10,10,10,13.0,5.0,ok,2026-04-23,66.77,69.52,70.3,66.03,2734389.0,5.69,14.17,30.82,0.817,1.42,11.54,20.06,23.86,-1.11,0.183,False,False,0.0,73.0,普通观察,True,人气Top10；当日上涨；收盘承接较强；温和放量；近5日强势延续；站上20日线且不过热；持续霸榜,短线涨幅偏高；热度可能进入后段,保留在样本池，继续看次日人气和承接。,v2,震荡,49.6,-0.65,1.6,0,2026-04-23,common_index_cache,-0.32,-0.88,-0.87,0.93,1.67,2.59,6.34,29.22
2026-04-23,601016,节能风电,9,16530.0,10jqka,post_close,2026-04-23 15:00:00,2026-04-23,1,1,,,ok,2026-04-23,4.12,4.48,4.48,4.1,8622034.0,10.07,9.27,10.34,1.0,2.65,7.28,9.14,6.12,-21.82,0.0,True,False,0.0,98.0,强推观察,True,人气Top10；当日涨停附近；收在日内高位；近5日趋势升温；站上20日线且不过热；首次上榜即强势；v2强势延续修正,-,高风险情绪股：不追一字，优先看分歧承接，跌破5日线或人气退潮就跑。,v2,震荡,49.6,-0.65,1.6,0,2026-04-23,common_index_cache,-0.32,-0.88,-0.87,0.93,1.67,2.59,10.72,8.74
2026-04-23,300308,中际旭创,10,15738.0,10jqka,post_close,2026-04-23 15:00:00,2026-04-10,10,10,24.0,14.0,ok,2026-04-23,890.0,897.0,919.99,877.78,309869.0,1.17,5.53,10.93,0.455,1.03,3.14,9.62,25.12,-2.5,0.545,False,False,0.0,60.0,普通观察,True,人气Top10；温和放量；近5日趋势升温；站上20日线且不过热；持续霸榜；人气排名明显上升,热度可能进入后段；上影线偏长,保留在样本池，继续看次日人气和承接。,v2,震荡,49.6,-0.65,1.6,0,2026-04-23,common_index_cache,-0.32,-0.88,-0.87,0.93,1.67,2.59,1.82,9.33
2026-04-23,300058,蓝色光标,11,15559.0,10jqka,post_close,2026-04-23 15:00:00,2026-04-10,10,10,16.0,5.0,ok,2026-04-23,19.4,19.0,20.41,18.86,7239183.0,-1.25,-2.71,10.47,0.09,1.1,0.47,6.45,17.14,-22.23,0.652,False,False,0.0,32.0,不推送,False,人气Top20；温和放量；近5日趋势升温；站上20日线且不过热；持续霸榜,当日转弱；收盘承接偏弱；热度可能进入后段,不主动推送。,v2,震荡,49.6,-0.65,1.6,0,2026-04-23,common_index_cache,-0.32,-0.88,-0.87,0.93,1.67,2.59,-0.6,8.87
2026-04-23,300136,信维通信,12,15332.0,10jqka,post_close,2026-04-23 15:00:00,2026-04-15,4,1,96.0,84.0,ok,2026-04-23,79.69,83.41,83.5,76.8,1299699.0,4.89,7.21,19.5,0.987,1.13,6.21,14.72,22.66,-11.81,0.013,False,False,0.0,78.0,重点观察,True,人气Top20；当日上涨；收在日内高位；温和放量；近5日趋势升温；站上20日线且不过热；人气排名明显上升,-,只做观察或轻仓试错，等待回落承接和量能不失控。,v2,震荡,49.6,-0.65,1.6,0,2026-04-23,common_index_cache,-0.32,-0.88,-0.87,0.93,1.67,2.59,5.54,17.9
2026-04-23,600186,莲花控股,13,14036.0,10jqka,post_close,2026-04-23 15:00:00,2026-04-15,5,3,14.0,1.0,ok,2026-04-23,8.57,9.45,9.45,8.48,3245360.0,10.01,20.08,16.09,1.0,1.28,12.8,18.3,24.36,0.0,0.0,True,False,0.0,120.0,强推观察,True,人气Top20；当日涨停附近；收在日内高位；温和放量；近5日趋势升温；站上20日线且不过热；连续上榜确认；v2强势延续修正；v2连榜升温修正；v2低分涨停修正,-,高风险情绪股：不追一字，优先看分歧承接，跌破5日线或人气退潮就跑。,v2,震荡,49.6,-0.65,1.6,0,2026-04-23,common_index_cache,-0.32,-0.88,-0.87,0.93,1.67,2.59,10.66,14.49
2026-04-23,300502,新易盛,14,13929.0,10jqka,post_close,2026-04-23 15:00:00,2026-04-10,8,2,23.0,9.0,ok,2026-04-23,619.0,608.28,627.8,600.99,401775.0,-2.32,4.34,13.17,0.272,1.06,2.01,9.18,19.38,-3.11,0.328,False,False,0.0,50.0,不推送,False,人气Top20；温和放量；近5日趋势升温；站上20日线且不过热；连续上榜确认；v2热点回踩观察,当日转弱；收盘承接偏弱,不主动推送。,v2,震荡,49.6,-0.65,1.6,0,2026-04-23,common_index_cache,-0.32,-0.88,-0.87,0.93,1.67,2.59,-1.67,11.57
2026-04-23,000890,法尔胜,15,13320.0,10jqka,post_close,2026-04-23 15:00:00,2026-04-10,7,4,10.0,-5.0,ok,2026-04-23,16.25,16.76,16.76,15.78,1161558.0,9.97,23.69,35.27,1.0,1.41,15.51,22.19,15.73,-4.83,0.0,True,False,0.0,89.0,重点观察,True,人气Top20；当日涨停附近；收在日内高位；温和放量；近5日强势延续；站上20日线且不过热；连续上榜确认,短线涨幅偏高,只做观察或轻仓试错，等待回落承接和量能不失控。,v2,震荡,49.6,-0.65,1.6,0,2026-04-23,common_index_cache,-0.32,-0.88,-0.87,0.93,1.67,2.59,10.62,33.67
2026-04-23,603538,美诺华,16,13196.0,10jqka,post_close,2026-04-23 15:00:00,2026-04-10,10,10,74.0,58.0,ok,2026-04-23,50.91,55.55,55.55,49.88,624543.0,10.0,8.05,-0.8,1.0,1.09,5.81,6.29,19.26,-3.04,0.0,True,False,0.0,80.0,重点观察,True,人气Top20；当日涨停附近；收在日内高位；温和放量；站上20日线且不过热；持续霸榜；人气排名明显上升,近5日趋势未确认；热度可能进入后段,只做观察或轻仓试错，等待回落承接和量能不失控。,v2,震荡,49.6,-0.65,1.6,0,2026-04-23,common_index_cache,-0.32,-0.88,-0.87,0.93,1.67,2.59,10.65,-2.4
2026-04-23,002008,大族激光,17,13085.0,10jqka,post_close,2026-04-23 15:00:00,2026-04-14,4,1,71.0,54.0,ok,2026-04-23,95.0,103.6,103.6,93.56,651194.0,10.0,16.17,19.53,1.0,1.38,10.84,19.38,36.41,0.0,0.0,True,False,0.0,88.0,重点观察,True,人气Top20；当日涨停附近；收在日内高位；温和放量；近5日趋势升温；人气排名明显上升；v2低分涨停修正,偏离20日线较大,只做观察或轻仓试错，等待回落承接和量能不失控。,v2,震荡,49.6,-0.65,1.6,0,2026-04-23,common_index_cache,-0.32,-0.88,-0.87,0.93,1.67,2.59,10.65,17.93
2026-04-23,600821,金开新能,18,13028.0,10jqka,post_close,2026-04-23 15:00:00,2026-04-15,7,7,76.0,58.0,ok,2026-04-23,9.19,9.58,9.89,8.95,4148719.0,5.97,2.02,8.13,0.67,1.2,3.66,8.21,8.43,-21.48,0.33,False,False,0.0,66.0,普通观察,True,人气Top20；当日上涨；温和放量；近5日趋势升温；站上20日线且不过热；持续霸榜；人气排名明显上升,热度可能进入后段,保留在样本池，继续看次日人气和承接。,v2,震荡,49.6,-0.65,1.6,0,2026-04-23,common_index_cache,-0.32,-0.88,-0.87,0.93,1.67,2.59,6.62,6.53
2026-04-23,600105,永鼎股份,19,12825.0,10jqka,post_close,2026-04-23 15:00:00,2026-04-10,10,10,9.0,-10.0,ok,2026-04-23,48.1,48.5,50.07,47.2,2308499.0,6.52,16.03,22.88,0.453,1.47,10.97,18.43,37.44,-3.14,0.547,False,False,0.0,46.0,不推送,False,人气Top20；当日上涨；温和放量；近5日趋势升温；持续霸榜,偏离20日线较大；热度可能进入后段；上影线偏长,不主动推送。,v2,震荡,49.6,-0.65,1.6,0,2026-04-23,common_index_cache,-0.32,-0.88,-0.87,0.93,1.67,2.59,7.17,21.28
2026-04-23,000539,粤电力A,20,12449.0,10jqka,post_close,2026-04-23 15:00:00,2026-04-21,2,1,39.0,19.0,ok,2026-04-23,6.42,7.15,7.21,6.22,2998444.0,9.16,23.06,28.14,0.939,2.43,13.1,20.7,20.06,-12.16,0.061,False,False,0.0,73.0,普通观察,True,人气Top20；当日强涨；收在日内高位；放量仍可控；近5日强势延续；站上20日线且不过热；人气排名明显上升,短线涨幅偏高,保留在样本池，继续看次日人气和承接。,v2,震荡,49.6,-0.65,1.6,0,2026-04-23,common_index_cache,-0.32,-0.88,-0.87,0.93,1.67,2.59,9.81,26.54
2026-04-23,600986,浙文互联,21,11723.0,10jqka,post_close,2026-04-23 15:00:00,2026-04-16,3,1,98.0,77.0,ok,2026-04-23,11.33,12.13,12.13,11.22,3025537.0,9.97,7.35,10.47,1.0,1.55,7.92,11.51,18.11,-26.4,0.0,True,False,0.0,94.0,强推观察,True,人气Top50；当日涨停附近；收在日内高位；温和放量；近5日趋势升温；站上20日线且不过热；人气排名明显上升；v2强势延续修正,-,高风险情绪股：不追一字，优先看分歧承接，跌破5日线或人气退潮就跑。,v2,震荡,49.6,-0.65,1.6,0,2026-04-23,common_index_cache,-0.32,-0.88,-0.87,0.93,1.67,2.59,10.62,8.87
2026-04-23,600703,三安光电,22,11356.0,10jqka,post_close,2026-04-23 15:00:00,2026-04-10,7,5,12.0,-10.0,ok,2026-04-23,15.9,15.51,16.06,15.19,5422642.0,3.82,13.63,27.86,0.368,1.81,9.19,17.59,22.91,-17.37,0.184,False,False,0.0,29.0,不推送,False,人气Top50；当日上涨；放量仍可控；近5日强势延续；站上20日线且不过热；持续霸榜,收盘承接偏弱；短线涨幅偏高；热度可能进入后段,不主动推送。,v2,震荡,49.6,-0.65,1.6,0,2026-04-23,common_index_cache,-0.32,-0.88,-0.87,0.93,1.67,2.59,4.47,26.26
2026-04-23,603618,杭电股份,23,11065.0,10jqka,post_close,2026-04-23 15:00:00,2026-04-21,3,3,41.0,18.0,ok,2026-04-23,28.86,31.41,31.41,28.75,1022903.0,10.02,23.47,37.64,1.0,1.17,15.93,25.71,22.08,0.0,0.0,True,False,0.0,93.0,强推观察,True,人气Top50；当日涨停附近；收在日内高位；温和放量；近5日强势延续；站上20日线且不过热；连续上榜确认；人气排名明显上升；v2连榜升温修正,短线涨幅偏高,高风险情绪股：不追一字，优先看分歧承接，跌破5日线或人气退潮就跑。,v2,震荡,49.6,-0.65,1.6,0,2026-04-23,common_index_cache,-0.32,-0.88,-0.87,0.93,1.67,2.59,10.67,36.04
2026-04-23,002015,协鑫能科,24,11007.0,10jqka,post_close,2026-04-23 15:00:00,2026-04-15,7,7,47.0,23.0,ok,2026-04-23,20.2,20.68,21.6,19.21,2301496.0,4.08,7.93,12.27,0.615,1.16,6.43,11.25,15.71,-10.05,0.385,False,False,0.0,58.0,不推送,False,人气Top50；当日上涨；温和放量；近5日趋势升温；站上20日线且不过热；持续霸榜；人气排名明显上升,热度可能进入后段,不主动推送。,v2,震荡,49.6,-0.65,1.6,0,2026-04-23,common_index_cache,-0.32,-0.88,-0.87,0.93,1.67,2.59,4.73,10.67
2026-04-23,000559,万向钱潮,25,10727.0,10jqka,post_close,2026-04-23 15:00:00,2026-04-10,3,1,88.0,63.0,ok,2026-04-23,17.16,17.98,18.78,16.53,2004231.0,4.84,8.31,8.71,0.644,1.86,5.41,7.64,12.26,-13.89,0.356,False,False,0.0,48.0,不推送,False,人气Top50；当日上涨；放量仍可控；近5日趋势升温；站上20日线且不过热；人气排名明显上升,-,不主动推送。,v2,震荡,49.6,-0.65,1.6,0,2026-04-23,common_index_cache,-0.32,-0.88,-0.87,0.93,1.67,2.59,5.49,7.11
2026-04-23,601138,工业富联,26,10595.0,10jqka,post_close,2026-04-23 15:00:00,2026-04-10,10,10,2.0,-24.0,ok,2026-04-23,66.98,67.92,69.1,66.66,2777453.0,1.54,10.42,14.5,0.516,1.34,6.56,11.9,20.35,-1.71,0.484,False,False,0.0,36.0,不推送,False,人气Top50；温和放量；近5日趋势升温；站上20日线且不过热；持续霸榜,热度可能进入后段；人气排名明显回落；上影线偏长,不主动推送。,v2,震荡,49.6,-0.65,1.6,0,2026-04-23,common_index_cache,-0.32,-0.88,-0.87,0.93,1.67,2.59,2.19,12.9
2026-04-23,002281,光迅科技,27,10074.0,10jqka,post_close,2026-04-23 15:00:00,2026-04-10,8,5,5.0,-22.0,ok,2026-04-23,124.85,131.68,134.99,123.51,1102421.0,6.22,9.69,23.98,0.712,1.72,7.18,13.5,27.72,-2.45,0.288,False,False,0.0,50.0,不推送,False,人气Top50；当日上涨；温和放量；近5日趋势升温；站上20日线且不过热；持续霸榜,热度可能进入后段；人气排名明显回落,不主动推送。,v2,震荡,49.6,-0.65,1.6,0,2026-04-23,common_index_cache,-0.32,-0.88,-0.87,0.93,1.67,2.59,6.87,22.38
2026-04-23,600103,青山纸业,28,9791.0,10jqka,post_close,2026-04-23 15:00:00,2026-04-10,7,5,11.0,-17.0,ok,2026-04-23,5.32,5.14,5.69,5.13,6620107.0,-6.55,8.67,26.6,0.018,1.37,3.34,14.25,28.39,-10.14,0.661,False,False,0.0,7.0,不推送,False,人气Top50；温和放量；近5日强势延续；持续霸榜,当日转弱；收盘承接偏弱；短线涨幅偏高；偏离20日线较大；热度可能进入后段,不主动推送。,v2,震荡,49.6,-0.65,1.6,0,2026-04-23,common_index_cache,-0.32,-0.88,-0.87,0.93,1.67,2.59,-5.9,25.0
2026-04-23,001896,豫能控股,29,9696.0,10jqka,post_close,2026-04-23 15:00:00,2026-04-13,9,9,55.0,26.0,ok,2026-04-23,17.7,17.97,18.46,16.42,2346700.0,2.69,-4.36,5.33,0.76,1.05,1.59,9.07,18.79,-4.67,0.24,False,False,0.0,60.0,普通观察,True,人气Top50；收盘承接较强；温和放量；近5日趋势升温；站上20日线且不过热；持续霸榜；人气排名明显上升,热度可能进入后段,保留在样本池，继续看次日人气和承接。,v2,震荡,49.6,-0.65,1.6,0,2026-04-23,common_index_cache,-0.32,-0.88,-0.87,0.93,1.67,2.59,3.34,3.73
2026-04-23,002342,巨力索具,30,9598.0,10jqka,post_close,2026-04-23 15:00:00,2026-04-10,10,10,20.0,-10.0,ok,2026-04-23,19.63,18.96,20.25,18.68,2123627.0,-5.91,-2.62,2.43,0.178,0.78,-4.3,2.57,18.34,-11.48,0.395,False,False,0.0,0.0,不推送,False,人气Top50；站上20日线且不过热；持续霸榜,当日转弱；收盘承接偏弱；热度可能进入后段,不主动推送。,v2,震荡,49.6,-0.65,1.6,0,2026-04-23,common_index_cache,-0.32,-0.88,-0.87,0.93,1.67,2.59,-5.26,0.83
2026-04-23,603629,利通电子,31,9563.0,10jqka,post_close,2026-04-23 15:00:00,2026-04-13,9,9,68.0,37.0,ok,2026-04-23,108.0,116.48,119.02,107.91,442525.0,7.65,8.58,21.52,0.771,0.95,8.13,22.91,45.47,-2.13,0.229,False,False,0.0,56.0,不推送,False,人气Top50；当日强涨；收盘承接较强；温和放量；近5日趋势升温；持续霸榜；人气排名明显上升,远离20日线过多；热度可能进入后段,不主动推送。,v2,震荡,49.6,-0.65,1.6,0,2026-04-23,common_index_cache,-0.32,-0.88,-0.87,0.93,1.67,2.59,8.3,19.92
2026-04-23,300342,天银机电,32,9539.0,10jqka,post_close,2026-04-23 15:00:00,2026-04-20,4,4,38.0,6.0,ok,2026-04-23,68.0,72.33,75.5,66.89,864538.0,9.26,14.77,29.62,0.632,1.3,10.48,20.5,26.48,-4.2,0.368,False,False,0.0,59.0,不推送,False,人气Top50；当日强涨；温和放量；近5日强势延续；站上20日线且不过热；连续上榜确认,短线涨幅偏高,不主动推送。,v2,震荡,49.6,-0.65,1.6,0,2026-04-23,common_index_cache,-0.32,-0.88,-0.87,0.93,1.67,2.59,9.91,28.02
2026-04-23,600736,苏州高新,33,9498.0,10jqka,post_close,2026-04-23 15:00:00,2026-04-21,3,3,48.0,15.0,ok,2026-04-23,8.37,8.37,8.37,8.37,301338.0,9.99,33.07,35.0,1.0,0.67,17.95,26.63,32.37,0.0,0.0,True,True,0.0,55.0,不推送,False,人气Top50；当日涨停附近；收在日内高位；近5日强势延续；连续上榜确认；人气排名明显上升,短线涨幅偏高；偏离20日线较大；一字或近似一字，参与点差,不主动推送。,v2,震荡,49.6,-0.65,1.6,0,2026-04-23,common_index_cache,-0.32,-0.88,-0.87,0.93,1.67,2.59,10.64,33.4
2026-04-23,002429,兆驰股份,34,9495.0,10jqka,post_close,2026-04-23 15:00:00,2026-04-23,1,1,,,ok,2026-04-23,12.0,13.1,13.1,11.91,3735538.0,9.99,19.53,28.81,1.0,2.58,13.66,20.11,26.93,0.0,0.0,True,False,0.0,83.0,重点观察,True,人气Top50；当日涨停附近；收在日内高位；放量仍可控；近5日强势延续；站上20日线且不过热；v2强势延续修正；v2低分涨停修正,短线涨幅偏高,只做观察或轻仓试错，等待回落承接和量能不失控。,v2,震荡,49.6,-0.65,1.6,0,2026-04-23,common_index_cache,-0.32,-0.88,-0.87,0.93,1.67,2.59,10.64,27.21
2026-04-23,002384,东山精密,35,9398.0,10jqka,post_close,2026-04-23 15:00:00,2026-04-10,10,10,3.0,-32.0,ok,2026-04-23,192.0,186.66,194.0,183.98,1131449.0,0.17,18.89,24.81,0.267,1.16,8.33,17.16,38.52,-3.78,0.2,False,False,0.0,20.0,不推送,False,人气Top50；温和放量；近5日趋势升温；持续霸榜,收盘承接偏弱；偏离20日线较大；热度可能进入后段；人气排名明显回落,不主动推送。,v2,震荡,49.6,-0.65,1.6,0,2026-04-23,common_index_cache,-0.32,-0.88,-0.87,0.93,1.67,2.59,0.82,23.21
2026-04-23,603220,中贝通信,36,9352.0,10jqka,post_close,2026-04-23 15:00:00,2026-04-16,3,2,98.0,62.0,ok,2026-04-23,30.92,34.23,34.23,30.92,978155.0,9.99,10.85,7.2,1.0,1.27,8.36,13.88,22.59,0.0,0.0,True,False,0.0,92.0,强推观察,True,人气Top50；当日涨停附近；收在日内高位；温和放量；近5日趋势升温；站上20日线且不过热；连续上榜确认；人气排名明显上升,-,高风险情绪股：不追一字，优先看分歧承接，跌破5日线或人气退潮就跑。,v2,震荡,49.6,-0.65,1.6,0,2026-04-23,common_index_cache,-0.32,-0.88,-0.87,0.93,1.67,2.59,10.64,5.6
2026-04-23,002428,云南锗业,37,9216.0,10jqka,post_close,2026-04-23 15:00:00,2026-04-14,6,5,22.0,-15.0,ok,2026-04-23,76.29,76.88,82.76,74.7,1667523.0,2.18,12.73,36.41,0.27,1.77,9.6,21.07,34.17,-7.1,0.73,False,False,0.0,11.0,不推送,False,人气Top50；温和放量；近5日强势延续；持续霸榜,收盘承接偏弱；短线涨幅偏高；偏离20日线较大；热度可能进入后段；上影线偏长,不主动推送。,v2,震荡,49.6,-0.65,1.6,0,2026-04-23,common_index_cache,-0.32,-0.88,-0.87,0.93,1.67,2.59,2.83,34.81
2026-04-23,601899,紫金矿业,38,9074.0,10jqka,post_close,2026-04-23 15:00:00,2026-04-10,10,10,35.0,-3.0,ok,2026-04-23,35.56,34.4,35.56,34.14,3566449.0,-3.18,-1.21,-2.55,0.183,1.34,-1.79,-1.02,1.37,-23.45,0.0,False,False,0.0,8.0,不推送,False,人气Top50；温和放量；站上20日线且不过热；持续霸榜,当日转弱；收盘承接偏弱；近5日趋势未确认；热度可能进入后段,不主动推送。,v2,震荡,49.6,-0.65,1.6,0,2026-04-23,common_index_cache,-0.32,-0.88,-0.87,0.93,1.67,2.59,-2.53,-4.15
2026-04-23,603308,应流股份,39,9024.0,10jqka,post_close,2026-04-23 15:00:00,2026-04-23,1,1,,,ok,2026-04-23,79.22,83.0,83.0,79.22,413136.0,10.01,16.1,20.29,1.0,1.89,11.64,16.54,22.97,0.0,0.0,True,False,0.0,90.0,强推观察,True,人气Top50；当日涨停附近；收在日内高位；放量仍可控；近5日趋势升温；站上20日线且不过热；v2强势延续修正；v2低分涨停修正,-,高风险情绪股：不追一字，优先看分歧承接，跌破5日线或人气退潮就跑。,v2,震荡,49.6,-0.65,1.6,0,2026-04-23,common_index_cache,-0.32,-0.88,-0.87,0.93,1.67,2.59,10.66,18.69
2026-04-23,600118,中国卫星,40,9022.0,10jqka,post_close,2026-04-23 15:00:00,2026-04-20,4,4,58.0,18.0,ok,2026-04-23,96.3,102.0,105.0,96.16,1028968.0,4.53,7.91,19.31,0.661,1.37,6.2,13.86,21.02,-6.34,0.339,False,False,0.0,62.0,普通观察,True,人气Top50；当日上涨；温和放量；近5日趋势升温；站上20日线且不过热；连续上榜确认；人气排名明显上升,-,保留在样本池，继续看次日人气和承接。,v2,震荡,49.6,-0.65,1.6,0,2026-04-23,common_index_cache,-0.32,-0.88,-0.87,0.93,1.67,2.59,5.18,17.71
2026-04-23,002201,九鼎新材,41,8994.0,10jqka,post_close,2026-04-23 15:00:00,2026-04-21,3,3,31.0,-10.0,ok,2026-04-23,15.98,14.8,16.85,14.74,1897894.0,-3.39,16.9,20.82,0.028,2.18,7.36,14.98,22.26,-12.17,0.412,False,False,0.0,36.0,不推送,False,人气Top50；放量仍可控；近5日趋势升温；站上20日线且不过热；连续上榜确认；v2热点回踩观察,当日转弱；收盘承接偏弱,不主动推送。,v2,震荡,49.6,-0.65,1.6,0,2026-04-23,common_index_cache,-0.32,-0.88,-0.87,0.93,1.67,2.59,-2.74,19.22
2026-04-23,600726,华电能源,42,8734.0,10jqka,post_close,2026-04-23 15:00:00,2026-04-23,1,1,,,ok,2026-04-23,4.85,5.27,5.27,4.85,3502379.0,10.02,15.07,14.07,1.0,1.54,10.81,10.53,0.77,-26.4,0.0,True,False,0.0,96.0,强推观察,True,人气Top50；当日涨停附近；收在日内高位；温和放量；近5日趋势升温；站上20日线且不过热；v2强势延续修正；v2低分涨停修正,-,高风险情绪股：不追一字，优先看分歧承接，跌破5日线或人气退潮就跑。,v2,震荡,49.6,-0.65,1.6,0,2026-04-23,common_index_cache,-0.32,-0.88,-0.87,0.93,1.67,2.59,10.67,12.47
2026-04-23,600110,诺德股份,43,8573.0,10jqka,post_close,2026-04-23 15:00:00,2026-04-10,7,2,7.0,-36.0,ok,2026-04-23,10.55,9.27,10.6,9.27,2458188.0,-10.0,-7.3,-7.76,0.0,1.32,-6.46,-7.57,-3.4,-14.8,0.038,False,False,0.0,0.0,不推送,False,人气Top50；温和放量；连续上榜确认,当日转弱；收盘承接偏弱；近5日趋势未确认；人气排名明显回落,不主动推送。,v2,震荡,49.6,-0.65,1.6,0,2026-04-23,common_index_cache,-0.32,-0.88,-0.87,0.93,1.67,2.59,-9.35,-9.36
2026-04-23,002624,完美世界,44,8351.0,10jqka,post_close,2026-04-23 15:00:00,2026-04-16,2,1,79.0,35.0,ok,2026-04-23,20.01,19.02,20.15,18.2,1794610.0,-5.89,-5.61,-8.47,0.421,1.98,-4.98,-4.48,-2.2,-19.68,0.072,False,False,0.0,0.0,不推送,False,人气Top50；放量仍可控；人气排名明显上升,当日转弱；收盘承接偏弱；近5日趋势未确认,不主动推送。,v2,震荡,49.6,-0.65,1.6,0,2026-04-23,common_index_cache,-0.32,-0.88,-0.87,0.93,1.67,2.59,-5.24,-10.07
2026-04-23,603778,国晟科技,45,8345.0,10jqka,post_close,2026-04-23 15:00:00,2026-04-10,10,10,21.0,-24.0,ok,2026-04-23,26.8,26.54,27.1,25.27,998418.0,1.69,-0.52,0.53,0.694,0.81,0.1,-5.18,-4.71,-22.56,0.164,False,False,0.0,22.0,不推送,False,人气Top50；温和放量；持续霸榜,热度可能进入后段；人气排名明显回落,不主动推送。,v2,震荡,49.6,-0.65,1.6,0,2026-04-23,common_index_cache,-0.32,-0.88,-0.87,0.93,1.67,2.59,2.34,-1.07
2026-04-23,600150,中国船舶,46,8281.0,10jqka,post_close,2026-04-23 15:00:00,2026-04-20,2,1,75.0,29.0,ok,2026-04-23,36.52,38.6,38.91,36.51,2419553.0,5.81,9.41,17.97,0.871,2.25,7.4,12.39,17.78,-2.15,0.129,False,False,0.0,58.0,不推送,False,人气Top50；当日上涨；收盘承接较强；放量仍可控；近5日趋势升温；站上20日线且不过热；人气排名明显上升,-,不主动推送。,v2,震荡,49.6,-0.65,1.6,0,2026-04-23,common_index_cache,-0.32,-0.88,-0.87,0.93,1.67,2.59,6.46,16.37
2026-04-23,001267,汇绿生态,47,7963.0,10jqka,post_close,2026-04-23 15:00:00,2026-04-23,1,1,,,ok,2026-04-23,47.2,50.92,50.92,45.21,778859.0,10.0,17.52,22.58,1.0,1.21,10.73,15.33,20.68,0.0,0.0,True,False,0.0,96.0,强推观察,True,人气Top50；当日涨停附近；收在日内高位；温和放量；近5日趋势升温；站上20日线且不过热；v2强势延续修正；v2低分涨停修正,-,高风险情绪股：不追一字，优先看分歧承接，跌破5日线或人气退潮就跑。,v2,震荡,49.6,-0.65,1.6,0,2026-04-23,common_index_cache,-0.32,-0.88,-0.87,0.93,1.67,2.59,10.65,20.98
2026-04-23,300067,安诺其,48,7937.0,10jqka,post_close,2026-04-23 15:00:00,2026-04-22,2,2,72.0,24.0,ok,2026-04-23,7.27,7.27,7.27,7.27,323665.0,19.97,72.68,73.51,1.0,1.79,36.3,50.61,54.07,0.0,0.0,True,True,0.0,46.0,不推送,False,人气Top50；当日涨停附近；收在日内高位；温和放量；连续上榜确认；人气排名明显上升,短线涨幅过热；远离20日线过多；一字或近似一字，参与点差,不主动推送。,v2,震荡,49.6,-0.65,1.6,0,2026-04-23,common_index_cache,-0.32,-0.88,-0.87,0.93,1.67,2.59,20.62,71.91
2026-04-23,600415,小商品城,49,7799.0,10jqka,post_close,2026-04-23 15:00:00,2026-04-13,3,2,79.0,30.0,ok,2026-04-23,12.78,13.63,13.79,12.78,3290514.0,8.69,10.28,10.54,0.842,4.48,8.09,8.74,6.26,-22.91,0.158,False,False,0.0,54.0,不推送,False,人气Top50；当日强涨；收盘承接较强；近5日趋势升温；站上20日线且不过热；连续上榜确认；人气排名明显上升,放量过猛,不主动推送。,v2,震荡,49.6,-0.65,1.6,0,2026-04-23,common_index_cache,-0.32,-0.88,-0.87,0.93,1.67,2.59,9.34,8.94
2026-04-23,300456,赛微电子,50,7591.0,10jqka,post_close,2026-04-23 15:00:00,2026-04-22,2,2,39.0,-11.0,ok,2026-04-23,53.73,46.7,54.63,46.09,1437109.0,-18.33,-15.75,-10.5,0.071,1.97,-13.94,-12.58,-7.49,-20.28,0.105,False,False,0.0,0.0,不推送,False,人气Top50；放量仍可控；连续上榜确认,当日转弱；收盘承接偏弱；近5日趋势未确认；仍在20日线下方,不主动推送。,v2,震荡,49.6,-0.65,1.6,0,2026-04-23,common_index_cache,-0.32,-0.88,-0.87,0.93,1.67,2.59,-17.68,-12.1
2026-04-23,000727,冠捷科技,51,7488.0,10jqka,post_close,2026-04-23 15:00:00,2026-04-23,1,1,,,ok,2026-04-23,2.73,2.67,2.77,2.64,1146318.0,-2.55,-3.61,-2.2,0.231,1.14,-1.77,-2.13,-0.82,-7.29,0.308,False,False,0.0,0.0,不推送,False,温和放量,当日转弱；收盘承接偏弱；近5日趋势未确认,不主动推送。,v2,震荡,49.6,-0.65,1.6,0,2026-04-23,common_index_cache,-0.32,-0.88,-0.87,0.93,1.67,2.59,-1.9,-3.8
2026-04-23,300590,移为通信,52,7488.0,10jqka,post_close,2026-04-23 15:00:00,2026-04-23,1,1,,,ok,2026-04-23,14.22,14.56,14.56,14.22,540025.0,20.03,21.43,22.56,1.0,12.83,16.48,20.12,24.01,0.0,0.0,True,False,0.0,52.0,不推送,False,当日涨停附近；收在日内高位；近5日趋势升温；站上20日线且不过热；v2低分涨停修正,放量过猛,不主动推送。,v2,震荡,49.6,-0.65,1.6,0,2026-04-23,common_index_cache,-0.32,-0.88,-0.87,0.93,1.67,2.59,20.68,20.96
2026-04-23,600522,中天科技,53,7387.0,10jqka,post_close,2026-04-23 15:00:00,2026-04-10,6,5,19.0,-34.0,ok,2026-04-23,34.0,34.07,35.04,33.2,2857762.0,-2.15,10.08,21.68,0.473,1.18,6.19,12.49,14.09,-2.77,0.527,False,False,0.0,24.0,不推送,False,温和放量；近5日趋势升温；站上20日线且不过热；持续霸榜,当日转弱；热度可能进入后段；人气排名明显回落,不主动推送。,v2,震荡,49.6,-0.65,1.6,0,2026-04-23,common_index_cache,-0.32,-0.88,-0.87,0.93,1.67,2.59,-1.5,20.08
2026-04-23,600052,东望时代,54,7364.0,10jqka,post_close,2026-04-23 15:00:00,2026-04-23,1,1,,,ok,2026-04-23,4.24,4.58,4.58,4.2,1004453.0,10.1,20.53,18.96,1.0,5.9,13.99,16.1,15.6,-8.22,0.0,True,False,0.0,52.0,不推送,False,当日涨停附近；收在日内高位；近5日趋势升温；站上20日线且不过热；v2低分涨停修正,放量过猛,不主动推送。,v2,震荡,49.6,-0.65,1.6,0,2026-04-23,common_index_cache,-0.32,-0.88,-0.87,0.93,1.67,2.59,10.75,17.36
2026-04-23,002837,英维克,55,7358.0,10jqka,post_close,2026-04-23 15:00:00,2026-04-10,9,5,4.0,-51.0,ok,2026-04-23,100.0,100.68,103.0,99.29,935120.0,-3.38,-16.85,-5.18,0.375,1.36,-7.73,-5.8,3.02,-17.3,0.625,False,False,0.0,0.0,不推送,False,温和放量；站上20日线且不过热；持续霸榜,当日转弱；收盘承接偏弱；近5日趋势未确认；热度可能进入后段；人气排名明显回落,不主动推送。,v2,震荡,49.6,-0.65,1.6,0,2026-04-23,common_index_cache,-0.32,-0.88,-0.87,0.93,1.67,2.59,-2.73,-6.78
2026-04-23,002263,大东南,56,7341.0,10jqka,post_close,2026-04-23 15:00:00,2026-04-10,8,1,69.0,13.0,ok,2026-04-23,4.89,4.37,4.92,4.35,3808736.0,-9.52,-14.81,-15.47,0.035,1.05,-10.19,-10.87,-6.19,-18.32,0.053,False,False,0.0,0.0,不推送,False,温和放量；人气排名明显上升,当日转弱；收盘承接偏弱；近5日趋势未确认；仍在20日线下方,不主动推送。,v2,震荡,49.6,-0.65,1.6,0,2026-04-23,common_index_cache,-0.32,-0.88,-0.87,0.93,1.67,2.59,-8.87,-17.07
2026-04-23,002463,沪电股份,57,7223.0,10jqka,post_close,2026-04-23 15:00:00,2026-04-10,10,10,18.0,-39.0,ok,2026-04-23,105.03,106.62,109.26,103.27,991674.0,3.24,8.8,12.94,0.559,1.26,5.49,10.25,21.15,-2.42,0.441,False,False,0.0,42.0,不推送,False,当日上涨；温和放量；近5日趋势升温；站上20日线且不过热；持续霸榜,热度可能进入后段；人气排名明显回落,不主动推送。,v2,震荡,49.6,-0.65,1.6,0,2026-04-23,common_index_cache,-0.32,-0.88,-0.87,0.93,1.67,2.59,3.89,11.34
2026-04-23,002475,立讯精密,58,7162.0,10jqka,post_close,2026-04-23 15:00:00,2026-04-10,10,10,45.0,-13.0,ok,2026-04-23,69.0,67.77,70.68,67.3,2322371.0,-0.38,3.1,12.11,0.139,0.95,3.61,8.92,20.39,-4.12,0.497,False,False,0.0,16.0,不推送,False,温和放量；近5日趋势升温；站上20日线且不过热；持续霸榜,当日转弱；收盘承接偏弱；热度可能进入后段,不主动推送。,v2,震荡,49.6,-0.65,1.6,0,2026-04-23,common_index_cache,-0.32,-0.88,-0.87,0.93,1.67,2.59,0.27,10.51
2026-04-23,003035,南网能源,59,7098.0,10jqka,post_close,2026-04-23 15:00:00,2026-04-23,1,1,,,ok,2026-04-23,8.5,9.18,9.2,8.28,2200540.0,8.64,14.89,17.24,0.978,1.99,10.36,14.74,16.89,-16.55,0.022,False,False,0.0,60.0,普通观察,True,当日强涨；收在日内高位；放量仍可控；近5日趋势升温；站上20日线且不过热,-,保留在样本池，继续看次日人气和承接。,v2,震荡,49.6,-0.65,1.6,0,2026-04-23,common_index_cache,-0.32,-0.88,-0.87,0.93,1.67,2.59,9.29,15.64
2026-04-23,600310,广西能源,60,6991.0,10jqka,post_close,2026-04-23 15:00:00,2026-04-23,1,1,,,ok,2026-04-23,4.79,5.28,5.28,4.67,2442178.0,10.0,14.29,19.73,1.0,1.93,10.51,14.21,4.95,-27.27,0.0,True,False,0.0,72.0,普通观察,True,当日涨停附近；收在日内高位；放量仍可控；近5日趋势升温；站上20日线且不过热；v2低分涨停修正,-,保留在样本池，继续看次日人气和承接。,v2,震荡,49.6,-0.65,1.6,0,2026-04-23,common_index_cache,-0.32,-0.88,-0.87,0.93,1.67,2.59,10.65,18.13
2026-04-23,601869,长飞光纤,61,6941.0,10jqka,post_close,2026-04-23 15:00:00,2026-04-10,9,2,30.0,-31.0,ok,2026-04-23,411.2,385.02,422.88,381.5,213286.0,-6.55,0.01,4.48,0.085,1.18,-0.23,2.0,9.39,-8.95,0.282,False,False,0.0,4.0,不推送,False,温和放量；站上20日线且不过热；连续上榜确认,当日转弱；收盘承接偏弱；人气排名明显回落,不主动推送。,v2,震荡,49.6,-0.65,1.6,0,2026-04-23,common_index_cache,-0.32,-0.88,-0.87,0.93,1.67,2.59,-5.9,2.88
2026-04-23,600989,宝丰能源,62,6878.0,10jqka,post_close,2026-04-23 15:00:00,2026-04-23,1,1,,,ok,2026-04-23,27.78,28.36,28.66,27.28,1316850.0,2.24,3.65,2.24,0.783,1.53,2.42,0.09,-1.17,-22.28,0.217,False,False,0.0,24.0,不推送,False,收盘承接较强；温和放量,-,不主动推送。,v2,震荡,49.6,-0.65,1.6,0,2026-04-23,common_index_cache,-0.32,-0.88,-0.87,0.93,1.67,2.59,2.89,0.64
2026-04-23,601179,中国西电,63,6870.0,10jqka,post_close,2026-04-23 15:00:00,2026-04-10,8,7,81.0,18.0,ok,2026-04-23,17.96,18.02,18.51,17.37,2774818.0,0.39,-1.1,3.33,0.57,1.08,0.93,4.46,9.77,-12.74,0.43,False,False,0.0,30.0,不推送,False,温和放量；站上20日线且不过热；持续霸榜；人气排名明显上升,热度可能进入后段,不主动推送。,v2,震荡,49.6,-0.65,1.6,0,2026-04-23,common_index_cache,-0.32,-0.88,-0.87,0.93,1.67,2.59,1.04,1.73
2026-04-23,002149,西部材料,64,6865.0,10jqka,post_close,2026-04-23 15:00:00,2026-04-14,7,5,66.0,2.0,ok,2026-04-23,63.98,64.33,66.91,61.81,1002818.0,0.36,6.72,19.93,0.494,1.08,5.51,16.28,23.64,-3.86,0.506,False,False,0.0,32.0,不推送,False,温和放量；近5日趋势升温；站上20日线且不过热；持续霸榜,热度可能进入后段；上影线偏长,不主动推送。,v2,震荡,49.6,-0.65,1.6,0,2026-04-23,common_index_cache,-0.32,-0.88,-0.87,0.93,1.67,2.59,1.01,18.33
2026-04-23,600930,华电新能,65,6851.0,10jqka,post_close,2026-04-23 15:00:00,2026-04-23,1,1,,,ok,2026-04-23,6.1,6.39,6.49,6.07,4233464.0,5.27,5.97,5.97,0.762,3.24,4.34,5.06,2.97,-18.91,0.238,False,False,0.0,38.0,不推送,False,当日上涨；收盘承接较强；近5日趋势升温；站上20日线且不过热,-,不主动推送。,v2,震荡,49.6,-0.65,1.6,0,2026-04-23,common_index_cache,-0.32,-0.88,-0.87,0.93,1.67,2.59,5.92,4.37
2026-04-23,000533,顺钠股份,66,6816.0,10jqka,post_close,2026-04-23 15:00:00,2026-04-15,6,4,51.0,-15.0,ok,2026-04-23,14.75,14.45,15.17,14.45,950438.0,-9.97,-9.57,-7.9,0.0,0.76,-7.28,-6.17,-3.49,-33.84,0.583,False,False,0.0,0.0,不推送,False,连续上榜确认,当日转弱；收盘承接偏弱；近5日趋势未确认,不主动推送。,v2,震荡,49.6,-0.65,1.6,0,2026-04-23,common_index_cache,-0.32,-0.88,-0.87,0.93,1.67,2.59,-9.32,-9.5
2026-04-23,002202,金风科技,67,6776.0,10jqka,post_close,2026-04-23 15:00:00,2026-04-10,10,10,73.0,6.0,ok,2026-04-23,26.45,25.7,26.49,25.44,1585717.0,-2.02,-3.35,2.84,0.248,0.83,-1.18,1.36,1.3,-22.82,0.038,False,False,0.0,4.0,不推送,False,温和放量；站上20日线且不过热；持续霸榜,当日转弱；收盘承接偏弱；热度可能进入后段,不主动推送。,v2,震荡,49.6,-0.65,1.6,0,2026-04-23,common_index_cache,-0.32,-0.88,-0.87,0.93,1.67,2.59,-1.37,1.24
2026-04-23,000537,绿发电力,68,6766.0,10jqka,post_close,2026-04-23 15:00:00,2026-04-23,1,1,,,ok,2026-04-23,10.89,11.65,11.65,10.85,1415796.0,10.01,13.88,15.69,1.0,2.65,10.05,13.4,13.0,-15.33,0.0,True,False,0.0,64.0,普通观察,True,当日涨停附近；收在日内高位；近5日趋势升温；站上20日线且不过热；v2低分涨停修正,-,保留在样本池，继续看次日人气和承接。,v2,震荡,49.6,-0.65,1.6,0,2026-04-23,common_index_cache,-0.32,-0.88,-0.87,0.93,1.67,2.59,10.66,14.09
2026-04-23,600410,华胜天成,69,6674.0,10jqka,post_close,2026-04-23 15:00:00,2026-04-10,10,10,63.0,-6.0,ok,2026-04-23,28.43,27.52,28.94,27.41,1461953.0,-4.21,-5.07,-1.68,0.072,0.73,-3.15,-1.04,2.8,-19.79,0.333,False,False,0.0,0.0,不推送,False,站上20日线且不过热；持续霸榜,当日转弱；收盘承接偏弱；近5日趋势未确认；热度可能进入后段,不主动推送。,v2,震荡,49.6,-0.65,1.6,0,2026-04-23,common_index_cache,-0.32,-0.88,-0.87,0.93,1.67,2.59,-3.56,-3.28
2026-04-23,002418,康盛股份,70,6560.0,10jqka,post_close,2026-04-23 15:00:00,2026-04-10,9,5,32.0,-38.0,ok,2026-04-23,6.91,6.51,7.12,6.44,3870956.0,-3.41,-4.41,15.63,0.103,1.46,0.53,5.75,19.29,-8.57,0.309,False,False,0.0,12.0,不推送,False,温和放量；近5日趋势升温；站上20日线且不过热；持续霸榜,当日转弱；收盘承接偏弱；热度可能进入后段；人气排名明显回落,不主动推送。,v2,震荡,49.6,-0.65,1.6,0,2026-04-23,common_index_cache,-0.32,-0.88,-0.87,0.93,1.67,2.59,-2.76,14.03
2026-04-23,000938,紫光股份,71,6158.0,10jqka,post_close,2026-04-23 15:00:00,2026-04-14,3,2,34.0,-37.0,ok,2026-04-23,30.52,31.2,31.81,30.1,3196701.0,4.28,9.82,11.07,0.643,1.98,7.71,10.01,16.08,-1.92,0.357,False,False,0.0,40.0,不推送,False,当日上涨；放量仍可控；近5日趋势升温；站上20日线且不过热；连续上榜确认,人气排名明显回落,不主动推送。,v2,震荡,49.6,-0.65,1.6,0,2026-04-23,common_index_cache,-0.32,-0.88,-0.87,0.93,1.67,2.59,4.93,9.47
2026-04-23,000815,美利云,72,6145.0,10jqka,post_close,2026-04-23 15:00:00,2026-04-13,8,1,81.0,9.0,ok,2026-04-23,20.86,20.37,21.7,20.25,1065380.0,-3.55,-7.2,-8.28,0.083,0.81,-3.85,-2.4,0.06,-11.82,0.579,False,False,0.0,0.0,不推送,False,温和放量；站上20日线且不过热,当日转弱；收盘承接偏弱；近5日趋势未确认,不主动推送。,v2,震荡,49.6,-0.65,1.6,0,2026-04-23,common_index_cache,-0.32,-0.88,-0.87,0.93,1.67,2.59,-2.9,-9.88
2026-04-23,600666,奥瑞德,73,5985.0,10jqka,post_close,2026-04-23 15:00:00,2026-04-10,10,10,77.0,4.0,ok,2026-04-23,6.77,6.56,6.78,6.4,4213546.0,-3.81,-8.38,-4.23,0.421,0.67,-4.57,-1.58,2.91,-13.34,0.026,False,False,0.0,0.0,不推送,False,站上20日线且不过热；持续霸榜,当日转弱；收盘承接偏弱；近5日趋势未确认；热度可能进入后段,不主动推送。,v2,震荡,49.6,-0.65,1.6,0,2026-04-23,common_index_cache,-0.32,-0.88,-0.87,0.93,1.67,2.59,-3.16,-5.83
2026-04-23,300015,爱尔眼科,74,5939.0,10jqka,post_close,2026-04-23 15:00:00,2026-04-23,1,1,,,ok,2026-04-23,9.84,10.41,10.61,9.79,1941470.0,5.58,7.65,8.66,0.756,2.93,6.03,7.16,7.98,-10.57,0.244,False,False,0.0,38.0,不推送,False,当日上涨；收盘承接较强；近5日趋势升温；站上20日线且不过热,-,不主动推送。,v2,震荡,49.6,-0.65,1.6,0,2026-04-23,common_index_cache,-0.32,-0.88,-0.87,0.93,1.67,2.59,6.23,7.06
2026-04-23,002594,比亚迪,75,5933.0,10jqka,post_close,2026-04-23 15:00:00,2026-04-10,8,1,67.0,-8.0,ok,2026-04-23,101.57,99.98,101.59,99.01,492164.0,-1.61,-2.85,-5.27,0.376,1.1,-1.95,-2.76,-2.43,-10.59,0.008,False,False,0.0,0.0,不推送,False,温和放量,当日转弱；收盘承接偏弱；近5日趋势未确认,不主动推送。,v2,震荡,49.6,-0.65,1.6,0,2026-04-23,common_index_cache,-0.32,-0.88,-0.87,0.93,1.67,2.59,-0.96,-6.87
2026-04-23,601512,中新集团,76,5833.0,10jqka,post_close,2026-04-23 15:00:00,2026-04-23,1,1,,,ok,2026-04-23,10.5,11.35,11.35,10.5,382169.0,9.98,27.96,27.53,1.0,3.17,16.27,22.0,25.84,0.0,0.0,True,False,0.0,57.0,不推送,False,当日涨停附近；收在日内高位；近5日强势延续；站上20日线且不过热；v2低分涨停修正,短线涨幅偏高,不主动推送。,v2,震荡,49.6,-0.65,1.6,0,2026-04-23,common_index_cache,-0.32,-0.88,-0.87,0.93,1.67,2.59,10.63,25.93
2026-04-23,603906,龙蟠科技,77,5833.0,10jqka,post_close,2026-04-23 15:00:00,2026-04-16,5,2,36.0,-41.0,ok,2026-04-23,28.62,30.45,31.4,27.95,1055290.0,6.39,11.5,21.56,0.725,1.28,10.02,19.69,28.48,-3.03,0.275,False,False,0.0,36.0,不推送,False,当日上涨；温和放量；近5日趋势升温；连续上榜确认,偏离20日线较大；人气排名明显回落,不主动推送。,v2,震荡,49.6,-0.65,1.6,0,2026-04-23,common_index_cache,-0.32,-0.88,-0.87,0.93,1.67,2.59,7.04,19.96
2026-04-23,002455,百川股份,78,5770.0,10jqka,post_close,2026-04-23 15:00:00,2026-04-23,1,1,,,ok,2026-04-23,12.27,11.19,12.27,11.15,2196925.0,0.36,-2.36,-6.36,0.036,3.92,-0.75,-4.38,-11.79,-34.75,0.0,False,False,0.0,0.0,不推送,False,-,收盘承接偏弱；放量过猛；近5日趋势未确认；仍在20日线下方,不主动推送。,v2,震荡,49.6,-0.65,1.6,0,2026-04-23,common_index_cache,-0.32,-0.88,-0.87,0.93,1.67,2.59,1.01,-7.96
2026-04-23,300613,富瀚微,79,5721.0,10jqka,post_close,2026-04-23 15:00:00,2026-04-23,1,1,,,ok,2026-04-23,45.9,46.73,47.0,45.6,72777.0,1.9,4.92,5.82,0.807,1.81,3.57,4.76,9.33,-13.72,0.193,False,False,0.0,38.0,不推送,False,收盘承接较强；放量仍可控；近5日趋势升温；站上20日线且不过热,-,不主动推送。,v2,震荡,49.6,-0.65,1.6,0,2026-04-23,common_index_cache,-0.32,-0.88,-0.87,0.93,1.67,2.59,2.55,4.22
2026-04-23,002217,合力泰,80,5687.0,10jqka,post_close,2026-04-23 15:00:00,2026-04-17,5,5,29.0,-51.0,ok,2026-04-23,2.9,2.77,2.97,2.72,7342358.0,-5.46,-6.1,13.52,0.2,1.15,-3.21,3.78,10.07,-13.44,0.28,False,False,0.0,12.0,不推送,False,温和放量；近5日趋势升温；站上20日线且不过热；持续霸榜,当日转弱；收盘承接偏弱；热度可能进入后段；人气排名明显回落,不主动推送。,v2,震荡,49.6,-0.65,1.6,0,2026-04-23,common_index_cache,-0.32,-0.88,-0.87,0.93,1.67,2.59,-4.81,11.92
2026-04-23,600330,天通股份,81,5677.0,10jqka,post_close,2026-04-23 15:00:00,2026-04-10,6,5,28.0,-53.0,ok,2026-04-23,26.98,25.6,27.53,25.51,2901803.0,-1.04,7.11,29.62,0.045,1.84,6.12,16.68,31.86,-7.01,0.272,False,False,0.0,0.0,不推送,False,放量仍可控；近5日强势延续；持续霸榜,当日转弱；收盘承接偏弱；短线涨幅偏高；偏离20日线较大；热度可能进入后段；人气排名明显回落,不主动推送。,v2,震荡,49.6,-0.65,1.6,0,2026-04-23,common_index_cache,-0.32,-0.88,-0.87,0.93,1.67,2.59,-0.39,28.02
2026-04-23,600699,均胜电子,82,5533.0,10jqka,post_close,2026-04-23 15:00:00,2026-04-21,2,1,16.0,-66.0,ok,2026-04-23,28.92,29.51,30.1,28.62,1079098.0,1.13,13.07,13.59,0.601,1.58,5.39,9.49,12.96,-7.06,0.399,False,False,0.0,30.0,不推送,False,温和放量；近5日趋势升温；站上20日线且不过热,人气排名明显回落,不主动推送。,v2,震荡,49.6,-0.65,1.6,0,2026-04-23,common_index_cache,-0.32,-0.88,-0.87,0.93,1.67,2.59,1.78,11.99
2026-04-23,000988,华工科技,83,5490.0,10jqka,post_close,2026-04-23 15:00:00,2026-04-10,10,10,49.0,-34.0,ok,2026-04-23,121.93,117.65,123.5,116.0,1006280.0,-2.73,2.32,4.75,0.22,1.13,0.29,0.31,5.22,-16.8,0.209,False,False,0.0,0.0,不推送,False,温和放量；站上20日线且不过热；持续霸榜,当日转弱；收盘承接偏弱；热度可能进入后段；人气排名明显回落,不主动推送。,v2,震荡,49.6,-0.65,1.6,0,2026-04-23,common_index_cache,-0.32,-0.88,-0.87,0.93,1.67,2.59,-2.08,3.15
2026-04-23,600744,华银电力,84,5467.0,10jqka,post_close,2026-04-23 15:00:00,2026-04-23,1,1,,,ok,2026-04-23,8.25,8.47,8.74,8.0,2518314.0,4.7,4.83,13.08,0.635,1.56,4.83,9.39,10.12,-13.31,0.365,False,False,0.0,42.0,不推送,False,当日上涨；温和放量；近5日趋势升温；站上20日线且不过热,-,不主动推送。,v2,震荡,49.6,-0.65,1.6,0,2026-04-23,common_index_cache,-0.32,-0.88,-0.87,0.93,1.67,2.59,5.35,11.48
2026-04-23,600519,贵州茅台,85,5464.0,10jqka,post_close,2026-04-23 15:00:00,2026-04-10,3,1,58.0,-27.0,ok,2026-04-23,1408.0,1419.0,1419.7,1405.1,37701.0,0.67,0.57,-3.0,0.952,0.91,0.52,-1.0,-1.34,-9.5,0.048,False,False,0.0,22.0,不推送,False,收在日内高位；温和放量,近5日趋势未确认；人气排名明显回落,不主动推送。,v2,震荡,49.6,-0.65,1.6,0,2026-04-23,common_index_cache,-0.32,-0.88,-0.87,0.93,1.67,2.59,1.32,-4.6
2026-04-23,002131,利欧股份,86,5454.0,10jqka,post_close,2026-04-23 15:00:00,2026-04-10,10,10,93.0,7.0,ok,2026-04-23,7.99,7.86,8.13,7.85,3978290.0,-1.5,-5.42,-2.36,0.036,0.76,-2.04,-1.93,0.5,-23.84,0.5,False,False,0.0,0.0,不推送,False,站上20日线且不过热；持续霸榜,当日转弱；收盘承接偏弱；近5日趋势未确认；热度可能进入后段,不主动推送。,v2,震荡,49.6,-0.65,1.6,0,2026-04-23,common_index_cache,-0.32,-0.88,-0.87,0.93,1.67,2.59,-0.85,-3.96
2026-04-23,000751,锌业股份,87,5406.0,10jqka,post_close,2026-04-23 15:00:00,2026-04-22,2,2,99.0,12.0,ok,2026-04-23,6.4,6.74,6.84,6.2,3192783.0,6.48,14.43,22.99,0.844,2.71,10.56,17.61,22.2,-13.81,0.156,False,False,0.0,50.0,不推送,False,当日上涨；收盘承接较强；近5日趋势升温；站上20日线且不过热；连续上榜确认；人气排名明显上升,-,不主动推送。,v2,震荡,49.6,-0.65,1.6,0,2026-04-23,common_index_cache,-0.32,-0.88,-0.87,0.93,1.67,2.59,7.13,21.39
2026-04-23,002413,雷科防务,88,5210.0,10jqka,post_close,2026-04-23 15:00:00,2026-04-20,3,2,69.0,-19.0,ok,2026-04-23,14.61,14.1,14.8,14.05,2026441.0,-5.69,0.14,3.75,0.067,1.19,-0.41,2.51,4.76,-19.43,0.253,False,False,0.0,8.0,不推送,False,温和放量；站上20日线且不过热；连续上榜确认,当日转弱；收盘承接偏弱,不主动推送。,v2,震荡,49.6,-0.65,1.6,0,2026-04-23,common_index_cache,-0.32,-0.88,-0.87,0.93,1.67,2.59,-5.04,2.15
2026-04-23,300750,宁德时代,89,5203.0,10jqka,post_close,2026-04-23 15:00:00,2026-04-10,10,10,62.0,-27.0,ok,2026-04-23,443.5,438.9,443.6,435.0,354310.0,0.58,3.13,-1.83,0.453,0.69,0.72,1.99,6.7,-3.13,0.012,False,False,0.0,4.0,不推送,False,站上20日线且不过热；持续霸榜,近5日趋势未确认；热度可能进入后段；人气排名明显回落,不主动推送。,v2,震荡,49.6,-0.65,1.6,0,2026-04-23,common_index_cache,-0.32,-0.88,-0.87,0.93,1.67,2.59,1.23,-3.43
2026-04-23,603601,再升科技,90,5202.0,10jqka,post_close,2026-04-23 15:00:00,2026-04-13,8,7,27.0,-63.0,ok,2026-04-23,15.05,15.15,15.95,14.8,2193242.0,-4.24,-2.7,0.8,0.304,0.86,-2.35,2.26,4.71,-9.01,0.696,False,False,0.0,0.0,不推送,False,温和放量；站上20日线且不过热；持续霸榜,当日转弱；收盘承接偏弱；热度可能进入后段；人气排名明显回落,不主动推送。,v2,震荡,49.6,-0.65,1.6,0,2026-04-23,common_index_cache,-0.32,-0.88,-0.87,0.93,1.67,2.59,-3.59,-0.8
2026-04-23,600875,东方电气,91,5160.0,10jqka,post_close,2026-04-23 15:00:00,2026-04-10,3,1,52.0,-39.0,ok,2026-04-23,43.98,43.82,45.25,42.61,1402000.0,3.81,3.08,4.23,0.458,1.35,3.22,6.7,12.61,-3.44,0.481,False,False,0.0,20.0,不推送,False,当日上涨；温和放量；站上20日线且不过热,人气排名明显回落；上影线偏长,不主动推送。,v2,震荡,49.6,-0.65,1.6,0,2026-04-23,common_index_cache,-0.32,-0.88,-0.87,0.93,1.67,2.59,4.46,2.63
2026-04-23,003018,金富科技,92,5156.0,10jqka,post_close,2026-04-23 15:00:00,2026-04-21,3,3,65.0,-27.0,ok,2026-04-23,55.0,54.77,57.42,52.02,266435.0,4.92,26.96,53.63,0.509,1.67,15.66,32.58,54.43,-4.62,0.448,False,False,0.0,6.0,不推送,False,当日上涨；温和放量；连续上榜确认,短线涨幅过热；远离20日线过多；人气排名明显回落,不主动推送。,v2,震荡,49.6,-0.65,1.6,0,2026-04-23,common_index_cache,-0.32,-0.88,-0.87,0.93,1.67,2.59,5.57,52.03
2026-04-23,600032,浙江新能,93,5130.0,10jqka,post_close,2026-04-23 15:00:00,2026-04-21,2,1,41.0,-52.0,ok,2026-04-23,11.28,12.04,12.4,10.75,1603621.0,6.08,21.99,22.36,0.782,1.64,11.75,18.2,19.15,-14.61,0.218,False,False,0.0,48.0,不推送,False,当日上涨；收盘承接较强；温和放量；近5日趋势升温；站上20日线且不过热,人气排名明显回落,不主动推送。,v2,震荡,49.6,-0.65,1.6,0,2026-04-23,common_index_cache,-0.32,-0.88,-0.87,0.93,1.67,2.59,6.73,20.76
2026-04-23,002491,通鼎互联,94,5129.0,10jqka,post_close,2026-04-23 15:00:00,2026-04-10,9,7,100.0,6.0,ok,2026-04-23,17.01,16.83,18.2,16.83,2032096.0,-2.26,1.14,7.75,0.0,0.97,1.91,7.27,18.31,-7.53,0.869,False,False,0.0,16.0,不推送,False,温和放量；近5日趋势升温；站上20日线且不过热；持续霸榜,当日转弱；收盘承接偏弱；热度可能进入后段,不主动推送。,v2,震荡,49.6,-0.65,1.6,0,2026-04-23,common_index_cache,-0.32,-0.88,-0.87,0.93,1.67,2.59,-1.61,6.15
2026-04-23,002490,山东墨龙,95,5075.0,10jqka,post_close,2026-04-23 15:00:00,2026-04-23,1,1,,,ok,2026-04-23,8.99,9.77,9.77,8.83,856564.0,10.02,10.02,11.02,1.0,2.14,7.91,7.2,4.0,-32.71,0.0,True,False,0.0,66.0,普通观察,True,当日涨停附近；收在日内高位；放量仍可控；近5日趋势升温；站上20日线且不过热,-,保留在样本池，继续看次日人气和承接。,v2,震荡,49.6,-0.65,1.6,0,2026-04-23,common_index_cache,-0.32,-0.88,-0.87,0.93,1.67,2.59,10.67,9.42
2026-04-23,002560,通达股份,96,5066.0,10jqka,post_close,2026-04-23 15:00:00,2026-04-10,9,1,37.0,-59.0,ok,2026-04-23,13.63,14.27,14.64,13.63,1230631.0,3.11,-6.55,2.59,0.634,0.9,-0.13,1.17,10.4,-13.41,0.366,False,False,0.0,26.0,不推送,False,当日上涨；温和放量；站上20日线且不过热,人气排名明显回落,不主动推送。,v2,震荡,49.6,-0.65,1.6,0,2026-04-23,common_index_cache,-0.32,-0.88,-0.87,0.93,1.67,2.59,3.76,0.99
2026-04-23,603444,吉比特,97,5049.0,10jqka,post_close,2026-04-23 15:00:00,2026-04-23,1,1,,,ok,2026-04-23,388.0,387.7,392.98,382.56,24934.0,0.31,-0.18,0.33,0.493,0.94,0.46,2.3,4.26,-20.88,0.478,False,False,0.0,16.0,不推送,False,温和放量；站上20日线且不过热,上影线偏长,不主动推送。,v2,震荡,49.6,-0.65,1.6,0,2026-04-23,common_index_cache,-0.32,-0.88,-0.87,0.93,1.67,2.59,0.96,-1.27
2026-04-23,603017,中衡设计,98,4985.0,10jqka,post_close,2026-04-23 15:00:00,2026-04-21,2,1,50.0,-48.0,ok,2026-04-23,14.53,16.46,16.46,14.53,406713.0,10.03,15.83,28.39,1.0,1.71,10.95,17.27,13.35,-8.3,0.0,True,False,0.0,67.0,普通观察,True,当日涨停附近；收在日内高位；温和放量；近5日强势延续；站上20日线且不过热；v2低分涨停修正,短线涨幅偏高；人气排名明显回落,保留在样本池，继续看次日人气和承接。,v2,震荡,49.6,-0.65,1.6,0,2026-04-23,common_index_cache,-0.32,-0.88,-0.87,0.93,1.67,2.59,10.68,26.79
2026-04-23,300394,天孚通信,99,4947.0,10jqka,post_close,2026-04-23 15:00:00,2026-04-15,5,3,82.0,-17.0,ok,2026-04-23,375.6,350.09,378.0,343.5,557550.0,-6.74,-6.52,-1.54,0.191,1.15,-4.47,-2.05,2.57,-9.99,0.07,False,False,0.0,4.0,不推送,False,温和放量；站上20日线且不过热；连续上榜确认,当日转弱；收盘承接偏弱；近5日趋势未确认,不主动推送。,v2,震荡,49.6,-0.65,1.6,0,2026-04-23,common_index_cache,-0.32,-0.88,-0.87,0.93,1.67,2.59,-6.09,-3.14
2026-04-23,000547,航天发展,100,4934.0,10jqka,post_close,2026-04-23 15:00:00,2026-04-14,6,1,92.0,-8.0,ok,2026-04-23,27.0,26.22,27.14,26.2,1437731.0,-3.6,-8.8,-4.31,0.021,0.64,-4.42,-3.71,-3.94,-24.31,0.149,False,False,0.0,0.0,不推送,False,-,当日转弱；收盘承接偏弱；近5日趋势未确认,不主动推送。,v2,震荡,49.6,-0.65,1.6,0,2026-04-23,common_index_cache,-0.32,-0.88,-0.87,0.93,1.67,2.59,-2.95,-5.91
2026-04-24,688808,联讯仪器,1,27628.0,10jqka,post_close,2026-04-24 15:00:00,2026-04-24,1,1,,,ok,2026-04-24,736.92,799.0,859.88,688.99,15178530.0,,,,0.644,,0.0,0.0,0.0,-7.08,0.356,False,False,0.0,38.0,不推送,False,人气Top3；站上20日线且不过热,-,不主动推送。,v2,震荡,45.18,-0.73,0.34,0,2026-04-24,common_index_cache,-0.33,-0.69,-1.41,0.7,0.37,-0.29,,
2026-04-24,300502,新易盛,2,22949.0,10jqka,post_close,2026-04-24 15:00:00,2026-04-10,9,3,14.0,12.0,ok,2026-04-24,552.76,537.27,566.66,528.01,913871.0,-11.67,-7.13,-8.78,0.24,2.43,-8.31,-3.82,4.62,-14.42,0.36,False,False,0.0,32.0,不推送,False,人气Top3；放量仍可控；站上20日线且不过热；连续上榜确认；人气排名明显上升,当日转弱；收盘承接偏弱；近5日趋势未确认,不主动推送。,v2,震荡,45.18,-0.73,0.34,0,2026-04-24,common_index_cache,-0.33,-0.69,-1.41,0.7,0.37,-0.29,-10.94,-9.12
2026-04-24,002361,神剑股份,3,22415.0,10jqka,post_close,2026-04-24 15:00:00,2026-04-10,11,11,3.0,0.0,ok,2026-04-24,22.77,21.46,23.39,21.2,3219717.0,-6.66,-5.42,14.45,0.119,0.95,-3.7,6.49,18.69,-10.4,0.283,False,False,0.0,46.0,不推送,False,人气Top3；温和放量；近5日趋势升温；站上20日线且不过热；持续霸榜,当日转弱；收盘承接偏弱；热度可能进入后段,不主动推送。,v2,震荡,45.18,-0.73,0.34,0,2026-04-24,common_index_cache,-0.33,-0.69,-1.41,0.7,0.37,-0.29,-5.93,14.11
2026-04-24,600396,华电辽能,4,19353.0,10jqka,post_close,2026-04-24 15:00:00,2026-04-10,11,11,1.0,-3.0,ok,2026-04-24,9.65,9.2,10.8,9.11,4355970.0,-6.41,13.16,28.85,0.053,1.49,5.77,13.16,16.71,-14.81,0.68,False,False,0.0,33.0,不推送,False,人气Top10；温和放量；近5日强势延续；站上20日线且不过热；持续霸榜,当日转弱；收盘承接偏弱；短线涨幅偏高；热度可能进入后段,不主动推送。,v2,震荡,45.18,-0.73,0.34,0,2026-04-24,common_index_cache,-0.33,-0.69,-1.41,0.7,0.37,-0.29,-5.68,28.51
2026-04-24,002565,顺灏股份,5,18356.0,10jqka,post_close,2026-04-24 15:00:00,2026-04-14,9,9,6.0,1.0,ok,2026-04-24,19.55,19.8,20.9,17.9,3190900.0,0.2,-11.29,4.65,0.633,1.23,-4.92,3.01,11.5,-13.88,0.367,False,False,0.0,50.0,不推送,False,人气Top10；温和放量；站上20日线且不过热；持续霸榜,热度可能进入后段,不主动推送。,v2,震荡,45.18,-0.73,0.34,0,2026-04-24,common_index_cache,-0.33,-0.69,-1.41,0.7,0.37,-0.29,0.93,4.31
2026-04-24,601778,晶科科技,6,17829.0,10jqka,post_close,2026-04-24 15:00:00,2026-04-14,9,9,2.0,-4.0,ok,2026-04-24,7.54,7.17,7.88,7.14,10166424.0,-0.28,12.91,3.76,0.041,1.22,6.19,10.49,24.57,-9.01,0.459,False,False,0.0,28.0,不推送,False,人气Top10；温和放量；站上20日线且不过热；持续霸榜,当日转弱；收盘承接偏弱；热度可能进入后段,不主动推送。,v2,震荡,45.18,-0.73,0.34,0,2026-04-24,common_index_cache,-0.33,-0.69,-1.41,0.7,0.37,-0.29,0.45,3.42
2026-04-24,002407,多氟多,7,16436.0,10jqka,post_close,2026-04-24 15:00:00,2026-04-14,3,1,32.0,25.0,ok,2026-04-24,30.54,33.04,33.04,30.15,1992115.0,9.99,3.41,10.1,1.0,1.91,5.18,7.71,12.74,0.0,0.0,True,False,0.0,104.0,强推观察,True,人气Top10；当日涨停附近；收在日内高位；放量仍可控；近5日趋势升温；站上20日线且不过热；人气排名明显上升；v2强势延续修正,-,高风险情绪股：不追一字，优先看分歧承接，跌破5日线或人气退潮就跑。,v2,震荡,45.18,-0.73,0.34,0,2026-04-24,common_index_cache,-0.33,-0.69,-1.41,0.7,0.37,-0.29,10.72,9.76
2026-04-24,600522,中天科技,8,15990.0,10jqka,post_close,2026-04-24 15:00:00,2026-04-10,7,6,53.0,45.0,ok,2026-04-24,34.0,33.21,34.5,32.58,2099211.0,-2.52,2.37,18.02,0.328,0.77,0.34,8.43,10.02,-5.22,0.26,False,False,0.0,30.0,不推送,False,人气Top10；近5日趋势升温；站上20日线且不过热；持续霸榜；人气排名明显上升,当日转弱；收盘承接偏弱；热度可能进入后段,不主动推送。,v2,震荡,45.18,-0.73,0.34,0,2026-04-24,common_index_cache,-0.33,-0.69,-1.41,0.7,0.37,-0.29,-1.79,17.68
2026-04-24,002342,巨力索具,9,15889.0,10jqka,post_close,2026-04-24 15:00:00,2026-04-10,11,11,30.0,21.0,ok,2026-04-24,18.78,19.05,20.21,18.11,2588408.0,0.47,-11.06,-0.05,0.448,1.01,-3.84,1.11,16.43,-11.06,0.552,False,False,0.0,32.0,不推送,False,人气Top10；温和放量；站上20日线且不过热；持续霸榜；人气排名明显上升,收盘承接偏弱；近5日趋势未确认；热度可能进入后段；上影线偏长,不主动推送。,v2,震荡,45.18,-0.73,0.34,0,2026-04-24,common_index_cache,-0.33,-0.69,-1.41,0.7,0.37,-0.29,1.2,-0.39
2026-04-24,600487,亨通光电,10,15526.0,10jqka,post_close,2026-04-24 15:00:00,2026-04-10,11,11,8.0,-2.0,ok,2026-04-24,68.0,69.54,71.3,66.55,2212030.0,0.03,16.29,24.96,0.629,1.01,6.81,17.35,21.55,-2.47,0.371,False,False,0.0,62.0,普通观察,True,人气Top10；温和放量；近5日趋势升温；站上20日线且不过热；持续霸榜,热度可能进入后段,保留在样本池，继续看次日人气和承接。,v2,震荡,45.18,-0.73,0.34,0,2026-04-24,common_index_cache,-0.33,-0.69,-1.41,0.7,0.37,-0.29,0.76,24.62
2026-04-24,002081,金螳螂,11,14970.0,10jqka,post_close,2026-04-24 15:00:00,2026-04-20,5,5,5.0,-6.0,ok,2026-04-24,5.45,4.89,5.46,4.89,4835213.0,-9.94,8.91,31.81,0.0,3.11,2.6,19.3,31.29,-10.44,0.018,False,False,0.0,1.0,不推送,False,人气Top20；近5日强势延续；持续霸榜,当日转弱；收盘承接偏弱；短线涨幅偏高；偏离20日线较大；热度可能进入后段,不主动推送。,v2,震荡,45.18,-0.73,0.34,0,2026-04-24,common_index_cache,-0.33,-0.69,-1.41,0.7,0.37,-0.29,-9.21,31.47
2026-04-24,002580,圣阳股份,12,14019.0,10jqka,post_close,2026-04-24 15:00:00,2026-04-10,11,11,4.0,-8.0,ok,2026-04-24,26.7,27.7,28.34,25.86,1456544.0,2.71,-6.73,-9.42,0.742,1.26,-3.89,1.99,25.82,-17.66,0.258,False,False,0.0,38.0,不推送,False,人气Top20；温和放量；站上20日线且不过热；持续霸榜,近5日趋势未确认；热度可能进入后段,不主动推送。,v2,震荡,45.18,-0.73,0.34,0,2026-04-24,common_index_cache,-0.33,-0.69,-1.41,0.7,0.37,-0.29,3.44,-9.76
2026-04-24,600736,苏州高新,13,13298.0,10jqka,post_close,2026-04-24 15:00:00,2026-04-21,4,4,33.0,20.0,ok,2026-04-24,9.2,8.5,9.21,8.5,3224062.0,1.55,22.83,35.14,0.0,6.64,12.76,23.96,31.9,-7.71,0.014,False,False,0.0,7.0,不推送,False,人气Top20；近5日强势延续；连续上榜确认；人气排名明显上升,收盘承接偏弱；放量过猛；短线涨幅偏高；偏离20日线较大,不主动推送。,v2,震荡,45.18,-0.73,0.34,0,2026-04-24,common_index_cache,-0.33,-0.69,-1.41,0.7,0.37,-0.29,2.28,34.8
2026-04-24,002466,天齐锂业,14,12730.0,10jqka,post_close,2026-04-24 15:00:00,2026-04-13,4,1,29.0,15.0,ok,2026-04-24,67.9,73.7,74.77,67.6,1351006.0,8.43,4.23,10.58,0.851,1.5,5.31,9.95,18.84,-1.43,0.149,False,False,0.0,80.0,重点观察,True,人气Top20；当日强涨；收盘承接较强；温和放量；近5日趋势升温；站上20日线且不过热；人气排名明显上升,-,只做观察或轻仓试错，等待回落承接和量能不失控。,v2,震荡,45.18,-0.73,0.34,0,2026-04-24,common_index_cache,-0.33,-0.69,-1.41,0.7,0.37,-0.29,9.16,10.24
2026-04-24,603993,洛阳钼业,15,12535.0,10jqka,post_close,2026-04-24 15:00:00,2026-04-15,2,1,81.0,66.0,ok,2026-04-24,19.08,19.37,19.49,18.87,1819807.0,0.05,-3.54,-4.25,0.806,0.93,-2.31,-2.2,2.35,-32.7,0.194,False,False,0.0,48.0,不推送,False,人气Top20；收盘承接较强；温和放量；站上20日线且不过热；人气排名明显上升,近5日趋势未确认,不主动推送。,v2,震荡,45.18,-0.73,0.34,0,2026-04-24,common_index_cache,-0.33,-0.69,-1.41,0.7,0.37,-0.29,0.78,-4.59
2026-04-24,002624,完美世界,16,12213.0,10jqka,post_close,2026-04-24 15:00:00,2026-04-16,3,2,44.0,28.0,ok,2026-04-24,18.16,17.12,18.29,17.12,1278643.0,-9.99,-14.4,-17.29,0.0,1.25,-11.3,-12.74,-11.74,-27.7,0.111,False,False,0.0,8.0,不推送,False,人气Top20；温和放量；连续上榜确认；人气排名明显上升,当日转弱；收盘承接偏弱；近5日趋势未确认；仍在20日线下方,不主动推送。,v2,震荡,45.18,-0.73,0.34,0,2026-04-24,common_index_cache,-0.33,-0.69,-1.41,0.7,0.37,-0.29,-9.26,-17.63
2026-04-24,600726,华电能源,17,11500.0,10jqka,post_close,2026-04-24 15:00:00,2026-04-23,2,2,42.0,25.0,ok,2026-04-24,5.53,5.8,5.8,5.43,4986486.0,10.06,24.73,29.18,1.0,1.9,15.58,19.02,11.95,-18.99,0.0,True,False,0.0,111.0,强推观察,True,人气Top20；当日涨停附近；收在日内高位；放量仍可控；近5日强势延续；站上20日线且不过热；连续上榜确认；人气排名明显上升；v2强势延续修正；v2连榜升温修正；v2低分涨停修正,短线涨幅偏高,高风险情绪股：不追一字，优先看分歧承接，跌破5日线或人气退潮就跑。,v2,震荡,45.18,-0.73,0.34,0,2026-04-24,common_index_cache,-0.33,-0.69,-1.41,0.7,0.37,-0.29,10.79,28.84
2026-04-24,002149,西部材料,18,11446.0,10jqka,post_close,2026-04-24 15:00:00,2026-04-14,8,6,64.0,46.0,ok,2026-04-24,62.67,57.9,63.0,57.9,993395.0,-10.0,-5.59,5.66,0.0,1.04,-5.99,2.39,10.1,-13.47,0.065,False,False,0.0,36.0,不推送,False,人气Top20；温和放量；近5日趋势升温；站上20日线且不过热；持续霸榜；人气排名明显上升,当日转弱；收盘承接偏弱；热度可能进入后段,不主动推送。,v2,震荡,45.18,-0.73,0.34,0,2026-04-24,common_index_cache,-0.33,-0.69,-1.41,0.7,0.37,-0.29,-9.27,5.32
2026-04-24,002297,博云新材,19,11090.0,10jqka,post_close,2026-04-24 15:00:00,2026-04-10,10,7,7.0,-12.0,ok,2026-04-24,21.57,22.3,22.45,21.27,1627388.0,0.27,17.43,26.06,0.873,0.96,7.96,25.96,55.73,-0.67,0.127,False,False,0.0,37.0,不推送,False,人气Top20；收盘承接较强；温和放量；近5日强势延续；持续霸榜,短线涨幅偏高；远离20日线过多；热度可能进入后段,不主动推送。,v2,震荡,45.18,-0.73,0.34,0,2026-04-24,common_index_cache,-0.33,-0.69,-1.41,0.7,0.37,-0.29,1.0,25.72
2026-04-24,000062,深圳华强,20,10265.0,10jqka,post_close,2026-04-24 15:00:00,2026-04-22,2,1,43.0,23.0,ok,2026-04-24,30.71,34.24,34.24,30.35,1121346.0,10.03,15.4,15.44,1.0,1.51,7.78,13.31,20.55,0.0,0.0,True,False,0.0,108.0,强推观察,True,人气Top20；当日涨停附近；收在日内高位；温和放量；近5日趋势升温；站上20日线且不过热；人气排名明显上升；v2强势延续修正；v2低分涨停修正,-,高风险情绪股：不追一字，优先看分歧承接，跌破5日线或人气退潮就跑。,v2,震荡,45.18,-0.73,0.34,0,2026-04-24,common_index_cache,-0.33,-0.69,-1.41,0.7,0.37,-0.29,10.76,15.1
2026-04-24,002709,天赐材料,21,10154.0,10jqka,post_close,2026-04-24 15:00:00,2026-04-10,8,1,92.0,71.0,ok,2026-04-24,49.12,52.74,53.92,48.3,1553982.0,7.39,-0.09,8.76,0.79,1.25,2.85,6.01,11.22,-2.33,0.21,False,False,0.0,72.0,普通观察,True,人气Top50；当日强涨；收盘承接较强；温和放量；近5日趋势升温；站上20日线且不过热；人气排名明显上升,-,保留在样本池，继续看次日人气和承接。,v2,震荡,45.18,-0.73,0.34,0,2026-04-24,common_index_cache,-0.33,-0.69,-1.41,0.7,0.37,-0.29,8.12,8.42
2026-04-24,300308,中际旭创,22,10049.0,10jqka,post_close,2026-04-24 15:00:00,2026-04-10,11,11,10.0,-12.0,ok,2026-04-24,899.25,885.99,914.0,853.53,383884.0,-1.23,2.44,4.23,0.537,1.26,1.04,6.31,21.28,-3.7,0.244,False,False,0.0,24.0,不推送,False,人气Top50；温和放量；站上20日线且不过热；持续霸榜,当日转弱；热度可能进入后段,不主动推送。,v2,震荡,45.18,-0.73,0.34,0,2026-04-24,common_index_cache,-0.33,-0.69,-1.41,0.7,0.37,-0.29,-0.5,3.89
2026-04-24,300058,蓝色光标,23,9920.0,10jqka,post_close,2026-04-24 15:00:00,2026-04-10,11,11,11.0,-12.0,ok,2026-04-24,18.08,17.4,18.37,17.25,6485773.0,-8.42,-7.4,-3.33,0.134,0.95,-7.41,-3.01,6.18,-28.78,0.259,False,False,0.0,8.0,不推送,False,人气Top50；温和放量；站上20日线且不过热；持续霸榜,当日转弱；收盘承接偏弱；近5日趋势未确认；热度可能进入后段,不主动推送。,v2,震荡,45.18,-0.73,0.34,0,2026-04-24,common_index_cache,-0.33,-0.69,-1.41,0.7,0.37,-0.29,-7.69,-3.67
2026-04-24,002261,拓维信息,24,9551.0,10jqka,post_close,2026-04-24 15:00:00,2026-04-15,5,1,37.0,13.0,ok,2026-04-24,37.83,39.48,40.66,36.94,2178066.0,3.3,9.21,4.83,0.683,1.62,3.92,5.67,9.44,-10.39,0.317,False,False,0.0,42.0,不推送,False,人气Top50；当日上涨；温和放量；站上20日线且不过热；人气排名明显上升,-,不主动推送。,v2,震荡,45.18,-0.73,0.34,0,2026-04-24,common_index_cache,-0.33,-0.69,-1.41,0.7,0.37,-0.29,4.03,4.49
2026-04-24,002812,恩捷股份,25,9456.0,10jqka,post_close,2026-04-24 15:00:00,2026-04-14,4,1,6.0,-19.0,ok,2026-04-24,70.5,77.18,77.18,70.1,659558.0,10.01,1.77,7.69,1.0,1.57,4.28,6.98,9.79,-0.77,0.0,True,False,0.0,80.0,重点观察,True,人气Top50；当日涨停附近；收在日内高位；温和放量；近5日趋势升温；站上20日线且不过热,-,只做观察或轻仓试错，等待回落承接和量能不失控。,v2,震荡,45.18,-0.73,0.34,0,2026-04-24,common_index_cache,-0.33,-0.69,-1.41,0.7,0.37,-0.29,10.74,7.35
2026-04-24,601138,工业富联,26,9238.0,10jqka,post_close,2026-04-24 15:00:00,2026-04-10,11,11,26.0,0.0,ok,2026-04-24,66.57,65.01,67.21,63.67,2646640.0,-4.28,5.86,6.63,0.379,1.17,0.72,5.63,13.66,-5.92,0.181,False,False,0.0,24.0,不推送,False,人气Top50；温和放量；近5日趋势升温；站上20日线且不过热；持续霸榜,当日转弱；收盘承接偏弱；热度可能进入后段,不主动推送。,v2,震荡,45.18,-0.73,0.34,0,2026-04-24,common_index_cache,-0.33,-0.69,-1.41,0.7,0.37,-0.29,-3.55,6.29
2026-04-24,002015,协鑫能科,27,8910.0,10jqka,post_close,2026-04-24 15:00:00,2026-04-15,8,8,24.0,-3.0,ok,2026-04-24,20.06,19.51,20.88,19.5,1575818.0,-5.66,3.17,5.29,0.007,0.77,-0.59,3.75,8.89,-15.14,0.594,False,False,0.0,10.0,不推送,False,人气Top50；近5日趋势升温；站上20日线且不过热；持续霸榜,当日转弱；收盘承接偏弱；热度可能进入后段,不主动推送。,v2,震荡,45.18,-0.73,0.34,0,2026-04-24,common_index_cache,-0.33,-0.69,-1.41,0.7,0.37,-0.29,-4.93,4.95
2026-04-24,603906,龙蟠科技,28,8905.0,10jqka,post_close,2026-04-24 15:00:00,2026-04-16,6,3,77.0,49.0,ok,2026-04-24,30.44,32.56,33.25,29.5,911552.0,6.93,25.13,25.28,0.816,0.92,12.31,22.93,34.09,-2.08,0.184,False,False,0.0,63.0,普通观察,True,人气Top50；当日上涨；收盘承接较强；温和放量；近5日强势延续；连续上榜确认；人气排名明显上升；v2连榜升温修正,短线涨幅偏高；偏离20日线较大,保留在样本池，继续看次日人气和承接。,v2,震荡,45.18,-0.73,0.34,0,2026-04-24,common_index_cache,-0.33,-0.69,-1.41,0.7,0.37,-0.29,7.66,24.94
2026-04-24,600105,永鼎股份,29,8678.0,10jqka,post_close,2026-04-24 15:00:00,2026-04-10,11,11,19.0,-10.0,ok,2026-04-24,48.5,49.01,51.0,47.55,1957770.0,1.05,18.41,18.67,0.423,1.2,8.32,16.57,34.39,-3.9,0.577,False,False,0.0,18.0,不推送,False,人气Top50；温和放量；近5日趋势升温；持续霸榜,收盘承接偏弱；偏离20日线较大；热度可能进入后段；上影线偏长,不主动推送。,v2,震荡,45.18,-0.73,0.34,0,2026-04-24,common_index_cache,-0.33,-0.69,-1.41,0.7,0.37,-0.29,1.78,18.33
2026-04-24,600986,浙文互联,30,8613.0,10jqka,post_close,2026-04-24 15:00:00,2026-04-16,4,2,21.0,-9.0,ok,2026-04-24,11.7,12.3,12.99,11.52,4490591.0,1.4,12.23,14.1,0.531,2.26,6.55,11.07,18.18,-25.36,0.469,False,False,0.0,38.0,不推送,False,人气Top50；放量仍可控；近5日趋势升温；站上20日线且不过热；连续上榜确认,上影线偏长,不主动推送。,v2,震荡,45.18,-0.73,0.34,0,2026-04-24,common_index_cache,-0.33,-0.69,-1.41,0.7,0.37,-0.29,2.13,13.76
2026-04-24,688268,华特气体,31,8403.0,10jqka,post_close,2026-04-24 15:00:00,2026-04-24,1,1,,,ok,2026-04-24,157.11,176.8,176.8,157.11,15533475.0,20.0,48.52,94.59,1.0,1.09,29.95,52.28,64.8,0.0,0.0,True,False,0.0,40.0,不推送,False,人气Top50；当日涨停附近；收在日内高位；温和放量,短线涨幅过热；远离20日线过多,不主动推送。,v2,震荡,45.18,-0.73,0.34,0,2026-04-24,common_index_cache,-0.33,-0.69,-1.41,0.7,0.37,-0.29,20.73,94.25
2026-04-24,603538,美诺华,32,8362.0,10jqka,post_close,2026-04-24 15:00:00,2026-04-10,11,11,16.0,-16.0,ok,2026-04-24,55.0,57.58,59.4,54.1,593760.0,3.65,9.61,9.68,0.657,1.05,7.6,8.52,20.77,-3.06,0.343,False,False,0.0,54.0,不推送,False,人气Top50；当日上涨；温和放量；近5日趋势升温；站上20日线且不过热；持续霸榜,热度可能进入后段,不主动推送。,v2,震荡,45.18,-0.73,0.34,0,2026-04-24,common_index_cache,-0.33,-0.69,-1.41,0.7,0.37,-0.29,4.38,9.34
2026-04-24,002240,盛新锂能,33,8346.0,10jqka,post_close,2026-04-24 15:00:00,2026-04-14,3,1,99.0,66.0,ok,2026-04-24,46.01,50.93,50.93,46.01,650045.0,10.0,5.12,1.25,1.0,1.18,4.63,5.43,15.26,-1.05,0.0,True,False,0.0,72.0,普通观察,True,人气Top50；当日涨停附近；收在日内高位；温和放量；站上20日线且不过热；人气排名明显上升,-,保留在样本池，继续看次日人气和承接。,v2,震荡,45.18,-0.73,0.34,0,2026-04-24,common_index_cache,-0.33,-0.69,-1.41,0.7,0.37,-0.29,10.73,0.91
2026-04-24,600206,有研新材,34,8118.0,10jqka,post_close,2026-04-24 15:00:00,2026-04-20,3,1,94.0,60.0,ok,2026-04-24,25.73,26.62,27.17,25.26,997848.0,2.58,6.99,14.3,0.712,1.1,2.49,9.57,18.01,-3.34,0.288,False,False,0.0,46.0,不推送,False,人气Top50；温和放量；近5日趋势升温；站上20日线且不过热；人气排名明显上升,-,不主动推送。,v2,震荡,45.18,-0.73,0.34,0,2026-04-24,common_index_cache,-0.33,-0.69,-1.41,0.7,0.37,-0.29,3.31,13.96
2026-04-24,600519,贵州茅台,35,8008.0,10jqka,post_close,2026-04-24 15:00:00,2026-04-10,4,2,85.0,50.0,ok,2026-04-24,1413.1,1458.49,1458.88,1413.1,55455.0,2.78,3.29,3.64,0.991,1.26,2.57,1.72,1.2,-6.98,0.009,False,False,0.0,58.0,不推送,False,人气Top50；收在日内高位；温和放量；站上20日线且不过热；连续上榜确认；人气排名明显上升,-,不主动推送。,v2,震荡,45.18,-0.73,0.34,0,2026-04-24,common_index_cache,-0.33,-0.69,-1.41,0.7,0.37,-0.29,3.51,3.3
2026-04-24,603778,国晟科技,36,7999.0,10jqka,post_close,2026-04-24 15:00:00,2026-04-10,11,11,45.0,9.0,ok,2026-04-24,26.18,26.53,27.68,25.6,788610.0,-0.04,-8.52,9.4,0.447,0.73,-1.63,-3.6,-5.5,-22.59,0.553,False,False,0.0,0.0,不推送,False,人气Top50；近5日趋势升温；持续霸榜,当日转弱；收盘承接偏弱；仍在20日线下方；热度可能进入后段,不主动推送。,v2,震荡,45.18,-0.73,0.34,0,2026-04-24,common_index_cache,-0.33,-0.69,-1.41,0.7,0.37,-0.29,0.69,9.06
2026-04-24,002131,利欧股份,37,7900.0,10jqka,post_close,2026-04-24 15:00:00,2026-04-10,11,11,86.0,49.0,ok,2026-04-24,7.3,7.37,7.45,7.1,6096136.0,-6.23,-7.99,-7.41,0.771,1.23,-6.78,-7.33,-5.68,-28.59,0.229,False,False,0.0,18.0,不推送,False,人气Top50；收盘承接较强；温和放量；持续霸榜；人气排名明显上升,当日转弱；近5日趋势未确认；仍在20日线下方；热度可能进入后段,不主动推送。,v2,震荡,45.18,-0.73,0.34,0,2026-04-24,common_index_cache,-0.33,-0.69,-1.41,0.7,0.37,-0.29,-5.5,-7.75
2026-04-24,002384,东山精密,38,7895.0,10jqka,post_close,2026-04-24 15:00:00,2026-04-10,11,11,35.0,-3.0,ok,2026-04-24,193.5,187.9,196.0,179.01,1179788.0,0.66,10.92,15.92,0.523,1.13,5.88,14.74,35.24,-4.13,0.147,False,False,0.0,36.0,不推送,False,人气Top50；温和放量；近5日趋势升温；持续霸榜,偏离20日线较大；热度可能进入后段,不主动推送。,v2,震荡,45.18,-0.73,0.34,0,2026-04-24,common_index_cache,-0.33,-0.69,-1.41,0.7,0.37,-0.29,1.39,15.58
2026-04-24,601016,节能风电,39,7815.0,10jqka,post_close,2026-04-24 15:00:00,2026-04-23,2,2,9.0,-30.0,ok,2026-04-24,4.53,4.48,4.75,4.46,10490166.0,0.0,7.43,10.34,0.069,2.33,5.16,7.8,7.18,-21.82,0.759,False,False,0.0,28.0,不推送,False,人气Top50；放量仍可控；近5日趋势升温；站上20日线且不过热；连续上榜确认,收盘承接偏弱；人气排名明显回落,不主动推送。,v2,震荡,45.18,-0.73,0.34,0,2026-04-24,common_index_cache,-0.33,-0.69,-1.41,0.7,0.37,-0.29,0.73,10.0
2026-04-24,603318,水发燃气,40,7771.0,10jqka,post_close,2026-04-24 15:00:00,2026-04-24,1,1,,,ok,2026-04-24,11.39,11.39,11.39,11.39,161384.0,10.05,33.22,47.92,1.0,0.32,18.23,31.18,37.9,0.0,0.0,True,True,0.0,22.0,不推送,False,人气Top50；当日涨停附近；收在日内高位,量能不足；短线涨幅过热；偏离20日线较大；一字或近似一字，参与点差,不主动推送。,v2,震荡,45.18,-0.73,0.34,0,2026-04-24,common_index_cache,-0.33,-0.69,-1.41,0.7,0.37,-0.29,10.78,47.58
2026-04-24,600633,浙数文化,41,7650.0,10jqka,post_close,2026-04-24 15:00:00,2026-04-24,1,1,,,ok,2026-04-24,13.6,15.09,15.09,13.45,1504701.0,9.99,16.98,16.35,1.0,4.44,11.35,14.39,18.19,-9.53,0.0,True,False,0.0,60.0,普通观察,True,人气Top50；当日涨停附近；收在日内高位；近5日趋势升温；站上20日线且不过热；v2低分涨停修正,放量过猛,保留在样本池，继续看次日人气和承接。,v2,震荡,45.18,-0.73,0.34,0,2026-04-24,common_index_cache,-0.33,-0.69,-1.41,0.7,0.37,-0.29,10.72,16.01
2026-04-24,300390,天华新能,42,7448.0,10jqka,post_close,2026-04-24 15:00:00,2026-04-10,6,1,70.0,28.0,ok,2026-04-24,80.3,91.0,92.78,79.58,977972.0,13.65,6.05,3.66,0.865,1.54,6.22,8.33,25.94,-1.92,0.135,True,False,0.0,66.0,普通观察,True,人气Top50；当日涨停附近；收盘承接较强；温和放量；站上20日线且不过热；人气排名明显上升,-,保留在样本池，继续看次日人气和承接。,v2,震荡,45.18,-0.73,0.34,0,2026-04-24,common_index_cache,-0.33,-0.69,-1.41,0.7,0.37,-0.29,14.38,3.32
2026-04-24,600703,三安光电,43,7385.0,10jqka,post_close,2026-04-24 15:00:00,2026-04-10,8,6,22.0,-21.0,ok,2026-04-24,15.35,15.11,15.94,15.0,3553455.0,-2.58,11.27,13.27,0.117,0.94,3.79,11.87,18.71,-19.5,0.628,False,False,0.0,20.0,不推送,False,人气Top50；温和放量；近5日趋势升温；站上20日线且不过热；持续霸榜,当日转弱；收盘承接偏弱；热度可能进入后段；人气排名明显回落,不主动推送。,v2,震荡,45.18,-0.73,0.34,0,2026-04-24,common_index_cache,-0.33,-0.69,-1.41,0.7,0.37,-0.29,-1.85,12.93
2026-04-24,002202,金风科技,44,7375.0,10jqka,post_close,2026-04-24 15:00:00,2026-04-10,11,11,67.0,23.0,ok,2026-04-24,25.66,25.48,26.2,25.25,1582156.0,-0.86,-2.49,0.35,0.242,0.83,-2.1,-0.07,0.96,-23.48,0.568,False,False,0.0,16.0,不推送,False,人气Top50；温和放量；站上20日线且不过热；持续霸榜；人气排名明显上升,当日转弱；收盘承接偏弱；热度可能进入后段,不主动推送。,v2,震荡,45.18,-0.73,0.34,0,2026-04-24,common_index_cache,-0.33,-0.69,-1.41,0.7,0.37,-0.29,-0.13,0.01
2026-04-24,600126,杭钢股份,45,7355.0,10jqka,post_close,2026-04-24 15:00:00,2026-04-22,2,1,44.0,-1.0,ok,2026-04-24,10.39,10.48,11.22,10.06,3895509.0,0.48,12.33,5.22,0.362,1.75,4.28,6.5,12.83,-6.6,0.638,False,False,0.0,24.0,不推送,False,人气Top50；温和放量；近5日趋势升温；站上20日线且不过热,收盘承接偏弱；上影线偏长,不主动推送。,v2,震荡,45.18,-0.73,0.34,0,2026-04-24,common_index_cache,-0.33,-0.69,-1.41,0.7,0.37,-0.29,1.21,4.88
2026-04-24,600821,金开新能,46,7122.0,10jqka,post_close,2026-04-24 15:00:00,2026-04-15,8,8,18.0,-28.0,ok,2026-04-24,9.39,8.88,9.5,8.87,2839109.0,-7.31,-2.63,-2.2,0.016,0.81,-3.5,-0.69,1.4,-27.21,0.175,False,False,0.0,4.0,不推送,False,人气Top50；温和放量；站上20日线且不过热；持续霸榜,当日转弱；收盘承接偏弱；近5日趋势未确认；热度可能进入后段；人气排名明显回落,不主动推送。,v2,震荡,45.18,-0.73,0.34,0,2026-04-24,common_index_cache,-0.33,-0.69,-1.41,0.7,0.37,-0.29,-6.58,-2.54
2026-04-24,000925,众合科技,47,7033.0,10jqka,post_close,2026-04-24 15:00:00,2026-04-24,1,1,,,ok,2026-04-24,9.09,9.2,9.2,9.07,416171.0,10.05,23.99,25.0,1.0,1.31,14.77,20.61,24.75,-3.66,0.0,True,False,0.0,96.0,强推观察,True,人气Top50；当日涨停附近；收在日内高位；温和放量；近5日趋势升温；站上20日线且不过热；v2强势延续修正；v2低分涨停修正,-,高风险情绪股：不追一字，优先看分歧承接，跌破5日线或人气退潮就跑。,v2,震荡,45.18,-0.73,0.34,0,2026-04-24,common_index_cache,-0.33,-0.69,-1.41,0.7,0.37,-0.29,10.78,24.66
2026-04-24,001896,豫能控股,48,6945.0,10jqka,post_close,2026-04-24 15:00:00,2026-04-13,10,10,29.0,-19.0,ok,2026-04-24,17.49,16.75,17.89,16.5,1673876.0,-6.79,-2.05,-1.93,0.18,0.74,-4.95,-0.47,10.1,-11.14,0.288,False,False,0.0,0.0,不推送,False,人气Top50；站上20日线且不过热；持续霸榜,当日转弱；收盘承接偏弱；近5日趋势未确认；热度可能进入后段,不主动推送。,v2,震荡,45.18,-0.73,0.34,0,2026-04-24,common_index_cache,-0.33,-0.69,-1.41,0.7,0.37,-0.29,-6.06,-2.27
2026-04-24,603687,大胜达,49,6783.0,10jqka,post_close,2026-04-24 15:00:00,2026-04-16,6,1,89.0,40.0,ok,2026-04-24,17.71,16.7,17.82,16.7,953506.0,-10.02,-14.58,-13.25,0.0,0.89,-9.72,-8.75,-3.41,-19.71,0.098,False,False,0.0,0.0,不推送,False,人气Top50；温和放量；人气排名明显上升,当日转弱；收盘承接偏弱；近5日趋势未确认,不主动推送。,v2,震荡,45.18,-0.73,0.34,0,2026-04-24,common_index_cache,-0.33,-0.69,-1.41,0.7,0.37,-0.29,-9.29,-13.59
2026-04-24,002176,江特电机,50,6776.0,10jqka,post_close,2026-04-24 15:00:00,2026-04-24,1,1,,,ok,2026-04-24,12.26,13.62,13.62,12.19,1795378.0,10.02,16.31,22.48,1.0,1.15,11.06,16.58,23.39,0.0,0.0,True,False,0.0,96.0,强推观察,True,人气Top50；当日涨停附近；收在日内高位；温和放量；近5日趋势升温；站上20日线且不过热；v2强势延续修正；v2低分涨停修正,-,高风险情绪股：不追一字，优先看分歧承接，跌破5日线或人气退潮就跑。,v2,震荡,45.18,-0.73,0.34,0,2026-04-24,common_index_cache,-0.33,-0.69,-1.41,0.7,0.37,-0.29,10.75,22.14
2026-04-24,300067,安诺其,51,6765.0,10jqka,post_close,2026-04-24 15:00:00,2026-04-22,3,3,48.0,-3.0,ok,2026-04-24,7.35,6.67,7.6,6.66,3686281.0,-8.25,32.08,63.48,0.011,18.74,13.98,31.95,38.71,-12.24,0.266,False,False,0.0,0.0,不推送,False,连续上榜确认,当日转弱；收盘承接偏弱；放量过猛；短线涨幅过热；偏离20日线较大,不主动推送。,v2,震荡,45.18,-0.73,0.34,0,2026-04-24,common_index_cache,-0.33,-0.69,-1.41,0.7,0.37,-0.29,-7.52,63.14
2026-04-24,605299,舒华体育,52,6729.0,10jqka,post_close,2026-04-24 15:00:00,2026-04-10,2,1,85.0,33.0,ok,2026-04-24,19.54,20.73,21.6,19.41,594119.0,5.66,-1.47,12.3,0.603,1.5,1.23,6.46,2.51,-12.83,0.397,False,False,0.0,46.0,不推送,False,当日上涨；温和放量；近5日趋势升温；站上20日线且不过热；人气排名明显上升,-,不主动推送。,v2,震荡,45.18,-0.73,0.34,0,2026-04-24,common_index_cache,-0.33,-0.69,-1.41,0.7,0.37,-0.29,6.39,11.96
2026-04-24,002460,赣锋锂业,53,6662.0,10jqka,post_close,2026-04-24 15:00:00,2026-04-10,7,1,100.0,47.0,ok,2026-04-24,79.95,84.99,86.26,79.87,970755.0,6.4,1.96,1.11,0.801,1.34,2.85,1.46,3.72,-3.94,0.199,False,False,0.0,44.0,不推送,False,当日上涨；收盘承接较强；温和放量；站上20日线且不过热；人气排名明显上升,-,不主动推送。,v2,震荡,45.18,-0.73,0.34,0,2026-04-24,common_index_cache,-0.33,-0.69,-1.41,0.7,0.37,-0.29,7.13,0.77
2026-04-24,601899,紫金矿业,54,6400.0,10jqka,post_close,2026-04-24 15:00:00,2026-04-10,11,11,38.0,-16.0,ok,2026-04-24,34.02,34.31,34.42,33.53,2577934.0,-0.26,-3.79,-1.21,0.876,0.87,-1.81,-1.44,0.77,-23.65,0.124,False,False,0.0,22.0,不推送,False,收盘承接较强；温和放量；站上20日线且不过热；持续霸榜,当日转弱；近5日趋势未确认；热度可能进入后段,不主动推送。,v2,震荡,45.18,-0.73,0.34,0,2026-04-24,common_index_cache,-0.33,-0.69,-1.41,0.7,0.37,-0.29,0.47,-1.55
2026-04-24,002990,盛视科技,55,6233.0,10jqka,post_close,2026-04-24 15:00:00,2026-04-14,6,1,70.0,15.0,ok,2026-04-24,49.16,54.11,54.11,48.7,216224.0,10.0,19.84,6.2,1.0,0.8,9.99,18.03,40.74,0.0,0.0,True,False,0.0,66.0,普通观察,True,当日涨停附近；收在日内高位；温和放量；近5日趋势升温；人气排名明显上升,偏离20日线较大,保留在样本池，继续看次日人气和承接。,v2,震荡,45.18,-0.73,0.34,0,2026-04-24,common_index_cache,-0.33,-0.69,-1.41,0.7,0.37,-0.29,10.73,5.86
2026-04-24,600186,莲花控股,56,6048.0,10jqka,post_close,2026-04-24 15:00:00,2026-04-15,6,4,13.0,-43.0,ok,2026-04-24,9.58,9.14,9.8,8.91,3997188.0,-3.28,12.98,15.84,0.258,1.58,5.93,12.02,18.63,-6.73,0.247,False,False,0.0,30.0,不推送,False,温和放量；近5日趋势升温；站上20日线且不过热；连续上榜确认；v2热点回踩观察,当日转弱；收盘承接偏弱；人气排名明显回落,不主动推送。,v2,震荡,45.18,-0.73,0.34,0,2026-04-24,common_index_cache,-0.33,-0.69,-1.41,0.7,0.37,-0.29,-2.55,15.5
2026-04-24,600488,津药药业,57,6008.0,10jqka,post_close,2026-04-24 15:00:00,2026-04-10,6,1,56.0,-1.0,ok,2026-04-24,6.43,6.12,6.99,6.07,1955461.0,-9.2,-3.01,0.99,0.054,1.24,-4.79,-3.56,-2.38,-27.49,0.609,False,False,0.0,0.0,不推送,False,温和放量,当日转弱；收盘承接偏弱,不主动推送。,v2,震荡,45.18,-0.73,0.34,0,2026-04-24,common_index_cache,-0.33,-0.69,-1.41,0.7,0.37,-0.29,-8.47,0.65
2026-04-24,300475,香农芯创,58,6005.0,10jqka,post_close,2026-04-24 15:00:00,2026-04-24,1,1,,,ok,2026-04-24,160.0,162.05,172.14,158.51,660893.0,3.62,0.76,1.84,0.26,2.02,0.6,2.19,10.29,-9.95,0.74,False,False,0.0,6.0,不推送,False,当日上涨；放量仍可控；站上20日线且不过热,收盘承接偏弱；上影线偏长,不主动推送。,v2,震荡,45.18,-0.73,0.34,0,2026-04-24,common_index_cache,-0.33,-0.69,-1.41,0.7,0.37,-0.29,4.35,1.5
2026-04-24,600410,华胜天成,59,5976.0,10jqka,post_close,2026-04-24 15:00:00,2026-04-10,11,11,69.0,10.0,ok,2026-04-24,27.12,27.19,28.38,26.01,1713385.0,-1.2,-2.54,-6.05,0.498,0.91,-3.12,-2.27,1.07,-20.75,0.502,False,False,0.0,16.0,不推送,False,温和放量；站上20日线且不过热；持续霸榜；人气排名明显上升,当日转弱；近5日趋势未确认；热度可能进入后段,不主动推送。,v2,震荡,45.18,-0.73,0.34,0,2026-04-24,common_index_cache,-0.33,-0.69,-1.41,0.7,0.37,-0.29,-0.47,-6.39
2026-04-24,000890,法尔胜,60,5884.0,10jqka,post_close,2026-04-24 15:00:00,2026-04-10,8,5,15.0,-45.0,ok,2026-04-24,16.63,16.24,17.48,15.65,1093560.0,-3.1,11.31,30.86,0.322,1.19,6.31,16.68,10.62,-7.78,0.464,False,False,0.0,5.0,不推送,False,温和放量；近5日强势延续；站上20日线且不过热；持续霸榜,当日转弱；收盘承接偏弱；短线涨幅偏高；热度可能进入后段；人气排名明显回落,不主动推送。,v2,震荡,45.18,-0.73,0.34,0,2026-04-24,common_index_cache,-0.33,-0.69,-1.41,0.7,0.37,-0.29,-2.37,30.52
2026-04-24,002837,英维克,61,5873.0,10jqka,post_close,2026-04-24 15:00:00,2026-04-10,10,6,55.0,-6.0,ok,2026-04-24,99.14,95.21,99.97,94.0,690246.0,-5.43,-12.63,-13.97,0.203,0.86,-10.2,-10.6,-2.56,-21.79,0.139,False,False,0.0,0.0,不推送,False,温和放量；持续霸榜,当日转弱；收盘承接偏弱；近5日趋势未确认；热度可能进入后段,不主动推送。,v2,震荡,45.18,-0.73,0.34,0,2026-04-24,common_index_cache,-0.33,-0.69,-1.41,0.7,0.37,-0.29,-4.7,-14.31
2026-04-24,002428,云南锗业,62,5838.0,10jqka,post_close,2026-04-24 15:00:00,2026-04-14,7,6,37.0,-25.0,ok,2026-04-24,76.07,77.12,81.3,73.4,1371497.0,0.31,12.75,24.39,0.471,1.2,5.4,17.68,31.1,-6.81,0.529,False,False,0.0,18.0,不推送,False,温和放量；近5日趋势升温；持续霸榜,偏离20日线较大；热度可能进入后段；人气排名明显回落；上影线偏长,不主动推送。,v2,震荡,45.18,-0.73,0.34,0,2026-04-24,common_index_cache,-0.33,-0.69,-1.41,0.7,0.37,-0.29,1.04,24.05
2026-04-24,300750,宁德时代,63,5809.0,10jqka,post_close,2026-04-24 15:00:00,2026-04-10,11,11,89.0,26.0,ok,2026-04-24,442.0,444.9,448.45,438.0,395425.0,1.37,0.96,1.74,0.66,0.86,1.74,2.54,7.52,-1.81,0.34,False,False,0.0,30.0,不推送,False,温和放量；站上20日线且不过热；持续霸榜；人气排名明显上升,热度可能进入后段,不主动推送。,v2,震荡,45.18,-0.73,0.34,0,2026-04-24,common_index_cache,-0.33,-0.69,-1.41,0.7,0.37,-0.29,2.1,1.4
2026-04-24,300136,信维通信,64,5799.0,10jqka,post_close,2026-04-24 15:00:00,2026-04-15,5,2,12.0,-52.0,ok,2026-04-24,83.0,81.3,87.98,81.18,1494663.0,-2.53,5.53,8.53,0.018,1.19,1.86,9.22,18.08,-14.04,0.732,False,False,0.0,16.0,不推送,False,温和放量；近5日趋势升温；站上20日线且不过热；连续上榜确认,当日转弱；收盘承接偏弱；人气排名明显回落,不主动推送。,v2,震荡,45.18,-0.73,0.34,0,2026-04-24,common_index_cache,-0.33,-0.69,-1.41,0.7,0.37,-0.29,-1.8,8.19
2026-04-24,000889,中嘉博创,65,5793.0,10jqka,post_close,2026-04-24 15:00:00,2026-04-10,8,1,46.0,-19.0,ok,2026-04-24,4.35,4.79,4.79,4.25,2455425.0,10.11,2.79,-9.45,1.0,1.13,1.66,2.31,16.66,-12.11,0.0,True,False,0.0,56.0,不推送,False,当日涨停附近；收在日内高位；温和放量；站上20日线且不过热,近5日趋势未确认,不主动推送。,v2,震荡,45.18,-0.73,0.34,0,2026-04-24,common_index_cache,-0.33,-0.69,-1.41,0.7,0.37,-0.29,10.84,-9.79
2026-04-24,600666,奥瑞德,66,5780.0,10jqka,post_close,2026-04-24 15:00:00,2026-04-10,11,11,73.0,7.0,ok,2026-04-24,6.44,5.99,6.46,5.9,4370152.0,-8.69,-11.13,-15.51,0.161,0.73,-9.98,-9.71,-6.37,-20.87,0.036,False,False,0.0,0.0,不推送,False,持续霸榜,当日转弱；收盘承接偏弱；近5日趋势未确认；仍在20日线下方；热度可能进入后段,不主动推送。,v2,震荡,45.18,-0.73,0.34,0,2026-04-24,common_index_cache,-0.33,-0.69,-1.41,0.7,0.37,-0.29,-7.96,-15.85
2026-04-24,300017,网宿科技,67,5772.0,10jqka,post_close,2026-04-24 15:00:00,2026-04-14,2,1,17.0,-50.0,ok,2026-04-24,18.53,17.8,18.6,16.8,3496109.0,-5.82,-1.0,-5.82,0.556,1.41,-3.75,-4.09,-0.68,-26.14,0.039,False,False,0.0,0.0,不推送,False,温和放量,当日转弱；近5日趋势未确认；人气排名明显回落,不主动推送。,v2,震荡,45.18,-0.73,0.34,0,2026-04-24,common_index_cache,-0.33,-0.69,-1.41,0.7,0.37,-0.29,-5.09,-6.16
2026-04-24,603738,泰晶科技,68,5730.0,10jqka,post_close,2026-04-24 15:00:00,2026-04-17,4,1,54.0,-14.0,ok,2026-04-24,37.3,39.81,40.7,37.25,927225.0,7.59,14.83,31.95,0.742,1.38,11.5,24.67,38.22,-2.19,0.258,False,False,0.0,33.0,不推送,False,当日强涨；温和放量；近5日强势延续,短线涨幅偏高；偏离20日线较大,不主动推送。,v2,震荡,45.18,-0.73,0.34,0,2026-04-24,common_index_cache,-0.33,-0.69,-1.41,0.7,0.37,-0.29,8.32,31.61
2026-04-24,002429,兆驰股份,69,5697.0,10jqka,post_close,2026-04-24 15:00:00,2026-04-23,2,2,34.0,-35.0,ok,2026-04-24,11.79,11.79,11.79,11.79,546815.0,-10.0,7.28,10.5,1.0,0.27,0.34,6.56,13.06,-10.0,,False,False,0.0,22.0,不推送,False,收在日内高位；近5日趋势升温；站上20日线且不过热；连续上榜确认,当日转弱；量能不足；人气排名明显回落,不主动推送。,v2,震荡,45.18,-0.73,0.34,0,2026-04-24,common_index_cache,-0.33,-0.69,-1.41,0.7,0.37,-0.29,-9.27,10.16
2026-04-24,002475,立讯精密,70,5694.0,10jqka,post_close,2026-04-24 15:00:00,2026-04-10,11,11,58.0,-12.0,ok,2026-04-24,67.51,66.0,67.8,64.37,2622791.0,-2.61,0.38,10.46,0.475,1.04,-0.98,4.76,15.62,-6.62,0.085,False,False,0.0,28.0,不推送,False,温和放量；近5日趋势升温；站上20日线且不过热；持续霸榜,当日转弱；热度可能进入后段,不主动推送。,v2,震荡,45.18,-0.73,0.34,0,2026-04-24,common_index_cache,-0.33,-0.69,-1.41,0.7,0.37,-0.29,-1.88,10.12
2026-04-24,000066,中国长城,71,5646.0,10jqka,post_close,2026-04-24 15:00:00,2026-04-24,1,1,,,ok,2026-04-24,17.36,16.45,17.65,16.45,2987313.0,1.61,6.75,4.64,0.0,2.65,3.45,4.48,7.94,-16.07,0.242,False,False,0.0,0.0,不推送,False,站上20日线且不过热,收盘承接偏弱,不主动推送。,v2,震荡,45.18,-0.73,0.34,0,2026-04-24,common_index_cache,-0.33,-0.69,-1.41,0.7,0.37,-0.29,2.34,4.3
2026-04-24,603629,利通电子,72,5497.0,10jqka,post_close,2026-04-24 15:00:00,2026-04-13,10,10,31.0,-41.0,ok,2026-04-24,111.68,109.42,116.1,105.0,438185.0,-6.06,8.13,3.77,0.398,0.99,0.83,11.15,33.05,-8.07,0.398,False,False,0.0,0.0,不推送,False,温和放量；持续霸榜,当日转弱；收盘承接偏弱；偏离20日线较大；热度可能进入后段；人气排名明显回落,不主动推送。,v2,震荡,45.18,-0.73,0.34,0,2026-04-24,common_index_cache,-0.33,-0.69,-1.41,0.7,0.37,-0.29,-5.33,3.43
2026-04-24,300027,华谊兄弟,73,5493.0,10jqka,post_close,2026-04-24 15:00:00,2026-04-16,2,1,59.0,-14.0,ok,2026-04-24,1.95,1.77,1.97,1.77,2748148.0,-10.15,-7.33,-15.31,0.0,0.88,-6.55,-6.05,2.88,-26.25,0.1,False,False,0.0,0.0,不推送,False,温和放量；站上20日线且不过热,当日转弱；收盘承接偏弱；近5日趋势未确认,不主动推送。,v2,震荡,45.18,-0.73,0.34,0,2026-04-24,common_index_cache,-0.33,-0.69,-1.41,0.7,0.37,-0.29,-9.42,-15.65
2026-04-24,000973,佛塑科技,74,5488.0,10jqka,post_close,2026-04-24 15:00:00,2026-04-14,4,1,86.0,12.0,ok,2026-04-24,17.1,18.99,18.99,16.8,1002584.0,10.02,6.87,3.09,1.0,1.21,5.18,4.15,4.52,-8.31,0.0,True,False,0.0,64.0,普通观察,True,当日涨停附近；收在日内高位；温和放量；站上20日线且不过热；人气排名明显上升,-,保留在样本池，继续看次日人气和承接。,v2,震荡,45.18,-0.73,0.34,0,2026-04-24,common_index_cache,-0.33,-0.69,-1.41,0.7,0.37,-0.29,10.75,2.75
2026-04-24,601179,中国西电,75,5429.0,10jqka,post_close,2026-04-24 15:00:00,2026-04-10,9,8,63.0,-12.0,ok,2026-04-24,17.71,17.21,17.94,17.2,2024336.0,-4.5,-3.8,0.12,0.014,0.81,-3.63,-0.89,4.43,-16.66,0.311,False,False,0.0,4.0,不推送,False,温和放量；站上20日线且不过热；持续霸榜,当日转弱；收盘承接偏弱；热度可能进入后段,不主动推送。,v2,震荡,45.18,-0.73,0.34,0,2026-04-24,common_index_cache,-0.33,-0.69,-1.41,0.7,0.37,-0.29,-3.77,-0.22
2026-04-24,600152,维科技术,76,5409.0,10jqka,post_close,2026-04-24 15:00:00,2026-04-14,5,1,93.0,17.0,ok,2026-04-24,11.79,12.96,12.96,11.75,725659.0,10.02,-0.38,-6.76,1.0,0.61,0.9,3.24,14.26,-15.24,0.0,True,False,0.0,46.0,不推送,False,当日涨停附近；收在日内高位；站上20日线且不过热；人气排名明显上升,近5日趋势未确认,不主动推送。,v2,震荡,45.18,-0.73,0.34,0,2026-04-24,common_index_cache,-0.33,-0.69,-1.41,0.7,0.37,-0.29,10.75,-7.1
2026-04-24,600498,烽火通信,77,5301.0,10jqka,post_close,2026-04-24 15:00:00,2026-04-10,7,1,52.0,-25.0,ok,2026-04-24,54.45,52.26,55.47,51.26,995058.0,-5.0,-1.49,6.07,0.238,0.92,-3.06,1.11,2.94,-15.41,0.242,False,False,0.0,8.0,不推送,False,温和放量；近5日趋势升温；站上20日线且不过热,当日转弱；收盘承接偏弱；人气排名明显回落,不主动推送。,v2,震荡,45.18,-0.73,0.34,0,2026-04-24,common_index_cache,-0.33,-0.69,-1.41,0.7,0.37,-0.29,-4.27,5.73
2026-04-24,300613,富瀚微,78,5132.0,10jqka,post_close,2026-04-24 15:00:00,2026-04-23,2,2,79.0,1.0,ok,2026-04-24,55.9,56.08,56.08,54.21,262980.0,20.01,28.12,25.49,1.0,5.5,18.32,22.36,28.89,0.0,0.0,True,False,0.0,43.0,不推送,False,当日涨停附近；收在日内高位；近5日强势延续；连续上榜确认；v2低分涨停修正,放量过猛；短线涨幅偏高；偏离20日线较大,不主动推送。,v2,震荡,45.18,-0.73,0.34,0,2026-04-24,common_index_cache,-0.33,-0.69,-1.41,0.7,0.37,-0.29,20.74,25.15
2026-04-24,002192,融捷股份,79,5121.0,10jqka,post_close,2026-04-24 15:00:00,2026-04-13,2,1,88.0,9.0,ok,2026-04-24,78.97,86.28,86.28,78.0,296814.0,9.99,6.95,2.05,1.0,0.98,5.41,6.92,11.57,-1.98,0.0,True,False,0.0,60.0,普通观察,True,当日涨停附近；收在日内高位；温和放量；站上20日线且不过热,-,保留在样本池，继续看次日人气和承接。,v2,震荡,45.18,-0.73,0.34,0,2026-04-24,common_index_cache,-0.33,-0.69,-1.41,0.7,0.37,-0.29,10.72,1.71
2026-04-24,002980,华盛昌,80,5075.0,10jqka,post_close,2026-04-24 15:00:00,2026-04-13,6,1,85.0,5.0,ok,2026-04-24,78.39,82.29,83.49,74.5,261969.0,8.42,0.11,12.54,0.867,1.23,2.96,12.39,36.78,-2.29,0.133,False,False,0.0,50.0,不推送,False,当日强涨；收盘承接较强；温和放量；近5日趋势升温,偏离20日线较大,不主动推送。,v2,震荡,45.18,-0.73,0.34,0,2026-04-24,common_index_cache,-0.33,-0.69,-1.41,0.7,0.37,-0.29,9.15,12.2
2026-04-24,300073,当升科技,81,4992.0,10jqka,post_close,2026-04-24 15:00:00,2026-04-24,1,1,,,ok,2026-04-24,58.26,60.25,60.87,57.78,268530.0,2.87,2.0,4.17,0.799,1.33,2.17,3.69,8.13,-8.71,0.201,False,False,0.0,32.0,不推送,False,收盘承接较强；温和放量；站上20日线且不过热,-,不主动推送。,v2,震荡,45.18,-0.73,0.34,0,2026-04-24,common_index_cache,-0.33,-0.69,-1.41,0.7,0.37,-0.29,3.6,3.83
2026-04-24,300394,天孚通信,82,4953.0,10jqka,post_close,2026-04-24 15:00:00,2026-04-15,6,4,99.0,17.0,ok,2026-04-24,342.32,323.87,346.07,316.3,551411.0,-7.49,-8.25,-14.61,0.254,1.11,-8.87,-8.49,-5.1,-16.73,0.126,False,False,0.0,0.0,不推送,False,温和放量；连续上榜确认；人气排名明显上升,当日转弱；收盘承接偏弱；近5日趋势未确认；仍在20日线下方,不主动推送。,v2,震荡,45.18,-0.73,0.34,0,2026-04-24,common_index_cache,-0.33,-0.69,-1.41,0.7,0.37,-0.29,-6.76,-14.95
2026-04-24,603390,通达电气,83,4948.0,10jqka,post_close,2026-04-24 15:00:00,2026-04-24,1,1,,,ok,2026-04-24,13.69,14.6,14.6,13.67,510047.0,10.02,20.66,21.67,1.0,12.7,13.81,17.9,21.16,0.0,0.0,True,False,0.0,52.0,不推送,False,当日涨停附近；收在日内高位；近5日趋势升温；站上20日线且不过热；v2低分涨停修正,放量过猛,不主动推送。,v2,震荡,45.18,-0.73,0.34,0,2026-04-24,common_index_cache,-0.33,-0.69,-1.41,0.7,0.37,-0.29,10.75,21.33
2026-04-24,600770,综艺股份,84,4812.0,10jqka,post_close,2026-04-24 15:00:00,2026-04-24,1,1,,,ok,2026-04-24,6.97,6.97,6.97,6.86,903928.0,9.94,23.14,20.59,1.0,2.64,14.04,17.8,21.66,-4.39,0.0,True,False,0.0,64.0,普通观察,True,当日涨停附近；收在日内高位；近5日趋势升温；站上20日线且不过热；v2低分涨停修正,-,保留在样本池，继续看次日人气和承接。,v2,震荡,45.18,-0.73,0.34,0,2026-04-24,common_index_cache,-0.33,-0.69,-1.41,0.7,0.37,-0.29,10.67,20.25
2026-04-24,600118,中国卫星,85,4812.0,10jqka,post_close,2026-04-24 15:00:00,2026-04-20,5,5,40.0,-45.0,ok,2026-04-24,99.96,96.3,100.66,95.1,789098.0,-5.59,-3.89,12.07,0.216,0.91,-1.85,5.45,13.08,-11.57,0.126,False,False,0.0,12.0,不推送,False,温和放量；近5日趋势升温；站上20日线且不过热；持续霸榜,当日转弱；收盘承接偏弱；热度可能进入后段；人气排名明显回落,不主动推送。,v2,震荡,45.18,-0.73,0.34,0,2026-04-24,common_index_cache,-0.33,-0.69,-1.41,0.7,0.37,-0.29,-4.86,11.73
2026-04-24,000815,美利云,86,4809.0,10jqka,post_close,2026-04-24 15:00:00,2026-04-13,9,2,72.0,-14.0,ok,2026-04-24,20.77,19.17,20.78,18.76,1013690.0,-5.89,-8.23,-11.25,0.203,0.74,-7.39,-8.14,-5.61,-17.01,0.005,False,False,0.0,0.0,不推送,False,连续上榜确认,当日转弱；收盘承接偏弱；近5日趋势未确认；仍在20日线下方,不主动推送。,v2,震荡,45.18,-0.73,0.34,0,2026-04-24,common_index_cache,-0.33,-0.69,-1.41,0.7,0.37,-0.29,-5.16,-11.59
2026-04-24,603601,再升科技,87,4773.0,10jqka,post_close,2026-04-24 15:00:00,2026-04-13,9,8,90.0,3.0,ok,2026-04-24,15.15,14.18,15.97,14.0,2046428.0,-6.4,-12.79,-3.99,0.091,0.85,-7.9,-4.84,-2.24,-14.83,0.416,False,False,0.0,0.0,不推送,False,温和放量；持续霸榜,当日转弱；收盘承接偏弱；近5日趋势未确认；热度可能进入后段,不主动推送。,v2,震荡,45.18,-0.73,0.34,0,2026-04-24,common_index_cache,-0.33,-0.69,-1.41,0.7,0.37,-0.29,-5.67,-4.33
2026-04-24,002463,沪电股份,88,4745.0,10jqka,post_close,2026-04-24 15:00:00,2026-04-10,11,11,57.0,-31.0,ok,2026-04-24,105.98,102.38,107.84,99.82,932245.0,-3.98,2.56,4.83,0.319,1.12,0.35,4.35,14.81,-6.3,0.232,False,False,0.0,0.0,不推送,False,温和放量；站上20日线且不过热；持续霸榜,当日转弱；收盘承接偏弱；热度可能进入后段；人气排名明显回落,不主动推送。,v2,震荡,45.18,-0.73,0.34,0,2026-04-24,common_index_cache,-0.33,-0.69,-1.41,0.7,0.37,-0.29,-3.25,4.49
2026-04-24,688981,中芯国际,89,4706.0,10jqka,post_close,2026-04-24 15:00:00,2026-04-24,1,1,,,ok,2026-04-24,105.58,110.96,113.25,104.61,91070363.0,4.7,3.26,5.45,0.735,2.03,2.7,5.1,9.76,-15.18,0.265,False,False,0.0,36.0,不推送,False,当日上涨；放量仍可控；近5日趋势升温；站上20日线且不过热,-,不主动推送。,v2,震荡,45.18,-0.73,0.34,0,2026-04-24,common_index_cache,-0.33,-0.69,-1.41,0.7,0.37,-0.29,5.43,5.11
2026-04-24,002594,比亚迪,90,4659.0,10jqka,post_close,2026-04-24 15:00:00,2026-04-10,9,2,75.0,-15.0,ok,2026-04-24,99.91,99.46,99.91,98.7,337739.0,-0.52,-2.04,-4.16,0.628,0.81,-1.62,-3.05,-2.76,-11.05,0.0,False,False,0.0,8.0,不推送,False,温和放量；连续上榜确认,当日转弱；近5日趋势未确认,不主动推送。,v2,震荡,45.18,-0.73,0.34,0,2026-04-24,common_index_cache,-0.33,-0.69,-1.41,0.7,0.37,-0.29,0.21,-4.5
2026-04-24,601869,长飞光纤,91,4632.0,10jqka,post_close,2026-04-24 15:00:00,2026-04-10,10,3,61.0,-30.0,ok,2026-04-24,378.39,368.16,385.0,364.35,164065.0,-4.38,-3.52,0.62,0.185,0.88,-4.71,-2.04,3.14,-12.94,0.32,False,False,0.0,4.0,不推送,False,温和放量；站上20日线且不过热；连续上榜确认,当日转弱；收盘承接偏弱；人气排名明显回落,不主动推送。,v2,震荡,45.18,-0.73,0.34,0,2026-04-24,common_index_cache,-0.33,-0.69,-1.41,0.7,0.37,-0.29,-3.65,0.28
2026-04-24,300766,每日互动,92,4604.0,10jqka,post_close,2026-04-24 15:00:00,2026-04-24,1,1,,,ok,2026-04-24,38.78,37.4,42.54,36.66,816327.0,-3.76,-1.99,-3.63,0.126,2.51,-3.33,-0.68,1.43,-25.72,0.639,False,False,0.0,0.0,不推送,False,放量仍可控；站上20日线且不过热,当日转弱；收盘承接偏弱；近5日趋势未确认,不主动推送。,v2,震荡,45.18,-0.73,0.34,0,2026-04-24,common_index_cache,-0.33,-0.69,-1.41,0.7,0.37,-0.29,-3.03,-3.97
2026-04-24,002549,凯美特气,93,4556.0,10jqka,post_close,2026-04-24 15:00:00,2026-04-21,2,1,74.0,-19.0,ok,2026-04-24,18.77,19.98,20.68,18.77,1089925.0,6.28,-3.24,2.88,0.634,2.02,1.26,2.54,4.56,-17.54,0.366,False,False,0.0,24.0,不推送,False,当日上涨；放量仍可控；站上20日线且不过热,-,不主动推送。,v2,震荡,45.18,-0.73,0.34,0,2026-04-24,common_index_cache,-0.33,-0.69,-1.41,0.7,0.37,-0.29,7.01,2.54
2026-04-24,300015,爱尔眼科,94,4545.0,10jqka,post_close,2026-04-24 15:00:00,2026-04-23,2,2,74.0,-20.0,ok,2026-04-24,10.25,10.99,11.29,10.21,3453572.0,5.57,13.42,16.17,0.722,3.65,8.55,11.55,13.08,-5.58,0.278,False,False,0.0,20.0,不推送,False,当日上涨；近5日趋势升温；站上20日线且不过热；连续上榜确认,放量过猛；人气排名明显回落,不主动推送。,v2,震荡,45.18,-0.73,0.34,0,2026-04-24,common_index_cache,-0.33,-0.69,-1.41,0.7,0.37,-0.29,6.3,15.83
2026-04-24,600338,西藏珠峰,95,4544.0,10jqka,post_close,2026-04-24 15:00:00,2026-04-24,1,1,,,ok,2026-04-24,19.28,22.57,22.57,19.28,1823146.0,9.99,6.01,3.96,1.0,2.22,3.98,8.93,18.82,-1.61,0.0,True,False,0.0,54.0,不推送,False,当日涨停附近；收在日内高位；放量仍可控；站上20日线且不过热,-,不主动推送。,v2,震荡,45.18,-0.73,0.34,0,2026-04-24,common_index_cache,-0.33,-0.69,-1.41,0.7,0.37,-0.29,10.72,3.62
2026-04-24,603618,杭电股份,96,4522.0,10jqka,post_close,2026-04-24 15:00:00,2026-04-21,4,4,23.0,-73.0,ok,2026-04-24,31.66,30.56,33.13,29.98,1437541.0,-2.71,17.76,26.7,0.184,1.6,7.67,19.23,16.85,-7.76,0.467,False,False,0.0,9.0,不推送,False,温和放量；近5日强势延续；站上20日线且不过热；连续上榜确认,当日转弱；收盘承接偏弱；短线涨幅偏高；人气排名明显回落,不主动推送。,v2,震荡,45.18,-0.73,0.34,0,2026-04-24,common_index_cache,-0.33,-0.69,-1.41,0.7,0.37,-0.29,-1.98,26.36
2026-04-24,000988,华工科技,97,4499.0,10jqka,post_close,2026-04-24 15:00:00,2026-04-10,11,11,83.0,-14.0,ok,2026-04-24,115.0,115.32,117.35,113.03,693970.0,-1.98,-0.83,-1.17,0.53,0.75,-1.47,-1.63,2.68,-18.45,0.47,False,False,0.0,0.0,不推送,False,站上20日线且不过热；持续霸榜,当日转弱；近5日趋势未确认；热度可能进入后段,不主动推送。,v2,震荡,45.18,-0.73,0.34,0,2026-04-24,common_index_cache,-0.33,-0.69,-1.41,0.7,0.37,-0.29,-1.25,-1.51
2026-04-24,688041,海光信息,98,4491.0,10jqka,post_close,2026-04-24 15:00:00,2026-04-24,1,1,,,ok,2026-04-24,275.63,285.0,293.3,271.06,54125114.0,8.2,12.85,9.62,0.627,1.9,7.8,10.42,19.25,-7.61,0.373,False,False,0.0,44.0,不推送,False,当日强涨；放量仍可控；近5日趋势升温；站上20日线且不过热,-,不主动推送。,v2,震荡,45.18,-0.73,0.34,0,2026-04-24,common_index_cache,-0.33,-0.69,-1.41,0.7,0.37,-0.29,8.93,9.28
2026-04-24,600110,诺德股份,99,4462.0,10jqka,post_close,2026-04-24 15:00:00,2026-04-10,8,3,43.0,-56.0,ok,2026-04-24,8.94,9.76,9.95,8.63,2658344.0,5.29,-2.3,-2.3,0.856,1.35,-1.05,-2.57,0.72,-10.29,0.144,False,False,0.0,40.0,不推送,False,当日上涨；收盘承接较强；温和放量；站上20日线且不过热；连续上榜确认,近5日趋势未确认；人气排名明显回落,不主动推送。,v2,震荡,45.18,-0.73,0.34,0,2026-04-24,common_index_cache,-0.33,-0.69,-1.41,0.7,0.37,-0.29,6.02,-2.64
2026-04-24,600208,衢州发展,100,4423.0,10jqka,post_close,2026-04-24 15:00:00,2026-04-24,1,1,,,ok,2026-04-24,4.3,4.73,4.73,4.27,3586563.0,10.0,21.28,32.12,1.0,1.22,13.76,26.54,36.53,0.0,0.0,True,False,0.0,61.0,普通观察,True,当日涨停附近；收在日内高位；温和放量；近5日强势延续；v2低分涨停修正,短线涨幅偏高；偏离20日线较大,保留在样本池，继续看次日人气和承接。,v2,震荡,45.18,-0.73,0.34,0,2026-04-24,common_index_cache,-0.33,-0.69,-1.41,0.7,0.37,-0.29,10.73,31.78
2026-04-27,002580,圣阳股份,1,220304.0,10jqka,post_close,2026-04-27 15:00:00,2026-04-10,12,12,12.0,11.0,ok,2026-04-27,27.26,28.82,30.15,26.5,1591833.0,4.04,7.82,-12.67,0.636,1.24,2.99,3.1,27.28,-14.33,0.364,False,False,0.0,64.0,普通观察,True,人气Top3；当日上涨；温和放量；站上20日线且不过热；持续霸榜；人气排名明显上升,近5日趋势未确认；热度可能进入后段,保留在样本池，继续看次日人气和承接。,v2,震荡,50.21,0.06,-0.09,0,2026-04-27,common_index_cache,0.16,0.37,-0.52,0.1,0.19,-0.78,3.98,-12.58
2026-04-27,600118,中国卫星,2,214980.0,10jqka,post_close,2026-04-27 15:00:00,2026-04-20,6,6,85.0,83.0,ok,2026-04-27,94.0,99.5,103.12,93.07,757763.0,3.32,1.97,5.27,0.64,0.79,0.39,6.74,15.36,-8.63,0.36,False,False,0.0,66.0,普通观察,True,人气Top3；当日上涨；近5日趋势升温；站上20日线且不过热；持续霸榜；人气排名明显上升,热度可能进入后段,保留在样本池，继续看次日人气和承接。,v2,震荡,50.21,0.06,-0.09,0,2026-04-27,common_index_cache,0.16,0.37,-0.52,0.1,0.19,-0.78,3.26,5.36
2026-04-27,002297,博云新材,3,122446.0,10jqka,post_close,2026-04-27 15:00:00,2026-04-10,11,8,19.0,16.0,ok,2026-04-27,21.0,20.53,21.0,20.07,1656089.0,-7.94,1.18,5.5,0.495,0.92,-1.63,10.68,38.66,-8.55,0.0,False,False,0.0,52.0,不推送,False,人气Top3；温和放量；近5日趋势升温；持续霸榜；人气排名明显上升,当日转弱；偏离20日线较大；热度可能进入后段,不主动推送。,v2,震荡,50.21,0.06,-0.09,0,2026-04-27,common_index_cache,0.16,0.37,-0.52,0.1,0.19,-0.78,-8.0,5.59
2026-04-27,002361,神剑股份,4,122163.0,10jqka,post_close,2026-04-27 15:00:00,2026-04-10,12,12,3.0,-1.0,ok,2026-04-27,20.39,21.66,21.98,20.39,2545697.0,0.93,-8.41,4.99,0.799,0.76,-3.69,4.9,17.2,-9.56,0.201,False,False,0.0,46.0,不推送,False,人气Top10；收盘承接较强；站上20日线且不过热；持续霸榜,热度可能进入后段,不主动推送。,v2,震荡,50.21,0.06,-0.09,0,2026-04-27,common_index_cache,0.16,0.37,-0.52,0.1,0.19,-0.78,0.87,5.08
2026-04-27,600487,亨通光电,5,114052.0,10jqka,post_close,2026-04-27 15:00:00,2026-04-10,12,12,10.0,5.0,ok,2026-04-27,69.54,71.38,74.49,68.9,2495122.0,2.65,8.51,17.23,0.444,1.13,6.21,16.92,22.36,-4.18,0.556,False,False,0.0,44.0,不推送,False,人气Top10；温和放量；近5日趋势升温；站上20日线且不过热；持续霸榜,收盘承接偏弱；热度可能进入后段；上影线偏长,不主动推送。,v2,震荡,50.21,0.06,-0.09,0,2026-04-27,common_index_cache,0.16,0.37,-0.52,0.1,0.19,-0.78,2.59,17.32
2026-04-27,600522,中天科技,6,111854.0,10jqka,post_close,2026-04-27 15:00:00,2026-04-10,8,7,8.0,2.0,ok,2026-04-27,34.29,35.78,36.53,34.23,3393558.0,7.74,2.76,15.61,0.674,1.2,5.04,14.12,16.84,-2.05,0.326,False,False,0.0,78.0,重点观察,True,人气Top10；当日强涨；温和放量；近5日趋势升温；站上20日线且不过热；持续霸榜,热度可能进入后段,只做观察或轻仓试错，等待回落承接和量能不失控。,v2,震荡,50.21,0.06,-0.09,0,2026-04-27,common_index_cache,0.16,0.37,-0.52,0.1,0.19,-0.78,7.68,15.7
2026-04-27,002475,立讯精密,7,87999.0,10jqka,post_close,2026-04-27 15:00:00,2026-04-10,12,12,70.0,63.0,ok,2026-04-27,67.98,71.97,72.6,67.5,3273500.0,9.05,5.79,9.49,0.876,1.18,5.99,11.86,23.77,-0.87,0.124,False,False,0.0,92.0,强推观察,True,人气Top10；当日强涨；收盘承接较强；温和放量；近5日趋势升温；站上20日线且不过热；持续霸榜；人气排名明显上升,热度可能进入后段,高风险情绪股：不追一字，优先看分歧承接，跌破5日线或人气退潮就跑。,v2,震荡,50.21,0.06,-0.09,0,2026-04-27,common_index_cache,0.16,0.37,-0.52,0.1,0.19,-0.78,8.99,9.58
2026-04-27,002709,天赐材料,8,85521.0,10jqka,post_close,2026-04-27 15:00:00,2026-04-10,9,2,21.0,13.0,ok,2026-04-27,52.78,54.96,55.1,51.95,1470462.0,4.21,5.49,10.69,0.956,1.11,5.01,8.67,14.79,-0.25,0.044,False,False,0.0,102.0,强推观察,True,人气Top10；当日上涨；收在日内高位；温和放量；近5日趋势升温；站上20日线且不过热；连续上榜确认；人气排名明显上升；v2连榜升温修正,-,高风险情绪股：不追一字，优先看分歧承接，跌破5日线或人气退潮就跑。,v2,震荡,50.21,0.06,-0.09,0,2026-04-27,common_index_cache,0.16,0.37,-0.52,0.1,0.19,-0.78,4.15,10.78
2026-04-27,601778,晶科科技,9,84157.0,10jqka,post_close,2026-04-27 15:00:00,2026-04-14,10,10,6.0,-3.0,ok,2026-04-27,7.14,6.94,7.2,6.9,6124901.0,-3.21,6.12,6.61,0.133,0.75,1.49,4.6,19.1,-11.93,0.2,False,False,0.0,26.0,不推送,False,人气Top10；近5日趋势升温；站上20日线且不过热；持续霸榜,当日转弱；收盘承接偏弱；热度可能进入后段,不主动推送。,v2,震荡,50.21,0.06,-0.09,0,2026-04-27,common_index_cache,0.16,0.37,-0.52,0.1,0.19,-0.78,-3.27,6.7
2026-04-27,002565,顺灏股份,10,83032.0,10jqka,post_close,2026-04-27 15:00:00,2026-04-14,10,10,5.0,-5.0,ok,2026-04-27,19.01,18.57,19.32,18.4,1912740.0,-6.21,-15.4,-8.48,0.185,0.73,-9.33,-4.46,3.61,-19.23,0.337,False,False,0.0,10.0,不推送,False,人气Top10；站上20日线且不过热；持续霸榜,当日转弱；收盘承接偏弱；近5日趋势未确认；热度可能进入后段,不主动推送。,v2,震荡,50.21,0.06,-0.09,0,2026-04-27,common_index_cache,0.16,0.37,-0.52,0.1,0.19,-0.78,-6.27,-8.39
2026-04-27,601138,工业富联,11,76765.0,10jqka,post_close,2026-04-27 15:00:00,2026-04-10,12,12,26.0,15.0,ok,2026-04-27,66.01,67.25,68.0,65.38,2358367.0,3.45,0.54,9.33,0.714,0.97,2.37,7.25,15.78,-2.68,0.286,False,False,0.0,66.0,普通观察,True,人气Top20；当日上涨；温和放量；近5日趋势升温；站上20日线且不过热；持续霸榜；人气排名明显上升,热度可能进入后段,保留在样本池，继续看次日人气和承接。,v2,震荡,50.21,0.06,-0.09,0,2026-04-27,common_index_cache,0.16,0.37,-0.52,0.1,0.19,-0.78,3.39,9.42
2026-04-27,002015,协鑫能科,12,75422.0,10jqka,post_close,2026-04-27 15:00:00,2026-04-15,9,9,27.0,15.0,ok,2026-04-27,18.9,18.31,19.45,18.25,1521387.0,-6.15,-7.85,-4.44,0.05,0.78,-5.89,-3.04,2.04,-20.36,0.458,False,False,0.0,6.0,不推送,False,人气Top20；站上20日线且不过热；持续霸榜；人气排名明显上升,当日转弱；收盘承接偏弱；近5日趋势未确认；热度可能进入后段,不主动推送。,v2,震荡,50.21,0.06,-0.09,0,2026-04-27,common_index_cache,0.16,0.37,-0.52,0.1,0.19,-0.78,-6.21,-4.35
2026-04-27,002342,巨力索具,13,68707.0,10jqka,post_close,2026-04-27 15:00:00,2026-04-10,12,12,9.0,-4.0,ok,2026-04-27,18.29,18.42,19.08,17.49,1715392.0,-3.31,-8.59,-5.39,0.585,0.65,-6.02,-3.3,10.53,-14.01,0.415,False,False,0.0,14.0,不推送,False,人气Top20；站上20日线且不过热；持续霸榜,当日转弱；近5日趋势未确认；热度可能进入后段,不主动推送。,v2,震荡,50.21,0.06,-0.09,0,2026-04-27,common_index_cache,0.16,0.37,-0.52,0.1,0.19,-0.78,-3.37,-5.3
2026-04-27,000547,航天发展,14,66784.0,10jqka,post_close,2026-04-27 15:00:00,2026-04-14,7,1,100.0,86.0,ok,2026-04-27,26.0,25.34,26.04,25.1,1247364.0,-3.65,-6.84,-11.86,0.255,0.65,-4.79,-6.51,-6.5,-26.85,0.043,False,False,0.0,0.0,不推送,False,人气Top20；人气排名明显上升,当日转弱；收盘承接偏弱；近5日趋势未确认；仍在20日线下方,不主动推送。,v2,震荡,50.21,0.06,-0.09,0,2026-04-27,common_index_cache,0.16,0.37,-0.52,0.1,0.19,-0.78,-3.71,-11.77
2026-04-27,601698,中国卫通,15,66633.0,10jqka,post_close,2026-04-27 15:00:00,2026-04-20,3,1,100.0,85.0,ok,2026-04-27,35.7,36.84,37.58,35.33,786978.0,2.08,-2.31,-1.44,0.671,0.62,-1.5,2.29,7.72,-13.32,0.329,False,False,0.0,24.0,不推送,False,人气Top20；站上20日线且不过热；人气排名明显上升,近5日趋势未确认,不主动推送。,v2,震荡,50.21,0.06,-0.09,0,2026-04-27,common_index_cache,0.16,0.37,-0.52,0.1,0.19,-0.78,2.02,-1.35
2026-04-27,002491,通鼎互联,16,65216.0,10jqka,post_close,2026-04-27 15:00:00,2026-04-10,10,1,94.0,78.0,ok,2026-04-27,15.61,16.82,17.0,15.45,2000595.0,7.48,-2.32,1.08,0.884,1.04,1.0,5.16,14.08,-7.58,0.116,False,False,0.0,68.0,普通观察,True,人气Top20；当日强涨；收盘承接较强；温和放量；站上20日线且不过热；人气排名明显上升,-,保留在样本池，继续看次日人气和承接。,v2,震荡,50.21,0.06,-0.09,0,2026-04-27,common_index_cache,0.16,0.37,-0.52,0.1,0.19,-0.78,7.42,1.17
2026-04-27,300346,南大光电,17,65083.0,10jqka,post_close,2026-04-27 15:00:00,2026-04-27,1,1,,,ok,2026-04-27,53.3,51.73,55.46,50.96,768404.0,-3.43,0.49,2.25,0.171,1.49,-0.67,2.53,6.86,-14.21,0.48,False,False,0.0,16.0,不推送,False,人气Top20；温和放量；站上20日线且不过热,当日转弱；收盘承接偏弱,不主动推送。,v2,震荡,50.21,0.06,-0.09,0,2026-04-27,common_index_cache,0.16,0.37,-0.52,0.1,0.19,-0.78,-3.49,2.34
2026-04-27,002149,西部材料,18,64919.0,10jqka,post_close,2026-04-27 15:00:00,2026-04-14,9,7,18.0,0.0,ok,2026-04-27,57.4,57.88,59.2,56.6,667142.0,-0.03,-9.7,-3.98,0.492,0.68,-5.28,0.15,9.19,-13.5,0.508,False,False,0.0,14.0,不推送,False,人气Top20；站上20日线且不过热；持续霸榜,当日转弱；近5日趋势未确认；热度可能进入后段,不主动推送。,v2,震荡,50.21,0.06,-0.09,0,2026-04-27,common_index_cache,0.16,0.37,-0.52,0.1,0.19,-0.78,-0.09,-3.89
2026-04-27,603538,美诺华,19,63847.0,10jqka,post_close,2026-04-27 15:00:00,2026-04-10,12,12,32.0,13.0,ok,2026-04-27,56.5,56.4,59.38,54.8,541288.0,-2.05,11.68,9.71,0.349,0.96,3.46,4.65,16.2,-5.05,0.629,False,False,0.0,36.0,不推送,False,人气Top20；温和放量；近5日趋势升温；站上20日线且不过热；持续霸榜；人气排名明显上升,当日转弱；收盘承接偏弱；热度可能进入后段,不主动推送。,v2,震荡,50.21,0.06,-0.09,0,2026-04-27,common_index_cache,0.16,0.37,-0.52,0.1,0.19,-0.78,-2.11,9.8
2026-04-27,002202,金风科技,20,62387.0,10jqka,post_close,2026-04-27 15:00:00,2026-04-10,12,12,44.0,24.0,ok,2026-04-27,26.21,26.53,26.98,26.21,2412312.0,4.12,1.14,-0.23,0.416,1.29,1.98,3.09,5.32,-20.33,0.584,False,False,0.0,32.0,不推送,False,人气Top20；当日上涨；温和放量；站上20日线且不过热；持续霸榜；人气排名明显上升,收盘承接偏弱；近5日趋势未确认；热度可能进入后段；上影线偏长,不主动推送。,v2,震荡,50.21,0.06,-0.09,0,2026-04-27,common_index_cache,0.16,0.37,-0.52,0.1,0.19,-0.78,4.06,-0.14
2026-04-27,002131,利欧股份,21,62357.0,10jqka,post_close,2026-04-27 15:00:00,2026-04-10,12,12,37.0,16.0,ok,2026-04-27,7.09,6.8,7.18,6.73,6569398.0,-7.73,-14.79,-18.17,0.156,1.2,-10.57,-13.13,-12.45,-34.11,0.2,False,False,0.0,0.0,不推送,False,人气Top50；温和放量；持续霸榜；人气排名明显上升,当日转弱；收盘承接偏弱；近5日趋势未确认；仍在20日线下方；热度可能进入后段,不主动推送。,v2,震荡,50.21,0.06,-0.09,0,2026-04-27,common_index_cache,0.16,0.37,-0.52,0.1,0.19,-0.78,-7.79,-18.08
2026-04-27,002261,拓维信息,22,61769.0,10jqka,post_close,2026-04-27 15:00:00,2026-04-15,6,2,24.0,2.0,ok,2026-04-27,39.55,38.3,39.78,38.15,1699080.0,-2.99,-0.34,1.67,0.092,1.09,0.48,1.88,5.65,-13.07,0.141,False,False,0.0,16.0,不推送,False,人气Top50；温和放量；站上20日线且不过热；连续上榜确认,当日转弱；收盘承接偏弱,不主动推送。,v2,震荡,50.21,0.06,-0.09,0,2026-04-27,common_index_cache,0.16,0.37,-0.52,0.1,0.19,-0.78,-3.05,1.76
2026-04-27,603318,水发燃气,23,59153.0,10jqka,post_close,2026-04-27 15:00:00,2026-04-24,2,2,40.0,17.0,ok,2026-04-27,12.24,12.53,12.53,11.84,942143.0,10.01,33.16,47.93,1.0,1.86,19.95,36.94,48.0,0.0,0.0,True,False,0.0,46.0,不推送,False,人气Top50；当日涨停附近；收在日内高位；放量仍可控；连续上榜确认；人气排名明显上升,短线涨幅过热；远离20日线过多,不主动推送。,v2,震荡,50.21,0.06,-0.09,0,2026-04-27,common_index_cache,0.16,0.37,-0.52,0.1,0.19,-0.78,9.95,48.02
2026-04-27,002156,通富微电,24,58947.0,10jqka,post_close,2026-04-27 15:00:00,2026-04-17,2,1,87.0,63.0,ok,2026-04-27,50.86,51.2,52.05,49.84,1577881.0,5.74,4.72,5.59,0.615,1.77,5.36,6.35,12.49,-10.71,0.385,False,False,0.0,54.0,不推送,False,人气Top50；当日上涨；温和放量；近5日趋势升温；站上20日线且不过热；人气排名明显上升,-,不主动推送。,v2,震荡,50.21,0.06,-0.09,0,2026-04-27,common_index_cache,0.16,0.37,-0.52,0.1,0.19,-0.78,5.68,5.68
2026-04-27,002407,多氟多,25,58428.0,10jqka,post_close,2026-04-27 15:00:00,2026-04-14,4,2,7.0,-18.0,ok,2026-04-27,33.63,34.52,34.89,33.52,2285323.0,4.48,8.18,14.61,0.73,1.76,6.9,10.43,16.59,-1.06,0.27,False,False,0.0,58.0,不推送,False,人气Top50；当日上涨；温和放量；近5日趋势升温；站上20日线且不过热；连续上榜确认,-,不主动推送。,v2,震荡,50.21,0.06,-0.09,0,2026-04-27,common_index_cache,0.16,0.37,-0.52,0.1,0.19,-0.78,4.42,14.7
2026-04-27,600726,华电能源,26,57880.0,10jqka,post_close,2026-04-27 15:00:00,2026-04-23,3,3,17.0,-9.0,ok,2026-04-27,5.64,6.38,6.38,5.22,5721151.0,10.0,33.19,39.3,1.0,1.73,18.63,26.97,23.5,-10.89,0.0,True,False,0.0,89.0,重点观察,True,人气Top50；当日涨停附近；收在日内高位；温和放量；近5日强势延续；站上20日线且不过热；连续上榜确认；v2连榜升温修正,短线涨幅偏高,只做观察或轻仓试错，等待回落承接和量能不失控。,v2,震荡,50.21,0.06,-0.09,0,2026-04-27,common_index_cache,0.16,0.37,-0.52,0.1,0.19,-0.78,9.94,39.39
2026-04-27,002445,中南文化,27,56104.0,10jqka,post_close,2026-04-27 15:00:00,2026-04-27,1,1,,,ok,2026-04-27,3.6,3.79,3.9,3.45,2978672.0,6.76,9.86,11.14,0.756,1.9,6.88,9.19,6.16,-20.55,0.244,False,False,0.0,54.0,不推送,False,人气Top50；当日上涨；收盘承接较强；放量仍可控；近5日趋势升温；站上20日线且不过热,-,不主动推送。,v2,震荡,50.21,0.06,-0.09,0,2026-04-27,common_index_cache,0.16,0.37,-0.52,0.1,0.19,-0.78,6.7,11.23
2026-04-27,600410,华胜天成,28,54419.0,10jqka,post_close,2026-04-27 15:00:00,2026-04-10,12,12,59.0,31.0,ok,2026-04-27,26.9,26.0,26.9,26.0,1344362.0,-4.38,-9.5,-10.31,0.0,0.78,-5.34,-6.29,-3.57,-24.22,0.0,False,False,0.0,0.0,不推送,False,人气Top50；持续霸榜；人气排名明显上升,当日转弱；收盘承接偏弱；近5日趋势未确认；热度可能进入后段,不主动推送。,v2,震荡,50.21,0.06,-0.09,0,2026-04-27,common_index_cache,0.16,0.37,-0.52,0.1,0.19,-0.78,-4.44,-10.22
2026-04-27,600110,诺德股份,29,53282.0,10jqka,post_close,2026-04-27 15:00:00,2026-04-10,9,4,99.0,70.0,ok,2026-04-27,9.6,10.48,10.5,9.5,2187787.0,7.38,1.75,4.8,0.98,1.03,5.22,4.32,7.14,-3.68,0.02,False,False,0.0,74.0,普通观察,True,人气Top50；当日强涨；收在日内高位；温和放量；站上20日线且不过热；连续上榜确认；人气排名明显上升,-,保留在样本池，继续看次日人气和承接。,v2,震荡,50.21,0.06,-0.09,0,2026-04-27,common_index_cache,0.16,0.37,-0.52,0.1,0.19,-0.78,7.32,4.89
2026-04-27,002081,金螳螂,30,52537.0,10jqka,post_close,2026-04-27 15:00:00,2026-04-20,6,6,11.0,-19.0,ok,2026-04-27,4.52,4.43,4.83,4.4,3794102.0,-9.41,-10.32,8.58,0.07,1.6,-8.4,5.33,17.21,-18.86,0.721,False,False,0.0,24.0,不推送,False,人气Top50；温和放量；近5日趋势升温；站上20日线且不过热；持续霸榜,当日转弱；收盘承接偏弱；热度可能进入后段,不主动推送。,v2,震荡,50.21,0.06,-0.09,0,2026-04-27,common_index_cache,0.16,0.37,-0.52,0.1,0.19,-0.78,-9.47,8.67
2026-04-27,600707,彩虹股份,31,52449.0,10jqka,post_close,2026-04-27 15:00:00,2026-04-10,4,1,50.0,19.0,ok,2026-04-27,8.05,8.88,8.88,8.01,1733130.0,10.04,0.23,3.62,1.0,0.94,3.76,10.65,26.97,-3.16,0.0,True,False,0.0,72.0,普通观察,True,人气Top50；当日涨停附近；收在日内高位；温和放量；站上20日线且不过热；人气排名明显上升,-,保留在样本池，继续看次日人气和承接。,v2,震荡,50.21,0.06,-0.09,0,2026-04-27,common_index_cache,0.16,0.37,-0.52,0.1,0.19,-0.78,9.98,3.71
2026-04-27,600879,航天电子,32,52319.0,10jqka,post_close,2026-04-27 15:00:00,2026-04-14,5,1,85.0,53.0,ok,2026-04-27,23.43,23.39,23.87,22.94,1495577.0,-0.97,-7.22,-8.38,0.484,0.65,-4.73,-2.78,3.0,-25.65,0.473,False,False,0.0,6.0,不推送,False,人气Top50；站上20日线且不过热；人气排名明显上升,当日转弱；近5日趋势未确认,不主动推送。,v2,震荡,50.21,0.06,-0.09,0,2026-04-27,common_index_cache,0.16,0.37,-0.52,0.1,0.19,-0.78,-1.03,-8.29
2026-04-27,301308,江波龙,33,51798.0,10jqka,post_close,2026-04-27 15:00:00,2026-04-27,1,1,,,ok,2026-04-27,374.93,393.46,399.88,369.1,189548.0,5.43,2.8,4.86,0.791,1.32,4.45,4.8,14.32,-1.61,0.209,False,False,0.0,48.0,不推送,False,人气Top50；当日上涨；收盘承接较强；温和放量；站上20日线且不过热,-,不主动推送。,v2,震荡,50.21,0.06,-0.09,0,2026-04-27,common_index_cache,0.16,0.37,-0.52,0.1,0.19,-0.78,5.37,4.95
2026-04-27,601899,紫金矿业,34,51754.0,10jqka,post_close,2026-04-27 15:00:00,2026-04-10,12,12,54.0,20.0,ok,2026-04-27,34.0,33.56,34.25,33.48,2310885.0,-2.19,-5.54,-3.62,0.104,0.76,-3.26,-3.57,-1.59,-25.32,0.325,False,False,0.0,0.0,不推送,False,人气Top50；持续霸榜；人气排名明显上升,当日转弱；收盘承接偏弱；近5日趋势未确认；热度可能进入后段,不主动推送。,v2,震荡,50.21,0.06,-0.09,0,2026-04-27,common_index_cache,0.16,0.37,-0.52,0.1,0.19,-0.78,-2.25,-3.53
2026-04-27,002176,江特电机,35,50239.0,10jqka,post_close,2026-04-27 15:00:00,2026-04-24,2,2,50.0,15.0,ok,2026-04-27,13.83,14.49,14.79,13.51,3507638.0,6.39,16.95,29.14,0.766,2.06,12.17,20.36,28.82,-2.03,0.234,False,False,0.0,57.0,不推送,False,人气Top50；当日上涨；收盘承接较强；放量仍可控；近5日强势延续；连续上榜确认；人气排名明显上升；v2连榜升温修正,短线涨幅偏高；偏离20日线较大,不主动推送。,v2,震荡,50.21,0.06,-0.09,0,2026-04-27,common_index_cache,0.16,0.37,-0.52,0.1,0.19,-0.78,6.33,29.23
2026-04-27,300136,信维通信,36,49377.0,10jqka,post_close,2026-04-27 15:00:00,2026-04-15,6,3,64.0,28.0,ok,2026-04-27,81.18,88.46,91.0,81.18,1391488.0,8.81,11.24,13.7,0.741,1.06,7.95,14.99,26.1,-6.47,0.259,False,False,0.0,78.0,重点观察,True,人气Top50；当日强涨；温和放量；近5日趋势升温；站上20日线且不过热；连续上榜确认；人气排名明显上升；v2连榜升温修正,-,只做观察或轻仓试错，等待回落承接和量能不失控。,v2,震荡,50.21,0.06,-0.09,0,2026-04-27,common_index_cache,0.16,0.37,-0.52,0.1,0.19,-0.78,8.75,13.79
2026-04-27,601016,节能风电,37,49254.0,10jqka,post_close,2026-04-27 15:00:00,2026-04-23,3,3,39.0,2.0,ok,2026-04-27,4.38,4.65,4.75,4.25,7512693.0,3.79,14.25,13.41,0.8,1.22,6.41,10.29,11.62,-18.85,0.2,False,False,0.0,76.0,重点观察,True,人气Top50；当日上涨；收盘承接较强；温和放量；近5日趋势升温；站上20日线且不过热；连续上榜确认；v2连榜升温修正,-,只做观察或轻仓试错，等待回落承接和量能不失控。,v2,震荡,50.21,0.06,-0.09,0,2026-04-27,common_index_cache,0.16,0.37,-0.52,0.1,0.19,-0.78,3.73,13.5
2026-04-27,300058,蓝色光标,38,48958.0,10jqka,post_close,2026-04-27 15:00:00,2026-04-10,12,12,23.0,-15.0,ok,2026-04-27,17.41,17.27,17.67,17.18,3803360.0,-0.75,-10.24,-11.57,0.184,0.57,-5.83,-4.12,4.43,-29.31,0.531,False,False,0.0,0.0,不推送,False,人气Top50；站上20日线且不过热；持续霸榜,当日转弱；收盘承接偏弱；近5日趋势未确认；热度可能进入后段,不主动推送。,v2,震荡,50.21,0.06,-0.09,0,2026-04-27,common_index_cache,0.16,0.37,-0.52,0.1,0.19,-0.78,-0.81,-11.48
2026-04-27,300308,中际旭创,39,47803.0,10jqka,post_close,2026-04-27 15:00:00,2026-04-10,12,12,22.0,-17.0,ok,2026-04-27,898.0,856.03,899.0,853.0,318149.0,-3.38,-3.45,0.71,0.066,1.05,-2.51,1.28,15.15,-6.95,0.022,False,False,0.0,12.0,不推送,False,人气Top50；温和放量；站上20日线且不过热；持续霸榜,当日转弱；收盘承接偏弱；热度可能进入后段,不主动推送。,v2,震荡,50.21,0.06,-0.09,0,2026-04-27,common_index_cache,0.16,0.37,-0.52,0.1,0.19,-0.78,-3.44,0.8
2026-04-27,600415,小商品城,40,47417.0,10jqka,post_close,2026-04-27 15:00:00,2026-04-13,4,1,49.0,9.0,ok,2026-04-27,13.25,13.88,13.97,13.25,1824530.0,4.75,10.69,12.3,0.875,1.25,5.71,9.29,7.85,-19.68,0.125,False,False,0.0,60.0,普通观察,True,人气Top50；当日上涨；收盘承接较强；温和放量；近5日趋势升温；站上20日线且不过热,-,保留在样本池，继续看次日人气和承接。,v2,震荡,50.21,0.06,-0.09,0,2026-04-27,common_index_cache,0.16,0.37,-0.52,0.1,0.19,-0.78,4.69,12.39
2026-04-27,600396,华电辽能,41,47125.0,10jqka,post_close,2026-04-27 15:00:00,2026-04-10,12,12,4.0,-37.0,ok,2026-04-27,8.52,10.12,10.12,8.51,2815152.0,10.0,13.2,36.94,1.0,0.86,9.48,20.3,27.47,-6.3,0.0,True,False,0.0,73.0,普通观察,True,人气Top50；当日涨停附近；收在日内高位；温和放量；近5日强势延续；站上20日线且不过热；持续霸榜,短线涨幅偏高；热度可能进入后段；人气排名明显回落,保留在样本池，继续看次日人气和承接。,v2,震荡,50.21,0.06,-0.09,0,2026-04-27,common_index_cache,0.16,0.37,-0.52,0.1,0.19,-0.78,9.94,37.03
2026-04-27,002384,东山精密,42,45771.0,10jqka,post_close,2026-04-27 15:00:00,2026-04-10,12,12,38.0,-4.0,ok,2026-04-27,188.0,186.7,190.55,178.86,907451.0,-0.64,0.19,18.92,0.671,0.87,1.8,11.3,30.43,-4.74,0.218,False,False,0.0,26.0,不推送,False,人气Top50；温和放量；近5日趋势升温；持续霸榜,当日转弱；偏离20日线较大；热度可能进入后段,不主动推送。,v2,震荡,50.21,0.06,-0.09,0,2026-04-27,common_index_cache,0.16,0.37,-0.52,0.1,0.19,-0.78,-0.7,19.01
2026-04-27,600186,莲花控股,43,44189.0,10jqka,post_close,2026-04-27 15:00:00,2026-04-15,7,5,56.0,13.0,ok,2026-04-27,9.19,9.34,9.58,8.97,3139244.0,2.19,8.73,18.68,0.607,1.08,4.69,11.83,19.52,-4.69,0.393,False,False,0.0,50.0,不推送,False,人气Top50；温和放量；近5日趋势升温；站上20日线且不过热；持续霸榜；人气排名明显上升,热度可能进入后段,不主动推送。,v2,震荡,50.21,0.06,-0.09,0,2026-04-27,common_index_cache,0.16,0.37,-0.52,0.1,0.19,-0.78,2.13,18.77
2026-04-27,002624,完美世界,44,43878.0,10jqka,post_close,2026-04-27 15:00:00,2026-04-16,4,3,16.0,-28.0,ok,2026-04-27,16.17,16.28,16.73,16.02,1510709.0,-4.91,-19.45,-19.21,0.366,1.33,-12.12,-15.63,-15.65,-31.25,0.634,False,False,0.0,0.0,不推送,False,人气Top50；温和放量；连续上榜确认,当日转弱；收盘承接偏弱；近5日趋势未确认；仍在20日线下方；人气排名明显回落,不主动推送。,v2,震荡,50.21,0.06,-0.09,0,2026-04-27,common_index_cache,0.16,0.37,-0.52,0.1,0.19,-0.78,-4.97,-19.12
2026-04-27,600330,天通股份,45,42763.0,10jqka,post_close,2026-04-27 15:00:00,2026-04-10,7,1,81.0,36.0,ok,2026-04-27,27.6,27.42,28.48,26.84,2614549.0,5.91,5.99,14.73,0.354,1.14,6.86,17.13,34.2,-3.72,0.537,False,False,0.0,26.0,不推送,False,人气Top50；当日上涨；温和放量；近5日趋势升温；人气排名明显上升,收盘承接偏弱；偏离20日线较大；上影线偏长,不主动推送。,v2,震荡,50.21,0.06,-0.09,0,2026-04-27,common_index_cache,0.16,0.37,-0.52,0.1,0.19,-0.78,5.85,14.82
2026-04-27,001896,豫能控股,46,42402.0,10jqka,post_close,2026-04-27 15:00:00,2026-04-13,11,11,48.0,2.0,ok,2026-04-27,16.3,16.39,17.16,15.92,1313074.0,-2.15,-6.34,-12.77,0.379,0.6,-4.39,-3.74,7.79,-13.05,0.621,False,False,0.0,0.0,不推送,False,人气Top50；站上20日线且不过热；持续霸榜,当日转弱；收盘承接偏弱；近5日趋势未确认；热度可能进入后段,不主动推送。,v2,震荡,50.21,0.06,-0.09,0,2026-04-27,common_index_cache,0.16,0.37,-0.52,0.1,0.19,-0.78,-2.21,-12.68
2026-04-27,600460,士兰微,47,41232.0,10jqka,post_close,2026-04-27 15:00:00,2026-04-27,1,1,,,ok,2026-04-27,28.07,28.93,29.19,27.7,640711.0,3.99,4.78,5.78,0.826,2.03,4.21,5.86,8.85,-17.3,0.174,False,False,0.0,54.0,不推送,False,人气Top50；当日上涨；收盘承接较强；放量仍可控；近5日趋势升温；站上20日线且不过热,-,不主动推送。,v2,震荡,50.21,0.06,-0.09,0,2026-04-27,common_index_cache,0.16,0.37,-0.52,0.1,0.19,-0.78,3.93,5.87
2026-04-27,603778,国晟科技,48,40584.0,10jqka,post_close,2026-04-27 15:00:00,2026-04-10,12,12,36.0,-12.0,ok,2026-04-27,27.0,26.36,27.33,26.06,577011.0,-0.64,1.0,-1.2,0.236,0.59,-2.03,-1.81,-6.67,-23.08,0.26,False,False,0.0,0.0,不推送,False,人气Top50；持续霸榜,当日转弱；收盘承接偏弱；近5日趋势未确认；仍在20日线下方；热度可能进入后段,不主动推送。,v2,震荡,50.21,0.06,-0.09,0,2026-04-27,common_index_cache,0.16,0.37,-0.52,0.1,0.19,-0.78,-0.7,-1.11
2026-04-27,600105,永鼎股份,49,40265.0,10jqka,post_close,2026-04-27 15:00:00,2026-04-10,12,12,29.0,-20.0,ok,2026-04-27,49.91,48.52,50.4,47.28,1394350.0,-1.0,6.57,16.08,0.397,0.82,4.14,12.77,28.99,-4.86,0.157,False,False,0.0,10.0,不推送,False,人气Top50；温和放量；近5日趋势升温；持续霸榜,当日转弱；收盘承接偏弱；偏离20日线较大；热度可能进入后段；人气排名明显回落,不主动推送。,v2,震荡,50.21,0.06,-0.09,0,2026-04-27,common_index_cache,0.16,0.37,-0.52,0.1,0.19,-0.78,-1.06,16.17
2026-04-27,000559,万向钱潮,50,39821.0,10jqka,post_close,2026-04-27 15:00:00,2026-04-10,4,1,25.0,-25.0,ok,2026-04-27,17.0,17.08,17.42,16.67,988917.0,-3.5,-0.41,2.89,0.547,0.71,-2.04,0.86,5.36,-18.2,0.453,False,False,0.0,2.0,不推送,False,人气Top50；站上20日线且不过热,当日转弱；人气排名明显回落,不主动推送。,v2,震荡,50.21,0.06,-0.09,0,2026-04-27,common_index_cache,0.16,0.37,-0.52,0.1,0.19,-0.78,-3.56,2.98
2026-04-27,002340,格林美,51,39265.0,10jqka,post_close,2026-04-27 15:00:00,2026-04-21,2,1,43.0,-8.0,ok,2026-04-27,8.57,8.92,8.99,8.56,3474253.0,5.81,4.08,5.44,0.837,2.25,4.4,5.61,8.94,-12.38,0.163,False,False,0.0,46.0,不推送,False,当日上涨；收盘承接较强；放量仍可控；近5日趋势升温；站上20日线且不过热,-,不主动推送。,v2,震荡,50.21,0.06,-0.09,0,2026-04-27,common_index_cache,0.16,0.37,-0.52,0.1,0.19,-0.78,5.75,5.53
2026-04-27,600986,浙文互联,52,38913.0,10jqka,post_close,2026-04-27 15:00:00,2026-04-16,5,3,30.0,-22.0,ok,2026-04-27,12.0,11.43,12.22,11.07,2940505.0,-7.07,3.63,1.15,0.313,1.16,-1.21,2.35,8.92,-30.64,0.191,False,False,0.0,4.0,不推送,False,温和放量；站上20日线且不过热；连续上榜确认,当日转弱；收盘承接偏弱；人气排名明显回落,不主动推送。,v2,震荡,50.21,0.06,-0.09,0,2026-04-27,common_index_cache,0.16,0.37,-0.52,0.1,0.19,-0.78,-7.13,1.24
2026-04-27,300502,新易盛,53,38597.0,10jqka,post_close,2026-04-27 15:00:00,2026-04-10,10,4,2.0,-51.0,ok,2026-04-27,549.4,538.0,553.0,534.86,468082.0,0.14,-13.6,-7.72,0.173,0.98,-6.75,-4.12,3.85,-14.3,0.198,False,False,0.0,10.0,不推送,False,温和放量；站上20日线且不过热；连续上榜确认,收盘承接偏弱；近5日趋势未确认；人气排名明显回落,不主动推送。,v2,震荡,50.21,0.06,-0.09,0,2026-04-27,common_index_cache,0.16,0.37,-0.52,0.1,0.19,-0.78,0.08,-7.63
2026-04-27,300342,天银机电,54,38378.0,10jqka,post_close,2026-04-27 15:00:00,2026-04-20,5,1,32.0,-22.0,ok,2026-04-27,68.6,71.82,72.28,67.6,504715.0,1.31,8.49,13.96,0.902,0.67,2.62,13.34,21.14,-4.87,0.098,False,False,0.0,32.0,不推送,False,收在日内高位；近5日趋势升温；站上20日线且不过热,人气排名明显回落,不主动推送。,v2,震荡,50.21,0.06,-0.09,0,2026-04-27,common_index_cache,0.16,0.37,-0.52,0.1,0.19,-0.78,1.25,14.05
2026-04-27,600549,厦门钨业,55,37530.0,10jqka,post_close,2026-04-27 15:00:00,2026-04-16,2,1,67.0,12.0,ok,2026-04-27,60.5,56.79,60.62,56.66,1052192.0,-8.08,-14.34,-10.78,0.033,1.51,-8.85,-7.61,-3.55,-30.37,0.03,False,False,0.0,0.0,不推送,False,温和放量；人气排名明显上升,当日转弱；收盘承接偏弱；近5日趋势未确认,不主动推送。,v2,震荡,50.21,0.06,-0.09,0,2026-04-27,common_index_cache,0.16,0.37,-0.52,0.1,0.19,-0.78,-8.14,-10.69
2026-04-27,600498,烽火通信,56,36780.0,10jqka,post_close,2026-04-27 15:00:00,2026-04-10,8,2,77.0,21.0,ok,2026-04-27,51.05,51.6,53.98,51.05,1307618.0,-1.26,-8.28,-2.59,0.188,1.14,-3.8,-0.45,1.08,-16.48,0.812,False,False,0.0,8.0,不推送,False,温和放量；站上20日线且不过热；连续上榜确认；人气排名明显上升,当日转弱；收盘承接偏弱；近5日趋势未确认,不主动推送。,v2,震荡,50.21,0.06,-0.09,0,2026-04-27,common_index_cache,0.16,0.37,-0.52,0.1,0.19,-0.78,-1.32,-2.5
2026-04-27,603178,圣龙股份,57,36696.0,10jqka,post_close,2026-04-27 15:00:00,2026-04-17,5,1,97.0,40.0,ok,2026-04-27,16.81,17.4,17.98,16.3,295797.0,1.34,-17.77,-9.19,0.655,0.76,-9.27,-3.09,4.44,-24.97,0.345,False,False,0.0,8.0,不推送,False,站上20日线且不过热；人气排名明显上升,近5日趋势未确认,不主动推送。,v2,震荡,50.21,0.06,-0.09,0,2026-04-27,common_index_cache,0.16,0.37,-0.52,0.1,0.19,-0.78,1.28,-9.1
2026-04-27,000815,美利云,58,36511.0,10jqka,post_close,2026-04-27 15:00:00,2026-04-13,10,3,86.0,28.0,ok,2026-04-27,18.98,19.64,20.27,18.58,837164.0,2.45,-7.01,-10.52,0.627,0.69,-2.95,-5.6,-3.14,-14.98,0.373,False,False,0.0,8.0,不推送,False,连续上榜确认；人气排名明显上升,近5日趋势未确认,不主动推送。,v2,震荡,50.21,0.06,-0.09,0,2026-04-27,common_index_cache,0.16,0.37,-0.52,0.1,0.19,-0.78,2.39,-10.43
2026-04-27,000988,华工科技,59,36341.0,10jqka,post_close,2026-04-27 15:00:00,2026-04-10,12,12,97.0,38.0,ok,2026-04-27,116.1,118.79,121.25,116.0,901737.0,3.01,-1.79,3.31,0.531,1.03,0.84,1.89,5.33,-16.0,0.469,False,False,0.0,32.0,不推送,False,当日上涨；温和放量；站上20日线且不过热；持续霸榜；人气排名明显上升,热度可能进入后段；上影线偏长,不主动推送。,v2,震荡,50.21,0.06,-0.09,0,2026-04-27,common_index_cache,0.16,0.37,-0.52,0.1,0.19,-0.78,2.95,3.4
2026-04-27,300390,天华新能,60,36188.0,10jqka,post_close,2026-04-27 15:00:00,2026-04-10,7,2,42.0,-18.0,ok,2026-04-27,90.09,94.23,97.18,88.51,891660.0,3.55,11.04,8.8,0.66,1.34,8.07,10.34,27.73,-3.04,0.34,False,False,0.0,50.0,不推送,False,当日上涨；温和放量；近5日趋势升温；站上20日线且不过热；连续上榜确认,-,不主动推送。,v2,震荡,50.21,0.06,-0.09,0,2026-04-27,common_index_cache,0.16,0.37,-0.52,0.1,0.19,-0.78,3.49,8.89
2026-04-27,300054,鼎龙股份,61,36040.0,10jqka,post_close,2026-04-27 15:00:00,2026-04-27,1,1,,,ok,2026-04-27,57.2,56.31,59.99,55.28,563683.0,-1.21,3.19,7.22,0.219,1.56,1.96,4.61,7.99,-6.13,0.592,False,False,0.0,12.0,不推送,False,温和放量；近5日趋势升温；站上20日线且不过热,当日转弱；收盘承接偏弱,不主动推送。,v2,震荡,50.21,0.06,-0.09,0,2026-04-27,common_index_cache,0.16,0.37,-0.52,0.1,0.19,-0.78,-1.27,7.31
2026-04-27,002428,云南锗业,62,35968.0,10jqka,post_close,2026-04-27 15:00:00,2026-04-14,8,7,62.0,0.0,ok,2026-04-27,76.93,72.8,77.95,72.52,1169710.0,-5.6,-3.24,6.74,0.052,0.96,-1.74,8.17,21.54,-12.03,0.188,False,False,0.0,16.0,不推送,False,温和放量；近5日趋势升温；站上20日线且不过热；持续霸榜,当日转弱；收盘承接偏弱；热度可能进入后段,不主动推送。,v2,震荡,50.21,0.06,-0.09,0,2026-04-27,common_index_cache,0.16,0.37,-0.52,0.1,0.19,-0.78,-5.66,6.83
2026-04-27,002281,光迅科技,63,35798.0,10jqka,post_close,2026-04-27 15:00:00,2026-04-10,9,1,27.0,-36.0,ok,2026-04-27,131.34,134.52,141.46,130.3,775792.0,4.52,8.51,12.05,0.378,0.94,4.99,11.93,24.8,-4.91,0.622,False,False,0.0,20.0,不推送,False,当日上涨；温和放量；近5日趋势升温；站上20日线且不过热,收盘承接偏弱；人气排名明显回落；上影线偏长,不主动推送。,v2,震荡,50.21,0.06,-0.09,0,2026-04-27,common_index_cache,0.16,0.37,-0.52,0.1,0.19,-0.78,4.46,12.14
2026-04-27,000592,平潭发展,64,35766.0,10jqka,post_close,2026-04-27 15:00:00,2026-04-10,7,1,64.0,0.0,ok,2026-04-27,10.51,10.77,10.91,10.36,1261183.0,0.37,-2.8,-5.53,0.745,0.75,-0.87,-2.45,-6.55,-18.41,0.255,False,False,0.0,0.0,不推送,False,-,近5日趋势未确认；仍在20日线下方,不主动推送。,v2,震荡,50.21,0.06,-0.09,0,2026-04-27,common_index_cache,0.16,0.37,-0.52,0.1,0.19,-0.78,0.31,-5.44
2026-04-27,000062,深圳华强,65,35198.0,10jqka,post_close,2026-04-27 15:00:00,2026-04-22,3,2,20.0,-45.0,ok,2026-04-27,35.27,37.67,37.67,34.24,1075115.0,10.02,15.41,20.85,1.0,1.35,13.92,21.06,30.33,0.0,0.0,True,False,0.0,72.0,普通观察,True,当日涨停附近；收在日内高位；温和放量；近5日趋势升温；连续上榜确认；v2低分涨停修正,偏离20日线较大；人气排名明显回落,保留在样本池，继续看次日人气和承接。,v2,震荡,50.21,0.06,-0.09,0,2026-04-27,common_index_cache,0.16,0.37,-0.52,0.1,0.19,-0.78,9.96,20.94
2026-04-27,603629,利通电子,66,34907.0,10jqka,post_close,2026-04-27 15:00:00,2026-04-13,11,11,72.0,6.0,ok,2026-04-27,107.11,108.5,111.99,105.0,359856.0,-0.84,0.28,1.14,0.501,0.79,-0.24,6.35,28.49,-8.84,0.499,False,False,0.0,0.0,不推送,False,持续霸榜,当日转弱；偏离20日线较大；热度可能进入后段,不主动推送。,v2,震荡,50.21,0.06,-0.09,0,2026-04-27,common_index_cache,0.16,0.37,-0.52,0.1,0.19,-0.78,-0.9,1.23
2026-04-27,600703,三安光电,67,34416.0,10jqka,post_close,2026-04-27 15:00:00,2026-04-10,9,7,43.0,-24.0,ok,2026-04-27,14.98,14.73,15.46,14.54,2994202.0,-2.51,-1.41,7.91,0.207,0.82,-0.3,7.24,14.74,-21.52,0.522,False,False,0.0,12.0,不推送,False,温和放量；近5日趋势升温；站上20日线且不过热；持续霸榜,当日转弱；收盘承接偏弱；热度可能进入后段；人气排名明显回落,不主动推送。,v2,震荡,50.21,0.06,-0.09,0,2026-04-27,common_index_cache,0.16,0.37,-0.52,0.1,0.19,-0.78,-2.57,8.0
2026-04-27,601179,中国西电,68,34005.0,10jqka,post_close,2026-04-27 15:00:00,2026-04-10,10,9,75.0,7.0,ok,2026-04-27,16.97,16.92,17.24,16.73,1376840.0,-1.69,-5.74,-7.14,0.373,0.55,-3.85,-3.17,2.41,-18.06,0.529,False,False,0.0,0.0,不推送,False,站上20日线且不过热；持续霸榜,当日转弱；收盘承接偏弱；近5日趋势未确认；热度可能进入后段,不主动推送。,v2,震荡,50.21,0.06,-0.09,0,2026-04-27,common_index_cache,0.16,0.37,-0.52,0.1,0.19,-0.78,-1.75,-7.05
2026-04-27,002466,天齐锂业,69,33973.0,10jqka,post_close,2026-04-27 15:00:00,2026-04-13,5,2,14.0,-55.0,ok,2026-04-27,73.5,73.65,75.46,73.0,1006084.0,-0.07,4.13,10.22,0.264,1.01,3.22,8.01,17.28,-2.4,0.736,False,False,0.0,16.0,不推送,False,温和放量；近5日趋势升温；站上20日线且不过热；连续上榜确认,当日转弱；收盘承接偏弱；人气排名明显回落,不主动推送。,v2,震荡,50.21,0.06,-0.09,0,2026-04-27,common_index_cache,0.16,0.37,-0.52,0.1,0.19,-0.78,-0.13,10.31
2026-04-27,001330,博纳影业,70,33695.0,10jqka,post_close,2026-04-27 15:00:00,2026-04-17,5,1,80.0,10.0,ok,2026-04-27,7.97,8.17,8.35,7.83,1374587.0,4.61,-0.12,-2.62,0.654,0.75,-1.4,1.82,8.67,-40.45,0.346,False,False,0.0,16.0,不推送,False,当日上涨；站上20日线且不过热；人气排名明显上升,近5日趋势未确认,不主动推送。,v2,震荡,50.21,0.06,-0.09,0,2026-04-27,common_index_cache,0.16,0.37,-0.52,0.1,0.19,-0.78,4.55,-2.53
2026-04-27,600633,浙数文化,71,33363.0,10jqka,post_close,2026-04-27 15:00:00,2026-04-24,2,2,41.0,-30.0,ok,2026-04-27,14.33,13.58,14.47,13.58,1611019.0,-10.01,4.95,3.59,0.0,2.74,-0.48,2.16,5.82,-18.59,0.157,False,False,0.0,0.0,不推送,False,站上20日线且不过热；连续上榜确认,当日转弱；收盘承接偏弱；人气排名明显回落,不主动推送。,v2,震荡,50.21,0.06,-0.09,0,2026-04-27,common_index_cache,0.16,0.37,-0.52,0.1,0.19,-0.78,-10.07,3.68
2026-04-27,600821,金开新能,72,33304.0,10jqka,post_close,2026-04-27 15:00:00,2026-04-15,9,9,46.0,-26.0,ok,2026-04-27,8.61,8.57,8.81,8.21,1866738.0,-3.49,-5.2,-8.73,0.6,0.55,-5.18,-4.49,-1.28,-29.75,0.333,False,False,0.0,0.0,不推送,False,持续霸榜,当日转弱；近5日趋势未确认；热度可能进入后段；人气排名明显回落,不主动推送。,v2,震荡,50.21,0.06,-0.09,0,2026-04-27,common_index_cache,0.16,0.37,-0.52,0.1,0.19,-0.78,-3.55,-8.64
2026-04-27,603601,再升科技,73,33154.0,10jqka,post_close,2026-04-27 15:00:00,2026-04-13,10,9,87.0,14.0,ok,2026-04-27,13.88,14.94,15.27,13.88,1894745.0,5.36,-5.56,-4.05,0.763,0.79,-2.16,-0.56,2.37,-10.27,0.237,False,False,0.0,30.0,不推送,False,当日上涨；收盘承接较强；站上20日线且不过热；持续霸榜；人气排名明显上升,近5日趋势未确认；热度可能进入后段,不主动推送。,v2,震荡,50.21,0.06,-0.09,0,2026-04-27,common_index_cache,0.16,0.37,-0.52,0.1,0.19,-0.78,5.3,-3.96
2026-04-27,603906,龙蟠科技,74,32973.0,10jqka,post_close,2026-04-27 15:00:00,2026-04-16,7,4,28.0,-46.0,ok,2026-04-27,32.6,31.51,33.8,30.91,789774.0,-3.22,10.1,15.38,0.208,0.85,5.62,15.02,27.37,-6.78,0.415,False,False,0.0,16.0,不推送,False,温和放量；近5日趋势升温；站上20日线且不过热；连续上榜确认,当日转弱；收盘承接偏弱；人气排名明显回落,不主动推送。,v2,震荡,50.21,0.06,-0.09,0,2026-04-27,common_index_cache,0.16,0.37,-0.52,0.1,0.19,-0.78,-3.28,15.47
2026-04-27,600770,综艺股份,75,32817.0,10jqka,post_close,2026-04-27 15:00:00,2026-04-24,2,2,84.0,9.0,ok,2026-04-27,7.53,6.96,7.67,6.92,2690855.0,-0.14,20.83,19.38,0.053,6.13,9.81,15.35,20.05,-9.26,0.187,False,False,0.0,0.0,不推送,False,近5日趋势升温；站上20日线且不过热；连续上榜确认,当日转弱；收盘承接偏弱；放量过猛,不主动推送。,v2,震荡,50.21,0.06,-0.09,0,2026-04-27,common_index_cache,0.16,0.37,-0.52,0.1,0.19,-0.78,-0.2,19.47
2026-04-27,300475,香农芯创,76,32269.0,10jqka,post_close,2026-04-27 15:00:00,2026-04-24,2,2,58.0,-18.0,ok,2026-04-27,163.87,170.99,172.86,163.0,542690.0,5.52,5.47,4.26,0.81,1.39,5.24,6.55,15.32,-4.98,0.19,False,False,0.0,48.0,不推送,False,当日上涨；收盘承接较强；温和放量；站上20日线且不过热；连续上榜确认,-,不主动推送。,v2,震荡,50.21,0.06,-0.09,0,2026-04-27,common_index_cache,0.16,0.37,-0.52,0.1,0.19,-0.78,5.46,4.35
2026-04-27,000890,法尔胜,77,31966.0,10jqka,post_close,2026-04-27 15:00:00,2026-04-10,9,6,60.0,-17.0,ok,2026-04-27,16.42,16.51,17.0,15.8,829433.0,1.66,8.33,21.85,0.592,0.81,4.05,15.82,11.31,-6.25,0.408,False,False,0.0,38.0,不推送,False,温和放量；近5日趋势升温；站上20日线且不过热；持续霸榜,热度可能进入后段,不主动推送。,v2,震荡,50.21,0.06,-0.09,0,2026-04-27,common_index_cache,0.16,0.37,-0.52,0.1,0.19,-0.78,1.6,21.94
2026-04-27,002217,合力泰,78,31952.0,10jqka,post_close,2026-04-27 15:00:00,2026-04-17,6,1,80.0,2.0,ok,2026-04-27,2.75,2.96,2.96,2.74,5907843.0,10.04,1.02,0.34,1.0,0.79,3.28,8.42,15.76,-7.5,0.0,True,False,0.0,46.0,不推送,False,当日涨停附近；收在日内高位；站上20日线且不过热,-,不主动推送。,v2,震荡,50.21,0.06,-0.09,0,2026-04-27,common_index_cache,0.16,0.37,-0.52,0.1,0.19,-0.78,9.98,0.43
2026-04-27,300274,阳光电源,79,31707.0,10jqka,post_close,2026-04-27 15:00:00,2026-04-10,6,1,77.0,-2.0,ok,2026-04-27,131.7,131.39,132.52,129.2,631574.0,-1.79,-4.03,-2.82,0.66,1.12,-2.36,-2.53,-1.91,-27.8,0.247,False,False,0.0,0.0,不推送,False,温和放量,当日转弱；近5日趋势未确认,不主动推送。,v2,震荡,50.21,0.06,-0.09,0,2026-04-27,common_index_cache,0.16,0.37,-0.52,0.1,0.19,-0.78,-1.85,-2.73
2026-04-27,000066,中国长城,80,31407.0,10jqka,post_close,2026-04-27 15:00:00,2026-04-24,2,2,71.0,-9.0,ok,2026-04-27,16.62,16.77,17.25,16.12,2437695.0,1.95,7.43,5.8,0.575,1.58,4.25,5.59,9.43,-10.99,0.425,False,False,0.0,42.0,不推送,False,温和放量；近5日趋势升温；站上20日线且不过热；连续上榜确认,-,不主动推送。,v2,震荡,50.21,0.06,-0.09,0,2026-04-27,common_index_cache,0.16,0.37,-0.52,0.1,0.19,-0.78,1.89,5.89
2026-04-27,600736,苏州高新,81,30927.0,10jqka,post_close,2026-04-27 15:00:00,2026-04-21,5,5,13.0,-68.0,ok,2026-04-27,8.14,7.65,8.19,7.65,1681462.0,-10.0,0.53,21.62,0.0,1.54,-2.05,9.04,17.29,-16.94,0.093,False,False,0.0,12.0,不推送,False,温和放量；近5日趋势升温；站上20日线且不过热；持续霸榜,当日转弱；收盘承接偏弱；热度可能进入后段；人气排名明显回落,不主动推送。,v2,震荡,50.21,0.06,-0.09,0,2026-04-27,common_index_cache,0.16,0.37,-0.52,0.1,0.19,-0.78,-10.06,21.71
2026-04-27,000889,中嘉博创,82,30262.0,10jqka,post_close,2026-04-27 15:00:00,2026-04-10,9,2,65.0,-17.0,ok,2026-04-27,4.7,4.46,4.75,4.32,2338465.0,-6.89,-3.46,-13.23,0.326,1.11,-2.53,-5.83,7.25,-18.17,0.116,False,False,0.0,4.0,不推送,False,温和放量；站上20日线且不过热；连续上榜确认,当日转弱；收盘承接偏弱；近5日趋势未确认,不主动推送。,v2,震荡,50.21,0.06,-0.09,0,2026-04-27,common_index_cache,0.16,0.37,-0.52,0.1,0.19,-0.78,-6.95,-13.14
2026-04-27,000938,紫光股份,83,30261.0,10jqka,post_close,2026-04-27 15:00:00,2026-04-14,4,1,71.0,-12.0,ok,2026-04-27,31.98,32.19,32.86,31.25,2285513.0,2.78,7.59,13.31,0.584,1.02,5.72,10.32,16.94,-2.04,0.416,False,False,0.0,34.0,不推送,False,温和放量；近5日趋势升温；站上20日线且不过热,-,不主动推送。,v2,震荡,50.21,0.06,-0.09,0,2026-04-27,common_index_cache,0.16,0.37,-0.52,0.1,0.19,-0.78,2.72,13.4
2026-04-27,600152,维科技术,84,29575.0,10jqka,post_close,2026-04-27 15:00:00,2026-04-14,6,2,76.0,-8.0,ok,2026-04-27,13.43,14.26,14.26,12.81,1472958.0,10.03,13.72,2.37,1.0,1.34,10.46,10.56,23.63,-6.74,0.0,True,False,0.0,68.0,普通观察,True,当日涨停附近；收在日内高位；温和放量；站上20日线且不过热；连续上榜确认,-,保留在样本池，继续看次日人气和承接。,v2,震荡,50.21,0.06,-0.09,0,2026-04-27,common_index_cache,0.16,0.37,-0.52,0.1,0.19,-0.78,9.97,2.46
2026-04-27,002463,沪电股份,85,29358.0,10jqka,post_close,2026-04-27 15:00:00,2026-04-10,12,12,88.0,3.0,ok,2026-04-27,104.01,104.95,106.88,103.2,703903.0,2.51,1.63,7.09,0.476,0.85,1.49,5.22,16.11,-3.94,0.524,False,False,0.0,32.0,不推送,False,温和放量；近5日趋势升温；站上20日线且不过热；持续霸榜,热度可能进入后段；上影线偏长,不主动推送。,v2,震荡,50.21,0.06,-0.09,0,2026-04-27,common_index_cache,0.16,0.37,-0.52,0.1,0.19,-0.78,2.45,7.18
2026-04-27,002309,中利集团,86,29194.0,10jqka,post_close,2026-04-27 15:00:00,2026-04-10,7,1,96.0,10.0,ok,2026-04-27,4.11,4.16,4.18,3.99,2342337.0,0.97,-4.81,-5.02,0.895,0.56,-1.7,-0.67,-7.55,-23.39,0.105,False,False,0.0,2.0,不推送,False,收盘承接较强；人气排名明显上升,近5日趋势未确认；仍在20日线下方,不主动推送。,v2,震荡,50.21,0.06,-0.09,0,2026-04-27,common_index_cache,0.16,0.37,-0.52,0.1,0.19,-0.78,0.91,-4.93
2026-04-27,300763,锦浪科技,87,28963.0,10jqka,post_close,2026-04-27 15:00:00,2026-04-27,1,1,,,ok,2026-04-27,85.0,83.6,90.0,83.39,404807.0,-17.64,-11.37,-12.3,0.032,2.11,-11.16,-11.24,-11.02,-32.58,0.756,False,False,0.0,0.0,不推送,False,放量仍可控,当日转弱；收盘承接偏弱；近5日趋势未确认；仍在20日线下方,不主动推送。,v2,震荡,50.21,0.06,-0.09,0,2026-04-27,common_index_cache,0.16,0.37,-0.52,0.1,0.19,-0.78,-17.7,-12.21
2026-04-27,000539,粤电力A,88,28551.0,10jqka,post_close,2026-04-27 15:00:00,2026-04-21,3,1,20.0,-68.0,ok,2026-04-27,6.5,6.89,7.07,6.4,2207686.0,5.03,5.19,18.59,0.731,1.1,2.71,11.52,16.65,-15.36,0.269,False,False,0.0,38.0,不推送,False,当日上涨；温和放量；近5日趋势升温；站上20日线且不过热,人气排名明显回落,不主动推送。,v2,震荡,50.21,0.06,-0.09,0,2026-04-27,common_index_cache,0.16,0.37,-0.52,0.1,0.19,-0.78,4.97,18.68
2026-04-27,600089,特变电工,89,28541.0,10jqka,post_close,2026-04-27 15:00:00,2026-04-10,8,1,57.0,-32.0,ok,2026-04-27,26.92,26.52,26.94,26.5,1175549.0,-1.63,-3.53,-4.91,0.045,0.75,-2.64,-3.58,-1.92,-20.31,0.045,False,False,0.0,0.0,不推送,False,-,当日转弱；收盘承接偏弱；近5日趋势未确认；人气排名明显回落,不主动推送。,v2,震荡,50.21,0.06,-0.09,0,2026-04-27,common_index_cache,0.16,0.37,-0.52,0.1,0.19,-0.78,-1.69,-4.82
2026-04-27,600584,长电科技,90,28497.0,10jqka,post_close,2026-04-27 15:00:00,2026-04-10,2,1,84.0,-6.0,ok,2026-04-27,46.0,46.32,46.95,45.55,1021313.0,3.19,1.78,4.11,0.55,1.59,2.86,4.02,9.15,-9.88,0.45,False,False,0.0,24.0,不推送,False,当日上涨；温和放量；站上20日线且不过热,上影线偏长,不主动推送。,v2,震荡,50.21,0.06,-0.09,0,2026-04-27,common_index_cache,0.16,0.37,-0.52,0.1,0.19,-0.78,3.13,4.2
2026-04-27,600989,宝丰能源,91,28484.0,10jqka,post_close,2026-04-27 15:00:00,2026-04-23,2,1,62.0,-29.0,ok,2026-04-27,29.79,29.66,30.53,29.33,1260128.0,0.64,6.92,8.41,0.275,1.11,3.79,5.02,3.34,-18.72,0.617,False,False,0.0,12.0,不推送,False,温和放量；近5日趋势升温；站上20日线且不过热,收盘承接偏弱；人气排名明显回落；上影线偏长,不主动推送。,v2,震荡,50.21,0.06,-0.09,0,2026-04-27,common_index_cache,0.16,0.37,-0.52,0.1,0.19,-0.78,0.58,8.5
2026-04-27,601869,长飞光纤,92,28348.0,10jqka,post_close,2026-04-27 15:00:00,2026-04-10,11,4,91.0,-1.0,ok,2026-04-27,378.0,377.5,394.0,374.09,175410.0,2.54,-8.37,-1.95,0.171,0.93,-1.91,0.22,4.25,-10.73,0.804,False,False,0.0,8.0,不推送,False,温和放量；站上20日线且不过热；连续上榜确认,收盘承接偏弱；近5日趋势未确认；上影线偏长,不主动推送。,v2,震荡,50.21,0.06,-0.09,0,2026-04-27,common_index_cache,0.16,0.37,-0.52,0.1,0.19,-0.78,2.48,-1.86
2026-04-27,300570,太辰光,93,28211.0,10jqka,post_close,2026-04-27 15:00:00,2026-04-27,1,1,,,ok,2026-04-27,135.2,149.82,150.66,135.0,422818.0,11.72,2.97,9.0,0.946,1.45,5.87,8.0,16.25,-5.24,0.054,True,False,0.0,72.0,普通观察,True,当日涨停附近；收在日内高位；温和放量；近5日趋势升温；站上20日线且不过热,-,保留在样本池，继续看次日人气和承接。,v2,震荡,50.21,0.06,-0.09,0,2026-04-27,common_index_cache,0.16,0.37,-0.52,0.1,0.19,-0.78,11.66,9.09
2026-04-27,002460,赣锋锂业,94,27645.0,10jqka,post_close,2026-04-27 15:00:00,2026-04-10,8,2,53.0,-41.0,ok,2026-04-27,84.0,84.11,86.46,83.5,675071.0,-1.04,2.3,1.69,0.206,0.92,1.44,0.44,2.37,-4.94,0.794,False,False,0.0,4.0,不推送,False,温和放量；站上20日线且不过热；连续上榜确认,当日转弱；收盘承接偏弱；人气排名明显回落,不主动推送。,v2,震荡,50.21,0.06,-0.09,0,2026-04-27,common_index_cache,0.16,0.37,-0.52,0.1,0.19,-0.78,-1.1,1.78
2026-04-27,600519,贵州茅台,95,27557.0,10jqka,post_close,2026-04-27 15:00:00,2026-04-10,5,3,35.0,-60.0,ok,2026-04-27,1420.0,1403.2,1420.0,1402.2,72798.0,-3.79,-0.45,-0.55,0.056,2.04,-1.21,-1.86,-2.59,-10.51,0.0,False,False,0.0,0.0,不推送,False,放量仍可控；连续上榜确认,当日转弱；收盘承接偏弱；近5日趋势未确认；人气排名明显回落,不主动推送。,v2,震荡,50.21,0.06,-0.09,0,2026-04-27,common_index_cache,0.16,0.37,-0.52,0.1,0.19,-0.78,-3.85,-0.46
2026-04-27,002050,三花智控,96,27416.0,10jqka,post_close,2026-04-27 15:00:00,2026-04-15,3,1,68.0,-28.0,ok,2026-04-27,44.87,45.91,46.23,44.6,965683.0,2.16,-0.39,-0.07,0.804,1.11,0.59,0.65,3.27,-17.5,0.196,False,False,0.0,24.0,不推送,False,收盘承接较强；温和放量；站上20日线且不过热,近5日趋势未确认；人气排名明显回落,不主动推送。,v2,震荡,50.21,0.06,-0.09,0,2026-04-27,common_index_cache,0.16,0.37,-0.52,0.1,0.19,-0.78,2.1,0.02
2026-04-27,300604,长川科技,97,27127.0,10jqka,post_close,2026-04-27 15:00:00,2026-04-27,1,1,,,ok,2026-04-27,160.83,175.02,179.0,158.58,436266.0,10.77,14.92,15.3,0.805,2.37,10.88,14.63,25.66,-2.22,0.195,True,False,0.0,66.0,普通观察,True,当日涨停附近；收盘承接较强；放量仍可控；近5日趋势升温；站上20日线且不过热；v2低分涨停修正,-,保留在样本池，继续看次日人气和承接。,v2,震荡,50.21,0.06,-0.09,0,2026-04-27,common_index_cache,0.16,0.37,-0.52,0.1,0.19,-0.78,10.71,15.39
2026-04-27,300750,宁德时代,98,26951.0,10jqka,post_close,2026-04-27 15:00:00,2026-04-10,12,12,63.0,-35.0,ok,2026-04-27,444.63,434.88,448.76,433.8,330613.0,-2.25,-0.34,2.18,0.072,0.71,-0.97,-0.11,4.77,-4.02,0.276,False,False,0.0,0.0,不推送,False,站上20日线且不过热；持续霸榜,当日转弱；收盘承接偏弱；热度可能进入后段；人气排名明显回落,不主动推送。,v2,震荡,50.21,0.06,-0.09,0,2026-04-27,common_index_cache,0.16,0.37,-0.52,0.1,0.19,-0.78,-2.31,2.27
2026-04-27,603501,豪威集团,99,26681.0,10jqka,post_close,2026-04-27 15:00:00,2026-04-27,1,1,,,ok,2026-04-27,96.19,104.63,104.63,96.1,523710.0,10.0,11.07,11.57,1.0,2.46,9.16,10.52,10.7,-20.04,0.0,True,False,0.0,66.0,普通观察,True,当日涨停附近；收在日内高位；放量仍可控；近5日趋势升温；站上20日线且不过热,-,保留在样本池，继续看次日人气和承接。,v2,震荡,50.21,0.06,-0.09,0,2026-04-27,common_index_cache,0.16,0.37,-0.52,0.1,0.19,-0.78,9.94,11.66
2026-04-27,603019,中科曙光,100,26648.0,10jqka,post_close,2026-04-27 15:00:00,2026-04-10,3,1,49.0,-51.0,ok,2026-04-27,94.76,94.24,95.1,92.23,769163.0,1.6,2.61,2.47,0.7,1.26,2.45,3.8,9.5,-2.73,0.118,False,False,0.0,18.0,不推送,False,温和放量；站上20日线且不过热,人气排名明显回落,不主动推送。,v2,震荡,50.21,0.06,-0.09,0,2026-04-27,common_index_cache,0.16,0.37,-0.52,0.1,0.19,-0.78,1.54,2.56
2026-04-28,300476,胜宏科技,1,54071.0,10jqka,post_close,2026-04-28 15:00:00,2026-04-10,9,1,91.0,90.0,ok,2026-04-28,320.0,313.06,320.78,309.28,283772.0,-1.37,-5.69,-5.39,0.329,0.61,-3.42,-2.78,5.13,-10.5,0.068,False,False,0.0,16.0,不推送,False,人气Top3；站上20日线且不过热；人气排名明显上升,当日转弱；收盘承接偏弱；近5日趋势未确认,不主动推送。,v2,震荡,40.32,-0.82,-1.04,0,2026-04-28,common_index_cache,-0.19,-1.1,-1.43,-0.16,-1.01,-2.5,-0.55,-4.35
2026-04-28,601778,晶科科技,2,36493.0,10jqka,post_close,2026-04-28 15:00:00,2026-04-14,11,11,9.0,7.0,ok,2026-04-28,6.85,7.12,7.48,6.85,7032761.0,2.59,-0.97,12.13,0.429,0.91,1.83,5.58,20.15,-9.64,0.571,False,False,0.0,50.0,不推送,False,人气Top3；温和放量；近5日趋势升温；站上20日线且不过热；持续霸榜,收盘承接偏弱；热度可能进入后段；上影线偏长,不主动推送。,v2,震荡,40.32,-0.82,-1.04,0,2026-04-28,common_index_cache,-0.19,-1.1,-1.43,-0.16,-1.01,-2.5,3.41,13.17
2026-04-28,601138,工业富联,3,34558.0,10jqka,post_close,2026-04-28 15:00:00,2026-04-10,13,13,11.0,8.0,ok,2026-04-28,67.25,68.2,68.99,66.92,2371396.0,1.41,0.41,11.06,0.618,0.96,1.71,7.18,15.53,-1.3,0.382,False,False,0.0,68.0,普通观察,True,人气Top3；温和放量；近5日趋势升温；站上20日线且不过热；持续霸榜,热度可能进入后段,保留在样本池，继续看次日人气和承接。,v2,震荡,40.32,-0.82,-1.04,0,2026-04-28,common_index_cache,-0.19,-1.1,-1.43,-0.16,-1.01,-2.5,2.23,12.1
2026-04-28,002081,金螳螂,4,25255.0,10jqka,post_close,2026-04-28 15:00:00,2026-04-20,7,7,30.0,26.0,ok,2026-04-28,4.47,4.87,4.87,4.4,4715633.0,9.93,-10.31,8.46,1.0,1.72,-0.86,11.75,26.35,-10.81,0.0,True,False,0.0,114.0,强推观察,True,人气Top10；当日涨停附近；收在日内高位；温和放量；近5日趋势升温；站上20日线且不过热；持续霸榜；人气排名明显上升；v2强势延续修正,热度可能进入后段,高风险情绪股：不追一字，优先看分歧承接，跌破5日线或人气退潮就跑。,v2,震荡,40.32,-0.82,-1.04,0,2026-04-28,common_index_cache,-0.19,-1.1,-1.43,-0.16,-1.01,-2.5,10.75,9.5
2026-04-28,600726,华电能源,5,20928.0,10jqka,post_close,2026-04-28 15:00:00,2026-04-23,4,4,26.0,21.0,ok,2026-04-28,6.33,7.02,7.02,6.27,5637187.0,10.03,33.21,50.97,1.0,1.35,19.96,34.28,34.57,-1.96,0.0,True,False,0.0,78.0,重点观察,True,人气Top10；当日涨停附近；收在日内高位；温和放量；连续上榜确认；人气排名明显上升,短线涨幅过热；偏离20日线较大,只做观察或轻仓试错，等待回落承接和量能不失控。,v2,震荡,40.32,-0.82,-1.04,0,2026-04-28,common_index_cache,-0.19,-1.1,-1.43,-0.16,-1.01,-2.5,10.85,52.01
2026-04-28,002594,比亚迪,6,18759.0,10jqka,post_close,2026-04-28 15:00:00,2026-04-10,10,1,90.0,84.0,ok,2026-04-28,101.85,101.48,103.3,101.34,361550.0,-0.84,1.5,-0.05,0.071,0.82,0.5,-0.67,-0.42,-9.25,0.74,False,False,0.0,16.0,不推送,False,人气Top10；温和放量；人气排名明显上升,当日转弱；收盘承接偏弱；近5日趋势未确认,不主动推送。,v2,震荡,40.32,-0.82,-1.04,0,2026-04-28,common_index_cache,-0.19,-1.1,-1.43,-0.16,-1.01,-2.5,-0.02,0.99
2026-04-28,002131,利欧股份,7,17920.0,10jqka,post_close,2026-04-28 15:00:00,2026-04-10,13,13,21.0,14.0,ok,2026-04-28,6.72,6.58,6.79,6.54,4093851.0,-3.24,-16.28,-17.85,0.16,0.79,-10.08,-14.26,-14.65,-36.24,0.28,False,False,0.0,0.0,不推送,False,人气Top10；持续霸榜；人气排名明显上升,当日转弱；收盘承接偏弱；近5日趋势未确认；仍在20日线下方；热度可能进入后段,不主动推送。,v2,震荡,40.32,-0.82,-1.04,0,2026-04-28,common_index_cache,-0.19,-1.1,-1.43,-0.16,-1.01,-2.5,-2.42,-16.81
2026-04-28,000066,中国长城,8,17006.0,10jqka,post_close,2026-04-28 15:00:00,2026-04-24,3,3,80.0,72.0,ok,2026-04-28,16.63,17.83,18.2,16.58,4322416.0,6.32,10.13,15.7,0.772,2.32,7.6,10.69,15.25,-3.47,0.228,False,False,0.0,90.0,强推观察,True,人气Top10；当日上涨；收盘承接较强；放量仍可控；近5日趋势升温；站上20日线且不过热；连续上榜确认；人气排名明显上升；v2连榜升温修正,-,高风险情绪股：不追一字，优先看分歧承接，跌破5日线或人气退潮就跑。,v2,震荡,40.32,-0.82,-1.04,0,2026-04-28,common_index_cache,-0.19,-1.1,-1.43,-0.16,-1.01,-2.5,7.14,16.74
2026-04-28,002297,博云新材,9,16388.0,10jqka,post_close,2026-04-28 15:00:00,2026-04-10,12,9,3.0,-6.0,ok,2026-04-28,21.0,22.58,22.58,19.53,2020732.0,9.99,1.53,18.9,1.0,1.03,4.6,15.93,46.75,0.0,0.0,True,False,0.0,86.0,重点观察,True,人气Top10；当日涨停附近；收在日内高位；温和放量；近5日趋势升温；持续霸榜；v2低分涨停修正,远离20日线过多；热度可能进入后段,只做观察或轻仓试错，等待回落承接和量能不失控。,v2,震荡,40.32,-0.82,-1.04,0,2026-04-28,common_index_cache,-0.19,-1.1,-1.43,-0.16,-1.01,-2.5,10.81,19.94
2026-04-28,603629,利通电子,10,16012.0,10jqka,post_close,2026-04-28 15:00:00,2026-04-13,12,12,66.0,56.0,ok,2026-04-28,119.35,119.35,119.35,119.35,62575.0,10.0,2.46,17.95,1.0,0.15,6.19,12.63,36.89,0.0,0.0,True,True,0.0,66.0,普通观察,True,人气Top10；当日涨停附近；收在日内高位；近5日趋势升温；持续霸榜；人气排名明显上升,量能不足；偏离20日线较大；热度可能进入后段；一字或近似一字，参与点差,保留在样本池，继续看次日人气和承接。,v2,震荡,40.32,-0.82,-1.04,0,2026-04-28,common_index_cache,-0.19,-1.1,-1.43,-0.16,-1.01,-2.5,10.82,18.99
2026-04-28,600396,华电辽能,11,14527.0,10jqka,post_close,2026-04-28 15:00:00,2026-04-10,13,13,41.0,30.0,ok,2026-04-28,10.13,10.8,11.13,10.06,4496950.0,6.72,9.87,32.84,0.692,1.34,10.45,24.3,33.75,-2.96,0.308,False,False,0.0,49.0,不推送,False,人气Top20；当日上涨；温和放量；近5日强势延续；持续霸榜；人气排名明显上升,短线涨幅偏高；偏离20日线较大；热度可能进入后段,不主动推送。,v2,震荡,40.32,-0.82,-1.04,0,2026-04-28,common_index_cache,-0.19,-1.1,-1.43,-0.16,-1.01,-2.5,7.54,33.88
2026-04-28,000858,五粮液,12,13959.0,10jqka,post_close,2026-04-28 15:00:00,2026-04-28,1,1,,,ok,2026-04-28,100.08,100.2,100.29,99.9,123415.0,0.0,-0.97,-0.97,0.769,0.82,-0.49,-1.27,-2.17,-9.55,0.231,False,False,0.0,36.0,不推送,False,人气Top20；收盘承接较强；温和放量,近5日趋势未确认,不主动推送。,v2,震荡,40.32,-0.82,-1.04,0,2026-04-28,common_index_cache,-0.19,-1.1,-1.43,-0.16,-1.01,-2.5,0.82,0.07
2026-04-28,603259,药明康德,13,13385.0,10jqka,post_close,2026-04-28 15:00:00,2026-04-17,2,1,93.0,80.0,ok,2026-04-28,110.5,110.57,110.57,108.02,538372.0,10.0,10.36,12.2,1.0,1.72,8.27,8.32,7.57,0.0,0.0,True,False,0.0,108.0,强推观察,True,人气Top20；当日涨停附近；收在日内高位；温和放量；近5日趋势升温；站上20日线且不过热；人气排名明显上升；v2强势延续修正；v2低分涨停修正,-,高风险情绪股：不追一字，优先看分歧承接，跌破5日线或人气退潮就跑。,v2,震荡,40.32,-0.82,-1.04,0,2026-04-28,common_index_cache,-0.19,-1.1,-1.43,-0.16,-1.01,-2.5,10.82,13.24
2026-04-28,002709,天赐材料,14,13003.0,10jqka,post_close,2026-04-28 15:00:00,2026-04-10,10,3,8.0,-6.0,ok,2026-04-28,56.2,53.93,56.7,53.46,1618855.0,-1.87,9.81,2.16,0.145,1.13,2.59,5.68,11.93,-4.89,0.154,False,False,0.0,24.0,不推送,False,人气Top20；温和放量；站上20日线且不过热；连续上榜确认,当日转弱；收盘承接偏弱,不主动推送。,v2,震荡,40.32,-0.82,-1.04,0,2026-04-28,common_index_cache,-0.19,-1.1,-1.43,-0.16,-1.01,-2.5,-1.05,3.2
2026-04-28,603318,水发燃气,15,12968.0,10jqka,post_close,2026-04-28 15:00:00,2026-04-24,3,3,23.0,8.0,ok,2026-04-28,13.0,13.78,13.78,12.55,1408369.0,9.98,33.14,61.17,1.0,2.4,19.91,41.55,57.62,0.0,0.0,True,False,0.0,50.0,不推送,False,人气Top20；当日涨停附近；收在日内高位；放量仍可控；连续上榜确认,短线涨幅过热；远离20日线过多,不主动推送。,v2,震荡,40.32,-0.82,-1.04,0,2026-04-28,common_index_cache,-0.19,-1.1,-1.43,-0.16,-1.01,-2.5,10.8,62.21
2026-04-28,002217,合力泰,16,11976.0,10jqka,post_close,2026-04-28 15:00:00,2026-04-17,7,2,78.0,62.0,ok,2026-04-28,3.26,2.98,3.26,2.95,15530478.0,0.68,7.58,0.0,0.097,1.89,3.98,7.23,15.26,-8.59,0.0,False,False,0.0,32.0,不推送,False,人气Top20；放量仍可控；站上20日线且不过热；连续上榜确认；人气排名明显上升,收盘承接偏弱,不主动推送。,v2,震荡,40.32,-0.82,-1.04,0,2026-04-28,common_index_cache,-0.19,-1.1,-1.43,-0.16,-1.01,-2.5,1.5,1.04
2026-04-28,600759,洲际油气,17,11930.0,10jqka,post_close,2026-04-28 15:00:00,2026-04-13,2,1,78.0,61.0,ok,2026-04-27,5.13,5.18,5.25,5.05,2585677.0,0.19,0.97,-0.77,0.65,0.81,-0.19,-1.35,-5.03,-43.01,0.35,False,False,1.0,22.0,不推送,False,人气Top20；温和放量；人气排名明显上升,近5日趋势未确认；仍在20日线下方,不主动推送。,v2,震荡,40.32,-0.82,-1.04,0,2026-04-28,common_index_cache,-0.19,-1.1,-1.43,-0.16,-1.01,-2.5,1.01,0.27
2026-04-28,601012,隆基绿能,18,11862.0,10jqka,post_close,2026-04-28 15:00:00,2026-04-10,3,1,46.0,28.0,ok,2026-04-28,17.03,16.95,17.21,16.89,977873.0,-1.11,-3.31,-3.64,0.187,0.98,-2.09,-2.66,-2.27,-15.46,0.562,False,False,0.0,8.0,不推送,False,人气Top20；温和放量；人气排名明显上升,当日转弱；收盘承接偏弱；近5日趋势未确认,不主动推送。,v2,震荡,40.32,-0.82,-1.04,0,2026-04-28,common_index_cache,-0.19,-1.1,-1.43,-0.16,-1.01,-2.5,-0.29,-2.6
2026-04-28,002636,金安国纪,19,11829.0,10jqka,post_close,2026-04-28 15:00:00,2026-04-22,2,1,88.0,69.0,ok,2026-04-28,45.0,46.28,48.51,44.34,805141.0,4.94,7.01,10.51,0.465,1.71,4.69,10.83,23.15,-4.6,0.535,False,False,0.0,56.0,不推送,False,人气Top20；当日上涨；温和放量；近5日趋势升温；站上20日线且不过热；人气排名明显上升,上影线偏长,不主动推送。,v2,震荡,40.32,-0.82,-1.04,0,2026-04-28,common_index_cache,-0.19,-1.1,-1.43,-0.16,-1.01,-2.5,5.76,11.55
2026-04-28,600152,维科技术,20,11758.0,10jqka,post_close,2026-04-28 15:00:00,2026-04-14,7,3,84.0,64.0,ok,2026-04-28,14.55,15.69,15.69,14.55,755336.0,10.03,33.19,20.6,1.0,0.67,16.69,18.17,33.5,0.0,0.0,True,False,0.0,92.0,强推观察,True,人气Top20；当日涨停附近；收在日内高位；近5日趋势升温；连续上榜确认；人气排名明显上升；v2强势延续修正；v2低分涨停修正,偏离20日线较大,高风险情绪股：不追一字，优先看分歧承接，跌破5日线或人气退潮就跑。,v2,震荡,40.32,-0.82,-1.04,0,2026-04-28,common_index_cache,-0.19,-1.1,-1.43,-0.16,-1.01,-2.5,10.85,21.64
2026-04-28,002361,神剑股份,21,11509.0,10jqka,post_close,2026-04-28 15:00:00,2026-04-10,13,13,4.0,-17.0,ok,2026-04-28,20.66,20.02,21.91,19.9,3065126.0,-7.57,-12.92,-11.77,0.06,0.96,-8.82,-4.51,6.87,-16.41,0.622,False,False,0.0,8.0,不推送,False,人气Top50；温和放量；站上20日线且不过热；持续霸榜,当日转弱；收盘承接偏弱；近5日趋势未确认；热度可能进入后段,不主动推送。,v2,震荡,40.32,-0.82,-1.04,0,2026-04-28,common_index_cache,-0.19,-1.1,-1.43,-0.16,-1.01,-2.5,-6.75,-10.73
2026-04-28,600744,华银电力,22,11335.0,10jqka,post_close,2026-04-28 15:00:00,2026-04-23,2,1,84.0,62.0,ok,2026-04-28,7.8,8.67,8.67,7.75,1972781.0,10.03,2.36,4.96,1.0,1.07,5.42,8.38,12.82,-11.26,0.0,True,False,0.0,72.0,普通观察,True,人气Top50；当日涨停附近；收在日内高位；温和放量；站上20日线且不过热；人气排名明显上升,-,保留在样本池，继续看次日人气和承接。,v2,震荡,40.32,-0.82,-1.04,0,2026-04-28,common_index_cache,-0.19,-1.1,-1.43,-0.16,-1.01,-2.5,10.85,6.0
2026-04-28,000938,紫光股份,23,11275.0,10jqka,post_close,2026-04-28 15:00:00,2026-04-14,5,2,83.0,60.0,ok,2026-04-28,31.85,31.58,32.28,31.0,1414523.0,-1.89,1.22,14.38,0.453,0.58,1.08,6.87,13.33,-3.9,0.336,False,False,0.0,30.0,不推送,False,人气Top50；近5日趋势升温；站上20日线且不过热；连续上榜确认；人气排名明显上升,当日转弱,不主动推送。,v2,震荡,40.32,-0.82,-1.04,0,2026-04-28,common_index_cache,-0.19,-1.1,-1.43,-0.16,-1.01,-2.5,-1.07,15.42
2026-04-28,600770,综艺股份,24,11191.0,10jqka,post_close,2026-04-28 15:00:00,2026-04-24,3,3,75.0,51.0,ok,2026-04-28,6.71,7.66,7.66,6.62,1909438.0,10.06,20.82,35.34,1.0,2.08,13.68,23.01,29.8,-0.13,0.0,True,False,0.0,77.0,重点观察,True,人气Top50；当日涨停附近；收在日内高位；放量仍可控；近5日强势延续；连续上榜确认；人气排名明显上升；v2连榜升温修正,短线涨幅偏高；偏离20日线较大,只做观察或轻仓试错，等待回落承接和量能不失控。,v2,震荡,40.32,-0.82,-1.04,0,2026-04-28,common_index_cache,-0.19,-1.1,-1.43,-0.16,-1.01,-2.5,10.88,36.38
2026-04-28,002475,立讯精密,25,11152.0,10jqka,post_close,2026-04-28 15:00:00,2026-04-10,13,13,7.0,-18.0,ok,2026-04-28,71.02,69.88,72.4,68.95,2159908.0,-2.9,3.11,6.28,0.27,0.82,1.67,6.83,18.03,-3.75,0.4,False,False,0.0,24.0,不推送,False,人气Top50；温和放量；近5日趋势升温；站上20日线且不过热；持续霸榜,当日转弱；收盘承接偏弱；热度可能进入后段,不主动推送。,v2,震荡,40.32,-0.82,-1.04,0,2026-04-28,common_index_cache,-0.19,-1.1,-1.43,-0.16,-1.01,-2.5,-2.08,7.32
2026-04-28,000062,深圳华强,26,11089.0,10jqka,post_close,2026-04-28 15:00:00,2026-04-22,4,3,65.0,39.0,ok,2026-04-28,38.18,36.1,39.1,35.64,1451837.0,-4.17,16.0,21.67,0.133,1.73,5.08,13.28,22.82,-7.67,0.266,False,False,0.0,32.0,不推送,False,人气Top50；温和放量；近5日趋势升温；站上20日线且不过热；连续上榜确认；人气排名明显上升,当日转弱；收盘承接偏弱,不主动推送。,v2,震荡,40.32,-0.82,-1.04,0,2026-04-28,common_index_cache,-0.19,-1.1,-1.43,-0.16,-1.01,-2.5,-3.35,22.71
2026-04-28,002580,圣阳股份,27,11032.0,10jqka,post_close,2026-04-28 15:00:00,2026-04-10,13,13,1.0,-26.0,ok,2026-04-28,28.45,29.5,29.8,28.02,1327648.0,2.36,9.38,-0.67,0.831,0.95,5.57,3.12,26.52,-12.31,0.169,False,False,0.0,36.0,不推送,False,人气Top50；收盘承接较强；温和放量；站上20日线且不过热；持续霸榜,近5日趋势未确认；热度可能进入后段；人气排名明显回落,不主动推送。,v2,震荡,40.32,-0.82,-1.04,0,2026-04-28,common_index_cache,-0.19,-1.1,-1.43,-0.16,-1.01,-2.5,3.18,0.37
2026-04-28,000651,格力电器,28,10973.0,10jqka,post_close,2026-04-28 15:00:00,2026-04-28,1,1,,,ok,2026-04-28,37.41,38.44,38.47,37.36,725043.0,2.48,4.0,4.15,0.973,2.43,2.8,3.2,2.8,-2.88,0.027,False,False,0.0,40.0,不推送,False,人气Top50；收在日内高位；放量仍可控；站上20日线且不过热,-,不主动推送。,v2,震荡,40.32,-0.82,-1.04,0,2026-04-28,common_index_cache,-0.19,-1.1,-1.43,-0.16,-1.01,-2.5,3.3,5.19
2026-04-28,600111,北方稀土,29,10811.0,10jqka,post_close,2026-04-28 15:00:00,2026-04-10,6,1,73.0,44.0,ok,2026-04-28,46.9,46.32,47.2,46.28,481496.0,-1.09,-1.78,-8.46,0.043,0.54,-2.57,-4.93,-6.1,-27.14,0.326,False,False,0.0,0.0,不推送,False,人气Top50；人气排名明显上升,当日转弱；收盘承接偏弱；近5日趋势未确认；仍在20日线下方,不主动推送。,v2,震荡,40.32,-0.82,-1.04,0,2026-04-28,common_index_cache,-0.19,-1.1,-1.43,-0.16,-1.01,-2.5,-0.27,-7.42
2026-04-28,600410,华胜天成,30,10621.0,10jqka,post_close,2026-04-28 15:00:00,2026-04-10,13,13,28.0,-2.0,ok,2026-04-28,23.42,23.4,24.53,23.4,1209110.0,-10.0,-14.97,-16.13,0.0,0.76,-11.92,-14.45,-12.86,-31.8,0.982,False,False,0.0,0.0,不推送,False,人气Top50；持续霸榜,当日转弱；收盘承接偏弱；近5日趋势未确认；仍在20日线下方；热度可能进入后段,不主动推送。,v2,震荡,40.32,-0.82,-1.04,0,2026-04-28,common_index_cache,-0.19,-1.1,-1.43,-0.16,-1.01,-2.5,-9.18,-15.09
2026-04-28,002225,濮耐股份,31,9958.0,10jqka,post_close,2026-04-28 15:00:00,2026-04-28,1,1,,,ok,2026-04-28,4.34,4.34,4.34,4.34,69250.0,-9.96,-24.39,-24.78,1.0,0.34,-16.73,-20.43,-19.97,-37.91,,False,False,0.0,0.0,不推送,False,人气Top50；收在日内高位,当日转弱；量能不足；近5日趋势未确认；仍在20日线下方,不主动推送。,v2,震荡,40.32,-0.82,-1.04,0,2026-04-28,common_index_cache,-0.19,-1.1,-1.43,-0.16,-1.01,-2.5,-9.14,-23.74
2026-04-28,002261,拓维信息,32,9934.0,10jqka,post_close,2026-04-28 15:00:00,2026-04-15,7,3,22.0,-10.0,ok,2026-04-28,36.88,35.03,37.0,34.47,2023228.0,-8.54,-8.35,-3.1,0.221,1.25,-7.55,-6.45,-3.37,-20.49,0.047,False,False,0.0,4.0,不推送,False,人气Top50；温和放量；连续上榜确认,当日转弱；收盘承接偏弱；近5日趋势未确认,不主动推送。,v2,震荡,40.32,-0.82,-1.04,0,2026-04-28,common_index_cache,-0.19,-1.1,-1.43,-0.16,-1.01,-2.5,-7.72,-2.06
2026-04-28,600186,莲花控股,33,9853.0,10jqka,post_close,2026-04-28 15:00:00,2026-04-15,8,6,43.0,10.0,ok,2026-04-28,9.36,9.84,10.15,9.23,3858841.0,5.35,4.13,21.63,0.663,1.21,6.13,14.37,23.98,-3.05,0.337,False,False,0.0,58.0,不推送,False,人气Top50；当日上涨；温和放量；近5日趋势升温；站上20日线且不过热；持续霸榜；人气排名明显上升,热度可能进入后段,不主动推送。,v2,震荡,40.32,-0.82,-1.04,0,2026-04-28,common_index_cache,-0.19,-1.1,-1.43,-0.16,-1.01,-2.5,6.17,22.67
2026-04-28,002230,科大讯飞,34,9700.0,10jqka,post_close,2026-04-28 15:00:00,2026-04-28,1,1,,,ok,2026-04-28,49.58,49.17,50.03,48.9,350863.0,-1.28,0.57,0.8,0.239,0.93,-0.24,0.75,2.72,-22.01,0.398,False,False,0.0,8.0,不推送,False,人气Top50；温和放量；站上20日线且不过热,当日转弱；收盘承接偏弱,不主动推送。,v2,震荡,40.32,-0.82,-1.04,0,2026-04-28,common_index_cache,-0.19,-1.1,-1.43,-0.16,-1.01,-2.5,-0.46,1.84
2026-04-28,002851,麦格米特,35,9297.0,10jqka,post_close,2026-04-28 15:00:00,2026-04-28,1,1,,,ok,2026-04-28,107.5,105.1,108.5,104.5,143243.0,-2.72,-1.28,-2.2,0.15,0.65,-1.32,-1.62,1.25,-25.14,0.25,False,False,0.0,0.0,不推送,False,人气Top50；站上20日线且不过热,当日转弱；收盘承接偏弱；近5日趋势未确认,不主动推送。,v2,震荡,40.32,-0.82,-1.04,0,2026-04-28,common_index_cache,-0.19,-1.1,-1.43,-0.16,-1.01,-2.5,-1.9,-1.16
2026-04-28,300308,中际旭创,36,9234.0,10jqka,post_close,2026-04-28 15:00:00,2026-04-10,13,13,39.0,3.0,ok,2026-04-28,853.0,824.0,853.0,820.0,295109.0,-3.74,-8.14,-4.72,0.121,0.95,-5.28,-3.09,9.11,-10.43,0.0,False,False,0.0,8.0,不推送,False,人气Top50；温和放量；站上20日线且不过热；持续霸榜,当日转弱；收盘承接偏弱；近5日趋势未确认；热度可能进入后段,不主动推送。,v2,震荡,40.32,-0.82,-1.04,0,2026-04-28,common_index_cache,-0.19,-1.1,-1.43,-0.16,-1.01,-2.5,-2.92,-3.68
2026-04-28,002506,协鑫集成,37,9031.0,10jqka,post_close,2026-04-28 15:00:00,2026-04-13,7,1,85.0,48.0,ok,2026-04-28,4.35,4.35,4.44,4.31,2993790.0,-0.46,-4.61,-10.86,0.308,0.56,-2.68,-3.61,-3.5,-31.6,0.692,False,False,0.0,0.0,不推送,False,人气Top50；人气排名明显上升,当日转弱；收盘承接偏弱；近5日趋势未确认,不主动推送。,v2,震荡,40.32,-0.82,-1.04,0,2026-04-28,common_index_cache,-0.19,-1.1,-1.43,-0.16,-1.01,-2.5,0.36,-9.82
2026-04-28,600487,亨通光电,38,8971.0,10jqka,post_close,2026-04-28 15:00:00,2026-04-10,13,13,5.0,-33.0,ok,2026-04-28,70.0,68.29,71.6,67.68,1765843.0,-4.33,-1.77,14.2,0.156,0.78,-0.89,9.07,15.64,-8.32,0.408,False,False,0.0,6.0,不推送,False,人气Top50；近5日趋势升温；站上20日线且不过热；持续霸榜,当日转弱；收盘承接偏弱；热度可能进入后段；人气排名明显回落,不主动推送。,v2,震荡,40.32,-0.82,-1.04,0,2026-04-28,common_index_cache,-0.19,-1.1,-1.43,-0.16,-1.01,-2.5,-3.51,15.24
2026-04-28,002176,江特电机,39,8922.0,10jqka,post_close,2026-04-28 15:00:00,2026-04-24,3,3,35.0,-4.0,ok,2026-04-28,14.17,14.63,14.98,14.13,2664209.0,0.97,18.17,24.94,0.588,1.21,8.35,18.23,27.84,-2.34,0.412,False,False,0.0,58.0,不推送,False,人气Top50；温和放量；近5日趋势升温；站上20日线且不过热；连续上榜确认；v2连榜升温修正,-,不主动推送。,v2,震荡,40.32,-0.82,-1.04,0,2026-04-28,common_index_cache,-0.19,-1.1,-1.43,-0.16,-1.01,-2.5,1.79,25.98
2026-04-28,000547,航天发展,40,8740.0,10jqka,post_close,2026-04-28 15:00:00,2026-04-14,8,2,14.0,-26.0,ok,2026-04-28,25.06,23.5,25.06,23.5,1534235.0,-7.26,-10.37,-16.1,0.0,1.0,-8.6,-12.11,-12.46,-32.16,0.0,False,False,0.0,0.0,不推送,False,人气Top50；温和放量；连续上榜确认,当日转弱；收盘承接偏弱；近5日趋势未确认；仍在20日线下方；人气排名明显回落,不主动推送。,v2,震荡,40.32,-0.82,-1.04,0,2026-04-28,common_index_cache,-0.19,-1.1,-1.43,-0.16,-1.01,-2.5,-6.44,-15.06
2026-04-28,002175,东方智造,41,8661.0,10jqka,post_close,2026-04-28 15:00:00,2026-04-28,1,1,,,ok,2026-04-28,2.7,2.89,2.89,2.7,1211716.0,9.89,19.42,15.14,1.0,1.98,12.36,11.97,4.65,-36.34,0.0,True,False,0.0,90.0,强推观察,True,人气Top50；当日涨停附近；收在日内高位；放量仍可控；近5日趋势升温；站上20日线且不过热；v2强势延续修正；v2低分涨停修正,-,高风险情绪股：不追一字，优先看分歧承接，跌破5日线或人气退潮就跑。,v2,震荡,40.32,-0.82,-1.04,0,2026-04-28,common_index_cache,-0.19,-1.1,-1.43,-0.16,-1.01,-2.5,10.71,16.18
2026-04-28,301396,宏景科技,42,8582.0,10jqka,post_close,2026-04-28 15:00:00,2026-04-15,4,1,83.0,41.0,ok,2026-04-28,320.0,335.99,346.4,304.5,145756.0,7.27,0.8,20.28,0.752,1.09,2.48,11.22,38.14,-3.62,0.248,False,False,0.0,62.0,普通观察,True,人气Top50；当日强涨；收盘承接较强；温和放量；近5日趋势升温；人气排名明显上升,偏离20日线较大,保留在样本池，继续看次日人气和承接。,v2,震荡,40.32,-0.82,-1.04,0,2026-04-28,common_index_cache,-0.19,-1.1,-1.43,-0.16,-1.01,-2.5,8.09,21.32
2026-04-28,601318,中国平安,43,8469.0,10jqka,post_close,2026-04-28 15:00:00,2026-04-28,1,1,,,ok,2026-04-28,57.47,57.63,58.11,57.2,624602.0,0.14,-0.43,-0.69,0.473,1.05,-0.25,-0.74,-0.68,-16.6,0.527,False,False,0.0,12.0,不推送,False,人气Top50；温和放量,近5日趋势未确认；上影线偏长,不主动推送。,v2,震荡,40.32,-0.82,-1.04,0,2026-04-28,common_index_cache,-0.19,-1.1,-1.43,-0.16,-1.01,-2.5,0.96,0.35
2026-04-28,603516,淳中科技,44,8424.0,10jqka,post_close,2026-04-28 15:00:00,2026-04-28,1,1,,,ok,2026-04-28,138.35,143.68,148.78,138.35,74283.0,-1.73,-1.18,-2.26,0.511,1.13,-1.62,-1.61,0.52,-34.07,0.489,False,False,0.0,16.0,不推送,False,人气Top50；温和放量；站上20日线且不过热,当日转弱；近5日趋势未确认,不主动推送。,v2,震荡,40.32,-0.82,-1.04,0,2026-04-28,common_index_cache,-0.19,-1.1,-1.43,-0.16,-1.01,-2.5,-0.91,-1.22
2026-04-28,000593,德龙汇能,45,8334.0,10jqka,post_close,2026-04-28 15:00:00,2026-04-28,1,1,,,ok,2026-04-28,24.0,25.44,25.44,23.6,533798.0,9.99,29.53,36.48,1.0,1.73,18.78,28.6,38.54,0.0,0.0,True,False,0.0,63.0,普通观察,True,人气Top50；当日涨停附近；收在日内高位；温和放量；近5日强势延续,短线涨幅偏高；偏离20日线较大,保留在样本池，继续看次日人气和承接。,v2,震荡,40.32,-0.82,-1.04,0,2026-04-28,common_index_cache,-0.19,-1.1,-1.43,-0.16,-1.01,-2.5,10.81,37.52
2026-04-28,301308,江波龙,46,8136.0,10jqka,post_close,2026-04-28 15:00:00,2026-04-27,2,2,33.0,-13.0,ok,2026-04-28,399.99,381.7,411.02,381.5,263435.0,-2.99,6.56,1.53,0.007,1.72,1.02,1.66,9.84,-7.13,0.374,False,False,0.0,16.0,不推送,False,人气Top50；温和放量；站上20日线且不过热；连续上榜确认,当日转弱；收盘承接偏弱,不主动推送。,v2,震荡,40.32,-0.82,-1.04,0,2026-04-28,common_index_cache,-0.19,-1.1,-1.43,-0.16,-1.01,-2.5,-2.17,2.57
2026-04-28,000889,中嘉博创,47,7967.0,10jqka,post_close,2026-04-28 15:00:00,2026-04-10,10,3,82.0,35.0,ok,2026-04-28,4.46,4.91,4.91,4.45,2483285.0,10.09,12.87,5.36,1.0,1.2,6.14,2.38,16.08,-9.91,0.0,True,False,0.0,92.0,强推观察,True,人气Top50；当日涨停附近；收在日内高位；温和放量；近5日趋势升温；站上20日线且不过热；连续上榜确认；人气排名明显上升,-,高风险情绪股：不追一字，优先看分歧承接，跌破5日线或人气退潮就跑。,v2,震荡,40.32,-0.82,-1.04,0,2026-04-28,common_index_cache,-0.19,-1.1,-1.43,-0.16,-1.01,-2.5,10.91,6.4
2026-04-28,300548,长芯博创,48,7867.0,10jqka,post_close,2026-04-28 15:00:00,2026-04-28,1,1,,,ok,2026-04-28,258.31,246.96,259.68,244.98,149699.0,-3.21,-8.86,-6.75,0.135,0.8,-5.91,-3.97,9.59,-14.84,0.093,False,False,0.0,4.0,不推送,False,人气Top50；温和放量；站上20日线且不过热,当日转弱；收盘承接偏弱；近5日趋势未确认,不主动推送。,v2,震荡,40.32,-0.82,-1.04,0,2026-04-28,common_index_cache,-0.19,-1.1,-1.43,-0.16,-1.01,-2.5,-2.39,-5.71
2026-04-28,300212,易华录,49,7829.0,10jqka,post_close,2026-04-28 15:00:00,2026-04-28,1,1,,,ok,2026-04-28,8.28,8.19,8.6,8.1,328460.0,-1.09,3.67,-1.8,0.18,1.06,1.84,0.68,-5.61,-51.51,0.64,False,False,0.0,0.0,不推送,False,人气Top50；温和放量,当日转弱；收盘承接偏弱；近5日趋势未确认；仍在20日线下方,不主动推送。,v2,震荡,40.32,-0.82,-1.04,0,2026-04-28,common_index_cache,-0.19,-1.1,-1.43,-0.16,-1.01,-2.5,-0.27,-0.76
2026-04-28,603538,美诺华,50,7786.0,10jqka,post_close,2026-04-28 15:00:00,2026-04-10,13,13,19.0,-31.0,ok,2026-04-28,56.0,60.12,61.5,55.41,572294.0,6.6,8.23,14.45,0.773,0.99,7.3,9.69,21.73,-2.24,0.227,False,False,0.0,60.0,普通观察,True,人气Top50；当日上涨；收盘承接较强；温和放量；近5日趋势升温；站上20日线且不过热；持续霸榜,热度可能进入后段；人气排名明显回落,保留在样本池，继续看次日人气和承接。,v2,震荡,40.32,-0.82,-1.04,0,2026-04-28,common_index_cache,-0.19,-1.1,-1.43,-0.16,-1.01,-2.5,7.42,15.49
2026-04-28,000596,古井贡酒,51,7763.0,10jqka,post_close,2026-04-28 15:00:00,2026-04-28,1,1,,,ok,2026-04-28,105.6,106.6,107.38,105.13,20743.0,0.4,-2.97,1.26,0.653,0.67,-0.76,-0.05,0.54,-23.45,0.347,False,False,0.0,8.0,不推送,False,站上20日线且不过热,-,不主动推送。,v2,震荡,40.32,-0.82,-1.04,0,2026-04-28,common_index_cache,-0.19,-1.1,-1.43,-0.16,-1.01,-2.5,1.22,2.3
2026-04-28,300757,罗博特科,52,7725.0,10jqka,post_close,2026-04-28 15:00:00,2026-04-28,1,1,,,ok,2026-04-28,520.01,506.05,525.33,501.88,52588.0,-2.4,-1.91,-6.52,0.178,0.7,-2.61,-2.2,4.95,-10.59,0.227,False,False,0.0,0.0,不推送,False,站上20日线且不过热,当日转弱；收盘承接偏弱；近5日趋势未确认,不主动推送。,v2,震荡,40.32,-0.82,-1.04,0,2026-04-28,common_index_cache,-0.19,-1.1,-1.43,-0.16,-1.01,-2.5,-1.58,-5.48
2026-04-28,000925,众合科技,53,7632.0,10jqka,post_close,2026-04-28 15:00:00,2026-04-24,2,1,47.0,-6.0,ok,2026-04-28,10.28,9.76,10.49,9.37,2236438.0,-3.56,16.75,31.54,0.348,6.03,8.35,19.29,27.6,-6.96,0.188,False,False,0.0,0.0,不推送,False,近5日强势延续；站上20日线且不过热,当日转弱；收盘承接偏弱；放量过猛；短线涨幅偏高,不主动推送。,v2,震荡,40.32,-0.82,-1.04,0,2026-04-28,common_index_cache,-0.19,-1.1,-1.43,-0.16,-1.01,-2.5,-2.74,32.58
2026-04-28,002463,沪电股份,54,7513.0,10jqka,post_close,2026-04-28 15:00:00,2026-04-10,13,13,85.0,31.0,ok,2026-04-28,104.94,101.88,105.33,101.11,525078.0,-2.93,-4.45,2.06,0.182,0.64,-1.87,1.7,11.32,-6.75,0.092,False,False,0.0,0.0,不推送,False,站上20日线且不过热；持续霸榜；人气排名明显上升,当日转弱；收盘承接偏弱；热度可能进入后段,不主动推送。,v2,震荡,40.32,-0.82,-1.04,0,2026-04-28,common_index_cache,-0.19,-1.1,-1.43,-0.16,-1.01,-2.5,-2.11,3.1
2026-04-28,600150,中国船舶,55,7496.0,10jqka,post_close,2026-04-28 15:00:00,2026-04-20,3,1,46.0,-9.0,ok,2026-04-28,38.71,41.32,41.97,38.59,2628896.0,7.58,7.05,13.77,0.808,1.75,6.71,13.62,21.19,-1.55,0.192,False,False,0.0,60.0,普通观察,True,当日强涨；收盘承接较强；温和放量；近5日趋势升温；站上20日线且不过热,-,保留在样本池，继续看次日人气和承接。,v2,震荡,40.32,-0.82,-1.04,0,2026-04-28,common_index_cache,-0.19,-1.1,-1.43,-0.16,-1.01,-2.5,8.4,14.81
2026-04-28,002074,国轩高科,56,7428.0,10jqka,post_close,2026-04-28 15:00:00,2026-04-10,4,1,75.0,19.0,ok,2026-04-28,39.45,39.04,39.58,38.67,401820.0,-1.06,-1.81,-3.75,0.407,0.67,-1.73,-1.88,2.71,-7.27,0.143,False,False,0.0,0.0,不推送,False,站上20日线且不过热；人气排名明显上升,当日转弱；收盘承接偏弱；近5日趋势未确认,不主动推送。,v2,震荡,40.32,-0.82,-1.04,0,2026-04-28,common_index_cache,-0.19,-1.1,-1.43,-0.16,-1.01,-2.5,-0.24,-2.71
2026-04-28,002202,金风科技,57,7168.0,10jqka,post_close,2026-04-28 15:00:00,2026-04-10,13,13,20.0,-37.0,ok,2026-04-28,26.45,25.51,26.5,25.4,1763623.0,-3.84,-0.74,-2.37,0.1,0.98,-1.47,-0.96,1.71,-23.39,0.045,False,False,0.0,0.0,不推送,False,温和放量；站上20日线且不过热；持续霸榜,当日转弱；收盘承接偏弱；近5日趋势未确认；热度可能进入后段；人气排名明显回落,不主动推送。,v2,震荡,40.32,-0.82,-1.04,0,2026-04-28,common_index_cache,-0.19,-1.1,-1.43,-0.16,-1.01,-2.5,-3.02,-1.33
2026-04-28,600227,赤天化,58,7021.0,10jqka,post_close,2026-04-28 15:00:00,2026-04-28,1,1,,,ok,2026-04-28,3.68,4.05,4.05,3.68,2568665.0,10.05,10.05,14.41,1.0,1.1,6.97,10.75,8.93,-25.0,0.0,True,False,0.0,78.0,重点观察,True,当日涨停附近；收在日内高位；温和放量；近5日趋势升温；站上20日线且不过热；v2低分涨停修正,-,只做观察或轻仓试错，等待回落承接和量能不失控。,v2,震荡,40.32,-0.82,-1.04,0,2026-04-28,common_index_cache,-0.19,-1.1,-1.43,-0.16,-1.01,-2.5,10.87,15.45
2026-04-28,002902,铭普光磁,59,7015.0,10jqka,post_close,2026-04-28 15:00:00,2026-04-13,3,1,57.0,-2.0,ok,2026-04-28,29.65,31.47,31.47,29.18,323800.0,10.0,16.47,7.41,1.0,0.97,10.34,7.44,9.15,-1.5,0.0,True,False,0.0,72.0,普通观察,True,当日涨停附近；收在日内高位；温和放量；近5日趋势升温；站上20日线且不过热,-,保留在样本池，继续看次日人气和承接。,v2,震荡,40.32,-0.82,-1.04,0,2026-04-28,common_index_cache,-0.19,-1.1,-1.43,-0.16,-1.01,-2.5,10.82,8.45
2026-04-28,002384,东山精密,60,6982.0,10jqka,post_close,2026-04-28 15:00:00,2026-04-10,13,13,42.0,-18.0,ok,2026-04-28,187.0,183.9,190.2,181.01,789533.0,-1.5,-1.48,8.56,0.314,0.79,-1.29,7.21,25.03,-6.17,0.348,False,False,0.0,2.0,不推送,False,近5日趋势升温；站上20日线且不过热；持续霸榜,当日转弱；收盘承接偏弱；热度可能进入后段,不主动推送。,v2,震荡,40.32,-0.82,-1.04,0,2026-04-28,common_index_cache,-0.19,-1.1,-1.43,-0.16,-1.01,-2.5,-0.68,9.6
2026-04-28,601899,紫金矿业,61,6946.0,10jqka,post_close,2026-04-28 15:00:00,2026-04-10,13,13,34.0,-27.0,ok,2026-04-28,33.33,32.95,33.46,32.88,2070092.0,-1.82,-4.22,-7.6,0.121,0.68,-3.51,-4.82,-3.4,-26.68,0.224,False,False,0.0,0.0,不推送,False,持续霸榜,当日转弱；收盘承接偏弱；近5日趋势未确认；热度可能进入后段；人气排名明显回落,不主动推送。,v2,震荡,40.32,-0.82,-1.04,0,2026-04-28,common_index_cache,-0.19,-1.1,-1.43,-0.16,-1.01,-2.5,-1.0,-6.56
2026-04-28,600105,永鼎股份,62,6913.0,10jqka,post_close,2026-04-28 15:00:00,2026-04-10,13,13,49.0,-13.0,ok,2026-04-28,48.6,44.85,49.35,44.53,1984599.0,-7.56,-7.53,8.36,0.066,1.24,-5.14,2.42,16.57,-12.06,0.156,False,False,0.0,16.0,不推送,False,温和放量；近5日趋势升温；站上20日线且不过热；持续霸榜,当日转弱；收盘承接偏弱；热度可能进入后段,不主动推送。,v2,震荡,40.32,-0.82,-1.04,0,2026-04-28,common_index_cache,-0.19,-1.1,-1.43,-0.16,-1.01,-2.5,-6.74,9.4
2026-04-28,002407,多氟多,63,6857.0,10jqka,post_close,2026-04-28 15:00:00,2026-04-14,5,3,25.0,-38.0,ok,2026-04-28,34.18,33.76,34.4,33.0,1550031.0,-2.2,12.38,5.67,0.543,0.95,3.39,7.01,13.08,-3.24,0.157,False,False,0.0,28.0,不推送,False,温和放量；近5日趋势升温；站上20日线且不过热；连续上榜确认,当日转弱；人气排名明显回落,不主动推送。,v2,震荡,40.32,-0.82,-1.04,0,2026-04-28,common_index_cache,-0.19,-1.1,-1.43,-0.16,-1.01,-2.5,-1.38,6.71
2026-04-28,601016,节能风电,64,6789.0,10jqka,post_close,2026-04-28 15:00:00,2026-04-23,4,4,37.0,-27.0,ok,2026-04-28,4.51,4.73,4.85,4.43,7459503.0,1.72,5.58,13.43,0.714,1.04,5.53,10.49,13.36,-17.45,0.286,False,False,0.0,38.0,不推送,False,温和放量；近5日趋势升温；站上20日线且不过热；连续上榜确认,人气排名明显回落,不主动推送。,v2,震荡,40.32,-0.82,-1.04,0,2026-04-28,common_index_cache,-0.19,-1.1,-1.43,-0.16,-1.01,-2.5,2.54,14.47
2026-04-28,002210,飞马国际,65,6754.0,10jqka,post_close,2026-04-28 15:00:00,2026-04-28,1,1,,,ok,2026-04-28,2.94,3.01,3.01,2.8,1693294.0,9.85,19.44,16.22,1.0,3.07,12.9,15.02,15.44,-10.95,0.0,True,False,0.0,64.0,普通观察,True,当日涨停附近；收在日内高位；近5日趋势升温；站上20日线且不过热；v2低分涨停修正,-,保留在样本池，继续看次日人气和承接。,v2,震荡,40.32,-0.82,-1.04,0,2026-04-28,common_index_cache,-0.19,-1.1,-1.43,-0.16,-1.01,-2.5,10.67,17.26
2026-04-28,002015,协鑫能科,66,6716.0,10jqka,post_close,2026-04-28 15:00:00,2026-04-15,10,10,12.0,-54.0,ok,2026-04-28,18.1,18.87,19.19,17.94,1383283.0,3.06,-8.75,-0.21,0.744,0.75,-2.97,-0.72,4.53,-17.92,0.256,False,False,0.0,12.0,不推送,False,当日上涨；站上20日线且不过热；持续霸榜,近5日趋势未确认；热度可能进入后段；人气排名明显回落,不主动推送。,v2,震荡,40.32,-0.82,-1.04,0,2026-04-28,common_index_cache,-0.19,-1.1,-1.43,-0.16,-1.01,-2.5,3.88,0.83
2026-04-28,300540,蜀道装备,67,6693.0,10jqka,post_close,2026-04-28 15:00:00,2026-04-28,1,1,,,ok,2026-04-28,31.31,36.12,36.12,31.31,376470.0,20.0,17.58,28.54,1.0,0.95,15.96,32.16,52.69,0.0,0.0,True,False,0.0,51.0,不推送,False,当日涨停附近；收在日内高位；温和放量；近5日强势延续；v2低分涨停修正,短线涨幅偏高；远离20日线过多,不主动推送。,v2,震荡,40.32,-0.82,-1.04,0,2026-04-28,common_index_cache,-0.19,-1.1,-1.43,-0.16,-1.01,-2.5,20.82,29.58
2026-04-28,600089,特变电工,68,6640.0,10jqka,post_close,2026-04-28 15:00:00,2026-04-10,9,2,89.0,21.0,ok,2026-04-28,26.45,26.84,27.2,26.14,1450330.0,1.21,-3.03,-2.58,0.66,1.06,-0.95,-2.19,-0.57,-19.35,0.34,False,False,0.0,22.0,不推送,False,温和放量；连续上榜确认；人气排名明显上升,近5日趋势未确认,不主动推送。,v2,震荡,40.32,-0.82,-1.04,0,2026-04-28,common_index_cache,-0.19,-1.1,-1.43,-0.16,-1.01,-2.5,2.03,-1.54
2026-04-28,600736,苏州高新,69,6627.0,10jqka,post_close,2026-04-28 15:00:00,2026-04-21,6,6,81.0,12.0,ok,2026-04-28,7.25,7.82,8.39,7.08,2509442.0,2.22,-6.57,13.01,0.565,1.82,-2.13,8.97,18.35,-15.09,0.435,False,False,0.0,36.0,不推送,False,放量仍可控；近5日趋势升温；站上20日线且不过热；持续霸榜；人气排名明显上升,热度可能进入后段,不主动推送。,v2,震荡,40.32,-0.82,-1.04,0,2026-04-28,common_index_cache,-0.19,-1.1,-1.43,-0.16,-1.01,-2.5,3.04,14.05
2026-04-28,688268,华特气体,70,6515.0,10jqka,post_close,2026-04-28 15:00:00,2026-04-24,2,1,31.0,-39.0,ok,2026-04-28,189.0,208.27,213.07,180.5,17015213.0,14.43,41.36,74.96,0.853,1.04,22.18,53.99,78.25,-2.25,0.147,True,False,0.0,22.0,不推送,False,当日涨停附近；收盘承接较强；温和放量,短线涨幅过热；远离20日线过多；人气排名明显回落,不主动推送。,v2,震荡,40.32,-0.82,-1.04,0,2026-04-28,common_index_cache,-0.19,-1.1,-1.43,-0.16,-1.01,-2.5,15.25,76.0
2026-04-28,300274,阳光电源,71,6480.0,10jqka,post_close,2026-04-28 15:00:00,2026-04-10,7,2,79.0,8.0,ok,2026-04-28,125.67,129.89,132.5,124.81,1238034.0,-1.14,-3.43,-4.65,0.661,2.21,-2.56,-2.95,-2.04,-28.63,0.339,False,False,0.0,2.0,不推送,False,放量仍可控；连续上榜确认,当日转弱；近5日趋势未确认,不主动推送。,v2,震荡,40.32,-0.82,-1.04,0,2026-04-28,common_index_cache,-0.19,-1.1,-1.43,-0.16,-1.01,-2.5,-0.32,-3.61
2026-04-28,600584,长电科技,72,6427.0,10jqka,post_close,2026-04-28 15:00:00,2026-04-10,3,2,90.0,18.0,ok,2026-04-28,46.1,45.1,46.49,44.76,804400.0,-2.63,1.55,2.43,0.197,1.11,-0.32,1.11,5.62,-12.26,0.225,False,False,0.0,12.0,不推送,False,温和放量；站上20日线且不过热；连续上榜确认；人气排名明显上升,当日转弱；收盘承接偏弱,不主动推送。,v2,震荡,40.32,-0.82,-1.04,0,2026-04-28,common_index_cache,-0.19,-1.1,-1.43,-0.16,-1.01,-2.5,-1.81,3.47
2026-04-28,300760,迈瑞医疗,73,6413.0,10jqka,post_close,2026-04-28 15:00:00,2026-04-28,1,1,,,ok,2026-04-28,157.77,161.11,162.9,157.6,126775.0,1.96,0.04,1.42,0.662,1.49,0.6,1.0,0.69,-18.1,0.338,False,False,0.0,22.0,不推送,False,温和放量；站上20日线且不过热,-,不主动推送。,v2,震荡,40.32,-0.82,-1.04,0,2026-04-28,common_index_cache,-0.19,-1.1,-1.43,-0.16,-1.01,-2.5,2.78,2.46
2026-04-28,601179,中国西电,74,6328.0,10jqka,post_close,2026-04-28 15:00:00,2026-04-10,11,10,68.0,-6.0,ok,2026-04-28,16.91,17.2,17.5,16.51,2106943.0,1.65,-4.55,-3.86,0.697,1.0,-1.49,-2.13,3.66,-16.71,0.303,False,False,0.0,22.0,不推送,False,温和放量；站上20日线且不过热；持续霸榜,近5日趋势未确认；热度可能进入后段,不主动推送。,v2,震荡,40.32,-0.82,-1.04,0,2026-04-28,common_index_cache,-0.19,-1.1,-1.43,-0.16,-1.01,-2.5,2.47,-2.82
2026-04-28,603778,国晟科技,75,6285.0,10jqka,post_close,2026-04-28 15:00:00,2026-04-10,13,13,48.0,-27.0,ok,2026-04-28,26.21,25.27,26.65,25.02,539291.0,-4.14,-4.79,-12.86,0.153,0.58,-3.4,-4.26,-10.52,-26.26,0.27,False,False,0.0,0.0,不推送,False,持续霸榜,当日转弱；收盘承接偏弱；近5日趋势未确认；仍在20日线下方；热度可能进入后段；人气排名明显回落,不主动推送。,v2,震荡,40.32,-0.82,-1.04,0,2026-04-28,common_index_cache,-0.19,-1.1,-1.43,-0.16,-1.01,-2.5,-3.32,-11.82
2026-04-28,600666,奥瑞德,76,6252.0,10jqka,post_close,2026-04-28 15:00:00,2026-04-10,12,1,66.0,-10.0,ok,2026-04-28,5.93,5.54,5.98,5.51,3094829.0,-4.65,-15.55,-17.8,0.064,0.71,-9.83,-14.49,-12.74,-26.82,0.106,False,False,0.0,0.0,不推送,False,-,当日转弱；收盘承接偏弱；近5日趋势未确认；仍在20日线下方,不主动推送。,v2,震荡,40.32,-0.82,-1.04,0,2026-04-28,common_index_cache,-0.19,-1.1,-1.43,-0.16,-1.01,-2.5,-3.83,-16.76
2026-04-28,003026,中晶科技,77,6232.0,10jqka,post_close,2026-04-28 15:00:00,2026-04-28,1,1,,,ok,2026-04-28,40.83,45.28,45.28,40.6,150109.0,10.01,18.97,20.62,1.0,1.63,12.11,16.98,21.68,0.0,0.0,True,False,0.0,78.0,重点观察,True,当日涨停附近；收在日内高位；温和放量；近5日趋势升温；站上20日线且不过热；v2低分涨停修正,-,只做观察或轻仓试错，等待回落承接和量能不失控。,v2,震荡,40.32,-0.82,-1.04,0,2026-04-28,common_index_cache,-0.19,-1.1,-1.43,-0.16,-1.01,-2.5,10.83,21.66
2026-04-28,300502,新易盛,78,6184.0,10jqka,post_close,2026-04-28 15:00:00,2026-04-10,11,5,53.0,-25.0,ok,2026-04-28,537.34,535.46,548.0,517.01,357953.0,-0.47,-11.97,-7.44,0.595,0.71,-5.79,-4.84,2.59,-14.71,0.344,False,False,0.0,0.0,不推送,False,站上20日线且不过热；持续霸榜,当日转弱；近5日趋势未确认；热度可能进入后段；人气排名明显回落,不主动推送。,v2,震荡,40.32,-0.82,-1.04,0,2026-04-28,common_index_cache,-0.19,-1.1,-1.43,-0.16,-1.01,-2.5,0.35,-6.4
2026-04-28,002617,露笑科技,79,6141.0,10jqka,post_close,2026-04-28 15:00:00,2026-04-28,1,1,,,ok,2026-04-28,7.69,7.51,7.7,7.47,744197.0,-3.35,-5.06,-2.72,0.174,1.08,-3.87,-3.23,-0.88,-21.53,0.043,False,False,0.0,0.0,不推送,False,温和放量,当日转弱；收盘承接偏弱；近5日趋势未确认,不主动推送。,v2,震荡,40.32,-0.82,-1.04,0,2026-04-28,common_index_cache,-0.19,-1.1,-1.43,-0.16,-1.01,-2.5,-2.53,-1.68
2026-04-28,002342,巨力索具,80,6140.0,10jqka,post_close,2026-04-28 15:00:00,2026-04-10,13,13,13.0,-67.0,ok,2026-04-28,18.44,18.48,18.94,17.77,1924778.0,0.33,-2.53,-13.73,0.607,0.79,-2.8,-3.65,9.13,-13.73,0.393,False,False,0.0,4.0,不推送,False,站上20日线且不过热；持续霸榜,近5日趋势未确认；热度可能进入后段；人气排名明显回落,不主动推送。,v2,震荡,40.32,-0.82,-1.04,0,2026-04-28,common_index_cache,-0.19,-1.1,-1.43,-0.16,-1.01,-2.5,1.15,-12.69
2026-04-28,600036,招商银行,81,6048.0,10jqka,post_close,2026-04-28 15:00:00,2026-04-28,1,1,,,ok,2026-04-28,39.38,39.6,39.63,39.26,669305.0,0.56,-0.53,-0.68,0.919,1.05,0.05,-0.25,0.19,-1.88,0.081,False,False,0.0,34.0,不推送,False,收在日内高位；温和放量；站上20日线且不过热,近5日趋势未确认,不主动推送。,v2,震荡,40.32,-0.82,-1.04,0,2026-04-28,common_index_cache,-0.19,-1.1,-1.43,-0.16,-1.01,-2.5,1.38,0.36
2026-04-28,600734,实达集团,82,6038.0,10jqka,post_close,2026-04-28 15:00:00,2026-04-21,2,1,25.0,-57.0,ok,2026-04-28,2.35,2.35,2.44,2.31,2044949.0,0.43,-5.24,-14.86,0.308,0.8,-3.69,-18.74,-29.6,-51.84,0.692,False,False,0.0,0.0,不推送,False,温和放量,收盘承接偏弱；近5日趋势未确认；仍在20日线下方；人气排名明显回落；上影线偏长,不主动推送。,v2,震荡,40.32,-0.82,-1.04,0,2026-04-28,common_index_cache,-0.19,-1.1,-1.43,-0.16,-1.01,-2.5,1.25,-13.82
2026-04-28,600522,中天科技,83,5987.0,10jqka,post_close,2026-04-28 15:00:00,2026-04-10,9,8,6.0,-77.0,ok,2026-04-28,35.78,35.0,36.46,34.0,2647729.0,-2.18,2.73,7.89,0.407,0.86,1.23,9.3,13.19,-4.19,0.276,False,False,0.0,12.0,不推送,False,温和放量；近5日趋势升温；站上20日线且不过热；持续霸榜,当日转弱；收盘承接偏弱；热度可能进入后段；人气排名明显回落,不主动推送。,v2,震荡,40.32,-0.82,-1.04,0,2026-04-28,common_index_cache,-0.19,-1.1,-1.43,-0.16,-1.01,-2.5,-1.36,8.93
2026-04-28,603985,恒润股份,84,5926.0,10jqka,post_close,2026-04-28 15:00:00,2026-04-15,2,1,19.0,-65.0,ok,2026-04-28,26.1,27.52,27.66,26.0,519712.0,4.28,12.69,14.14,0.916,0.87,6.54,10.62,21.02,-0.51,0.084,False,False,0.0,54.0,不推送,False,当日上涨；收在日内高位；温和放量；近5日趋势升温；站上20日线且不过热,人气排名明显回落,不主动推送。,v2,震荡,40.32,-0.82,-1.04,0,2026-04-28,common_index_cache,-0.19,-1.1,-1.43,-0.16,-1.01,-2.5,5.1,15.18
2026-04-28,000539,粤电力A,85,5909.0,10jqka,post_close,2026-04-28 15:00:00,2026-04-21,4,2,88.0,3.0,ok,2026-04-28,6.7,7.27,7.49,6.62,2603643.0,5.52,1.68,13.77,0.747,1.14,5.61,14.6,22.08,-10.69,0.253,False,False,0.0,50.0,不推送,False,当日上涨；温和放量；近5日趋势升温；站上20日线且不过热；连续上榜确认,-,不主动推送。,v2,震荡,40.32,-0.82,-1.04,0,2026-04-28,common_index_cache,-0.19,-1.1,-1.43,-0.16,-1.01,-2.5,6.34,14.81
2026-04-28,600703,三安光电,86,5819.0,10jqka,post_close,2026-04-28 15:00:00,2026-04-10,10,8,67.0,-19.0,ok,2026-04-28,14.52,13.99,14.68,13.92,2373756.0,-5.02,-9.8,3.02,0.092,0.71,-5.83,0.56,8.21,-25.47,0.211,False,False,0.0,0.0,不推送,False,站上20日线且不过热；持续霸榜,当日转弱；收盘承接偏弱；热度可能进入后段,不主动推送。,v2,震荡,40.32,-0.82,-1.04,0,2026-04-28,common_index_cache,-0.19,-1.1,-1.43,-0.16,-1.01,-2.5,-4.2,4.06
2026-04-28,600879,航天电子,87,5811.0,10jqka,post_close,2026-04-28 15:00:00,2026-04-14,6,2,32.0,-55.0,ok,2026-04-28,23.4,22.34,23.5,22.27,1334237.0,-4.49,-10.71,-12.46,0.057,0.68,-6.59,-7.08,-1.73,-26.0,0.081,False,False,0.0,0.0,不推送,False,连续上榜确认,当日转弱；收盘承接偏弱；近5日趋势未确认；人气排名明显回落,不主动推送。,v2,震荡,40.32,-0.82,-1.04,0,2026-04-28,common_index_cache,-0.19,-1.1,-1.43,-0.16,-1.01,-2.5,-3.67,-11.42
2026-04-28,000568,泸州老窖,88,5805.0,10jqka,post_close,2026-04-28 15:00:00,2026-04-28,1,1,,,ok,2026-04-28,100.37,100.2,101.37,99.8,67183.0,-0.15,-1.62,-0.41,0.255,0.79,-0.85,-1.17,-2.46,-21.66,0.637,False,False,0.0,0.0,不推送,False,-,当日转弱；收盘承接偏弱；近5日趋势未确认,不主动推送。,v2,震荡,40.32,-0.82,-1.04,0,2026-04-28,common_index_cache,-0.19,-1.1,-1.43,-0.16,-1.01,-2.5,0.67,0.63
2026-04-28,603601,再升科技,89,5763.0,10jqka,post_close,2026-04-28 15:00:00,2026-04-13,11,10,73.0,-16.0,ok,2026-04-28,14.65,15.26,15.95,14.2,2492496.0,2.14,0.73,-6.15,0.606,1.1,1.26,0.86,4.3,-8.35,0.394,False,False,0.0,22.0,不推送,False,温和放量；站上20日线且不过热；持续霸榜,近5日趋势未确认；热度可能进入后段,不主动推送。,v2,震荡,40.32,-0.82,-1.04,0,2026-04-28,common_index_cache,-0.19,-1.1,-1.43,-0.16,-1.01,-2.5,2.96,-5.11
2026-04-28,603399,永杉锂业,90,5696.0,10jqka,post_close,2026-04-28 15:00:00,2026-04-28,1,1,,,ok,2026-04-28,15.5,16.03,16.03,15.38,552466.0,10.02,18.57,18.92,1.0,0.79,11.6,17.98,27.3,0.0,0.0,True,False,0.0,64.0,普通观察,True,当日涨停附近；收在日内高位；近5日趋势升温；站上20日线且不过热；v2低分涨停修正,-,保留在样本池，继续看次日人气和承接。,v2,震荡,40.32,-0.82,-1.04,0,2026-04-28,common_index_cache,-0.19,-1.1,-1.43,-0.16,-1.01,-2.5,10.84,19.96
2026-04-28,300766,每日互动,91,5682.0,10jqka,post_close,2026-04-28 15:00:00,2026-04-24,2,1,92.0,1.0,ok,2026-04-28,30.66,29.33,30.92,28.9,511473.0,-6.14,-24.52,-23.14,0.213,1.07,-17.0,-19.93,-19.5,-41.75,0.129,False,False,0.0,0.0,不推送,False,温和放量,当日转弱；收盘承接偏弱；近5日趋势未确认；仍在20日线下方,不主动推送。,v2,震荡,40.32,-0.82,-1.04,0,2026-04-28,common_index_cache,-0.19,-1.1,-1.43,-0.16,-1.01,-2.5,-5.32,-22.1
2026-04-28,300223,北京君正,92,5671.0,10jqka,post_close,2026-04-28 15:00:00,2026-04-28,1,1,,,ok,2026-04-28,122.76,124.02,129.0,121.61,297930.0,1.26,3.92,3.13,0.326,1.34,1.73,3.68,8.49,-18.4,0.674,False,False,0.0,4.0,不推送,False,温和放量；站上20日线且不过热,收盘承接偏弱；上影线偏长,不主动推送。,v2,震荡,40.32,-0.82,-1.04,0,2026-04-28,common_index_cache,-0.19,-1.1,-1.43,-0.16,-1.01,-2.5,2.08,4.17
2026-04-28,300418,昆仑万维,93,5665.0,10jqka,post_close,2026-04-28 15:00:00,2026-04-28,1,1,,,ok,2026-04-28,50.99,49.6,51.11,49.33,378686.0,-3.07,-5.27,-8.62,0.152,0.62,-3.75,-4.79,-2.37,-24.77,0.067,False,False,0.0,0.0,不推送,False,-,当日转弱；收盘承接偏弱；近5日趋势未确认,不主动推送。,v2,震荡,40.32,-0.82,-1.04,0,2026-04-28,common_index_cache,-0.19,-1.1,-1.43,-0.16,-1.01,-2.5,-2.25,-7.58
2026-04-28,002115,三维通信,94,5646.0,10jqka,post_close,2026-04-28 15:00:00,2026-04-28,1,1,,,ok,2026-04-28,13.79,14.0,14.26,13.39,2184348.0,5.03,12.18,10.32,0.701,4.06,7.96,9.56,12.44,-14.89,0.299,False,False,0.0,16.0,不推送,False,当日上涨；近5日趋势升温；站上20日线且不过热,放量过猛,不主动推送。,v2,震荡,40.32,-0.82,-1.04,0,2026-04-28,common_index_cache,-0.19,-1.1,-1.43,-0.16,-1.01,-2.5,5.85,11.36
2026-04-28,001896,豫能控股,95,5607.0,10jqka,post_close,2026-04-28 15:00:00,2026-04-13,12,12,46.0,-49.0,ok,2026-04-28,16.09,15.73,16.9,15.66,1593303.0,-4.03,-12.47,-8.01,0.056,0.81,-6.75,-7.98,3.16,-16.55,0.653,False,False,0.0,0.0,不推送,False,温和放量；站上20日线且不过热；持续霸榜,当日转弱；收盘承接偏弱；近5日趋势未确认；热度可能进入后段；人气排名明显回落,不主动推送。,v2,震荡,40.32,-0.82,-1.04,0,2026-04-28,common_index_cache,-0.19,-1.1,-1.43,-0.16,-1.01,-2.5,-3.21,-6.97
2026-04-28,600183,生益科技,96,5600.0,10jqka,post_close,2026-04-28 15:00:00,2026-04-28,1,1,,,ok,2026-04-28,77.34,76.62,78.1,74.09,625638.0,-0.07,2.23,5.61,0.631,0.96,1.65,5.99,17.77,-2.39,0.19,False,False,0.0,24.0,不推送,False,温和放量；近5日趋势升温；站上20日线且不过热,当日转弱,不主动推送。,v2,震荡,40.32,-0.82,-1.04,0,2026-04-28,common_index_cache,-0.19,-1.1,-1.43,-0.16,-1.01,-2.5,0.75,6.65
2026-04-28,002565,顺灏股份,97,5572.0,10jqka,post_close,2026-04-28 15:00:00,2026-04-14,11,11,10.0,-87.0,ok,2026-04-28,19.12,18.85,19.69,18.61,1778394.0,1.51,-4.61,-15.55,0.222,0.72,-4.73,-3.78,4.19,-18.01,0.528,False,False,0.0,0.0,不推送,False,站上20日线且不过热；持续霸榜,收盘承接偏弱；近5日趋势未确认；热度可能进入后段；人气排名明显回落；上影线偏长,不主动推送。,v2,震荡,40.32,-0.82,-1.04,0,2026-04-28,common_index_cache,-0.19,-1.1,-1.43,-0.16,-1.01,-2.5,2.33,-14.51
2026-04-28,000967,盈峰环境,98,5564.0,10jqka,post_close,2026-04-28 15:00:00,2026-04-14,2,1,65.0,-33.0,ok,2026-04-28,13.0,14.18,14.18,12.9,1978531.0,10.01,3.28,5.43,1.0,0.86,5.19,5.9,23.05,-2.74,0.0,True,False,0.0,68.0,普通观察,True,当日涨停附近；收在日内高位；温和放量；近5日趋势升温；站上20日线且不过热,人气排名明显回落,保留在样本池，继续看次日人气和承接。,v2,震荡,40.32,-0.82,-1.04,0,2026-04-28,common_index_cache,-0.19,-1.1,-1.43,-0.16,-1.01,-2.5,10.83,6.47
2026-04-28,002218,拓日新能,99,5563.0,10jqka,post_close,2026-04-28 15:00:00,2026-04-28,1,1,,,ok,2026-04-28,5.71,5.71,5.71,5.62,798354.0,10.02,6.73,-1.55,1.0,0.88,5.47,3.37,-1.48,-30.2,0.0,True,False,0.0,48.0,不推送,False,当日涨停附近；收在日内高位；温和放量,近5日趋势未确认,不主动推送。,v2,震荡,40.32,-0.82,-1.04,0,2026-04-28,common_index_cache,-0.19,-1.1,-1.43,-0.16,-1.01,-2.5,10.84,-0.51
2026-04-28,002759,天际股份,100,5469.0,10jqka,post_close,2026-04-28 15:00:00,2026-04-14,2,1,9.0,-91.0,ok,2026-04-28,35.0,34.0,35.07,33.49,416127.0,-1.16,6.42,-2.52,0.323,0.85,1.69,-1.2,-2.82,-24.24,0.044,False,False,0.0,0.0,不推送,False,温和放量,当日转弱；收盘承接偏弱；近5日趋势未确认；人气排名明显回落,不主动推送。,v2,震荡,40.32,-0.82,-1.04,0,2026-04-28,common_index_cache,-0.19,-1.1,-1.43,-0.16,-1.01,-2.5,-0.34,-1.48
2026-04-29,601869,长飞光纤,1,40333.0,10jqka,post_close,2026-04-29 15:00:00,2026-04-10,12,1,92.0,91.0,ok,2026-04-29,365.0,370.52,375.99,358.1,122974.0,-0.8,0.64,-10.07,0.694,0.71,-1.18,-2.18,0.48,-12.38,0.306,False,False,0.0,28.0,不推送,False,人气Top3；站上20日线且不过热；人气排名明显上升,当日转弱；近5日趋势未确认,不主动推送。,v2,强势,61.12,1.6,-0.56,0,2026-04-29,common_index_cache,0.71,1.96,2.51,0.03,-0.37,-1.75,-2.4,-9.51
2026-04-29,603986,兆易创新,2,32768.0,10jqka,post_close,2026-04-29 15:00:00,2026-04-10,7,1,91.0,89.0,ok,2026-04-29,303.01,308.89,311.66,297.0,419200.0,0.45,3.76,-1.62,0.811,1.15,1.45,2.66,10.37,-6.72,0.189,False,False,0.0,62.0,普通观察,True,人气Top3；收盘承接较强；温和放量；站上20日线且不过热；人气排名明显上升,近5日趋势未确认,保留在样本池，继续看次日人气和承接。,v2,强势,61.12,1.6,-0.56,0,2026-04-29,common_index_cache,0.71,1.96,2.51,0.03,-0.37,-1.75,-1.15,-1.06
2026-04-29,600887,伊利股份,3,27081.0,10jqka,post_close,2026-04-29 15:00:00,2026-04-29,1,1,,,ok,2026-04-29,25.55,26.57,26.59,25.5,1261715.0,4.24,5.23,5.06,0.982,2.53,3.93,4.12,2.8,-3.31,0.018,False,False,0.0,82.0,重点观察,True,人气Top3；当日上涨；收在日内高位；放量仍可控；近5日趋势升温；站上20日线且不过热,-,只做观察或轻仓试错，等待回落承接和量能不失控。,v2,强势,61.12,1.6,-0.56,0,2026-04-29,common_index_cache,0.71,1.96,2.51,0.03,-0.37,-1.75,2.64,5.62
2026-04-29,002176,江特电机,4,22180.0,10jqka,post_close,2026-04-29 15:00:00,2026-04-24,4,4,39.0,35.0,ok,2026-04-29,13.77,16.09,16.09,13.77,3838814.0,9.98,18.14,29.86,1.0,1.64,12.98,24.8,37.11,0.0,0.0,True,False,0.0,97.0,强推观察,True,人气Top10；当日涨停附近；收在日内高位；温和放量；近5日强势延续；连续上榜确认；人气排名明显上升；v2低分涨停修正,短线涨幅偏高；偏离20日线较大,高风险情绪股：不追一字，优先看分歧承接，跌破5日线或人气退潮就跑。,v2,强势,61.12,1.6,-0.56,0,2026-04-29,common_index_cache,0.71,1.96,2.51,0.03,-0.37,-1.75,8.38,30.42
2026-04-29,002709,天赐材料,5,20536.0,10jqka,post_close,2026-04-29 15:00:00,2026-04-10,11,4,14.0,9.0,ok,2026-04-29,54.12,59.32,59.32,53.58,1805744.0,9.99,12.48,13.86,1.0,1.25,9.83,13.65,21.4,0.0,0.0,True,False,0.0,120.0,强推观察,True,人气Top10；当日涨停附近；收在日内高位；温和放量；近5日趋势升温；站上20日线且不过热；连续上榜确认；v2强势延续修正；v2低分涨停修正,-,高风险情绪股：不追一字，优先看分歧承接，跌破5日线或人气退潮就跑。,v2,强势,61.12,1.6,-0.56,0,2026-04-29,common_index_cache,0.71,1.96,2.51,0.03,-0.37,-1.75,8.39,14.42
2026-04-29,600111,北方稀土,6,15174.0,10jqka,post_close,2026-04-29 15:00:00,2026-04-10,7,2,29.0,23.0,ok,2026-04-29,47.5,50.95,50.95,47.49,1871938.0,10.0,7.85,1.6,1.0,2.33,6.81,4.25,2.95,-19.85,0.0,True,False,0.0,90.0,强推观察,True,人气Top10；当日涨停附近；收在日内高位；放量仍可控；站上20日线且不过热；连续上榜确认；人气排名明显上升,-,高风险情绪股：不追一字，优先看分歧承接，跌破5日线或人气退潮就跑。,v2,强势,61.12,1.6,-0.56,0,2026-04-29,common_index_cache,0.71,1.96,2.51,0.03,-0.37,-1.75,8.4,2.16
2026-04-29,603501,豪威集团,7,13835.0,10jqka,post_close,2026-04-29 15:00:00,2026-04-27,2,1,99.0,92.0,ok,2026-04-29,102.85,101.59,103.35,99.74,366345.0,-2.21,6.8,7.85,0.512,1.05,2.07,5.25,6.91,-22.37,0.139,False,False,0.0,52.0,不推送,False,人气Top10；温和放量；近5日趋势升温；站上20日线且不过热；人气排名明显上升,当日转弱,不主动推送。,v2,强势,61.12,1.6,-0.56,0,2026-04-29,common_index_cache,0.71,1.96,2.51,0.03,-0.37,-1.75,-3.81,8.41
2026-04-29,002081,金螳螂,8,13335.0,10jqka,post_close,2026-04-29 15:00:00,2026-04-20,8,8,4.0,-4.0,ok,2026-04-29,4.8,5.36,5.36,4.8,3140497.0,10.06,9.61,8.5,1.0,0.91,7.29,17.62,35.54,-1.83,0.0,True,False,0.0,90.0,强推观察,True,人气Top10；当日涨停附近；收在日内高位；温和放量；近5日趋势升温；持续霸榜,偏离20日线较大；热度可能进入后段,高风险情绪股：不追一字，优先看分歧承接，跌破5日线或人气退潮就跑。,v2,强势,61.12,1.6,-0.56,0,2026-04-29,common_index_cache,0.71,1.96,2.51,0.03,-0.37,-1.75,8.46,9.06
2026-04-29,600186,莲花控股,9,13146.0,10jqka,post_close,2026-04-29 15:00:00,2026-04-15,9,7,33.0,24.0,ok,2026-04-29,9.85,10.82,10.82,9.85,2303049.0,9.96,18.38,25.96,1.0,0.66,11.34,21.34,33.2,0.0,0.0,True,False,0.0,89.0,重点观察,True,人气Top10；当日涨停附近；收在日内高位；近5日强势延续；持续霸榜；人气排名明显上升；v2强势延续修正；v2低分涨停修正,短线涨幅偏高；偏离20日线较大；热度可能进入后段,只做观察或轻仓试错，等待回落承接和量能不失控。,v2,强势,61.12,1.6,-0.56,0,2026-04-29,common_index_cache,0.71,1.96,2.51,0.03,-0.37,-1.75,8.36,26.52
2026-04-29,600759,ST洲际,10,12921.0,10jqka,post_close,2026-04-29 15:00:00,2026-04-13,3,2,17.0,7.0,ok,2026-04-29,4.92,4.92,4.92,4.92,43763.0,-5.02,-6.82,-5.2,1.0,0.01,-4.21,-5.09,-8.88,-45.87,,False,False,0.0,18.0,不推送,False,人气Top10；收在日内高位；连续上榜确认,当日转弱；量能不足；近5日趋势未确认；仍在20日线下方,不主动推送。,v2,强势,61.12,1.6,-0.56,0,2026-04-29,common_index_cache,0.71,1.96,2.51,0.03,-0.37,-1.75,-6.62,-4.64
2026-04-29,600396,华电辽能,11,12680.0,10jqka,post_close,2026-04-29 15:00:00,2026-04-10,14,14,11.0,0.0,ok,2026-04-29,10.1,10.43,11.3,10.1,3659514.0,-3.43,13.37,16.67,0.275,1.0,3.51,16.84,27.53,-7.7,0.725,False,False,0.0,32.0,不推送,False,人气Top20；温和放量；近5日趋势升温；站上20日线且不过热；持续霸榜,当日转弱；收盘承接偏弱；热度可能进入后段,不主动推送。,v2,强势,61.12,1.6,-0.56,0,2026-04-29,common_index_cache,0.71,1.96,2.51,0.03,-0.37,-1.75,-5.03,17.23
2026-04-29,603629,利通电子,12,12550.0,10jqka,post_close,2026-04-29 15:00:00,2026-04-13,13,13,10.0,-2.0,ok,2026-04-29,130.99,131.29,131.29,128.11,144191.0,10.0,19.99,21.34,1.0,0.4,12.21,19.03,45.01,0.0,0.0,True,False,0.0,56.0,不推送,False,人气Top20；当日涨停附近；收在日内高位；近5日趋势升温；持续霸榜；v2低分涨停修正,量能不足；远离20日线过多；热度可能进入后段,不主动推送。,v2,强势,61.12,1.6,-0.56,0,2026-04-29,common_index_cache,0.71,1.96,2.51,0.03,-0.37,-1.75,8.4,21.9
2026-04-29,600821,金开新能,13,12242.0,10jqka,post_close,2026-04-29 15:00:00,2026-04-15,10,1,72.0,59.0,ok,2026-04-29,8.25,8.67,8.88,8.18,2255257.0,3.96,-2.36,-4.09,0.7,0.86,-1.57,-3.16,0.4,-28.93,0.3,False,False,0.0,46.0,不推送,False,人气Top20；当日上涨；温和放量；站上20日线且不过热；人气排名明显上升,近5日趋势未确认,不主动推送。,v2,强势,61.12,1.6,-0.56,0,2026-04-29,common_index_cache,0.71,1.96,2.51,0.03,-0.37,-1.75,2.36,-3.53
2026-04-29,002297,博云新材,14,12039.0,10jqka,post_close,2026-04-29 15:00:00,2026-04-10,13,10,9.0,-5.0,ok,2026-04-29,21.25,23.21,24.36,20.99,2135642.0,2.79,4.08,14.39,0.659,1.13,4.68,14.13,45.05,-4.72,0.341,False,False,0.0,34.0,不推送,False,人气Top20；温和放量；近5日趋势升温；持续霸榜,远离20日线过多；热度可能进入后段,不主动推送。,v2,强势,61.12,1.6,-0.56,0,2026-04-29,common_index_cache,0.71,1.96,2.51,0.03,-0.37,-1.75,1.19,14.95
2026-04-29,301217,铜冠铜箔,15,11780.0,10jqka,post_close,2026-04-29 15:00:00,2026-04-29,1,1,,,ok,2026-04-29,57.97,70.98,70.98,57.89,779598.0,20.0,51.02,37.85,1.0,1.67,28.25,37.05,51.92,0.0,0.0,True,False,0.0,67.0,普通观察,True,人气Top20；当日涨停附近；收在日内高位；温和放量；近5日强势延续；首次上榜即强势,短线涨幅偏高；远离20日线过多,保留在样本池，继续看次日人气和承接。,v2,强势,61.12,1.6,-0.56,0,2026-04-29,common_index_cache,0.71,1.96,2.51,0.03,-0.37,-1.75,18.4,38.41
2026-04-29,600152,维科技术,16,11595.0,10jqka,post_close,2026-04-29 15:00:00,2026-04-14,8,4,20.0,4.0,ok,2026-04-29,15.2,14.5,15.35,14.12,1820240.0,-7.58,11.88,15.63,0.309,1.73,4.78,7.24,21.29,-7.58,0.122,False,False,0.0,36.0,不推送,False,人气Top20；温和放量；近5日趋势升温；站上20日线且不过热；连续上榜确认,当日转弱；收盘承接偏弱,不主动推送。,v2,强势,61.12,1.6,-0.56,0,2026-04-29,common_index_cache,0.71,1.96,2.51,0.03,-0.37,-1.75,-9.18,16.19
2026-04-29,601138,工业富联,17,11433.0,10jqka,post_close,2026-04-29 15:00:00,2026-04-10,14,14,3.0,-14.0,ok,2026-04-29,67.77,66.26,67.77,64.0,2823039.0,-2.84,1.92,-0.94,0.599,1.06,-1.0,2.77,10.86,-4.11,0.0,False,False,0.0,28.0,不推送,False,人气Top20；温和放量；站上20日线且不过热；持续霸榜,当日转弱；近5日趋势未确认；热度可能进入后段,不主动推送。,v2,强势,61.12,1.6,-0.56,0,2026-04-29,common_index_cache,0.71,1.96,2.51,0.03,-0.37,-1.75,-4.44,-0.38
2026-04-29,603778,国晟科技,18,11374.0,10jqka,post_close,2026-04-29 15:00:00,2026-04-10,14,14,75.0,57.0,ok,2026-04-29,25.0,27.37,27.65,25.0,713465.0,8.31,3.17,4.87,0.894,0.9,3.62,3.48,-3.49,-20.13,0.106,False,False,0.0,64.0,普通观察,True,人气Top20；当日强涨；收盘承接较强；温和放量；持续霸榜；人气排名明显上升,热度可能进入后段,保留在样本池，继续看次日人气和承接。,v2,强势,61.12,1.6,-0.56,0,2026-04-29,common_index_cache,0.71,1.96,2.51,0.03,-0.37,-1.75,6.71,5.43
2026-04-29,000858,五粮液,19,11296.0,10jqka,post_close,2026-04-29 15:00:00,2026-04-28,2,2,12.0,-7.0,ok,2026-04-29,97.88,98.34,98.58,97.04,338635.0,-1.86,-2.89,-2.29,0.844,2.21,-1.89,-2.6,-3.76,-11.23,0.156,False,False,0.0,28.0,不推送,False,人气Top20；收盘承接较强；放量仍可控；连续上榜确认,当日转弱；近5日趋势未确认,不主动推送。,v2,强势,61.12,1.6,-0.56,0,2026-04-29,common_index_cache,0.71,1.96,2.51,0.03,-0.37,-1.75,-3.46,-1.73
2026-04-29,000651,格力电器,20,11251.0,10jqka,post_close,2026-04-29 15:00:00,2026-04-28,2,2,28.0,8.0,ok,2026-04-29,39.99,40.47,40.88,39.6,2007041.0,5.28,9.05,9.56,0.68,5.18,6.23,7.76,7.85,-1.0,0.32,False,False,0.0,40.0,不推送,False,人气Top20；当日上涨；近5日趋势升温；站上20日线且不过热；连续上榜确认,放量过猛,不主动推送。,v2,强势,61.12,1.6,-0.56,0,2026-04-29,common_index_cache,0.71,1.96,2.51,0.03,-0.37,-1.75,3.68,10.12
2026-04-29,603538,美诺华,21,11177.0,10jqka,post_close,2026-04-29 15:00:00,2026-04-10,14,14,50.0,29.0,ok,2026-04-29,61.26,65.3,65.3,59.85,621092.0,8.62,13.41,29.31,1.0,1.07,10.7,17.05,29.03,0.0,0.0,False,False,0.0,65.0,普通观察,True,人气Top50；当日强涨；收在日内高位；温和放量；近5日强势延续；持续霸榜；人气排名明显上升,短线涨幅偏高；偏离20日线较大；热度可能进入后段,保留在样本池，继续看次日人气和承接。,v2,强势,61.12,1.6,-0.56,0,2026-04-29,common_index_cache,0.71,1.96,2.51,0.03,-0.37,-1.75,7.02,29.87
2026-04-29,000890,法尔胜,22,10881.0,10jqka,post_close,2026-04-29 15:00:00,2026-04-10,10,1,77.0,55.0,ok,2026-04-29,16.26,17.2,17.49,15.95,900072.0,8.18,5.91,12.86,0.812,0.89,4.1,14.07,14.86,-2.33,0.188,False,False,0.0,72.0,普通观察,True,人气Top50；当日强涨；收盘承接较强；温和放量；近5日趋势升温；站上20日线且不过热；人气排名明显上升,-,保留在样本池，继续看次日人气和承接。,v2,强势,61.12,1.6,-0.56,0,2026-04-29,common_index_cache,0.71,1.96,2.51,0.03,-0.37,-1.75,6.58,13.42
2026-04-29,600875,东方电气,23,10692.0,10jqka,post_close,2026-04-29 15:00:00,2026-04-10,4,1,91.0,68.0,ok,2026-04-29,39.4,39.96,40.17,38.57,614873.0,1.06,-3.64,-5.33,0.869,0.68,-2.6,-3.86,0.42,-11.94,0.131,False,False,0.0,26.0,不推送,False,人气Top50；收盘承接较强；站上20日线且不过热；人气排名明显上升,近5日趋势未确认,不主动推送。,v2,强势,61.12,1.6,-0.56,0,2026-04-29,common_index_cache,0.71,1.96,2.51,0.03,-0.37,-1.75,-0.54,-4.77
2026-04-29,002580,圣阳股份,24,10546.0,10jqka,post_close,2026-04-29 15:00:00,2026-04-10,14,14,27.0,3.0,ok,2026-04-29,29.1,28.6,29.96,28.31,1271919.0,-3.05,3.25,7.0,0.176,0.8,1.0,-1.17,19.83,-14.98,0.521,False,False,0.0,24.0,不推送,False,人气Top50；温和放量；近5日趋势升温；站上20日线且不过热；持续霸榜,当日转弱；收盘承接偏弱；热度可能进入后段,不主动推送。,v2,强势,61.12,1.6,-0.56,0,2026-04-29,common_index_cache,0.71,1.96,2.51,0.03,-0.37,-1.75,-4.65,7.56
2026-04-29,600487,亨通光电,25,9828.0,10jqka,post_close,2026-04-29 15:00:00,2026-04-10,14,14,38.0,13.0,ok,2026-04-29,67.0,67.38,68.2,65.35,1237637.0,-1.33,-3.11,2.43,0.712,0.55,-2.66,5.06,12.69,-9.54,0.288,False,False,0.0,14.0,不推送,False,人气Top50；站上20日线且不过热；持续霸榜；人气排名明显上升,当日转弱；热度可能进入后段,不主动推送。,v2,强势,61.12,1.6,-0.56,0,2026-04-29,common_index_cache,0.71,1.96,2.51,0.03,-0.37,-1.75,-2.93,2.99
2026-04-29,601778,晶科科技,26,9608.0,10jqka,post_close,2026-04-29 15:00:00,2026-04-14,12,12,2.0,-24.0,ok,2026-04-29,6.57,6.96,7.18,6.57,6526741.0,-2.25,-2.93,6.42,0.639,0.84,-1.64,1.83,15.43,-11.68,0.361,False,False,0.0,32.0,不推送,False,人气Top50；温和放量；近5日趋势升温；站上20日线且不过热；持续霸榜,当日转弱；热度可能进入后段；人气排名明显回落,不主动推送。,v2,强势,61.12,1.6,-0.56,0,2026-04-29,common_index_cache,0.71,1.96,2.51,0.03,-0.37,-1.75,-3.85,6.98
2026-04-29,002460,赣锋锂业,27,9563.0,10jqka,post_close,2026-04-29 15:00:00,2026-04-10,9,1,94.0,67.0,ok,2026-04-29,81.81,86.9,87.15,80.84,848991.0,5.85,2.25,5.69,0.96,1.25,3.95,3.96,5.1,-1.79,0.04,False,False,0.0,70.0,普通观察,True,人气Top50；当日上涨；收在日内高位；温和放量；近5日趋势升温；站上20日线且不过热；人气排名明显上升,-,保留在样本池，继续看次日人气和承接。,v2,强势,61.12,1.6,-0.56,0,2026-04-29,common_index_cache,0.71,1.96,2.51,0.03,-0.37,-1.75,4.25,6.25
2026-04-29,001896,豫能控股,28,9191.0,10jqka,post_close,2026-04-29 15:00:00,2026-04-13,13,13,95.0,67.0,ok,2026-04-29,15.3,16.93,17.3,15.11,2352561.0,7.63,1.07,-3.26,0.831,1.32,1.05,-1.17,9.88,-10.19,0.169,False,False,0.0,60.0,普通观察,True,人气Top50；当日强涨；收盘承接较强；温和放量；站上20日线且不过热；持续霸榜；人气排名明显上升,近5日趋势未确认；热度可能进入后段,保留在样本池，继续看次日人气和承接。,v2,强势,61.12,1.6,-0.56,0,2026-04-29,common_index_cache,0.71,1.96,2.51,0.03,-0.37,-1.75,6.03,-2.7
2026-04-29,600726,华电能源,29,9135.0,10jqka,post_close,2026-04-29 15:00:00,2026-04-23,5,5,5.0,-24.0,ok,2026-04-29,6.95,7.1,7.63,6.55,5331039.0,1.14,22.41,48.23,0.509,1.13,12.45,29.8,35.21,-6.95,0.491,False,False,0.0,6.0,不推送,False,人气Top50；温和放量；持续霸榜,短线涨幅过热；偏离20日线较大；热度可能进入后段；人气排名明显回落；上影线偏长,不主动推送。,v2,强势,61.12,1.6,-0.56,0,2026-04-29,common_index_cache,0.71,1.96,2.51,0.03,-0.37,-1.75,-0.46,48.79
2026-04-29,300390,天华新能,30,9116.0,10jqka,post_close,2026-04-29 15:00:00,2026-04-10,8,1,60.0,30.0,ok,2026-04-29,92.0,110.5,111.59,91.4,965871.0,18.83,21.43,30.21,0.946,1.39,17.86,22.84,41.87,-0.98,0.054,True,False,0.0,73.0,普通观察,True,人气Top50；当日涨停附近；收在日内高位；温和放量；近5日强势延续；人气排名明显上升；v2低分涨停修正,短线涨幅偏高；偏离20日线较大,保留在样本池，继续看次日人气和承接。,v2,强势,61.12,1.6,-0.56,0,2026-04-29,common_index_cache,0.71,1.96,2.51,0.03,-0.37,-1.75,17.23,30.77
2026-04-29,601888,中国中免,31,8984.0,10jqka,post_close,2026-04-29 15:00:00,2026-04-29,1,1,,,ok,2026-04-29,64.21,65.95,66.1,64.2,251143.0,2.15,0.81,-1.02,0.921,1.32,0.59,-0.78,-2.75,-33.19,0.079,False,False,0.0,34.0,不推送,False,人气Top50；收在日内高位；温和放量,近5日趋势未确认,不主动推送。,v2,强势,61.12,1.6,-0.56,0,2026-04-29,common_index_cache,0.71,1.96,2.51,0.03,-0.37,-1.75,0.55,-0.46
2026-04-29,002340,格林美,32,8745.0,10jqka,post_close,2026-04-29 15:00:00,2026-04-21,3,1,51.0,19.0,ok,2026-04-29,8.85,9.64,9.69,8.79,4910115.0,7.95,14.35,12.49,0.944,2.29,8.95,11.38,15.89,-4.08,0.056,False,False,0.0,72.0,普通观察,True,人气Top50；当日强涨；收在日内高位；放量仍可控；近5日趋势升温；站上20日线且不过热；人气排名明显上升,-,保留在样本池，继续看次日人气和承接。,v2,强势,61.12,1.6,-0.56,0,2026-04-29,common_index_cache,0.71,1.96,2.51,0.03,-0.37,-1.75,6.35,13.05
2026-04-29,603906,龙蟠科技,33,8664.0,10jqka,post_close,2026-04-29 15:00:00,2026-04-16,8,1,74.0,41.0,ok,2026-04-29,29.45,32.99,32.99,29.43,624963.0,10.0,1.32,15.27,1.0,0.7,4.73,13.57,28.67,-2.4,0.0,True,False,0.0,76.0,重点观察,True,人气Top50；当日涨停附近；收在日内高位；近5日趋势升温；人气排名明显上升；v2强势延续修正；v2低分涨停修正,偏离20日线较大,只做观察或轻仓试错，等待回落承接和量能不失控。,v2,强势,61.12,1.6,-0.56,0,2026-04-29,common_index_cache,0.71,1.96,2.51,0.03,-0.37,-1.75,8.4,15.83
2026-04-29,002181,粤传媒,34,8632.0,10jqka,post_close,2026-04-29 15:00:00,2026-04-16,2,1,100.0,66.0,ok,2026-04-29,14.5,14.99,15.32,14.35,1133450.0,3.95,14.95,15.49,0.66,1.38,7.21,8.84,14.52,-2.15,0.34,False,False,0.0,54.0,不推送,False,人气Top50；当日上涨；温和放量；近5日趋势升温；站上20日线且不过热；人气排名明显上升,-,不主动推送。,v2,强势,61.12,1.6,-0.56,0,2026-04-29,common_index_cache,0.71,1.96,2.51,0.03,-0.37,-1.75,2.35,16.05
2026-04-29,001309,德明利,35,8613.0,10jqka,post_close,2026-04-29 15:00:00,2026-04-10,6,1,89.0,54.0,ok,2026-04-29,491.22,522.93,525.0,485.5,175813.0,5.35,6.75,-0.39,0.948,1.2,4.92,3.0,12.82,-4.04,0.052,False,False,0.0,54.0,不推送,False,人气Top50；当日上涨；收在日内高位；温和放量；站上20日线且不过热；人气排名明显上升,近5日趋势未确认,不主动推送。,v2,强势,61.12,1.6,-0.56,0,2026-04-29,common_index_cache,0.71,1.96,2.51,0.03,-0.37,-1.75,3.75,0.17
2026-04-29,603399,永杉锂业,36,8294.0,10jqka,post_close,2026-04-29 15:00:00,2026-04-28,2,2,90.0,54.0,ok,2026-04-29,15.92,17.63,17.63,15.73,615455.0,9.98,22.86,32.06,1.0,0.98,15.83,24.64,36.57,0.0,0.0,True,False,0.0,81.0,重点观察,True,人气Top50；当日涨停附近；收在日内高位；温和放量；近5日强势延续；连续上榜确认；人气排名明显上升；v2低分涨停修正,短线涨幅偏高；偏离20日线较大,只做观察或轻仓试错，等待回落承接和量能不失控。,v2,强势,61.12,1.6,-0.56,0,2026-04-29,common_index_cache,0.71,1.96,2.51,0.03,-0.37,-1.75,8.38,32.62
2026-04-29,600884,杉杉股份,37,8281.0,10jqka,post_close,2026-04-29 15:00:00,2026-04-10,2,1,84.0,47.0,ok,2026-04-29,15.53,16.9,17.04,15.42,2097027.0,7.23,11.77,11.48,0.914,1.56,7.4,10.78,15.17,-0.82,0.086,False,False,0.0,78.0,重点观察,True,人气Top50；当日强涨；收在日内高位；温和放量；近5日趋势升温；站上20日线且不过热；人气排名明显上升,-,只做观察或轻仓试错，等待回落承接和量能不失控。,v2,强势,61.12,1.6,-0.56,0,2026-04-29,common_index_cache,0.71,1.96,2.51,0.03,-0.37,-1.75,5.63,12.04
2026-04-29,002202,金风科技,38,8176.0,10jqka,post_close,2026-04-29 15:00:00,2026-04-10,14,14,57.0,19.0,ok,2026-04-29,25.23,25.73,25.89,25.07,1292192.0,0.86,0.98,-1.91,0.805,0.72,-0.23,-0.38,2.71,-22.73,0.195,False,False,0.0,30.0,不推送,False,人气Top50；收盘承接较强；站上20日线且不过热；持续霸榜；人气排名明显上升,近5日趋势未确认；热度可能进入后段,不主动推送。,v2,强势,61.12,1.6,-0.56,0,2026-04-29,common_index_cache,0.71,1.96,2.51,0.03,-0.37,-1.75,-0.74,-1.35
2026-04-29,002407,多氟多,39,8040.0,10jqka,post_close,2026-04-29 15:00:00,2026-04-14,6,4,63.0,24.0,ok,2026-04-29,33.33,35.87,36.3,33.33,2116764.0,6.25,8.57,12.41,0.855,1.31,7.25,11.63,18.55,-1.18,0.145,False,False,0.0,72.0,普通观察,True,人气Top50；当日上涨；收盘承接较强；温和放量；近5日趋势升温；站上20日线且不过热；连续上榜确认；人气排名明显上升,-,保留在样本池，继续看次日人气和承接。,v2,强势,61.12,1.6,-0.56,0,2026-04-29,common_index_cache,0.71,1.96,2.51,0.03,-0.37,-1.75,4.65,12.97
2026-04-29,603127,昭衍新药,40,7922.0,10jqka,post_close,2026-04-29 15:00:00,2026-04-15,2,1,82.0,42.0,ok,2026-04-29,39.1,38.64,39.2,37.36,433624.0,-3.28,2.74,2.44,0.696,1.35,1.3,1.97,3.07,-7.78,0.054,False,False,0.0,24.0,不推送,False,人气Top50；温和放量；站上20日线且不过热；人气排名明显上升,当日转弱,不主动推送。,v2,强势,61.12,1.6,-0.56,0,2026-04-29,common_index_cache,0.71,1.96,2.51,0.03,-0.37,-1.75,-4.88,3.0
2026-04-29,601016,节能风电,41,7726.0,10jqka,post_close,2026-04-29 15:00:00,2026-04-23,5,5,64.0,23.0,ok,2026-04-29,4.6,4.56,4.78,4.53,5751216.0,-3.59,1.79,12.04,0.12,0.77,-0.44,5.17,8.92,-20.42,0.72,False,False,0.0,14.0,不推送,False,人气Top50；近5日趋势升温；站上20日线且不过热；持续霸榜；人气排名明显上升,当日转弱；收盘承接偏弱；热度可能进入后段,不主动推送。,v2,强势,61.12,1.6,-0.56,0,2026-04-29,common_index_cache,0.71,1.96,2.51,0.03,-0.37,-1.75,-5.19,12.6
2026-04-29,002217,合力泰,42,7697.0,10jqka,post_close,2026-04-29 15:00:00,2026-04-17,8,3,16.0,-26.0,ok,2026-04-29,2.94,3.07,3.13,2.85,10811522.0,3.02,14.13,4.78,0.786,1.26,6.08,7.91,17.13,-5.83,0.214,False,False,0.0,52.0,不推送,False,人气Top50；当日上涨；收盘承接较强；温和放量；站上20日线且不过热；连续上榜确认,人气排名明显回落,不主动推送。,v2,强势,61.12,1.6,-0.56,0,2026-04-29,common_index_cache,0.71,1.96,2.51,0.03,-0.37,-1.75,1.42,5.34
2026-04-29,600089,特变电工,43,7659.0,10jqka,post_close,2026-04-29 15:00:00,2026-04-10,10,3,68.0,25.0,ok,2026-04-29,26.85,27.25,27.3,26.48,1290572.0,1.53,1.08,-0.87,0.939,0.9,0.74,-0.35,0.81,-18.12,0.061,False,False,0.0,54.0,不推送,False,人气Top50；收在日内高位；温和放量；站上20日线且不过热；连续上榜确认；人气排名明显上升,近5日趋势未确认,不主动推送。,v2,强势,61.12,1.6,-0.56,0,2026-04-29,common_index_cache,0.71,1.96,2.51,0.03,-0.37,-1.75,-0.07,-0.31
2026-04-29,301308,江波龙,44,7638.0,10jqka,post_close,2026-04-29 15:00:00,2026-04-27,3,3,46.0,2.0,ok,2026-04-29,381.1,414.3,416.3,380.01,231871.0,8.54,11.02,8.25,0.945,1.26,7.84,9.1,17.25,-0.48,0.055,False,False,0.0,82.0,重点观察,True,人气Top50；当日强涨；收在日内高位；温和放量；近5日趋势升温；站上20日线且不过热；连续上榜确认,-,只做观察或轻仓试错，等待回落承接和量能不失控。,v2,强势,61.12,1.6,-0.56,0,2026-04-29,common_index_cache,0.71,1.96,2.51,0.03,-0.37,-1.75,6.94,8.81
2026-04-29,603738,泰晶科技,45,7608.0,10jqka,post_close,2026-04-29 15:00:00,2026-04-17,5,1,68.0,23.0,ok,2026-04-29,35.88,39.82,39.82,35.01,681475.0,10.0,0.03,12.11,1.0,0.84,3.83,13.42,30.13,-7.4,0.0,True,False,0.0,90.0,强推观察,True,人气Top50；当日涨停附近；收在日内高位；温和放量；近5日趋势升温；人气排名明显上升；v2强势延续修正；v2低分涨停修正,偏离20日线较大,高风险情绪股：不追一字，优先看分歧承接，跌破5日线或人气退潮就跑。,v2,强势,61.12,1.6,-0.56,0,2026-04-29,common_index_cache,0.71,1.96,2.51,0.03,-0.37,-1.75,8.4,12.67
2026-04-29,002594,比亚迪,46,7585.0,10jqka,post_close,2026-04-29 15:00:00,2026-04-10,11,2,6.0,-40.0,ok,2026-04-29,101.47,105.4,105.64,101.0,1056558.0,3.86,5.97,3.72,0.948,2.47,3.61,2.93,3.42,-5.74,0.052,False,False,0.0,52.0,不推送,False,人气Top50；当日上涨；收在日内高位；放量仍可控；站上20日线且不过热；连续上榜确认,人气排名明显回落,不主动推送。,v2,强势,61.12,1.6,-0.56,0,2026-04-29,common_index_cache,0.71,1.96,2.51,0.03,-0.37,-1.75,2.26,4.28
2026-04-29,002156,通富微电,47,7475.0,10jqka,post_close,2026-04-29 15:00:00,2026-04-17,3,1,24.0,-23.0,ok,2026-04-29,49.3,49.5,49.84,48.11,925046.0,-1.49,2.23,1.25,0.803,0.81,0.36,1.56,6.89,-11.27,0.197,False,False,0.0,26.0,不推送,False,人气Top50；收盘承接较强；温和放量；站上20日线且不过热,当日转弱；人气排名明显回落,不主动推送。,v2,强势,61.12,1.6,-0.56,0,2026-04-29,common_index_cache,0.71,1.96,2.51,0.03,-0.37,-1.75,-3.09,1.81
2026-04-29,000973,佛塑科技,48,7371.0,10jqka,post_close,2026-04-29 15:00:00,2026-04-14,5,1,74.0,26.0,ok,2026-04-29,19.34,21.29,21.29,18.3,1170756.0,10.03,12.11,16.91,1.0,1.52,10.19,14.25,16.12,0.0,0.0,True,False,0.0,100.0,强推观察,True,人气Top50；当日涨停附近；收在日内高位；温和放量；近5日趋势升温；站上20日线且不过热；人气排名明显上升；v2强势延续修正；v2低分涨停修正,-,高风险情绪股：不追一字，优先看分歧承接，跌破5日线或人气退潮就跑。,v2,强势,61.12,1.6,-0.56,0,2026-04-29,common_index_cache,0.71,1.96,2.51,0.03,-0.37,-1.75,8.43,17.47
2026-04-29,600406,国电南瑞,49,7334.0,10jqka,post_close,2026-04-29 15:00:00,2026-04-29,1,1,,,ok,2026-04-29,26.26,26.62,26.64,26.24,864313.0,2.11,0.3,-1.44,0.95,1.12,0.52,-0.44,0.6,-16.97,0.05,False,False,0.0,42.0,不推送,False,人气Top50；收在日内高位；温和放量；站上20日线且不过热,近5日趋势未确认,不主动推送。,v2,强势,61.12,1.6,-0.56,0,2026-04-29,common_index_cache,0.71,1.96,2.51,0.03,-0.37,-1.75,0.51,-0.88
2026-04-29,002466,天齐锂业,50,7200.0,10jqka,post_close,2026-04-29 15:00:00,2026-04-13,6,1,69.0,19.0,ok,2026-04-29,73.0,75.52,75.8,71.07,1168530.0,4.12,2.47,6.77,0.941,1.21,3.92,7.33,16.96,-0.37,0.059,False,False,0.0,70.0,普通观察,True,人气Top50；当日上涨；收在日内高位；温和放量；近5日趋势升温；站上20日线且不过热；人气排名明显上升,-,保留在样本池，继续看次日人气和承接。,v2,强势,61.12,1.6,-0.56,0,2026-04-29,common_index_cache,0.71,1.96,2.51,0.03,-0.37,-1.75,2.52,7.33
2026-04-29,002361,神剑股份,51,7186.0,10jqka,post_close,2026-04-29 15:00:00,2026-04-10,14,14,21.0,-30.0,ok,2026-04-29,19.86,20.05,20.82,19.62,2425719.0,0.15,-6.57,-15.22,0.358,0.78,-5.58,-5.05,6.03,-16.28,0.642,False,False,0.0,0.0,不推送,False,站上20日线且不过热；持续霸榜,收盘承接偏弱；近5日趋势未确认；热度可能进入后段；人气排名明显回落；上影线偏长,不主动推送。,v2,强势,61.12,1.6,-0.56,0,2026-04-29,common_index_cache,0.71,1.96,2.51,0.03,-0.37,-1.75,-1.45,-14.66
2026-04-29,002192,融捷股份,52,7130.0,10jqka,post_close,2026-04-29 15:00:00,2026-04-13,3,1,79.0,27.0,ok,2026-04-29,90.44,99.29,99.29,88.88,399813.0,10.0,15.08,21.75,1.0,1.32,11.64,16.29,24.87,0.0,0.0,True,False,0.0,82.0,重点观察,True,当日涨停附近；收在日内高位；温和放量；近5日趋势升温；站上20日线且不过热；人气排名明显上升；v2低分涨停修正,-,只做观察或轻仓试错，等待回落承接和量能不失控。,v2,强势,61.12,1.6,-0.56,0,2026-04-29,common_index_cache,0.71,1.96,2.51,0.03,-0.37,-1.75,8.4,22.31
2026-04-29,600392,盛和资源,53,7096.0,10jqka,post_close,2026-04-29 15:00:00,2026-04-29,1,1,,,ok,2026-04-29,24.02,26.19,26.19,23.99,1109732.0,10.0,4.84,-4.35,1.0,1.54,5.42,1.7,4.84,-22.24,0.0,True,False,0.0,56.0,不推送,False,当日涨停附近；收在日内高位；温和放量；站上20日线且不过热,近5日趋势未确认,不主动推送。,v2,强势,61.12,1.6,-0.56,0,2026-04-29,common_index_cache,0.71,1.96,2.51,0.03,-0.37,-1.75,8.4,-3.79
2026-04-29,002645,华宏科技,54,7073.0,10jqka,post_close,2026-04-29 15:00:00,2026-04-29,1,1,,,ok,2026-04-29,21.43,23.43,23.43,21.43,247478.0,10.0,4.55,1.3,1.0,0.63,5.38,4.06,10.52,-2.98,0.0,True,False,0.0,46.0,不推送,False,当日涨停附近；收在日内高位；站上20日线且不过热,-,不主动推送。,v2,强势,61.12,1.6,-0.56,0,2026-04-29,common_index_cache,0.71,1.96,2.51,0.03,-0.37,-1.75,8.4,1.86
2026-04-29,600438,通威股份,55,7023.0,10jqka,post_close,2026-04-29 15:00:00,2026-04-13,2,1,66.0,11.0,ok,2026-04-29,17.01,17.33,17.46,16.81,530829.0,0.58,-2.91,-6.17,0.8,0.88,-1.94,-2.92,0.79,-18.49,0.2,False,False,0.0,32.0,不推送,False,收盘承接较强；温和放量；站上20日线且不过热；人气排名明显上升,近5日趋势未确认,不主动推送。,v2,强势,61.12,1.6,-0.56,0,2026-04-29,common_index_cache,0.71,1.96,2.51,0.03,-0.37,-1.75,-1.02,-5.61
2026-04-29,002240,盛新锂能,56,6920.0,10jqka,post_close,2026-04-29 15:00:00,2026-04-14,4,1,33.0,-23.0,ok,2026-04-29,50.11,54.63,55.54,49.8,706490.0,7.05,7.26,13.81,0.841,1.35,7.11,8.99,19.14,-1.64,0.159,False,False,0.0,56.0,不推送,False,当日强涨；收盘承接较强；温和放量；近5日趋势升温；站上20日线且不过热,人气排名明显回落,不主动推送。,v2,强势,61.12,1.6,-0.56,0,2026-04-29,common_index_cache,0.71,1.96,2.51,0.03,-0.37,-1.75,5.45,14.37
2026-04-29,300438,鹏辉能源,57,6703.0,10jqka,post_close,2026-04-29 15:00:00,2026-04-29,1,1,,,ok,2026-04-29,66.83,81.0,81.0,65.87,738366.0,20.0,16.88,19.29,1.0,2.09,14.04,16.53,29.3,0.0,0.0,True,False,0.0,62.0,普通观察,True,当日涨停附近；收在日内高位；放量仍可控；近5日趋势升温；v2低分涨停修正,偏离20日线较大,保留在样本池，继续看次日人气和承接。,v2,强势,61.12,1.6,-0.56,0,2026-04-29,common_index_cache,0.71,1.96,2.51,0.03,-0.37,-1.75,18.4,19.85
2026-04-29,601360,三六零,58,6554.0,10jqka,post_close,2026-04-29 15:00:00,2026-04-29,1,1,,,ok,2026-04-29,10.82,10.96,11.01,10.8,693568.0,0.74,-0.63,-1.17,0.762,0.91,-0.29,-0.66,0.72,-17.84,0.238,False,False,0.0,28.0,不推送,False,收盘承接较强；温和放量；站上20日线且不过热,近5日趋势未确认,不主动推送。,v2,强势,61.12,1.6,-0.56,0,2026-04-29,common_index_cache,0.71,1.96,2.51,0.03,-0.37,-1.75,-0.86,-0.61
2026-04-29,600150,中国船舶,59,6548.0,10jqka,post_close,2026-04-29 15:00:00,2026-04-20,4,2,55.0,-4.0,ok,2026-04-29,41.0,41.16,41.48,40.84,1122602.0,-0.39,6.08,12.83,0.5,0.65,3.79,10.61,18.92,-1.93,0.5,False,False,0.0,18.0,不推送,False,近5日趋势升温；站上20日线且不过热；连续上榜确认,当日转弱,不主动推送。,v2,强势,61.12,1.6,-0.56,0,2026-04-29,common_index_cache,0.71,1.96,2.51,0.03,-0.37,-1.75,-1.99,13.39
2026-04-29,600460,士兰微,60,6541.0,10jqka,post_close,2026-04-29 15:00:00,2026-04-27,2,1,47.0,-13.0,ok,2026-04-29,28.1,27.84,28.2,27.44,445115.0,-2.11,0.07,0.83,0.526,1.0,-0.85,0.85,3.81,-20.41,0.132,False,False,0.0,12.0,不推送,False,温和放量；站上20日线且不过热,当日转弱,不主动推送。,v2,强势,61.12,1.6,-0.56,0,2026-04-29,common_index_cache,0.71,1.96,2.51,0.03,-0.37,-1.75,-3.71,1.39
2026-04-29,002310,东方新能,61,6535.0,10jqka,post_close,2026-04-29 15:00:00,2026-04-29,1,1,,,ok,2026-04-29,3.05,3.19,3.3,3.05,4334125.0,5.63,4.25,8.87,0.56,1.52,5.14,6.65,4.99,-22.38,0.44,False,False,0.0,42.0,不推送,False,当日上涨；温和放量；近5日趋势升温；站上20日线且不过热,-,不主动推送。,v2,强势,61.12,1.6,-0.56,0,2026-04-29,common_index_cache,0.71,1.96,2.51,0.03,-0.37,-1.75,4.03,9.43
2026-04-29,300769,德方纳米,62,6405.0,10jqka,post_close,2026-04-29 15:00:00,2026-04-29,1,1,,,ok,2026-04-29,54.62,63.72,63.72,53.55,549056.0,20.0,26.4,28.36,1.0,2.27,18.25,24.59,34.46,0.0,0.0,True,False,0.0,55.0,不推送,False,当日涨停附近；收在日内高位；放量仍可控；近5日强势延续；v2低分涨停修正,短线涨幅偏高；偏离20日线较大,不主动推送。,v2,强势,61.12,1.6,-0.56,0,2026-04-29,common_index_cache,0.71,1.96,2.51,0.03,-0.37,-1.75,18.4,28.92
2026-04-29,600770,综艺股份,63,6310.0,10jqka,post_close,2026-04-29 15:00:00,2026-04-24,4,4,24.0,-39.0,ok,2026-04-29,7.32,7.89,8.39,7.17,2945450.0,3.0,13.2,36.98,0.59,2.35,10.13,22.25,31.05,-5.96,0.41,False,False,0.0,23.0,不推送,False,当日上涨；放量仍可控；近5日强势延续；连续上榜确认,短线涨幅偏高；偏离20日线较大；人气排名明显回落,不主动推送。,v2,强势,61.12,1.6,-0.56,0,2026-04-29,common_index_cache,0.71,1.96,2.51,0.03,-0.37,-1.75,1.4,37.54
2026-04-29,603318,水发燃气,64,6266.0,10jqka,post_close,2026-04-29 15:00:00,2026-04-24,4,4,15.0,-49.0,ok,2026-04-29,13.64,14.55,14.89,12.79,1529579.0,5.59,27.74,54.62,0.838,2.12,16.21,39.45,60.3,-2.28,0.162,False,False,0.0,10.0,不推送,False,当日上涨；收盘承接较强；放量仍可控；连续上榜确认,短线涨幅过热；远离20日线过多；人气排名明显回落,不主动推送。,v2,强势,61.12,1.6,-0.56,0,2026-04-29,common_index_cache,0.71,1.96,2.51,0.03,-0.37,-1.75,3.99,55.18
2026-04-29,600736,苏州高新,65,6220.0,10jqka,post_close,2026-04-29 15:00:00,2026-04-21,7,7,69.0,4.0,ok,2026-04-29,7.93,8.4,8.59,7.65,2299282.0,7.42,-1.18,10.38,0.798,1.29,3.09,13.44,24.95,-8.79,0.202,False,False,0.0,64.0,普通观察,True,当日强涨；收盘承接较强；温和放量；近5日趋势升温；站上20日线且不过热；持续霸榜,热度可能进入后段,保留在样本池，继续看次日人气和承接。,v2,强势,61.12,1.6,-0.56,0,2026-04-29,common_index_cache,0.71,1.96,2.51,0.03,-0.37,-1.75,5.82,10.94
2026-04-29,002115,三维通信,66,6213.0,10jqka,post_close,2026-04-29 15:00:00,2026-04-28,2,2,94.0,28.0,ok,2026-04-29,13.72,14.68,15.3,13.6,1995735.0,4.86,21.12,13.71,0.635,2.24,10.19,12.75,16.73,-10.76,0.365,False,False,0.0,48.0,不推送,False,当日上涨；放量仍可控；近5日趋势升温；站上20日线且不过热；连续上榜确认；人气排名明显上升,-,不主动推送。,v2,强势,61.12,1.6,-0.56,0,2026-04-29,common_index_cache,0.71,1.96,2.51,0.03,-0.37,-1.75,3.26,14.27
2026-04-29,600522,中天科技,67,6202.0,10jqka,post_close,2026-04-29 15:00:00,2026-04-10,10,9,83.0,16.0,ok,2026-04-29,34.2,34.28,34.49,33.33,1784217.0,-2.06,3.22,-1.55,0.819,0.64,-0.55,4.93,10.11,-6.16,0.181,False,False,0.0,12.0,不推送,False,收盘承接较强；站上20日线且不过热；持续霸榜；人气排名明显上升,当日转弱；近5日趋势未确认；热度可能进入后段,不主动推送。,v2,强势,61.12,1.6,-0.56,0,2026-04-29,common_index_cache,0.71,1.96,2.51,0.03,-0.37,-1.75,-3.66,-0.99
2026-04-29,000155,川能动力,68,6190.0,10jqka,post_close,2026-04-29 15:00:00,2026-04-29,1,1,,,ok,2026-04-29,18.0,19.25,19.34,17.76,1274756.0,5.08,9.07,12.44,0.943,1.3,7.15,10.22,13.24,-0.47,0.057,False,False,0.0,58.0,不推送,False,当日上涨；收在日内高位；温和放量；近5日趋势升温；站上20日线且不过热,-,不主动推送。,v2,强势,61.12,1.6,-0.56,0,2026-04-29,common_index_cache,0.71,1.96,2.51,0.03,-0.37,-1.75,3.48,13.0
2026-04-29,000062,深圳华强,69,6150.0,10jqka,post_close,2026-04-29 15:00:00,2026-04-22,5,4,26.0,-43.0,ok,2026-04-29,35.12,35.65,36.44,34.66,1020952.0,-1.25,4.12,9.22,0.556,0.99,1.99,9.21,19.06,-8.82,0.444,False,False,0.0,28.0,不推送,False,温和放量；近5日趋势升温；站上20日线且不过热；连续上榜确认,当日转弱；人气排名明显回落,不主动推送。,v2,强势,61.12,1.6,-0.56,0,2026-04-29,common_index_cache,0.71,1.96,2.51,0.03,-0.37,-1.75,-2.85,9.78
2026-04-29,600338,西藏珠峰,70,6148.0,10jqka,post_close,2026-04-29 15:00:00,2026-04-24,2,1,95.0,25.0,ok,2026-04-29,25.24,27.61,27.61,24.7,1367450.0,10.0,22.33,21.1,1.0,1.11,14.44,20.94,36.28,0.0,0.0,True,False,0.0,72.0,普通观察,True,当日涨停附近；收在日内高位；温和放量；近5日趋势升温；人气排名明显上升；v2低分涨停修正,偏离20日线较大,保留在样本池，继续看次日人气和承接。,v2,强势,61.12,1.6,-0.56,0,2026-04-29,common_index_cache,0.71,1.96,2.51,0.03,-0.37,-1.75,8.4,21.66
2026-04-29,002050,三花智控,71,6134.0,10jqka,post_close,2026-04-29 15:00:00,2026-04-15,4,1,96.0,25.0,ok,2026-04-29,43.9,44.82,45.08,43.78,684563.0,1.49,-0.27,-2.76,0.8,0.76,-0.4,-1.38,0.43,-18.54,0.2,False,False,0.0,18.0,不推送,False,收盘承接较强；站上20日线且不过热；人气排名明显上升,近5日趋势未确认,不主动推送。,v2,强势,61.12,1.6,-0.56,0,2026-04-29,common_index_cache,0.71,1.96,2.51,0.03,-0.37,-1.75,-0.11,-2.2
2026-04-29,000657,中钨高新,72,6087.0,10jqka,post_close,2026-04-29 15:00:00,2026-04-15,5,1,77.0,5.0,ok,2026-04-29,52.07,57.31,57.31,51.8,826627.0,10.0,3.86,-1.41,1.0,0.99,4.2,2.8,10.27,-19.85,0.0,True,False,0.0,56.0,不推送,False,当日涨停附近；收在日内高位；温和放量；站上20日线且不过热,近5日趋势未确认,不主动推送。,v2,强势,61.12,1.6,-0.56,0,2026-04-29,common_index_cache,0.71,1.96,2.51,0.03,-0.37,-1.75,8.4,-0.85
2026-04-29,002498,汉缆股份,73,6011.0,10jqka,post_close,2026-04-29 15:00:00,2026-04-15,4,1,54.0,-19.0,ok,2026-04-29,8.34,9.02,9.02,8.33,1703798.0,10.0,4.28,0.67,1.0,1.18,3.46,1.58,7.49,-17.63,0.0,True,False,0.0,60.0,普通观察,True,当日涨停附近；收在日内高位；温和放量；站上20日线且不过热,-,保留在样本池，继续看次日人气和承接。,v2,强势,61.12,1.6,-0.56,0,2026-04-29,common_index_cache,0.71,1.96,2.51,0.03,-0.37,-1.75,8.4,1.23
2026-04-29,600498,烽火通信,74,5965.0,10jqka,post_close,2026-04-29 15:00:00,2026-04-10,9,1,56.0,-18.0,ok,2026-04-29,51.31,51.5,52.6,50.97,763945.0,-1.53,-1.45,-8.46,0.325,0.64,-1.97,-1.5,0.44,-16.64,0.675,False,False,0.0,0.0,不推送,False,站上20日线且不过热,当日转弱；收盘承接偏弱；近5日趋势未确认,不主动推送。,v2,强势,61.12,1.6,-0.56,0,2026-04-29,common_index_cache,0.71,1.96,2.51,0.03,-0.37,-1.75,-3.13,-7.9
2026-04-29,002309,中利集团,75,5943.0,10jqka,post_close,2026-04-29 15:00:00,2026-04-10,8,1,86.0,11.0,ok,2026-04-29,4.26,4.51,4.76,4.23,5463420.0,4.16,9.47,3.2,0.528,1.66,5.77,6.24,1.2,-16.94,0.472,False,False,0.0,28.0,不推送,False,当日上涨；温和放量；站上20日线且不过热；人气排名明显上升,上影线偏长,不主动推送。,v2,强势,61.12,1.6,-0.56,0,2026-04-29,common_index_cache,0.71,1.96,2.51,0.03,-0.37,-1.75,2.56,3.76
2026-04-29,000977,浪潮信息,76,5923.0,10jqka,post_close,2026-04-29 15:00:00,2026-04-10,4,1,52.0,-24.0,ok,2026-04-29,70.48,72.28,73.0,69.69,509649.0,2.05,-3.43,-2.59,0.782,0.65,-0.97,0.37,6.91,-4.88,0.218,False,False,0.0,10.0,不推送,False,收盘承接较强；站上20日线且不过热,近5日趋势未确认；人气排名明显回落,不主动推送。,v2,强势,61.12,1.6,-0.56,0,2026-04-29,common_index_cache,0.71,1.96,2.51,0.03,-0.37,-1.75,0.45,-2.03
2026-04-29,000066,中国长城,77,5859.0,10jqka,post_close,2026-04-29 15:00:00,2026-04-24,4,4,8.0,-69.0,ok,2026-04-29,17.33,18.02,18.05,16.84,3562835.0,1.07,9.54,15.44,0.975,1.39,5.68,10.25,15.25,-0.99,0.025,False,False,0.0,54.0,不推送,False,收在日内高位；温和放量；近5日趋势升温；站上20日线且不过热；连续上榜确认,人气排名明显回落,不主动推送。,v2,强势,61.12,1.6,-0.56,0,2026-04-29,common_index_cache,0.71,1.96,2.51,0.03,-0.37,-1.75,-0.53,16.0
2026-04-29,603773,沃格光电,78,5800.0,10jqka,post_close,2026-04-29 15:00:00,2026-04-10,5,1,46.0,-32.0,ok,2026-04-29,64.41,69.74,69.74,64.41,204787.0,10.0,19.62,8.36,1.0,0.81,10.32,16.6,41.08,0.0,0.0,True,False,0.0,58.0,不推送,False,当日涨停附近；收在日内高位；温和放量；近5日趋势升温,偏离20日线较大；人气排名明显回落,不主动推送。,v2,强势,61.12,1.6,-0.56,0,2026-04-29,common_index_cache,0.71,1.96,2.51,0.03,-0.37,-1.75,8.4,8.92
2026-04-29,600036,招商银行,79,5641.0,10jqka,post_close,2026-04-29 15:00:00,2026-04-28,2,2,81.0,2.0,ok,2026-04-29,38.91,38.5,39.02,38.34,2533117.0,-2.78,-2.23,-3.12,0.235,3.84,-2.12,-2.67,-2.49,-4.61,0.162,False,False,0.0,0.0,不推送,False,连续上榜确认,当日转弱；收盘承接偏弱；放量过猛；近5日趋势未确认,不主动推送。,v2,强势,61.12,1.6,-0.56,0,2026-04-29,common_index_cache,0.71,1.96,2.51,0.03,-0.37,-1.75,-4.38,-2.56
2026-04-29,601012,隆基绿能,80,5595.0,10jqka,post_close,2026-04-29 15:00:00,2026-04-10,4,2,18.0,-62.0,ok,2026-04-29,16.28,16.55,16.59,15.82,2455954.0,-2.36,-4.83,-5.7,0.948,2.41,-3.28,-4.5,-4.3,-16.2,0.052,False,False,0.0,14.0,不推送,False,收在日内高位；放量仍可控；连续上榜确认,当日转弱；近5日趋势未确认；人气排名明显回落,不主动推送。,v2,强势,61.12,1.6,-0.56,0,2026-04-29,common_index_cache,0.71,1.96,2.51,0.03,-0.37,-1.75,-3.96,-5.14
2026-04-29,920186,中科仪,81,5556.0,10jqka,post_close,2026-04-29 15:00:00,2026-04-29,1,1,,,ok,2026-04-29,61.0,71.98,79.0,60.0,533276.0,,,,0.631,,0.0,0.0,0.0,-8.89,0.369,False,False,0.0,8.0,不推送,False,站上20日线且不过热,-,不主动推送。,v2,强势,61.12,1.6,-0.56,0,2026-04-29,common_index_cache,0.71,1.96,2.51,0.03,-0.37,-1.75,,
2026-04-29,301358,湖南裕能,82,5537.0,10jqka,post_close,2026-04-29 15:00:00,2026-04-29,1,1,,,ok,2026-04-29,92.66,107.0,108.99,91.3,629498.0,15.48,22.57,26.19,0.888,1.81,15.52,20.89,31.46,-1.83,0.112,True,False,0.0,49.0,不推送,False,当日涨停附近；收盘承接较强；放量仍可控；近5日强势延续；v2低分涨停修正,短线涨幅偏高；偏离20日线较大,不主动推送。,v2,强势,61.12,1.6,-0.56,0,2026-04-29,common_index_cache,0.71,1.96,2.51,0.03,-0.37,-1.75,13.88,26.75
2026-04-29,300274,阳光电源,83,5516.0,10jqka,post_close,2026-04-29 15:00:00,2026-04-10,8,3,71.0,-12.0,ok,2026-04-29,129.0,138.07,138.88,127.0,1157470.0,6.3,3.2,0.85,0.932,1.64,3.4,2.84,4.63,-24.13,0.068,False,False,0.0,54.0,不推送,False,当日上涨；收在日内高位；温和放量；站上20日线且不过热；连续上榜确认,-,不主动推送。,v2,强势,61.12,1.6,-0.56,0,2026-04-29,common_index_cache,0.71,1.96,2.51,0.03,-0.37,-1.75,4.7,1.41
2026-04-29,002210,飞马国际,84,5486.0,10jqka,post_close,2026-04-29 15:00:00,2026-04-28,2,2,65.0,-19.0,ok,2026-04-29,3.29,3.31,3.31,3.18,1860413.0,9.97,32.93,28.79,1.0,2.36,17.63,22.82,25.47,-2.07,0.0,True,False,0.0,73.0,普通观察,True,当日涨停附近；收在日内高位；放量仍可控；近5日强势延续；站上20日线且不过热；连续上榜确认；v2低分涨停修正,短线涨幅偏高,保留在样本池，继续看次日人气和承接。,v2,强势,61.12,1.6,-0.56,0,2026-04-29,common_index_cache,0.71,1.96,2.51,0.03,-0.37,-1.75,8.37,29.35
2026-04-29,601899,紫金矿业,85,5455.0,10jqka,post_close,2026-04-29 15:00:00,2026-04-10,14,14,61.0,-24.0,ok,2026-04-29,32.55,34.14,34.2,32.51,3034995.0,3.61,-0.5,-3.91,0.964,1.06,0.79,-1.16,-0.12,-24.03,0.036,False,False,0.0,34.0,不推送,False,当日上涨；收在日内高位；温和放量；持续霸榜,近5日趋势未确认；热度可能进入后段；人气排名明显回落,不主动推送。,v2,强势,61.12,1.6,-0.56,0,2026-04-29,common_index_cache,0.71,1.96,2.51,0.03,-0.37,-1.75,2.01,-3.35
2026-04-29,002475,立讯精密,86,5453.0,10jqka,post_close,2026-04-29 15:00:00,2026-04-10,14,14,25.0,-61.0,ok,2026-04-29,68.0,68.64,69.77,66.5,2103918.0,-1.77,4.0,0.9,0.654,0.83,-0.31,3.38,14.07,-5.45,0.346,False,False,0.0,12.0,不推送,False,温和放量；站上20日线且不过热；持续霸榜,当日转弱；热度可能进入后段；人气排名明显回落,不主动推送。,v2,强势,61.12,1.6,-0.56,0,2026-04-29,common_index_cache,0.71,1.96,2.51,0.03,-0.37,-1.75,-3.37,1.46
2026-04-29,002812,恩捷股份,87,5389.0,10jqka,post_close,2026-04-29 15:00:00,2026-04-14,5,1,25.0,-62.0,ok,2026-04-29,78.53,84.47,85.89,77.8,656359.0,7.59,9.45,13.02,0.824,1.13,7.97,11.59,17.68,-1.65,0.176,False,False,0.0,56.0,不推送,False,当日强涨；收盘承接较强；温和放量；近5日趋势升温；站上20日线且不过热,人气排名明显回落,不主动推送。,v2,强势,61.12,1.6,-0.56,0,2026-04-29,common_index_cache,0.71,1.96,2.51,0.03,-0.37,-1.75,5.99,13.58
2026-04-29,300750,宁德时代,88,5385.0,10jqka,post_close,2026-04-29 15:00:00,2026-04-10,13,1,98.0,10.0,ok,2026-04-29,432.0,445.0,445.15,428.0,376336.0,4.05,0.02,1.98,0.991,1.0,1.54,1.64,6.29,-1.79,0.009,False,False,0.0,50.0,不推送,False,当日上涨；收在日内高位；温和放量；站上20日线且不过热；人气排名明显上升,-,不主动推送。,v2,强势,61.12,1.6,-0.56,0,2026-04-29,common_index_cache,0.71,1.96,2.51,0.03,-0.37,-1.75,2.45,2.54
2026-04-29,600379,宝光股份,89,5357.0,10jqka,post_close,2026-04-29 15:00:00,2026-04-29,1,1,,,ok,2026-04-29,14.6,15.25,15.25,14.08,665113.0,10.03,18.22,30.9,1.0,3.39,14.1,21.09,23.9,0.0,0.0,True,False,0.0,57.0,不推送,False,当日涨停附近；收在日内高位；近5日强势延续；站上20日线且不过热；v2低分涨停修正,短线涨幅偏高,不主动推送。,v2,强势,61.12,1.6,-0.56,0,2026-04-29,common_index_cache,0.71,1.96,2.51,0.03,-0.37,-1.75,8.43,31.46
2026-04-29,601868,中国能建,90,5336.0,10jqka,post_close,2026-04-29 15:00:00,2026-04-17,3,1,75.0,-15.0,ok,2026-04-29,2.79,2.85,2.86,2.79,5004257.0,2.52,-1.72,-4.36,0.857,0.72,-0.77,-1.96,-1.21,-27.66,0.143,False,False,0.0,6.0,不推送,False,收盘承接较强,近5日趋势未确认,不主动推送。,v2,强势,61.12,1.6,-0.56,0,2026-04-29,common_index_cache,0.71,1.96,2.51,0.03,-0.37,-1.75,0.92,-3.8
2026-04-29,002655,共达电声,91,5251.0,10jqka,post_close,2026-04-29 15:00:00,2026-04-29,1,1,,,ok,2026-04-29,28.58,30.7,30.7,27.04,913223.0,10.0,22.07,25.51,1.0,2.03,14.24,22.4,35.53,0.0,0.0,True,False,0.0,55.0,不推送,False,当日涨停附近；收在日内高位；放量仍可控；近5日强势延续；v2低分涨停修正,短线涨幅偏高；偏离20日线较大,不主动推送。,v2,强势,61.12,1.6,-0.56,0,2026-04-29,common_index_cache,0.71,1.96,2.51,0.03,-0.37,-1.75,8.4,26.07
2026-04-29,600156,华升股份,92,5199.0,10jqka,post_close,2026-04-29 15:00:00,2026-04-17,4,1,60.0,-32.0,ok,2026-04-29,10.15,11.17,11.17,10.14,325002.0,10.05,22.48,10.48,1.0,0.49,12.81,14.82,29.33,-0.36,0.0,True,False,0.0,36.0,不推送,False,当日涨停附近；收在日内高位；近5日趋势升温,量能不足；偏离20日线较大；人气排名明显回落,不主动推送。,v2,强势,61.12,1.6,-0.56,0,2026-04-29,common_index_cache,0.71,1.96,2.51,0.03,-0.37,-1.75,8.45,11.04
2026-04-29,603026,石大胜华,93,5195.0,10jqka,post_close,2026-04-29 15:00:00,2026-04-14,2,1,24.0,-69.0,ok,2026-04-29,106.44,119.25,119.25,102.5,277324.0,10.0,14.6,13.74,1.0,1.24,9.65,14.73,25.34,0.0,0.0,True,False,0.0,74.0,普通观察,True,当日涨停附近；收在日内高位；温和放量；近5日趋势升温；站上20日线且不过热；v2低分涨停修正,人气排名明显回落,保留在样本池，继续看次日人气和承接。,v2,强势,61.12,1.6,-0.56,0,2026-04-29,common_index_cache,0.71,1.96,2.51,0.03,-0.37,-1.75,8.4,14.3
2026-04-29,600410,华胜天成,94,5169.0,10jqka,post_close,2026-04-29 15:00:00,2026-04-10,14,14,30.0,-64.0,ok,2026-04-29,21.82,22.51,22.83,21.82,1464202.0,-3.8,-17.21,-21.65,0.683,0.96,-11.11,-16.37,-15.81,-34.39,0.317,False,False,0.0,0.0,不推送,False,温和放量；持续霸榜,当日转弱；近5日趋势未确认；仍在20日线下方；热度可能进入后段；人气排名明显回落,不主动推送。,v2,强势,61.12,1.6,-0.56,0,2026-04-29,common_index_cache,0.71,1.96,2.51,0.03,-0.37,-1.75,-5.4,-21.09
2026-04-29,002342,巨力索具,95,5136.0,10jqka,post_close,2026-04-29 15:00:00,2026-04-10,14,14,80.0,-15.0,ok,2026-04-29,18.13,18.9,19.3,18.0,1901722.0,2.27,-0.79,-6.2,0.692,0.85,0.74,-1.78,10.15,-11.76,0.308,False,False,0.0,22.0,不推送,False,温和放量；站上20日线且不过热；持续霸榜,近5日趋势未确认；热度可能进入后段,不主动推送。,v2,强势,61.12,1.6,-0.56,0,2026-04-29,common_index_cache,0.71,1.96,2.51,0.03,-0.37,-1.75,0.67,-5.64
2026-04-29,000338,潍柴动力,96,5131.0,10jqka,post_close,2026-04-29 15:00:00,2026-04-29,1,1,,,ok,2026-04-29,30.0,30.15,30.3,29.66,738067.0,0.23,1.89,7.76,0.766,0.57,1.19,6.11,11.29,-1.76,0.234,False,False,0.0,30.0,不推送,False,收盘承接较强；近5日趋势升温；站上20日线且不过热,-,不主动推送。,v2,强势,61.12,1.6,-0.56,0,2026-04-29,common_index_cache,0.71,1.96,2.51,0.03,-0.37,-1.75,-1.37,8.32
2026-04-29,300476,胜宏科技,97,4995.0,10jqka,post_close,2026-04-29 15:00:00,2026-04-10,10,2,1.0,-96.0,ok,2026-04-29,306.0,333.87,343.1,304.0,625825.0,6.65,5.79,-2.6,0.764,1.47,3.57,2.46,10.54,-4.55,0.236,False,False,0.0,40.0,不推送,False,当日上涨；收盘承接较强；温和放量；站上20日线且不过热；连续上榜确认,近5日趋势未确认；人气排名明显回落,不主动推送。,v2,强势,61.12,1.6,-0.56,0,2026-04-29,common_index_cache,0.71,1.96,2.51,0.03,-0.37,-1.75,5.05,-2.04
2026-04-29,002384,东山精密,98,4987.0,10jqka,post_close,2026-04-29 15:00:00,2026-04-10,14,14,60.0,-38.0,ok,2026-04-29,180.61,184.25,189.12,176.88,908411.0,0.19,-1.94,-1.12,0.602,0.94,-0.88,5.06,21.91,-5.99,0.398,False,False,0.0,18.0,不推送,False,温和放量；站上20日线且不过热；持续霸榜,近5日趋势未确认；热度可能进入后段；人气排名明显回落,不主动推送。,v2,强势,61.12,1.6,-0.56,0,2026-04-29,common_index_cache,0.71,1.96,2.51,0.03,-0.37,-1.75,-1.41,-0.56
2026-04-29,002131,利欧股份,99,4983.0,10jqka,post_close,2026-04-29 15:00:00,2026-04-10,14,14,7.0,-92.0,ok,2026-04-29,6.49,6.57,6.73,6.48,3626172.0,-0.15,-10.85,-17.67,0.36,0.73,-6.62,-12.97,-14.09,-36.34,0.64,False,False,0.0,0.0,不推送,False,持续霸榜,当日转弱；收盘承接偏弱；近5日趋势未确认；仍在20日线下方；热度可能进入后段；人气排名明显回落,不主动推送。,v2,强势,61.12,1.6,-0.56,0,2026-04-29,common_index_cache,0.71,1.96,2.51,0.03,-0.37,-1.75,-1.75,-17.11
2026-04-29,000925,众合科技,100,4952.0,10jqka,post_close,2026-04-29 15:00:00,2026-04-24,3,2,53.0,-47.0,ok,2026-04-29,9.67,9.76,10.74,9.54,2338913.0,0.0,6.09,28.42,0.183,2.94,3.39,15.6,25.58,-9.12,0.817,False,False,0.0,5.0,不推送,False,近5日强势延续；站上20日线且不过热；连续上榜确认,收盘承接偏弱；短线涨幅偏高；人气排名明显回落,不主动推送。,v2,强势,61.12,1.6,-0.56,0,2026-04-29,common_index_cache,0.71,1.96,2.51,0.03,-0.37,-1.75,-1.6,28.98
2026-04-30,688256,寒武纪,1,53523.0,10jqka,post_close,2026-04-30 15:00:00,2026-04-30,1,1,,,ok,2026-04-30,1475.0,1699.96,1699.96,1475.0,17884265.0,20.0,25.3,28.49,1.0,2.04,18.05,22.28,32.49,0.0,0.0,True,False,0.0,101.0,强推观察,True,人气Top3；当日涨停附近；收在日内高位；放量仍可控；近5日强势延续；首次上榜即强势；v2强势延续修正；v2低分涨停修正,短线涨幅偏高；偏离20日线较大,高风险情绪股：不追一字，优先看分歧承接，跌破5日线或人气退潮就跑。,v2,震荡,49.64,-0.06,0.04,0,2026-04-30,common_index_cache,0.11,-0.09,-0.27,0.46,0.43,-1.16,20.06,28.45
2026-04-30,002081,金螳螂,2,22243.0,10jqka,post_close,2026-04-30 15:00:00,2026-04-20,9,9,8.0,6.0,ok,2026-04-30,5.17,5.9,5.9,5.07,5756925.0,10.07,33.18,8.66,1.0,1.45,15.91,22.66,44.63,0.0,0.0,True,False,0.0,96.0,强推观察,True,人气Top3；当日涨停附近；收在日内高位；温和放量；近5日趋势升温；持续霸榜,偏离20日线较大；热度可能进入后段,高风险情绪股：不追一字，优先看分歧承接，跌破5日线或人气退潮就跑。,v2,震荡,49.64,-0.06,0.04,0,2026-04-30,common_index_cache,0.11,-0.09,-0.27,0.46,0.43,-1.16,10.13,8.62
2026-04-30,603629,利通电子,3,18786.0,10jqka,post_close,2026-04-30 15:00:00,2026-04-13,14,14,12.0,9.0,ok,2026-04-30,142.32,144.41,144.42,136.72,447055.0,9.99,33.1,23.98,0.999,1.54,17.8,25.4,52.87,-0.01,0.001,True,False,0.0,92.0,强推观察,True,人气Top3；当日涨停附近；收在日内高位；温和放量；近5日趋势升温；持续霸榜；v2低分涨停修正,远离20日线过多；热度可能进入后段,高风险情绪股：不追一字，优先看分歧承接，跌破5日线或人气退潮就跑。,v2,震荡,49.64,-0.06,0.04,0,2026-04-30,common_index_cache,0.11,-0.09,-0.27,0.46,0.43,-1.16,10.05,23.94
2026-04-30,002202,金风科技,4,18590.0,10jqka,post_close,2026-04-30 15:00:00,2026-04-10,15,15,38.0,34.0,ok,2026-04-30,26.51,27.55,28.18,26.2,3493626.0,7.07,3.84,7.2,0.682,2.02,5.31,5.62,9.51,-17.27,0.318,False,False,0.0,76.0,重点观察,True,人气Top10；当日强涨；放量仍可控；近5日趋势升温；站上20日线且不过热；持续霸榜；人气排名明显上升,热度可能进入后段,只做观察或轻仓试错，等待回落承接和量能不失控。,v2,震荡,49.64,-0.06,0.04,0,2026-04-30,common_index_cache,0.11,-0.09,-0.27,0.46,0.43,-1.16,7.13,7.16
2026-04-30,000858,五粮液,5,18328.0,10jqka,post_close,2026-04-30 15:00:00,2026-04-28,3,3,19.0,14.0,ok,2026-04-30,97.74,97.08,97.95,97.0,248209.0,-1.28,-3.11,-4.05,0.084,1.29,-2.35,-3.24,-4.65,-12.37,0.221,False,False,0.0,24.0,不推送,False,人气Top10；温和放量；连续上榜确认；人气排名明显上升,当日转弱；收盘承接偏弱；近5日趋势未确认,不主动推送。,v2,震荡,49.64,-0.06,0.04,0,2026-04-30,common_index_cache,0.11,-0.09,-0.27,0.46,0.43,-1.16,-1.22,-4.09
2026-04-30,301599,理奇智能,6,18039.0,10jqka,post_close,2026-04-30 15:00:00,2026-04-30,1,1,,,ok,2026-04-30,48.0,62.4,62.4,47.5,422508.0,,,,1.0,,0.0,0.0,0.0,0.0,0.0,False,False,0.0,48.0,不推送,False,人气Top10；收在日内高位；站上20日线且不过热,-,不主动推送。,v2,震荡,49.64,-0.06,0.04,0,2026-04-30,common_index_cache,0.11,-0.09,-0.27,0.46,0.43,-1.16,,
2026-04-30,000066,中国长城,7,15057.0,10jqka,post_close,2026-04-30 15:00:00,2026-04-24,5,5,77.0,70.0,ok,2026-04-30,19.0,19.82,19.82,18.39,4315718.0,9.99,18.19,22.42,1.0,1.37,11.49,18.21,24.78,0.0,0.0,True,False,0.0,120.0,强推观察,True,人气Top10；当日涨停附近；收在日内高位；温和放量；近5日趋势升温；站上20日线且不过热；持续霸榜；人气排名明显上升；v2强势延续修正；v2低分涨停修正,热度可能进入后段,高风险情绪股：不追一字，优先看分歧承接，跌破5日线或人气退潮就跑。,v2,震荡,49.64,-0.06,0.04,0,2026-04-30,common_index_cache,0.11,-0.09,-0.27,0.46,0.43,-1.16,10.05,22.38
2026-04-30,002297,博云新材,8,14208.0,10jqka,post_close,2026-04-30 15:00:00,2026-04-10,14,11,14.0,6.0,ok,2026-04-30,23.44,24.5,25.4,22.5,1947730.0,5.56,19.34,10.16,0.69,1.01,8.29,15.68,46.92,-3.54,0.31,False,False,0.0,50.0,不推送,False,人气Top10；当日上涨；温和放量；近5日趋势升温；持续霸榜,远离20日线过多；热度可能进入后段,不主动推送。,v2,震荡,49.64,-0.06,0.04,0,2026-04-30,common_index_cache,0.11,-0.09,-0.27,0.46,0.43,-1.16,5.62,10.12
2026-04-30,600186,莲花控股,9,12680.0,10jqka,post_close,2026-04-30 15:00:00,2026-04-15,10,8,9.0,0.0,ok,2026-04-30,11.33,10.72,11.55,10.42,4809052.0,-0.92,14.78,13.44,0.265,1.45,7.5,16.84,29.27,-7.19,0.195,False,False,0.0,30.0,不推送,False,人气Top10；温和放量；近5日趋势升温；持续霸榜,当日转弱；收盘承接偏弱；偏离20日线较大；热度可能进入后段,不主动推送。,v2,震荡,49.64,-0.06,0.04,0,2026-04-30,common_index_cache,0.11,-0.09,-0.27,0.46,0.43,-1.16,-0.86,13.4
2026-04-30,601138,工业富联,10,12196.0,10jqka,post_close,2026-04-30 15:00:00,2026-04-10,15,15,17.0,7.0,ok,2026-04-30,65.9,62.88,66.2,62.71,2924075.0,-5.1,-6.5,-7.42,0.049,1.13,-4.61,-3.01,4.37,-9.0,0.086,False,False,0.0,24.0,不推送,False,人气Top10；温和放量；站上20日线且不过热；持续霸榜,当日转弱；收盘承接偏弱；近5日趋势未确认；热度可能进入后段,不主动推送。,v2,震荡,49.64,-0.06,0.04,0,2026-04-30,common_index_cache,0.11,-0.09,-0.27,0.46,0.43,-1.16,-5.04,-7.46
2026-04-30,002342,巨力索具,11,11076.0,10jqka,post_close,2026-04-30 15:00:00,2026-04-10,15,15,95.0,84.0,ok,2026-04-30,18.93,19.81,20.3,18.86,2139427.0,4.81,7.55,4.48,0.66,1.04,4.64,2.26,13.61,-7.52,0.34,False,False,0.0,54.0,不推送,False,人气Top20；当日上涨；温和放量；站上20日线且不过热；持续霸榜；人气排名明显上升,热度可能进入后段,不主动推送。,v2,震荡,49.64,-0.06,0.04,0,2026-04-30,common_index_cache,0.11,-0.09,-0.27,0.46,0.43,-1.16,4.87,4.44
2026-04-30,002709,天赐材料,12,11014.0,10jqka,post_close,2026-04-30 15:00:00,2026-04-10,12,5,5.0,-7.0,ok,2026-04-30,59.59,60.51,61.0,58.53,1821892.0,2.01,10.1,23.21,0.802,1.18,7.49,13.4,21.96,-0.8,0.198,False,False,0.0,64.0,普通观察,True,人气Top20；收盘承接较强；温和放量；近5日趋势升温；站上20日线且不过热；持续霸榜,热度可能进入后段,保留在样本池，继续看次日人气和承接。,v2,震荡,49.64,-0.06,0.04,0,2026-04-30,common_index_cache,0.11,-0.09,-0.27,0.46,0.43,-1.16,2.07,23.17
2026-04-30,002149,西部材料,13,10851.0,10jqka,post_close,2026-04-30 15:00:00,2026-04-14,10,1,18.0,5.0,ok,2026-04-30,57.46,63.51,63.51,57.46,764253.0,9.99,9.73,-1.27,1.0,0.94,8.15,6.12,17.26,-5.08,0.0,True,False,0.0,72.0,普通观察,True,人气Top20；当日涨停附近；收在日内高位；温和放量；站上20日线且不过热,近5日趋势未确认,保留在样本池，继续看次日人气和承接。,v2,震荡,49.64,-0.06,0.04,0,2026-04-30,common_index_cache,0.11,-0.09,-0.27,0.46,0.43,-1.16,10.05,-1.31
2026-04-30,600745,闻泰科技,14,10610.0,10jqka,post_close,2026-04-30 15:00:00,2026-04-21,2,1,93.0,79.0,ok,2026-04-29,27.5,28.12,28.27,27.42,258095.0,1.15,1.11,-3.63,0.824,0.68,-0.1,-3.96,-7.02,-33.68,0.176,False,False,1.0,18.0,不推送,False,人气Top20；收盘承接较强；人气排名明显上升,近5日趋势未确认；仍在20日线下方,不主动推送。,v2,震荡,49.64,-0.06,0.04,0,2026-04-30,common_index_cache,0.11,-0.09,-0.27,0.46,0.43,-1.16,1.21,-3.67
2026-04-30,600759,ST洲际,15,10074.0,10jqka,post_close,2026-04-30 15:00:00,2026-04-13,4,3,10.0,-5.0,ok,2026-04-30,4.67,4.67,4.67,4.67,67973.0,-5.08,-9.67,-8.97,1.0,0.02,-7.41,-8.79,-12.69,-48.62,,False,False,0.0,10.0,不推送,False,人气Top20；收在日内高位；连续上榜确认,当日转弱；量能不足；近5日趋势未确认；仍在20日线下方,不主动推送。,v2,震荡,49.64,-0.06,0.04,0,2026-04-30,common_index_cache,0.11,-0.09,-0.27,0.46,0.43,-1.16,-5.02,-9.01
2026-04-30,002580,圣阳股份,16,9358.0,10jqka,post_close,2026-04-30 15:00:00,2026-04-10,15,15,24.0,8.0,ok,2026-04-30,28.5,27.48,29.18,27.01,1134722.0,-3.92,-4.65,1.89,0.217,0.78,-3.31,-4.94,12.98,-18.31,0.313,False,False,0.0,6.0,不推送,False,人气Top20；站上20日线且不过热；持续霸榜,当日转弱；收盘承接偏弱；热度可能进入后段,不主动推送。,v2,震荡,49.64,-0.06,0.04,0,2026-04-30,common_index_cache,0.11,-0.09,-0.27,0.46,0.43,-1.16,-3.86,1.85
2026-04-30,002466,天齐锂业,17,9064.0,10jqka,post_close,2026-04-30 15:00:00,2026-04-13,7,2,50.0,33.0,ok,2026-04-30,75.0,80.03,81.19,74.49,1306785.0,5.97,8.66,17.74,0.827,1.27,6.58,11.41,21.63,-1.43,0.173,False,False,0.0,88.0,重点观察,True,人气Top20；当日上涨；收盘承接较强；温和放量；近5日趋势升温；站上20日线且不过热；连续上榜确认；人气排名明显上升；v2连榜升温修正,-,只做观察或轻仓试错，等待回落承接和量能不失控。,v2,震荡,49.64,-0.06,0.04,0,2026-04-30,common_index_cache,0.11,-0.09,-0.27,0.46,0.43,-1.16,6.03,17.7
2026-04-30,002281,光迅科技,18,9034.0,10jqka,post_close,2026-04-30 15:00:00,2026-04-10,10,1,63.0,45.0,ok,2026-04-30,135.52,144.28,146.16,135.01,802115.0,8.59,7.26,9.57,0.831,1.02,6.5,11.7,24.89,-1.29,0.169,False,False,0.0,80.0,重点观察,True,人气Top20；当日强涨；收盘承接较强；温和放量；近5日趋势升温；站上20日线且不过热；人气排名明显上升,-,只做观察或轻仓试错，等待回落承接和量能不失控。,v2,震荡,49.64,-0.06,0.04,0,2026-04-30,common_index_cache,0.11,-0.09,-0.27,0.46,0.43,-1.16,8.65,9.53
2026-04-30,002842,翔鹭钨业,19,8580.0,10jqka,post_close,2026-04-30 15:00:00,2026-04-30,1,1,,,ok,2026-04-30,36.51,38.49,38.49,36.51,879613.0,10.0,26.78,19.13,1.0,2.16,14.83,14.49,16.31,-20.64,0.0,True,False,0.0,104.0,强推观察,True,人气Top20；当日涨停附近；收在日内高位；放量仍可控；近5日趋势升温；站上20日线且不过热；首次上榜即强势；v2强势延续修正；v2低分涨停修正,-,高风险情绪股：不追一字，优先看分歧承接，跌破5日线或人气退潮就跑。,v2,震荡,49.64,-0.06,0.04,0,2026-04-30,common_index_cache,0.11,-0.09,-0.27,0.46,0.43,-1.16,10.06,19.09
2026-04-30,002361,神剑股份,20,8358.0,10jqka,post_close,2026-04-30 15:00:00,2026-04-10,15,15,51.0,31.0,ok,2026-04-30,20.41,20.55,20.82,19.91,2257121.0,2.49,-5.12,-10.61,0.703,0.78,-0.95,-3.27,7.66,-14.2,0.297,False,False,0.0,28.0,不推送,False,人气Top20；站上20日线且不过热；持续霸榜；人气排名明显上升,近5日趋势未确认；热度可能进入后段,不主动推送。,v2,震荡,49.64,-0.06,0.04,0,2026-04-30,common_index_cache,0.11,-0.09,-0.27,0.46,0.43,-1.16,2.55,-10.65
2026-04-30,600111,北方稀土,21,8093.0,10jqka,post_close,2026-04-30 15:00:00,2026-04-10,8,3,6.0,-15.0,ok,2026-04-30,51.88,53.04,53.35,51.36,2713210.0,4.1,13.26,12.47,0.844,2.66,8.52,7.72,6.68,-16.56,0.156,False,False,0.0,54.0,不推送,False,人气Top50；当日上涨；收盘承接较强；近5日趋势升温；站上20日线且不过热；连续上榜确认,-,不主动推送。,v2,震荡,49.64,-0.06,0.04,0,2026-04-30,common_index_cache,0.11,-0.09,-0.27,0.46,0.43,-1.16,4.16,12.43
2026-04-30,600396,华电辽能,22,7851.0,10jqka,post_close,2026-04-30 15:00:00,2026-04-10,15,15,11.0,-11.0,ok,2026-04-30,10.34,9.92,10.86,9.65,2555498.0,-4.89,-1.98,0.92,0.223,0.66,-1.72,7.94,19.54,-12.21,0.43,False,False,0.0,0.0,不推送,False,人气Top50；站上20日线且不过热；持续霸榜,当日转弱；收盘承接偏弱；热度可能进入后段,不主动推送。,v2,震荡,49.64,-0.06,0.04,0,2026-04-30,common_index_cache,0.11,-0.09,-0.27,0.46,0.43,-1.16,-4.83,0.88
2026-04-30,601778,晶科科技,23,7761.0,10jqka,post_close,2026-04-30 15:00:00,2026-04-14,13,13,26.0,3.0,ok,2026-04-30,6.8,6.5,6.88,6.34,5873226.0,-6.61,-6.34,-9.6,0.296,0.77,-6.31,-4.68,6.46,-17.51,0.148,False,False,0.0,0.0,不推送,False,人气Top50；站上20日线且不过热；持续霸榜,当日转弱；收盘承接偏弱；近5日趋势未确认；热度可能进入后段,不主动推送。,v2,震荡,49.64,-0.06,0.04,0,2026-04-30,common_index_cache,0.11,-0.09,-0.27,0.46,0.43,-1.16,-6.55,-9.64
2026-04-30,603399,永杉锂业,24,7654.0,10jqka,post_close,2026-04-30 15:00:00,2026-04-28,3,3,36.0,12.0,ok,2026-04-30,19.39,19.39,19.39,19.39,86903.0,9.98,33.08,43.42,1.0,0.14,18.27,31.13,45.57,0.0,0.0,True,True,0.0,37.0,不推送,False,人气Top50；当日涨停附近；收在日内高位；近5日强势延续；连续上榜确认；人气排名明显上升,量能不足；短线涨幅偏高；远离20日线过多；一字或近似一字，参与点差,不主动推送。,v2,震荡,49.64,-0.06,0.04,0,2026-04-30,common_index_cache,0.11,-0.09,-0.27,0.46,0.43,-1.16,10.04,43.38
2026-04-30,001896,豫能控股,25,7584.0,10jqka,post_close,2026-04-30 15:00:00,2026-04-13,14,14,28.0,3.0,ok,2026-04-30,16.2,15.24,16.3,15.24,1546965.0,-9.98,-7.02,-15.19,0.0,0.83,-5.97,-10.08,-1.53,-19.15,0.094,False,False,0.0,0.0,不推送,False,人气Top50；温和放量；持续霸榜,当日转弱；收盘承接偏弱；近5日趋势未确认；热度可能进入后段,不主动推送。,v2,震荡,49.64,-0.06,0.04,0,2026-04-30,common_index_cache,0.11,-0.09,-0.27,0.46,0.43,-1.16,-9.92,-15.23
2026-04-30,000890,法尔胜,26,7572.0,10jqka,post_close,2026-04-30 15:00:00,2026-04-10,11,2,22.0,-4.0,ok,2026-04-30,16.5,15.66,16.53,15.48,898464.0,-8.95,-5.15,-6.56,0.171,0.93,-3.94,1.65,4.45,-11.07,0.029,False,False,0.0,12.0,不推送,False,人气Top50；温和放量；站上20日线且不过热；连续上榜确认,当日转弱；收盘承接偏弱；近5日趋势未确认,不主动推送。,v2,震荡,49.64,-0.06,0.04,0,2026-04-30,common_index_cache,0.11,-0.09,-0.27,0.46,0.43,-1.16,-8.89,-6.6
2026-04-30,600330,天通股份,27,7445.0,10jqka,post_close,2026-04-30 15:00:00,2026-04-10,8,1,45.0,18.0,ok,2026-04-30,25.79,27.89,28.23,25.78,2914319.0,8.69,1.71,8.95,0.861,1.2,4.63,9.85,26.75,-2.07,0.139,False,False,0.0,72.0,普通观察,True,人气Top50；当日强涨；收盘承接较强；温和放量；近5日趋势升温；站上20日线且不过热；人气排名明显上升,-,保留在样本池，继续看次日人气和承接。,v2,震荡,49.64,-0.06,0.04,0,2026-04-30,common_index_cache,0.11,-0.09,-0.27,0.46,0.43,-1.16,8.75,8.91
2026-04-30,002192,融捷股份,28,7374.0,10jqka,post_close,2026-04-30 15:00:00,2026-04-13,4,2,52.0,24.0,ok,2026-04-30,103.85,109.22,109.22,102.1,338496.0,10.0,20.79,39.24,1.0,1.01,14.85,23.69,34.1,0.0,0.0,True,False,0.0,83.0,重点观察,True,人气Top50；当日涨停附近；收在日内高位；温和放量；近5日强势延续；连续上榜确认；人气排名明显上升；v2连榜升温修正,短线涨幅偏高；偏离20日线较大,只做观察或轻仓试错，等待回落承接和量能不失控。,v2,震荡,49.64,-0.06,0.04,0,2026-04-30,common_index_cache,0.11,-0.09,-0.27,0.46,0.43,-1.16,10.06,39.2
2026-04-30,300083,创世纪,29,7339.0,10jqka,post_close,2026-04-30 15:00:00,2026-04-30,1,1,,,ok,2026-04-30,9.17,10.19,10.19,9.17,4003210.0,20.02,20.17,21.31,1.0,6.91,17.32,18.68,26.76,0.0,0.0,True,False,0.0,60.0,普通观察,True,人气Top50；当日涨停附近；收在日内高位；近5日趋势升温；站上20日线且不过热；v2低分涨停修正,放量过猛,保留在样本池，继续看次日人气和承接。,v2,震荡,49.64,-0.06,0.04,0,2026-04-30,common_index_cache,0.11,-0.09,-0.27,0.46,0.43,-1.16,20.08,21.27
2026-04-30,002240,盛新锂能,30,7284.0,10jqka,post_close,2026-04-30 15:00:00,2026-04-14,5,2,56.0,26.0,ok,2026-04-30,55.26,60.09,60.09,55.26,889361.0,9.99,15.29,29.78,1.0,1.54,11.77,17.47,28.16,0.0,0.0,True,False,0.0,99.0,强推观察,True,人气Top50；当日涨停附近；收在日内高位；温和放量；近5日强势延续；连续上榜确认；人气排名明显上升；v2强势延续修正；v2连榜升温修正；v2低分涨停修正,短线涨幅偏高；偏离20日线较大,高风险情绪股：不追一字，优先看分歧承接，跌破5日线或人气退潮就跑。,v2,震荡,49.64,-0.06,0.04,0,2026-04-30,common_index_cache,0.11,-0.09,-0.27,0.46,0.43,-1.16,10.05,29.74
2026-04-30,002217,合力泰,31,6985.0,10jqka,post_close,2026-04-30 15:00:00,2026-04-17,9,4,42.0,11.0,ok,2026-04-30,3.02,2.89,3.05,2.88,7301431.0,-5.86,-2.36,4.33,0.059,0.81,-0.96,0.0,9.12,-11.35,0.176,False,False,0.0,20.0,不推送,False,人气Top50；温和放量；站上20日线且不过热；连续上榜确认；人气排名明显上升,当日转弱；收盘承接偏弱,不主动推送。,v2,震荡,49.64,-0.06,0.04,0,2026-04-30,common_index_cache,0.11,-0.09,-0.27,0.46,0.43,-1.16,-5.8,4.29
2026-04-30,301217,铜冠铜箔,32,6967.0,10jqka,post_close,2026-04-30 15:00:00,2026-04-29,2,2,15.0,-17.0,ok,2026-04-30,72.32,78.34,82.49,70.0,763744.0,10.37,52.68,62.26,0.668,1.46,27.68,42.38,60.84,-5.03,0.332,True,False,0.0,32.0,不推送,False,人气Top50；当日涨停附近；温和放量；连续上榜确认,短线涨幅过热；远离20日线过多,不主动推送。,v2,震荡,49.64,-0.06,0.04,0,2026-04-30,common_index_cache,0.11,-0.09,-0.27,0.46,0.43,-1.16,10.43,62.22
2026-04-30,002407,多氟多,33,6947.0,10jqka,post_close,2026-04-30 15:00:00,2026-04-14,7,5,39.0,6.0,ok,2026-04-30,35.9,36.31,36.69,34.75,1825695.0,1.23,5.19,20.87,0.804,1.0,4.64,10.86,18.39,-1.04,0.196,False,False,0.0,56.0,不推送,False,人气Top50；收盘承接较强；温和放量；近5日趋势升温；站上20日线且不过热；持续霸榜,热度可能进入后段,不主动推送。,v2,震荡,49.64,-0.06,0.04,0,2026-04-30,common_index_cache,0.11,-0.09,-0.27,0.46,0.43,-1.16,1.29,20.83
2026-04-30,002181,粤传媒,34,6919.0,10jqka,post_close,2026-04-30 15:00:00,2026-04-16,3,2,34.0,0.0,ok,2026-04-30,15.2,16.49,16.49,15.08,753194.0,10.01,14.99,25.69,1.0,0.81,12.51,17.28,23.87,0.0,0.0,True,False,0.0,105.0,强推观察,True,人气Top50；当日涨停附近；收在日内高位；温和放量；近5日强势延续；站上20日线且不过热；连续上榜确认；v2强势延续修正；v2连榜升温修正；v2低分涨停修正,短线涨幅偏高,高风险情绪股：不追一字，优先看分歧承接，跌破5日线或人气退潮就跑。,v2,震荡,49.64,-0.06,0.04,0,2026-04-30,common_index_cache,0.11,-0.09,-0.27,0.46,0.43,-1.16,10.07,25.65
2026-04-30,688808,联讯仪器,35,6882.0,10jqka,post_close,2026-04-30 15:00:00,2026-04-24,2,1,1.0,-34.0,ok,2026-04-30,911.0,1033.33,1060.0,911.0,4887190.0,11.35,17.42,,0.821,0.61,14.68,14.68,14.68,-2.52,0.179,True,False,0.0,44.0,不推送,False,人气Top50；当日涨停附近；收盘承接较强；站上20日线且不过热,人气排名明显回落,不主动推送。,v2,震荡,49.64,-0.06,0.04,0,2026-04-30,common_index_cache,0.11,-0.09,-0.27,0.46,0.43,-1.16,11.41,
2026-04-30,603538,美诺华,36,6828.0,10jqka,post_close,2026-04-30 15:00:00,2026-04-10,15,15,21.0,-15.0,ok,2026-04-30,62.99,62.46,63.45,59.14,594098.0,-4.35,10.74,12.44,0.77,1.01,3.46,10.68,20.71,-4.35,0.107,False,False,0.0,46.0,不推送,False,人气Top50；收盘承接较强；温和放量；近5日趋势升温；站上20日线且不过热；持续霸榜,当日转弱；热度可能进入后段,不主动推送。,v2,震荡,49.64,-0.06,0.04,0,2026-04-30,common_index_cache,0.11,-0.09,-0.27,0.46,0.43,-1.16,-4.29,12.4
2026-04-30,000062,深圳华强,37,6822.0,10jqka,post_close,2026-04-30 15:00:00,2026-04-22,6,5,69.0,32.0,ok,2026-04-30,35.75,36.92,37.7,35.2,1169854.0,3.56,-1.99,18.64,0.688,1.08,2.23,10.26,21.08,-5.58,0.312,False,False,0.0,58.0,不推送,False,人气Top50；当日上涨；温和放量；近5日趋势升温；站上20日线且不过热；持续霸榜；人气排名明显上升,热度可能进入后段,不主动推送。,v2,震荡,49.64,-0.06,0.04,0,2026-04-30,common_index_cache,0.11,-0.09,-0.27,0.46,0.43,-1.16,3.62,18.6
2026-04-30,600726,华电能源,38,6549.0,10jqka,post_close,2026-04-30 15:00:00,2026-04-23,6,6,29.0,-9.0,ok,2026-04-30,7.08,6.59,7.17,6.55,4174515.0,-7.18,3.29,25.05,0.065,0.83,0.18,16.29,24.69,-13.63,0.145,False,False,0.0,17.0,不推送,False,人气Top50；温和放量；近5日强势延续；站上20日线且不过热；持续霸榜,当日转弱；收盘承接偏弱；短线涨幅偏高；热度可能进入后段,不主动推送。,v2,震荡,49.64,-0.06,0.04,0,2026-04-30,common_index_cache,0.11,-0.09,-0.27,0.46,0.43,-1.16,-7.12,25.01
2026-04-30,002602,世纪华通,39,6386.0,10jqka,post_close,2026-04-30 15:00:00,2026-04-30,1,1,,,ok,2026-04-30,16.96,16.01,17.0,16.01,2977027.0,-8.93,-4.13,-3.2,0.0,3.05,-4.59,-4.8,-5.13,-21.9,0.04,False,False,0.0,0.0,不推送,False,人气Top50,当日转弱；收盘承接偏弱；近5日趋势未确认；仍在20日线下方,不主动推送。,v2,震荡,49.64,-0.06,0.04,0,2026-04-30,common_index_cache,0.11,-0.09,-0.27,0.46,0.43,-1.16,-8.87,-3.24
2026-04-30,600487,亨通光电,40,6376.0,10jqka,post_close,2026-04-30 15:00:00,2026-04-10,15,15,25.0,-15.0,ok,2026-04-30,67.7,65.7,68.0,63.3,1609348.0,-2.49,-7.96,-5.49,0.511,0.77,-4.03,0.47,8.63,-11.8,0.064,False,False,0.0,6.0,不推送,False,人气Top50；站上20日线且不过热；持续霸榜,当日转弱；近5日趋势未确认；热度可能进入后段,不主动推送。,v2,震荡,49.64,-0.06,0.04,0,2026-04-30,common_index_cache,0.11,-0.09,-0.27,0.46,0.43,-1.16,-2.43,-5.53
2026-04-30,600379,宝光股份,41,6356.0,10jqka,post_close,2026-04-30 15:00:00,2026-04-29,2,2,89.0,48.0,ok,2026-04-30,16.5,16.78,16.78,16.48,438344.0,10.03,33.17,37.32,1.0,1.37,17.52,28.39,33.64,0.0,0.0,True,False,0.0,83.0,重点观察,True,人气Top50；当日涨停附近；收在日内高位；温和放量；近5日强势延续；连续上榜确认；人气排名明显上升；v2连榜升温修正,短线涨幅偏高；偏离20日线较大,只做观察或轻仓试错，等待回落承接和量能不失控。,v2,震荡,49.64,-0.06,0.04,0,2026-04-30,common_index_cache,0.11,-0.09,-0.27,0.46,0.43,-1.16,10.09,37.28
2026-04-30,002624,完美世界,42,6217.0,10jqka,post_close,2026-04-30 15:00:00,2026-04-16,5,1,44.0,2.0,ok,2026-04-30,16.11,15.21,16.33,15.1,1275650.0,-8.59,-6.57,-20.03,0.089,0.93,-7.62,-16.61,-19.97,-35.77,0.179,False,False,0.0,0.0,不推送,False,人气Top50；温和放量,当日转弱；收盘承接偏弱；近5日趋势未确认；仍在20日线下方,不主动推送。,v2,震荡,49.64,-0.06,0.04,0,2026-04-30,common_index_cache,0.11,-0.09,-0.27,0.46,0.43,-1.16,-8.53,-20.07
2026-04-30,605299,舒华体育,43,6180.0,10jqka,post_close,2026-04-30 15:00:00,2026-04-10,3,1,52.0,9.0,ok,2026-04-30,24.16,25.98,25.98,24.16,231522.0,9.99,17.82,32.42,1.0,0.55,14.1,21.42,24.66,0.0,0.0,True,False,0.0,75.0,重点观察,True,人气Top50；当日涨停附近；收在日内高位；近5日强势延续；站上20日线且不过热；v2强势延续修正；v2低分涨停修正,短线涨幅偏高,只做观察或轻仓试错，等待回落承接和量能不失控。,v2,震荡,49.64,-0.06,0.04,0,2026-04-30,common_index_cache,0.11,-0.09,-0.27,0.46,0.43,-1.16,10.05,32.38
2026-04-30,002558,巨人网络,44,6120.0,10jqka,post_close,2026-04-30 15:00:00,2026-04-13,2,1,7.0,-37.0,ok,2026-04-30,33.39,32.82,33.58,32.68,517877.0,-2.06,4.12,2.95,0.156,1.05,1.84,2.0,0.58,-30.5,0.211,False,False,0.0,4.0,不推送,False,人气Top50；温和放量；站上20日线且不过热,当日转弱；收盘承接偏弱；人气排名明显回落,不主动推送。,v2,震荡,49.64,-0.06,0.04,0,2026-04-30,common_index_cache,0.11,-0.09,-0.27,0.46,0.43,-1.16,-2.0,2.91
2026-04-30,002050,三花智控,45,6016.0,10jqka,post_close,2026-04-30 15:00:00,2026-04-15,5,2,71.0,26.0,ok,2026-04-30,44.69,46.92,47.37,44.58,1644680.0,4.69,2.2,3.9,0.839,1.88,3.46,2.99,4.75,-14.72,0.161,False,False,0.0,54.0,不推送,False,人气Top50；当日上涨；收盘承接较强；放量仍可控；站上20日线且不过热；连续上榜确认；人气排名明显上升,-,不主动推送。,v2,震荡,49.64,-0.06,0.04,0,2026-04-30,common_index_cache,0.11,-0.09,-0.27,0.46,0.43,-1.16,4.75,3.86
2026-04-30,002475,立讯精密,46,5876.0,10jqka,post_close,2026-04-30 15:00:00,2026-04-10,15,15,86.0,40.0,ok,2026-04-30,69.48,67.0,69.48,66.8,1550475.0,-2.39,-6.91,-1.14,0.075,0.62,-2.47,-0.08,9.83,-7.71,0.0,False,False,0.0,0.0,不推送,False,人气Top50；站上20日线且不过热；持续霸榜；人气排名明显上升,当日转弱；收盘承接偏弱；近5日趋势未确认；热度可能进入后段,不主动推送。,v2,震荡,49.64,-0.06,0.04,0,2026-04-30,common_index_cache,0.11,-0.09,-0.27,0.46,0.43,-1.16,-2.33,-1.18
2026-04-30,601869,长飞光纤,47,5737.0,10jqka,post_close,2026-04-30 15:00:00,2026-04-10,13,2,1.0,-46.0,ok,2026-04-30,359.1,353.9,365.0,336.99,207769.0,-4.49,-6.25,-8.08,0.604,1.32,-4.02,-6.2,-4.62,-16.31,0.211,False,False,0.0,12.0,不推送,False,人气Top50；温和放量；连续上榜确认,当日转弱；近5日趋势未确认；人气排名明显回落,不主动推送。,v2,震荡,49.64,-0.06,0.04,0,2026-04-30,common_index_cache,0.11,-0.09,-0.27,0.46,0.43,-1.16,-4.43,-8.12
2026-04-30,002176,江特电机,48,5702.0,10jqka,post_close,2026-04-30 15:00:00,2026-04-24,5,5,4.0,-44.0,ok,2026-04-30,16.27,16.05,16.97,15.85,3417345.0,-0.25,10.77,29.64,0.179,1.27,7.17,20.04,33.42,-5.42,0.625,False,False,0.0,3.0,不推送,False,人气Top50；温和放量；近5日强势延续；持续霸榜,当日转弱；收盘承接偏弱；短线涨幅偏高；偏离20日线较大；热度可能进入后段；人气排名明显回落,不主动推送。,v2,震荡,49.64,-0.06,0.04,0,2026-04-30,common_index_cache,0.11,-0.09,-0.27,0.46,0.43,-1.16,-0.19,29.6
2026-04-30,600522,中天科技,49,5693.0,10jqka,post_close,2026-04-30 15:00:00,2026-04-10,11,10,67.0,18.0,ok,2026-04-30,34.3,33.12,34.35,32.51,2123488.0,-3.38,-7.43,-2.79,0.332,0.83,-3.38,-0.18,5.71,-9.33,0.027,False,False,0.0,12.0,不推送,False,人气Top50；温和放量；站上20日线且不过热；持续霸榜；人气排名明显上升,当日转弱；收盘承接偏弱；近5日趋势未确认；热度可能进入后段,不主动推送。,v2,震荡,49.64,-0.06,0.04,0,2026-04-30,common_index_cache,0.11,-0.09,-0.27,0.46,0.43,-1.16,-3.32,-2.83
2026-04-30,300136,信维通信,50,5637.0,10jqka,post_close,2026-04-30 15:00:00,2026-04-15,7,1,36.0,-14.0,ok,2026-04-30,84.9,91.3,91.98,83.03,1228378.0,6.77,3.21,9.46,0.924,1.0,5.17,10.43,23.8,-0.74,0.076,False,False,0.0,66.0,普通观察,True,人气Top50；当日上涨；收在日内高位；温和放量；近5日趋势升温；站上20日线且不过热,-,保留在样本池，继续看次日人气和承接。,v2,震荡,49.64,-0.06,0.04,0,2026-04-30,common_index_cache,0.11,-0.09,-0.27,0.46,0.43,-1.16,6.83,9.42
2026-04-30,002400,省广集团,51,5579.0,10jqka,post_close,2026-04-30 15:00:00,2026-04-30,1,1,,,ok,2026-04-30,8.49,8.96,9.18,8.41,1553527.0,5.66,4.43,0.45,0.714,1.88,4.23,1.98,3.68,-30.86,0.286,False,False,0.0,24.0,不推送,False,当日上涨；放量仍可控；站上20日线且不过热,-,不主动推送。,v2,震荡,49.64,-0.06,0.04,0,2026-04-30,common_index_cache,0.11,-0.09,-0.27,0.46,0.43,-1.16,5.72,0.41
2026-04-30,603687,大胜达,52,5564.0,10jqka,post_close,2026-04-30 15:00:00,2026-04-16,7,1,49.0,-3.0,ok,2026-04-30,15.6,17.18,17.18,15.6,695251.0,9.99,4.25,-7.44,1.0,0.96,5.92,-2.46,-1.02,-17.4,0.0,True,False,0.0,48.0,不推送,False,当日涨停附近；收在日内高位；温和放量,近5日趋势未确认,不主动推送。,v2,震荡,49.64,-0.06,0.04,0,2026-04-30,common_index_cache,0.11,-0.09,-0.27,0.46,0.43,-1.16,10.05,-7.48
2026-04-30,600176,中国巨石,53,5558.0,10jqka,post_close,2026-04-30 15:00:00,2026-04-13,4,1,94.0,41.0,ok,2026-04-30,35.65,34.5,35.67,32.7,1867694.0,-3.36,3.17,2.92,0.606,1.25,0.79,3.33,10.4,-4.85,0.007,False,False,0.0,16.0,不推送,False,温和放量；站上20日线且不过热；人气排名明显上升,当日转弱,不主动推送。,v2,震荡,49.64,-0.06,0.04,0,2026-04-30,common_index_cache,0.11,-0.09,-0.27,0.46,0.43,-1.16,-3.3,2.88
2026-04-30,002210,飞马国际,54,5539.0,10jqka,post_close,2026-04-30 15:00:00,2026-04-28,3,3,84.0,30.0,ok,2026-04-30,3.36,2.98,3.36,2.98,4235242.0,-9.97,8.76,18.25,0.0,3.9,2.55,8.96,12.33,-11.83,0.0,False,False,0.0,0.0,不推送,False,近5日趋势升温；站上20日线且不过热；连续上榜确认；人气排名明显上升,当日转弱；收盘承接偏弱；放量过猛,不主动推送。,v2,震荡,49.64,-0.06,0.04,0,2026-04-30,common_index_cache,0.11,-0.09,-0.27,0.46,0.43,-1.16,-9.91,18.21
2026-04-30,600821,金开新能,55,5521.0,10jqka,post_close,2026-04-30 15:00:00,2026-04-15,11,2,13.0,-42.0,ok,2026-04-30,8.35,7.8,8.47,7.8,2647864.0,-10.03,-8.98,-18.58,0.0,1.03,-7.71,-11.83,-9.02,-36.07,0.179,False,False,0.0,0.0,不推送,False,温和放量；连续上榜确认,当日转弱；收盘承接偏弱；近5日趋势未确认；仍在20日线下方；人气排名明显回落,不主动推送。,v2,震荡,49.64,-0.06,0.04,0,2026-04-30,common_index_cache,0.11,-0.09,-0.27,0.46,0.43,-1.16,-9.97,-18.62
2026-04-30,600118,中国卫星,56,5484.0,10jqka,post_close,2026-04-30 15:00:00,2026-04-20,7,1,2.0,-54.0,ok,2026-04-30,97.01,102.8,103.8,97.01,724923.0,4.97,3.32,0.78,0.853,1.02,4.15,5.57,15.52,-2.1,0.147,False,False,0.0,36.0,不推送,False,当日上涨；收盘承接较强；温和放量；站上20日线且不过热,人气排名明显回落,不主动推送。,v2,震荡,49.64,-0.06,0.04,0,2026-04-30,common_index_cache,0.11,-0.09,-0.27,0.46,0.43,-1.16,5.03,0.74
2026-04-30,002156,通富微电,57,5465.0,10jqka,post_close,2026-04-30 15:00:00,2026-04-17,4,2,47.0,-10.0,ok,2026-04-30,50.98,51.77,52.89,50.23,1320363.0,4.59,1.11,9.59,0.579,1.16,3.07,5.4,10.67,-7.21,0.421,False,False,0.0,50.0,不推送,False,当日上涨；温和放量；近5日趋势升温；站上20日线且不过热；连续上榜确认,-,不主动推送。,v2,震荡,49.64,-0.06,0.04,0,2026-04-30,common_index_cache,0.11,-0.09,-0.27,0.46,0.43,-1.16,4.65,9.55
2026-04-30,600498,烽火通信,58,5449.0,10jqka,post_close,2026-04-30 15:00:00,2026-04-10,10,2,74.0,16.0,ok,2026-04-30,49.2,46.68,49.97,46.35,1521364.0,-9.36,-9.53,-15.14,0.091,1.39,-8.23,-10.39,-8.77,-24.44,0.213,False,False,0.0,0.0,不推送,False,温和放量；连续上榜确认；人气排名明显上升,当日转弱；收盘承接偏弱；近5日趋势未确认；仍在20日线下方,不主动推送。,v2,震荡,49.64,-0.06,0.04,0,2026-04-30,common_index_cache,0.11,-0.09,-0.27,0.46,0.43,-1.16,-9.3,-15.18
2026-04-30,002310,东方新能,59,5417.0,10jqka,post_close,2026-04-30 15:00:00,2026-04-29,2,2,61.0,2.0,ok,2026-04-30,3.22,3.06,3.29,3.05,2987932.0,-4.08,3.38,4.08,0.042,0.88,0.07,2.07,0.92,-25.55,0.292,False,False,0.0,8.0,不推送,False,温和放量；站上20日线且不过热；连续上榜确认,当日转弱；收盘承接偏弱,不主动推送。,v2,震荡,49.64,-0.06,0.04,0,2026-04-30,common_index_cache,0.11,-0.09,-0.27,0.46,0.43,-1.16,-4.02,4.04
2026-04-30,603986,兆易创新,60,5412.0,10jqka,post_close,2026-04-30 15:00:00,2026-04-10,8,2,2.0,-58.0,ok,2026-04-30,320.0,312.99,321.0,306.48,587965.0,1.33,3.15,2.69,0.448,1.55,2.25,3.13,10.69,-5.49,0.069,False,False,0.0,14.0,不推送,False,温和放量；站上20日线且不过热；连续上榜确认,收盘承接偏弱；人气排名明显回落,不主动推送。,v2,震荡,49.64,-0.06,0.04,0,2026-04-30,common_index_cache,0.11,-0.09,-0.27,0.46,0.43,-1.16,1.39,2.65
2026-04-30,000155,川能动力,61,5392.0,10jqka,post_close,2026-04-30 15:00:00,2026-04-29,2,2,68.0,7.0,ok,2026-04-30,18.3,17.42,18.55,17.33,1677472.0,-9.51,-2.57,4.12,0.074,1.55,-3.78,-0.53,1.87,-9.93,0.205,False,False,0.0,8.0,不推送,False,温和放量；站上20日线且不过热；连续上榜确认,当日转弱；收盘承接偏弱,不主动推送。,v2,震荡,49.64,-0.06,0.04,0,2026-04-30,common_index_cache,0.11,-0.09,-0.27,0.46,0.43,-1.16,-9.45,4.08
2026-04-30,600884,杉杉股份,62,5349.0,10jqka,post_close,2026-04-30 15:00:00,2026-04-10,3,2,37.0,-25.0,ok,2026-04-30,17.18,16.65,17.53,16.5,2224901.0,-1.48,4.45,11.3,0.146,1.52,3.58,7.8,12.23,-5.02,0.34,False,False,0.0,30.0,不推送,False,温和放量；近5日趋势升温；站上20日线且不过热；连续上榜确认；v2热点回踩观察,当日转弱；收盘承接偏弱；人气排名明显回落,不主动推送。,v2,震荡,49.64,-0.06,0.04,0,2026-04-30,common_index_cache,0.11,-0.09,-0.27,0.46,0.43,-1.16,-1.42,11.26
2026-04-30,002460,赣锋锂业,63,5319.0,10jqka,post_close,2026-04-30 15:00:00,2026-04-10,10,2,27.0,-36.0,ok,2026-04-30,87.0,88.68,91.19,86.9,1075419.0,2.05,5.43,11.02,0.415,1.49,3.89,5.7,6.52,-2.75,0.585,False,False,0.0,20.0,不推送,False,温和放量；近5日趋势升温；站上20日线且不过热；连续上榜确认,收盘承接偏弱；人气排名明显回落；上影线偏长,不主动推送。,v2,震荡,49.64,-0.06,0.04,0,2026-04-30,common_index_cache,0.11,-0.09,-0.27,0.46,0.43,-1.16,2.11,10.98
2026-04-30,001309,德明利,64,5304.0,10jqka,post_close,2026-04-30 15:00:00,2026-04-10,7,2,35.0,-29.0,ok,2026-04-30,517.71,524.81,535.0,509.01,193544.0,0.36,7.51,6.09,0.608,1.26,4.04,3.2,11.39,-3.69,0.392,False,False,0.0,38.0,不推送,False,温和放量；近5日趋势升温；站上20日线且不过热；连续上榜确认,人气排名明显回落,不主动推送。,v2,震荡,49.64,-0.06,0.04,0,2026-04-30,common_index_cache,0.11,-0.09,-0.27,0.46,0.43,-1.16,0.42,6.05
2026-04-30,601899,紫金矿业,65,5251.0,10jqka,post_close,2026-04-30 15:00:00,2026-04-10,15,15,85.0,20.0,ok,2026-04-30,33.7,33.3,34.02,33.08,2403899.0,-2.46,-0.77,-3.2,0.234,0.89,-1.05,-3.03,-2.46,-25.9,0.34,False,False,0.0,0.0,不推送,False,温和放量；持续霸榜；人气排名明显上升,当日转弱；收盘承接偏弱；近5日趋势未确认；热度可能进入后段,不主动推送。,v2,震荡,49.64,-0.06,0.04,0,2026-04-30,common_index_cache,0.11,-0.09,-0.27,0.46,0.43,-1.16,-2.4,-3.24
2026-04-30,002759,天际股份,66,5182.0,10jqka,post_close,2026-04-30 15:00:00,2026-04-14,3,1,100.0,34.0,ok,2026-04-30,36.02,38.09,38.55,35.7,991868.0,5.78,10.73,19.22,0.839,1.93,8.27,10.15,8.24,-15.13,0.161,False,False,0.0,50.0,不推送,False,当日上涨；收盘承接较强；放量仍可控；近5日趋势升温；站上20日线且不过热；人气排名明显上升,-,不主动推送。,v2,震荡,49.64,-0.06,0.04,0,2026-04-30,common_index_cache,0.11,-0.09,-0.27,0.46,0.43,-1.16,5.84,19.18
2026-04-30,600152,维科技术,67,5103.0,10jqka,post_close,2026-04-30 15:00:00,2026-04-14,9,5,16.0,-51.0,ok,2026-04-30,14.14,14.85,15.42,13.85,1587232.0,2.41,4.14,26.06,0.637,1.4,2.75,8.06,21.95,-5.35,0.363,False,False,0.0,27.0,不推送,False,温和放量；近5日强势延续；站上20日线且不过热；持续霸榜,短线涨幅偏高；热度可能进入后段；人气排名明显回落,不主动推送。,v2,震荡,49.64,-0.06,0.04,0,2026-04-30,common_index_cache,0.11,-0.09,-0.27,0.46,0.43,-1.16,2.47,26.02
2026-04-30,603601,再升科技,68,5091.0,10jqka,post_close,2026-04-30 15:00:00,2026-04-13,12,1,89.0,21.0,ok,2026-04-30,15.2,15.85,16.16,14.79,2646985.0,4.28,6.09,4.62,0.774,1.25,5.06,3.59,8.07,-4.8,0.226,False,False,0.0,44.0,不推送,False,当日上涨；收盘承接较强；温和放量；站上20日线且不过热；人气排名明显上升,-,不主动推送。,v2,震荡,49.64,-0.06,0.04,0,2026-04-30,common_index_cache,0.11,-0.09,-0.27,0.46,0.43,-1.16,4.34,4.58
2026-04-30,002384,东山精密,69,5044.0,10jqka,post_close,2026-04-30 15:00:00,2026-04-10,15,15,98.0,29.0,ok,2026-04-30,189.78,186.73,191.95,181.83,820417.0,1.35,0.02,0.04,0.484,0.83,0.45,4.26,20.46,-4.73,0.214,False,False,0.0,30.0,不推送,False,温和放量；站上20日线且不过热；持续霸榜；人气排名明显上升,热度可能进入后段,不主动推送。,v2,震荡,49.64,-0.06,0.04,0,2026-04-30,common_index_cache,0.11,-0.09,-0.27,0.46,0.43,-1.16,1.41,0.0
2026-04-30,003026,中晶科技,70,5040.0,10jqka,post_close,2026-04-30 15:00:00,2026-04-28,2,1,77.0,7.0,ok,2026-04-30,47.2,49.99,52.16,44.63,273022.0,5.42,21.45,31.35,0.712,1.83,12.0,21.83,29.84,-4.16,0.288,False,False,0.0,19.0,不推送,False,当日上涨；放量仍可控；近5日强势延续,短线涨幅偏高；偏离20日线较大,不主动推送。,v2,震荡,49.64,-0.06,0.04,0,2026-04-30,common_index_cache,0.11,-0.09,-0.27,0.46,0.43,-1.16,5.48,31.31
2026-04-30,300308,中际旭创,71,4986.0,10jqka,post_close,2026-04-30 15:00:00,2026-04-10,14,1,36.0,-35.0,ok,2026-04-30,863.66,857.5,874.65,845.0,212710.0,1.36,0.17,-4.4,0.422,0.68,0.42,-0.5,9.67,-6.79,0.371,False,False,0.0,0.0,不推送,False,站上20日线且不过热,收盘承接偏弱；近5日趋势未确认；人气排名明显回落,不主动推送。,v2,震荡,49.64,-0.06,0.04,0,2026-04-30,common_index_cache,0.11,-0.09,-0.27,0.46,0.43,-1.16,1.42,-4.44
2026-04-30,600519,贵州茅台,72,4979.0,10jqka,post_close,2026-04-30 15:00:00,2026-04-10,6,1,95.0,23.0,ok,2026-04-30,1400.0,1384.79,1401.17,1380.0,52753.0,-1.17,-1.31,-2.41,0.226,1.12,-1.82,-1.87,-3.4,-11.68,0.055,False,False,0.0,0.0,不推送,False,温和放量；人气排名明显上升,当日转弱；收盘承接偏弱；近5日趋势未确认,不主动推送。,v2,震荡,49.64,-0.06,0.04,0,2026-04-30,common_index_cache,0.11,-0.09,-0.27,0.46,0.43,-1.16,-1.11,-2.45
2026-04-30,603778,国晟科技,73,4906.0,10jqka,post_close,2026-04-30 15:00:00,2026-04-10,15,15,18.0,-55.0,ok,2026-04-30,26.6,26.6,27.3,26.31,558408.0,-2.81,0.91,0.23,0.293,0.77,0.66,0.49,-6.06,-22.38,0.707,False,False,0.0,0.0,不推送,False,持续霸榜,当日转弱；收盘承接偏弱；仍在20日线下方；热度可能进入后段；人气排名明显回落,不主动推送。,v2,震荡,49.64,-0.06,0.04,0,2026-04-30,common_index_cache,0.11,-0.09,-0.27,0.46,0.43,-1.16,-2.75,0.19
2026-04-30,688521,芯原股份,74,4874.0,10jqka,post_close,2026-04-30 15:00:00,2026-04-16,2,1,82.0,8.0,ok,2026-04-30,260.0,280.88,280.88,260.0,40905185.0,20.0,16.05,19.27,1.0,1.74,15.6,15.74,16.75,-2.47,0.0,True,False,0.0,78.0,重点观察,True,当日涨停附近；收在日内高位；温和放量；近5日趋势升温；站上20日线且不过热；v2低分涨停修正,-,只做观察或轻仓试错，等待回落承接和量能不失控。,v2,震荡,49.64,-0.06,0.04,0,2026-04-30,common_index_cache,0.11,-0.09,-0.27,0.46,0.43,-1.16,20.06,19.23
2026-04-30,002428,云南锗业,75,4811.0,10jqka,post_close,2026-04-30 15:00:00,2026-04-14,9,1,62.0,-13.0,ok,2026-04-30,68.72,70.01,72.12,68.72,1031240.0,1.14,-3.83,-8.94,0.379,0.88,-2.45,-1.33,11.51,-15.41,0.621,False,False,0.0,0.0,不推送,False,温和放量；站上20日线且不过热,收盘承接偏弱；近5日趋势未确认；上影线偏长,不主动推送。,v2,震荡,49.64,-0.06,0.04,0,2026-04-30,common_index_cache,0.11,-0.09,-0.27,0.46,0.43,-1.16,1.2,-8.98
2026-04-30,000988,华工科技,76,4688.0,10jqka,post_close,2026-04-30 15:00:00,2026-04-10,13,1,59.0,-17.0,ok,2026-04-30,119.11,119.53,120.97,115.0,920208.0,0.41,0.62,1.6,0.759,1.12,1.59,1.74,4.19,-15.47,0.241,False,False,0.0,32.0,不推送,False,收盘承接较强；温和放量；站上20日线且不过热,-,不主动推送。,v2,震荡,49.64,-0.06,0.04,0,2026-04-30,common_index_cache,0.11,-0.09,-0.27,0.46,0.43,-1.16,0.47,1.56
2026-04-30,600150,中国船舶,77,4681.0,10jqka,post_close,2026-04-30 15:00:00,2026-04-20,5,3,59.0,-18.0,ok,2026-04-30,43.0,41.76,43.42,41.5,2533775.0,1.46,8.72,8.19,0.135,1.43,3.65,9.56,18.82,-3.82,0.219,False,False,0.0,30.0,不推送,False,温和放量；近5日趋势升温；站上20日线且不过热；连续上榜确认,收盘承接偏弱,不主动推送。,v2,震荡,49.64,-0.06,0.04,0,2026-04-30,common_index_cache,0.11,-0.09,-0.27,0.46,0.43,-1.16,1.52,8.15
2026-04-30,000833,粤桂股份,78,4655.0,10jqka,post_close,2026-04-30 15:00:00,2026-04-30,1,1,,,ok,2026-04-30,29.25,31.72,31.72,28.93,651842.0,9.99,15.77,27.03,1.0,1.29,12.31,17.41,23.66,0.0,0.0,True,False,0.0,71.0,普通观察,True,当日涨停附近；收在日内高位；温和放量；近5日强势延续；站上20日线且不过热；v2低分涨停修正,短线涨幅偏高,保留在样本池，继续看次日人气和承接。,v2,震荡,49.64,-0.06,0.04,0,2026-04-30,common_index_cache,0.11,-0.09,-0.27,0.46,0.43,-1.16,10.05,26.99
2026-04-30,000925,众合科技,79,4614.0,10jqka,post_close,2026-04-30 15:00:00,2026-04-24,4,3,100.0,21.0,ok,2026-04-30,9.85,9.19,10.08,9.11,1859528.0,-5.84,-9.19,9.93,0.082,1.52,-4.33,6.53,16.74,-14.43,0.237,False,False,0.0,24.0,不推送,False,温和放量；近5日趋势升温；站上20日线且不过热；连续上榜确认；人气排名明显上升,当日转弱；收盘承接偏弱,不主动推送。,v2,震荡,49.64,-0.06,0.04,0,2026-04-30,common_index_cache,0.11,-0.09,-0.27,0.46,0.43,-1.16,-5.78,9.89
2026-04-30,600770,综艺股份,80,4502.0,10jqka,post_close,2026-04-30 15:00:00,2026-04-24,5,5,63.0,-17.0,ok,2026-04-30,7.89,7.62,8.07,7.41,2094109.0,-3.42,9.48,20.19,0.318,1.17,2.7,14.64,24.47,-9.18,0.273,False,False,0.0,16.0,不推送,False,温和放量；近5日趋势升温；站上20日线且不过热；持续霸榜,当日转弱；收盘承接偏弱；热度可能进入后段,不主动推送。,v2,震荡,49.64,-0.06,0.04,0,2026-04-30,common_index_cache,0.11,-0.09,-0.27,0.46,0.43,-1.16,-3.36,20.15
2026-04-30,688981,中芯国际,81,4462.0,10jqka,post_close,2026-04-30 15:00:00,2026-04-24,2,1,89.0,8.0,ok,2026-04-30,113.31,118.73,119.88,113.3,101838285.0,5.57,1.84,12.03,0.825,1.47,3.65,7.23,13.08,-7.95,0.175,False,False,0.0,52.0,不推送,False,当日上涨；收盘承接较强；温和放量；近5日趋势升温；站上20日线且不过热,-,不主动推送。,v2,震荡,49.64,-0.06,0.04,0,2026-04-30,common_index_cache,0.11,-0.09,-0.27,0.46,0.43,-1.16,5.63,11.99
2026-04-30,002131,利欧股份,82,4434.0,10jqka,post_close,2026-04-30 15:00:00,2026-04-10,15,15,99.0,17.0,ok,2026-04-30,6.62,6.45,6.7,6.36,3847199.0,-1.83,-5.15,-17.94,0.265,0.79,-4.5,-12.71,-14.95,-37.5,0.235,False,False,0.0,0.0,不推送,False,持续霸榜；人气排名明显上升,当日转弱；收盘承接偏弱；近5日趋势未确认；仍在20日线下方；热度可能进入后段,不主动推送。,v2,震荡,49.64,-0.06,0.04,0,2026-04-30,common_index_cache,0.11,-0.09,-0.27,0.46,0.43,-1.16,-1.77,-17.98
2026-04-30,603095,越剑智能,83,4394.0,10jqka,post_close,2026-04-30 15:00:00,2026-04-30,1,1,,,ok,2026-04-30,25.37,25.37,25.37,25.37,37612.0,10.02,33.18,44.81,1.0,0.36,19.94,29.68,35.84,0.0,0.0,True,True,0.0,27.0,不推送,False,当日涨停附近；收在日内高位；近5日强势延续,量能不足；短线涨幅偏高；偏离20日线较大；一字或近似一字，参与点差,不主动推送。,v2,震荡,49.64,-0.06,0.04,0,2026-04-30,common_index_cache,0.11,-0.09,-0.27,0.46,0.43,-1.16,10.08,44.77
2026-04-30,300632,光莆股份,84,4356.0,10jqka,post_close,2026-04-30 15:00:00,2026-04-30,1,1,,,ok,2026-04-30,24.47,24.47,24.47,24.0,368278.0,20.01,39.03,48.3,1.0,1.86,27.21,34.14,40.58,0.0,0.0,True,False,0.0,36.0,不推送,False,当日涨停附近；收在日内高位；放量仍可控,短线涨幅过热；偏离20日线较大,不主动推送。,v2,震荡,49.64,-0.06,0.04,0,2026-04-30,common_index_cache,0.11,-0.09,-0.27,0.46,0.43,-1.16,20.07,48.26
2026-04-30,300769,德方纳米,85,4351.0,10jqka,post_close,2026-04-30 15:00:00,2026-04-29,2,2,62.0,-23.0,ok,2026-04-30,69.94,71.95,74.98,69.94,807797.0,12.92,37.47,44.3,0.399,2.64,23.4,34.37,47.46,-4.04,0.601,True,False,0.0,1.0,不推送,False,当日涨停附近；近5日强势延续；连续上榜确认,收盘承接偏弱；短线涨幅偏高；远离20日线过多；人气排名明显回落；上影线偏长,不主动推送。,v2,震荡,49.64,-0.06,0.04,0,2026-04-30,common_index_cache,0.11,-0.09,-0.27,0.46,0.43,-1.16,12.98,44.26
2026-04-30,000651,格力电器,86,4324.0,10jqka,post_close,2026-04-30 15:00:00,2026-04-28,3,3,20.0,-66.0,ok,2026-04-30,40.49,40.05,40.86,40.05,764382.0,-1.04,6.77,8.36,0.0,1.03,3.45,5.87,6.44,-2.03,0.457,False,False,0.0,16.0,不推送,False,温和放量；近5日趋势升温；站上20日线且不过热；连续上榜确认,当日转弱；收盘承接偏弱；人气排名明显回落,不主动推送。,v2,震荡,49.64,-0.06,0.04,0,2026-04-30,common_index_cache,0.11,-0.09,-0.27,0.46,0.43,-1.16,-0.98,8.32
2026-04-30,603773,沃格光电,87,4290.0,10jqka,post_close,2026-04-30 15:00:00,2026-04-10,6,2,78.0,-9.0,ok,2026-04-30,71.83,69.35,72.75,66.5,273300.0,-0.56,8.14,14.63,0.456,1.13,6.72,11.97,35.47,-4.67,0.147,False,False,0.0,22.0,不推送,False,温和放量；近5日趋势升温；连续上榜确认,当日转弱；偏离20日线较大,不主动推送。,v2,震荡,49.64,-0.06,0.04,0,2026-04-30,common_index_cache,0.11,-0.09,-0.27,0.46,0.43,-1.16,-0.5,14.59
2026-04-30,002309,中利集团,88,4270.0,10jqka,post_close,2026-04-30 15:00:00,2026-04-10,9,2,75.0,-13.0,ok,2026-04-30,4.47,4.29,4.54,4.27,3560669.0,-4.88,3.12,2.14,0.074,1.01,0.19,0.59,-3.48,-20.99,0.259,False,False,0.0,0.0,不推送,False,温和放量；连续上榜确认,当日转弱；收盘承接偏弱,不主动推送。,v2,震荡,49.64,-0.06,0.04,0,2026-04-30,common_index_cache,0.11,-0.09,-0.27,0.46,0.43,-1.16,-4.82,2.1
2026-04-30,002594,比亚迪,89,4244.0,10jqka,post_close,2026-04-30 15:00:00,2026-04-10,12,3,46.0,-43.0,ok,2026-04-30,104.54,102.98,105.45,102.37,600979.0,-2.3,0.63,3.0,0.198,1.05,0.63,0.81,1.03,-7.91,0.295,False,False,0.0,4.0,不推送,False,温和放量；站上20日线且不过热；连续上榜确认,当日转弱；收盘承接偏弱；人气排名明显回落,不主动推送。,v2,震荡,49.64,-0.06,0.04,0,2026-04-30,common_index_cache,0.11,-0.09,-0.27,0.46,0.43,-1.16,-2.24,2.96
2026-04-30,600703,三安光电,90,4206.0,10jqka,post_close,2026-04-30 15:00:00,2026-04-10,11,1,86.0,-4.0,ok,2026-04-30,13.97,13.67,14.05,13.58,1630497.0,-1.94,-7.2,-11.86,0.191,0.51,-4.33,-4.04,4.09,-27.17,0.17,False,False,0.0,0.0,不推送,False,站上20日线且不过热,当日转弱；收盘承接偏弱；近5日趋势未确认,不主动推送。,v2,震荡,49.64,-0.06,0.04,0,2026-04-30,common_index_cache,0.11,-0.09,-0.27,0.46,0.43,-1.16,-1.88,-11.9
2026-04-30,002565,顺灏股份,91,4143.0,10jqka,post_close,2026-04-30 15:00:00,2026-04-14,12,1,97.0,6.0,ok,2026-04-30,18.32,19.02,19.19,18.18,1610465.0,2.7,2.42,-3.74,0.832,0.73,0.36,-3.94,4.03,-17.27,0.168,False,False,0.0,14.0,不推送,False,收盘承接较强；站上20日线且不过热,近5日趋势未确认,不主动推送。,v2,震荡,49.64,-0.06,0.04,0,2026-04-30,common_index_cache,0.11,-0.09,-0.27,0.46,0.43,-1.16,2.76,-3.78
2026-04-30,600900,长江电力,92,4128.0,10jqka,post_close,2026-04-30 15:00:00,2026-04-10,2,1,73.0,-19.0,ok,2026-04-30,27.09,27.32,27.42,26.94,1914637.0,2.05,2.48,1.37,0.792,2.71,1.72,1.77,2.33,-1.19,0.208,False,False,0.0,18.0,不推送,False,收盘承接较强；站上20日线且不过热,-,不主动推送。,v2,震荡,49.64,-0.06,0.04,0,2026-04-30,common_index_cache,0.11,-0.09,-0.27,0.46,0.43,-1.16,2.11,1.33
2026-04-30,002340,格林美,93,4107.0,10jqka,post_close,2026-04-30 15:00:00,2026-04-21,4,2,32.0,-61.0,ok,2026-04-30,9.14,9.14,9.19,8.86,4890490.0,-5.19,2.47,9.86,0.848,1.75,1.42,4.6,9.11,-9.05,0.152,False,False,0.0,38.0,不推送,False,收盘承接较强；温和放量；近5日趋势升温；站上20日线且不过热；连续上榜确认,当日转弱；人气排名明显回落,不主动推送。,v2,震荡,49.64,-0.06,0.04,0,2026-04-30,common_index_cache,0.11,-0.09,-0.27,0.46,0.43,-1.16,-5.13,9.82
2026-04-30,600736,苏州高新,94,4012.0,10jqka,post_close,2026-04-30 15:00:00,2026-04-21,8,8,65.0,-29.0,ok,2026-04-30,8.15,8.15,8.65,8.13,1992196.0,-2.98,6.54,-2.63,0.038,0.99,0.57,7.24,19.45,-11.51,0.962,False,False,0.0,0.0,不推送,False,温和放量；站上20日线且不过热；持续霸榜,当日转弱；收盘承接偏弱；近5日趋势未确认；热度可能进入后段；人气排名明显回落,不主动推送。,v2,震荡,49.64,-0.06,0.04,0,2026-04-30,common_index_cache,0.11,-0.09,-0.27,0.46,0.43,-1.16,-2.92,-2.67
2026-04-30,601016,节能风电,95,4000.0,10jqka,post_close,2026-04-30 15:00:00,2026-04-23,6,6,41.0,-54.0,ok,2026-04-30,4.5,4.26,4.54,4.25,5295270.0,-6.58,-8.39,-4.91,0.034,0.66,-6.08,-2.2,1.76,-25.65,0.138,False,False,0.0,0.0,不推送,False,站上20日线且不过热；持续霸榜,当日转弱；收盘承接偏弱；近5日趋势未确认；热度可能进入后段；人气排名明显回落,不主动推送。,v2,震荡,49.64,-0.06,0.04,0,2026-04-30,common_index_cache,0.11,-0.09,-0.27,0.46,0.43,-1.16,-6.52,-4.95
2026-04-30,600246,万通发展,96,3951.0,10jqka,post_close,2026-04-30 15:00:00,2026-04-30,1,1,,,ok,2026-04-30,10.32,11.28,11.28,10.31,1639527.0,10.05,5.72,12.46,1.0,1.7,8.21,11.53,15.38,-17.06,0.0,True,False,0.0,78.0,重点观察,True,当日涨停附近；收在日内高位；温和放量；近5日趋势升温；站上20日线且不过热；v2低分涨停修正,-,只做观察或轻仓试错，等待回落承接和量能不失控。,v2,震荡,49.64,-0.06,0.04,0,2026-04-30,common_index_cache,0.11,-0.09,-0.27,0.46,0.43,-1.16,10.11,12.42
2026-04-30,603318,水发燃气,97,3828.0,10jqka,post_close,2026-04-30 15:00:00,2026-04-24,5,5,64.0,-33.0,ok,2026-04-30,14.68,14.26,15.1,13.82,1088477.0,-1.99,13.81,37.78,0.344,1.3,7.2,28.48,51.69,-5.56,0.328,False,False,0.0,0.0,不推送,False,温和放量；近5日强势延续；持续霸榜,当日转弱；收盘承接偏弱；短线涨幅偏高；远离20日线过多；热度可能进入后段；人气排名明显回落,不主动推送。,v2,震荡,49.64,-0.06,0.04,0,2026-04-30,common_index_cache,0.11,-0.09,-0.27,0.46,0.43,-1.16,-1.93,37.74
2026-04-30,002015,协鑫能科,98,3823.0,10jqka,post_close,2026-04-30 15:00:00,2026-04-15,11,1,66.0,-32.0,ok,2026-04-30,18.69,17.75,18.75,17.6,1413730.0,-5.03,-3.06,-14.17,0.13,0.87,-4.7,-6.72,-2.55,-22.79,0.052,False,False,0.0,0.0,不推送,False,温和放量,当日转弱；收盘承接偏弱；近5日趋势未确认；人气排名明显回落,不主动推送。,v2,震荡,49.64,-0.06,0.04,0,2026-04-30,common_index_cache,0.11,-0.09,-0.27,0.46,0.43,-1.16,-4.97,-14.21
2026-04-30,002115,三维通信,99,3808.0,10jqka,post_close,2026-04-30 15:00:00,2026-04-28,3,3,66.0,-33.0,ok,2026-04-30,14.38,14.41,14.63,14.0,1459132.0,-1.84,8.1,15.46,0.651,1.27,5.12,9.08,13.58,-12.4,0.349,False,False,0.0,28.0,不推送,False,温和放量；近5日趋势升温；站上20日线且不过热；连续上榜确认,当日转弱；人气排名明显回落,不主动推送。,v2,震荡,49.64,-0.06,0.04,0,2026-04-30,common_index_cache,0.11,-0.09,-0.27,0.46,0.43,-1.16,-1.78,15.42
2026-04-30,600887,伊利股份,100,3808.0,10jqka,post_close,2026-04-30 15:00:00,2026-04-29,2,2,3.0,-97.0,ok,2026-04-30,27.5,27.46,27.99,27.11,2144097.0,3.35,8.75,8.67,0.398,3.24,5.6,6.83,6.01,-1.89,0.557,False,False,0.0,14.0,不推送,False,当日上涨；近5日趋势升温；站上20日线且不过热；连续上榜确认,收盘承接偏弱；人气排名明显回落；上影线偏长,不主动推送。,v2,震荡,49.64,-0.06,0.04,0,2026-04-30,common_index_cache,0.11,-0.09,-0.27,0.46,0.43,-1.16,3.41,8.63
2026-05-06,000858,五粮液,1,55323.0,10jqka,intraday_1430,2026-05-06 14:49:28,2026-04-28,4,4,5.0,4.0,ok,2026-05-06,90.78,91.63,94.5,90.1,841371.0,-5.61,-8.55,-9.52,0.348,4.06,-6.01,-7.73,-9.41,-17.29,0.652,False,False,0.0,0.0,不推送,False,人气Top3；连续上榜确认,当日转弱；收盘承接偏弱；放量过猛；近5日趋势未确认；仍在20日线下方,不主动推送。,v2,强势,74.04,1.97,2.76,0,2026-05-06,common_index_cache,1.17,2.33,2.75,1.97,3.48,3.01,-7.58,-12.28
2026-05-06,688256,寒武纪,2,45531.0,10jqka,intraday_1430,2026-05-06 14:49:28,2026-04-30,2,2,1.0,-1.0,ok,2026-04-30,1475.0,1699.96,1699.96,1475.0,17884265.0,20.0,25.3,28.49,1.0,2.04,18.05,22.28,32.49,0.0,0.0,True,False,6.0,111.0,强推观察,True,人气Top3；当日涨停附近；收在日内高位；放量仍可控；近5日强势延续；连续上榜确认；v2强势延续修正；v2连榜升温修正；v2低分涨停修正,短线涨幅偏高；偏离20日线较大,高风险情绪股：不追一字，优先看分歧承接，跌破5日线或人气退潮就跑。,v2,强势,74.04,1.97,2.76,0,2026-05-06,common_index_cache,1.17,2.33,2.75,1.97,3.48,3.01,18.03,25.73
2026-05-06,600186,莲花控股,3,41933.0,10jqka,intraday_1430,2026-05-06 14:49:28,2026-04-15,11,9,9.0,6.0,ok,2026-04-30,11.33,10.72,11.55,10.42,4809052.0,-0.92,14.78,13.44,0.265,1.45,7.5,16.84,29.27,-7.19,0.195,False,False,6.0,36.0,不推送,False,人气Top3；温和放量；近5日趋势升温；持续霸榜,当日转弱；收盘承接偏弱；偏离20日线较大；热度可能进入后段,不主动推送。,v2,强势,74.04,1.97,2.76,0,2026-05-06,common_index_cache,1.17,2.33,2.75,1.97,3.48,3.01,-2.89,10.68
2026-05-06,601778,晶科科技,4,31675.0,10jqka,intraday_1430,2026-05-06 14:49:28,2026-04-14,14,14,23.0,19.0,ok,2026-04-30,6.8,6.5,6.88,6.34,5873226.0,-6.61,-6.34,-9.6,0.296,0.77,-6.31,-4.68,6.46,-17.51,0.148,False,False,6.0,14.0,不推送,False,人气Top10；站上20日线且不过热；持续霸榜；人气排名明显上升,当日转弱；收盘承接偏弱；近5日趋势未确认；热度可能进入后段,不主动推送。,v2,强势,74.04,1.97,2.76,0,2026-05-06,common_index_cache,1.17,2.33,2.75,1.97,3.48,3.01,-8.58,-12.36
2026-05-06,002081,金螳螂,5,29811.0,10jqka,intraday_1430,2026-05-06 14:49:28,2026-04-20,10,10,2.0,-3.0,ok,2026-04-30,5.17,5.9,5.9,5.07,5756925.0,10.07,33.18,8.66,1.0,1.45,15.91,22.66,44.63,0.0,0.0,True,False,6.0,90.0,强推观察,True,人气Top10；当日涨停附近；收在日内高位；温和放量；近5日趋势升温；持续霸榜,偏离20日线较大；热度可能进入后段,高风险情绪股：不追一字，优先看分歧承接，跌破5日线或人气退潮就跑。,v2,强势,74.04,1.97,2.76,0,2026-05-06,common_index_cache,1.17,2.33,2.75,1.97,3.48,3.01,8.1,5.9
2026-05-06,000066,中国长城,6,28638.0,10jqka,intraday_1430,2026-05-06 14:49:28,2026-04-24,6,6,7.0,1.0,ok,2026-05-06,19.0,19.82,19.82,18.39,4315718.0,9.99,11.16,20.49,1.0,1.22,7.41,15.39,22.69,0.0,0.0,True,False,0.0,116.0,强推观察,True,人气Top10；当日涨停附近；收在日内高位；温和放量；近5日趋势升温；站上20日线且不过热；持续霸榜；v2强势延续修正；v2低分涨停修正,热度可能进入后段,高风险情绪股：不追一字，优先看分歧承接，跌破5日线或人气退潮就跑。,v2,强势,74.04,1.97,2.76,0,2026-05-06,common_index_cache,1.17,2.33,2.75,1.97,3.48,3.01,8.02,17.73
2026-05-06,603629,利通电子,7,27365.0,10jqka,intraday_1430,2026-05-06 14:49:28,2026-04-13,15,15,3.0,-4.0,ok,2026-04-30,142.32,144.41,144.42,136.72,447055.0,9.99,33.1,23.98,0.999,1.54,17.8,25.4,52.87,-0.01,0.001,True,False,6.0,86.0,重点观察,True,人气Top10；当日涨停附近；收在日内高位；温和放量；近5日趋势升温；持续霸榜；v2低分涨停修正,远离20日线过多；热度可能进入后段,只做观察或轻仓试错，等待回落承接和量能不失控。,v2,强势,74.04,1.97,2.76,0,2026-05-06,common_index_cache,1.17,2.33,2.75,1.97,3.48,3.01,8.02,21.22
2026-05-06,600745,*ST闻泰,8,25163.0,10jqka,intraday_1430,2026-05-06 14:49:28,2026-04-21,3,2,14.0,6.0,ok,2026-04-29,27.5,28.12,28.27,27.42,258095.0,1.15,1.11,-3.63,0.824,0.68,-0.1,-3.96,-7.02,-33.68,0.176,False,False,7.0,30.0,不推送,False,人气Top10；收盘承接较强；连续上榜确认,近5日趋势未确认；仍在20日线下方,不主动推送。,v2,强势,74.04,1.97,2.76,0,2026-05-06,common_index_cache,1.17,2.33,2.75,1.97,3.48,3.01,-0.82,-6.39
2026-05-06,301308,江波龙,9,24386.0,10jqka,intraday_1430,2026-05-06 14:49:28,2026-04-27,4,1,44.0,35.0,ok,2026-04-30,410.0,401.12,414.0,396.0,189013.0,-3.18,1.95,11.99,0.284,0.91,2.13,4.83,11.9,-3.65,0.222,False,False,6.0,40.0,不推送,False,人气Top10；温和放量；近5日趋势升温；站上20日线且不过热；人气排名明显上升,当日转弱；收盘承接偏弱,不主动推送。,v2,强势,74.04,1.97,2.76,0,2026-05-06,common_index_cache,1.17,2.33,2.75,1.97,3.48,3.01,-5.15,9.23
2026-05-06,688041,海光信息,10,23983.0,10jqka,intraday_1430,2026-05-06 14:49:28,2026-04-24,2,1,98.0,88.0,ok,2026-04-30,284.9,296.25,302.68,284.88,48909295.0,6.27,-0.01,12.47,0.639,1.2,2.49,8.03,16.8,-2.87,0.361,False,False,6.0,70.0,普通观察,True,人气Top10；当日上涨；温和放量；近5日趋势升温；站上20日线且不过热；人气排名明显上升,-,保留在样本池，继续看次日人气和承接。,v2,强势,74.04,1.97,2.76,0,2026-05-06,common_index_cache,1.17,2.33,2.75,1.97,3.48,3.01,4.3,9.71
2026-05-06,601991,大唐发电,11,22867.0,10jqka,intraday_1430,2026-05-06 14:49:28,2026-05-06,1,1,,,ok,2026-04-30,4.24,4.16,4.25,4.15,2040293.0,-3.03,2.72,-1.19,0.1,0.9,0.92,1.64,5.1,-16.63,0.1,False,False,6.0,12.0,不推送,False,人气Top20；温和放量；站上20日线且不过热,当日转弱；收盘承接偏弱；近5日趋势未确认,不主动推送。,v2,强势,74.04,1.97,2.76,0,2026-05-06,common_index_cache,1.17,2.33,2.75,1.97,3.48,3.01,-5.0,-3.95
2026-05-06,002156,通富微电,12,21558.0,10jqka,intraday_1430,2026-05-06 14:49:28,2026-04-17,5,3,57.0,45.0,ok,2026-04-30,50.98,51.77,52.89,50.23,1320363.0,4.59,1.11,9.59,0.579,1.16,3.07,5.4,10.67,-7.21,0.421,False,False,6.0,70.0,普通观察,True,人气Top20；当日上涨；温和放量；近5日趋势升温；站上20日线且不过热；连续上榜确认；人气排名明显上升,-,保留在样本池，继续看次日人气和承接。,v2,强势,74.04,1.97,2.76,0,2026-05-06,common_index_cache,1.17,2.33,2.75,1.97,3.48,3.01,2.62,6.83
2026-05-06,002580,圣阳股份,13,20201.0,10jqka,intraday_1430,2026-05-06 14:49:28,2026-04-10,16,16,16.0,3.0,ok,2026-05-06,27.26,28.82,30.15,26.5,1591833.0,4.04,-2.31,4.04,0.636,1.17,0.61,0.31,15.7,-14.33,0.364,False,False,0.0,50.0,不推送,False,人气Top20；当日上涨；温和放量；站上20日线且不过热；持续霸榜,热度可能进入后段,不主动推送。,v2,强势,74.04,1.97,2.76,0,2026-05-06,common_index_cache,1.17,2.33,2.75,1.97,3.48,3.01,2.07,1.28
2026-05-06,600703,三安光电,14,20060.0,10jqka,intraday_1430,2026-05-06 14:49:28,2026-04-10,12,2,90.0,76.0,ok,2026-04-30,13.97,13.67,14.05,13.58,1630497.0,-1.94,-7.2,-11.86,0.191,0.51,-4.33,-4.04,4.09,-27.17,0.17,False,False,6.0,10.0,不推送,False,人气Top20；站上20日线且不过热；连续上榜确认；人气排名明显上升,当日转弱；收盘承接偏弱；近5日趋势未确认,不主动推送。,v2,强势,74.04,1.97,2.76,0,2026-05-06,common_index_cache,1.17,2.33,2.75,1.97,3.48,3.01,-3.91,-14.62
2026-05-06,002217,合力泰,15,20025.0,10jqka,intraday_1430,2026-05-06 14:49:28,2026-04-17,10,5,31.0,16.0,ok,2026-04-30,3.02,2.89,3.05,2.88,7301431.0,-5.86,-2.36,4.33,0.059,0.81,-0.96,0.0,9.12,-11.35,0.176,False,False,6.0,24.0,不推送,False,人气Top20；温和放量；站上20日线且不过热；持续霸榜；人气排名明显上升,当日转弱；收盘承接偏弱；热度可能进入后段,不主动推送。,v2,强势,74.04,1.97,2.76,0,2026-05-06,common_index_cache,1.17,2.33,2.75,1.97,3.48,3.01,-7.83,1.57
2026-05-06,601016,节能风电,16,19571.0,10jqka,intraday_1430,2026-05-06 14:49:28,2026-04-23,7,7,95.0,79.0,ok,2026-05-06,4.38,4.65,4.75,4.25,7512693.0,3.79,-1.69,3.79,0.8,1.03,1.75,5.32,10.25,-18.85,0.2,False,False,0.0,64.0,普通观察,True,人气Top20；当日上涨；收盘承接较强；温和放量；站上20日线且不过热；持续霸榜；人气排名明显上升,热度可能进入后段,保留在样本池，继续看次日人气和承接。,v2,强势,74.04,1.97,2.76,0,2026-05-06,common_index_cache,1.17,2.33,2.75,1.97,3.48,3.01,1.82,1.03
2026-05-06,600884,杉杉股份,17,19467.0,10jqka,intraday_1430,2026-05-06 14:49:28,2026-04-10,4,3,62.0,45.0,ok,2026-04-30,17.18,16.65,17.53,16.5,2224901.0,-1.48,4.45,11.3,0.146,1.52,3.58,7.8,12.23,-5.02,0.34,False,False,6.0,54.0,不推送,False,人气Top20；温和放量；近5日趋势升温；站上20日线且不过热；连续上榜确认；人气排名明显上升；v2热点回踩观察,当日转弱；收盘承接偏弱,不主动推送。,v2,强势,74.04,1.97,2.76,0,2026-05-06,common_index_cache,1.17,2.33,2.75,1.97,3.48,3.01,-3.45,8.54
2026-05-06,000062,深圳华强,18,19254.0,10jqka,intraday_1430,2026-05-06 14:49:28,2026-04-22,7,6,37.0,19.0,ok,2026-05-06,37.99,36.91,40.13,36.22,1190530.0,-0.03,2.24,7.8,0.176,1.02,0.71,7.9,18.59,-8.02,0.547,False,False,0.0,36.0,不推送,False,人气Top20；温和放量；近5日趋势升温；站上20日线且不过热；持续霸榜；人气排名明显上升,当日转弱；收盘承接偏弱；热度可能进入后段,不主动推送。,v2,强势,74.04,1.97,2.76,0,2026-05-06,common_index_cache,1.17,2.33,2.75,1.97,3.48,3.01,-2.0,5.04
2026-05-06,002181,粤传媒,19,18719.0,10jqka,intraday_1430,2026-05-06 14:49:28,2026-04-16,4,3,34.0,15.0,ok,2026-04-30,15.2,16.49,16.49,15.08,753194.0,10.01,14.99,25.69,1.0,0.81,12.51,17.28,23.87,0.0,0.0,True,False,6.0,117.0,强推观察,True,人气Top20；当日涨停附近；收在日内高位；温和放量；近5日强势延续；站上20日线且不过热；连续上榜确认；人气排名明显上升；v2强势延续修正；v2连榜升温修正；v2低分涨停修正,短线涨幅偏高,高风险情绪股：不追一字，优先看分歧承接，跌破5日线或人气退潮就跑。,v2,强势,74.04,1.97,2.76,0,2026-05-06,common_index_cache,1.17,2.33,2.75,1.97,3.48,3.01,8.04,22.93
2026-05-06,002149,西部材料,20,18598.0,10jqka,intraday_1430,2026-05-06 14:49:28,2026-04-14,11,2,13.0,-7.0,ok,2026-04-30,57.46,63.51,63.51,57.46,764253.0,9.99,9.73,-1.27,1.0,0.94,8.15,6.12,17.26,-5.08,0.0,True,False,6.0,80.0,重点观察,True,人气Top20；当日涨停附近；收在日内高位；温和放量；站上20日线且不过热；连续上榜确认,近5日趋势未确认,只做观察或轻仓试错，等待回落承接和量能不失控。,v2,强势,74.04,1.97,2.76,0,2026-05-06,common_index_cache,1.17,2.33,2.75,1.97,3.48,3.01,8.02,-4.03
2026-05-06,002202,金风科技,21,17722.0,10jqka,intraday_1430,2026-05-06 14:49:28,2026-04-10,16,16,4.0,-17.0,ok,2026-04-30,26.51,27.55,28.18,26.2,3493626.0,7.07,3.84,7.2,0.682,2.02,5.31,5.62,9.51,-17.27,0.318,False,False,6.0,56.0,不推送,False,人气Top50；当日强涨；放量仍可控；近5日趋势升温；站上20日线且不过热；持续霸榜,热度可能进入后段,不主动推送。,v2,强势,74.04,1.97,2.76,0,2026-05-06,common_index_cache,1.17,2.33,2.75,1.97,3.48,3.01,5.1,4.44
2026-05-06,603986,兆易创新,22,17577.0,10jqka,intraday_1430,2026-05-06 14:49:28,2026-04-10,9,3,60.0,38.0,ok,2026-04-30,320.0,312.99,321.0,306.48,587965.0,1.33,3.15,2.69,0.448,1.55,2.25,3.13,10.69,-5.49,0.069,False,False,6.0,30.0,不推送,False,人气Top50；温和放量；站上20日线且不过热；连续上榜确认；人气排名明显上升,收盘承接偏弱,不主动推送。,v2,强势,74.04,1.97,2.76,0,2026-05-06,common_index_cache,1.17,2.33,2.75,1.97,3.48,3.01,-0.64,-0.07
2026-05-06,603601,再升科技,23,17226.0,10jqka,intraday_1430,2026-05-06 14:49:28,2026-04-13,13,2,68.0,45.0,ok,2026-04-30,15.2,15.85,16.16,14.79,2646985.0,4.28,6.09,4.62,0.774,1.25,5.06,3.59,8.07,-4.8,0.226,False,False,6.0,60.0,普通观察,True,人气Top50；当日上涨；收盘承接较强；温和放量；站上20日线且不过热；连续上榜确认；人气排名明显上升,-,保留在样本池，继续看次日人气和承接。,v2,强势,74.04,1.97,2.76,0,2026-05-06,common_index_cache,1.17,2.33,2.75,1.97,3.48,3.01,2.31,1.86
2026-05-06,600487,亨通光电,24,16676.0,10jqka,intraday_1430,2026-05-06 14:49:28,2026-04-10,16,16,40.0,16.0,ok,2026-04-30,67.7,65.7,68.0,63.3,1609348.0,-2.49,-7.96,-5.49,0.511,0.77,-4.03,0.47,8.63,-11.8,0.064,False,False,6.0,10.0,不推送,False,人气Top50；站上20日线且不过热；持续霸榜；人气排名明显上升,当日转弱；近5日趋势未确认；热度可能进入后段,不主动推送。,v2,强势,74.04,1.97,2.76,0,2026-05-06,common_index_cache,1.17,2.33,2.75,1.97,3.48,3.01,-4.46,-8.25
2026-05-06,002297,博云新材,25,16610.0,10jqka,intraday_1430,2026-05-06 14:49:28,2026-04-10,15,12,8.0,-17.0,ok,2026-04-30,23.44,24.5,25.4,22.5,1947730.0,5.56,19.34,10.16,0.69,1.01,8.29,15.68,46.92,-3.54,0.31,False,False,6.0,34.0,不推送,False,人气Top50；当日上涨；温和放量；近5日趋势升温；持续霸榜,远离20日线过多；热度可能进入后段,不主动推送。,v2,强势,74.04,1.97,2.76,0,2026-05-06,common_index_cache,1.17,2.33,2.75,1.97,3.48,3.01,3.59,7.4
2026-05-06,601138,工业富联,26,16296.0,10jqka,intraday_1430,2026-05-06 14:49:28,2026-04-10,16,16,10.0,-16.0,ok,2026-05-06,66.01,67.25,68.0,65.38,2358367.0,3.45,-1.39,3.45,0.714,0.9,1.33,2.74,10.23,-2.68,0.286,False,False,0.0,42.0,不推送,False,人气Top50；当日上涨；温和放量；站上20日线且不过热；持续霸榜,热度可能进入后段,不主动推送。,v2,强势,74.04,1.97,2.76,0,2026-05-06,common_index_cache,1.17,2.33,2.75,1.97,3.48,3.01,1.48,0.69
2026-05-06,603019,中科曙光,27,16197.0,10jqka,intraday_1430,2026-05-06 14:49:28,2026-04-10,4,1,100.0,73.0,ok,2026-04-30,90.98,92.96,93.38,90.05,638184.0,2.81,-1.36,1.4,0.874,0.98,0.76,1.47,5.84,-2.25,0.126,False,False,6.0,44.0,不推送,False,人气Top50；收盘承接较强；温和放量；站上20日线且不过热；人气排名明显上升,-,不主动推送。,v2,强势,74.04,1.97,2.76,0,2026-05-06,common_index_cache,1.17,2.33,2.75,1.97,3.48,3.01,0.84,-1.36
2026-05-06,603538,美诺华,28,16013.0,10jqka,intraday_1430,2026-05-06 14:49:28,2026-04-10,16,16,36.0,8.0,ok,2026-04-30,62.99,62.46,63.45,59.14,594098.0,-4.35,10.74,12.44,0.77,1.01,3.46,10.68,20.71,-4.35,0.107,False,False,6.0,46.0,不推送,False,人气Top50；收盘承接较强；温和放量；近5日趋势升温；站上20日线且不过热；持续霸榜,当日转弱；热度可能进入后段,不主动推送。,v2,强势,74.04,1.97,2.76,0,2026-05-06,common_index_cache,1.17,2.33,2.75,1.97,3.48,3.01,-6.32,9.68
2026-05-06,600584,长电科技,29,15567.0,10jqka,intraday_1430,2026-05-06 14:49:28,2026-04-10,4,1,72.0,43.0,ok,2026-04-30,44.65,45.56,45.86,44.11,1014030.0,2.71,-1.64,2.59,0.829,1.25,0.69,1.55,5.26,-11.36,0.171,False,False,6.0,44.0,不推送,False,人气Top50；收盘承接较强；温和放量；站上20日线且不过热；人气排名明显上升,-,不主动推送。,v2,强势,74.04,1.97,2.76,0,2026-05-06,common_index_cache,1.17,2.33,2.75,1.97,3.48,3.01,0.74,-0.17
2026-05-06,002709,天赐材料,30,15360.0,10jqka,intraday_1430,2026-05-06 14:49:28,2026-04-10,13,6,12.0,-18.0,ok,2026-05-06,53.08,55.26,55.4,52.25,1470462.0,4.19,2.47,4.78,0.956,0.89,-2.7,2.26,10.18,-9.41,0.044,False,False,0.0,58.0,不推送,False,人气Top50；当日上涨；收在日内高位；温和放量；站上20日线且不过热；持续霸榜,热度可能进入后段,不主动推送。,v2,强势,74.04,1.97,2.76,0,2026-05-06,common_index_cache,1.17,2.33,2.75,1.97,3.48,3.01,2.22,2.02
2026-05-06,688525,佰维存储,31,14452.0,10jqka,intraday_1430,2026-05-06 14:49:28,2026-04-10,4,1,88.0,57.0,ok,2026-04-30,270.0,265.08,270.01,263.5,25651813.0,-1.46,0.16,0.3,0.243,0.8,-0.05,-1.33,3.14,-10.14,0.002,False,False,6.0,12.0,不推送,False,人气Top50；温和放量；站上20日线且不过热；人气排名明显上升,当日转弱；收盘承接偏弱,不主动推送。,v2,强势,74.04,1.97,2.76,0,2026-05-06,common_index_cache,1.17,2.33,2.75,1.97,3.48,3.01,-3.43,-2.46
2026-05-06,002361,神剑股份,32,14394.0,10jqka,intraday_1430,2026-05-06 14:49:28,2026-04-10,16,16,20.0,-12.0,ok,2026-04-30,20.41,20.55,20.82,19.91,2257121.0,2.49,-5.12,-10.61,0.703,0.78,-0.95,-3.27,7.66,-14.2,0.297,False,False,6.0,16.0,不推送,False,人气Top50；站上20日线且不过热；持续霸榜,近5日趋势未确认；热度可能进入后段,不主动推送。,v2,强势,74.04,1.97,2.76,0,2026-05-06,common_index_cache,1.17,2.33,2.75,1.97,3.48,3.01,0.52,-13.37
2026-05-06,002015,协鑫能科,33,13716.0,10jqka,intraday_1430,2026-05-06 14:49:28,2026-04-15,12,2,98.0,65.0,ok,2026-04-30,18.69,17.75,18.75,17.6,1413730.0,-5.03,-3.06,-14.17,0.13,0.87,-4.7,-6.72,-2.55,-22.79,0.052,False,False,6.0,8.0,不推送,False,人气Top50；温和放量；连续上榜确认；人气排名明显上升,当日转弱；收盘承接偏弱；近5日趋势未确认,不主动推送。,v2,强势,74.04,1.97,2.76,0,2026-05-06,common_index_cache,1.17,2.33,2.75,1.97,3.48,3.01,-7.0,-16.93
2026-05-06,301511,德福科技,34,7388.0,10jqka,intraday_1430,2026-05-06 14:30:00,2026-05-06,1,1,,,ok,2026-05-06,77.08,90.24,90.24,76.04,442030.0,20.0,33.31,49.75,1.0,0.84,21.09,33.85,61.44,0.0,0.0,True,False,0.0,44.0,观察池,False,人气Top50；当日涨停附近；收在日内高位；温和放量；市场强势且个股相对强势,短线涨幅过热；远离20日线过多；涨停封板不可买,涨停封板不可买，放观察池跟踪,v2,强势,74.04,1.97,2.76,0,2026-05-06,common_index_cache,1.17,2.33,2.75,1.97,3.48,3.01,18.03,46.99
2026-05-06,001309,德明利,34,13552.0,10jqka,intraday_1430,2026-05-06 14:49:28,2026-04-10,8,3,64.0,30.0,ok,2026-04-30,517.71,524.81,535.0,509.01,193544.0,0.36,7.51,6.09,0.608,1.26,4.04,3.2,11.39,-3.69,0.392,False,False,6.0,54.0,不推送,False,人气Top50；温和放量；近5日趋势升温；站上20日线且不过热；连续上榜确认；人气排名明显上升,-,不主动推送。,v2,强势,74.04,1.97,2.76,0,2026-05-06,common_index_cache,1.17,2.33,2.75,1.97,3.48,3.01,-1.61,3.33
2026-05-06,600111,北方稀土,35,13393.0,10jqka,intraday_1430,2026-05-06 14:49:28,2026-04-10,9,4,21.0,-14.0,ok,2026-04-30,51.88,53.04,53.35,51.36,2713210.0,4.1,13.26,12.47,0.844,2.66,8.52,7.72,6.68,-16.56,0.156,False,False,6.0,54.0,不推送,False,人气Top50；当日上涨；收盘承接较强；近5日趋势升温；站上20日线且不过热；连续上榜确认,-,不主动推送。,v2,强势,74.04,1.97,2.76,0,2026-05-06,common_index_cache,1.17,2.33,2.75,1.97,3.48,3.01,2.13,9.71
2026-05-06,603618,杭电股份,36,6844.0,10jqka,intraday_1430,2026-05-06 14:30:00,2026-05-06,1,1,,,ok,2026-05-06,37.5,40.16,41.03,37.3,1101892.0,7.67,38.2,31.41,0.767,1.17,27.65,34.22,47.48,-2.12,0.233,False,False,0.0,45.0,不推送,False,人气Top50；当日强涨；收盘承接较强；温和放量；近5日强势延续；市场强势且个股相对强势,短线涨幅偏高；远离20日线过多,不主动推送。,v2,强势,74.04,1.97,2.76,0,2026-05-06,common_index_cache,1.17,2.33,2.75,1.97,3.48,3.01,5.7,28.65
2026-05-06,688008,澜起科技,36,13012.0,10jqka,intraday_1430,2026-05-06 14:49:28,2026-05-06,1,1,,,ok,2026-04-30,174.28,173.3,175.14,169.53,59128793.0,2.0,-2.69,8.52,0.672,0.9,0.94,5.33,13.45,-8.25,0.153,False,False,6.0,42.0,不推送,False,人气Top50；温和放量；近5日趋势升温；站上20日线且不过热,-,不主动推送。,v2,强势,74.04,1.97,2.76,0,2026-05-06,common_index_cache,1.17,2.33,2.75,1.97,3.48,3.01,0.03,5.76
2026-05-06,002342,巨力索具,37,12695.0,10jqka,intraday_1430,2026-05-06 14:49:28,2026-04-10,16,16,11.0,-26.0,ok,2026-05-06,19.0,21.42,21.42,18.47,2893097.0,10.02,15.91,12.44,1.0,1.41,10.38,9.24,20.22,0.0,0.0,True,False,0.0,96.0,强推观察,True,人气Top50；当日涨停附近；收在日内高位；温和放量；近5日趋势升温；站上20日线且不过热；持续霸榜；v2强势延续修正；v2低分涨停修正,热度可能进入后段；人气排名明显回落,高风险情绪股：不追一字，优先看分歧承接，跌破5日线或人气退潮就跑。,v2,强势,74.04,1.97,2.76,0,2026-05-06,common_index_cache,1.17,2.33,2.75,1.97,3.48,3.01,8.05,9.68
2026-05-06,603399,永杉锂业,38,12524.0,10jqka,intraday_1430,2026-05-06 14:49:28,2026-04-28,4,4,24.0,-14.0,ok,2026-04-30,19.39,19.39,19.39,19.39,86903.0,9.98,33.08,43.42,1.0,0.14,18.27,31.13,45.57,0.0,0.0,True,True,6.0,33.0,不推送,False,人气Top50；当日涨停附近；收在日内高位；近5日强势延续；连续上榜确认,量能不足；短线涨幅偏高；远离20日线过多；一字或近似一字，参与点差,不主动推送。,v2,强势,74.04,1.97,2.76,0,2026-05-06,common_index_cache,1.17,2.33,2.75,1.97,3.48,3.01,8.01,40.66
2026-05-06,600673,东阳光,39,12391.0,10jqka,intraday_1430,2026-05-06 14:49:28,2026-05-06,1,1,,,ok,2026-04-30,33.1,35.4,35.95,32.88,967677.0,6.82,8.99,3.69,0.821,1.45,6.0,4.96,7.62,-14.86,0.179,False,False,6.0,48.0,不推送,False,人气Top50；当日上涨；收盘承接较强；温和放量；站上20日线且不过热,-,不主动推送。,v2,强势,74.04,1.97,2.76,0,2026-05-06,common_index_cache,1.17,2.33,2.75,1.97,3.48,3.01,4.85,0.93
2026-05-06,002185,华天科技,40,12308.0,10jqka,intraday_1430,2026-05-06 14:49:28,2026-05-06,1,1,,,ok,2026-04-30,12.86,13.11,13.16,12.77,1947739.0,2.66,1.71,5.13,0.872,1.77,2.63,3.07,5.66,-18.06,0.128,False,False,6.0,52.0,不推送,False,人气Top50；收盘承接较强；温和放量；近5日趋势升温；站上20日线且不过热,-,不主动推送。,v2,强势,74.04,1.97,2.76,0,2026-05-06,common_index_cache,1.17,2.33,2.75,1.97,3.48,3.01,0.69,2.37
2026-05-06,000815,美利云,41,12213.0,10jqka,intraday_1430,2026-05-06 14:49:28,2026-04-13,11,1,58.0,17.0,ok,2026-05-06,20.51,20.92,20.92,20.51,815365.0,9.99,4.13,9.13,1.0,0.91,5.09,3.04,3.0,-9.44,0.0,True,False,0.0,94.0,强推观察,True,人气Top50；当日涨停附近；收在日内高位；温和放量；近5日趋势升温；站上20日线且不过热；人气排名明显上升；v2强势延续修正,-,高风险情绪股：不追一字，优先看分歧承接，跌破5日线或人气退潮就跑。,v2,强势,74.04,1.97,2.76,0,2026-05-06,common_index_cache,1.17,2.33,2.75,1.97,3.48,3.01,8.02,6.37
2026-05-06,000988,华工科技,42,12027.0,10jqka,intraday_1430,2026-05-06 14:49:28,2026-04-10,14,2,76.0,34.0,ok,2026-04-30,119.11,119.53,120.97,115.0,920208.0,0.41,0.62,1.6,0.759,1.12,1.59,1.74,4.19,-15.47,0.241,False,False,6.0,52.0,不推送,False,人气Top50；收盘承接较强；温和放量；站上20日线且不过热；连续上榜确认；人气排名明显上升,-,不主动推送。,v2,强势,74.04,1.97,2.76,0,2026-05-06,common_index_cache,1.17,2.33,2.75,1.97,3.48,3.01,-1.56,-1.16
2026-05-06,600036,招商银行,43,12015.0,10jqka,intraday_1430,2026-05-06 14:49:28,2026-04-28,3,1,79.0,36.0,ok,2026-04-30,38.4,38.27,38.51,38.12,1169574.0,-0.6,-2.82,-3.87,0.385,1.1,-1.94,-2.85,-2.88,-5.18,0.282,False,False,6.0,0.0,不推送,False,人气Top50；温和放量；人气排名明显上升,当日转弱；收盘承接偏弱；近5日趋势未确认,不主动推送。,v2,强势,74.04,1.97,2.76,0,2026-05-06,common_index_cache,1.17,2.33,2.75,1.97,3.48,3.01,-2.57,-6.63
2026-05-06,600589,大位科技,44,11996.0,10jqka,intraday_1430,2026-05-06 14:49:28,2026-04-21,2,1,95.0,51.0,ok,2026-04-30,9.45,10.07,10.16,9.42,1637135.0,3.49,0.5,-6.41,0.878,1.39,1.17,-3.12,-5.07,-33.97,0.122,False,False,6.0,32.0,不推送,False,人气Top50；当日上涨；收盘承接较强；温和放量；人气排名明显上升,近5日趋势未确认；仍在20日线下方,不主动推送。,v2,强势,74.04,1.97,2.76,0,2026-05-06,common_index_cache,1.17,2.33,2.75,1.97,3.48,3.01,1.52,-9.17
2026-05-06,300750,宁德时代,45,11881.0,10jqka,intraday_1430,2026-05-06 14:49:28,2026-04-10,14,1,88.0,43.0,ok,2026-04-30,446.5,436.0,449.5,436.0,298121.0,-2.02,0.26,-0.66,0.0,0.82,-0.39,-0.17,3.68,-3.77,0.222,False,False,6.0,8.0,不推送,False,人气Top50；温和放量；站上20日线且不过热；人气排名明显上升,当日转弱；收盘承接偏弱；近5日趋势未确认,不主动推送。,v2,强势,74.04,1.97,2.76,0,2026-05-06,common_index_cache,1.17,2.33,2.75,1.97,3.48,3.01,-3.99,-3.42
2026-05-06,600759,ST洲际,46,11881.0,10jqka,intraday_1430,2026-05-06 14:49:28,2026-04-13,5,4,15.0,-31.0,ok,2026-04-30,4.67,4.67,4.67,4.67,67973.0,-5.08,-9.67,-8.97,1.0,0.02,-7.41,-8.79,-12.69,-48.62,,False,False,6.0,0.0,不推送,False,人气Top50；收在日内高位；连续上榜确认,当日转弱；量能不足；近5日趋势未确认；仍在20日线下方；人气排名明显回落,不主动推送。,v2,强势,74.04,1.97,2.76,0,2026-05-06,common_index_cache,1.17,2.33,2.75,1.97,3.48,3.01,-7.05,-11.73
2026-05-06,002407,多氟多,47,11705.0,10jqka,intraday_1430,2026-05-06 14:49:28,2026-04-14,8,6,33.0,-14.0,ok,2026-04-30,35.9,36.31,36.69,34.75,1825695.0,1.23,5.19,20.87,0.804,1.0,4.64,10.86,18.39,-1.04,0.196,False,False,6.0,56.0,不推送,False,人气Top50；收盘承接较强；温和放量；近5日趋势升温；站上20日线且不过热；持续霸榜,热度可能进入后段,不主动推送。,v2,强势,74.04,1.97,2.76,0,2026-05-06,common_index_cache,1.17,2.33,2.75,1.97,3.48,3.01,-0.74,18.11
2026-05-06,000890,法尔胜,48,6125.0,10jqka,intraday_1430,2026-05-06 14:30:00,2026-05-06,1,1,,,ok,2026-05-06,14.7,14.24,14.89,13.88,739967.0,-5.88,-10.44,-12.32,0.356,0.81,-10.45,-8.65,-4.49,-19.14,0.188,False,False,0.0,0.0,不推送,False,人气Top50；温和放量,当日转弱；收盘承接偏弱；近5日趋势未确认；强势市里个股相对走弱,不主动推送。,v2,强势,74.04,1.97,2.76,0,2026-05-06,common_index_cache,1.17,2.33,2.75,1.97,3.48,3.01,-7.85,-15.08
2026-05-06,600736,苏州高新,48,11493.0,10jqka,intraday_1430,2026-05-06 14:49:28,2026-04-21,9,9,94.0,46.0,ok,2026-04-30,8.15,8.15,8.65,8.13,1992196.0,-2.98,6.54,-2.63,0.038,0.99,0.57,7.24,19.45,-11.51,0.962,False,False,6.0,12.0,不推送,False,人气Top50；温和放量；站上20日线且不过热；持续霸榜；人气排名明显上升,当日转弱；收盘承接偏弱；近5日趋势未确认；热度可能进入后段,不主动推送。,v2,强势,74.04,1.97,2.76,0,2026-05-06,common_index_cache,1.17,2.33,2.75,1.97,3.48,3.01,-4.95,-5.39
2026-05-06,002131,利欧股份,49,11462.0,10jqka,intraday_1430,2026-05-06 14:49:28,2026-04-10,16,16,82.0,33.0,ok,2026-04-30,6.62,6.45,6.7,6.36,3847199.0,-1.83,-5.15,-17.94,0.265,0.79,-4.5,-12.71,-14.95,-37.5,0.235,False,False,6.0,0.0,不推送,False,人气Top50；持续霸榜；人气排名明显上升,当日转弱；收盘承接偏弱；近5日趋势未确认；仍在20日线下方；热度可能进入后段,不主动推送。,v2,强势,74.04,1.97,2.76,0,2026-05-06,common_index_cache,1.17,2.33,2.75,1.97,3.48,3.01,-3.8,-20.7
2026-05-06,002594,比亚迪,50,11358.0,10jqka,intraday_1430,2026-05-06 14:49:28,2026-04-10,13,4,89.0,39.0,ok,2026-04-30,104.54,102.98,105.45,102.37,600979.0,-2.3,0.63,3.0,0.198,1.05,0.63,0.81,1.03,-7.91,0.295,False,False,6.0,20.0,不推送,False,人气Top50；温和放量；站上20日线且不过热；连续上榜确认；人气排名明显上升,当日转弱；收盘承接偏弱,不主动推送。,v2,强势,74.04,1.97,2.76,0,2026-05-06,common_index_cache,1.17,2.33,2.75,1.97,3.48,3.01,-4.27,0.24
2026-05-06,000063,中兴通讯,51,11341.0,10jqka,intraday_1430,2026-05-06 14:49:28,2026-04-10,3,1,56.0,5.0,ok,2026-05-06,37.51,38.27,39.1,37.45,2100146.0,4.28,6.28,5.2,0.497,1.81,3.62,4.49,7.26,-6.06,0.503,False,False,0.0,30.0,不推送,False,当日上涨；放量仍可控；近5日趋势升温；站上20日线且不过热,上影线偏长,不主动推送。,v2,强势,74.04,1.97,2.76,0,2026-05-06,common_index_cache,1.17,2.33,2.75,1.97,3.48,3.01,2.31,2.44
2026-05-06,301217,铜冠铜箔,52,5898.0,10jqka,intraday_1430,2026-05-06 14:30:00,2026-05-06,1,1,,,ok,2026-05-06,78.55,88.55,92.5,75.3,705631.0,13.03,49.7,88.4,0.77,1.19,27.11,49.77,72.63,-4.27,0.23,True,False,0.0,30.0,观察池,False,当日涨停附近；收盘承接较强；温和放量；市场强势且个股相对强势,短线涨幅过热；远离20日线过多；涨停封板不可买,涨停封板不可买，放观察池跟踪,v2,强势,74.04,1.97,2.76,0,2026-05-06,common_index_cache,1.17,2.33,2.75,1.97,3.48,3.01,11.06,85.64
2026-05-06,002384,东山精密,52,11249.0,10jqka,intraday_1430,2026-05-06 14:49:28,2026-04-10,16,16,69.0,17.0,ok,2026-05-06,157.19,169.4,172.68,156.01,964689.0,7.9,-7.88,-9.85,0.803,1.05,-7.02,-5.8,7.1,-13.57,0.197,False,False,0.0,52.0,不推送,False,当日强涨；收盘承接较强；温和放量；站上20日线且不过热；持续霸榜；人气排名明显上升,近5日趋势未确认；热度可能进入后段,不主动推送。,v2,强势,74.04,1.97,2.76,0,2026-05-06,common_index_cache,1.17,2.33,2.75,1.97,3.48,3.01,5.93,-12.61
2026-05-06,600522,中天科技,53,11207.0,10jqka,intraday_1430,2026-05-06 14:49:28,2026-04-10,12,11,49.0,-4.0,ok,2026-05-06,34.29,35.78,36.53,34.23,3393558.0,7.74,2.23,7.74,0.674,1.41,2.84,5.41,13.04,-2.05,0.326,False,False,0.0,54.0,不推送,False,当日强涨；温和放量；近5日趋势升温；站上20日线且不过热；持续霸榜,热度可能进入后段,不主动推送。,v2,强势,74.04,1.97,2.76,0,2026-05-06,common_index_cache,1.17,2.33,2.75,1.97,3.48,3.01,5.77,4.98
2026-05-06,300136,信维通信,54,11117.0,10jqka,intraday_1430,2026-05-06 14:49:28,2026-04-15,8,2,50.0,-4.0,ok,2026-05-06,81.18,88.46,91.0,81.18,1391488.0,8.81,1.11,8.81,0.741,1.14,0.24,5.27,17.8,-3.83,0.259,False,False,0.0,58.0,不推送,False,当日强涨；温和放量；近5日趋势升温；站上20日线且不过热；连续上榜确认,-,不主动推送。,v2,强势,74.04,1.97,2.76,0,2026-05-06,common_index_cache,1.17,2.33,2.75,1.97,3.48,3.01,6.84,6.05
2026-05-06,688235,百济神州,55,5553.0,10jqka,intraday_1430,2026-05-06 14:30:00,2026-05-06,1,1,,,ok,2026-05-06,234.07,246.86,246.97,231.02,5140551.0,5.14,5.94,5.11,0.993,2.12,4.07,3.65,2.17,-15.46,0.007,False,False,0.0,56.0,不推送,False,当日上涨；收在日内高位；放量仍可控；近5日趋势升温；站上20日线且不过热；市场强势且个股相对强势,-,不主动推送。,v2,强势,74.04,1.97,2.76,0,2026-05-06,common_index_cache,1.17,2.33,2.75,1.97,3.48,3.01,3.17,2.35
2026-05-06,002050,三花智控,55,11060.0,10jqka,intraday_1430,2026-05-06 14:49:28,2026-04-15,6,3,45.0,-10.0,ok,2026-04-30,44.69,46.92,47.37,44.58,1644680.0,4.69,2.2,3.9,0.839,1.88,3.46,2.99,4.75,-14.72,0.161,False,False,6.0,42.0,不推送,False,当日上涨；收盘承接较强；放量仍可控；站上20日线且不过热；连续上榜确认,-,不主动推送。,v2,强势,74.04,1.97,2.76,0,2026-05-06,common_index_cache,1.17,2.33,2.75,1.97,3.48,3.01,2.72,1.14
2026-05-06,688981,中芯国际,56,10945.0,10jqka,intraday_1430,2026-05-06 14:49:28,2026-04-24,3,2,81.0,25.0,ok,2026-04-30,113.31,118.73,119.88,113.3,101838285.0,5.57,1.84,12.03,0.825,1.47,3.65,7.23,13.08,-7.95,0.175,False,False,6.0,64.0,普通观察,True,当日上涨；收盘承接较强；温和放量；近5日趋势升温；站上20日线且不过热；连续上榜确认；人气排名明显上升,-,保留在样本池，继续看次日人气和承接。,v2,强势,74.04,1.97,2.76,0,2026-05-06,common_index_cache,1.17,2.33,2.75,1.97,3.48,3.01,3.6,9.27
2026-05-06,002428,云南锗业,57,10896.0,10jqka,intraday_1430,2026-05-06 14:49:28,2026-04-14,10,2,75.0,18.0,ok,2026-05-06,60.53,62.0,62.0,59.07,1005293.0,10.01,-11.02,-19.61,1.0,0.97,-9.81,-12.62,-2.38,-25.08,0.0,True,False,0.0,60.0,普通观察,True,当日涨停附近；收在日内高位；温和放量；连续上榜确认；人气排名明显上升,近5日趋势未确认,保留在样本池，继续看次日人气和承接。,v2,强势,74.04,1.97,2.76,0,2026-05-06,common_index_cache,1.17,2.33,2.75,1.97,3.48,3.01,8.04,-22.37
2026-05-06,600118,中国卫星,58,10882.0,10jqka,intraday_1430,2026-05-06 14:49:28,2026-04-20,8,2,56.0,-2.0,ok,2026-05-06,94.0,99.5,103.12,93.07,757763.0,3.32,2.59,3.32,0.64,1.16,0.16,0.78,10.49,-5.24,0.36,False,False,0.0,38.0,不推送,False,当日上涨；温和放量；站上20日线且不过热；连续上榜确认,-,不主动推送。,v2,强势,74.04,1.97,2.76,0,2026-05-06,common_index_cache,1.17,2.33,2.75,1.97,3.48,3.01,1.35,0.56
2026-05-06,300475,香农芯创,59,10773.0,10jqka,intraday_1430,2026-05-06 14:49:28,2026-04-24,3,1,76.0,17.0,ok,2026-04-30,173.76,174.7,178.78,170.41,392180.0,0.23,2.17,11.71,0.513,0.76,2.33,5.49,12.88,-2.92,0.487,False,False,6.0,18.0,不推送,False,近5日趋势升温；站上20日线且不过热；人气排名明显上升,上影线偏长,不主动推送。,v2,强势,74.04,1.97,2.76,0,2026-05-06,common_index_cache,1.17,2.33,2.75,1.97,3.48,3.01,-1.74,8.95
2026-05-06,601899,紫金矿业,60,10764.0,10jqka,intraday_1430,2026-05-06 14:49:28,2026-04-10,16,16,65.0,5.0,ok,2026-04-30,33.7,33.3,34.02,33.08,2403899.0,-2.46,-0.77,-3.2,0.234,0.89,-1.05,-3.03,-2.46,-25.9,0.34,False,False,6.0,0.0,不推送,False,温和放量；持续霸榜,当日转弱；收盘承接偏弱；近5日趋势未确认；热度可能进入后段,不主动推送。,v2,强势,74.04,1.97,2.76,0,2026-05-06,common_index_cache,1.17,2.33,2.75,1.97,3.48,3.01,-4.43,-5.96
2026-05-06,002245,蔚蓝锂芯,61,5179.0,10jqka,intraday_1430,2026-05-06 14:30:00,2026-05-06,1,1,,,ok,2026-05-06,20.98,22.73,22.73,20.97,1156303.0,10.02,9.49,8.5,1.0,2.0,7.35,9.04,14.62,0.0,0.0,True,False,0.0,70.0,观察池,False,当日涨停附近；收在日内高位；放量仍可控；近5日趋势升温；站上20日线且不过热；市场强势且个股相对强势,涨停封板不可买,涨停封板不可买，放观察池跟踪,v2,强势,74.04,1.97,2.76,0,2026-05-06,common_index_cache,1.17,2.33,2.75,1.97,3.48,3.01,8.05,5.74
2026-05-06,002281,光迅科技,61,10660.0,10jqka,intraday_1430,2026-05-06 14:49:28,2026-04-10,11,2,18.0,-43.0,ok,2026-04-30,135.52,144.28,146.16,135.01,802115.0,8.59,7.26,9.57,0.831,1.02,6.5,11.7,24.89,-1.29,0.169,False,False,6.0,64.0,普通观察,True,当日强涨；收盘承接较强；温和放量；近5日趋势升温；站上20日线且不过热；连续上榜确认,人气排名明显回落,保留在样本池，继续看次日人气和承接。,v2,强势,74.04,1.97,2.76,0,2026-05-06,common_index_cache,1.17,2.33,2.75,1.97,3.48,3.01,6.62,6.81
2026-05-06,002364,中恒电气,62,5144.0,10jqka,intraday_1430,2026-05-06 14:30:00,2026-05-06,1,1,,,ok,2026-05-06,41.23,44.87,44.87,40.71,726869.0,10.0,12.18,7.63,1.0,1.37,8.61,5.98,14.68,-1.28,0.0,True,False,0.0,76.0,观察池,False,当日涨停附近；收在日内高位；温和放量；近5日趋势升温；站上20日线且不过热；市场强势且个股相对强势,涨停封板不可买,涨停封板不可买，放观察池跟踪,v2,强势,74.04,1.97,2.76,0,2026-05-06,common_index_cache,1.17,2.33,2.75,1.97,3.48,3.01,8.03,4.87
2026-05-06,600396,华电辽能,62,10609.0,10jqka,intraday_1430,2026-05-06 14:49:28,2026-04-10,16,16,22.0,-40.0,ok,2026-05-06,8.52,10.12,10.12,8.51,2815152.0,10.0,-6.3,10.0,1.0,0.79,-1.54,6.66,19.94,-10.44,0.0,True,False,0.0,58.0,不推送,False,当日涨停附近；收在日内高位；近5日趋势升温；站上20日线且不过热；持续霸榜,热度可能进入后段；人气排名明显回落,不主动推送。,v2,强势,74.04,1.97,2.76,0,2026-05-06,common_index_cache,1.17,2.33,2.75,1.97,3.48,3.01,8.03,7.24
2026-05-06,600726,华电能源,63,5131.0,10jqka,intraday_1430,2026-05-06 14:30:00,2026-05-06,1,1,,,ok,2026-05-06,7.72,7.53,7.96,7.1,3382666.0,-3.46,7.26,29.83,0.5,0.65,8.75,26.11,39.56,-5.4,0.279,False,False,0.0,0.0,不推送,False,近5日强势延续；市场强势且个股相对强势,当日转弱；短线涨幅偏高；偏离20日线较大,不主动推送。,v2,强势,74.04,1.97,2.76,0,2026-05-06,common_index_cache,1.17,2.33,2.75,1.97,3.48,3.01,-5.43,27.07
2026-05-06,300058,蓝色光标,63,10571.0,10jqka,intraday_1430,2026-05-06 14:49:28,2026-04-10,13,1,38.0,-25.0,ok,2026-04-30,17.22,17.12,17.58,17.02,2882464.0,-1.55,-0.87,-9.89,0.179,0.57,-0.31,-5.12,1.26,-29.92,0.643,False,False,6.0,0.0,不推送,False,站上20日线且不过热,当日转弱；收盘承接偏弱；近5日趋势未确认；人气排名明显回落,不主动推送。,v2,强势,74.04,1.97,2.76,0,2026-05-06,common_index_cache,1.17,2.33,2.75,1.97,3.48,3.01,-3.52,-12.65
2026-05-06,301666,大普微,64,10430.0,10jqka,intraday_1430,2026-05-06 14:49:28,2026-04-16,2,1,5.0,-59.0,ok,2026-04-30,285.0,318.0,338.5,282.0,92276.0,7.43,32.66,43.25,0.637,0.96,18.57,28.64,28.77,-6.06,0.363,False,False,6.0,29.0,不推送,False,当日强涨；温和放量；近5日强势延续,短线涨幅偏高；偏离20日线较大；人气排名明显回落,不主动推送。,v2,强势,74.04,1.97,2.76,0,2026-05-06,common_index_cache,1.17,2.33,2.75,1.97,3.48,3.01,5.46,40.49
2026-05-06,300857,协创数据,65,10329.0,10jqka,intraday_1430,2026-05-06 14:49:28,2026-04-10,6,1,26.0,-39.0,ok,2026-04-30,267.55,259.7,270.0,258.79,290565.0,-4.44,0.66,1.01,0.081,0.82,-1.23,4.06,24.49,-7.24,0.219,False,False,6.0,0.0,不推送,False,温和放量；站上20日线且不过热,当日转弱；收盘承接偏弱；人气排名明显回落,不主动推送。,v2,强势,74.04,1.97,2.76,0,2026-05-06,common_index_cache,1.17,2.33,2.75,1.97,3.48,3.01,-6.41,-1.75
2026-05-06,300166,东方国信,66,10306.0,10jqka,intraday_1430,2026-05-06 14:49:28,2026-05-06,1,1,,,ok,2026-04-30,15.41,15.44,16.13,14.7,1563901.0,-0.13,-3.26,-4.87,0.517,1.08,-2.03,-3.73,-3.62,-13.5,0.483,False,False,6.0,0.0,不推送,False,温和放量,当日转弱；近5日趋势未确认,不主动推送。,v2,强势,74.04,1.97,2.76,0,2026-05-06,common_index_cache,1.17,2.33,2.75,1.97,3.48,3.01,-2.1,-7.63
2026-05-06,001287,中电港,67,10293.0,10jqka,intraday_1430,2026-05-06 14:49:28,2026-05-06,1,1,,,ok,2026-04-30,25.7,26.46,27.07,25.45,345993.0,3.28,-4.23,-1.27,0.623,1.04,-0.63,-1.88,1.01,-6.5,0.377,False,False,6.0,26.0,不推送,False,当日上涨；温和放量；站上20日线且不过热,近5日趋势未确认,不主动推送。,v2,强势,74.04,1.97,2.76,0,2026-05-06,common_index_cache,1.17,2.33,2.75,1.97,3.48,3.01,1.31,-4.03
2026-05-06,300308,中际旭创,68,10222.0,10jqka,intraday_1430,2026-05-06 14:49:28,2026-04-10,15,2,71.0,3.0,ok,2026-04-30,863.66,857.5,874.65,845.0,212710.0,1.36,0.17,-4.4,0.422,0.68,0.42,-0.5,9.67,-6.79,0.371,False,False,6.0,0.0,不推送,False,站上20日线且不过热；连续上榜确认,收盘承接偏弱；近5日趋势未确认,不主动推送。,v2,强势,74.04,1.97,2.76,0,2026-05-06,common_index_cache,1.17,2.33,2.75,1.97,3.48,3.01,-0.61,-7.16
2026-05-06,000925,众合科技,69,4961.0,10jqka,intraday_1430,2026-05-06 14:30:00,2026-05-06,1,1,,,ok,2026-05-06,9.48,10.0,10.08,9.23,2151132.0,8.81,2.46,8.7,0.906,1.54,2.4,12.47,24.7,-6.89,0.094,False,False,0.0,70.0,普通观察,True,当日强涨；收在日内高位；温和放量；近5日趋势升温；站上20日线且不过热；市场强势且个股相对强势,-,保留在样本池，继续看次日人气和承接。,v2,强势,74.04,1.97,2.76,0,2026-05-06,common_index_cache,1.17,2.33,2.75,1.97,3.48,3.01,6.84,5.94
2026-05-06,600821,金开新能,69,10182.0,10jqka,intraday_1430,2026-05-06 14:49:28,2026-04-15,12,3,55.0,-14.0,ok,2026-04-30,8.35,7.8,8.47,7.8,2647864.0,-10.03,-8.98,-18.58,0.0,1.03,-7.71,-11.83,-9.02,-36.07,0.179,False,False,6.0,0.0,不推送,False,温和放量；连续上榜确认,当日转弱；收盘承接偏弱；近5日趋势未确认；仍在20日线下方,不主动推送。,v2,强势,74.04,1.97,2.76,0,2026-05-06,common_index_cache,1.17,2.33,2.75,1.97,3.48,3.01,-12.0,-21.34
2026-05-06,300042,朗科科技,70,4950.0,10jqka,intraday_1430,2026-05-06 14:30:00,2026-05-06,1,1,,,ok,2026-05-06,56.63,62.72,62.72,56.6,463247.0,19.99,20.75,35.17,1.0,1.49,16.74,23.19,27.58,0.0,0.0,True,False,0.0,69.0,观察池,False,当日涨停附近；收在日内高位；温和放量；近5日强势延续；站上20日线且不过热；市场强势且个股相对强势,短线涨幅偏高；涨停封板不可买,涨停封板不可买，放观察池跟踪,v2,强势,74.04,1.97,2.76,0,2026-05-06,common_index_cache,1.17,2.33,2.75,1.97,3.48,3.01,18.02,32.41
2026-05-06,002044,美年健康,70,10162.0,10jqka,intraday_1430,2026-05-06 14:49:28,2026-05-06,1,1,,,ok,2026-04-30,5.58,5.43,5.68,5.17,4074436.0,3.23,4.62,3.23,0.51,5.09,3.47,2.84,1.53,-28.93,0.196,False,False,6.0,4.0,不推送,False,当日上涨；站上20日线且不过热,放量过猛,不主动推送。,v2,强势,74.04,1.97,2.76,0,2026-05-06,common_index_cache,1.17,2.33,2.75,1.97,3.48,3.01,1.26,0.47
2026-05-06,000338,潍柴动力,71,10099.0,10jqka,intraday_1430,2026-05-06 14:49:28,2026-04-29,2,1,96.0,25.0,ok,2026-04-30,30.9,31.2,32.66,30.81,1696339.0,3.48,5.19,5.8,0.211,1.41,3.53,8.36,13.93,-4.47,0.789,False,False,6.0,28.0,不推送,False,当日上涨；温和放量；近5日趋势升温；站上20日线且不过热；人气排名明显上升,收盘承接偏弱；上影线偏长,不主动推送。,v2,强势,74.04,1.97,2.76,0,2026-05-06,common_index_cache,1.17,2.33,2.75,1.97,3.48,3.01,1.51,3.04
2026-05-06,000620,盈新发展,72,4869.0,10jqka,intraday_1430,2026-05-06 14:30:00,2026-05-06,1,1,,,ok,2026-05-06,3.08,3.08,3.08,3.08,1645870.0,10.0,13.24,13.24,1.0,1.37,8.91,9.88,9.18,-24.69,0.0,True,True,0.0,70.0,观察池,False,当日涨停附近；收在日内高位；温和放量；近5日趋势升温；站上20日线且不过热；市场强势且个股相对强势,一字或近似一字，参与点差；一字板不可买,一字板不可买，放观察池跟踪,v2,强势,74.04,1.97,2.76,0,2026-05-06,common_index_cache,1.17,2.33,2.75,1.97,3.48,3.01,8.03,10.48
2026-05-06,002261,拓维信息,72,10098.0,10jqka,intraday_1430,2026-05-06 14:49:28,2026-04-15,8,1,32.0,-40.0,ok,2026-04-30,34.97,35.44,35.79,34.7,926431.0,1.52,-7.47,-7.27,0.679,0.56,-3.25,-4.55,-2.37,-19.56,0.321,False,False,6.0,0.0,不推送,False,-,近5日趋势未确认；人气排名明显回落,不主动推送。,v2,强势,74.04,1.97,2.76,0,2026-05-06,common_index_cache,1.17,2.33,2.75,1.97,3.48,3.01,-0.45,-10.03
2026-05-06,002466,天齐锂业,73,10033.0,10jqka,intraday_1430,2026-05-06 14:49:28,2026-04-13,8,3,17.0,-56.0,ok,2026-04-30,75.0,80.03,81.19,74.49,1306785.0,5.97,8.66,17.74,0.827,1.27,6.58,11.41,21.63,-1.43,0.173,False,False,6.0,56.0,不推送,False,当日上涨；收盘承接较强；温和放量；近5日趋势升温；站上20日线且不过热；连续上榜确认,人气排名明显回落,不主动推送。,v2,强势,74.04,1.97,2.76,0,2026-05-06,common_index_cache,1.17,2.33,2.75,1.97,3.48,3.01,4.0,14.98
2026-05-06,000657,中钨高新,74,4841.0,10jqka,intraday_1430,2026-05-06 14:30:00,2026-05-06,1,1,,,ok,2026-05-06,58.47,61.99,62.83,55.68,1433116.0,6.53,18.98,12.34,0.883,1.64,9.36,8.82,16.45,-13.3,0.117,False,False,0.0,56.0,不推送,False,当日上涨；收盘承接较强；温和放量；近5日趋势升温；站上20日线且不过热；市场强势且个股相对强势,-,不主动推送。,v2,强势,74.04,1.97,2.76,0,2026-05-06,common_index_cache,1.17,2.33,2.75,1.97,3.48,3.01,4.56,9.58
2026-05-06,603778,国晟科技,74,9782.0,10jqka,intraday_1430,2026-05-06 14:49:28,2026-04-10,16,16,73.0,-1.0,ok,2026-04-30,26.6,26.6,27.3,26.31,558408.0,-2.81,0.91,0.23,0.293,0.77,0.66,0.49,-6.06,-22.38,0.707,False,False,6.0,0.0,不推送,False,持续霸榜,当日转弱；收盘承接偏弱；仍在20日线下方；热度可能进入后段,不主动推送。,v2,强势,74.04,1.97,2.76,0,2026-05-06,common_index_cache,1.17,2.33,2.75,1.97,3.48,3.01,-4.78,-2.53
2026-05-06,002805,丰元股份,75,9697.0,10jqka,intraday_1430,2026-05-06 14:49:28,2026-05-06,1,1,,,ok,2026-04-30,22.68,22.85,22.85,22.22,130426.0,10.01,24.46,27.87,1.0,0.62,15.3,20.73,26.09,0.0,0.0,True,False,6.0,57.0,不推送,False,当日涨停附近；收在日内高位；近5日强势延续；站上20日线且不过热；v2低分涨停修正,短线涨幅偏高,不主动推送。,v2,强势,74.04,1.97,2.76,0,2026-05-06,common_index_cache,1.17,2.33,2.75,1.97,3.48,3.01,8.04,25.11
2026-05-06,001330,博纳影业,76,9588.0,10jqka,intraday_1430,2026-05-06 14:49:28,2026-04-17,6,1,70.0,-6.0,ok,2026-04-30,8.15,8.27,8.38,7.92,1309994.0,2.73,1.22,-2.01,0.761,1.05,2.76,0.47,7.69,-39.72,0.239,False,False,6.0,28.0,不推送,False,收盘承接较强；温和放量；站上20日线且不过热,近5日趋势未确认,不主动推送。,v2,强势,74.04,1.97,2.76,0,2026-05-06,common_index_cache,1.17,2.33,2.75,1.97,3.48,3.01,0.76,-4.77
2026-05-06,002210,飞马国际,77,4771.0,10jqka,intraday_1430,2026-05-06 14:30:00,2026-05-06,1,1,,,ok,2026-05-06,3.01,3.28,3.28,3.01,4009801.0,10.07,8.97,31.73,1.0,2.24,7.05,16.85,22.05,-2.96,0.0,True,False,0.0,69.0,观察池,False,当日涨停附近；收在日内高位；放量仍可控；近5日强势延续；站上20日线且不过热；市场强势且个股相对强势；v2低分涨停修正,短线涨幅偏高；涨停封板不可买,涨停封板不可买，放观察池跟踪,v2,强势,74.04,1.97,2.76,0,2026-05-06,common_index_cache,1.17,2.33,2.75,1.97,3.48,3.01,8.1,28.97
2026-05-06,600089,特变电工,77,9554.0,10jqka,intraday_1430,2026-05-06 14:49:28,2026-04-10,11,1,43.0,-34.0,ok,2026-04-30,27.22,26.82,27.22,26.75,1192612.0,-1.58,1.13,-3.11,0.149,0.82,-0.22,-1.51,-0.79,-19.41,0.0,False,False,6.0,0.0,不推送,False,温和放量,当日转弱；收盘承接偏弱；近5日趋势未确认；人气排名明显回落,不主动推送。,v2,强势,74.04,1.97,2.76,0,2026-05-06,common_index_cache,1.17,2.33,2.75,1.97,3.48,3.01,-3.55,-5.87
2026-05-06,600527,江南高纤,78,4757.0,10jqka,intraday_1430,2026-05-06 14:30:00,2026-05-06,1,1,,,ok,2026-05-06,3.01,3.25,3.25,2.97,1265196.0,10.17,18.18,18.18,1.0,0.71,11.61,16.78,20.35,0.0,0.0,True,False,0.0,68.0,观察池,False,当日涨停附近；收在日内高位；近5日趋势升温；站上20日线且不过热；市场强势且个股相对强势；v2低分涨停修正,涨停封板不可买,涨停封板不可买，放观察池跟踪,v2,强势,74.04,1.97,2.76,0,2026-05-06,common_index_cache,1.17,2.33,2.75,1.97,3.48,3.01,8.2,15.42
2026-05-06,600839,四川长虹,78,9410.0,10jqka,intraday_1430,2026-05-06 14:49:28,2026-04-15,3,1,97.0,19.0,ok,2026-04-30,8.68,8.74,8.85,8.64,744804.0,0.81,-1.58,-5.82,0.476,0.69,-1.33,-4.32,-2.42,-16.44,0.524,False,False,6.0,0.0,不推送,False,人气排名明显上升,近5日趋势未确认；上影线偏长,不主动推送。,v2,强势,74.04,1.97,2.76,0,2026-05-06,common_index_cache,1.17,2.33,2.75,1.97,3.48,3.01,-1.16,-8.58
2026-05-06,601888,中国中免,79,9297.0,10jqka,intraday_1430,2026-05-06 14:49:28,2026-04-29,2,1,31.0,-48.0,ok,2026-04-30,66.99,65.62,67.0,65.0,339125.0,-0.5,0.0,-1.0,0.31,1.67,0.28,-0.85,-2.82,-33.53,0.005,False,False,6.0,0.0,不推送,False,温和放量,当日转弱；收盘承接偏弱；近5日趋势未确认；人气排名明显回落,不主动推送。,v2,强势,74.04,1.97,2.76,0,2026-05-06,common_index_cache,1.17,2.33,2.75,1.97,3.48,3.01,-2.47,-3.76
2026-05-06,600666,奥瑞德,80,9293.0,10jqka,intraday_1430,2026-05-06 14:49:28,2026-04-10,13,1,76.0,-4.0,ok,2026-04-30,5.58,5.24,5.63,5.2,3074345.0,-5.59,-9.81,-20.12,0.093,0.86,-6.86,-16.16,-16.69,-30.78,0.116,False,False,6.0,0.0,不推送,False,温和放量,当日转弱；收盘承接偏弱；近5日趋势未确认；仍在20日线下方,不主动推送。,v2,强势,74.04,1.97,2.76,0,2026-05-06,common_index_cache,1.17,2.33,2.75,1.97,3.48,3.01,-7.56,-22.88
2026-05-06,001896,豫能控股,81,4605.0,10jqka,intraday_1430,2026-05-06 14:30:00,2026-05-06,1,1,,,ok,2026-05-06,15.02,16.4,16.66,15.02,1673372.0,7.61,4.26,-2.09,0.841,0.99,1.62,-2.84,4.7,-13.0,0.159,False,False,0.0,48.0,不推送,False,当日强涨；收盘承接较强；温和放量；站上20日线且不过热；市场强势且个股相对强势,近5日趋势未确认,不主动推送。,v2,强势,74.04,1.97,2.76,0,2026-05-06,common_index_cache,1.17,2.33,2.75,1.97,3.48,3.01,5.64,-4.85
2026-05-06,600519,贵州茅台,81,9252.0,10jqka,intraday_1430,2026-05-06 14:49:28,2026-04-10,7,2,72.0,-9.0,ok,2026-04-30,1400.0,1384.79,1401.17,1380.0,52753.0,-1.17,-1.31,-2.41,0.226,1.12,-1.82,-1.87,-3.4,-11.68,0.055,False,False,6.0,0.0,不推送,False,温和放量；连续上榜确认,当日转弱；收盘承接偏弱；近5日趋势未确认,不主动推送。,v2,强势,74.04,1.97,2.76,0,2026-05-06,common_index_cache,1.17,2.33,2.75,1.97,3.48,3.01,-3.14,-5.17
2026-05-06,002565,顺灏股份,82,4566.0,10jqka,intraday_1430,2026-05-06 14:30:00,2026-05-06,1,1,,,ok,2026-05-06,19.4,20.93,21.3,19.22,1973130.0,5.39,11.03,5.71,0.822,1.0,9.14,4.64,13.01,-8.96,0.178,False,False,0.0,56.0,不推送,False,当日上涨；收盘承接较强；温和放量；近5日趋势升温；站上20日线且不过热；市场强势且个股相对强势,-,不主动推送。,v2,强势,74.04,1.97,2.76,0,2026-05-06,common_index_cache,1.17,2.33,2.75,1.97,3.48,3.01,3.42,2.95
2026-05-06,600176,中国巨石,82,9232.0,10jqka,intraday_1430,2026-05-06 14:49:28,2026-04-13,5,2,53.0,-29.0,ok,2026-04-30,35.65,34.5,35.67,32.7,1867694.0,-3.36,3.17,2.92,0.606,1.25,0.79,3.33,10.4,-4.85,0.007,False,False,6.0,16.0,不推送,False,温和放量；站上20日线且不过热；连续上榜确认,当日转弱；人气排名明显回落,不主动推送。,v2,强势,74.04,1.97,2.76,0,2026-05-06,common_index_cache,1.17,2.33,2.75,1.97,3.48,3.01,-5.33,0.16
2026-05-06,600379,宝光股份,83,9167.0,10jqka,intraday_1430,2026-05-06 14:49:28,2026-04-29,3,3,41.0,-42.0,ok,2026-04-30,16.5,16.78,16.78,16.48,438344.0,10.03,33.17,37.32,1.0,1.37,17.52,28.39,33.64,0.0,0.0,True,False,6.0,59.0,不推送,False,当日涨停附近；收在日内高位；温和放量；近5日强势延续；连续上榜确认,短线涨幅偏高；偏离20日线较大；人气排名明显回落,不主动推送。,v2,强势,74.04,1.97,2.76,0,2026-05-06,common_index_cache,1.17,2.33,2.75,1.97,3.48,3.01,8.06,34.56
2026-05-06,002759,天际股份,84,4534.0,10jqka,intraday_1430,2026-05-06 14:30:00,2026-05-06,1,1,,,ok,2026-05-06,38.61,41.31,41.9,38.5,1064844.0,8.45,21.5,23.65,0.826,1.68,12.37,17.37,16.54,-7.95,0.174,False,False,0.0,64.0,普通观察,True,当日强涨；收盘承接较强；温和放量；近5日趋势升温；站上20日线且不过热；市场强势且个股相对强势,-,保留在样本池，继续看次日人气和承接。,v2,强势,74.04,1.97,2.76,0,2026-05-06,common_index_cache,1.17,2.33,2.75,1.97,3.48,3.01,6.48,20.89
2026-05-06,600770,综艺股份,84,9085.0,10jqka,intraday_1430,2026-05-06 14:49:28,2026-04-24,6,6,80.0,-4.0,ok,2026-04-30,7.89,7.62,8.07,7.41,2094109.0,-3.42,9.48,20.19,0.318,1.17,2.7,14.64,24.47,-9.18,0.273,False,False,6.0,16.0,不推送,False,温和放量；近5日趋势升温；站上20日线且不过热；持续霸榜,当日转弱；收盘承接偏弱；热度可能进入后段,不主动推送。,v2,强势,74.04,1.97,2.76,0,2026-05-06,common_index_cache,1.17,2.33,2.75,1.97,3.48,3.01,-5.39,17.43
2026-05-06,600206,有研新材,85,8933.0,10jqka,intraday_1430,2026-05-06 14:49:28,2026-04-20,4,1,34.0,-51.0,ok,2026-04-30,26.65,27.37,27.58,26.65,881294.0,2.01,2.51,5.47,0.774,0.97,2.01,4.99,15.1,-1.37,0.226,False,False,6.0,40.0,不推送,False,收盘承接较强；温和放量；近5日趋势升温；站上20日线且不过热,人气排名明显回落,不主动推送。,v2,强势,74.04,1.97,2.76,0,2026-05-06,common_index_cache,1.17,2.33,2.75,1.97,3.48,3.01,0.04,2.71
2026-05-06,002176,江特电机,86,8904.0,10jqka,intraday_1430,2026-05-06 14:49:28,2026-04-24,6,6,48.0,-38.0,ok,2026-04-30,16.27,16.05,16.97,15.85,3417345.0,-0.25,10.77,29.64,0.179,1.27,7.17,20.04,33.42,-5.42,0.625,False,False,6.0,0.0,不推送,False,温和放量；近5日强势延续；持续霸榜,当日转弱；收盘承接偏弱；短线涨幅偏高；偏离20日线较大；热度可能进入后段；人气排名明显回落,不主动推送。,v2,强势,74.04,1.97,2.76,0,2026-05-06,common_index_cache,1.17,2.33,2.75,1.97,3.48,3.01,-2.22,26.88
2026-05-06,301599,理奇智能,87,8896.0,10jqka,intraday_1430,2026-05-06 14:49:28,2026-04-30,2,2,6.0,-81.0,ok,2026-04-30,48.0,62.4,62.4,47.5,422508.0,,,,1.0,,0.0,0.0,0.0,0.0,0.0,False,False,6.0,28.0,不推送,False,收在日内高位；站上20日线且不过热；连续上榜确认,人气排名明显回落,不主动推送。,v2,强势,74.04,1.97,2.76,0,2026-05-06,common_index_cache,1.17,2.33,2.75,1.97,3.48,3.01,,
2026-05-06,600410,华胜天成,88,8847.0,10jqka,intraday_1430,2026-05-06 14:49:28,2026-04-10,15,1,94.0,6.0,ok,2026-04-30,22.31,21.92,22.75,21.68,1126137.0,-2.62,-15.69,-20.35,0.224,0.78,-9.44,-16.69,-17.32,-36.11,0.411,False,False,6.0,0.0,不推送,False,-,当日转弱；收盘承接偏弱；近5日趋势未确认；仍在20日线下方,不主动推送。,v2,强势,74.04,1.97,2.76,0,2026-05-06,common_index_cache,1.17,2.33,2.75,1.97,3.48,3.01,-4.59,-23.11
2026-05-06,300442,润泽科技,89,8717.0,10jqka,intraday_1430,2026-05-06 14:49:28,2026-04-16,2,1,81.0,-8.0,ok,2026-04-30,89.98,89.06,91.0,87.05,389058.0,-1.53,-1.18,-7.1,0.509,0.73,-1.24,-3.17,-0.39,-16.24,0.258,False,False,6.0,0.0,不推送,False,-,当日转弱；近5日趋势未确认,不主动推送。,v2,强势,74.04,1.97,2.76,0,2026-05-06,common_index_cache,1.17,2.33,2.75,1.97,3.48,3.01,-3.5,-9.86
2026-05-06,000818,航锦科技,90,8637.0,10jqka,intraday_1430,2026-05-06 14:49:28,2026-05-06,1,1,,,ok,2026-04-30,16.0,15.32,16.41,15.3,754696.0,-0.65,8.73,4.57,0.018,1.74,4.35,4.27,-0.69,-40.85,0.369,False,False,6.0,0.0,不推送,False,温和放量,当日转弱；收盘承接偏弱,不主动推送。,v2,强势,74.04,1.97,2.76,0,2026-05-06,common_index_cache,1.17,2.33,2.75,1.97,3.48,3.01,-2.62,1.81
2026-05-06,002475,立讯精密,91,8533.0,10jqka,intraday_1430,2026-05-06 14:49:28,2026-04-10,16,16,46.0,-45.0,ok,2026-05-06,67.98,71.97,72.6,67.5,3273500.0,9.05,2.99,9.05,0.876,1.4,2.97,5.41,15.88,-0.87,0.124,False,False,0.0,60.0,普通观察,True,当日强涨；收盘承接较强；温和放量；近5日趋势升温；站上20日线且不过热；持续霸榜,热度可能进入后段；人气排名明显回落,保留在样本池，继续看次日人气和承接。,v2,强势,74.04,1.97,2.76,0,2026-05-06,common_index_cache,1.17,2.33,2.75,1.97,3.48,3.01,7.08,6.29
2026-05-06,002812,恩捷股份,92,8451.0,10jqka,intraday_1430,2026-05-06 14:49:28,2026-04-14,6,1,87.0,-5.0,ok,2026-04-30,84.0,82.95,85.66,82.01,469539.0,-1.8,2.6,18.23,0.258,0.74,2.67,7.93,14.28,-3.42,0.455,False,False,6.0,0.0,不推送,False,近5日趋势升温；站上20日线且不过热,当日转弱；收盘承接偏弱,不主动推送。,v2,强势,74.04,1.97,2.76,0,2026-05-06,common_index_cache,1.17,2.33,2.75,1.97,3.48,3.01,-3.77,15.47
2026-05-06,600330,天通股份,93,8426.0,10jqka,intraday_1430,2026-05-06 14:49:28,2026-04-10,9,2,27.0,-66.0,ok,2026-04-30,25.79,27.89,28.23,25.78,2914319.0,8.69,1.71,8.95,0.861,1.2,4.63,9.85,26.75,-2.07,0.139,False,False,6.0,64.0,普通观察,True,当日强涨；收盘承接较强；温和放量；近5日趋势升温；站上20日线且不过热；连续上榜确认,人气排名明显回落,保留在样本池，继续看次日人气和承接。,v2,强势,74.04,1.97,2.76,0,2026-05-06,common_index_cache,1.17,2.33,2.75,1.97,3.48,3.01,6.72,6.19
2026-05-06,000977,浪潮信息,94,8410.0,10jqka,intraday_1430,2026-05-06 14:49:28,2026-04-10,5,1,76.0,-18.0,ok,2026-04-30,69.5,69.75,70.5,66.15,1199911.0,-3.5,-4.66,-5.53,0.828,1.76,-3.36,-3.34,2.32,-8.21,0.172,False,False,6.0,18.0,不推送,False,收盘承接较强；温和放量；站上20日线且不过热,当日转弱；近5日趋势未确认,不主动推送。,v2,强势,74.04,1.97,2.76,0,2026-05-06,common_index_cache,1.17,2.33,2.75,1.97,3.48,3.01,-5.47,-8.29
2026-05-06,300769,德方纳米,95,8380.0,10jqka,intraday_1430,2026-05-06 14:49:28,2026-04-29,3,3,85.0,-10.0,ok,2026-04-30,69.94,71.95,74.98,69.94,807797.0,12.92,37.47,44.3,0.399,2.64,23.4,34.37,47.46,-4.04,0.601,True,False,6.0,5.0,不推送,False,当日涨停附近；近5日强势延续；连续上榜确认,收盘承接偏弱；短线涨幅偏高；远离20日线过多；上影线偏长,不主动推送。,v2,强势,74.04,1.97,2.76,0,2026-05-06,common_index_cache,1.17,2.33,2.75,1.97,3.48,3.01,10.95,41.54
2026-05-06,002309,中利集团,96,8343.0,10jqka,intraday_1430,2026-05-06 14:49:28,2026-04-10,10,3,88.0,-8.0,ok,2026-04-30,4.47,4.29,4.54,4.27,3560669.0,-4.88,3.12,2.14,0.074,1.01,0.19,0.59,-3.48,-20.99,0.259,False,False,6.0,0.0,不推送,False,温和放量；连续上榜确认,当日转弱；收盘承接偏弱,不主动推送。,v2,强势,74.04,1.97,2.76,0,2026-05-06,common_index_cache,1.17,2.33,2.75,1.97,3.48,3.01,-6.85,-0.62
2026-05-06,600110,诺德股份,97,4190.0,10jqka,intraday_1430,2026-05-06 14:30:00,2026-05-06,1,1,,,ok,2026-05-06,10.94,11.45,11.49,10.63,2048556.0,6.51,8.43,17.32,0.953,0.92,5.57,10.57,13.01,-0.35,0.047,False,False,0.0,62.0,普通观察,True,当日上涨；收在日内高位；温和放量；近5日趋势升温；站上20日线且不过热；市场强势且个股相对强势,-,保留在样本池，继续看次日人气和承接。,v2,强势,74.04,1.97,2.76,0,2026-05-06,common_index_cache,1.17,2.33,2.75,1.97,3.48,3.01,4.54,14.56
2026-05-06,600105,永鼎股份,97,8126.0,10jqka,intraday_1430,2026-05-06 14:49:28,2026-04-10,14,1,62.0,-35.0,ok,2026-04-30,43.84,42.41,44.22,41.8,1202231.0,-2.1,-12.59,-12.56,0.252,0.65,-7.04,-5.04,6.43,-16.84,0.157,False,False,6.0,0.0,不推送,False,站上20日线且不过热,当日转弱；收盘承接偏弱；近5日趋势未确认；人气排名明显回落,不主动推送。,v2,强势,74.04,1.97,2.76,0,2026-05-06,common_index_cache,1.17,2.33,2.75,1.97,3.48,3.01,-4.07,-15.32
2026-05-06,603773,沃格光电,98,4158.0,10jqka,intraday_1430,2026-05-06 14:30:00,2026-05-06,1,1,,,ok,2026-05-06,72.0,66.8,72.0,65.36,351103.0,-3.68,5.36,14.58,0.217,1.53,0.17,5.48,26.3,-8.18,0.0,False,False,0.0,16.0,不推送,False,温和放量；近5日趋势升温；站上20日线且不过热；市场强势且个股相对强势,当日转弱；收盘承接偏弱,不主动推送。,v2,强势,74.04,1.97,2.76,0,2026-05-06,common_index_cache,1.17,2.33,2.75,1.97,3.48,3.01,-5.65,11.82
2026-05-06,002792,通宇通讯,98,8122.0,10jqka,intraday_1430,2026-05-06 14:49:28,2026-04-14,4,1,92.0,-6.0,ok,2026-04-30,42.61,43.66,44.08,41.9,332433.0,2.49,-3.09,-11.08,0.807,0.84,-0.41,-8.18,-7.24,-20.68,0.193,False,False,6.0,12.0,不推送,False,收盘承接较强；温和放量,近5日趋势未确认；仍在20日线下方,不主动推送。,v2,强势,74.04,1.97,2.76,0,2026-05-06,common_index_cache,1.17,2.33,2.75,1.97,3.48,3.01,0.52,-13.84
2026-05-06,300017,网宿科技,99,8035.0,10jqka,intraday_1430,2026-05-06 14:49:28,2026-04-14,3,1,67.0,-32.0,ok,2026-04-30,16.3,16.0,16.66,15.83,1595259.0,-2.74,-5.27,-15.34,0.205,0.67,-3.95,-9.53,-9.7,-33.61,0.434,False,False,6.0,0.0,不推送,False,-,当日转弱；收盘承接偏弱；近5日趋势未确认；仍在20日线下方；人气排名明显回落,不主动推送。,v2,强势,74.04,1.97,2.76,0,2026-05-06,common_index_cache,1.17,2.33,2.75,1.97,3.48,3.01,-4.71,-18.1
2026-05-06,300502,新易盛,100,4144.0,10jqka,intraday_1430,2026-05-06 14:30:00,2026-05-06,1,1,,,ok,2026-05-06,575.0,595.26,599.75,570.91,489565.0,5.6,11.17,10.79,0.844,1.06,8.96,5.15,10.79,-5.18,0.156,False,False,0.0,56.0,不推送,False,当日上涨；收盘承接较强；温和放量；近5日趋势升温；站上20日线且不过热；市场强势且个股相对强势,-,不主动推送。,v2,强势,74.04,1.97,2.76,0,2026-05-06,common_index_cache,1.17,2.33,2.75,1.97,3.48,3.01,3.63,8.03
2026-05-06,002460,赣锋锂业,100,8022.0,10jqka,intraday_1430,2026-05-06 14:49:28,2026-04-10,11,3,63.0,-37.0,ok,2026-04-30,87.0,88.68,91.19,86.9,1075419.0,2.05,5.43,11.02,0.415,1.49,3.89,5.7,6.52,-2.75,0.585,False,False,6.0,20.0,不推送,False,温和放量；近5日趋势升温；站上20日线且不过热；连续上榜确认,收盘承接偏弱；人气排名明显回落；上影线偏长,不主动推送。,v2,强势,74.04,1.97,2.76,0,2026-05-06,common_index_cache,1.17,2.33,2.75,1.97,3.48,3.01,0.08,8.26
2026-05-07,000066,中国长城,1,45933.0,10jqka,post_close,2026-05-07 15:00:00,2026-05-06,2,2,4.0,3.0,ok,2026-05-07,23.29,23.98,23.98,22.98,5096882.0,10.0,33.07,42.99,1.0,1.7,18.19,31.85,43.23,0.0,0.0,True,False,0.0,97.0,观察池,False,人气Top3；当日涨停附近；收在日内高位；温和放量；近5日强势延续；连续上榜确认；市场强势且个股相对强势,短线涨幅偏高；偏离20日线较大；涨停封板不可买,涨停封板不可买，放观察池跟踪,v2,强势,68.83,0.97,3.69,0,2026-05-07,common_index_cache,0.48,1.18,1.45,2.29,4.31,5.05,9.03,39.3
2026-05-07,002081,金螳螂,2,39855.0,10jqka,post_close,2026-05-07 15:00:00,2026-05-06,2,2,2.0,0.0,ok,2026-05-07,6.96,7.14,7.14,6.8,4420756.0,10.02,33.21,61.17,1.0,1.1,19.96,32.37,61.21,0.0,0.0,True,False,0.0,74.0,观察池,False,人气Top3；当日涨停附近；收在日内高位；温和放量；连续上榜确认；市场强势且个股相对强势,短线涨幅过热；远离20日线过多；涨停封板不可买,涨停封板不可买，放观察池跟踪,v2,强势,68.83,0.97,3.69,0,2026-05-07,common_index_cache,0.48,1.18,1.45,2.29,4.31,5.05,9.05,57.48
2026-05-07,002384,东山精密,3,38578.0,10jqka,post_close,2026-05-07 15:00:00,2026-05-06,2,2,65.0,62.0,ok,2026-05-07,188.43,211.07,211.07,185.8,866708.0,10.0,14.56,13.05,1.0,0.97,10.18,12.58,28.45,0.0,0.0,True,False,0.0,132.0,观察池,False,人气Top3；当日涨停附近；收在日内高位；温和放量；近5日趋势升温；连续上榜确认；人气排名明显上升；市场强势且个股相对强势；v2强势延续修正；v2连榜升温修正；v2低分涨停修正,偏离20日线较大；涨停封板不可买,涨停封板不可买，放观察池跟踪,v2,强势,68.83,0.97,3.69,0,2026-05-07,common_index_cache,0.48,1.18,1.45,2.29,4.31,5.05,9.03,9.36
2026-05-07,601868,中国能建,4,32075.0,10jqka,post_close,2026-05-07 15:00:00,2026-05-07,1,1,,,ok,2026-05-07,2.85,3.12,3.12,2.85,11232946.0,9.86,9.47,9.86,1.0,2.31,8.18,7.11,7.77,-20.81,0.0,True,False,0.0,118.0,观察池,False,人气Top10；当日涨停附近；收在日内高位；放量仍可控；近5日趋势升温；站上20日线且不过热；首次上榜即强势；首次上榜强势提权；市场强势且个股相对强势；v2强势延续修正,涨停封板不可买,涨停封板不可买，放观察池跟踪,v2,强势,68.83,0.97,3.69,0,2026-05-07,common_index_cache,0.48,1.18,1.45,2.29,4.31,5.05,8.89,6.17
2026-05-07,002217,合力泰,5,26444.0,10jqka,post_close,2026-05-07 15:00:00,2026-05-06,2,2,14.0,9.0,ok,2026-05-07,3.4,3.5,3.5,3.25,8446139.0,10.06,14.01,18.24,1.0,0.93,12.04,16.86,26.74,0.0,0.0,True,False,0.0,132.0,观察池,False,人气Top10；当日涨停附近；收在日内高位；温和放量；近5日趋势升温；站上20日线且不过热；连续上榜确认；市场强势且个股相对强势；v2强势延续修正；v2连榜升温修正；v2低分涨停修正,涨停封板不可买,涨停封板不可买，放观察池跟踪,v2,强势,68.83,0.97,3.69,0,2026-05-07,common_index_cache,0.48,1.18,1.45,2.29,4.31,5.05,9.09,14.55
2026-05-07,600186,莲花控股,6,25511.0,10jqka,post_close,2026-05-07 15:00:00,2026-05-06,2,2,15.0,9.0,ok,2026-05-07,11.27,11.13,11.44,10.82,3321134.0,-2.37,2.87,19.16,0.5,0.91,3.23,12.97,27.7,-3.64,0.274,False,False,0.0,60.0,普通观察,True,人气Top10；温和放量；近5日趋势升温；站上20日线且不过热；连续上榜确认；市场强势且个股相对强势,当日转弱,保留在样本池，继续看次日人气和承接。,v2,强势,68.83,0.97,3.69,0,2026-05-07,common_index_cache,0.48,1.18,1.45,2.29,4.31,5.05,-3.34,15.47
2026-05-07,601991,大唐发电,7,24733.0,10jqka,post_close,2026-05-07 15:00:00,2026-05-06,2,2,6.0,-1.0,ok,2026-05-07,4.98,5.04,5.04,4.88,3340447.0,10.04,17.48,24.44,1.0,1.39,13.98,18.03,24.09,0.0,0.0,True,False,0.0,132.0,观察池,False,人气Top10；当日涨停附近；收在日内高位；温和放量；近5日趋势升温；站上20日线且不过热；连续上榜确认；市场强势且个股相对强势；v2强势延续修正；v2连榜升温修正；v2低分涨停修正,涨停封板不可买,涨停封板不可买，放观察池跟踪,v2,强势,68.83,0.97,3.69,0,2026-05-07,common_index_cache,0.48,1.18,1.45,2.29,4.31,5.05,9.07,20.75
2026-05-07,300502,新易盛,8,24411.0,10jqka,post_close,2026-05-07 15:00:00,2026-05-06,2,2,100.0,92.0,ok,2026-05-07,523.85,563.5,565.0,513.0,533930.0,7.85,4.93,4.74,0.971,1.46,4.96,1.19,4.54,-10.24,0.029,False,False,0.0,94.0,强推观察,True,人气Top10；当日强涨；收在日内高位；温和放量；站上20日线且不过热；连续上榜确认；人气排名明显上升；市场强势且个股相对强势,-,高风险情绪股：不追一字，优先看分歧承接，跌破5日线或人气退潮就跑。,v2,强势,68.83,0.97,3.69,0,2026-05-07,common_index_cache,0.48,1.18,1.45,2.29,4.31,5.05,6.88,1.05
2026-05-07,002149,西部材料,9,22886.0,10jqka,post_close,2026-05-07 15:00:00,2026-05-06,2,2,19.0,10.0,ok,2026-05-07,71.0,73.47,74.6,70.18,1144573.0,5.17,27.24,26.94,0.744,1.62,14.38,17.23,30.0,-1.51,0.256,False,False,0.0,73.0,普通观察,True,人气Top10；当日上涨；温和放量；近5日强势延续；连续上榜确认；人气排名明显上升；市场强势且个股相对强势；v2连榜升温修正,短线涨幅偏高；偏离20日线较大,保留在样本池，继续看次日人气和承接。,v2,强势,68.83,0.97,3.69,0,2026-05-07,common_index_cache,0.48,1.18,1.45,2.29,4.31,5.05,4.2,23.25
2026-05-07,600396,华电辽能,10,22302.0,10jqka,post_close,2026-05-07 15:00:00,2026-05-06,2,2,3.0,-7.0,ok,2026-05-07,10.91,12.0,12.0,10.91,1682810.0,9.99,15.05,18.58,1.0,0.5,10.99,19.66,37.57,0.0,0.0,True,False,0.0,90.0,观察池,False,人气Top10；当日涨停附近；收在日内高位；近5日趋势升温；连续上榜确认；市场强势且个股相对强势；v2低分涨停修正,偏离20日线较大；涨停封板不可买,涨停封板不可买，放观察池跟踪,v2,强势,68.83,0.97,3.69,0,2026-05-07,common_index_cache,0.48,1.18,1.45,2.29,4.31,5.05,9.02,14.89
2026-05-07,600105,永鼎股份,11,20067.0,10jqka,post_close,2026-05-07 15:00:00,2026-05-07,1,1,,,ok,2026-05-07,44.72,47.52,48.05,43.41,2266602.0,8.79,9.7,-2.06,0.886,1.47,7.13,4.5,14.94,-6.82,0.114,False,False,0.0,78.0,重点观察,True,人气Top20；当日强涨；收盘承接较强；温和放量；站上20日线且不过热；首次上榜即强势；首次上榜强势提权；市场强势且个股相对强势,近5日趋势未确认,只做观察或轻仓试错，等待回落承接和量能不失控。,v2,强势,68.83,0.97,3.69,0,2026-05-07,common_index_cache,0.48,1.18,1.45,2.29,4.31,5.05,7.82,-5.75
2026-05-07,002156,通富微电,12,19553.0,10jqka,post_close,2026-05-07 15:00:00,2026-05-06,2,2,13.0,1.0,ok,2026-05-07,60.8,59.08,60.8,57.6,2517397.0,3.74,19.35,15.39,0.462,2.32,10.41,15.72,21.76,-2.83,0.0,False,False,0.0,64.0,普通观察,True,人气Top20；当日上涨；放量仍可控；近5日趋势升温；站上20日线且不过热；连续上榜确认；市场强势且个股相对强势,-,保留在样本池，继续看次日人气和承接。,v2,强势,68.83,0.97,3.69,0,2026-05-07,common_index_cache,0.48,1.18,1.45,2.29,4.31,5.05,2.77,11.7
2026-05-07,002181,粤传媒,13,19535.0,10jqka,post_close,2026-05-07 15:00:00,2026-05-06,2,2,8.0,-5.0,ok,2026-05-07,18.2,18.72,19.77,17.8,1745018.0,3.2,24.88,30.54,0.467,1.62,13.1,25.11,33.47,-5.31,0.533,False,False,0.0,47.0,不推送,False,人气Top20；当日上涨；温和放量；近5日强势延续；连续上榜确认；市场强势且个股相对强势,短线涨幅偏高；偏离20日线较大；上影线偏长,不主动推送。,v2,强势,68.83,0.97,3.69,0,2026-05-07,common_index_cache,0.48,1.18,1.45,2.29,4.31,5.05,2.23,26.85
2026-05-07,000858,五粮液,14,19194.0,10jqka,post_close,2026-05-07 15:00:00,2026-05-06,2,2,1.0,-13.0,ok,2026-05-07,92.43,92.6,93.85,92.43,536278.0,0.37,-5.84,-7.58,0.12,1.51,-3.64,-5.99,-7.98,-16.41,0.88,False,False,0.0,5.0,不推送,False,人气Top20；温和放量；连续上榜确认,收盘承接偏弱；近5日趋势未确认；仍在20日线下方；上影线偏长；强势市里个股相对走弱,不主动推送。,v2,强势,68.83,0.97,3.69,0,2026-05-07,common_index_cache,0.48,1.18,1.45,2.29,4.31,5.05,-0.6,-11.27
2026-05-07,603399,永杉锂业,15,18400.0,10jqka,post_close,2026-05-07 15:00:00,2026-05-06,2,2,25.0,10.0,ok,2026-05-07,23.35,22.58,23.46,21.0,1656714.0,5.86,28.08,54.98,0.642,4.17,16.44,35.84,56.81,-3.75,0.045,False,False,0.0,8.0,不推送,False,人气Top20；当日上涨；连续上榜确认；人气排名明显上升；市场强势且个股相对强势,放量过猛；短线涨幅过热；远离20日线过多,不主动推送。,v2,强势,68.83,0.97,3.69,0,2026-05-07,common_index_cache,0.48,1.18,1.45,2.29,4.31,5.05,4.89,51.29
2026-05-07,600745,*ST闻泰,16,17886.0,10jqka,post_close,2026-05-07 15:00:00,2026-05-06,2,2,5.0,-11.0,ok,2026-05-07,25.37,25.37,25.37,25.37,9928.0,-5.02,-8.74,-8.77,1.0,0.04,-7.18,-10.2,-14.65,-38.54,,False,False,0.0,7.0,不推送,False,人气Top20；收在日内高位；连续上榜确认,当日转弱；量能不足；近5日趋势未确认；仍在20日线下方；强势市里个股相对走弱,不主动推送。,v2,强势,68.83,0.97,3.69,0,2026-05-07,common_index_cache,0.48,1.18,1.45,2.29,4.31,5.05,-5.99,-12.46
2026-05-07,002281,光迅科技,17,17258.0,10jqka,post_close,2026-05-07 15:00:00,2026-05-06,2,2,94.0,77.0,ok,2026-05-07,152.7,164.29,165.9,147.01,708803.0,8.93,23.65,22.13,0.915,1.02,12.64,19.93,34.04,-0.97,0.085,False,False,0.0,96.0,强推观察,True,人气Top20；当日强涨；收在日内高位；温和放量；近5日趋势升温；连续上榜确认；人气排名明显上升；市场强势且个股相对强势；v2连榜升温修正,偏离20日线较大,高风险情绪股：不追一字，优先看分歧承接，跌破5日线或人气退潮就跑。,v2,强势,68.83,0.97,3.69,0,2026-05-07,common_index_cache,0.48,1.18,1.45,2.29,4.31,5.05,7.96,18.44
2026-05-07,000988,华工科技,18,17216.0,10jqka,post_close,2026-05-07 15:00:00,2026-05-06,2,2,58.0,40.0,ok,2026-05-07,125.79,133.5,134.52,123.8,1066791.0,6.64,12.15,12.38,0.905,1.21,8.92,11.08,13.65,-5.59,0.095,False,False,0.0,98.0,强推观察,True,人气Top20；当日上涨；收在日内高位；温和放量；近5日趋势升温；站上20日线且不过热；连续上榜确认；人气排名明显上升；市场强势且个股相对强势；v2连榜升温修正,-,高风险情绪股：不追一字，优先看分歧承接，跌破5日线或人气退潮就跑。,v2,强势,68.83,0.97,3.69,0,2026-05-07,common_index_cache,0.48,1.18,1.45,2.29,4.31,5.05,5.67,8.69
2026-05-07,600522,中天科技,19,16399.0,10jqka,post_close,2026-05-07 15:00:00,2026-05-06,2,2,66.0,47.0,ok,2026-05-07,36.1,38.38,38.38,35.0,2891081.0,10.0,11.96,7.27,1.0,1.18,9.24,10.93,19.96,0.0,0.0,True,False,0.0,104.0,观察池,False,人气Top20；当日涨停附近；收在日内高位；温和放量；近5日趋势升温；站上20日线且不过热；连续上榜确认；人气排名明显上升；市场强势且个股相对强势,涨停封板不可买,涨停封板不可买，放观察池跟踪,v2,强势,68.83,0.97,3.69,0,2026-05-07,common_index_cache,0.48,1.18,1.45,2.29,4.31,5.05,9.03,3.58
2026-05-07,002709,天赐材料,20,16203.0,10jqka,post_close,2026-05-07 15:00:00,2026-05-06,2,2,18.0,-2.0,ok,2026-05-07,63.66,62.8,63.7,61.0,1504038.0,-1.88,5.87,14.26,0.667,0.89,4.47,11.75,21.95,-3.35,0.015,False,False,0.0,52.0,不推送,False,人气Top20；温和放量；近5日趋势升温；站上20日线且不过热；连续上榜确认；市场强势且个股相对强势,当日转弱,不主动推送。,v2,强势,68.83,0.97,3.69,0,2026-05-07,common_index_cache,0.48,1.18,1.45,2.29,4.31,5.05,-2.85,10.57
2026-05-07,601016,节能风电,21,16100.0,10jqka,post_close,2026-05-07 15:00:00,2026-05-06,2,2,20.0,-1.0,ok,2026-05-07,4.82,4.99,5.08,4.75,9712424.0,6.4,9.43,7.31,0.727,1.52,7.4,10.69,16.63,-12.91,0.273,False,False,0.0,62.0,普通观察,True,人气Top50；当日上涨；温和放量；近5日趋势升温；站上20日线且不过热；连续上榜确认；市场强势且个股相对强势,-,保留在样本池，继续看次日人气和承接。,v2,强势,68.83,0.97,3.69,0,2026-05-07,common_index_cache,0.48,1.18,1.45,2.29,4.31,5.05,5.43,3.62
2026-05-07,001309,德明利,22,16091.0,10jqka,post_close,2026-05-07 15:00:00,2026-05-06,2,2,22.0,0.0,ok,2026-05-07,603.0,616.51,633.0,597.0,252913.0,6.79,17.9,26.3,0.542,1.82,12.59,17.42,24.49,-2.61,0.458,False,False,0.0,43.0,不推送,False,人气Top50；当日上涨；放量仍可控；近5日强势延续；站上20日线且不过热；连续上榜确认；市场强势且个股相对强势,短线涨幅偏高；上影线偏长,不主动推送。,v2,强势,68.83,0.97,3.69,0,2026-05-07,common_index_cache,0.48,1.18,1.45,2.29,4.31,5.05,5.82,22.61
2026-05-07,600379,宝光股份,23,15923.0,10jqka,post_close,2026-05-07 15:00:00,2026-05-06,2,2,29.0,6.0,ok,2026-05-07,20.31,17.85,20.31,17.13,1100442.0,-3.3,17.05,41.67,0.226,3.01,8.58,24.61,35.0,-12.11,0.0,False,False,0.0,1.0,不推送,False,人气Top50；近5日强势延续；连续上榜确认；市场强势且个股相对强势,当日转弱；收盘承接偏弱；短线涨幅偏高；偏离20日线较大,不主动推送。,v2,强势,68.83,0.97,3.69,0,2026-05-07,common_index_cache,0.48,1.18,1.45,2.29,4.31,5.05,-4.27,37.98
2026-05-07,002050,三花智控,24,15854.0,10jqka,post_close,2026-05-07 15:00:00,2026-05-06,2,2,76.0,52.0,ok,2026-05-07,48.17,50.32,50.4,47.88,1957613.0,4.49,12.27,9.61,0.968,1.7,7.35,8.78,10.64,-8.54,0.032,False,False,0.0,82.0,重点观察,True,人气Top50；当日上涨；收在日内高位；温和放量；近5日趋势升温；站上20日线且不过热；连续上榜确认；人气排名明显上升；市场强势且个股相对强势,-,只做观察或轻仓试错，等待回落承接和量能不失控。,v2,强势,68.83,0.97,3.69,0,2026-05-07,common_index_cache,0.48,1.18,1.45,2.29,4.31,5.05,3.52,5.92
2026-05-07,002202,金风科技,25,15590.0,10jqka,post_close,2026-05-07 15:00:00,2026-05-06,2,2,28.0,3.0,ok,2026-05-07,27.95,28.46,28.68,27.84,2650063.0,1.86,10.61,7.27,0.738,1.1,5.26,7.29,11.32,-14.53,0.262,False,False,0.0,54.0,不推送,False,人气Top50；温和放量；近5日趋势升温；站上20日线且不过热；连续上榜确认；市场强势且个股相对强势,-,不主动推送。,v2,强势,68.83,0.97,3.69,0,2026-05-07,common_index_cache,0.48,1.18,1.45,2.29,4.31,5.05,0.89,3.58
2026-05-07,002580,圣阳股份,26,15567.0,10jqka,post_close,2026-05-07 15:00:00,2026-05-06,2,2,16.0,-10.0,ok,2026-05-07,29.4,29.91,31.19,29.2,1229116.0,0.44,4.58,3.78,0.357,0.95,2.95,4.88,16.45,-11.09,0.643,False,False,0.0,20.0,不推送,False,人气Top50；温和放量；站上20日线且不过热；连续上榜确认,收盘承接偏弱；上影线偏长,不主动推送。,v2,强势,68.83,0.97,3.69,0,2026-05-07,common_index_cache,0.48,1.18,1.45,2.29,4.31,5.05,-0.53,0.09
2026-05-07,603629,利通电子,27,15462.0,10jqka,post_close,2026-05-07 15:00:00,2026-05-06,2,2,7.0,-20.0,ok,2026-05-07,160.2,158.28,166.55,157.01,400100.0,-0.36,20.56,45.88,0.133,1.48,11.12,26.02,51.69,-4.97,0.666,False,False,0.0,0.0,不推送,False,人气Top50；温和放量；连续上榜确认；市场强势且个股相对强势,当日转弱；收盘承接偏弱；短线涨幅过热；远离20日线过多；人气排名明显回落,不主动推送。,v2,强势,68.83,0.97,3.69,0,2026-05-07,common_index_cache,0.48,1.18,1.45,2.29,4.31,5.05,-1.33,42.19
2026-05-07,600487,亨通光电,28,14685.0,10jqka,post_close,2026-05-07 15:00:00,2026-05-06,2,2,24.0,-4.0,ok,2026-05-07,74.55,75.96,76.63,71.8,1908904.0,5.79,12.73,6.42,0.861,1.06,8.78,10.87,21.94,-0.87,0.139,False,False,0.0,72.0,普通观察,True,人气Top50；当日上涨；收盘承接较强；温和放量；近5日趋势升温；站上20日线且不过热；连续上榜确认；市场强势且个股相对强势,-,保留在样本池，继续看次日人气和承接。,v2,强势,68.83,0.97,3.69,0,2026-05-07,common_index_cache,0.48,1.18,1.45,2.29,4.31,5.05,4.82,2.73
2026-05-07,601778,晶科科技,29,14572.0,10jqka,post_close,2026-05-07 15:00:00,2026-05-06,2,2,17.0,-12.0,ok,2026-05-07,7.36,7.42,7.58,7.25,6384360.0,3.78,6.61,6.92,0.515,1.04,5.55,7.01,16.76,-5.84,0.485,False,False,0.0,56.0,不推送,False,人气Top50；当日上涨；温和放量；近5日趋势升温；站上20日线且不过热；连续上榜确认；市场强势且个股相对强势,上影线偏长,不主动推送。,v2,强势,68.83,0.97,3.69,0,2026-05-07,common_index_cache,0.48,1.18,1.45,2.29,4.31,5.05,2.81,3.23
2026-05-07,601138,工业富联,30,14527.0,10jqka,post_close,2026-05-07 15:00:00,2026-05-06,2,2,39.0,9.0,ok,2026-05-07,64.09,64.18,64.59,63.0,2103300.0,1.74,-3.14,-4.57,0.742,0.8,-1.14,-1.73,4.52,-7.12,0.258,False,False,0.0,31.0,不推送,False,人气Top50；温和放量；站上20日线且不过热；连续上榜确认,近5日趋势未确认；强势市里个股相对走弱,不主动推送。,v2,强势,68.83,0.97,3.69,0,2026-05-07,common_index_cache,0.48,1.18,1.45,2.29,4.31,5.05,0.77,-8.26
2026-05-07,002475,立讯精密,31,14289.0,10jqka,post_close,2026-05-07 15:00:00,2026-05-06,2,2,54.0,23.0,ok,2026-05-07,67.5,69.52,70.3,66.29,2141885.0,3.64,1.28,-3.4,0.805,0.95,1.6,1.99,10.52,-4.24,0.195,False,False,0.0,60.0,普通观察,True,人气Top50；当日上涨；收盘承接较强；温和放量；站上20日线且不过热；连续上榜确认；人气排名明显上升；市场强势且个股相对强势,近5日趋势未确认,保留在样本池，继续看次日人气和承接。,v2,强势,68.83,0.97,3.69,0,2026-05-07,common_index_cache,0.48,1.18,1.45,2.29,4.31,5.05,2.67,-7.09
2026-05-07,002297,博云新材,32,14097.0,10jqka,post_close,2026-05-07 15:00:00,2026-05-06,2,2,10.0,-22.0,ok,2026-05-07,24.33,24.75,25.25,24.01,1706591.0,3.08,6.64,20.56,0.597,0.86,3.95,10.79,37.23,-4.81,0.403,False,False,0.0,48.0,不推送,False,人气Top50；当日上涨；温和放量；近5日趋势升温；连续上榜确认；市场强势且个股相对强势,偏离20日线较大；人气排名明显回落,不主动推送。,v2,强势,68.83,0.97,3.69,0,2026-05-07,common_index_cache,0.48,1.18,1.45,2.29,4.31,5.05,2.11,16.87
2026-05-07,600726,华电能源,33,14014.0,10jqka,post_close,2026-05-07 15:00:00,2026-05-06,2,2,63.0,30.0,ok,2026-05-07,6.77,7.61,7.61,6.72,3659797.0,9.97,7.18,19.28,1.0,0.72,7.97,22.49,38.5,-0.26,0.0,True,False,0.0,78.0,观察池,False,人气Top50；当日涨停附近；收在日内高位；近5日趋势升温；连续上榜确认；人气排名明显上升；市场强势且个股相对强势；v2低分涨停修正,偏离20日线较大；涨停封板不可买,涨停封板不可买，放观察池跟踪,v2,强势,68.83,0.97,3.69,0,2026-05-07,common_index_cache,0.48,1.18,1.45,2.29,4.31,5.05,9.0,15.59
2026-05-07,601869,长飞光纤,34,13520.0,10jqka,post_close,2026-05-07 15:00:00,2026-05-07,1,1,,,ok,2026-05-07,380.11,389.2,392.0,368.18,202035.0,7.8,5.04,3.1,0.882,1.28,5.29,3.17,3.98,-7.96,0.118,False,False,0.0,60.0,普通观察,True,人气Top50；当日强涨；收盘承接较强；温和放量；站上20日线且不过热；市场强势且个股相对强势,-,保留在样本池，继续看次日人气和承接。,v2,强势,68.83,0.97,3.69,0,2026-05-07,common_index_cache,0.48,1.18,1.45,2.29,4.31,5.05,6.83,-0.59
2026-05-07,002008,大族激光,35,13406.0,10jqka,post_close,2026-05-07 15:00:00,2026-05-07,1,1,,,ok,2026-05-07,102.07,112.41,112.41,102.07,413907.0,10.0,8.78,7.39,1.0,0.78,7.29,10.03,24.19,0.0,0.0,True,False,0.0,70.0,观察池,False,人气Top50；当日涨停附近；收在日内高位；近5日趋势升温；站上20日线且不过热；市场强势且个股相对强势,涨停封板不可买,涨停封板不可买，放观察池跟踪,v2,强势,68.83,0.97,3.69,0,2026-05-07,common_index_cache,0.48,1.18,1.45,2.29,4.31,5.05,9.03,3.7
2026-05-07,000815,美利云,36,13038.0,10jqka,post_close,2026-05-07 15:00:00,2026-05-06,2,2,35.0,-1.0,ok,2026-05-07,21.4,22.13,23.0,21.1,2220246.0,5.78,11.43,12.68,0.542,2.6,8.46,8.9,8.22,-4.2,0.458,False,False,0.0,50.0,不推送,False,人气Top50；当日上涨；放量仍可控；近5日趋势升温；站上20日线且不过热；连续上榜确认；市场强势且个股相对强势,上影线偏长,不主动推送。,v2,强势,68.83,0.97,3.69,0,2026-05-07,common_index_cache,0.48,1.18,1.45,2.29,4.31,5.05,4.81,8.99
2026-05-07,000070,特发信息,37,12535.0,10jqka,post_close,2026-05-07 15:00:00,2026-05-07,1,1,,,ok,2026-05-07,19.8,20.11,20.11,18.77,1249888.0,10.01,4.04,-0.2,1.0,1.54,5.79,1.62,1.05,-10.62,0.0,True,False,0.0,68.0,观察池,False,人气Top50；当日涨停附近；收在日内高位；温和放量；站上20日线且不过热；市场强势且个股相对强势,近5日趋势未确认；涨停封板不可买,涨停封板不可买，放观察池跟踪,v2,强势,68.83,0.97,3.69,0,2026-05-07,common_index_cache,0.48,1.18,1.45,2.29,4.31,5.05,9.04,-3.89
2026-05-07,002491,通鼎互联,38,12530.0,10jqka,post_close,2026-05-07 15:00:00,2026-05-07,1,1,,,ok,2026-05-07,18.78,18.78,18.78,18.55,529731.0,10.02,13.34,11.65,1.0,0.35,10.76,11.75,17.63,0.0,0.0,True,False,0.0,62.0,观察池,False,人气Top50；当日涨停附近；收在日内高位；近5日趋势升温；站上20日线且不过热；市场强势且个股相对强势,量能不足；涨停封板不可买,涨停封板不可买，放观察池跟踪,v2,强势,68.83,0.97,3.69,0,2026-05-07,common_index_cache,0.48,1.18,1.45,2.29,4.31,5.05,9.05,7.96
2026-05-07,002466,天齐锂业,39,12259.0,10jqka,post_close,2026-05-07 15:00:00,2026-05-06,2,2,93.0,54.0,ok,2026-05-07,80.28,79.06,80.55,77.51,1216578.0,-3.24,4.69,7.35,0.51,1.11,1.66,6.03,15.83,-4.16,0.089,False,False,0.0,48.0,不推送,False,人气Top50；温和放量；近5日趋势升温；站上20日线且不过热；连续上榜确认；人气排名明显上升；市场强势且个股相对强势,当日转弱,不主动推送。,v2,强势,68.83,0.97,3.69,0,2026-05-07,common_index_cache,0.48,1.18,1.45,2.29,4.31,5.05,-4.21,3.66
2026-05-07,002361,神剑股份,40,12141.0,10jqka,post_close,2026-05-07 15:00:00,2026-05-06,2,2,40.0,0.0,ok,2026-05-07,21.21,21.6,21.7,20.98,2451728.0,1.84,7.73,-0.28,0.861,0.97,4.42,0.06,10.33,-9.81,0.139,False,False,0.0,41.0,不推送,False,人气Top50；收盘承接较强；温和放量；站上20日线且不过热；连续上榜确认,近5日趋势未确认；强势市里个股相对走弱,不主动推送。,v2,强势,68.83,0.97,3.69,0,2026-05-07,common_index_cache,0.48,1.18,1.45,2.29,4.31,5.05,0.87,-3.97
2026-05-07,603318,水发燃气,41,12033.0,10jqka,post_close,2026-05-07 15:00:00,2026-05-07,1,1,,,ok,2026-05-07,13.9,13.05,14.06,13.05,899482.0,-10.0,-10.31,4.15,0.0,0.73,-6.97,6.64,30.35,-13.58,0.158,False,False,0.0,0.0,不推送,False,人气Top50,当日转弱；收盘承接偏弱；偏离20日线较大；强势市里个股相对走弱,不主动推送。,v2,强势,68.83,0.97,3.69,0,2026-05-07,common_index_cache,0.48,1.18,1.45,2.29,4.31,5.05,-10.97,0.46
2026-05-07,002015,协鑫能科,42,11555.0,10jqka,post_close,2026-05-07 15:00:00,2026-05-06,2,2,31.0,-11.0,ok,2026-05-07,20.39,20.59,20.91,20.1,2425702.0,5.43,10.17,12.45,0.605,1.67,7.88,6.84,10.76,-10.44,0.395,False,False,0.0,62.0,普通观察,True,人气Top50；当日上涨；温和放量；近5日趋势升温；站上20日线且不过热；连续上榜确认；市场强势且个股相对强势,-,保留在样本池，继续看次日人气和承接。,v2,强势,68.83,0.97,3.69,0,2026-05-07,common_index_cache,0.48,1.18,1.45,2.29,4.31,5.05,4.46,8.76
2026-05-07,300308,中际旭创,43,11521.0,10jqka,post_close,2026-05-07 15:00:00,2026-05-06,2,2,67.0,24.0,ok,2026-05-07,858.0,877.47,889.15,835.0,277190.0,2.51,3.84,2.5,0.784,1.0,2.99,1.46,8.49,-4.52,0.216,False,False,0.0,56.0,不推送,False,人气Top50；收盘承接较强；温和放量；站上20日线且不过热；连续上榜确认；人气排名明显上升；市场强势且个股相对强势,-,不主动推送。,v2,强势,68.83,0.97,3.69,0,2026-05-07,common_index_cache,0.48,1.18,1.45,2.29,4.31,5.05,1.54,-1.19
2026-05-07,600673,东阳光,44,11425.0,10jqka,post_close,2026-05-07 15:00:00,2026-05-06,2,2,27.0,-17.0,ok,2026-05-07,42.83,42.83,42.83,42.83,185880.0,9.99,29.24,31.87,1.0,0.32,16.68,22.23,26.15,0.0,0.0,True,True,0.0,57.0,观察池,False,人气Top50；当日涨停附近；收在日内高位；近5日强势延续；站上20日线且不过热；连续上榜确认；市场强势且个股相对强势,量能不足；短线涨幅偏高；一字或近似一字，参与点差；一字板不可买,一字板不可买，放观察池跟踪,v2,强势,68.83,0.97,3.69,0,2026-05-07,common_index_cache,0.48,1.18,1.45,2.29,4.31,5.05,9.02,28.18
2026-05-07,300136,信维通信,45,11390.0,10jqka,post_close,2026-05-07 15:00:00,2026-05-06,2,2,91.0,46.0,ok,2026-05-07,97.0,101.65,103.83,95.66,1086433.0,4.55,18.87,14.91,0.733,0.94,9.73,16.45,31.12,-2.1,0.267,False,False,0.0,64.0,普通观察,True,人气Top50；当日上涨；温和放量；近5日趋势升温；连续上榜确认；人气排名明显上升；市场强势且个股相对强势；v2连榜升温修正,偏离20日线较大,保留在样本池，继续看次日人气和承接。,v2,强势,68.83,0.97,3.69,0,2026-05-07,common_index_cache,0.48,1.18,1.45,2.29,4.31,5.05,3.58,11.22
2026-05-07,603618,杭电股份,46,11346.0,10jqka,post_close,2026-05-07 15:00:00,2026-05-06,2,2,36.0,-10.0,ok,2026-05-07,32.62,34.2,34.2,32.45,440107.0,10.0,16.05,12.65,1.0,0.62,12.44,14.42,26.18,0.0,0.0,True,False,0.0,94.0,观察池,False,人气Top50；当日涨停附近；收在日内高位；近5日趋势升温；站上20日线且不过热；连续上榜确认；市场强势且个股相对强势；v2强势延续修正；v2低分涨停修正,涨停封板不可买,涨停封板不可买，放观察池跟踪,v2,强势,68.83,0.97,3.69,0,2026-05-07,common_index_cache,0.48,1.18,1.45,2.29,4.31,5.05,9.03,8.96
2026-05-07,601669,中国电建,47,11142.0,10jqka,post_close,2026-05-07 15:00:00,2026-05-07,1,1,,,ok,2026-05-07,5.64,5.96,6.04,5.62,5703624.0,5.86,4.93,4.93,0.81,3.11,4.63,3.33,3.9,-17.11,0.19,False,False,0.0,38.0,不推送,False,人气Top50；当日上涨；收盘承接较强；站上20日线且不过热；市场强势且个股相对强势,-,不主动推送。,v2,强势,68.83,0.97,3.69,0,2026-05-07,common_index_cache,0.48,1.18,1.45,2.29,4.31,5.05,4.89,1.24
2026-05-07,002044,美年健康,48,10938.0,10jqka,post_close,2026-05-07 15:00:00,2026-05-06,2,2,50.0,2.0,ok,2026-05-07,6.17,6.2,6.28,5.89,5328322.0,3.85,17.87,19.46,0.795,3.44,10.56,14.22,14.75,-15.53,0.205,False,False,0.0,58.0,不推送,False,人气Top50；当日上涨；收盘承接较强；近5日趋势升温；站上20日线且不过热；连续上榜确认；市场强势且个股相对强势,-,不主动推送。,v2,强势,68.83,0.97,3.69,0,2026-05-07,common_index_cache,0.48,1.18,1.45,2.29,4.31,5.05,2.88,15.77
2026-05-07,002407,多氟多,49,10826.0,10jqka,post_close,2026-05-07 15:00:00,2026-05-06,2,2,30.0,-19.0,ok,2026-05-07,37.4,37.54,38.04,36.65,1468894.0,-1.52,4.66,8.75,0.64,0.76,3.36,9.43,18.38,-3.74,0.36,False,False,0.0,30.0,不推送,False,人气Top50；近5日趋势升温；站上20日线且不过热；连续上榜确认；市场强势且个股相对强势,当日转弱,不主动推送。,v2,强势,68.83,0.97,3.69,0,2026-05-07,common_index_cache,0.48,1.18,1.45,2.29,4.31,5.05,-2.49,5.06
2026-05-07,603019,中科曙光,50,10791.0,10jqka,post_close,2026-05-07 15:00:00,2026-05-06,2,2,49.0,-1.0,ok,2026-05-07,99.8,98.75,99.8,97.49,739492.0,-1.05,9.21,4.79,0.545,0.98,4.42,5.87,9.77,-3.43,0.0,False,False,0.0,25.0,不推送,False,人气Top50；温和放量；站上20日线且不过热；连续上榜确认,当日转弱；强势市里个股相对走弱,不主动推送。,v2,强势,68.83,0.97,3.69,0,2026-05-07,common_index_cache,0.48,1.18,1.45,2.29,4.31,5.05,-2.02,1.1
2026-05-07,000062,深圳华强,51,10748.0,10jqka,post_close,2026-05-07 15:00:00,2026-05-06,2,2,9.0,-42.0,ok,2026-05-07,35.95,37.46,38.2,35.53,1099820.0,1.57,5.08,-0.56,0.723,0.92,2.34,7.57,17.99,-6.65,0.277,False,False,0.0,19.0,不推送,False,温和放量；站上20日线且不过热；连续上榜确认,近5日趋势未确认；人气排名明显回落；强势市里个股相对走弱,不主动推送。,v2,强势,68.83,0.97,3.69,0,2026-05-07,common_index_cache,0.48,1.18,1.45,2.29,4.31,5.05,0.6,-4.25
2026-05-07,000889,中嘉博创,52,10578.0,10jqka,post_close,2026-05-07 15:00:00,2026-05-07,1,1,,,ok,2026-05-07,5.28,5.35,5.35,5.27,487884.0,10.08,11.23,19.96,1.0,0.24,9.86,13.28,17.87,-1.83,0.0,True,False,0.0,60.0,观察池,False,当日涨停附近；收在日内高位；近5日趋势升温；站上20日线且不过热；市场强势且个股相对强势；v2低分涨停修正,量能不足；涨停封板不可买,涨停封板不可买，放观察池跟踪,v2,强势,68.83,0.97,3.69,0,2026-05-07,common_index_cache,0.48,1.18,1.45,2.29,4.31,5.05,9.11,16.27
2026-05-07,688256,寒武纪,53,10538.0,10jqka,post_close,2026-05-07 15:00:00,2026-05-06,2,2,12.0,-41.0,ok,2026-05-07,1223.79,1252.68,1264.45,1202.21,10998270.0,2.36,31.9,37.73,0.811,0.9,14.14,10.84,22.58,-11.13,0.189,False,False,0.0,45.0,不推送,False,收盘承接较强；温和放量；近5日强势延续；站上20日线且不过热；连续上榜确认；市场强势且个股相对强势,短线涨幅偏高；人气排名明显回落,不主动推送。,v2,强势,68.83,0.97,3.69,0,2026-05-07,common_index_cache,0.48,1.18,1.45,2.29,4.31,5.05,1.39,34.04
2026-05-07,600759,ST洲际,54,10502.0,10jqka,post_close,2026-05-07 15:00:00,2026-05-06,2,2,32.0,-22.0,ok,2026-05-07,4.22,4.22,4.22,4.22,25898.0,-4.95,-14.23,-18.38,1.0,0.02,-9.94,-14.61,-18.95,-53.58,,False,False,0.0,0.0,不推送,False,收在日内高位；连续上榜确认,当日转弱；量能不足；近5日趋势未确认；仍在20日线下方；人气排名明显回落；强势市里个股相对走弱,不主动推送。,v2,强势,68.83,0.97,3.69,0,2026-05-07,common_index_cache,0.48,1.18,1.45,2.29,4.31,5.05,-5.92,-22.07
2026-05-07,301308,江波龙,55,10262.0,10jqka,post_close,2026-05-07 15:00:00,2026-05-06,2,2,11.0,-44.0,ok,2026-05-07,490.0,483.33,508.58,480.77,308884.0,0.41,16.66,22.84,0.092,1.36,11.79,19.48,27.88,-4.96,0.668,False,False,0.0,24.0,不推送,False,温和放量；近5日趋势升温；站上20日线且不过热；连续上榜确认；市场强势且个股相对强势,收盘承接偏弱；人气排名明显回落；上影线偏长,不主动推送。,v2,强势,68.83,0.97,3.69,0,2026-05-07,common_index_cache,0.48,1.18,1.45,2.29,4.31,5.05,-0.56,19.15
2026-05-07,600111,北方稀土,56,10220.0,10jqka,post_close,2026-05-07 15:00:00,2026-05-06,2,2,33.0,-23.0,ok,2026-05-07,55.53,55.31,56.48,54.58,1800986.0,-0.38,8.56,18.11,0.384,1.14,5.9,9.93,9.52,-12.99,0.5,False,False,0.0,20.0,不推送,False,温和放量；近5日趋势升温；站上20日线且不过热；连续上榜确认；市场强势且个股相对强势,当日转弱；收盘承接偏弱；人气排名明显回落,不主动推送。,v2,强势,68.83,0.97,3.69,0,2026-05-07,common_index_cache,0.48,1.18,1.45,2.29,4.31,5.05,-1.35,14.42
2026-05-07,601208,东材科技,57,10189.0,10jqka,post_close,2026-05-07 15:00:00,2026-05-07,1,1,,,ok,2026-05-07,41.46,45.16,45.16,41.46,879132.0,10.01,16.81,25.2,1.0,1.0,13.13,19.88,25.84,0.0,0.0,True,False,0.0,75.0,观察池,False,当日涨停附近；收在日内高位；温和放量；近5日强势延续；站上20日线且不过热；市场强势且个股相对强势；v2低分涨停修正,短线涨幅偏高；涨停封板不可买,涨停封板不可买，放观察池跟踪,v2,强势,68.83,0.97,3.69,0,2026-05-07,common_index_cache,0.48,1.18,1.45,2.29,4.31,5.05,9.04,21.51
2026-05-07,002115,三维通信,58,10174.0,10jqka,post_close,2026-05-07 15:00:00,2026-05-07,1,1,,,ok,2026-05-07,15.01,15.32,15.55,14.63,1613225.0,2.61,4.36,14.93,0.75,1.05,4.45,11.93,17.64,-5.43,0.25,False,False,0.0,48.0,不推送,False,收盘承接较强；温和放量；近5日趋势升温；站上20日线且不过热；市场强势且个股相对强势,-,不主动推送。,v2,强势,68.83,0.97,3.69,0,2026-05-07,common_index_cache,0.48,1.18,1.45,2.29,4.31,5.05,1.64,11.24
2026-05-07,000818,航锦科技,59,10112.0,10jqka,post_close,2026-05-07 15:00:00,2026-05-07,1,1,,,ok,2026-05-07,17.69,18.54,18.54,17.5,571038.0,10.03,20.23,31.58,1.0,1.05,15.66,21.65,21.67,-28.42,0.0,True,False,0.0,75.0,观察池,False,当日涨停附近；收在日内高位；温和放量；近5日强势延续；站上20日线且不过热；市场强势且个股相对强势；v2低分涨停修正,短线涨幅偏高；涨停封板不可买,涨停封板不可买，放观察池跟踪,v2,强势,68.83,0.97,3.69,0,2026-05-07,common_index_cache,0.48,1.18,1.45,2.29,4.31,5.05,9.06,27.89
2026-05-07,002342,巨力索具,60,9905.0,10jqka,post_close,2026-05-07 15:00:00,2026-05-06,2,2,46.0,-14.0,ok,2026-05-07,19.9,22.12,22.12,19.76,2728879.0,10.0,17.04,20.09,1.0,1.39,11.25,12.05,21.41,0.0,0.0,True,False,0.0,90.0,观察池,False,当日涨停附近；收在日内高位；温和放量；近5日趋势升温；站上20日线且不过热；连续上榜确认；市场强势且个股相对强势；v2低分涨停修正,涨停封板不可买,涨停封板不可买，放观察池跟踪,v2,强势,68.83,0.97,3.69,0,2026-05-07,common_index_cache,0.48,1.18,1.45,2.29,4.31,5.05,9.03,16.4
2026-05-07,603538,美诺华,61,9898.0,10jqka,post_close,2026-05-07 15:00:00,2026-05-06,2,2,26.0,-35.0,ok,2026-05-07,69.0,61.65,70.39,61.65,755961.0,-10.0,-5.59,9.31,0.0,1.31,-3.08,4.39,13.89,-12.42,0.159,False,False,0.0,20.0,不推送,False,温和放量；近5日趋势升温；站上20日线且不过热；连续上榜确认；市场强势且个股相对强势,当日转弱；收盘承接偏弱；人气排名明显回落,不主动推送。,v2,强势,68.83,0.97,3.69,0,2026-05-07,common_index_cache,0.48,1.18,1.45,2.29,4.31,5.05,-10.97,5.62
2026-05-07,603803,瑞斯康达,62,9872.0,10jqka,post_close,2026-05-07 15:00:00,2026-05-07,1,1,,,ok,2026-05-07,14.89,16.27,16.27,14.68,533131.0,10.01,9.41,17.22,1.0,1.21,10.31,9.84,9.97,-3.1,0.0,True,False,0.0,82.0,观察池,False,当日涨停附近；收在日内高位；温和放量；近5日趋势升温；站上20日线且不过热；市场强势且个股相对强势；v2低分涨停修正,涨停封板不可买,涨停封板不可买，放观察池跟踪,v2,强势,68.83,0.97,3.69,0,2026-05-07,common_index_cache,0.48,1.18,1.45,2.29,4.31,5.05,9.04,13.53
2026-05-07,603601,再升科技,63,9669.0,10jqka,post_close,2026-05-07 15:00:00,2026-05-06,2,2,41.0,-22.0,ok,2026-05-07,16.99,17.32,17.39,16.5,2561849.0,3.53,13.95,15.93,0.921,1.07,7.77,10.52,15.75,-0.69,0.079,False,False,0.0,66.0,普通观察,True,当日上涨；收在日内高位；温和放量；近5日趋势升温；站上20日线且不过热；连续上榜确认；市场强势且个股相对强势,人气排名明显回落,保留在样本池，继续看次日人气和承接。,v2,强势,68.83,0.97,3.69,0,2026-05-07,common_index_cache,0.48,1.18,1.45,2.29,4.31,5.05,2.56,12.24
2026-05-07,600158,中体产业,64,9660.0,10jqka,post_close,2026-05-07 15:00:00,2026-05-07,1,1,,,ok,2026-05-07,12.45,13.27,13.57,12.45,1820459.0,7.54,23.21,24.37,0.732,2.22,13.55,18.33,17.05,-2.21,0.268,False,False,0.0,48.0,不推送,False,当日强涨；放量仍可控；近5日趋势升温；站上20日线且不过热；市场强势且个股相对强势,-,不主动推送。,v2,强势,68.83,0.97,3.69,0,2026-05-07,common_index_cache,0.48,1.18,1.45,2.29,4.31,5.05,6.57,20.68
2026-05-07,002565,顺灏股份,65,9656.0,10jqka,post_close,2026-05-07 15:00:00,2026-05-06,2,2,82.0,17.0,ok,2026-05-07,19.7,19.86,19.99,19.19,1883300.0,3.44,7.24,6.95,0.838,1.12,4.03,0.38,6.39,-13.61,0.162,False,False,0.0,68.0,普通观察,True,当日上涨；收盘承接较强；温和放量；近5日趋势升温；站上20日线且不过热；连续上榜确认；人气排名明显上升；市场强势且个股相对强势,-,保留在样本池，继续看次日人气和承接。,v2,强势,68.83,0.97,3.69,0,2026-05-07,common_index_cache,0.48,1.18,1.45,2.29,4.31,5.05,2.47,3.26
2026-05-07,002428,云南锗业,66,9613.0,10jqka,post_close,2026-05-07 15:00:00,2026-05-06,2,2,21.0,-45.0,ok,2026-05-07,77.01,80.2,81.49,75.21,1056903.0,4.14,15.86,10.16,0.795,1.05,9.53,8.88,22.1,-3.09,0.205,False,False,0.0,60.0,普通观察,True,当日上涨；收盘承接较强；温和放量；近5日趋势升温；站上20日线且不过热；连续上榜确认；市场强势且个股相对强势,人气排名明显回落,保留在样本池，继续看次日人气和承接。,v2,强势,68.83,0.97,3.69,0,2026-05-07,common_index_cache,0.48,1.18,1.45,2.29,4.31,5.05,3.17,6.47
2026-05-07,603026,石大胜华,67,9608.0,10jqka,post_close,2026-05-07 15:00:00,2026-05-07,1,1,,,ok,2026-05-07,119.92,108.58,120.4,108.36,352275.0,-9.82,-8.95,-0.66,0.018,1.38,-5.01,-0.54,8.91,-11.12,0.04,False,False,0.0,0.0,不推送,False,温和放量；站上20日线且不过热,当日转弱；收盘承接偏弱；近5日趋势未确认；强势市里个股相对走弱,不主动推送。,v2,强势,68.83,0.97,3.69,0,2026-05-07,common_index_cache,0.48,1.18,1.45,2.29,4.31,5.05,-10.79,-4.35
2026-05-07,600330,天通股份,68,9494.0,10jqka,post_close,2026-05-07 15:00:00,2026-05-06,2,2,75.0,7.0,ok,2026-05-07,27.01,27.98,29.2,26.2,2293664.0,3.59,9.04,2.04,0.593,0.91,3.66,6.28,21.13,-4.18,0.407,False,False,0.0,42.0,不推送,False,当日上涨；温和放量；站上20日线且不过热；连续上榜确认；市场强势且个股相对强势,-,不主动推送。,v2,强势,68.83,0.97,3.69,0,2026-05-07,common_index_cache,0.48,1.18,1.45,2.29,4.31,5.05,2.62,-1.65
2026-05-07,603799,华友钴业,69,9428.0,10jqka,post_close,2026-05-07 15:00:00,2026-05-07,1,1,,,ok,2026-05-07,68.86,68.2,70.85,67.23,1102407.0,0.34,0.8,2.87,0.268,1.23,1.74,3.54,6.06,-14.86,0.55,False,False,0.0,4.0,不推送,False,温和放量；站上20日线且不过热,收盘承接偏弱；上影线偏长,不主动推送。,v2,强势,68.83,0.97,3.69,0,2026-05-07,common_index_cache,0.48,1.18,1.45,2.29,4.31,5.05,-0.63,-0.82
2026-05-07,603778,国晟科技,70,9380.0,10jqka,post_close,2026-05-07 15:00:00,2026-05-06,2,2,60.0,-10.0,ok,2026-05-07,28.16,25.91,29.46,25.12,1161079.0,-7.17,-5.33,-1.71,0.182,1.95,-2.64,-3.17,-7.84,-24.39,0.3,False,False,0.0,0.0,不推送,False,放量仍可控；连续上榜确认,当日转弱；收盘承接偏弱；近5日趋势未确认；仍在20日线下方；强势市里个股相对走弱,不主动推送。,v2,强势,68.83,0.97,3.69,0,2026-05-07,common_index_cache,0.48,1.18,1.45,2.29,4.31,5.05,-8.14,-5.4
2026-05-07,603986,兆易创新,71,9245.0,10jqka,post_close,2026-05-07 15:00:00,2026-05-06,2,2,23.0,-48.0,ok,2026-05-07,347.0,350.16,357.36,339.0,523879.0,1.7,13.36,15.4,0.608,1.24,7.82,11.16,19.64,-2.01,0.392,False,False,0.0,42.0,不推送,False,温和放量；近5日趋势升温；站上20日线且不过热；连续上榜确认；市场强势且个股相对强势,人气排名明显回落,不主动推送。,v2,强势,68.83,0.97,3.69,0,2026-05-07,common_index_cache,0.48,1.18,1.45,2.29,4.31,5.05,0.73,11.71
2026-05-07,600816,建元信托,72,9224.0,10jqka,post_close,2026-05-07 15:00:00,2026-05-07,1,1,,,ok,2026-05-07,2.94,3.02,3.08,2.94,1669935.0,2.03,9.42,14.39,0.571,1.01,5.52,9.98,13.98,-1.95,0.429,False,False,0.0,38.0,不推送,False,温和放量；近5日趋势升温；站上20日线且不过热；市场强势且个股相对强势,-,不主动推送。,v2,强势,68.83,0.97,3.69,0,2026-05-07,common_index_cache,0.48,1.18,1.45,2.29,4.31,5.05,1.06,10.7
2026-05-07,002655,共达电声,73,9171.0,10jqka,post_close,2026-05-07 15:00:00,2026-05-07,1,1,,,ok,2026-05-07,32.53,35.81,35.81,32.4,261874.0,10.02,16.64,38.26,1.0,0.42,12.97,26.84,44.06,0.0,0.0,True,False,0.0,37.0,观察池,False,当日涨停附近；收在日内高位；近5日强势延续；市场强势且个股相对强势,量能不足；短线涨幅偏高；偏离20日线较大；涨停封板不可买,涨停封板不可买，放观察池跟踪,v2,强势,68.83,0.97,3.69,0,2026-05-07,common_index_cache,0.48,1.18,1.45,2.29,4.31,5.05,9.05,34.57
2026-05-07,000592,平潭发展,74,9107.0,10jqka,post_close,2026-05-07 15:00:00,2026-05-07,1,1,,,ok,2026-05-07,10.9,11.34,11.52,10.84,2531927.0,3.94,6.58,5.29,0.735,1.71,3.9,4.14,1.07,-14.09,0.265,False,False,0.0,46.0,不推送,False,当日上涨；温和放量；近5日趋势升温；站上20日线且不过热；市场强势且个股相对强势,-,不主动推送。,v2,强势,68.83,0.97,3.69,0,2026-05-07,common_index_cache,0.48,1.18,1.45,2.29,4.31,5.05,2.97,1.6
2026-05-07,600736,苏州高新,75,9065.0,10jqka,post_close,2026-05-07 15:00:00,2026-05-07,1,1,,,ok,2026-05-07,8.79,9.65,9.65,8.6,2085095.0,10.03,14.88,26.14,1.0,0.98,12.76,17.91,34.91,0.0,0.0,True,False,0.0,65.0,观察池,False,当日涨停附近；收在日内高位；温和放量；近5日强势延续；市场强势且个股相对强势；v2低分涨停修正,短线涨幅偏高；偏离20日线较大；涨停封板不可买,涨停封板不可买，放观察池跟踪,v2,强势,68.83,0.97,3.69,0,2026-05-07,common_index_cache,0.48,1.18,1.45,2.29,4.31,5.05,9.06,22.45
2026-05-07,600770,综艺股份,76,9038.0,10jqka,post_close,2026-05-07 15:00:00,2026-05-06,2,2,51.0,-25.0,ok,2026-05-07,8.23,8.17,8.78,8.03,2673663.0,-2.51,3.55,17.39,0.187,1.19,2.84,14.41,27.49,-6.95,0.733,False,False,0.0,20.0,不推送,False,温和放量；近5日趋势升温；站上20日线且不过热；连续上榜确认；市场强势且个股相对强势,当日转弱；收盘承接偏弱；人气排名明显回落,不主动推送。,v2,强势,68.83,0.97,3.69,0,2026-05-07,common_index_cache,0.48,1.18,1.45,2.29,4.31,5.05,-3.48,13.7
2026-05-07,601899,紫金矿业,77,8978.0,10jqka,post_close,2026-05-07 15:00:00,2026-05-06,2,2,56.0,-21.0,ok,2026-05-07,34.84,34.46,35.17,34.12,3360414.0,0.73,0.94,2.68,0.324,1.22,1.92,0.61,0.55,-18.65,0.314,False,False,0.0,14.0,不推送,False,温和放量；站上20日线且不过热；连续上榜确认,收盘承接偏弱；人气排名明显回落,不主动推送。,v2,强势,68.83,0.97,3.69,0,2026-05-07,common_index_cache,0.48,1.18,1.45,2.29,4.31,5.05,-0.24,-1.01
2026-05-07,600884,杉杉股份,78,8564.0,10jqka,post_close,2026-05-07 15:00:00,2026-05-06,2,2,38.0,-40.0,ok,2026-05-07,17.6,16.99,17.6,16.89,2186830.0,-3.96,0.53,6.59,0.141,1.13,1.14,6.21,11.32,-5.98,0.0,False,False,0.0,20.0,不推送,False,温和放量；近5日趋势升温；站上20日线且不过热；连续上榜确认；市场强势且个股相对强势,当日转弱；收盘承接偏弱；人气排名明显回落,不主动推送。,v2,强势,68.83,0.97,3.69,0,2026-05-07,common_index_cache,0.48,1.18,1.45,2.29,4.31,5.05,-4.93,2.9
2026-05-07,300068,ST南都,79,8456.0,10jqka,post_close,2026-05-07 15:00:00,2026-05-07,1,1,,,ok,2026-05-07,5.66,5.71,6.17,5.66,2567306.0,-19.35,-48.37,-52.61,0.098,9.37,-35.01,-45.97,-49.86,-66.37,0.902,False,False,0.0,0.0,不推送,False,-,当日转弱；收盘承接偏弱；放量过猛；近5日趋势未确认；仍在20日线下方；强势市里个股相对走弱,不主动推送。,v2,强势,68.83,0.97,3.69,0,2026-05-07,common_index_cache,0.48,1.18,1.45,2.29,4.31,5.05,-20.32,-56.3
2026-05-07,000833,粤桂股份,80,8442.0,10jqka,post_close,2026-05-07 15:00:00,2026-05-07,1,1,,,ok,2026-05-07,29.5,27.14,29.57,27.0,1057079.0,-9.53,-5.89,-0.95,0.054,1.66,-6.52,-1.59,4.13,-14.44,0.027,False,False,0.0,0.0,不推送,False,温和放量；站上20日线且不过热,当日转弱；收盘承接偏弱；近5日趋势未确认；强势市里个股相对走弱,不主动推送。,v2,强势,68.83,0.97,3.69,0,2026-05-07,common_index_cache,0.48,1.18,1.45,2.29,4.31,5.05,-10.5,-4.64
2026-05-07,002498,汉缆股份,81,8421.0,10jqka,post_close,2026-05-07 15:00:00,2026-05-07,1,1,,,ok,2026-05-07,9.11,9.29,9.39,8.98,2427474.0,2.99,2.99,7.65,0.756,1.55,4.97,4.84,8.79,-15.16,0.244,False,False,0.0,48.0,不推送,False,收盘承接较强；温和放量；近5日趋势升温；站上20日线且不过热；市场强势且个股相对强势,-,不主动推送。,v2,强势,68.83,0.97,3.69,0,2026-05-07,common_index_cache,0.48,1.18,1.45,2.29,4.31,5.05,2.02,3.96
2026-05-07,002176,江特电机,82,8391.0,10jqka,post_close,2026-05-07 15:00:00,2026-05-06,2,2,80.0,-2.0,ok,2026-05-07,15.73,15.52,15.86,14.94,2653136.0,-1.15,-3.54,7.11,0.63,0.83,-0.5,8.85,23.51,-8.54,0.141,False,False,0.0,36.0,不推送,False,温和放量；近5日趋势升温；站上20日线且不过热；连续上榜确认；市场强势且个股相对强势,当日转弱,不主动推送。,v2,强势,68.83,0.97,3.69,0,2026-05-07,common_index_cache,0.48,1.18,1.45,2.29,4.31,5.05,-2.12,3.42
2026-05-07,300476,胜宏科技,83,8333.0,10jqka,post_close,2026-05-07 15:00:00,2026-05-07,1,1,,,ok,2026-05-07,330.0,338.06,340.87,330.0,562663.0,3.72,1.25,6.51,0.741,1.34,3.1,3.13,7.99,-3.35,0.259,False,False,0.0,46.0,不推送,False,当日上涨；温和放量；近5日趋势升温；站上20日线且不过热；市场强势且个股相对强势,-,不主动推送。,v2,强势,68.83,0.97,3.69,0,2026-05-07,common_index_cache,0.48,1.18,1.45,2.29,4.31,5.05,2.75,2.82
2026-05-07,600584,长电科技,84,8242.0,10jqka,post_close,2026-05-07 15:00:00,2026-05-06,2,2,53.0,-31.0,ok,2026-05-07,48.9,48.76,49.5,47.47,1321662.0,1.16,9.92,5.27,0.635,1.27,5.1,6.66,10.09,-3.12,0.296,False,False,0.0,38.0,不推送,False,温和放量；近5日趋势升温；站上20日线且不过热；连续上榜确认,人气排名明显回落,不主动推送。,v2,强势,68.83,0.97,3.69,0,2026-05-07,common_index_cache,0.48,1.18,1.45,2.29,4.31,5.05,0.19,1.58
2026-05-07,600821,金开新能,85,8210.0,10jqka,post_close,2026-05-07 15:00:00,2026-05-06,2,2,45.0,-40.0,ok,2026-05-07,8.6,8.85,8.94,8.47,2666566.0,3.15,2.08,3.27,0.809,1.18,4.76,1.22,2.49,-27.46,0.191,False,False,0.0,48.0,不推送,False,当日上涨；收盘承接较强；温和放量；站上20日线且不过热；连续上榜确认；市场强势且个股相对强势,人气排名明显回落,不主动推送。,v2,强势,68.83,0.97,3.69,0,2026-05-07,common_index_cache,0.48,1.18,1.45,2.29,4.31,5.05,2.18,-0.42
2026-05-07,002929,润建股份,86,8162.0,10jqka,post_close,2026-05-07 15:00:00,2026-05-07,1,1,,,ok,2026-05-07,70.0,71.12,71.12,68.7,64225.0,10.01,31.1,28.49,1.0,0.33,16.71,21.32,23.34,0.0,0.0,True,False,0.0,53.0,观察池,False,当日涨停附近；收在日内高位；近5日强势延续；站上20日线且不过热；市场强势且个股相对强势；v2低分涨停修正,量能不足；短线涨幅偏高；涨停封板不可买,涨停封板不可买，放观察池跟踪,v2,强势,68.83,0.97,3.69,0,2026-05-07,common_index_cache,0.48,1.18,1.45,2.29,4.31,5.05,9.04,24.8
2026-05-07,603738,泰晶科技,87,8157.0,10jqka,post_close,2026-05-07 15:00:00,2026-05-07,1,1,,,ok,2026-05-07,41.99,42.74,42.74,41.99,116989.0,10.01,7.33,9.79,1.0,0.18,9.07,11.93,30.39,-0.6,0.0,True,False,0.0,44.0,观察池,False,当日涨停附近；收在日内高位；近5日趋势升温；市场强势且个股相对强势,量能不足；偏离20日线较大；涨停封板不可买,涨停封板不可买，放观察池跟踪,v2,强势,68.83,0.97,3.69,0,2026-05-07,common_index_cache,0.48,1.18,1.45,2.29,4.31,5.05,9.04,6.1
2026-05-07,600666,奥瑞德,88,8113.0,10jqka,post_close,2026-05-07 15:00:00,2026-05-06,2,2,71.0,-17.0,ok,2026-05-07,5.76,5.91,5.94,5.71,3796183.0,2.6,6.49,1.72,0.87,1.18,5.54,-1.37,-5.76,-21.93,0.13,False,False,0.0,28.0,不推送,False,收盘承接较强；温和放量；连续上榜确认；市场强势且个股相对强势,仍在20日线下方,不主动推送。,v2,强势,68.83,0.97,3.69,0,2026-05-07,common_index_cache,0.48,1.18,1.45,2.29,4.31,5.05,1.63,-1.97
2026-05-07,600176,中国巨石,89,8106.0,10jqka,post_close,2026-05-07 15:00:00,2026-05-06,2,2,88.0,-1.0,ok,2026-05-07,37.01,37.93,38.43,36.4,1334336.0,2.51,6.25,13.43,0.754,0.82,5.58,10.39,17.0,-1.3,0.246,False,False,0.0,56.0,不推送,False,收盘承接较强；温和放量；近5日趋势升温；站上20日线且不过热；连续上榜确认；市场强势且个股相对强势,-,不主动推送。,v2,强势,68.83,0.97,3.69,0,2026-05-07,common_index_cache,0.48,1.18,1.45,2.29,4.31,5.05,1.54,9.74
2026-05-07,603256,宏和科技,90,8091.0,10jqka,post_close,2026-05-07 15:00:00,2026-05-07,1,1,,,ok,2026-05-07,135.0,144.11,144.11,135.0,221060.0,10.0,19.47,35.43,1.0,0.96,15.38,24.49,40.03,0.0,0.0,True,False,0.0,59.0,观察池,False,当日涨停附近；收在日内高位；温和放量；近5日强势延续；市场强势且个股相对强势,短线涨幅偏高；偏离20日线较大；涨停封板不可买,涨停封板不可买，放观察池跟踪,v2,强势,68.83,0.97,3.69,0,2026-05-07,common_index_cache,0.48,1.18,1.45,2.29,4.31,5.05,9.03,31.74
2026-05-07,600208,衢州发展,91,8087.0,10jqka,post_close,2026-05-07 15:00:00,2026-05-07,1,1,,,ok,2026-05-07,4.64,5.1,5.12,4.6,5776581.0,9.68,23.19,19.72,0.962,1.89,13.08,16.2,32.28,-0.39,0.038,True,False,0.0,66.0,观察池,False,当日涨停附近；收在日内高位；放量仍可控；近5日趋势升温；市场强势且个股相对强势；v2低分涨停修正,偏离20日线较大；涨停封板不可买,涨停封板不可买，放观察池跟踪,v2,强势,68.83,0.97,3.69,0,2026-05-07,common_index_cache,0.48,1.18,1.45,2.29,4.31,5.05,8.71,16.03
2026-05-07,301666,大普微,92,7943.0,10jqka,post_close,2026-05-07 15:00:00,2026-05-06,2,2,95.0,3.0,ok,2026-05-07,380.6,432.28,439.56,371.0,100629.0,14.06,46.04,80.33,0.894,1.09,28.8,53.63,59.3,-1.66,0.106,True,False,0.0,38.0,观察池,False,当日涨停附近；收盘承接较强；温和放量；连续上榜确认；市场强势且个股相对强势,短线涨幅过热；远离20日线过多；涨停封板不可买,涨停封板不可买，放观察池跟踪,v2,强势,68.83,0.97,3.69,0,2026-05-07,common_index_cache,0.48,1.18,1.45,2.29,4.31,5.05,13.09,76.64
2026-05-07,300014,亿纬锂能,93,7911.0,10jqka,post_close,2026-05-07 15:00:00,2026-05-07,1,1,,,ok,2026-05-07,75.55,71.81,75.98,71.0,1400095.0,-4.94,-3.09,0.53,0.163,1.74,-1.49,-0.86,2.16,-5.74,0.086,False,False,0.0,0.0,不推送,False,温和放量；站上20日线且不过热,当日转弱；收盘承接偏弱；强势市里个股相对走弱,不主动推送。,v2,强势,68.83,0.97,3.69,0,2026-05-07,common_index_cache,0.48,1.18,1.45,2.29,4.31,5.05,-5.91,-3.16
2026-05-07,002463,沪电股份,94,7843.0,10jqka,post_close,2026-05-07 15:00:00,2026-05-07,1,1,,,ok,2026-05-07,104.32,107.38,108.3,102.31,683633.0,2.96,5.81,2.81,0.846,1.17,3.93,3.99,11.14,-1.72,0.154,False,False,0.0,36.0,不推送,False,收盘承接较强；温和放量；站上20日线且不过热；市场强势且个股相对强势,-,不主动推送。,v2,强势,68.83,0.97,3.69,0,2026-05-07,common_index_cache,0.48,1.18,1.45,2.29,4.31,5.05,1.99,-0.88
2026-05-07,002192,融捷股份,95,7739.0,10jqka,post_close,2026-05-07 15:00:00,2026-05-07,1,1,,,ok,2026-05-07,111.18,105.1,111.18,103.08,413040.0,-5.47,5.85,16.24,0.249,1.05,2.03,12.72,23.53,-8.61,0.0,False,False,0.0,16.0,不推送,False,温和放量；近5日趋势升温；站上20日线且不过热；市场强势且个股相对强势,当日转弱；收盘承接偏弱,不主动推送。,v2,强势,68.83,0.97,3.69,0,2026-05-07,common_index_cache,0.48,1.18,1.45,2.29,4.31,5.05,-6.44,12.55
2026-05-07,002460,赣锋锂业,96,7729.0,10jqka,post_close,2026-05-07 15:00:00,2026-05-07,1,1,,,ok,2026-05-07,90.75,88.0,90.75,86.58,888511.0,-3.77,1.27,4.62,0.341,1.11,0.66,3.32,4.46,-4.0,0.0,False,False,0.0,0.0,不推送,False,温和放量；站上20日线且不过热,当日转弱；收盘承接偏弱；强势市里个股相对走弱,不主动推送。,v2,强势,68.83,0.97,3.69,0,2026-05-07,common_index_cache,0.48,1.18,1.45,2.29,4.31,5.05,-4.74,0.93
2026-05-07,300390,天华新能,97,7723.0,10jqka,post_close,2026-05-07 15:00:00,2026-05-07,1,1,,,ok,2026-05-07,113.0,111.08,113.81,107.2,729726.0,-3.16,0.52,17.88,0.587,0.94,2.9,13.84,29.29,-6.7,0.123,False,False,0.0,18.0,不推送,False,温和放量；近5日趋势升温；市场强势且个股相对强势,当日转弱；偏离20日线较大,不主动推送。,v2,强势,68.83,0.97,3.69,0,2026-05-07,common_index_cache,0.48,1.18,1.45,2.29,4.31,5.05,-4.13,14.19
2026-05-07,603906,龙蟠科技,98,7656.0,10jqka,post_close,2026-05-07 15:00:00,2026-05-07,1,1,,,ok,2026-05-07,33.21,31.6,33.49,31.03,830719.0,-5.95,-4.21,0.29,0.232,1.14,-2.08,1.77,15.84,-8.46,0.114,False,False,0.0,0.0,不推送,False,温和放量；站上20日线且不过热,当日转弱；收盘承接偏弱；强势市里个股相对走弱,不主动推送。,v2,强势,68.83,0.97,3.69,0,2026-05-07,common_index_cache,0.48,1.18,1.45,2.29,4.31,5.05,-6.92,-3.4
2026-05-07,600703,三安光电,99,7602.0,10jqka,post_close,2026-05-07 15:00:00,2026-05-06,2,2,43.0,-56.0,ok,2026-05-07,14.68,15.14,15.25,14.61,3020065.0,3.13,8.61,2.78,0.828,1.25,5.99,4.21,12.39,-19.34,0.172,False,False,0.0,48.0,不推送,False,当日上涨；收盘承接较强；温和放量；站上20日线且不过热；连续上榜确认；市场强势且个股相对强势,人气排名明显回落,不主动推送。,v2,强势,68.83,0.97,3.69,0,2026-05-07,common_index_cache,0.48,1.18,1.45,2.29,4.31,5.05,2.16,-0.91
2026-05-07,002185,华天科技,100,7569.0,10jqka,post_close,2026-05-07 15:00:00,2026-05-06,2,2,57.0,-43.0,ok,2026-05-07,13.85,13.94,13.98,13.53,2193162.0,2.35,9.16,8.15,0.911,1.29,5.46,7.84,10.28,-10.01,0.089,False,False,0.0,58.0,不推送,False,收在日内高位；温和放量；近5日趋势升温；站上20日线且不过热；连续上榜确认；市场强势且个股相对强势,人气排名明显回落,不主动推送。,v2,强势,68.83,0.97,3.69,0,2026-05-07,common_index_cache,0.48,1.18,1.45,2.29,4.31,5.05,1.38,4.46
2026-05-08,002081,金螳螂,1,30035.0,10jqka,intraday_0950,2026-05-08 09:50:00,2026-05-06,3,3,2.0,1.0,ok,2026-05-08,6.43,6.85,7.18,6.43,2879631.0,-4.06,16.1,40.66,0.56,0.69,7.91,21.67,48.72,-4.6,0.44,False,False,0.0,25.0,不推送,False,人气Top3；近5日强势延续；连续上榜确认；市场强势且个股相对强势,当日转弱；短线涨幅偏高；远离20日线过多,不主动推送。,v2,强势,59.05,-0.41,4.11,0,2026-05-08,common_index_cache,-0.0,-0.5,-0.96,2.48,4.94,5.54,-3.65,36.55
2026-05-08,000066,中国长城,2,23386.0,10jqka,intraday_0950,2026-05-08 09:50:00,2026-05-06,3,3,1.0,-1.0,ok,2026-05-08,23.78,23.18,23.9,23.11,1849992.0,-3.34,16.95,30.01,0.089,0.52,8.52,22.23,34.85,-3.34,0.152,False,False,0.0,23.0,不推送,False,人气Top3；近5日强势延续；连续上榜确认；市场强势且个股相对强势,当日转弱；收盘承接偏弱；短线涨幅偏高；偏离20日线较大,不主动推送。,v2,强势,59.05,-0.41,4.11,0,2026-05-08,common_index_cache,-0.0,-0.5,-0.96,2.48,4.94,5.54,-2.93,25.9
2026-05-08,603538,美诺华,3,20091.0,10jqka,intraday_0950,2026-05-08 09:50:00,2026-05-06,3,3,61.0,58.0,ok,2026-05-08,61.0,58.38,61.6,57.0,234865.0,-5.3,-6.53,-2.89,0.3,0.38,-7.71,-2.12,5.98,-17.06,0.13,False,False,0.0,13.0,不推送,False,人气Top3；站上20日线且不过热；连续上榜确认；人气排名明显上升,当日转弱；收盘承接偏弱；量能不足；近5日趋势未确认；强势市里个股相对走弱,不主动推送。,v2,强势,59.05,-0.41,4.11,0,2026-05-08,common_index_cache,-0.0,-0.5,-0.96,2.48,4.94,5.54,-4.89,-7.0
2026-05-08,002342,巨力索具,4,18840.0,10jqka,intraday_0950,2026-05-08 09:50:00,2026-05-06,3,3,60.0,56.0,ok,2026-05-08,22.12,22.12,22.5,21.74,907606.0,0.0,11.66,19.7,0.5,0.42,7.32,11.65,18.41,-1.69,0.5,False,False,0.0,52.0,不推送,False,人气Top10；近5日趋势升温；站上20日线且不过热；连续上榜确认；人气排名明显上升；市场强势且个股相对强势,量能不足,不主动推送。,v2,强势,59.05,-0.41,4.11,0,2026-05-08,common_index_cache,-0.0,-0.5,-0.96,2.48,4.94,5.54,0.41,15.59
2026-05-08,601991,大唐发电,5,18063.0,10jqka,intraday_0950,2026-05-08 09:50:00,2026-05-06,3,3,7.0,2.0,ok,2026-05-08,5.54,5.54,5.54,5.54,1321693.0,9.92,33.17,37.13,1.0,0.47,17.32,25.54,33.43,0.0,0.0,True,True,0.0,63.0,观察池,False,人气Top10；当日涨停附近；收在日内高位；近5日强势延续；连续上榜确认；市场强势且个股相对强势,量能不足；短线涨幅偏高；偏离20日线较大；一字或近似一字，参与点差；一字板不可买,一字板不可买，放观察池跟踪,v2,强势,59.05,-0.41,4.11,0,2026-05-08,common_index_cache,-0.0,-0.5,-0.96,2.48,4.94,5.54,10.33,33.02
2026-05-08,002217,合力泰,6,17542.0,10jqka,intraday_0950,2026-05-08 09:50:00,2026-05-06,3,3,5.0,-1.0,ok,2026-05-08,3.61,3.51,3.65,3.43,6750114.0,0.29,21.45,17.79,0.364,0.71,8.67,15.16,24.25,-3.84,0.182,False,False,0.0,44.0,不推送,False,人气Top10；近5日趋势升温；站上20日线且不过热；连续上榜确认；市场强势且个股相对强势,收盘承接偏弱,不主动推送。,v2,强势,59.05,-0.41,4.11,0,2026-05-08,common_index_cache,-0.0,-0.5,-0.96,2.48,4.94,5.54,0.7,13.68
2026-05-08,603778,国晟科技,7,16377.0,10jqka,intraday_0950,2026-05-08 09:50:00,2026-05-06,3,3,70.0,63.0,ok,2026-05-08,25.89,26.0,26.56,24.65,303127.0,0.35,-2.26,2.89,0.707,0.43,-2.83,-1.73,-6.6,-24.13,0.293,False,False,0.0,20.0,不推送,False,人气Top10；连续上榜确认；人气排名明显上升,量能不足；仍在20日线下方,不主动推送。,v2,强势,59.05,-0.41,4.11,0,2026-05-08,common_index_cache,-0.0,-0.5,-0.96,2.48,4.94,5.54,0.76,-1.22
2026-05-08,601868,中国能建,8,14566.0,10jqka,intraday_0950,2026-05-08 09:50:00,2026-05-07,2,2,4.0,-4.0,ok,2026-05-08,3.2,3.24,3.28,3.15,11521530.0,3.85,14.49,16.55,0.692,1.91,8.87,10.32,11.15,-17.77,0.308,False,False,0.0,80.0,重点观察,True,人气Top10；当日上涨；放量仍可控；近5日趋势升温；站上20日线且不过热；连续上榜确认；市场强势且个股相对强势；v2连榜升温修正,-,只做观察或轻仓试错，等待回落承接和量能不失控。,v2,强势,59.05,-0.41,4.11,0,2026-05-08,common_index_cache,-0.0,-0.5,-0.96,2.48,4.94,5.54,4.26,12.44
2026-05-08,600522,中天科技,9,14508.0,10jqka,intraday_0950,2026-05-08 09:50:00,2026-05-06,3,3,19.0,10.0,ok,2026-05-08,38.2,40.01,40.18,38.2,1321372.0,4.25,20.8,14.31,0.914,0.56,10.72,13.16,23.18,-0.42,0.086,False,False,0.0,84.0,重点观察,True,人气Top10；当日上涨；收在日内高位；近5日趋势升温；站上20日线且不过热；连续上榜确认；人气排名明显上升；市场强势且个股相对强势,-,只做观察或轻仓试错，等待回落承接和量能不失控。,v2,强势,59.05,-0.41,4.11,0,2026-05-08,common_index_cache,-0.0,-0.5,-0.96,2.48,4.94,5.54,4.66,10.2
2026-05-08,002384,东山精密,10,13970.0,10jqka,intraday_0950,2026-05-08 09:50:00,2026-05-06,3,3,3.0,-7.0,ok,2026-05-08,210.0,211.56,213.58,208.0,295743.0,0.23,13.3,15.04,0.638,0.34,7.34,10.36,24.85,-0.95,0.362,False,False,0.0,48.0,不推送,False,人气Top10；近5日趋势升温；站上20日线且不过热；连续上榜确认；市场强势且个股相对强势,量能不足,不主动推送。,v2,强势,59.05,-0.41,4.11,0,2026-05-08,common_index_cache,-0.0,-0.5,-0.96,2.48,4.94,5.54,0.64,10.93
2026-05-08,300058,蓝色光标,11,12642.0,10jqka,intraday_0950,2026-05-08 09:50:00,2026-05-06,2,1,92.0,81.0,ok,2026-05-08,18.62,18.8,18.88,18.15,1584642.0,-0.69,9.81,12.64,0.89,0.35,3.68,4.29,6.37,-18.9,0.11,False,False,0.0,36.0,不推送,False,人气Top20；收盘承接较强；近5日趋势升温；站上20日线且不过热；人气排名明显上升；市场强势且个股相对强势,当日转弱；量能不足,不主动推送。,v2,强势,59.05,-0.41,4.11,0,2026-05-08,common_index_cache,-0.0,-0.5,-0.96,2.48,4.94,5.54,-0.28,8.53
2026-05-08,002580,圣阳股份,12,12210.0,10jqka,intraday_0950,2026-05-08 09:50:00,2026-05-06,3,3,26.0,14.0,ok,2026-05-08,30.3,32.9,32.9,30.3,814817.0,10.0,19.72,11.53,1.0,0.67,10.65,14.08,24.03,-2.2,0.0,True,False,0.0,100.0,观察池,False,人气Top20；当日涨停附近；收在日内高位；近5日趋势升温；站上20日线且不过热；连续上榜确认；人气排名明显上升；市场强势且个股相对强势；v2强势延续修正,涨停封板不可买,涨停封板不可买，放观察池跟踪,v2,强势,59.05,-0.41,4.11,0,2026-05-08,common_index_cache,-0.0,-0.5,-0.96,2.48,4.94,5.54,10.41,7.42
2026-05-08,600396,华电辽能,13,11965.0,10jqka,intraday_0950,2026-05-08 09:50:00,2026-05-06,3,3,10.0,-3.0,ok,2026-05-08,12.38,13.12,13.2,12.35,1428833.0,9.33,32.26,21.48,0.906,0.46,16.35,24.63,45.73,-0.61,0.094,False,False,0.0,52.0,不推送,False,人气Top20；当日强涨；收在日内高位；近5日趋势升温；连续上榜确认；市场强势且个股相对强势,量能不足；远离20日线过多,不主动推送。,v2,强势,59.05,-0.41,4.11,0,2026-05-08,common_index_cache,-0.0,-0.5,-0.96,2.48,4.94,5.54,9.74,17.37
2026-05-08,600745,*ST闻泰,14,11657.0,10jqka,intraday_0950,2026-05-08 09:50:00,2026-05-06,3,3,16.0,2.0,ok,2026-05-08,24.1,24.1,24.1,24.1,7091.0,-5.01,-14.3,-15.91,1.0,0.04,-8.78,-12.44,-18.08,-40.05,,False,False,0.0,7.0,不推送,False,人气Top20；收在日内高位；连续上榜确认,当日转弱；量能不足；近5日趋势未确认；仍在20日线下方；强势市里个股相对走弱,不主动推送。,v2,强势,59.05,-0.41,4.11,0,2026-05-08,common_index_cache,-0.0,-0.5,-0.96,2.48,4.94,5.54,-4.6,-20.02
2026-05-08,002050,三花智控,15,11144.0,10jqka,intraday_0950,2026-05-08 09:50:00,2026-05-06,3,3,24.0,9.0,ok,2026-05-08,50.0,50.46,51.42,49.71,588287.0,0.28,7.54,14.27,0.439,0.44,4.83,8.07,9.89,-8.29,0.561,False,False,0.0,22.0,不推送,False,人气Top20；近5日趋势升温；站上20日线且不过热；连续上榜确认；市场强势且个股相对强势,收盘承接偏弱；量能不足；上影线偏长,不主动推送。,v2,强势,59.05,-0.41,4.11,0,2026-05-08,common_index_cache,-0.0,-0.5,-0.96,2.48,4.94,5.54,0.69,10.16
2026-05-08,603399,永杉锂业,16,10798.0,10jqka,intraday_0950,2026-05-08 09:50:00,2026-05-06,3,3,15.0,-1.0,ok,2026-05-08,22.97,23.76,24.84,22.9,909774.0,5.23,22.54,48.22,0.443,1.52,13.48,34.61,58.19,-4.35,0.557,False,False,0.0,12.0,不推送,False,人气Top20；当日上涨；温和放量；连续上榜确认；市场强势且个股相对强势,收盘承接偏弱；短线涨幅过热；远离20日线过多；上影线偏长,不主动推送。,v2,强势,59.05,-0.41,4.11,0,2026-05-08,common_index_cache,-0.0,-0.5,-0.96,2.48,4.94,5.54,5.64,44.11
2026-05-08,002156,通富微电,17,10428.0,10jqka,intraday_0950,2026-05-08 09:50:00,2026-05-06,3,3,12.0,-5.0,ok,2026-05-08,58.31,57.61,58.6,57.0,462361.0,-2.49,11.28,14.65,0.381,0.36,4.78,10.59,16.76,-5.25,0.181,False,False,0.0,18.0,不推送,False,人气Top20；近5日趋势升温；站上20日线且不过热；连续上榜确认；市场强势且个股相对强势,当日转弱；收盘承接偏弱；量能不足,不主动推送。,v2,强势,59.05,-0.41,4.11,0,2026-05-08,common_index_cache,-0.0,-0.5,-0.96,2.48,4.94,5.54,-2.08,10.54
2026-05-08,603256,宏和科技,18,9904.0,10jqka,intraday_0950,2026-05-08 09:50:00,2026-05-07,2,2,90.0,72.0,ok,2026-05-08,144.98,148.81,149.9,138.68,95300.0,3.26,24.95,35.71,0.903,0.42,12.11,24.01,39.2,-0.73,0.097,False,False,0.0,51.0,不推送,False,人气Top20；当日上涨；收在日内高位；近5日强势延续；连续上榜确认；人气排名明显上升；市场强势且个股相对强势,量能不足；短线涨幅偏高；偏离20日线较大,不主动推送。,v2,强势,59.05,-0.41,4.11,0,2026-05-08,common_index_cache,-0.0,-0.5,-0.96,2.48,4.94,5.54,3.67,31.6
2026-05-08,600186,莲花控股,19,9667.0,10jqka,intraday_0950,2026-05-08 09:50:00,2026-05-06,3,3,6.0,-13.0,ok,2026-05-08,10.8,10.6,10.85,10.28,1181628.0,-4.76,-1.12,7.72,0.561,0.32,-3.05,4.92,19.12,-8.23,0.088,False,False,0.0,30.0,不推送,False,人气Top20；近5日趋势升温；站上20日线且不过热；连续上榜确认；市场强势且个股相对强势,当日转弱；量能不足,不主动推送。,v2,强势,59.05,-0.41,4.11,0,2026-05-08,common_index_cache,-0.0,-0.5,-0.96,2.48,4.94,5.54,-4.35,3.61
2026-05-08,603629,利通电子,20,9381.0,10jqka,intraday_0950,2026-05-08 09:50:00,2026-05-06,3,3,27.0,7.0,ok,2026-05-08,153.01,165.58,165.87,153.01,153556.0,4.61,14.66,38.73,0.977,0.55,9.16,25.41,51.33,-0.58,0.023,False,False,0.0,45.0,不推送,False,人气Top20；当日上涨；收在日内高位；近5日强势延续；连续上榜确认；市场强势且个股相对强势,短线涨幅偏高；远离20日线过多,不主动推送。,v2,强势,59.05,-0.41,4.11,0,2026-05-08,common_index_cache,-0.0,-0.5,-0.96,2.48,4.94,5.54,5.02,34.62
2026-05-08,301171,易点天下,21,9218.0,10jqka,intraday_0950,2026-05-08 09:50:00,2026-05-08,1,1,,,ok,2026-05-08,45.05,42.9,46.28,42.81,1496123.0,-0.23,28.17,33.23,0.026,3.1,13.69,17.71,17.33,-25.2,0.354,False,False,0.0,3.0,不推送,False,人气Top50；近5日强势延续；站上20日线且不过热；市场强势且个股相对强势,当日转弱；收盘承接偏弱；短线涨幅偏高,不主动推送。,v2,强势,59.05,-0.41,4.11,0,2026-05-08,common_index_cache,-0.0,-0.5,-0.96,2.48,4.94,5.54,0.18,29.12
2026-05-08,600673,东阳光,22,9191.0,10jqka,intraday_0950,2026-05-08 09:50:00,2026-05-06,3,3,44.0,22.0,ok,2026-05-08,42.83,41.13,42.83,40.2,960499.0,-3.97,16.19,23.81,0.354,1.91,7.42,14.61,19.19,-3.97,0.0,False,False,0.0,30.0,不推送,False,人气Top50；放量仍可控；近5日趋势升温；站上20日线且不过热；连续上榜确认；人气排名明显上升；市场强势且个股相对强势,当日转弱；收盘承接偏弱,不主动推送。,v2,强势,59.05,-0.41,4.11,0,2026-05-08,common_index_cache,-0.0,-0.5,-0.96,2.48,4.94,5.54,-3.56,19.7
2026-05-08,002709,天赐材料,23,8825.0,10jqka,intraday_0950,2026-05-08 09:50:00,2026-05-06,3,3,20.0,-3.0,ok,2026-05-08,61.62,61.85,63.4,61.2,367076.0,-1.51,2.21,14.69,0.295,0.22,0.25,8.26,17.99,-4.82,0.705,False,False,0.0,10.0,不推送,False,人气Top50；近5日趋势升温；站上20日线且不过热；连续上榜确认；市场强势且个股相对强势,当日转弱；收盘承接偏弱；量能不足,不主动推送。,v2,强势,59.05,-0.41,4.11,0,2026-05-08,common_index_cache,-0.0,-0.5,-0.96,2.48,4.94,5.54,-1.1,10.58
2026-05-08,600487,亨通光电,24,8758.0,10jqka,intraday_0950,2026-05-08 09:50:00,2026-05-06,3,3,28.0,4.0,ok,2026-05-08,74.25,79.29,79.49,74.25,606923.0,4.38,20.68,16.11,0.962,0.36,10.09,12.53,25.21,-0.25,0.038,False,False,0.0,56.0,不推送,False,人气Top50；当日上涨；收在日内高位；近5日趋势升温；站上20日线且不过热；连续上榜确认；市场强势且个股相对强势,量能不足,不主动推送。,v2,强势,59.05,-0.41,4.11,0,2026-05-08,common_index_cache,-0.0,-0.5,-0.96,2.48,4.94,5.54,4.79,12.0
2026-05-08,002149,西部材料,25,8644.0,10jqka,intraday_0950,2026-05-08 09:50:00,2026-05-06,3,3,9.0,-16.0,ok,2026-05-08,72.78,72.61,74.48,72.01,268997.0,-1.17,14.33,28.29,0.243,0.34,7.67,13.81,25.45,-2.67,0.688,False,False,0.0,3.0,不推送,False,人气Top50；近5日强势延续；站上20日线且不过热；连续上榜确认；市场强势且个股相对强势,当日转弱；收盘承接偏弱；量能不足；短线涨幅偏高,不主动推送。,v2,强势,59.05,-0.41,4.11,0,2026-05-08,common_index_cache,-0.0,-0.5,-0.96,2.48,4.94,5.54,-0.76,24.18
2026-05-08,600736,苏州高新,26,8351.0,10jqka,intraday_0950,2026-05-08 09:50:00,2026-05-07,2,2,75.0,49.0,ok,2026-05-08,9.55,10.31,10.36,9.19,896354.0,6.84,26.5,31.84,0.957,0.41,13.85,20.97,39.83,-0.48,0.043,False,False,0.0,43.0,不推送,False,人气Top50；当日上涨；收在日内高位；近5日强势延续；连续上榜确认；人气排名明显上升；市场强势且个股相对强势,量能不足；短线涨幅偏高；偏离20日线较大,不主动推送。,v2,强势,59.05,-0.41,4.11,0,2026-05-08,common_index_cache,-0.0,-0.5,-0.96,2.48,4.94,5.54,7.25,27.73
2026-05-08,002491,通鼎互联,27,8329.0,10jqka,intraday_0950,2026-05-08 09:50:00,2026-05-07,2,2,38.0,11.0,ok,2026-05-08,20.04,20.66,20.66,20.03,638932.0,10.01,30.76,24.76,1.0,0.53,16.22,20.14,26.69,0.0,0.0,True,False,0.0,88.0,观察池,False,人气Top50；当日涨停附近；收在日内高位；近5日趋势升温；站上20日线且不过热；连续上榜确认；人气排名明显上升；市场强势且个股相对强势；v2低分涨停修正,涨停封板不可买,涨停封板不可买，放观察池跟踪,v2,强势,59.05,-0.41,4.11,0,2026-05-08,common_index_cache,-0.0,-0.5,-0.96,2.48,4.94,5.54,10.42,20.65
2026-05-08,000818,航锦科技,28,8317.0,10jqka,intraday_0950,2026-05-08 09:50:00,2026-05-07,2,2,59.0,31.0,ok,2026-05-08,19.0,18.95,19.6,18.61,512518.0,2.21,23.69,35.16,0.343,0.89,11.37,20.77,23.71,-26.83,0.606,False,False,0.0,33.0,不推送,False,人气Top50；温和放量；近5日强势延续；站上20日线且不过热；连续上榜确认；人气排名明显上升；市场强势且个股相对强势,收盘承接偏弱；短线涨幅偏高；上影线偏长,不主动推送。,v2,强势,59.05,-0.41,4.11,0,2026-05-08,common_index_cache,-0.0,-0.5,-0.96,2.48,4.94,5.54,2.62,31.05
2026-05-08,601010,ST文峰,29,8087.0,10jqka,intraday_0950,2026-05-08 09:50:00,2026-05-08,1,1,,,ok,2026-05-07,2.0,2.0,2.0,2.0,17516.0,-4.76,-14.16,-13.04,1.0,0.08,-9.09,-12.74,-13.18,-27.01,,False,False,1.0,0.0,不推送,False,人气Top50；收在日内高位,当日转弱；量能不足；近5日趋势未确认；仍在20日线下方；强势市里个股相对走弱,不主动推送。,v2,强势,59.05,-0.41,4.11,0,2026-05-08,common_index_cache,-0.0,-0.5,-0.96,2.48,4.94,5.54,-4.35,-17.15
2026-05-08,000858,五粮液,30,8071.0,10jqka,intraday_0950,2026-05-08 09:50:00,2026-05-06,3,3,14.0,-16.0,ok,2026-05-08,92.6,92.24,92.69,91.66,75695.0,-0.39,-4.99,-7.94,0.563,0.18,-2.4,-5.49,-7.84,-16.72,0.087,False,False,0.0,0.0,不推送,False,人气Top50；连续上榜确认,当日转弱；量能不足；近5日趋势未确认；仍在20日线下方；强势市里个股相对走弱,不主动推送。,v2,强势,59.05,-0.41,4.11,0,2026-05-08,common_index_cache,-0.0,-0.5,-0.96,2.48,4.94,5.54,0.02,-12.05
2026-05-08,600105,永鼎股份,31,8010.0,10jqka,intraday_0950,2026-05-08 09:50:00,2026-05-07,2,2,11.0,-20.0,ok,2026-05-08,46.09,48.75,48.97,45.92,621628.0,2.59,14.95,8.7,0.928,0.36,8.01,5.5,15.32,-4.41,0.072,False,False,0.0,44.0,不推送,False,人气Top50；收在日内高位；近5日趋势升温；站上20日线且不过热；连续上榜确认；市场强势且个股相对强势,量能不足；人气排名明显回落,不主动推送。,v2,强势,59.05,-0.41,4.11,0,2026-05-08,common_index_cache,-0.0,-0.5,-0.96,2.48,4.94,5.54,3.0,4.59
2026-05-08,002361,神剑股份,32,7801.0,10jqka,intraday_0950,2026-05-08 09:50:00,2026-05-06,3,3,40.0,8.0,ok,2026-05-08,21.5,22.77,23.55,21.14,2821821.0,5.42,10.8,13.74,0.676,1.13,7.22,5.44,14.12,-4.93,0.324,False,False,0.0,70.0,普通观察,True,人气Top50；当日上涨；温和放量；近5日趋势升温；站上20日线且不过热；连续上榜确认；市场强势且个股相对强势；v2连榜升温修正,-,保留在样本池，继续看次日人气和承接。,v2,强势,59.05,-0.41,4.11,0,2026-05-08,common_index_cache,-0.0,-0.5,-0.96,2.48,4.94,5.54,5.83,9.63
2026-05-08,002281,光迅科技,33,7766.0,10jqka,intraday_0950,2026-05-08 09:50:00,2026-05-06,3,3,17.0,-16.0,ok,2026-05-08,200.0,198.0,204.0,194.8,250936.0,-0.4,37.23,44.53,0.348,0.37,25.28,36.92,54.87,-2.94,0.435,False,False,0.0,0.0,不推送,False,人气Top50；近5日强势延续；连续上榜确认；市场强势且个股相对强势,当日转弱；收盘承接偏弱；量能不足；短线涨幅偏高；远离20日线过多,不主动推送。,v2,强势,59.05,-0.41,4.11,0,2026-05-08,common_index_cache,-0.0,-0.5,-0.96,2.48,4.94,5.54,0.01,40.42
2026-05-08,603618,杭电股份,34,7711.0,10jqka,intraday_0950,2026-05-08 09:50:00,2026-05-06,3,3,46.0,12.0,ok,2026-05-08,34.48,37.46,37.62,34.48,567967.0,9.53,32.55,28.91,0.949,0.95,16.71,20.68,35.56,-0.43,0.051,True,False,0.0,85.0,观察池,False,人气Top50；当日涨停附近；收在日内高位；温和放量；近5日强势延续；连续上榜确认；人气排名明显上升；市场强势且个股相对强势；v2低分涨停修正,短线涨幅偏高；偏离20日线较大；涨停封板不可买,涨停封板不可买，放观察池跟踪,v2,强势,59.05,-0.41,4.11,0,2026-05-08,common_index_cache,-0.0,-0.5,-0.96,2.48,4.94,5.54,9.94,24.8
2026-05-08,600759,ST洲际,35,7662.0,10jqka,intraday_0950,2026-05-08 09:50:00,2026-05-06,3,3,54.0,19.0,ok,2026-05-08,4.01,4.01,4.01,4.01,21601.0,-4.98,-14.13,-22.59,1.0,0.04,-9.93,-16.82,-21.7,-55.89,,False,False,0.0,3.0,不推送,False,人气Top50；收在日内高位；连续上榜确认；人气排名明显上升,当日转弱；量能不足；近5日趋势未确认；仍在20日线下方；强势市里个股相对走弱,不主动推送。,v2,强势,59.05,-0.41,4.11,0,2026-05-08,common_index_cache,-0.0,-0.5,-0.96,2.48,4.94,5.54,-4.57,-26.7
2026-05-08,002929,润建股份,36,7647.0,10jqka,intraday_0950,2026-05-08 09:50:00,2026-05-07,2,2,86.0,50.0,ok,2026-05-08,78.23,78.23,78.23,75.88,189460.0,10.0,31.08,42.29,1.0,1.07,19.28,28.5,32.14,0.0,0.0,True,False,0.0,79.0,观察池,False,人气Top50；当日涨停附近；收在日内高位；温和放量；近5日强势延续；连续上榜确认；人气排名明显上升；市场强势且个股相对强势,短线涨幅偏高；偏离20日线较大；涨停封板不可买,涨停封板不可买，放观察池跟踪,v2,强势,59.05,-0.41,4.11,0,2026-05-08,common_index_cache,-0.0,-0.5,-0.96,2.48,4.94,5.54,10.41,38.18
2026-05-08,601778,晶科科技,37,7600.0,10jqka,intraday_0950,2026-05-08 09:50:00,2026-05-06,3,3,29.0,-8.0,ok,2026-05-08,7.41,7.49,7.53,7.3,1551576.0,0.94,15.23,5.2,0.826,0.25,5.43,6.27,15.51,-4.95,0.174,False,False,0.0,42.0,不推送,False,人气Top50；收盘承接较强；近5日趋势升温；站上20日线且不过热；连续上榜确认；市场强势且个股相对强势,量能不足,不主动推送。,v2,强势,59.05,-0.41,4.11,0,2026-05-08,common_index_cache,-0.0,-0.5,-0.96,2.48,4.94,5.54,1.35,1.09
2026-05-08,000988,华工科技,38,7467.0,10jqka,intraday_0950,2026-05-08 09:50:00,2026-05-06,3,3,18.0,-20.0,ok,2026-05-08,130.79,133.52,134.2,130.0,211782.0,0.01,11.7,15.51,0.838,0.23,5.84,9.53,12.26,-5.58,0.162,False,False,0.0,38.0,不推送,False,人气Top50；收盘承接较强；近5日趋势升温；站上20日线且不过热；连续上榜确认；市场强势且个股相对强势,量能不足；人气排名明显回落,不主动推送。,v2,强势,59.05,-0.41,4.11,0,2026-05-08,common_index_cache,-0.0,-0.5,-0.96,2.48,4.94,5.54,0.42,11.4
2026-05-08,002202,金风科技,39,7414.0,10jqka,intraday_0950,2026-05-08 09:50:00,2026-05-06,3,3,25.0,-14.0,ok,2026-05-08,28.09,28.62,28.92,28.01,606640.0,0.56,3.88,12.19,0.67,0.25,3.47,6.89,10.7,-14.05,0.33,False,False,0.0,32.0,不推送,False,人气Top50；近5日趋势升温；站上20日线且不过热；连续上榜确认；市场强势且个股相对强势,量能不足,不主动推送。,v2,强势,59.05,-0.41,4.11,0,2026-05-08,common_index_cache,-0.0,-0.5,-0.96,2.48,4.94,5.54,0.97,8.08
2026-05-08,002655,共达电声,40,7385.0,10jqka,intraday_0950,2026-05-08 09:50:00,2026-05-07,2,2,73.0,33.0,ok,2026-05-08,37.41,38.86,38.89,37.1,239700.0,8.52,23.29,39.23,0.983,0.41,14.67,30.59,50.32,-0.08,0.017,False,False,0.0,41.0,不推送,False,人气Top50；当日强涨；收在日内高位；近5日强势延续；连续上榜确认；人气排名明显上升；市场强势且个股相对强势,量能不足；短线涨幅偏高；远离20日线过多,不主动推送。,v2,强势,59.05,-0.41,4.11,0,2026-05-08,common_index_cache,-0.0,-0.5,-0.96,2.48,4.94,5.54,8.93,35.12
2026-05-08,000889,中嘉博创,41,7365.0,10jqka,intraday_0950,2026-05-08 09:50:00,2026-05-07,2,2,52.0,11.0,ok,2026-05-08,5.66,5.53,5.89,5.41,1526500.0,3.36,25.11,12.63,0.25,0.92,10.73,14.97,18.86,-6.11,0.479,False,False,0.0,48.0,不推送,False,人气Top50；当日上涨；温和放量；近5日趋势升温；站上20日线且不过热；连续上榜确认；人气排名明显上升；市场强势且个股相对强势,收盘承接偏弱；上影线偏长,不主动推送。,v2,强势,59.05,-0.41,4.11,0,2026-05-08,common_index_cache,-0.0,-0.5,-0.96,2.48,4.94,5.54,3.77,8.52
2026-05-08,600379,宝光股份,42,7346.0,10jqka,intraday_0950,2026-05-08 09:50:00,2026-05-06,3,3,23.0,-19.0,ok,2026-05-08,17.6,17.0,17.6,16.69,311324.0,-4.76,1.31,22.66,0.341,0.57,-0.4,14.42,25.93,-16.3,0.0,False,False,0.0,18.0,不推送,False,人气Top50；近5日趋势升温；站上20日线且不过热；连续上榜确认；市场强势且个股相对强势,当日转弱；收盘承接偏弱,不主动推送。,v2,强势,59.05,-0.41,4.11,0,2026-05-08,common_index_cache,-0.0,-0.5,-0.96,2.48,4.94,5.54,-4.35,18.55
2026-05-08,600726,华电能源,43,7085.0,10jqka,intraday_0950,2026-05-08 09:50:00,2026-05-06,3,3,33.0,-10.0,ok,2026-05-08,7.72,7.58,7.78,7.1,1147584.0,-2.82,15.02,7.98,0.706,0.25,5.87,16.51,34.77,-2.57,0.088,False,False,0.0,12.0,不推送,False,人气Top50；近5日趋势升温；连续上榜确认；市场强势且个股相对强势,当日转弱；量能不足；偏离20日线较大,不主动推送。,v2,强势,59.05,-0.41,4.11,0,2026-05-08,common_index_cache,-0.0,-0.5,-0.96,2.48,4.94,5.54,-2.41,3.87
2026-05-08,300394,天孚通信,44,6978.0,10jqka,intraday_0950,2026-05-08 09:50:00,2026-05-08,1,1,,,ok,2026-05-08,321.14,330.71,335.13,320.0,116326.0,0.78,7.55,6.75,0.708,0.3,3.76,0.98,-2.84,-14.97,0.292,False,False,0.0,16.0,不推送,False,人气Top50；近5日趋势升温；市场强势且个股相对强势,量能不足,不主动推送。,v2,强势,59.05,-0.41,4.11,0,2026-05-08,common_index_cache,-0.0,-0.5,-0.96,2.48,4.94,5.54,1.19,2.64
2026-05-08,601016,节能风电,45,6965.0,10jqka,intraday_0950,2026-05-08 09:50:00,2026-05-06,3,3,21.0,-24.0,ok,2026-05-08,4.92,4.99,5.1,4.91,2870821.0,0.0,17.14,5.5,0.421,0.42,6.22,8.71,15.35,-12.91,0.579,False,False,0.0,12.0,不推送,False,人气Top50；近5日趋势升温；站上20日线且不过热；连续上榜确认,收盘承接偏弱；量能不足；人气排名明显回落,不主动推送。,v2,强势,59.05,-0.41,4.11,0,2026-05-08,common_index_cache,-0.0,-0.5,-0.96,2.48,4.94,5.54,0.41,1.39
2026-05-08,002008,大族激光,46,6765.0,10jqka,intraday_0950,2026-05-08 09:50:00,2026-05-07,2,2,35.0,-11.0,ok,2026-05-08,115.4,113.38,118.29,113.0,190271.0,0.86,12.57,7.76,0.072,0.37,6.55,8.79,21.96,-4.15,0.546,False,False,0.0,14.0,不推送,False,人气Top50；近5日趋势升温；站上20日线且不过热；连续上榜确认；市场强势且个股相对强势,收盘承接偏弱；量能不足；上影线偏长,不主动推送。,v2,强势,59.05,-0.41,4.11,0,2026-05-08,common_index_cache,-0.0,-0.5,-0.96,2.48,4.94,5.54,1.27,3.65
2026-05-08,300068,ST南都,47,6758.0,10jqka,intraday_0950,2026-05-08 09:50:00,2026-05-07,2,2,79.0,32.0,ok,2026-05-08,5.45,5.55,5.61,5.41,536807.0,-2.8,-37.29,-50.58,0.7,0.73,-27.45,-43.71,-49.97,-67.31,0.3,False,False,0.0,0.0,不推送,False,人气Top50；连续上榜确认；人气排名明显上升,当日转弱；近5日趋势未确认；仍在20日线下方；强势市里个股相对走弱,不主动推送。,v2,强势,59.05,-0.41,4.11,0,2026-05-08,common_index_cache,-0.0,-0.5,-0.96,2.48,4.94,5.54,-2.39,-54.69
2026-05-08,601138,工业富联,48,6718.0,10jqka,intraday_0950,2026-05-08 09:50:00,2026-05-06,3,3,30.0,-18.0,ok,2026-05-08,63.0,63.18,64.2,62.77,1442285.0,-1.56,0.48,-7.36,0.287,0.56,-1.15,-3.52,2.01,-8.57,0.713,False,False,0.0,0.0,不推送,False,人气Top50；站上20日线且不过热；连续上榜确认,当日转弱；收盘承接偏弱；近5日趋势未确认；强势市里个股相对走弱,不主动推送。,v2,强势,59.05,-0.41,4.11,0,2026-05-08,common_index_cache,-0.0,-0.5,-0.96,2.48,4.94,5.54,-1.15,-11.47
2026-05-08,000815,美利云,49,6692.0,10jqka,intraday_0950,2026-05-08 09:50:00,2026-05-06,3,3,36.0,-13.0,ok,2026-05-08,21.93,21.97,22.22,21.6,422491.0,-0.72,15.51,9.36,0.597,0.37,5.73,7.54,6.68,-4.89,0.403,False,False,0.0,22.0,不推送,False,人气Top50；近5日趋势升温；站上20日线且不过热；连续上榜确认；市场强势且个股相对强势,当日转弱；量能不足,不主动推送。,v2,强势,59.05,-0.41,4.11,0,2026-05-08,common_index_cache,-0.0,-0.5,-0.96,2.48,4.94,5.54,-0.31,5.25
2026-05-08,603601,再升科技,50,6665.0,10jqka,intraday_0950,2026-05-08 09:50:00,2026-05-06,3,3,63.0,13.0,ok,2026-05-08,17.0,18.3,18.75,16.79,1096848.0,5.66,15.46,19.92,0.77,0.43,9.71,15.28,20.47,-2.4,0.23,False,False,0.0,54.0,不推送,False,人气Top50；当日上涨；收盘承接较强；近5日趋势升温；站上20日线且不过热；连续上榜确认；人气排名明显上升；市场强势且个股相对强势,量能不足,不主动推送。,v2,强势,59.05,-0.41,4.11,0,2026-05-08,common_index_cache,-0.0,-0.5,-0.96,2.48,4.94,5.54,6.07,15.81
2026-05-08,002436,兴森科技,51,6648.0,10jqka,intraday_0950,2026-05-08 09:50:00,2026-05-08,1,1,,,ok,2026-05-08,32.22,32.54,32.74,31.7,491682.0,0.37,17.43,16.71,0.808,0.31,8.76,11.34,20.47,-0.61,0.192,False,False,0.0,26.0,不推送,False,收盘承接较强；近5日趋势升温；站上20日线且不过热；市场强势且个股相对强势,量能不足,不主动推送。,v2,强势,59.05,-0.41,4.11,0,2026-05-08,common_index_cache,-0.0,-0.5,-0.96,2.48,4.94,5.54,0.78,12.6
2026-05-08,001309,德明利,52,6629.0,10jqka,intraday_0950,2026-05-08 09:50:00,2026-05-06,3,3,22.0,-30.0,ok,2026-05-08,599.23,596.0,608.03,592.9,56863.0,-3.33,13.56,20.07,0.205,0.34,5.02,11.79,17.76,-5.85,0.582,False,False,0.0,0.0,不推送,False,近5日趋势升温；站上20日线且不过热；连续上榜确认；市场强势且个股相对强势,当日转弱；收盘承接偏弱；量能不足；人气排名明显回落,不主动推送。,v2,强势,59.05,-0.41,4.11,0,2026-05-08,common_index_cache,-0.0,-0.5,-0.96,2.48,4.94,5.54,-2.92,15.96
2026-05-08,002183,怡亚通,53,6484.0,10jqka,intraday_0950,2026-05-08 09:50:00,2026-05-08,1,1,,,ok,2026-05-08,6.79,6.68,6.85,6.52,1890923.0,2.77,19.5,18.65,0.485,1.76,9.72,12.61,12.69,-2.48,0.182,False,False,0.0,38.0,不推送,False,温和放量；近5日趋势升温；站上20日线且不过热；市场强势且个股相对强势,-,不主动推送。,v2,强势,59.05,-0.41,4.11,0,2026-05-08,common_index_cache,-0.0,-0.5,-0.96,2.48,4.94,5.54,3.18,14.54
2026-05-08,000070,特发信息,54,6477.0,10jqka,intraday_0950,2026-05-08 09:50:00,2026-05-07,2,2,37.0,-17.0,ok,2026-05-08,19.97,20.92,21.11,19.69,688952.0,4.03,15.71,8.68,0.866,0.8,8.15,5.48,4.39,-7.02,0.134,False,False,0.0,64.0,普通观察,True,当日上涨；收盘承接较强；温和放量；近5日趋势升温；站上20日线且不过热；连续上榜确认；市场强势且个股相对强势,-,保留在样本池，继续看次日人气和承接。,v2,强势,59.05,-0.41,4.11,0,2026-05-08,common_index_cache,-0.0,-0.5,-0.96,2.48,4.94,5.54,4.44,4.57
2026-05-08,002428,云南锗业,55,6467.0,10jqka,intraday_0950,2026-05-08 09:50:00,2026-05-06,3,3,66.0,11.0,ok,2026-05-08,79.77,87.71,88.22,79.5,478892.0,9.36,25.28,25.88,0.942,0.49,14.16,16.04,30.07,-0.58,0.058,False,False,0.0,43.0,不推送,False,当日强涨；收在日内高位；近5日强势延续；连续上榜确认；人气排名明显上升；市场强势且个股相对强势,量能不足；短线涨幅偏高；偏离20日线较大,不主动推送。,v2,强势,59.05,-0.41,4.11,0,2026-05-08,common_index_cache,-0.0,-0.5,-0.96,2.48,4.94,5.54,9.77,21.77
2026-05-08,002181,粤传媒,56,6376.0,10jqka,intraday_0950,2026-05-08 09:50:00,2026-05-06,3,3,13.0,-43.0,ok,2026-05-08,18.6,17.9,19.04,17.72,486119.0,-4.38,8.55,24.13,0.136,0.38,3.78,16.13,24.91,-9.46,0.333,False,False,0.0,0.0,不推送,False,近5日趋势升温；站上20日线且不过热；连续上榜确认；市场强势且个股相对强势,当日转弱；收盘承接偏弱；量能不足；人气排名明显回落,不主动推送。,v2,强势,59.05,-0.41,4.11,0,2026-05-08,common_index_cache,-0.0,-0.5,-0.96,2.48,4.94,5.54,-3.97,20.02
2026-05-08,002297,博云新材,57,6351.0,10jqka,intraday_0950,2026-05-08 09:50:00,2026-05-06,3,3,32.0,-25.0,ok,2026-05-08,23.9,25.41,25.96,23.49,661005.0,2.67,3.71,12.53,0.777,0.33,4.24,10.56,35.38,-2.27,0.223,False,False,0.0,20.0,不推送,False,收盘承接较强；近5日趋势升温；连续上榜确认；市场强势且个股相对强势,量能不足；偏离20日线较大；人气排名明显回落,不主动推送。,v2,强势,59.05,-0.41,4.11,0,2026-05-08,common_index_cache,-0.0,-0.5,-0.96,2.48,4.94,5.54,3.08,8.42
2026-05-08,002131,利欧股份,58,6339.0,10jqka,intraday_0950,2026-05-08 09:50:00,2026-05-06,2,1,64.0,6.0,ok,2026-05-08,7.07,7.09,7.18,7.02,1368974.0,0.28,9.92,7.75,0.438,0.31,4.26,0.44,-6.0,-31.3,0.562,False,False,0.0,0.0,不推送,False,近5日趋势升温；市场强势且个股相对强势,收盘承接偏弱；量能不足；仍在20日线下方；上影线偏长,不主动推送。,v2,强势,59.05,-0.41,4.11,0,2026-05-08,common_index_cache,-0.0,-0.5,-0.96,2.48,4.94,5.54,0.69,3.64
2026-05-08,300502,新易盛,59,6199.0,10jqka,intraday_0950,2026-05-08 09:50:00,2026-05-06,3,3,8.0,-51.0,ok,2026-05-08,553.0,554.77,558.63,546.47,92455.0,-1.55,5.51,3.61,0.683,0.24,2.6,0.04,2.01,-11.63,0.317,False,False,0.0,0.0,不推送,False,站上20日线且不过热；连续上榜确认,当日转弱；量能不足；人气排名明显回落；强势市里个股相对走弱,不主动推送。,v2,强势,59.05,-0.41,4.11,0,2026-05-08,common_index_cache,-0.0,-0.5,-0.96,2.48,4.94,5.54,-1.14,-0.5
2026-05-08,688256,寒武纪,60,6196.0,10jqka,intraday_0950,2026-05-08 09:50:00,2026-05-06,3,3,53.0,-7.0,ok,2026-05-08,1217.03,1185.02,1220.0,1166.22,69602.0,-5.4,3.96,28.6,0.35,0.01,3.02,2.2,13.54,-15.93,0.055,False,False,0.0,0.0,不推送,False,近5日强势延续；站上20日线且不过热；连续上榜确认；市场强势且个股相对强势,当日转弱；收盘承接偏弱；量能不足；短线涨幅偏高,不主动推送。,v2,强势,59.05,-0.41,4.11,0,2026-05-08,common_index_cache,-0.0,-0.5,-0.96,2.48,4.94,5.54,-4.99,24.49
2026-05-08,002031,巨轮智能,61,6121.0,10jqka,intraday_0950,2026-05-08 09:50:00,2026-05-08,1,1,,,ok,2026-05-08,6.68,7.06,7.06,6.51,2021182.0,9.97,23.64,25.18,1.0,3.45,15.1,17.75,16.07,-11.42,0.0,True,False,0.0,61.0,观察池,False,当日涨停附近；收在日内高位；近5日强势延续；站上20日线且不过热；市场强势且个股相对强势；v2低分涨停修正,短线涨幅偏高；涨停封板不可买,涨停封板不可买，放观察池跟踪,v2,强势,59.05,-0.41,4.11,0,2026-05-08,common_index_cache,-0.0,-0.5,-0.96,2.48,4.94,5.54,10.38,21.07
2026-05-08,002475,立讯精密,62,6119.0,10jqka,intraday_0950,2026-05-08 09:50:00,2026-05-06,3,3,31.0,-31.0,ok,2026-05-08,77.39,77.7,77.75,76.08,516676.0,2.16,15.97,11.19,0.97,0.26,11.02,12.03,20.71,-0.06,0.03,False,False,0.0,36.0,不推送,False,收在日内高位；近5日趋势升温；站上20日线且不过热；连续上榜确认；市场强势且个股相对强势,量能不足；人气排名明显回落,不主动推送。,v2,强势,59.05,-0.41,4.11,0,2026-05-08,common_index_cache,-0.0,-0.5,-0.96,2.48,4.94,5.54,2.57,7.08
2026-05-08,002407,多氟多,63,6089.0,10jqka,intraday_0950,2026-05-08 09:50:00,2026-05-06,3,3,49.0,-14.0,ok,2026-05-08,37.04,35.19,38.28,35.0,1569310.0,-6.26,-3.08,4.24,0.058,0.89,-3.87,1.62,9.62,-9.77,0.378,False,False,0.0,5.0,不推送,False,温和放量；站上20日线且不过热；连续上榜确认,当日转弱；收盘承接偏弱；强势市里个股相对走弱,不主动推送。,v2,强势,59.05,-0.41,4.11,0,2026-05-08,common_index_cache,-0.0,-0.5,-0.96,2.48,4.94,5.54,-5.85,0.13
2026-05-08,920200,振宏股份,64,6048.0,10jqka,intraday_0950,2026-05-08 09:50:00,2026-05-08,1,1,,,ok,2026-05-08,66.01,73.53,78.0,66.01,65196.0,-21.79,,,0.627,0.29,-12.23,-12.23,-12.23,-43.44,0.373,False,False,0.0,0.0,不推送,False,-,当日转弱；量能不足；仍在20日线下方；强势市里个股相对走弱,不主动推送。,v2,强势,59.05,-0.41,4.11,0,2026-05-08,common_index_cache,-0.0,-0.5,-0.96,2.48,4.94,5.54,-21.38,
2026-05-08,603459,红板科技,65,6016.0,10jqka,intraday_0950,2026-05-08 09:50:00,2026-05-08,1,1,,,ok,2026-05-08,75.0,81.05,81.05,74.51,174465.0,10.0,31.3,28.67,1.0,0.77,17.41,23.83,27.45,0.0,0.0,True,False,0.0,61.0,观察池,False,当日涨停附近；收在日内高位；近5日强势延续；站上20日线且不过热；市场强势且个股相对强势；v2低分涨停修正,短线涨幅偏高；涨停封板不可买,涨停封板不可买，放观察池跟踪,v2,强势,59.05,-0.41,4.11,0,2026-05-08,common_index_cache,-0.0,-0.5,-0.96,2.48,4.94,5.54,10.41,24.56
2026-05-08,002837,英维克,66,5943.0,10jqka,intraday_0950,2026-05-08 09:50:00,2026-05-08,1,1,,,ok,2026-05-08,101.0,104.08,104.32,99.01,148671.0,1.51,10.02,12.11,0.955,0.37,5.46,5.94,2.5,-14.51,0.045,False,False,0.0,32.0,不推送,False,收在日内高位；近5日趋势升温；站上20日线且不过热；市场强势且个股相对强势,量能不足,不主动推送。,v2,强势,59.05,-0.41,4.11,0,2026-05-08,common_index_cache,-0.0,-0.5,-0.96,2.48,4.94,5.54,1.92,8.0
2026-05-08,002044,美年健康,67,5897.0,10jqka,intraday_0950,2026-05-08 09:50:00,2026-05-06,3,3,48.0,-19.0,ok,2026-05-08,6.2,6.23,6.45,6.12,1478945.0,0.48,14.73,20.27,0.333,0.59,7.08,12.82,14.48,-15.12,0.667,False,False,0.0,14.0,不推送,False,近5日趋势升温；站上20日线且不过热；连续上榜确认；市场强势且个股相对强势,收盘承接偏弱；上影线偏长,不主动推送。,v2,强势,59.05,-0.41,4.11,0,2026-05-08,common_index_cache,-0.0,-0.5,-0.96,2.48,4.94,5.54,0.89,16.16
2026-05-08,603738,泰晶科技,68,5893.0,10jqka,intraday_0950,2026-05-08 09:50:00,2026-05-07,2,2,87.0,19.0,ok,2026-05-08,47.01,47.01,47.01,45.65,187478.0,9.99,22.68,29.86,1.0,0.36,13.69,19.25,38.6,0.0,0.0,True,False,0.0,55.0,观察池,False,当日涨停附近；收在日内高位；近5日强势延续；连续上榜确认；人气排名明显上升；市场强势且个股相对强势；v2低分涨停修正,量能不足；短线涨幅偏高；偏离20日线较大；涨停封板不可买,涨停封板不可买，放观察池跟踪,v2,强势,59.05,-0.41,4.11,0,2026-05-08,common_index_cache,-0.0,-0.5,-0.96,2.48,4.94,5.54,10.4,25.75
2026-05-08,300136,信维通信,69,5854.0,10jqka,intraday_0950,2026-05-08 09:50:00,2026-05-06,3,3,45.0,-24.0,ok,2026-05-08,101.0,100.5,103.18,100.06,221382.0,-1.13,10.08,14.87,0.141,0.2,5.53,12.12,26.39,-3.21,0.699,False,False,0.0,0.0,不推送,False,近5日趋势升温；站上20日线且不过热；连续上榜确认；市场强势且个股相对强势,当日转弱；收盘承接偏弱；量能不足；人气排名明显回落,不主动推送。,v2,强势,59.05,-0.41,4.11,0,2026-05-08,common_index_cache,-0.0,-0.5,-0.96,2.48,4.94,5.54,-0.72,10.76
2026-05-08,603986,兆易创新,70,5794.0,10jqka,intraday_0950,2026-05-08 09:50:00,2026-05-06,3,3,71.0,1.0,ok,2026-05-08,341.0,337.96,343.3,335.5,156458.0,-3.48,7.98,9.91,0.315,0.34,2.15,6.22,13.76,-5.43,0.295,False,False,0.0,2.0,不推送,False,近5日趋势升温；站上20日线且不过热；连续上榜确认；市场强势且个股相对强势,当日转弱；收盘承接偏弱；量能不足,不主动推送。,v2,强势,59.05,-0.41,4.11,0,2026-05-08,common_index_cache,-0.0,-0.5,-0.96,2.48,4.94,5.54,-3.07,5.8
2026-05-08,300342,天银机电,71,5789.0,10jqka,intraday_0950,2026-05-08 09:50:00,2026-05-08,1,1,,,ok,2026-05-08,64.56,63.98,65.2,63.25,231588.0,-1.55,-6.34,-5.7,0.374,0.36,-5.4,-6.9,1.45,-15.26,0.328,False,False,0.0,0.0,不推送,False,站上20日线且不过热,当日转弱；收盘承接偏弱；量能不足；近5日趋势未确认；强势市里个股相对走弱,不主动推送。,v2,强势,59.05,-0.41,4.11,0,2026-05-08,common_index_cache,-0.0,-0.5,-0.96,2.48,4.94,5.54,-1.14,-9.81
2026-05-08,002565,顺灏股份,72,5744.0,10jqka,intraday_0950,2026-05-08 09:50:00,2026-05-06,3,3,65.0,-7.0,ok,2026-05-08,19.4,19.84,20.2,19.22,495784.0,-0.1,4.31,5.25,0.633,0.3,2.86,1.55,5.21,-13.7,0.367,False,False,0.0,10.0,不推送,False,近5日趋势升温；站上20日线且不过热；连续上榜确认,当日转弱；量能不足,不主动推送。,v2,强势,59.05,-0.41,4.11,0,2026-05-08,common_index_cache,-0.0,-0.5,-0.96,2.48,4.94,5.54,0.31,1.14
2026-05-08,000890,法尔胜,73,5695.0,10jqka,intraday_0950,2026-05-08 09:50:00,2026-05-06,2,1,48.0,-25.0,ok,2026-05-08,14.7,14.33,14.89,13.88,332631.0,-5.29,-8.49,-9.87,0.446,0.37,-8.16,-9.69,-3.01,-18.63,0.188,False,False,0.0,0.0,不推送,False,-,当日转弱；收盘承接偏弱；量能不足；近5日趋势未确认；人气排名明显回落；强势市里个股相对走弱,不主动推送。,v2,强势,59.05,-0.41,4.11,0,2026-05-08,common_index_cache,-0.0,-0.5,-0.96,2.48,4.94,5.54,-4.88,-13.98
2026-05-08,002261,拓维信息,74,5589.0,10jqka,intraday_0950,2026-05-08 09:50:00,2026-05-08,1,1,,,ok,2026-05-08,36.56,36.5,36.7,36.0,449400.0,-3.31,2.99,4.2,0.714,0.34,0.16,-1.79,-0.95,-17.16,0.2,False,False,0.0,0.0,不推送,False,-,当日转弱；量能不足；强势市里个股相对走弱,不主动推送。,v2,强势,59.05,-0.41,4.11,0,2026-05-08,common_index_cache,-0.0,-0.5,-0.96,2.48,4.94,5.54,-2.9,0.09
2026-05-08,601869,长飞光纤,75,5588.0,10jqka,intraday_0950,2026-05-08 09:50:00,2026-05-07,2,2,34.0,-41.0,ok,2026-05-08,373.38,389.39,389.94,373.0,58387.0,0.05,10.03,4.26,0.968,0.36,4.45,3.01,3.58,-7.92,0.032,False,False,0.0,20.0,不推送,False,收在日内高位；站上20日线且不过热；连续上榜确认,量能不足；人气排名明显回落,不主动推送。,v2,强势,59.05,-0.41,4.11,0,2026-05-08,common_index_cache,-0.0,-0.5,-0.96,2.48,4.94,5.54,0.46,0.15
2026-05-08,002015,协鑫能科,76,5571.0,10jqka,intraday_0950,2026-05-08 09:50:00,2026-05-06,3,3,42.0,-34.0,ok,2026-05-08,20.29,20.66,20.74,20.21,463674.0,0.34,16.39,9.49,0.849,0.28,6.25,6.24,10.15,-10.13,0.151,False,False,0.0,30.0,不推送,False,收盘承接较强；近5日趋势升温；站上20日线且不过热；连续上榜确认；市场强势且个股相对强势,量能不足；人气排名明显回落,不主动推送。,v2,强势,59.05,-0.41,4.11,0,2026-05-08,common_index_cache,-0.0,-0.5,-0.96,2.48,4.94,5.54,0.75,5.38
2026-05-08,000967,盈峰环境,77,5563.0,10jqka,intraday_0950,2026-05-08 09:50:00,2026-05-08,1,1,,,ok,2026-05-08,16.3,16.78,17.09,15.89,1022763.0,2.19,23.66,18.34,0.742,0.4,10.67,17.17,28.51,-1.81,0.258,False,False,0.0,6.0,不推送,False,近5日趋势升温；市场强势且个股相对强势,量能不足；偏离20日线较大,不主动推送。,v2,强势,59.05,-0.41,4.11,0,2026-05-08,common_index_cache,-0.0,-0.5,-0.96,2.48,4.94,5.54,2.6,14.23
2026-05-08,603045,福达合金,78,5517.0,10jqka,intraday_0950,2026-05-08 09:50:00,2026-05-08,1,1,,,ok,2026-05-08,62.14,62.14,62.14,62.14,12128.0,10.0,33.12,55.0,1.0,0.21,19.92,37.78,57.27,0.0,0.0,True,True,0.0,8.0,观察池,False,当日涨停附近；收在日内高位；市场强势且个股相对强势,量能不足；短线涨幅过热；远离20日线过多；一字或近似一字，参与点差；一字板不可买,一字板不可买，放观察池跟踪,v2,强势,59.05,-0.41,4.11,0,2026-05-08,common_index_cache,-0.0,-0.5,-0.96,2.48,4.94,5.54,10.41,50.89
2026-05-08,600111,北方稀土,79,5451.0,10jqka,intraday_0950,2026-05-08 09:50:00,2026-05-06,3,3,56.0,-23.0,ok,2026-05-08,54.8,54.95,55.35,54.09,442997.0,-0.65,3.6,18.63,0.683,0.24,1.85,8.28,8.27,-13.56,0.317,False,False,0.0,10.0,不推送,False,近5日趋势升温；站上20日线且不过热；连续上榜确认；市场强势且个股相对强势,当日转弱；量能不足；人气排名明显回落,不主动推送。,v2,强势,59.05,-0.41,4.11,0,2026-05-08,common_index_cache,-0.0,-0.5,-0.96,2.48,4.94,5.54,-0.24,14.52
2026-05-08,601179,中国西电,80,5419.0,10jqka,intraday_0950,2026-05-08 09:50:00,2026-05-08,1,1,,,ok,2026-05-08,17.65,17.51,17.8,17.5,754291.0,0.06,3.49,1.8,0.033,0.44,1.2,0.74,2.35,-15.21,0.5,False,False,0.0,0.0,不推送,False,站上20日线且不过热,收盘承接偏弱；量能不足；上影线偏长；强势市里个股相对走弱,不主动推送。,v2,强势,59.05,-0.41,4.11,0,2026-05-08,common_index_cache,-0.0,-0.5,-0.96,2.48,4.94,5.54,0.47,-2.31
2026-05-08,603318,水发燃气,81,5397.0,10jqka,intraday_0950,2026-05-08 09:50:00,2026-05-07,2,2,41.0,-40.0,ok,2026-05-08,12.5,12.66,12.86,12.07,365609.0,-2.99,-11.22,-8.13,0.747,0.3,-8.29,0.09,23.43,-16.16,0.253,False,False,0.0,0.0,不推送,False,站上20日线且不过热；连续上榜确认,当日转弱；量能不足；近5日趋势未确认；人气排名明显回落；强势市里个股相对走弱,不主动推送。,v2,强势,59.05,-0.41,4.11,0,2026-05-08,common_index_cache,-0.0,-0.5,-0.96,2.48,4.94,5.54,-2.58,-12.24
2026-05-08,600703,三安光电,82,5359.0,10jqka,intraday_0950,2026-05-08 09:50:00,2026-05-06,3,3,99.0,17.0,ok,2026-05-08,14.95,15.34,15.45,14.77,734523.0,1.32,12.22,9.65,0.838,0.3,5.4,4.32,12.48,-18.27,0.162,False,False,0.0,38.0,不推送,False,收盘承接较强；近5日趋势升温；站上20日线且不过热；连续上榜确认；人气排名明显上升；市场强势且个股相对强势,量能不足,不主动推送。,v2,强势,59.05,-0.41,4.11,0,2026-05-08,common_index_cache,-0.0,-0.5,-0.96,2.48,4.94,5.54,1.73,5.54
2026-05-08,002115,三维通信,83,5304.0,10jqka,intraday_0950,2026-05-08 09:50:00,2026-05-07,2,2,58.0,-25.0,ok,2026-05-08,14.68,14.6,14.72,14.33,531112.0,-4.7,1.32,4.29,0.692,0.31,-1.27,5.2,10.94,-9.88,0.103,False,False,0.0,0.0,不推送,False,站上20日线且不过热；连续上榜确认,当日转弱；量能不足；人气排名明显回落；强势市里个股相对走弱,不主动推送。,v2,强势,59.05,-0.41,4.11,0,2026-05-08,common_index_cache,-0.0,-0.5,-0.96,2.48,4.94,5.54,-4.29,0.18
2026-05-08,300052,中青宝,84,5224.0,10jqka,intraday_0950,2026-05-08 09:50:00,2026-05-08,1,1,,,ok,2026-05-08,14.97,16.15,16.85,14.97,460625.0,13.17,37.68,36.75,0.628,2.07,21.72,25.22,24.62,-4.15,0.372,True,False,0.0,47.0,观察池,False,当日涨停附近；放量仍可控；近5日强势延续；站上20日线且不过热；市场强势且个股相对强势,短线涨幅偏高；涨停封板不可买,涨停封板不可买，放观察池跟踪,v2,强势,59.05,-0.41,4.11,0,2026-05-08,common_index_cache,-0.0,-0.5,-0.96,2.48,4.94,5.54,13.58,32.64
2026-05-08,002335,科华数据,85,5184.0,10jqka,intraday_0950,2026-05-08 09:50:00,2026-05-08,1,1,,,ok,2026-05-08,69.0,68.17,69.0,67.51,189554.0,-1.43,11.96,11.39,0.443,0.61,5.56,5.3,8.33,-6.39,0.0,False,False,0.0,2.0,不推送,False,近5日趋势升温；站上20日线且不过热；市场强势且个股相对强势,当日转弱；收盘承接偏弱,不主动推送。,v2,强势,59.05,-0.41,4.11,0,2026-05-08,common_index_cache,-0.0,-0.5,-0.96,2.48,4.94,5.54,-1.02,7.28
2026-05-08,600770,综艺股份,86,5157.0,10jqka,intraday_0950,2026-05-08 09:50:00,2026-05-06,3,3,76.0,-10.0,ok,2026-05-08,8.06,8.11,8.17,7.8,678783.0,-0.73,6.43,5.87,0.838,0.3,0.95,9.8,23.97,-7.63,0.162,False,False,0.0,20.0,不推送,False,收盘承接较强；近5日趋势升温；站上20日线且不过热；连续上榜确认,当日转弱；量能不足,不主动推送。,v2,强势,59.05,-0.41,4.11,0,2026-05-08,common_index_cache,-0.0,-0.5,-0.96,2.48,4.94,5.54,-0.32,1.76
2026-05-08,301308,江波龙,87,5134.0,10jqka,intraday_0950,2026-05-08 09:50:00,2026-05-06,3,3,55.0,-32.0,ok,2026-05-08,474.64,477.0,485.0,474.0,68907.0,-1.31,18.92,24.97,0.273,0.27,5.67,15.04,23.28,-6.21,0.727,False,False,0.0,0.0,不推送,False,近5日趋势升温；站上20日线且不过热；连续上榜确认；市场强势且个股相对强势,当日转弱；收盘承接偏弱；量能不足；人气排名明显回落,不主动推送。,v2,强势,59.05,-0.41,4.11,0,2026-05-08,common_index_cache,-0.0,-0.5,-0.96,2.48,4.94,5.54,-0.9,20.86
2026-05-08,601208,东材科技,88,5095.0,10jqka,intraday_0950,2026-05-08 09:50:00,2026-05-07,2,2,57.0,-31.0,ok,2026-05-08,46.25,47.5,47.73,45.01,450024.0,5.18,21.36,33.46,0.915,0.48,12.29,22.38,29.62,-0.48,0.085,False,False,0.0,27.0,不推送,False,当日上涨；收在日内高位；近5日强势延续；连续上榜确认；市场强势且个股相对强势,量能不足；短线涨幅偏高；偏离20日线较大；人气排名明显回落,不主动推送。,v2,强势,59.05,-0.41,4.11,0,2026-05-08,common_index_cache,-0.0,-0.5,-0.96,2.48,4.94,5.54,5.59,29.35
2026-05-08,000938,紫光股份,89,5086.0,10jqka,intraday_0950,2026-05-08 09:50:00,2026-05-08,1,1,,,ok,2026-05-08,32.39,32.52,32.58,31.67,529433.0,-1.25,1.66,2.98,0.934,0.24,0.55,2.29,9.52,-3.27,0.066,False,False,0.0,6.0,不推送,False,收在日内高位；站上20日线且不过热,当日转弱；量能不足,不主动推送。,v2,强势,59.05,-0.41,4.11,0,2026-05-08,common_index_cache,-0.0,-0.5,-0.96,2.48,4.94,5.54,-0.84,-1.13
2026-05-08,603598,引力传媒,90,4987.0,10jqka,intraday_0950,2026-05-08 09:50:00,2026-05-08,1,1,,,ok,2026-05-08,26.41,26.42,26.42,25.0,354278.0,9.99,27.02,33.57,1.0,2.43,16.44,21.86,23.17,-16.39,0.0,True,False,0.0,69.0,观察池,False,当日涨停附近；收在日内高位；放量仍可控；近5日强势延续；站上20日线且不过热；市场强势且个股相对强势；v2低分涨停修正,短线涨幅偏高；涨停封板不可买,涨停封板不可买，放观察池跟踪,v2,强势,59.05,-0.41,4.11,0,2026-05-08,common_index_cache,-0.0,-0.5,-0.96,2.48,4.94,5.54,10.4,29.46
2026-05-08,000720,新能泰山,91,4909.0,10jqka,intraday_0950,2026-05-08 09:50:00,2026-05-08,1,1,,,ok,2026-05-08,5.43,5.69,5.69,5.3,1952176.0,10.06,25.33,26.16,1.0,3.24,15.14,17.51,11.9,-20.75,0.0,True,False,0.0,61.0,观察池,False,当日涨停附近；收在日内高位；近5日强势延续；站上20日线且不过热；市场强势且个股相对强势；v2低分涨停修正,短线涨幅偏高；涨停封板不可买,涨停封板不可买，放观察池跟踪,v2,强势,59.05,-0.41,4.11,0,2026-05-08,common_index_cache,-0.0,-0.5,-0.96,2.48,4.94,5.54,10.47,22.05
2026-05-08,002298,中电鑫龙,92,4875.0,10jqka,intraday_0950,2026-05-08 09:50:00,2026-05-08,1,1,,,ok,2026-05-08,11.16,11.09,11.26,10.88,455790.0,-0.18,13.16,15.76,0.553,1.25,6.9,9.38,8.84,-18.46,0.263,False,False,0.0,28.0,不推送,False,温和放量；近5日趋势升温；站上20日线且不过热；市场强势且个股相对强势,当日转弱,不主动推送。,v2,强势,59.05,-0.41,4.11,0,2026-05-08,common_index_cache,-0.0,-0.5,-0.96,2.48,4.94,5.54,0.23,11.65
2026-05-08,601899,紫金矿业,93,4846.0,10jqka,intraday_0950,2026-05-08 09:50:00,2026-05-06,3,3,77.0,-16.0,ok,2026-05-08,34.02,34.41,34.44,34.01,536688.0,-0.15,3.33,4.43,0.93,0.18,0.9,0.83,0.11,-15.87,0.07,False,False,0.0,14.0,不推送,False,收在日内高位；站上20日线且不过热；连续上榜确认,当日转弱；量能不足,不主动推送。,v2,强势,59.05,-0.41,4.11,0,2026-05-08,common_index_cache,-0.0,-0.5,-0.96,2.48,4.94,5.54,0.26,0.32
2026-05-08,603019,中科曙光,94,4841.0,10jqka,intraday_0950,2026-05-08 09:50:00,2026-05-06,3,3,50.0,-44.0,ok,2026-05-08,97.99,96.86,97.99,96.0,232585.0,-1.91,4.2,6.56,0.432,0.31,1.15,3.02,6.55,-5.28,0.0,False,False,0.0,0.0,不推送,False,近5日趋势升温；站上20日线且不过热；连续上榜确认；市场强势且个股相对强势,当日转弱；收盘承接偏弱；量能不足；人气排名明显回落,不主动推送。,v2,强势,59.05,-0.41,4.11,0,2026-05-08,common_index_cache,-0.0,-0.5,-0.96,2.48,4.94,5.54,-1.5,2.45
2026-05-08,002466,天齐锂业,95,4831.0,10jqka,intraday_0950,2026-05-08 09:50:00,2026-05-06,3,3,39.0,-56.0,ok,2026-05-08,78.3,78.57,80.83,78.11,303472.0,-0.62,-1.82,8.33,0.169,0.27,-0.52,4.28,13.3,-4.75,0.831,False,False,0.0,0.0,不推送,False,近5日趋势升温；站上20日线且不过热；连续上榜确认；市场强势且个股相对强势,当日转弱；收盘承接偏弱；量能不足；人气排名明显回落,不主动推送。,v2,强势,59.05,-0.41,4.11,0,2026-05-08,common_index_cache,-0.0,-0.5,-0.96,2.48,4.94,5.54,-0.21,4.22
2026-05-08,300308,中际旭创,96,4821.0,10jqka,intraday_0950,2026-05-08 09:50:00,2026-05-06,3,3,43.0,-53.0,ok,2026-05-08,864.95,876.43,882.0,861.56,49092.0,-0.12,2.21,6.36,0.727,0.18,1.62,1.19,6.67,-4.63,0.273,False,False,0.0,10.0,不推送,False,近5日趋势升温；站上20日线且不过热；连续上榜确认；市场强势且个股相对强势,当日转弱；量能不足；人气排名明显回落,不主动推送。,v2,强势,59.05,-0.41,4.11,0,2026-05-08,common_index_cache,-0.0,-0.5,-0.96,2.48,4.94,5.54,0.29,2.25
2026-05-08,002185,华天科技,97,4802.0,10jqka,intraday_0950,2026-05-08 09:50:00,2026-05-06,3,3,100.0,3.0,ok,2026-05-08,13.7,13.68,13.74,13.56,426997.0,-1.87,4.35,8.14,0.667,0.23,1.91,4.92,7.29,-10.88,0.222,False,False,0.0,14.0,不推送,False,近5日趋势升温；站上20日线且不过热；连续上榜确认；市场强势且个股相对强势,当日转弱；量能不足,不主动推送。,v2,强势,59.05,-0.41,4.11,0,2026-05-08,common_index_cache,-0.0,-0.5,-0.96,2.48,4.94,5.54,-1.46,4.03
2026-05-08,000062,深圳华强,98,4765.0,10jqka,intraday_0950,2026-05-08 09:50:00,2026-05-06,3,3,51.0,-47.0,ok,2026-05-08,36.05,36.21,36.24,35.2,336892.0,-3.34,-1.92,0.3,0.971,0.28,-1.13,2.03,12.41,-9.77,0.029,False,False,0.0,7.0,不推送,False,收在日内高位；站上20日线且不过热；连续上榜确认,当日转弱；量能不足；人气排名明显回落；强势市里个股相对走弱,不主动推送。,v2,强势,59.05,-0.41,4.11,0,2026-05-08,common_index_cache,-0.0,-0.5,-0.96,2.48,4.94,5.54,-2.93,-3.81
2026-05-08,002792,通宇通讯,99,4720.0,10jqka,intraday_0950,2026-05-08 09:50:00,2026-05-08,1,1,,,ok,2026-05-08,50.18,50.43,51.25,50.03,140971.0,-1.98,15.51,19.3,0.328,0.33,6.77,7.22,5.38,-8.38,0.672,False,False,0.0,0.0,不推送,False,近5日趋势升温；站上20日线且不过热；市场强势且个股相对强势,当日转弱；收盘承接偏弱；量能不足,不主动推送。,v2,强势,59.05,-0.41,4.11,0,2026-05-08,common_index_cache,-0.0,-0.5,-0.96,2.48,4.94,5.54,-1.57,15.19
2026-05-08,600884,杉杉股份,100,4675.0,10jqka,intraday_0950,2026-05-08 09:50:00,2026-05-06,3,3,78.0,-22.0,ok,2026-05-08,16.8,17.54,17.7,16.73,767386.0,3.24,5.35,11.29,0.835,0.38,2.25,7.8,13.26,-2.93,0.165,False,False,0.0,38.0,不推送,False,当日上涨；收盘承接较强；近5日趋势升温；站上20日线且不过热；连续上榜确认；市场强势且个股相对强势,量能不足；人气排名明显回落,不主动推送。,v2,强势,59.05,-0.41,4.11,0,2026-05-08,common_index_cache,-0.0,-0.5,-0.96,2.48,4.94,5.54,3.65,7.18
2026-05-11,600522,中天科技,1,20431.0,10jqka,intraday_0950,2026-05-11 09:50:00,2026-05-06,4,4,9.0,8.0,ok,2026-05-11,44.98,43.68,44.98,42.75,1495313.0,6.8,25.19,27.42,0.417,0.61,14.36,20.23,31.66,-2.89,0.0,False,False,0.0,41.0,不推送,False,人气Top3；当日上涨；近5日强势延续；连续上榜确认；市场强势且个股相对强势,收盘承接偏弱；短线涨幅偏高；偏离20日线较大,不主动推送。,v2,强势,80.25,2.06,4.59,0,2026-05-11,common_index_cache,1.08,2.16,3.5,2.86,5.15,6.56,4.74,22.83
2026-05-11,000066,中国长城,2,13765.0,10jqka,intraday_0950,2026-05-11 09:50:00,2026-05-06,4,4,2.0,0.0,ok,2026-05-11,24.52,24.0,24.77,23.81,2157128.0,3.94,10.09,33.19,0.198,0.54,6.49,21.24,36.09,-3.11,0.26,False,False,0.0,41.0,不推送,False,人气Top3；当日上涨；近5日强势延续；连续上榜确认；市场强势且个股相对强势,收盘承接偏弱；短线涨幅偏高；偏离20日线较大,不主动推送。,v2,强势,80.25,2.06,4.59,0,2026-05-11,common_index_cache,1.08,2.16,3.5,2.86,5.15,6.56,1.88,28.6
2026-05-11,601991,大唐发电,3,12263.0,10jqka,intraday_0950,2026-05-11 09:50:00,2026-05-06,4,4,5.0,2.0,ok,2026-05-11,6.0,6.09,6.09,5.88,2590194.0,9.93,32.97,41.96,1.0,0.53,19.83,32.19,42.81,0.0,0.0,True,False,0.0,83.0,观察池,False,人气Top3；当日涨停附近；收在日内高位；近5日强势延续；连续上榜确认；市场强势且个股相对强势,短线涨幅偏高；偏离20日线较大；涨停封板不可买,涨停封板不可买，放观察池跟踪,v2,强势,80.25,2.06,4.59,0,2026-05-11,common_index_cache,1.08,2.16,3.5,2.86,5.15,6.56,7.87,37.37
2026-05-11,600584,长电科技,4,10181.0,10jqka,intraday_0950,2026-05-11 09:50:00,2026-05-06,3,1,84.0,80.0,ok,2026-05-11,53.8,55.83,55.83,53.19,1629943.0,10.01,15.83,25.86,1.0,1.28,12.06,17.74,22.48,0.0,0.0,True,False,0.0,113.0,观察池,False,人气Top10；当日涨停附近；收在日内高位；温和放量；近5日强势延续；站上20日线且不过热；人气排名明显上升；市场强势且个股相对强势；v2强势延续修正；v2低分涨停修正,短线涨幅偏高；涨停封板不可买,涨停封板不可买，放观察池跟踪,v2,强势,80.25,2.06,4.59,0,2026-05-11,common_index_cache,1.08,2.16,3.5,2.86,5.15,6.56,7.95,21.27
2026-05-11,600589,大位科技,5,9913.0,10jqka,intraday_0950,2026-05-11 09:50:00,2026-05-06,2,1,79.0,74.0,ok,2026-05-11,12.91,12.57,12.99,12.41,2266260.0,-3.46,13.45,29.19,0.276,1.05,9.11,16.32,14.96,-17.57,0.138,False,False,0.0,37.0,不推送,False,人气Top10；温和放量；近5日强势延续；站上20日线且不过热；人气排名明显上升；市场强势且个股相对强势,当日转弱；收盘承接偏弱；短线涨幅偏高,不主动推送。,v2,强势,80.25,2.06,4.59,0,2026-05-11,common_index_cache,1.08,2.16,3.5,2.86,5.15,6.56,-5.52,24.6
2026-05-11,002281,光迅科技,6,9287.0,10jqka,intraday_0950,2026-05-11 09:50:00,2026-05-06,4,4,33.0,27.0,ok,2026-05-11,200.0,198.0,204.0,194.8,250936.0,-0.4,31.28,49.02,0.348,0.35,18.12,31.75,50.03,-2.94,0.435,False,False,0.0,0.0,不推送,False,人气Top10；连续上榜确认；人气排名明显上升；市场强势且个股相对强势,当日转弱；收盘承接偏弱；量能不足；短线涨幅过热；远离20日线过多,不主动推送。,v2,强势,80.25,2.06,4.59,0,2026-05-11,common_index_cache,1.08,2.16,3.5,2.86,5.15,6.56,-2.46,44.43
2026-05-11,000547,航天发展,7,8624.0,10jqka,intraday_0950,2026-05-11 09:50:00,2026-05-11,1,1,,,ok,2026-05-11,28.59,27.82,28.67,27.47,1162056.0,0.83,11.5,15.63,0.292,0.89,6.98,8.91,5.32,-19.69,0.067,False,False,0.0,50.0,不推送,False,人气Top10；温和放量；近5日趋势升温；站上20日线且不过热；市场强势且个股相对强势,收盘承接偏弱,不主动推送。,v2,强势,80.25,2.06,4.59,0,2026-05-11,common_index_cache,1.08,2.16,3.5,2.86,5.15,6.56,-1.23,11.04
2026-05-11,002580,圣阳股份,8,8422.0,10jqka,intraday_0950,2026-05-11 09:50:00,2026-05-06,4,4,12.0,4.0,ok,2026-05-11,34.59,33.93,35.59,33.56,481291.0,-0.99,13.94,18.64,0.182,0.43,10.16,14.79,23.66,-4.66,0.493,False,False,0.0,26.0,不推送,False,人气Top10；近5日趋势升温；站上20日线且不过热；连续上榜确认；市场强势且个股相对强势,当日转弱；收盘承接偏弱；量能不足,不主动推送。,v2,强势,80.25,2.06,4.59,0,2026-05-11,common_index_cache,1.08,2.16,3.5,2.86,5.15,6.56,-3.05,14.05
2026-05-11,002081,金螳螂,9,8377.0,10jqka,intraday_0950,2026-05-11 09:50:00,2026-05-06,4,4,1.0,-8.0,ok,2026-05-11,7.43,7.46,7.68,7.25,2195552.0,2.9,14.95,39.18,0.488,0.5,10.39,26.94,55.22,-2.86,0.512,False,False,0.0,23.0,不推送,False,人气Top10；近5日强势延续；连续上榜确认；市场强势且个股相对强势,短线涨幅偏高；远离20日线过多；上影线偏长,不主动推送。,v2,强势,80.25,2.06,4.59,0,2026-05-11,common_index_cache,1.08,2.16,3.5,2.86,5.15,6.56,0.84,34.59
2026-05-11,002491,通鼎互联,10,8261.0,10jqka,intraday_0950,2026-05-11 09:50:00,2026-05-07,3,3,27.0,17.0,ok,2026-05-11,24.5,25.0,25.0,23.31,1029067.0,9.99,46.46,50.88,1.0,0.9,28.46,39.09,48.84,0.0,0.0,True,False,0.0,72.0,观察池,False,人气Top10；当日涨停附近；收在日内高位；温和放量；连续上榜确认；人气排名明显上升；市场强势且个股相对强势,短线涨幅过热；远离20日线过多；涨停封板不可买,涨停封板不可买，放观察池跟踪,v2,强势,80.25,2.06,4.59,0,2026-05-11,common_index_cache,1.08,2.16,3.5,2.86,5.15,6.56,7.93,46.29
2026-05-11,603278,大业股份,11,7481.0,10jqka,intraday_0950,2026-05-11 09:50:00,2026-05-11,1,1,,,ok,2026-05-11,16.39,16.0,16.4,14.42,614676.0,7.31,29.87,37.46,0.798,1.87,17.68,24.4,30.99,-2.44,0.005,False,False,0.0,71.0,普通观察,True,人气Top20；当日强涨；收盘承接较强；放量仍可控；近5日强势延续；首次上榜即强势；首次上榜强势提权；市场强势且个股相对强势,短线涨幅偏高；偏离20日线较大,保留在样本池，继续看次日人气和承接。,v2,强势,80.25,2.06,4.59,0,2026-05-11,common_index_cache,1.08,2.16,3.5,2.86,5.15,6.56,5.25,32.87
2026-05-11,002217,合力泰,12,6970.0,10jqka,intraday_0950,2026-05-11 09:50:00,2026-05-06,4,4,6.0,-6.0,ok,2026-05-11,3.56,3.53,3.76,3.46,6685185.0,2.92,11.01,14.98,0.233,0.71,6.78,13.87,22.8,-6.12,0.667,False,False,0.0,30.0,不推送,False,人气Top20；近5日趋势升温；站上20日线且不过热；连续上榜确认；市场强势且个股相对强势,收盘承接偏弱；上影线偏长,不主动推送。,v2,强势,80.25,2.06,4.59,0,2026-05-11,common_index_cache,1.08,2.16,3.5,2.86,5.15,6.56,0.86,10.39
2026-05-11,002156,通富微电,13,6966.0,10jqka,intraday_0950,2026-05-11 09:50:00,2026-05-06,4,4,17.0,4.0,ok,2026-05-11,60.01,60.25,60.94,59.41,759435.0,5.41,5.79,21.72,0.549,0.56,5.62,13.29,20.26,-1.13,0.451,False,False,0.0,50.0,不推送,False,人气Top20；当日上涨；近5日趋势升温；站上20日线且不过热；连续上榜确认；市场强势且个股相对强势,上影线偏长,不主动推送。,v2,强势,80.25,2.06,4.59,0,2026-05-11,common_index_cache,1.08,2.16,3.5,2.86,5.15,6.56,3.35,17.13
2026-05-11,603778,国晟科技,14,6838.0,10jqka,intraday_0950,2026-05-11 09:50:00,2026-05-06,4,4,7.0,-7.0,ok,2026-05-11,25.89,26.0,26.56,24.65,303127.0,0.35,-6.84,-5.01,0.707,0.4,-2.56,-2.06,-5.74,-24.13,0.293,False,False,0.0,1.0,不推送,False,人气Top20；连续上榜确认,量能不足；近5日趋势未确认；仍在20日线下方；强势市里个股相对走弱,不主动推送。,v2,强势,80.25,2.06,4.59,0,2026-05-11,common_index_cache,1.08,2.16,3.5,2.86,5.15,6.56,-1.71,-9.6
2026-05-11,002342,巨力索具,15,6694.0,10jqka,intraday_0950,2026-05-11 09:50:00,2026-05-06,4,4,4.0,-11.0,ok,2026-05-11,22.12,22.12,22.5,21.74,907606.0,0.0,10.0,17.04,0.5,0.37,4.07,10.56,15.95,-7.83,0.5,False,False,0.0,40.0,不推送,False,人气Top20；近5日趋势升温；站上20日线且不过热；连续上榜确认；市场强势且个股相对强势,量能不足,不主动推送。,v2,强势,80.25,2.06,4.59,0,2026-05-11,common_index_cache,1.08,2.16,3.5,2.86,5.15,6.56,-2.06,12.45
2026-05-11,600498,烽火通信,16,6459.0,10jqka,intraday_0950,2026-05-11 09:50:00,2026-05-11,1,1,,,ok,2026-05-11,60.0,56.85,60.0,56.75,608337.0,-0.26,17.0,10.39,0.031,0.5,8.93,8.57,9.27,-7.98,0.0,False,False,0.0,18.0,不推送,False,人气Top20；近5日趋势升温；站上20日线且不过热；市场强势且个股相对强势,当日转弱；收盘承接偏弱,不主动推送。,v2,强势,80.25,2.06,4.59,0,2026-05-11,common_index_cache,1.08,2.16,3.5,2.86,5.15,6.56,-2.32,5.8
2026-05-11,002361,神剑股份,17,6429.0,10jqka,intraday_0950,2026-05-11 09:50:00,2026-05-06,4,4,32.0,15.0,ok,2026-05-11,21.5,22.77,23.55,21.14,2821821.0,5.42,7.36,13.57,0.676,1.1,5.39,6.3,12.67,-4.93,0.324,False,False,0.0,74.0,普通观察,True,人气Top20；当日上涨；温和放量；近5日趋势升温；站上20日线且不过热；连续上榜确认；人气排名明显上升；市场强势且个股相对强势,-,保留在样本池，继续看次日人气和承接。,v2,强势,80.25,2.06,4.59,0,2026-05-11,common_index_cache,1.08,2.16,3.5,2.86,5.15,6.56,3.36,8.98
2026-05-11,603629,利通电子,18,6371.0,10jqka,intraday_0950,2026-05-11 09:50:00,2026-05-06,4,4,20.0,2.0,ok,2026-05-11,162.82,162.58,169.33,158.11,127943.0,-0.15,2.35,23.83,0.398,0.38,2.68,18.09,42.45,-6.34,0.58,False,False,0.0,8.0,不推送,False,人气Top20；近5日趋势升温；连续上榜确认；市场强势且个股相对强势,当日转弱；收盘承接偏弱；量能不足；偏离20日线较大,不主动推送。,v2,强势,80.25,2.06,4.59,0,2026-05-11,common_index_cache,1.08,2.16,3.5,2.86,5.15,6.56,-2.21,19.24
2026-05-11,002929,润建股份,19,6251.0,10jqka,intraday_0950,2026-05-11 09:50:00,2026-05-07,3,3,36.0,17.0,ok,2026-05-11,78.99,75.87,79.77,74.3,250275.0,-3.02,17.35,39.85,0.287,1.26,8.53,20.81,25.64,-4.89,0.143,False,False,0.0,37.0,不推送,False,人气Top20；温和放量；近5日强势延续；站上20日线且不过热；连续上榜确认；人气排名明显上升；市场强势且个股相对强势,当日转弱；收盘承接偏弱；短线涨幅偏高,不主动推送。,v2,强势,80.25,2.06,4.59,0,2026-05-11,common_index_cache,1.08,2.16,3.5,2.86,5.15,6.56,-5.08,35.26
2026-05-11,002031,巨轮智能,20,6055.0,10jqka,intraday_0950,2026-05-11 09:50:00,2026-05-08,2,2,61.0,41.0,ok,2026-05-11,6.68,7.06,7.06,6.51,2021182.0,9.97,20.89,25.18,1.0,2.16,10.0,15.81,15.27,-11.42,0.0,True,False,0.0,115.0,观察池,False,人气Top20；当日涨停附近；收在日内高位；放量仍可控；近5日强势延续；站上20日线且不过热；连续上榜确认；人气排名明显上升；市场强势且个股相对强势；v2强势延续修正；v2连榜升温修正；v2低分涨停修正,短线涨幅偏高；涨停封板不可买,涨停封板不可买，放观察池跟踪,v2,强势,80.25,2.06,4.59,0,2026-05-11,common_index_cache,1.08,2.16,3.5,2.86,5.15,6.56,7.91,20.59
2026-05-11,600487,亨通光电,21,6013.0,10jqka,intraday_0950,2026-05-11 09:50:00,2026-05-06,4,4,24.0,3.0,ok,2026-05-11,74.25,79.29,79.49,74.25,606923.0,4.38,10.43,17.68,0.962,0.37,7.14,10.72,23.39,-0.25,0.038,False,False,0.0,56.0,不推送,False,人气Top50；当日上涨；收在日内高位；近5日趋势升温；站上20日线且不过热；连续上榜确认；市场强势且个股相对强势,量能不足,不主动推送。,v2,强势,80.25,2.06,4.59,0,2026-05-11,common_index_cache,1.08,2.16,3.5,2.86,5.15,6.56,2.32,13.09
2026-05-11,002428,云南锗业,22,5825.0,10jqka,intraday_0950,2026-05-11 09:50:00,2026-05-06,4,4,55.0,33.0,ok,2026-05-11,79.77,87.71,88.22,79.5,478892.0,9.36,13.89,26.71,0.942,0.46,9.36,14.4,27.08,-0.58,0.058,False,False,0.0,61.0,普通观察,True,人气Top50；当日强涨；收在日内高位；近5日强势延续；站上20日线且不过热；连续上榜确认；人气排名明显上升；市场强势且个股相对强势,量能不足；短线涨幅偏高,保留在样本池，继续看次日人气和承接。,v2,强势,80.25,2.06,4.59,0,2026-05-11,common_index_cache,1.08,2.16,3.5,2.86,5.15,6.56,7.3,22.12
2026-05-11,600105,永鼎股份,23,5432.0,10jqka,intraday_0950,2026-05-11 09:50:00,2026-05-07,3,3,31.0,8.0,ok,2026-05-11,46.09,48.75,48.97,45.92,621628.0,2.59,11.61,12.53,0.928,0.36,4.93,4.5,13.09,-4.41,0.072,False,False,0.0,48.0,不推送,False,人气Top50；收在日内高位；近5日趋势升温；站上20日线且不过热；连续上榜确认；市场强势且个股相对强势,量能不足,不主动推送。,v2,强势,80.25,2.06,4.59,0,2026-05-11,common_index_cache,1.08,2.16,3.5,2.86,5.15,6.56,0.53,7.94
2026-05-11,600673,东阳光,24,5429.0,10jqka,intraday_0950,2026-05-11 09:50:00,2026-05-06,4,4,22.0,-2.0,ok,2026-05-11,38.51,37.98,39.05,37.81,349837.0,-2.67,-2.47,14.6,0.137,0.44,-2.64,5.27,9.34,-11.32,0.435,False,False,0.0,10.0,不推送,False,人气Top50；近5日趋势升温；站上20日线且不过热；连续上榜确认；市场强势且个股相对强势,当日转弱；收盘承接偏弱；量能不足,不主动推送。,v2,强势,80.25,2.06,4.59,0,2026-05-11,common_index_cache,1.08,2.16,3.5,2.86,5.15,6.56,-4.73,10.01
2026-05-11,002050,三花智控,25,5326.0,10jqka,intraday_0950,2026-05-11 09:50:00,2026-05-06,4,4,15.0,-10.0,ok,2026-05-11,51.45,51.96,52.1,50.78,421876.0,1.46,7.89,15.93,0.894,0.24,4.32,9.61,12.07,-5.56,0.106,False,False,0.0,42.0,不推送,False,人气Top50；收盘承接较强；近5日趋势升温；站上20日线且不过热；连续上榜确认；市场强势且个股相对强势,量能不足,不主动推送。,v2,强势,80.25,2.06,4.59,0,2026-05-11,common_index_cache,1.08,2.16,3.5,2.86,5.15,6.56,-0.6,11.34
2026-05-11,601868,中国能建,26,5267.0,10jqka,intraday_0950,2026-05-11 09:50:00,2026-05-07,3,3,8.0,-18.0,ok,2026-05-11,3.2,3.24,3.28,3.15,11521530.0,3.85,14.08,13.68,0.692,1.19,6.23,9.42,10.6,-17.77,0.308,False,False,0.0,62.0,普通观察,True,人气Top50；当日上涨；温和放量；近5日趋势升温；站上20日线且不过热；连续上榜确认；市场强势且个股相对强势,-,保留在样本池，继续看次日人气和承接。,v2,强势,80.25,2.06,4.59,0,2026-05-11,common_index_cache,1.08,2.16,3.5,2.86,5.15,6.56,1.79,9.09
2026-05-11,600396,华电辽能,27,5133.0,10jqka,intraday_0950,2026-05-11 09:50:00,2026-05-06,4,4,13.0,-14.0,ok,2026-05-11,12.67,13.35,13.44,12.67,1209156.0,7.32,22.36,28.0,0.883,0.41,13.87,22.48,44.29,-0.67,0.117,False,False,0.0,41.0,不推送,False,人气Top50；当日强涨；收盘承接较强；近5日强势延续；连续上榜确认；市场强势且个股相对强势,量能不足；短线涨幅偏高；偏离20日线较大,不主动推送。,v2,强势,80.25,2.06,4.59,0,2026-05-11,common_index_cache,1.08,2.16,3.5,2.86,5.15,6.56,5.26,23.41
2026-05-11,002384,东山精密,28,4829.0,10jqka,intraday_0950,2026-05-11 09:50:00,2026-05-06,4,4,10.0,-18.0,ok,2026-05-11,210.0,211.56,213.58,208.0,295743.0,0.23,10.26,14.82,0.638,0.33,4.46,8.94,21.57,-0.95,0.362,False,False,0.0,32.0,不推送,False,人气Top50；近5日趋势升温；站上20日线且不过热；连续上榜确认；市场强势且个股相对强势,量能不足,不主动推送。,v2,强势,80.25,2.06,4.59,0,2026-05-11,common_index_cache,1.08,2.16,3.5,2.86,5.15,6.56,-1.83,10.23
2026-05-11,002202,金风科技,29,4801.0,10jqka,intraday_0950,2026-05-11 09:50:00,2026-05-06,4,4,39.0,10.0,ok,2026-05-11,28.9,28.41,28.99,28.4,562369.0,-0.28,1.68,10.42,0.017,0.22,0.85,5.3,8.95,-14.68,0.153,False,False,0.0,14.0,不推送,False,人气Top50；近5日趋势升温；站上20日线且不过热；连续上榜确认；人气排名明显上升；市场强势且个股相对强势,当日转弱；收盘承接偏弱；量能不足,不主动推送。,v2,强势,80.25,2.06,4.59,0,2026-05-11,common_index_cache,1.08,2.16,3.5,2.86,5.15,6.56,-2.34,5.83
2026-05-11,002222,福晶科技,30,4743.0,10jqka,intraday_0950,2026-05-11 09:50:00,2026-05-11,1,1,,,ok,2026-05-11,95.9,108.24,108.24,94.02,575045.0,10.0,16.81,24.43,1.0,1.33,9.47,15.6,19.02,0.0,0.0,True,False,0.0,100.0,观察池,False,人气Top50；当日涨停附近；收在日内高位；温和放量；近5日趋势升温；站上20日线且不过热；市场强势且个股相对强势；v2强势延续修正；v2低分涨停修正,涨停封板不可买,涨停封板不可买，放观察池跟踪,v2,强势,80.25,2.06,4.59,0,2026-05-11,common_index_cache,1.08,2.16,3.5,2.86,5.15,6.56,7.94,19.84
2026-05-11,603618,杭电股份,31,4720.0,10jqka,intraday_0950,2026-05-11 09:50:00,2026-05-06,4,4,34.0,3.0,ok,2026-05-11,34.48,37.46,37.62,34.48,567967.0,9.53,20.49,27.11,0.949,0.85,11.07,17.25,32.76,-0.43,0.051,True,False,0.0,91.0,观察池,False,人气Top50；当日涨停附近；收在日内高位；温和放量；近5日强势延续；连续上榜确认；市场强势且个股相对强势；v2强势延续修正；v2低分涨停修正,短线涨幅偏高；偏离20日线较大；涨停封板不可买,涨停封板不可买，放观察池跟踪,v2,强势,80.25,2.06,4.59,0,2026-05-11,common_index_cache,1.08,2.16,3.5,2.86,5.15,6.56,7.47,22.52
2026-05-11,002297,博云新材,32,4714.0,10jqka,intraday_0950,2026-05-11 09:50:00,2026-05-06,4,4,57.0,25.0,ok,2026-05-11,24.78,24.53,25.11,24.26,332824.0,-2.47,2.17,5.69,0.318,0.17,-0.69,4.67,26.13,-5.65,0.388,False,False,0.0,7.0,不推送,False,人气Top50；近5日趋势升温；站上20日线且不过热；连续上榜确认；人气排名明显上升,当日转弱；收盘承接偏弱；量能不足；强势市里个股相对走弱,不主动推送。,v2,强势,80.25,2.06,4.59,0,2026-05-11,common_index_cache,1.08,2.16,3.5,2.86,5.15,6.56,-4.53,1.1
2026-05-11,000988,华工科技,33,4662.0,10jqka,intraday_0950,2026-05-11 09:50:00,2026-05-06,4,4,38.0,5.0,ok,2026-05-11,146.98,145.93,148.44,144.0,271363.0,-1.1,16.57,22.59,0.435,0.27,10.41,17.0,20.73,-1.69,0.329,False,False,0.0,10.0,不推送,False,人气Top50；近5日趋势升温；站上20日线且不过热；连续上榜确认；市场强势且个股相对强势,当日转弱；收盘承接偏弱；量能不足,不主动推送。,v2,强势,80.25,2.06,4.59,0,2026-05-11,common_index_cache,1.08,2.16,3.5,2.86,5.15,6.56,-3.16,18.0
2026-05-11,300449,汉邦高科,34,4635.0,10jqka,intraday_0950,2026-05-11 09:50:00,2026-05-11,1,1,,,ok,2026-05-11,9.56,9.56,9.56,9.56,84752.0,19.95,24.16,29.36,1.0,0.75,18.26,25.81,30.33,0.0,0.0,True,True,0.0,47.0,观察池,False,人气Top50；当日涨停附近；收在日内高位；近5日强势延续；市场强势且个股相对强势,短线涨幅偏高；偏离20日线较大；一字或近似一字，参与点差；一字板不可买,一字板不可买，放观察池跟踪,v2,强势,80.25,2.06,4.59,0,2026-05-11,common_index_cache,1.08,2.16,3.5,2.86,5.15,6.56,17.89,24.77
2026-05-11,002709,天赐材料,35,4575.0,10jqka,intraday_0950,2026-05-11 09:50:00,2026-05-06,4,4,23.0,-12.0,ok,2026-05-11,58.2,58.51,59.47,57.61,397759.0,0.17,-8.58,-1.37,0.484,0.23,-3.84,1.88,10.53,-9.96,0.516,False,False,0.0,3.0,不推送,False,人气Top50；站上20日线且不过热；连续上榜确认,量能不足；近5日趋势未确认；上影线偏长；强势市里个股相对走弱,不主动推送。,v2,强势,80.25,2.06,4.59,0,2026-05-11,common_index_cache,1.08,2.16,3.5,2.86,5.15,6.56,-1.89,-5.96
2026-05-11,002475,立讯精密,36,4561.0,10jqka,intraday_0950,2026-05-11 09:50:00,2026-05-06,4,4,62.0,26.0,ok,2026-05-11,77.39,77.7,77.75,76.08,516676.0,2.16,15.83,13.2,0.97,0.26,10.18,11.5,18.96,-0.06,0.03,False,False,0.0,52.0,不推送,False,人气Top50；收在日内高位；近5日趋势升温；站上20日线且不过热；连续上榜确认；人气排名明显上升；市场强势且个股相对强势,量能不足,不主动推送。,v2,强势,80.25,2.06,4.59,0,2026-05-11,common_index_cache,1.08,2.16,3.5,2.86,5.15,6.56,0.1,8.61
2026-05-11,603538,美诺华,37,4535.0,10jqka,intraday_0950,2026-05-11 09:50:00,2026-05-06,4,4,3.0,-34.0,ok,2026-05-11,56.02,54.44,56.5,53.56,206610.0,-5.04,-20.53,-16.63,0.299,0.33,-12.41,-10.12,-2.63,-22.66,0.163,False,False,0.0,0.0,不推送,False,人气Top50；连续上榜确认,当日转弱；收盘承接偏弱；量能不足；近5日趋势未确认；人气排名明显回落；强势市里个股相对走弱,不主动推送。,v2,强势,80.25,2.06,4.59,0,2026-05-11,common_index_cache,1.08,2.16,3.5,2.86,5.15,6.56,-7.1,-21.22
2026-05-11,600118,中国卫星,38,4471.0,10jqka,intraday_0950,2026-05-11 09:50:00,2026-05-06,2,1,90.0,52.0,ok,2026-05-11,105.57,115.51,118.0,105.55,802900.0,7.65,7.85,17.95,0.8,1.18,5.61,11.11,20.79,-2.11,0.2,False,False,0.0,76.0,重点观察,True,人气Top50；当日强涨；收盘承接较强；温和放量；近5日趋势升温；站上20日线且不过热；人气排名明显上升；市场强势且个股相对强势,-,只做观察或轻仓试错，等待回落承接和量能不失控。,v2,强势,80.25,2.06,4.59,0,2026-05-11,common_index_cache,1.08,2.16,3.5,2.86,5.15,6.56,5.59,13.36
2026-05-11,605358,立昂微,39,4390.0,10jqka,intraday_0950,2026-05-11 09:50:00,2026-05-11,1,1,,,ok,2026-05-11,45.48,49.98,49.98,45.35,613436.0,9.99,15.37,28.09,1.0,1.47,8.76,17.66,26.08,0.0,0.0,True,False,0.0,93.0,观察池,False,人气Top50；当日涨停附近；收在日内高位；温和放量；近5日强势延续；站上20日线且不过热；市场强势且个股相对强势；v2强势延续修正；v2低分涨停修正,短线涨幅偏高；涨停封板不可买,涨停封板不可买，放观察池跟踪,v2,强势,80.25,2.06,4.59,0,2026-05-11,common_index_cache,1.08,2.16,3.5,2.86,5.15,6.56,7.93,23.5
2026-05-11,603399,永杉锂业,40,4388.0,10jqka,intraday_0950,2026-05-11 09:50:00,2026-05-06,4,4,16.0,-24.0,ok,2026-05-11,24.77,23.7,25.09,23.5,381691.0,-3.5,11.11,34.43,0.126,0.49,6.77,26.68,51.57,-5.54,0.201,False,False,0.0,0.0,不推送,False,人气Top50；近5日强势延续；连续上榜确认；市场强势且个股相对强势,当日转弱；收盘承接偏弱；量能不足；短线涨幅偏高；远离20日线过多；人气排名明显回落,不主动推送。,v2,强势,80.25,2.06,4.59,0,2026-05-11,common_index_cache,1.08,2.16,3.5,2.86,5.15,6.56,-5.56,29.84
2026-05-11,002655,共达电声,41,4386.0,10jqka,intraday_0950,2026-05-11 09:50:00,2026-05-07,3,3,40.0,-1.0,ok,2026-05-11,37.41,38.86,38.89,37.1,239700.0,8.52,19.39,26.58,0.983,0.43,9.08,24.35,44.89,-1.35,0.017,False,False,0.0,47.0,不推送,False,人气Top50；当日强涨；收在日内高位；近5日强势延续；连续上榜确认；市场强势且个股相对强势,量能不足；短线涨幅偏高；偏离20日线较大,不主动推送。,v2,强势,80.25,2.06,4.59,0,2026-05-11,common_index_cache,1.08,2.16,3.5,2.86,5.15,6.56,6.46,21.99
2026-05-11,600186,莲花控股,42,4318.0,10jqka,intraday_0950,2026-05-11 09:50:00,2026-05-06,4,4,19.0,-23.0,ok,2026-05-11,10.15,9.97,10.21,9.84,689095.0,-3.2,-12.54,-7.86,0.351,0.19,-7.2,-2.55,10.65,-13.68,0.162,False,False,0.0,0.0,不推送,False,人气Top50；站上20日线且不过热；连续上榜确认,当日转弱；收盘承接偏弱；量能不足；近5日趋势未确认；人气排名明显回落；强势市里个股相对走弱,不主动推送。,v2,强势,80.25,2.06,4.59,0,2026-05-11,common_index_cache,1.08,2.16,3.5,2.86,5.15,6.56,-5.26,-12.45
2026-05-11,600703,三安光电,43,4306.0,10jqka,intraday_0950,2026-05-11 09:50:00,2026-05-06,4,4,82.0,39.0,ok,2026-05-11,16.11,16.54,16.8,15.95,1516512.0,3.12,12.67,18.65,0.694,0.62,9.81,11.31,19.5,-11.88,0.306,False,False,0.0,52.0,不推送,False,人气Top50；当日上涨；近5日趋势升温；站上20日线且不过热；连续上榜确认；人气排名明显上升；市场强势且个股相对强势,-,不主动推送。,v2,强势,80.25,2.06,4.59,0,2026-05-11,common_index_cache,1.08,2.16,3.5,2.86,5.15,6.56,1.06,14.06
2026-05-11,000720,新能泰山,44,4276.0,10jqka,intraday_0950,2026-05-11 09:50:00,2026-05-08,2,2,91.0,47.0,ok,2026-05-11,5.77,5.97,5.98,5.6,1636837.0,4.92,27.02,29.5,0.974,1.51,14.5,20.95,18.25,-16.85,0.026,False,False,0.0,83.0,重点观察,True,人气Top50；当日上涨；收在日内高位；温和放量；近5日强势延续；站上20日线且不过热；连续上榜确认；人气排名明显上升；市场强势且个股相对强势；v2连榜升温修正,短线涨幅偏高,只做观察或轻仓试错，等待回落承接和量能不失控。,v2,强势,80.25,2.06,4.59,0,2026-05-11,common_index_cache,1.08,2.16,3.5,2.86,5.15,6.56,2.86,24.91
2026-05-11,002149,西部材料,45,4191.0,10jqka,intraday_0950,2026-05-11 09:50:00,2026-05-06,4,4,25.0,-20.0,ok,2026-05-11,75.46,77.02,78.87,74.0,269039.0,2.09,10.25,33.39,0.62,0.32,8.08,18.36,29.86,-2.35,0.38,False,False,0.0,11.0,不推送,False,人气Top50；近5日强势延续；连续上榜确认；市场强势且个股相对强势,量能不足；短线涨幅偏高；偏离20日线较大；人气排名明显回落,不主动推送。,v2,强势,80.25,2.06,4.59,0,2026-05-11,common_index_cache,1.08,2.16,3.5,2.86,5.15,6.56,0.03,28.8
2026-05-11,000815,美利云,46,4144.0,10jqka,intraday_0950,2026-05-11 09:50:00,2026-05-06,4,4,49.0,3.0,ok,2026-05-11,21.87,21.66,22.06,21.36,256196.0,-0.82,3.54,9.06,0.429,0.2,1.51,5.24,4.58,-7.63,0.271,False,False,0.0,10.0,不推送,False,人气Top50；近5日趋势升温；站上20日线且不过热；连续上榜确认；市场强势且个股相对强势,当日转弱；收盘承接偏弱；量能不足,不主动推送。,v2,强势,80.25,2.06,4.59,0,2026-05-11,common_index_cache,1.08,2.16,3.5,2.86,5.15,6.56,-2.88,4.47
2026-05-11,600206,有研新材,47,4139.0,10jqka,intraday_0950,2026-05-11 09:50:00,2026-05-11,1,1,,,ok,2026-05-11,32.87,31.6,32.87,30.49,351214.0,-3.86,12.54,17.78,0.466,0.38,7.64,13.05,23.19,-3.86,0.0,False,False,0.0,14.0,不推送,False,人气Top50；近5日趋势升温；站上20日线且不过热；市场强势且个股相对强势,当日转弱；量能不足,不主动推送。,v2,强势,80.25,2.06,4.59,0,2026-05-11,common_index_cache,1.08,2.16,3.5,2.86,5.15,6.56,-5.92,13.19
2026-05-11,603738,泰晶科技,48,4131.0,10jqka,intraday_0950,2026-05-11 09:50:00,2026-05-07,3,3,68.0,20.0,ok,2026-05-11,51.0,52.7,53.96,49.25,329133.0,1.91,35.65,32.35,0.732,0.78,19.98,28.11,49.53,-2.34,0.268,False,False,0.0,17.0,不推送,False,人气Top50；近5日强势延续；连续上榜确认；人气排名明显上升；市场强势且个股相对强势,短线涨幅偏高；远离20日线过多,不主动推送。,v2,强势,80.25,2.06,4.59,0,2026-05-11,common_index_cache,1.08,2.16,3.5,2.86,5.15,6.56,-0.15,27.76
2026-05-11,603459,红板科技,49,4088.0,10jqka,intraday_0950,2026-05-11 09:50:00,2026-05-08,2,2,65.0,16.0,ok,2026-05-11,98.08,98.08,98.08,98.08,6653.0,10.0,46.43,58.91,1.0,0.03,28.54,42.37,49.48,0.0,0.0,True,True,0.0,28.0,观察池,False,人气Top50；当日涨停附近；收在日内高位；连续上榜确认；人气排名明显上升；市场强势且个股相对强势,量能不足；短线涨幅过热；远离20日线过多；一字或近似一字，参与点差；一字板不可买,一字板不可买，放观察池跟踪,v2,强势,80.25,2.06,4.59,0,2026-05-11,common_index_cache,1.08,2.16,3.5,2.86,5.15,6.56,7.94,54.32
2026-05-11,601138,工业富联,50,4081.0,10jqka,intraday_0950,2026-05-11 09:50:00,2026-05-06,4,4,48.0,-2.0,ok,2026-05-11,64.2,65.4,65.87,63.0,2402155.0,3.35,3.68,-1.3,0.836,0.99,2.57,0.08,4.85,-5.35,0.164,False,False,0.0,56.0,不推送,False,人气Top50；当日上涨；收盘承接较强；温和放量；站上20日线且不过热；连续上榜确认；市场强势且个股相对强势,近5日趋势未确认,不主动推送。,v2,强势,80.25,2.06,4.59,0,2026-05-11,common_index_cache,1.08,2.16,3.5,2.86,5.15,6.56,1.29,-5.89
2026-05-11,600879,航天电子,51,4052.0,10jqka,intraday_0950,2026-05-11 09:50:00,2026-05-11,1,1,,,ok,2026-05-11,27.13,26.84,27.35,26.39,2483957.0,0.71,6.63,16.34,0.469,1.32,4.89,9.38,12.25,-3.63,0.229,False,False,0.0,38.0,不推送,False,温和放量；近5日趋势升温；站上20日线且不过热；市场强势且个股相对强势,-,不主动推送。,v2,强势,80.25,2.06,4.59,0,2026-05-11,common_index_cache,1.08,2.16,3.5,2.86,5.15,6.56,-1.35,11.75
2026-05-11,603019,中科曙光,52,4047.0,10jqka,intraday_0950,2026-05-11 09:50:00,2026-05-06,4,4,94.0,42.0,ok,2026-05-11,99.0,97.68,99.5,97.46,221945.0,1.43,-2.12,8.03,0.108,0.29,0.6,3.31,6.62,-4.48,0.245,False,False,0.0,16.0,不推送,False,近5日趋势升温；站上20日线且不过热；连续上榜确认；人气排名明显上升；市场强势且个股相对强势,收盘承接偏弱；量能不足,不主动推送。,v2,强势,80.25,2.06,4.59,0,2026-05-11,common_index_cache,1.08,2.16,3.5,2.86,5.15,6.56,-0.63,3.44
2026-05-11,000977,浪潮信息,53,4010.0,10jqka,intraday_0950,2026-05-11 09:50:00,2026-05-11,1,1,,,ok,2026-05-11,72.13,76.58,79.49,71.1,1161179.0,4.56,4.59,5.95,0.653,1.26,3.69,4.3,7.32,-3.66,0.347,False,False,0.0,46.0,不推送,False,当日上涨；温和放量；近5日趋势升温；站上20日线且不过热；市场强势且个股相对强势,-,不主动推送。,v2,强势,80.25,2.06,4.59,0,2026-05-11,common_index_cache,1.08,2.16,3.5,2.86,5.15,6.56,2.5,1.36
2026-05-11,300442,润泽科技,54,3984.0,10jqka,intraday_0950,2026-05-11 09:50:00,2026-05-11,1,1,,,ok,2026-05-11,102.98,97.91,103.0,96.0,752454.0,-0.17,1.77,8.26,0.273,1.25,2.26,4.56,5.84,-7.92,0.003,False,False,0.0,16.0,不推送,False,温和放量；近5日趋势升温；站上20日线且不过热；市场强势且个股相对强势,当日转弱；收盘承接偏弱,不主动推送。,v2,强势,80.25,2.06,4.59,0,2026-05-11,common_index_cache,1.08,2.16,3.5,2.86,5.15,6.56,-2.23,3.67
2026-05-11,001309,德明利,55,3940.0,10jqka,intraday_0950,2026-05-11 09:50:00,2026-05-06,4,4,52.0,-3.0,ok,2026-05-11,630.56,622.8,633.5,612.0,47311.0,-2.57,7.88,19.1,0.502,0.28,5.95,14.67,20.31,-1.69,0.137,False,False,0.0,14.0,不推送,False,近5日趋势升温；站上20日线且不过热；连续上榜确认；市场强势且个股相对强势,当日转弱；量能不足,不主动推送。,v2,强势,80.25,2.06,4.59,0,2026-05-11,common_index_cache,1.08,2.16,3.5,2.86,5.15,6.56,-4.63,14.51
2026-05-11,600111,北方稀土,56,3940.0,10jqka,intraday_0950,2026-05-11 09:50:00,2026-05-06,4,4,79.0,23.0,ok,2026-05-11,57.9,55.89,57.95,55.88,583752.0,-3.39,0.67,9.7,0.005,0.29,1.8,8.95,9.69,-12.08,0.024,False,False,0.0,6.0,不推送,False,近5日趋势升温；站上20日线且不过热；连续上榜确认；人气排名明显上升；市场强势且个股相对强势,当日转弱；收盘承接偏弱；量能不足,不主动推送。,v2,强势,80.25,2.06,4.59,0,2026-05-11,common_index_cache,1.08,2.16,3.5,2.86,5.15,6.56,-5.45,5.11
2026-05-11,603667,五洲新春,57,3933.0,10jqka,intraday_0950,2026-05-11 09:50:00,2026-05-11,1,1,,,ok,2026-05-11,78.8,79.65,83.0,78.01,423971.0,0.59,18.54,24.16,0.329,1.88,9.88,15.15,14.23,-17.62,0.671,False,False,0.0,14.0,不推送,False,放量仍可控；近5日趋势升温；站上20日线且不过热；市场强势且个股相对强势,收盘承接偏弱；上影线偏长,不主动推送。,v2,强势,80.25,2.06,4.59,0,2026-05-11,common_index_cache,1.08,2.16,3.5,2.86,5.15,6.56,-1.47,19.57
2026-05-11,600745,*ST闻泰,58,3912.0,10jqka,intraday_0950,2026-05-11 09:50:00,2026-05-06,4,4,14.0,-44.0,ok,2026-05-11,21.76,21.76,21.76,21.76,11095.0,-4.98,-18.53,-21.73,1.0,0.1,-13.69,-18.76,-24.93,-39.86,,False,False,0.0,0.0,不推送,False,收在日内高位；连续上榜确认,当日转弱；量能不足；近5日趋势未确认；仍在20日线下方；人气排名明显回落；强势市里个股相对走弱,不主动推送。,v2,强势,80.25,2.06,4.59,0,2026-05-11,common_index_cache,1.08,2.16,3.5,2.86,5.15,6.56,-7.04,-26.32
2026-05-11,603601,再升科技,59,3888.0,10jqka,intraday_0950,2026-05-11 09:50:00,2026-05-06,4,4,50.0,-9.0,ok,2026-05-11,17.95,17.18,17.99,17.02,592251.0,-4.02,2.69,13.03,0.165,0.23,1.08,7.57,12.17,-8.37,0.041,False,False,0.0,2.0,不推送,False,近5日趋势升温；站上20日线且不过热；连续上榜确认；市场强势且个股相对强势,当日转弱；收盘承接偏弱；量能不足,不主动推送。,v2,强势,80.25,2.06,4.59,0,2026-05-11,common_index_cache,1.08,2.16,3.5,2.86,5.15,6.56,-6.08,8.44
2026-05-11,000070,特发信息,60,3874.0,10jqka,intraday_0950,2026-05-11 09:50:00,2026-05-07,3,3,54.0,-6.0,ok,2026-05-11,22.12,20.46,22.12,20.44,518508.0,-2.9,11.93,5.85,0.012,0.5,4.39,3.5,1.68,-9.07,0.0,False,False,0.0,3.0,不推送,False,近5日趋势升温；站上20日线且不过热；连续上榜确认,当日转弱；收盘承接偏弱；强势市里个股相对走弱,不主动推送。,v2,强势,80.25,2.06,4.59,0,2026-05-11,common_index_cache,1.08,2.16,3.5,2.86,5.15,6.56,-4.96,1.26
2026-05-11,002183,怡亚通,61,3856.0,10jqka,intraday_0950,2026-05-11 09:50:00,2026-05-08,2,2,53.0,-8.0,ok,2026-05-11,6.79,6.68,6.85,6.52,1890923.0,2.77,13.03,15.97,0.485,1.05,6.0,11.09,11.75,-4.43,0.182,False,False,0.0,46.0,不推送,False,温和放量；近5日趋势升温；站上20日线且不过热；连续上榜确认；市场强势且个股相对强势,-,不主动推送。,v2,强势,80.25,2.06,4.59,0,2026-05-11,common_index_cache,1.08,2.16,3.5,2.86,5.15,6.56,0.71,11.38
2026-05-11,600330,天通股份,62,3810.0,10jqka,intraday_0950,2026-05-11 09:50:00,2026-05-06,3,1,68.0,6.0,ok,2026-05-11,27.8,28.99,30.19,27.51,1884265.0,3.61,7.33,12.98,0.552,0.8,2.78,6.57,19.42,-3.97,0.448,False,False,0.0,46.0,不推送,False,当日上涨；温和放量；近5日趋势升温；站上20日线且不过热；市场强势且个股相对强势,-,不主动推送。,v2,强势,80.25,2.06,4.59,0,2026-05-11,common_index_cache,1.08,2.16,3.5,2.86,5.15,6.56,1.55,8.39
2026-05-11,601778,晶科科技,63,3796.0,10jqka,intraday_0950,2026-05-11 09:50:00,2026-05-06,4,4,37.0,-26.0,ok,2026-05-11,7.41,7.49,7.53,7.3,1551576.0,0.94,4.76,7.61,0.826,0.27,4.17,5.0,13.49,-4.95,0.174,False,False,0.0,30.0,不推送,False,收盘承接较强；近5日趋势升温；站上20日线且不过热；连续上榜确认；市场强势且个股相对强势,量能不足；人气排名明显回落,不主动推送。,v2,强势,80.25,2.06,4.59,0,2026-05-11,common_index_cache,1.08,2.16,3.5,2.86,5.15,6.56,-1.12,3.02
2026-05-11,002008,大族激光,64,3791.0,10jqka,intraday_0950,2026-05-11 09:50:00,2026-05-07,3,3,46.0,-18.0,ok,2026-05-11,134.2,128.9,134.2,128.55,195579.0,-4.0,26.14,24.73,0.062,0.37,13.81,18.74,33.84,-3.95,0.0,False,False,0.0,0.0,不推送,False,近5日趋势升温；连续上榜确认；市场强势且个股相对强势,当日转弱；收盘承接偏弱；量能不足；偏离20日线较大,不主动推送。,v2,强势,80.25,2.06,4.59,0,2026-05-11,common_index_cache,1.08,2.16,3.5,2.86,5.15,6.56,-6.06,20.14
2026-05-11,600936,北投科技,65,3765.0,10jqka,intraday_0950,2026-05-11 09:50:00,2026-05-11,1,1,,,ok,2026-05-11,4.96,5.17,5.17,4.85,743247.0,10.0,21.08,26.41,1.0,1.45,10.28,18.85,22.41,0.0,0.0,True,False,0.0,75.0,观察池,False,当日涨停附近；收在日内高位；温和放量；近5日强势延续；站上20日线且不过热；市场强势且个股相对强势；v2低分涨停修正,短线涨幅偏高；涨停封板不可买,涨停封板不可买，放观察池跟踪,v2,强势,80.25,2.06,4.59,0,2026-05-11,common_index_cache,1.08,2.16,3.5,2.86,5.15,6.56,7.94,21.82
2026-05-11,300058,蓝色光标,66,3696.0,10jqka,intraday_0950,2026-05-11 09:50:00,2026-05-06,3,2,11.0,-55.0,ok,2026-05-11,18.62,18.8,18.88,18.15,1584642.0,-0.69,4.16,8.11,0.89,0.3,2.22,4.61,5.66,-17.87,0.11,False,False,0.0,20.0,不推送,False,收盘承接较强；近5日趋势升温；站上20日线且不过热；连续上榜确认；市场强势且个股相对强势,当日转弱；量能不足；人气排名明显回落,不主动推送。,v2,强势,80.25,2.06,4.59,0,2026-05-11,common_index_cache,1.08,2.16,3.5,2.86,5.15,6.56,-2.75,3.52
2026-05-11,002015,协鑫能科,67,3622.0,10jqka,intraday_0950,2026-05-11 09:50:00,2026-05-06,4,4,76.0,9.0,ok,2026-05-11,20.29,20.66,20.74,20.21,463674.0,0.34,5.79,10.54,0.849,0.28,4.44,5.97,9.43,-10.13,0.151,False,False,0.0,34.0,不推送,False,收盘承接较强；近5日趋势升温；站上20日线且不过热；连续上榜确认；市场强势且个股相对强势,量能不足,不主动推送。,v2,强势,80.25,2.06,4.59,0,2026-05-11,common_index_cache,1.08,2.16,3.5,2.86,5.15,6.56,-1.72,5.95
2026-05-11,002565,顺灏股份,68,3567.0,10jqka,intraday_0950,2026-05-11 09:50:00,2026-05-06,4,4,72.0,4.0,ok,2026-05-11,21.48,21.18,21.73,21.01,442878.0,-2.8,10.31,14.36,0.236,0.25,6.01,8.39,10.91,-7.87,0.347,False,False,0.0,2.0,不推送,False,近5日趋势升温；站上20日线且不过热；连续上榜确认；市场强势且个股相对强势,当日转弱；收盘承接偏弱；量能不足,不主动推送。,v2,强势,80.25,2.06,4.59,0,2026-05-11,common_index_cache,1.08,2.16,3.5,2.86,5.15,6.56,-4.86,9.77
2026-05-11,600130,波导股份,69,3548.0,10jqka,intraday_0950,2026-05-11 09:50:00,2026-05-11,1,1,,,ok,2026-05-11,6.7,6.48,6.77,5.61,2698201.0,5.37,27.56,40.87,0.75,5.32,16.05,26.32,33.62,-4.28,0.06,False,False,0.0,13.0,不推送,False,当日上涨；收盘承接较强；近5日强势延续；市场强势且个股相对强势,放量过猛；短线涨幅偏高；偏离20日线较大,不主动推送。,v2,强势,80.25,2.06,4.59,0,2026-05-11,common_index_cache,1.08,2.16,3.5,2.86,5.15,6.56,3.31,36.28
2026-05-11,605006,山东玻纤,70,3464.0,10jqka,intraday_0950,2026-05-11 09:50:00,2026-05-11,1,1,,,ok,2026-05-11,16.04,16.36,16.36,15.92,175034.0,10.02,33.12,34.87,1.0,0.31,19.02,31.74,43.63,0.0,0.0,True,False,0.0,43.0,观察池,False,当日涨停附近；收在日内高位；近5日强势延续；市场强势且个股相对强势；v2低分涨停修正,量能不足；短线涨幅偏高；偏离20日线较大；涨停封板不可买,涨停封板不可买，放观察池跟踪,v2,强势,80.25,2.06,4.59,0,2026-05-11,common_index_cache,1.08,2.16,3.5,2.86,5.15,6.56,7.96,30.28
2026-05-11,603636,南威软件,71,3442.0,10jqka,intraday_0950,2026-05-11 09:50:00,2026-05-11,1,1,,,ok,2026-05-11,12.0,11.04,12.0,11.0,913901.0,-0.63,20.26,24.18,0.04,5.87,9.55,16.14,17.84,-8.0,0.0,False,False,0.0,0.0,不推送,False,近5日趋势升温；站上20日线且不过热；市场强势且个股相对强势,当日转弱；收盘承接偏弱；放量过猛,不主动推送。,v2,强势,80.25,2.06,4.59,0,2026-05-11,common_index_cache,1.08,2.16,3.5,2.86,5.15,6.56,-2.69,19.59
2026-05-11,000938,紫光股份,72,3435.0,10jqka,intraday_0950,2026-05-11 09:50:00,2026-05-08,2,2,89.0,17.0,ok,2026-05-11,32.19,31.55,32.3,30.95,565880.0,-0.44,-0.94,-2.68,0.444,0.24,-2.32,-1.47,5.23,-6.16,0.081,False,False,0.0,0.0,不推送,False,站上20日线且不过热；连续上榜确认；人气排名明显上升,当日转弱；收盘承接偏弱；量能不足；近5日趋势未确认；强势市里个股相对走弱,不主动推送。,v2,强势,80.25,2.06,4.59,0,2026-05-11,common_index_cache,1.08,2.16,3.5,2.86,5.15,6.56,-2.5,-7.27
2026-05-11,603986,兆易创新,73,3390.0,10jqka,intraday_0950,2026-05-11 09:50:00,2026-05-06,4,4,70.0,-3.0,ok,2026-05-11,341.0,337.96,343.3,335.5,156458.0,-3.48,-1.84,9.41,0.315,0.33,0.61,5.55,12.28,-5.43,0.295,False,False,0.0,2.0,不推送,False,近5日趋势升温；站上20日线且不过热；连续上榜确认；市场强势且个股相对强势,当日转弱；收盘承接偏弱；量能不足,不主动推送。,v2,强势,80.25,2.06,4.59,0,2026-05-11,common_index_cache,1.08,2.16,3.5,2.86,5.15,6.56,-5.54,4.82
2026-05-11,603045,福达合金,74,3356.0,10jqka,intraday_0950,2026-05-11 09:50:00,2026-05-08,2,2,78.0,4.0,ok,2026-05-11,68.35,68.35,68.35,68.35,4678.0,9.99,33.11,61.05,1.0,0.1,19.91,41.8,65.25,0.0,0.0,True,True,0.0,16.0,观察池,False,当日涨停附近；收在日内高位；连续上榜确认；市场强势且个股相对强势,量能不足；短线涨幅过热；远离20日线过多；一字或近似一字，参与点差；一字板不可买,一字板不可买，放观察池跟踪,v2,强势,80.25,2.06,4.59,0,2026-05-11,common_index_cache,1.08,2.16,3.5,2.86,5.15,6.56,7.93,56.46
2026-05-11,600176,中国巨石,75,3346.0,10jqka,intraday_0950,2026-05-11 09:50:00,2026-05-06,3,1,89.0,14.0,ok,2026-05-11,38.49,38.01,39.88,36.98,1562436.0,0.03,2.73,6.47,0.355,1.0,2.49,6.89,13.35,-4.69,0.479,False,False,0.0,17.0,不推送,False,温和放量；近5日趋势升温；站上20日线且不过热；人气排名明显上升,收盘承接偏弱；上影线偏长；强势市里个股相对走弱,不主动推送。,v2,强势,80.25,2.06,4.59,0,2026-05-11,common_index_cache,1.08,2.16,3.5,2.86,5.15,6.56,-2.03,1.88
2026-05-11,600343,航天动力,76,3314.0,10jqka,intraday_0950,2026-05-11 09:50:00,2026-05-11,1,1,,,ok,2026-05-11,34.88,38.48,38.48,34.58,685933.0,10.01,10.64,15.69,1.0,1.7,6.16,9.02,9.69,-1.69,0.0,True,False,0.0,82.0,观察池,False,当日涨停附近；收在日内高位；温和放量；近5日趋势升温；站上20日线且不过热；市场强势且个股相对强势；v2低分涨停修正,涨停封板不可买,涨停封板不可买，放观察池跟踪,v2,强势,80.25,2.06,4.59,0,2026-05-11,common_index_cache,1.08,2.16,3.5,2.86,5.15,6.56,7.95,11.1
2026-05-11,300136,信维通信,77,3310.0,10jqka,intraday_0950,2026-05-11 09:50:00,2026-05-06,4,4,69.0,-8.0,ok,2026-05-11,106.8,108.99,111.48,105.78,373730.0,7.54,12.1,27.46,0.563,0.35,8.88,17.61,33.38,-2.23,0.437,False,False,0.0,23.0,不推送,False,当日强涨；近5日强势延续；连续上榜确认；市场强势且个股相对强势,量能不足；短线涨幅偏高；偏离20日线较大,不主动推送。,v2,强势,80.25,2.06,4.59,0,2026-05-11,common_index_cache,1.08,2.16,3.5,2.86,5.15,6.56,5.48,22.87
2026-05-11,300476,胜宏科技,78,3309.0,10jqka,intraday_0950,2026-05-11 09:50:00,2026-05-07,2,1,83.0,5.0,ok,2026-05-11,362.47,377.63,383.51,352.0,571138.0,5.29,15.87,13.11,0.813,1.1,9.22,13.04,17.08,-1.53,0.187,False,False,0.0,56.0,不推送,False,当日上涨；收盘承接较强；温和放量；近5日趋势升温；站上20日线且不过热；市场强势且个股相对强势,-,不主动推送。,v2,强势,80.25,2.06,4.59,0,2026-05-11,common_index_cache,1.08,2.16,3.5,2.86,5.15,6.56,3.23,8.52
2026-05-11,601869,长飞光纤,79,3304.0,10jqka,intraday_0950,2026-05-11 09:50:00,2026-05-07,3,3,75.0,-4.0,ok,2026-05-11,373.38,389.39,389.94,373.0,58387.0,0.05,7.85,5.09,0.968,0.32,2.97,3.41,3.1,-7.92,0.032,False,False,0.0,33.0,不推送,False,收在日内高位；近5日趋势升温；站上20日线且不过热；连续上榜确认,量能不足；强势市里个股相对走弱,不主动推送。,v2,强势,80.25,2.06,4.59,0,2026-05-11,common_index_cache,1.08,2.16,3.5,2.86,5.15,6.56,-2.01,0.5
2026-05-11,600736,苏州高新,80,3291.0,10jqka,intraday_0950,2026-05-11 09:50:00,2026-05-07,3,3,26.0,-54.0,ok,2026-05-11,9.55,10.31,10.36,9.19,896354.0,6.84,17.56,22.74,0.957,0.41,10.29,17.86,36.37,-2.83,0.043,False,False,0.0,34.0,不推送,False,当日上涨；收在日内高位；近5日趋势升温；连续上榜确认；市场强势且个股相对强势,量能不足；偏离20日线较大；人气排名明显回落,不主动推送。,v2,强势,80.25,2.06,4.59,0,2026-05-11,common_index_cache,1.08,2.16,3.5,2.86,5.15,6.56,4.78,18.15
2026-05-11,002256,兆新股份,81,3260.0,10jqka,intraday_0950,2026-05-11 09:50:00,2026-05-11,1,1,,,ok,2026-05-11,4.75,5.28,5.28,4.7,2451761.0,10.0,13.06,15.54,1.0,1.22,7.23,12.03,19.69,0.0,0.0,True,False,0.0,82.0,观察池,False,当日涨停附近；收在日内高位；温和放量；近5日趋势升温；站上20日线且不过热；市场强势且个股相对强势；v2低分涨停修正,涨停封板不可买,涨停封板不可买，放观察池跟踪,v2,强势,80.25,2.06,4.59,0,2026-05-11,common_index_cache,1.08,2.16,3.5,2.86,5.15,6.56,7.94,10.95
2026-05-11,002407,多氟多,82,3234.0,10jqka,intraday_0950,2026-05-11 09:50:00,2026-05-06,4,4,63.0,-19.0,ok,2026-05-11,37.04,35.19,38.28,35.0,1569310.0,-6.26,-7.69,-1.9,0.058,0.86,-3.4,0.72,8.47,-9.77,0.378,False,False,0.0,1.0,不推送,False,温和放量；站上20日线且不过热；连续上榜确认,当日转弱；收盘承接偏弱；近5日趋势未确认；强势市里个股相对走弱,不主动推送。,v2,强势,80.25,2.06,4.59,0,2026-05-11,common_index_cache,1.08,2.16,3.5,2.86,5.15,6.56,-8.32,-6.49
2026-05-11,002902,铭普光磁,83,3222.0,10jqka,intraday_0950,2026-05-11 09:50:00,2026-05-11,1,1,,,ok,2026-05-11,32.78,36.18,36.18,32.48,209085.0,10.0,13.81,16.75,1.0,0.52,8.05,16.14,18.74,0.0,0.0,True,False,0.0,68.0,观察池,False,当日涨停附近；收在日内高位；近5日趋势升温；站上20日线且不过热；市场强势且个股相对强势；v2低分涨停修正,涨停封板不可买,涨停封板不可买，放观察池跟踪,v2,强势,80.25,2.06,4.59,0,2026-05-11,common_index_cache,1.08,2.16,3.5,2.86,5.15,6.56,7.94,12.16
2026-05-11,600759,ST洲际,84,3220.0,10jqka,intraday_0950,2026-05-11 09:50:00,2026-05-06,4,4,35.0,-49.0,ok,2026-05-11,3.62,3.62,3.62,3.62,99826.0,-4.99,-18.47,-26.42,1.0,2.24,-13.65,-22.38,-27.8,-60.18,,False,False,0.0,3.0,不推送,False,收在日内高位；放量仍可控；连续上榜确认,当日转弱；近5日趋势未确认；仍在20日线下方；人气排名明显回落；强势市里个股相对走弱,不主动推送。,v2,强势,80.25,2.06,4.59,0,2026-05-11,common_index_cache,1.08,2.16,3.5,2.86,5.15,6.56,-7.05,-31.01
2026-05-11,000839,国安股份,85,3194.0,10jqka,intraday_0950,2026-05-11 09:50:00,2026-05-11,1,1,,,ok,2026-05-11,3.48,3.4,3.57,3.37,3759699.0,1.19,13.71,14.48,0.15,6.25,7.8,9.71,8.16,-20.19,0.45,False,False,0.0,0.0,不推送,False,近5日趋势升温；站上20日线且不过热；市场强势且个股相对强势,收盘承接偏弱；放量过猛；上影线偏长,不主动推送。,v2,强势,80.25,2.06,4.59,0,2026-05-11,common_index_cache,1.08,2.16,3.5,2.86,5.15,6.56,-0.87,9.89
2026-05-11,301666,大普微,86,3155.0,10jqka,intraday_0950,2026-05-11 09:50:00,2026-05-06,3,1,92.0,6.0,ok,2026-05-11,416.93,499.0,508.5,416.93,92238.0,15.43,31.66,68.58,0.896,0.95,16.97,47.72,65.17,-1.87,0.104,True,False,0.0,30.0,观察池,False,当日涨停附近；收盘承接较强；温和放量；市场强势且个股相对强势,短线涨幅过热；远离20日线过多；涨停封板不可买,涨停封板不可买，放观察池跟踪,v2,强势,80.25,2.06,4.59,0,2026-05-11,common_index_cache,1.08,2.16,3.5,2.86,5.15,6.56,13.37,63.99
2026-05-11,002624,完美世界,87,3148.0,10jqka,intraday_0950,2026-05-11 09:50:00,2026-05-11,1,1,,,ok,2026-05-11,17.49,17.55,17.55,17.49,375922.0,10.03,7.8,5.47,1.0,0.43,6.31,4.05,-4.84,-25.89,0.0,True,False,0.0,46.0,观察池,False,当日涨停附近；收在日内高位；近5日趋势升温；市场强势且个股相对强势,量能不足；涨停封板不可买,涨停封板不可买，放观察池跟踪,v2,强势,80.25,2.06,4.59,0,2026-05-11,common_index_cache,1.08,2.16,3.5,2.86,5.15,6.56,7.97,0.88
2026-05-11,603256,宏和科技,88,3134.0,10jqka,intraday_0950,2026-05-11 09:50:00,2026-05-07,3,3,18.0,-70.0,ok,2026-05-11,147.93,142.38,153.2,142.38,110148.0,-4.36,8.68,18.04,0.0,0.49,3.86,15.28,29.07,-7.06,0.487,False,False,0.0,0.0,不推送,False,近5日趋势升温；连续上榜确认；市场强势且个股相对强势,当日转弱；收盘承接偏弱；量能不足；偏离20日线较大；人气排名明显回落,不主动推送。,v2,强势,80.25,2.06,4.59,0,2026-05-11,common_index_cache,1.08,2.16,3.5,2.86,5.15,6.56,-6.42,13.45
2026-05-11,300308,中际旭创,89,3029.0,10jqka,intraday_0950,2026-05-11 09:50:00,2026-05-06,4,4,96.0,7.0,ok,2026-05-11,889.06,874.0,896.0,873.7,71670.0,-1.35,2.1,3.43,0.013,0.29,0.44,0.95,5.11,-4.9,0.311,False,False,0.0,0.0,不推送,False,站上20日线且不过热；连续上榜确认,当日转弱；收盘承接偏弱；量能不足；强势市里个股相对走弱,不主动推送。,v2,强势,80.25,2.06,4.59,0,2026-05-11,common_index_cache,1.08,2.16,3.5,2.86,5.15,6.56,-3.41,-1.16
2026-05-11,600726,华电能源,90,3006.0,10jqka,intraday_0950,2026-05-11 09:50:00,2026-05-06,4,4,43.0,-47.0,ok,2026-05-11,7.72,7.58,7.78,7.1,1147584.0,-2.82,9.54,6.76,0.706,0.25,4.67,11.83,31.84,-7.67,0.088,False,False,0.0,0.0,不推送,False,近5日趋势升温；连续上榜确认；市场强势且个股相对强势,当日转弱；量能不足；偏离20日线较大；人气排名明显回落,不主动推送。,v2,强势,80.25,2.06,4.59,0,2026-05-11,common_index_cache,1.08,2.16,3.5,2.86,5.15,6.56,-4.88,2.17
2026-05-11,002185,华天科技,91,2996.0,10jqka,intraday_0950,2026-05-11 09:50:00,2026-05-06,4,4,97.0,6.0,ok,2026-05-11,14.01,14.43,14.56,14.01,1147696.0,5.02,5.95,13.0,0.764,0.58,4.81,9.26,12.14,-5.99,0.236,False,False,0.0,50.0,不推送,False,当日上涨；收盘承接较强；近5日趋势升温；站上20日线且不过热；连续上榜确认；市场强势且个股相对强势,-,不主动推送。,v2,强势,80.25,2.06,4.59,0,2026-05-11,common_index_cache,1.08,2.16,3.5,2.86,5.15,6.56,2.96,8.41
2026-05-11,002009,天奇股份,92,2958.0,10jqka,intraday_0950,2026-05-11 09:50:00,2026-05-11,1,1,,,ok,2026-05-11,24.4,26.96,26.96,24.22,505829.0,10.0,13.71,16.31,1.0,1.92,7.53,11.04,10.13,-29.05,0.0,True,False,0.0,76.0,观察池,False,当日涨停附近；收在日内高位；放量仍可控；近5日趋势升温；站上20日线且不过热；市场强势且个股相对强势；v2低分涨停修正,涨停封板不可买,涨停封板不可买，放观察池跟踪,v2,强势,80.25,2.06,4.59,0,2026-05-11,common_index_cache,1.08,2.16,3.5,2.86,5.15,6.56,7.94,11.72
2026-05-11,600480,凌云股份,93,2947.0,10jqka,intraday_0950,2026-05-11 09:50:00,2026-05-11,1,1,,,ok,2026-05-11,11.97,11.28,11.97,11.25,310223.0,-2.84,9.51,11.57,0.042,0.91,4.74,6.8,3.83,-5.76,0.0,False,False,0.0,16.0,不推送,False,温和放量；近5日趋势升温；站上20日线且不过热；市场强势且个股相对强势,当日转弱；收盘承接偏弱,不主动推送。,v2,强势,80.25,2.06,4.59,0,2026-05-11,common_index_cache,1.08,2.16,3.5,2.86,5.15,6.56,-4.9,6.98
2026-05-11,301308,江波龙,94,2929.0,10jqka,intraday_0950,2026-05-11 09:50:00,2026-05-06,4,4,87.0,-7.0,ok,2026-05-11,474.64,477.0,485.0,474.0,68907.0,-1.31,-0.9,15.13,0.273,0.29,2.68,12.4,20.84,-6.21,0.727,False,False,0.0,2.0,不推送,False,近5日趋势升温；站上20日线且不过热；连续上榜确认；市场强势且个股相对强势,当日转弱；收盘承接偏弱；量能不足,不主动推送。,v2,强势,80.25,2.06,4.59,0,2026-05-11,common_index_cache,1.08,2.16,3.5,2.86,5.15,6.56,-3.37,10.54
2026-05-11,601899,紫金矿业,95,2911.0,10jqka,intraday_0950,2026-05-11 09:50:00,2026-05-06,4,4,93.0,-2.0,ok,2026-05-11,34.02,34.41,34.44,34.01,536688.0,-0.15,0.58,0.79,0.93,0.17,0.51,1.05,0.09,-15.87,0.07,False,False,0.0,11.0,不推送,False,收在日内高位；站上20日线且不过热；连续上榜确认,当日转弱；量能不足；强势市里个股相对走弱,不主动推送。,v2,强势,80.25,2.06,4.59,0,2026-05-11,common_index_cache,1.08,2.16,3.5,2.86,5.15,6.56,-2.21,-3.8
2026-05-11,000858,五粮液,96,2883.0,10jqka,intraday_0950,2026-05-11 09:50:00,2026-05-06,4,4,30.0,-66.0,ok,2026-05-11,91.8,91.05,91.93,91.04,68242.0,-0.83,-1.31,-7.41,0.011,0.15,-2.12,-5.78,-8.42,-17.64,0.146,False,False,0.0,0.0,不推送,False,连续上榜确认,当日转弱；收盘承接偏弱；量能不足；近5日趋势未确认；仍在20日线下方；人气排名明显回落；强势市里个股相对走弱,不主动推送。,v2,强势,80.25,2.06,4.59,0,2026-05-11,common_index_cache,1.08,2.16,3.5,2.86,5.15,6.56,-2.89,-12.0
2026-05-11,601698,中国卫通,97,2859.0,10jqka,intraday_0950,2026-05-11 09:50:00,2026-05-11,1,1,,,ok,2026-05-11,40.1,39.81,41.0,39.39,1132138.0,0.03,5.23,11.79,0.261,1.43,3.7,6.5,10.48,-2.9,0.559,False,False,0.0,20.0,不推送,False,温和放量；近5日趋势升温；站上20日线且不过热；市场强势且个股相对强势,收盘承接偏弱；上影线偏长,不主动推送。,v2,强势,80.25,2.06,4.59,0,2026-05-11,common_index_cache,1.08,2.16,3.5,2.86,5.15,6.56,-2.03,7.2
2026-05-11,688008,澜起科技,98,2845.0,10jqka,intraday_0950,2026-05-11 09:50:00,2026-05-06,2,1,85.0,-13.0,ok,2026-05-11,231.26,247.79,252.32,230.0,1031091.0,17.84,24.53,45.84,0.797,0.01,19.1,31.45,45.81,-1.8,0.203,True,False,0.0,8.0,观察池,False,当日涨停附近；收盘承接较强；市场强势且个股相对强势,量能不足；短线涨幅过热；远离20日线过多；涨停封板不可买,涨停封板不可买，放观察池跟踪,v2,强势,80.25,2.06,4.59,0,2026-05-11,common_index_cache,1.08,2.16,3.5,2.86,5.15,6.56,15.78,41.25
2026-05-11,000062,深圳华强,99,2772.0,10jqka,intraday_0950,2026-05-11 09:50:00,2026-05-06,4,4,98.0,-1.0,ok,2026-05-11,36.19,37.0,37.48,36.19,362660.0,4.11,0.33,3.79,0.628,0.33,0.65,3.18,13.43,-7.8,0.372,False,False,0.0,20.0,不推送,False,当日上涨；站上20日线且不过热；连续上榜确认；市场强势且个股相对强势,量能不足,不主动推送。,v2,强势,80.25,2.06,4.59,0,2026-05-11,common_index_cache,1.08,2.16,3.5,2.86,5.15,6.56,2.05,-0.8
2026-05-11,002261,拓维信息,100,2762.0,10jqka,intraday_0950,2026-05-11 09:50:00,2026-05-08,2,2,74.0,-26.0,ok,2026-05-11,35.18,34.27,35.18,34.1,309427.0,-2.7,-8.86,-1.83,0.157,0.25,-5.29,-6.59,-6.68,-22.22,0.0,False,False,0.0,0.0,不推送,False,连续上榜确认,当日转弱；收盘承接偏弱；量能不足；近5日趋势未确认；仍在20日线下方；人气排名明显回落；强势市里个股相对走弱,不主动推送。,v2,强势,80.25,2.06,4.59,0,2026-05-11,common_index_cache,1.08,2.16,3.5,2.86,5.15,6.56,-4.76,-6.42
2026-05-12,601991,大唐发电,1,26777.0,10jqka,intraday_0950,2026-05-12 09:50:00,2026-05-06,5,5,3.0,2.0,ok,2026-05-12,6.0,6.09,6.09,5.88,2590194.0,9.93,20.83,46.39,1.0,0.55,11.38,27.01,39.14,0.0,0.0,True,False,0.0,66.0,观察池,False,人气Top3；当日涨停附近；收在日内高位；持续霸榜；市场强势且个股相对强势,短线涨幅过热；偏离20日线较大；热度可能进入后段；涨停封板不可买,涨停封板不可买，放观察池跟踪,v2,强势,61.39,-0.23,4.41,0,2026-05-12,common_index_cache,-0.25,-0.47,0.15,2.49,4.75,7.01,10.16,41.98
2026-05-12,600584,长电科技,2,22883.0,10jqka,intraday_0950,2026-05-12 09:50:00,2026-05-06,4,2,4.0,2.0,ok,2026-05-12,56.76,55.24,56.99,54.6,2243986.0,-1.06,13.29,21.25,0.268,1.57,6.73,13.89,19.44,-3.07,0.096,False,False,0.0,68.0,普通观察,True,人气Top3；温和放量；近5日趋势升温；站上20日线且不过热；连续上榜确认；市场强势且个股相对强势；v2热点回踩观察,当日转弱；收盘承接偏弱,保留在样本池，继续看次日人气和承接。,v2,强势,61.39,-0.23,4.41,0,2026-05-12,common_index_cache,-0.25,-0.47,0.15,2.49,4.75,7.01,-0.83,16.84
2026-05-12,600522,中天科技,3,19910.0,10jqka,intraday_0950,2026-05-12 09:50:00,2026-05-06,5,5,1.0,-2.0,ok,2026-05-12,44.98,43.68,44.98,42.75,1495313.0,6.8,13.81,31.88,0.417,0.51,8.27,17.07,29.24,-2.91,0.0,False,False,0.0,37.0,不推送,False,人气Top3；当日上涨；近5日强势延续；持续霸榜；市场强势且个股相对强势,收盘承接偏弱；短线涨幅偏高；偏离20日线较大；热度可能进入后段,不主动推送。,v2,强势,61.39,-0.23,4.41,0,2026-05-12,common_index_cache,-0.25,-0.47,0.15,2.49,4.75,7.01,7.03,27.47
2026-05-12,002281,光迅科技,4,18990.0,10jqka,intraday_0950,2026-05-12 09:50:00,2026-05-06,5,5,6.0,2.0,ok,2026-05-12,200.0,198.0,204.0,194.8,250936.0,-0.4,20.52,37.23,0.348,0.33,10.91,26.12,45.05,-2.94,0.435,False,False,0.0,0.0,不推送,False,人气Top10；近5日强势延续；持续霸榜；市场强势且个股相对强势,当日转弱；收盘承接偏弱；量能不足；短线涨幅偏高；远离20日线过多；热度可能进入后段,不主动推送。,v2,强势,61.39,-0.23,4.41,0,2026-05-12,common_index_cache,-0.25,-0.47,0.15,2.49,4.75,7.01,-0.17,32.82
2026-05-12,600396,华电辽能,5,14881.0,10jqka,intraday_0950,2026-05-12 09:50:00,2026-05-06,5,5,27.0,22.0,ok,2026-05-12,12.67,13.35,13.44,12.67,1209156.0,7.32,11.25,34.58,0.883,0.45,7.01,18.3,39.36,-2.41,0.117,False,False,0.0,57.0,不推送,False,人气Top10；当日强涨；收盘承接较强；近5日强势延续；持续霸榜；人气排名明显上升；市场强势且个股相对强势,量能不足；短线涨幅偏高；偏离20日线较大；热度可能进入后段,不主动推送。,v2,强势,61.39,-0.23,4.41,0,2026-05-12,common_index_cache,-0.25,-0.47,0.15,2.49,4.75,7.01,7.55,30.17
2026-05-12,002580,圣阳股份,6,14570.0,10jqka,intraday_0950,2026-05-12 09:50:00,2026-05-06,5,5,8.0,2.0,ok,2026-05-12,34.59,33.93,35.59,33.56,481291.0,-0.99,13.44,23.47,0.182,0.39,5.51,12.02,19.94,-6.24,0.493,False,False,0.0,22.0,不推送,False,人气Top10；近5日趋势升温；站上20日线且不过热；持续霸榜；市场强势且个股相对强势,当日转弱；收盘承接偏弱；量能不足；热度可能进入后段,不主动推送。,v2,强势,61.39,-0.23,4.41,0,2026-05-12,common_index_cache,-0.25,-0.47,0.15,2.49,4.75,7.01,-0.76,19.06
2026-05-12,000066,中国长城,7,14031.0,10jqka,intraday_0950,2026-05-12 09:50:00,2026-05-06,5,5,2.0,-5.0,ok,2026-05-12,23.52,23.82,25.01,23.52,2034032.0,1.79,-0.67,20.18,0.201,0.46,2.59,16.21,31.96,-4.76,0.799,False,False,0.0,16.0,不推送,False,人气Top10；近5日趋势升温；持续霸榜；市场强势且个股相对强势,收盘承接偏弱；量能不足；偏离20日线较大；热度可能进入后段；上影线偏长,不主动推送。,v2,强势,61.39,-0.23,4.41,0,2026-05-12,common_index_cache,-0.25,-0.47,0.15,2.49,4.75,7.01,2.02,15.77
2026-05-12,002217,合力泰,8,13280.0,10jqka,intraday_0950,2026-05-12 09:50:00,2026-05-06,5,5,12.0,4.0,ok,2026-05-12,3.58,3.51,3.62,3.45,3242622.0,-1.68,0.29,21.45,0.353,0.33,2.09,10.45,20.06,-6.65,0.235,False,False,0.0,22.0,不推送,False,人气Top10；近5日趋势升温；站上20日线且不过热；持续霸榜；市场强势且个股相对强势,当日转弱；收盘承接偏弱；量能不足；热度可能进入后段,不主动推送。,v2,强势,61.39,-0.23,4.41,0,2026-05-12,common_index_cache,-0.25,-0.47,0.15,2.49,4.75,7.01,-1.45,17.04
2026-05-12,002081,金螳螂,9,13090.0,10jqka,intraday_0950,2026-05-12 09:50:00,2026-05-06,5,5,9.0,0.0,ok,2026-05-12,7.43,7.46,7.68,7.25,2195552.0,2.9,4.48,26.44,0.488,0.45,6.15,23.12,49.14,-2.86,0.512,False,False,0.0,11.0,不推送,False,人气Top10；近5日强势延续；持续霸榜；市场强势且个股相对强势,量能不足；短线涨幅偏高；远离20日线过多；热度可能进入后段；上影线偏长,不主动推送。,v2,强势,61.39,-0.23,4.41,0,2026-05-12,common_index_cache,-0.25,-0.47,0.15,2.49,4.75,7.01,3.13,22.03
2026-05-12,600487,亨通光电,10,12809.0,10jqka,intraday_0950,2026-05-12 09:50:00,2026-05-06,5,5,21.0,11.0,ok,2026-05-12,74.25,79.29,79.49,74.25,606923.0,4.38,4.38,20.68,0.962,0.32,4.52,9.88,21.92,-0.76,0.038,False,False,0.0,72.0,普通观察,True,人气Top10；当日上涨；收在日内高位；近5日趋势升温；站上20日线且不过热；持续霸榜；人气排名明显上升；市场强势且个股相对强势,量能不足；热度可能进入后段,保留在样本池，继续看次日人气和承接。,v2,强势,61.39,-0.23,4.41,0,2026-05-12,common_index_cache,-0.25,-0.47,0.15,2.49,4.75,7.01,4.61,16.27
2026-05-12,002185,华天科技,11,11960.0,10jqka,intraday_0950,2026-05-12 09:50:00,2026-05-06,5,5,91.0,80.0,ok,2026-05-12,14.8,14.44,14.8,14.31,896905.0,-2.04,3.59,10.14,0.265,0.37,2.44,7.48,11.09,-5.93,0.0,False,False,0.0,18.0,不推送,False,人气Top20；近5日趋势升温；站上20日线且不过热；持续霸榜；人气排名明显上升；市场强势且个股相对强势,当日转弱；收盘承接偏弱；量能不足；热度可能进入后段,不主动推送。,v2,强势,61.39,-0.23,4.41,0,2026-05-12,common_index_cache,-0.25,-0.47,0.15,2.49,4.75,7.01,-1.81,5.73
2026-05-12,002491,通鼎互联,12,11752.0,10jqka,intraday_0950,2026-05-12 09:50:00,2026-05-07,4,4,10.0,-2.0,ok,2026-05-12,24.5,25.0,25.0,23.31,1029067.0,9.99,33.12,58.23,1.0,0.94,19.92,34.67,45.97,0.0,0.0,True,False,0.0,60.0,观察池,False,人气Top20；当日涨停附近；收在日内高位；温和放量；连续上榜确认；市场强势且个股相对强势,短线涨幅过热；远离20日线过多；涨停封板不可买,涨停封板不可买，放观察池跟踪,v2,强势,61.39,-0.23,4.41,0,2026-05-12,common_index_cache,-0.25,-0.47,0.15,2.49,4.75,7.01,10.22,53.82
2026-05-12,000988,华工科技,13,11499.0,10jqka,intraday_0950,2026-05-12 09:50:00,2026-05-06,5,5,33.0,20.0,ok,2026-05-12,146.98,145.93,148.44,144.0,271363.0,-1.1,9.31,22.09,0.435,0.26,5.92,14.26,19.13,-1.92,0.329,False,False,0.0,18.0,不推送,False,人气Top20；近5日趋势升温；站上20日线且不过热；持续霸榜；人气排名明显上升；市场强势且个股相对强势,当日转弱；收盘承接偏弱；量能不足；热度可能进入后段,不主动推送。,v2,强势,61.39,-0.23,4.41,0,2026-05-12,common_index_cache,-0.25,-0.47,0.15,2.49,4.75,7.01,-0.87,17.68
2026-05-12,002156,通富微电,14,11171.0,10jqka,intraday_0950,2026-05-12 09:50:00,2026-05-06,5,5,13.0,-1.0,ok,2026-05-12,61.22,59.63,61.28,59.06,446098.0,-2.6,0.93,15.18,0.257,0.28,1.4,9.38,17.17,-4.18,0.027,False,False,0.0,14.0,不推送,False,人气Top20；近5日趋势升温；站上20日线且不过热；持续霸榜；市场强势且个股相对强势,当日转弱；收盘承接偏弱；量能不足；热度可能进入后段,不主动推送。,v2,强势,61.39,-0.23,4.41,0,2026-05-12,common_index_cache,-0.25,-0.47,0.15,2.49,4.75,7.01,-2.37,10.77
2026-05-12,603538,美诺华,15,11138.0,10jqka,intraday_0950,2026-05-12 09:50:00,2026-05-06,5,5,37.0,22.0,ok,2026-05-12,56.02,54.44,56.5,53.56,206610.0,-5.04,-11.7,-12.84,0.299,0.33,-10.94,-10.38,-3.65,-22.66,0.163,False,False,0.0,0.0,不推送,False,人气Top20；持续霸榜；人气排名明显上升,当日转弱；收盘承接偏弱；量能不足；近5日趋势未确认；热度可能进入后段；强势市里个股相对走弱,不主动推送。,v2,强势,61.39,-0.23,4.41,0,2026-05-12,common_index_cache,-0.25,-0.47,0.15,2.49,4.75,7.01,-4.81,-17.25
2026-05-12,002008,大族激光,16,10720.0,10jqka,intraday_0950,2026-05-12 09:50:00,2026-05-07,4,4,64.0,48.0,ok,2026-05-12,134.2,128.9,134.2,128.55,195579.0,-4.0,14.67,27.98,0.062,0.34,7.45,15.48,29.94,-4.0,0.0,False,False,0.0,5.0,不推送,False,人气Top20；近5日强势延续；连续上榜确认；人气排名明显上升；市场强势且个股相对强势,当日转弱；收盘承接偏弱；量能不足；短线涨幅偏高；偏离20日线较大,不主动推送。,v2,强势,61.39,-0.23,4.41,0,2026-05-12,common_index_cache,-0.25,-0.47,0.15,2.49,4.75,7.01,-3.77,23.57
2026-05-12,603778,国晟科技,17,10688.0,10jqka,intraday_0950,2026-05-12 09:50:00,2026-05-06,5,5,14.0,-3.0,ok,2026-05-12,25.89,26.0,26.56,24.65,303127.0,0.35,0.35,-2.26,0.707,0.37,-0.84,-1.23,-4.26,-24.13,0.293,False,False,0.0,5.0,不推送,False,人气Top20；持续霸榜,量能不足；近5日趋势未确认；热度可能进入后段；强势市里个股相对走弱,不主动推送。,v2,强势,61.39,-0.23,4.41,0,2026-05-12,common_index_cache,-0.25,-0.47,0.15,2.49,4.75,7.01,0.58,-6.67
2026-05-12,600745,*ST闻泰,18,10653.0,10jqka,intraday_0950,2026-05-12 09:50:00,2026-05-06,5,5,58.0,40.0,ok,2026-05-12,21.76,21.76,21.76,21.76,11095.0,-4.98,-14.23,-22.62,1.0,0.18,-9.96,-16.81,-23.76,-39.86,,False,False,0.0,7.0,不推送,False,人气Top20；收在日内高位；持续霸榜；人气排名明显上升,当日转弱；量能不足；近5日趋势未确认；仍在20日线下方；热度可能进入后段；强势市里个股相对走弱,不主动推送。,v2,强势,61.39,-0.23,4.41,0,2026-05-12,common_index_cache,-0.25,-0.47,0.15,2.49,4.75,7.01,-4.75,-27.03
2026-05-12,301531,春光集团,19,10472.0,10jqka,intraday_0950,2026-05-12 09:50:00,2026-05-12,1,1,,,ok,2026-05-12,101.0,107.95,122.22,93.6,328169.0,10.72,,,0.501,0.84,5.09,5.09,5.09,-11.68,0.499,True,False,0.0,64.0,观察池,False,人气Top20；当日涨停附近；温和放量；站上20日线且不过热；首次上榜即强势；市场强势且个股相对强势,上影线偏长；涨停封板不可买,涨停封板不可买，放观察池跟踪,v2,强势,61.39,-0.23,4.41,0,2026-05-12,common_index_cache,-0.25,-0.47,0.15,2.49,4.75,7.01,10.95,
2026-05-12,600330,天通股份,20,10448.0,10jqka,intraday_0950,2026-05-12 09:50:00,2026-05-06,4,2,62.0,42.0,ok,2026-05-12,27.8,28.99,30.19,27.51,1884265.0,3.61,3.61,3.94,0.552,0.83,-0.19,4.09,16.45,-9.63,0.448,False,False,0.0,62.0,普通观察,True,人气Top20；当日上涨；温和放量；站上20日线且不过热；连续上榜确认；人气排名明显上升；市场强势且个股相对强势,-,保留在样本池，继续看次日人气和承接。,v2,强势,61.39,-0.23,4.41,0,2026-05-12,common_index_cache,-0.25,-0.47,0.15,2.49,4.75,7.01,3.84,-0.47
2026-05-12,000547,航天发展,21,10139.0,10jqka,intraday_0950,2026-05-12 09:50:00,2026-05-11,2,2,7.0,-14.0,ok,2026-05-12,28.83,28.65,29.0,27.97,711315.0,-0.56,14.23,16.56,0.66,0.38,6.05,10.68,7.88,-17.29,0.165,False,False,0.0,22.0,不推送,False,人气Top50；近5日趋势升温；站上20日线且不过热；连续上榜确认；市场强势且个股相对强势,当日转弱；量能不足,不主动推送。,v2,强势,61.39,-0.23,4.41,0,2026-05-12,common_index_cache,-0.25,-0.47,0.15,2.49,4.75,7.01,-0.33,12.15
2026-05-12,002384,东山精密,22,9804.0,10jqka,intraday_0950,2026-05-12 09:50:00,2026-05-06,5,5,28.0,6.0,ok,2026-05-12,210.0,211.56,213.58,208.0,295743.0,0.23,0.23,13.3,0.638,0.33,1.3,7.19,18.62,-4.96,0.362,False,False,0.0,28.0,不推送,False,人气Top50；近5日趋势升温；站上20日线且不过热；持续霸榜；市场强势且个股相对强势,量能不足；热度可能进入后段,不主动推送。,v2,强势,61.39,-0.23,4.41,0,2026-05-12,common_index_cache,-0.25,-0.47,0.15,2.49,4.75,7.01,0.46,8.89
2026-05-12,000062,深圳华强,23,9758.0,10jqka,intraday_0950,2026-05-12 09:50:00,2026-05-06,5,5,99.0,76.0,ok,2026-05-12,39.5,37.96,39.5,37.46,419437.0,-2.89,1.33,2.82,0.245,0.39,1.54,3.29,14.42,-5.41,0.0,False,False,0.0,0.0,不推送,False,人气Top50；站上20日线且不过热；持续霸榜；人气排名明显上升,当日转弱；收盘承接偏弱；量能不足；热度可能进入后段；强势市里个股相对走弱,不主动推送。,v2,强势,61.39,-0.23,4.41,0,2026-05-12,common_index_cache,-0.25,-0.47,0.15,2.49,4.75,7.01,-2.66,-1.59
2026-05-12,002428,云南锗业,24,9623.0,10jqka,intraday_0950,2026-05-12 09:50:00,2026-05-06,5,5,22.0,-2.0,ok,2026-05-12,79.77,87.71,88.22,79.5,478892.0,9.36,9.36,25.28,0.942,0.43,3.63,12.16,23.79,-4.95,0.058,False,False,0.0,53.0,不推送,False,人气Top50；当日强涨；收在日内高位；近5日强势延续；站上20日线且不过热；持续霸榜；市场强势且个股相对强势,量能不足；短线涨幅偏高；热度可能进入后段,不主动推送。,v2,强势,61.39,-0.23,4.41,0,2026-05-12,common_index_cache,-0.25,-0.47,0.15,2.49,4.75,7.01,9.59,20.87
2026-05-12,601016,节能风电,25,9481.0,10jqka,intraday_0950,2026-05-12 09:50:00,2026-05-06,4,1,45.0,20.0,ok,2026-05-12,5.03,5.01,5.13,4.85,2387149.0,-2.15,0.4,17.61,0.571,0.33,1.38,5.72,13.3,-12.57,0.357,False,False,0.0,18.0,不推送,False,人气Top50；近5日趋势升温；站上20日线且不过热；人气排名明显上升；市场强势且个股相对强势,当日转弱；量能不足,不主动推送。,v2,强势,61.39,-0.23,4.41,0,2026-05-12,common_index_cache,-0.25,-0.47,0.15,2.49,4.75,7.01,-1.92,13.2
2026-05-12,601138,工业富联,26,9440.0,10jqka,intraday_0950,2026-05-12 09:50:00,2026-05-06,5,5,50.0,24.0,ok,2026-05-12,64.2,65.4,65.87,63.0,2402155.0,3.35,1.9,4.01,0.836,1.0,1.62,0.4,3.94,-5.35,0.164,False,False,0.0,60.0,普通观察,True,人气Top50；当日上涨；收盘承接较强；温和放量；站上20日线且不过热；持续霸榜；人气排名明显上升；市场强势且个股相对强势,热度可能进入后段,保留在样本池，继续看次日人气和承接。,v2,强势,61.39,-0.23,4.41,0,2026-05-12,common_index_cache,-0.25,-0.47,0.15,2.49,4.75,7.01,3.58,-0.4
2026-05-12,002361,神剑股份,27,9204.0,10jqka,intraday_0950,2026-05-12 09:50:00,2026-05-06,5,5,17.0,-10.0,ok,2026-05-12,21.5,22.77,23.55,21.14,2821821.0,5.42,5.42,10.8,0.676,1.07,3.75,6.67,11.07,-4.93,0.324,False,False,0.0,58.0,不推送,False,人气Top50；当日上涨；温和放量；近5日趋势升温；站上20日线且不过热；持续霸榜；市场强势且个股相对强势,热度可能进入后段,不主动推送。,v2,强势,61.39,-0.23,4.41,0,2026-05-12,common_index_cache,-0.25,-0.47,0.15,2.49,4.75,7.01,5.65,6.39
2026-05-12,601727,上海电气,28,9110.0,10jqka,intraday_0950,2026-05-12 09:50:00,2026-05-12,1,1,,,ok,2026-05-12,8.69,8.49,8.69,8.45,4635262.0,-4.61,4.17,5.07,0.167,1.8,1.51,3.92,4.63,-12.11,0.0,False,False,0.0,17.0,不推送,False,人气Top50；温和放量；近5日趋势升温；站上20日线且不过热,当日转弱；收盘承接偏弱；强势市里个股相对走弱,不主动推送。,v2,强势,61.39,-0.23,4.41,0,2026-05-12,common_index_cache,-0.25,-0.47,0.15,2.49,4.75,7.01,-4.38,0.66
2026-05-12,300308,中际旭创,29,8820.0,10jqka,intraday_0950,2026-05-12 09:50:00,2026-05-06,5,5,89.0,60.0,ok,2026-05-12,889.06,874.0,896.0,873.7,71670.0,-1.35,-0.4,1.92,0.013,0.27,-1.43,0.44,3.57,-7.69,0.311,False,False,0.0,0.0,不推送,False,人气Top50；站上20日线且不过热；持续霸榜；人气排名明显上升,当日转弱；收盘承接偏弱；量能不足；热度可能进入后段；强势市里个股相对走弱,不主动推送。,v2,强势,61.39,-0.23,4.41,0,2026-05-12,common_index_cache,-0.25,-0.47,0.15,2.49,4.75,7.01,-1.12,-2.49
2026-05-12,600379,宝光股份,30,8755.0,10jqka,intraday_0950,2026-05-12 09:50:00,2026-05-06,4,1,42.0,12.0,ok,2026-05-12,17.6,17.0,17.6,16.69,311324.0,-4.76,-4.76,1.31,0.341,0.44,-3.94,6.33,20.91,-16.3,0.0,False,False,0.0,0.0,不推送,False,人气Top50；站上20日线且不过热；人气排名明显上升,当日转弱；收盘承接偏弱；量能不足；强势市里个股相对走弱,不主动推送。,v2,强势,61.39,-0.23,4.41,0,2026-05-12,common_index_cache,-0.25,-0.47,0.15,2.49,4.75,7.01,-4.53,-3.1
2026-05-12,603629,利通电子,31,8751.0,10jqka,intraday_0950,2026-05-12 09:50:00,2026-05-06,5,5,18.0,-13.0,ok,2026-05-12,162.82,162.58,169.33,158.11,127943.0,-0.15,2.72,12.58,0.398,0.32,0.34,14.24,37.15,-6.34,0.58,False,False,0.0,0.0,不推送,False,人气Top50；近5日趋势升温；持续霸榜；市场强势且个股相对强势,当日转弱；收盘承接偏弱；量能不足；偏离20日线较大；热度可能进入后段,不主动推送。,v2,强势,61.39,-0.23,4.41,0,2026-05-12,common_index_cache,-0.25,-0.47,0.15,2.49,4.75,7.01,0.08,8.17
2026-05-12,002475,立讯精密,32,8341.0,10jqka,intraday_0950,2026-05-12 09:50:00,2026-05-06,5,5,36.0,4.0,ok,2026-05-12,77.39,77.7,77.75,76.08,516676.0,2.16,11.77,15.97,0.97,0.24,7.42,10.19,17.08,-0.92,0.03,False,False,0.0,44.0,不推送,False,人气Top50；收在日内高位；近5日趋势升温；站上20日线且不过热；持续霸榜；市场强势且个股相对强势,量能不足；热度可能进入后段,不主动推送。,v2,强势,61.39,-0.23,4.41,0,2026-05-12,common_index_cache,-0.25,-0.47,0.15,2.49,4.75,7.01,2.39,11.56
2026-05-12,300136,信维通信,33,8137.0,10jqka,intraday_0950,2026-05-12 09:50:00,2026-05-06,5,5,77.0,44.0,ok,2026-05-12,106.8,108.99,111.48,105.78,373730.0,7.54,7.22,19.38,0.563,0.34,3.84,13.67,29.29,-6.53,0.437,False,False,0.0,38.0,不推送,False,人气Top50；当日强涨；近5日趋势升温；持续霸榜；人气排名明显上升；市场强势且个股相对强势,量能不足；偏离20日线较大；热度可能进入后段,不主动推送。,v2,强势,61.39,-0.23,4.41,0,2026-05-12,common_index_cache,-0.25,-0.47,0.15,2.49,4.75,7.01,7.77,14.97
2026-05-12,600111,北方稀土,34,8125.0,10jqka,intraday_0950,2026-05-12 09:50:00,2026-05-06,5,5,56.0,22.0,ok,2026-05-12,57.9,55.89,57.95,55.88,583752.0,-3.39,1.05,5.37,0.005,0.27,0.05,6.72,9.04,-12.08,0.024,False,False,0.0,3.0,不推送,False,人气Top50；近5日趋势升温；站上20日线且不过热；持续霸榜；人气排名明显上升,当日转弱；收盘承接偏弱；量能不足；热度可能进入后段；强势市里个股相对走弱,不主动推送。,v2,强势,61.39,-0.23,4.41,0,2026-05-12,common_index_cache,-0.25,-0.47,0.15,2.49,4.75,7.01,-3.16,0.96
2026-05-12,603459,红板科技,35,8117.0,10jqka,intraday_0950,2026-05-12 09:50:00,2026-05-08,3,3,49.0,14.0,ok,2026-05-12,98.08,98.08,98.08,98.08,6653.0,10.0,33.12,58.89,1.0,0.03,19.92,36.41,45.18,0.0,0.0,True,True,0.0,28.0,观察池,False,人气Top50；当日涨停附近；收在日内高位；连续上榜确认；人气排名明显上升；市场强势且个股相对强势,量能不足；短线涨幅过热；远离20日线过多；一字或近似一字，参与点差；一字板不可买,一字板不可买，放观察池跟踪,v2,强势,61.39,-0.23,4.41,0,2026-05-12,common_index_cache,-0.25,-0.47,0.15,2.49,4.75,7.01,10.23,54.48
2026-05-12,603738,泰晶科技,36,8045.0,10jqka,intraday_0950,2026-05-12 09:50:00,2026-05-07,4,4,48.0,12.0,ok,2026-05-12,51.0,52.7,53.96,49.25,329133.0,1.91,23.3,37.53,0.732,0.97,13.09,23.68,44.15,-2.34,0.268,False,False,0.0,41.0,不推送,False,人气Top50；温和放量；近5日强势延续；连续上榜确认；人气排名明显上升；市场强势且个股相对强势,短线涨幅偏高；偏离20日线较大,不主动推送。,v2,强势,61.39,-0.23,4.41,0,2026-05-12,common_index_cache,-0.25,-0.47,0.15,2.49,4.75,7.01,2.14,33.12
2026-05-12,600703,三安光电,37,8018.0,10jqka,intraday_0950,2026-05-12 09:50:00,2026-05-06,5,5,43.0,6.0,ok,2026-05-12,16.11,16.54,16.8,15.95,1516512.0,3.12,9.25,20.99,0.694,0.54,6.46,10.92,17.71,-11.88,0.306,False,False,0.0,44.0,不推送,False,人气Top50；当日上涨；近5日趋势升温；站上20日线且不过热；持续霸榜；市场强势且个股相对强势,热度可能进入后段,不主动推送。,v2,强势,61.39,-0.23,4.41,0,2026-05-12,common_index_cache,-0.25,-0.47,0.15,2.49,4.75,7.01,3.35,16.58
2026-05-12,600206,有研新材,38,7930.0,10jqka,intraday_0950,2026-05-12 09:50:00,2026-05-11,2,2,47.0,9.0,ok,2026-05-12,32.87,31.6,32.87,30.49,351214.0,-3.86,7.74,15.45,0.466,0.33,3.76,10.32,20.49,-5.5,0.0,False,False,0.0,22.0,不推送,False,人气Top50；近5日趋势升温；站上20日线且不过热；连续上榜确认；市场强势且个股相对强势,当日转弱；量能不足,不主动推送。,v2,强势,61.39,-0.23,4.41,0,2026-05-12,common_index_cache,-0.25,-0.47,0.15,2.49,4.75,7.01,-3.63,11.04
2026-05-12,603407,长裕集团,39,7855.0,10jqka,intraday_0950,2026-05-12 09:50:00,2026-05-12,1,1,,,ok,2026-05-12,80.0,78.4,81.99,76.06,107214.0,-14.63,,,0.395,0.36,-7.89,-7.89,-7.89,-28.91,0.336,False,False,0.0,0.0,不推送,False,人气Top50,当日转弱；收盘承接偏弱；量能不足；仍在20日线下方；强势市里个股相对走弱,不主动推送。,v2,强势,61.39,-0.23,4.41,0,2026-05-12,common_index_cache,-0.25,-0.47,0.15,2.49,4.75,7.01,-14.4,
2026-05-12,605006,山东玻纤,40,7808.0,10jqka,intraday_0950,2026-05-12 09:50:00,2026-05-11,2,2,70.0,30.0,ok,2026-05-12,16.04,16.36,16.36,15.92,175034.0,10.02,21.01,39.95,1.0,0.34,11.44,25.94,39.25,0.0,0.0,True,False,0.0,57.0,观察池,False,人气Top50；当日涨停附近；收在日内高位；近5日强势延续；连续上榜确认；人气排名明显上升；市场强势且个股相对强势,量能不足；短线涨幅偏高；偏离20日线较大；涨停封板不可买,涨停封板不可买，放观察池跟踪,v2,强势,61.39,-0.23,4.41,0,2026-05-12,common_index_cache,-0.25,-0.47,0.15,2.49,4.75,7.01,10.25,35.54
2026-05-12,600105,永鼎股份,41,7757.0,10jqka,intraday_0950,2026-05-12 09:50:00,2026-05-07,4,4,23.0,-18.0,ok,2026-05-12,46.09,48.75,48.97,45.92,621628.0,2.59,2.59,14.95,0.928,0.35,1.02,3.86,10.93,-7.14,0.072,False,False,0.0,48.0,不推送,False,人气Top50；收在日内高位；近5日趋势升温；站上20日线且不过热；连续上榜确认；市场强势且个股相对强势,量能不足,不主动推送。,v2,强势,61.39,-0.23,4.41,0,2026-05-12,common_index_cache,-0.25,-0.47,0.15,2.49,4.75,7.01,2.82,10.54
2026-05-12,600759,ST洲际,42,7657.0,10jqka,intraday_0950,2026-05-12 09:50:00,2026-05-06,5,5,84.0,42.0,ok,2026-05-12,3.62,3.62,3.62,3.62,99826.0,-4.99,-14.22,-22.48,1.0,2.34,-9.95,-20.12,-26.71,-60.18,,False,False,0.0,15.0,不推送,False,人气Top50；收在日内高位；放量仍可控；持续霸榜；人气排名明显上升,当日转弱；近5日趋势未确认；仍在20日线下方；热度可能进入后段；强势市里个股相对走弱,不主动推送。,v2,强势,61.39,-0.23,4.41,0,2026-05-12,common_index_cache,-0.25,-0.47,0.15,2.49,4.75,7.01,-4.76,-26.89
2026-05-12,301308,江波龙,43,7567.0,10jqka,intraday_0950,2026-05-12 09:50:00,2026-05-06,5,5,94.0,51.0,ok,2026-05-12,474.64,477.0,485.0,474.0,68907.0,-1.31,-1.31,18.92,0.273,0.28,-3.77,7.38,17.41,-15.57,0.727,False,False,0.0,10.0,不推送,False,人气Top50；近5日趋势升温；站上20日线且不过热；持续霸榜；人气排名明显上升；市场强势且个股相对强势,当日转弱；收盘承接偏弱；量能不足；热度可能进入后段,不主动推送。,v2,强势,61.39,-0.23,4.41,0,2026-05-12,common_index_cache,-0.25,-0.47,0.15,2.49,4.75,7.01,-1.08,14.51
2026-05-12,603773,沃格光电,44,7476.0,10jqka,intraday_0950,2026-05-12 09:50:00,2026-05-06,2,1,98.0,54.0,ok,2026-05-12,82.18,81.76,86.03,78.0,376515.0,2.16,19.18,17.89,0.468,1.2,10.5,17.66,34.13,-4.96,0.479,False,False,0.0,34.0,不推送,False,人气Top50；温和放量；近5日趋势升温；人气排名明显上升；市场强势且个股相对强势,偏离20日线较大；上影线偏长,不主动推送。,v2,强势,61.39,-0.23,4.41,0,2026-05-12,common_index_cache,-0.25,-0.47,0.15,2.49,4.75,7.01,2.39,13.48
2026-05-12,300604,长川科技,45,7435.0,10jqka,intraday_0950,2026-05-12 09:50:00,2026-05-12,1,1,,,ok,2026-05-12,186.0,217.8,218.41,183.98,441996.0,19.66,17.22,25.03,0.982,1.33,11.1,18.3,31.67,-0.28,0.018,True,False,0.0,83.0,观察池,False,人气Top50；当日涨停附近；收在日内高位；温和放量；近5日强势延续；市场强势且个股相对强势；v2强势延续修正；v2低分涨停修正,短线涨幅偏高；偏离20日线较大；涨停封板不可买,涨停封板不可买，放观察池跟踪,v2,强势,61.39,-0.23,4.41,0,2026-05-12,common_index_cache,-0.25,-0.47,0.15,2.49,4.75,7.01,19.89,20.62
2026-05-12,603986,兆易创新,46,7366.0,10jqka,intraday_0950,2026-05-12 09:50:00,2026-05-06,5,5,73.0,27.0,ok,2026-05-12,341.0,337.96,343.3,335.5,156458.0,-3.48,-3.48,7.98,0.315,0.31,-2.25,3.7,10.23,-8.04,0.295,False,False,0.0,10.0,不推送,False,人气Top50；近5日趋势升温；站上20日线且不过热；持续霸榜；人气排名明显上升；市场强势且个股相对强势,当日转弱；收盘承接偏弱；量能不足；热度可能进入后段,不主动推送。,v2,强势,61.39,-0.23,4.41,0,2026-05-12,common_index_cache,-0.25,-0.47,0.15,2.49,4.75,7.01,-3.25,3.57
2026-05-12,603045,福达合金,47,7100.0,10jqka,intraday_0950,2026-05-12 09:50:00,2026-05-08,3,3,74.0,27.0,ok,2026-05-12,68.35,68.35,68.35,68.35,4678.0,9.99,20.99,46.42,1.0,0.15,11.44,32.96,58.23,0.0,0.0,True,True,0.0,28.0,观察池,False,人气Top50；当日涨停附近；收在日内高位；连续上榜确认；人气排名明显上升；市场强势且个股相对强势,量能不足；短线涨幅过热；远离20日线过多；一字或近似一字，参与点差；一字板不可买,一字板不可买，放观察池跟踪,v2,强势,61.39,-0.23,4.41,0,2026-05-12,common_index_cache,-0.25,-0.47,0.15,2.49,4.75,7.01,10.22,42.01
2026-05-12,002149,西部材料,48,7083.0,10jqka,intraday_0950,2026-05-12 09:50:00,2026-05-06,5,5,45.0,-3.0,ok,2026-05-12,75.46,77.02,78.87,74.0,269039.0,2.09,4.83,21.27,0.62,0.31,4.58,16.37,26.77,-2.35,0.38,False,False,0.0,28.0,不推送,False,人气Top50；近5日趋势升温；站上20日线且不过热；持续霸榜；市场强势且个股相对强势,量能不足；热度可能进入后段,不主动推送。,v2,强势,61.39,-0.23,4.41,0,2026-05-12,common_index_cache,-0.25,-0.47,0.15,2.49,4.75,7.01,2.32,16.86
2026-05-12,002202,金风科技,49,6985.0,10jqka,intraday_0950,2026-05-12 09:50:00,2026-05-06,5,5,29.0,-20.0,ok,2026-05-12,28.06,27.55,28.07,27.43,537839.0,-2.17,-3.2,0.0,0.188,0.19,-2.03,1.51,4.96,-17.27,0.016,False,False,0.0,0.0,不推送,False,人气Top50；站上20日线且不过热；持续霸榜,当日转弱；收盘承接偏弱；量能不足；热度可能进入后段；人气排名明显回落；强势市里个股相对走弱,不主动推送。,v2,强势,61.39,-0.23,4.41,0,2026-05-12,common_index_cache,-0.25,-0.47,0.15,2.49,4.75,7.01,-1.94,-4.41
2026-05-12,600673,东阳光,50,6906.0,10jqka,intraday_0950,2026-05-12 09:50:00,2026-05-06,5,5,24.0,-26.0,ok,2026-05-12,38.51,37.98,39.05,37.81,349837.0,-2.67,-11.32,7.29,0.137,0.35,-4.41,3.87,8.17,-11.32,0.435,False,False,0.0,2.0,不推送,False,人气Top50；近5日趋势升温；站上20日线且不过热；持续霸榜；市场强势且个股相对强势,当日转弱；收盘承接偏弱；量能不足；热度可能进入后段；人气排名明显回落,不主动推送。,v2,强势,61.39,-0.23,4.41,0,2026-05-12,common_index_cache,-0.25,-0.47,0.15,2.49,4.75,7.01,-2.44,2.88
2026-05-12,600589,大位科技,51,6829.0,10jqka,intraday_0950,2026-05-12 09:50:00,2026-05-06,3,2,5.0,-46.0,ok,2026-05-12,12.91,12.57,12.99,12.41,2266260.0,-3.46,10.55,24.83,0.276,0.81,3.8,13.94,13.93,-17.57,0.138,False,False,0.0,34.0,不推送,False,温和放量；近5日趋势升温；站上20日线且不过热；连续上榜确认；市场强势且个股相对强势；v2热点回踩观察,当日转弱；收盘承接偏弱；人气排名明显回落,不主动推送。,v2,强势,61.39,-0.23,4.41,0,2026-05-12,common_index_cache,-0.25,-0.47,0.15,2.49,4.75,7.01,-3.23,20.42
2026-05-12,002179,中航光电,52,6790.0,10jqka,intraday_0950,2026-05-12 09:50:00,2026-05-12,1,1,,,ok,2026-05-12,41.77,42.06,42.13,41.03,634344.0,3.57,14.89,15.04,0.936,1.2,8.76,12.5,14.21,-0.17,0.064,False,False,0.0,62.0,普通观察,True,当日上涨；收在日内高位；温和放量；近5日趋势升温；站上20日线且不过热；市场强势且个股相对强势,-,保留在样本池，继续看次日人气和承接。,v2,强势,61.39,-0.23,4.41,0,2026-05-12,common_index_cache,-0.25,-0.47,0.15,2.49,4.75,7.01,3.8,10.63
2026-05-12,601179,中国西电,53,6696.0,10jqka,intraday_0950,2026-05-12 09:50:00,2026-05-08,2,1,80.0,27.0,ok,2026-05-12,17.65,17.51,17.8,17.5,754291.0,0.06,0.06,3.49,0.033,0.36,-0.21,1.14,1.32,-15.21,0.5,False,False,0.0,0.0,不推送,False,站上20日线且不过热；人气排名明显上升,收盘承接偏弱；量能不足；上影线偏长,不主动推送。,v2,强势,61.39,-0.23,4.41,0,2026-05-12,common_index_cache,-0.25,-0.47,0.15,2.49,4.75,7.01,0.29,-0.92
2026-05-12,002342,巨力索具,54,6685.0,10jqka,intraday_0950,2026-05-12 09:50:00,2026-05-06,5,5,15.0,-39.0,ok,2026-05-12,22.12,22.12,22.5,21.74,907606.0,0.0,0.0,11.66,0.5,0.35,1.81,8.81,13.98,-7.83,0.5,False,False,0.0,16.0,不推送,False,近5日趋势升温；站上20日线且不过热；持续霸榜；市场强势且个股相对强势,量能不足；热度可能进入后段；人气排名明显回落,不主动推送。,v2,强势,61.39,-0.23,4.41,0,2026-05-12,common_index_cache,-0.25,-0.47,0.15,2.49,4.75,7.01,0.23,7.25
2026-05-12,688981,中芯国际,55,6669.0,10jqka,intraday_0950,2026-05-12 09:50:00,2026-05-12,1,1,,,ok,2026-05-12,124.44,121.98,125.44,120.0,81773234.0,-0.44,-2.68,2.74,0.364,0.87,-0.55,2.85,9.31,-4.79,0.184,False,False,0.0,0.0,不推送,False,温和放量；站上20日线且不过热,当日转弱；收盘承接偏弱,不主动推送。,v2,强势,61.39,-0.23,4.41,0,2026-05-12,common_index_cache,-0.25,-0.47,0.15,2.49,4.75,7.01,-0.21,-1.67
2026-05-12,002261,拓维信息,56,6579.0,10jqka,intraday_0950,2026-05-12 09:50:00,2026-05-08,3,3,100.0,44.0,ok,2026-05-12,35.18,34.27,35.18,34.1,309427.0,-2.7,-9.22,-3.3,0.157,0.25,-5.18,-5.82,-6.59,-22.22,0.0,False,False,0.0,0.0,不推送,False,连续上榜确认；人气排名明显上升,当日转弱；收盘承接偏弱；量能不足；近5日趋势未确认；仍在20日线下方；强势市里个股相对走弱,不主动推送。,v2,强势,61.39,-0.23,4.41,0,2026-05-12,common_index_cache,-0.25,-0.47,0.15,2.49,4.75,7.01,-2.47,-7.71
2026-05-12,002030,达安基因,57,6578.0,10jqka,intraday_0950,2026-05-12 09:50:00,2026-05-12,1,1,,,ok,2026-05-12,7.15,7.44,7.79,7.02,1153024.0,1.92,23.18,28.72,0.545,1.8,10.98,19.21,22.5,-4.49,0.455,False,False,0.0,25.0,不推送,False,温和放量；近5日强势延续；站上20日线且不过热；市场强势且个股相对强势,短线涨幅偏高；上影线偏长,不主动推送。,v2,强势,61.39,-0.23,4.41,0,2026-05-12,common_index_cache,-0.25,-0.47,0.15,2.49,4.75,7.01,2.15,24.31
2026-05-12,688008,澜起科技,58,6574.0,10jqka,intraday_0950,2026-05-12 09:50:00,2026-05-06,3,2,98.0,40.0,ok,2026-05-12,231.26,247.79,252.32,230.0,1031091.0,17.84,18.05,42.98,0.797,0.01,11.0,25.49,41.24,-1.8,0.203,True,False,0.0,43.0,观察池,False,当日涨停附近；收盘承接较强；近5日强势延续；连续上榜确认；人气排名明显上升；市场强势且个股相对强势,量能不足；短线涨幅偏高；偏离20日线较大；涨停封板不可买,涨停封板不可买，放观察池跟踪,v2,强势,61.39,-0.23,4.41,0,2026-05-12,common_index_cache,-0.25,-0.47,0.15,2.49,4.75,7.01,18.07,38.57
2026-05-12,002565,顺灏股份,59,6535.0,10jqka,intraday_0950,2026-05-12 09:50:00,2026-05-06,5,5,68.0,9.0,ok,2026-05-12,21.48,21.18,21.73,21.01,442878.0,-2.8,6.65,11.36,0.236,0.23,3.15,7.28,9.6,-7.87,0.347,False,False,0.0,0.0,不推送,False,近5日趋势升温；站上20日线且不过热；持续霸榜；市场强势且个股相对强势,当日转弱；收盘承接偏弱；量能不足；热度可能进入后段,不主动推送。,v2,强势,61.39,-0.23,4.41,0,2026-05-12,common_index_cache,-0.25,-0.47,0.15,2.49,4.75,7.01,-2.57,6.95
2026-05-12,600076,康欣新材,60,6514.0,10jqka,intraday_0950,2026-05-12 09:50:00,2026-05-12,1,1,,,ok,2026-05-12,4.36,4.36,4.36,4.25,610911.0,10.1,33.33,30.93,1.0,1.64,17.58,23.02,23.55,-0.91,0.0,True,False,0.0,75.0,观察池,False,当日涨停附近；收在日内高位；温和放量；近5日强势延续；站上20日线且不过热；市场强势且个股相对强势；v2低分涨停修正,短线涨幅偏高；涨停封板不可买,涨停封板不可买，放观察池跟踪,v2,强势,61.39,-0.23,4.41,0,2026-05-12,common_index_cache,-0.25,-0.47,0.15,2.49,4.75,7.01,10.33,26.52
2026-05-12,601868,中国能建,61,6460.0,10jqka,intraday_0950,2026-05-12 09:50:00,2026-05-07,4,4,26.0,-35.0,ok,2026-05-12,3.2,3.24,3.28,3.15,11521530.0,3.85,3.85,14.49,0.692,0.96,3.38,8.47,9.87,-17.77,0.308,False,False,0.0,50.0,不推送,False,当日上涨；温和放量；近5日趋势升温；站上20日线且不过热；连续上榜确认；市场强势且个股相对强势,人气排名明显回落,不主动推送。,v2,强势,61.39,-0.23,4.41,0,2026-05-12,common_index_cache,-0.25,-0.47,0.15,2.49,4.75,7.01,4.08,10.08
2026-05-12,600545,卓郎智能,62,6412.0,10jqka,intraday_0950,2026-05-12 09:50:00,2026-05-12,1,1,,,ok,2026-05-12,6.09,6.1,6.39,5.51,3222974.0,0.66,21.76,24.74,0.67,2.22,10.27,15.95,28.07,-4.54,0.33,False,False,0.0,22.0,不推送,False,放量仍可控；近5日趋势升温；市场强势且个股相对强势,偏离20日线较大,不主动推送。,v2,强势,61.39,-0.23,4.41,0,2026-05-12,common_index_cache,-0.25,-0.47,0.15,2.49,4.75,7.01,0.89,20.33
2026-05-12,600186,莲花控股,63,6403.0,10jqka,intraday_0950,2026-05-12 09:50:00,2026-05-06,5,5,42.0,-21.0,ok,2026-05-12,10.15,9.97,10.21,9.84,689095.0,-3.2,-10.42,-7.0,0.351,0.18,-6.47,-3.35,8.94,-13.68,0.162,False,False,0.0,0.0,不推送,False,站上20日线且不过热；持续霸榜,当日转弱；收盘承接偏弱；量能不足；近5日趋势未确认；热度可能进入后段；人气排名明显回落；强势市里个股相对走弱,不主动推送。,v2,强势,61.39,-0.23,4.41,0,2026-05-12,common_index_cache,-0.25,-0.47,0.15,2.49,4.75,7.01,-2.97,-11.41
2026-05-12,002463,沪电股份,64,6339.0,10jqka,intraday_0950,2026-05-12 09:50:00,2026-05-07,2,1,94.0,30.0,ok,2026-05-12,110.16,107.48,110.5,106.65,153095.0,-1.1,0.09,5.3,0.216,0.25,0.16,2.53,6.85,-3.48,0.088,False,False,0.0,0.0,不推送,False,近5日趋势升温；站上20日线且不过热；人气排名明显上升,当日转弱；收盘承接偏弱；量能不足,不主动推送。,v2,强势,61.39,-0.23,4.41,0,2026-05-12,common_index_cache,-0.25,-0.47,0.15,2.49,4.75,7.01,-0.87,0.89
2026-05-12,601869,长飞光纤,65,6305.0,10jqka,intraday_0950,2026-05-12 09:50:00,2026-05-07,4,4,79.0,14.0,ok,2026-05-12,373.38,389.39,389.94,373.0,58387.0,0.05,0.05,10.03,0.968,0.3,0.5,2.99,3.08,-7.92,0.032,False,False,0.0,44.0,不推送,False,收在日内高位；近5日趋势升温；站上20日线且不过热；连续上榜确认；人气排名明显上升；市场强势且个股相对强势,量能不足,不主动推送。,v2,强势,61.39,-0.23,4.41,0,2026-05-12,common_index_cache,-0.25,-0.47,0.15,2.49,4.75,7.01,0.28,5.62
2026-05-12,601609,金田股份,66,6269.0,10jqka,intraday_0950,2026-05-12 09:50:00,2026-05-12,1,1,,,ok,2026-05-12,12.02,12.09,12.55,11.89,2218773.0,5.96,16.25,19.23,0.303,5.63,10.71,14.0,14.04,-3.67,0.697,False,False,0.0,2.0,不推送,False,当日上涨；近5日趋势升温；站上20日线且不过热；市场强势且个股相对强势,收盘承接偏弱；放量过猛；上影线偏长,不主动推送。,v2,强势,61.39,-0.23,4.41,0,2026-05-12,common_index_cache,-0.25,-0.47,0.15,2.49,4.75,7.01,6.19,14.82
2026-05-12,603936,博敏电子,67,6256.0,10jqka,intraday_0950,2026-05-12 09:50:00,2026-05-12,1,1,,,ok,2026-05-12,20.3,20.22,20.96,20.01,959729.0,0.0,12.4,30.45,0.221,1.38,7.71,17.07,25.8,-3.53,0.695,False,False,0.0,19.0,不推送,False,温和放量；近5日强势延续；站上20日线且不过热；市场强势且个股相对强势,收盘承接偏弱；短线涨幅偏高,不主动推送。,v2,强势,61.39,-0.23,4.41,0,2026-05-12,common_index_cache,-0.25,-0.47,0.15,2.49,4.75,7.01,0.23,26.04
2026-05-12,000636,风华高科,68,6244.0,10jqka,intraday_0950,2026-05-12 09:50:00,2026-05-12,1,1,,,ok,2026-05-12,28.97,28.8,29.53,28.03,533650.0,1.19,14.51,14.79,0.513,0.65,8.2,13.42,22.69,-2.47,0.373,False,False,0.0,24.0,不推送,False,近5日趋势升温；站上20日线且不过热；市场强势且个股相对强势,-,不主动推送。,v2,强势,61.39,-0.23,4.41,0,2026-05-12,common_index_cache,-0.25,-0.47,0.15,2.49,4.75,7.01,1.42,10.38
2026-05-12,600172,黄河旋风,69,6241.0,10jqka,intraday_0950,2026-05-12 09:50:00,2026-05-12,1,1,,,ok,2026-05-12,10.33,9.97,10.6,9.93,1743277.0,1.94,12.78,18.27,0.06,1.68,7.78,13.77,14.47,-13.98,0.403,False,False,0.0,26.0,不推送,False,温和放量；近5日趋势升温；站上20日线且不过热；市场强势且个股相对强势,收盘承接偏弱,不主动推送。,v2,强势,61.39,-0.23,4.41,0,2026-05-12,common_index_cache,-0.25,-0.47,0.15,2.49,4.75,7.01,2.17,13.86
2026-05-12,600488,津药药业,70,6205.0,10jqka,intraday_0950,2026-05-12 09:50:00,2026-05-12,1,1,,,ok,2026-05-12,6.65,7.26,7.26,6.55,2154748.0,10.0,21.61,27.37,1.0,2.23,14.4,18.61,16.19,-13.98,0.0,True,False,0.0,69.0,观察池,False,当日涨停附近；收在日内高位；放量仍可控；近5日强势延续；站上20日线且不过热；市场强势且个股相对强势；v2低分涨停修正,短线涨幅偏高；涨停封板不可买,涨停封板不可买，放观察池跟踪,v2,强势,61.39,-0.23,4.41,0,2026-05-12,common_index_cache,-0.25,-0.47,0.15,2.49,4.75,7.01,10.23,22.96
2026-05-12,002297,博云新材,71,6193.0,10jqka,intraday_0950,2026-05-12 09:50:00,2026-05-06,5,5,32.0,-39.0,ok,2026-05-12,24.78,24.53,25.11,24.26,332824.0,-2.47,-0.89,0.12,0.318,0.19,-1.21,3.38,21.74,-7.95,0.388,False,False,0.0,0.0,不推送,False,站上20日线且不过热；持续霸榜,当日转弱；收盘承接偏弱；量能不足；热度可能进入后段；人气排名明显回落；强势市里个股相对走弱,不主动推送。,v2,强势,61.39,-0.23,4.41,0,2026-05-12,common_index_cache,-0.25,-0.47,0.15,2.49,4.75,7.01,-2.24,-4.29
2026-05-12,002640,跨境通,72,6133.0,10jqka,intraday_0950,2026-05-12 09:50:00,2026-05-12,1,1,,,ok,2026-05-12,4.6,4.36,4.61,4.32,1093887.0,-3.96,6.08,19.45,0.138,0.43,3.02,14.71,19.91,-5.42,0.034,False,False,0.0,0.0,不推送,False,近5日趋势升温；站上20日线且不过热；市场强势且个股相对强势,当日转弱；收盘承接偏弱；量能不足,不主动推送。,v2,强势,61.39,-0.23,4.41,0,2026-05-12,common_index_cache,-0.25,-0.47,0.15,2.49,4.75,7.01,-3.73,15.04
2026-05-12,002709,天赐材料,73,6127.0,10jqka,intraday_0950,2026-05-12 09:50:00,2026-05-06,5,5,35.0,-38.0,ok,2026-05-12,59.24,57.84,59.8,57.2,357904.0,-2.89,-7.9,-4.41,0.246,0.22,-4.43,-0.97,7.7,-10.99,0.215,False,False,0.0,0.0,不推送,False,站上20日线且不过热；持续霸榜,当日转弱；收盘承接偏弱；量能不足；近5日趋势未确认；热度可能进入后段；人气排名明显回落；强势市里个股相对走弱,不主动推送。,v2,强势,61.39,-0.23,4.41,0,2026-05-12,common_index_cache,-0.25,-0.47,0.15,2.49,4.75,7.01,-2.66,-8.82
2026-05-12,000938,紫光股份,74,6104.0,10jqka,intraday_0950,2026-05-12 09:50:00,2026-05-08,3,3,72.0,-2.0,ok,2026-05-12,32.19,31.55,32.3,30.95,565880.0,-0.44,-4.19,-1.38,0.444,0.24,-2.13,-1.62,4.42,-7.01,0.081,False,False,0.0,0.0,不推送,False,站上20日线且不过热；连续上榜确认,当日转弱；收盘承接偏弱；量能不足；近5日趋势未确认；强势市里个股相对走弱,不主动推送。,v2,强势,61.39,-0.23,4.41,0,2026-05-12,common_index_cache,-0.25,-0.47,0.15,2.49,4.75,7.01,-0.21,-5.79
2026-05-12,600601,方正科技,75,6074.0,10jqka,intraday_0950,2026-05-12 09:50:00,2026-05-12,1,1,,,ok,2026-05-12,13.85,14.24,14.66,13.85,6791615.0,6.83,18.08,22.02,0.481,2.9,11.93,16.57,22.91,-2.86,0.519,False,False,0.0,26.0,不推送,False,当日上涨；近5日趋势升温；站上20日线且不过热；市场强势且个股相对强势,上影线偏长,不主动推送。,v2,强势,61.39,-0.23,4.41,0,2026-05-12,common_index_cache,-0.25,-0.47,0.15,2.49,4.75,7.01,7.06,17.61
2026-05-12,002108,沧州明珠,76,6066.0,10jqka,intraday_0950,2026-05-12 09:50:00,2026-05-12,1,1,,,ok,2026-05-12,6.43,6.2,6.43,6.13,1046747.0,-3.73,7.83,10.32,0.233,0.92,3.37,5.64,9.67,-3.73,0.0,False,False,0.0,16.0,不推送,False,温和放量；近5日趋势升温；站上20日线且不过热；市场强势且个股相对强势,当日转弱；收盘承接偏弱,不主动推送。,v2,强势,61.39,-0.23,4.41,0,2026-05-12,common_index_cache,-0.25,-0.47,0.15,2.49,4.75,7.01,-3.5,5.91
2026-05-12,002050,三花智控,77,5993.0,10jqka,intraday_0950,2026-05-12 09:50:00,2026-05-06,5,5,25.0,-52.0,ok,2026-05-12,51.45,51.96,52.1,50.78,421876.0,1.46,3.26,10.74,0.894,0.22,2.55,8.23,11.18,-5.56,0.106,False,False,0.0,26.0,不推送,False,收盘承接较强；近5日趋势升温；站上20日线且不过热；持续霸榜；市场强势且个股相对强势,量能不足；热度可能进入后段；人气排名明显回落,不主动推送。,v2,强势,61.39,-0.23,4.41,0,2026-05-12,common_index_cache,-0.25,-0.47,0.15,2.49,4.75,7.01,1.69,6.33
2026-05-12,000425,徐工机械,78,5803.0,10jqka,intraday_0950,2026-05-12 09:50:00,2026-05-12,1,1,,,ok,2026-05-12,10.95,10.68,11.06,10.67,647257.0,-2.64,2.99,7.34,0.026,0.42,2.48,4.84,4.83,-17.21,0.282,False,False,0.0,0.0,不推送,False,近5日趋势升温；站上20日线且不过热；市场强势且个股相对强势,当日转弱；收盘承接偏弱；量能不足,不主动推送。,v2,强势,61.39,-0.23,4.41,0,2026-05-12,common_index_cache,-0.25,-0.47,0.15,2.49,4.75,7.01,-2.41,2.93
2026-05-12,600498,烽火通信,79,5789.0,10jqka,intraday_0950,2026-05-12 09:50:00,2026-05-11,2,2,16.0,-63.0,ok,2026-05-12,60.0,56.85,60.0,56.75,608337.0,-0.26,9.71,21.79,0.031,0.43,4.17,7.83,8.88,-7.98,0.0,False,False,0.0,0.0,不推送,False,近5日趋势升温；站上20日线且不过热；连续上榜确认；市场强势且个股相对强势,当日转弱；收盘承接偏弱；量能不足；人气排名明显回落,不主动推送。,v2,强势,61.39,-0.23,4.41,0,2026-05-12,common_index_cache,-0.25,-0.47,0.15,2.49,4.75,7.01,-0.03,17.38
2026-05-12,600198,大唐电信,80,5773.0,10jqka,intraday_0950,2026-05-12 09:50:00,2026-05-12,1,1,,,ok,2026-05-12,10.09,10.43,10.69,9.98,1017435.0,7.3,20.02,24.17,0.634,2.74,12.78,19.28,21.7,-2.43,0.366,False,False,0.0,40.0,不推送,False,当日强涨；近5日趋势升温；站上20日线且不过热；市场强势且个股相对强势,-,不主动推送。,v2,强势,61.39,-0.23,4.41,0,2026-05-12,common_index_cache,-0.25,-0.47,0.15,2.49,4.75,7.01,7.53,19.76
2026-05-12,600869,远东股份,81,5731.0,10jqka,intraday_0950,2026-05-12 09:50:00,2026-05-12,1,1,,,ok,2026-05-12,21.46,22.9,22.9,21.31,615739.0,9.99,17.02,34.79,1.0,0.6,13.98,23.32,34.35,0.0,0.0,True,False,0.0,51.0,观察池,False,当日涨停附近；收在日内高位；近5日强势延续；市场强势且个股相对强势；v2低分涨停修正,短线涨幅偏高；偏离20日线较大；涨停封板不可买,涨停封板不可买，放观察池跟踪,v2,强势,61.39,-0.23,4.41,0,2026-05-12,common_index_cache,-0.25,-0.47,0.15,2.49,4.75,7.01,10.22,30.38
2026-05-12,300142,沃森生物,82,5622.0,10jqka,intraday_0950,2026-05-12 09:50:00,2026-05-12,1,1,,,ok,2026-05-12,15.52,15.55,16.23,15.37,2238971.0,-2.81,18.25,19.62,0.209,2.05,9.08,16.17,20.39,-4.19,0.791,False,False,0.0,10.0,不推送,False,放量仍可控；近5日趋势升温；站上20日线且不过热；市场强势且个股相对强势,当日转弱；收盘承接偏弱,不主动推送。,v2,强势,61.39,-0.23,4.41,0,2026-05-12,common_index_cache,-0.25,-0.47,0.15,2.49,4.75,7.01,-2.58,15.21
2026-05-12,300502,新易盛,83,5613.0,10jqka,intraday_0950,2026-05-12 09:50:00,2026-05-06,4,1,59.0,-24.0,ok,2026-05-12,553.0,554.77,558.63,546.47,92455.0,-1.55,-1.55,5.51,0.683,0.22,0.64,2.17,0.86,-11.63,0.317,False,False,0.0,0.0,不推送,False,近5日趋势升温；站上20日线且不过热,当日转弱；量能不足；人气排名明显回落；强势市里个股相对走弱,不主动推送。,v2,强势,61.39,-0.23,4.41,0,2026-05-12,common_index_cache,-0.25,-0.47,0.15,2.49,4.75,7.01,-1.32,1.1
2026-05-12,601899,紫金矿业,84,5608.0,10jqka,intraday_0950,2026-05-12 09:50:00,2026-05-06,5,5,95.0,11.0,ok,2026-05-12,34.02,34.41,34.44,34.01,536688.0,-0.15,-0.15,3.33,0.93,0.17,-0.06,1.08,0.03,-15.87,0.07,False,False,0.0,14.0,不推送,False,收在日内高位；站上20日线且不过热；持续霸榜；人气排名明显上升,当日转弱；量能不足；热度可能进入后段,不主动推送。,v2,强势,61.39,-0.23,4.41,0,2026-05-12,common_index_cache,-0.25,-0.47,0.15,2.49,4.75,7.01,0.08,-1.08
2026-05-12,001309,德明利,85,5600.0,10jqka,intraday_0950,2026-05-12 09:50:00,2026-05-06,5,5,55.0,-30.0,ok,2026-05-12,630.56,622.8,633.5,612.0,47311.0,-2.57,1.02,18.67,0.502,0.28,1.98,11.7,17.66,-3.44,0.137,False,False,0.0,6.0,不推送,False,近5日趋势升温；站上20日线且不过热；持续霸榜；市场强势且个股相对强势,当日转弱；量能不足；热度可能进入后段；人气排名明显回落,不主动推送。,v2,强势,61.39,-0.23,4.41,0,2026-05-12,common_index_cache,-0.25,-0.47,0.15,2.49,4.75,7.01,-2.34,14.26
2026-05-12,603399,永杉锂业,86,5557.0,10jqka,intraday_0950,2026-05-12 09:50:00,2026-05-06,5,5,40.0,-46.0,ok,2026-05-12,24.77,23.7,25.09,23.5,381691.0,-3.5,4.96,22.23,0.126,0.41,2.01,19.62,45.6,-7.13,0.201,False,False,0.0,0.0,不推送,False,近5日趋势升温；持续霸榜；市场强势且个股相对强势,当日转弱；收盘承接偏弱；量能不足；远离20日线过多；热度可能进入后段；人气排名明显回落,不主动推送。,v2,强势,61.39,-0.23,4.41,0,2026-05-12,common_index_cache,-0.25,-0.47,0.15,2.49,4.75,7.01,-3.27,17.82
2026-05-12,601778,晶科科技,87,5455.0,10jqka,intraday_0950,2026-05-12 09:50:00,2026-05-06,5,5,63.0,-24.0,ok,2026-05-12,7.41,7.49,7.53,7.3,1551576.0,0.94,0.94,15.23,0.826,0.28,1.9,4.84,11.62,-4.95,0.174,False,False,0.0,26.0,不推送,False,收盘承接较强；近5日趋势升温；站上20日线且不过热；持续霸榜；市场强势且个股相对强势,量能不足；热度可能进入后段；人气排名明显回落,不主动推送。,v2,强势,61.39,-0.23,4.41,0,2026-05-12,common_index_cache,-0.25,-0.47,0.15,2.49,4.75,7.01,1.17,10.82
2026-05-12,603019,中科曙光,88,5449.0,10jqka,intraday_0950,2026-05-12 09:50:00,2026-05-06,5,5,52.0,-36.0,ok,2026-05-12,99.0,97.68,99.5,97.46,221945.0,1.43,-1.08,5.08,0.108,0.26,-0.85,2.4,5.65,-4.48,0.245,False,False,0.0,4.0,不推送,False,近5日趋势升温；站上20日线且不过热；持续霸榜；市场强势且个股相对强势,收盘承接偏弱；量能不足；热度可能进入后段；人气排名明显回落,不主动推送。,v2,强势,61.39,-0.23,4.41,0,2026-05-12,common_index_cache,-0.25,-0.47,0.15,2.49,4.75,7.01,1.66,0.67
2026-05-12,300058,蓝色光标,89,5389.0,10jqka,intraday_0950,2026-05-12 09:50:00,2026-05-06,4,3,66.0,-23.0,ok,2026-05-12,18.62,18.8,18.88,18.15,1584642.0,-0.69,-2.59,9.81,0.89,0.28,0.25,4.65,4.99,-14.39,0.11,False,False,0.0,20.0,不推送,False,收盘承接较强；近5日趋势升温；站上20日线且不过热；连续上榜确认；市场强势且个股相对强势,当日转弱；量能不足；人气排名明显回落,不主动推送。,v2,强势,61.39,-0.23,4.41,0,2026-05-12,common_index_cache,-0.25,-0.47,0.15,2.49,4.75,7.01,-0.46,5.4
2026-05-12,000815,美利云,90,5297.0,10jqka,intraday_0950,2026-05-12 09:50:00,2026-05-06,5,5,46.0,-44.0,ok,2026-05-12,21.87,21.66,22.06,21.36,256196.0,-0.82,-2.12,13.88,0.429,0.19,-1.1,4.49,4.14,-7.63,0.271,False,False,0.0,0.0,不推送,False,近5日趋势升温；站上20日线且不过热；持续霸榜；市场强势且个股相对强势,当日转弱；收盘承接偏弱；量能不足；热度可能进入后段；人气排名明显回落,不主动推送。,v2,强势,61.39,-0.23,4.41,0,2026-05-12,common_index_cache,-0.25,-0.47,0.15,2.49,4.75,7.01,-0.59,9.47
2026-05-12,600184,光电股份,91,5274.0,10jqka,intraday_0950,2026-05-12 09:50:00,2026-05-12,1,1,,,ok,2026-05-12,29.99,28.34,29.99,27.83,376871.0,3.89,18.23,29.58,0.236,0.96,10.89,17.35,21.39,-5.5,0.0,False,False,0.0,27.0,不推送,False,当日上涨；温和放量；近5日强势延续；站上20日线且不过热；市场强势且个股相对强势,收盘承接偏弱；短线涨幅偏高,不主动推送。,v2,强势,61.39,-0.23,4.41,0,2026-05-12,common_index_cache,-0.25,-0.47,0.15,2.49,4.75,7.01,4.12,25.17
2026-05-12,300476,胜宏科技,92,5245.0,10jqka,intraday_0950,2026-05-12 09:50:00,2026-05-07,3,2,78.0,-14.0,ok,2026-05-12,362.47,377.63,383.51,352.0,571138.0,5.29,11.71,14.96,0.813,1.1,6.16,11.5,15.26,-1.53,0.187,False,False,0.0,64.0,普通观察,True,当日上涨；收盘承接较强；温和放量；近5日趋势升温；站上20日线且不过热；连续上榜确认；市场强势且个股相对强势,-,保留在样本池，继续看次日人气和承接。,v2,强势,61.39,-0.23,4.41,0,2026-05-12,common_index_cache,-0.25,-0.47,0.15,2.49,4.75,7.01,5.52,10.55
2026-05-12,000858,五粮液,93,5243.0,10jqka,intraday_0950,2026-05-12 09:50:00,2026-05-06,5,5,96.0,3.0,ok,2026-05-12,91.8,91.05,91.93,91.04,68242.0,-0.83,-1.67,-6.21,0.011,0.16,-1.0,-4.85,-7.92,-17.64,0.146,False,False,0.0,0.0,不推送,False,持续霸榜,当日转弱；收盘承接偏弱；量能不足；近5日趋势未确认；仍在20日线下方；热度可能进入后段；强势市里个股相对走弱,不主动推送。,v2,强势,61.39,-0.23,4.41,0,2026-05-12,common_index_cache,-0.25,-0.47,0.15,2.49,4.75,7.01,-0.6,-10.62
2026-05-12,603601,再升科技,94,5157.0,10jqka,intraday_0950,2026-05-12 09:50:00,2026-05-06,5,5,59.0,-35.0,ok,2026-05-12,17.95,17.18,17.99,17.02,592251.0,-4.02,-0.81,8.39,0.165,0.23,-1.3,5.75,10.62,-8.37,0.041,False,False,0.0,0.0,不推送,False,近5日趋势升温；站上20日线且不过热；持续霸榜；市场强势且个股相对强势,当日转弱；收盘承接偏弱；量能不足；热度可能进入后段；人气排名明显回落,不主动推送。,v2,强势,61.39,-0.23,4.41,0,2026-05-12,common_index_cache,-0.25,-0.47,0.15,2.49,4.75,7.01,-3.79,3.98
2026-05-12,600089,特变电工,95,5143.0,10jqka,intraday_0950,2026-05-12 09:50:00,2026-05-12,1,1,,,ok,2026-05-12,27.98,28.19,28.3,27.8,630657.0,0.75,1.4,5.11,0.78,0.34,1.44,3.13,2.71,-15.29,0.22,False,False,0.0,22.0,不推送,False,收盘承接较强；近5日趋势升温；站上20日线且不过热,量能不足,不主动推送。,v2,强势,61.39,-0.23,4.41,0,2026-05-12,common_index_cache,-0.25,-0.47,0.15,2.49,4.75,7.01,0.98,0.7
2026-05-12,000592,平潭发展,96,5137.0,10jqka,intraday_0950,2026-05-12 09:50:00,2026-05-07,2,1,74.0,-22.0,ok,2026-05-12,11.7,11.89,11.98,11.54,745568.0,0.25,4.85,10.5,0.795,0.34,3.5,6.87,6.5,-9.92,0.205,False,False,0.0,22.0,不推送,False,收盘承接较强；近5日趋势升温；站上20日线且不过热；市场强势且个股相对强势,量能不足；人气排名明显回落,不主动推送。,v2,强势,61.39,-0.23,4.41,0,2026-05-12,common_index_cache,-0.25,-0.47,0.15,2.49,4.75,7.01,0.48,6.09
2026-05-12,688256,寒武纪,97,4991.0,10jqka,intraday_0950,2026-05-12 09:50:00,2026-05-06,4,1,60.0,-37.0,ok,2026-05-12,1217.03,1185.02,1220.0,1166.22,69602.0,-5.4,-5.4,3.96,0.35,0.0,-1.97,4.71,11.38,-15.93,0.055,False,False,0.0,0.0,不推送,False,站上20日线且不过热,当日转弱；收盘承接偏弱；量能不足；人气排名明显回落；强势市里个股相对走弱,不主动推送。,v2,强势,61.39,-0.23,4.41,0,2026-05-12,common_index_cache,-0.25,-0.47,0.15,2.49,4.75,7.01,-5.17,-0.45
2026-05-12,300302,同有科技,98,4976.0,10jqka,intraday_0950,2026-05-12 09:50:00,2026-05-12,1,1,,,ok,2026-05-12,44.61,42.81,45.88,42.53,1234123.0,0.49,27.3,54.44,0.084,1.86,15.95,36.46,55.68,-6.69,0.379,False,False,0.0,0.0,不推送,False,放量仍可控；市场强势且个股相对强势,收盘承接偏弱；短线涨幅过热；远离20日线过多,不主动推送。,v2,强势,61.39,-0.23,4.41,0,2026-05-12,common_index_cache,-0.25,-0.47,0.15,2.49,4.75,7.01,0.72,50.03
2026-05-12,600726,华电能源,99,4969.0,10jqka,intraday_0950,2026-05-12 09:50:00,2026-05-06,5,5,90.0,-9.0,ok,2026-05-12,7.72,7.58,7.78,7.1,1147584.0,-2.82,-0.39,15.02,0.706,0.26,1.28,7.81,28.49,-7.67,0.088,False,False,0.0,0.0,不推送,False,近5日趋势升温；持续霸榜；市场强势且个股相对强势,当日转弱；量能不足；偏离20日线较大；热度可能进入后段,不主动推送。,v2,强势,61.39,-0.23,4.41,0,2026-05-12,common_index_cache,-0.25,-0.47,0.15,2.49,4.75,7.01,-2.59,10.61
2026-05-12,000791,甘肃能源,100,4918.0,10jqka,intraday_0950,2026-05-12 09:50:00,2026-05-12,1,1,,,ok,2026-05-12,10.14,10.12,10.36,9.61,864298.0,0.0,16.32,25.56,0.68,0.83,8.54,15.3,19.78,-2.32,0.293,False,False,0.0,31.0,不推送,False,温和放量；近5日强势延续；站上20日线且不过热；市场强势且个股相对强势,短线涨幅偏高,不主动推送。,v2,强势,61.39,-0.23,4.41,0,2026-05-12,common_index_cache,-0.25,-0.47,0.15,2.49,4.75,7.01,0.23,21.15
