signal_date,code,name,rank,popularity_score,source,capture_type,snapshot_time,first_seen_date,appearance_count,consecutive_days,previous_rank,rank_change,price_status,price_date,open,close,high,low,volume,day_return_pct,pre3_return_pct,pre5_return_pct,close_position,volume_ratio_5,dist_ma5_pct,dist_ma10_pct,dist_ma20_pct,dist_high60_pct,upper_shadow_pct,limit_up_like,one_word_like,price_lag_days,announcement_summary,event_summary,capital_flow_pct,capital_flow_signal,dragon_tiger_positive,profit_ratio,concentration_90,board_strength,market_regime,market_score,market_1d_pct,market_5d_pct,market_lag_days,market_price_date,market_source,sh_1d_pct,sz_1d_pct,cyb_1d_pct,sh_5d_pct,sz_5d_pct,cyb_5d_pct,relative_1d_pct,relative_5d_pct,emotion_score,push_level,is_pushed,reasons,risks,suggested_action,strategy_version
2026-05-06,000858,五粮液,1,23819.0,10jqka,intraday_1430,2026-05-06 14:30:00,2026-05-06,1,1,,,ok,2026-05-06,85.8,85.8,87.25,85.41,275627.0,0.27,-14.37,-15.28,0.212,1.33,-10.93,-13.09,-14.93,-22.55,0.788,False,False,0.0,,,-17.09,-17.09,False,,,,强势,74.04,1.97,2.76,0,2026-05-06,common_index_cache,1.17,2.33,2.75,1.97,3.48,3.01,-1.7,-18.04,0.0,不推送,False,人气Top3；温和放量,收盘承接偏弱；近5日趋势未确认；仍在20日线下方；上影线偏长；强势市里个股相对走弱；v4长上影承接转弱；v4正涨但收盘承接一般；v4主力资金强净流出；v4拉升但资金未跟随,强势归纳版：这类形态历史胜率不占优，先留给更干净的强势样本。,v4
2026-05-06,002081,金螳螂,2,20085.0,10jqka,intraday_1430,2026-05-06 14:30:00,2026-05-06,1,1,,,ok,2026-05-06,6.75,6.89,7.33,6.46,4022025.0,-2.55,41.48,40.9,0.494,0.9,25.5,34.36,61.91,-6.0,0.506,False,False,0.0,,,,,False,,,,强势,74.04,1.97,2.76,0,2026-05-06,common_index_cache,1.17,2.33,2.75,1.97,3.48,3.01,-4.52,38.14,17.4,不推送,False,人气Top3；温和放量；近5日强势延续；市场强势且个股相对强势；v4多头排列技术加分,当日转弱；短线涨幅偏高；远离20日线过多；v4乖离率过大；v4远离短中期均线；v4长上影承接转弱,强势归纳版：这类形态历史胜率不占优，先留给更干净的强势样本。,v4
2026-05-06,600396,华电辽能,3,19654.0,10jqka,intraday_1430,2026-05-06 14:30:00,2026-05-06,1,1,,,ok,2026-05-06,14.15,16.05,16.9,14.15,2543905.0,2.29,48.61,74.46,0.691,0.71,40.0,59.21,83.76,-5.03,0.309,False,False,0.0,,,,,False,,,,强势,74.04,1.97,2.76,0,2026-05-06,common_index_cache,1.17,2.33,2.75,1.97,3.48,3.01,0.32,71.7,6.4,不推送,False,人气Top3；市场强势且个股相对强势；v4多头排列技术加分,短线涨幅过热；远离20日线过多；v4乖离率过大；v4远离短中期均线,强势归纳版：这类形态历史胜率不占优，先留给更干净的强势样本。,v4
2026-05-06,000066,中国长城,4,16608.0,10jqka,intraday_1430,2026-05-06 14:30:00,2026-05-06,1,1,,,ok,2026-05-06,20.05,20.14,20.18,19.29,2678758.0,-0.35,12.96,22.43,0.955,0.76,8.77,17.03,24.55,-0.2,0.045,False,False,0.0,,,34.88,34.88,False,,,,强势,74.04,1.97,2.76,0,2026-05-06,common_index_cache,1.17,2.33,2.75,1.97,3.48,3.01,-2.32,19.67,54.4,不推送,False,人气Top10；收在日内高位；近5日趋势升温；站上20日线且不过热；市场强势且个股相对强势；v4多头排列技术加分；v4主力资金强净流入,当日转弱；v4乖离率过大；v4远离短中期均线,强势归纳版：这类形态历史胜率不占优，先留给更干净的强势样本。,v4
2026-05-06,600745,*ST闻泰,5,16097.0,10jqka,intraday_1430,2026-05-06 14:30:00,2026-05-06,1,1,,,ok,2026-05-06,19.64,19.64,19.64,19.64,74476.0,-4.98,-31.47,-30.72,1.0,0.22,-25.62,-30.17,-33.75,-53.68,,False,False,0.0,*ST闻泰:2026年4月投资者关系活动记录表-final,调研活动 | *ST闻泰:2026年4月投资者关系活动记录表-final,,,False,,,,强势,74.04,1.97,2.76,0,2026-05-06,common_index_cache,1.17,2.33,2.75,1.97,3.48,3.01,-6.95,-33.48,0.0,不推送,False,人气Top10；收在日内高位,当日转弱；量能不足；近5日趋势未确认；仍在20日线下方；强势市里个股相对走弱；v4跌破短均线,强势归纳版：这类形态历史胜率不占优，先留给更干净的强势样本。,v4
2026-05-06,601991,大唐发电,6,14125.0,10jqka,intraday_1430,2026-05-06 14:30:00,2026-05-06,1,1,,,ok,2026-05-06,6.99,7.92,7.92,6.73,15176299.0,10.0,96.04,94.59,1.0,7.01,61.9,76.16,90.29,0.0,0.0,True,False,0.0,,,,,True,,,,强势,74.04,1.97,2.76,0,2026-05-06,common_index_cache,1.17,2.33,2.75,1.97,3.48,3.01,8.03,91.83,26.4,观察池,False,人气Top10；当日涨停附近；收在日内高位；首次上榜即强势；市场强势且个股相对强势；v4多头排列技术加分；v4龙虎榜提示关注,放量过猛；短线涨幅过热；远离20日线过多；v4乖离率过大；v4远离短中期均线；v4放量冲高过热；涨停封板不可买,涨停封板不可买，放观察池跟踪,v4
2026-05-06,603629,利通电子,7,14105.0,10jqka,intraday_1430,2026-05-06 14:30:00,2026-05-06,1,1,,,ok,2026-05-06,170.0,175.1,175.93,166.5,220668.0,0.3,46.71,60.03,0.912,0.76,29.01,43.38,74.73,-0.47,0.088,False,False,0.0,,,,,False,,,,强势,74.04,1.97,2.76,0,2026-05-06,common_index_cache,1.17,2.33,2.75,1.97,3.48,3.01,-1.67,57.27,16.4,不推送,False,人气Top10；收在日内高位；市场强势且个股相对强势；v4多头排列技术加分,短线涨幅过热；远离20日线过多；v4乖离率过大；v4远离短中期均线,强势归纳版：这类形态历史胜率不占优，先留给更干净的强势样本。,v4
2026-05-06,002181,粤传媒,8,14010.0,10jqka,intraday_1430,2026-05-06 14:30:00,2026-05-06,1,1,,,ok,2026-05-06,16.37,15.95,16.73,15.95,999234.0,-9.99,10.61,22.32,0.0,1.1,4.67,11.66,18.0,-4.66,0.462,False,False,0.0,,,,,True,,,,强势,74.04,1.97,2.76,0,2026-05-06,common_index_cache,1.17,2.33,2.75,1.97,3.48,3.01,-11.96,19.56,35.4,不推送,False,人气Top10；温和放量；近5日趋势升温；站上20日线且不过热；市场强势且个股相对强势；v4多头排列技术加分；v4龙虎榜提示关注,当日转弱；收盘承接偏弱；v4短线偏离MA5过多；v4远离短中期均线；v4长上影承接转弱,强势归纳版：这类形态历史胜率不占优，先留给更干净的强势样本。,v4
2026-05-06,000062,深圳华强,9,13212.0,10jqka,intraday_1430,2026-05-06 14:30:00,2026-05-06,1,1,,,ok,2026-05-06,37.99,36.88,40.13,36.22,1284890.0,-0.11,,,0.169,,0.0,0.0,0.0,-8.1,0.547,False,False,0.0,,,-7.22,-7.22,False,,,,强势,74.04,1.97,2.76,0,2026-05-06,common_index_cache,1.17,2.33,2.75,1.97,3.48,3.01,-2.08,,0.0,不推送,False,人气Top10；站上20日线且不过热,当日转弱；收盘承接偏弱；强势市里个股相对走弱；v4长上影承接转弱；v4主力资金强净流出,强势归纳版：这类形态历史胜率不占优，先留给更干净的强势样本。,v4
2026-05-06,002297,博云新材,10,12740.0,10jqka,intraday_1430,2026-05-06 14:30:00,2026-05-06,1,1,,,ok,2026-05-06,25.0,24.05,25.29,23.23,1154268.0,-5.24,6.51,7.85,0.398,0.61,4.68,10.25,38.75,-5.31,0.141,False,False,0.0,,,,,True,,,,强势,74.04,1.97,2.76,0,2026-05-06,common_index_cache,1.17,2.33,2.75,1.97,3.48,3.01,-7.21,5.09,21.4,不推送,False,人气Top10；近5日趋势升温；市场强势且个股相对强势；v4多头排列技术加分；v4沿短均线抬升；v4龙虎榜提示关注,当日转弱；收盘承接偏弱；偏离20日线较大；v4短线偏离MA5过多；v4远离短中期均线,强势归纳版：这类形态历史胜率不占优，先留给更干净的强势样本。,v4
2026-05-06,301308,江波龙,11,12721.0,10jqka,intraday_1430,2026-05-06 14:30:00,2026-05-06,1,1,,,ok,2026-05-06,547.17,558.77,572.16,537.47,210381.0,0.38,46.39,49.73,0.614,1.01,29.99,39.18,50.24,-2.34,0.386,False,False,0.0,,,,,True,,,,强势,74.04,1.97,2.76,0,2026-05-06,common_index_cache,1.17,2.33,2.75,1.97,3.48,3.01,-1.59,46.97,2.4,不推送,False,人气Top20；温和放量；市场强势且个股相对强势；v4多头排列技术加分；v4龙虎榜提示关注,短线涨幅过热；远离20日线过多；v4乖离率过大；v4远离短中期均线；v4长上影承接转弱,强势归纳版：这类形态历史胜率不占优，先留给更干净的强势样本。,v4
2026-05-06,688256,寒武纪,12,12577.0,10jqka,intraday_1430,2026-05-06 14:30:00,2026-05-06,1,1,,,ok,2026-05-06,1201.0,1194.2,1205.99,1158.03,214943.0,0.99,29.6,31.71,0.754,0.02,16.74,24.13,34.73,-0.98,0.104,False,False,0.0,,,,,False,,,,强势,74.04,1.97,2.76,0,2026-05-06,common_index_cache,1.17,2.33,2.75,1.97,3.48,3.01,-0.98,28.95,17.4,不推送,False,人气Top20；收盘承接较强；近5日强势延续；市场强势且个股相对强势；v4多头排列技术加分,量能不足；短线涨幅偏高；偏离20日线较大；v4乖离率过大；v4远离短中期均线,强势归纳版：这类形态历史胜率不占优，先留给更干净的强势样本。,v4
2026-05-06,002156,通富微电,13,12066.0,10jqka,intraday_1430,2026-05-06 14:30:00,2026-05-06,1,1,,,ok,2026-05-06,56.88,58.41,58.5,55.01,1202631.0,0.59,16.24,20.63,0.974,0.97,11.84,16.49,22.55,-0.15,0.026,False,False,0.0,,,,,False,,,,强势,74.04,1.97,2.76,0,2026-05-06,common_index_cache,1.17,2.33,2.75,1.97,3.48,3.01,-1.38,17.87,62.4,不推送,False,人气Top20；收在日内高位；温和放量；近5日趋势升温；站上20日线且不过热；市场强势且个股相对强势；v4多头排列技术加分,v4乖离率过大；v4远离短中期均线,强势归纳版：这类形态历史胜率不占优，先留给更干净的强势样本。,v4
2026-05-06,002217,合力泰,14,11926.0,10jqka,intraday_1430,2026-05-06 14:30:00,2026-05-06,1,1,,,ok,2026-05-06,3.32,3.08,3.44,3.02,9748524.0,-8.33,,,0.143,,0.0,0.0,0.0,-10.47,0.286,False,False,0.0,,,,,False,,,,强势,74.04,1.97,2.76,0,2026-05-06,common_index_cache,1.17,2.33,2.75,1.97,3.48,3.01,-10.3,,0.0,不推送,False,人气Top20；站上20日线且不过热,当日转弱；收盘承接偏弱；强势市里个股相对走弱,强势归纳版：这类形态历史胜率不占优，先留给更干净的强势样本。,v4
2026-05-06,600186,莲花控股,15,11639.0,10jqka,intraday_1430,2026-05-06 14:30:00,2026-05-06,1,1,,,ok,2026-05-06,10.59,11.56,11.56,10.11,3781222.0,9.99,17.48,26.48,1.0,1.04,10.56,21.15,35.74,0.0,0.0,True,False,0.0,,,,,False,,,,强势,74.04,1.97,2.76,0,2026-05-06,common_index_cache,1.17,2.33,2.75,1.97,3.48,3.01,8.02,23.72,73.4,观察池,False,人气Top20；当日涨停附近；收在日内高位；温和放量；近5日强势延续；首次上榜即强势；市场强势且个股相对强势；v4多头排列技术加分,短线涨幅偏高；偏离20日线较大；v4乖离率过大；v4远离短中期均线；涨停封板不可买,涨停封板不可买，放观察池跟踪,v4
2026-05-06,002580,圣阳股份,16,11316.0,10jqka,intraday_1430,2026-05-06 14:30:00,2026-05-06,1,1,,,ok,2026-05-06,27.05,27.36,28.0,25.49,1018662.0,3.44,-7.25,-1.23,0.745,0.75,-3.5,-4.29,10.16,-18.67,0.255,False,False,0.0,,,,,False,,,,强势,74.04,1.97,2.76,0,2026-05-06,common_index_cache,1.17,2.33,2.75,1.97,3.48,3.01,1.47,-3.99,32.4,不推送,False,人气Top20；当日上涨；站上20日线且不过热；市场强势且个股相对强势,近5日趋势未确认,强势归纳版：这类形态历史胜率不占优，先留给更干净的强势样本。,v4
2026-05-06,601778,晶科科技,17,11231.0,10jqka,intraday_1430,2026-05-06 14:30:00,2026-05-06,1,1,,,ok,2026-05-06,7.41,7.36,7.53,7.17,4355477.0,-0.81,3.37,2.65,0.528,0.61,5.5,7.23,17.99,-6.6,0.333,False,False,0.0,,,,,False,,,,强势,74.04,1.97,2.76,0,2026-05-06,common_index_cache,1.17,2.33,2.75,1.97,3.48,3.01,-2.78,-0.11,10.7,不推送,False,人气Top20；站上20日线且不过热；v4多头排列技术加分,当日转弱；强势市里个股相对走弱；v4乖离率过大,强势归纳版：这类形态历史胜率不占优，先留给更干净的强势样本。,v4
2026-05-06,002709,天赐材料,18,10988.0,10jqka,intraday_1430,2026-05-06 14:30:00,2026-05-06,1,1,,,ok,2026-05-06,55.66,54.43,55.89,53.15,854022.0,-2.75,0.93,3.2,0.467,0.52,-3.88,1.05,8.81,-10.77,0.084,False,False,0.0,,,,,False,,,,强势,74.04,1.97,2.76,0,2026-05-06,common_index_cache,1.17,2.33,2.75,1.97,3.48,3.01,-4.72,0.44,10.7,不推送,False,人气Top20；站上20日线且不过热,当日转弱；强势市里个股相对走弱,强势归纳版：这类形态历史胜率不占优，先留给更干净的强势样本。,v4
2026-05-06,002149,西部材料,19,10459.0,10jqka,intraday_1430,2026-05-06 14:30:00,2026-05-06,1,1,,,ok,2026-05-06,73.95,68.7,75.83,67.57,792739.0,-7.04,21.38,18.65,0.137,1.03,12.83,12.19,24.59,-9.4,0.228,False,False,0.0,,,,,True,,,,强势,74.04,1.97,2.76,0,2026-05-06,common_index_cache,1.17,2.33,2.75,1.97,3.48,3.01,-9.01,15.89,14.4,不推送,False,人气Top20；温和放量；近5日趋势升温；站上20日线且不过热；市场强势且个股相对强势；v4龙虎榜提示关注,当日转弱；收盘承接偏弱；v4乖离率过大；v4远离短中期均线,强势归纳版：这类形态历史胜率不占优，先留给更干净的强势样本。,v4
2026-05-06,601016,节能风电,20,9836.0,10jqka,intraday_1430,2026-05-06 14:30:00,2026-05-06,1,1,,,ok,2026-05-06,4.93,5.09,5.15,4.82,4168178.0,2.0,7.61,13.62,0.818,0.57,9.27,14.15,20.06,-11.17,0.182,False,False,0.0,,,,,True,,,,强势,74.04,1.97,2.76,0,2026-05-06,common_index_cache,1.17,2.33,2.75,1.97,3.48,3.01,0.03,10.86,51.4,不推送,False,人气Top20；收盘承接较强；近5日趋势升温；站上20日线且不过热；市场强势且个股相对强势；v4多头排列技术加分；v4沿短均线抬升；v4龙虎榜活跃,v4乖离率过大；v4远离短中期均线,强势归纳版：这类形态历史胜率不占优，先留给更干净的强势样本。,v4
2026-05-06,002428,云南锗业,21,9357.0,10jqka,intraday_1430,2026-05-06 14:30:00,2026-05-06,1,1,,,ok,2026-05-06,90.16,90.23,90.85,85.33,704049.0,-1.32,,,0.888,,0.0,0.0,0.0,-0.68,0.112,False,False,0.0,,,,,True,,,,强势,74.04,1.97,2.76,0,2026-05-06,common_index_cache,1.17,2.33,2.75,1.97,3.48,3.01,-3.29,,17.7,不推送,False,人气Top50；收盘承接较强；站上20日线且不过热；v4龙虎榜活跃,当日转弱；强势市里个股相对走弱,强势归纳版：这类形态历史胜率不占优，先留给更干净的强势样本。,v4
2026-05-06,001309,德明利,22,8976.0,10jqka,intraday_1430,2026-05-06 14:30:00,2026-05-06,1,1,,,ok,2026-05-06,712.0,700.5,716.0,672.94,137242.0,-4.7,41.12,42.99,0.64,0.92,28.17,32.87,43.5,-2.16,0.093,False,False,0.0,,,,,True,,,,强势,74.04,1.97,2.76,0,2026-05-06,common_index_cache,1.17,2.33,2.75,1.97,3.48,3.01,-6.67,40.23,13.4,不推送,False,人气Top50；温和放量；近5日强势延续；市场强势且个股相对强势；v4多头排列技术加分；v4龙虎榜提示关注,当日转弱；短线涨幅偏高；偏离20日线较大；v4乖离率过大；v4远离短中期均线,强势归纳版：这类形态历史胜率不占优，先留给更干净的强势样本。,v4
2026-05-06,603986,兆易创新,23,8966.0,10jqka,intraday_1430,2026-05-06 14:30:00,2026-05-06,1,1,,,ok,2026-05-06,390.0,403.12,410.0,380.02,511684.0,0.78,31.1,35.41,0.771,1.25,23.21,28.01,38.74,-1.68,0.229,False,False,0.0,,,,,False,,,,强势,74.04,1.97,2.76,0,2026-05-06,common_index_cache,1.17,2.33,2.75,1.97,3.48,3.01,-1.19,32.65,31.4,不推送,False,人气Top50；收盘承接较强；温和放量；近5日强势延续；市场强势且个股相对强势；v4多头排列技术加分,短线涨幅偏高；偏离20日线较大；v4乖离率过大；v4远离短中期均线,强势归纳版：这类形态历史胜率不占优，先留给更干净的强势样本。,v4
2026-05-06,600487,亨通光电,24,8491.0,10jqka,intraday_1430,2026-05-06 14:30:00,2026-05-06,1,1,,,ok,2026-05-06,70.4,75.38,76.11,66.52,1790339.0,4.99,10.38,8.4,0.924,0.96,8.26,11.9,22.41,-0.96,0.076,False,False,0.0,,,,,False,,,,强势,74.04,1.97,2.76,0,2026-05-06,common_index_cache,1.17,2.33,2.75,1.97,3.48,3.01,3.02,5.64,62.4,不推送,False,人气Top50；当日上涨；收在日内高位；温和放量；近5日趋势升温；站上20日线且不过热；市场强势且个股相对强势；v4多头排列技术加分,v4乖离率过大；v4远离短中期均线,强势归纳版：这类形态历史胜率不占优，先留给更干净的强势样本。,v4
2026-05-06,603399,永杉锂业,25,8443.0,10jqka,intraday_1430,2026-05-06 14:30:00,2026-05-06,1,1,,,ok,2026-05-06,22.97,23.43,24.84,22.9,1345128.0,3.76,,,0.273,,0.0,0.0,0.0,-5.68,0.727,False,False,0.0,,,,,False,,,,强势,74.04,1.97,2.76,0,2026-05-06,common_index_cache,1.17,2.33,2.75,1.97,3.48,3.01,1.79,,0.0,不推送,False,人气Top50；当日上涨；站上20日线且不过热；市场强势且个股相对强势,收盘承接偏弱；上影线偏长；v4长上影承接转弱；v4正涨但收盘承接一般,强势归纳版：这类形态历史胜率不占优，先留给更干净的强势样本。,v4
2026-05-06,603538,美诺华,26,8305.0,10jqka,intraday_1430,2026-05-06 14:30:00,2026-05-06,1,1,,,ok,2026-05-06,61.0,63.38,64.35,57.0,587223.0,2.81,,,0.868,,0.0,0.0,0.0,-1.51,0.132,False,False,0.0,,,,,False,,,,强势,74.04,1.97,2.76,0,2026-05-06,common_index_cache,1.17,2.33,2.75,1.97,3.48,3.01,0.84,,26.0,不推送,False,人气Top50；收盘承接较强；站上20日线且不过热,-,强势归纳版：这类形态历史胜率不占优，先留给更干净的强势样本。,v4
2026-05-06,600673,东阳光,27,8111.0,10jqka,intraday_1430,2026-05-06 14:30:00,2026-05-06,1,1,,,ok,2026-05-06,40.16,38.91,41.0,37.85,1405066.0,-2.48,,,0.337,,0.0,0.0,0.0,-5.1,0.267,False,False,0.0,东阳光:东阳光关于控股子公司签署算力服务采购框架合同的公告 | 东阳光:东阳光关于发行股份购买资产并募集配套资金暨关联交易事项的进展公告,重大合同 | 关联交易 | 东阳光:东阳光关于控股子公司签署算力服务采购框架合同的公告 | 东阳光:东阳光关于发行股份购买资产并募集配套资金暨关联交易事项的进展公告,35.06,35.06,False,,,,强势,74.04,1.97,2.76,0,2026-05-06,common_index_cache,1.17,2.33,2.75,1.97,3.48,3.01,-4.45,,1.7,不推送,False,人气Top50；站上20日线且不过热；v4主力资金强净流入；v4事件催化加分（重大合同）,当日转弱；收盘承接偏弱；强势市里个股相对走弱,强势归纳版：这类形态历史胜率不占优，先留给更干净的强势样本。,v4
2026-05-06,002202,金风科技,28,7972.0,10jqka,intraday_1430,2026-05-06 14:30:00,2026-05-06,1,1,,,ok,2026-05-06,28.06,27.12,28.07,27.01,1743301.0,-3.69,6.31,6.44,0.104,0.83,2.39,3.29,7.14,-18.56,0.009,False,False,0.0,金风科技:关于股东股份减持计划期限届满暨实施完毕的公告 | 金风科技:关于为全资子公司GoldwindMorocco(SARL)提供担保的公告,股东/实际控制人股份减持 | 提供/对外担保公告 | 金风科技:关于股东股份减持计划期限届满暨实施完毕的公告 | 金风科技:关于为全资子公司GoldwindMorocco(SARL)提供担保的公告,,,False,,,,强势,74.04,1.97,2.76,0,2026-05-06,common_index_cache,1.17,2.33,2.75,1.97,3.48,3.01,-5.66,3.68,34.4,不推送,False,人气Top50；温和放量；近5日趋势升温；站上20日线且不过热；市场强势且个股相对强势；v4多头排列技术加分；v4沿短均线抬升,当日转弱；收盘承接偏弱；v4事件风险扣分（减持）,强势归纳版：这类形态历史胜率不占优，先留给更干净的强势样本。,v4
2026-05-06,600379,宝光股份,29,7933.0,10jqka,intraday_1430,2026-05-06 14:30:00,2026-05-06,1,1,,,ok,2026-05-06,15.61,15.22,15.96,15.11,603236.0,-9.35,9.81,17.98,0.129,1.61,3.24,13.52,19.55,-9.3,0.412,False,False,0.0,,,,,False,,,,强势,74.04,1.97,2.76,0,2026-05-06,common_index_cache,1.17,2.33,2.75,1.97,3.48,3.01,-11.32,15.22,17.4,不推送,False,人气Top50；温和放量；近5日趋势升温；站上20日线且不过热；市场强势且个股相对强势；v4多头排列技术加分,当日转弱；收盘承接偏弱；v4短线偏离MA5过多；v4远离短中期均线；v4长上影承接转弱,强势归纳版：这类形态历史胜率不占优，先留给更干净的强势样本。,v4
2026-05-06,002407,多氟多,30,7845.0,10jqka,intraday_1430,2026-05-06 14:30:00,2026-05-06,1,1,,,ok,2026-05-06,37.02,36.97,37.99,36.04,1549300.0,-2.17,9.51,11.89,0.477,0.79,4.18,10.53,18.76,-2.68,0.497,False,False,0.0,,,,,False,,,,强势,74.04,1.97,2.76,0,2026-05-06,common_index_cache,1.17,2.33,2.75,1.97,3.48,3.01,-4.14,9.13,15.4,不推送,False,人气Top50；近5日趋势升温；站上20日线且不过热；市场强势且个股相对强势；v4多头排列技术加分,当日转弱；v4短线偏离MA5过多；v4远离短中期均线；v4长上影承接转弱,强势归纳版：这类形态历史胜率不占优，先留给更干净的强势样本。,v4
2026-05-06,002015,协鑫能科,31,7839.0,10jqka,intraday_1430,2026-05-06 14:30:00,2026-05-06,1,1,,,ok,2026-05-06,21.46,22.29,22.95,20.98,1496073.0,3.82,18.12,14.25,0.665,1.04,16.2,14.87,20.43,-3.04,0.335,False,False,0.0,,,,,False,,,,强势,74.04,1.97,2.76,0,2026-05-06,common_index_cache,1.17,2.33,2.75,1.97,3.48,3.01,1.85,11.49,34.4,不推送,False,人气Top50；当日上涨；温和放量；近5日趋势升温；站上20日线且不过热；市场强势且个股相对强势,v4乖离率过大；v4远离短中期均线,强势归纳版：这类形态历史胜率不占优，先留给更干净的强势样本。,v4
2026-05-06,600759,ST洲际,32,7805.0,10jqka,intraday_1430,2026-05-06 14:30:00,2026-05-06,1,1,,,ok,2026-05-06,2.8,2.8,2.8,2.8,47905.0,-5.08,-45.95,-46.97,1.0,0.02,-38.43,-42.54,-46.24,-69.2,,False,False,0.0,,,,,True,,,,强势,74.04,1.97,2.76,0,2026-05-06,common_index_cache,1.17,2.33,2.75,1.97,3.48,3.01,-7.05,-49.73,0.0,不推送,False,人气Top50；收在日内高位；v4龙虎榜活跃,当日转弱；量能不足；近5日趋势未确认；仍在20日线下方；强势市里个股相对走弱；v4跌破短均线,强势归纳版：这类形态历史胜率不占优，先留给更干净的强势样本。,v4
2026-05-06,600111,北方稀土,33,7456.0,10jqka,intraday_1430,2026-05-06 14:30:00,2026-05-06,1,1,,,ok,2026-05-06,54.0,56.08,56.13,53.99,1456171.0,3.01,,,0.977,,0.0,0.0,0.0,-0.09,0.023,False,False,0.0,,,,,False,,,,强势,74.04,1.97,2.76,0,2026-05-06,common_index_cache,1.17,2.33,2.75,1.97,3.48,3.01,1.04,,44.4,不推送,False,人气Top50；当日上涨；收在日内高位；站上20日线且不过热；市场强势且个股相对强势,-,强势归纳版：这类形态历史胜率不占优，先留给更干净的强势样本。,v4
2026-05-06,301511,德福科技,34,7388.0,10jqka,intraday_1430,2026-05-06 14:30:00,2026-05-06,1,1,,,missing_price_file,,,,,,,,,,,,,,,,,,,,德福科技:关于回购股份进展的公告,回购进展情况 | 德福科技:关于回购股份进展的公告,,,True,,,,强势,74.04,1.97,2.76,0,2026-05-06,common_index_cache,1.17,2.33,2.75,1.97,3.48,3.01,,,0.0,不推送,False,人气Top50；v4龙虎榜活跃；v4事件催化加分（回购）,缺少当日行情,强势归纳版：这类形态历史胜率不占优，先留给更干净的强势样本。,v4
2026-05-06,000815,美利云,35,7100.0,10jqka,intraday_1430,2026-05-06 14:30:00,2026-05-06,1,1,,,ok,2026-05-06,21.93,23.08,23.45,21.6,1517544.0,4.29,,,0.8,,0.0,0.0,0.0,-1.58,0.2,False,False,0.0,,,37.99,37.99,False,,,,强势,74.04,1.97,2.76,0,2026-05-06,common_index_cache,1.17,2.33,2.75,1.97,3.48,3.01,2.32,,46.4,不推送,False,人气Top50；当日上涨；收盘承接较强；站上20日线且不过热；市场强势且个股相对强势；v4主力资金强净流入,-,强势归纳版：这类形态历史胜率不占优，先留给更干净的强势样本。,v4
2026-05-06,603618,杭电股份,36,6844.0,10jqka,intraday_1430,2026-05-06 14:30:00,2026-05-06,1,1,,,ok,2026-05-06,37.5,40.16,41.03,37.3,1101892.0,7.67,,,0.767,,0.0,0.0,0.0,-2.12,0.233,False,False,0.0,,,,,False,,,,强势,74.04,1.97,2.76,0,2026-05-06,common_index_cache,1.17,2.33,2.75,1.97,3.48,3.01,5.7,,46.4,不推送,False,人气Top50；当日强涨；收盘承接较强；站上20日线且不过热；市场强势且个股相对强势,-,强势归纳版：这类形态历史胜率不占优，先留给更干净的强势样本。,v4
2026-05-06,000338,潍柴动力,37,6809.0,10jqka,intraday_1430,2026-05-06 14:30:00,2026-05-06,1,1,,,missing_price_file,,,,,,,,,,,,,,,,,,,,潍柴动力:2026年4月30日投资者关系活动记录表,调研活动 | 潍柴动力:2026年4月30日投资者关系活动记录表,16.63,16.63,True,,,,强势,74.04,1.97,2.76,0,2026-05-06,common_index_cache,1.17,2.33,2.75,1.97,3.48,3.01,,,1.0,不推送,False,人气Top50；v4主力资金强净流入；v4龙虎榜活跃,缺少当日行情,强势归纳版：这类形态历史胜率不占优，先留给更干净的强势样本。,v4
2026-05-06,600884,杉杉股份,38,6773.0,10jqka,intraday_1430,2026-05-06 14:30:00,2026-05-06,1,1,,,ok,2026-05-06,16.8,17.54,17.7,16.73,767386.0,3.24,,,0.835,,0.0,0.0,0.0,-0.9,0.165,False,False,0.0,,,,,False,,,,强势,74.04,1.97,2.76,0,2026-05-06,common_index_cache,1.17,2.33,2.75,1.97,3.48,3.01,1.27,,38.4,不推送,False,人气Top50；当日上涨；收盘承接较强；站上20日线且不过热；市场强势且个股相对强势,-,强势归纳版：这类形态历史胜率不占优，先留给更干净的强势样本。,v4
2026-05-06,601138,工业富联,39,6734.0,10jqka,intraday_1430,2026-05-06 14:30:00,2026-05-06,1,1,,,ok,2026-05-06,68.3,68.3,69.04,66.4,1718431.0,-0.99,0.15,5.06,0.72,0.65,2.59,4.17,11.85,-1.16,0.28,False,False,0.0,,,,,False,,,,强势,74.04,1.97,2.76,0,2026-05-06,common_index_cache,1.17,2.33,2.75,1.97,3.48,3.01,-2.96,2.3,46.4,不推送,False,人气Top50；近5日趋势升温；站上20日线且不过热；市场强势且个股相对强势；v4多头排列技术加分；v4靠近MA10承接；v4沿短均线抬升,当日转弱,强势归纳版：这类形态历史胜率不占优，先留给更干净的强势样本。,v4
2026-05-06,002361,神剑股份,40,6727.0,10jqka,intraday_1430,2026-05-06 14:30:00,2026-05-06,1,1,,,ok,2026-05-06,18.74,18.39,19.0,17.7,1509871.0,-2.75,-8.14,-14.31,0.531,0.56,-8.66,-13.29,-3.93,-23.22,0.2,False,False,0.0,,,,,False,,,,强势,74.04,1.97,2.76,0,2026-05-06,common_index_cache,1.17,2.33,2.75,1.97,3.48,3.01,-4.72,-17.07,0.0,不推送,False,人气Top50,当日转弱；近5日趋势未确认；强势市里个股相对走弱；v4跌破短均线,强势归纳版：这类形态历史胜率不占优，先留给更干净的强势样本。,v4
2026-05-06,603601,再升科技,41,6686.0,10jqka,intraday_1430,2026-05-06 14:30:00,2026-05-06,1,1,,,ok,2026-05-06,17.95,16.8,17.99,16.66,1778896.0,-6.15,10.09,18.48,0.105,0.81,7.62,8.37,13.51,-6.61,0.03,False,False,0.0,,,,,True,,,,强势,74.04,1.97,2.76,0,2026-05-06,common_index_cache,1.17,2.33,2.75,1.97,3.48,3.01,-8.12,15.72,18.4,不推送,False,人气Top50；温和放量；近5日趋势升温；站上20日线且不过热；市场强势且个股相对强势；v4多头排列技术加分；v4龙虎榜提示关注,当日转弱；收盘承接偏弱；v4乖离率过大；v4远离短中期均线,强势归纳版：这类形态历史胜率不占优，先留给更干净的强势样本。,v4
2026-05-06,688041,海光信息,42,6635.0,10jqka,intraday_1430,2026-05-06 14:30:00,2026-05-06,1,1,,,missing_price_file,,,,,,,,,,,,,,,,,,,,,,,,False,,,,强势,74.04,1.97,2.76,0,2026-05-06,common_index_cache,1.17,2.33,2.75,1.97,3.48,3.01,,,0.0,不推送,False,人气Top50,缺少当日行情,强势归纳版：这类形态历史胜率不占优，先留给更干净的强势样本。,v4
2026-05-06,600703,三安光电,43,6633.0,10jqka,intraday_1430,2026-05-06 14:30:00,2026-05-06,1,1,,,ok,2026-05-06,16.11,16.66,17.0,15.95,3659744.0,3.87,19.09,10.26,0.676,1.49,14.13,14.28,24.37,-11.24,0.324,False,False,0.0,,,9.86,9.86,False,,,,强势,74.04,1.97,2.76,0,2026-05-06,common_index_cache,1.17,2.33,2.75,1.97,3.48,3.01,1.9,7.5,54.4,不推送,False,人气Top50；当日上涨；温和放量；近5日趋势升温；站上20日线且不过热；市场强势且个股相对强势；v4多头排列技术加分；v4主力资金强净流入,v4乖离率过大；v4远离短中期均线,强势归纳版：这类形态历史胜率不占优，先留给更干净的强势样本。,v4
2026-05-06,688525,佰维存储,44,6607.0,10jqka,intraday_1430,2026-05-06 14:30:00,2026-05-06,1,1,,,ok,2026-05-06,311.1,315.77,323.5,301.21,489232.0,8.72,,,0.653,,0.0,0.0,0.0,-2.39,0.347,False,False,0.0,,,,,False,,,,强势,74.04,1.97,2.76,0,2026-05-06,common_index_cache,1.17,2.33,2.75,1.97,3.48,3.01,6.75,,36.4,不推送,False,人气Top50；当日强涨；站上20日线且不过热；市场强势且个股相对强势,-,强势归纳版：这类形态历史胜率不占优，先留给更干净的强势样本。,v4
2026-05-06,600821,金开新能,45,6519.0,10jqka,intraday_1430,2026-05-06 14:30:00,2026-05-06,1,1,,,ok,2026-05-06,9.54,9.03,9.98,9.0,3174692.0,-4.44,,,0.031,,0.0,0.0,0.0,-9.52,0.449,False,False,0.0,,,,,False,,,,强势,74.04,1.97,2.76,0,2026-05-06,common_index_cache,1.17,2.33,2.75,1.97,3.48,3.01,-6.41,,0.0,不推送,False,人气Top50；站上20日线且不过热,当日转弱；收盘承接偏弱；强势市里个股相对走弱；v4长上影承接转弱,强势归纳版：这类形态历史胜率不占优，先留给更干净的强势样本。,v4
2026-05-06,002342,巨力索具,46,6296.0,10jqka,intraday_1430,2026-05-06 14:30:00,2026-05-06,1,1,,,ok,2026-05-06,15.74,15.74,15.74,15.74,23931.0,-10.01,-14.83,-17.38,1.0,0.01,-13.85,-17.33,-10.23,-26.52,,False,False,0.0,巨力索具:国浩律师(北京)事务所关于巨力索具股份有限公司2025年度股东会的法律意见书 | 巨力索具:2025年度股东会决议公告,法律意见书 | 分配方案决议公告 | 巨力索具:国浩律师(北京)事务所关于巨力索具股份有限公司2025年度股东会的法律意见书 | 巨力索具:2025年度股东会决议公告,,,False,,,,强势,74.04,1.97,2.76,0,2026-05-06,common_index_cache,1.17,2.33,2.75,1.97,3.48,3.01,-11.98,-20.14,0.0,不推送,False,人气Top50；收在日内高位,当日转弱；量能不足；近5日趋势未确认；仍在20日线下方；强势市里个股相对走弱；v4跌破短均线,强势归纳版：这类形态历史胜率不占优，先留给更干净的强势样本。,v4
2026-05-06,300166,东方国信,47,6243.0,10jqka,intraday_1430,2026-05-06 14:30:00,2026-05-06,1,1,,,ok,2026-05-06,20.01,21.16,21.98,19.66,2137429.0,8.51,37.31,28.01,0.647,1.43,26.81,28.34,29.16,-3.73,0.353,False,False,0.0,东方国信:董事会薪酬与考核委员会关于公司2026年限制性股票激励计划激励对象名单的核查意见及公示情况说明,专项说明/独立意见 | 东方国信:董事会薪酬与考核委员会关于公司2026年限制性股票激励计划激励对象名单的核查意见及公示情况说明,,,True,,,,强势,74.04,1.97,2.76,0,2026-05-06,common_index_cache,1.17,2.33,2.75,1.97,3.48,3.01,6.54,25.25,33.4,不推送,False,人气Top50；当日强涨；温和放量；近5日强势延续；市场强势且个股相对强势；v4多头排列技术加分；v4龙虎榜提示关注,短线涨幅偏高；偏离20日线较大；v4乖离率过大；v4远离短中期均线；v4长上影承接转弱,强势归纳版：这类形态历史胜率不占优，先留给更干净的强势样本。,v4
2026-05-06,000890,法尔胜,48,6125.0,10jqka,intraday_1430,2026-05-06 14:30:00,2026-05-06,1,1,,,ok,2026-05-06,14.7,14.24,14.89,13.88,739967.0,-5.88,,,0.356,,0.0,0.0,0.0,-4.37,0.188,False,False,0.0,,,,,False,,,,强势,74.04,1.97,2.76,0,2026-05-06,common_index_cache,1.17,2.33,2.75,1.97,3.48,3.01,-7.85,,0.0,不推送,False,人气Top50；站上20日线且不过热,当日转弱；收盘承接偏弱；强势市里个股相对走弱,强势归纳版：这类形态历史胜率不占优，先留给更干净的强势样本。,v4
2026-05-06,603019,中科曙光,49,6118.0,10jqka,intraday_1430,2026-05-06 14:30:00,2026-05-06,1,1,,,ok,2026-05-06,98.0,96.82,98.18,96.38,150726.0,-1.9,,,0.244,,0.0,0.0,0.0,-1.39,0.1,False,False,0.0,,,,,False,,,,强势,74.04,1.97,2.76,0,2026-05-06,common_index_cache,1.17,2.33,2.75,1.97,3.48,3.01,-3.87,,0.0,不推送,False,人气Top50；站上20日线且不过热,当日转弱；收盘承接偏弱；强势市里个股相对走弱,强势归纳版：这类形态历史胜率不占优，先留给更干净的强势样本。,v4
2026-05-06,002044,美年健康,50,5972.0,10jqka,intraday_1430,2026-05-06 14:30:00,2026-05-06,1,1,,,ok,2026-05-06,6.14,6.33,6.73,6.12,3652980.0,3.43,,,0.344,,0.0,0.0,0.0,-5.94,0.656,False,False,0.0,美年健康:2026年第二次临时股东会决议公告 | 美年健康:北京市天元律师事务所关于美年大健康产业控股股份有限公司2026年第二次临时股东会的法律意见,股东大会决议公告 | 法律意见书 | 美年健康:2026年第二次临时股东会决议公告 | 美年健康:北京市天元律师事务所关于美年大健康产业控股股份有限公司2026年第二次临时股东会的法律意见,,,False,,,,强势,74.04,1.97,2.76,0,2026-05-06,common_index_cache,1.17,2.33,2.75,1.97,3.48,3.01,1.46,,0.0,不推送,False,人气Top50；当日上涨；站上20日线且不过热；市场强势且个股相对强势,收盘承接偏弱；上影线偏长；v4长上影承接转弱；v4正涨但收盘承接一般,强势归纳版：这类形态历史胜率不占优，先留给更干净的强势样本。,v4
2026-05-06,600770,综艺股份,51,5954.0,10jqka,intraday_1430,2026-05-06 14:30:00,2026-05-06,1,1,,,ok,2026-05-06,8.06,8.11,8.17,7.8,678783.0,-0.73,,,0.838,,0.0,0.0,0.0,-0.73,0.162,False,False,0.0,,,,,False,,,,强势,74.04,1.97,2.76,0,2026-05-06,common_index_cache,1.17,2.33,2.75,1.97,3.48,3.01,-2.7,,4.7,不推送,False,收盘承接较强；站上20日线且不过热,当日转弱；强势市里个股相对走弱,强势归纳版：这类形态历史胜率不占优，先留给更干净的强势样本。,v4
2026-05-06,301217,铜冠铜箔,52,5898.0,10jqka,intraday_1430,2026-05-06 14:30:00,2026-05-06,1,1,,,ok,2026-05-06,90.0,91.28,93.78,88.5,151674.0,-3.42,,,0.527,,0.0,0.0,0.0,-2.67,0.473,False,False,0.0,,,,,False,,,,强势,74.04,1.97,2.76,0,2026-05-06,common_index_cache,1.17,2.33,2.75,1.97,3.48,3.01,-5.39,,0.0,不推送,False,站上20日线且不过热,当日转弱；强势市里个股相对走弱；v4长上影承接转弱,强势归纳版：这类形态历史胜率不占优，先留给更干净的强势样本。,v4
2026-05-06,600584,长电科技,53,5774.0,10jqka,intraday_1430,2026-05-06 14:30:00,2026-05-06,1,1,,,ok,2026-05-06,56.91,60.78,61.0,56.08,2140945.0,4.2,34.77,35.4,0.955,2.43,25.52,30.58,36.9,-0.36,0.045,False,False,0.0,,,,,False,,,,强势,74.04,1.97,2.76,0,2026-05-06,common_index_cache,1.17,2.33,2.75,1.97,3.48,3.01,2.23,32.64,31.4,不推送,False,当日上涨；收在日内高位；放量仍可控；近5日强势延续；市场强势且个股相对强势；v4多头排列技术加分,短线涨幅偏高；偏离20日线较大；v4乖离率过大；v4远离短中期均线,强势归纳版：这类形态历史胜率不占优，先留给更干净的强势样本。,v4
2026-05-06,002475,立讯精密,54,5701.0,10jqka,intraday_1430,2026-05-06 14:30:00,2026-05-06,1,1,,,ok,2026-05-06,72.05,71.87,72.71,70.04,1239518.0,-1.41,2.85,8.89,0.685,0.53,2.86,5.28,15.72,-1.16,0.247,False,False,0.0,立讯精密:关于2021年股票期权激励计划首次授予第四个行权期采用自主行权模式的提示性公告 | 立讯精密:关于部分股票期权注销完成的公告,股权激励进展公告 | 立讯精密:关于2021年股票期权激励计划首次授予第四个行权期采用自主行权模式的提示性公告 | 立讯精密:关于部分股票期权注销完成的公告,,,False,,,,强势,74.04,1.97,2.76,0,2026-05-06,common_index_cache,1.17,2.33,2.75,1.97,3.48,3.01,-3.38,6.13,30.4,不推送,False,近5日趋势升温；站上20日线且不过热；市场强势且个股相对强势；v4多头排列技术加分；v4沿短均线抬升,当日转弱,强势归纳版：这类形态历史胜率不占优，先留给更干净的强势样本。,v4
2026-05-06,688235,百济神州,55,5553.0,10jqka,intraday_1430,2026-05-06 14:30:00,2026-05-06,1,1,,,missing_price_file,,,,,,,,,,,,,,,,,,,,,,,,False,,,,强势,74.04,1.97,2.76,0,2026-05-06,common_index_cache,1.17,2.33,2.75,1.97,3.48,3.01,,,0.0,不推送,False,-,缺少当日行情,强势归纳版：这类形态历史胜率不占优，先留给更干净的强势样本。,v4
2026-05-06,601899,紫金矿业,56,5549.0,10jqka,intraday_1430,2026-05-06 14:30:00,2026-05-06,1,1,,,ok,2026-05-06,32.99,31.78,33.0,31.5,4099430.0,-5.19,-3.55,-7.37,0.187,1.65,-4.12,-6.65,-6.73,-29.28,0.007,False,False,0.0,,,,,False,,,,强势,74.04,1.97,2.76,0,2026-05-06,common_index_cache,1.17,2.33,2.75,1.97,3.48,3.01,-7.16,-10.13,0.0,不推送,False,温和放量,当日转弱；收盘承接偏弱；近5日趋势未确认；仍在20日线下方；强势市里个股相对走弱；v4跌破短均线,强势归纳版：这类形态历史胜率不占优，先留给更干净的强势样本。,v4
2026-05-06,002185,华天科技,57,5473.0,10jqka,intraday_1430,2026-05-06 14:30:00,2026-05-06,1,1,,,ok,2026-05-06,14.5,15.18,15.44,14.23,2948639.0,3.34,20.0,21.93,0.785,2.26,13.96,17.09,20.58,-5.13,0.215,False,False,0.0,华天科技:关于2023年股票期权激励计划首次授予第二个行权期采用自主行权模式的提示性公告,股权激励进展公告 | 华天科技:关于2023年股票期权激励计划首次授予第二个行权期采用自主行权模式的提示性公告,,,False,,,,强势,74.04,1.97,2.76,0,2026-05-06,common_index_cache,1.17,2.33,2.75,1.97,3.48,3.01,1.37,19.17,42.4,不推送,False,当日上涨；收盘承接较强；放量仍可控；近5日趋势升温；站上20日线且不过热；市场强势且个股相对强势；v4多头排列技术加分,v4乖离率过大；v4远离短中期均线,强势归纳版：这类形态历史胜率不占优，先留给更干净的强势样本。,v4
2026-05-06,000988,华工科技,58,5294.0,10jqka,intraday_1430,2026-05-06 14:30:00,2026-05-06,1,1,,,ok,2026-05-06,151.06,157.62,158.98,147.28,1304833.0,6.95,36.36,36.68,0.884,1.63,24.98,29.65,34.04,-0.86,0.116,False,False,0.0,,,,,False,,,,强势,74.04,1.97,2.76,0,2026-05-06,common_index_cache,1.17,2.33,2.75,1.97,3.48,3.01,4.98,33.92,31.4,不推送,False,当日上涨；收盘承接较强；温和放量；近5日强势延续；市场强势且个股相对强势；v4多头排列技术加分,短线涨幅偏高；偏离20日线较大；v4乖离率过大；v4远离短中期均线,强势归纳版：这类形态历史胜率不占优，先留给更干净的强势样本。,v4
2026-05-06,300750,宁德时代,59,5281.0,10jqka,intraday_1430,2026-05-06 14:30:00,2026-05-06,1,1,,,missing_price_file,,,,,,,,,,,,,,,,,,,,,,,,False,,,,强势,74.04,1.97,2.76,0,2026-05-06,common_index_cache,1.17,2.33,2.75,1.97,3.48,3.01,,,0.0,不推送,False,-,缺少当日行情,强势归纳版：这类形态历史胜率不占优，先留给更干净的强势样本。,v4
2026-05-06,603778,国晟科技,60,5232.0,10jqka,intraday_1430,2026-05-06 14:30:00,2026-05-06,1,1,,,ok,2026-05-06,25.89,26.68,26.99,24.65,704161.0,2.97,5.58,0.57,0.868,1.11,0.85,-0.12,-5.36,-22.15,0.132,False,False,0.0,,,,,False,,,,强势,74.04,1.97,2.76,0,2026-05-06,common_index_cache,1.17,2.33,2.75,1.97,3.48,3.01,1.0,-2.19,20.4,不推送,False,收盘承接较强；温和放量；市场强势且个股相对强势,仍在20日线下方,强势归纳版：这类形态历史胜率不占优，先留给更干净的强势样本。,v4
2026-05-06,002245,蔚蓝锂芯,61,5179.0,10jqka,intraday_1430,2026-05-06 14:30:00,2026-05-06,1,1,,,ok,2026-05-06,27.06,26.59,27.39,25.9,527607.0,-0.34,,,0.463,,0.0,0.0,0.0,-2.92,0.221,False,False,0.0,,,,,False,,,,强势,74.04,1.97,2.76,0,2026-05-06,common_index_cache,1.17,2.33,2.75,1.97,3.48,3.01,-2.31,,0.0,不推送,False,站上20日线且不过热,当日转弱；强势市里个股相对走弱,强势归纳版：这类形态历史胜率不占优，先留给更干净的强势样本。,v4
2026-05-06,002364,中恒电气,62,5144.0,10jqka,intraday_1430,2026-05-06 14:30:00,2026-05-06,1,1,,,ok,2026-05-06,41.23,44.87,44.87,40.71,726869.0,10.0,12.18,7.63,1.0,1.37,8.61,5.98,14.68,-1.28,0.0,True,False,0.0,,,,,False,,,,强势,74.04,1.97,2.76,0,2026-05-06,common_index_cache,1.17,2.33,2.75,1.97,3.48,3.01,8.03,4.87,64.4,观察池,False,当日涨停附近；收在日内高位；温和放量；近5日趋势升温；站上20日线且不过热；市场强势且个股相对强势,v4乖离率过大；涨停封板不可买,涨停封板不可买，放观察池跟踪,v4
2026-05-06,600726,华电能源,63,5131.0,10jqka,intraday_1430,2026-05-06 14:30:00,2026-05-06,1,1,,,ok,2026-05-06,8.86,8.28,9.06,8.0,4703292.0,-2.24,,,0.264,,0.0,0.0,0.0,-8.61,0.189,False,False,0.0,,,,,False,,,,强势,74.04,1.97,2.76,0,2026-05-06,common_index_cache,1.17,2.33,2.75,1.97,3.48,3.01,-4.21,,0.0,不推送,False,站上20日线且不过热,当日转弱；收盘承接偏弱；强势市里个股相对走弱,强势归纳版：这类形态历史胜率不占优，先留给更干净的强势样本。,v4
2026-05-06,002131,利欧股份,64,5072.0,10jqka,intraday_1430,2026-05-06 14:30:00,2026-05-06,1,1,,,ok,2026-05-06,6.82,7.41,7.59,6.74,10295252.0,7.39,12.61,0.54,0.788,2.12,9.58,1.04,-2.26,-28.2,0.212,False,False,0.0,,,,,False,,,,强势,74.04,1.97,2.76,0,2026-05-06,common_index_cache,1.17,2.33,2.75,1.97,3.48,3.01,5.42,-2.22,18.4,不推送,False,当日强涨；收盘承接较强；放量仍可控；市场强势且个股相对强势,v4乖离率过大；v4放量冲高过热,强势归纳版：这类形态历史胜率不占优，先留给更干净的强势样本。,v4
2026-05-06,002384,东山精密,65,5065.0,10jqka,intraday_1430,2026-05-06 14:30:00,2026-05-06,1,1,,,ok,2026-05-06,206.0,220.75,224.5,198.0,1019805.0,4.5,20.04,17.48,0.858,1.11,14.7,19.35,37.33,-1.67,0.142,False,False,0.0,,,,,False,,,,强势,74.04,1.97,2.76,0,2026-05-06,common_index_cache,1.17,2.33,2.75,1.97,3.48,3.01,2.53,14.72,38.4,不推送,False,当日上涨；收盘承接较强；温和放量；近5日趋势升温；市场强势且个股相对强势；v4多头排列技术加分,偏离20日线较大；v4乖离率过大；v4远离短中期均线,强势归纳版：这类形态历史胜率不占优，先留给更干净的强势样本。,v4
2026-05-06,600522,中天科技,66,5062.0,10jqka,intraday_1430,2026-05-06 14:30:00,2026-05-06,1,1,,,ok,2026-05-06,43.0,44.45,44.9,41.29,2907315.0,1.14,27.0,33.85,0.875,1.21,21.69,27.69,38.53,-1.0,0.125,False,False,0.0,,,,,False,,,,强势,74.04,1.97,2.76,0,2026-05-06,common_index_cache,1.17,2.33,2.75,1.97,3.48,3.01,-0.83,31.09,23.4,不推送,False,收盘承接较强；温和放量；近5日强势延续；市场强势且个股相对强势；v4多头排列技术加分,短线涨幅偏高；偏离20日线较大；v4乖离率过大；v4远离短中期均线,强势归纳版：这类形态历史胜率不占优，先留给更干净的强势样本。,v4
2026-05-06,300308,中际旭创,67,5054.0,10jqka,intraday_1430,2026-05-06 14:30:00,2026-05-06,1,1,,,ok,2026-05-06,1068.99,1039.0,1099.87,1034.0,251154.0,-3.62,26.09,17.27,0.076,0.86,17.49,18.04,29.19,-5.53,0.469,False,False,0.0,,,,,False,,,,强势,74.04,1.97,2.76,0,2026-05-06,common_index_cache,1.17,2.33,2.75,1.97,3.48,3.01,-5.59,14.51,0.0,不推送,False,温和放量；近5日趋势升温；市场强势且个股相对强势；v4多头排列技术加分,当日转弱；收盘承接偏弱；偏离20日线较大；v4乖离率过大；v4远离短中期均线；v4长上影承接转弱,强势归纳版：这类形态历史胜率不占优，先留给更干净的强势样本。,v4
2026-05-06,002594,比亚迪,68,5012.0,10jqka,intraday_1430,2026-05-06 14:30:00,2026-05-06,1,1,,,ok,2026-05-06,94.51,95.71,95.9,93.8,256824.0,1.27,-5.69,-3.77,0.91,0.43,-5.78,-5.56,-5.83,-14.41,0.09,False,False,0.0,比亚迪:2026年4月产销快报 | 比亚迪:H股公告(股份发行人及根据《上市规则》第十九B章上市的香港预托证券发行人的证券变动月报表),月度经营情况 | 其他 | 比亚迪:2026年4月产销快报 | 比亚迪:H股公告(股份发行人及根据《上市规则》第十九B章上市的香港预托证券发行人的证券变动月报表),,,False,,,,强势,74.04,1.97,2.76,0,2026-05-06,common_index_cache,1.17,2.33,2.75,1.97,3.48,3.01,-0.7,-6.53,0.0,不推送,False,收在日内高位,量能不足；近5日趋势未确认；仍在20日线下方；强势市里个股相对走弱,强势归纳版：这类形态历史胜率不占优，先留给更干净的强势样本。,v4
2026-05-06,000925,众合科技,69,4961.0,10jqka,intraday_1430,2026-05-06 14:30:00,2026-05-06,1,1,,,ok,2026-05-06,9.7,9.59,10.01,9.59,1269137.0,-10.04,,,0.0,,0.0,0.0,0.0,-4.2,0.738,False,False,0.0,众合科技:财通证券股份有限公司关于浙江众合科技股份有限公司向特定对象发行股票持续督导保荐总结报告书,保荐/核查意见 | 众合科技:财通证券股份有限公司关于浙江众合科技股份有限公司向特定对象发行股票持续督导保荐总结报告书,,,True,,,,强势,74.04,1.97,2.76,0,2026-05-06,common_index_cache,1.17,2.33,2.75,1.97,3.48,3.01,-12.01,,0.0,不推送,False,站上20日线且不过热；v4龙虎榜提示关注,当日转弱；收盘承接偏弱；强势市里个股相对走弱；v4长上影承接转弱,强势归纳版：这类形态历史胜率不占优，先留给更干净的强势样本。,v4
2026-05-06,300042,朗科科技,70,4950.0,10jqka,intraday_1430,2026-05-06 14:30:00,2026-05-06,1,1,,,missing_price_file,,,,,,,,,,,,,,,,,,,,,,,,True,,,,强势,74.04,1.97,2.76,0,2026-05-06,common_index_cache,1.17,2.33,2.75,1.97,3.48,3.01,,,0.0,不推送,False,v4龙虎榜活跃,缺少当日行情,强势归纳版：这类形态历史胜率不占优，先留给更干净的强势样本。,v4
2026-05-06,600666,奥瑞德,71,4917.0,10jqka,intraday_1430,2026-05-06 14:30:00,2026-05-06,1,1,,,missing_price_file,,,,,,,,,,,,,,,,,,,,,,,,False,,,,强势,74.04,1.97,2.76,0,2026-05-06,common_index_cache,1.17,2.33,2.75,1.97,3.48,3.01,,,0.0,不推送,False,-,缺少当日行情,强势归纳版：这类形态历史胜率不占优，先留给更干净的强势样本。,v4
2026-05-06,000620,盈新发展,72,4869.0,10jqka,intraday_1430,2026-05-06 14:30:00,2026-05-06,1,1,,,missing_price_file,,,,,,,,,,,,,,,,,,,,,,47.03,47.03,False,,,,强势,74.04,1.97,2.76,0,2026-05-06,common_index_cache,1.17,2.33,2.75,1.97,3.48,3.01,,,0.0,不推送,False,v4主力资金强净流入,缺少当日行情,强势归纳版：这类形态历史胜率不占优，先留给更干净的强势样本。,v4
2026-05-06,002805,丰元股份,73,4858.0,10jqka,intraday_1430,2026-05-06 14:30:00,2026-05-06,1,1,,,missing_price_file,,,,,,,,,,,,,,,,,,,,丰元股份:2026-002投资者关系活动记录表 | 丰元股份:股票交易异常波动公告,调研活动 | 股票交易异常波动 | 丰元股份:2026-002投资者关系活动记录表 | 丰元股份:股票交易异常波动公告,,,False,,,,强势,74.04,1.97,2.76,0,2026-05-06,common_index_cache,1.17,2.33,2.75,1.97,3.48,3.01,,,0.0,不推送,False,-,缺少当日行情；v4事件谨慎扣分（异常波动）,强势归纳版：这类形态历史胜率不占优，先留给更干净的强势样本。,v4
2026-05-06,000657,中钨高新,74,4841.0,10jqka,intraday_1430,2026-05-06 14:30:00,2026-05-06,1,1,,,missing_price_file,,,,,,,,,,,,,,,,,,,,,,10.8,10.8,False,,,,强势,74.04,1.97,2.76,0,2026-05-06,common_index_cache,1.17,2.33,2.75,1.97,3.48,3.01,,,0.0,不推送,False,v4主力资金强净流入,缺少当日行情,强势归纳版：这类形态历史胜率不占优，先留给更干净的强势样本。,v4
2026-05-06,600330,天通股份,75,4827.0,10jqka,intraday_1430,2026-05-06 14:30:00,2026-05-06,1,1,,,ok,2026-05-06,32.0,34.68,35.19,32.0,1772057.0,6.18,,,0.84,,0.0,0.0,0.0,-1.45,0.16,False,False,0.0,,,,,False,0.6262831722244457,0.1803066317023965,,强势,74.04,1.97,2.76,0,2026-05-06,common_index_cache,1.17,2.33,2.75,1.97,3.48,3.01,4.21,,33.4,不推送,False,当日上涨；收盘承接较强；站上20日线且不过热；市场强势且个股相对强势；v4筹码集中加分,v4获利盘结构偏弱,强势归纳版：这类形态历史胜率不占优，先留给更干净的强势样本。,v4
2026-05-06,002050,三花智控,76,4816.0,10jqka,intraday_1430,2026-05-06 14:30:00,2026-05-06,1,1,,,ok,2026-05-06,53.0,52.35,53.8,51.82,1290398.0,-1.08,18.55,16.49,0.268,1.32,11.78,13.21,15.64,-4.85,0.404,False,False,0.0,,,,,False,,,,强势,74.04,1.97,2.76,0,2026-05-06,common_index_cache,1.17,2.33,2.75,1.97,3.48,3.01,-3.05,13.73,2.4,不推送,False,温和放量；近5日趋势升温；站上20日线且不过热；市场强势且个股相对强势；v4多头排列技术加分,当日转弱；收盘承接偏弱；v4乖离率过大；v4远离短中期均线；v4长上影承接转弱,强势归纳版：这类形态历史胜率不占优，先留给更干净的强势样本。,v4
2026-05-06,002210,飞马国际,77,4771.0,10jqka,intraday_1430,2026-05-06 14:30:00,2026-05-06,1,1,,,missing_price_file,,,,,,,,,,,,,,,,,,,,飞马国际:关于举行2025年年度报告业绩说明会的公告,其他 | 飞马国际:关于举行2025年年度报告业绩说明会的公告,,,False,,,,强势,74.04,1.97,2.76,0,2026-05-06,common_index_cache,1.17,2.33,2.75,1.97,3.48,3.01,,,0.0,不推送,False,-,缺少当日行情,强势归纳版：这类形态历史胜率不占优，先留给更干净的强势样本。,v4
2026-05-06,600527,江南高纤,78,4757.0,10jqka,intraday_1430,2026-05-06 14:30:00,2026-05-06,1,1,,,missing_price_file,,,,,,,,,,,,,,,,,,,,,,,,True,,,,强势,74.04,1.97,2.76,0,2026-05-06,common_index_cache,1.17,2.33,2.75,1.97,3.48,3.01,,,0.0,不推送,False,v4龙虎榜活跃,缺少当日行情,强势归纳版：这类形态历史胜率不占优，先留给更干净的强势样本。,v4
2026-05-06,600589,大位科技,79,4722.0,10jqka,intraday_1430,2026-05-06 14:30:00,2026-05-06,1,1,,,ok,2026-05-06,12.91,12.57,12.99,12.41,2266260.0,-3.46,,,0.276,,0.0,0.0,0.0,-3.23,0.138,False,False,0.0,,,,,False,,,,强势,74.04,1.97,2.76,0,2026-05-06,common_index_cache,1.17,2.33,2.75,1.97,3.48,3.01,-5.43,,0.0,不推送,False,站上20日线且不过热,当日转弱；收盘承接偏弱；强势市里个股相对走弱,强势归纳版：这类形态历史胜率不占优，先留给更干净的强势样本。,v4
2026-05-06,002176,江特电机,80,4704.0,10jqka,intraday_1430,2026-05-06 14:30:00,2026-05-06,1,1,,,ok,2026-05-06,15.37,15.1,16.38,15.08,2237519.0,-2.71,,,0.015,,0.0,0.0,0.0,-7.81,0.777,False,False,0.0,,,,,False,,,,强势,74.04,1.97,2.76,0,2026-05-06,common_index_cache,1.17,2.33,2.75,1.97,3.48,3.01,-4.68,,0.0,不推送,False,站上20日线且不过热,当日转弱；收盘承接偏弱；强势市里个股相对走弱；v4长上影承接转弱,强势归纳版：这类形态历史胜率不占优，先留给更干净的强势样本。,v4
2026-05-06,001896,豫能控股,81,4605.0,10jqka,intraday_1430,2026-05-06 14:30:00,2026-05-06,1,1,,,ok,2026-05-06,14.7,14.78,15.36,14.51,1029626.0,-2.7,-6.04,-11.76,0.318,0.61,-6.54,-11.59,-5.16,-21.59,0.682,False,False,0.0,,,,,False,,,,强势,74.04,1.97,2.76,0,2026-05-06,common_index_cache,1.17,2.33,2.75,1.97,3.48,3.01,-4.67,-14.52,0.0,不推送,False,-,当日转弱；收盘承接偏弱；近5日趋势未确认；仍在20日线下方；强势市里个股相对走弱；v4长上影承接转弱；v4跌破短均线,强势归纳版：这类形态历史胜率不占优，先留给更干净的强势样本。,v4
2026-05-06,002565,顺灏股份,82,4566.0,10jqka,intraday_1430,2026-05-06 14:30:00,2026-05-06,1,1,,,ok,2026-05-06,17.69,16.96,17.83,16.5,1056168.0,-5.15,,,0.346,,0.0,0.0,0.0,-4.88,0.105,False,False,0.0,,,,,False,,,,强势,74.04,1.97,2.76,0,2026-05-06,common_index_cache,1.17,2.33,2.75,1.97,3.48,3.01,-7.12,,0.0,不推送,False,站上20日线且不过热,当日转弱；收盘承接偏弱；强势市里个股相对走弱,强势归纳版：这类形态历史胜率不占优，先留给更干净的强势样本。,v4
2026-05-06,301599,理奇智能,83,4540.0,10jqka,intraday_1430,2026-05-06 14:30:00,2026-05-06,1,1,,,missing_price_file,,,,,,,,,,,,,,,,,,,,,,,,False,,,,强势,74.04,1.97,2.76,0,2026-05-06,common_index_cache,1.17,2.33,2.75,1.97,3.48,3.01,,,0.0,不推送,False,-,缺少当日行情,强势归纳版：这类形态历史胜率不占优，先留给更干净的强势样本。,v4
2026-05-06,002759,天际股份,84,4534.0,10jqka,intraday_1430,2026-05-06 14:30:00,2026-05-06,1,1,,,missing_price_file,,,,,,,,,,,,,,,,,,,,,,,,False,,,,强势,74.04,1.97,2.76,0,2026-05-06,common_index_cache,1.17,2.33,2.75,1.97,3.48,3.01,,,0.0,不推送,False,-,缺少当日行情,强势归纳版：这类形态历史胜率不占优，先留给更干净的强势样本。,v4
2026-05-06,688008,澜起科技,85,4525.0,10jqka,intraday_1430,2026-05-06 14:30:00,2026-05-06,1,1,,,ok,2026-05-06,231.26,247.79,252.32,230.0,1031091.0,17.84,42.73,51.55,0.797,0.02,31.43,42.22,56.14,-1.8,0.203,True,False,0.0,,,,,False,,,,强势,74.04,1.97,2.76,0,2026-05-06,common_index_cache,1.17,2.33,2.75,1.97,3.48,3.01,15.87,48.79,0.4,观察池,False,当日涨停附近；收盘承接较强；市场强势且个股相对强势；v4多头排列技术加分,量能不足；短线涨幅过热；远离20日线过多；v4乖离率过大；v4远离短中期均线；涨停封板不可买,涨停封板不可买，放观察池跟踪,v4
2026-05-06,601888,中国中免,86,4523.0,10jqka,intraday_1430,2026-05-06 14:30:00,2026-05-06,1,1,,,missing_price_file,,,,,,,,,,,,,,,,,,,,,,,,False,,,,强势,74.04,1.97,2.76,0,2026-05-06,common_index_cache,1.17,2.33,2.75,1.97,3.48,3.01,,,0.0,不推送,False,-,缺少当日行情,强势归纳版：这类形态历史胜率不占优，先留给更干净的强势样本。,v4
2026-05-06,000063,中兴通讯,87,4514.0,10jqka,intraday_1430,2026-05-06 14:30:00,2026-05-06,1,1,,,missing_price_file,,,,,,,,,,,,,,,,,,,,,,11.98,11.98,False,,,,强势,74.04,1.97,2.76,0,2026-05-06,common_index_cache,1.17,2.33,2.75,1.97,3.48,3.01,,,0.0,不推送,False,v4主力资金强净流入,缺少当日行情,强势归纳版：这类形态历史胜率不占优，先留给更干净的强势样本。,v4
2026-05-06,600176,中国巨石,88,4497.0,10jqka,intraday_1430,2026-05-06 14:30:00,2026-05-06,1,1,,,missing_price_file,,,,,,,,,,,,,,,,,,,,,,,,False,,,,强势,74.04,1.97,2.76,0,2026-05-06,common_index_cache,1.17,2.33,2.75,1.97,3.48,3.01,,,0.0,不推送,False,-,缺少当日行情,强势归纳版：这类形态历史胜率不占优，先留给更干净的强势样本。,v4
2026-05-06,300475,香农芯创,89,4485.0,10jqka,intraday_1430,2026-05-06 14:30:00,2026-05-06,1,1,,,ok,2026-05-06,194.65,202.58,209.86,190.0,574171.0,4.08,,,0.633,,0.0,0.0,0.0,-3.47,0.367,False,False,0.0,,,,,False,,,,强势,74.04,1.97,2.76,0,2026-05-06,common_index_cache,1.17,2.33,2.75,1.97,3.48,3.01,2.11,,14.4,不推送,False,当日上涨；站上20日线且不过热；市场强势且个股相对强势,v4长上影承接转弱,强势归纳版：这类形态历史胜率不占优，先留给更干净的强势样本。,v4
2026-05-06,600118,中国卫星,90,4474.0,10jqka,intraday_1430,2026-05-06 14:30:00,2026-05-06,1,1,,,ok,2026-05-06,90.66,87.23,91.99,87.23,740793.0,-10.0,-10.06,-9.42,0.0,1.14,-9.97,-10.54,-2.47,-16.92,0.279,False,False,0.0,,,,,False,,,,强势,74.04,1.97,2.76,0,2026-05-06,common_index_cache,1.17,2.33,2.75,1.97,3.48,3.01,-11.97,-12.18,0.0,不推送,False,温和放量,当日转弱；收盘承接偏弱；近5日趋势未确认；强势市里个股相对走弱；v4跌破短均线,强势归纳版：这类形态历史胜率不占优，先留给更干净的强势样本。,v4
2026-05-06,300136,信维通信,91,4406.0,10jqka,intraday_1430,2026-05-06 14:30:00,2026-05-06,1,1,,,ok,2026-05-06,111.97,112.68,114.36,110.0,292904.0,0.83,,,0.615,,0.0,0.0,0.0,-1.47,0.385,False,False,0.0,2会计师关于审核问询函的回复(豁免版)(深圳市信维通信股份有限公司),创业板再融资问询与回复 | 2会计师关于审核问询函的回复(豁免版)(深圳市信维通信股份有限公司),,,False,,,,强势,74.04,1.97,2.76,0,2026-05-06,common_index_cache,1.17,2.33,2.75,1.97,3.48,3.01,-1.14,,0.0,不推送,False,站上20日线且不过热,强势市里个股相对走弱；v4长上影承接转弱；v4事件风险扣分（问询）,强势归纳版：这类形态历史胜率不占优，先留给更干净的强势样本。,v4
2026-05-06,300058,蓝色光标,92,4365.0,10jqka,intraday_1430,2026-05-06 14:30:00,2026-05-06,1,1,,,ok,2026-05-06,17.73,18.54,19.0,17.53,4510668.0,3.58,11.08,6.55,0.687,1.08,6.54,2.45,8.16,-24.11,0.313,False,False,0.0,,,,,False,,,,强势,74.04,1.97,2.76,0,2026-05-06,common_index_cache,1.17,2.33,2.75,1.97,3.48,3.01,1.61,3.79,34.4,不推送,False,当日上涨；温和放量；近5日趋势升温；站上20日线且不过热；市场强势且个股相对强势,v4乖离率过大,强势归纳版：这类形态历史胜率不占优，先留给更干净的强势样本。,v4
2026-05-06,002466,天齐锂业,93,4345.0,10jqka,intraday_1430,2026-05-06 14:30:00,2026-05-06,1,1,,,ok,2026-05-06,78.3,76.13,80.83,76.06,911236.0,-3.71,,,0.015,,0.0,0.0,0.0,-5.81,0.53,False,False,0.0,,,,,False,,,,强势,74.04,1.97,2.76,0,2026-05-06,common_index_cache,1.17,2.33,2.75,1.97,3.48,3.01,-5.68,,0.0,不推送,False,站上20日线且不过热,当日转弱；收盘承接偏弱；强势市里个股相对走弱；v4长上影承接转弱,强势归纳版：这类形态历史胜率不占优，先留给更干净的强势样本。,v4
2026-05-06,002281,光迅科技,94,4294.0,10jqka,intraday_1430,2026-05-06 14:30:00,2026-05-06,1,1,,,ok,2026-05-06,209.5,228.01,230.52,203.01,782376.0,8.63,66.43,77.16,0.909,1.07,46.79,62.53,85.78,-1.09,0.091,False,False,0.0,,,,,False,,,,强势,74.04,1.97,2.76,0,2026-05-06,common_index_cache,1.17,2.33,2.75,1.97,3.48,3.01,6.66,74.4,22.4,不推送,False,当日强涨；收在日内高位；温和放量；市场强势且个股相对强势；v4多头排列技术加分,短线涨幅过热；远离20日线过多；v4乖离率过大；v4远离短中期均线,强势归纳版：这类形态历史胜率不占优，先留给更干净的强势样本。,v4
2026-05-06,301666,大普微,95,4222.0,10jqka,intraday_1430,2026-05-06 14:30:00,2026-05-06,1,1,,,ok,2026-05-06,416.93,499.0,508.5,416.93,92238.0,15.43,,,0.896,,0.0,0.0,0.0,-1.87,0.104,True,False,0.0,,,,,True,,,,强势,74.04,1.97,2.76,0,2026-05-06,common_index_cache,1.17,2.33,2.75,1.97,3.48,3.01,13.46,,46.4,观察池,False,当日涨停附近；收盘承接较强；站上20日线且不过热；市场强势且个股相对强势；v4龙虎榜提示关注,涨停封板不可买,涨停封板不可买，放观察池跟踪,v4
2026-05-06,002309,中利集团,96,4217.0,10jqka,intraday_1430,2026-05-06 14:30:00,2026-05-06,1,1,,,ok,2026-05-06,5.34,4.65,5.34,4.65,6584998.0,-10.06,,,0.0,,0.0,0.0,0.0,-12.92,0.0,False,False,0.0,,,,,False,,,,强势,74.04,1.97,2.76,0,2026-05-06,common_index_cache,1.17,2.33,2.75,1.97,3.48,3.01,-12.03,,0.0,不推送,False,站上20日线且不过热,当日转弱；收盘承接偏弱；强势市里个股相对走弱,强势归纳版：这类形态历史胜率不占优，先留给更干净的强势样本。,v4
2026-05-06,600110,诺德股份,97,4190.0,10jqka,intraday_1430,2026-05-06 14:30:00,2026-05-06,1,1,,,missing_price_file,,,,,,,,,,,,,,,,,,,,,,,,False,,,,强势,74.04,1.97,2.76,0,2026-05-06,common_index_cache,1.17,2.33,2.75,1.97,3.48,3.01,,,0.0,不推送,False,-,缺少当日行情,强势归纳版：这类形态历史胜率不占优，先留给更干净的强势样本。,v4
2026-05-06,603773,沃格光电,98,4158.0,10jqka,intraday_1430,2026-05-06 14:30:00,2026-05-06,1,1,,,ok,2026-05-06,61.39,72.88,74.0,61.39,414628.0,7.99,14.95,25.01,0.911,1.8,7.33,13.99,37.01,-1.51,0.089,False,False,0.0,,,,,False,,,,强势,74.04,1.97,2.76,0,2026-05-06,common_index_cache,1.17,2.33,2.75,1.97,3.48,3.01,6.02,22.25,45.4,不推送,False,当日强涨；收在日内高位；温和放量；近5日强势延续；市场强势且个股相对强势；v4多头排列技术加分,短线涨幅偏高；偏离20日线较大；v4乖离率过大；v4远离短中期均线,强势归纳版：这类形态历史胜率不占优，先留给更干净的强势样本。,v4
2026-05-06,600519,贵州茅台,99,4146.0,10jqka,intraday_1430,2026-05-06 14:30:00,2026-05-06,1,1,,,ok,2026-05-06,1336.0,1321.15,1342.68,1319.61,45933.0,-0.89,,,0.067,,0.0,0.0,0.0,-1.6,0.29,False,False,0.0,,,,,False,,,,强势,74.04,1.97,2.76,0,2026-05-06,common_index_cache,1.17,2.33,2.75,1.97,3.48,3.01,-2.86,,0.0,不推送,False,站上20日线且不过热,当日转弱；收盘承接偏弱；强势市里个股相对走弱,强势归纳版：这类形态历史胜率不占优，先留给更干净的强势样本。,v4
2026-05-06,300502,新易盛,100,4144.0,10jqka,intraday_1430,2026-05-06 14:30:00,2026-05-06,1,1,,,ok,2026-05-06,575.0,595.26,599.75,570.91,489565.0,5.6,11.17,10.79,0.844,1.06,8.96,5.15,10.79,-5.18,0.156,False,False,0.0,,,,,False,,,,强势,74.04,1.97,2.76,0,2026-05-06,common_index_cache,1.17,2.33,2.75,1.97,3.48,3.01,3.63,8.03,44.4,不推送,False,当日上涨；收盘承接较强；温和放量；近5日趋势升温；站上20日线且不过热；市场强势且个股相对强势,v4乖离率过大,强势归纳版：这类形态历史胜率不占优，先留给更干净的强势样本。,v4
2026-05-07,000066,中国长城,1,45933.0,10jqka,post_close,2026-05-07 15:00:00,2026-05-06,2,2,4.0,3.0,ok,2026-05-07,23.29,23.98,23.98,22.98,5096882.0,10.0,33.07,42.99,1.0,1.7,18.19,31.85,43.23,0.0,0.0,True,False,0.0,,,0.06,0.06,True,,,,强势,68.83,0.97,3.69,0,2026-05-07,common_index_cache,0.48,1.18,1.45,2.29,4.31,5.05,9.03,39.3,95.4,观察池,False,人气Top3；当日涨停附近；收在日内高位；温和放量；近5日强势延续；连续上榜确认；市场强势且个股相对强势；v4多头排列技术加分；v4主力资金净流入；v4龙虎榜提示关注,短线涨幅偏高；偏离20日线较大；v4乖离率过大；v4远离短中期均线；涨停封板不可买,涨停封板不可买，放观察池跟踪,v4
2026-05-07,002081,金螳螂,2,39855.0,10jqka,post_close,2026-05-07 15:00:00,2026-05-06,2,2,2.0,0.0,ok,2026-05-07,6.96,7.14,7.14,6.8,4420756.0,10.02,33.21,61.17,1.0,1.1,19.96,32.37,61.21,0.0,0.0,True,False,0.0,,,,,True,,,,强势,68.83,0.97,3.69,0,2026-05-07,common_index_cache,0.48,1.18,1.45,2.29,4.31,5.05,9.05,57.48,68.4,观察池,False,人气Top3；当日涨停附近；收在日内高位；温和放量；连续上榜确认；市场强势且个股相对强势；v4多头排列技术加分；v4龙虎榜提示关注,短线涨幅过热；远离20日线过多；v4乖离率过大；v4远离短中期均线；涨停封板不可买,涨停封板不可买，放观察池跟踪,v4
2026-05-07,002384,东山精密,3,38578.0,10jqka,post_close,2026-05-07 15:00:00,2026-05-06,2,2,65.0,62.0,ok,2026-05-07,188.43,211.07,211.07,185.8,866708.0,10.0,14.56,13.05,1.0,0.97,10.18,12.58,28.45,0.0,0.0,True,False,0.0,,,,,True,,,,强势,68.83,0.97,3.69,0,2026-05-07,common_index_cache,0.48,1.18,1.45,2.29,4.31,5.05,9.03,9.36,102.4,观察池,False,人气Top3；当日涨停附近；收在日内高位；温和放量；近5日趋势升温；连续上榜确认；人气排名明显上升；市场强势且个股相对强势；v4多头排列技术加分；v4龙虎榜提示关注,偏离20日线较大；v4乖离率过大；v4远离短中期均线；涨停封板不可买,涨停封板不可买，放观察池跟踪,v4
2026-05-07,601868,中国能建,4,32075.0,10jqka,post_close,2026-05-07 15:00:00,2026-05-07,1,1,,,ok,2026-05-07,2.85,3.12,3.12,2.85,11232946.0,9.86,9.47,9.86,1.0,2.31,8.18,7.11,7.77,-20.81,0.0,True,False,0.0,,,,,False,,,,强势,68.83,0.97,3.69,0,2026-05-07,common_index_cache,0.48,1.18,1.45,2.29,4.31,5.05,8.89,6.17,80.4,观察池,False,人气Top10；当日涨停附近；收在日内高位；放量仍可控；近5日趋势升温；站上20日线且不过热；首次上榜即强势；市场强势且个股相对强势,v4乖离率过大；v4放量冲高过热；涨停封板不可买,涨停封板不可买，放观察池跟踪,v4
2026-05-07,002217,合力泰,5,26444.0,10jqka,post_close,2026-05-07 15:00:00,2026-05-06,2,2,14.0,9.0,missing_price_file,,,,,,,,,,,,,,,,,,,,,,,,False,,,,强势,68.83,0.97,3.69,0,2026-05-07,common_index_cache,0.48,1.18,1.45,2.29,4.31,5.05,,,12.0,不推送,False,人气Top10；连续上榜确认,缺少当日行情,强势归纳版：这类形态历史胜率不占优，先留给更干净的强势样本。,v4
2026-05-07,600186,莲花控股,6,25511.0,10jqka,post_close,2026-05-07 15:00:00,2026-05-06,2,2,15.0,9.0,ok,2026-05-07,11.27,11.13,11.44,10.82,3321134.0,-2.37,2.87,19.16,0.5,0.91,3.23,12.97,27.7,-3.64,0.274,False,False,0.0,,,,,False,,,,强势,68.83,0.97,3.69,0,2026-05-07,common_index_cache,0.48,1.18,1.45,2.29,4.31,5.05,-3.34,15.47,59.4,不推送,False,人气Top10；温和放量；近5日趋势升温；站上20日线且不过热；连续上榜确认；市场强势且个股相对强势；v4多头排列技术加分,当日转弱；v4短线偏离MA5过多；v4远离短中期均线,强势归纳版：这类形态历史胜率不占优，先留给更干净的强势样本。,v4
2026-05-07,601991,大唐发电,7,24733.0,10jqka,post_close,2026-05-07 15:00:00,2026-05-06,2,2,6.0,-1.0,ok,2026-05-07,4.98,5.04,5.04,4.88,3340447.0,10.04,17.48,24.44,1.0,1.39,13.98,18.03,24.09,0.0,0.0,True,False,0.0,,,,,True,,,,强势,68.83,0.97,3.69,0,2026-05-07,common_index_cache,0.48,1.18,1.45,2.29,4.31,5.05,9.07,20.75,102.4,观察池,False,人气Top10；当日涨停附近；收在日内高位；温和放量；近5日趋势升温；站上20日线且不过热；连续上榜确认；市场强势且个股相对强势；v4多头排列技术加分；v4龙虎榜提示关注,v4乖离率过大；v4远离短中期均线；涨停封板不可买,涨停封板不可买，放观察池跟踪,v4
2026-05-07,300502,新易盛,8,24411.0,10jqka,post_close,2026-05-07 15:00:00,2026-05-06,2,2,100.0,92.0,ok,2026-05-07,523.85,563.5,565.0,513.0,533930.0,7.85,4.93,4.74,0.971,1.46,4.96,1.19,4.54,-10.24,0.029,False,False,0.0,,,,,False,,,,强势,68.83,0.97,3.69,0,2026-05-07,common_index_cache,0.48,1.18,1.45,2.29,4.31,5.05,6.88,1.05,89.4,普通观察,True,人气Top10；当日强涨；收在日内高位；温和放量；站上20日线且不过热；连续上榜确认；人气排名明显上升；市场强势且个股相对强势,v4短线偏离MA5过多,强势归纳版：保留在候选池，优先跟踪早段强势和缩量承接，不主动接后段退潮样本。,v4
2026-05-07,002149,西部材料,9,22886.0,10jqka,post_close,2026-05-07 15:00:00,2026-05-06,2,2,19.0,10.0,ok,2026-05-07,71.0,73.47,74.6,70.18,1144573.0,5.17,27.24,26.94,0.744,1.62,14.38,17.23,30.0,-1.51,0.256,False,False,0.0,,,,,True,,,,强势,68.83,0.97,3.69,0,2026-05-07,common_index_cache,0.48,1.18,1.45,2.29,4.31,5.05,4.2,23.25,62.4,不推送,False,人气Top10；当日上涨；温和放量；近5日强势延续；连续上榜确认；人气排名明显上升；市场强势且个股相对强势；v4多头排列技术加分；v4龙虎榜活跃,短线涨幅偏高；偏离20日线较大；v4乖离率过大；v4远离短中期均线,强势归纳版：这类形态历史胜率不占优，先留给更干净的强势样本。,v4
2026-05-07,600396,华电辽能,10,22302.0,10jqka,post_close,2026-05-07 15:00:00,2026-05-06,2,2,3.0,-7.0,ok,2026-05-07,10.91,12.0,12.0,10.91,1682810.0,9.99,15.05,18.58,1.0,0.5,10.99,19.66,37.57,0.0,0.0,True,False,0.0,,,,,False,,,,强势,68.83,0.97,3.69,0,2026-05-07,common_index_cache,0.48,1.18,1.45,2.29,4.31,5.05,9.02,14.89,76.4,观察池,False,人气Top10；当日涨停附近；收在日内高位；近5日趋势升温；连续上榜确认；市场强势且个股相对强势；v4多头排列技术加分,偏离20日线较大；v4乖离率过大；v4远离短中期均线；涨停封板不可买,涨停封板不可买，放观察池跟踪,v4
2026-05-07,600105,永鼎股份,11,20067.0,10jqka,post_close,2026-05-07 15:00:00,2026-05-07,1,1,,,ok,2026-05-07,44.72,47.52,48.05,43.41,2266602.0,8.79,9.7,-2.06,0.886,1.47,7.13,4.5,14.94,-6.82,0.114,False,False,0.0,,,,,False,,,,强势,68.83,0.97,3.69,0,2026-05-07,common_index_cache,0.48,1.18,1.45,2.29,4.31,5.05,7.82,-5.75,58.4,不推送,False,人气Top20；当日强涨；收盘承接较强；温和放量；站上20日线且不过热；首次上榜即强势；市场强势且个股相对强势,近5日趋势未确认；v4乖离率过大,强势归纳版：这类形态历史胜率不占优，先留给更干净的强势样本。,v4
2026-05-07,002156,通富微电,12,19553.0,10jqka,post_close,2026-05-07 15:00:00,2026-05-06,2,2,13.0,1.0,ok,2026-05-07,60.8,59.08,60.8,57.6,2517397.0,3.74,19.35,15.39,0.462,2.32,10.41,15.72,21.76,-2.83,0.0,False,False,0.0,,,,,False,,,,强势,68.83,0.97,3.69,0,2026-05-07,common_index_cache,0.48,1.18,1.45,2.29,4.31,5.05,2.77,11.7,48.4,不推送,False,人气Top20；当日上涨；放量仍可控；近5日趋势升温；站上20日线且不过热；连续上榜确认；市场强势且个股相对强势；v4多头排列技术加分,v4乖离率过大；v4远离短中期均线；v4正涨但收盘承接一般,强势归纳版：这类形态历史胜率不占优，先留给更干净的强势样本。,v4
2026-05-07,002181,粤传媒,13,19535.0,10jqka,post_close,2026-05-07 15:00:00,2026-05-06,2,2,8.0,-5.0,ok,2026-05-07,18.2,18.72,19.77,17.8,1745018.0,3.2,24.88,30.54,0.467,1.62,13.1,25.11,33.47,-5.31,0.533,False,False,0.0,粤传媒:股票交易异常波动公告,股票交易异常波动 | 粤传媒:股票交易异常波动公告,,,False,,,,强势,68.83,0.97,3.69,0,2026-05-07,common_index_cache,0.48,1.18,1.45,2.29,4.31,5.05,2.23,26.85,22.4,不推送,False,人气Top20；当日上涨；温和放量；近5日强势延续；连续上榜确认；市场强势且个股相对强势；v4多头排列技术加分,短线涨幅偏高；偏离20日线较大；上影线偏长；v4乖离率过大；v4远离短中期均线；v4长上影承接转弱；v4正涨但收盘承接一般；v4事件谨慎扣分（异常波动）,强势归纳版：这类形态历史胜率不占优，先留给更干净的强势样本。,v4
2026-05-07,000858,五粮液,14,19194.0,10jqka,post_close,2026-05-07 15:00:00,2026-05-06,2,2,1.0,-13.0,ok,2026-05-07,92.43,92.6,93.85,92.43,536278.0,0.37,-5.84,-7.58,0.12,1.51,-3.64,-5.99,-7.98,-16.41,0.88,False,False,0.0,五粮液:2026年4月30日投资者关系活动记录表 | 五粮液:关于四川省宜宾五粮液集团有限公司增持公司股票计划的公告 | 五粮液:关于2026年第一次临时股东会增加临时提案暨股东会补充通知的公告,调研活动 | 股东/实际控制人股份增持 | 增加股东大会议案 | 五粮液:2026年4月30日投资者关系活动记录表 | 五粮液:关于四川省宜宾五粮液集团有限公司增持公司股票计划的公告 | 五粮液:关于2026年第一次临时股东会增加临时提案暨股东会补充通知的公告,-1.97,-1.97,False,,,,强势,68.83,0.97,3.69,0,2026-05-07,common_index_cache,0.48,1.18,1.45,2.29,4.31,5.05,-0.6,-11.27,0.0,不推送,False,人气Top20；温和放量；连续上榜确认；v4事件催化加分（增持）,收盘承接偏弱；近5日趋势未确认；仍在20日线下方；上影线偏长；强势市里个股相对走弱；v4长上影承接转弱；v4正涨但收盘承接一般；v4主力资金净流出；v4拉升但资金未跟随,强势归纳版：这类形态历史胜率不占优，先留给更干净的强势样本。,v4
2026-05-07,603399,永杉锂业,15,18400.0,10jqka,post_close,2026-05-07 15:00:00,2026-05-06,2,2,25.0,10.0,missing_price_file,,,,,,,,,,,,,,,,,,,,,,,,True,,,,强势,68.83,0.97,3.69,0,2026-05-07,common_index_cache,0.48,1.18,1.45,2.29,4.31,5.05,,,13.0,不推送,False,人气Top20；连续上榜确认；人气排名明显上升；v4龙虎榜活跃,缺少当日行情,强势归纳版：这类形态历史胜率不占优，先留给更干净的强势样本。,v4
2026-05-07,600745,*ST闻泰,16,17886.0,10jqka,post_close,2026-05-07 15:00:00,2026-05-06,2,2,5.0,-11.0,ok,2026-05-07,25.37,25.37,25.37,25.37,9928.0,-5.02,-8.74,-8.77,1.0,0.04,-7.18,-10.2,-14.65,-38.54,,False,False,0.0,,,,,False,,,,强势,68.83,0.97,3.69,0,2026-05-07,common_index_cache,0.48,1.18,1.45,2.29,4.31,5.05,-5.99,-12.46,0.0,不推送,False,人气Top20；收在日内高位；连续上榜确认,当日转弱；量能不足；近5日趋势未确认；仍在20日线下方；强势市里个股相对走弱；v4跌破短均线,强势归纳版：这类形态历史胜率不占优，先留给更干净的强势样本。,v4
2026-05-07,002281,光迅科技,17,17258.0,10jqka,post_close,2026-05-07 15:00:00,2026-05-06,2,2,94.0,77.0,ok,2026-05-07,152.7,164.29,165.9,147.01,708803.0,8.93,23.65,22.13,0.915,1.02,12.64,19.93,34.04,-0.97,0.085,False,False,0.0,,,,,True,,,,强势,68.83,0.97,3.69,0,2026-05-07,common_index_cache,0.48,1.18,1.45,2.29,4.31,5.05,7.96,18.44,85.4,普通观察,True,人气Top20；当日强涨；收在日内高位；温和放量；近5日趋势升温；连续上榜确认；人气排名明显上升；市场强势且个股相对强势；v4多头排列技术加分；v4龙虎榜活跃,偏离20日线较大；v4乖离率过大；v4远离短中期均线,强势归纳版：保留在候选池，优先跟踪早段强势和缩量承接，不主动接后段退潮样本。,v4
2026-05-07,000988,华工科技,18,17216.0,10jqka,post_close,2026-05-07 15:00:00,2026-05-06,2,2,58.0,40.0,ok,2026-05-07,125.79,133.5,134.52,123.8,1066791.0,6.64,12.15,12.38,0.905,1.21,8.92,11.08,13.65,-5.59,0.095,False,False,0.0,,,,,False,,,,强势,68.83,0.97,3.69,0,2026-05-07,common_index_cache,0.48,1.18,1.45,2.29,4.31,5.05,5.67,8.69,82.4,普通观察,True,人气Top20；当日上涨；收在日内高位；温和放量；近5日趋势升温；站上20日线且不过热；连续上榜确认；人气排名明显上升；市场强势且个股相对强势；v4多头排列技术加分,v4乖离率过大；v4远离短中期均线,强势归纳版：保留在候选池，优先跟踪早段强势和缩量承接，不主动接后段退潮样本。,v4
2026-05-07,600522,中天科技,19,16399.0,10jqka,post_close,2026-05-07 15:00:00,2026-05-06,2,2,66.0,47.0,ok,2026-05-07,36.1,38.38,38.38,35.0,2891081.0,10.0,11.96,7.27,1.0,1.18,9.24,10.93,19.96,0.0,0.0,True,False,0.0,,,,,False,,,,强势,68.83,0.97,3.69,0,2026-05-07,common_index_cache,0.48,1.18,1.45,2.29,4.31,5.05,9.03,3.58,96.4,观察池,False,人气Top20；当日涨停附近；收在日内高位；温和放量；近5日趋势升温；站上20日线且不过热；连续上榜确认；人气排名明显上升；市场强势且个股相对强势；v4多头排列技术加分,v4乖离率过大；v4远离短中期均线；涨停封板不可买,涨停封板不可买，放观察池跟踪,v4
2026-05-07,002709,天赐材料,20,16203.0,10jqka,post_close,2026-05-07 15:00:00,2026-05-06,2,2,18.0,-2.0,ok,2026-05-07,63.66,62.8,63.7,61.0,1504038.0,-1.88,5.87,14.26,0.667,0.89,4.47,11.81,21.99,-3.35,0.015,False,False,0.0,,,,,False,,,,强势,68.83,0.97,3.69,0,2026-05-07,common_index_cache,0.48,1.18,1.45,2.29,4.31,5.05,-2.85,10.57,55.4,不推送,False,人气Top20；温和放量；近5日趋势升温；站上20日线且不过热；连续上榜确认；市场强势且个股相对强势；v4多头排列技术加分；v4沿短均线抬升,当日转弱；v4短线偏离MA5过多；v4远离短中期均线,强势归纳版：这类形态历史胜率不占优，先留给更干净的强势样本。,v4
2026-05-07,601016,节能风电,21,16100.0,10jqka,post_close,2026-05-07 15:00:00,2026-05-06,2,2,20.0,-1.0,ok,2026-05-07,4.82,4.99,5.08,4.75,9712424.0,6.4,9.43,7.31,0.727,1.52,7.4,10.69,16.63,-12.91,0.273,False,False,0.0,节能风电:致同会计师事务所(特殊普通合伙)关于上海证券交易所《关于中节能风力发电股份有限公司向特定对象发行股票申请文件的审核问询函》的回复 | 节能风电:节能风电关于向特定对象发行股票申请文件的审核问询函回复更新的提示性公告 | 节能风电:关于中节能风力发电股份有限公司向特定对象发行股票申请文件的审核问询函的回复报告,会计师事务所问询函回复公告 | 回复问询函公告 | 法律意见书 | 节能风电:致同会计师事务所(特殊普通合伙)关于上海证券交易所《关于中节能风力发电股份有限公司向特定对象发行股票申请文件的审核问询函》的回复 | 节能风电:节能风电关于向特定对象发行股票申请文件的审核问询函回复更新的提示性公告 | 节能风电:关于中节能风力发电股份有限公司向特定对象发行股票申请文件的审核问询函的回复报告,,,False,,,,强势,68.83,0.97,3.69,0,2026-05-07,common_index_cache,0.48,1.18,1.45,2.29,4.31,5.05,5.43,3.62,48.4,不推送,False,人气Top50；当日上涨；温和放量；近5日趋势升温；站上20日线且不过热；连续上榜确认；市场强势且个股相对强势；v4多头排列技术加分,v4乖离率过大；v4远离短中期均线；v4事件风险扣分（问询）,强势归纳版：这类形态历史胜率不占优，先留给更干净的强势样本。,v4
2026-05-07,001309,德明利,22,16091.0,10jqka,post_close,2026-05-07 15:00:00,2026-05-06,2,2,22.0,0.0,ok,2026-05-07,603.0,616.51,633.0,597.0,252913.0,6.79,17.9,26.3,0.542,1.82,12.59,17.42,24.49,-2.61,0.458,False,False,0.0,,,,,False,,,,强势,68.83,0.97,3.69,0,2026-05-07,common_index_cache,0.48,1.18,1.45,2.29,4.31,5.05,5.82,22.61,21.4,不推送,False,人气Top50；当日上涨；放量仍可控；近5日强势延续；站上20日线且不过热；连续上榜确认；市场强势且个股相对强势；v4多头排列技术加分,短线涨幅偏高；上影线偏长；v4乖离率过大；v4远离短中期均线；v4长上影承接转弱；v4正涨但收盘承接一般,强势归纳版：这类形态历史胜率不占优，先留给更干净的强势样本。,v4
2026-05-07,600379,宝光股份,23,15923.0,10jqka,post_close,2026-05-07 15:00:00,2026-05-06,2,2,29.0,6.0,ok,2026-05-07,20.31,17.85,20.31,17.13,1100442.0,-3.3,17.05,41.67,0.226,3.01,8.58,24.61,35.0,-12.11,0.0,False,False,0.0,宝光股份:宝光股份股票交易风险提示公告,风险提示性公告 | 宝光股份:宝光股份股票交易风险提示公告,,,True,,,,强势,68.83,0.97,3.69,0,2026-05-07,common_index_cache,0.48,1.18,1.45,2.29,4.31,5.05,-4.27,37.98,0.0,不推送,False,人气Top50；近5日强势延续；连续上榜确认；市场强势且个股相对强势；v4多头排列技术加分；v4龙虎榜提示关注,当日转弱；收盘承接偏弱；短线涨幅偏高；偏离20日线较大；v4乖离率过大；v4远离短中期均线；v4事件谨慎扣分（风险提示）,强势归纳版：这类形态历史胜率不占优，先留给更干净的强势样本。,v4
2026-05-07,002050,三花智控,24,15854.0,10jqka,post_close,2026-05-07 15:00:00,2026-05-06,2,2,76.0,52.0,ok,2026-05-07,48.17,50.32,50.4,47.88,1957613.0,4.49,12.27,9.61,0.968,1.7,7.35,8.78,10.64,-8.54,0.032,False,False,0.0,三花智控:H股公告-截至2026年4月30日止之股份发行人的证券变动月报表,其他 | 三花智控:H股公告-截至2026年4月30日止之股份发行人的证券变动月报表,,,False,,,,强势,68.83,0.97,3.69,0,2026-05-07,common_index_cache,0.48,1.18,1.45,2.29,4.31,5.05,3.52,5.92,74.4,不推送,False,人气Top50；当日上涨；收在日内高位；温和放量；近5日趋势升温；站上20日线且不过热；连续上榜确认；人气排名明显上升；市场强势且个股相对强势；v4多头排列技术加分,v4乖离率过大；v4远离短中期均线,强势归纳版：这类形态历史胜率不占优，先留给更干净的强势样本。,v4
2026-05-07,002202,金风科技,25,15590.0,10jqka,post_close,2026-05-07 15:00:00,2026-05-06,2,2,28.0,3.0,ok,2026-05-07,27.95,28.46,28.68,27.84,2650063.0,1.86,10.61,7.27,0.738,1.1,5.26,7.29,11.32,-14.53,0.262,False,False,0.0,金风科技:关于召开2026年第一次临时股东会及2026年第一次A股类别股东会议、2026年第一次H股类别股东会议的通知 | 金风科技:H股公告(证券变动月报表),召开股东大会通知 | 其他 | 金风科技:关于召开2026年第一次临时股东会及2026年第一次A股类别股东会议、2026年第一次H股类别股东会议的通知 | 金风科技:H股公告(证券变动月报表),,,False,,,,强势,68.83,0.97,3.69,0,2026-05-07,common_index_cache,0.48,1.18,1.45,2.29,4.31,5.05,0.89,3.58,54.4,不推送,False,人气Top50；温和放量；近5日趋势升温；站上20日线且不过热；连续上榜确认；市场强势且个股相对强势；v4多头排列技术加分,v4乖离率过大,强势归纳版：这类形态历史胜率不占优，先留给更干净的强势样本。,v4
2026-05-07,002580,圣阳股份,26,15567.0,10jqka,post_close,2026-05-07 15:00:00,2026-05-06,2,2,16.0,-10.0,ok,2026-05-07,29.4,29.91,31.19,29.2,1229116.0,0.44,4.58,3.78,0.357,0.95,2.95,4.88,16.45,-11.09,0.643,False,False,0.0,,,,,False,,,,强势,68.83,0.97,3.69,0,2026-05-07,common_index_cache,0.48,1.18,1.45,2.29,4.31,5.05,-0.53,0.09,22.0,不推送,False,人气Top50；温和放量；站上20日线且不过热；连续上榜确认；v4多头排列技术加分；v4沿短均线抬升,收盘承接偏弱；上影线偏长；v4长上影承接转弱；v4正涨但收盘承接一般,强势归纳版：这类形态历史胜率不占优，先留给更干净的强势样本。,v4
2026-05-07,603629,利通电子,27,15462.0,10jqka,post_close,2026-05-07 15:00:00,2026-05-06,2,2,7.0,-20.0,ok,2026-05-07,160.2,158.28,166.55,157.01,400100.0,-0.36,20.56,45.88,0.133,1.48,11.12,26.02,51.69,-4.97,0.666,False,False,0.0,,,,,False,,,,强势,68.83,0.97,3.69,0,2026-05-07,common_index_cache,0.48,1.18,1.45,2.29,4.31,5.05,-1.33,42.19,0.0,不推送,False,人气Top50；温和放量；连续上榜确认；市场强势且个股相对强势；v4多头排列技术加分,当日转弱；收盘承接偏弱；短线涨幅过热；远离20日线过多；人气排名明显回落；v4乖离率过大；v4远离短中期均线；v4长上影承接转弱,强势归纳版：这类形态历史胜率不占优，先留给更干净的强势样本。,v4
2026-05-07,600487,亨通光电,28,14685.0,10jqka,post_close,2026-05-07 15:00:00,2026-05-06,2,2,24.0,-4.0,ok,2026-05-07,74.55,75.96,76.63,71.8,1908904.0,5.79,12.73,6.42,0.861,1.06,8.78,10.87,21.94,-0.87,0.139,False,False,0.0,,,,,False,,,,强势,68.83,0.97,3.69,0,2026-05-07,common_index_cache,0.48,1.18,1.45,2.29,4.31,5.05,4.82,2.73,64.4,不推送,False,人气Top50；当日上涨；收盘承接较强；温和放量；近5日趋势升温；站上20日线且不过热；连续上榜确认；市场强势且个股相对强势；v4多头排列技术加分,v4乖离率过大；v4远离短中期均线,强势归纳版：这类形态历史胜率不占优，先留给更干净的强势样本。,v4
2026-05-07,601778,晶科科技,29,14572.0,10jqka,post_close,2026-05-07 15:00:00,2026-05-06,2,2,17.0,-12.0,ok,2026-05-07,7.36,7.42,7.58,7.25,6384360.0,3.78,6.61,6.92,0.515,1.04,5.55,7.01,16.76,-5.84,0.485,False,False,0.0,晶科科技:国泰海通证券股份有限公司关于晶科电力科技股份有限公司不提前赎回“晶科转债”的核查意见 | 晶科科技:关于不提前赎回“晶科转债”的公告,保荐/核查意见 | 其他 | 晶科科技:国泰海通证券股份有限公司关于晶科电力科技股份有限公司不提前赎回“晶科转债”的核查意见 | 晶科科技:关于不提前赎回“晶科转债”的公告,,,False,,,,强势,68.83,0.97,3.69,0,2026-05-07,common_index_cache,0.48,1.18,1.45,2.29,4.31,5.05,2.81,3.23,46.4,不推送,False,人气Top50；当日上涨；温和放量；近5日趋势升温；站上20日线且不过热；连续上榜确认；市场强势且个股相对强势；v4多头排列技术加分；v4沿短均线抬升,上影线偏长；v4乖离率过大；v4长上影承接转弱；v4正涨但收盘承接一般,强势归纳版：这类形态历史胜率不占优，先留给更干净的强势样本。,v4
2026-05-07,601138,工业富联,30,14527.0,10jqka,post_close,2026-05-07 15:00:00,2026-05-06,2,2,39.0,9.0,ok,2026-05-07,64.09,64.18,64.59,63.0,2103300.0,1.74,-3.14,-4.57,0.742,0.8,-1.14,-1.73,4.52,-7.12,0.258,False,False,0.0,,,,,False,,,,强势,68.83,0.97,3.69,0,2026-05-07,common_index_cache,0.48,1.18,1.45,2.29,4.31,5.05,0.77,-8.26,30.7,不推送,False,人气Top50；温和放量；站上20日线且不过热；连续上榜确认,近5日趋势未确认；强势市里个股相对走弱,强势归纳版：这类形态历史胜率不占优，先留给更干净的强势样本。,v4
2026-05-07,002475,立讯精密,31,14289.0,10jqka,post_close,2026-05-07 15:00:00,2026-05-06,2,2,54.0,23.0,ok,2026-05-07,67.5,69.52,70.3,66.29,2141885.0,3.64,1.28,-3.4,0.805,0.95,1.6,1.99,10.52,-4.24,0.195,False,False,0.0,立讯精密:2026年5月6日投资者关系活动记录表 | 立讯精密:关于股份回购进展情况的公告,调研活动 | 回购进展情况 | 立讯精密:2026年5月6日投资者关系活动记录表 | 立讯精密:关于股份回购进展情况的公告,,,False,,,,强势,68.83,0.97,3.69,0,2026-05-07,common_index_cache,0.48,1.18,1.45,2.29,4.31,5.05,2.67,-7.09,93.4,普通观察,True,人气Top50；当日上涨；收盘承接较强；温和放量；站上20日线且不过热；连续上榜确认；人气排名明显上升；市场强势且个股相对强势；v4多头排列技术加分；v4缩量回踩MA5；v4靠近MA10承接；v4事件催化加分（回购）,近5日趋势未确认,强势归纳版：保留在候选池，优先跟踪早段强势和缩量承接，不主动接后段退潮样本。,v4
2026-05-07,002297,博云新材,32,14097.0,10jqka,post_close,2026-05-07 15:00:00,2026-05-06,2,2,10.0,-22.0,ok,2026-05-07,24.33,24.75,25.25,24.01,1706591.0,3.08,6.64,20.56,0.597,0.86,3.95,10.79,37.23,-4.81,0.403,False,False,0.0,,,,,True,,,,强势,68.83,0.97,3.69,0,2026-05-07,common_index_cache,0.48,1.18,1.45,2.29,4.31,5.05,2.11,16.87,43.4,不推送,False,人气Top50；当日上涨；温和放量；近5日趋势升温；连续上榜确认；市场强势且个股相对强势；v4多头排列技术加分；v4龙虎榜提示关注,偏离20日线较大；人气排名明显回落；v4短线偏离MA5过多；v4远离短中期均线；v4长上影承接转弱,强势归纳版：这类形态历史胜率不占优，先留给更干净的强势样本。,v4
2026-05-07,600726,华电能源,33,14014.0,10jqka,post_close,2026-05-07 15:00:00,2026-05-06,2,2,63.0,30.0,missing_price_file,,,,,,,,,,,,,,,,,,,,,,,,False,,,,强势,68.83,0.97,3.69,0,2026-05-07,common_index_cache,0.48,1.18,1.45,2.29,4.31,5.05,,,0.0,不推送,False,人气Top50；连续上榜确认；人气排名明显上升,缺少当日行情,强势归纳版：这类形态历史胜率不占优，先留给更干净的强势样本。,v4
2026-05-07,601869,长飞光纤,34,13520.0,10jqka,post_close,2026-05-07 15:00:00,2026-05-07,1,1,,,missing_price_file,,,,,,,,,,,,,,,,,,,,,,,,False,,,,强势,68.83,0.97,3.69,0,2026-05-07,common_index_cache,0.48,1.18,1.45,2.29,4.31,5.05,,,0.0,不推送,False,人气Top50,缺少当日行情,强势归纳版：这类形态历史胜率不占优，先留给更干净的强势样本。,v4
2026-05-07,002008,大族激光,35,13406.0,10jqka,post_close,2026-05-07 15:00:00,2026-05-07,1,1,,,missing_price_file,,,,,,,,,,,,,,,,,,,,,,,,True,,,,强势,68.83,0.97,3.69,0,2026-05-07,common_index_cache,0.48,1.18,1.45,2.29,4.31,5.05,,,0.0,不推送,False,人气Top50；v4龙虎榜活跃,缺少当日行情,强势归纳版：这类形态历史胜率不占优，先留给更干净的强势样本。,v4
2026-05-07,000815,美利云,36,13038.0,10jqka,post_close,2026-05-07 15:00:00,2026-05-06,2,2,35.0,-1.0,missing_price_file,,,,,,,,,,,,,,,,,,,,,,-0.35,-0.35,True,,,,强势,68.83,0.97,3.69,0,2026-05-07,common_index_cache,0.48,1.18,1.45,2.29,4.31,5.05,,,0.0,不推送,False,人气Top50；连续上榜确认；v4龙虎榜活跃,缺少当日行情；v4主力资金净流出,强势归纳版：这类形态历史胜率不占优，先留给更干净的强势样本。,v4
2026-05-07,000070,特发信息,37,12535.0,10jqka,post_close,2026-05-07 15:00:00,2026-05-07,1,1,,,missing_price_file,,,,,,,,,,,,,,,,,,,,特发信息:000070特发信息投资者关系管理信息20260507,调研活动 | 特发信息:000070特发信息投资者关系管理信息20260507,21.47,21.47,False,,,,强势,68.83,0.97,3.69,0,2026-05-07,common_index_cache,0.48,1.18,1.45,2.29,4.31,5.05,,,0.0,不推送,False,人气Top50；v4主力资金强净流入,缺少当日行情,强势归纳版：这类形态历史胜率不占优，先留给更干净的强势样本。,v4
2026-05-07,002491,通鼎互联,38,12530.0,10jqka,post_close,2026-05-07 15:00:00,2026-05-07,1,1,,,ok,2026-05-07,18.78,18.78,18.78,18.55,529731.0,10.02,13.34,11.65,1.0,0.35,10.76,11.75,17.63,0.0,0.0,True,False,0.0,通鼎互联:关于控股股东股份解除质押及质押的公告,股份质押、冻结 | 通鼎互联:关于控股股东股份解除质押及质押的公告,,,False,,,,强势,68.83,0.97,3.69,0,2026-05-07,common_index_cache,0.48,1.18,1.45,2.29,4.31,5.05,9.05,7.96,54.4,观察池,False,人气Top50；当日涨停附近；收在日内高位；近5日趋势升温；站上20日线且不过热；市场强势且个股相对强势；v4多头排列技术加分,量能不足；v4乖离率过大；v4远离短中期均线；涨停封板不可买,涨停封板不可买，放观察池跟踪,v4
2026-05-07,002466,天齐锂业,39,12259.0,10jqka,post_close,2026-05-07 15:00:00,2026-05-06,2,2,93.0,54.0,missing_price_file,,,,,,,,,,,,,,,,,,,,天齐锂业:H股公告:证券变动月报表,其他 | 天齐锂业:H股公告:证券变动月报表,,,False,,,,强势,68.83,0.97,3.69,0,2026-05-07,common_index_cache,0.48,1.18,1.45,2.29,4.31,5.05,,,0.0,不推送,False,人气Top50；连续上榜确认；人气排名明显上升,缺少当日行情,强势归纳版：这类形态历史胜率不占优，先留给更干净的强势样本。,v4
2026-05-07,002361,神剑股份,40,12141.0,10jqka,post_close,2026-05-07 15:00:00,2026-05-06,2,2,40.0,0.0,ok,2026-05-07,21.21,21.6,21.7,20.98,2451728.0,1.84,7.73,-0.28,0.861,0.97,4.42,0.06,10.33,-9.81,0.139,False,False,0.0,,,,,True,,,,强势,68.83,0.97,3.69,0,2026-05-07,common_index_cache,0.48,1.18,1.45,2.29,4.31,5.05,0.87,-3.97,40.7,不推送,False,人气Top50；收盘承接较强；温和放量；站上20日线且不过热；连续上榜确认；v4龙虎榜活跃,近5日趋势未确认；强势市里个股相对走弱；v4短线偏离MA5过多,强势归纳版：这类形态历史胜率不占优，先留给更干净的强势样本。,v4
2026-05-07,603318,水发燃气,41,12033.0,10jqka,post_close,2026-05-07 15:00:00,2026-05-07,1,1,,,missing_price_file,,,,,,,,,,,,,,,,,,,,,,,,True,,,,强势,68.83,0.97,3.69,0,2026-05-07,common_index_cache,0.48,1.18,1.45,2.29,4.31,5.05,,,0.0,不推送,False,人气Top50；v4龙虎榜活跃,缺少当日行情,强势归纳版：这类形态历史胜率不占优，先留给更干净的强势样本。,v4
2026-05-07,002015,协鑫能科,42,11555.0,10jqka,post_close,2026-05-07 15:00:00,2026-05-06,2,2,31.0,-11.0,ok,2026-05-07,20.39,20.59,20.91,20.1,2425702.0,5.43,10.17,12.45,0.605,1.67,7.88,6.84,10.76,-10.44,0.395,False,False,0.0,,,,,False,,,,强势,68.83,0.97,3.69,0,2026-05-07,common_index_cache,0.48,1.18,1.45,2.29,4.31,5.05,4.46,8.76,44.4,不推送,False,人气Top50；当日上涨；温和放量；近5日趋势升温；站上20日线且不过热；连续上榜确认；市场强势且个股相对强势,v4乖离率过大；v4长上影承接转弱,强势归纳版：这类形态历史胜率不占优，先留给更干净的强势样本。,v4
2026-05-07,300308,中际旭创,43,11521.0,10jqka,post_close,2026-05-07 15:00:00,2026-05-06,2,2,67.0,24.0,ok,2026-05-07,858.0,877.47,889.15,835.0,277190.0,2.51,3.84,2.5,0.784,1.0,2.99,1.47,8.5,-4.52,0.216,False,False,0.0,,,,,False,,,,强势,68.83,0.97,3.69,0,2026-05-07,common_index_cache,0.48,1.18,1.45,2.29,4.31,5.05,1.54,-1.19,56.4,不推送,False,人气Top50；收盘承接较强；温和放量；站上20日线且不过热；连续上榜确认；人气排名明显上升；市场强势且个股相对强势,-,强势归纳版：这类形态历史胜率不占优，先留给更干净的强势样本。,v4
2026-05-07,600673,东阳光,44,11425.0,10jqka,post_close,2026-05-07 15:00:00,2026-05-06,2,2,27.0,-17.0,missing_price_file,,,,,,,,,,,,,,,,,,,,,,17.14,17.14,True,,,,强势,68.83,0.97,3.69,0,2026-05-07,common_index_cache,0.48,1.18,1.45,2.29,4.31,5.05,,,9.0,不推送,False,人气Top50；连续上榜确认；v4主力资金强净流入；v4龙虎榜活跃,缺少当日行情,强势归纳版：这类形态历史胜率不占优，先留给更干净的强势样本。,v4
2026-05-07,300136,信维通信,45,11390.0,10jqka,post_close,2026-05-07 15:00:00,2026-05-06,2,2,91.0,46.0,missing_price_file,,,,,,,,,,,,,,,,,,,,,,,,False,,,,强势,68.83,0.97,3.69,0,2026-05-07,common_index_cache,0.48,1.18,1.45,2.29,4.31,5.05,,,0.0,不推送,False,人气Top50；连续上榜确认；人气排名明显上升,缺少当日行情,强势归纳版：这类形态历史胜率不占优，先留给更干净的强势样本。,v4
2026-05-07,603618,杭电股份,46,11346.0,10jqka,post_close,2026-05-07 15:00:00,2026-05-06,2,2,36.0,-10.0,missing_price_file,,,,,,,,,,,,,,,,,,,,杭电股份:股东减持股份计划公告 | 杭电股份:关于召开2025年度暨2026年第一季度业绩说明会的公告,股东/实际控制人股份减持 | 其他 | 杭电股份:股东减持股份计划公告 | 杭电股份:关于召开2025年度暨2026年第一季度业绩说明会的公告,,,False,,,,强势,68.83,0.97,3.69,0,2026-05-07,common_index_cache,0.48,1.18,1.45,2.29,4.31,5.05,,,0.0,不推送,False,人气Top50；连续上榜确认,缺少当日行情；v4事件风险扣分（减持）,强势归纳版：这类形态历史胜率不占优，先留给更干净的强势样本。,v4
2026-05-07,601669,中国电建,47,11142.0,10jqka,post_close,2026-05-07 15:00:00,2026-05-07,1,1,,,missing_price_file,,,,,,,,,,,,,,,,,,,,,,,,False,,,,强势,68.83,0.97,3.69,0,2026-05-07,common_index_cache,0.48,1.18,1.45,2.29,4.31,5.05,,,0.0,不推送,False,人气Top50,缺少当日行情,强势归纳版：这类形态历史胜率不占优，先留给更干净的强势样本。,v4
2026-05-07,002044,美年健康,48,10938.0,10jqka,post_close,2026-05-07 15:00:00,2026-05-06,2,2,50.0,2.0,missing_price_file,,,,,,,,,,,,,,,,,,,,,,,,False,,,,强势,68.83,0.97,3.69,0,2026-05-07,common_index_cache,0.48,1.18,1.45,2.29,4.31,5.05,,,0.0,不推送,False,人气Top50；连续上榜确认,缺少当日行情,强势归纳版：这类形态历史胜率不占优，先留给更干净的强势样本。,v4
2026-05-07,002407,多氟多,49,10826.0,10jqka,post_close,2026-05-07 15:00:00,2026-05-06,2,2,30.0,-19.0,ok,2026-05-07,37.4,37.54,38.04,36.65,1468894.0,-1.52,4.66,8.75,0.64,0.76,3.36,9.43,18.38,-3.74,0.36,False,False,0.0,,,,,False,,,,强势,68.83,0.97,3.69,0,2026-05-07,common_index_cache,0.48,1.18,1.45,2.29,4.31,5.05,-2.49,5.06,27.4,不推送,False,人气Top50；近5日趋势升温；站上20日线且不过热；连续上榜确认；市场强势且个股相对强势；v4多头排列技术加分；v4沿短均线抬升,当日转弱；v4短线偏离MA5过多；v4远离短中期均线；v4长上影承接转弱,强势归纳版：这类形态历史胜率不占优，先留给更干净的强势样本。,v4
2026-05-07,603019,中科曙光,50,10791.0,10jqka,post_close,2026-05-07 15:00:00,2026-05-06,2,2,49.0,-1.0,missing_price_file,,,,,,,,,,,,,,,,,,,,中科曙光:中科曙光关于向不特定对象发行可转换公司债券审核问询函回复的提示性公告 | 中科曙光:关于曙光信息产业股份有限公司向不特定对象发行可转换公司债券申请文件的审核问询函之回复报告 | 中科曙光:中科曙光第六届董事会第一次会议决议公告,回复问询函公告 | 高管人员任职变动 | 会计师事务所问询函回复公告 | 中科曙光:中科曙光关于向不特定对象发行可转换公司债券审核问询函回复的提示性公告 | 中科曙光:关于曙光信息产业股份有限公司向不特定对象发行可转换公司债券申请文件的审核问询函之回复报告 | 中科曙光:中科曙光第六届董事会第一次会议决议公告,,,False,,,,强势,68.83,0.97,3.69,0,2026-05-07,common_index_cache,0.48,1.18,1.45,2.29,4.31,5.05,,,0.0,不推送,False,人气Top50；连续上榜确认,缺少当日行情；v4事件风险扣分（问询）,强势归纳版：这类形态历史胜率不占优，先留给更干净的强势样本。,v4
2026-05-07,000062,深圳华强,51,10748.0,10jqka,post_close,2026-05-07 15:00:00,2026-05-06,2,2,9.0,-42.0,missing_price_file,,,,,,,,,,,,,,,,,,,,深圳华强:关于因可交换债券换股导致控股股东权益变动触及1%整数倍的公告,权益变动报告书 | 深圳华强:关于因可交换债券换股导致控股股东权益变动触及1%整数倍的公告,-2.3,-2.3,False,,,,强势,68.83,0.97,3.69,0,2026-05-07,common_index_cache,0.48,1.18,1.45,2.29,4.31,5.05,,,0.0,不推送,False,连续上榜确认,人气排名明显回落；缺少当日行情；v4主力资金净流出,强势归纳版：这类形态历史胜率不占优，先留给更干净的强势样本。,v4
2026-05-07,000889,中嘉博创,52,10578.0,10jqka,post_close,2026-05-07 15:00:00,2026-05-07,1,1,,,missing_price_file,,,,,,,,,,,,,,,,,,,,,,28.34,28.34,False,,,,强势,68.83,0.97,3.69,0,2026-05-07,common_index_cache,0.48,1.18,1.45,2.29,4.31,5.05,,,0.0,不推送,False,v4主力资金强净流入,缺少当日行情,强势归纳版：这类形态历史胜率不占优，先留给更干净的强势样本。,v4
2026-05-07,688256,寒武纪,53,10538.0,10jqka,post_close,2026-05-07 15:00:00,2026-05-06,2,2,12.0,-41.0,ok,2026-05-07,1223.79,1252.68,1264.45,1202.21,10998270.0,2.36,31.9,37.73,0.811,0.9,14.14,25.54,36.74,-4.99,0.189,False,False,0.0,,,,,False,,,,强势,68.83,0.97,3.69,0,2026-05-07,common_index_cache,0.48,1.18,1.45,2.29,4.31,5.05,1.39,34.04,27.4,不推送,False,收盘承接较强；温和放量；近5日强势延续；连续上榜确认；市场强势且个股相对强势；v4多头排列技术加分,短线涨幅偏高；偏离20日线较大；人气排名明显回落；v4乖离率过大；v4远离短中期均线,强势归纳版：这类形态历史胜率不占优，先留给更干净的强势样本。,v4
2026-05-07,600759,ST洲际,54,10502.0,10jqka,post_close,2026-05-07 15:00:00,2026-05-06,2,2,32.0,-22.0,ok,2026-05-07,4.22,4.22,4.22,4.22,25898.0,-4.95,-14.23,-18.38,1.0,0.02,-9.94,-14.61,-18.95,-53.58,,False,False,0.0,ST洲际:洲际油气股份有限公司股票交易异常波动公告,股票交易异常波动 | ST洲际:洲际油气股份有限公司股票交易异常波动公告,,,False,,,,强势,68.83,0.97,3.69,0,2026-05-07,common_index_cache,0.48,1.18,1.45,2.29,4.31,5.05,-5.92,-22.07,0.0,不推送,False,收在日内高位；连续上榜确认,当日转弱；量能不足；近5日趋势未确认；仍在20日线下方；人气排名明显回落；强势市里个股相对走弱；v4跌破短均线；v4事件谨慎扣分（异常波动）,强势归纳版：这类形态历史胜率不占优，先留给更干净的强势样本。,v4
2026-05-07,301308,江波龙,55,10262.0,10jqka,post_close,2026-05-07 15:00:00,2026-05-06,2,2,11.0,-44.0,ok,2026-05-07,490.0,483.33,508.58,480.77,308884.0,0.41,16.66,22.84,0.092,1.36,11.79,19.48,27.88,-4.96,0.668,False,False,0.0,江波龙:2026年4月30日投资者关系活动记录表,调研活动 | 江波龙:2026年4月30日投资者关系活动记录表,,,False,,,,强势,68.83,0.97,3.69,0,2026-05-07,common_index_cache,0.48,1.18,1.45,2.29,4.31,5.05,-0.56,19.15,2.4,不推送,False,温和放量；近5日趋势升温；站上20日线且不过热；连续上榜确认；市场强势且个股相对强势；v4多头排列技术加分,收盘承接偏弱；人气排名明显回落；上影线偏长；v4乖离率过大；v4远离短中期均线；v4长上影承接转弱；v4正涨但收盘承接一般,强势归纳版：这类形态历史胜率不占优，先留给更干净的强势样本。,v4
2026-05-07,600111,北方稀土,56,10220.0,10jqka,post_close,2026-05-07 15:00:00,2026-05-06,2,2,33.0,-23.0,missing_price_file,,,,,,,,,,,,,,,,,,,,,,,,False,,,,强势,68.83,0.97,3.69,0,2026-05-07,common_index_cache,0.48,1.18,1.45,2.29,4.31,5.05,,,0.0,不推送,False,连续上榜确认,人气排名明显回落；缺少当日行情,强势归纳版：这类形态历史胜率不占优，先留给更干净的强势样本。,v4
2026-05-07,601208,东材科技,57,10189.0,10jqka,post_close,2026-05-07 15:00:00,2026-05-07,1,1,,,missing_price_file,,,,,,,,,,,,,,,,,,,,东材科技:四川东材科技集团股份有限公司部分董事、高级管理人员减持股份计划公告,高管人员持股变动 | 东材科技:四川东材科技集团股份有限公司部分董事、高级管理人员减持股份计划公告,,,False,,,,强势,68.83,0.97,3.69,0,2026-05-07,common_index_cache,0.48,1.18,1.45,2.29,4.31,5.05,,,0.0,不推送,False,-,缺少当日行情；v4事件风险扣分（减持）,强势归纳版：这类形态历史胜率不占优，先留给更干净的强势样本。,v4
2026-05-07,002115,三维通信,58,10174.0,10jqka,post_close,2026-05-07 15:00:00,2026-05-07,1,1,,,missing_price_file,,,,,,,,,,,,,,,,,,,,三维通信:关于参加浙江辖区上市公司2026年投资者网上集体接待日活动暨召开2025年度业绩说明会的公告,调研活动 | 三维通信:关于参加浙江辖区上市公司2026年投资者网上集体接待日活动暨召开2025年度业绩说明会的公告,,,False,,,,强势,68.83,0.97,3.69,0,2026-05-07,common_index_cache,0.48,1.18,1.45,2.29,4.31,5.05,,,0.0,不推送,False,-,缺少当日行情,强势归纳版：这类形态历史胜率不占优，先留给更干净的强势样本。,v4
2026-05-07,000818,航锦科技,59,10112.0,10jqka,post_close,2026-05-07 15:00:00,2026-05-07,1,1,,,missing_price_file,,,,,,,,,,,,,,,,,,,,,,14.23,14.23,False,,,,强势,68.83,0.97,3.69,0,2026-05-07,common_index_cache,0.48,1.18,1.45,2.29,4.31,5.05,,,0.0,不推送,False,v4主力资金强净流入,缺少当日行情,强势归纳版：这类形态历史胜率不占优，先留给更干净的强势样本。,v4
2026-05-07,002342,巨力索具,60,9905.0,10jqka,post_close,2026-05-07 15:00:00,2026-05-06,2,2,46.0,-14.0,ok,2026-05-07,19.9,22.12,22.12,19.76,2728879.0,10.0,17.04,20.09,1.0,1.39,11.25,12.05,21.41,0.0,0.0,True,False,0.0,,,,,True,,,,强势,68.83,0.97,3.69,0,2026-05-07,common_index_cache,0.48,1.18,1.45,2.29,4.31,5.05,9.03,16.4,78.4,观察池,False,当日涨停附近；收在日内高位；温和放量；近5日趋势升温；站上20日线且不过热；连续上榜确认；市场强势且个股相对强势；v4多头排列技术加分；v4龙虎榜提示关注,v4乖离率过大；v4远离短中期均线；涨停封板不可买,涨停封板不可买，放观察池跟踪,v4
2026-05-07,603538,美诺华,61,9898.0,10jqka,post_close,2026-05-07 15:00:00,2026-05-06,2,2,26.0,-35.0,missing_price_file,,,,,,,,,,,,,,,,,,,,美诺华:宁波美诺华药业股份有限公司关于实施“美诺转债”赎回暨摘牌的最后一次提示性公告,其他 | 美诺华:宁波美诺华药业股份有限公司关于实施“美诺转债”赎回暨摘牌的最后一次提示性公告,,,True,,,,强势,68.83,0.97,3.69,0,2026-05-07,common_index_cache,0.48,1.18,1.45,2.29,4.31,5.05,,,0.0,不推送,False,连续上榜确认；v4龙虎榜活跃,人气排名明显回落；缺少当日行情,强势归纳版：这类形态历史胜率不占优，先留给更干净的强势样本。,v4
2026-05-07,603803,瑞斯康达,62,9872.0,10jqka,post_close,2026-05-07 15:00:00,2026-05-07,1,1,,,missing_price_file,,,,,,,,,,,,,,,,,,,,,,,,False,,,,强势,68.83,0.97,3.69,0,2026-05-07,common_index_cache,0.48,1.18,1.45,2.29,4.31,5.05,,,0.0,不推送,False,-,缺少当日行情,强势归纳版：这类形态历史胜率不占优，先留给更干净的强势样本。,v4
2026-05-07,603601,再升科技,63,9669.0,10jqka,post_close,2026-05-07 15:00:00,2026-05-06,2,2,41.0,-22.0,ok,2026-05-07,16.99,17.32,17.39,16.5,2561849.0,3.53,13.95,15.93,0.921,1.07,7.77,10.52,15.75,-0.69,0.079,False,False,0.0,,,,,False,,,,强势,68.83,0.97,3.69,0,2026-05-07,common_index_cache,0.48,1.18,1.45,2.29,4.31,5.05,2.56,12.24,58.4,不推送,False,当日上涨；收在日内高位；温和放量；近5日趋势升温；站上20日线且不过热；连续上榜确认；市场强势且个股相对强势；v4多头排列技术加分,人气排名明显回落；v4乖离率过大；v4远离短中期均线,强势归纳版：这类形态历史胜率不占优，先留给更干净的强势样本。,v4
2026-05-07,600158,中体产业,64,9660.0,10jqka,post_close,2026-05-07 15:00:00,2026-05-07,1,1,,,ok,2026-05-07,12.45,13.27,13.57,12.45,1820459.0,7.54,23.21,24.37,0.732,2.22,13.55,18.33,17.05,-2.21,0.268,False,False,0.0,,,,,True,,,,强势,68.83,0.97,3.69,0,2026-05-07,common_index_cache,0.48,1.18,1.45,2.29,4.31,5.05,6.57,20.68,25.4,不推送,False,当日强涨；放量仍可控；近5日趋势升温；站上20日线且不过热；市场强势且个股相对强势；v4龙虎榜活跃,v4乖离率过大；v4远离短中期均线；v4放量冲高过热,强势归纳版：这类形态历史胜率不占优，先留给更干净的强势样本。,v4
2026-05-07,002565,顺灏股份,65,9656.0,10jqka,post_close,2026-05-07 15:00:00,2026-05-06,2,2,82.0,17.0,missing_price_file,,,,,,,,,,,,,,,,,,,,顺灏股份:关于回购公司股份进展的公告,回购进展情况 | 顺灏股份:关于回购公司股份进展的公告,,,False,,,,强势,68.83,0.97,3.69,0,2026-05-07,common_index_cache,0.48,1.18,1.45,2.29,4.31,5.05,,,0.0,不推送,False,连续上榜确认；人气排名明显上升；v4事件催化加分（回购）,缺少当日行情,强势归纳版：这类形态历史胜率不占优，先留给更干净的强势样本。,v4
2026-05-07,002428,云南锗业,66,9613.0,10jqka,post_close,2026-05-07 15:00:00,2026-05-06,2,2,21.0,-45.0,missing_price_file,,,,,,,,,,,,,,,,,,,,云南锗业:2026年5月7日投资者关系活动记录表,调研活动 | 云南锗业:2026年5月7日投资者关系活动记录表,,,False,,,,强势,68.83,0.97,3.69,0,2026-05-07,common_index_cache,0.48,1.18,1.45,2.29,4.31,5.05,,,0.0,不推送,False,连续上榜确认,人气排名明显回落；缺少当日行情,强势归纳版：这类形态历史胜率不占优，先留给更干净的强势样本。,v4
2026-05-07,603026,石大胜华,67,9608.0,10jqka,post_close,2026-05-07 15:00:00,2026-05-07,1,1,,,missing_price_file,,,,,,,,,,,,,,,,,,,,石大胜华:石大胜华2026年第四次临时股东会会议材料,股东大会资料 | 石大胜华:石大胜华2026年第四次临时股东会会议材料,,,True,,,,强势,68.83,0.97,3.69,0,2026-05-07,common_index_cache,0.48,1.18,1.45,2.29,4.31,5.05,,,0.0,不推送,False,v4龙虎榜活跃,缺少当日行情,强势归纳版：这类形态历史胜率不占优，先留给更干净的强势样本。,v4
2026-05-07,600330,天通股份,68,9494.0,10jqka,post_close,2026-05-07 15:00:00,2026-05-06,2,2,75.0,7.0,missing_price_file,,,,,,,,,,,,,,,,,,,,天通股份:2025年年度股东会会议资料 | 天通股份:天通股份关于2025年年度暨2026年第一季度业绩说明会召开情况的公告,股东大会资料 | 其他 | 天通股份:2025年年度股东会会议资料 | 天通股份:天通股份关于2025年年度暨2026年第一季度业绩说明会召开情况的公告,,,False,0.9244393607607873,0.1770042330209294,,强势,68.83,0.97,3.69,0,2026-05-07,common_index_cache,0.48,1.18,1.45,2.29,4.31,5.05,,,0.0,不推送,False,连续上榜确认；v4筹码集中加分,缺少当日行情；v4获利盘结构偏弱,强势归纳版：这类形态历史胜率不占优，先留给更干净的强势样本。,v4
2026-05-07,603799,华友钴业,69,9428.0,10jqka,post_close,2026-05-07 15:00:00,2026-05-07,1,1,,,missing_price_file,,,,,,,,,,,,,,,,,,,,华友钴业:华友钴业关于拟收购AtlanticLithiumLimited股权的公告,收购出售资产/股权 | 华友钴业:华友钴业关于拟收购AtlanticLithiumLimited股权的公告,,,False,,,,强势,68.83,0.97,3.69,0,2026-05-07,common_index_cache,0.48,1.18,1.45,2.29,4.31,5.05,,,0.0,不推送,False,-,缺少当日行情,强势归纳版：这类形态历史胜率不占优，先留给更干净的强势样本。,v4
2026-05-07,603778,国晟科技,70,9380.0,10jqka,post_close,2026-05-07 15:00:00,2026-05-06,2,2,60.0,-10.0,ok,2026-05-07,28.16,25.91,29.46,25.12,1161079.0,-7.17,-5.33,-1.71,0.182,1.95,-2.64,-3.17,-7.84,-24.39,0.3,False,False,0.0,,,,,True,,,,强势,68.83,0.97,3.69,0,2026-05-07,common_index_cache,0.48,1.18,1.45,2.29,4.31,5.05,-8.14,-5.4,0.0,不推送,False,放量仍可控；连续上榜确认；v4龙虎榜提示关注,当日转弱；收盘承接偏弱；近5日趋势未确认；仍在20日线下方；强势市里个股相对走弱；v4跌破短均线,强势归纳版：这类形态历史胜率不占优，先留给更干净的强势样本。,v4
2026-05-07,603986,兆易创新,71,9245.0,10jqka,post_close,2026-05-07 15:00:00,2026-05-06,2,2,23.0,-48.0,ok,2026-05-07,347.0,350.16,357.36,339.0,523879.0,1.7,13.36,15.4,0.608,1.24,7.82,11.16,19.64,-2.01,0.392,False,False,0.0,,,,,False,,,,强势,68.83,0.97,3.69,0,2026-05-07,common_index_cache,0.48,1.18,1.45,2.29,4.31,5.05,0.73,11.71,28.4,不推送,False,温和放量；近5日趋势升温；站上20日线且不过热；连续上榜确认；市场强势且个股相对强势；v4多头排列技术加分,人气排名明显回落；v4乖离率过大；v4远离短中期均线；v4长上影承接转弱,强势归纳版：这类形态历史胜率不占优，先留给更干净的强势样本。,v4
2026-05-07,600816,建元信托,72,9224.0,10jqka,post_close,2026-05-07 15:00:00,2026-05-07,1,1,,,missing_price_file,,,,,,,,,,,,,,,,,,,,,,,,False,,,,强势,68.83,0.97,3.69,0,2026-05-07,common_index_cache,0.48,1.18,1.45,2.29,4.31,5.05,,,0.0,不推送,False,-,缺少当日行情,强势归纳版：这类形态历史胜率不占优，先留给更干净的强势样本。,v4
2026-05-07,002655,共达电声,73,9171.0,10jqka,post_close,2026-05-07 15:00:00,2026-05-07,1,1,,,missing_price_file,,,,,,,,,,,,,,,,,,,,共达电声:共达电声股份有限公司关于控股股东的一致行动人增持公司股份权益变动触及1%整数倍暨增持计划进展情况的公告,权益变动报告书 | 共达电声:共达电声股份有限公司关于控股股东的一致行动人增持公司股份权益变动触及1%整数倍暨增持计划进展情况的公告,,,False,,,,强势,68.83,0.97,3.69,0,2026-05-07,common_index_cache,0.48,1.18,1.45,2.29,4.31,5.05,,,0.0,不推送,False,v4事件催化加分（增持）,缺少当日行情,强势归纳版：这类形态历史胜率不占优，先留给更干净的强势样本。,v4
2026-05-07,000592,平潭发展,74,9107.0,10jqka,post_close,2026-05-07 15:00:00,2026-05-07,1,1,,,missing_price_file,,,,,,,,,,,,,,,,,,,,,,12.96,12.96,False,,,,强势,68.83,0.97,3.69,0,2026-05-07,common_index_cache,0.48,1.18,1.45,2.29,4.31,5.05,,,0.0,不推送,False,v4主力资金强净流入,缺少当日行情,强势归纳版：这类形态历史胜率不占优，先留给更干净的强势样本。,v4
2026-05-07,600736,苏州高新,75,9065.0,10jqka,post_close,2026-05-07 15:00:00,2026-05-07,1,1,,,missing_price_file,,,,,,,,,,,,,,,,,,,,,,,,False,,,,强势,68.83,0.97,3.69,0,2026-05-07,common_index_cache,0.48,1.18,1.45,2.29,4.31,5.05,,,0.0,不推送,False,-,缺少当日行情,强势归纳版：这类形态历史胜率不占优，先留给更干净的强势样本。,v4
2026-05-07,600770,综艺股份,76,9038.0,10jqka,post_close,2026-05-07 15:00:00,2026-05-06,2,2,51.0,-25.0,missing_price_file,,,,,,,,,,,,,,,,,,,,,,,,False,,,,强势,68.83,0.97,3.69,0,2026-05-07,common_index_cache,0.48,1.18,1.45,2.29,4.31,5.05,,,0.0,不推送,False,连续上榜确认,人气排名明显回落；缺少当日行情,强势归纳版：这类形态历史胜率不占优，先留给更干净的强势样本。,v4
2026-05-07,601899,紫金矿业,77,8978.0,10jqka,post_close,2026-05-07 15:00:00,2026-05-06,2,2,56.0,-21.0,ok,2026-05-07,34.84,34.46,35.17,34.12,3360414.0,0.73,0.94,2.68,0.324,1.22,1.92,0.61,0.55,-18.65,0.314,False,False,0.0,,,,,False,,,,强势,68.83,0.97,3.69,0,2026-05-07,common_index_cache,0.48,1.18,1.45,2.29,4.31,5.05,-0.24,-1.01,6.0,不推送,False,温和放量；站上20日线且不过热；连续上榜确认,收盘承接偏弱；人气排名明显回落；v4正涨但收盘承接一般,强势归纳版：这类形态历史胜率不占优，先留给更干净的强势样本。,v4
2026-05-07,600884,杉杉股份,78,8564.0,10jqka,post_close,2026-05-07 15:00:00,2026-05-06,2,2,38.0,-40.0,missing_price_file,,,,,,,,,,,,,,,,,,,,杉杉股份:杉杉股份关于已回购股份集中竞价减持的进展公告 | 杉杉股份:杉杉股份关于2026年4月份提供担保的公告,股东/实际控制人股份减持 | 提供/对外担保公告 | 杉杉股份:杉杉股份关于已回购股份集中竞价减持的进展公告 | 杉杉股份:杉杉股份关于2026年4月份提供担保的公告,,,False,,,,强势,68.83,0.97,3.69,0,2026-05-07,common_index_cache,0.48,1.18,1.45,2.29,4.31,5.05,,,0.0,不推送,False,连续上榜确认；v4事件催化加分（回购）,人气排名明显回落；缺少当日行情；v4事件风险扣分（减持）,强势归纳版：这类形态历史胜率不占优，先留给更干净的强势样本。,v4
2026-05-07,300068,ST南都,79,8456.0,10jqka,post_close,2026-05-07 15:00:00,2026-05-07,1,1,,,missing_price_file,,,,,,,,,,,,,,,,,,,,ST南都:关于股票交易严重异常波动的公告,股票交易异常波动 | ST南都:关于股票交易严重异常波动的公告,,,True,,,,强势,68.83,0.97,3.69,0,2026-05-07,common_index_cache,0.48,1.18,1.45,2.29,4.31,5.05,,,0.0,不推送,False,v4龙虎榜活跃,缺少当日行情；v4事件谨慎扣分（异常波动）,强势归纳版：这类形态历史胜率不占优，先留给更干净的强势样本。,v4
2026-05-07,000833,粤桂股份,80,8442.0,10jqka,post_close,2026-05-07 15:00:00,2026-05-07,1,1,,,missing_price_file,,,,,,,,,,,,,,,,,,,,,,-17.07,-17.07,True,,,,强势,68.83,0.97,3.69,0,2026-05-07,common_index_cache,0.48,1.18,1.45,2.29,4.31,5.05,,,0.0,不推送,False,v4龙虎榜活跃,缺少当日行情；v4主力资金强净流出,强势归纳版：这类形态历史胜率不占优，先留给更干净的强势样本。,v4
2026-05-07,002498,汉缆股份,81,8421.0,10jqka,post_close,2026-05-07 15:00:00,2026-05-07,1,1,,,missing_price_file,,,,,,,,,,,,,,,,,,,,,,,,False,,,,强势,68.83,0.97,3.69,0,2026-05-07,common_index_cache,0.48,1.18,1.45,2.29,4.31,5.05,,,0.0,不推送,False,-,缺少当日行情,强势归纳版：这类形态历史胜率不占优，先留给更干净的强势样本。,v4
2026-05-07,002176,江特电机,82,8391.0,10jqka,post_close,2026-05-07 15:00:00,2026-05-06,2,2,80.0,-2.0,missing_price_file,,,,,,,,,,,,,,,,,,,,,,,,False,,,,强势,68.83,0.97,3.69,0,2026-05-07,common_index_cache,0.48,1.18,1.45,2.29,4.31,5.05,,,0.0,不推送,False,连续上榜确认,缺少当日行情,强势归纳版：这类形态历史胜率不占优，先留给更干净的强势样本。,v4
2026-05-07,300476,胜宏科技,83,8333.0,10jqka,post_close,2026-05-07 15:00:00,2026-05-07,1,1,,,missing_price_file,,,,,,,,,,,,,,,,,,,,胜宏科技:H股公告-证券变动月报表,其他 | 胜宏科技:H股公告-证券变动月报表,,,False,,,,强势,68.83,0.97,3.69,0,2026-05-07,common_index_cache,0.48,1.18,1.45,2.29,4.31,5.05,,,0.0,不推送,False,-,缺少当日行情,强势归纳版：这类形态历史胜率不占优，先留给更干净的强势样本。,v4
2026-05-07,600584,长电科技,84,8242.0,10jqka,post_close,2026-05-07 15:00:00,2026-05-06,2,2,53.0,-31.0,ok,2026-05-07,48.9,48.76,49.5,47.47,1321662.0,1.16,9.92,5.27,0.635,1.27,5.1,6.66,10.09,-3.12,0.296,False,False,0.0,,,,,False,,,,强势,68.83,0.97,3.69,0,2026-05-07,common_index_cache,0.48,1.18,1.45,2.29,4.31,5.05,0.19,1.58,38.0,不推送,False,温和放量；近5日趋势升温；站上20日线且不过热；连续上榜确认；v4多头排列技术加分,人气排名明显回落；v4乖离率过大,强势归纳版：这类形态历史胜率不占优，先留给更干净的强势样本。,v4
2026-05-07,600821,金开新能,85,8210.0,10jqka,post_close,2026-05-07 15:00:00,2026-05-06,2,2,45.0,-40.0,missing_price_file,,,,,,,,,,,,,,,,,,,,,,,,False,,,,强势,68.83,0.97,3.69,0,2026-05-07,common_index_cache,0.48,1.18,1.45,2.29,4.31,5.05,,,0.0,不推送,False,连续上榜确认,人气排名明显回落；缺少当日行情,强势归纳版：这类形态历史胜率不占优，先留给更干净的强势样本。,v4
2026-05-07,002929,润建股份,86,8162.0,10jqka,post_close,2026-05-07 15:00:00,2026-05-07,1,1,,,ok,2026-05-07,70.0,71.12,71.12,68.7,64225.0,10.01,31.1,28.49,1.0,0.33,16.71,21.32,23.34,0.0,0.0,True,False,0.0,,,,,True,1.0,0.1389156611554864,,强势,68.83,0.97,3.69,0,2026-05-07,common_index_cache,0.48,1.18,1.45,2.29,4.31,5.05,9.04,24.8,44.4,观察池,False,当日涨停附近；收在日内高位；近5日强势延续；站上20日线且不过热；市场强势且个股相对强势；v4多头排列技术加分；v4筹码集中加分；v4龙虎榜提示关注,量能不足；短线涨幅偏高；v4乖离率过大；v4远离短中期均线；v4获利盘结构偏弱；涨停封板不可买,涨停封板不可买，放观察池跟踪,v4
2026-05-07,603738,泰晶科技,87,8157.0,10jqka,post_close,2026-05-07 15:00:00,2026-05-07,1,1,,,missing_price_file,,,,,,,,,,,,,,,,,,,,,,,,False,,,,强势,68.83,0.97,3.69,0,2026-05-07,common_index_cache,0.48,1.18,1.45,2.29,4.31,5.05,,,0.0,不推送,False,-,缺少当日行情,强势归纳版：这类形态历史胜率不占优，先留给更干净的强势样本。,v4
2026-05-07,600666,奥瑞德,88,8113.0,10jqka,post_close,2026-05-07 15:00:00,2026-05-06,2,2,71.0,-17.0,missing_price_file,,,,,,,,,,,,,,,,,,,,,,,,False,,,,强势,68.83,0.97,3.69,0,2026-05-07,common_index_cache,0.48,1.18,1.45,2.29,4.31,5.05,,,0.0,不推送,False,连续上榜确认,缺少当日行情,强势归纳版：这类形态历史胜率不占优，先留给更干净的强势样本。,v4
2026-05-07,600176,中国巨石,89,8106.0,10jqka,post_close,2026-05-07 15:00:00,2026-05-06,2,2,88.0,-1.0,missing_price_file,,,,,,,,,,,,,,,,,,,,,,,,False,,,,强势,68.83,0.97,3.69,0,2026-05-07,common_index_cache,0.48,1.18,1.45,2.29,4.31,5.05,,,0.0,不推送,False,连续上榜确认,缺少当日行情,强势归纳版：这类形态历史胜率不占优，先留给更干净的强势样本。,v4
2026-05-07,603256,宏和科技,90,8091.0,10jqka,post_close,2026-05-07 15:00:00,2026-05-07,1,1,,,missing_price_file,,,,,,,,,,,,,,,,,,,,,,,,False,,,,强势,68.83,0.97,3.69,0,2026-05-07,common_index_cache,0.48,1.18,1.45,2.29,4.31,5.05,,,0.0,不推送,False,-,缺少当日行情,强势归纳版：这类形态历史胜率不占优，先留给更干净的强势样本。,v4
2026-05-07,600208,衢州发展,91,8087.0,10jqka,post_close,2026-05-07 15:00:00,2026-05-07,1,1,,,missing_price_file,,,,,,,,,,,,,,,,,,,,衢州发展:关于股份回购进展公告,回购进展情况 | 衢州发展:关于股份回购进展公告,,,True,,,,强势,68.83,0.97,3.69,0,2026-05-07,common_index_cache,0.48,1.18,1.45,2.29,4.31,5.05,,,0.0,不推送,False,v4龙虎榜活跃；v4事件催化加分（回购）,缺少当日行情,强势归纳版：这类形态历史胜率不占优，先留给更干净的强势样本。,v4
2026-05-07,301666,大普微,92,7943.0,10jqka,post_close,2026-05-07 15:00:00,2026-05-06,2,2,95.0,3.0,missing_price_file,,,,,,,,,,,,,,,,,,,,大普微:股票交易异常波动公告,股票交易异常波动 | 大普微:股票交易异常波动公告,,,True,,,,强势,68.83,0.97,3.69,0,2026-05-07,common_index_cache,0.48,1.18,1.45,2.29,4.31,5.05,,,0.0,不推送,False,连续上榜确认；v4龙虎榜活跃,缺少当日行情；v4事件谨慎扣分（异常波动）,强势归纳版：这类形态历史胜率不占优，先留给更干净的强势样本。,v4
2026-05-07,300014,亿纬锂能,93,7911.0,10jqka,post_close,2026-05-07 15:00:00,2026-05-07,1,1,,,missing_price_file,,,,,,,,,,,,,,,,,,,,亿纬锂能:关于亿纬转债摘牌的公告 | 亿纬锂能:关于亿纬转债赎回结果的公告,其他 | 亿纬锂能:关于亿纬转债摘牌的公告 | 亿纬锂能:关于亿纬转债赎回结果的公告,,,False,,,,强势,68.83,0.97,3.69,0,2026-05-07,common_index_cache,0.48,1.18,1.45,2.29,4.31,5.05,,,0.0,不推送,False,-,缺少当日行情,强势归纳版：这类形态历史胜率不占优，先留给更干净的强势样本。,v4
2026-05-07,002463,沪电股份,94,7843.0,10jqka,post_close,2026-05-07 15:00:00,2026-05-07,1,1,,,missing_price_file,,,,,,,,,,,,,,,,,,,,沪电股份:2026年5月7日投资者关系活动记录表,调研活动 | 沪电股份:2026年5月7日投资者关系活动记录表,,,False,,,,强势,68.83,0.97,3.69,0,2026-05-07,common_index_cache,0.48,1.18,1.45,2.29,4.31,5.05,,,0.0,不推送,False,-,缺少当日行情,强势归纳版：这类形态历史胜率不占优，先留给更干净的强势样本。,v4
2026-05-07,002192,融捷股份,95,7739.0,10jqka,post_close,2026-05-07 15:00:00,2026-05-07,1,1,,,missing_price_file,,,,,,,,,,,,,,,,,,,,,,,,False,,,,强势,68.83,0.97,3.69,0,2026-05-07,common_index_cache,0.48,1.18,1.45,2.29,4.31,5.05,,,0.0,不推送,False,-,缺少当日行情,强势归纳版：这类形态历史胜率不占优，先留给更干净的强势样本。,v4
2026-05-07,002460,赣锋锂业,96,7729.0,10jqka,post_close,2026-05-07 15:00:00,2026-05-07,1,1,,,missing_price_file,,,,,,,,,,,,,,,,,,,,赣锋锂业:H股公告(证券变动月报表),其他 | 赣锋锂业:H股公告(证券变动月报表),,,False,,,,强势,68.83,0.97,3.69,0,2026-05-07,common_index_cache,0.48,1.18,1.45,2.29,4.31,5.05,,,0.0,不推送,False,-,缺少当日行情,强势归纳版：这类形态历史胜率不占优，先留给更干净的强势样本。,v4
2026-05-07,300390,天华新能,97,7723.0,10jqka,post_close,2026-05-07 15:00:00,2026-05-07,1,1,,,missing_price_file,,,,,,,,,,,,,,,,,,,,,,,,False,,,,强势,68.83,0.97,3.69,0,2026-05-07,common_index_cache,0.48,1.18,1.45,2.29,4.31,5.05,,,0.0,不推送,False,-,缺少当日行情,强势归纳版：这类形态历史胜率不占优，先留给更干净的强势样本。,v4
2026-05-07,603906,龙蟠科技,98,7656.0,10jqka,post_close,2026-05-07 15:00:00,2026-05-07,1,1,,,missing_price_file,,,,,,,,,,,,,,,,,,,,,,,,False,,,,强势,68.83,0.97,3.69,0,2026-05-07,common_index_cache,0.48,1.18,1.45,2.29,4.31,5.05,,,0.0,不推送,False,-,缺少当日行情,强势归纳版：这类形态历史胜率不占优，先留给更干净的强势样本。,v4
2026-05-07,600703,三安光电,99,7602.0,10jqka,post_close,2026-05-07 15:00:00,2026-05-06,2,2,43.0,-56.0,ok,2026-05-07,14.68,15.14,15.25,14.61,3020065.0,3.13,8.61,2.78,0.828,1.25,5.99,4.21,12.39,-19.34,0.172,False,False,0.0,,,1.93,1.93,False,,,,强势,68.83,0.97,3.69,0,2026-05-07,common_index_cache,0.48,1.18,1.45,2.29,4.31,5.05,2.16,-0.91,40.4,不推送,False,当日上涨；收盘承接较强；温和放量；站上20日线且不过热；连续上榜确认；市场强势且个股相对强势；v4主力资金净流入,人气排名明显回落；v4乖离率过大,强势归纳版：这类形态历史胜率不占优，先留给更干净的强势样本。,v4
2026-05-07,002185,华天科技,100,7569.0,10jqka,post_close,2026-05-07 15:00:00,2026-05-06,2,2,57.0,-43.0,ok,2026-05-07,13.85,13.94,13.98,13.53,2193162.0,2.35,9.16,8.15,0.911,1.29,5.46,7.84,10.28,-10.01,0.089,False,False,0.0,,,,,False,,,,强势,68.83,0.97,3.69,0,2026-05-07,common_index_cache,0.48,1.18,1.45,2.29,4.31,5.05,1.38,4.46,58.4,不推送,False,收在日内高位；温和放量；近5日趋势升温；站上20日线且不过热；连续上榜确认；市场强势且个股相对强势；v4多头排列技术加分,人气排名明显回落；v4乖离率过大,强势归纳版：这类形态历史胜率不占优，先留给更干净的强势样本。,v4
2026-05-08,002361,神剑股份,1,283919.0,10jqka,post_close,2026-05-08 15:00:00,2026-05-06,3,3,40.0,39.0,ok,2026-05-08,21.5,21.9,23.55,21.14,3367630.0,1.39,6.57,9.39,0.315,1.34,3.98,1.82,10.0,-8.56,0.685,False,False,0.0,神剑股份:002361神剑股份投资者关系管理信息20260508,调研活动 | 神剑股份:002361神剑股份投资者关系管理信息20260508,,,True,,,,强势,59.05,-0.41,4.11,0,2026-05-08,common_index_cache,-0.0,-0.5,-0.96,2.48,4.94,5.54,1.8,5.28,45.4,不推送,False,人气Top3；温和放量；近5日趋势升温；站上20日线且不过热；连续上榜确认；人气排名明显上升；市场强势且个股相对强势；v4龙虎榜提示关注,收盘承接偏弱；上影线偏长；v4短线偏离MA5过多；v4长上影承接转弱；v4正涨但收盘承接一般,强势归纳版：这类形态历史胜率不占优，先留给更干净的强势样本。,v4
2026-05-08,000547,航天发展,2,197880.0,10jqka,post_close,2026-05-08 15:00:00,2026-05-08,1,1,,,missing_price_file,,,,,,,,,,,,,,,,,,,,,,27.9,27.9,True,,,,强势,59.05,-0.41,4.11,0,2026-05-08,common_index_cache,-0.0,-0.5,-0.96,2.48,4.94,5.54,,,23.0,不推送,False,人气Top3；v4主力资金强净流入；v4龙虎榜活跃,缺少当日行情,强势归纳版：这类形态历史胜率不占优，先留给更干净的强势样本。,v4
2026-05-08,002342,巨力索具,3,190941.0,10jqka,post_close,2026-05-08 15:00:00,2026-05-06,3,3,60.0,57.0,ok,2026-05-08,22.12,22.11,24.0,21.36,3398478.0,-0.05,11.61,19.64,0.284,1.57,7.28,11.6,18.36,-7.87,0.712,False,False,0.0,,,,,True,,,,强势,59.05,-0.41,4.11,0,2026-05-08,common_index_cache,-0.0,-0.5,-0.96,2.48,4.94,5.54,0.36,15.53,46.4,不推送,False,人气Top3；温和放量；近5日趋势升温；站上20日线且不过热；连续上榜确认；人气排名明显上升；市场强势且个股相对强势；v4多头排列技术加分；v4龙虎榜提示关注,当日转弱；收盘承接偏弱；v4乖离率过大；v4远离短中期均线；v4长上影承接转弱,强势归纳版：这类形态历史胜率不占优，先留给更干净的强势样本。,v4
2026-05-08,000066,中国长城,4,171841.0,10jqka,post_close,2026-05-08 15:00:00,2026-05-06,3,3,1.0,-3.0,ok,2026-05-08,23.78,23.09,24.42,22.68,6605506.0,-3.71,16.5,29.5,0.236,1.87,8.19,21.81,34.37,-5.45,0.368,False,False,0.0,中国长城:股票交易异常波动公告,股票交易异常波动 | 中国长城:股票交易异常波动公告,-12.16,-12.16,False,,,,强势,59.05,-0.41,4.11,0,2026-05-08,common_index_cache,-0.0,-0.5,-0.96,2.48,4.94,5.54,-3.3,25.39,0.4,不推送,False,人气Top10；放量仍可控；近5日强势延续；连续上榜确认；市场强势且个股相对强势；v4多头排列技术加分,当日转弱；收盘承接偏弱；短线涨幅偏高；偏离20日线较大；v4乖离率过大；v4远离短中期均线；v4长上影承接转弱；v4主力资金强净流出；v4事件谨慎扣分（异常波动）,强势归纳版：这类形态历史胜率不占优，先留给更干净的强势样本。,v4
2026-05-08,601991,大唐发电,5,155024.0,10jqka,post_close,2026-05-08 15:00:00,2026-05-06,3,3,7.0,2.0,ok,2026-05-08,5.54,5.54,5.54,5.32,12160814.0,9.92,33.17,37.13,1.0,4.37,17.32,25.54,33.43,0.0,0.0,True,False,0.0,,,,,True,,,,强势,59.05,-0.41,4.11,0,2026-05-08,common_index_cache,-0.0,-0.5,-0.96,2.48,4.94,5.54,10.33,33.02,51.4,观察池,False,人气Top10；当日涨停附近；收在日内高位；近5日强势延续；连续上榜确认；市场强势且个股相对强势；v4多头排列技术加分；v4龙虎榜提示关注,放量过猛；短线涨幅偏高；偏离20日线较大；v4乖离率过大；v4远离短中期均线；v4放量冲高过热；涨停封板不可买,涨停封板不可买，放观察池跟踪,v4
2026-05-08,002281,光迅科技,6,153105.0,10jqka,post_close,2026-05-08 15:00:00,2026-05-06,3,3,17.0,11.0,ok,2026-05-08,160.0,180.72,180.72,158.64,821824.0,10.0,25.26,31.91,1.0,1.21,16.9,26.48,42.31,0.0,0.0,True,False,0.0,光迅科技:武汉光迅科技股份有限公司股票交易异常波动公告,股票交易异常波动 | 光迅科技:武汉光迅科技股份有限公司股票交易异常波动公告,,,True,,,,强势,59.05,-0.41,4.11,0,2026-05-08,common_index_cache,-0.0,-0.5,-0.96,2.48,4.94,5.54,10.41,27.8,86.4,观察池,False,人气Top10；当日涨停附近；收在日内高位；温和放量；近5日强势延续；连续上榜确认；人气排名明显上升；市场强势且个股相对强势；v4多头排列技术加分；v4龙虎榜提示关注,短线涨幅偏高；偏离20日线较大；v4乖离率过大；v4远离短中期均线；v4事件谨慎扣分（异常波动）；涨停封板不可买,涨停封板不可买，放观察池跟踪,v4
2026-05-08,600522,中天科技,7,119866.0,10jqka,post_close,2026-05-08 15:00:00,2026-05-06,3,3,19.0,12.0,ok,2026-05-08,38.2,40.9,41.16,38.2,3121181.0,6.57,23.49,16.86,0.912,1.32,12.63,15.39,25.74,-0.63,0.088,False,False,0.0,中天科技:江苏中天科技股份有限公司关于第六期以集中竞价交易方式股份回购进展公告,回购进展情况 | 中天科技:江苏中天科技股份有限公司关于第六期以集中竞价交易方式股份回购进展公告,,,True,,,,强势,59.05,-0.41,4.11,0,2026-05-08,common_index_cache,-0.0,-0.5,-0.96,2.48,4.94,5.54,6.98,12.75,98.4,重点观察,True,人气Top10；当日上涨；收在日内高位；温和放量；近5日趋势升温；站上20日线且不过热；连续上榜确认；人气排名明显上升；市场强势且个股相对强势；v4多头排列技术加分；v4龙虎榜活跃；v4事件催化加分（回购）,v4乖离率过大；v4远离短中期均线,强势归纳版：先保留高胜率形态，等次日承接继续确认；一旦变成后段弱承接，就不再恋战。,v4
2026-05-08,600498,烽火通信,8,112691.0,10jqka,post_close,2026-05-08 15:00:00,2026-05-08,1,1,,,missing_price_file,,,,,,,,,,,,,,,,,,,,,,,,True,,,,强势,59.05,-0.41,4.11,0,2026-05-08,common_index_cache,-0.0,-0.5,-0.96,2.48,4.94,5.54,,,9.0,不推送,False,人气Top10；v4龙虎榜活跃,缺少当日行情,强势归纳版：这类形态历史胜率不占优，先留给更干净的强势样本。,v4
2026-05-08,600105,永鼎股份,9,111707.0,10jqka,post_close,2026-05-08 15:00:00,2026-05-07,2,2,11.0,2.0,ok,2026-05-08,46.09,49.94,50.49,45.92,2087162.0,5.09,17.76,11.35,0.88,1.21,10.06,7.8,17.97,-2.08,0.12,False,False,0.0,永鼎股份:永鼎股份2025年年度股东会会议资料,股东大会资料 | 永鼎股份:永鼎股份2025年年度股东会会议资料,,,False,,,,强势,59.05,-0.41,4.11,0,2026-05-08,common_index_cache,-0.0,-0.5,-0.96,2.48,4.94,5.54,5.5,7.24,76.4,不推送,False,人气Top10；当日上涨；收盘承接较强；温和放量；近5日趋势升温；站上20日线且不过热；连续上榜确认；市场强势且个股相对强势,v4乖离率过大,强势归纳版：这类形态历史胜率不占优，先留给更干净的强势样本。,v4
2026-05-08,002565,顺灏股份,10,105634.0,10jqka,post_close,2026-05-08 15:00:00,2026-05-06,3,3,65.0,55.0,missing_price_file,,,,,,,,,,,,,,,,,,,,顺灏股份:关于参加2026年上海辖区上市公司年报集体业绩说明会的公告,其他 | 顺灏股份:关于参加2026年上海辖区上市公司年报集体业绩说明会的公告,,,False,,,,强势,59.05,-0.41,4.11,0,2026-05-08,common_index_cache,-0.0,-0.5,-0.96,2.48,4.94,5.54,,,16.0,不推送,False,人气Top10；连续上榜确认；人气排名明显上升,缺少当日行情,强势归纳版：这类形态历史胜率不占优，先留给更干净的强势样本。,v4
2026-05-08,600736,苏州高新,11,101357.0,10jqka,post_close,2026-05-08 15:00:00,2026-05-07,2,2,75.0,64.0,missing_price_file,,,,,,,,,,,,,,,,,,,,,,,,True,,,,强势,59.05,-0.41,4.11,0,2026-05-08,common_index_cache,-0.0,-0.5,-0.96,2.48,4.94,5.54,,,13.0,不推送,False,人气Top20；连续上榜确认；人气排名明显上升；v4龙虎榜活跃,缺少当日行情,强势归纳版：这类形态历史胜率不占优，先留给更干净的强势样本。,v4
2026-05-08,600396,华电辽能,12,91304.0,10jqka,post_close,2026-05-08 15:00:00,2026-05-06,3,3,10.0,-2.0,ok,2026-05-08,12.38,12.44,13.2,12.2,3513191.0,3.67,25.4,15.19,0.24,1.13,11.67,18.94,38.7,-5.76,0.76,False,False,0.0,,,,,True,,,,强势,59.05,-0.41,4.11,0,2026-05-08,common_index_cache,-0.0,-0.5,-0.96,2.48,4.94,5.54,4.08,11.08,22.4,不推送,False,人气Top20；当日上涨；温和放量；近5日趋势升温；连续上榜确认；市场强势且个股相对强势；v4多头排列技术加分；v4龙虎榜提示关注,收盘承接偏弱；偏离20日线较大；上影线偏长；v4乖离率过大；v4远离短中期均线；v4长上影承接转弱；v4正涨但收盘承接一般,强势归纳版：这类形态历史胜率不占优，先留给更干净的强势样本。,v4
2026-05-08,002081,金螳螂,13,89359.0,10jqka,post_close,2026-05-08 15:00:00,2026-05-06,3,3,2.0,-11.0,ok,2026-05-08,6.43,6.8,7.18,6.43,5760911.0,-4.76,15.25,39.63,0.493,1.39,7.29,20.89,47.71,-5.29,0.507,False,False,0.0,金螳螂:股票交易异常波动公告 | 金螳螂:关于2024年员工持股计划第二个锁定期届满的提示性公告,股票交易异常波动 | 员工持股计划 | 金螳螂:股票交易异常波动公告 | 金螳螂:关于2024年员工持股计划第二个锁定期届满的提示性公告,,,False,,,,强势,59.05,-0.41,4.11,0,2026-05-08,common_index_cache,-0.0,-0.5,-0.96,2.48,4.94,5.54,-4.35,35.52,8.4,不推送,False,人气Top20；温和放量；近5日强势延续；连续上榜确认；市场强势且个股相对强势；v4多头排列技术加分,当日转弱；短线涨幅偏高；远离20日线过多；v4乖离率过大；v4远离短中期均线；v4长上影承接转弱；v4事件谨慎扣分（异常波动）,强势归纳版：这类形态历史胜率不占优，先留给更干净的强势样本。,v4
2026-05-08,002050,三花智控,14,89066.0,10jqka,post_close,2026-05-08 15:00:00,2026-05-06,3,3,24.0,10.0,ok,2026-05-08,50.0,51.69,53.88,49.71,2735314.0,2.72,10.17,17.05,0.475,2.03,6.84,10.41,12.42,-6.05,0.525,False,False,0.0,,,,,False,,,,强势,59.05,-0.41,4.11,0,2026-05-08,common_index_cache,-0.0,-0.5,-0.96,2.48,4.94,5.54,3.13,12.94,32.4,不推送,False,人气Top20；放量仍可控；近5日趋势升温；站上20日线且不过热；连续上榜确认；人气排名明显上升；市场强势且个股相对强势；v4多头排列技术加分,上影线偏长；v4乖离率过大；v4远离短中期均线；v4长上影承接转弱；v4正涨但收盘承接一般,强势归纳版：这类形态历史胜率不占优，先留给更干净的强势样本。,v4
2026-05-08,002709,天赐材料,15,86354.0,10jqka,post_close,2026-05-08 15:00:00,2026-05-06,3,3,20.0,5.0,ok,2026-05-08,61.62,58.41,63.4,58.34,1753228.0,-6.99,-3.47,8.31,0.014,1.03,-4.26,2.91,11.83,-10.11,0.352,False,False,0.0,,,,,False,,,,强势,59.05,-0.41,4.11,0,2026-05-08,common_index_cache,-0.0,-0.5,-0.96,2.48,4.94,5.54,-6.58,4.2,34.4,不推送,False,人气Top20；温和放量；近5日趋势升温；站上20日线且不过热；连续上榜确认；市场强势且个股相对强势,当日转弱；收盘承接偏弱；v4长上影承接转弱,强势归纳版：这类形态历史胜率不占优，先留给更干净的强势样本。,v4
2026-05-08,600118,中国卫星,16,86264.0,10jqka,post_close,2026-05-08 15:00:00,2026-05-06,2,1,90.0,74.0,ok,2026-05-08,105.57,114.18,118.0,105.55,888802.0,6.41,11.07,17.72,0.693,1.45,7.86,11.76,21.61,-3.24,0.307,False,False,0.0,,,,,False,,,,强势,59.05,-0.41,4.11,0,2026-05-08,common_index_cache,-0.0,-0.5,-0.96,2.48,4.94,5.54,6.82,13.61,58.4,不推送,False,人气Top20；当日上涨；温和放量；近5日趋势升温；站上20日线且不过热；人气排名明显上升；市场强势且个股相对强势；v4多头排列技术加分,v4乖离率过大；v4远离短中期均线,强势归纳版：这类形态历史胜率不占优，先留给更干净的强势样本。,v4
2026-05-08,002217,合力泰,17,84127.0,10jqka,post_close,2026-05-08 15:00:00,2026-05-06,3,3,5.0,-12.0,missing_price_file,,,,,,,,,,,,,,,,,,,,,,,,False,,,,强势,59.05,-0.41,4.11,0,2026-05-08,common_index_cache,-0.0,-0.5,-0.96,2.48,4.94,5.54,,,4.0,不推送,False,人气Top20；连续上榜确认,缺少当日行情,强势归纳版：这类形态历史胜率不占优，先留给更干净的强势样本。,v4
2026-05-08,300058,蓝色光标,18,82550.0,10jqka,post_close,2026-05-08 15:00:00,2026-05-06,2,1,92.0,74.0,ok,2026-05-08,19.7,18.69,19.88,18.57,7002144.0,-3.16,9.17,11.98,0.092,1.53,3.2,3.75,5.78,-19.37,0.137,False,False,0.0,蓝色光标:第七届董事会第一次会议决议公告 | 蓝色光标:关于北京蓝色光标数据科技集团股份有限公司2025年年度股东会的法律意见书 | 蓝色光标:2025年年度股东会决议公告,高管人员任职变动 | 法律意见书 | 分配方案决议公告 | 蓝色光标:第七届董事会第一次会议决议公告 | 蓝色光标:关于北京蓝色光标数据科技集团股份有限公司2025年年度股东会的法律意见书 | 蓝色光标:2025年年度股东会决议公告,,,False,,,,强势,59.05,-0.41,4.11,0,2026-05-08,common_index_cache,-0.0,-0.5,-0.96,2.48,4.94,5.54,-2.75,7.87,43.4,不推送,False,人气Top20；温和放量；近5日趋势升温；站上20日线且不过热；人气排名明显上升；市场强势且个股相对强势；v4多头排列技术加分,当日转弱；收盘承接偏弱；v4短线偏离MA5过多,强势归纳版：这类形态历史胜率不占优，先留给更干净的强势样本。,v4
2026-05-08,002202,金风科技,19,81576.0,10jqka,post_close,2026-05-08 15:00:00,2026-05-06,3,3,25.0,6.0,ok,2026-05-08,28.09,28.49,28.92,28.01,2366480.0,0.11,3.41,11.68,0.527,0.97,3.1,6.46,10.23,-14.44,0.473,False,False,0.0,金风科技:2026年5月8日投资者关系活动记录表 | 金风科技:关于回购公司股份的进展公告,调研活动 | 回购进展情况 | 金风科技:2026年5月8日投资者关系活动记录表 | 金风科技:关于回购公司股份的进展公告,,,False,,,,强势,59.05,-0.41,4.11,0,2026-05-08,common_index_cache,-0.0,-0.5,-0.96,2.48,4.94,5.54,0.52,7.57,56.4,不推送,False,人气Top20；温和放量；近5日趋势升温；站上20日线且不过热；连续上榜确认；市场强势且个股相对强势；v4多头排列技术加分；v4沿短均线抬升；v4事件催化加分（回购）,上影线偏长；v4短线偏离MA5过多；v4长上影承接转弱；v4正涨但收盘承接一般,强势归纳版：这类形态历史胜率不占优，先留给更干净的强势样本。,v4
2026-05-08,603778,国晟科技,20,77184.0,10jqka,post_close,2026-05-08 15:00:00,2026-05-06,3,3,70.0,50.0,ok,2026-05-08,25.89,26.99,27.0,24.65,780841.0,4.17,1.47,6.81,0.996,1.1,0.13,1.63,-3.21,-21.24,0.004,False,False,0.0,,,,,False,,,,强势,59.05,-0.41,4.11,0,2026-05-08,common_index_cache,-0.0,-0.5,-0.96,2.48,4.94,5.54,4.58,2.7,82.4,普通观察,True,人气Top20；当日上涨；收在日内高位；温和放量；近5日趋势升温；连续上榜确认；人气排名明显上升；市场强势且个股相对强势,-,强势归纳版：保留在候选池，优先跟踪早段强势和缩量承接，不主动接后段退潮样本。,v4
2026-05-08,600186,莲花控股,21,77123.0,10jqka,post_close,2026-05-08 15:00:00,2026-05-06,3,3,6.0,-15.0,ok,2026-05-08,10.8,10.5,10.85,10.28,3227011.0,-5.66,-2.05,6.71,0.386,0.88,-3.79,4.03,18.06,-9.09,0.088,False,False,0.0,,,,,False,,,,强势,59.05,-0.41,4.11,0,2026-05-08,common_index_cache,-0.0,-0.5,-0.96,2.48,4.94,5.54,-5.25,2.6,28.4,不推送,False,人气Top50；温和放量；近5日趋势升温；站上20日线且不过热；连续上榜确认；市场强势且个股相对强势,当日转弱；收盘承接偏弱；v4趋势未转强且热度偏后,强势归纳版：这类形态历史胜率不占优，先留给更干净的强势样本。,v4
2026-05-08,600487,亨通光电,22,76502.0,10jqka,post_close,2026-05-08 15:00:00,2026-05-06,3,3,28.0,6.0,ok,2026-05-08,74.25,77.27,79.49,74.25,1633023.0,1.72,17.61,13.15,0.576,0.97,7.89,9.97,22.22,-2.79,0.424,False,False,0.0,亨通光电:亨通光电关于召开2025年度及2026年第一季度业绩暨2025年度分红说明会的提示性公告,其他 | 亨通光电:亨通光电关于召开2025年度及2026年第一季度业绩暨2025年度分红说明会的提示性公告,,,False,,,,强势,59.05,-0.41,4.11,0,2026-05-08,common_index_cache,-0.0,-0.5,-0.96,2.48,4.94,5.54,2.13,9.04,32.4,不推送,False,人气Top50；温和放量；近5日趋势升温；站上20日线且不过热；连续上榜确认；市场强势且个股相对强势；v4多头排列技术加分,v4乖离率过大；v4远离短中期均线；v4长上影承接转弱；v4正涨但收盘承接一般,强势归纳版：这类形态历史胜率不占优，先留给更干净的强势样本。,v4
2026-05-08,600879,航天电子,23,74492.0,10jqka,post_close,2026-05-08 15:00:00,2026-05-08,1,1,,,missing_price_file,,,,,,,,,,,,,,,,,,,,,,,,False,,,,强势,59.05,-0.41,4.11,0,2026-05-08,common_index_cache,-0.0,-0.5,-0.96,2.48,4.94,5.54,,,0.0,不推送,False,人气Top50,缺少当日行情,强势归纳版：这类形态历史胜率不占优，先留给更干净的强势样本。,v4
2026-05-08,002297,博云新材,24,71441.0,10jqka,post_close,2026-05-08 15:00:00,2026-05-06,3,3,32.0,8.0,ok,2026-05-08,23.9,25.71,25.99,23.49,1672901.0,3.88,4.94,13.86,0.888,0.84,5.21,11.72,36.86,-1.12,0.112,False,False,0.0,,,,,True,,,,强势,59.05,-0.41,4.11,0,2026-05-08,common_index_cache,-0.0,-0.5,-0.96,2.48,4.94,5.54,4.29,9.75,63.4,不推送,False,人气Top50；当日上涨；收盘承接较强；温和放量；近5日趋势升温；连续上榜确认；市场强势且个股相对强势；v4多头排列技术加分；v4沿短均线抬升；v4龙虎榜活跃,偏离20日线较大；v4乖离率过大；v4远离短中期均线,强势归纳版：这类形态历史胜率不占优，先留给更干净的强势样本。,v4
2026-05-08,601869,长飞光纤,25,69829.0,10jqka,post_close,2026-05-08 15:00:00,2026-05-07,2,2,34.0,9.0,missing_price_file,,,,,,,,,,,,,,,,,,,,,,,,False,,,,强势,59.05,-0.41,4.11,0,2026-05-08,common_index_cache,-0.0,-0.5,-0.96,2.48,4.94,5.54,,,0.0,不推送,False,人气Top50；连续上榜确认,缺少当日行情,强势归纳版：这类形态历史胜率不占优，先留给更干净的强势样本。,v4
2026-05-08,000815,美利云,26,69732.0,10jqka,post_close,2026-05-08 15:00:00,2026-05-06,3,3,36.0,10.0,missing_price_file,,,,,,,,,,,,,,,,,,,,,,6.82,6.82,False,,,,强势,59.05,-0.41,4.11,0,2026-05-08,common_index_cache,-0.0,-0.5,-0.96,2.48,4.94,5.54,,,4.0,不推送,False,人气Top50；连续上榜确认；人气排名明显上升；v4主力资金强净流入,缺少当日行情；v4趋势未转强且热度偏后,强势归纳版：这类形态历史胜率不占优，先留给更干净的强势样本。,v4
2026-05-08,002475,立讯精密,27,69579.0,10jqka,post_close,2026-05-08 15:00:00,2026-05-06,3,3,31.0,4.0,ok,2026-05-08,68.13,71.29,72.08,67.11,2150710.0,2.55,6.4,2.02,0.841,1.07,3.76,3.74,11.31,-1.8,0.159,False,False,0.0,,,,,False,,,,强势,59.05,-0.41,4.11,0,2026-05-08,common_index_cache,-0.0,-0.5,-0.96,2.48,4.94,5.54,2.96,-2.09,43.4,不推送,False,人气Top50；收盘承接较强；温和放量；站上20日线且不过热；连续上榜确认；市场强势且个股相对强势,v4短线偏离MA5过多；v4趋势未转强且热度偏后,强势归纳版：这类形态历史胜率不占优，先留给更干净的强势样本。,v4
2026-05-08,603629,利通电子,28,69274.0,10jqka,post_close,2026-05-08 15:00:00,2026-05-06,3,3,27.0,-1.0,ok,2026-05-08,153.01,167.59,173.58,153.01,374731.0,5.88,16.05,40.42,0.709,1.35,10.2,26.73,53.02,-3.45,0.291,False,False,0.0,,,,,False,,,,强势,59.05,-0.41,4.11,0,2026-05-08,common_index_cache,-0.0,-0.5,-0.96,2.48,4.94,5.54,6.29,36.31,27.4,不推送,False,人气Top50；当日上涨；温和放量；近5日强势延续；连续上榜确认；市场强势且个股相对强势；v4多头排列技术加分,短线涨幅偏高；远离20日线过多；v4乖离率过大；v4远离短中期均线,强势归纳版：这类形态历史胜率不占优，先留给更干净的强势样本。,v4
2026-05-08,603538,美诺华,29,66280.0,10jqka,post_close,2026-05-08 15:00:00,2026-05-06,3,3,61.0,32.0,missing_price_file,,,,,,,,,,,,,,,,,,,,,,,,False,,,,强势,59.05,-0.41,4.11,0,2026-05-08,common_index_cache,-0.0,-0.5,-0.96,2.48,4.94,5.54,,,0.0,不推送,False,人气Top50；连续上榜确认；人气排名明显上升,缺少当日行情；v4趋势未转强且热度偏后,强势归纳版：这类形态历史胜率不占优，先留给更干净的强势样本。,v4
2026-05-08,605358,立昂微,30,64018.0,10jqka,post_close,2026-05-08 15:00:00,2026-05-08,1,1,,,ok,2026-05-08,45.48,49.98,49.98,45.35,613436.0,9.99,21.72,28.35,1.0,1.76,14.2,20.59,28.5,0.0,0.0,True,False,0.0,立昂微:立昂微关于为控股子公司提供担保的进展公告,提供/对外担保公告 | 立昂微:立昂微关于为控股子公司提供担保的进展公告,,,True,,,,强势,59.05,-0.41,4.11,0,2026-05-08,common_index_cache,-0.0,-0.5,-0.96,2.48,4.94,5.54,10.4,24.24,61.4,观察池,False,人气Top50；当日涨停附近；收在日内高位；温和放量；近5日强势延续；市场强势且个股相对强势；v4多头排列技术加分；v4龙虎榜提示关注,短线涨幅偏高；偏离20日线较大；v4乖离率过大；v4远离短中期均线；涨停封板不可买,涨停封板不可买，放观察池跟踪,v4
2026-05-08,600343,航天动力,31,63562.0,10jqka,post_close,2026-05-08 15:00:00,2026-05-08,1,1,,,missing_price_file,,,,,,,,,,,,,,,,,,,,,,,,False,,,,强势,59.05,-0.41,4.11,0,2026-05-08,common_index_cache,-0.0,-0.5,-0.96,2.48,4.94,5.54,,,0.0,不推送,False,人气Top50,缺少当日行情,强势归纳版：这类形态历史胜率不占优，先留给更干净的强势样本。,v4
2026-05-08,002384,东山精密,32,62231.0,10jqka,post_close,2026-05-08 15:00:00,2026-05-06,3,3,3.0,-29.0,ok,2026-05-08,210.0,211.39,213.58,206.01,895393.0,0.15,13.21,14.95,0.711,1.02,7.27,10.28,24.76,-1.03,0.289,False,False,0.0,,,,,False,,,,强势,59.05,-0.41,4.11,0,2026-05-08,common_index_cache,-0.0,-0.5,-0.96,2.48,4.94,5.54,0.56,10.84,42.4,不推送,False,人气Top50；温和放量；近5日趋势升温；站上20日线且不过热；连续上榜确认；市场强势且个股相对强势；v4多头排列技术加分,人气排名明显回落；v4乖离率过大；v4远离短中期均线,强势归纳版：这类形态历史胜率不占优，先留给更干净的强势样本。,v4
2026-05-08,000988,华工科技,33,62021.0,10jqka,post_close,2026-05-08 15:00:00,2026-05-06,3,3,18.0,-15.0,ok,2026-05-08,130.79,136.69,136.9,129.28,1057049.0,2.39,14.36,18.25,0.972,1.16,7.81,11.83,14.78,-3.34,0.028,False,False,0.0,,,,,False,,,,强势,59.05,-0.41,4.11,0,2026-05-08,common_index_cache,-0.0,-0.5,-0.96,2.48,4.94,5.54,2.8,14.14,62.4,不推送,False,人气Top50；收在日内高位；温和放量；近5日趋势升温；站上20日线且不过热；连续上榜确认；市场强势且个股相对强势；v4多头排列技术加分,v4乖离率过大；v4远离短中期均线,强势归纳版：这类形态历史胜率不占优，先留给更干净的强势样本。,v4
2026-05-08,605299,舒华体育,34,61450.0,10jqka,post_close,2026-05-08 15:00:00,2026-05-08,1,1,,,missing_price_file,,,,,,,,,,,,,,,,,,,,,,,,False,,,,强势,59.05,-0.41,4.11,0,2026-05-08,common_index_cache,-0.0,-0.5,-0.96,2.48,4.94,5.54,,,0.0,不推送,False,人气Top50,缺少当日行情,强势归纳版：这类形态历史胜率不占优，先留给更干净的强势样本。,v4
2026-05-08,601868,中国能建,35,59003.0,10jqka,post_close,2026-05-08 15:00:00,2026-05-07,2,2,4.0,-31.0,ok,2026-05-08,3.2,3.22,3.28,3.15,23253537.0,3.21,13.78,15.83,0.538,3.86,8.34,9.71,10.5,-18.27,0.462,False,False,0.0,,,,,False,,,,强势,59.05,-0.41,4.11,0,2026-05-08,common_index_cache,-0.0,-0.5,-0.96,2.48,4.94,5.54,3.62,11.72,4.4,不推送,False,人气Top50；当日上涨；近5日趋势升温；站上20日线且不过热；连续上榜确认；市场强势且个股相对强势；v4多头排列技术加分,放量过猛；人气排名明显回落；上影线偏长；v4乖离率过大；v4远离短中期均线；v4长上影承接转弱；v4正涨但收盘承接一般,强势归纳版：这类形态历史胜率不占优，先留给更干净的强势样本。,v4
2026-05-08,002149,西部材料,36,57584.0,10jqka,post_close,2026-05-08 15:00:00,2026-05-06,3,3,9.0,-27.0,ok,2026-05-08,72.78,72.44,74.48,72.0,939682.0,-1.4,14.06,27.99,0.177,1.17,7.47,13.57,25.18,-2.9,0.685,False,False,0.0,西部材料:西部金属材料股份有限公司股票交易异常波动公告,股票交易异常波动 | 西部材料:西部金属材料股份有限公司股票交易异常波动公告,,,False,,,,强势,59.05,-0.41,4.11,0,2026-05-08,common_index_cache,-0.0,-0.5,-0.96,2.48,4.94,5.54,-0.99,23.88,4.4,不推送,False,人气Top50；温和放量；近5日强势延续；站上20日线且不过热；连续上榜确认；市场强势且个股相对强势；v4多头排列技术加分,当日转弱；收盘承接偏弱；短线涨幅偏高；人气排名明显回落；v4乖离率过大；v4远离短中期均线；v4长上影承接转弱；v4事件谨慎扣分（异常波动）,强势归纳版：这类形态历史胜率不占优，先留给更干净的强势样本。,v4
2026-05-08,300283,温州宏丰,37,57066.0,10jqka,post_close,2026-05-08 15:00:00,2026-05-08,1,1,,,missing_price_file,,,,,,,,,,,,,,,,,,,,温州宏丰:关于公司股票交易异常波动的公告,股票交易异常波动 | 温州宏丰:关于公司股票交易异常波动的公告,,,True,,,,强势,59.05,-0.41,4.11,0,2026-05-08,common_index_cache,-0.0,-0.5,-0.96,2.48,4.94,5.54,,,0.0,不推送,False,人气Top50；v4龙虎榜活跃,缺少当日行情；v4事件谨慎扣分（异常波动）,强势归纳版：这类形态历史胜率不占优，先留给更干净的强势样本。,v4
2026-05-08,603601,再升科技,38,56934.0,10jqka,post_close,2026-05-08 15:00:00,2026-05-06,3,3,63.0,25.0,ok,2026-05-08,17.0,17.9,18.75,16.79,2571445.0,3.35,12.93,17.3,0.566,1.02,7.83,13.04,18.0,-4.53,0.434,False,False,0.0,,,,,False,,,,强势,59.05,-0.41,4.11,0,2026-05-08,common_index_cache,-0.0,-0.5,-0.96,2.48,4.94,5.54,3.76,13.19,44.4,不推送,False,人气Top50；当日上涨；温和放量；近5日趋势升温；站上20日线且不过热；连续上榜确认；人气排名明显上升；市场强势且个股相对强势；v4多头排列技术加分,v4乖离率过大；v4远离短中期均线；v4长上影承接转弱；v4正涨但收盘承接一般,强势归纳版：这类形态历史胜率不占优，先留给更干净的强势样本。,v4
2026-05-08,002407,多氟多,39,56262.0,10jqka,post_close,2026-05-08 15:00:00,2026-05-06,3,3,49.0,10.0,ok,2026-05-08,37.04,34.99,38.28,34.9,1804389.0,-6.79,-3.64,3.64,0.027,1.02,-4.31,1.1,9.04,-10.28,0.367,False,False,0.0,多氟多:2025年年度股东会决议公告 | 多氟多:河南怀川律师事务所关于多氟多新材料股份有限公司2025年年度股东会法律意见书,分配方案决议公告 | 法律意见书 | 多氟多:2025年年度股东会决议公告 | 多氟多:河南怀川律师事务所关于多氟多新材料股份有限公司2025年年度股东会法律意见书,,,False,,,,强势,59.05,-0.41,4.11,0,2026-05-08,common_index_cache,-0.0,-0.5,-0.96,2.48,4.94,5.54,-6.38,-0.47,6.7,不推送,False,人气Top50；温和放量；站上20日线且不过热；连续上榜确认；人气排名明显上升,当日转弱；收盘承接偏弱；强势市里个股相对走弱；v4长上影承接转弱；v4趋势未转强且热度偏后,强势归纳版：这类形态历史胜率不占优，先留给更干净的强势样本。,v4
2026-05-08,601138,工业富联,40,54994.0,10jqka,post_close,2026-05-08 15:00:00,2026-05-06,3,3,30.0,-10.0,ok,2026-05-08,63.0,63.28,64.2,62.77,1620171.0,-1.4,0.64,-7.21,0.357,0.63,-1.03,-3.38,2.17,-8.42,0.643,False,False,0.0,,,,,False,,,,强势,59.05,-0.41,4.11,0,2026-05-08,common_index_cache,-0.0,-0.5,-0.96,2.48,4.94,5.54,-0.99,-11.32,0.0,不推送,False,人气Top50；站上20日线且不过热；连续上榜确认,当日转弱；收盘承接偏弱；近5日趋势未确认；强势市里个股相对走弱；v4长上影承接转弱；v4跌破短均线；v4趋势未转强且热度偏后,强势归纳版：这类形态历史胜率不占优，先留给更干净的强势样本。,v4
2026-05-08,300308,中际旭创,41,54940.0,10jqka,post_close,2026-05-08 15:00:00,2026-05-06,3,3,43.0,2.0,ok,2026-05-08,864.95,886.0,898.95,861.56,197641.0,0.97,3.32,7.52,0.654,0.73,2.5,2.2,7.77,-3.59,0.346,False,False,0.0,,,,,False,,,,强势,59.05,-0.41,4.11,0,2026-05-08,common_index_cache,-0.0,-0.5,-0.96,2.48,4.94,5.54,1.38,3.41,36.4,不推送,False,人气Top50；近5日趋势升温；站上20日线且不过热；连续上榜确认；市场强势且个股相对强势,v4趋势未转强且热度偏后,强势归纳版：这类形态历史胜率不占优，先留给更干净的强势样本。,v4
2026-05-08,605111,新洁能,42,53247.0,10jqka,post_close,2026-05-08 15:00:00,2026-05-08,1,1,,,missing_price_file,,,,,,,,,,,,,,,,,,,,,,,,False,,,,强势,59.05,-0.41,4.11,0,2026-05-08,common_index_cache,-0.0,-0.5,-0.96,2.48,4.94,5.54,,,0.0,不推送,False,人气Top50,缺少当日行情,强势归纳版：这类形态历史胜率不占优，先留给更干净的强势样本。,v4
2026-05-08,002156,通富微电,43,52848.0,10jqka,post_close,2026-05-08 15:00:00,2026-05-06,3,3,12.0,-31.0,ok,2026-05-08,58.31,57.16,58.6,56.39,1623790.0,-3.25,10.41,13.75,0.348,1.27,4.13,9.83,15.9,-5.99,0.131,False,False,0.0,,,,,False,,,,强势,59.05,-0.41,4.11,0,2026-05-08,common_index_cache,-0.0,-0.5,-0.96,2.48,4.94,5.54,-2.84,9.64,27.4,不推送,False,人气Top50；温和放量；近5日趋势升温；站上20日线且不过热；连续上榜确认；市场强势且个股相对强势；v4多头排列技术加分,当日转弱；收盘承接偏弱；人气排名明显回落；v4短线偏离MA5过多；v4远离短中期均线,强势归纳版：这类形态历史胜率不占优，先留给更干净的强势样本。,v4
2026-05-08,601899,紫金矿业,44,52826.0,10jqka,post_close,2026-05-08 15:00:00,2026-05-06,3,3,77.0,33.0,ok,2026-05-08,34.02,34.8,35.0,33.84,3012482.0,0.99,4.5,5.61,0.828,1.01,1.81,1.86,1.19,-14.91,0.172,False,False,0.0,,,,,False,,,,强势,59.05,-0.41,4.11,0,2026-05-08,common_index_cache,-0.0,-0.5,-0.96,2.48,4.94,5.54,1.4,1.5,64.4,不推送,False,人气Top50；收盘承接较强；温和放量；近5日趋势升温；站上20日线且不过热；连续上榜确认；人气排名明显上升；市场强势且个股相对强势,v4趋势未转强且热度偏后,强势归纳版：这类形态历史胜率不占优，先留给更干净的强势样本。,v4
2026-05-08,002865,钧达股份,45,51981.0,10jqka,post_close,2026-05-08 15:00:00,2026-05-08,1,1,,,missing_price_file,,,,,,,,,,,,,,,,,,,,钧达股份:关于参加海南辖区上市公司2025年年报业绩说明会暨投资者网上集体接待日活动的公告 | 钧达股份:H股公告-截至二零二六年四月三十日止月份之股份发行人的证券变动月报表,调研活动 | 其他 | 钧达股份:关于参加海南辖区上市公司2025年年报业绩说明会暨投资者网上集体接待日活动的公告 | 钧达股份:H股公告-截至二零二六年四月三十日止月份之股份发行人的证券变动月报表,,,True,,,,强势,59.05,-0.41,4.11,0,2026-05-08,common_index_cache,-0.0,-0.5,-0.96,2.48,4.94,5.54,,,0.0,不推送,False,人气Top50；v4龙虎榜活跃,缺少当日行情,强势归纳版：这类形态历史胜率不占优，先留给更干净的强势样本。,v4
2026-05-08,002413,雷科防务,46,51802.0,10jqka,post_close,2026-05-08 15:00:00,2026-05-08,1,1,,,missing_price_file,,,,,,,,,,,,,,,,,,,,,,,,False,,,,强势,59.05,-0.41,4.11,0,2026-05-08,common_index_cache,-0.0,-0.5,-0.96,2.48,4.94,5.54,,,0.0,不推送,False,人气Top50,缺少当日行情,强势归纳版：这类形态历史胜率不占优，先留给更干净的强势样本。,v4
2026-05-08,600726,华电能源,47,51365.0,10jqka,post_close,2026-05-08 15:00:00,2026-05-06,3,3,33.0,-14.0,missing_price_file,,,,,,,,,,,,,,,,,,,,华电能源:华电能源股份有限公司2025年度股东会会议材料,股东大会资料 | 华电能源:华电能源股份有限公司2025年度股东会会议材料,,,False,,,,强势,59.05,-0.41,4.11,0,2026-05-08,common_index_cache,-0.0,-0.5,-0.96,2.48,4.94,5.54,,,0.0,不推送,False,人气Top50；连续上榜确认,缺少当日行情；v4趋势未转强且热度偏后,强势归纳版：这类形态历史胜率不占优，先留给更干净的强势样本。,v4
2026-05-08,603618,杭电股份,48,50125.0,10jqka,post_close,2026-05-08 15:00:00,2026-05-06,3,3,46.0,-2.0,missing_price_file,,,,,,,,,,,,,,,,,,,,,,,,True,,,,强势,59.05,-0.41,4.11,0,2026-05-08,common_index_cache,-0.0,-0.5,-0.96,2.48,4.94,5.54,,,0.0,不推送,False,人气Top50；连续上榜确认；v4龙虎榜活跃,缺少当日行情；v4趋势未转强且热度偏后,强势归纳版：这类形态历史胜率不占优，先留给更干净的强势样本。,v4
2026-05-08,600776,东方通信,49,48054.0,10jqka,post_close,2026-05-08 15:00:00,2026-05-08,1,1,,,missing_price_file,,,,,,,,,,,,,,,,,,,,,,,,False,,,,强势,59.05,-0.41,4.11,0,2026-05-08,common_index_cache,-0.0,-0.5,-0.96,2.48,4.94,5.54,,,0.0,不推送,False,人气Top50,缺少当日行情,强势归纳版：这类形态历史胜率不占优，先留给更干净的强势样本。,v4
2026-05-08,002580,圣阳股份,50,47278.0,10jqka,post_close,2026-05-08 15:00:00,2026-05-06,3,3,26.0,-24.0,ok,2026-05-08,30.3,32.9,32.9,30.3,858447.0,10.0,19.72,11.53,1.0,0.7,10.65,14.08,24.03,-2.2,0.0,True,False,0.0,,,,,False,,,,强势,59.05,-0.41,4.11,0,2026-05-08,common_index_cache,-0.0,-0.5,-0.96,2.48,4.94,5.54,10.41,7.42,66.4,观察池,False,人气Top50；当日涨停附近；收在日内高位；近5日趋势升温；站上20日线且不过热；连续上榜确认；市场强势且个股相对强势；v4多头排列技术加分,人气排名明显回落；v4乖离率过大；v4远离短中期均线；涨停封板不可买,涨停封板不可买，放观察池跟踪,v4
2026-05-08,300342,天银机电,51,47054.0,10jqka,post_close,2026-05-08 15:00:00,2026-05-08,1,1,,,missing_price_file,,,,,,,,,,,,,,,,,,,,天银机电:北京大成律师事务所关于常熟市天银机电股份有限公司2025年年度股东会的法律意见书 | 天银机电:2025年年度股东会决议公告,法律意见书 | 分配方案决议公告 | 天银机电:北京大成律师事务所关于常熟市天银机电股份有限公司2025年年度股东会的法律意见书 | 天银机电:2025年年度股东会决议公告,,,False,,,,强势,59.05,-0.41,4.11,0,2026-05-08,common_index_cache,-0.0,-0.5,-0.96,2.48,4.94,5.54,,,0.0,不推送,False,-,缺少当日行情,强势归纳版：这类形态历史胜率不占优，先留给更干净的强势样本。,v4
2026-05-08,000062,深圳华强,52,45504.0,10jqka,post_close,2026-05-08 15:00:00,2026-05-06,3,3,51.0,-1.0,missing_price_file,,,,,,,,,,,,,,,,,,,,,,-15.13,-15.13,False,,,,强势,59.05,-0.41,4.11,0,2026-05-08,common_index_cache,-0.0,-0.5,-0.96,2.48,4.94,5.54,,,0.0,不推送,False,连续上榜确认,缺少当日行情；v4趋势未转强且热度偏后；v4主力资金强净流出,强势归纳版：这类形态历史胜率不占优，先留给更干净的强势样本。,v4
2026-05-08,002428,云南锗业,53,45014.0,10jqka,post_close,2026-05-08 15:00:00,2026-05-06,3,3,66.0,13.0,missing_price_file,,,,,,,,,,,,,,,,,,,,,,,,False,,,,强势,59.05,-0.41,4.11,0,2026-05-08,common_index_cache,-0.0,-0.5,-0.96,2.48,4.94,5.54,,,0.0,不推送,False,连续上榜确认；人气排名明显上升,缺少当日行情；v4趋势未转强且热度偏后,强势归纳版：这类形态历史胜率不占优，先留给更干净的强势样本。,v4
2026-05-08,300136,信维通信,54,44669.0,10jqka,post_close,2026-05-08 15:00:00,2026-05-06,3,3,45.0,-9.0,missing_price_file,,,,,,,,,,,,,,,,,,,,信维通信:关于向特定对象发行股票申请获得深圳证券交易所上市审核中心审核通过的公告 | 信维通信:北京浩天(广州)律师事务所关于深圳市信维通信股份有限公司2025年度股东会之法律意见书 | 信维通信:2025年度股东会决议公告,增发获准公告 | 法律意见书 | 分配方案决议公告 | 信维通信:关于向特定对象发行股票申请获得深圳证券交易所上市审核中心审核通过的公告 | 信维通信:北京浩天(广州)律师事务所关于深圳市信维通信股份有限公司2025年度股东会之法律意见书 | 信维通信:2025年度股东会决议公告,,,False,,,,强势,59.05,-0.41,4.11,0,2026-05-08,common_index_cache,-0.0,-0.5,-0.96,2.48,4.94,5.54,,,0.0,不推送,False,连续上榜确认,缺少当日行情；v4趋势未转强且热度偏后,强势归纳版：这类形态历史胜率不占优，先留给更干净的强势样本。,v4
2026-05-08,301666,大普微,55,44458.0,10jqka,post_close,2026-05-08 15:00:00,2026-05-06,3,3,92.0,37.0,missing_price_file,,,,,,,,,,,,,,,,,,,,大普微:股票交易严重异常波动公告,股票交易异常波动 | 大普微:股票交易严重异常波动公告,,,True,,,,强势,59.05,-0.41,4.11,0,2026-05-08,common_index_cache,-0.0,-0.5,-0.96,2.48,4.94,5.54,,,0.0,不推送,False,连续上榜确认；人气排名明显上升；v4龙虎榜活跃,缺少当日行情；v4趋势未转强且热度偏后；v4事件谨慎扣分（异常波动）,强势归纳版：这类形态历史胜率不占优，先留给更干净的强势样本。,v4
2026-05-08,601778,晶科科技,56,44238.0,10jqka,post_close,2026-05-08 15:00:00,2026-05-06,3,3,29.0,-27.0,ok,2026-05-08,7.41,7.39,7.53,7.17,5073373.0,-0.4,13.69,3.79,0.611,0.82,4.32,5.0,14.05,-6.22,0.333,False,False,0.0,晶科科技:关于参加江西辖区上市公司2026年投资者网上集体接待日活动的公告,调研活动 | 晶科科技:关于参加江西辖区上市公司2026年投资者网上集体接待日活动的公告,,,False,,,,强势,59.05,-0.41,4.11,0,2026-05-08,common_index_cache,-0.0,-0.5,-0.96,2.48,4.94,5.54,0.01,-0.32,23.0,不推送,False,温和放量；站上20日线且不过热；连续上榜确认；v4多头排列技术加分,当日转弱；人气排名明显回落；v4短线偏离MA5过多,强势归纳版：这类形态历史胜率不占优，先留给更干净的强势样本。,v4
2026-05-08,300390,天华新能,57,44183.0,10jqka,post_close,2026-05-08 15:00:00,2026-05-07,2,2,97.0,40.0,missing_price_file,,,,,,,,,,,,,,,,,,,,,,,,False,,,,强势,59.05,-0.41,4.11,0,2026-05-08,common_index_cache,-0.0,-0.5,-0.96,2.48,4.94,5.54,,,0.0,不推送,False,连续上榜确认；人气排名明显上升,缺少当日行情,强势归纳版：这类形态历史胜率不占优，先留给更干净的强势样本。,v4
2026-05-08,002466,天齐锂业,58,42658.0,10jqka,post_close,2026-05-08 15:00:00,2026-05-06,3,3,39.0,-19.0,missing_price_file,,,,,,,,,,,,,,,,,,,,,,,,False,,,,强势,59.05,-0.41,4.11,0,2026-05-08,common_index_cache,-0.0,-0.5,-0.96,2.48,4.94,5.54,,,0.0,不推送,False,连续上榜确认,缺少当日行情；v4趋势未转强且热度偏后,强势归纳版：这类形态历史胜率不占优，先留给更干净的强势样本。,v4
2026-05-08,002222,福晶科技,59,42526.0,10jqka,post_close,2026-05-08 15:00:00,2026-05-08,1,1,,,missing_price_file,,,,,,,,,,,,,,,,,,,,,,,,True,,,,强势,59.05,-0.41,4.11,0,2026-05-08,common_index_cache,-0.0,-0.5,-0.96,2.48,4.94,5.54,,,0.0,不推送,False,v4龙虎榜活跃,缺少当日行情,强势归纳版：这类形态历史胜率不占优，先留给更干净的强势样本。,v4
2026-05-08,688256,寒武纪,60,42476.0,10jqka,post_close,2026-05-08 15:00:00,2026-05-06,3,3,53.0,-7.0,ok,2026-05-08,1217.03,1182.53,1220.0,1158.01,19102442.0,-5.6,3.74,28.33,0.396,1.46,2.85,15.15,26.11,-10.31,0.048,False,False,0.0,,,,,False,,,,强势,59.05,-0.41,4.11,0,2026-05-08,common_index_cache,-0.0,-0.5,-0.96,2.48,4.94,5.54,-5.19,24.22,21.4,不推送,False,温和放量；近5日强势延续；站上20日线且不过热；连续上榜确认；市场强势且个股相对强势；v4多头排列技术加分,当日转弱；收盘承接偏弱；短线涨幅偏高；v4远离短中期均线,强势归纳版：这类形态历史胜率不占优，先留给更干净的强势样本。,v4
2026-05-08,688048,长光华芯,61,42238.0,10jqka,post_close,2026-05-08 15:00:00,2026-05-08,1,1,,,missing_price_file,,,,,,,,,,,,,,,,,,,,,,,,False,,,,强势,59.05,-0.41,4.11,0,2026-05-08,common_index_cache,-0.0,-0.5,-0.96,2.48,4.94,5.54,,,0.0,不推送,False,-,缺少当日行情,强势归纳版：这类形态历史胜率不占优，先留给更干净的强势样本。,v4
2026-05-08,002600,领益智造,62,42196.0,10jqka,post_close,2026-05-08 15:00:00,2026-05-08,1,1,,,ok,2026-05-08,14.36,15.07,15.18,14.31,2400488.0,3.86,7.34,8.11,0.874,2.29,5.05,4.88,7.09,-4.26,0.126,False,False,0.0,,,,,False,,,,强势,59.05,-0.41,4.11,0,2026-05-08,common_index_cache,-0.0,-0.5,-0.96,2.48,4.94,5.54,4.27,4.0,38.4,不推送,False,当日上涨；收盘承接较强；放量仍可控；近5日趋势升温；站上20日线且不过热；市场强势且个股相对强势,v4乖离率过大,强势归纳版：这类形态历史胜率不占优，先留给更干净的强势样本。,v4
2026-05-08,002008,大族激光,63,41447.0,10jqka,post_close,2026-05-08 15:00:00,2026-05-07,2,2,35.0,-28.0,missing_price_file,,,,,,,,,,,,,,,,,,,,,,,,False,,,,强势,59.05,-0.41,4.11,0,2026-05-08,common_index_cache,-0.0,-0.5,-0.96,2.48,4.94,5.54,,,0.0,不推送,False,连续上榜确认,人气排名明显回落；缺少当日行情,强势归纳版：这类形态历史胜率不占优，先留给更干净的强势样本。,v4
2026-05-08,603017,中衡设计,64,41432.0,10jqka,post_close,2026-05-08 15:00:00,2026-05-08,1,1,,,missing_price_file,,,,,,,,,,,,,,,,,,,,中衡设计:中衡设计2025年年度股东会会议资料 | 中衡设计:董事、高级管理人员薪酬管理制度 | 中衡设计:信息披露暂缓与豁免管理制度,股东大会资料 | 管理办法/制度 | 中衡设计:中衡设计2025年年度股东会会议资料 | 中衡设计:董事、高级管理人员薪酬管理制度 | 中衡设计:信息披露暂缓与豁免管理制度,,,False,,,,强势,59.05,-0.41,4.11,0,2026-05-08,common_index_cache,-0.0,-0.5,-0.96,2.48,4.94,5.54,,,0.0,不推送,False,-,缺少当日行情,强势归纳版：这类形态历史胜率不占优，先留给更干净的强势样本。,v4
2026-05-08,600221,海航控股,65,41039.0,10jqka,post_close,2026-05-08 15:00:00,2026-05-08,1,1,,,missing_price_file,,,,,,,,,,,,,,,,,,,,,,,,False,,,,强势,59.05,-0.41,4.11,0,2026-05-08,common_index_cache,-0.0,-0.5,-0.96,2.48,4.94,5.54,,,0.0,不推送,False,-,缺少当日行情,强势归纳版：这类形态历史胜率不占优，先留给更干净的强势样本。,v4
2026-05-08,000890,法尔胜,66,40816.0,10jqka,post_close,2026-05-08 15:00:00,2026-05-06,2,1,48.0,-18.0,missing_price_file,,,,,,,,,,,,,,,,,,,,法尔胜:000890法尔胜投资者关系管理信息20260508,调研活动 | 法尔胜:000890法尔胜投资者关系管理信息20260508,,,False,,,,强势,59.05,-0.41,4.11,0,2026-05-08,common_index_cache,-0.0,-0.5,-0.96,2.48,4.94,5.54,,,0.0,不推送,False,-,缺少当日行情,强势归纳版：这类形态历史胜率不占优，先留给更干净的强势样本。,v4
2026-05-08,600673,东阳光,67,40178.0,10jqka,post_close,2026-05-08 15:00:00,2026-05-06,3,3,44.0,-23.0,missing_price_file,,,,,,,,,,,,,,,,,,,,东阳光:东阳光股票交易异常波动公告,股票交易异常波动 | 东阳光:东阳光股票交易异常波动公告,-3.77,-3.77,False,,,,强势,59.05,-0.41,4.11,0,2026-05-08,common_index_cache,-0.0,-0.5,-0.96,2.48,4.94,5.54,,,0.0,不推送,False,连续上榜确认,人气排名明显回落；缺少当日行情；v4趋势未转强且热度偏后；v4主力资金强净流出；v4事件谨慎扣分（异常波动）,强势归纳版：这类形态历史胜率不占优，先留给更干净的强势样本。,v4
2026-05-08,600884,杉杉股份,68,39435.0,10jqka,post_close,2026-05-08 15:00:00,2026-05-06,3,3,78.0,10.0,missing_price_file,,,,,,,,,,,,,,,,,,,,,,,,False,,,,强势,59.05,-0.41,4.11,0,2026-05-08,common_index_cache,-0.0,-0.5,-0.96,2.48,4.94,5.54,,,0.0,不推送,False,连续上榜确认；人气排名明显上升,缺少当日行情；v4趋势未转强且热度偏后,强势归纳版：这类形态历史胜率不占优，先留给更干净的强势样本。,v4
2026-05-08,000938,紫光股份,69,39286.0,10jqka,post_close,2026-05-08 15:00:00,2026-05-08,1,1,,,ok,2026-05-08,32.39,33.17,33.59,31.67,2127987.0,0.73,3.69,5.03,0.781,0.98,2.15,4.12,11.58,-1.34,0.219,False,False,0.0,,,,,False,,,,强势,59.05,-0.41,4.11,0,2026-05-08,common_index_cache,-0.0,-0.5,-0.96,2.48,4.94,5.54,1.14,0.92,82.4,普通观察,True,收盘承接较强；温和放量；近5日趋势升温；站上20日线且不过热；市场强势且个股相对强势；v4多头排列技术加分；v4缩量回踩MA5；v4靠近MA10承接；v4沿短均线抬升,-,强势归纳版：保留在候选池，优先跟踪早段强势和缩量承接，不主动接后段退潮样本。,v4
2026-05-08,600703,三安光电,70,39214.0,10jqka,post_close,2026-05-08 15:00:00,2026-05-06,3,3,99.0,29.0,ok,2026-05-08,14.95,15.28,15.45,14.77,2455606.0,0.92,11.78,9.22,0.75,1.02,5.07,3.95,12.07,-18.59,0.25,False,False,0.0,三安光电:三安光电股份有限公司关于控股股东权益变动触及1%刻度的提示公告,权益变动报告书 | 三安光电:三安光电股份有限公司关于控股股东权益变动触及1%刻度的提示公告,0.83,0.83,False,,,,强势,59.05,-0.41,4.11,0,2026-05-08,common_index_cache,-0.0,-0.5,-0.96,2.48,4.94,5.54,1.33,5.11,48.4,不推送,False,收盘承接较强；温和放量；近5日趋势升温；站上20日线且不过热；连续上榜确认；人气排名明显上升；市场强势且个股相对强势；v4主力资金净流入,v4乖离率过大；v4趋势未转强且热度偏后,强势归纳版：这类形态历史胜率不占优，先留给更干净的强势样本。,v4
2026-05-08,600589,大位科技,71,38806.0,10jqka,post_close,2026-05-08 15:00:00,2026-05-06,2,1,79.0,8.0,missing_price_file,,,,,,,,,,,,,,,,,,,,,,,,True,,,,强势,59.05,-0.41,4.11,0,2026-05-08,common_index_cache,-0.0,-0.5,-0.96,2.48,4.94,5.54,,,0.0,不推送,False,v4龙虎榜活跃,缺少当日行情,强势归纳版：这类形态历史胜率不占优，先留给更干净的强势样本。,v4
2026-05-08,000063,中兴通讯,72,38771.0,10jqka,post_close,2026-05-08 15:00:00,2026-05-06,2,1,87.0,15.0,missing_price_file,,,,,,,,,,,,,,,,,,,,中兴通讯:关于按照《香港上市规则》公布2026年4月份证券变动月报表的公告 | 中兴通讯:关于回购A股股份的进展公告,其他 | 回购进展情况 | 中兴通讯:关于按照《香港上市规则》公布2026年4月份证券变动月报表的公告 | 中兴通讯:关于回购A股股份的进展公告,-4.12,-4.12,False,,,,强势,59.05,-0.41,4.11,0,2026-05-08,common_index_cache,-0.0,-0.5,-0.96,2.48,4.94,5.54,,,0.0,不推送,False,人气排名明显上升；v4事件催化加分（回购）,缺少当日行情；v4主力资金强净流出,强势归纳版：这类形态历史胜率不占优，先留给更干净的强势样本。,v4
2026-05-08,603399,永杉锂业,73,38661.0,10jqka,post_close,2026-05-08 15:00:00,2026-05-06,3,3,15.0,-58.0,missing_price_file,,,,,,,,,,,,,,,,,,,,永杉锂业:永杉锂业股票交易异常波动公告,股票交易异常波动 | 永杉锂业:永杉锂业股票交易异常波动公告,,,True,,,,强势,59.05,-0.41,4.11,0,2026-05-08,common_index_cache,-0.0,-0.5,-0.96,2.48,4.94,5.54,,,0.0,不推送,False,连续上榜确认；v4龙虎榜活跃,人气排名明显回落；缺少当日行情；v4趋势未转强且热度偏后；v4事件谨慎扣分（异常波动）,强势归纳版：这类形态历史胜率不占优，先留给更干净的强势样本。,v4
2026-05-08,000592,平潭发展,74,38455.0,10jqka,post_close,2026-05-08 15:00:00,2026-05-07,2,2,74.0,0.0,missing_price_file,,,,,,,,,,,,,,,,,,,,,,2.16,2.16,False,,,,强势,59.05,-0.41,4.11,0,2026-05-08,common_index_cache,-0.0,-0.5,-0.96,2.48,4.94,5.54,,,0.0,不推送,False,连续上榜确认；v4主力资金净流入,缺少当日行情,强势归纳版：这类形态历史胜率不占优，先留给更干净的强势样本。,v4
2026-05-08,000720,新能泰山,75,38287.0,10jqka,post_close,2026-05-08 15:00:00,2026-05-08,1,1,,,missing_price_file,,,,,,,,,,,,,,,,,,,,新能泰山:2026年5月8日投资者关系活动记录表,调研活动 | 新能泰山:2026年5月8日投资者关系活动记录表,4.63,4.63,True,,,,强势,59.05,-0.41,4.11,0,2026-05-08,common_index_cache,-0.0,-0.5,-0.96,2.48,4.94,5.54,,,0.0,不推送,False,v4主力资金强净流入；v4龙虎榜活跃,缺少当日行情,强势归纳版：这类形态历史胜率不占优，先留给更干净的强势样本。,v4
2026-05-08,000977,浪潮信息,76,37519.0,10jqka,post_close,2026-05-08 15:00:00,2026-05-08,1,1,,,missing_price_file,,,,,,,,,,,,,,,,,,,,,,,,False,,,,强势,59.05,-0.41,4.11,0,2026-05-08,common_index_cache,-0.0,-0.5,-0.96,2.48,4.94,5.54,,,0.0,不推送,False,-,缺少当日行情,强势归纳版：这类形态历史胜率不占优，先留给更干净的强势样本。,v4
2026-05-08,300476,胜宏科技,77,37025.0,10jqka,post_close,2026-05-08 15:00:00,2026-05-07,2,2,83.0,6.0,missing_price_file,,,,,,,,,,,,,,,,,,,,胜宏科技:300476胜宏科技投资者关系管理信息20260508,调研活动 | 胜宏科技:300476胜宏科技投资者关系管理信息20260508,,,False,,,,强势,59.05,-0.41,4.11,0,2026-05-08,common_index_cache,-0.0,-0.5,-0.96,2.48,4.94,5.54,,,0.0,不推送,False,连续上榜确认,缺少当日行情,强势归纳版：这类形态历史胜率不占优，先留给更干净的强势样本。,v4
2026-05-08,000070,特发信息,78,36735.0,10jqka,post_close,2026-05-08 15:00:00,2026-05-07,2,2,37.0,-41.0,missing_price_file,,,,,,,,,,,,,,,,,,,,,,1.86,1.86,False,,,,强势,59.05,-0.41,4.11,0,2026-05-08,common_index_cache,-0.0,-0.5,-0.96,2.48,4.94,5.54,,,0.0,不推送,False,连续上榜确认；v4主力资金净流入,人气排名明显回落；缺少当日行情,强势归纳版：这类形态历史胜率不占优，先留给更干净的强势样本。,v4
2026-05-08,002181,粤传媒,79,36607.0,10jqka,post_close,2026-05-08 15:00:00,2026-05-06,3,3,13.0,-66.0,ok,2026-05-08,18.6,18.35,19.04,17.72,1136140.0,-1.98,11.28,27.25,0.477,0.89,5.84,18.7,27.85,-7.18,0.333,False,False,0.0,,,,,False,,,,强势,59.05,-0.41,4.11,0,2026-05-08,common_index_cache,-0.0,-0.5,-0.96,2.48,4.94,5.54,-1.57,23.14,17.4,不推送,False,温和放量；近5日强势延续；站上20日线且不过热；连续上榜确认；市场强势且个股相对强势；v4多头排列技术加分,当日转弱；短线涨幅偏高；人气排名明显回落；v4乖离率过大；v4远离短中期均线,强势归纳版：这类形态历史胜率不占优，先留给更干净的强势样本。,v4
2026-05-08,002261,拓维信息,80,36489.0,10jqka,post_close,2026-05-08 15:00:00,2026-05-08,1,1,,,missing_price_file,,,,,,,,,,,,,,,,,,,,拓维信息:关于收到湖南证监局对公司采取责令改正措施并对相关人员采取出具警示函措施的公告,其他 | 拓维信息:关于收到湖南证监局对公司采取责令改正措施并对相关人员采取出具警示函措施的公告,,,False,,,,强势,59.05,-0.41,4.11,0,2026-05-08,common_index_cache,-0.0,-0.5,-0.96,2.48,4.94,5.54,,,0.0,不推送,False,-,缺少当日行情；v4事件风险扣分（警示函）,强势归纳版：这类形态历史胜率不占优，先留给更干净的强势样本。,v4
2026-05-08,002183,怡亚通,81,36480.0,10jqka,post_close,2026-05-08 15:00:00,2026-05-08,1,1,,,missing_price_file,,,,,,,,,,,,,,,,,,,,,,,,False,,,,强势,59.05,-0.41,4.11,0,2026-05-08,common_index_cache,-0.0,-0.5,-0.96,2.48,4.94,5.54,,,0.0,不推送,False,-,缺少当日行情,强势归纳版：这类形态历史胜率不占优，先留给更干净的强势样本。,v4
2026-05-08,601698,中国卫通,82,36098.0,10jqka,post_close,2026-05-08 15:00:00,2026-05-08,1,1,,,missing_price_file,,,,,,,,,,,,,,,,,,,,,,,,False,,,,强势,59.05,-0.41,4.11,0,2026-05-08,common_index_cache,-0.0,-0.5,-0.96,2.48,4.94,5.54,,,0.0,不推送,False,-,缺少当日行情,强势归纳版：这类形态历史胜率不占优，先留给更干净的强势样本。,v4
2026-05-08,603937,丽岛新材,83,35962.0,10jqka,post_close,2026-05-08 15:00:00,2026-05-08,1,1,,,missing_price_file,,,,,,,,,,,,,,,,,,,,,,,,True,,,,强势,59.05,-0.41,4.11,0,2026-05-08,common_index_cache,-0.0,-0.5,-0.96,2.48,4.94,5.54,,,0.0,不推送,False,v4龙虎榜活跃,缺少当日行情,强势归纳版：这类形态历史胜率不占优，先留给更干净的强势样本。,v4
2026-05-08,603986,兆易创新,84,35926.0,10jqka,post_close,2026-05-08 15:00:00,2026-05-06,3,3,71.0,-13.0,ok,2026-05-08,341.0,334.1,343.3,331.8,440833.0,-4.59,6.74,8.65,0.2,0.95,1.22,5.13,12.53,-6.51,0.2,False,False,0.0,兆易创新:兆易创新关于持股5%以上股东权益变动触及1%刻度的提示性公告,权益变动报告书 | 兆易创新:兆易创新关于持股5%以上股东权益变动触及1%刻度的提示性公告,,,False,,,,强势,59.05,-0.41,4.11,0,2026-05-08,common_index_cache,-0.0,-0.5,-0.96,2.48,4.94,5.54,-4.18,4.54,40.4,不推送,False,温和放量；近5日趋势升温；站上20日线且不过热；连续上榜确认；市场强势且个股相对强势；v4多头排列技术加分；v4沿短均线抬升,当日转弱；收盘承接偏弱,强势归纳版：这类形态历史胜率不占优，先留给更干净的强势样本。,v4
2026-05-08,300502,新易盛,85,35844.0,10jqka,post_close,2026-05-08 15:00:00,2026-05-06,3,3,8.0,-77.0,ok,2026-05-08,553.0,551.67,560.99,546.47,298005.0,-2.1,4.92,3.03,0.358,0.79,2.14,-0.46,1.47,-12.13,0.55,False,False,0.0,,,,,False,,,,强势,59.05,-0.41,4.11,0,2026-05-08,common_index_cache,-0.0,-0.5,-0.96,2.48,4.94,5.54,-1.69,-1.08,0.0,不推送,False,站上20日线且不过热；连续上榜确认,当日转弱；收盘承接偏弱；人气排名明显回落；强势市里个股相对走弱；v4长上影承接转弱；v4趋势未转强且热度偏后,强势归纳版：这类形态历史胜率不占优，先留给更干净的强势样本。,v4
2026-05-08,601016,节能风电,86,35818.0,10jqka,post_close,2026-05-08 15:00:00,2026-05-06,3,3,21.0,-65.0,ok,2026-05-08,4.92,4.9,5.1,4.84,7256996.0,-1.8,15.02,3.59,0.231,1.06,4.7,6.96,13.39,-14.49,0.692,False,False,0.0,,,,,False,,,,强势,59.05,-0.41,4.11,0,2026-05-08,common_index_cache,-0.0,-0.5,-0.96,2.48,4.94,5.54,-1.39,-0.52,1.7,不推送,False,温和放量；站上20日线且不过热；连续上榜确认；v4多头排列技术加分,当日转弱；收盘承接偏弱；人气排名明显回落；强势市里个股相对走弱；v4短线偏离MA5过多；v4长上影承接转弱,强势归纳版：这类形态历史胜率不占优，先留给更干净的强势样本。,v4
2026-05-08,002176,江特电机,87,35469.0,10jqka,post_close,2026-05-08 15:00:00,2026-05-06,3,3,82.0,-5.0,missing_price_file,,,,,,,,,,,,,,,,,,,,江特电机:关于参加江西辖区上市公司2026年投资者网上集体接待日活动暨2025年度业绩说明会的公告,调研活动 | 江特电机:关于参加江西辖区上市公司2026年投资者网上集体接待日活动暨2025年度业绩说明会的公告,,,False,,,,强势,59.05,-0.41,4.11,0,2026-05-08,common_index_cache,-0.0,-0.5,-0.96,2.48,4.94,5.54,,,0.0,不推送,False,连续上榜确认,缺少当日行情；v4趋势未转强且热度偏后,强势归纳版：这类形态历史胜率不占优，先留给更干净的强势样本。,v4
2026-05-08,000559,万向钱潮,88,34552.0,10jqka,post_close,2026-05-08 15:00:00,2026-05-08,1,1,,,missing_price_file,,,,,,,,,,,,,,,,,,,,,,2.22,2.22,False,,,,强势,59.05,-0.41,4.11,0,2026-05-08,common_index_cache,-0.0,-0.5,-0.96,2.48,4.94,5.54,,,0.0,不推送,False,v4主力资金净流入,缺少当日行情,强势归纳版：这类形态历史胜率不占优，先留给更干净的强势样本。,v4
2026-05-08,300570,太辰光,89,34328.0,10jqka,post_close,2026-05-08 15:00:00,2026-05-08,1,1,,,missing_price_file,,,,,,,,,,,,,,,,,,,,,,,,False,,,,强势,59.05,-0.41,4.11,0,2026-05-08,common_index_cache,-0.0,-0.5,-0.96,2.48,4.94,5.54,,,0.0,不推送,False,-,缺少当日行情,强势归纳版：这类形态历史胜率不占优，先留给更干净的强势样本。,v4
2026-05-08,002131,利欧股份,90,34308.0,10jqka,post_close,2026-05-08 15:00:00,2026-05-06,2,1,64.0,-26.0,ok,2026-05-08,7.07,7.08,7.25,7.02,4791517.0,0.14,9.77,7.6,0.261,1.07,4.15,0.31,-6.13,-31.4,0.739,False,False,0.0,,,,,False,,,,强势,59.05,-0.41,4.11,0,2026-05-08,common_index_cache,-0.0,-0.5,-0.96,2.48,4.94,5.54,0.55,3.49,0.0,不推送,False,温和放量；近5日趋势升温；市场强势且个股相对强势,收盘承接偏弱；仍在20日线下方；人气排名明显回落；上影线偏长；v4短线偏离MA5过多；v4长上影承接转弱；v4正涨但收盘承接一般,强势归纳版：这类形态历史胜率不占优，先留给更干净的强势样本。,v4
2026-05-08,603993,洛阳钼业,91,34053.0,10jqka,post_close,2026-05-08 15:00:00,2026-05-08,1,1,,,missing_price_file,,,,,,,,,,,,,,,,,,,,,,,,False,,,,强势,59.05,-0.41,4.11,0,2026-05-08,common_index_cache,-0.0,-0.5,-0.96,2.48,4.94,5.54,,,0.0,不推送,False,-,缺少当日行情,强势归纳版：这类形态历史胜率不占优，先留给更干净的强势样本。,v4
2026-05-08,605222,起帆电缆,92,33890.0,10jqka,post_close,2026-05-08 15:00:00,2026-05-08,1,1,,,missing_price_file,,,,,,,,,,,,,,,,,,,,,,,,False,,,,强势,59.05,-0.41,4.11,0,2026-05-08,common_index_cache,-0.0,-0.5,-0.96,2.48,4.94,5.54,,,0.0,不推送,False,-,缺少当日行情,强势归纳版：这类形态历史胜率不占优，先留给更干净的强势样本。,v4
2026-05-08,600330,天通股份,93,33884.0,10jqka,post_close,2026-05-08 15:00:00,2026-05-06,3,3,68.0,-25.0,missing_price_file,,,,,,,,,,,,,,,,,,,,,,,,False,0.9605451349543254,0.1867331314577053,,强势,59.05,-0.41,4.11,0,2026-05-08,common_index_cache,-0.0,-0.5,-0.96,2.48,4.94,5.54,,,0.0,不推送,False,连续上榜确认；v4筹码集中加分,人气排名明显回落；缺少当日行情；v4趋势未转强且热度偏后；v4获利盘结构偏弱,强势归纳版：这类形态历史胜率不占优，先留给更干净的强势样本。,v4
2026-05-08,603598,引力传媒,94,33804.0,10jqka,post_close,2026-05-08 15:00:00,2026-05-08,1,1,,,missing_price_file,,,,,,,,,,,,,,,,,,,,,,,,False,,,,强势,59.05,-0.41,4.11,0,2026-05-08,common_index_cache,-0.0,-0.5,-0.96,2.48,4.94,5.54,,,0.0,不推送,False,-,缺少当日行情,强势归纳版：这类形态历史胜率不占优，先留给更干净的强势样本。,v4
2026-05-08,600379,宝光股份,95,33540.0,10jqka,post_close,2026-05-08 15:00:00,2026-05-06,3,3,23.0,-72.0,ok,2026-05-08,17.6,16.75,17.6,16.51,749524.0,-6.16,-0.18,20.85,0.22,1.38,-1.57,12.93,24.19,-17.53,0.0,False,False,0.0,,,,,False,,,,强势,59.05,-0.41,4.11,0,2026-05-08,common_index_cache,-0.0,-0.5,-0.96,2.48,4.94,5.54,-5.75,16.74,8.4,不推送,False,温和放量；近5日趋势升温；站上20日线且不过热；连续上榜确认；市场强势且个股相对强势,当日转弱；收盘承接偏弱；人气排名明显回落；v4远离短中期均线；v4趋势未转强且热度偏后,强势归纳版：这类形态历史胜率不占优，先留给更干净的强势样本。,v4
2026-05-08,600111,北方稀土,96,33303.0,10jqka,post_close,2026-05-08 15:00:00,2026-05-06,3,3,56.0,-40.0,missing_price_file,,,,,,,,,,,,,,,,,,,,,,,,False,,,,强势,59.05,-0.41,4.11,0,2026-05-08,common_index_cache,-0.0,-0.5,-0.96,2.48,4.94,5.54,,,0.0,不推送,False,连续上榜确认,人气排名明显回落；缺少当日行情；v4趋势未转强且热度偏后,强势归纳版：这类形态历史胜率不占优，先留给更干净的强势样本。,v4
2026-05-08,002519,银河电子,97,33208.0,10jqka,post_close,2026-05-08 15:00:00,2026-05-08,1,1,,,missing_price_file,,,,,,,,,,,,,,,,,,,,银河电子:关于子公司重大事项的进展公告,其他 | 银河电子:关于子公司重大事项的进展公告,,,False,,,,强势,59.05,-0.41,4.11,0,2026-05-08,common_index_cache,-0.0,-0.5,-0.96,2.48,4.94,5.54,,,0.0,不推送,False,-,缺少当日行情,强势归纳版：这类形态历史胜率不占优，先留给更干净的强势样本。,v4
2026-05-08,601179,中国西电,98,32938.0,10jqka,post_close,2026-05-08 15:00:00,2026-05-08,1,1,,,missing_price_file,,,,,,,,,,,,,,,,,,,,中国西电:中国西电产品中标公告,重大合同 | 中国西电:中国西电产品中标公告,,,False,,,,强势,59.05,-0.41,4.11,0,2026-05-08,common_index_cache,-0.0,-0.5,-0.96,2.48,4.94,5.54,,,0.0,不推送,False,v4事件催化加分（中标/重大合同）,缺少当日行情,强势归纳版：这类形态历史胜率不占优，先留给更干净的强势样本。,v4
2026-05-08,002044,美年健康,99,32783.0,10jqka,post_close,2026-05-08 15:00:00,2026-05-06,3,3,48.0,-51.0,missing_price_file,,,,,,,,,,,,,,,,,,,,,,,,False,,,,强势,59.05,-0.41,4.11,0,2026-05-08,common_index_cache,-0.0,-0.5,-0.96,2.48,4.94,5.54,,,0.0,不推送,False,连续上榜确认,人气排名明显回落；缺少当日行情；v4趋势未转强且热度偏后,强势归纳版：这类形态历史胜率不占优，先留给更干净的强势样本。,v4
2026-05-08,001896,豫能控股,100,31786.0,10jqka,post_close,2026-05-08 15:00:00,2026-05-06,2,1,81.0,-19.0,ok,2026-05-08,16.71,16.41,17.12,16.22,1361501.0,-2.09,7.68,4.32,0.211,0.78,0.38,-1.19,2.16,-12.94,0.456,False,False,0.0,,,,,False,,,,强势,59.05,-0.41,4.11,0,2026-05-08,common_index_cache,-0.0,-0.5,-0.96,2.48,4.94,5.54,-1.68,0.21,0.0,不推送,False,站上20日线且不过热,当日转弱；收盘承接偏弱；强势市里个股相对走弱；v4长上影承接转弱,强势归纳版：这类形态历史胜率不占优，先留给更干净的强势样本。,v4
2026-05-11,002580,圣阳股份,1,46310.0,10jqka,post_close,2026-05-11 15:00:00,2026-05-06,4,4,50.0,49.0,ok,2026-05-11,33.01,34.27,36.19,31.03,1743188.0,4.16,15.08,19.83,0.628,1.54,11.02,15.8,24.82,-5.31,0.372,False,False,0.0,,,,,True,,,,强势,80.25,2.06,4.59,0,2026-05-11,common_index_cache,1.08,2.16,3.5,2.86,5.15,6.56,2.1,15.24,76.4,不推送,False,人气Top3；当日上涨；温和放量；近5日趋势升温；站上20日线且不过热；连续上榜确认；人气排名明显上升；市场强势且个股相对强势；v4多头排列技术加分；v4龙虎榜提示关注,v4乖离率过大；v4远离短中期均线；v4长上影承接转弱,强势归纳版：这类形态历史胜率不占优，先留给更干净的强势样本。,v4
2026-05-11,002081,金螳螂,2,44622.0,10jqka,post_close,2026-05-11 15:00:00,2026-05-06,4,4,13.0,11.0,ok,2026-05-11,6.97,7.25,7.48,6.78,5811511.0,6.62,11.71,35.26,0.671,1.33,7.95,23.8,51.18,-3.07,0.329,False,False,0.0,金螳螂:关于工程中标的自愿性披露公告,重大合同 | 金螳螂:关于工程中标的自愿性披露公告,,,False,,,,强势,80.25,2.06,4.59,0,2026-05-11,common_index_cache,1.08,2.16,3.5,2.86,5.15,6.56,4.56,30.67,57.4,不推送,False,人气Top3；当日上涨；温和放量；近5日强势延续；连续上榜确认；人气排名明显上升；市场强势且个股相对强势；v4多头排列技术加分；v4事件催化加分（中标/重大合同）,短线涨幅偏高；远离20日线过多；v4乖离率过大；v4远离短中期均线,强势归纳版：这类形态历史胜率不占优，先留给更干净的强势样本。,v4
2026-05-11,002281,光迅科技,3,43621.0,10jqka,post_close,2026-05-11 15:00:00,2026-05-06,4,4,6.0,3.0,ok,2026-05-11,188.0,198.79,198.79,183.02,770319.0,10.0,31.81,49.61,1.0,1.07,18.48,32.2,50.58,0.0,0.0,True,False,0.0,,,,,True,,,,强势,80.25,2.06,4.59,0,2026-05-11,common_index_cache,1.08,2.16,3.5,2.86,5.15,6.56,7.94,45.02,68.4,观察池,False,人气Top3；当日涨停附近；收在日内高位；温和放量；连续上榜确认；市场强势且个股相对强势；v4多头排列技术加分；v4龙虎榜提示关注,短线涨幅过热；远离20日线过多；v4乖离率过大；v4远离短中期均线；涨停封板不可买,涨停封板不可买，放观察池跟踪,v4
2026-05-11,000547,航天发展,4,38528.0,10jqka,post_close,2026-05-11 15:00:00,2026-05-08,2,2,2.0,-2.0,missing_price_file,,,,,,,,,,,,,,,,,,,,,,-3.98,-3.98,False,,,,强势,80.25,2.06,4.59,0,2026-05-11,common_index_cache,1.08,2.16,3.5,2.86,5.15,6.56,,,4.0,不推送,False,人气Top10；连续上榜确认,缺少当日行情；v4主力资金强净流出,强势归纳版：这类形态历史胜率不占优，先留给更干净的强势样本。,v4
2026-05-11,600522,中天科技,5,35759.0,10jqka,post_close,2026-05-11 15:00:00,2026-05-06,4,4,7.0,2.0,ok,2026-05-11,44.98,43.86,44.99,42.75,4148832.0,7.24,25.71,27.95,0.496,1.69,14.73,20.66,32.17,-2.51,0.004,False,False,0.0,中天科技:江苏中天科技股份有限公司投资者关系活动记录表,调研活动 | 中天科技:江苏中天科技股份有限公司投资者关系活动记录表,,,False,,,,强势,80.25,2.06,4.59,0,2026-05-11,common_index_cache,1.08,2.16,3.5,2.86,5.15,6.56,5.18,23.36,53.4,不推送,False,人气Top10；当日强涨；温和放量；近5日强势延续；连续上榜确认；市场强势且个股相对强势；v4多头排列技术加分,短线涨幅偏高；偏离20日线较大；v4乖离率过大；v4远离短中期均线；v4正涨但收盘承接一般,强势归纳版：这类形态历史胜率不占优，先留给更干净的强势样本。,v4
2026-05-11,603538,美诺华,6,33767.0,10jqka,post_close,2026-05-11 15:00:00,2026-05-06,4,4,29.0,23.0,missing_price_file,,,,,,,,,,,,,,,,,,,,美诺华:宁波美诺华药业股份有限公司2025年年度股东会会议资料,股东大会资料 | 美诺华:宁波美诺华药业股份有限公司2025年年度股东会会议资料,,,True,,,,强势,80.25,2.06,4.59,0,2026-05-11,common_index_cache,1.08,2.16,3.5,2.86,5.15,6.56,,,21.0,不推送,False,人气Top10；连续上榜确认；人气排名明显上升；v4龙虎榜活跃,缺少当日行情,强势归纳版：这类形态历史胜率不占优，先留给更干净的强势样本。,v4
2026-05-11,601991,大唐发电,7,33596.0,10jqka,post_close,2026-05-11 15:00:00,2026-05-06,4,4,5.0,-2.0,ok,2026-05-11,6.0,6.09,6.09,5.88,2783118.0,9.93,32.97,41.96,1.0,0.57,19.83,32.19,42.81,0.0,0.0,True,False,0.0,,,,,False,,,,强势,80.25,2.06,4.59,0,2026-05-11,common_index_cache,1.08,2.16,3.5,2.86,5.15,6.56,7.87,37.37,69.4,观察池,False,人气Top10；当日涨停附近；收在日内高位；近5日强势延续；连续上榜确认；市场强势且个股相对强势；v4多头排列技术加分,短线涨幅偏高；偏离20日线较大；v4乖离率过大；v4远离短中期均线；涨停封板不可买,涨停封板不可买，放观察池跟踪,v4
2026-05-11,000066,中国长城,8,30240.0,10jqka,post_close,2026-05-11 15:00:00,2026-05-06,4,4,4.0,-4.0,ok,2026-05-11,24.52,23.4,24.77,23.25,5728646.0,1.34,7.34,29.86,0.099,1.43,4.38,18.57,32.91,-5.53,0.164,False,False,0.0,,,-9.07,-9.07,False,,,,强势,80.25,2.06,4.59,0,2026-05-11,common_index_cache,1.08,2.16,3.5,2.86,5.15,6.56,-0.72,25.27,20.4,不推送,False,人气Top10；温和放量；近5日强势延续；连续上榜确认；市场强势且个股相对强势；v4多头排列技术加分,收盘承接偏弱；短线涨幅偏高；偏离20日线较大；v4短线偏离MA5过多；v4远离短中期均线；v4正涨但收盘承接一般；v4主力资金强净流出；v4拉升但资金未跟随,强势归纳版：这类形态历史胜率不占优，先留给更干净的强势样本。,v4
2026-05-11,603778,国晟科技,9,29193.0,10jqka,post_close,2026-05-11 15:00:00,2026-05-06,4,4,20.0,11.0,ok,2026-05-11,25.05,24.29,26.15,24.29,1034458.0,-10.0,-12.97,-11.25,0.0,1.36,-7.78,-7.91,-11.67,-29.12,0.591,False,False,0.0,,,,,True,,,,强势,80.25,2.06,4.59,0,2026-05-11,common_index_cache,1.08,2.16,3.5,2.86,5.15,6.56,-12.06,-15.84,0.7,不推送,False,人气Top10；温和放量；连续上榜确认；人气排名明显上升；v4龙虎榜提示关注,当日转弱；收盘承接偏弱；近5日趋势未确认；仍在20日线下方；强势市里个股相对走弱；v4长上影承接转弱；v4跌破短均线,强势归纳版：这类形态历史胜率不占优，先留给更干净的强势样本。,v4
2026-05-11,600396,华电辽能,10,28090.0,10jqka,post_close,2026-05-11 15:00:00,2026-05-06,4,4,12.0,2.0,ok,2026-05-11,12.67,13.68,13.68,12.67,2386658.0,9.97,25.39,31.16,1.0,0.82,16.03,25.13,47.59,0.0,0.0,True,False,0.0,,,,,False,,,,强势,80.25,2.06,4.59,0,2026-05-11,common_index_cache,1.08,2.16,3.5,2.86,5.15,6.56,7.91,26.57,73.4,观察池,False,人气Top10；当日涨停附近；收在日内高位；温和放量；近5日强势延续；连续上榜确认；市场强势且个股相对强势；v4多头排列技术加分,短线涨幅偏高；远离20日线过多；v4乖离率过大；v4远离短中期均线；涨停封板不可买,涨停封板不可买，放观察池跟踪,v4
2026-05-11,002361,神剑股份,11,27334.0,10jqka,post_close,2026-05-11 15:00:00,2026-05-06,4,4,1.0,-10.0,ok,2026-05-11,21.65,22.25,22.64,21.04,2758260.0,1.6,4.9,10.97,0.756,1.07,3.48,4.12,10.24,-7.1,0.244,False,False,0.0,,,,,True,,,,强势,80.25,2.06,4.59,0,2026-05-11,common_index_cache,1.08,2.16,3.5,2.86,5.15,6.56,-0.46,6.38,88.4,普通观察,True,人气Top20；收盘承接较强；温和放量；近5日趋势升温；站上20日线且不过热；连续上榜确认；市场强势且个股相对强势；v4多头排列技术加分；v4沿短均线抬升；v4龙虎榜活跃,v4短线偏离MA5过多,强势归纳版：保留在候选池，优先跟踪早段强势和缩量承接，不主动接后段退潮样本。,v4
2026-05-11,601016,节能风电,12,26759.0,10jqka,post_close,2026-05-11 15:00:00,2026-05-06,4,4,86.0,74.0,ok,2026-05-11,4.89,5.12,5.26,4.89,7863881.0,4.49,9.17,12.28,0.622,1.16,6.84,9.26,17.1,-10.65,0.378,False,False,0.0,7-1关于中节能风力发电股份有限公司向特定对象发行股票申请文件的审核问询函的回复报告(中节能风力发电股份有限公司) | 7-2致同会计师事务所(特殊普通合伙)关于上海证券交易所《关于中节能风力发电股份有限公司向特定对象发行股票申请文件的审核问询函》的回复(中节能风力发电股份有限公司),沪主板再融资问询与回复 | 7-1关于中节能风力发电股份有限公司向特定对象发行股票申请文件的审核问询函的回复报告(中节能风力发电股份有限公司) | 7-2致同会计师事务所(特殊普通合伙)关于上海证券交易所《关于中节能风力发电股份有限公司向特定对象发行股票申请文件的审核问询函》的回复(中节能风力发电股份有限公司),,,False,,,,强势,80.25,2.06,4.59,0,2026-05-11,common_index_cache,1.08,2.16,3.5,2.86,5.15,6.56,2.43,7.69,54.4,不推送,False,人气Top20；当日上涨；温和放量；近5日趋势升温；站上20日线且不过热；连续上榜确认；人气排名明显上升；市场强势且个股相对强势；v4多头排列技术加分,v4乖离率过大；v4远离短中期均线；v4长上影承接转弱；v4事件风险扣分（问询）,强势归纳版：这类形态历史胜率不占优，先留给更干净的强势样本。,v4
2026-05-11,002217,合力泰,13,26061.0,10jqka,post_close,2026-05-11 15:00:00,2026-05-06,4,4,17.0,4.0,missing_price_file,,,,,,,,,,,,,,,,,,,,,,,,False,,,,强势,80.25,2.06,4.59,0,2026-05-11,common_index_cache,1.08,2.16,3.5,2.86,5.15,6.56,,,4.0,不推送,False,人气Top20；连续上榜确认,缺少当日行情,强势归纳版：这类形态历史胜率不占优，先留给更干净的强势样本。,v4
2026-05-11,002185,华天科技,14,25211.0,10jqka,post_close,2026-05-11 15:00:00,2026-05-06,3,1,100.0,86.0,ok,2026-05-11,14.01,14.74,14.75,14.01,3194996.0,7.28,8.22,15.43,0.986,1.61,6.58,11.35,14.41,-3.97,0.014,False,False,0.0,,,,,False,,,,强势,80.25,2.06,4.59,0,2026-05-11,common_index_cache,1.08,2.16,3.5,2.86,5.15,6.56,5.22,10.84,82.4,普通观察,True,人气Top20；当日强涨；收在日内高位；温和放量；近5日趋势升温；站上20日线且不过热；人气排名明显上升；市场强势且个股相对强势；v4多头排列技术加分,v4乖离率过大；v4远离短中期均线,强势归纳版：保留在候选池，优先跟踪早段强势和缩量承接，不主动接后段退潮样本。,v4
2026-05-11,600584,长电科技,15,24939.0,10jqka,post_close,2026-05-11 15:00:00,2026-05-06,3,1,84.0,69.0,ok,2026-05-11,53.8,55.83,55.83,53.19,1629943.0,10.01,15.83,25.86,1.0,1.28,12.06,17.74,22.48,0.0,0.0,True,False,0.0,,,,,False,,,,强势,80.25,2.06,4.59,0,2026-05-11,common_index_cache,1.08,2.16,3.5,2.86,5.15,6.56,7.95,21.27,81.4,观察池,False,人气Top20；当日涨停附近；收在日内高位；温和放量；近5日强势延续；站上20日线且不过热；人气排名明显上升；市场强势且个股相对强势；v4多头排列技术加分,短线涨幅偏高；v4乖离率过大；v4远离短中期均线；涨停封板不可买,涨停封板不可买，放观察池跟踪,v4
2026-05-11,603407,长裕集团,16,24391.0,10jqka,post_close,2026-05-11 15:00:00,2026-05-11,1,1,,,missing_price_file,,,,,,,,,,,,,,,,,,,,关于N长裕(603407)盘中临时停牌的公告,交易所停复牌公告 | 关于N长裕(603407)盘中临时停牌的公告,,,True,,,,强势,80.25,2.06,4.59,0,2026-05-11,common_index_cache,1.08,2.16,3.5,2.86,5.15,6.56,,,1.0,不推送,False,人气Top20；v4龙虎榜活跃,缺少当日行情,强势归纳版：这类形态历史胜率不占优，先留给更干净的强势样本。,v4
2026-05-11,002565,顺灏股份,17,24120.0,10jqka,post_close,2026-05-11 15:00:00,2026-05-06,4,4,10.0,-7.0,missing_price_file,,,,,,,,,,,,,,,,,,,,,,,,False,,,,强势,80.25,2.06,4.59,0,2026-05-11,common_index_cache,1.08,2.16,3.5,2.86,5.15,6.56,,,4.0,不推送,False,人气Top20；连续上榜确认,缺少当日行情,强势归纳版：这类形态历史胜率不占优，先留给更干净的强势样本。,v4
2026-05-11,600487,亨通光电,18,22742.0,10jqka,post_close,2026-05-11 15:00:00,2026-05-06,4,4,22.0,4.0,ok,2026-05-11,79.3,74.99,79.9,73.83,2388971.0,-2.95,4.44,11.29,0.191,1.44,2.52,5.35,17.09,-6.15,0.099,False,False,0.0,,,,,False,,,,强势,80.25,2.06,4.59,0,2026-05-11,common_index_cache,1.08,2.16,3.5,2.86,5.15,6.56,-5.01,6.7,56.4,不推送,False,人气Top20；温和放量；近5日趋势升温；站上20日线且不过热；连续上榜确认；市场强势且个股相对强势；v4多头排列技术加分；v4沿短均线抬升,当日转弱；收盘承接偏弱,强势归纳版：这类形态历史胜率不占优，先留给更干净的强势样本。,v4
2026-05-11,601138,工业富联,19,21403.0,10jqka,post_close,2026-05-11 15:00:00,2026-05-06,4,4,40.0,21.0,ok,2026-05-11,64.2,65.85,65.87,63.0,2724029.0,4.06,4.39,-0.62,0.993,1.12,3.13,0.7,5.53,-4.7,0.007,False,False,0.0,,,,,False,,,,强势,80.25,2.06,4.59,0,2026-05-11,common_index_cache,1.08,2.16,3.5,2.86,5.15,6.56,2.0,-5.21,69.4,不推送,False,人气Top20；当日上涨；收在日内高位；温和放量；站上20日线且不过热；连续上榜确认；人气排名明显上升；市场强势且个股相对强势,近5日趋势未确认；v4短线偏离MA5过多,强势归纳版：这类形态历史胜率不占优，先留给更干净的强势样本。,v4
2026-05-11,301531,春光集团,20,21201.0,10jqka,post_close,2026-05-11 15:00:00,2026-05-11,1,1,,,missing_price_file,,,,,,,,,,,,,,,,,,,,,,,,True,,,,强势,80.25,2.06,4.59,0,2026-05-11,common_index_cache,1.08,2.16,3.5,2.86,5.15,6.56,,,1.0,不推送,False,人气Top20；v4龙虎榜活跃,缺少当日行情,强势归纳版：这类形态历史胜率不占优，先留给更干净的强势样本。,v4
2026-05-11,002342,巨力索具,21,20806.0,10jqka,post_close,2026-05-11 15:00:00,2026-05-06,4,4,3.0,-18.0,ok,2026-05-11,21.63,22.17,22.78,21.47,2614571.0,0.27,10.24,17.3,0.534,1.07,4.26,10.78,16.19,-7.62,0.466,False,False,0.0,,,,,False,,,,强势,80.25,2.06,4.59,0,2026-05-11,common_index_cache,1.08,2.16,3.5,2.86,5.15,6.56,-1.79,12.71,33.4,不推送,False,人气Top50；温和放量；近5日趋势升温；站上20日线且不过热；连续上榜确认；市场强势且个股相对强势；v4多头排列技术加分,上影线偏长；v4短线偏离MA5过多；v4远离短中期均线；v4长上影承接转弱；v4正涨但收盘承接一般,强势归纳版：这类形态历史胜率不占优，先留给更干净的强势样本。,v4
2026-05-11,000988,华工科技,22,19599.0,10jqka,post_close,2026-05-11 15:00:00,2026-05-06,4,4,33.0,11.0,ok,2026-05-11,139.98,147.56,148.78,139.93,1053847.0,7.95,17.87,23.96,0.862,1.06,11.37,18.16,22.0,-0.82,0.138,False,False,0.0,,,,,False,,,,强势,80.25,2.06,4.59,0,2026-05-11,common_index_cache,1.08,2.16,3.5,2.86,5.15,6.56,5.89,19.37,76.4,不推送,False,人气Top50；当日强涨；收盘承接较强；温和放量；近5日趋势升温；站上20日线且不过热；连续上榜确认；人气排名明显上升；市场强势且个股相对强势；v4多头排列技术加分,v4乖离率过大；v4远离短中期均线,强势归纳版：这类形态历史胜率不占优，先留给更干净的强势样本。,v4
2026-05-11,600111,北方稀土,23,18933.0,10jqka,post_close,2026-05-11 15:00:00,2026-05-06,4,4,96.0,73.0,missing_price_file,,,,,,,,,,,,,,,,,,,,,,,,False,,,,强势,80.25,2.06,4.59,0,2026-05-11,common_index_cache,1.08,2.16,3.5,2.86,5.15,6.56,,,0.0,不推送,False,人气Top50；连续上榜确认；人气排名明显上升,缺少当日行情；v4趋势未转强且热度偏后,强势归纳版：这类形态历史胜率不占优，先留给更干净的强势样本。,v4
2026-05-11,002008,大族激光,24,18716.0,10jqka,post_close,2026-05-11 15:00:00,2026-05-07,3,3,63.0,39.0,missing_price_file,,,,,,,,,,,,,,,,,,,,,,,,True,,,,强势,80.25,2.06,4.59,0,2026-05-11,common_index_cache,1.08,2.16,3.5,2.86,5.15,6.56,,,1.0,不推送,False,人气Top50；连续上榜确认；人气排名明显上升；v4龙虎榜活跃,缺少当日行情；v4趋势未转强且热度偏后,强势归纳版：这类形态历史胜率不占优，先留给更干净的强势样本。,v4
2026-05-11,600186,莲花控股,25,18697.0,10jqka,post_close,2026-05-11 15:00:00,2026-05-06,4,4,21.0,-4.0,ok,2026-05-11,10.5,10.3,10.67,9.8,3447625.0,-1.9,-9.65,-4.81,0.575,0.97,-4.72,0.35,14.1,-10.82,0.195,False,False,0.0,,,,,False,,,,强势,80.25,2.06,4.59,0,2026-05-11,common_index_cache,1.08,2.16,3.5,2.86,5.15,6.56,-3.96,-9.4,16.7,不推送,False,人气Top50；温和放量；站上20日线且不过热；连续上榜确认,当日转弱；近5日趋势未确认；强势市里个股相对走弱；v4趋势未转强且热度偏后,强势归纳版：这类形态历史胜率不占优，先留给更干净的强势样本。,v4
2026-05-11,002156,通富微电,26,18547.0,10jqka,post_close,2026-05-11 15:00:00,2026-05-06,4,4,43.0,17.0,ok,2026-05-11,60.01,61.22,62.23,59.41,2015832.0,7.1,7.5,23.68,0.642,1.47,6.96,14.9,22.08,-1.62,0.358,False,False,0.0,,,,,False,,,,强势,80.25,2.06,4.59,0,2026-05-11,common_index_cache,1.08,2.16,3.5,2.86,5.15,6.56,5.04,19.09,60.4,不推送,False,人气Top50；当日强涨；温和放量；近5日趋势升温；站上20日线且不过热；连续上榜确认；人气排名明显上升；市场强势且个股相对强势；v4多头排列技术加分,v4乖离率过大；v4远离短中期均线；v4长上影承接转弱,强势归纳版：这类形态历史胜率不占优，先留给更干净的强势样本。,v4
2026-05-11,300136,信维通信,27,18241.0,10jqka,post_close,2026-05-11 15:00:00,2026-05-06,4,4,54.0,27.0,missing_price_file,,,,,,,,,,,,,,,,,,,,,,,,False,,,,强势,80.25,2.06,4.59,0,2026-05-11,common_index_cache,1.08,2.16,3.5,2.86,5.15,6.56,,,0.0,不推送,False,人气Top50；连续上榜确认；人气排名明显上升,缺少当日行情；v4趋势未转强且热度偏后,强势归纳版：这类形态历史胜率不占优，先留给更干净的强势样本。,v4
2026-05-11,603278,大业股份,28,17395.0,10jqka,post_close,2026-05-11 15:00:00,2026-05-11,1,1,,,missing_price_file,,,,,,,,,,,,,,,,,,,,,,,,True,,,,强势,80.25,2.06,4.59,0,2026-05-11,common_index_cache,1.08,2.16,3.5,2.86,5.15,6.56,,,0.0,不推送,False,人气Top50；v4龙虎榜活跃,缺少当日行情,强势归纳版：这类形态历史胜率不占优，先留给更干净的强势样本。,v4
2026-05-11,300308,中际旭创,29,17021.0,10jqka,post_close,2026-05-11 15:00:00,2026-05-06,4,4,41.0,12.0,ok,2026-05-11,889.06,940.13,946.79,870.0,322655.0,6.11,9.83,11.26,0.913,1.29,6.42,7.76,12.63,-0.7,0.087,False,False,0.0,,,,,False,,,,强势,80.25,2.06,4.59,0,2026-05-11,common_index_cache,1.08,2.16,3.5,2.86,5.15,6.56,4.05,6.67,82.4,普通观察,True,人气Top50；当日上涨；收在日内高位；温和放量；近5日趋势升温；站上20日线且不过热；连续上榜确认；人气排名明显上升；市场强势且个股相对强势；v4多头排列技术加分,v4乖离率过大,强势归纳版：保留在候选池，优先跟踪早段强势和缩量承接，不主动接后段退潮样本。,v4
2026-05-11,002428,云南锗业,30,16844.0,10jqka,post_close,2026-05-11 15:00:00,2026-05-06,4,4,53.0,23.0,missing_price_file,,,,,,,,,,,,,,,,,,,,云南锗业:2026年5月11日投资者关系活动记录表,调研活动 | 云南锗业:2026年5月11日投资者关系活动记录表,,,False,,,,强势,80.25,2.06,4.59,0,2026-05-11,common_index_cache,1.08,2.16,3.5,2.86,5.15,6.56,,,0.0,不推送,False,人气Top50；连续上榜确认；人气排名明显上升,缺少当日行情；v4趋势未转强且热度偏后,强势归纳版：这类形态历史胜率不占优，先留给更干净的强势样本。,v4
2026-05-11,301308,江波龙,31,16677.0,10jqka,post_close,2026-05-11 15:00:00,2026-05-06,3,1,55.0,24.0,ok,2026-05-11,528.0,556.66,564.95,515.0,269581.0,15.97,15.65,34.36,0.834,1.14,15.85,28.76,39.62,-1.47,0.166,True,False,0.0,江波龙:关于为子公司提供担保的进展公告 | 江波龙:董事会薪酬与考核委员会关于2026年限制性股票激励计划首次授予激励对象名单的公示情况说明及核查意见,提供/对外担保公告 | 专项说明/独立意见 | 江波龙:关于为子公司提供担保的进展公告 | 江波龙:董事会薪酬与考核委员会关于2026年限制性股票激励计划首次授予激励对象名单的公示情况说明及核查意见,,,False,,,,强势,80.25,2.06,4.59,0,2026-05-11,common_index_cache,1.08,2.16,3.5,2.86,5.15,6.56,13.91,29.77,57.4,观察池,False,人气Top50；当日涨停附近；收盘承接较强；温和放量；近5日强势延续；人气排名明显上升；市场强势且个股相对强势；v4多头排列技术加分,短线涨幅偏高；偏离20日线较大；v4乖离率过大；v4远离短中期均线；涨停封板不可买,涨停封板不可买，放观察池跟踪,v4
2026-05-11,601727,上海电气,32,16305.0,10jqka,post_close,2026-05-11 15:00:00,2026-05-11,1,1,,,missing_price_file,,,,,,,,,,,,,,,,,,,,,,,,False,,,,强势,80.25,2.06,4.59,0,2026-05-11,common_index_cache,1.08,2.16,3.5,2.86,5.15,6.56,,,0.0,不推送,False,人气Top50,缺少当日行情,强势归纳版：这类形态历史胜率不占优，先留给更干净的强势样本。,v4
2026-05-11,600745,*ST闻泰,33,15982.0,10jqka,post_close,2026-05-11 15:00:00,2026-05-06,3,1,16.0,-17.0,ok,2026-05-11,22.9,22.9,22.9,22.9,15236.0,-4.98,-14.26,-17.63,1.0,0.14,-9.98,-14.87,-21.15,-36.71,,False,False,0.0,,,,,False,,,,强势,80.25,2.06,4.59,0,2026-05-11,common_index_cache,1.08,2.16,3.5,2.86,5.15,6.56,-7.04,-22.22,0.0,不推送,False,人气Top50；收在日内高位,当日转弱；量能不足；近5日趋势未确认；仍在20日线下方；强势市里个股相对走弱；v4跌破短均线,强势归纳版：这类形态历史胜率不占优，先留给更干净的强势样本。,v4
2026-05-11,603629,利通电子,34,15976.0,10jqka,post_close,2026-05-11 15:00:00,2026-05-06,4,4,28.0,-6.0,ok,2026-05-11,167.55,162.82,167.55,152.25,438806.0,-2.85,2.5,24.02,0.691,1.29,2.8,18.24,42.65,-6.2,0.0,False,False,0.0,,,,,False,,,,强势,80.25,2.06,4.59,0,2026-05-11,common_index_cache,1.08,2.16,3.5,2.86,5.15,6.56,-4.91,19.43,38.4,不推送,False,人气Top50；温和放量；近5日趋势升温；连续上榜确认；市场强势且个股相对强势；v4多头排列技术加分,当日转弱；偏离20日线较大；v4远离短中期均线,强势归纳版：这类形态历史胜率不占优，先留给更干净的强势样本。,v4
2026-05-11,300058,蓝色光标,35,15838.0,10jqka,post_close,2026-05-11 15:00:00,2026-05-06,3,2,18.0,-17.0,ok,2026-05-11,18.88,18.93,19.65,18.59,6033783.0,1.28,4.88,8.86,0.321,1.14,2.78,5.26,6.35,-17.3,0.679,False,False,0.0,,,,,False,,,,强势,80.25,2.06,4.59,0,2026-05-11,common_index_cache,1.08,2.16,3.5,2.86,5.15,6.56,-0.78,4.27,38.4,不推送,False,人气Top50；温和放量；近5日趋势升温；站上20日线且不过热；连续上榜确认；市场强势且个股相对强势；v4多头排列技术加分；v4沿短均线抬升,收盘承接偏弱；上影线偏长；v4长上影承接转弱；v4正涨但收盘承接一般,强势归纳版：这类形态历史胜率不占优，先留给更干净的强势样本。,v4
2026-05-11,002475,立讯精密,36,15686.0,10jqka,post_close,2026-05-11 15:00:00,2026-05-06,4,4,27.0,-9.0,ok,2026-05-11,75.5,76.06,78.42,74.46,2700154.0,6.69,13.39,10.81,0.404,1.34,8.36,9.41,16.59,-3.01,0.596,False,False,0.0,,,,,False,,,,强势,80.25,2.06,4.59,0,2026-05-11,common_index_cache,1.08,2.16,3.5,2.86,5.15,6.56,4.63,6.22,22.4,不推送,False,人气Top50；当日上涨；温和放量；近5日趋势升温；站上20日线且不过热；连续上榜确认；市场强势且个股相对强势；v4多头排列技术加分,收盘承接偏弱；上影线偏长；v4乖离率过大；v4远离短中期均线；v4长上影承接转弱；v4正涨但收盘承接一般,强势归纳版：这类形态历史胜率不占优，先留给更干净的强势样本。,v4
2026-05-11,601778,晶科科技,37,15469.0,10jqka,post_close,2026-05-11 15:00:00,2026-05-06,4,4,56.0,19.0,ok,2026-05-11,7.5,7.3,7.7,7.25,5598967.0,-1.22,2.1,4.89,0.111,0.97,2.07,2.61,10.77,-7.36,0.444,False,False,0.0,,,,,False,,,,强势,80.25,2.06,4.59,0,2026-05-11,common_index_cache,1.08,2.16,3.5,2.86,5.15,6.56,-3.28,0.3,26.7,不推送,False,人气Top50；温和放量；站上20日线且不过热；连续上榜确认；人气排名明显上升；v4多头排列技术加分；v4沿短均线抬升,当日转弱；收盘承接偏弱；强势市里个股相对走弱；v4长上影承接转弱,强势归纳版：这类形态历史胜率不占优，先留给更干净的强势样本。,v4
2026-05-11,002202,金风科技,38,15020.0,10jqka,post_close,2026-05-11 15:00:00,2026-05-06,4,4,19.0,-19.0,ok,2026-05-11,28.9,28.16,28.99,28.0,2246451.0,-1.16,0.79,9.44,0.162,0.87,0.14,4.47,8.05,-15.44,0.091,False,False,0.0,,,,,False,,,,强势,80.25,2.06,4.59,0,2026-05-11,common_index_cache,1.08,2.16,3.5,2.86,5.15,6.56,-3.22,4.85,48.4,不推送,False,人气Top50；温和放量；近5日趋势升温；站上20日线且不过热；连续上榜确认；市场强势且个股相对强势；v4多头排列技术加分；v4沿短均线抬升,当日转弱；收盘承接偏弱,强势归纳版：这类形态历史胜率不占优，先留给更干净的强势样本。,v4
2026-05-11,002491,通鼎互联,39,15002.0,10jqka,post_close,2026-05-11 15:00:00,2026-05-07,2,1,38.0,-1.0,ok,2026-05-11,22.73,22.73,22.73,22.23,873185.0,10.02,33.16,37.18,1.0,0.76,19.58,28.08,36.24,0.0,0.0,True,False,0.0,通鼎互联:股票交易异常波动公告,股票交易异常波动 | 通鼎互联:股票交易异常波动公告,,,False,,,,强势,80.25,2.06,4.59,0,2026-05-11,common_index_cache,1.08,2.16,3.5,2.86,5.15,6.56,7.96,32.59,42.4,观察池,False,人气Top50；当日涨停附近；收在日内高位；近5日强势延续；市场强势且个股相对强势；v4多头排列技术加分,短线涨幅偏高；偏离20日线较大；v4乖离率过大；v4远离短中期均线；v4事件谨慎扣分（异常波动）；涨停封板不可买,涨停封板不可买，放观察池跟踪,v4
2026-05-11,002384,东山精密,40,14801.0,10jqka,post_close,2026-05-11 15:00:00,2026-05-06,4,4,32.0,-8.0,ok,2026-05-11,212.0,218.3,222.6,208.47,894415.0,3.27,13.77,18.48,0.696,0.99,7.08,12.02,25.2,-1.93,0.304,False,False,0.0,,,,,False,,,,强势,80.25,2.06,4.59,0,2026-05-11,common_index_cache,1.08,2.16,3.5,2.86,5.15,6.56,1.21,13.89,54.4,不推送,False,人气Top50；当日上涨；温和放量；近5日趋势升温；站上20日线且不过热；连续上榜确认；市场强势且个股相对强势；v4多头排列技术加分,v4乖离率过大；v4远离短中期均线,强势归纳版：这类形态历史胜率不占优，先留给更干净的强势样本。,v4
2026-05-11,688008,澜起科技,41,14512.0,10jqka,post_close,2026-05-11 15:00:00,2026-05-06,2,1,85.0,44.0,ok,2026-05-11,231.26,249.22,252.32,230.0,110214205.0,18.52,25.25,46.69,0.861,1.48,19.62,32.11,46.59,-1.23,0.139,True,False,0.0,,,,,False,,,,强势,80.25,2.06,4.59,0,2026-05-11,common_index_cache,1.08,2.16,3.5,2.86,5.15,6.56,16.46,42.1,34.4,观察池,False,人气Top50；当日涨停附近；收盘承接较强；温和放量；人气排名明显上升；市场强势且个股相对强势；v4多头排列技术加分,短线涨幅过热；远离20日线过多；v4乖离率过大；v4远离短中期均线；涨停封板不可买,涨停封板不可买，放观察池跟踪,v4
2026-05-11,002640,跨境通,42,14320.0,10jqka,post_close,2026-05-11 15:00:00,2026-05-11,1,1,,,missing_price_file,,,,,,,,,,,,,,,,,,,,,,22.27,22.27,False,,,,强势,80.25,2.06,4.59,0,2026-05-11,common_index_cache,1.08,2.16,3.5,2.86,5.15,6.56,,,0.0,不推送,False,人气Top50；v4主力资金强净流入,缺少当日行情,强势归纳版：这类形态历史胜率不占优，先留给更干净的强势样本。,v4
2026-05-11,600726,华电能源,43,14311.0,10jqka,post_close,2026-05-11 15:00:00,2026-05-06,4,4,47.0,4.0,missing_price_file,,,,,,,,,,,,,,,,,,,,,,,,False,,,,强势,80.25,2.06,4.59,0,2026-05-11,common_index_cache,1.08,2.16,3.5,2.86,5.15,6.56,,,0.0,不推送,False,人气Top50；连续上榜确认,缺少当日行情；v4趋势未转强且热度偏后,强势归纳版：这类形态历史胜率不占优，先留给更干净的强势样本。,v4
2026-05-11,300142,沃森生物,44,14051.0,10jqka,post_close,2026-05-11 15:00:00,2026-05-11,1,1,,,missing_price_file,,,,,,,,,,,,,,,,,,,,,,,,False,,,,强势,80.25,2.06,4.59,0,2026-05-11,common_index_cache,1.08,2.16,3.5,2.86,5.15,6.56,,,0.0,不推送,False,人气Top50,缺少当日行情,强势归纳版：这类形态历史胜率不占优，先留给更干净的强势样本。,v4
2026-05-11,002181,粤传媒,45,13957.0,10jqka,post_close,2026-05-11 15:00:00,2026-05-06,4,4,79.0,34.0,ok,2026-05-11,18.35,19.06,19.2,18.11,1146541.0,3.87,5.07,27.15,0.872,0.9,5.0,18.63,30.05,-3.59,0.128,False,False,0.0,,,,,False,,,,强势,80.25,2.06,4.59,0,2026-05-11,common_index_cache,1.08,2.16,3.5,2.86,5.15,6.56,1.81,22.56,58.4,不推送,False,人气Top50；当日上涨；收盘承接较强；温和放量；近5日强势延续；连续上榜确认；人气排名明显上升；市场强势且个股相对强势；v4多头排列技术加分,短线涨幅偏高；偏离20日线较大；v4短线偏离MA5过多；v4远离短中期均线,强势归纳版：这类形态历史胜率不占优，先留给更干净的强势样本。,v4
2026-05-11,000592,平潭发展,46,13592.0,10jqka,post_close,2026-05-11 15:00:00,2026-05-07,3,3,74.0,28.0,missing_price_file,,,,,,,,,,,,,,,,,,,,,,3.8,3.8,False,,,,强势,80.25,2.06,4.59,0,2026-05-11,common_index_cache,1.08,2.16,3.5,2.86,5.15,6.56,,,4.0,不推送,False,人气Top50；连续上榜确认；人气排名明显上升；v4主力资金强净流入,缺少当日行情；v4趋势未转强且热度偏后,强势归纳版：这类形态历史胜率不占优，先留给更干净的强势样本。,v4
2026-05-11,600759,ST洲际,47,13411.0,10jqka,post_close,2026-05-11 15:00:00,2026-05-06,3,1,54.0,7.0,ok,2026-05-11,3.81,3.81,3.81,3.81,35002.0,-4.99,-14.19,-22.56,1.0,0.79,-9.93,-18.64,-24.16,-58.09,,False,False,0.0,,,,,True,,,,强势,80.25,2.06,4.59,0,2026-05-11,common_index_cache,1.08,2.16,3.5,2.86,5.15,6.56,-7.05,-27.15,0.0,不推送,False,人气Top50；收在日内高位；v4龙虎榜活跃,当日转弱；近5日趋势未确认；仍在20日线下方；强势市里个股相对走弱；v4跌破短均线,强势归纳版：这类形态历史胜率不占优，先留给更干净的强势样本。,v4
2026-05-11,002297,博云新材,48,13323.0,10jqka,post_close,2026-05-11 15:00:00,2026-05-06,4,4,24.0,-24.0,ok,2026-05-11,26.46,25.15,26.65,24.83,1546773.0,-2.18,4.75,8.36,0.176,0.81,1.31,7.03,29.11,-5.63,0.104,False,False,0.0,,,,,False,,,,强势,80.25,2.06,4.59,0,2026-05-11,common_index_cache,1.08,2.16,3.5,2.86,5.15,6.56,-4.24,3.77,26.4,不推送,False,人气Top50；温和放量；近5日趋势升温；连续上榜确认；市场强势且个股相对强势；v4多头排列技术加分；v4沿短均线抬升,当日转弱；收盘承接偏弱；偏离20日线较大；人气排名明显回落；v4远离短中期均线,强势归纳版：这类形态历史胜率不占优，先留给更干净的强势样本。,v4
2026-05-11,600105,永鼎股份,49,13284.0,10jqka,post_close,2026-05-11 15:00:00,2026-05-07,3,3,9.0,-40.0,ok,2026-05-11,50.58,51.4,52.5,48.93,1864012.0,2.92,17.67,18.65,0.692,1.07,9.38,9.56,18.87,-2.1,0.308,False,False,0.0,,,,,False,,,,强势,80.25,2.06,4.59,0,2026-05-11,common_index_cache,1.08,2.16,3.5,2.86,5.15,6.56,0.86,14.06,42.4,不推送,False,人气Top50；温和放量；近5日趋势升温；站上20日线且不过热；连续上榜确认；市场强势且个股相对强势；v4多头排列技术加分,人气排名明显回落；v4乖离率过大；v4远离短中期均线,强势归纳版：这类形态历史胜率不占优，先留给更干净的强势样本。,v4
2026-05-11,601868,中国能建,50,13271.0,10jqka,post_close,2026-05-11 15:00:00,2026-05-07,3,3,35.0,-15.0,ok,2026-05-11,3.23,3.25,3.41,3.23,16914382.0,0.93,14.44,14.04,0.111,1.75,6.49,9.72,10.92,-17.51,0.889,False,False,0.0,,,,,False,,,,强势,80.25,2.06,4.59,0,2026-05-11,common_index_cache,1.08,2.16,3.5,2.86,5.15,6.56,-1.13,9.45,14.4,不推送,False,人气Top50；温和放量；近5日趋势升温；站上20日线且不过热；连续上榜确认；市场强势且个股相对强势；v4多头排列技术加分,收盘承接偏弱；上影线偏长；v4乖离率过大；v4远离短中期均线；v4长上影承接转弱；v4正涨但收盘承接一般,强势归纳版：这类形态历史胜率不占优，先留给更干净的强势样本。,v4
2026-05-11,600330,天通股份,51,13260.0,10jqka,post_close,2026-05-11 15:00:00,2026-05-06,4,4,93.0,42.0,missing_price_file,,,,,,,,,,,,,,,,,,,,,,,,False,1.0,0.2078604716177475,,强势,80.25,2.06,4.59,0,2026-05-11,common_index_cache,1.08,2.16,3.5,2.86,5.15,6.56,,,0.0,不推送,False,连续上榜确认；人气排名明显上升；v4筹码集中加分,缺少当日行情；v4趋势未转强且热度偏后；v4获利盘结构偏弱,强势归纳版：这类形态历史胜率不占优，先留给更干净的强势样本。,v4
2026-05-11,600703,三安光电,52,13248.0,10jqka,post_close,2026-05-11 15:00:00,2026-05-06,4,4,70.0,18.0,ok,2026-05-11,15.62,16.04,16.33,15.6,3697353.0,4.97,9.26,15.06,0.603,1.52,7.2,8.31,16.1,-14.54,0.397,False,False,0.0,,,6.65,6.65,False,,,,强势,80.25,2.06,4.59,0,2026-05-11,common_index_cache,1.08,2.16,3.5,2.86,5.15,6.56,2.91,10.47,52.4,不推送,False,当日上涨；温和放量；近5日趋势升温；站上20日线且不过热；连续上榜确认；人气排名明显上升；市场强势且个股相对强势；v4多头排列技术加分；v4主力资金强净流入,v4乖离率过大；v4远离短中期均线；v4长上影承接转弱,强势归纳版：这类形态历史胜率不占优，先留给更干净的强势样本。,v4
2026-05-11,600589,大位科技,53,13146.0,10jqka,post_close,2026-05-11 15:00:00,2026-05-06,3,2,71.0,18.0,missing_price_file,,,,,,,,,,,,,,,,,,,,,,,,True,,,,强势,80.25,2.06,4.59,0,2026-05-11,common_index_cache,1.08,2.16,3.5,2.86,5.15,6.56,,,0.0,不推送,False,连续上榜确认；人气排名明显上升；v4龙虎榜活跃,缺少当日行情,强势归纳版：这类形态历史胜率不占优，先留给更干净的强势样本。,v4
2026-05-11,000938,紫光股份,54,13072.0,10jqka,post_close,2026-05-11 15:00:00,2026-05-08,2,2,69.0,15.0,ok,2026-05-11,33.78,31.69,33.93,31.56,2827691.0,-4.46,-0.5,-2.25,0.055,1.22,-1.97,-1.07,5.68,-6.6,0.063,False,False,0.0,,,,,False,,,,强势,80.25,2.06,4.59,0,2026-05-11,common_index_cache,1.08,2.16,3.5,2.86,5.15,6.56,-6.52,-6.84,0.0,不推送,False,温和放量；站上20日线且不过热；连续上榜确认；人气排名明显上升,当日转弱；收盘承接偏弱；近5日趋势未确认；强势市里个股相对走弱；v4跌破短均线,强势归纳版：这类形态历史胜率不占优，先留给更干净的强势样本。,v4
2026-05-11,300604,长川科技,55,12995.0,10jqka,post_close,2026-05-11 15:00:00,2026-05-11,1,1,,,missing_price_file,,,,,,,,,,,,,,,,,,,,,,,,True,,,,强势,80.25,2.06,4.59,0,2026-05-11,common_index_cache,1.08,2.16,3.5,2.86,5.15,6.56,,,0.0,不推送,False,v4龙虎榜活跃,缺少当日行情,强势归纳版：这类形态历史胜率不占优，先留给更干净的强势样本。,v4
2026-05-11,600379,宝光股份,56,12968.0,10jqka,post_close,2026-05-11 15:00:00,2026-05-06,4,4,95.0,39.0,ok,2026-05-11,17.09,18.43,18.43,16.81,948855.0,10.03,-0.16,20.85,1.0,1.47,4.4,18.83,33.43,-9.26,0.0,True,False,0.0,,,,,True,,,,强势,80.25,2.06,4.59,0,2026-05-11,common_index_cache,1.08,2.16,3.5,2.86,5.15,6.56,7.97,16.26,79.4,观察池,False,当日涨停附近；收在日内高位；温和放量；近5日趋势升温；连续上榜确认；人气排名明显上升；市场强势且个股相对强势；v4多头排列技术加分；v4龙虎榜提示关注,偏离20日线较大；v4短线偏离MA5过多；v4远离短中期均线；涨停封板不可买,涨停封板不可买，放观察池跟踪,v4
2026-05-11,002149,西部材料,57,12861.0,10jqka,post_close,2026-05-11 15:00:00,2026-05-06,4,4,36.0,-21.0,ok,2026-05-11,73.8,75.44,76.48,72.58,841422.0,4.14,7.99,30.65,0.733,1.02,6.34,16.21,27.36,-1.36,0.267,False,False,0.0,,,,,False,,,,强势,80.25,2.06,4.59,0,2026-05-11,common_index_cache,1.08,2.16,3.5,2.86,5.15,6.56,2.08,26.06,35.4,不推送,False,当日上涨；温和放量；近5日强势延续；站上20日线且不过热；连续上榜确认；市场强势且个股相对强势；v4多头排列技术加分,短线涨幅偏高；人气排名明显回落；v4乖离率过大；v4远离短中期均线,强势归纳版：这类形态历史胜率不占优，先留给更干净的强势样本。,v4
2026-05-11,002709,天赐材料,58,12590.0,10jqka,post_close,2026-05-11 15:00:00,2026-05-06,4,4,15.0,-43.0,ok,2026-05-11,58.2,59.56,60.43,57.61,1277936.0,1.97,-6.94,0.4,0.691,0.74,-2.45,3.52,12.43,-8.34,0.309,False,False,0.0,,,,,False,,,,强势,80.25,2.06,4.59,0,2026-05-11,common_index_cache,1.08,2.16,3.5,2.86,5.15,6.56,-0.09,-4.19,4.7,不推送,False,站上20日线且不过热；连续上榜确认,人气排名明显回落；强势市里个股相对走弱；v4趋势未转强且热度偏后,强势归纳版：这类形态历史胜率不占优，先留给更干净的强势样本。,v4
2026-05-11,603986,兆易创新,59,12478.0,10jqka,post_close,2026-05-11 15:00:00,2026-05-06,4,4,84.0,25.0,ok,2026-05-11,350.1,362.13,367.51,347.01,575079.0,8.39,5.18,17.24,0.738,1.2,6.28,12.25,19.83,-1.46,0.262,False,False,0.0,,,,,False,,,,强势,80.25,2.06,4.59,0,2026-05-11,common_index_cache,1.08,2.16,3.5,2.86,5.15,6.56,6.33,12.65,62.4,不推送,False,当日强涨；温和放量；近5日趋势升温；站上20日线且不过热；连续上榜确认；人气排名明显上升；市场强势且个股相对强势；v4多头排列技术加分；v4沿短均线抬升,v4乖离率过大；v4远离短中期均线,强势归纳版：这类形态历史胜率不占优，先留给更干净的强势样本。,v4
2026-05-11,000062,深圳华强,60,12293.0,10jqka,post_close,2026-05-11 15:00:00,2026-05-06,4,4,52.0,-8.0,missing_price_file,,,,,,,,,,,,,,,,,,,,,,26.56,26.56,True,,,,强势,80.25,2.06,4.59,0,2026-05-11,common_index_cache,1.08,2.16,3.5,2.86,5.15,6.56,,,0.0,不推送,False,连续上榜确认；v4主力资金强净流入；v4龙虎榜活跃,缺少当日行情；v4趋势未转强且热度偏后,强势归纳版：这类形态历史胜率不占优，先留给更干净的强势样本。,v4
2026-05-11,600736,苏州高新,61,12276.0,10jqka,post_close,2026-05-11 15:00:00,2026-05-07,3,3,11.0,-50.0,missing_price_file,,,,,,,,,,,,,,,,,,,,,,,,False,,,,强势,80.25,2.06,4.59,0,2026-05-11,common_index_cache,1.08,2.16,3.5,2.86,5.15,6.56,,,0.0,不推送,False,连续上榜确认,人气排名明显回落；缺少当日行情；v4趋势未转强且热度偏后,强势归纳版：这类形态历史胜率不占优，先留给更干净的强势样本。,v4
2026-05-11,600206,有研新材,62,12148.0,10jqka,post_close,2026-05-11 15:00:00,2026-05-11,1,1,,,missing_price_file,,,,,,,,,,,,,,,,,,,,,,,,False,,,,强势,80.25,2.06,4.59,0,2026-05-11,common_index_cache,1.08,2.16,3.5,2.86,5.15,6.56,,,0.0,不推送,False,-,缺少当日行情,强势归纳版：这类形态历史胜率不占优，先留给更干净的强势样本。,v4
2026-05-11,300059,东方财富,63,12068.0,10jqka,post_close,2026-05-11 15:00:00,2026-05-11,1,1,,,missing_price_file,,,,,,,,,,,,,,,,,,,,,,,,False,,,,强势,80.25,2.06,4.59,0,2026-05-11,common_index_cache,1.08,2.16,3.5,2.86,5.15,6.56,,,0.0,不推送,False,-,缺少当日行情,强势归纳版：这类形态历史胜率不占优，先留给更干净的强势样本。,v4
2026-05-11,000712,锦龙股份,64,11922.0,10jqka,post_close,2026-05-11 15:00:00,2026-05-11,1,1,,,missing_price_file,,,,,,,,,,,,,,,,,,,,,,21.23,21.23,False,,,,强势,80.25,2.06,4.59,0,2026-05-11,common_index_cache,1.08,2.16,3.5,2.86,5.15,6.56,,,0.0,不推送,False,v4主力资金强净流入,缺少当日行情,强势归纳版：这类形态历史胜率不占优，先留给更干净的强势样本。,v4
2026-05-11,002050,三花智控,65,11875.0,10jqka,post_close,2026-05-11 15:00:00,2026-05-06,4,4,14.0,-51.0,ok,2026-05-11,51.74,51.21,51.89,50.93,1805483.0,-0.93,6.33,14.26,0.292,1.05,3.12,8.2,10.55,-6.92,0.156,False,False,0.0,,,,,False,,,,强势,80.25,2.06,4.59,0,2026-05-11,common_index_cache,1.08,2.16,3.5,2.86,5.15,6.56,-2.99,9.67,23.4,不推送,False,温和放量；近5日趋势升温；站上20日线且不过热；连续上榜确认；市场强势且个股相对强势；v4多头排列技术加分；v4沿短均线抬升,当日转弱；收盘承接偏弱；人气排名明显回落；v4短线偏离MA5过多；v4远离短中期均线,强势归纳版：这类形态历史胜率不占优，先留给更干净的强势样本。,v4
2026-05-11,603399,永杉锂业,66,11679.0,10jqka,post_close,2026-05-11 15:00:00,2026-05-06,4,4,73.0,7.0,missing_price_file,,,,,,,,,,,,,,,,,,,,,,,,False,,,,强势,80.25,2.06,4.59,0,2026-05-11,common_index_cache,1.08,2.16,3.5,2.86,5.15,6.56,,,0.0,不推送,False,连续上榜确认,缺少当日行情；v4趋势未转强且热度偏后,强势归纳版：这类形态历史胜率不占优，先留给更干净的强势样本。,v4
2026-05-11,601179,中国西电,67,11506.0,10jqka,post_close,2026-05-11 15:00:00,2026-05-08,2,2,98.0,31.0,missing_price_file,,,,,,,,,,,,,,,,,,,,中国西电:2026年5月8日投资者关系活动记录表,调研活动 | 中国西电:2026年5月8日投资者关系活动记录表,,,False,,,,强势,80.25,2.06,4.59,0,2026-05-11,common_index_cache,1.08,2.16,3.5,2.86,5.15,6.56,,,0.0,不推送,False,连续上榜确认；人气排名明显上升,缺少当日行情,强势归纳版：这类形态历史胜率不占优，先留给更干净的强势样本。,v4
2026-05-11,920186,中科仪,68,11162.0,10jqka,post_close,2026-05-11 15:00:00,2026-05-11,1,1,,,missing_price_file,,,,,,,,,,,,,,,,,,,,,,,,True,,,,强势,80.25,2.06,4.59,0,2026-05-11,common_index_cache,1.08,2.16,3.5,2.86,5.15,6.56,,,0.0,不推送,False,v4龙虎榜活跃,缺少当日行情,强势归纳版：这类形态历史胜率不占优，先留给更干净的强势样本。,v4
2026-05-11,300476,胜宏科技,69,11022.0,10jqka,post_close,2026-05-11 15:00:00,2026-05-07,3,3,77.0,8.0,missing_price_file,,,,,,,,,,,,,,,,,,,,,,,,False,,,,强势,80.25,2.06,4.59,0,2026-05-11,common_index_cache,1.08,2.16,3.5,2.86,5.15,6.56,,,0.0,不推送,False,连续上榜确认,缺少当日行情；v4趋势未转强且热度偏后,强势归纳版：这类形态历史胜率不占优，先留给更干净的强势样本。,v4
2026-05-11,603601,再升科技,70,11021.0,10jqka,post_close,2026-05-11 15:00:00,2026-05-06,4,4,38.0,-32.0,ok,2026-05-11,18.26,17.9,18.5,17.57,2195149.0,0.0,6.99,17.76,0.355,0.86,4.43,11.58,16.6,-4.53,0.258,False,False,0.0,,,,,False,,,,强势,80.25,2.06,4.59,0,2026-05-11,common_index_cache,1.08,2.16,3.5,2.86,5.15,6.56,-2.06,13.17,33.4,不推送,False,温和放量；近5日趋势升温；站上20日线且不过热；连续上榜确认；市场强势且个股相对强势；v4多头排列技术加分；v4沿短均线抬升,收盘承接偏弱；人气排名明显回落；v4短线偏离MA5过多；v4远离短中期均线,强势归纳版：这类形态历史胜率不占优，先留给更干净的强势样本。,v4
2026-05-11,603459,红板科技,71,10798.0,10jqka,post_close,2026-05-11 15:00:00,2026-05-11,1,1,,,missing_price_file,,,,,,,,,,,,,,,,,,,,红板科技:关于股票交易异常波动的公告,股票交易异常波动 | 红板科技:关于股票交易异常波动的公告,,,False,,,,强势,80.25,2.06,4.59,0,2026-05-11,common_index_cache,1.08,2.16,3.5,2.86,5.15,6.56,,,0.0,不推送,False,-,缺少当日行情；v4事件谨慎扣分（异常波动）,强势归纳版：这类形态历史胜率不占优，先留给更干净的强势样本。,v4
2026-05-11,300433,蓝思科技,72,10758.0,10jqka,post_close,2026-05-11 15:00:00,2026-05-11,1,1,,,ok,2026-05-11,28.86,30.82,31.16,28.66,1869653.0,7.95,15.78,19.36,0.864,2.26,10.62,14.14,11.63,-18.21,0.136,False,False,0.0,蓝思科技:关于提前归还部分临时补充流动资金的闲置募集资金的公告,归还募集资金 | 蓝思科技:关于提前归还部分临时补充流动资金的闲置募集资金的公告,,,False,,,,强势,80.25,2.06,4.59,0,2026-05-11,common_index_cache,1.08,2.16,3.5,2.86,5.15,6.56,5.89,14.77,30.4,不推送,False,当日强涨；收盘承接较强；放量仍可控；近5日趋势升温；站上20日线且不过热；市场强势且个股相对强势,v4乖离率过大；v4远离短中期均线；v4放量冲高过热,强势归纳版：这类形态历史胜率不占优，先留给更干净的强势样本。,v4
2026-05-11,000815,美利云,73,10704.0,10jqka,post_close,2026-05-11 15:00:00,2026-05-06,4,4,26.0,-47.0,missing_price_file,,,,,,,,,,,,,,,,,,,,,,-8.82,-8.82,False,,,,强势,80.25,2.06,4.59,0,2026-05-11,common_index_cache,1.08,2.16,3.5,2.86,5.15,6.56,,,0.0,不推送,False,连续上榜确认,人气排名明显回落；缺少当日行情；v4趋势未转强且热度偏后；v4主力资金强净流出,强势归纳版：这类形态历史胜率不占优，先留给更干净的强势样本。,v4
2026-05-11,688256,寒武纪,74,10641.0,10jqka,post_close,2026-05-11 15:00:00,2026-05-06,4,4,60.0,-14.0,ok,2026-05-11,1201.0,1200.0,1205.99,1158.03,23172174.0,1.48,-1.95,26.35,0.875,1.51,0.02,13.49,25.17,-8.98,0.104,False,False,0.0,,,,,False,,,,强势,80.25,2.06,4.59,0,2026-05-11,common_index_cache,1.08,2.16,3.5,2.86,5.15,6.56,-0.58,21.76,53.4,不推送,False,收盘承接较强；温和放量；近5日强势延续；站上20日线且不过热；连续上榜确认；市场强势且个股相对强势；v4多头排列技术加分,短线涨幅偏高；v4远离短中期均线,强势归纳版：这类形态历史胜率不占优，先留给更干净的强势样本。,v4
2026-05-11,600498,烽火通信,75,10597.0,10jqka,post_close,2026-05-11 15:00:00,2026-05-08,2,2,8.0,-67.0,missing_price_file,,,,,,,,,,,,,,,,,,,,,,,,False,,,,强势,80.25,2.06,4.59,0,2026-05-11,common_index_cache,1.08,2.16,3.5,2.86,5.15,6.56,,,0.0,不推送,False,连续上榜确认,人气排名明显回落；缺少当日行情,强势归纳版：这类形态历史胜率不占优，先留给更干净的强势样本。,v4
2026-05-11,605006,山东玻纤,76,10591.0,10jqka,post_close,2026-05-11 15:00:00,2026-05-11,1,1,,,missing_price_file,,,,,,,,,,,,,,,,,,,,,,,,False,,,,强势,80.25,2.06,4.59,0,2026-05-11,common_index_cache,1.08,2.16,3.5,2.86,5.15,6.56,,,0.0,不推送,False,-,缺少当日行情,强势归纳版：这类形态历史胜率不占优，先留给更干净的强势样本。,v4
2026-05-11,000967,盈峰环境,77,10278.0,10jqka,post_close,2026-05-11 15:00:00,2026-05-11,1,1,,,missing_price_file,,,,,,,,,,,,,,,,,,,,,,,,True,,,,强势,80.25,2.06,4.59,0,2026-05-11,common_index_cache,1.08,2.16,3.5,2.86,5.15,6.56,,,0.0,不推送,False,v4龙虎榜活跃,缺少当日行情,强势归纳版：这类形态历史胜率不占优，先留给更干净的强势样本。,v4
2026-05-11,000858,五粮液,78,10208.0,10jqka,post_close,2026-05-11 15:00:00,2026-05-06,3,1,14.0,-64.0,ok,2026-05-11,92.03,91.81,92.29,91.37,269325.0,-0.35,-0.49,-6.64,0.478,0.6,-1.47,-5.06,-7.7,-16.95,0.283,False,False,0.0,,,-7.95,-7.95,False,,,,强势,80.25,2.06,4.59,0,2026-05-11,common_index_cache,1.08,2.16,3.5,2.86,5.15,6.56,-2.41,-11.23,0.0,不推送,False,-,当日转弱；近5日趋势未确认；仍在20日线下方；人气排名明显回落；强势市里个股相对走弱；v4跌破短均线；v4主力资金强净流出,强势归纳版：这类形态历史胜率不占优，先留给更干净的强势样本。,v4
2026-05-11,603738,泰晶科技,79,10187.0,10jqka,post_close,2026-05-11 15:00:00,2026-05-07,2,1,87.0,8.0,missing_price_file,,,,,,,,,,,,,,,,,,,,,,,,False,,,,强势,80.25,2.06,4.59,0,2026-05-11,common_index_cache,1.08,2.16,3.5,2.86,5.15,6.56,,,0.0,不推送,False,-,缺少当日行情,强势归纳版：这类形态历史胜率不占优，先留给更干净的强势样本。,v4
2026-05-11,301666,大普微,80,9764.0,10jqka,post_close,2026-05-11 15:00:00,2026-05-06,4,4,55.0,-25.0,missing_price_file,,,,,,,,,,,,,,,,,,,,大普微:关于签订募集资金四方监管协议的公告,签订协议 | 大普微:关于签订募集资金四方监管协议的公告,,,True,,,,强势,80.25,2.06,4.59,0,2026-05-11,common_index_cache,1.08,2.16,3.5,2.86,5.15,6.56,,,0.0,不推送,False,连续上榜确认；v4龙虎榜活跃；v4事件催化加分（签订协议）,人气排名明显回落；缺少当日行情；v4趋势未转强且热度偏后；v4事件风险扣分（监管）,强势归纳版：这类形态历史胜率不占优，先留给更干净的强势样本。,v4
2026-05-11,600488,津药药业,81,9732.0,10jqka,post_close,2026-05-11 15:00:00,2026-05-11,1,1,,,missing_price_file,,,,,,,,,,,,,,,,,,,,,,,,False,,,,强势,80.25,2.06,4.59,0,2026-05-11,common_index_cache,1.08,2.16,3.5,2.86,5.15,6.56,,,0.0,不推送,False,-,缺少当日行情,强势归纳版：这类形态历史胜率不占优，先留给更干净的强势样本。,v4
2026-05-11,603019,中科曙光,82,9725.0,10jqka,post_close,2026-05-11 15:00:00,2026-05-06,3,1,50.0,-32.0,missing_price_file,,,,,,,,,,,,,,,,,,,,,,,,False,,,,强势,80.25,2.06,4.59,0,2026-05-11,common_index_cache,1.08,2.16,3.5,2.86,5.15,6.56,,,0.0,不推送,False,-,人气排名明显回落；缺少当日行情,强势归纳版：这类形态历史胜率不占优，先留给更干净的强势样本。,v4
2026-05-11,002192,融捷股份,83,9614.0,10jqka,post_close,2026-05-11 15:00:00,2026-05-07,2,1,95.0,12.0,missing_price_file,,,,,,,,,,,,,,,,,,,,,,,,False,,,,强势,80.25,2.06,4.59,0,2026-05-11,common_index_cache,1.08,2.16,3.5,2.86,5.15,6.56,,,0.0,不推送,False,人气排名明显上升,缺少当日行情,强势归纳版：这类形态历史胜率不占优，先留给更干净的强势样本。,v4
2026-05-11,002030,达安基因,84,9586.0,10jqka,post_close,2026-05-11 15:00:00,2026-05-11,1,1,,,missing_price_file,,,,,,,,,,,,,,,,,,,,,,,,False,,,,强势,80.25,2.06,4.59,0,2026-05-11,common_index_cache,1.08,2.16,3.5,2.86,5.15,6.56,,,0.0,不推送,False,-,缺少当日行情,强势归纳版：这类形态历史胜率不占优，先留给更干净的强势样本。,v4
2026-05-11,002624,完美世界,85,9489.0,10jqka,post_close,2026-05-11 15:00:00,2026-05-11,1,1,,,missing_price_file,,,,,,,,,,,,,,,,,,,,,,,,False,,,,强势,80.25,2.06,4.59,0,2026-05-11,common_index_cache,1.08,2.16,3.5,2.86,5.15,6.56,,,0.0,不推送,False,-,缺少当日行情,强势归纳版：这类形态历史胜率不占优，先留给更干净的强势样本。,v4
2026-05-11,600673,东阳光,86,9426.0,10jqka,post_close,2026-05-11 15:00:00,2026-05-06,4,4,67.0,-19.0,missing_price_file,,,,,,,,,,,,,,,,,,,,,,-9.36,-9.36,False,,,,强势,80.25,2.06,4.59,0,2026-05-11,common_index_cache,1.08,2.16,3.5,2.86,5.15,6.56,,,0.0,不推送,False,连续上榜确认,缺少当日行情；v4趋势未转强且热度偏后；v4主力资金强净流出,强势归纳版：这类形态历史胜率不占优，先留给更干净的强势样本。,v4
2026-05-11,002115,三维通信,87,9423.0,10jqka,post_close,2026-05-11 15:00:00,2026-05-07,2,1,58.0,-29.0,missing_price_file,,,,,,,,,,,,,,,,,,,,,,,,False,,,,强势,80.25,2.06,4.59,0,2026-05-11,common_index_cache,1.08,2.16,3.5,2.86,5.15,6.56,,,0.0,不推送,False,-,人气排名明显回落；缺少当日行情,强势归纳版：这类形态历史胜率不占优，先留给更干净的强势样本。,v4
2026-05-11,002044,美年健康,88,9356.0,10jqka,post_close,2026-05-11 15:00:00,2026-05-06,4,4,99.0,11.0,missing_price_file,,,,,,,,,,,,,,,,,,,,,,,,False,,,,强势,80.25,2.06,4.59,0,2026-05-11,common_index_cache,1.08,2.16,3.5,2.86,5.15,6.56,,,0.0,不推送,False,连续上榜确认；人气排名明显上升,缺少当日行情；v4趋势未转强且热度偏后,强势归纳版：这类形态历史胜率不占优，先留给更干净的强势样本。,v4
2026-05-11,600879,航天电子,89,9313.0,10jqka,post_close,2026-05-11 15:00:00,2026-05-08,2,2,23.0,-66.0,missing_price_file,,,,,,,,,,,,,,,,,,,,,,,,False,,,,强势,80.25,2.06,4.59,0,2026-05-11,common_index_cache,1.08,2.16,3.5,2.86,5.15,6.56,,,0.0,不推送,False,连续上榜确认,人气排名明显回落；缺少当日行情,强势归纳版：这类形态历史胜率不占优，先留给更干净的强势样本。,v4
2026-05-11,001309,德明利,90,9252.0,10jqka,post_close,2026-05-11 15:00:00,2026-05-06,3,1,22.0,-68.0,ok,2026-05-11,631.11,639.21,644.96,616.13,180515.0,6.94,10.73,22.24,0.801,1.06,8.14,17.34,23.28,-0.89,0.199,False,False,0.0,德明利:001309德明利投资者关系管理信息20260511,调研活动 | 德明利:001309德明利投资者关系管理信息20260511,,,False,,,,强势,80.25,2.06,4.59,0,2026-05-11,common_index_cache,1.08,2.16,3.5,2.86,5.15,6.56,4.88,17.65,44.4,不推送,False,当日上涨；收盘承接较强；温和放量；近5日趋势升温；站上20日线且不过热；市场强势且个股相对强势；v4多头排列技术加分,人气排名明显回落；v4乖离率过大；v4远离短中期均线,强势归纳版：这类形态历史胜率不占优，先留给更干净的强势样本。,v4
2026-05-11,601899,紫金矿业,91,9179.0,10jqka,post_close,2026-05-11 15:00:00,2026-05-06,4,4,44.0,-47.0,ok,2026-05-11,34.55,34.27,34.72,33.85,3037097.0,-1.52,0.18,0.38,0.483,0.96,0.18,0.68,-0.3,-16.21,0.195,False,False,0.0,,,,,False,,,,强势,80.25,2.06,4.59,0,2026-05-11,common_index_cache,1.08,2.16,3.5,2.86,5.15,6.56,-3.58,-4.21,0.7,不推送,False,温和放量；连续上榜确认,当日转弱；人气排名明显回落；强势市里个股相对走弱；v4趋势未转强且热度偏后,强势归纳版：这类形态历史胜率不占优，先留给更干净的强势样本。,v4
2026-05-11,603773,沃格光电,92,9138.0,10jqka,post_close,2026-05-11 15:00:00,2026-05-06,2,1,98.0,6.0,ok,2026-05-11,74.08,80.03,80.03,73.67,257227.0,10.01,19.81,14.75,1.0,0.85,11.92,18.81,36.04,0.0,0.0,True,False,0.0,,,,,False,,,,强势,80.25,2.06,4.59,0,2026-05-11,common_index_cache,1.08,2.16,3.5,2.86,5.15,6.56,7.95,10.16,58.4,观察池,False,当日涨停附近；收在日内高位；温和放量；近5日趋势升温；市场强势且个股相对强势；v4多头排列技术加分,偏离20日线较大；v4乖离率过大；v4远离短中期均线；涨停封板不可买,涨停封板不可买，放观察池跟踪,v4
2026-05-11,300502,新易盛,93,8992.0,10jqka,post_close,2026-05-11 15:00:00,2026-05-06,4,4,85.0,-8.0,ok,2026-05-11,554.0,563.7,569.99,525.25,581077.0,2.18,7.89,4.97,0.859,1.59,3.35,2.81,3.09,-10.21,0.141,False,False,0.0,,,,,False,,,,强势,80.25,2.06,4.59,0,2026-05-11,common_index_cache,1.08,2.16,3.5,2.86,5.15,6.56,0.12,0.38,31.0,不推送,False,收盘承接较强；温和放量；站上20日线且不过热；连续上榜确认,v4短线偏离MA5过多；v4趋势未转强且热度偏后,强势归纳版：这类形态历史胜率不占优，先留给更干净的强势样本。,v4
2026-05-11,002179,中航光电,94,8954.0,10jqka,post_close,2026-05-11 15:00:00,2026-05-11,1,1,,,missing_price_file,,,,,,,,,,,,,,,,,,,,,,,,True,,,,强势,80.25,2.06,4.59,0,2026-05-11,common_index_cache,1.08,2.16,3.5,2.86,5.15,6.56,,,0.0,不推送,False,v4龙虎榜活跃,缺少当日行情,强势归纳版：这类形态历史胜率不占优，先留给更干净的强势样本。,v4
2026-05-11,001896,豫能控股,95,8949.0,10jqka,post_close,2026-05-11 15:00:00,2026-05-06,3,2,100.0,5.0,ok,2026-05-11,16.76,16.81,17.56,16.52,1586395.0,2.44,2.5,-0.71,0.279,0.94,2.98,1.64,3.46,-10.82,0.721,False,False,0.0,,,,,False,,,,强势,80.25,2.06,4.59,0,2026-05-11,common_index_cache,1.08,2.16,3.5,2.86,5.15,6.56,0.38,-5.3,0.0,不推送,False,温和放量；站上20日线且不过热；连续上榜确认,收盘承接偏弱；近5日趋势未确认；上影线偏长；强势市里个股相对走弱；v4长上影承接转弱；v4正涨但收盘承接一般,强势归纳版：这类形态历史胜率不占优，先留给更干净的强势样本。,v4
2026-05-11,002655,共达电声,96,8935.0,10jqka,post_close,2026-05-11 15:00:00,2026-05-07,2,1,73.0,-23.0,missing_price_file,,,,,,,,,,,,,,,,,,,,共达电声:共达电声股份有限公司关于股票交易异常波动的公告,股票交易异常波动 | 共达电声:共达电声股份有限公司关于股票交易异常波动的公告,,,True,,,,强势,80.25,2.06,4.59,0,2026-05-11,common_index_cache,1.08,2.16,3.5,2.86,5.15,6.56,,,0.0,不推送,False,v4龙虎榜活跃,人气排名明显回落；缺少当日行情；v4事件谨慎扣分（异常波动）,强势归纳版：这类形态历史胜率不占优，先留给更干净的强势样本。,v4
2026-05-11,600118,中国卫星,97,8910.0,10jqka,post_close,2026-05-11 15:00:00,2026-05-06,3,2,16.0,-81.0,ok,2026-05-11,115.4,116.11,119.5,113.54,700996.0,1.69,8.41,18.56,0.431,1.03,6.04,11.62,21.38,-2.84,0.569,False,False,0.0,,,,,False,,,,强势,80.25,2.06,4.59,0,2026-05-11,common_index_cache,1.08,2.16,3.5,2.86,5.15,6.56,-0.37,13.97,2.4,不推送,False,温和放量；近5日趋势升温；站上20日线且不过热；连续上榜确认；市场强势且个股相对强势；v4多头排列技术加分,收盘承接偏弱；人气排名明显回落；上影线偏长；v4乖离率过大；v4远离短中期均线；v4长上影承接转弱；v4正涨但收盘承接一般,强势归纳版：这类形态历史胜率不占优，先留给更干净的强势样本。,v4
2026-05-11,000720,新能泰山,98,8826.0,10jqka,post_close,2026-05-11 15:00:00,2026-05-08,2,2,75.0,-23.0,missing_price_file,,,,,,,,,,,,,,,,,,,,新能泰山:股票交易异常波动公告,股票交易异常波动 | 新能泰山:股票交易异常波动公告,-1.51,-1.51,False,,,,强势,80.25,2.06,4.59,0,2026-05-11,common_index_cache,1.08,2.16,3.5,2.86,5.15,6.56,,,0.0,不推送,False,连续上榜确认,人气排名明显回落；缺少当日行情；v4主力资金净流出；v4事件谨慎扣分（异常波动）,强势归纳版：这类形态历史胜率不占优，先留给更干净的强势样本。,v4
2026-05-11,002015,协鑫能科,99,8769.0,10jqka,post_close,2026-05-11 15:00:00,2026-05-06,3,1,42.0,-57.0,ok,2026-05-11,20.91,20.28,21.7,20.19,1640990.0,-0.49,3.84,8.51,0.06,0.99,2.91,4.22,7.53,-11.79,0.523,False,False,0.0,,,,,False,,,,强势,80.25,2.06,4.59,0,2026-05-11,common_index_cache,1.08,2.16,3.5,2.86,5.15,6.56,-2.55,3.92,22.4,不推送,False,温和放量；近5日趋势升温；站上20日线且不过热；市场强势且个股相对强势；v4多头排列技术加分；v4沿短均线抬升,当日转弱；收盘承接偏弱；人气排名明显回落；v4长上影承接转弱,强势归纳版：这类形态历史胜率不占优，先留给更干净的强势样本。,v4
2026-05-11,600519,贵州茅台,100,8632.0,10jqka,post_close,2026-05-11 15:00:00,2026-05-06,2,1,99.0,-1.0,missing_price_file,,,,,,,,,,,,,,,,,,,,,,,,False,,,,强势,80.25,2.06,4.59,0,2026-05-11,common_index_cache,1.08,2.16,3.5,2.86,5.15,6.56,,,0.0,不推送,False,-,缺少当日行情,强势归纳版：这类形态历史胜率不占优，先留给更干净的强势样本。,v4
2026-05-12,002081,金螳螂,1,217595.0,10jqka,post_close,2026-05-12 15:00:00,2026-05-06,5,5,2.0,1.0,ok,2026-05-12,7.43,7.98,7.98,7.25,5535447.0,10.07,11.76,35.25,1.0,1.13,11.89,30.58,58.71,0.0,0.0,True,False,0.0,金螳螂:关于举行2025年度网上业绩说明会的公告,其他 | 金螳螂:关于举行2025年度网上业绩说明会的公告,,,True,,,,强势,61.39,-0.23,4.41,0,2026-05-12,common_index_cache,-0.25,-0.47,0.15,2.49,4.75,7.01,10.3,30.84,77.4,观察池,False,人气Top3；当日涨停附近；收在日内高位；温和放量；近5日强势延续；持续霸榜；市场强势且个股相对强势；v4多头排列技术加分；v4龙虎榜提示关注,短线涨幅偏高；远离20日线过多；热度可能进入后段；v4乖离率过大；v4远离短中期均线；涨停封板不可买,涨停封板不可买，放观察池跟踪,v4
2026-05-12,000066,中国长城,2,195027.0,10jqka,post_close,2026-05-12 15:00:00,2026-05-06,5,5,8.0,6.0,ok,2026-05-12,23.52,25.36,25.74,23.42,6895009.0,8.38,5.75,27.95,0.836,1.56,7.8,22.8,39.89,-1.48,0.164,False,False,0.0,,,2.85,2.85,False,,,,强势,61.39,-0.23,4.41,0,2026-05-12,common_index_cache,-0.25,-0.47,0.15,2.49,4.75,7.01,8.61,23.54,77.4,不推送,False,人气Top3；当日强涨；收盘承接较强；温和放量；近5日强势延续；持续霸榜；市场强势且个股相对强势；v4多头排列技术加分；v4主力资金净流入,短线涨幅偏高；偏离20日线较大；热度可能进入后段；v4乖离率过大；v4远离短中期均线,强势归纳版：这类形态历史胜率不占优，先留给更干净的强势样本。,v4
2026-05-12,603778,国晟科技,3,192845.0,10jqka,post_close,2026-05-12 15:00:00,2026-05-06,5,5,9.0,6.0,ok,2026-05-12,24.1,24.89,25.38,21.86,1061725.0,2.47,-3.94,-6.43,0.861,1.29,-4.26,-5.04,-8.16,-27.37,0.139,False,False,0.0,,,,,True,,,,强势,61.39,-0.23,4.41,0,2026-05-12,common_index_cache,-0.25,-0.47,0.15,2.49,4.75,7.01,2.7,-10.84,55.4,不推送,False,人气Top3；收盘承接较强；温和放量；持续霸榜；市场强势且个股相对强势；v4龙虎榜活跃,近5日趋势未确认；仍在20日线下方；热度可能进入后段,强势归纳版：这类形态历史胜率不占优，先留给更干净的强势样本。,v4
2026-05-12,600396,华电辽能,4,189694.0,10jqka,post_close,2026-05-12 15:00:00,2026-05-06,5,5,10.0,6.0,ok,2026-05-12,14.0,15.05,15.05,12.93,3305538.0,10.01,25.42,51.71,1.0,1.24,17.43,31.38,55.72,0.0,0.0,True,False,0.0,华电辽能:关于股票交易风险提示的公告,风险提示性公告 | 华电辽能:关于股票交易风险提示的公告,,,True,,,,强势,61.39,-0.23,4.41,0,2026-05-12,common_index_cache,-0.25,-0.47,0.15,2.49,4.75,7.01,10.24,47.3,55.4,观察池,False,人气Top10；当日涨停附近；收在日内高位；温和放量；持续霸榜；市场强势且个股相对强势；v4多头排列技术加分；v4龙虎榜提示关注,短线涨幅过热；远离20日线过多；热度可能进入后段；v4乖离率过大；v4远离短中期均线；v4事件谨慎扣分（风险提示）；涨停封板不可买,涨停封板不可买，放观察池跟踪,v4
2026-05-12,002428,云南锗业,5,157750.0,10jqka,post_close,2026-05-12 15:00:00,2026-05-06,5,5,30.0,25.0,missing_price_file,,,,,,,,,,,,,,,,,,,,,,,,True,,,,强势,61.39,-0.23,4.41,0,2026-05-12,common_index_cache,-0.25,-0.47,0.15,2.49,4.75,7.01,,,17.0,不推送,False,人气Top10；持续霸榜；人气排名明显上升；v4龙虎榜活跃,热度可能进入后段；缺少当日行情,强势归纳版：这类形态历史胜率不占优，先留给更干净的强势样本。,v4
2026-05-12,002580,圣阳股份,6,151245.0,10jqka,post_close,2026-05-12 15:00:00,2026-05-06,5,5,1.0,-5.0,ok,2026-05-12,34.59,34.17,35.8,33.24,1356187.0,-0.29,14.24,24.34,0.363,1.11,6.1,12.72,20.74,-5.58,0.473,False,False,0.0,圣阳股份:关于参加2026年山东辖区上市公司投资者网上集体接待日活动的公告,调研活动 | 圣阳股份:关于参加2026年山东辖区上市公司投资者网上集体接待日活动的公告,,,True,,,,强势,61.39,-0.23,4.41,0,2026-05-12,common_index_cache,-0.25,-0.47,0.15,2.49,4.75,7.01,-0.06,19.93,32.4,不推送,False,人气Top10；温和放量；近5日趋势升温；站上20日线且不过热；持续霸榜；市场强势且个股相对强势；v4多头排列技术加分；v4龙虎榜提示关注,当日转弱；收盘承接偏弱；热度可能进入后段；v4乖离率过大；v4远离短中期均线；v4长上影承接转弱,强势归纳版：这类形态历史胜率不占优，先留给更干净的强势样本。,v4
2026-05-12,002361,神剑股份,7,125996.0,10jqka,post_close,2026-05-12 15:00:00,2026-05-06,5,5,11.0,4.0,ok,2026-05-12,22.03,20.25,22.03,20.07,2342282.0,-8.99,-6.25,-1.46,0.092,0.89,-5.56,-4.01,-0.61,-15.45,0.0,False,False,0.0,,,,,True,,,,强势,61.39,-0.23,4.41,0,2026-05-12,common_index_cache,-0.25,-0.47,0.15,2.49,4.75,7.01,-8.76,-5.87,6.7,不推送,False,人气Top10；温和放量；持续霸榜；v4龙虎榜提示关注,当日转弱；收盘承接偏弱；近5日趋势未确认；热度可能进入后段；强势市里个股相对走弱；v4跌破短均线,强势归纳版：这类形态历史胜率不占优，先留给更干净的强势样本。,v4
2026-05-12,300308,中际旭创,8,117198.0,10jqka,post_close,2026-05-12 15:00:00,2026-05-06,5,5,29.0,21.0,ok,2026-05-12,961.0,1017.99,1022.9,960.0,345421.0,8.28,16.01,18.72,0.922,1.31,11.19,15.08,19.62,-0.48,0.078,False,False,0.0,,,,,False,,,,强势,61.39,-0.23,4.41,0,2026-05-12,common_index_cache,-0.25,-0.47,0.15,2.49,4.75,7.01,8.51,14.31,94.4,重点观察,True,人气Top10；当日强涨；收在日内高位；温和放量；近5日趋势升温；站上20日线且不过热；持续霸榜；人气排名明显上升；市场强势且个股相对强势；v4多头排列技术加分,热度可能进入后段；v4乖离率过大；v4远离短中期均线,强势归纳版：先保留高胜率形态，等次日承接继续确认；一旦变成后段弱承接，就不再恋战。,v4
2026-05-12,600276,恒瑞医药,9,105125.0,10jqka,post_close,2026-05-12 15:00:00,2026-05-12,1,1,,,ok,2026-05-12,53.53,56.11,58.87,52.75,2465400.0,4.84,4.53,4.14,0.549,3.22,4.01,2.98,1.21,-6.41,0.451,False,False,0.0,恒瑞医药:恒瑞医药关于与百时美施贵宝公司签署战略合作及许可协议的公告,签订协议 | 恒瑞医药:恒瑞医药关于与百时美施贵宝公司签署战略合作及许可协议的公告,,,False,,,,强势,61.39,-0.23,4.41,0,2026-05-12,common_index_cache,-0.25,-0.47,0.15,2.49,4.75,7.01,5.07,-0.27,23.4,不推送,False,人气Top10；当日上涨；站上20日线且不过热；市场强势且个股相对强势；v4事件催化加分（战略合作/签订协议）,上影线偏长；v4短线偏离MA5过多；v4长上影承接转弱；v4正涨但收盘承接一般,强势归纳版：这类形态历史胜率不占优，先留给更干净的强势样本。,v4
2026-05-12,002342,巨力索具,10,100183.0,10jqka,post_close,2026-05-12 15:00:00,2026-05-06,5,5,21.0,11.0,ok,2026-05-12,21.83,20.4,21.95,20.05,2287060.0,-7.98,-7.78,2.98,0.184,0.88,-4.59,1.21,5.58,-15.0,0.063,False,False,0.0,,,,,False,,,,强势,61.39,-0.23,4.41,0,2026-05-12,common_index_cache,-0.25,-0.47,0.15,2.49,4.75,7.01,-7.75,-1.43,28.7,不推送,False,人气Top10；温和放量；站上20日线且不过热；持续霸榜；人气排名明显上升,当日转弱；收盘承接偏弱；热度可能进入后段；强势市里个股相对走弱,强势归纳版：这类形态历史胜率不占优，先留给更干净的强势样本。,v4
2026-05-12,600522,中天科技,11,95682.0,10jqka,post_close,2026-05-12 15:00:00,2026-05-06,5,5,5.0,-6.0,ok,2026-05-12,44.0,44.08,46.18,43.25,4281311.0,0.5,14.85,33.09,0.283,1.46,9.05,18.02,30.34,-4.55,0.717,False,False,0.0,,,,,False,,,,强势,61.39,-0.23,4.41,0,2026-05-12,common_index_cache,-0.25,-0.47,0.15,2.49,4.75,7.01,0.73,28.68,1.4,不推送,False,人气Top20；温和放量；近5日强势延续；持续霸榜；市场强势且个股相对强势；v4多头排列技术加分,收盘承接偏弱；短线涨幅偏高；偏离20日线较大；热度可能进入后段；上影线偏长；v4乖离率过大；v4远离短中期均线；v4长上影承接转弱；v4正涨但收盘承接一般,强势归纳版：这类形态历史胜率不占优，先留给更干净的强势样本。,v4
2026-05-12,600726,华电能源,12,95076.0,10jqka,post_close,2026-05-12 15:00:00,2026-05-06,5,5,43.0,31.0,missing_price_file,,,,,,,,,,,,,,,,,,,,华电能源:关于参加黑龙江辖区上市公司2026年投资者网上集体接待日活动的公告,调研活动 | 华电能源:关于参加黑龙江辖区上市公司2026年投资者网上集体接待日活动的公告,,,False,,,,强势,61.39,-0.23,4.41,0,2026-05-12,common_index_cache,-0.25,-0.47,0.15,2.49,4.75,7.01,,,4.0,不推送,False,人气Top20；持续霸榜；人气排名明显上升,热度可能进入后段；缺少当日行情,强势归纳版：这类形态历史胜率不占优，先留给更干净的强势样本。,v4
2026-05-12,000592,平潭发展,13,92125.0,10jqka,post_close,2026-05-12 15:00:00,2026-05-07,4,4,46.0,33.0,missing_price_file,,,,,,,,,,,,,,,,,,,,平潭发展:关于举办2025年度网上业绩说明会的公告,其他 | 平潭发展:关于举办2025年度网上业绩说明会的公告,-0.48,-0.48,False,,,,强势,61.39,-0.23,4.41,0,2026-05-12,common_index_cache,-0.25,-0.47,0.15,2.49,4.75,7.01,,,4.0,不推送,False,人气Top20；连续上榜确认；人气排名明显上升,缺少当日行情；v4主力资金净流出,强势归纳版：这类形态历史胜率不占优，先留给更干净的强势样本。,v4
2026-05-12,300395,菲利华,14,91599.0,10jqka,post_close,2026-05-12 15:00:00,2026-05-12,1,1,,,missing_price_file,,,,,,,,,,,,,,,,,,,,,,,,False,,,,强势,61.39,-0.23,4.41,0,2026-05-12,common_index_cache,-0.25,-0.47,0.15,2.49,4.75,7.01,,,0.0,不推送,False,人气Top20,缺少当日行情,强势归纳版：这类形态历史胜率不占优，先留给更干净的强势样本。,v4
2026-05-12,002709,天赐材料,15,84497.0,10jqka,post_close,2026-05-12 15:00:00,2026-05-06,5,5,58.0,43.0,ok,2026-05-12,59.24,58.59,59.8,56.05,1391916.0,-1.63,-6.7,-3.17,0.677,0.86,-3.43,0.18,9.06,-9.83,0.149,False,False,0.0,,,,,False,,,,强势,61.39,-0.23,4.41,0,2026-05-12,common_index_cache,-0.25,-0.47,0.15,2.49,4.75,7.01,-1.4,-7.58,28.7,不推送,False,人气Top20；温和放量；站上20日线且不过热；持续霸榜；人气排名明显上升,当日转弱；近5日趋势未确认；热度可能进入后段；强势市里个股相对走弱,强势归纳版：这类形态历史胜率不占优，先留给更干净的强势样本。,v4
2026-05-12,603538,美诺华,16,82650.0,10jqka,post_close,2026-05-12 15:00:00,2026-05-06,5,5,6.0,-10.0,missing_price_file,,,,,,,,,,,,,,,,,,,,,,,,False,,,,强势,61.39,-0.23,4.41,0,2026-05-12,common_index_cache,-0.25,-0.47,0.15,2.49,4.75,7.01,,,0.0,不推送,False,人气Top20；持续霸榜,热度可能进入后段；缺少当日行情,强势归纳版：这类形态历史胜率不占优，先留给更干净的强势样本。,v4
2026-05-12,002565,顺灏股份,17,81469.0,10jqka,post_close,2026-05-12 15:00:00,2026-05-06,5,5,17.0,0.0,missing_price_file,,,,,,,,,,,,,,,,,,,,,,,,False,,,,强势,61.39,-0.23,4.41,0,2026-05-12,common_index_cache,-0.25,-0.47,0.15,2.49,4.75,7.01,,,0.0,不推送,False,人气Top20；持续霸榜,热度可能进入后段；缺少当日行情,强势归纳版：这类形态历史胜率不占优，先留给更干净的强势样本。,v4
2026-05-12,600172,黄河旋风,18,80528.0,10jqka,post_close,2026-05-12 15:00:00,2026-05-12,1,1,,,missing_price_file,,,,,,,,,,,,,,,,,,,,,,,,True,,,,强势,61.39,-0.23,4.41,0,2026-05-12,common_index_cache,-0.25,-0.47,0.15,2.49,4.75,7.01,,,1.0,不推送,False,人气Top20；v4龙虎榜活跃,缺少当日行情,强势归纳版：这类形态历史胜率不占优，先留给更干净的强势样本。,v4
2026-05-12,301217,铜冠铜箔,19,76613.0,10jqka,post_close,2026-05-12 15:00:00,2026-05-06,2,1,52.0,33.0,missing_price_file,,,,,,,,,,,,,,,,,,,,,,,,False,,,,强势,61.39,-0.23,4.41,0,2026-05-12,common_index_cache,-0.25,-0.47,0.15,2.49,4.75,7.01,,,0.0,不推送,False,人气Top20；人气排名明显上升,缺少当日行情,强势归纳版：这类形态历史胜率不占优，先留给更干净的强势样本。,v4
2026-05-12,002812,恩捷股份,20,73533.0,10jqka,post_close,2026-05-12 15:00:00,2026-05-12,1,1,,,missing_price_file,,,,,,,,,,,,,,,,,,,,恩捷股份:关于股东部分股份解除质押的公告,股份质押、冻结 | 恩捷股份:关于股东部分股份解除质押的公告,,,False,,,,强势,61.39,-0.23,4.41,0,2026-05-12,common_index_cache,-0.25,-0.47,0.15,2.49,4.75,7.01,,,0.0,不推送,False,人气Top20,缺少当日行情,强势归纳版：这类形态历史胜率不占优，先留给更干净的强势样本。,v4
2026-05-12,600330,天通股份,21,73236.0,10jqka,post_close,2026-05-12 15:00:00,2026-05-06,5,5,51.0,30.0,missing_price_file,,,,,,,,,,,,,,,,,,,,,,,,False,0.8978815457264402,0.219930336344835,,强势,61.39,-0.23,4.41,0,2026-05-12,common_index_cache,-0.25,-0.47,0.15,2.49,4.75,7.01,,,0.0,不推送,False,人气Top50；持续霸榜；人气排名明显上升；v4筹码集中加分,热度可能进入后段；缺少当日行情；v4趋势未转强且热度偏后；v4获利盘结构偏弱,强势归纳版：这类形态历史胜率不占优，先留给更干净的强势样本。,v4
2026-05-12,600667,太极实业,22,72762.0,10jqka,post_close,2026-05-12 15:00:00,2026-05-12,1,1,,,missing_price_file,,,,,,,,,,,,,,,,,,,,,,,,True,,,,强势,61.39,-0.23,4.41,0,2026-05-12,common_index_cache,-0.25,-0.47,0.15,2.49,4.75,7.01,,,0.0,不推送,False,人气Top50；v4龙虎榜活跃,缺少当日行情,强势归纳版：这类形态历史胜率不占优，先留给更干净的强势样本。,v4
2026-05-12,601991,大唐发电,23,70480.0,10jqka,post_close,2026-05-12 15:00:00,2026-05-06,5,5,7.0,-16.0,ok,2026-05-12,6.68,6.7,6.7,6.4,6831487.0,10.02,32.94,61.06,1.0,1.45,19.86,37.97,52.01,0.0,0.0,True,False,0.0,大唐发电:大唐发电关于股票交易风险提示的公告,风险提示性公告 | 大唐发电:大唐发电关于股票交易风险提示的公告,,,True,,,,强势,61.39,-0.23,4.41,0,2026-05-12,common_index_cache,-0.25,-0.47,0.15,2.49,4.75,7.01,10.25,56.65,39.4,观察池,False,人气Top50；当日涨停附近；收在日内高位；温和放量；持续霸榜；市场强势且个股相对强势；v4多头排列技术加分；v4龙虎榜提示关注,短线涨幅过热；远离20日线过多；热度可能进入后段；v4乖离率过大；v4远离短中期均线；v4事件谨慎扣分（风险提示）；涨停封板不可买,涨停封板不可买，放观察池跟踪,v4
2026-05-12,000547,航天发展,24,65661.0,10jqka,post_close,2026-05-12 15:00:00,2026-05-08,3,3,4.0,-20.0,missing_price_file,,,,,,,,,,,,,,,,,,,,航天发展:关于召开2025年度暨2026年第一季度业绩说明会的公告,其他 | 航天发展:关于召开2025年度暨2026年第一季度业绩说明会的公告,-8.88,-8.88,False,,,,强势,61.39,-0.23,4.41,0,2026-05-12,common_index_cache,-0.25,-0.47,0.15,2.49,4.75,7.01,,,0.0,不推送,False,人气Top50；连续上榜确认,人气排名明显回落；缺少当日行情；v4趋势未转强且热度偏后；v4主力资金强净流出,强势归纳版：这类形态历史胜率不占优，先留给更干净的强势样本。,v4
2026-05-12,600736,苏州高新,25,64853.0,10jqka,post_close,2026-05-12 15:00:00,2026-05-07,4,4,61.0,36.0,missing_price_file,,,,,,,,,,,,,,,,,,,,,,,,False,,,,强势,61.39,-0.23,4.41,0,2026-05-12,common_index_cache,-0.25,-0.47,0.15,2.49,4.75,7.01,,,0.0,不推送,False,人气Top50；连续上榜确认；人气排名明显上升,缺少当日行情；v4趋势未转强且热度偏后,强势归纳版：这类形态历史胜率不占优，先留给更干净的强势样本。,v4
2026-05-12,600105,永鼎股份,26,64334.0,10jqka,post_close,2026-05-12 15:00:00,2026-05-07,4,4,49.0,23.0,ok,2026-05-12,51.63,52.32,55.99,51.6,1917080.0,1.79,10.1,23.37,0.164,1.08,6.84,10.62,18.57,-6.55,0.836,False,False,0.0,永鼎股份:永鼎股份关于为子公司申请年度银行授信提供担保的进展公告,提供/对外担保公告 | 永鼎股份:永鼎股份关于为子公司申请年度银行授信提供担保的进展公告,,,False,,,,强势,61.39,-0.23,4.41,0,2026-05-12,common_index_cache,-0.25,-0.47,0.15,2.49,4.75,7.01,2.02,18.96,18.4,不推送,False,人气Top50；温和放量；近5日趋势升温；站上20日线且不过热；连续上榜确认；人气排名明显上升；市场强势且个股相对强势；v4多头排列技术加分,收盘承接偏弱；上影线偏长；v4乖离率过大；v4远离短中期均线；v4长上影承接转弱；v4正涨但收盘承接一般,强势归纳版：这类形态历史胜率不占优，先留给更干净的强势样本。,v4
2026-05-12,601179,中国西电,27,64100.0,10jqka,post_close,2026-05-12 15:00:00,2026-05-08,3,3,67.0,40.0,missing_price_file,,,,,,,,,,,,,,,,,,,,,,,,False,,,,强势,61.39,-0.23,4.41,0,2026-05-12,common_index_cache,-0.25,-0.47,0.15,2.49,4.75,7.01,,,0.0,不推送,False,人气Top50；连续上榜确认；人气排名明显上升,缺少当日行情；v4趋势未转强且热度偏后,强势归纳版：这类形态历史胜率不占优，先留给更干净的强势样本。,v4
2026-05-12,002384,东山精密,28,62680.0,10jqka,post_close,2026-05-12 15:00:00,2026-05-06,5,5,40.0,12.0,ok,2026-05-12,223.57,219.46,230.0,213.51,914307.0,0.53,3.97,17.53,0.361,1.02,4.3,10.75,22.78,-4.58,0.39,False,False,0.0,,,,,False,,,,强势,61.39,-0.23,4.41,0,2026-05-12,common_index_cache,-0.25,-0.47,0.15,2.49,4.75,7.01,0.76,13.12,31.4,不推送,False,人气Top50；温和放量；近5日趋势升温；站上20日线且不过热；持续霸榜；人气排名明显上升；市场强势且个股相对强势；v4多头排列技术加分；v4沿短均线抬升,收盘承接偏弱；热度可能进入后段；v4短线偏离MA5过多；v4远离短中期均线；v4长上影承接转弱；v4正涨但收盘承接一般,强势归纳版：这类形态历史胜率不占优，先留给更干净的强势样本。,v4
2026-05-12,600111,北方稀土,29,62203.0,10jqka,post_close,2026-05-12 15:00:00,2026-05-06,5,5,23.0,-6.0,missing_price_file,,,,,,,,,,,,,,,,,,,,北方稀土:投资者关系活动记录表(2026年4月29日),调研活动 | 北方稀土:投资者关系活动记录表(2026年4月29日),,,False,,,,强势,61.39,-0.23,4.41,0,2026-05-12,common_index_cache,-0.25,-0.47,0.15,2.49,4.75,7.01,,,0.0,不推送,False,人气Top50；持续霸榜,热度可能进入后段；缺少当日行情；v4趋势未转强且热度偏后,强势归纳版：这类形态历史胜率不占优，先留给更干净的强势样本。,v4
2026-05-12,002281,光迅科技,30,60594.0,10jqka,post_close,2026-05-12 15:00:00,2026-05-06,5,5,3.0,-27.0,ok,2026-05-12,200.0,201.5,208.8,194.8,852771.0,1.36,22.65,39.66,0.479,1.12,12.43,28.06,47.42,-3.5,0.521,False,False,0.0,,,,,True,,,,强势,61.39,-0.23,4.41,0,2026-05-12,common_index_cache,-0.25,-0.47,0.15,2.49,4.75,7.01,1.59,35.25,0.0,不推送,False,人气Top50；温和放量；近5日强势延续；持续霸榜；市场强势且个股相对强势；v4多头排列技术加分；v4龙虎榜提示关注,短线涨幅偏高；远离20日线过多；热度可能进入后段；人气排名明显回落；上影线偏长；v4乖离率过大；v4远离短中期均线；v4长上影承接转弱；v4正涨但收盘承接一般,强势归纳版：这类形态历史胜率不占优，先留给更干净的强势样本。,v4
2026-05-12,300133,华策影视,31,59794.0,10jqka,post_close,2026-05-12 15:00:00,2026-05-12,1,1,,,missing_price_file,,,,,,,,,,,,,,,,,,,,华策影视:300133华策影视投资者关系管理信息20260512 | 华策影视:关于召开2025年年度股东会的通知(更正后) | 华策影视:关于召开2025年年度股东会通知的更正公告,调研活动 | 召开股东大会通知 | 股东大会通知更正公告 | 华策影视:300133华策影视投资者关系管理信息20260512 | 华策影视:关于召开2025年年度股东会的通知(更正后) | 华策影视:关于召开2025年年度股东会通知的更正公告,,,False,,,,强势,61.39,-0.23,4.41,0,2026-05-12,common_index_cache,-0.25,-0.47,0.15,2.49,4.75,7.01,,,0.0,不推送,False,人气Top50,缺少当日行情,强势归纳版：这类形态历史胜率不占优，先留给更干净的强势样本。,v4
2026-05-12,002217,合力泰,32,59176.0,10jqka,post_close,2026-05-12 15:00:00,2026-05-06,5,5,13.0,-19.0,missing_price_file,,,,,,,,,,,,,,,,,,,,,,,,False,,,,强势,61.39,-0.23,4.41,0,2026-05-12,common_index_cache,-0.25,-0.47,0.15,2.49,4.75,7.01,,,0.0,不推送,False,人气Top50；持续霸榜,热度可能进入后段；缺少当日行情；v4趋势未转强且热度偏后,强势归纳版：这类形态历史胜率不占优，先留给更干净的强势样本。,v4
2026-05-12,600584,长电科技,33,57540.0,10jqka,post_close,2026-05-12 15:00:00,2026-05-06,4,2,15.0,-18.0,ok,2026-05-12,56.76,55.24,56.99,54.6,2243986.0,-1.06,13.29,21.25,0.268,1.57,6.73,13.89,19.44,-3.07,0.096,False,False,0.0,,,,,False,,,,强势,61.39,-0.23,4.41,0,2026-05-12,common_index_cache,-0.25,-0.47,0.15,2.49,4.75,7.01,-0.83,16.84,24.4,不推送,False,人气Top50；温和放量；近5日趋势升温；站上20日线且不过热；连续上榜确认；市场强势且个股相对强势；v4多头排列技术加分,当日转弱；收盘承接偏弱；v4乖离率过大；v4远离短中期均线,强势归纳版：这类形态历史胜率不占优，先留给更干净的强势样本。,v4
2026-05-12,600379,宝光股份,34,57015.0,10jqka,post_close,2026-05-12 15:00:00,2026-05-06,5,5,56.0,22.0,ok,2026-05-12,18.31,17.19,19.2,16.64,867835.0,-6.73,-3.7,2.44,0.215,1.24,-3.08,7.39,22.18,-15.36,0.348,False,False,0.0,宝光股份:宝光股份关于参加“2026年陕西辖区上市公司投资者集体接待日暨2025年度业绩说明会”的公告 | 宝光股份:宝光股份2025年年度股东大会会议资料,调研活动 | 股东大会资料 | 宝光股份:宝光股份关于参加“2026年陕西辖区上市公司投资者集体接待日暨2025年度业绩说明会”的公告 | 宝光股份:宝光股份2025年年度股东大会会议资料,,,True,,,,强势,61.39,-0.23,4.41,0,2026-05-12,common_index_cache,-0.25,-0.47,0.15,2.49,4.75,7.01,-6.5,-1.97,10.7,不推送,False,人气Top50；温和放量；站上20日线且不过热；持续霸榜；人气排名明显上升；v4龙虎榜提示关注,当日转弱；收盘承接偏弱；热度可能进入后段；强势市里个股相对走弱；v4趋势未转强且热度偏后,强势归纳版：这类形态历史胜率不占优，先留给更干净的强势样本。,v4
2026-05-12,601138,工业富联,35,55775.0,10jqka,post_close,2026-05-12 15:00:00,2026-05-06,5,5,19.0,-16.0,ok,2026-05-12,65.87,64.4,65.9,63.23,2135259.0,-2.2,0.34,2.42,0.438,0.89,0.38,-0.98,2.44,-6.8,0.011,False,False,0.0,,,,,False,,,,强势,61.39,-0.23,4.41,0,2026-05-12,common_index_cache,-0.25,-0.47,0.15,2.49,4.75,7.01,-1.97,-1.99,4.7,不推送,False,人气Top50；温和放量；站上20日线且不过热；持续霸榜,当日转弱；收盘承接偏弱；热度可能进入后段；强势市里个股相对走弱；v4趋势未转强且热度偏后,强势归纳版：这类形态历史胜率不占优，先留给更干净的强势样本。,v4
2026-05-12,002202,金风科技,36,55489.0,10jqka,post_close,2026-05-12 15:00:00,2026-05-06,5,5,38.0,2.0,ok,2026-05-12,28.06,27.27,28.07,27.01,1946375.0,-3.16,-4.18,-1.02,0.245,0.7,-2.83,0.58,3.95,-18.11,0.009,False,False,0.0,,,,,False,,,,强势,61.39,-0.23,4.41,0,2026-05-12,common_index_cache,-0.25,-0.47,0.15,2.49,4.75,7.01,-2.93,-5.43,0.0,不推送,False,人气Top50；站上20日线且不过热；持续霸榜,当日转弱；收盘承接偏弱；近5日趋势未确认；热度可能进入后段；强势市里个股相对走弱；v4趋势未转强且热度偏后,强势归纳版：这类形态历史胜率不占优，先留给更干净的强势样本。,v4
2026-05-12,600487,亨通光电,37,54925.0,10jqka,post_close,2026-05-12 15:00:00,2026-05-06,5,5,18.0,-19.0,ok,2026-05-12,75.5,75.1,78.5,74.66,1770023.0,0.15,-1.13,14.31,0.115,0.94,0.1,4.68,15.85,-6.01,0.781,False,False,0.0,亨通光电:亨通光电关于控股股东部分股权解除质押及质押公告,股份质押、冻结 | 亨通光电:亨通光电关于控股股东部分股权解除质押及质押公告,,,False,,,,强势,61.39,-0.23,4.41,0,2026-05-12,common_index_cache,-0.25,-0.47,0.15,2.49,4.75,7.01,0.38,9.9,34.4,不推送,False,人气Top50；温和放量；近5日趋势升温；站上20日线且不过热；持续霸榜；市场强势且个股相对强势；v4多头排列技术加分；v4沿短均线抬升,收盘承接偏弱；热度可能进入后段；上影线偏长；v4长上影承接转弱；v4正涨但收盘承接一般,强势归纳版：这类形态历史胜率不占优，先留给更干净的强势样本。,v4
2026-05-12,601208,东材科技,38,54528.0,10jqka,post_close,2026-05-12 15:00:00,2026-05-07,2,1,57.0,19.0,missing_price_file,,,,,,,,,,,,,,,,,,,,,,,,False,,,,强势,61.39,-0.23,4.41,0,2026-05-12,common_index_cache,-0.25,-0.47,0.15,2.49,4.75,7.01,,,0.0,不推送,False,人气Top50；人气排名明显上升,缺少当日行情,强势归纳版：这类形态历史胜率不占优，先留给更干净的强势样本。,v4
2026-05-12,600186,莲花控股,39,54424.0,10jqka,post_close,2026-05-12 15:00:00,2026-05-06,5,5,25.0,-14.0,ok,2026-05-12,10.15,9.99,10.21,9.81,2231384.0,-3.01,-10.24,-6.81,0.45,0.59,-6.32,-3.18,9.14,-13.51,0.15,False,False,0.0,,,,,False,,,,强势,61.39,-0.23,4.41,0,2026-05-12,common_index_cache,-0.25,-0.47,0.15,2.49,4.75,7.01,-2.78,-11.22,0.0,不推送,False,人气Top50；站上20日线且不过热；持续霸榜,当日转弱；近5日趋势未确认；热度可能进入后段；强势市里个股相对走弱；v4跌破短均线；v4趋势未转强且热度偏后,强势归纳版：这类形态历史胜率不占优，先留给更干净的强势样本。,v4
2026-05-12,002297,博云新材,40,53323.0,10jqka,post_close,2026-05-12 15:00:00,2026-05-06,5,5,48.0,8.0,ok,2026-05-12,24.78,24.1,25.11,23.3,1304869.0,-4.17,-2.63,-1.63,0.442,0.73,-2.6,1.76,19.73,-9.57,0.182,False,False,0.0,,,,,False,,,,强势,61.39,-0.23,4.41,0,2026-05-12,common_index_cache,-0.25,-0.47,0.15,2.49,4.75,7.01,-3.94,-6.04,0.0,不推送,False,人气Top50；站上20日线且不过热；持续霸榜,当日转弱；收盘承接偏弱；近5日趋势未确认；热度可能进入后段；强势市里个股相对走弱；v4趋势未转强且热度偏后,强势归纳版：这类形态历史胜率不占优，先留给更干净的强势样本。,v4
2026-05-12,300136,信维通信,41,53317.0,10jqka,post_close,2026-05-12 15:00:00,2026-05-06,5,5,27.0,-14.0,missing_price_file,,,,,,,,,,,,,,,,,,,,,,,,False,,,,强势,61.39,-0.23,4.41,0,2026-05-12,common_index_cache,-0.25,-0.47,0.15,2.49,4.75,7.01,,,0.0,不推送,False,人气Top50；持续霸榜,热度可能进入后段；缺少当日行情；v4趋势未转强且热度偏后,强势归纳版：这类形态历史胜率不占优，先留给更干净的强势样本。,v4
2026-05-12,000988,华工科技,42,52195.0,10jqka,post_close,2026-05-12 15:00:00,2026-05-06,5,5,22.0,-20.0,ok,2026-05-12,146.98,144.16,150.5,144.0,990431.0,-2.3,7.99,20.61,0.025,0.95,4.9,13.03,17.77,-4.21,0.542,False,False,0.0,,,,,False,,,,强势,61.39,-0.23,4.41,0,2026-05-12,common_index_cache,-0.25,-0.47,0.15,2.49,4.75,7.01,-2.07,16.2,17.4,不推送,False,人气Top50；温和放量；近5日趋势升温；站上20日线且不过热；持续霸榜；市场强势且个股相对强势；v4多头排列技术加分,当日转弱；收盘承接偏弱；热度可能进入后段；人气排名明显回落；v4短线偏离MA5过多；v4远离短中期均线；v4长上影承接转弱,强势归纳版：这类形态历史胜率不占优，先留给更干净的强势样本。,v4
2026-05-12,603459,红板科技,43,52104.0,10jqka,post_close,2026-05-12 15:00:00,2026-05-11,2,2,71.0,28.0,missing_price_file,,,,,,,,,,,,,,,,,,,,红板科技:股票交易风险提示公告,风险提示性公告 | 红板科技:股票交易风险提示公告,,,True,,,,强势,61.39,-0.23,4.41,0,2026-05-12,common_index_cache,-0.25,-0.47,0.15,2.49,4.75,7.01,,,2.0,不推送,False,人气Top50；连续上榜确认；人气排名明显上升；v4龙虎榜活跃,缺少当日行情；v4事件谨慎扣分（风险提示）,强势归纳版：这类形态历史胜率不占优，先留给更干净的强势样本。,v4
2026-05-12,601606,长城军工,44,51909.0,10jqka,post_close,2026-05-12 15:00:00,2026-05-12,1,1,,,missing_price_file,,,,,,,,,,,,,,,,,,,,,,,,False,,,,强势,61.39,-0.23,4.41,0,2026-05-12,common_index_cache,-0.25,-0.47,0.15,2.49,4.75,7.01,,,0.0,不推送,False,人气Top50,缺少当日行情,强势归纳版：这类形态历史胜率不占优，先留给更干净的强势样本。,v4
2026-05-12,002080,中材科技,45,51840.0,10jqka,post_close,2026-05-12 15:00:00,2026-05-12,1,1,,,missing_price_file,,,,,,,,,,,,,,,,,,,,,,,,False,,,,强势,61.39,-0.23,4.41,0,2026-05-12,common_index_cache,-0.25,-0.47,0.15,2.49,4.75,7.01,,,0.0,不推送,False,人气Top50,缺少当日行情,强势归纳版：这类形态历史胜率不占优，先留给更干净的强势样本。,v4
2026-05-12,601016,节能风电,46,51622.0,10jqka,post_close,2026-05-12 15:00:00,2026-05-06,5,5,12.0,-34.0,ok,2026-05-12,5.03,5.12,5.35,4.85,8406166.0,0.0,2.61,20.19,0.54,1.17,3.14,7.79,15.64,-10.65,0.46,False,False,0.0,,,,,False,,,,强势,61.39,-0.23,4.41,0,2026-05-12,common_index_cache,-0.25,-0.47,0.15,2.49,4.75,7.01,0.23,15.78,47.4,不推送,False,人气Top50；温和放量；近5日趋势升温；站上20日线且不过热；持续霸榜；市场强势且个股相对强势；v4多头排列技术加分,热度可能进入后段；人气排名明显回落；v4短线偏离MA5过多；v4长上影承接转弱,强势归纳版：这类形态历史胜率不占优，先留给更干净的强势样本。,v4
2026-05-12,600176,中国巨石,47,51505.0,10jqka,post_close,2026-05-12 15:00:00,2026-05-06,3,1,89.0,42.0,missing_price_file,,,,,,,,,,,,,,,,,,,,,,,,False,,,,强势,61.39,-0.23,4.41,0,2026-05-12,common_index_cache,-0.25,-0.47,0.15,2.49,4.75,7.01,,,0.0,不推送,False,人气Top50；人气排名明显上升,缺少当日行情,强势归纳版：这类形态历史胜率不占优，先留给更干净的强势样本。,v4
2026-05-12,002149,西部材料,48,50112.0,10jqka,post_close,2026-05-12 15:00:00,2026-05-06,5,5,57.0,9.0,ok,2026-05-12,75.46,74.34,78.87,72.55,831682.0,-1.46,1.18,17.05,0.283,0.95,1.68,12.78,22.63,-5.74,0.54,False,False,0.0,,,,,False,,,,强势,61.39,-0.23,4.41,0,2026-05-12,common_index_cache,-0.25,-0.47,0.15,2.49,4.75,7.01,-1.23,12.64,30.4,不推送,False,人气Top50；温和放量；近5日趋势升温；站上20日线且不过热；持续霸榜；市场强势且个股相对强势；v4多头排列技术加分；v4沿短均线抬升,当日转弱；收盘承接偏弱；热度可能进入后段；v4远离短中期均线；v4长上影承接转弱,强势归纳版：这类形态历史胜率不占优，先留给更干净的强势样本。,v4
2026-05-12,000981,山子高科,49,50059.0,10jqka,post_close,2026-05-12 15:00:00,2026-05-12,1,1,,,missing_price_file,,,,,,,,,,,,,,,,,,,,,,22.29,22.29,False,,,,强势,61.39,-0.23,4.41,0,2026-05-12,common_index_cache,-0.25,-0.47,0.15,2.49,4.75,7.01,,,0.0,不推送,False,人气Top50；v4主力资金强净流入,缺少当日行情,强势归纳版：这类形态历史胜率不占优，先留给更干净的强势样本。,v4
2026-05-12,600703,三安光电,50,47489.0,10jqka,post_close,2026-05-12 15:00:00,2026-05-06,5,5,52.0,2.0,ok,2026-05-12,16.11,16.72,17.0,15.95,4031943.0,4.24,10.44,22.31,0.733,1.43,7.37,11.99,18.92,-10.92,0.267,False,False,0.0,,,4.33,4.33,False,,,,强势,61.39,-0.23,4.41,0,2026-05-12,common_index_cache,-0.25,-0.47,0.15,2.49,4.75,7.01,4.47,17.9,58.4,不推送,False,人气Top50；当日上涨；温和放量；近5日趋势升温；站上20日线且不过热；持续霸榜；市场强势且个股相对强势；v4多头排列技术加分；v4主力资金强净流入,热度可能进入后段；v4乖离率过大；v4远离短中期均线,强势归纳版：这类形态历史胜率不占优，先留给更干净的强势样本。,v4
2026-05-12,600089,特变电工,51,47374.0,10jqka,post_close,2026-05-12 15:00:00,2026-05-12,1,1,,,missing_price_file,,,,,,,,,,,,,,,,,,,,,,,,False,,,,强势,61.39,-0.23,4.41,0,2026-05-12,common_index_cache,-0.25,-0.47,0.15,2.49,4.75,7.01,,,0.0,不推送,False,-,缺少当日行情,强势归纳版：这类形态历史胜率不占优，先留给更干净的强势样本。,v4
2026-05-12,002222,福晶科技,52,47206.0,10jqka,post_close,2026-05-12 15:00:00,2026-05-08,2,1,59.0,7.0,missing_price_file,,,,,,,,,,,,,,,,,,,,,,,,False,,,,强势,61.39,-0.23,4.41,0,2026-05-12,common_index_cache,-0.25,-0.47,0.15,2.49,4.75,7.01,,,0.0,不推送,False,-,缺少当日行情,强势归纳版：这类形态历史胜率不占优，先留给更干净的强势样本。,v4
2026-05-12,301531,春光集团,53,44725.0,10jqka,post_close,2026-05-12 15:00:00,2026-05-11,2,2,20.0,-33.0,missing_price_file,,,,,,,,,,,,,,,,,,,,,,,,False,,,,强势,61.39,-0.23,4.41,0,2026-05-12,common_index_cache,-0.25,-0.47,0.15,2.49,4.75,7.01,,,0.0,不推送,False,连续上榜确认,人气排名明显回落；缺少当日行情,强势归纳版：这类形态历史胜率不占优，先留给更干净的强势样本。,v4
2026-05-12,002015,协鑫能科,54,44688.0,10jqka,post_close,2026-05-12 15:00:00,2026-05-06,4,2,99.0,45.0,ok,2026-05-12,20.6,21.26,21.7,19.78,2428980.0,4.83,3.25,19.77,0.771,1.41,4.17,8.93,11.58,-7.53,0.229,False,False,0.0,协鑫能科:2026年5月12日投资者关系活动记录表,调研活动 | 协鑫能科:2026年5月12日投资者关系活动记录表,,,False,,,,强势,61.39,-0.23,4.41,0,2026-05-12,common_index_cache,-0.25,-0.47,0.15,2.49,4.75,7.01,5.06,15.36,67.4,不推送,False,当日上涨；收盘承接较强；温和放量；近5日趋势升温；站上20日线且不过热；连续上榜确认；人气排名明显上升；市场强势且个股相对强势；v4多头排列技术加分,v4短线偏离MA5过多；v4远离短中期均线,强势归纳版：这类形态历史胜率不占优，先留给更干净的强势样本。,v4
2026-05-12,002156,通富微电,55,44504.0,10jqka,post_close,2026-05-12 15:00:00,2026-05-06,5,5,26.0,-29.0,ok,2026-05-12,61.22,59.48,61.28,59.0,1379593.0,-2.84,0.68,14.89,0.211,0.87,1.19,9.13,16.89,-4.42,0.026,False,False,0.0,,,,,False,,,,强势,61.39,-0.23,4.41,0,2026-05-12,common_index_cache,-0.25,-0.47,0.15,2.49,4.75,7.01,-2.61,10.48,24.4,不推送,False,温和放量；近5日趋势升温；站上20日线且不过热；持续霸榜；市场强势且个股相对强势；v4多头排列技术加分；v4沿短均线抬升,当日转弱；收盘承接偏弱；热度可能进入后段；人气排名明显回落；v4远离短中期均线,强势归纳版：这类形态历史胜率不占优，先留给更干净的强势样本。,v4
2026-05-12,688256,寒武纪,56,43760.0,10jqka,post_close,2026-05-12 15:00:00,2026-05-06,5,5,74.0,18.0,ok,2026-05-12,1199.99,1277.87,1293.33,1189.81,20958058.0,6.49,2.01,12.1,0.851,1.15,4.11,16.55,30.07,-3.08,0.149,False,False,0.0,,,,,False,,,,强势,61.39,-0.23,4.41,0,2026-05-12,common_index_cache,-0.25,-0.47,0.15,2.49,4.75,7.01,6.72,7.69,63.4,不推送,False,当日上涨；收盘承接较强；温和放量；近5日趋势升温；持续霸榜；人气排名明显上升；市场强势且个股相对强势；v4多头排列技术加分；v4放量突破但不过热；v4沿短均线抬升,偏离20日线较大；热度可能进入后段；v4短线偏离MA5过多；v4远离短中期均线,强势归纳版：这类形态历史胜率不占优，先留给更干净的强势样本。,v4
2026-05-12,300058,蓝色光标,57,42834.0,10jqka,post_close,2026-05-12 15:00:00,2026-05-06,4,3,35.0,-22.0,ok,2026-05-12,18.62,18.21,18.88,18.01,4451271.0,-3.8,-5.65,6.37,0.23,0.79,-2.29,1.7,1.86,-17.08,0.299,False,False,0.0,,,,,False,,,,强势,61.39,-0.23,4.41,0,2026-05-12,common_index_cache,-0.25,-0.47,0.15,2.49,4.75,7.01,-3.57,1.96,0.0,不推送,False,近5日趋势升温；站上20日线且不过热；连续上榜确认,当日转弱；收盘承接偏弱；人气排名明显回落；强势市里个股相对走弱；v4趋势未转强且热度偏后,强势归纳版：这类形态历史胜率不占优，先留给更干净的强势样本。,v4
2026-05-12,603629,利通电子,58,41656.0,10jqka,post_close,2026-05-12 15:00:00,2026-05-06,5,5,34.0,-24.0,ok,2026-05-12,162.82,157.01,169.33,154.9,335517.0,-3.57,-0.8,8.73,0.146,0.84,-2.42,10.76,32.77,-9.55,0.451,False,False,0.0,,,,,False,,,,强势,61.39,-0.23,4.41,0,2026-05-12,common_index_cache,-0.25,-0.47,0.15,2.49,4.75,7.01,-3.34,4.32,0.0,不推送,False,温和放量；近5日趋势升温；持续霸榜；市场强势且个股相对强势,当日转弱；收盘承接偏弱；偏离20日线较大；热度可能进入后段；人气排名明显回落；v4远离短中期均线；v4长上影承接转弱；v4趋势未转强且热度偏后,强势归纳版：这类形态历史胜率不占优，先留给更干净的强势样本。,v4
2026-05-12,601868,中国能建,59,41224.0,10jqka,post_close,2026-05-12 15:00:00,2026-05-07,4,4,50.0,-9.0,ok,2026-05-12,3.25,3.32,3.39,3.16,14728004.0,2.15,6.41,17.31,0.696,1.22,5.4,10.85,12.43,-15.74,0.304,False,False,0.0,,,,,False,,,,强势,61.39,-0.23,4.41,0,2026-05-12,common_index_cache,-0.25,-0.47,0.15,2.49,4.75,7.01,2.38,12.9,42.4,不推送,False,温和放量；近5日趋势升温；站上20日线且不过热；连续上榜确认；市场强势且个股相对强势；v4多头排列技术加分；v4沿短均线抬升,v4乖离率过大；v4远离短中期均线,强势归纳版：这类形态历史胜率不占优，先留给更干净的强势样本。,v4
2026-05-12,603399,永杉锂业,60,40306.0,10jqka,post_close,2026-05-12 15:00:00,2026-05-06,5,5,66.0,6.0,missing_price_file,,,,,,,,,,,,,,,,,,,,,,,,False,,,,强势,61.39,-0.23,4.41,0,2026-05-12,common_index_cache,-0.25,-0.47,0.15,2.49,4.75,7.01,,,0.0,不推送,False,持续霸榜,热度可能进入后段；缺少当日行情；v4趋势未转强且热度偏后,强势归纳版：这类形态历史胜率不占优，先留给更干净的强势样本。,v4
2026-05-12,603407,长裕集团,61,39983.0,10jqka,post_close,2026-05-12 15:00:00,2026-05-11,2,2,16.0,-45.0,missing_price_file,,,,,,,,,,,,,,,,,,,,,,,,False,,,,强势,61.39,-0.23,4.41,0,2026-05-12,common_index_cache,-0.25,-0.47,0.15,2.49,4.75,7.01,,,0.0,不推送,False,连续上榜确认,人气排名明显回落；缺少当日行情,强势归纳版：这类形态历史胜率不占优，先留给更干净的强势样本。,v4
2026-05-12,000062,深圳华强,62,39913.0,10jqka,post_close,2026-05-12 15:00:00,2026-05-06,5,5,60.0,-2.0,missing_price_file,,,,,,,,,,,,,,,,,,,,深圳华强:关于因可交换债券换股导致控股股东权益变动触及1%整数倍的公告,权益变动报告书 | 深圳华强:关于因可交换债券换股导致控股股东权益变动触及1%整数倍的公告,-15.11,-15.11,False,,,,强势,61.39,-0.23,4.41,0,2026-05-12,common_index_cache,-0.25,-0.47,0.15,2.49,4.75,7.01,,,0.0,不推送,False,持续霸榜,热度可能进入后段；缺少当日行情；v4趋势未转强且热度偏后；v4主力资金强净流出,强势归纳版：这类形态历史胜率不占优，先留给更干净的强势样本。,v4
2026-05-12,002407,多氟多,63,38841.0,10jqka,post_close,2026-05-12 15:00:00,2026-05-06,4,1,39.0,-24.0,ok,2026-05-12,35.49,34.32,36.05,33.8,1276510.0,-3.27,-8.58,-5.48,0.231,0.78,-4.9,-3.04,4.65,-12.0,0.249,False,False,0.0,,,,,False,,,,强势,61.39,-0.23,4.41,0,2026-05-12,common_index_cache,-0.25,-0.47,0.15,2.49,4.75,7.01,-3.04,-9.89,0.0,不推送,False,站上20日线且不过热,当日转弱；收盘承接偏弱；近5日趋势未确认；人气排名明显回落；强势市里个股相对走弱；v4跌破短均线,强势归纳版：这类形态历史胜率不占优，先留给更干净的强势样本。,v4
2026-05-12,001896,豫能控股,64,38248.0,10jqka,post_close,2026-05-12 15:00:00,2026-05-06,4,3,95.0,31.0,ok,2026-05-12,16.81,16.98,17.46,15.73,1987978.0,1.01,1.31,11.42,0.723,1.29,1.85,3.28,3.17,-9.92,0.277,False,False,0.0,,,,,False,,,,强势,61.39,-0.23,4.41,0,2026-05-12,common_index_cache,-0.25,-0.47,0.15,2.49,4.75,7.01,1.24,7.01,46.4,不推送,False,温和放量；近5日趋势升温；站上20日线且不过热；连续上榜确认；人气排名明显上升；市场强势且个股相对强势,v4趋势未转强且热度偏后,强势归纳版：这类形态历史胜率不占优，先留给更干净的强势样本。,v4
2026-05-12,300502,新易盛,65,38244.0,10jqka,post_close,2026-05-12 15:00:00,2026-05-06,5,5,93.0,28.0,ok,2026-05-12,575.0,592.52,599.75,570.91,524973.0,5.11,5.15,12.69,0.749,1.23,6.04,8.37,7.35,-5.62,0.251,False,False,0.0,,,,,False,,,,强势,61.39,-0.23,4.41,0,2026-05-12,common_index_cache,-0.25,-0.47,0.15,2.49,4.75,7.01,5.34,8.28,30.4,不推送,False,当日上涨；温和放量；近5日趋势升温；站上20日线且不过热；持续霸榜；人气排名明显上升；市场强势且个股相对强势,热度可能进入后段；v4乖离率过大；v4远离短中期均线；v4趋势未转强且热度偏后,强势归纳版：这类形态历史胜率不占优，先留给更干净的强势样本。,v4
2026-05-12,002050,三花智控,66,38234.0,10jqka,post_close,2026-05-12 15:00:00,2026-05-06,5,5,65.0,-1.0,ok,2026-05-12,51.45,50.92,52.1,50.45,1325642.0,-0.57,1.19,8.53,0.285,0.68,0.91,6.29,9.08,-7.45,0.394,False,False,0.0,,,,,False,,,,强势,61.39,-0.23,4.41,0,2026-05-12,common_index_cache,-0.25,-0.47,0.15,2.49,4.75,7.01,-0.34,4.12,16.4,不推送,False,近5日趋势升温；站上20日线且不过热；持续霸榜；市场强势且个股相对强势；v4多头排列技术加分；v4沿短均线抬升,当日转弱；收盘承接偏弱；热度可能进入后段；v4长上影承接转弱,强势归纳版：这类形态历史胜率不占优，先留给更干净的强势样本。,v4
2026-05-12,002552,宝鼎科技,67,38124.0,10jqka,post_close,2026-05-12 15:00:00,2026-05-12,1,1,,,missing_price_file,,,,,,,,,,,,,,,,,,,,,,,,True,,,,强势,61.39,-0.23,4.41,0,2026-05-12,common_index_cache,-0.25,-0.47,0.15,2.49,4.75,7.01,,,0.0,不推送,False,v4龙虎榜活跃,缺少当日行情,强势归纳版：这类形态历史胜率不占优，先留给更干净的强势样本。,v4
2026-05-12,300903,科翔股份,68,37718.0,10jqka,post_close,2026-05-12 15:00:00,2026-05-12,1,1,,,missing_price_file,,,,,,,,,,,,,,,,,,,,,,,,False,,,,强势,61.39,-0.23,4.41,0,2026-05-12,common_index_cache,-0.25,-0.47,0.15,2.49,4.75,7.01,,,0.0,不推送,False,-,缺少当日行情,强势归纳版：这类形态历史胜率不占优，先留给更干净的强势样本。,v4
2026-05-12,603278,大业股份,69,37287.0,10jqka,post_close,2026-05-12 15:00:00,2026-05-11,2,2,28.0,-41.0,missing_price_file,,,,,,,,,,,,,,,,,,,,,,,,True,,,,强势,61.39,-0.23,4.41,0,2026-05-12,common_index_cache,-0.25,-0.47,0.15,2.49,4.75,7.01,,,0.0,不推送,False,连续上榜确认；v4龙虎榜活跃,人气排名明显回落；缺少当日行情,强势归纳版：这类形态历史胜率不占优，先留给更干净的强势样本。,v4
2026-05-12,603601,再升科技,70,36417.0,10jqka,post_close,2026-05-12 15:00:00,2026-05-06,5,5,70.0,0.0,ok,2026-05-12,17.95,16.87,17.99,16.66,1986380.0,-5.75,-2.6,6.44,0.158,0.77,-2.73,4.04,8.73,-10.03,0.03,False,False,0.0,,,,,False,,,,强势,61.39,-0.23,4.41,0,2026-05-12,common_index_cache,-0.25,-0.47,0.15,2.49,4.75,7.01,-5.52,2.03,2.4,不推送,False,近5日趋势升温；站上20日线且不过热；持续霸榜；市场强势且个股相对强势,当日转弱；收盘承接偏弱；热度可能进入后段；v4趋势未转强且热度偏后,强势归纳版：这类形态历史胜率不占优，先留给更干净的强势样本。,v4
2026-05-12,601899,紫金矿业,71,36403.0,10jqka,post_close,2026-05-12 15:00:00,2026-05-06,5,5,91.0,20.0,ok,2026-05-12,34.96,34.58,35.33,34.5,4169460.0,0.9,0.35,3.84,0.096,1.32,0.34,1.53,0.5,-15.45,0.446,False,False,0.0,,,,,False,,,,强势,61.39,-0.23,4.41,0,2026-05-12,common_index_cache,-0.25,-0.47,0.15,2.49,4.75,7.01,1.13,-0.57,4.4,不推送,False,温和放量；站上20日线且不过热；持续霸榜；人气排名明显上升；市场强势且个股相对强势,收盘承接偏弱；热度可能进入后段；v4长上影承接转弱；v4正涨但收盘承接一般；v4趋势未转强且热度偏后,强势归纳版：这类形态历史胜率不占优，先留给更干净的强势样本。,v4
2026-05-12,600601,方正科技,72,36309.0,10jqka,post_close,2026-05-12 15:00:00,2026-05-12,1,1,,,missing_price_file,,,,,,,,,,,,,,,,,,,,,,,,False,,,,强势,61.39,-0.23,4.41,0,2026-05-12,common_index_cache,-0.25,-0.47,0.15,2.49,4.75,7.01,,,0.0,不推送,False,-,缺少当日行情,强势归纳版：这类形态历史胜率不占优，先留给更干净的强势样本。,v4
2026-05-12,002030,达安基因,73,36012.0,10jqka,post_close,2026-05-12 15:00:00,2026-05-11,2,2,84.0,11.0,missing_price_file,,,,,,,,,,,,,,,,,,,,,,,,False,,,,强势,61.39,-0.23,4.41,0,2026-05-12,common_index_cache,-0.25,-0.47,0.15,2.49,4.75,7.01,,,0.0,不推送,False,连续上榜确认；人气排名明显上升,缺少当日行情,强势归纳版：这类形态历史胜率不占优，先留给更干净的强势样本。,v4
2026-05-12,603738,泰晶科技,74,35645.0,10jqka,post_close,2026-05-12 15:00:00,2026-05-07,3,2,79.0,5.0,missing_price_file,,,,,,,,,,,,,,,,,,,,泰晶科技:泰晶科技股份有限公司股票交易风险提示公告,风险提示性公告 | 泰晶科技:泰晶科技股份有限公司股票交易风险提示公告,,,False,,,,强势,61.39,-0.23,4.41,0,2026-05-12,common_index_cache,-0.25,-0.47,0.15,2.49,4.75,7.01,,,0.0,不推送,False,连续上榜确认,缺少当日行情；v4事件谨慎扣分（风险提示）,强势归纳版：这类形态历史胜率不占优，先留给更干净的强势样本。,v4
2026-05-12,000070,特发信息,75,35224.0,10jqka,post_close,2026-05-12 15:00:00,2026-05-07,3,1,78.0,3.0,missing_price_file,,,,,,,,,,,,,,,,,,,,,,2.03,2.03,False,,,,强势,61.39,-0.23,4.41,0,2026-05-12,common_index_cache,-0.25,-0.47,0.15,2.49,4.75,7.01,,,0.0,不推送,False,v4主力资金净流入,缺少当日行情,强势归纳版：这类形态历史胜率不占优，先留给更干净的强势样本。,v4
2026-05-12,002185,华天科技,76,35191.0,10jqka,post_close,2026-05-12 15:00:00,2026-05-06,4,2,14.0,-62.0,ok,2026-05-12,14.8,14.43,14.8,14.31,2235514.0,-2.1,3.52,10.07,0.245,0.93,2.38,7.41,11.02,-5.99,0.0,False,False,0.0,,,,,False,,,,强势,61.39,-0.23,4.41,0,2026-05-12,common_index_cache,-0.25,-0.47,0.15,2.49,4.75,7.01,-1.87,5.66,36.4,不推送,False,温和放量；近5日趋势升温；站上20日线且不过热；连续上榜确认；市场强势且个股相对强势；v4多头排列技术加分；v4沿短均线抬升,当日转弱；收盘承接偏弱；人气排名明显回落,强势归纳版：这类形态历史胜率不占优，先留给更干净的强势样本。,v4
2026-05-12,301358,湖南裕能,77,35115.0,10jqka,post_close,2026-05-12 15:00:00,2026-05-12,1,1,,,missing_price_file,,,,,,,,,,,,,,,,,,,,湖南裕能:关于举行2025年度网上业绩说明会的公告,其他 | 湖南裕能:关于举行2025年度网上业绩说明会的公告,,,False,,,,强势,61.39,-0.23,4.41,0,2026-05-12,common_index_cache,-0.25,-0.47,0.15,2.49,4.75,7.01,,,0.0,不推送,False,-,缺少当日行情,强势归纳版：这类形态历史胜率不占优，先留给更干净的强势样本。,v4
2026-05-12,002475,立讯精密,78,34825.0,10jqka,post_close,2026-05-12 15:00:00,2026-05-06,5,5,36.0,-42.0,ok,2026-05-12,77.39,77.19,78.78,75.5,1980246.0,1.49,11.03,15.21,0.515,0.93,6.87,9.55,16.35,-2.02,0.424,False,False,0.0,,,,,False,,,,强势,61.39,-0.23,4.41,0,2026-05-12,common_index_cache,-0.25,-0.47,0.15,2.49,4.75,7.01,1.72,10.8,16.4,不推送,False,温和放量；近5日趋势升温；站上20日线且不过热；持续霸榜；市场强势且个股相对强势；v4多头排列技术加分,热度可能进入后段；人气排名明显回落；v4乖离率过大；v4远离短中期均线；v4长上影承接转弱；v4正涨但收盘承接一般,强势归纳版：这类形态历史胜率不占优，先留给更干净的强势样本。,v4
2026-05-12,600545,卓郎智能,79,34778.0,10jqka,post_close,2026-05-12 15:00:00,2026-05-12,1,1,,,missing_price_file,,,,,,,,,,,,,,,,,,,,卓郎智能:关于股票交易异常波动公告,股票交易异常波动 | 卓郎智能:关于股票交易异常波动公告,,,False,,,,强势,61.39,-0.23,4.41,0,2026-05-12,common_index_cache,-0.25,-0.47,0.15,2.49,4.75,7.01,,,0.0,不推送,False,-,缺少当日行情；v4事件谨慎扣分（异常波动）,强势归纳版：这类形态历史胜率不占优，先留给更干净的强势样本。,v4
2026-05-12,002265,建设工业,80,34550.0,10jqka,post_close,2026-05-12 15:00:00,2026-05-12,1,1,,,missing_price_file,,,,,,,,,,,,,,,,,,,,,,,,False,,,,强势,61.39,-0.23,4.41,0,2026-05-12,common_index_cache,-0.25,-0.47,0.15,2.49,4.75,7.01,,,0.0,不推送,False,-,缺少当日行情,强势归纳版：这类形态历史胜率不占优，先留给更干净的强势样本。,v4
2026-05-12,603618,杭电股份,81,34357.0,10jqka,post_close,2026-05-12 15:00:00,2026-05-06,4,1,48.0,-33.0,missing_price_file,,,,,,,,,,,,,,,,,,,,,,,,False,,,,强势,61.39,-0.23,4.41,0,2026-05-12,common_index_cache,-0.25,-0.47,0.15,2.49,4.75,7.01,,,0.0,不推送,False,-,人气排名明显回落；缺少当日行情,强势归纳版：这类形态历史胜率不占优，先留给更干净的强势样本。,v4
2026-05-12,002536,飞龙股份,82,34161.0,10jqka,post_close,2026-05-12 15:00:00,2026-05-12,1,1,,,missing_price_file,,,,,,,,,,,,,,,,,,,,,,,,False,,,,强势,61.39,-0.23,4.41,0,2026-05-12,common_index_cache,-0.25,-0.47,0.15,2.49,4.75,7.01,,,0.0,不推送,False,-,缺少当日行情,强势归纳版：这类形态历史胜率不占优，先留给更干净的强势样本。,v4
2026-05-12,603045,福达合金,83,34158.0,10jqka,post_close,2026-05-12 15:00:00,2026-05-12,1,1,,,missing_price_file,,,,,,,,,,,,,,,,,,,,福达合金:关于股票交易风险提示公告,风险提示性公告 | 福达合金:关于股票交易风险提示公告,,,False,,,,强势,61.39,-0.23,4.41,0,2026-05-12,common_index_cache,-0.25,-0.47,0.15,2.49,4.75,7.01,,,0.0,不推送,False,-,缺少当日行情；v4事件谨慎扣分（风险提示）,强势归纳版：这类形态历史胜率不占优，先留给更干净的强势样本。,v4
2026-05-12,600118,中国卫星,84,33605.0,10jqka,post_close,2026-05-12 15:00:00,2026-05-06,4,3,97.0,13.0,ok,2026-05-12,115.0,111.66,115.8,111.53,603719.0,-3.83,4.06,8.62,0.03,0.82,0.35,6.36,14.78,-6.56,0.187,False,False,0.0,,,,,False,,,,强势,61.39,-0.23,4.41,0,2026-05-12,common_index_cache,-0.25,-0.47,0.15,2.49,4.75,7.01,-3.6,4.21,44.4,不推送,False,温和放量；近5日趋势升温；站上20日线且不过热；连续上榜确认；人气排名明显上升；市场强势且个股相对强势；v4多头排列技术加分；v4沿短均线抬升,当日转弱；收盘承接偏弱,强势归纳版：这类形态历史胜率不占优，先留给更干净的强势样本。,v4
2026-05-12,000858,五粮液,85,32819.0,10jqka,post_close,2026-05-12 15:00:00,2026-05-06,4,2,78.0,-7.0,ok,2026-05-12,91.8,90.56,91.93,90.5,372974.0,-1.36,-2.2,-6.72,0.042,0.85,-1.43,-5.32,-8.4,-18.08,0.091,False,False,0.0,五粮液:2026年第一次临时股东会议案资料 | 五粮液:关于回购股份事项前十大股东及前十大无限售条件股东持股情况的公告,股东大会资料 | 回购进展情况 | 五粮液:2026年第一次临时股东会议案资料 | 五粮液:关于回购股份事项前十大股东及前十大无限售条件股东持股情况的公告,-25.43,-25.43,False,,,,强势,61.39,-0.23,4.41,0,2026-05-12,common_index_cache,-0.25,-0.47,0.15,2.49,4.75,7.01,-1.13,-11.13,0.0,不推送,False,温和放量；连续上榜确认；v4事件催化加分（回购）,当日转弱；收盘承接偏弱；近5日趋势未确认；仍在20日线下方；强势市里个股相对走弱；v4跌破短均线；v4主力资金强净流出,强势归纳版：这类形态历史胜率不占优，先留给更干净的强势样本。,v4
2026-05-12,601778,晶科科技,86,32513.0,10jqka,post_close,2026-05-12 15:00:00,2026-05-06,5,5,37.0,-49.0,ok,2026-05-12,7.38,7.1,7.45,6.96,4099202.0,-2.74,-4.31,9.23,0.286,0.73,-2.37,-0.07,6.11,-9.9,0.143,False,False,0.0,,,,,False,,,,强势,61.39,-0.23,4.41,0,2026-05-12,common_index_cache,-0.25,-0.47,0.15,2.49,4.75,7.01,-2.51,4.82,0.0,不推送,False,近5日趋势升温；站上20日线且不过热；持续霸榜；市场强势且个股相对强势,当日转弱；收盘承接偏弱；热度可能进入后段；人气排名明显回落；v4跌破短均线；v4趋势未转强且热度偏后,强势归纳版：这类形态历史胜率不占优，先留给更干净的强势样本。,v4
2026-05-12,000890,法尔胜,87,31343.0,10jqka,post_close,2026-05-12 15:00:00,2026-05-06,3,1,66.0,-21.0,missing_price_file,,,,,,,,,,,,,,,,,,,,,,,,False,,,,强势,61.39,-0.23,4.41,0,2026-05-12,common_index_cache,-0.25,-0.47,0.15,2.49,4.75,7.01,,,0.0,不推送,False,-,人气排名明显回落；缺少当日行情,强势归纳版：这类形态历史胜率不占优，先留给更干净的强势样本。,v4
2026-05-12,002491,通鼎互联,88,31031.0,10jqka,post_close,2026-05-12 15:00:00,2026-05-07,3,2,39.0,-49.0,ok,2026-05-12,24.5,25.0,25.0,23.31,1280051.0,9.99,33.12,58.23,1.0,1.16,19.92,34.67,45.97,0.0,0.0,True,False,0.0,,,,,True,,,,强势,61.39,-0.23,4.41,0,2026-05-12,common_index_cache,-0.25,-0.47,0.15,2.49,4.75,7.01,10.22,53.82,34.4,观察池,False,当日涨停附近；收在日内高位；温和放量；连续上榜确认；市场强势且个股相对强势；v4多头排列技术加分；v4龙虎榜提示关注,短线涨幅过热；远离20日线过多；人气排名明显回落；v4乖离率过大；v4远离短中期均线；涨停封板不可买,涨停封板不可买，放观察池跟踪,v4
2026-05-12,300342,天银机电,89,30763.0,10jqka,post_close,2026-05-12 15:00:00,2026-05-08,2,1,51.0,-38.0,missing_price_file,,,,,,,,,,,,,,,,,,,,天银机电:2025年年度权益分派实施公告,分配方案实施 | 天银机电:2025年年度权益分派实施公告,,,False,,,,强势,61.39,-0.23,4.41,0,2026-05-12,common_index_cache,-0.25,-0.47,0.15,2.49,4.75,7.01,,,0.0,不推送,False,-,人气排名明显回落；缺少当日行情,强势归纳版：这类形态历史胜率不占优，先留给更干净的强势样本。,v4
2026-05-12,002466,天齐锂业,90,30731.0,10jqka,post_close,2026-05-12 15:00:00,2026-05-06,4,1,58.0,-32.0,missing_price_file,,,,,,,,,,,,,,,,,,,,,,,,False,,,,强势,61.39,-0.23,4.41,0,2026-05-12,common_index_cache,-0.25,-0.47,0.15,2.49,4.75,7.01,,,0.0,不推送,False,-,人气排名明显回落；缺少当日行情,强势归纳版：这类形态历史胜率不占优，先留给更干净的强势样本。,v4
2026-05-12,002929,润建股份,91,30475.0,10jqka,post_close,2026-05-12 15:00:00,2026-05-07,2,1,86.0,-5.0,ok,2026-05-12,77.4,79.8,81.5,75.88,362258.0,2.77,12.2,33.71,0.698,1.3,7.42,22.3,29.16,-2.09,0.302,False,False,0.0,润建股份:关于2025年股票期权与限制性股票激励计划第一个行权期采用自主行权模式的提示性公告,股权激励进展公告 | 润建股份:关于2025年股票期权与限制性股票激励计划第一个行权期采用自主行权模式的提示性公告,,,False,0.9708740119522932,0.2277594999390738,,强势,61.39,-0.23,4.41,0,2026-05-12,common_index_cache,-0.25,-0.47,0.15,2.49,4.75,7.01,3.0,29.3,16.4,不推送,False,温和放量；近5日强势延续；市场强势且个股相对强势；v4多头排列技术加分；v4筹码集中加分,短线涨幅偏高；偏离20日线较大；v4乖离率过大；v4远离短中期均线；v4获利盘结构偏弱,强势归纳版：这类形态历史胜率不占优，先留给更干净的强势样本。,v4
2026-05-12,002008,大族激光,92,30187.0,10jqka,post_close,2026-05-12 15:00:00,2026-05-07,4,4,24.0,-68.0,missing_price_file,,,,,,,,,,,,,,,,,,,,大族激光:股票交易异常波动公告,股票交易异常波动 | 大族激光:股票交易异常波动公告,,,False,,,,强势,61.39,-0.23,4.41,0,2026-05-12,common_index_cache,-0.25,-0.47,0.15,2.49,4.75,7.01,,,0.0,不推送,False,连续上榜确认,人气排名明显回落；缺少当日行情；v4趋势未转强且热度偏后；v4事件谨慎扣分（异常波动）,强势归纳版：这类形态历史胜率不占优，先留给更干净的强势样本。,v4
2026-05-12,600198,大唐电信,93,30177.0,10jqka,post_close,2026-05-12 15:00:00,2026-05-12,1,1,,,missing_price_file,,,,,,,,,,,,,,,,,,,,,,,,False,,,,强势,61.39,-0.23,4.41,0,2026-05-12,common_index_cache,-0.25,-0.47,0.15,2.49,4.75,7.01,,,0.0,不推送,False,-,缺少当日行情,强势归纳版：这类形态历史胜率不占优，先留给更干净的强势样本。,v4
2026-05-12,600879,航天电子,94,29845.0,10jqka,post_close,2026-05-12 15:00:00,2026-05-08,3,3,89.0,-5.0,missing_price_file,,,,,,,,,,,,,,,,,,,,,,,,False,,,,强势,61.39,-0.23,4.41,0,2026-05-12,common_index_cache,-0.25,-0.47,0.15,2.49,4.75,7.01,,,0.0,不推送,False,连续上榜确认,缺少当日行情；v4趋势未转强且热度偏后,强势归纳版：这类形态历史胜率不占优，先留给更干净的强势样本。,v4
2026-05-12,600821,金开新能,95,29695.0,10jqka,post_close,2026-05-12 15:00:00,2026-05-06,3,1,85.0,-10.0,missing_price_file,,,,,,,,,,,,,,,,,,,,,,,,False,,,,强势,61.39,-0.23,4.41,0,2026-05-12,common_index_cache,-0.25,-0.47,0.15,2.49,4.75,7.01,,,0.0,不推送,False,-,缺少当日行情,强势归纳版：这类形态历史胜率不占优，先留给更干净的强势样本。,v4
2026-05-12,002309,中利集团,96,29353.0,10jqka,post_close,2026-05-12 15:00:00,2026-05-06,2,1,96.0,0.0,missing_price_file,,,,,,,,,,,,,,,,,,,,,,,,False,,,,强势,61.39,-0.23,4.41,0,2026-05-12,common_index_cache,-0.25,-0.47,0.15,2.49,4.75,7.01,,,0.0,不推送,False,-,缺少当日行情,强势归纳版：这类形态历史胜率不占优，先留给更干净的强势样本。,v4
2026-05-12,600206,有研新材,97,29203.0,10jqka,post_close,2026-05-12 15:00:00,2026-05-11,2,2,62.0,-35.0,missing_price_file,,,,,,,,,,,,,,,,,,,,有研新材:有研新材料股份有限公司2025年年度股东会会议资料,股东大会资料 | 有研新材:有研新材料股份有限公司2025年年度股东会会议资料,,,False,,,,强势,61.39,-0.23,4.41,0,2026-05-12,common_index_cache,-0.25,-0.47,0.15,2.49,4.75,7.01,,,0.0,不推送,False,连续上榜确认,人气排名明显回落；缺少当日行情,强势归纳版：这类形态历史胜率不占优，先留给更干净的强势样本。,v4
2026-05-12,600498,烽火通信,98,29167.0,10jqka,post_close,2026-05-12 15:00:00,2026-05-08,3,3,75.0,-23.0,missing_price_file,,,,,,,,,,,,,,,,,,,,,,,,False,,,,强势,61.39,-0.23,4.41,0,2026-05-12,common_index_cache,-0.25,-0.47,0.15,2.49,4.75,7.01,,,0.0,不推送,False,连续上榜确认,人气排名明显回落；缺少当日行情；v4趋势未转强且热度偏后,强势归纳版：这类形态历史胜率不占优，先留给更干净的强势样本。,v4
2026-05-12,300476,胜宏科技,99,29152.0,10jqka,post_close,2026-05-12 15:00:00,2026-05-07,4,4,69.0,-30.0,missing_price_file,,,,,,,,,,,,,,,,,,,,,,,,False,,,,强势,61.39,-0.23,4.41,0,2026-05-12,common_index_cache,-0.25,-0.47,0.15,2.49,4.75,7.01,,,0.0,不推送,False,连续上榜确认,人气排名明显回落；缺少当日行情；v4趋势未转强且热度偏后,强势归纳版：这类形态历史胜率不占优，先留给更干净的强势样本。,v4
2026-05-12,601869,长飞光纤,100,28756.0,10jqka,post_close,2026-05-12 15:00:00,2026-05-07,3,1,25.0,-75.0,missing_price_file,,,,,,,,,,,,,,,,,,,,,,,,False,,,,强势,61.39,-0.23,4.41,0,2026-05-12,common_index_cache,-0.25,-0.47,0.15,2.49,4.75,7.01,,,0.0,不推送,False,-,人气排名明显回落；缺少当日行情,强势归纳版：这类形态历史胜率不占优，先留给更干净的强势样本。,v4
2026-05-13,601991,大唐发电,1,52855.0,10jqka,post_close,2026-05-13 15:00:00,2026-05-06,6,6,23.0,22.0,ok,2026-05-13,7.14,7.37,7.37,7.08,2435885.0,10.0,33.03,60.92,1.0,0.43,19.88,42.11,60.72,0.0,0.0,True,False,0.0,大唐发电:大唐发电关于股票交易异常波动的公告,股票交易异常波动 | 大唐发电:大唐发电关于股票交易异常波动的公告,,,False,,,,强势,73.9,1.51,3.94,0,2026-05-13,common_index_cache,0.67,1.67,2.63,1.98,4.08,6.89,8.49,56.98,41.4,观察池,False,人气Top3；当日涨停附近；收在日内高位；持续霸榜；人气排名明显上升；市场强势且个股相对强势；v4多头排列技术加分,量能不足；短线涨幅过热；远离20日线过多；热度可能进入后段；v4乖离率过大；v4远离短中期均线；v4事件谨慎扣分（异常波动）；涨停封板不可买,涨停封板不可买，放观察池跟踪,v4
2026-05-13,601138,工业富联,2,52343.0,10jqka,post_close,2026-05-13 15:00:00,2026-05-06,6,6,35.0,33.0,ok,2026-05-13,64.1,70.84,70.84,63.86,4073570.0,10.0,11.95,12.3,1.0,1.81,7.81,7.95,11.41,0.0,0.0,True,False,0.0,,,,,False,,,,强势,73.9,1.51,3.94,0,2026-05-13,common_index_cache,0.67,1.67,2.63,1.98,4.08,6.89,8.49,8.36,108.4,观察池,False,人气Top3；当日涨停附近；收在日内高位；放量仍可控；近5日趋势升温；站上20日线且不过热；持续霸榜；人气排名明显上升；市场强势且个股相对强势；v4多头排列技术加分,热度可能进入后段；v4乖离率过大；涨停封板不可买,涨停封板不可买，放观察池跟踪,v4
2026-05-13,002081,金螳螂,3,47675.0,10jqka,post_close,2026-05-13 15:00:00,2026-05-06,6,6,1.0,-2.0,ok,2026-05-13,8.05,7.88,8.46,7.6,6453156.0,-1.25,15.88,21.42,0.326,1.33,6.34,22.93,49.97,-6.86,0.477,False,False,0.0,,,,,False,,,,强势,73.9,1.51,3.94,0,2026-05-13,common_index_cache,0.67,1.67,2.63,1.98,4.08,6.89,-2.76,17.48,16.4,不推送,False,人气Top3；温和放量；近5日趋势升温；持续霸榜；市场强势且个股相对强势；v4多头排列技术加分,当日转弱；收盘承接偏弱；远离20日线过多；热度可能进入后段；v4乖离率过大；v4远离短中期均线；v4长上影承接转弱,强势归纳版：这类形态历史胜率不占优，先留给更干净的强势样本。,v4
2026-05-13,000066,中国长城,4,40224.0,10jqka,post_close,2026-05-13 15:00:00,2026-05-06,6,6,2.0,-2.0,ok,2026-05-13,24.71,25.19,25.59,24.03,5209420.0,-0.67,9.09,15.55,0.744,1.05,4.07,17.02,35.18,-2.14,0.256,False,False,0.0,,,-5.18,-5.18,False,,,,强势,73.9,1.51,3.94,0,2026-05-13,common_index_cache,0.67,1.67,2.63,1.98,4.08,6.89,-2.18,11.61,37.4,不推送,False,人气Top10；温和放量；近5日趋势升温；持续霸榜；市场强势且个股相对强势；v4多头排列技术加分,当日转弱；偏离20日线较大；热度可能进入后段；v4短线偏离MA5过多；v4远离短中期均线；v4主力资金强净流出,强势归纳版：这类形态历史胜率不占优，先留给更干净的强势样本。,v4
2026-05-13,600396,华电辽能,5,32605.0,10jqka,post_close,2026-05-13 15:00:00,2026-05-06,6,6,4.0,-1.0,ok,2026-05-13,15.05,16.56,16.56,15.05,1584637.0,10.03,33.12,51.79,1.0,0.56,18.74,35.84,62.98,0.0,0.0,True,False,0.0,华电辽能:股票交易异常波动公告,股票交易异常波动 | 华电辽能:股票交易异常波动公告,,,False,,,,强势,73.9,1.51,3.94,0,2026-05-13,common_index_cache,0.67,1.67,2.63,1.98,4.08,6.89,8.52,47.85,39.4,观察池,False,人气Top10；当日涨停附近；收在日内高位；持续霸榜；市场强势且个股相对强势；v4多头排列技术加分,短线涨幅过热；远离20日线过多；热度可能进入后段；v4乖离率过大；v4远离短中期均线；v4事件谨慎扣分（异常波动）；涨停封板不可买,涨停封板不可买，放观察池跟踪,v4
2026-05-13,600186,莲花控股,6,30538.0,10jqka,post_close,2026-05-13 15:00:00,2026-05-06,6,6,39.0,33.0,ok,2026-05-13,9.85,10.72,10.85,9.8,3208937.0,7.31,2.1,-5.96,0.876,0.98,1.82,2.33,15.05,-7.19,0.124,False,False,0.0,,,,,False,,,,强势,73.9,1.51,3.94,0,2026-05-13,common_index_cache,0.67,1.67,2.63,1.98,4.08,6.89,5.8,-9.9,92.4,普通观察,True,人气Top10；当日强涨；收盘承接较强；温和放量；站上20日线且不过热；持续霸榜；人气排名明显上升；市场强势且个股相对强势；v4多头排列技术加分,近5日趋势未确认；热度可能进入后段,强势归纳版：保留在候选池，优先跟踪早段强势和缩量承接，不主动接后段退潮样本。,v4
2026-05-13,002580,圣阳股份,7,29495.0,10jqka,post_close,2026-05-13 15:00:00,2026-05-06,6,6,6.0,-1.0,ok,2026-05-13,33.2,34.8,35.05,30.89,1211433.0,1.84,5.78,16.86,0.94,0.95,4.79,12.17,19.62,-3.84,0.06,False,False,0.0,,,,,False,,,,强势,73.9,1.51,3.94,0,2026-05-13,common_index_cache,0.67,1.67,2.63,1.98,4.08,6.89,0.33,12.92,85.4,普通观察,True,人气Top10；收在日内高位；温和放量；近5日趋势升温；站上20日线且不过热；持续霸榜；市场强势且个股相对强势；v4多头排列技术加分；v4沿短均线抬升,热度可能进入后段；v4短线偏离MA5过多；v4远离短中期均线,强势归纳版：保留在候选池，优先跟踪早段强势和缩量承接，不主动接后段退潮样本。,v4
2026-05-13,601868,中国能建,8,28284.0,10jqka,post_close,2026-05-13 15:00:00,2026-05-07,5,5,59.0,51.0,ok,2026-05-13,3.33,3.53,3.57,3.29,18485741.0,6.33,9.63,24.3,0.857,1.3,7.36,15.43,18.18,-10.41,0.143,False,False,0.0,,,,,False,,,,强势,73.9,1.51,3.94,0,2026-05-13,common_index_cache,0.67,1.67,2.63,1.98,4.08,6.89,4.82,20.36,80.4,普通观察,True,人气Top10；当日上涨；收盘承接较强；温和放量；近5日趋势升温；站上20日线且不过热；持续霸榜；人气排名明显上升；市场强势且个股相对强势；v4多头排列技术加分,热度可能进入后段；v4乖离率过大；v4远离短中期均线,强势归纳版：保留在候选池，优先跟踪早段强势和缩量承接，不主动接后段退潮样本。,v4
2026-05-13,600410,华胜天成,9,26358.0,10jqka,post_close,2026-05-13 15:00:00,2026-05-13,1,1,,,ok,2026-05-13,22.55,24.38,24.55,22.45,2336896.0,9.23,5.59,6.74,0.919,2.29,4.92,4.7,-4.59,-28.94,0.081,False,False,0.0,,,,,False,,,,强势,73.9,1.51,3.94,0,2026-05-13,common_index_cache,0.67,1.67,2.63,1.98,4.08,6.89,7.72,2.8,73.4,不推送,False,人气Top10；当日强涨；收在日内高位；放量仍可控；近5日趋势升温；首次上榜即强势；市场强势且个股相对强势,v4短线偏离MA5过多；v4放量冲高过热,强势归纳版：这类形态历史胜率不占优，先留给更干净的强势样本。,v4
2026-05-13,301666,大普微,10,24960.0,10jqka,post_close,2026-05-13 15:00:00,2026-05-06,5,1,80.0,70.0,missing_price_file,,,,,,,,,,,,,,,,,,,,,,,,True,,,,强势,73.9,1.51,3.94,0,2026-05-13,common_index_cache,0.67,1.67,2.63,1.98,4.08,6.89,,,13.0,不推送,False,人气Top10；人气排名明显上升；v4龙虎榜活跃,缺少当日行情,强势归纳版：这类形态历史胜率不占优，先留给更干净的强势样本。,v4
2026-05-13,000925,众合科技,11,24536.0,10jqka,post_close,2026-05-13 15:00:00,2026-05-06,2,1,69.0,58.0,missing_price_file,,,,,,,,,,,,,,,,,,,,众合科技:关于召开2025年度股东会的提示性公告,召开股东大会提示性公告 | 众合科技:关于召开2025年度股东会的提示性公告,,,True,,,,强势,73.9,1.51,3.94,0,2026-05-13,common_index_cache,0.67,1.67,2.63,1.98,4.08,6.89,,,5.0,不推送,False,人气Top20；人气排名明显上升；v4龙虎榜活跃,缺少当日行情,强势归纳版：这类形态历史胜率不占优，先留给更干净的强势样本。,v4
2026-05-13,688008,澜起科技,12,24069.0,10jqka,post_close,2026-05-13 15:00:00,2026-05-06,3,1,41.0,29.0,ok,2026-05-13,233.0,258.8,258.8,233.0,84875403.0,7.52,23.08,30.06,1.0,0.91,10.7,25.46,43.1,0.0,0.0,False,False,0.0,,,,,False,,,,强势,73.9,1.51,3.94,0,2026-05-13,common_index_cache,0.67,1.67,2.63,1.98,4.08,6.89,6.01,26.12,65.4,不推送,False,人气Top20；当日强涨；收在日内高位；温和放量；近5日强势延续；人气排名明显上升；市场强势且个股相对强势；v4多头排列技术加分,短线涨幅偏高；偏离20日线较大；v4乖离率过大；v4远离短中期均线,强势归纳版：这类形态历史胜率不占优，先留给更干净的强势样本。,v4
2026-05-13,002491,通鼎互联,13,23157.0,10jqka,post_close,2026-05-13 15:00:00,2026-05-07,4,3,88.0,75.0,ok,2026-05-13,25.01,26.95,27.45,25.01,2850998.0,7.8,30.45,57.88,0.795,2.67,18.08,36.84,51.88,-1.82,0.205,False,False,0.0,通鼎互联:5.12异动公告,股票交易异常波动 | 通鼎互联:5.12异动公告,,,False,,,,强势,73.9,1.51,3.94,0,2026-05-13,common_index_cache,0.67,1.67,2.63,1.98,4.08,6.89,6.29,53.94,19.4,不推送,False,人气Top20；当日强涨；收盘承接较强；连续上榜确认；人气排名明显上升；市场强势且个股相对强势；v4多头排列技术加分,短线涨幅过热；远离20日线过多；v4乖离率过大；v4远离短中期均线；v4放量冲高过热；v4事件谨慎扣分（异常波动）,强势归纳版：这类形态历史胜率不占优，先留给更干净的强势样本。,v4
2026-05-13,002217,合力泰,14,23094.0,10jqka,post_close,2026-05-13 15:00:00,2026-05-06,6,6,32.0,18.0,missing_price_file,,,,,,,,,,,,,,,,,,,,,,,,False,,,,强势,73.9,1.51,3.94,0,2026-05-13,common_index_cache,0.67,1.67,2.63,1.98,4.08,6.89,,,4.0,不推送,False,人气Top20；持续霸榜；人气排名明显上升,热度可能进入后段；缺少当日行情,强势归纳版：这类形态历史胜率不占优，先留给更干净的强势样本。,v4
2026-05-13,600745,*ST闻泰,15,22960.0,10jqka,post_close,2026-05-13 15:00:00,2026-05-06,4,1,33.0,18.0,ok,2026-05-13,20.67,20.67,20.67,20.67,27876.0,-5.01,-14.23,-22.61,1.0,2.19,-9.97,-18.59,-26.19,-42.87,,False,False,0.0,*ST闻泰:股东减持股份结果公告 | *ST闻泰:关于重大资产出售的进展公告,股东/实际控制人股份减持 | 收购出售资产/股权 | *ST闻泰:股东减持股份结果公告 | *ST闻泰:关于重大资产出售的进展公告,,,True,,,,强势,73.9,1.51,3.94,0,2026-05-13,common_index_cache,0.67,1.67,2.63,1.98,4.08,6.89,-6.52,-26.55,9.7,不推送,False,人气Top20；收在日内高位；放量仍可控；人气排名明显上升；v4龙虎榜活跃,当日转弱；近5日趋势未确认；仍在20日线下方；强势市里个股相对走弱；v4跌破短均线；v4事件风险扣分（减持）,强势归纳版：这类形态历史胜率不占优，先留给更干净的强势样本。,v4
2026-05-13,600584,长电科技,16,22831.0,10jqka,post_close,2026-05-13 15:00:00,2026-05-06,5,3,33.0,17.0,ok,2026-05-13,53.51,57.49,57.97,53.2,2182123.0,4.07,13.28,19.27,0.899,1.3,7.23,15.53,22.39,-0.83,0.101,False,False,0.0,,,,,False,,,,强势,73.9,1.51,3.94,0,2026-05-13,common_index_cache,0.67,1.67,2.63,1.98,4.08,6.89,2.56,15.33,76.4,不推送,False,人气Top20；当日上涨；收盘承接较强；温和放量；近5日趋势升温；站上20日线且不过热；连续上榜确认；人气排名明显上升；市场强势且个股相对强势；v4多头排列技术加分,v4乖离率过大；v4远离短中期均线,强势归纳版：这类形态历史胜率不占优，先留给更干净的强势样本。,v4
2026-05-13,603601,再升科技,17,22224.0,10jqka,post_close,2026-05-13 15:00:00,2026-05-06,6,6,70.0,53.0,ok,2026-05-13,17.0,18.07,18.56,16.56,2581528.0,7.11,0.95,8.01,0.755,1.05,2.6,8.83,14.71,-3.63,0.245,False,False,0.0,再升科技:再升科技关于使用部分暂时闲置自有资金购买理财产品到期赎回的公告,投资理财 | 再升科技:再升科技关于使用部分暂时闲置自有资金购买理财产品到期赎回的公告,,,False,,,,强势,73.9,1.51,3.94,0,2026-05-13,common_index_cache,0.67,1.67,2.63,1.98,4.08,6.89,5.6,4.07,96.4,重点观察,True,人气Top20；当日强涨；收盘承接较强；温和放量；近5日趋势升温；站上20日线且不过热；持续霸榜；人气排名明显上升；市场强势且个股相对强势；v4多头排列技术加分；v4沿短均线抬升,热度可能进入后段；v4远离短中期均线,强势归纳版：先保留高胜率形态，等次日承接继续确认；一旦变成后段弱承接，就不再恋战。,v4
2026-05-13,300308,中际旭创,18,21128.0,10jqka,post_close,2026-05-13 15:00:00,2026-05-06,6,6,8.0,-10.0,ok,2026-05-13,999.68,1049.2,1052.2,991.12,260005.0,3.07,18.42,22.57,0.951,0.9,9.96,16.46,21.04,-0.29,0.049,False,False,0.0,,,,,False,,,,强势,73.9,1.51,3.94,0,2026-05-13,common_index_cache,0.67,1.67,2.63,1.98,4.08,6.89,1.56,18.63,74.4,不推送,False,人气Top20；当日上涨；收在日内高位；温和放量；近5日趋势升温；站上20日线且不过热；持续霸榜；市场强势且个股相对强势；v4多头排列技术加分,热度可能进入后段；v4乖离率过大；v4远离短中期均线,强势归纳版：这类形态历史胜率不占优，先留给更干净的强势样本。,v4
2026-05-13,001309,德明利,19,20702.0,10jqka,post_close,2026-05-13 15:00:00,2026-05-06,4,1,90.0,71.0,ok,2026-05-13,595.24,679.8,679.8,595.24,168739.0,10.0,13.73,17.76,1.0,1.04,7.86,18.0,25.73,0.0,0.0,True,False,0.0,德明利:001309德明利投资者关系管理信息20260513,调研活动 | 德明利:001309德明利投资者关系管理信息20260513,,,True,,,,强势,73.9,1.51,3.94,0,2026-05-13,common_index_cache,0.67,1.67,2.63,1.98,4.08,6.89,8.49,13.82,90.4,观察池,False,人气Top20；当日涨停附近；收在日内高位；温和放量；近5日趋势升温；站上20日线且不过热；人气排名明显上升；市场强势且个股相对强势；v4多头排列技术加分；v4龙虎榜提示关注,v4乖离率过大；v4远离短中期均线；涨停封板不可买,涨停封板不可买，放观察池跟踪,v4
2026-05-13,603629,利通电子,20,19958.0,10jqka,post_close,2026-05-13 15:00:00,2026-05-06,6,6,58.0,38.0,ok,2026-05-13,157.0,172.71,172.71,156.43,401762.0,10.0,3.06,8.73,1.0,1.07,5.52,16.63,40.12,-0.5,0.0,True,False,0.0,,,,,False,,,,强势,73.9,1.51,3.94,0,2026-05-13,common_index_cache,0.67,1.67,2.63,1.98,4.08,6.89,8.49,4.79,86.4,观察池,False,人气Top20；当日涨停附近；收在日内高位；温和放量；近5日趋势升温；持续霸榜；人气排名明显上升；市场强势且个股相对强势；v4多头排列技术加分；v4沿短均线抬升,偏离20日线较大；热度可能进入后段；v4乖离率过大；v4远离短中期均线；涨停封板不可买,涨停封板不可买，放观察池跟踪,v4
2026-05-13,600522,中天科技,21,19830.0,10jqka,post_close,2026-05-13 15:00:00,2026-05-06,6,6,11.0,-10.0,ok,2026-05-13,42.54,43.6,43.94,42.54,2852067.0,-1.09,6.6,24.96,0.757,0.85,3.41,13.57,26.35,-5.59,0.243,False,False,0.0,中天科技:江苏中天科技股份有限公司2025年年度股东会会议资料 | 中天科技:江苏中天科技股份有限公司关于参加沪市主板新质领航之电子与通信行业2025年度集体业绩说明会的公告,股东大会资料 | 其他 | 中天科技:江苏中天科技股份有限公司2025年年度股东会会议资料 | 中天科技:江苏中天科技股份有限公司关于参加沪市主板新质领航之电子与通信行业2025年度集体业绩说明会的公告,,,False,,,,强势,73.9,1.51,3.94,0,2026-05-13,common_index_cache,0.67,1.67,2.63,1.98,4.08,6.89,-2.6,21.02,49.4,不推送,False,人气Top50；收盘承接较强；温和放量；近5日趋势升温；站上20日线且不过热；持续霸榜；市场强势且个股相对强势；v4多头排列技术加分,当日转弱；热度可能进入后段；v4短线偏离MA5过多；v4远离短中期均线,强势归纳版：这类形态历史胜率不占优，先留给更干净的强势样本。,v4
2026-05-13,601778,晶科科技,22,19703.0,10jqka,post_close,2026-05-13 15:00:00,2026-05-06,6,6,86.0,64.0,ok,2026-05-13,7.09,7.14,7.66,7.01,6945774.0,0.56,-3.38,-0.14,0.2,1.32,-1.79,0.54,5.07,-9.39,0.8,False,False,0.0,,,,,False,,,,强势,73.9,1.51,3.94,0,2026-05-13,common_index_cache,0.67,1.67,2.63,1.98,4.08,6.89,-0.95,-4.08,0.0,不推送,False,人气Top50；温和放量；站上20日线且不过热；持续霸榜；人气排名明显上升,收盘承接偏弱；近5日趋势未确认；热度可能进入后段；上影线偏长；强势市里个股相对走弱；v4长上影承接转弱；v4正涨但收盘承接一般；v4趋势未转强且热度偏后,强势归纳版：这类形态历史胜率不占优，先留给更干净的强势样本。,v4
2026-05-13,000858,五粮液,23,19264.0,10jqka,post_close,2026-05-13 15:00:00,2026-05-06,5,3,85.0,62.0,ok,2026-05-13,90.57,89.15,90.83,88.74,467201.0,-1.56,-3.23,-3.37,0.196,1.01,-2.3,-5.59,-9.23,-19.36,0.124,False,False,0.0,,,-28.06,-28.06,False,,,,强势,73.9,1.51,3.94,0,2026-05-13,common_index_cache,0.67,1.67,2.63,1.98,4.08,6.89,-3.07,-7.31,0.0,不推送,False,人气Top50；温和放量；连续上榜确认；人气排名明显上升,当日转弱；收盘承接偏弱；近5日趋势未确认；仍在20日线下方；强势市里个股相对走弱；v4跌破短均线；v4趋势未转强且热度偏后；v4主力资金强净流出,强势归纳版：这类形态历史胜率不占优，先留给更干净的强势样本。,v4
2026-05-13,601016,节能风电,24,18089.0,10jqka,post_close,2026-05-13 15:00:00,2026-05-06,6,6,46.0,22.0,ok,2026-05-13,5.02,5.63,5.63,4.96,6353490.0,9.96,14.9,20.04,1.0,0.81,9.28,15.72,24.82,-1.75,0.0,True,False,0.0,节能风电:中节能风力发电股份有限公司关于“节能转债”预计满足赎回条件的提示性公告,其他 | 节能风电:中节能风力发电股份有限公司关于“节能转债”预计满足赎回条件的提示性公告,,,False,,,,强势,73.9,1.51,3.94,0,2026-05-13,common_index_cache,0.67,1.67,2.63,1.98,4.08,6.89,8.45,16.1,84.4,观察池,False,人气Top50；当日涨停附近；收在日内高位；温和放量；近5日趋势升温；站上20日线且不过热；持续霸榜；人气排名明显上升；市场强势且个股相对强势；v4多头排列技术加分,热度可能进入后段；v4乖离率过大；v4远离短中期均线；涨停封板不可买,涨停封板不可买，放观察池跟踪,v4
2026-05-13,600172,黄河旋风,25,17870.0,10jqka,post_close,2026-05-13 15:00:00,2026-05-12,2,2,18.0,-7.0,missing_price_file,,,,,,,,,,,,,,,,,,,,黄河旋风:股票交易异常波动公告,股票交易异常波动 | 黄河旋风:股票交易异常波动公告,,,True,,,,强势,73.9,1.51,3.94,0,2026-05-13,common_index_cache,0.67,1.67,2.63,1.98,4.08,6.89,,,0.0,不推送,False,人气Top50；连续上榜确认；v4龙虎榜活跃,缺少当日行情；v4事件谨慎扣分（异常波动）,强势归纳版：这类形态历史胜率不占优，先留给更干净的强势样本。,v4
2026-05-13,000592,平潭发展,26,17818.0,10jqka,post_close,2026-05-13 15:00:00,2026-05-07,5,5,13.0,-13.0,missing_price_file,,,,,,,,,,,,,,,,,,,,,,2.27,2.27,False,,,,强势,73.9,1.51,3.94,0,2026-05-13,common_index_cache,0.67,1.67,2.63,1.98,4.08,6.89,,,0.0,不推送,False,人气Top50；持续霸榜；v4主力资金净流入,热度可能进入后段；缺少当日行情；v4趋势未转强且热度偏后,强势归纳版：这类形态历史胜率不占优，先留给更干净的强势样本。,v4
2026-05-13,002297,博云新材,27,17675.0,10jqka,post_close,2026-05-13 15:00:00,2026-05-06,6,6,40.0,13.0,ok,2026-05-13,23.79,26.15,26.51,23.5,2003818.0,8.51,1.71,8.91,0.88,1.2,3.89,8.65,25.2,-1.88,0.12,False,False,0.0,,,,,True,,,,强势,73.9,1.51,3.94,0,2026-05-13,common_index_cache,0.67,1.67,2.63,1.98,4.08,6.89,7.0,4.97,94.4,重点观察,True,人气Top50；当日强涨；收盘承接较强；温和放量；近5日趋势升温；站上20日线且不过热；持续霸榜；人气排名明显上升；市场强势且个股相对强势；v4多头排列技术加分；v4放量突破但不过热；v4沿短均线抬升；v4龙虎榜活跃,热度可能进入后段；v4短线偏离MA5过多；v4远离短中期均线,强势归纳版：先保留高胜率形态，等次日承接继续确认；一旦变成后段弱承接，就不再恋战。,v4
2026-05-13,002810,山东赫达,28,17650.0,10jqka,post_close,2026-05-13 15:00:00,2026-05-13,1,1,,,missing_price_file,,,,,,,,,,,,,,,,,,,,山东赫达:关于参加2026年山东辖区上市公司投资者网上集体接待日活动的公告,调研活动 | 山东赫达:关于参加2026年山东辖区上市公司投资者网上集体接待日活动的公告,,,True,,,,强势,73.9,1.51,3.94,0,2026-05-13,common_index_cache,0.67,1.67,2.63,1.98,4.08,6.89,,,0.0,不推送,False,人气Top50；v4龙虎榜活跃,缺少当日行情,强势归纳版：这类形态历史胜率不占优，先留给更干净的强势样本。,v4
2026-05-13,301308,江波龙,29,17504.0,10jqka,post_close,2026-05-13 15:00:00,2026-05-06,4,1,31.0,2.0,ok,2026-05-13,552.0,611.9,615.88,538.0,258994.0,8.95,27.48,27.12,0.949,1.02,13.59,28.4,44.3,-0.65,0.051,False,False,0.0,江波龙:关于为子公司提供担保的进展公告 | 江波龙:中信建投证券股份有限公司关于公司首次公开发行股票并在创业板上市保荐总结报告书 | 江波龙:中信建投证券股份有限公司关于公司2025年度跟踪报告,提供/对外担保公告 | 保荐/核查意见 | 江波龙:关于为子公司提供担保的进展公告 | 江波龙:中信建投证券股份有限公司关于公司首次公开发行股票并在创业板上市保荐总结报告书 | 江波龙:中信建投证券股份有限公司关于公司2025年度跟踪报告,,,False,,,,强势,73.9,1.51,3.94,0,2026-05-13,common_index_cache,0.67,1.67,2.63,1.98,4.08,6.89,7.44,23.18,53.4,不推送,False,人气Top50；当日强涨；收在日内高位；温和放量；近5日强势延续；市场强势且个股相对强势；v4多头排列技术加分,短线涨幅偏高；偏离20日线较大；v4乖离率过大；v4远离短中期均线,强势归纳版：这类形态历史胜率不占优，先留给更干净的强势样本。,v4
2026-05-13,002015,协鑫能科,30,17298.0,10jqka,post_close,2026-05-13 15:00:00,2026-05-06,5,3,54.0,24.0,ok,2026-05-13,21.5,23.39,23.39,21.5,1286333.0,10.02,14.77,19.76,1.0,0.67,10.43,17.51,20.85,0.0,0.0,True,False,0.0,协鑫能科:关于控股股东部分股份解除质押的公告,股份质押、冻结 | 协鑫能科:关于控股股东部分股份解除质押的公告,,,False,,,,强势,73.9,1.51,3.94,0,2026-05-13,common_index_cache,0.67,1.67,2.63,1.98,4.08,6.89,8.51,15.82,74.4,观察池,False,人气Top50；当日涨停附近；收在日内高位；近5日趋势升温；站上20日线且不过热；连续上榜确认；人气排名明显上升；市场强势且个股相对强势；v4多头排列技术加分,v4乖离率过大；v4远离短中期均线；涨停封板不可买,涨停封板不可买，放观察池跟踪,v4
2026-05-13,600759,ST洲际,31,17246.0,10jqka,post_close,2026-05-13 15:00:00,2026-05-06,4,1,47.0,16.0,ok,2026-05-13,3.44,3.44,3.44,3.44,56003.0,-4.97,-14.21,-22.52,1.0,1.01,-9.95,-20.88,-28.91,-62.16,,False,False,0.0,,,,,False,,,,强势,73.9,1.51,3.94,0,2026-05-13,common_index_cache,0.67,1.67,2.63,1.98,4.08,6.89,-6.48,-26.46,8.7,不推送,False,人气Top50；收在日内高位；温和放量；人气排名明显上升,当日转弱；近5日趋势未确认；仍在20日线下方；强势市里个股相对走弱；v4跌破短均线,强势归纳版：这类形态历史胜率不占优，先留给更干净的强势样本。,v4
2026-05-13,600330,天通股份,32,17147.0,10jqka,post_close,2026-05-13 15:00:00,2026-05-06,6,6,21.0,-11.0,missing_price_file,,,,,,,,,,,,,,,,,,,,,,,,False,0.997972979066974,0.221465076660988,,强势,73.9,1.51,3.94,0,2026-05-13,common_index_cache,0.67,1.67,2.63,1.98,4.08,6.89,,,0.0,不推送,False,人气Top50；持续霸榜；v4筹码集中加分,热度可能进入后段；缺少当日行情；v4趋势未转强且热度偏后；v4获利盘结构偏弱,强势归纳版：这类形态历史胜率不占优，先留给更干净的强势样本。,v4
2026-05-13,002008,大族激光,33,16822.0,10jqka,post_close,2026-05-13 15:00:00,2026-05-07,5,5,92.0,59.0,missing_price_file,,,,,,,,,,,,,,,,,,,,大族激光:2025年年度股东会决议公告 | 大族激光:北京市君合律师事务所关于大族激光科技产业集团股份有限公司2025年年度股东会的法律意见书,分配方案决议公告 | 法律意见书 | 大族激光:2025年年度股东会决议公告 | 大族激光:北京市君合律师事务所关于大族激光科技产业集团股份有限公司2025年年度股东会的法律意见书,,,True,,,,强势,73.9,1.51,3.94,0,2026-05-13,common_index_cache,0.67,1.67,2.63,1.98,4.08,6.89,,,0.0,不推送,False,人气Top50；持续霸榜；人气排名明显上升；v4龙虎榜活跃,热度可能进入后段；缺少当日行情；v4趋势未转强且热度偏后,强势归纳版：这类形态历史胜率不占优，先留给更干净的强势样本。,v4
2026-05-13,002498,汉缆股份,34,16486.0,10jqka,post_close,2026-05-13 15:00:00,2026-05-07,2,1,81.0,47.0,missing_price_file,,,,,,,,,,,,,,,,,,,,,,,,True,,,,强势,73.9,1.51,3.94,0,2026-05-13,common_index_cache,0.67,1.67,2.63,1.98,4.08,6.89,,,0.0,不推送,False,人气Top50；人气排名明显上升；v4龙虎榜活跃,缺少当日行情,强势归纳版：这类形态历史胜率不占优，先留给更干净的强势样本。,v4
2026-05-13,002361,神剑股份,35,16160.0,10jqka,post_close,2026-05-13 15:00:00,2026-05-06,6,6,7.0,-28.0,ok,2026-05-13,20.01,20.67,21.2,19.8,1938730.0,2.07,-5.62,-2.55,0.621,0.73,-3.11,-1.65,0.42,-13.7,0.379,False,False,0.0,,,,,False,,,,强势,73.9,1.51,3.94,0,2026-05-13,common_index_cache,0.67,1.67,2.63,1.98,4.08,6.89,0.56,-6.49,0.0,不推送,False,人气Top50；站上20日线且不过热；持续霸榜,近5日趋势未确认；热度可能进入后段；人气排名明显回落；强势市里个股相对走弱；v4长上影承接转弱；v4趋势未转强且热度偏后,强势归纳版：这类形态历史胜率不占优，先留给更干净的强势样本。,v4
2026-05-13,002428,云南锗业,36,15873.0,10jqka,post_close,2026-05-13 15:00:00,2026-05-06,6,6,5.0,-31.0,missing_price_file,,,,,,,,,,,,,,,,,,,,云南锗业:2026年5月13日投资者关系活动记录表（2025年度网上业绩说明会） | 云南锗业:股票交易异常波动公告,调研活动 | 股票交易异常波动 | 云南锗业:2026年5月13日投资者关系活动记录表（2025年度网上业绩说明会） | 云南锗业:股票交易异常波动公告,,,False,,,,强势,73.9,1.51,3.94,0,2026-05-13,common_index_cache,0.67,1.67,2.63,1.98,4.08,6.89,,,0.0,不推送,False,人气Top50；持续霸榜,热度可能进入后段；人气排名明显回落；缺少当日行情；v4趋势未转强且热度偏后；v4事件谨慎扣分（异常波动）,强势归纳版：这类形态历史胜率不占优，先留给更干净的强势样本。,v4
2026-05-13,002281,光迅科技,37,15819.0,10jqka,post_close,2026-05-13 15:00:00,2026-05-06,6,6,30.0,-7.0,ok,2026-05-13,196.01,197.97,203.7,191.18,792201.0,-1.75,9.55,31.26,0.542,1.03,4.94,20.51,40.21,-5.19,0.458,False,False,0.0,光迅科技:武汉光迅科技股份有限公司股票交易异常波动公告,股票交易异常波动 | 光迅科技:武汉光迅科技股份有限公司股票交易异常波动公告,,,False,,,,强势,73.9,1.51,3.94,0,2026-05-13,common_index_cache,0.67,1.67,2.63,1.98,4.08,6.89,-3.26,27.32,13.4,不推送,False,人气Top50；温和放量；近5日强势延续；持续霸榜；市场强势且个股相对强势；v4多头排列技术加分,当日转弱；短线涨幅偏高；偏离20日线较大；热度可能进入后段；v4短线偏离MA5过多；v4远离短中期均线；v4长上影承接转弱；v4事件谨慎扣分（异常波动）,强势归纳版：这类形态历史胜率不占优，先留给更干净的强势样本。,v4
2026-05-13,300442,润泽科技,38,15746.0,10jqka,post_close,2026-05-13 15:00:00,2026-05-13,1,1,,,ok,2026-05-13,90.9,101.62,105.0,90.01,1127112.0,11.21,3.61,5.62,0.775,1.52,4.45,8.04,8.75,-4.43,0.225,True,False,0.0,润泽科技:关于2023年限制性股票激励计划第一类限制性股票第一个解除限售期解除限售股份上市流通的提示性公告,限售股份上市流通 | 润泽科技:关于2023年限制性股票激励计划第一类限制性股票第一个解除限售期解除限售股份上市流通的提示性公告,,,False,,,,强势,73.9,1.51,3.94,0,2026-05-13,common_index_cache,0.67,1.67,2.63,1.98,4.08,6.89,9.7,1.68,81.4,观察池,False,人气Top50；当日涨停附近；收盘承接较强；温和放量；近5日趋势升温；站上20日线且不过热；市场强势且个股相对强势；v4多头排列技术加分；v4沿短均线抬升,v4短线偏离MA5过多；v4远离短中期均线；涨停封板不可买,涨停封板不可买，放观察池跟踪,v4
2026-05-13,600487,亨通光电,39,15626.0,10jqka,post_close,2026-05-13 15:00:00,2026-05-06,6,6,37.0,-2.0,ok,2026-05-13,73.34,75.43,77.0,73.33,1523329.0,0.44,-2.38,5.06,0.572,0.79,-0.42,4.29,14.64,-5.59,0.428,False,False,0.0,亨通光电:亨通光电关于2024年度奖励基金通过信托购买公司股票实施完毕的公告,其他 | 亨通光电:亨通光电关于2024年度奖励基金通过信托购买公司股票实施完毕的公告,,,False,,,,强势,73.9,1.51,3.94,0,2026-05-13,common_index_cache,0.67,1.67,2.63,1.98,4.08,6.89,-1.07,1.12,10.7,不推送,False,人气Top50；近5日趋势升温；站上20日线且不过热；持续霸榜,热度可能进入后段；强势市里个股相对走弱；v4长上影承接转弱；v4正涨但收盘承接一般；v4趋势未转强且热度偏后,强势归纳版：这类形态历史胜率不占优，先留给更干净的强势样本。,v4
2026-05-13,601179,中国西电,40,14923.0,10jqka,post_close,2026-05-13 15:00:00,2026-05-08,4,4,27.0,-13.0,missing_price_file,,,,,,,,,,,,,,,,,,,,,,,,False,,,,强势,73.9,1.51,3.94,0,2026-05-13,common_index_cache,0.67,1.67,2.63,1.98,4.08,6.89,,,0.0,不推送,False,人气Top50；连续上榜确认,缺少当日行情；v4趋势未转强且热度偏后,强势归纳版：这类形态历史胜率不占优，先留给更干净的强势样本。,v4
2026-05-13,002183,怡亚通,41,14921.0,10jqka,post_close,2026-05-13 15:00:00,2026-05-08,2,1,81.0,40.0,missing_price_file,,,,,,,,,,,,,,,,,,,,,,,,False,,,,强势,73.9,1.51,3.94,0,2026-05-13,common_index_cache,0.67,1.67,2.63,1.98,4.08,6.89,,,0.0,不推送,False,人气Top50；人气排名明显上升,缺少当日行情,强势归纳版：这类形态历史胜率不占优，先留给更干净的强势样本。,v4
2026-05-13,688256,寒武纪,42,14868.0,10jqka,post_close,2026-05-13 15:00:00,2026-05-06,6,6,56.0,14.0,ok,2026-05-13,1239.0,1316.88,1316.88,1236.0,15877771.0,3.05,11.36,7.6,1.0,0.84,5.69,15.78,30.68,-0.12,0.0,False,False,0.0,,,,,False,,,,强势,73.9,1.51,3.94,0,2026-05-13,common_index_cache,0.67,1.67,2.63,1.98,4.08,6.89,1.54,3.66,60.4,不推送,False,人气Top50；当日上涨；收在日内高位；温和放量；近5日趋势升温；持续霸榜；人气排名明显上升；市场强势且个股相对强势；v4多头排列技术加分,偏离20日线较大；热度可能进入后段；v4乖离率过大；v4远离短中期均线,强势归纳版：这类形态历史胜率不占优，先留给更干净的强势样本。,v4
2026-05-13,601727,上海电气,43,14587.0,10jqka,post_close,2026-05-13 15:00:00,2026-05-11,2,1,32.0,-11.0,missing_price_file,,,,,,,,,,,,,,,,,,,,,,,,False,,,,强势,73.9,1.51,3.94,0,2026-05-13,common_index_cache,0.67,1.67,2.63,1.98,4.08,6.89,,,0.0,不推送,False,人气Top50,缺少当日行情,强势归纳版：这类形态历史胜率不占优，先留给更干净的强势样本。,v4
2026-05-13,600821,金开新能,44,14450.0,10jqka,post_close,2026-05-13 15:00:00,2026-05-06,4,2,95.0,51.0,missing_price_file,,,,,,,,,,,,,,,,,,,,,,,,False,,,,强势,73.9,1.51,3.94,0,2026-05-13,common_index_cache,0.67,1.67,2.63,1.98,4.08,6.89,,,0.0,不推送,False,人气Top50；连续上榜确认；人气排名明显上升,缺少当日行情,强势归纳版：这类形态历史胜率不占优，先留给更干净的强势样本。,v4
2026-05-13,002475,立讯精密,45,14365.0,10jqka,post_close,2026-05-13 15:00:00,2026-05-06,6,6,78.0,33.0,ok,2026-05-13,75.75,80.15,81.78,75.11,2263665.0,3.83,12.43,19.48,0.756,1.02,7.09,11.51,18.85,-1.99,0.244,False,False,0.0,,,,,False,,,,强势,73.9,1.51,3.94,0,2026-05-13,common_index_cache,0.67,1.67,2.63,1.98,4.08,6.89,2.32,15.54,64.4,不推送,False,人气Top50；当日上涨；收盘承接较强；温和放量；近5日趋势升温；站上20日线且不过热；持续霸榜；人气排名明显上升；市场强势且个股相对强势；v4多头排列技术加分,热度可能进入后段；v4乖离率过大；v4远离短中期均线,强势归纳版：这类形态历史胜率不占优，先留给更干净的强势样本。,v4
2026-05-13,300394,天孚通信,46,14292.0,10jqka,post_close,2026-05-13 15:00:00,2026-05-13,1,1,,,ok,2026-05-13,342.45,378.19,383.79,342.3,726252.0,10.44,15.9,19.62,0.865,1.48,10.78,15.52,11.02,-2.76,0.135,True,False,0.0,,,,,False,,,,强势,73.9,1.51,3.94,0,2026-05-13,common_index_cache,0.67,1.67,2.63,1.98,4.08,6.89,8.93,15.68,58.4,观察池,False,人气Top50；当日涨停附近；收盘承接较强；温和放量；近5日趋势升温；站上20日线且不过热；市场强势且个股相对强势,v4乖离率过大；v4远离短中期均线；涨停封板不可买,涨停封板不可买，放观察池跟踪,v4
2026-05-13,002342,巨力索具,47,14271.0,10jqka,post_close,2026-05-13 15:00:00,2026-05-06,6,6,10.0,-37.0,ok,2026-05-13,20.25,20.46,21.22,19.88,1824760.0,0.29,-7.46,1.74,0.433,0.69,-4.62,0.8,4.55,-14.75,0.567,False,False,0.0,,,,,False,,,,强势,73.9,1.51,3.94,0,2026-05-13,common_index_cache,0.67,1.67,2.63,1.98,4.08,6.89,-1.22,-2.2,0.0,不推送,False,人气Top50；站上20日线且不过热；持续霸榜,收盘承接偏弱；热度可能进入后段；人气排名明显回落；上影线偏长；强势市里个股相对走弱；v4长上影承接转弱；v4正涨但收盘承接一般；v4趋势未转强且热度偏后,强势归纳版：这类形态历史胜率不占优，先留给更干净的强势样本。,v4
2026-05-13,000967,盈峰环境,48,14199.0,10jqka,post_close,2026-05-13 15:00:00,2026-05-11,2,1,77.0,29.0,missing_price_file,,,,,,,,,,,,,,,,,,,,盈峰环境:000967盈峰环境投资者关系管理信息20260513 | 盈峰环境:关于控股股东宁波盈峰、实际控制人及其一致行动人减持公司股份比例触及1%整数倍的公告 | 盈峰环境:关于提前赎回盈峰转债的第五次提示性公告,调研活动 | 股东/实际控制人股份减持 | 其他 | 盈峰环境:000967盈峰环境投资者关系管理信息20260513 | 盈峰环境:关于控股股东宁波盈峰、实际控制人及其一致行动人减持公司股份比例触及1%整数倍的公告 | 盈峰环境:关于提前赎回盈峰转债的第五次提示性公告,,,True,,,,强势,73.9,1.51,3.94,0,2026-05-13,common_index_cache,0.67,1.67,2.63,1.98,4.08,6.89,,,0.0,不推送,False,人气Top50；人气排名明显上升；v4龙虎榜活跃,缺少当日行情；v4事件风险扣分（减持）,强势归纳版：这类形态历史胜率不占优，先留给更干净的强势样本。,v4
2026-05-13,300502,新易盛,49,13832.0,10jqka,post_close,2026-05-13 15:00:00,2026-05-06,6,6,65.0,16.0,ok,2026-05-13,585.11,628.99,630.79,582.18,423739.0,6.16,14.02,20.39,0.963,0.9,8.43,13.15,12.87,-0.29,0.037,False,False,0.0,,,,,False,,,,强势,73.9,1.51,3.94,0,2026-05-13,common_index_cache,0.67,1.67,2.63,1.98,4.08,6.89,4.65,16.45,54.4,不推送,False,人气Top50；当日上涨；收在日内高位；温和放量；近5日趋势升温；站上20日线且不过热；持续霸榜；人气排名明显上升；市场强势且个股相对强势,热度可能进入后段；v4乖离率过大；v4远离短中期均线；v4趋势未转强且热度偏后,强势归纳版：这类形态历史胜率不占优，先留给更干净的强势样本。,v4
2026-05-13,300017,网宿科技,50,13290.0,10jqka,post_close,2026-05-13 15:00:00,2026-05-13,1,1,,,missing_price_file,,,,,,,,,,,,,,,,,,,,,,,,False,,,,强势,73.9,1.51,3.94,0,2026-05-13,common_index_cache,0.67,1.67,2.63,1.98,4.08,6.89,,,0.0,不推送,False,人气Top50,缺少当日行情,强势归纳版：这类形态历史胜率不占优，先留给更干净的强势样本。,v4
2026-05-13,002245,蔚蓝锂芯,51,13272.0,10jqka,post_close,2026-05-13 15:00:00,2026-05-06,2,1,61.0,10.0,missing_price_file,,,,,,,,,,,,,,,,,,,,,,,,False,,,,强势,73.9,1.51,3.94,0,2026-05-13,common_index_cache,0.67,1.67,2.63,1.98,4.08,6.89,,,0.0,不推送,False,人气排名明显上升,缺少当日行情,强势归纳版：这类形态历史胜率不占优，先留给更干净的强势样本。,v4
2026-05-13,600667,太极实业,52,13108.0,10jqka,post_close,2026-05-13 15:00:00,2026-05-12,2,2,22.0,-30.0,missing_price_file,,,,,,,,,,,,,,,,,,,,,,,,True,,,,强势,73.9,1.51,3.94,0,2026-05-13,common_index_cache,0.67,1.67,2.63,1.98,4.08,6.89,,,0.0,不推送,False,连续上榜确认；v4龙虎榜活跃,人气排名明显回落；缺少当日行情,强势归纳版：这类形态历史胜率不占优，先留给更干净的强势样本。,v4
2026-05-13,600488,津药药业,53,13071.0,10jqka,post_close,2026-05-13 15:00:00,2026-05-11,2,1,81.0,28.0,missing_price_file,,,,,,,,,,,,,,,,,,,,津药药业:津药药业股份有限公司股票交易异常波动公告,股票交易异常波动 | 津药药业:津药药业股份有限公司股票交易异常波动公告,,,True,,,,强势,73.9,1.51,3.94,0,2026-05-13,common_index_cache,0.67,1.67,2.63,1.98,4.08,6.89,,,0.0,不推送,False,人气排名明显上升；v4龙虎榜活跃,缺少当日行情；v4事件谨慎扣分（异常波动）,强势归纳版：这类形态历史胜率不占优，先留给更干净的强势样本。,v4
2026-05-13,001896,豫能控股,54,12984.0,10jqka,post_close,2026-05-13 15:00:00,2026-05-06,5,4,64.0,10.0,ok,2026-05-13,16.98,17.76,18.67,16.8,2419721.0,4.59,8.23,8.29,0.513,1.49,4.82,7.37,6.44,-5.78,0.487,False,False,0.0,,,,,False,,,,强势,73.9,1.51,3.94,0,2026-05-13,common_index_cache,0.67,1.67,2.63,1.98,4.08,6.89,3.08,4.35,29.4,不推送,False,当日上涨；温和放量；近5日趋势升温；站上20日线且不过热；连续上榜确认；人气排名明显上升；市场强势且个股相对强势,上影线偏长；v4短线偏离MA5过多；v4长上影承接转弱；v4正涨但收盘承接一般；v4趋势未转强且热度偏后,强势归纳版：这类形态历史胜率不占优，先留给更干净的强势样本。,v4
2026-05-13,600589,大位科技,55,12949.0,10jqka,post_close,2026-05-13 15:00:00,2026-05-06,4,1,53.0,-2.0,missing_price_file,,,,,,,,,,,,,,,,,,,,,,,,False,,,,强势,73.9,1.51,3.94,0,2026-05-13,common_index_cache,0.67,1.67,2.63,1.98,4.08,6.89,,,0.0,不推送,False,-,缺少当日行情,强势归纳版：这类形态历史胜率不占优，先留给更干净的强势样本。,v4
2026-05-13,002156,通富微电,56,12925.0,10jqka,post_close,2026-05-13 15:00:00,2026-05-06,6,6,55.0,-1.0,ok,2026-05-13,57.89,60.86,61.0,56.93,1497358.0,2.32,6.47,6.87,0.966,0.94,2.18,9.17,17.79,-2.2,0.034,False,False,0.0,,,,,False,,,,强势,73.9,1.51,3.94,0,2026-05-13,common_index_cache,0.67,1.67,2.63,1.98,4.08,6.89,0.81,2.93,76.4,不推送,False,收在日内高位；温和放量；近5日趋势升温；站上20日线且不过热；持续霸榜；市场强势且个股相对强势；v4多头排列技术加分；v4缩量回踩MA5；v4沿短均线抬升,热度可能进入后段；v4远离短中期均线,强势归纳版：这类形态历史胜率不占优，先留给更干净的强势样本。,v4
2026-05-13,002181,粤传媒,57,12907.0,10jqka,post_close,2026-05-13 15:00:00,2026-05-06,5,1,45.0,-12.0,ok,2026-05-13,18.82,17.9,20.0,17.9,1147122.0,-4.02,-2.45,-1.32,0.0,0.87,-3.43,4.64,17.67,-10.5,0.562,False,False,0.0,,,,,False,,,,强势,73.9,1.51,3.94,0,2026-05-13,common_index_cache,0.67,1.67,2.63,1.98,4.08,6.89,-5.53,-5.26,0.0,不推送,False,温和放量；站上20日线且不过热,当日转弱；收盘承接偏弱；近5日趋势未确认；强势市里个股相对走弱；v4长上影承接转弱,强势归纳版：这类形态历史胜率不占优，先留给更干净的强势样本。,v4
2026-05-13,000988,华工科技,58,12758.0,10jqka,post_close,2026-05-13 15:00:00,2026-05-06,6,6,42.0,-16.0,ok,2026-05-13,140.0,142.1,143.62,136.8,976177.0,-1.43,3.96,13.51,0.777,0.93,0.92,9.13,14.86,-5.58,0.223,False,False,0.0,,,,,False,,,,强势,73.9,1.51,3.94,0,2026-05-13,common_index_cache,0.67,1.67,2.63,1.98,4.08,6.89,-2.94,9.57,60.4,不推送,False,收盘承接较强；温和放量；近5日趋势升温；站上20日线且不过热；持续霸榜；市场强势且个股相对强势；v4多头排列技术加分；v4缩量回踩MA5；v4沿短均线抬升,当日转弱；热度可能进入后段；v4远离短中期均线,强势归纳版：这类形态历史胜率不占优，先留给更干净的强势样本。,v4
2026-05-13,002050,三花智控,59,12731.0,10jqka,post_close,2026-05-13 15:00:00,2026-05-06,6,6,66.0,7.0,ok,2026-05-13,50.4,51.5,51.67,49.6,1437170.0,1.14,-0.37,6.94,0.918,0.76,0.73,6.05,9.54,-6.4,0.082,False,False,0.0,,,,,False,,,,强势,73.9,1.51,3.94,0,2026-05-13,common_index_cache,0.67,1.67,2.63,1.98,4.08,6.89,-0.37,3.0,70.4,不推送,False,收在日内高位；近5日趋势升温；站上20日线且不过热；持续霸榜；市场强势且个股相对强势；v4多头排列技术加分；v4缩量回踩MA5；v4沿短均线抬升,热度可能进入后段,强势归纳版：这类形态历史胜率不占优，先留给更干净的强势样本。,v4
2026-05-13,603778,国晟科技,60,12704.0,10jqka,post_close,2026-05-13 15:00:00,2026-05-06,6,6,3.0,-57.0,ok,2026-05-13,24.9,24.14,24.9,24.01,622983.0,-3.01,-10.56,-13.51,0.146,0.67,-4.37,-7.06,-9.75,-29.56,0.0,False,False,0.0,国晟科技:国晟世安科技股份有限公司2025年年度股东会会议资料,股东大会资料 | 国晟科技:国晟世安科技股份有限公司2025年年度股东会会议资料,,,False,,,,强势,73.9,1.51,3.94,0,2026-05-13,common_index_cache,0.67,1.67,2.63,1.98,4.08,6.89,-4.52,-17.45,0.0,不推送,False,持续霸榜,当日转弱；收盘承接偏弱；近5日趋势未确认；仍在20日线下方；热度可能进入后段；人气排名明显回落；强势市里个股相对走弱；v4跌破短均线；v4趋势未转强且热度偏后,强势归纳版：这类形态历史胜率不占优，先留给更干净的强势样本。,v4
2026-05-13,600736,苏州高新,61,12654.0,10jqka,post_close,2026-05-13 15:00:00,2026-05-07,5,5,25.0,-36.0,missing_price_file,,,,,,,,,,,,,,,,,,,,苏州高新:苏州高新2025年年度股东会会议资料,股东大会资料 | 苏州高新:苏州高新2025年年度股东会会议资料,,,False,,,,强势,73.9,1.51,3.94,0,2026-05-13,common_index_cache,0.67,1.67,2.63,1.98,4.08,6.89,,,0.0,不推送,False,持续霸榜,热度可能进入后段；人气排名明显回落；缺少当日行情；v4趋势未转强且热度偏后,强势归纳版：这类形态历史胜率不占优，先留给更干净的强势样本。,v4
2026-05-13,300058,蓝色光标,62,12651.0,10jqka,post_close,2026-05-13 15:00:00,2026-05-06,5,4,57.0,-5.0,ok,2026-05-13,18.01,18.84,18.98,17.61,4546204.0,3.46,0.8,4.38,0.898,0.76,0.24,4.38,4.7,-8.94,0.102,False,False,0.0,,,,,False,,,,强势,73.9,1.51,3.94,0,2026-05-13,common_index_cache,0.67,1.67,2.63,1.98,4.08,6.89,1.95,0.44,64.4,不推送,False,当日上涨；收盘承接较强；站上20日线且不过热；连续上榜确认；市场强势且个股相对强势；v4多头排列技术加分；v4缩量回踩MA5；v4沿短均线抬升,-,强势归纳版：这类形态历史胜率不占优，先留给更干净的强势样本。,v4
2026-05-13,601126,四方股份,63,12611.0,10jqka,post_close,2026-05-13 15:00:00,2026-05-13,1,1,,,missing_price_file,,,,,,,,,,,,,,,,,,,,四方股份:四方股份关于股票交易异常波动的公告 | 四方股份:控股股东关于对北京四方继保自动化股份有限公司股票交易异常波动征询函的回函 | 四方股份:实际控制人关于对北京四方继保自动化股份有限公司股票交易异常波动征询函的回函,股票交易异常波动 | 四方股份:四方股份关于股票交易异常波动的公告 | 四方股份:控股股东关于对北京四方继保自动化股份有限公司股票交易异常波动征询函的回函 | 四方股份:实际控制人关于对北京四方继保自动化股份有限公司股票交易异常波动征询函的回函,,,False,,,,强势,73.9,1.51,3.94,0,2026-05-13,common_index_cache,0.67,1.67,2.63,1.98,4.08,6.89,,,0.0,不推送,False,-,缺少当日行情；v4事件谨慎扣分（异常波动）,强势归纳版：这类形态历史胜率不占优，先留给更干净的强势样本。,v4
2026-05-13,000062,深圳华强,64,12588.0,10jqka,post_close,2026-05-13 15:00:00,2026-05-06,6,6,62.0,-2.0,missing_price_file,,,,,,,,,,,,,,,,,,,,,,-6.04,-6.04,False,,,,强势,73.9,1.51,3.94,0,2026-05-13,common_index_cache,0.67,1.67,2.63,1.98,4.08,6.89,,,0.0,不推送,False,持续霸榜,热度可能进入后段；缺少当日行情；v4趋势未转强且热度偏后；v4主力资金强净流出,强势归纳版：这类形态历史胜率不占优，先留给更干净的强势样本。,v4
2026-05-13,600726,华电能源,65,12505.0,10jqka,post_close,2026-05-13 15:00:00,2026-05-06,6,6,12.0,-53.0,missing_price_file,,,,,,,,,,,,,,,,,,,,,,,,False,,,,强势,73.9,1.51,3.94,0,2026-05-13,common_index_cache,0.67,1.67,2.63,1.98,4.08,6.89,,,0.0,不推送,False,持续霸榜,热度可能进入后段；人气排名明显回落；缺少当日行情；v4趋势未转强且热度偏后,强势归纳版：这类形态历史胜率不占优，先留给更干净的强势样本。,v4
2026-05-13,002202,金风科技,66,12462.0,10jqka,post_close,2026-05-13 15:00:00,2026-05-06,6,6,36.0,-30.0,ok,2026-05-13,27.07,27.8,27.94,26.88,1761552.0,1.94,-2.42,-0.5,0.868,0.72,-0.84,1.67,5.22,-16.52,0.132,False,False,0.0,金风科技:2026年5月13日投资者关系活动记录表,调研活动 | 金风科技:2026年5月13日投资者关系活动记录表,,,False,,,,强势,73.9,1.51,3.94,0,2026-05-13,common_index_cache,0.67,1.67,2.63,1.98,4.08,6.89,0.43,-4.44,6.7,不推送,False,收盘承接较强；站上20日线且不过热；持续霸榜,近5日趋势未确认；热度可能进入后段；人气排名明显回落；强势市里个股相对走弱；v4趋势未转强且热度偏后,强势归纳版：这类形态历史胜率不占优，先留给更干净的强势样本。,v4
2026-05-13,000938,紫光股份,67,12381.0,10jqka,post_close,2026-05-13 15:00:00,2026-05-08,3,1,54.0,-13.0,ok,2026-05-13,30.6,32.91,33.16,30.35,2372601.0,7.23,-0.78,3.33,0.911,0.99,1.96,2.39,8.03,-3.01,0.089,False,False,0.0,,,,,False,,,,强势,73.9,1.51,3.94,0,2026-05-13,common_index_cache,0.67,1.67,2.63,1.98,4.08,6.89,5.72,-0.61,74.4,不推送,False,当日强涨；收在日内高位；温和放量；站上20日线且不过热；市场强势且个股相对强势；v4多头排列技术加分；v4沿短均线抬升,-,强势归纳版：这类形态历史胜率不占优，先留给更干净的强势样本。,v4
2026-05-13,000767,晋控电力,68,12336.0,10jqka,post_close,2026-05-13 15:00:00,2026-05-13,1,1,,,ok,2026-05-13,4.88,5.12,5.12,4.8,1846136.0,10.11,22.78,26.11,1.0,0.79,13.98,21.93,26.09,0.0,0.0,True,False,0.0,,,19.48,19.48,True,,,,强势,73.9,1.51,3.94,0,2026-05-13,common_index_cache,0.67,1.67,2.63,1.98,4.08,6.89,8.6,22.17,57.4,观察池,False,当日涨停附近；收在日内高位；近5日强势延续；站上20日线且不过热；市场强势且个股相对强势；v4多头排列技术加分；v4主力资金强净流入；v4龙虎榜提示关注,短线涨幅偏高；v4乖离率过大；v4远离短中期均线；涨停封板不可买,涨停封板不可买，放观察池跟踪,v4
2026-05-13,600089,特变电工,69,12301.0,10jqka,post_close,2026-05-13 15:00:00,2026-05-12,2,2,51.0,-18.0,missing_price_file,,,,,,,,,,,,,,,,,,,,,,,,False,,,,强势,73.9,1.51,3.94,0,2026-05-13,common_index_cache,0.67,1.67,2.63,1.98,4.08,6.89,,,0.0,不推送,False,连续上榜确认,缺少当日行情,强势归纳版：这类形态历史胜率不占优，先留给更干净的强势样本。,v4
2026-05-13,002709,天赐材料,70,12257.0,10jqka,post_close,2026-05-13 15:00:00,2026-05-06,6,6,15.0,-55.0,ok,2026-05-13,57.73,57.92,58.48,57.02,977250.0,-1.14,-0.84,-9.5,0.616,0.64,-2.58,-1.83,6.67,-10.86,0.384,False,False,0.0,,,,,False,,,,强势,73.9,1.51,3.94,0,2026-05-13,common_index_cache,0.67,1.67,2.63,1.98,4.08,6.89,-2.65,-13.44,0.0,不推送,False,站上20日线且不过热；持续霸榜,当日转弱；近5日趋势未确认；热度可能进入后段；人气排名明显回落；强势市里个股相对走弱；v4长上影承接转弱；v4跌破短均线；v4趋势未转强且热度偏后,强势归纳版：这类形态历史胜率不占优，先留给更干净的强势样本。,v4
2026-05-13,000547,航天发展,71,12059.0,10jqka,post_close,2026-05-13 15:00:00,2026-05-08,4,4,24.0,-47.0,missing_price_file,,,,,,,,,,,,,,,,,,,,,,-1.34,-1.34,False,,,,强势,73.9,1.51,3.94,0,2026-05-13,common_index_cache,0.67,1.67,2.63,1.98,4.08,6.89,,,0.0,不推送,False,连续上榜确认,人气排名明显回落；缺少当日行情；v4趋势未转强且热度偏后；v4主力资金净流出,强势归纳版：这类形态历史胜率不占优，先留给更干净的强势样本。,v4
2026-05-13,002384,东山精密,72,12008.0,10jqka,post_close,2026-05-13 15:00:00,2026-05-06,6,6,28.0,-44.0,ok,2026-05-13,213.0,220.75,225.66,212.9,787040.0,0.59,4.43,15.05,0.615,0.86,2.11,9.58,20.89,-4.02,0.385,False,False,0.0,,,,,False,,,,强势,73.9,1.51,3.94,0,2026-05-13,common_index_cache,0.67,1.67,2.63,1.98,4.08,6.89,-0.92,11.11,40.4,不推送,False,温和放量；近5日趋势升温；站上20日线且不过热；持续霸榜；市场强势且个股相对强势；v4多头排列技术加分；v4沿短均线抬升,热度可能进入后段；人气排名明显回落；v4远离短中期均线；v4长上影承接转弱,强势归纳版：这类形态历史胜率不占优，先留给更干净的强势样本。,v4
2026-05-13,000981,山子高科,73,11985.0,10jqka,post_close,2026-05-13 15:00:00,2026-05-12,2,2,49.0,-24.0,missing_price_file,,,,,,,,,,,,,,,,,,,,,,-14.05,-14.05,False,,,,强势,73.9,1.51,3.94,0,2026-05-13,common_index_cache,0.67,1.67,2.63,1.98,4.08,6.89,,,0.0,不推送,False,连续上榜确认,人气排名明显回落；缺少当日行情；v4主力资金强净流出,强势归纳版：这类形态历史胜率不占优，先留给更干净的强势样本。,v4
2026-05-13,603986,兆易创新,74,11963.0,10jqka,post_close,2026-05-13 15:00:00,2026-05-06,5,1,59.0,-15.0,ok,2026-05-13,344.0,365.0,366.71,339.33,484983.0,3.24,9.25,6.02,0.938,1.02,3.4,9.22,16.85,-0.68,0.062,False,False,0.0,,,,,False,,,,强势,73.9,1.51,3.94,0,2026-05-13,common_index_cache,0.67,1.67,2.63,1.98,4.08,6.89,1.73,2.08,61.4,不推送,False,当日上涨；收在日内高位；温和放量；近5日趋势升温；站上20日线且不过热；市场强势且个股相对强势；v4多头排列技术加分,v4短线偏离MA5过多；v4远离短中期均线,强势归纳版：这类形态历史胜率不占优，先留给更干净的强势样本。,v4
2026-05-13,002560,通达股份,75,11773.0,10jqka,post_close,2026-05-13 15:00:00,2026-05-13,1,1,,,missing_price_file,,,,,,,,,,,,,,,,,,,,,,,,True,,,,强势,73.9,1.51,3.94,0,2026-05-13,common_index_cache,0.67,1.67,2.63,1.98,4.08,6.89,,,0.0,不推送,False,v4龙虎榜活跃,缺少当日行情,强势归纳版：这类形态历史胜率不占优，先留给更干净的强势样本。,v4
2026-05-13,600111,北方稀土,76,11701.0,10jqka,post_close,2026-05-13 15:00:00,2026-05-06,6,6,29.0,-47.0,missing_price_file,,,,,,,,,,,,,,,,,,,,北方稀土:北方稀土2025年度股东会法律意见书 | 北方稀土:北方稀土股东回报规划(2026-2028) | 北方稀土:北方稀土2025年度股东会决议公告,法律意见书 | 其他 | 分配方案决议公告 | 北方稀土:北方稀土2025年度股东会法律意见书 | 北方稀土:北方稀土股东回报规划(2026-2028) | 北方稀土:北方稀土2025年度股东会决议公告,,,False,,,,强势,73.9,1.51,3.94,0,2026-05-13,common_index_cache,0.67,1.67,2.63,1.98,4.08,6.89,,,0.0,不推送,False,持续霸榜,热度可能进入后段；人气排名明显回落；缺少当日行情；v4趋势未转强且热度偏后,强势归纳版：这类形态历史胜率不占优，先留给更干净的强势样本。,v4
2026-05-13,603538,美诺华,77,11662.0,10jqka,post_close,2026-05-13 15:00:00,2026-05-06,6,6,16.0,-61.0,missing_price_file,,,,,,,,,,,,,,,,,,,,,,,,False,,,,强势,73.9,1.51,3.94,0,2026-05-13,common_index_cache,0.67,1.67,2.63,1.98,4.08,6.89,,,0.0,不推送,False,持续霸榜,热度可能进入后段；人气排名明显回落；缺少当日行情；v4趋势未转强且热度偏后,强势归纳版：这类形态历史胜率不占优，先留给更干净的强势样本。,v4
2026-05-13,600105,永鼎股份,78,11165.0,10jqka,post_close,2026-05-13 15:00:00,2026-05-07,5,5,26.0,-52.0,ok,2026-05-13,51.43,51.83,52.88,50.76,1358830.0,-0.94,3.78,18.66,0.505,0.71,2.43,8.93,15.66,-7.43,0.495,False,False,0.0,,,,,False,,,,强势,73.9,1.51,3.94,0,2026-05-13,common_index_cache,0.67,1.67,2.63,1.98,4.08,6.89,-2.45,14.72,12.4,不推送,False,近5日趋势升温；站上20日线且不过热；持续霸榜；市场强势且个股相对强势；v4多头排列技术加分,当日转弱；热度可能进入后段；人气排名明显回落；v4远离短中期均线；v4长上影承接转弱,强势归纳版：这类形态历史胜率不占优，先留给更干净的强势样本。,v4
2026-05-13,300433,蓝思科技,79,11114.0,10jqka,post_close,2026-05-13 15:00:00,2026-05-11,2,1,72.0,-7.0,ok,2026-05-13,30.09,32.69,33.14,29.89,1810127.0,7.25,14.5,22.8,0.862,1.44,8.85,16.49,17.69,-10.46,0.138,False,False,0.0,蓝思科技:2026年5月12日投资者关系活动记录表,调研活动 | 蓝思科技:2026年5月12日投资者关系活动记录表,,,False,,,,强势,73.9,1.51,3.94,0,2026-05-13,common_index_cache,0.67,1.67,2.63,1.98,4.08,6.89,5.74,18.86,56.4,不推送,False,当日强涨；收盘承接较强；温和放量；近5日趋势升温；站上20日线且不过热；市场强势且个股相对强势；v4多头排列技术加分,v4乖离率过大；v4远离短中期均线,强势归纳版：这类形态历史胜率不占优，先留给更干净的强势样本。,v4
2026-05-13,600406,国电南瑞,80,11049.0,10jqka,post_close,2026-05-13 15:00:00,2026-05-13,1,1,,,missing_price_file,,,,,,,,,,,,,,,,,,,,,,,,False,,,,强势,73.9,1.51,3.94,0,2026-05-13,common_index_cache,0.67,1.67,2.63,1.98,4.08,6.89,,,0.0,不推送,False,-,缺少当日行情,强势归纳版：这类形态历史胜率不占优，先留给更干净的强势样本。,v4
2026-05-13,603019,中科曙光,81,10937.0,10jqka,post_close,2026-05-13 15:00:00,2026-05-06,4,1,82.0,1.0,missing_price_file,,,,,,,,,,,,,,,,,,,,,,,,False,,,,强势,73.9,1.51,3.94,0,2026-05-13,common_index_cache,0.67,1.67,2.63,1.98,4.08,6.89,,,0.0,不推送,False,-,缺少当日行情,强势归纳版：这类形态历史胜率不占优，先留给更干净的强势样本。,v4
2026-05-13,002364,中恒电气,82,10923.0,10jqka,post_close,2026-05-13 15:00:00,2026-05-06,2,1,62.0,-20.0,ok,2026-05-13,44.5,48.4,48.4,43.65,862868.0,10.0,7.2,7.87,1.0,1.55,5.87,11.23,12.53,0.0,0.0,True,False,0.0,,,,,True,,,,强势,73.9,1.51,3.94,0,2026-05-13,common_index_cache,0.67,1.67,2.63,1.98,4.08,6.89,8.49,3.93,70.4,观察池,False,当日涨停附近；收在日内高位；温和放量；近5日趋势升温；站上20日线且不过热；市场强势且个股相对强势；v4多头排列技术加分；v4沿短均线抬升；v4龙虎榜提示关注,人气排名明显回落；v4乖离率过大；v4远离短中期均线；涨停封板不可买,涨停封板不可买，放观察池跟踪,v4
2026-05-13,301217,铜冠铜箔,83,10847.0,10jqka,post_close,2026-05-13 15:00:00,2026-05-06,3,2,19.0,-64.0,missing_price_file,,,,,,,,,,,,,,,,,,,,铜冠铜箔:关于股票交易严重异常波动的公告 | 铜冠铜箔:安徽承义律师事务所关于安徽铜冠铜箔集团股份有限公司召开2025年年度股东会的法律意见书 | 铜冠铜箔:2025年年度股东会决议公告,股票交易异常波动 | 法律意见书 | 分配方案决议公告 | 铜冠铜箔:关于股票交易严重异常波动的公告 | 铜冠铜箔:安徽承义律师事务所关于安徽铜冠铜箔集团股份有限公司召开2025年年度股东会的法律意见书 | 铜冠铜箔:2025年年度股东会决议公告,,,True,,,,强势,73.9,1.51,3.94,0,2026-05-13,common_index_cache,0.67,1.67,2.63,1.98,4.08,6.89,,,0.0,不推送,False,连续上榜确认；v4龙虎榜活跃,人气排名明显回落；缺少当日行情；v4事件谨慎扣分（异常波动）,强势归纳版：这类形态历史胜率不占优，先留给更干净的强势样本。,v4
2026-05-13,002185,华天科技,84,10773.0,10jqka,post_close,2026-05-13 15:00:00,2026-05-06,5,3,76.0,-8.0,ok,2026-05-13,14.08,14.63,14.75,13.91,2493725.0,1.39,6.48,7.42,0.857,1.02,2.34,7.16,11.53,-4.69,0.143,False,False,0.0,,,,,False,,,,强势,73.9,1.51,3.94,0,2026-05-13,common_index_cache,0.67,1.67,2.63,1.98,4.08,6.89,-0.12,3.48,72.4,不推送,False,收盘承接较强；温和放量；近5日趋势升温；站上20日线且不过热；连续上榜确认；市场强势且个股相对强势；v4多头排列技术加分；v4沿短均线抬升,-,强势归纳版：这类形态历史胜率不占优，先留给更干净的强势样本。,v4
2026-05-13,600703,三安光电,85,10541.0,10jqka,post_close,2026-05-13 15:00:00,2026-05-06,6,6,50.0,-35.0,ok,2026-05-13,16.39,16.84,17.15,16.18,3415873.0,0.72,10.21,14.71,0.68,1.04,5.22,11.5,17.72,-10.28,0.32,False,False,0.0,三安光电:三安光电股份有限公司关于召开2025年年度股东会的提示公告,召开股东大会提示性公告 | 三安光电:三安光电股份有限公司关于召开2025年年度股东会的提示公告,0.4,0.4,False,,,,强势,73.9,1.51,3.94,0,2026-05-13,common_index_cache,0.67,1.67,2.63,1.98,4.08,6.89,-0.79,10.77,34.4,不推送,False,温和放量；近5日趋势升温；站上20日线且不过热；持续霸榜；市场强势且个股相对强势；v4多头排列技术加分；v4主力资金净流入,热度可能进入后段；人气排名明显回落；v4乖离率过大；v4远离短中期均线,强势归纳版：这类形态历史胜率不占优，先留给更干净的强势样本。,v4
2026-05-13,000811,冰轮环境,86,10537.0,10jqka,post_close,2026-05-13 15:00:00,2026-05-13,1,1,,,ok,2026-05-13,28.43,31.8,31.8,27.56,660405.0,10.0,21.0,17.6,1.0,1.46,12.03,19.55,36.05,0.0,0.0,True,False,0.0,冰轮环境:000811冰轮环境投资者关系管理信息20260513-2 | 冰轮环境:000811冰轮环境投资者关系管理信息20260513-1 | 冰轮环境:董事会2026年第四次会议决议公告,调研活动 | 高管人员任职变动 | 分配方案决议公告 | 冰轮环境:000811冰轮环境投资者关系管理信息20260513-2 | 冰轮环境:000811冰轮环境投资者关系管理信息20260513-1 | 冰轮环境:董事会2026年第四次会议决议公告,4.77,4.77,True,,,,强势,73.9,1.51,3.94,0,2026-05-13,common_index_cache,0.67,1.67,2.63,1.98,4.08,6.89,8.49,13.66,68.4,观察池,False,当日涨停附近；收在日内高位；温和放量；近5日趋势升温；市场强势且个股相对强势；v4多头排列技术加分；v4主力资金强净流入；v4龙虎榜提示关注,偏离20日线较大；v4乖离率过大；v4远离短中期均线；涨停封板不可买,涨停封板不可买，放观察池跟踪,v4
2026-05-13,002149,西部材料,87,10503.0,10jqka,post_close,2026-05-13 15:00:00,2026-05-06,6,6,48.0,-39.0,ok,2026-05-13,74.0,74.96,77.2,71.1,810978.0,0.83,3.48,7.3,0.633,0.91,1.12,10.85,20.74,-4.96,0.367,False,False,0.0,西部材料:西部金属材料股份有限公司关于参加2026年陕西辖区上市公司投资者集体接待日暨2025年度业绩说明会的公告,调研活动 | 西部材料:西部金属材料股份有限公司关于参加2026年陕西辖区上市公司投资者集体接待日暨2025年度业绩说明会的公告,,,False,,,,强势,73.9,1.51,3.94,0,2026-05-13,common_index_cache,0.67,1.67,2.63,1.98,4.08,6.89,-0.68,3.36,40.4,不推送,False,温和放量；近5日趋势升温；站上20日线且不过热；持续霸榜；市场强势且个股相对强势；v4多头排列技术加分；v4沿短均线抬升,热度可能进入后段；人气排名明显回落；v4远离短中期均线；v4长上影承接转弱,强势归纳版：这类形态历史胜率不占优，先留给更干净的强势样本。,v4
2026-05-13,600666,奥瑞德,88,10427.0,10jqka,post_close,2026-05-13 15:00:00,2026-05-06,3,1,88.0,0.0,missing_price_file,,,,,,,,,,,,,,,,,,,,,,,,False,,,,强势,73.9,1.51,3.94,0,2026-05-13,common_index_cache,0.67,1.67,2.63,1.98,4.08,6.89,,,0.0,不推送,False,-,缺少当日行情,强势归纳版：这类形态历史胜率不占优，先留给更干净的强势样本。,v4
2026-05-13,600379,宝光股份,89,10387.0,10jqka,post_close,2026-05-13 15:00:00,2026-05-06,6,6,34.0,-55.0,ok,2026-05-13,16.9,18.91,18.91,16.49,491730.0,10.01,12.9,2.44,1.0,0.62,6.08,13.86,31.54,-6.89,0.0,True,False,0.0,,,,,False,,,,强势,73.9,1.51,3.94,0,2026-05-13,common_index_cache,0.67,1.67,2.63,1.98,4.08,6.89,8.5,-1.5,32.4,观察池,False,当日涨停附近；收在日内高位；持续霸榜；市场强势且个股相对强势；v4多头排列技术加分,偏离20日线较大；热度可能进入后段；人气排名明显回落；v4乖离率过大；v4远离短中期均线；涨停封板不可买,涨停封板不可买，放观察池跟踪,v4
2026-05-13,300782,卓胜微,90,10299.0,10jqka,post_close,2026-05-13 15:00:00,2026-05-13,1,1,,,missing_price_file,,,,,,,,,,,,,,,,,,,,卓胜微:董事会薪酬与考核委员会关于公司2026年限制性股票激励计划激励对象名单的公示情况说明及核查意见 | 卓胜微:关于为全资子公司提供担保的进展公告,专项说明/独立意见 | 提供/对外担保公告 | 卓胜微:董事会薪酬与考核委员会关于公司2026年限制性股票激励计划激励对象名单的公示情况说明及核查意见 | 卓胜微:关于为全资子公司提供担保的进展公告,,,False,,,,强势,73.9,1.51,3.94,0,2026-05-13,common_index_cache,0.67,1.67,2.63,1.98,4.08,6.89,,,0.0,不推送,False,-,缺少当日行情,强势归纳版：这类形态历史胜率不占优，先留给更干净的强势样本。,v4
2026-05-13,002241,歌尔股份,91,10076.0,10jqka,post_close,2026-05-13 15:00:00,2026-05-13,1,1,,,ok,2026-05-13,25.1,26.14,26.14,24.96,1616869.0,3.48,2.51,4.56,1.0,1.59,2.13,3.88,5.43,-3.9,0.0,False,False,0.0,,,,,False,,,,强势,73.9,1.51,3.94,0,2026-05-13,common_index_cache,0.67,1.67,2.63,1.98,4.08,6.89,1.97,0.62,66.4,不推送,False,当日上涨；收在日内高位；温和放量；站上20日线且不过热；市场强势且个股相对强势；v4多头排列技术加分；v4沿短均线抬升,-,强势归纳版：这类形态历史胜率不占优，先留给更干净的强势样本。,v4
2026-05-13,688146,中船特气,92,9862.0,10jqka,post_close,2026-05-13 15:00:00,2026-05-13,1,1,,,missing_price_file,,,,,,,,,,,,,,,,,,,,中船特气:中船特气2025年年度股东会决议公告 | 中船特气:2025年年度股东会律师见证法律意见书,股东大会决议公告 | 法律意见书 | 中船特气:中船特气2025年年度股东会决议公告 | 中船特气:2025年年度股东会律师见证法律意见书,,,True,,,,强势,73.9,1.51,3.94,0,2026-05-13,common_index_cache,0.67,1.67,2.63,1.98,4.08,6.89,,,0.0,不推送,False,v4龙虎榜活跃,缺少当日行情,强势归纳版：这类形态历史胜率不占优，先留给更干净的强势样本。,v4
2026-05-13,000021,深科技,93,9846.0,10jqka,post_close,2026-05-13 15:00:00,2026-05-13,1,1,,,ok,2026-05-13,31.49,34.61,34.99,31.38,1664107.0,7.12,11.57,12.66,0.895,1.39,6.53,11.82,15.77,-3.78,0.105,False,False,0.0,,,7.7,7.7,False,,,,强势,73.9,1.51,3.94,0,2026-05-13,common_index_cache,0.67,1.67,2.63,1.98,4.08,6.89,5.61,8.72,64.4,不推送,False,当日强涨；收盘承接较强；温和放量；近5日趋势升温；站上20日线且不过热；市场强势且个股相对强势；v4多头排列技术加分；v4主力资金强净流入,v4乖离率过大；v4远离短中期均线,强势归纳版：这类形态历史胜率不占优，先留给更干净的强势样本。,v4
2026-05-13,603399,永杉锂业,94,9841.0,10jqka,post_close,2026-05-13 15:00:00,2026-05-06,6,6,60.0,-34.0,missing_price_file,,,,,,,,,,,,,,,,,,,,,,,,False,,,,强势,73.9,1.51,3.94,0,2026-05-13,common_index_cache,0.67,1.67,2.63,1.98,4.08,6.89,,,0.0,不推送,False,持续霸榜,热度可能进入后段；人气排名明显回落；缺少当日行情；v4趋势未转强且热度偏后,强势归纳版：这类形态历史胜率不占优，先留给更干净的强势样本。,v4
2026-05-13,600276,恒瑞医药,95,9807.0,10jqka,post_close,2026-05-13 15:00:00,2026-05-12,2,2,9.0,-86.0,ok,2026-05-13,56.11,55.86,57.26,55.66,1327791.0,-0.45,5.8,4.16,0.125,1.19,2.7,2.55,0.87,-6.82,0.719,False,False,0.0,,,,,False,,,,强势,73.9,1.51,3.94,0,2026-05-13,common_index_cache,0.67,1.67,2.63,1.98,4.08,6.89,-1.96,0.22,0.0,不推送,False,温和放量；站上20日线且不过热；连续上榜确认,当日转弱；收盘承接偏弱；人气排名明显回落；强势市里个股相对走弱；v4长上影承接转弱,强势归纳版：这类形态历史胜率不占优，先留给更干净的强势样本。,v4
2026-05-13,002929,润建股份,96,9740.0,10jqka,post_close,2026-05-13 15:00:00,2026-05-07,3,2,91.0,-5.0,ok,2026-05-13,80.0,87.78,87.78,78.65,282181.0,10.0,12.21,35.78,1.0,0.97,11.23,28.43,38.06,0.0,0.0,True,False,0.0,,,,,False,1.0,0.250877762988272,,强势,73.9,1.51,3.94,0,2026-05-13,common_index_cache,0.67,1.67,2.63,1.98,4.08,6.89,8.49,31.84,62.4,观察池,False,当日涨停附近；收在日内高位；温和放量；近5日强势延续；连续上榜确认；市场强势且个股相对强势；v4多头排列技术加分；v4筹码集中加分,短线涨幅偏高；偏离20日线较大；v4乖离率过大；v4远离短中期均线；v4获利盘结构偏弱；涨停封板不可买,涨停封板不可买，放观察池跟踪,v4
2026-05-13,000815,美利云,97,9594.0,10jqka,post_close,2026-05-13 15:00:00,2026-05-06,5,1,73.0,-24.0,missing_price_file,,,,,,,,,,,,,,,,,,,,美利云:中冶美利云产业投资股份有限公司关于参加宁夏辖区上市公司投资者集体接待日暨2025年度业绩说明会的公告,调研活动 | 美利云:中冶美利云产业投资股份有限公司关于参加宁夏辖区上市公司投资者集体接待日暨2025年度业绩说明会的公告,6.53,6.53,False,,,,强势,73.9,1.51,3.94,0,2026-05-13,common_index_cache,0.67,1.67,2.63,1.98,4.08,6.89,,,0.0,不推送,False,v4主力资金强净流入,人气排名明显回落；缺少当日行情,强势归纳版：这类形态历史胜率不占优，先留给更干净的强势样本。,v4
2026-05-13,000601,韶能股份,98,9529.0,10jqka,post_close,2026-05-13 15:00:00,2026-05-13,1,1,,,missing_price_file,,,,,,,,,,,,,,,,,,,,,,10.65,10.65,True,,,,强势,73.9,1.51,3.94,0,2026-05-13,common_index_cache,0.67,1.67,2.63,1.98,4.08,6.89,,,0.0,不推送,False,v4主力资金强净流入；v4龙虎榜活跃,缺少当日行情,强势归纳版：这类形态历史胜率不占优，先留给更干净的强势样本。,v4
2026-05-13,002594,比亚迪,99,9352.0,10jqka,post_close,2026-05-13 15:00:00,2026-05-06,2,1,68.0,-31.0,ok,2026-05-13,99.23,98.6,99.25,97.81,456194.0,-0.63,-1.42,-2.13,0.549,0.97,-1.15,-2.54,-3.22,-11.82,0.014,False,False,0.0,比亚迪:2026年5月12日投资者关系活动记录表,调研活动 | 比亚迪:2026年5月12日投资者关系活动记录表,,,False,,,,强势,73.9,1.51,3.94,0,2026-05-13,common_index_cache,0.67,1.67,2.63,1.98,4.08,6.89,-2.14,-6.07,0.0,不推送,False,温和放量,当日转弱；近5日趋势未确认；人气排名明显回落；强势市里个股相对走弱；v4跌破短均线,强势归纳版：这类形态历史胜率不占优，先留给更干净的强势样本。,v4
2026-05-13,600519,贵州茅台,100,9299.0,10jqka,post_close,2026-05-13 15:00:00,2026-05-06,3,1,100.0,0.0,missing_price_file,,,,,,,,,,,,,,,,,,,,,,,,False,,,,强势,73.9,1.51,3.94,0,2026-05-13,common_index_cache,0.67,1.67,2.63,1.98,4.08,6.89,,,0.0,不推送,False,-,缺少当日行情,强势归纳版：这类形态历史胜率不占优，先留给更干净的强势样本。,v4
2026-05-14,601991,大唐发电,1,235200.0,10jqka,post_close,2026-05-14 15:00:00,2026-05-06,7,7,1.0,0.0,ok,2026-05-14,8.11,7.2,8.11,7.2,18564704.0,-2.31,18.23,42.86,0.0,3.37,9.42,30.89,51.45,-11.22,0.0,False,False,0.0,大唐发电:大唐发电关于股票交易风险提示的公告,风险提示性公告 | 大唐发电:大唐发电关于股票交易风险提示的公告,,,False,,,,弱势,37.74,-1.9,0.98,0,2026-05-14,common_index_cache,-1.52,-2.14,-2.16,-0.05,0.66,3.08,-0.41,41.88,0.0,不推送,False,人气Top3；近5日强势延续；持续霸榜；v4多头排列技术加分,当日转弱；收盘承接偏弱；短线涨幅偏高；远离20日线过多；热度可能进入后段；弱市先收缩执行；弱市里的长连榜样本优先降权；v4乖离率过大；v4远离短中期均线；v4事件谨慎扣分（风险提示）,强势归纳版：这类形态历史胜率不占优，先留给更干净的强势样本。,v4
2026-05-14,000066,中国长城,2,215686.0,10jqka,post_close,2026-05-14 15:00:00,2026-05-06,7,7,4.0,2.0,ok,2026-05-14,25.38,22.67,25.61,22.67,5240208.0,-10.0,-3.12,-5.46,0.0,0.89,-5.31,2.5,19.32,-11.93,0.078,False,False,0.0,中国长城:关于召开2025年度暨2026年一季度网上业绩说明会的公告,其他 | 中国长城:关于召开2025年度暨2026年一季度网上业绩说明会的公告,-26.33,-26.33,True,,,,弱势,37.74,-1.9,0.98,0,2026-05-14,common_index_cache,-1.52,-2.14,-2.16,-0.05,0.66,3.08,-8.1,-6.44,13.0,不推送,False,人气Top3；温和放量；站上20日线且不过热；持续霸榜；v4龙虎榜提示关注,当日转弱；收盘承接偏弱；近5日趋势未确认；热度可能进入后段；弱市先收缩执行；弱市里的长连榜样本优先降权；v4主力资金强净流出,强势归纳版：这类形态历史胜率不占优，先留给更干净的强势样本。,v4
2026-05-14,601138,工业富联,3,134024.0,10jqka,post_close,2026-05-14 15:00:00,2026-05-06,7,7,2.0,-1.0,ok,2026-05-14,74.0,68.6,74.0,67.28,4017452.0,-3.16,4.18,6.89,0.196,1.59,3.01,4.32,6.8,-7.3,0.0,False,False,0.0,工业富联:富士康工业互联网股份有限公司关于召开2026年第一季度业绩说明会的公告,其他 | 工业富联:富士康工业互联网股份有限公司关于召开2026年第一季度业绩说明会的公告,,,False,,,,弱势,37.74,-1.9,0.98,0,2026-05-14,common_index_cache,-1.52,-2.14,-2.16,-0.05,0.66,3.08,-1.26,5.91,46.0,不推送,False,人气Top3；温和放量；近5日趋势升温；站上20日线且不过热；持续霸榜；v4多头排列技术加分；v4沿短均线抬升,当日转弱；收盘承接偏弱；热度可能进入后段；弱市先收缩执行；弱市里的长连榜样本优先降权；v4短线偏离MA5过多,强势归纳版：这类形态历史胜率不占优，先留给更干净的强势样本。,v4
2026-05-14,002617,露笑科技,4,120440.0,10jqka,post_close,2026-05-14 15:00:00,2026-05-14,1,1,,,ok,2026-05-14,8.9,9.7,9.7,8.8,3435666.0,9.98,17.29,20.8,1.0,3.25,12.45,18.28,21.37,0.0,0.0,True,False,0.0,,,,,True,,,,弱势,37.74,-1.9,0.98,0,2026-05-14,common_index_cache,-1.52,-2.14,-2.16,-0.05,0.66,3.08,11.88,19.82,76.2,观察池,False,人气Top10；当日涨停附近；收在日内高位；近5日趋势升温；站上20日线且不过热；首次上榜即强势；弱市中个股相对抗跌；v4多头排列技术加分；v4龙虎榜提示关注,v4乖离率过大；v4远离短中期均线；v4放量冲高过热；涨停封板不可买,涨停封板不可买，放观察池跟踪,v4
2026-05-14,002081,金螳螂,5,116071.0,10jqka,post_close,2026-05-14 15:00:00,2026-05-06,7,7,3.0,-2.0,ok,2026-05-14,7.61,7.93,8.03,7.21,5060659.0,0.63,9.38,11.06,0.878,0.9,4.78,17.31,44.63,-6.26,0.122,False,False,0.0,金螳螂:关于2024年员工持股计划股票出售完毕暨终止的公告,员工持股计划 | 金螳螂:关于2024年员工持股计划股票出售完毕暨终止的公告,,,False,,,,弱势,37.74,-1.9,0.98,0,2026-05-14,common_index_cache,-1.52,-2.14,-2.16,-0.05,0.66,3.08,2.53,10.08,61.0,不推送,False,人气Top10；收盘承接较强；温和放量；近5日趋势升温；持续霸榜；弱市中个股相对抗跌；v4多头排列技术加分,偏离20日线较大；热度可能进入后段；弱市里的长连榜样本优先降权；v4短线偏离MA5过多；v4远离短中期均线,强势归纳版：这类形态历史胜率不占优，先留给更干净的强势样本。,v4
2026-05-14,002600,领益智造,6,113866.0,10jqka,post_close,2026-05-14 15:00:00,2026-05-08,2,1,62.0,56.0,ok,2026-05-14,15.92,16.38,16.87,15.48,6035866.0,6.71,7.62,12.89,0.647,3.37,6.42,11.01,13.19,-2.9,0.353,False,False,0.0,,,,,False,,,,弱势,37.74,-1.9,0.98,0,2026-05-14,common_index_cache,-1.52,-2.14,-2.16,-0.05,0.66,3.08,8.61,11.91,37.2,不推送,False,人气Top10；当日上涨；近5日趋势升温；站上20日线且不过热；人气排名明显上升；v4多头排列技术加分；v4沿短均线抬升,弱市先收缩执行；v4乖离率过大；v4远离短中期均线；v4长上影承接转弱,强势归纳版：这类形态历史胜率不占优，先留给更干净的强势样本。,v4
2026-05-14,600415,小商品城,7,107200.0,10jqka,post_close,2026-05-14 15:00:00,2026-05-14,1,1,,,ok,2026-05-14,13.11,13.53,13.87,12.74,2109276.0,3.52,2.66,2.66,0.699,2.29,2.97,1.98,4.21,-12.43,0.301,False,False,0.0,小商品城:投资者关系活动记录表(20260513),调研活动 | 小商品城:投资者关系活动记录表(20260513),,,False,,,,弱势,37.74,-1.9,0.98,0,2026-05-14,common_index_cache,-1.52,-2.14,-2.16,-0.05,0.66,3.08,5.42,1.68,39.2,不推送,False,人气Top10；当日上涨；放量仍可控；站上20日线且不过热,弱市先收缩执行,强势归纳版：这类形态历史胜率不占优，先留给更干净的强势样本。,v4
2026-05-14,600396,华电辽能,8,103620.0,10jqka,post_close,2026-05-14 15:00:00,2026-05-06,7,7,5.0,-3.0,ok,2026-05-14,17.65,16.64,18.15,15.9,3613600.0,0.48,21.64,38.67,0.329,1.45,11.87,29.56,56.57,-8.32,0.222,False,False,0.0,华电辽能:关于股票交易风险提示的公告,风险提示性公告 | 华电辽能:关于股票交易风险提示的公告,,,False,,,,弱势,37.74,-1.9,0.98,0,2026-05-14,common_index_cache,-1.52,-2.14,-2.16,-0.05,0.66,3.08,2.38,37.69,0.0,不推送,False,人气Top10；温和放量；近5日强势延续；持续霸榜；v4多头排列技术加分,收盘承接偏弱；短线涨幅偏高；远离20日线过多；热度可能进入后段；弱市先收缩执行；弱市里的长连榜样本优先降权；v4乖离率过大；v4远离短中期均线；v4正涨但收盘承接一般；v4事件谨慎扣分（风险提示）,强势归纳版：这类形态历史胜率不占优，先留给更干净的强势样本。,v4
2026-05-14,000858,五粮液,9,102337.0,10jqka,post_close,2026-05-14 15:00:00,2026-05-06,6,4,23.0,14.0,ok,2026-05-14,88.81,88.99,91.28,87.78,503148.0,-0.18,-3.07,-3.9,0.346,1.32,-1.7,-4.63,-8.77,-18.9,0.654,False,False,0.0,,,-9.34,-9.34,False,,,,弱势,37.74,-1.9,0.98,0,2026-05-14,common_index_cache,-1.52,-2.14,-2.16,-0.05,0.66,3.08,1.72,-4.88,0.0,不推送,False,人气Top10；温和放量；连续上榜确认；人气排名明显上升,当日转弱；收盘承接偏弱；近5日趋势未确认；仍在20日线下方；弱市先收缩执行；v4长上影承接转弱；v4跌破短均线；v4主力资金强净流出,强势归纳版：这类形态历史胜率不占优，先留给更干净的强势样本。,v4
2026-05-14,000981,山子高科,10,101166.0,10jqka,post_close,2026-05-14 15:00:00,2026-05-12,3,3,73.0,63.0,missing_price_file,,,,,,,,,,,,,,,,,,,,,,,,False,,,,弱势,37.74,-1.9,0.98,0,2026-05-14,common_index_cache,-1.52,-2.14,-2.16,-0.05,0.66,3.08,,,7.2,不推送,False,人气Top10；连续上榜确认；人气排名明显上升,缺少当日行情；弱市先收缩执行,强势归纳版：这类形态历史胜率不占优，先留给更干净的强势样本。,v4
2026-05-14,601778,晶科科技,11,99757.0,10jqka,post_close,2026-05-14 15:00:00,2026-05-06,7,7,22.0,11.0,ok,2026-05-14,7.24,7.52,7.85,7.16,9636181.0,5.32,3.01,1.35,0.522,1.71,3.16,5.03,9.03,-4.57,0.478,False,False,0.0,,,,,True,,,,弱势,37.74,-1.9,0.98,0,2026-05-14,common_index_cache,-1.52,-2.14,-2.16,-0.05,0.66,3.08,7.22,0.37,32.0,不推送,False,人气Top20；当日上涨；温和放量；站上20日线且不过热；持续霸榜；人气排名明显上升；v4多头排列技术加分；v4龙虎榜提示关注,热度可能进入后段；上影线偏长；弱市先收缩执行；弱市里的长连榜样本优先降权；v4短线偏离MA5过多；v4长上影承接转弱；v4正涨但收盘承接一般,强势归纳版：这类形态历史胜率不占优，先留给更干净的强势样本。,v4
2026-05-14,002361,神剑股份,12,99323.0,10jqka,post_close,2026-05-14 15:00:00,2026-05-06,7,7,35.0,23.0,ok,2026-05-14,20.68,18.72,20.68,18.69,2078940.0,-9.43,-15.87,-13.33,0.015,0.81,-9.82,-9.66,-9.5,-21.84,0.0,False,False,0.0,,,,,False,,,,弱势,37.74,-1.9,0.98,0,2026-05-14,common_index_cache,-1.52,-2.14,-2.16,-0.05,0.66,3.08,-7.53,-14.31,0.0,不推送,False,人气Top20；温和放量；持续霸榜；人气排名明显上升,当日转弱；收盘承接偏弱；近5日趋势未确认；仍在20日线下方；热度可能进入后段；弱市先收缩执行；弱市里的长连榜样本优先降权；v4跌破短均线,强势归纳版：这类形态历史胜率不占优，先留给更干净的强势样本。,v4
2026-05-14,600522,中天科技,13,98597.0,10jqka,post_close,2026-05-14 15:00:00,2026-05-06,7,7,21.0,8.0,ok,2026-05-14,44.5,44.1,45.96,43.68,3745868.0,1.15,0.55,14.9,0.184,1.08,1.83,12.44,24.97,-4.5,0.64,False,False,0.0,,,,,False,,,,弱势,37.74,-1.9,0.98,0,2026-05-14,common_index_cache,-1.52,-2.14,-2.16,-0.05,0.66,3.08,3.05,13.92,19.0,不推送,False,人气Top20；温和放量；近5日趋势升温；站上20日线且不过热；持续霸榜；v4多头排列技术加分；v4沿短均线抬升,收盘承接偏弱；热度可能进入后段；上影线偏长；弱市先收缩执行；弱市里的长连榜样本优先降权；v4远离短中期均线；v4长上影承接转弱；v4正涨但收盘承接一般,强势归纳版：这类形态历史胜率不占优，先留给更干净的强势样本。,v4
2026-05-14,000592,平潭发展,14,98160.0,10jqka,post_close,2026-05-14 15:00:00,2026-05-07,6,6,26.0,12.0,missing_price_file,,,,,,,,,,,,,,,,,,,,,,-17.95,-17.95,False,,,,弱势,37.74,-1.9,0.98,0,2026-05-14,common_index_cache,-1.52,-2.14,-2.16,-0.05,0.66,3.08,,,0.0,不推送,False,人气Top20；持续霸榜；人气排名明显上升,热度可能进入后段；缺少当日行情；弱市先收缩执行；弱市里的长连榜样本优先降权；v4主力资金强净流出,强势归纳版：这类形态历史胜率不占优，先留给更干净的强势样本。,v4
2026-05-14,600330,天通股份,15,93383.0,10jqka,post_close,2026-05-14 15:00:00,2026-05-06,7,7,32.0,17.0,missing_price_file,,,,,,,,,,,,,,,,,,,,,,,,False,,,,弱势,37.74,-1.9,0.98,0,2026-05-14,common_index_cache,-1.52,-2.14,-2.16,-0.05,0.66,3.08,,,0.0,不推送,False,人气Top20；持续霸榜；人气排名明显上升,热度可能进入后段；缺少当日行情；弱市先收缩执行；弱市里的长连榜样本优先降权,强势归纳版：这类形态历史胜率不占优，先留给更干净的强势样本。,v4
2026-05-14,002580,圣阳股份,16,87841.0,10jqka,post_close,2026-05-14 15:00:00,2026-05-06,7,7,7.0,-9.0,ok,2026-05-14,35.8,31.32,36.5,31.32,1153950.0,-10.0,-8.61,4.71,0.0,0.9,-6.49,0.15,5.76,-14.19,0.135,False,False,0.0,圣阳股份:独立董事候选人声明与承诺(桑丽霞) | 圣阳股份:第六届董事会第二十二次会议决议公告 | 圣阳股份:独立董事提名人声明与承诺(颜廷礼),独立董事候选人声明 | 高管人员任职变动 | 独立董事提名人声明 | 圣阳股份:独立董事候选人声明与承诺(桑丽霞) | 圣阳股份:第六届董事会第二十二次会议决议公告 | 圣阳股份:独立董事提名人声明与承诺(颜廷礼),,,True,,,,弱势,37.74,-1.9,0.98,0,2026-05-14,common_index_cache,-1.52,-2.14,-2.16,-0.05,0.66,3.08,-8.1,3.73,11.0,不推送,False,人气Top20；温和放量；站上20日线且不过热；持续霸榜；v4龙虎榜提示关注,当日转弱；收盘承接偏弱；热度可能进入后段；弱市先收缩执行；弱市里的长连榜样本优先降权,强势归纳版：这类形态历史胜率不占优，先留给更干净的强势样本。,v4
2026-05-14,601016,节能风电,17,87155.0,10jqka,post_close,2026-05-14 15:00:00,2026-05-06,7,7,24.0,7.0,ok,2026-05-14,5.89,5.1,5.89,5.08,11391332.0,-9.41,-0.39,2.2,0.025,1.44,-1.43,3.87,11.77,-13.41,0.0,False,False,0.0,节能风电:IR-2026-001投资者关系活动记录表 | 节能风电:北京市天元律师事务所关于中节能风力发电股份有限公司2025年年度股东会的法律意见 | 节能风电:中节能风力发电股份有限公司2025年年度股东会决议公告,调研活动 | 法律意见书 | 分配方案决议公告 | 节能风电:IR-2026-001投资者关系活动记录表 | 节能风电:北京市天元律师事务所关于中节能风力发电股份有限公司2025年年度股东会的法律意见 | 节能风电:中节能风力发电股份有限公司2025年年度股东会决议公告,,,True,,,,弱势,37.74,-1.9,0.98,0,2026-05-14,common_index_cache,-1.52,-2.14,-2.16,-0.05,0.66,3.08,-7.51,1.22,11.0,不推送,False,人气Top20；温和放量；站上20日线且不过热；持续霸榜；v4龙虎榜提示关注,当日转弱；收盘承接偏弱；热度可能进入后段；弱市先收缩执行；弱市里的长连榜样本优先降权,强势归纳版：这类形态历史胜率不占优，先留给更干净的强势样本。,v4
2026-05-14,002015,协鑫能科,18,84685.0,10jqka,post_close,2026-05-14 15:00:00,2026-05-06,6,4,30.0,12.0,ok,2026-05-14,25.38,23.5,25.63,23.5,3429456.0,0.47,15.88,14.13,0.0,1.85,7.99,15.06,19.57,-8.31,0.117,False,False,0.0,,,,,False,,,,弱势,37.74,-1.9,0.98,0,2026-05-14,common_index_cache,-1.52,-2.14,-2.16,-0.05,0.66,3.08,2.37,13.15,19.2,不推送,False,人气Top20；放量仍可控；近5日趋势升温；站上20日线且不过热；连续上榜确认；人气排名明显上升；v4多头排列技术加分,收盘承接偏弱；弱市先收缩执行；v4乖离率过大；v4远离短中期均线；v4正涨但收盘承接一般,强势归纳版：这类形态历史胜率不占优，先留给更干净的强势样本。,v4
2026-05-14,600172,黄河旋风,19,83127.0,10jqka,post_close,2026-05-14 15:00:00,2026-05-12,3,3,25.0,6.0,missing_price_file,,,,,,,,,,,,,,,,,,,,黄河旋风:河南黄河旋风股份有限公司2026年第二次临时股东会会议资料 | 黄河旋风:关于选举公司董事长、副董事长及聘任高级管理人员、证券事务代表的公告 | 黄河旋风:2025年年度股东会决议公告,股东大会资料 | 高管人员任职变动 | 分配方案决议公告 | 黄河旋风:河南黄河旋风股份有限公司2026年第二次临时股东会会议资料 | 黄河旋风:关于选举公司董事长、副董事长及聘任高级管理人员、证券事务代表的公告 | 黄河旋风:2025年年度股东会决议公告,,,True,,,,弱势,37.74,-1.9,0.98,0,2026-05-14,common_index_cache,-1.52,-2.14,-2.16,-0.05,0.66,3.08,,,0.2,不推送,False,人气Top20；连续上榜确认；v4龙虎榜活跃,缺少当日行情；弱市先收缩执行,强势归纳版：这类形态历史胜率不占优，先留给更干净的强势样本。,v4
2026-05-14,002031,巨轮智能,20,82019.0,10jqka,post_close,2026-05-14 15:00:00,2026-05-14,1,1,,,ok,2026-05-14,7.22,7.64,8.02,7.18,4503352.0,4.8,5.23,19.0,0.548,1.92,4.8,16.29,20.91,-4.74,0.452,False,False,0.0,,,,,False,,,,弱势,37.74,-1.9,0.98,0,2026-05-14,common_index_cache,-1.52,-2.14,-2.16,-0.05,0.66,3.08,6.7,18.02,22.2,不推送,False,人气Top20；当日上涨；放量仍可控；近5日趋势升温；站上20日线且不过热；v4多头排列技术加分,上影线偏长；弱市先收缩执行；v4短线偏离MA5过多；v4远离短中期均线；v4长上影承接转弱；v4正涨但收盘承接一般,强势归纳版：这类形态历史胜率不占优，先留给更干净的强势样本。,v4
2026-05-14,300308,中际旭创,21,80267.0,10jqka,post_close,2026-05-14 15:00:00,2026-05-06,7,7,18.0,-3.0,ok,2026-05-14,1065.0,1078.0,1088.88,1025.1,300571.0,2.74,14.66,22.85,0.829,1.07,8.42,16.78,21.96,-1.0,0.171,False,False,0.0,中际旭创:关于参加2026年山东辖区上市公司投资者网上集体接待日活动的公告,调研活动 | 中际旭创:关于参加2026年山东辖区上市公司投资者网上集体接待日活动的公告,,,False,,,,弱势,37.74,-1.9,0.98,0,2026-05-14,common_index_cache,-1.52,-2.14,-2.16,-0.05,0.66,3.08,4.64,21.87,48.0,不推送,False,人气Top50；收盘承接较强；温和放量；近5日趋势升温；站上20日线且不过热；持续霸榜；弱市中个股相对抗跌；v4多头排列技术加分,热度可能进入后段；弱市里的长连榜样本优先降权；v4乖离率过大；v4远离短中期均线,强势归纳版：这类形态历史胜率不占优，先留给更干净的强势样本。,v4
2026-05-14,600105,永鼎股份,22,74317.0,10jqka,post_close,2026-05-14 15:00:00,2026-05-07,6,6,78.0,56.0,ok,2026-05-14,52.85,53.99,56.39,52.26,1903822.0,4.17,5.04,13.62,0.419,1.0,4.03,12.18,18.46,-4.26,0.581,False,False,0.0,,,,,False,,,,弱势,37.74,-1.9,0.98,0,2026-05-14,common_index_cache,-1.52,-2.14,-2.16,-0.05,0.66,3.08,6.07,12.64,18.0,不推送,False,人气Top50；当日上涨；温和放量；近5日趋势升温；站上20日线且不过热；持续霸榜；人气排名明显上升；v4多头排列技术加分；v4沿短均线抬升,收盘承接偏弱；热度可能进入后段；上影线偏长；弱市先收缩执行；弱市里的长连榜样本优先降权；v4短线偏离MA5过多；v4远离短中期均线；v4长上影承接转弱；v4正涨但收盘承接一般,强势归纳版：这类形态历史胜率不占优，先留给更干净的强势样本。,v4
2026-05-14,002342,巨力索具,23,73866.0,10jqka,post_close,2026-05-14 15:00:00,2026-05-06,7,7,47.0,24.0,ok,2026-05-14,20.21,19.91,21.0,18.63,2212861.0,-2.69,-10.19,-9.99,0.54,0.86,-5.24,-2.63,0.82,-17.04,0.333,False,False,0.0,,,,,False,,,,弱势,37.74,-1.9,0.98,0,2026-05-14,common_index_cache,-1.52,-2.14,-2.16,-0.05,0.66,3.08,-0.79,-10.97,1.0,不推送,False,人气Top50；温和放量；站上20日线且不过热；持续霸榜；人气排名明显上升,当日转弱；近5日趋势未确认；热度可能进入后段；弱市先收缩执行；弱市里的长连榜样本优先降权；v4跌破短均线；v4趋势未转强且热度偏后,强势归纳版：这类形态历史胜率不占优，先留给更干净的强势样本。,v4
2026-05-14,600584,长电科技,24,73600.0,10jqka,post_close,2026-05-14 15:00:00,2026-05-06,6,4,16.0,-8.0,ok,2026-05-14,57.79,54.31,57.79,54.28,1744515.0,-5.53,-2.72,11.38,0.009,0.96,-0.76,7.42,14.23,-6.31,0.0,False,False,0.0,,,,,False,,,,弱势,37.74,-1.9,0.98,0,2026-05-14,common_index_cache,-1.52,-2.14,-2.16,-0.05,0.66,3.08,-3.63,10.4,15.2,不推送,False,人气Top50；温和放量；近5日趋势升温；站上20日线且不过热；连续上榜确认,当日转弱；收盘承接偏弱；弱市先收缩执行；v4趋势未转强且热度偏后,强势归纳版：这类形态历史胜率不占优，先留给更干净的强势样本。,v4
2026-05-14,002281,光迅科技,25,73354.0,10jqka,post_close,2026-05-14 15:00:00,2026-05-06,7,7,37.0,12.0,ok,2026-05-14,198.96,203.8,212.8,196.01,830338.0,2.94,2.52,24.05,0.464,1.05,3.69,19.04,39.88,-4.23,0.536,False,False,0.0,光迅科技:武汉光迅科技股份有限公司第八届董事会第五次会议决议公告 | 光迅科技:武汉光迅科技股份有限公司二〇二五年年度股东会决议公告 | 光迅科技:北京市嘉源律师事务所关于武汉光迅科技股份有限公司2025年年度股东会的法律意见书,董事会决议公告 | 分配方案决议公告 | 法律意见书 | 光迅科技:武汉光迅科技股份有限公司第八届董事会第五次会议决议公告 | 光迅科技:武汉光迅科技股份有限公司二〇二五年年度股东会决议公告 | 光迅科技:北京市嘉源律师事务所关于武汉光迅科技股份有限公司2025年年度股东会的法律意见书,,,False,,,,弱势,37.74,-1.9,0.98,0,2026-05-14,common_index_cache,-1.52,-2.14,-2.16,-0.05,0.66,3.08,4.84,23.07,8.0,不推送,False,人气Top50；温和放量；近5日趋势升温；持续霸榜；人气排名明显上升；v4多头排列技术加分,偏离20日线较大；热度可能进入后段；上影线偏长；弱市先收缩执行；弱市里的长连榜样本优先降权；v4短线偏离MA5过多；v4远离短中期均线；v4长上影承接转弱；v4正涨但收盘承接一般,强势归纳版：这类形态历史胜率不占优，先留给更干净的强势样本。,v4
2026-05-14,601868,中国能建,26,72924.0,10jqka,post_close,2026-05-14 15:00:00,2026-05-07,6,6,8.0,-18.0,ok,2026-05-14,3.55,3.22,3.58,3.21,18831348.0,-8.78,-0.92,3.21,0.027,1.11,-2.66,4.01,7.17,-18.27,0.081,False,False,0.0,,,,,False,,,,弱势,37.74,-1.9,0.98,0,2026-05-14,common_index_cache,-1.52,-2.14,-2.16,-0.05,0.66,3.08,-6.88,2.23,0.0,不推送,False,人气Top50；温和放量；站上20日线且不过热；持续霸榜,当日转弱；收盘承接偏弱；热度可能进入后段；弱市先收缩执行；弱市里的长连榜样本优先降权；v4趋势未转强且热度偏后,强势归纳版：这类形态历史胜率不占优，先留给更干净的强势样本。,v4
2026-05-14,600118,中国卫星,27,71391.0,10jqka,post_close,2026-05-14 15:00:00,2026-05-06,5,1,84.0,57.0,ok,2026-05-14,111.81,100.8,111.81,100.8,797345.0,-10.0,-13.19,-6.06,0.0,1.17,-9.15,-5.52,0.85,-15.65,0.0,False,False,0.0,中国卫星:中国卫星2025年年度股东会资料,股东大会资料 | 中国卫星:中国卫星2025年年度股东会资料,,,True,,,,弱势,37.74,-1.9,0.98,0,2026-05-14,common_index_cache,-1.52,-2.14,-2.16,-0.05,0.66,3.08,-8.1,-7.04,0.0,不推送,False,人气Top50；温和放量；站上20日线且不过热；人气排名明显上升；v4龙虎榜提示关注,当日转弱；收盘承接偏弱；近5日趋势未确认；弱市先收缩执行；v4跌破短均线,强势归纳版：这类形态历史胜率不占优，先留给更干净的强势样本。,v4
2026-05-14,002202,金风科技,28,70341.0,10jqka,post_close,2026-05-14 15:00:00,2026-05-06,7,7,66.0,38.0,ok,2026-05-14,27.95,26.03,28.0,25.98,2302553.0,-6.37,-7.56,-8.54,0.025,1.05,-5.52,-4.63,-1.83,-21.83,0.025,False,False,0.0,,,,,False,,,,弱势,37.74,-1.9,0.98,0,2026-05-14,common_index_cache,-1.52,-2.14,-2.16,-0.05,0.66,3.08,-4.47,-9.52,0.0,不推送,False,人气Top50；温和放量；持续霸榜；人气排名明显上升,当日转弱；收盘承接偏弱；近5日趋势未确认；热度可能进入后段；弱市先收缩执行；弱市里的长连榜样本优先降权；v4跌破短均线；v4趋势未转强且热度偏后,强势归纳版：这类形态历史胜率不占优，先留给更干净的强势样本。,v4
2026-05-14,600703,三安光电,29,69794.0,10jqka,post_close,2026-05-14 15:00:00,2026-05-06,7,7,85.0,56.0,ok,2026-05-14,16.96,17.45,18.04,16.95,4232864.0,3.62,8.79,15.26,0.459,1.27,5.98,13.5,19.89,-7.03,0.541,False,False,0.0,,,,,False,,,,弱势,37.74,-1.9,0.98,0,2026-05-14,common_index_cache,-1.52,-2.14,-2.16,-0.05,0.66,3.08,5.52,14.28,19.0,不推送,False,人气Top50；当日上涨；温和放量；近5日趋势升温；站上20日线且不过热；持续霸榜；人气排名明显上升；v4多头排列技术加分,热度可能进入后段；上影线偏长；弱市先收缩执行；弱市里的长连榜样本优先降权；v4乖离率过大；v4远离短中期均线；v4长上影承接转弱；v4正涨但收盘承接一般,强势归纳版：这类形态历史胜率不占优，先留给更干净的强势样本。,v4
2026-05-14,002008,大族激光,30,69695.0,10jqka,post_close,2026-05-14 15:00:00,2026-05-07,6,6,33.0,3.0,missing_price_file,,,,,,,,,,,,,,,,,,,,,,,,False,,,,弱势,37.74,-1.9,0.98,0,2026-05-14,common_index_cache,-1.52,-2.14,-2.16,-0.05,0.66,3.08,,,0.0,不推送,False,人气Top50；持续霸榜,热度可能进入后段；缺少当日行情；弱市先收缩执行；弱市里的长连榜样本优先降权；v4趋势未转强且热度偏后,强势归纳版：这类形态历史胜率不占优，先留给更干净的强势样本。,v4
2026-05-14,001309,德明利,31,64121.0,10jqka,post_close,2026-05-14 15:00:00,2026-05-06,5,2,19.0,-12.0,ok,2026-05-14,699.0,721.65,739.48,689.0,190782.0,6.16,12.9,17.05,0.647,1.06,10.81,20.39,30.57,-2.41,0.353,False,False,0.0,德明利:关于2026年股票期权激励计划首次授予部分登记完成的公告,股权激励进展公告 | 德明利:关于2026年股票期权激励计划首次授予部分登记完成的公告,,,False,,,,弱势,37.74,-1.9,0.98,0,2026-05-14,common_index_cache,-1.52,-2.14,-2.16,-0.05,0.66,3.08,8.06,16.07,25.2,不推送,False,人气Top50；当日上涨；温和放量；近5日趋势升温；连续上榜确认；v4多头排列技术加分,偏离20日线较大；弱市先收缩执行；v4乖离率过大；v4远离短中期均线；v4长上影承接转弱,强势归纳版：这类形态历史胜率不占优，先留给更干净的强势样本。,v4
2026-05-14,001267,汇绿生态,32,63836.0,10jqka,post_close,2026-05-14 15:00:00,2026-05-14,1,1,,,missing_price_file,,,,,,,,,,,,,,,,,,,,汇绿生态:001267汇绿生态投资者关系管理信息20260514,调研活动 | 汇绿生态:001267汇绿生态投资者关系管理信息20260514,,,True,,,,弱势,37.74,-1.9,0.98,0,2026-05-14,common_index_cache,-1.52,-2.14,-2.16,-0.05,0.66,3.08,,,0.0,不推送,False,人气Top50；v4龙虎榜活跃,缺少当日行情；弱市先收缩执行,强势归纳版：这类形态历史胜率不占优，先留给更干净的强势样本。,v4
2026-05-14,603629,利通电子,33,62669.0,10jqka,post_close,2026-05-14 15:00:00,2026-05-06,7,7,20.0,-13.0,ok,2026-05-14,175.0,170.4,178.88,168.0,381036.0,-1.34,4.66,7.66,0.221,0.98,2.59,10.45,32.97,-4.74,0.357,False,False,0.0,,,,,False,,,,弱势,37.74,-1.9,0.98,0,2026-05-14,common_index_cache,-1.52,-2.14,-2.16,-0.05,0.66,3.08,0.56,6.68,5.0,不推送,False,人气Top50；温和放量；近5日趋势升温；持续霸榜；v4多头排列技术加分；v4沿短均线抬升,当日转弱；收盘承接偏弱；偏离20日线较大；热度可能进入后段；弱市先收缩执行；弱市里的长连榜样本优先降权；v4远离短中期均线；v4长上影承接转弱,强势归纳版：这类形态历史胜率不占优，先留给更干净的强势样本。,v4
2026-05-14,000995,皇台酒业,34,62432.0,10jqka,post_close,2026-05-14 15:00:00,2026-05-14,1,1,,,missing_price_file,,,,,,,,,,,,,,,,,,,,,,,,False,,,,弱势,37.74,-1.9,0.98,0,2026-05-14,common_index_cache,-1.52,-2.14,-2.16,-0.05,0.66,3.08,,,0.0,不推送,False,人气Top50,缺少当日行情；弱市先收缩执行,强势归纳版：这类形态历史胜率不占优，先留给更干净的强势样本。,v4
2026-05-14,000811,冰轮环境,35,60622.0,10jqka,post_close,2026-05-14 15:00:00,2026-05-13,2,2,86.0,51.0,ok,2026-05-14,32.06,33.66,34.98,31.69,737075.0,5.85,16.43,29.31,0.599,1.55,12.53,21.71,39.51,-3.77,0.401,False,False,0.0,冰轮环境:关于参加2026年山东辖区上市公司投资者网上集体接待日活动的公告,调研活动 | 冰轮环境:关于参加2026年山东辖区上市公司投资者网上集体接待日活动的公告,-4.95,-4.95,False,,,,弱势,37.74,-1.9,0.98,0,2026-05-14,common_index_cache,-1.52,-2.14,-2.16,-0.05,0.66,3.08,7.75,28.33,10.2,不推送,False,人气Top50；当日上涨；温和放量；近5日强势延续；连续上榜确认；人气排名明显上升；v4多头排列技术加分,短线涨幅偏高；偏离20日线较大；弱市先收缩执行；v4乖离率过大；v4远离短中期均线；v4长上影承接转弱；v4主力资金强净流出；v4拉升但资金未跟随,强势归纳版：这类形态历史胜率不占优，先留给更干净的强势样本。,v4
2026-05-14,002384,东山精密,36,59957.0,10jqka,post_close,2026-05-14 15:00:00,2026-05-06,7,7,72.0,36.0,ok,2026-05-14,220.74,214.89,226.0,213.35,762371.0,-2.65,-1.56,1.81,0.122,0.87,-0.95,5.2,15.53,-6.57,0.416,False,False,0.0,,,,,False,,,,弱势,37.74,-1.9,0.98,0,2026-05-14,common_index_cache,-1.52,-2.14,-2.16,-0.05,0.66,3.08,-0.75,0.83,0.0,不推送,False,人气Top50；温和放量；站上20日线且不过热；持续霸榜；人气排名明显上升,当日转弱；收盘承接偏弱；热度可能进入后段；弱市先收缩执行；弱市里的长连榜样本优先降权；v4长上影承接转弱；v4趋势未转强且热度偏后,强势归纳版：这类形态历史胜率不占优，先留给更干净的强势样本。,v4
2026-05-14,601888,中国中免,37,58099.0,10jqka,post_close,2026-05-14 15:00:00,2026-05-06,2,1,86.0,49.0,missing_price_file,,,,,,,,,,,,,,,,,,,,,,,,False,,,,弱势,37.74,-1.9,0.98,0,2026-05-14,common_index_cache,-1.52,-2.14,-2.16,-0.05,0.66,3.08,,,0.0,不推送,False,人气Top50；人气排名明显上升,缺少当日行情；弱市先收缩执行,强势归纳版：这类形态历史胜率不占优，先留给更干净的强势样本。,v4
2026-05-14,600379,宝光股份,38,57929.0,10jqka,post_close,2026-05-14 15:00:00,2026-05-06,7,7,89.0,51.0,ok,2026-05-14,19.5,18.94,20.8,18.58,1124392.0,0.16,2.77,6.11,0.162,1.35,4.97,9.85,29.03,-8.94,0.586,False,False,0.0,,,,,True,,,,弱势,37.74,-1.9,0.98,0,2026-05-14,common_index_cache,-1.52,-2.14,-2.16,-0.05,0.66,3.08,2.06,5.13,2.0,不推送,False,人气Top50；温和放量；近5日趋势升温；持续霸榜；人气排名明显上升；v4多头排列技术加分；v4沿短均线抬升；v4龙虎榜提示关注,收盘承接偏弱；偏离20日线较大；热度可能进入后段；上影线偏长；弱市先收缩执行；弱市里的长连榜样本优先降权；v4短线偏离MA5过多；v4远离短中期均线；v4长上影承接转弱；v4正涨但收盘承接一般,强势归纳版：这类形态历史胜率不占优，先留给更干净的强势样本。,v4
2026-05-14,300776,帝尔激光,39,57533.0,10jqka,post_close,2026-05-14 15:00:00,2026-05-14,1,1,,,missing_price_file,,,,,,,,,,,,,,,,,,,,帝尔激光:关于提前赎回帝尔转债的第二次提示性公告,其他 | 帝尔激光:关于提前赎回帝尔转债的第二次提示性公告,,,False,,,,弱势,37.74,-1.9,0.98,0,2026-05-14,common_index_cache,-1.52,-2.14,-2.16,-0.05,0.66,3.08,,,0.0,不推送,False,人气Top50,缺少当日行情；弱市先收缩执行,强势归纳版：这类形态历史胜率不占优，先留给更干净的强势样本。,v4
2026-05-14,300136,信维通信,40,56812.0,10jqka,post_close,2026-05-14 15:00:00,2026-05-06,6,1,41.0,1.0,missing_price_file,,,,,,,,,,,,,,,,,,,,,,,,False,,,,弱势,37.74,-1.9,0.98,0,2026-05-14,common_index_cache,-1.52,-2.14,-2.16,-0.05,0.66,3.08,,,0.0,不推送,False,人气Top50,缺少当日行情；弱市先收缩执行,强势归纳版：这类形态历史胜率不占优，先留给更干净的强势样本。,v4
2026-05-14,001896,豫能控股,41,55938.0,10jqka,post_close,2026-05-14 15:00:00,2026-05-06,6,5,54.0,13.0,ok,2026-05-14,17.72,16.82,19.4,16.81,2354941.0,-5.29,0.06,0.36,0.004,1.33,-0.8,1.42,0.09,-13.3,0.649,False,False,0.0,,,,,False,,,,弱势,37.74,-1.9,0.98,0,2026-05-14,common_index_cache,-1.52,-2.14,-2.16,-0.05,0.66,3.08,-3.39,-0.62,0.0,不推送,False,人气Top50；温和放量；站上20日线且不过热；持续霸榜；人气排名明显上升,当日转弱；收盘承接偏弱；热度可能进入后段；弱市先收缩执行；弱市里的长连榜样本优先降权；v4长上影承接转弱；v4趋势未转强且热度偏后,强势归纳版：这类形态历史胜率不占优，先留给更干净的强势样本。,v4
2026-05-14,600487,亨通光电,42,55151.0,10jqka,post_close,2026-05-14 15:00:00,2026-05-06,7,7,39.0,-3.0,ok,2026-05-14,76.88,74.0,77.2,73.68,1430964.0,-1.9,-1.32,-2.58,0.091,0.78,-1.8,1.94,10.74,-7.38,0.091,False,False,0.0,,,,,False,,,,弱势,37.74,-1.9,0.98,0,2026-05-14,common_index_cache,-1.52,-2.14,-2.16,-0.05,0.66,3.08,0.0,-3.56,0.0,不推送,False,人气Top50；站上20日线且不过热；持续霸榜,当日转弱；收盘承接偏弱；近5日趋势未确认；热度可能进入后段；弱市先收缩执行；弱市里的长连榜样本优先降权；v4趋势未转强且热度偏后,强势归纳版：这类形态历史胜率不占优，先留给更干净的强势样本。,v4
2026-05-14,000977,浪潮信息,43,54773.0,10jqka,post_close,2026-05-14 15:00:00,2026-05-08,2,1,76.0,33.0,missing_price_file,,,,,,,,,,,,,,,,,,,,,,,,False,,,,弱势,37.74,-1.9,0.98,0,2026-05-14,common_index_cache,-1.52,-2.14,-2.16,-0.05,0.66,3.08,,,0.0,不推送,False,人气Top50；人气排名明显上升,缺少当日行情；弱市先收缩执行,强势归纳版：这类形态历史胜率不占优，先留给更干净的强势样本。,v4
2026-05-14,002475,立讯精密,44,54525.0,10jqka,post_close,2026-05-14 15:00:00,2026-05-06,7,7,45.0,1.0,ok,2026-05-14,79.29,75.4,79.35,75.22,2216706.0,-5.93,-0.87,8.46,0.044,0.99,-0.81,4.4,10.43,-7.8,0.015,False,False,0.0,立讯精密:2022年股票期权激励计划注销股票期权数量及人员名单 | 立讯精密:2022年股票期权激励计划人员名单(调整后) | 立讯精密:关于2022年股票期权激励计划第三个行权期采用自主行权模式的提示性公告,股权激励对象名单 | 股权激励进展公告 | 立讯精密:2022年股票期权激励计划注销股票期权数量及人员名单 | 立讯精密:2022年股票期权激励计划人员名单(调整后) | 立讯精密:关于2022年股票期权激励计划第三个行权期采用自主行权模式的提示性公告,,,False,,,,弱势,37.74,-1.9,0.98,0,2026-05-14,common_index_cache,-1.52,-2.14,-2.16,-0.05,0.66,3.08,-4.03,7.48,9.0,不推送,False,人气Top50；温和放量；近5日趋势升温；站上20日线且不过热；持续霸榜,当日转弱；收盘承接偏弱；热度可能进入后段；弱市先收缩执行；弱市里的长连榜样本优先降权；v4趋势未转强且热度偏后,强势归纳版：这类形态历史胜率不占优，先留给更干净的强势样本。,v4
2026-05-14,300476,胜宏科技,45,53603.0,10jqka,post_close,2026-05-14 15:00:00,2026-05-07,5,1,99.0,54.0,missing_price_file,,,,,,,,,,,,,,,,,,,,,,,,False,,,,弱势,37.74,-1.9,0.98,0,2026-05-14,common_index_cache,-1.52,-2.14,-2.16,-0.05,0.66,3.08,,,0.0,不推送,False,人气Top50；人气排名明显上升,缺少当日行情；弱市先收缩执行,强势归纳版：这类形态历史胜率不占优，先留给更干净的强势样本。,v4
2026-05-14,002709,天赐材料,46,53509.0,10jqka,post_close,2026-05-14 15:00:00,2026-05-06,7,7,70.0,24.0,ok,2026-05-14,57.9,55.51,59.0,55.51,1105275.0,-4.16,-6.8,-11.61,0.0,0.8,-4.29,-6.0,1.38,-14.57,0.315,False,False,0.0,,,,,False,,,,弱势,37.74,-1.9,0.98,0,2026-05-14,common_index_cache,-1.52,-2.14,-2.16,-0.05,0.66,3.08,-2.26,-12.59,0.0,不推送,False,人气Top50；温和放量；站上20日线且不过热；持续霸榜；人气排名明显上升,当日转弱；收盘承接偏弱；近5日趋势未确认；热度可能进入后段；弱市先收缩执行；弱市里的长连榜样本优先降权；v4跌破短均线；v4趋势未转强且热度偏后,强势归纳版：这类形态历史胜率不占优，先留给更干净的强势样本。,v4
2026-05-14,002506,协鑫集成,47,53428.0,10jqka,post_close,2026-05-14 15:00:00,2026-05-14,1,1,,,missing_price_file,,,,,,,,,,,,,,,,,,,,协鑫集成:关于收到基金分配款的公告,其他 | 协鑫集成:关于收到基金分配款的公告,,,True,,,,弱势,37.74,-1.9,0.98,0,2026-05-14,common_index_cache,-1.52,-2.14,-2.16,-0.05,0.66,3.08,,,0.0,不推送,False,人气Top50；v4龙虎榜活跃,缺少当日行情；弱市先收缩执行,强势归纳版：这类形态历史胜率不占优，先留给更干净的强势样本。,v4
2026-05-14,600519,贵州茅台,48,53267.0,10jqka,post_close,2026-05-14 15:00:00,2026-05-06,4,2,100.0,52.0,missing_price_file,,,,,,,,,,,,,,,,,,,,,,,,False,,,,弱势,37.74,-1.9,0.98,0,2026-05-14,common_index_cache,-1.52,-2.14,-2.16,-0.05,0.66,3.08,,,0.0,不推送,False,人气Top50；连续上榜确认；人气排名明显上升,缺少当日行情；弱市先收缩执行,强势归纳版：这类形态历史胜率不占优，先留给更干净的强势样本。,v4
2026-05-14,002217,合力泰,49,52215.0,10jqka,post_close,2026-05-14 15:00:00,2026-05-06,7,7,14.0,-35.0,missing_price_file,,,,,,,,,,,,,,,,,,,,,,,,False,,,,弱势,37.74,-1.9,0.98,0,2026-05-14,common_index_cache,-1.52,-2.14,-2.16,-0.05,0.66,3.08,,,0.0,不推送,False,人气Top50；持续霸榜,热度可能进入后段；人气排名明显回落；缺少当日行情；弱市先收缩执行；弱市里的长连榜样本优先降权；v4趋势未转强且热度偏后,强势归纳版：这类形态历史胜率不占优，先留给更干净的强势样本。,v4
2026-05-14,002460,赣锋锂业,50,52017.0,10jqka,post_close,2026-05-14 15:00:00,2026-05-07,2,1,96.0,46.0,missing_price_file,,,,,,,,,,,,,,,,,,,,,,,,False,,,,弱势,37.74,-1.9,0.98,0,2026-05-14,common_index_cache,-1.52,-2.14,-2.16,-0.05,0.66,3.08,,,0.0,不推送,False,人气Top50；人气排名明显上升,缺少当日行情；弱市先收缩执行,强势归纳版：这类形态历史胜率不占优，先留给更干净的强势样本。,v4
2026-05-14,002428,云南锗业,51,51734.0,10jqka,post_close,2026-05-14 15:00:00,2026-05-06,7,7,36.0,-15.0,missing_price_file,,,,,,,,,,,,,,,,,,,,,,,,False,,,,弱势,37.74,-1.9,0.98,0,2026-05-14,common_index_cache,-1.52,-2.14,-2.16,-0.05,0.66,3.08,,,0.0,不推送,False,持续霸榜,热度可能进入后段；缺少当日行情；弱市先收缩执行；后段人气股在偏弱环境里更谨慎；弱市里的长连榜样本优先降权；v4趋势未转强且热度偏后,强势归纳版：这类形态历史胜率不占优，先留给更干净的强势样本。,v4
2026-05-14,000601,韶能股份,52,47440.0,10jqka,post_close,2026-05-14 15:00:00,2026-05-13,2,2,98.0,46.0,missing_price_file,,,,,,,,,,,,,,,,,,,,韶能股份:广东韶能集团股份有限公司股票交易异常波动暨风险提示性公告,股票交易异常波动 | 韶能股份:广东韶能集团股份有限公司股票交易异常波动暨风险提示性公告,-9.12,-9.12,True,,,,弱势,37.74,-1.9,0.98,0,2026-05-14,common_index_cache,-1.52,-2.14,-2.16,-0.05,0.66,3.08,,,0.0,不推送,False,连续上榜确认；人气排名明显上升；v4龙虎榜活跃,缺少当日行情；弱市先收缩执行；后段人气股在偏弱环境里更谨慎；v4主力资金强净流出；v4事件谨慎扣分（风险提示/异常波动）,强势归纳版：这类形态历史胜率不占优，先留给更干净的强势样本。,v4
2026-05-14,300058,蓝色光标,53,47391.0,10jqka,post_close,2026-05-14 15:00:00,2026-05-06,6,5,62.0,9.0,ok,2026-05-14,19.25,17.35,19.39,17.31,4656848.0,-7.91,-8.35,-10.1,0.019,0.78,-5.73,-3.92,-3.8,-16.14,0.067,False,False,0.0,,,,,False,,,,弱势,37.74,-1.9,0.98,0,2026-05-14,common_index_cache,-1.52,-2.14,-2.16,-0.05,0.66,3.08,-6.01,-11.08,0.0,不推送,False,持续霸榜,当日转弱；收盘承接偏弱；近5日趋势未确认；热度可能进入后段；弱市先收缩执行；后段人气股在偏弱环境里更谨慎；弱市里的长连榜样本优先降权；v4跌破短均线；v4趋势未转强且热度偏后,强势归纳版：这类形态历史胜率不占优，先留给更干净的强势样本。,v4
2026-05-14,002498,汉缆股份,54,47387.0,10jqka,post_close,2026-05-14 15:00:00,2026-05-07,3,2,34.0,-20.0,missing_price_file,,,,,,,,,,,,,,,,,,,,汉缆股份:股票交易异常波动公告,股票交易异常波动 | 汉缆股份:股票交易异常波动公告,,,False,,,,弱势,37.74,-1.9,0.98,0,2026-05-14,common_index_cache,-1.52,-2.14,-2.16,-0.05,0.66,3.08,,,0.0,不推送,False,连续上榜确认,人气排名明显回落；缺少当日行情；弱市先收缩执行；后段人气股在偏弱环境里更谨慎；v4事件谨慎扣分（异常波动）,强势归纳版：这类形态历史胜率不占优，先留给更干净的强势样本。,v4
2026-05-14,688008,澜起科技,55,47136.0,10jqka,post_close,2026-05-14 15:00:00,2026-05-06,4,2,12.0,-43.0,ok,2026-05-14,280.0,265.08,282.0,262.97,107668865.0,2.43,6.36,26.28,0.111,1.21,8.28,23.31,42.14,-6.0,0.105,False,False,0.0,,,,,False,,,,弱势,37.74,-1.9,0.98,0,2026-05-14,common_index_cache,-1.52,-2.14,-2.16,-0.05,0.66,3.08,4.33,25.3,0.0,不推送,False,温和放量；近5日强势延续；连续上榜确认；v4多头排列技术加分,收盘承接偏弱；短线涨幅偏高；偏离20日线较大；人气排名明显回落；弱市先收缩执行；后段人气股在偏弱环境里更谨慎；v4乖离率过大；v4远离短中期均线；v4正涨但收盘承接一般,强势归纳版：这类形态历史胜率不占优，先留给更干净的强势样本。,v4
2026-05-14,300782,卓胜微,56,47055.0,10jqka,post_close,2026-05-14 15:00:00,2026-05-13,2,2,90.0,34.0,missing_price_file,,,,,,,,,,,,,,,,,,,,卓胜微:关于公司股票交易异常波动的公告,股票交易异常波动 | 卓胜微:关于公司股票交易异常波动的公告,,,True,,,,弱势,37.74,-1.9,0.98,0,2026-05-14,common_index_cache,-1.52,-2.14,-2.16,-0.05,0.66,3.08,,,0.0,不推送,False,连续上榜确认；人气排名明显上升；v4龙虎榜活跃,缺少当日行情；弱市先收缩执行；后段人气股在偏弱环境里更谨慎；v4事件谨慎扣分（异常波动）,强势归纳版：这类形态历史胜率不占优，先留给更干净的强势样本。,v4
2026-05-14,002149,西部材料,57,46975.0,10jqka,post_close,2026-05-14 15:00:00,2026-05-06,7,7,87.0,30.0,ok,2026-05-14,74.96,69.0,76.38,68.74,714205.0,-7.95,-8.54,-6.08,0.034,0.78,-5.78,0.38,9.07,-12.51,0.186,False,False,0.0,,,,,False,,,,弱势,37.74,-1.9,0.98,0,2026-05-14,common_index_cache,-1.52,-2.14,-2.16,-0.05,0.66,3.08,-6.05,-7.06,0.0,不推送,False,站上20日线且不过热；持续霸榜；人气排名明显上升,当日转弱；收盘承接偏弱；近5日趋势未确认；热度可能进入后段；弱市先收缩执行；后段人气股在偏弱环境里更谨慎；弱市里的长连榜样本优先降权；v4趋势未转强且热度偏后,强势归纳版：这类形态历史胜率不占优，先留给更干净的强势样本。,v4
2026-05-14,300433,蓝思科技,58,46095.0,10jqka,post_close,2026-05-14 15:00:00,2026-05-11,3,2,79.0,21.0,ok,2026-05-14,32.7,32.31,33.5,31.6,1767367.0,-1.16,4.83,16.98,0.374,1.23,4.33,12.89,15.78,-10.42,0.421,False,False,0.0,蓝思科技:关于股东无偿捐赠公司股份的进展公告,其他 | 蓝思科技:关于股东无偿捐赠公司股份的进展公告,,,False,,,,弱势,37.74,-1.9,0.98,0,2026-05-14,common_index_cache,-1.52,-2.14,-2.16,-0.05,0.66,3.08,0.74,16.0,10.55,不推送,False,温和放量；近5日趋势升温；站上20日线且不过热；连续上榜确认；人气排名明显上升；v4多头排列技术加分；v4沿短均线抬升,当日转弱；收盘承接偏弱；弱市先收缩执行；后段人气股在偏弱环境里更谨慎；v4短线偏离MA5过多；v4远离短中期均线；v4长上影承接转弱,强势归纳版：这类形态历史胜率不占优，先留给更干净的强势样本。,v4
2026-05-14,688234,天岳先进,59,45818.0,10jqka,post_close,2026-05-14 15:00:00,2026-05-14,1,1,,,missing_price_file,,,,,,,,,,,,,,,,,,,,,,,,True,,,,弱势,37.74,-1.9,0.98,0,2026-05-14,common_index_cache,-1.52,-2.14,-2.16,-0.05,0.66,3.08,,,0.0,不推送,False,v4龙虎榜活跃,缺少当日行情；弱市先收缩执行；后段人气股在偏弱环境里更谨慎,强势归纳版：这类形态历史胜率不占优，先留给更干净的强势样本。,v4
2026-05-14,600176,中国巨石,60,45670.0,10jqka,post_close,2026-05-14 15:00:00,2026-05-06,4,1,47.0,-13.0,missing_price_file,,,,,,,,,,,,,,,,,,,,中国巨石:中国巨石关于2026年度第四期超短期融资券发行结果的公告 | 中国巨石:中国巨石2025年限制性股票激励计划(草案修订稿) | 中国巨石:中国巨石2025年限制性股票激励计划首次授予激励对象名单(修订稿),其他 | 股权激励计划 | 股权激励对象名单 | 中国巨石:中国巨石关于2026年度第四期超短期融资券发行结果的公告 | 中国巨石:中国巨石2025年限制性股票激励计划(草案修订稿) | 中国巨石:中国巨石2025年限制性股票激励计划首次授予激励对象名单(修订稿),,,False,,,,弱势,37.74,-1.9,0.98,0,2026-05-14,common_index_cache,-1.52,-2.14,-2.16,-0.05,0.66,3.08,,,0.0,不推送,False,-,缺少当日行情；弱市先收缩执行；后段人气股在偏弱环境里更谨慎,强势归纳版：这类形态历史胜率不占优，先留给更干净的强势样本。,v4
2026-05-14,603601,再升科技,61,45331.0,10jqka,post_close,2026-05-14 15:00:00,2026-05-06,7,7,17.0,-44.0,ok,2026-05-14,18.03,16.57,18.38,16.5,2019070.0,-8.3,-7.43,-4.33,0.037,0.85,-5.11,-1.17,4.24,-11.63,0.186,False,False,0.0,,,,,False,,,,弱势,37.74,-1.9,0.98,0,2026-05-14,common_index_cache,-1.52,-2.14,-2.16,-0.05,0.66,3.08,-6.4,-5.31,0.0,不推送,False,温和放量；站上20日线且不过热；持续霸榜,当日转弱；收盘承接偏弱；近5日趋势未确认；热度可能进入后段；人气排名明显回落；弱市先收缩执行；后段人气股在偏弱环境里更谨慎；弱市里的长连榜样本优先降权；v4跌破短均线；v4趋势未转强且热度偏后,强势归纳版：这类形态历史胜率不占优，先留给更干净的强势样本。,v4
2026-05-14,300394,天孚通信,62,45254.0,10jqka,post_close,2026-05-14 15:00:00,2026-05-13,2,2,46.0,-16.0,ok,2026-05-14,394.52,392.0,406.56,383.0,679866.0,3.65,18.1,19.46,0.382,1.29,10.68,17.24,14.39,-3.58,0.511,False,False,0.0,天孚通信:2026年5月14日天孚通信投资者关系活动记录表,调研活动 | 天孚通信:2026年5月14日天孚通信投资者关系活动记录表,,,False,,,,弱势,37.74,-1.9,0.98,0,2026-05-14,common_index_cache,-1.52,-2.14,-2.16,-0.05,0.66,3.08,5.55,18.48,0.0,不推送,False,当日上涨；温和放量；近5日趋势升温；站上20日线且不过热；连续上榜确认,收盘承接偏弱；上影线偏长；弱市先收缩执行；后段人气股在偏弱环境里更谨慎；v4乖离率过大；v4远离短中期均线；v4长上影承接转弱；v4正涨但收盘承接一般,强势归纳版：这类形态历史胜率不占优，先留给更干净的强势样本。,v4
2026-05-14,002491,通鼎互联,63,45116.0,10jqka,post_close,2026-05-14 15:00:00,2026-05-07,5,4,13.0,-50.0,ok,2026-05-14,26.16,24.65,26.39,24.38,2297473.0,-8.53,8.45,31.26,0.134,1.72,2.72,20.38,35.17,-10.2,0.114,False,False,0.0,通鼎互联:澄清公告,澄清公告 | 通鼎互联:澄清公告,,,False,,,,弱势,37.74,-1.9,0.98,0,2026-05-14,common_index_cache,-1.52,-2.14,-2.16,-0.05,0.66,3.08,-6.63,30.28,0.0,不推送,False,温和放量；近5日强势延续；连续上榜确认；v4多头排列技术加分,当日转弱；收盘承接偏弱；短线涨幅偏高；偏离20日线较大；人气排名明显回落；弱市先收缩执行；后段人气股在偏弱环境里更谨慎；v4远离短中期均线,强势归纳版：这类形态历史胜率不占优，先留给更干净的强势样本。,v4
2026-05-14,000988,华工科技,64,45100.0,10jqka,post_close,2026-05-14 15:00:00,2026-05-06,7,7,58.0,-6.0,ok,2026-05-14,143.88,137.4,146.2,137.35,905534.0,-3.31,-6.89,2.92,0.006,0.88,-2.95,4.03,10.51,-8.7,0.262,False,False,0.0,,,,,False,,,,弱势,37.74,-1.9,0.98,0,2026-05-14,common_index_cache,-1.52,-2.14,-2.16,-0.05,0.66,3.08,-1.41,1.94,0.0,不推送,False,温和放量；站上20日线且不过热；持续霸榜,当日转弱；收盘承接偏弱；热度可能进入后段；弱市先收缩执行；后段人气股在偏弱环境里更谨慎；弱市里的长连榜样本优先降权；v4趋势未转强且热度偏后,强势归纳版：这类形态历史胜率不占优，先留给更干净的强势样本。,v4
2026-05-14,002080,中材科技,65,44834.0,10jqka,post_close,2026-05-14 15:00:00,2026-05-12,2,1,45.0,-20.0,missing_price_file,,,,,,,,,,,,,,,,,,,,中材科技:董事会薪酬与考核委员会关于2025年股票期权激励计划首次授予激励对象名单的审核意见及公示情况说明 | 中材科技:关于召开2026年第一次临时股东会的通知 | 中材科技:中材科技股份有限公司2025年股票期权激励计划(草案修订稿),专项说明/独立意见 | 召开股东大会通知 | 股权激励计划 | 中材科技:董事会薪酬与考核委员会关于2025年股票期权激励计划首次授予激励对象名单的审核意见及公示情况说明 | 中材科技:关于召开2026年第一次临时股东会的通知 | 中材科技:中材科技股份有限公司2025年股票期权激励计划(草案修订稿),,,False,,,,弱势,37.74,-1.9,0.98,0,2026-05-14,common_index_cache,-1.52,-2.14,-2.16,-0.05,0.66,3.08,,,0.0,不推送,False,-,人气排名明显回落；缺少当日行情；弱市先收缩执行；后段人气股在偏弱环境里更谨慎,强势归纳版：这类形态历史胜率不占优，先留给更干净的强势样本。,v4
2026-05-14,002156,通富微电,66,44019.0,10jqka,post_close,2026-05-14 15:00:00,2026-05-06,7,7,56.0,-10.0,ok,2026-05-14,60.93,57.4,61.2,57.39,1301482.0,-5.69,-6.24,-2.84,0.003,0.72,-3.08,1.83,9.85,-7.76,0.071,False,False,0.0,,,,,False,,,,弱势,37.74,-1.9,0.98,0,2026-05-14,common_index_cache,-1.52,-2.14,-2.16,-0.05,0.66,3.08,-3.79,-3.82,0.0,不推送,False,站上20日线且不过热；持续霸榜,当日转弱；收盘承接偏弱；近5日趋势未确认；热度可能进入后段；弱市先收缩执行；后段人气股在偏弱环境里更谨慎；弱市里的长连榜样本优先降权；v4趋势未转强且热度偏后,强势归纳版：这类形态历史胜率不占优，先留给更干净的强势样本。,v4
2026-05-14,000547,航天发展,67,44001.0,10jqka,post_close,2026-05-14 15:00:00,2026-05-08,5,5,71.0,4.0,missing_price_file,,,,,,,,,,,,,,,,,,,,,,-16.13,-16.13,False,,,,弱势,37.74,-1.9,0.98,0,2026-05-14,common_index_cache,-1.52,-2.14,-2.16,-0.05,0.66,3.08,,,0.0,不推送,False,持续霸榜,热度可能进入后段；缺少当日行情；弱市先收缩执行；后段人气股在偏弱环境里更谨慎；弱市里的长连榜样本优先降权；v4趋势未转强且热度偏后；v4主力资金强净流出,强势归纳版：这类形态历史胜率不占优，先留给更干净的强势样本。,v4
2026-05-14,601179,中国西电,68,43338.0,10jqka,post_close,2026-05-14 15:00:00,2026-05-08,5,5,40.0,-28.0,missing_price_file,,,,,,,,,,,,,,,,,,,,,,,,False,,,,弱势,37.74,-1.9,0.98,0,2026-05-14,common_index_cache,-1.52,-2.14,-2.16,-0.05,0.66,3.08,,,0.0,不推送,False,持续霸榜,热度可能进入后段；人气排名明显回落；缺少当日行情；弱市先收缩执行；后段人气股在偏弱环境里更谨慎；弱市里的长连榜样本优先降权；v4趋势未转强且热度偏后,强势归纳版：这类形态历史胜率不占优，先留给更干净的强势样本。,v4
2026-05-14,002929,润建股份,69,43205.0,10jqka,post_close,2026-05-14 15:00:00,2026-05-07,4,3,96.0,27.0,ok,2026-05-14,96.56,86.9,96.56,86.08,556624.0,-1.0,11.91,22.19,0.078,1.92,5.88,21.53,33.53,-10.0,0.0,False,False,0.0,,,,,True,0.7418825400117045,0.2834327555182424,,弱势,37.74,-1.9,0.98,0,2026-05-14,common_index_cache,-1.52,-2.14,-2.16,-0.05,0.66,3.08,0.9,21.21,0.0,不推送,False,放量仍可控；近5日趋势升温；连续上榜确认；人气排名明显上升；v4多头排列技术加分；v4筹码集中加分；v4龙虎榜提示关注,当日转弱；收盘承接偏弱；偏离20日线较大；弱市先收缩执行；后段人气股在偏弱环境里更谨慎；v4乖离率过大；v4远离短中期均线；v4获利盘结构偏弱,强势归纳版：这类形态历史胜率不占优，先留给更干净的强势样本。,v4
2026-05-14,002565,顺灏股份,70,42778.0,10jqka,post_close,2026-05-14 15:00:00,2026-05-06,6,1,17.0,-53.0,missing_price_file,,,,,,,,,,,,,,,,,,,,,,,,False,,,,弱势,37.74,-1.9,0.98,0,2026-05-14,common_index_cache,-1.52,-2.14,-2.16,-0.05,0.66,3.08,,,0.0,不推送,False,-,人气排名明显回落；缺少当日行情；弱市先收缩执行；后段人气股在偏弱环境里更谨慎,强势归纳版：这类形态历史胜率不占优，先留给更干净的强势样本。,v4
2026-05-14,002050,三花智控,71,42667.0,10jqka,post_close,2026-05-14 15:00:00,2026-05-06,7,7,59.0,-12.0,ok,2026-05-14,51.7,49.43,52.06,49.38,1523612.0,-4.02,-3.48,-1.77,0.019,0.82,-2.98,1.06,4.59,-10.16,0.134,False,False,0.0,,,,,False,,,,弱势,37.74,-1.9,0.98,0,2026-05-14,common_index_cache,-1.52,-2.14,-2.16,-0.05,0.66,3.08,-2.12,-2.75,0.0,不推送,False,温和放量；站上20日线且不过热；持续霸榜,当日转弱；收盘承接偏弱；近5日趋势未确认；热度可能进入后段；弱市先收缩执行；后段人气股在偏弱环境里更谨慎；弱市里的长连榜样本优先降权；v4趋势未转强且热度偏后,强势归纳版：这类形态历史胜率不占优，先留给更干净的强势样本。,v4
2026-05-14,600726,华电能源,72,42424.0,10jqka,post_close,2026-05-14 15:00:00,2026-05-06,7,7,65.0,-7.0,missing_price_file,,,,,,,,,,,,,,,,,,,,,,,,False,,,,弱势,37.74,-1.9,0.98,0,2026-05-14,common_index_cache,-1.52,-2.14,-2.16,-0.05,0.66,3.08,,,0.0,不推送,False,持续霸榜,热度可能进入后段；缺少当日行情；弱市先收缩执行；后段人气股在偏弱环境里更谨慎；弱市里的长连榜样本优先降权；v4趋势未转强且热度偏后,强势归纳版：这类形态历史胜率不占优，先留给更干净的强势样本。,v4
2026-05-14,600186,莲花控股,73,41478.0,10jqka,post_close,2026-05-14 15:00:00,2026-05-06,7,7,6.0,-67.0,ok,2026-05-14,10.82,10.54,11.13,10.25,2659825.0,-1.68,2.33,-5.3,0.33,0.86,1.25,-0.53,11.25,-8.74,0.352,False,False,0.0,莲花控股:莲花控股股份有限公司关于召开2025年度暨2026年第一季度业绩说明会的公告 | 莲花控股:莲花控股股份有限公司关于选举职工代表董事的公告 | 莲花控股:莲花控股股份有限公司关于完成董事会换届选举及聘任高级管理人员和证券事务代表的公告,其他 | 高管人员任职变动 | 法律意见书 | 莲花控股:莲花控股股份有限公司关于召开2025年度暨2026年第一季度业绩说明会的公告 | 莲花控股:莲花控股股份有限公司关于选举职工代表董事的公告 | 莲花控股:莲花控股股份有限公司关于完成董事会换届选举及聘任高级管理人员和证券事务代表的公告,,,False,,,,弱势,37.74,-1.9,0.98,0,2026-05-14,common_index_cache,-1.52,-2.14,-2.16,-0.05,0.66,3.08,0.22,-6.28,0.0,不推送,False,温和放量；站上20日线且不过热；持续霸榜,当日转弱；收盘承接偏弱；近5日趋势未确认；热度可能进入后段；人气排名明显回落；弱市先收缩执行；后段人气股在偏弱环境里更谨慎；弱市里的长连榜样本优先降权；v4长上影承接转弱；v4趋势未转强且热度偏后,强势归纳版：这类形态历史胜率不占优，先留给更干净的强势样本。,v4
2026-05-14,603538,美诺华,74,41447.0,10jqka,post_close,2026-05-14 15:00:00,2026-05-06,7,7,77.0,3.0,missing_price_file,,,,,,,,,,,,,,,,,,,,,,,,False,,,,弱势,37.74,-1.9,0.98,0,2026-05-14,common_index_cache,-1.52,-2.14,-2.16,-0.05,0.66,3.08,,,0.0,不推送,False,持续霸榜,热度可能进入后段；缺少当日行情；弱市先收缩执行；后段人气股在偏弱环境里更谨慎；弱市里的长连榜样本优先降权；v4趋势未转强且热度偏后,强势归纳版：这类形态历史胜率不占优，先留给更干净的强势样本。,v4
2026-05-14,003031,中瓷电子,75,41218.0,10jqka,post_close,2026-05-14 15:00:00,2026-05-14,1,1,,,missing_price_file,,,,,,,,,,,,,,,,,,,,,,,,True,,,,弱势,37.74,-1.9,0.98,0,2026-05-14,common_index_cache,-1.52,-2.14,-2.16,-0.05,0.66,3.08,,,0.0,不推送,False,v4龙虎榜活跃,缺少当日行情；弱市先收缩执行；后段人气股在偏弱环境里更谨慎,强势归纳版：这类形态历史胜率不占优，先留给更干净的强势样本。,v4
2026-05-14,601933,永辉超市,76,40278.0,10jqka,post_close,2026-05-14 15:00:00,2026-05-14,1,1,,,missing_price_file,,,,,,,,,,,,,,,,,,,,,,,,False,,,,弱势,37.74,-1.9,0.98,0,2026-05-14,common_index_cache,-1.52,-2.14,-2.16,-0.05,0.66,3.08,,,0.0,不推送,False,-,缺少当日行情；弱市先收缩执行；后段人气股在偏弱环境里更谨慎,强势归纳版：这类形态历史胜率不占优，先留给更干净的强势样本。,v4
2026-05-14,600498,烽火通信,77,40203.0,10jqka,post_close,2026-05-14 15:00:00,2026-05-08,4,1,98.0,21.0,missing_price_file,,,,,,,,,,,,,,,,,,,,,,,,False,,,,弱势,37.74,-1.9,0.98,0,2026-05-14,common_index_cache,-1.52,-2.14,-2.16,-0.05,0.66,3.08,,,0.0,不推送,False,人气排名明显上升,缺少当日行情；弱市先收缩执行；后段人气股在偏弱环境里更谨慎,强势归纳版：这类形态历史胜率不占优，先留给更干净的强势样本。,v4
2026-05-14,300438,鹏辉能源,78,40143.0,10jqka,post_close,2026-05-14 15:00:00,2026-05-14,1,1,,,missing_price_file,,,,,,,,,,,,,,,,,,,,鹏辉能源:董事会薪酬与考核委员会关于公司2026年限制性股票激励计划首次授予激励对象名单的公示情况说明及核查意见 | 鹏辉能源:关于2026年限制性股票激励计划内幕信息知情人及激励对象买卖公司股票情况的自查报告,专项说明/独立意见 | 自查报告 | 鹏辉能源:董事会薪酬与考核委员会关于公司2026年限制性股票激励计划首次授予激励对象名单的公示情况说明及核查意见 | 鹏辉能源:关于2026年限制性股票激励计划内幕信息知情人及激励对象买卖公司股票情况的自查报告,,,False,,,,弱势,37.74,-1.9,0.98,0,2026-05-14,common_index_cache,-1.52,-2.14,-2.16,-0.05,0.66,3.08,,,0.0,不推送,False,-,缺少当日行情；弱市先收缩执行；后段人气股在偏弱环境里更谨慎,强势归纳版：这类形态历史胜率不占优，先留给更干净的强势样本。,v4
2026-05-14,300274,阳光电源,79,39772.0,10jqka,post_close,2026-05-14 15:00:00,2026-05-14,1,1,,,ok,2026-05-14,142.65,135.03,143.8,134.21,820489.0,-5.34,-5.8,-2.72,0.086,1.37,-3.56,-2.29,-0.83,-25.52,0.12,False,False,0.0,,,,,False,,,,弱势,37.74,-1.9,0.98,0,2026-05-14,common_index_cache,-1.52,-2.14,-2.16,-0.05,0.66,3.08,-3.44,-3.7,0.0,不推送,False,温和放量,当日转弱；收盘承接偏弱；近5日趋势未确认；弱市先收缩执行；后段人气股在偏弱环境里更谨慎；v4跌破短均线,强势归纳版：这类形态历史胜率不占优，先留给更干净的强势样本。,v4
2026-05-14,300502,新易盛,80,39519.0,10jqka,post_close,2026-05-14 15:00:00,2026-05-06,7,7,49.0,-31.0,ok,2026-05-14,641.5,617.9,653.7,606.9,382290.0,-1.76,9.62,9.65,0.235,0.81,4.56,9.58,9.85,-5.48,0.261,False,False,0.0,,,,,False,,,,弱势,37.74,-1.9,0.98,0,2026-05-14,common_index_cache,-1.52,-2.14,-2.16,-0.05,0.66,3.08,0.14,8.67,0.0,不推送,False,温和放量；近5日趋势升温；站上20日线且不过热；持续霸榜；v4多头排列技术加分,当日转弱；收盘承接偏弱；热度可能进入后段；人气排名明显回落；弱市先收缩执行；后段人气股在偏弱环境里更谨慎；弱市里的长连榜样本优先降权；v4短线偏离MA5过多；v4远离短中期均线,强势归纳版：这类形态历史胜率不占优，先留给更干净的强势样本。,v4
2026-05-14,600481,双良节能,81,39415.0,10jqka,post_close,2026-05-14 15:00:00,2026-05-14,1,1,,,ok,2026-05-14,6.34,6.96,6.96,6.34,3375118.0,9.95,7.74,10.48,1.0,4.22,7.01,10.0,9.07,-39.79,0.0,True,False,0.0,双良节能:双良节能系统股份有限公司2025年年度股东会会议资料,股东大会资料 | 双良节能:双良节能系统股份有限公司2025年年度股东会会议资料,,,False,,,,弱势,37.74,-1.9,0.98,0,2026-05-14,common_index_cache,-1.52,-2.14,-2.16,-0.05,0.66,3.08,11.85,9.5,18.55,观察池,False,当日涨停附近；收在日内高位；近5日趋势升温；站上20日线且不过热；弱市中个股相对抗跌,放量过猛；后段人气股在偏弱环境里更谨慎；v4乖离率过大；v4远离短中期均线；v4放量冲高过热；涨停封板不可买,涨停封板不可买，放观察池跟踪,v4
2026-05-14,002297,博云新材,82,39212.0,10jqka,post_close,2026-05-14 15:00:00,2026-05-06,7,7,27.0,-55.0,ok,2026-05-14,26.15,24.91,26.73,24.72,1491013.0,-4.74,-0.95,0.65,0.095,0.91,-1.17,1.64,15.71,-6.81,0.289,False,False,0.0,,,,,True,,,,弱势,37.74,-1.9,0.98,0,2026-05-14,common_index_cache,-1.52,-2.14,-2.16,-0.05,0.66,3.08,-2.84,-0.33,0.0,不推送,False,温和放量；站上20日线且不过热；持续霸榜；v4龙虎榜提示关注,当日转弱；收盘承接偏弱；热度可能进入后段；人气排名明显回落；弱市先收缩执行；后段人气股在偏弱环境里更谨慎；弱市里的长连榜样本优先降权；v4趋势未转强且热度偏后,强势归纳版：这类形态历史胜率不占优，先留给更干净的强势样本。,v4
2026-05-14,600821,金开新能,83,39025.0,10jqka,post_close,2026-05-14 15:00:00,2026-05-06,5,3,44.0,-39.0,missing_price_file,,,,,,,,,,,,,,,,,,,,,,,,False,,,,弱势,37.74,-1.9,0.98,0,2026-05-14,common_index_cache,-1.52,-2.14,-2.16,-0.05,0.66,3.08,,,0.0,不推送,False,连续上榜确认,人气排名明显回落；缺少当日行情；弱市先收缩执行；后段人气股在偏弱环境里更谨慎；v4趋势未转强且热度偏后,强势归纳版：这类形态历史胜率不占优，先留给更干净的强势样本。,v4
2026-05-14,002171,楚江新材,84,37815.0,10jqka,post_close,2026-05-14 15:00:00,2026-05-14,1,1,,,missing_price_file,,,,,,,,,,,,,,,,,,,,,,,,False,,,,弱势,37.74,-1.9,0.98,0,2026-05-14,common_index_cache,-1.52,-2.14,-2.16,-0.05,0.66,3.08,,,0.0,不推送,False,-,缺少当日行情；弱市先收缩执行；后段人气股在偏弱环境里更谨慎,强势归纳版：这类形态历史胜率不占优，先留给更干净的强势样本。,v4
2026-05-14,000767,晋控电力,85,37779.0,10jqka,post_close,2026-05-14 15:00:00,2026-05-13,2,2,68.0,-17.0,ok,2026-05-14,5.62,4.7,5.62,4.68,6870484.0,-8.2,11.11,9.56,0.021,3.09,2.75,9.74,14.37,-16.37,0.0,False,False,0.0,晋控电力:股票交易异常波动公告,股票交易异常波动 | 晋控电力:股票交易异常波动公告,-18.43,-18.43,True,,,,弱势,37.74,-1.9,0.98,0,2026-05-14,common_index_cache,-1.52,-2.14,-2.16,-0.05,0.66,3.08,-6.3,8.58,0.0,不推送,False,近5日趋势升温；站上20日线且不过热；连续上榜确认；v4多头排列技术加分；v4龙虎榜提示关注,当日转弱；收盘承接偏弱；弱市先收缩执行；后段人气股在偏弱环境里更谨慎；v4远离短中期均线；v4主力资金强净流出；v4事件谨慎扣分（异常波动）,强势归纳版：这类形态历史胜率不占优，先留给更干净的强势样本。,v4
2026-05-14,600745,*ST闻泰,86,37371.0,10jqka,post_close,2026-05-14 15:00:00,2026-05-06,5,2,15.0,-71.0,ok,2026-05-14,19.64,19.64,19.64,19.64,75499.0,-4.98,-14.24,-22.59,1.0,4.39,-9.97,-20.07,-28.33,-45.72,,False,False,0.0,*ST闻泰:关于股东部分股权解除质押的公告 | *ST闻泰:股票交易异常波动公告,股份质押、冻结 | 股票交易异常波动 | *ST闻泰:关于股东部分股权解除质押的公告 | *ST闻泰:股票交易异常波动公告,,,False,,,,弱势,37.74,-1.9,0.98,0,2026-05-14,common_index_cache,-1.52,-2.14,-2.16,-0.05,0.66,3.08,-3.08,-23.57,0.0,不推送,False,收在日内高位；连续上榜确认,当日转弱；放量过猛；近5日趋势未确认；仍在20日线下方；人气排名明显回落；弱市先收缩执行；后段人气股在偏弱环境里更谨慎；v4跌破短均线；v4事件谨慎扣分（异常波动）,强势归纳版：这类形态历史胜率不占优，先留给更干净的强势样本。,v4
2026-05-14,001287,中电港,87,37278.0,10jqka,post_close,2026-05-14 15:00:00,2026-05-14,1,1,,,missing_price_file,,,,,,,,,,,,,,,,,,,,,,,,False,,,,弱势,37.74,-1.9,0.98,0,2026-05-14,common_index_cache,-1.52,-2.14,-2.16,-0.05,0.66,3.08,,,0.0,不推送,False,-,缺少当日行情；弱市先收缩执行；后段人气股在偏弱环境里更谨慎,强势归纳版：这类形态历史胜率不占优，先留给更干净的强势样本。,v4
2026-05-14,600206,有研新材,88,37103.0,10jqka,post_close,2026-05-14 15:00:00,2026-05-11,3,1,97.0,9.0,missing_price_file,,,,,,,,,,,,,,,,,,,,,,,,False,,,,弱势,37.74,-1.9,0.98,0,2026-05-14,common_index_cache,-1.52,-2.14,-2.16,-0.05,0.66,3.08,,,0.0,不推送,False,-,缺少当日行情；弱市先收缩执行；后段人气股在偏弱环境里更谨慎,强势归纳版：这类形态历史胜率不占优，先留给更干净的强势样本。,v4
2026-05-14,002560,通达股份,89,36847.0,10jqka,post_close,2026-05-14 15:00:00,2026-05-13,2,2,75.0,-14.0,missing_price_file,,,,,,,,,,,,,,,,,,,,通达股份:股票交易异常波动公告,股票交易异常波动 | 通达股份:股票交易异常波动公告,,,True,,,,弱势,37.74,-1.9,0.98,0,2026-05-14,common_index_cache,-1.52,-2.14,-2.16,-0.05,0.66,3.08,,,0.0,不推送,False,连续上榜确认；v4龙虎榜活跃,缺少当日行情；弱市先收缩执行；后段人气股在偏弱环境里更谨慎；v4事件谨慎扣分（异常波动）,强势归纳版：这类形态历史胜率不占优，先留给更干净的强势样本。,v4
2026-05-14,603019,中科曙光,90,36769.0,10jqka,post_close,2026-05-14 15:00:00,2026-05-06,5,2,81.0,-9.0,missing_price_file,,,,,,,,,,,,,,,,,,,,7-1发行人及保荐机构关于审核问询函的回复(曙光信息产业股份有限公司) | 7-2申报会计师关于审核问询函的回复(曙光信息产业股份有限公司),沪主板再融资问询与回复 | 7-1发行人及保荐机构关于审核问询函的回复(曙光信息产业股份有限公司) | 7-2申报会计师关于审核问询函的回复(曙光信息产业股份有限公司),,,False,,,,弱势,37.74,-1.9,0.98,0,2026-05-14,common_index_cache,-1.52,-2.14,-2.16,-0.05,0.66,3.08,,,0.0,不推送,False,连续上榜确认,缺少当日行情；弱市先收缩执行；后段人气股在偏弱环境里更谨慎；v4事件风险扣分（问询）,强势归纳版：这类形态历史胜率不占优，先留给更干净的强势样本。,v4
2026-05-14,600111,北方稀土,91,36414.0,10jqka,post_close,2026-05-14 15:00:00,2026-05-06,7,7,76.0,-15.0,missing_price_file,,,,,,,,,,,,,,,,,,,,北方稀土:北方稀土关于2026年度第一期超短期融资券兑付完成的公告,其他 | 北方稀土:北方稀土关于2026年度第一期超短期融资券兑付完成的公告,,,False,,,,弱势,37.74,-1.9,0.98,0,2026-05-14,common_index_cache,-1.52,-2.14,-2.16,-0.05,0.66,3.08,,,0.0,不推送,False,持续霸榜,热度可能进入后段；缺少当日行情；弱市先收缩执行；后段人气股在偏弱环境里更谨慎；弱市里的长连榜样本优先降权；v4趋势未转强且热度偏后,强势归纳版：这类形态历史胜率不占优，先留给更干净的强势样本。,v4
2026-05-14,300750,宁德时代,92,36139.0,10jqka,post_close,2026-05-14 15:00:00,2026-05-06,2,1,59.0,-33.0,missing_price_file,,,,,,,,,,,,,,,,,,,,,,,,False,,,,弱势,37.74,-1.9,0.98,0,2026-05-14,common_index_cache,-1.52,-2.14,-2.16,-0.05,0.66,3.08,,,0.0,不推送,False,-,人气排名明显回落；缺少当日行情；弱市先收缩执行；后段人气股在偏弱环境里更谨慎,强势归纳版：这类形态历史胜率不占优，先留给更干净的强势样本。,v4
2026-05-14,603259,药明康德,93,35782.0,10jqka,post_close,2026-05-14 15:00:00,2026-05-14,1,1,,,missing_price_file,,,,,,,,,,,,,,,,,,,,,,,,False,,,,弱势,37.74,-1.9,0.98,0,2026-05-14,common_index_cache,-1.52,-2.14,-2.16,-0.05,0.66,3.08,,,0.0,不推送,False,-,缺少当日行情；弱市先收缩执行；后段人气股在偏弱环境里更谨慎,强势归纳版：这类形态历史胜率不占优，先留给更干净的强势样本。,v4
2026-05-14,301308,江波龙,94,35709.0,10jqka,post_close,2026-05-14 15:00:00,2026-05-06,5,2,29.0,-65.0,ok,2026-05-14,605.79,599.0,638.5,599.0,245142.0,-2.11,7.61,23.93,0.0,0.97,6.61,20.5,37.3,-6.19,0.828,False,False,0.0,江波龙:关于2023年限制性股票激励计划首次授予部分第三个归属期及预留授予部分第二个归属期归属结果暨股份上市的公告 | 江波龙:关于高级管理人员股份减持计划实施完毕的公告 | 江波龙:关于子公司为其子公司提供担保的进展公告,限售股份上市流通 | 股东/实际控制人股份减持 | 提供/对外担保公告 | 江波龙:关于2023年限制性股票激励计划首次授予部分第三个归属期及预留授予部分第二个归属期归属结果暨股份上市的公告 | 江波龙:关于高级管理人员股份减持计划实施完毕的公告 | 江波龙:关于子公司为其子公司提供担保的进展公告,,,False,,,,弱势,37.74,-1.9,0.98,0,2026-05-14,common_index_cache,-1.52,-2.14,-2.16,-0.05,0.66,3.08,-0.21,22.95,0.0,不推送,False,温和放量；近5日趋势升温；连续上榜确认；v4多头排列技术加分,当日转弱；收盘承接偏弱；偏离20日线较大；人气排名明显回落；弱市先收缩执行；后段人气股在偏弱环境里更谨慎；v4乖离率过大；v4远离短中期均线；v4长上影承接转弱；v4事件风险扣分（减持）,强势归纳版：这类形态历史胜率不占优，先留给更干净的强势样本。,v4
2026-05-14,300390,天华新能,95,35504.0,10jqka,post_close,2026-05-14 15:00:00,2026-05-07,3,1,57.0,-38.0,missing_price_file,,,,,,,,,,,,,,,,,,,,,,,,False,,,,弱势,37.74,-1.9,0.98,0,2026-05-14,common_index_cache,-1.52,-2.14,-2.16,-0.05,0.66,3.08,,,0.0,不推送,False,-,人气排名明显回落；缺少当日行情；弱市先收缩执行；后段人气股在偏弱环境里更谨慎,强势归纳版：这类形态历史胜率不占优，先留给更干净的强势样本。,v4
2026-05-14,600410,华胜天成,96,35452.0,10jqka,post_close,2026-05-14 15:00:00,2026-05-13,2,2,9.0,-87.0,ok,2026-05-14,23.98,23.02,24.28,23.01,1598111.0,-5.58,0.79,-2.25,0.008,1.28,-0.48,0.14,-9.25,-32.91,0.236,False,False,0.0,,,,,False,,,,弱势,37.74,-1.9,0.98,0,2026-05-14,common_index_cache,-1.52,-2.14,-2.16,-0.05,0.66,3.08,-3.68,-3.23,0.0,不推送,False,温和放量；连续上榜确认,当日转弱；收盘承接偏弱；近5日趋势未确认；仍在20日线下方；人气排名明显回落；弱市先收缩执行；后段人气股在偏弱环境里更谨慎,强势归纳版：这类形态历史胜率不占优，先留给更干净的强势样本。,v4
2026-05-14,002466,天齐锂业,97,35142.0,10jqka,post_close,2026-05-14 15:00:00,2026-05-06,5,1,90.0,-7.0,missing_price_file,,,,,,,,,,,,,,,,,,,,,,,,False,,,,弱势,37.74,-1.9,0.98,0,2026-05-14,common_index_cache,-1.52,-2.14,-2.16,-0.05,0.66,3.08,,,0.0,不推送,False,-,缺少当日行情；弱市先收缩执行；后段人气股在偏弱环境里更谨慎,强势归纳版：这类形态历史胜率不占优，先留给更干净的强势样本。,v4
2026-05-14,600879,航天电子,98,34996.0,10jqka,post_close,2026-05-14 15:00:00,2026-05-08,4,1,94.0,-4.0,missing_price_file,,,,,,,,,,,,,,,,,,,,,,,,False,,,,弱势,37.74,-1.9,0.98,0,2026-05-14,common_index_cache,-1.52,-2.14,-2.16,-0.05,0.66,3.08,,,0.0,不推送,False,-,缺少当日行情；弱市先收缩执行；后段人气股在偏弱环境里更谨慎,强势归纳版：这类形态历史胜率不占优，先留给更干净的强势样本。,v4
2026-05-14,000021,深科技,99,34852.0,10jqka,post_close,2026-05-14 15:00:00,2026-05-13,2,2,93.0,-6.0,ok,2026-05-14,34.8,34.34,36.0,34.2,1813680.0,-0.78,4.16,8.88,0.078,1.42,3.9,9.17,13.7,-4.61,0.667,False,False,0.0,,,-0.19,-0.19,False,,,,弱势,37.74,-1.9,0.98,0,2026-05-14,common_index_cache,-1.52,-2.14,-2.16,-0.05,0.66,3.08,1.12,7.9,2.55,不推送,False,温和放量；近5日趋势升温；站上20日线且不过热；连续上榜确认；v4多头排列技术加分；v4沿短均线抬升,当日转弱；收盘承接偏弱；弱市先收缩执行；后段人气股在偏弱环境里更谨慎；v4短线偏离MA5过多；v4远离短中期均线；v4长上影承接转弱；v4主力资金净流出,强势归纳版：这类形态历史胜率不占优，先留给更干净的强势样本。,v4
2026-05-14,601899,紫金矿业,100,34767.0,10jqka,post_close,2026-05-14 15:00:00,2026-05-06,6,1,71.0,-29.0,ok,2026-05-14,34.49,33.52,34.76,33.5,2769481.0,-3.29,-2.19,-2.73,0.016,0.82,-2.46,-1.67,-2.69,-18.04,0.214,False,False,0.0,,,,,False,,,,弱势,37.74,-1.9,0.98,0,2026-05-14,common_index_cache,-1.52,-2.14,-2.16,-0.05,0.66,3.08,-1.39,-3.71,0.0,不推送,False,温和放量,当日转弱；收盘承接偏弱；近5日趋势未确认；人气排名明显回落；弱市先收缩执行；后段人气股在偏弱环境里更谨慎；v4跌破短均线,强势归纳版：这类形态历史胜率不占优，先留给更干净的强势样本。,v4
2026-05-15,601991,大唐发电,1,144125.0,10jqka,intraday_1430,2026-05-15 14:30:00,2026-05-06,8,8,1.0,0.0,ok,2026-05-15,6.99,7.92,7.92,6.73,15176299.0,10.0,18.21,42.96,1.0,1.77,12.24,34.49,59.79,-2.34,0.0,True,False,0.0,,,,,True,,,,震荡,43.64,-0.96,0.44,0,2026-05-15,common_index_cache,-1.02,-1.17,-0.56,-1.07,-0.02,3.5,10.96,42.52,77.95,观察池,False,人气Top3；当日涨停附近；收在日内高位；温和放量；近5日强势延续；持续霸榜；震荡市里保持相对强势；震荡市里承接未失控；v4多头排列技术加分；v4龙虎榜提示关注,短线涨幅偏高；远离20日线过多；热度可能进入后段；v4乖离率过大；v4远离短中期均线；涨停封板不可买,涨停封板不可买，放观察池跟踪,v4
2026-05-15,600396,华电辽能,2,64656.0,10jqka,intraday_1430,2026-05-15 14:30:00,2026-05-06,8,8,8.0,6.0,ok,2026-05-15,14.15,16.05,16.9,14.15,2543905.0,2.29,6.64,29.02,0.691,0.88,2.91,20.06,45.53,-11.57,0.309,False,False,0.0,,,,,True,,,,震荡,43.64,-0.96,0.44,0,2026-05-15,common_index_cache,-1.02,-1.17,-0.56,-1.07,-0.02,3.5,3.25,28.58,50.3,不推送,False,人气Top3；温和放量；近5日强势延续；持续霸榜；震荡市里保持相对强势；v4多头排列技术加分；v4龙虎榜提示关注,短线涨幅偏高；远离20日线过多；热度可能进入后段；v4远离短中期均线,强势归纳版：这类形态历史胜率不占优，先留给更干净的强势样本。,v4
2026-05-15,002050,三花智控,3,59378.0,10jqka,intraday_1430,2026-05-15 14:30:00,2026-05-06,8,8,71.0,68.0,ok,2026-05-15,53.0,52.35,53.8,51.82,1290398.0,-1.08,2.81,1.28,0.268,0.73,2.48,5.26,9.97,-4.85,0.404,False,False,0.0,,,,,False,,,,震荡,43.64,-0.96,0.44,0,2026-05-15,common_index_cache,-1.02,-1.17,-0.56,-1.07,-0.02,3.5,-0.12,0.84,30.0,不推送,False,人气Top3；站上20日线且不过热；持续霸榜；人气排名明显上升；v4多头排列技术加分,当日转弱；收盘承接偏弱；热度可能进入后段；v4长上影承接转弱,强势归纳版：这类形态历史胜率不占优，先留给更干净的强势样本。,v4
2026-05-15,000066,中国长城,4,50171.0,10jqka,intraday_1430,2026-05-15 14:30:00,2026-05-06,8,8,2.0,-2.0,ok,2026-05-15,21.51,20.59,21.93,20.47,4613535.0,-9.18,-18.81,-10.83,0.082,0.78,-12.17,-8.05,6.96,-20.01,0.288,False,False,0.0,,,-7.29,-7.29,False,,,,震荡,43.64,-0.96,0.44,0,2026-05-15,common_index_cache,-1.02,-1.17,-0.56,-1.07,-0.02,3.5,-8.22,-11.27,0.0,不推送,False,人气Top10；站上20日线且不过热；持续霸榜,当日转弱；收盘承接偏弱；近5日趋势未确认；热度可能进入后段；震荡市里相对走弱；v4跌破短均线；v4主力资金强净流出,强势归纳版：这类形态历史胜率不占优，先留给更干净的强势样本。,v4
2026-05-15,600584,长电科技,5,48677.0,10jqka,intraday_1430,2026-05-15 14:30:00,2026-05-06,7,5,24.0,19.0,ok,2026-05-15,55.17,56.78,59.73,54.63,2296368.0,4.55,2.79,11.88,0.422,1.21,1.52,9.77,17.88,-4.94,0.578,False,False,0.0,,,,,False,,,,震荡,43.64,-0.96,0.44,0,2026-05-15,common_index_cache,-1.02,-1.17,-0.56,-1.07,-0.02,3.5,5.51,11.44,53.3,不推送,False,人气Top10；当日上涨；温和放量；近5日趋势升温；站上20日线且不过热；持续霸榜；人气排名明显上升；震荡市里保持相对强势；v4多头排列技术加分；v4沿短均线抬升,收盘承接偏弱；热度可能进入后段；上影线偏长；v4远离短中期均线；v4长上影承接转弱；v4正涨但收盘承接一般,强势归纳版：这类形态历史胜率不占优，先留给更干净的强势样本。,v4
2026-05-15,002081,金螳螂,6,37838.0,10jqka,intraday_1430,2026-05-15 14:30:00,2026-05-06,8,8,5.0,-1.0,ok,2026-05-15,6.75,6.89,7.33,6.46,4022025.0,-2.55,-13.66,1.32,0.494,0.7,-9.17,-1.03,21.73,-18.56,0.506,False,False,0.0,,,,,True,,,,震荡,43.64,-0.96,0.44,0,2026-05-15,common_index_cache,-1.02,-1.17,-0.56,-1.07,-0.02,3.5,-1.59,0.88,7.4,不推送,False,人气Top10；站上20日线且不过热；持续霸榜；v4龙虎榜提示关注,当日转弱；热度可能进入后段；震荡市里相对走弱；v4长上影承接转弱；v4跌破短均线,强势归纳版：这类形态历史胜率不占优，先留给更干净的强势样本。,v4
2026-05-15,002031,巨轮智能,7,35845.0,10jqka,intraday_1430,2026-05-15 14:30:00,2026-05-14,2,2,20.0,13.0,ok,2026-05-15,7.93,8.28,8.53,7.86,4046351.0,1.22,15.0,17.28,0.627,1.31,9.9,21.16,28.92,-2.93,0.373,False,False,0.0,,,,,True,,,,震荡,43.64,-0.96,0.44,0,2026-05-15,common_index_cache,-1.02,-1.17,-0.56,-1.07,-0.02,3.5,2.18,16.84,51.3,不推送,False,人气Top10；温和放量；近5日趋势升温；连续上榜确认；人气排名明显上升；震荡市里保持相对强势；v4多头排列技术加分；v4龙虎榜提示关注,偏离20日线较大；v4乖离率过大；v4远离短中期均线；v4长上影承接转弱,强势归纳版：这类形态历史胜率不占优，先留给更干净的强势样本。,v4
2026-05-15,600578,京能电力,8,34735.0,10jqka,intraday_1430,2026-05-15 14:30:00,2026-05-15,1,1,,,ok,2026-05-15,6.5,7.01,7.01,5.88,4391681.0,10.05,33.27,36.65,1.0,4.26,18.37,28.27,30.24,0.0,0.0,True,False,0.0,京能电力:股票交易异常波动公告,股票交易异常波动 | 京能电力:股票交易异常波动公告,,,True,,,,震荡,43.64,-0.96,0.44,0,2026-05-15,common_index_cache,-1.02,-1.17,-0.56,-1.07,-0.02,3.5,11.01,36.21,46.95,观察池,False,人气Top10；当日涨停附近；收在日内高位；近5日强势延续；首次上榜即强势；震荡市里保持相对强势；震荡市里承接未失控；v4多头排列技术加分；v4龙虎榜提示关注,放量过猛；短线涨幅偏高；偏离20日线较大；v4乖离率过大；v4远离短中期均线；v4放量冲高过热；v4事件谨慎扣分（异常波动）；涨停封板不可买,涨停封板不可买，放观察池跟踪,v4
2026-05-15,603667,五洲新春,9,34710.0,10jqka,intraday_1430,2026-05-15 14:30:00,2026-05-15,1,1,,,ok,2026-05-15,77.03,82.89,84.65,75.9,744441.0,7.72,,,0.799,,0.0,0.0,0.0,-2.08,0.201,False,False,0.0,,,,,False,,,,震荡,43.64,-0.96,0.44,0,2026-05-15,common_index_cache,-1.02,-1.17,-0.56,-1.07,-0.02,3.5,8.68,,68.95,不推送,False,人气Top10；当日强涨；收盘承接较强；站上20日线且不过热；首次上榜即强势；震荡市里保持相对强势；震荡市里承接未失控,-,强势归纳版：这类形态历史胜率不占优，先留给更干净的强势样本。,v4
2026-05-15,002407,多氟多,10,34413.0,10jqka,intraday_1430,2026-05-15 14:30:00,2026-05-06,5,1,63.0,53.0,ok,2026-05-15,37.02,36.97,37.99,36.04,1549300.0,-2.17,7.72,5.66,0.477,1.26,6.14,3.56,9.95,-5.21,0.497,False,False,0.0,多氟多:第八届董事会第七次会议决议公告 | 多氟多:关于受让阳泉经济技术开发区梧桐树嘉盛股权投资合伙企业(有限合伙)份额暨对外投资的公告,董事会决议公告 | 对外项目投资 | 多氟多:第八届董事会第七次会议决议公告 | 多氟多:关于受让阳泉经济技术开发区梧桐树嘉盛股权投资合伙企业(有限合伙)份额暨对外投资的公告,,,True,,,,震荡,43.64,-0.96,0.44,0,2026-05-15,common_index_cache,-1.02,-1.17,-0.56,-1.07,-0.02,3.5,-1.21,5.22,39.3,不推送,False,人气Top10；温和放量；近5日趋势升温；站上20日线且不过热；人气排名明显上升；震荡市里保持相对强势；v4龙虎榜提示关注,当日转弱；v4乖离率过大；v4长上影承接转弱,强势归纳版：这类形态历史胜率不占优，先留给更干净的强势样本。,v4
2026-05-15,601138,工业富联,11,33862.0,10jqka,intraday_1430,2026-05-15 14:30:00,2026-05-06,8,8,3.0,-8.0,ok,2026-05-15,68.3,68.3,69.04,66.4,1718431.0,-0.99,6.06,7.93,0.72,0.59,1.04,3.85,5.57,-7.7,0.28,False,False,0.0,,,,,False,,,,震荡,43.64,-0.96,0.44,0,2026-05-15,common_index_cache,-1.02,-1.17,-0.56,-1.07,-0.02,3.5,-0.03,7.49,67.3,不推送,False,人气Top20；近5日趋势升温；站上20日线且不过热；持续霸榜；震荡市里保持相对强势；v4多头排列技术加分；v4缩量回踩MA5；v4靠近MA10承接；v4沿短均线抬升,当日转弱；热度可能进入后段,强势归纳版：这类形态历史胜率不占优，先留给更干净的强势样本。,v4
2026-05-15,600522,中天科技,12,29884.0,10jqka,intraday_1430,2026-05-15 14:30:00,2026-05-06,8,8,13.0,1.0,ok,2026-05-15,44.38,40.68,44.9,40.11,3387406.0,-7.76,-7.71,-0.54,0.119,0.93,-5.97,2.24,13.3,-11.91,0.109,False,False,0.0,中天科技:江苏中天科技股份有限公司关于变更董事会秘书的公告,高管人员任职变动 | 中天科技:江苏中天科技股份有限公司关于变更董事会秘书的公告,,,False,,,,震荡,43.64,-0.96,0.44,0,2026-05-15,common_index_cache,-1.02,-1.17,-0.56,-1.07,-0.02,3.5,-6.8,-0.98,9.4,不推送,False,人气Top20；温和放量；站上20日线且不过热；持续霸榜,当日转弱；收盘承接偏弱；近5日趋势未确认；热度可能进入后段；震荡市里相对走弱,强势归纳版：这类形态历史胜率不占优，先留给更干净的强势样本。,v4
2026-05-15,300433,蓝思科技,13,29800.0,10jqka,intraday_1430,2026-05-15 14:30:00,2026-05-11,4,3,58.0,45.0,ok,2026-05-15,38.0,38.0,39.42,37.01,2167465.0,-1.81,24.67,33.1,0.411,1.36,15.64,27.26,34.28,-3.6,0.589,False,False,0.0,,,,,False,,,,震荡,43.64,-0.96,0.44,0,2026-05-15,common_index_cache,-1.02,-1.17,-0.56,-1.07,-0.02,3.5,-0.85,32.66,12.3,不推送,False,人气Top20；温和放量；近5日强势延续；连续上榜确认；人气排名明显上升；震荡市里保持相对强势；v4多头排列技术加分,当日转弱；收盘承接偏弱；短线涨幅偏高；偏离20日线较大；v4乖离率过大；v4远离短中期均线；v4长上影承接转弱,强势归纳版：这类形态历史胜率不占优，先留给更干净的强势样本。,v4
2026-05-15,601689,拓普集团,14,28260.0,10jqka,intraday_1430,2026-05-15 14:30:00,2026-05-15,1,1,,,ok,2026-05-15,64.2,67.06,68.83,63.88,661218.0,4.02,,,0.642,,0.0,0.0,0.0,-2.57,0.358,False,False,0.0,拓普集团:拓普集团2025年年度权益分派实施公告,分配方案实施 | 拓普集团:拓普集团2025年年度权益分派实施公告,,,False,,,,震荡,43.64,-0.96,0.44,0,2026-05-15,common_index_cache,-1.02,-1.17,-0.56,-1.07,-0.02,3.5,4.98,,29.3,不推送,False,人气Top20；当日上涨；站上20日线且不过热；震荡市里保持相对强势,v4长上影承接转弱,强势归纳版：这类形态历史胜率不占优，先留给更干净的强势样本。,v4
2026-05-15,002600,领益智造,15,27942.0,10jqka,intraday_1430,2026-05-15 14:30:00,2026-05-08,3,2,6.0,-9.0,ok,2026-05-15,17.46,16.8,17.63,16.51,2757991.0,-1.47,12.45,11.48,0.259,1.02,6.75,11.69,14.92,-4.71,0.152,False,False,0.0,领益智造:关于为子公司提供担保的进展公告,提供/对外担保公告 | 领益智造:关于为子公司提供担保的进展公告,,,False,,,,震荡,43.64,-0.96,0.44,0,2026-05-15,common_index_cache,-1.02,-1.17,-0.56,-1.07,-0.02,3.5,-0.51,11.04,31.3,不推送,False,人气Top20；温和放量；近5日趋势升温；站上20日线且不过热；连续上榜确认；震荡市里保持相对强势；v4多头排列技术加分,当日转弱；收盘承接偏弱；v4乖离率过大；v4远离短中期均线,强势归纳版：这类形态历史胜率不占优，先留给更干净的强势样本。,v4
2026-05-15,001393,维通利,16,27172.0,10jqka,intraday_1430,2026-05-15 14:30:00,2026-05-15,1,1,,,ok,2026-05-15,100.0,97.0,107.0,91.0,200990.0,-19.62,,,0.375,,0.0,0.0,0.0,-9.35,0.438,False,False,0.0,维通利:上市首日风险提示公告,风险提示性公告 | 维通利:上市首日风险提示公告,,,True,,,,震荡,43.64,-0.96,0.44,0,2026-05-15,common_index_cache,-1.02,-1.17,-0.56,-1.07,-0.02,3.5,-18.66,,0.0,不推送,False,人气Top20；站上20日线且不过热；v4龙虎榜提示关注,当日转弱；收盘承接偏弱；震荡市里相对走弱；v4长上影承接转弱；v4事件谨慎扣分（风险提示）,强势归纳版：这类形态历史胜率不占优，先留给更干净的强势样本。,v4
2026-05-15,002580,圣阳股份,17,27042.0,10jqka,intraday_1430,2026-05-15 14:30:00,2026-05-06,8,8,16.0,-1.0,ok,2026-05-15,27.05,27.36,28.0,25.49,1018662.0,3.44,-19.93,-16.84,0.745,0.81,-15.51,-11.91,-8.29,-25.04,0.255,False,False,0.0,圣阳股份:2026年5月15日投资者关系活动记录表,调研活动 | 圣阳股份:2026年5月15日投资者关系活动记录表,,,True,,,,震荡,43.64,-0.96,0.44,0,2026-05-15,common_index_cache,-1.02,-1.17,-0.56,-1.07,-0.02,3.5,4.4,-17.28,38.3,不推送,False,人气Top20；当日上涨；温和放量；持续霸榜；震荡市里保持相对强势；v4龙虎榜活跃,近5日趋势未确认；仍在20日线下方；热度可能进入后段,强势归纳版：这类形态历史胜率不占优，先留给更干净的强势样本。,v4
2026-05-15,002617,露笑科技,18,26179.0,10jqka,intraday_1430,2026-05-15 14:30:00,2026-05-14,2,2,4.0,-14.0,ok,2026-05-15,8.92,9.41,9.69,8.7,3157219.0,3.18,12.97,17.48,0.717,1.95,5.66,12.14,16.52,-2.99,0.283,False,False,0.0,,,,,False,,,,震荡,43.64,-0.96,0.44,0,2026-05-15,common_index_cache,-1.02,-1.17,-0.56,-1.07,-0.02,3.5,4.14,17.04,55.3,不推送,False,人气Top20；当日上涨；放量仍可控；近5日趋势升温；站上20日线且不过热；连续上榜确认；震荡市里保持相对强势；v4多头排列技术加分,v4乖离率过大；v4远离短中期均线,强势归纳版：这类形态历史胜率不占优，先留给更干净的强势样本。,v4
2026-05-15,600745,*ST闻泰,19,25214.0,10jqka,intraday_1430,2026-05-15 14:30:00,2026-05-06,6,3,86.0,67.0,ok,2026-05-15,19.64,19.64,19.64,19.64,74476.0,-4.98,-9.74,-18.51,1.0,2.46,-6.13,-17.03,-26.77,-45.72,,False,False,0.0,,,,,False,,,,震荡,43.64,-0.96,0.44,0,2026-05-15,common_index_cache,-1.02,-1.17,-0.56,-1.07,-0.02,3.5,-4.02,-18.95,15.4,不推送,False,人气Top20；收在日内高位；放量仍可控；连续上榜确认；人气排名明显上升,当日转弱；近5日趋势未确认；仍在20日线下方；震荡市里相对走弱；v4跌破短均线,强势归纳版：这类形态历史胜率不占优，先留给更干净的强势样本。,v4
2026-05-15,002506,协鑫集成,20,23851.0,10jqka,intraday_1430,2026-05-15 14:30:00,2026-05-14,2,2,47.0,27.0,ok,2026-05-15,4.4,4.37,4.48,4.31,1855350.0,0.46,,,0.353,,0.0,0.0,0.0,-2.46,0.471,False,False,0.0,协鑫集成:002506协鑫集成投资者关系管理信息20260515,调研活动 | 协鑫集成:002506协鑫集成投资者关系管理信息20260515,,,False,,,,震荡,43.64,-0.96,0.44,0,2026-05-15,common_index_cache,-1.02,-1.17,-0.56,-1.07,-0.02,3.5,1.42,,7.3,不推送,False,人气Top20；站上20日线且不过热；连续上榜确认；人气排名明显上升；震荡市里保持相对强势,收盘承接偏弱；上影线偏长；v4长上影承接转弱；v4正涨但收盘承接一般,强势归纳版：这类形态历史胜率不占优，先留给更干净的强势样本。,v4
2026-05-15,002217,合力泰,21,22915.0,10jqka,intraday_1430,2026-05-15 14:30:00,2026-05-06,8,8,49.0,28.0,ok,2026-05-15,3.32,3.08,3.44,3.02,9748524.0,-8.33,,,0.143,,0.0,0.0,0.0,-10.47,0.286,False,False,0.0,,,,,False,,,,震荡,43.64,-0.96,0.44,0,2026-05-15,common_index_cache,-1.02,-1.17,-0.56,-1.07,-0.02,3.5,-7.37,,0.0,不推送,False,人气Top50；站上20日线且不过热；持续霸榜；人气排名明显上升,当日转弱；收盘承接偏弱；热度可能进入后段；震荡市里相对走弱；v4趋势未转强且热度偏后,强势归纳版：这类形态历史胜率不占优，先留给更干净的强势样本。,v4
2026-05-15,603986,兆易创新,22,22013.0,10jqka,intraday_1430,2026-05-15 14:30:00,2026-05-06,6,1,74.0,52.0,ok,2026-05-15,390.0,403.12,410.0,380.02,511684.0,0.78,14.02,20.66,0.771,1.11,9.54,15.49,24.72,-1.68,0.229,False,False,0.0,,,,,False,,,,震荡,43.64,-0.96,0.44,0,2026-05-15,common_index_cache,-1.02,-1.17,-0.56,-1.07,-0.02,3.5,1.74,20.22,52.95,不推送,False,人气Top50；收盘承接较强；温和放量；近5日趋势升温；站上20日线且不过热；人气排名明显上升；震荡市里保持相对强势；震荡市里承接未失控；v4多头排列技术加分,v4乖离率过大；v4远离短中期均线,强势归纳版：这类形态历史胜率不占优，先留给更干净的强势样本。,v4
2026-05-15,601016,节能风电,23,21585.0,10jqka,intraday_1430,2026-05-15 14:30:00,2026-05-06,8,8,17.0,-6.0,ok,2026-05-15,4.93,5.09,5.15,4.82,4168178.0,2.0,-0.59,3.88,0.818,0.5,-2.34,2.91,10.33,-13.58,0.182,False,False,0.0,,,,,False,,,,震荡,43.64,-0.96,0.44,0,2026-05-15,common_index_cache,-1.02,-1.17,-0.56,-1.07,-0.02,3.5,2.96,3.44,30.95,不推送,False,人气Top50；收盘承接较强；站上20日线且不过热；持续霸榜；震荡市里保持相对强势；震荡市里承接未失控,热度可能进入后段；v4趋势未转强且热度偏后,强势归纳版：这类形态历史胜率不占优，先留给更干净的强势样本。,v4
2026-05-15,000981,山子高科,24,21557.0,10jqka,intraday_1430,2026-05-15 14:30:00,2026-05-12,4,4,10.0,-14.0,ok,2026-05-15,4.35,4.41,4.58,4.33,8365298.0,1.38,,,0.32,,0.0,0.0,0.0,-3.71,0.68,False,False,0.0,,,,,False,,,,震荡,43.64,-0.96,0.44,0,2026-05-15,common_index_cache,-1.02,-1.17,-0.56,-1.07,-0.02,3.5,2.34,,0.0,不推送,False,人气Top50；站上20日线且不过热；连续上榜确认；震荡市里保持相对强势,收盘承接偏弱；上影线偏长；v4长上影承接转弱；v4正涨但收盘承接一般；v4趋势未转强且热度偏后,强势归纳版：这类形态历史胜率不占优，先留给更干净的强势样本。,v4
2026-05-15,000559,万向钱潮,25,21532.0,10jqka,intraday_1430,2026-05-15 14:30:00,2026-05-08,2,1,88.0,63.0,ok,2026-05-15,17.22,17.48,17.99,17.1,1644459.0,5.68,,,0.427,,0.0,0.0,0.0,-2.83,0.573,False,False,0.0,,,8.4,8.4,False,,,,震荡,43.64,-0.96,0.44,0,2026-05-15,common_index_cache,-1.02,-1.17,-0.56,-1.07,-0.02,3.5,6.64,,7.3,不推送,False,人气Top50；当日上涨；站上20日线且不过热；人气排名明显上升；震荡市里保持相对强势；v4主力资金强净流入,收盘承接偏弱；上影线偏长；v4长上影承接转弱；v4正涨但收盘承接一般,强势归纳版：这类形态历史胜率不占优，先留给更干净的强势样本。,v4
2026-05-15,000601,韶能股份,26,21311.0,10jqka,intraday_1430,2026-05-15 14:30:00,2026-05-13,3,3,52.0,26.0,ok,2026-05-15,8.17,8.18,8.61,7.49,2504579.0,-0.61,,,0.616,,0.0,0.0,0.0,-4.99,0.384,False,False,0.0,,,-1.81,-1.81,False,,,,震荡,43.64,-0.96,0.44,0,2026-05-15,common_index_cache,-1.02,-1.17,-0.56,-1.07,-0.02,3.5,0.35,,4.0,不推送,False,人气Top50；站上20日线且不过热；连续上榜确认；人气排名明显上升,当日转弱；v4长上影承接转弱；v4趋势未转强且热度偏后；v4主力资金净流出,强势归纳版：这类形态历史胜率不占优，先留给更干净的强势样本。,v4
2026-05-15,000767,晋控电力,27,21173.0,10jqka,intraday_1430,2026-05-15 14:30:00,2026-05-13,3,3,85.0,58.0,ok,2026-05-15,4.7,4.88,5.08,4.38,4557262.0,3.83,4.95,17.03,0.714,1.47,3.48,11.42,17.17,-13.17,0.286,False,False,0.0,晋控电力:关于参加山西辖区上市公司2026年投资者网上集体接待日活动的公告 | 晋控电力:2025年度股东会决议公告 | 晋控电力:山西华炬律师事务所关于晋能控股山西电力股份有限公司2025年年度股东会之法律意见书,调研活动 | 分配方案决议公告 | 法律意见书 | 晋控电力:关于参加山西辖区上市公司2026年投资者网上集体接待日活动的公告 | 晋控电力:2025年度股东会决议公告 | 晋控电力:山西华炬律师事务所关于晋能控股山西电力股份有限公司2025年年度股东会之法律意见书,0.96,0.96,True,,,,震荡,43.64,-0.96,0.44,0,2026-05-15,common_index_cache,-1.02,-1.17,-0.56,-1.07,-0.02,3.5,4.79,16.59,77.3,不推送,False,人气Top50；当日上涨；温和放量；近5日趋势升温；站上20日线且不过热；连续上榜确认；人气排名明显上升；震荡市里保持相对强势；v4多头排列技术加分；v4沿短均线抬升；v4主力资金净流入；v4龙虎榜活跃,v4短线偏离MA5过多；v4远离短中期均线,强势归纳版：这类形态历史胜率不占优，先留给更干净的强势样本。,v4
2026-05-15,601778,晶科科技,28,21144.0,10jqka,intraday_1430,2026-05-15 14:30:00,2026-05-06,8,8,11.0,-17.0,ok,2026-05-15,7.41,7.36,7.53,7.17,4355477.0,-0.81,3.66,-0.41,0.528,0.69,1.04,2.45,5.69,-6.6,0.333,False,False,0.0,,,,,False,,,,震荡,43.64,-0.96,0.44,0,2026-05-15,common_index_cache,-1.02,-1.17,-0.56,-1.07,-0.02,3.5,0.15,-0.85,18.0,不推送,False,人气Top50；站上20日线且不过热；持续霸榜；v4多头排列技术加分,当日转弱；近5日趋势未确认；热度可能进入后段,强势归纳版：这类形态历史胜率不占优，先留给更干净的强势样本。,v4
2026-05-15,600487,亨通光电,29,21050.0,10jqka,intraday_1430,2026-05-15 14:30:00,2026-05-06,8,8,42.0,13.0,ok,2026-05-15,73.98,69.0,74.51,67.97,1436008.0,-6.76,-8.12,-10.7,0.157,0.82,-6.38,-5.04,2.01,-13.64,0.081,False,False,0.0,亨通光电:亨通光电关于控股股东部分股权质押公告,股份质押、冻结 | 亨通光电:亨通光电关于控股股东部分股权质押公告,,,False,,,,震荡,43.64,-0.96,0.44,0,2026-05-15,common_index_cache,-1.02,-1.17,-0.56,-1.07,-0.02,3.5,-5.8,-11.14,0.0,不推送,False,人气Top50；温和放量；站上20日线且不过热；持续霸榜；人气排名明显上升,当日转弱；收盘承接偏弱；近5日趋势未确认；热度可能进入后段；震荡市里相对走弱；v4跌破短均线；v4趋势未转强且热度偏后,强势归纳版：这类形态历史胜率不占优，先留给更干净的强势样本。,v4
2026-05-15,002015,协鑫能科,30,20736.0,10jqka,intraday_1430,2026-05-15 14:30:00,2026-05-06,7,5,18.0,-12.0,ok,2026-05-15,21.46,22.29,22.95,20.98,1496073.0,3.82,4.84,9.37,0.665,0.73,0.66,7.34,12.09,-13.03,0.335,False,False,0.0,,,,,False,,,,震荡,43.64,-0.96,0.44,0,2026-05-15,common_index_cache,-1.02,-1.17,-0.56,-1.07,-0.02,3.5,4.78,8.93,59.3,不推送,False,人气Top50；当日上涨；近5日趋势升温；站上20日线且不过热；持续霸榜；震荡市里保持相对强势；v4多头排列技术加分；v4沿短均线抬升,热度可能进入后段,强势归纳版：这类形态历史胜率不占优，先留给更干净的强势样本。,v4
2026-05-15,688017,绿的谐波,31,20659.0,10jqka,intraday_1430,2026-05-15 14:30:00,2026-05-15,1,1,,,ok,2026-05-15,230.5,263.43,270.99,228.58,150504.0,14.3,,,0.822,,0.0,0.0,0.0,-2.79,0.178,True,False,0.0,,,,,False,,,,震荡,43.64,-0.96,0.44,0,2026-05-15,common_index_cache,-1.02,-1.17,-0.56,-1.07,-0.02,3.5,15.26,,52.95,观察池,False,人气Top50；当日涨停附近；收盘承接较强；站上20日线且不过热；震荡市里保持相对强势；震荡市里承接未失控,涨停封板不可买,涨停封板不可买，放观察池跟踪,v4
2026-05-15,002156,通富微电,32,20596.0,10jqka,intraday_1430,2026-05-15 14:30:00,2026-05-06,8,8,66.0,34.0,ok,2026-05-15,56.88,58.41,58.5,55.01,1202631.0,0.59,-1.8,2.19,0.974,0.77,-1.79,2.15,10.55,-6.14,0.026,False,False,0.0,,,,,False,,,,震荡,43.64,-0.96,0.44,0,2026-05-15,common_index_cache,-1.02,-1.17,-0.56,-1.07,-0.02,3.5,1.55,1.75,40.95,不推送,False,人气Top50；收在日内高位；站上20日线且不过热；持续霸榜；人气排名明显上升；震荡市里保持相对强势；震荡市里承接未失控,热度可能进入后段；v4趋势未转强且热度偏后,强势归纳版：这类形态历史胜率不占优，先留给更干净的强势样本。,v4
2026-05-15,002361,神剑股份,33,20588.0,10jqka,intraday_1430,2026-05-15 14:30:00,2026-05-06,8,8,12.0,-21.0,ok,2026-05-15,18.74,18.39,19.0,17.7,1509871.0,-2.75,-9.19,-16.03,0.531,0.6,-8.31,-10.55,-11.42,-23.22,0.2,False,False,0.0,,,,,False,,,,震荡,43.64,-0.96,0.44,0,2026-05-15,common_index_cache,-1.02,-1.17,-0.56,-1.07,-0.02,3.5,-1.79,-16.47,0.0,不推送,False,人气Top50；持续霸榜,当日转弱；近5日趋势未确认；仍在20日线下方；热度可能进入后段；人气排名明显回落；震荡市里相对走弱；v4跌破短均线；v4趋势未转强且热度偏后,强势归纳版：这类形态历史胜率不占优，先留给更干净的强势样本。,v4
2026-05-15,002281,光迅科技,34,20332.0,10jqka,intraday_1430,2026-05-15 14:30:00,2026-05-06,8,8,25.0,-9.0,ok,2026-05-15,200.0,196.97,203.79,183.5,854321.0,-3.35,-2.25,8.99,0.664,1.05,-1.42,11.16,31.34,-7.44,0.187,False,False,0.0,光迅科技:002281光迅科技投资者关系管理信息20260515,调研活动 | 光迅科技:002281光迅科技投资者关系管理信息20260515,,,False,,,,震荡,43.64,-0.96,0.44,0,2026-05-15,common_index_cache,-1.02,-1.17,-0.56,-1.07,-0.02,3.5,-2.39,8.55,17.3,不推送,False,人气Top50；温和放量；近5日趋势升温；持续霸榜；震荡市里保持相对强势,当日转弱；偏离20日线较大；热度可能进入后段；v4远离短中期均线；v4趋势未转强且热度偏后,强势归纳版：这类形态历史胜率不占优，先留给更干净的强势样本。,v4
2026-05-15,688012,中微公司,35,20127.0,10jqka,intraday_1430,2026-05-15 14:30:00,2026-05-15,1,1,,,ok,2026-05-15,432.17,469.58,475.67,428.1,269651.0,7.03,20.89,26.91,0.872,0.01,15.41,20.15,31.23,-1.28,0.128,False,False,0.0,,,,,False,,,,震荡,43.64,-0.96,0.44,0,2026-05-15,common_index_cache,-1.02,-1.17,-0.56,-1.07,-0.02,3.5,7.99,26.47,25.95,不推送,False,人气Top50；当日强涨；收盘承接较强；近5日强势延续；震荡市里保持相对强势；震荡市里承接未失控；v4多头排列技术加分,量能不足；短线涨幅偏高；偏离20日线较大；v4乖离率过大；v4远离短中期均线,强势归纳版：这类形态历史胜率不占优，先留给更干净的强势样本。,v4
2026-05-15,600111,北方稀土,36,20103.0,10jqka,intraday_1430,2026-05-15 14:30:00,2026-05-06,8,8,91.0,55.0,ok,2026-05-15,54.0,56.08,56.13,53.99,1456171.0,3.01,,,0.977,,0.0,0.0,0.0,-0.09,0.023,False,False,0.0,,,,,False,,,,震荡,43.64,-0.96,0.44,0,2026-05-15,common_index_cache,-1.02,-1.17,-0.56,-1.07,-0.02,3.5,3.97,,48.95,不推送,False,人气Top50；当日上涨；收在日内高位；站上20日线且不过热；持续霸榜；人气排名明显上升；震荡市里保持相对强势；震荡市里承接未失控,热度可能进入后段；v4趋势未转强且热度偏后,强势归纳版：这类形态历史胜率不占优，先留给更干净的强势样本。,v4
2026-05-15,002929,润建股份,37,19800.0,10jqka,intraday_1430,2026-05-15 14:30:00,2026-05-07,5,4,69.0,32.0,ok,2026-05-15,88.14,91.19,95.59,87.0,525322.0,4.94,14.27,16.57,0.488,1.36,7.71,21.38,36.83,-5.56,0.512,False,False,0.0,,,,,False,,,,震荡,43.64,-0.96,0.44,0,2026-05-15,common_index_cache,-1.02,-1.17,-0.56,-1.07,-0.02,3.5,5.9,16.13,27.3,不推送,False,人气Top50；当日上涨；温和放量；近5日趋势升温；连续上榜确认；人气排名明显上升；震荡市里保持相对强势；v4多头排列技术加分,偏离20日线较大；上影线偏长；v4乖离率过大；v4远离短中期均线；v4长上影承接转弱；v4正涨但收盘承接一般,强势归纳版：这类形态历史胜率不占优，先留给更干净的强势样本。,v4
2026-05-15,600703,三安光电,38,19688.0,10jqka,intraday_1430,2026-05-15 14:30:00,2026-05-06,8,8,29.0,-9.0,ok,2026-05-15,16.11,16.66,17.0,15.95,3659744.0,3.87,-0.36,9.03,0.676,1.03,-0.49,6.51,12.74,-11.24,0.324,False,False,0.0,三安光电:三安光电股份有限公司关于控股股东股份被轮候冻结的公告,股份质押、冻结 | 三安光电:三安光电股份有限公司关于控股股东股份被轮候冻结的公告,,,False,,,,震荡,43.64,-0.96,0.44,0,2026-05-15,common_index_cache,-1.02,-1.17,-0.56,-1.07,-0.02,3.5,4.83,8.59,53.3,不推送,False,人气Top50；当日上涨；温和放量；近5日趋势升温；站上20日线且不过热；持续霸榜；震荡市里保持相对强势,热度可能进入后段；v4趋势未转强且热度偏后,强势归纳版：这类形态历史胜率不占优，先留给更干净的强势样本。,v4
2026-05-15,002709,天赐材料,39,19363.0,10jqka,intraday_1430,2026-05-15 14:30:00,2026-05-06,8,8,46.0,7.0,ok,2026-05-15,55.66,54.43,55.89,53.15,854022.0,-2.75,-7.1,-6.81,0.467,0.66,-4.85,-7.91,-1.08,-16.24,0.084,False,False,0.0,,,,,False,,,,震荡,43.64,-0.96,0.44,0,2026-05-15,common_index_cache,-1.02,-1.17,-0.56,-1.07,-0.02,3.5,-1.79,-7.25,0.0,不推送,False,人气Top50；持续霸榜,当日转弱；近5日趋势未确认；热度可能进入后段；震荡市里相对走弱；v4跌破短均线；v4趋势未转强且热度偏后,强势归纳版：这类形态历史胜率不占优，先留给更干净的强势样本。,v4
2026-05-15,002309,中利集团,40,19190.0,10jqka,intraday_1430,2026-05-15 14:30:00,2026-05-06,3,1,96.0,56.0,ok,2026-05-15,5.34,4.65,5.34,4.65,6584998.0,-10.06,,,0.0,,0.0,0.0,0.0,-12.92,0.0,False,False,0.0,,,,,True,,,,震荡,43.64,-0.96,0.44,0,2026-05-15,common_index_cache,-1.02,-1.17,-0.56,-1.07,-0.02,3.5,-9.1,,0.0,不推送,False,人气Top50；站上20日线且不过热；人气排名明显上升；v4龙虎榜提示关注,当日转弱；收盘承接偏弱；震荡市里相对走弱,强势归纳版：这类形态历史胜率不占优，先留给更干净的强势样本。,v4
2026-05-15,600726,华电能源,41,19149.0,10jqka,intraday_1430,2026-05-15 14:30:00,2026-05-06,8,8,72.0,31.0,ok,2026-05-15,8.86,8.28,9.06,8.0,4703292.0,-2.24,,,0.264,,0.0,0.0,0.0,-8.61,0.189,False,False,0.0,,,,,False,,,,震荡,43.64,-0.96,0.44,0,2026-05-15,common_index_cache,-1.02,-1.17,-0.56,-1.07,-0.02,3.5,-1.28,,0.0,不推送,False,人气Top50；站上20日线且不过热；持续霸榜；人气排名明显上升,当日转弱；收盘承接偏弱；热度可能进入后段；震荡市里相对走弱；v4趋势未转强且热度偏后,强势归纳版：这类形态历史胜率不占优，先留给更干净的强势样本。,v4
2026-05-15,600759,ST洲际,42,19048.0,10jqka,intraday_1430,2026-05-15 14:30:00,2026-05-06,5,1,31.0,-11.0,ok,2026-05-15,2.8,2.8,2.8,2.8,47905.0,-5.08,-22.65,-30.17,1.0,0.77,-17.36,-28.57,-38.94,-69.2,,False,False,0.0,ST洲际:洲际油气股份有限公司股票交易异常波动公告,股票交易异常波动 | ST洲际:洲际油气股份有限公司股票交易异常波动公告,,,False,,,,震荡,43.64,-0.96,0.44,0,2026-05-15,common_index_cache,-1.02,-1.17,-0.56,-1.07,-0.02,3.5,-4.12,-30.61,0.0,不推送,False,人气Top50；收在日内高位,当日转弱；近5日趋势未确认；仍在20日线下方；震荡市里相对走弱；v4跌破短均线；v4事件谨慎扣分（异常波动）,强势归纳版：这类形态历史胜率不占优，先留给更干净的强势样本。,v4
2026-05-15,600330,天通股份,43,19001.0,10jqka,intraday_1430,2026-05-15 14:30:00,2026-05-06,8,8,15.0,-28.0,ok,2026-05-15,32.0,34.68,35.19,32.0,1772057.0,6.18,,,0.84,,0.0,0.0,0.0,-1.45,0.16,False,False,0.0,,,,,True,,,,震荡,43.64,-0.96,0.44,0,2026-05-15,common_index_cache,-1.02,-1.17,-0.56,-1.07,-0.02,3.5,7.14,,39.95,不推送,False,人气Top50；当日上涨；收盘承接较强；站上20日线且不过热；持续霸榜；震荡市里保持相对强势；震荡市里承接未失控；v4龙虎榜活跃,热度可能进入后段；人气排名明显回落；v4趋势未转强且热度偏后,强势归纳版：这类形态历史胜率不占优，先留给更干净的强势样本。,v4
2026-05-15,000858,五粮液,44,18600.0,10jqka,intraday_1430,2026-05-15 14:30:00,2026-05-06,7,5,9.0,-35.0,ok,2026-05-15,88.0,86.94,88.08,86.62,329237.0,-2.3,-4.0,-5.63,0.219,0.88,-2.85,-5.49,-10.13,-20.38,0.055,False,False,0.0,,,-21.38,-21.38,False,,,,震荡,43.64,-0.96,0.44,0,2026-05-15,common_index_cache,-1.02,-1.17,-0.56,-1.07,-0.02,3.5,-1.34,-6.07,0.0,不推送,False,人气Top50；温和放量；持续霸榜,当日转弱；收盘承接偏弱；近5日趋势未确认；仍在20日线下方；热度可能进入后段；人气排名明显回落；震荡市里相对走弱；v4跌破短均线；v4趋势未转强且热度偏后；v4主力资金强净流出,强势归纳版：这类形态历史胜率不占优，先留给更干净的强势样本。,v4
2026-05-15,300024,机器人,45,18331.0,10jqka,intraday_1430,2026-05-15 14:30:00,2026-05-15,1,1,,,ok,2026-05-15,14.92,16.02,16.64,14.91,1048077.0,7.23,,,0.642,,0.0,0.0,0.0,-3.73,0.358,False,False,0.0,,,,,False,,,,震荡,43.64,-0.96,0.44,0,2026-05-15,common_index_cache,-1.02,-1.17,-0.56,-1.07,-0.02,3.5,8.19,,29.3,不推送,False,人气Top50；当日强涨；站上20日线且不过热；震荡市里保持相对强势,v4长上影承接转弱,强势归纳版：这类形态历史胜率不占优，先留给更干净的强势样本。,v4
2026-05-15,603629,利通电子,46,18078.0,10jqka,intraday_1430,2026-05-15 14:30:00,2026-05-06,8,8,33.0,-13.0,ok,2026-05-15,169.86,166.79,181.5,166.49,361010.0,-2.12,6.23,-0.48,0.02,0.93,0.51,4.89,25.89,-8.1,0.775,False,False,0.0,,,,,False,,,,震荡,43.64,-0.96,0.44,0,2026-05-15,common_index_cache,-1.02,-1.17,-0.56,-1.07,-0.02,3.5,-1.16,-0.92,0.0,不推送,False,人气Top50；温和放量；站上20日线且不过热；持续霸榜；v4多头排列技术加分,当日转弱；收盘承接偏弱；近5日趋势未确认；热度可能进入后段；震荡市里相对走弱；v4远离短中期均线；v4长上影承接转弱,强势归纳版：这类形态历史胜率不占优，先留给更干净的强势样本。,v4
2026-05-15,002297,博云新材,47,17968.0,10jqka,intraday_1430,2026-05-15 14:30:00,2026-05-06,8,8,82.0,35.0,ok,2026-05-15,25.91,25.65,27.24,25.48,1243168.0,2.97,6.43,-0.23,0.097,0.78,1.82,3.37,15.82,-5.84,0.756,False,False,0.0,,,,,False,,,,震荡,43.64,-0.96,0.44,0,2026-05-15,common_index_cache,-1.02,-1.17,-0.56,-1.07,-0.02,3.5,3.93,-0.67,3.3,不推送,False,人气Top50；站上20日线且不过热；持续霸榜；人气排名明显上升；震荡市里保持相对强势；v4多头排列技术加分,收盘承接偏弱；近5日趋势未确认；热度可能进入后段；上影线偏长；v4长上影承接转弱；v4正涨但收盘承接一般,强势归纳版：这类形态历史胜率不占优，先留给更干净的强势样本。,v4
2026-05-15,300442,润泽科技,48,17946.0,10jqka,intraday_1430,2026-05-15 14:30:00,2026-05-13,2,1,38.0,-10.0,ok,2026-05-15,100.9,98.12,100.98,96.15,199242.0,-1.28,7.38,0.04,0.408,0.24,0.39,2.21,4.04,-7.72,0.017,False,False,0.0,3-2法律意见书(申报稿)(润泽智算科技集团股份有限公司) | 4-1本次重大资产重组涉及的拟购买资产最近两年及一期的财务报告和审计报告(确实无法提供的，应当说明原因及相关资产的财务状况和经营成果)(申报稿)(润泽智算科技集团股份有限公司) | 4-2本次重大资产重组涉及的拟购买资产的评估报告及评估说明，或者估值报告(申报稿)(润泽智算科技集团股份有限公司),创业板重大资产重组法律意见书申报稿 | 创业板重大资产重组审计报告申报稿 | 创业板重大资产重组资产评估报告申报稿 | 3-2法律意见书(申报稿)(润泽智算科技集团股份有限公司) | 4-1本次重大资产重组涉及的拟购买资产最近两年及一期的财务报告和审计报告(确实无法提供的，应当说明原因及相关资产的财务状况和经营成果)(申报稿)(润泽智算科技集团股份有限公司) | 4-2本次重大资产重组涉及的拟购买资产的评估报告及评估说明，或者估值报告(申报稿)(润泽智算科技集团股份有限公司),,,False,,,,震荡,43.64,-0.96,0.44,0,2026-05-15,common_index_cache,-1.02,-1.17,-0.56,-1.07,-0.02,3.5,-0.32,-0.4,0.0,不推送,False,人气Top50；站上20日线且不过热；v4多头排列技术加分,当日转弱；收盘承接偏弱；量能不足,强势归纳版：这类形态历史胜率不占优，先留给更干净的强势样本。,v4
2026-05-15,002371,北方华创,49,17577.0,10jqka,intraday_1430,2026-05-15 14:30:00,2026-05-15,1,1,,,ok,2026-05-15,601.0,611.88,615.0,597.58,58883.0,3.36,,,0.821,,0.0,0.0,0.0,-0.51,0.179,False,False,0.0,北方华创:002371北方华创投资者关系管理信息20260515,调研活动 | 北方华创:002371北方华创投资者关系管理信息20260515,,,False,,,,震荡,43.64,-0.96,0.44,0,2026-05-15,common_index_cache,-1.02,-1.17,-0.56,-1.07,-0.02,3.5,4.32,,38.95,不推送,False,人气Top50；当日上涨；收盘承接较强；站上20日线且不过热；震荡市里保持相对强势；震荡市里承接未失控,-,强势归纳版：这类形态历史胜率不占优，先留给更干净的强势样本。,v4
2026-05-15,002384,东山精密,50,17291.0,10jqka,intraday_1430,2026-05-15 14:30:00,2026-05-06,8,8,36.0,-14.0,ok,2026-05-15,206.0,220.75,224.5,198.0,1019805.0,4.5,0.59,4.43,0.858,1.2,0.88,6.16,16.34,-4.02,0.142,False,False,0.0,,,,,False,,,,震荡,43.64,-0.96,0.44,0,2026-05-15,common_index_cache,-1.02,-1.17,-0.56,-1.07,-0.02,3.5,5.46,3.99,72.95,不推送,False,人气Top50；当日上涨；收盘承接较强；温和放量；站上20日线且不过热；持续霸榜；震荡市里保持相对强势；震荡市里承接未失控；v4多头排列技术加分；v4沿短均线抬升,热度可能进入后段,强势归纳版：这类形态历史胜率不占优，先留给更干净的强势样本。,v4
2026-05-15,600105,永鼎股份,51,16591.0,10jqka,intraday_1430,2026-05-15 14:30:00,2026-05-07,7,7,22.0,-29.0,ok,2026-05-15,50.7,50.85,50.97,47.93,976953.0,-1.36,-2.81,1.82,0.961,0.53,-2.36,4.36,9.93,-9.82,0.039,False,False,0.0,,,,,False,,,,震荡,43.64,-0.96,0.44,0,2026-05-15,common_index_cache,-1.02,-1.17,-0.56,-1.07,-0.02,3.5,-0.4,1.38,8.35,不推送,False,收在日内高位；站上20日线且不过热；持续霸榜,当日转弱；热度可能进入后段；人气排名明显回落；后段人气股在偏弱环境里更谨慎；v4趋势未转强且热度偏后,强势归纳版：这类形态历史胜率不占优，先留给更干净的强势样本。,v4
2026-05-15,600176,中国巨石,52,16322.0,10jqka,intraday_1430,2026-05-15 14:30:00,2026-05-06,5,2,60.0,8.0,missing_price_file,,,,,,,,,,,,,,,,,,,,,,,,False,,,,震荡,43.64,-0.96,0.44,0,2026-05-15,common_index_cache,-1.02,-1.17,-0.56,-1.07,-0.02,3.5,,,0.0,不推送,False,连续上榜确认,缺少当日行情；后段人气股在偏弱环境里更谨慎,强势归纳版：这类形态历史胜率不占优，先留给更干净的强势样本。,v4
2026-05-15,603278,大业股份,53,16307.0,10jqka,intraday_1430,2026-05-15 14:30:00,2026-05-11,3,1,69.0,16.0,ok,2026-05-15,14.8,16.96,16.96,14.8,758067.0,9.99,,,1.0,,0.0,0.0,0.0,0.0,0.0,True,False,0.0,,,,,False,,,,震荡,43.64,-0.96,0.44,0,2026-05-15,common_index_cache,-1.02,-1.17,-0.56,-1.07,-0.02,3.5,10.95,,53.3,观察池,False,当日涨停附近；收在日内高位；站上20日线且不过热；人气排名明显上升；震荡市里保持相对强势；震荡市里承接未失控,后段人气股在偏弱环境里更谨慎；涨停封板不可买,涨停封板不可买，放观察池跟踪,v4
2026-05-15,001896,豫能控股,54,16079.0,10jqka,intraday_1430,2026-05-15 14:30:00,2026-05-06,7,6,41.0,-13.0,ok,2026-05-15,14.7,14.78,15.36,14.51,1029626.0,-2.7,-12.96,-9.93,0.318,0.53,-11.12,-10.36,-11.98,-23.81,0.682,False,False,0.0,,,,,False,,,,震荡,43.64,-0.96,0.44,0,2026-05-15,common_index_cache,-1.02,-1.17,-0.56,-1.07,-0.02,3.5,-1.74,-10.37,0.0,不推送,False,持续霸榜,当日转弱；收盘承接偏弱；近5日趋势未确认；仍在20日线下方；热度可能进入后段；震荡市里相对走弱；后段人气股在偏弱环境里更谨慎；v4长上影承接转弱；v4跌破短均线；v4趋势未转强且热度偏后,强势归纳版：这类形态历史胜率不占优，先留给更干净的强势样本。,v4
2026-05-15,601899,紫金矿业,55,16062.0,10jqka,intraday_1430,2026-05-15 14:30:00,2026-05-06,7,2,100.0,45.0,ok,2026-05-15,32.99,31.78,33.0,31.5,4099430.0,-5.19,-8.1,-8.68,0.187,1.26,-5.87,-6.45,-7.33,-22.3,0.007,False,False,0.0,,,,,False,,,,震荡,43.64,-0.96,0.44,0,2026-05-15,common_index_cache,-1.02,-1.17,-0.56,-1.07,-0.02,3.5,-4.23,-9.12,0.0,不推送,False,温和放量；连续上榜确认；人气排名明显上升,当日转弱；收盘承接偏弱；近5日趋势未确认；仍在20日线下方；震荡市里相对走弱；后段人气股在偏弱环境里更谨慎；v4跌破短均线,强势归纳版：这类形态历史胜率不占优，先留给更干净的强势样本。,v4
2026-05-15,688820,盛合晶微,56,15994.0,10jqka,intraday_1430,2026-05-15 14:30:00,2026-05-15,1,1,,,missing_price_file,,,,,,,,,,,,,,,,,,,,,,,,True,,,,震荡,43.64,-0.96,0.44,0,2026-05-15,common_index_cache,-1.02,-1.17,-0.56,-1.07,-0.02,3.5,,,0.0,不推送,False,v4龙虎榜活跃,缺少当日行情；后段人气股在偏弱环境里更谨慎,强势归纳版：这类形态历史胜率不占优，先留给更干净的强势样本。,v4
2026-05-15,002196,方正电机,57,15884.0,10jqka,intraday_1430,2026-05-15 14:30:00,2026-05-15,1,1,,,ok,2026-05-15,16.24,17.04,17.77,15.96,1151710.0,5.45,17.52,13.07,0.597,2.94,13.86,16.37,18.07,-7.89,0.403,False,False,0.0,,,,,True,,,,震荡,43.64,-0.96,0.44,0,2026-05-15,common_index_cache,-1.02,-1.17,-0.56,-1.07,-0.02,3.5,6.41,12.63,17.65,不推送,False,当日上涨；近5日趋势升温；站上20日线且不过热；震荡市里保持相对强势；v4多头排列技术加分；v4龙虎榜提示关注,后段人气股在偏弱环境里更谨慎；v4乖离率过大；v4远离短中期均线；v4长上影承接转弱,强势归纳版：这类形态历史胜率不占优，先留给更干净的强势样本。,v4
2026-05-15,601868,中国能建,58,15846.0,10jqka,intraday_1430,2026-05-15 14:30:00,2026-05-07,7,7,26.0,-32.0,ok,2026-05-15,3.2,3.21,3.28,3.15,21816972.0,2.88,-3.31,-0.31,0.462,1.18,-2.9,2.26,6.22,-18.53,0.538,False,False,0.0,,,,,False,,,,震荡,43.64,-0.96,0.44,0,2026-05-15,common_index_cache,-1.02,-1.17,-0.56,-1.07,-0.02,3.5,3.84,-0.75,0.0,不推送,False,温和放量；站上20日线且不过热；持续霸榜；震荡市里保持相对强势,近5日趋势未确认；热度可能进入后段；人气排名明显回落；上影线偏长；后段人气股在偏弱环境里更谨慎；v4长上影承接转弱；v4正涨但收盘承接一般；v4趋势未转强且热度偏后,强势归纳版：这类形态历史胜率不占优，先留给更干净的强势样本。,v4
2026-05-15,300058,蓝色光标,59,15712.0,10jqka,intraday_1430,2026-05-15 14:30:00,2026-05-06,7,6,53.0,-6.0,ok,2026-05-15,17.5,17.7,18.49,17.5,3801423.0,2.02,-2.8,-5.3,0.202,0.71,-2.78,-2.52,-1.97,-14.45,0.798,False,False,0.0,,,,,False,,,,震荡,43.64,-0.96,0.44,0,2026-05-15,common_index_cache,-1.02,-1.17,-0.56,-1.07,-0.02,3.5,2.98,-5.74,0.0,不推送,False,持续霸榜；震荡市里保持相对强势,收盘承接偏弱；近5日趋势未确认；热度可能进入后段；上影线偏长；后段人气股在偏弱环境里更谨慎；v4长上影承接转弱；v4正涨但收盘承接一般；v4趋势未转强且热度偏后,强势归纳版：这类形态历史胜率不占优，先留给更干净的强势样本。,v4
2026-05-15,600580,卧龙电驱,60,15555.0,10jqka,intraday_1430,2026-05-15 14:30:00,2026-05-15,1,1,,,ok,2026-05-15,38.9,40.37,41.49,38.8,815052.0,3.65,,,0.584,,0.0,0.0,0.0,-2.7,0.416,False,False,0.0,,,,,False,,,,震荡,43.64,-0.96,0.44,0,2026-05-15,common_index_cache,-1.02,-1.17,-0.56,-1.07,-0.02,3.5,4.61,,11.65,不推送,False,当日上涨；站上20日线且不过热；震荡市里保持相对强势,后段人气股在偏弱环境里更谨慎；v4长上影承接转弱,强势归纳版：这类形态历史胜率不占优，先留给更干净的强势样本。,v4
2026-05-15,002185,华天科技,61,15323.0,10jqka,intraday_1430,2026-05-15 14:30:00,2026-05-06,6,1,84.0,23.0,ok,2026-05-15,14.5,15.18,15.44,14.23,2948639.0,3.34,5.2,10.48,0.785,1.24,3.63,8.1,13.82,-1.68,0.215,False,False,0.0,,,,,False,,,,震荡,43.64,-0.96,0.44,0,2026-05-15,common_index_cache,-1.02,-1.17,-0.56,-1.07,-0.02,3.5,4.3,10.04,62.3,不推送,False,当日上涨；收盘承接较强；温和放量；近5日趋势升温；站上20日线且不过热；人气排名明显上升；震荡市里保持相对强势；震荡市里承接未失控；v4多头排列技术加分；v4沿短均线抬升,后段人气股在偏弱环境里更谨慎；v4短线偏离MA5过多；v4远离短中期均线,强势归纳版：这类形态历史胜率不占优，先留给更干净的强势样本。,v4
2026-05-15,300308,中际旭创,62,15283.0,10jqka,intraday_1430,2026-05-15 14:30:00,2026-05-06,8,8,21.0,-41.0,ok,2026-05-15,1068.99,1039.0,1099.87,1034.0,251154.0,-3.62,2.06,17.27,0.076,0.88,1.38,9.99,15.8,-5.53,0.469,False,False,0.0,中际旭创:投资者关系活动记录表20260515,调研活动 | 中际旭创:投资者关系活动记录表20260515,,,False,,,,震荡,43.64,-0.96,0.44,0,2026-05-15,common_index_cache,-1.02,-1.17,-0.56,-1.07,-0.02,3.5,-2.66,16.83,15.65,不推送,False,温和放量；近5日趋势升温；站上20日线且不过热；持续霸榜；震荡市里保持相对强势；v4多头排列技术加分；v4沿短均线抬升,当日转弱；收盘承接偏弱；热度可能进入后段；人气排名明显回落；后段人气股在偏弱环境里更谨慎；v4远离短中期均线；v4长上影承接转弱,强势归纳版：这类形态历史胜率不占优，先留给更干净的强势样本。,v4
2026-05-15,603773,沃格光电,63,14746.0,10jqka,intraday_1430,2026-05-15 14:30:00,2026-05-06,3,1,92.0,29.0,ok,2026-05-15,61.39,72.88,74.0,61.39,414628.0,7.99,-10.86,0.18,0.911,1.29,-10.27,-3.26,9.49,-18.0,0.089,False,False,0.0,沃格光电:江西沃格光电集团股份有限公司关于公司控股股东、实际控制人及持股5%以上股东相关方收到中国证监会立案告知书的公告,违法违规 | 沃格光电:江西沃格光电集团股份有限公司关于公司控股股东、实际控制人及持股5%以上股东相关方收到中国证监会立案告知书的公告,,,False,,,,震荡,43.64,-0.96,0.44,0,2026-05-15,common_index_cache,-1.02,-1.17,-0.56,-1.07,-0.02,3.5,8.95,-0.26,55.3,不推送,False,当日强涨；收在日内高位；温和放量；站上20日线且不过热；人气排名明显上升；震荡市里保持相对强势；震荡市里承接未失控,后段人气股在偏弱环境里更谨慎；v4事件风险扣分（立案）,强势归纳版：这类形态历史胜率不占优，先留给更干净的强势样本。,v4
2026-05-15,600172,黄河旋风,64,14707.0,10jqka,intraday_1430,2026-05-15 14:30:00,2026-05-12,4,4,19.0,-45.0,ok,2026-05-15,10.92,11.84,11.84,10.91,3268732.0,10.04,,,1.0,,0.0,0.0,0.0,0.0,0.0,True,False,0.0,,,,,False,,,,震荡,43.64,-0.96,0.44,0,2026-05-15,common_index_cache,-1.02,-1.17,-0.56,-1.07,-0.02,3.5,11.0,,49.3,观察池,False,当日涨停附近；收在日内高位；站上20日线且不过热；连续上榜确认；震荡市里保持相对强势；震荡市里承接未失控,人气排名明显回落；后段人气股在偏弱环境里更谨慎；v4趋势未转强且热度偏后；涨停封板不可买,涨停封板不可买，放观察池跟踪,v4
2026-05-15,002181,粤传媒,65,14456.0,10jqka,intraday_1430,2026-05-15 14:30:00,2026-05-06,6,1,57.0,-8.0,ok,2026-05-15,16.37,15.95,16.73,15.95,999234.0,-9.99,-14.48,-13.08,0.0,0.94,-10.85,-9.45,2.27,-20.25,0.462,False,False,0.0,,,,,True,,,,震荡,43.64,-0.96,0.44,0,2026-05-15,common_index_cache,-1.02,-1.17,-0.56,-1.07,-0.02,3.5,-9.03,-13.52,0.0,不推送,False,温和放量；站上20日线且不过热；v4龙虎榜提示关注,当日转弱；收盘承接偏弱；近5日趋势未确认；震荡市里相对走弱；后段人气股在偏弱环境里更谨慎；v4长上影承接转弱；v4跌破短均线,强势归纳版：这类形态历史胜率不占优，先留给更干净的强势样本。,v4
2026-05-15,002918,蒙娜丽莎,66,14356.0,10jqka,intraday_1430,2026-05-15 14:30:00,2026-05-15,1,1,,,ok,2026-05-15,18.63,18.63,18.63,17.6,464778.0,9.98,,,1.0,,0.0,0.0,0.0,0.0,0.0,True,False,0.0,蒙娜丽莎:关于股票交易异常波动公告,股票交易异常波动 | 蒙娜丽莎:关于股票交易异常波动公告,,,False,,,,震荡,43.64,-0.96,0.44,0,2026-05-15,common_index_cache,-1.02,-1.17,-0.56,-1.07,-0.02,3.5,10.94,,46.3,观察池,False,当日涨停附近；收在日内高位；站上20日线且不过热；震荡市里保持相对强势；震荡市里承接未失控,后段人气股在偏弱环境里更谨慎；v4事件谨慎扣分（异常波动）；涨停封板不可买,涨停封板不可买，放观察池跟踪,v4
2026-05-15,600488,津药药业,67,14288.0,10jqka,intraday_1430,2026-05-15 14:30:00,2026-05-11,3,1,53.0,-14.0,ok,2026-05-15,7.19,7.01,7.2,7.01,392957.0,-10.01,,,0.0,,0.0,0.0,0.0,-2.64,0.053,False,False,0.0,,,,,True,,,,震荡,43.64,-0.96,0.44,0,2026-05-15,common_index_cache,-1.02,-1.17,-0.56,-1.07,-0.02,3.5,-9.05,,0.0,不推送,False,站上20日线且不过热；v4龙虎榜提示关注,当日转弱；收盘承接偏弱；震荡市里相对走弱；后段人气股在偏弱环境里更谨慎,强势归纳版：这类形态历史胜率不占优，先留给更干净的强势样本。,v4
2026-05-15,000592,平潭发展,68,14254.0,10jqka,intraday_1430,2026-05-15 14:30:00,2026-05-07,7,7,14.0,-54.0,ok,2026-05-15,12.3,11.72,12.36,11.64,2529169.0,-5.02,,,0.111,,0.0,0.0,0.0,-5.18,0.083,False,False,0.0,平潭发展:2026年5月15日投资者关系活动记录表,调研活动 | 平潭发展:2026年5月15日投资者关系活动记录表,-8.85,-8.85,False,,,,震荡,43.64,-0.96,0.44,0,2026-05-15,common_index_cache,-1.02,-1.17,-0.56,-1.07,-0.02,3.5,-4.06,,0.0,不推送,False,站上20日线且不过热；持续霸榜,当日转弱；收盘承接偏弱；热度可能进入后段；人气排名明显回落；震荡市里相对走弱；后段人气股在偏弱环境里更谨慎；v4趋势未转强且热度偏后；v4主力资金强净流出,强势归纳版：这类形态历史胜率不占优，先留给更干净的强势样本。,v4
2026-05-15,002747,埃斯顿,69,14133.0,10jqka,intraday_1430,2026-05-15 14:30:00,2026-05-15,1,1,,,missing_price_file,,,,,,,,,,,,,,,,,,,,,,,,False,,,,震荡,43.64,-0.96,0.44,0,2026-05-15,common_index_cache,-1.02,-1.17,-0.56,-1.07,-0.02,3.5,,,0.0,不推送,False,-,缺少当日行情；后段人气股在偏弱环境里更谨慎,强势归纳版：这类形态历史胜率不占优，先留给更干净的强势样本。,v4
2026-05-15,002428,云南锗业,70,14009.0,10jqka,intraday_1430,2026-05-15 14:30:00,2026-05-06,8,8,51.0,-19.0,ok,2026-05-15,90.16,90.23,90.85,85.33,704049.0,-1.32,,,0.888,,0.0,0.0,0.0,-0.68,0.112,False,False,0.0,,,,,False,,,,震荡,43.64,-0.96,0.44,0,2026-05-15,common_index_cache,-1.02,-1.17,-0.56,-1.07,-0.02,3.5,-0.36,,6.35,不推送,False,收盘承接较强；站上20日线且不过热；持续霸榜,当日转弱；热度可能进入后段；后段人气股在偏弱环境里更谨慎；v4趋势未转强且热度偏后,强势归纳版：这类形态历史胜率不占优，先留给更干净的强势样本。,v4
2026-05-15,002475,立讯精密,71,13910.0,10jqka,intraday_1430,2026-05-15 14:30:00,2026-05-06,8,8,44.0,-27.0,ok,2026-05-15,72.05,71.87,72.71,70.04,1239518.0,-1.41,-6.89,0.81,0.685,0.55,-5.6,-0.76,4.29,-12.12,0.247,False,False,0.0,,,,,False,,,,震荡,43.64,-0.96,0.44,0,2026-05-15,common_index_cache,-1.02,-1.17,-0.56,-1.07,-0.02,3.5,-0.45,0.37,0.0,不推送,False,站上20日线且不过热；持续霸榜,当日转弱；热度可能进入后段；人气排名明显回落；后段人气股在偏弱环境里更谨慎；v4跌破短均线；v4趋势未转强且热度偏后,强势归纳版：这类形态历史胜率不占优，先留给更干净的强势样本。,v4
2026-05-15,002009,天奇股份,72,13780.0,10jqka,intraday_1430,2026-05-15 14:30:00,2026-05-15,1,1,,,ok,2026-05-15,24.4,26.96,26.96,24.22,505829.0,10.0,,,1.0,,0.0,0.0,0.0,0.0,0.0,True,False,0.0,,,,,False,,,,震荡,43.64,-0.96,0.44,0,2026-05-15,common_index_cache,-1.02,-1.17,-0.56,-1.07,-0.02,3.5,10.96,,49.3,观察池,False,当日涨停附近；收在日内高位；站上20日线且不过热；震荡市里保持相对强势；震荡市里承接未失控,后段人气股在偏弱环境里更谨慎；涨停封板不可买,涨停封板不可买，放观察池跟踪,v4
2026-05-15,002202,金风科技,73,13758.0,10jqka,intraday_1430,2026-05-15 14:30:00,2026-05-06,8,8,28.0,-45.0,ok,2026-05-15,28.06,27.12,28.07,27.01,1743301.0,-3.69,-0.55,-4.81,0.104,0.82,-0.57,-1.22,1.93,-18.56,0.009,False,False,0.0,,,,,False,,,,震荡,43.64,-0.96,0.44,0,2026-05-15,common_index_cache,-1.02,-1.17,-0.56,-1.07,-0.02,3.5,-2.73,-5.25,0.0,不推送,False,温和放量；站上20日线且不过热；持续霸榜,当日转弱；收盘承接偏弱；近5日趋势未确认；热度可能进入后段；人气排名明显回落；震荡市里相对走弱；后段人气股在偏弱环境里更谨慎；v4跌破短均线；v4趋势未转强且热度偏后,强势归纳版：这类形态历史胜率不占优，先留给更干净的强势样本。,v4
2026-05-15,600699,均胜电子,74,13626.0,10jqka,intraday_1430,2026-05-15 14:30:00,2026-05-15,1,1,,,ok,2026-05-15,29.31,30.37,30.53,28.72,1072118.0,4.08,7.16,2.5,0.912,1.71,3.43,3.78,6.6,-0.52,0.088,False,False,0.0,,,,,False,,,,震荡,43.64,-0.96,0.44,0,2026-05-15,common_index_cache,-1.02,-1.17,-0.56,-1.07,-0.02,3.5,5.04,2.06,56.3,不推送,False,当日上涨；收在日内高位；温和放量；站上20日线且不过热；震荡市里保持相对强势；震荡市里承接未失控；v4多头排列技术加分,后段人气股在偏弱环境里更谨慎；v4短线偏离MA5过多,强势归纳版：这类形态历史胜率不占优，先留给更干净的强势样本。,v4
2026-05-15,002498,汉缆股份,75,13379.0,10jqka,intraday_1430,2026-05-15 14:30:00,2026-05-07,4,3,54.0,-21.0,ok,2026-05-15,9.57,9.84,10.1,9.46,2278362.0,1.97,,,0.594,,0.0,0.0,0.0,-2.57,0.406,False,False,0.0,,,,,False,,,,震荡,43.64,-0.96,0.44,0,2026-05-15,common_index_cache,-1.02,-1.17,-0.56,-1.07,-0.02,3.5,2.93,,3.65,不推送,False,站上20日线且不过热；连续上榜确认；震荡市里保持相对强势,人气排名明显回落；后段人气股在偏弱环境里更谨慎；v4长上影承接转弱；v4趋势未转强且热度偏后,强势归纳版：这类形态历史胜率不占优，先留给更干净的强势样本。,v4
2026-05-15,301171,易点天下,76,13214.0,10jqka,intraday_1430,2026-05-15 14:30:00,2026-05-15,1,1,,,missing_price_file,,,,,,,,,,,,,,,,,,,,易点天下:关于全资孙公司出售参股企业股权暨关联交易的进展公告,其他 | 易点天下:关于全资孙公司出售参股企业股权暨关联交易的进展公告,,,False,,,,震荡,43.64,-0.96,0.44,0,2026-05-15,common_index_cache,-1.02,-1.17,-0.56,-1.07,-0.02,3.5,,,0.0,不推送,False,-,缺少当日行情；后段人气股在偏弱环境里更谨慎,强势归纳版：这类形态历史胜率不占优，先留给更干净的强势样本。,v4
2026-05-15,000938,紫光股份,77,13173.0,10jqka,intraday_1430,2026-05-15 14:30:00,2026-05-08,4,1,67.0,-10.0,ok,2026-05-15,32.3,31.7,33.96,31.69,2538262.0,-1.37,3.29,-4.43,0.004,1.07,-0.4,-1.4,2.76,-8.09,0.731,False,False,0.0,紫光股份:关于紫光国际与投资者受让新华三少数股东所持股权的进展公告,股权转让 | 紫光股份:关于紫光国际与投资者受让新华三少数股东所持股权的进展公告,,,False,,,,震荡,43.64,-0.96,0.44,0,2026-05-15,common_index_cache,-1.02,-1.17,-0.56,-1.07,-0.02,3.5,-0.41,-4.87,0.0,不推送,False,温和放量；站上20日线且不过热,当日转弱；收盘承接偏弱；近5日趋势未确认；震荡市里相对走弱；后段人气股在偏弱环境里更谨慎；v4长上影承接转弱；v4跌破短均线,强势归纳版：这类形态历史胜率不占优，先留给更干净的强势样本。,v4
2026-05-15,002208,合肥城建,78,13148.0,10jqka,intraday_1430,2026-05-15 14:30:00,2026-05-15,1,1,,,ok,2026-05-15,23.5,25.12,25.12,23.2,1891588.0,9.98,53.55,77.78,1.0,2.41,33.4,53.58,73.61,0.0,0.0,True,False,0.0,,,,,True,,,,震荡,43.64,-0.96,0.44,0,2026-05-15,common_index_cache,-1.02,-1.17,-0.56,-1.07,-0.02,3.5,10.94,77.34,15.3,观察池,False,当日涨停附近；收在日内高位；放量仍可控；震荡市里保持相对强势；震荡市里承接未失控；v4多头排列技术加分；v4龙虎榜提示关注,短线涨幅过热；远离20日线过多；后段人气股在偏弱环境里更谨慎；v4乖离率过大；v4远离短中期均线；v4放量冲高过热；涨停封板不可买,涨停封板不可买，放观察池跟踪,v4
2026-05-15,000988,华工科技,79,12746.0,10jqka,intraday_1430,2026-05-15 14:30:00,2026-05-06,8,8,64.0,-15.0,ok,2026-05-15,138.1,133.76,142.98,130.26,815520.0,-2.65,-7.21,-2.14,0.275,0.82,-5.13,-0.1,7.02,-11.12,0.384,False,False,0.0,,,,,False,,,,震荡,43.64,-0.96,0.44,0,2026-05-15,common_index_cache,-1.02,-1.17,-0.56,-1.07,-0.02,3.5,-1.69,-2.58,0.0,不推送,False,温和放量；站上20日线且不过热；持续霸榜,当日转弱；收盘承接偏弱；近5日趋势未确认；热度可能进入后段；震荡市里相对走弱；后段人气股在偏弱环境里更谨慎；v4长上影承接转弱；v4跌破短均线；v4趋势未转强且热度偏后,强势归纳版：这类形态历史胜率不占优，先留给更干净的强势样本。,v4
2026-05-15,600509,天富能源,80,12639.0,10jqka,intraday_1430,2026-05-15 14:30:00,2026-05-15,1,1,,,ok,2026-05-15,10.78,10.07,11.36,10.02,2676058.0,-2.52,,,0.037,,0.0,0.0,0.0,-11.36,0.433,False,False,0.0,,,,,False,,,,震荡,43.64,-0.96,0.44,0,2026-05-15,common_index_cache,-1.02,-1.17,-0.56,-1.07,-0.02,3.5,-1.56,,0.0,不推送,False,站上20日线且不过热,当日转弱；收盘承接偏弱；震荡市里相对走弱；后段人气股在偏弱环境里更谨慎；v4长上影承接转弱,强势归纳版：这类形态历史胜率不占优，先留给更干净的强势样本。,v4
2026-05-15,001309,德明利,81,12381.0,10jqka,intraday_1430,2026-05-15 14:30:00,2026-05-06,6,3,31.0,-50.0,ok,2026-05-15,722.01,701.58,759.99,700.66,188558.0,-2.78,13.52,17.38,0.016,1.12,4.39,13.17,24.67,-7.69,0.64,False,False,0.0,,,,,False,,,,震荡,43.64,-0.96,0.44,0,2026-05-15,common_index_cache,-1.02,-1.17,-0.56,-1.07,-0.02,3.5,-1.82,16.94,10.65,不推送,False,温和放量；近5日趋势升温；站上20日线且不过热；连续上榜确认；震荡市里保持相对强势；v4多头排列技术加分,当日转弱；收盘承接偏弱；人气排名明显回落；后段人气股在偏弱环境里更谨慎；v4短线偏离MA5过多；v4远离短中期均线；v4长上影承接转弱,强势归纳版：这类形态历史胜率不占优，先留给更干净的强势样本。,v4
2026-05-15,000925,众合科技,82,12381.0,10jqka,intraday_1430,2026-05-15 14:30:00,2026-05-06,3,1,11.0,-71.0,ok,2026-05-15,9.7,9.59,10.01,9.59,1269137.0,-10.04,,,0.0,,0.0,0.0,0.0,-4.2,0.738,False,False,0.0,,,,,False,,,,震荡,43.64,-0.96,0.44,0,2026-05-15,common_index_cache,-1.02,-1.17,-0.56,-1.07,-0.02,3.5,-9.08,,0.0,不推送,False,站上20日线且不过热,当日转弱；收盘承接偏弱；人气排名明显回落；震荡市里相对走弱；后段人气股在偏弱环境里更谨慎；v4长上影承接转弱,强势归纳版：这类形态历史胜率不占优，先留给更干净的强势样本。,v4
2026-05-15,603778,国晟科技,83,12366.0,10jqka,intraday_1430,2026-05-15 14:30:00,2026-05-06,7,1,60.0,-23.0,ok,2026-05-15,25.89,26.68,26.99,24.65,704161.0,2.97,7.19,-1.15,0.868,0.88,8.87,3.69,2.37,-22.15,0.132,False,False,0.0,,,,,False,,,,震荡,43.64,-0.96,0.44,0,2026-05-15,common_index_cache,-1.02,-1.17,-0.56,-1.07,-0.02,3.5,3.93,-1.59,15.3,不推送,False,收盘承接较强；温和放量；站上20日线且不过热；震荡市里保持相对强势；震荡市里承接未失控,近5日趋势未确认；人气排名明显回落；后段人气股在偏弱环境里更谨慎；v4乖离率过大,强势归纳版：这类形态历史胜率不占优，先留给更干净的强势样本。,v4
2026-05-15,301696,三瑞智能,84,12191.0,10jqka,intraday_1430,2026-05-15 14:30:00,2026-05-15,1,1,,,missing_price_file,,,,,,,,,,,,,,,,,,,,三瑞智能:投资者关系活动记录表(2026年5月15日),调研活动 | 三瑞智能:投资者关系活动记录表(2026年5月15日),,,True,,,,震荡,43.64,-0.96,0.44,0,2026-05-15,common_index_cache,-1.02,-1.17,-0.56,-1.07,-0.02,3.5,,,0.0,不推送,False,v4龙虎榜活跃,缺少当日行情；后段人气股在偏弱环境里更谨慎,强势归纳版：这类形态历史胜率不占优，先留给更干净的强势样本。,v4
2026-05-15,002342,巨力索具,85,12133.0,10jqka,intraday_1430,2026-05-15 14:30:00,2026-05-06,8,8,23.0,-62.0,ok,2026-05-15,15.74,15.74,15.74,15.74,23931.0,-10.01,-22.84,-28.81,1.0,0.01,-20.25,-21.97,-20.01,-34.42,,False,False,0.0,,,,,False,,,,震荡,43.64,-0.96,0.44,0,2026-05-15,common_index_cache,-1.02,-1.17,-0.56,-1.07,-0.02,3.5,-9.05,-29.25,0.0,不推送,False,收在日内高位；持续霸榜,当日转弱；量能不足；近5日趋势未确认；仍在20日线下方；热度可能进入后段；人气排名明显回落；震荡市里相对走弱；后段人气股在偏弱环境里更谨慎；v4跌破短均线；v4趋势未转强且热度偏后,强势归纳版：这类形态历史胜率不占优，先留给更干净的强势样本。,v4
2026-05-15,000831,中国稀土,86,12058.0,10jqka,intraday_1430,2026-05-15 14:30:00,2026-05-15,1,1,,,ok,2026-05-15,54.15,55.77,59.0,54.01,588712.0,2.8,,,0.353,,0.0,0.0,0.0,-5.47,0.647,False,False,0.0,中国稀土:2026年5月15日投资者关系活动记录表 | 中国稀土:关于召开2025年年度股东会的提示性公告,调研活动 | 召开股东大会提示性公告 | 中国稀土:2026年5月15日投资者关系活动记录表 | 中国稀土:关于召开2025年年度股东会的提示性公告,,,False,,,,震荡,43.64,-0.96,0.44,0,2026-05-15,common_index_cache,-1.02,-1.17,-0.56,-1.07,-0.02,3.5,3.76,,0.0,不推送,False,站上20日线且不过热；震荡市里保持相对强势,收盘承接偏弱；上影线偏长；后段人气股在偏弱环境里更谨慎；v4长上影承接转弱；v4正涨但收盘承接一般,强势归纳版：这类形态历史胜率不占优，先留给更干净的强势样本。,v4
2026-05-15,601179,中国西电,87,12026.0,10jqka,intraday_1430,2026-05-15 14:30:00,2026-05-08,6,6,68.0,-19.0,ok,2026-05-15,18.8,17.87,18.94,17.86,3055920.0,-6.05,,,0.009,,0.0,0.0,0.0,-5.65,0.13,False,False,0.0,中国西电:中国西电2025年年度股东会会议资料,股东大会资料 | 中国西电:中国西电2025年年度股东会会议资料,,,False,,,,震荡,43.64,-0.96,0.44,0,2026-05-15,common_index_cache,-1.02,-1.17,-0.56,-1.07,-0.02,3.5,-5.09,,0.0,不推送,False,站上20日线且不过热；持续霸榜,当日转弱；收盘承接偏弱；热度可能进入后段；震荡市里相对走弱；后段人气股在偏弱环境里更谨慎；v4趋势未转强且热度偏后,强势归纳版：这类形态历史胜率不占优，先留给更干净的强势样本。,v4
2026-05-15,603738,泰晶科技,88,11894.0,10jqka,intraday_1430,2026-05-15 14:30:00,2026-05-07,4,1,74.0,-14.0,ok,2026-05-15,53.53,55.2,58.28,53.53,677463.0,4.19,,,0.352,,0.0,0.0,0.0,-5.28,0.648,False,False,0.0,,,,,False,,,,震荡,43.64,-0.96,0.44,0,2026-05-15,common_index_cache,-1.02,-1.17,-0.56,-1.07,-0.02,3.5,5.15,,0.0,不推送,False,当日上涨；站上20日线且不过热；震荡市里保持相对强势,收盘承接偏弱；上影线偏长；后段人气股在偏弱环境里更谨慎；v4长上影承接转弱；v4正涨但收盘承接一般,强势归纳版：这类形态历史胜率不占优，先留给更干净的强势样本。,v4
2026-05-15,300115,长盈精密,89,11889.0,10jqka,intraday_1430,2026-05-15 14:30:00,2026-05-15,1,1,,,ok,2026-05-15,36.61,37.82,39.5,35.9,1197626.0,3.42,,,0.533,,0.0,0.0,0.0,-4.25,0.467,False,False,0.0,,,,,False,,,,震荡,43.64,-0.96,0.44,0,2026-05-15,common_index_cache,-1.02,-1.17,-0.56,-1.07,-0.02,3.5,4.38,,0.0,不推送,False,当日上涨；站上20日线且不过热；震荡市里保持相对强势,上影线偏长；后段人气股在偏弱环境里更谨慎；v4长上影承接转弱；v4正涨但收盘承接一般,强势归纳版：这类形态历史胜率不占优，先留给更干净的强势样本。,v4
2026-05-15,688981,中芯国际,90,11729.0,10jqka,intraday_1430,2026-05-15 14:30:00,2026-05-15,1,1,,,missing_price_file,,,,,,,,,,,,,,,,,,,,中芯国际:中芯国际关于续聘2026年度会计师事务所的公告 | 中芯国际:中芯国际关于2026年度开展套期保值业务的公告 | 中芯国际:中芯国际关于董事重选的公告,审计机构变更 | 其他 | 高管人员任职变动 | 中芯国际:中芯国际关于续聘2026年度会计师事务所的公告 | 中芯国际:中芯国际关于2026年度开展套期保值业务的公告 | 中芯国际:中芯国际关于董事重选的公告,,,False,,,,震荡,43.64,-0.96,0.44,0,2026-05-15,common_index_cache,-1.02,-1.17,-0.56,-1.07,-0.02,3.5,,,0.0,不推送,False,-,缺少当日行情；后段人气股在偏弱环境里更谨慎,强势归纳版：这类形态历史胜率不占优，先留给更干净的强势样本。,v4
2026-05-15,600186,莲花控股,91,11627.0,10jqka,intraday_1430,2026-05-15 14:30:00,2026-05-06,8,8,73.0,-18.0,ok,2026-05-15,10.59,11.56,11.56,10.11,3781222.0,9.99,15.72,10.1,1.0,1.28,8.83,7.36,19.35,0.0,0.0,True,False,0.0,,,,,False,,,,震荡,43.64,-0.96,0.44,0,2026-05-15,common_index_cache,-1.02,-1.17,-0.56,-1.07,-0.02,3.5,10.95,9.66,63.3,观察池,False,当日涨停附近；收在日内高位；温和放量；近5日趋势升温；站上20日线且不过热；持续霸榜；震荡市里保持相对强势；震荡市里承接未失控,热度可能进入后段；后段人气股在偏弱环境里更谨慎；v4乖离率过大；v4趋势未转强且热度偏后；涨停封板不可买,涨停封板不可买，放观察池跟踪,v4
2026-05-15,600118,中国卫星,92,11549.0,10jqka,intraday_1430,2026-05-15 14:30:00,2026-05-06,6,2,27.0,-65.0,ok,2026-05-15,90.66,87.23,91.99,87.23,740793.0,-10.0,-21.88,-23.6,0.0,1.04,-17.36,-17.48,-12.85,-27.0,0.279,False,False,0.0,,,,,False,,,,震荡,43.64,-0.96,0.44,0,2026-05-15,common_index_cache,-1.02,-1.17,-0.56,-1.07,-0.02,3.5,-9.04,-24.04,0.0,不推送,False,温和放量；连续上榜确认,当日转弱；收盘承接偏弱；近5日趋势未确认；仍在20日线下方；人气排名明显回落；震荡市里相对走弱；后段人气股在偏弱环境里更谨慎；v4跌破短均线,强势归纳版：这类形态历史胜率不占优，先留给更干净的强势样本。,v4
2026-05-15,603007,顺景科技,93,11449.0,10jqka,intraday_1430,2026-05-15 14:30:00,2026-05-15,1,1,,,ok,2026-05-15,9.1,8.33,9.1,8.33,2301800.0,-10.04,,,0.0,,0.0,0.0,0.0,-8.46,0.0,False,False,0.0,花王股份:关于股票交易异常波动的公告,股票交易异常波动 | 花王股份:关于股票交易异常波动的公告,,,True,,,,震荡,43.64,-0.96,0.44,0,2026-05-15,common_index_cache,-1.02,-1.17,-0.56,-1.07,-0.02,3.5,-9.08,,0.0,不推送,False,站上20日线且不过热；v4龙虎榜提示关注,当日转弱；收盘承接偏弱；震荡市里相对走弱；后段人气股在偏弱环境里更谨慎；v4事件谨慎扣分（异常波动）,强势归纳版：这类形态历史胜率不占优，先留给更干净的强势样本。,v4
2026-05-15,600498,烽火通信,94,11371.0,10jqka,intraday_1430,2026-05-15 14:30:00,2026-05-08,5,2,77.0,-17.0,ok,2026-05-15,59.16,53.72,59.88,53.69,1226143.0,-9.21,,,0.005,,0.0,0.0,0.0,-10.29,0.116,False,False,0.0,,,,,False,,,,震荡,43.64,-0.96,0.44,0,2026-05-15,common_index_cache,-1.02,-1.17,-0.56,-1.07,-0.02,3.5,-8.25,,0.0,不推送,False,站上20日线且不过热；连续上榜确认,当日转弱；收盘承接偏弱；震荡市里相对走弱；后段人气股在偏弱环境里更谨慎,强势归纳版：这类形态历史胜率不占优，先留给更干净的强势样本。,v4
2026-05-15,300394,天孚通信,95,11155.0,10jqka,intraday_1430,2026-05-15 14:30:00,2026-05-13,3,3,62.0,-33.0,ok,2026-05-15,401.0,389.0,414.08,381.91,622045.0,-0.77,13.59,19.22,0.22,1.14,6.08,13.65,12.8,-6.06,0.407,False,False,0.0,,,,,False,,,,震荡,43.64,-0.96,0.44,0,2026-05-15,common_index_cache,-1.02,-1.17,-0.56,-1.07,-0.02,3.5,0.19,18.78,0.0,不推送,False,温和放量；近5日趋势升温；站上20日线且不过热；连续上榜确认；震荡市里保持相对强势,当日转弱；收盘承接偏弱；人气排名明显回落；后段人气股在偏弱环境里更谨慎；v4乖离率过大；v4远离短中期均线；v4长上影承接转弱；v4趋势未转强且热度偏后,强势归纳版：这类形态历史胜率不占优，先留给更干净的强势样本。,v4
2026-05-15,300476,胜宏科技,96,11124.0,10jqka,intraday_1430,2026-05-15 14:30:00,2026-05-07,6,2,45.0,-51.0,ok,2026-05-15,388.0,361.2,390.0,357.78,644425.0,-6.76,,,0.106,,0.0,0.0,0.0,-7.38,0.062,False,False,0.0,胜宏科技:300476胜宏科技投资者关系管理信息20260515,调研活动 | 胜宏科技:300476胜宏科技投资者关系管理信息20260515,,,False,,,,震荡,43.64,-0.96,0.44,0,2026-05-15,common_index_cache,-1.02,-1.17,-0.56,-1.07,-0.02,3.5,-5.8,,0.0,不推送,False,站上20日线且不过热；连续上榜确认,当日转弱；收盘承接偏弱；人气排名明显回落；震荡市里相对走弱；后段人气股在偏弱环境里更谨慎,强势归纳版：这类形态历史胜率不占优，先留给更干净的强势样本。,v4
2026-05-15,601012,隆基绿能,97,11122.0,10jqka,intraday_1430,2026-05-15 14:30:00,2026-05-15,1,1,,,missing_price_file,,,,,,,,,,,,,,,,,,,,,,,,False,,,,震荡,43.64,-0.96,0.44,0,2026-05-15,common_index_cache,-1.02,-1.17,-0.56,-1.07,-0.02,3.5,,,0.0,不推送,False,-,缺少当日行情；后段人气股在偏弱环境里更谨慎,强势归纳版：这类形态历史胜率不占优，先留给更干净的强势样本。,v4
2026-05-15,920178,锐翔智能,98,11050.0,10jqka,intraday_1430,2026-05-15 14:30:00,2026-05-15,1,1,,,missing_price_file,,,,,,,,,,,,,,,,,,,,,,,,False,,,,震荡,43.64,-0.96,0.44,0,2026-05-15,common_index_cache,-1.02,-1.17,-0.56,-1.07,-0.02,3.5,,,0.0,不推送,False,-,缺少当日行情；后段人气股在偏弱环境里更谨慎,强势归纳版：这类形态历史胜率不占优，先留给更干净的强势样本。,v4
2026-05-15,600160,巨化股份,99,11040.0,10jqka,intraday_1430,2026-05-15 14:30:00,2026-05-15,1,1,,,missing_price_file,,,,,,,,,,,,,,,,,,,,,,,,False,,,,震荡,43.64,-0.96,0.44,0,2026-05-15,common_index_cache,-1.02,-1.17,-0.56,-1.07,-0.02,3.5,,,0.0,不推送,False,-,缺少当日行情；后段人气股在偏弱环境里更谨慎,强势归纳版：这类形态历史胜率不占优，先留给更干净的强势样本。,v4
2026-05-15,601869,长飞光纤,100,10930.0,10jqka,intraday_1430,2026-05-15 14:30:00,2026-05-07,4,1,100.0,0.0,ok,2026-05-15,400.01,373.0,404.7,366.66,142649.0,-7.83,,,0.167,,0.0,0.0,0.0,-7.83,0.123,False,False,0.0,,,,,False,,,,震荡,43.64,-0.96,0.44,0,2026-05-15,common_index_cache,-1.02,-1.17,-0.56,-1.07,-0.02,3.5,-6.87,,0.0,不推送,False,站上20日线且不过热,当日转弱；收盘承接偏弱；震荡市里相对走弱；后段人气股在偏弱环境里更谨慎,强势归纳版：这类形态历史胜率不占优，先留给更干净的强势样本。,v4
2026-05-18,002342,巨力索具,1,91418.0,10jqka,intraday_1430,2026-05-18 14:30:00,2026-05-06,9,9,85.0,84.0,ok,2026-05-18,15.74,15.74,15.74,15.74,23931.0,-10.01,-23.07,-29.0,1.0,0.01,-17.97,-22.18,-20.24,-34.42,,False,False,0.0,,,,,False,,,,震荡,43.03,-0.2,-1.79,0,2026-05-18,common_index_cache,-0.09,-0.2,-0.36,-2.21,-2.32,-0.36,-9.81,-27.21,9.4,不推送,False,人气Top3；收在日内高位；持续霸榜；人气排名明显上升,当日转弱；量能不足；近5日趋势未确认；仍在20日线下方；热度可能进入后段；震荡市里相对走弱；v4跌破短均线,强势归纳版：这类形态历史胜率不占优，先留给更干净的强势样本。,v4
2026-05-18,601991,大唐发电,2,72417.0,10jqka,intraday_1430,2026-05-18 14:30:00,2026-05-06,9,9,1.0,-1.0,ok,2026-05-18,6.99,7.92,7.92,6.73,15176299.0,10.0,7.46,30.05,1.0,1.65,6.71,26.68,53.55,-2.34,0.0,True,False,0.0,,,,,False,,,,震荡,43.03,-0.2,-1.79,0,2026-05-18,common_index_cache,-0.09,-0.2,-0.36,-2.21,-2.32,-0.36,10.2,31.84,75.95,观察池,False,人气Top3；当日涨停附近；收在日内高位；温和放量；近5日强势延续；持续霸榜；震荡市里保持相对强势；震荡市里承接未失控；v4多头排列技术加分,短线涨幅偏高；远离20日线过多；热度可能进入后段；v4乖离率过大；v4远离短中期均线；涨停封板不可买,涨停封板不可买，放观察池跟踪,v4
2026-05-18,300433,蓝思科技,3,60019.0,10jqka,intraday_1430,2026-05-18 14:30:00,2026-05-11,5,4,13.0,10.0,ok,2026-05-18,38.0,38.0,39.42,37.01,2167465.0,-1.81,16.24,23.3,0.411,1.16,13.3,23.78,33.19,-3.6,0.589,False,False,0.0,蓝思科技:第五届董事会第十三次会议决议公告 | 蓝思科技:蓝思科技对外投资公告,董事会决议公告 | 对外项目投资 | 蓝思科技:第五届董事会第十三次会议决议公告 | 蓝思科技:蓝思科技对外投资公告,,,False,,,,震荡,43.03,-0.2,-1.79,0,2026-05-18,common_index_cache,-0.09,-0.2,-0.36,-2.21,-2.32,-0.36,-1.61,25.09,33.3,不推送,False,人气Top3；温和放量；近5日趋势升温；连续上榜确认；人气排名明显上升；震荡市里保持相对强势；v4多头排列技术加分,当日转弱；收盘承接偏弱；偏离20日线较大；v4乖离率过大；v4远离短中期均线；v4长上影承接转弱,强势归纳版：这类形态历史胜率不占优，先留给更干净的强势样本。,v4
2026-05-18,002081,金螳螂,4,55914.0,10jqka,intraday_1430,2026-05-18 14:30:00,2026-05-06,9,9,6.0,2.0,ok,2026-05-18,6.75,6.89,7.33,6.46,4022025.0,-2.55,-12.56,-4.97,0.494,0.71,-10.59,-4.45,17.1,-19.88,0.506,False,False,0.0,金螳螂:2026年5月18日投资者关系活动记录表,调研活动 | 金螳螂:2026年5月18日投资者关系活动记录表,,,True,,,,震荡,43.03,-0.2,-1.79,0,2026-05-18,common_index_cache,-0.09,-0.2,-0.36,-2.21,-2.32,-0.36,-2.35,-3.18,3.4,不推送,False,人气Top10；站上20日线且不过热；持续霸榜；v4龙虎榜提示关注,当日转弱；近5日趋势未确认；热度可能进入后段；震荡市里相对走弱；v4长上影承接转弱；v4跌破短均线,强势归纳版：这类形态历史胜率不占优，先留给更干净的强势样本。,v4
2026-05-18,002031,巨轮智能,5,49412.0,10jqka,intraday_1430,2026-05-18 14:30:00,2026-05-14,3,3,7.0,2.0,ok,2026-05-18,7.93,8.28,8.53,7.86,4046351.0,1.22,13.58,14.05,0.627,1.12,6.67,16.46,26.66,-2.93,0.373,False,False,0.0,,,,,True,,,,震荡,43.03,-0.2,-1.79,0,2026-05-18,common_index_cache,-0.09,-0.2,-0.36,-2.21,-2.32,-0.36,1.42,15.84,57.3,不推送,False,人气Top10；温和放量；近5日趋势升温；站上20日线且不过热；连续上榜确认；震荡市里保持相对强势；v4多头排列技术加分；v4龙虎榜提示关注,v4乖离率过大；v4远离短中期均线；v4长上影承接转弱,强势归纳版：这类形态历史胜率不占优，先留给更干净的强势样本。,v4
2026-05-18,600522,中天科技,6,42969.0,10jqka,intraday_1430,2026-05-18 14:30:00,2026-05-06,9,9,12.0,6.0,ok,2026-05-18,41.9,43.42,44.68,41.9,2939488.0,5.93,-0.41,-1.0,0.547,0.79,0.42,6.59,18.31,-5.98,0.453,False,False,0.0,,,,,False,,,,震荡,43.03,-0.2,-1.79,0,2026-05-18,common_index_cache,-0.09,-0.2,-0.36,-2.21,-2.32,-0.36,6.13,0.79,35.3,不推送,False,人气Top10；当日上涨；站上20日线且不过热；持续霸榜；震荡市里保持相对强势；v4多头排列技术加分,近5日趋势未确认；热度可能进入后段；上影线偏长；v4长上影承接转弱；v4正涨但收盘承接一般,强势归纳版：这类形态历史胜率不占优，先留给更干净的强势样本。,v4
2026-05-18,600396,华电辽能,7,42009.0,10jqka,intraday_1430,2026-05-18 14:30:00,2026-05-06,9,9,2.0,-5.0,ok,2026-05-18,14.15,16.05,16.9,14.15,2543905.0,2.29,-3.08,17.32,0.691,0.89,-1.81,14.09,39.6,-11.57,0.309,False,False,0.0,,,,,False,,,,震荡,43.03,-0.2,-1.79,0,2026-05-18,common_index_cache,-0.09,-0.2,-0.36,-2.21,-2.32,-0.36,2.49,19.11,47.3,不推送,False,人气Top10；温和放量；近5日趋势升温；持续霸榜；震荡市里保持相对强势,偏离20日线较大；热度可能进入后段；v4远离短中期均线,强势归纳版：这类形态历史胜率不占优，先留给更干净的强势样本。,v4
2026-05-18,002181,粤传媒,8,41827.0,10jqka,intraday_1430,2026-05-18 14:30:00,2026-05-06,7,2,65.0,57.0,ok,2026-05-18,16.37,15.95,16.73,15.95,999234.0,-9.99,-10.89,-16.32,0.0,0.97,-11.48,-11.81,0.13,-20.25,0.462,False,False,0.0,,,,,True,,,,震荡,43.03,-0.2,-1.79,0,2026-05-18,common_index_cache,-0.09,-0.2,-0.36,-2.21,-2.32,-0.36,-9.79,-14.53,13.4,不推送,False,人气Top10；温和放量；站上20日线且不过热；连续上榜确认；人气排名明显上升；v4龙虎榜提示关注,当日转弱；收盘承接偏弱；近5日趋势未确认；震荡市里相对走弱；v4长上影承接转弱；v4跌破短均线,强势归纳版：这类形态历史胜率不占优，先留给更干净的强势样本。,v4
2026-05-18,002407,多氟多,9,40614.0,10jqka,intraday_1430,2026-05-18 14:30:00,2026-05-06,6,2,10.0,1.0,ok,2026-05-18,37.02,36.97,37.99,36.04,1549300.0,-2.17,7.97,4.2,0.477,1.32,5.54,3.39,8.91,-5.21,0.497,False,False,0.0,,,,,True,,,,震荡,43.03,-0.2,-1.79,0,2026-05-18,common_index_cache,-0.09,-0.2,-0.36,-2.21,-2.32,-0.36,-1.97,5.99,31.3,不推送,False,人气Top10；温和放量；站上20日线且不过热；连续上榜确认；震荡市里保持相对强势；v4龙虎榜提示关注,当日转弱；v4乖离率过大；v4长上影承接转弱,强势归纳版：这类形态历史胜率不占优，先留给更干净的强势样本。,v4
2026-05-18,603986,兆易创新,10,40132.0,10jqka,intraday_1430,2026-05-18 14:30:00,2026-05-06,7,2,22.0,12.0,ok,2026-05-18,390.0,403.12,410.0,380.02,511684.0,0.78,10.44,11.32,0.771,1.02,8.76,13.34,22.8,-1.68,0.229,False,False,0.0,,,,,False,,,,震荡,43.03,-0.2,-1.79,0,2026-05-18,common_index_cache,-0.09,-0.2,-0.36,-2.21,-2.32,-0.36,0.98,13.11,76.95,不推送,False,人气Top10；收盘承接较强；温和放量；近5日趋势升温；站上20日线且不过热；连续上榜确认；人气排名明显上升；震荡市里保持相对强势；震荡市里承接未失控；v4多头排列技术加分,v4乖离率过大；v4远离短中期均线,强势归纳版：这类形态历史胜率不占优，先留给更干净的强势样本。,v4
2026-05-18,600759,ST洲际,11,38916.0,10jqka,intraday_1430,2026-05-18 14:30:00,2026-05-06,6,2,42.0,31.0,ok,2026-05-18,2.8,2.8,2.8,2.8,47905.0,-5.08,-18.6,-26.51,1.0,0.77,-13.79,-25.11,-37.24,-69.2,,False,False,0.0,,,,,False,,,,震荡,43.03,-0.2,-1.79,0,2026-05-18,common_index_cache,-0.09,-0.2,-0.36,-2.21,-2.32,-0.36,-4.88,-24.72,7.4,不推送,False,人气Top20；收在日内高位；连续上榜确认；人气排名明显上升,当日转弱；近5日趋势未确认；仍在20日线下方；震荡市里相对走弱；v4跌破短均线,强势归纳版：这类形态历史胜率不占优，先留给更干净的强势样本。,v4
2026-05-18,001365,天海电子,12,35005.0,10jqka,intraday_1430,2026-05-18 14:30:00,2026-05-18,1,1,,,ok,2026-05-18,81.0,69.91,82.88,61.02,377001.0,157.12,,,0.407,,0.0,0.0,0.0,-15.65,0.086,True,False,0.0,天海电子:天海汽车电子集团股份有限公司上市首日风险提示公告,风险提示性公告 | 天海电子:天海汽车电子集团股份有限公司上市首日风险提示公告,,,True,,,,震荡,43.03,-0.2,-1.79,0,2026-05-18,common_index_cache,-0.09,-0.2,-0.36,-2.21,-2.32,-0.36,157.32,,34.3,观察池,False,人气Top20；当日涨停附近；站上20日线且不过热；首次上榜即强势；震荡市里保持相对强势；v4龙虎榜提示关注,收盘承接偏弱；v4正涨但收盘承接一般；v4事件谨慎扣分（风险提示）；涨停封板不可买,涨停封板不可买，放观察池跟踪,v4
2026-05-18,002208,合肥城建,13,34878.0,10jqka,intraday_1430,2026-05-18 14:30:00,2026-05-15,2,2,78.0,65.0,ok,2026-05-18,23.5,25.12,25.12,23.2,1891588.0,9.98,39.56,68.93,1.0,1.83,25.55,46.61,68.66,0.0,0.0,True,False,0.0,,,,,True,,,,震荡,43.03,-0.2,-1.79,0,2026-05-18,common_index_cache,-0.09,-0.2,-0.36,-2.21,-2.32,-0.36,10.18,70.72,52.95,观察池,False,人气Top20；当日涨停附近；收在日内高位；放量仍可控；连续上榜确认；人气排名明显上升；震荡市里保持相对强势；震荡市里承接未失控；v4多头排列技术加分；v4龙虎榜提示关注,短线涨幅过热；远离20日线过多；v4乖离率过大；v4远离短中期均线；涨停封板不可买,涨停封板不可买，放观察池跟踪,v4
2026-05-18,601138,工业富联,14,34055.0,10jqka,intraday_1430,2026-05-18 14:30:00,2026-05-06,9,9,11.0,-3.0,ok,2026-05-18,68.3,68.3,69.04,66.4,1718431.0,-0.99,-3.59,3.72,0.72,0.52,0.51,3.64,4.77,-7.7,0.28,False,False,0.0,,,,,False,,,,震荡,43.03,-0.2,-1.79,0,2026-05-18,common_index_cache,-0.09,-0.2,-0.36,-2.21,-2.32,-0.36,-0.79,5.51,33.3,不推送,False,人气Top20；站上20日线且不过热；持续霸榜；震荡市里保持相对强势；v4多头排列技术加分,当日转弱；热度可能进入后段,强势归纳版：这类形态历史胜率不占优，先留给更干净的强势样本。,v4
2026-05-18,600584,长电科技,15,33956.0,10jqka,intraday_1430,2026-05-18 14:30:00,2026-05-06,8,6,5.0,-10.0,ok,2026-05-18,57.47,57.92,61.96,57.01,2158301.0,-0.22,0.75,3.74,0.184,1.05,2.33,8.85,18.33,-6.52,0.816,False,False,0.0,,,,,False,,,,震荡,43.03,-0.2,-1.79,0,2026-05-18,common_index_cache,-0.09,-0.2,-0.36,-2.21,-2.32,-0.36,-0.02,5.53,25.3,不推送,False,人气Top20；温和放量；站上20日线且不过热；持续霸榜；震荡市里保持相对强势；v4多头排列技术加分；v4沿短均线抬升,当日转弱；收盘承接偏弱；热度可能进入后段；v4远离短中期均线；v4长上影承接转弱,强势归纳版：这类形态历史胜率不占优，先留给更干净的强势样本。,v4
2026-05-18,600578,京能电力,16,31875.0,10jqka,intraday_1430,2026-05-18 14:30:00,2026-05-15,2,2,8.0,-8.0,ok,2026-05-18,7.23,7.71,7.71,7.23,2395146.0,9.99,33.16,48.84,1.0,1.35,19.94,34.25,40.0,0.0,0.0,True,False,0.0,,,,,True,,,,震荡,43.03,-0.2,-1.79,0,2026-05-18,common_index_cache,-0.09,-0.2,-0.36,-2.21,-2.32,-0.36,10.19,50.63,64.95,观察池,False,人气Top20；当日涨停附近；收在日内高位；温和放量；连续上榜确认；震荡市里保持相对强势；震荡市里承接未失控；v4多头排列技术加分；v4龙虎榜提示关注,短线涨幅过热；偏离20日线较大；v4乖离率过大；v4远离短中期均线；涨停封板不可买,涨停封板不可买，放观察池跟踪,v4
2026-05-18,000988,华工科技,17,31581.0,10jqka,intraday_1430,2026-05-18 14:30:00,2026-05-06,9,9,79.0,62.0,ok,2026-05-18,137.53,147.38,147.38,137.03,669460.0,10.0,3.72,-0.12,1.0,0.7,4.52,7.77,16.27,-2.07,0.0,True,False,0.0,,,,,True,,,,震荡,43.03,-0.2,-1.79,0,2026-05-18,common_index_cache,-0.09,-0.2,-0.36,-2.21,-2.32,-0.36,10.2,1.67,79.95,观察池,False,人气Top20；当日涨停附近；收在日内高位；站上20日线且不过热；持续霸榜；人气排名明显上升；震荡市里保持相对强势；震荡市里承接未失控；v4多头排列技术加分；v4龙虎榜提示关注,近5日趋势未确认；热度可能进入后段；v4短线偏离MA5过多；涨停封板不可买,涨停封板不可买，放观察池跟踪,v4
2026-05-18,000559,万向钱潮,18,31324.0,10jqka,intraday_1430,2026-05-18 14:30:00,2026-05-08,3,2,25.0,7.0,ok,2026-05-18,17.3,18.19,18.98,17.11,1847546.0,3.94,,,0.578,,0.0,0.0,0.0,-4.16,0.422,False,False,0.0,,,8.06,8.06,False,,,,震荡,43.03,-0.2,-1.79,0,2026-05-18,common_index_cache,-0.09,-0.2,-0.36,-2.21,-2.32,-0.36,4.14,,37.3,不推送,False,人气Top20；当日上涨；站上20日线且不过热；连续上榜确认；震荡市里保持相对强势；v4主力资金强净流入,v4长上影承接转弱；v4正涨但收盘承接一般,强势归纳版：这类形态历史胜率不占优，先留给更干净的强势样本。,v4
2026-05-18,603601,再升科技,19,30461.0,10jqka,intraday_1430,2026-05-18 14:30:00,2026-05-06,8,1,61.0,42.0,ok,2026-05-18,17.95,16.8,17.99,16.66,1778896.0,-6.15,-7.03,-6.15,0.105,0.86,-1.39,-1.69,4.01,-10.4,0.03,False,False,0.0,再升科技:再升科技关于使用部分暂时闲置自有资金进行现金管理的进展公告,投资理财 | 再升科技:再升科技关于使用部分暂时闲置自有资金进行现金管理的进展公告,,,False,,,,震荡,43.03,-0.2,-1.79,0,2026-05-18,common_index_cache,-0.09,-0.2,-0.36,-2.21,-2.32,-0.36,-5.95,-4.36,1.4,不推送,False,人气Top20；温和放量；站上20日线且不过热；人气排名明显上升,当日转弱；收盘承接偏弱；近5日趋势未确认；震荡市里相对走弱；v4跌破短均线,强势归纳版：这类形态历史胜率不占优，先留给更干净的强势样本。,v4
2026-05-18,002050,三花智控,20,30395.0,10jqka,intraday_1430,2026-05-18 14:30:00,2026-05-06,9,9,3.0,-17.0,ok,2026-05-18,53.0,52.35,53.8,51.82,1290398.0,-1.08,1.65,2.23,0.268,0.72,2.14,3.75,9.18,-4.85,0.404,False,False,0.0,,,,,False,,,,震荡,43.03,-0.2,-1.79,0,2026-05-18,common_index_cache,-0.09,-0.2,-0.36,-2.21,-2.32,-0.36,-0.88,4.02,15.3,不推送,False,人气Top20；站上20日线且不过热；持续霸榜；震荡市里保持相对强势；v4多头排列技术加分,当日转弱；收盘承接偏弱；热度可能进入后段；v4长上影承接转弱,强势归纳版：这类形态历史胜率不占优，先留给更干净的强势样本。,v4
2026-05-18,002149,西部材料,21,29869.0,10jqka,intraday_1430,2026-05-18 14:30:00,2026-05-06,8,1,57.0,36.0,ok,2026-05-18,73.95,68.7,75.83,67.57,792739.0,-7.04,-8.35,-8.93,0.137,1.04,-3.52,-3.34,5.75,-12.89,0.228,False,False,0.0,,,,,False,,,,震荡,43.03,-0.2,-1.79,0,2026-05-18,common_index_cache,-0.09,-0.2,-0.36,-2.21,-2.32,-0.36,-6.84,-7.14,0.0,不推送,False,人气Top50；温和放量；站上20日线且不过热；人气排名明显上升,当日转弱；收盘承接偏弱；近5日趋势未确认；震荡市里相对走弱；v4跌破短均线,强势归纳版：这类形态历史胜率不占优，先留给更干净的强势样本。,v4
2026-05-18,300136,信维通信,22,29768.0,10jqka,intraday_1430,2026-05-18 14:30:00,2026-05-06,7,1,40.0,18.0,ok,2026-05-18,111.97,112.68,114.36,110.0,292904.0,0.83,,,0.615,,0.0,0.0,0.0,-1.47,0.385,False,False,0.0,,,,,False,,,,震荡,43.03,-0.2,-1.79,0,2026-05-18,common_index_cache,-0.09,-0.2,-0.36,-2.21,-2.32,-0.36,1.03,,17.3,不推送,False,人气Top50；站上20日线且不过热；人气排名明显上升；震荡市里保持相对强势,v4长上影承接转弱,强势归纳版：这类形态历史胜率不占优，先留给更干净的强势样本。,v4
2026-05-18,002281,光迅科技,23,29601.0,10jqka,intraday_1430,2026-05-18 14:30:00,2026-05-06,9,9,34.0,11.0,ok,2026-05-18,209.5,228.01,230.52,203.01,782376.0,8.63,15.17,14.7,0.909,0.94,10.92,22.15,46.15,-1.09,0.091,False,False,0.0,,,,,False,,,,震荡,43.03,-0.2,-1.79,0,2026-05-18,common_index_cache,-0.09,-0.2,-0.36,-2.21,-2.32,-0.36,8.83,16.49,58.95,不推送,False,人气Top50；当日强涨；收在日内高位；温和放量；近5日趋势升温；持续霸榜；人气排名明显上升；震荡市里保持相对强势；震荡市里承接未失控；v4多头排列技术加分,远离20日线过多；热度可能进入后段；v4乖离率过大；v4远离短中期均线,强势归纳版：这类形态历史胜率不占优，先留给更干净的强势样本。,v4
2026-05-18,000066,中国长城,24,28149.0,10jqka,intraday_1430,2026-05-18 14:30:00,2026-05-06,9,9,4.0,-20.0,ok,2026-05-18,20.34,20.08,20.96,19.98,2869939.0,-2.05,-20.29,-14.19,0.102,0.51,-11.78,-11.11,3.15,-21.99,0.633,False,False,0.0,,,-10.19,-10.19,False,,,,震荡,43.03,-0.2,-1.79,0,2026-05-18,common_index_cache,-0.09,-0.2,-0.36,-2.21,-2.32,-0.36,-1.85,-12.4,0.0,不推送,False,人气Top50；站上20日线且不过热；持续霸榜,当日转弱；收盘承接偏弱；近5日趋势未确认；热度可能进入后段；人气排名明显回落；震荡市里相对走弱；v4长上影承接转弱；v4跌破短均线；v4趋势未转强且热度偏后；v4主力资金强净流出,强势归纳版：这类形态历史胜率不占优，先留给更干净的强势样本。,v4
2026-05-18,600745,*ST闻泰,25,28039.0,10jqka,intraday_1430,2026-05-18 14:30:00,2026-05-06,7,4,19.0,-6.0,ok,2026-05-18,19.64,19.64,19.64,19.64,74476.0,-4.98,-4.98,-14.24,1.0,1.89,-2.16,-13.7,-24.95,-45.72,,False,False,0.0,,,,,False,,,,震荡,43.03,-0.2,-1.79,0,2026-05-18,common_index_cache,-0.09,-0.2,-0.36,-2.21,-2.32,-0.36,-4.78,-12.45,0.0,不推送,False,人气Top50；收在日内高位；放量仍可控；连续上榜确认,当日转弱；近5日趋势未确认；仍在20日线下方；震荡市里相对走弱；v4跌破短均线；v4趋势未转强且热度偏后,强势归纳版：这类形态历史胜率不占优，先留给更干净的强势样本。,v4
2026-05-18,002580,圣阳股份,26,26078.0,10jqka,intraday_1430,2026-05-18 14:30:00,2026-05-06,9,9,17.0,-9.0,ok,2026-05-18,27.05,27.36,28.0,25.49,1018662.0,3.44,-21.38,-20.16,0.745,0.78,-12.22,-11.79,-8.74,-25.04,0.255,False,False,0.0,圣阳股份:2026年5月18日2025年度业绩说明会投资者活动记录表,调研活动 | 圣阳股份:2026年5月18日2025年度业绩说明会投资者活动记录表,,,True,,,,震荡,43.03,-0.2,-1.79,0,2026-05-18,common_index_cache,-0.09,-0.2,-0.36,-2.21,-2.32,-0.36,3.64,-18.37,12.3,不推送,False,人气Top50；当日上涨；持续霸榜；震荡市里保持相对强势；v4龙虎榜活跃,近5日趋势未确认；仍在20日线下方；热度可能进入后段；v4趋势未转强且热度偏后,强势归纳版：这类形态历史胜率不占优，先留给更干净的强势样本。,v4
2026-05-18,603667,五洲新春,27,25810.0,10jqka,intraday_1430,2026-05-18 14:30:00,2026-05-15,2,2,9.0,-18.0,ok,2026-05-18,77.03,82.89,84.65,75.9,744441.0,7.72,,,0.799,,0.0,0.0,0.0,-2.08,0.201,False,False,0.0,,,,,False,,,,震荡,43.03,-0.2,-1.79,0,2026-05-18,common_index_cache,-0.09,-0.2,-0.36,-2.21,-2.32,-0.36,7.92,,54.95,不推送,False,人气Top50；当日强涨；收盘承接较强；站上20日线且不过热；连续上榜确认；震荡市里保持相对强势；震荡市里承接未失控,-,强势归纳版：这类形态历史胜率不占优，先留给更干净的强势样本。,v4
2026-05-18,000021,深科技,28,25443.0,10jqka,intraday_1430,2026-05-18 14:30:00,2026-05-13,3,1,99.0,71.0,ok,2026-05-18,35.8,37.03,37.03,35.4,931479.0,10.01,6.99,12.31,1.0,0.61,7.68,13.1,19.97,0.0,0.0,True,False,0.0,,,21.21,21.21,True,,,,震荡,43.03,-0.2,-1.79,0,2026-05-18,common_index_cache,-0.09,-0.2,-0.36,-2.21,-2.32,-0.36,10.21,14.1,80.95,观察池,False,人气Top50；当日涨停附近；收在日内高位；近5日趋势升温；站上20日线且不过热；人气排名明显上升；震荡市里保持相对强势；震荡市里承接未失控；v4多头排列技术加分；v4沿短均线抬升；v4主力资金强净流入；v4龙虎榜提示关注,v4乖离率过大；v4远离短中期均线；涨停封板不可买,涨停封板不可买，放观察池跟踪,v4
2026-05-18,002445,中南文化,29,24973.0,10jqka,intraday_1430,2026-05-18 14:30:00,2026-05-18,1,1,,,missing_price_file,,,,,,,,,,,,,,,,,,,,,,,,False,,,,震荡,43.03,-0.2,-1.79,0,2026-05-18,common_index_cache,-0.09,-0.2,-0.36,-2.21,-2.32,-0.36,,,0.0,不推送,False,人气Top50,缺少当日行情,强势归纳版：这类形态历史胜率不占优，先留给更干净的强势样本。,v4
2026-05-18,000858,五粮液,30,24912.0,10jqka,intraday_1430,2026-05-18 14:30:00,2026-05-06,8,6,44.0,14.0,ok,2026-05-18,85.8,85.8,87.25,85.41,275627.0,0.27,-3.76,-6.55,0.212,0.7,-2.8,-5.43,-10.48,-21.42,0.788,False,False,0.0,,,-13.34,-13.34,False,,,,震荡,43.03,-0.2,-1.79,0,2026-05-18,common_index_cache,-0.09,-0.2,-0.36,-2.21,-2.32,-0.36,0.47,-4.76,0.0,不推送,False,人气Top50；持续霸榜；人气排名明显上升,收盘承接偏弱；近5日趋势未确认；仍在20日线下方；热度可能进入后段；上影线偏长；震荡市里相对走弱；v4长上影承接转弱；v4正涨但收盘承接一般；v4趋势未转强且热度偏后；v4主力资金强净流出；v4拉升但资金未跟随,强势归纳版：这类形态历史胜率不占优，先留给更干净的强势样本。,v4
2026-05-18,002131,利欧股份,31,23642.0,10jqka,intraday_1430,2026-05-18 14:30:00,2026-05-06,3,1,90.0,59.0,ok,2026-05-18,6.82,7.41,7.59,6.74,10295252.0,7.39,8.33,6.47,0.788,2.84,8.71,8.24,2.95,-24.16,0.212,False,False,0.0,,,,,False,,,,震荡,43.03,-0.2,-1.79,0,2026-05-18,common_index_cache,-0.09,-0.2,-0.36,-2.21,-2.32,-0.36,7.59,8.26,34.95,不推送,False,人气Top50；当日强涨；收盘承接较强；近5日趋势升温；站上20日线且不过热；人气排名明显上升；震荡市里保持相对强势；震荡市里承接未失控,v4乖离率过大；v4远离短中期均线；v4放量冲高过热,强势归纳版：这类形态历史胜率不占优，先留给更干净的强势样本。,v4
2026-05-18,002384,东山精密,32,23048.0,10jqka,intraday_1430,2026-05-18 14:30:00,2026-05-06,9,9,50.0,18.0,ok,2026-05-18,206.0,220.75,224.5,198.0,1019805.0,4.5,0.0,1.12,0.858,1.16,2.27,5.19,14.6,-4.02,0.142,False,False,0.0,,,,,False,,,,震荡,43.03,-0.2,-1.79,0,2026-05-18,common_index_cache,-0.09,-0.2,-0.36,-2.21,-2.32,-0.36,4.7,2.91,72.95,不推送,False,人气Top50；当日上涨；收盘承接较强；温和放量；站上20日线且不过热；持续霸榜；人气排名明显上升；震荡市里保持相对强势；震荡市里承接未失控；v4多头排列技术加分,热度可能进入后段,强势归纳版：这类形态历史胜率不占优，先留给更干净的强势样本。,v4
2026-05-18,002196,方正电机,33,22513.0,10jqka,intraday_1430,2026-05-18 14:30:00,2026-05-15,2,2,57.0,24.0,ok,2026-05-18,16.24,17.04,17.77,15.96,1151710.0,5.45,16.71,15.68,0.597,2.44,12.91,15.12,17.59,-7.89,0.403,False,False,0.0,,,,,True,,,,震荡,43.03,-0.2,-1.79,0,2026-05-18,common_index_cache,-0.09,-0.2,-0.36,-2.21,-2.32,-0.36,5.65,17.47,47.3,不推送,False,人气Top50；当日上涨；放量仍可控；近5日趋势升温；站上20日线且不过热；连续上榜确认；人气排名明显上升；震荡市里保持相对强势；v4多头排列技术加分；v4龙虎榜提示关注,v4乖离率过大；v4远离短中期均线；v4长上影承接转弱,强势归纳版：这类形态历史胜率不占优，先留给更干净的强势样本。,v4
2026-05-18,002929,润建股份,34,21910.0,10jqka,intraday_1430,2026-05-18 14:30:00,2026-05-07,6,5,37.0,3.0,ok,2026-05-18,92.2,97.23,100.09,91.33,366135.0,1.29,10.77,25.22,0.674,0.8,9.32,22.14,41.67,-2.86,0.326,False,False,0.0,,,,,False,,,,震荡,43.03,-0.2,-1.79,0,2026-05-18,common_index_cache,-0.09,-0.2,-0.36,-2.21,-2.32,-0.36,1.49,27.01,24.3,不推送,False,人气Top50；温和放量；近5日强势延续；持续霸榜；震荡市里保持相对强势；v4多头排列技术加分,短线涨幅偏高；偏离20日线较大；热度可能进入后段；v4乖离率过大；v4远离短中期均线,强势归纳版：这类形态历史胜率不占优，先留给更干净的强势样本。,v4
2026-05-18,300058,蓝色光标,35,21535.0,10jqka,intraday_1430,2026-05-18 14:30:00,2026-05-06,8,7,59.0,24.0,ok,2026-05-18,17.73,18.54,19.0,17.53,4510668.0,3.58,-1.59,-2.06,0.687,0.95,2.32,1.48,2.09,-10.39,0.313,False,False,0.0,,,,,False,,,,震荡,43.03,-0.2,-1.79,0,2026-05-18,common_index_cache,-0.09,-0.2,-0.36,-2.21,-2.32,-0.36,3.78,-0.27,41.3,不推送,False,人气Top50；当日上涨；温和放量；站上20日线且不过热；持续霸榜；人气排名明显上升；震荡市里保持相对强势,近5日趋势未确认；热度可能进入后段；v4趋势未转强且热度偏后,强势归纳版：这类形态历史胜率不占优，先留给更干净的强势样本。,v4
2026-05-18,603278,大业股份,36,21060.0,10jqka,intraday_1430,2026-05-18 14:30:00,2026-05-11,4,2,53.0,17.0,ok,2026-05-18,14.8,16.96,16.96,14.8,758067.0,9.99,,,1.0,,0.0,0.0,0.0,0.0,0.0,True,False,0.0,,,,,True,,,,震荡,43.03,-0.2,-1.79,0,2026-05-18,common_index_cache,-0.09,-0.2,-0.36,-2.21,-2.32,-0.36,10.19,,72.95,观察池,False,人气Top50；当日涨停附近；收在日内高位；站上20日线且不过热；连续上榜确认；人气排名明显上升；震荡市里保持相对强势；震荡市里承接未失控；v4龙虎榜提示关注,涨停封板不可买,涨停封板不可买，放观察池跟踪,v4
2026-05-18,601899,紫金矿业,37,20910.0,10jqka,intraday_1430,2026-05-18 14:30:00,2026-05-06,8,3,55.0,18.0,ok,2026-05-18,32.99,31.78,33.0,31.5,4099430.0,-5.19,-8.31,-7.27,0.187,1.16,-4.5,-5.81,-6.92,-22.3,0.007,False,False,0.0,,,,,False,,,,震荡,43.03,-0.2,-1.79,0,2026-05-18,common_index_cache,-0.09,-0.2,-0.36,-2.21,-2.32,-0.36,-4.99,-5.48,0.0,不推送,False,人气Top50；温和放量；连续上榜确认；人气排名明显上升,当日转弱；收盘承接偏弱；近5日趋势未确认；仍在20日线下方；震荡市里相对走弱；v4跌破短均线；v4趋势未转强且热度偏后,强势归纳版：这类形态历史胜率不占优，先留给更干净的强势样本。,v4
2026-05-18,301666,大普微,38,20865.0,10jqka,intraday_1430,2026-05-18 14:30:00,2026-05-06,6,1,10.0,-28.0,ok,2026-05-18,416.93,499.0,508.5,416.93,92238.0,15.43,,,0.896,,0.0,0.0,0.0,-1.87,0.104,True,False,0.0,,,,,True,,,,震荡,43.03,-0.2,-1.79,0,2026-05-18,common_index_cache,-0.09,-0.2,-0.36,-2.21,-2.32,-0.36,15.63,,50.95,观察池,False,人气Top50；当日涨停附近；收盘承接较强；站上20日线且不过热；震荡市里保持相对强势；震荡市里承接未失控；v4龙虎榜提示关注,人气排名明显回落；涨停封板不可买,涨停封板不可买，放观察池跟踪,v4
2026-05-18,002714,牧原股份,39,20594.0,10jqka,intraday_1430,2026-05-18 14:30:00,2026-05-18,1,1,,,missing_price_file,,,,,,,,,,,,,,,,,,,,,,,,False,,,,震荡,43.03,-0.2,-1.79,0,2026-05-18,common_index_cache,-0.09,-0.2,-0.36,-2.21,-2.32,-0.36,,,0.0,不推送,False,人气Top50,缺少当日行情,强势归纳版：这类形态历史胜率不占优，先留给更干净的强势样本。,v4
2026-05-18,002297,博云新材,40,18997.0,10jqka,intraday_1430,2026-05-18 14:30:00,2026-05-06,9,9,47.0,7.0,ok,2026-05-18,25.0,24.05,25.29,23.23,1154268.0,-5.24,-8.03,-4.37,0.398,0.75,-3.85,-3.48,6.29,-11.71,0.141,False,False,0.0,,,,,True,,,,震荡,43.03,-0.2,-1.79,0,2026-05-18,common_index_cache,-0.09,-0.2,-0.36,-2.21,-2.32,-0.36,-5.04,-2.58,0.0,不推送,False,人气Top50；站上20日线且不过热；持续霸榜；v4龙虎榜提示关注,当日转弱；收盘承接偏弱；近5日趋势未确认；热度可能进入后段；震荡市里相对走弱；v4跌破短均线；v4趋势未转强且热度偏后,强势归纳版：这类形态历史胜率不占优，先留给更干净的强势样本。,v4
2026-05-18,603629,利通电子,41,18722.0,10jqka,intraday_1430,2026-05-18 14:30:00,2026-05-06,9,9,46.0,5.0,ok,2026-05-18,170.0,175.1,175.93,166.5,220668.0,0.3,1.38,7.54,0.912,0.57,3.58,6.95,27.8,-3.53,0.088,False,False,0.0,,,,,False,,,,震荡,43.03,-0.2,-1.79,0,2026-05-18,common_index_cache,-0.09,-0.2,-0.36,-2.21,-2.32,-0.36,0.5,9.33,55.95,不推送,False,人气Top50；收在日内高位；近5日趋势升温；站上20日线且不过热；持续霸榜；震荡市里保持相对强势；震荡市里承接未失控；v4多头排列技术加分；v4沿短均线抬升,热度可能进入后段；v4短线偏离MA5过多；v4远离短中期均线,强势归纳版：这类形态历史胜率不占优，先留给更干净的强势样本。,v4
2026-05-18,002185,华天科技,42,18488.0,10jqka,intraday_1430,2026-05-18 14:30:00,2026-05-06,7,2,61.0,19.0,ok,2026-05-18,14.5,15.18,15.44,14.23,2948639.0,3.34,3.76,2.99,0.785,1.17,4.26,6.94,13.04,-1.68,0.215,False,False,0.0,,,,,False,,,,震荡,43.03,-0.2,-1.79,0,2026-05-18,common_index_cache,-0.09,-0.2,-0.36,-2.21,-2.32,-0.36,3.54,4.78,71.95,不推送,False,人气Top50；当日上涨；收盘承接较强；温和放量；站上20日线且不过热；连续上榜确认；人气排名明显上升；震荡市里保持相对强势；震荡市里承接未失控；v4多头排列技术加分,v4短线偏离MA5过多,强势归纳版：这类形态历史胜率不占优，先留给更干净的强势样本。,v4
2026-05-18,002421,达实智能,43,18354.0,10jqka,intraday_1430,2026-05-18 14:30:00,2026-05-18,1,1,,,ok,2026-05-18,3.88,3.88,3.88,3.88,608447.0,9.92,28.05,28.05,1.0,0.62,21.33,25.4,31.13,0.0,0.0,True,True,0.0,,,,,True,,,,震荡,43.03,-0.2,-1.79,0,2026-05-18,common_index_cache,-0.09,-0.2,-0.36,-2.21,-2.32,-0.36,10.12,29.84,41.95,观察池,False,人气Top50；当日涨停附近；收在日内高位；近5日强势延续；震荡市里保持相对强势；震荡市里承接未失控；v4多头排列技术加分；v4龙虎榜提示关注,短线涨幅偏高；偏离20日线较大；一字或近似一字，参与点差；v4乖离率过大；v4远离短中期均线；一字板不可买,一字板不可买，放观察池跟踪,v4
2026-05-18,601689,拓普集团,44,18288.0,10jqka,intraday_1430,2026-05-18 14:30:00,2026-05-15,2,2,14.0,-30.0,ok,2026-05-18,64.2,67.06,68.83,63.88,661218.0,4.02,,,0.642,,0.0,0.0,0.0,-2.57,0.358,False,False,0.0,,,,,False,,,,震荡,43.03,-0.2,-1.79,0,2026-05-18,common_index_cache,-0.09,-0.2,-0.36,-2.21,-2.32,-0.36,4.22,,25.3,不推送,False,人气Top50；当日上涨；站上20日线且不过热；连续上榜确认；震荡市里保持相对强势,人气排名明显回落；v4长上影承接转弱,强势归纳版：这类形态历史胜率不占优，先留给更干净的强势样本。,v4
2026-05-18,600487,亨通光电,45,18225.0,10jqka,intraday_1430,2026-05-18 14:30:00,2026-05-06,9,9,29.0,-16.0,ok,2026-05-18,69.01,71.5,72.95,69.01,1188474.0,2.44,-5.21,-4.65,0.632,0.68,-2.28,-2.26,4.16,-10.51,0.368,False,False,0.0,亨通光电:投资者关系活动会议纪要20260515,调研活动 | 亨通光电:投资者关系活动会议纪要20260515,,,False,,,,震荡,43.03,-0.2,-1.79,0,2026-05-18,common_index_cache,-0.09,-0.2,-0.36,-2.21,-2.32,-0.36,2.64,-2.86,9.3,不推送,False,人气Top50；站上20日线且不过热；持续霸榜；震荡市里保持相对强势,近5日趋势未确认；热度可能进入后段；v4长上影承接转弱；v4趋势未转强且热度偏后,强势归纳版：这类形态历史胜率不占优，先留给更干净的强势样本。,v4
2026-05-18,688808,联讯仪器,46,18086.0,10jqka,intraday_1430,2026-05-18 14:30:00,2026-05-18,1,1,,,missing_price_file,,,,,,,,,,,,,,,,,,,,,,,,False,,,,震荡,43.03,-0.2,-1.79,0,2026-05-18,common_index_cache,-0.09,-0.2,-0.36,-2.21,-2.32,-0.36,,,0.0,不推送,False,人气Top50,缺少当日行情,强势归纳版：这类形态历史胜率不占优，先留给更干净的强势样本。,v4
2026-05-18,002491,通鼎互联,47,17874.0,10jqka,intraday_1430,2026-05-18 14:30:00,2026-05-07,6,1,63.0,16.0,ok,2026-05-18,22.88,23.76,24.85,22.65,1695294.0,5.18,-11.84,4.53,0.505,0.91,-3.38,9.0,24.47,-13.44,0.495,False,False,0.0,,,,,False,,,,震荡,43.03,-0.2,-1.79,0,2026-05-18,common_index_cache,-0.09,-0.2,-0.36,-2.21,-2.32,-0.36,5.38,6.32,17.3,不推送,False,人气Top50；当日上涨；温和放量；站上20日线且不过热；人气排名明显上升；震荡市里保持相对强势,上影线偏长；v4远离短中期均线；v4长上影承接转弱；v4正涨但收盘承接一般,强势归纳版：这类形态历史胜率不占优，先留给更干净的强势样本。,v4
2026-05-18,001393,维通利,48,17575.0,10jqka,intraday_1430,2026-05-18 14:30:00,2026-05-15,2,2,16.0,-32.0,ok,2026-05-18,100.0,97.0,107.0,91.0,200990.0,-19.62,,,0.375,,0.0,0.0,0.0,-9.35,0.438,False,False,0.0,,,,,False,,,,震荡,43.03,-0.2,-1.79,0,2026-05-18,common_index_cache,-0.09,-0.2,-0.36,-2.21,-2.32,-0.36,-19.42,,0.0,不推送,False,人气Top50；站上20日线且不过热；连续上榜确认,当日转弱；收盘承接偏弱；人气排名明显回落；震荡市里相对走弱；v4长上影承接转弱,强势归纳版：这类形态历史胜率不占优，先留给更干净的强势样本。,v4
2026-05-18,002506,协鑫集成,49,17368.0,10jqka,intraday_1430,2026-05-18 14:30:00,2026-05-14,3,3,20.0,-29.0,ok,2026-05-18,4.4,4.37,4.48,4.31,1855350.0,0.46,,,0.353,,0.0,0.0,0.0,-2.46,0.471,False,False,0.0,,,,,False,,,,震荡,43.03,-0.2,-1.79,0,2026-05-18,common_index_cache,-0.09,-0.2,-0.36,-2.21,-2.32,-0.36,0.66,,0.0,不推送,False,人气Top50；站上20日线且不过热；连续上榜确认,收盘承接偏弱；人气排名明显回落；上影线偏长；v4长上影承接转弱；v4正涨但收盘承接一般；v4趋势未转强且热度偏后,强势归纳版：这类形态历史胜率不占优，先留给更干净的强势样本。,v4
2026-05-18,600667,太极实业,50,17307.0,10jqka,intraday_1430,2026-05-18 14:30:00,2026-05-12,3,1,52.0,2.0,ok,2026-05-18,12.88,12.67,12.99,12.55,884508.0,-3.21,,,0.273,,0.0,0.0,0.0,-2.46,0.25,False,False,0.0,,,,,False,,,,震荡,43.03,-0.2,-1.79,0,2026-05-18,common_index_cache,-0.09,-0.2,-0.36,-2.21,-2.32,-0.36,-3.01,,0.0,不推送,False,人气Top50；站上20日线且不过热,当日转弱；收盘承接偏弱；震荡市里相对走弱,强势归纳版：这类形态历史胜率不占优，先留给更干净的强势样本。,v4
2026-05-18,002600,领益智造,51,17160.0,10jqka,intraday_1430,2026-05-18 14:30:00,2026-05-08,4,3,15.0,-36.0,ok,2026-05-18,17.26,16.95,17.43,16.43,3619160.0,0.06,10.42,11.37,0.52,1.06,5.23,10.44,14.57,-5.1,0.17,False,False,0.0,,,,,False,,,,震荡,43.03,-0.2,-1.79,0,2026-05-18,common_index_cache,-0.09,-0.2,-0.36,-2.21,-2.32,-0.36,0.26,13.16,23.65,不推送,False,温和放量；近5日趋势升温；站上20日线且不过热；连续上榜确认；震荡市里保持相对强势；v4多头排列技术加分,人气排名明显回落；后段人气股在偏弱环境里更谨慎；v4乖离率过大；v4远离短中期均线；v4正涨但收盘承接一般,强势归纳版：这类形态历史胜率不占优，先留给更干净的强势样本。,v4
2026-05-18,002475,立讯精密,52,17067.0,10jqka,intraday_1430,2026-05-18 14:30:00,2026-05-06,9,9,71.0,19.0,ok,2026-05-18,72.05,71.87,72.71,70.04,1239518.0,-1.41,-10.33,-5.51,0.685,0.56,-5.09,-1.49,3.15,-12.12,0.247,False,False,0.0,,,,,False,,,,震荡,43.03,-0.2,-1.79,0,2026-05-18,common_index_cache,-0.09,-0.2,-0.36,-2.21,-2.32,-0.36,-1.21,-3.72,0.0,不推送,False,站上20日线且不过热；持续霸榜；人气排名明显上升,当日转弱；近5日趋势未确认；热度可能进入后段；震荡市里相对走弱；后段人气股在偏弱环境里更谨慎；v4跌破短均线；v4趋势未转强且热度偏后,强势归纳版：这类形态历史胜率不占优，先留给更干净的强势样本。,v4
2026-05-18,601778,晶科科技,53,17031.0,10jqka,intraday_1430,2026-05-18 14:30:00,2026-05-06,9,9,28.0,-25.0,ok,2026-05-18,7.41,7.36,7.53,7.17,4355477.0,-0.81,3.08,0.82,0.528,0.65,2.0,2.45,5.0,-6.6,0.333,False,False,0.0,,,,,False,,,,震荡,43.03,-0.2,-1.79,0,2026-05-18,common_index_cache,-0.09,-0.2,-0.36,-2.21,-2.32,-0.36,-0.61,2.61,11.65,不推送,False,站上20日线且不过热；持续霸榜；震荡市里保持相对强势；v4多头排列技术加分,当日转弱；热度可能进入后段；人气排名明显回落；后段人气股在偏弱环境里更谨慎,强势归纳版：这类形态历史胜率不占优，先留给更干净的强势样本。,v4
2026-05-18,600105,永鼎股份,54,16907.0,10jqka,intraday_1430,2026-05-18 14:30:00,2026-05-07,8,8,51.0,-3.0,ok,2026-05-18,50.7,50.85,50.97,47.93,976953.0,-1.36,-1.89,-1.07,0.961,0.57,-2.4,2.64,8.29,-9.82,0.039,False,False,0.0,永鼎股份:20260518永鼎股份投资者关系活动记录表(2025年度暨2026年第一季度业绩暨现金分红说明会),调研活动 | 永鼎股份:20260518永鼎股份投资者关系活动记录表(2025年度暨2026年第一季度业绩暨现金分红说明会),,,False,,,,震荡,43.03,-0.2,-1.79,0,2026-05-18,common_index_cache,-0.09,-0.2,-0.36,-2.21,-2.32,-0.36,-1.16,0.72,1.75,不推送,False,收在日内高位；站上20日线且不过热；持续霸榜,当日转弱；近5日趋势未确认；热度可能进入后段；震荡市里相对走弱；后段人气股在偏弱环境里更谨慎；v4趋势未转强且热度偏后,强势归纳版：这类形态历史胜率不占优，先留给更干净的强势样本。,v4
2026-05-18,300657,弘信电子,55,16612.0,10jqka,intraday_1430,2026-05-18 14:30:00,2026-05-18,1,1,,,ok,2026-05-18,48.01,52.08,52.08,48.01,843763.0,20.0,32.79,34.75,1.0,1.75,28.31,32.05,38.84,0.0,0.0,True,False,0.0,6-1发行人最近一年的财务报告及其审计报告以及最近一期的财务报告(申报稿)(厦门弘信电子科技集团股份有限公司),创业板再融资审计报告申报稿 | 6-1发行人最近一年的财务报告及其审计报告以及最近一期的财务报告(申报稿)(厦门弘信电子科技集团股份有限公司),,,True,,,,震荡,43.03,-0.2,-1.79,0,2026-05-18,common_index_cache,-0.09,-0.2,-0.36,-2.21,-2.32,-0.36,20.2,36.54,52.3,观察池,False,当日涨停附近；收在日内高位；温和放量；近5日强势延续；震荡市里保持相对强势；震荡市里承接未失控；v4多头排列技术加分；v4龙虎榜提示关注,短线涨幅偏高；偏离20日线较大；后段人气股在偏弱环境里更谨慎；v4乖离率过大；v4远离短中期均线；涨停封板不可买,涨停封板不可买，放观察池跟踪,v4
2026-05-18,000767,晋控电力,56,16503.0,10jqka,intraday_1430,2026-05-18 14:30:00,2026-05-13,4,4,27.0,-29.0,ok,2026-05-18,4.7,4.88,5.08,4.38,4557262.0,3.83,-4.69,15.37,0.714,1.27,0.62,8.98,15.57,-13.17,0.286,False,False,0.0,,,3.99,3.99,False,,,,震荡,43.03,-0.2,-1.79,0,2026-05-18,common_index_cache,-0.09,-0.2,-0.36,-2.21,-2.32,-0.36,4.03,17.16,59.65,不推送,False,当日上涨；温和放量；近5日趋势升温；站上20日线且不过热；连续上榜确认；震荡市里保持相对强势；v4多头排列技术加分；v4主力资金强净流入,人气排名明显回落；后段人气股在偏弱环境里更谨慎；v4远离短中期均线,强势归纳版：这类形态历史胜率不占优，先留给更干净的强势样本。,v4
2026-05-18,002361,神剑股份,57,16270.0,10jqka,intraday_1430,2026-05-18 14:30:00,2026-05-06,9,9,33.0,-24.0,ok,2026-05-18,18.74,18.39,19.0,17.7,1509871.0,-2.75,-11.03,-17.35,0.531,0.69,-5.15,-10.05,-11.5,-23.22,0.2,False,False,0.0,,,,,False,,,,震荡,43.03,-0.2,-1.79,0,2026-05-18,common_index_cache,-0.09,-0.2,-0.36,-2.21,-2.32,-0.36,-2.55,-15.56,0.0,不推送,False,持续霸榜,当日转弱；近5日趋势未确认；仍在20日线下方；热度可能进入后段；人气排名明显回落；震荡市里相对走弱；后段人气股在偏弱环境里更谨慎；v4跌破短均线；v4趋势未转强且热度偏后,强势归纳版：这类形态历史胜率不占优，先留给更干净的强势样本。,v4
2026-05-18,603019,中科曙光,58,16229.0,10jqka,intraday_1430,2026-05-18 14:30:00,2026-05-06,6,1,90.0,32.0,ok,2026-05-18,98.0,96.82,98.18,96.38,150726.0,-1.9,,,0.244,,0.0,0.0,0.0,-1.39,0.1,False,False,0.0,,,,,False,,,,震荡,43.03,-0.2,-1.79,0,2026-05-18,common_index_cache,-0.09,-0.2,-0.36,-2.21,-2.32,-0.36,-1.7,,0.0,不推送,False,站上20日线且不过热；人气排名明显上升,当日转弱；收盘承接偏弱；震荡市里相对走弱；后段人气股在偏弱环境里更谨慎,强势归纳版：这类形态历史胜率不占优，先留给更干净的强势样本。,v4
2026-05-18,600158,中体产业,59,16176.0,10jqka,intraday_1430,2026-05-18 14:30:00,2026-05-07,2,1,64.0,5.0,ok,2026-05-18,12.12,11.99,12.49,11.81,1507525.0,-8.61,-12.67,-10.99,0.265,1.38,-12.21,-9.65,-0.49,-19.48,0.544,False,False,0.0,,,,,True,,,,震荡,43.03,-0.2,-1.79,0,2026-05-18,common_index_cache,-0.09,-0.2,-0.36,-2.21,-2.32,-0.36,-8.41,-9.2,0.0,不推送,False,温和放量；v4龙虎榜提示关注,当日转弱；收盘承接偏弱；近5日趋势未确认；震荡市里相对走弱；后段人气股在偏弱环境里更谨慎；v4长上影承接转弱；v4跌破短均线,强势归纳版：这类形态历史胜率不占优，先留给更干净的强势样本。,v4
2026-05-18,002709,天赐材料,60,16137.0,10jqka,intraday_1430,2026-05-18 14:30:00,2026-05-06,9,9,39.0,-21.0,ok,2026-05-18,56.22,55.43,57.27,54.5,897296.0,-3.67,-4.3,-6.93,0.336,0.74,-2.75,-6.09,-0.24,-14.7,0.379,False,False,0.0,,,,,False,,,,震荡,43.03,-0.2,-1.79,0,2026-05-18,common_index_cache,-0.09,-0.2,-0.36,-2.21,-2.32,-0.36,-3.47,-5.14,0.0,不推送,False,持续霸榜,当日转弱；收盘承接偏弱；近5日趋势未确认；热度可能进入后段；人气排名明显回落；震荡市里相对走弱；后段人气股在偏弱环境里更谨慎；v4长上影承接转弱；v4跌破短均线；v4趋势未转强且热度偏后,强势归纳版：这类形态历史胜率不占优，先留给更干净的强势样本。,v4
2026-05-18,300476,胜宏科技,61,16124.0,10jqka,intraday_1430,2026-05-18 14:30:00,2026-05-07,7,3,96.0,35.0,ok,2026-05-18,388.0,361.2,390.0,357.78,644425.0,-6.76,,,0.106,,0.0,0.0,0.0,-7.38,0.062,False,False,0.0,胜宏科技:关于稳定价格行动、稳定价格期结束的公告,其他 | 胜宏科技:关于稳定价格行动、稳定价格期结束的公告,,,False,,,,震荡,43.03,-0.2,-1.79,0,2026-05-18,common_index_cache,-0.09,-0.2,-0.36,-2.21,-2.32,-0.36,-6.56,,0.0,不推送,False,站上20日线且不过热；连续上榜确认；人气排名明显上升,当日转弱；收盘承接偏弱；震荡市里相对走弱；后段人气股在偏弱环境里更谨慎；v4趋势未转强且热度偏后,强势归纳版：这类形态历史胜率不占优，先留给更干净的强势样本。,v4
2026-05-18,920096,嘉晨智能,62,16106.0,10jqka,intraday_1430,2026-05-18 14:30:00,2026-05-18,1,1,,,ok,2026-05-18,70.0,101.32,110.01,70.0,145913.0,602.15,,,0.783,,0.0,0.0,0.0,-7.9,0.217,True,False,0.0,关于N嘉晨(920096)盘中临时停牌的公告,交易所停复牌公告 | 关于N嘉晨(920096)盘中临时停牌的公告,,,False,,,,震荡,43.03,-0.2,-1.79,0,2026-05-18,common_index_cache,-0.09,-0.2,-0.36,-2.21,-2.32,-0.36,602.35,,43.3,观察池,False,当日涨停附近；收盘承接较强；站上20日线且不过热；震荡市里保持相对强势；震荡市里承接未失控,后段人气股在偏弱环境里更谨慎；涨停封板不可买,涨停封板不可买，放观察池跟踪,v4
2026-05-18,002654,万润科技,63,15916.0,10jqka,intraday_1430,2026-05-18 14:30:00,2026-05-18,1,1,,,ok,2026-05-18,16.72,18.23,18.23,16.66,1047332.0,10.02,,,1.0,,0.0,0.0,0.0,0.0,0.0,True,False,0.0,,,,,True,,,,震荡,43.03,-0.2,-1.79,0,2026-05-18,common_index_cache,-0.09,-0.2,-0.36,-2.21,-2.32,-0.36,10.22,,51.3,观察池,False,当日涨停附近；收在日内高位；站上20日线且不过热；震荡市里保持相对强势；震荡市里承接未失控；v4龙虎榜提示关注,后段人气股在偏弱环境里更谨慎；涨停封板不可买,涨停封板不可买，放观察池跟踪,v4
2026-05-18,002156,通富微电,64,15714.0,10jqka,intraday_1430,2026-05-18 14:30:00,2026-05-06,9,9,32.0,-32.0,ok,2026-05-18,56.88,58.41,58.5,55.01,1202631.0,0.59,-4.03,-4.59,0.974,0.77,-0.38,0.82,9.51,-6.14,0.026,False,False,0.0,,,,,False,,,,震荡,43.03,-0.2,-1.79,0,2026-05-18,common_index_cache,-0.09,-0.2,-0.36,-2.21,-2.32,-0.36,0.79,-2.8,9.4,不推送,False,收在日内高位；站上20日线且不过热；持续霸榜；震荡市里承接未失控,近5日趋势未确认；热度可能进入后段；人气排名明显回落；震荡市里相对走弱；后段人气股在偏弱环境里更谨慎；v4趋势未转强且热度偏后,强势归纳版：这类形态历史胜率不占优，先留给更干净的强势样本。,v4
2026-05-18,002465,海格通信,65,15667.0,10jqka,intraday_1430,2026-05-18 14:30:00,2026-05-18,1,1,,,missing_price_file,,,,,,,,,,,,,,,,,,,,,,,,False,,,,震荡,43.03,-0.2,-1.79,0,2026-05-18,common_index_cache,-0.09,-0.2,-0.36,-2.21,-2.32,-0.36,,,0.0,不推送,False,-,缺少当日行情；后段人气股在偏弱环境里更谨慎,强势归纳版：这类形态历史胜率不占优，先留给更干净的强势样本。,v4
2026-05-18,002202,金风科技,66,15545.0,10jqka,intraday_1430,2026-05-18 14:30:00,2026-05-06,9,9,73.0,7.0,ok,2026-05-18,28.06,27.12,28.07,27.01,1743301.0,-3.69,-2.45,-3.69,0.104,0.87,1.72,-0.99,1.92,-18.56,0.009,False,False,0.0,,,,,False,,,,震荡,43.03,-0.2,-1.79,0,2026-05-18,common_index_cache,-0.09,-0.2,-0.36,-2.21,-2.32,-0.36,-3.49,-1.9,0.0,不推送,False,温和放量；站上20日线且不过热；持续霸榜,当日转弱；收盘承接偏弱；近5日趋势未确认；热度可能进入后段；震荡市里相对走弱；后段人气股在偏弱环境里更谨慎；v4趋势未转强且热度偏后,强势归纳版：这类形态历史胜率不占优，先留给更干净的强势样本。,v4
2026-05-18,300442,润泽科技,67,15521.0,10jqka,intraday_1430,2026-05-18 14:30:00,2026-05-13,3,2,48.0,-19.0,ok,2026-05-18,103.89,102.71,105.18,100.28,281715.0,0.24,1.07,4.9,0.496,0.29,3.16,5.18,7.94,-7.45,0.263,False,False,0.0,润泽科技:关于发行可转换公司债券购买资产并募集配套资金申请文件获得深圳证券交易所受理的公告 | 润泽科技:关于发行可转换公司债券购买资产并募集配套资金报告书(草案)(申报稿)修订说明的公告,其他 | 其他增发事项公告 | 润泽科技:关于发行可转换公司债券购买资产并募集配套资金申请文件获得深圳证券交易所受理的公告 | 润泽科技:关于发行可转换公司债券购买资产并募集配套资金报告书(草案)(申报稿)修订说明的公告,,,False,,,,震荡,43.03,-0.2,-1.79,0,2026-05-18,common_index_cache,-0.09,-0.2,-0.36,-2.21,-2.32,-0.36,0.44,6.69,12.65,不推送,False,站上20日线且不过热；连续上榜确认；震荡市里保持相对强势；v4多头排列技术加分；v4沿短均线抬升,量能不足；后段人气股在偏弱环境里更谨慎；v4短线偏离MA5过多；v4正涨但收盘承接一般,强势归纳版：这类形态历史胜率不占优，先留给更干净的强势样本。,v4
2026-05-18,002409,雅克科技,68,15410.0,10jqka,intraday_1430,2026-05-18 14:30:00,2026-05-18,1,1,,,ok,2026-05-18,117.14,118.21,118.21,113.01,157444.0,10.0,,,1.0,,0.0,0.0,0.0,0.0,0.0,True,False,0.0,,,,,False,,,,震荡,43.03,-0.2,-1.79,0,2026-05-18,common_index_cache,-0.09,-0.2,-0.36,-2.21,-2.32,-0.36,10.2,,49.3,观察池,False,当日涨停附近；收在日内高位；站上20日线且不过热；震荡市里保持相对强势；震荡市里承接未失控,后段人气股在偏弱环境里更谨慎；涨停封板不可买,涨停封板不可买，放观察池跟踪,v4
2026-05-18,002617,露笑科技,69,15255.0,10jqka,intraday_1430,2026-05-18 14:30:00,2026-05-14,3,3,18.0,-51.0,ok,2026-05-18,9.2,9.02,9.38,8.98,2626783.0,-3.63,2.27,9.07,0.1,1.04,-0.29,5.83,10.78,-11.91,0.45,False,False,0.0,,,,,False,,,,震荡,43.03,-0.2,-1.79,0,2026-05-18,common_index_cache,-0.09,-0.2,-0.36,-2.21,-2.32,-0.36,-3.43,10.86,7.65,不推送,False,温和放量；近5日趋势升温；站上20日线且不过热；连续上榜确认；震荡市里保持相对强势,当日转弱；收盘承接偏弱；人气排名明显回落；后段人气股在偏弱环境里更谨慎；v4长上影承接转弱；v4趋势未转强且热度偏后,强势归纳版：这类形态历史胜率不占优，先留给更干净的强势样本。,v4
2026-05-18,300302,同有科技,70,15121.0,10jqka,intraday_1430,2026-05-18 14:30:00,2026-05-18,1,1,,,ok,2026-05-18,58.0,61.42,62.0,57.06,520603.0,14.87,,,0.883,,0.0,0.0,0.0,-0.94,0.117,True,False,0.0,,,,,True,,,,震荡,43.03,-0.2,-1.79,0,2026-05-18,common_index_cache,-0.09,-0.2,-0.36,-2.21,-2.32,-0.36,15.07,,45.3,观察池,False,当日涨停附近；收盘承接较强；站上20日线且不过热；震荡市里保持相对强势；震荡市里承接未失控；v4龙虎榜提示关注,后段人气股在偏弱环境里更谨慎；涨停封板不可买,涨停封板不可买，放观察池跟踪,v4
2026-05-18,603773,沃格光电,71,15098.0,10jqka,intraday_1430,2026-05-18 14:30:00,2026-05-06,4,2,63.0,-8.0,ok,2026-05-18,61.39,72.88,74.0,61.39,414628.0,7.99,-17.28,-8.93,0.911,1.61,-9.14,-3.93,7.44,-18.0,0.089,False,False,0.0,,,,,True,,,,震荡,43.03,-0.2,-1.79,0,2026-05-18,common_index_cache,-0.09,-0.2,-0.36,-2.21,-2.32,-0.36,8.19,-7.14,66.3,不推送,False,当日强涨；收在日内高位；温和放量；站上20日线且不过热；连续上榜确认；震荡市里保持相对强势；震荡市里承接未失控；v4龙虎榜活跃,近5日趋势未确认；后段人气股在偏弱环境里更谨慎,强势归纳版：这类形态历史胜率不占优，先留给更干净的强势样本。,v4
2026-05-18,601016,节能风电,72,15028.0,10jqka,intraday_1430,2026-05-18 14:30:00,2026-05-06,9,9,23.0,-49.0,ok,2026-05-18,4.93,5.09,5.15,4.82,4168178.0,2.0,-9.59,-0.59,0.818,0.51,-2.0,1.94,9.12,-13.58,0.182,False,False,0.0,,,,,False,,,,震荡,43.03,-0.2,-1.79,0,2026-05-18,common_index_cache,-0.09,-0.2,-0.36,-2.21,-2.32,-0.36,2.2,1.2,13.3,不推送,False,收盘承接较强；站上20日线且不过热；持续霸榜；震荡市里保持相对强势；震荡市里承接未失控,近5日趋势未确认；热度可能进入后段；人气排名明显回落；后段人气股在偏弱环境里更谨慎；v4趋势未转强且热度偏后,强势归纳版：这类形态历史胜率不占优，先留给更干净的强势样本。,v4
2026-05-18,000620,盈新发展,73,14709.0,10jqka,intraday_1430,2026-05-18 14:30:00,2026-05-06,2,1,72.0,-1.0,missing_price_file,,,,,,,,,,,,,,,,,,,,,,3.78,3.78,False,,,,震荡,43.03,-0.2,-1.79,0,2026-05-18,common_index_cache,-0.09,-0.2,-0.36,-2.21,-2.32,-0.36,,,0.0,不推送,False,v4主力资金强净流入,缺少当日行情；后段人气股在偏弱环境里更谨慎,强势归纳版：这类形态历史胜率不占优，先留给更干净的强势样本。,v4
2026-05-18,002309,中利集团,74,14695.0,10jqka,intraday_1430,2026-05-18 14:30:00,2026-05-06,4,2,40.0,-34.0,ok,2026-05-18,5.34,4.65,5.34,4.65,6584998.0,-10.06,,,0.0,,0.0,0.0,0.0,-12.92,0.0,False,False,0.0,,,,,False,,,,震荡,43.03,-0.2,-1.79,0,2026-05-18,common_index_cache,-0.09,-0.2,-0.36,-2.21,-2.32,-0.36,-9.86,,0.0,不推送,False,站上20日线且不过热；连续上榜确认,当日转弱；收盘承接偏弱；人气排名明显回落；震荡市里相对走弱；后段人气股在偏弱环境里更谨慎,强势归纳版：这类形态历史胜率不占优，先留给更干净的强势样本。,v4
2026-05-18,600379,宝光股份,75,14693.0,10jqka,intraday_1430,2026-05-18 14:30:00,2026-05-06,8,1,38.0,-37.0,ok,2026-05-18,15.61,15.22,15.96,15.11,603236.0,-9.35,-19.51,-17.42,0.129,0.71,-14.42,-14.1,0.42,-26.83,0.412,False,False,0.0,,,,,True,,,,震荡,43.03,-0.2,-1.79,0,2026-05-18,common_index_cache,-0.09,-0.2,-0.36,-2.21,-2.32,-0.36,-9.15,-15.63,0.0,不推送,False,站上20日线且不过热；v4龙虎榜提示关注,当日转弱；收盘承接偏弱；近5日趋势未确认；人气排名明显回落；震荡市里相对走弱；后段人气股在偏弱环境里更谨慎；v4长上影承接转弱；v4跌破短均线,强势归纳版：这类形态历史胜率不占优，先留给更干净的强势样本。,v4
2026-05-18,300308,中际旭创,76,14513.0,10jqka,intraday_1430,2026-05-18 14:30:00,2026-05-06,9,9,62.0,-14.0,ok,2026-05-18,1068.99,1039.0,1099.87,1034.0,251154.0,-3.62,-0.97,10.52,0.076,0.83,-0.75,7.66,14.08,-5.53,0.469,False,False,0.0,,,,,False,,,,震荡,43.03,-0.2,-1.79,0,2026-05-18,common_index_cache,-0.09,-0.2,-0.36,-2.21,-2.32,-0.36,-3.42,12.31,7.65,不推送,False,温和放量；近5日趋势升温；站上20日线且不过热；持续霸榜；震荡市里保持相对强势,当日转弱；收盘承接偏弱；热度可能进入后段；后段人气股在偏弱环境里更谨慎；v4长上影承接转弱；v4趋势未转强且热度偏后,强势归纳版：这类形态历史胜率不占优，先留给更干净的强势样本。,v4
2026-05-18,000981,山子高科,77,14454.0,10jqka,intraday_1430,2026-05-18 14:30:00,2026-05-12,5,5,24.0,-53.0,ok,2026-05-18,4.3,4.17,4.35,4.16,5804546.0,-5.44,,,0.053,,0.0,0.0,0.0,-4.14,0.263,False,False,0.0,,,,,False,,,,震荡,43.03,-0.2,-1.79,0,2026-05-18,common_index_cache,-0.09,-0.2,-0.36,-2.21,-2.32,-0.36,-5.24,,0.0,不推送,False,站上20日线且不过热；持续霸榜,当日转弱；收盘承接偏弱；热度可能进入后段；人气排名明显回落；震荡市里相对走弱；后段人气股在偏弱环境里更谨慎；v4趋势未转强且热度偏后,强势归纳版：这类形态历史胜率不占优，先留给更干净的强势样本。,v4
2026-05-18,600703,三安光电,78,14439.0,10jqka,intraday_1430,2026-05-18 14:30:00,2026-05-06,9,9,38.0,-40.0,ok,2026-05-18,16.11,16.66,17.0,15.95,3659744.0,3.87,-1.07,3.87,0.676,0.91,-0.63,5.02,11.23,-11.24,0.324,False,False,0.0,,,,,False,,,,震荡,43.03,-0.2,-1.79,0,2026-05-18,common_index_cache,-0.09,-0.2,-0.36,-2.21,-2.32,-0.36,4.07,5.66,27.65,不推送,False,当日上涨；温和放量；站上20日线且不过热；持续霸榜；震荡市里保持相对强势,热度可能进入后段；人气排名明显回落；后段人气股在偏弱环境里更谨慎；v4趋势未转强且热度偏后,强势归纳版：这类形态历史胜率不占优，先留给更干净的强势样本。,v4
2026-05-18,603082,北自科技,79,14314.0,10jqka,intraday_1430,2026-05-18 14:30:00,2026-05-18,1,1,,,ok,2026-05-18,51.18,51.18,51.18,51.17,47568.0,9.99,46.44,43.16,1.0,1.11,26.77,36.03,38.32,0.0,0.0,True,True,0.0,,,,,True,,,,震荡,43.03,-0.2,-1.79,0,2026-05-18,common_index_cache,-0.09,-0.2,-0.36,-2.21,-2.32,-0.36,10.19,44.95,46.3,观察池,False,当日涨停附近；收在日内高位；温和放量；近5日强势延续；震荡市里保持相对强势；震荡市里承接未失控；v4多头排列技术加分；v4龙虎榜提示关注,短线涨幅偏高；偏离20日线较大；一字或近似一字，参与点差；后段人气股在偏弱环境里更谨慎；v4乖离率过大；v4远离短中期均线；一字板不可买,一字板不可买，放观察池跟踪,v4
2026-05-18,001896,豫能控股,80,14246.0,10jqka,intraday_1430,2026-05-18 14:30:00,2026-05-06,8,7,54.0,-26.0,ok,2026-05-18,14.7,14.78,15.36,14.51,1029626.0,-2.7,-16.78,-12.08,0.318,0.5,-9.36,-9.41,-11.62,-23.81,0.682,False,False,0.0,,,,,False,,,,震荡,43.03,-0.2,-1.79,0,2026-05-18,common_index_cache,-0.09,-0.2,-0.36,-2.21,-2.32,-0.36,-2.5,-10.29,0.0,不推送,False,持续霸榜,当日转弱；收盘承接偏弱；近5日趋势未确认；仍在20日线下方；热度可能进入后段；人气排名明显回落；震荡市里相对走弱；后段人气股在偏弱环境里更谨慎；v4长上影承接转弱；v4跌破短均线；v4趋势未转强且热度偏后,强势归纳版：这类形态历史胜率不占优，先留给更干净的强势样本。,v4
2026-05-18,601678,滨化股份,81,14240.0,10jqka,intraday_1430,2026-05-18 14:30:00,2026-05-18,1,1,,,ok,2026-05-18,6.0,6.39,6.39,5.87,2622914.0,9.98,,,1.0,,0.0,0.0,0.0,0.0,0.0,True,False,0.0,滨化股份:2025年年度业绩说明会投资者关系活动记录表 | 滨化股份:2026年5月15日投资者关系活动记录表,调研活动 | 滨化股份:2025年年度业绩说明会投资者关系活动记录表 | 滨化股份:2026年5月15日投资者关系活动记录表,,,True,,,,震荡,43.03,-0.2,-1.79,0,2026-05-18,common_index_cache,-0.09,-0.2,-0.36,-2.21,-2.32,-0.36,10.18,,51.3,观察池,False,当日涨停附近；收在日内高位；站上20日线且不过热；震荡市里保持相对强势；震荡市里承接未失控；v4龙虎榜提示关注,后段人气股在偏弱环境里更谨慎；涨停封板不可买,涨停封板不可买，放观察池跟踪,v4
2026-05-18,002979,雷赛智能,82,14069.0,10jqka,intraday_1430,2026-05-18 14:30:00,2026-05-18,1,1,,,ok,2026-05-18,65.0,65.11,66.94,64.2,150496.0,0.03,,,0.332,,0.0,0.0,0.0,-2.73,0.668,False,False,0.0,,,,,True,,,,震荡,43.03,-0.2,-1.79,0,2026-05-18,common_index_cache,-0.09,-0.2,-0.36,-2.21,-2.32,-0.36,0.23,,0.0,不推送,False,站上20日线且不过热；v4龙虎榜提示关注,收盘承接偏弱；上影线偏长；后段人气股在偏弱环境里更谨慎；v4长上影承接转弱；v4正涨但收盘承接一般,强势归纳版：这类形态历史胜率不占优，先留给更干净的强势样本。,v4
2026-05-18,300394,天孚通信,83,13751.0,10jqka,intraday_1430,2026-05-18 14:30:00,2026-05-13,4,4,95.0,12.0,ok,2026-05-18,376.08,362.08,377.0,347.13,496035.0,-5.94,-4.26,9.09,0.501,0.81,-3.43,3.9,4.35,-12.56,0.031,False,False,0.0,,,,,False,,,,震荡,43.03,-0.2,-1.79,0,2026-05-18,common_index_cache,-0.09,-0.2,-0.36,-2.21,-2.32,-0.36,-5.74,10.88,33.65,不推送,False,温和放量；近5日趋势升温；站上20日线且不过热；连续上榜确认；人气排名明显上升；震荡市里保持相对强势,当日转弱；后段人气股在偏弱环境里更谨慎；v4趋势未转强且热度偏后,强势归纳版：这类形态历史胜率不占优，先留给更干净的强势样本。,v4
2026-05-18,600183,生益科技,84,13720.0,10jqka,intraday_1430,2026-05-18 14:30:00,2026-05-18,1,1,,,ok,2026-05-18,97.85,100.81,101.87,94.02,748121.0,1.88,,,0.865,,0.0,0.0,0.0,-1.04,0.135,False,False,0.0,,,,,False,,,,震荡,43.03,-0.2,-1.79,0,2026-05-18,common_index_cache,-0.09,-0.2,-0.36,-2.21,-2.32,-0.36,2.08,,21.3,不推送,False,收盘承接较强；站上20日线且不过热；震荡市里保持相对强势；震荡市里承接未失控,后段人气股在偏弱环境里更谨慎,强势归纳版：这类形态历史胜率不占优，先留给更干净的强势样本。,v4
2026-05-18,601869,长飞光纤,85,13610.0,10jqka,intraday_1430,2026-05-18 14:30:00,2026-05-07,5,2,100.0,15.0,ok,2026-05-18,400.01,373.0,404.7,366.66,142649.0,-7.83,,,0.167,,0.0,0.0,0.0,-7.83,0.123,False,False,0.0,,,,,False,,,,震荡,43.03,-0.2,-1.79,0,2026-05-18,common_index_cache,-0.09,-0.2,-0.36,-2.21,-2.32,-0.36,-7.63,,0.0,不推送,False,站上20日线且不过热；连续上榜确认；人气排名明显上升,当日转弱；收盘承接偏弱；震荡市里相对走弱；后段人气股在偏弱环境里更谨慎,强势归纳版：这类形态历史胜率不占优，先留给更干净的强势样本。,v4
2026-05-18,002015,协鑫能科,86,13568.0,10jqka,intraday_1430,2026-05-18 14:30:00,2026-05-06,8,6,30.0,-56.0,ok,2026-05-18,22.07,21.42,22.26,21.25,1380457.0,-1.34,-8.42,5.62,0.168,0.61,-3.76,2.09,6.9,-16.43,0.188,False,False,0.0,,,,,False,,,,震荡,43.03,-0.2,-1.79,0,2026-05-18,common_index_cache,-0.09,-0.2,-0.36,-2.21,-2.32,-0.36,-1.14,7.41,0.0,不推送,False,近5日趋势升温；站上20日线且不过热；持续霸榜；震荡市里保持相对强势,当日转弱；收盘承接偏弱；热度可能进入后段；人气排名明显回落；后段人气股在偏弱环境里更谨慎；v4趋势未转强且热度偏后,强势归纳版：这类形态历史胜率不占优，先留给更干净的强势样本。,v4
2026-05-18,601868,中国能建,87,13560.0,10jqka,intraday_1430,2026-05-18 14:30:00,2026-05-07,8,8,58.0,-29.0,ok,2026-05-18,3.2,3.21,3.28,3.15,21816972.0,2.88,-9.07,-1.23,0.462,1.38,-2.85,1.01,5.51,-18.53,0.538,False,False,0.0,,,,,False,,,,震荡,43.03,-0.2,-1.79,0,2026-05-18,common_index_cache,-0.09,-0.2,-0.36,-2.21,-2.32,-0.36,3.08,0.56,0.0,不推送,False,温和放量；站上20日线且不过热；持续霸榜；震荡市里保持相对强势,近5日趋势未确认；热度可能进入后段；人气排名明显回落；上影线偏长；后段人气股在偏弱环境里更谨慎；v4长上影承接转弱；v4正涨但收盘承接一般；v4趋势未转强且热度偏后,强势归纳版：这类形态历史胜率不占优，先留给更干净的强势样本。,v4
2026-05-18,688525,佰维存储,88,13424.0,10jqka,intraday_1430,2026-05-18 14:30:00,2026-05-06,2,1,44.0,-44.0,ok,2026-05-18,311.1,315.77,323.5,301.21,489232.0,8.72,,,0.653,,0.0,0.0,0.0,-2.39,0.347,False,False,0.0,,,,,False,,,,震荡,43.03,-0.2,-1.79,0,2026-05-18,common_index_cache,-0.09,-0.2,-0.36,-2.21,-2.32,-0.36,8.92,,21.65,不推送,False,当日强涨；站上20日线且不过热；震荡市里保持相对强势,人气排名明显回落；后段人气股在偏弱环境里更谨慎,强势归纳版：这类形态历史胜率不占优，先留给更干净的强势样本。,v4
2026-05-18,002980,华盛昌,89,13114.0,10jqka,intraday_1430,2026-05-18 14:30:00,2026-05-18,1,1,,,ok,2026-05-18,104.74,104.78,107.22,97.49,179657.0,-1.06,,,0.749,,0.0,0.0,0.0,-2.28,0.251,False,False,0.0,华盛昌:2026年5月18日投资者关系活动记录表,调研活动 | 华盛昌:2026年5月18日投资者关系活动记录表,,,True,,,,震荡,43.03,-0.2,-1.79,0,2026-05-18,common_index_cache,-0.09,-0.2,-0.36,-2.21,-2.32,-0.36,-0.86,,1.35,不推送,False,站上20日线且不过热；v4龙虎榜活跃,当日转弱；后段人气股在偏弱环境里更谨慎,强势归纳版：这类形态历史胜率不占优，先留给更干净的强势样本。,v4
2026-05-18,000636,风华高科,90,12728.0,10jqka,intraday_1430,2026-05-18 14:30:00,2026-05-18,1,1,,,ok,2026-05-18,29.6,32.37,32.37,29.03,709736.0,9.99,,,1.0,,0.0,0.0,0.0,0.0,0.0,True,False,0.0,,,11.33,11.33,False,,,,震荡,43.03,-0.2,-1.79,0,2026-05-18,common_index_cache,-0.09,-0.2,-0.36,-2.21,-2.32,-0.36,10.19,,57.3,观察池,False,当日涨停附近；收在日内高位；站上20日线且不过热；震荡市里保持相对强势；震荡市里承接未失控；v4主力资金强净流入,后段人气股在偏弱环境里更谨慎；涨停封板不可买,涨停封板不可买，放观察池跟踪,v4
2026-05-18,600276,恒瑞医药,91,12726.0,10jqka,intraday_1430,2026-05-18 14:30:00,2026-05-12,3,1,95.0,4.0,ok,2026-05-18,52.3,51.47,52.91,51.33,622671.0,-1.83,-7.86,-3.83,0.089,0.48,-5.3,-4.55,-6.27,-14.15,0.386,False,False,0.0,,,,,False,,,,震荡,43.03,-0.2,-1.79,0,2026-05-18,common_index_cache,-0.09,-0.2,-0.36,-2.21,-2.32,-0.36,-1.63,-2.04,0.0,不推送,False,-,当日转弱；收盘承接偏弱；量能不足；近5日趋势未确认；仍在20日线下方；震荡市里相对走弱；后段人气股在偏弱环境里更谨慎；v4长上影承接转弱；v4跌破短均线,强势归纳版：这类形态历史胜率不占优，先留给更干净的强势样本。,v4
2026-05-18,002428,云南锗业,92,12656.0,10jqka,intraday_1430,2026-05-18 14:30:00,2026-05-06,9,9,70.0,-22.0,ok,2026-05-18,90.16,90.23,90.85,85.33,704049.0,-1.32,,,0.888,,0.0,0.0,0.0,-0.68,0.112,False,False,0.0,,,,,False,,,,震荡,43.03,-0.2,-1.79,0,2026-05-18,common_index_cache,-0.09,-0.2,-0.36,-2.21,-2.32,-0.36,-1.12,,0.0,不推送,False,收盘承接较强；站上20日线且不过热；持续霸榜,当日转弱；热度可能进入后段；人气排名明显回落；震荡市里相对走弱；后段人气股在偏弱环境里更谨慎；v4趋势未转强且热度偏后,强势归纳版：这类形态历史胜率不占优，先留给更干净的强势样本。,v4
2026-05-18,002594,比亚迪,93,12634.0,10jqka,intraday_1430,2026-05-18 14:30:00,2026-05-06,3,1,99.0,6.0,ok,2026-05-18,94.51,95.71,95.9,93.8,256824.0,1.27,-2.93,-4.71,0.91,0.61,-2.05,-3.64,-5.11,-14.41,0.09,False,False,0.0,,,,,False,,,,震荡,43.03,-0.2,-1.79,0,2026-05-18,common_index_cache,-0.09,-0.2,-0.36,-2.21,-2.32,-0.36,1.47,-2.92,7.3,不推送,False,收在日内高位；震荡市里保持相对强势；震荡市里承接未失控,近5日趋势未确认；仍在20日线下方；后段人气股在偏弱环境里更谨慎,强势归纳版：这类形态历史胜率不占优，先留给更干净的强势样本。,v4
2026-05-18,600488,津药药业,94,12593.0,10jqka,intraday_1430,2026-05-18 14:30:00,2026-05-11,4,2,67.0,-27.0,ok,2026-05-18,6.31,6.31,6.47,6.31,457816.0,-9.99,,,0.0,,0.0,0.0,0.0,-2.47,1.0,False,False,0.0,,,,,False,,,,震荡,43.03,-0.2,-1.79,0,2026-05-18,common_index_cache,-0.09,-0.2,-0.36,-2.21,-2.32,-0.36,-9.79,,0.0,不推送,False,站上20日线且不过热；连续上榜确认,当日转弱；收盘承接偏弱；人气排名明显回落；震荡市里相对走弱；后段人气股在偏弱环境里更谨慎；v4长上影承接转弱,强势归纳版：这类形态历史胜率不占优，先留给更干净的强势样本。,v4
2026-05-18,300274,阳光电源,95,12578.0,10jqka,intraday_1430,2026-05-18 14:30:00,2026-05-14,2,1,79.0,-16.0,ok,2026-05-18,152.9,152.25,155.33,148.01,952476.0,-0.46,6.73,6.21,0.579,1.08,5.33,7.17,10.47,-16.02,0.332,False,False,0.0,,,,,False,,,,震荡,43.03,-0.2,-1.79,0,2026-05-18,common_index_cache,-0.09,-0.2,-0.36,-2.21,-2.32,-0.36,-0.26,8.0,29.65,不推送,False,温和放量；近5日趋势升温；站上20日线且不过热；震荡市里保持相对强势；v4多头排列技术加分；v4沿短均线抬升,当日转弱；后段人气股在偏弱环境里更谨慎；v4乖离率过大,强势归纳版：这类形态历史胜率不占优，先留给更干净的强势样本。,v4
2026-05-18,600111,北方稀土,96,12193.0,10jqka,intraday_1430,2026-05-18 14:30:00,2026-05-06,9,9,36.0,-60.0,ok,2026-05-18,54.0,56.08,56.13,53.99,1456171.0,3.01,,,0.977,,0.0,0.0,0.0,-0.09,0.023,False,False,0.0,,,,,False,,,,震荡,43.03,-0.2,-1.79,0,2026-05-18,common_index_cache,-0.09,-0.2,-0.36,-2.21,-2.32,-0.36,3.21,,31.3,不推送,False,当日上涨；收在日内高位；站上20日线且不过热；持续霸榜；震荡市里保持相对强势；震荡市里承接未失控,热度可能进入后段；人气排名明显回落；后段人气股在偏弱环境里更谨慎；v4趋势未转强且热度偏后,强势归纳版：这类形态历史胜率不占优，先留给更干净的强势样本。,v4
2026-05-18,600339,中油工程,97,12108.0,10jqka,intraday_1430,2026-05-18 14:30:00,2026-05-18,1,1,,,missing_price_file,,,,,,,,,,,,,,,,,,,,,,,,False,,,,震荡,43.03,-0.2,-1.79,0,2026-05-18,common_index_cache,-0.09,-0.2,-0.36,-2.21,-2.32,-0.36,,,0.0,不推送,False,-,缺少当日行情；后段人气股在偏弱环境里更谨慎,强势归纳版：这类形态历史胜率不占优，先留给更干净的强势样本。,v4
2026-05-18,600519,贵州茅台,98,12002.0,10jqka,intraday_1430,2026-05-18 14:30:00,2026-05-06,5,1,48.0,-50.0,ok,2026-05-18,1336.0,1321.15,1342.68,1319.61,45933.0,-0.89,,,0.067,,0.0,0.0,0.0,-1.6,0.29,False,False,0.0,,,,,False,,,,震荡,43.03,-0.2,-1.79,0,2026-05-18,common_index_cache,-0.09,-0.2,-0.36,-2.21,-2.32,-0.36,-0.69,,0.0,不推送,False,站上20日线且不过热,当日转弱；收盘承接偏弱；人气排名明显回落；后段人气股在偏弱环境里更谨慎,强势归纳版：这类形态历史胜率不占优，先留给更干净的强势样本。,v4
2026-05-18,301308,江波龙,99,11976.0,10jqka,intraday_1430,2026-05-18 14:30:00,2026-05-06,6,1,94.0,-5.0,ok,2026-05-18,547.17,558.77,572.16,537.47,210381.0,0.38,-8.68,0.38,0.614,0.85,-4.38,4.95,22.52,-12.49,0.386,False,False,0.0,江波龙:中信建投证券股份有限公司关于公司向特定对象发行股票之发行保荐书(修订稿) | 江波龙:关于公司2025年度向特定对象发行股票的审核问询函回复及募集说明书等申请文件更新的提示性公告 | 江波龙:公司最近一年的财务报告及其审计报告,发行保荐书 | 回复问询函公告 | 审计报告 | 江波龙:中信建投证券股份有限公司关于公司向特定对象发行股票之发行保荐书(修订稿) | 江波龙:关于公司2025年度向特定对象发行股票的审核问询函回复及募集说明书等申请文件更新的提示性公告 | 江波龙:公司最近一年的财务报告及其审计报告,,,False,,,,震荡,43.03,-0.2,-1.79,0,2026-05-18,common_index_cache,-0.09,-0.2,-0.36,-2.21,-2.32,-0.36,0.58,2.17,11.65,不推送,False,温和放量；站上20日线且不过热；震荡市里保持相对强势,后段人气股在偏弱环境里更谨慎；v4长上影承接转弱；v4事件风险扣分（问询）,强势归纳版：这类形态历史胜率不占优，先留给更干净的强势样本。,v4
2026-05-18,600176,中国巨石,100,11942.0,10jqka,intraday_1430,2026-05-18 14:30:00,2026-05-06,6,3,52.0,-48.0,missing_price_file,,,,,,,,,,,,,,,,,,,,,,,,False,,,,震荡,43.03,-0.2,-1.79,0,2026-05-18,common_index_cache,-0.09,-0.2,-0.36,-2.21,-2.32,-0.36,,,0.0,不推送,False,连续上榜确认,人气排名明显回落；缺少当日行情；后段人气股在偏弱环境里更谨慎；v4趋势未转强且热度偏后,强势归纳版：这类形态历史胜率不占优，先留给更干净的强势样本。,v4
2026-05-19,601991,大唐发电,1,167149.0,10jqka,post_close,2026-05-19 15:00:00,2026-05-06,10,10,2.0,1.0,ok,2026-05-19,7.93,8.38,8.64,7.75,12910503.0,5.67,16.39,25.07,0.708,1.18,7.99,25.54,55.65,-3.01,0.292,False,False,0.0,,,,,False,,,,震荡,49.88,0.42,-1.16,0,2026-05-19,common_index_cache,0.92,0.26,-0.16,-1.07,-1.61,-0.67,5.25,26.23,44.3,不推送,False,人气Top3；当日上涨；温和放量；近5日强势延续；持续霸榜；震荡市里保持相对强势；v4多头排列技术加分,短线涨幅偏高；远离20日线过多；热度可能进入后段；v4乖离率过大；v4远离短中期均线,强势归纳版：这类形态历史胜率不占优，先留给更干净的强势样本。,v4
2026-05-19,600578,京能电力,2,66221.0,10jqka,post_close,2026-05-19 15:00:00,2026-05-15,3,3,16.0,14.0,ok,2026-05-19,7.71,8.27,8.48,6.98,5202994.0,7.26,29.83,57.22,0.86,2.41,17.64,35.98,46.26,-2.48,0.14,False,False,0.0,京能电力:股票交易异常波动公告(更正公告) | 京能电力:股票交易风险提示公告,股票交易异常波动 | 风险提示性公告 | 京能电力:股票交易异常波动公告(更正公告) | 京能电力:股票交易风险提示公告,,,True,,,,震荡,49.88,0.42,-1.16,0,2026-05-19,common_index_cache,0.92,0.26,-0.16,-1.07,-1.61,-0.67,6.84,58.38,45.95,不推送,False,人气Top3；当日强涨；收盘承接较强；放量仍可控；连续上榜确认；人气排名明显上升；震荡市里保持相对强势；震荡市里承接未失控；v4多头排列技术加分；v4龙虎榜活跃,短线涨幅过热；远离20日线过多；v4乖离率过大；v4远离短中期均线；v4放量冲高过热；v4事件谨慎扣分（风险提示/异常波动）,强势归纳版：这类形态历史胜率不占优，先留给更干净的强势样本。,v4
2026-05-19,002281,光迅科技,3,55257.0,10jqka,post_close,2026-05-19 15:00:00,2026-05-06,10,10,23.0,20.0,ok,2026-05-19,209.5,230.89,230.89,203.01,835834.0,10.0,13.29,14.59,1.0,1.03,11.11,19.31,43.11,0.0,0.0,True,False,0.0,,,,,True,,,,震荡,49.88,0.42,-1.16,0,2026-05-19,common_index_cache,0.92,0.26,-0.16,-1.07,-1.61,-0.67,9.58,15.75,98.95,观察池,False,人气Top3；当日涨停附近；收在日内高位；温和放量；近5日趋势升温；持续霸榜；人气排名明显上升；震荡市里保持相对强势；震荡市里承接未失控；v4多头排列技术加分；v4龙虎榜提示关注,偏离20日线较大；热度可能进入后段；v4乖离率过大；v4远离短中期均线；涨停封板不可买,涨停封板不可买，放观察池跟踪,v4
2026-05-19,002342,巨力索具,4,47274.0,10jqka,post_close,2026-05-19 15:00:00,2026-05-06,10,10,1.0,-3.0,ok,2026-05-19,15.74,15.74,15.74,15.74,29620.0,-10.01,-20.94,-22.84,1.0,0.02,-15.4,-21.28,-20.03,-34.42,,False,False,0.0,,,,,True,,,,震荡,49.88,0.42,-1.16,0,2026-05-19,common_index_cache,0.92,0.26,-0.16,-1.07,-1.61,-0.67,-10.43,-21.68,4.4,不推送,False,人气Top10；收在日内高位；持续霸榜；v4龙虎榜活跃,当日转弱；量能不足；近5日趋势未确认；仍在20日线下方；热度可能进入后段；震荡市里相对走弱；v4跌破短均线,强势归纳版：这类形态历史胜率不占优，先留给更干净的强势样本。,v4
2026-05-19,000066,中国长城,5,42238.0,10jqka,post_close,2026-05-19 15:00:00,2026-05-06,10,10,24.0,19.0,ok,2026-05-19,20.05,20.72,20.88,19.29,3508199.0,2.52,-8.6,-18.3,0.899,0.68,-5.21,-8.69,5.02,-19.5,0.101,False,False,0.0,,,-4.65,-4.65,False,,,,震荡,49.88,0.42,-1.16,0,2026-05-19,common_index_cache,0.92,0.26,-0.16,-1.07,-1.61,-0.67,2.1,-17.14,42.95,不推送,False,人气Top10；收盘承接较强；站上20日线且不过热；持续霸榜；人气排名明显上升；震荡市里保持相对强势；震荡市里承接未失控,近5日趋势未确认；热度可能进入后段；v4主力资金强净流出,强势归纳版：这类形态历史胜率不占优，先留给更干净的强势样本。,v4
2026-05-19,600487,亨通光电,6,35844.0,10jqka,post_close,2026-05-19 15:00:00,2026-05-06,10,10,45.0,39.0,ok,2026-05-19,70.4,75.47,76.11,66.52,1941733.0,5.11,1.99,0.49,0.933,1.28,2.96,1.76,8.16,-5.54,0.067,False,False,0.0,,,,,False,,,,震荡,49.88,0.42,-1.16,0,2026-05-19,common_index_cache,0.92,0.26,-0.16,-1.07,-1.61,-0.67,4.69,1.65,82.95,普通观察,True,人气Top10；当日上涨；收在日内高位；温和放量；站上20日线且不过热；持续霸榜；人气排名明显上升；震荡市里保持相对强势；震荡市里承接未失控,热度可能进入后段,强势归纳版：保留在候选池，优先跟踪早段强势和缩量承接，不主动接后段退潮样本。,v4
2026-05-19,000988,华工科技,7,30459.0,10jqka,post_close,2026-05-19 15:00:00,2026-05-06,10,10,17.0,10.0,ok,2026-05-19,151.06,158.4,159.69,147.28,1422733.0,7.48,15.28,9.88,0.896,1.6,10.11,12.63,22.74,-0.81,0.104,False,False,0.0,,,,,False,,,,震荡,49.88,0.42,-1.16,0,2026-05-19,common_index_cache,0.92,0.26,-0.16,-1.07,-1.61,-0.67,7.06,11.04,88.95,普通观察,True,人气Top10；当日强涨；收盘承接较强；温和放量；近5日趋势升温；站上20日线且不过热；持续霸榜；人气排名明显上升；震荡市里保持相对强势；震荡市里承接未失控；v4多头排列技术加分,热度可能进入后段；v4乖离率过大；v4远离短中期均线,强势归纳版：保留在候选池，优先跟踪早段强势和缩量承接，不主动接后段退潮样本。,v4
2026-05-19,002208,合肥城建,8,30414.0,10jqka,post_close,2026-05-19 15:00:00,2026-05-15,3,3,13.0,5.0,ok,2026-05-19,23.5,25.12,25.12,23.2,1898122.0,9.98,26.87,53.55,1.0,2.11,17.91,39.22,62.93,0.0,0.0,True,False,0.0,合肥城建:关于股价异动的公告,股票交易异常波动 | 合肥城建:关于股价异动的公告,,,True,,,,震荡,49.88,0.42,-1.16,0,2026-05-19,common_index_cache,0.92,0.26,-0.16,-1.07,-1.61,-0.67,9.56,54.71,45.95,观察池,False,人气Top10；当日涨停附近；收在日内高位；放量仍可控；连续上榜确认；震荡市里保持相对强势；震荡市里承接未失控；v4多头排列技术加分；v4龙虎榜提示关注,短线涨幅过热；远离20日线过多；v4乖离率过大；v4远离短中期均线；v4放量冲高过热；v4事件谨慎扣分（异常波动）；涨停封板不可买,涨停封板不可买，放观察池跟踪,v4
2026-05-19,002131,利欧股份,9,30065.0,10jqka,post_close,2026-05-19 15:00:00,2026-05-06,4,2,31.0,22.0,ok,2026-05-19,6.82,7.4,7.59,6.74,11201407.0,7.25,13.67,9.79,0.776,2.78,8.09,7.4,3.65,-24.26,0.224,False,False,0.0,,,,,False,,,,震荡,49.88,0.42,-1.16,0,2026-05-19,common_index_cache,0.92,0.26,-0.16,-1.07,-1.61,-0.67,6.83,10.95,66.95,不推送,False,人气Top10；当日强涨；收盘承接较强；近5日趋势升温；站上20日线且不过热；连续上榜确认；人气排名明显上升；震荡市里保持相对强势；震荡市里承接未失控,v4乖离率过大；v4放量冲高过热,强势归纳版：这类形态历史胜率不占优，先留给更干净的强势样本。,v4
2026-05-19,603083,剑桥科技,10,29084.0,10jqka,post_close,2026-05-19 15:00:00,2026-05-19,1,1,,,ok,2026-05-19,184.02,202.42,202.42,173.83,355577.0,10.0,5.65,7.02,1.0,1.18,5.73,6.75,15.78,-3.32,0.0,True,False,0.0,,,,,True,,,,震荡,49.88,0.42,-1.16,0,2026-05-19,common_index_cache,0.92,0.26,-0.16,-1.07,-1.61,-0.67,9.58,8.18,112.95,观察池,False,人气Top10；当日涨停附近；收在日内高位；温和放量；近5日趋势升温；站上20日线且不过热；首次上榜即强势；震荡市里保持相对强势；震荡市里承接未失控；v4多头排列技术加分；v4沿短均线抬升；v4龙虎榜提示关注,v4乖离率过大；涨停封板不可买,涨停封板不可买，放观察池跟踪,v4
2026-05-19,600396,华电辽能,11,27274.0,10jqka,post_close,2026-05-19 15:00:00,2026-05-06,10,10,7.0,-4.0,ok,2026-05-18,16.5,15.69,17.15,15.69,2345763.0,-9.98,-5.25,14.69,0.0,0.82,-3.59,11.82,36.68,-13.55,0.445,False,False,1.0,,,,,True,,,,震荡,49.88,0.42,-1.16,0,2026-05-19,common_index_cache,0.92,0.26,-0.16,-1.07,-1.61,-0.67,-10.4,15.85,13.3,不推送,False,人气Top20；温和放量；近5日趋势升温；持续霸榜；震荡市里保持相对强势；v4龙虎榜提示关注,当日转弱；收盘承接偏弱；偏离20日线较大；热度可能进入后段；v4远离短中期均线；v4长上影承接转弱,强势归纳版：这类形态历史胜率不占优，先留给更干净的强势样本。,v4
2026-05-19,600522,中天科技,12,26432.0,10jqka,post_close,2026-05-19 15:00:00,2026-05-06,10,10,6.0,-6.0,ok,2026-05-19,43.0,44.55,44.9,41.29,3196647.0,1.37,1.02,1.07,0.903,0.9,2.56,6.25,18.62,-3.53,0.097,False,False,0.0,,,,,False,,,,震荡,49.88,0.42,-1.16,0,2026-05-19,common_index_cache,0.92,0.26,-0.16,-1.07,-1.61,-0.67,0.95,2.23,74.95,不推送,False,人气Top20；收在日内高位；温和放量；站上20日线且不过热；持续霸榜；震荡市里保持相对强势；震荡市里承接未失控；v4多头排列技术加分,热度可能进入后段,强势归纳版：这类形态历史胜率不占优，先留给更干净的强势样本。,v4
2026-05-19,002081,金螳螂,13,25250.0,10jqka,post_close,2026-05-19 15:00:00,2026-05-06,10,10,4.0,-9.0,ok,2026-05-19,6.75,6.9,7.33,6.46,4622381.0,-2.4,-12.99,-13.53,0.506,0.89,-8.32,-5.85,13.68,-19.77,0.494,False,False,0.0,,,,,False,,,,震荡,49.88,0.42,-1.16,0,2026-05-19,common_index_cache,0.92,0.26,-0.16,-1.07,-1.61,-0.67,-2.82,-12.37,7.4,不推送,False,人气Top20；温和放量；站上20日线且不过热；持续霸榜,当日转弱；近5日趋势未确认；热度可能进入后段；震荡市里相对走弱；v4长上影承接转弱；v4跌破短均线,强势归纳版：这类形态历史胜率不占优，先留给更干净的强势样本。,v4
2026-05-19,600584,长电科技,14,24795.0,10jqka,post_close,2026-05-19 15:00:00,2026-05-06,9,7,15.0,1.0,ok,2026-05-19,56.91,60.81,61.0,56.08,2319497.0,4.25,11.97,10.08,0.961,1.05,5.21,11.01,22.06,-1.86,0.039,False,False,0.0,,,,,False,,,,震荡,49.88,0.42,-1.16,0,2026-05-19,common_index_cache,0.92,0.26,-0.16,-1.07,-1.61,-0.67,3.83,11.24,74.95,不推送,False,人气Top20；当日上涨；收在日内高位；温和放量；近5日趋势升温；站上20日线且不过热；持续霸榜；震荡市里保持相对强势；震荡市里承接未失控；v4多头排列技术加分,热度可能进入后段；v4乖离率过大；v4远离短中期均线,强势归纳版：这类形态历史胜率不占优，先留给更干净的强势样本。,v4
2026-05-19,600759,ST洲际,15,23553.0,10jqka,post_close,2026-05-19 15:00:00,2026-05-06,7,3,11.0,-4.0,ok,2026-05-19,2.8,2.8,2.8,2.8,51425.0,-5.08,-14.37,-22.65,1.0,0.73,-10.08,-21.5,-35.54,-69.2,,False,False,0.0,ST洲际:湖南启元律师事务所关于洲际油气股份有限公司2025年年度股东会的法律意见书 | ST洲际:洲际油气股份有限公司2025年年度股东会决议公告,法律意见书 | 分配方案决议公告 | ST洲际:湖南启元律师事务所关于洲际油气股份有限公司2025年年度股东会的法律意见书 | ST洲际:洲际油气股份有限公司2025年年度股东会决议公告,,,True,,,,震荡,49.88,0.42,-1.16,0,2026-05-19,common_index_cache,0.92,0.26,-0.16,-1.07,-1.61,-0.67,-5.5,-21.49,8.4,不推送,False,人气Top20；收在日内高位；连续上榜确认；v4龙虎榜活跃,当日转弱；近5日趋势未确认；仍在20日线下方；震荡市里相对走弱；v4跌破短均线,强势归纳版：这类形态历史胜率不占优，先留给更干净的强势样本。,v4
2026-05-19,600745,*ST闻泰,16,23510.0,10jqka,post_close,2026-05-19 15:00:00,2026-05-06,8,5,25.0,9.0,ok,2026-05-19,16.84,16.84,16.84,16.84,19323.0,-5.02,-14.26,-22.61,1.0,0.45,-9.99,-21.45,-33.59,-53.45,,False,False,0.0,,,,,True,,,,震荡,49.88,0.42,-1.16,0,2026-05-19,common_index_cache,0.92,0.26,-0.16,-1.07,-1.61,-0.67,-5.44,-21.45,0.0,不推送,False,人气Top20；收在日内高位；持续霸榜；v4龙虎榜活跃,当日转弱；量能不足；近5日趋势未确认；仍在20日线下方；热度可能进入后段；震荡市里相对走弱；v4跌破短均线,强势归纳版：这类形态历史胜率不占优，先留给更干净的强势样本。,v4
2026-05-19,600186,莲花控股,17,22492.0,10jqka,post_close,2026-05-19 15:00:00,2026-05-06,9,1,91.0,74.0,ok,2026-05-19,10.59,11.56,11.56,10.11,3801553.0,9.99,9.68,15.72,1.0,1.53,7.7,8.05,16.33,0.0,0.0,True,False,0.0,,,,,False,,,,震荡,49.88,0.42,-1.16,0,2026-05-19,common_index_cache,0.92,0.26,-0.16,-1.07,-1.61,-0.67,9.57,16.88,88.95,观察池,False,人气Top20；当日涨停附近；收在日内高位；温和放量；近5日趋势升温；站上20日线且不过热；人气排名明显上升；震荡市里保持相对强势；震荡市里承接未失控；v4多头排列技术加分,v4乖离率过大；v4远离短中期均线；涨停封板不可买,涨停封板不可买，放观察池跟踪,v4
2026-05-19,600118,中国卫星,18,22391.0,10jqka,post_close,2026-05-19 15:00:00,2026-05-06,7,1,92.0,74.0,ok,2026-05-19,90.66,87.23,91.99,87.23,772156.0,-10.0,-13.46,-21.88,0.0,1.22,-11.49,-16.85,-13.76,-27.0,0.279,False,False,0.0,中国卫星:中国卫星股东减持股份计划公告 | 中国卫星:中国东方红卫星股份有限公司2025年度暨2026年第一季度业绩说明会的公告,股东/实际控制人股份减持 | 其他 | 中国卫星:中国卫星股东减持股份计划公告 | 中国卫星:中国东方红卫星股份有限公司2025年度暨2026年第一季度业绩说明会的公告,,,True,,,,震荡,49.88,0.42,-1.16,0,2026-05-19,common_index_cache,0.92,0.26,-0.16,-1.07,-1.61,-0.67,-10.42,-20.72,0.0,不推送,False,人气Top20；温和放量；人气排名明显上升；v4龙虎榜提示关注,当日转弱；收盘承接偏弱；近5日趋势未确认；仍在20日线下方；震荡市里相对走弱；v4跌破短均线；v4事件风险扣分（减持）,强势归纳版：这类形态历史胜率不占优，先留给更干净的强势样本。,v4
2026-05-19,688256,寒武纪,19,20361.0,10jqka,post_close,2026-05-19 15:00:00,2026-05-06,7,1,42.0,23.0,ok,2026-05-19,1216.89,1319.2,1326.0,1175.0,18635194.0,8.4,4.65,3.23,0.955,1.11,4.32,5.88,21.14,-2.28,0.045,False,False,0.0,,,,,False,,,,震荡,49.88,0.42,-1.16,0,2026-05-19,common_index_cache,0.92,0.26,-0.16,-1.07,-1.61,-0.67,7.98,4.39,89.95,普通观察,True,人气Top20；当日强涨；收在日内高位；温和放量；站上20日线且不过热；人气排名明显上升；震荡市里保持相对强势；震荡市里承接未失控；v4多头排列技术加分；v4沿短均线抬升,v4短线偏离MA5过多,强势归纳版：保留在候选池，优先跟踪早段强势和缩量承接，不主动接后段退潮样本。,v4
2026-05-19,000021,深科技,20,20142.0,10jqka,post_close,2026-05-19 15:00:00,2026-05-13,4,2,28.0,8.0,ok,2026-05-19,37.03,37.67,38.38,35.95,3013781.0,1.73,9.7,16.59,0.708,2.13,6.23,12.16,20.31,-1.85,0.292,False,False,0.0,,,-2.41,-2.41,False,,,,震荡,49.88,0.42,-1.16,0,2026-05-19,common_index_cache,0.92,0.26,-0.16,-1.07,-1.61,-0.67,1.31,17.75,39.3,不推送,False,人气Top20；放量仍可控；近5日趋势升温；站上20日线且不过热；连续上榜确认；震荡市里保持相对强势；v4多头排列技术加分,v4乖离率过大；v4远离短中期均线；v4主力资金净流出；v4拉升但资金未跟随,强势归纳版：这类形态历史胜率不占优，先留给更干净的强势样本。,v4
2026-05-19,002384,东山精密,21,19782.0,10jqka,post_close,2026-05-19 15:00:00,2026-05-06,10,10,32.0,11.0,ok,2026-05-19,206.0,222.08,224.5,198.0,1100759.0,5.13,3.35,1.19,0.909,1.29,3.55,4.54,13.44,-3.44,0.091,False,False,0.0,,,,,False,,,,震荡,49.88,0.42,-1.16,0,2026-05-19,common_index_cache,0.92,0.26,-0.16,-1.07,-1.61,-0.67,4.71,2.35,73.95,不推送,False,人气Top50；当日上涨；收在日内高位；温和放量；站上20日线且不过热；持续霸榜；人气排名明显上升；震荡市里保持相对强势；震荡市里承接未失控；v4多头排列技术加分,热度可能进入后段；v4短线偏离MA5过多,强势归纳版：这类形态历史胜率不占优，先留给更干净的强势样本。,v4
2026-05-19,605358,立昂微,22,19685.0,10jqka,post_close,2026-05-19 15:00:00,2026-05-08,2,1,30.0,8.0,ok,2026-05-19,50.48,55.17,55.17,49.58,645025.0,10.01,7.02,8.11,1.0,1.24,5.63,10.11,23.81,0.0,0.0,True,False,0.0,立昂微:国浩律师(上海)事务所关于杭州立昂微电子股份有限公司2025年年度股东会的法律意见书 | 立昂微:立昂微2025年年度股东会决议公告,法律意见书 | 分配方案决议公告 | 立昂微:国浩律师(上海)事务所关于杭州立昂微电子股份有限公司2025年年度股东会的法律意见书 | 立昂微:立昂微2025年年度股东会决议公告,,,False,,,,震荡,49.88,0.42,-1.16,0,2026-05-19,common_index_cache,0.92,0.26,-0.16,-1.07,-1.61,-0.67,9.59,9.27,80.95,观察池,False,人气Top50；当日涨停附近；收在日内高位；温和放量；近5日趋势升温；站上20日线且不过热；震荡市里保持相对强势；震荡市里承接未失控；v4多头排列技术加分；v4沿短均线抬升,v4乖离率过大；v4远离短中期均线；涨停封板不可买,涨停封板不可买，放观察池跟踪,v4
2026-05-19,002031,巨轮智能,23,19405.0,10jqka,post_close,2026-05-19 15:00:00,2026-05-14,4,4,5.0,-18.0,ok,2026-05-19,7.93,8.38,8.53,7.86,4558239.0,2.44,9.69,16.39,0.776,1.1,5.04,13.75,26.2,-4.77,0.224,False,False,0.0,,,,,False,,,,震荡,49.88,0.42,-1.16,0,2026-05-19,common_index_cache,0.92,0.26,-0.16,-1.07,-1.61,-0.67,2.02,17.55,56.95,不推送,False,人气Top50；收盘承接较强；温和放量；近5日趋势升温；站上20日线且不过热；连续上榜确认；震荡市里保持相对强势；震荡市里承接未失控；v4多头排列技术加分,v4乖离率过大；v4远离短中期均线,强势归纳版：这类形态历史胜率不占优，先留给更干净的强势样本。,v4
2026-05-19,001896,豫能控股,24,19290.0,10jqka,post_close,2026-05-19 15:00:00,2026-05-06,9,8,80.0,56.0,ok,2026-05-19,14.57,16.19,16.19,14.38,1346808.0,9.99,-3.75,-4.65,1.0,0.69,0.33,-1.3,-2.91,-16.55,0.0,True,False,0.0,,,,,False,,,,震荡,49.88,0.42,-1.16,0,2026-05-19,common_index_cache,0.92,0.26,-0.16,-1.07,-1.61,-0.67,9.57,-3.49,50.95,观察池,False,人气Top50；当日涨停附近；收在日内高位；持续霸榜；人气排名明显上升；震荡市里保持相对强势；震荡市里承接未失控,近5日趋势未确认；热度可能进入后段；v4趋势未转强且热度偏后；涨停封板不可买,涨停封板不可买，放观察池跟踪,v4
2026-05-19,688126,沪硅产业,25,19044.0,10jqka,post_close,2026-05-19 15:00:00,2026-05-19,1,1,,,ok,2026-05-19,24.41,29.52,29.52,23.96,260502277.0,20.0,18.22,16.86,1.0,1.77,14.67,19.99,31.62,0.0,0.0,True,False,0.0,,,,,True,,,,震荡,49.88,0.42,-1.16,0,2026-05-19,common_index_cache,0.92,0.26,-0.16,-1.07,-1.61,-0.67,19.58,18.02,68.95,观察池,False,人气Top50；当日涨停附近；收在日内高位；温和放量；近5日趋势升温；震荡市里保持相对强势；震荡市里承接未失控；v4多头排列技术加分；v4龙虎榜提示关注,偏离20日线较大；v4乖离率过大；v4远离短中期均线；涨停封板不可买,涨停封板不可买，放观察池跟踪,v4
2026-05-19,000811,冰轮环境,26,19006.0,10jqka,post_close,2026-05-19 15:00:00,2026-05-13,3,1,35.0,9.0,ok,2026-05-19,34.26,38.06,38.06,33.8,659131.0,10.0,13.07,31.65,1.0,1.09,11.13,23.41,43.17,0.0,0.0,True,False,0.0,,,1.68,1.68,True,,,,震荡,49.88,0.42,-1.16,0,2026-05-19,common_index_cache,0.92,0.26,-0.16,-1.07,-1.61,-0.67,9.58,32.81,65.95,观察池,False,人气Top50；当日涨停附近；收在日内高位；温和放量；近5日强势延续；震荡市里保持相对强势；震荡市里承接未失控；v4多头排列技术加分；v4主力资金净流入；v4龙虎榜提示关注,短线涨幅偏高；偏离20日线较大；v4乖离率过大；v4远离短中期均线；涨停封板不可买,涨停封板不可买，放观察池跟踪,v4
2026-05-19,002181,粤传媒,27,18915.0,10jqka,post_close,2026-05-19 15:00:00,2026-05-06,8,3,8.0,-19.0,ok,2026-05-19,16.37,15.95,16.73,15.95,1011913.0,-9.99,-10.89,-14.48,0.0,0.87,-10.55,-12.4,-1.14,-26.36,0.462,False,False,0.0,,,,,True,,,,震荡,49.88,0.42,-1.16,0,2026-05-19,common_index_cache,0.92,0.26,-0.16,-1.07,-1.61,-0.67,-10.41,-13.32,0.0,不推送,False,人气Top50；温和放量；连续上榜确认；v4龙虎榜提示关注,当日转弱；收盘承接偏弱；近5日趋势未确认；震荡市里相对走弱；v4长上影承接转弱；v4跌破短均线；v4趋势未转强且热度偏后,强势归纳版：这类形态历史胜率不占优，先留给更干净的强势样本。,v4
2026-05-19,603778,国晟科技,28,18836.0,10jqka,post_close,2026-05-19 15:00:00,2026-05-06,8,1,83.0,55.0,ok,2026-05-19,23.48,23.78,23.79,22.8,438757.0,5.88,5.55,-4.46,0.99,0.7,3.63,-2.83,-6.64,-30.61,0.01,False,False,0.0,,,,,False,,,,震荡,49.88,0.42,-1.16,0,2026-05-19,common_index_cache,0.92,0.26,-0.16,-1.07,-1.61,-0.67,5.46,-3.3,23.95,不推送,False,人气Top50；当日上涨；收在日内高位；人气排名明显上升；震荡市里保持相对强势；震荡市里承接未失控,近5日趋势未确认；仍在20日线下方；v4短线偏离MA5过多,强势归纳版：这类形态历史胜率不占优，先留给更干净的强势样本。,v4
2026-05-19,002185,华天科技,29,18721.0,10jqka,post_close,2026-05-19 15:00:00,2026-05-06,8,3,42.0,13.0,ok,2026-05-19,14.5,15.3,15.44,14.23,3419095.0,4.15,7.29,6.03,0.884,1.39,4.54,6.51,12.98,-0.91,0.116,False,False,0.0,,,,,False,,,,震荡,49.88,0.42,-1.16,0,2026-05-19,common_index_cache,0.92,0.26,-0.16,-1.07,-1.61,-0.67,3.73,7.19,93.95,普通观察,True,人气Top50；当日上涨；收盘承接较强；温和放量；近5日趋势升温；站上20日线且不过热；连续上榜确认；人气排名明显上升；震荡市里保持相对强势；震荡市里承接未失控；v4多头排列技术加分；v4放量突破但不过热；v4沿短均线抬升,v4短线偏离MA5过多,强势归纳版：保留在候选池，优先跟踪早段强势和缩量承接，不主动接后段退潮样本。,v4
2026-05-19,002364,中恒电气,30,18269.0,10jqka,post_close,2026-05-19 15:00:00,2026-05-06,3,1,82.0,52.0,ok,2026-05-19,48.67,52.87,53.77,48.18,656037.0,7.55,8.47,20.16,0.839,1.03,7.02,12.0,18.61,-1.67,0.161,False,False,0.0,,,,,False,,,,震荡,49.88,0.42,-1.16,0,2026-05-19,common_index_cache,0.92,0.26,-0.16,-1.07,-1.61,-0.67,7.13,21.32,68.95,不推送,False,人气Top50；当日强涨；收盘承接较强；温和放量；近5日趋势升温；站上20日线且不过热；人气排名明显上升；震荡市里保持相对强势；震荡市里承接未失控；v4多头排列技术加分,v4乖离率过大；v4远离短中期均线,强势归纳版：这类形态历史胜率不占优，先留给更干净的强势样本。,v4
2026-05-19,002580,圣阳股份,31,18090.0,10jqka,post_close,2026-05-19 15:00:00,2026-05-06,10,10,26.0,-5.0,ok,2026-05-19,27.05,27.5,28.0,25.49,1116645.0,3.97,-12.2,-19.52,0.801,0.96,-7.26,-11.09,-8.08,-24.66,0.199,False,False,0.0,圣阳股份:关于股票交易异常波动暨风险提示的公告,股票交易异常波动 | 圣阳股份:关于股票交易异常波动暨风险提示的公告,,,True,,,,震荡,49.88,0.42,-1.16,0,2026-05-19,common_index_cache,0.92,0.26,-0.16,-1.07,-1.61,-0.67,3.55,-18.36,33.95,不推送,False,人气Top50；当日上涨；收盘承接较强；温和放量；持续霸榜；震荡市里保持相对强势；震荡市里承接未失控；v4龙虎榜活跃,近5日趋势未确认；仍在20日线下方；热度可能进入后段；v4趋势未转强且热度偏后；v4事件谨慎扣分（风险提示/异常波动）,强势归纳版：这类形态历史胜率不占优，先留给更干净的强势样本。,v4
2026-05-19,300632,光莆股份,32,17371.0,10jqka,post_close,2026-05-19 15:00:00,2026-05-19,1,1,,,ok,2026-05-19,33.34,42.24,42.24,32.52,754613.0,20.0,32.62,48.42,1.0,1.02,20.49,39.37,74.01,0.0,0.0,True,False,0.0,,,,,True,,,,震荡,49.88,0.42,-1.16,0,2026-05-19,common_index_cache,0.92,0.26,-0.16,-1.07,-1.61,-0.67,19.58,49.58,38.95,观察池,False,人气Top50；当日涨停附近；收在日内高位；温和放量；震荡市里保持相对强势；震荡市里承接未失控；v4多头排列技术加分；v4龙虎榜提示关注,短线涨幅过热；远离20日线过多；v4乖离率过大；v4远离短中期均线；涨停封板不可买,涨停封板不可买，放观察池跟踪,v4
2026-05-19,002149,西部材料,33,17000.0,10jqka,post_close,2026-05-19 15:00:00,2026-05-06,9,2,21.0,-12.0,ok,2026-05-19,73.95,68.24,75.83,67.57,880537.0,-7.66,-1.1,-8.21,0.081,1.11,-3.92,-5.31,3.46,-13.48,0.228,False,False,0.0,西部材料:西部材料第八届董事会第二十五次会议决议公告 | 西部材料:西部金属材料股份有限公司关于独立董事取得上市公司独立董事培训证明的公告,董事会决议公告 | 其他 | 西部材料:西部材料第八届董事会第二十五次会议决议公告 | 西部材料:西部金属材料股份有限公司关于独立董事取得上市公司独立董事培训证明的公告,,,True,,,,震荡,49.88,0.42,-1.16,0,2026-05-19,common_index_cache,0.92,0.26,-0.16,-1.07,-1.61,-0.67,-8.08,-7.05,0.0,不推送,False,人气Top50；温和放量；站上20日线且不过热；连续上榜确认；v4龙虎榜提示关注,当日转弱；收盘承接偏弱；近5日趋势未确认；震荡市里相对走弱；v4跌破短均线,强势归纳版：这类形态历史胜率不占优，先留给更干净的强势样本。,v4
2026-05-19,603629,利通电子,34,16568.0,10jqka,post_close,2026-05-19 15:00:00,2026-05-06,10,10,41.0,7.0,ok,2026-05-19,170.0,174.3,175.93,166.5,252935.0,-0.16,2.29,11.01,0.827,0.69,1.1,4.59,23.7,-3.97,0.173,False,False,0.0,,,,,False,,,,震荡,49.88,0.42,-1.16,0,2026-05-19,common_index_cache,0.92,0.26,-0.16,-1.07,-1.61,-0.67,-0.58,12.17,61.3,不推送,False,人气Top50；收盘承接较强；近5日趋势升温；站上20日线且不过热；持续霸榜；震荡市里保持相对强势；v4多头排列技术加分；v4缩量回踩MA5；v4沿短均线抬升,当日转弱；热度可能进入后段,强势归纳版：这类形态历史胜率不占优，先留给更干净的强势样本。,v4
2026-05-19,601138,工业富联,35,16267.0,10jqka,post_close,2026-05-19 15:00:00,2026-05-06,10,10,14.0,-21.0,ok,2026-05-19,68.3,68.56,69.04,66.4,1914641.0,-0.61,-0.06,6.46,0.818,0.59,-0.52,3.04,4.38,-7.35,0.182,False,False,0.0,工业富联:富士康工业互联网股份有限公司投资者关系活动记录表-20260515-20260518,调研活动 | 工业富联:富士康工业互联网股份有限公司投资者关系活动记录表-20260515-20260518,,,False,,,,震荡,49.88,0.42,-1.16,0,2026-05-19,common_index_cache,0.92,0.26,-0.16,-1.07,-1.61,-0.67,-1.03,7.62,27.3,不推送,False,人气Top50；收盘承接较强；近5日趋势升温；站上20日线且不过热；持续霸榜；震荡市里保持相对强势,当日转弱；热度可能进入后段；人气排名明显回落；v4趋势未转强且热度偏后,强势归纳版：这类形态历史胜率不占优，先留给更干净的强势样本。,v4
2026-05-19,603601,再升科技,36,16134.0,10jqka,post_close,2026-05-19 15:00:00,2026-05-06,9,2,19.0,-17.0,ok,2026-05-19,19.1,17.99,19.99,17.56,3055659.0,-3.07,8.57,6.64,0.177,1.49,2.15,2.93,9.77,-10.01,0.366,False,False,0.0,,,,,True,,,,震荡,49.88,0.42,-1.16,0,2026-05-19,common_index_cache,0.92,0.26,-0.16,-1.07,-1.61,-0.67,-3.49,7.8,39.3,不推送,False,人气Top50；温和放量；近5日趋势升温；站上20日线且不过热；连续上榜确认；震荡市里保持相对强势；v4多头排列技术加分；v4龙虎榜提示关注,当日转弱；收盘承接偏弱；v4长上影承接转弱,强势归纳版：这类形态历史胜率不占优，先留给更干净的强势样本。,v4
2026-05-19,002421,达实智能,37,15788.0,10jqka,post_close,2026-05-19 15:00:00,2026-05-18,2,2,43.0,6.0,ok,2026-05-19,3.88,3.88,3.88,3.88,625609.0,9.92,32.88,31.53,1.0,0.41,17.08,22.9,29.74,0.0,0.0,True,True,0.0,达实智能:广东信达律师事务所关于深圳达实智能股份有限公司2025年度股东会的法律意见书 | 达实智能:第九届董事会第五次会议决议公告 | 达实智能:2025年度股东会决议公告,法律意见书 | 高管人员任职变动 | 分配方案决议公告 | 达实智能:广东信达律师事务所关于深圳达实智能股份有限公司2025年度股东会的法律意见书 | 达实智能:第九届董事会第五次会议决议公告 | 达实智能:2025年度股东会决议公告,,,False,,,,震荡,49.88,0.42,-1.16,0,2026-05-19,common_index_cache,0.92,0.26,-0.16,-1.07,-1.61,-0.67,9.5,32.69,39.95,观察池,False,人气Top50；当日涨停附近；收在日内高位；近5日强势延续；连续上榜确认；震荡市里保持相对强势；震荡市里承接未失控；v4多头排列技术加分,量能不足；短线涨幅偏高；偏离20日线较大；一字或近似一字，参与点差；v4乖离率过大；v4远离短中期均线；一字板不可买,一字板不可买，放观察池跟踪,v4
2026-05-19,300657,弘信电子,38,15579.0,10jqka,post_close,2026-05-19 15:00:00,2026-05-18,2,2,55.0,17.0,ok,2026-05-19,48.01,52.08,52.08,48.01,853854.0,20.0,37.92,38.07,1.0,2.08,24.81,29.54,37.35,0.0,0.0,True,False,0.0,,,,,True,,,,震荡,49.88,0.42,-1.16,0,2026-05-19,common_index_cache,0.92,0.26,-0.16,-1.07,-1.61,-0.67,19.58,39.23,59.95,观察池,False,人气Top50；当日涨停附近；收在日内高位；放量仍可控；近5日强势延续；连续上榜确认；人气排名明显上升；震荡市里保持相对强势；震荡市里承接未失控；v4多头排列技术加分；v4龙虎榜提示关注,短线涨幅偏高；偏离20日线较大；v4乖离率过大；v4远离短中期均线；v4放量冲高过热；涨停封板不可买,涨停封板不可买，放观察池跟踪,v4
2026-05-19,002407,多氟多,39,15117.0,10jqka,post_close,2026-05-19 15:00:00,2026-05-06,7,3,9.0,-30.0,ok,2026-05-19,37.02,37.18,37.99,36.04,1757476.0,-1.61,12.16,8.33,0.585,1.17,3.95,3.48,8.27,-6.37,0.415,False,False,0.0,,,,,False,,,,震荡,49.88,0.42,-1.16,0,2026-05-19,common_index_cache,0.92,0.26,-0.16,-1.07,-1.61,-0.67,-2.03,9.49,24.3,不推送,False,人气Top50；温和放量；近5日趋势升温；站上20日线且不过热；连续上榜确认；震荡市里保持相对强势,当日转弱；人气排名明显回落；v4短线偏离MA5过多；v4长上影承接转弱；v4趋势未转强且热度偏后,强势归纳版：这类形态历史胜率不占优，先留给更干净的强势样本。,v4
2026-05-19,603986,兆易创新,40,14953.0,10jqka,post_close,2026-05-19 15:00:00,2026-05-06,8,3,10.0,-30.0,ok,2026-05-19,390.0,404.56,410.0,380.02,553101.0,1.14,13.58,14.43,0.819,1.06,6.4,10.98,21.12,-2.01,0.181,False,False,0.0,,,,,False,,,,震荡,49.88,0.42,-1.16,0,2026-05-19,common_index_cache,0.92,0.26,-0.16,-1.07,-1.61,-0.67,0.72,15.59,52.95,不推送,False,人气Top50；收盘承接较强；温和放量；近5日趋势升温；站上20日线且不过热；连续上榜确认；震荡市里保持相对强势；震荡市里承接未失控；v4多头排列技术加分,人气排名明显回落；v4乖离率过大；v4远离短中期均线,强势归纳版：这类形态历史胜率不占优，先留给更干净的强势样本。,v4
2026-05-19,300433,蓝思科技,41,14470.0,10jqka,post_close,2026-05-19 15:00:00,2026-05-11,6,5,3.0,-38.0,ok,2026-05-19,38.0,37.96,39.42,37.01,2399764.0,-1.91,17.49,24.54,0.394,1.12,7.92,18.64,30.08,-6.27,0.589,False,False,0.0,,,,,False,,,,震荡,49.88,0.42,-1.16,0,2026-05-19,common_index_cache,0.92,0.26,-0.16,-1.07,-1.61,-0.67,-2.33,25.7,0.0,不推送,False,人气Top50；温和放量；近5日趋势升温；持续霸榜；震荡市里保持相对强势；v4多头排列技术加分,当日转弱；收盘承接偏弱；偏离20日线较大；热度可能进入后段；人气排名明显回落；v4乖离率过大；v4远离短中期均线；v4长上影承接转弱,强势归纳版：这类形态历史胜率不占优，先留给更干净的强势样本。,v4
2026-05-19,603881,数据港,42,14250.0,10jqka,post_close,2026-05-19 15:00:00,2026-05-19,1,1,,,ok,2026-05-19,41.15,42.73,43.0,40.85,813184.0,2.91,3.76,6.21,0.874,0.94,2.05,4.18,7.78,-5.3,0.126,False,False,0.0,,,,,False,,,,震荡,49.88,0.42,-1.16,0,2026-05-19,common_index_cache,0.92,0.26,-0.16,-1.07,-1.61,-0.67,2.49,7.37,90.95,普通观察,True,人气Top50；收盘承接较强；温和放量；近5日趋势升温；站上20日线且不过热；震荡市里保持相对强势；震荡市里承接未失控；v4多头排列技术加分；v4缩量回踩MA5；v4靠近MA10承接；v4沿短均线抬升,-,强势归纳版：保留在候选池，优先跟踪早段强势和缩量承接，不主动接后段退潮样本。,v4
2026-05-19,600021,上海电力,43,14123.0,10jqka,post_close,2026-05-19 15:00:00,2026-05-19,1,1,,,ok,2026-05-19,16.8,18.45,18.45,16.56,779936.0,10.02,5.19,3.13,1.0,1.12,4.92,4.08,4.46,-17.49,0.0,True,False,0.0,,,,,False,,,,震荡,49.88,0.42,-1.16,0,2026-05-19,common_index_cache,0.92,0.26,-0.16,-1.07,-1.61,-0.67,9.6,4.29,67.95,观察池,False,人气Top50；当日涨停附近；收在日内高位；温和放量；站上20日线且不过热；震荡市里保持相对强势；震荡市里承接未失控,v4短线偏离MA5过多；涨停封板不可买,涨停封板不可买，放观察池跟踪,v4
2026-05-19,600703,三安光电,44,13107.0,10jqka,post_close,2026-05-19 15:00:00,2026-05-06,10,10,78.0,34.0,ok,2026-05-19,16.1,16.85,16.98,15.64,3144009.0,4.14,-3.44,0.78,0.903,0.82,0.92,4.44,10.93,-10.23,0.097,False,False,0.0,,,,,False,,,,震荡,49.88,0.42,-1.16,0,2026-05-19,common_index_cache,0.92,0.26,-0.16,-1.07,-1.61,-0.67,3.72,1.94,88.95,普通观察,True,人气Top50；当日上涨；收在日内高位；温和放量；站上20日线且不过热；持续霸榜；人气排名明显上升；震荡市里保持相对强势；震荡市里承接未失控；v4多头排列技术加分；v4缩量回踩MA5,热度可能进入后段,强势归纳版：保留在候选池，优先跟踪早段强势和缩量承接，不主动接后段退潮样本。,v4
2026-05-19,300308,中际旭创,45,12993.0,10jqka,post_close,2026-05-19 15:00:00,2026-05-06,10,10,76.0,31.0,ok,2026-05-19,1026.0,1030.0,1037.38,988.88,272749.0,-1.44,-4.45,1.18,0.848,0.96,-1.94,4.78,11.7,-6.35,0.152,False,False,0.0,,,,,False,,,,震荡,49.88,0.42,-1.16,0,2026-05-19,common_index_cache,0.92,0.26,-0.16,-1.07,-1.61,-0.67,-1.86,2.34,37.3,不推送,False,人气Top50；收盘承接较强；温和放量；站上20日线且不过热；持续霸榜；人气排名明显上升；震荡市里保持相对强势,当日转弱；热度可能进入后段；v4趋势未转强且热度偏后,强势归纳版：这类形态历史胜率不占优，先留给更干净的强势样本。,v4
2026-05-19,002050,三花智控,46,12953.0,10jqka,post_close,2026-05-19 15:00:00,2026-05-06,10,10,20.0,-26.0,ok,2026-05-19,53.0,52.33,53.8,51.82,1465682.0,-1.11,5.87,2.77,0.258,0.78,1.32,2.5,8.33,-4.89,0.404,False,False,0.0,三花智控:关于举办2025年度业绩说明会的公告,其他 | 三花智控:关于举办2025年度业绩说明会的公告,,,False,,,,震荡,49.88,0.42,-1.16,0,2026-05-19,common_index_cache,0.92,0.26,-0.16,-1.07,-1.61,-0.67,-1.53,3.93,3.3,不推送,False,人气Top50；站上20日线且不过热；持续霸榜；震荡市里保持相对强势；v4多头排列技术加分,当日转弱；收盘承接偏弱；热度可能进入后段；人气排名明显回落；v4长上影承接转弱,强势归纳版：这类形态历史胜率不占优，先留给更干净的强势样本。,v4
2026-05-19,603773,沃格光电,47,12867.0,10jqka,post_close,2026-05-19 15:00:00,2026-05-06,5,3,71.0,24.0,ok,2026-05-19,61.39,70.73,74.0,61.39,443165.0,4.8,-15.11,-13.49,0.741,2.12,-8.05,-6.26,2.96,-20.42,0.259,False,False,0.0,沃格光电:江西沃格光电集团股份有限公司股票交易异常波动公告,股票交易异常波动 | 沃格光电:江西沃格光电集团股份有限公司股票交易异常波动公告,,,True,,,,震荡,49.88,0.42,-1.16,0,2026-05-19,common_index_cache,0.92,0.26,-0.16,-1.07,-1.61,-0.67,4.38,-12.33,41.3,不推送,False,人气Top50；当日上涨；放量仍可控；站上20日线且不过热；连续上榜确认；人气排名明显上升；震荡市里保持相对强势；v4龙虎榜活跃,近5日趋势未确认；v4趋势未转强且热度偏后；v4事件谨慎扣分（异常波动）,强势归纳版：这类形态历史胜率不占优，先留给更干净的强势样本。,v4
2026-05-19,300058,蓝色光标,48,12645.0,10jqka,post_close,2026-05-19 15:00:00,2026-05-06,9,8,35.0,-13.0,ok,2026-05-19,17.73,18.6,19.0,17.53,5026039.0,3.91,7.2,2.14,0.728,1.19,2.93,1.35,2.21,-10.1,0.272,False,False,0.0,蓝色光标:对外担保的进展公告,提供/对外担保公告 | 蓝色光标:对外担保的进展公告,,,False,,,,震荡,49.88,0.42,-1.16,0,2026-05-19,common_index_cache,0.92,0.26,-0.16,-1.07,-1.61,-0.67,3.49,3.3,41.3,不推送,False,人气Top50；当日上涨；温和放量；站上20日线且不过热；持续霸榜；震荡市里保持相对强势,热度可能进入后段；v4趋势未转强且热度偏后,强势归纳版：这类形态历史胜率不占优，先留给更干净的强势样本。,v4
2026-05-19,002617,露笑科技,49,12604.0,10jqka,post_close,2026-05-19 15:00:00,2026-05-14,4,4,69.0,20.0,ok,2026-05-19,8.92,9.45,9.69,8.7,3472077.0,3.62,-2.58,13.45,0.758,1.21,1.72,8.51,14.72,-7.71,0.242,False,False,0.0,,,,,False,,,,震荡,49.88,0.42,-1.16,0,2026-05-19,common_index_cache,0.92,0.26,-0.16,-1.07,-1.61,-0.67,3.2,14.61,80.95,普通观察,True,人气Top50；当日上涨；收盘承接较强；温和放量；近5日趋势升温；站上20日线且不过热；连续上榜确认；人气排名明显上升；震荡市里保持相对强势；震荡市里承接未失控；v4多头排列技术加分,v4远离短中期均线,强势归纳版：保留在候选池，优先跟踪早段强势和缩量承接，不主动接后段退潮样本。,v4
2026-05-19,002361,神剑股份,50,12422.0,10jqka,post_close,2026-05-19 15:00:00,2026-05-06,10,10,57.0,7.0,ok,2026-05-19,18.74,18.29,19.0,17.7,1671256.0,-3.28,-2.3,-9.68,0.454,0.86,-4.24,-9.77,-11.89,-23.63,0.2,False,False,0.0,,,,,False,,,,震荡,49.88,0.42,-1.16,0,2026-05-19,common_index_cache,0.92,0.26,-0.16,-1.07,-1.61,-0.67,-3.7,-8.52,0.0,不推送,False,人气Top50；温和放量；持续霸榜,当日转弱；近5日趋势未确认；仍在20日线下方；热度可能进入后段；震荡市里相对走弱；v4跌破短均线；v4趋势未转强且热度偏后,强势归纳版：这类形态历史胜率不占优，先留给更干净的强势样本。,v4
2026-05-19,688008,澜起科技,51,12358.0,10jqka,post_close,2026-05-19 15:00:00,2026-05-06,5,1,55.0,4.0,ok,2026-05-19,239.05,247.11,249.6,233.08,69032232.0,-0.35,-6.78,2.66,0.849,0.71,-2.48,4.0,22.9,-12.37,0.151,False,False,0.0,,,,,False,,,,震荡,49.88,0.42,-1.16,0,2026-05-19,common_index_cache,0.92,0.26,-0.16,-1.07,-1.61,-0.67,-0.77,3.82,9.65,不推送,False,收盘承接较强；站上20日线且不过热；震荡市里保持相对强势,当日转弱；后段人气股在偏弱环境里更谨慎,强势归纳版：这类形态历史胜率不占优，先留给更干净的强势样本。,v4
2026-05-19,002015,协鑫能科,52,12301.0,10jqka,post_close,2026-05-19 15:00:00,2026-05-06,9,7,86.0,34.0,ok,2026-05-19,21.46,22.39,22.95,20.98,1732276.0,4.29,-4.72,5.32,0.716,0.78,-0.45,4.38,10.63,-12.64,0.284,False,False,0.0,,,,,False,,,,震荡,49.88,0.42,-1.16,0,2026-05-19,common_index_cache,0.92,0.26,-0.16,-1.07,-1.61,-0.67,3.87,6.48,33.65,不推送,False,当日上涨；近5日趋势升温；站上20日线且不过热；持续霸榜；人气排名明显上升；震荡市里保持相对强势,热度可能进入后段；后段人气股在偏弱环境里更谨慎；v4趋势未转强且热度偏后,强势归纳版：这类形态历史胜率不占优，先留给更干净的强势样本。,v4
2026-05-19,000858,五粮液,53,11745.0,10jqka,post_close,2026-05-19 15:00:00,2026-05-06,9,7,30.0,-23.0,ok,2026-05-19,85.8,85.78,87.25,85.41,304941.0,0.25,-3.61,-5.28,0.201,0.73,-1.71,-4.23,-9.66,-21.44,0.788,False,False,0.0,五粮液:关于回购股份事项通知债权人的公告 | 五粮液:2026年第一次临时股东会决议公告 | 五粮液:《董事、高级管理人员薪酬管理制度》,通知债权人公告 | 分配方案决议公告 | 管理办法/制度 | 五粮液:关于回购股份事项通知债权人的公告 | 五粮液:2026年第一次临时股东会决议公告 | 五粮液:《董事、高级管理人员薪酬管理制度》,-14.59,-14.59,False,,,,震荡,49.88,0.42,-1.16,0,2026-05-19,common_index_cache,0.92,0.26,-0.16,-1.07,-1.61,-0.67,-0.17,-4.12,0.0,不推送,False,持续霸榜；v4事件催化加分（回购）,收盘承接偏弱；近5日趋势未确认；仍在20日线下方；热度可能进入后段；人气排名明显回落；上影线偏长；震荡市里相对走弱；后段人气股在偏弱环境里更谨慎；v4长上影承接转弱；v4正涨但收盘承接一般；v4趋势未转强且热度偏后；v4主力资金强净流出；v4拉升但资金未跟随,强势归纳版：这类形态历史胜率不占优，先留给更干净的强势样本。,v4
2026-05-19,600379,宝光股份,54,11683.0,10jqka,post_close,2026-05-19 15:00:00,2026-05-06,9,2,75.0,21.0,ok,2026-05-19,15.61,15.11,15.96,15.11,685291.0,-10.01,-20.22,-12.1,0.0,0.91,-14.55,-14.68,-1.82,-27.36,0.412,False,False,0.0,,,,,True,,,,震荡,49.88,0.42,-1.16,0,2026-05-19,common_index_cache,0.92,0.26,-0.16,-1.07,-1.61,-0.67,-10.43,-10.94,0.0,不推送,False,温和放量；连续上榜确认；人气排名明显上升；v4龙虎榜提示关注,当日转弱；收盘承接偏弱；近5日趋势未确认；震荡市里相对走弱；后段人气股在偏弱环境里更谨慎；v4长上影承接转弱；v4跌破短均线,强势归纳版：这类形态历史胜率不占优，先留给更干净的强势样本。,v4
2026-05-19,002929,润建股份,55,11657.0,10jqka,post_close,2026-05-19 15:00:00,2026-05-07,7,6,34.0,-21.0,ok,2026-05-19,92.2,97.78,100.09,91.33,410024.0,1.86,12.52,22.53,0.736,0.91,5.95,17.4,39.3,-2.31,0.264,False,False,0.0,润建股份:关于召开2025年度股东会的通知 | 润建股份:董事会薪酬与考核委员会工作细则(草案)(H股发行并上市后适用) | 润建股份:利益冲突管理制度(草案)(H股发行并上市后适用),召开股东大会通知 | 议事规则/实施细则 | 管理办法/制度 | 润建股份:关于召开2025年度股东会的通知 | 润建股份:董事会薪酬与考核委员会工作细则(草案)(H股发行并上市后适用) | 润建股份:利益冲突管理制度(草案)(H股发行并上市后适用),,,False,,,,震荡,49.88,0.42,-1.16,0,2026-05-19,common_index_cache,0.92,0.26,-0.16,-1.07,-1.61,-0.67,1.44,23.69,17.65,不推送,False,温和放量；近5日趋势升温；持续霸榜；震荡市里保持相对强势；v4多头排列技术加分,偏离20日线较大；热度可能进入后段；人气排名明显回落；后段人气股在偏弱环境里更谨慎；v4乖离率过大；v4远离短中期均线,强势归纳版：这类形态历史胜率不占优，先留给更干净的强势样本。,v4
2026-05-19,002600,领益智造,56,11529.0,10jqka,post_close,2026-05-19 15:00:00,2026-05-08,5,4,51.0,-5.0,ok,2026-05-19,17.46,16.91,17.63,16.51,3141347.0,-0.82,3.24,13.19,0.357,0.83,2.35,8.09,13.05,-5.32,0.152,False,False,0.0,领益智造:关于为子公司提供担保的进展公告,提供/对外担保公告 | 领益智造:关于为子公司提供担保的进展公告,,,False,,,,震荡,49.88,0.42,-1.16,0,2026-05-19,common_index_cache,0.92,0.26,-0.16,-1.07,-1.61,-0.67,-1.24,14.35,29.65,不推送,False,温和放量；近5日趋势升温；站上20日线且不过热；连续上榜确认；震荡市里保持相对强势；v4多头排列技术加分；v4沿短均线抬升,当日转弱；收盘承接偏弱；后段人气股在偏弱环境里更谨慎；v4远离短中期均线,强势归纳版：这类形态历史胜率不占优，先留给更干净的强势样本。,v4
2026-05-19,600105,永鼎股份,57,11370.0,10jqka,post_close,2026-05-19 15:00:00,2026-05-07,9,9,54.0,-3.0,ok,2026-05-19,50.7,50.47,50.97,47.93,1121210.0,-2.1,-6.52,-3.54,0.836,0.71,-2.7,0.1,6.16,-10.5,0.089,False,False,0.0,,,,,False,,,,震荡,49.88,0.42,-1.16,0,2026-05-19,common_index_cache,0.92,0.26,-0.16,-1.07,-1.61,-0.67,-2.52,-2.38,0.0,不推送,False,收盘承接较强；站上20日线且不过热；持续霸榜,当日转弱；近5日趋势未确认；热度可能进入后段；震荡市里相对走弱；后段人气股在偏弱环境里更谨慎；v4趋势未转强且热度偏后,强势归纳版：这类形态历史胜率不占优，先留给更干净的强势样本。,v4
2026-05-19,002709,天赐材料,58,10919.0,10jqka,post_close,2026-05-19 15:00:00,2026-05-06,10,10,60.0,2.0,ok,2026-05-19,55.66,54.44,55.89,53.15,963140.0,-2.73,-1.93,-7.08,0.471,0.83,-3.26,-6.9,-2.56,-16.22,0.084,False,False,0.0,,,,,False,,,,震荡,49.88,0.42,-1.16,0,2026-05-19,common_index_cache,0.92,0.26,-0.16,-1.07,-1.61,-0.67,-3.15,-5.92,0.0,不推送,False,温和放量；持续霸榜,当日转弱；近5日趋势未确认；热度可能进入后段；震荡市里相对走弱；后段人气股在偏弱环境里更谨慎；v4跌破短均线；v4趋势未转强且热度偏后,强势归纳版：这类形态历史胜率不占优，先留给更干净的强势样本。,v4
2026-05-19,688012,中微公司,59,10897.0,10jqka,post_close,2026-05-19 15:00:00,2026-05-15,2,1,35.0,-24.0,ok,2026-05-19,432.17,479.51,480.0,428.1,30037968.0,9.29,23.85,23.44,0.991,1.24,11.83,18.28,29.61,-0.1,0.009,False,False,0.0,,,,,False,,,,震荡,49.88,0.42,-1.16,0,2026-05-19,common_index_cache,0.92,0.26,-0.16,-1.07,-1.61,-0.67,8.87,24.6,47.3,不推送,False,当日强涨；收在日内高位；温和放量；近5日趋势升温；震荡市里保持相对强势；震荡市里承接未失控；v4多头排列技术加分,偏离20日线较大；人气排名明显回落；后段人气股在偏弱环境里更谨慎；v4乖离率过大；v4远离短中期均线,强势归纳版：这类形态历史胜率不占优，先留给更干净的强势样本。,v4
2026-05-19,002156,通富微电,60,10860.0,10jqka,post_close,2026-05-19 15:00:00,2026-05-06,10,10,64.0,4.0,ok,2026-05-18,57.6,58.07,60.11,57.06,1347766.0,1.84,-4.58,-5.15,0.331,0.87,-0.85,0.29,8.91,-6.68,0.669,False,False,1.0,,,,,False,,,,震荡,49.88,0.42,-1.16,0,2026-05-19,common_index_cache,0.92,0.26,-0.16,-1.07,-1.61,-0.67,1.42,-3.99,0.0,不推送,False,温和放量；站上20日线且不过热；持续霸榜；震荡市里保持相对强势,收盘承接偏弱；近5日趋势未确认；热度可能进入后段；上影线偏长；后段人气股在偏弱环境里更谨慎；v4长上影承接转弱；v4正涨但收盘承接一般；v4趋势未转强且热度偏后,强势归纳版：这类形态历史胜率不占优，先留给更干净的强势样本。,v4
2026-05-19,601728,中国电信,61,10769.0,10jqka,post_close,2026-05-19 15:00:00,2026-05-19,1,1,,,ok,2026-05-19,6.75,7.12,7.39,6.68,8195957.0,4.4,13.74,16.34,0.62,2.94,8.74,13.03,16.21,-3.65,0.38,False,False,0.0,,,,,False,,,,震荡,49.88,0.42,-1.16,0,2026-05-19,common_index_cache,0.92,0.26,-0.16,-1.07,-1.61,-0.67,3.98,17.5,15.65,不推送,False,当日上涨；近5日趋势升温；站上20日线且不过热；震荡市里保持相对强势；v4多头排列技术加分,后段人气股在偏弱环境里更谨慎；v4乖离率过大；v4远离短中期均线；v4长上影承接转弱,强势归纳版：这类形态历史胜率不占优，先留给更干净的强势样本。,v4
2026-05-19,688521,芯原股份,62,10753.0,10jqka,post_close,2026-05-19 15:00:00,2026-05-19,1,1,,,ok,2026-05-19,257.37,299.91,301.0,252.78,40558824.0,15.57,12.79,10.27,0.977,1.53,10.63,10.65,16.76,-0.36,0.023,True,False,0.0,,,,,False,,,,震荡,49.88,0.42,-1.16,0,2026-05-19,common_index_cache,0.92,0.26,-0.16,-1.07,-1.61,-0.67,15.15,11.43,67.3,观察池,False,当日涨停附近；收在日内高位；温和放量；近5日趋势升温；站上20日线且不过热；震荡市里保持相对强势；震荡市里承接未失控；v4多头排列技术加分,后段人气股在偏弱环境里更谨慎；v4乖离率过大；v4远离短中期均线；涨停封板不可买,涨停封板不可买，放观察池跟踪,v4
2026-05-19,002297,博云新材,63,10713.0,10jqka,post_close,2026-05-19 15:00:00,2026-05-06,10,10,40.0,-23.0,ok,2026-05-19,25.0,24.0,25.29,23.23,1294267.0,-5.44,-3.65,-0.41,0.374,0.85,-4.98,-4.0,3.94,-11.89,0.141,False,False,0.0,博云新材:第七届董事会第二十八次会议决议公告 | 博云新材:关于变更公司董事会秘书的公告,高管人员任职变动 | 博云新材:第七届董事会第二十八次会议决议公告 | 博云新材:关于变更公司董事会秘书的公告,,,False,,,,震荡,49.88,0.42,-1.16,0,2026-05-19,common_index_cache,0.92,0.26,-0.16,-1.07,-1.61,-0.67,-5.86,0.75,0.0,不推送,False,温和放量；站上20日线且不过热；持续霸榜,当日转弱；收盘承接偏弱；近5日趋势未确认；热度可能进入后段；人气排名明显回落；震荡市里相对走弱；后段人气股在偏弱环境里更谨慎；v4跌破短均线；v4趋势未转强且热度偏后,强势归纳版：这类形态历史胜率不占优，先留给更干净的强势样本。,v4
2026-05-19,002196,方正电机,64,10672.0,10jqka,post_close,2026-05-19 15:00:00,2026-05-15,3,3,33.0,-31.0,ok,2026-05-18,15.67,16.16,16.38,15.67,1382282.0,5.21,10.68,9.71,0.69,2.93,8.34,9.83,11.85,-12.65,0.31,False,False,1.0,,,,,True,,,,震荡,49.88,0.42,-1.16,0,2026-05-19,common_index_cache,0.92,0.26,-0.16,-1.07,-1.61,-0.67,4.79,10.87,27.65,不推送,False,当日上涨；近5日趋势升温；站上20日线且不过热；连续上榜确认；震荡市里保持相对强势；v4多头排列技术加分；v4龙虎榜提示关注,人气排名明显回落；后段人气股在偏弱环境里更谨慎；v4乖离率过大；v4远离短中期均线,强势归纳版：这类形态历史胜率不占优，先留给更干净的强势样本。,v4
2026-05-19,001309,德明利,65,10625.0,10jqka,post_close,2026-05-19 15:00:00,2026-05-06,7,1,81.0,16.0,ok,2026-05-19,712.0,699.16,716.0,672.94,150562.0,-4.88,-3.12,13.13,0.609,0.85,-1.46,5.99,19.7,-8.0,0.093,False,False,0.0,,,,,False,,,,震荡,49.88,0.42,-1.16,0,2026-05-19,common_index_cache,0.92,0.26,-0.16,-1.07,-1.61,-0.67,-5.3,14.29,29.65,不推送,False,温和放量；近5日趋势升温；站上20日线且不过热；人气排名明显上升；震荡市里保持相对强势,当日转弱；后段人气股在偏弱环境里更谨慎,强势归纳版：这类形态历史胜率不占优，先留给更干净的强势样本。,v4
2026-05-19,002354,天娱数科,66,10583.0,10jqka,post_close,2026-05-19 15:00:00,2026-05-19,1,1,,,ok,2026-05-19,7.01,7.13,7.49,6.9,3687487.0,0.71,12.82,10.54,0.39,2.58,6.39,8.92,16.21,-7.52,0.61,False,False,0.0,,,,,False,,,,震荡,49.88,0.42,-1.16,0,2026-05-19,common_index_cache,0.92,0.26,-0.16,-1.07,-1.61,-0.67,0.29,11.7,0.0,不推送,False,放量仍可控；近5日趋势升温；站上20日线且不过热；震荡市里保持相对强势；v4多头排列技术加分,收盘承接偏弱；上影线偏长；后段人气股在偏弱环境里更谨慎；v4乖离率过大；v4远离短中期均线；v4长上影承接转弱；v4正涨但收盘承接一般,强势归纳版：这类形态历史胜率不占优，先留给更干净的强势样本。,v4
2026-05-19,001259,利仁科技,67,10528.0,10jqka,post_close,2026-05-19 15:00:00,2026-05-19,1,1,,,ok,2026-05-19,73.17,73.21,73.21,71.68,30275.0,10.01,33.11,61.08,1.0,1.71,19.91,45.75,77.15,0.0,0.0,True,False,0.0,利仁科技:股票交易异常波动公告 | 利仁科技:2025年年度股东会决议公告 | 利仁科技:浙江天册律师事务所关于北京利仁科技股份有限公司2025年年度股东会的法律意见书,股票交易异常波动 | 分配方案决议公告 | 法律意见书 | 利仁科技:股票交易异常波动公告 | 利仁科技:2025年年度股东会决议公告 | 利仁科技:浙江天册律师事务所关于北京利仁科技股份有限公司2025年年度股东会的法律意见书,,,True,,,,震荡,49.88,0.42,-1.16,0,2026-05-19,common_index_cache,0.92,0.26,-0.16,-1.07,-1.61,-0.67,9.59,62.24,26.3,观察池,False,当日涨停附近；收在日内高位；温和放量；震荡市里保持相对强势；震荡市里承接未失控；v4多头排列技术加分；v4龙虎榜提示关注,短线涨幅过热；远离20日线过多；后段人气股在偏弱环境里更谨慎；v4乖离率过大；v4远离短中期均线；v4事件谨慎扣分（异常波动）；涨停封板不可买,涨停封板不可买，放观察池跟踪,v4
2026-05-19,600023,浙能电力,68,10378.0,10jqka,post_close,2026-05-19 15:00:00,2026-05-19,1,1,,,ok,2026-05-19,6.15,6.7,6.77,6.1,2706526.0,8.94,11.11,12.23,0.896,2.93,8.24,11.11,13.96,-1.03,0.104,False,False,0.0,,,,,False,,,,震荡,49.88,0.42,-1.16,0,2026-05-19,common_index_cache,0.92,0.26,-0.16,-1.07,-1.61,-0.67,8.52,13.39,33.3,不推送,False,当日强涨；收盘承接较强；近5日趋势升温；站上20日线且不过热；震荡市里保持相对强势；震荡市里承接未失控；v4多头排列技术加分,后段人气股在偏弱环境里更谨慎；v4乖离率过大；v4远离短中期均线；v4放量冲高过热,强势归纳版：这类形态历史胜率不占优，先留给更干净的强势样本。,v4
2026-05-19,002241,歌尔股份,69,10320.0,10jqka,post_close,2026-05-19 15:00:00,2026-05-13,2,1,91.0,22.0,ok,2026-05-19,25.56,25.72,25.83,25.2,1014055.0,-0.35,1.54,1.82,0.825,0.79,0.21,0.8,2.68,-5.44,0.175,False,False,0.0,,,,,False,,,,震荡,49.88,0.42,-1.16,0,2026-05-19,common_index_cache,0.92,0.26,-0.16,-1.07,-1.61,-0.67,-0.77,2.98,43.65,不推送,False,收盘承接较强；站上20日线且不过热；人气排名明显上升；震荡市里保持相对强势；v4多头排列技术加分；v4缩量回踩MA5；v4靠近MA10承接,当日转弱；后段人气股在偏弱环境里更谨慎,强势归纳版：这类形态历史胜率不占优，先留给更干净的强势样本。,v4
2026-05-19,002475,立讯精密,70,10313.0,10jqka,post_close,2026-05-19 15:00:00,2026-05-06,10,10,52.0,-18.0,ok,2026-05-19,72.05,72.4,72.71,70.04,1430820.0,-0.69,-3.98,-6.21,0.884,0.68,-3.43,-1.63,2.95,-11.47,0.116,False,False,0.0,,,,,False,,,,震荡,49.88,0.42,-1.16,0,2026-05-19,common_index_cache,0.92,0.26,-0.16,-1.07,-1.61,-0.67,-1.11,-5.05,0.0,不推送,False,收盘承接较强；站上20日线且不过热；持续霸榜,当日转弱；近5日趋势未确认；热度可能进入后段；震荡市里相对走弱；后段人气股在偏弱环境里更谨慎；v4跌破短均线；v4趋势未转强且热度偏后,强势归纳版：这类形态历史胜率不占优，先留给更干净的强势样本。,v4
2026-05-19,002594,比亚迪,71,10150.0,10jqka,post_close,2026-05-19 15:00:00,2026-05-06,4,2,93.0,22.0,ok,2026-05-19,94.51,96.0,96.08,93.8,296184.0,1.58,-2.77,-3.26,0.965,0.75,-0.86,-2.54,-4.31,-14.15,0.035,False,False,0.0,,,,,False,,,,震荡,49.88,0.42,-1.16,0,2026-05-19,common_index_cache,0.92,0.26,-0.16,-1.07,-1.61,-0.67,1.16,-2.1,27.3,不推送,False,收在日内高位；连续上榜确认；人气排名明显上升；震荡市里保持相对强势；震荡市里承接未失控,近5日趋势未确认；后段人气股在偏弱环境里更谨慎,强势归纳版：这类形态历史胜率不占优，先留给更干净的强势样本。,v4
2026-05-19,601899,紫金矿业,72,10123.0,10jqka,post_close,2026-05-19 15:00:00,2026-05-06,9,4,37.0,-35.0,ok,2026-05-19,31.3,31.16,31.39,30.64,1808601.0,-0.45,-7.04,-9.89,0.693,0.52,-4.11,-6.93,-8.11,-23.81,0.12,False,False,0.0,,,,,False,,,,震荡,49.88,0.42,-1.16,0,2026-05-19,common_index_cache,0.92,0.26,-0.16,-1.07,-1.61,-0.67,-0.87,-8.73,0.0,不推送,False,连续上榜确认,当日转弱；近5日趋势未确认；仍在20日线下方；人气排名明显回落；震荡市里相对走弱；后段人气股在偏弱环境里更谨慎；v4跌破短均线；v4趋势未转强且热度偏后,强势归纳版：这类形态历史胜率不占优，先留给更干净的强势样本。,v4
2026-05-19,603082,北自科技,73,10097.0,10jqka,post_close,2026-05-19 15:00:00,2026-05-18,2,2,79.0,6.0,ok,2026-05-19,51.18,51.18,51.18,51.17,51618.0,9.99,33.11,46.31,1.0,0.63,19.91,31.63,36.55,0.0,0.0,True,True,0.0,北自科技:股票交易风险提示公告,风险提示性公告 | 北自科技:股票交易风险提示公告,,,True,,,,震荡,49.88,0.42,-1.16,0,2026-05-19,common_index_cache,0.92,0.26,-0.16,-1.07,-1.61,-0.67,9.57,47.47,24.3,观察池,False,当日涨停附近；收在日内高位；连续上榜确认；震荡市里保持相对强势；震荡市里承接未失控；v4多头排列技术加分；v4龙虎榜提示关注,短线涨幅过热；偏离20日线较大；一字或近似一字，参与点差；后段人气股在偏弱环境里更谨慎；v4乖离率过大；v4远离短中期均线；v4事件谨慎扣分（风险提示）；一字板不可买,一字板不可买，放观察池跟踪,v4
2026-05-19,600481,双良节能,74,10072.0,10jqka,post_close,2026-05-19 15:00:00,2026-05-14,2,1,81.0,7.0,ok,2026-05-19,6.62,7.21,7.21,6.61,1813250.0,10.08,3.59,13.19,1.0,0.91,6.63,10.03,11.76,-32.68,0.0,True,False,0.0,,,,,True,,,,震荡,49.88,0.42,-1.16,0,2026-05-19,common_index_cache,0.92,0.26,-0.16,-1.07,-1.61,-0.67,9.66,14.35,73.3,观察池,False,当日涨停附近；收在日内高位；温和放量；近5日趋势升温；站上20日线且不过热；震荡市里保持相对强势；震荡市里承接未失控；v4多头排列技术加分；v4沿短均线抬升；v4龙虎榜提示关注,后段人气股在偏弱环境里更谨慎；v4乖离率过大；v4远离短中期均线；涨停封板不可买,涨停封板不可买，放观察池跟踪,v4
2026-05-19,603078,江化微,75,9983.0,10jqka,post_close,2026-05-19 15:00:00,2026-05-19,1,1,,,ok,2026-05-19,31.43,35.08,35.36,31.03,538317.0,8.61,27.56,24.31,0.935,1.34,14.6,21.03,32.25,-0.79,0.065,False,False,0.0,,,,,True,,,,震荡,49.88,0.42,-1.16,0,2026-05-19,common_index_cache,0.92,0.26,-0.16,-1.07,-1.61,-0.67,8.19,25.47,56.3,不推送,False,当日强涨；收在日内高位；温和放量；近5日趋势升温；震荡市里保持相对强势；震荡市里承接未失控；v4多头排列技术加分；v4龙虎榜活跃,偏离20日线较大；后段人气股在偏弱环境里更谨慎；v4乖离率过大；v4远离短中期均线,强势归纳版：这类形态历史胜率不占优，先留给更干净的强势样本。,v4
2026-05-19,600415,小商品城,76,9803.0,10jqka,post_close,2026-05-19 15:00:00,2026-05-14,2,1,7.0,-69.0,ok,2026-05-19,13.4,14.22,14.33,13.4,2063583.0,5.72,5.1,9.89,0.882,1.49,4.53,6.47,7.62,-7.96,0.118,False,False,0.0,,,,,False,,,,震荡,49.88,0.42,-1.16,0,2026-05-19,common_index_cache,0.92,0.26,-0.16,-1.07,-1.61,-0.67,5.3,11.05,68.3,不推送,False,当日上涨；收盘承接较强；温和放量；近5日趋势升温；站上20日线且不过热；震荡市里保持相对强势；震荡市里承接未失控；v4多头排列技术加分；v4放量突破但不过热；v4沿短均线抬升,人气排名明显回落；后段人气股在偏弱环境里更谨慎；v4短线偏离MA5过多,强势归纳版：这类形态历史胜率不占优，先留给更干净的强势样本。,v4
2026-05-19,002491,通鼎互联,77,9773.0,10jqka,post_close,2026-05-19 15:00:00,2026-05-07,7,2,47.0,-30.0,ok,2026-05-19,23.17,23.69,23.83,22.51,1478859.0,0.0,-3.89,-5.24,0.894,0.72,-2.57,4.91,21.56,-13.7,0.106,False,False,0.0,通鼎互联:2025年年度股东会法律意见书 | 通鼎互联:2025年年度股东会决议公告,法律意见书 | 分配方案决议公告 | 通鼎互联:2025年年度股东会法律意见书 | 通鼎互联:2025年年度股东会决议公告,,,False,,,,震荡,49.88,0.42,-1.16,0,2026-05-19,common_index_cache,0.92,0.26,-0.16,-1.07,-1.61,-0.67,-0.42,-4.08,9.75,不推送,False,收盘承接较强；站上20日线且不过热；连续上榜确认,近5日趋势未确认；人气排名明显回落；震荡市里相对走弱；后段人气股在偏弱环境里更谨慎,强势归纳版：这类形态历史胜率不占优，先留给更干净的强势样本。,v4
2026-05-19,000938,紫光股份,78,9687.0,10jqka,post_close,2026-05-19 15:00:00,2026-05-08,5,1,77.0,-1.0,ok,2026-05-19,31.63,32.49,32.58,30.51,2022812.0,2.07,1.09,5.87,0.957,0.9,0.73,1.02,3.81,-5.8,0.043,False,False,0.0,,,,,False,,,,震荡,49.88,0.42,-1.16,0,2026-05-19,common_index_cache,0.92,0.26,-0.16,-1.07,-1.61,-0.67,1.65,7.03,87.3,普通观察,True,收在日内高位；温和放量；近5日趋势升温；站上20日线且不过热；震荡市里保持相对强势；震荡市里承接未失控；v4多头排列技术加分；v4缩量回踩MA5；v4靠近MA10承接；v4沿短均线抬升,后段人气股在偏弱环境里更谨慎,强势归纳版：保留在候选池，优先跟踪早段强势和缩量承接，不主动接后段退潮样本。,v4
2026-05-19,300166,东方国信,79,9676.0,10jqka,post_close,2026-05-19 15:00:00,2026-05-06,2,1,47.0,-32.0,ok,2026-05-19,20.01,21.44,21.98,19.66,2426466.0,9.95,12.84,14.41,0.767,1.48,8.28,10.67,21.09,-2.46,0.233,True,False,0.0,,,,,False,,,,震荡,49.88,0.42,-1.16,0,2026-05-19,common_index_cache,0.92,0.26,-0.16,-1.07,-1.61,-0.67,9.53,15.57,57.3,观察池,False,当日涨停附近；收盘承接较强；温和放量；近5日趋势升温；站上20日线且不过热；震荡市里保持相对强势；震荡市里承接未失控；v4多头排列技术加分,人气排名明显回落；后段人气股在偏弱环境里更谨慎；v4乖离率过大；v4远离短中期均线；涨停封板不可买,涨停封板不可买，放观察池跟踪,v4
2026-05-19,300502,新易盛,80,9646.0,10jqka,post_close,2026-05-19 15:00:00,2026-05-06,8,1,80.0,0.0,ok,2026-05-19,599.51,572.5,599.91,560.31,339052.0,-4.57,-7.35,-3.38,0.308,0.86,-5.51,-1.69,-0.25,-12.42,0.01,False,False,0.0,,,,,False,,,,震荡,49.88,0.42,-1.16,0,2026-05-19,common_index_cache,0.92,0.26,-0.16,-1.07,-1.61,-0.67,-4.99,-2.22,0.0,不推送,False,温和放量,当日转弱；收盘承接偏弱；近5日趋势未确认；震荡市里相对走弱；后段人气股在偏弱环境里更谨慎；v4跌破短均线,强势归纳版：这类形态历史胜率不占优，先留给更干净的强势样本。,v4
2026-05-19,300394,天孚通信,81,9597.0,10jqka,post_close,2026-05-19 15:00:00,2026-05-13,5,5,83.0,2.0,ok,2026-05-19,376.08,363.0,377.0,347.13,546191.0,-5.7,-7.4,6.0,0.531,0.87,-5.38,1.88,4.16,-12.34,0.031,False,False,0.0,,,,,False,,,,震荡,49.88,0.42,-1.16,0,2026-05-19,common_index_cache,0.92,0.26,-0.16,-1.07,-1.61,-0.67,-6.12,7.16,25.65,不推送,False,温和放量；近5日趋势升温；站上20日线且不过热；持续霸榜；震荡市里保持相对强势,当日转弱；热度可能进入后段；后段人气股在偏弱环境里更谨慎；v4趋势未转强且热度偏后,强势归纳版：这类形态历史胜率不占优，先留给更干净的强势样本。,v4
2026-05-19,001365,天海电子,82,9560.0,10jqka,post_close,2026-05-19 15:00:00,2026-05-18,2,2,12.0,-70.0,ok,2026-05-19,63.0,65.66,71.98,61.05,274938.0,-2.18,,,0.422,0.65,-1.1,-1.1,-1.1,-20.78,0.578,False,False,0.0,,,,,False,,,,震荡,49.88,0.42,-1.16,0,2026-05-19,common_index_cache,0.92,0.26,-0.16,-1.07,-1.61,-0.67,-2.6,,0.0,不推送,False,连续上榜确认,当日转弱；收盘承接偏弱；人气排名明显回落；震荡市里相对走弱；后段人气股在偏弱环境里更谨慎；v4长上影承接转弱；v4跌破短均线,强势归纳版：这类形态历史胜率不占优，先留给更干净的强势样本。,v4
2026-05-19,600410,华胜天成,83,9515.0,10jqka,post_close,2026-05-19 15:00:00,2026-05-13,3,1,96.0,13.0,ok,2026-05-19,23.0,22.76,23.15,22.1,860214.0,-2.98,-1.13,1.97,0.629,0.66,-2.37,-1.56,-7.91,-33.66,0.143,False,False,0.0,华胜天成:关于涉及仲裁的进展公告,诉讼仲裁 | 华胜天成:关于涉及仲裁的进展公告,,,False,,,,震荡,49.88,0.42,-1.16,0,2026-05-19,common_index_cache,0.92,0.26,-0.16,-1.07,-1.61,-0.67,-3.4,3.13,0.0,不推送,False,人气排名明显上升；震荡市里保持相对强势,当日转弱；仍在20日线下方；后段人气股在偏弱环境里更谨慎；v4跌破短均线,强势归纳版：这类形态历史胜率不占优，先留给更干净的强势样本。,v4
2026-05-19,601778,晶科科技,84,9488.0,10jqka,post_close,2026-05-19 15:00:00,2026-05-06,10,10,53.0,-31.0,ok,2026-05-19,6.58,6.67,6.71,6.31,3389754.0,1.06,-11.3,-6.06,0.9,0.53,-4.41,-6.39,-4.33,-15.36,0.1,False,False,0.0,,,,,False,,,,震荡,49.88,0.42,-1.16,0,2026-05-19,common_index_cache,0.92,0.26,-0.16,-1.07,-1.61,-0.67,0.64,-4.9,1.4,不推送,False,收在日内高位；持续霸榜；震荡市里承接未失控,近5日趋势未确认；热度可能进入后段；人气排名明显回落；震荡市里相对走弱；后段人气股在偏弱环境里更谨慎；v4趋势未转强且热度偏后,强势归纳版：这类形态历史胜率不占优，先留给更干净的强势样本。,v4
2026-05-19,000711,ST京蓝,85,9441.0,10jqka,post_close,2026-05-19 15:00:00,2026-05-19,1,1,,,ok,2026-05-19,6.2,6.09,6.53,5.95,1854507.0,-2.09,-2.25,-2.56,0.241,2.03,-1.84,2.37,18.02,-11.61,0.569,False,False,0.0,,,-10.79,-10.79,False,,,,震荡,49.88,0.42,-1.16,0,2026-05-19,common_index_cache,0.92,0.26,-0.16,-1.07,-1.61,-0.67,-2.51,-1.4,0.0,不推送,False,放量仍可控；站上20日线且不过热,当日转弱；收盘承接偏弱；近5日趋势未确认；震荡市里相对走弱；后段人气股在偏弱环境里更谨慎；v4长上影承接转弱；v4主力资金强净流出,强势归纳版：这类形态历史胜率不占优，先留给更干净的强势样本。,v4
2026-05-19,601016,节能风电,86,9426.0,10jqka,post_close,2026-05-19 15:00:00,2026-05-06,10,10,72.0,-14.0,ok,2026-05-19,4.93,5.13,5.15,4.82,4834986.0,2.81,0.59,0.2,0.939,0.65,-0.89,1.18,8.85,-12.9,0.061,False,False,0.0,,,,,False,,,,震荡,49.88,0.42,-1.16,0,2026-05-19,common_index_cache,0.92,0.26,-0.16,-1.07,-1.61,-0.67,2.39,1.36,27.3,不推送,False,收在日内高位；站上20日线且不过热；持续霸榜；震荡市里保持相对强势；震荡市里承接未失控,热度可能进入后段；后段人气股在偏弱环境里更谨慎；v4趋势未转强且热度偏后,强势归纳版：这类形态历史胜率不占优，先留给更干净的强势样本。,v4
2026-05-19,000767,晋控电力,87,9394.0,10jqka,post_close,2026-05-19 15:00:00,2026-05-13,5,5,56.0,-31.0,ok,2026-05-19,5.0,5.09,5.3,4.84,3943889.0,0.0,8.3,9.46,0.543,0.98,2.21,9.94,18.48,-9.43,0.457,False,False,0.0,,,-6.99,-6.99,False,,,,震荡,49.88,0.42,-1.16,0,2026-05-19,common_index_cache,0.92,0.26,-0.16,-1.07,-1.61,-0.67,-0.42,10.62,25.65,不推送,False,温和放量；近5日趋势升温；站上20日线且不过热；持续霸榜；震荡市里保持相对强势；v4多头排列技术加分,热度可能进入后段；人气排名明显回落；后段人气股在偏弱环境里更谨慎；v4远离短中期均线；v4长上影承接转弱；v4主力资金强净流出,强势归纳版：这类形态历史胜率不占优，先留给更干净的强势样本。,v4
2026-05-19,002129,TCL中环,88,9314.0,10jqka,post_close,2026-05-19 15:00:00,2026-05-19,1,1,,,ok,2026-05-19,9.38,9.81,10.07,9.24,2291402.0,4.81,-2.78,1.98,0.687,0.8,-0.47,3.61,8.27,-16.51,0.313,False,False,0.0,,,,,False,,,,震荡,49.88,0.42,-1.16,0,2026-05-19,common_index_cache,0.92,0.26,-0.16,-1.07,-1.61,-0.67,4.39,3.14,31.65,不推送,False,当日上涨；温和放量；站上20日线且不过热；震荡市里保持相对强势,后段人气股在偏弱环境里更谨慎,强势归纳版：这类形态历史胜率不占优，先留给更干净的强势样本。,v4
2026-05-19,300608,思特奇,89,9261.0,10jqka,post_close,2026-05-19 15:00:00,2026-05-19,1,1,,,ok,2026-05-19,15.29,18.46,18.46,15.29,577614.0,20.03,20.97,37.56,1.0,1.3,18.9,26.92,33.72,0.0,0.0,True,False,0.0,思特奇:关于提前赎回思特转债的第八次提示性公告,其他 | 思特奇:关于提前赎回思特转债的第八次提示性公告,,,False,,,,震荡,49.88,0.42,-1.16,0,2026-05-19,common_index_cache,0.92,0.26,-0.16,-1.07,-1.61,-0.67,19.61,38.72,50.3,观察池,False,当日涨停附近；收在日内高位；温和放量；近5日强势延续；震荡市里保持相对强势；震荡市里承接未失控；v4多头排列技术加分,短线涨幅偏高；偏离20日线较大；后段人气股在偏弱环境里更谨慎；v4乖离率过大；v4远离短中期均线；涨停封板不可买,涨停封板不可买，放观察池跟踪,v4
2026-05-19,301139,*ST元道,90,9195.0,10jqka,post_close,2026-05-19 15:00:00,2026-05-19,1,1,,,ok,2026-05-19,4.84,4.84,4.84,4.84,18158.0,-20.0,-48.78,-67.21,1.0,5.6,-39.06,-62.28,-68.31,-75.34,,False,False,0.0,,,,,True,,,,震荡,49.88,0.42,-1.16,0,2026-05-19,common_index_cache,0.92,0.26,-0.16,-1.07,-1.61,-0.67,-20.42,-66.05,0.0,不推送,False,收在日内高位；v4龙虎榜活跃,当日转弱；放量过猛；近5日趋势未确认；仍在20日线下方；震荡市里相对走弱；后段人气股在偏弱环境里更谨慎；v4跌破短均线,强势归纳版：这类形态历史胜率不占优，先留给更干净的强势样本。,v4
2026-05-19,601868,中国能建,91,9109.0,10jqka,post_close,2026-05-19 15:00:00,2026-05-07,9,9,87.0,-4.0,ok,2026-05-19,3.15,3.19,3.19,3.07,6716099.0,1.27,-0.93,-3.92,1.0,0.47,-2.33,-0.56,4.42,-19.04,0.0,False,False,0.0,,,,,False,,,,震荡,49.88,0.42,-1.16,0,2026-05-19,common_index_cache,0.92,0.26,-0.16,-1.07,-1.61,-0.67,0.85,-2.76,5.4,不推送,False,收在日内高位；站上20日线且不过热；持续霸榜；震荡市里承接未失控,量能不足；近5日趋势未确认；热度可能进入后段；震荡市里相对走弱；后段人气股在偏弱环境里更谨慎；v4趋势未转强且热度偏后,强势归纳版：这类形态历史胜率不占优，先留给更干净的强势样本。,v4
2026-05-19,300274,阳光电源,92,9105.0,10jqka,post_close,2026-05-19 15:00:00,2026-05-14,3,2,95.0,3.0,ok,2026-05-19,154.0,157.38,161.32,153.72,1010387.0,3.37,16.55,12.53,0.482,1.1,6.3,9.2,13.2,-13.19,0.518,False,False,0.0,,,,,False,,,,震荡,49.88,0.42,-1.16,0,2026-05-19,common_index_cache,0.92,0.26,-0.16,-1.07,-1.61,-0.67,2.95,13.69,23.65,不推送,False,当日上涨；温和放量；近5日趋势升温；站上20日线且不过热；连续上榜确认；震荡市里保持相对强势；v4多头排列技术加分,上影线偏长；后段人气股在偏弱环境里更谨慎；v4乖离率过大；v4远离短中期均线；v4长上影承接转弱；v4正涨但收盘承接一般,强势归纳版：这类形态历史胜率不占优，先留给更干净的强势样本。,v4
2026-05-19,002202,金风科技,93,8915.0,10jqka,post_close,2026-05-19 15:00:00,2026-05-06,10,10,66.0,-27.0,ok,2026-05-19,25.56,25.42,25.73,25.13,1042342.0,-1.43,-2.34,-6.78,0.483,0.57,-2.33,-6.01,-4.31,-23.66,0.283,False,False,0.0,,,,,False,,,,震荡,49.88,0.42,-1.16,0,2026-05-19,common_index_cache,0.92,0.26,-0.16,-1.07,-1.61,-0.67,-1.85,-5.62,0.0,不推送,False,持续霸榜,当日转弱；近5日趋势未确认；热度可能进入后段；人气排名明显回落；震荡市里相对走弱；后段人气股在偏弱环境里更谨慎；v4跌破短均线；v4趋势未转强且热度偏后,强势归纳版：这类形态历史胜率不占优，先留给更干净的强势样本。,v4
2026-05-19,301308,江波龙,94,8861.0,10jqka,post_close,2026-05-19 15:00:00,2026-05-06,7,2,99.0,5.0,ok,2026-05-19,569.94,562.43,572.0,541.7,206100.0,-5.03,-6.11,0.14,0.684,0.86,-4.87,1.91,20.36,-11.91,0.068,False,False,0.0,,,,,False,,,,震荡,49.88,0.42,-1.16,0,2026-05-19,common_index_cache,0.92,0.26,-0.16,-1.07,-1.61,-0.67,-5.45,1.3,11.75,不推送,False,温和放量；站上20日线且不过热；连续上榜确认,当日转弱；震荡市里相对走弱；后段人气股在偏弱环境里更谨慎,强势归纳版：这类形态历史胜率不占优，先留给更干净的强势样本。,v4
2026-05-19,300442,润泽科技,95,8834.0,10jqka,post_close,2026-05-19 15:00:00,2026-05-13,4,3,67.0,-28.0,ok,2026-05-19,100.9,98.33,100.98,95.7,662231.0,-1.07,-1.34,7.61,0.498,0.67,-1.96,0.08,3.38,-11.4,0.015,False,False,0.0,,,,,False,,,,震荡,49.88,0.42,-1.16,0,2026-05-19,common_index_cache,0.92,0.26,-0.16,-1.07,-1.61,-0.67,-1.49,8.77,11.65,不推送,False,近5日趋势升温；站上20日线且不过热；连续上榜确认；震荡市里保持相对强势,当日转弱；人气排名明显回落；后段人气股在偏弱环境里更谨慎；v4趋势未转强且热度偏后,强势归纳版：这类形态历史胜率不占优，先留给更干净的强势样本。,v4
2026-05-19,600758,辽宁能源,96,8750.0,10jqka,post_close,2026-05-19 15:00:00,2026-05-19,1,1,,,ok,2026-05-19,4.84,5.17,5.17,4.8,1977861.0,10.0,11.18,26.72,1.0,1.36,11.04,18.77,23.77,-17.81,0.0,True,False,0.0,,,,,True,,,,震荡,49.88,0.42,-1.16,0,2026-05-19,common_index_cache,0.92,0.26,-0.16,-1.07,-1.61,-0.67,9.58,27.88,62.3,观察池,False,当日涨停附近；收在日内高位；温和放量；近5日强势延续；站上20日线且不过热；震荡市里保持相对强势；震荡市里承接未失控；v4多头排列技术加分；v4龙虎榜提示关注,短线涨幅偏高；后段人气股在偏弱环境里更谨慎；v4乖离率过大；v4远离短中期均线；涨停封板不可买,涨停封板不可买，放观察池跟踪,v4
2026-05-19,300634,彩讯股份,97,8727.0,10jqka,post_close,2026-05-19 15:00:00,2026-05-19,1,1,,,ok,2026-05-19,24.0,29.15,29.15,24.0,613232.0,20.01,25.0,20.95,1.0,4.63,16.63,18.14,14.48,-8.25,0.0,True,False,0.0,,,,,True,,,,震荡,49.88,0.42,-1.16,0,2026-05-19,common_index_cache,0.92,0.26,-0.16,-1.07,-1.61,-0.67,19.59,22.11,23.3,观察池,False,当日涨停附近；收在日内高位；近5日趋势升温；站上20日线且不过热；震荡市里保持相对强势；震荡市里承接未失控；v4龙虎榜提示关注,放量过猛；后段人气股在偏弱环境里更谨慎；v4乖离率过大；v4远离短中期均线；v4放量冲高过热；涨停封板不可买,涨停封板不可买，放观察池跟踪,v4
2026-05-19,600276,恒瑞医药,98,8678.0,10jqka,post_close,2026-05-19 15:00:00,2026-05-12,4,2,91.0,-7.0,ok,2026-05-19,52.3,51.59,52.91,51.33,699095.0,-1.6,-5.03,-8.06,0.165,0.56,-3.82,-4.1,-5.63,-13.94,0.386,False,False,0.0,,,,,False,,,,震荡,49.88,0.42,-1.16,0,2026-05-19,common_index_cache,0.92,0.26,-0.16,-1.07,-1.61,-0.67,-2.02,-6.9,0.0,不推送,False,连续上榜确认,当日转弱；收盘承接偏弱；近5日趋势未确认；仍在20日线下方；震荡市里相对走弱；后段人气股在偏弱环境里更谨慎；v4长上影承接转弱；v4跌破短均线,强势归纳版：这类形态历史胜率不占优，先留给更干净的强势样本。,v4
2026-05-19,600699,均胜电子,99,8670.0,10jqka,post_close,2026-05-19 15:00:00,2026-05-15,2,1,74.0,-25.0,ok,2026-05-19,30.74,30.17,31.85,30.15,891363.0,-2.46,3.39,6.46,0.012,1.14,0.13,1.67,4.15,-5.27,0.653,False,False,0.0,,,,,False,,,,震荡,49.88,0.42,-1.16,0,2026-05-19,common_index_cache,0.92,0.26,-0.16,-1.07,-1.61,-0.67,-2.88,7.62,19.65,不推送,False,温和放量；近5日趋势升温；站上20日线且不过热；震荡市里保持相对强势；v4多头排列技术加分；v4沿短均线抬升,当日转弱；收盘承接偏弱；人气排名明显回落；后段人气股在偏弱环境里更谨慎；v4长上影承接转弱,强势归纳版：这类形态历史胜率不占优，先留给更干净的强势样本。,v4
2026-05-19,600158,中体产业,100,8663.0,10jqka,post_close,2026-05-19 15:00:00,2026-05-07,3,2,59.0,-41.0,ok,2026-05-19,12.12,11.92,12.49,11.81,1641515.0,-9.15,-14.37,-15.28,0.162,1.54,-11.4,-10.98,-1.78,-19.95,0.544,False,False,0.0,,,,,False,,,,震荡,49.88,0.42,-1.16,0,2026-05-19,common_index_cache,0.92,0.26,-0.16,-1.07,-1.61,-0.67,-9.57,-14.12,0.0,不推送,False,温和放量；连续上榜确认,当日转弱；收盘承接偏弱；近5日趋势未确认；人气排名明显回落；震荡市里相对走弱；后段人气股在偏弱环境里更谨慎；v4长上影承接转弱；v4跌破短均线,强势归纳版：这类形态历史胜率不占优，先留给更干净的强势样本。,v4
